{
  "vulnerabilities": [],
  "ok": true,
  "dependencyCount": 3,
  "org": "intman32",
  "policy": "# Snyk (https://snyk.io) policy file, patches or ignores known vulnerabilities.\nversion: v1.25.1\nignore: {}\npatch: {}\n",
  "isPrivate": true,
  "licensesPolicy": {
    "severities": {},
    "orgLicenseRules": {
      "AGPL-1.0": {
        "licenseType": "AGPL-1.0",
        "severity": "high",
        "instructions": ""
      },
      "AGPL-3.0": {
        "licenseType": "AGPL-3.0",
        "severity": "high",
        "instructions": ""
      },
      "Artistic-1.0": {
        "licenseType": "Artistic-1.0",
        "severity": "medium",
        "instructions": ""
      },
      "Artistic-2.0": {
        "licenseType": "Artistic-2.0",
        "severity": "medium",
        "instructions": ""
      },
      "CDDL-1.0": {
        "licenseType": "CDDL-1.0",
        "severity": "medium",
        "instructions": ""
      },
      "CPOL-1.02": {
        "licenseType": "CPOL-1.02",
        "severity": "high",
        "instructions": ""
      },
      "EPL-1.0": {
        "licenseType": "EPL-1.0",
        "severity": "medium",
        "instructions": ""
      },
      "GPL-2.0": {
        "licenseType": "GPL-2.0",
        "severity": "high",
        "instructions": ""
      },
      "GPL-3.0": {
        "licenseType": "GPL-3.0",
        "severity": "high",
        "instructions": ""
      },
      "LGPL-2.0": {
        "licenseType": "LGPL-2.0",
        "severity": "medium",
        "instructions": ""
      },
      "LGPL-2.1": {
        "licenseType": "LGPL-2.1",
        "severity": "medium",
        "instructions": ""
      },
      "LGPL-3.0": {
        "licenseType": "LGPL-3.0",
        "severity": "medium",
        "instructions": ""
      },
      "MPL-1.1": {
        "licenseType": "MPL-1.1",
        "severity": "medium",
        "instructions": ""
      },
      "MPL-2.0": {
        "licenseType": "MPL-2.0",
        "severity": "medium",
        "instructions": ""
      },
      "MS-RL": {
        "licenseType": "MS-RL",
        "severity": "medium",
        "instructions": ""
      },
      "SimPL-2.0": {
        "licenseType": "SimPL-2.0",
        "severity": "high",
        "instructions": ""
      }
    }
  },
  "packageManager": "deb",
  "ignoreSettings": {
    "adminOnly": false,
    "reasonRequired": false,
    "disregardFilesystemIgnores": false
  },
  "docker": {},
  "summary": "No known operating system vulnerabilities",
  "filesystemPolicy": false,
  "uniqueCount": 0,
  "projectName": "docker-image|bitnami/sealed-secrets-controller",
  "platform": "linux/amd64",
  "hasUnknownVersions": false,
  "path": "bitnami/sealed-secrets-controller:v0.19.3/sealed-secrets-controller",
  "applications": [
    {
      "vulnerabilities": [
        {
          "id": "SNYK-GOLANG-GOLANGORGXCRYPTOSSH-6130669",
          "title": "Authentication Bypass by Capture-replay",
          "CVSSv3": "CVSS:3.1/AV:N/AC:H/PR:N/UI:N/S:U/C:N/I:H/A:N/E:P",
          "credit": [
            "Fabian Bäumer",
            "Marcus Brinkmann",
            "Jörg Schwenk"
          ],
          "semver": {
            "vulnerable": [
              "<0.17.0"
            ],
            "hashesRange": [
              "<v0.17.0"
            ],
            "vulnerableHashes": []
          },
          "exploit": "Proof of Concept",
          "fixedIn": [
            "0.17.0"
          ],
          "patches": [],
          "insights": {
            "triageAdvice": null
          },
          "language": "golang",
          "severity": "medium",
          "cvssScore": 5.9,
          "functions": [],
          "malicious": false,
          "isDisputed": false,
          "moduleName": "golang.org/x/crypto/ssh",
          "references": [
            {
              "url": "https://terrapin-attack.com/",
              "title": "Attack Information"
            },
            {
              "url": "https://github.com/golang/crypto/commit/9d2ee975ef9fe627bf0a6f01c1f69e8ef1d4f05d",
              "title": "GitHub Commit"
            },
            {
              "url": "https://github.com/libssh2/libssh2/pull/1291/commits/ab44b0906d7f8a296e995ccd661b0e98d01a3742",
              "title": "GitHub Commit"
            },
            {
              "url": "https://github.com/mkj/dropbear/commit/6e43be5c7b99dbee49dc72b6f989f29fdd7e9356",
              "title": "GitHub Commit"
            },
            {
              "url": "https://github.com/mwiede/jsch/commit/6214da974286a8b94a95f4cf6cec96e972ffd370",
              "title": "GitHub Commit"
            },
            {
              "url": "https://github.com/openssh/openssh-portable/commit/1edb00c58f8a6875fad6a497aa2bacf37f9e6cd5",
              "title": "GitHub Commit"
            },
            {
              "url": "https://github.com/ronf/asyncssh/commit/0bc73254f41acb140187e0c89606311f88de5b7b",
              "title": "GitHub Commit"
            },
            {
              "url": "https://github.com/ronf/asyncssh/commit/69f5a41b458b29367a65fe469c2b0255b5db210a",
              "title": "GitHub Commit"
            },
            {
              "url": "https://github.com/TeraTermProject/teraterm/commit/7279fbd6ef4d0c8bdd6a90af4ada2899d786eec0",
              "title": "GitHub Commit"
            },
            {
              "url": "https://github.com/warp-tech/russh/commit/a355c62d11352cf93c3f9fda7499e03753a938ae",
              "title": "GitHub Commit"
            },
            {
              "url": "https://github.com/paramiko/paramiko/issues/2337",
              "title": "GitHub Issue"
            },
            {
              "url": "https://go.dev/issue/64784",
              "title": "GitHub Issue"
            },
            {
              "url": "https://go.dev/cl/550715",
              "title": "Go Forum"
            },
            {
              "url": "https://groups.google.com/g/golang-announce/c/qA3XtxvMUyg",
              "title": "Google Groups Forum"
            },
            {
              "url": "https://www.openssh.com/txt/release-9.6",
              "title": "Security Release"
            }
          ],
          "cvssDetails": [
            {
              "assigner": "NVD",
              "severity": "medium",
              "cvssV3Vector": "CVSS:3.1/AV:N/AC:H/PR:N/UI:N/S:U/C:N/I:H/A:N",
              "cvssV3BaseScore": 5.9,
              "modificationTime": "2023-12-29T01:11:20.311137Z"
            },
            {
              "assigner": "Red Hat",
              "severity": "medium",
              "cvssV3Vector": "CVSS:3.1/AV:N/AC:H/PR:N/UI:N/S:U/C:N/I:H/A:N",
              "cvssV3BaseScore": 5.9,
              "modificationTime": "2023-12-19T13:31:34.026923Z"
            },
            {
              "assigner": "SUSE",
              "severity": "medium",
              "cvssV3Vector": "CVSS:3.1/AV:N/AC:H/PR:N/UI:N/S:U/C:N/I:H/A:N",
              "cvssV3BaseScore": 5.9,
              "modificationTime": "2023-12-21T11:03:36.162102Z"
            }
          ],
          "description": "## Overview\n[golang.org/x/crypto/ssh](https://pkg.go.dev/golang.org/x/crypto/ssh?tab=doc) is a SSH client and server\n\nAffected versions of this package are vulnerable to Authentication Bypass by Capture-replay during the establishment of the secure channel. An attacker can manipulate handshake sequence numbers to delete messages sent immediately after the channel is established.\r\n\r\n**Note:**\r\n\r\n1) Sequence numbers are only validated once the channel is established and arbitrary messages are allowed during the handshake, allowing them to manipulate the sequence numbers.\r\n\r\n2) The potential consequences of the general Terrapin attack are dependent on the messages exchanged after the handshake concludes. If you are using a custom SSH service and do not resort to the authentication protocol, you should check that dropping the first few messages of a connection does not yield security risks.\r\n\r\n**Impact:** \r\n\r\nWhile cryptographically novel, there is no discernable impact on the integrity of SSH traffic beyond giving the attacker the ability to delete the message that enables some features related to keystroke timing obfuscation. To successfully carry out the exploitation, the connection needs to be protected using either the `ChaCha20-Poly1305` or `CBC` with `Encrypt-then-MAC` encryption methods. The attacker must also be able to intercept and modify the connection's traffic. \r\n\r\n## Workaround\r\n\r\nTemporarily disable the affected `chacha20-poly1305@openssh.com` encryption and `*-etm@openssh.com` MAC algorithms in the affected configuration, and use unaffected algorithms like `AES-GCM` instead.\n## Remediation\nUpgrade `golang.org/x/crypto/ssh` to version 0.17.0 or higher.\n## References\n- [Attack Information](https://terrapin-attack.com/)\n- [GitHub Commit](https://github.com/golang/crypto/commit/9d2ee975ef9fe627bf0a6f01c1f69e8ef1d4f05d)\n- [GitHub Commit](https://github.com/libssh2/libssh2/pull/1291/commits/ab44b0906d7f8a296e995ccd661b0e98d01a3742)\n- [GitHub Commit](https://github.com/mkj/dropbear/commit/6e43be5c7b99dbee49dc72b6f989f29fdd7e9356)\n- [GitHub Commit](https://github.com/mwiede/jsch/commit/6214da974286a8b94a95f4cf6cec96e972ffd370)\n- [GitHub Commit](https://github.com/openssh/openssh-portable/commit/1edb00c58f8a6875fad6a497aa2bacf37f9e6cd5)\n- [GitHub Commit](https://github.com/ronf/asyncssh/commit/0bc73254f41acb140187e0c89606311f88de5b7b)\n- [GitHub Commit](https://github.com/ronf/asyncssh/commit/69f5a41b458b29367a65fe469c2b0255b5db210a)\n- [GitHub Commit](https://github.com/TeraTermProject/teraterm/commit/7279fbd6ef4d0c8bdd6a90af4ada2899d786eec0)\n- [GitHub Commit](https://github.com/warp-tech/russh/commit/a355c62d11352cf93c3f9fda7499e03753a938ae)\n- [GitHub Issue](https://github.com/paramiko/paramiko/issues/2337)\n- [GitHub Issue](https://go.dev/issue/64784)\n- [Go Forum](https://go.dev/cl/550715)\n- [Google Groups Forum](https://groups.google.com/g/golang-announce/c/qA3XtxvMUyg)\n- [Security Release](https://www.openssh.com/txt/release-9.6)\n",
          "epssDetails": {
            "percentile": "0.97875",
            "probability": "0.69435",
            "modelVersion": "v2023.03.01"
          },
          "identifiers": {
            "GO": [
              "GO-2023-2402"
            ],
            "CVE": [
              "CVE-2023-48795"
            ],
            "CWE": [
              "CWE-294"
            ]
          },
          "packageName": "golang.org/x/crypto/ssh",
          "proprietary": false,
          "creationTime": "2023-12-19T07:43:18.835757Z",
          "functions_new": [],
          "alternativeIds": [],
          "disclosureTime": "2023-12-18T21:18:26Z",
          "packageManager": "golang",
          "publicationTime": "2023-12-19T08:34:48.266287Z",
          "modificationTime": "2024-01-01T09:00:03.647231Z",
          "socialTrendAlert": false,
          "severityWithCritical": "medium",
          "from": [
            "github.com/bitnami-labs/sealed-secrets@*",
            "golang.org/x/crypto/ssh@v0.4.0"
          ],
          "upgradePath": [],
          "isUpgradable": false,
          "isPatchable": false,
          "name": "golang.org/x/crypto/ssh",
          "version": "v0.4.0"
        },
        {
          "id": "SNYK-GOLANG-GOLANGORGXNETHTTP2-3160322",
          "title": "Denial of Service (DoS)",
          "CVSSv3": "CVSS:3.1/AV:N/AC:L/PR:N/UI:N/S:U/C:N/I:N/A:L",
          "credit": [
            "Josselin Costanzi"
          ],
          "semver": {
            "vulnerable": [
              "<0.4.0"
            ],
            "hashesRange": [
              "<v0.4.0"
            ],
            "vulnerableHashes": []
          },
          "exploit": "Not Defined",
          "fixedIn": [
            "0.4.0"
          ],
          "patches": [],
          "insights": {
            "triageAdvice": null
          },
          "language": "golang",
          "severity": "medium",
          "cvssScore": 5.3,
          "functions": [],
          "malicious": false,
          "isDisputed": false,
          "moduleName": "golang.org/x/net/http2",
          "references": [
            {
              "url": "https://cs.opensource.google/go/x/net/%2B/1e63c2f08a10a150fa02c50ece89b340ae64efe4",
              "title": "Fix Commit"
            },
            {
              "url": "https://go-review.googlesource.com/c/net/%2B/455635",
              "title": "Fix Commit"
            },
            {
              "url": "https://github.com/golang/net/commit/1e63c2f08a10a150fa02c50ece89b340ae64efe4",
              "title": "GitHub Commit"
            },
            {
              "url": "https://github.com/golang/go/issues/56350",
              "title": "GitHub Issue"
            }
          ],
          "cvssDetails": [
            {
              "assigner": "SUSE",
              "severity": "high",
              "cvssV3Vector": "CVSS:3.1/AV:N/AC:L/PR:N/UI:N/S:U/C:N/I:N/A:H",
              "cvssV3BaseScore": 7.5,
              "modificationTime": "2023-02-01T23:10:07.463579Z"
            },
            {
              "assigner": "NVD",
              "severity": "medium",
              "cvssV3Vector": "CVSS:3.1/AV:N/AC:L/PR:N/UI:N/S:U/C:N/I:N/A:L",
              "cvssV3BaseScore": 5.3,
              "modificationTime": "2022-12-13T01:11:38.510555Z"
            },
            {
              "assigner": "Red Hat",
              "severity": "medium",
              "cvssV3Vector": "CVSS:3.1/AV:N/AC:L/PR:N/UI:N/S:U/C:N/I:N/A:L",
              "cvssV3BaseScore": 5.3,
              "modificationTime": "2023-11-08T09:43:53.185116Z"
            }
          ],
          "description": "## Overview\n[golang.org/x/net/http2](https://pkg.go.dev/golang.org/x/net/http2) is a work-in-progress HTTP/2 implementation for Go.\n\nAffected versions of this package are vulnerable to Denial of Service (DoS) due to improper checks and limitations for the number of entries in the cache, which can allow an attacker to consume unbounded amounts of memory by sending a small number of very large keys.\n\n## Details\n\nDenial of Service (DoS) describes a family of attacks, all aimed at making a system inaccessible to its intended and legitimate users.\n\nUnlike other vulnerabilities, DoS attacks usually do not aim at breaching security. Rather, they are focused on making websites and services unavailable to genuine users resulting in downtime.\n\nOne popular Denial of Service vulnerability is DDoS (a Distributed Denial of Service), an attack that attempts to clog network pipes to the system by generating a large volume of traffic from many machines.\n\nWhen it comes to open source libraries, DoS vulnerabilities allow attackers to trigger such a crash or crippling of the service by using a flaw either in the application code or from the use of open source libraries.\n\nTwo common types of DoS vulnerabilities:\n\n* High CPU/Memory Consumption- An attacker sending crafted requests that could cause the system to take a disproportionate amount of time to process. For example, [commons-fileupload:commons-fileupload](SNYK-JAVA-COMMONSFILEUPLOAD-30082).\n\n* Crash - An attacker sending crafted requests that could cause the system to crash. For Example,  [npm `ws` package](https://snyk.io/vuln/npm:ws:20171108)\n\n## Remediation\nUpgrade `golang.org/x/net/http2` to version 0.4.0 or higher.\n## References\n- [Fix Commit](https://cs.opensource.google/go/x/net/+/1e63c2f08a10a150fa02c50ece89b340ae64efe4)\n- [Fix Commit](https://go-review.googlesource.com/c/net/+/455635)\n- [GitHub Commit](https://github.com/golang/net/commit/1e63c2f08a10a150fa02c50ece89b340ae64efe4)\n- [GitHub Issue](https://github.com/golang/go/issues/56350)\n",
          "epssDetails": {
            "percentile": "0.56505",
            "probability": "0.00199",
            "modelVersion": "v2023.03.01"
          },
          "identifiers": {
            "CVE": [
              "CVE-2022-41717"
            ],
            "CWE": [
              "CWE-400"
            ]
          },
          "packageName": "golang.org/x/net/http2",
          "proprietary": false,
          "creationTime": "2022-12-07T13:09:03.159140Z",
          "functions_new": [],
          "alternativeIds": [],
          "disclosureTime": "2022-12-07T13:07:58Z",
          "packageManager": "golang",
          "publicationTime": "2022-12-07T15:33:38.627930Z",
          "modificationTime": "2023-11-08T09:43:53.185116Z",
          "socialTrendAlert": false,
          "severityWithCritical": "medium",
          "from": [
            "github.com/bitnami-labs/sealed-secrets@*",
            "golang.org/x/net/http2@v0.3.1-0.20221206200815-1e63c2f08a10"
          ],
          "upgradePath": [],
          "isUpgradable": false,
          "isPatchable": false,
          "name": "golang.org/x/net/http2",
          "version": "v0.3.1-0.20221206200815-1e63c2f08a10"
        },
        {
          "id": "SNYK-GOLANG-GOLANGORGXNETHTTP2-3323837",
          "title": "Denial of Service (DoS)",
          "CVSSv3": "CVSS:3.1/AV:N/AC:L/PR:N/UI:N/S:U/C:N/I:N/A:H",
          "credit": [
            "Philippe Antoine"
          ],
          "semver": {
            "vulnerable": [
              "<0.7.0"
            ],
            "hashesRange": [
              "<8e2b117aee74f6b86c207a808b0255de45c0a18a"
            ],
            "vulnerableHashes": []
          },
          "exploit": "Not Defined",
          "fixedIn": [
            "0.7.0"
          ],
          "patches": [],
          "insights": {
            "triageAdvice": null
          },
          "language": "golang",
          "severity": "high",
          "cvssScore": 7.5,
          "functions": [],
          "malicious": false,
          "isDisputed": false,
          "moduleName": "golang.org/x/net/http2",
          "references": [
            {
              "url": "https://github.com/golang/go/commit/97fe3a23b68dd2df748f2369827aeab2420e0930",
              "title": "GitHub Commit"
            },
            {
              "url": "https://github.com/golang/net/commit/8e2b117aee74f6b86c207a808b0255de45c0a18a",
              "title": "GitHub Commit"
            },
            {
              "url": "https://github.com/golang/go/issues/57855",
              "title": "GitHub Issue"
            },
            {
              "url": "https://groups.google.com/g/golang-announce/c/V0aBFqaFs_E",
              "title": "Google Groups Forum"
            }
          ],
          "cvssDetails": [
            {
              "assigner": "NVD",
              "severity": "high",
              "cvssV3Vector": "CVSS:3.1/AV:N/AC:L/PR:N/UI:N/S:U/C:N/I:N/A:H",
              "cvssV3BaseScore": 7.5,
              "modificationTime": "2023-03-10T01:10:08.048176Z"
            },
            {
              "assigner": "SUSE",
              "severity": "high",
              "cvssV3Vector": "CVSS:3.1/AV:N/AC:L/PR:N/UI:N/S:U/C:N/I:N/A:H",
              "cvssV3BaseScore": 7.5,
              "modificationTime": "2023-03-15T11:02:13.996850Z"
            },
            {
              "assigner": "Red Hat",
              "severity": "high",
              "cvssV3Vector": "CVSS:3.1/AV:N/AC:L/PR:N/UI:N/S:U/C:N/I:N/A:H",
              "cvssV3BaseScore": 7.5,
              "modificationTime": "2023-11-08T09:43:51.991509Z"
            }
          ],
          "description": "## Overview\n[golang.org/x/net/http2](https://pkg.go.dev/golang.org/x/net/http2) is a work-in-progress HTTP/2 implementation for Go.\n\nAffected versions of this package are vulnerable to Denial of Service (DoS) such that a maliciously crafted HTTP/2 stream could cause excessive CPU consumption in the `HPACK` decoder.\n\n## Details\n\nDenial of Service (DoS) describes a family of attacks, all aimed at making a system inaccessible to its intended and legitimate users.\n\nUnlike other vulnerabilities, DoS attacks usually do not aim at breaching security. Rather, they are focused on making websites and services unavailable to genuine users resulting in downtime.\n\nOne popular Denial of Service vulnerability is DDoS (a Distributed Denial of Service), an attack that attempts to clog network pipes to the system by generating a large volume of traffic from many machines.\n\nWhen it comes to open source libraries, DoS vulnerabilities allow attackers to trigger such a crash or crippling of the service by using a flaw either in the application code or from the use of open source libraries.\n\nTwo common types of DoS vulnerabilities:\n\n* High CPU/Memory Consumption- An attacker sending crafted requests that could cause the system to take a disproportionate amount of time to process. For example, [commons-fileupload:commons-fileupload](SNYK-JAVA-COMMONSFILEUPLOAD-30082).\n\n* Crash - An attacker sending crafted requests that could cause the system to crash. For Example,  [npm `ws` package](https://snyk.io/vuln/npm:ws:20171108)\n\n## Remediation\nUpgrade `golang.org/x/net/http2` to version 0.7.0 or higher.\n## References\n- [GitHub Commit](https://github.com/golang/go/commit/97fe3a23b68dd2df748f2369827aeab2420e0930)\n- [GitHub Commit](https://github.com/golang/net/commit/8e2b117aee74f6b86c207a808b0255de45c0a18a)\n- [GitHub Issue](https://github.com/golang/go/issues/57855)\n- [Google Groups Forum](https://groups.google.com/g/golang-announce/c/V0aBFqaFs_E)\n",
          "epssDetails": {
            "percentile": "0.83370",
            "probability": "0.01030",
            "modelVersion": "v2023.03.01"
          },
          "identifiers": {
            "GO": [
              "GO-2023-1571"
            ],
            "CVE": [
              "CVE-2022-41723"
            ],
            "CWE": [
              "CWE-400"
            ],
            "GHSA": [
              "GHSA-vvpx-j8f3-3w6h"
            ]
          },
          "packageName": "golang.org/x/net/http2",
          "proprietary": false,
          "creationTime": "2023-02-17T08:51:16.879097Z",
          "functions_new": [],
          "alternativeIds": [],
          "disclosureTime": "2023-02-16T22:31:36Z",
          "packageManager": "golang",
          "publicationTime": "2023-02-17T08:51:17.087234Z",
          "modificationTime": "2023-11-08T09:43:51.991509Z",
          "socialTrendAlert": false,
          "severityWithCritical": "high",
          "from": [
            "github.com/bitnami-labs/sealed-secrets@*",
            "golang.org/x/net/http2@v0.3.1-0.20221206200815-1e63c2f08a10"
          ],
          "upgradePath": [],
          "isUpgradable": false,
          "isPatchable": false,
          "name": "golang.org/x/net/http2",
          "version": "v0.3.1-0.20221206200815-1e63c2f08a10"
        },
        {
          "id": "SNYK-GOLANG-GOLANGORGXNETHTTP2-5953327",
          "title": "Denial of Service (DoS)",
          "CVSSv3": "CVSS:3.1/AV:N/AC:L/PR:N/UI:N/S:U/C:N/I:N/A:H/E:H",
          "credit": [
            "Unknown"
          ],
          "semver": {
            "vulnerable": [
              "<0.17.0"
            ],
            "hashesRange": [
              "<v0.17.0"
            ],
            "vulnerableHashes": []
          },
          "exploit": "High",
          "fixedIn": [
            "0.17.0"
          ],
          "patches": [],
          "insights": {
            "triageAdvice": null
          },
          "language": "golang",
          "severity": "high",
          "cvssScore": 7.5,
          "functions": [],
          "malicious": false,
          "isDisputed": false,
          "moduleName": "golang.org/x/net/http2",
          "references": [
            {
              "url": "https://github.com/helidon-io/helidon/commit/58f43670086e530750c7cb74b0bec92bf5189c79",
              "title": "Github Commit"
            },
            {
              "url": "https://github.com/apache/tomcat/commit/76bb4bfbfeae827dce896f650655bbf6e251ed49",
              "title": "GitHub Commit"
            },
            {
              "url": "https://github.com/apache/tomcat/commit/9cdfe25bad707f34b3e5da2994f3f1952a163c3e",
              "title": "GitHub Commit"
            },
            {
              "url": "https://github.com/eclipse/jetty.project/commit/dbb94514dc9d3fb21fe92080f57c314e7e06a148",
              "title": "GitHub Commit"
            },
            {
              "url": "https://github.com/gravitational/teleport/commit/15f34f927a45130408eb16ed09af5620270d4d1f",
              "title": "GitHub Commit"
            },
            {
              "url": "https://github.com/kubernetes/apimachinery/commit/be9188050914374ee8128239e5a2e5998d7897f5",
              "title": "GitHub Commit"
            },
            {
              "url": "https://github.com/netty/netty/commit/58f75f665aa81a8cbcf6ffa74820042a285c5e61",
              "title": "GitHub Commit"
            },
            {
              "url": "https://github.com/nghttp2/nghttp2/commit/72b4af6143681f528f1d237b21a9a7aee1738832",
              "title": "GitHub Commit"
            },
            {
              "url": "https://github.com/operator-framework/operator-lifecycle-manager/commit/9ec03f07f942dc9cef736957fa152e39157d6e13",
              "title": "GitHub Commit"
            },
            {
              "url": "https://snyk.io/blog/find-fix-http-2-rapid-reset-zero-day-vulnerability-cve-2023-44487/",
              "title": "Snyk Blog"
            },
            {
              "url": "https://blog.cloudflare.com/technical-breakdown-http2-rapid-reset-ddos-attack/",
              "title": "Vulnerability Discovery"
            },
            {
              "url": "https://cloud.google.com/blog/products/identity-security/how-it-works-the-novel-http2-rapid-reset-ddos-attack",
              "title": "Vulnerability Explanation"
            },
            {
              "url": "https://www.cisa.gov/known-exploited-vulnerabilities-catalog",
              "title": "CISA - Known Exploited Vulnerabilities"
            }
          ],
          "cvssDetails": [
            {
              "assigner": "NVD",
              "severity": "high",
              "cvssV3Vector": "CVSS:3.1/AV:N/AC:L/PR:N/UI:N/S:U/C:N/I:N/A:H",
              "cvssV3BaseScore": 7.5,
              "modificationTime": "2023-10-14T01:11:01.801031Z"
            },
            {
              "assigner": "SUSE",
              "severity": "high",
              "cvssV3Vector": "CVSS:3.1/AV:N/AC:L/PR:N/UI:N/S:U/C:N/I:N/A:H",
              "cvssV3BaseScore": 7.5,
              "modificationTime": "2023-10-14T11:03:27.396232Z"
            },
            {
              "assigner": "Red Hat",
              "severity": "high",
              "cvssV3Vector": "CVSS:3.1/AV:N/AC:L/PR:N/UI:N/S:U/C:N/I:N/A:H",
              "cvssV3BaseScore": 7.5,
              "modificationTime": "2023-11-08T09:43:54.280816Z"
            }
          ],
          "description": "## Overview\n[golang.org/x/net/http2](https://pkg.go.dev/golang.org/x/net/http2) is a work-in-progress HTTP/2 implementation for Go.\n\nAffected versions of this package are vulnerable to Denial of Service (DoS) in the implementation of the HTTP/2 protocol. An attacker can cause a denial of service (including via DDoS) by rapidly resetting many streams through request cancellation.\n## Remediation\nUpgrade `golang.org/x/net/http2` to version 0.17.0 or higher.\n## References\n- [Github Commit](https://github.com/helidon-io/helidon/commit/58f43670086e530750c7cb74b0bec92bf5189c79)\n- [GitHub Commit](https://github.com/apache/tomcat/commit/76bb4bfbfeae827dce896f650655bbf6e251ed49)\n- [GitHub Commit](https://github.com/apache/tomcat/commit/9cdfe25bad707f34b3e5da2994f3f1952a163c3e)\n- [GitHub Commit](https://github.com/eclipse/jetty.project/commit/dbb94514dc9d3fb21fe92080f57c314e7e06a148)\n- [GitHub Commit](https://github.com/gravitational/teleport/commit/15f34f927a45130408eb16ed09af5620270d4d1f)\n- [GitHub Commit](https://github.com/kubernetes/apimachinery/commit/be9188050914374ee8128239e5a2e5998d7897f5)\n- [GitHub Commit](https://github.com/netty/netty/commit/58f75f665aa81a8cbcf6ffa74820042a285c5e61)\n- [GitHub Commit](https://github.com/nghttp2/nghttp2/commit/72b4af6143681f528f1d237b21a9a7aee1738832)\n- [GitHub Commit](https://github.com/operator-framework/operator-lifecycle-manager/commit/9ec03f07f942dc9cef736957fa152e39157d6e13)\n- [Snyk Blog](https://snyk.io/blog/find-fix-http-2-rapid-reset-zero-day-vulnerability-cve-2023-44487/)\n- [Vulnerability Discovery](https://blog.cloudflare.com/technical-breakdown-http2-rapid-reset-ddos-attack/)\n- [Vulnerability Explanation](https://cloud.google.com/blog/products/identity-security/how-it-works-the-novel-http2-rapid-reset-ddos-attack)\n- [CISA - Known Exploited Vulnerabilities](https://www.cisa.gov/known-exploited-vulnerabilities-catalog)\n",
          "epssDetails": {
            "percentile": "0.97909",
            "probability": "0.70585",
            "modelVersion": "v2023.03.01"
          },
          "identifiers": {
            "GO": [
              "GO-2023-2153"
            ],
            "CVE": [
              "CVE-2023-44487"
            ],
            "CWE": [
              "CWE-400"
            ],
            "GHSA": [
              "GHSA-2m7v-gc89-fjqf",
              "GHSA-jhv4-f7mr-xx76"
            ]
          },
          "packageName": "golang.org/x/net/http2",
          "proprietary": false,
          "creationTime": "2023-10-10T21:24:19.249482Z",
          "functions_new": [],
          "alternativeIds": [],
          "disclosureTime": "2023-10-10T14:47:39Z",
          "packageManager": "golang",
          "publicationTime": "2023-10-11T06:03:00.595391Z",
          "modificationTime": "2023-12-14T08:07:09.521537Z",
          "socialTrendAlert": false,
          "severityWithCritical": "high",
          "from": [
            "github.com/bitnami-labs/sealed-secrets@*",
            "golang.org/x/net/http2@v0.3.1-0.20221206200815-1e63c2f08a10"
          ],
          "upgradePath": [],
          "isUpgradable": false,
          "isPatchable": false,
          "name": "golang.org/x/net/http2",
          "version": "v0.3.1-0.20221206200815-1e63c2f08a10"
        },
        {
          "id": "SNYK-GOLANG-GOLANGORGXNETHTTP2-5958903",
          "title": "Allocation of Resources Without Limits or Throttling",
          "CVSSv3": "CVSS:3.1/AV:N/AC:L/PR:N/UI:R/S:U/C:N/I:N/A:L",
          "credit": [
            "Damien Neil"
          ],
          "semver": {
            "vulnerable": [
              "<0.17.0"
            ],
            "hashesRange": [
              "<695775ce641b0f80c9cf03e8a796595355422dd3"
            ],
            "vulnerableHashes": []
          },
          "exploit": "Not Defined",
          "fixedIn": [
            "0.17.0"
          ],
          "patches": [],
          "insights": {
            "triageAdvice": null
          },
          "language": "golang",
          "severity": "medium",
          "cvssScore": 4.3,
          "functions": [],
          "malicious": false,
          "isDisputed": false,
          "moduleName": "golang.org/x/net/http2",
          "references": [
            {
              "url": "https://github.com/golang/net/commit/695775ce641b0f80c9cf03e8a796595355422dd3",
              "title": "GitHub Commit"
            },
            {
              "url": "https://github.com/golang/net/commit/b225e7ca6dde1ef5a5ae5ce922861bda011cfabd",
              "title": "GitHub Commit"
            },
            {
              "url": "https://github.com/containerd/containerd/pull/9387",
              "title": "GitHub PR"
            }
          ],
          "cvssDetails": [
            {
              "assigner": "SUSE",
              "severity": "high",
              "cvssV3Vector": "CVSS:3.1/AV:N/AC:L/PR:N/UI:N/S:U/C:N/I:N/A:H",
              "cvssV3BaseScore": 7.5,
              "modificationTime": "2023-10-14T11:03:10.864724Z"
            },
            {
              "assigner": "NVD",
              "severity": "high",
              "cvssV3Vector": "CVSS:3.1/AV:N/AC:L/PR:N/UI:N/S:U/C:N/I:N/A:H",
              "cvssV3BaseScore": 7.5,
              "modificationTime": "2023-11-01T01:11:04.991441Z"
            },
            {
              "assigner": "Red Hat",
              "severity": "high",
              "cvssV3Vector": "CVSS:3.1/AV:N/AC:L/PR:N/UI:N/S:U/C:N/I:N/A:H",
              "cvssV3BaseScore": 7.5,
              "modificationTime": "2023-11-08T09:43:54.226315Z"
            }
          ],
          "description": "## Overview\n[golang.org/x/net/http2](https://pkg.go.dev/golang.org/x/net/http2) is a work-in-progress HTTP/2 implementation for Go.\n\nAffected versions of this package are vulnerable to Allocation of Resources Without Limits or Throttling when `MaxConcurrentStreams` handler `goroutines` running. A a handler is started until one of the existing handlers exits.\r\n\r\n**Note:**\r\n\r\nThis issue is related to [CVE-2023-44487](https://security.snyk.io/vuln/SNYK-GOLANG-GOLANGORGXNETHTTP2-5953327)\n## Remediation\nUpgrade `golang.org/x/net/http2` to version 0.17.0 or higher.\n## References\n- [GitHub Commit](https://github.com/golang/net/commit/695775ce641b0f80c9cf03e8a796595355422dd3)\n- [GitHub Commit](https://github.com/golang/net/commit/b225e7ca6dde1ef5a5ae5ce922861bda011cfabd)\n- [GitHub PR](https://github.com/containerd/containerd/pull/9387)\n",
          "epssDetails": {
            "percentile": "0.50419",
            "probability": "0.00153",
            "modelVersion": "v2023.03.01"
          },
          "identifiers": {
            "CVE": [
              "CVE-2023-39325"
            ],
            "CWE": [
              "CWE-770"
            ]
          },
          "packageName": "golang.org/x/net/http2",
          "proprietary": false,
          "creationTime": "2023-10-11T10:48:04.271543Z",
          "functions_new": [],
          "alternativeIds": [],
          "disclosureTime": "2023-10-10T19:46:42Z",
          "packageManager": "golang",
          "publicationTime": "2023-11-27T10:26:17.463513Z",
          "modificationTime": "2023-11-27T10:26:17.463742Z",
          "socialTrendAlert": false,
          "severityWithCritical": "medium",
          "from": [
            "github.com/bitnami-labs/sealed-secrets@*",
            "golang.org/x/net/http2@v0.3.1-0.20221206200815-1e63c2f08a10"
          ],
          "upgradePath": [],
          "isUpgradable": false,
          "isPatchable": false,
          "name": "golang.org/x/net/http2",
          "version": "v0.3.1-0.20221206200815-1e63c2f08a10"
        },
        {
          "id": "SNYK-GOLANG-GOLANGORGXNETHTTP2HPACK-3358253",
          "title": "Denial of Service (DoS)",
          "CVSSv3": "CVSS:3.1/AV:N/AC:L/PR:N/UI:N/S:U/C:N/I:N/A:H",
          "credit": [
            "Philippe Antoine"
          ],
          "semver": {
            "vulnerable": [
              "<0.7.0"
            ],
            "hashesRange": [
              "<8e2b117aee74f6b86c207a808b0255de45c0a18a"
            ],
            "vulnerableHashes": []
          },
          "exploit": "Not Defined",
          "fixedIn": [
            "0.7.0"
          ],
          "patches": [],
          "insights": {
            "triageAdvice": null
          },
          "language": "golang",
          "severity": "high",
          "cvssScore": 7.5,
          "functions": [],
          "malicious": false,
          "isDisputed": false,
          "moduleName": "golang.org/x/net/http2/hpack",
          "references": [
            {
              "url": "https://github.com/golang/go/commit/97fe3a23b68dd2df748f2369827aeab2420e0930",
              "title": "GitHub Commit"
            },
            {
              "url": "https://github.com/golang/net/commit/8e2b117aee74f6b86c207a808b0255de45c0a18a",
              "title": "GitHub Commit"
            },
            {
              "url": "https://github.com/golang/go/issues/57855",
              "title": "GitHub Issue"
            },
            {
              "url": "https://groups.google.com/g/golang-announce/c/V0aBFqaFs_E",
              "title": "Google Groups Forum"
            }
          ],
          "cvssDetails": [
            {
              "assigner": "NVD",
              "severity": "high",
              "cvssV3Vector": "CVSS:3.1/AV:N/AC:L/PR:N/UI:N/S:U/C:N/I:N/A:H",
              "cvssV3BaseScore": 7.5,
              "modificationTime": "2023-03-10T01:10:08.048176Z"
            },
            {
              "assigner": "SUSE",
              "severity": "high",
              "cvssV3Vector": "CVSS:3.1/AV:N/AC:L/PR:N/UI:N/S:U/C:N/I:N/A:H",
              "cvssV3BaseScore": 7.5,
              "modificationTime": "2023-03-15T11:02:13.996850Z"
            },
            {
              "assigner": "Red Hat",
              "severity": "high",
              "cvssV3Vector": "CVSS:3.1/AV:N/AC:L/PR:N/UI:N/S:U/C:N/I:N/A:H",
              "cvssV3BaseScore": 7.5,
              "modificationTime": "2023-11-08T09:43:51.991509Z"
            }
          ],
          "description": "## Overview\n\nAffected versions of this package are vulnerable to Denial of Service (DoS) such that a maliciously crafted HTTP/2 stream could cause excessive CPU consumption in the `HPACK` decoder.\n\n## Details\n\nDenial of Service (DoS) describes a family of attacks, all aimed at making a system inaccessible to its intended and legitimate users.\n\nUnlike other vulnerabilities, DoS attacks usually do not aim at breaching security. Rather, they are focused on making websites and services unavailable to genuine users resulting in downtime.\n\nOne popular Denial of Service vulnerability is DDoS (a Distributed Denial of Service), an attack that attempts to clog network pipes to the system by generating a large volume of traffic from many machines.\n\nWhen it comes to open source libraries, DoS vulnerabilities allow attackers to trigger such a crash or crippling of the service by using a flaw either in the application code or from the use of open source libraries.\n\nTwo common types of DoS vulnerabilities:\n\n* High CPU/Memory Consumption- An attacker sending crafted requests that could cause the system to take a disproportionate amount of time to process. For example, [commons-fileupload:commons-fileupload](SNYK-JAVA-COMMONSFILEUPLOAD-30082).\n\n* Crash - An attacker sending crafted requests that could cause the system to crash. For Example,  [npm `ws` package](https://snyk.io/vuln/npm:ws:20171108)\n\n## Remediation\nUpgrade `golang.org/x/net/http2/hpack` to version 0.7.0 or higher.\n## References\n- [GitHub Commit](https://github.com/golang/go/commit/97fe3a23b68dd2df748f2369827aeab2420e0930)\n- [GitHub Commit](https://github.com/golang/net/commit/8e2b117aee74f6b86c207a808b0255de45c0a18a)\n- [GitHub Issue](https://github.com/golang/go/issues/57855)\n- [Google Groups Forum](https://groups.google.com/g/golang-announce/c/V0aBFqaFs_E)\n",
          "epssDetails": {
            "percentile": "0.83370",
            "probability": "0.01030",
            "modelVersion": "v2023.03.01"
          },
          "identifiers": {
            "GO": [
              "GO-2023-1571"
            ],
            "CVE": [
              "CVE-2022-41723"
            ],
            "CWE": [
              "CWE-400"
            ],
            "GHSA": [
              "GHSA-vvpx-j8f3-3w6h"
            ]
          },
          "packageName": "golang.org/x/net/http2/hpack",
          "proprietary": false,
          "creationTime": "2023-03-09T16:57:58.366955Z",
          "functions_new": [],
          "alternativeIds": [],
          "disclosureTime": "2023-02-16T22:31:36Z",
          "packageManager": "golang",
          "publicationTime": "2023-02-17T08:51:17.087234Z",
          "modificationTime": "2023-11-08T09:43:51.991509Z",
          "socialTrendAlert": false,
          "severityWithCritical": "high",
          "from": [
            "github.com/bitnami-labs/sealed-secrets@*",
            "golang.org/x/net/http2/hpack@v0.3.1-0.20221206200815-1e63c2f08a10"
          ],
          "upgradePath": [],
          "isUpgradable": false,
          "isPatchable": false,
          "name": "golang.org/x/net/http2/hpack",
          "version": "v0.3.1-0.20221206200815-1e63c2f08a10"
        }
      ],
      "ok": false,
      "dependencyCount": 444,
      "org": "intman32",
      "policy": "# Snyk (https://snyk.io) policy file, patches or ignores known vulnerabilities.\nversion: v1.25.1\nignore: {}\npatch: {}\n",
      "isPrivate": true,
      "licensesPolicy": {
        "severities": {},
        "orgLicenseRules": {
          "AGPL-1.0": {
            "licenseType": "AGPL-1.0",
            "severity": "high",
            "instructions": ""
          },
          "AGPL-3.0": {
            "licenseType": "AGPL-3.0",
            "severity": "high",
            "instructions": ""
          },
          "Artistic-1.0": {
            "licenseType": "Artistic-1.0",
            "severity": "medium",
            "instructions": ""
          },
          "Artistic-2.0": {
            "licenseType": "Artistic-2.0",
            "severity": "medium",
            "instructions": ""
          },
          "CDDL-1.0": {
            "licenseType": "CDDL-1.0",
            "severity": "medium",
            "instructions": ""
          },
          "CPOL-1.02": {
            "licenseType": "CPOL-1.02",
            "severity": "high",
            "instructions": ""
          },
          "EPL-1.0": {
            "licenseType": "EPL-1.0",
            "severity": "medium",
            "instructions": ""
          },
          "GPL-2.0": {
            "licenseType": "GPL-2.0",
            "severity": "high",
            "instructions": ""
          },
          "GPL-3.0": {
            "licenseType": "GPL-3.0",
            "severity": "high",
            "instructions": ""
          },
          "LGPL-2.0": {
            "licenseType": "LGPL-2.0",
            "severity": "medium",
            "instructions": ""
          },
          "LGPL-2.1": {
            "licenseType": "LGPL-2.1",
            "severity": "medium",
            "instructions": ""
          },
          "LGPL-3.0": {
            "licenseType": "LGPL-3.0",
            "severity": "medium",
            "instructions": ""
          },
          "MPL-1.1": {
            "licenseType": "MPL-1.1",
            "severity": "medium",
            "instructions": ""
          },
          "MPL-2.0": {
            "licenseType": "MPL-2.0",
            "severity": "medium",
            "instructions": ""
          },
          "MS-RL": {
            "licenseType": "MS-RL",
            "severity": "medium",
            "instructions": ""
          },
          "SimPL-2.0": {
            "licenseType": "SimPL-2.0",
            "severity": "high",
            "instructions": ""
          }
        }
      },
      "packageManager": "gomodules",
      "ignoreSettings": {
        "adminOnly": false,
        "reasonRequired": false,
        "disregardFilesystemIgnores": false
      },
      "docker": {},
      "summary": "6 vulnerable dependency paths",
      "filesystemPolicy": false,
      "filtered": {
        "ignore": [],
        "patch": []
      },
      "uniqueCount": 6,
      "targetFile": "/usr/local/bin/controller",
      "projectName": "github.com/bitnami-labs/sealed-secrets",
      "displayTargetFile": "/usr/local/bin/controller",
      "hasUnknownVersions": false,
      "path": "bitnami/sealed-secrets-controller:v0.19.3/bitnami-labs/sealed-secrets"
    }
  ]
}
