{
  "vulnerabilities": [],
  "ok": true,
  "dependencyCount": 0,
  "org": "suleymanergen32",
  "policy": "# Snyk (https://snyk.io) policy file, patches or ignores known vulnerabilities.\nversion: v1.25.1\nignore: {}\npatch: {}\n",
  "isPrivate": true,
  "licensesPolicy": {
    "severities": {},
    "orgLicenseRules": {
      "AGPL-1.0": {
        "licenseType": "AGPL-1.0",
        "severity": "high",
        "instructions": ""
      },
      "AGPL-3.0": {
        "licenseType": "AGPL-3.0",
        "severity": "high",
        "instructions": ""
      },
      "Artistic-1.0": {
        "licenseType": "Artistic-1.0",
        "severity": "medium",
        "instructions": ""
      },
      "Artistic-2.0": {
        "licenseType": "Artistic-2.0",
        "severity": "medium",
        "instructions": ""
      },
      "CDDL-1.0": {
        "licenseType": "CDDL-1.0",
        "severity": "medium",
        "instructions": ""
      },
      "CPOL-1.02": {
        "licenseType": "CPOL-1.02",
        "severity": "high",
        "instructions": ""
      },
      "EPL-1.0": {
        "licenseType": "EPL-1.0",
        "severity": "medium",
        "instructions": ""
      },
      "GPL-2.0": {
        "licenseType": "GPL-2.0",
        "severity": "high",
        "instructions": ""
      },
      "GPL-3.0": {
        "licenseType": "GPL-3.0",
        "severity": "high",
        "instructions": ""
      },
      "LGPL-2.0": {
        "licenseType": "LGPL-2.0",
        "severity": "medium",
        "instructions": ""
      },
      "LGPL-2.1": {
        "licenseType": "LGPL-2.1",
        "severity": "medium",
        "instructions": ""
      },
      "LGPL-3.0": {
        "licenseType": "LGPL-3.0",
        "severity": "medium",
        "instructions": ""
      },
      "MPL-1.1": {
        "licenseType": "MPL-1.1",
        "severity": "medium",
        "instructions": ""
      },
      "MPL-2.0": {
        "licenseType": "MPL-2.0",
        "severity": "medium",
        "instructions": ""
      },
      "MS-RL": {
        "licenseType": "MS-RL",
        "severity": "medium",
        "instructions": ""
      },
      "SimPL-2.0": {
        "licenseType": "SimPL-2.0",
        "severity": "high",
        "instructions": ""
      }
    }
  },
  "packageManager": "linux",
  "ignoreSettings": {
    "adminOnly": false,
    "reasonRequired": false,
    "disregardFilesystemIgnores": false
  },
  "docker": {
    "baseImageRemediation": {
      "code": "SCRATCH_BASE_IMAGE",
      "advice": [
        {
          "message": "Note that we do not currently have vulnerability data for your image.",
          "bold": true,
          "color": "yellow"
        }
      ]
    }
  },
  "summary": "No known operating system vulnerabilities",
  "filesystemPolicy": false,
  "uniqueCount": 0,
  "projectName": "docker-image|containrrr/watchtower",
  "platform": "linux/amd64",
  "hasUnknownVersions": false,
  "path": "containrrr/watchtower:1.5.3/watchtower",
  "applications": [
    {
      "vulnerabilities": [
        {
          "id": "SNYK-GOLANG-GOLANGORGXNETHTTP2HPACK-3358253",
          "title": "Denial of Service (DoS)",
          "CVSSv3": "CVSS:3.1/AV:N/AC:L/PR:N/UI:N/S:U/C:N/I:N/A:H",
          "credit": [
            "Philippe Antoine"
          ],
          "semver": {
            "vulnerable": [
              "<0.7.0"
            ],
            "hashesRange": [
              "<8e2b117aee74f6b86c207a808b0255de45c0a18a"
            ],
            "vulnerableHashes": []
          },
          "exploit": "Not Defined",
          "fixedIn": [
            "0.7.0"
          ],
          "patches": [],
          "insights": {
            "triageAdvice": null
          },
          "language": "golang",
          "severity": "high",
          "cvssScore": 7.5,
          "functions": [],
          "malicious": false,
          "isDisputed": false,
          "moduleName": "golang.org/x/net/http2/hpack",
          "references": [
            {
              "url": "https://github.com/golang/go/commit/97fe3a23b68dd2df748f2369827aeab2420e0930",
              "title": "GitHub Commit"
            },
            {
              "url": "https://github.com/golang/net/commit/8e2b117aee74f6b86c207a808b0255de45c0a18a",
              "title": "GitHub Commit"
            },
            {
              "url": "https://github.com/golang/go/issues/57855",
              "title": "GitHub Issue"
            },
            {
              "url": "https://groups.google.com/g/golang-announce/c/V0aBFqaFs_E",
              "title": "Google Groups Forum"
            }
          ],
          "cvssDetails": [
            {
              "assigner": "NVD",
              "severity": "high",
              "cvssV3Vector": "CVSS:3.1/AV:N/AC:L/PR:N/UI:N/S:U/C:N/I:N/A:H",
              "cvssV3BaseScore": 7.5,
              "modificationTime": "2023-03-10T01:10:08.048176Z"
            },
            {
              "assigner": "SUSE",
              "severity": "high",
              "cvssV3Vector": "CVSS:3.1/AV:N/AC:L/PR:N/UI:N/S:U/C:N/I:N/A:H",
              "cvssV3BaseScore": 7.5,
              "modificationTime": "2023-03-15T11:02:13.996850Z"
            },
            {
              "assigner": "Red Hat",
              "severity": "high",
              "cvssV3Vector": "CVSS:3.1/AV:N/AC:L/PR:N/UI:N/S:U/C:N/I:N/A:H",
              "cvssV3BaseScore": 7.5,
              "modificationTime": "2023-11-08T09:43:51.991509Z"
            }
          ],
          "description": "## Overview\n\nAffected versions of this package are vulnerable to Denial of Service (DoS) such that a maliciously crafted HTTP/2 stream could cause excessive CPU consumption in the `HPACK` decoder.\n\n## Details\n\nDenial of Service (DoS) describes a family of attacks, all aimed at making a system inaccessible to its intended and legitimate users.\n\nUnlike other vulnerabilities, DoS attacks usually do not aim at breaching security. Rather, they are focused on making websites and services unavailable to genuine users resulting in downtime.\n\nOne popular Denial of Service vulnerability is DDoS (a Distributed Denial of Service), an attack that attempts to clog network pipes to the system by generating a large volume of traffic from many machines.\n\nWhen it comes to open source libraries, DoS vulnerabilities allow attackers to trigger such a crash or crippling of the service by using a flaw either in the application code or from the use of open source libraries.\n\nTwo common types of DoS vulnerabilities:\n\n* High CPU/Memory Consumption- An attacker sending crafted requests that could cause the system to take a disproportionate amount of time to process. For example, [commons-fileupload:commons-fileupload](SNYK-JAVA-COMMONSFILEUPLOAD-30082).\n\n* Crash - An attacker sending crafted requests that could cause the system to crash. For Example,  [npm `ws` package](https://snyk.io/vuln/npm:ws:20171108)\n\n## Remediation\nUpgrade `golang.org/x/net/http2/hpack` to version 0.7.0 or higher.\n## References\n- [GitHub Commit](https://github.com/golang/go/commit/97fe3a23b68dd2df748f2369827aeab2420e0930)\n- [GitHub Commit](https://github.com/golang/net/commit/8e2b117aee74f6b86c207a808b0255de45c0a18a)\n- [GitHub Issue](https://github.com/golang/go/issues/57855)\n- [Google Groups Forum](https://groups.google.com/g/golang-announce/c/V0aBFqaFs_E)\n",
          "epssDetails": {
            "percentile": "0.83370",
            "probability": "0.01030",
            "modelVersion": "v2023.03.01"
          },
          "identifiers": {
            "GO": [
              "GO-2023-1571"
            ],
            "CVE": [
              "CVE-2022-41723"
            ],
            "CWE": [
              "CWE-400"
            ],
            "GHSA": [
              "GHSA-vvpx-j8f3-3w6h"
            ]
          },
          "packageName": "golang.org/x/net/http2/hpack",
          "proprietary": false,
          "creationTime": "2023-03-09T16:57:58.366955Z",
          "functions_new": [],
          "alternativeIds": [],
          "disclosureTime": "2023-02-16T22:31:36Z",
          "packageManager": "golang",
          "publicationTime": "2023-02-17T08:51:17.087234Z",
          "modificationTime": "2023-11-08T09:43:51.991509Z",
          "socialTrendAlert": false,
          "severityWithCritical": "high",
          "from": [
            "go-distribution@command-line-arguments@*",
            "golang.org/x/net/http2/hpack@v0.5.0"
          ],
          "upgradePath": [],
          "isUpgradable": false,
          "isPatchable": false,
          "name": "golang.org/x/net/http2/hpack",
          "version": "v0.5.0"
        }
      ],
      "ok": false,
      "dependencyCount": 152,
      "org": "suleymanergen32",
      "policy": "# Snyk (https://snyk.io) policy file, patches or ignores known vulnerabilities.\nversion: v1.25.1\nignore: {}\npatch: {}\n",
      "isPrivate": true,
      "licensesPolicy": {
        "severities": {},
        "orgLicenseRules": {
          "AGPL-1.0": {
            "licenseType": "AGPL-1.0",
            "severity": "high",
            "instructions": ""
          },
          "AGPL-3.0": {
            "licenseType": "AGPL-3.0",
            "severity": "high",
            "instructions": ""
          },
          "Artistic-1.0": {
            "licenseType": "Artistic-1.0",
            "severity": "medium",
            "instructions": ""
          },
          "Artistic-2.0": {
            "licenseType": "Artistic-2.0",
            "severity": "medium",
            "instructions": ""
          },
          "CDDL-1.0": {
            "licenseType": "CDDL-1.0",
            "severity": "medium",
            "instructions": ""
          },
          "CPOL-1.02": {
            "licenseType": "CPOL-1.02",
            "severity": "high",
            "instructions": ""
          },
          "EPL-1.0": {
            "licenseType": "EPL-1.0",
            "severity": "medium",
            "instructions": ""
          },
          "GPL-2.0": {
            "licenseType": "GPL-2.0",
            "severity": "high",
            "instructions": ""
          },
          "GPL-3.0": {
            "licenseType": "GPL-3.0",
            "severity": "high",
            "instructions": ""
          },
          "LGPL-2.0": {
            "licenseType": "LGPL-2.0",
            "severity": "medium",
            "instructions": ""
          },
          "LGPL-2.1": {
            "licenseType": "LGPL-2.1",
            "severity": "medium",
            "instructions": ""
          },
          "LGPL-3.0": {
            "licenseType": "LGPL-3.0",
            "severity": "medium",
            "instructions": ""
          },
          "MPL-1.1": {
            "licenseType": "MPL-1.1",
            "severity": "medium",
            "instructions": ""
          },
          "MPL-2.0": {
            "licenseType": "MPL-2.0",
            "severity": "medium",
            "instructions": ""
          },
          "MS-RL": {
            "licenseType": "MS-RL",
            "severity": "medium",
            "instructions": ""
          },
          "SimPL-2.0": {
            "licenseType": "SimPL-2.0",
            "severity": "high",
            "instructions": ""
          }
        }
      },
      "packageManager": "gomodules",
      "ignoreSettings": {
        "adminOnly": false,
        "reasonRequired": false,
        "disregardFilesystemIgnores": false
      },
      "docker": {},
      "summary": "1 vulnerable dependency path",
      "filesystemPolicy": false,
      "filtered": {
        "ignore": [],
        "patch": []
      },
      "uniqueCount": 1,
      "targetFile": "/watchtower",
      "projectName": "go-distribution@command-line-arguments",
      "displayTargetFile": "/watchtower",
      "hasUnknownVersions": false,
      "path": "containrrr/watchtower:1.5.3"
    }
  ]
}
