{
  "vulnerabilities": [
    {
      "id": "SNYK-ALPINE37-GIT-1015576",
      "cpes": [],
      "title": "CVE-2019-1348",
      "CVSSv3": "CVSS:3.1/AV:L/AC:L/PR:L/UI:N/S:U/C:N/I:L/A:N",
      "credit": [
        ""
      ],
      "semver": {
        "vulnerable": [
          "<2.15.4-r0"
        ]
      },
      "exploit": "Not Defined",
      "fixedIn": [
        "2.15.4-r0"
      ],
      "patches": [],
      "insights": {
        "triageAdvice": null
      },
      "language": "linux",
      "severity": "low",
      "cvssScore": 3.3,
      "malicious": false,
      "isDisputed": false,
      "references": [
        {
          "url": "https://cve.mitre.org/cgi-bin/cvename.cgi?name=CVE-2019-1348",
          "title": "https://cve.mitre.org/cgi-bin/cvename.cgi?name=CVE-2019-1348"
        },
        {
          "url": "https://support.apple.com/kb/HT210729",
          "title": "https://support.apple.com/kb/HT210729"
        },
        {
          "url": "https://security-tracker.debian.org/tracker/CVE-2019-1348",
          "title": "https://security-tracker.debian.org/tracker/CVE-2019-1348"
        },
        {
          "url": "https://security.gentoo.org/glsa/202003-30",
          "title": "https://security.gentoo.org/glsa/202003-30"
        },
        {
          "url": "https://security.gentoo.org/glsa/202003-42",
          "title": "https://security.gentoo.org/glsa/202003-42"
        },
        {
          "url": "https://lore.kernel.org/git/xmqqr21cqcn9.fsf@gitster-ct.c.googlers.com/T/%23u",
          "title": "https://lore.kernel.org/git/xmqqr21cqcn9.fsf@gitster-ct.c.googlers.com/T/%23u"
        },
        {
          "url": "https://public-inbox.org/git/xmqqr21cqcn9.fsf@gitster-ct.c.googlers.com/",
          "title": "https://public-inbox.org/git/xmqqr21cqcn9.fsf@gitster-ct.c.googlers.com/"
        },
        {
          "url": "http://lists.opensuse.org/opensuse-security-announce/2020-01/msg00056.html",
          "title": "http://lists.opensuse.org/opensuse-security-announce/2020-01/msg00056.html"
        },
        {
          "url": "https://access.redhat.com/errata/RHSA-2020:0228",
          "title": "https://access.redhat.com/errata/RHSA-2020:0228"
        },
        {
          "url": "http://lists.opensuse.org/opensuse-security-announce/2020-05/msg00003.html",
          "title": "http://lists.opensuse.org/opensuse-security-announce/2020-05/msg00003.html"
        },
        {
          "url": "http://people.ubuntu.com/~ubuntu-security/cve/CVE-2019-1348",
          "title": "http://people.ubuntu.com/~ubuntu-security/cve/CVE-2019-1348"
        },
        {
          "url": "https://lore.kernel.org/git/xmqqr21cqcn9.fsf%40gitster-ct.c.googlers.com/T/%23u",
          "title": "https://lore.kernel.org/git/xmqqr21cqcn9.fsf%40gitster-ct.c.googlers.com/T/%23u"
        },
        {
          "url": "https://public-inbox.org/git/xmqqr21cqcn9.fsf%40gitster-ct.c.googlers.com/",
          "title": "https://public-inbox.org/git/xmqqr21cqcn9.fsf%40gitster-ct.c.googlers.com/"
        }
      ],
      "cvssDetails": [
        {
          "assigner": "NVD",
          "severity": "low",
          "cvssV3Vector": "CVSS:3.1/AV:L/AC:L/PR:L/UI:N/S:U/C:N/I:L/A:N",
          "cvssV3BaseScore": 3.3,
          "modificationTime": "2022-01-03T17:55:28.308475Z"
        },
        {
          "assigner": "SUSE",
          "severity": "low",
          "cvssV3Vector": "CVSS:3.1/AV:L/AC:L/PR:N/UI:R/S:U/C:N/I:L/A:N",
          "cvssV3BaseScore": 3.3,
          "modificationTime": "2022-05-03T23:37:08.203699Z"
        },
        {
          "assigner": "Red Hat",
          "severity": "low",
          "cvssV3Vector": "CVSS:3.0/AV:L/AC:L/PR:N/UI:R/S:U/C:N/I:L/A:N",
          "cvssV3BaseScore": 3.3,
          "modificationTime": "2023-11-08T09:40:46.571352Z"
        }
      ],
      "description": "## NVD Description\n**_Note:_** _Versions mentioned in the description apply only to the upstream `git` package and not the `git` package as distributed by `Alpine`._\n_See `How to fix?` for `Alpine:3.7` relevant fixed versions and status._\n\nAn issue was found in Git before v2.24.1, v2.23.1, v2.22.2, v2.21.1, v2.20.2, v2.19.3, v2.18.2, v2.17.3, v2.16.6, v2.15.4, and v2.14.6. The --export-marks option of git fast-import is exposed also via the in-stream command feature export-marks=... and it allows overwriting arbitrary paths.\n## Remediation\nUpgrade `Alpine:3.7` `git` to version 2.15.4-r0 or higher.\n## References\n- [ADVISORY](https://cve.mitre.org/cgi-bin/cvename.cgi?name=CVE-2019-1348)\n- [Apple Security Advisory](https://support.apple.com/kb/HT210729)\n- [Debian Security Tracker](https://security-tracker.debian.org/tracker/CVE-2019-1348)\n- [GENTOO](https://security.gentoo.org/glsa/202003-30)\n- [GENTOO](https://security.gentoo.org/glsa/202003-42)\n- [MISC](https://lore.kernel.org/git/xmqqr21cqcn9.fsf@gitster-ct.c.googlers.com/T/#u)\n- [MISC](https://public-inbox.org/git/xmqqr21cqcn9.fsf@gitster-ct.c.googlers.com/)\n- [OpenSuse Security Announcement](http://lists.opensuse.org/opensuse-security-announce/2020-01/msg00056.html)\n- [RHSA Security Advisory](https://access.redhat.com/errata/RHSA-2020:0228)\n- [SUSE](http://lists.opensuse.org/opensuse-security-announce/2020-05/msg00003.html)\n- [Ubuntu CVE Tracker](http://people.ubuntu.com/~ubuntu-security/cve/CVE-2019-1348)\n- [secure@microsoft.com](https://lore.kernel.org/git/xmqqr21cqcn9.fsf%40gitster-ct.c.googlers.com/T/#u)\n- [secure@microsoft.com](https://public-inbox.org/git/xmqqr21cqcn9.fsf%40gitster-ct.c.googlers.com/)\n",
      "epssDetails": {
        "percentile": "0.13810",
        "probability": "0.00047",
        "modelVersion": "v2023.03.01"
      },
      "identifiers": {
        "CVE": [
          "CVE-2019-1348"
        ],
        "CWE": [],
        "ALTERNATIVE": []
      },
      "nvdSeverity": "low",
      "packageName": "git",
      "creationTime": "2020-10-04T03:45:10.867189Z",
      "disclosureTime": "2020-01-24T22:15:00Z",
      "packageManager": "alpine:3.7",
      "publicationTime": "2019-12-10T21:04:12.063299Z",
      "modificationTime": "2023-11-08T09:40:46.571352Z",
      "socialTrendAlert": false,
      "relativeImportance": null,
      "severityWithCritical": "low",
      "from": [
        "docker-image|atlassian/pipelines-dvcstools@prod-stable",
        "git/git@2.15.3-r0"
      ],
      "upgradePath": [
        false,
        "git/git@2.15.4-r0"
      ],
      "isUpgradable": true,
      "isPatchable": false,
      "name": "git/git",
      "version": "2.15.3-r0",
      "nearestFixedInVersion": "2.15.4-r0",
      "dockerfileInstruction": "apk add git",
      "dockerBaseImage": "alpine:3.7.3"
    },
    {
      "id": "SNYK-ALPINE37-GIT-1015577",
      "cpes": [],
      "title": "Improper Input Validation",
      "CVSSv3": "CVSS:3.1/AV:N/AC:L/PR:N/UI:R/S:U/C:H/I:H/A:H",
      "credit": [
        ""
      ],
      "semver": {
        "vulnerable": [
          "<2.15.4-r0"
        ]
      },
      "exploit": "Not Defined",
      "fixedIn": [
        "2.15.4-r0"
      ],
      "patches": [],
      "insights": {
        "triageAdvice": null
      },
      "language": "linux",
      "severity": "high",
      "cvssScore": 8.8,
      "malicious": false,
      "isDisputed": false,
      "references": [
        {
          "url": "https://cve.mitre.org/cgi-bin/cvename.cgi?name=CVE-2019-1350",
          "title": "https://cve.mitre.org/cgi-bin/cvename.cgi?name=CVE-2019-1350"
        },
        {
          "url": "https://security-tracker.debian.org/tracker/CVE-2019-1350",
          "title": "https://security-tracker.debian.org/tracker/CVE-2019-1350"
        },
        {
          "url": "https://security.gentoo.org/glsa/202003-30",
          "title": "https://security.gentoo.org/glsa/202003-30"
        },
        {
          "url": "https://security.gentoo.org/glsa/202003-42",
          "title": "https://security.gentoo.org/glsa/202003-42"
        },
        {
          "url": "https://portal.msrc.microsoft.com/en-US/security-guidance/advisory/CVE-2019-1350",
          "title": "https://portal.msrc.microsoft.com/en-US/security-guidance/advisory/CVE-2019-1350"
        },
        {
          "url": "https://public-inbox.org/git/xmqqr21cqcn9.fsf@gitster-ct.c.googlers.com/",
          "title": "https://public-inbox.org/git/xmqqr21cqcn9.fsf@gitster-ct.c.googlers.com/"
        },
        {
          "url": "http://lists.opensuse.org/opensuse-security-announce/2020-01/msg00056.html",
          "title": "http://lists.opensuse.org/opensuse-security-announce/2020-01/msg00056.html"
        },
        {
          "url": "http://lists.opensuse.org/opensuse-security-announce/2020-05/msg00003.html",
          "title": "http://lists.opensuse.org/opensuse-security-announce/2020-05/msg00003.html"
        },
        {
          "url": "http://people.ubuntu.com/~ubuntu-security/cve/CVE-2019-1350",
          "title": "http://people.ubuntu.com/~ubuntu-security/cve/CVE-2019-1350"
        },
        {
          "url": "https://public-inbox.org/git/xmqqr21cqcn9.fsf%40gitster-ct.c.googlers.com/",
          "title": "https://public-inbox.org/git/xmqqr21cqcn9.fsf%40gitster-ct.c.googlers.com/"
        }
      ],
      "cvssDetails": [
        {
          "assigner": "NVD",
          "severity": "high",
          "cvssV3Vector": "CVSS:3.1/AV:N/AC:L/PR:N/UI:R/S:U/C:H/I:H/A:H",
          "cvssV3BaseScore": 8.8,
          "modificationTime": "2022-01-03T17:55:04.639829Z"
        },
        {
          "assigner": "SUSE",
          "severity": "high",
          "cvssV3Vector": "CVSS:3.1/AV:N/AC:L/PR:N/UI:R/S:U/C:H/I:H/A:H",
          "cvssV3BaseScore": 8.8,
          "modificationTime": "2022-05-03T23:38:02.816373Z"
        }
      ],
      "description": "## NVD Description\n**_Note:_** _Versions mentioned in the description apply only to the upstream `git` package and not the `git` package as distributed by `Alpine`._\n_See `How to fix?` for `Alpine:3.7` relevant fixed versions and status._\n\nA remote code execution vulnerability exists when Git for Visual Studio improperly sanitizes input, aka &#39;Git for Visual Studio Remote Code Execution Vulnerability&#39;. This CVE ID is unique from CVE-2019-1349, CVE-2019-1352, CVE-2019-1354, CVE-2019-1387.\n## Remediation\nUpgrade `Alpine:3.7` `git` to version 2.15.4-r0 or higher.\n## References\n- [ADVISORY](https://cve.mitre.org/cgi-bin/cvename.cgi?name=CVE-2019-1350)\n- [Debian Security Tracker](https://security-tracker.debian.org/tracker/CVE-2019-1350)\n- [GENTOO](https://security.gentoo.org/glsa/202003-30)\n- [GENTOO](https://security.gentoo.org/glsa/202003-42)\n- [MISC](https://portal.msrc.microsoft.com/en-US/security-guidance/advisory/CVE-2019-1350)\n- [MISC](https://public-inbox.org/git/xmqqr21cqcn9.fsf@gitster-ct.c.googlers.com/)\n- [OpenSuse Security Announcement](http://lists.opensuse.org/opensuse-security-announce/2020-01/msg00056.html)\n- [SUSE](http://lists.opensuse.org/opensuse-security-announce/2020-05/msg00003.html)\n- [Ubuntu CVE Tracker](http://people.ubuntu.com/~ubuntu-security/cve/CVE-2019-1350)\n- [secure@microsoft.com](https://public-inbox.org/git/xmqqr21cqcn9.fsf%40gitster-ct.c.googlers.com/)\n",
      "epssDetails": {
        "percentile": "0.93413",
        "probability": "0.06417",
        "modelVersion": "v2023.03.01"
      },
      "identifiers": {
        "CVE": [
          "CVE-2019-1350"
        ],
        "CWE": [
          "CWE-20"
        ],
        "ALTERNATIVE": []
      },
      "nvdSeverity": "high",
      "packageName": "git",
      "creationTime": "2020-10-04T03:45:10.935726Z",
      "disclosureTime": "2020-01-24T21:15:00Z",
      "packageManager": "alpine:3.7",
      "publicationTime": "2019-12-10T21:04:13.404904Z",
      "modificationTime": "2022-09-12T15:14:07.212696Z",
      "socialTrendAlert": false,
      "relativeImportance": null,
      "severityWithCritical": "high",
      "from": [
        "docker-image|atlassian/pipelines-dvcstools@prod-stable",
        "git/git@2.15.3-r0"
      ],
      "upgradePath": [
        false,
        "git/git@2.15.4-r0"
      ],
      "isUpgradable": true,
      "isPatchable": false,
      "name": "git/git",
      "version": "2.15.3-r0",
      "nearestFixedInVersion": "2.15.4-r0",
      "dockerfileInstruction": "apk add git",
      "dockerBaseImage": "alpine:3.7.3"
    },
    {
      "id": "SNYK-ALPINE37-GIT-1015578",
      "cpes": [],
      "title": "Improper Input Validation",
      "CVSSv3": "CVSS:3.1/AV:N/AC:L/PR:N/UI:R/S:U/C:H/I:H/A:H",
      "credit": [
        ""
      ],
      "semver": {
        "vulnerable": [
          "<2.15.4-r0"
        ]
      },
      "exploit": "Not Defined",
      "fixedIn": [
        "2.15.4-r0"
      ],
      "patches": [],
      "insights": {
        "triageAdvice": null
      },
      "language": "linux",
      "severity": "high",
      "cvssScore": 8.8,
      "malicious": false,
      "isDisputed": false,
      "references": [
        {
          "url": "https://cve.mitre.org/cgi-bin/cvename.cgi?name=CVE-2019-1349",
          "title": "https://cve.mitre.org/cgi-bin/cvename.cgi?name=CVE-2019-1349"
        },
        {
          "url": "https://security-tracker.debian.org/tracker/CVE-2019-1349",
          "title": "https://security-tracker.debian.org/tracker/CVE-2019-1349"
        },
        {
          "url": "https://security.gentoo.org/glsa/202003-30",
          "title": "https://security.gentoo.org/glsa/202003-30"
        },
        {
          "url": "https://portal.msrc.microsoft.com/en-US/security-guidance/advisory/CVE-2019-1349",
          "title": "https://portal.msrc.microsoft.com/en-US/security-guidance/advisory/CVE-2019-1349"
        },
        {
          "url": "https://public-inbox.org/git/xmqqr21cqcn9.fsf@gitster-ct.c.googlers.com/",
          "title": "https://public-inbox.org/git/xmqqr21cqcn9.fsf@gitster-ct.c.googlers.com/"
        },
        {
          "url": "http://lists.opensuse.org/opensuse-security-announce/2020-01/msg00056.html",
          "title": "http://lists.opensuse.org/opensuse-security-announce/2020-01/msg00056.html"
        },
        {
          "url": "https://access.redhat.com/errata/RHSA-2020:0228",
          "title": "https://access.redhat.com/errata/RHSA-2020:0228"
        },
        {
          "url": "http://lists.opensuse.org/opensuse-security-announce/2020-05/msg00003.html",
          "title": "http://lists.opensuse.org/opensuse-security-announce/2020-05/msg00003.html"
        },
        {
          "url": "http://people.ubuntu.com/~ubuntu-security/cve/CVE-2019-1349",
          "title": "http://people.ubuntu.com/~ubuntu-security/cve/CVE-2019-1349"
        },
        {
          "url": "https://public-inbox.org/git/xmqqr21cqcn9.fsf%40gitster-ct.c.googlers.com/",
          "title": "https://public-inbox.org/git/xmqqr21cqcn9.fsf%40gitster-ct.c.googlers.com/"
        }
      ],
      "cvssDetails": [
        {
          "assigner": "NVD",
          "severity": "high",
          "cvssV3Vector": "CVSS:3.1/AV:N/AC:L/PR:N/UI:R/S:U/C:H/I:H/A:H",
          "cvssV3BaseScore": 8.8,
          "modificationTime": "2022-01-03T17:55:18.383258Z"
        },
        {
          "assigner": "SUSE",
          "severity": "high",
          "cvssV3Vector": "CVSS:3.1/AV:N/AC:L/PR:N/UI:R/S:U/C:H/I:H/A:H",
          "cvssV3BaseScore": 8.8,
          "modificationTime": "2022-05-03T23:37:31.718088Z"
        },
        {
          "assigner": "Red Hat",
          "severity": "high",
          "cvssV3Vector": "CVSS:3.0/AV:N/AC:H/PR:N/UI:R/S:U/C:H/I:H/A:H",
          "cvssV3BaseScore": 7.5,
          "modificationTime": "2023-11-08T09:43:38.414507Z"
        }
      ],
      "description": "## NVD Description\n**_Note:_** _Versions mentioned in the description apply only to the upstream `git` package and not the `git` package as distributed by `Alpine`._\n_See `How to fix?` for `Alpine:3.7` relevant fixed versions and status._\n\nA remote code execution vulnerability exists when Git for Visual Studio improperly sanitizes input, aka &#39;Git for Visual Studio Remote Code Execution Vulnerability&#39;. This CVE ID is unique from CVE-2019-1350, CVE-2019-1352, CVE-2019-1354, CVE-2019-1387.\n## Remediation\nUpgrade `Alpine:3.7` `git` to version 2.15.4-r0 or higher.\n## References\n- [ADVISORY](https://cve.mitre.org/cgi-bin/cvename.cgi?name=CVE-2019-1349)\n- [Debian Security Tracker](https://security-tracker.debian.org/tracker/CVE-2019-1349)\n- [GENTOO](https://security.gentoo.org/glsa/202003-30)\n- [MISC](https://portal.msrc.microsoft.com/en-US/security-guidance/advisory/CVE-2019-1349)\n- [MISC](https://public-inbox.org/git/xmqqr21cqcn9.fsf@gitster-ct.c.googlers.com/)\n- [OpenSuse Security Announcement](http://lists.opensuse.org/opensuse-security-announce/2020-01/msg00056.html)\n- [RHSA Security Advisory](https://access.redhat.com/errata/RHSA-2020:0228)\n- [SUSE](http://lists.opensuse.org/opensuse-security-announce/2020-05/msg00003.html)\n- [Ubuntu CVE Tracker](http://people.ubuntu.com/~ubuntu-security/cve/CVE-2019-1349)\n- [secure@microsoft.com](https://public-inbox.org/git/xmqqr21cqcn9.fsf%40gitster-ct.c.googlers.com/)\n",
      "epssDetails": {
        "percentile": "0.93413",
        "probability": "0.06417",
        "modelVersion": "v2023.03.01"
      },
      "identifiers": {
        "CVE": [
          "CVE-2019-1349"
        ],
        "CWE": [
          "CWE-20"
        ],
        "ALTERNATIVE": []
      },
      "nvdSeverity": "high",
      "packageName": "git",
      "creationTime": "2020-10-04T03:45:10.965603Z",
      "disclosureTime": "2020-01-24T21:15:00Z",
      "packageManager": "alpine:3.7",
      "publicationTime": "2019-12-10T21:04:14.657528Z",
      "modificationTime": "2023-11-08T09:43:38.414507Z",
      "socialTrendAlert": false,
      "relativeImportance": null,
      "severityWithCritical": "high",
      "from": [
        "docker-image|atlassian/pipelines-dvcstools@prod-stable",
        "git/git@2.15.3-r0"
      ],
      "upgradePath": [
        false,
        "git/git@2.15.4-r0"
      ],
      "isUpgradable": true,
      "isPatchable": false,
      "name": "git/git",
      "version": "2.15.3-r0",
      "nearestFixedInVersion": "2.15.4-r0",
      "dockerfileInstruction": "apk add git",
      "dockerBaseImage": "alpine:3.7.3"
    },
    {
      "id": "SNYK-ALPINE37-GIT-1015579",
      "cpes": [],
      "title": "Use of Incorrectly-Resolved Name or Reference",
      "CVSSv3": "CVSS:3.1/AV:N/AC:L/PR:N/UI:N/S:U/C:N/I:H/A:N",
      "credit": [
        ""
      ],
      "semver": {
        "vulnerable": [
          "<2.15.4-r0"
        ]
      },
      "exploit": "Not Defined",
      "fixedIn": [
        "2.15.4-r0"
      ],
      "patches": [],
      "insights": {
        "triageAdvice": null
      },
      "language": "linux",
      "severity": "high",
      "cvssScore": 7.5,
      "malicious": false,
      "isDisputed": false,
      "references": [
        {
          "url": "https://cve.mitre.org/cgi-bin/cvename.cgi?name=CVE-2019-1351",
          "title": "https://cve.mitre.org/cgi-bin/cvename.cgi?name=CVE-2019-1351"
        },
        {
          "url": "https://security-tracker.debian.org/tracker/CVE-2019-1351",
          "title": "https://security-tracker.debian.org/tracker/CVE-2019-1351"
        },
        {
          "url": "https://security.gentoo.org/glsa/202003-30",
          "title": "https://security.gentoo.org/glsa/202003-30"
        },
        {
          "url": "https://portal.msrc.microsoft.com/en-US/security-guidance/advisory/CVE-2019-1351",
          "title": "https://portal.msrc.microsoft.com/en-US/security-guidance/advisory/CVE-2019-1351"
        },
        {
          "url": "https://public-inbox.org/git/xmqqr21cqcn9.fsf@gitster-ct.c.googlers.com/",
          "title": "https://public-inbox.org/git/xmqqr21cqcn9.fsf@gitster-ct.c.googlers.com/"
        },
        {
          "url": "http://lists.opensuse.org/opensuse-security-announce/2020-01/msg00056.html",
          "title": "http://lists.opensuse.org/opensuse-security-announce/2020-01/msg00056.html"
        },
        {
          "url": "http://lists.opensuse.org/opensuse-security-announce/2020-05/msg00003.html",
          "title": "http://lists.opensuse.org/opensuse-security-announce/2020-05/msg00003.html"
        },
        {
          "url": "http://people.ubuntu.com/~ubuntu-security/cve/CVE-2019-1351",
          "title": "http://people.ubuntu.com/~ubuntu-security/cve/CVE-2019-1351"
        },
        {
          "url": "https://public-inbox.org/git/xmqqr21cqcn9.fsf%40gitster-ct.c.googlers.com/",
          "title": "https://public-inbox.org/git/xmqqr21cqcn9.fsf%40gitster-ct.c.googlers.com/"
        }
      ],
      "cvssDetails": [
        {
          "assigner": "NVD",
          "severity": "high",
          "cvssV3Vector": "CVSS:3.1/AV:N/AC:L/PR:N/UI:N/S:U/C:N/I:H/A:N",
          "cvssV3BaseScore": 7.5,
          "modificationTime": "2022-01-03T17:55:04.779032Z"
        },
        {
          "assigner": "SUSE",
          "severity": "high",
          "cvssV3Vector": "CVSS:3.1/AV:N/AC:L/PR:N/UI:N/S:U/C:N/I:H/A:N",
          "cvssV3BaseScore": 7.5,
          "modificationTime": "2022-05-03T23:38:38.298585Z"
        }
      ],
      "description": "## NVD Description\n**_Note:_** _Versions mentioned in the description apply only to the upstream `git` package and not the `git` package as distributed by `Alpine`._\n_See `How to fix?` for `Alpine:3.7` relevant fixed versions and status._\n\nA tampering vulnerability exists when Git for Visual Studio improperly handles virtual drive paths, aka &#39;Git for Visual Studio Tampering Vulnerability&#39;.\n## Remediation\nUpgrade `Alpine:3.7` `git` to version 2.15.4-r0 or higher.\n## References\n- [ADVISORY](https://cve.mitre.org/cgi-bin/cvename.cgi?name=CVE-2019-1351)\n- [Debian Security Tracker](https://security-tracker.debian.org/tracker/CVE-2019-1351)\n- [Gentoo Security Advisory](https://security.gentoo.org/glsa/202003-30)\n- [MISC](https://portal.msrc.microsoft.com/en-US/security-guidance/advisory/CVE-2019-1351)\n- [MISC](https://public-inbox.org/git/xmqqr21cqcn9.fsf@gitster-ct.c.googlers.com/)\n- [OpenSuse Security Announcement](http://lists.opensuse.org/opensuse-security-announce/2020-01/msg00056.html)\n- [SUSE](http://lists.opensuse.org/opensuse-security-announce/2020-05/msg00003.html)\n- [Ubuntu CVE Tracker](http://people.ubuntu.com/~ubuntu-security/cve/CVE-2019-1351)\n- [secure@microsoft.com](https://public-inbox.org/git/xmqqr21cqcn9.fsf%40gitster-ct.c.googlers.com/)\n",
      "epssDetails": {
        "percentile": "0.58616",
        "probability": "0.00215",
        "modelVersion": "v2023.03.01"
      },
      "identifiers": {
        "CVE": [
          "CVE-2019-1351"
        ],
        "CWE": [
          "CWE-706"
        ],
        "ALTERNATIVE": []
      },
      "nvdSeverity": "high",
      "packageName": "git",
      "creationTime": "2020-10-04T03:45:10.995134Z",
      "disclosureTime": "2020-01-24T21:15:00Z",
      "packageManager": "alpine:3.7",
      "publicationTime": "2019-12-10T21:04:15.541817Z",
      "modificationTime": "2022-09-12T15:14:07.942107Z",
      "socialTrendAlert": false,
      "relativeImportance": null,
      "severityWithCritical": "high",
      "from": [
        "docker-image|atlassian/pipelines-dvcstools@prod-stable",
        "git/git@2.15.3-r0"
      ],
      "upgradePath": [
        false,
        "git/git@2.15.4-r0"
      ],
      "isUpgradable": true,
      "isPatchable": false,
      "name": "git/git",
      "version": "2.15.3-r0",
      "nearestFixedInVersion": "2.15.4-r0",
      "dockerfileInstruction": "apk add git",
      "dockerBaseImage": "alpine:3.7.3"
    },
    {
      "id": "SNYK-ALPINE37-GIT-1015580",
      "cpes": [],
      "title": "Improper Input Validation",
      "CVSSv3": "CVSS:3.1/AV:N/AC:L/PR:N/UI:R/S:U/C:H/I:H/A:H",
      "credit": [
        ""
      ],
      "semver": {
        "vulnerable": [
          "<2.15.4-r0"
        ]
      },
      "exploit": "Not Defined",
      "fixedIn": [
        "2.15.4-r0"
      ],
      "patches": [],
      "insights": {
        "triageAdvice": null
      },
      "language": "linux",
      "severity": "high",
      "cvssScore": 8.8,
      "malicious": false,
      "isDisputed": false,
      "references": [
        {
          "url": "https://cve.mitre.org/cgi-bin/cvename.cgi?name=CVE-2019-1352",
          "title": "https://cve.mitre.org/cgi-bin/cvename.cgi?name=CVE-2019-1352"
        },
        {
          "url": "https://security-tracker.debian.org/tracker/CVE-2019-1352",
          "title": "https://security-tracker.debian.org/tracker/CVE-2019-1352"
        },
        {
          "url": "https://security.gentoo.org/glsa/202003-30",
          "title": "https://security.gentoo.org/glsa/202003-30"
        },
        {
          "url": "https://portal.msrc.microsoft.com/en-US/security-guidance/advisory/CVE-2019-1352",
          "title": "https://portal.msrc.microsoft.com/en-US/security-guidance/advisory/CVE-2019-1352"
        },
        {
          "url": "https://public-inbox.org/git/xmqqr21cqcn9.fsf@gitster-ct.c.googlers.com/",
          "title": "https://public-inbox.org/git/xmqqr21cqcn9.fsf@gitster-ct.c.googlers.com/"
        },
        {
          "url": "http://lists.opensuse.org/opensuse-security-announce/2020-01/msg00056.html",
          "title": "http://lists.opensuse.org/opensuse-security-announce/2020-01/msg00056.html"
        },
        {
          "url": "https://access.redhat.com/errata/RHSA-2020:0228",
          "title": "https://access.redhat.com/errata/RHSA-2020:0228"
        },
        {
          "url": "http://lists.opensuse.org/opensuse-security-announce/2020-05/msg00003.html",
          "title": "http://lists.opensuse.org/opensuse-security-announce/2020-05/msg00003.html"
        },
        {
          "url": "http://people.ubuntu.com/~ubuntu-security/cve/CVE-2019-1352",
          "title": "http://people.ubuntu.com/~ubuntu-security/cve/CVE-2019-1352"
        },
        {
          "url": "https://public-inbox.org/git/xmqqr21cqcn9.fsf%40gitster-ct.c.googlers.com/",
          "title": "https://public-inbox.org/git/xmqqr21cqcn9.fsf%40gitster-ct.c.googlers.com/"
        }
      ],
      "cvssDetails": [
        {
          "assigner": "NVD",
          "severity": "high",
          "cvssV3Vector": "CVSS:3.1/AV:N/AC:L/PR:N/UI:R/S:U/C:H/I:H/A:H",
          "cvssV3BaseScore": 8.8,
          "modificationTime": "2022-01-03T17:55:04.436074Z"
        },
        {
          "assigner": "SUSE",
          "severity": "high",
          "cvssV3Vector": "CVSS:3.1/AV:N/AC:L/PR:N/UI:R/S:U/C:H/I:H/A:H",
          "cvssV3BaseScore": 8.8,
          "modificationTime": "2022-10-05T11:05:38.961386Z"
        },
        {
          "assigner": "Red Hat",
          "severity": "high",
          "cvssV3Vector": "CVSS:3.1/AV:N/AC:H/PR:N/UI:R/S:U/C:H/I:H/A:H",
          "cvssV3BaseScore": 7.5,
          "modificationTime": "2023-11-08T09:40:46.571477Z"
        }
      ],
      "description": "## NVD Description\n**_Note:_** _Versions mentioned in the description apply only to the upstream `git` package and not the `git` package as distributed by `Alpine`._\n_See `How to fix?` for `Alpine:3.7` relevant fixed versions and status._\n\nA remote code execution vulnerability exists when Git for Visual Studio improperly sanitizes input, aka &#39;Git for Visual Studio Remote Code Execution Vulnerability&#39;. This CVE ID is unique from CVE-2019-1349, CVE-2019-1350, CVE-2019-1354, CVE-2019-1387.\n## Remediation\nUpgrade `Alpine:3.7` `git` to version 2.15.4-r0 or higher.\n## References\n- [ADVISORY](https://cve.mitre.org/cgi-bin/cvename.cgi?name=CVE-2019-1352)\n- [Debian Security Tracker](https://security-tracker.debian.org/tracker/CVE-2019-1352)\n- [GENTOO](https://security.gentoo.org/glsa/202003-30)\n- [MISC](https://portal.msrc.microsoft.com/en-US/security-guidance/advisory/CVE-2019-1352)\n- [MISC](https://public-inbox.org/git/xmqqr21cqcn9.fsf@gitster-ct.c.googlers.com/)\n- [OpenSuse Security Announcement](http://lists.opensuse.org/opensuse-security-announce/2020-01/msg00056.html)\n- [RHSA Security Advisory](https://access.redhat.com/errata/RHSA-2020:0228)\n- [SUSE](http://lists.opensuse.org/opensuse-security-announce/2020-05/msg00003.html)\n- [Ubuntu CVE Tracker](http://people.ubuntu.com/~ubuntu-security/cve/CVE-2019-1352)\n- [secure@microsoft.com](https://public-inbox.org/git/xmqqr21cqcn9.fsf%40gitster-ct.c.googlers.com/)\n",
      "epssDetails": {
        "percentile": "0.93413",
        "probability": "0.06417",
        "modelVersion": "v2023.03.01"
      },
      "identifiers": {
        "CVE": [
          "CVE-2019-1352"
        ],
        "CWE": [
          "CWE-20"
        ],
        "ALTERNATIVE": []
      },
      "nvdSeverity": "high",
      "packageName": "git",
      "creationTime": "2020-10-04T03:45:11.026400Z",
      "disclosureTime": "2020-01-24T21:15:00Z",
      "packageManager": "alpine:3.7",
      "publicationTime": "2019-12-10T21:04:12.509126Z",
      "modificationTime": "2023-11-08T09:40:46.571477Z",
      "socialTrendAlert": false,
      "relativeImportance": null,
      "severityWithCritical": "high",
      "from": [
        "docker-image|atlassian/pipelines-dvcstools@prod-stable",
        "git/git@2.15.3-r0"
      ],
      "upgradePath": [
        false,
        "git/git@2.15.4-r0"
      ],
      "isUpgradable": true,
      "isPatchable": false,
      "name": "git/git",
      "version": "2.15.3-r0",
      "nearestFixedInVersion": "2.15.4-r0",
      "dockerfileInstruction": "apk add git",
      "dockerBaseImage": "alpine:3.7.3"
    },
    {
      "id": "SNYK-ALPINE37-GIT-1015581",
      "cpes": [],
      "title": "CVE-2019-1353",
      "CVSSv3": "CVSS:3.1/AV:N/AC:L/PR:N/UI:N/S:U/C:H/I:H/A:H",
      "credit": [
        ""
      ],
      "semver": {
        "vulnerable": [
          "<2.15.4-r0"
        ]
      },
      "exploit": "Not Defined",
      "fixedIn": [
        "2.15.4-r0"
      ],
      "patches": [],
      "insights": {
        "triageAdvice": null
      },
      "language": "linux",
      "severity": "critical",
      "cvssScore": 9.8,
      "malicious": false,
      "isDisputed": false,
      "references": [
        {
          "url": "https://cve.mitre.org/cgi-bin/cvename.cgi?name=CVE-2019-1353",
          "title": "https://cve.mitre.org/cgi-bin/cvename.cgi?name=CVE-2019-1353"
        },
        {
          "url": "https://security-tracker.debian.org/tracker/CVE-2019-1353",
          "title": "https://security-tracker.debian.org/tracker/CVE-2019-1353"
        },
        {
          "url": "https://security.gentoo.org/glsa/202003-30",
          "title": "https://security.gentoo.org/glsa/202003-30"
        },
        {
          "url": "https://lore.kernel.org/git/xmqqr21cqcn9.fsf@gitster-ct.c.googlers.com/T/%23u",
          "title": "https://lore.kernel.org/git/xmqqr21cqcn9.fsf@gitster-ct.c.googlers.com/T/%23u"
        },
        {
          "url": "https://public-inbox.org/git/xmqqr21cqcn9.fsf@gitster-ct.c.googlers.com/",
          "title": "https://public-inbox.org/git/xmqqr21cqcn9.fsf@gitster-ct.c.googlers.com/"
        },
        {
          "url": "http://lists.opensuse.org/opensuse-security-announce/2020-01/msg00056.html",
          "title": "http://lists.opensuse.org/opensuse-security-announce/2020-01/msg00056.html"
        },
        {
          "url": "http://lists.opensuse.org/opensuse-security-announce/2020-05/msg00003.html",
          "title": "http://lists.opensuse.org/opensuse-security-announce/2020-05/msg00003.html"
        },
        {
          "url": "http://people.ubuntu.com/~ubuntu-security/cve/CVE-2019-1353",
          "title": "http://people.ubuntu.com/~ubuntu-security/cve/CVE-2019-1353"
        },
        {
          "url": "https://lore.kernel.org/git/xmqqr21cqcn9.fsf%40gitster-ct.c.googlers.com/T/%23u",
          "title": "https://lore.kernel.org/git/xmqqr21cqcn9.fsf%40gitster-ct.c.googlers.com/T/%23u"
        },
        {
          "url": "https://public-inbox.org/git/xmqqr21cqcn9.fsf%40gitster-ct.c.googlers.com/",
          "title": "https://public-inbox.org/git/xmqqr21cqcn9.fsf%40gitster-ct.c.googlers.com/"
        }
      ],
      "cvssDetails": [
        {
          "assigner": "NVD",
          "severity": "critical",
          "cvssV3Vector": "CVSS:3.1/AV:N/AC:L/PR:N/UI:N/S:U/C:H/I:H/A:H",
          "cvssV3BaseScore": 9.8,
          "modificationTime": "2022-01-03T17:55:10.705586Z"
        },
        {
          "assigner": "SUSE",
          "severity": "critical",
          "cvssV3Vector": "CVSS:3.1/AV:N/AC:L/PR:N/UI:N/S:U/C:H/I:H/A:H",
          "cvssV3BaseScore": 9.8,
          "modificationTime": "2022-05-03T23:40:00.460495Z"
        },
        {
          "assigner": "Red Hat",
          "severity": "high",
          "cvssV3Vector": "CVSS:3.0/AV:N/AC:H/PR:N/UI:R/S:U/C:H/I:H/A:H",
          "cvssV3BaseScore": 7.5,
          "modificationTime": "2023-11-08T09:40:46.865072Z"
        }
      ],
      "description": "## NVD Description\n**_Note:_** _Versions mentioned in the description apply only to the upstream `git` package and not the `git` package as distributed by `Alpine`._\n_See `How to fix?` for `Alpine:3.7` relevant fixed versions and status._\n\nAn issue was found in Git before v2.24.1, v2.23.1, v2.22.2, v2.21.1, v2.20.2, v2.19.3, v2.18.2, v2.17.3, v2.16.6, v2.15.4, and v2.14.6. When running Git in the Windows Subsystem for Linux (also known as &#34;WSL&#34;) while accessing a working directory on a regular Windows drive, none of the NTFS protections were active.\n## Remediation\nUpgrade `Alpine:3.7` `git` to version 2.15.4-r0 or higher.\n## References\n- [ADVISORY](https://cve.mitre.org/cgi-bin/cvename.cgi?name=CVE-2019-1353)\n- [Debian Security Tracker](https://security-tracker.debian.org/tracker/CVE-2019-1353)\n- [Gentoo Security Advisory](https://security.gentoo.org/glsa/202003-30)\n- [MISC](https://lore.kernel.org/git/xmqqr21cqcn9.fsf@gitster-ct.c.googlers.com/T/#u)\n- [MISC](https://public-inbox.org/git/xmqqr21cqcn9.fsf@gitster-ct.c.googlers.com/)\n- [OpenSuse Security Announcement](http://lists.opensuse.org/opensuse-security-announce/2020-01/msg00056.html)\n- [SUSE](http://lists.opensuse.org/opensuse-security-announce/2020-05/msg00003.html)\n- [Ubuntu CVE Tracker](http://people.ubuntu.com/~ubuntu-security/cve/CVE-2019-1353)\n- [secure@microsoft.com](https://lore.kernel.org/git/xmqqr21cqcn9.fsf%40gitster-ct.c.googlers.com/T/#u)\n- [secure@microsoft.com](https://public-inbox.org/git/xmqqr21cqcn9.fsf%40gitster-ct.c.googlers.com/)\n",
      "epssDetails": {
        "percentile": "0.74148",
        "probability": "0.00443",
        "modelVersion": "v2023.03.01"
      },
      "identifiers": {
        "CVE": [
          "CVE-2019-1353"
        ],
        "CWE": [],
        "ALTERNATIVE": []
      },
      "nvdSeverity": "critical",
      "packageName": "git",
      "creationTime": "2020-10-04T03:45:11.062939Z",
      "disclosureTime": "2020-01-24T22:15:00Z",
      "packageManager": "alpine:3.7",
      "publicationTime": "2019-12-10T21:09:06.650924Z",
      "modificationTime": "2023-11-08T09:40:46.865072Z",
      "socialTrendAlert": false,
      "relativeImportance": null,
      "severityWithCritical": "critical",
      "from": [
        "docker-image|atlassian/pipelines-dvcstools@prod-stable",
        "git/git@2.15.3-r0"
      ],
      "upgradePath": [
        false,
        "git/git@2.15.4-r0"
      ],
      "isUpgradable": true,
      "isPatchable": false,
      "name": "git/git",
      "version": "2.15.3-r0",
      "nearestFixedInVersion": "2.15.4-r0",
      "dockerfileInstruction": "apk add git",
      "dockerBaseImage": "alpine:3.7.3"
    },
    {
      "id": "SNYK-ALPINE37-GIT-1015582",
      "cpes": [],
      "title": "Improper Input Validation",
      "CVSSv3": "CVSS:3.1/AV:N/AC:L/PR:N/UI:R/S:U/C:H/I:H/A:H",
      "credit": [
        ""
      ],
      "semver": {
        "vulnerable": [
          "<2.15.4-r0"
        ]
      },
      "exploit": "Not Defined",
      "fixedIn": [
        "2.15.4-r0"
      ],
      "patches": [],
      "insights": {
        "triageAdvice": null
      },
      "language": "linux",
      "severity": "high",
      "cvssScore": 8.8,
      "malicious": false,
      "isDisputed": false,
      "references": [
        {
          "url": "https://cve.mitre.org/cgi-bin/cvename.cgi?name=CVE-2019-1354",
          "title": "https://cve.mitre.org/cgi-bin/cvename.cgi?name=CVE-2019-1354"
        },
        {
          "url": "https://security-tracker.debian.org/tracker/CVE-2019-1354",
          "title": "https://security-tracker.debian.org/tracker/CVE-2019-1354"
        },
        {
          "url": "https://security.gentoo.org/glsa/202003-30",
          "title": "https://security.gentoo.org/glsa/202003-30"
        },
        {
          "url": "https://portal.msrc.microsoft.com/en-US/security-guidance/advisory/CVE-2019-1354",
          "title": "https://portal.msrc.microsoft.com/en-US/security-guidance/advisory/CVE-2019-1354"
        },
        {
          "url": "https://public-inbox.org/git/xmqqr21cqcn9.fsf@gitster-ct.c.googlers.com/",
          "title": "https://public-inbox.org/git/xmqqr21cqcn9.fsf@gitster-ct.c.googlers.com/"
        },
        {
          "url": "http://lists.opensuse.org/opensuse-security-announce/2020-01/msg00056.html",
          "title": "http://lists.opensuse.org/opensuse-security-announce/2020-01/msg00056.html"
        },
        {
          "url": "http://lists.opensuse.org/opensuse-security-announce/2020-05/msg00003.html",
          "title": "http://lists.opensuse.org/opensuse-security-announce/2020-05/msg00003.html"
        },
        {
          "url": "http://people.ubuntu.com/~ubuntu-security/cve/CVE-2019-1354",
          "title": "http://people.ubuntu.com/~ubuntu-security/cve/CVE-2019-1354"
        },
        {
          "url": "https://public-inbox.org/git/xmqqr21cqcn9.fsf%40gitster-ct.c.googlers.com/",
          "title": "https://public-inbox.org/git/xmqqr21cqcn9.fsf%40gitster-ct.c.googlers.com/"
        }
      ],
      "cvssDetails": [
        {
          "assigner": "NVD",
          "severity": "high",
          "cvssV3Vector": "CVSS:3.1/AV:N/AC:L/PR:N/UI:R/S:U/C:H/I:H/A:H",
          "cvssV3BaseScore": 8.8,
          "modificationTime": "2022-01-03T17:55:13.491837Z"
        },
        {
          "assigner": "SUSE",
          "severity": "info",
          "cvssV3Vector": "CVSS:3.1/AV:L/AC:L/PR:L/UI:N/S:U/C:N/I:N/A:N",
          "cvssV3BaseScore": 0,
          "modificationTime": "2022-05-03T23:40:49.605867Z"
        }
      ],
      "description": "## NVD Description\n**_Note:_** _Versions mentioned in the description apply only to the upstream `git` package and not the `git` package as distributed by `Alpine`._\n_See `How to fix?` for `Alpine:3.7` relevant fixed versions and status._\n\nA remote code execution vulnerability exists when Git for Visual Studio improperly sanitizes input, aka &#39;Git for Visual Studio Remote Code Execution Vulnerability&#39;. This CVE ID is unique from CVE-2019-1349, CVE-2019-1350, CVE-2019-1352, CVE-2019-1387.\n## Remediation\nUpgrade `Alpine:3.7` `git` to version 2.15.4-r0 or higher.\n## References\n- [ADVISORY](https://cve.mitre.org/cgi-bin/cvename.cgi?name=CVE-2019-1354)\n- [Debian Security Tracker](https://security-tracker.debian.org/tracker/CVE-2019-1354)\n- [GENTOO](https://security.gentoo.org/glsa/202003-30)\n- [MISC](https://portal.msrc.microsoft.com/en-US/security-guidance/advisory/CVE-2019-1354)\n- [MISC](https://public-inbox.org/git/xmqqr21cqcn9.fsf@gitster-ct.c.googlers.com/)\n- [OpenSuse Security Announcement](http://lists.opensuse.org/opensuse-security-announce/2020-01/msg00056.html)\n- [SUSE](http://lists.opensuse.org/opensuse-security-announce/2020-05/msg00003.html)\n- [Ubuntu CVE Tracker](http://people.ubuntu.com/~ubuntu-security/cve/CVE-2019-1354)\n- [secure@microsoft.com](https://public-inbox.org/git/xmqqr21cqcn9.fsf%40gitster-ct.c.googlers.com/)\n",
      "epssDetails": {
        "percentile": "0.92970",
        "probability": "0.05577",
        "modelVersion": "v2023.03.01"
      },
      "identifiers": {
        "CVE": [
          "CVE-2019-1354"
        ],
        "CWE": [
          "CWE-20"
        ],
        "ALTERNATIVE": []
      },
      "nvdSeverity": "high",
      "packageName": "git",
      "creationTime": "2020-10-04T03:45:11.093290Z",
      "disclosureTime": "2020-01-24T21:15:00Z",
      "packageManager": "alpine:3.7",
      "publicationTime": "2019-12-10T21:04:05.016956Z",
      "modificationTime": "2022-09-12T15:13:27.476969Z",
      "socialTrendAlert": false,
      "relativeImportance": null,
      "severityWithCritical": "high",
      "from": [
        "docker-image|atlassian/pipelines-dvcstools@prod-stable",
        "git/git@2.15.3-r0"
      ],
      "upgradePath": [
        false,
        "git/git@2.15.4-r0"
      ],
      "isUpgradable": true,
      "isPatchable": false,
      "name": "git/git",
      "version": "2.15.3-r0",
      "nearestFixedInVersion": "2.15.4-r0",
      "dockerfileInstruction": "apk add git",
      "dockerBaseImage": "alpine:3.7.3"
    },
    {
      "id": "SNYK-ALPINE37-GIT-1015583",
      "cpes": [],
      "title": "CVE-2019-1387",
      "CVSSv3": "CVSS:3.1/AV:N/AC:L/PR:N/UI:R/S:U/C:H/I:H/A:H",
      "credit": [
        ""
      ],
      "semver": {
        "vulnerable": [
          "<2.15.4-r0"
        ]
      },
      "exploit": "Not Defined",
      "fixedIn": [
        "2.15.4-r0"
      ],
      "patches": [],
      "insights": {
        "triageAdvice": null
      },
      "language": "linux",
      "severity": "high",
      "cvssScore": 8.8,
      "malicious": false,
      "isDisputed": false,
      "references": [
        {
          "url": "https://cve.mitre.org/cgi-bin/cvename.cgi?name=CVE-2019-1387",
          "title": "https://cve.mitre.org/cgi-bin/cvename.cgi?name=CVE-2019-1387"
        },
        {
          "url": "https://lore.kernel.org/git/xmqqr21cqcn9.fsf@gitster-ct.c.googlers.com/T/%23u",
          "title": "https://lore.kernel.org/git/xmqqr21cqcn9.fsf@gitster-ct.c.googlers.com/T/%23u"
        },
        {
          "url": "https://security-tracker.debian.org/tracker/CVE-2019-1387",
          "title": "https://security-tracker.debian.org/tracker/CVE-2019-1387"
        },
        {
          "url": "https://lists.fedoraproject.org/archives/list/package-announce@lists.fedoraproject.org/message/N6UGTEOXWIYSM5KDZL74QD2GK6YQNQCP/",
          "title": "https://lists.fedoraproject.org/archives/list/package-announce@lists.fedoraproject.org/message/N6UGTEOXWIYSM5KDZL74QD2GK6YQNQCP/"
        },
        {
          "url": "https://security.gentoo.org/glsa/202003-30",
          "title": "https://security.gentoo.org/glsa/202003-30"
        },
        {
          "url": "https://security.gentoo.org/glsa/202003-42",
          "title": "https://security.gentoo.org/glsa/202003-42"
        },
        {
          "url": "https://public-inbox.org/git/xmqqr21cqcn9.fsf@gitster-ct.c.googlers.com/",
          "title": "https://public-inbox.org/git/xmqqr21cqcn9.fsf@gitster-ct.c.googlers.com/"
        },
        {
          "url": "https://lists.debian.org/debian-lts-announce/2020/01/msg00019.html",
          "title": "https://lists.debian.org/debian-lts-announce/2020/01/msg00019.html"
        },
        {
          "url": "https://access.redhat.com/errata/RHSA-2020:0124",
          "title": "https://access.redhat.com/errata/RHSA-2020:0124"
        },
        {
          "url": "https://access.redhat.com/errata/RHSA-2020:0228",
          "title": "https://access.redhat.com/errata/RHSA-2020:0228"
        },
        {
          "url": "https://access.redhat.com/errata/RHSA-2019:4356",
          "title": "https://access.redhat.com/errata/RHSA-2019:4356"
        },
        {
          "url": "https://access.redhat.com/errata/RHSA-2020:0002",
          "title": "https://access.redhat.com/errata/RHSA-2020:0002"
        },
        {
          "url": "http://lists.opensuse.org/opensuse-security-announce/2020-01/msg00056.html",
          "title": "http://lists.opensuse.org/opensuse-security-announce/2020-01/msg00056.html"
        },
        {
          "url": "http://lists.opensuse.org/opensuse-security-announce/2020-05/msg00003.html",
          "title": "http://lists.opensuse.org/opensuse-security-announce/2020-05/msg00003.html"
        },
        {
          "url": "http://people.ubuntu.com/~ubuntu-security/cve/CVE-2019-1387",
          "title": "http://people.ubuntu.com/~ubuntu-security/cve/CVE-2019-1387"
        },
        {
          "url": "https://lists.fedoraproject.org/archives/list/package-announce%40lists.fedoraproject.org/message/N6UGTEOXWIYSM5KDZL74QD2GK6YQNQCP/",
          "title": "https://lists.fedoraproject.org/archives/list/package-announce%40lists.fedoraproject.org/message/N6UGTEOXWIYSM5KDZL74QD2GK6YQNQCP/"
        },
        {
          "url": "https://lore.kernel.org/git/xmqqr21cqcn9.fsf%40gitster-ct.c.googlers.com/T/%23u",
          "title": "https://lore.kernel.org/git/xmqqr21cqcn9.fsf%40gitster-ct.c.googlers.com/T/%23u"
        },
        {
          "url": "https://public-inbox.org/git/xmqqr21cqcn9.fsf%40gitster-ct.c.googlers.com/",
          "title": "https://public-inbox.org/git/xmqqr21cqcn9.fsf%40gitster-ct.c.googlers.com/"
        }
      ],
      "cvssDetails": [
        {
          "assigner": "NVD",
          "severity": "high",
          "cvssV3Vector": "CVSS:3.1/AV:N/AC:L/PR:N/UI:R/S:U/C:H/I:H/A:H",
          "cvssV3BaseScore": 8.8,
          "modificationTime": "2022-01-03T17:55:22.047250Z"
        },
        {
          "assigner": "SUSE",
          "severity": "high",
          "cvssV3Vector": "CVSS:3.1/AV:N/AC:L/PR:N/UI:R/S:U/C:H/I:H/A:H",
          "cvssV3BaseScore": 8.8,
          "modificationTime": "2022-05-03T23:41:18.722103Z"
        },
        {
          "assigner": "Red Hat",
          "severity": "high",
          "cvssV3Vector": "CVSS:3.0/AV:N/AC:H/PR:N/UI:R/S:U/C:H/I:H/A:H",
          "cvssV3BaseScore": 7.5,
          "modificationTime": "2023-11-08T09:40:46.571541Z"
        }
      ],
      "description": "## NVD Description\n**_Note:_** _Versions mentioned in the description apply only to the upstream `git` package and not the `git` package as distributed by `Alpine`._\n_See `How to fix?` for `Alpine:3.7` relevant fixed versions and status._\n\nAn issue was found in Git before v2.24.1, v2.23.1, v2.22.2, v2.21.1, v2.20.2, v2.19.3, v2.18.2, v2.17.3, v2.16.6, v2.15.4, and v2.14.6. Recursive clones are currently affected by a vulnerability that is caused by too-lax validation of submodule names, allowing very targeted attacks via remote code execution in recursive clones.\n## Remediation\nUpgrade `Alpine:3.7` `git` to version 2.15.4-r0 or higher.\n## References\n- [ADVISORY](https://cve.mitre.org/cgi-bin/cvename.cgi?name=CVE-2019-1387)\n- [CONFIRM](https://lore.kernel.org/git/xmqqr21cqcn9.fsf@gitster-ct.c.googlers.com/T/#u)\n- [Debian Security Tracker](https://security-tracker.debian.org/tracker/CVE-2019-1387)\n- [Fedora Security Update](https://lists.fedoraproject.org/archives/list/package-announce@lists.fedoraproject.org/message/N6UGTEOXWIYSM5KDZL74QD2GK6YQNQCP/)\n- [GENTOO](https://security.gentoo.org/glsa/202003-30)\n- [GENTOO](https://security.gentoo.org/glsa/202003-42)\n- [MISC](https://public-inbox.org/git/xmqqr21cqcn9.fsf@gitster-ct.c.googlers.com/)\n- [MLIST](https://lists.debian.org/debian-lts-announce/2020/01/msg00019.html)\n- [REDHAT](https://access.redhat.com/errata/RHSA-2020:0124)\n- [REDHAT](https://access.redhat.com/errata/RHSA-2020:0228)\n- [RHSA Security Advisory](https://access.redhat.com/errata/RHSA-2019:4356)\n- [RHSA Security Advisory](https://access.redhat.com/errata/RHSA-2020:0002)\n- [SUSE](http://lists.opensuse.org/opensuse-security-announce/2020-01/msg00056.html)\n- [SUSE](http://lists.opensuse.org/opensuse-security-announce/2020-05/msg00003.html)\n- [Ubuntu CVE Tracker](http://people.ubuntu.com/~ubuntu-security/cve/CVE-2019-1387)\n- [secure@microsoft.com](https://lists.fedoraproject.org/archives/list/package-announce%40lists.fedoraproject.org/message/N6UGTEOXWIYSM5KDZL74QD2GK6YQNQCP/)\n- [secure@microsoft.com](https://lore.kernel.org/git/xmqqr21cqcn9.fsf%40gitster-ct.c.googlers.com/T/#u)\n- [secure@microsoft.com](https://public-inbox.org/git/xmqqr21cqcn9.fsf%40gitster-ct.c.googlers.com/)\n",
      "epssDetails": {
        "percentile": "0.91317",
        "probability": "0.03603",
        "modelVersion": "v2023.03.01"
      },
      "identifiers": {
        "CVE": [
          "CVE-2019-1387"
        ],
        "CWE": [],
        "ALTERNATIVE": []
      },
      "nvdSeverity": "high",
      "packageName": "git",
      "creationTime": "2020-10-04T03:45:11.124132Z",
      "disclosureTime": "2019-12-18T21:15:00Z",
      "packageManager": "alpine:3.7",
      "publicationTime": "2019-12-10T21:04:12.942670Z",
      "modificationTime": "2023-11-08T09:40:46.571541Z",
      "socialTrendAlert": false,
      "relativeImportance": null,
      "severityWithCritical": "high",
      "from": [
        "docker-image|atlassian/pipelines-dvcstools@prod-stable",
        "git/git@2.15.3-r0"
      ],
      "upgradePath": [
        false,
        "git/git@2.15.4-r0"
      ],
      "isUpgradable": true,
      "isPatchable": false,
      "name": "git/git",
      "version": "2.15.3-r0",
      "nearestFixedInVersion": "2.15.4-r0",
      "dockerfileInstruction": "apk add git",
      "dockerBaseImage": "alpine:3.7.3"
    },
    {
      "id": "SNYK-ALPINE37-MUSL-458286",
      "cpes": [],
      "title": "Out-of-bounds Write",
      "CVSSv3": "CVSS:3.1/AV:N/AC:L/PR:N/UI:N/S:U/C:H/I:H/A:H",
      "credit": [
        ""
      ],
      "semver": {
        "vulnerable": [
          "<1.1.18-r4"
        ]
      },
      "exploit": "Not Defined",
      "fixedIn": [
        "1.1.18-r4"
      ],
      "patches": [],
      "insights": {
        "triageAdvice": null
      },
      "language": "linux",
      "severity": "critical",
      "cvssScore": 9.8,
      "malicious": false,
      "isDisputed": false,
      "references": [
        {
          "url": "https://cve.mitre.org/cgi-bin/cvename.cgi?name=CVE-2019-14697",
          "title": "https://cve.mitre.org/cgi-bin/cvename.cgi?name=CVE-2019-14697"
        },
        {
          "url": "https://security-tracker.debian.org/tracker/CVE-2019-14697",
          "title": "https://security-tracker.debian.org/tracker/CVE-2019-14697"
        },
        {
          "url": "https://security.gentoo.org/glsa/202003-13",
          "title": "https://security.gentoo.org/glsa/202003-13"
        },
        {
          "url": "https://www.openwall.com/lists/musl/2019/08/06/1",
          "title": "https://www.openwall.com/lists/musl/2019/08/06/1"
        },
        {
          "url": "http://www.openwall.com/lists/oss-security/2019/08/06/4",
          "title": "http://www.openwall.com/lists/oss-security/2019/08/06/4"
        }
      ],
      "cvssDetails": [
        {
          "assigner": "NVD",
          "severity": "critical",
          "cvssV3Vector": "CVSS:3.1/AV:N/AC:L/PR:N/UI:N/S:U/C:H/I:H/A:H",
          "cvssV3BaseScore": 9.8,
          "modificationTime": "2023-03-04T01:10:12.832663Z"
        }
      ],
      "description": "## NVD Description\n**_Note:_** _Versions mentioned in the description apply only to the upstream `musl` package and not the `musl` package as distributed by `Alpine`._\n_See `How to fix?` for `Alpine:3.7` relevant fixed versions and status._\n\nmusl libc through 1.1.23 has an x87 floating-point stack adjustment imbalance, related to the math/i386/ directory. In some cases, use of this library could introduce out-of-bounds writes that are not present in an application&#39;s source code.\n## Remediation\nUpgrade `Alpine:3.7` `musl` to version 1.1.18-r4 or higher.\n## References\n- [ADVISORY](https://cve.mitre.org/cgi-bin/cvename.cgi?name=CVE-2019-14697)\n- [Debian Security Tracker](https://security-tracker.debian.org/tracker/CVE-2019-14697)\n- [Gentoo Security Advisory](https://security.gentoo.org/glsa/202003-13)\n- [MISC](https://www.openwall.com/lists/musl/2019/08/06/1)\n- [OSS security Advisory](http://www.openwall.com/lists/oss-security/2019/08/06/4)\n",
      "epssDetails": {
        "percentile": "0.78120",
        "probability": "0.00616",
        "modelVersion": "v2023.03.01"
      },
      "identifiers": {
        "CVE": [
          "CVE-2019-14697"
        ],
        "CWE": [
          "CWE-787"
        ],
        "ALTERNATIVE": []
      },
      "nvdSeverity": "critical",
      "packageName": "musl",
      "creationTime": "2020-07-21T16:54:45.620197Z",
      "disclosureTime": "2019-08-06T16:15:00Z",
      "packageManager": "alpine:3.7",
      "publicationTime": "2019-08-06T22:04:52.037600Z",
      "modificationTime": "2023-03-04T01:10:12.832663Z",
      "socialTrendAlert": false,
      "relativeImportance": null,
      "severityWithCritical": "critical",
      "from": [
        "docker-image|atlassian/pipelines-dvcstools@prod-stable",
        "musl/musl-utils@1.1.18-r3"
      ],
      "upgradePath": [
        false,
        "musl/musl-utils@1.1.18-r4"
      ],
      "isUpgradable": true,
      "isPatchable": false,
      "name": "musl/musl-utils",
      "version": "1.1.18-r3",
      "nearestFixedInVersion": "1.1.18-r4",
      "dockerBaseImage": "alpine:3.7.3"
    },
    {
      "id": "SNYK-ALPINE37-MUSL-458286",
      "cpes": [],
      "title": "Out-of-bounds Write",
      "CVSSv3": "CVSS:3.1/AV:N/AC:L/PR:N/UI:N/S:U/C:H/I:H/A:H",
      "credit": [
        ""
      ],
      "semver": {
        "vulnerable": [
          "<1.1.18-r4"
        ]
      },
      "exploit": "Not Defined",
      "fixedIn": [
        "1.1.18-r4"
      ],
      "patches": [],
      "insights": {
        "triageAdvice": null
      },
      "language": "linux",
      "severity": "critical",
      "cvssScore": 9.8,
      "malicious": false,
      "isDisputed": false,
      "references": [
        {
          "url": "https://cve.mitre.org/cgi-bin/cvename.cgi?name=CVE-2019-14697",
          "title": "https://cve.mitre.org/cgi-bin/cvename.cgi?name=CVE-2019-14697"
        },
        {
          "url": "https://security-tracker.debian.org/tracker/CVE-2019-14697",
          "title": "https://security-tracker.debian.org/tracker/CVE-2019-14697"
        },
        {
          "url": "https://security.gentoo.org/glsa/202003-13",
          "title": "https://security.gentoo.org/glsa/202003-13"
        },
        {
          "url": "https://www.openwall.com/lists/musl/2019/08/06/1",
          "title": "https://www.openwall.com/lists/musl/2019/08/06/1"
        },
        {
          "url": "http://www.openwall.com/lists/oss-security/2019/08/06/4",
          "title": "http://www.openwall.com/lists/oss-security/2019/08/06/4"
        }
      ],
      "cvssDetails": [
        {
          "assigner": "NVD",
          "severity": "critical",
          "cvssV3Vector": "CVSS:3.1/AV:N/AC:L/PR:N/UI:N/S:U/C:H/I:H/A:H",
          "cvssV3BaseScore": 9.8,
          "modificationTime": "2023-03-04T01:10:12.832663Z"
        }
      ],
      "description": "## NVD Description\n**_Note:_** _Versions mentioned in the description apply only to the upstream `musl` package and not the `musl` package as distributed by `Alpine`._\n_See `How to fix?` for `Alpine:3.7` relevant fixed versions and status._\n\nmusl libc through 1.1.23 has an x87 floating-point stack adjustment imbalance, related to the math/i386/ directory. In some cases, use of this library could introduce out-of-bounds writes that are not present in an application&#39;s source code.\n## Remediation\nUpgrade `Alpine:3.7` `musl` to version 1.1.18-r4 or higher.\n## References\n- [ADVISORY](https://cve.mitre.org/cgi-bin/cvename.cgi?name=CVE-2019-14697)\n- [Debian Security Tracker](https://security-tracker.debian.org/tracker/CVE-2019-14697)\n- [Gentoo Security Advisory](https://security.gentoo.org/glsa/202003-13)\n- [MISC](https://www.openwall.com/lists/musl/2019/08/06/1)\n- [OSS security Advisory](http://www.openwall.com/lists/oss-security/2019/08/06/4)\n",
      "epssDetails": {
        "percentile": "0.78120",
        "probability": "0.00616",
        "modelVersion": "v2023.03.01"
      },
      "identifiers": {
        "CVE": [
          "CVE-2019-14697"
        ],
        "CWE": [
          "CWE-787"
        ],
        "ALTERNATIVE": []
      },
      "nvdSeverity": "critical",
      "packageName": "musl",
      "creationTime": "2020-07-21T16:54:45.620197Z",
      "disclosureTime": "2019-08-06T16:15:00Z",
      "packageManager": "alpine:3.7",
      "publicationTime": "2019-08-06T22:04:52.037600Z",
      "modificationTime": "2023-03-04T01:10:12.832663Z",
      "socialTrendAlert": false,
      "relativeImportance": null,
      "severityWithCritical": "critical",
      "from": [
        "docker-image|atlassian/pipelines-dvcstools@prod-stable",
        "libc-dev/libc-utils@0.7.1-r0",
        "musl/musl-utils@1.1.18-r3"
      ],
      "upgradePath": [],
      "isUpgradable": false,
      "isPatchable": false,
      "name": "musl/musl-utils",
      "version": "1.1.18-r3",
      "nearestFixedInVersion": "1.1.18-r4",
      "dockerBaseImage": "alpine:3.7.3"
    },
    {
      "id": "SNYK-ALPINE37-MUSL-458286",
      "cpes": [],
      "title": "Out-of-bounds Write",
      "CVSSv3": "CVSS:3.1/AV:N/AC:L/PR:N/UI:N/S:U/C:H/I:H/A:H",
      "credit": [
        ""
      ],
      "semver": {
        "vulnerable": [
          "<1.1.18-r4"
        ]
      },
      "exploit": "Not Defined",
      "fixedIn": [
        "1.1.18-r4"
      ],
      "patches": [],
      "insights": {
        "triageAdvice": null
      },
      "language": "linux",
      "severity": "critical",
      "cvssScore": 9.8,
      "malicious": false,
      "isDisputed": false,
      "references": [
        {
          "url": "https://cve.mitre.org/cgi-bin/cvename.cgi?name=CVE-2019-14697",
          "title": "https://cve.mitre.org/cgi-bin/cvename.cgi?name=CVE-2019-14697"
        },
        {
          "url": "https://security-tracker.debian.org/tracker/CVE-2019-14697",
          "title": "https://security-tracker.debian.org/tracker/CVE-2019-14697"
        },
        {
          "url": "https://security.gentoo.org/glsa/202003-13",
          "title": "https://security.gentoo.org/glsa/202003-13"
        },
        {
          "url": "https://www.openwall.com/lists/musl/2019/08/06/1",
          "title": "https://www.openwall.com/lists/musl/2019/08/06/1"
        },
        {
          "url": "http://www.openwall.com/lists/oss-security/2019/08/06/4",
          "title": "http://www.openwall.com/lists/oss-security/2019/08/06/4"
        }
      ],
      "cvssDetails": [
        {
          "assigner": "NVD",
          "severity": "critical",
          "cvssV3Vector": "CVSS:3.1/AV:N/AC:L/PR:N/UI:N/S:U/C:H/I:H/A:H",
          "cvssV3BaseScore": 9.8,
          "modificationTime": "2023-03-04T01:10:12.832663Z"
        }
      ],
      "description": "## NVD Description\n**_Note:_** _Versions mentioned in the description apply only to the upstream `musl` package and not the `musl` package as distributed by `Alpine`._\n_See `How to fix?` for `Alpine:3.7` relevant fixed versions and status._\n\nmusl libc through 1.1.23 has an x87 floating-point stack adjustment imbalance, related to the math/i386/ directory. In some cases, use of this library could introduce out-of-bounds writes that are not present in an application&#39;s source code.\n## Remediation\nUpgrade `Alpine:3.7` `musl` to version 1.1.18-r4 or higher.\n## References\n- [ADVISORY](https://cve.mitre.org/cgi-bin/cvename.cgi?name=CVE-2019-14697)\n- [Debian Security Tracker](https://security-tracker.debian.org/tracker/CVE-2019-14697)\n- [Gentoo Security Advisory](https://security.gentoo.org/glsa/202003-13)\n- [MISC](https://www.openwall.com/lists/musl/2019/08/06/1)\n- [OSS security Advisory](http://www.openwall.com/lists/oss-security/2019/08/06/4)\n",
      "epssDetails": {
        "percentile": "0.78120",
        "probability": "0.00616",
        "modelVersion": "v2023.03.01"
      },
      "identifiers": {
        "CVE": [
          "CVE-2019-14697"
        ],
        "CWE": [
          "CWE-787"
        ],
        "ALTERNATIVE": []
      },
      "nvdSeverity": "critical",
      "packageName": "musl",
      "creationTime": "2020-07-21T16:54:45.620197Z",
      "disclosureTime": "2019-08-06T16:15:00Z",
      "packageManager": "alpine:3.7",
      "publicationTime": "2019-08-06T22:04:52.037600Z",
      "modificationTime": "2023-03-04T01:10:12.832663Z",
      "socialTrendAlert": false,
      "relativeImportance": null,
      "severityWithCritical": "critical",
      "from": [
        "docker-image|atlassian/pipelines-dvcstools@prod-stable",
        "musl/musl@1.1.18-r3"
      ],
      "upgradePath": [
        false,
        "musl/musl@1.1.18-r4"
      ],
      "isUpgradable": true,
      "isPatchable": false,
      "name": "musl/musl",
      "version": "1.1.18-r3",
      "nearestFixedInVersion": "1.1.18-r4",
      "dockerBaseImage": "alpine:3.7.3"
    }
  ],
  "ok": false,
  "dependencyCount": 31,
  "org": "suleymanergen32",
  "policy": "# Snyk (https://snyk.io) policy file, patches or ignores known vulnerabilities.\nversion: v1.25.1\nignore: {}\npatch: {}\n",
  "isPrivate": true,
  "licensesPolicy": {
    "severities": {},
    "orgLicenseRules": {
      "AGPL-1.0": {
        "licenseType": "AGPL-1.0",
        "severity": "high",
        "instructions": ""
      },
      "AGPL-3.0": {
        "licenseType": "AGPL-3.0",
        "severity": "high",
        "instructions": ""
      },
      "Artistic-1.0": {
        "licenseType": "Artistic-1.0",
        "severity": "medium",
        "instructions": ""
      },
      "Artistic-2.0": {
        "licenseType": "Artistic-2.0",
        "severity": "medium",
        "instructions": ""
      },
      "CDDL-1.0": {
        "licenseType": "CDDL-1.0",
        "severity": "medium",
        "instructions": ""
      },
      "CPOL-1.02": {
        "licenseType": "CPOL-1.02",
        "severity": "high",
        "instructions": ""
      },
      "EPL-1.0": {
        "licenseType": "EPL-1.0",
        "severity": "medium",
        "instructions": ""
      },
      "GPL-2.0": {
        "licenseType": "GPL-2.0",
        "severity": "high",
        "instructions": ""
      },
      "GPL-3.0": {
        "licenseType": "GPL-3.0",
        "severity": "high",
        "instructions": ""
      },
      "LGPL-2.0": {
        "licenseType": "LGPL-2.0",
        "severity": "medium",
        "instructions": ""
      },
      "LGPL-2.1": {
        "licenseType": "LGPL-2.1",
        "severity": "medium",
        "instructions": ""
      },
      "LGPL-3.0": {
        "licenseType": "LGPL-3.0",
        "severity": "medium",
        "instructions": ""
      },
      "MPL-1.1": {
        "licenseType": "MPL-1.1",
        "severity": "medium",
        "instructions": ""
      },
      "MPL-2.0": {
        "licenseType": "MPL-2.0",
        "severity": "medium",
        "instructions": ""
      },
      "MS-RL": {
        "licenseType": "MS-RL",
        "severity": "medium",
        "instructions": ""
      },
      "SimPL-2.0": {
        "licenseType": "SimPL-2.0",
        "severity": "high",
        "instructions": ""
      }
    }
  },
  "packageManager": "apk",
  "ignoreSettings": {
    "adminOnly": false,
    "reasonRequired": false,
    "disregardFilesystemIgnores": false
  },
  "docker": {
    "baseImage": "alpine:3.7.3",
    "baseImageRemediation": {
      "code": "REMEDIATION_AVAILABLE",
      "advice": [
        {
          "message": "Base Image    Vulnerabilities  Severity\nalpine:3.7.3  1                1 critical, 0 high, 0 medium, 0 low\n"
        },
        {
          "message": "Recommendations for base image upgrade:\n",
          "bold": true
        },
        {
          "message": "Minor upgrades",
          "bold": true
        },
        {
          "message": "Base Image     Vulnerabilities  Severity\nalpine:3.18.6  0                0 critical, 0 high, 0 medium, 0 low\n"
        },
        {
          "message": "Alpine 3.7.3 is no longer supported by the Alpine maintainers. Vulnerability detection may be affected by a lack of security updates.",
          "bold": true,
          "color": "yellow"
        }
      ]
    }
  },
  "summary": "11 vulnerable dependency paths",
  "filesystemPolicy": false,
  "filtered": {
    "ignore": [],
    "patch": []
  },
  "uniqueCount": 9,
  "projectName": "docker-image|atlassian/pipelines-dvcstools",
  "platform": "linux/amd64",
  "hasUnknownVersions": false,
  "path": "atlassian/pipelines-dvcstools:prod-stable/pipelines-dvcstools"
}
