{
  "vulnerabilities": [],
  "ok": true,
  "dependencyCount": 3,
  "org": "suleymanergen32",
  "policy": "# Snyk (https://snyk.io) policy file, patches or ignores known vulnerabilities.\nversion: v1.25.1\nignore: {}\npatch: {}\n",
  "isPrivate": true,
  "licensesPolicy": {
    "severities": {},
    "orgLicenseRules": {
      "AGPL-1.0": {
        "licenseType": "AGPL-1.0",
        "severity": "high",
        "instructions": ""
      },
      "AGPL-3.0": {
        "licenseType": "AGPL-3.0",
        "severity": "high",
        "instructions": ""
      },
      "Artistic-1.0": {
        "licenseType": "Artistic-1.0",
        "severity": "medium",
        "instructions": ""
      },
      "Artistic-2.0": {
        "licenseType": "Artistic-2.0",
        "severity": "medium",
        "instructions": ""
      },
      "CDDL-1.0": {
        "licenseType": "CDDL-1.0",
        "severity": "medium",
        "instructions": ""
      },
      "CPOL-1.02": {
        "licenseType": "CPOL-1.02",
        "severity": "high",
        "instructions": ""
      },
      "EPL-1.0": {
        "licenseType": "EPL-1.0",
        "severity": "medium",
        "instructions": ""
      },
      "GPL-2.0": {
        "licenseType": "GPL-2.0",
        "severity": "high",
        "instructions": ""
      },
      "GPL-3.0": {
        "licenseType": "GPL-3.0",
        "severity": "high",
        "instructions": ""
      },
      "LGPL-2.0": {
        "licenseType": "LGPL-2.0",
        "severity": "medium",
        "instructions": ""
      },
      "LGPL-2.1": {
        "licenseType": "LGPL-2.1",
        "severity": "medium",
        "instructions": ""
      },
      "LGPL-3.0": {
        "licenseType": "LGPL-3.0",
        "severity": "medium",
        "instructions": ""
      },
      "MPL-1.1": {
        "licenseType": "MPL-1.1",
        "severity": "medium",
        "instructions": ""
      },
      "MPL-2.0": {
        "licenseType": "MPL-2.0",
        "severity": "medium",
        "instructions": ""
      },
      "MS-RL": {
        "licenseType": "MS-RL",
        "severity": "medium",
        "instructions": ""
      },
      "SimPL-2.0": {
        "licenseType": "SimPL-2.0",
        "severity": "high",
        "instructions": ""
      }
    }
  },
  "packageManager": "deb",
  "ignoreSettings": {
    "adminOnly": false,
    "reasonRequired": false,
    "disregardFilesystemIgnores": false
  },
  "docker": {},
  "summary": "No known operating system vulnerabilities",
  "filesystemPolicy": false,
  "uniqueCount": 0,
  "projectName": "docker-image|rancher/mirrored-metrics-server",
  "platform": "linux/amd64",
  "hasUnknownVersions": false,
  "path": "rancher/mirrored-metrics-server:v0.6.3/mirrored-metrics-server",
  "applications": [
    {
      "vulnerabilities": [
        {
          "id": "SNYK-GOLANG-GOLANGORGXNETHTTP2-5953327",
          "title": "Denial of Service (DoS)",
          "CVSSv3": "CVSS:3.1/AV:N/AC:L/PR:N/UI:N/S:U/C:N/I:N/A:H/E:H",
          "credit": [
            "Unknown"
          ],
          "semver": {
            "vulnerable": [
              "<0.17.0"
            ],
            "hashesRange": [
              "<v0.17.0"
            ],
            "vulnerableHashes": []
          },
          "exploit": "High",
          "fixedIn": [
            "0.17.0"
          ],
          "patches": [],
          "insights": {
            "triageAdvice": null
          },
          "language": "golang",
          "severity": "high",
          "cvssScore": 7.5,
          "functions": [],
          "malicious": false,
          "isDisputed": false,
          "moduleName": "golang.org/x/net/http2",
          "references": [
            {
              "url": "https://github.com/helidon-io/helidon/commit/58f43670086e530750c7cb74b0bec92bf5189c79",
              "title": "Github Commit"
            },
            {
              "url": "https://github.com/apache/tomcat/commit/76bb4bfbfeae827dce896f650655bbf6e251ed49",
              "title": "GitHub Commit"
            },
            {
              "url": "https://github.com/apache/tomcat/commit/9cdfe25bad707f34b3e5da2994f3f1952a163c3e",
              "title": "GitHub Commit"
            },
            {
              "url": "https://github.com/eclipse/jetty.project/commit/dbb94514dc9d3fb21fe92080f57c314e7e06a148",
              "title": "GitHub Commit"
            },
            {
              "url": "https://github.com/gravitational/teleport/commit/15f34f927a45130408eb16ed09af5620270d4d1f",
              "title": "GitHub Commit"
            },
            {
              "url": "https://github.com/kubernetes/apimachinery/commit/be9188050914374ee8128239e5a2e5998d7897f5",
              "title": "GitHub Commit"
            },
            {
              "url": "https://github.com/netty/netty/commit/58f75f665aa81a8cbcf6ffa74820042a285c5e61",
              "title": "GitHub Commit"
            },
            {
              "url": "https://github.com/nghttp2/nghttp2/commit/72b4af6143681f528f1d237b21a9a7aee1738832",
              "title": "GitHub Commit"
            },
            {
              "url": "https://github.com/operator-framework/operator-lifecycle-manager/commit/9ec03f07f942dc9cef736957fa152e39157d6e13",
              "title": "GitHub Commit"
            },
            {
              "url": "https://snyk.io/blog/find-fix-http-2-rapid-reset-zero-day-vulnerability-cve-2023-44487/",
              "title": "Snyk Blog"
            },
            {
              "url": "https://blog.cloudflare.com/technical-breakdown-http2-rapid-reset-ddos-attack/",
              "title": "Vulnerability Discovery"
            },
            {
              "url": "https://cloud.google.com/blog/products/identity-security/how-it-works-the-novel-http2-rapid-reset-ddos-attack",
              "title": "Vulnerability Explanation"
            },
            {
              "url": "https://www.cisa.gov/known-exploited-vulnerabilities-catalog",
              "title": "CISA - Known Exploited Vulnerabilities"
            }
          ],
          "cvssDetails": [
            {
              "assigner": "NVD",
              "severity": "high",
              "cvssV3Vector": "CVSS:3.1/AV:N/AC:L/PR:N/UI:N/S:U/C:N/I:N/A:H",
              "cvssV3BaseScore": 7.5,
              "modificationTime": "2023-10-14T01:11:01.801031Z"
            },
            {
              "assigner": "SUSE",
              "severity": "high",
              "cvssV3Vector": "CVSS:3.1/AV:N/AC:L/PR:N/UI:N/S:U/C:N/I:N/A:H",
              "cvssV3BaseScore": 7.5,
              "modificationTime": "2023-10-14T11:03:27.396232Z"
            },
            {
              "assigner": "Red Hat",
              "severity": "high",
              "cvssV3Vector": "CVSS:3.1/AV:N/AC:L/PR:N/UI:N/S:U/C:N/I:N/A:H",
              "cvssV3BaseScore": 7.5,
              "modificationTime": "2023-11-08T09:43:54.280816Z"
            }
          ],
          "description": "## Overview\n[golang.org/x/net/http2](https://pkg.go.dev/golang.org/x/net/http2) is a work-in-progress HTTP/2 implementation for Go.\n\nAffected versions of this package are vulnerable to Denial of Service (DoS) in the implementation of the HTTP/2 protocol. An attacker can cause a denial of service (including via DDoS) by rapidly resetting many streams through request cancellation.\n## Remediation\nUpgrade `golang.org/x/net/http2` to version 0.17.0 or higher.\n## References\n- [Github Commit](https://github.com/helidon-io/helidon/commit/58f43670086e530750c7cb74b0bec92bf5189c79)\n- [GitHub Commit](https://github.com/apache/tomcat/commit/76bb4bfbfeae827dce896f650655bbf6e251ed49)\n- [GitHub Commit](https://github.com/apache/tomcat/commit/9cdfe25bad707f34b3e5da2994f3f1952a163c3e)\n- [GitHub Commit](https://github.com/eclipse/jetty.project/commit/dbb94514dc9d3fb21fe92080f57c314e7e06a148)\n- [GitHub Commit](https://github.com/gravitational/teleport/commit/15f34f927a45130408eb16ed09af5620270d4d1f)\n- [GitHub Commit](https://github.com/kubernetes/apimachinery/commit/be9188050914374ee8128239e5a2e5998d7897f5)\n- [GitHub Commit](https://github.com/netty/netty/commit/58f75f665aa81a8cbcf6ffa74820042a285c5e61)\n- [GitHub Commit](https://github.com/nghttp2/nghttp2/commit/72b4af6143681f528f1d237b21a9a7aee1738832)\n- [GitHub Commit](https://github.com/operator-framework/operator-lifecycle-manager/commit/9ec03f07f942dc9cef736957fa152e39157d6e13)\n- [Snyk Blog](https://snyk.io/blog/find-fix-http-2-rapid-reset-zero-day-vulnerability-cve-2023-44487/)\n- [Vulnerability Discovery](https://blog.cloudflare.com/technical-breakdown-http2-rapid-reset-ddos-attack/)\n- [Vulnerability Explanation](https://cloud.google.com/blog/products/identity-security/how-it-works-the-novel-http2-rapid-reset-ddos-attack)\n- [CISA - Known Exploited Vulnerabilities](https://www.cisa.gov/known-exploited-vulnerabilities-catalog)\n",
          "epssDetails": {
            "percentile": "0.97909",
            "probability": "0.70585",
            "modelVersion": "v2023.03.01"
          },
          "identifiers": {
            "GO": [
              "GO-2023-2153"
            ],
            "CVE": [
              "CVE-2023-44487"
            ],
            "CWE": [
              "CWE-400"
            ],
            "GHSA": [
              "GHSA-2m7v-gc89-fjqf",
              "GHSA-jhv4-f7mr-xx76"
            ]
          },
          "packageName": "golang.org/x/net/http2",
          "proprietary": false,
          "creationTime": "2023-10-10T21:24:19.249482Z",
          "functions_new": [],
          "alternativeIds": [],
          "disclosureTime": "2023-10-10T14:47:39Z",
          "packageManager": "golang",
          "publicationTime": "2023-10-11T06:03:00.595391Z",
          "modificationTime": "2023-12-14T08:07:09.521537Z",
          "socialTrendAlert": false,
          "severityWithCritical": "high",
          "from": [
            "sigs.k8s.io/metrics-server@*",
            "golang.org/x/net/http2@v0.7.0"
          ],
          "upgradePath": [],
          "isUpgradable": false,
          "isPatchable": false,
          "name": "golang.org/x/net/http2",
          "version": "v0.7.0"
        },
        {
          "id": "SNYK-GOLANG-GOLANGORGXNETHTTP2-5958903",
          "title": "Allocation of Resources Without Limits or Throttling",
          "CVSSv3": "CVSS:3.1/AV:N/AC:L/PR:N/UI:R/S:U/C:N/I:N/A:L",
          "credit": [
            "Damien Neil"
          ],
          "semver": {
            "vulnerable": [
              "<0.17.0"
            ],
            "hashesRange": [
              "<695775ce641b0f80c9cf03e8a796595355422dd3"
            ],
            "vulnerableHashes": []
          },
          "exploit": "Not Defined",
          "fixedIn": [
            "0.17.0"
          ],
          "patches": [],
          "insights": {
            "triageAdvice": null
          },
          "language": "golang",
          "severity": "medium",
          "cvssScore": 4.3,
          "functions": [],
          "malicious": false,
          "isDisputed": false,
          "moduleName": "golang.org/x/net/http2",
          "references": [
            {
              "url": "https://github.com/golang/net/commit/695775ce641b0f80c9cf03e8a796595355422dd3",
              "title": "GitHub Commit"
            },
            {
              "url": "https://github.com/golang/net/commit/b225e7ca6dde1ef5a5ae5ce922861bda011cfabd",
              "title": "GitHub Commit"
            },
            {
              "url": "https://github.com/containerd/containerd/pull/9387",
              "title": "GitHub PR"
            }
          ],
          "cvssDetails": [
            {
              "assigner": "SUSE",
              "severity": "high",
              "cvssV3Vector": "CVSS:3.1/AV:N/AC:L/PR:N/UI:N/S:U/C:N/I:N/A:H",
              "cvssV3BaseScore": 7.5,
              "modificationTime": "2023-10-14T11:03:10.864724Z"
            },
            {
              "assigner": "NVD",
              "severity": "high",
              "cvssV3Vector": "CVSS:3.1/AV:N/AC:L/PR:N/UI:N/S:U/C:N/I:N/A:H",
              "cvssV3BaseScore": 7.5,
              "modificationTime": "2023-11-01T01:11:04.991441Z"
            },
            {
              "assigner": "Red Hat",
              "severity": "high",
              "cvssV3Vector": "CVSS:3.1/AV:N/AC:L/PR:N/UI:N/S:U/C:N/I:N/A:H",
              "cvssV3BaseScore": 7.5,
              "modificationTime": "2023-11-08T09:43:54.226315Z"
            }
          ],
          "description": "## Overview\n[golang.org/x/net/http2](https://pkg.go.dev/golang.org/x/net/http2) is a work-in-progress HTTP/2 implementation for Go.\n\nAffected versions of this package are vulnerable to Allocation of Resources Without Limits or Throttling when `MaxConcurrentStreams` handler `goroutines` running. A a handler is started until one of the existing handlers exits.\r\n\r\n**Note:**\r\n\r\nThis issue is related to [CVE-2023-44487](https://security.snyk.io/vuln/SNYK-GOLANG-GOLANGORGXNETHTTP2-5953327)\n## Remediation\nUpgrade `golang.org/x/net/http2` to version 0.17.0 or higher.\n## References\n- [GitHub Commit](https://github.com/golang/net/commit/695775ce641b0f80c9cf03e8a796595355422dd3)\n- [GitHub Commit](https://github.com/golang/net/commit/b225e7ca6dde1ef5a5ae5ce922861bda011cfabd)\n- [GitHub PR](https://github.com/containerd/containerd/pull/9387)\n",
          "epssDetails": {
            "percentile": "0.50419",
            "probability": "0.00153",
            "modelVersion": "v2023.03.01"
          },
          "identifiers": {
            "CVE": [
              "CVE-2023-39325"
            ],
            "CWE": [
              "CWE-770"
            ]
          },
          "packageName": "golang.org/x/net/http2",
          "proprietary": false,
          "creationTime": "2023-10-11T10:48:04.271543Z",
          "functions_new": [],
          "alternativeIds": [],
          "disclosureTime": "2023-10-10T19:46:42Z",
          "packageManager": "golang",
          "publicationTime": "2023-11-27T10:26:17.463513Z",
          "modificationTime": "2023-11-27T10:26:17.463742Z",
          "socialTrendAlert": false,
          "severityWithCritical": "medium",
          "from": [
            "sigs.k8s.io/metrics-server@*",
            "golang.org/x/net/http2@v0.7.0"
          ],
          "upgradePath": [],
          "isUpgradable": false,
          "isPatchable": false,
          "name": "golang.org/x/net/http2",
          "version": "v0.7.0"
        },
        {
          "id": "SNYK-GOLANG-GOOGLEGOLANGORGGRPC-5953328",
          "title": "Denial of Service (DoS)",
          "CVSSv3": "CVSS:3.1/AV:N/AC:L/PR:N/UI:N/S:U/C:N/I:N/A:H/E:H",
          "credit": [
            "Unknown"
          ],
          "semver": {
            "vulnerable": [
              "<1.56.3",
              ">=1.57.0 <1.57.1",
              ">=1.58.0 <1.58.3"
            ],
            "hashesRange": [
              "<v1.56.3",
              ">=v1.57.0 <v1.57.1",
              ">=v1.58.0 <v1.58.3"
            ],
            "vulnerableHashes": []
          },
          "exploit": "High",
          "fixedIn": [
            "1.56.3",
            "1.57.1",
            "1.58.3"
          ],
          "patches": [],
          "insights": {
            "triageAdvice": null
          },
          "language": "golang",
          "severity": "high",
          "cvssScore": 7.5,
          "functions": [],
          "malicious": false,
          "isDisputed": false,
          "moduleName": "google.golang.org/grpc",
          "references": [
            {
              "url": "https://github.com/helidon-io/helidon/commit/58f43670086e530750c7cb74b0bec92bf5189c79",
              "title": "Github Commit"
            },
            {
              "url": "https://github.com/apache/tomcat/commit/76bb4bfbfeae827dce896f650655bbf6e251ed49",
              "title": "GitHub Commit"
            },
            {
              "url": "https://github.com/apache/tomcat/commit/9cdfe25bad707f34b3e5da2994f3f1952a163c3e",
              "title": "GitHub Commit"
            },
            {
              "url": "https://github.com/eclipse/jetty.project/commit/dbb94514dc9d3fb21fe92080f57c314e7e06a148",
              "title": "GitHub Commit"
            },
            {
              "url": "https://github.com/gravitational/teleport/commit/15f34f927a45130408eb16ed09af5620270d4d1f",
              "title": "GitHub Commit"
            },
            {
              "url": "https://github.com/kubernetes/apimachinery/commit/be9188050914374ee8128239e5a2e5998d7897f5",
              "title": "GitHub Commit"
            },
            {
              "url": "https://github.com/netty/netty/commit/58f75f665aa81a8cbcf6ffa74820042a285c5e61",
              "title": "GitHub Commit"
            },
            {
              "url": "https://github.com/nghttp2/nghttp2/commit/72b4af6143681f528f1d237b21a9a7aee1738832",
              "title": "GitHub Commit"
            },
            {
              "url": "https://github.com/operator-framework/operator-lifecycle-manager/commit/9ec03f07f942dc9cef736957fa152e39157d6e13",
              "title": "GitHub Commit"
            },
            {
              "url": "https://snyk.io/blog/find-fix-http-2-rapid-reset-zero-day-vulnerability-cve-2023-44487/",
              "title": "Snyk Blog"
            },
            {
              "url": "https://blog.cloudflare.com/technical-breakdown-http2-rapid-reset-ddos-attack/",
              "title": "Vulnerability Discovery"
            },
            {
              "url": "https://cloud.google.com/blog/products/identity-security/how-it-works-the-novel-http2-rapid-reset-ddos-attack",
              "title": "Vulnerability Explanation"
            },
            {
              "url": "https://www.cisa.gov/known-exploited-vulnerabilities-catalog",
              "title": "CISA - Known Exploited Vulnerabilities"
            }
          ],
          "cvssDetails": [
            {
              "assigner": "NVD",
              "severity": "high",
              "cvssV3Vector": "CVSS:3.1/AV:N/AC:L/PR:N/UI:N/S:U/C:N/I:N/A:H",
              "cvssV3BaseScore": 7.5,
              "modificationTime": "2023-10-14T01:11:01.801031Z"
            },
            {
              "assigner": "SUSE",
              "severity": "high",
              "cvssV3Vector": "CVSS:3.1/AV:N/AC:L/PR:N/UI:N/S:U/C:N/I:N/A:H",
              "cvssV3BaseScore": 7.5,
              "modificationTime": "2023-10-14T11:03:27.396232Z"
            },
            {
              "assigner": "Red Hat",
              "severity": "high",
              "cvssV3Vector": "CVSS:3.1/AV:N/AC:L/PR:N/UI:N/S:U/C:N/I:N/A:H",
              "cvssV3BaseScore": 7.5,
              "modificationTime": "2023-11-08T09:43:54.280816Z"
            }
          ],
          "description": "## Overview\n[google.golang.org/grpc](https://pkg.go.dev/google.golang.org/grpc) is a Go implementation of gRPC\n\nAffected versions of this package are vulnerable to Denial of Service (DoS) in the implementation of the HTTP/2 protocol. An attacker can cause a denial of service (including via DDoS) by rapidly resetting many streams through request cancellation.\n## Remediation\nUpgrade `google.golang.org/grpc` to version 1.56.3, 1.57.1, 1.58.3 or higher.\n## References\n- [Github Commit](https://github.com/helidon-io/helidon/commit/58f43670086e530750c7cb74b0bec92bf5189c79)\n- [GitHub Commit](https://github.com/apache/tomcat/commit/76bb4bfbfeae827dce896f650655bbf6e251ed49)\n- [GitHub Commit](https://github.com/apache/tomcat/commit/9cdfe25bad707f34b3e5da2994f3f1952a163c3e)\n- [GitHub Commit](https://github.com/eclipse/jetty.project/commit/dbb94514dc9d3fb21fe92080f57c314e7e06a148)\n- [GitHub Commit](https://github.com/gravitational/teleport/commit/15f34f927a45130408eb16ed09af5620270d4d1f)\n- [GitHub Commit](https://github.com/kubernetes/apimachinery/commit/be9188050914374ee8128239e5a2e5998d7897f5)\n- [GitHub Commit](https://github.com/netty/netty/commit/58f75f665aa81a8cbcf6ffa74820042a285c5e61)\n- [GitHub Commit](https://github.com/nghttp2/nghttp2/commit/72b4af6143681f528f1d237b21a9a7aee1738832)\n- [GitHub Commit](https://github.com/operator-framework/operator-lifecycle-manager/commit/9ec03f07f942dc9cef736957fa152e39157d6e13)\n- [Snyk Blog](https://snyk.io/blog/find-fix-http-2-rapid-reset-zero-day-vulnerability-cve-2023-44487/)\n- [Vulnerability Discovery](https://blog.cloudflare.com/technical-breakdown-http2-rapid-reset-ddos-attack/)\n- [Vulnerability Explanation](https://cloud.google.com/blog/products/identity-security/how-it-works-the-novel-http2-rapid-reset-ddos-attack)\n- [CISA - Known Exploited Vulnerabilities](https://www.cisa.gov/known-exploited-vulnerabilities-catalog)\n",
          "epssDetails": {
            "percentile": "0.97909",
            "probability": "0.70585",
            "modelVersion": "v2023.03.01"
          },
          "identifiers": {
            "GO": [
              "GO-2023-2153"
            ],
            "CVE": [
              "CVE-2023-44487"
            ],
            "CWE": [
              "CWE-400"
            ],
            "GHSA": [
              "GHSA-2m7v-gc89-fjqf",
              "GHSA-jhv4-f7mr-xx76"
            ]
          },
          "packageName": "google.golang.org/grpc",
          "proprietary": false,
          "creationTime": "2023-10-10T21:24:19.659383Z",
          "functions_new": [],
          "alternativeIds": [],
          "disclosureTime": "2023-10-10T14:47:39Z",
          "packageManager": "golang",
          "publicationTime": "2023-10-11T06:03:00.595391Z",
          "modificationTime": "2023-12-14T08:07:09.521537Z",
          "socialTrendAlert": false,
          "severityWithCritical": "high",
          "from": [
            "sigs.k8s.io/metrics-server@*",
            "google.golang.org/grpc@v1.50.1"
          ],
          "upgradePath": [],
          "isUpgradable": false,
          "isPatchable": false,
          "name": "google.golang.org/grpc",
          "version": "v1.50.1"
        },
        {
          "id": "SNYK-GOLANG-GOOGLEGOLANGORGPROTOBUFENCODINGPROTOJSON-6137908",
          "title": "Stack-based Buffer Overflow",
          "CVSSv3": "CVSS:3.1/AV:N/AC:H/PR:N/UI:N/S:U/C:N/I:N/A:H",
          "credit": [
            "jhump"
          ],
          "semver": {
            "vulnerable": [
              "<1.32.0"
            ],
            "hashesRange": [
              "<bfcd6476a38e41247d6bb43dc8f00b23ec9fffc2"
            ],
            "vulnerableHashes": null
          },
          "exploit": "Not Defined",
          "fixedIn": [
            "1.32.0"
          ],
          "patches": [],
          "insights": {
            "triageAdvice": null
          },
          "language": "golang",
          "severity": "medium",
          "cvssScore": 5.9,
          "functions": [],
          "malicious": false,
          "isDisputed": false,
          "moduleName": "google.golang.org/protobuf/encoding/protojson",
          "references": [
            {
              "url": "https://github.com/protocolbuffers/protobuf-go/commit/bfcd6476a38e41247d6bb43dc8f00b23ec9fffc2",
              "title": "GitHub Commit"
            },
            {
              "url": "https://github.com/golang/protobuf/issues/1584",
              "title": "GitHub Issue"
            }
          ],
          "cvssDetails": [],
          "description": "## Overview\n\nAffected versions of this package are vulnerable to Stack-based Buffer Overflow when processing input that uses pathologically deep nesting.\n## Remediation\nUpgrade `google.golang.org/protobuf/encoding/protojson` to version 1.32.0 or higher.\n## References\n- [GitHub Commit](https://github.com/protocolbuffers/protobuf-go/commit/bfcd6476a38e41247d6bb43dc8f00b23ec9fffc2)\n- [GitHub Issue](https://github.com/golang/protobuf/issues/1584)\n",
          "epssDetails": null,
          "identifiers": {
            "CVE": [],
            "CWE": [
              "CWE-121"
            ]
          },
          "packageName": "google.golang.org/protobuf/encoding/protojson",
          "proprietary": false,
          "creationTime": "2023-12-22T07:56:01.435551Z",
          "functions_new": [],
          "alternativeIds": [],
          "disclosureTime": "2023-12-21T17:31:13Z",
          "packageManager": "golang",
          "publicationTime": "2023-12-22T07:57:46.872135Z",
          "modificationTime": "2023-12-29T11:55:36.470401Z",
          "socialTrendAlert": false,
          "severityWithCritical": "medium",
          "from": [
            "sigs.k8s.io/metrics-server@*",
            "google.golang.org/protobuf/encoding/protojson@v1.28.1"
          ],
          "upgradePath": [],
          "isUpgradable": false,
          "isPatchable": false,
          "name": "google.golang.org/protobuf/encoding/protojson",
          "version": "v1.28.1"
        },
        {
          "id": "SNYK-GOLANG-GOOPENTELEMETRYIOCONTRIBINSTRUMENTATIONNETHTTPOTELHTTP-5963583",
          "title": "Allocation of Resources Without Limits or Throttling",
          "CVSSv3": "CVSS:3.1/AV:N/AC:L/PR:N/UI:N/S:U/C:N/I:N/A:H",
          "credit": [
            "Jakub Warczarek"
          ],
          "semver": {
            "vulnerable": [
              "<0.44.0"
            ],
            "hashesRange": [
              "<v0.44.0"
            ],
            "vulnerableHashes": []
          },
          "exploit": "Not Defined",
          "fixedIn": [
            "0.44.0"
          ],
          "patches": [],
          "insights": {
            "triageAdvice": null
          },
          "language": "golang",
          "severity": "high",
          "cvssScore": 7.5,
          "functions": [],
          "malicious": false,
          "isDisputed": false,
          "moduleName": "go.opentelemetry.io/contrib/instrumentation/net/http/otelhttp",
          "references": [
            {
              "url": "https://github.com/open-telemetry/opentelemetry-go-contrib/commit/50ca48f8017e04bcf9149a5435e7f8f96f9e83c9",
              "title": "GitHub Commit"
            },
            {
              "url": "https://github.com/open-telemetry/opentelemetry-go-contrib/pull/4277",
              "title": "GitHub PR"
            },
            {
              "url": "https://github.com/open-telemetry/opentelemetry-go/blob/38e1b499c3da3107694ad2660b3888eee9c8b896/semconv/internal/v2/http.go%23L223",
              "title": "Vulnerable Code"
            },
            {
              "url": "https://github.com/open-telemetry/opentelemetry-go/blob/v1.12.0/semconv/internal/v2/http.go%23L159",
              "title": "Vulnerable Code"
            },
            {
              "url": "https://github.com/open-telemetry/opentelemetry-go-contrib/blob/5f7e6ad5a49b45df45f61a1deb29d7f1158032df/instrumentation/net/http/otelhttp/handler.go%23L63-L65",
              "title": "Vulnerable Code"
            }
          ],
          "cvssDetails": [
            {
              "assigner": "NVD",
              "severity": "high",
              "cvssV3Vector": "CVSS:3.1/AV:N/AC:L/PR:N/UI:N/S:U/C:N/I:N/A:H",
              "cvssV3BaseScore": 7.5,
              "modificationTime": "2022-11-15T01:10:29.297446Z"
            },
            {
              "assigner": "SUSE",
              "severity": "high",
              "cvssV3Vector": "CVSS:3.1/AV:N/AC:L/PR:N/UI:N/S:U/C:N/I:N/A:H",
              "cvssV3BaseScore": 7.5,
              "modificationTime": "2022-10-27T11:03:48.353189Z"
            },
            {
              "assigner": "Red Hat",
              "severity": "high",
              "cvssV3Vector": "CVSS:3.1/AV:N/AC:L/PR:N/UI:N/S:U/C:N/I:N/A:H",
              "cvssV3BaseScore": 7.5,
              "modificationTime": "2023-11-08T09:43:38.451299Z"
            }
          ],
          "description": "## Overview\n\nAffected versions of this package are vulnerable to Allocation of Resources Without Limits or Throttling when the `otelhttp.NewHandler` wrapper is used and no filtering is applied to unknown HTTP methods or User agents at the CDN, LB, or previous middleware levels. An attacker can cause the server's potential memory exhaustion by sending numerous malicious requests with random and long HTTP User-Agent or HTTP method values. \n\n**Note:**\n\nThis is only exploitable if the program does not filter any unknown HTTP methods or User agents on the level of CDN, LB, previous middleware, etc. \n\n**Mitigation:** \n\nThis vulnerability can be mitigated by using `otelhttp.WithFilter()`, which requires manual configuration to not log certain requests entirely. For convenience and safe usage of this library, it should by default mark with the label `unknown` non-standard HTTP methods and User agents to show that such requests were made but do not increase cardinality.\n## Remediation\nUpgrade `go.opentelemetry.io/contrib/instrumentation/net/http/otelhttp` to version 0.44.0 or higher.\n## References\n- [GitHub Commit](https://github.com/open-telemetry/opentelemetry-go-contrib/commit/50ca48f8017e04bcf9149a5435e7f8f96f9e83c9)\n- [GitHub PR](https://github.com/open-telemetry/opentelemetry-go-contrib/pull/4277)\n- [Vulnerable Code](https://github.com/open-telemetry/opentelemetry-go/blob/38e1b499c3da3107694ad2660b3888eee9c8b896/semconv/internal/v2/http.go#L223)\n- [Vulnerable Code](https://github.com/open-telemetry/opentelemetry-go/blob/v1.12.0/semconv/internal/v2/http.go#L159)\n- [Vulnerable Code](https://github.com/open-telemetry/opentelemetry-go-contrib/blob/5f7e6ad5a49b45df45f61a1deb29d7f1158032df/instrumentation/net/http/otelhttp/handler.go#L63-L65)\n",
          "epssDetails": {
            "percentile": "0.74923",
            "probability": "0.00473",
            "modelVersion": "v2023.03.01"
          },
          "identifiers": {
            "CVE": [
              "CVE-2022-21698"
            ],
            "CWE": [
              "CWE-770"
            ],
            "GHSA": [
              "GHSA-5r5m-65gx-7vrh",
              "GHSA-cg3q-j54f-5p7p",
              "GHSA-rcjv-mgp8-qvmr"
            ]
          },
          "packageName": "go.opentelemetry.io/contrib/instrumentation/net/http/otelhttp",
          "proprietary": false,
          "creationTime": "2023-10-13T14:05:12.769479Z",
          "functions_new": [],
          "alternativeIds": [],
          "disclosureTime": "2023-10-12T17:49:33.127000Z",
          "packageManager": "golang",
          "publicationTime": "2023-10-13T14:05:12.990398Z",
          "modificationTime": "2023-11-08T09:43:38.451299Z",
          "socialTrendAlert": false,
          "severityWithCritical": "high",
          "from": [
            "sigs.k8s.io/metrics-server@*",
            "go.opentelemetry.io/contrib/instrumentation/net/http/otelhttp@v0.20.0"
          ],
          "upgradePath": [],
          "isUpgradable": false,
          "isPatchable": false,
          "name": "go.opentelemetry.io/contrib/instrumentation/net/http/otelhttp",
          "version": "v0.20.0"
        },
        {
          "id": "SNYK-GOLANG-GOOPENTELEMETRYIOCONTRIBINSTRUMENTATIONNETHTTPOTELHTTP-5971109",
          "title": "Allocation of Resources Without Limits or Throttling",
          "CVSSv3": "CVSS:3.1/AV:N/AC:L/PR:N/UI:N/S:U/C:N/I:N/A:H",
          "credit": [
            "Jakub Warczarek",
            "Armin Ruech",
            "Robert Pająk"
          ],
          "semver": {
            "vulnerable": [
              "<0.44.0"
            ],
            "hashesRange": [
              "<v0.44.0"
            ],
            "vulnerableHashes": []
          },
          "exploit": "Not Defined",
          "fixedIn": [
            "0.44.0"
          ],
          "patches": [],
          "insights": {
            "triageAdvice": null
          },
          "language": "golang",
          "severity": "high",
          "cvssScore": 7.5,
          "functions": [],
          "malicious": false,
          "isDisputed": false,
          "moduleName": "go.opentelemetry.io/contrib/instrumentation/net/http/otelhttp",
          "references": [
            {
              "url": "https://github.com/open-telemetry/opentelemetry-go-contrib/commit/50ca48f8017e04bcf9149a5435e7f8f96f9e83c9",
              "title": "GitHub Commit"
            },
            {
              "url": "https://github.com/open-telemetry/opentelemetry-go-contrib/pull/4277",
              "title": "GitHub PR"
            },
            {
              "url": "https://github.com/open-telemetry/opentelemetry-go-contrib/releases/tag/v1.19.0",
              "title": "GitHub Release"
            },
            {
              "url": "https://github.com/open-telemetry/opentelemetry-go/blob/38e1b499c3da3107694ad2660b3888eee9c8b896/semconv/internal/v2/http.go%23L223",
              "title": "Vulnerable Code"
            },
            {
              "url": "https://github.com/open-telemetry/opentelemetry-go/blob/v1.12.0/semconv/internal/v2/http.go%23L159",
              "title": "Vulnerable Code"
            },
            {
              "url": "https://github.com/open-telemetry/opentelemetry-go-contrib/blob/5f7e6ad5a49b45df45f61a1deb29d7f1158032df/instrumentation/net/http/otelhttp/handler.go%23L63-L65",
              "title": "Vulnerable Code"
            }
          ],
          "cvssDetails": [
            {
              "assigner": "NVD",
              "severity": "high",
              "cvssV3Vector": "CVSS:3.1/AV:N/AC:L/PR:N/UI:N/S:U/C:N/I:N/A:H",
              "cvssV3BaseScore": 7.5,
              "modificationTime": "2023-10-19T01:10:57.219390Z"
            },
            {
              "assigner": "Red Hat",
              "severity": "high",
              "cvssV3Vector": "CVSS:3.1/AV:N/AC:L/PR:N/UI:N/S:U/C:N/I:N/A:H",
              "cvssV3BaseScore": 7.5,
              "modificationTime": "2023-11-08T09:43:38.359082Z"
            }
          ],
          "description": "## Overview\n\nAffected versions of this package are vulnerable to Allocation of Resources Without Limits or Throttling via the `otelhttp` handler wrapper. An attacker can cause a denial of service by sending numerous malicious requests with random and long `http.user_agent` and `http.method` labels.\r\n\r\n**Note:**\r\n\r\nThis is only exploitable if the program uses the `otelhttp.NewHandler` wrapper and does not filter any unknown HTTP methods or User agents at the CDN, LB, previous middleware, etc. level.\r\n\r\n## Workaround\r\n\r\nThis vulnerability can be mitigated by using `otelhttp.WithFilter()`, but it requires manual careful configuration to not log certain requests entirely.\n## Remediation\nUpgrade `go.opentelemetry.io/contrib/instrumentation/net/http/otelhttp` to version 0.44.0 or higher.\n## References\n- [GitHub Commit](https://github.com/open-telemetry/opentelemetry-go-contrib/commit/50ca48f8017e04bcf9149a5435e7f8f96f9e83c9)\n- [GitHub PR](https://github.com/open-telemetry/opentelemetry-go-contrib/pull/4277)\n- [GitHub Release](https://github.com/open-telemetry/opentelemetry-go-contrib/releases/tag/v1.19.0)\n- [Vulnerable Code](https://github.com/open-telemetry/opentelemetry-go/blob/38e1b499c3da3107694ad2660b3888eee9c8b896/semconv/internal/v2/http.go#L223)\n- [Vulnerable Code](https://github.com/open-telemetry/opentelemetry-go/blob/v1.12.0/semconv/internal/v2/http.go#L159)\n- [Vulnerable Code](https://github.com/open-telemetry/opentelemetry-go-contrib/blob/5f7e6ad5a49b45df45f61a1deb29d7f1158032df/instrumentation/net/http/otelhttp/handler.go#L63-L65)\n",
          "epssDetails": {
            "percentile": "0.44205",
            "probability": "0.00116",
            "modelVersion": "v2023.03.01"
          },
          "identifiers": {
            "CVE": [
              "CVE-2023-45142"
            ],
            "CWE": [
              "CWE-770"
            ],
            "GHSA": [
              "GHSA-rcjv-mgp8-qvmr"
            ]
          },
          "packageName": "go.opentelemetry.io/contrib/instrumentation/net/http/otelhttp",
          "proprietary": false,
          "creationTime": "2023-10-17T07:31:43.387804Z",
          "functions_new": [],
          "alternativeIds": [],
          "disclosureTime": "2023-10-16T14:01:54Z",
          "packageManager": "golang",
          "publicationTime": "2023-10-17T11:16:59.430698Z",
          "modificationTime": "2023-11-08T09:43:38.359082Z",
          "socialTrendAlert": false,
          "severityWithCritical": "high",
          "from": [
            "sigs.k8s.io/metrics-server@*",
            "go.opentelemetry.io/contrib/instrumentation/net/http/otelhttp@v0.20.0"
          ],
          "upgradePath": [],
          "isUpgradable": false,
          "isPatchable": false,
          "name": "go.opentelemetry.io/contrib/instrumentation/net/http/otelhttp",
          "version": "v0.20.0"
        }
      ],
      "ok": false,
      "dependencyCount": 694,
      "org": "suleymanergen32",
      "policy": "# Snyk (https://snyk.io) policy file, patches or ignores known vulnerabilities.\nversion: v1.25.1\nignore: {}\npatch: {}\n",
      "isPrivate": true,
      "licensesPolicy": {
        "severities": {},
        "orgLicenseRules": {
          "AGPL-1.0": {
            "licenseType": "AGPL-1.0",
            "severity": "high",
            "instructions": ""
          },
          "AGPL-3.0": {
            "licenseType": "AGPL-3.0",
            "severity": "high",
            "instructions": ""
          },
          "Artistic-1.0": {
            "licenseType": "Artistic-1.0",
            "severity": "medium",
            "instructions": ""
          },
          "Artistic-2.0": {
            "licenseType": "Artistic-2.0",
            "severity": "medium",
            "instructions": ""
          },
          "CDDL-1.0": {
            "licenseType": "CDDL-1.0",
            "severity": "medium",
            "instructions": ""
          },
          "CPOL-1.02": {
            "licenseType": "CPOL-1.02",
            "severity": "high",
            "instructions": ""
          },
          "EPL-1.0": {
            "licenseType": "EPL-1.0",
            "severity": "medium",
            "instructions": ""
          },
          "GPL-2.0": {
            "licenseType": "GPL-2.0",
            "severity": "high",
            "instructions": ""
          },
          "GPL-3.0": {
            "licenseType": "GPL-3.0",
            "severity": "high",
            "instructions": ""
          },
          "LGPL-2.0": {
            "licenseType": "LGPL-2.0",
            "severity": "medium",
            "instructions": ""
          },
          "LGPL-2.1": {
            "licenseType": "LGPL-2.1",
            "severity": "medium",
            "instructions": ""
          },
          "LGPL-3.0": {
            "licenseType": "LGPL-3.0",
            "severity": "medium",
            "instructions": ""
          },
          "MPL-1.1": {
            "licenseType": "MPL-1.1",
            "severity": "medium",
            "instructions": ""
          },
          "MPL-2.0": {
            "licenseType": "MPL-2.0",
            "severity": "medium",
            "instructions": ""
          },
          "MS-RL": {
            "licenseType": "MS-RL",
            "severity": "medium",
            "instructions": ""
          },
          "SimPL-2.0": {
            "licenseType": "SimPL-2.0",
            "severity": "high",
            "instructions": ""
          }
        }
      },
      "packageManager": "gomodules",
      "ignoreSettings": {
        "adminOnly": false,
        "reasonRequired": false,
        "disregardFilesystemIgnores": false
      },
      "docker": {},
      "summary": "6 vulnerable dependency paths",
      "filesystemPolicy": false,
      "filtered": {
        "ignore": [],
        "patch": []
      },
      "uniqueCount": 6,
      "targetFile": "/metrics-server",
      "projectName": "sigs.k8s.io/metrics-server",
      "displayTargetFile": "/metrics-server",
      "hasUnknownVersions": false,
      "path": "rancher/mirrored-metrics-server:v0.6.3/metrics-server"
    }
  ]
}
