[{"creator": 1156886, "id": 64340768, "images": [{"architecture": "amd64", "features": "", "variant": null, "digest": "sha256:0f754db4a858992435047192fc271847b8e6df039146414f8f91bbded0634b86", "os": "linux", "os_features": "", "os_version": null, "size": 11764703, "status": "active", "last_pulled": "2024-01-20T06:35:07.088331Z", "last_pushed": "2023-12-01T05:45:42.424985Z"}], "last_updated": "2023-12-01T05:45:52.882097Z", "last_updater": 1156886, "last_updater_username": "doijanky", "name": "latest", "repository": 7499396, "full_size": 11764703, "v2": true, "tag_status": "active", "tag_last_pulled": "2024-01-20T07:39:06.58133Z", "tag_last_pushed": "2023-12-01T05:45:52.882097Z", "media_type": "application/vnd.docker.distribution.manifest.list.v2+json", "content_type": "image", "digest": "sha256:9a94272737870f3449ea462af5d8ed39a036e3a4a66937f0f2f922d4cb3b3970"}, {"creator": 1156886, "id": 112656098, "images": [{"architecture": "amd64", "features": "", "variant": null, "digest": "sha256:0f754db4a858992435047192fc271847b8e6df039146414f8f91bbded0634b86", "os": "linux", "os_features": "", "os_version": null, "size": 11764703, "status": "active", "last_pulled": "2024-01-20T06:35:07.088331Z", "last_pushed": "2023-12-01T05:45:42.424985Z"}], "last_updated": "2023-12-01T05:45:49.671876Z", "last_updater": 1156886, "last_updater_username": "doijanky", "name": "1.4.4-alpine3.11", "repository": 7499396, "full_size": 11764703, "v2": true, "tag_status": "active", "tag_last_pulled": "2024-01-20T07:39:06.58133Z", "tag_last_pushed": "2023-12-01T05:45:49.671876Z", "media_type": "application/vnd.docker.distribution.manifest.list.v2+json", "content_type": "image", "digest": "sha256:9a94272737870f3449ea462af5d8ed39a036e3a4a66937f0f2f922d4cb3b3970"}, {"creator": 1156886, "id": 102223607, "images": [{"architecture": "amd64", "features": "", "variant": null, "digest": "sha256:0f754db4a858992435047192fc271847b8e6df039146414f8f91bbded0634b86", "os": "linux", "os_features": "", "os_version": null, "size": 11764703, "status": "active", "last_pulled": "2024-01-20T06:35:07.088331Z", "last_pushed": "2023-12-01T05:45:42.424985Z"}], "last_updated": "2023-12-01T05:45:46.69172Z", "last_updater": 1156886, "last_updater_username": "doijanky", "name": "1.4-alpine3.11", "repository": 7499396, "full_size": 11764703, "v2": true, "tag_status": "active", "tag_last_pulled": "2024-01-20T07:39:06.58133Z", "tag_last_pushed": "2023-12-01T05:45:46.69172Z", "media_type": "application/vnd.docker.distribution.manifest.list.v2+json", "content_type": "image", "digest": "sha256:9a94272737870f3449ea462af5d8ed39a036e3a4a66937f0f2f922d4cb3b3970"}, {"creator": 1156886, "id": 102223598, "images": [{"architecture": "amd64", "features": "", "variant": null, "digest": "sha256:0f754db4a858992435047192fc271847b8e6df039146414f8f91bbded0634b86", "os": "linux", "os_features": "", "os_version": null, "size": 11764703, "status": "active", "last_pulled": "2024-01-20T06:35:07.088331Z", "last_pushed": "2023-12-01T05:45:42.424985Z"}], "last_updated": "2023-12-01T05:45:44.343835Z", "last_updater": 1156886, "last_updater_username": "doijanky", "name": "1-alpine3.11", "repository": 7499396, "full_size": 11764703, "v2": true, "tag_status": "active", "tag_last_pulled": "2024-01-20T07:39:06.58133Z", "tag_last_pushed": "2023-12-01T05:45:44.343835Z", "media_type": "application/vnd.docker.distribution.manifest.list.v2+json", "content_type": "image", "digest": "sha256:9a94272737870f3449ea462af5d8ed39a036e3a4a66937f0f2f922d4cb3b3970"}, {"creator": 1156886, "id": 102223617, "images": [{"architecture": "amd64", "features": "", "variant": null, "digest": "sha256:fa7b08aecd2d749e32dc9d0785367d44fcc88ec83418329b3dc697e218aca5ae", "os": "linux", "os_features": "", "os_version": null, "size": 11760980, "status": "active", "last_pulled": "2024-01-18T19:01:50.44895Z", "last_pushed": null}], "last_updated": "2020-05-27T17:41:05.597672Z", "last_updater": 1156886, "last_updater_username": "doijanky", "name": "1.4.3-alpine3.11", "repository": 7499396, "full_size": 0, "v2": true, "tag_status": "active", "tag_last_pulled": "2024-01-18T19:01:50.44895Z", "tag_last_pushed": "2020-05-27T17:41:05.597672Z", "media_type": "application/vnd.docker.distribution.manifest.list.v2+json", "content_type": "image"}, {"creator": 1156886, "id": 64340765, "images": [{"architecture": "amd64", "features": "", "variant": null, "digest": "sha256:1d12ceaf4974bfc0f042edcfdee1f49a3e654bde8b73a92aab94af6330c9643f", "os": "linux", "os_features": "", "os_version": null, "size": 10417431, "status": "active", "last_pulled": "2024-01-19T23:20:56.362391Z", "last_pushed": null}], "last_updated": "2020-04-24T15:39:23.589979Z", "last_updater": 1156886, "last_updater_username": "doijanky", "name": "1.4.0-alpine3.10", "repository": 7499396, "full_size": 10417431, "v2": true, "tag_status": "active", "tag_last_pulled": "2024-01-19T23:20:56.362391Z", "tag_last_pushed": "2020-04-24T15:39:23.589979Z", "media_type": "application/vnd.docker.distribution.manifest.list.v2+json", "content_type": "image"}, {"creator": 1156886, "id": 64340764, "images": [{"architecture": "amd64", "features": "", "variant": null, "digest": "sha256:1d12ceaf4974bfc0f042edcfdee1f49a3e654bde8b73a92aab94af6330c9643f", "os": "linux", "os_features": "", "os_version": null, "size": 10417431, "status": "active", "last_pulled": "2024-01-19T23:20:56.362391Z", "last_pushed": null}], "last_updated": "2020-04-24T15:39:21.309783Z", "last_updater": 1156886, "last_updater_username": "doijanky", "name": "1.4-alpine3.10", "repository": 7499396, "full_size": 10417431, "v2": true, "tag_status": "active", "tag_last_pulled": "2024-01-19T23:20:56.362391Z", "tag_last_pushed": "2020-04-24T15:39:21.309783Z", "media_type": "application/vnd.docker.distribution.manifest.list.v2+json", "content_type": "image"}, {"creator": 1156886, "id": 64340762, "images": [{"architecture": "amd64", "features": "", "variant": null, "digest": "sha256:1d12ceaf4974bfc0f042edcfdee1f49a3e654bde8b73a92aab94af6330c9643f", "os": "linux", "os_features": "", "os_version": null, "size": 10417431, "status": "active", "last_pulled": "2024-01-19T23:20:56.362391Z", "last_pushed": null}], "last_updated": "2020-04-24T15:39:16.904482Z", "last_updater": 1156886, "last_updater_username": "doijanky", "name": "1-alpine3.10", "repository": 7499396, "full_size": 10417431, "v2": true, "tag_status": "active", "tag_last_pulled": "2024-01-19T23:20:56.362391Z", "tag_last_pushed": "2020-04-24T15:39:16.904482Z", "media_type": "application/vnd.docker.distribution.manifest.list.v2+json", "content_type": "image"}]