[{"creator": 621950, "id": 3871228, "images": [{"architecture": "arm64", "features": "", "variant": "v8", "digest": "sha256:974d4ac4045903a1cbcad4aab5525b46728419319da1c5a4601177902bda7ec3", "os": "linux", "os_features": "", "os_version": null, "size": 184762321, "status": "active", "last_pulled": "2024-01-19T19:03:02.137592Z", "last_pushed": "2021-07-22T01:55:27.942207Z"}, {"architecture": "amd64", "features": "", "variant": null, "digest": "sha256:cc5b4dfcbd21b8e17c50160e0218a798428b1f80032aebc891a023f2457171a2", "os": "linux", "os_features": "", "os_version": null, "size": 187692754, "status": "active", "last_pulled": "2024-01-19T21:33:23.777272Z", "last_pushed": "2021-07-22T09:21:29.492467Z"}], "last_updated": "2021-07-22T09:22:15.63077Z", "last_updater": 1156886, "last_updater_username": "doijanky", "name": "latest", "repository": 802119, "full_size": 187692754, "v2": true, "tag_status": "active", "tag_last_pulled": "2024-01-19T21:33:23.777272Z", "tag_last_pushed": "2021-07-22T09:22:15.63077Z", "media_type": "application/vnd.docker.distribution.manifest.list.v2+json", "content_type": "image"}, {"creator": 1156886, "id": 25973985, "images": [{"architecture": "amd64", "features": "", "variant": null, "digest": "sha256:d87e9f938fd9d6348e68dc7caa7c631e145dab28868113f69998b95ca0ec94e9", "os": "linux", "os_features": "", "os_version": null, "size": 333022661, "status": "active", "last_pulled": "2024-01-20T00:08:58.823904Z", "last_pushed": "2021-07-22T09:21:45.814054Z"}], "last_updated": "2021-07-22T09:22:18.619536Z", "last_updater": 1156886, "last_updater_username": "doijanky", "name": "netcore", "repository": 802119, "full_size": 333022661, "v2": true, "tag_status": "active", "tag_last_pulled": "2024-01-20T00:08:58.823904Z", "tag_last_pushed": "2021-07-22T09:22:18.619536Z", "media_type": "application/vnd.docker.distribution.manifest.list.v2+json", "content_type": "image"}, {"creator": 1156886, "id": 123535078, "images": [{"architecture": "amd64", "features": "", "variant": null, "digest": "sha256:d87e9f938fd9d6348e68dc7caa7c631e145dab28868113f69998b95ca0ec94e9", "os": "linux", "os_features": "", "os_version": null, "size": 333022661, "status": "active", "last_pulled": "2024-01-20T00:08:58.823904Z", "last_pushed": "2021-07-22T09:21:45.814054Z"}], "last_updated": "2021-07-22T09:22:10.866366Z", "last_updater": 1156886, "last_updater_username": "doijanky", "name": "10.10.0-netcore", "repository": 802119, "full_size": 333022661, "v2": true, "tag_status": "active", "tag_last_pulled": "2024-01-20T00:08:58.823904Z", "tag_last_pushed": "2021-07-22T09:22:10.866366Z", "media_type": "application/vnd.docker.distribution.manifest.list.v2+json", "content_type": "image"}, {"creator": 1156886, "id": 123535063, "images": [{"architecture": "arm64", "features": "", "variant": "v8", "digest": "sha256:974d4ac4045903a1cbcad4aab5525b46728419319da1c5a4601177902bda7ec3", "os": "linux", "os_features": "", "os_version": null, "size": 184762321, "status": "active", "last_pulled": "2024-01-19T19:03:02.137592Z", "last_pushed": "2021-07-22T01:55:27.942207Z"}, {"architecture": "amd64", "features": "", "variant": null, "digest": "sha256:cc5b4dfcbd21b8e17c50160e0218a798428b1f80032aebc891a023f2457171a2", "os": "linux", "os_features": "", "os_version": null, "size": 187692754, "status": "active", "last_pulled": "2024-01-19T21:33:23.777272Z", "last_pushed": "2021-07-22T09:21:29.492467Z"}], "last_updated": "2021-07-22T09:22:07.907745Z", "last_updater": 1156886, "last_updater_username": "doijanky", "name": "10.10.0", "repository": 802119, "full_size": 187692754, "v2": true, "tag_status": "active", "tag_last_pulled": "2024-01-19T21:33:23.777272Z", "tag_last_pushed": "2021-07-22T09:22:07.907745Z", "media_type": "application/vnd.docker.distribution.manifest.list.v2+json", "content_type": "image"}, {"creator": 1156886, "id": 123535045, "images": [{"architecture": "amd64", "features": "", "variant": null, "digest": "sha256:d87e9f938fd9d6348e68dc7caa7c631e145dab28868113f69998b95ca0ec94e9", "os": "linux", "os_features": "", "os_version": null, "size": 333022661, "status": "active", "last_pulled": "2024-01-20T00:08:58.823904Z", "last_pushed": "2021-07-22T09:21:45.814054Z"}], "last_updated": "2021-07-22T09:22:05.895748Z", "last_updater": 1156886, "last_updater_username": "doijanky", "name": "10.10-netcore", "repository": 802119, "full_size": 333022661, "v2": true, "tag_status": "active", "tag_last_pulled": "2024-01-20T00:08:58.823904Z", "tag_last_pushed": "2021-07-22T09:22:05.895748Z", "media_type": "application/vnd.docker.distribution.manifest.list.v2+json", "content_type": "image"}, {"creator": 1156886, "id": 123535034, "images": [{"architecture": "arm64", "features": "", "variant": "v8", "digest": "sha256:974d4ac4045903a1cbcad4aab5525b46728419319da1c5a4601177902bda7ec3", "os": "linux", "os_features": "", "os_version": null, "size": 184762321, "status": "active", "last_pulled": "2024-01-19T19:03:02.137592Z", "last_pushed": "2021-07-22T01:55:27.942207Z"}, {"architecture": "amd64", "features": "", "variant": null, "digest": "sha256:cc5b4dfcbd21b8e17c50160e0218a798428b1f80032aebc891a023f2457171a2", "os": "linux", "os_features": "", "os_version": null, "size": 187692754, "status": "active", "last_pulled": "2024-01-19T21:33:23.777272Z", "last_pushed": "2021-07-22T09:21:29.492467Z"}], "last_updated": "2021-07-22T09:22:00.777781Z", "last_updater": 1156886, "last_updater_username": "doijanky", "name": "10.10", "repository": 802119, "full_size": 187692754, "v2": true, "tag_status": "active", "tag_last_pulled": "2024-01-19T21:33:23.777272Z", "tag_last_pushed": "2021-07-22T09:22:00.777781Z", "media_type": "application/vnd.docker.distribution.manifest.list.v2+json", "content_type": "image"}, {"creator": 1156886, "id": 26827768, "images": [{"architecture": "amd64", "features": "", "variant": null, "digest": "sha256:d87e9f938fd9d6348e68dc7caa7c631e145dab28868113f69998b95ca0ec94e9", "os": "linux", "os_features": "", "os_version": null, "size": 333022661, "status": "active", "last_pulled": "2024-01-20T00:08:58.823904Z", "last_pushed": "2021-07-22T09:21:45.814054Z"}], "last_updated": "2021-07-22T09:21:46.209802Z", "last_updater": 1156886, "last_updater_username": "doijanky", "name": "10-netcore", "repository": 802119, "full_size": 333022661, "v2": true, "tag_status": "active", "tag_last_pulled": "2024-01-20T00:08:58.823904Z", "tag_last_pushed": "2021-07-22T09:21:46.209802Z", "media_type": "application/vnd.docker.distribution.manifest.list.v2+json", "content_type": "image"}, {"creator": 1156886, "id": 26827757, "images": [{"architecture": "arm64", "features": "", "variant": "v8", "digest": "sha256:974d4ac4045903a1cbcad4aab5525b46728419319da1c5a4601177902bda7ec3", "os": "linux", "os_features": "", "os_version": null, "size": 184762321, "status": "active", "last_pulled": "2024-01-19T19:03:02.137592Z", "last_pushed": "2021-07-22T01:55:27.942207Z"}, {"architecture": "amd64", "features": "", "variant": null, "digest": "sha256:cc5b4dfcbd21b8e17c50160e0218a798428b1f80032aebc891a023f2457171a2", "os": "linux", "os_features": "", "os_version": null, "size": 187692754, "status": "active", "last_pulled": "2024-01-19T21:33:23.777272Z", "last_pushed": "2021-07-22T09:21:29.492467Z"}], "last_updated": "2021-07-22T09:21:33.572603Z", "last_updater": 1156886, "last_updater_username": "doijanky", "name": "10", "repository": 802119, "full_size": 187692754, "v2": true, "tag_status": "active", "tag_last_pulled": "2024-01-19T21:33:23.777272Z", "tag_last_pushed": "2021-07-22T09:21:33.572603Z", "media_type": "application/vnd.docker.distribution.manifest.list.v2+json", "content_type": "image"}, {"creator": 1156886, "id": 22428142, "images": [{"architecture": "amd64", "features": "", "variant": null, "digest": "sha256:5b7bfe4efa77d02d40425101746aa66189f06f415eed205961c8c9dce6c36a8c", "os": "linux", "os_features": "", "os_version": null, "size": 176321812, "status": "active", "last_pulled": "2024-01-12T03:34:11.17622Z", "last_pushed": "2021-03-27T05:05:23.483743Z"}], "last_updated": "2021-03-27T05:05:30.206125Z", "last_updater": 1156886, "last_updater_username": "doijanky", "name": "4.1.34", "repository": 802119, "full_size": 176321812, "v2": true, "tag_status": "active", "tag_last_pulled": "2024-01-12T03:34:11.17622Z", "tag_last_pushed": "2021-03-27T05:05:30.206125Z", "media_type": "application/vnd.docker.distribution.manifest.list.v2+json", "content_type": "image"}, {"creator": 2215, "id": 8477735, "images": [{"architecture": "amd64", "features": "", "variant": null, "digest": "sha256:5b7bfe4efa77d02d40425101746aa66189f06f415eed205961c8c9dce6c36a8c", "os": "linux", "os_features": "", "os_version": null, "size": 176321812, "status": "active", "last_pulled": "2024-01-12T03:34:11.17622Z", "last_pushed": "2021-03-27T05:05:23.483743Z"}], "last_updated": "2021-03-27T05:05:28.033665Z", "last_updater": 1156886, "last_updater_username": "doijanky", "name": "4.1", "repository": 802119, "full_size": 176321812, "v2": true, "tag_status": "active", "tag_last_pulled": "2024-01-12T03:34:11.17622Z", "tag_last_pushed": "2021-03-27T05:05:28.033665Z", "media_type": "application/vnd.docker.distribution.manifest.list.v2+json", "content_type": "image"}, {"creator": 2215, "id": 8477722, "images": [{"architecture": "amd64", "features": "", "variant": null, "digest": "sha256:5b7bfe4efa77d02d40425101746aa66189f06f415eed205961c8c9dce6c36a8c", "os": "linux", "os_features": "", "os_version": null, "size": 176321812, "status": "active", "last_pulled": "2024-01-12T03:34:11.17622Z", "last_pushed": "2021-03-27T05:05:23.483743Z"}], "last_updated": "2021-03-27T05:05:25.326325Z", "last_updater": 1156886, "last_updater_username": "doijanky", "name": "4", "repository": 802119, "full_size": 176321812, "v2": true, "tag_status": "active", "tag_last_pulled": "2024-01-12T03:34:11.17622Z", "tag_last_pushed": "2021-03-27T05:05:25.326325Z", "media_type": "application/vnd.docker.distribution.manifest.list.v2+json", "content_type": "image"}, {"creator": 1156886, "id": 88224610, "images": [{"architecture": "amd64", "features": "", "variant": null, "digest": "sha256:4f6b2681b2dbeb18b4581144fb75d29d566cbfbb1be4f3c58d58a1f336e0fdf3", "os": "linux", "os_features": "", "os_version": null, "size": 323684249, "status": "active", "last_pulled": "2024-01-12T03:47:33.101092Z", "last_pushed": "2020-10-13T07:29:49.662484Z"}], "last_updated": "2020-10-13T07:30:03.019857Z", "last_updater": 1156886, "last_updater_username": "doijanky", "name": "10.7.0-netcore", "repository": 802119, "full_size": 323684249, "v2": true, "tag_status": "active", "tag_last_pulled": "2024-01-12T03:47:33.101092Z", "tag_last_pushed": "2020-10-13T07:30:03.019857Z", "media_type": "application/vnd.docker.distribution.manifest.list.v2+json", "content_type": "image"}, {"creator": 1156886, "id": 88224603, "images": [{"architecture": "amd64", "features": "", "variant": null, "digest": "sha256:1be0abf91a4e1a37906acfa0391cd3c413f91100a8d60a167cc47df8dd7857cf", "os": "linux", "os_features": "", "os_version": null, "size": 186621433, "status": "active", "last_pulled": "2024-01-12T03:43:37.287727Z", "last_pushed": "2020-10-13T07:29:40.149784Z"}, {"architecture": "arm64", "features": "", "variant": "v8", "digest": "sha256:7f37d8f06cc2045142946c3af6c66c72dd2c34a04b4b6e65df0d202e71f2a6c1", "os": "linux", "os_features": "", "os_version": null, "size": 183616406, "status": "active", "last_pulled": "2024-01-11T23:32:18.725731Z", "last_pushed": "2020-10-13T02:43:49.635823Z"}], "last_updated": "2020-10-13T07:30:00.239708Z", "last_updater": 1156886, "last_updater_username": "doijanky", "name": "10.7.0", "repository": 802119, "full_size": 186621433, "v2": true, "tag_status": "active", "tag_last_pulled": "2024-01-12T03:43:37.287727Z", "tag_last_pushed": "2020-10-13T07:30:00.239708Z", "media_type": "application/vnd.docker.distribution.manifest.list.v2+json", "content_type": "image"}, {"creator": 1156886, "id": 88224594, "images": [{"architecture": "amd64", "features": "", "variant": null, "digest": "sha256:4f6b2681b2dbeb18b4581144fb75d29d566cbfbb1be4f3c58d58a1f336e0fdf3", "os": "linux", "os_features": "", "os_version": null, "size": 323684249, "status": "active", "last_pulled": "2024-01-12T03:47:33.101092Z", "last_pushed": "2020-10-13T07:29:49.662484Z"}], "last_updated": "2020-10-13T07:29:57.592696Z", "last_updater": 1156886, "last_updater_username": "doijanky", "name": "10.7-netcore", "repository": 802119, "full_size": 323684249, "v2": true, "tag_status": "active", "tag_last_pulled": "2024-01-12T03:47:33.101092Z", "tag_last_pushed": "2020-10-13T07:29:57.592696Z", "media_type": "application/vnd.docker.distribution.manifest.list.v2+json", "content_type": "image"}, {"creator": 1156886, "id": 88224586, "images": [{"architecture": "amd64", "features": "", "variant": null, "digest": "sha256:1be0abf91a4e1a37906acfa0391cd3c413f91100a8d60a167cc47df8dd7857cf", "os": "linux", "os_features": "", "os_version": null, "size": 186621433, "status": "active", "last_pulled": "2024-01-12T03:43:37.287727Z", "last_pushed": "2020-10-13T07:29:40.149784Z"}, {"architecture": "arm64", "features": "", "variant": "v8", "digest": "sha256:7f37d8f06cc2045142946c3af6c66c72dd2c34a04b4b6e65df0d202e71f2a6c1", "os": "linux", "os_features": "", "os_version": null, "size": 183616406, "status": "active", "last_pulled": "2024-01-11T23:32:18.725731Z", "last_pushed": "2020-10-13T02:43:49.635823Z"}], "last_updated": "2020-10-13T07:29:55.15033Z", "last_updater": 1156886, "last_updater_username": "doijanky", "name": "10.7", "repository": 802119, "full_size": 186621433, "v2": true, "tag_status": "active", "tag_last_pulled": "2024-01-12T03:43:37.287727Z", "tag_last_pushed": "2020-10-13T07:29:55.15033Z", "media_type": "application/vnd.docker.distribution.manifest.list.v2+json", "content_type": "image"}, {"creator": 1156886, "id": 76111410, "images": [{"architecture": "amd64", "features": "", "variant": null, "digest": "sha256:31c6a2dd65c689e335b35c4829e4d7f2ce70c6b28b2b406f8fb06cfc02935fef", "os": "linux", "os_features": "", "os_version": null, "size": 320287088, "status": "active", "last_pulled": "2024-01-11T23:32:21.615192Z", "last_pushed": null}], "last_updated": "2020-02-02T08:01:32.426381Z", "last_updater": 1156886, "last_updater_username": "doijanky", "name": "10.6.0-netcore", "repository": 802119, "full_size": 0, "v2": true, "tag_status": "active", "tag_last_pulled": "2024-01-11T23:32:21.615192Z", "tag_last_pushed": "2020-02-02T08:01:32.426381Z", "media_type": "application/vnd.docker.distribution.manifest.list.v2+json", "content_type": "image"}, {"creator": 1156886, "id": 76111405, "images": [{"architecture": "amd64", "features": "", "variant": null, "digest": "sha256:0b52c0cbf76202963d47ea751b3f198222383953a9ada903ae2b9973bf3933ae", "os": "linux", "os_features": "", "os_version": null, "size": 182388429, "status": "active", "last_pulled": "2024-01-11T23:32:24.892145Z", "last_pushed": null}, {"architecture": "arm64", "features": "", "variant": "v8", "digest": "sha256:fe562b8f14147c894f6a58f7d68bfbb443777a5872672f14ee1bf3241eb4cafc", "os": "linux", "os_features": "", "os_version": null, "size": 179365426, "status": "active", "last_pulled": "2024-01-11T23:32:28.058076Z", "last_pushed": null}], "last_updated": "2020-02-02T08:01:31.040159Z", "last_updater": 1156886, "last_updater_username": "doijanky", "name": "10.6.0", "repository": 802119, "full_size": 0, "v2": true, "tag_status": "active", "tag_last_pulled": "2024-01-11T23:32:28.058076Z", "tag_last_pushed": "2020-02-02T08:01:31.040159Z", "media_type": "application/vnd.docker.distribution.manifest.list.v2+json", "content_type": "image"}, {"creator": 1156886, "id": 76111401, "images": [{"architecture": "amd64", "features": "", "variant": null, "digest": "sha256:31c6a2dd65c689e335b35c4829e4d7f2ce70c6b28b2b406f8fb06cfc02935fef", "os": "linux", "os_features": "", "os_version": null, "size": 320287088, "status": "active", "last_pulled": "2024-01-11T23:32:21.615192Z", "last_pushed": null}], "last_updated": "2020-02-02T08:01:28.296937Z", "last_updater": 1156886, "last_updater_username": "doijanky", "name": "10.6-netcore", "repository": 802119, "full_size": 0, "v2": true, "tag_status": "active", "tag_last_pulled": "2024-01-11T23:32:21.615192Z", "tag_last_pushed": "2020-02-02T08:01:28.296937Z", "media_type": "application/vnd.docker.distribution.manifest.list.v2+json", "content_type": "image"}, {"creator": 1156886, "id": 76111397, "images": [{"architecture": "amd64", "features": "", "variant": null, "digest": "sha256:0b52c0cbf76202963d47ea751b3f198222383953a9ada903ae2b9973bf3933ae", "os": "linux", "os_features": "", "os_version": null, "size": 182388429, "status": "active", "last_pulled": "2024-01-11T23:32:24.892145Z", "last_pushed": null}, {"architecture": "arm64", "features": "", "variant": "v8", "digest": "sha256:fe562b8f14147c894f6a58f7d68bfbb443777a5872672f14ee1bf3241eb4cafc", "os": "linux", "os_features": "", "os_version": null, "size": 179365426, "status": "active", "last_pulled": "2024-01-11T23:32:28.058076Z", "last_pushed": null}], "last_updated": "2020-02-02T08:01:26.70231Z", "last_updater": 1156886, "last_updater_username": "doijanky", "name": "10.6", "repository": 802119, "full_size": 0, "v2": true, "tag_status": "active", "tag_last_pulled": "2024-01-11T23:32:28.058076Z", "tag_last_pushed": "2020-02-02T08:01:26.70231Z", "media_type": "application/vnd.docker.distribution.manifest.list.v2+json", "content_type": "image"}, {"creator": 1156886, "id": 52809311, "images": [{"architecture": "amd64", "features": "", "variant": null, "digest": "sha256:39229aa6cacc1d9d601638134c355225b9b512ac66ab0e05f3f46c97f77d13de", "os": "linux", "os_features": "", "os_version": null, "size": 670508751, "status": "active", "last_pulled": "2024-01-11T23:32:31.475634Z", "last_pushed": null}], "last_updated": "2019-10-17T01:01:47.906308Z", "last_updater": 1156886, "last_updater_username": "doijanky", "name": "10.2.3-netcore", "repository": 802119, "full_size": 670508751, "v2": true, "tag_status": "active", "tag_last_pulled": "2024-01-11T23:32:31.475634Z", "tag_last_pushed": "2019-10-17T01:01:47.906308Z", "media_type": "application/vnd.docker.distribution.manifest.list.v2+json", "content_type": "image"}, {"creator": 1156886, "id": 52809299, "images": [{"architecture": "arm64", "features": "", "variant": "v8", "digest": "sha256:0e6b02b5127ef4ee10c08cac25137ee1f51a3b72607532b8b9c299e4bf2830cf", "os": "linux", "os_features": "", "os_version": null, "size": 168894061, "status": "active", "last_pulled": "2024-01-11T23:32:35.615213Z", "last_pushed": null}, {"architecture": "amd64", "features": "", "variant": null, "digest": "sha256:a3f63cd66e3ac9c276d5175e7618291c65676453261cbd2ba0e07579dab48072", "os": "linux", "os_features": "", "os_version": null, "size": 175213351, "status": "active", "last_pulled": "2024-01-11T23:32:38.677781Z", "last_pushed": null}], "last_updated": "2019-10-17T01:01:44.604276Z", "last_updater": 1156886, "last_updater_username": "doijanky", "name": "10.2.3", "repository": 802119, "full_size": 175213351, "v2": true, "tag_status": "active", "tag_last_pulled": "2024-01-11T23:32:38.677781Z", "tag_last_pushed": "2019-10-17T01:01:44.604276Z", "media_type": "application/vnd.docker.distribution.manifest.list.v2+json", "content_type": "image"}, {"creator": 1156886, "id": 34930511, "images": [{"architecture": "amd64", "features": "", "variant": null, "digest": "sha256:39229aa6cacc1d9d601638134c355225b9b512ac66ab0e05f3f46c97f77d13de", "os": "linux", "os_features": "", "os_version": null, "size": 670508751, "status": "active", "last_pulled": "2024-01-11T23:32:31.475634Z", "last_pushed": null}], "last_updated": "2019-10-17T01:01:41.668492Z", "last_updater": 1156886, "last_updater_username": "doijanky", "name": "10.2-netcore", "repository": 802119, "full_size": 670508751, "v2": true, "tag_status": "active", "tag_last_pulled": "2024-01-11T23:32:31.475634Z", "tag_last_pushed": "2019-10-17T01:01:41.668492Z", "media_type": "application/vnd.docker.distribution.manifest.list.v2+json", "content_type": "image"}, {"creator": 1156886, "id": 34930495, "images": [{"architecture": "arm64", "features": "", "variant": "v8", "digest": "sha256:0e6b02b5127ef4ee10c08cac25137ee1f51a3b72607532b8b9c299e4bf2830cf", "os": "linux", "os_features": "", "os_version": null, "size": 168894061, "status": "active", "last_pulled": "2024-01-11T23:32:35.615213Z", "last_pushed": null}, {"architecture": "amd64", "features": "", "variant": null, "digest": "sha256:a3f63cd66e3ac9c276d5175e7618291c65676453261cbd2ba0e07579dab48072", "os": "linux", "os_features": "", "os_version": null, "size": 175213351, "status": "active", "last_pulled": "2024-01-11T23:32:38.677781Z", "last_pushed": null}], "last_updated": "2019-10-17T01:01:38.876316Z", "last_updater": 1156886, "last_updater_username": "doijanky", "name": "10.2", "repository": 802119, "full_size": 175213351, "v2": true, "tag_status": "active", "tag_last_pulled": "2024-01-11T23:32:38.677781Z", "tag_last_pushed": "2019-10-17T01:01:38.876316Z", "media_type": "application/vnd.docker.distribution.manifest.list.v2+json", "content_type": "image"}, {"creator": 1156886, "id": 34930499, "images": [{"architecture": "amd64", "features": "", "variant": null, "digest": "sha256:92499d5a932aaf90e7bf90c068e31f4483f4d5d8f7542576a95273cd20ecce2c", "os": "linux", "os_features": "", "os_version": null, "size": 167490845, "status": "inactive", "last_pulled": null, "last_pushed": null}, {"architecture": "arm64", "features": "", "variant": "v8", "digest": "sha256:a0bcc8424d35d26514095b169e90d691ec01403c87df52ba453c0af88a52cb78", "os": "linux", "os_features": "", "os_version": null, "size": 162281702, "status": "inactive", "last_pulled": null, "last_pushed": null}], "last_updated": "2019-03-27T11:46:59.849943Z", "last_updater": 1156886, "last_updater_username": "doijanky", "name": "10.2.1", "repository": 802119, "full_size": 167490845, "v2": true, "tag_status": "inactive", "tag_last_pulled": null, "tag_last_pushed": "2019-03-27T11:46:59.849943Z", "media_type": "application/vnd.docker.distribution.manifest.list.v2+json", "content_type": "image"}, {"creator": 1156886, "id": 34930510, "images": [{"architecture": "amd64", "features": "", "variant": null, "digest": "sha256:a51d9141afb2ca9c132dbbec30fd1574700cb70ca4a5c56c3ce192d74c750b01", "os": "linux", "os_features": "", "os_version": null, "size": 657544173, "status": "inactive", "last_pulled": null, "last_pushed": null}], "last_updated": "2019-03-27T01:44:56.553031Z", "last_updater": 1156886, "last_updater_username": "doijanky", "name": "10.2.1-netcore", "repository": 802119, "full_size": 657544173, "v2": true, "tag_status": "inactive", "tag_last_pulled": null, "tag_last_pushed": "2019-03-27T01:44:56.553031Z", "media_type": "application/vnd.docker.distribution.manifest.list.v2+json", "content_type": "image"}, {"creator": 621950, "id": 3871227, "images": [{"architecture": "amd64", "features": "", "variant": null, "digest": "sha256:09ce4c0be6597933197072ea1a9961a3039280c4883f44d47c98e10d3988ada8", "os": "linux", "os_features": "", "os_version": null, "size": 274647093, "status": "inactive", "last_pulled": null, "last_pushed": null}], "last_updated": "2019-03-12T02:49:22.210784Z", "last_updater": 1156886, "last_updater_username": "doijanky", "name": "4.0.1.1", "repository": 802119, "full_size": 274647093, "v2": true, "tag_status": "inactive", "tag_last_pulled": null, "tag_last_pushed": "2019-03-12T02:49:22.210784Z", "media_type": "application/vnd.docker.distribution.manifest.list.v2+json", "content_type": "image"}, {"creator": 2215, "id": 8477759, "images": [{"architecture": "amd64", "features": "", "variant": null, "digest": "sha256:09ce4c0be6597933197072ea1a9961a3039280c4883f44d47c98e10d3988ada8", "os": "linux", "os_features": "", "os_version": null, "size": 274647093, "status": "inactive", "last_pulled": null, "last_pushed": null}], "last_updated": "2019-03-12T02:49:22.052237Z", "last_updater": 1156886, "last_updater_username": "doijanky", "name": "4.0.1", "repository": 802119, "full_size": 274647093, "v2": true, "tag_status": "inactive", "tag_last_pulled": null, "tag_last_pushed": "2019-03-12T02:49:22.052237Z", "media_type": "application/vnd.docker.distribution.manifest.list.v2+json", "content_type": "image"}, {"creator": 2215, "id": 8477752, "images": [{"architecture": "amd64", "features": "", "variant": null, "digest": "sha256:09ce4c0be6597933197072ea1a9961a3039280c4883f44d47c98e10d3988ada8", "os": "linux", "os_features": "", "os_version": null, "size": 274647093, "status": "inactive", "last_pulled": null, "last_pushed": null}], "last_updated": "2019-03-12T02:49:21.401655Z", "last_updater": 1156886, "last_updater_username": "doijanky", "name": "4.0", "repository": 802119, "full_size": 274647093, "v2": true, "tag_status": "inactive", "tag_last_pulled": null, "tag_last_pushed": "2019-03-12T02:49:21.401655Z", "media_type": "application/vnd.docker.distribution.manifest.list.v2+json", "content_type": "image"}, {"creator": 1156886, "id": 26827760, "images": [{"architecture": "amd64", "features": "", "variant": null, "digest": "sha256:bc5d18ac283d8fb6c9de287b4390b82693bfc6929783629bc1ab9671abd86fd6", "os": "linux", "os_features": "", "os_version": null, "size": 154922922, "status": "inactive", "last_pulled": null, "last_pushed": null}, {"architecture": "arm64", "features": "", "variant": "v8", "digest": "sha256:e468f25fa5dbba7279ddb55d5e34a7063337d2ae7469ba630e922e622cc7ea39", "os": "linux", "os_features": "", "os_version": null, "size": 149832453, "status": "inactive", "last_pulled": null, "last_pushed": null}], "last_updated": "2018-09-05T13:42:22.775792Z", "last_updater": 1156886, "last_updater_username": "doijanky", "name": "10.0.2", "repository": 802119, "full_size": 154922922, "v2": true, "tag_status": "inactive", "tag_last_pulled": null, "tag_last_pushed": "2018-09-05T13:42:22.775792Z", "media_type": "application/vnd.docker.distribution.manifest.list.v2+json", "content_type": "image"}, {"creator": 1156886, "id": 26827759, "images": [{"architecture": "amd64", "features": "", "variant": null, "digest": "sha256:bc5d18ac283d8fb6c9de287b4390b82693bfc6929783629bc1ab9671abd86fd6", "os": "linux", "os_features": "", "os_version": null, "size": 154922922, "status": "inactive", "last_pulled": null, "last_pushed": null}, {"architecture": "arm64", "features": "", "variant": "v8", "digest": "sha256:e468f25fa5dbba7279ddb55d5e34a7063337d2ae7469ba630e922e622cc7ea39", "os": "linux", "os_features": "", "os_version": null, "size": 149832453, "status": "inactive", "last_pulled": null, "last_pushed": null}], "last_updated": "2018-09-05T13:42:22.469375Z", "last_updater": 1156886, "last_updater_username": "doijanky", "name": "10.0", "repository": 802119, "full_size": 154922922, "v2": true, "tag_status": "inactive", "tag_last_pulled": null, "tag_last_pushed": "2018-09-05T13:42:22.469375Z", "media_type": "application/vnd.docker.distribution.manifest.list.v2+json", "content_type": "image"}, {"creator": 1156886, "id": 26827772, "images": [{"architecture": "amd64", "features": "", "variant": null, "digest": "sha256:c2efb88b0e8233dacc9b3435d8801a1d477eab3a0c3276085316d62ae9ebafeb", "os": "linux", "os_features": "", "os_version": null, "size": 627727355, "status": "inactive", "last_pulled": null, "last_pushed": null}], "last_updated": "2018-09-04T23:42:56.055038Z", "last_updater": 1156886, "last_updater_username": "doijanky", "name": "10.0.2-netcore", "repository": 802119, "full_size": 627727355, "v2": true, "tag_status": "inactive", "tag_last_pulled": null, "tag_last_pushed": "2018-09-04T23:42:56.055038Z", "media_type": "application/vnd.docker.distribution.manifest.list.v2+json", "content_type": "image"}, {"creator": 1156886, "id": 26827770, "images": [{"architecture": "amd64", "features": "", "variant": null, "digest": "sha256:c2efb88b0e8233dacc9b3435d8801a1d477eab3a0c3276085316d62ae9ebafeb", "os": "linux", "os_features": "", "os_version": null, "size": 627727355, "status": "inactive", "last_pulled": null, "last_pushed": null}], "last_updated": "2018-09-04T23:42:55.690994Z", "last_updater": 1156886, "last_updater_username": "doijanky", "name": "10.0-netcore", "repository": 802119, "full_size": 627727355, "v2": true, "tag_status": "inactive", "tag_last_pulled": null, "tag_last_pushed": "2018-09-04T23:42:55.690994Z", "media_type": "application/vnd.docker.distribution.manifest.list.v2+json", "content_type": "image"}, {"creator": 1156886, "id": 25973989, "images": [{"architecture": "amd64", "features": "", "variant": null, "digest": "sha256:43a3d723b7170f73b38b43a4d4e0ee9b2fd50e97b9ad0c1284b51180c53be15a", "os": "linux", "os_features": "", "os_version": null, "size": 648400046, "status": "inactive", "last_pulled": null, "last_pushed": null}], "last_updated": "2018-04-30T09:42:38.434231Z", "last_updater": 1156886, "last_updater_username": "doijanky", "name": "4.1.34-netcore", "repository": 802119, "full_size": 648400046, "v2": true, "tag_status": "inactive", "tag_last_pulled": null, "tag_last_pushed": "2018-04-30T09:42:38.434231Z", "media_type": "application/vnd.docker.distribution.manifest.list.v2+json", "content_type": "image"}, {"creator": 1156886, "id": 25973987, "images": [{"architecture": "amd64", "features": "", "variant": null, "digest": "sha256:43a3d723b7170f73b38b43a4d4e0ee9b2fd50e97b9ad0c1284b51180c53be15a", "os": "linux", "os_features": "", "os_version": null, "size": 648400046, "status": "inactive", "last_pulled": null, "last_pushed": null}], "last_updated": "2018-04-30T09:42:38.078629Z", "last_updater": 1156886, "last_updater_username": "doijanky", "name": "4.1-netcore", "repository": 802119, "full_size": 648400046, "v2": true, "tag_status": "inactive", "tag_last_pulled": null, "tag_last_pushed": "2018-04-30T09:42:38.078629Z", "media_type": "application/vnd.docker.distribution.manifest.list.v2+json", "content_type": "image"}, {"creator": 1156886, "id": 25973986, "images": [{"architecture": "amd64", "features": "", "variant": null, "digest": "sha256:43a3d723b7170f73b38b43a4d4e0ee9b2fd50e97b9ad0c1284b51180c53be15a", "os": "linux", "os_features": "", "os_version": null, "size": 648400046, "status": "inactive", "last_pulled": null, "last_pushed": null}], "last_updated": "2018-04-30T09:42:37.786829Z", "last_updater": 1156886, "last_updater_username": "doijanky", "name": "4-netcore", "repository": 802119, "full_size": 648400046, "v2": true, "tag_status": "inactive", "tag_last_pulled": null, "tag_last_pushed": "2018-04-30T09:42:37.786829Z", "media_type": "application/vnd.docker.distribution.manifest.list.v2+json", "content_type": "image"}, {"creator": 1156886, "id": 18912745, "images": [{"architecture": "amd64", "features": "", "variant": null, "digest": "sha256:3361c6815aa8d87a5eb1268978bebc7e5b76ae0184407a9d7470ea141961f0ae", "os": "linux", "os_features": "", "os_version": null, "size": 172433052, "status": "inactive", "last_pulled": null, "last_pushed": null}], "last_updated": "2018-02-15T11:42:18.577985Z", "last_updater": 1156886, "last_updater_username": "doijanky", "name": "4.1.29", "repository": 802119, "full_size": 172433052, "v2": true, "tag_status": "inactive", "tag_last_pulled": null, "tag_last_pushed": "2018-02-15T11:42:18.577985Z", "media_type": "application/vnd.docker.distribution.manifest.list.v2+json", "content_type": "image"}, {"creator": 621950, "id": 3871226, "images": [{"architecture": "amd64", "features": "", "variant": null, "digest": "sha256:2ffb4ac00b37147d0a00367e2e86aab31330181d8a2609f593cbd481a00e70ae", "os": "linux", "os_features": "", "os_version": null, "size": 278369551, "status": "inactive", "last_pulled": null, "last_pushed": null}], "last_updated": "2017-11-18T01:43:23.757952Z", "last_updater": 1156886, "last_updater_username": "doijanky", "name": "4.0.0.4", "repository": 802119, "full_size": 278369551, "v2": true, "tag_status": "inactive", "tag_last_pulled": null, "tag_last_pushed": "2017-11-18T01:43:23.757952Z", "media_type": "application/vnd.docker.distribution.manifest.list.v2+json", "content_type": "image"}, {"creator": 2215, "id": 8477742, "images": [{"architecture": "amd64", "features": "", "variant": null, "digest": "sha256:14d50d111894b199a1d36479ba591cae36690f939321e76bd18b843657484ee5", "os": "linux", "os_features": "", "os_version": null, "size": 327343536, "status": "inactive", "last_pulled": null, "last_pushed": null}], "last_updated": "2017-11-18T01:42:59.900446Z", "last_updater": 1156886, "last_updater_username": "doijanky", "name": "4.1.0.1", "repository": 802119, "full_size": 327343536, "v2": true, "tag_status": "inactive", "tag_last_pulled": null, "tag_last_pushed": "2017-11-18T01:42:59.900446Z", "media_type": "application/vnd.docker.distribution.manifest.list.v2+json", "content_type": "image"}, {"creator": 2215, "id": 10784370, "images": [{"architecture": "amd64", "features": "", "variant": null, "digest": "sha256:d648a7a10004dcaf8a180d4854264e8e62c9be7ff5e6334aed981b667f725a59", "os": "linux", "os_features": "", "os_version": null, "size": 283444975, "status": "inactive", "last_pulled": null, "last_pushed": null}], "last_updated": "2017-11-18T01:42:48.737421Z", "last_updater": 1156886, "last_updater_username": "doijanky", "name": "4.1.18", "repository": 802119, "full_size": 283444975, "v2": true, "tag_status": "inactive", "tag_last_pulled": null, "tag_last_pushed": "2017-11-18T01:42:48.737421Z", "media_type": "application/vnd.docker.distribution.manifest.list.v2+json", "content_type": "image"}, {"creator": 1156886, "id": 16400100, "images": [{"architecture": "amd64", "features": "", "variant": null, "digest": "sha256:88de5e3e9e9187bb462d81be38fe94fe401cd080169d1f28ec67cf57eea9fe7b", "os": "linux", "os_features": "", "os_version": null, "size": 175975435, "status": "inactive", "last_pulled": null, "last_pushed": null}], "last_updated": "2017-11-04T14:42:19.702893Z", "last_updater": 1156886, "last_updater_username": "doijanky", "name": "4.1.28", "repository": 802119, "full_size": 175975435, "v2": true, "tag_status": "inactive", "tag_last_pulled": null, "tag_last_pushed": "2017-11-04T14:42:19.702893Z", "media_type": "application/vnd.docker.distribution.manifest.list.v2+json", "content_type": "image"}, {"creator": 2215, "id": 13854417, "images": [{"architecture": "amd64", "features": "", "variant": null, "digest": "sha256:63afea6f4d32d9aa2b9a51fbd17977e55c54e7130bc5a51a9b9cd1fcf2afde9b", "os": "linux", "os_features": "", "os_version": null, "size": 178870077, "status": "inactive", "last_pulled": null, "last_pushed": null}], "last_updated": "2017-10-09T23:42:20.189702Z", "last_updater": 1156886, "last_updater_username": "doijanky", "name": "4.1.25", "repository": 802119, "full_size": 178870077, "v2": true, "tag_status": "inactive", "tag_last_pulled": null, "tag_last_pushed": "2017-10-09T23:42:20.189702Z", "media_type": "application/vnd.docker.distribution.manifest.list.v2+json", "content_type": "image"}, {"creator": 2215, "id": 11620820, "images": [{"architecture": "amd64", "features": "", "variant": null, "digest": "sha256:90e644df6a5795671f8cf9f0c897091e0fefaee62467e5e9deaae0b602921cff", "os": "linux", "os_features": "", "os_version": null, "size": 123340061, "status": "inactive", "last_pulled": null, "last_pushed": null}], "last_updated": "2017-07-25T02:00:13.974119Z", "last_updater": 2215, "last_updater_username": "stackbrew", "name": "4.1.18-wheezy-slim", "repository": 802119, "full_size": 123340061, "v2": true, "tag_status": "inactive", "tag_last_pulled": null, "tag_last_pushed": "2017-07-25T02:00:13.974119Z", "media_type": "application/vnd.docker.container.image.v1+json", "content_type": "image"}]