[{"creator": 2215, "id": 2997657, "images": [{"architecture": "amd64", "features": "", "variant": null, "digest": "sha256:ae36a2b7870e8cf8f6974e78907732ee10a7d877dadf32c5183e5484c4f75a5a", "os": "linux", "os_features": "", "os_version": null, "size": 137845037, "status": "active", "last_pulled": "2024-01-20T07:13:29.261975Z", "last_pushed": "2024-01-17T20:21:47.827783Z"}, {"architecture": "arm64", "features": "", "variant": "v8", "digest": "sha256:152234456e60ecf0fdad02c309261d807d3c596881e265d070f8b15ff241900f", "os": "linux", "os_features": "", "os_version": null, "size": 128862277, "status": "active", "last_pulled": "2024-01-20T05:37:57.115163Z", "last_pushed": "2024-01-17T20:21:49.189687Z"}], "last_updated": "2024-01-17T20:21:59.12236Z", "last_updater": 1156886, "last_updater_username": "doijanky", "name": "latest", "repository": 684458, "full_size": 137845037, "v2": true, "tag_status": "active", "tag_last_pulled": "2024-01-20T07:41:38.596567Z", "tag_last_pushed": "2024-01-17T20:21:59.12236Z", "media_type": "application/vnd.docker.distribution.manifest.list.v2+json", "content_type": "image", "digest": "sha256:5d0837c7845e6943672b8779664cbe45e78cd22c08b27aabf3c784ded8f38c33"}, {"creator": 1156886, "id": 535402212, "images": [{"architecture": "amd64", "features": "", "variant": null, "digest": "sha256:ae36a2b7870e8cf8f6974e78907732ee10a7d877dadf32c5183e5484c4f75a5a", "os": "linux", "os_features": "", "os_version": null, "size": 137845037, "status": "active", "last_pulled": "2024-01-20T07:13:29.261975Z", "last_pushed": "2024-01-17T20:21:47.827783Z"}, {"architecture": "arm64", "features": "", "variant": "v8", "digest": "sha256:152234456e60ecf0fdad02c309261d807d3c596881e265d070f8b15ff241900f", "os": "linux", "os_features": "", "os_version": null, "size": 128862277, "status": "active", "last_pulled": "2024-01-20T05:37:57.115163Z", "last_pushed": "2024-01-17T20:21:49.189687Z"}], "last_updated": "2024-01-17T20:21:55.097471Z", "last_updater": 1156886, "last_updater_username": "doijanky", "name": "1.7.1", "repository": 684458, "full_size": 137845037, "v2": true, "tag_status": "active", "tag_last_pulled": "2024-01-20T07:41:38.596567Z", "tag_last_pushed": "2024-01-17T20:21:55.097471Z", "media_type": "application/vnd.docker.distribution.manifest.list.v2+json", "content_type": "image", "digest": "sha256:5d0837c7845e6943672b8779664cbe45e78cd22c08b27aabf3c784ded8f38c33"}, {"creator": 1156886, "id": 517649965, "images": [{"architecture": "amd64", "features": "", "variant": null, "digest": "sha256:ae36a2b7870e8cf8f6974e78907732ee10a7d877dadf32c5183e5484c4f75a5a", "os": "linux", "os_features": "", "os_version": null, "size": 137845037, "status": "active", "last_pulled": "2024-01-20T07:13:29.261975Z", "last_pushed": "2024-01-17T20:21:47.827783Z"}, {"architecture": "arm64", "features": "", "variant": "v8", "digest": "sha256:152234456e60ecf0fdad02c309261d807d3c596881e265d070f8b15ff241900f", "os": "linux", "os_features": "", "os_version": null, "size": 128862277, "status": "active", "last_pulled": "2024-01-20T05:37:57.115163Z", "last_pushed": "2024-01-17T20:21:49.189687Z"}], "last_updated": "2024-01-17T20:21:51.3445Z", "last_updater": 1156886, "last_updater_username": "doijanky", "name": "1.7", "repository": 684458, "full_size": 137845037, "v2": true, "tag_status": "active", "tag_last_pulled": "2024-01-20T07:41:38.596567Z", "tag_last_pushed": "2024-01-17T20:21:51.3445Z", "media_type": "application/vnd.docker.distribution.manifest.list.v2+json", "content_type": "image", "digest": "sha256:5d0837c7845e6943672b8779664cbe45e78cd22c08b27aabf3c784ded8f38c33"}, {"creator": 1156886, "id": 430070081, "images": [{"architecture": "amd64", "features": "", "variant": null, "digest": "sha256:9751b5ce04785781a487885d46656fe4a33587febb799be1fad75807d795b304", "os": "linux", "os_features": "", "os_version": null, "size": 136767911, "status": "active", "last_pulled": "2024-01-20T07:06:34.286517Z", "last_pushed": "2024-01-17T20:21:25.603193Z"}, {"architecture": "arm64", "features": "", "variant": "v8", "digest": "sha256:6e2666cb494d5349cb73a3cef90567f26916b03c417f43318329283aad24ffd6", "os": "linux", "os_features": "", "os_version": null, "size": 128224017, "status": "active", "last_pulled": "2024-01-20T00:50:16.901654Z", "last_pushed": "2024-01-17T20:21:27.003721Z"}], "last_updated": "2024-01-17T20:21:33.626785Z", "last_updater": 1156886, "last_updater_username": "doijanky", "name": "1.6.6", "repository": 684458, "full_size": 136767911, "v2": true, "tag_status": "active", "tag_last_pulled": "2024-01-20T07:43:52.763799Z", "tag_last_pushed": "2024-01-17T20:21:33.626785Z", "media_type": "application/vnd.docker.distribution.manifest.list.v2+json", "content_type": "image", "digest": "sha256:96e843a8aefb83354f8d1f6b175ddd31dea528638c5ed79fae148f23b3f49d2c"}, {"creator": 1156886, "id": 160874036, "images": [{"architecture": "amd64", "features": "", "variant": null, "digest": "sha256:9751b5ce04785781a487885d46656fe4a33587febb799be1fad75807d795b304", "os": "linux", "os_features": "", "os_version": null, "size": 136767911, "status": "active", "last_pulled": "2024-01-20T07:06:34.286517Z", "last_pushed": "2024-01-17T20:21:25.603193Z"}, {"architecture": "arm64", "features": "", "variant": "v8", "digest": "sha256:6e2666cb494d5349cb73a3cef90567f26916b03c417f43318329283aad24ffd6", "os": "linux", "os_features": "", "os_version": null, "size": 128224017, "status": "active", "last_pulled": "2024-01-20T00:50:16.901654Z", "last_pushed": "2024-01-17T20:21:27.003721Z"}], "last_updated": "2024-01-17T20:21:29.37185Z", "last_updater": 1156886, "last_updater_username": "doijanky", "name": "1.6", "repository": 684458, "full_size": 136767911, "v2": true, "tag_status": "active", "tag_last_pulled": "2024-01-20T07:43:52.763799Z", "tag_last_pushed": "2024-01-17T20:21:29.37185Z", "media_type": "application/vnd.docker.distribution.manifest.list.v2+json", "content_type": "image", "digest": "sha256:96e843a8aefb83354f8d1f6b175ddd31dea528638c5ed79fae148f23b3f49d2c"}, {"creator": 2215, "id": 3131193, "images": [{"architecture": "amd64", "features": "", "variant": null, "digest": "sha256:b072d72098ba1367c0a499550376c19e857d3ffefa1f51816d8748635101cc3c", "os": "linux", "os_features": "", "os_version": null, "size": 70368818, "status": "active", "last_pulled": "2024-01-20T06:35:47.608389Z", "last_pushed": "2023-12-01T07:03:51.417845Z"}], "last_updated": "2023-12-01T07:04:00.838309Z", "last_updater": 1156886, "last_updater_username": "doijanky", "name": "alpine", "repository": 684458, "full_size": 70368818, "v2": true, "tag_status": "active", "tag_last_pulled": "2024-01-20T08:10:27.225578Z", "tag_last_pushed": "2023-12-01T07:04:00.838309Z", "media_type": "application/vnd.docker.distribution.manifest.list.v2+json", "content_type": "image", "digest": "sha256:f55bf1d34d160d84fbd45f5b7a0eae6e5da897ab7387d24de0074f49b2507857"}, {"creator": 1156886, "id": 535402241, "images": [{"architecture": "amd64", "features": "", "variant": null, "digest": "sha256:b072d72098ba1367c0a499550376c19e857d3ffefa1f51816d8748635101cc3c", "os": "linux", "os_features": "", "os_version": null, "size": 70368818, "status": "active", "last_pulled": "2024-01-20T06:35:47.608389Z", "last_pushed": "2023-12-01T07:03:51.417845Z"}], "last_updated": "2023-12-01T07:03:58.454608Z", "last_updater": 1156886, "last_updater_username": "doijanky", "name": "1.7.1-alpine", "repository": 684458, "full_size": 70368818, "v2": true, "tag_status": "active", "tag_last_pulled": "2024-01-20T08:10:27.225578Z", "tag_last_pushed": "2023-12-01T07:03:58.454608Z", "media_type": "application/vnd.docker.distribution.manifest.list.v2+json", "content_type": "image", "digest": "sha256:f55bf1d34d160d84fbd45f5b7a0eae6e5da897ab7387d24de0074f49b2507857"}, {"creator": 1156886, "id": 517649989, "images": [{"architecture": "amd64", "features": "", "variant": null, "digest": "sha256:b072d72098ba1367c0a499550376c19e857d3ffefa1f51816d8748635101cc3c", "os": "linux", "os_features": "", "os_version": null, "size": 70368818, "status": "active", "last_pulled": "2024-01-20T06:35:47.608389Z", "last_pushed": "2023-12-01T07:03:51.417845Z"}], "last_updated": "2023-12-01T07:03:53.479775Z", "last_updater": 1156886, "last_updater_username": "doijanky", "name": "1.7-alpine", "repository": 684458, "full_size": 70368818, "v2": true, "tag_status": "active", "tag_last_pulled": "2024-01-20T08:10:27.225578Z", "tag_last_pushed": "2023-12-01T07:03:53.479775Z", "media_type": "application/vnd.docker.distribution.manifest.list.v2+json", "content_type": "image", "digest": "sha256:f55bf1d34d160d84fbd45f5b7a0eae6e5da897ab7387d24de0074f49b2507857"}, {"creator": 1156886, "id": 430070104, "images": [{"architecture": "amd64", "features": "", "variant": null, "digest": "sha256:19bb27862d145ea62492fe4fbcfb8882807bbd5b647ddefca77cb53cb2e1d411", "os": "linux", "os_features": "", "os_version": null, "size": 68673548, "status": "active", "last_pulled": "2024-01-20T02:36:20.767818Z", "last_pushed": "2023-12-01T07:03:33.254747Z"}], "last_updated": "2023-12-01T07:03:39.880511Z", "last_updater": 1156886, "last_updater_username": "doijanky", "name": "1.6.6-alpine", "repository": 684458, "full_size": 68673548, "v2": true, "tag_status": "active", "tag_last_pulled": "2024-01-20T06:35:42.127964Z", "tag_last_pushed": "2023-12-01T07:03:39.880511Z", "media_type": "application/vnd.docker.distribution.manifest.list.v2+json", "content_type": "image", "digest": "sha256:770470f0121116d4a954eef3b2ca51ba13eb86759dc1e8849046281d3e858791"}, {"creator": 1156886, "id": 160874043, "images": [{"architecture": "amd64", "features": "", "variant": null, "digest": "sha256:19bb27862d145ea62492fe4fbcfb8882807bbd5b647ddefca77cb53cb2e1d411", "os": "linux", "os_features": "", "os_version": null, "size": 68673548, "status": "active", "last_pulled": "2024-01-20T02:36:20.767818Z", "last_pushed": "2023-12-01T07:03:33.254747Z"}], "last_updated": "2023-12-01T07:03:35.67572Z", "last_updater": 1156886, "last_updater_username": "doijanky", "name": "1.6-alpine", "repository": 684458, "full_size": 68673548, "v2": true, "tag_status": "active", "tag_last_pulled": "2024-01-20T06:35:42.127964Z", "tag_last_pushed": "2023-12-01T07:03:35.67572Z", "media_type": "application/vnd.docker.distribution.manifest.list.v2+json", "content_type": "image", "digest": "sha256:770470f0121116d4a954eef3b2ca51ba13eb86759dc1e8849046281d3e858791"}, {"creator": 1156886, "id": 517650043, "images": [{"architecture": "amd64", "features": "", "variant": null, "digest": "sha256:ca9e318d69406d0fe80ed0291c42a637da32bcac4206eada45ebf539963f18d8", "os": "linux", "os_features": "", "os_version": null, "size": 70332005, "status": "active", "last_pulled": "2024-01-20T00:16:21.37369Z", "last_pushed": "2023-10-21T03:28:44.842961Z"}], "last_updated": "2023-10-21T03:28:50.536288Z", "last_updater": 1156886, "last_updater_username": "doijanky", "name": "1.7.0-alpine", "repository": 684458, "full_size": 70332005, "v2": true, "tag_status": "active", "tag_last_pulled": "2024-01-20T00:16:21.37369Z", "tag_last_pushed": "2023-10-21T03:28:50.536288Z", "media_type": "application/vnd.docker.distribution.manifest.list.v2+json", "content_type": "image", "digest": "sha256:f13247b31efb3c4712db3b8069732fe3f8ff8a1a787087a768fa545625d868c9"}, {"creator": 1156886, "id": 517650014, "images": [{"architecture": "amd64", "features": "", "variant": null, "digest": "sha256:432ddacdf835d7ceaea9eaa97baa66acfeeeaf1dea0ceacd43c5299caeacdb1d", "os": "linux", "os_features": "", "os_version": null, "size": 136293092, "status": "active", "last_pulled": "2024-01-19T17:22:31.954143Z", "last_pushed": "2023-10-13T16:01:09.180462Z"}, {"architecture": "arm64", "features": "", "variant": "v8", "digest": "sha256:9e6622ef801b5a4d95ea622e0774991fd822ff46adb1ef99c62131a1db6e232d", "os": "linux", "os_features": "", "os_version": null, "size": 127552472, "status": "active", "last_pulled": "2024-01-06T23:18:15.760488Z", "last_pushed": "2023-10-13T08:52:55.651888Z"}], "last_updated": "2023-10-13T16:01:17.638654Z", "last_updater": 1156886, "last_updater_username": "doijanky", "name": "1.7.0", "repository": 684458, "full_size": 136293092, "v2": true, "tag_status": "active", "tag_last_pulled": "2024-01-19T19:02:18.741737Z", "tag_last_pushed": "2023-10-13T16:01:17.638654Z", "media_type": "application/vnd.docker.distribution.manifest.list.v2+json", "content_type": "image", "digest": "sha256:dbf049f06c1a0008c105311aecae08ce26b481511f8a025bb9f7cb7fc869516e"}, {"creator": 1156886, "id": 144660525, "images": [{"architecture": "amd64", "features": "", "variant": null, "digest": "sha256:0cfcce9c6a176efe90bdf9ec31f9a8fa3c05922f5fcf6a36fff9c5fa100fcf76", "os": "linux", "os_features": "", "os_version": null, "size": 105909780, "status": "active", "last_pulled": "2024-01-20T07:30:12.653324Z", "last_pushed": "2023-09-02T02:34:47.180537Z"}, {"architecture": "arm", "features": "", "variant": "v7", "digest": "sha256:4d7d7bd12a0dbb946a88747cadc421541401d769cd50e24680646943e8ab012c", "os": "linux", "os_features": "", "os_version": null, "size": 96234966, "status": "active", "last_pulled": "2024-01-09T10:49:14.471911Z", "last_pushed": "2023-09-02T01:34:10.702601Z"}, {"architecture": "arm64", "features": "", "variant": "v8", "digest": "sha256:0d78ad7935fb1d142238f8ccc478ad4dd8b5c3f8572a67d7def8afa63886a6d1", "os": "linux", "os_features": "", "os_version": null, "size": 99190109, "status": "active", "last_pulled": "2024-01-18T14:13:32.408018Z", "last_pushed": "2023-09-02T01:34:11.923436Z"}], "last_updated": "2023-09-02T02:34:53.871698Z", "last_updater": 1156886, "last_updater_username": "doijanky", "name": "1.5.9", "repository": 684458, "full_size": 105909780, "v2": true, "tag_status": "active", "tag_last_pulled": "2024-01-20T07:30:12.653324Z", "tag_last_pushed": "2023-09-02T02:34:53.871698Z", "media_type": "application/vnd.docker.distribution.manifest.list.v2+json", "content_type": "image", "digest": "sha256:ede7031b27ee635422da167fcc21c22b4cde3685dd4aecd3d2423199c201d032"}, {"creator": 1156886, "id": 27819316, "images": [{"architecture": "amd64", "features": "", "variant": null, "digest": "sha256:0cfcce9c6a176efe90bdf9ec31f9a8fa3c05922f5fcf6a36fff9c5fa100fcf76", "os": "linux", "os_features": "", "os_version": null, "size": 105909780, "status": "active", "last_pulled": "2024-01-20T07:30:12.653324Z", "last_pushed": "2023-09-02T02:34:47.180537Z"}, {"architecture": "arm", "features": "", "variant": "v7", "digest": "sha256:4d7d7bd12a0dbb946a88747cadc421541401d769cd50e24680646943e8ab012c", "os": "linux", "os_features": "", "os_version": null, "size": 96234966, "status": "active", "last_pulled": "2024-01-09T10:49:14.471911Z", "last_pushed": "2023-09-02T01:34:10.702601Z"}, {"architecture": "arm64", "features": "", "variant": "v8", "digest": "sha256:0d78ad7935fb1d142238f8ccc478ad4dd8b5c3f8572a67d7def8afa63886a6d1", "os": "linux", "os_features": "", "os_version": null, "size": 99190109, "status": "active", "last_pulled": "2024-01-18T14:13:32.408018Z", "last_pushed": "2023-09-02T01:34:11.923436Z"}], "last_updated": "2023-09-02T02:34:49.345949Z", "last_updater": 1156886, "last_updater_username": "doijanky", "name": "1.5", "repository": 684458, "full_size": 105909780, "v2": true, "tag_status": "active", "tag_last_pulled": "2024-01-20T07:30:12.653324Z", "tag_last_pushed": "2023-09-02T02:34:49.345949Z", "media_type": "application/vnd.docker.distribution.manifest.list.v2+json", "content_type": "image", "digest": "sha256:ede7031b27ee635422da167fcc21c22b4cde3685dd4aecd3d2423199c201d032"}, {"creator": 1156886, "id": 144660531, "images": [{"architecture": "amd64", "features": "", "variant": null, "digest": "sha256:32b8cb0e1e1e3fda8e954b79cbe4e15272e04ba7427f841b22dff8cf0818ffcd", "os": "linux", "os_features": "", "os_version": null, "size": 22655711, "status": "active", "last_pulled": "2024-01-20T07:39:20.941317Z", "last_pushed": "2023-04-28T23:39:56.325548Z"}], "last_updated": "2023-04-28T23:40:04.804272Z", "last_updater": 1156886, "last_updater_username": "doijanky", "name": "1.5.9-alpine", "repository": 684458, "full_size": 22655711, "v2": true, "tag_status": "active", "tag_last_pulled": "2024-01-20T07:39:20.941317Z", "tag_last_pushed": "2023-04-28T23:40:04.804272Z", "media_type": "application/vnd.docker.distribution.manifest.list.v2+json", "content_type": "image", "digest": "sha256:2d4571bbd7f39b054949f82034b3d529b2bc0ccf3889e2e72a592d8560d57f7a"}, {"creator": 1156886, "id": 27819320, "images": [{"architecture": "amd64", "features": "", "variant": null, "digest": "sha256:32b8cb0e1e1e3fda8e954b79cbe4e15272e04ba7427f841b22dff8cf0818ffcd", "os": "linux", "os_features": "", "os_version": null, "size": 22655711, "status": "active", "last_pulled": "2024-01-20T07:39:20.941317Z", "last_pushed": "2023-04-28T23:39:56.325548Z"}], "last_updated": "2023-04-28T23:39:58.092931Z", "last_updater": 1156886, "last_updater_username": "doijanky", "name": "1.5-alpine", "repository": 684458, "full_size": 22655711, "v2": true, "tag_status": "active", "tag_last_pulled": "2024-01-20T07:39:20.941317Z", "tag_last_pushed": "2023-04-28T23:39:58.092931Z", "media_type": "application/vnd.docker.distribution.manifest.list.v2+json", "content_type": "image", "digest": "sha256:2d4571bbd7f39b054949f82034b3d529b2bc0ccf3889e2e72a592d8560d57f7a"}, {"creator": 1156886, "id": 277981286, "images": [{"architecture": "amd64", "features": "", "variant": null, "digest": "sha256:8cec39c7e37b50b3be9dc84f2ba9f9f5576d12f783831f36ba1e4710e30d4ee1", "os": "linux", "os_features": "", "os_version": null, "size": 131079997, "status": "active", "last_pulled": "2024-01-20T08:00:09.900593Z", "last_pushed": "2022-12-09T10:36:14.029161Z"}, {"architecture": "arm64", "features": "", "variant": "v8", "digest": "sha256:dff8ca446927f04768f4a24eea1113abc20694b64216e7949720d3f8827baba5", "os": "linux", "os_features": "", "os_version": null, "size": 123679419, "status": "active", "last_pulled": "2024-01-06T23:18:16.333553Z", "last_pushed": "2022-12-09T08:20:08.799136Z"}], "last_updated": "2022-12-09T10:36:19.95837Z", "last_updater": 1156886, "last_updater_username": "doijanky", "name": "1.6.5", "repository": 684458, "full_size": 131079997, "v2": true, "tag_status": "active", "tag_last_pulled": "2024-01-20T08:00:09.900593Z", "tag_last_pushed": "2022-12-09T10:36:19.95837Z", "media_type": "application/vnd.docker.distribution.manifest.list.v2+json", "content_type": "image", "digest": "sha256:9b5d97af6fbfd6c9d10c5b3e0e17015b87f510d5bb07d64bc31c369770bc25a9"}, {"creator": 1156886, "id": 277981304, "images": [{"architecture": "amd64", "features": "", "variant": null, "digest": "sha256:ff3016de88eda9ee9d775cb885b78a997a44b5d759b1e6df1cbd149196e1b0bc", "os": "linux", "os_features": "", "os_version": null, "size": 67432736, "status": "active", "last_pulled": "2024-01-20T06:18:44.624559Z", "last_pushed": "2022-11-12T08:48:16.741182Z"}], "last_updated": "2022-11-12T08:48:21.482948Z", "last_updater": 1156886, "last_updater_username": "doijanky", "name": "1.6.5-alpine", "repository": 684458, "full_size": 67432736, "v2": true, "tag_status": "active", "tag_last_pulled": "2024-01-20T06:18:44.624559Z", "tag_last_pushed": "2022-11-12T08:48:21.482948Z", "media_type": "application/vnd.docker.distribution.manifest.list.v2+json", "content_type": "image", "digest": "sha256:19fdd2d84a7fdcda3fef95b134071ce501f20c2f95a3ce8cd3504d21be60c004"}, {"creator": 1156886, "id": 199368953, "images": [{"architecture": "amd64", "features": "", "variant": null, "digest": "sha256:349635b6b2ad0e9cbf19174772904452b70433cdba2d6cd58232b7e2587d0c65", "os": "linux", "os_features": "", "os_version": null, "size": 63783371, "status": "active", "last_pulled": "2024-01-20T04:04:22.385022Z", "last_pushed": "2022-08-09T21:06:14.047041Z"}], "last_updated": "2022-08-09T21:06:19.668849Z", "last_updater": 1156886, "last_updater_username": "doijanky", "name": "1.6.4-alpine", "repository": 684458, "full_size": 63783371, "v2": true, "tag_status": "active", "tag_last_pulled": "2024-01-20T08:00:22.696178Z", "tag_last_pushed": "2022-08-09T21:06:19.668849Z", "media_type": "application/vnd.docker.distribution.manifest.list.v2+json", "content_type": "image", "digest": "sha256:825cae2684435f635123084edfc1f762ed5929b94e0e5078d06cadf49a29dc68"}, {"creator": 1156886, "id": 199368948, "images": [{"architecture": "amd64", "features": "", "variant": null, "digest": "sha256:6a772aed3a8cdeaee2ac615a1fd6cc7577b9f7fa1914df803f0fb7e0f060ba90", "os": "linux", "os_features": "", "os_version": null, "size": 135256941, "status": "active", "last_pulled": "2024-01-19T09:39:25.956966Z", "last_pushed": "2022-06-23T15:40:11.735278Z"}, {"architecture": "arm64", "features": "", "variant": "v8", "digest": "sha256:6373532a6302c365d6fe8d488e4cf4b199c1e4ef17c6575e14fd96867262d6cd", "os": "linux", "os_features": "", "os_version": null, "size": 127222489, "status": "active", "last_pulled": "2024-01-20T07:36:46.570426Z", "last_pushed": "2022-06-23T20:10:29.410036Z"}], "last_updated": "2022-06-23T20:10:35.17566Z", "last_updater": 1156886, "last_updater_username": "doijanky", "name": "1.6.4", "repository": 684458, "full_size": 135256941, "v2": true, "tag_status": "active", "tag_last_pulled": "2024-01-20T07:36:46.570426Z", "tag_last_pushed": "2022-06-23T20:10:35.17566Z", "media_type": "application/vnd.docker.distribution.manifest.list.v2+json", "content_type": "image"}, {"creator": 1156886, "id": 188999651, "images": [{"architecture": "amd64", "features": "", "variant": null, "digest": "sha256:bb7bc0e600d9b2dc0cb4d1a7f3790cc5e2a37218a9f87fe8619f27e22358f572", "os": "linux", "os_features": "", "os_version": null, "size": 132904781, "status": "active", "last_pulled": "2024-01-16T19:36:39.775932Z", "last_pushed": "2022-03-19T10:21:34.325317Z"}, {"architecture": "arm64", "features": "", "variant": "v8", "digest": "sha256:eba6e3c4a8cbbb5366bade71e48e75b945fd44773461183a2bd35363e49fd72e", "os": "linux", "os_features": "", "os_version": null, "size": 124689773, "status": "active", "last_pulled": "2024-01-06T23:18:18.617443Z", "last_pushed": "2022-03-19T04:40:47.886964Z"}], "last_updated": "2022-03-19T10:21:39.849886Z", "last_updater": 1156886, "last_updater_username": "doijanky", "name": "1.6.3", "repository": 684458, "full_size": 132904781, "v2": true, "tag_status": "active", "tag_last_pulled": "2024-01-16T19:36:39.775932Z", "tag_last_pushed": "2022-03-19T10:21:39.849886Z", "media_type": "application/vnd.docker.distribution.manifest.list.v2+json", "content_type": "image"}, {"creator": 1156886, "id": 188999655, "images": [{"architecture": "amd64", "features": "", "variant": null, "digest": "sha256:7b80b18e0b03667ed5646cbb8f99ac28757a4f4740a2dc65d3b7d53f3e4e5b61", "os": "linux", "os_features": "", "os_version": null, "size": 61448749, "status": "active", "last_pulled": "2024-01-20T04:35:57.914873Z", "last_pushed": "2022-03-17T18:23:21.522518Z"}], "last_updated": "2022-03-17T18:23:26.561048Z", "last_updater": 1156886, "last_updater_username": "doijanky", "name": "1.6.3-alpine", "repository": 684458, "full_size": 61448749, "v2": true, "tag_status": "active", "tag_last_pulled": "2024-01-20T04:35:57.914873Z", "tag_last_pushed": "2022-03-17T18:23:26.561048Z", "media_type": "application/vnd.docker.distribution.manifest.list.v2+json", "content_type": "image"}, {"creator": 1156886, "id": 169815872, "images": [{"architecture": "arm64", "features": "", "variant": "v8", "digest": "sha256:4c1a448a7e194d4ec48d5c8e00b7807b117c94d93e4b9503b35ffccb8db849d3", "os": "linux", "os_features": "", "os_version": null, "size": 124573370, "status": "active", "last_pulled": "2024-01-06T23:18:19.502801Z", "last_pushed": "2021-12-21T20:11:31.66373Z"}, {"architecture": "amd64", "features": "", "variant": null, "digest": "sha256:e2611be987b48722b8fa30d7a4f4702bc55ca4d7d1cc9014981cbdf2be63b096", "os": "linux", "os_features": "", "os_version": null, "size": 132822287, "status": "active", "last_pulled": "2024-01-16T19:38:10.161717Z", "last_pushed": "2021-12-22T09:43:50.004353Z"}], "last_updated": "2021-12-22T09:43:54.751596Z", "last_updater": 1156886, "last_updater_username": "doijanky", "name": "1.6.2", "repository": 684458, "full_size": 132822287, "v2": true, "tag_status": "active", "tag_last_pulled": "2024-01-16T19:38:10.161717Z", "tag_last_pushed": "2021-12-22T09:43:54.751596Z", "media_type": "application/vnd.docker.distribution.manifest.list.v2+json", "content_type": "image"}, {"creator": 1156886, "id": 169815876, "images": [{"architecture": "amd64", "features": "", "variant": null, "digest": "sha256:c36254ee5403831ea98c53f60dc936a7fef5d62fce45f6a4dca587159e74752a", "os": "linux", "os_features": "", "os_version": null, "size": 61437295, "status": "active", "last_pulled": "2024-01-20T00:16:13.08778Z", "last_pushed": "2021-11-13T06:24:20.729579Z"}], "last_updated": "2021-11-13T06:24:25.316155Z", "last_updater": 1156886, "last_updater_username": "doijanky", "name": "1.6.2-alpine", "repository": 684458, "full_size": 61437295, "v2": true, "tag_status": "active", "tag_last_pulled": "2024-01-20T00:16:13.08778Z", "tag_last_pushed": "2021-11-13T06:24:25.316155Z", "media_type": "application/vnd.docker.distribution.manifest.list.v2+json", "content_type": "image"}, {"creator": 1156886, "id": 160874050, "images": [{"architecture": "amd64", "features": "", "variant": null, "digest": "sha256:b4f4ac7aa195eefc79624b233c172c7adf62e8c5e4ad6280b26e9cc9e8767d8d", "os": "linux", "os_features": "", "os_version": null, "size": 133621095, "status": "active", "last_pulled": "2024-01-16T19:39:12.50587Z", "last_pushed": "2021-09-29T06:49:09.124132Z"}, {"architecture": "arm64", "features": "", "variant": "v8", "digest": "sha256:4bf2f689529f99b35627f9efe1a9e2445784cb7272f4ceeda46684205eab7486", "os": "linux", "os_features": "", "os_version": null, "size": 126425841, "status": "active", "last_pulled": "2024-01-19T17:40:55.645364Z", "last_pushed": "2021-09-28T22:21:39.849388Z"}], "last_updated": "2021-09-29T06:49:13.37621Z", "last_updater": 1156886, "last_updater_username": "doijanky", "name": "1.6.1", "repository": 684458, "full_size": 133621095, "v2": true, "tag_status": "active", "tag_last_pulled": "2024-01-19T17:40:55.645364Z", "tag_last_pushed": "2021-09-29T06:49:13.37621Z", "media_type": "application/vnd.docker.distribution.manifest.list.v2+json", "content_type": "image"}, {"creator": 1156886, "id": 160874056, "images": [{"architecture": "amd64", "features": "", "variant": null, "digest": "sha256:b3c9c70bdad340a180f54ab64c17a420e8ea6544513bb86d1d5ee61c980c1f16", "os": "linux", "os_features": "", "os_version": null, "size": 62282802, "status": "active", "last_pulled": "2024-01-20T00:16:11.58156Z", "last_pushed": "2021-09-01T03:21:18.122948Z"}], "last_updated": "2021-09-01T03:21:23.337149Z", "last_updater": 1156886, "last_updater_username": "doijanky", "name": "1.6.1-alpine", "repository": 684458, "full_size": 62282802, "v2": true, "tag_status": "active", "tag_last_pulled": "2024-01-20T00:16:11.58156Z", "tag_last_pushed": "2021-09-01T03:21:23.337149Z", "media_type": "application/vnd.docker.distribution.manifest.list.v2+json", "content_type": "image"}, {"creator": 1156886, "id": 23935478, "images": [{"architecture": "arm64", "features": "", "variant": "v8", "digest": "sha256:1c0c2d8390ee5b13fc927988ac21dc9444761c3a4f650ebe797ffe5eaa6b750c", "os": "linux", "os_features": "", "os_version": null, "size": 91815986, "status": "active", "last_pulled": "2024-01-11T22:54:29.002717Z", "last_pushed": "2021-07-22T13:44:43.7302Z"}, {"architecture": "amd64", "features": "", "variant": null, "digest": "sha256:35353c62300e33437684138b9027ecaade115778b56fef95a32f9fd810371230", "os": "linux", "os_features": "", "os_version": null, "size": 97025971, "status": "active", "last_pulled": "2024-01-20T00:36:25.786638Z", "last_pushed": "2021-07-23T02:33:22.404461Z"}, {"architecture": "arm", "features": "", "variant": "v7", "digest": "sha256:e58dd670a4d404de2a535a88978906eb6d1ce0a5a0e32012d0cc4fcd3bc4ebd7", "os": "linux", "os_features": "", "os_version": null, "size": 90794169, "status": "active", "last_pulled": "2024-01-06T23:18:22.385439Z", "last_pushed": "2021-07-23T11:19:30.806511Z"}], "last_updated": "2021-07-23T11:19:37.322466Z", "last_updater": 1156886, "last_updater_username": "doijanky", "name": "1.4.1", "repository": 684458, "full_size": 97025971, "v2": true, "tag_status": "active", "tag_last_pulled": "2024-01-20T00:36:25.786638Z", "tag_last_pushed": "2021-07-23T11:19:37.322466Z", "media_type": "application/vnd.docker.distribution.manifest.list.v2+json", "content_type": "image"}, {"creator": 1156886, "id": 19382024, "images": [{"architecture": "amd64", "features": "", "variant": null, "digest": "sha256:35353c62300e33437684138b9027ecaade115778b56fef95a32f9fd810371230", "os": "linux", "os_features": "", "os_version": null, "size": 97025971, "status": "active", "last_pulled": "2024-01-20T00:36:25.786638Z", "last_pushed": "2021-07-23T02:33:22.404461Z"}, {"architecture": "arm64", "features": "", "variant": "v8", "digest": "sha256:1c0c2d8390ee5b13fc927988ac21dc9444761c3a4f650ebe797ffe5eaa6b750c", "os": "linux", "os_features": "", "os_version": null, "size": 91815986, "status": "active", "last_pulled": "2024-01-11T22:54:29.002717Z", "last_pushed": "2021-07-22T13:44:43.7302Z"}, {"architecture": "arm", "features": "", "variant": "v7", "digest": "sha256:e58dd670a4d404de2a535a88978906eb6d1ce0a5a0e32012d0cc4fcd3bc4ebd7", "os": "linux", "os_features": "", "os_version": null, "size": 90794169, "status": "active", "last_pulled": "2024-01-06T23:18:22.385439Z", "last_pushed": "2021-07-23T11:19:30.806511Z"}], "last_updated": "2021-07-23T11:19:32.771228Z", "last_updater": 1156886, "last_updater_username": "doijanky", "name": "1.4", "repository": 684458, "full_size": 97025971, "v2": true, "tag_status": "active", "tag_last_pulled": "2024-01-20T00:36:25.786638Z", "tag_last_pushed": "2021-07-23T11:19:32.771228Z", "media_type": "application/vnd.docker.distribution.manifest.list.v2+json", "content_type": "image"}, {"creator": 1156886, "id": 23935491, "images": [{"architecture": "amd64", "features": "", "variant": null, "digest": "sha256:ba41bfd529fcc6d4a44c8c95b673955697cc0060706eb0360997d22d00adf2a5", "os": "linux", "os_features": "", "os_version": null, "size": 19680593, "status": "active", "last_pulled": "2024-01-20T00:15:54.395615Z", "last_pushed": "2021-04-14T23:21:56.29998Z"}], "last_updated": "2021-04-14T23:22:03.64107Z", "last_updater": 1156886, "last_updater_username": "doijanky", "name": "1.4.1-alpine", "repository": 684458, "full_size": 19680593, "v2": true, "tag_status": "active", "tag_last_pulled": "2024-01-20T00:15:54.395615Z", "tag_last_pushed": "2021-04-14T23:22:03.64107Z", "media_type": "application/vnd.docker.distribution.manifest.list.v2+json", "content_type": "image"}, {"creator": 1156886, "id": 19382035, "images": [{"architecture": "amd64", "features": "", "variant": null, "digest": "sha256:ba41bfd529fcc6d4a44c8c95b673955697cc0060706eb0360997d22d00adf2a5", "os": "linux", "os_features": "", "os_version": null, "size": 19680593, "status": "active", "last_pulled": "2024-01-20T00:15:54.395615Z", "last_pushed": "2021-04-14T23:21:56.29998Z"}], "last_updated": "2021-04-14T23:21:59.145318Z", "last_updater": 1156886, "last_updater_username": "doijanky", "name": "1.4-alpine", "repository": 684458, "full_size": 19680593, "v2": true, "tag_status": "active", "tag_last_pulled": "2024-01-20T00:15:54.395615Z", "tag_last_pushed": "2021-04-14T23:21:59.145318Z", "media_type": "application/vnd.docker.distribution.manifest.list.v2+json", "content_type": "image"}, {"creator": 1156886, "id": 134866902, "images": [{"architecture": "arm", "features": "", "variant": "v7", "digest": "sha256:2c7224f89b16f993c19d122be5d63546384666ba1f9c55ef0d05ee5bc11e47cd", "os": "linux", "os_features": "", "os_version": null, "size": 104167576, "status": "active", "last_pulled": "2024-01-04T20:22:20.205436Z", "last_pushed": "2021-03-31T21:13:51.052754Z"}, {"architecture": "amd64", "features": "", "variant": null, "digest": "sha256:49c0a7a669d852b337524c2cd7a865f0cc372256a90092c5d820cc9d9095b96a", "os": "linux", "os_features": "", "os_version": null, "size": 111453344, "status": "active", "last_pulled": "2024-01-18T08:30:09.872798Z", "last_pushed": "2021-03-31T22:21:55.435567Z"}, {"architecture": "arm64", "features": "", "variant": "v8", "digest": "sha256:c0437d7fa30fb204c16fa2b5fc603872e0ca5b3539887d43ec6accafbfa38a3e", "os": "linux", "os_features": "", "os_version": null, "size": 104980145, "status": "active", "last_pulled": "2024-01-04T20:22:20.329702Z", "last_pushed": "2021-04-01T00:12:22.094899Z"}], "last_updated": "2021-04-01T00:12:29.720231Z", "last_updater": 1156886, "last_updater_username": "doijanky", "name": "1.5.8", "repository": 684458, "full_size": 111453344, "v2": true, "tag_status": "active", "tag_last_pulled": "2024-01-18T08:30:09.872798Z", "tag_last_pushed": "2021-04-01T00:12:29.720231Z", "media_type": "application/vnd.docker.distribution.manifest.list.v2+json", "content_type": "image"}, {"creator": 1156886, "id": 134866912, "images": [{"architecture": "amd64", "features": "", "variant": null, "digest": "sha256:2724f8719e5400525aac4ab961ce4cd5dd0f473cd9670b8d4eb3cb93da08207a", "os": "linux", "os_features": "", "os_version": null, "size": 22598151, "status": "active", "last_pulled": "2024-01-20T07:34:33.852764Z", "last_pushed": "2021-03-31T22:22:09.957219Z"}], "last_updated": "2021-03-31T22:22:19.423349Z", "last_updater": 1156886, "last_updater_username": "doijanky", "name": "1.5.8-alpine", "repository": 684458, "full_size": 22598151, "v2": true, "tag_status": "active", "tag_last_pulled": "2024-01-20T07:34:33.852764Z", "tag_last_pushed": "2021-03-31T22:22:19.423349Z", "media_type": "application/vnd.docker.distribution.manifest.list.v2+json", "content_type": "image"}, {"creator": 1156886, "id": 126133244, "images": [{"architecture": "arm64", "features": "", "variant": "v8", "digest": "sha256:0e53c108c9d6496b06e62cb57943329b875800b5bdbc7000f90aa8d45d8535e6", "os": "linux", "os_features": "", "os_version": null, "size": 103887221, "status": "active", "last_pulled": "2024-01-04T20:22:21.719378Z", "last_pushed": "2021-01-12T23:50:26.565967Z"}, {"architecture": "amd64", "features": "", "variant": null, "digest": "sha256:6bbec68ff87dda769c1fa4cd652e1a467597bdd96e5e4877876523471003ade3", "os": "linux", "os_features": "", "os_version": null, "size": 110162481, "status": "active", "last_pulled": "2024-01-20T07:37:59.046409Z", "last_pushed": "2021-01-13T00:25:43.966696Z"}, {"architecture": "arm", "features": "", "variant": "v7", "digest": "sha256:df4221cbbc7d4a8b937b545d998b93bcab89e1061452130e90b1ebb7e7673a6c", "os": "linux", "os_features": "", "os_version": null, "size": 103066793, "status": "active", "last_pulled": "2024-01-04T20:22:22.162208Z", "last_pushed": "2021-01-12T21:20:13.213454Z"}], "last_updated": "2021-01-13T00:25:53.666654Z", "last_updater": 1156886, "last_updater_username": "doijanky", "name": "1.5.7", "repository": 684458, "full_size": 110162481, "v2": true, "tag_status": "active", "tag_last_pulled": "2024-01-20T07:37:59.046409Z", "tag_last_pushed": "2021-01-13T00:25:53.666654Z", "media_type": "application/vnd.docker.distribution.manifest.list.v2+json", "content_type": "image"}, {"creator": 1156886, "id": 126133250, "images": [{"architecture": "amd64", "features": "", "variant": null, "digest": "sha256:31dff98f923f839422f76073bb331cb194955b18d29344e824a97274d06001d4", "os": "linux", "os_features": "", "os_version": null, "size": 23181083, "status": "active", "last_pulled": "2024-01-20T00:16:05.981953Z", "last_pushed": "2020-12-17T13:43:56.475244Z"}], "last_updated": "2020-12-17T13:44:07.664621Z", "last_updater": 1156886, "last_updater_username": "doijanky", "name": "1.5.7-alpine", "repository": 684458, "full_size": 23181083, "v2": true, "tag_status": "active", "tag_last_pulled": "2024-01-20T00:16:05.981953Z", "tag_last_pushed": "2020-12-17T13:44:07.664621Z", "media_type": "application/vnd.docker.distribution.manifest.list.v2+json", "content_type": "image"}, {"creator": 1156886, "id": 115428371, "images": [{"architecture": "amd64", "features": "", "variant": null, "digest": "sha256:78c651a3fc1a8aca99ad35963cc699ce402ca8da59949218041294b9c6bb1d80", "os": "linux", "os_features": "", "os_version": null, "size": 23147583, "status": "active", "last_pulled": "2024-01-20T00:16:04.499804Z", "last_pushed": "2020-10-22T04:58:57.396356Z"}], "last_updated": "2020-10-22T04:59:05.298223Z", "last_updater": 1156886, "last_updater_username": "doijanky", "name": "1.5.6-alpine", "repository": 684458, "full_size": 23147583, "v2": true, "tag_status": "active", "tag_last_pulled": "2024-01-20T00:16:04.499804Z", "tag_last_pushed": "2020-10-22T04:59:05.298223Z", "media_type": "application/vnd.docker.distribution.manifest.list.v2+json", "content_type": "image"}, {"creator": 1156886, "id": 115428367, "images": [{"architecture": "amd64", "features": "", "variant": null, "digest": "sha256:4d8c2a7360a05f7dc80fff583776ba253500610423ca39eeba3aea415294f063", "os": "linux", "os_features": "", "os_version": null, "size": 110048782, "status": "active", "last_pulled": "2024-01-16T05:48:58.547166Z", "last_pushed": "2020-10-13T23:33:34.137921Z"}, {"architecture": "arm", "features": "", "variant": "v7", "digest": "sha256:72b337f672e3cce48b0a99aece48a5151a2d8c5ac012c7478849cff98f92418e", "os": "linux", "os_features": "", "os_version": null, "size": 102965833, "status": "active", "last_pulled": "2024-01-04T20:22:23.409064Z", "last_pushed": "2020-10-13T23:33:35.770765Z"}, {"architecture": "arm64", "features": "", "variant": "v8", "digest": "sha256:ab7b72b7951ad70829b413970759f91b1e609509223a277e821005e43aa8f4e4", "os": "linux", "os_features": "", "os_version": null, "size": 103761372, "status": "active", "last_pulled": "2024-01-04T20:22:23.384115Z", "last_pushed": "2020-10-14T01:02:23.091611Z"}], "last_updated": "2020-10-14T01:02:46.94567Z", "last_updater": 1156886, "last_updater_username": "doijanky", "name": "1.5.6", "repository": 684458, "full_size": 110048782, "v2": true, "tag_status": "active", "tag_last_pulled": "2024-01-16T05:48:58.547166Z", "tag_last_pushed": "2020-10-14T01:02:46.94567Z", "media_type": "application/vnd.docker.distribution.manifest.list.v2+json", "content_type": "image"}, {"creator": 1156886, "id": 111696216, "images": [{"architecture": "amd64", "features": "", "variant": null, "digest": "sha256:ca6976a52d9019405bf00d76c1b3ae4afebfa1fb6ac243f4c7b590ae3e2a6aaa", "os": "linux", "os_features": "", "os_version": null, "size": 109859215, "status": "active", "last_pulled": "2024-01-19T23:54:15.379462Z", "last_pushed": null}, {"architecture": "arm64", "features": "", "variant": "v8", "digest": "sha256:5d533740ff3d3128c396915071d94f355deb791efe732a3880ecca6de482e804", "os": "linux", "os_features": "", "os_version": null, "size": 103817141, "status": "active", "last_pulled": "2024-01-04T20:22:24.91115Z", "last_pushed": null}, {"architecture": "arm", "features": "", "variant": "v7", "digest": "sha256:524cd01fe234881bd8291d35f30363ff6649d6dc854b44724f909ddb2224a85b", "os": "linux", "os_features": "", "os_version": null, "size": 102787445, "status": "active", "last_pulled": "2024-01-04T20:22:25.290256Z", "last_pushed": null}], "last_updated": "2020-08-05T16:48:57.000031Z", "last_updater": 1156886, "last_updater_username": "doijanky", "name": "1.5.5", "repository": 684458, "full_size": 0, "v2": true, "tag_status": "active", "tag_last_pulled": "2024-01-19T23:54:15.379462Z", "tag_last_pushed": "2020-08-05T16:48:57.000031Z", "media_type": "application/vnd.docker.distribution.manifest.list.v2+json", "content_type": "image"}, {"creator": 1156886, "id": 111696229, "images": [{"architecture": "amd64", "features": "", "variant": null, "digest": "sha256:6aaae2e15ff86e16d9c200949fd9e89226cb45546a8632235f9e9edeb25c6f7a", "os": "linux", "os_features": "", "os_version": null, "size": 23103501, "status": "active", "last_pulled": "2024-01-20T00:16:03.162523Z", "last_pushed": null}], "last_updated": "2020-08-03T22:54:56.100793Z", "last_updater": 1156886, "last_updater_username": "doijanky", "name": "1.5.5-alpine", "repository": 684458, "full_size": 0, "v2": true, "tag_status": "active", "tag_last_pulled": "2024-01-20T00:16:03.162523Z", "tag_last_pushed": "2020-08-03T22:54:56.100793Z", "media_type": "application/vnd.docker.distribution.manifest.list.v2+json", "content_type": "image"}, {"creator": 1156886, "id": 88126910, "images": [{"architecture": "arm", "features": "", "variant": "v7", "digest": "sha256:c30c8f1ed10bfc6c78312dd38aba404e51ce6ea968568344489e96bbcc2421ab", "os": "linux", "os_features": "", "os_version": null, "size": 102766835, "status": "active", "last_pulled": "2024-01-06T23:18:23.243676Z", "last_pushed": null}, {"architecture": "amd64", "features": "", "variant": null, "digest": "sha256:3af62ad4c65dda932db4c9551b4e30b6e0f2feb70f5b1766c5f763657937534d", "os": "linux", "os_features": "", "os_version": null, "size": 109847295, "status": "active", "last_pulled": "2024-01-20T07:01:34.07297Z", "last_pushed": null}, {"architecture": "arm64", "features": "", "variant": "v8", "digest": "sha256:28be23f801897ba0548108d9bee5ba1a8ebdee14a21aaa05eb497cd8aa78cc1c", "os": "linux", "os_features": "", "os_version": null, "size": 103798397, "status": "active", "last_pulled": "2024-01-06T23:18:23.849011Z", "last_pushed": null}], "last_updated": "2020-07-22T23:46:53.23797Z", "last_updater": 1156886, "last_updater_username": "doijanky", "name": "1.5.4", "repository": 684458, "full_size": 0, "v2": true, "tag_status": "active", "tag_last_pulled": "2024-01-20T07:01:34.07297Z", "tag_last_pushed": "2020-07-22T23:46:53.23797Z", "media_type": "application/vnd.docker.distribution.manifest.list.v2+json", "content_type": "image"}, {"creator": 1156886, "id": 88126913, "images": [{"architecture": "amd64", "features": "", "variant": null, "digest": "sha256:aa605c5e74ff149da7d84f26a0d79ae92ae12038ce4086343482769df205e973", "os": "linux", "os_features": "", "os_version": null, "size": 23100428, "status": "active", "last_pulled": "2024-01-20T00:16:01.68165Z", "last_pushed": null}], "last_updated": "2020-04-24T16:21:36.788522Z", "last_updater": 1156886, "last_updater_username": "doijanky", "name": "1.5.4-alpine", "repository": 684458, "full_size": 23100428, "v2": true, "tag_status": "active", "tag_last_pulled": "2024-01-20T00:16:01.68165Z", "tag_last_pushed": "2020-04-24T16:21:36.788522Z", "media_type": "application/vnd.docker.distribution.manifest.list.v2+json", "content_type": "image"}, {"creator": 1156886, "id": 59424073, "images": [{"architecture": "amd64", "features": "", "variant": null, "digest": "sha256:3c19174c289fe9f77f21f976ebef3cc43ba3d3efb749f844fd42d3980f9d0b99", "os": "linux", "os_features": "", "os_version": null, "size": 106544990, "status": "active", "last_pulled": "2024-01-20T07:37:29.264621Z", "last_pushed": null}, {"architecture": "arm", "features": "", "variant": "v7", "digest": "sha256:1df5cc3fa0983d2d89a8630cbaed0e4a5b63db6e1e70dad6a19781f79773716d", "os": "linux", "os_features": "", "os_version": null, "size": 99696555, "status": "active", "last_pulled": "2024-01-06T23:18:24.906678Z", "last_pushed": null}, {"architecture": "arm64", "features": "", "variant": "v8", "digest": "sha256:cec41ec2a09cf25c1369a8b7d551127490b40a9695f1e7a349e25b7ce5dc99cf", "os": "linux", "os_features": "", "os_version": null, "size": 100719119, "status": "active", "last_pulled": "2024-01-19T14:22:57.165313Z", "last_pushed": null}], "last_updated": "2020-02-02T23:21:39.58876Z", "last_updater": 1156886, "last_updater_username": "doijanky", "name": "1.5.3", "repository": 684458, "full_size": 0, "v2": true, "tag_status": "active", "tag_last_pulled": "2024-01-20T07:37:29.264621Z", "tag_last_pushed": "2020-02-02T23:21:39.58876Z", "media_type": "application/vnd.docker.distribution.manifest.list.v2+json", "content_type": "image"}, {"creator": 1156886, "id": 59424079, "images": [{"architecture": "amd64", "features": "", "variant": null, "digest": "sha256:8f2032687d8f27dcdd1d5ec8cf9855383ce13b5a58a8c08433e4aa8bc4b77bef", "os": "linux", "os_features": "", "os_version": null, "size": 22508199, "status": "active", "last_pulled": "2024-01-20T00:16:00.575118Z", "last_pushed": null}], "last_updated": "2020-01-23T20:21:39.888623Z", "last_updater": 1156886, "last_updater_username": "doijanky", "name": "1.5.3-alpine", "repository": 684458, "full_size": 22508199, "v2": true, "tag_status": "active", "tag_last_pulled": "2024-01-20T00:16:00.575118Z", "tag_last_pushed": "2020-01-23T20:21:39.888623Z", "media_type": "application/vnd.docker.distribution.manifest.list.v2+json", "content_type": "image"}, {"creator": 1156886, "id": 42467361, "images": [{"architecture": "arm", "features": "", "variant": "v7", "digest": "sha256:04f99e95f15fd54b35851c9b6a51ec9407bb6194e854f1821e6f0b18544ee116", "os": "linux", "os_features": "", "os_version": null, "size": 99620868, "status": "active", "last_pulled": "2024-01-06T23:18:26.482249Z", "last_pushed": null}, {"architecture": "amd64", "features": "", "variant": null, "digest": "sha256:767c2e43de60779b20ecc2b407ef48df6fdd6b1653530c188dc67407300b3e05", "os": "linux", "os_features": "", "os_version": null, "size": 106437564, "status": "active", "last_pulled": "2024-01-16T05:48:42.647684Z", "last_pushed": null}, {"architecture": "arm64", "features": "", "variant": "v8", "digest": "sha256:817b1be1cf7b16ea420491443dc0f425eb4859808be0f22406503acd0daf9ecb", "os": "linux", "os_features": "", "os_version": null, "size": 100630558, "status": "active", "last_pulled": "2024-01-06T23:18:27.677819Z", "last_pushed": null}], "last_updated": "2019-06-13T00:46:45.85454Z", "last_updater": 1156886, "last_updater_username": "doijanky", "name": "1.5.2", "repository": 684458, "full_size": 106437564, "v2": true, "tag_status": "active", "tag_last_pulled": "2024-01-16T05:48:42.647684Z", "tag_last_pushed": "2019-06-13T00:46:45.85454Z", "media_type": "application/vnd.docker.distribution.manifest.list.v2+json", "content_type": "image"}, {"creator": 1156886, "id": 42467375, "images": [{"architecture": "amd64", "features": "", "variant": null, "digest": "sha256:3c967df7c0345b50c0a78842b4a35f43c996dff2afbf925d1ab57fea8cada24e", "os": "linux", "os_features": "", "os_version": null, "size": 22495618, "status": "active", "last_pulled": "2024-01-20T00:15:59.243551Z", "last_pushed": null}], "last_updated": "2019-05-24T22:47:28.523234Z", "last_updater": 1156886, "last_updater_username": "doijanky", "name": "1.5.2-alpine", "repository": 684458, "full_size": 22495618, "v2": true, "tag_status": "active", "tag_last_pulled": "2024-01-20T00:15:59.243551Z", "tag_last_pushed": "2019-05-24T22:47:28.523234Z", "media_type": "application/vnd.docker.distribution.manifest.list.v2+json", "content_type": "image"}, {"creator": 1156886, "id": 32668171, "images": [{"architecture": "amd64", "features": "", "variant": null, "digest": "sha256:dcb563c5444e3f7bf6fb72e122541ba2114f3671b32f0e7ecaec25b3b36239ad", "os": "linux", "os_features": "", "os_version": null, "size": 97540769, "status": "inactive", "last_pulled": null, "last_pushed": null}, {"architecture": "arm", "features": "", "variant": "v7", "digest": "sha256:67c4c97e5ecaccecc1bd3fa718e94bda595cd0c9820992ce4ab2a8c1026ab594", "os": "linux", "os_features": "", "os_version": null, "size": 91777878, "status": "inactive", "last_pulled": null, "last_pushed": null}, {"architecture": "arm64", "features": "", "variant": "v8", "digest": "sha256:5b45849d36a3b38883258ac2f61da258431e660b91e568f605885416b5a09a50", "os": "linux", "os_features": "", "os_version": null, "size": 92771709, "status": "inactive", "last_pulled": null, "last_pushed": null}], "last_updated": "2018-11-17T22:43:18.735479Z", "last_updater": 1156886, "last_updater_username": "doijanky", "name": "1.5.1", "repository": 684458, "full_size": 97540769, "v2": true, "tag_status": "inactive", "tag_last_pulled": null, "tag_last_pushed": "2018-11-17T22:43:18.735479Z", "media_type": "application/vnd.docker.distribution.manifest.list.v2+json", "content_type": "image"}, {"creator": 1156886, "id": 32668190, "images": [{"architecture": "amd64", "features": "", "variant": null, "digest": "sha256:80809f8b361127b12e139f36725429870da2ccde5bf5f0932f0dc3cc70152404", "os": "linux", "os_features": "", "os_version": null, "size": 19005445, "status": "inactive", "last_pulled": null, "last_pushed": null}], "last_updated": "2018-09-12T00:42:56.544484Z", "last_updater": 1156886, "last_updater_username": "doijanky", "name": "1.5.1-alpine", "repository": 684458, "full_size": 19005445, "v2": true, "tag_status": "inactive", "tag_last_pulled": null, "tag_last_pushed": "2018-09-12T00:42:56.544484Z", "media_type": "application/vnd.docker.distribution.manifest.list.v2+json", "content_type": "image"}, {"creator": 1156886, "id": 27819315, "images": [{"architecture": "amd64", "features": "", "variant": null, "digest": "sha256:4ff381f009fc20e809126452a5668aba32f7d4897ef81f98a792aa47da2c8367", "os": "linux", "os_features": "", "os_version": null, "size": 97370929, "status": "inactive", "last_pulled": null, "last_pushed": null}, {"architecture": "arm", "features": "", "variant": "v7", "digest": "sha256:5fdca7819376a6a49dbd9390a80690b5de68c5f77ae6a7442ff01ce6ac496935", "os": "linux", "os_features": "", "os_version": null, "size": 91590528, "status": "inactive", "last_pulled": null, "last_pushed": null}, {"architecture": "arm64", "features": "", "variant": "v8", "digest": "sha256:e30c260839d25b9131454b4d2008d3c18455812a264cbc1fef86adce4c9a441c", "os": "linux", "os_features": "", "os_version": null, "size": 92617237, "status": "inactive", "last_pulled": null, "last_pushed": null}], "last_updated": "2018-07-18T02:44:11.681102Z", "last_updater": 1156886, "last_updater_username": "doijanky", "name": "1.5.0", "repository": 684458, "full_size": 97370929, "v2": true, "tag_status": "inactive", "tag_last_pulled": null, "tag_last_pushed": "2018-07-18T02:44:11.681102Z", "media_type": "application/vnd.docker.distribution.manifest.list.v2+json", "content_type": "image"}, {"creator": 1156886, "id": 27819321, "images": [{"architecture": "amd64", "features": "", "variant": null, "digest": "sha256:dd5bd020ac3a40f8eb779319d35f1fd2455256993cf4d8623070a26bf59a0282", "os": "linux", "os_features": "", "os_version": null, "size": 18957677, "status": "inactive", "last_pulled": null, "last_pushed": null}], "last_updated": "2018-07-06T15:44:37.734572Z", "last_updater": 1156886, "last_updater_username": "doijanky", "name": "1.5.0-alpine", "repository": 684458, "full_size": 18957677, "v2": true, "tag_status": "inactive", "tag_last_pulled": null, "tag_last_pushed": "2018-07-06T15:44:37.734572Z", "media_type": "application/vnd.docker.distribution.manifest.list.v2+json", "content_type": "image"}, {"creator": 2215, "id": 14060971, "images": [{"architecture": "amd64", "features": "", "variant": null, "digest": "sha256:2d12cca44aeefeb114df82309214d9ad4daf9734864d5d1803ad3a3302710989", "os": "linux", "os_features": "", "os_version": null, "size": 94080404, "status": "inactive", "last_pulled": null, "last_pushed": null}, {"architecture": "arm", "features": "", "variant": "v7", "digest": "sha256:52338465dd477292ccffc9ab315d95b74637259745adca38b4b3778f527a60e6", "os": "linux", "os_features": "", "os_version": null, "size": 87552964, "status": "inactive", "last_pulled": null, "last_pushed": null}, {"architecture": "arm64", "features": "", "variant": "v8", "digest": "sha256:2aaefa13fa8c8b774078406da4a35d1d0e56512528445eac5038c98b85236529", "os": "linux", "os_features": "", "os_version": null, "size": 88555680, "status": "inactive", "last_pulled": null, "last_pushed": null}], "last_updated": "2018-05-05T21:43:29.541268Z", "last_updater": 1156886, "last_updater_username": "doijanky", "name": "1.3.3", "repository": 684458, "full_size": 94080404, "v2": true, "tag_status": "inactive", "tag_last_pulled": null, "tag_last_pushed": "2018-05-05T21:43:29.541268Z", "media_type": "application/vnd.docker.distribution.manifest.list.v2+json", "content_type": "image"}, {"creator": 2215, "id": 11161004, "images": [{"architecture": "amd64", "features": "", "variant": null, "digest": "sha256:2d12cca44aeefeb114df82309214d9ad4daf9734864d5d1803ad3a3302710989", "os": "linux", "os_features": "", "os_version": null, "size": 94080404, "status": "inactive", "last_pulled": null, "last_pushed": null}, {"architecture": "arm", "features": "", "variant": "v7", "digest": "sha256:52338465dd477292ccffc9ab315d95b74637259745adca38b4b3778f527a60e6", "os": "linux", "os_features": "", "os_version": null, "size": 87552964, "status": "inactive", "last_pulled": null, "last_pushed": null}, {"architecture": "arm64", "features": "", "variant": "v8", "digest": "sha256:2aaefa13fa8c8b774078406da4a35d1d0e56512528445eac5038c98b85236529", "os": "linux", "os_features": "", "os_version": null, "size": 88555680, "status": "inactive", "last_pulled": null, "last_pushed": null}], "last_updated": "2018-05-05T21:43:29.220469Z", "last_updater": 1156886, "last_updater_username": "doijanky", "name": "1.3", "repository": 684458, "full_size": 94080404, "v2": true, "tag_status": "inactive", "tag_last_pulled": null, "tag_last_pushed": "2018-05-05T21:43:29.220469Z", "media_type": "application/vnd.docker.distribution.manifest.list.v2+json", "content_type": "image"}, {"creator": 1156886, "id": 19382025, "images": [{"architecture": "amd64", "features": "", "variant": null, "digest": "sha256:cbd398bdd058496833c5d542255cea230844a162f4e4212d3146947744697c71", "os": "linux", "os_features": "", "os_version": null, "size": 96137808, "status": "inactive", "last_pulled": null, "last_pushed": null}, {"architecture": "arm", "features": "", "variant": "v7", "digest": "sha256:02d03aa6e8f3a4c1098336dc447601e6a38922a01b6d09bb1b1f6c32b9150f7f", "os": "linux", "os_features": "", "os_version": null, "size": 89937620, "status": "inactive", "last_pulled": null, "last_pushed": null}, {"architecture": "arm64", "features": "", "variant": "v8", "digest": "sha256:f6953474af4b9a8b15e832ee18055c6d9605f8ebcae0063d0764daa08ca1ac85", "os": "linux", "os_features": "", "os_version": null, "size": 90942143, "status": "inactive", "last_pulled": null, "last_pushed": null}], "last_updated": "2018-03-15T07:43:14.422666Z", "last_updater": 1156886, "last_updater_username": "doijanky", "name": "1.4.0", "repository": 684458, "full_size": 96137808, "v2": true, "tag_status": "inactive", "tag_last_pulled": null, "tag_last_pushed": "2018-03-15T07:43:14.422666Z", "media_type": "application/vnd.docker.distribution.manifest.list.v2+json", "content_type": "image"}, {"creator": 1156886, "id": 19382036, "images": [{"architecture": "amd64", "features": "", "variant": null, "digest": "sha256:07146422cacb2748fb11e168b0d6856bb2e507e7c8526b3db81543a45c54833d", "os": "linux", "os_features": "", "os_version": null, "size": 18940743, "status": "inactive", "last_pulled": null, "last_pushed": null}], "last_updated": "2018-02-14T21:43:53.433753Z", "last_updater": 1156886, "last_updater_username": "doijanky", "name": "1.4.0-alpine", "repository": 684458, "full_size": 18940743, "v2": true, "tag_status": "inactive", "tag_last_pulled": null, "tag_last_pushed": "2018-02-14T21:43:53.433753Z", "media_type": "application/vnd.docker.distribution.manifest.list.v2+json", "content_type": "image"}, {"creator": 2215, "id": 14060988, "images": [{"architecture": "amd64", "features": "", "variant": null, "digest": "sha256:6b0b6263ed69b55036bd0296bbcee590ea4181e8a2624ffa3bd309e1032aa31b", "os": "linux", "os_features": "", "os_version": null, "size": 16897768, "status": "inactive", "last_pulled": null, "last_pushed": null}], "last_updated": "2018-02-14T21:43:17.848448Z", "last_updater": 1156886, "last_updater_username": "doijanky", "name": "1.3.3-alpine", "repository": 684458, "full_size": 16897768, "v2": true, "tag_status": "inactive", "tag_last_pulled": null, "tag_last_pushed": "2018-02-14T21:43:17.848448Z", "media_type": "application/vnd.docker.distribution.manifest.list.v2+json", "content_type": "image"}, {"creator": 2215, "id": 11161034, "images": [{"architecture": "amd64", "features": "", "variant": null, "digest": "sha256:6b0b6263ed69b55036bd0296bbcee590ea4181e8a2624ffa3bd309e1032aa31b", "os": "linux", "os_features": "", "os_version": null, "size": 16897768, "status": "inactive", "last_pulled": null, "last_pushed": null}], "last_updated": "2018-02-14T21:43:17.460302Z", "last_updater": 1156886, "last_updater_username": "doijanky", "name": "1.3-alpine", "repository": 684458, "full_size": 16897768, "v2": true, "tag_status": "inactive", "tag_last_pulled": null, "tag_last_pushed": "2018-02-14T21:43:17.460302Z", "media_type": "application/vnd.docker.distribution.manifest.list.v2+json", "content_type": "image"}, {"creator": 2215, "id": 10306600, "images": [{"architecture": "amd64", "features": "", "variant": null, "digest": "sha256:bbad332a2f361fa43c132a3c9c6821c02f7fd74cac27cb40972c3f80b5277381", "os": "linux", "os_features": "", "os_version": null, "size": 70744994, "status": "inactive", "last_pulled": null, "last_pushed": null}, {"architecture": "arm", "features": "", "variant": "v7", "digest": "sha256:6640e48b1a1c33e9e7d6e3903271150af9391d496987634cefc49c9870f016c2", "os": "linux", "os_features": "", "os_version": null, "size": 64887089, "status": "inactive", "last_pulled": null, "last_pushed": null}, {"architecture": "arm64", "features": "", "variant": "v8", "digest": "sha256:a11d91e2d1459f6871a402b6bcc3459bafbf38a2bbdf4584f8a146a058bd1cd6", "os": "linux", "os_features": "", "os_version": null, "size": 66365891, "status": "inactive", "last_pulled": null, "last_pushed": null}], "last_updated": "2017-12-12T17:48:24.833842Z", "last_updater": 1156886, "last_updater_username": "doijanky", "name": "1.2.1", "repository": 684458, "full_size": 70744994, "v2": true, "tag_status": "inactive", "tag_last_pulled": null, "tag_last_pushed": "2017-12-12T17:48:24.833842Z", "media_type": "application/vnd.docker.distribution.manifest.list.v2+json", "content_type": "image"}, {"creator": 2215, "id": 7648254, "images": [{"architecture": "amd64", "features": "", "variant": null, "digest": "sha256:bbad332a2f361fa43c132a3c9c6821c02f7fd74cac27cb40972c3f80b5277381", "os": "linux", "os_features": "", "os_version": null, "size": 70744994, "status": "inactive", "last_pulled": null, "last_pushed": null}, {"architecture": "arm", "features": "", "variant": "v7", "digest": "sha256:6640e48b1a1c33e9e7d6e3903271150af9391d496987634cefc49c9870f016c2", "os": "linux", "os_features": "", "os_version": null, "size": 64887089, "status": "inactive", "last_pulled": null, "last_pushed": null}, {"architecture": "arm64", "features": "", "variant": "v8", "digest": "sha256:a11d91e2d1459f6871a402b6bcc3459bafbf38a2bbdf4584f8a146a058bd1cd6", "os": "linux", "os_features": "", "os_version": null, "size": 66365891, "status": "inactive", "last_pulled": null, "last_pushed": null}], "last_updated": "2017-12-12T17:48:24.501855Z", "last_updater": 1156886, "last_updater_username": "doijanky", "name": "1.2", "repository": 684458, "full_size": 70744994, "v2": true, "tag_status": "inactive", "tag_last_pulled": null, "tag_last_pushed": "2017-12-12T17:48:24.501855Z", "media_type": "application/vnd.docker.distribution.manifest.list.v2+json", "content_type": "image"}, {"creator": 2215, "id": 10306667, "images": [{"architecture": "amd64", "features": "", "variant": null, "digest": "sha256:588232b58a8cbf0a3e0bda9c8b48f5013dd0a49b12a453c893e752e252817335", "os": "linux", "os_features": "", "os_version": null, "size": 9415806, "status": "inactive", "last_pulled": null, "last_pushed": null}], "last_updated": "2017-12-01T21:43:33.052469Z", "last_updater": 1156886, "last_updater_username": "doijanky", "name": "1.2.1-alpine", "repository": 684458, "full_size": 9415806, "v2": true, "tag_status": "inactive", "tag_last_pulled": null, "tag_last_pushed": "2017-12-01T21:43:33.052469Z", "media_type": "application/vnd.docker.distribution.manifest.list.v2+json", "content_type": "image"}, {"creator": 2215, "id": 7648277, "images": [{"architecture": "amd64", "features": "", "variant": null, "digest": "sha256:588232b58a8cbf0a3e0bda9c8b48f5013dd0a49b12a453c893e752e252817335", "os": "linux", "os_features": "", "os_version": null, "size": 9415806, "status": "inactive", "last_pulled": null, "last_pushed": null}], "last_updated": "2017-12-01T21:43:32.69751Z", "last_updater": 1156886, "last_updater_username": "doijanky", "name": "1.2-alpine", "repository": 684458, "full_size": 9415806, "v2": true, "tag_status": "inactive", "tag_last_pulled": null, "tag_last_pushed": "2017-12-01T21:43:32.69751Z", "media_type": "application/vnd.docker.distribution.manifest.list.v2+json", "content_type": "image"}, {"creator": 2215, "id": 13861163, "images": [{"architecture": "amd64", "features": "", "variant": null, "digest": "sha256:8b3d802dc09a06a1c82630d5b7c6a8522288d719bcfaaf15b2cc7455724816ff", "os": "linux", "os_features": "", "os_version": null, "size": 16876219, "status": "inactive", "last_pulled": null, "last_pushed": null}], "last_updated": "2017-08-08T20:56:24.145576Z", "last_updater": 2215, "last_updater_username": "stackbrew", "name": "1.3.2-alpine", "repository": 684458, "full_size": 16876219, "v2": true, "tag_status": "inactive", "tag_last_pulled": null, "tag_last_pushed": "2017-08-08T20:56:24.145576Z", "media_type": "application/vnd.docker.container.image.v1+json", "content_type": "image"}, {"creator": 2215, "id": 13861142, "images": [{"architecture": "amd64", "features": "", "variant": null, "digest": "sha256:c64d199e24d78c76c972b5215ba598bd8eedbc965f9fc663337053dbe1d3e3f4", "os": "linux", "os_features": "", "os_version": null, "size": 102622694, "status": "inactive", "last_pulled": null, "last_pushed": null}], "last_updated": "2017-08-08T20:56:02.84453Z", "last_updater": 2215, "last_updater_username": "stackbrew", "name": "1.3.2", "repository": 684458, "full_size": 102622694, "v2": true, "tag_status": "inactive", "tag_last_pulled": null, "tag_last_pushed": "2017-08-08T20:56:02.84453Z", "media_type": "application/vnd.docker.container.image.v1+json", "content_type": "image"}, {"creator": 2215, "id": 11524277, "images": [{"architecture": "amd64", "features": "", "variant": null, "digest": "sha256:13082e57956c19f3fcbba808b14f90aed7fad6fc0d04092172a7bf7693bd0700", "os": "linux", "os_features": "", "os_version": null, "size": 16876059, "status": "inactive", "last_pulled": null, "last_pushed": null}], "last_updated": "2017-07-26T06:07:23.541546Z", "last_updater": 2215, "last_updater_username": "stackbrew", "name": "1.3.1-alpine", "repository": 684458, "full_size": 16876059, "v2": true, "tag_status": "inactive", "tag_last_pulled": null, "tag_last_pushed": "2017-07-26T06:07:23.541546Z", "media_type": "application/vnd.docker.container.image.v1+json", "content_type": "image"}, {"creator": 2215, "id": 11524087, "images": [{"architecture": "amd64", "features": "", "variant": null, "digest": "sha256:5100a00838cc32b2d2774d6068adb870ff753318b2b96cedb3ecbe27e97c1742", "os": "linux", "os_features": "", "os_version": null, "size": 102621829, "status": "inactive", "last_pulled": null, "last_pushed": null}], "last_updated": "2017-07-26T06:07:10.417723Z", "last_updater": 2215, "last_updater_username": "stackbrew", "name": "1.3.1", "repository": 684458, "full_size": 102621829, "v2": true, "tag_status": "inactive", "tag_last_pulled": null, "tag_last_pushed": "2017-07-26T06:07:10.417723Z", "media_type": "application/vnd.docker.container.image.v1+json", "content_type": "image"}, {"creator": 2215, "id": 11161041, "images": [{"architecture": "amd64", "features": "", "variant": null, "digest": "sha256:b95de214e5816f44d36f5f6d3f5349de89274dc216c0963bb3e85401b2e703f6", "os": "linux", "os_features": "", "os_version": null, "size": 16873192, "status": "inactive", "last_pulled": null, "last_pushed": null}], "last_updated": "2017-05-30T20:40:46.276619Z", "last_updater": 2215, "last_updater_username": "stackbrew", "name": "1.3.0-alpine", "repository": 684458, "full_size": 16873192, "v2": true, "tag_status": "inactive", "tag_last_pulled": null, "tag_last_pushed": "2017-05-30T20:40:46.276619Z", "media_type": "application/vnd.docker.container.image.v1+json", "content_type": "image"}, {"creator": 2215, "id": 11161013, "images": [{"architecture": "amd64", "features": "", "variant": null, "digest": "sha256:02025d3c31d68c598437cfbb236e3baec8a238aed4e0cc48d0406241d506a652", "os": "linux", "os_features": "", "os_version": null, "size": 92602902, "status": "inactive", "last_pulled": null, "last_pushed": null}], "last_updated": "2017-05-23T00:04:43.452279Z", "last_updater": 2215, "last_updater_username": "stackbrew", "name": "1.3.0", "repository": 684458, "full_size": 92602902, "v2": true, "tag_status": "inactive", "tag_last_pulled": null, "tag_last_pushed": "2017-05-23T00:04:43.452279Z", "media_type": "application/vnd.docker.container.image.v1+json", "content_type": "image"}, {"creator": 621950, "id": 6559542, "images": [{"architecture": "amd64", "features": "", "variant": null, "digest": "sha256:7a967aa514a4baa4c7ddf57f6fa3eaeb3d8214a4700274a7267219deae105036", "os": "linux", "os_features": "", "os_version": null, "size": 9052427, "status": "inactive", "last_pulled": null, "last_pushed": null}], "last_updated": "2017-05-16T20:31:27.058963Z", "last_updater": 2215, "last_updater_username": "stackbrew", "name": "1.1.1-alpine", "repository": 684458, "full_size": 9052427, "v2": true, "tag_status": "inactive", "tag_last_pulled": null, "tag_last_pushed": "2017-05-16T20:31:27.058963Z", "media_type": "application/vnd.docker.container.image.v1+json", "content_type": "image"}, {"creator": 621950, "id": 5988521, "images": [{"architecture": "amd64", "features": "", "variant": null, "digest": "sha256:7a967aa514a4baa4c7ddf57f6fa3eaeb3d8214a4700274a7267219deae105036", "os": "linux", "os_features": "", "os_version": null, "size": 9052427, "status": "inactive", "last_pulled": null, "last_pushed": null}], "last_updated": "2017-05-16T20:30:53.247865Z", "last_updater": 2215, "last_updater_username": "stackbrew", "name": "1.1-alpine", "repository": 684458, "full_size": 9052427, "v2": true, "tag_status": "inactive", "tag_last_pulled": null, "tag_last_pushed": "2017-05-16T20:30:53.247865Z", "media_type": "application/vnd.docker.container.image.v1+json", "content_type": "image"}, {"creator": 621950, "id": 6559524, "images": [{"architecture": "amd64", "features": "", "variant": null, "digest": "sha256:3d89ae50ecb81b047f84faa38aa34554b3c8f23019236452a4c456d62694d05c", "os": "linux", "os_features": "", "os_version": null, "size": 81573800, "status": "inactive", "last_pulled": null, "last_pushed": null}], "last_updated": "2017-05-16T20:30:08.345957Z", "last_updater": 2215, "last_updater_username": "stackbrew", "name": "1.1.1", "repository": 684458, "full_size": 81573800, "v2": true, "tag_status": "inactive", "tag_last_pulled": null, "tag_last_pushed": "2017-05-16T20:30:08.345957Z", "media_type": "application/vnd.docker.container.image.v1+json", "content_type": "image"}, {"creator": 621950, "id": 5988487, "images": [{"architecture": "amd64", "features": "", "variant": null, "digest": "sha256:3d89ae50ecb81b047f84faa38aa34554b3c8f23019236452a4c456d62694d05c", "os": "linux", "os_features": "", "os_version": null, "size": 81573800, "status": "inactive", "last_pulled": null, "last_pushed": null}], "last_updated": "2017-05-16T20:29:35.677986Z", "last_updater": 2215, "last_updater_username": "stackbrew", "name": "1.1", "repository": 684458, "full_size": 81573800, "v2": true, "tag_status": "inactive", "tag_last_pulled": null, "tag_last_pushed": "2017-05-16T20:29:35.677986Z", "media_type": "application/vnd.docker.container.image.v1+json", "content_type": "image"}, {"creator": 2215, "id": 7648260, "images": [{"architecture": "amd64", "features": "", "variant": null, "digest": "sha256:48dc6b238b102a3775adbf5a954f1c5d53ed60789bc21b08397274d7fef02220", "os": "linux", "os_features": "", "os_version": null, "size": 82011553, "status": "inactive", "last_pulled": null, "last_pushed": null}], "last_updated": "2017-04-25T18:33:37.280892Z", "last_updater": 2215, "last_updater_username": "stackbrew", "name": "1.2.0", "repository": 684458, "full_size": 82011553, "v2": true, "tag_status": "inactive", "tag_last_pulled": null, "tag_last_pushed": "2017-04-25T18:33:37.280892Z", "media_type": "application/vnd.docker.container.image.v1+json", "content_type": "image"}, {"creator": 2215, "id": 7648288, "images": [{"architecture": "amd64", "features": "", "variant": null, "digest": "sha256:444a7a74ca1d5f7c2e5aaf0d3bcb30c885ecb62f3b4f9b8dad5d07de266c4eea", "os": "linux", "os_features": "", "os_version": null, "size": 9223828, "status": "inactive", "last_pulled": null, "last_pushed": null}], "last_updated": "2017-04-12T19:09:11.913074Z", "last_updater": 2215, "last_updater_username": "stackbrew", "name": "1.2.0-alpine", "repository": 684458, "full_size": 9223828, "v2": true, "tag_status": "inactive", "tag_last_pulled": null, "tag_last_pushed": "2017-04-12T19:09:11.913074Z", "media_type": "application/vnd.docker.container.image.v1+json", "content_type": "image"}, {"creator": 2215, "id": 7355260, "images": [{"architecture": "amd64", "features": "", "variant": null, "digest": "sha256:04d40756ecd0ea1145f56dd8d64b34cb166d5ca2803eccd5ccaf8b3c0b3e641b", "os": "linux", "os_features": "", "os_version": null, "size": 79972953, "status": "inactive", "last_pulled": null, "last_pushed": null}], "last_updated": "2017-01-18T04:23:10.579623Z", "last_updater": 2215, "last_updater_username": "stackbrew", "name": "1.2.0-rc1", "repository": 684458, "full_size": 79972953, "v2": true, "tag_status": "inactive", "tag_last_pulled": null, "tag_last_pushed": "2017-01-18T04:23:10.579623Z", "media_type": "application/vnd.docker.container.image.v1+json", "content_type": "image"}, {"creator": 621950, "id": 5285904, "images": [{"architecture": "amd64", "features": "", "variant": null, "digest": "sha256:8f1815313d2e464a5f0865459ab29da97d3b512a1e07a423bbbc6c172f5525b3", "os": "linux", "os_features": "", "os_version": null, "size": 80730394, "status": "inactive", "last_pulled": null, "last_pushed": null}], "last_updated": "2017-01-18T04:21:53.123034Z", "last_updater": 2215, "last_updater_username": "stackbrew", "name": "1.0.2", "repository": 684458, "full_size": 80730394, "v2": true, "tag_status": "inactive", "tag_last_pulled": null, "tag_last_pushed": "2017-01-18T04:21:53.123034Z", "media_type": "application/vnd.docker.container.image.v1+json", "content_type": "image"}, {"creator": 621950, "id": 4723703, "images": [{"architecture": "amd64", "features": "", "variant": null, "digest": "sha256:8f1815313d2e464a5f0865459ab29da97d3b512a1e07a423bbbc6c172f5525b3", "os": "linux", "os_features": "", "os_version": null, "size": 80730394, "status": "inactive", "last_pulled": null, "last_pushed": null}], "last_updated": "2017-01-18T04:21:38.803364Z", "last_updater": 2215, "last_updater_username": "stackbrew", "name": "1.0", "repository": 684458, "full_size": 80730394, "v2": true, "tag_status": "inactive", "tag_last_pulled": null, "tag_last_pushed": "2017-01-18T04:21:38.803364Z", "media_type": "application/vnd.docker.container.image.v1+json", "content_type": "image"}, {"creator": 2215, "id": 7355261, "images": [{"architecture": "amd64", "features": "", "variant": null, "digest": "sha256:0ffcfaf30f79ddc82b599819ba4b238915efa48f42ca4791b24372d815f3867a", "os": "linux", "os_features": "", "os_version": null, "size": 8853979, "status": "inactive", "last_pulled": null, "last_pushed": null}], "last_updated": "2017-01-13T20:17:40.896599Z", "last_updater": 2215, "last_updater_username": "stackbrew", "name": "1.2.0-rc1-alpine", "repository": 684458, "full_size": 8853979, "v2": true, "tag_status": "inactive", "tag_last_pulled": null, "tag_last_pushed": "2017-01-13T20:17:40.896599Z", "media_type": "application/vnd.docker.container.image.v1+json", "content_type": "image"}, {"creator": 621950, "id": 5285923, "images": [{"architecture": "amd64", "features": "", "variant": null, "digest": "sha256:1270ed1e5d1f5c8786df5093470f6f5f23daba2c2f9bb239a38e4ee39e0dd10f", "os": "linux", "os_features": "", "os_version": null, "size": 10232627, "status": "inactive", "last_pulled": null, "last_pushed": null}], "last_updated": "2017-01-13T20:15:33.98567Z", "last_updater": 2215, "last_updater_username": "stackbrew", "name": "1.0.2-alpine", "repository": 684458, "full_size": 10232627, "v2": true, "tag_status": "inactive", "tag_last_pulled": null, "tag_last_pushed": "2017-01-13T20:15:33.98567Z", "media_type": "application/vnd.docker.container.image.v1+json", "content_type": "image"}, {"creator": 621950, "id": 4723700, "images": [{"architecture": "amd64", "features": "", "variant": null, "digest": "sha256:1270ed1e5d1f5c8786df5093470f6f5f23daba2c2f9bb239a38e4ee39e0dd10f", "os": "linux", "os_features": "", "os_version": null, "size": 10232627, "status": "inactive", "last_pulled": null, "last_pushed": null}], "last_updated": "2017-01-13T20:15:20.268053Z", "last_updater": 2215, "last_updater_username": "stackbrew", "name": "1.0-alpine", "repository": 684458, "full_size": 10232627, "v2": true, "tag_status": "inactive", "tag_last_pulled": null, "tag_last_pushed": "2017-01-13T20:15:20.268053Z", "media_type": "application/vnd.docker.container.image.v1+json", "content_type": "image"}, {"creator": 621950, "id": 5988528, "images": [{"architecture": "amd64", "features": "", "variant": null, "digest": "sha256:59be1f2192711a782853802614593078c7afbd960119291b5027c484523b5fdf", "os": "linux", "os_features": "", "os_version": null, "size": 8937224, "status": "inactive", "last_pulled": null, "last_pushed": null}], "last_updated": "2016-11-08T22:34:10.964793Z", "last_updater": 621950, "last_updater_username": "signer", "name": "1.1.0-alpine", "repository": 684458, "full_size": 8937224, "v2": true, "tag_status": "inactive", "tag_last_pulled": null, "tag_last_pushed": "2016-11-08T22:34:10.964793Z", "media_type": "application/vnd.docker.container.image.v1+json", "content_type": "image"}, {"creator": 621950, "id": 5988492, "images": [{"architecture": "amd64", "features": "", "variant": null, "digest": "sha256:bef359c30d15ef63692bec535f46dc90fd2185da09ddcd257f93ad0ad12eb993", "os": "linux", "os_features": "", "os_version": null, "size": 79502075, "status": "inactive", "last_pulled": null, "last_pushed": null}], "last_updated": "2016-11-08T22:33:25.438051Z", "last_updater": 621950, "last_updater_username": "signer", "name": "1.1.0", "repository": 684458, "full_size": 79502075, "v2": true, "tag_status": "inactive", "tag_last_pulled": null, "tag_last_pushed": "2016-11-08T22:33:25.438051Z", "media_type": "application/vnd.docker.container.image.v1+json", "content_type": "image"}, {"creator": 621950, "id": 5865695, "images": [{"architecture": "amd64", "features": "", "variant": null, "digest": "sha256:25e5f1f4724c3d8c767d329b6d33bf714615a42b329a63f413fb5ce6329be7c6", "os": "linux", "os_features": "", "os_version": null, "size": 79488351, "status": "inactive", "last_pulled": null, "last_pushed": null}], "last_updated": "2016-11-08T20:25:19.066246Z", "last_updater": 621950, "last_updater_username": "signer", "name": "1.1.0-rc2", "repository": 684458, "full_size": 79488351, "v2": true, "tag_status": "inactive", "tag_last_pulled": null, "tag_last_pushed": "2016-11-08T20:25:19.066246Z", "media_type": "application/vnd.docker.container.image.v1+json", "content_type": "image"}, {"creator": 2215, "id": 3040491, "images": [{"architecture": "amd64", "features": "", "variant": null, "digest": "sha256:c8d5de9e8badc066f136e5394d8c8dfc13eaf5f357a1e7ce9adf03c92f747b19", "os": "linux", "os_features": "", "os_version": null, "size": 81431275, "status": "inactive", "last_pulled": null, "last_pushed": null}], "last_updated": "2016-11-08T20:23:44.888456Z", "last_updater": 621950, "last_updater_username": "signer", "name": "0.13.1", "repository": 684458, "full_size": 81431275, "v2": true, "tag_status": "inactive", "tag_last_pulled": null, "tag_last_pushed": "2016-11-08T20:23:44.888456Z", "media_type": "application/vnd.docker.container.image.v1+json", "content_type": "image"}, {"creator": 2215, "id": 3003314, "images": [{"architecture": "amd64", "features": "", "variant": null, "digest": "sha256:c8d5de9e8badc066f136e5394d8c8dfc13eaf5f357a1e7ce9adf03c92f747b19", "os": "linux", "os_features": "", "os_version": null, "size": 81431275, "status": "inactive", "last_pulled": null, "last_pushed": null}], "last_updated": "2016-11-08T20:23:36.487078Z", "last_updater": 621950, "last_updater_username": "signer", "name": "0.13", "repository": 684458, "full_size": 81431275, "v2": true, "tag_status": "inactive", "tag_last_pulled": null, "tag_last_pushed": "2016-11-08T20:23:36.487078Z", "media_type": "application/vnd.docker.container.image.v1+json", "content_type": "image"}, {"creator": 621950, "id": 5866674, "images": [{"architecture": "amd64", "features": "", "variant": null, "digest": "sha256:2739f9a2840edc4ea9fe76fb38de35c298635081e5366024a6751bac8f9ce1d9", "os": "linux", "os_features": "", "os_version": null, "size": 8927144, "status": "inactive", "last_pulled": null, "last_pushed": null}], "last_updated": "2016-11-03T02:01:28.128454Z", "last_updater": 621950, "last_updater_username": "signer", "name": "1.1.0-rc2-alpine", "repository": 684458, "full_size": 8927144, "v2": true, "tag_status": "inactive", "tag_last_pulled": null, "tag_last_pushed": "2016-11-03T02:01:28.128454Z", "media_type": "application/vnd.docker.container.image.v1+json", "content_type": "image"}, {"creator": 2215, "id": 3131190, "images": [{"architecture": "amd64", "features": "", "variant": null, "digest": "sha256:65ea1dd012141523b3c274c34ad04b5962f77995a043b18ef6f336b82dae0580", "os": "linux", "os_features": "", "os_version": null, "size": 10773228, "status": "inactive", "last_pulled": null, "last_pushed": null}], "last_updated": "2016-11-03T01:11:00.865241Z", "last_updater": 621950, "last_updater_username": "signer", "name": "0.13-alpine", "repository": 684458, "full_size": 10773228, "v2": true, "tag_status": "inactive", "tag_last_pulled": null, "tag_last_pushed": "2016-11-03T01:11:00.865241Z", "media_type": "application/vnd.docker.container.image.v1+json", "content_type": "image"}, {"creator": 621950, "id": 3370062, "images": [{"architecture": "amd64", "features": "", "variant": null, "digest": "sha256:65ea1dd012141523b3c274c34ad04b5962f77995a043b18ef6f336b82dae0580", "os": "linux", "os_features": "", "os_version": null, "size": 10773228, "status": "inactive", "last_pulled": null, "last_pushed": null}], "last_updated": "2016-11-02T23:07:32.703225Z", "last_updater": 621950, "last_updater_username": "signer", "name": "0.13.1-alpine", "repository": 684458, "full_size": 10773228, "v2": true, "tag_status": "inactive", "tag_last_pulled": null, "tag_last_pushed": "2016-11-02T23:07:32.703225Z", "media_type": "application/vnd.docker.container.image.v1+json", "content_type": "image"}, {"creator": 621950, "id": 5831266, "images": [{"architecture": "amd64", "features": "", "variant": null, "digest": "sha256:9f0e5cc049590cffe668d3676297dd9a0a12784806bbd8b753bf0abe994a5958", "os": "linux", "os_features": "", "os_version": null, "size": 8926981, "status": "inactive", "last_pulled": null, "last_pushed": null}], "last_updated": "2016-11-01T20:40:27.158921Z", "last_updater": 621950, "last_updater_username": "signer", "name": "1.1.0-rc1-alpine", "repository": 684458, "full_size": 8926981, "v2": true, "tag_status": "inactive", "tag_last_pulled": null, "tag_last_pushed": "2016-11-01T20:40:27.158921Z", "media_type": "application/vnd.docker.container.image.v1+json", "content_type": "image"}, {"creator": 621950, "id": 5829368, "images": [{"architecture": "amd64", "features": "", "variant": null, "digest": "sha256:34d86a7547433c662caec83a36033377ca2a58b0089d500b823f3fa99df756de", "os": "linux", "os_features": "", "os_version": null, "size": 79483371, "status": "inactive", "last_pulled": null, "last_pushed": null}], "last_updated": "2016-11-01T19:29:00.207184Z", "last_updater": 621950, "last_updater_username": "signer", "name": "1.1.0-rc1", "repository": 684458, "full_size": 79483371, "v2": true, "tag_status": "inactive", "tag_last_pulled": null, "tag_last_pushed": "2016-11-01T19:29:00.207184Z", "media_type": "application/vnd.docker.container.image.v1+json", "content_type": "image"}, {"creator": 621950, "id": 5077965, "images": [{"architecture": "amd64", "features": "", "variant": null, "digest": "sha256:b6a8361aba259e94934884b511e89b0e3734957e0e6ff10fb5a2fabf3a37fa17", "os": "linux", "os_features": "", "os_version": null, "size": 10232184, "status": "inactive", "last_pulled": null, "last_pushed": null}], "last_updated": "2016-09-26T21:37:55.617468Z", "last_updater": 621950, "last_updater_username": "signer", "name": "1.0.1-alpine", "repository": 684458, "full_size": 10232184, "v2": true, "tag_status": "inactive", "tag_last_pulled": null, "tag_last_pushed": "2016-09-26T21:37:55.617468Z", "media_type": "application/octet-stream", "content_type": "unrecognized"}, {"creator": 621950, "id": 5077902, "images": [{"architecture": "amd64", "features": "", "variant": null, "digest": "sha256:48f4cd2011db6321c50e1d512d6e89adeb3250628c63d1522b043091f4008b56", "os": "linux", "os_features": "", "os_version": null, "size": 80716467, "status": "inactive", "last_pulled": null, "last_pushed": null}], "last_updated": "2016-09-26T21:37:47.121961Z", "last_updater": 621950, "last_updater_username": "signer", "name": "1.0.1", "repository": 684458, "full_size": 80716467, "v2": true, "tag_status": "inactive", "tag_last_pulled": null, "tag_last_pushed": "2016-09-26T21:37:47.121961Z", "media_type": "application/octet-stream", "content_type": "unrecognized"}, {"creator": 621950, "id": 4723690, "images": [{"architecture": "amd64", "features": "", "variant": null, "digest": "sha256:eeb3ae72e1144fb909dfe9bf7871157a27a41e57067ba652e7b58040abfb6c9d", "os": "linux", "os_features": "", "os_version": null, "size": 80648772, "status": "inactive", "last_pulled": null, "last_pushed": null}], "last_updated": "2016-09-23T19:49:22.900533Z", "last_updater": 621950, "last_updater_username": "signer", "name": "1.0.0", "repository": 684458, "full_size": 80648772, "v2": true, "tag_status": "inactive", "tag_last_pulled": null, "tag_last_pushed": "2016-09-23T19:49:22.900533Z", "media_type": "application/octet-stream", "content_type": "unrecognized"}, {"creator": 621950, "id": 4723707, "images": [{"architecture": "amd64", "features": "", "variant": null, "digest": "sha256:e264172706cd2e4a4b03e5eb182c132a7975ed2b283b945d82a0cc0d98b0a945", "os": "linux", "os_features": "", "os_version": null, "size": 10186523, "status": "inactive", "last_pulled": null, "last_pushed": null}], "last_updated": "2016-09-23T17:09:19.262288Z", "last_updater": 621950, "last_updater_username": "signer", "name": "1.0.0-alpine", "repository": 684458, "full_size": 10186523, "v2": true, "tag_status": "inactive", "tag_last_pulled": null, "tag_last_pushed": "2016-09-23T17:09:19.262288Z", "media_type": "application/octet-stream", "content_type": "unrecognized"}, {"creator": 621950, "id": 4589988, "images": [{"architecture": "amd64", "features": "", "variant": null, "digest": "sha256:dcd8fd4353b33820e5803bc1a08a7017726e6fd036a27f9c5efc517f94858b5b", "os": "linux", "os_features": "", "os_version": null, "size": 10184440, "status": "inactive", "last_pulled": null, "last_pushed": null}], "last_updated": "2016-08-30T22:00:52.571128Z", "last_updater": 621950, "last_updater_username": "signer", "name": "1.0.0-rc2-alpine", "repository": 684458, "full_size": 10184440, "v2": true, "tag_status": "inactive", "tag_last_pulled": null, "tag_last_pushed": "2016-08-30T22:00:52.571128Z", "media_type": "application/octet-stream", "content_type": "unrecognized"}, {"creator": 621950, "id": 4590018, "images": [{"architecture": "amd64", "features": "", "variant": null, "digest": "sha256:384f2abb61b5ebf32828371c12e02eee7c0b351c4112df44563afb3601aa5070", "os": "linux", "os_features": "", "os_version": null, "size": 80661425, "status": "inactive", "last_pulled": null, "last_pushed": null}], "last_updated": "2016-08-30T22:00:39.922871Z", "last_updater": 621950, "last_updater_username": "signer", "name": "1.0.0-rc2", "repository": 684458, "full_size": 80661425, "v2": true, "tag_status": "inactive", "tag_last_pulled": null, "tag_last_pushed": "2016-08-30T22:00:39.922871Z", "media_type": "application/octet-stream", "content_type": "unrecognized"}, {"creator": 2215, "id": 2997651, "images": [{"architecture": "amd64", "features": "", "variant": null, "digest": "sha256:998a03bd3f1131038d243e17a37c3d2f82135b108cecd27eb769747f053de173", "os": "linux", "os_features": "", "os_version": null, "size": 78941241, "status": "inactive", "last_pulled": null, "last_pushed": null}], "last_updated": "2016-08-30T21:59:24.683999Z", "last_updater": 621950, "last_updater_username": "signer", "name": "0.12", "repository": 684458, "full_size": 78941241, "v2": true, "tag_status": "inactive", "tag_last_pulled": null, "tag_last_pushed": "2016-08-30T21:59:24.683999Z", "media_type": "application/octet-stream", "content_type": "unrecognized"}, {"creator": 2215, "id": 2997655, "images": [{"architecture": "amd64", "features": "", "variant": null, "digest": "sha256:998a03bd3f1131038d243e17a37c3d2f82135b108cecd27eb769747f053de173", "os": "linux", "os_features": "", "os_version": null, "size": 78941241, "status": "inactive", "last_pulled": null, "last_pushed": null}], "last_updated": "2016-08-30T21:59:24.486805Z", "last_updater": 621950, "last_updater_username": "signer", "name": "0.12.0", "repository": 684458, "full_size": 78941241, "v2": true, "tag_status": "inactive", "tag_last_pulled": null, "tag_last_pushed": "2016-08-30T21:59:24.486805Z", "media_type": "application/octet-stream", "content_type": "unrecognized"}, {"creator": 621950, "id": 4514190, "images": [{"architecture": "amd64", "features": "", "variant": null, "digest": "sha256:3a951469a1c11dabd25c0bed76296eb4c61da2766ecbf727f53e78eaa38f31f8", "os": "linux", "os_features": "", "os_version": null, "size": 11150609, "status": "inactive", "last_pulled": null, "last_pushed": null}], "last_updated": "2016-08-25T19:38:07.841086Z", "last_updater": 621950, "last_updater_username": "signer", "name": "1.0.0-rc1-alpine", "repository": 684458, "full_size": 11150609, "v2": true, "tag_status": "inactive", "tag_last_pulled": null, "tag_last_pushed": "2016-08-25T19:38:07.841086Z", "media_type": "application/octet-stream", "content_type": "unrecognized"}, {"creator": 621950, "id": 4514176, "images": [{"architecture": "amd64", "features": "", "variant": null, "digest": "sha256:2f5937d9c80d994dd1703d1fc0e4175efb4e7150b7206cebed21616a6065bd40", "os": "linux", "os_features": "", "os_version": null, "size": 81956818, "status": "inactive", "last_pulled": null, "last_pushed": null}], "last_updated": "2016-08-25T19:37:42.0141Z", "last_updater": 621950, "last_updater_username": "signer", "name": "1.0.0-rc1", "repository": 684458, "full_size": 81956818, "v2": true, "tag_status": "inactive", "tag_last_pulled": null, "tag_last_pushed": "2016-08-25T19:37:42.0141Z", "media_type": "application/octet-stream", "content_type": "unrecognized"}, {"creator": 621950, "id": 3910169, "images": [{"architecture": "amd64", "features": "", "variant": null, "digest": "sha256:377df0efab2fa8b6e43e5aa00bea17a2295cd6121c697530769ea87d012b76cb", "os": "linux", "os_features": "", "os_version": null, "size": 81852165, "status": "inactive", "last_pulled": null, "last_pushed": null}], "last_updated": "2016-07-29T17:52:37.844626Z", "last_updater": 621950, "last_updater_username": "signer", "name": "1.0.0-beta3", "repository": 684458, "full_size": 81852165, "v2": true, "tag_status": "inactive", "tag_last_pulled": null, "tag_last_pushed": "2016-07-29T17:52:37.844626Z", "media_type": "application/octet-stream", "content_type": "unrecognized"}, {"creator": 621950, "id": 3910185, "images": [{"architecture": "amd64", "features": "", "variant": null, "digest": "sha256:50e278bb3d009d9d26b67f00edea11db6a024f9df0bfabaa998c9260ef6f2692", "os": "linux", "os_features": "", "os_version": null, "size": 11073533, "status": "inactive", "last_pulled": null, "last_pushed": null}], "last_updated": "2016-07-19T19:45:49.342895Z", "last_updater": 621950, "last_updater_username": "signer", "name": "1.0.0-beta3-alpine", "repository": 684458, "full_size": 11073533, "v2": true, "tag_status": "inactive", "tag_last_pulled": null, "tag_last_pushed": "2016-07-19T19:45:49.342895Z", "media_type": "application/octet-stream", "content_type": "unrecognized"}, {"creator": 621950, "id": 3370073, "images": [{"architecture": "amd64", "features": "", "variant": null, "digest": "sha256:c2a263e166e96c79b3d57993e0f85992d551fe33d5a9076d8320e2c147b9d957", "os": "linux", "os_features": "", "os_version": null, "size": 10986504, "status": "inactive", "last_pulled": null, "last_pushed": null}], "last_updated": "2016-06-23T20:42:24.73875Z", "last_updater": 621950, "last_updater_username": "signer", "name": "1.0.0-beta1-alpine", "repository": 684458, "full_size": 10986504, "v2": true, "tag_status": "inactive", "tag_last_pulled": null, "tag_last_pushed": "2016-06-23T20:42:24.73875Z", "media_type": "application/octet-stream", "content_type": "unrecognized"}, {"creator": 621950, "id": 3370067, "images": [{"architecture": "amd64", "features": "", "variant": null, "digest": "sha256:46eb007cefe1104f88b5365711c7c2fde939da50e88b9e6c9f376ed67ec7a8c4", "os": "linux", "os_features": "", "os_version": null, "size": 81764479, "status": "inactive", "last_pulled": null, "last_pushed": null}], "last_updated": "2016-06-20T17:57:30.087052Z", "last_updater": 621950, "last_updater_username": "signer", "name": "1.0.0-beta1", "repository": 684458, "full_size": 81764479, "v2": true, "tag_status": "inactive", "tag_last_pulled": null, "tag_last_pushed": "2016-06-20T17:57:30.087052Z", "media_type": "application/octet-stream", "content_type": "unrecognized"}, {"creator": 2215, "id": 3131192, "images": [{"architecture": "amd64", "features": "", "variant": null, "os": "", "os_features": "", "os_version": null, "size": 10945141, "status": "inactive", "last_pulled": null, "last_pushed": null}], "last_updated": "2016-06-01T00:05:30.082194Z", "last_updater": 621950, "last_updater_username": "signer", "name": "0.13.0-alpine", "repository": 684458, "full_size": 10945141, "v2": true, "tag_status": "inactive", "tag_last_pulled": null, "tag_last_pushed": "2016-06-01T00:05:30.082194Z", "media_type": "application/vnd.docker.distribution.manifest.v1+prettyjws", "content_type": "image"}, {"creator": 2215, "id": 3003315, "images": [{"architecture": "amd64", "features": "", "variant": null, "os": "", "os_features": "", "os_version": null, "size": 81432998, "status": "inactive", "last_pulled": null, "last_pushed": null}], "last_updated": "2016-05-12T23:53:46.649383Z", "last_updater": 2215, "last_updater_username": "stackbrew", "name": "0.13.0", "repository": 684458, "full_size": 81432998, "v2": true, "tag_status": "inactive", "tag_last_pulled": null, "tag_last_pushed": "2016-05-12T23:53:46.649383Z", "media_type": "application/vnd.docker.distribution.manifest.v1+prettyjws", "content_type": "image"}]