[{"creator": 1156886, "id": 478052269, "images": [{"architecture": "amd64", "features": "", "variant": null, "digest": "sha256:3d9421fad17d881162732e32e3485dbf6555f44ee9891098e6514cfe16bb2e10", "os": "linux", "os_features": "", "os_version": null, "size": 535318479, "status": "active", "last_pulled": "2024-01-20T07:09:43.536736Z", "last_pushed": "2023-12-16T15:36:54.757954Z"}, {"architecture": "arm64", "features": "", "variant": "v8", "digest": "sha256:8146ff1f03bf71acbc33de07bc05233bfd3e88acb8065f59cff9ab867108ad4f", "os": "linux", "os_features": "", "os_version": null, "size": 524814565, "status": "active", "last_pulled": "2024-01-20T07:01:15.049047Z", "last_pushed": "2023-12-16T16:01:01.114195Z"}], "last_updated": "2023-12-16T16:02:35.54451Z", "last_updater": 1156886, "last_updater_username": "doijanky", "name": "latest", "repository": 20533193, "full_size": 535318479, "v2": true, "tag_status": "active", "tag_last_pulled": "2024-01-20T07:45:24.04805Z", "tag_last_pushed": "2023-12-16T16:02:35.54451Z", "media_type": "application/vnd.docker.distribution.manifest.list.v2+json", "content_type": "image", "digest": "sha256:6c38d88ffe68da6cba1b89ce87b9bdda140c8e8a860d9ccbea636defb8375bb2"}, {"creator": 1156886, "id": 550437086, "images": [{"architecture": "amd64", "features": "", "variant": null, "digest": "sha256:8524683be666fa79e8c2153f30956484b79276d759cb58f71e33647700fb0634", "os": "linux", "os_features": "", "os_version": null, "size": 558260660, "status": "active", "last_pulled": "2024-01-20T05:04:53.790798Z", "last_pushed": "2024-01-17T21:10:48.565047Z"}, {"architecture": "arm64", "features": "", "variant": "v8", "digest": "sha256:04096ed08674f91e8d2a36409c9f30c5de8f2da61b5a1ff817b71d1a6f0913a1", "os": "linux", "os_features": "", "os_version": null, "size": 551296968, "status": "active", "last_pulled": "2024-01-20T05:04:53.777028Z", "last_pushed": "2024-01-17T21:10:49.94871Z"}], "last_updated": "2024-01-17T21:11:54.214454Z", "last_updater": 1156886, "last_updater_username": "doijanky", "name": "python3-java17", "repository": 20533193, "full_size": 558260660, "v2": true, "tag_status": "active", "tag_last_pulled": "2024-01-20T07:46:12.048684Z", "tag_last_pushed": "2024-01-17T21:11:54.214454Z", "media_type": "application/vnd.docker.distribution.manifest.list.v2+json", "content_type": "image", "digest": "sha256:9722d3820d3b1526b1640db140ec0b542490d2e4121b4b9b6687ed7a110f60c4"}, {"creator": 1156886, "id": 550437057, "images": [{"architecture": "amd64", "features": "", "variant": null, "digest": "sha256:70ae98a07a8b61f0c18c5e2d8a14a71d886f957ffea87bae5f76b84f6e8a1773", "os": "linux", "os_features": "", "os_version": null, "size": 444297404, "status": "active", "last_pulled": "2024-01-20T07:08:43.262205Z", "last_pushed": "2024-01-17T21:11:15.196715Z"}, {"architecture": "arm64", "features": "", "variant": "v8", "digest": "sha256:7e6615d2139d5e8308366c84045174e45e1278b3d4e7b0cdd7a233b0a83fd2ea", "os": "linux", "os_features": "", "os_version": null, "size": 442769069, "status": "active", "last_pulled": "2024-01-20T07:12:57.569376Z", "last_pushed": "2024-01-17T21:11:16.348705Z"}], "last_updated": "2024-01-17T21:11:47.997084Z", "last_updater": 1156886, "last_updater_username": "doijanky", "name": "3.5.0-scala2.12-java17-ubuntu", "repository": 20533193, "full_size": 444297404, "v2": true, "tag_status": "active", "tag_last_pulled": "2024-01-20T07:12:57.569376Z", "tag_last_pushed": "2024-01-17T21:11:47.997084Z", "media_type": "application/vnd.docker.distribution.manifest.list.v2+json", "content_type": "image", "digest": "sha256:c80095f7f3acafd0f0147a9a3c63be338fba8b81bbb41201a18593123ff6d354"}, {"creator": 1156886, "id": 550437027, "images": [{"architecture": "amd64", "features": "", "variant": null, "digest": "sha256:d25a365cb551b72f32028be1012e3c552cef3f7196a111cc0229ecc783b30923", "os": "linux", "os_features": "", "os_version": null, "size": 762708953, "status": "active", "last_pulled": "2024-01-19T14:15:07.109704Z", "last_pushed": "2024-01-17T21:11:05.111664Z"}, {"architecture": "arm64", "features": "", "variant": "v8", "digest": "sha256:ef179705627a7ea28ce04475c3308afc232cf95d041b703ab936dde7690cc8e6", "os": "linux", "os_features": "", "os_version": null, "size": 744309438, "status": "active", "last_pulled": "2024-01-20T07:46:16.215861Z", "last_pushed": "2024-01-17T21:11:06.377148Z"}], "last_updated": "2024-01-17T21:11:44.886925Z", "last_updater": 1156886, "last_updater_username": "doijanky", "name": "3.5.0-scala2.12-java17-r-ubuntu", "repository": 20533193, "full_size": 762708953, "v2": true, "tag_status": "active", "tag_last_pulled": "2024-01-20T07:46:16.215861Z", "tag_last_pushed": "2024-01-17T21:11:44.886925Z", "media_type": "application/vnd.docker.distribution.manifest.list.v2+json", "content_type": "image", "digest": "sha256:c6e6a905091b05668b7cfd03ee063dbd66af63c31d474b5241b471d727e62e0a"}, {"creator": 1156886, "id": 550437002, "images": [{"architecture": "amd64", "features": "", "variant": null, "digest": "sha256:8524683be666fa79e8c2153f30956484b79276d759cb58f71e33647700fb0634", "os": "linux", "os_features": "", "os_version": null, "size": 558260660, "status": "active", "last_pulled": "2024-01-20T05:04:53.790798Z", "last_pushed": "2024-01-17T21:10:48.565047Z"}, {"architecture": "arm64", "features": "", "variant": "v8", "digest": "sha256:04096ed08674f91e8d2a36409c9f30c5de8f2da61b5a1ff817b71d1a6f0913a1", "os": "linux", "os_features": "", "os_version": null, "size": 551296968, "status": "active", "last_pulled": "2024-01-20T05:04:53.777028Z", "last_pushed": "2024-01-17T21:10:49.94871Z"}], "last_updated": "2024-01-17T21:11:41.222849Z", "last_updater": 1156886, "last_updater_username": "doijanky", "name": "3.5.0-scala2.12-java17-python3-ubuntu", "repository": 20533193, "full_size": 558260660, "v2": true, "tag_status": "active", "tag_last_pulled": "2024-01-20T07:46:12.048684Z", "tag_last_pushed": "2024-01-17T21:11:41.222849Z", "media_type": "application/vnd.docker.distribution.manifest.list.v2+json", "content_type": "image", "digest": "sha256:9722d3820d3b1526b1640db140ec0b542490d2e4121b4b9b6687ed7a110f60c4"}, {"creator": 1156886, "id": 550436946, "images": [{"architecture": "amd64", "features": "", "variant": null, "digest": "sha256:af8d792923e537cabf9e2b0b0da01864f76647327a72ec640f47274b4f55be9a", "os": "linux", "os_features": "", "os_version": null, "size": 777431100, "status": "active", "last_pulled": "2024-01-19T16:53:12.890032Z", "last_pushed": "2024-01-17T21:11:34.730517Z"}, {"architecture": "arm64", "features": "", "variant": "v8", "digest": "sha256:a7c0e1b62be8b841f5b0df97323287d3ac6f3adae3b2abd4a4bf0b6fa4cb74c0", "os": "linux", "os_features": "", "os_version": null, "size": 758863595, "status": "active", "last_pulled": "2024-01-19T16:53:13.308666Z", "last_pushed": "2024-01-17T21:11:35.938524Z"}], "last_updated": "2024-01-17T21:11:38.513521Z", "last_updater": 1156886, "last_updater_username": "doijanky", "name": "3.5.0-scala2.12-java17-python3-r-ubuntu", "repository": 20533193, "full_size": 777431100, "v2": true, "tag_status": "active", "tag_last_pulled": "2024-01-20T07:46:23.48057Z", "tag_last_pushed": "2024-01-17T21:11:38.513521Z", "media_type": "application/vnd.docker.distribution.manifest.list.v2+json", "content_type": "image", "digest": "sha256:073cfbb721a546020939fd1911e3ecdf01bcaea2deade9cb443c5f135876df38"}, {"creator": 1156886, "id": 550436838, "images": [{"architecture": "amd64", "features": "", "variant": null, "digest": "sha256:70ae98a07a8b61f0c18c5e2d8a14a71d886f957ffea87bae5f76b84f6e8a1773", "os": "linux", "os_features": "", "os_version": null, "size": 444297404, "status": "active", "last_pulled": "2024-01-20T07:08:43.262205Z", "last_pushed": "2024-01-17T21:11:15.196715Z"}, {"architecture": "arm64", "features": "", "variant": "v8", "digest": "sha256:7e6615d2139d5e8308366c84045174e45e1278b3d4e7b0cdd7a233b0a83fd2ea", "os": "linux", "os_features": "", "os_version": null, "size": 442769069, "status": "active", "last_pulled": "2024-01-20T07:12:57.569376Z", "last_pushed": "2024-01-17T21:11:16.348705Z"}], "last_updated": "2024-01-17T21:11:18.33781Z", "last_updater": 1156886, "last_updater_username": "doijanky", "name": "3.5.0-java17-scala", "repository": 20533193, "full_size": 444297404, "v2": true, "tag_status": "active", "tag_last_pulled": "2024-01-20T07:12:57.569376Z", "tag_last_pushed": "2024-01-17T21:11:18.33781Z", "media_type": "application/vnd.docker.distribution.manifest.list.v2+json", "content_type": "image", "digest": "sha256:c80095f7f3acafd0f0147a9a3c63be338fba8b81bbb41201a18593123ff6d354"}, {"creator": 1156886, "id": 550436761, "images": [{"architecture": "amd64", "features": "", "variant": null, "digest": "sha256:d25a365cb551b72f32028be1012e3c552cef3f7196a111cc0229ecc783b30923", "os": "linux", "os_features": "", "os_version": null, "size": 762708953, "status": "active", "last_pulled": "2024-01-19T14:15:07.109704Z", "last_pushed": "2024-01-17T21:11:05.111664Z"}, {"architecture": "arm64", "features": "", "variant": "v8", "digest": "sha256:ef179705627a7ea28ce04475c3308afc232cf95d041b703ab936dde7690cc8e6", "os": "linux", "os_features": "", "os_version": null, "size": 744309438, "status": "active", "last_pulled": "2024-01-20T07:46:16.215861Z", "last_pushed": "2024-01-17T21:11:06.377148Z"}], "last_updated": "2024-01-17T21:11:08.508044Z", "last_updater": 1156886, "last_updater_username": "doijanky", "name": "3.5.0-java17-r", "repository": 20533193, "full_size": 762708953, "v2": true, "tag_status": "active", "tag_last_pulled": "2024-01-20T07:46:16.215861Z", "tag_last_pushed": "2024-01-17T21:11:08.508044Z", "media_type": "application/vnd.docker.distribution.manifest.list.v2+json", "content_type": "image", "digest": "sha256:c6e6a905091b05668b7cfd03ee063dbd66af63c31d474b5241b471d727e62e0a"}, {"creator": 1156886, "id": 550436676, "images": [{"architecture": "amd64", "features": "", "variant": null, "digest": "sha256:8524683be666fa79e8c2153f30956484b79276d759cb58f71e33647700fb0634", "os": "linux", "os_features": "", "os_version": null, "size": 558260660, "status": "active", "last_pulled": "2024-01-20T05:04:53.790798Z", "last_pushed": "2024-01-17T21:10:48.565047Z"}, {"architecture": "arm64", "features": "", "variant": "v8", "digest": "sha256:04096ed08674f91e8d2a36409c9f30c5de8f2da61b5a1ff817b71d1a6f0913a1", "os": "linux", "os_features": "", "os_version": null, "size": 551296968, "status": "active", "last_pulled": "2024-01-20T05:04:53.777028Z", "last_pushed": "2024-01-17T21:10:49.94871Z"}], "last_updated": "2024-01-17T21:10:55.066023Z", "last_updater": 1156886, "last_updater_username": "doijanky", "name": "3.5.0-java17-python3", "repository": 20533193, "full_size": 558260660, "v2": true, "tag_status": "active", "tag_last_pulled": "2024-01-20T07:46:12.048684Z", "tag_last_pushed": "2024-01-17T21:10:55.066023Z", "media_type": "application/vnd.docker.distribution.manifest.list.v2+json", "content_type": "image", "digest": "sha256:9722d3820d3b1526b1640db140ec0b542490d2e4121b4b9b6687ed7a110f60c4"}, {"creator": 1156886, "id": 550436657, "images": [{"architecture": "amd64", "features": "", "variant": null, "digest": "sha256:8524683be666fa79e8c2153f30956484b79276d759cb58f71e33647700fb0634", "os": "linux", "os_features": "", "os_version": null, "size": 558260660, "status": "active", "last_pulled": "2024-01-20T05:04:53.790798Z", "last_pushed": "2024-01-17T21:10:48.565047Z"}, {"architecture": "arm64", "features": "", "variant": "v8", "digest": "sha256:04096ed08674f91e8d2a36409c9f30c5de8f2da61b5a1ff817b71d1a6f0913a1", "os": "linux", "os_features": "", "os_version": null, "size": 551296968, "status": "active", "last_pulled": "2024-01-20T05:04:53.777028Z", "last_pushed": "2024-01-17T21:10:49.94871Z"}], "last_updated": "2024-01-17T21:10:51.985146Z", "last_updater": 1156886, "last_updater_username": "doijanky", "name": "3.5.0-java17", "repository": 20533193, "full_size": 558260660, "v2": true, "tag_status": "active", "tag_last_pulled": "2024-01-20T07:46:12.048684Z", "tag_last_pushed": "2024-01-17T21:10:51.985146Z", "media_type": "application/vnd.docker.distribution.manifest.list.v2+json", "content_type": "image", "digest": "sha256:9722d3820d3b1526b1640db140ec0b542490d2e4121b4b9b6687ed7a110f60c4"}, {"creator": 1156886, "id": 478052343, "images": [{"architecture": "amd64", "features": "", "variant": null, "digest": "sha256:b0f4a41645c8fa0881d37d17532cc429910b734b3c5f95622d6db55ce54c317d", "os": "linux", "os_features": "", "os_version": null, "size": 440721182, "status": "active", "last_pulled": "2024-01-20T01:15:04.186968Z", "last_pushed": "2023-12-16T15:37:42.585413Z"}, {"architecture": "arm64", "features": "", "variant": "v8", "digest": "sha256:ace88c6ae0164d3a75f23ebb1cbc84c14365b94a5f7fa3b7e5ad67a1b6a3e4b4", "os": "linux", "os_features": "", "os_version": null, "size": 437259739, "status": "active", "last_pulled": "2024-01-20T04:47:38.368547Z", "last_pushed": "2023-12-16T16:01:56.532114Z"}], "last_updated": "2023-12-16T16:02:47.563869Z", "last_updater": 1156886, "last_updater_username": "doijanky", "name": "scala", "repository": 20533193, "full_size": 440721182, "v2": true, "tag_status": "active", "tag_last_pulled": "2024-01-20T07:46:19.686331Z", "tag_last_pushed": "2023-12-16T16:02:47.563869Z", "media_type": "application/vnd.docker.distribution.manifest.list.v2+json", "content_type": "image", "digest": "sha256:8b1e5dc8c6a101e82627f721f388ad791e1e918bc91c3c789760ddc6da3918af"}, {"creator": 1156886, "id": 478052318, "images": [{"architecture": "amd64", "features": "", "variant": null, "digest": "sha256:29560930e6dd00c933202b2966fbde5302620c0a68d668834d81eb225b062317", "os": "linux", "os_features": "", "os_version": null, "size": 673012454, "status": "active", "last_pulled": "2024-01-20T04:47:36.437981Z", "last_pushed": "2023-12-16T15:37:36.453077Z"}, {"architecture": "arm64", "features": "", "variant": "v8", "digest": "sha256:8d32cfb7c09086304cc55bd6b413a1cc3a33150081138739e9508c2c19d593cc", "os": "linux", "os_features": "", "os_version": null, "size": 650765835, "status": "active", "last_pulled": "2024-01-20T06:48:13.889186Z", "last_pushed": "2023-12-16T16:01:49.804909Z"}], "last_updated": "2023-12-16T16:02:43.75672Z", "last_updater": 1156886, "last_updater_username": "doijanky", "name": "r", "repository": 20533193, "full_size": 673012454, "v2": true, "tag_status": "active", "tag_last_pulled": "2024-01-20T07:46:18.349686Z", "tag_last_pushed": "2023-12-16T16:02:43.75672Z", "media_type": "application/vnd.docker.distribution.manifest.list.v2+json", "content_type": "image", "digest": "sha256:c299b13fad5b38f29fe13bfe32fcc2dd75e75d8ac2e6cadf3ee163232649f6a9"}, {"creator": 1156886, "id": 478052300, "images": [{"architecture": "arm64", "features": "", "variant": "v8", "digest": "sha256:8146ff1f03bf71acbc33de07bc05233bfd3e88acb8065f59cff9ab867108ad4f", "os": "linux", "os_features": "", "os_version": null, "size": 524814565, "status": "active", "last_pulled": "2024-01-20T07:01:15.049047Z", "last_pushed": "2023-12-16T16:01:01.114195Z"}, {"architecture": "amd64", "features": "", "variant": null, "digest": "sha256:3d9421fad17d881162732e32e3485dbf6555f44ee9891098e6514cfe16bb2e10", "os": "linux", "os_features": "", "os_version": null, "size": 535318479, "status": "active", "last_pulled": "2024-01-20T07:09:43.536736Z", "last_pushed": "2023-12-16T15:36:54.757954Z"}], "last_updated": "2023-12-16T16:02:38.233247Z", "last_updater": 1156886, "last_updater_username": "doijanky", "name": "python3", "repository": 20533193, "full_size": 535318479, "v2": true, "tag_status": "active", "tag_last_pulled": "2024-01-20T07:45:24.04805Z", "tag_last_pushed": "2023-12-16T16:02:38.233247Z", "media_type": "application/vnd.docker.distribution.manifest.list.v2+json", "content_type": "image", "digest": "sha256:6c38d88ffe68da6cba1b89ce87b9bdda140c8e8a860d9ccbea636defb8375bb2"}, {"creator": 1156886, "id": 513691837, "images": [{"architecture": "amd64", "features": "", "variant": null, "digest": "sha256:b0f4a41645c8fa0881d37d17532cc429910b734b3c5f95622d6db55ce54c317d", "os": "linux", "os_features": "", "os_version": null, "size": 440721182, "status": "active", "last_pulled": "2024-01-20T01:15:04.186968Z", "last_pushed": "2023-12-16T15:37:42.585413Z"}, {"architecture": "arm64", "features": "", "variant": "v8", "digest": "sha256:ace88c6ae0164d3a75f23ebb1cbc84c14365b94a5f7fa3b7e5ad67a1b6a3e4b4", "os": "linux", "os_features": "", "os_version": null, "size": 437259739, "status": "active", "last_pulled": "2024-01-20T04:47:38.368547Z", "last_pushed": "2023-12-16T16:01:56.532114Z"}], "last_updated": "2023-12-16T16:02:15.479147Z", "last_updater": 1156886, "last_updater_username": "doijanky", "name": "3.5.0-scala2.12-java11-ubuntu", "repository": 20533193, "full_size": 440721182, "v2": true, "tag_status": "active", "tag_last_pulled": "2024-01-20T07:46:19.686331Z", "tag_last_pushed": "2023-12-16T16:02:15.479147Z", "media_type": "application/vnd.docker.distribution.manifest.list.v2+json", "content_type": "image", "digest": "sha256:8b1e5dc8c6a101e82627f721f388ad791e1e918bc91c3c789760ddc6da3918af"}, {"creator": 1156886, "id": 513691810, "images": [{"architecture": "amd64", "features": "", "variant": null, "digest": "sha256:29560930e6dd00c933202b2966fbde5302620c0a68d668834d81eb225b062317", "os": "linux", "os_features": "", "os_version": null, "size": 673012454, "status": "active", "last_pulled": "2024-01-20T04:47:36.437981Z", "last_pushed": "2023-12-16T15:37:36.453077Z"}, {"architecture": "arm64", "features": "", "variant": "v8", "digest": "sha256:8d32cfb7c09086304cc55bd6b413a1cc3a33150081138739e9508c2c19d593cc", "os": "linux", "os_features": "", "os_version": null, "size": 650765835, "status": "active", "last_pulled": "2024-01-20T06:48:13.889186Z", "last_pushed": "2023-12-16T16:01:49.804909Z"}], "last_updated": "2023-12-16T16:02:12.289022Z", "last_updater": 1156886, "last_updater_username": "doijanky", "name": "3.5.0-scala2.12-java11-r-ubuntu", "repository": 20533193, "full_size": 673012454, "v2": true, "tag_status": "active", "tag_last_pulled": "2024-01-20T07:46:18.349686Z", "tag_last_pushed": "2023-12-16T16:02:12.289022Z", "media_type": "application/vnd.docker.distribution.manifest.list.v2+json", "content_type": "image", "digest": "sha256:c299b13fad5b38f29fe13bfe32fcc2dd75e75d8ac2e6cadf3ee163232649f6a9"}, {"creator": 1156886, "id": 513691786, "images": [{"architecture": "amd64", "features": "", "variant": null, "digest": "sha256:3d9421fad17d881162732e32e3485dbf6555f44ee9891098e6514cfe16bb2e10", "os": "linux", "os_features": "", "os_version": null, "size": 535318479, "status": "active", "last_pulled": "2024-01-20T07:09:43.536736Z", "last_pushed": "2023-12-16T15:36:54.757954Z"}, {"architecture": "arm64", "features": "", "variant": "v8", "digest": "sha256:8146ff1f03bf71acbc33de07bc05233bfd3e88acb8065f59cff9ab867108ad4f", "os": "linux", "os_features": "", "os_version": null, "size": 524814565, "status": "active", "last_pulled": "2024-01-20T07:01:15.049047Z", "last_pushed": "2023-12-16T16:01:01.114195Z"}], "last_updated": "2023-12-16T16:02:09.447271Z", "last_updater": 1156886, "last_updater_username": "doijanky", "name": "3.5.0-scala2.12-java11-python3-ubuntu", "repository": 20533193, "full_size": 535318479, "v2": true, "tag_status": "active", "tag_last_pulled": "2024-01-20T07:45:24.04805Z", "tag_last_pushed": "2023-12-16T16:02:09.447271Z", "media_type": "application/vnd.docker.distribution.manifest.list.v2+json", "content_type": "image", "digest": "sha256:6c38d88ffe68da6cba1b89ce87b9bdda140c8e8a860d9ccbea636defb8375bb2"}, {"creator": 1156886, "id": 513691756, "images": [{"architecture": "amd64", "features": "", "variant": null, "digest": "sha256:a128a762120ca254650ee02995a758167427367f3a7313b4978438734cf92c41", "os": "linux", "os_features": "", "os_version": null, "size": 694616760, "status": "active", "last_pulled": "2024-01-20T06:48:15.828863Z", "last_pushed": "2023-12-16T15:37:49.774529Z"}, {"architecture": "arm64", "features": "", "variant": "v8", "digest": "sha256:af010ea5ecdb76cb8e558711adb36f3cbe553d8a0002d9e9ceea464bc07de831", "os": "linux", "os_features": "", "os_version": null, "size": 672396824, "status": "active", "last_pulled": "2024-01-19T16:53:09.753666Z", "last_pushed": "2023-12-16T16:02:04.190561Z"}], "last_updated": "2023-12-16T16:02:06.302523Z", "last_updater": 1156886, "last_updater_username": "doijanky", "name": "3.5.0-scala2.12-java11-python3-r-ubuntu", "repository": 20533193, "full_size": 694616760, "v2": true, "tag_status": "active", "tag_last_pulled": "2024-01-20T07:46:20.597426Z", "tag_last_pushed": "2023-12-16T16:02:06.302523Z", "media_type": "application/vnd.docker.distribution.manifest.list.v2+json", "content_type": "image", "digest": "sha256:67822fdd17f7aa4c3dcd3eeb3a60a60b7b01c2c3a3245d3d3460c1a8274ad6f2"}, {"creator": 1156886, "id": 513691711, "images": [{"architecture": "amd64", "features": "", "variant": null, "digest": "sha256:b0f4a41645c8fa0881d37d17532cc429910b734b3c5f95622d6db55ce54c317d", "os": "linux", "os_features": "", "os_version": null, "size": 440721182, "status": "active", "last_pulled": "2024-01-20T01:15:04.186968Z", "last_pushed": "2023-12-16T15:37:42.585413Z"}, {"architecture": "arm64", "features": "", "variant": "v8", "digest": "sha256:ace88c6ae0164d3a75f23ebb1cbc84c14365b94a5f7fa3b7e5ad67a1b6a3e4b4", "os": "linux", "os_features": "", "os_version": null, "size": 437259739, "status": "active", "last_pulled": "2024-01-20T04:47:38.368547Z", "last_pushed": "2023-12-16T16:01:56.532114Z"}], "last_updated": "2023-12-16T16:01:58.719314Z", "last_updater": 1156886, "last_updater_username": "doijanky", "name": "3.5.0-scala", "repository": 20533193, "full_size": 440721182, "v2": true, "tag_status": "active", "tag_last_pulled": "2024-01-20T07:46:19.686331Z", "tag_last_pushed": "2023-12-16T16:01:58.719314Z", "media_type": "application/vnd.docker.distribution.manifest.list.v2+json", "content_type": "image", "digest": "sha256:8b1e5dc8c6a101e82627f721f388ad791e1e918bc91c3c789760ddc6da3918af"}, {"creator": 1156886, "id": 513691671, "images": [{"architecture": "amd64", "features": "", "variant": null, "digest": "sha256:29560930e6dd00c933202b2966fbde5302620c0a68d668834d81eb225b062317", "os": "linux", "os_features": "", "os_version": null, "size": 673012454, "status": "active", "last_pulled": "2024-01-20T04:47:36.437981Z", "last_pushed": "2023-12-16T15:37:36.453077Z"}, {"architecture": "arm64", "features": "", "variant": "v8", "digest": "sha256:8d32cfb7c09086304cc55bd6b413a1cc3a33150081138739e9508c2c19d593cc", "os": "linux", "os_features": "", "os_version": null, "size": 650765835, "status": "active", "last_pulled": "2024-01-20T06:48:13.889186Z", "last_pushed": "2023-12-16T16:01:49.804909Z"}], "last_updated": "2023-12-16T16:01:52.119262Z", "last_updater": 1156886, "last_updater_username": "doijanky", "name": "3.5.0-r", "repository": 20533193, "full_size": 673012454, "v2": true, "tag_status": "active", "tag_last_pulled": "2024-01-20T07:46:18.349686Z", "tag_last_pushed": "2023-12-16T16:01:52.119262Z", "media_type": "application/vnd.docker.distribution.manifest.list.v2+json", "content_type": "image", "digest": "sha256:c299b13fad5b38f29fe13bfe32fcc2dd75e75d8ac2e6cadf3ee163232649f6a9"}, {"creator": 1156886, "id": 513691605, "images": [{"architecture": "amd64", "features": "", "variant": null, "digest": "sha256:3d9421fad17d881162732e32e3485dbf6555f44ee9891098e6514cfe16bb2e10", "os": "linux", "os_features": "", "os_version": null, "size": 535318479, "status": "active", "last_pulled": "2024-01-20T07:09:43.536736Z", "last_pushed": "2023-12-16T15:36:54.757954Z"}, {"architecture": "arm64", "features": "", "variant": "v8", "digest": "sha256:8146ff1f03bf71acbc33de07bc05233bfd3e88acb8065f59cff9ab867108ad4f", "os": "linux", "os_features": "", "os_version": null, "size": 524814565, "status": "active", "last_pulled": "2024-01-20T07:01:15.049047Z", "last_pushed": "2023-12-16T16:01:01.114195Z"}], "last_updated": "2023-12-16T16:01:43.986698Z", "last_updater": 1156886, "last_updater_username": "doijanky", "name": "3.5.0-python3", "repository": 20533193, "full_size": 535318479, "v2": true, "tag_status": "active", "tag_last_pulled": "2024-01-20T07:45:24.04805Z", "tag_last_pushed": "2023-12-16T16:01:43.986698Z", "media_type": "application/vnd.docker.distribution.manifest.list.v2+json", "content_type": "image", "digest": "sha256:6c38d88ffe68da6cba1b89ce87b9bdda140c8e8a860d9ccbea636defb8375bb2"}, {"creator": 1156886, "id": 513691581, "images": [{"architecture": "amd64", "features": "", "variant": null, "digest": "sha256:3d9421fad17d881162732e32e3485dbf6555f44ee9891098e6514cfe16bb2e10", "os": "linux", "os_features": "", "os_version": null, "size": 535318479, "status": "active", "last_pulled": "2024-01-20T07:09:43.536736Z", "last_pushed": "2023-12-16T15:36:54.757954Z"}, {"architecture": "arm64", "features": "", "variant": "v8", "digest": "sha256:8146ff1f03bf71acbc33de07bc05233bfd3e88acb8065f59cff9ab867108ad4f", "os": "linux", "os_features": "", "os_version": null, "size": 524814565, "status": "active", "last_pulled": "2024-01-20T07:01:15.049047Z", "last_pushed": "2023-12-16T16:01:01.114195Z"}], "last_updated": "2023-12-16T16:01:03.451104Z", "last_updater": 1156886, "last_updater_username": "doijanky", "name": "3.5.0", "repository": 20533193, "full_size": 535318479, "v2": true, "tag_status": "active", "tag_last_pulled": "2024-01-20T07:45:24.04805Z", "tag_last_pushed": "2023-12-16T16:01:03.451104Z", "media_type": "application/vnd.docker.distribution.manifest.list.v2+json", "content_type": "image", "digest": "sha256:6c38d88ffe68da6cba1b89ce87b9bdda140c8e8a860d9ccbea636defb8375bb2"}, {"creator": 1156886, "id": 478052240, "images": [{"architecture": "amd64", "features": "", "variant": null, "digest": "sha256:f0ddc5f9373c1088c8bf66d83991db94dff3b75babbc1d0c6fdce06908ff2ce9", "os": "linux", "os_features": "", "os_version": null, "size": 434179490, "status": "active", "last_pulled": "2024-01-20T07:46:05.912205Z", "last_pushed": "2023-12-16T15:36:29.71122Z"}, {"architecture": "arm64", "features": "", "variant": "v8", "digest": "sha256:a49f0bc5ca1ce19f6f8a036ef0e39388571ed5c5144e09616ac495ce739cbfde", "os": "linux", "os_features": "", "os_version": null, "size": 430718058, "status": "active", "last_pulled": "2024-01-20T01:18:25.237697Z", "last_pushed": "2023-12-16T16:00:28.394394Z"}], "last_updated": "2023-12-16T16:00:53.325995Z", "last_updater": 1156886, "last_updater_username": "doijanky", "name": "3.4.1-scala2.12-java11-ubuntu", "repository": 20533193, "full_size": 434179490, "v2": true, "tag_status": "active", "tag_last_pulled": "2024-01-20T07:46:05.912205Z", "tag_last_pushed": "2023-12-16T16:00:53.325995Z", "media_type": "application/vnd.docker.distribution.manifest.list.v2+json", "content_type": "image", "digest": "sha256:a78f06cb2a0b3e3d38672f74b8eb058c40387539dbb6eee65800ec93ff76dfec"}, {"creator": 1156886, "id": 478052212, "images": [{"architecture": "amd64", "features": "", "variant": null, "digest": "sha256:bbba0721f2a3ce1af5043f6eda755f9f6574348e3d4c047fe986be0c79dccf87", "os": "linux", "os_features": "", "os_version": null, "size": 666471019, "status": "active", "last_pulled": "2024-01-19T16:52:46.801187Z", "last_pushed": "2023-12-16T15:36:23.64144Z"}, {"architecture": "arm64", "features": "", "variant": "v8", "digest": "sha256:fc32732c7513330bac0421a24131ff9ee5678227a5c6d9a282a01c4ea8b0b2ac", "os": "linux", "os_features": "", "os_version": null, "size": 644224438, "status": "active", "last_pulled": "2024-01-19T19:48:02.878185Z", "last_pushed": "2023-12-16T16:00:16.908255Z"}], "last_updated": "2023-12-16T16:00:50.181521Z", "last_updater": 1156886, "last_updater_username": "doijanky", "name": "3.4.1-scala2.12-java11-r-ubuntu", "repository": 20533193, "full_size": 666471019, "v2": true, "tag_status": "active", "tag_last_pulled": "2024-01-20T07:46:04.49131Z", "tag_last_pushed": "2023-12-16T16:00:50.181521Z", "media_type": "application/vnd.docker.distribution.manifest.list.v2+json", "content_type": "image", "digest": "sha256:e97b687f1cc5a90b8764e69e730fd71b7f90e7aa0a8c01a3655ab6aaee89224c"}, {"creator": 1156886, "id": 478052180, "images": [{"architecture": "amd64", "features": "", "variant": null, "digest": "sha256:3b01d82f350a46331468fccdda234ab2661d531ecb9263e848c4d2a393cce9c1", "os": "linux", "os_features": "", "os_version": null, "size": 528776871, "status": "active", "last_pulled": "2024-01-19T19:06:49.122712Z", "last_pushed": "2023-12-16T15:36:12.539525Z"}, {"architecture": "arm64", "features": "", "variant": "v8", "digest": "sha256:55d89aaf69fe0300edb3472bab3d0650031361dd27b7e5eefed11bbe53efe843", "os": "linux", "os_features": "", "os_version": null, "size": 518273157, "status": "active", "last_pulled": "2024-01-20T03:09:57.545369Z", "last_pushed": "2023-12-16T15:59:53.027635Z"}], "last_updated": "2023-12-16T16:00:46.38786Z", "last_updater": 1156886, "last_updater_username": "doijanky", "name": "3.4.1-scala2.12-java11-python3-ubuntu", "repository": 20533193, "full_size": 528776871, "v2": true, "tag_status": "active", "tag_last_pulled": "2024-01-20T08:11:43.316422Z", "tag_last_pushed": "2023-12-16T16:00:46.38786Z", "media_type": "application/vnd.docker.distribution.manifest.list.v2+json", "content_type": "image", "digest": "sha256:3adf35b5f50409d1b3c003af911bfaa364e2694f1b849fadb7bfad811c9107c7"}, {"creator": 1156886, "id": 478052157, "images": [{"architecture": "amd64", "features": "", "variant": null, "digest": "sha256:4e53f701156ad74d36dcb140ad7128f2b33005bb47bf3fbcca043756133b4c41", "os": "linux", "os_features": "", "os_version": null, "size": 688074531, "status": "active", "last_pulled": "2024-01-19T08:29:25.780346Z", "last_pushed": "2023-12-16T15:36:37.115387Z"}, {"architecture": "arm64", "features": "", "variant": "v8", "digest": "sha256:5a9165be7d7f99c9d625232d0f0232c2f1a13ba7b1cbee2b5b660dcf314b3649", "os": "linux", "os_features": "", "os_version": null, "size": 665854426, "status": "active", "last_pulled": "2024-01-18T08:55:17.37685Z", "last_pushed": "2023-12-16T16:00:39.594174Z"}], "last_updated": "2023-12-16T16:00:42.618951Z", "last_updater": 1156886, "last_updater_username": "doijanky", "name": "3.4.1-scala2.12-java11-python3-r-ubuntu", "repository": 20533193, "full_size": 688074531, "v2": true, "tag_status": "active", "tag_last_pulled": "2024-01-20T07:46:06.700707Z", "tag_last_pushed": "2023-12-16T16:00:42.618951Z", "media_type": "application/vnd.docker.distribution.manifest.list.v2+json", "content_type": "image", "digest": "sha256:5cd482c89bfb489f2f94cb7eb5c70c3d7237ad6b9b91f2007670c8809c94b1a0"}, {"creator": 1156886, "id": 478052099, "images": [{"architecture": "amd64", "features": "", "variant": null, "digest": "sha256:f0ddc5f9373c1088c8bf66d83991db94dff3b75babbc1d0c6fdce06908ff2ce9", "os": "linux", "os_features": "", "os_version": null, "size": 434179490, "status": "active", "last_pulled": "2024-01-20T07:46:05.912205Z", "last_pushed": "2023-12-16T15:36:29.71122Z"}, {"architecture": "arm64", "features": "", "variant": "v8", "digest": "sha256:a49f0bc5ca1ce19f6f8a036ef0e39388571ed5c5144e09616ac495ce739cbfde", "os": "linux", "os_features": "", "os_version": null, "size": 430718058, "status": "active", "last_pulled": "2024-01-20T01:18:25.237697Z", "last_pushed": "2023-12-16T16:00:28.394394Z"}], "last_updated": "2023-12-16T16:00:31.972127Z", "last_updater": 1156886, "last_updater_username": "doijanky", "name": "3.4.1-scala", "repository": 20533193, "full_size": 434179490, "v2": true, "tag_status": "active", "tag_last_pulled": "2024-01-20T07:46:05.912205Z", "tag_last_pushed": "2023-12-16T16:00:31.972127Z", "media_type": "application/vnd.docker.distribution.manifest.list.v2+json", "content_type": "image", "digest": "sha256:a78f06cb2a0b3e3d38672f74b8eb058c40387539dbb6eee65800ec93ff76dfec"}, {"creator": 1156886, "id": 478052031, "images": [{"architecture": "amd64", "features": "", "variant": null, "digest": "sha256:bbba0721f2a3ce1af5043f6eda755f9f6574348e3d4c047fe986be0c79dccf87", "os": "linux", "os_features": "", "os_version": null, "size": 666471019, "status": "active", "last_pulled": "2024-01-19T16:52:46.801187Z", "last_pushed": "2023-12-16T15:36:23.64144Z"}, {"architecture": "arm64", "features": "", "variant": "v8", "digest": "sha256:fc32732c7513330bac0421a24131ff9ee5678227a5c6d9a282a01c4ea8b0b2ac", "os": "linux", "os_features": "", "os_version": null, "size": 644224438, "status": "active", "last_pulled": "2024-01-19T19:48:02.878185Z", "last_pushed": "2023-12-16T16:00:16.908255Z"}], "last_updated": "2023-12-16T16:00:21.719813Z", "last_updater": 1156886, "last_updater_username": "doijanky", "name": "3.4.1-r", "repository": 20533193, "full_size": 666471019, "v2": true, "tag_status": "active", "tag_last_pulled": "2024-01-20T07:46:04.49131Z", "tag_last_pushed": "2023-12-16T16:00:21.719813Z", "media_type": "application/vnd.docker.distribution.manifest.list.v2+json", "content_type": "image", "digest": "sha256:e97b687f1cc5a90b8764e69e730fd71b7f90e7aa0a8c01a3655ab6aaee89224c"}, {"creator": 1156886, "id": 478051951, "images": [{"architecture": "amd64", "features": "", "variant": null, "digest": "sha256:3b01d82f350a46331468fccdda234ab2661d531ecb9263e848c4d2a393cce9c1", "os": "linux", "os_features": "", "os_version": null, "size": 528776871, "status": "active", "last_pulled": "2024-01-19T19:06:49.122712Z", "last_pushed": "2023-12-16T15:36:12.539525Z"}, {"architecture": "arm64", "features": "", "variant": "v8", "digest": "sha256:55d89aaf69fe0300edb3472bab3d0650031361dd27b7e5eefed11bbe53efe843", "os": "linux", "os_features": "", "os_version": null, "size": 518273157, "status": "active", "last_pulled": "2024-01-20T03:09:57.545369Z", "last_pushed": "2023-12-16T15:59:53.027635Z"}], "last_updated": "2023-12-16T15:59:58.859388Z", "last_updater": 1156886, "last_updater_username": "doijanky", "name": "3.4.1-python3", "repository": 20533193, "full_size": 528776871, "v2": true, "tag_status": "active", "tag_last_pulled": "2024-01-20T08:11:43.316422Z", "tag_last_pushed": "2023-12-16T15:59:58.859388Z", "media_type": "application/vnd.docker.distribution.manifest.list.v2+json", "content_type": "image", "digest": "sha256:3adf35b5f50409d1b3c003af911bfaa364e2694f1b849fadb7bfad811c9107c7"}, {"creator": 1156886, "id": 478051927, "images": [{"architecture": "amd64", "features": "", "variant": null, "digest": "sha256:3b01d82f350a46331468fccdda234ab2661d531ecb9263e848c4d2a393cce9c1", "os": "linux", "os_features": "", "os_version": null, "size": 528776871, "status": "active", "last_pulled": "2024-01-19T19:06:49.122712Z", "last_pushed": "2023-12-16T15:36:12.539525Z"}, {"architecture": "arm64", "features": "", "variant": "v8", "digest": "sha256:55d89aaf69fe0300edb3472bab3d0650031361dd27b7e5eefed11bbe53efe843", "os": "linux", "os_features": "", "os_version": null, "size": 518273157, "status": "active", "last_pulled": "2024-01-20T03:09:57.545369Z", "last_pushed": "2023-12-16T15:59:53.027635Z"}], "last_updated": "2023-12-16T15:59:55.078345Z", "last_updater": 1156886, "last_updater_username": "doijanky", "name": "3.4.1", "repository": 20533193, "full_size": 528776871, "v2": true, "tag_status": "active", "tag_last_pulled": "2024-01-20T08:11:43.316422Z", "tag_last_pushed": "2023-12-16T15:59:55.078345Z", "media_type": "application/vnd.docker.distribution.manifest.list.v2+json", "content_type": "image", "digest": "sha256:3adf35b5f50409d1b3c003af911bfaa364e2694f1b849fadb7bfad811c9107c7"}]