[{"creator": 7, "id": 85515, "images": [{"architecture": "amd64", "features": "", "variant": null, "digest": "sha256:eb40dcf64078249a33f68fdd8d80624cb81b524c24f50b95fff5c2b40bdc3fdc", "os": "linux", "os_features": "", "os_version": null, "size": 158030767, "status": "inactive", "last_pulled": null, "last_pushed": null}], "last_updated": "2017-01-06T17:59:10.452904Z", "last_updater": 2215, "last_updater_username": "stackbrew", "name": "latest", "repository": 105647, "full_size": 158030767, "v2": true, "tag_status": "inactive", "tag_last_pulled": "2024-01-20T08:01:34.552853Z", "tag_last_pushed": "2017-01-06T17:59:10.452904Z", "media_type": "application/vnd.docker.container.image.v1+json", "content_type": "image", "digest": "sha256:5bfd3f442952463f5bc97188b7f43cfcd6c2f631a017ee2a6fca3cb8992501e8"}, {"creator": 7, "id": 85487, "images": [{"architecture": "amd64", "features": "", "variant": null, "digest": "sha256:cfe12b39b7e55af2f90b2f32888fb41a188bad5f27f4eff12c85eb84741ca28c", "os": "linux", "os_features": "", "os_version": null, "size": 280680396, "status": "inactive", "last_pulled": null, "last_pushed": null}], "last_updated": "2017-01-06T17:59:52.308054Z", "last_updater": 2215, "last_updater_username": "stackbrew", "name": "onbuild", "repository": 105647, "full_size": 280680396, "v2": true, "tag_status": "inactive", "tag_last_pulled": "2024-01-19T15:06:16.899181Z", "tag_last_pushed": "2017-01-06T17:59:52.308054Z", "media_type": "application/vnd.docker.container.image.v1+json", "content_type": "image", "digest": "sha256:7dfa293b62f28ff3561f94c44a92e92c7ff93bd8978ee8019e454ba7f2dfdbb6"}, {"creator": 7, "id": 85428, "images": [{"architecture": "amd64", "features": "", "variant": null, "digest": "sha256:cfe12b39b7e55af2f90b2f32888fb41a188bad5f27f4eff12c85eb84741ca28c", "os": "linux", "os_features": "", "os_version": null, "size": 280680396, "status": "inactive", "last_pulled": null, "last_pushed": null}], "last_updated": "2017-01-06T17:59:38.762506Z", "last_updater": 2215, "last_updater_username": "stackbrew", "name": "python3-onbuild", "repository": 105647, "full_size": 280680396, "v2": true, "tag_status": "inactive", "tag_last_pulled": "2024-01-19T15:06:16.899181Z", "tag_last_pushed": "2017-01-06T17:59:38.762506Z", "media_type": "application/vnd.docker.container.image.v1+json", "content_type": "image", "digest": "sha256:7dfa293b62f28ff3561f94c44a92e92c7ff93bd8978ee8019e454ba7f2dfdbb6"}, {"creator": 7, "id": 85512, "images": [{"architecture": "amd64", "features": "", "variant": null, "digest": "sha256:5ae63fa516882f7fff7a2886b2ffcc3ce4354b5bd3a383a5b2c18ffd03e32363", "os": "linux", "os_features": "", "os_version": null, "size": 280778736, "status": "inactive", "last_pulled": null, "last_pushed": null}], "last_updated": "2017-01-06T17:59:24.715402Z", "last_updater": 2215, "last_updater_username": "stackbrew", "name": "python2-onbuild", "repository": 105647, "full_size": 280778736, "v2": true, "tag_status": "inactive", "tag_last_pulled": "2024-01-11T07:12:09.42278Z", "tag_last_pushed": "2017-01-06T17:59:24.715402Z", "media_type": "application/vnd.docker.container.image.v1+json", "content_type": "image", "digest": "sha256:1f36886fc1e5d1f844dd964873e648e8679e99d44e19ce338f2124ac032d13af"}, {"creator": 7, "id": 85440, "images": [{"architecture": "amd64", "features": "", "variant": null, "digest": "sha256:eb40dcf64078249a33f68fdd8d80624cb81b524c24f50b95fff5c2b40bdc3fdc", "os": "linux", "os_features": "", "os_version": null, "size": 158030767, "status": "inactive", "last_pulled": null, "last_pushed": null}], "last_updated": "2017-01-06T17:58:56.876769Z", "last_updater": 2215, "last_updater_username": "stackbrew", "name": "1", "repository": 105647, "full_size": 158030767, "v2": true, "tag_status": "inactive", "tag_last_pulled": "2024-01-20T08:01:34.552853Z", "tag_last_pushed": "2017-01-06T17:58:56.876769Z", "media_type": "application/vnd.docker.container.image.v1+json", "content_type": "image", "digest": "sha256:5bfd3f442952463f5bc97188b7f43cfcd6c2f631a017ee2a6fca3cb8992501e8"}, {"creator": 621950, "id": 4152032, "images": [{"architecture": "amd64", "features": "", "variant": null, "digest": "sha256:eb40dcf64078249a33f68fdd8d80624cb81b524c24f50b95fff5c2b40bdc3fdc", "os": "linux", "os_features": "", "os_version": null, "size": 158030767, "status": "inactive", "last_pulled": null, "last_pushed": null}], "last_updated": "2017-01-06T17:58:43.320469Z", "last_updater": 2215, "last_updater_username": "stackbrew", "name": "1.10", "repository": 105647, "full_size": 158030767, "v2": true, "tag_status": "inactive", "tag_last_pulled": null, "tag_last_pushed": "2017-01-06T17:58:43.320469Z", "media_type": "application/vnd.docker.container.image.v1+json", "content_type": "image"}, {"creator": 621950, "id": 6634653, "images": [{"architecture": "amd64", "features": "", "variant": null, "digest": "sha256:eb40dcf64078249a33f68fdd8d80624cb81b524c24f50b95fff5c2b40bdc3fdc", "os": "linux", "os_features": "", "os_version": null, "size": 158030767, "status": "inactive", "last_pulled": null, "last_pushed": null}], "last_updated": "2017-01-06T17:58:29.284171Z", "last_updater": 2215, "last_updater_username": "stackbrew", "name": "1.10.4", "repository": 105647, "full_size": 158030767, "v2": true, "tag_status": "inactive", "tag_last_pulled": null, "tag_last_pushed": "2017-01-06T17:58:29.284171Z", "media_type": "application/vnd.docker.container.image.v1+json", "content_type": "image"}, {"creator": 7, "id": 85494, "images": [{"architecture": "amd64", "features": "", "variant": null, "digest": "sha256:eb40dcf64078249a33f68fdd8d80624cb81b524c24f50b95fff5c2b40bdc3fdc", "os": "linux", "os_features": "", "os_version": null, "size": 158030767, "status": "inactive", "last_pulled": null, "last_pushed": null}], "last_updated": "2017-01-06T17:58:16.025994Z", "last_updater": 2215, "last_updater_username": "stackbrew", "name": "python3", "repository": 105647, "full_size": 158030767, "v2": true, "tag_status": "inactive", "tag_last_pulled": "2024-01-20T08:01:34.552853Z", "tag_last_pushed": "2017-01-06T17:58:16.025994Z", "media_type": "application/vnd.docker.container.image.v1+json", "content_type": "image", "digest": "sha256:5bfd3f442952463f5bc97188b7f43cfcd6c2f631a017ee2a6fca3cb8992501e8"}, {"creator": 7, "id": 85398, "images": [{"architecture": "amd64", "features": "", "variant": null, "digest": "sha256:eb40dcf64078249a33f68fdd8d80624cb81b524c24f50b95fff5c2b40bdc3fdc", "os": "linux", "os_features": "", "os_version": null, "size": 158030767, "status": "inactive", "last_pulled": null, "last_pushed": null}], "last_updated": "2017-01-06T17:58:02.766233Z", "last_updater": 2215, "last_updater_username": "stackbrew", "name": "1-python3", "repository": 105647, "full_size": 158030767, "v2": true, "tag_status": "inactive", "tag_last_pulled": "2024-01-20T08:01:34.552853Z", "tag_last_pushed": "2017-01-06T17:58:02.766233Z", "media_type": "application/vnd.docker.container.image.v1+json", "content_type": "image", "digest": "sha256:5bfd3f442952463f5bc97188b7f43cfcd6c2f631a017ee2a6fca3cb8992501e8"}, {"creator": 621950, "id": 4149260, "images": [{"architecture": "amd64", "features": "", "variant": null, "digest": "sha256:eb40dcf64078249a33f68fdd8d80624cb81b524c24f50b95fff5c2b40bdc3fdc", "os": "linux", "os_features": "", "os_version": null, "size": 158030767, "status": "inactive", "last_pulled": null, "last_pushed": null}], "last_updated": "2017-01-06T17:57:49.367907Z", "last_updater": 2215, "last_updater_username": "stackbrew", "name": "1.10-python3", "repository": 105647, "full_size": 158030767, "v2": true, "tag_status": "inactive", "tag_last_pulled": null, "tag_last_pushed": "2017-01-06T17:57:49.367907Z", "media_type": "application/vnd.docker.container.image.v1+json", "content_type": "image"}, {"creator": 621950, "id": 6634642, "images": [{"architecture": "amd64", "features": "", "variant": null, "digest": "sha256:eb40dcf64078249a33f68fdd8d80624cb81b524c24f50b95fff5c2b40bdc3fdc", "os": "linux", "os_features": "", "os_version": null, "size": 158030767, "status": "inactive", "last_pulled": null, "last_pushed": null}], "last_updated": "2017-01-06T17:57:36.013624Z", "last_updater": 2215, "last_updater_username": "stackbrew", "name": "1.10.4-python3", "repository": 105647, "full_size": 158030767, "v2": true, "tag_status": "inactive", "tag_last_pulled": null, "tag_last_pushed": "2017-01-06T17:57:36.013624Z", "media_type": "application/vnd.docker.container.image.v1+json", "content_type": "image"}, {"creator": 7, "id": 85496, "images": [{"architecture": "amd64", "features": "", "variant": null, "digest": "sha256:3a521ce1bbc40a63d14e579734821815fc2e375a7b9d9dc0ee1ab07d52dcf7e2", "os": "linux", "os_features": "", "os_version": null, "size": 154828340, "status": "inactive", "last_pulled": null, "last_pushed": null}], "last_updated": "2017-01-06T17:57:22.185246Z", "last_updater": 2215, "last_updater_username": "stackbrew", "name": "python2", "repository": 105647, "full_size": 154828340, "v2": true, "tag_status": "inactive", "tag_last_pulled": "2024-01-19T12:56:45.472999Z", "tag_last_pushed": "2017-01-06T17:57:22.185246Z", "media_type": "application/vnd.docker.container.image.v1+json", "content_type": "image", "digest": "sha256:1881a80f15f6a512baaf08fd4c436ef02a30494f8ddcc7fefaa7a445886dac97"}, {"creator": 7, "id": 85402, "images": [{"architecture": "amd64", "features": "", "variant": null, "digest": "sha256:3a521ce1bbc40a63d14e579734821815fc2e375a7b9d9dc0ee1ab07d52dcf7e2", "os": "linux", "os_features": "", "os_version": null, "size": 154828340, "status": "inactive", "last_pulled": null, "last_pushed": null}], "last_updated": "2017-01-06T17:57:08.950626Z", "last_updater": 2215, "last_updater_username": "stackbrew", "name": "1-python2", "repository": 105647, "full_size": 154828340, "v2": true, "tag_status": "inactive", "tag_last_pulled": "2024-01-19T12:56:45.472999Z", "tag_last_pushed": "2017-01-06T17:57:08.950626Z", "media_type": "application/vnd.docker.container.image.v1+json", "content_type": "image", "digest": "sha256:1881a80f15f6a512baaf08fd4c436ef02a30494f8ddcc7fefaa7a445886dac97"}, {"creator": 621950, "id": 4157680, "images": [{"architecture": "amd64", "features": "", "variant": null, "digest": "sha256:3a521ce1bbc40a63d14e579734821815fc2e375a7b9d9dc0ee1ab07d52dcf7e2", "os": "linux", "os_features": "", "os_version": null, "size": 154828340, "status": "inactive", "last_pulled": null, "last_pushed": null}], "last_updated": "2017-01-06T17:56:55.832012Z", "last_updater": 2215, "last_updater_username": "stackbrew", "name": "1.10-python2", "repository": 105647, "full_size": 154828340, "v2": true, "tag_status": "inactive", "tag_last_pulled": null, "tag_last_pushed": "2017-01-06T17:56:55.832012Z", "media_type": "application/vnd.docker.container.image.v1+json", "content_type": "image"}, {"creator": 621950, "id": 6634685, "images": [{"architecture": "amd64", "features": "", "variant": null, "digest": "sha256:3a521ce1bbc40a63d14e579734821815fc2e375a7b9d9dc0ee1ab07d52dcf7e2", "os": "linux", "os_features": "", "os_version": null, "size": 154828340, "status": "inactive", "last_pulled": null, "last_pushed": null}], "last_updated": "2017-01-06T17:56:41.96941Z", "last_updater": 2215, "last_updater_username": "stackbrew", "name": "1.10.4-python2", "repository": 105647, "full_size": 154828340, "v2": true, "tag_status": "inactive", "tag_last_pulled": null, "tag_last_pushed": "2017-01-06T17:56:41.96941Z", "media_type": "application/vnd.docker.container.image.v1+json", "content_type": "image"}, {"creator": 621950, "id": 5843451, "images": [{"architecture": "amd64", "features": "", "variant": null, "digest": "sha256:91f7a1ebbfbf113f88d4d4f728c03698a6cce179910983665dd926ded6d2d40c", "os": "linux", "os_features": "", "os_version": null, "size": 158020468, "status": "inactive", "last_pulled": null, "last_pushed": null}], "last_updated": "2016-11-24T02:22:36.187787Z", "last_updater": 621950, "last_updater_username": "signer", "name": "1.10.3", "repository": 105647, "full_size": 158020468, "v2": true, "tag_status": "inactive", "tag_last_pulled": null, "tag_last_pushed": "2016-11-24T02:22:36.187787Z", "media_type": "application/vnd.docker.container.image.v1+json", "content_type": "image"}, {"creator": 621950, "id": 5839427, "images": [{"architecture": "amd64", "features": "", "variant": null, "digest": "sha256:12c979cf8e4852ada5e033f83536bb3b1ab016e1e6032408611b925b2f24aa80", "os": "linux", "os_features": "", "os_version": null, "size": 154782948, "status": "inactive", "last_pulled": null, "last_pushed": null}], "last_updated": "2016-11-24T02:05:03.778978Z", "last_updater": 621950, "last_updater_username": "signer", "name": "1.10.3-python2", "repository": 105647, "full_size": 154782948, "v2": true, "tag_status": "inactive", "tag_last_pulled": null, "tag_last_pushed": "2016-11-24T02:05:03.778978Z", "media_type": "application/vnd.docker.container.image.v1+json", "content_type": "image"}, {"creator": 621950, "id": 5835273, "images": [{"architecture": "amd64", "features": "", "variant": null, "digest": "sha256:91f7a1ebbfbf113f88d4d4f728c03698a6cce179910983665dd926ded6d2d40c", "os": "linux", "os_features": "", "os_version": null, "size": 158020468, "status": "inactive", "last_pulled": null, "last_pushed": null}], "last_updated": "2016-11-24T00:12:00.201692Z", "last_updater": 621950, "last_updater_username": "signer", "name": "1.10.3-python3", "repository": 105647, "full_size": 158020468, "v2": true, "tag_status": "inactive", "tag_last_pulled": null, "tag_last_pushed": "2016-11-24T00:12:00.201692Z", "media_type": "application/vnd.docker.container.image.v1+json", "content_type": "image"}, {"creator": 621950, "id": 5260504, "images": [{"architecture": "amd64", "features": "", "variant": null, "digest": "sha256:4faaaa53700266abcd3f7453c95b92637a9f8f70efd340252cb2081496cd974a", "os": "linux", "os_features": "", "os_version": null, "size": 154693168, "status": "inactive", "last_pulled": null, "last_pushed": null}], "last_updated": "2016-11-01T01:36:01.552753Z", "last_updater": 621950, "last_updater_username": "signer", "name": "1.10.2-python2", "repository": 105647, "full_size": 154693168, "v2": true, "tag_status": "inactive", "tag_last_pulled": null, "tag_last_pushed": "2016-11-01T01:36:01.552753Z", "media_type": "application/vnd.docker.container.image.v1+json", "content_type": "image"}, {"creator": 621950, "id": 5260479, "images": [{"architecture": "amd64", "features": "", "variant": null, "digest": "sha256:a8d1a20c299e5b941bf59fa2834c816973ec357186828fdedd5e43fcc4b85c76", "os": "linux", "os_features": "", "os_version": null, "size": 157929492, "status": "inactive", "last_pulled": null, "last_pushed": null}], "last_updated": "2016-11-01T01:33:49.959536Z", "last_updater": 621950, "last_updater_username": "signer", "name": "1.10.2", "repository": 105647, "full_size": 157929492, "v2": true, "tag_status": "inactive", "tag_last_pulled": null, "tag_last_pushed": "2016-11-01T01:33:49.959536Z", "media_type": "application/vnd.docker.container.image.v1+json", "content_type": "image"}, {"creator": 621950, "id": 5260470, "images": [{"architecture": "amd64", "features": "", "variant": null, "digest": "sha256:a8d1a20c299e5b941bf59fa2834c816973ec357186828fdedd5e43fcc4b85c76", "os": "linux", "os_features": "", "os_version": null, "size": 157929492, "status": "inactive", "last_pulled": null, "last_pushed": null}], "last_updated": "2016-11-01T01:33:18.531763Z", "last_updater": 621950, "last_updater_username": "signer", "name": "1.10.2-python3", "repository": 105647, "full_size": 157929492, "v2": true, "tag_status": "inactive", "tag_last_pulled": null, "tag_last_pushed": "2016-11-01T01:33:18.531763Z", "media_type": "application/vnd.docker.container.image.v1+json", "content_type": "image"}, {"creator": 621950, "id": 4719226, "images": [{"architecture": "amd64", "features": "", "variant": null, "digest": "sha256:6c656c0f0840a5d785e35e4193aca9d5224bfe34583ca34b3ee2f65bca0f1ed6", "os": "linux", "os_features": "", "os_version": null, "size": 154579918, "status": "inactive", "last_pulled": null, "last_pushed": null}], "last_updated": "2016-09-24T00:28:13.44668Z", "last_updater": 621950, "last_updater_username": "signer", "name": "1.10.1-python2", "repository": 105647, "full_size": 154579918, "v2": true, "tag_status": "inactive", "tag_last_pulled": null, "tag_last_pushed": "2016-09-24T00:28:13.44668Z", "media_type": "application/octet-stream", "content_type": "unrecognized"}, {"creator": 621950, "id": 4719189, "images": [{"architecture": "amd64", "features": "", "variant": null, "digest": "sha256:a1330314259768d5c66e03430306b5ae65070aae97c226a8ca885b9951f97ef1", "os": "linux", "os_features": "", "os_version": null, "size": 157798109, "status": "inactive", "last_pulled": null, "last_pushed": null}], "last_updated": "2016-09-24T00:26:15.074538Z", "last_updater": 621950, "last_updater_username": "signer", "name": "1.10.1", "repository": 105647, "full_size": 157798109, "v2": true, "tag_status": "inactive", "tag_last_pulled": null, "tag_last_pushed": "2016-09-24T00:26:15.074538Z", "media_type": "application/octet-stream", "content_type": "unrecognized"}, {"creator": 621950, "id": 4719181, "images": [{"architecture": "amd64", "features": "", "variant": null, "digest": "sha256:a1330314259768d5c66e03430306b5ae65070aae97c226a8ca885b9951f97ef1", "os": "linux", "os_features": "", "os_version": null, "size": 157798109, "status": "inactive", "last_pulled": null, "last_pushed": null}], "last_updated": "2016-09-24T00:25:56.045392Z", "last_updater": 621950, "last_updater_username": "signer", "name": "1.10.1-python3", "repository": 105647, "full_size": 157798109, "v2": true, "tag_status": "inactive", "tag_last_pulled": null, "tag_last_pushed": "2016-09-24T00:25:56.045392Z", "media_type": "application/octet-stream", "content_type": "unrecognized"}, {"creator": 2215, "id": 1487293, "images": [{"architecture": "amd64", "features": "", "variant": null, "digest": "sha256:7c1a3ee4db99e10d2943efcc16e9c4f6ff711f127b889925037c221c92656194", "os": "linux", "os_features": "", "os_version": null, "size": 157543050, "status": "inactive", "last_pulled": null, "last_pushed": null}], "last_updated": "2016-07-20T09:37:56.452402Z", "last_updater": 621950, "last_updater_username": "signer", "name": "1.9", "repository": 105647, "full_size": 157543050, "v2": true, "tag_status": "inactive", "tag_last_pulled": null, "tag_last_pushed": "2016-07-20T09:37:56.452402Z", "media_type": "application/octet-stream", "content_type": "unrecognized"}, {"creator": 621950, "id": 3910092, "images": [{"architecture": "amd64", "features": "", "variant": null, "digest": "sha256:7c1a3ee4db99e10d2943efcc16e9c4f6ff711f127b889925037c221c92656194", "os": "linux", "os_features": "", "os_version": null, "size": 157543050, "status": "inactive", "last_pulled": null, "last_pushed": null}], "last_updated": "2016-07-20T09:34:25.930008Z", "last_updater": 621950, "last_updater_username": "signer", "name": "1.9.8", "repository": 105647, "full_size": 157543050, "v2": true, "tag_status": "inactive", "tag_last_pulled": null, "tag_last_pushed": "2016-07-20T09:34:25.930008Z", "media_type": "application/octet-stream", "content_type": "unrecognized"}, {"creator": 2215, "id": 1487287, "images": [{"architecture": "amd64", "features": "", "variant": null, "digest": "sha256:7c1a3ee4db99e10d2943efcc16e9c4f6ff711f127b889925037c221c92656194", "os": "linux", "os_features": "", "os_version": null, "size": 157543050, "status": "inactive", "last_pulled": null, "last_pushed": null}], "last_updated": "2016-07-20T09:25:26.725338Z", "last_updater": 621950, "last_updater_username": "signer", "name": "1.9-python3", "repository": 105647, "full_size": 157543050, "v2": true, "tag_status": "inactive", "tag_last_pulled": null, "tag_last_pushed": "2016-07-20T09:25:26.725338Z", "media_type": "application/octet-stream", "content_type": "unrecognized"}, {"creator": 621950, "id": 3910091, "images": [{"architecture": "amd64", "features": "", "variant": null, "digest": "sha256:7c1a3ee4db99e10d2943efcc16e9c4f6ff711f127b889925037c221c92656194", "os": "linux", "os_features": "", "os_version": null, "size": 157543050, "status": "inactive", "last_pulled": null, "last_pushed": null}], "last_updated": "2016-07-20T09:22:38.418927Z", "last_updater": 621950, "last_updater_username": "signer", "name": "1.9.8-python3", "repository": 105647, "full_size": 157543050, "v2": true, "tag_status": "inactive", "tag_last_pulled": null, "tag_last_pushed": "2016-07-20T09:22:38.418927Z", "media_type": "application/octet-stream", "content_type": "unrecognized"}, {"creator": 2215, "id": 1487268, "images": [{"architecture": "amd64", "features": "", "variant": null, "digest": "sha256:5237faea5e4b9971b00a104562c6a8325d5b8fe56fde86778f62ddc2da5c7bc2", "os": "linux", "os_features": "", "os_version": null, "size": 154013397, "status": "inactive", "last_pulled": null, "last_pushed": null}], "last_updated": "2016-07-20T08:53:48.322958Z", "last_updater": 621950, "last_updater_username": "signer", "name": "1.9-python2", "repository": 105647, "full_size": 154013397, "v2": true, "tag_status": "inactive", "tag_last_pulled": null, "tag_last_pushed": "2016-07-20T08:53:48.322958Z", "media_type": "application/octet-stream", "content_type": "unrecognized"}, {"creator": 621950, "id": 3910105, "images": [{"architecture": "amd64", "features": "", "variant": null, "digest": "sha256:5237faea5e4b9971b00a104562c6a8325d5b8fe56fde86778f62ddc2da5c7bc2", "os": "linux", "os_features": "", "os_version": null, "size": 154013397, "status": "inactive", "last_pulled": null, "last_pushed": null}], "last_updated": "2016-07-20T08:47:25.093791Z", "last_updater": 621950, "last_updater_username": "signer", "name": "1.9.8-python2", "repository": 105647, "full_size": 154013397, "v2": true, "tag_status": "inactive", "tag_last_pulled": null, "tag_last_pushed": "2016-07-20T08:47:25.093791Z", "media_type": "application/octet-stream", "content_type": "unrecognized"}, {"creator": 621950, "id": 3626291, "images": [{"architecture": "amd64", "features": "", "variant": null, "digest": "sha256:e815106aa35ef14a28f05cd5736b8ee22656a7bd65201a73bf981c8668312b9b", "os": "linux", "os_features": "", "os_version": null, "size": 156782300, "status": "inactive", "last_pulled": null, "last_pushed": null}], "last_updated": "2016-07-08T20:30:16.104245Z", "last_updater": 621950, "last_updater_username": "signer", "name": "1.9.7", "repository": 105647, "full_size": 156782300, "v2": true, "tag_status": "inactive", "tag_last_pulled": null, "tag_last_pushed": "2016-07-08T20:30:16.104245Z", "media_type": "application/octet-stream", "content_type": "unrecognized"}, {"creator": 621950, "id": 3626286, "images": [{"architecture": "amd64", "features": "", "variant": null, "digest": "sha256:e815106aa35ef14a28f05cd5736b8ee22656a7bd65201a73bf981c8668312b9b", "os": "linux", "os_features": "", "os_version": null, "size": 156782300, "status": "inactive", "last_pulled": null, "last_pushed": null}], "last_updated": "2016-07-08T20:30:00.185907Z", "last_updater": 621950, "last_updater_username": "signer", "name": "1.9.7-python3", "repository": 105647, "full_size": 156782300, "v2": true, "tag_status": "inactive", "tag_last_pulled": null, "tag_last_pushed": "2016-07-08T20:30:00.185907Z", "media_type": "application/octet-stream", "content_type": "unrecognized"}, {"creator": 621950, "id": 3626192, "images": [{"architecture": "amd64", "features": "", "variant": null, "digest": "sha256:91b25fc73c5929a6881e55fa7df587dd5f329247cf9e8f0d3f0b8588eef107fb", "os": "linux", "os_features": "", "os_version": null, "size": 153254815, "status": "inactive", "last_pulled": null, "last_pushed": null}], "last_updated": "2016-07-08T20:24:01.114072Z", "last_updater": 621950, "last_updater_username": "signer", "name": "1.9.7-python2", "repository": 105647, "full_size": 153254815, "v2": true, "tag_status": "inactive", "tag_last_pulled": null, "tag_last_pushed": "2016-07-08T20:24:01.114072Z", "media_type": "application/octet-stream", "content_type": "unrecognized"}, {"creator": 2215, "id": 2930312, "images": [{"architecture": "amd64", "features": "", "variant": null, "digest": "sha256:0cb63b45e2b9a8de5763fc9c98b79c38b6217df718238251a21c8c4176fb3d68", "os": "linux", "os_features": "", "os_version": null, "size": 156450725, "status": "inactive", "last_pulled": null, "last_pushed": null}], "last_updated": "2016-06-01T23:13:56.664311Z", "last_updater": 621950, "last_updater_username": "signer", "name": "1.9.6", "repository": 105647, "full_size": 156450725, "v2": true, "tag_status": "inactive", "tag_last_pulled": null, "tag_last_pushed": "2016-06-01T23:13:56.664311Z", "media_type": "application/octet-stream", "content_type": "unrecognized"}, {"creator": 2215, "id": 2930311, "images": [{"architecture": "amd64", "features": "", "variant": null, "digest": "sha256:0cb63b45e2b9a8de5763fc9c98b79c38b6217df718238251a21c8c4176fb3d68", "os": "linux", "os_features": "", "os_version": null, "size": 156450725, "status": "inactive", "last_pulled": null, "last_pushed": null}], "last_updated": "2016-06-01T23:08:27.271524Z", "last_updater": 621950, "last_updater_username": "signer", "name": "1.9.6-python3", "repository": 105647, "full_size": 156450725, "v2": true, "tag_status": "inactive", "tag_last_pulled": null, "tag_last_pushed": "2016-06-01T23:08:27.271524Z", "media_type": "application/octet-stream", "content_type": "unrecognized"}, {"creator": 2215, "id": 2930302, "images": [{"architecture": "amd64", "features": "", "variant": null, "digest": "sha256:c3b39c35de1026421637bc2c0eb95ba3926e6ef2a6530d95e40553c0bb5938f9", "os": "linux", "os_features": "", "os_version": null, "size": 153030434, "status": "inactive", "last_pulled": null, "last_pushed": null}], "last_updated": "2016-06-01T23:06:17.792917Z", "last_updater": 621950, "last_updater_username": "signer", "name": "1.9.6-python2", "repository": 105647, "full_size": 153030434, "v2": true, "tag_status": "inactive", "tag_last_pulled": null, "tag_last_pushed": "2016-06-01T23:06:17.792917Z", "media_type": "application/octet-stream", "content_type": "unrecognized"}, {"creator": 2215, "id": 2544590, "images": [{"architecture": "amd64", "features": "", "variant": null, "os": "", "os_features": "", "os_version": null, "size": 156367057, "status": "inactive", "last_pulled": null, "last_pushed": null}], "last_updated": "2016-05-06T15:47:31.382737Z", "last_updater": 2215, "last_updater_username": "stackbrew", "name": "1.9.5", "repository": 105647, "full_size": 156367057, "v2": true, "tag_status": "inactive", "tag_last_pulled": null, "tag_last_pushed": "2016-05-06T15:47:31.382737Z", "media_type": "application/vnd.docker.distribution.manifest.v1+prettyjws", "content_type": "image"}, {"creator": 2215, "id": 2544587, "images": [{"architecture": "amd64", "features": "", "variant": null, "os": "", "os_features": "", "os_version": null, "size": 156367057, "status": "inactive", "last_pulled": null, "last_pushed": null}], "last_updated": "2016-05-06T15:47:24.826776Z", "last_updater": 2215, "last_updater_username": "stackbrew", "name": "1.9.5-python3", "repository": 105647, "full_size": 156367057, "v2": true, "tag_status": "inactive", "tag_last_pulled": null, "tag_last_pushed": "2016-05-06T15:47:24.826776Z", "media_type": "application/vnd.docker.distribution.manifest.v1+prettyjws", "content_type": "image"}, {"creator": 2215, "id": 2544536, "images": [{"architecture": "amd64", "features": "", "variant": null, "os": "", "os_features": "", "os_version": null, "size": 152956503, "status": "inactive", "last_pulled": null, "last_pushed": null}], "last_updated": "2016-05-06T15:43:34.559014Z", "last_updater": 2215, "last_updater_username": "stackbrew", "name": "1.9.5-python2", "repository": 105647, "full_size": 152956503, "v2": true, "tag_status": "inactive", "tag_last_pulled": null, "tag_last_pushed": "2016-05-06T15:43:34.559014Z", "media_type": "application/vnd.docker.distribution.manifest.v1+prettyjws", "content_type": "image"}, {"creator": 2215, "id": 2245033, "images": [{"architecture": "amd64", "features": "", "variant": null, "digest": "sha256:39443bb5783ee3e8b6bb8f7c22ef603745b329bd424be1ff35bd3f75d6b5e442", "os": "", "os_features": "", "os_version": null, "size": 159729803, "status": "active", "last_pulled": "2024-01-17T05:56:46.106258Z", "last_pushed": null}], "last_updated": "2016-03-29T22:49:05.671256Z", "last_updater": 213249, "last_updater_username": "toli", "name": "1.9.4", "repository": 105647, "full_size": 159729579, "v2": true, "tag_status": "active", "tag_last_pulled": "2024-01-17T05:56:46.106258Z", "tag_last_pushed": "2016-03-29T22:49:05.671256Z", "media_type": "application/vnd.docker.distribution.manifest.v1+prettyjws", "content_type": "image"}, {"creator": 2215, "id": 2245032, "images": [{"architecture": "amd64", "features": "", "variant": null, "digest": "sha256:04b2eac29113f71860daa43c6d38326367d2f27ede01125f9e2b7f577ee348cf", "os": "", "os_features": "", "os_version": null, "size": 159729803, "status": "active", "last_pulled": "2024-01-17T05:56:46.205893Z", "last_pushed": null}], "last_updated": "2016-03-29T22:48:57.807366Z", "last_updater": 213249, "last_updater_username": "toli", "name": "1.9.4-python3", "repository": 105647, "full_size": 159729579, "v2": true, "tag_status": "active", "tag_last_pulled": "2024-01-17T05:56:46.205893Z", "tag_last_pushed": "2016-03-29T22:48:57.807366Z", "media_type": "application/vnd.docker.distribution.manifest.v1+prettyjws", "content_type": "image"}, {"creator": 2215, "id": 2245024, "images": [{"architecture": "amd64", "features": "", "variant": null, "digest": "sha256:26a8bd5593fa5a4c6de94918f38342f199836de38e3d4601795ce8b4dd7acb43", "os": "", "os_features": "", "os_version": null, "size": 157722873, "status": "active", "last_pulled": "2024-01-17T05:56:46.302092Z", "last_pushed": null}], "last_updated": "2016-03-29T22:47:54.818705Z", "last_updater": 213249, "last_updater_username": "toli", "name": "1.9.4-python2", "repository": 105647, "full_size": 157722649, "v2": true, "tag_status": "active", "tag_last_pulled": "2024-01-17T05:56:46.302092Z", "tag_last_pushed": "2016-03-29T22:47:54.818705Z", "media_type": "application/vnd.docker.distribution.manifest.v1+prettyjws", "content_type": "image"}, {"creator": 2215, "id": 2178099, "images": [{"architecture": "amd64", "features": "", "variant": null, "digest": "sha256:a1f9fd959f2bcf10b10fcf4a3bad625c2999bee09ba9ba15ea057e6a9b9c873c", "os": "", "os_features": "", "os_version": null, "size": 159716435, "status": "active", "last_pulled": "2024-01-17T05:56:46.284639Z", "last_pushed": null}], "last_updated": "2016-03-03T18:36:11.032353Z", "last_updater": 2215, "last_updater_username": "stackbrew", "name": "1.9.3-python3", "repository": 105647, "full_size": 159716211, "v2": true, "tag_status": "active", "tag_last_pulled": "2024-01-17T05:56:46.284639Z", "tag_last_pushed": "2016-03-03T18:36:11.032353Z", "media_type": "application/vnd.docker.distribution.manifest.v1+prettyjws", "content_type": "image"}, {"creator": 2215, "id": 2178058, "images": [{"architecture": "amd64", "features": "", "variant": null, "digest": "sha256:23d06123f66019b8c54555041a1ff413ff9de5a02d6a42d9ee2a63e07d01d0a2", "os": "", "os_features": "", "os_version": null, "size": 157693951, "status": "active", "last_pulled": "2024-01-20T00:04:33.956693Z", "last_pushed": null}], "last_updated": "2016-03-03T18:36:06.941158Z", "last_updater": 2215, "last_updater_username": "stackbrew", "name": "1.9.3-python2", "repository": 105647, "full_size": 157693727, "v2": true, "tag_status": "active", "tag_last_pulled": "2024-01-20T00:04:33.956693Z", "tag_last_pushed": "2016-03-03T18:36:06.941158Z", "media_type": "application/vnd.docker.distribution.manifest.v1+prettyjws", "content_type": "image"}, {"creator": 2215, "id": 2178105, "images": [{"architecture": "amd64", "features": "", "variant": null, "digest": "sha256:3551a63043443ada2fb3b3f09570a56ac28d1990cf8f3de73a4baf2f2f90f5b8", "os": "", "os_features": "", "os_version": null, "size": 159716435, "status": "active", "last_pulled": "2024-01-17T05:56:46.10583Z", "last_pushed": null}], "last_updated": "2016-03-03T18:35:11.395221Z", "last_updater": 2215, "last_updater_username": "stackbrew", "name": "1.9.3", "repository": 105647, "full_size": 159716211, "v2": true, "tag_status": "active", "tag_last_pulled": "2024-01-17T05:56:46.10583Z", "tag_last_pushed": "2016-03-03T18:35:11.395221Z", "media_type": "application/vnd.docker.distribution.manifest.v1+prettyjws", "content_type": "image"}, {"creator": 2215, "id": 1887065, "images": [{"architecture": "amd64", "features": "", "variant": null, "digest": "sha256:c499025791d53c70c53acb860240c93dc3256fe2788dc4eb0479e61942678584", "os": "", "os_features": "", "os_version": null, "size": 159710161, "status": "active", "last_pulled": "2024-01-17T05:56:46.327283Z", "last_pushed": null}], "last_updated": "2016-02-29T22:24:10.365394Z", "last_updater": 2215, "last_updater_username": "stackbrew", "name": "1.9.2", "repository": 105647, "full_size": 159709937, "v2": true, "tag_status": "active", "tag_last_pulled": "2024-01-17T05:56:46.327283Z", "tag_last_pushed": "2016-02-29T22:24:10.365394Z", "media_type": "application/vnd.docker.distribution.manifest.v1+prettyjws", "content_type": "image"}, {"creator": 2215, "id": 1887060, "images": [{"architecture": "amd64", "features": "", "variant": null, "digest": "sha256:ac995f4fe64b905c36cde4cc837b8b048dc8af72777196776956f8bd4416941b", "os": "", "os_features": "", "os_version": null, "size": 159710161, "status": "active", "last_pulled": "2024-01-17T05:56:46.399112Z", "last_pushed": null}], "last_updated": "2016-02-29T22:24:03.355272Z", "last_updater": 2215, "last_updater_username": "stackbrew", "name": "1.9.2-python3", "repository": 105647, "full_size": 159709937, "v2": true, "tag_status": "active", "tag_last_pulled": "2024-01-17T05:56:46.399112Z", "tag_last_pushed": "2016-02-29T22:24:03.355272Z", "media_type": "application/vnd.docker.distribution.manifest.v1+prettyjws", "content_type": "image"}, {"creator": 2215, "id": 1887051, "images": [{"architecture": "amd64", "features": "", "variant": null, "digest": "sha256:69b9a8552299bbae027ea02ae004a5ee924bc83f447c3ff03e0fdd0c4b825646", "os": "", "os_features": "", "os_version": null, "size": 157687835, "status": "active", "last_pulled": "2024-01-17T05:56:46.008863Z", "last_pushed": null}], "last_updated": "2016-02-29T22:22:09.941337Z", "last_updater": 2215, "last_updater_username": "stackbrew", "name": "1.9.2-python2", "repository": 105647, "full_size": 157687611, "v2": true, "tag_status": "active", "tag_last_pulled": "2024-01-17T05:56:46.008863Z", "tag_last_pushed": "2016-02-29T22:22:09.941337Z", "media_type": "application/vnd.docker.distribution.manifest.v1+prettyjws", "content_type": "image"}, {"creator": 2215, "id": 1657763, "images": [{"architecture": "amd64", "features": "", "variant": null, "digest": "sha256:333e68f0fb9ea9a42e0bc486e92634feb007681e71c686cc6ac37d11e787512b", "os": "", "os_features": "", "os_version": null, "size": 159571064, "status": "active", "last_pulled": "2024-01-17T05:56:45.954924Z", "last_pushed": null}], "last_updated": "2016-02-01T19:41:54.079491Z", "last_updater": 2215, "last_updater_username": "stackbrew", "name": "1.9.1", "repository": 105647, "full_size": 159570840, "v2": true, "tag_status": "active", "tag_last_pulled": "2024-01-17T05:56:45.954924Z", "tag_last_pushed": "2016-02-01T19:41:54.079491Z", "media_type": "application/vnd.docker.distribution.manifest.v1+prettyjws", "content_type": "image"}, {"creator": 2215, "id": 1657754, "images": [{"architecture": "amd64", "features": "", "variant": null, "digest": "sha256:48d72f3fa4317bf543e53bba5897e96df1b93795773b079a43327fe3e2b74d11", "os": "", "os_features": "", "os_version": null, "size": 159571064, "status": "active", "last_pulled": "2024-01-17T05:56:45.969782Z", "last_pushed": null}], "last_updated": "2016-02-01T19:40:12.589643Z", "last_updater": 2215, "last_updater_username": "stackbrew", "name": "1.9.1-python3", "repository": 105647, "full_size": 159570840, "v2": true, "tag_status": "active", "tag_last_pulled": "2024-01-17T05:56:45.969782Z", "tag_last_pushed": "2016-02-01T19:40:12.589643Z", "media_type": "application/vnd.docker.distribution.manifest.v1+prettyjws", "content_type": "image"}, {"creator": 2215, "id": 1657730, "images": [{"architecture": "amd64", "features": "", "variant": null, "digest": "sha256:3507734c44706f4cb150dece785a38271827fdf4a2001cc43ded56f909f8171e", "os": "", "os_features": "", "os_version": null, "size": 157437120, "status": "active", "last_pulled": "2024-01-17T05:56:45.970654Z", "last_pushed": null}], "last_updated": "2016-02-01T19:32:50.860279Z", "last_updater": 2215, "last_updater_username": "stackbrew", "name": "1.9.1-python2", "repository": 105647, "full_size": 157436896, "v2": true, "tag_status": "active", "tag_last_pulled": "2024-01-17T05:56:45.970654Z", "tag_last_pushed": "2016-02-01T19:32:50.860279Z", "media_type": "application/vnd.docker.distribution.manifest.v1+prettyjws", "content_type": "image"}, {"creator": 7, "id": 85405, "images": [{"architecture": "amd64", "features": "", "variant": null, "digest": "sha256:916533d2cbf3eb2f5228a332fffb8b081b10d0e86a22464c7446052807bbeaa1", "os": "", "os_features": "", "os_version": null, "size": 158852132, "status": "active", "last_pulled": "2024-01-17T05:56:45.758448Z", "last_pushed": null}], "last_updated": "2015-11-25T17:51:50.388351Z", "last_updater": 2215, "last_updater_username": "stackbrew", "name": "1.8", "repository": 105647, "full_size": 158851940, "v2": true, "tag_status": "active", "tag_last_pulled": "2024-01-17T05:56:45.758448Z", "tag_last_pushed": "2015-11-25T17:51:50.388351Z", "media_type": "application/vnd.docker.distribution.manifest.v1+prettyjws", "content_type": "image", "digest": "sha256:916533d2cbf3eb2f5228a332fffb8b081b10d0e86a22464c7446052807bbeaa1"}, {"creator": 7, "id": 85409, "images": [{"architecture": "amd64", "features": "", "variant": null, "digest": "sha256:1c9b5fcc0d1ce6c45d4a0e727d91f791c96b92d7c1cc8f6b2e9c68e3e1c48933", "os": "", "os_features": "", "os_version": null, "size": 158852132, "status": "active", "last_pulled": "2024-01-18T03:19:37.668798Z", "last_pushed": null}], "last_updated": "2015-11-25T17:51:22.318281Z", "last_updater": 2215, "last_updater_username": "stackbrew", "name": "1.8-python3", "repository": 105647, "full_size": 158851940, "v2": true, "tag_status": "active", "tag_last_pulled": "2024-01-18T03:19:37.668798Z", "tag_last_pushed": "2015-11-25T17:51:22.318281Z", "media_type": "application/vnd.docker.distribution.manifest.v1+prettyjws", "content_type": "image", "digest": "sha256:1c9b5fcc0d1ce6c45d4a0e727d91f791c96b92d7c1cc8f6b2e9c68e3e1c48933"}, {"creator": 2215, "id": 1424386, "images": [{"architecture": "amd64", "features": "", "variant": null, "digest": "sha256:187f16d2d3cd6fe6c4a4fdc9000da3a9320555cb752f818d8204002058c95e03", "os": "", "os_features": "", "os_version": null, "size": 158852132, "status": "active", "last_pulled": "2024-01-17T05:56:46.401099Z", "last_pushed": null}], "last_updated": "2015-11-25T17:50:55.141302Z", "last_updater": 2215, "last_updater_username": "stackbrew", "name": "1.8.7", "repository": 105647, "full_size": 158851940, "v2": true, "tag_status": "active", "tag_last_pulled": "2024-01-17T05:56:46.401099Z", "tag_last_pushed": "2015-11-25T17:50:55.141302Z", "media_type": "application/vnd.docker.distribution.manifest.v1+prettyjws", "content_type": "image", "digest": "sha256:187f16d2d3cd6fe6c4a4fdc9000da3a9320555cb752f818d8204002058c95e03"}, {"creator": 2215, "id": 1424379, "images": [{"architecture": "amd64", "features": "", "variant": null, "digest": "sha256:f07f9aa8c727d8ed28a4c60fa0fcd9b03f53d40739fe0baeb73c97d2c14ef37e", "os": "", "os_features": "", "os_version": null, "size": 158852132, "status": "active", "last_pulled": "2024-01-17T05:56:45.901223Z", "last_pushed": null}], "last_updated": "2015-11-25T17:50:09.858565Z", "last_updater": 2215, "last_updater_username": "stackbrew", "name": "1.8.7-python3", "repository": 105647, "full_size": 158851940, "v2": true, "tag_status": "active", "tag_last_pulled": "2024-01-17T05:56:45.901223Z", "tag_last_pushed": "2015-11-25T17:50:09.858565Z", "media_type": "application/vnd.docker.distribution.manifest.v1+prettyjws", "content_type": "image", "digest": "sha256:f07f9aa8c727d8ed28a4c60fa0fcd9b03f53d40739fe0baeb73c97d2c14ef37e"}, {"creator": 7, "id": 85410, "images": [{"architecture": "amd64", "features": "", "variant": null, "digest": "sha256:36629fb1b09ea01875c6838566c88405c928512b7dad3b0cff45c99ad0afc5d9", "os": "", "os_features": "", "os_version": null, "size": 158173100, "status": "active", "last_pulled": "2024-01-17T05:56:45.746304Z", "last_pushed": null}], "last_updated": "2015-11-25T17:47:37.579938Z", "last_updater": 2215, "last_updater_username": "stackbrew", "name": "1.8-python2", "repository": 105647, "full_size": 158172908, "v2": true, "tag_status": "active", "tag_last_pulled": "2024-01-17T05:56:45.746304Z", "tag_last_pushed": "2015-11-25T17:47:37.579938Z", "media_type": "application/vnd.docker.distribution.manifest.v1+prettyjws", "content_type": "image", "digest": "sha256:36629fb1b09ea01875c6838566c88405c928512b7dad3b0cff45c99ad0afc5d9"}, {"creator": 2215, "id": 1424357, "images": [{"architecture": "amd64", "features": "", "variant": null, "digest": "sha256:b4c3d968112a074c9f7b1b80483e0964a26ff19a934af8c2034770bde4158f77", "os": "", "os_features": "", "os_version": null, "size": 158173100, "status": "active", "last_pulled": "2024-01-17T05:56:45.85678Z", "last_pushed": null}], "last_updated": "2015-11-25T17:46:59.667986Z", "last_updater": 2215, "last_updater_username": "stackbrew", "name": "1.8.7-python2", "repository": 105647, "full_size": 158172908, "v2": true, "tag_status": "active", "tag_last_pulled": "2024-01-17T05:56:45.85678Z", "tag_last_pushed": "2015-11-25T17:46:59.667986Z", "media_type": "application/vnd.docker.distribution.manifest.v1+prettyjws", "content_type": "image", "digest": "sha256:b4c3d968112a074c9f7b1b80483e0964a26ff19a934af8c2034770bde4158f77"}, {"creator": 2215, "id": 1288379, "images": [{"architecture": "amd64", "features": "", "variant": null, "digest": "sha256:e39bc6e6549895a993d73957ba65a7e7595f573ad5ecc98604f0417f59dd01e8", "os": "", "os_features": "", "os_version": null, "size": 158851412, "status": "active", "last_pulled": "2024-01-17T05:56:46.103733Z", "last_pushed": null}], "last_updated": "2015-11-21T16:40:18.723886Z", "last_updater": 2215, "last_updater_username": "stackbrew", "name": "1.8.6", "repository": 105647, "full_size": 158851220, "v2": true, "tag_status": "active", "tag_last_pulled": "2024-01-17T05:56:46.103733Z", "tag_last_pushed": "2015-11-21T16:40:18.723886Z", "media_type": "application/vnd.docker.distribution.manifest.v1+prettyjws", "content_type": "image", "digest": "sha256:e39bc6e6549895a993d73957ba65a7e7595f573ad5ecc98604f0417f59dd01e8"}, {"creator": 2215, "id": 1288374, "images": [{"architecture": "amd64", "features": "", "variant": null, "digest": "sha256:74a7cb15e46ed3aa345ecf5acac6b3da9e6aefa6648dd63de61accf902f41fe2", "os": "", "os_features": "", "os_version": null, "size": 158851412, "status": "active", "last_pulled": "2024-01-17T05:56:46.196449Z", "last_pushed": null}], "last_updated": "2015-11-21T16:40:05.229114Z", "last_updater": 2215, "last_updater_username": "stackbrew", "name": "1.8.6-python3", "repository": 105647, "full_size": 158851220, "v2": true, "tag_status": "active", "tag_last_pulled": "2024-01-17T05:56:46.196449Z", "tag_last_pushed": "2015-11-21T16:40:05.229114Z", "media_type": "application/vnd.docker.distribution.manifest.v1+prettyjws", "content_type": "image", "digest": "sha256:74a7cb15e46ed3aa345ecf5acac6b3da9e6aefa6648dd63de61accf902f41fe2"}, {"creator": 2215, "id": 1288357, "images": [{"architecture": "amd64", "features": "", "variant": null, "digest": "sha256:5da8e76cea2a8136d2e0af6bfec32f4a6fb190f18aa3252473fc92be7e20c6b4", "os": "", "os_features": "", "os_version": null, "size": 158172060, "status": "active", "last_pulled": "2024-01-17T05:56:46.191097Z", "last_pushed": null}], "last_updated": "2015-11-21T16:38:50.802859Z", "last_updater": 2215, "last_updater_username": "stackbrew", "name": "1.8.6-python2", "repository": 105647, "full_size": 158171868, "v2": true, "tag_status": "active", "tag_last_pulled": "2024-01-17T05:56:46.191097Z", "tag_last_pushed": "2015-11-21T16:38:50.802859Z", "media_type": "application/vnd.docker.distribution.manifest.v1+prettyjws", "content_type": "image", "digest": "sha256:5da8e76cea2a8136d2e0af6bfec32f4a6fb190f18aa3252473fc92be7e20c6b4"}, {"creator": 7, "id": 85444, "images": [{"architecture": "amd64", "features": "", "variant": null, "digest": "sha256:925a579d84a3c07faffedb7584aa477ccab273f06f4e8ff4c5318fa8dd1f33e2", "os": "", "os_features": "", "os_version": null, "size": 170868937, "status": "active", "last_pulled": "2024-01-17T05:56:45.438643Z", "last_pushed": null}], "last_updated": "2015-11-14T15:10:38.80075Z", "last_updater": 134455, "last_updater_username": "diogomonica", "name": "1.7.4-python2", "repository": 105647, "full_size": 156565862, "v2": true, "tag_status": "active", "tag_last_pulled": "2024-01-17T05:56:45.438643Z", "tag_last_pushed": "2015-11-14T15:10:38.80075Z", "media_type": "application/vnd.docker.distribution.manifest.v1+prettyjws", "content_type": "image", "digest": "sha256:925a579d84a3c07faffedb7584aa477ccab273f06f4e8ff4c5318fa8dd1f33e2"}, {"creator": 7, "id": 85476, "images": [{"architecture": "amd64", "features": "", "variant": null, "digest": "sha256:996ec394bea6e363334590971d3e8540e3694f1ca761431bbb90390ebb5bb68c", "os": "", "os_features": "", "os_version": null, "size": 169537693, "status": "active", "last_pulled": "2024-01-17T05:56:45.548758Z", "last_pushed": null}], "last_updated": "2015-11-14T15:09:17.512258Z", "last_updater": 134455, "last_updater_username": "diogomonica", "name": "1.7.5-python2", "repository": 105647, "full_size": 155232268, "v2": true, "tag_status": "active", "tag_last_pulled": "2024-01-17T05:56:45.548758Z", "tag_last_pushed": "2015-11-14T15:09:17.512258Z", "media_type": "application/vnd.docker.distribution.manifest.v1+prettyjws", "content_type": "image", "digest": "sha256:996ec394bea6e363334590971d3e8540e3694f1ca761431bbb90390ebb5bb68c"}, {"creator": 7, "id": 85449, "images": [{"architecture": "amd64", "features": "", "variant": null, "digest": "sha256:dae7e749d3bb9ce6db314dfab78bb3aa6c4814943cf10af433414edca5dd6d9e", "os": "", "os_features": "", "os_version": null, "size": 156038160, "status": "active", "last_pulled": "2024-01-17T05:56:45.450741Z", "last_pushed": null}], "last_updated": "2015-11-14T15:08:02.647304Z", "last_updater": 134455, "last_updater_username": "diogomonica", "name": "1.7.4-python3", "repository": 105647, "full_size": 147628315, "v2": true, "tag_status": "active", "tag_last_pulled": "2024-01-17T05:56:45.450741Z", "tag_last_pushed": "2015-11-14T15:08:02.647304Z", "media_type": "application/vnd.docker.distribution.manifest.v1+prettyjws", "content_type": "image", "digest": "sha256:dae7e749d3bb9ce6db314dfab78bb3aa6c4814943cf10af433414edca5dd6d9e"}, {"creator": 7, "id": 85418, "images": [{"architecture": "amd64", "features": "", "variant": null, "digest": "sha256:7439a87ba0a03b2f9821c95f0861433696808af96b1a0f7b899a6db1b8a3c0f2", "os": "", "os_features": "", "os_version": null, "size": 169559726, "status": "active", "last_pulled": "2024-01-17T05:56:45.657803Z", "last_pushed": null}], "last_updated": "2015-11-14T15:07:52.454465Z", "last_updater": 134455, "last_updater_username": "diogomonica", "name": "1.7.7-python2", "repository": 105647, "full_size": 155253473, "v2": true, "tag_status": "active", "tag_last_pulled": "2024-01-17T05:56:45.657803Z", "tag_last_pushed": "2015-11-14T15:07:52.454465Z", "media_type": "application/vnd.docker.distribution.manifest.v1+prettyjws", "content_type": "image", "digest": "sha256:7439a87ba0a03b2f9821c95f0861433696808af96b1a0f7b899a6db1b8a3c0f2"}, {"creator": 7, "id": 85472, "images": [{"architecture": "amd64", "features": "", "variant": null, "digest": "sha256:d244ef79dab84ce16ee677ca957b99f166a129857844ddf3503f51862818e360", "os": "", "os_features": "", "os_version": null, "size": 170602407, "status": "active", "last_pulled": "2024-01-17T05:56:45.658363Z", "last_pushed": null}], "last_updated": "2015-11-14T15:07:40.385915Z", "last_updater": 134455, "last_updater_username": "diogomonica", "name": "1.7.5-python3", "repository": 105647, "full_size": 154477262, "v2": true, "tag_status": "active", "tag_last_pulled": "2024-01-17T05:56:45.658363Z", "tag_last_pushed": "2015-11-14T15:07:40.385915Z", "media_type": "application/vnd.docker.distribution.manifest.v1+prettyjws", "content_type": "image", "digest": "sha256:d244ef79dab84ce16ee677ca957b99f166a129857844ddf3503f51862818e360"}, {"creator": 7, "id": 85463, "images": [{"architecture": "amd64", "features": "", "variant": null, "digest": "sha256:4864603b9612a1967a456e30d31cd47686e0788da28d67f33ed534e1b7fe66f1", "os": "", "os_features": "", "os_version": null, "size": 324868121, "status": "active", "last_pulled": "2024-01-17T05:56:45.255041Z", "last_pushed": null}], "last_updated": "2015-11-14T15:07:35.511222Z", "last_updater": 134455, "last_updater_username": "diogomonica", "name": "1.7.2", "repository": 105647, "full_size": 316458512, "v2": true, "tag_status": "active", "tag_last_pulled": "2024-01-17T05:56:45.255041Z", "tag_last_pushed": "2015-11-14T15:07:35.511222Z", "media_type": "application/vnd.docker.distribution.manifest.v1+prettyjws", "content_type": "image", "digest": "sha256:4864603b9612a1967a456e30d31cd47686e0788da28d67f33ed534e1b7fe66f1"}, {"creator": 7, "id": 85422, "images": [{"architecture": "amd64", "features": "", "variant": null, "digest": "sha256:71aadcecf471056fffea383e2751fe2eff0862f822f4d6c9ce46840c4fd8ed40", "os": "", "os_features": "", "os_version": null, "size": 169559726, "status": "active", "last_pulled": "2024-01-17T05:56:45.233605Z", "last_pushed": null}], "last_updated": "2015-11-14T15:07:15.732212Z", "last_updater": 134455, "last_updater_username": "diogomonica", "name": "1.7-python2", "repository": 105647, "full_size": 155253473, "v2": true, "tag_status": "active", "tag_last_pulled": "2024-01-17T05:56:45.233605Z", "tag_last_pushed": "2015-11-14T15:07:15.732212Z", "media_type": "application/vnd.docker.distribution.manifest.v1+prettyjws", "content_type": "image", "digest": "sha256:71aadcecf471056fffea383e2751fe2eff0862f822f4d6c9ce46840c4fd8ed40"}, {"creator": 7, "id": 85414, "images": [{"architecture": "amd64", "features": "", "variant": null, "digest": "sha256:e86060100ba6bb7ebd21c0703d255fbc03c58b87a2ae23757b4a7a7f6104bfb0", "os": "", "os_features": "", "os_version": null, "size": 170627434, "status": "active", "last_pulled": "2024-01-17T05:56:45.767377Z", "last_pushed": null}], "last_updated": "2015-11-14T15:05:56.558561Z", "last_updater": 134455, "last_updater_username": "diogomonica", "name": "1.7.7-python3", "repository": 105647, "full_size": 154501614, "v2": true, "tag_status": "active", "tag_last_pulled": "2024-01-17T05:56:45.767377Z", "tag_last_pushed": "2015-11-14T15:05:56.558561Z", "media_type": "application/vnd.docker.distribution.manifest.v1+prettyjws", "content_type": "image", "digest": "sha256:e86060100ba6bb7ebd21c0703d255fbc03c58b87a2ae23757b4a7a7f6104bfb0"}, {"creator": 7, "id": 85467, "images": [{"architecture": "amd64", "features": "", "variant": null, "digest": "sha256:40807cf600f5951bd501e68f63b2ab154b473f49c3c3943a376626c9bbcf1632", "os": "", "os_features": "", "os_version": null, "size": 349310295, "status": "active", "last_pulled": "2024-01-17T05:56:45.340677Z", "last_pushed": null}], "last_updated": "2015-11-14T15:05:47.663914Z", "last_updater": 134455, "last_updater_username": "diogomonica", "name": "1.7.1", "repository": 105647, "full_size": 340911388, "v2": true, "tag_status": "active", "tag_last_pulled": "2024-01-17T05:56:45.340677Z", "tag_last_pushed": "2015-11-14T15:05:47.663914Z", "media_type": "application/vnd.docker.distribution.manifest.v1+prettyjws", "content_type": "image", "digest": "sha256:40807cf600f5951bd501e68f63b2ab154b473f49c3c3943a376626c9bbcf1632"}, {"creator": 7, "id": 85481, "images": [{"architecture": "amd64", "features": "", "variant": null, "digest": "sha256:0c0264a90df9afe45f1a3f2e95da9b4608f579923442a925c0cd6c10c4d16181", "os": "", "os_features": "", "os_version": null, "size": 339971723, "status": "active", "last_pulled": "2024-01-17T05:56:45.323451Z", "last_pushed": null}], "last_updated": "2015-11-14T15:05:35.217141Z", "last_updater": 134455, "last_updater_username": "diogomonica", "name": "1.7.2-python2", "repository": 105647, "full_size": 325464881, "v2": true, "tag_status": "active", "tag_last_pulled": "2024-01-17T05:56:45.323451Z", "tag_last_pushed": "2015-11-14T15:05:35.217141Z", "media_type": "application/vnd.docker.distribution.manifest.v1+prettyjws", "content_type": "image", "digest": "sha256:0c0264a90df9afe45f1a3f2e95da9b4608f579923442a925c0cd6c10c4d16181"}, {"creator": 7, "id": 85459, "images": [{"architecture": "amd64", "features": "", "variant": null, "digest": "sha256:74db8554a8a835e93bd8823ac9b85bf878b78edb37a4b52f9f2e5d9e9032d04c", "os": "", "os_features": "", "os_version": null, "size": 156038160, "status": "active", "last_pulled": "2024-01-17T05:56:45.455019Z", "last_pushed": null}], "last_updated": "2015-11-14T15:04:43.282828Z", "last_updater": 134455, "last_updater_username": "diogomonica", "name": "1.7.4", "repository": 105647, "full_size": 147628315, "v2": true, "tag_status": "active", "tag_last_pulled": "2024-01-17T05:56:45.455019Z", "tag_last_pushed": "2015-11-14T15:04:43.282828Z", "media_type": "application/vnd.docker.distribution.manifest.v1+prettyjws", "content_type": "image", "digest": "sha256:74db8554a8a835e93bd8823ac9b85bf878b78edb37a4b52f9f2e5d9e9032d04c"}, {"creator": 7, "id": 85394, "images": [{"architecture": "amd64", "features": "", "variant": null, "digest": "sha256:b3a7494a0fc9fc193d3439dabf7e9610c0929c0fdbb8c8fa00693c0c657f59d4", "os": "", "os_features": "", "os_version": null, "size": 170627434, "status": "active", "last_pulled": "2024-01-17T05:56:45.294034Z", "last_pushed": null}], "last_updated": "2015-11-14T15:03:12.913398Z", "last_updater": 134455, "last_updater_username": "diogomonica", "name": "1.7", "repository": 105647, "full_size": 154501614, "v2": true, "tag_status": "active", "tag_last_pulled": "2024-01-17T05:56:45.294034Z", "tag_last_pushed": "2015-11-14T15:03:12.913398Z", "media_type": "application/vnd.docker.distribution.manifest.v1+prettyjws", "content_type": "image", "digest": "sha256:b3a7494a0fc9fc193d3439dabf7e9610c0929c0fdbb8c8fa00693c0c657f59d4"}, {"creator": 7, "id": 85485, "images": [{"architecture": "amd64", "features": "", "variant": null, "digest": "sha256:11802a0aac419b835c9ea7bfe90416945aad4001918e9b228ed6fd552264aed1", "os": "", "os_features": "", "os_version": null, "size": 324868121, "status": "active", "last_pulled": "2024-01-17T05:56:45.36106Z", "last_pushed": null}], "last_updated": "2015-11-14T15:03:02.669924Z", "last_updater": 134455, "last_updater_username": "diogomonica", "name": "1.7.2-python3", "repository": 105647, "full_size": 316458512, "v2": true, "tag_status": "active", "tag_last_pulled": "2024-01-17T05:56:45.36106Z", "tag_last_pushed": "2015-11-14T15:03:02.669924Z", "media_type": "application/vnd.docker.distribution.manifest.v1+prettyjws", "content_type": "image", "digest": "sha256:11802a0aac419b835c9ea7bfe90416945aad4001918e9b228ed6fd552264aed1"}, {"creator": 7, "id": 85455, "images": [{"architecture": "amd64", "features": "", "variant": null, "digest": "sha256:38aed08764730362bf29a16a30ee54ffaa03e4f3e16ca88b2d1a9393857702c1", "os": "", "os_features": "", "os_version": null, "size": 170602407, "status": "active", "last_pulled": "2024-01-17T05:56:45.513821Z", "last_pushed": null}], "last_updated": "2015-11-14T14:59:08.003576Z", "last_updater": 134455, "last_updater_username": "diogomonica", "name": "1.7.5", "repository": 105647, "full_size": 154477262, "v2": true, "tag_status": "active", "tag_last_pulled": "2024-01-17T05:56:45.513821Z", "tag_last_pushed": "2015-11-14T14:59:08.003576Z", "media_type": "application/vnd.docker.distribution.manifest.v1+prettyjws", "content_type": "image", "digest": "sha256:38aed08764730362bf29a16a30ee54ffaa03e4f3e16ca88b2d1a9393857702c1"}, {"creator": 7, "id": 85479, "images": [{"architecture": "amd64", "features": "", "variant": null, "digest": "sha256:8c0832ce68ce2d7232e73592f50e6e4b0c37246c69c722ed8d22a14655e4c92a", "os": "", "os_features": "", "os_version": null, "size": 170627434, "status": "active", "last_pulled": "2024-01-17T05:56:46.203505Z", "last_pushed": null}], "last_updated": "2015-11-14T14:56:15.408045Z", "last_updater": 134455, "last_updater_username": "diogomonica", "name": "1.7.7", "repository": 105647, "full_size": 154501614, "v2": true, "tag_status": "active", "tag_last_pulled": "2024-01-17T05:56:46.203505Z", "tag_last_pushed": "2015-11-14T14:56:15.408045Z", "media_type": "application/vnd.docker.distribution.manifest.v1+prettyjws", "content_type": "image", "digest": "sha256:8c0832ce68ce2d7232e73592f50e6e4b0c37246c69c722ed8d22a14655e4c92a"}, {"creator": 7, "id": 85433, "images": [{"architecture": "amd64", "features": "", "variant": null, "digest": "sha256:e83a11ce8f5f9b5c8c5c98bac2792cc76dc8a3d02ee10299dffadfb06e703889", "os": "", "os_features": "", "os_version": null, "size": 364456503, "status": "active", "last_pulled": "2024-01-17T05:56:45.226577Z", "last_pushed": null}], "last_updated": "2015-11-14T14:56:05.126311Z", "last_updater": 134455, "last_updater_username": "diogomonica", "name": "1.7.1-python2", "repository": 105647, "full_size": 349980436, "v2": true, "tag_status": "active", "tag_last_pulled": "2024-01-17T05:56:45.226577Z", "tag_last_pushed": "2015-11-14T14:56:05.126311Z", "media_type": "application/vnd.docker.distribution.manifest.v1+prettyjws", "content_type": "image", "digest": "sha256:e83a11ce8f5f9b5c8c5c98bac2792cc76dc8a3d02ee10299dffadfb06e703889"}, {"creator": 7, "id": 85430, "images": [{"architecture": "amd64", "features": "", "variant": null, "digest": "sha256:baf453c1c72bd8e3b07a2c605cc5685c1adbf622ade18352964fe78a784c2c2a", "os": "", "os_features": "", "os_version": null, "size": 349310295, "status": "active", "last_pulled": "2024-01-17T05:56:45.406797Z", "last_pushed": null}], "last_updated": "2015-11-14T14:55:17.129786Z", "last_updater": 134455, "last_updater_username": "diogomonica", "name": "1.7.1-python3", "repository": 105647, "full_size": 340911388, "v2": true, "tag_status": "active", "tag_last_pulled": "2024-01-17T05:56:45.406797Z", "tag_last_pushed": "2015-11-14T14:55:17.129786Z", "media_type": "application/vnd.docker.distribution.manifest.v1+prettyjws", "content_type": "image", "digest": "sha256:baf453c1c72bd8e3b07a2c605cc5685c1adbf622ade18352964fe78a784c2c2a"}, {"creator": 7, "id": 85423, "images": [{"architecture": "amd64", "features": "", "variant": null, "digest": "sha256:025b66ceb9c611693caf824f7e1dd786f3e85b0d46212a97d7da8a79937bef26", "os": "", "os_features": "", "os_version": null, "size": 170627434, "status": "active", "last_pulled": "2024-01-17T05:56:45.55859Z", "last_pushed": null}], "last_updated": "2015-11-14T14:51:50.820267Z", "last_updater": 134455, "last_updater_username": "diogomonica", "name": "1.7-python3", "repository": 105647, "full_size": 154501614, "v2": true, "tag_status": "active", "tag_last_pulled": "2024-01-17T05:56:45.55859Z", "tag_last_pushed": "2015-11-14T14:51:50.820267Z", "media_type": "application/vnd.docker.distribution.manifest.v1+prettyjws", "content_type": "image", "digest": "sha256:025b66ceb9c611693caf824f7e1dd786f3e85b0d46212a97d7da8a79937bef26"}, {"creator": 2215, "id": 1055616, "images": [{"architecture": "amd64", "features": "", "variant": null, "digest": "sha256:df8bd9fe0f40c4fbf297483e2849abfa8c55b1d398026d9cf6033dcbe6910862", "os": "", "os_features": "", "os_version": null, "size": 152370669, "status": "active", "last_pulled": "2024-01-17T05:56:46.005605Z", "last_pushed": null}], "last_updated": "2015-10-28T00:00:54.156911Z", "last_updater": 2215, "last_updater_username": "stackbrew", "name": "1.8.5", "repository": 105647, "full_size": 152370477, "v2": true, "tag_status": "active", "tag_last_pulled": "2024-01-17T05:56:46.005605Z", "tag_last_pushed": "2015-10-28T00:00:54.156911Z", "media_type": "application/vnd.docker.distribution.manifest.v1+prettyjws", "content_type": "image", "digest": "sha256:df8bd9fe0f40c4fbf297483e2849abfa8c55b1d398026d9cf6033dcbe6910862"}, {"creator": 2215, "id": 1055612, "images": [{"architecture": "amd64", "features": "", "variant": null, "digest": "sha256:8170950c24003cd307129cfb75d4199677be65f8362e13e4e9be41a129a904e0", "os": "", "os_features": "", "os_version": null, "size": 152370669, "status": "active", "last_pulled": "2024-01-17T05:56:46.075082Z", "last_pushed": null}], "last_updated": "2015-10-27T23:59:32.899775Z", "last_updater": 2215, "last_updater_username": "stackbrew", "name": "1.8.5-python3", "repository": 105647, "full_size": 152370477, "v2": true, "tag_status": "active", "tag_last_pulled": "2024-01-17T05:56:46.075082Z", "tag_last_pushed": "2015-10-27T23:59:32.899775Z", "media_type": "application/vnd.docker.distribution.manifest.v1+prettyjws", "content_type": "image", "digest": "sha256:8170950c24003cd307129cfb75d4199677be65f8362e13e4e9be41a129a904e0"}, {"creator": 2215, "id": 1055601, "images": [{"architecture": "amd64", "features": "", "variant": null, "digest": "sha256:e2096b3ad2178deaa1e4cad1a8a0b293d9cfe7fb07caba744e4c5f61c6c9f9d8", "os": "", "os_features": "", "os_version": null, "size": 151685975, "status": "active", "last_pulled": "2024-01-17T05:56:46.110518Z", "last_pushed": null}], "last_updated": "2015-10-27T23:49:48.027848Z", "last_updater": 2215, "last_updater_username": "stackbrew", "name": "1.8.5-python2", "repository": 105647, "full_size": 151685783, "v2": true, "tag_status": "active", "tag_last_pulled": "2024-01-17T05:56:46.110518Z", "tag_last_pushed": "2015-10-27T23:49:48.027848Z", "media_type": "application/vnd.docker.distribution.manifest.v1+prettyjws", "content_type": "image", "digest": "sha256:e2096b3ad2178deaa1e4cad1a8a0b293d9cfe7fb07caba744e4c5f61c6c9f9d8"}, {"creator": 2215, "id": 769041, "images": [{"architecture": "amd64", "features": "", "variant": null, "digest": "sha256:3ae9617a5f8e689bb00b131b0e94074a7e27adff8800b3cf8bac67054c005cdf", "os": "", "os_features": "", "os_version": null, "size": 152384919, "status": "active", "last_pulled": "2024-01-17T05:56:46.51686Z", "last_pushed": null}], "last_updated": "2015-09-28T22:23:49Z", "last_updater": 213249, "last_updater_username": "toli", "name": "1.8.4-python3", "repository": 105647, "full_size": 152384727, "v2": true, "tag_status": "active", "tag_last_pulled": "2024-01-17T05:56:46.51686Z", "tag_last_pushed": "2015-09-28T22:23:49Z", "media_type": "application/vnd.docker.distribution.manifest.v1+prettyjws", "content_type": "image", "digest": "sha256:3ae9617a5f8e689bb00b131b0e94074a7e27adff8800b3cf8bac67054c005cdf"}, {"creator": 2215, "id": 769021, "images": [{"architecture": "amd64", "features": "", "variant": null, "digest": "sha256:36439ccac456f5bd9ba73e788ef8bc915e84edcf16e8674af0324cc5e63a5f18", "os": "", "os_features": "", "os_version": null, "size": 151699205, "status": "active", "last_pulled": "2024-01-17T05:56:46.375389Z", "last_pushed": null}], "last_updated": "2015-09-28T22:22:51Z", "last_updater": 213249, "last_updater_username": "toli", "name": "1.8.4-python2", "repository": 105647, "full_size": 151699013, "v2": true, "tag_status": "active", "tag_last_pulled": "2024-01-17T05:56:46.375389Z", "tag_last_pushed": "2015-09-28T22:22:51Z", "media_type": "application/vnd.docker.distribution.manifest.v1+prettyjws", "content_type": "image", "digest": "sha256:36439ccac456f5bd9ba73e788ef8bc915e84edcf16e8674af0324cc5e63a5f18"}, {"creator": 2215, "id": 769044, "images": [{"architecture": "amd64", "features": "", "variant": null, "digest": "sha256:f81865f7038623c5515a20e6c5772a10eaf63f253f7974d65e4e8867cc55ba86", "os": "", "os_features": "", "os_version": null, "size": 152384919, "status": "active", "last_pulled": "2024-01-17T05:56:46.196647Z", "last_pushed": null}], "last_updated": "2015-09-11T01:28:40Z", "last_updater": 2215, "last_updater_username": "stackbrew", "name": "1.8.4", "repository": 105647, "full_size": 152384727, "v2": true, "tag_status": "active", "tag_last_pulled": "2024-01-17T05:56:46.196647Z", "tag_last_pushed": "2015-09-11T01:28:40Z", "media_type": "application/vnd.docker.distribution.manifest.v1+prettyjws", "content_type": "image", "digest": "sha256:f81865f7038623c5515a20e6c5772a10eaf63f253f7974d65e4e8867cc55ba86"}, {"creator": 2215, "id": 541817, "images": [{"architecture": "amd64", "features": "", "variant": null, "digest": "sha256:72705b16a3f4650058b2d998200455210724ee8e43c70fd96bc5fb889d97aa70", "os": "", "os_features": "", "os_version": null, "size": 152379935, "status": "active", "last_pulled": "2024-01-17T05:56:45.865663Z", "last_pushed": null}], "last_updated": "2015-08-27T01:40:20Z", "last_updater": 213249, "last_updater_username": "toli", "name": "1.8.3-python3", "repository": 105647, "full_size": 152379743, "v2": true, "tag_status": "active", "tag_last_pulled": "2024-01-17T05:56:45.865663Z", "tag_last_pushed": "2015-08-27T01:40:20Z", "media_type": "application/vnd.docker.distribution.manifest.v1+prettyjws", "content_type": "image", "digest": "sha256:72705b16a3f4650058b2d998200455210724ee8e43c70fd96bc5fb889d97aa70"}, {"creator": 2215, "id": 541784, "images": [{"architecture": "amd64", "features": "", "variant": null, "digest": "sha256:1d34bd9b01e88af0e1317ee586820147f8c98da677368f0dc25b400f5001172e", "os": "", "os_features": "", "os_version": null, "size": 151692604, "status": "active", "last_pulled": "2024-01-17T05:56:45.665119Z", "last_pushed": null}], "last_updated": "2015-08-27T01:39:45Z", "last_updater": 213249, "last_updater_username": "toli", "name": "1.8.3-python2", "repository": 105647, "full_size": 151692412, "v2": true, "tag_status": "active", "tag_last_pulled": "2024-01-17T05:56:45.665119Z", "tag_last_pushed": "2015-08-27T01:39:45Z", "media_type": "application/vnd.docker.distribution.manifest.v1+prettyjws", "content_type": "image", "digest": "sha256:1d34bd9b01e88af0e1317ee586820147f8c98da677368f0dc25b400f5001172e"}, {"creator": 2215, "id": 541824, "images": [{"architecture": "amd64", "features": "", "variant": null, "digest": "sha256:3e758c13d89dad7e124892b2d11e371ef135a616bd2944b4028908ded7b8f11a", "os": "", "os_features": "", "os_version": null, "size": 152379935, "status": "active", "last_pulled": "2024-01-17T05:56:45.655688Z", "last_pushed": null}], "last_updated": "2015-08-11T04:00:43Z", "last_updater": 213249, "last_updater_username": "toli", "name": "1.8.3", "repository": 105647, "full_size": 152379743, "v2": true, "tag_status": "active", "tag_last_pulled": "2024-01-17T05:56:45.655688Z", "tag_last_pushed": "2015-08-11T04:00:43Z", "media_type": "application/vnd.docker.distribution.manifest.v1+prettyjws", "content_type": "image", "digest": "sha256:3e758c13d89dad7e124892b2d11e371ef135a616bd2944b4028908ded7b8f11a"}, {"creator": 7, "id": 85507, "images": [{"architecture": "amd64", "features": "", "variant": null, "digest": "sha256:cffe4d54f68326b3c16cc3f0726f1d3320b74ea32c2bee96bcd48a4546cae9cd", "os": "", "os_features": "", "os_version": null, "size": 166251063, "status": "active", "last_pulled": "2024-01-17T05:56:45.536103Z", "last_pushed": null}], "last_updated": "2015-06-17T11:36:14Z", "last_updater": 7, "last_updater_username": "library", "name": "1.8.2", "repository": 105647, "full_size": 434386079, "v2": true, "tag_status": "active", "tag_last_pulled": "2024-01-17T05:56:45.536103Z", "tag_last_pushed": "2015-06-17T11:36:14Z", "media_type": "application/vnd.docker.distribution.manifest.v1+prettyjws", "content_type": "image", "digest": "sha256:cffe4d54f68326b3c16cc3f0726f1d3320b74ea32c2bee96bcd48a4546cae9cd"}, {"creator": 7, "id": 85504, "images": [{"architecture": "amd64", "features": "", "variant": null, "digest": "sha256:184e92cb95cd70cfe373bf2a960730e3b28b05f2d5b0e53ef224e5ef122f72b9", "os": "", "os_features": "", "os_version": null, "size": 166251063, "status": "active", "last_pulled": "2024-01-17T05:56:45.560516Z", "last_pushed": null}], "last_updated": "2015-06-17T11:35:06Z", "last_updater": 7, "last_updater_username": "library", "name": "1.8.2-python3", "repository": 105647, "full_size": 434386079, "v2": true, "tag_status": "active", "tag_last_pulled": "2024-01-17T05:56:45.560516Z", "tag_last_pushed": "2015-06-17T11:35:06Z", "media_type": "application/vnd.docker.distribution.manifest.v1+prettyjws", "content_type": "image", "digest": "sha256:184e92cb95cd70cfe373bf2a960730e3b28b05f2d5b0e53ef224e5ef122f72b9"}, {"creator": 7, "id": 85509, "images": [{"architecture": "amd64", "features": "", "variant": null, "digest": "sha256:bb149c61f79949dac8da373dd9656427e7b6b38a8d158adf520a79b1c00c3001", "os": "", "os_features": "", "os_version": null, "size": 164223923, "status": "active", "last_pulled": "2024-01-17T05:56:45.704488Z", "last_pushed": null}], "last_updated": "2015-06-17T11:26:31Z", "last_updater": 7, "last_updater_username": "library", "name": "1.8.2-python2", "repository": 105647, "full_size": 421022881, "v2": true, "tag_status": "active", "tag_last_pulled": "2024-01-17T05:56:45.704488Z", "tag_last_pushed": "2015-06-17T11:26:31Z", "media_type": "application/vnd.docker.distribution.manifest.v1+prettyjws", "content_type": "image", "digest": "sha256:bb149c61f79949dac8da373dd9656427e7b6b38a8d158adf520a79b1c00c3001"}, {"creator": 7, "id": 85500, "images": [{"architecture": "amd64", "features": "", "variant": null, "digest": "sha256:aee128f35be339fdb6e15d7c292c0670dbb4c26004aea9a23d1907a9f59f0bb8", "os": "", "os_features": "", "os_version": null, "size": 166237195, "status": "active", "last_pulled": "2024-01-18T04:05:04.104276Z", "last_pushed": null}], "last_updated": "2015-05-08T23:53:55Z", "last_updater": 7, "last_updater_username": "library", "name": "1.8.1", "repository": 105647, "full_size": 434211016, "v2": true, "tag_status": "active", "tag_last_pulled": "2024-01-18T04:05:04.104276Z", "tag_last_pushed": "2015-05-08T23:53:55Z", "media_type": "application/vnd.docker.distribution.manifest.v1+prettyjws", "content_type": "image", "digest": "sha256:aee128f35be339fdb6e15d7c292c0670dbb4c26004aea9a23d1907a9f59f0bb8"}, {"creator": 7, "id": 85437, "images": [{"architecture": "amd64", "features": "", "variant": null, "digest": "sha256:bb7eff19e1b8997c3b45bdfd104b9b43f5f6747fac84797247df3b9bcac81f3f", "os": "", "os_features": "", "os_version": null, "size": 166237195, "status": "active", "last_pulled": "2024-01-17T05:56:45.84948Z", "last_pushed": null}], "last_updated": "2015-05-08T23:53:11Z", "last_updater": 7, "last_updater_username": "library", "name": "1.8.1-python3", "repository": 105647, "full_size": 434211016, "v2": true, "tag_status": "active", "tag_last_pulled": "2024-01-17T05:56:45.84948Z", "tag_last_pushed": "2015-05-08T23:53:11Z", "media_type": "application/vnd.docker.distribution.manifest.v1+prettyjws", "content_type": "image", "digest": "sha256:bb7eff19e1b8997c3b45bdfd104b9b43f5f6747fac84797247df3b9bcac81f3f"}, {"creator": 7, "id": 85406, "images": [{"architecture": "amd64", "features": "", "variant": null, "digest": "sha256:02429c39ff4925665f4a89852522bb6b39b90b6d5972a0bcb6e665a807a2cb80", "os": "", "os_features": "", "os_version": null, "size": 164663257, "status": "active", "last_pulled": "2024-01-17T05:56:45.858735Z", "last_pushed": null}], "last_updated": "2015-05-08T23:50:15Z", "last_updater": 7, "last_updater_username": "library", "name": "1.8.1-python2", "repository": 105647, "full_size": 421507687, "v2": true, "tag_status": "active", "tag_last_pulled": "2024-01-17T05:56:45.858735Z", "tag_last_pushed": "2015-05-08T23:50:15Z", "media_type": "application/vnd.docker.distribution.manifest.v1+prettyjws", "content_type": "image", "digest": "sha256:02429c39ff4925665f4a89852522bb6b39b90b6d5972a0bcb6e665a807a2cb80"}]