[{"creator": 621950, "id": 4036403, "images": [{"architecture": "amd64", "features": "", "variant": null, "digest": "sha256:b9d410b612429c56c7bfc201428e054e133b3687a23c6ab56cdf78a8c9ad5c7e", "os": "linux", "os_features": "", "os_version": null, "size": 38188305, "status": "active", "last_pulled": "2024-01-20T06:01:31.139932Z", "last_pushed": "2024-01-11T15:30:37.074191Z"}, {"architecture": "arm", "features": "", "variant": "v5", "digest": "sha256:48e3aec207f11f554d11f7cca3617dd0a20c63a99979dd52383f616781065e66", "os": "linux", "os_features": "", "os_version": null, "size": 34210288, "status": "active", "last_pulled": "2024-01-20T03:10:47.484598Z", "last_pushed": "2024-01-11T08:32:14.136325Z"}, {"architecture": "arm", "features": "", "variant": "v7", "digest": "sha256:649e6cc2ba661d32ef4256888cb13271ddbd95f30b237e8cd364585d269f95db", "os": "linux", "os_features": "", "os_version": null, "size": 31643371, "status": "active", "last_pulled": "2024-01-19T18:54:39.655122Z", "last_pushed": "2024-01-11T20:04:21.677824Z"}, {"architecture": "arm64", "features": "", "variant": "v8", "digest": "sha256:8d46f6f1c78ff1ed0b3ad00a406bb7dfc11c6e39c7cc975822c2b6d102bd321c", "os": "linux", "os_features": "", "os_version": null, "size": 37072116, "status": "active", "last_pulled": "2024-01-19T23:59:14.270883Z", "last_pushed": "2024-01-11T08:32:15.316083Z"}, {"architecture": "386", "features": "", "variant": null, "digest": "sha256:fd98c9c853fa5a97230af82572ebcf43f560102c6df845a39886ad9916e747bf", "os": "linux", "os_features": "", "os_version": null, "size": 38673622, "status": "active", "last_pulled": "2024-01-19T18:54:40.008459Z", "last_pushed": "2024-01-11T15:30:38.372653Z"}, {"architecture": "mips64le", "features": "", "variant": null, "digest": "sha256:8df4224500ebe6450955a361308a1477c405408c15fb18d78898367e96485845", "os": "linux", "os_features": "", "os_version": null, "size": 36760029, "status": "active", "last_pulled": "2024-01-20T04:12:25.004044Z", "last_pushed": "2024-01-11T19:46:01.714382Z"}, {"architecture": "ppc64le", "features": "", "variant": null, "digest": "sha256:764b7df81dd7d86333ce5b7ca92010d23c2f3fc9c2d7dd13246be720993c2793", "os": "linux", "os_features": "", "os_version": null, "size": 42313200, "status": "active", "last_pulled": "2024-01-19T18:54:40.328036Z", "last_pushed": "2024-01-11T07:50:15.194886Z"}, {"architecture": "s390x", "features": "", "variant": null, "digest": "sha256:8460c43f50154dd2d81bcda32d49c1b2630492b81af7f6ef4234aa08d8ca6da1", "os": "linux", "os_features": "", "os_version": null, "size": 35138721, "status": "active", "last_pulled": "2024-01-20T03:10:50.356054Z", "last_pushed": "2024-01-11T08:32:34.040322Z"}], "last_updated": "2024-01-11T20:04:55.6926Z", "last_updater": 1156886, "last_updater_username": "doijanky", "name": "latest", "repository": 810528, "full_size": 38188305, "v2": true, "tag_status": "active", "tag_last_pulled": "2024-01-20T07:06:06.703919Z", "tag_last_pushed": "2024-01-11T20:04:55.6926Z", "media_type": "application/vnd.docker.distribution.manifest.list.v2+json", "content_type": "image", "digest": "sha256:23f75f451120264e35f6fba4a2255e0d7c34c3fc14d8a1073eb3d9e76a48fbad"}, {"creator": 1156886, "id": 184479201, "images": [{"architecture": "s390x", "features": "", "variant": null, "digest": "sha256:8460c43f50154dd2d81bcda32d49c1b2630492b81af7f6ef4234aa08d8ca6da1", "os": "linux", "os_features": "", "os_version": null, "size": 35138721, "status": "active", "last_pulled": "2024-01-20T03:10:50.356054Z", "last_pushed": "2024-01-11T08:32:34.040322Z"}, {"architecture": "amd64", "features": "", "variant": null, "digest": "sha256:b9d410b612429c56c7bfc201428e054e133b3687a23c6ab56cdf78a8c9ad5c7e", "os": "linux", "os_features": "", "os_version": null, "size": 38188305, "status": "active", "last_pulled": "2024-01-20T06:01:31.139932Z", "last_pushed": "2024-01-11T15:30:37.074191Z"}, {"architecture": "arm", "features": "", "variant": "v5", "digest": "sha256:48e3aec207f11f554d11f7cca3617dd0a20c63a99979dd52383f616781065e66", "os": "linux", "os_features": "", "os_version": null, "size": 34210288, "status": "active", "last_pulled": "2024-01-20T03:10:47.484598Z", "last_pushed": "2024-01-11T08:32:14.136325Z"}, {"architecture": "arm", "features": "", "variant": "v7", "digest": "sha256:649e6cc2ba661d32ef4256888cb13271ddbd95f30b237e8cd364585d269f95db", "os": "linux", "os_features": "", "os_version": null, "size": 31643371, "status": "active", "last_pulled": "2024-01-19T18:54:39.655122Z", "last_pushed": "2024-01-11T20:04:21.677824Z"}, {"architecture": "arm64", "features": "", "variant": "v8", "digest": "sha256:8d46f6f1c78ff1ed0b3ad00a406bb7dfc11c6e39c7cc975822c2b6d102bd321c", "os": "linux", "os_features": "", "os_version": null, "size": 37072116, "status": "active", "last_pulled": "2024-01-19T23:59:14.270883Z", "last_pushed": "2024-01-11T08:32:15.316083Z"}, {"architecture": "386", "features": "", "variant": null, "digest": "sha256:fd98c9c853fa5a97230af82572ebcf43f560102c6df845a39886ad9916e747bf", "os": "linux", "os_features": "", "os_version": null, "size": 38673622, "status": "active", "last_pulled": "2024-01-19T18:54:40.008459Z", "last_pushed": "2024-01-11T15:30:38.372653Z"}, {"architecture": "mips64le", "features": "", "variant": null, "digest": "sha256:8df4224500ebe6450955a361308a1477c405408c15fb18d78898367e96485845", "os": "linux", "os_features": "", "os_version": null, "size": 36760029, "status": "active", "last_pulled": "2024-01-20T04:12:25.004044Z", "last_pushed": "2024-01-11T19:46:01.714382Z"}, {"architecture": "ppc64le", "features": "", "variant": null, "digest": "sha256:764b7df81dd7d86333ce5b7ca92010d23c2f3fc9c2d7dd13246be720993c2793", "os": "linux", "os_features": "", "os_version": null, "size": 42313200, "status": "active", "last_pulled": "2024-01-19T18:54:40.328036Z", "last_pushed": "2024-01-11T07:50:15.194886Z"}], "last_updated": "2024-01-11T20:04:43.631536Z", "last_updater": 1156886, "last_updater_username": "doijanky", "name": "1.6.2", "repository": 810528, "full_size": 38188305, "v2": true, "tag_status": "active", "tag_last_pulled": "2024-01-20T07:06:06.703919Z", "tag_last_pushed": "2024-01-11T20:04:43.631536Z", "media_type": "application/vnd.docker.distribution.manifest.list.v2+json", "content_type": "image", "digest": "sha256:23f75f451120264e35f6fba4a2255e0d7c34c3fc14d8a1073eb3d9e76a48fbad"}, {"creator": 2215, "id": 10472135, "images": [{"architecture": "amd64", "features": "", "variant": null, "digest": "sha256:b9d410b612429c56c7bfc201428e054e133b3687a23c6ab56cdf78a8c9ad5c7e", "os": "linux", "os_features": "", "os_version": null, "size": 38188305, "status": "active", "last_pulled": "2024-01-20T06:01:31.139932Z", "last_pushed": "2024-01-11T15:30:37.074191Z"}, {"architecture": "arm", "features": "", "variant": "v5", "digest": "sha256:48e3aec207f11f554d11f7cca3617dd0a20c63a99979dd52383f616781065e66", "os": "linux", "os_features": "", "os_version": null, "size": 34210288, "status": "active", "last_pulled": "2024-01-20T03:10:47.484598Z", "last_pushed": "2024-01-11T08:32:14.136325Z"}, {"architecture": "arm", "features": "", "variant": "v7", "digest": "sha256:649e6cc2ba661d32ef4256888cb13271ddbd95f30b237e8cd364585d269f95db", "os": "linux", "os_features": "", "os_version": null, "size": 31643371, "status": "active", "last_pulled": "2024-01-19T18:54:39.655122Z", "last_pushed": "2024-01-11T20:04:21.677824Z"}, {"architecture": "arm64", "features": "", "variant": "v8", "digest": "sha256:8d46f6f1c78ff1ed0b3ad00a406bb7dfc11c6e39c7cc975822c2b6d102bd321c", "os": "linux", "os_features": "", "os_version": null, "size": 37072116, "status": "active", "last_pulled": "2024-01-19T23:59:14.270883Z", "last_pushed": "2024-01-11T08:32:15.316083Z"}, {"architecture": "386", "features": "", "variant": null, "digest": "sha256:fd98c9c853fa5a97230af82572ebcf43f560102c6df845a39886ad9916e747bf", "os": "linux", "os_features": "", "os_version": null, "size": 38673622, "status": "active", "last_pulled": "2024-01-19T18:54:40.008459Z", "last_pushed": "2024-01-11T15:30:38.372653Z"}, {"architecture": "mips64le", "features": "", "variant": null, "digest": "sha256:8df4224500ebe6450955a361308a1477c405408c15fb18d78898367e96485845", "os": "linux", "os_features": "", "os_version": null, "size": 36760029, "status": "active", "last_pulled": "2024-01-20T04:12:25.004044Z", "last_pushed": "2024-01-11T19:46:01.714382Z"}, {"architecture": "ppc64le", "features": "", "variant": null, "digest": "sha256:764b7df81dd7d86333ce5b7ca92010d23c2f3fc9c2d7dd13246be720993c2793", "os": "linux", "os_features": "", "os_version": null, "size": 42313200, "status": "active", "last_pulled": "2024-01-19T18:54:40.328036Z", "last_pushed": "2024-01-11T07:50:15.194886Z"}, {"architecture": "s390x", "features": "", "variant": null, "digest": "sha256:8460c43f50154dd2d81bcda32d49c1b2630492b81af7f6ef4234aa08d8ca6da1", "os": "linux", "os_features": "", "os_version": null, "size": 35138721, "status": "active", "last_pulled": "2024-01-20T03:10:50.356054Z", "last_pushed": "2024-01-11T08:32:34.040322Z"}], "last_updated": "2024-01-11T20:04:34.965157Z", "last_updater": 1156886, "last_updater_username": "doijanky", "name": "1.6", "repository": 810528, "full_size": 38188305, "v2": true, "tag_status": "active", "tag_last_pulled": "2024-01-20T07:06:06.703919Z", "tag_last_pushed": "2024-01-11T20:04:34.965157Z", "media_type": "application/vnd.docker.distribution.manifest.list.v2+json", "content_type": "image", "digest": "sha256:23f75f451120264e35f6fba4a2255e0d7c34c3fc14d8a1073eb3d9e76a48fbad"}, {"creator": 621950, "id": 4036408, "images": [{"architecture": "arm64", "features": "", "variant": "v8", "digest": "sha256:8d46f6f1c78ff1ed0b3ad00a406bb7dfc11c6e39c7cc975822c2b6d102bd321c", "os": "linux", "os_features": "", "os_version": null, "size": 37072116, "status": "active", "last_pulled": "2024-01-19T23:59:14.270883Z", "last_pushed": "2024-01-11T08:32:15.316083Z"}, {"architecture": "386", "features": "", "variant": null, "digest": "sha256:fd98c9c853fa5a97230af82572ebcf43f560102c6df845a39886ad9916e747bf", "os": "linux", "os_features": "", "os_version": null, "size": 38673622, "status": "active", "last_pulled": "2024-01-19T18:54:40.008459Z", "last_pushed": "2024-01-11T15:30:38.372653Z"}, {"architecture": "mips64le", "features": "", "variant": null, "digest": "sha256:8df4224500ebe6450955a361308a1477c405408c15fb18d78898367e96485845", "os": "linux", "os_features": "", "os_version": null, "size": 36760029, "status": "active", "last_pulled": "2024-01-20T04:12:25.004044Z", "last_pushed": "2024-01-11T19:46:01.714382Z"}, {"architecture": "ppc64le", "features": "", "variant": null, "digest": "sha256:764b7df81dd7d86333ce5b7ca92010d23c2f3fc9c2d7dd13246be720993c2793", "os": "linux", "os_features": "", "os_version": null, "size": 42313200, "status": "active", "last_pulled": "2024-01-19T18:54:40.328036Z", "last_pushed": "2024-01-11T07:50:15.194886Z"}, {"architecture": "s390x", "features": "", "variant": null, "digest": "sha256:8460c43f50154dd2d81bcda32d49c1b2630492b81af7f6ef4234aa08d8ca6da1", "os": "linux", "os_features": "", "os_version": null, "size": 35138721, "status": "active", "last_pulled": "2024-01-20T03:10:50.356054Z", "last_pushed": "2024-01-11T08:32:34.040322Z"}, {"architecture": "amd64", "features": "", "variant": null, "digest": "sha256:b9d410b612429c56c7bfc201428e054e133b3687a23c6ab56cdf78a8c9ad5c7e", "os": "linux", "os_features": "", "os_version": null, "size": 38188305, "status": "active", "last_pulled": "2024-01-20T06:01:31.139932Z", "last_pushed": "2024-01-11T15:30:37.074191Z"}, {"architecture": "arm", "features": "", "variant": "v5", "digest": "sha256:48e3aec207f11f554d11f7cca3617dd0a20c63a99979dd52383f616781065e66", "os": "linux", "os_features": "", "os_version": null, "size": 34210288, "status": "active", "last_pulled": "2024-01-20T03:10:47.484598Z", "last_pushed": "2024-01-11T08:32:14.136325Z"}, {"architecture": "arm", "features": "", "variant": "v7", "digest": "sha256:649e6cc2ba661d32ef4256888cb13271ddbd95f30b237e8cd364585d269f95db", "os": "linux", "os_features": "", "os_version": null, "size": 31643371, "status": "active", "last_pulled": "2024-01-19T18:54:39.655122Z", "last_pushed": "2024-01-11T20:04:21.677824Z"}], "last_updated": "2024-01-11T20:04:24.847696Z", "last_updater": 1156886, "last_updater_username": "doijanky", "name": "1", "repository": 810528, "full_size": 38188305, "v2": true, "tag_status": "active", "tag_last_pulled": "2024-01-20T07:06:06.703919Z", "tag_last_pushed": "2024-01-11T20:04:24.847696Z", "media_type": "application/vnd.docker.distribution.manifest.list.v2+json", "content_type": "image", "digest": "sha256:23f75f451120264e35f6fba4a2255e0d7c34c3fc14d8a1073eb3d9e76a48fbad"}, {"creator": 621950, "id": 4036417, "images": [{"architecture": "amd64", "features": "", "variant": null, "digest": "sha256:bbcb559f4d5d2f95adfeef51c918f2c078dcf991b30279a34be08e7614eda451", "os": "linux", "os_features": "", "os_version": null, "size": 5058435, "status": "active", "last_pulled": "2024-01-20T04:59:11.217873Z", "last_pushed": "2023-12-01T06:16:04.152782Z"}, {"architecture": "arm", "features": "", "variant": "v6", "digest": "sha256:56621f2fd5b22773d7a82548848c99caa44d7526774fccbff6db3e6cf6e2ed7d", "os": "linux", "os_features": "", "os_version": null, "size": 4591253, "status": "active", "last_pulled": "2024-01-20T04:12:37.257703Z", "last_pushed": "2023-12-01T11:29:44.523455Z"}, {"architecture": "arm", "features": "", "variant": "v7", "digest": "sha256:e20e033984b23e87d819762aa3be4ac888c7573b1fe380a37edc231668cabab1", "os": "linux", "os_features": "", "os_version": null, "size": 4266186, "status": "active", "last_pulled": "2024-01-20T04:12:37.667745Z", "last_pushed": "2023-12-01T09:19:27.707176Z"}, {"architecture": "arm64", "features": "", "variant": "v8", "digest": "sha256:b7bbfd15a130193c126e6305dde27ab1f812b1bde9bcdce939a472c991928997", "os": "linux", "os_features": "", "os_version": null, "size": 4913154, "status": "active", "last_pulled": "2024-01-19T16:53:26.891285Z", "last_pushed": "2023-12-01T09:37:42.310665Z"}, {"architecture": "386", "features": "", "variant": null, "digest": "sha256:f975a9f3d41c92bff597add76b603827306ff8055d25df0b20f1186aa29b952c", "os": "linux", "os_features": "", "os_version": null, "size": 4826091, "status": "active", "last_pulled": "2024-01-20T03:11:11.55975Z", "last_pushed": "2023-12-01T09:04:34.157695Z"}, {"architecture": "ppc64le", "features": "", "variant": null, "digest": "sha256:81cf97596c96bf2c8a7f16eec43b20e866143ae03a0cf8161f1f48263918269c", "os": "linux", "os_features": "", "os_version": null, "size": 4931857, "status": "active", "last_pulled": "2024-01-19T18:50:03.503639Z", "last_pushed": "2023-12-01T09:37:43.409949Z"}, {"architecture": "s390x", "features": "", "variant": null, "digest": "sha256:f8bed32d8fdba1fdb13b94080f008c65343ad2b3f05ae4cfffa6668cbe5eb52d", "os": "linux", "os_features": "", "os_version": null, "size": 4649318, "status": "active", "last_pulled": "2024-01-19T16:53:28.45956Z", "last_pushed": "2023-12-01T09:04:35.67213Z"}], "last_updated": "2023-12-01T11:30:09.869916Z", "last_updater": 1156886, "last_updater_username": "doijanky", "name": "alpine", "repository": 810528, "full_size": 5058435, "v2": true, "tag_status": "active", "tag_last_pulled": "2024-01-20T08:04:13.723564Z", "tag_last_pushed": "2023-12-01T11:30:09.869916Z", "media_type": "application/vnd.docker.distribution.manifest.list.v2+json", "content_type": "image", "digest": "sha256:73c463bbbd5f620dbb1aa0ab91b6f7973c8579ba6d720f3642f9b1550c8cca95"}, {"creator": 1156886, "id": 184479209, "images": [{"architecture": "amd64", "features": "", "variant": null, "digest": "sha256:bbcb559f4d5d2f95adfeef51c918f2c078dcf991b30279a34be08e7614eda451", "os": "linux", "os_features": "", "os_version": null, "size": 5058435, "status": "active", "last_pulled": "2024-01-20T04:59:11.217873Z", "last_pushed": "2023-12-01T06:16:04.152782Z"}, {"architecture": "arm", "features": "", "variant": "v6", "digest": "sha256:56621f2fd5b22773d7a82548848c99caa44d7526774fccbff6db3e6cf6e2ed7d", "os": "linux", "os_features": "", "os_version": null, "size": 4591253, "status": "active", "last_pulled": "2024-01-20T04:12:37.257703Z", "last_pushed": "2023-12-01T11:29:44.523455Z"}, {"architecture": "arm", "features": "", "variant": "v7", "digest": "sha256:e20e033984b23e87d819762aa3be4ac888c7573b1fe380a37edc231668cabab1", "os": "linux", "os_features": "", "os_version": null, "size": 4266186, "status": "active", "last_pulled": "2024-01-20T04:12:37.667745Z", "last_pushed": "2023-12-01T09:19:27.707176Z"}, {"architecture": "s390x", "features": "", "variant": null, "digest": "sha256:f8bed32d8fdba1fdb13b94080f008c65343ad2b3f05ae4cfffa6668cbe5eb52d", "os": "linux", "os_features": "", "os_version": null, "size": 4649318, "status": "active", "last_pulled": "2024-01-19T16:53:28.45956Z", "last_pushed": "2023-12-01T09:04:35.67213Z"}, {"architecture": "arm64", "features": "", "variant": "v8", "digest": "sha256:b7bbfd15a130193c126e6305dde27ab1f812b1bde9bcdce939a472c991928997", "os": "linux", "os_features": "", "os_version": null, "size": 4913154, "status": "active", "last_pulled": "2024-01-19T16:53:26.891285Z", "last_pushed": "2023-12-01T09:37:42.310665Z"}, {"architecture": "386", "features": "", "variant": null, "digest": "sha256:f975a9f3d41c92bff597add76b603827306ff8055d25df0b20f1186aa29b952c", "os": "linux", "os_features": "", "os_version": null, "size": 4826091, "status": "active", "last_pulled": "2024-01-20T03:11:11.55975Z", "last_pushed": "2023-12-01T09:04:34.157695Z"}, {"architecture": "ppc64le", "features": "", "variant": null, "digest": "sha256:81cf97596c96bf2c8a7f16eec43b20e866143ae03a0cf8161f1f48263918269c", "os": "linux", "os_features": "", "os_version": null, "size": 4931857, "status": "active", "last_pulled": "2024-01-19T18:50:03.503639Z", "last_pushed": "2023-12-01T09:37:43.409949Z"}], "last_updated": "2023-12-01T11:30:04.976478Z", "last_updater": 1156886, "last_updater_username": "doijanky", "name": "1.6.2-alpine", "repository": 810528, "full_size": 5058435, "v2": true, "tag_status": "active", "tag_last_pulled": "2024-01-20T08:04:13.723564Z", "tag_last_pushed": "2023-12-01T11:30:04.976478Z", "media_type": "application/vnd.docker.distribution.manifest.list.v2+json", "content_type": "image", "digest": "sha256:73c463bbbd5f620dbb1aa0ab91b6f7973c8579ba6d720f3642f9b1550c8cca95"}, {"creator": 2215, "id": 10472158, "images": [{"architecture": "amd64", "features": "", "variant": null, "digest": "sha256:bbcb559f4d5d2f95adfeef51c918f2c078dcf991b30279a34be08e7614eda451", "os": "linux", "os_features": "", "os_version": null, "size": 5058435, "status": "active", "last_pulled": "2024-01-20T04:59:11.217873Z", "last_pushed": "2023-12-01T06:16:04.152782Z"}, {"architecture": "arm", "features": "", "variant": "v6", "digest": "sha256:56621f2fd5b22773d7a82548848c99caa44d7526774fccbff6db3e6cf6e2ed7d", "os": "linux", "os_features": "", "os_version": null, "size": 4591253, "status": "active", "last_pulled": "2024-01-20T04:12:37.257703Z", "last_pushed": "2023-12-01T11:29:44.523455Z"}, {"architecture": "arm", "features": "", "variant": "v7", "digest": "sha256:e20e033984b23e87d819762aa3be4ac888c7573b1fe380a37edc231668cabab1", "os": "linux", "os_features": "", "os_version": null, "size": 4266186, "status": "active", "last_pulled": "2024-01-20T04:12:37.667745Z", "last_pushed": "2023-12-01T09:19:27.707176Z"}, {"architecture": "arm64", "features": "", "variant": "v8", "digest": "sha256:b7bbfd15a130193c126e6305dde27ab1f812b1bde9bcdce939a472c991928997", "os": "linux", "os_features": "", "os_version": null, "size": 4913154, "status": "active", "last_pulled": "2024-01-19T16:53:26.891285Z", "last_pushed": "2023-12-01T09:37:42.310665Z"}, {"architecture": "386", "features": "", "variant": null, "digest": "sha256:f975a9f3d41c92bff597add76b603827306ff8055d25df0b20f1186aa29b952c", "os": "linux", "os_features": "", "os_version": null, "size": 4826091, "status": "active", "last_pulled": "2024-01-20T03:11:11.55975Z", "last_pushed": "2023-12-01T09:04:34.157695Z"}, {"architecture": "ppc64le", "features": "", "variant": null, "digest": "sha256:81cf97596c96bf2c8a7f16eec43b20e866143ae03a0cf8161f1f48263918269c", "os": "linux", "os_features": "", "os_version": null, "size": 4931857, "status": "active", "last_pulled": "2024-01-19T18:50:03.503639Z", "last_pushed": "2023-12-01T09:37:43.409949Z"}, {"architecture": "s390x", "features": "", "variant": null, "digest": "sha256:f8bed32d8fdba1fdb13b94080f008c65343ad2b3f05ae4cfffa6668cbe5eb52d", "os": "linux", "os_features": "", "os_version": null, "size": 4649318, "status": "active", "last_pulled": "2024-01-19T16:53:28.45956Z", "last_pushed": "2023-12-01T09:04:35.67213Z"}], "last_updated": "2023-12-01T11:29:56.730027Z", "last_updater": 1156886, "last_updater_username": "doijanky", "name": "1.6-alpine", "repository": 810528, "full_size": 5058435, "v2": true, "tag_status": "active", "tag_last_pulled": "2024-01-20T08:04:13.723564Z", "tag_last_pushed": "2023-12-01T11:29:56.730027Z", "media_type": "application/vnd.docker.distribution.manifest.list.v2+json", "content_type": "image", "digest": "sha256:73c463bbbd5f620dbb1aa0ab91b6f7973c8579ba6d720f3642f9b1550c8cca95"}, {"creator": 621950, "id": 4036394, "images": [{"architecture": "amd64", "features": "", "variant": null, "digest": "sha256:bbcb559f4d5d2f95adfeef51c918f2c078dcf991b30279a34be08e7614eda451", "os": "linux", "os_features": "", "os_version": null, "size": 5058435, "status": "active", "last_pulled": "2024-01-20T04:59:11.217873Z", "last_pushed": "2023-12-01T06:16:04.152782Z"}, {"architecture": "arm", "features": "", "variant": "v6", "digest": "sha256:56621f2fd5b22773d7a82548848c99caa44d7526774fccbff6db3e6cf6e2ed7d", "os": "linux", "os_features": "", "os_version": null, "size": 4591253, "status": "active", "last_pulled": "2024-01-20T04:12:37.257703Z", "last_pushed": "2023-12-01T11:29:44.523455Z"}, {"architecture": "arm", "features": "", "variant": "v7", "digest": "sha256:e20e033984b23e87d819762aa3be4ac888c7573b1fe380a37edc231668cabab1", "os": "linux", "os_features": "", "os_version": null, "size": 4266186, "status": "active", "last_pulled": "2024-01-20T04:12:37.667745Z", "last_pushed": "2023-12-01T09:19:27.707176Z"}, {"architecture": "arm64", "features": "", "variant": "v8", "digest": "sha256:b7bbfd15a130193c126e6305dde27ab1f812b1bde9bcdce939a472c991928997", "os": "linux", "os_features": "", "os_version": null, "size": 4913154, "status": "active", "last_pulled": "2024-01-19T16:53:26.891285Z", "last_pushed": "2023-12-01T09:37:42.310665Z"}, {"architecture": "386", "features": "", "variant": null, "digest": "sha256:f975a9f3d41c92bff597add76b603827306ff8055d25df0b20f1186aa29b952c", "os": "linux", "os_features": "", "os_version": null, "size": 4826091, "status": "active", "last_pulled": "2024-01-20T03:11:11.55975Z", "last_pushed": "2023-12-01T09:04:34.157695Z"}, {"architecture": "ppc64le", "features": "", "variant": null, "digest": "sha256:81cf97596c96bf2c8a7f16eec43b20e866143ae03a0cf8161f1f48263918269c", "os": "linux", "os_features": "", "os_version": null, "size": 4931857, "status": "active", "last_pulled": "2024-01-19T18:50:03.503639Z", "last_pushed": "2023-12-01T09:37:43.409949Z"}, {"architecture": "s390x", "features": "", "variant": null, "digest": "sha256:f8bed32d8fdba1fdb13b94080f008c65343ad2b3f05ae4cfffa6668cbe5eb52d", "os": "linux", "os_features": "", "os_version": null, "size": 4649318, "status": "active", "last_pulled": "2024-01-19T16:53:28.45956Z", "last_pushed": "2023-12-01T09:04:35.67213Z"}], "last_updated": "2023-12-01T11:29:47.465591Z", "last_updater": 1156886, "last_updater_username": "doijanky", "name": "1-alpine", "repository": 810528, "full_size": 5058435, "v2": true, "tag_status": "active", "tag_last_pulled": "2024-01-20T08:04:13.723564Z", "tag_last_pushed": "2023-12-01T11:29:47.465591Z", "media_type": "application/vnd.docker.distribution.manifest.list.v2+json", "content_type": "image", "digest": "sha256:73c463bbbd5f620dbb1aa0ab91b6f7973c8579ba6d720f3642f9b1550c8cca95"}, {"creator": 1156886, "id": 94303162, "images": [{"architecture": "mips64le", "features": "", "variant": null, "digest": "sha256:ce87e82f2af77cf74472c7cca011f9ba7b14ad003a29d3f0a32fde618ffe3de8", "os": "linux", "os_features": "", "os_version": null, "size": 35328605, "status": "active", "last_pulled": "2024-01-12T00:03:52.040466Z", "last_pushed": "2021-12-22T21:57:18.038883Z"}, {"architecture": "amd64", "features": "", "variant": null, "digest": "sha256:2bd2286a40c61a56f280444f68f9c3d0ae7a310858860aba77b0403b8890c9f5", "os": "linux", "os_features": "", "os_version": null, "size": 37321326, "status": "active", "last_pulled": "2024-01-18T01:34:48.843831Z", "last_pushed": "2021-12-21T13:11:20.669492Z"}, {"architecture": "arm64", "features": "", "variant": "v8", "digest": "sha256:076eed23d69622023465551277b292c4b20c7e53ff970f4ec2c0c88c721002a3", "os": "linux", "os_features": "", "os_version": null, "size": 35310451, "status": "active", "last_pulled": "2024-01-12T00:03:54.595926Z", "last_pushed": "2021-12-21T13:54:09.226118Z"}, {"architecture": "386", "features": "", "variant": null, "digest": "sha256:5b3875cce8fad4903a3c884cef05e5abad051bc9951e8e5410114e95e0dac53e", "os": "linux", "os_features": "", "os_version": null, "size": 40258475, "status": "active", "last_pulled": "2024-01-12T00:03:52.133995Z", "last_pushed": "2021-12-21T22:07:53.515791Z"}, {"architecture": "s390x", "features": "", "variant": null, "digest": "sha256:6ca814db8831771b57c2fc6fec100a2a7172d558595020784313b259c022266e", "os": "linux", "os_features": "", "os_version": null, "size": 34829005, "status": "active", "last_pulled": "2024-01-12T00:03:46.965566Z", "last_pushed": "2021-12-21T11:39:41.799911Z"}, {"architecture": "ppc64le", "features": "", "variant": null, "digest": "sha256:dc9613663f90bd042452e919974c9dba0dbb23582bc9a642c52d1bb73818e8c4", "os": "linux", "os_features": "", "os_version": null, "size": 41263957, "status": "active", "last_pulled": "2024-01-12T00:03:45.016274Z", "last_pushed": "2021-12-21T23:52:11.794436Z"}, {"architecture": "arm", "features": "", "variant": "v7", "digest": "sha256:407216ffa80e05327a31a5dd353c24625005db7fe1e52e76207510ba313085b9", "os": "linux", "os_features": "", "os_version": null, "size": 31309789, "status": "active", "last_pulled": "2024-01-12T00:03:47.686064Z", "last_pushed": "2021-12-22T05:40:31.10889Z"}, {"architecture": "arm", "features": "", "variant": "v5", "digest": "sha256:91bfd49ae5e2c56251ad9b7aea32be40b95d05a958c88caac0a9d436a93ae406", "os": "linux", "os_features": "", "os_version": null, "size": 33928701, "status": "active", "last_pulled": "2024-01-12T00:03:46.8157Z", "last_pushed": "2021-12-22T03:57:49.849496Z"}], "last_updated": "2021-12-22T21:57:34.751854Z", "last_updater": 1156886, "last_updater_username": "doijanky", "name": "1.6.1", "repository": 810528, "full_size": 37321326, "v2": true, "tag_status": "active", "tag_last_pulled": "2024-01-18T01:34:48.843831Z", "tag_last_pushed": "2021-12-22T21:57:34.751854Z", "media_type": "application/vnd.docker.distribution.manifest.list.v2+json", "content_type": "image"}, {"creator": 1156886, "id": 94303172, "images": [{"architecture": "ppc64le", "features": "", "variant": null, "digest": "sha256:892b50ba6b7bed8e6253a2577dcb2c38d0e60b1ae71968d978a808094e610768", "os": "linux", "os_features": "", "os_version": null, "size": 3048694, "status": "active", "last_pulled": "2024-01-12T00:03:52.073605Z", "last_pushed": "2021-11-13T15:47:06.115704Z"}, {"architecture": "386", "features": "", "variant": null, "digest": "sha256:ed9db1b4a0c65f0ca88573ca4e82bafaedde5032f465971dba93432ddcf67f67", "os": "linux", "os_features": "", "os_version": null, "size": 3064332, "status": "active", "last_pulled": "2024-01-19T22:38:47.495932Z", "last_pushed": "2021-11-12T20:57:34.119263Z"}, {"architecture": "arm", "features": "", "variant": "v7", "digest": "sha256:8b3e418343ca28cc6af7c79a9c92f500d16214863644d56f2e6a6c6a66f457d8", "os": "linux", "os_features": "", "os_version": null, "size": 2644452, "status": "active", "last_pulled": "2024-01-12T00:05:58.888852Z", "last_pushed": "2021-11-12T19:26:37.047062Z"}, {"architecture": "arm", "features": "", "variant": "v6", "digest": "sha256:e54c9ae8aa1651b3704440b6b74cbdd5ac80086e8fa25252df5ffbe44591eade", "os": "linux", "os_features": "", "os_version": null, "size": 2847905, "status": "active", "last_pulled": "2024-01-12T00:03:53.770875Z", "last_pushed": "2021-11-13T07:13:44.806114Z"}, {"architecture": "amd64", "features": "", "variant": null, "digest": "sha256:5759c6e68d7e93789c7fc574722f42f3d3bafcaab2c4a8aeeeac5bb4772012a7", "os": "linux", "os_features": "", "os_version": null, "size": 3045597, "status": "active", "last_pulled": "2024-01-19T22:38:47.490098Z", "last_pushed": "2021-11-13T07:47:07.816427Z"}, {"architecture": "arm64", "features": "", "variant": "v8", "digest": "sha256:cbaa0533059fb17c768fe05790c3675b5b5cecf35f0b461e5347d763b1322af8", "os": "linux", "os_features": "", "os_version": null, "size": 2932006, "status": "active", "last_pulled": "2024-01-12T00:03:52.076123Z", "last_pushed": "2021-11-12T18:36:31.624016Z"}, {"architecture": "s390x", "features": "", "variant": null, "digest": "sha256:118a8c071df238ccc4affa6c1ad90ecaa58fd6f20861ee190449b34b1f5734bd", "os": "linux", "os_features": "", "os_version": null, "size": 2824562, "status": "active", "last_pulled": "2024-01-12T00:03:46.973106Z", "last_pushed": "2021-11-12T20:04:26.893208Z"}], "last_updated": "2021-11-13T15:47:20.974938Z", "last_updater": 1156886, "last_updater_username": "doijanky", "name": "1.6.1-alpine", "repository": 810528, "full_size": 3045597, "v2": true, "tag_status": "active", "tag_last_pulled": "2024-01-19T22:38:47.495932Z", "tag_last_pushed": "2021-11-13T15:47:20.974938Z", "media_type": "application/vnd.docker.distribution.manifest.list.v2+json", "content_type": "image"}, {"creator": 2215, "id": 10472126, "images": [{"architecture": "arm", "features": "", "variant": "v5", "digest": "sha256:47b55a83b73df4f5e550e19ef6dc0836c6d14c19c8ba675911a1ed681556c079", "os": "linux", "os_features": "", "os_version": null, "size": 32144316, "status": "active", "last_pulled": "2024-01-12T00:03:50.80758Z", "last_pushed": null}, {"architecture": "arm64", "features": "", "variant": "v8", "digest": "sha256:5d33bed5eaa77d45ed54c248b8f3bc480058dce808a17e6b64446c6f07211993", "os": "linux", "os_features": "", "os_version": null, "size": 33761006, "status": "active", "last_pulled": "2024-01-12T00:03:51.4567Z", "last_pushed": null}, {"architecture": "ppc64le", "features": "", "variant": null, "digest": "sha256:6afbec729568b4a9e8bc99392ae54abc536784bf5109f35ff1c4d51ad3e11cc4", "os": "linux", "os_features": "", "os_version": null, "size": 39481132, "status": "active", "last_pulled": "2024-01-12T00:03:46.890436Z", "last_pushed": null}, {"architecture": "amd64", "features": "", "variant": null, "digest": "sha256:cc8da136759228e75310a512931bd72e3856a9ae5a00684b18ab28906be8f828", "os": "linux", "os_features": "", "os_version": null, "size": 36249593, "status": "active", "last_pulled": "2024-01-18T01:34:42.216941Z", "last_pushed": null}, {"architecture": "386", "features": "", "variant": null, "digest": "sha256:92960ac9babf5671eb7fea3f3f6aeb1aecdb0c92106b1f7ad3e7002d7c1511d4", "os": "linux", "os_features": "", "os_version": null, "size": 41505031, "status": "active", "last_pulled": "2024-01-12T00:03:50.839864Z", "last_pushed": null}, {"architecture": "s390x", "features": "", "variant": null, "digest": "sha256:a60c185f44fc7e7d79e02bde5b79fbe3f3e4351303c7e09f1b94f30ea09d06fe", "os": "linux", "os_features": "", "os_version": null, "size": 33464616, "status": "active", "last_pulled": "2024-01-12T00:03:55.733959Z", "last_pushed": null}, {"architecture": "arm", "features": "", "variant": "v7", "digest": "sha256:3572aa729e9e0447c4e5778f0e516ea09cc15163d9232d68e718c455db42a19a", "os": "linux", "os_features": "", "os_version": null, "size": 29740552, "status": "active", "last_pulled": "2024-01-12T00:03:43.733797Z", "last_pushed": null}], "last_updated": "2020-03-31T22:04:39.746014Z", "last_updater": 1156886, "last_updater_username": "doijanky", "name": "1.6.0", "repository": 810528, "full_size": 36249593, "v2": true, "tag_status": "active", "tag_last_pulled": "2024-01-18T01:34:42.216941Z", "tag_last_pushed": "2020-03-31T22:04:39.746014Z", "media_type": "application/vnd.docker.distribution.manifest.list.v2+json", "content_type": "image"}, {"creator": 2215, "id": 10472154, "images": [{"architecture": "arm", "features": "", "variant": "v6", "digest": "sha256:3ae91669334784f7b06ff519d1493b018d6b1946da07f9538b9ce403ba6a806c", "os": "linux", "os_features": "", "os_version": null, "size": 2647489, "status": "active", "last_pulled": "2024-01-12T00:03:44.78821Z", "last_pushed": null}, {"architecture": "arm64", "features": "", "variant": "v8", "digest": "sha256:20b57cf601ee060aeaf921435a00e6a82a6530d41dd56dcd9e39c61ff91f43ef", "os": "linux", "os_features": "", "os_version": null, "size": 2800460, "status": "active", "last_pulled": "2024-01-12T00:03:46.970187Z", "last_pushed": null}, {"architecture": "s390x", "features": "", "variant": null, "digest": "sha256:488a2de17ec852acfc64aaa85eda6f96d871735c6d4e81b7c623a708823f1618", "os": "linux", "os_features": "", "os_version": null, "size": 2654316, "status": "active", "last_pulled": "2024-01-12T00:03:45.021228Z", "last_pushed": null}, {"architecture": "arm", "features": "", "variant": "v7", "digest": "sha256:cf6bfcf29967c12ef7c3749eefef9078bd45f60bd4c88f76c983108a3d464f42", "os": "linux", "os_features": "", "os_version": null, "size": 2448253, "status": "active", "last_pulled": "2024-01-12T00:03:53.767147Z", "last_pushed": null}, {"architecture": "ppc64le", "features": "", "variant": null, "digest": "sha256:45fde12ba87e9485fa2492800f06b5be74389f0cf0479a9e332b6a5a7c39d354", "os": "linux", "os_features": "", "os_version": null, "size": 2905035, "status": "active", "last_pulled": "2024-01-12T00:03:46.972797Z", "last_pushed": null}, {"architecture": "386", "features": "", "variant": null, "digest": "sha256:5826ab876f6c3b2638e73f4c90a6dbc2dc0c21c314d21971465b298f7cd8b140", "os": "linux", "os_features": "", "os_version": null, "size": 2881614, "status": "active", "last_pulled": "2024-01-12T00:03:45.009849Z", "last_pushed": null}, {"architecture": "amd64", "features": "", "variant": null, "digest": "sha256:74ca5fed33829dc0f90af3a054ee92071c3c5978874ccbaeb5fd2b1ff9e8092f", "os": "linux", "os_features": "", "os_version": null, "size": 2874393, "status": "active", "last_pulled": "2024-01-18T01:34:46.022005Z", "last_pushed": null}], "last_updated": "2020-01-24T08:04:37.75597Z", "last_updater": 1156886, "last_updater_username": "doijanky", "name": "1.6.0-alpine", "repository": 810528, "full_size": 2874393, "v2": true, "tag_status": "active", "tag_last_pulled": "2024-01-18T01:34:46.022005Z", "tag_last_pushed": "2020-01-24T08:04:37.75597Z", "media_type": "application/vnd.docker.distribution.manifest.list.v2+json", "content_type": "image"}, {"creator": 621950, "id": 4036396, "images": [{"architecture": "amd64", "features": "", "variant": null, "digest": "sha256:50b2f340e483ffe47645f35eefb50de8de73b0a9685c56ad9a3ed2a8b7669158", "os": "linux", "os_features": "", "os_version": null, "size": 57038623, "status": "inactive", "last_pulled": null, "last_pushed": null}], "last_updated": "2017-04-25T22:02:02.034669Z", "last_updater": 2215, "last_updater_username": "stackbrew", "name": "1.5", "repository": 810528, "full_size": 57038623, "v2": true, "tag_status": "inactive", "tag_last_pulled": null, "tag_last_pushed": "2017-04-25T22:02:02.034669Z", "media_type": "application/vnd.docker.container.image.v1+json", "content_type": "image"}, {"creator": 621950, "id": 4036418, "images": [{"architecture": "amd64", "features": "", "variant": null, "digest": "sha256:50b2f340e483ffe47645f35eefb50de8de73b0a9685c56ad9a3ed2a8b7669158", "os": "linux", "os_features": "", "os_version": null, "size": 57038623, "status": "inactive", "last_pulled": null, "last_pushed": null}], "last_updated": "2017-04-25T22:01:43.574858Z", "last_updater": 2215, "last_updater_username": "stackbrew", "name": "1.5.0", "repository": 810528, "full_size": 57038623, "v2": true, "tag_status": "inactive", "tag_last_pulled": null, "tag_last_pushed": "2017-04-25T22:01:43.574858Z", "media_type": "application/vnd.docker.container.image.v1+json", "content_type": "image"}, {"creator": 621950, "id": 4036379, "images": [{"architecture": "amd64", "features": "", "variant": null, "digest": "sha256:61115d9e6f0b0d920994463f5f0d8fbeb50fa7139a31efbd978aaa07431bf132", "os": "linux", "os_features": "", "os_version": null, "size": 3216777, "status": "inactive", "last_pulled": null, "last_pushed": null}], "last_updated": "2017-03-04T06:08:01.543592Z", "last_updater": 2215, "last_updater_username": "stackbrew", "name": "1.5-alpine", "repository": 810528, "full_size": 3216777, "v2": true, "tag_status": "inactive", "tag_last_pulled": null, "tag_last_pushed": "2017-03-04T06:08:01.543592Z", "media_type": "application/vnd.docker.container.image.v1+json", "content_type": "image"}, {"creator": 621950, "id": 4036421, "images": [{"architecture": "amd64", "features": "", "variant": null, "digest": "sha256:61115d9e6f0b0d920994463f5f0d8fbeb50fa7139a31efbd978aaa07431bf132", "os": "linux", "os_features": "", "os_version": null, "size": 3216777, "status": "inactive", "last_pulled": null, "last_pushed": null}], "last_updated": "2017-03-04T06:07:43.655666Z", "last_updater": 2215, "last_updater_username": "stackbrew", "name": "1.5.0-alpine", "repository": 810528, "full_size": 3216777, "v2": true, "tag_status": "inactive", "tag_last_pulled": null, "tag_last_pushed": "2017-03-04T06:07:43.655666Z", "media_type": "application/vnd.docker.container.image.v1+json", "content_type": "image"}]