[{"creator": 2215, "id": 13960106, "images": [{"architecture": "amd64", "features": "", "variant": null, "digest": "sha256:285f284fb57a9683fb418a3b5321dfef59747519c4f0c9427c805e4fe045ad09", "os": "linux", "os_features": "", "os_version": null, "size": 151590587, "status": "active", "last_pulled": "2024-01-20T06:01:35.31789Z", "last_pushed": "2023-12-19T17:40:24.965925Z"}, {"architecture": "arm", "features": "", "variant": "v7", "digest": "sha256:dcdf742d75d77c2215c41d3c78a9b2e59ede76a67449202b10ea6841af7f8ba9", "os": "linux", "os_features": "", "os_version": null, "size": 82974243, "status": "active", "last_pulled": "2024-01-20T04:47:51.955697Z", "last_pushed": "2024-01-11T20:03:54.433593Z"}, {"architecture": "arm64", "features": "", "variant": "v8", "digest": "sha256:f880d86f7bc1d938b9728308a263cdf969437493cba79dcff344296b1083dce9", "os": "linux", "os_features": "", "os_version": null, "size": 94563061, "status": "active", "last_pulled": "2024-01-19T23:27:40.323633Z", "last_pushed": "2024-01-11T09:00:34.575395Z"}], "last_updated": "2024-01-11T20:04:00.997382Z", "last_updater": 1156886, "last_updater_username": "doijanky", "name": "latest", "repository": 1726832, "full_size": 151590587, "v2": true, "tag_status": "active", "tag_last_pulled": "2024-01-20T07:46:35.140858Z", "tag_last_pushed": "2024-01-11T20:04:00.997382Z", "media_type": "application/vnd.docker.distribution.manifest.list.v2+json", "content_type": "image", "digest": "sha256:f8fc8ce2a340ba1604c6b3ad1301a4b6a41035df18cc5d47889714c568949de5"}, {"creator": 1156886, "id": 571228135, "images": [{"architecture": "arm", "features": "", "variant": "v7", "digest": "sha256:dcdf742d75d77c2215c41d3c78a9b2e59ede76a67449202b10ea6841af7f8ba9", "os": "linux", "os_features": "", "os_version": null, "size": 82974243, "status": "active", "last_pulled": "2024-01-20T04:47:51.955697Z", "last_pushed": "2024-01-11T20:03:54.433593Z"}, {"architecture": "arm64", "features": "", "variant": "v8", "digest": "sha256:f880d86f7bc1d938b9728308a263cdf969437493cba79dcff344296b1083dce9", "os": "linux", "os_features": "", "os_version": null, "size": 94563061, "status": "active", "last_pulled": "2024-01-19T23:27:40.323633Z", "last_pushed": "2024-01-11T09:00:34.575395Z"}], "last_updated": "2024-01-11T20:03:56.839965Z", "last_updater": 1156886, "last_updater_username": "doijanky", "name": "9.1.21", "repository": 1726832, "full_size": 82974243, "v2": true, "tag_status": "active", "tag_last_pulled": "2024-01-20T07:46:33.40542Z", "tag_last_pushed": "2024-01-11T20:03:56.839965Z", "media_type": "application/vnd.docker.distribution.manifest.list.v2+json", "content_type": "image", "digest": "sha256:cbe9f85766dc9fac462179c424f05e845a8aab430cbb40aeb92de5f59db97ea1"}, {"creator": 1156886, "id": 16564084, "images": [{"architecture": "amd64", "features": "", "variant": null, "digest": "sha256:cb47263a709feab14310d172dd596e97fc187fdc9ca4a30d402a431b0b092e6c", "os": "linux", "os_features": "", "os_version": null, "size": 78797089, "status": "active", "last_pulled": "2024-01-20T00:15:49.271411Z", "last_pushed": "2024-01-11T15:36:22.62035Z"}, {"architecture": "arm", "features": "", "variant": "v7", "digest": "sha256:6b6316626b5354e85a71f557a60a5dee52a6ff373c4cee4c6f95185fbdae0703", "os": "linux", "os_features": "", "os_version": null, "size": 66621414, "status": "active", "last_pulled": "2024-01-19T23:59:38.089786Z", "last_pushed": "2022-11-16T09:51:58.583295Z"}, {"architecture": "arm64", "features": "", "variant": "v8", "digest": "sha256:daeb06302497590d2bb3555432162d839ef565b5d31f01b90b5f067f5aacb531", "os": "linux", "os_features": "", "os_version": null, "size": 76039801, "status": "active", "last_pulled": "2024-01-20T06:48:24.69521Z", "last_pushed": "2024-01-11T09:00:17.30052Z"}], "last_updated": "2024-01-11T15:36:34.644187Z", "last_updater": 1156886, "last_updater_username": "doijanky", "name": "stable", "repository": 1726832, "full_size": 78797089, "v2": true, "tag_status": "active", "tag_last_pulled": "2024-01-20T07:46:36.338923Z", "tag_last_pushed": "2024-01-11T15:36:34.644187Z", "media_type": "application/vnd.docker.distribution.manifest.list.v2+json", "content_type": "image", "digest": "sha256:6b924d5a49473f31c4ac85e5d2afdd17c365bdc723b953456b6bde3b021e851a"}, {"creator": 1156886, "id": 375877072, "images": [{"architecture": "amd64", "features": "", "variant": null, "digest": "sha256:cb47263a709feab14310d172dd596e97fc187fdc9ca4a30d402a431b0b092e6c", "os": "linux", "os_features": "", "os_version": null, "size": 78797089, "status": "active", "last_pulled": "2024-01-20T00:15:49.271411Z", "last_pushed": "2024-01-11T15:36:22.62035Z"}, {"architecture": "arm64", "features": "", "variant": "v8", "digest": "sha256:daeb06302497590d2bb3555432162d839ef565b5d31f01b90b5f067f5aacb531", "os": "linux", "os_features": "", "os_version": null, "size": 76039801, "status": "active", "last_pulled": "2024-01-20T06:48:24.69521Z", "last_pushed": "2024-01-11T09:00:17.30052Z"}], "last_updated": "2024-01-11T15:36:25.514156Z", "last_updater": 1156886, "last_updater_username": "doijanky", "name": "9.0.4", "repository": 1726832, "full_size": 78797089, "v2": true, "tag_status": "active", "tag_last_pulled": "2024-01-20T07:46:30.960246Z", "tag_last_pushed": "2024-01-11T15:36:25.514156Z", "media_type": "application/vnd.docker.distribution.manifest.list.v2+json", "content_type": "image", "digest": "sha256:8d9f041f11f48afcaaf902069d4426dde66072093e5db00ebd671a741d55738b"}, {"creator": 1156886, "id": 550438416, "images": [{"architecture": "amd64", "features": "", "variant": null, "digest": "sha256:e492ef1ba7494271bb54c493c5e1576ab54bb3fdcfc330b1cfe35b3fefe0bbb9", "os": "linux", "os_features": "", "os_version": null, "size": 151590905, "status": "active", "last_pulled": "2024-01-19T18:20:04.916774Z", "last_pushed": "2023-11-21T20:54:18.915334Z"}, {"architecture": "arm", "features": "", "variant": "v7", "digest": "sha256:fc82aa4dacf8f7dde22173b5321ff409f7be4dc167bb3cd0459dd31d572be675", "os": "linux", "os_features": "", "os_version": null, "size": 121282033, "status": "active", "last_pulled": "2024-01-12T00:03:42.152466Z", "last_pushed": "2023-12-19T15:12:17.299316Z"}, {"architecture": "arm64", "features": "", "variant": "v8", "digest": "sha256:51ab21476e52b7ca0b5c2d844ddb7575caac257970d943b013365e43b304be27", "os": "linux", "os_features": "", "os_version": null, "size": 145137317, "status": "active", "last_pulled": "2024-01-12T00:05:54.779562Z", "last_pushed": "2023-12-19T11:38:13.087236Z"}], "last_updated": "2023-12-19T15:12:19.938264Z", "last_updater": 1156886, "last_updater_username": "doijanky", "name": "9.1.19", "repository": 1726832, "full_size": 151590905, "v2": true, "tag_status": "active", "tag_last_pulled": "2024-01-19T18:20:04.916774Z", "tag_last_pushed": "2023-12-19T15:12:19.938264Z", "media_type": "application/vnd.docker.distribution.manifest.list.v2+json", "content_type": "image", "digest": "sha256:c20c6ba701241734f5e8c41cf25c3d936c7fda9e3949fccc5e84e96c08fadbb4"}, {"creator": 1156886, "id": 532147351, "images": [{"architecture": "amd64", "features": "", "variant": null, "digest": "sha256:a1a360a7b0ddeb563120c132ba47bd3bdd736cfc7f903ed52a10d8548e881502", "os": "linux", "os_features": "", "os_version": null, "size": 151543237, "status": "active", "last_pulled": "2024-01-18T06:34:16.221853Z", "last_pushed": "2023-11-01T18:23:10.580023Z"}, {"architecture": "arm", "features": "", "variant": "v7", "digest": "sha256:cb96b2b54e90624c7d0bc77c6d742b9000be3eace44e1f072c5216a0814b64e1", "os": "linux", "os_features": "", "os_version": null, "size": 121254945, "status": "active", "last_pulled": "2024-01-12T00:03:56.607087Z", "last_pushed": "2023-11-01T04:29:18.878909Z"}, {"architecture": "arm64", "features": "", "variant": "v8", "digest": "sha256:11ff1f7d5b0a47b125afc96bf5760456897c2fb9ab478e7163a4adaf9b394f1d", "os": "linux", "os_features": "", "os_version": null, "size": 145102233, "status": "active", "last_pulled": "2024-01-12T00:03:45.051871Z", "last_pushed": "2023-11-01T02:07:52.630721Z"}], "last_updated": "2023-11-01T18:23:13.63003Z", "last_updater": 1156886, "last_updater_username": "doijanky", "name": "9.1.17", "repository": 1726832, "full_size": 151543237, "v2": true, "tag_status": "active", "tag_last_pulled": "2024-01-18T09:48:30.534117Z", "tag_last_pushed": "2023-11-01T18:23:13.63003Z", "media_type": "application/vnd.docker.distribution.manifest.list.v2+json", "content_type": "image", "digest": "sha256:cdb3f5e5452bcc305389a3a10d4231c33f86df8c53bda54005daa2c9c29d6a10"}, {"creator": 1156886, "id": 495633693, "images": [{"architecture": "amd64", "features": "", "variant": null, "digest": "sha256:78a316a191f07352655d7f79256369d6a361c53aba44090ddc4d577da7760354", "os": "linux", "os_features": "", "os_version": null, "size": 151424344, "status": "active", "last_pulled": "2024-01-18T06:34:14.047675Z", "last_pushed": "2023-10-11T22:36:13.768377Z"}, {"architecture": "arm", "features": "", "variant": "v7", "digest": "sha256:2852e911839041e4169df59e94fd0c1bdab1c8509502bacd9295c6416acdb0af", "os": "linux", "os_features": "", "os_version": null, "size": 121132329, "status": "active", "last_pulled": "2024-01-12T00:03:45.209092Z", "last_pushed": "2023-10-12T04:56:28.505195Z"}, {"architecture": "arm64", "features": "", "variant": "v8", "digest": "sha256:7b9a590423106b0231a8984203dfd59cfa7d766737345dedefc4659fb8c82f07", "os": "linux", "os_features": "", "os_version": null, "size": 144978138, "status": "active", "last_pulled": "2024-01-12T00:03:44.275148Z", "last_pushed": "2023-10-12T13:29:54.27958Z"}], "last_updated": "2023-10-12T13:29:56.66642Z", "last_updater": 1156886, "last_updater_username": "doijanky", "name": "9.1.14", "repository": 1726832, "full_size": 151424344, "v2": true, "tag_status": "active", "tag_last_pulled": "2024-01-18T06:34:14.047675Z", "tag_last_pushed": "2023-10-12T13:29:56.66642Z", "media_type": "application/vnd.docker.distribution.manifest.list.v2+json", "content_type": "image", "digest": "sha256:03bfd0fa972a0552f361d951a31d5f81c438a8e24d51bf6cc863af267454ff42"}, {"creator": 1156886, "id": 489389625, "images": [{"architecture": "amd64", "features": "", "variant": null, "digest": "sha256:2cc712a8eafb909da0863ca0f525e15d19e9d333b707a2d9d2bb1cda1a72a872", "os": "linux", "os_features": "", "os_version": null, "size": 96769608, "status": "active", "last_pulled": "2024-01-18T06:34:11.746695Z", "last_pushed": "2023-08-16T15:28:30.68448Z"}, {"architecture": "arm", "features": "", "variant": "v7", "digest": "sha256:0c236c3bbad90de300fd133aba06c70becc3e727746a04ee0cc47253b595e163", "os": "linux", "os_features": "", "os_version": null, "size": 83033344, "status": "active", "last_pulled": "2024-01-12T00:03:47.680981Z", "last_pushed": "2023-08-16T15:50:41.421688Z"}, {"architecture": "arm64", "features": "", "variant": "v8", "digest": "sha256:216e1d39b6b41a12dfa73e5a91b305cb4268307ddb8e6faae635bfde09fdf622", "os": "linux", "os_features": "", "os_version": null, "size": 94024350, "status": "active", "last_pulled": "2024-01-12T00:03:47.312679Z", "last_pushed": "2023-08-16T10:28:20.518098Z"}], "last_updated": "2023-08-16T15:50:43.98699Z", "last_updater": 1156886, "last_updater_username": "doijanky", "name": "9.1.13", "repository": 1726832, "full_size": 96769608, "v2": true, "tag_status": "active", "tag_last_pulled": "2024-01-18T06:34:11.746695Z", "tag_last_pushed": "2023-08-16T15:50:43.98699Z", "media_type": "application/vnd.docker.distribution.manifest.list.v2+json", "content_type": "image", "digest": "sha256:e549a76629612b27dca02ba418699d806ba1a66c1aeffd0dc705553e3cc15751"}, {"creator": 1156886, "id": 468119365, "images": [{"architecture": "amd64", "features": "", "variant": null, "digest": "sha256:7179296acd678cb7bf488ead437d7ab99355152706576673f857ea1a3e5bbb22", "os": "linux", "os_features": "", "os_version": null, "size": 78945818, "status": "active", "last_pulled": "2024-01-18T06:34:09.763127Z", "last_pushed": "2023-07-28T16:03:10.438458Z"}, {"architecture": "arm", "features": "", "variant": "v7", "digest": "sha256:dda1494af90fb392ac537be18e0c0e36a25d63301969bf5989d56dfb124a07fb", "os": "linux", "os_features": "", "os_version": null, "size": 67082645, "status": "active", "last_pulled": "2024-01-12T00:03:52.442145Z", "last_pushed": "2023-07-28T19:32:09.593087Z"}, {"architecture": "arm64", "features": "", "variant": "v8", "digest": "sha256:41b32b43f1bb4fb1b72630901df32ed76e7b2dce554aec98b0c999dc32d6c972", "os": "linux", "os_features": "", "os_version": null, "size": 76185300, "status": "active", "last_pulled": "2024-01-12T00:03:49.851243Z", "last_pushed": "2023-07-28T01:48:01.447776Z"}], "last_updated": "2023-07-28T19:32:12.493708Z", "last_updater": 1156886, "last_updater_username": "doijanky", "name": "9.1.11", "repository": 1726832, "full_size": 78945818, "v2": true, "tag_status": "active", "tag_last_pulled": "2024-01-18T09:48:37.599027Z", "tag_last_pushed": "2023-07-28T19:32:12.493708Z", "media_type": "application/vnd.docker.distribution.manifest.list.v2+json", "content_type": "image", "digest": "sha256:bfdc01026f558bbf3237ef4e0836f62d2caba5b9f9d6a222386d82be98812ff3"}, {"creator": 1156886, "id": 442186942, "images": [{"architecture": "amd64", "features": "", "variant": null, "digest": "sha256:e9019e8f27a830ecc9e0a50a1d95062e3da520f9f83364689a3c5dc470384d04", "os": "linux", "os_features": "", "os_version": null, "size": 78919459, "status": "active", "last_pulled": "2024-01-18T06:34:07.844044Z", "last_pushed": "2023-06-13T17:12:24.446905Z"}, {"architecture": "arm", "features": "", "variant": "v7", "digest": "sha256:36f9cf8bb6b42efc93441e2a1fa090123d431f695ec840e814389f741fdb2021", "os": "linux", "os_features": "", "os_version": null, "size": 67055836, "status": "active", "last_pulled": "2024-01-12T00:03:42.642283Z", "last_pushed": "2023-06-13T05:40:14.46172Z"}, {"architecture": "arm64", "features": "", "variant": "v8", "digest": "sha256:bae8fd15db32a21e979f0c4b439ecd6131875927038ba1ed40461d3f2fb90a02", "os": "linux", "os_features": "", "os_version": null, "size": 76161849, "status": "active", "last_pulled": "2024-01-12T00:03:50.759201Z", "last_pushed": "2023-06-13T14:30:41.191325Z"}], "last_updated": "2023-06-13T17:12:26.887895Z", "last_updater": 1156886, "last_updater_username": "doijanky", "name": "9.1.10", "repository": 1726832, "full_size": 78919459, "v2": true, "tag_status": "active", "tag_last_pulled": "2024-01-18T09:48:51.802048Z", "tag_last_pushed": "2023-06-13T17:12:26.887895Z", "media_type": "application/vnd.docker.distribution.manifest.list.v2+json", "content_type": "image", "digest": "sha256:9655d39c0886775f22263b280e1cf08d1242b3a03fa397dce459d33985f162b9"}, {"creator": 1156886, "id": 431743236, "images": [{"architecture": "amd64", "features": "", "variant": null, "digest": "sha256:72fb3d734e4b272ac9917b858ec72318299645fd2bab5b8ec7174615a4f17e0b", "os": "linux", "os_features": "", "os_version": null, "size": 78910140, "status": "active", "last_pulled": "2024-01-18T06:34:29.341998Z", "last_pushed": "2023-05-03T22:56:58.477654Z"}, {"architecture": "arm", "features": "", "variant": "v7", "digest": "sha256:975ff3cad117c32ea811f7ee374e4085ff03907d5e6fe9e1840b05a57d206f1d", "os": "linux", "os_features": "", "os_version": null, "size": 67036533, "status": "active", "last_pulled": "2024-01-12T00:03:56.963162Z", "last_pushed": "2023-05-03T21:49:14.708092Z"}, {"architecture": "arm64", "features": "", "variant": "v8", "digest": "sha256:fb8053b64b878719e1b6f42f7b5ba71228f89d44847a18a732432cb31650d237", "os": "linux", "os_features": "", "os_version": null, "size": 76151702, "status": "active", "last_pulled": "2024-01-12T00:03:43.197546Z", "last_pushed": "2023-05-03T19:50:30.324662Z"}], "last_updated": "2023-05-03T22:57:00.681563Z", "last_updater": 1156886, "last_updater_username": "doijanky", "name": "9.1.9", "repository": 1726832, "full_size": 78910140, "v2": true, "tag_status": "active", "tag_last_pulled": "2024-01-18T09:49:00.930193Z", "tag_last_pushed": "2023-05-03T22:57:00.681563Z", "media_type": "application/vnd.docker.distribution.manifest.list.v2+json", "content_type": "image", "digest": "sha256:b88b457a87aea2d9f93bf20a56feb794774507eeb3e5e93e2d4e9a49fbd5882b"}, {"creator": 1156886, "id": 409615388, "images": [{"architecture": "amd64", "features": "", "variant": null, "digest": "sha256:af84475c7159caf3615426b64d1867add86fad8f2eeba58ce741a9747d372e37", "os": "linux", "os_features": "", "os_version": null, "size": 78884332, "status": "active", "last_pulled": "2024-01-18T06:34:27.428238Z", "last_pushed": "2023-04-12T11:12:22.144904Z"}, {"architecture": "arm", "features": "", "variant": "v7", "digest": "sha256:1cf48198ce15da30daf616ab9bdea64ebd030dc4870eb5f0d1cb5446d0ed36db", "os": "linux", "os_features": "", "os_version": null, "size": 67021261, "status": "active", "last_pulled": "2024-01-12T00:03:42.89641Z", "last_pushed": "2023-04-12T08:48:49.568256Z"}, {"architecture": "arm64", "features": "", "variant": "v8", "digest": "sha256:0f6b31bd4cdd473c2ce55c64bbf241cfa196db8e5e5f058e949ae64d2c16908d", "os": "linux", "os_features": "", "os_version": null, "size": 76130142, "status": "active", "last_pulled": "2024-01-12T00:03:42.597033Z", "last_pushed": "2023-04-12T04:52:28.760538Z"}], "last_updated": "2023-04-12T11:12:24.413782Z", "last_updater": 1156886, "last_updater_username": "doijanky", "name": "9.1.8", "repository": 1726832, "full_size": 78884332, "v2": true, "tag_status": "active", "tag_last_pulled": "2024-01-20T00:14:49.583292Z", "tag_last_pushed": "2023-04-12T11:12:24.413782Z", "media_type": "application/vnd.docker.distribution.manifest.list.v2+json", "content_type": "image", "digest": "sha256:bb1398fd10eb882cc7b1710db9e01c7926aee3c3d4688cbeae030e53fd2b6142"}, {"creator": 1156886, "id": 386631075, "images": [{"architecture": "amd64", "features": "", "variant": null, "digest": "sha256:fd082caeffe19456514154d2d4e3c5a6aaaeae3558b5f2a83f24889a8bf3fed5", "os": "linux", "os_features": "", "os_version": null, "size": 78825812, "status": "active", "last_pulled": "2024-01-19T11:19:03.07594Z", "last_pushed": "2023-03-23T15:07:18.079193Z"}, {"architecture": "arm64", "features": "", "variant": "v8", "digest": "sha256:a07b3ba6e9f6843b6624b09ff0c14986f8c0033516074e8cbd0a17a64405d3b7", "os": "linux", "os_features": "", "os_version": null, "size": 76069492, "status": "active", "last_pulled": "2024-01-19T11:19:03.12744Z", "last_pushed": "2023-03-23T07:03:08.730305Z"}], "last_updated": "2023-03-23T15:07:20.13134Z", "last_updater": 1156886, "last_updater_username": "doijanky", "name": "9.1.5", "repository": 1726832, "full_size": 78825812, "v2": true, "tag_status": "active", "tag_last_pulled": "2024-01-19T11:19:03.12744Z", "tag_last_pushed": "2023-03-23T15:07:20.13134Z", "media_type": "application/vnd.docker.distribution.manifest.list.v2+json", "content_type": "image", "digest": "sha256:0144726879f6102e7f02dd619d479951a7d2bf89bcf16203febe9ac55c9c296b"}, {"creator": 1156886, "id": 375877121, "images": [{"architecture": "amd64", "features": "", "variant": null, "digest": "sha256:7833dcaa4d094c09fcb8c669c0b2e2114d55d523a6469855b1937212d8b0c382", "os": "linux", "os_features": "", "os_version": null, "size": 78803650, "status": "active", "last_pulled": "2024-01-18T06:34:21.80285Z", "last_pushed": "2023-02-09T11:45:12.449798Z"}, {"architecture": "arm64", "features": "", "variant": "v8", "digest": "sha256:69ac00dec47ee29f1df51ad98a9a3b8689dfece945a1110c54d8ed58a79cb984", "os": "linux", "os_features": "", "os_version": null, "size": 76048189, "status": "active", "last_pulled": "2024-01-12T00:03:44.067124Z", "last_pushed": "2023-02-09T13:53:01.00766Z"}], "last_updated": "2023-02-09T13:53:03.509175Z", "last_updater": 1156886, "last_updater_username": "doijanky", "name": "9.1.4", "repository": 1726832, "full_size": 78803650, "v2": true, "tag_status": "active", "tag_last_pulled": "2024-01-18T06:34:21.80285Z", "tag_last_pushed": "2023-02-09T13:53:03.509175Z", "media_type": "application/vnd.docker.distribution.manifest.list.v2+json", "content_type": "image", "digest": "sha256:37ef14d34ade27ad6c36e21213739341acab423441e651688906103f5bdf1df0"}, {"creator": 1156886, "id": 344427098, "images": [{"architecture": "amd64", "features": "", "variant": null, "digest": "sha256:8dda4904ef5d5da5bc520114f7bdf3930bfdef264d0c0573aeedff26bd01c00a", "os": "linux", "os_features": "", "os_version": null, "size": 78751028, "status": "active", "last_pulled": "2024-01-18T06:34:05.20723Z", "last_pushed": "2023-01-11T18:04:16.796619Z"}, {"architecture": "arm64", "features": "", "variant": "v8", "digest": "sha256:6034c0546e1edb3942ffaca1f068b12383ee67724afdbfcbdddbd25835245fc9", "os": "linux", "os_features": "", "os_version": null, "size": 76001491, "status": "active", "last_pulled": "2024-01-12T00:03:58.422272Z", "last_pushed": "2023-01-11T15:12:24.982663Z"}], "last_updated": "2023-01-11T18:04:19.329399Z", "last_updater": 1156886, "last_updater_username": "doijanky", "name": "9.1.1", "repository": 1726832, "full_size": 78751028, "v2": true, "tag_status": "active", "tag_last_pulled": "2024-01-18T09:49:06.866748Z", "tag_last_pushed": "2023-01-11T18:04:19.329399Z", "media_type": "application/vnd.docker.distribution.manifest.list.v2+json", "content_type": "image", "digest": "sha256:59d1b290f990c1097f0e79bd44f3db9c04bd312a911fe3965f8d5b14ea3cf55e"}, {"creator": 1156886, "id": 343647207, "images": [{"architecture": "amd64", "features": "", "variant": null, "digest": "sha256:5f9029f13b935f784ab36957de053aa0421c54edee8b5a473615b6caaa13fe49", "os": "linux", "os_features": "", "os_version": null, "size": 78751430, "status": "active", "last_pulled": "2024-01-20T07:24:04.598508Z", "last_pushed": "2023-01-11T18:04:07.825527Z"}, {"architecture": "arm64", "features": "", "variant": "v8", "digest": "sha256:7996f397482cb8eefae2cf1256a7897e6c8558038dc64ed9c393a0841051889e", "os": "linux", "os_features": "", "os_version": null, "size": 76000869, "status": "active", "last_pulled": "2024-01-12T00:03:46.632938Z", "last_pushed": "2023-01-11T15:12:16.311544Z"}], "last_updated": "2023-01-11T18:04:10.534831Z", "last_updater": 1156886, "last_updater_username": "doijanky", "name": "9.0.2", "repository": 1726832, "full_size": 78751430, "v2": true, "tag_status": "active", "tag_last_pulled": "2024-01-20T07:24:04.598508Z", "tag_last_pushed": "2023-01-11T18:04:10.534831Z", "media_type": "application/vnd.docker.distribution.manifest.list.v2+json", "content_type": "image", "digest": "sha256:be9ae4570b6ff68725ce201d9ca55ebdf1bf683e76dab92b3b0ce6eda55d2db3"}, {"creator": 1156886, "id": 336803056, "images": [{"architecture": "amd64", "features": "", "variant": null, "digest": "sha256:c03744873cb3b23f86311fb4239b4a2c00fef05e8477452aa49e3d246ea32330", "os": "linux", "os_features": "", "os_version": null, "size": 78759497, "status": "active", "last_pulled": "2024-01-18T06:33:53.979632Z", "last_pushed": "2022-12-06T08:36:34.126165Z"}, {"architecture": "arm64", "features": "", "variant": "v8", "digest": "sha256:d741065db93b9f14d816e0a87a164a766ac509d444107de88970cef30cf3f103", "os": "linux", "os_features": "", "os_version": null, "size": 76010996, "status": "active", "last_pulled": "2024-01-12T00:03:42.98811Z", "last_pushed": "2022-12-06T14:03:43.974929Z"}], "last_updated": "2022-12-06T14:03:46.2293Z", "last_updater": 1156886, "last_updater_username": "doijanky", "name": "9.0.0", "repository": 1726832, "full_size": 78759497, "v2": true, "tag_status": "active", "tag_last_pulled": "2024-01-18T06:33:53.979632Z", "tag_last_pushed": "2022-12-06T14:03:46.2293Z", "media_type": "application/vnd.docker.distribution.manifest.list.v2+json", "content_type": "image", "digest": "sha256:826fad2a48ee838556a24af8a2af2ac788a56878297f2dde82689b1c5546c101"}, {"creator": 1156886, "id": 311913671, "images": [{"architecture": "amd64", "features": "", "variant": null, "digest": "sha256:cb449ee89993fa92d2a78f57721796ec41a634b166134a83507fe03a85964f36", "os": "linux", "os_features": "", "os_version": null, "size": 78754227, "status": "active", "last_pulled": "2024-01-18T06:33:41.864729Z", "last_pushed": "2022-12-06T08:36:26.459605Z"}, {"architecture": "arm64", "features": "", "variant": "v8", "digest": "sha256:06e60bf382f6813006e377cf9f3372faaf74a96b97916df922cf09145621023c", "os": "linux", "os_features": "", "os_version": null, "size": 76002186, "status": "active", "last_pulled": "2024-01-12T00:03:52.973794Z", "last_pushed": "2022-12-06T14:03:36.03376Z"}], "last_updated": "2022-12-06T14:03:38.466993Z", "last_updater": 1156886, "last_updater_username": "doijanky", "name": "8.5.20", "repository": 1726832, "full_size": 78754227, "v2": true, "tag_status": "active", "tag_last_pulled": "2024-01-18T06:33:41.864729Z", "tag_last_pushed": "2022-12-06T14:03:38.466993Z", "media_type": "application/vnd.docker.distribution.manifest.list.v2+json", "content_type": "image", "digest": "sha256:7b95616c8380f03821631ec2faf57f2fda1223ef94270af3a1e57c741851fd4b"}, {"creator": 1156886, "id": 191805853, "images": [{"architecture": "amd64", "features": "", "variant": null, "digest": "sha256:614eba6b184e1ef9baee033b23cec339c58da4718de11a0a36157c920b5edac6", "os": "linux", "os_features": "", "os_version": null, "size": 77450165, "status": "active", "last_pulled": "2024-01-18T06:33:27.363302Z", "last_pushed": "2022-11-15T18:55:31.390971Z"}, {"architecture": "arm", "features": "", "variant": "v7", "digest": "sha256:6b6316626b5354e85a71f557a60a5dee52a6ff373c4cee4c6f95185fbdae0703", "os": "linux", "os_features": "", "os_version": null, "size": 66621414, "status": "active", "last_pulled": "2024-01-19T23:59:38.089786Z", "last_pushed": "2022-11-16T09:51:58.583295Z"}, {"architecture": "arm64", "features": "", "variant": "v8", "digest": "sha256:13ce207ce50433406418534296c90184460345c847b1fc88609976a8cf11fd1e", "os": "linux", "os_features": "", "os_version": null, "size": 74748277, "status": "active", "last_pulled": "2024-01-12T00:03:56.98481Z", "last_pushed": "2022-11-15T11:53:21.194918Z"}], "last_updated": "2022-11-16T09:52:00.583689Z", "last_updater": 1156886, "last_updater_username": "doijanky", "name": "8.4.2", "repository": 1726832, "full_size": 77450165, "v2": true, "tag_status": "active", "tag_last_pulled": "2024-01-19T23:59:38.089786Z", "tag_last_pushed": "2022-11-16T09:52:00.583689Z", "media_type": "application/vnd.docker.distribution.manifest.list.v2+json", "content_type": "image", "digest": "sha256:04afc3364302861b3abcd6ae5a66fd8c902e2a392c3b25569a239043a5bab801"}, {"creator": 1156886, "id": 293423348, "images": [{"architecture": "amd64", "features": "", "variant": null, "digest": "sha256:ed442993ff1a867aa27004719a76ff541d0d97509ebdc2baa730783233713e71", "os": "linux", "os_features": "", "os_version": null, "size": 78706477, "status": "active", "last_pulled": "2024-01-18T06:33:35.988578Z", "last_pushed": "2022-10-05T12:33:47.037267Z"}, {"architecture": "arm64", "features": "", "variant": "v8", "digest": "sha256:17afbe31d7914abdb714c8578823cf3c35aab7614554fc3c3c6fc71802d453e2", "os": "linux", "os_features": "", "os_version": null, "size": 75728310, "status": "active", "last_pulled": "2024-01-12T00:03:42.025579Z", "last_pushed": "2022-10-05T15:48:38.030323Z"}], "last_updated": "2022-10-05T15:48:40.284019Z", "last_updater": 1156886, "last_updater_username": "doijanky", "name": "8.5.17", "repository": 1726832, "full_size": 78706477, "v2": true, "tag_status": "active", "tag_last_pulled": "2024-01-18T06:33:35.988578Z", "tag_last_pushed": "2022-10-05T15:48:40.284019Z", "media_type": "application/vnd.docker.distribution.manifest.list.v2+json", "content_type": "image", "digest": "sha256:c3e93df9d55216f9ab007aad0fe2b797ec156e2b2b282f27e78b628511fbafe7"}, {"creator": 1156886, "id": 201896822, "images": [{"architecture": "amd64", "features": "", "variant": null, "digest": "sha256:34e0ad04a17ae6f963d6bebeab200e0f1900ab1f1b5d643be773ea0b2e4f9309", "os": "linux", "os_features": "", "os_version": null, "size": 77613548, "status": "active", "last_pulled": "2024-01-18T06:33:31.728367Z", "last_pushed": "2022-09-13T13:29:33.577514Z"}, {"architecture": "arm", "features": "", "variant": "v7", "digest": "sha256:1394a00e683ab8b93b52a4dc09b52ace84819155a0cb177b1cee965ed3d545f3", "os": "linux", "os_features": "", "os_version": null, "size": 66769543, "status": "active", "last_pulled": "2024-01-12T00:03:44.304185Z", "last_pushed": "2022-09-14T02:34:06.538082Z"}, {"architecture": "arm64", "features": "", "variant": "v8", "digest": "sha256:e367a3e687620ce06caa7321bab19284f2d4236c708660bbbf6511e9649f9d36", "os": "linux", "os_features": "", "os_version": null, "size": 74682767, "status": "active", "last_pulled": "2024-01-12T00:03:44.06269Z", "last_pushed": "2022-09-13T13:58:57.801838Z"}], "last_updated": "2022-09-14T02:34:08.784279Z", "last_updater": 1156886, "last_updater_username": "doijanky", "name": "8.5.10", "repository": 1726832, "full_size": 77613548, "v2": true, "tag_status": "active", "tag_last_pulled": "2024-01-18T06:33:31.728367Z", "tag_last_pushed": "2022-09-14T02:34:08.784279Z", "media_type": "application/vnd.docker.distribution.manifest.list.v2+json", "content_type": "image", "digest": "sha256:e529d26ef9f658a829df771f62369023d41a0323b90288c73c7f54e8092e194e"}, {"creator": 1156886, "id": 186168758, "images": [{"architecture": "amd64", "features": "", "variant": null, "digest": "sha256:1c3d048a3cde37785968f7845a4a7964eb1521082a27f03fc2787f5101a3200b", "os": "linux", "os_features": "", "os_version": null, "size": 70287203, "status": "active", "last_pulled": "2024-01-18T06:33:49.647852Z", "last_pushed": "2022-03-29T20:01:16.383436Z"}, {"architecture": "arm", "features": "", "variant": "v7", "digest": "sha256:f9b0fe937487ca1145f599fd0b54da6767a53263f34b8ca3d5438123c2b3f149", "os": "linux", "os_features": "", "os_version": null, "size": 59714835, "status": "active", "last_pulled": "2024-01-12T00:03:50.717807Z", "last_pushed": "2022-03-31T03:45:41.998917Z"}, {"architecture": "arm64", "features": "", "variant": "v8", "digest": "sha256:4bb34c39c01983696e9d068f0e121b1cd62475fa3e2fd10fb8cbd50e216581d2", "os": "linux", "os_features": "", "os_version": null, "size": 67690880, "status": "active", "last_pulled": "2024-01-12T00:03:46.828136Z", "last_pushed": "2022-03-30T06:09:07.186834Z"}], "last_updated": "2022-03-31T03:45:44.203515Z", "last_updater": 1156886, "last_updater_username": "doijanky", "name": "8.5.5", "repository": 1726832, "full_size": 70287203, "v2": true, "tag_status": "active", "tag_last_pulled": "2024-01-18T06:33:49.647852Z", "tag_last_pushed": "2022-03-31T03:45:44.203515Z", "media_type": "application/vnd.docker.distribution.manifest.list.v2+json", "content_type": "image"}, {"creator": 1156886, "id": 177930914, "images": [{"architecture": "arm64", "features": "", "variant": "v8", "digest": "sha256:7f81813c3c5398cd0aeb3d0aa174b6d734cadd1fe425b325ee632ed32c5e6026", "os": "linux", "os_features": "", "os_version": null, "size": 67615779, "status": "active", "last_pulled": "2024-01-12T00:03:44.085121Z", "last_pushed": "2022-01-26T09:34:59.10683Z"}, {"architecture": "arm", "features": "", "variant": "v7", "digest": "sha256:5b1d65cb045463a999a1d65cdc95b751b648c56b942ab139f4c7690d9a3363c2", "os": "linux", "os_features": "", "os_version": null, "size": 59645066, "status": "active", "last_pulled": "2024-01-12T00:03:45.218251Z", "last_pushed": "2022-01-26T12:12:17.778231Z"}, {"architecture": "amd64", "features": "", "variant": null, "digest": "sha256:fb0192a1ee66bbabdbb1ca0741f29ad900ff31589d941c4236330de204dad1b3", "os": "linux", "os_features": "", "os_version": null, "size": 70209424, "status": "active", "last_pulled": "2024-01-18T06:33:22.866206Z", "last_pushed": "2022-01-27T03:35:54.377351Z"}], "last_updated": "2022-01-27T03:35:56.238692Z", "last_updater": 1156886, "last_updater_username": "doijanky", "name": "8.4.1", "repository": 1726832, "full_size": 70209424, "v2": true, "tag_status": "active", "tag_last_pulled": "2024-01-18T06:33:22.866206Z", "tag_last_pushed": "2022-01-27T03:35:56.238692Z", "media_type": "application/vnd.docker.distribution.manifest.list.v2+json", "content_type": "image"}, {"creator": 1156886, "id": 179954631, "images": [{"architecture": "arm", "features": "", "variant": "v7", "digest": "sha256:1e43c69dd9c5211f732adab9ad21f0a9e19f23c9247963a052b859fd1c322bd2", "os": "linux", "os_features": "", "os_version": null, "size": 59663062, "status": "active", "last_pulled": "2024-01-12T00:03:48.012333Z", "last_pushed": "2021-12-22T05:52:56.869372Z"}, {"architecture": "arm64", "features": "", "variant": "v8", "digest": "sha256:c0ff8c60ad71ddf619cdeaf4fc8f956e56808c6fb22c30ab94b2f99d3480cde4", "os": "linux", "os_features": "", "os_version": null, "size": 67627598, "status": "active", "last_pulled": "2024-01-12T00:03:42.652765Z", "last_pushed": "2021-12-21T10:43:18.66004Z"}, {"architecture": "amd64", "features": "", "variant": null, "digest": "sha256:c1bcb73cb2ce5f13f57656288c7edd7ea7a01d563c17d3d3c7964dabdf2aeb11", "os": "linux", "os_features": "", "os_version": null, "size": 70226977, "status": "active", "last_pulled": "2024-01-18T06:33:45.553145Z", "last_pushed": "2021-12-21T13:58:42.618548Z"}], "last_updated": "2021-12-22T05:52:58.958158Z", "last_updater": 1156886, "last_updater_username": "doijanky", "name": "8.5.3", "repository": 1726832, "full_size": 70226977, "v2": true, "tag_status": "active", "tag_last_pulled": "2024-01-18T06:33:45.553145Z", "tag_last_pushed": "2021-12-22T05:52:58.958158Z", "media_type": "application/vnd.docker.distribution.manifest.list.v2+json", "content_type": "image"}, {"creator": 1156886, "id": 177930917, "images": [{"architecture": "amd64", "features": "", "variant": null, "digest": "sha256:b4b68fb422e25f8c4d9ba2202ff1ca978ca9b72573bcadb2138a9ae8e3398b25", "os": "linux", "os_features": "", "os_version": null, "size": 70228389, "status": "active", "last_pulled": "2024-01-18T06:33:37.720159Z", "last_pushed": "2021-11-18T00:55:21.978972Z"}, {"architecture": "arm", "features": "", "variant": "v7", "digest": "sha256:a802f8d8e8bd83dc60d8b7cf6ea82bce55c9bfe3c0720b8f51dbf29a7adda806", "os": "linux", "os_features": "", "os_version": null, "size": 59660403, "status": "active", "last_pulled": "2024-01-12T00:03:42.808218Z", "last_pushed": "2021-11-18T10:43:34.144031Z"}, {"architecture": "arm64", "features": "", "variant": "v8", "digest": "sha256:459134816c9eed62124cfbd09bc4e564794219011fab75c9b9e6a845ecd6f040", "os": "linux", "os_features": "", "os_version": null, "size": 67627743, "status": "active", "last_pulled": "2024-01-12T00:03:44.420674Z", "last_pushed": "2021-11-18T09:12:24.1696Z"}], "last_updated": "2021-11-18T10:43:36.445723Z", "last_updater": 1156886, "last_updater_username": "doijanky", "name": "8.5.2", "repository": 1726832, "full_size": 70228389, "v2": true, "tag_status": "active", "tag_last_pulled": "2024-01-18T06:33:37.720159Z", "tag_last_pushed": "2021-11-18T10:43:36.445723Z", "media_type": "application/vnd.docker.distribution.manifest.list.v2+json", "content_type": "image"}, {"creator": 1156886, "id": 169821340, "images": [{"architecture": "amd64", "features": "", "variant": null, "digest": "sha256:6dc2f10dd5ad7b1964134a87154cc7c533f714ac7996a4560c269c4e0e17e8c8", "os": "linux", "os_features": "", "os_version": null, "size": 56608724, "status": "active", "last_pulled": "2024-01-18T06:33:20.119865Z", "last_pushed": "2021-10-12T15:23:48.248826Z"}, {"architecture": "arm", "features": "", "variant": "v7", "digest": "sha256:38787ebf2bd8ff9fcad5448816af990e2f75dafdc353903a725f7468ad588c4a", "os": "linux", "os_features": "", "os_version": null, "size": 48725175, "status": "active", "last_pulled": "2024-01-12T00:03:45.239379Z", "last_pushed": "2021-10-12T04:14:23.208817Z"}, {"architecture": "arm64", "features": "", "variant": "v8", "digest": "sha256:a52440995a216b1ba0d01bfc092e9e4a385397bdf9c182013d52a7353172d3f5", "os": "linux", "os_features": "", "os_version": null, "size": 53041450, "status": "active", "last_pulled": "2024-01-12T00:03:44.282734Z", "last_pushed": "2021-11-17T11:11:36.114847Z"}], "last_updated": "2021-11-17T11:11:38.351065Z", "last_updater": 1156886, "last_updater_username": "doijanky", "name": "8.4.0", "repository": 1726832, "full_size": 56608724, "v2": true, "tag_status": "active", "tag_last_pulled": "2024-01-18T06:33:20.119865Z", "tag_last_pushed": "2021-11-17T11:11:38.351065Z", "media_type": "application/vnd.docker.distribution.manifest.list.v2+json", "content_type": "image"}, {"creator": 1156886, "id": 165416563, "images": [{"architecture": "amd64", "features": "", "variant": null, "digest": "sha256:4a7a6641c47ebce8caca4bda53f7ce6b8061d2f09073a79c6d5478528c7c2756", "os": "linux", "os_features": "", "os_version": null, "size": 56599034, "status": "active", "last_pulled": "2024-01-18T06:33:15.745237Z", "last_pushed": "2021-10-12T15:23:40.199137Z"}, {"architecture": "arm", "features": "", "variant": "v7", "digest": "sha256:8fda2cf086fed06e5a0246426cd0c7c2e4a5c027cdca7dda9e8a4226c6c465e3", "os": "linux", "os_features": "", "os_version": null, "size": 48719617, "status": "active", "last_pulled": "2024-01-12T00:03:52.351351Z", "last_pushed": "2021-10-12T04:14:14.347338Z"}, {"architecture": "arm64", "features": "", "variant": "v8", "digest": "sha256:0f7969418179fb7bb7ec6bf621a3549d695a7e1aa200ead97bb443f15bd22d29", "os": "linux", "os_features": "", "os_version": null, "size": 53035430, "status": "active", "last_pulled": "2024-01-12T00:03:53.411325Z", "last_pushed": "2021-11-17T11:11:27.244846Z"}], "last_updated": "2021-11-17T11:11:29.550783Z", "last_updater": 1156886, "last_updater_username": "doijanky", "name": "8.3.29", "repository": 1726832, "full_size": 56599034, "v2": true, "tag_status": "active", "tag_last_pulled": "2024-01-18T06:33:15.745237Z", "tag_last_pushed": "2021-11-17T11:11:29.550783Z", "media_type": "application/vnd.docker.distribution.manifest.list.v2+json", "content_type": "image"}, {"creator": 1156886, "id": 135026532, "images": [{"architecture": "arm64", "features": "", "variant": "v8", "digest": "sha256:5f68c1bc765c96dc473851399e7ac42338c6f65be8184e9f1d8103af32e6de37", "os": "linux", "os_features": "", "os_version": null, "size": 52715086, "status": "active", "last_pulled": "2024-01-12T00:03:42.230842Z", "last_pushed": "2021-09-28T16:45:40.027412Z"}, {"architecture": "amd64", "features": "", "variant": null, "digest": "sha256:414f11f1444ce01bc2da64665268aa39aec1800571cbcc9e1d046bc52c3cf473", "os": "linux", "os_features": "", "os_version": null, "size": 56276241, "status": "active", "last_pulled": "2024-01-18T06:33:01.00287Z", "last_pushed": "2021-09-28T23:12:16.856023Z"}, {"architecture": "arm", "features": "", "variant": "v7", "digest": "sha256:13948cc2918b6938a539ce090a64235166a32e7b514fac71cde0e300c08efc0f", "os": "linux", "os_features": "", "os_version": null, "size": 48394809, "status": "active", "last_pulled": "2024-01-12T00:03:42.317872Z", "last_pushed": "2021-09-04T06:39:03.354395Z"}], "last_updated": "2021-09-28T23:12:19.896786Z", "last_updater": 1156886, "last_updater_username": "doijanky", "name": "8.2.4", "repository": 1726832, "full_size": 56276241, "v2": true, "tag_status": "active", "tag_last_pulled": "2024-01-18T06:33:01.00287Z", "tag_last_pushed": "2021-09-28T23:12:19.896786Z", "media_type": "application/vnd.docker.distribution.manifest.list.v2+json", "content_type": "image"}, {"creator": 1156886, "id": 155270374, "images": [{"architecture": "amd64", "features": "", "variant": null, "digest": "sha256:1611009739dc6f799222e5e4ea255f40933e1ac1e28c9bb67ecbe3e4fca0fb6c", "os": "linux", "os_features": "", "os_version": null, "size": 56478145, "status": "active", "last_pulled": "2024-01-19T04:16:17.284518Z", "last_pushed": "2021-08-17T10:44:27.003709Z"}, {"architecture": "arm", "features": "", "variant": "v7", "digest": "sha256:530fd948da8996808a5ef7116de7b7b97d3904c43d2ebf13f0c578a09a556457", "os": "linux", "os_features": "", "os_version": null, "size": 48591126, "status": "active", "last_pulled": "2024-01-12T00:03:56.936143Z", "last_pushed": "2021-08-18T02:45:15.207403Z"}, {"architecture": "arm64", "features": "", "variant": "v8", "digest": "sha256:14b27acf48f1f4e1c7073fb41d04e4c4f9dab167c67bd9e01d18432c00ebd701", "os": "linux", "os_features": "", "os_version": null, "size": 52907798, "status": "active", "last_pulled": "2024-01-12T00:03:45.495688Z", "last_pushed": "2021-08-17T09:13:33.481697Z"}], "last_updated": "2021-08-18T02:45:17.48112Z", "last_updater": 1156886, "last_updater_username": "doijanky", "name": "8.3.26", "repository": 1726832, "full_size": 56478145, "v2": true, "tag_status": "active", "tag_last_pulled": "2024-01-19T04:16:17.284518Z", "tag_last_pushed": "2021-08-18T02:45:17.48112Z", "media_type": "application/vnd.docker.distribution.manifest.list.v2+json", "content_type": "image"}, {"creator": 1156886, "id": 135026536, "images": [{"architecture": "arm", "features": "", "variant": "v7", "digest": "sha256:1cc10fb26018c1a155fcc9b40bb905ce11384b20f3ef20bf49be88f56d9094c8", "os": "linux", "os_features": "", "os_version": null, "size": 48495292, "status": "active", "last_pulled": "2024-01-12T00:03:47.980283Z", "last_pushed": "2021-05-12T02:34:51.455487Z"}, {"architecture": "amd64", "features": "", "variant": null, "digest": "sha256:95099f9652171f6930f00c8c098db8226460bf3a108465872445edf50f6f03a4", "os": "linux", "os_features": "", "os_version": null, "size": 56391599, "status": "active", "last_pulled": "2024-01-18T06:33:08.049779Z", "last_pushed": "2021-05-12T19:21:40.306111Z"}, {"architecture": "arm64", "features": "", "variant": "v8", "digest": "sha256:34f792dddd447f844468076ff0bc1c9f34ffbbd6923a6975817539d312e39c09", "os": "linux", "os_features": "", "os_version": null, "size": 52805370, "status": "active", "last_pulled": "2024-01-12T00:03:44.817296Z", "last_pushed": "2021-05-12T19:52:47.51196Z"}], "last_updated": "2021-05-12T19:52:50.072775Z", "last_updater": 1156886, "last_updater_username": "doijanky", "name": "8.3.18", "repository": 1726832, "full_size": 56391599, "v2": true, "tag_status": "active", "tag_last_pulled": "2024-01-18T06:33:08.049779Z", "tag_last_pushed": "2021-05-12T19:52:50.072775Z", "media_type": "application/vnd.docker.distribution.manifest.list.v2+json", "content_type": "image"}, {"creator": 1156886, "id": 126696472, "images": [{"architecture": "arm", "features": "", "variant": "v7", "digest": "sha256:f6d02bb346bc01e8ec324363d7c2297e8efad2cfebf08b7b0321280222400e82", "os": "linux", "os_features": "", "os_version": null, "size": 48447807, "status": "active", "last_pulled": "2024-01-12T00:03:46.608799Z", "last_pushed": "2021-01-12T17:34:39.7605Z"}, {"architecture": "arm64", "features": "", "variant": "v8", "digest": "sha256:59a6666a24fb0da5da1bc717e2545c1623f21239ed14d6858244ec401477e753", "os": "linux", "os_features": "", "os_version": null, "size": 52768479, "status": "active", "last_pulled": "2024-01-12T00:03:50.683627Z", "last_pushed": "2021-01-12T17:07:03.164388Z"}, {"architecture": "amd64", "features": "", "variant": null, "digest": "sha256:fc748391ef22fd3b1d6dfdb565a889b9b5507cde911931d42553bf70154fb420", "os": "linux", "os_features": "", "os_version": null, "size": 56329891, "status": "active", "last_pulled": "2024-01-18T06:33:05.016292Z", "last_pushed": "2021-01-12T20:11:28.383652Z"}], "last_updated": "2021-01-12T20:11:33.960124Z", "last_updater": 1156886, "last_updater_username": "doijanky", "name": "8.3.13", "repository": 1726832, "full_size": 56329891, "v2": true, "tag_status": "active", "tag_last_pulled": "2024-01-18T06:33:05.016292Z", "tag_last_pushed": "2021-01-12T20:11:33.960124Z", "media_type": "application/vnd.docker.distribution.manifest.list.v2+json", "content_type": "image"}, {"creator": 1156886, "id": 127390455, "images": [{"architecture": "arm", "features": "", "variant": "v7", "digest": "sha256:0bc0dd4236f7b4a5f14fbe9de4f5b406448813139fc2373d3ecdf8bdcc29d892", "os": "linux", "os_features": "", "os_version": null, "size": 48358003, "status": "active", "last_pulled": "2024-01-12T00:03:45.070508Z", "last_pushed": "2021-01-12T17:34:24.288264Z"}, {"architecture": "amd64", "features": "", "variant": null, "digest": "sha256:fed3a99a6e015bf0a0e6a09988941885c9532228495a6f7f7736fa52801e7d1d", "os": "linux", "os_features": "", "os_version": null, "size": 56237761, "status": "active", "last_pulled": "2024-01-18T06:32:57.281916Z", "last_pushed": "2021-01-12T20:11:10.941737Z"}, {"architecture": "arm64", "features": "", "variant": "v8", "digest": "sha256:e31a319981bd47f18d03e6d8dbbcc8f17e64a7122fbd494a07c0bd4cbf8f0da0", "os": "linux", "os_features": "", "os_version": null, "size": 52678361, "status": "active", "last_pulled": "2024-01-12T00:03:42.506234Z", "last_pushed": "2021-01-12T17:06:50.714231Z"}], "last_updated": "2021-01-12T20:11:14.506277Z", "last_updater": 1156886, "last_updater_username": "doijanky", "name": "8.2.3", "repository": 1726832, "full_size": 56237761, "v2": true, "tag_status": "active", "tag_last_pulled": "2024-01-18T06:32:57.281916Z", "tag_last_pushed": "2021-01-12T20:11:14.506277Z", "media_type": "application/vnd.docker.distribution.manifest.list.v2+json", "content_type": "image"}, {"creator": 1156886, "id": 123529700, "images": [{"architecture": "amd64", "features": "", "variant": null, "digest": "sha256:8ab6b762c3c304763d3442cae80c281ddb4d9eb453ac7f339a944173241308f6", "os": "linux", "os_features": "", "os_version": null, "size": 56233488, "status": "active", "last_pulled": "2024-01-18T06:32:52.670047Z", "last_pushed": "2020-11-18T21:12:18.172673Z"}, {"architecture": "arm", "features": "", "variant": "v7", "digest": "sha256:0bf3b8fa74ff158eb4fcd2109072a7f64ab78510b8927ee080d3d7e6f0154a0d", "os": "linux", "os_features": "", "os_version": null, "size": 48353120, "status": "active", "last_pulled": "2024-01-12T00:03:42.473496Z", "last_pushed": "2020-11-18T07:34:56.738952Z"}, {"architecture": "arm64", "features": "", "variant": "v8", "digest": "sha256:ef69265422d0bfe3ef8028b5d4f1be4fbaa7e79e7fdc7d578f6affdfa933f355", "os": "linux", "os_features": "", "os_version": null, "size": 52674082, "status": "active", "last_pulled": "2024-01-12T00:03:50.606372Z", "last_pushed": "2020-11-18T11:34:34.357497Z"}], "last_updated": "2020-11-18T21:12:21.401917Z", "last_updater": 1156886, "last_updater_username": "doijanky", "name": "8.2.2", "repository": 1726832, "full_size": 56233488, "v2": true, "tag_status": "active", "tag_last_pulled": "2024-01-18T06:32:52.670047Z", "tag_last_pushed": "2020-11-18T21:12:21.401917Z", "media_type": "application/vnd.docker.distribution.manifest.list.v2+json", "content_type": "image"}, {"creator": 1156886, "id": 102942718, "images": [{"architecture": "amd64", "features": "", "variant": null, "digest": "sha256:39643dfb9703577107dce2f7b7c99f32ebd450500445a8c3cd5ee7525d1e2132", "os": "linux", "os_features": "", "os_version": null, "size": 56139641, "status": "active", "last_pulled": "2024-01-18T06:32:48.707612Z", "last_pushed": "2020-10-13T22:57:46.806533Z"}, {"architecture": "arm", "features": "", "variant": "v7", "digest": "sha256:876f63def4fe04f9f58b1d93b062f0cc3350fa2cf712e37480db4ae68de22a1d", "os": "linux", "os_features": "", "os_version": null, "size": 48265602, "status": "active", "last_pulled": "2024-01-12T00:03:44.26319Z", "last_pushed": "2020-10-13T19:57:54.979871Z"}, {"architecture": "arm64", "features": "", "variant": "v8", "digest": "sha256:b7eda684aeee1f2be9f7c331c44abfd71966b979f5b7c54d7bd599ed42386b43", "os": "linux", "os_features": "", "os_version": null, "size": 52581180, "status": "active", "last_pulled": "2024-01-12T00:03:47.664156Z", "last_pushed": "2020-10-13T19:30:29.711645Z"}], "last_updated": "2020-10-13T22:57:48.270746Z", "last_updater": 1156886, "last_updater_username": "doijanky", "name": "8.2.0", "repository": 1726832, "full_size": 56139641, "v2": true, "tag_status": "active", "tag_last_pulled": "2024-01-18T06:32:48.707612Z", "tag_last_pushed": "2020-10-13T22:57:48.270746Z", "media_type": "application/vnd.docker.distribution.manifest.list.v2+json", "content_type": "image"}, {"creator": 1156886, "id": 99430941, "images": [{"architecture": "arm", "features": "", "variant": "v7", "digest": "sha256:0fe5ff79e52d824c42f6ffdb5d90405fc2d48491120ed2b5d581c969caec9fd9", "os": "linux", "os_features": "", "os_version": null, "size": 48392601, "status": "active", "last_pulled": "2024-01-12T00:03:42.372896Z", "last_pushed": null}, {"architecture": "amd64", "features": "", "variant": null, "digest": "sha256:1db7ae0b4757d851e3e44b5d1d1c071030e84a87a0dc39f006923b576bb04f3d", "os": "linux", "os_features": "", "os_version": null, "size": 55978659, "status": "active", "last_pulled": "2024-01-18T06:32:31.304171Z", "last_pushed": null}, {"architecture": "arm64", "features": "", "variant": "v8", "digest": "sha256:6493610f48865e753460f5c0e7b07403a0284fd3d7aa07b2ccb933ad605addb0", "os": "linux", "os_features": "", "os_version": null, "size": 52403442, "status": "active", "last_pulled": "2024-01-12T00:03:47.650317Z", "last_pushed": null}], "last_updated": "2020-05-16T11:12:17.946025Z", "last_updater": 1156886, "last_updater_username": "doijanky", "name": "8.1.30", "repository": 1726832, "full_size": 0, "v2": true, "tag_status": "active", "tag_last_pulled": "2024-01-18T06:32:31.304171Z", "tag_last_pushed": "2020-05-16T11:12:17.946025Z", "media_type": "application/vnd.docker.distribution.manifest.list.v2+json", "content_type": "image"}, {"creator": 1156886, "id": 61639213, "images": [{"architecture": "amd64", "features": "", "variant": null, "digest": "sha256:018a4649f85553886ca353aa8233b7df65c086c8650187644e248974e2ac53ea", "os": "linux", "os_features": "", "os_version": null, "size": 55567597, "status": "active", "last_pulled": "2024-01-18T06:32:06.20337Z", "last_pushed": null}], "last_updated": "2020-05-16T05:12:14.995853Z", "last_updater": 1156886, "last_updater_username": "doijanky", "name": "8.0.3", "repository": 1726832, "full_size": 0, "v2": true, "tag_status": "active", "tag_last_pulled": "2024-01-18T06:32:06.20337Z", "tag_last_pushed": "2020-05-16T05:12:14.995853Z", "media_type": "application/vnd.docker.distribution.manifest.list.v2+json", "content_type": "image"}, {"creator": 1156886, "id": 99339893, "images": [{"architecture": "arm64", "features": "", "variant": "v8", "digest": "sha256:b2f762bc74d9e29f701e571342b51e3961b2a03acd4324f2c4084ff13877acc8", "os": "linux", "os_features": "", "os_version": null, "size": 52164886, "status": "active", "last_pulled": "2024-01-12T00:05:54.750527Z", "last_pushed": null}, {"architecture": "amd64", "features": "", "variant": null, "digest": "sha256:df57d0de44e2b42ed491417f14265358f2490533f3deb68a1e9c95f879d23aa7", "os": "linux", "os_features": "", "os_version": null, "size": 55703467, "status": "active", "last_pulled": "2024-01-18T06:32:23.259261Z", "last_pushed": null}, {"architecture": "arm", "features": "", "variant": "v7", "digest": "sha256:c538b74bb9cef3b5055d6ab408aabd1f02f9aba0946a34fa8e0a31b47f824c98", "os": "linux", "os_features": "", "os_version": null, "size": 48150270, "status": "active", "last_pulled": "2024-01-12T00:03:42.343248Z", "last_pushed": null}], "last_updated": "2020-05-07T14:12:43.574351Z", "last_updater": 1156886, "last_updater_username": "doijanky", "name": "8.1.15", "repository": 1726832, "full_size": 55703467, "v2": true, "tag_status": "active", "tag_last_pulled": "2024-01-18T06:32:23.259261Z", "tag_last_pushed": "2020-05-07T14:12:43.574351Z", "media_type": "application/vnd.docker.distribution.manifest.list.v2+json", "content_type": "image"}, {"creator": 1156886, "id": 66976623, "images": [{"architecture": "amd64", "features": "", "variant": null, "digest": "sha256:800b8a00cd73363a07a4e37c107f94696e862672e6bb9e44cc58829d5de221b2", "os": "linux", "os_features": "", "os_version": null, "size": 55676504, "status": "active", "last_pulled": "2024-01-18T06:32:19.379429Z", "last_pushed": null}, {"architecture": "arm64", "features": "", "variant": "v8", "digest": "sha256:193ad6cfca332aac6bb93622feb75c2f8872ad8d1707c09057a0102bb129689f", "os": "linux", "os_features": "", "os_version": null, "size": 52143861, "status": "active", "last_pulled": "2024-01-12T00:03:50.731932Z", "last_pushed": null}, {"architecture": "arm", "features": "", "variant": "v7", "digest": "sha256:61065514d09c2ee3e4b37e54c68bc85f29d724e07c623914525c313a9f7392c0", "os": "linux", "os_features": "", "os_version": null, "size": 48129062, "status": "active", "last_pulled": "2024-01-12T00:03:52.328686Z", "last_pushed": null}], "last_updated": "2020-04-23T17:12:15.637828Z", "last_updater": 1156886, "last_updater_username": "doijanky", "name": "8.1.12", "repository": 1726832, "full_size": 55676504, "v2": true, "tag_status": "active", "tag_last_pulled": "2024-01-18T06:32:19.379429Z", "tag_last_pushed": "2020-04-23T17:12:15.637828Z", "media_type": "application/vnd.docker.distribution.manifest.list.v2+json", "content_type": "image"}, {"creator": 1156886, "id": 61639222, "images": [{"architecture": "arm", "features": "", "variant": "v7", "digest": "sha256:0b8302be0680aafc25fc22d632a015155ad2cbab9800ebeb03d33efe7fe116d2", "os": "linux", "os_features": "", "os_version": null, "size": 48079255, "status": "active", "last_pulled": "2024-01-12T00:03:42.341562Z", "last_pushed": null}, {"architecture": "arm64", "features": "", "variant": "v8", "digest": "sha256:e2f0bb616a5385fd4dd26dfa806ba30f8ea8fe3e03fdae6221b9d4ba32ff248e", "os": "linux", "os_features": "", "os_version": null, "size": 52098916, "status": "active", "last_pulled": "2024-01-12T00:03:57.935489Z", "last_pushed": null}, {"architecture": "amd64", "features": "", "variant": null, "digest": "sha256:a92abe48ade8ed4ff29febce46d48189e1fadf4ef6fd70d32a7a177fe0e46985", "os": "linux", "os_features": "", "os_version": null, "size": 55626388, "status": "active", "last_pulled": "2024-01-18T06:32:44.805944Z", "last_pushed": null}], "last_updated": "2019-08-14T16:54:39.648895Z", "last_updater": 1156886, "last_updater_username": "doijanky", "name": "8.1.8", "repository": 1726832, "full_size": 55626388, "v2": true, "tag_status": "active", "tag_last_pulled": "2024-01-18T06:32:44.805944Z", "tag_last_pushed": "2019-08-14T16:54:39.648895Z", "media_type": "application/vnd.docker.distribution.manifest.list.v2+json", "content_type": "image"}, {"creator": 1156886, "id": 56710512, "images": [{"architecture": "arm", "features": "", "variant": "v7", "digest": "sha256:1e52033674fa9a5d155b9c69bd30d6de347c30c8004c6769f6fbc728997bcdfd", "os": "linux", "os_features": "", "os_version": null, "size": 48032272, "status": "active", "last_pulled": "2024-01-12T00:03:42.615859Z", "last_pushed": null}, {"architecture": "arm64", "features": "", "variant": "v8", "digest": "sha256:fbb66bf551493bdd2c464c06058522ea5966ee3261773179479f57337377f247", "os": "linux", "os_features": "", "os_version": null, "size": 52039536, "status": "active", "last_pulled": "2024-01-12T00:03:47.6609Z", "last_pushed": null}, {"architecture": "amd64", "features": "", "variant": null, "digest": "sha256:10162c1cf6a021b77b5da0317d6cb5f64faf593cb82cd85576453c84dff28a6b", "os": "linux", "os_features": "", "os_version": null, "size": 55576002, "status": "active", "last_pulled": "2024-01-18T06:32:41.79701Z", "last_pushed": null}], "last_updated": "2019-06-13T05:50:17.835641Z", "last_updater": 1156886, "last_updater_username": "doijanky", "name": "8.1.6", "repository": 1726832, "full_size": 55576002, "v2": true, "tag_status": "active", "tag_last_pulled": "2024-01-18T06:32:41.79701Z", "tag_last_pushed": "2019-06-13T05:50:17.835641Z", "media_type": "application/vnd.docker.distribution.manifest.list.v2+json", "content_type": "image"}, {"creator": 1156886, "id": 44571152, "images": [{"architecture": "amd64", "features": "", "variant": null, "digest": "sha256:8a9e49342b79ea941e25083915f6631be19e2b35e16d604f1f3c2978f9868300", "os": "linux", "os_features": "", "os_version": null, "size": 55517795, "status": "active", "last_pulled": "2024-01-18T06:32:02.396418Z", "last_pushed": null}], "last_updated": "2019-06-11T08:51:37.017631Z", "last_updater": 1156886, "last_updater_username": "doijanky", "name": "8.0.0", "repository": 1726832, "full_size": 55517795, "v2": true, "tag_status": "active", "tag_last_pulled": "2024-01-18T06:32:02.396418Z", "tag_last_pushed": "2019-06-11T08:51:37.017631Z", "media_type": "application/vnd.docker.distribution.manifest.list.v2+json", "content_type": "image"}, {"creator": 1156886, "id": 55142646, "images": [{"architecture": "arm64", "features": "", "variant": "v8", "digest": "sha256:d032b1cb390dcea35bf0043ad8ec09e5c2f7b884d4ad1e664d82cb58cfde63d7", "os": "linux", "os_features": "", "os_version": null, "size": 52022207, "status": "inactive", "last_pulled": null, "last_pushed": null}, {"architecture": "amd64", "features": "", "variant": null, "digest": "sha256:9efb31fe0e2782a560d64670135e402c4e716ece7edc6c2c1fc6982797316a1c", "os": "linux", "os_features": "", "os_version": null, "size": 55554174, "status": "inactive", "last_pulled": null, "last_pushed": null}, {"architecture": "arm", "features": "", "variant": "v7", "digest": "sha256:60f881a305670fb9e2137faa3eda1cac80859cfbffd36b74843e6d3d4be2dbf5", "os": "linux", "os_features": "", "os_version": null, "size": 48016598, "status": "inactive", "last_pulled": null, "last_pushed": null}], "last_updated": "2019-05-11T00:51:54.870836Z", "last_updater": 1156886, "last_updater_username": "doijanky", "name": "8.1.5", "repository": 1726832, "full_size": 55554174, "v2": true, "tag_status": "inactive", "tag_last_pulled": null, "tag_last_pushed": "2019-05-11T00:51:54.870836Z", "media_type": "application/vnd.docker.distribution.manifest.list.v2+json", "content_type": "image"}, {"creator": 1156886, "id": 51198884, "images": [{"architecture": "amd64", "features": "", "variant": null, "digest": "sha256:d925ab4fcb676c9171a56fa9800a79493f73634746731f83c95d2596776f3d1b", "os": "linux", "os_features": "", "os_version": null, "size": 55551145, "status": "inactive", "last_pulled": null, "last_pushed": null}, {"architecture": "arm", "features": "", "variant": "v7", "digest": "sha256:6ea1eba7b63f05eb642f03bcce7d82d6fb3443422573215d2738b0aec3549c6e", "os": "linux", "os_features": "", "os_version": null, "size": 48012378, "status": "inactive", "last_pulled": null, "last_pushed": null}, {"architecture": "arm64", "features": "", "variant": "v8", "digest": "sha256:50ed7748a3f82a54b103d2a3bfad5fa2e5c290f12837c65c3e2e4fc998498c71", "os": "linux", "os_features": "", "os_version": null, "size": 52018892, "status": "inactive", "last_pulled": null, "last_pushed": null}], "last_updated": "2019-05-08T20:45:30.364949Z", "last_updater": 1156886, "last_updater_username": "doijanky", "name": "8.1.4", "repository": 1726832, "full_size": 55551145, "v2": true, "tag_status": "inactive", "tag_last_pulled": null, "tag_last_pushed": "2019-05-08T20:45:30.364949Z", "media_type": "application/vnd.docker.distribution.manifest.list.v2+json", "content_type": "image"}, {"creator": 1156886, "id": 49183264, "images": [{"architecture": "amd64", "features": "", "variant": null, "digest": "sha256:9ffe2d09f40ce2c10bda2df37aa15ebba4f361b7c79f75d775c504b761723ae2", "os": "linux", "os_features": "", "os_version": null, "size": 55548611, "status": "inactive", "last_pulled": null, "last_pushed": null}, {"architecture": "arm", "features": "", "variant": "v7", "digest": "sha256:c40b5f322c85eff53ca724031800a5cebae48e52605f102930dbdf91130a5530", "os": "linux", "os_features": "", "os_version": null, "size": 48008082, "status": "inactive", "last_pulled": null, "last_pushed": null}, {"architecture": "arm64", "features": "", "variant": "v8", "digest": "sha256:f681ab6188b70b1e3af845d7251507121ca4a5bec7d76c1b3568ac6ca57df1da", "os": "linux", "os_features": "", "os_version": null, "size": 52008742, "status": "inactive", "last_pulled": null, "last_pushed": null}], "last_updated": "2019-03-27T15:55:45.644377Z", "last_updater": 1156886, "last_updater_username": "doijanky", "name": "8.1.2", "repository": 1726832, "full_size": 55548611, "v2": true, "tag_status": "inactive", "tag_last_pulled": null, "tag_last_pushed": "2019-03-27T15:55:45.644377Z", "media_type": "application/vnd.docker.distribution.manifest.list.v2+json", "content_type": "image"}, {"creator": 1156886, "id": 46228934, "images": [{"architecture": "amd64", "features": "", "variant": null, "digest": "sha256:c4eea61205ef95579f87c39e909918622385251c5cae703de06c5de47f6abf27", "os": "linux", "os_features": "", "os_version": null, "size": 55542351, "status": "inactive", "last_pulled": null, "last_pushed": null}, {"architecture": "arm", "features": "", "variant": "v7", "digest": "sha256:a2c0bad38d44332d38c5eb0289a3c74b3cc4721106b8a86c92d4dfe938f08418", "os": "linux", "os_features": "", "os_version": null, "size": 47997798, "status": "inactive", "last_pulled": null, "last_pushed": null}, {"architecture": "arm64", "features": "", "variant": "v8", "digest": "sha256:151dfa267fbde503a5da835a7963eaf89c2712c27c0347df21dbb58bd7741385", "os": "linux", "os_features": "", "os_version": null, "size": 52016073, "status": "inactive", "last_pulled": null, "last_pushed": null}], "last_updated": "2019-03-05T16:12:50.457414Z", "last_updater": 1156886, "last_updater_username": "doijanky", "name": "8.1.1", "repository": 1726832, "full_size": 55542351, "v2": true, "tag_status": "inactive", "tag_last_pulled": null, "tag_last_pushed": "2019-03-05T16:12:50.457414Z", "media_type": "application/vnd.docker.distribution.manifest.list.v2+json", "content_type": "image"}, {"creator": 1156886, "id": 44571147, "images": [{"architecture": "amd64", "features": "", "variant": null, "digest": "sha256:ea2cb439099bebfdcc9db35f260a9589e970c7d35214be3af0445d29107ff413", "os": "linux", "os_features": "", "os_version": null, "size": 55526443, "status": "inactive", "last_pulled": null, "last_pushed": null}, {"architecture": "arm", "features": "", "variant": "v7", "digest": "sha256:0254c67449b078b53f83145b1fed8302ebcf565389842bddbbfe024230e977cd", "os": "linux", "os_features": "", "os_version": null, "size": 47991316, "status": "inactive", "last_pulled": null, "last_pushed": null}, {"architecture": "arm64", "features": "", "variant": "v8", "digest": "sha256:50c59c66319c8094fa5e4f8574680ccea65e7b1f58c112bab6d9a19cc9d9b40a", "os": "linux", "os_features": "", "os_version": null, "size": 51995614, "status": "inactive", "last_pulled": null, "last_pushed": null}], "last_updated": "2019-01-25T05:47:04.959926Z", "last_updater": 1156886, "last_updater_username": "doijanky", "name": "8.1.0", "repository": 1726832, "full_size": 55526443, "v2": true, "tag_status": "inactive", "tag_last_pulled": null, "tag_last_pushed": "2019-01-25T05:47:04.959926Z", "media_type": "application/vnd.docker.distribution.manifest.list.v2+json", "content_type": "image"}, {"creator": 1156886, "id": 42889564, "images": [{"architecture": "amd64", "features": "", "variant": null, "digest": "sha256:f3484e82c373d84fdba06a605ef938b322544d757dcf09779c7a44b3076faa46", "os": "linux", "os_features": "", "os_version": null, "size": 55509821, "status": "inactive", "last_pulled": null, "last_pushed": null}, {"architecture": "arm", "features": "", "variant": "v7", "digest": "sha256:c8a4716a0234f625cfbd552e3ef5ad67023fe90869e4b0427b377b749f559159", "os": "linux", "os_features": "", "os_version": null, "size": 50723430, "status": "inactive", "last_pulled": null, "last_pushed": null}, {"architecture": "arm64", "features": "", "variant": "v8", "digest": "sha256:de97f149f9ec209cd5f2d1810d16463150dca8d2d7fb87254fe436dbe0b78f4c", "os": "linux", "os_features": "", "os_version": null, "size": 51975151, "status": "inactive", "last_pulled": null, "last_pushed": null}], "last_updated": "2018-12-29T20:45:33.792861Z", "last_updater": 1156886, "last_updater_username": "doijanky", "name": "7.7.25", "repository": 1726832, "full_size": 55509821, "v2": true, "tag_status": "inactive", "tag_last_pulled": null, "tag_last_pushed": "2018-12-29T20:45:33.792861Z", "media_type": "application/vnd.docker.distribution.manifest.list.v2+json", "content_type": "image"}, {"creator": 1156886, "id": 20576830, "images": [{"architecture": "amd64", "features": "", "variant": null, "digest": "sha256:d1117f56b76b0a7aa1ed33cb608f6bfe5c0749dd9939cfff5de83ae932fc5620", "os": "linux", "os_features": "", "os_version": null, "size": 56186371, "status": "inactive", "last_pulled": null, "last_pushed": null}], "last_updated": "2018-12-29T09:44:52.087822Z", "last_updater": 1156886, "last_updater_username": "doijanky", "name": "7.6.4", "repository": 1726832, "full_size": 56186371, "v2": true, "tag_status": "inactive", "tag_last_pulled": null, "tag_last_pushed": "2018-12-29T09:44:52.087822Z", "media_type": "application/vnd.docker.distribution.manifest.list.v2+json", "content_type": "image"}, {"creator": 1156886, "id": 40422078, "images": [{"architecture": "amd64", "features": "", "variant": null, "digest": "sha256:0bdc361d3f6de40b67321ce11bad329ba3e3ef93884a41aa59616a9ee8d3a054", "os": "linux", "os_features": "", "os_version": null, "size": 54892455, "status": "inactive", "last_pulled": null, "last_pushed": null}, {"architecture": "arm", "features": "", "variant": "v7", "digest": "sha256:09fdd77aa53dded402fe31182cdbdbade44115369ebac4ad101c3c145384b670", "os": "linux", "os_features": "", "os_version": null, "size": 47347681, "status": "inactive", "last_pulled": null, "last_pushed": null}, {"architecture": "arm64", "features": "", "variant": "v8", "digest": "sha256:68826cdf0c5ec6a79a88eb3d46a9114837321472a27089ee4644f7c23657cc4c", "os": "linux", "os_features": "", "os_version": null, "size": 51324329, "status": "inactive", "last_pulled": null, "last_pushed": null}], "last_updated": "2018-11-21T14:43:29.955688Z", "last_updater": 1156886, "last_updater_username": "doijanky", "name": "7.7.22", "repository": 1726832, "full_size": 54892455, "v2": true, "tag_status": "inactive", "tag_last_pulled": null, "tag_last_pushed": "2018-11-21T14:43:29.955688Z", "media_type": "application/vnd.docker.distribution.manifest.list.v2+json", "content_type": "image"}, {"creator": 1156886, "id": 39801635, "images": [{"architecture": "amd64", "features": "", "variant": null, "digest": "sha256:4d32a53cca00174e1fe3f473d46876ec95bb81be59cc11a6bdcab18fb0d6970d", "os": "linux", "os_features": "", "os_version": null, "size": 55661722, "status": "inactive", "last_pulled": null, "last_pushed": null}, {"architecture": "arm", "features": "", "variant": "v7", "digest": "sha256:e274fd776e2ea8ea8383ecd039386e04eeed250e6b76f2f3fe846c90619b153b", "os": "linux", "os_features": "", "os_version": null, "size": 47979663, "status": "inactive", "last_pulled": null, "last_pushed": null}, {"architecture": "arm64", "features": "", "variant": "v8", "digest": "sha256:71223be8ff7fac94d1b2872fe95c8d4bd4e247b9fd403378ee77a212c1020427", "os": "linux", "os_features": "", "os_version": null, "size": 52027589, "status": "inactive", "last_pulled": null, "last_pushed": null}], "last_updated": "2018-11-17T07:46:59.143645Z", "last_updater": 1156886, "last_updater_username": "doijanky", "name": "7.7.21", "repository": 1726832, "full_size": 55661722, "v2": true, "tag_status": "inactive", "tag_last_pulled": null, "tag_last_pushed": "2018-11-17T07:46:59.143645Z", "media_type": "application/vnd.docker.distribution.manifest.list.v2+json", "content_type": "image"}, {"creator": 1156886, "id": 38711949, "images": [{"architecture": "amd64", "features": "", "variant": null, "digest": "sha256:484a7ba9d46698a6e7b7414f3e52184568944dc156a34fd4f3002a9bd80b04be", "os": "linux", "os_features": "", "os_version": null, "size": 55658760, "status": "inactive", "last_pulled": null, "last_pushed": null}, {"architecture": "arm", "features": "", "variant": "v7", "digest": "sha256:a8f38e3eeabf7cab6f7302e5d63d7ef6e713859176d43a668d52ef47ddcd0a33", "os": "linux", "os_features": "", "os_version": null, "size": 48189260, "status": "inactive", "last_pulled": null, "last_pushed": null}, {"architecture": "arm64", "features": "", "variant": "v8", "digest": "sha256:9cd9e277ec8bf7e7186af50b530c12f007a006e5dffa07746aa59d08452bb623", "os": "linux", "os_features": "", "os_version": null, "size": 52028852, "status": "inactive", "last_pulled": null, "last_pushed": null}], "last_updated": "2018-10-30T12:44:34.466294Z", "last_updater": 1156886, "last_updater_username": "doijanky", "name": "7.7.20", "repository": 1726832, "full_size": 55658760, "v2": true, "tag_status": "inactive", "tag_last_pulled": null, "tag_last_pushed": "2018-10-30T12:44:34.466294Z", "media_type": "application/vnd.docker.distribution.manifest.list.v2+json", "content_type": "image"}, {"creator": 1156886, "id": 34348726, "images": [{"architecture": "amd64", "features": "", "variant": null, "digest": "sha256:fa9baf09b19d0b9986f2d6f6629789627019beb69cf5b68f5ae3465566ac2087", "os": "linux", "os_features": "", "os_version": null, "size": 56300265, "status": "inactive", "last_pulled": null, "last_pushed": null}, {"architecture": "arm", "features": "", "variant": "v7", "digest": "sha256:1d80373bc8121e4f59fb6e75f636c72cec8f8640ddf3f0a21ff01b24936217fc", "os": "linux", "os_features": "", "os_version": null, "size": 48617531, "status": "inactive", "last_pulled": null, "last_pushed": null}, {"architecture": "arm64", "features": "", "variant": "v8", "digest": "sha256:7c50866363eff7fa14312343e4c1f616176b2d811f7295480081c5fa898fb0a7", "os": "linux", "os_features": "", "os_version": null, "size": 52672229, "status": "inactive", "last_pulled": null, "last_pushed": null}], "last_updated": "2018-10-20T13:44:24.436036Z", "last_updater": 1156886, "last_updater_username": "doijanky", "name": "7.7.19", "repository": 1726832, "full_size": 56300265, "v2": true, "tag_status": "inactive", "tag_last_pulled": null, "tag_last_pushed": "2018-10-20T13:44:24.436036Z", "media_type": "application/vnd.docker.distribution.manifest.list.v2+json", "content_type": "image"}, {"creator": 1156886, "id": 30900180, "images": [{"architecture": "amd64", "features": "", "variant": null, "digest": "sha256:be40a19b5e78e6b179040b55486d408ed46ff470da91d53be36694c0e195a1a3", "os": "linux", "os_features": "", "os_version": null, "size": 56299004, "status": "inactive", "last_pulled": null, "last_pushed": null}, {"architecture": "arm", "features": "", "variant": "v7", "digest": "sha256:28db56cd99142bc7bdb0505098ff12170b7599e1cfb5b5965310e0a8ee3a2a38", "os": "linux", "os_features": "", "os_version": null, "size": 48615336, "status": "inactive", "last_pulled": null, "last_pushed": null}, {"architecture": "arm64", "features": "", "variant": "v8", "digest": "sha256:e689203e2c5ec6948fbb01022f865c1f0444b5a83766a6e2a1ad29641f3dafc8", "os": "linux", "os_features": "", "os_version": null, "size": 52667606, "status": "inactive", "last_pulled": null, "last_pushed": null}], "last_updated": "2018-07-17T15:55:08.983094Z", "last_updater": 1156886, "last_updater_username": "doijanky", "name": "7.7.18", "repository": 1726832, "full_size": 56299004, "v2": true, "tag_status": "inactive", "tag_last_pulled": null, "tag_last_pushed": "2018-07-17T15:55:08.983094Z", "media_type": "application/vnd.docker.distribution.manifest.list.v2+json", "content_type": "image"}, {"creator": 1156886, "id": 30557068, "images": [{"architecture": "amd64", "features": "", "variant": null, "digest": "sha256:a14346d630c8ca68d534f98d713d46073c2ea79670ba41475d421073203a8728", "os": "linux", "os_features": "", "os_version": null, "size": 56342586, "status": "inactive", "last_pulled": null, "last_pushed": null}, {"architecture": "arm", "features": "", "variant": "v7", "digest": "sha256:4732056b5a60f77afff4c4010d23513a68b932874e7f5da200d2eae4dd32e353", "os": "linux", "os_features": "", "os_version": null, "size": 48666735, "status": "inactive", "last_pulled": null, "last_pushed": null}, {"architecture": "arm64", "features": "", "variant": "v8", "digest": "sha256:adff7ba28e241095d97555f638732094c378134435dad8c569922c5477fa9d75", "os": "linux", "os_features": "", "os_version": null, "size": 52718362, "status": "inactive", "last_pulled": null, "last_pushed": null}], "last_updated": "2018-07-09T20:43:34.025977Z", "last_updater": 1156886, "last_updater_username": "doijanky", "name": "7.7.17", "repository": 1726832, "full_size": 56342586, "v2": true, "tag_status": "inactive", "tag_last_pulled": null, "tag_last_pushed": "2018-07-09T20:43:34.025977Z", "media_type": "application/vnd.docker.distribution.manifest.list.v2+json", "content_type": "image"}, {"creator": 1156886, "id": 29171043, "images": [{"architecture": "amd64", "features": "", "variant": null, "digest": "sha256:c0577b7aca46b4d46aba63b7001956a8ffab9c479c82dd944a9035cf01046f0b", "os": "linux", "os_features": "", "os_version": null, "size": 56322231, "status": "inactive", "last_pulled": null, "last_pushed": null}, {"architecture": "arm", "features": "", "variant": "v7", "digest": "sha256:dd83f43cda52cd94ad49bd553abc55bc882c85ffb047c875b223383ebde88047", "os": "linux", "os_features": "", "os_version": null, "size": 48647401, "status": "inactive", "last_pulled": null, "last_pushed": null}], "last_updated": "2018-06-27T12:46:27.641621Z", "last_updater": 1156886, "last_updater_username": "doijanky", "name": "7.7.16", "repository": 1726832, "full_size": 56322231, "v2": true, "tag_status": "inactive", "tag_last_pulled": null, "tag_last_pushed": "2018-06-27T12:46:27.641621Z", "media_type": "application/vnd.docker.distribution.manifest.list.v2+json", "content_type": "image"}, {"creator": 1156886, "id": 27469447, "images": [{"architecture": "amd64", "features": "", "variant": null, "digest": "sha256:3c00185bb6054011860ec905d3f7169091dbdf33473d1ed5edf2e72d2252fa55", "os": "linux", "os_features": "", "os_version": null, "size": 56296834, "status": "inactive", "last_pulled": null, "last_pushed": null}, {"architecture": "arm", "features": "", "variant": "v7", "digest": "sha256:022e4e270100e5fae77f427900e512189919d85cfcc5fe3814d276e63fa2c6a0", "os": "linux", "os_features": "", "os_version": null, "size": 48838995, "status": "inactive", "last_pulled": null, "last_pushed": null}], "last_updated": "2018-05-17T12:43:16.578307Z", "last_updater": 1156886, "last_updater_username": "doijanky", "name": "7.7.14", "repository": 1726832, "full_size": 56296834, "v2": true, "tag_status": "inactive", "tag_last_pulled": null, "tag_last_pushed": "2018-05-17T12:43:16.578307Z", "media_type": "application/vnd.docker.distribution.manifest.list.v2+json", "content_type": "image"}, {"creator": 1156886, "id": 26772988, "images": [{"architecture": "amd64", "features": "", "variant": null, "digest": "sha256:824a76bd6d9de2d97f3eea8453d795f7ccbc443c42572d981a85204c21b3f9cc", "os": "linux", "os_features": "", "os_version": null, "size": 56294513, "status": "inactive", "last_pulled": null, "last_pushed": null}, {"architecture": "arm", "features": "", "variant": "v7", "digest": "sha256:7354e99911f0646996d2fd7d8ad4b70afc0eaf6304423db77c59c776970fbcc7", "os": "linux", "os_features": "", "os_version": null, "size": 48619595, "status": "inactive", "last_pulled": null, "last_pushed": null}], "last_updated": "2018-05-04T12:43:58.766439Z", "last_updater": 1156886, "last_updater_username": "doijanky", "name": "7.7.13", "repository": 1726832, "full_size": 56294513, "v2": true, "tag_status": "inactive", "tag_last_pulled": null, "tag_last_pushed": "2018-05-04T12:43:58.766439Z", "media_type": "application/vnd.docker.distribution.manifest.list.v2+json", "content_type": "image"}, {"creator": 1156886, "id": 25373845, "images": [{"architecture": "amd64", "features": "", "variant": null, "digest": "sha256:b3e660349f422dd52bfc8714c3461984910479697f00d4ca455d9504e63801c4", "os": "linux", "os_features": "", "os_version": null, "size": 56247579, "status": "inactive", "last_pulled": null, "last_pushed": null}, {"architecture": "arm", "features": "", "variant": "v7", "digest": "sha256:eac4adab68e9166fd9de03b06dfee3941ec7b9aff5fb8fe16e1852f0756bf873", "os": "linux", "os_features": "", "os_version": null, "size": 48576847, "status": "inactive", "last_pulled": null, "last_pushed": null}], "last_updated": "2018-05-03T15:57:59.565574Z", "last_updater": 1156886, "last_updater_username": "doijanky", "name": "7.7.12", "repository": 1726832, "full_size": 56247579, "v2": true, "tag_status": "inactive", "tag_last_pulled": null, "tag_last_pushed": "2018-05-03T15:57:59.565574Z", "media_type": "application/vnd.docker.distribution.manifest.list.v2+json", "content_type": "image"}, {"creator": 1156886, "id": 24601371, "images": [{"architecture": "amd64", "features": "", "variant": null, "digest": "sha256:76f3960a1cf8da85699f90f191c8aaa575e62ce00cae71db062e654e19e44d90", "os": "linux", "os_features": "", "os_version": null, "size": 68917924, "status": "inactive", "last_pulled": null, "last_pushed": null}, {"architecture": "arm", "features": "", "variant": "v7", "digest": "sha256:03eb7faeeb6a1bb9dc78578ec30e5282d11fcabee86ff8317078b609ffff15ff", "os": "linux", "os_features": "", "os_version": null, "size": 61078942, "status": "inactive", "last_pulled": null, "last_pushed": null}], "last_updated": "2018-03-28T11:43:15.869002Z", "last_updater": 1156886, "last_updater_username": "doijanky", "name": "7.7.11", "repository": 1726832, "full_size": 68917924, "v2": true, "tag_status": "inactive", "tag_last_pulled": null, "tag_last_pushed": "2018-03-28T11:43:15.869002Z", "media_type": "application/vnd.docker.distribution.manifest.list.v2+json", "content_type": "image"}, {"creator": 1156886, "id": 23532017, "images": [{"architecture": "amd64", "features": "", "variant": null, "digest": "sha256:294706c05cdffd00e01012a3a5d77a9ebcbb4eba59539fbf09f636cb6c670bcd", "os": "linux", "os_features": "", "os_version": null, "size": 56228302, "status": "inactive", "last_pulled": null, "last_pushed": null}, {"architecture": "arm", "features": "", "variant": "v7", "digest": "sha256:e7a232a61985fc4ff9bdada23ef12c41f39a4ac9e6bef6567ca32857da4715d9", "os": "linux", "os_features": "", "os_version": null, "size": 48557536, "status": "inactive", "last_pulled": null, "last_pushed": null}], "last_updated": "2018-03-14T23:43:49.967018Z", "last_updater": 1156886, "last_updater_username": "doijanky", "name": "7.7.10", "repository": 1726832, "full_size": 56228302, "v2": true, "tag_status": "inactive", "tag_last_pulled": null, "tag_last_pushed": "2018-03-14T23:43:49.967018Z", "media_type": "application/vnd.docker.distribution.manifest.list.v2+json", "content_type": "image"}, {"creator": 1156886, "id": 22293239, "images": [{"architecture": "amd64", "features": "", "variant": null, "digest": "sha256:3a49bbd51cc1ffd9d00b02f6918579f0b13871b01a27125ef05def8691f0640a", "os": "linux", "os_features": "", "os_version": null, "size": 56232916, "status": "inactive", "last_pulled": null, "last_pushed": null}, {"architecture": "arm", "features": "", "variant": "v7", "digest": "sha256:90adf64ae54b3ae4b2fe759781c1bf6311a57d0ace4cb607af13d0e949c46fbb", "os": "linux", "os_features": "", "os_version": null, "size": 48563201, "status": "inactive", "last_pulled": null, "last_pushed": null}], "last_updated": "2018-02-16T23:43:19.760838Z", "last_updater": 1156886, "last_updater_username": "doijanky", "name": "7.7.9", "repository": 1726832, "full_size": 56232916, "v2": true, "tag_status": "inactive", "tag_last_pulled": null, "tag_last_pushed": "2018-02-16T23:43:19.760838Z", "media_type": "application/vnd.docker.distribution.manifest.list.v2+json", "content_type": "image"}, {"creator": 1156886, "id": 20576824, "images": [{"architecture": "amd64", "features": "", "variant": null, "digest": "sha256:2c42a18c9c6e11d02a77df4909be18f2a58bfdcb144cdebfb45d00745ec32db4", "os": "linux", "os_features": "", "os_version": null, "size": 56220515, "status": "inactive", "last_pulled": null, "last_pushed": null}, {"architecture": "arm", "features": "", "variant": "v7", "digest": "sha256:372860fe844968476b0f5877e90a156ececfe9d007676327faabce6b6f88b17a", "os": "linux", "os_features": "", "os_version": null, "size": 48547908, "status": "inactive", "last_pulled": null, "last_pushed": null}], "last_updated": "2018-01-13T12:43:27.576205Z", "last_updater": 1156886, "last_updater_username": "doijanky", "name": "7.7.8", "repository": 1726832, "full_size": 56220515, "v2": true, "tag_status": "inactive", "tag_last_pulled": null, "tag_last_pushed": "2018-01-13T12:43:27.576205Z", "media_type": "application/vnd.docker.distribution.manifest.list.v2+json", "content_type": "image"}, {"creator": 1156886, "id": 19925842, "images": [{"architecture": "amd64", "features": "", "variant": null, "digest": "sha256:cc325a2f8086febece486d6062525048d11d47b041dcf6454124e02254a06edf", "os": "linux", "os_features": "", "os_version": null, "size": 56215398, "status": "inactive", "last_pulled": null, "last_pushed": null}, {"architecture": "arm", "features": "", "variant": "v7", "digest": "sha256:1d8e3f3e9a548491cb3c4c52a7503d12701c28fbd7254ac36861997ce389b913", "os": "linux", "os_features": "", "os_version": null, "size": 48547479, "status": "inactive", "last_pulled": null, "last_pushed": null}], "last_updated": "2017-12-31T00:49:01.310965Z", "last_updater": 1156886, "last_updater_username": "doijanky", "name": "7.7.7", "repository": 1726832, "full_size": 56215398, "v2": true, "tag_status": "inactive", "tag_last_pulled": null, "tag_last_pushed": "2017-12-31T00:49:01.310965Z", "media_type": "application/vnd.docker.distribution.manifest.list.v2+json", "content_type": "image"}, {"creator": 1156886, "id": 19602137, "images": [{"architecture": "amd64", "features": "", "variant": null, "digest": "sha256:2902d7462986c43400885c469c7de3e930734e96e135518120357e3d02e1f3b8", "os": "linux", "os_features": "", "os_version": null, "size": 56215422, "status": "inactive", "last_pulled": null, "last_pushed": null}], "last_updated": "2017-12-19T05:44:12.203666Z", "last_updater": 1156886, "last_updater_username": "doijanky", "name": "7.7.5", "repository": 1726832, "full_size": 56215422, "v2": true, "tag_status": "inactive", "tag_last_pulled": null, "tag_last_pushed": "2017-12-19T05:44:12.203666Z", "media_type": "application/vnd.docker.distribution.manifest.list.v2+json", "content_type": "image"}, {"creator": 1156886, "id": 18762952, "images": [{"architecture": "amd64", "features": "", "variant": null, "digest": "sha256:49c60b4647493ce16434340e7402c2d609c49703565e983a752ac471055f6c3f", "os": "linux", "os_features": "", "os_version": null, "size": 56198333, "status": "inactive", "last_pulled": null, "last_pushed": null}], "last_updated": "2017-12-12T07:48:57.819242Z", "last_updater": 1156886, "last_updater_username": "doijanky", "name": "7.6.3", "repository": 1726832, "full_size": 56198333, "v2": true, "tag_status": "inactive", "tag_last_pulled": null, "tag_last_pushed": "2017-12-12T07:48:57.819242Z", "media_type": "application/vnd.docker.distribution.manifest.list.v2+json", "content_type": "image"}, {"creator": 1156886, "id": 18762949, "images": [{"architecture": "amd64", "features": "", "variant": null, "digest": "sha256:9c1ae5a12bebd90297e46734644372521c55c97af7860fcb7ad1ab362f5cc19c", "os": "linux", "os_features": "", "os_version": null, "size": 56216356, "status": "inactive", "last_pulled": null, "last_pushed": null}], "last_updated": "2017-12-12T07:48:51.562412Z", "last_updater": 1156886, "last_updater_username": "doijanky", "name": "7.7.4", "repository": 1726832, "full_size": 56216356, "v2": true, "tag_status": "inactive", "tag_last_pulled": null, "tag_last_pushed": "2017-12-12T07:48:51.562412Z", "media_type": "application/vnd.docker.distribution.manifest.list.v2+json", "content_type": "image"}, {"creator": 1156886, "id": 16564085, "images": [{"architecture": "amd64", "features": "", "variant": null, "digest": "sha256:7dc53b1333da343ddcf5413aa059c9161f27e89e5642cedbf8c87d995bc818ab", "os": "linux", "os_features": "", "os_version": null, "size": 50991858, "status": "inactive", "last_pulled": null, "last_pushed": null}], "last_updated": "2017-11-04T09:45:33.095049Z", "last_updater": 1156886, "last_updater_username": "doijanky", "name": "7.6.0", "repository": 1726832, "full_size": 50991858, "v2": true, "tag_status": "inactive", "tag_last_pulled": null, "tag_last_pushed": "2017-11-04T09:45:33.095049Z", "media_type": "application/vnd.docker.distribution.manifest.list.v2+json", "content_type": "image"}, {"creator": 1156886, "id": 17383901, "images": [{"architecture": "amd64", "features": "", "variant": null, "digest": "sha256:db45fd0e9708cc5ef6218e9de5c7a2efff2ac8ee15d6c3c9e6e1d879107ebeb1", "os": "linux", "os_features": "", "os_version": null, "size": 56210990, "status": "inactive", "last_pulled": null, "last_pushed": null}], "last_updated": "2017-11-04T09:45:26.787643Z", "last_updater": 1156886, "last_updater_username": "doijanky", "name": "7.7.2", "repository": 1726832, "full_size": 56210990, "v2": true, "tag_status": "inactive", "tag_last_pulled": null, "tag_last_pushed": "2017-11-04T09:45:26.787643Z", "media_type": "application/vnd.docker.distribution.manifest.list.v2+json", "content_type": "image"}, {"creator": 1156886, "id": 17179737, "images": [{"architecture": "amd64", "features": "", "variant": null, "digest": "sha256:029cb014e048d7b570b2f1155fd14e5a5457bcae61c43b790bf321c7744d6fc9", "os": "linux", "os_features": "", "os_version": null, "size": 56197066, "status": "inactive", "last_pulled": null, "last_pushed": null}], "last_updated": "2017-10-27T17:43:01.630933Z", "last_updater": 1156886, "last_updater_username": "doijanky", "name": "7.7.1", "repository": 1726832, "full_size": 56197066, "v2": true, "tag_status": "inactive", "tag_last_pulled": null, "tag_last_pushed": "2017-10-27T17:43:01.630933Z", "media_type": "application/vnd.docker.distribution.manifest.list.v2+json", "content_type": "image"}, {"creator": 1156886, "id": 15248462, "images": [{"architecture": "amd64", "features": "", "variant": null, "digest": "sha256:7242df3ff7907456aed423998d089c65217a42778921a7540b71718d72ac88f2", "os": "linux", "os_features": "", "os_version": null, "size": 50987772, "status": "inactive", "last_pulled": null, "last_pushed": null}], "last_updated": "2017-10-09T22:44:28.668155Z", "last_updater": 1156886, "last_updater_username": "doijanky", "name": "7.5.15", "repository": 1726832, "full_size": 50987772, "v2": true, "tag_status": "inactive", "tag_last_pulled": null, "tag_last_pushed": "2017-10-09T22:44:28.668155Z", "media_type": "application/vnd.docker.distribution.manifest.list.v2+json", "content_type": "image"}, {"creator": 1156886, "id": 16033247, "images": [{"architecture": "amd64", "features": "", "variant": null, "digest": "sha256:8063308ec800b06d8e0bcf490228a844f84ff74a28fedda0b24960099735472e", "os": "linux", "os_features": "", "os_version": null, "size": 50990553, "status": "inactive", "last_pulled": null, "last_pushed": null}], "last_updated": "2017-10-09T22:44:21.826615Z", "last_updater": 1156886, "last_updater_username": "doijanky", "name": "7.7.0", "repository": 1726832, "full_size": 50990553, "v2": true, "tag_status": "inactive", "tag_last_pulled": null, "tag_last_pushed": "2017-10-09T22:44:21.826615Z", "media_type": "application/vnd.docker.distribution.manifest.list.v2+json", "content_type": "image"}, {"creator": 2215, "id": 14937286, "images": [{"architecture": "amd64", "features": "", "variant": null, "digest": "sha256:1184113466ff0525b7b77e81ab953e8d160b071ea01b6d7468c49766118e009a", "os": "linux", "os_features": "", "os_version": null, "size": 50976142, "status": "inactive", "last_pulled": null, "last_pushed": null}], "last_updated": "2017-09-12T22:30:59.149285Z", "last_updater": 1156886, "last_updater_username": "doijanky", "name": "7.5.14", "repository": 1726832, "full_size": 50976142, "v2": true, "tag_status": "inactive", "tag_last_pulled": null, "tag_last_pushed": "2017-09-12T22:30:59.149285Z", "media_type": "application/vnd.docker.distribution.manifest.list.v2+json", "content_type": "image"}, {"creator": 2215, "id": 14744469, "images": [{"architecture": "amd64", "features": "", "variant": null, "digest": "sha256:7e01a370f48e9b502b693ddc49ae45079df16cf951ad0e6e2a52ac5ffe5b0cfb", "os": "linux", "os_features": "", "os_version": null, "size": 50775360, "status": "inactive", "last_pulled": null, "last_pushed": null}], "last_updated": "2017-08-31T19:46:28.715653Z", "last_updater": 2215, "last_updater_username": "stackbrew", "name": "7.5.13", "repository": 1726832, "full_size": 50775360, "v2": true, "tag_status": "inactive", "tag_last_pulled": null, "tag_last_pushed": "2017-08-31T19:46:28.715653Z", "media_type": "application/vnd.docker.container.image.v1+json", "content_type": "image"}, {"creator": 2215, "id": 14060424, "images": [{"architecture": "amd64", "features": "", "variant": null, "digest": "sha256:ef66188fc92bd405f7e18eadafac3f1f2b9358b1f9fcac6734def8f2008a0b3a", "os": "linux", "os_features": "", "os_version": null, "size": 50763670, "status": "inactive", "last_pulled": null, "last_pushed": null}], "last_updated": "2017-08-14T17:11:50.52332Z", "last_updater": 2215, "last_updater_username": "stackbrew", "name": "7.5.12", "repository": 1726832, "full_size": 50763670, "v2": true, "tag_status": "inactive", "tag_last_pulled": null, "tag_last_pushed": "2017-08-14T17:11:50.52332Z", "media_type": "application/vnd.docker.container.image.v1+json", "content_type": "image"}, {"creator": 2215, "id": 13960113, "images": [{"architecture": "amd64", "features": "", "variant": null, "digest": "sha256:4c55d828b438b34ee1abe5ee191607864061c9272ae2722a59d403bb2261dfa9", "os": "linux", "os_features": "", "os_version": null, "size": 50757507, "status": "inactive", "last_pulled": null, "last_pushed": null}], "last_updated": "2017-08-10T21:26:53.723425Z", "last_updater": 2215, "last_updater_username": "stackbrew", "name": "7.5.11", "repository": 1726832, "full_size": 50757507, "v2": true, "tag_status": "inactive", "tag_last_pulled": null, "tag_last_pushed": "2017-08-10T21:26:53.723425Z", "media_type": "application/vnd.docker.container.image.v1+json", "content_type": "image"}]