[{"creator": 621950, "id": 4150386, "images": [{"architecture": "amd64", "features": "", "variant": null, "digest": "sha256:545f3c6b3fae1eee3b82dad78bca7bb4933e3fc361df31c835fede32aa8af3e5", "os": "linux", "os_features": "", "os_version": null, "size": 11727462, "status": "active", "last_pulled": "2024-01-20T07:02:37.770081Z", "last_pushed": "2023-12-01T07:01:06.154281Z"}, {"architecture": "arm", "features": "", "variant": "v6", "digest": "sha256:ffe6eb7e0bb3054579be5cc765a23ecadf04c22ddc3c98b86bd6f602fe3676e7", "os": "linux", "os_features": "", "os_version": null, "size": 11364123, "status": "active", "last_pulled": "2024-01-19T23:41:25.705249Z", "last_pushed": "2023-12-01T01:07:14.521543Z"}, {"architecture": "arm64", "features": "", "variant": "v8", "digest": "sha256:9db60674c0f1dd59645d4b6c37cb5d254a2e5c663f8e56149819134d1bb8344b", "os": "linux", "os_features": "", "os_version": null, "size": 11686667, "status": "active", "last_pulled": "2024-01-19T19:04:20.499347Z", "last_pushed": "2023-12-01T03:30:19.561832Z"}], "last_updated": "2023-12-01T07:01:30.10372Z", "last_updater": 1156886, "last_updater_username": "doijanky", "name": "latest", "repository": 836537, "full_size": 11727462, "v2": true, "tag_status": "active", "tag_last_pulled": "2024-01-20T07:52:24.980296Z", "tag_last_pushed": "2023-12-01T07:01:30.10372Z", "media_type": "application/vnd.docker.distribution.manifest.list.v2+json", "content_type": "image", "digest": "sha256:1cad2b51626113b4a567a871b00914876ccc7479afff3b7946965202d77279a4"}, {"creator": 621950, "id": 4148709, "images": [{"architecture": "amd64", "features": "", "variant": null, "digest": "sha256:545f3c6b3fae1eee3b82dad78bca7bb4933e3fc361df31c835fede32aa8af3e5", "os": "linux", "os_features": "", "os_version": null, "size": 11727462, "status": "active", "last_pulled": "2024-01-20T07:02:37.770081Z", "last_pushed": "2023-12-01T07:01:06.154281Z"}, {"architecture": "arm", "features": "", "variant": "v6", "digest": "sha256:ffe6eb7e0bb3054579be5cc765a23ecadf04c22ddc3c98b86bd6f602fe3676e7", "os": "linux", "os_features": "", "os_version": null, "size": 11364123, "status": "active", "last_pulled": "2024-01-19T23:41:25.705249Z", "last_pushed": "2023-12-01T01:07:14.521543Z"}, {"architecture": "arm64", "features": "", "variant": "v8", "digest": "sha256:9db60674c0f1dd59645d4b6c37cb5d254a2e5c663f8e56149819134d1bb8344b", "os": "linux", "os_features": "", "os_version": null, "size": 11686667, "status": "active", "last_pulled": "2024-01-19T19:04:20.499347Z", "last_pushed": "2023-12-01T03:30:19.561832Z"}], "last_updated": "2023-12-01T07:01:32.915798Z", "last_updater": 1156886, "last_updater_username": "doijanky", "name": "stable", "repository": 836537, "full_size": 11727462, "v2": true, "tag_status": "active", "tag_last_pulled": "2024-01-20T07:52:24.980296Z", "tag_last_pushed": "2023-12-01T07:01:32.915798Z", "media_type": "application/vnd.docker.distribution.manifest.list.v2+json", "content_type": "image", "digest": "sha256:1cad2b51626113b4a567a871b00914876ccc7479afff3b7946965202d77279a4"}, {"creator": 621950, "id": 4152728, "images": [{"architecture": "amd64", "features": "", "variant": null, "digest": "sha256:0dbae2bcb5c0afd85aeb02ecb33593d552ee8eade082997d60ee456b82360bbf", "os": "linux", "os_features": "", "os_version": null, "size": 16146288, "status": "active", "last_pulled": "2024-01-19T21:44:09.866007Z", "last_pushed": "2023-12-01T07:01:24.20439Z"}, {"architecture": "arm", "features": "", "variant": "v6", "digest": "sha256:efadae87c1de5e32ec5ae3feaa94ad1036efb3c68fcc7d0ebe87048259ade9c4", "os": "linux", "os_features": "", "os_version": null, "size": 15746145, "status": "active", "last_pulled": "2024-01-19T02:34:59.319263Z", "last_pushed": "2023-12-01T01:07:30.887717Z"}, {"architecture": "arm64", "features": "", "variant": "v8", "digest": "sha256:70c32e454aca8c3516627dcde5ed95984bd6101e20fa8af37bf0cc0e2f8f7e93", "os": "linux", "os_features": "", "os_version": null, "size": 16114076, "status": "active", "last_pulled": "2024-01-19T06:02:21.472219Z", "last_pushed": "2023-12-01T03:30:36.546097Z"}], "last_updated": "2023-12-01T07:01:26.693641Z", "last_updater": 1156886, "last_updater_username": "doijanky", "name": "develop", "repository": 836537, "full_size": 16146288, "v2": true, "tag_status": "active", "tag_last_pulled": "2024-01-20T06:29:51.671786Z", "tag_last_pushed": "2023-12-01T07:01:26.693641Z", "media_type": "application/vnd.docker.distribution.manifest.list.v2+json", "content_type": "image", "digest": "sha256:979dd0a571a6d884d6f4005d87e259b01d2eccf4a693b93a11467bd071f51274"}, {"creator": 1156886, "id": 403647933, "images": [{"architecture": "amd64", "features": "", "variant": null, "digest": "sha256:545f3c6b3fae1eee3b82dad78bca7bb4933e3fc361df31c835fede32aa8af3e5", "os": "linux", "os_features": "", "os_version": null, "size": 11727462, "status": "active", "last_pulled": "2024-01-20T07:02:37.770081Z", "last_pushed": "2023-12-01T07:01:06.154281Z"}, {"architecture": "arm", "features": "", "variant": "v6", "digest": "sha256:ffe6eb7e0bb3054579be5cc765a23ecadf04c22ddc3c98b86bd6f602fe3676e7", "os": "linux", "os_features": "", "os_version": null, "size": 11364123, "status": "active", "last_pulled": "2024-01-19T23:41:25.705249Z", "last_pushed": "2023-12-01T01:07:14.521543Z"}, {"architecture": "arm64", "features": "", "variant": "v8", "digest": "sha256:9db60674c0f1dd59645d4b6c37cb5d254a2e5c663f8e56149819134d1bb8344b", "os": "linux", "os_features": "", "os_version": null, "size": 11686667, "status": "active", "last_pulled": "2024-01-19T19:04:20.499347Z", "last_pushed": "2023-12-01T03:30:19.561832Z"}], "last_updated": "2023-12-01T07:01:13.033645Z", "last_updater": 1156886, "last_updater_username": "doijanky", "name": "1.9.5", "repository": 836537, "full_size": 11727462, "v2": true, "tag_status": "active", "tag_last_pulled": "2024-01-20T07:52:24.980296Z", "tag_last_pushed": "2023-12-01T07:01:13.033645Z", "media_type": "application/vnd.docker.distribution.manifest.list.v2+json", "content_type": "image", "digest": "sha256:1cad2b51626113b4a567a871b00914876ccc7479afff3b7946965202d77279a4"}, {"creator": 1156886, "id": 143444764, "images": [{"architecture": "amd64", "features": "", "variant": null, "digest": "sha256:545f3c6b3fae1eee3b82dad78bca7bb4933e3fc361df31c835fede32aa8af3e5", "os": "linux", "os_features": "", "os_version": null, "size": 11727462, "status": "active", "last_pulled": "2024-01-20T07:02:37.770081Z", "last_pushed": "2023-12-01T07:01:06.154281Z"}, {"architecture": "arm", "features": "", "variant": "v6", "digest": "sha256:ffe6eb7e0bb3054579be5cc765a23ecadf04c22ddc3c98b86bd6f602fe3676e7", "os": "linux", "os_features": "", "os_version": null, "size": 11364123, "status": "active", "last_pulled": "2024-01-19T23:41:25.705249Z", "last_pushed": "2023-12-01T01:07:14.521543Z"}, {"architecture": "arm64", "features": "", "variant": "v8", "digest": "sha256:9db60674c0f1dd59645d4b6c37cb5d254a2e5c663f8e56149819134d1bb8344b", "os": "linux", "os_features": "", "os_version": null, "size": 11686667, "status": "active", "last_pulled": "2024-01-19T19:04:20.499347Z", "last_pushed": "2023-12-01T03:30:19.561832Z"}], "last_updated": "2023-12-01T07:01:09.333447Z", "last_updater": 1156886, "last_updater_username": "doijanky", "name": "1.9", "repository": 836537, "full_size": 11727462, "v2": true, "tag_status": "active", "tag_last_pulled": "2024-01-20T07:52:24.980296Z", "tag_last_pushed": "2023-12-01T07:01:09.333447Z", "media_type": "application/vnd.docker.distribution.manifest.list.v2+json", "content_type": "image", "digest": "sha256:1cad2b51626113b4a567a871b00914876ccc7479afff3b7946965202d77279a4"}, {"creator": 1156886, "id": 349953176, "images": [{"architecture": "amd64", "features": "", "variant": null, "digest": "sha256:7d503e0bbbcf926621597e8442d5b75273ed5f51cbaebf5ca4c32e1cbca62d6e", "os": "linux", "os_features": "", "os_version": null, "size": 11707730, "status": "active", "last_pulled": "2024-01-19T21:44:01.609085Z", "last_pushed": "2023-02-11T08:11:41.285886Z"}, {"architecture": "arm", "features": "", "variant": "v6", "digest": "sha256:add1154fcd484e80e959a680b538c3bfd2a25aedc5e2db342f32572170880ef0", "os": "linux", "os_features": "", "os_version": null, "size": 11352013, "status": "active", "last_pulled": "2024-01-04T18:03:58.336669Z", "last_pushed": "2023-03-13T17:30:21.378695Z"}, {"architecture": "arm64", "features": "", "variant": "v8", "digest": "sha256:1c7967dde971d677a4171a266645bebd6cc600eef70813b3accd66d4d2b45ae2", "os": "linux", "os_features": "", "os_version": null, "size": 11668449, "status": "active", "last_pulled": "2024-01-04T18:03:59.260934Z", "last_pushed": "2023-02-10T22:34:42.178595Z"}], "last_updated": "2023-03-13T17:30:28.432187Z", "last_updater": 1156886, "last_updater_username": "doijanky", "name": "1.9.4", "repository": 836537, "full_size": 11707730, "v2": true, "tag_status": "active", "tag_last_pulled": "2024-01-19T21:44:01.609085Z", "tag_last_pushed": "2023-03-13T17:30:28.432187Z", "media_type": "application/vnd.docker.distribution.manifest.list.v2+json", "content_type": "image", "digest": "sha256:12ea1bd2bfd37a770c3a514bad1f1d19386134b26b1071f1b2fdc411578dc903"}, {"creator": 1156886, "id": 270653564, "images": [{"architecture": "amd64", "features": "", "variant": null, "digest": "sha256:00977f9e07c4fca52ecb09bdd886c9d1296289eb3f4bc4d34ceb6058280321aa", "os": "linux", "os_features": "", "os_version": null, "size": 8185933, "status": "active", "last_pulled": "2024-01-19T21:43:57.456722Z", "last_pushed": "2022-11-12T05:36:56.20932Z"}, {"architecture": "arm", "features": "", "variant": "v6", "digest": "sha256:42b4b4fe83c2326e3f0e2737b6190f2c54f34081f62743c5c71198938e9e713a", "os": "linux", "os_features": "", "os_version": null, "size": 7925370, "status": "active", "last_pulled": "2024-01-04T18:04:01.054456Z", "last_pushed": "2022-11-12T04:47:31.355018Z"}, {"architecture": "arm64", "features": "", "variant": "v8", "digest": "sha256:ed480444e04df88c2a106e571ea33fce6039ed27604a28ee448f4473fc87efa0", "os": "linux", "os_features": "", "os_version": null, "size": 8133123, "status": "active", "last_pulled": "2024-01-04T18:04:01.446305Z", "last_pushed": "2022-11-12T06:21:23.653044Z"}], "last_updated": "2022-11-12T06:21:29.654997Z", "last_updater": 1156886, "last_updater_username": "doijanky", "name": "1.9.3", "repository": 836537, "full_size": 8185933, "v2": true, "tag_status": "active", "tag_last_pulled": "2024-01-19T21:43:57.456722Z", "tag_last_pushed": "2022-11-12T06:21:29.654997Z", "media_type": "application/vnd.docker.distribution.manifest.list.v2+json", "content_type": "image", "digest": "sha256:7d2100934fc27c2f26a70cc59d32e55fa9ee59c7e6db05cbf5282073c09edf13"}, {"creator": 1156886, "id": 255650638, "images": [{"architecture": "amd64", "features": "", "variant": null, "digest": "sha256:84103aa45a8a586765646627c7d5cf473cf5cd77c53a188613d22a8ccf492038", "os": "linux", "os_features": "", "os_version": null, "size": 8185513, "status": "active", "last_pulled": "2024-01-19T21:43:59.728209Z", "last_pushed": "2022-08-09T18:52:43.215678Z"}, {"architecture": "arm", "features": "", "variant": "v6", "digest": "sha256:9635d09f07af95089bef1d110306b0d4525e3c935650ad127b769fb73343a05c", "os": "linux", "os_features": "", "os_version": null, "size": 7924514, "status": "active", "last_pulled": "2024-01-05T00:18:44.289614Z", "last_pushed": "2022-08-09T19:10:39.612707Z"}, {"architecture": "arm64", "features": "", "variant": "v8", "digest": "sha256:a5b7fee62c2452e0fca5594b8ac9a278e7f922dde582c4324a1ade2eabba38e2", "os": "linux", "os_features": "", "os_version": null, "size": 8132060, "status": "active", "last_pulled": "2024-01-05T00:18:44.87872Z", "last_pushed": "2022-08-10T05:24:24.979838Z"}], "last_updated": "2022-08-10T05:24:27.526946Z", "last_updater": 1156886, "last_updater_username": "doijanky", "name": "1.9.3rc1", "repository": 836537, "full_size": 8185513, "v2": true, "tag_status": "active", "tag_last_pulled": "2024-01-19T21:43:59.728209Z", "tag_last_pushed": "2022-08-10T05:24:27.526946Z", "media_type": "application/vnd.docker.distribution.manifest.list.v2+json", "content_type": "image", "digest": "sha256:967704ae0fe6c2160b11ec536b9120f08b1e6360203f04b08a79c508c572392a"}, {"creator": 1156886, "id": 197751230, "images": [{"architecture": "amd64", "features": "", "variant": null, "digest": "sha256:7c1f07fb2993db2d23c2e3a8e823129712498b74c5e45e56f55b7404c92e592f", "os": "linux", "os_features": "", "os_version": null, "size": 8300472, "status": "active", "last_pulled": "2024-01-19T21:43:51.077177Z", "last_pushed": "2022-08-09T18:52:25.299637Z"}, {"architecture": "arm", "features": "", "variant": "v6", "digest": "sha256:e37161cd4b8b5bed14a49cfdad3e2a9c48b7313e94c982463c045ad10aca8c31", "os": "linux", "os_features": "", "os_version": null, "size": 7987782, "status": "active", "last_pulled": "2024-01-04T18:04:02.64953Z", "last_pushed": "2022-08-09T19:10:19.979705Z"}, {"architecture": "arm64", "features": "", "variant": "v8", "digest": "sha256:e84f7c32f517ff5fa326176eec3e8991d9f7ad57cd995146ffdedb2ced0b2e33", "os": "linux", "os_features": "", "os_version": null, "size": 8214605, "status": "active", "last_pulled": "2024-01-04T18:04:02.87934Z", "last_pushed": "2022-08-10T05:24:05.069241Z"}], "last_updated": "2022-08-10T05:24:12.134087Z", "last_updater": 1156886, "last_updater_username": "doijanky", "name": "1.9.2", "repository": 836537, "full_size": 8300472, "v2": true, "tag_status": "active", "tag_last_pulled": "2024-01-19T21:43:51.077177Z", "tag_last_pushed": "2022-08-10T05:24:12.134087Z", "media_type": "application/vnd.docker.distribution.manifest.list.v2+json", "content_type": "image", "digest": "sha256:2bc0c3cea857f5dfcc25291376e061b033358062d9f8b044c1ba87cad5fe50f1"}, {"creator": 1156886, "id": 156749003, "images": [{"architecture": "arm64", "features": "", "variant": "v8", "digest": "sha256:c8605c08e15d161ef475826cfe46d635b05970a3b77fce7532c9e3b686da6e03", "os": "linux", "os_features": "", "os_version": null, "size": 8217797, "status": "active", "last_pulled": "2024-01-06T23:19:49.077117Z", "last_pushed": "2021-12-20T18:59:14.581649Z"}, {"architecture": "arm", "features": "", "variant": "v6", "digest": "sha256:aa2faecba35703de5960df23dd3f431bfff6b4699cdfb667b87187fc13787f29", "os": "linux", "os_features": "", "os_version": null, "size": 7995863, "status": "active", "last_pulled": "2024-01-06T23:19:49.061703Z", "last_pushed": "2021-12-20T18:59:13.396981Z"}, {"architecture": "amd64", "features": "", "variant": null, "digest": "sha256:a59e974d59389e831ecae043d9231947218922df96c69901407b54511feb5dd7", "os": "linux", "os_features": "", "os_version": null, "size": 8300231, "status": "active", "last_pulled": "2024-01-19T21:43:49.125529Z", "last_pushed": "2021-12-20T18:30:19.253171Z"}], "last_updated": "2021-12-20T18:59:19.386849Z", "last_updater": 1156886, "last_updater_username": "doijanky", "name": "1.9.1", "repository": 836537, "full_size": 8300231, "v2": true, "tag_status": "active", "tag_last_pulled": "2024-01-19T21:43:49.125529Z", "tag_last_pushed": "2021-12-20T18:59:19.386849Z", "media_type": "application/vnd.docker.distribution.manifest.list.v2+json", "content_type": "image"}, {"creator": 1156886, "id": 43269694, "images": [{"architecture": "amd64", "features": "", "variant": null, "digest": "sha256:78910c1ea3dc7d95af7a3bd4e64aba0275807532ccbd8f63aca387806ed6087d", "os": "linux", "os_features": "", "os_version": null, "size": 8802041, "status": "active", "last_pulled": "2024-01-19T21:43:09.030498Z", "last_pushed": "2021-11-19T02:31:50.869016Z"}], "last_updated": "2021-11-19T02:31:54.919089Z", "last_updater": 1156886, "last_updater_username": "doijanky", "name": "1.8.4", "repository": 836537, "full_size": 8802041, "v2": true, "tag_status": "active", "tag_last_pulled": "2024-01-19T21:43:09.030498Z", "tag_last_pushed": "2021-11-19T02:31:54.919089Z", "media_type": "application/vnd.docker.distribution.manifest.list.v2+json", "content_type": "image"}, {"creator": 621950, "id": 4148953, "images": [{"architecture": "amd64", "features": "", "variant": null, "digest": "sha256:78910c1ea3dc7d95af7a3bd4e64aba0275807532ccbd8f63aca387806ed6087d", "os": "linux", "os_features": "", "os_version": null, "size": 8802041, "status": "active", "last_pulled": "2024-01-19T21:43:09.030498Z", "last_pushed": "2021-11-19T02:31:50.869016Z"}], "last_updated": "2021-11-19T02:31:52.797063Z", "last_updater": 1156886, "last_updater_username": "doijanky", "name": "1.8", "repository": 836537, "full_size": 8802041, "v2": true, "tag_status": "active", "tag_last_pulled": "2024-01-19T21:43:09.030498Z", "tag_last_pushed": "2021-11-19T02:31:52.797063Z", "media_type": "application/vnd.docker.distribution.manifest.list.v2+json", "content_type": "image"}, {"creator": 1156886, "id": 143444781, "images": [{"architecture": "amd64", "features": "", "variant": null, "digest": "sha256:e8c3fe57ff5964dd97a8d2a2a506f6a40031e625afb25bdb5b1ec22988823d56", "os": "linux", "os_features": "", "os_version": null, "size": 8224211, "status": "active", "last_pulled": "2024-01-19T21:43:47.240594Z", "last_pushed": "2021-04-14T20:47:19.508484Z"}, {"architecture": "arm64", "features": "", "variant": "v8", "digest": "sha256:2bbe127552ec58191550d7af38e5e2a838fa635f56809e3e1db2dd36d4c67b84", "os": "linux", "os_features": "", "os_version": null, "size": 8545444, "status": "active", "last_pulled": "2024-01-06T23:19:50.62048Z", "last_pushed": "2021-06-15T23:48:21.341181Z"}, {"architecture": "arm", "features": "", "variant": "v6", "digest": "sha256:7006981f543e82459e49c13f2c60aa6c22dae0ce2b3a190293ba68f995407265", "os": "linux", "os_features": "", "os_version": null, "size": 8312907, "status": "active", "last_pulled": "2024-01-06T23:19:50.854422Z", "last_pushed": "2021-06-16T11:20:48.411092Z"}], "last_updated": "2021-06-16T11:20:54.743774Z", "last_updater": 1156886, "last_updater_username": "doijanky", "name": "1.9.0", "repository": 836537, "full_size": 8224211, "v2": true, "tag_status": "active", "tag_last_pulled": "2024-01-19T21:43:47.240594Z", "tag_last_pushed": "2021-06-16T11:20:54.743774Z", "media_type": "application/vnd.docker.distribution.manifest.list.v2+json", "content_type": "image"}, {"creator": 1156886, "id": 42700739, "images": [{"architecture": "amd64", "features": "", "variant": null, "digest": "sha256:3b5b3ed588aea5d7ea00bcadf1431072fd11b557a8ab1851d81a1abeeecc659d", "os": "linux", "os_features": "", "os_version": null, "size": 9572850, "status": "inactive", "last_pulled": null, "last_pushed": null}, {"architecture": "arm", "features": "", "variant": "v6", "digest": "sha256:3a9faf74c8e85571c1c44375147389e4969f9cf9762857e119c5290981690d29", "os": "linux", "os_features": "", "os_version": null, "size": 9017875, "status": "inactive", "last_pulled": null, "last_pushed": null}, {"architecture": "arm64", "features": "", "variant": "v8", "digest": "sha256:44219a31f43e25bf12485b2b24430d76256b8aaa7eb1936eb149adf849c92b73", "os": "linux", "os_features": "", "os_version": null, "size": 8935214, "status": "inactive", "last_pulled": null, "last_pushed": null}], "last_updated": "2018-12-21T13:45:08.60295Z", "last_updater": 1156886, "last_updater_username": "doijanky", "name": "1.8.4rc2", "repository": 836537, "full_size": 9572850, "v2": true, "tag_status": "inactive", "tag_last_pulled": null, "tag_last_pushed": "2018-12-21T13:45:08.60295Z", "media_type": "application/vnd.docker.distribution.manifest.list.v2+json", "content_type": "image"}, {"creator": 1156886, "id": 22054913, "images": [{"architecture": "amd64", "features": "", "variant": null, "digest": "sha256:320f3b437b23756f4528df9f20ea99aff59d71222b96a61d5db07939f7407260", "os": "linux", "os_features": "", "os_version": null, "size": 9554705, "status": "inactive", "last_pulled": null, "last_pushed": null}], "last_updated": "2018-12-21T04:44:59.302843Z", "last_updater": 1156886, "last_updater_username": "doijanky", "name": "1.8.3", "repository": 836537, "full_size": 9554705, "v2": true, "tag_status": "inactive", "tag_last_pulled": null, "tag_last_pushed": "2018-12-21T04:44:59.302843Z", "media_type": "application/vnd.docker.distribution.manifest.list.v2+json", "content_type": "image"}, {"creator": 1156886, "id": 42392929, "images": [{"architecture": "amd64", "features": "", "variant": null, "digest": "sha256:d6fdd43e303ad9e26ab8b29fd2fea256c9636a9f416913bd79b02ba19c566b5a", "os": "linux", "os_features": "", "os_version": null, "size": 10865974, "status": "inactive", "last_pulled": null, "last_pushed": null}, {"architecture": "arm", "features": "", "variant": "v6", "digest": "sha256:2b81099b00f6f8ee3306c7eacebd8e779c676a668a233ccd5c208b466e080a63", "os": "linux", "os_features": "", "os_version": null, "size": 9018530, "status": "inactive", "last_pulled": null, "last_pushed": null}, {"architecture": "arm64", "features": "", "variant": "v8", "digest": "sha256:37e1be2eeb6f75f99f9602a00ca4c5d4336a2e0f4d5249d4775fa26b176720db", "os": "linux", "os_features": "", "os_version": null, "size": 8935222, "status": "inactive", "last_pulled": null, "last_pushed": null}], "last_updated": "2018-12-13T10:43:43.751885Z", "last_updater": 1156886, "last_updater_username": "doijanky", "name": "1.8.4rc1", "repository": 836537, "full_size": 10865974, "v2": true, "tag_status": "inactive", "tag_last_pulled": null, "tag_last_pushed": "2018-12-13T10:43:43.751885Z", "media_type": "application/vnd.docker.distribution.manifest.list.v2+json", "content_type": "image"}, {"creator": 621950, "id": 4155651, "images": [{"architecture": "amd64", "features": "", "variant": null, "digest": "sha256:3249a5ec3ec5248751f91313bd0784d7278e4a9f8a82ed872ae7115b26115eda", "os": "linux", "os_features": "", "os_version": null, "size": 6116016, "status": "inactive", "last_pulled": null, "last_pushed": null}], "last_updated": "2018-07-06T15:42:36.225286Z", "last_updater": 1156886, "last_updater_username": "doijanky", "name": "1.6.21", "repository": 836537, "full_size": 6116016, "v2": true, "tag_status": "inactive", "tag_last_pulled": null, "tag_last_pushed": "2018-07-06T15:42:36.225286Z", "media_type": "application/vnd.docker.distribution.manifest.list.v2+json", "content_type": "image"}, {"creator": 621950, "id": 4151460, "images": [{"architecture": "amd64", "features": "", "variant": null, "digest": "sha256:3249a5ec3ec5248751f91313bd0784d7278e4a9f8a82ed872ae7115b26115eda", "os": "linux", "os_features": "", "os_version": null, "size": 6116016, "status": "inactive", "last_pulled": null, "last_pushed": null}], "last_updated": "2018-07-06T15:42:35.911665Z", "last_updater": 1156886, "last_updater_username": "doijanky", "name": "1.6", "repository": 836537, "full_size": 6116016, "v2": true, "tag_status": "inactive", "tag_last_pulled": null, "tag_last_pushed": "2018-07-06T15:42:35.911665Z", "media_type": "application/vnd.docker.distribution.manifest.list.v2+json", "content_type": "image"}, {"creator": 2215, "id": 14070265, "images": [{"architecture": "amd64", "features": "", "variant": null, "digest": "sha256:97eeb0fcd3d4bca97229c90d7bc42077bd712d0e3d480d422d1bf3ab976d8cb2", "os": "linux", "os_features": "", "os_version": null, "size": 7485731, "status": "inactive", "last_pulled": null, "last_pushed": null}], "last_updated": "2018-01-10T03:43:07.926035Z", "last_updater": 1156886, "last_updater_username": "doijanky", "name": "1.8.2", "repository": 836537, "full_size": 7485731, "v2": true, "tag_status": "inactive", "tag_last_pulled": null, "tag_last_pushed": "2018-01-10T03:43:07.926035Z", "media_type": "application/vnd.docker.distribution.manifest.list.v2+json", "content_type": "image"}, {"creator": 1156886, "id": 19785196, "images": [{"architecture": "amd64", "features": "", "variant": null, "digest": "sha256:1f5199440537fdd9fff524e9bc4c9d908d519dfff943896e5dc8b5adbb33d4e1", "os": "linux", "os_features": "", "os_version": null, "size": 9467529, "status": "inactive", "last_pulled": null, "last_pushed": null}], "last_updated": "2018-01-10T03:42:58.767363Z", "last_updater": 1156886, "last_updater_username": "doijanky", "name": "1.8.3rc1", "repository": 836537, "full_size": 9467529, "v2": true, "tag_status": "inactive", "tag_last_pulled": null, "tag_last_pushed": "2018-01-10T03:42:58.767363Z", "media_type": "application/vnd.docker.distribution.manifest.list.v2+json", "content_type": "image"}, {"creator": 2215, "id": 9442350, "images": [{"architecture": "amd64", "features": "", "variant": null, "digest": "sha256:18f4df4c38d0f32153594ffafc62f59d27c6fdd12935c51da67fb4fbe649dec2", "os": "linux", "os_features": "", "os_version": null, "size": 7375514, "status": "inactive", "last_pulled": null, "last_pushed": null}], "last_updated": "2017-07-24T16:12:20.4296Z", "last_updater": 2215, "last_updater_username": "stackbrew", "name": "1.8.1", "repository": 836537, "full_size": 7375514, "v2": true, "tag_status": "inactive", "tag_last_pulled": null, "tag_last_pushed": "2017-07-24T16:12:20.4296Z", "media_type": "application/vnd.docker.container.image.v1+json", "content_type": "image"}, {"creator": 2215, "id": 13268014, "images": [{"architecture": "amd64", "features": "", "variant": null, "digest": "sha256:8fc0983fd1a63ffc57f4ee9bf1dd7e6ec2710488fd8f4911256f7798e806cb9b", "os": "linux", "os_features": "", "os_version": null, "size": 9103423, "status": "inactive", "last_pulled": null, "last_pushed": null}], "last_updated": "2017-07-24T16:12:12.482319Z", "last_updater": 2215, "last_updater_username": "stackbrew", "name": "1.8.2rc2", "repository": 836537, "full_size": 9103423, "v2": true, "tag_status": "inactive", "tag_last_pulled": null, "tag_last_pushed": "2017-07-24T16:12:12.482319Z", "media_type": "application/vnd.docker.container.image.v1+json", "content_type": "image"}, {"creator": 2215, "id": 12824750, "images": [{"architecture": "amd64", "features": "", "variant": null, "digest": "sha256:7f9155e27d37878e2e36785f707af973b59a516438134a34fc437b62d05bdcef", "os": "linux", "os_features": "", "os_version": null, "size": 9103464, "status": "inactive", "last_pulled": null, "last_pushed": null}], "last_updated": "2017-07-11T19:11:50.735231Z", "last_updater": 2215, "last_updater_username": "stackbrew", "name": "1.8.2rc1", "repository": 836537, "full_size": 9103464, "v2": true, "tag_status": "inactive", "tag_last_pulled": null, "tag_last_pushed": "2017-07-11T19:11:50.735231Z", "media_type": "application/vnd.docker.container.image.v1+json", "content_type": "image"}, {"creator": 2215, "id": 8669951, "images": [{"architecture": "amd64", "features": "", "variant": null, "digest": "sha256:26a8cf49a7f892c14ab33518077807212afb3db54e7e61c637d2145edf2186fa", "os": "linux", "os_features": "", "os_version": null, "size": 7250884, "status": "inactive", "last_pulled": null, "last_pushed": null}], "last_updated": "2017-03-04T04:53:28.305459Z", "last_updater": 2215, "last_updater_username": "stackbrew", "name": "1.8.1rc2", "repository": 836537, "full_size": 7250884, "v2": true, "tag_status": "inactive", "tag_last_pulled": null, "tag_last_pushed": "2017-03-04T04:53:28.305459Z", "media_type": "application/vnd.docker.container.image.v1+json", "content_type": "image"}, {"creator": 621950, "id": 4153476, "images": [{"architecture": "amd64", "features": "", "variant": null, "digest": "sha256:54d76cc57d1277f8a0371b7fd6ef9ccfaca635ec56848b3ac1b1e155c4f3f611", "os": "linux", "os_features": "", "os_version": null, "size": 7366994, "status": "inactive", "last_pulled": null, "last_pushed": null}], "last_updated": "2017-03-04T04:52:26.307736Z", "last_updater": 2215, "last_updater_username": "stackbrew", "name": "1.8.0", "repository": 836537, "full_size": 7366994, "v2": true, "tag_status": "inactive", "tag_last_pulled": null, "tag_last_pushed": "2017-03-04T04:52:26.307736Z", "media_type": "application/vnd.docker.container.image.v1+json", "content_type": "image"}, {"creator": 621950, "id": 6429206, "images": [{"architecture": "amd64", "features": "", "variant": null, "digest": "sha256:2b2fa5541fd5a6ba14c437b84c4824dd098390646695dc4b4c4fc1d14a856952", "os": "linux", "os_features": "", "os_version": null, "size": 7740516, "status": "inactive", "last_pulled": null, "last_pushed": null}], "last_updated": "2016-11-28T18:11:06.774475Z", "last_updater": 621950, "last_updater_username": "signer", "name": "1.8.0rc4", "repository": 836537, "full_size": 7740516, "v2": true, "tag_status": "inactive", "tag_last_pulled": null, "tag_last_pushed": "2016-11-28T18:11:06.774475Z", "media_type": "application/vnd.docker.container.image.v1+json", "content_type": "image"}, {"creator": 621950, "id": 6301051, "images": [{"architecture": "amd64", "features": "", "variant": null, "digest": "sha256:76e50df5ae71a97f464d2292619e0d136a44acbd21ff4e655775fd3f86bb6fcc", "os": "linux", "os_features": "", "os_version": null, "size": 7444619, "status": "inactive", "last_pulled": null, "last_pushed": null}], "last_updated": "2016-11-22T17:39:40.069296Z", "last_updater": 621950, "last_updater_username": "signer", "name": "1.8.0rc3", "repository": 836537, "full_size": 7444619, "v2": true, "tag_status": "inactive", "tag_last_pulled": null, "tag_last_pushed": "2016-11-22T17:39:40.069296Z", "media_type": "application/vnd.docker.container.image.v1+json", "content_type": "image"}, {"creator": 621950, "id": 5882897, "images": [{"architecture": "amd64", "features": "", "variant": null, "digest": "sha256:a685469f85f8da822915ae1d4f1be513ed7d5c6df8092657a6cd24fb11fca249", "os": "linux", "os_features": "", "os_version": null, "size": 7374593, "status": "inactive", "last_pulled": null, "last_pushed": null}], "last_updated": "2016-11-03T16:40:42.082846Z", "last_updater": 621950, "last_updater_username": "signer", "name": "1.8.0rc2", "repository": 836537, "full_size": 7374593, "v2": true, "tag_status": "inactive", "tag_last_pulled": null, "tag_last_pushed": "2016-11-03T16:40:42.082846Z", "media_type": "application/vnd.docker.container.image.v1+json", "content_type": "image"}, {"creator": 621950, "id": 4823954, "images": [{"architecture": "amd64", "features": "", "variant": null, "digest": "sha256:81ece96617fa1b566bde4a46783a23537f9d98ba0be72d068bf4fecd274b0147", "os": "linux", "os_features": "", "os_version": null, "size": 6985399, "status": "inactive", "last_pulled": null, "last_pushed": null}], "last_updated": "2016-10-18T23:20:46.534656Z", "last_updater": 621950, "last_updater_username": "signer", "name": "1.8.0rc1", "repository": 836537, "full_size": 6985399, "v2": true, "tag_status": "inactive", "tag_last_pulled": null, "tag_last_pushed": "2016-10-18T23:20:46.534656Z", "media_type": "application/vnd.docker.container.image.v1+json", "content_type": "image"}]