[{"creator": 7, "id": 10906, "images": [{"architecture": "amd64", "features": "", "variant": null, "digest": "sha256:13cfe799bbbda5d8ef24455ec5699c84dc67ea116cb69025f21146c05ba92fb8", "os": "linux", "os_features": "", "os_version": null, "size": 153924158, "status": "inactive", "last_pulled": null, "last_pushed": null}], "last_updated": "2016-06-01T23:08:06.663815Z", "last_updater": 621950, "last_updater_username": "signer", "name": "latest", "repository": 6309, "full_size": 153924158, "v2": true, "tag_status": "inactive", "tag_last_pulled": "2024-01-19T22:34:44.013977Z", "tag_last_pushed": "2016-06-01T23:08:06.663815Z", "media_type": "application/octet-stream", "content_type": "unrecognized", "digest": "sha256:0d954b96a55e08ed927da27a4db5541acee5bce4500c25350864488d25b667ee"}, {"creator": 7, "id": 10902, "images": [{"architecture": "amd64", "features": "", "variant": null, "digest": "sha256:d5ca85e3ce88391c64499dc1d129ab8c860c9b80de947562ed686f029b8e06d8", "os": "linux", "os_features": "", "os_version": null, "size": 153924171, "status": "inactive", "last_pulled": null, "last_pushed": null}], "last_updated": "2016-06-01T23:15:44.356544Z", "last_updater": 621950, "last_updater_username": "signer", "name": "0.3.1", "repository": 6309, "full_size": 153924171, "v2": true, "tag_status": "inactive", "tag_last_pulled": "2024-01-06T08:49:40.434993Z", "tag_last_pushed": "2016-06-01T23:15:44.356544Z", "media_type": "application/octet-stream", "content_type": "unrecognized", "digest": "sha256:52f75c2c27e37ce638eea9e50e038e27cf8572be62158cf49443e605554494bc"}, {"creator": 7, "id": 10907, "images": [{"architecture": "amd64", "features": "", "variant": null, "digest": "sha256:9ab354b6fd383622900714c7af76120cae85f43c4002577157860e5a07e7ba9b", "os": "", "os_features": "", "os_version": null, "size": 141983697, "status": "active", "last_pulled": "2024-01-11T23:34:13.458668Z", "last_pushed": null}], "last_updated": "2015-11-14T14:41:57.106129Z", "last_updater": 134455, "last_updater_username": "diogomonica", "name": "0.2.8", "repository": 6309, "full_size": 141983537, "v2": true, "tag_status": "active", "tag_last_pulled": "2024-01-11T23:34:13.458668Z", "tag_last_pushed": "2015-11-14T14:41:57.106129Z", "media_type": "application/vnd.docker.distribution.manifest.v1+prettyjws", "content_type": "image", "digest": "sha256:9ab354b6fd383622900714c7af76120cae85f43c4002577157860e5a07e7ba9b"}, {"creator": 7, "id": 10904, "images": [{"architecture": "amd64", "features": "", "variant": null, "digest": "sha256:dbd2219f6e23175b4f64f8eb6a635c8846f725bdb4655b8e89accfdeedf3e978", "os": "", "os_features": "", "os_version": null, "size": 102982978, "status": "active", "last_pulled": "2024-01-11T23:34:15.73847Z", "last_pushed": null}], "last_updated": "2015-11-14T14:40:07.791643Z", "last_updater": 134455, "last_updater_username": "diogomonica", "name": "0.2.4", "repository": 6309, "full_size": 102982818, "v2": true, "tag_status": "active", "tag_last_pulled": "2024-01-11T23:34:15.73847Z", "tag_last_pushed": "2015-11-14T14:40:07.791643Z", "media_type": "application/vnd.docker.distribution.manifest.v1+prettyjws", "content_type": "image", "digest": "sha256:dbd2219f6e23175b4f64f8eb6a635c8846f725bdb4655b8e89accfdeedf3e978"}]