[{"creator": 7, "id": 128469, "images": [{"architecture": "amd64", "features": "", "variant": null, "digest": "sha256:e111a70eee6a42a68768ec0734a6b2f1ceab34b27e4c4325ed6a14d4f36c2568", "os": "linux", "os_features": "", "os_version": null, "size": 83627715, "status": "inactive", "last_pulled": null, "last_pushed": null}], "last_updated": "2017-06-20T03:15:46.42967Z", "last_updater": 2215, "last_updater_username": "stackbrew", "name": "latest", "repository": 146111, "full_size": 83627715, "v2": true, "tag_status": "inactive", "tag_last_pulled": "2024-01-20T07:06:08.543907Z", "tag_last_pushed": "2017-06-20T03:15:46.42967Z", "media_type": "application/vnd.docker.container.image.v1+json", "content_type": "image", "digest": "sha256:5c236059192a0389a2be21fc42d8db59411d953b7af5457faf501d4eec32dc31"}, {"creator": 621950, "id": 4719137, "images": [{"architecture": "amd64", "features": "", "variant": null, "digest": "sha256:1fc88a5281f160b0b1d597a9d755d7ecb1727cf22621aad777b8bd44257d2c0a", "os": "linux", "os_features": "", "os_version": null, "size": 82236118, "status": "inactive", "last_pulled": null, "last_pushed": null}], "last_updated": "2017-06-20T03:17:03.805165Z", "last_updater": 2215, "last_updater_username": "stackbrew", "name": "4", "repository": 146111, "full_size": 82236118, "v2": true, "tag_status": "inactive", "tag_last_pulled": null, "tag_last_pushed": "2017-06-20T03:17:03.805165Z", "media_type": "application/vnd.docker.container.image.v1+json", "content_type": "image"}, {"creator": 621950, "id": 4719134, "images": [{"architecture": "amd64", "features": "", "variant": null, "digest": "sha256:1fc88a5281f160b0b1d597a9d755d7ecb1727cf22621aad777b8bd44257d2c0a", "os": "linux", "os_features": "", "os_version": null, "size": 82236118, "status": "inactive", "last_pulled": null, "last_pushed": null}], "last_updated": "2017-06-20T03:16:38.09149Z", "last_updater": 2215, "last_updater_username": "stackbrew", "name": "4.0", "repository": 146111, "full_size": 82236118, "v2": true, "tag_status": "inactive", "tag_last_pulled": null, "tag_last_pushed": "2017-06-20T03:16:38.09149Z", "media_type": "application/vnd.docker.container.image.v1+json", "content_type": "image"}, {"creator": 621950, "id": 6953358, "images": [{"architecture": "amd64", "features": "", "variant": null, "digest": "sha256:1fc88a5281f160b0b1d597a9d755d7ecb1727cf22621aad777b8bd44257d2c0a", "os": "linux", "os_features": "", "os_version": null, "size": 82236118, "status": "inactive", "last_pulled": null, "last_pushed": null}], "last_updated": "2017-06-20T03:16:12.128303Z", "last_updater": 2215, "last_updater_username": "stackbrew", "name": "4.0.2", "repository": 146111, "full_size": 82236118, "v2": true, "tag_status": "inactive", "tag_last_pulled": null, "tag_last_pushed": "2017-06-20T03:16:12.128303Z", "media_type": "application/vnd.docker.container.image.v1+json", "content_type": "image"}, {"creator": 7, "id": 128462, "images": [{"architecture": "amd64", "features": "", "variant": null, "digest": "sha256:e111a70eee6a42a68768ec0734a6b2f1ceab34b27e4c4325ed6a14d4f36c2568", "os": "linux", "os_features": "", "os_version": null, "size": 83627715, "status": "inactive", "last_pulled": null, "last_pushed": null}], "last_updated": "2017-06-20T03:15:21.131218Z", "last_updater": 2215, "last_updater_username": "stackbrew", "name": "3", "repository": 146111, "full_size": 83627715, "v2": true, "tag_status": "inactive", "tag_last_pulled": "2024-01-20T07:06:08.543907Z", "tag_last_pushed": "2017-06-20T03:15:21.131218Z", "media_type": "application/vnd.docker.container.image.v1+json", "content_type": "image", "digest": "sha256:5c236059192a0389a2be21fc42d8db59411d953b7af5457faf501d4eec32dc31"}, {"creator": 7, "id": 128471, "images": [{"architecture": "amd64", "features": "", "variant": null, "digest": "sha256:e111a70eee6a42a68768ec0734a6b2f1ceab34b27e4c4325ed6a14d4f36c2568", "os": "linux", "os_features": "", "os_version": null, "size": 83627715, "status": "inactive", "last_pulled": null, "last_pushed": null}], "last_updated": "2017-06-20T03:14:55.427628Z", "last_updater": 2215, "last_updater_username": "stackbrew", "name": "3.1", "repository": 146111, "full_size": 83627715, "v2": true, "tag_status": "inactive", "tag_last_pulled": "2024-01-20T07:06:08.543907Z", "tag_last_pushed": "2017-06-20T03:14:55.427628Z", "media_type": "application/vnd.docker.container.image.v1+json", "content_type": "image", "digest": "sha256:5c236059192a0389a2be21fc42d8db59411d953b7af5457faf501d4eec32dc31"}, {"creator": 621950, "id": 5982794, "images": [{"architecture": "amd64", "features": "", "variant": null, "digest": "sha256:e111a70eee6a42a68768ec0734a6b2f1ceab34b27e4c4325ed6a14d4f36c2568", "os": "linux", "os_features": "", "os_version": null, "size": 83627715, "status": "inactive", "last_pulled": null, "last_pushed": null}], "last_updated": "2017-06-20T03:14:29.93906Z", "last_updater": 2215, "last_updater_username": "stackbrew", "name": "3.1.25", "repository": 146111, "full_size": 83627715, "v2": true, "tag_status": "inactive", "tag_last_pulled": null, "tag_last_pushed": "2017-06-20T03:14:29.93906Z", "media_type": "application/vnd.docker.container.image.v1+json", "content_type": "image"}, {"creator": 621950, "id": 6825556, "images": [{"architecture": "amd64", "features": "", "variant": null, "digest": "sha256:705cc1719c5ad29dfe1f31a11ea49f6b4a7fcbccee4209d393bdade622a4723e", "os": "linux", "os_features": "", "os_version": null, "size": 80426870, "status": "inactive", "last_pulled": null, "last_pushed": null}], "last_updated": "2016-12-19T18:16:22.871769Z", "last_updater": 621950, "last_updater_username": "signer", "name": "4.0.1", "repository": 146111, "full_size": 80426870, "v2": true, "tag_status": "inactive", "tag_last_pulled": null, "tag_last_pushed": "2016-12-19T18:16:22.871769Z", "media_type": "application/vnd.docker.container.image.v1+json", "content_type": "image"}, {"creator": 621950, "id": 5982775, "images": [{"architecture": "amd64", "features": "", "variant": null, "digest": "sha256:27e13c9d2cb7969a8acd3124b8fb08fd428312769971935e3eb8c87b1d0cc316", "os": "linux", "os_features": "", "os_version": null, "size": 80457469, "status": "inactive", "last_pulled": null, "last_pushed": null}], "last_updated": "2016-12-08T23:10:47.412651Z", "last_updater": 621950, "last_updater_username": "signer", "name": "4.0.0rc7", "repository": 146111, "full_size": 80457469, "v2": true, "tag_status": "inactive", "tag_last_pulled": null, "tag_last_pushed": "2016-12-08T23:10:47.412651Z", "media_type": "application/vnd.docker.container.image.v1+json", "content_type": "image"}, {"creator": 621950, "id": 5260417, "images": [{"architecture": "amd64", "features": "", "variant": null, "digest": "sha256:6fa2be3bc459bea2dd5daa2599ce364d48255d3077a1d8db55295a0e7243ab59", "os": "linux", "os_features": "", "os_version": null, "size": 81524127, "status": "inactive", "last_pulled": null, "last_pushed": null}], "last_updated": "2016-11-01T01:28:43.626003Z", "last_updater": 621950, "last_updater_username": "signer", "name": "3.1.24", "repository": 146111, "full_size": 81524127, "v2": true, "tag_status": "inactive", "tag_last_pulled": null, "tag_last_pushed": "2016-11-01T01:28:43.626003Z", "media_type": "application/vnd.docker.container.image.v1+json", "content_type": "image"}, {"creator": 621950, "id": 5810644, "images": [{"architecture": "amd64", "features": "", "variant": null, "digest": "sha256:8f4bc7ac82d891ed82d3fe955ee9b85bbda0f29b103d57d795db81ba594c6d6b", "os": "linux", "os_features": "", "os_version": null, "size": 80854365, "status": "inactive", "last_pulled": null, "last_pushed": null}], "last_updated": "2016-11-01T01:28:03.712967Z", "last_updater": 621950, "last_updater_username": "signer", "name": "4.0.0rc6", "repository": 146111, "full_size": 80854365, "v2": true, "tag_status": "inactive", "tag_last_pulled": null, "tag_last_pushed": "2016-11-01T01:28:03.712967Z", "media_type": "application/vnd.docker.container.image.v1+json", "content_type": "image"}, {"creator": 621950, "id": 5535784, "images": [{"architecture": "amd64", "features": "", "variant": null, "digest": "sha256:d802867d36e0943dbee948eab95218e5c3ddf0bb4bf073235e98deb43cf9c731", "os": "linux", "os_features": "", "os_version": null, "size": 80743127, "status": "inactive", "last_pulled": null, "last_pushed": null}], "last_updated": "2016-10-22T02:40:04.066742Z", "last_updater": 621950, "last_updater_username": "signer", "name": "4.0.0rc5", "repository": 146111, "full_size": 80743127, "v2": true, "tag_status": "inactive", "tag_last_pulled": null, "tag_last_pushed": "2016-10-22T02:40:04.066742Z", "media_type": "application/vnd.docker.container.image.v1+json", "content_type": "image"}, {"creator": 621950, "id": 4901016, "images": [{"architecture": "amd64", "features": "", "variant": null, "digest": "sha256:26aadd75c847de55f458e4815a6d396be6e515835f5e4bf446fe35f03b45a29a", "os": "linux", "os_features": "", "os_version": null, "size": 80702110, "status": "inactive", "last_pulled": null, "last_pushed": null}], "last_updated": "2016-10-14T18:20:52.158923Z", "last_updater": 621950, "last_updater_username": "signer", "name": "4.0.0rc4", "repository": 146111, "full_size": 80702110, "v2": true, "tag_status": "inactive", "tag_last_pulled": null, "tag_last_pushed": "2016-10-14T18:20:52.158923Z", "media_type": "application/vnd.docker.container.image.v1+json", "content_type": "image"}, {"creator": 2215, "id": 2305506, "images": [{"architecture": "amd64", "features": "", "variant": null, "digest": "sha256:b27a9776a5c29c568b895c314a8e4670a5ac668f25d7100e3b1d8ba54215173e", "os": "linux", "os_features": "", "os_version": null, "size": 81439559, "status": "inactive", "last_pulled": null, "last_pushed": null}], "last_updated": "2016-09-24T00:21:14.791169Z", "last_updater": 621950, "last_updater_username": "signer", "name": "3.1.23", "repository": 146111, "full_size": 81439559, "v2": true, "tag_status": "inactive", "tag_last_pulled": null, "tag_last_pushed": "2016-09-24T00:21:14.791169Z", "media_type": "application/octet-stream", "content_type": "unrecognized"}, {"creator": 621950, "id": 4719133, "images": [{"architecture": "amd64", "features": "", "variant": null, "digest": "sha256:24d30a74d1b2fe91997c053660f776efee1a2f5f2db3e37cef9d827646184f6a", "os": "linux", "os_features": "", "os_version": null, "size": 82207694, "status": "inactive", "last_pulled": null, "last_pushed": null}], "last_updated": "2016-09-07T18:00:53.363888Z", "last_updater": 621950, "last_updater_username": "signer", "name": "4.0.0rc3", "repository": 146111, "full_size": 82207694, "v2": true, "tag_status": "inactive", "tag_last_pulled": null, "tag_last_pushed": "2016-09-07T18:00:53.363888Z", "media_type": "application/octet-stream", "content_type": "unrecognized"}, {"creator": 2215, "id": 2245020, "images": [{"architecture": "amd64", "features": "", "variant": null, "digest": "sha256:0494cf96f6e6493e2f6b88ac81e037f9ad1bb37184cf1fe04d99c34c403f3933", "os": "", "os_features": "", "os_version": null, "size": 84524822, "status": "active", "last_pulled": "2024-01-11T23:31:09.624233Z", "last_pushed": null}], "last_updated": "2016-03-09T05:25:06.01719Z", "last_updater": 2215, "last_updater_username": "stackbrew", "name": "3.1.22", "repository": 146111, "full_size": 84524470, "v2": true, "tag_status": "active", "tag_last_pulled": "2024-01-11T23:31:09.624233Z", "tag_last_pushed": "2016-03-09T05:25:06.01719Z", "media_type": "application/vnd.docker.distribution.manifest.v1+prettyjws", "content_type": "image"}, {"creator": 2215, "id": 1845213, "images": [{"architecture": "amd64", "features": "", "variant": null, "digest": "sha256:a131ecf0152ff5923b69287cb1b687be405161da84f0f6d06fa9644f3ac9e745", "os": "", "os_features": "", "os_version": null, "size": 84503517, "status": "active", "last_pulled": "2024-01-18T00:04:54.748836Z", "last_pushed": null}], "last_updated": "2016-03-03T18:29:02.997764Z", "last_updater": 2215, "last_updater_username": "stackbrew", "name": "3.1.20", "repository": 146111, "full_size": 84503165, "v2": true, "tag_status": "active", "tag_last_pulled": "2024-01-18T00:04:54.748836Z", "tag_last_pushed": "2016-03-03T18:29:02.997764Z", "media_type": "application/vnd.docker.distribution.manifest.v1+prettyjws", "content_type": "image"}, {"creator": 2215, "id": 1237917, "images": [{"architecture": "amd64", "features": "", "variant": null, "digest": "sha256:95576b480b3eb32cf7aecaf41882e93a4822a7739c6c3d5f11c46ae091db7b6a", "os": "", "os_features": "", "os_version": null, "size": 85667984, "status": "active", "last_pulled": "2024-01-11T23:31:14.154493Z", "last_pushed": null}], "last_updated": "2016-01-11T15:39:06.784925Z", "last_updater": 2215, "last_updater_username": "stackbrew", "name": "3.1.19", "repository": 146111, "full_size": 85667664, "v2": true, "tag_status": "active", "tag_last_pulled": "2024-01-11T23:31:14.154493Z", "tag_last_pushed": "2016-01-11T15:39:06.784925Z", "media_type": "application/vnd.docker.distribution.manifest.v1+prettyjws", "content_type": "image", "digest": "sha256:95576b480b3eb32cf7aecaf41882e93a4822a7739c6c3d5f11c46ae091db7b6a"}, {"creator": 7, "id": 128464, "images": [{"architecture": "amd64", "features": "", "variant": null, "digest": "sha256:b2b0257a604d5a0d8747708ca47129517b2f715ae36ff812279278c415253333", "os": "", "os_features": "", "os_version": null, "size": 84677990, "status": "active", "last_pulled": "2024-01-13T15:12:51.765422Z", "last_pushed": null}], "last_updated": "2015-10-27T23:11:43.464426Z", "last_updater": 2215, "last_updater_username": "stackbrew", "name": "3.1.18", "repository": 146111, "full_size": 84677670, "v2": true, "tag_status": "active", "tag_last_pulled": "2024-01-13T15:12:51.765422Z", "tag_last_pushed": "2015-10-27T23:11:43.464426Z", "media_type": "application/vnd.docker.distribution.manifest.v1+prettyjws", "content_type": "image", "digest": "sha256:b2b0257a604d5a0d8747708ca47129517b2f715ae36ff812279278c415253333"}, {"creator": 7, "id": 128467, "images": [{"architecture": "amd64", "features": "", "variant": null, "digest": "sha256:c6cbea7fc9f8168b8284cf0e7b5a06e990976a98fc54232c86dad991b942b1af", "os": "", "os_features": "", "os_version": null, "size": 84354066, "status": "active", "last_pulled": "2024-01-11T23:31:18.851666Z", "last_pushed": null}], "last_updated": "2015-04-22T20:12:56Z", "last_updater": 7, "last_updater_username": "library", "name": "3.1.17", "repository": 146111, "full_size": 229270513, "v2": true, "tag_status": "active", "tag_last_pulled": "2024-01-11T23:31:18.851666Z", "tag_last_pushed": "2015-04-22T20:12:56Z", "media_type": "application/vnd.docker.distribution.manifest.v1+prettyjws", "content_type": "image", "digest": "sha256:c6cbea7fc9f8168b8284cf0e7b5a06e990976a98fc54232c86dad991b942b1af"}]