[{"creator": 1156886, "id": 190381986, "images": [{"architecture": "amd64", "features": "", "variant": null, "digest": "sha256:4f0059714ddc6044d068042b0a0a109e7db700b2133e668b2669daa75e89b36f", "os": "linux", "os_features": "", "os_version": null, "size": 13745313, "status": "active", "last_pulled": "2024-01-20T02:14:44.190496Z", "last_pushed": "2023-12-01T06:25:17.629827Z"}, {"architecture": "arm64", "features": "", "variant": "v8", "digest": "sha256:e7369d561d11f6c8a54f74fe52573ec32bf67857bfc5657e51e895d89f3baef1", "os": "linux", "os_features": "", "os_version": null, "size": 12932122, "status": "active", "last_pulled": "2024-01-19T22:35:58.125776Z", "last_pushed": "2023-12-01T03:09:42.855545Z"}, {"architecture": "386", "features": "", "variant": null, "digest": "sha256:dae9e92f46a7e057130b1d8790593b7a073e6de019acefb7b6bfb4452bda2669", "os": "linux", "os_features": "", "os_version": null, "size": 12243339, "status": "active", "last_pulled": "2024-01-19T22:35:58.283399Z", "last_pushed": "2023-12-01T07:33:00.592795Z"}], "last_updated": "2023-12-01T07:33:06.553575Z", "last_updater": 1156886, "last_updater_username": "doijanky", "name": "latest", "repository": 16379579, "full_size": 13745313, "v2": true, "tag_status": "active", "tag_last_pulled": "2024-01-20T07:27:15.218587Z", "tag_last_pushed": "2023-12-01T07:33:06.553575Z", "media_type": "application/vnd.docker.distribution.manifest.list.v2+json", "content_type": "image", "digest": "sha256:71cd5d17d7e643e7c26fdd56384732bfd84b90bdc8849125c047379c1e956c27"}, {"creator": 1156886, "id": 557650807, "images": [{"architecture": "amd64", "features": "", "variant": null, "digest": "sha256:4f0059714ddc6044d068042b0a0a109e7db700b2133e668b2669daa75e89b36f", "os": "linux", "os_features": "", "os_version": null, "size": 13745313, "status": "active", "last_pulled": "2024-01-20T02:14:44.190496Z", "last_pushed": "2023-12-01T06:25:17.629827Z"}, {"architecture": "arm64", "features": "", "variant": "v8", "digest": "sha256:e7369d561d11f6c8a54f74fe52573ec32bf67857bfc5657e51e895d89f3baef1", "os": "linux", "os_features": "", "os_version": null, "size": 12932122, "status": "active", "last_pulled": "2024-01-19T22:35:58.125776Z", "last_pushed": "2023-12-01T03:09:42.855545Z"}, {"architecture": "386", "features": "", "variant": null, "digest": "sha256:dae9e92f46a7e057130b1d8790593b7a073e6de019acefb7b6bfb4452bda2669", "os": "linux", "os_features": "", "os_version": null, "size": 12243339, "status": "active", "last_pulled": "2024-01-19T22:35:58.283399Z", "last_pushed": "2023-12-01T07:33:00.592795Z"}], "last_updated": "2023-12-01T07:33:02.735535Z", "last_updater": 1156886, "last_updater_username": "doijanky", "name": "0.6.14", "repository": 16379579, "full_size": 13745313, "v2": true, "tag_status": "active", "tag_last_pulled": "2024-01-20T07:27:15.218587Z", "tag_last_pushed": "2023-12-01T07:33:02.735535Z", "media_type": "application/vnd.docker.distribution.manifest.list.v2+json", "content_type": "image", "digest": "sha256:71cd5d17d7e643e7c26fdd56384732bfd84b90bdc8849125c047379c1e956c27"}, {"creator": 1156886, "id": 509271814, "images": [{"architecture": "amd64", "features": "", "variant": null, "digest": "sha256:65d0e6347ef8641d9d5b1bbd1d51329851e658828f9badcfe764f71bdc28d936", "os": "linux", "os_features": "", "os_version": null, "size": 13732352, "status": "active", "last_pulled": "2024-01-13T06:21:53.388836Z", "last_pushed": "2023-10-21T00:22:01.017197Z"}, {"architecture": "arm64", "features": "", "variant": "v8", "digest": "sha256:b6a6475abe3a9eadacb5ca184190314577c7475eaf538ef2289d8b4e9cf9fe88", "os": "linux", "os_features": "", "os_version": null, "size": 12916610, "status": "active", "last_pulled": "2024-01-05T00:22:12.340842Z", "last_pushed": "2023-10-21T00:22:02.253125Z"}, {"architecture": "386", "features": "", "variant": null, "digest": "sha256:ef6e0f17bdc37800374dd46168551abeb1704a59818f852a10de9b2d18ebb2f7", "os": "linux", "os_features": "", "os_version": null, "size": 12230530, "status": "active", "last_pulled": "2024-01-05T00:22:13.171619Z", "last_pushed": "2023-10-21T00:22:03.476466Z"}], "last_updated": "2023-10-21T00:22:05.723372Z", "last_updater": 1156886, "last_updater_username": "doijanky", "name": "0.6.13", "repository": 16379579, "full_size": 13732352, "v2": true, "tag_status": "active", "tag_last_pulled": "2024-01-20T05:26:39.538309Z", "tag_last_pushed": "2023-10-21T00:22:05.723372Z", "media_type": "application/vnd.docker.distribution.manifest.list.v2+json", "content_type": "image", "digest": "sha256:a93637ca207fd6dfc9275be2c15a7fc7aa417a00fceb0b6e1c4b92168e7b473e"}, {"creator": 1156886, "id": 509271685, "images": [{"architecture": "amd64", "features": "", "variant": null, "digest": "sha256:8eb89b26d800fe14ead52e663eadec544a5131bfc892dbe4f166aa2074a05270", "os": "linux", "os_features": "", "os_version": null, "size": 10351649, "status": "active", "last_pulled": "2024-01-13T06:22:53.505117Z", "last_pushed": "2023-10-21T00:21:30.318381Z"}, {"architecture": "arm64", "features": "", "variant": "v8", "digest": "sha256:4128cd7aebcf9faa53cb6f8ce118bddb48de73520b023fbae6efd0c63431f57a", "os": "linux", "os_features": "", "os_version": null, "size": 9840753, "status": "active", "last_pulled": "2024-01-05T00:22:14.337419Z", "last_pushed": "2023-10-21T00:21:31.494586Z"}, {"architecture": "386", "features": "", "variant": null, "digest": "sha256:621a7ffb17d0a6dacb10401fc117003f54e546774afb7dcefb349425b3a8f72f", "os": "linux", "os_features": "", "os_version": null, "size": 8533827, "status": "active", "last_pulled": "2024-01-05T00:22:14.424344Z", "last_pushed": "2023-10-21T00:21:32.6234Z"}], "last_updated": "2023-10-21T00:21:35.176555Z", "last_updater": 1156886, "last_updater_username": "doijanky", "name": "0.6.12", "repository": 16379579, "full_size": 10351649, "v2": true, "tag_status": "active", "tag_last_pulled": "2024-01-18T06:19:12.517486Z", "tag_last_pushed": "2023-10-21T00:21:35.176555Z", "media_type": "application/vnd.docker.distribution.manifest.list.v2+json", "content_type": "image", "digest": "sha256:4042ec2686cbcc75043e205917e3bb76e73da9258b625073b773d423253eb905"}, {"creator": 1156886, "id": 289761894, "images": [{"architecture": "amd64", "features": "", "variant": null, "digest": "sha256:7556108879ff742574cfada685ce57a191ae2f67e0020927cd86742b095be4d5", "os": "linux", "os_features": "", "os_version": null, "size": 7997188, "status": "active", "last_pulled": "2024-01-13T06:23:53.598341Z", "last_pushed": "2023-08-07T20:11:38.62731Z"}, {"architecture": "arm64", "features": "", "variant": "v8", "digest": "sha256:cce1b103188fbb41a8a13fe5dafb5dc9371580dc5d05d8250b609f97856ecc38", "os": "linux", "os_features": "", "os_version": null, "size": 7490676, "status": "active", "last_pulled": "2024-01-04T21:18:25.696342Z", "last_pushed": "2023-08-07T21:05:05.455472Z"}, {"architecture": "386", "features": "", "variant": null, "digest": "sha256:296b5d487fbb160a50f916f9a16cf8c0f4316cc24f63ebda92a740d919513f5b", "os": "linux", "os_features": "", "os_version": null, "size": 7856134, "status": "active", "last_pulled": "2024-01-04T21:18:26.283284Z", "last_pushed": "2023-08-07T20:11:39.804248Z"}], "last_updated": "2023-08-07T21:05:08.822523Z", "last_updater": 1156886, "last_updater_username": "doijanky", "name": "0.6.9", "repository": 16379579, "full_size": 7997188, "v2": true, "tag_status": "active", "tag_last_pulled": "2024-01-13T06:23:53.598341Z", "tag_last_pushed": "2023-08-07T21:05:08.822523Z", "media_type": "application/vnd.docker.distribution.manifest.list.v2+json", "content_type": "image", "digest": "sha256:7901d1009910bcd0f6db5aac04ccc966e2a3bf488f8ea31b756f444c6704cb58"}, {"creator": 1156886, "id": 387382659, "images": [{"architecture": "amd64", "features": "", "variant": null, "digest": "sha256:d87dfb27357591cf0c001138a692b8cc8a6e286fb596319f00dc11f1c6740016", "os": "linux", "os_features": "", "os_version": null, "size": 8987306, "status": "active", "last_pulled": "2024-01-13T06:25:08.38215Z", "last_pushed": "2023-08-07T20:11:17.576325Z"}, {"architecture": "arm64", "features": "", "variant": "v8", "digest": "sha256:669a3edf5b806b0eae3195b25b132b808448f7cf0cd73150c19a9ee1a1061ec5", "os": "linux", "os_features": "", "os_version": null, "size": 8488338, "status": "active", "last_pulled": "2024-01-05T00:22:15.747226Z", "last_pushed": "2023-08-07T21:04:41.799163Z"}, {"architecture": "386", "features": "", "variant": null, "digest": "sha256:41999ca97a1cf50a4ae5085f453cc870b01dbbcfb28083de7c0b6a2a27ff07d7", "os": "linux", "os_features": "", "os_version": null, "size": 8881962, "status": "active", "last_pulled": "2024-01-05T00:22:16.398229Z", "last_pushed": "2023-08-07T20:11:18.771598Z"}], "last_updated": "2023-08-07T21:04:44.625463Z", "last_updater": 1156886, "last_updater_username": "doijanky", "name": "0.6.11", "repository": 16379579, "full_size": 8987306, "v2": true, "tag_status": "active", "tag_last_pulled": "2024-01-18T06:19:23.773107Z", "tag_last_pushed": "2023-08-07T21:04:44.625463Z", "media_type": "application/vnd.docker.distribution.manifest.list.v2+json", "content_type": "image", "digest": "sha256:983727f6f333f61c9cdc545aadd030957f35c6af29aa8677bcdbbe9edc3de848"}, {"creator": 1156886, "id": 387382532, "images": [{"architecture": "amd64", "features": "", "variant": null, "digest": "sha256:cf5ebd4a47fff90a19e52b8b53443bd2263170d1da3baea5ac7fece449bae4c2", "os": "linux", "os_features": "", "os_version": null, "size": 8922581, "status": "active", "last_pulled": "2024-01-13T06:26:08.193243Z", "last_pushed": "2023-08-07T20:26:21.288358Z"}, {"architecture": "arm64", "features": "", "variant": "v8", "digest": "sha256:8a7ca001b3ea20641c1b4fe207c67089f6457f268693fed2adf401f6b28bc439", "os": "linux", "os_features": "", "os_version": null, "size": 8427959, "status": "active", "last_pulled": "2024-01-05T00:22:17.385637Z", "last_pushed": "2023-08-07T21:04:30.501224Z"}, {"architecture": "386", "features": "", "variant": null, "digest": "sha256:745ce7447d527b8032c6614e82fdff4cd9635f4a0ddf347d544fee90b909a1e7", "os": "linux", "os_features": "", "os_version": null, "size": 8818650, "status": "active", "last_pulled": "2024-01-05T00:22:17.936643Z", "last_pushed": "2023-08-07T20:11:00.863965Z"}], "last_updated": "2023-08-07T21:04:32.789054Z", "last_updater": 1156886, "last_updater_username": "doijanky", "name": "0.6.10", "repository": 16379579, "full_size": 8922581, "v2": true, "tag_status": "active", "tag_last_pulled": "2024-01-13T06:26:08.193243Z", "tag_last_pushed": "2023-08-07T21:04:32.789054Z", "media_type": "application/vnd.docker.distribution.manifest.list.v2+json", "content_type": "image", "digest": "sha256:f14d44b606023048c3de3596beae3a24963a37fcae2f4fcfa25be8376b62fe83"}, {"creator": 1156886, "id": 202436534, "images": [{"architecture": "amd64", "features": "", "variant": null, "digest": "sha256:c2ddf78dead8053c2fc2934c8596e081ac575a6f0fdd35f4824703681e3728f0", "os": "linux", "os_features": "", "os_version": null, "size": 7579923, "status": "active", "last_pulled": "2024-01-20T05:27:56.90702Z", "last_pushed": "2022-08-09T18:03:22.719916Z"}, {"architecture": "arm64", "features": "", "variant": "v8", "digest": "sha256:b7aee27e00caef24ca96b57665bb144b9b439e23dc3812091db6d66ce792fcac", "os": "linux", "os_features": "", "os_version": null, "size": 7180199, "status": "active", "last_pulled": "2024-01-04T21:18:24.716984Z", "last_pushed": "2022-08-10T05:24:35.452265Z"}, {"architecture": "386", "features": "", "variant": null, "digest": "sha256:1018c58d71d209d919edbefe6067b4797c7c01fcf44e699c55fb80c3a0207067", "os": "linux", "os_features": "", "os_version": null, "size": 7368628, "status": "active", "last_pulled": "2024-01-04T21:18:24.839624Z", "last_pushed": "2022-08-09T18:03:23.845679Z"}], "last_updated": "2022-08-10T05:24:37.891689Z", "last_updater": 1156886, "last_updater_username": "doijanky", "name": "0.6.8", "repository": 16379579, "full_size": 7579923, "v2": true, "tag_status": "active", "tag_last_pulled": "2024-01-20T05:27:56.90702Z", "tag_last_pushed": "2022-08-10T05:24:37.891689Z", "media_type": "application/vnd.docker.distribution.manifest.list.v2+json", "content_type": "image", "digest": "sha256:6b3d2740bfc64a423a36c112c5a712d6178139c980e65b417965fb5dd6c7fb93"}, {"creator": 1156886, "id": 190381965, "images": [{"architecture": "amd64", "features": "", "variant": null, "digest": "sha256:eb916dab11928d8fdf8207c2e7d8a936a70055e219d9e92807315fb4c4380ba9", "os": "linux", "os_features": "", "os_version": null, "size": 7491291, "status": "active", "last_pulled": "2024-01-13T06:28:08.295883Z", "last_pushed": "2022-04-05T04:16:45.458935Z"}, {"architecture": "arm64", "features": "", "variant": "v8", "digest": "sha256:de3872cfdd407c0ce62254dcabedb24375ec3691febeafc08dccf21340696c2a", "os": "linux", "os_features": "", "os_version": null, "size": 7104195, "status": "active", "last_pulled": "2024-01-04T21:18:38.44639Z", "last_pushed": "2022-04-05T07:52:45.906234Z"}], "last_updated": "2022-04-05T07:52:47.9899Z", "last_updater": 1156886, "last_updater_username": "doijanky", "name": "0.6.7", "repository": 16379579, "full_size": 7491291, "v2": true, "tag_status": "active", "tag_last_pulled": "2024-01-13T06:28:08.295883Z", "tag_last_pushed": "2022-04-05T07:52:47.9899Z", "media_type": "application/vnd.docker.distribution.manifest.list.v2+json", "content_type": "image"}]