[{"creator": 621950, "id": 4008773, "images": [{"architecture": "amd64", "features": "", "variant": null, "digest": "sha256:500aea560f03cfa04b5b096beba9be83cf2a27a6fec7cb1d4fce678ec334eb61", "os": "linux", "os_features": "", "os_version": null, "size": 69306369, "status": "active", "last_pulled": "2024-01-20T05:40:22.304245Z", "last_pushed": "2024-01-16T18:48:34.198743Z"}], "last_updated": "2024-01-16T18:48:39.717598Z", "last_updater": 1156886, "last_updater_username": "doijanky", "name": "latest", "repository": 820625, "full_size": 69306369, "v2": true, "tag_status": "active", "tag_last_pulled": "2024-01-20T07:28:00.797627Z", "tag_last_pushed": "2024-01-16T18:48:39.717598Z", "media_type": "application/vnd.docker.distribution.manifest.list.v2+json", "content_type": "image", "digest": "sha256:b5f03873e3e926b49a8c6aa34993d5c5a7c0fd5ef0075014263a04fc75838cdd"}, {"creator": 621950, "id": 4036426, "images": [{"architecture": "amd64", "features": "", "variant": null, "digest": "sha256:500aea560f03cfa04b5b096beba9be83cf2a27a6fec7cb1d4fce678ec334eb61", "os": "linux", "os_features": "", "os_version": null, "size": 69306369, "status": "active", "last_pulled": "2024-01-20T05:40:22.304245Z", "last_pushed": "2024-01-16T18:48:34.198743Z"}], "last_updated": "2024-01-16T18:48:36.499551Z", "last_updater": 1156886, "last_updater_username": "doijanky", "name": "base", "repository": 820625, "full_size": 69306369, "v2": true, "tag_status": "active", "tag_last_pulled": "2024-01-20T07:28:00.797627Z", "tag_last_pushed": "2024-01-16T18:48:36.499551Z", "media_type": "application/vnd.docker.distribution.manifest.list.v2+json", "content_type": "image", "digest": "sha256:b5f03873e3e926b49a8c6aa34993d5c5a7c0fd5ef0075014263a04fc75838cdd"}]