[{"creator": 1156886, "id": 32035866, "images": [{"architecture": "amd64", "features": "", "variant": null, "digest": "sha256:83f8136ab6e2b1383d1ee43b5991793e82b610eea65528d119c4aa131c03662d", "os": "linux", "os_features": "", "os_version": null, "size": 43934590, "status": "active", "last_pulled": "2024-01-20T07:34:10.159457Z", "last_pushed": "2023-09-26T00:33:47.31435Z"}, {"architecture": "arm", "features": "", "variant": null, "digest": "sha256:1c59e77d911e717d6730df713cba11241fb78a79eac162b22177a91bf3af53f9", "os": "linux", "os_features": "", "os_version": null, "size": 40169888, "status": "active", "last_pulled": "2024-01-20T03:27:08.588603Z", "last_pushed": "2023-09-26T01:07:17.244616Z"}, {"architecture": "arm64", "features": "", "variant": null, "digest": "sha256:bb47bf55b4326fdc17b1790a36fa6f6909e70072835f3f889fcd4697176bac8b", "os": "linux", "os_features": "", "os_version": null, "size": 43166383, "status": "active", "last_pulled": "2024-01-20T03:27:09.618052Z", "last_pushed": "2023-09-26T00:55:32.418494Z"}, {"architecture": "386", "features": "", "variant": null, "digest": "sha256:634f0b6f91dec963463c1efe7d049b7d1d1a2cb96c687f0a89b58dc98a577820", "os": "linux", "os_features": "", "os_version": null, "size": 44616420, "status": "active", "last_pulled": "2024-01-20T07:34:09.982288Z", "last_pushed": "2023-09-26T00:55:33.54813Z"}, {"architecture": "ppc64le", "features": "", "variant": null, "digest": "sha256:da9c4ceb513de3babae6868eadefc252e3b0f73171a96204f9e374b43acdcef0", "os": "linux", "os_features": "", "os_version": null, "size": 46884034, "status": "active", "last_pulled": "2024-01-20T01:33:06.792252Z", "last_pushed": "2023-09-26T00:33:48.536965Z"}], "last_updated": "2023-09-26T01:07:20.65805Z", "last_updater": 1156886, "last_updater_username": "doijanky", "name": "latest", "repository": 5805303, "full_size": 43934590, "v2": true, "tag_status": "active", "tag_last_pulled": "2024-01-20T07:34:10.159457Z", "tag_last_pushed": "2023-09-26T01:07:20.65805Z", "media_type": "application/vnd.docker.distribution.manifest.list.v2+json", "content_type": "image", "digest": "sha256:91fb07c6ffa050c533c8815d0e6a663238422f5f0d1f1d46c198babfd4fbc625"}, {"creator": 1156886, "id": 32035876, "images": [{"architecture": "amd64", "features": "", "variant": null, "digest": "sha256:aa52ebd4ac57aef3cdadca1c5f2d8ae88baad0ceef71823fb984f392b9acf06c", "os": "linux", "os_features": "", "os_version": null, "size": 40570107, "status": "active", "last_pulled": "2024-01-19T23:38:52.423061Z", "last_pushed": "2023-09-26T00:34:25.855583Z"}, {"architecture": "arm", "features": "", "variant": null, "digest": "sha256:e4d539a946e491e59e694e6e1fca143fd06a1b8ca0a8984d87361a8ba5b6ff18", "os": "linux", "os_features": "", "os_version": null, "size": 37312895, "status": "active", "last_pulled": "2024-01-19T16:27:25.152977Z", "last_pushed": "2023-09-26T01:07:54.070761Z"}, {"architecture": "arm64", "features": "", "variant": null, "digest": "sha256:7bc6b08980128f32221e95001208944a661c0e8214ee83e9d45b0ec16ba17246", "os": "linux", "os_features": "", "os_version": null, "size": 39226707, "status": "active", "last_pulled": "2024-01-19T16:27:25.50514Z", "last_pushed": "2023-09-26T00:56:16.717638Z"}, {"architecture": "386", "features": "", "variant": null, "digest": "sha256:d617039e3809907755cb19d543a4f472f8e905d2fae6eff6cdd36eefa11c6dee", "os": "linux", "os_features": "", "os_version": null, "size": 40702475, "status": "active", "last_pulled": "2024-01-20T01:33:16.938833Z", "last_pushed": "2023-09-26T00:56:18.290843Z"}, {"architecture": "ppc64le", "features": "", "variant": null, "digest": "sha256:ecd82e1cbbe68ea2fc535b585cd0a13566c38f3db9e7cfa8f2fd96e7a20676c3", "os": "linux", "os_features": "", "os_version": null, "size": 42804906, "status": "active", "last_pulled": "2024-01-19T16:27:26.318084Z", "last_pushed": "2023-09-26T00:34:26.945858Z"}], "last_updated": "2023-09-26T01:07:57.539944Z", "last_updater": 1156886, "last_updater_username": "doijanky", "name": "sisyphus", "repository": 5805303, "full_size": 40570107, "v2": true, "tag_status": "active", "tag_last_pulled": "2024-01-20T08:07:16.691495Z", "tag_last_pushed": "2023-09-26T01:07:57.539944Z", "media_type": "application/vnd.docker.distribution.manifest.list.v2+json", "content_type": "image", "digest": "sha256:91fb25415cb9d252b5fd19c735e0f0a87bc0d181a263e8e1b3d1ad14c40ee969"}, {"creator": 1156886, "id": 57202459, "images": [{"architecture": "amd64", "features": "", "variant": null, "digest": "sha256:f221359928d06fbd44e68a41d6e350d3bc8ed9e128bf11f720e9bc9ed7453392", "os": "linux", "os_features": "", "os_version": null, "size": 43153381, "status": "active", "last_pulled": "2024-01-20T01:33:11.090863Z", "last_pushed": "2023-09-26T00:34:10.153853Z"}, {"architecture": "arm", "features": "", "variant": null, "digest": "sha256:12ae5d23a0959833292fe7c45d5636254421b2862636463ac3c7de53b2b700c3", "os": "linux", "os_features": "", "os_version": null, "size": 38635105, "status": "active", "last_pulled": "2024-01-20T01:33:11.442611Z", "last_pushed": "2023-09-26T01:07:39.731053Z"}, {"architecture": "arm64", "features": "", "variant": null, "digest": "sha256:f27d9e4e6a8596ab300613684df7d3fae8dc89ee3d16b78de3f94bc841b7660c", "os": "linux", "os_features": "", "os_version": null, "size": 41947315, "status": "active", "last_pulled": "2024-01-20T07:27:15.157252Z", "last_pushed": "2023-09-26T00:55:58.142773Z"}, {"architecture": "386", "features": "", "variant": null, "digest": "sha256:520bc632e10f7a16cb0b9d505939b1d9975f5a368e2728412819cc45ff41ae33", "os": "linux", "os_features": "", "os_version": null, "size": 43289880, "status": "active", "last_pulled": "2024-01-20T04:27:40.670547Z", "last_pushed": "2023-09-26T00:55:59.233362Z"}, {"architecture": "ppc64le", "features": "", "variant": null, "digest": "sha256:bab06b7a9a7566cdc23011b5925d0175d765421c04be8a645dab0bd7b4070255", "os": "linux", "os_features": "", "os_version": null, "size": 46885044, "status": "active", "last_pulled": "2024-01-19T23:38:47.574312Z", "last_pushed": "2023-09-26T00:34:11.390384Z"}], "last_updated": "2023-09-26T01:07:42.617894Z", "last_updater": 1156886, "last_updater_username": "doijanky", "name": "p9", "repository": 5805303, "full_size": 43153381, "v2": true, "tag_status": "active", "tag_last_pulled": "2024-01-20T07:27:15.157252Z", "tag_last_pushed": "2023-09-26T01:07:42.617894Z", "media_type": "application/vnd.docker.distribution.manifest.list.v2+json", "content_type": "image", "digest": "sha256:6e22e9d79d1e1329e9d4817a4f03fbf9bc651a0a3f1691c751031379722c29bf"}, {"creator": 1156886, "id": 161265987, "images": [{"architecture": "amd64", "features": "", "variant": null, "digest": "sha256:83f8136ab6e2b1383d1ee43b5991793e82b610eea65528d119c4aa131c03662d", "os": "linux", "os_features": "", "os_version": null, "size": 43934590, "status": "active", "last_pulled": "2024-01-20T07:34:10.159457Z", "last_pushed": "2023-09-26T00:33:47.31435Z"}, {"architecture": "arm", "features": "", "variant": null, "digest": "sha256:1c59e77d911e717d6730df713cba11241fb78a79eac162b22177a91bf3af53f9", "os": "linux", "os_features": "", "os_version": null, "size": 40169888, "status": "active", "last_pulled": "2024-01-20T03:27:08.588603Z", "last_pushed": "2023-09-26T01:07:17.244616Z"}, {"architecture": "arm64", "features": "", "variant": null, "digest": "sha256:bb47bf55b4326fdc17b1790a36fa6f6909e70072835f3f889fcd4697176bac8b", "os": "linux", "os_features": "", "os_version": null, "size": 43166383, "status": "active", "last_pulled": "2024-01-20T03:27:09.618052Z", "last_pushed": "2023-09-26T00:55:32.418494Z"}, {"architecture": "386", "features": "", "variant": null, "digest": "sha256:634f0b6f91dec963463c1efe7d049b7d1d1a2cb96c687f0a89b58dc98a577820", "os": "linux", "os_features": "", "os_version": null, "size": 44616420, "status": "active", "last_pulled": "2024-01-20T07:34:09.982288Z", "last_pushed": "2023-09-26T00:55:33.54813Z"}, {"architecture": "ppc64le", "features": "", "variant": null, "digest": "sha256:da9c4ceb513de3babae6868eadefc252e3b0f73171a96204f9e374b43acdcef0", "os": "linux", "os_features": "", "os_version": null, "size": 46884034, "status": "active", "last_pulled": "2024-01-20T01:33:06.792252Z", "last_pushed": "2023-09-26T00:33:48.536965Z"}], "last_updated": "2023-09-26T01:07:27.732584Z", "last_updater": 1156886, "last_updater_username": "doijanky", "name": "p10", "repository": 5805303, "full_size": 43934590, "v2": true, "tag_status": "active", "tag_last_pulled": "2024-01-20T07:34:10.159457Z", "tag_last_pushed": "2023-09-26T01:07:27.732584Z", "media_type": "application/vnd.docker.distribution.manifest.list.v2+json", "content_type": "image", "digest": "sha256:91fb07c6ffa050c533c8815d0e6a663238422f5f0d1f1d46c198babfd4fbc625"}, {"creator": 1156886, "id": 32035865, "images": [{"architecture": "386", "features": "", "variant": null, "digest": "sha256:e2569652f4c32820df027a3567b1ffc0a903ed3ca0ee30ec0347c7f905cedcab", "os": "linux", "os_features": "", "os_version": null, "size": 35965881, "status": "active", "last_pulled": "2024-01-18T03:44:38.360981Z", "last_pushed": "2021-08-04T23:03:08.401697Z"}, {"architecture": "amd64", "features": "", "variant": null, "digest": "sha256:4b760d8593b9452fa29853b4e6ba5be32709247bc4a1c0c7342a9d5220937217", "os": "linux", "os_features": "", "os_version": null, "size": 35777561, "status": "active", "last_pulled": "2024-01-19T17:12:57.292208Z", "last_pushed": "2021-08-04T22:46:04.701032Z"}], "last_updated": "2021-08-04T23:03:10.840095Z", "last_updater": 1156886, "last_updater_username": "doijanky", "name": "p8", "repository": 5805303, "full_size": 35777561, "v2": true, "tag_status": "active", "tag_last_pulled": "2024-01-19T17:12:57.292208Z", "tag_last_pushed": "2021-08-04T23:03:10.840095Z", "media_type": "application/vnd.docker.distribution.manifest.list.v2+json", "content_type": "image"}]