[{"creator": 621950, "id": 6665279, "images": [{"architecture": "arm64", "features": "", "variant": "v8", "digest": "sha256:a590e6504338ef8c894d5c9e02c705d56c81502d37b59eb64f086e514148e352", "os": "linux", "os_features": "", "os_version": null, "size": 158872867, "status": "active", "last_pulled": "2024-01-19T20:09:23.197401Z", "last_pushed": null}, {"architecture": "amd64", "features": "", "variant": null, "digest": "sha256:c53621767093d30a62aba3dba8e7513199170a1f0c24d22ceab27838fd5a53fb", "os": "linux", "os_features": "", "os_version": null, "size": 173194950, "status": "active", "last_pulled": "2024-01-20T03:53:15.41175Z", "last_pushed": null}], "last_updated": "2019-06-13T05:46:11.662767Z", "last_updater": 1156886, "last_updater_username": "doijanky", "name": "latest", "repository": 1099105, "full_size": 173194950, "v2": true, "tag_status": "active", "tag_last_pulled": "2024-01-20T03:53:15.41175Z", "tag_last_pushed": "2019-06-13T05:46:11.662767Z", "media_type": "application/vnd.docker.distribution.manifest.list.v2+json", "content_type": "image"}, {"creator": 1156886, "id": 32504858, "images": [{"architecture": "amd64", "features": "", "variant": null, "digest": "sha256:c53621767093d30a62aba3dba8e7513199170a1f0c24d22ceab27838fd5a53fb", "os": "linux", "os_features": "", "os_version": null, "size": 173194950, "status": "active", "last_pulled": "2024-01-20T03:53:15.41175Z", "last_pushed": null}, {"architecture": "arm64", "features": "", "variant": "v8", "digest": "sha256:a590e6504338ef8c894d5c9e02c705d56c81502d37b59eb64f086e514148e352", "os": "linux", "os_features": "", "os_version": null, "size": 158872867, "status": "active", "last_pulled": "2024-01-19T20:09:23.197401Z", "last_pushed": null}], "last_updated": "2019-06-13T05:46:10.379312Z", "last_updater": 1156886, "last_updater_username": "doijanky", "name": "0.9.9", "repository": 1099105, "full_size": 173194950, "v2": true, "tag_status": "active", "tag_last_pulled": "2024-01-20T03:53:15.41175Z", "tag_last_pushed": "2019-06-13T05:46:10.379312Z", "media_type": "application/vnd.docker.distribution.manifest.list.v2+json", "content_type": "image"}, {"creator": 621950, "id": 6665252, "images": [{"architecture": "amd64", "features": "", "variant": null, "digest": "sha256:c53621767093d30a62aba3dba8e7513199170a1f0c24d22ceab27838fd5a53fb", "os": "linux", "os_features": "", "os_version": null, "size": 173194950, "status": "active", "last_pulled": "2024-01-20T03:53:15.41175Z", "last_pushed": null}, {"architecture": "arm64", "features": "", "variant": "v8", "digest": "sha256:a590e6504338ef8c894d5c9e02c705d56c81502d37b59eb64f086e514148e352", "os": "linux", "os_features": "", "os_version": null, "size": 158872867, "status": "active", "last_pulled": "2024-01-19T20:09:23.197401Z", "last_pushed": null}], "last_updated": "2019-06-13T05:46:06.578311Z", "last_updater": 1156886, "last_updater_username": "doijanky", "name": "0.9", "repository": 1099105, "full_size": 173194950, "v2": true, "tag_status": "active", "tag_last_pulled": "2024-01-20T03:53:15.41175Z", "tag_last_pushed": "2019-06-13T05:46:06.578311Z", "media_type": "application/vnd.docker.distribution.manifest.list.v2+json", "content_type": "image"}, {"creator": 621950, "id": 6665266, "images": [{"architecture": "amd64", "features": "", "variant": null, "digest": "sha256:c53621767093d30a62aba3dba8e7513199170a1f0c24d22ceab27838fd5a53fb", "os": "linux", "os_features": "", "os_version": null, "size": 173194950, "status": "active", "last_pulled": "2024-01-20T03:53:15.41175Z", "last_pushed": null}, {"architecture": "arm64", "features": "", "variant": "v8", "digest": "sha256:a590e6504338ef8c894d5c9e02c705d56c81502d37b59eb64f086e514148e352", "os": "linux", "os_features": "", "os_version": null, "size": 158872867, "status": "active", "last_pulled": "2024-01-19T20:09:23.197401Z", "last_pushed": null}], "last_updated": "2019-06-13T05:46:03.854603Z", "last_updater": 1156886, "last_updater_username": "doijanky", "name": "0", "repository": 1099105, "full_size": 173194950, "v2": true, "tag_status": "active", "tag_last_pulled": "2024-01-20T03:53:15.41175Z", "tag_last_pushed": "2019-06-13T05:46:03.854603Z", "media_type": "application/vnd.docker.distribution.manifest.list.v2+json", "content_type": "image"}, {"creator": 621950, "id": 6665247, "images": [{"architecture": "amd64", "features": "", "variant": null, "digest": "sha256:0645d07d36305947d72a31282e2dd035f54fbeff6d9adb6701e9c72e75f675e8", "os": "linux", "os_features": "", "os_version": null, "size": 222223361, "status": "inactive", "last_pulled": null, "last_pushed": null}], "last_updated": "2018-06-13T06:42:43.266943Z", "last_updater": 1156886, "last_updater_username": "doijanky", "name": "0.9.2", "repository": 1099105, "full_size": 222223361, "v2": true, "tag_status": "inactive", "tag_last_pulled": null, "tag_last_pushed": "2018-06-13T06:42:43.266943Z", "media_type": "application/vnd.docker.distribution.manifest.list.v2+json", "content_type": "image"}]