[{"creator": 621950, "id": 4805172, "images": [{"architecture": "amd64", "features": "", "variant": null, "digest": "sha256:df778d0ffaca958ae85ed22cca19f5afb73609d241aa8e717ece2a778bb2645e", "os": "linux", "os_features": "", "os_version": null, "size": 120084858, "status": "active", "last_pulled": "2024-01-20T07:19:01.689575Z", "last_pushed": "2024-01-17T22:03:33.070366Z"}, {"architecture": "arm64", "features": "", "variant": "v8", "digest": "sha256:1c7fd2c9d48bf053df0c5ebcf66e0afef068f9077c0a7fb98f7aa73f06abefbe", "os": "linux", "os_features": "", "os_version": null, "size": 118817633, "status": "active", "last_pulled": "2024-01-20T06:40:22.996388Z", "last_pushed": "2024-01-17T22:03:34.259401Z"}, {"architecture": "ppc64le", "features": "", "variant": null, "digest": "sha256:f555a8e8fc0abd8464cdcd893ae6ce1b11c1165b4c5f9dc0fc9d0c952ca892d2", "os": "linux", "os_features": "", "os_version": null, "size": 127012715, "status": "active", "last_pulled": "2024-01-20T06:27:50.673507Z", "last_pushed": "2024-01-17T22:03:35.55984Z"}, {"architecture": "s390x", "features": "", "variant": null, "digest": "sha256:d930e6f7d3a58669607433102614d87fa442f63131430b48652d5edef7b7832e", "os": "linux", "os_features": "", "os_version": null, "size": 114576328, "status": "active", "last_pulled": "2024-01-20T06:27:50.832578Z", "last_pushed": "2024-01-17T22:03:36.819802Z"}], "last_updated": "2024-01-17T22:03:56.426916Z", "last_updater": 1156886, "last_updater_username": "doijanky", "name": "latest", "repository": 912207, "full_size": 120084858, "v2": true, "tag_status": "active", "tag_last_pulled": "2024-01-20T07:19:01.689575Z", "tag_last_pushed": "2024-01-17T22:03:56.426916Z", "media_type": "application/vnd.docker.distribution.manifest.list.v2+json", "content_type": "image", "digest": "sha256:7cc8855936787c91d69a4f299291f5321ee25fbce05830c0b92ca35e1d9ef1a4"}, {"creator": 1156886, "id": 531493157, "images": [{"architecture": "amd64", "features": "", "variant": null, "digest": "sha256:df778d0ffaca958ae85ed22cca19f5afb73609d241aa8e717ece2a778bb2645e", "os": "linux", "os_features": "", "os_version": null, "size": 120084858, "status": "active", "last_pulled": "2024-01-20T07:19:01.689575Z", "last_pushed": "2024-01-17T22:03:33.070366Z"}, {"architecture": "arm64", "features": "", "variant": "v8", "digest": "sha256:1c7fd2c9d48bf053df0c5ebcf66e0afef068f9077c0a7fb98f7aa73f06abefbe", "os": "linux", "os_features": "", "os_version": null, "size": 118817633, "status": "active", "last_pulled": "2024-01-20T06:40:22.996388Z", "last_pushed": "2024-01-17T22:03:34.259401Z"}, {"architecture": "ppc64le", "features": "", "variant": null, "digest": "sha256:f555a8e8fc0abd8464cdcd893ae6ce1b11c1165b4c5f9dc0fc9d0c952ca892d2", "os": "linux", "os_features": "", "os_version": null, "size": 127012715, "status": "active", "last_pulled": "2024-01-20T06:27:50.673507Z", "last_pushed": "2024-01-17T22:03:35.55984Z"}, {"architecture": "s390x", "features": "", "variant": null, "digest": "sha256:d930e6f7d3a58669607433102614d87fa442f63131430b48652d5edef7b7832e", "os": "linux", "os_features": "", "os_version": null, "size": 114576328, "status": "active", "last_pulled": "2024-01-20T06:27:50.832578Z", "last_pushed": "2024-01-17T22:03:36.819802Z"}], "last_updated": "2024-01-17T22:03:51.429041Z", "last_updater": 1156886, "last_updater_username": "doijanky", "name": "3.9.1-jre-17", "repository": 912207, "full_size": 120084858, "v2": true, "tag_status": "active", "tag_last_pulled": "2024-01-20T07:19:01.689575Z", "tag_last_pushed": "2024-01-17T22:03:51.429041Z", "media_type": "application/vnd.docker.distribution.manifest.list.v2+json", "content_type": "image", "digest": "sha256:7cc8855936787c91d69a4f299291f5321ee25fbce05830c0b92ca35e1d9ef1a4"}, {"creator": 1156886, "id": 531493131, "images": [{"architecture": "amd64", "features": "", "variant": null, "digest": "sha256:221b30f04bf2ba9a632254072dcb02de080e427ffc4cee79bde9dbbf815459fb", "os": "linux", "os_features": "", "os_version": null, "size": 115450971, "status": "active", "last_pulled": "2024-01-20T07:47:26.003646Z", "last_pushed": "2024-01-17T22:03:00.796844Z"}, {"architecture": "arm64", "features": "", "variant": "v8", "digest": "sha256:60be5c36d6cb69bd94f842cef73cef0e653c8e4c62b0af4e9a107799e144d633", "os": "linux", "os_features": "", "os_version": null, "size": 111579543, "status": "active", "last_pulled": "2024-01-20T06:40:22.577078Z", "last_pushed": "2024-01-17T22:03:02.077197Z"}, {"architecture": "ppc64le", "features": "", "variant": null, "digest": "sha256:a32134ddf99811223c3e3cab7d91fd9c87389c92c7a533f36bef7e06125a1ae3", "os": "linux", "os_features": "", "os_version": null, "size": 117550815, "status": "active", "last_pulled": "2024-01-20T06:40:22.849815Z", "last_pushed": "2024-01-17T22:03:03.300729Z"}, {"architecture": "s390x", "features": "", "variant": null, "digest": "sha256:f1e5e845c670e13840105ccdca4d79a9efe9955dffd47c40d83661c56e3af0aa", "os": "linux", "os_features": "", "os_version": null, "size": 107307358, "status": "active", "last_pulled": "2024-01-20T06:40:23.122403Z", "last_pushed": "2024-01-17T22:03:04.556855Z"}], "last_updated": "2024-01-17T22:03:47.022032Z", "last_updater": 1156886, "last_updater_username": "doijanky", "name": "3.9.1-jre-11", "repository": 912207, "full_size": 115450971, "v2": true, "tag_status": "active", "tag_last_pulled": "2024-01-20T07:47:26.003646Z", "tag_last_pushed": "2024-01-17T22:03:47.022032Z", "media_type": "application/vnd.docker.distribution.manifest.list.v2+json", "content_type": "image", "digest": "sha256:01eebdadb781af8829e898c44e59f0c767f4c8e77c9c0b8b55e9788740d1d8a0"}, {"creator": 1156886, "id": 531493094, "images": [{"architecture": "amd64", "features": "", "variant": null, "digest": "sha256:221b30f04bf2ba9a632254072dcb02de080e427ffc4cee79bde9dbbf815459fb", "os": "linux", "os_features": "", "os_version": null, "size": 115450971, "status": "active", "last_pulled": "2024-01-20T07:47:26.003646Z", "last_pushed": "2024-01-17T22:03:00.796844Z"}, {"architecture": "arm64", "features": "", "variant": "v8", "digest": "sha256:60be5c36d6cb69bd94f842cef73cef0e653c8e4c62b0af4e9a107799e144d633", "os": "linux", "os_features": "", "os_version": null, "size": 111579543, "status": "active", "last_pulled": "2024-01-20T06:40:22.577078Z", "last_pushed": "2024-01-17T22:03:02.077197Z"}, {"architecture": "ppc64le", "features": "", "variant": null, "digest": "sha256:a32134ddf99811223c3e3cab7d91fd9c87389c92c7a533f36bef7e06125a1ae3", "os": "linux", "os_features": "", "os_version": null, "size": 117550815, "status": "active", "last_pulled": "2024-01-20T06:40:22.849815Z", "last_pushed": "2024-01-17T22:03:03.300729Z"}, {"architecture": "s390x", "features": "", "variant": null, "digest": "sha256:f1e5e845c670e13840105ccdca4d79a9efe9955dffd47c40d83661c56e3af0aa", "os": "linux", "os_features": "", "os_version": null, "size": 107307358, "status": "active", "last_pulled": "2024-01-20T06:40:23.122403Z", "last_pushed": "2024-01-17T22:03:04.556855Z"}], "last_updated": "2024-01-17T22:03:43.54979Z", "last_updater": 1156886, "last_updater_username": "doijanky", "name": "3.9.1", "repository": 912207, "full_size": 115450971, "v2": true, "tag_status": "active", "tag_last_pulled": "2024-01-20T07:47:26.003646Z", "tag_last_pushed": "2024-01-17T22:03:43.54979Z", "media_type": "application/vnd.docker.distribution.manifest.list.v2+json", "content_type": "image", "digest": "sha256:01eebdadb781af8829e898c44e59f0c767f4c8e77c9c0b8b55e9788740d1d8a0"}, {"creator": 1156886, "id": 531493054, "images": [{"architecture": "amd64", "features": "", "variant": null, "digest": "sha256:df778d0ffaca958ae85ed22cca19f5afb73609d241aa8e717ece2a778bb2645e", "os": "linux", "os_features": "", "os_version": null, "size": 120084858, "status": "active", "last_pulled": "2024-01-20T07:19:01.689575Z", "last_pushed": "2024-01-17T22:03:33.070366Z"}, {"architecture": "arm64", "features": "", "variant": "v8", "digest": "sha256:1c7fd2c9d48bf053df0c5ebcf66e0afef068f9077c0a7fb98f7aa73f06abefbe", "os": "linux", "os_features": "", "os_version": null, "size": 118817633, "status": "active", "last_pulled": "2024-01-20T06:40:22.996388Z", "last_pushed": "2024-01-17T22:03:34.259401Z"}, {"architecture": "ppc64le", "features": "", "variant": null, "digest": "sha256:f555a8e8fc0abd8464cdcd893ae6ce1b11c1165b4c5f9dc0fc9d0c952ca892d2", "os": "linux", "os_features": "", "os_version": null, "size": 127012715, "status": "active", "last_pulled": "2024-01-20T06:27:50.673507Z", "last_pushed": "2024-01-17T22:03:35.55984Z"}, {"architecture": "s390x", "features": "", "variant": null, "digest": "sha256:d930e6f7d3a58669607433102614d87fa442f63131430b48652d5edef7b7832e", "os": "linux", "os_features": "", "os_version": null, "size": 114576328, "status": "active", "last_pulled": "2024-01-20T06:27:50.832578Z", "last_pushed": "2024-01-17T22:03:36.819802Z"}], "last_updated": "2024-01-17T22:03:39.258234Z", "last_updater": 1156886, "last_updater_username": "doijanky", "name": "3.9-jre-17", "repository": 912207, "full_size": 120084858, "v2": true, "tag_status": "active", "tag_last_pulled": "2024-01-20T07:19:01.689575Z", "tag_last_pushed": "2024-01-17T22:03:39.258234Z", "media_type": "application/vnd.docker.distribution.manifest.list.v2+json", "content_type": "image", "digest": "sha256:7cc8855936787c91d69a4f299291f5321ee25fbce05830c0b92ca35e1d9ef1a4"}, {"creator": 1156886, "id": 531492990, "images": [{"architecture": "amd64", "features": "", "variant": null, "digest": "sha256:221b30f04bf2ba9a632254072dcb02de080e427ffc4cee79bde9dbbf815459fb", "os": "linux", "os_features": "", "os_version": null, "size": 115450971, "status": "active", "last_pulled": "2024-01-20T07:47:26.003646Z", "last_pushed": "2024-01-17T22:03:00.796844Z"}, {"architecture": "arm64", "features": "", "variant": "v8", "digest": "sha256:60be5c36d6cb69bd94f842cef73cef0e653c8e4c62b0af4e9a107799e144d633", "os": "linux", "os_features": "", "os_version": null, "size": 111579543, "status": "active", "last_pulled": "2024-01-20T06:40:22.577078Z", "last_pushed": "2024-01-17T22:03:02.077197Z"}, {"architecture": "ppc64le", "features": "", "variant": null, "digest": "sha256:a32134ddf99811223c3e3cab7d91fd9c87389c92c7a533f36bef7e06125a1ae3", "os": "linux", "os_features": "", "os_version": null, "size": 117550815, "status": "active", "last_pulled": "2024-01-20T06:40:22.849815Z", "last_pushed": "2024-01-17T22:03:03.300729Z"}, {"architecture": "s390x", "features": "", "variant": null, "digest": "sha256:f1e5e845c670e13840105ccdca4d79a9efe9955dffd47c40d83661c56e3af0aa", "os": "linux", "os_features": "", "os_version": null, "size": 107307358, "status": "active", "last_pulled": "2024-01-20T06:40:23.122403Z", "last_pushed": "2024-01-17T22:03:04.556855Z"}], "last_updated": "2024-01-17T22:03:11.57453Z", "last_updater": 1156886, "last_updater_username": "doijanky", "name": "3.9-jre-11", "repository": 912207, "full_size": 115450971, "v2": true, "tag_status": "active", "tag_last_pulled": "2024-01-20T07:47:26.003646Z", "tag_last_pushed": "2024-01-17T22:03:11.57453Z", "media_type": "application/vnd.docker.distribution.manifest.list.v2+json", "content_type": "image", "digest": "sha256:01eebdadb781af8829e898c44e59f0c767f4c8e77c9c0b8b55e9788740d1d8a0"}, {"creator": 1156886, "id": 495628959, "images": [{"architecture": "amd64", "features": "", "variant": null, "digest": "sha256:221b30f04bf2ba9a632254072dcb02de080e427ffc4cee79bde9dbbf815459fb", "os": "linux", "os_features": "", "os_version": null, "size": 115450971, "status": "active", "last_pulled": "2024-01-20T07:47:26.003646Z", "last_pushed": "2024-01-17T22:03:00.796844Z"}, {"architecture": "arm64", "features": "", "variant": "v8", "digest": "sha256:60be5c36d6cb69bd94f842cef73cef0e653c8e4c62b0af4e9a107799e144d633", "os": "linux", "os_features": "", "os_version": null, "size": 111579543, "status": "active", "last_pulled": "2024-01-20T06:40:22.577078Z", "last_pushed": "2024-01-17T22:03:02.077197Z"}, {"architecture": "ppc64le", "features": "", "variant": null, "digest": "sha256:a32134ddf99811223c3e3cab7d91fd9c87389c92c7a533f36bef7e06125a1ae3", "os": "linux", "os_features": "", "os_version": null, "size": 117550815, "status": "active", "last_pulled": "2024-01-20T06:40:22.849815Z", "last_pushed": "2024-01-17T22:03:03.300729Z"}, {"architecture": "s390x", "features": "", "variant": null, "digest": "sha256:f1e5e845c670e13840105ccdca4d79a9efe9955dffd47c40d83661c56e3af0aa", "os": "linux", "os_features": "", "os_version": null, "size": 107307358, "status": "active", "last_pulled": "2024-01-20T06:40:23.122403Z", "last_pushed": "2024-01-17T22:03:04.556855Z"}], "last_updated": "2024-01-17T22:03:07.477412Z", "last_updater": 1156886, "last_updater_username": "doijanky", "name": "3.9", "repository": 912207, "full_size": 115450971, "v2": true, "tag_status": "active", "tag_last_pulled": "2024-01-20T07:47:26.003646Z", "tag_last_pushed": "2024-01-17T22:03:07.477412Z", "media_type": "application/vnd.docker.distribution.manifest.list.v2+json", "content_type": "image", "digest": "sha256:01eebdadb781af8829e898c44e59f0c767f4c8e77c9c0b8b55e9788740d1d8a0"}, {"creator": 1156886, "id": 531492864, "images": [{"architecture": "amd64", "features": "", "variant": null, "digest": "sha256:ada8b13b4403ee62d1c47db5e8323fbea8aa3bb4d85c80440b65fd732c2a15cd", "os": "linux", "os_features": "", "os_version": null, "size": 114474137, "status": "active", "last_pulled": "2024-01-20T07:30:30.432495Z", "last_pushed": "2024-01-17T22:02:20.904555Z"}, {"architecture": "arm64", "features": "", "variant": "v8", "digest": "sha256:67e616a9925d0a2f97d3c2b0ce1aa6b4cc156b91df8c60e030abe7c084c26045", "os": "linux", "os_features": "", "os_version": null, "size": 113207301, "status": "active", "last_pulled": "2024-01-19T16:02:48.451092Z", "last_pushed": "2024-01-17T22:02:22.519161Z"}, {"architecture": "ppc64le", "features": "", "variant": null, "digest": "sha256:f55cfc6127da310dadbc31f127bb987d343147fbee59ae46decdc38db383c530", "os": "linux", "os_features": "", "os_version": null, "size": 121401923, "status": "active", "last_pulled": "2024-01-20T04:50:12.762897Z", "last_pushed": "2024-01-17T22:02:23.665782Z"}, {"architecture": "s390x", "features": "", "variant": null, "digest": "sha256:f1987cca5b9948aa6ac18358460947389247b7b6fe388f3105e732fa8325c9d6", "os": "linux", "os_features": "", "os_version": null, "size": 108966024, "status": "active", "last_pulled": "2024-01-19T23:31:57.551938Z", "last_pushed": "2024-01-17T22:02:24.784906Z"}], "last_updated": "2024-01-17T22:02:39.559988Z", "last_updater": 1156886, "last_updater_username": "doijanky", "name": "3.8.3-jre-17", "repository": 912207, "full_size": 114474137, "v2": true, "tag_status": "active", "tag_last_pulled": "2024-01-20T07:30:30.432495Z", "tag_last_pushed": "2024-01-17T22:02:39.559988Z", "media_type": "application/vnd.docker.distribution.manifest.list.v2+json", "content_type": "image", "digest": "sha256:8fdb4900267a4ea71d9d566af8e51850fa14d070e91d44e5b941a5f3f10d1ce1"}, {"creator": 1156886, "id": 531492829, "images": [{"architecture": "amd64", "features": "", "variant": null, "digest": "sha256:f15370a058dd51fee79869627a1ce5f7c5e8c22cdfb472fcc1e9282d4eef746e", "os": "linux", "os_features": "", "os_version": null, "size": 109840289, "status": "active", "last_pulled": "2024-01-20T07:41:59.002438Z", "last_pushed": "2024-01-17T22:01:50.630428Z"}, {"architecture": "arm64", "features": "", "variant": "v8", "digest": "sha256:b972cb81f237b7045dbf89b4d5d957b6d90f893721a2b79b6f902ade69a72e97", "os": "linux", "os_features": "", "os_version": null, "size": 105969191, "status": "active", "last_pulled": "2024-01-20T06:40:22.440805Z", "last_pushed": "2024-01-17T22:01:51.786521Z"}, {"architecture": "ppc64le", "features": "", "variant": null, "digest": "sha256:5a7c4cc635ccdf3b9b2949712a517a30e7bfd10efb65c179ee68182b6caab240", "os": "linux", "os_features": "", "os_version": null, "size": 111940447, "status": "active", "last_pulled": "2024-01-20T06:40:22.703698Z", "last_pushed": "2024-01-17T22:01:53.05135Z"}, {"architecture": "s390x", "features": "", "variant": null, "digest": "sha256:c23966fa5cc5910035fb39fa76002539aa2089caf6616b695400109ef18c6c85", "os": "linux", "os_features": "", "os_version": null, "size": 101697004, "status": "active", "last_pulled": "2024-01-20T06:40:23.11705Z", "last_pushed": "2024-01-17T22:01:54.326769Z"}], "last_updated": "2024-01-17T22:02:35.396047Z", "last_updater": 1156886, "last_updater_username": "doijanky", "name": "3.8.3-jre-11", "repository": 912207, "full_size": 109840289, "v2": true, "tag_status": "active", "tag_last_pulled": "2024-01-20T07:41:59.002438Z", "tag_last_pushed": "2024-01-17T22:02:35.396047Z", "media_type": "application/vnd.docker.distribution.manifest.list.v2+json", "content_type": "image", "digest": "sha256:eaed6adedfe12993b2e65530b2259443babcad1fa778e7c0abf8f46cca029e23"}, {"creator": 1156886, "id": 531492806, "images": [{"architecture": "amd64", "features": "", "variant": null, "digest": "sha256:f15370a058dd51fee79869627a1ce5f7c5e8c22cdfb472fcc1e9282d4eef746e", "os": "linux", "os_features": "", "os_version": null, "size": 109840289, "status": "active", "last_pulled": "2024-01-20T07:41:59.002438Z", "last_pushed": "2024-01-17T22:01:50.630428Z"}, {"architecture": "arm64", "features": "", "variant": "v8", "digest": "sha256:b972cb81f237b7045dbf89b4d5d957b6d90f893721a2b79b6f902ade69a72e97", "os": "linux", "os_features": "", "os_version": null, "size": 105969191, "status": "active", "last_pulled": "2024-01-20T06:40:22.440805Z", "last_pushed": "2024-01-17T22:01:51.786521Z"}, {"architecture": "ppc64le", "features": "", "variant": null, "digest": "sha256:5a7c4cc635ccdf3b9b2949712a517a30e7bfd10efb65c179ee68182b6caab240", "os": "linux", "os_features": "", "os_version": null, "size": 111940447, "status": "active", "last_pulled": "2024-01-20T06:40:22.703698Z", "last_pushed": "2024-01-17T22:01:53.05135Z"}, {"architecture": "s390x", "features": "", "variant": null, "digest": "sha256:c23966fa5cc5910035fb39fa76002539aa2089caf6616b695400109ef18c6c85", "os": "linux", "os_features": "", "os_version": null, "size": 101697004, "status": "active", "last_pulled": "2024-01-20T06:40:23.11705Z", "last_pushed": "2024-01-17T22:01:54.326769Z"}], "last_updated": "2024-01-17T22:02:31.349637Z", "last_updater": 1156886, "last_updater_username": "doijanky", "name": "3.8.3", "repository": 912207, "full_size": 109840289, "v2": true, "tag_status": "active", "tag_last_pulled": "2024-01-20T07:41:59.002438Z", "tag_last_pushed": "2024-01-17T22:02:31.349637Z", "media_type": "application/vnd.docker.distribution.manifest.list.v2+json", "content_type": "image", "digest": "sha256:eaed6adedfe12993b2e65530b2259443babcad1fa778e7c0abf8f46cca029e23"}, {"creator": 1156886, "id": 531492782, "images": [{"architecture": "amd64", "features": "", "variant": null, "digest": "sha256:ada8b13b4403ee62d1c47db5e8323fbea8aa3bb4d85c80440b65fd732c2a15cd", "os": "linux", "os_features": "", "os_version": null, "size": 114474137, "status": "active", "last_pulled": "2024-01-20T07:30:30.432495Z", "last_pushed": "2024-01-17T22:02:20.904555Z"}, {"architecture": "arm64", "features": "", "variant": "v8", "digest": "sha256:67e616a9925d0a2f97d3c2b0ce1aa6b4cc156b91df8c60e030abe7c084c26045", "os": "linux", "os_features": "", "os_version": null, "size": 113207301, "status": "active", "last_pulled": "2024-01-19T16:02:48.451092Z", "last_pushed": "2024-01-17T22:02:22.519161Z"}, {"architecture": "ppc64le", "features": "", "variant": null, "digest": "sha256:f55cfc6127da310dadbc31f127bb987d343147fbee59ae46decdc38db383c530", "os": "linux", "os_features": "", "os_version": null, "size": 121401923, "status": "active", "last_pulled": "2024-01-20T04:50:12.762897Z", "last_pushed": "2024-01-17T22:02:23.665782Z"}, {"architecture": "s390x", "features": "", "variant": null, "digest": "sha256:f1987cca5b9948aa6ac18358460947389247b7b6fe388f3105e732fa8325c9d6", "os": "linux", "os_features": "", "os_version": null, "size": 108966024, "status": "active", "last_pulled": "2024-01-19T23:31:57.551938Z", "last_pushed": "2024-01-17T22:02:24.784906Z"}], "last_updated": "2024-01-17T22:02:27.178572Z", "last_updater": 1156886, "last_updater_username": "doijanky", "name": "3.8-jre-17", "repository": 912207, "full_size": 114474137, "v2": true, "tag_status": "active", "tag_last_pulled": "2024-01-20T07:30:30.432495Z", "tag_last_pushed": "2024-01-17T22:02:27.178572Z", "media_type": "application/vnd.docker.distribution.manifest.list.v2+json", "content_type": "image", "digest": "sha256:8fdb4900267a4ea71d9d566af8e51850fa14d070e91d44e5b941a5f3f10d1ce1"}, {"creator": 1156886, "id": 531492716, "images": [{"architecture": "amd64", "features": "", "variant": null, "digest": "sha256:f15370a058dd51fee79869627a1ce5f7c5e8c22cdfb472fcc1e9282d4eef746e", "os": "linux", "os_features": "", "os_version": null, "size": 109840289, "status": "active", "last_pulled": "2024-01-20T07:41:59.002438Z", "last_pushed": "2024-01-17T22:01:50.630428Z"}, {"architecture": "arm64", "features": "", "variant": "v8", "digest": "sha256:b972cb81f237b7045dbf89b4d5d957b6d90f893721a2b79b6f902ade69a72e97", "os": "linux", "os_features": "", "os_version": null, "size": 105969191, "status": "active", "last_pulled": "2024-01-20T06:40:22.440805Z", "last_pushed": "2024-01-17T22:01:51.786521Z"}, {"architecture": "ppc64le", "features": "", "variant": null, "digest": "sha256:5a7c4cc635ccdf3b9b2949712a517a30e7bfd10efb65c179ee68182b6caab240", "os": "linux", "os_features": "", "os_version": null, "size": 111940447, "status": "active", "last_pulled": "2024-01-20T06:40:22.703698Z", "last_pushed": "2024-01-17T22:01:53.05135Z"}, {"architecture": "s390x", "features": "", "variant": null, "digest": "sha256:c23966fa5cc5910035fb39fa76002539aa2089caf6616b695400109ef18c6c85", "os": "linux", "os_features": "", "os_version": null, "size": 101697004, "status": "active", "last_pulled": "2024-01-20T06:40:23.11705Z", "last_pushed": "2024-01-17T22:01:54.326769Z"}], "last_updated": "2024-01-17T22:02:00.732465Z", "last_updater": 1156886, "last_updater_username": "doijanky", "name": "3.8-jre-11", "repository": 912207, "full_size": 109840289, "v2": true, "tag_status": "active", "tag_last_pulled": "2024-01-20T07:41:59.002438Z", "tag_last_pushed": "2024-01-17T22:02:00.732465Z", "media_type": "application/vnd.docker.distribution.manifest.list.v2+json", "content_type": "image", "digest": "sha256:eaed6adedfe12993b2e65530b2259443babcad1fa778e7c0abf8f46cca029e23"}, {"creator": 1156886, "id": 198606040, "images": [{"architecture": "amd64", "features": "", "variant": null, "digest": "sha256:f15370a058dd51fee79869627a1ce5f7c5e8c22cdfb472fcc1e9282d4eef746e", "os": "linux", "os_features": "", "os_version": null, "size": 109840289, "status": "active", "last_pulled": "2024-01-20T07:41:59.002438Z", "last_pushed": "2024-01-17T22:01:50.630428Z"}, {"architecture": "arm64", "features": "", "variant": "v8", "digest": "sha256:b972cb81f237b7045dbf89b4d5d957b6d90f893721a2b79b6f902ade69a72e97", "os": "linux", "os_features": "", "os_version": null, "size": 105969191, "status": "active", "last_pulled": "2024-01-20T06:40:22.440805Z", "last_pushed": "2024-01-17T22:01:51.786521Z"}, {"architecture": "ppc64le", "features": "", "variant": null, "digest": "sha256:5a7c4cc635ccdf3b9b2949712a517a30e7bfd10efb65c179ee68182b6caab240", "os": "linux", "os_features": "", "os_version": null, "size": 111940447, "status": "active", "last_pulled": "2024-01-20T06:40:22.703698Z", "last_pushed": "2024-01-17T22:01:53.05135Z"}, {"architecture": "s390x", "features": "", "variant": null, "digest": "sha256:c23966fa5cc5910035fb39fa76002539aa2089caf6616b695400109ef18c6c85", "os": "linux", "os_features": "", "os_version": null, "size": 101697004, "status": "active", "last_pulled": "2024-01-20T06:40:23.11705Z", "last_pushed": "2024-01-17T22:01:54.326769Z"}], "last_updated": "2024-01-17T22:01:56.941671Z", "last_updater": 1156886, "last_updater_username": "doijanky", "name": "3.8", "repository": 912207, "full_size": 109840289, "v2": true, "tag_status": "active", "tag_last_pulled": "2024-01-20T07:41:59.002438Z", "tag_last_pushed": "2024-01-17T22:01:56.941671Z", "media_type": "application/vnd.docker.distribution.manifest.list.v2+json", "content_type": "image", "digest": "sha256:eaed6adedfe12993b2e65530b2259443babcad1fa778e7c0abf8f46cca029e23"}, {"creator": 1156886, "id": 531492608, "images": [{"architecture": "amd64", "features": "", "variant": null, "digest": "sha256:e39feaf6f15d4c88481f2e5d146c0134ba557f7859c32e91f97d2d46b91d250e", "os": "linux", "os_features": "", "os_version": null, "size": 113805277, "status": "active", "last_pulled": "2024-01-20T07:30:23.982522Z", "last_pushed": "2024-01-17T22:01:08.984796Z"}, {"architecture": "arm64", "features": "", "variant": "v8", "digest": "sha256:a7f0f168372c082c8c3de985596b6a2c498989f587bd18491858146b30f7b05f", "os": "linux", "os_features": "", "os_version": null, "size": 112538122, "status": "active", "last_pulled": "2024-01-19T22:25:38.147326Z", "last_pushed": "2024-01-17T22:01:10.32957Z"}, {"architecture": "ppc64le", "features": "", "variant": null, "digest": "sha256:221566297663e070885b9c942e2aa8280991d8c7fe61a5db39e5907bf5dac3f5", "os": "linux", "os_features": "", "os_version": null, "size": 120733245, "status": "active", "last_pulled": "2024-01-20T02:14:18.664451Z", "last_pushed": "2024-01-17T22:01:11.628313Z"}, {"architecture": "s390x", "features": "", "variant": null, "digest": "sha256:a85faefba28d17c2b1e7c9abcccfc3ff7049d56a75e9d08569a0188b5171dc7c", "os": "linux", "os_features": "", "os_version": null, "size": 108296751, "status": "active", "last_pulled": "2024-01-19T16:56:41.693353Z", "last_pushed": "2024-01-17T22:01:13.03026Z"}], "last_updated": "2024-01-17T22:01:29.103861Z", "last_updater": 1156886, "last_updater_username": "doijanky", "name": "3.7.2-jre-17", "repository": 912207, "full_size": 113805277, "v2": true, "tag_status": "active", "tag_last_pulled": "2024-01-20T07:30:23.982522Z", "tag_last_pushed": "2024-01-17T22:01:29.103861Z", "media_type": "application/vnd.docker.distribution.manifest.list.v2+json", "content_type": "image", "digest": "sha256:84dbb67f1bef31ce7306f6ef1a9ff9cce7d4f9b82aefef529b5285e7bf5105dd"}, {"creator": 1156886, "id": 531492575, "images": [{"architecture": "amd64", "features": "", "variant": null, "digest": "sha256:b0879d9e2e40bd30de712a4a81bf178421355bf7b00771baff2cd7d7b92e5b02", "os": "linux", "os_features": "", "os_version": null, "size": 109171433, "status": "active", "last_pulled": "2024-01-20T07:47:16.698124Z", "last_pushed": "2024-01-17T21:59:54.625401Z"}, {"architecture": "arm64", "features": "", "variant": "v8", "digest": "sha256:7cc9e73c23df38cf4d96e049edf4076c391c9671b047e67e5c9689b2d1885e91", "os": "linux", "os_features": "", "os_version": null, "size": 105300040, "status": "active", "last_pulled": "2024-01-20T01:25:39.95541Z", "last_pushed": "2024-01-17T21:59:55.92942Z"}, {"architecture": "ppc64le", "features": "", "variant": null, "digest": "sha256:aee6dbce0ebb9a0f5037389af81158caac5643ae52b98e21c4b41dd406af8e66", "os": "linux", "os_features": "", "os_version": null, "size": 111271300, "status": "active", "last_pulled": "2024-01-20T07:48:55.806678Z", "last_pushed": "2024-01-17T21:59:57.293147Z"}, {"architecture": "s390x", "features": "", "variant": null, "digest": "sha256:bd167666fe51d30e49280a251c25a14ae4fc81bec35eb41dc78980f32341e82d", "os": "linux", "os_features": "", "os_version": null, "size": 101027898, "status": "active", "last_pulled": "2024-01-20T03:15:46.269036Z", "last_pushed": "2024-01-17T21:59:58.599967Z"}], "last_updated": "2024-01-17T22:01:24.302222Z", "last_updater": 1156886, "last_updater_username": "doijanky", "name": "3.7.2-jre-11", "repository": 912207, "full_size": 109171433, "v2": true, "tag_status": "active", "tag_last_pulled": "2024-01-20T08:01:01.805313Z", "tag_last_pushed": "2024-01-17T22:01:24.302222Z", "media_type": "application/vnd.docker.distribution.manifest.list.v2+json", "content_type": "image", "digest": "sha256:95a4b9f29aa791b1a17afd1f6735b41bd82675288f0a6db04b079b6614076402"}, {"creator": 1156886, "id": 531492541, "images": [{"architecture": "amd64", "features": "", "variant": null, "digest": "sha256:b0879d9e2e40bd30de712a4a81bf178421355bf7b00771baff2cd7d7b92e5b02", "os": "linux", "os_features": "", "os_version": null, "size": 109171433, "status": "active", "last_pulled": "2024-01-20T07:47:16.698124Z", "last_pushed": "2024-01-17T21:59:54.625401Z"}, {"architecture": "arm64", "features": "", "variant": "v8", "digest": "sha256:7cc9e73c23df38cf4d96e049edf4076c391c9671b047e67e5c9689b2d1885e91", "os": "linux", "os_features": "", "os_version": null, "size": 105300040, "status": "active", "last_pulled": "2024-01-20T01:25:39.95541Z", "last_pushed": "2024-01-17T21:59:55.92942Z"}, {"architecture": "ppc64le", "features": "", "variant": null, "digest": "sha256:aee6dbce0ebb9a0f5037389af81158caac5643ae52b98e21c4b41dd406af8e66", "os": "linux", "os_features": "", "os_version": null, "size": 111271300, "status": "active", "last_pulled": "2024-01-20T07:48:55.806678Z", "last_pushed": "2024-01-17T21:59:57.293147Z"}, {"architecture": "s390x", "features": "", "variant": null, "digest": "sha256:bd167666fe51d30e49280a251c25a14ae4fc81bec35eb41dc78980f32341e82d", "os": "linux", "os_features": "", "os_version": null, "size": 101027898, "status": "active", "last_pulled": "2024-01-20T03:15:46.269036Z", "last_pushed": "2024-01-17T21:59:58.599967Z"}], "last_updated": "2024-01-17T22:01:20.161694Z", "last_updater": 1156886, "last_updater_username": "doijanky", "name": "3.7.2", "repository": 912207, "full_size": 109171433, "v2": true, "tag_status": "active", "tag_last_pulled": "2024-01-20T08:01:01.805313Z", "tag_last_pushed": "2024-01-17T22:01:20.161694Z", "media_type": "application/vnd.docker.distribution.manifest.list.v2+json", "content_type": "image", "digest": "sha256:95a4b9f29aa791b1a17afd1f6735b41bd82675288f0a6db04b079b6614076402"}, {"creator": 1156886, "id": 531492514, "images": [{"architecture": "amd64", "features": "", "variant": null, "digest": "sha256:e39feaf6f15d4c88481f2e5d146c0134ba557f7859c32e91f97d2d46b91d250e", "os": "linux", "os_features": "", "os_version": null, "size": 113805277, "status": "active", "last_pulled": "2024-01-20T07:30:23.982522Z", "last_pushed": "2024-01-17T22:01:08.984796Z"}, {"architecture": "arm64", "features": "", "variant": "v8", "digest": "sha256:a7f0f168372c082c8c3de985596b6a2c498989f587bd18491858146b30f7b05f", "os": "linux", "os_features": "", "os_version": null, "size": 112538122, "status": "active", "last_pulled": "2024-01-19T22:25:38.147326Z", "last_pushed": "2024-01-17T22:01:10.32957Z"}, {"architecture": "ppc64le", "features": "", "variant": null, "digest": "sha256:221566297663e070885b9c942e2aa8280991d8c7fe61a5db39e5907bf5dac3f5", "os": "linux", "os_features": "", "os_version": null, "size": 120733245, "status": "active", "last_pulled": "2024-01-20T02:14:18.664451Z", "last_pushed": "2024-01-17T22:01:11.628313Z"}, {"architecture": "s390x", "features": "", "variant": null, "digest": "sha256:a85faefba28d17c2b1e7c9abcccfc3ff7049d56a75e9d08569a0188b5171dc7c", "os": "linux", "os_features": "", "os_version": null, "size": 108296751, "status": "active", "last_pulled": "2024-01-19T16:56:41.693353Z", "last_pushed": "2024-01-17T22:01:13.03026Z"}], "last_updated": "2024-01-17T22:01:15.798239Z", "last_updater": 1156886, "last_updater_username": "doijanky", "name": "3.7-jre-17", "repository": 912207, "full_size": 113805277, "v2": true, "tag_status": "active", "tag_last_pulled": "2024-01-20T07:30:23.982522Z", "tag_last_pushed": "2024-01-17T22:01:15.798239Z", "media_type": "application/vnd.docker.distribution.manifest.list.v2+json", "content_type": "image", "digest": "sha256:84dbb67f1bef31ce7306f6ef1a9ff9cce7d4f9b82aefef529b5285e7bf5105dd"}, {"creator": 1156886, "id": 531492389, "images": [{"architecture": "amd64", "features": "", "variant": null, "digest": "sha256:b0879d9e2e40bd30de712a4a81bf178421355bf7b00771baff2cd7d7b92e5b02", "os": "linux", "os_features": "", "os_version": null, "size": 109171433, "status": "active", "last_pulled": "2024-01-20T07:47:16.698124Z", "last_pushed": "2024-01-17T21:59:54.625401Z"}, {"architecture": "arm64", "features": "", "variant": "v8", "digest": "sha256:7cc9e73c23df38cf4d96e049edf4076c391c9671b047e67e5c9689b2d1885e91", "os": "linux", "os_features": "", "os_version": null, "size": 105300040, "status": "active", "last_pulled": "2024-01-20T01:25:39.95541Z", "last_pushed": "2024-01-17T21:59:55.92942Z"}, {"architecture": "ppc64le", "features": "", "variant": null, "digest": "sha256:aee6dbce0ebb9a0f5037389af81158caac5643ae52b98e21c4b41dd406af8e66", "os": "linux", "os_features": "", "os_version": null, "size": 111271300, "status": "active", "last_pulled": "2024-01-20T07:48:55.806678Z", "last_pushed": "2024-01-17T21:59:57.293147Z"}, {"architecture": "s390x", "features": "", "variant": null, "digest": "sha256:bd167666fe51d30e49280a251c25a14ae4fc81bec35eb41dc78980f32341e82d", "os": "linux", "os_features": "", "os_version": null, "size": 101027898, "status": "active", "last_pulled": "2024-01-20T03:15:46.269036Z", "last_pushed": "2024-01-17T21:59:58.599967Z"}], "last_updated": "2024-01-17T22:00:17.217928Z", "last_updater": 1156886, "last_updater_username": "doijanky", "name": "3.7-jre-11", "repository": 912207, "full_size": 109171433, "v2": true, "tag_status": "active", "tag_last_pulled": "2024-01-20T08:01:01.805313Z", "tag_last_pushed": "2024-01-17T22:00:17.217928Z", "media_type": "application/vnd.docker.distribution.manifest.list.v2+json", "content_type": "image", "digest": "sha256:95a4b9f29aa791b1a17afd1f6735b41bd82675288f0a6db04b079b6614076402"}, {"creator": 1156886, "id": 144285724, "images": [{"architecture": "amd64", "features": "", "variant": null, "digest": "sha256:b0879d9e2e40bd30de712a4a81bf178421355bf7b00771baff2cd7d7b92e5b02", "os": "linux", "os_features": "", "os_version": null, "size": 109171433, "status": "active", "last_pulled": "2024-01-20T07:47:16.698124Z", "last_pushed": "2024-01-17T21:59:54.625401Z"}, {"architecture": "arm64", "features": "", "variant": "v8", "digest": "sha256:7cc9e73c23df38cf4d96e049edf4076c391c9671b047e67e5c9689b2d1885e91", "os": "linux", "os_features": "", "os_version": null, "size": 105300040, "status": "active", "last_pulled": "2024-01-20T01:25:39.95541Z", "last_pushed": "2024-01-17T21:59:55.92942Z"}, {"architecture": "ppc64le", "features": "", "variant": null, "digest": "sha256:aee6dbce0ebb9a0f5037389af81158caac5643ae52b98e21c4b41dd406af8e66", "os": "linux", "os_features": "", "os_version": null, "size": 111271300, "status": "active", "last_pulled": "2024-01-20T07:48:55.806678Z", "last_pushed": "2024-01-17T21:59:57.293147Z"}, {"architecture": "s390x", "features": "", "variant": null, "digest": "sha256:bd167666fe51d30e49280a251c25a14ae4fc81bec35eb41dc78980f32341e82d", "os": "linux", "os_features": "", "os_version": null, "size": 101027898, "status": "active", "last_pulled": "2024-01-20T03:15:46.269036Z", "last_pushed": "2024-01-17T21:59:58.599967Z"}], "last_updated": "2024-01-17T22:00:07.25141Z", "last_updater": 1156886, "last_updater_username": "doijanky", "name": "3.7", "repository": 912207, "full_size": 109171433, "v2": true, "tag_status": "active", "tag_last_pulled": "2024-01-20T08:01:01.805313Z", "tag_last_pushed": "2024-01-17T22:00:07.25141Z", "media_type": "application/vnd.docker.distribution.manifest.list.v2+json", "content_type": "image", "digest": "sha256:95a4b9f29aa791b1a17afd1f6735b41bd82675288f0a6db04b079b6614076402"}, {"creator": 1156886, "id": 494904886, "images": [{"architecture": "amd64", "features": "", "variant": null, "digest": "sha256:3e7b5e1c1742f0e56b69c346f022809ea89340a9396e8428a16e8f9f50e61263", "os": "linux", "os_features": "", "os_version": null, "size": 114716076, "status": "active", "last_pulled": "2024-01-20T07:19:45.718256Z", "last_pushed": "2023-10-13T11:36:03.110551Z"}, {"architecture": "arm64", "features": "", "variant": "v8", "digest": "sha256:5bd24dcf60b4a1fabf7fc8757e454c13c4f7f24147e185fca6ebe47805cbc23c", "os": "linux", "os_features": "", "os_version": null, "size": 110841286, "status": "active", "last_pulled": "2024-01-19T14:43:18.124329Z", "last_pushed": "2023-10-13T10:15:06.356106Z"}, {"architecture": "ppc64le", "features": "", "variant": null, "digest": "sha256:c20d8d9a7fd1a7b3d44a9fb01cae056a8fdcdcffb2dc515f214232b4a589bc95", "os": "linux", "os_features": "", "os_version": null, "size": 116867295, "status": "active", "last_pulled": "2024-01-19T14:43:18.214542Z", "last_pushed": "2023-10-13T13:07:10.571398Z"}, {"architecture": "s390x", "features": "", "variant": null, "digest": "sha256:bf1dcf5171dde6c3d6c5f53ad8e4c3fd73484585ca2fbb6aa70745cd451c19f5", "os": "linux", "os_features": "", "os_version": null, "size": 106650081, "status": "active", "last_pulled": "2024-01-19T14:43:18.308416Z", "last_pushed": "2023-10-13T13:07:11.916436Z"}], "last_updated": "2023-10-13T13:07:18.221708Z", "last_updater": 1156886, "last_updater_username": "doijanky", "name": "3.9.0", "repository": 912207, "full_size": 114716076, "v2": true, "tag_status": "active", "tag_last_pulled": "2024-01-20T07:25:25.612749Z", "tag_last_pushed": "2023-10-13T13:07:18.221708Z", "media_type": "application/vnd.docker.distribution.manifest.list.v2+json", "content_type": "image", "digest": "sha256:6f2d46db1d2e8d937eb90811454683322db45a291a336dfd018accd324345ad8"}, {"creator": 1156886, "id": 479411057, "images": [{"architecture": "amd64", "features": "", "variant": null, "digest": "sha256:e8b5edc7be7419437cc5ceb25b6b385c1112c908032f08dd11a9ea32a8eaaf68", "os": "linux", "os_features": "", "os_version": null, "size": 108238188, "status": "active", "last_pulled": "2024-01-20T07:25:38.563093Z", "last_pushed": "2023-10-13T11:35:41.060874Z"}, {"architecture": "arm64", "features": "", "variant": "v8", "digest": "sha256:bc8375b15348f08863920fa558b27beae4da1665158b406d1925ebbe77b9d034", "os": "linux", "os_features": "", "os_version": null, "size": 104363472, "status": "active", "last_pulled": "2024-01-19T23:02:58.697112Z", "last_pushed": "2023-10-13T10:14:36.465072Z"}, {"architecture": "ppc64le", "features": "", "variant": null, "digest": "sha256:f647ea93ab89dd6d5284f4bb64161422171c0478869798bf54a49580734b0cbc", "os": "linux", "os_features": "", "os_version": null, "size": 110389412, "status": "active", "last_pulled": "2024-01-19T18:37:46.35265Z", "last_pushed": "2023-10-13T13:06:41.410641Z"}, {"architecture": "s390x", "features": "", "variant": null, "digest": "sha256:26842624bfee96b86188f1880c408a7bd7eeedacdfdcdeab850f34d9f72e1be7", "os": "linux", "os_features": "", "os_version": null, "size": 100172217, "status": "active", "last_pulled": "2024-01-19T18:37:48.782958Z", "last_pushed": "2023-10-13T13:06:42.669395Z"}], "last_updated": "2023-10-13T13:06:58.04442Z", "last_updater": 1156886, "last_updater_username": "doijanky", "name": "3.8.2-temurin", "repository": 912207, "full_size": 108238188, "v2": true, "tag_status": "active", "tag_last_pulled": "2024-01-20T07:46:09.387319Z", "tag_last_pushed": "2023-10-13T13:06:58.04442Z", "media_type": "application/vnd.docker.distribution.manifest.list.v2+json", "content_type": "image", "digest": "sha256:55d1e5b2e601ad7780fe2f248f75c2f50e6e5b5d1a4a48d26e4904376d4ae8d7"}, {"creator": 1156886, "id": 479411033, "images": [{"architecture": "amd64", "features": "", "variant": null, "digest": "sha256:e8b5edc7be7419437cc5ceb25b6b385c1112c908032f08dd11a9ea32a8eaaf68", "os": "linux", "os_features": "", "os_version": null, "size": 108238188, "status": "active", "last_pulled": "2024-01-20T07:25:38.563093Z", "last_pushed": "2023-10-13T11:35:41.060874Z"}, {"architecture": "arm64", "features": "", "variant": "v8", "digest": "sha256:bc8375b15348f08863920fa558b27beae4da1665158b406d1925ebbe77b9d034", "os": "linux", "os_features": "", "os_version": null, "size": 104363472, "status": "active", "last_pulled": "2024-01-19T23:02:58.697112Z", "last_pushed": "2023-10-13T10:14:36.465072Z"}, {"architecture": "ppc64le", "features": "", "variant": null, "digest": "sha256:f647ea93ab89dd6d5284f4bb64161422171c0478869798bf54a49580734b0cbc", "os": "linux", "os_features": "", "os_version": null, "size": 110389412, "status": "active", "last_pulled": "2024-01-19T18:37:46.35265Z", "last_pushed": "2023-10-13T13:06:41.410641Z"}, {"architecture": "s390x", "features": "", "variant": null, "digest": "sha256:26842624bfee96b86188f1880c408a7bd7eeedacdfdcdeab850f34d9f72e1be7", "os": "linux", "os_features": "", "os_version": null, "size": 100172217, "status": "active", "last_pulled": "2024-01-19T18:37:48.782958Z", "last_pushed": "2023-10-13T13:06:42.669395Z"}], "last_updated": "2023-10-13T13:06:54.35308Z", "last_updater": 1156886, "last_updater_username": "doijanky", "name": "3.8.2", "repository": 912207, "full_size": 108238188, "v2": true, "tag_status": "active", "tag_last_pulled": "2024-01-20T07:46:09.387319Z", "tag_last_pushed": "2023-10-13T13:06:54.35308Z", "media_type": "application/vnd.docker.distribution.manifest.list.v2+json", "content_type": "image", "digest": "sha256:55d1e5b2e601ad7780fe2f248f75c2f50e6e5b5d1a4a48d26e4904376d4ae8d7"}, {"creator": 1156886, "id": 271415531, "images": [{"architecture": "amd64", "features": "", "variant": null, "digest": "sha256:e8b5edc7be7419437cc5ceb25b6b385c1112c908032f08dd11a9ea32a8eaaf68", "os": "linux", "os_features": "", "os_version": null, "size": 108238188, "status": "active", "last_pulled": "2024-01-20T07:25:38.563093Z", "last_pushed": "2023-10-13T11:35:41.060874Z"}, {"architecture": "arm64", "features": "", "variant": "v8", "digest": "sha256:bc8375b15348f08863920fa558b27beae4da1665158b406d1925ebbe77b9d034", "os": "linux", "os_features": "", "os_version": null, "size": 104363472, "status": "active", "last_pulled": "2024-01-19T23:02:58.697112Z", "last_pushed": "2023-10-13T10:14:36.465072Z"}, {"architecture": "ppc64le", "features": "", "variant": null, "digest": "sha256:f647ea93ab89dd6d5284f4bb64161422171c0478869798bf54a49580734b0cbc", "os": "linux", "os_features": "", "os_version": null, "size": 110389412, "status": "active", "last_pulled": "2024-01-19T18:37:46.35265Z", "last_pushed": "2023-10-13T13:06:41.410641Z"}, {"architecture": "s390x", "features": "", "variant": null, "digest": "sha256:26842624bfee96b86188f1880c408a7bd7eeedacdfdcdeab850f34d9f72e1be7", "os": "linux", "os_features": "", "os_version": null, "size": 100172217, "status": "active", "last_pulled": "2024-01-19T18:37:48.782958Z", "last_pushed": "2023-10-13T13:06:42.669395Z"}], "last_updated": "2023-10-13T13:06:50.178071Z", "last_updater": 1156886, "last_updater_username": "doijanky", "name": "3.8-temurin", "repository": 912207, "full_size": 108238188, "v2": true, "tag_status": "active", "tag_last_pulled": "2024-01-20T07:46:09.387319Z", "tag_last_pushed": "2023-10-13T13:06:50.178071Z", "media_type": "application/vnd.docker.distribution.manifest.list.v2+json", "content_type": "image", "digest": "sha256:55d1e5b2e601ad7780fe2f248f75c2f50e6e5b5d1a4a48d26e4904376d4ae8d7"}, {"creator": 1156886, "id": 271415457, "images": [{"architecture": "amd64", "features": "", "variant": null, "digest": "sha256:72e571498a0054e2b135e9a137ca59a909e193bfd45108966c38d5580f690f52", "os": "linux", "os_features": "", "os_version": null, "size": 107398005, "status": "active", "last_pulled": "2024-01-20T06:29:09.795416Z", "last_pushed": "2023-10-13T11:35:24.834655Z"}, {"architecture": "arm64", "features": "", "variant": "v8", "digest": "sha256:11202400f248fa749ab0f90112144042a9cd881d187812bc0f4232d835d2f449", "os": "linux", "os_features": "", "os_version": null, "size": 103523268, "status": "active", "last_pulled": "2024-01-19T19:45:19.627435Z", "last_pushed": "2023-10-13T10:14:17.023393Z"}, {"architecture": "ppc64le", "features": "", "variant": null, "digest": "sha256:140d1f17fae169493a42789d90d2a14d04294bcf0df850d587939536c751f782", "os": "linux", "os_features": "", "os_version": null, "size": 109549223, "status": "active", "last_pulled": "2024-01-19T19:45:21.244758Z", "last_pushed": "2023-10-13T13:06:17.669232Z"}, {"architecture": "s390x", "features": "", "variant": null, "digest": "sha256:6832ace97eeccc15a4828b502d68831fa8174fd6494d56fd23ef4a02fc2da69f", "os": "linux", "os_features": "", "os_version": null, "size": 99332085, "status": "active", "last_pulled": "2024-01-19T19:45:22.70522Z", "last_pushed": "2023-10-13T13:06:19.203763Z"}], "last_updated": "2023-10-13T13:06:27.974675Z", "last_updater": 1156886, "last_updater_username": "doijanky", "name": "3.7.1-temurin", "repository": 912207, "full_size": 107398005, "v2": true, "tag_status": "active", "tag_last_pulled": "2024-01-20T06:29:09.795416Z", "tag_last_pushed": "2023-10-13T13:06:27.974675Z", "media_type": "application/vnd.docker.distribution.manifest.list.v2+json", "content_type": "image", "digest": "sha256:eba1396b87898dd25d1f0dc1e24fc6031431eaba83d4a51dffad42f4389c00db"}, {"creator": 1156886, "id": 271415400, "images": [{"architecture": "amd64", "features": "", "variant": null, "digest": "sha256:72e571498a0054e2b135e9a137ca59a909e193bfd45108966c38d5580f690f52", "os": "linux", "os_features": "", "os_version": null, "size": 107398005, "status": "active", "last_pulled": "2024-01-20T06:29:09.795416Z", "last_pushed": "2023-10-13T11:35:24.834655Z"}, {"architecture": "arm64", "features": "", "variant": "v8", "digest": "sha256:11202400f248fa749ab0f90112144042a9cd881d187812bc0f4232d835d2f449", "os": "linux", "os_features": "", "os_version": null, "size": 103523268, "status": "active", "last_pulled": "2024-01-19T19:45:19.627435Z", "last_pushed": "2023-10-13T10:14:17.023393Z"}, {"architecture": "ppc64le", "features": "", "variant": null, "digest": "sha256:140d1f17fae169493a42789d90d2a14d04294bcf0df850d587939536c751f782", "os": "linux", "os_features": "", "os_version": null, "size": 109549223, "status": "active", "last_pulled": "2024-01-19T19:45:21.244758Z", "last_pushed": "2023-10-13T13:06:17.669232Z"}, {"architecture": "s390x", "features": "", "variant": null, "digest": "sha256:6832ace97eeccc15a4828b502d68831fa8174fd6494d56fd23ef4a02fc2da69f", "os": "linux", "os_features": "", "os_version": null, "size": 99332085, "status": "active", "last_pulled": "2024-01-19T19:45:22.70522Z", "last_pushed": "2023-10-13T13:06:19.203763Z"}], "last_updated": "2023-10-13T13:06:21.794006Z", "last_updater": 1156886, "last_updater_username": "doijanky", "name": "3.7-temurin", "repository": 912207, "full_size": 107398005, "v2": true, "tag_status": "active", "tag_last_pulled": "2024-01-20T06:29:09.795416Z", "tag_last_pushed": "2023-10-13T13:06:21.794006Z", "media_type": "application/vnd.docker.distribution.manifest.list.v2+json", "content_type": "image", "digest": "sha256:eba1396b87898dd25d1f0dc1e24fc6031431eaba83d4a51dffad42f4389c00db"}, {"creator": 1156886, "id": 382828326, "images": [{"architecture": "amd64", "features": "", "variant": null, "digest": "sha256:612ec46e165711ce59e14130fc9c8c40d80a6c8784c090c7f53d0ad17d85cc14", "os": "linux", "os_features": "", "os_version": null, "size": 107521228, "status": "active", "last_pulled": "2024-01-20T07:06:47.13141Z", "last_pushed": "2023-07-05T12:53:26.814957Z"}, {"architecture": "arm64", "features": "", "variant": "v8", "digest": "sha256:637fc608a2ebaf0474824cb9c8b35ba722c00ad4afec6b88c38520b77ad62fac", "os": "linux", "os_features": "", "os_version": null, "size": 103688899, "status": "active", "last_pulled": "2024-01-20T07:01:39.293669Z", "last_pushed": "2023-07-05T05:49:22.215535Z"}, {"architecture": "ppc64le", "features": "", "variant": null, "digest": "sha256:92bc66379745c395cf864f46cd3f2e9860c3ce5794004d5b8cfc660236b7a4ad", "os": "linux", "os_features": "", "os_version": null, "size": 109661033, "status": "active", "last_pulled": "2024-01-19T18:48:09.628986Z", "last_pushed": "2023-07-05T19:05:20.181002Z"}, {"architecture": "s390x", "features": "", "variant": null, "digest": "sha256:3b15cc9fc1afd18ee751e1db1dda7e6812732b8b86d8cb74bc528875bd087774", "os": "linux", "os_features": "", "os_version": null, "size": 99536865, "status": "active", "last_pulled": "2024-01-19T18:48:12.294694Z", "last_pushed": "2023-07-05T11:17:12.894741Z"}], "last_updated": "2023-07-05T19:05:35.440983Z", "last_updater": 1156886, "last_updater_username": "doijanky", "name": "3.8.1-temurin", "repository": 912207, "full_size": 107521228, "v2": true, "tag_status": "active", "tag_last_pulled": "2024-01-20T07:29:17.874327Z", "tag_last_pushed": "2023-07-05T19:05:35.440983Z", "media_type": "application/vnd.docker.distribution.manifest.list.v2+json", "content_type": "image", "digest": "sha256:8242c71f0a529559f6513e949af42f3cf759bf4a05ef3b0e485af72884c8adb0"}, {"creator": 1156886, "id": 382828303, "images": [{"architecture": "amd64", "features": "", "variant": null, "digest": "sha256:612ec46e165711ce59e14130fc9c8c40d80a6c8784c090c7f53d0ad17d85cc14", "os": "linux", "os_features": "", "os_version": null, "size": 107521228, "status": "active", "last_pulled": "2024-01-20T07:06:47.13141Z", "last_pushed": "2023-07-05T12:53:26.814957Z"}, {"architecture": "arm64", "features": "", "variant": "v8", "digest": "sha256:637fc608a2ebaf0474824cb9c8b35ba722c00ad4afec6b88c38520b77ad62fac", "os": "linux", "os_features": "", "os_version": null, "size": 103688899, "status": "active", "last_pulled": "2024-01-20T07:01:39.293669Z", "last_pushed": "2023-07-05T05:49:22.215535Z"}, {"architecture": "ppc64le", "features": "", "variant": null, "digest": "sha256:92bc66379745c395cf864f46cd3f2e9860c3ce5794004d5b8cfc660236b7a4ad", "os": "linux", "os_features": "", "os_version": null, "size": 109661033, "status": "active", "last_pulled": "2024-01-19T18:48:09.628986Z", "last_pushed": "2023-07-05T19:05:20.181002Z"}, {"architecture": "s390x", "features": "", "variant": null, "digest": "sha256:3b15cc9fc1afd18ee751e1db1dda7e6812732b8b86d8cb74bc528875bd087774", "os": "linux", "os_features": "", "os_version": null, "size": 99536865, "status": "active", "last_pulled": "2024-01-19T18:48:12.294694Z", "last_pushed": "2023-07-05T11:17:12.894741Z"}], "last_updated": "2023-07-05T19:05:31.397205Z", "last_updater": 1156886, "last_updater_username": "doijanky", "name": "3.8.1", "repository": 912207, "full_size": 107521228, "v2": true, "tag_status": "active", "tag_last_pulled": "2024-01-20T07:29:17.874327Z", "tag_last_pushed": "2023-07-05T19:05:31.397205Z", "media_type": "application/vnd.docker.distribution.manifest.list.v2+json", "content_type": "image", "digest": "sha256:8242c71f0a529559f6513e949af42f3cf759bf4a05ef3b0e485af72884c8adb0"}, {"creator": 1156886, "id": 370053282, "images": [{"architecture": "amd64", "features": "", "variant": null, "digest": "sha256:c665db78fd45059b9ad23868b747033ed7bb54526545dc487ac6883294b30305", "os": "linux", "os_features": "", "os_version": null, "size": 106732527, "status": "active", "last_pulled": "2024-01-20T07:12:24.259639Z", "last_pushed": "2023-03-16T09:45:49.791466Z"}, {"architecture": "arm64", "features": "", "variant": "v8", "digest": "sha256:65afe5151178d8ac0c5c61f2a9c06e223e409c1c86570d77f9a7560ce20b0869", "os": "linux", "os_features": "", "os_version": null, "size": 102893916, "status": "active", "last_pulled": "2024-01-19T19:37:20.882256Z", "last_pushed": "2023-03-16T05:00:57.16559Z"}], "last_updated": "2023-03-16T09:46:04.191957Z", "last_updater": 1156886, "last_updater_username": "doijanky", "name": "3.6.4-temurin", "repository": 912207, "full_size": 106732527, "v2": true, "tag_status": "active", "tag_last_pulled": "2024-01-20T08:02:23.914957Z", "tag_last_pushed": "2023-03-16T09:46:04.191957Z", "media_type": "application/vnd.docker.distribution.manifest.list.v2+json", "content_type": "image", "digest": "sha256:562211796bb63767ddf8ba35e18da9a3fe8b7489a00c7905068825603d512e46"}, {"creator": 1156886, "id": 370053250, "images": [{"architecture": "amd64", "features": "", "variant": null, "digest": "sha256:c665db78fd45059b9ad23868b747033ed7bb54526545dc487ac6883294b30305", "os": "linux", "os_features": "", "os_version": null, "size": 106732527, "status": "active", "last_pulled": "2024-01-20T07:12:24.259639Z", "last_pushed": "2023-03-16T09:45:49.791466Z"}, {"architecture": "arm64", "features": "", "variant": "v8", "digest": "sha256:65afe5151178d8ac0c5c61f2a9c06e223e409c1c86570d77f9a7560ce20b0869", "os": "linux", "os_features": "", "os_version": null, "size": 102893916, "status": "active", "last_pulled": "2024-01-19T19:37:20.882256Z", "last_pushed": "2023-03-16T05:00:57.16559Z"}], "last_updated": "2023-03-16T09:46:00.493198Z", "last_updater": 1156886, "last_updater_username": "doijanky", "name": "3.6.4", "repository": 912207, "full_size": 106732527, "v2": true, "tag_status": "active", "tag_last_pulled": "2024-01-20T08:02:23.914957Z", "tag_last_pushed": "2023-03-16T09:46:00.493198Z", "media_type": "application/vnd.docker.distribution.manifest.list.v2+json", "content_type": "image", "digest": "sha256:562211796bb63767ddf8ba35e18da9a3fe8b7489a00c7905068825603d512e46"}, {"creator": 1156886, "id": 271415237, "images": [{"architecture": "amd64", "features": "", "variant": null, "digest": "sha256:c665db78fd45059b9ad23868b747033ed7bb54526545dc487ac6883294b30305", "os": "linux", "os_features": "", "os_version": null, "size": 106732527, "status": "active", "last_pulled": "2024-01-20T07:12:24.259639Z", "last_pushed": "2023-03-16T09:45:49.791466Z"}, {"architecture": "arm64", "features": "", "variant": "v8", "digest": "sha256:65afe5151178d8ac0c5c61f2a9c06e223e409c1c86570d77f9a7560ce20b0869", "os": "linux", "os_features": "", "os_version": null, "size": 102893916, "status": "active", "last_pulled": "2024-01-19T19:37:20.882256Z", "last_pushed": "2023-03-16T05:00:57.16559Z"}], "last_updated": "2023-03-16T09:45:56.978012Z", "last_updater": 1156886, "last_updater_username": "doijanky", "name": "3.6-temurin", "repository": 912207, "full_size": 106732527, "v2": true, "tag_status": "active", "tag_last_pulled": "2024-01-20T08:02:23.914957Z", "tag_last_pushed": "2023-03-16T09:45:56.978012Z", "media_type": "application/vnd.docker.distribution.manifest.list.v2+json", "content_type": "image", "digest": "sha256:562211796bb63767ddf8ba35e18da9a3fe8b7489a00c7905068825603d512e46"}, {"creator": 1156886, "id": 92736861, "images": [{"architecture": "amd64", "features": "", "variant": null, "digest": "sha256:c665db78fd45059b9ad23868b747033ed7bb54526545dc487ac6883294b30305", "os": "linux", "os_features": "", "os_version": null, "size": 106732527, "status": "active", "last_pulled": "2024-01-20T07:12:24.259639Z", "last_pushed": "2023-03-16T09:45:49.791466Z"}, {"architecture": "arm64", "features": "", "variant": "v8", "digest": "sha256:65afe5151178d8ac0c5c61f2a9c06e223e409c1c86570d77f9a7560ce20b0869", "os": "linux", "os_features": "", "os_version": null, "size": 102893916, "status": "active", "last_pulled": "2024-01-19T19:37:20.882256Z", "last_pushed": "2023-03-16T05:00:57.16559Z"}], "last_updated": "2023-03-16T09:45:51.951038Z", "last_updater": 1156886, "last_updater_username": "doijanky", "name": "3.6", "repository": 912207, "full_size": 106732527, "v2": true, "tag_status": "active", "tag_last_pulled": "2024-01-20T08:02:23.914957Z", "tag_last_pushed": "2023-03-16T09:45:51.951038Z", "media_type": "application/vnd.docker.distribution.manifest.list.v2+json", "content_type": "image", "digest": "sha256:562211796bb63767ddf8ba35e18da9a3fe8b7489a00c7905068825603d512e46"}, {"creator": 1156886, "id": 271415604, "images": [{"architecture": "amd64", "features": "", "variant": null, "digest": "sha256:53002a3f42ff3bf3c5e4f0d746869ed3c47dd8494ef18ab348fab1e62e3f2f09", "os": "linux", "os_features": "", "os_version": null, "size": 107367508, "status": "active", "last_pulled": "2024-01-20T06:29:09.787737Z", "last_pushed": "2023-02-01T02:53:25.356745Z"}, {"architecture": "arm64", "features": "", "variant": "v8", "digest": "sha256:16afed0326d90e22713392afad8efec0ec22fd6adc91cbd6b8b67618ebf8254b", "os": "linux", "os_features": "", "os_version": null, "size": 103530692, "status": "active", "last_pulled": "2024-01-19T22:45:39.231167Z", "last_pushed": "2023-01-31T23:07:48.992685Z"}], "last_updated": "2023-02-01T02:53:31.857036Z", "last_updater": 1156886, "last_updater_username": "doijanky", "name": "3.8.0-temurin", "repository": 912207, "full_size": 107367508, "v2": true, "tag_status": "active", "tag_last_pulled": "2024-01-20T06:29:09.787737Z", "tag_last_pushed": "2023-02-01T02:53:31.857036Z", "media_type": "application/vnd.docker.distribution.manifest.list.v2+json", "content_type": "image", "digest": "sha256:486e41923e8b33ab7bf71fa9806fa3382d48e43ba212f66ab7a08665ab367b74"}, {"creator": 1156886, "id": 370053141, "images": [{"architecture": "amd64", "features": "", "variant": null, "digest": "sha256:66a1b928d291eb6a482cadcd420a26957f0020dc464ba514421a3cb303340c83", "os": "linux", "os_features": "", "os_version": null, "size": 103972896, "status": "active", "last_pulled": "2024-01-20T07:38:46.356267Z", "last_pushed": "2023-02-01T02:52:34.844824Z"}, {"architecture": "arm64", "features": "", "variant": "v8", "digest": "sha256:afc63b171f66552473a839a8eaaaf5c7692037725de91cab0710f95d7eebccde", "os": "linux", "os_features": "", "os_version": null, "size": 100136131, "status": "active", "last_pulled": "2024-01-20T07:24:20.360028Z", "last_pushed": "2023-01-31T23:06:57.956271Z"}], "last_updated": "2023-02-01T02:52:45.648007Z", "last_updater": 1156886, "last_updater_username": "doijanky", "name": "3.5.10-temurin", "repository": 912207, "full_size": 103972896, "v2": true, "tag_status": "active", "tag_last_pulled": "2024-01-20T07:38:46.356267Z", "tag_last_pushed": "2023-02-01T02:52:45.648007Z", "media_type": "application/vnd.docker.distribution.manifest.list.v2+json", "content_type": "image", "digest": "sha256:abf67ca6ebb02a8ba0a81683a13210d18eebc6282c1d8b1c686bf3397e01bb57"}, {"creator": 1156886, "id": 370053108, "images": [{"architecture": "amd64", "features": "", "variant": null, "digest": "sha256:66a1b928d291eb6a482cadcd420a26957f0020dc464ba514421a3cb303340c83", "os": "linux", "os_features": "", "os_version": null, "size": 103972896, "status": "active", "last_pulled": "2024-01-20T07:38:46.356267Z", "last_pushed": "2023-02-01T02:52:34.844824Z"}, {"architecture": "arm64", "features": "", "variant": "v8", "digest": "sha256:afc63b171f66552473a839a8eaaaf5c7692037725de91cab0710f95d7eebccde", "os": "linux", "os_features": "", "os_version": null, "size": 100136131, "status": "active", "last_pulled": "2024-01-20T07:24:20.360028Z", "last_pushed": "2023-01-31T23:06:57.956271Z"}], "last_updated": "2023-02-01T02:52:42.876227Z", "last_updater": 1156886, "last_updater_username": "doijanky", "name": "3.5.10", "repository": 912207, "full_size": 103972896, "v2": true, "tag_status": "active", "tag_last_pulled": "2024-01-20T07:38:46.356267Z", "tag_last_pushed": "2023-02-01T02:52:42.876227Z", "media_type": "application/vnd.docker.distribution.manifest.list.v2+json", "content_type": "image", "digest": "sha256:abf67ca6ebb02a8ba0a81683a13210d18eebc6282c1d8b1c686bf3397e01bb57"}, {"creator": 1156886, "id": 271414963, "images": [{"architecture": "amd64", "features": "", "variant": null, "digest": "sha256:66a1b928d291eb6a482cadcd420a26957f0020dc464ba514421a3cb303340c83", "os": "linux", "os_features": "", "os_version": null, "size": 103972896, "status": "active", "last_pulled": "2024-01-20T07:38:46.356267Z", "last_pushed": "2023-02-01T02:52:34.844824Z"}, {"architecture": "arm64", "features": "", "variant": "v8", "digest": "sha256:afc63b171f66552473a839a8eaaaf5c7692037725de91cab0710f95d7eebccde", "os": "linux", "os_features": "", "os_version": null, "size": 100136131, "status": "active", "last_pulled": "2024-01-20T07:24:20.360028Z", "last_pushed": "2023-01-31T23:06:57.956271Z"}], "last_updated": "2023-02-01T02:52:40.408975Z", "last_updater": 1156886, "last_updater_username": "doijanky", "name": "3.5-temurin", "repository": 912207, "full_size": 103972896, "v2": true, "tag_status": "active", "tag_last_pulled": "2024-01-20T07:38:46.356267Z", "tag_last_pushed": "2023-02-01T02:52:40.408975Z", "media_type": "application/vnd.docker.distribution.manifest.list.v2+json", "content_type": "image", "digest": "sha256:abf67ca6ebb02a8ba0a81683a13210d18eebc6282c1d8b1c686bf3397e01bb57"}, {"creator": 1156886, "id": 17069759, "images": [{"architecture": "amd64", "features": "", "variant": null, "digest": "sha256:66a1b928d291eb6a482cadcd420a26957f0020dc464ba514421a3cb303340c83", "os": "linux", "os_features": "", "os_version": null, "size": 103972896, "status": "active", "last_pulled": "2024-01-20T07:38:46.356267Z", "last_pushed": "2023-02-01T02:52:34.844824Z"}, {"architecture": "arm64", "features": "", "variant": "v8", "digest": "sha256:afc63b171f66552473a839a8eaaaf5c7692037725de91cab0710f95d7eebccde", "os": "linux", "os_features": "", "os_version": null, "size": 100136131, "status": "active", "last_pulled": "2024-01-20T07:24:20.360028Z", "last_pushed": "2023-01-31T23:06:57.956271Z"}], "last_updated": "2023-02-01T02:52:36.816293Z", "last_updater": 1156886, "last_updater_username": "doijanky", "name": "3.5", "repository": 912207, "full_size": 103972896, "v2": true, "tag_status": "active", "tag_last_pulled": "2024-01-20T07:38:46.356267Z", "tag_last_pushed": "2023-02-01T02:52:36.816293Z", "media_type": "application/vnd.docker.distribution.manifest.list.v2+json", "content_type": "image", "digest": "sha256:abf67ca6ebb02a8ba0a81683a13210d18eebc6282c1d8b1c686bf3397e01bb57"}, {"creator": 1156886, "id": 370053380, "images": [{"architecture": "amd64", "features": "", "variant": null, "digest": "sha256:a272e4296c7b67ed37132eae95f8bbf3d81d8573fe92b5f08a57305f8d114174", "os": "linux", "os_features": "", "os_version": null, "size": 98055668, "status": "active", "last_pulled": "2024-01-20T07:30:14.515157Z", "last_pushed": "2022-08-03T07:48:43.730233Z"}, {"architecture": "arm64", "features": "", "variant": "v8", "digest": "sha256:f1aaf573b4e6559dfad8ae565ae65253be973b8c4cd0fc8ad8ac4dab80ca505a", "os": "linux", "os_features": "", "os_version": null, "size": 95736185, "status": "active", "last_pulled": "2024-01-20T07:43:08.605761Z", "last_pushed": "2022-10-26T18:44:57.449117Z"}], "last_updated": "2023-01-18T20:04:47.419144Z", "last_updater": 1156886, "last_updater_username": "doijanky", "name": "3.8.0-openjdk", "repository": 912207, "full_size": 98055668, "v2": true, "tag_status": "active", "tag_last_pulled": "2024-01-20T08:02:44.37922Z", "tag_last_pushed": "2023-01-18T20:04:47.419144Z", "media_type": "application/vnd.docker.distribution.manifest.list.v2+json", "content_type": "image", "digest": "sha256:907227c11e8ad438abc3d8d8c545d006862274a2014756f3eb61c20eb80a33b0"}, {"creator": 1156886, "id": 370053314, "images": [{"architecture": "amd64", "features": "", "variant": null, "digest": "sha256:6de7c18c1c851a6ef84a18a909b9f1c919341309abbb58402d493ae621e5ae98", "os": "linux", "os_features": "", "os_version": null, "size": 97374056, "status": "active", "last_pulled": "2024-01-20T07:22:09.677876Z", "last_pushed": "2022-08-03T07:48:32.439716Z"}, {"architecture": "arm64", "features": "", "variant": "v8", "digest": "sha256:6e6f426709bd1a326885eb3144ecf9a75316684dd3c93cacc15249839d47f318", "os": "linux", "os_features": "", "os_version": null, "size": 95054548, "status": "active", "last_pulled": "2024-01-20T05:11:04.059372Z", "last_pushed": "2022-10-26T18:44:34.12769Z"}], "last_updated": "2023-01-18T20:04:41.292732Z", "last_updater": 1156886, "last_updater_username": "doijanky", "name": "3.7.1-openjdk", "repository": 912207, "full_size": 97374056, "v2": true, "tag_status": "active", "tag_last_pulled": "2024-01-20T08:03:08.963039Z", "tag_last_pushed": "2023-01-18T20:04:41.292732Z", "media_type": "application/vnd.docker.distribution.manifest.list.v2+json", "content_type": "image", "digest": "sha256:dd834732be44c365f5fdb40a10144abdf73608aa5d0831cf160dbc17ccf5bfd0"}, {"creator": 1156886, "id": 370053216, "images": [{"architecture": "amd64", "features": "", "variant": null, "digest": "sha256:dc945be17c075d2460bb663c854a24be7dc3e58d2e3abfb7c9365cc231d25228", "os": "linux", "os_features": "", "os_version": null, "size": 97257563, "status": "active", "last_pulled": "2024-01-20T07:27:15.881989Z", "last_pushed": "2022-08-03T07:48:21.41072Z"}, {"architecture": "arm64", "features": "", "variant": "v8", "digest": "sha256:c9b3b50c35e51208e672bc7f23d881b100ba68bdba227f56f3a5635fc3845aac", "os": "linux", "os_features": "", "os_version": null, "size": 94938055, "status": "active", "last_pulled": "2024-01-19T21:32:55.733904Z", "last_pushed": "2022-10-26T18:44:10.5013Z"}], "last_updated": "2023-01-18T20:04:30.710563Z", "last_updater": 1156886, "last_updater_username": "doijanky", "name": "3.6.3-openjdk", "repository": 912207, "full_size": 97257563, "v2": true, "tag_status": "active", "tag_last_pulled": "2024-01-20T07:27:15.881989Z", "tag_last_pushed": "2023-01-18T20:04:30.710563Z", "media_type": "application/vnd.docker.distribution.manifest.list.v2+json", "content_type": "image", "digest": "sha256:3f8e9df4475404f9a77e81666dbf9d8bfc3a264ebea3694a0aef993760f8e91b"}, {"creator": 1156886, "id": 370053168, "images": [{"architecture": "amd64", "features": "", "variant": null, "digest": "sha256:3dd8b25a9d37850df47ad5b91ea2c8d6a22fd8105b8af211c9e5cfec4b80942c", "os": "linux", "os_features": "", "os_version": null, "size": 94371975, "status": "active", "last_pulled": "2024-01-20T08:05:34.006474Z", "last_pushed": "2022-08-03T07:48:07.987003Z"}, {"architecture": "arm64", "features": "", "variant": "v8", "digest": "sha256:6649f4666048b1e31aa13b18b1fd6a53cde9e6b78f54416cfed40f03b23a4e15", "os": "linux", "os_features": "", "os_version": null, "size": 92052500, "status": "active", "last_pulled": "2024-01-19T05:42:31.992735Z", "last_pushed": "2022-10-26T18:43:39.656035Z"}], "last_updated": "2023-01-18T20:04:16.358238Z", "last_updater": 1156886, "last_updater_username": "doijanky", "name": "3.5.9-openjdk", "repository": 912207, "full_size": 94371975, "v2": true, "tag_status": "active", "tag_last_pulled": "2024-01-20T08:05:34.006474Z", "tag_last_pushed": "2023-01-18T20:04:16.358238Z", "media_type": "application/vnd.docker.distribution.manifest.list.v2+json", "content_type": "image", "digest": "sha256:92ca5cc2c77c69a8b37cdc9de126f004c47614801e41a697bdf9c1a8b509bedf"}, {"creator": 1156886, "id": 271415308, "images": [{"architecture": "amd64", "features": "", "variant": null, "digest": "sha256:5ee339bda76cc3d6d83527cdce3f819c586b1588157c1ad14513d89ab6cdbdab", "os": "linux", "os_features": "", "os_version": null, "size": 106566424, "status": "active", "last_pulled": "2024-01-20T06:29:09.808262Z", "last_pushed": "2022-12-09T07:50:20.992016Z"}, {"architecture": "arm64", "features": "", "variant": "v8", "digest": "sha256:d93572d9220ca47dcb26a8507878bf7b473e8b55c12e4fe7470e18793b64b0e2", "os": "linux", "os_features": "", "os_version": null, "size": 102712676, "status": "active", "last_pulled": "2024-01-19T14:36:25.080013Z", "last_pushed": "2022-12-09T08:11:30.918859Z"}], "last_updated": "2022-12-09T08:11:37.089163Z", "last_updater": 1156886, "last_updater_username": "doijanky", "name": "3.6.3-temurin", "repository": 912207, "full_size": 106566424, "v2": true, "tag_status": "active", "tag_last_pulled": "2024-01-20T07:08:17.598737Z", "tag_last_pushed": "2022-12-09T08:11:37.089163Z", "media_type": "application/vnd.docker.distribution.manifest.list.v2+json", "content_type": "image", "digest": "sha256:ad5bd6ebf893491df54775731b8f97377b0e427b8c219bbd1ee686ff6a08ea02"}, {"creator": 1156886, "id": 271415050, "images": [{"architecture": "amd64", "features": "", "variant": null, "digest": "sha256:b8dd6fb95192aef9ace51e10334aa6ff64893b25a9f7b41b4a0f7be5e9549081", "os": "linux", "os_features": "", "os_version": null, "size": 103680903, "status": "active", "last_pulled": "2024-01-20T06:29:09.779511Z", "last_pushed": "2022-12-09T07:50:05.85024Z"}, {"architecture": "arm64", "features": "", "variant": "v8", "digest": "sha256:1cc3518f8fa310fe13523ad622c36522050bc4a4bd0189b41e2e2dc33b8c32dd", "os": "linux", "os_features": "", "os_version": null, "size": 99827100, "status": "active", "last_pulled": "2024-01-14T08:26:30.888447Z", "last_pushed": "2022-12-09T08:11:16.529402Z"}], "last_updated": "2022-12-09T08:11:22.026217Z", "last_updater": 1156886, "last_updater_username": "doijanky", "name": "3.5.9-temurin", "repository": 912207, "full_size": 103680903, "v2": true, "tag_status": "active", "tag_last_pulled": "2024-01-20T06:29:09.779511Z", "tag_last_pushed": "2022-12-09T08:11:22.026217Z", "media_type": "application/vnd.docker.distribution.manifest.list.v2+json", "content_type": "image", "digest": "sha256:73f6257ae130cc15b7c6313f21b974d9ae6f5b9302f5bb429d72ca3f425b8a33"}, {"creator": 1156886, "id": 198606043, "images": [{"architecture": "amd64", "features": "", "variant": null, "digest": "sha256:a272e4296c7b67ed37132eae95f8bbf3d81d8573fe92b5f08a57305f8d114174", "os": "linux", "os_features": "", "os_version": null, "size": 98055668, "status": "active", "last_pulled": "2024-01-20T07:30:14.515157Z", "last_pushed": "2022-08-03T07:48:43.730233Z"}, {"architecture": "arm64", "features": "", "variant": "v8", "digest": "sha256:f1aaf573b4e6559dfad8ae565ae65253be973b8c4cd0fc8ad8ac4dab80ca505a", "os": "linux", "os_features": "", "os_version": null, "size": 95736185, "status": "active", "last_pulled": "2024-01-20T07:43:08.605761Z", "last_pushed": "2022-10-26T18:44:57.449117Z"}], "last_updated": "2022-10-26T18:45:12.030113Z", "last_updater": 1156886, "last_updater_username": "doijanky", "name": "3.8.0", "repository": 912207, "full_size": 98055668, "v2": true, "tag_status": "active", "tag_last_pulled": "2024-01-20T08:02:44.37922Z", "tag_last_pushed": "2022-10-26T18:45:12.030113Z", "media_type": "application/vnd.docker.distribution.manifest.list.v2+json", "content_type": "image", "digest": "sha256:907227c11e8ad438abc3d8d8c545d006862274a2014756f3eb61c20eb80a33b0"}, {"creator": 1156886, "id": 226979481, "images": [{"architecture": "amd64", "features": "", "variant": null, "digest": "sha256:6de7c18c1c851a6ef84a18a909b9f1c919341309abbb58402d493ae621e5ae98", "os": "linux", "os_features": "", "os_version": null, "size": 97374056, "status": "active", "last_pulled": "2024-01-20T07:22:09.677876Z", "last_pushed": "2022-08-03T07:48:32.439716Z"}, {"architecture": "arm64", "features": "", "variant": "v8", "digest": "sha256:6e6f426709bd1a326885eb3144ecf9a75316684dd3c93cacc15249839d47f318", "os": "linux", "os_features": "", "os_version": null, "size": 95054548, "status": "active", "last_pulled": "2024-01-20T05:11:04.059372Z", "last_pushed": "2022-10-26T18:44:34.12769Z"}], "last_updated": "2022-10-26T18:44:46.94364Z", "last_updater": 1156886, "last_updater_username": "doijanky", "name": "3.7.1", "repository": 912207, "full_size": 97374056, "v2": true, "tag_status": "active", "tag_last_pulled": "2024-01-20T08:03:08.963039Z", "tag_last_pushed": "2022-10-26T18:44:46.94364Z", "media_type": "application/vnd.docker.distribution.manifest.list.v2+json", "content_type": "image", "digest": "sha256:dd834732be44c365f5fdb40a10144abdf73608aa5d0831cf160dbc17ccf5bfd0"}, {"creator": 1156886, "id": 152136913, "images": [{"architecture": "amd64", "features": "", "variant": null, "digest": "sha256:dc945be17c075d2460bb663c854a24be7dc3e58d2e3abfb7c9365cc231d25228", "os": "linux", "os_features": "", "os_version": null, "size": 97257563, "status": "active", "last_pulled": "2024-01-20T07:27:15.881989Z", "last_pushed": "2022-08-03T07:48:21.41072Z"}, {"architecture": "arm64", "features": "", "variant": "v8", "digest": "sha256:c9b3b50c35e51208e672bc7f23d881b100ba68bdba227f56f3a5635fc3845aac", "os": "linux", "os_features": "", "os_version": null, "size": 94938055, "status": "active", "last_pulled": "2024-01-19T21:32:55.733904Z", "last_pushed": "2022-10-26T18:44:10.5013Z"}], "last_updated": "2022-10-26T18:44:25.287555Z", "last_updater": 1156886, "last_updater_username": "doijanky", "name": "3.6.3", "repository": 912207, "full_size": 97257563, "v2": true, "tag_status": "active", "tag_last_pulled": "2024-01-20T07:27:15.881989Z", "tag_last_pushed": "2022-10-26T18:44:25.287555Z", "media_type": "application/vnd.docker.distribution.manifest.list.v2+json", "content_type": "image", "digest": "sha256:3f8e9df4475404f9a77e81666dbf9d8bfc3a264ebea3694a0aef993760f8e91b"}, {"creator": 1156886, "id": 138571763, "images": [{"architecture": "amd64", "features": "", "variant": null, "digest": "sha256:3dd8b25a9d37850df47ad5b91ea2c8d6a22fd8105b8af211c9e5cfec4b80942c", "os": "linux", "os_features": "", "os_version": null, "size": 94371975, "status": "active", "last_pulled": "2024-01-20T08:05:34.006474Z", "last_pushed": "2022-08-03T07:48:07.987003Z"}, {"architecture": "arm64", "features": "", "variant": "v8", "digest": "sha256:6649f4666048b1e31aa13b18b1fd6a53cde9e6b78f54416cfed40f03b23a4e15", "os": "linux", "os_features": "", "os_version": null, "size": 92052500, "status": "active", "last_pulled": "2024-01-19T05:42:31.992735Z", "last_pushed": "2022-10-26T18:43:39.656035Z"}], "last_updated": "2022-10-26T18:43:59.607504Z", "last_updater": 1156886, "last_updater_username": "doijanky", "name": "3.5.9", "repository": 912207, "full_size": 94371975, "v2": true, "tag_status": "active", "tag_last_pulled": "2024-01-20T08:05:34.006474Z", "tag_last_pushed": "2022-10-26T18:43:59.607504Z", "media_type": "application/vnd.docker.distribution.manifest.list.v2+json", "content_type": "image", "digest": "sha256:92ca5cc2c77c69a8b37cdc9de126f004c47614801e41a697bdf9c1a8b509bedf"}, {"creator": 1156886, "id": 144285730, "images": [{"architecture": "amd64", "features": "", "variant": null, "digest": "sha256:d33adde3fb52aecddefe47aba950ed882c6c3d2dcc7bd1785b516d0448a781f9", "os": "linux", "os_features": "", "os_version": null, "size": 98680576, "status": "active", "last_pulled": "2024-01-20T07:53:22.875059Z", "last_pushed": "2022-05-28T22:55:40.012205Z"}, {"architecture": "arm64", "features": "", "variant": "v8", "digest": "sha256:a0338805708d3fa0c3b880080a77c8de065abdd45e6b3a6a26e939f97dea3a67", "os": "linux", "os_features": "", "os_version": null, "size": 95940639, "status": "active", "last_pulled": "2024-01-20T07:01:12.120251Z", "last_pushed": "2022-05-28T19:55:16.932195Z"}], "last_updated": "2022-05-28T22:55:45.043879Z", "last_updater": 1156886, "last_updater_username": "doijanky", "name": "3.7.0", "repository": 912207, "full_size": 98680576, "v2": true, "tag_status": "active", "tag_last_pulled": "2024-01-20T07:53:22.875059Z", "tag_last_pushed": "2022-05-28T22:55:45.043879Z", "media_type": "application/vnd.docker.distribution.manifest.list.v2+json", "content_type": "image"}, {"creator": 1156886, "id": 118454563, "images": [{"architecture": "amd64", "features": "", "variant": null, "digest": "sha256:673b0556d1d9b4547974b1665c226e1192708f783ce33ddd7f0b1dde8f886d4c", "os": "linux", "os_features": "", "os_version": null, "size": 95316782, "status": "active", "last_pulled": "2024-01-20T07:15:41.282563Z", "last_pushed": "2021-05-13T06:00:30.809613Z"}, {"architecture": "arm64", "features": "", "variant": "v8", "digest": "sha256:70d29ddf5b52cb5baa2c797631a3fbf39d82e019a6e23bf01b205b022f01fe94", "os": "linux", "os_features": "", "os_version": null, "size": 92932782, "status": "active", "last_pulled": "2024-01-19T16:13:26.329507Z", "last_pushed": "2021-05-27T18:00:31.949695Z"}], "last_updated": "2021-05-27T18:00:39.043312Z", "last_updater": 1156886, "last_updater_username": "doijanky", "name": "3.6.2", "repository": 912207, "full_size": 95316782, "v2": true, "tag_status": "active", "tag_last_pulled": "2024-01-20T07:15:41.282563Z", "tag_last_pushed": "2021-05-27T18:00:39.043312Z", "media_type": "application/vnd.docker.distribution.manifest.list.v2+json", "content_type": "image"}, {"creator": 1156886, "id": 52216021, "images": [{"architecture": "amd64", "features": "", "variant": null, "digest": "sha256:d2b1ea8db9241d31daed9b1b90e22b62d9ffb14e29d355d0d0c8d0a87819d929", "os": "linux", "os_features": "", "os_version": null, "size": 115127181, "status": "active", "last_pulled": "2024-01-20T08:03:16.429158Z", "last_pushed": "2021-05-13T05:59:52.093465Z"}], "last_updated": "2021-05-13T05:59:57.882769Z", "last_updater": 1156886, "last_updater_username": "doijanky", "name": "3.4.14", "repository": 912207, "full_size": 115127181, "v2": true, "tag_status": "active", "tag_last_pulled": "2024-01-20T08:03:16.429158Z", "tag_last_pushed": "2021-05-13T05:59:57.882769Z", "media_type": "application/vnd.docker.distribution.manifest.list.v2+json", "content_type": "image"}, {"creator": 621950, "id": 4818154, "images": [{"architecture": "amd64", "features": "", "variant": null, "digest": "sha256:d2b1ea8db9241d31daed9b1b90e22b62d9ffb14e29d355d0d0c8d0a87819d929", "os": "linux", "os_features": "", "os_version": null, "size": 115127181, "status": "active", "last_pulled": "2024-01-20T08:03:16.429158Z", "last_pushed": "2021-05-13T05:59:52.093465Z"}], "last_updated": "2021-05-13T05:59:54.68112Z", "last_updater": 1156886, "last_updater_username": "doijanky", "name": "3.4", "repository": 912207, "full_size": 115127181, "v2": true, "tag_status": "active", "tag_last_pulled": "2024-01-20T08:03:16.429158Z", "tag_last_pushed": "2021-05-13T05:59:54.68112Z", "media_type": "application/vnd.docker.distribution.manifest.list.v2+json", "content_type": "image"}, {"creator": 1156886, "id": 103061324, "images": [{"architecture": "arm64", "features": "", "variant": "v8", "digest": "sha256:c62dd8ab656d1de05a615be8fb05aff6f32919ff016158ada7c7ca67a47ec418", "os": "linux", "os_features": "", "os_version": null, "size": 89705926, "status": "active", "last_pulled": "2024-01-20T07:15:43.129131Z", "last_pushed": "2021-02-10T04:41:06.749303Z"}, {"architecture": "amd64", "features": "", "variant": null, "digest": "sha256:47d3d09723fd284475ba3acdd208024821a7bdc631c37452433c39c7d1ec2bc1", "os": "linux", "os_features": "", "os_version": null, "size": 92097402, "status": "active", "last_pulled": "2024-01-20T07:38:22.956269Z", "last_pushed": "2021-02-10T09:05:19.477789Z"}], "last_updated": "2021-02-10T09:05:25.788743Z", "last_updater": 1156886, "last_updater_username": "doijanky", "name": "3.5.8", "repository": 912207, "full_size": 92097402, "v2": true, "tag_status": "active", "tag_last_pulled": "2024-01-20T07:38:22.956269Z", "tag_last_pushed": "2021-02-10T09:05:25.788743Z", "media_type": "application/vnd.docker.distribution.manifest.list.v2+json", "content_type": "image"}, {"creator": 1156886, "id": 99774473, "images": [{"architecture": "amd64", "features": "", "variant": null, "digest": "sha256:4683ec75d4fcf20ea1bfbac75ec4bb9f18a77abbfe9ccbeabf3472aee5d31be8", "os": "linux", "os_features": "", "os_version": null, "size": 90301531, "status": "active", "last_pulled": "2024-01-20T07:24:21.127561Z", "last_pushed": null}], "last_updated": "2020-09-11T04:04:32.57584Z", "last_updater": 1156886, "last_updater_username": "doijanky", "name": "3.6.1", "repository": 912207, "full_size": 0, "v2": true, "tag_status": "active", "tag_last_pulled": "2024-01-20T07:24:21.127561Z", "tag_last_pushed": "2020-09-11T04:04:32.57584Z", "media_type": "application/vnd.docker.distribution.manifest.list.v2+json", "content_type": "image"}, {"creator": 1156886, "id": 89941708, "images": [{"architecture": "amd64", "features": "", "variant": null, "digest": "sha256:443bde3e832f858963732bf7bde9c385d16d6c6d46ce431ce10d6f71f4cd8a57", "os": "linux", "os_features": "", "os_version": null, "size": 87167944, "status": "active", "last_pulled": "2024-01-20T06:53:27.45697Z", "last_pushed": null}], "last_updated": "2020-05-16T11:59:45.641551Z", "last_updater": 1156886, "last_updater_username": "doijanky", "name": "3.5.7", "repository": 912207, "full_size": 0, "v2": true, "tag_status": "active", "tag_last_pulled": "2024-01-20T06:53:27.45697Z", "tag_last_pushed": "2020-05-16T11:59:45.641551Z", "media_type": "application/vnd.docker.distribution.manifest.list.v2+json", "content_type": "image"}, {"creator": 1156886, "id": 92736866, "images": [{"architecture": "amd64", "features": "", "variant": null, "digest": "sha256:f7aa8d66c6ae331237acfa8314395af9a5aee0748a341d5a5ea02b2cf7dfe8c8", "os": "linux", "os_features": "", "os_version": null, "size": 90243720, "status": "active", "last_pulled": "2024-01-20T07:29:46.291089Z", "last_pushed": null}], "last_updated": "2020-04-23T23:59:52.367809Z", "last_updater": 1156886, "last_updater_username": "doijanky", "name": "3.6.0", "repository": 912207, "full_size": 90243720, "v2": true, "tag_status": "active", "tag_last_pulled": "2024-01-20T07:29:46.291089Z", "tag_last_pushed": "2020-04-23T23:59:52.367809Z", "media_type": "application/vnd.docker.distribution.manifest.list.v2+json", "content_type": "image"}, {"creator": 1156886, "id": 73267111, "images": [{"architecture": "amd64", "features": "", "variant": null, "digest": "sha256:3f7895196bcf87a36f496480d028975e573dc39db4ab1e3c03388587a9abfe25", "os": "linux", "os_features": "", "os_version": null, "size": 85327437, "status": "active", "last_pulled": "2024-01-20T07:27:45.87906Z", "last_pushed": null}], "last_updated": "2020-02-27T09:59:39.520133Z", "last_updater": 1156886, "last_updater_username": "doijanky", "name": "3.5.6", "repository": 912207, "full_size": 85327437, "v2": true, "tag_status": "active", "tag_last_pulled": "2024-01-20T07:27:45.87906Z", "tag_last_pushed": "2020-02-27T09:59:39.520133Z", "media_type": "application/vnd.docker.distribution.manifest.list.v2+json", "content_type": "image"}, {"creator": 1156886, "id": 57203312, "images": [{"architecture": "amd64", "features": "", "variant": null, "digest": "sha256:f04468d5ec5bdcda7a6ebdd65b20a7b363f348f1caef915df4a6cc8d1eb09029", "os": "linux", "os_features": "", "os_version": null, "size": 86791947, "status": "active", "last_pulled": "2024-01-20T07:38:49.853359Z", "last_pushed": null}], "last_updated": "2019-10-19T08:59:31.791268Z", "last_updater": 1156886, "last_updater_username": "doijanky", "name": "3.5.5", "repository": 912207, "full_size": 86791947, "v2": true, "tag_status": "active", "tag_last_pulled": "2024-01-20T07:38:49.853359Z", "tag_last_pushed": "2019-10-19T08:59:31.791268Z", "media_type": "application/vnd.docker.distribution.manifest.list.v2+json", "content_type": "image"}, {"creator": 1156886, "id": 27750212, "images": [{"architecture": "amd64", "features": "", "variant": null, "digest": "sha256:64cfc9ab4b3cc0b1d90a2bb61d299e817d63ad6bc2e3898dc7c15cd0157cdc1e", "os": "linux", "os_features": "", "os_version": null, "size": 78455227, "status": "inactive", "last_pulled": null, "last_pushed": null}, {"architecture": "arm", "features": "", "variant": "v6", "digest": "sha256:f7c6b7c35a4b3c4ffca5ef76e41a4926376f99c08283aa1007e65b72b73393bb", "os": "linux", "os_features": "", "os_version": null, "size": 75648889, "status": "inactive", "last_pulled": null, "last_pushed": null}, {"architecture": "arm64", "features": "", "variant": "v8", "digest": "sha256:ab51ed1d92db0eab917b7681548ece08b46f7003a4ce614396b0a0f92797f0a7", "os": "linux", "os_features": "", "os_version": null, "size": 78401586, "status": "inactive", "last_pulled": null, "last_pushed": null}, {"architecture": "386", "features": "", "variant": null, "digest": "sha256:dce13afe8ff5ba86b737404ffb19a9f7817e3794b96f32b44b67fdcebe05180b", "os": "linux", "os_features": "", "os_version": null, "size": 79114115, "status": "inactive", "last_pulled": null, "last_pushed": null}, {"architecture": "ppc64le", "features": "", "variant": null, "digest": "sha256:36497d43e73f414c042405bd5b679c1908d2c096b6c268f52aa716937a7b7488", "os": "linux", "os_features": "", "os_version": null, "size": 79217555, "status": "inactive", "last_pulled": null, "last_pushed": null}, {"architecture": "s390x", "features": "", "variant": null, "digest": "sha256:325b73ec9587f4f0d26c3ef75bb06415efdc9b8c3edb15dc73d1ed4b1bbbde03", "os": "linux", "os_features": "", "os_version": null, "size": 77017783, "status": "inactive", "last_pulled": null, "last_pushed": null}], "last_updated": "2019-05-14T00:50:56.937857Z", "last_updater": 1156886, "last_updater_username": "doijanky", "name": "3.5.4-beta", "repository": 912207, "full_size": 78455227, "v2": true, "tag_status": "inactive", "tag_last_pulled": null, "tag_last_pushed": "2019-05-14T00:50:56.937857Z", "media_type": "application/vnd.docker.distribution.manifest.list.v2+json", "content_type": "image"}, {"creator": 1156886, "id": 32288519, "images": [{"architecture": "amd64", "features": "", "variant": null, "digest": "sha256:4ebfb9474e726f6b43674d8c3772bcda07a810d1c420196c69de3bc173c69e48", "os": "linux", "os_features": "", "os_version": null, "size": 96489503, "status": "inactive", "last_pulled": null, "last_pushed": null}, {"architecture": "arm", "features": "", "variant": "v6", "digest": "sha256:e51d3b7b10389e8686b026b016fe51dc583d80e137d694e76f023a9407d95d25", "os": "linux", "os_features": "", "os_version": null, "size": 93682411, "status": "inactive", "last_pulled": null, "last_pushed": null}, {"architecture": "arm64", "features": "", "variant": "v8", "digest": "sha256:62089a226d8cc27c1752a37d71e14120929f95b807aa9aa4efe972c46343b902", "os": "linux", "os_features": "", "os_version": null, "size": 96440498, "status": "inactive", "last_pulled": null, "last_pushed": null}, {"architecture": "386", "features": "", "variant": null, "digest": "sha256:e7dbb1ff2ec430b4d754e769e222809db95feb33e67927a9c80604ba4e0e63b9", "os": "linux", "os_features": "", "os_version": null, "size": 97140872, "status": "inactive", "last_pulled": null, "last_pushed": null}, {"architecture": "ppc64le", "features": "", "variant": null, "digest": "sha256:b16032ef809c4a6506cd9a577639c502ce12184f58588594388c6bf22141ec65", "os": "linux", "os_features": "", "os_version": null, "size": 97256944, "status": "inactive", "last_pulled": null, "last_pushed": null}, {"architecture": "s390x", "features": "", "variant": null, "digest": "sha256:6b800c8ce992510b70b5344fb0a46a07034e8fc601d106382faba534156275cd", "os": "linux", "os_features": "", "os_version": null, "size": 95042128, "status": "inactive", "last_pulled": null, "last_pushed": null}], "last_updated": "2019-03-28T12:48:15.452912Z", "last_updater": 1156886, "last_updater_username": "doijanky", "name": "3.4.13", "repository": 912207, "full_size": 96489503, "v2": true, "tag_status": "inactive", "tag_last_pulled": null, "tag_last_pushed": "2019-03-28T12:48:15.452912Z", "media_type": "application/vnd.docker.distribution.manifest.list.v2+json", "content_type": "image"}, {"creator": 621950, "id": 4805151, "images": [{"architecture": "amd64", "features": "", "variant": null, "digest": "sha256:89ed8efbcf1a6277975a4aab3de288af8423eae81d616dbea62900aa25d0a7d4", "os": "linux", "os_features": "", "os_version": null, "size": 69710825, "status": "inactive", "last_pulled": null, "last_pushed": null}, {"architecture": "arm", "features": "", "variant": "v6", "digest": "sha256:0648c5a0e914752b6094da3470fe3955964139a062bc9b7616bf2a81ad0b514a", "os": "linux", "os_features": "", "os_version": null, "size": 67243022, "status": "inactive", "last_pulled": null, "last_pushed": null}, {"architecture": "arm64", "features": "", "variant": "v8", "digest": "sha256:90bfea239bfbb6d1715840348671bc90e6d7652888b355e9b0f35b6d4a7ea114", "os": "linux", "os_features": "", "os_version": null, "size": 68289696, "status": "inactive", "last_pulled": null, "last_pushed": null}, {"architecture": "386", "features": "", "variant": null, "digest": "sha256:bc596886d6481007602521b5fe3f568c8b79ec69e46d66c9363a1cdfd542ac24", "os": "linux", "os_features": "", "os_version": null, "size": 70495901, "status": "inactive", "last_pulled": null, "last_pushed": null}, {"architecture": "ppc64le", "features": "", "variant": null, "digest": "sha256:f88d4e220ace286a7ecf9a5d89f1a8d845b59cfa7b3327b07f5667cdee0910b9", "os": "linux", "os_features": "", "os_version": null, "size": 69047522, "status": "inactive", "last_pulled": null, "last_pushed": null}, {"architecture": "s390x", "features": "", "variant": null, "digest": "sha256:b8ce021fa65edef335c8b209fd0fe886325b391510c6446a89064e6dec1caf52", "os": "linux", "os_features": "", "os_version": null, "size": 68736810, "status": "inactive", "last_pulled": null, "last_pushed": null}], "last_updated": "2018-08-02T04:44:13.030152Z", "last_updater": 1156886, "last_updater_username": "doijanky", "name": "3.3", "repository": 912207, "full_size": 69710825, "v2": true, "tag_status": "inactive", "tag_last_pulled": null, "tag_last_pushed": "2018-08-02T04:44:13.030152Z", "media_type": "application/vnd.docker.distribution.manifest.list.v2+json", "content_type": "image"}, {"creator": 621950, "id": 4805148, "images": [{"architecture": "amd64", "features": "", "variant": null, "digest": "sha256:89ed8efbcf1a6277975a4aab3de288af8423eae81d616dbea62900aa25d0a7d4", "os": "linux", "os_features": "", "os_version": null, "size": 69710825, "status": "inactive", "last_pulled": null, "last_pushed": null}, {"architecture": "arm", "features": "", "variant": "v6", "digest": "sha256:0648c5a0e914752b6094da3470fe3955964139a062bc9b7616bf2a81ad0b514a", "os": "linux", "os_features": "", "os_version": null, "size": 67243022, "status": "inactive", "last_pulled": null, "last_pushed": null}, {"architecture": "arm64", "features": "", "variant": "v8", "digest": "sha256:90bfea239bfbb6d1715840348671bc90e6d7652888b355e9b0f35b6d4a7ea114", "os": "linux", "os_features": "", "os_version": null, "size": 68289696, "status": "inactive", "last_pulled": null, "last_pushed": null}, {"architecture": "386", "features": "", "variant": null, "digest": "sha256:bc596886d6481007602521b5fe3f568c8b79ec69e46d66c9363a1cdfd542ac24", "os": "linux", "os_features": "", "os_version": null, "size": 70495901, "status": "inactive", "last_pulled": null, "last_pushed": null}, {"architecture": "ppc64le", "features": "", "variant": null, "digest": "sha256:f88d4e220ace286a7ecf9a5d89f1a8d845b59cfa7b3327b07f5667cdee0910b9", "os": "linux", "os_features": "", "os_version": null, "size": 69047522, "status": "inactive", "last_pulled": null, "last_pushed": null}, {"architecture": "s390x", "features": "", "variant": null, "digest": "sha256:b8ce021fa65edef335c8b209fd0fe886325b391510c6446a89064e6dec1caf52", "os": "linux", "os_features": "", "os_version": null, "size": 68736810, "status": "inactive", "last_pulled": null, "last_pushed": null}], "last_updated": "2018-08-02T04:44:12.644662Z", "last_updater": 1156886, "last_updater_username": "doijanky", "name": "3.3.6", "repository": 912207, "full_size": 69710825, "v2": true, "tag_status": "inactive", "tag_last_pulled": null, "tag_last_pushed": "2018-08-02T04:44:12.644662Z", "media_type": "application/vnd.docker.distribution.manifest.list.v2+json", "content_type": "image"}, {"creator": 1156886, "id": 27322196, "images": [{"architecture": "amd64", "features": "", "variant": null, "digest": "sha256:cfed220ec48beff2b6955404e59904917910bec484df3f12f6f26c3e83f5db6f", "os": "linux", "os_features": "", "os_version": null, "size": 96276310, "status": "inactive", "last_pulled": null, "last_pushed": null}, {"architecture": "arm64", "features": "", "variant": "v8", "digest": "sha256:8e029f8ca1e5f90fc2cd332cb8312babf0949ba54319e95876bdc87c8468bffa", "os": "linux", "os_features": "", "os_version": null, "size": 94612252, "status": "inactive", "last_pulled": null, "last_pushed": null}, {"architecture": "386", "features": "", "variant": null, "digest": "sha256:10a1f350a24d8e3ae7b8bd866928ebc35657cf7e95a242fb5966b93b64a1d478", "os": "linux", "os_features": "", "os_version": null, "size": 96996898, "status": "inactive", "last_pulled": null, "last_pushed": null}, {"architecture": "ppc64le", "features": "", "variant": null, "digest": "sha256:485e9a7e226f8c12ef2ab1304d55a43a73a31c6739f75ce0393d723908de2cd3", "os": "linux", "os_features": "", "os_version": null, "size": 95377786, "status": "inactive", "last_pulled": null, "last_pushed": null}, {"architecture": "s390x", "features": "", "variant": null, "digest": "sha256:cec00c25b20f9e1431c24e9d02582a827a05706f206bb50c56991bd6a439fc0e", "os": "linux", "os_features": "", "os_version": null, "size": 95140164, "status": "inactive", "last_pulled": null, "last_pushed": null}], "last_updated": "2018-07-22T03:44:39.905903Z", "last_updater": 1156886, "last_updater_username": "doijanky", "name": "3.4.12", "repository": 912207, "full_size": 96276310, "v2": true, "tag_status": "inactive", "tag_last_pulled": null, "tag_last_pushed": "2018-07-22T03:44:39.905903Z", "media_type": "application/vnd.docker.distribution.manifest.list.v2+json", "content_type": "image"}, {"creator": 1156886, "id": 17069744, "images": [{"architecture": "amd64", "features": "", "variant": null, "digest": "sha256:21141b14d33ee38abb97b37645e185e8922839b1f7d2d538ac07f75e47f79269", "os": "linux", "os_features": "", "os_version": null, "size": 76743973, "status": "inactive", "last_pulled": null, "last_pushed": null}, {"architecture": "arm", "features": "", "variant": "v6", "digest": "sha256:4e0238a419efa911465b3a2db6804e4daa68083bf2d7f1ec01c5739115d19924", "os": "linux", "os_features": "", "os_version": null, "size": 74276529, "status": "inactive", "last_pulled": null, "last_pushed": null}, {"architecture": "arm64", "features": "", "variant": "v8", "digest": "sha256:c4d7a195495f6283d27be174de7d87a7fd0514306157c65a4331faf1c5b96145", "os": "linux", "os_features": "", "os_version": null, "size": 75323620, "status": "inactive", "last_pulled": null, "last_pushed": null}, {"architecture": "386", "features": "", "variant": null, "digest": "sha256:7c73a5c72939b6a0b80c06267bd337174cf14f3004ba8ac257c8309d5dc13e18", "os": "linux", "os_features": "", "os_version": null, "size": 77529562, "status": "inactive", "last_pulled": null, "last_pushed": null}, {"architecture": "ppc64le", "features": "", "variant": null, "digest": "sha256:106271ebf0d79ea95caa20c5132d66d24bd1c64b38eeae15ceeff294213fa8ac", "os": "linux", "os_features": "", "os_version": null, "size": 76080794, "status": "inactive", "last_pulled": null, "last_pushed": null}, {"architecture": "s390x", "features": "", "variant": null, "digest": "sha256:dad4f4c91cb1ab955f048a1dfc0603e106de7bfd888804b092ddc442d22cfd1d", "os": "linux", "os_features": "", "os_version": null, "size": 75769979, "status": "inactive", "last_pulled": null, "last_pushed": null}], "last_updated": "2018-05-18T06:44:01.445608Z", "last_updater": 1156886, "last_updater_username": "doijanky", "name": "3.5.3-beta", "repository": 912207, "full_size": 76743973, "v2": true, "tag_status": "inactive", "tag_last_pulled": null, "tag_last_pushed": "2018-05-18T06:44:01.445608Z", "media_type": "application/vnd.docker.distribution.manifest.list.v2+json", "content_type": "image"}, {"creator": 1156886, "id": 17916904, "images": [{"architecture": "amd64", "features": "", "variant": null, "digest": "sha256:56d414270ae3ca3b4bd09b8ec7971895360427bb71047c04e9c6313cb22cfcff", "os": "linux", "os_features": "", "os_version": null, "size": 94592492, "status": "inactive", "last_pulled": null, "last_pushed": null}, {"architecture": "arm", "features": "", "variant": "v6", "digest": "sha256:fac4bb3dd23f2e5c7a6b5530fe3bc7311a0a93dd51ba8bf5c22f09367639149d", "os": "linux", "os_features": "", "os_version": null, "size": 92125151, "status": "inactive", "last_pulled": null, "last_pushed": null}, {"architecture": "arm64", "features": "", "variant": "v8", "digest": "sha256:a3248e644982206989c0568374dda53a1d4f71d837949ab2ae3907373b858dd6", "os": "linux", "os_features": "", "os_version": null, "size": 93172196, "status": "inactive", "last_pulled": null, "last_pushed": null}, {"architecture": "386", "features": "", "variant": null, "digest": "sha256:fa1985fafad311004fe39cd74def89a3de197a6e8fcb1b8eb88b5eb754c09cb1", "os": "linux", "os_features": "", "os_version": null, "size": 95378015, "status": "inactive", "last_pulled": null, "last_pushed": null}, {"architecture": "ppc64le", "features": "", "variant": null, "digest": "sha256:b9aff0796ebf9b814671cb48efb41201f782001ea6b17f6581edaf959abf1ba1", "os": "linux", "os_features": "", "os_version": null, "size": 93929311, "status": "inactive", "last_pulled": null, "last_pushed": null}, {"architecture": "s390x", "features": "", "variant": null, "digest": "sha256:20b122a7fe261a14deb8177068620878024a77c58fdbaf7c14c42173685fbfac", "os": "linux", "os_features": "", "os_version": null, "size": 93618503, "status": "inactive", "last_pulled": null, "last_pushed": null}], "last_updated": "2018-04-14T07:45:26.342936Z", "last_updater": 1156886, "last_updater_username": "doijanky", "name": "3.4.11", "repository": 912207, "full_size": 94592492, "v2": true, "tag_status": "inactive", "tag_last_pulled": null, "tag_last_pushed": "2018-04-14T07:45:26.342936Z", "media_type": "application/vnd.docker.distribution.manifest.list.v2+json", "content_type": "image"}, {"creator": 2215, "id": 9641009, "images": [{"architecture": "386", "features": "", "variant": null, "digest": "sha256:9eb51f6a1dc505f94d4b26d9edf66c5d99c69ecf956c20e361db842a844d6c29", "os": "linux", "os_features": "", "os_version": null, "size": 92875921, "status": "inactive", "last_pulled": null, "last_pushed": null}, {"architecture": "arm", "features": "", "variant": "v6", "digest": "sha256:b756f865045a459c5084eeb5db2b786cc21185339f9e7521625675e49758ee24", "os": "linux", "os_features": "", "os_version": null, "size": 90415602, "status": "inactive", "last_pulled": null, "last_pushed": null}, {"architecture": "arm64", "features": "", "variant": "v8", "digest": "sha256:a7c5339552a59c0e6a5e7ba9f6ea639ca241efb279eef65b78a578eab74eeef4", "os": "linux", "os_features": "", "os_version": null, "size": 91468655, "status": "inactive", "last_pulled": null, "last_pushed": null}, {"architecture": "amd64", "features": "", "variant": null, "digest": "sha256:d9fe1374256f05c0c76f27ce3c51450f6b97cd4a2b9ad8ad4a30387954de28b0", "os": "linux", "os_features": "", "os_version": null, "size": 93613093, "status": "inactive", "last_pulled": null, "last_pushed": null}, {"architecture": "ppc64le", "features": "", "variant": null, "digest": "sha256:e177d8de137286dd21e3e647c8bf3103e3f8a56735db442545345e7fab9b1dd3", "os": "linux", "os_features": "", "os_version": null, "size": 92166450, "status": "inactive", "last_pulled": null, "last_pushed": null}, {"architecture": "s390x", "features": "", "variant": null, "digest": "sha256:8c733ccc7600a78fe9a683744cdcf674a8319ce0504175cb422321a8f06849c2", "os": "linux", "os_features": "", "os_version": null, "size": 91856843, "status": "inactive", "last_pulled": null, "last_pushed": null}], "last_updated": "2017-11-09T19:44:35.366919Z", "last_updater": 1156886, "last_updater_username": "doijanky", "name": "3.4.10", "repository": 912207, "full_size": 92875921, "v2": true, "tag_status": "inactive", "tag_last_pulled": null, "tag_last_pushed": "2017-11-09T19:44:35.366919Z", "media_type": "application/vnd.docker.distribution.manifest.list.v2+json", "content_type": "image"}, {"creator": 621950, "id": 4805163, "images": [{"architecture": "amd64", "features": "", "variant": null, "digest": "sha256:3b83d9104a4c4ccf76433756ecdf4df4355c52f14a2ad109e2aae15444b63339", "os": "linux", "os_features": "", "os_version": null, "size": 79612229, "status": "inactive", "last_pulled": null, "last_pushed": null}], "last_updated": "2017-03-31T20:05:58.12928Z", "last_updater": 2215, "last_updater_username": "stackbrew", "name": "3.4.9", "repository": 912207, "full_size": 79612229, "v2": true, "tag_status": "inactive", "tag_last_pulled": null, "tag_last_pushed": "2017-03-31T20:05:58.12928Z", "media_type": "application/vnd.docker.container.image.v1+json", "content_type": "image"}]