[{"creator": 1156886, "id": 205563875, "images": [{"architecture": "amd64", "features": "", "variant": null, "digest": "sha256:a5f3cf14ec1f9dbe64f5038168764468bf8cf36023f8c1d763abd3bcbe2a5952", "os": "linux", "os_features": "", "os_version": null, "size": 7572933, "status": "active", "last_pulled": "2024-01-20T06:01:19.386769Z", "last_pushed": "2023-12-01T04:54:48.429042Z"}, {"architecture": "unknown", "features": "", "variant": null, "digest": "sha256:9346c6fe8bf3d29a34e0e1d10f1730feff4461a2e4e2cec704a90490be890d77", "os": "unknown", "os_features": "", "os_version": null, "size": 107256, "status": "active", "last_pulled": "2024-01-19T22:04:39.88801Z", "last_pushed": "2023-12-01T04:54:49.697445Z"}, {"architecture": "arm", "features": "", "variant": "v6", "digest": "sha256:65861e496c2a89861f24aae1e230413422204f5d85529405e213e137c03ddf53", "os": "linux", "os_features": "", "os_version": null, "size": 7143985, "status": "active", "last_pulled": "2024-01-19T16:44:46.611625Z", "last_pushed": "2023-12-01T13:55:32.665918Z"}, {"architecture": "arm64", "features": "", "variant": null, "digest": "sha256:974493bb14128e55fa9a95615788a430df892ca0dcdba0141c81a543f7597ecb", "os": "linux", "os_features": "", "os_version": null, "size": 7103415, "status": "active", "last_pulled": "2024-01-20T06:40:48.434749Z", "last_pushed": "2023-12-01T16:54:56.158496Z"}, {"architecture": "unknown", "features": "", "variant": null, "digest": "sha256:f5c7a9cc6bd851167a5b945b9057ded69c1ad64e0ce9416663550867a64c5756", "os": "unknown", "os_features": "", "os_version": null, "size": 106449, "status": "active", "last_pulled": "2024-01-20T01:07:01.308919Z", "last_pushed": "2023-12-01T16:54:57.209579Z"}, {"architecture": "386", "features": "", "variant": null, "digest": "sha256:b4dab61b2d4468f7afa31ff7fa2156ae7f053044df4c43aa2bad831dc166694c", "os": "linux", "os_features": "", "os_version": null, "size": 7392105, "status": "active", "last_pulled": "2024-01-20T02:51:57.413344Z", "last_pushed": "2023-12-16T01:54:50.699747Z"}, {"architecture": "unknown", "features": "", "variant": null, "digest": "sha256:35cff7b9737739368b4f6b47a2dc15f00f3d42ce52226c5298097ded29bf1a44", "os": "unknown", "os_features": "", "os_version": null, "size": 19002, "status": "active", "last_pulled": "2024-01-19T16:44:47.794234Z", "last_pushed": "2023-12-16T01:54:51.744775Z"}, {"architecture": "ppc64le", "features": "", "variant": null, "digest": "sha256:8eb5fb1e9d7895f95d2c6485df3c1d62ae867114699be79bf388b931c587865d", "os": "linux", "os_features": "", "os_version": null, "size": 7101990, "status": "active", "last_pulled": "2024-01-20T07:39:41.985876Z", "last_pushed": "2023-12-01T13:55:33.772879Z"}, {"architecture": "unknown", "features": "", "variant": null, "digest": "sha256:d777a1b17cf821e4518af7210ec644a565bb09521fc8fed18cbb00b146457adc", "os": "unknown", "os_features": "", "os_version": null, "size": 104857, "status": "active", "last_pulled": "2024-01-20T01:57:59.055536Z", "last_pushed": "2023-12-01T13:55:34.829794Z"}, {"architecture": "s390x", "features": "", "variant": null, "digest": "sha256:23b5119f61f785a5bc3d0e08d81069495e7b7812a69f15f6894ff355737dee38", "os": "linux", "os_features": "", "os_version": null, "size": 7200875, "status": "active", "last_pulled": "2024-01-20T02:52:01.11602Z", "last_pushed": "2023-12-01T13:55:35.911888Z"}, {"architecture": "unknown", "features": "", "variant": null, "digest": "sha256:c84dbdb9b42aafc6e1def960ec053709e57577b1eb06ea6cdb66da0e94acc640", "os": "unknown", "os_features": "", "os_version": null, "size": 104799, "status": "active", "last_pulled": "2024-01-20T06:40:50.354772Z", "last_pushed": "2023-12-01T13:55:36.947646Z"}], "last_updated": "2023-12-16T01:55:01.934057Z", "last_updater": 1156886, "last_updater_username": "doijanky", "name": "signer-0.7.0", "repository": 553813, "full_size": 7572933, "v2": true, "tag_status": "active", "tag_last_pulled": "2024-01-20T07:54:14.930648Z", "tag_last_pushed": "2023-12-16T01:55:01.934057Z", "media_type": "application/vnd.oci.image.index.v1+json", "content_type": "image", "digest": "sha256:edc3537307778789a6fb5e2d608681f2b1d6db8de354071295f1425cfcde993a"}, {"creator": 2215, "id": 2152952, "images": [{"architecture": "amd64", "features": "", "variant": null, "digest": "sha256:a5f3cf14ec1f9dbe64f5038168764468bf8cf36023f8c1d763abd3bcbe2a5952", "os": "linux", "os_features": "", "os_version": null, "size": 7572933, "status": "active", "last_pulled": "2024-01-20T06:01:19.386769Z", "last_pushed": "2023-12-01T04:54:48.429042Z"}, {"architecture": "unknown", "features": "", "variant": null, "digest": "sha256:9346c6fe8bf3d29a34e0e1d10f1730feff4461a2e4e2cec704a90490be890d77", "os": "unknown", "os_features": "", "os_version": null, "size": 107256, "status": "active", "last_pulled": "2024-01-19T22:04:39.88801Z", "last_pushed": "2023-12-01T04:54:49.697445Z"}, {"architecture": "arm", "features": "", "variant": "v6", "digest": "sha256:65861e496c2a89861f24aae1e230413422204f5d85529405e213e137c03ddf53", "os": "linux", "os_features": "", "os_version": null, "size": 7143985, "status": "active", "last_pulled": "2024-01-19T16:44:46.611625Z", "last_pushed": "2023-12-01T13:55:32.665918Z"}, {"architecture": "arm64", "features": "", "variant": null, "digest": "sha256:974493bb14128e55fa9a95615788a430df892ca0dcdba0141c81a543f7597ecb", "os": "linux", "os_features": "", "os_version": null, "size": 7103415, "status": "active", "last_pulled": "2024-01-20T06:40:48.434749Z", "last_pushed": "2023-12-01T16:54:56.158496Z"}, {"architecture": "unknown", "features": "", "variant": null, "digest": "sha256:f5c7a9cc6bd851167a5b945b9057ded69c1ad64e0ce9416663550867a64c5756", "os": "unknown", "os_features": "", "os_version": null, "size": 106449, "status": "active", "last_pulled": "2024-01-20T01:07:01.308919Z", "last_pushed": "2023-12-01T16:54:57.209579Z"}, {"architecture": "386", "features": "", "variant": null, "digest": "sha256:b4dab61b2d4468f7afa31ff7fa2156ae7f053044df4c43aa2bad831dc166694c", "os": "linux", "os_features": "", "os_version": null, "size": 7392105, "status": "active", "last_pulled": "2024-01-20T02:51:57.413344Z", "last_pushed": "2023-12-16T01:54:50.699747Z"}, {"architecture": "unknown", "features": "", "variant": null, "digest": "sha256:35cff7b9737739368b4f6b47a2dc15f00f3d42ce52226c5298097ded29bf1a44", "os": "unknown", "os_features": "", "os_version": null, "size": 19002, "status": "active", "last_pulled": "2024-01-19T16:44:47.794234Z", "last_pushed": "2023-12-16T01:54:51.744775Z"}, {"architecture": "ppc64le", "features": "", "variant": null, "digest": "sha256:8eb5fb1e9d7895f95d2c6485df3c1d62ae867114699be79bf388b931c587865d", "os": "linux", "os_features": "", "os_version": null, "size": 7101990, "status": "active", "last_pulled": "2024-01-20T07:39:41.985876Z", "last_pushed": "2023-12-01T13:55:33.772879Z"}, {"architecture": "unknown", "features": "", "variant": null, "digest": "sha256:d777a1b17cf821e4518af7210ec644a565bb09521fc8fed18cbb00b146457adc", "os": "unknown", "os_features": "", "os_version": null, "size": 104857, "status": "active", "last_pulled": "2024-01-20T01:57:59.055536Z", "last_pushed": "2023-12-01T13:55:34.829794Z"}, {"architecture": "s390x", "features": "", "variant": null, "digest": "sha256:23b5119f61f785a5bc3d0e08d81069495e7b7812a69f15f6894ff355737dee38", "os": "linux", "os_features": "", "os_version": null, "size": 7200875, "status": "active", "last_pulled": "2024-01-20T02:52:01.11602Z", "last_pushed": "2023-12-01T13:55:35.911888Z"}, {"architecture": "unknown", "features": "", "variant": null, "digest": "sha256:c84dbdb9b42aafc6e1def960ec053709e57577b1eb06ea6cdb66da0e94acc640", "os": "unknown", "os_features": "", "os_version": null, "size": 104799, "status": "active", "last_pulled": "2024-01-20T06:40:50.354772Z", "last_pushed": "2023-12-01T13:55:36.947646Z"}], "last_updated": "2023-12-16T01:54:55.408005Z", "last_updater": 1156886, "last_updater_username": "doijanky", "name": "signer", "repository": 553813, "full_size": 7572933, "v2": true, "tag_status": "active", "tag_last_pulled": "2024-01-20T07:54:14.930648Z", "tag_last_pushed": "2023-12-16T01:54:55.408005Z", "media_type": "application/vnd.oci.image.index.v1+json", "content_type": "image", "digest": "sha256:edc3537307778789a6fb5e2d608681f2b1d6db8de354071295f1425cfcde993a"}, {"creator": 1156886, "id": 205563707, "images": [{"architecture": "amd64", "features": "", "variant": null, "digest": "sha256:4c3d07b2fed560ab0012452aa8a6f58533ddf2d4a3845fa89b74d9455816b454", "os": "linux", "os_features": "", "os_version": null, "size": 7957746, "status": "active", "last_pulled": "2024-01-20T06:01:15.577459Z", "last_pushed": "2023-12-01T04:54:23.20796Z"}, {"architecture": "unknown", "features": "", "variant": null, "digest": "sha256:692819af7e57efe94abadb451e05aa5eb042a540a2eae7095d37507dbd66dc94", "os": "unknown", "os_features": "", "os_version": null, "size": 110688, "status": "active", "last_pulled": "2024-01-19T16:44:30.268033Z", "last_pushed": "2023-12-01T04:54:24.261718Z"}, {"architecture": "arm", "features": "", "variant": "v6", "digest": "sha256:9f245d4b08cfa9f6934e315f60699db5caacbf638d012c4c6f16dfa10066ae4e", "os": "linux", "os_features": "", "os_version": null, "size": 7511536, "status": "active", "last_pulled": "2024-01-19T16:44:30.884323Z", "last_pushed": "2023-12-01T13:54:47.983857Z"}, {"architecture": "arm64", "features": "", "variant": null, "digest": "sha256:7cb971c2293a1784f771970101a6f7a684bee811b6ebd0cd9587fecf90d7ee8a", "os": "linux", "os_features": "", "os_version": null, "size": 7444857, "status": "active", "last_pulled": "2024-01-20T02:51:18.745389Z", "last_pushed": "2023-12-01T16:54:26.210734Z"}, {"architecture": "unknown", "features": "", "variant": null, "digest": "sha256:c854751d0900f72cc6aaa35d5219de9528cc80a236cac79febb9c6a8bcd451de", "os": "unknown", "os_features": "", "os_version": null, "size": 110701, "status": "active", "last_pulled": "2024-01-19T23:12:55.592996Z", "last_pushed": "2023-12-01T16:54:27.32767Z"}, {"architecture": "386", "features": "", "variant": null, "digest": "sha256:e6d16088d6a27939ccbde71947f57ef7db02215049c18b82ccbc58ffc19875ab", "os": "linux", "os_features": "", "os_version": null, "size": 7763944, "status": "active", "last_pulled": "2024-01-19T16:44:32.046015Z", "last_pushed": "2023-12-16T01:54:23.677364Z"}, {"architecture": "unknown", "features": "", "variant": null, "digest": "sha256:0b8400d1572fdb0f4c7543b5b66713df78a4c35200f8d147e8d424cc79def783", "os": "unknown", "os_features": "", "os_version": null, "size": 18986, "status": "active", "last_pulled": "2024-01-19T16:44:32.494214Z", "last_pushed": "2023-12-16T01:54:24.865582Z"}, {"architecture": "ppc64le", "features": "", "variant": null, "digest": "sha256:ead953dd52edeea966545664b2c9fec2e1bb4d3a79671f95190819095351f641", "os": "linux", "os_features": "", "os_version": null, "size": 7444226, "status": "active", "last_pulled": "2024-01-20T04:39:45.252403Z", "last_pushed": "2023-12-01T13:54:49.384016Z"}, {"architecture": "unknown", "features": "", "variant": null, "digest": "sha256:6235a23c8e809f36b0e6a6ef45efe0079f9a92ddb62d4ac397241074b79d42c7", "os": "unknown", "os_features": "", "os_version": null, "size": 109110, "status": "active", "last_pulled": "2024-01-19T16:44:33.379602Z", "last_pushed": "2023-12-01T13:54:50.513776Z"}, {"architecture": "s390x", "features": "", "variant": null, "digest": "sha256:66118e7982bb814a9d939808797fc0e073194732d5bcdb0afaa98c515d17ab23", "os": "linux", "os_features": "", "os_version": null, "size": 7570735, "status": "active", "last_pulled": "2024-01-19T16:44:33.8011Z", "last_pushed": "2023-12-01T13:54:51.770639Z"}, {"architecture": "unknown", "features": "", "variant": null, "digest": "sha256:c35c2d748647d9150a218c6f9bba1ba76b2857c71608e21de4dea7e277400a5f", "os": "unknown", "os_features": "", "os_version": null, "size": 109052, "status": "active", "last_pulled": "2024-01-20T01:57:38.636701Z", "last_pushed": "2023-12-01T13:54:52.807198Z"}], "last_updated": "2023-12-16T01:54:35.143676Z", "last_updater": 1156886, "last_updater_username": "doijanky", "name": "server-0.7.0", "repository": 553813, "full_size": 7957746, "v2": true, "tag_status": "active", "tag_last_pulled": "2024-01-20T07:54:09.058177Z", "tag_last_pushed": "2023-12-16T01:54:35.143676Z", "media_type": "application/vnd.oci.image.index.v1+json", "content_type": "image", "digest": "sha256:0c299d5dafe73b7351f295d2081cf287325da8a9d9e07117330e0629965dc8b9"}, {"creator": 2215, "id": 2152984, "images": [{"architecture": "amd64", "features": "", "variant": null, "digest": "sha256:4c3d07b2fed560ab0012452aa8a6f58533ddf2d4a3845fa89b74d9455816b454", "os": "linux", "os_features": "", "os_version": null, "size": 7957746, "status": "active", "last_pulled": "2024-01-20T06:01:15.577459Z", "last_pushed": "2023-12-01T04:54:23.20796Z"}, {"architecture": "unknown", "features": "", "variant": null, "digest": "sha256:692819af7e57efe94abadb451e05aa5eb042a540a2eae7095d37507dbd66dc94", "os": "unknown", "os_features": "", "os_version": null, "size": 110688, "status": "active", "last_pulled": "2024-01-19T16:44:30.268033Z", "last_pushed": "2023-12-01T04:54:24.261718Z"}, {"architecture": "arm", "features": "", "variant": "v6", "digest": "sha256:9f245d4b08cfa9f6934e315f60699db5caacbf638d012c4c6f16dfa10066ae4e", "os": "linux", "os_features": "", "os_version": null, "size": 7511536, "status": "active", "last_pulled": "2024-01-19T16:44:30.884323Z", "last_pushed": "2023-12-01T13:54:47.983857Z"}, {"architecture": "arm64", "features": "", "variant": null, "digest": "sha256:7cb971c2293a1784f771970101a6f7a684bee811b6ebd0cd9587fecf90d7ee8a", "os": "linux", "os_features": "", "os_version": null, "size": 7444857, "status": "active", "last_pulled": "2024-01-20T02:51:18.745389Z", "last_pushed": "2023-12-01T16:54:26.210734Z"}, {"architecture": "unknown", "features": "", "variant": null, "digest": "sha256:c854751d0900f72cc6aaa35d5219de9528cc80a236cac79febb9c6a8bcd451de", "os": "unknown", "os_features": "", "os_version": null, "size": 110701, "status": "active", "last_pulled": "2024-01-19T23:12:55.592996Z", "last_pushed": "2023-12-01T16:54:27.32767Z"}, {"architecture": "386", "features": "", "variant": null, "digest": "sha256:e6d16088d6a27939ccbde71947f57ef7db02215049c18b82ccbc58ffc19875ab", "os": "linux", "os_features": "", "os_version": null, "size": 7763944, "status": "active", "last_pulled": "2024-01-19T16:44:32.046015Z", "last_pushed": "2023-12-16T01:54:23.677364Z"}, {"architecture": "unknown", "features": "", "variant": null, "digest": "sha256:0b8400d1572fdb0f4c7543b5b66713df78a4c35200f8d147e8d424cc79def783", "os": "unknown", "os_features": "", "os_version": null, "size": 18986, "status": "active", "last_pulled": "2024-01-19T16:44:32.494214Z", "last_pushed": "2023-12-16T01:54:24.865582Z"}, {"architecture": "ppc64le", "features": "", "variant": null, "digest": "sha256:ead953dd52edeea966545664b2c9fec2e1bb4d3a79671f95190819095351f641", "os": "linux", "os_features": "", "os_version": null, "size": 7444226, "status": "active", "last_pulled": "2024-01-20T04:39:45.252403Z", "last_pushed": "2023-12-01T13:54:49.384016Z"}, {"architecture": "unknown", "features": "", "variant": null, "digest": "sha256:6235a23c8e809f36b0e6a6ef45efe0079f9a92ddb62d4ac397241074b79d42c7", "os": "unknown", "os_features": "", "os_version": null, "size": 109110, "status": "active", "last_pulled": "2024-01-19T16:44:33.379602Z", "last_pushed": "2023-12-01T13:54:50.513776Z"}, {"architecture": "s390x", "features": "", "variant": null, "digest": "sha256:66118e7982bb814a9d939808797fc0e073194732d5bcdb0afaa98c515d17ab23", "os": "linux", "os_features": "", "os_version": null, "size": 7570735, "status": "active", "last_pulled": "2024-01-19T16:44:33.8011Z", "last_pushed": "2023-12-01T13:54:51.770639Z"}, {"architecture": "unknown", "features": "", "variant": null, "digest": "sha256:c35c2d748647d9150a218c6f9bba1ba76b2857c71608e21de4dea7e277400a5f", "os": "unknown", "os_features": "", "os_version": null, "size": 109052, "status": "active", "last_pulled": "2024-01-20T01:57:38.636701Z", "last_pushed": "2023-12-01T13:54:52.807198Z"}], "last_updated": "2023-12-16T01:54:28.112488Z", "last_updater": 1156886, "last_updater_username": "doijanky", "name": "server", "repository": 553813, "full_size": 7957746, "v2": true, "tag_status": "active", "tag_last_pulled": "2024-01-20T07:54:09.058177Z", "tag_last_pushed": "2023-12-16T01:54:28.112488Z", "media_type": "application/vnd.oci.image.index.v1+json", "content_type": "image", "digest": "sha256:0c299d5dafe73b7351f295d2081cf287325da8a9d9e07117330e0629965dc8b9"}, {"creator": 1156886, "id": 65721499, "images": [{"architecture": "amd64", "features": "", "variant": null, "digest": "sha256:44f117f30922793e76f4d48c38ea7e48801ffd70b6718b0bb8504e4c7dd63ce5", "os": "linux", "os_features": "", "os_version": null, "size": 7690976, "status": "active", "last_pulled": "2024-01-19T18:33:07.5636Z", "last_pushed": "2022-04-05T10:46:30.296036Z"}, {"architecture": "arm", "features": "", "variant": "v6", "digest": "sha256:d1631ce42d7d46f07ac750643100dc17dc17377fb2b0a2e21068bbb716731a9c", "os": "linux", "os_features": "", "os_version": null, "size": 7182333, "status": "active", "last_pulled": "2024-01-15T04:11:50.199623Z", "last_pushed": "2022-04-05T06:54:43.473685Z"}, {"architecture": "arm64", "features": "", "variant": "v8", "digest": "sha256:5dbf103c67811b30038b3b8dfdbbae4583755f2273a6f11df29f89601b4c3a3e", "os": "linux", "os_features": "", "os_version": null, "size": 7178687, "status": "active", "last_pulled": "2024-01-17T20:52:17.87498Z", "last_pushed": "2022-04-05T04:26:54.61775Z"}, {"architecture": "386", "features": "", "variant": null, "digest": "sha256:c517416d0b0dbc3c15ffaf46105076e75637a3b09a480093871692adb85e808e", "os": "linux", "os_features": "", "os_version": null, "size": 7435950, "status": "active", "last_pulled": "2024-01-15T04:11:53.088476Z", "last_pushed": "2022-04-05T04:26:55.971048Z"}, {"architecture": "ppc64le", "features": "", "variant": null, "digest": "sha256:11f853f0ab53e1ed5939953e13fb2fcb91447f7ac1833648512eb816b9d8b0f9", "os": "linux", "os_features": "", "os_version": null, "size": 7154614, "status": "active", "last_pulled": "2024-01-15T04:11:54.387243Z", "last_pushed": "2022-04-05T11:37:55.40883Z"}, {"architecture": "s390x", "features": "", "variant": null, "digest": "sha256:84879e97cc7abfa76e42bd92d5d987f618dcf1679091c9b6e2922e53afd0f70d", "os": "linux", "os_features": "", "os_version": null, "size": 7313763, "status": "active", "last_pulled": "2024-01-15T04:11:55.73332Z", "last_pushed": "2022-04-05T04:26:57.203224Z"}], "last_updated": "2022-04-05T11:38:03.795671Z", "last_updater": 1156886, "last_updater_username": "doijanky", "name": "signer-0.6.1-2", "repository": 553813, "full_size": 7690976, "v2": true, "tag_status": "active", "tag_last_pulled": "2024-01-19T18:33:07.5636Z", "tag_last_pushed": "2022-04-05T11:38:03.795671Z", "media_type": "application/vnd.docker.distribution.manifest.list.v2+json", "content_type": "image"}, {"creator": 1156886, "id": 65721487, "images": [{"architecture": "amd64", "features": "", "variant": null, "digest": "sha256:6b31bfa488d68eeec5b00dbb10d2e9478c39d68c6185bca1bb35f787c667b7c9", "os": "linux", "os_features": "", "os_version": null, "size": 8208595, "status": "active", "last_pulled": "2024-01-20T00:22:49.52516Z", "last_pushed": "2022-04-05T10:46:12.065208Z"}, {"architecture": "arm", "features": "", "variant": "v6", "digest": "sha256:9d01ff58d9a93a6e3f3312b36707b6bbe5a25eaeac244c93119a8c462ebd41d8", "os": "linux", "os_features": "", "os_version": null, "size": 7666790, "status": "active", "last_pulled": "2024-01-15T04:10:53.484697Z", "last_pushed": "2022-04-05T06:54:22.260408Z"}, {"architecture": "arm64", "features": "", "variant": "v8", "digest": "sha256:ea7e41eae9f2943165c0fcddb602b2b3cc05f19d90d1db3477f2c42c9add49e7", "os": "linux", "os_features": "", "os_version": null, "size": 7657170, "status": "active", "last_pulled": "2024-01-17T20:52:17.915503Z", "last_pushed": "2022-04-05T04:26:18.799736Z"}, {"architecture": "386", "features": "", "variant": null, "digest": "sha256:df5dabef4d5b397e477ba589ddb913cd89a799b4ddf93e4f31cece82b8fc891b", "os": "linux", "os_features": "", "os_version": null, "size": 7921879, "status": "active", "last_pulled": "2024-01-15T04:10:56.328799Z", "last_pushed": "2022-04-05T04:26:20.150966Z"}, {"architecture": "ppc64le", "features": "", "variant": null, "digest": "sha256:d246f52706baa526e2471411daceaac18c1cdfad58a0a9a88f281afddb20ff27", "os": "linux", "os_features": "", "os_version": null, "size": 7618819, "status": "active", "last_pulled": "2024-01-15T04:10:58.288859Z", "last_pushed": "2022-04-05T11:37:37.010779Z"}, {"architecture": "s390x", "features": "", "variant": null, "digest": "sha256:c4325701906e5481d84e6fe8c12beb33826cd7654d602b833e8f2ea03cb5f996", "os": "linux", "os_features": "", "os_version": null, "size": 7813144, "status": "active", "last_pulled": "2024-01-15T04:10:59.72179Z", "last_pushed": "2022-04-05T04:26:21.462859Z"}], "last_updated": "2022-04-05T11:37:44.774734Z", "last_updater": 1156886, "last_updater_username": "doijanky", "name": "server-0.6.1-2", "repository": 553813, "full_size": 8208595, "v2": true, "tag_status": "active", "tag_last_pulled": "2024-01-20T00:22:49.52516Z", "tag_last_pushed": "2022-04-05T11:37:44.774734Z", "media_type": "application/vnd.docker.distribution.manifest.list.v2+json", "content_type": "image"}, {"creator": 1156886, "id": 42892868, "images": [{"architecture": "amd64", "features": "", "variant": null, "digest": "sha256:9fef16c9fe1c00f5b99b0496238d624a58a0f21abf7cafc86940dd39aa68f5a8", "os": "linux", "os_features": "", "os_version": null, "size": 6838072, "status": "inactive", "last_pulled": null, "last_pushed": null}, {"architecture": "arm", "features": "", "variant": "v6", "digest": "sha256:a008c691607ce183a50b2ca5932185d7ffb7a9ec65cf6bf59d41559be0c1fcdc", "os": "linux", "os_features": "", "os_version": null, "size": 6413489, "status": "inactive", "last_pulled": null, "last_pushed": null}, {"architecture": "arm64", "features": "", "variant": "v8", "digest": "sha256:f49fcd97b7ec46baa22d5e679bf42b78d14c3e7a941add9ffbe6d389c7bb498c", "os": "linux", "os_features": "", "os_version": null, "size": 6483022, "status": "inactive", "last_pulled": null, "last_pushed": null}, {"architecture": "386", "features": "", "variant": null, "digest": "sha256:8627614551f4a2f6751c8b7cd080b205825616caa452882f1c160fa4c1f2c715", "os": "linux", "os_features": "", "os_version": null, "size": 6759409, "status": "inactive", "last_pulled": null, "last_pushed": null}, {"architecture": "ppc64le", "features": "", "variant": null, "digest": "sha256:8923128d32c1227400121259255ce06562b15aeec4c7622a9ec7982079f7812a", "os": "linux", "os_features": "", "os_version": null, "size": 6578894, "status": "inactive", "last_pulled": null, "last_pushed": null}, {"architecture": "s390x", "features": "", "variant": null, "digest": "sha256:b7d012373408333a5f331be67c45d6c178c6fc3c8b7c24fab52fe5f762539883", "os": "linux", "os_features": "", "os_version": null, "size": 7018632, "status": "inactive", "last_pulled": null, "last_pushed": null}], "last_updated": "2019-05-11T00:47:05.907301Z", "last_updater": 1156886, "last_updater_username": "doijanky", "name": "signer-0.6.1-1", "repository": 553813, "full_size": 6838072, "v2": true, "tag_status": "inactive", "tag_last_pulled": null, "tag_last_pushed": "2019-05-11T00:47:05.907301Z", "media_type": "application/vnd.docker.distribution.manifest.list.v2+json", "content_type": "image"}, {"creator": 1156886, "id": 42892865, "images": [{"architecture": "amd64", "features": "", "variant": null, "digest": "sha256:0e98c29f5ce966713d3fda14d3d98f54174b89a07db1acbc59a20ecbb4d3a183", "os": "linux", "os_features": "", "os_version": null, "size": 7300470, "status": "inactive", "last_pulled": null, "last_pushed": null}, {"architecture": "arm", "features": "", "variant": "v6", "digest": "sha256:3e3895471e64dfbb9a0c695d320cefa3eb778ee4c7b91614bea8c59a402ea8dd", "os": "linux", "os_features": "", "os_version": null, "size": 6833776, "status": "inactive", "last_pulled": null, "last_pushed": null}, {"architecture": "arm64", "features": "", "variant": "v8", "digest": "sha256:dd98eb4dd1c90c38119e4c7efe61ab0ab679dd0ee4c98704ba41802a9c8919e7", "os": "linux", "os_features": "", "os_version": null, "size": 6917509, "status": "inactive", "last_pulled": null, "last_pushed": null}, {"architecture": "386", "features": "", "variant": null, "digest": "sha256:a597137da568773c1d2c1954a8cc1ef3471fbffc7088716c07dd303580e6e1dc", "os": "linux", "os_features": "", "os_version": null, "size": 7207275, "status": "inactive", "last_pulled": null, "last_pushed": null}, {"architecture": "ppc64le", "features": "", "variant": null, "digest": "sha256:29daf844e063bb375c6ef60380fdd50fa494c6f27f918789bce4b01a9fe0ff65", "os": "linux", "os_features": "", "os_version": null, "size": 7008277, "status": "inactive", "last_pulled": null, "last_pushed": null}, {"architecture": "s390x", "features": "", "variant": null, "digest": "sha256:4c28067b03f6d8f6f8e3ff62aeddb3ad7ca6bcbd477b2de9b7274f744211880a", "os": "linux", "os_features": "", "os_version": null, "size": 7478251, "status": "inactive", "last_pulled": null, "last_pushed": null}], "last_updated": "2019-05-11T00:46:55.703205Z", "last_updater": 1156886, "last_updater_username": "doijanky", "name": "server-0.6.1-1", "repository": 553813, "full_size": 7300470, "v2": true, "tag_status": "inactive", "tag_last_pulled": null, "tag_last_pushed": "2019-05-11T00:46:55.703205Z", "media_type": "application/vnd.docker.distribution.manifest.list.v2+json", "content_type": "image"}, {"creator": 1156886, "id": 40128077, "images": [{"architecture": "amd64", "features": "", "variant": null, "digest": "sha256:20732da2cb63d9c28884e75373e8457a067220912b4c01b1560ae30e3a434f7f", "os": "linux", "os_features": "", "os_version": null, "size": 6840442, "status": "inactive", "last_pulled": null, "last_pushed": null}, {"architecture": "arm", "features": "", "variant": "v6", "digest": "sha256:f3b4fcff33cdb8014cdc144b8939c0b2db8d1f3458f61e43393fbecce058a081", "os": "linux", "os_features": "", "os_version": null, "size": 6413986, "status": "inactive", "last_pulled": null, "last_pushed": null}, {"architecture": "arm64", "features": "", "variant": "v8", "digest": "sha256:bbd07e58c784ec01ef2e5839d3b5c42586289db593bd630b1576ee633b70b8ec", "os": "linux", "os_features": "", "os_version": null, "size": 6483078, "status": "inactive", "last_pulled": null, "last_pushed": null}, {"architecture": "386", "features": "", "variant": null, "digest": "sha256:f1fd3349346eec6ecdaffaa07dc11e50d8533d17330efb2cc1c2d9443de9138c", "os": "linux", "os_features": "", "os_version": null, "size": 6758932, "status": "inactive", "last_pulled": null, "last_pushed": null}, {"architecture": "ppc64le", "features": "", "variant": null, "digest": "sha256:d868512d6c8da0a9f1faf54c4b6a4f335c2137d191f0e52cac9f9c4cfee9ad36", "os": "linux", "os_features": "", "os_version": null, "size": 6577287, "status": "inactive", "last_pulled": null, "last_pushed": null}, {"architecture": "s390x", "features": "", "variant": null, "digest": "sha256:966add36cd75988f5b36ed73055b02a1c786b83dfcf6e69a71e6380dd5a57549", "os": "linux", "os_features": "", "os_version": null, "size": 7015719, "status": "inactive", "last_pulled": null, "last_pushed": null}], "last_updated": "2018-11-29T06:43:42.101624Z", "last_updater": 1156886, "last_updater_username": "doijanky", "name": "signer-0.6.1", "repository": 553813, "full_size": 6840442, "v2": true, "tag_status": "inactive", "tag_last_pulled": null, "tag_last_pushed": "2018-11-29T06:43:42.101624Z", "media_type": "application/vnd.docker.distribution.manifest.list.v2+json", "content_type": "image"}, {"creator": 1156886, "id": 40128049, "images": [{"architecture": "amd64", "features": "", "variant": null, "digest": "sha256:bbd815c2ee5000846aab39d323cdccc6f2f0ee66a6351e667dfdc4a3c2c34565", "os": "linux", "os_features": "", "os_version": null, "size": 7300753, "status": "inactive", "last_pulled": null, "last_pushed": null}, {"architecture": "arm", "features": "", "variant": "v6", "digest": "sha256:4f8c33b9706f6fa11a33c4d9bf45d71775229857aaf53b659a392e4603cfd64f", "os": "linux", "os_features": "", "os_version": null, "size": 6833777, "status": "inactive", "last_pulled": null, "last_pushed": null}, {"architecture": "arm64", "features": "", "variant": "v8", "digest": "sha256:c3d4a5560c82f0cf1ba46327c409585bd7d8e0afd52e88f064fd9ffb57be432e", "os": "linux", "os_features": "", "os_version": null, "size": 6917573, "status": "inactive", "last_pulled": null, "last_pushed": null}, {"architecture": "386", "features": "", "variant": null, "digest": "sha256:e92372d26a28cc8b3361c6b9e3ae935269522ef9662f1ee0becc3fe576d83c3c", "os": "linux", "os_features": "", "os_version": null, "size": 7207176, "status": "inactive", "last_pulled": null, "last_pushed": null}, {"architecture": "ppc64le", "features": "", "variant": null, "digest": "sha256:452458db1ab77f64ccb9c2d50c3ef6217c7a7c20e8a369bdeb399c0269a2089c", "os": "linux", "os_features": "", "os_version": null, "size": 7006679, "status": "inactive", "last_pulled": null, "last_pushed": null}, {"architecture": "s390x", "features": "", "variant": null, "digest": "sha256:e66b2585c14b9283713a747220f07eeb60e8801440cf0b5ab745c76e5eb98518", "os": "linux", "os_features": "", "os_version": null, "size": 7478129, "status": "inactive", "last_pulled": null, "last_pushed": null}], "last_updated": "2018-11-16T20:46:55.898777Z", "last_updater": 1156886, "last_updater_username": "doijanky", "name": "server-0.6.1", "repository": 553813, "full_size": 7300753, "v2": true, "tag_status": "inactive", "tag_last_pulled": null, "tag_last_pushed": "2018-11-16T20:46:55.898777Z", "media_type": "application/vnd.docker.distribution.manifest.list.v2+json", "content_type": "image"}, {"creator": 2215, "id": 2152954, "images": [{"architecture": "amd64", "features": "", "variant": null, "digest": "sha256:49055e73e1c8e6862c15b781706ece90fc2db06f82365bf1120423ce028a1356", "os": "linux", "os_features": "", "os_version": null, "size": 7752114, "status": "inactive", "last_pulled": null, "last_pushed": null}], "last_updated": "2018-10-15T22:54:31.34206Z", "last_updater": 1156886, "last_updater_username": "doijanky", "name": "signer-0.2.0", "repository": 553813, "full_size": 7752114, "v2": true, "tag_status": "inactive", "tag_last_pulled": null, "tag_last_pushed": "2018-10-15T22:54:31.34206Z", "media_type": "application/vnd.docker.distribution.manifest.list.v2+json", "content_type": "image"}, {"creator": 213249, "id": 2162752, "images": [{"architecture": "amd64", "features": "", "variant": null, "digest": "sha256:dae00081c639e953d6f1f935f81bddf35fb2b80e8824cd9d4e9bfd173856f9c4", "os": "linux", "os_features": "", "os_version": null, "size": 7988037, "status": "inactive", "last_pulled": null, "last_pushed": null}], "last_updated": "2018-10-15T22:53:46.153909Z", "last_updater": 1156886, "last_updater_username": "doijanky", "name": "server-0.2.0", "repository": 553813, "full_size": 7988037, "v2": true, "tag_status": "inactive", "tag_last_pulled": null, "tag_last_pushed": "2018-10-15T22:53:46.153909Z", "media_type": "application/vnd.docker.distribution.manifest.list.v2+json", "content_type": "image"}, {"creator": 2215, "id": 2985035, "images": [{"architecture": "amd64", "features": "", "variant": null, "digest": "sha256:86254860e6dac860d91a2e0386724a7c5e97e83c92ec1aea5177cfa1fd2ed8db", "os": "linux", "os_features": "", "os_version": null, "size": 6784810, "status": "inactive", "last_pulled": null, "last_pushed": null}], "last_updated": "2018-10-15T22:53:39.047294Z", "last_updater": 1156886, "last_updater_username": "doijanky", "name": "signer-0.3.0", "repository": 553813, "full_size": 6784810, "v2": true, "tag_status": "inactive", "tag_last_pulled": null, "tag_last_pushed": "2018-10-15T22:53:39.047294Z", "media_type": "application/vnd.docker.distribution.manifest.list.v2+json", "content_type": "image"}, {"creator": 2215, "id": 2985025, "images": [{"architecture": "amd64", "features": "", "variant": null, "digest": "sha256:1a03ba43d883af769ea76ada60464ac013636ea435167231e8f9848426b1ab91", "os": "linux", "os_features": "", "os_version": null, "size": 7070021, "status": "inactive", "last_pulled": null, "last_pushed": null}], "last_updated": "2018-10-15T22:53:31.746651Z", "last_updater": 1156886, "last_updater_username": "doijanky", "name": "server-0.3.0", "repository": 553813, "full_size": 7070021, "v2": true, "tag_status": "inactive", "tag_last_pulled": null, "tag_last_pushed": "2018-10-15T22:53:31.746651Z", "media_type": "application/vnd.docker.distribution.manifest.list.v2+json", "content_type": "image"}, {"creator": 621950, "id": 6116851, "images": [{"architecture": "amd64", "features": "", "variant": null, "digest": "sha256:ed2277b2db9e84e18d007b829b09dc54267c6f659ea2f4ae6230ec8a9e6ce7d1", "os": "linux", "os_features": "", "os_version": null, "size": 5778400, "status": "inactive", "last_pulled": null, "last_pushed": null}], "last_updated": "2018-10-15T22:53:24.396274Z", "last_updater": 1156886, "last_updater_username": "doijanky", "name": "signer-0.4.2", "repository": 553813, "full_size": 5778400, "v2": true, "tag_status": "inactive", "tag_last_pulled": null, "tag_last_pushed": "2018-10-15T22:53:24.396274Z", "media_type": "application/vnd.docker.distribution.manifest.list.v2+json", "content_type": "image"}, {"creator": 621950, "id": 6116829, "images": [{"architecture": "amd64", "features": "", "variant": null, "digest": "sha256:1908f1af7ebde81b99dae3d97948d32c517c0a3ce9dffc9840c50e95c26c584a", "os": "linux", "os_features": "", "os_version": null, "size": 6150493, "status": "inactive", "last_pulled": null, "last_pushed": null}], "last_updated": "2018-10-15T22:53:16.29854Z", "last_updater": 1156886, "last_updater_username": "doijanky", "name": "server-0.4.2", "repository": 553813, "full_size": 6150493, "v2": true, "tag_status": "inactive", "tag_last_pulled": null, "tag_last_pushed": "2018-10-15T22:53:16.29854Z", "media_type": "application/vnd.docker.distribution.manifest.list.v2+json", "content_type": "image"}, {"creator": 621950, "id": 6116809, "images": [{"architecture": "amd64", "features": "", "variant": null, "digest": "sha256:43acde9041a4fc5108db410b656bb9b376f8b62cf881ba6319bff0f12966d4cf", "os": "linux", "os_features": "", "os_version": null, "size": 5859841, "status": "inactive", "last_pulled": null, "last_pushed": null}], "last_updated": "2018-10-15T22:53:09.097279Z", "last_updater": 1156886, "last_updater_username": "doijanky", "name": "signer-0.5.0", "repository": 553813, "full_size": 5859841, "v2": true, "tag_status": "inactive", "tag_last_pulled": null, "tag_last_pushed": "2018-10-15T22:53:09.097279Z", "media_type": "application/vnd.docker.distribution.manifest.list.v2+json", "content_type": "image"}, {"creator": 621950, "id": 6116786, "images": [{"architecture": "amd64", "features": "", "variant": null, "digest": "sha256:16b632e954ca01326ecc36ff0c7bb651baf9dcf92366b322b112f697193eb3d5", "os": "linux", "os_features": "", "os_version": null, "size": 6239608, "status": "inactive", "last_pulled": null, "last_pushed": null}], "last_updated": "2018-10-15T22:53:01.402265Z", "last_updater": 1156886, "last_updater_username": "doijanky", "name": "server-0.5.0", "repository": 553813, "full_size": 6239608, "v2": true, "tag_status": "inactive", "tag_last_pulled": null, "tag_last_pushed": "2018-10-15T22:53:01.402265Z", "media_type": "application/vnd.docker.distribution.manifest.list.v2+json", "content_type": "image"}]