[{"creator": 1156886, "id": 257334640, "images": [{"architecture": "amd64", "features": "", "variant": null, "digest": "sha256:1b984c45d907da96d6c5844addf55b314a099c4d26944536b97fe42529c90a28", "os": "linux", "os_features": "", "os_version": null, "size": 90456115, "status": "active", "last_pulled": "2024-01-20T07:49:17.120039Z", "last_pushed": "2024-01-19T01:28:18.9215Z"}, {"architecture": "arm", "features": "", "variant": "v5", "digest": "sha256:1b6c034c92c4410286bbe6984a558abeb749173f63a05c4f726f31f72224deb0", "os": "linux", "os_features": "", "os_version": null, "size": 355333286, "status": "active", "last_pulled": "2024-01-19T21:20:04.623342Z", "last_pushed": "2023-05-23T14:17:24.51147Z"}, {"architecture": "arm", "features": "", "variant": "v7", "digest": "sha256:011efe44839fb660c982fc18393018be58964e5d695df1ab75c2c18622830af3", "os": "linux", "os_features": "", "os_version": null, "size": 350118406, "status": "active", "last_pulled": "2024-01-19T21:20:04.626653Z", "last_pushed": "2023-05-23T11:25:03.161993Z"}, {"architecture": "arm64", "features": "", "variant": "v8", "digest": "sha256:fdb33e965ef7317076f7913d2b54d0858f7786512d45e52a9d6937345627e95f", "os": "linux", "os_features": "", "os_version": null, "size": 89659065, "status": "active", "last_pulled": "2024-01-20T04:10:24.326568Z", "last_pushed": "2024-01-19T01:28:20.1488Z"}, {"architecture": "386", "features": "", "variant": null, "digest": "sha256:146e806117459af4aa3afc4165503d5654607e8e82b292d9731a777c087a783f", "os": "linux", "os_features": "", "os_version": null, "size": 381390042, "status": "active", "last_pulled": "2024-01-20T06:47:20.730338Z", "last_pushed": "2024-01-19T02:13:20.225101Z"}, {"architecture": "ppc64le", "features": "", "variant": null, "digest": "sha256:2f8fc6513bb190f0ec91f6736331ca5bdbf4b829a8360de076653827bea76c1c", "os": "linux", "os_features": "", "os_version": null, "size": 384277884, "status": "active", "last_pulled": "2024-01-19T21:20:04.671339Z", "last_pushed": "2024-01-19T01:28:21.309521Z"}, {"architecture": "s390x", "features": "", "variant": null, "digest": "sha256:d47c2fe49e35f16f554d1910da416473ca6408221bb8e0774b2d0adb1e2c968a", "os": "linux", "os_features": "", "os_version": null, "size": 378154145, "status": "active", "last_pulled": "2024-01-20T01:16:11.783576Z", "last_pushed": "2024-01-19T19:52:00.412627Z"}], "last_updated": "2024-01-19T19:52:58.444556Z", "last_updater": 1156886, "last_updater_username": "doijanky", "name": "latest", "repository": 17636316, "full_size": 90456115, "v2": true, "tag_status": "active", "tag_last_pulled": "2024-01-20T07:49:17.120039Z", "tag_last_pushed": "2024-01-19T19:52:58.444556Z", "media_type": "application/vnd.docker.distribution.manifest.list.v2+json", "content_type": "image", "digest": "sha256:059f73f7200ea44061eabf82e0b1bd7fe59f462f655fbe572a6aefcd1174d427"}, {"creator": 1156886, "id": 573220106, "images": [{"architecture": "amd64", "features": "", "variant": null, "digest": "sha256:1b984c45d907da96d6c5844addf55b314a099c4d26944536b97fe42529c90a28", "os": "linux", "os_features": "", "os_version": null, "size": 90456115, "status": "active", "last_pulled": "2024-01-20T07:49:17.120039Z", "last_pushed": "2024-01-19T01:28:18.9215Z"}, {"architecture": "arm64", "features": "", "variant": "v8", "digest": "sha256:fdb33e965ef7317076f7913d2b54d0858f7786512d45e52a9d6937345627e95f", "os": "linux", "os_features": "", "os_version": null, "size": 89659065, "status": "active", "last_pulled": "2024-01-20T04:10:24.326568Z", "last_pushed": "2024-01-19T01:28:20.1488Z"}, {"architecture": "386", "features": "", "variant": null, "digest": "sha256:146e806117459af4aa3afc4165503d5654607e8e82b292d9731a777c087a783f", "os": "linux", "os_features": "", "os_version": null, "size": 381390042, "status": "active", "last_pulled": "2024-01-20T06:47:20.730338Z", "last_pushed": "2024-01-19T02:13:20.225101Z"}, {"architecture": "ppc64le", "features": "", "variant": null, "digest": "sha256:2f8fc6513bb190f0ec91f6736331ca5bdbf4b829a8360de076653827bea76c1c", "os": "linux", "os_features": "", "os_version": null, "size": 384277884, "status": "active", "last_pulled": "2024-01-19T21:20:04.671339Z", "last_pushed": "2024-01-19T01:28:21.309521Z"}, {"architecture": "s390x", "features": "", "variant": null, "digest": "sha256:d47c2fe49e35f16f554d1910da416473ca6408221bb8e0774b2d0adb1e2c968a", "os": "linux", "os_features": "", "os_version": null, "size": 378154145, "status": "active", "last_pulled": "2024-01-20T01:16:11.783576Z", "last_pushed": "2024-01-19T19:52:00.412627Z"}], "last_updated": "2024-01-19T19:52:52.940725Z", "last_updater": 1156886, "last_updater_username": "doijanky", "name": "bookworm", "repository": 17636316, "full_size": 90456115, "v2": true, "tag_status": "active", "tag_last_pulled": "2024-01-20T08:13:18.511838Z", "tag_last_pushed": "2024-01-19T19:52:52.940725Z", "media_type": "application/vnd.docker.distribution.manifest.list.v2+json", "content_type": "image", "digest": "sha256:e0b8aac43d19c4397758aebf35028db4d313d8fe1caba28391ba4ceb752550c6"}, {"creator": 1156886, "id": 573219986, "images": [{"architecture": "amd64", "features": "", "variant": null, "digest": "sha256:1b984c45d907da96d6c5844addf55b314a099c4d26944536b97fe42529c90a28", "os": "linux", "os_features": "", "os_version": null, "size": 90456115, "status": "active", "last_pulled": "2024-01-20T07:49:17.120039Z", "last_pushed": "2024-01-19T01:28:18.9215Z"}, {"architecture": "arm64", "features": "", "variant": "v8", "digest": "sha256:fdb33e965ef7317076f7913d2b54d0858f7786512d45e52a9d6937345627e95f", "os": "linux", "os_features": "", "os_version": null, "size": 89659065, "status": "active", "last_pulled": "2024-01-20T04:10:24.326568Z", "last_pushed": "2024-01-19T01:28:20.1488Z"}, {"architecture": "386", "features": "", "variant": null, "digest": "sha256:146e806117459af4aa3afc4165503d5654607e8e82b292d9731a777c087a783f", "os": "linux", "os_features": "", "os_version": null, "size": 381390042, "status": "active", "last_pulled": "2024-01-20T06:47:20.730338Z", "last_pushed": "2024-01-19T02:13:20.225101Z"}, {"architecture": "ppc64le", "features": "", "variant": null, "digest": "sha256:2f8fc6513bb190f0ec91f6736331ca5bdbf4b829a8360de076653827bea76c1c", "os": "linux", "os_features": "", "os_version": null, "size": 384277884, "status": "active", "last_pulled": "2024-01-19T21:20:04.671339Z", "last_pushed": "2024-01-19T01:28:21.309521Z"}, {"architecture": "s390x", "features": "", "variant": null, "digest": "sha256:d47c2fe49e35f16f554d1910da416473ca6408221bb8e0774b2d0adb1e2c968a", "os": "linux", "os_features": "", "os_version": null, "size": 378154145, "status": "active", "last_pulled": "2024-01-20T01:16:11.783576Z", "last_pushed": "2024-01-19T19:52:00.412627Z"}], "last_updated": "2024-01-19T19:52:44.110088Z", "last_updater": 1156886, "last_updater_username": "doijanky", "name": "8.4.0-bookworm", "repository": 17636316, "full_size": 90456115, "v2": true, "tag_status": "active", "tag_last_pulled": "2024-01-20T08:13:18.511838Z", "tag_last_pushed": "2024-01-19T19:52:44.110088Z", "media_type": "application/vnd.docker.distribution.manifest.list.v2+json", "content_type": "image", "digest": "sha256:e0b8aac43d19c4397758aebf35028db4d313d8fe1caba28391ba4ceb752550c6"}, {"creator": 1156886, "id": 573219829, "images": [{"architecture": "amd64", "features": "", "variant": null, "digest": "sha256:1b984c45d907da96d6c5844addf55b314a099c4d26944536b97fe42529c90a28", "os": "linux", "os_features": "", "os_version": null, "size": 90456115, "status": "active", "last_pulled": "2024-01-20T07:49:17.120039Z", "last_pushed": "2024-01-19T01:28:18.9215Z"}, {"architecture": "arm64", "features": "", "variant": "v8", "digest": "sha256:fdb33e965ef7317076f7913d2b54d0858f7786512d45e52a9d6937345627e95f", "os": "linux", "os_features": "", "os_version": null, "size": 89659065, "status": "active", "last_pulled": "2024-01-20T04:10:24.326568Z", "last_pushed": "2024-01-19T01:28:20.1488Z"}, {"architecture": "386", "features": "", "variant": null, "digest": "sha256:146e806117459af4aa3afc4165503d5654607e8e82b292d9731a777c087a783f", "os": "linux", "os_features": "", "os_version": null, "size": 381390042, "status": "active", "last_pulled": "2024-01-20T06:47:20.730338Z", "last_pushed": "2024-01-19T02:13:20.225101Z"}, {"architecture": "ppc64le", "features": "", "variant": null, "digest": "sha256:2f8fc6513bb190f0ec91f6736331ca5bdbf4b829a8360de076653827bea76c1c", "os": "linux", "os_features": "", "os_version": null, "size": 384277884, "status": "active", "last_pulled": "2024-01-19T21:20:04.671339Z", "last_pushed": "2024-01-19T01:28:21.309521Z"}, {"architecture": "s390x", "features": "", "variant": null, "digest": "sha256:d47c2fe49e35f16f554d1910da416473ca6408221bb8e0774b2d0adb1e2c968a", "os": "linux", "os_features": "", "os_version": null, "size": 378154145, "status": "active", "last_pulled": "2024-01-20T01:16:11.783576Z", "last_pushed": "2024-01-19T19:52:00.412627Z"}], "last_updated": "2024-01-19T19:52:34.391324Z", "last_updater": 1156886, "last_updater_username": "doijanky", "name": "8.4.0", "repository": 17636316, "full_size": 90456115, "v2": true, "tag_status": "active", "tag_last_pulled": "2024-01-20T08:13:18.511838Z", "tag_last_pushed": "2024-01-19T19:52:34.391324Z", "media_type": "application/vnd.docker.distribution.manifest.list.v2+json", "content_type": "image", "digest": "sha256:e0b8aac43d19c4397758aebf35028db4d313d8fe1caba28391ba4ceb752550c6"}, {"creator": 1156886, "id": 573219782, "images": [{"architecture": "amd64", "features": "", "variant": null, "digest": "sha256:1b984c45d907da96d6c5844addf55b314a099c4d26944536b97fe42529c90a28", "os": "linux", "os_features": "", "os_version": null, "size": 90456115, "status": "active", "last_pulled": "2024-01-20T07:49:17.120039Z", "last_pushed": "2024-01-19T01:28:18.9215Z"}, {"architecture": "arm64", "features": "", "variant": "v8", "digest": "sha256:fdb33e965ef7317076f7913d2b54d0858f7786512d45e52a9d6937345627e95f", "os": "linux", "os_features": "", "os_version": null, "size": 89659065, "status": "active", "last_pulled": "2024-01-20T04:10:24.326568Z", "last_pushed": "2024-01-19T01:28:20.1488Z"}, {"architecture": "386", "features": "", "variant": null, "digest": "sha256:146e806117459af4aa3afc4165503d5654607e8e82b292d9731a777c087a783f", "os": "linux", "os_features": "", "os_version": null, "size": 381390042, "status": "active", "last_pulled": "2024-01-20T06:47:20.730338Z", "last_pushed": "2024-01-19T02:13:20.225101Z"}, {"architecture": "ppc64le", "features": "", "variant": null, "digest": "sha256:2f8fc6513bb190f0ec91f6736331ca5bdbf4b829a8360de076653827bea76c1c", "os": "linux", "os_features": "", "os_version": null, "size": 384277884, "status": "active", "last_pulled": "2024-01-19T21:20:04.671339Z", "last_pushed": "2024-01-19T01:28:21.309521Z"}, {"architecture": "s390x", "features": "", "variant": null, "digest": "sha256:d47c2fe49e35f16f554d1910da416473ca6408221bb8e0774b2d0adb1e2c968a", "os": "linux", "os_features": "", "os_version": null, "size": 378154145, "status": "active", "last_pulled": "2024-01-20T01:16:11.783576Z", "last_pushed": "2024-01-19T19:52:00.412627Z"}], "last_updated": "2024-01-19T19:52:30.798387Z", "last_updater": 1156886, "last_updater_username": "doijanky", "name": "8.4-bookworm", "repository": 17636316, "full_size": 90456115, "v2": true, "tag_status": "active", "tag_last_pulled": "2024-01-20T08:13:18.511838Z", "tag_last_pushed": "2024-01-19T19:52:30.798387Z", "media_type": "application/vnd.docker.distribution.manifest.list.v2+json", "content_type": "image", "digest": "sha256:e0b8aac43d19c4397758aebf35028db4d313d8fe1caba28391ba4ceb752550c6"}, {"creator": 1156886, "id": 573219645, "images": [{"architecture": "amd64", "features": "", "variant": null, "digest": "sha256:1b984c45d907da96d6c5844addf55b314a099c4d26944536b97fe42529c90a28", "os": "linux", "os_features": "", "os_version": null, "size": 90456115, "status": "active", "last_pulled": "2024-01-20T07:49:17.120039Z", "last_pushed": "2024-01-19T01:28:18.9215Z"}, {"architecture": "arm64", "features": "", "variant": "v8", "digest": "sha256:fdb33e965ef7317076f7913d2b54d0858f7786512d45e52a9d6937345627e95f", "os": "linux", "os_features": "", "os_version": null, "size": 89659065, "status": "active", "last_pulled": "2024-01-20T04:10:24.326568Z", "last_pushed": "2024-01-19T01:28:20.1488Z"}, {"architecture": "386", "features": "", "variant": null, "digest": "sha256:146e806117459af4aa3afc4165503d5654607e8e82b292d9731a777c087a783f", "os": "linux", "os_features": "", "os_version": null, "size": 381390042, "status": "active", "last_pulled": "2024-01-20T06:47:20.730338Z", "last_pushed": "2024-01-19T02:13:20.225101Z"}, {"architecture": "ppc64le", "features": "", "variant": null, "digest": "sha256:2f8fc6513bb190f0ec91f6736331ca5bdbf4b829a8360de076653827bea76c1c", "os": "linux", "os_features": "", "os_version": null, "size": 384277884, "status": "active", "last_pulled": "2024-01-19T21:20:04.671339Z", "last_pushed": "2024-01-19T01:28:21.309521Z"}, {"architecture": "s390x", "features": "", "variant": null, "digest": "sha256:d47c2fe49e35f16f554d1910da416473ca6408221bb8e0774b2d0adb1e2c968a", "os": "linux", "os_features": "", "os_version": null, "size": 378154145, "status": "active", "last_pulled": "2024-01-20T01:16:11.783576Z", "last_pushed": "2024-01-19T19:52:00.412627Z"}], "last_updated": "2024-01-19T19:52:20.8343Z", "last_updater": 1156886, "last_updater_username": "doijanky", "name": "8.4", "repository": 17636316, "full_size": 90456115, "v2": true, "tag_status": "active", "tag_last_pulled": "2024-01-20T08:13:18.511838Z", "tag_last_pushed": "2024-01-19T19:52:20.8343Z", "media_type": "application/vnd.docker.distribution.manifest.list.v2+json", "content_type": "image", "digest": "sha256:e0b8aac43d19c4397758aebf35028db4d313d8fe1caba28391ba4ceb752550c6"}, {"creator": 1156886, "id": 573219604, "images": [{"architecture": "amd64", "features": "", "variant": null, "digest": "sha256:1b984c45d907da96d6c5844addf55b314a099c4d26944536b97fe42529c90a28", "os": "linux", "os_features": "", "os_version": null, "size": 90456115, "status": "active", "last_pulled": "2024-01-20T07:49:17.120039Z", "last_pushed": "2024-01-19T01:28:18.9215Z"}, {"architecture": "arm64", "features": "", "variant": "v8", "digest": "sha256:fdb33e965ef7317076f7913d2b54d0858f7786512d45e52a9d6937345627e95f", "os": "linux", "os_features": "", "os_version": null, "size": 89659065, "status": "active", "last_pulled": "2024-01-20T04:10:24.326568Z", "last_pushed": "2024-01-19T01:28:20.1488Z"}, {"architecture": "386", "features": "", "variant": null, "digest": "sha256:146e806117459af4aa3afc4165503d5654607e8e82b292d9731a777c087a783f", "os": "linux", "os_features": "", "os_version": null, "size": 381390042, "status": "active", "last_pulled": "2024-01-20T06:47:20.730338Z", "last_pushed": "2024-01-19T02:13:20.225101Z"}, {"architecture": "ppc64le", "features": "", "variant": null, "digest": "sha256:2f8fc6513bb190f0ec91f6736331ca5bdbf4b829a8360de076653827bea76c1c", "os": "linux", "os_features": "", "os_version": null, "size": 384277884, "status": "active", "last_pulled": "2024-01-19T21:20:04.671339Z", "last_pushed": "2024-01-19T01:28:21.309521Z"}, {"architecture": "s390x", "features": "", "variant": null, "digest": "sha256:d47c2fe49e35f16f554d1910da416473ca6408221bb8e0774b2d0adb1e2c968a", "os": "linux", "os_features": "", "os_version": null, "size": 378154145, "status": "active", "last_pulled": "2024-01-20T01:16:11.783576Z", "last_pushed": "2024-01-19T19:52:00.412627Z"}], "last_updated": "2024-01-19T19:52:15.694768Z", "last_updater": 1156886, "last_updater_username": "doijanky", "name": "8-bookworm", "repository": 17636316, "full_size": 90456115, "v2": true, "tag_status": "active", "tag_last_pulled": "2024-01-20T08:13:18.511838Z", "tag_last_pushed": "2024-01-19T19:52:15.694768Z", "media_type": "application/vnd.docker.distribution.manifest.list.v2+json", "content_type": "image", "digest": "sha256:e0b8aac43d19c4397758aebf35028db4d313d8fe1caba28391ba4ceb752550c6"}, {"creator": 1156886, "id": 257333724, "images": [{"architecture": "amd64", "features": "", "variant": null, "digest": "sha256:1b984c45d907da96d6c5844addf55b314a099c4d26944536b97fe42529c90a28", "os": "linux", "os_features": "", "os_version": null, "size": 90456115, "status": "active", "last_pulled": "2024-01-20T07:49:17.120039Z", "last_pushed": "2024-01-19T01:28:18.9215Z"}, {"architecture": "arm", "features": "", "variant": "v5", "digest": "sha256:1b6c034c92c4410286bbe6984a558abeb749173f63a05c4f726f31f72224deb0", "os": "linux", "os_features": "", "os_version": null, "size": 355333286, "status": "active", "last_pulled": "2024-01-19T21:20:04.623342Z", "last_pushed": "2023-05-23T14:17:24.51147Z"}, {"architecture": "arm", "features": "", "variant": "v7", "digest": "sha256:011efe44839fb660c982fc18393018be58964e5d695df1ab75c2c18622830af3", "os": "linux", "os_features": "", "os_version": null, "size": 350118406, "status": "active", "last_pulled": "2024-01-19T21:20:04.626653Z", "last_pushed": "2023-05-23T11:25:03.161993Z"}, {"architecture": "arm64", "features": "", "variant": "v8", "digest": "sha256:fdb33e965ef7317076f7913d2b54d0858f7786512d45e52a9d6937345627e95f", "os": "linux", "os_features": "", "os_version": null, "size": 89659065, "status": "active", "last_pulled": "2024-01-20T04:10:24.326568Z", "last_pushed": "2024-01-19T01:28:20.1488Z"}, {"architecture": "386", "features": "", "variant": null, "digest": "sha256:146e806117459af4aa3afc4165503d5654607e8e82b292d9731a777c087a783f", "os": "linux", "os_features": "", "os_version": null, "size": 381390042, "status": "active", "last_pulled": "2024-01-20T06:47:20.730338Z", "last_pushed": "2024-01-19T02:13:20.225101Z"}, {"architecture": "ppc64le", "features": "", "variant": null, "digest": "sha256:2f8fc6513bb190f0ec91f6736331ca5bdbf4b829a8360de076653827bea76c1c", "os": "linux", "os_features": "", "os_version": null, "size": 384277884, "status": "active", "last_pulled": "2024-01-19T21:20:04.671339Z", "last_pushed": "2024-01-19T01:28:21.309521Z"}, {"architecture": "s390x", "features": "", "variant": null, "digest": "sha256:d47c2fe49e35f16f554d1910da416473ca6408221bb8e0774b2d0adb1e2c968a", "os": "linux", "os_features": "", "os_version": null, "size": 378154145, "status": "active", "last_pulled": "2024-01-20T01:16:11.783576Z", "last_pushed": "2024-01-19T19:52:00.412627Z"}], "last_updated": "2024-01-19T19:52:03.382503Z", "last_updater": 1156886, "last_updater_username": "doijanky", "name": "8", "repository": 17636316, "full_size": 90456115, "v2": true, "tag_status": "active", "tag_last_pulled": "2024-01-20T07:49:17.120039Z", "tag_last_pushed": "2024-01-19T19:52:03.382503Z", "media_type": "application/vnd.docker.distribution.manifest.list.v2+json", "content_type": "image", "digest": "sha256:059f73f7200ea44061eabf82e0b1bd7fe59f462f655fbe572a6aefcd1174d427"}, {"creator": 1156886, "id": 573220066, "images": [{"architecture": "amd64", "features": "", "variant": null, "digest": "sha256:e9227473f8836895254d0526281bba6c43f83560709130711cf0e27a9ecdbc1e", "os": "linux", "os_features": "", "os_version": null, "size": 48962714, "status": "active", "last_pulled": "2024-01-20T03:03:04.27732Z", "last_pushed": "2024-01-19T01:28:51.088142Z"}, {"architecture": "arm", "features": "", "variant": "v7", "digest": "sha256:3923fe165220a608f93dffe270693fd9982a38387bf0ef5898eada7de033a981", "os": "linux", "os_features": "", "os_version": null, "size": 179797943, "status": "active", "last_pulled": "2024-01-19T23:58:48.283738Z", "last_pushed": "2024-01-19T05:13:28.48768Z"}, {"architecture": "arm64", "features": "", "variant": "v8", "digest": "sha256:7e7a39453ea43f053cc4e7fe7bf21ac647be0481840cb39bfb04a97db4c2d11e", "os": "linux", "os_features": "", "os_version": null, "size": 50375703, "status": "active", "last_pulled": "2024-01-19T16:51:58.546306Z", "last_pushed": "2024-01-19T01:28:52.280179Z"}, {"architecture": "386", "features": "", "variant": null, "digest": "sha256:a44125bada74cb06b1fd0faed3e047226e3999b5cb462068740e3f48202a2729", "os": "linux", "os_features": "", "os_version": null, "size": 100645326, "status": "active", "last_pulled": "2024-01-19T16:51:58.991893Z", "last_pushed": "2024-01-19T02:13:35.63344Z"}, {"architecture": "ppc64le", "features": "", "variant": null, "digest": "sha256:0183d30badaa8e9518d1a88f25af97deaa80c9bad19adc78cd1bc79be9ef653e", "os": "linux", "os_features": "", "os_version": null, "size": 100293673, "status": "active", "last_pulled": "2024-01-20T01:16:28.411471Z", "last_pushed": "2024-01-19T01:28:53.616493Z"}], "last_updated": "2024-01-19T05:14:19.88466Z", "last_updater": 1156886, "last_updater_username": "doijanky", "name": "alpine3.19", "repository": 17636316, "full_size": 48962714, "v2": true, "tag_status": "active", "tag_last_pulled": "2024-01-20T08:13:15.442098Z", "tag_last_pushed": "2024-01-19T05:14:19.88466Z", "media_type": "application/vnd.docker.distribution.manifest.list.v2+json", "content_type": "image", "digest": "sha256:bcf8e8b7af58557797ad616880f1549e863f0043634fed1e93d76a2bd0851cd7"}, {"creator": 1156886, "id": 257334504, "images": [{"architecture": "amd64", "features": "", "variant": null, "digest": "sha256:e9227473f8836895254d0526281bba6c43f83560709130711cf0e27a9ecdbc1e", "os": "linux", "os_features": "", "os_version": null, "size": 48962714, "status": "active", "last_pulled": "2024-01-20T03:03:04.27732Z", "last_pushed": "2024-01-19T01:28:51.088142Z"}, {"architecture": "arm", "features": "", "variant": "v6", "digest": "sha256:6eb26239e3f9b4f3d182f3a818f91a427134bee51751e0f46a6d7de705c33a28", "os": "linux", "os_features": "", "os_version": null, "size": 262100685, "status": "active", "last_pulled": "2024-01-20T07:45:35.151527Z", "last_pushed": "2023-05-03T02:05:31.652683Z"}, {"architecture": "arm", "features": "", "variant": "v7", "digest": "sha256:3923fe165220a608f93dffe270693fd9982a38387bf0ef5898eada7de033a981", "os": "linux", "os_features": "", "os_version": null, "size": 179797943, "status": "active", "last_pulled": "2024-01-19T23:58:48.283738Z", "last_pushed": "2024-01-19T05:13:28.48768Z"}, {"architecture": "arm64", "features": "", "variant": "v8", "digest": "sha256:7e7a39453ea43f053cc4e7fe7bf21ac647be0481840cb39bfb04a97db4c2d11e", "os": "linux", "os_features": "", "os_version": null, "size": 50375703, "status": "active", "last_pulled": "2024-01-19T16:51:58.546306Z", "last_pushed": "2024-01-19T01:28:52.280179Z"}, {"architecture": "386", "features": "", "variant": null, "digest": "sha256:a44125bada74cb06b1fd0faed3e047226e3999b5cb462068740e3f48202a2729", "os": "linux", "os_features": "", "os_version": null, "size": 100645326, "status": "active", "last_pulled": "2024-01-19T16:51:58.991893Z", "last_pushed": "2024-01-19T02:13:35.63344Z"}, {"architecture": "ppc64le", "features": "", "variant": null, "digest": "sha256:0183d30badaa8e9518d1a88f25af97deaa80c9bad19adc78cd1bc79be9ef653e", "os": "linux", "os_features": "", "os_version": null, "size": 100293673, "status": "active", "last_pulled": "2024-01-20T01:16:28.411471Z", "last_pushed": "2024-01-19T01:28:53.616493Z"}], "last_updated": "2024-01-19T05:14:15.982319Z", "last_updater": 1156886, "last_updater_username": "doijanky", "name": "alpine", "repository": 17636316, "full_size": 48962714, "v2": true, "tag_status": "active", "tag_last_pulled": "2024-01-20T08:13:12.877683Z", "tag_last_pushed": "2024-01-19T05:14:15.982319Z", "media_type": "application/vnd.docker.distribution.manifest.list.v2+json", "content_type": "image", "digest": "sha256:a320a7ce1cfeb27b8936784bb4ec36111adf4ae3c5caa0c9d77d32231a066f9d"}, {"creator": 1156886, "id": 573219938, "images": [{"architecture": "amd64", "features": "", "variant": null, "digest": "sha256:e9227473f8836895254d0526281bba6c43f83560709130711cf0e27a9ecdbc1e", "os": "linux", "os_features": "", "os_version": null, "size": 48962714, "status": "active", "last_pulled": "2024-01-20T03:03:04.27732Z", "last_pushed": "2024-01-19T01:28:51.088142Z"}, {"architecture": "arm", "features": "", "variant": "v7", "digest": "sha256:3923fe165220a608f93dffe270693fd9982a38387bf0ef5898eada7de033a981", "os": "linux", "os_features": "", "os_version": null, "size": 179797943, "status": "active", "last_pulled": "2024-01-19T23:58:48.283738Z", "last_pushed": "2024-01-19T05:13:28.48768Z"}, {"architecture": "arm64", "features": "", "variant": "v8", "digest": "sha256:7e7a39453ea43f053cc4e7fe7bf21ac647be0481840cb39bfb04a97db4c2d11e", "os": "linux", "os_features": "", "os_version": null, "size": 50375703, "status": "active", "last_pulled": "2024-01-19T16:51:58.546306Z", "last_pushed": "2024-01-19T01:28:52.280179Z"}, {"architecture": "386", "features": "", "variant": null, "digest": "sha256:a44125bada74cb06b1fd0faed3e047226e3999b5cb462068740e3f48202a2729", "os": "linux", "os_features": "", "os_version": null, "size": 100645326, "status": "active", "last_pulled": "2024-01-19T16:51:58.991893Z", "last_pushed": "2024-01-19T02:13:35.63344Z"}, {"architecture": "ppc64le", "features": "", "variant": null, "digest": "sha256:0183d30badaa8e9518d1a88f25af97deaa80c9bad19adc78cd1bc79be9ef653e", "os": "linux", "os_features": "", "os_version": null, "size": 100293673, "status": "active", "last_pulled": "2024-01-20T01:16:28.411471Z", "last_pushed": "2024-01-19T01:28:53.616493Z"}], "last_updated": "2024-01-19T05:14:08.873717Z", "last_updater": 1156886, "last_updater_username": "doijanky", "name": "8.4.0-alpine3.19", "repository": 17636316, "full_size": 48962714, "v2": true, "tag_status": "active", "tag_last_pulled": "2024-01-20T08:13:15.442098Z", "tag_last_pushed": "2024-01-19T05:14:08.873717Z", "media_type": "application/vnd.docker.distribution.manifest.list.v2+json", "content_type": "image", "digest": "sha256:bcf8e8b7af58557797ad616880f1549e863f0043634fed1e93d76a2bd0851cd7"}, {"creator": 1156886, "id": 573219877, "images": [{"architecture": "amd64", "features": "", "variant": null, "digest": "sha256:e9227473f8836895254d0526281bba6c43f83560709130711cf0e27a9ecdbc1e", "os": "linux", "os_features": "", "os_version": null, "size": 48962714, "status": "active", "last_pulled": "2024-01-20T03:03:04.27732Z", "last_pushed": "2024-01-19T01:28:51.088142Z"}, {"architecture": "arm", "features": "", "variant": "v7", "digest": "sha256:3923fe165220a608f93dffe270693fd9982a38387bf0ef5898eada7de033a981", "os": "linux", "os_features": "", "os_version": null, "size": 179797943, "status": "active", "last_pulled": "2024-01-19T23:58:48.283738Z", "last_pushed": "2024-01-19T05:13:28.48768Z"}, {"architecture": "arm64", "features": "", "variant": "v8", "digest": "sha256:7e7a39453ea43f053cc4e7fe7bf21ac647be0481840cb39bfb04a97db4c2d11e", "os": "linux", "os_features": "", "os_version": null, "size": 50375703, "status": "active", "last_pulled": "2024-01-19T16:51:58.546306Z", "last_pushed": "2024-01-19T01:28:52.280179Z"}, {"architecture": "386", "features": "", "variant": null, "digest": "sha256:a44125bada74cb06b1fd0faed3e047226e3999b5cb462068740e3f48202a2729", "os": "linux", "os_features": "", "os_version": null, "size": 100645326, "status": "active", "last_pulled": "2024-01-19T16:51:58.991893Z", "last_pushed": "2024-01-19T02:13:35.63344Z"}, {"architecture": "ppc64le", "features": "", "variant": null, "digest": "sha256:0183d30badaa8e9518d1a88f25af97deaa80c9bad19adc78cd1bc79be9ef653e", "os": "linux", "os_features": "", "os_version": null, "size": 100293673, "status": "active", "last_pulled": "2024-01-20T01:16:28.411471Z", "last_pushed": "2024-01-19T01:28:53.616493Z"}], "last_updated": "2024-01-19T05:14:05.063385Z", "last_updater": 1156886, "last_updater_username": "doijanky", "name": "8.4.0-alpine", "repository": 17636316, "full_size": 48962714, "v2": true, "tag_status": "active", "tag_last_pulled": "2024-01-20T08:13:15.442098Z", "tag_last_pushed": "2024-01-19T05:14:05.063385Z", "media_type": "application/vnd.docker.distribution.manifest.list.v2+json", "content_type": "image", "digest": "sha256:bcf8e8b7af58557797ad616880f1549e863f0043634fed1e93d76a2bd0851cd7"}, {"creator": 1156886, "id": 573219729, "images": [{"architecture": "amd64", "features": "", "variant": null, "digest": "sha256:e9227473f8836895254d0526281bba6c43f83560709130711cf0e27a9ecdbc1e", "os": "linux", "os_features": "", "os_version": null, "size": 48962714, "status": "active", "last_pulled": "2024-01-20T03:03:04.27732Z", "last_pushed": "2024-01-19T01:28:51.088142Z"}, {"architecture": "arm", "features": "", "variant": "v7", "digest": "sha256:3923fe165220a608f93dffe270693fd9982a38387bf0ef5898eada7de033a981", "os": "linux", "os_features": "", "os_version": null, "size": 179797943, "status": "active", "last_pulled": "2024-01-19T23:58:48.283738Z", "last_pushed": "2024-01-19T05:13:28.48768Z"}, {"architecture": "arm64", "features": "", "variant": "v8", "digest": "sha256:7e7a39453ea43f053cc4e7fe7bf21ac647be0481840cb39bfb04a97db4c2d11e", "os": "linux", "os_features": "", "os_version": null, "size": 50375703, "status": "active", "last_pulled": "2024-01-19T16:51:58.546306Z", "last_pushed": "2024-01-19T01:28:52.280179Z"}, {"architecture": "386", "features": "", "variant": null, "digest": "sha256:a44125bada74cb06b1fd0faed3e047226e3999b5cb462068740e3f48202a2729", "os": "linux", "os_features": "", "os_version": null, "size": 100645326, "status": "active", "last_pulled": "2024-01-19T16:51:58.991893Z", "last_pushed": "2024-01-19T02:13:35.63344Z"}, {"architecture": "ppc64le", "features": "", "variant": null, "digest": "sha256:0183d30badaa8e9518d1a88f25af97deaa80c9bad19adc78cd1bc79be9ef653e", "os": "linux", "os_features": "", "os_version": null, "size": 100293673, "status": "active", "last_pulled": "2024-01-20T01:16:28.411471Z", "last_pushed": "2024-01-19T01:28:53.616493Z"}], "last_updated": "2024-01-19T05:13:53.503807Z", "last_updater": 1156886, "last_updater_username": "doijanky", "name": "8.4-alpine3.19", "repository": 17636316, "full_size": 48962714, "v2": true, "tag_status": "active", "tag_last_pulled": "2024-01-20T08:13:15.442098Z", "tag_last_pushed": "2024-01-19T05:13:53.503807Z", "media_type": "application/vnd.docker.distribution.manifest.list.v2+json", "content_type": "image", "digest": "sha256:bcf8e8b7af58557797ad616880f1549e863f0043634fed1e93d76a2bd0851cd7"}, {"creator": 1156886, "id": 573219691, "images": [{"architecture": "amd64", "features": "", "variant": null, "digest": "sha256:e9227473f8836895254d0526281bba6c43f83560709130711cf0e27a9ecdbc1e", "os": "linux", "os_features": "", "os_version": null, "size": 48962714, "status": "active", "last_pulled": "2024-01-20T03:03:04.27732Z", "last_pushed": "2024-01-19T01:28:51.088142Z"}, {"architecture": "arm", "features": "", "variant": "v7", "digest": "sha256:3923fe165220a608f93dffe270693fd9982a38387bf0ef5898eada7de033a981", "os": "linux", "os_features": "", "os_version": null, "size": 179797943, "status": "active", "last_pulled": "2024-01-19T23:58:48.283738Z", "last_pushed": "2024-01-19T05:13:28.48768Z"}, {"architecture": "arm64", "features": "", "variant": "v8", "digest": "sha256:7e7a39453ea43f053cc4e7fe7bf21ac647be0481840cb39bfb04a97db4c2d11e", "os": "linux", "os_features": "", "os_version": null, "size": 50375703, "status": "active", "last_pulled": "2024-01-19T16:51:58.546306Z", "last_pushed": "2024-01-19T01:28:52.280179Z"}, {"architecture": "386", "features": "", "variant": null, "digest": "sha256:a44125bada74cb06b1fd0faed3e047226e3999b5cb462068740e3f48202a2729", "os": "linux", "os_features": "", "os_version": null, "size": 100645326, "status": "active", "last_pulled": "2024-01-19T16:51:58.991893Z", "last_pushed": "2024-01-19T02:13:35.63344Z"}, {"architecture": "ppc64le", "features": "", "variant": null, "digest": "sha256:0183d30badaa8e9518d1a88f25af97deaa80c9bad19adc78cd1bc79be9ef653e", "os": "linux", "os_features": "", "os_version": null, "size": 100293673, "status": "active", "last_pulled": "2024-01-20T01:16:28.411471Z", "last_pushed": "2024-01-19T01:28:53.616493Z"}], "last_updated": "2024-01-19T05:13:48.72186Z", "last_updater": 1156886, "last_updater_username": "doijanky", "name": "8.4-alpine", "repository": 17636316, "full_size": 48962714, "v2": true, "tag_status": "active", "tag_last_pulled": "2024-01-20T08:13:15.442098Z", "tag_last_pushed": "2024-01-19T05:13:48.72186Z", "media_type": "application/vnd.docker.distribution.manifest.list.v2+json", "content_type": "image", "digest": "sha256:bcf8e8b7af58557797ad616880f1549e863f0043634fed1e93d76a2bd0851cd7"}, {"creator": 1156886, "id": 573219564, "images": [{"architecture": "amd64", "features": "", "variant": null, "digest": "sha256:e9227473f8836895254d0526281bba6c43f83560709130711cf0e27a9ecdbc1e", "os": "linux", "os_features": "", "os_version": null, "size": 48962714, "status": "active", "last_pulled": "2024-01-20T03:03:04.27732Z", "last_pushed": "2024-01-19T01:28:51.088142Z"}, {"architecture": "arm", "features": "", "variant": "v7", "digest": "sha256:3923fe165220a608f93dffe270693fd9982a38387bf0ef5898eada7de033a981", "os": "linux", "os_features": "", "os_version": null, "size": 179797943, "status": "active", "last_pulled": "2024-01-19T23:58:48.283738Z", "last_pushed": "2024-01-19T05:13:28.48768Z"}, {"architecture": "arm64", "features": "", "variant": "v8", "digest": "sha256:7e7a39453ea43f053cc4e7fe7bf21ac647be0481840cb39bfb04a97db4c2d11e", "os": "linux", "os_features": "", "os_version": null, "size": 50375703, "status": "active", "last_pulled": "2024-01-19T16:51:58.546306Z", "last_pushed": "2024-01-19T01:28:52.280179Z"}, {"architecture": "386", "features": "", "variant": null, "digest": "sha256:a44125bada74cb06b1fd0faed3e047226e3999b5cb462068740e3f48202a2729", "os": "linux", "os_features": "", "os_version": null, "size": 100645326, "status": "active", "last_pulled": "2024-01-19T16:51:58.991893Z", "last_pushed": "2024-01-19T02:13:35.63344Z"}, {"architecture": "ppc64le", "features": "", "variant": null, "digest": "sha256:0183d30badaa8e9518d1a88f25af97deaa80c9bad19adc78cd1bc79be9ef653e", "os": "linux", "os_features": "", "os_version": null, "size": 100293673, "status": "active", "last_pulled": "2024-01-20T01:16:28.411471Z", "last_pushed": "2024-01-19T01:28:53.616493Z"}], "last_updated": "2024-01-19T05:13:37.394619Z", "last_updater": 1156886, "last_updater_username": "doijanky", "name": "8-alpine3.19", "repository": 17636316, "full_size": 48962714, "v2": true, "tag_status": "active", "tag_last_pulled": "2024-01-20T08:13:15.442098Z", "tag_last_pushed": "2024-01-19T05:13:37.394619Z", "media_type": "application/vnd.docker.distribution.manifest.list.v2+json", "content_type": "image", "digest": "sha256:bcf8e8b7af58557797ad616880f1549e863f0043634fed1e93d76a2bd0851cd7"}, {"creator": 1156886, "id": 257333942, "images": [{"architecture": "amd64", "features": "", "variant": null, "digest": "sha256:e9227473f8836895254d0526281bba6c43f83560709130711cf0e27a9ecdbc1e", "os": "linux", "os_features": "", "os_version": null, "size": 48962714, "status": "active", "last_pulled": "2024-01-20T03:03:04.27732Z", "last_pushed": "2024-01-19T01:28:51.088142Z"}, {"architecture": "arm", "features": "", "variant": "v6", "digest": "sha256:6eb26239e3f9b4f3d182f3a818f91a427134bee51751e0f46a6d7de705c33a28", "os": "linux", "os_features": "", "os_version": null, "size": 262100685, "status": "active", "last_pulled": "2024-01-20T07:45:35.151527Z", "last_pushed": "2023-05-03T02:05:31.652683Z"}, {"architecture": "arm", "features": "", "variant": "v7", "digest": "sha256:3923fe165220a608f93dffe270693fd9982a38387bf0ef5898eada7de033a981", "os": "linux", "os_features": "", "os_version": null, "size": 179797943, "status": "active", "last_pulled": "2024-01-19T23:58:48.283738Z", "last_pushed": "2024-01-19T05:13:28.48768Z"}, {"architecture": "arm64", "features": "", "variant": "v8", "digest": "sha256:7e7a39453ea43f053cc4e7fe7bf21ac647be0481840cb39bfb04a97db4c2d11e", "os": "linux", "os_features": "", "os_version": null, "size": 50375703, "status": "active", "last_pulled": "2024-01-19T16:51:58.546306Z", "last_pushed": "2024-01-19T01:28:52.280179Z"}, {"architecture": "386", "features": "", "variant": null, "digest": "sha256:a44125bada74cb06b1fd0faed3e047226e3999b5cb462068740e3f48202a2729", "os": "linux", "os_features": "", "os_version": null, "size": 100645326, "status": "active", "last_pulled": "2024-01-19T16:51:58.991893Z", "last_pushed": "2024-01-19T02:13:35.63344Z"}, {"architecture": "ppc64le", "features": "", "variant": null, "digest": "sha256:0183d30badaa8e9518d1a88f25af97deaa80c9bad19adc78cd1bc79be9ef653e", "os": "linux", "os_features": "", "os_version": null, "size": 100293673, "status": "active", "last_pulled": "2024-01-20T01:16:28.411471Z", "last_pushed": "2024-01-19T01:28:53.616493Z"}], "last_updated": "2024-01-19T05:13:31.337249Z", "last_updater": 1156886, "last_updater_username": "doijanky", "name": "8-alpine", "repository": 17636316, "full_size": 48962714, "v2": true, "tag_status": "active", "tag_last_pulled": "2024-01-20T08:13:12.877683Z", "tag_last_pushed": "2024-01-19T05:13:31.337249Z", "media_type": "application/vnd.docker.distribution.manifest.list.v2+json", "content_type": "image", "digest": "sha256:a320a7ce1cfeb27b8936784bb4ec36111adf4ae3c5caa0c9d77d32231a066f9d"}, {"creator": 1156886, "id": 257334602, "images": [{"architecture": "amd64", "features": "", "variant": null, "digest": "sha256:7b49758393751f74e1098a1fb723237519a828d3b4a8103acc6414cd711f68fb", "os": "linux", "os_features": "", "os_version": null, "size": 90817678, "status": "active", "last_pulled": "2024-01-19T20:30:27.270047Z", "last_pushed": "2023-12-19T18:38:37.472234Z"}, {"architecture": "arm", "features": "", "variant": "v5", "digest": "sha256:1b6c034c92c4410286bbe6984a558abeb749173f63a05c4f726f31f72224deb0", "os": "linux", "os_features": "", "os_version": null, "size": 355333286, "status": "active", "last_pulled": "2024-01-19T21:20:04.623342Z", "last_pushed": "2023-05-23T14:17:24.51147Z"}, {"architecture": "arm", "features": "", "variant": "v7", "digest": "sha256:011efe44839fb660c982fc18393018be58964e5d695df1ab75c2c18622830af3", "os": "linux", "os_features": "", "os_version": null, "size": 350118406, "status": "active", "last_pulled": "2024-01-19T21:20:04.626653Z", "last_pushed": "2023-05-23T11:25:03.161993Z"}, {"architecture": "arm64", "features": "", "variant": "v8", "digest": "sha256:f8205b55aeb1e15a80f7b7a22bf68075491d1777bf324dccc0c6ee332332e715", "os": "linux", "os_features": "", "os_version": null, "size": 88956562, "status": "active", "last_pulled": "2024-01-11T23:35:33.15987Z", "last_pushed": "2023-12-19T14:08:14.187326Z"}, {"architecture": "386", "features": "", "variant": null, "digest": "sha256:1af706890f554e16de4457aaadfe251a0881fceffd394a6a5cfc594e0b2e32b1", "os": "linux", "os_features": "", "os_version": null, "size": 365088448, "status": "active", "last_pulled": "2024-01-12T00:03:58.941733Z", "last_pushed": "2023-05-24T02:45:38.140368Z"}, {"architecture": "ppc64le", "features": "", "variant": null, "digest": "sha256:c651c91fdc32bff2fcb340e3ea5a4efb9a9a784fb28a8ffb42ab452f8b055f06", "os": "linux", "os_features": "", "os_version": null, "size": 363515058, "status": "active", "last_pulled": "2024-01-12T00:05:44.458864Z", "last_pushed": "2023-05-23T19:43:48.812741Z"}, {"architecture": "s390x", "features": "", "variant": null, "digest": "sha256:9f8338cdafe1010fb978f2bb1bccf7cfa6035e4c9cb0c9084bd9e307d2b7791d", "os": "linux", "os_features": "", "os_version": null, "size": 353943242, "status": "active", "last_pulled": "2024-01-12T00:05:47.259038Z", "last_pushed": "2023-05-23T07:45:21.606532Z"}], "last_updated": "2023-12-19T18:39:31.903374Z", "last_updater": 1156886, "last_updater_username": "doijanky", "name": "bullseye", "repository": 17636316, "full_size": 90817678, "v2": true, "tag_status": "active", "tag_last_pulled": "2024-01-20T05:45:55.708808Z", "tag_last_pushed": "2023-12-19T18:39:31.903374Z", "media_type": "application/vnd.docker.distribution.manifest.list.v2+json", "content_type": "image", "digest": "sha256:a97ba2bef36b31d74586400cb75020d04f874bb78955d5e082c591238b45e172"}, {"creator": 1156886, "id": 332774778, "images": [{"architecture": "amd64", "features": "", "variant": null, "digest": "sha256:7b49758393751f74e1098a1fb723237519a828d3b4a8103acc6414cd711f68fb", "os": "linux", "os_features": "", "os_version": null, "size": 90817678, "status": "active", "last_pulled": "2024-01-19T20:30:27.270047Z", "last_pushed": "2023-12-19T18:38:37.472234Z"}, {"architecture": "arm", "features": "", "variant": "v5", "digest": "sha256:1b6c034c92c4410286bbe6984a558abeb749173f63a05c4f726f31f72224deb0", "os": "linux", "os_features": "", "os_version": null, "size": 355333286, "status": "active", "last_pulled": "2024-01-19T21:20:04.623342Z", "last_pushed": "2023-05-23T14:17:24.51147Z"}, {"architecture": "arm", "features": "", "variant": "v7", "digest": "sha256:011efe44839fb660c982fc18393018be58964e5d695df1ab75c2c18622830af3", "os": "linux", "os_features": "", "os_version": null, "size": 350118406, "status": "active", "last_pulled": "2024-01-19T21:20:04.626653Z", "last_pushed": "2023-05-23T11:25:03.161993Z"}, {"architecture": "arm64", "features": "", "variant": "v8", "digest": "sha256:f8205b55aeb1e15a80f7b7a22bf68075491d1777bf324dccc0c6ee332332e715", "os": "linux", "os_features": "", "os_version": null, "size": 88956562, "status": "active", "last_pulled": "2024-01-11T23:35:33.15987Z", "last_pushed": "2023-12-19T14:08:14.187326Z"}, {"architecture": "386", "features": "", "variant": null, "digest": "sha256:1af706890f554e16de4457aaadfe251a0881fceffd394a6a5cfc594e0b2e32b1", "os": "linux", "os_features": "", "os_version": null, "size": 365088448, "status": "active", "last_pulled": "2024-01-12T00:03:58.941733Z", "last_pushed": "2023-05-24T02:45:38.140368Z"}, {"architecture": "ppc64le", "features": "", "variant": null, "digest": "sha256:c651c91fdc32bff2fcb340e3ea5a4efb9a9a784fb28a8ffb42ab452f8b055f06", "os": "linux", "os_features": "", "os_version": null, "size": 363515058, "status": "active", "last_pulled": "2024-01-12T00:05:44.458864Z", "last_pushed": "2023-05-23T19:43:48.812741Z"}, {"architecture": "s390x", "features": "", "variant": null, "digest": "sha256:9f8338cdafe1010fb978f2bb1bccf7cfa6035e4c9cb0c9084bd9e307d2b7791d", "os": "linux", "os_features": "", "os_version": null, "size": 353943242, "status": "active", "last_pulled": "2024-01-12T00:05:47.259038Z", "last_pushed": "2023-05-23T07:45:21.606532Z"}], "last_updated": "2023-12-19T18:39:22.433613Z", "last_updater": 1156886, "last_updater_username": "doijanky", "name": "8.2.0-bullseye", "repository": 17636316, "full_size": 90817678, "v2": true, "tag_status": "active", "tag_last_pulled": "2024-01-20T05:45:55.708808Z", "tag_last_pushed": "2023-12-19T18:39:22.433613Z", "media_type": "application/vnd.docker.distribution.manifest.list.v2+json", "content_type": "image", "digest": "sha256:a97ba2bef36b31d74586400cb75020d04f874bb78955d5e082c591238b45e172"}, {"creator": 1156886, "id": 332774684, "images": [{"architecture": "amd64", "features": "", "variant": null, "digest": "sha256:7b49758393751f74e1098a1fb723237519a828d3b4a8103acc6414cd711f68fb", "os": "linux", "os_features": "", "os_version": null, "size": 90817678, "status": "active", "last_pulled": "2024-01-19T20:30:27.270047Z", "last_pushed": "2023-12-19T18:38:37.472234Z"}, {"architecture": "arm", "features": "", "variant": "v5", "digest": "sha256:1b6c034c92c4410286bbe6984a558abeb749173f63a05c4f726f31f72224deb0", "os": "linux", "os_features": "", "os_version": null, "size": 355333286, "status": "active", "last_pulled": "2024-01-19T21:20:04.623342Z", "last_pushed": "2023-05-23T14:17:24.51147Z"}, {"architecture": "arm", "features": "", "variant": "v7", "digest": "sha256:011efe44839fb660c982fc18393018be58964e5d695df1ab75c2c18622830af3", "os": "linux", "os_features": "", "os_version": null, "size": 350118406, "status": "active", "last_pulled": "2024-01-19T21:20:04.626653Z", "last_pushed": "2023-05-23T11:25:03.161993Z"}, {"architecture": "arm64", "features": "", "variant": "v8", "digest": "sha256:f8205b55aeb1e15a80f7b7a22bf68075491d1777bf324dccc0c6ee332332e715", "os": "linux", "os_features": "", "os_version": null, "size": 88956562, "status": "active", "last_pulled": "2024-01-11T23:35:33.15987Z", "last_pushed": "2023-12-19T14:08:14.187326Z"}, {"architecture": "386", "features": "", "variant": null, "digest": "sha256:1af706890f554e16de4457aaadfe251a0881fceffd394a6a5cfc594e0b2e32b1", "os": "linux", "os_features": "", "os_version": null, "size": 365088448, "status": "active", "last_pulled": "2024-01-12T00:03:58.941733Z", "last_pushed": "2023-05-24T02:45:38.140368Z"}, {"architecture": "ppc64le", "features": "", "variant": null, "digest": "sha256:c651c91fdc32bff2fcb340e3ea5a4efb9a9a784fb28a8ffb42ab452f8b055f06", "os": "linux", "os_features": "", "os_version": null, "size": 363515058, "status": "active", "last_pulled": "2024-01-12T00:05:44.458864Z", "last_pushed": "2023-05-23T19:43:48.812741Z"}, {"architecture": "s390x", "features": "", "variant": null, "digest": "sha256:9f8338cdafe1010fb978f2bb1bccf7cfa6035e4c9cb0c9084bd9e307d2b7791d", "os": "linux", "os_features": "", "os_version": null, "size": 353943242, "status": "active", "last_pulled": "2024-01-12T00:05:47.259038Z", "last_pushed": "2023-05-23T07:45:21.606532Z"}], "last_updated": "2023-12-19T18:39:13.673514Z", "last_updater": 1156886, "last_updater_username": "doijanky", "name": "8.2.0", "repository": 17636316, "full_size": 90817678, "v2": true, "tag_status": "active", "tag_last_pulled": "2024-01-20T05:45:55.708808Z", "tag_last_pushed": "2023-12-19T18:39:13.673514Z", "media_type": "application/vnd.docker.distribution.manifest.list.v2+json", "content_type": "image", "digest": "sha256:a97ba2bef36b31d74586400cb75020d04f874bb78955d5e082c591238b45e172"}, {"creator": 1156886, "id": 332774637, "images": [{"architecture": "amd64", "features": "", "variant": null, "digest": "sha256:7b49758393751f74e1098a1fb723237519a828d3b4a8103acc6414cd711f68fb", "os": "linux", "os_features": "", "os_version": null, "size": 90817678, "status": "active", "last_pulled": "2024-01-19T20:30:27.270047Z", "last_pushed": "2023-12-19T18:38:37.472234Z"}, {"architecture": "arm", "features": "", "variant": "v5", "digest": "sha256:1b6c034c92c4410286bbe6984a558abeb749173f63a05c4f726f31f72224deb0", "os": "linux", "os_features": "", "os_version": null, "size": 355333286, "status": "active", "last_pulled": "2024-01-19T21:20:04.623342Z", "last_pushed": "2023-05-23T14:17:24.51147Z"}, {"architecture": "arm", "features": "", "variant": "v7", "digest": "sha256:011efe44839fb660c982fc18393018be58964e5d695df1ab75c2c18622830af3", "os": "linux", "os_features": "", "os_version": null, "size": 350118406, "status": "active", "last_pulled": "2024-01-19T21:20:04.626653Z", "last_pushed": "2023-05-23T11:25:03.161993Z"}, {"architecture": "arm64", "features": "", "variant": "v8", "digest": "sha256:f8205b55aeb1e15a80f7b7a22bf68075491d1777bf324dccc0c6ee332332e715", "os": "linux", "os_features": "", "os_version": null, "size": 88956562, "status": "active", "last_pulled": "2024-01-11T23:35:33.15987Z", "last_pushed": "2023-12-19T14:08:14.187326Z"}, {"architecture": "386", "features": "", "variant": null, "digest": "sha256:1af706890f554e16de4457aaadfe251a0881fceffd394a6a5cfc594e0b2e32b1", "os": "linux", "os_features": "", "os_version": null, "size": 365088448, "status": "active", "last_pulled": "2024-01-12T00:03:58.941733Z", "last_pushed": "2023-05-24T02:45:38.140368Z"}, {"architecture": "ppc64le", "features": "", "variant": null, "digest": "sha256:c651c91fdc32bff2fcb340e3ea5a4efb9a9a784fb28a8ffb42ab452f8b055f06", "os": "linux", "os_features": "", "os_version": null, "size": 363515058, "status": "active", "last_pulled": "2024-01-12T00:05:44.458864Z", "last_pushed": "2023-05-23T19:43:48.812741Z"}, {"architecture": "s390x", "features": "", "variant": null, "digest": "sha256:9f8338cdafe1010fb978f2bb1bccf7cfa6035e4c9cb0c9084bd9e307d2b7791d", "os": "linux", "os_features": "", "os_version": null, "size": 353943242, "status": "active", "last_pulled": "2024-01-12T00:05:47.259038Z", "last_pushed": "2023-05-23T07:45:21.606532Z"}], "last_updated": "2023-12-19T18:39:08.582621Z", "last_updater": 1156886, "last_updater_username": "doijanky", "name": "8.2-bullseye", "repository": 17636316, "full_size": 90817678, "v2": true, "tag_status": "active", "tag_last_pulled": "2024-01-20T05:45:55.708808Z", "tag_last_pushed": "2023-12-19T18:39:08.582621Z", "media_type": "application/vnd.docker.distribution.manifest.list.v2+json", "content_type": "image", "digest": "sha256:a97ba2bef36b31d74586400cb75020d04f874bb78955d5e082c591238b45e172"}, {"creator": 1156886, "id": 332774525, "images": [{"architecture": "amd64", "features": "", "variant": null, "digest": "sha256:7b49758393751f74e1098a1fb723237519a828d3b4a8103acc6414cd711f68fb", "os": "linux", "os_features": "", "os_version": null, "size": 90817678, "status": "active", "last_pulled": "2024-01-19T20:30:27.270047Z", "last_pushed": "2023-12-19T18:38:37.472234Z"}, {"architecture": "arm", "features": "", "variant": "v5", "digest": "sha256:1b6c034c92c4410286bbe6984a558abeb749173f63a05c4f726f31f72224deb0", "os": "linux", "os_features": "", "os_version": null, "size": 355333286, "status": "active", "last_pulled": "2024-01-19T21:20:04.623342Z", "last_pushed": "2023-05-23T14:17:24.51147Z"}, {"architecture": "arm", "features": "", "variant": "v7", "digest": "sha256:011efe44839fb660c982fc18393018be58964e5d695df1ab75c2c18622830af3", "os": "linux", "os_features": "", "os_version": null, "size": 350118406, "status": "active", "last_pulled": "2024-01-19T21:20:04.626653Z", "last_pushed": "2023-05-23T11:25:03.161993Z"}, {"architecture": "arm64", "features": "", "variant": "v8", "digest": "sha256:f8205b55aeb1e15a80f7b7a22bf68075491d1777bf324dccc0c6ee332332e715", "os": "linux", "os_features": "", "os_version": null, "size": 88956562, "status": "active", "last_pulled": "2024-01-11T23:35:33.15987Z", "last_pushed": "2023-12-19T14:08:14.187326Z"}, {"architecture": "386", "features": "", "variant": null, "digest": "sha256:1af706890f554e16de4457aaadfe251a0881fceffd394a6a5cfc594e0b2e32b1", "os": "linux", "os_features": "", "os_version": null, "size": 365088448, "status": "active", "last_pulled": "2024-01-12T00:03:58.941733Z", "last_pushed": "2023-05-24T02:45:38.140368Z"}, {"architecture": "ppc64le", "features": "", "variant": null, "digest": "sha256:c651c91fdc32bff2fcb340e3ea5a4efb9a9a784fb28a8ffb42ab452f8b055f06", "os": "linux", "os_features": "", "os_version": null, "size": 363515058, "status": "active", "last_pulled": "2024-01-12T00:05:44.458864Z", "last_pushed": "2023-05-23T19:43:48.812741Z"}, {"architecture": "s390x", "features": "", "variant": null, "digest": "sha256:9f8338cdafe1010fb978f2bb1bccf7cfa6035e4c9cb0c9084bd9e307d2b7791d", "os": "linux", "os_features": "", "os_version": null, "size": 353943242, "status": "active", "last_pulled": "2024-01-12T00:05:47.259038Z", "last_pushed": "2023-05-23T07:45:21.606532Z"}], "last_updated": "2023-12-19T18:38:57.628673Z", "last_updater": 1156886, "last_updater_username": "doijanky", "name": "8.2", "repository": 17636316, "full_size": 90817678, "v2": true, "tag_status": "active", "tag_last_pulled": "2024-01-20T05:45:55.708808Z", "tag_last_pushed": "2023-12-19T18:38:57.628673Z", "media_type": "application/vnd.docker.distribution.manifest.list.v2+json", "content_type": "image", "digest": "sha256:a97ba2bef36b31d74586400cb75020d04f874bb78955d5e082c591238b45e172"}, {"creator": 1156886, "id": 257334087, "images": [{"architecture": "amd64", "features": "", "variant": null, "digest": "sha256:7b49758393751f74e1098a1fb723237519a828d3b4a8103acc6414cd711f68fb", "os": "linux", "os_features": "", "os_version": null, "size": 90817678, "status": "active", "last_pulled": "2024-01-19T20:30:27.270047Z", "last_pushed": "2023-12-19T18:38:37.472234Z"}, {"architecture": "arm", "features": "", "variant": "v5", "digest": "sha256:1b6c034c92c4410286bbe6984a558abeb749173f63a05c4f726f31f72224deb0", "os": "linux", "os_features": "", "os_version": null, "size": 355333286, "status": "active", "last_pulled": "2024-01-19T21:20:04.623342Z", "last_pushed": "2023-05-23T14:17:24.51147Z"}, {"architecture": "arm", "features": "", "variant": "v7", "digest": "sha256:011efe44839fb660c982fc18393018be58964e5d695df1ab75c2c18622830af3", "os": "linux", "os_features": "", "os_version": null, "size": 350118406, "status": "active", "last_pulled": "2024-01-19T21:20:04.626653Z", "last_pushed": "2023-05-23T11:25:03.161993Z"}, {"architecture": "arm64", "features": "", "variant": "v8", "digest": "sha256:f8205b55aeb1e15a80f7b7a22bf68075491d1777bf324dccc0c6ee332332e715", "os": "linux", "os_features": "", "os_version": null, "size": 88956562, "status": "active", "last_pulled": "2024-01-11T23:35:33.15987Z", "last_pushed": "2023-12-19T14:08:14.187326Z"}, {"architecture": "386", "features": "", "variant": null, "digest": "sha256:1af706890f554e16de4457aaadfe251a0881fceffd394a6a5cfc594e0b2e32b1", "os": "linux", "os_features": "", "os_version": null, "size": 365088448, "status": "active", "last_pulled": "2024-01-12T00:03:58.941733Z", "last_pushed": "2023-05-24T02:45:38.140368Z"}, {"architecture": "ppc64le", "features": "", "variant": null, "digest": "sha256:c651c91fdc32bff2fcb340e3ea5a4efb9a9a784fb28a8ffb42ab452f8b055f06", "os": "linux", "os_features": "", "os_version": null, "size": 363515058, "status": "active", "last_pulled": "2024-01-12T00:05:44.458864Z", "last_pushed": "2023-05-23T19:43:48.812741Z"}, {"architecture": "s390x", "features": "", "variant": null, "digest": "sha256:9f8338cdafe1010fb978f2bb1bccf7cfa6035e4c9cb0c9084bd9e307d2b7791d", "os": "linux", "os_features": "", "os_version": null, "size": 353943242, "status": "active", "last_pulled": "2024-01-12T00:05:47.259038Z", "last_pushed": "2023-05-23T07:45:21.606532Z"}], "last_updated": "2023-12-19T18:38:51.60058Z", "last_updater": 1156886, "last_updater_username": "doijanky", "name": "8-bullseye", "repository": 17636316, "full_size": 90817678, "v2": true, "tag_status": "active", "tag_last_pulled": "2024-01-20T05:45:55.708808Z", "tag_last_pushed": "2023-12-19T18:38:51.60058Z", "media_type": "application/vnd.docker.distribution.manifest.list.v2+json", "content_type": "image", "digest": "sha256:a97ba2bef36b31d74586400cb75020d04f874bb78955d5e082c591238b45e172"}, {"creator": 1156886, "id": 257334557, "images": [{"architecture": "amd64", "features": "", "variant": null, "digest": "sha256:16b4b1e83468574b327f735e932a607d88e6ad76a4ed89325854ef92a397f81b", "os": "linux", "os_features": "", "os_version": null, "size": 47359031, "status": "active", "last_pulled": "2024-01-16T16:44:28.637869Z", "last_pushed": "2023-05-04T07:13:39.545104Z"}, {"architecture": "arm", "features": "", "variant": "v6", "digest": "sha256:6eb26239e3f9b4f3d182f3a818f91a427134bee51751e0f46a6d7de705c33a28", "os": "linux", "os_features": "", "os_version": null, "size": 262100685, "status": "active", "last_pulled": "2024-01-20T07:45:35.151527Z", "last_pushed": "2023-05-03T02:05:31.652683Z"}, {"architecture": "arm", "features": "", "variant": "v7", "digest": "sha256:5ff28fe197e721bbe22db68f02f238ffdd68b477d327b0db9987c2066f6a2b08", "os": "linux", "os_features": "", "os_version": null, "size": 262400425, "status": "active", "last_pulled": "2024-01-12T00:05:47.794544Z", "last_pushed": "2023-05-04T07:06:01.072429Z"}, {"architecture": "arm64", "features": "", "variant": "v8", "digest": "sha256:edf972e5ec91d566710fb24b3f9b6cd2364e2c0846f0c1246c702f5885adf975", "os": "linux", "os_features": "", "os_version": null, "size": 45877620, "status": "active", "last_pulled": "2024-01-11T23:36:04.279311Z", "last_pushed": "2023-05-04T03:18:28.17135Z"}, {"architecture": "386", "features": "", "variant": null, "digest": "sha256:67a929f3092546db8d96eb238b45380d73abf166c2d14f07bc75e4693d07cb3e", "os": "linux", "os_features": "", "os_version": null, "size": 263879187, "status": "active", "last_pulled": "2024-01-12T00:03:58.492937Z", "last_pushed": "2023-05-04T02:49:48.593534Z"}, {"architecture": "ppc64le", "features": "", "variant": null, "digest": "sha256:bc763ed5c156fbcf18bef3b5a307f501c7f40070c9787a0068442a45dedc40d9", "os": "linux", "os_features": "", "os_version": null, "size": 265407852, "status": "active", "last_pulled": "2024-01-12T00:05:47.056634Z", "last_pushed": "2023-05-04T14:14:30.414868Z"}], "last_updated": "2023-05-04T14:15:28.257147Z", "last_updater": 1156886, "last_updater_username": "doijanky", "name": "alpine3.16", "repository": 17636316, "full_size": 47359031, "v2": true, "tag_status": "active", "tag_last_pulled": "2024-01-20T07:45:35.151527Z", "tag_last_pushed": "2023-05-04T14:15:28.257147Z", "media_type": "application/vnd.docker.distribution.manifest.list.v2+json", "content_type": "image", "digest": "sha256:9e093dcf8acf8edd923f009d86d6bfdacd45a03e7060c0feca76811a0ab43c38"}, {"creator": 1156886, "id": 332774753, "images": [{"architecture": "amd64", "features": "", "variant": null, "digest": "sha256:16b4b1e83468574b327f735e932a607d88e6ad76a4ed89325854ef92a397f81b", "os": "linux", "os_features": "", "os_version": null, "size": 47359031, "status": "active", "last_pulled": "2024-01-16T16:44:28.637869Z", "last_pushed": "2023-05-04T07:13:39.545104Z"}, {"architecture": "arm", "features": "", "variant": "v6", "digest": "sha256:6eb26239e3f9b4f3d182f3a818f91a427134bee51751e0f46a6d7de705c33a28", "os": "linux", "os_features": "", "os_version": null, "size": 262100685, "status": "active", "last_pulled": "2024-01-20T07:45:35.151527Z", "last_pushed": "2023-05-03T02:05:31.652683Z"}, {"architecture": "arm", "features": "", "variant": "v7", "digest": "sha256:5ff28fe197e721bbe22db68f02f238ffdd68b477d327b0db9987c2066f6a2b08", "os": "linux", "os_features": "", "os_version": null, "size": 262400425, "status": "active", "last_pulled": "2024-01-12T00:05:47.794544Z", "last_pushed": "2023-05-04T07:06:01.072429Z"}, {"architecture": "arm64", "features": "", "variant": "v8", "digest": "sha256:edf972e5ec91d566710fb24b3f9b6cd2364e2c0846f0c1246c702f5885adf975", "os": "linux", "os_features": "", "os_version": null, "size": 45877620, "status": "active", "last_pulled": "2024-01-11T23:36:04.279311Z", "last_pushed": "2023-05-04T03:18:28.17135Z"}, {"architecture": "386", "features": "", "variant": null, "digest": "sha256:67a929f3092546db8d96eb238b45380d73abf166c2d14f07bc75e4693d07cb3e", "os": "linux", "os_features": "", "os_version": null, "size": 263879187, "status": "active", "last_pulled": "2024-01-12T00:03:58.492937Z", "last_pushed": "2023-05-04T02:49:48.593534Z"}, {"architecture": "ppc64le", "features": "", "variant": null, "digest": "sha256:bc763ed5c156fbcf18bef3b5a307f501c7f40070c9787a0068442a45dedc40d9", "os": "linux", "os_features": "", "os_version": null, "size": 265407852, "status": "active", "last_pulled": "2024-01-12T00:05:47.056634Z", "last_pushed": "2023-05-04T14:14:30.414868Z"}], "last_updated": "2023-05-04T14:15:14.80548Z", "last_updater": 1156886, "last_updater_username": "doijanky", "name": "8.2.0-alpine3.16", "repository": 17636316, "full_size": 47359031, "v2": true, "tag_status": "active", "tag_last_pulled": "2024-01-20T07:45:35.151527Z", "tag_last_pushed": "2023-05-04T14:15:14.80548Z", "media_type": "application/vnd.docker.distribution.manifest.list.v2+json", "content_type": "image", "digest": "sha256:9e093dcf8acf8edd923f009d86d6bfdacd45a03e7060c0feca76811a0ab43c38"}, {"creator": 1156886, "id": 332774721, "images": [{"architecture": "amd64", "features": "", "variant": null, "digest": "sha256:16b4b1e83468574b327f735e932a607d88e6ad76a4ed89325854ef92a397f81b", "os": "linux", "os_features": "", "os_version": null, "size": 47359031, "status": "active", "last_pulled": "2024-01-16T16:44:28.637869Z", "last_pushed": "2023-05-04T07:13:39.545104Z"}, {"architecture": "arm", "features": "", "variant": "v6", "digest": "sha256:6eb26239e3f9b4f3d182f3a818f91a427134bee51751e0f46a6d7de705c33a28", "os": "linux", "os_features": "", "os_version": null, "size": 262100685, "status": "active", "last_pulled": "2024-01-20T07:45:35.151527Z", "last_pushed": "2023-05-03T02:05:31.652683Z"}, {"architecture": "arm", "features": "", "variant": "v7", "digest": "sha256:5ff28fe197e721bbe22db68f02f238ffdd68b477d327b0db9987c2066f6a2b08", "os": "linux", "os_features": "", "os_version": null, "size": 262400425, "status": "active", "last_pulled": "2024-01-12T00:05:47.794544Z", "last_pushed": "2023-05-04T07:06:01.072429Z"}, {"architecture": "arm64", "features": "", "variant": "v8", "digest": "sha256:edf972e5ec91d566710fb24b3f9b6cd2364e2c0846f0c1246c702f5885adf975", "os": "linux", "os_features": "", "os_version": null, "size": 45877620, "status": "active", "last_pulled": "2024-01-11T23:36:04.279311Z", "last_pushed": "2023-05-04T03:18:28.17135Z"}, {"architecture": "386", "features": "", "variant": null, "digest": "sha256:67a929f3092546db8d96eb238b45380d73abf166c2d14f07bc75e4693d07cb3e", "os": "linux", "os_features": "", "os_version": null, "size": 263879187, "status": "active", "last_pulled": "2024-01-12T00:03:58.492937Z", "last_pushed": "2023-05-04T02:49:48.593534Z"}, {"architecture": "ppc64le", "features": "", "variant": null, "digest": "sha256:bc763ed5c156fbcf18bef3b5a307f501c7f40070c9787a0068442a45dedc40d9", "os": "linux", "os_features": "", "os_version": null, "size": 265407852, "status": "active", "last_pulled": "2024-01-12T00:05:47.056634Z", "last_pushed": "2023-05-04T14:14:30.414868Z"}], "last_updated": "2023-05-04T14:15:10.862229Z", "last_updater": 1156886, "last_updater_username": "doijanky", "name": "8.2.0-alpine", "repository": 17636316, "full_size": 47359031, "v2": true, "tag_status": "active", "tag_last_pulled": "2024-01-20T07:45:35.151527Z", "tag_last_pushed": "2023-05-04T14:15:10.862229Z", "media_type": "application/vnd.docker.distribution.manifest.list.v2+json", "content_type": "image", "digest": "sha256:9e093dcf8acf8edd923f009d86d6bfdacd45a03e7060c0feca76811a0ab43c38"}, {"creator": 1156886, "id": 332774594, "images": [{"architecture": "amd64", "features": "", "variant": null, "digest": "sha256:16b4b1e83468574b327f735e932a607d88e6ad76a4ed89325854ef92a397f81b", "os": "linux", "os_features": "", "os_version": null, "size": 47359031, "status": "active", "last_pulled": "2024-01-16T16:44:28.637869Z", "last_pushed": "2023-05-04T07:13:39.545104Z"}, {"architecture": "arm", "features": "", "variant": "v6", "digest": "sha256:6eb26239e3f9b4f3d182f3a818f91a427134bee51751e0f46a6d7de705c33a28", "os": "linux", "os_features": "", "os_version": null, "size": 262100685, "status": "active", "last_pulled": "2024-01-20T07:45:35.151527Z", "last_pushed": "2023-05-03T02:05:31.652683Z"}, {"architecture": "arm", "features": "", "variant": "v7", "digest": "sha256:5ff28fe197e721bbe22db68f02f238ffdd68b477d327b0db9987c2066f6a2b08", "os": "linux", "os_features": "", "os_version": null, "size": 262400425, "status": "active", "last_pulled": "2024-01-12T00:05:47.794544Z", "last_pushed": "2023-05-04T07:06:01.072429Z"}, {"architecture": "arm64", "features": "", "variant": "v8", "digest": "sha256:edf972e5ec91d566710fb24b3f9b6cd2364e2c0846f0c1246c702f5885adf975", "os": "linux", "os_features": "", "os_version": null, "size": 45877620, "status": "active", "last_pulled": "2024-01-11T23:36:04.279311Z", "last_pushed": "2023-05-04T03:18:28.17135Z"}, {"architecture": "386", "features": "", "variant": null, "digest": "sha256:67a929f3092546db8d96eb238b45380d73abf166c2d14f07bc75e4693d07cb3e", "os": "linux", "os_features": "", "os_version": null, "size": 263879187, "status": "active", "last_pulled": "2024-01-12T00:03:58.492937Z", "last_pushed": "2023-05-04T02:49:48.593534Z"}, {"architecture": "ppc64le", "features": "", "variant": null, "digest": "sha256:bc763ed5c156fbcf18bef3b5a307f501c7f40070c9787a0068442a45dedc40d9", "os": "linux", "os_features": "", "os_version": null, "size": 265407852, "status": "active", "last_pulled": "2024-01-12T00:05:47.056634Z", "last_pushed": "2023-05-04T14:14:30.414868Z"}], "last_updated": "2023-05-04T14:14:55.848688Z", "last_updater": 1156886, "last_updater_username": "doijanky", "name": "8.2-alpine3.16", "repository": 17636316, "full_size": 47359031, "v2": true, "tag_status": "active", "tag_last_pulled": "2024-01-20T07:45:35.151527Z", "tag_last_pushed": "2023-05-04T14:14:55.848688Z", "media_type": "application/vnd.docker.distribution.manifest.list.v2+json", "content_type": "image", "digest": "sha256:9e093dcf8acf8edd923f009d86d6bfdacd45a03e7060c0feca76811a0ab43c38"}, {"creator": 1156886, "id": 332774557, "images": [{"architecture": "amd64", "features": "", "variant": null, "digest": "sha256:16b4b1e83468574b327f735e932a607d88e6ad76a4ed89325854ef92a397f81b", "os": "linux", "os_features": "", "os_version": null, "size": 47359031, "status": "active", "last_pulled": "2024-01-16T16:44:28.637869Z", "last_pushed": "2023-05-04T07:13:39.545104Z"}, {"architecture": "arm", "features": "", "variant": "v6", "digest": "sha256:6eb26239e3f9b4f3d182f3a818f91a427134bee51751e0f46a6d7de705c33a28", "os": "linux", "os_features": "", "os_version": null, "size": 262100685, "status": "active", "last_pulled": "2024-01-20T07:45:35.151527Z", "last_pushed": "2023-05-03T02:05:31.652683Z"}, {"architecture": "arm", "features": "", "variant": "v7", "digest": "sha256:5ff28fe197e721bbe22db68f02f238ffdd68b477d327b0db9987c2066f6a2b08", "os": "linux", "os_features": "", "os_version": null, "size": 262400425, "status": "active", "last_pulled": "2024-01-12T00:05:47.794544Z", "last_pushed": "2023-05-04T07:06:01.072429Z"}, {"architecture": "arm64", "features": "", "variant": "v8", "digest": "sha256:edf972e5ec91d566710fb24b3f9b6cd2364e2c0846f0c1246c702f5885adf975", "os": "linux", "os_features": "", "os_version": null, "size": 45877620, "status": "active", "last_pulled": "2024-01-11T23:36:04.279311Z", "last_pushed": "2023-05-04T03:18:28.17135Z"}, {"architecture": "386", "features": "", "variant": null, "digest": "sha256:67a929f3092546db8d96eb238b45380d73abf166c2d14f07bc75e4693d07cb3e", "os": "linux", "os_features": "", "os_version": null, "size": 263879187, "status": "active", "last_pulled": "2024-01-12T00:03:58.492937Z", "last_pushed": "2023-05-04T02:49:48.593534Z"}, {"architecture": "ppc64le", "features": "", "variant": null, "digest": "sha256:bc763ed5c156fbcf18bef3b5a307f501c7f40070c9787a0068442a45dedc40d9", "os": "linux", "os_features": "", "os_version": null, "size": 265407852, "status": "active", "last_pulled": "2024-01-12T00:05:47.056634Z", "last_pushed": "2023-05-04T14:14:30.414868Z"}], "last_updated": "2023-05-04T14:14:51.97034Z", "last_updater": 1156886, "last_updater_username": "doijanky", "name": "8.2-alpine", "repository": 17636316, "full_size": 47359031, "v2": true, "tag_status": "active", "tag_last_pulled": "2024-01-20T07:45:35.151527Z", "tag_last_pushed": "2023-05-04T14:14:51.97034Z", "media_type": "application/vnd.docker.distribution.manifest.list.v2+json", "content_type": "image", "digest": "sha256:9e093dcf8acf8edd923f009d86d6bfdacd45a03e7060c0feca76811a0ab43c38"}, {"creator": 1156886, "id": 257334021, "images": [{"architecture": "amd64", "features": "", "variant": null, "digest": "sha256:16b4b1e83468574b327f735e932a607d88e6ad76a4ed89325854ef92a397f81b", "os": "linux", "os_features": "", "os_version": null, "size": 47359031, "status": "active", "last_pulled": "2024-01-16T16:44:28.637869Z", "last_pushed": "2023-05-04T07:13:39.545104Z"}, {"architecture": "arm", "features": "", "variant": "v6", "digest": "sha256:6eb26239e3f9b4f3d182f3a818f91a427134bee51751e0f46a6d7de705c33a28", "os": "linux", "os_features": "", "os_version": null, "size": 262100685, "status": "active", "last_pulled": "2024-01-20T07:45:35.151527Z", "last_pushed": "2023-05-03T02:05:31.652683Z"}, {"architecture": "arm", "features": "", "variant": "v7", "digest": "sha256:5ff28fe197e721bbe22db68f02f238ffdd68b477d327b0db9987c2066f6a2b08", "os": "linux", "os_features": "", "os_version": null, "size": 262400425, "status": "active", "last_pulled": "2024-01-12T00:05:47.794544Z", "last_pushed": "2023-05-04T07:06:01.072429Z"}, {"architecture": "arm64", "features": "", "variant": "v8", "digest": "sha256:edf972e5ec91d566710fb24b3f9b6cd2364e2c0846f0c1246c702f5885adf975", "os": "linux", "os_features": "", "os_version": null, "size": 45877620, "status": "active", "last_pulled": "2024-01-11T23:36:04.279311Z", "last_pushed": "2023-05-04T03:18:28.17135Z"}, {"architecture": "386", "features": "", "variant": null, "digest": "sha256:67a929f3092546db8d96eb238b45380d73abf166c2d14f07bc75e4693d07cb3e", "os": "linux", "os_features": "", "os_version": null, "size": 263879187, "status": "active", "last_pulled": "2024-01-12T00:03:58.492937Z", "last_pushed": "2023-05-04T02:49:48.593534Z"}, {"architecture": "ppc64le", "features": "", "variant": null, "digest": "sha256:bc763ed5c156fbcf18bef3b5a307f501c7f40070c9787a0068442a45dedc40d9", "os": "linux", "os_features": "", "os_version": null, "size": 265407852, "status": "active", "last_pulled": "2024-01-12T00:05:47.056634Z", "last_pushed": "2023-05-04T14:14:30.414868Z"}], "last_updated": "2023-05-04T14:14:37.799034Z", "last_updater": 1156886, "last_updater_username": "doijanky", "name": "8-alpine3.16", "repository": 17636316, "full_size": 47359031, "v2": true, "tag_status": "active", "tag_last_pulled": "2024-01-20T07:45:35.151527Z", "tag_last_pushed": "2023-05-04T14:14:37.799034Z", "media_type": "application/vnd.docker.distribution.manifest.list.v2+json", "content_type": "image", "digest": "sha256:9e093dcf8acf8edd923f009d86d6bfdacd45a03e7060c0feca76811a0ab43c38"}, {"creator": 1156886, "id": 257334472, "images": [{"architecture": "amd64", "features": "", "variant": null, "digest": "sha256:e6999941846fc6d7d7f7dcc18983157c8fcbfabc44832c2bb6538589624b2825", "os": "linux", "os_features": "", "os_version": null, "size": 82846862, "status": "active", "last_pulled": "2024-01-20T07:48:36.232414Z", "last_pushed": "2022-11-16T07:41:11.373283Z"}, {"architecture": "arm", "features": "", "variant": "v5", "digest": "sha256:258a02773855d14342b7af18d2dead9d75221bca6f032bc5fd31821fa17ee4a8", "os": "linux", "os_features": "", "os_version": null, "size": 355435797, "status": "active", "last_pulled": "2024-01-12T00:05:44.43425Z", "last_pushed": "2022-11-16T01:21:30.569899Z"}, {"architecture": "arm", "features": "", "variant": "v7", "digest": "sha256:c3450c0ff4865ec86e1e3033bcb239c0c8c1269596ad7c7b5306392a6a214150", "os": "linux", "os_features": "", "os_version": null, "size": 353347442, "status": "active", "last_pulled": "2024-01-12T00:03:58.437697Z", "last_pushed": "2022-11-16T12:56:28.507494Z"}, {"architecture": "arm64", "features": "", "variant": "v8", "digest": "sha256:90b4fe40562d9d665498e383a80327badc378ffc4c9c2208740847f73d073200", "os": "linux", "os_features": "", "os_version": null, "size": 80643573, "status": "active", "last_pulled": "2024-01-11T23:36:38.745222Z", "last_pushed": "2022-11-16T02:12:20.458962Z"}, {"architecture": "386", "features": "", "variant": null, "digest": "sha256:f7a58f11bb9d531ba6e3e0eb16b89785303d05219e9a0130412f5250b5c851f0", "os": "linux", "os_features": "", "os_version": null, "size": 361301323, "status": "active", "last_pulled": "2024-01-12T00:05:47.274112Z", "last_pushed": "2022-11-16T03:06:47.109409Z"}, {"architecture": "mips64le", "features": "", "variant": null, "digest": "sha256:7869114653c49b63541c0e430b330627147440822937087bba1344a692d88ebc", "os": "linux", "os_features": "", "os_version": null, "size": 253413661, "status": "active", "last_pulled": "2024-01-12T00:05:46.627457Z", "last_pushed": "2022-10-06T13:11:27.072568Z"}, {"architecture": "ppc64le", "features": "", "variant": null, "digest": "sha256:d7abb4794fd1963bb7ead05e1b981d4d702de2057bab989ac6f249176dfd4821", "os": "linux", "os_features": "", "os_version": null, "size": 364398507, "status": "active", "last_pulled": "2024-01-12T00:05:47.074993Z", "last_pushed": "2022-11-16T10:06:55.639445Z"}, {"architecture": "s390x", "features": "", "variant": null, "digest": "sha256:8b1d1c1976b9bc16cb690836af6c73e2ae2a7ad9e4e57b114ef70aa403526b46", "os": "linux", "os_features": "", "os_version": null, "size": 356399067, "status": "active", "last_pulled": "2024-01-12T00:05:46.632521Z", "last_pushed": "2022-11-16T03:06:48.738211Z"}], "last_updated": "2022-11-16T12:57:43.845909Z", "last_updater": 1156886, "last_updater_username": "doijanky", "name": "8.1.1-bullseye", "repository": 17636316, "full_size": 82846862, "v2": true, "tag_status": "active", "tag_last_pulled": "2024-01-20T07:48:36.232414Z", "tag_last_pushed": "2022-11-16T12:57:43.845909Z", "media_type": "application/vnd.docker.distribution.manifest.list.v2+json", "content_type": "image", "digest": "sha256:8826a8cda687a41e19c7cd89a3b862adc40e7b4885e9536aa6297a5ec59a4555"}, {"creator": 1156886, "id": 257334437, "images": [{"architecture": "amd64", "features": "", "variant": null, "digest": "sha256:095f04c41513a3ee092741c4c7be19fdf23f5ecb05ec0ff9528c838efb651c9b", "os": "linux", "os_features": "", "os_version": null, "size": 42934691, "status": "active", "last_pulled": "2024-01-13T02:41:37.82421Z", "last_pushed": "2022-11-16T07:41:27.773022Z"}, {"architecture": "arm", "features": "", "variant": "v6", "digest": "sha256:eee50fa83f1f2fc6946211247edf4aefe2459e2ea4242c2fb91d4ee7aa9dfb1d", "os": "linux", "os_features": "", "os_version": null, "size": 314662136, "status": "active", "last_pulled": "2024-01-12T00:03:59.032875Z", "last_pushed": "2022-11-16T01:40:07.938045Z"}, {"architecture": "arm", "features": "", "variant": "v7", "digest": "sha256:dd75a05721c80c555efe20f6f3692260de63bd8cbb0c3d7c1e76eb45c9ee9103", "os": "linux", "os_features": "", "os_version": null, "size": 314815591, "status": "active", "last_pulled": "2024-01-12T00:05:44.231166Z", "last_pushed": "2022-11-16T12:56:44.731307Z"}, {"architecture": "arm64", "features": "", "variant": "v8", "digest": "sha256:5d8c0928bb40f414850e492cace3141017a38d34720526a0f2c714371e32281b", "os": "linux", "os_features": "", "os_version": null, "size": 41339129, "status": "active", "last_pulled": "2024-01-11T23:36:32.76233Z", "last_pushed": "2022-11-16T02:12:39.152243Z"}, {"architecture": "386", "features": "", "variant": null, "digest": "sha256:8298113148acb2f548139ee39f43d176c2d793ed6926a86a6a4ea5c963923a3f", "os": "linux", "os_features": "", "os_version": null, "size": 315894137, "status": "active", "last_pulled": "2024-01-12T00:03:58.95918Z", "last_pushed": "2022-11-16T03:07:08.436888Z"}, {"architecture": "ppc64le", "features": "", "variant": null, "digest": "sha256:19d6e4313254af950df055d275d6f1ce92366a8097cee46ca2daacead5a9b39d", "os": "linux", "os_features": "", "os_version": null, "size": 316695669, "status": "active", "last_pulled": "2024-01-12T00:05:45.75526Z", "last_pushed": "2022-11-16T09:36:25.833687Z"}], "last_updated": "2022-11-16T12:57:39.006608Z", "last_updater": 1156886, "last_updater_username": "doijanky", "name": "8.1.1-alpine3.16", "repository": 17636316, "full_size": 42934691, "v2": true, "tag_status": "active", "tag_last_pulled": "2024-01-20T05:50:08.354641Z", "tag_last_pushed": "2022-11-16T12:57:39.006608Z", "media_type": "application/vnd.docker.distribution.manifest.list.v2+json", "content_type": "image", "digest": "sha256:67b7b0993fbce2f24cd22a7840dc4f1e0c8751eadd42961aec0cfe602b1b049b"}, {"creator": 1156886, "id": 257334397, "images": [{"architecture": "amd64", "features": "", "variant": null, "digest": "sha256:095f04c41513a3ee092741c4c7be19fdf23f5ecb05ec0ff9528c838efb651c9b", "os": "linux", "os_features": "", "os_version": null, "size": 42934691, "status": "active", "last_pulled": "2024-01-13T02:41:37.82421Z", "last_pushed": "2022-11-16T07:41:27.773022Z"}, {"architecture": "arm", "features": "", "variant": "v6", "digest": "sha256:eee50fa83f1f2fc6946211247edf4aefe2459e2ea4242c2fb91d4ee7aa9dfb1d", "os": "linux", "os_features": "", "os_version": null, "size": 314662136, "status": "active", "last_pulled": "2024-01-12T00:03:59.032875Z", "last_pushed": "2022-11-16T01:40:07.938045Z"}, {"architecture": "arm", "features": "", "variant": "v7", "digest": "sha256:dd75a05721c80c555efe20f6f3692260de63bd8cbb0c3d7c1e76eb45c9ee9103", "os": "linux", "os_features": "", "os_version": null, "size": 314815591, "status": "active", "last_pulled": "2024-01-12T00:05:44.231166Z", "last_pushed": "2022-11-16T12:56:44.731307Z"}, {"architecture": "arm64", "features": "", "variant": "v8", "digest": "sha256:5d8c0928bb40f414850e492cace3141017a38d34720526a0f2c714371e32281b", "os": "linux", "os_features": "", "os_version": null, "size": 41339129, "status": "active", "last_pulled": "2024-01-11T23:36:32.76233Z", "last_pushed": "2022-11-16T02:12:39.152243Z"}, {"architecture": "386", "features": "", "variant": null, "digest": "sha256:8298113148acb2f548139ee39f43d176c2d793ed6926a86a6a4ea5c963923a3f", "os": "linux", "os_features": "", "os_version": null, "size": 315894137, "status": "active", "last_pulled": "2024-01-12T00:03:58.95918Z", "last_pushed": "2022-11-16T03:07:08.436888Z"}, {"architecture": "ppc64le", "features": "", "variant": null, "digest": "sha256:19d6e4313254af950df055d275d6f1ce92366a8097cee46ca2daacead5a9b39d", "os": "linux", "os_features": "", "os_version": null, "size": 316695669, "status": "active", "last_pulled": "2024-01-12T00:05:45.75526Z", "last_pushed": "2022-11-16T09:36:25.833687Z"}], "last_updated": "2022-11-16T12:57:31.086944Z", "last_updater": 1156886, "last_updater_username": "doijanky", "name": "8.1.1-alpine", "repository": 17636316, "full_size": 42934691, "v2": true, "tag_status": "active", "tag_last_pulled": "2024-01-20T05:50:08.354641Z", "tag_last_pushed": "2022-11-16T12:57:31.086944Z", "media_type": "application/vnd.docker.distribution.manifest.list.v2+json", "content_type": "image", "digest": "sha256:67b7b0993fbce2f24cd22a7840dc4f1e0c8751eadd42961aec0cfe602b1b049b"}, {"creator": 1156886, "id": 257334351, "images": [{"architecture": "amd64", "features": "", "variant": null, "digest": "sha256:e6999941846fc6d7d7f7dcc18983157c8fcbfabc44832c2bb6538589624b2825", "os": "linux", "os_features": "", "os_version": null, "size": 82846862, "status": "active", "last_pulled": "2024-01-20T07:48:36.232414Z", "last_pushed": "2022-11-16T07:41:11.373283Z"}, {"architecture": "arm", "features": "", "variant": "v5", "digest": "sha256:258a02773855d14342b7af18d2dead9d75221bca6f032bc5fd31821fa17ee4a8", "os": "linux", "os_features": "", "os_version": null, "size": 355435797, "status": "active", "last_pulled": "2024-01-12T00:05:44.43425Z", "last_pushed": "2022-11-16T01:21:30.569899Z"}, {"architecture": "arm", "features": "", "variant": "v7", "digest": "sha256:c3450c0ff4865ec86e1e3033bcb239c0c8c1269596ad7c7b5306392a6a214150", "os": "linux", "os_features": "", "os_version": null, "size": 353347442, "status": "active", "last_pulled": "2024-01-12T00:03:58.437697Z", "last_pushed": "2022-11-16T12:56:28.507494Z"}, {"architecture": "arm64", "features": "", "variant": "v8", "digest": "sha256:90b4fe40562d9d665498e383a80327badc378ffc4c9c2208740847f73d073200", "os": "linux", "os_features": "", "os_version": null, "size": 80643573, "status": "active", "last_pulled": "2024-01-11T23:36:38.745222Z", "last_pushed": "2022-11-16T02:12:20.458962Z"}, {"architecture": "386", "features": "", "variant": null, "digest": "sha256:f7a58f11bb9d531ba6e3e0eb16b89785303d05219e9a0130412f5250b5c851f0", "os": "linux", "os_features": "", "os_version": null, "size": 361301323, "status": "active", "last_pulled": "2024-01-12T00:05:47.274112Z", "last_pushed": "2022-11-16T03:06:47.109409Z"}, {"architecture": "mips64le", "features": "", "variant": null, "digest": "sha256:7869114653c49b63541c0e430b330627147440822937087bba1344a692d88ebc", "os": "linux", "os_features": "", "os_version": null, "size": 253413661, "status": "active", "last_pulled": "2024-01-12T00:05:46.627457Z", "last_pushed": "2022-10-06T13:11:27.072568Z"}, {"architecture": "ppc64le", "features": "", "variant": null, "digest": "sha256:d7abb4794fd1963bb7ead05e1b981d4d702de2057bab989ac6f249176dfd4821", "os": "linux", "os_features": "", "os_version": null, "size": 364398507, "status": "active", "last_pulled": "2024-01-12T00:05:47.074993Z", "last_pushed": "2022-11-16T10:06:55.639445Z"}, {"architecture": "s390x", "features": "", "variant": null, "digest": "sha256:8b1d1c1976b9bc16cb690836af6c73e2ae2a7ad9e4e57b114ef70aa403526b46", "os": "linux", "os_features": "", "os_version": null, "size": 356399067, "status": "active", "last_pulled": "2024-01-12T00:05:46.632521Z", "last_pushed": "2022-11-16T03:06:48.738211Z"}], "last_updated": "2022-11-16T12:57:26.445477Z", "last_updater": 1156886, "last_updater_username": "doijanky", "name": "8.1.1", "repository": 17636316, "full_size": 82846862, "v2": true, "tag_status": "active", "tag_last_pulled": "2024-01-20T07:48:36.232414Z", "tag_last_pushed": "2022-11-16T12:57:26.445477Z", "media_type": "application/vnd.docker.distribution.manifest.list.v2+json", "content_type": "image", "digest": "sha256:8826a8cda687a41e19c7cd89a3b862adc40e7b4885e9536aa6297a5ec59a4555"}, {"creator": 1156886, "id": 257334314, "images": [{"architecture": "amd64", "features": "", "variant": null, "digest": "sha256:e6999941846fc6d7d7f7dcc18983157c8fcbfabc44832c2bb6538589624b2825", "os": "linux", "os_features": "", "os_version": null, "size": 82846862, "status": "active", "last_pulled": "2024-01-20T07:48:36.232414Z", "last_pushed": "2022-11-16T07:41:11.373283Z"}, {"architecture": "arm", "features": "", "variant": "v5", "digest": "sha256:258a02773855d14342b7af18d2dead9d75221bca6f032bc5fd31821fa17ee4a8", "os": "linux", "os_features": "", "os_version": null, "size": 355435797, "status": "active", "last_pulled": "2024-01-12T00:05:44.43425Z", "last_pushed": "2022-11-16T01:21:30.569899Z"}, {"architecture": "arm", "features": "", "variant": "v7", "digest": "sha256:c3450c0ff4865ec86e1e3033bcb239c0c8c1269596ad7c7b5306392a6a214150", "os": "linux", "os_features": "", "os_version": null, "size": 353347442, "status": "active", "last_pulled": "2024-01-12T00:03:58.437697Z", "last_pushed": "2022-11-16T12:56:28.507494Z"}, {"architecture": "arm64", "features": "", "variant": "v8", "digest": "sha256:90b4fe40562d9d665498e383a80327badc378ffc4c9c2208740847f73d073200", "os": "linux", "os_features": "", "os_version": null, "size": 80643573, "status": "active", "last_pulled": "2024-01-11T23:36:38.745222Z", "last_pushed": "2022-11-16T02:12:20.458962Z"}, {"architecture": "386", "features": "", "variant": null, "digest": "sha256:f7a58f11bb9d531ba6e3e0eb16b89785303d05219e9a0130412f5250b5c851f0", "os": "linux", "os_features": "", "os_version": null, "size": 361301323, "status": "active", "last_pulled": "2024-01-12T00:05:47.274112Z", "last_pushed": "2022-11-16T03:06:47.109409Z"}, {"architecture": "mips64le", "features": "", "variant": null, "digest": "sha256:7869114653c49b63541c0e430b330627147440822937087bba1344a692d88ebc", "os": "linux", "os_features": "", "os_version": null, "size": 253413661, "status": "active", "last_pulled": "2024-01-12T00:05:46.627457Z", "last_pushed": "2022-10-06T13:11:27.072568Z"}, {"architecture": "ppc64le", "features": "", "variant": null, "digest": "sha256:d7abb4794fd1963bb7ead05e1b981d4d702de2057bab989ac6f249176dfd4821", "os": "linux", "os_features": "", "os_version": null, "size": 364398507, "status": "active", "last_pulled": "2024-01-12T00:05:47.074993Z", "last_pushed": "2022-11-16T10:06:55.639445Z"}, {"architecture": "s390x", "features": "", "variant": null, "digest": "sha256:8b1d1c1976b9bc16cb690836af6c73e2ae2a7ad9e4e57b114ef70aa403526b46", "os": "linux", "os_features": "", "os_version": null, "size": 356399067, "status": "active", "last_pulled": "2024-01-12T00:05:46.632521Z", "last_pushed": "2022-11-16T03:06:48.738211Z"}], "last_updated": "2022-11-16T12:57:21.512226Z", "last_updater": 1156886, "last_updater_username": "doijanky", "name": "8.1-bullseye", "repository": 17636316, "full_size": 82846862, "v2": true, "tag_status": "active", "tag_last_pulled": "2024-01-20T07:48:36.232414Z", "tag_last_pushed": "2022-11-16T12:57:21.512226Z", "media_type": "application/vnd.docker.distribution.manifest.list.v2+json", "content_type": "image", "digest": "sha256:8826a8cda687a41e19c7cd89a3b862adc40e7b4885e9536aa6297a5ec59a4555"}, {"creator": 1156886, "id": 257334261, "images": [{"architecture": "amd64", "features": "", "variant": null, "digest": "sha256:095f04c41513a3ee092741c4c7be19fdf23f5ecb05ec0ff9528c838efb651c9b", "os": "linux", "os_features": "", "os_version": null, "size": 42934691, "status": "active", "last_pulled": "2024-01-13T02:41:37.82421Z", "last_pushed": "2022-11-16T07:41:27.773022Z"}, {"architecture": "arm", "features": "", "variant": "v6", "digest": "sha256:eee50fa83f1f2fc6946211247edf4aefe2459e2ea4242c2fb91d4ee7aa9dfb1d", "os": "linux", "os_features": "", "os_version": null, "size": 314662136, "status": "active", "last_pulled": "2024-01-12T00:03:59.032875Z", "last_pushed": "2022-11-16T01:40:07.938045Z"}, {"architecture": "arm", "features": "", "variant": "v7", "digest": "sha256:dd75a05721c80c555efe20f6f3692260de63bd8cbb0c3d7c1e76eb45c9ee9103", "os": "linux", "os_features": "", "os_version": null, "size": 314815591, "status": "active", "last_pulled": "2024-01-12T00:05:44.231166Z", "last_pushed": "2022-11-16T12:56:44.731307Z"}, {"architecture": "arm64", "features": "", "variant": "v8", "digest": "sha256:5d8c0928bb40f414850e492cace3141017a38d34720526a0f2c714371e32281b", "os": "linux", "os_features": "", "os_version": null, "size": 41339129, "status": "active", "last_pulled": "2024-01-11T23:36:32.76233Z", "last_pushed": "2022-11-16T02:12:39.152243Z"}, {"architecture": "386", "features": "", "variant": null, "digest": "sha256:8298113148acb2f548139ee39f43d176c2d793ed6926a86a6a4ea5c963923a3f", "os": "linux", "os_features": "", "os_version": null, "size": 315894137, "status": "active", "last_pulled": "2024-01-12T00:03:58.95918Z", "last_pushed": "2022-11-16T03:07:08.436888Z"}, {"architecture": "ppc64le", "features": "", "variant": null, "digest": "sha256:19d6e4313254af950df055d275d6f1ce92366a8097cee46ca2daacead5a9b39d", "os": "linux", "os_features": "", "os_version": null, "size": 316695669, "status": "active", "last_pulled": "2024-01-12T00:05:45.75526Z", "last_pushed": "2022-11-16T09:36:25.833687Z"}], "last_updated": "2022-11-16T12:57:15.616098Z", "last_updater": 1156886, "last_updater_username": "doijanky", "name": "8.1-alpine3.16", "repository": 17636316, "full_size": 42934691, "v2": true, "tag_status": "active", "tag_last_pulled": "2024-01-20T05:50:08.354641Z", "tag_last_pushed": "2022-11-16T12:57:15.616098Z", "media_type": "application/vnd.docker.distribution.manifest.list.v2+json", "content_type": "image", "digest": "sha256:67b7b0993fbce2f24cd22a7840dc4f1e0c8751eadd42961aec0cfe602b1b049b"}, {"creator": 1156886, "id": 257334211, "images": [{"architecture": "amd64", "features": "", "variant": null, "digest": "sha256:095f04c41513a3ee092741c4c7be19fdf23f5ecb05ec0ff9528c838efb651c9b", "os": "linux", "os_features": "", "os_version": null, "size": 42934691, "status": "active", "last_pulled": "2024-01-13T02:41:37.82421Z", "last_pushed": "2022-11-16T07:41:27.773022Z"}, {"architecture": "arm", "features": "", "variant": "v6", "digest": "sha256:eee50fa83f1f2fc6946211247edf4aefe2459e2ea4242c2fb91d4ee7aa9dfb1d", "os": "linux", "os_features": "", "os_version": null, "size": 314662136, "status": "active", "last_pulled": "2024-01-12T00:03:59.032875Z", "last_pushed": "2022-11-16T01:40:07.938045Z"}, {"architecture": "arm", "features": "", "variant": "v7", "digest": "sha256:dd75a05721c80c555efe20f6f3692260de63bd8cbb0c3d7c1e76eb45c9ee9103", "os": "linux", "os_features": "", "os_version": null, "size": 314815591, "status": "active", "last_pulled": "2024-01-12T00:05:44.231166Z", "last_pushed": "2022-11-16T12:56:44.731307Z"}, {"architecture": "arm64", "features": "", "variant": "v8", "digest": "sha256:5d8c0928bb40f414850e492cace3141017a38d34720526a0f2c714371e32281b", "os": "linux", "os_features": "", "os_version": null, "size": 41339129, "status": "active", "last_pulled": "2024-01-11T23:36:32.76233Z", "last_pushed": "2022-11-16T02:12:39.152243Z"}, {"architecture": "386", "features": "", "variant": null, "digest": "sha256:8298113148acb2f548139ee39f43d176c2d793ed6926a86a6a4ea5c963923a3f", "os": "linux", "os_features": "", "os_version": null, "size": 315894137, "status": "active", "last_pulled": "2024-01-12T00:03:58.95918Z", "last_pushed": "2022-11-16T03:07:08.436888Z"}, {"architecture": "ppc64le", "features": "", "variant": null, "digest": "sha256:19d6e4313254af950df055d275d6f1ce92366a8097cee46ca2daacead5a9b39d", "os": "linux", "os_features": "", "os_version": null, "size": 316695669, "status": "active", "last_pulled": "2024-01-12T00:05:45.75526Z", "last_pushed": "2022-11-16T09:36:25.833687Z"}], "last_updated": "2022-11-16T12:57:11.428761Z", "last_updater": 1156886, "last_updater_username": "doijanky", "name": "8.1-alpine", "repository": 17636316, "full_size": 42934691, "v2": true, "tag_status": "active", "tag_last_pulled": "2024-01-20T05:50:08.354641Z", "tag_last_pushed": "2022-11-16T12:57:11.428761Z", "media_type": "application/vnd.docker.distribution.manifest.list.v2+json", "content_type": "image", "digest": "sha256:67b7b0993fbce2f24cd22a7840dc4f1e0c8751eadd42961aec0cfe602b1b049b"}, {"creator": 1156886, "id": 257334153, "images": [{"architecture": "amd64", "features": "", "variant": null, "digest": "sha256:e6999941846fc6d7d7f7dcc18983157c8fcbfabc44832c2bb6538589624b2825", "os": "linux", "os_features": "", "os_version": null, "size": 82846862, "status": "active", "last_pulled": "2024-01-20T07:48:36.232414Z", "last_pushed": "2022-11-16T07:41:11.373283Z"}, {"architecture": "arm", "features": "", "variant": "v5", "digest": "sha256:258a02773855d14342b7af18d2dead9d75221bca6f032bc5fd31821fa17ee4a8", "os": "linux", "os_features": "", "os_version": null, "size": 355435797, "status": "active", "last_pulled": "2024-01-12T00:05:44.43425Z", "last_pushed": "2022-11-16T01:21:30.569899Z"}, {"architecture": "arm", "features": "", "variant": "v7", "digest": "sha256:c3450c0ff4865ec86e1e3033bcb239c0c8c1269596ad7c7b5306392a6a214150", "os": "linux", "os_features": "", "os_version": null, "size": 353347442, "status": "active", "last_pulled": "2024-01-12T00:03:58.437697Z", "last_pushed": "2022-11-16T12:56:28.507494Z"}, {"architecture": "arm64", "features": "", "variant": "v8", "digest": "sha256:90b4fe40562d9d665498e383a80327badc378ffc4c9c2208740847f73d073200", "os": "linux", "os_features": "", "os_version": null, "size": 80643573, "status": "active", "last_pulled": "2024-01-11T23:36:38.745222Z", "last_pushed": "2022-11-16T02:12:20.458962Z"}, {"architecture": "386", "features": "", "variant": null, "digest": "sha256:f7a58f11bb9d531ba6e3e0eb16b89785303d05219e9a0130412f5250b5c851f0", "os": "linux", "os_features": "", "os_version": null, "size": 361301323, "status": "active", "last_pulled": "2024-01-12T00:05:47.274112Z", "last_pushed": "2022-11-16T03:06:47.109409Z"}, {"architecture": "mips64le", "features": "", "variant": null, "digest": "sha256:7869114653c49b63541c0e430b330627147440822937087bba1344a692d88ebc", "os": "linux", "os_features": "", "os_version": null, "size": 253413661, "status": "active", "last_pulled": "2024-01-12T00:05:46.627457Z", "last_pushed": "2022-10-06T13:11:27.072568Z"}, {"architecture": "ppc64le", "features": "", "variant": null, "digest": "sha256:d7abb4794fd1963bb7ead05e1b981d4d702de2057bab989ac6f249176dfd4821", "os": "linux", "os_features": "", "os_version": null, "size": 364398507, "status": "active", "last_pulled": "2024-01-12T00:05:47.074993Z", "last_pushed": "2022-11-16T10:06:55.639445Z"}, {"architecture": "s390x", "features": "", "variant": null, "digest": "sha256:8b1d1c1976b9bc16cb690836af6c73e2ae2a7ad9e4e57b114ef70aa403526b46", "os": "linux", "os_features": "", "os_version": null, "size": 356399067, "status": "active", "last_pulled": "2024-01-12T00:05:46.632521Z", "last_pushed": "2022-11-16T03:06:48.738211Z"}], "last_updated": "2022-11-16T12:57:06.58474Z", "last_updater": 1156886, "last_updater_username": "doijanky", "name": "8.1", "repository": 17636316, "full_size": 82846862, "v2": true, "tag_status": "active", "tag_last_pulled": "2024-01-20T07:48:36.232414Z", "tag_last_pushed": "2022-11-16T12:57:06.58474Z", "media_type": "application/vnd.docker.distribution.manifest.list.v2+json", "content_type": "image", "digest": "sha256:8826a8cda687a41e19c7cd89a3b862adc40e7b4885e9536aa6297a5ec59a4555"}]