[{"creator": 1156886, "id": 21686419, "images": [{"architecture": "amd64", "features": "", "variant": null, "digest": "sha256:eece76dc876fdf38dc0bfa00c208f32eda3f8a504ef710c63a0825f03b4b370f", "os": "linux", "os_features": "", "os_version": null, "size": 13971168, "status": "active", "last_pulled": "2024-01-20T08:04:07.057507Z", "last_pushed": "2023-12-01T07:37:20.726545Z"}], "last_updated": "2023-12-01T07:37:28.076945Z", "last_updater": 1156886, "last_updater_username": "doijanky", "name": "latest", "repository": 3790616, "full_size": 13971168, "v2": true, "tag_status": "active", "tag_last_pulled": "2024-01-20T08:04:07.057507Z", "tag_last_pushed": "2023-12-01T07:37:28.076945Z", "media_type": "application/vnd.docker.distribution.manifest.list.v2+json", "content_type": "image", "digest": "sha256:69e067c72d8485d5de05aa493c583b69b0f6e020f86fcd58d31dbe468d2b1c1e"}, {"creator": 1156886, "id": 239918113, "images": [{"architecture": "amd64", "features": "", "variant": null, "digest": "sha256:eece76dc876fdf38dc0bfa00c208f32eda3f8a504ef710c63a0825f03b4b370f", "os": "linux", "os_features": "", "os_version": null, "size": 13971168, "status": "active", "last_pulled": "2024-01-20T08:04:07.057507Z", "last_pushed": "2023-12-01T07:37:20.726545Z"}], "last_updated": "2023-12-01T07:37:25.520445Z", "last_updater": 1156886, "last_updater_username": "doijanky", "name": "3.13.7", "repository": 3790616, "full_size": 13971168, "v2": true, "tag_status": "active", "tag_last_pulled": "2024-01-20T08:04:07.057507Z", "tag_last_pushed": "2023-12-01T07:37:25.520445Z", "media_type": "application/vnd.docker.distribution.manifest.list.v2+json", "content_type": "image", "digest": "sha256:69e067c72d8485d5de05aa493c583b69b0f6e020f86fcd58d31dbe468d2b1c1e"}, {"creator": 1156886, "id": 126884627, "images": [{"architecture": "amd64", "features": "", "variant": null, "digest": "sha256:eece76dc876fdf38dc0bfa00c208f32eda3f8a504ef710c63a0825f03b4b370f", "os": "linux", "os_features": "", "os_version": null, "size": 13971168, "status": "active", "last_pulled": "2024-01-20T08:04:07.057507Z", "last_pushed": "2023-12-01T07:37:20.726545Z"}], "last_updated": "2023-12-01T07:37:22.990897Z", "last_updater": 1156886, "last_updater_username": "doijanky", "name": "3.13", "repository": 3790616, "full_size": 13971168, "v2": true, "tag_status": "active", "tag_last_pulled": "2024-01-20T08:04:07.057507Z", "tag_last_pushed": "2023-12-01T07:37:22.990897Z", "media_type": "application/vnd.docker.distribution.manifest.list.v2+json", "content_type": "image", "digest": "sha256:69e067c72d8485d5de05aa493c583b69b0f6e020f86fcd58d31dbe468d2b1c1e"}, {"creator": 1156886, "id": 153998913, "images": [{"architecture": "amd64", "features": "", "variant": null, "digest": "sha256:adb97ff3b3df49b50b728a33b82e91a415148fd05adbfba129bc75f58a7992cf", "os": "linux", "os_features": "", "os_version": null, "size": 13481650, "status": "active", "last_pulled": "2024-01-20T04:02:03.380201Z", "last_pushed": "2022-04-05T09:59:34.616019Z"}], "last_updated": "2022-04-05T09:59:38.647832Z", "last_updater": 1156886, "last_updater_username": "doijanky", "name": "3.13.6", "repository": 3790616, "full_size": 13481650, "v2": true, "tag_status": "active", "tag_last_pulled": "2024-01-20T04:02:03.380201Z", "tag_last_pushed": "2022-04-05T09:59:38.647832Z", "media_type": "application/vnd.docker.distribution.manifest.list.v2+json", "content_type": "image"}, {"creator": 1156886, "id": 150456824, "images": [{"architecture": "amd64", "features": "", "variant": null, "digest": "sha256:148a9b628f72251818057b7def7e3a14de482fa3a9df3a3c25f8751c75df0325", "os": "linux", "os_features": "", "os_version": null, "size": 13481531, "status": "active", "last_pulled": "2024-01-20T04:01:57.52663Z", "last_pushed": "2021-05-19T19:59:52.488366Z"}], "last_updated": "2021-05-19T19:59:57.313094Z", "last_updater": 1156886, "last_updater_username": "doijanky", "name": "3.13.5", "repository": 3790616, "full_size": 13481531, "v2": true, "tag_status": "active", "tag_last_pulled": "2024-01-20T04:01:57.52663Z", "tag_last_pushed": "2021-05-19T19:59:57.313094Z", "media_type": "application/vnd.docker.distribution.manifest.list.v2+json", "content_type": "image"}, {"creator": 1156886, "id": 130593805, "images": [{"architecture": "amd64", "features": "", "variant": null, "digest": "sha256:87effe781734e3b1989e90ea67ca493dbc6d6706cdc58307c463897c28fa2a9b", "os": "linux", "os_features": "", "os_version": null, "size": 12788782, "status": "active", "last_pulled": "2024-01-20T04:01:52.705512Z", "last_pushed": "2021-04-14T23:47:20.908999Z"}], "last_updated": "2021-04-14T23:47:24.475337Z", "last_updater": 1156886, "last_updater_username": "doijanky", "name": "3.13.3", "repository": 3790616, "full_size": 12788782, "v2": true, "tag_status": "active", "tag_last_pulled": "2024-01-20T04:01:52.705512Z", "tag_last_pushed": "2021-04-14T23:47:24.475337Z", "media_type": "application/vnd.docker.distribution.manifest.list.v2+json", "content_type": "image"}, {"creator": 1156886, "id": 126884637, "images": [{"architecture": "amd64", "features": "", "variant": null, "digest": "sha256:0112caa917e9b50a6fbb38bdf81182acd22b581d7bc463a2ffe4b96003ed490c", "os": "linux", "os_features": "", "os_version": null, "size": 12787239, "status": "active", "last_pulled": "2024-01-20T04:01:48.188535Z", "last_pushed": "2020-11-19T20:52:38.434508Z"}], "last_updated": "2020-11-19T20:52:42.985989Z", "last_updater": 1156886, "last_updater_username": "doijanky", "name": "3.13.2", "repository": 3790616, "full_size": 12787239, "v2": true, "tag_status": "active", "tag_last_pulled": "2024-01-20T04:01:48.188535Z", "tag_last_pushed": "2020-11-19T20:52:42.985989Z", "media_type": "application/vnd.docker.distribution.manifest.list.v2+json", "content_type": "image"}, {"creator": 1156886, "id": 94289775, "images": [{"architecture": "amd64", "features": "", "variant": null, "digest": "sha256:e02aa27501935081f9c268f293860bff9c112ece0042170a26cfa93251dcce20", "os": "linux", "os_features": "", "os_version": null, "size": 12542995, "status": "active", "last_pulled": "2024-01-20T04:01:28.455936Z", "last_pushed": null}], "last_updated": "2020-04-24T17:49:23.182435Z", "last_updater": 1156886, "last_updater_username": "doijanky", "name": "3.12.1", "repository": 3790616, "full_size": 12542995, "v2": true, "tag_status": "active", "tag_last_pulled": "2024-01-20T04:01:28.455936Z", "tag_last_pushed": "2020-04-24T17:49:23.182435Z", "media_type": "application/vnd.docker.distribution.manifest.list.v2+json", "content_type": "image"}, {"creator": 1156886, "id": 91641176, "images": [{"architecture": "amd64", "features": "", "variant": null, "digest": "sha256:e02aa27501935081f9c268f293860bff9c112ece0042170a26cfa93251dcce20", "os": "linux", "os_features": "", "os_version": null, "size": 12542995, "status": "active", "last_pulled": "2024-01-20T04:01:28.455936Z", "last_pushed": null}], "last_updated": "2020-04-24T17:49:20.288329Z", "last_updater": 1156886, "last_updater_username": "doijanky", "name": "3.12", "repository": 3790616, "full_size": 12542995, "v2": true, "tag_status": "active", "tag_last_pulled": "2024-01-20T04:01:28.455936Z", "tag_last_pushed": "2020-04-24T17:49:20.288329Z", "media_type": "application/vnd.docker.distribution.manifest.list.v2+json", "content_type": "image"}, {"creator": 1156886, "id": 91641181, "images": [{"architecture": "amd64", "features": "", "variant": null, "digest": "sha256:375e34c23ed0edabdce38fc06d2444f43968192795985f33a398e78d8a7e77fa", "os": "linux", "os_features": "", "os_version": null, "size": 12535574, "status": "active", "last_pulled": "2024-01-20T04:01:33.74757Z", "last_pushed": null}], "last_updated": "2020-03-20T20:49:15.768138Z", "last_updater": 1156886, "last_updater_username": "doijanky", "name": "3.12.0", "repository": 3790616, "full_size": 12535574, "v2": true, "tag_status": "active", "tag_last_pulled": "2024-01-20T04:01:33.74757Z", "tag_last_pushed": "2020-03-20T20:49:15.768138Z", "media_type": "application/vnd.docker.distribution.manifest.list.v2+json", "content_type": "image"}, {"creator": 1156886, "id": 83576704, "images": [{"architecture": "amd64", "features": "", "variant": null, "digest": "sha256:c6bc812dfa39c58ce35d8f742acee51fc33ab6509c1824d071be732b24a17875", "os": "linux", "os_features": "", "os_version": null, "size": 12298615, "status": "active", "last_pulled": "2024-01-20T04:01:18.32242Z", "last_pushed": null}], "last_updated": "2020-01-24T06:49:23.85491Z", "last_updater": 1156886, "last_updater_username": "doijanky", "name": "3.11.0", "repository": 3790616, "full_size": 12298615, "v2": true, "tag_status": "active", "tag_last_pulled": "2024-01-20T04:01:18.32242Z", "tag_last_pushed": "2020-01-24T06:49:23.85491Z", "media_type": "application/vnd.docker.distribution.manifest.list.v2+json", "content_type": "image"}, {"creator": 1156886, "id": 83576702, "images": [{"architecture": "amd64", "features": "", "variant": null, "digest": "sha256:c6bc812dfa39c58ce35d8f742acee51fc33ab6509c1824d071be732b24a17875", "os": "linux", "os_features": "", "os_version": null, "size": 12298615, "status": "active", "last_pulled": "2024-01-20T04:01:18.32242Z", "last_pushed": null}], "last_updated": "2020-01-24T06:49:20.869128Z", "last_updater": 1156886, "last_updater_username": "doijanky", "name": "3.11", "repository": 3790616, "full_size": 12298615, "v2": true, "tag_status": "active", "tag_last_pulled": "2024-01-20T04:01:18.32242Z", "tag_last_pushed": "2020-01-24T06:49:20.869128Z", "media_type": "application/vnd.docker.distribution.manifest.list.v2+json", "content_type": "image"}, {"creator": 1156886, "id": 77720439, "images": [{"architecture": "amd64", "features": "", "variant": null, "digest": "sha256:309ca9f65475a45d0db859965adc17f0449067d7e49968246502ee677f244e36", "os": "linux", "os_features": "", "os_version": null, "size": 12293714, "status": "active", "last_pulled": "2024-01-20T04:00:58.695122Z", "last_pushed": null}], "last_updated": "2019-12-12T00:49:21.096227Z", "last_updater": 1156886, "last_updater_username": "doijanky", "name": "3.10.2", "repository": 3790616, "full_size": 12293714, "v2": true, "tag_status": "active", "tag_last_pulled": "2024-01-20T04:00:58.695122Z", "tag_last_pushed": "2019-12-12T00:49:21.096227Z", "media_type": "application/vnd.docker.distribution.manifest.list.v2+json", "content_type": "image"}, {"creator": 1156886, "id": 75969149, "images": [{"architecture": "amd64", "features": "", "variant": null, "digest": "sha256:309ca9f65475a45d0db859965adc17f0449067d7e49968246502ee677f244e36", "os": "linux", "os_features": "", "os_version": null, "size": 12293714, "status": "active", "last_pulled": "2024-01-20T04:00:58.695122Z", "last_pushed": null}], "last_updated": "2019-12-12T00:49:17.174081Z", "last_updater": 1156886, "last_updater_username": "doijanky", "name": "3.10", "repository": 3790616, "full_size": 12293714, "v2": true, "tag_status": "active", "tag_last_pulled": "2024-01-20T04:00:58.695122Z", "tag_last_pushed": "2019-12-12T00:49:17.174081Z", "media_type": "application/vnd.docker.distribution.manifest.list.v2+json", "content_type": "image"}, {"creator": 1156886, "id": 76725361, "images": [{"architecture": "amd64", "features": "", "variant": null, "digest": "sha256:3146a72218174adef6fca206213787d0fb9c1e077a3f3c33d6dc03a201c3bf82", "os": "linux", "os_features": "", "os_version": null, "size": 12293649, "status": "active", "last_pulled": "2024-01-20T04:01:09.088609Z", "last_pushed": null}], "last_updated": "2019-11-19T00:49:22.002216Z", "last_updater": 1156886, "last_updater_username": "doijanky", "name": "3.10.1", "repository": 3790616, "full_size": 12293649, "v2": true, "tag_status": "active", "tag_last_pulled": "2024-01-20T04:01:09.088609Z", "tag_last_pushed": "2019-11-19T00:49:22.002216Z", "media_type": "application/vnd.docker.distribution.manifest.list.v2+json", "content_type": "image"}, {"creator": 1156886, "id": 75969157, "images": [{"architecture": "amd64", "features": "", "variant": null, "digest": "sha256:1ceffff04c18d0bd4ebc1368005e097d65d90f60756b91af0b8c15851319b268", "os": "linux", "os_features": "", "os_version": null, "size": 12293392, "status": "active", "last_pulled": "2024-01-20T04:01:03.986681Z", "last_pushed": null}], "last_updated": "2019-11-12T00:49:29.221403Z", "last_updater": 1156886, "last_updater_username": "doijanky", "name": "3.10.0", "repository": 3790616, "full_size": 12293392, "v2": true, "tag_status": "active", "tag_last_pulled": "2024-01-20T04:01:03.986681Z", "tag_last_pushed": "2019-11-12T00:49:29.221403Z", "media_type": "application/vnd.docker.distribution.manifest.list.v2+json", "content_type": "image"}, {"creator": 1156886, "id": 61159103, "images": [{"architecture": "amd64", "features": "", "variant": null, "digest": "sha256:9c73952e8c2358cbaaaf58b91c2d20e53b285c3a46c7ebf045109a86bd572260", "os": "linux", "os_features": "", "os_version": null, "size": 11204009, "status": "active", "last_pulled": "2024-01-20T04:03:39.352749Z", "last_pushed": null}], "last_updated": "2019-07-05T17:51:16.124059Z", "last_updater": 1156886, "last_updater_username": "doijanky", "name": "3.9.1", "repository": 3790616, "full_size": 11204009, "v2": true, "tag_status": "active", "tag_last_pulled": "2024-01-20T04:03:39.352749Z", "tag_last_pushed": "2019-07-05T17:51:16.124059Z", "media_type": "application/vnd.docker.distribution.manifest.list.v2+json", "content_type": "image"}, {"creator": 1156886, "id": 60066173, "images": [{"architecture": "amd64", "features": "", "variant": null, "digest": "sha256:9c73952e8c2358cbaaaf58b91c2d20e53b285c3a46c7ebf045109a86bd572260", "os": "linux", "os_features": "", "os_version": null, "size": 11204009, "status": "active", "last_pulled": "2024-01-20T04:03:39.352749Z", "last_pushed": null}], "last_updated": "2019-07-05T17:51:13.464479Z", "last_updater": 1156886, "last_updater_username": "doijanky", "name": "3.9", "repository": 3790616, "full_size": 11204009, "v2": true, "tag_status": "active", "tag_last_pulled": "2024-01-20T04:03:39.352749Z", "tag_last_pushed": "2019-07-05T17:51:13.464479Z", "media_type": "application/vnd.docker.distribution.manifest.list.v2+json", "content_type": "image"}, {"creator": 1156886, "id": 60066180, "images": [{"architecture": "amd64", "features": "", "variant": null, "digest": "sha256:a715515fe9281e691af102876381208ad432987520fcc7d9a0f94382227f62d7", "os": "linux", "os_features": "", "os_version": null, "size": 11203945, "status": "active", "last_pulled": "2024-01-20T04:03:43.995877Z", "last_pushed": null}], "last_updated": "2019-06-25T20:50:09.85903Z", "last_updater": 1156886, "last_updater_username": "doijanky", "name": "3.9.0", "repository": 3790616, "full_size": 11203945, "v2": true, "tag_status": "active", "tag_last_pulled": "2024-01-20T04:03:43.995877Z", "tag_last_pushed": "2019-06-25T20:50:09.85903Z", "media_type": "application/vnd.docker.distribution.manifest.list.v2+json", "content_type": "image"}, {"creator": 1156886, "id": 57208603, "images": [{"architecture": "amd64", "features": "", "variant": null, "digest": "sha256:39cb9f17fa4a751f089fedd746a4fdb763ab2b285a43ac227400b98cf9d86608", "os": "linux", "os_features": "", "os_version": null, "size": 11174572, "status": "active", "last_pulled": "2024-01-20T04:03:29.776327Z", "last_pushed": null}], "last_updated": "2019-05-28T23:49:05.786634Z", "last_updater": 1156886, "last_updater_username": "doijanky", "name": "3.8.0", "repository": 3790616, "full_size": 11174572, "v2": true, "tag_status": "active", "tag_last_pulled": "2024-01-20T04:03:29.776327Z", "tag_last_pushed": "2019-05-28T23:49:05.786634Z", "media_type": "application/vnd.docker.distribution.manifest.list.v2+json", "content_type": "image"}, {"creator": 1156886, "id": 57208598, "images": [{"architecture": "amd64", "features": "", "variant": null, "digest": "sha256:39cb9f17fa4a751f089fedd746a4fdb763ab2b285a43ac227400b98cf9d86608", "os": "linux", "os_features": "", "os_version": null, "size": 11174572, "status": "active", "last_pulled": "2024-01-20T04:03:29.776327Z", "last_pushed": null}], "last_updated": "2019-05-28T23:49:03.610169Z", "last_updater": 1156886, "last_updater_username": "doijanky", "name": "3.8", "repository": 3790616, "full_size": 11174572, "v2": true, "tag_status": "active", "tag_last_pulled": "2024-01-20T04:03:29.776327Z", "tag_last_pushed": "2019-05-28T23:49:03.610169Z", "media_type": "application/vnd.docker.distribution.manifest.list.v2+json", "content_type": "image"}, {"creator": 1156886, "id": 51327811, "images": [{"architecture": "amd64", "features": "", "variant": null, "digest": "sha256:f020f4a9a12ea4048a1cfd16f0ac538df5adb1b07f957d498df7c47ee73d6707", "os": "linux", "os_features": "", "os_version": null, "size": 11125177, "status": "inactive", "last_pulled": null, "last_pushed": null}], "last_updated": "2019-05-10T23:52:48.794083Z", "last_updater": 1156886, "last_updater_username": "doijanky", "name": "3.7.1", "repository": 3790616, "full_size": 11125177, "v2": true, "tag_status": "inactive", "tag_last_pulled": null, "tag_last_pushed": "2019-05-10T23:52:48.794083Z", "media_type": "application/vnd.docker.distribution.manifest.list.v2+json", "content_type": "image"}, {"creator": 1156886, "id": 50310743, "images": [{"architecture": "amd64", "features": "", "variant": null, "digest": "sha256:f020f4a9a12ea4048a1cfd16f0ac538df5adb1b07f957d498df7c47ee73d6707", "os": "linux", "os_features": "", "os_version": null, "size": 11125177, "status": "inactive", "last_pulled": null, "last_pushed": null}], "last_updated": "2019-05-10T23:52:46.237382Z", "last_updater": 1156886, "last_updater_username": "doijanky", "name": "3.7", "repository": 3790616, "full_size": 11125177, "v2": true, "tag_status": "inactive", "tag_last_pulled": null, "tag_last_pushed": "2019-05-10T23:52:46.237382Z", "media_type": "application/vnd.docker.distribution.manifest.list.v2+json", "content_type": "image"}, {"creator": 1156886, "id": 50310745, "images": [{"architecture": "amd64", "features": "", "variant": null, "digest": "sha256:d9ca98ddb87997bc657afa006eba1327e5f329a6052a29d6cdd21b5104e106f9", "os": "linux", "os_features": "", "os_version": null, "size": 11085232, "status": "inactive", "last_pulled": null, "last_pushed": null}], "last_updated": "2019-03-20T23:46:18.790926Z", "last_updater": 1156886, "last_updater_username": "doijanky", "name": "3.7.0", "repository": 3790616, "full_size": 11085232, "v2": true, "tag_status": "inactive", "tag_last_pulled": null, "tag_last_pushed": "2019-03-20T23:46:18.790926Z", "media_type": "application/vnd.docker.distribution.manifest.list.v2+json", "content_type": "image"}, {"creator": 1156886, "id": 45691192, "images": [{"architecture": "amd64", "features": "", "variant": null, "digest": "sha256:9f74d29e0f79ff7eb0ce7fb22b4d91f3c88d3243639ebebdd30be46770140a2c", "os": "linux", "os_features": "", "os_version": null, "size": 10979306, "status": "inactive", "last_pulled": null, "last_pushed": null}], "last_updated": "2019-03-07T23:48:07.952399Z", "last_updater": 1156886, "last_updater_username": "doijanky", "name": "3.6.1", "repository": 3790616, "full_size": 10979306, "v2": true, "tag_status": "inactive", "tag_last_pulled": null, "tag_last_pushed": "2019-03-07T23:48:07.952399Z", "media_type": "application/vnd.docker.distribution.manifest.list.v2+json", "content_type": "image"}, {"creator": 1156886, "id": 44921040, "images": [{"architecture": "amd64", "features": "", "variant": null, "digest": "sha256:9f74d29e0f79ff7eb0ce7fb22b4d91f3c88d3243639ebebdd30be46770140a2c", "os": "linux", "os_features": "", "os_version": null, "size": 10979306, "status": "inactive", "last_pulled": null, "last_pushed": null}], "last_updated": "2019-03-07T23:48:07.619151Z", "last_updater": 1156886, "last_updater_username": "doijanky", "name": "3.6", "repository": 3790616, "full_size": 10979306, "v2": true, "tag_status": "inactive", "tag_last_pulled": null, "tag_last_pushed": "2019-03-07T23:48:07.619151Z", "media_type": "application/vnd.docker.distribution.manifest.list.v2+json", "content_type": "image"}, {"creator": 1156886, "id": 44921042, "images": [{"architecture": "amd64", "features": "", "variant": null, "digest": "sha256:8da9db06957461b180bf30e888b1059f1179facb4c45d028b705d6fe7c2490c6", "os": "linux", "os_features": "", "os_version": null, "size": 10979271, "status": "inactive", "last_pulled": null, "last_pushed": null}], "last_updated": "2019-01-23T22:45:46.460044Z", "last_updater": 1156886, "last_updater_username": "doijanky", "name": "3.6.0", "repository": 3790616, "full_size": 10979271, "v2": true, "tag_status": "inactive", "tag_last_pulled": null, "tag_last_pushed": "2019-01-23T22:45:46.460044Z", "media_type": "application/vnd.docker.distribution.manifest.list.v2+json", "content_type": "image"}, {"creator": 1156886, "id": 42889559, "images": [{"architecture": "amd64", "features": "", "variant": null, "digest": "sha256:282d903514c203f853a67468379fce66c44930d3ef267c24b9a9aa981407abcc", "os": "linux", "os_features": "", "os_version": null, "size": 10949804, "status": "inactive", "last_pulled": null, "last_pushed": null}], "last_updated": "2018-12-21T01:45:11.960757Z", "last_updater": 1156886, "last_updater_username": "doijanky", "name": "3.5.1", "repository": 3790616, "full_size": 10949804, "v2": true, "tag_status": "inactive", "tag_last_pulled": null, "tag_last_pushed": "2018-12-21T01:45:11.960757Z", "media_type": "application/vnd.docker.distribution.manifest.list.v2+json", "content_type": "image"}, {"creator": 1156886, "id": 38680860, "images": [{"architecture": "amd64", "features": "", "variant": null, "digest": "sha256:282d903514c203f853a67468379fce66c44930d3ef267c24b9a9aa981407abcc", "os": "linux", "os_features": "", "os_version": null, "size": 10949804, "status": "inactive", "last_pulled": null, "last_pushed": null}], "last_updated": "2018-12-21T01:45:11.547829Z", "last_updater": 1156886, "last_updater_username": "doijanky", "name": "3.5", "repository": 3790616, "full_size": 10949804, "v2": true, "tag_status": "inactive", "tag_last_pulled": null, "tag_last_pushed": "2018-12-21T01:45:11.547829Z", "media_type": "application/vnd.docker.distribution.manifest.list.v2+json", "content_type": "image"}, {"creator": 1156886, "id": 38681027, "images": [{"architecture": "amd64", "features": "", "variant": null, "digest": "sha256:187182a185f26d220af9642b16484eb565fc02b27f280618f6f66ec29b64978b", "os": "linux", "os_features": "", "os_version": null, "size": 10788660, "status": "inactive", "last_pulled": null, "last_pushed": null}], "last_updated": "2018-10-29T20:43:59.968229Z", "last_updater": 1156886, "last_updater_username": "doijanky", "name": "3.5.0", "repository": 3790616, "full_size": 10788660, "v2": true, "tag_status": "inactive", "tag_last_pulled": null, "tag_last_pushed": "2018-10-29T20:43:59.968229Z", "media_type": "application/vnd.docker.distribution.manifest.list.v2+json", "content_type": "image"}, {"creator": 1156886, "id": 35020783, "images": [{"architecture": "amd64", "features": "", "variant": null, "digest": "sha256:0a30a0ecd826426a37f1ed72bbb99ab9f2c99ff687abe6b8a52d3676de8a6607", "os": "linux", "os_features": "", "os_version": null, "size": 10762756, "status": "inactive", "last_pulled": null, "last_pushed": null}], "last_updated": "2018-09-12T03:43:46.109334Z", "last_updater": 1156886, "last_updater_username": "doijanky", "name": "3.4.0", "repository": 3790616, "full_size": 10762756, "v2": true, "tag_status": "inactive", "tag_last_pulled": null, "tag_last_pushed": "2018-09-12T03:43:46.109334Z", "media_type": "application/vnd.docker.distribution.manifest.list.v2+json", "content_type": "image"}, {"creator": 1156886, "id": 35020782, "images": [{"architecture": "amd64", "features": "", "variant": null, "digest": "sha256:0a30a0ecd826426a37f1ed72bbb99ab9f2c99ff687abe6b8a52d3676de8a6607", "os": "linux", "os_features": "", "os_version": null, "size": 10762756, "status": "inactive", "last_pulled": null, "last_pushed": null}], "last_updated": "2018-09-12T03:43:45.799402Z", "last_updater": 1156886, "last_updater_username": "doijanky", "name": "3.4", "repository": 3790616, "full_size": 10762756, "v2": true, "tag_status": "inactive", "tag_last_pulled": null, "tag_last_pushed": "2018-09-12T03:43:45.799402Z", "media_type": "application/vnd.docker.distribution.manifest.list.v2+json", "content_type": "image"}, {"creator": 1156886, "id": 33504255, "images": [{"architecture": "amd64", "features": "", "variant": null, "digest": "sha256:a07829ebdf38f5c2f1d16fc984db5d31e832b751f6f05704d5d772e610941787", "os": "linux", "os_features": "", "os_version": null, "size": 11976789, "status": "inactive", "last_pulled": null, "last_pushed": null}], "last_updated": "2018-08-20T21:46:07.987288Z", "last_updater": 1156886, "last_updater_username": "doijanky", "name": "3.3.1", "repository": 3790616, "full_size": 11976789, "v2": true, "tag_status": "inactive", "tag_last_pulled": null, "tag_last_pushed": "2018-08-20T21:46:07.987288Z", "media_type": "application/vnd.docker.distribution.manifest.list.v2+json", "content_type": "image"}, {"creator": 1156886, "id": 32288495, "images": [{"architecture": "amd64", "features": "", "variant": null, "digest": "sha256:a07829ebdf38f5c2f1d16fc984db5d31e832b751f6f05704d5d772e610941787", "os": "linux", "os_features": "", "os_version": null, "size": 11976789, "status": "inactive", "last_pulled": null, "last_pushed": null}], "last_updated": "2018-08-20T21:46:07.370217Z", "last_updater": 1156886, "last_updater_username": "doijanky", "name": "3.3", "repository": 3790616, "full_size": 11976789, "v2": true, "tag_status": "inactive", "tag_last_pulled": null, "tag_last_pushed": "2018-08-20T21:46:07.370217Z", "media_type": "application/vnd.docker.distribution.manifest.list.v2+json", "content_type": "image"}, {"creator": 1156886, "id": 32288496, "images": [{"architecture": "amd64", "features": "", "variant": null, "digest": "sha256:af12f00fcc9892835afd39e8a263d9b1a0445f262427f9cb5b795569f4d01bcc", "os": "linux", "os_features": "", "os_version": null, "size": 11940609, "status": "inactive", "last_pulled": null, "last_pushed": null}], "last_updated": "2018-08-02T19:43:36.554724Z", "last_updater": 1156886, "last_updater_username": "doijanky", "name": "3.3.0", "repository": 3790616, "full_size": 11940609, "v2": true, "tag_status": "inactive", "tag_last_pulled": null, "tag_last_pushed": "2018-08-02T19:43:36.554724Z", "media_type": "application/vnd.docker.distribution.manifest.list.v2+json", "content_type": "image"}, {"creator": 1156886, "id": 27322122, "images": [{"architecture": "amd64", "features": "", "variant": null, "digest": "sha256:a30df341885340de70d3fb9ce7b2b6266bb97d5d54544b78f4afb459d982892e", "os": "linux", "os_features": "", "os_version": null, "size": 11366792, "status": "inactive", "last_pulled": null, "last_pushed": null}], "last_updated": "2018-07-06T19:49:31.606568Z", "last_updater": 1156886, "last_updater_username": "doijanky", "name": "3.2.0", "repository": 3790616, "full_size": 11366792, "v2": true, "tag_status": "inactive", "tag_last_pulled": null, "tag_last_pushed": "2018-07-06T19:49:31.606568Z", "media_type": "application/vnd.docker.distribution.manifest.list.v2+json", "content_type": "image"}, {"creator": 1156886, "id": 27322010, "images": [{"architecture": "amd64", "features": "", "variant": null, "digest": "sha256:a30df341885340de70d3fb9ce7b2b6266bb97d5d54544b78f4afb459d982892e", "os": "linux", "os_features": "", "os_version": null, "size": 11366792, "status": "inactive", "last_pulled": null, "last_pushed": null}], "last_updated": "2018-07-06T19:49:31.302924Z", "last_updater": 1156886, "last_updater_username": "doijanky", "name": "3.2", "repository": 3790616, "full_size": 11366792, "v2": true, "tag_status": "inactive", "tag_last_pulled": null, "tag_last_pushed": "2018-07-06T19:49:31.302924Z", "media_type": "application/vnd.docker.distribution.manifest.list.v2+json", "content_type": "image"}, {"creator": 1156886, "id": 26751215, "images": [{"architecture": "amd64", "features": "", "variant": null, "digest": "sha256:8254439ec71f79c2037436cbe8d669fb3ab5733daf68207ec40d4a572b30da38", "os": "linux", "os_features": "", "os_version": null, "size": 9982321, "status": "inactive", "last_pulled": null, "last_pushed": null}], "last_updated": "2018-05-03T23:43:16.989693Z", "last_updater": 1156886, "last_updater_username": "doijanky", "name": "3.1.3", "repository": 3790616, "full_size": 9982321, "v2": true, "tag_status": "inactive", "tag_last_pulled": null, "tag_last_pushed": "2018-05-03T23:43:16.989693Z", "media_type": "application/vnd.docker.distribution.manifest.list.v2+json", "content_type": "image"}, {"creator": 1156886, "id": 21686416, "images": [{"architecture": "amd64", "features": "", "variant": null, "digest": "sha256:8254439ec71f79c2037436cbe8d669fb3ab5733daf68207ec40d4a572b30da38", "os": "linux", "os_features": "", "os_version": null, "size": 9982321, "status": "inactive", "last_pulled": null, "last_pushed": null}], "last_updated": "2018-05-03T23:43:16.650545Z", "last_updater": 1156886, "last_updater_username": "doijanky", "name": "3.1", "repository": 3790616, "full_size": 9982321, "v2": true, "tag_status": "inactive", "tag_last_pulled": null, "tag_last_pushed": "2018-05-03T23:43:16.650545Z", "media_type": "application/vnd.docker.distribution.manifest.list.v2+json", "content_type": "image"}, {"creator": 1156886, "id": 26278080, "images": [{"architecture": "amd64", "features": "", "variant": null, "digest": "sha256:1c03d0b2ea92f8cc649e16baa910671d36326979de629e06e7affcd9600cc87b", "os": "linux", "os_features": "", "os_version": null, "size": 9982490, "status": "inactive", "last_pulled": null, "last_pushed": null}], "last_updated": "2018-04-25T20:43:51.372886Z", "last_updater": 1156886, "last_updater_username": "doijanky", "name": "3.1.2", "repository": 3790616, "full_size": 9982490, "v2": true, "tag_status": "inactive", "tag_last_pulled": null, "tag_last_pushed": "2018-04-25T20:43:51.372886Z", "media_type": "application/vnd.docker.distribution.manifest.list.v2+json", "content_type": "image"}, {"creator": 1156886, "id": 22889290, "images": [{"architecture": "amd64", "features": "", "variant": null, "digest": "sha256:cd88659c70b6dd1d1d12659073b800e0b3dbc8415822bb8a52b25c671e72e035", "os": "linux", "os_features": "", "os_version": null, "size": 9962597, "status": "inactive", "last_pulled": null, "last_pushed": null}], "last_updated": "2018-02-26T21:43:17.255129Z", "last_updater": 1156886, "last_updater_username": "doijanky", "name": "3.1.1", "repository": 3790616, "full_size": 9962597, "v2": true, "tag_status": "inactive", "tag_last_pulled": null, "tag_last_pushed": "2018-02-26T21:43:17.255129Z", "media_type": "application/vnd.docker.distribution.manifest.list.v2+json", "content_type": "image"}, {"creator": 1156886, "id": 21686418, "images": [{"architecture": "amd64", "features": "", "variant": null, "digest": "sha256:ac71f146b1149f61b82c93ce00edf7806623112bfdf7c68406dba9855576ed42", "os": "linux", "os_features": "", "os_version": null, "size": 9962815, "status": "inactive", "last_pulled": null, "last_pushed": null}], "last_updated": "2018-02-14T19:43:12.937931Z", "last_updater": 1156886, "last_updater_username": "doijanky", "name": "3.1.0", "repository": 3790616, "full_size": 9962815, "v2": true, "tag_status": "inactive", "tag_last_pulled": null, "tag_last_pushed": "2018-02-14T19:43:12.937931Z", "media_type": "application/vnd.docker.distribution.manifest.list.v2+json", "content_type": "image"}]