[{"creator": 2215, "id": 1118592, "images": [{"architecture": "amd64", "features": "", "variant": null, "digest": "sha256:c2908f6f685ed1f4f19f56c9e93c76b77fcb8a7e0c644449909abc668413d280", "os": "linux", "os_features": "", "os_version": null, "size": 191362756, "status": "active", "last_pulled": "2024-01-20T07:52:15.352171Z", "last_pushed": "2023-12-01T06:48:20.125521Z"}, {"architecture": "arm64", "features": "", "variant": "v8", "digest": "sha256:34c10898f477a7221a95893b57de3dcc23d4490708b50c5ff96cc632b7013d7f", "os": "linux", "os_features": "", "os_version": null, "size": 191218643, "status": "active", "last_pulled": "2024-01-19T16:05:32.664259Z", "last_pushed": "2023-12-01T07:40:10.958647Z"}, {"architecture": "ppc64le", "features": "", "variant": null, "digest": "sha256:a5c237bcece8e9b606a8b0c7294b3ee127239e9f95fa53c1a874fc1e9782144d", "os": "linux", "os_features": "", "os_version": null, "size": 188065296, "status": "active", "last_pulled": "2024-01-19T16:05:32.861366Z", "last_pushed": "2023-12-01T05:58:22.249622Z"}], "last_updated": "2023-12-01T07:40:43.913016Z", "last_updater": 1156886, "last_updater_username": "doijanky", "name": "latest", "repository": 360407, "full_size": 191362756, "v2": true, "tag_status": "active", "tag_last_pulled": "2024-01-20T07:56:03.833579Z", "tag_last_pushed": "2023-12-01T07:40:43.913016Z", "media_type": "application/vnd.docker.distribution.manifest.list.v2+json", "content_type": "image", "digest": "sha256:79ace3619e7ca496f76b98433d4ca2047128b714292078dc1272621b82f62d47"}, {"creator": 1156886, "id": 550404103, "images": [{"architecture": "amd64", "features": "", "variant": null, "digest": "sha256:c2908f6f685ed1f4f19f56c9e93c76b77fcb8a7e0c644449909abc668413d280", "os": "linux", "os_features": "", "os_version": null, "size": 191362756, "status": "active", "last_pulled": "2024-01-20T07:52:15.352171Z", "last_pushed": "2023-12-01T06:48:20.125521Z"}, {"architecture": "arm64", "features": "", "variant": "v8", "digest": "sha256:34c10898f477a7221a95893b57de3dcc23d4490708b50c5ff96cc632b7013d7f", "os": "linux", "os_features": "", "os_version": null, "size": 191218643, "status": "active", "last_pulled": "2024-01-19T16:05:32.664259Z", "last_pushed": "2023-12-01T07:40:10.958647Z"}, {"architecture": "ppc64le", "features": "", "variant": null, "digest": "sha256:a5c237bcece8e9b606a8b0c7294b3ee127239e9f95fa53c1a874fc1e9782144d", "os": "linux", "os_features": "", "os_version": null, "size": 188065296, "status": "active", "last_pulled": "2024-01-19T16:05:32.861366Z", "last_pushed": "2023-12-01T05:58:22.249622Z"}], "last_updated": "2023-12-01T07:40:41.1408Z", "last_updater": 1156886, "last_updater_username": "doijanky", "name": "9.0.0", "repository": 360407, "full_size": 191362756, "v2": true, "tag_status": "active", "tag_last_pulled": "2024-01-20T07:56:03.833579Z", "tag_last_pushed": "2023-12-01T07:40:41.1408Z", "media_type": "application/vnd.docker.distribution.manifest.list.v2+json", "content_type": "image", "digest": "sha256:79ace3619e7ca496f76b98433d4ca2047128b714292078dc1272621b82f62d47"}, {"creator": 1156886, "id": 550404067, "images": [{"architecture": "amd64", "features": "", "variant": null, "digest": "sha256:c2908f6f685ed1f4f19f56c9e93c76b77fcb8a7e0c644449909abc668413d280", "os": "linux", "os_features": "", "os_version": null, "size": 191362756, "status": "active", "last_pulled": "2024-01-20T07:52:15.352171Z", "last_pushed": "2023-12-01T06:48:20.125521Z"}, {"architecture": "arm64", "features": "", "variant": "v8", "digest": "sha256:34c10898f477a7221a95893b57de3dcc23d4490708b50c5ff96cc632b7013d7f", "os": "linux", "os_features": "", "os_version": null, "size": 191218643, "status": "active", "last_pulled": "2024-01-19T16:05:32.664259Z", "last_pushed": "2023-12-01T07:40:10.958647Z"}, {"architecture": "ppc64le", "features": "", "variant": null, "digest": "sha256:a5c237bcece8e9b606a8b0c7294b3ee127239e9f95fa53c1a874fc1e9782144d", "os": "linux", "os_features": "", "os_version": null, "size": 188065296, "status": "active", "last_pulled": "2024-01-19T16:05:32.861366Z", "last_pushed": "2023-12-01T05:58:22.249622Z"}], "last_updated": "2023-12-01T07:40:38.145567Z", "last_updater": 1156886, "last_updater_username": "doijanky", "name": "9.0", "repository": 360407, "full_size": 191362756, "v2": true, "tag_status": "active", "tag_last_pulled": "2024-01-20T07:56:03.833579Z", "tag_last_pushed": "2023-12-01T07:40:38.145567Z", "media_type": "application/vnd.docker.distribution.manifest.list.v2+json", "content_type": "image", "digest": "sha256:79ace3619e7ca496f76b98433d4ca2047128b714292078dc1272621b82f62d47"}, {"creator": 1156886, "id": 438489917, "images": [{"architecture": "amd64", "features": "", "variant": null, "digest": "sha256:27684b4460a71b658929080fa6440da3414d6ff24344d9dc307fddb0a7e12ec6", "os": "linux", "os_features": "", "os_version": null, "size": 183367603, "status": "active", "last_pulled": "2024-01-19T21:27:48.366341Z", "last_pushed": "2023-12-01T06:48:00.562381Z"}, {"architecture": "arm64", "features": "", "variant": "v8", "digest": "sha256:53363f2aa72cec59d9a702afc3fa426edd50ac4c3b6c59d39cd70410b6838fb8", "os": "linux", "os_features": "", "os_version": null, "size": 182518550, "status": "active", "last_pulled": "2024-01-20T04:28:04.271514Z", "last_pushed": "2023-12-01T07:39:48.555695Z"}, {"architecture": "ppc64le", "features": "", "variant": null, "digest": "sha256:2373cfe2822b0323615cd2d0aca47bba003ddf843d4a5cadfef38708a3baf190", "os": "linux", "os_features": "", "os_version": null, "size": 179562198, "status": "active", "last_pulled": "2024-01-19T20:27:50.085462Z", "last_pushed": "2023-12-01T05:58:04.478677Z"}], "last_updated": "2023-12-01T07:40:35.283725Z", "last_updater": 1156886, "last_updater_username": "doijanky", "name": "8.0.0", "repository": 360407, "full_size": 183367603, "v2": true, "tag_status": "active", "tag_last_pulled": "2024-01-20T07:27:49.456792Z", "tag_last_pushed": "2023-12-01T07:40:35.283725Z", "media_type": "application/vnd.docker.distribution.manifest.list.v2+json", "content_type": "image", "digest": "sha256:595f821ed1906bda1063d6102f3a9388bae83e74e82980ac1166aa8e304f179d"}, {"creator": 1156886, "id": 438489898, "images": [{"architecture": "amd64", "features": "", "variant": null, "digest": "sha256:27684b4460a71b658929080fa6440da3414d6ff24344d9dc307fddb0a7e12ec6", "os": "linux", "os_features": "", "os_version": null, "size": 183367603, "status": "active", "last_pulled": "2024-01-19T21:27:48.366341Z", "last_pushed": "2023-12-01T06:48:00.562381Z"}, {"architecture": "arm64", "features": "", "variant": "v8", "digest": "sha256:53363f2aa72cec59d9a702afc3fa426edd50ac4c3b6c59d39cd70410b6838fb8", "os": "linux", "os_features": "", "os_version": null, "size": 182518550, "status": "active", "last_pulled": "2024-01-20T04:28:04.271514Z", "last_pushed": "2023-12-01T07:39:48.555695Z"}, {"architecture": "ppc64le", "features": "", "variant": null, "digest": "sha256:2373cfe2822b0323615cd2d0aca47bba003ddf843d4a5cadfef38708a3baf190", "os": "linux", "os_features": "", "os_version": null, "size": 179562198, "status": "active", "last_pulled": "2024-01-19T20:27:50.085462Z", "last_pushed": "2023-12-01T05:58:04.478677Z"}], "last_updated": "2023-12-01T07:40:32.668054Z", "last_updater": 1156886, "last_updater_username": "doijanky", "name": "8.0", "repository": 360407, "full_size": 183367603, "v2": true, "tag_status": "active", "tag_last_pulled": "2024-01-20T07:27:49.456792Z", "tag_last_pushed": "2023-12-01T07:40:32.668054Z", "media_type": "application/vnd.docker.distribution.manifest.list.v2+json", "content_type": "image", "digest": "sha256:595f821ed1906bda1063d6102f3a9388bae83e74e82980ac1166aa8e304f179d"}, {"creator": 1156886, "id": 305643307, "images": [{"architecture": "amd64", "features": "", "variant": null, "digest": "sha256:3f2a5f8cfecaeaf44d261a21a77bfa458a2483cdeec432f9eff23378b16e4a57", "os": "linux", "os_features": "", "os_version": null, "size": 183640846, "status": "active", "last_pulled": "2024-01-20T04:03:53.034636Z", "last_pushed": "2023-12-01T06:47:40.27901Z"}, {"architecture": "arm64", "features": "", "variant": "v8", "digest": "sha256:d47f702a4834ac9a23b879c41aed4849f1a139dcf5c39916efcbd23dea0154bb", "os": "linux", "os_features": "", "os_version": null, "size": 182784874, "status": "active", "last_pulled": "2024-01-19T03:28:00.783506Z", "last_pushed": "2023-12-01T07:39:25.749002Z"}, {"architecture": "ppc64le", "features": "", "variant": null, "digest": "sha256:b5827c5ffbcbae64d6821b4feacb0476e34467277b92b5414f80128caa651859", "os": "linux", "os_features": "", "os_version": null, "size": 179806702, "status": "active", "last_pulled": "2024-01-20T00:27:38.88964Z", "last_pushed": "2023-12-01T05:57:44.76748Z"}], "last_updated": "2023-12-01T07:40:29.696256Z", "last_updater": 1156886, "last_updater_username": "doijanky", "name": "7.15.0", "repository": 360407, "full_size": 183640846, "v2": true, "tag_status": "active", "tag_last_pulled": "2024-01-20T06:55:10.499065Z", "tag_last_pushed": "2023-12-01T07:40:29.696256Z", "media_type": "application/vnd.docker.distribution.manifest.list.v2+json", "content_type": "image", "digest": "sha256:c0c2f82754fe504249cbbcdf6da14d58e44b7d93c48e229d91195d1c3391f150"}, {"creator": 1156886, "id": 305643275, "images": [{"architecture": "amd64", "features": "", "variant": null, "digest": "sha256:3f2a5f8cfecaeaf44d261a21a77bfa458a2483cdeec432f9eff23378b16e4a57", "os": "linux", "os_features": "", "os_version": null, "size": 183640846, "status": "active", "last_pulled": "2024-01-20T04:03:53.034636Z", "last_pushed": "2023-12-01T06:47:40.27901Z"}, {"architecture": "arm64", "features": "", "variant": "v8", "digest": "sha256:d47f702a4834ac9a23b879c41aed4849f1a139dcf5c39916efcbd23dea0154bb", "os": "linux", "os_features": "", "os_version": null, "size": 182784874, "status": "active", "last_pulled": "2024-01-19T03:28:00.783506Z", "last_pushed": "2023-12-01T07:39:25.749002Z"}, {"architecture": "ppc64le", "features": "", "variant": null, "digest": "sha256:b5827c5ffbcbae64d6821b4feacb0476e34467277b92b5414f80128caa651859", "os": "linux", "os_features": "", "os_version": null, "size": 179806702, "status": "active", "last_pulled": "2024-01-20T00:27:38.88964Z", "last_pushed": "2023-12-01T05:57:44.76748Z"}], "last_updated": "2023-12-01T07:40:26.86379Z", "last_updater": 1156886, "last_updater_username": "doijanky", "name": "7.15", "repository": 360407, "full_size": 183640846, "v2": true, "tag_status": "active", "tag_last_pulled": "2024-01-20T06:55:10.499065Z", "tag_last_pushed": "2023-12-01T07:40:26.86379Z", "media_type": "application/vnd.docker.distribution.manifest.list.v2+json", "content_type": "image", "digest": "sha256:c0c2f82754fe504249cbbcdf6da14d58e44b7d93c48e229d91195d1c3391f150"}, {"creator": 1156886, "id": 200805330, "images": [{"architecture": "amd64", "features": "", "variant": null, "digest": "sha256:0b39da2fce5692d9da1a30cd501131b6e38f2d8d7f4c454d567cc82254bbf15a", "os": "linux", "os_features": "", "os_version": null, "size": 177053705, "status": "active", "last_pulled": "2024-01-20T04:27:49.283725Z", "last_pushed": "2023-12-01T06:47:21.730475Z"}, {"architecture": "arm64", "features": "", "variant": "v8", "digest": "sha256:5b2d6e8f90985f1de8f8b28e2a782ba28fc48da05bc65485b3c117791b2f4662", "os": "linux", "os_features": "", "os_version": null, "size": 176271411, "status": "active", "last_pulled": "2024-01-19T18:27:34.059994Z", "last_pushed": "2023-12-01T07:39:06.71051Z"}, {"architecture": "ppc64le", "features": "", "variant": null, "digest": "sha256:068d06940e82702e726661c460e3be27f5d565a7b9f93576990762c035bf664e", "os": "linux", "os_features": "", "os_version": null, "size": 172865596, "status": "active", "last_pulled": "2024-01-20T00:27:28.748427Z", "last_pushed": "2023-12-01T05:57:25.560529Z"}], "last_updated": "2023-12-01T07:40:23.680925Z", "last_updater": 1156886, "last_updater_username": "doijanky", "name": "7.14.0", "repository": 360407, "full_size": 177053705, "v2": true, "tag_status": "active", "tag_last_pulled": "2024-01-20T06:55:07.225982Z", "tag_last_pushed": "2023-12-01T07:40:23.680925Z", "media_type": "application/vnd.docker.distribution.manifest.list.v2+json", "content_type": "image", "digest": "sha256:d1b1430817862e6ec2c949a051a0bf7bb3e3ed8bb217b964f2c46b5e3bf36b6d"}, {"creator": 1156886, "id": 200805316, "images": [{"architecture": "amd64", "features": "", "variant": null, "digest": "sha256:0b39da2fce5692d9da1a30cd501131b6e38f2d8d7f4c454d567cc82254bbf15a", "os": "linux", "os_features": "", "os_version": null, "size": 177053705, "status": "active", "last_pulled": "2024-01-20T04:27:49.283725Z", "last_pushed": "2023-12-01T06:47:21.730475Z"}, {"architecture": "arm64", "features": "", "variant": "v8", "digest": "sha256:5b2d6e8f90985f1de8f8b28e2a782ba28fc48da05bc65485b3c117791b2f4662", "os": "linux", "os_features": "", "os_version": null, "size": 176271411, "status": "active", "last_pulled": "2024-01-19T18:27:34.059994Z", "last_pushed": "2023-12-01T07:39:06.71051Z"}, {"architecture": "ppc64le", "features": "", "variant": null, "digest": "sha256:068d06940e82702e726661c460e3be27f5d565a7b9f93576990762c035bf664e", "os": "linux", "os_features": "", "os_version": null, "size": 172865596, "status": "active", "last_pulled": "2024-01-20T00:27:28.748427Z", "last_pushed": "2023-12-01T05:57:25.560529Z"}], "last_updated": "2023-12-01T07:40:19.986121Z", "last_updater": 1156886, "last_updater_username": "doijanky", "name": "7.14", "repository": 360407, "full_size": 177053705, "v2": true, "tag_status": "active", "tag_last_pulled": "2024-01-20T06:55:07.225982Z", "tag_last_pushed": "2023-12-01T07:40:19.986121Z", "media_type": "application/vnd.docker.distribution.manifest.list.v2+json", "content_type": "image", "digest": "sha256:d1b1430817862e6ec2c949a051a0bf7bb3e3ed8bb217b964f2c46b5e3bf36b6d"}, {"creator": 1156886, "id": 550403722, "images": [{"architecture": "amd64", "features": "", "variant": null, "digest": "sha256:c2908f6f685ed1f4f19f56c9e93c76b77fcb8a7e0c644449909abc668413d280", "os": "linux", "os_features": "", "os_version": null, "size": 191362756, "status": "active", "last_pulled": "2024-01-20T07:52:15.352171Z", "last_pushed": "2023-12-01T06:48:20.125521Z"}, {"architecture": "arm64", "features": "", "variant": "v8", "digest": "sha256:34c10898f477a7221a95893b57de3dcc23d4490708b50c5ff96cc632b7013d7f", "os": "linux", "os_features": "", "os_version": null, "size": 191218643, "status": "active", "last_pulled": "2024-01-19T16:05:32.664259Z", "last_pushed": "2023-12-01T07:40:10.958647Z"}, {"architecture": "ppc64le", "features": "", "variant": null, "digest": "sha256:a5c237bcece8e9b606a8b0c7294b3ee127239e9f95fa53c1a874fc1e9782144d", "os": "linux", "os_features": "", "os_version": null, "size": 188065296, "status": "active", "last_pulled": "2024-01-19T16:05:32.861366Z", "last_pushed": "2023-12-01T05:58:22.249622Z"}], "last_updated": "2023-12-01T07:40:16.456775Z", "last_updater": 1156886, "last_updater_username": "doijanky", "name": "2023.2-u0", "repository": 360407, "full_size": 191362756, "v2": true, "tag_status": "active", "tag_last_pulled": "2024-01-20T07:56:03.833579Z", "tag_last_pushed": "2023-12-01T07:40:16.456775Z", "media_type": "application/vnd.docker.distribution.manifest.list.v2+json", "content_type": "image", "digest": "sha256:79ace3619e7ca496f76b98433d4ca2047128b714292078dc1272621b82f62d47"}, {"creator": 1156886, "id": 550403649, "images": [{"architecture": "amd64", "features": "", "variant": null, "digest": "sha256:c2908f6f685ed1f4f19f56c9e93c76b77fcb8a7e0c644449909abc668413d280", "os": "linux", "os_features": "", "os_version": null, "size": 191362756, "status": "active", "last_pulled": "2024-01-20T07:52:15.352171Z", "last_pushed": "2023-12-01T06:48:20.125521Z"}, {"architecture": "arm64", "features": "", "variant": "v8", "digest": "sha256:34c10898f477a7221a95893b57de3dcc23d4490708b50c5ff96cc632b7013d7f", "os": "linux", "os_features": "", "os_version": null, "size": 191218643, "status": "active", "last_pulled": "2024-01-19T16:05:32.664259Z", "last_pushed": "2023-12-01T07:40:10.958647Z"}, {"architecture": "ppc64le", "features": "", "variant": null, "digest": "sha256:a5c237bcece8e9b606a8b0c7294b3ee127239e9f95fa53c1a874fc1e9782144d", "os": "linux", "os_features": "", "os_version": null, "size": 188065296, "status": "active", "last_pulled": "2024-01-19T16:05:32.861366Z", "last_pushed": "2023-12-01T05:58:22.249622Z"}], "last_updated": "2023-12-01T07:40:13.017698Z", "last_updater": 1156886, "last_updater_username": "doijanky", "name": "2023.2", "repository": 360407, "full_size": 191362756, "v2": true, "tag_status": "active", "tag_last_pulled": "2024-01-20T07:56:03.833579Z", "tag_last_pushed": "2023-12-01T07:40:13.017698Z", "media_type": "application/vnd.docker.distribution.manifest.list.v2+json", "content_type": "image", "digest": "sha256:79ace3619e7ca496f76b98433d4ca2047128b714292078dc1272621b82f62d47"}, {"creator": 1156886, "id": 438489845, "images": [{"architecture": "amd64", "features": "", "variant": null, "digest": "sha256:27684b4460a71b658929080fa6440da3414d6ff24344d9dc307fddb0a7e12ec6", "os": "linux", "os_features": "", "os_version": null, "size": 183367603, "status": "active", "last_pulled": "2024-01-19T21:27:48.366341Z", "last_pushed": "2023-12-01T06:48:00.562381Z"}, {"architecture": "arm64", "features": "", "variant": "v8", "digest": "sha256:53363f2aa72cec59d9a702afc3fa426edd50ac4c3b6c59d39cd70410b6838fb8", "os": "linux", "os_features": "", "os_version": null, "size": 182518550, "status": "active", "last_pulled": "2024-01-20T04:28:04.271514Z", "last_pushed": "2023-12-01T07:39:48.555695Z"}, {"architecture": "ppc64le", "features": "", "variant": null, "digest": "sha256:2373cfe2822b0323615cd2d0aca47bba003ddf843d4a5cadfef38708a3baf190", "os": "linux", "os_features": "", "os_version": null, "size": 179562198, "status": "active", "last_pulled": "2024-01-19T20:27:50.085462Z", "last_pushed": "2023-12-01T05:58:04.478677Z"}], "last_updated": "2023-12-01T07:39:58.187416Z", "last_updater": 1156886, "last_updater_username": "doijanky", "name": "2023.1-u0", "repository": 360407, "full_size": 183367603, "v2": true, "tag_status": "active", "tag_last_pulled": "2024-01-20T07:27:49.456792Z", "tag_last_pushed": "2023-12-01T07:39:58.187416Z", "media_type": "application/vnd.docker.distribution.manifest.list.v2+json", "content_type": "image", "digest": "sha256:595f821ed1906bda1063d6102f3a9388bae83e74e82980ac1166aa8e304f179d"}, {"creator": 1156886, "id": 438489831, "images": [{"architecture": "amd64", "features": "", "variant": null, "digest": "sha256:27684b4460a71b658929080fa6440da3414d6ff24344d9dc307fddb0a7e12ec6", "os": "linux", "os_features": "", "os_version": null, "size": 183367603, "status": "active", "last_pulled": "2024-01-19T21:27:48.366341Z", "last_pushed": "2023-12-01T06:48:00.562381Z"}, {"architecture": "arm64", "features": "", "variant": "v8", "digest": "sha256:53363f2aa72cec59d9a702afc3fa426edd50ac4c3b6c59d39cd70410b6838fb8", "os": "linux", "os_features": "", "os_version": null, "size": 182518550, "status": "active", "last_pulled": "2024-01-20T04:28:04.271514Z", "last_pushed": "2023-12-01T07:39:48.555695Z"}, {"architecture": "ppc64le", "features": "", "variant": null, "digest": "sha256:2373cfe2822b0323615cd2d0aca47bba003ddf843d4a5cadfef38708a3baf190", "os": "linux", "os_features": "", "os_version": null, "size": 179562198, "status": "active", "last_pulled": "2024-01-19T20:27:50.085462Z", "last_pushed": "2023-12-01T05:58:04.478677Z"}], "last_updated": "2023-12-01T07:39:50.633041Z", "last_updater": 1156886, "last_updater_username": "doijanky", "name": "2023.1", "repository": 360407, "full_size": 183367603, "v2": true, "tag_status": "active", "tag_last_pulled": "2024-01-20T07:27:49.456792Z", "tag_last_pushed": "2023-12-01T07:39:50.633041Z", "media_type": "application/vnd.docker.distribution.manifest.list.v2+json", "content_type": "image", "digest": "sha256:595f821ed1906bda1063d6102f3a9388bae83e74e82980ac1166aa8e304f179d"}, {"creator": 1156886, "id": 305643216, "images": [{"architecture": "amd64", "features": "", "variant": null, "digest": "sha256:3f2a5f8cfecaeaf44d261a21a77bfa458a2483cdeec432f9eff23378b16e4a57", "os": "linux", "os_features": "", "os_version": null, "size": 183640846, "status": "active", "last_pulled": "2024-01-20T04:03:53.034636Z", "last_pushed": "2023-12-01T06:47:40.27901Z"}, {"architecture": "arm64", "features": "", "variant": "v8", "digest": "sha256:d47f702a4834ac9a23b879c41aed4849f1a139dcf5c39916efcbd23dea0154bb", "os": "linux", "os_features": "", "os_version": null, "size": 182784874, "status": "active", "last_pulled": "2024-01-19T03:28:00.783506Z", "last_pushed": "2023-12-01T07:39:25.749002Z"}, {"architecture": "ppc64le", "features": "", "variant": null, "digest": "sha256:b5827c5ffbcbae64d6821b4feacb0476e34467277b92b5414f80128caa651859", "os": "linux", "os_features": "", "os_version": null, "size": 179806702, "status": "active", "last_pulled": "2024-01-20T00:27:38.88964Z", "last_pushed": "2023-12-01T05:57:44.76748Z"}], "last_updated": "2023-12-01T07:39:35.786816Z", "last_updater": 1156886, "last_updater_username": "doijanky", "name": "2022.2-u0", "repository": 360407, "full_size": 183640846, "v2": true, "tag_status": "active", "tag_last_pulled": "2024-01-20T06:55:10.499065Z", "tag_last_pushed": "2023-12-01T07:39:35.786816Z", "media_type": "application/vnd.docker.distribution.manifest.list.v2+json", "content_type": "image", "digest": "sha256:c0c2f82754fe504249cbbcdf6da14d58e44b7d93c48e229d91195d1c3391f150"}, {"creator": 1156886, "id": 305643181, "images": [{"architecture": "amd64", "features": "", "variant": null, "digest": "sha256:3f2a5f8cfecaeaf44d261a21a77bfa458a2483cdeec432f9eff23378b16e4a57", "os": "linux", "os_features": "", "os_version": null, "size": 183640846, "status": "active", "last_pulled": "2024-01-20T04:03:53.034636Z", "last_pushed": "2023-12-01T06:47:40.27901Z"}, {"architecture": "arm64", "features": "", "variant": "v8", "digest": "sha256:d47f702a4834ac9a23b879c41aed4849f1a139dcf5c39916efcbd23dea0154bb", "os": "linux", "os_features": "", "os_version": null, "size": 182784874, "status": "active", "last_pulled": "2024-01-19T03:28:00.783506Z", "last_pushed": "2023-12-01T07:39:25.749002Z"}, {"architecture": "ppc64le", "features": "", "variant": null, "digest": "sha256:b5827c5ffbcbae64d6821b4feacb0476e34467277b92b5414f80128caa651859", "os": "linux", "os_features": "", "os_version": null, "size": 179806702, "status": "active", "last_pulled": "2024-01-20T00:27:38.88964Z", "last_pushed": "2023-12-01T05:57:44.76748Z"}], "last_updated": "2023-12-01T07:39:32.009114Z", "last_updater": 1156886, "last_updater_username": "doijanky", "name": "2022.2", "repository": 360407, "full_size": 183640846, "v2": true, "tag_status": "active", "tag_last_pulled": "2024-01-20T06:55:10.499065Z", "tag_last_pushed": "2023-12-01T07:39:32.009114Z", "media_type": "application/vnd.docker.distribution.manifest.list.v2+json", "content_type": "image", "digest": "sha256:c0c2f82754fe504249cbbcdf6da14d58e44b7d93c48e229d91195d1c3391f150"}, {"creator": 1156886, "id": 200805209, "images": [{"architecture": "amd64", "features": "", "variant": null, "digest": "sha256:0b39da2fce5692d9da1a30cd501131b6e38f2d8d7f4c454d567cc82254bbf15a", "os": "linux", "os_features": "", "os_version": null, "size": 177053705, "status": "active", "last_pulled": "2024-01-20T04:27:49.283725Z", "last_pushed": "2023-12-01T06:47:21.730475Z"}, {"architecture": "arm64", "features": "", "variant": "v8", "digest": "sha256:5b2d6e8f90985f1de8f8b28e2a782ba28fc48da05bc65485b3c117791b2f4662", "os": "linux", "os_features": "", "os_version": null, "size": 176271411, "status": "active", "last_pulled": "2024-01-19T18:27:34.059994Z", "last_pushed": "2023-12-01T07:39:06.71051Z"}, {"architecture": "ppc64le", "features": "", "variant": null, "digest": "sha256:068d06940e82702e726661c460e3be27f5d565a7b9f93576990762c035bf664e", "os": "linux", "os_features": "", "os_version": null, "size": 172865596, "status": "active", "last_pulled": "2024-01-20T00:27:28.748427Z", "last_pushed": "2023-12-01T05:57:25.560529Z"}], "last_updated": "2023-12-01T07:39:12.462504Z", "last_updater": 1156886, "last_updater_username": "doijanky", "name": "2022.1-u0", "repository": 360407, "full_size": 177053705, "v2": true, "tag_status": "active", "tag_last_pulled": "2024-01-20T06:55:07.225982Z", "tag_last_pushed": "2023-12-01T07:39:12.462504Z", "media_type": "application/vnd.docker.distribution.manifest.list.v2+json", "content_type": "image", "digest": "sha256:d1b1430817862e6ec2c949a051a0bf7bb3e3ed8bb217b964f2c46b5e3bf36b6d"}, {"creator": 1156886, "id": 200805198, "images": [{"architecture": "amd64", "features": "", "variant": null, "digest": "sha256:0b39da2fce5692d9da1a30cd501131b6e38f2d8d7f4c454d567cc82254bbf15a", "os": "linux", "os_features": "", "os_version": null, "size": 177053705, "status": "active", "last_pulled": "2024-01-20T04:27:49.283725Z", "last_pushed": "2023-12-01T06:47:21.730475Z"}, {"architecture": "arm64", "features": "", "variant": "v8", "digest": "sha256:5b2d6e8f90985f1de8f8b28e2a782ba28fc48da05bc65485b3c117791b2f4662", "os": "linux", "os_features": "", "os_version": null, "size": 176271411, "status": "active", "last_pulled": "2024-01-19T18:27:34.059994Z", "last_pushed": "2023-12-01T07:39:06.71051Z"}, {"architecture": "ppc64le", "features": "", "variant": null, "digest": "sha256:068d06940e82702e726661c460e3be27f5d565a7b9f93576990762c035bf664e", "os": "linux", "os_features": "", "os_version": null, "size": 172865596, "status": "active", "last_pulled": "2024-01-20T00:27:28.748427Z", "last_pushed": "2023-12-01T05:57:25.560529Z"}], "last_updated": "2023-12-01T07:39:08.680437Z", "last_updater": 1156886, "last_updater_username": "doijanky", "name": "2022.1", "repository": 360407, "full_size": 177053705, "v2": true, "tag_status": "active", "tag_last_pulled": "2024-01-20T06:55:07.225982Z", "tag_last_pushed": "2023-12-01T07:39:08.680437Z", "media_type": "application/vnd.docker.distribution.manifest.list.v2+json", "content_type": "image", "digest": "sha256:d1b1430817862e6ec2c949a051a0bf7bb3e3ed8bb217b964f2c46b5e3bf36b6d"}, {"creator": 1156886, "id": 170988174, "images": [{"architecture": "amd64", "features": "", "variant": null, "digest": "sha256:d3504d49046b6cbb431ec90bb344f254f1a8e0b9736d168e22abcd30ffed7c7b", "os": "linux", "os_features": "", "os_version": null, "size": 234327184, "status": "active", "last_pulled": "2024-01-19T08:47:09.760022Z", "last_pushed": "2023-06-02T01:36:27.296574Z"}, {"architecture": "arm64", "features": "", "variant": "v8", "digest": "sha256:9983867912dae3c0340ff770602729b3b3728753ff40591cf211bcf38007a1bf", "os": "linux", "os_features": "", "os_version": null, "size": 225676099, "status": "active", "last_pulled": "2024-01-11T23:24:20.824871Z", "last_pushed": "2023-06-01T23:33:26.940685Z"}, {"architecture": "ppc64le", "features": "", "variant": null, "digest": "sha256:ee1f85da1a0601a58c08f5b38954b807e58e77f1c15f856c6e65c6d7069d9f6c", "os": "linux", "os_features": "", "os_version": null, "size": 232986008, "status": "active", "last_pulled": "2024-01-04T21:01:33.863142Z", "last_pushed": "2023-09-16T02:55:22.271488Z"}], "last_updated": "2023-09-16T02:55:49.664401Z", "last_updater": 1156886, "last_updater_username": "doijanky", "name": "7.13.0", "repository": 360407, "full_size": 234327184, "v2": true, "tag_status": "active", "tag_last_pulled": "2024-01-19T19:08:21.683456Z", "tag_last_pushed": "2023-09-16T02:55:49.664401Z", "media_type": "application/vnd.docker.distribution.manifest.list.v2+json", "content_type": "image", "digest": "sha256:ce650e5acc90966d76ebb0c0968f5d2fe9d1b62d69cae93bdd808bce9f52f6b9"}, {"creator": 1156886, "id": 170988164, "images": [{"architecture": "amd64", "features": "", "variant": null, "digest": "sha256:d3504d49046b6cbb431ec90bb344f254f1a8e0b9736d168e22abcd30ffed7c7b", "os": "linux", "os_features": "", "os_version": null, "size": 234327184, "status": "active", "last_pulled": "2024-01-19T08:47:09.760022Z", "last_pushed": "2023-06-02T01:36:27.296574Z"}, {"architecture": "arm64", "features": "", "variant": "v8", "digest": "sha256:9983867912dae3c0340ff770602729b3b3728753ff40591cf211bcf38007a1bf", "os": "linux", "os_features": "", "os_version": null, "size": 225676099, "status": "active", "last_pulled": "2024-01-11T23:24:20.824871Z", "last_pushed": "2023-06-01T23:33:26.940685Z"}, {"architecture": "ppc64le", "features": "", "variant": null, "digest": "sha256:ee1f85da1a0601a58c08f5b38954b807e58e77f1c15f856c6e65c6d7069d9f6c", "os": "linux", "os_features": "", "os_version": null, "size": 232986008, "status": "active", "last_pulled": "2024-01-04T21:01:33.863142Z", "last_pushed": "2023-09-16T02:55:22.271488Z"}], "last_updated": "2023-09-16T02:55:44.082795Z", "last_updater": 1156886, "last_updater_username": "doijanky", "name": "7.13", "repository": 360407, "full_size": 234327184, "v2": true, "tag_status": "active", "tag_last_pulled": "2024-01-19T19:08:21.683456Z", "tag_last_pushed": "2023-09-16T02:55:44.082795Z", "media_type": "application/vnd.docker.distribution.manifest.list.v2+json", "content_type": "image", "digest": "sha256:ce650e5acc90966d76ebb0c0968f5d2fe9d1b62d69cae93bdd808bce9f52f6b9"}, {"creator": 1156886, "id": 170988145, "images": [{"architecture": "amd64", "features": "", "variant": null, "digest": "sha256:d3504d49046b6cbb431ec90bb344f254f1a8e0b9736d168e22abcd30ffed7c7b", "os": "linux", "os_features": "", "os_version": null, "size": 234327184, "status": "active", "last_pulled": "2024-01-19T08:47:09.760022Z", "last_pushed": "2023-06-02T01:36:27.296574Z"}, {"architecture": "arm64", "features": "", "variant": "v8", "digest": "sha256:9983867912dae3c0340ff770602729b3b3728753ff40591cf211bcf38007a1bf", "os": "linux", "os_features": "", "os_version": null, "size": 225676099, "status": "active", "last_pulled": "2024-01-11T23:24:20.824871Z", "last_pushed": "2023-06-01T23:33:26.940685Z"}, {"architecture": "ppc64le", "features": "", "variant": null, "digest": "sha256:ee1f85da1a0601a58c08f5b38954b807e58e77f1c15f856c6e65c6d7069d9f6c", "os": "linux", "os_features": "", "os_version": null, "size": 232986008, "status": "active", "last_pulled": "2024-01-04T21:01:33.863142Z", "last_pushed": "2023-09-16T02:55:22.271488Z"}], "last_updated": "2023-09-16T02:55:28.956153Z", "last_updater": 1156886, "last_updater_username": "doijanky", "name": "2021.2-u0", "repository": 360407, "full_size": 234327184, "v2": true, "tag_status": "active", "tag_last_pulled": "2024-01-19T19:08:21.683456Z", "tag_last_pushed": "2023-09-16T02:55:28.956153Z", "media_type": "application/vnd.docker.distribution.manifest.list.v2+json", "content_type": "image", "digest": "sha256:ce650e5acc90966d76ebb0c0968f5d2fe9d1b62d69cae93bdd808bce9f52f6b9"}, {"creator": 1156886, "id": 170988140, "images": [{"architecture": "amd64", "features": "", "variant": null, "digest": "sha256:d3504d49046b6cbb431ec90bb344f254f1a8e0b9736d168e22abcd30ffed7c7b", "os": "linux", "os_features": "", "os_version": null, "size": 234327184, "status": "active", "last_pulled": "2024-01-19T08:47:09.760022Z", "last_pushed": "2023-06-02T01:36:27.296574Z"}, {"architecture": "arm64", "features": "", "variant": "v8", "digest": "sha256:9983867912dae3c0340ff770602729b3b3728753ff40591cf211bcf38007a1bf", "os": "linux", "os_features": "", "os_version": null, "size": 225676099, "status": "active", "last_pulled": "2024-01-11T23:24:20.824871Z", "last_pushed": "2023-06-01T23:33:26.940685Z"}, {"architecture": "ppc64le", "features": "", "variant": null, "digest": "sha256:ee1f85da1a0601a58c08f5b38954b807e58e77f1c15f856c6e65c6d7069d9f6c", "os": "linux", "os_features": "", "os_version": null, "size": 232986008, "status": "active", "last_pulled": "2024-01-04T21:01:33.863142Z", "last_pushed": "2023-09-16T02:55:22.271488Z"}], "last_updated": "2023-09-16T02:55:24.417307Z", "last_updater": 1156886, "last_updater_username": "doijanky", "name": "2021.2", "repository": 360407, "full_size": 234327184, "v2": true, "tag_status": "active", "tag_last_pulled": "2024-01-19T19:08:21.683456Z", "tag_last_pushed": "2023-09-16T02:55:24.417307Z", "media_type": "application/vnd.docker.distribution.manifest.list.v2+json", "content_type": "image", "digest": "sha256:ce650e5acc90966d76ebb0c0968f5d2fe9d1b62d69cae93bdd808bce9f52f6b9"}, {"creator": 1156886, "id": 135360392, "images": [{"architecture": "amd64", "features": "", "variant": null, "digest": "sha256:6eaa1fb580767948d15189924ea67ce29dda00825092fe8210486ff3c6dfe880", "os": "linux", "os_features": "", "os_version": null, "size": 235216950, "status": "active", "last_pulled": "2024-01-19T08:46:51.88094Z", "last_pushed": "2023-03-16T06:17:30.38414Z"}, {"architecture": "arm64", "features": "", "variant": "v8", "digest": "sha256:8902dc37b5c4d6e783edf42d065a619344e60e432ab99982d40925778877fd7b", "os": "linux", "os_features": "", "os_version": null, "size": 226708998, "status": "active", "last_pulled": "2024-01-11T23:24:38.651056Z", "last_pushed": "2023-03-16T02:02:27.21312Z"}, {"architecture": "ppc64le", "features": "", "variant": null, "digest": "sha256:ad6a2eed1730df305984d2d08e2b6d05d664f5486666ff3d6ce2fcd62d7f3e68", "os": "linux", "os_features": "", "os_version": null, "size": 234217649, "status": "active", "last_pulled": "2024-01-04T21:01:36.138019Z", "last_pushed": "2023-03-16T03:20:57.485428Z"}], "last_updated": "2023-03-16T06:18:00.650735Z", "last_updater": 1156886, "last_updater_username": "doijanky", "name": "7.12.1", "repository": 360407, "full_size": 235216950, "v2": true, "tag_status": "active", "tag_last_pulled": "2024-01-19T08:46:51.88094Z", "tag_last_pushed": "2023-03-16T06:18:00.650735Z", "media_type": "application/vnd.docker.distribution.manifest.list.v2+json", "content_type": "image", "digest": "sha256:f9e95db3ab59cc61627f2eed7e84a2ea2f04c94521e0d8746fdc23cc690467e0"}, {"creator": 1156886, "id": 135360390, "images": [{"architecture": "amd64", "features": "", "variant": null, "digest": "sha256:6eaa1fb580767948d15189924ea67ce29dda00825092fe8210486ff3c6dfe880", "os": "linux", "os_features": "", "os_version": null, "size": 235216950, "status": "active", "last_pulled": "2024-01-19T08:46:51.88094Z", "last_pushed": "2023-03-16T06:17:30.38414Z"}, {"architecture": "arm64", "features": "", "variant": "v8", "digest": "sha256:8902dc37b5c4d6e783edf42d065a619344e60e432ab99982d40925778877fd7b", "os": "linux", "os_features": "", "os_version": null, "size": 226708998, "status": "active", "last_pulled": "2024-01-11T23:24:38.651056Z", "last_pushed": "2023-03-16T02:02:27.21312Z"}, {"architecture": "ppc64le", "features": "", "variant": null, "digest": "sha256:ad6a2eed1730df305984d2d08e2b6d05d664f5486666ff3d6ce2fcd62d7f3e68", "os": "linux", "os_features": "", "os_version": null, "size": 234217649, "status": "active", "last_pulled": "2024-01-04T21:01:36.138019Z", "last_pushed": "2023-03-16T03:20:57.485428Z"}], "last_updated": "2023-03-16T06:17:57.543334Z", "last_updater": 1156886, "last_updater_username": "doijanky", "name": "7.12", "repository": 360407, "full_size": 235216950, "v2": true, "tag_status": "active", "tag_last_pulled": "2024-01-19T08:46:51.88094Z", "tag_last_pushed": "2023-03-16T06:17:57.543334Z", "media_type": "application/vnd.docker.distribution.manifest.list.v2+json", "content_type": "image", "digest": "sha256:f9e95db3ab59cc61627f2eed7e84a2ea2f04c94521e0d8746fdc23cc690467e0"}, {"creator": 1156886, "id": 135360384, "images": [{"architecture": "amd64", "features": "", "variant": null, "digest": "sha256:6eaa1fb580767948d15189924ea67ce29dda00825092fe8210486ff3c6dfe880", "os": "linux", "os_features": "", "os_version": null, "size": 235216950, "status": "active", "last_pulled": "2024-01-19T08:46:51.88094Z", "last_pushed": "2023-03-16T06:17:30.38414Z"}, {"architecture": "arm64", "features": "", "variant": "v8", "digest": "sha256:8902dc37b5c4d6e783edf42d065a619344e60e432ab99982d40925778877fd7b", "os": "linux", "os_features": "", "os_version": null, "size": 226708998, "status": "active", "last_pulled": "2024-01-11T23:24:38.651056Z", "last_pushed": "2023-03-16T02:02:27.21312Z"}, {"architecture": "ppc64le", "features": "", "variant": null, "digest": "sha256:ad6a2eed1730df305984d2d08e2b6d05d664f5486666ff3d6ce2fcd62d7f3e68", "os": "linux", "os_features": "", "os_version": null, "size": 234217649, "status": "active", "last_pulled": "2024-01-04T21:01:36.138019Z", "last_pushed": "2023-03-16T03:20:57.485428Z"}], "last_updated": "2023-03-16T06:17:32.337184Z", "last_updater": 1156886, "last_updater_username": "doijanky", "name": "2021.1", "repository": 360407, "full_size": 235216950, "v2": true, "tag_status": "active", "tag_last_pulled": "2024-01-19T08:46:51.88094Z", "tag_last_pushed": "2023-03-16T06:17:32.337184Z", "media_type": "application/vnd.docker.distribution.manifest.list.v2+json", "content_type": "image", "digest": "sha256:f9e95db3ab59cc61627f2eed7e84a2ea2f04c94521e0d8746fdc23cc690467e0"}, {"creator": 1156886, "id": 128332020, "images": [{"architecture": "amd64", "features": "", "variant": null, "digest": "sha256:41b25a701abc7efb83cf4c71facb6455c39b2eb555a83ddb1944f54dd11a69b4", "os": "linux", "os_features": "", "os_version": null, "size": 232092703, "status": "active", "last_pulled": "2024-01-19T08:47:48.3218Z", "last_pushed": "2022-10-05T16:59:50.376672Z"}, {"architecture": "arm64", "features": "", "variant": "v8", "digest": "sha256:b5b7ec88edee948ee6bfd8a659f75cae1826c5648b1c0e18e0e0b6df28e6a98f", "os": "linux", "os_features": "", "os_version": null, "size": 223568945, "status": "active", "last_pulled": "2024-01-11T23:24:51.464444Z", "last_pushed": "2022-10-05T15:53:59.031728Z"}, {"architecture": "ppc64le", "features": "", "variant": null, "digest": "sha256:fc6b7271f03eab417027b4d991e796a373e7abfa77ce3b35f7154af41c5e661d", "os": "linux", "os_features": "", "os_version": null, "size": 231055609, "status": "active", "last_pulled": "2024-01-04T17:45:38.783831Z", "last_pushed": "2022-10-05T19:03:08.680589Z"}], "last_updated": "2022-10-05T19:03:14.364361Z", "last_updater": 1156886, "last_updater_username": "doijanky", "name": "7.11.4", "repository": 360407, "full_size": 232092703, "v2": true, "tag_status": "active", "tag_last_pulled": "2024-01-19T19:09:15.944733Z", "tag_last_pushed": "2022-10-05T19:03:14.364361Z", "media_type": "application/vnd.docker.distribution.manifest.list.v2+json", "content_type": "image", "digest": "sha256:8616e65aacbf8c30c1f3acd23303b72e5542a87f1cf4e18478f71f4ee350d64c"}, {"creator": 1156886, "id": 106184794, "images": [{"architecture": "amd64", "features": "", "variant": null, "digest": "sha256:41b25a701abc7efb83cf4c71facb6455c39b2eb555a83ddb1944f54dd11a69b4", "os": "linux", "os_features": "", "os_version": null, "size": 232092703, "status": "active", "last_pulled": "2024-01-19T08:47:48.3218Z", "last_pushed": "2022-10-05T16:59:50.376672Z"}, {"architecture": "arm64", "features": "", "variant": "v8", "digest": "sha256:b5b7ec88edee948ee6bfd8a659f75cae1826c5648b1c0e18e0e0b6df28e6a98f", "os": "linux", "os_features": "", "os_version": null, "size": 223568945, "status": "active", "last_pulled": "2024-01-11T23:24:51.464444Z", "last_pushed": "2022-10-05T15:53:59.031728Z"}, {"architecture": "ppc64le", "features": "", "variant": null, "digest": "sha256:fc6b7271f03eab417027b4d991e796a373e7abfa77ce3b35f7154af41c5e661d", "os": "linux", "os_features": "", "os_version": null, "size": 231055609, "status": "active", "last_pulled": "2024-01-04T17:45:38.783831Z", "last_pushed": "2022-10-05T19:03:08.680589Z"}], "last_updated": "2022-10-05T19:03:11.050864Z", "last_updater": 1156886, "last_updater_username": "doijanky", "name": "7.11", "repository": 360407, "full_size": 232092703, "v2": true, "tag_status": "active", "tag_last_pulled": "2024-01-19T19:09:15.944733Z", "tag_last_pushed": "2022-10-05T19:03:11.050864Z", "media_type": "application/vnd.docker.distribution.manifest.list.v2+json", "content_type": "image", "digest": "sha256:8616e65aacbf8c30c1f3acd23303b72e5542a87f1cf4e18478f71f4ee350d64c"}, {"creator": 1156886, "id": 119896275, "images": [{"architecture": "amd64", "features": "", "variant": null, "digest": "sha256:c9aef5e0f249b8c478dbe9a1627b236dc937d902ebfb4047972853b6e82ca764", "os": "linux", "os_features": "", "os_version": null, "size": 242322192, "status": "active", "last_pulled": "2024-01-19T08:47:34.716632Z", "last_pushed": "2021-10-01T03:29:59.305216Z"}, {"architecture": "ppc64le", "features": "", "variant": null, "digest": "sha256:18350d80a3c93bafb839352bc992ab1c5d8d049435cdb4d497fc379c4ea26f7a", "os": "linux", "os_features": "", "os_version": null, "size": 240321853, "status": "active", "last_pulled": "2024-01-04T23:32:34.39105Z", "last_pushed": "2021-10-06T17:55:44.18867Z"}, {"architecture": "arm64", "features": "", "variant": "v8", "digest": "sha256:dc46426e4d55fe55256ae2fe9a281cb814548030ef2b0ea2f85374115bdad9eb", "os": "linux", "os_features": "", "os_version": null, "size": 231031822, "status": "active", "last_pulled": "2024-01-11T23:24:54.934689Z", "last_pushed": "2021-10-01T03:30:00.703951Z"}], "last_updated": "2021-10-06T17:55:49.073273Z", "last_updater": 1156886, "last_updater_username": "doijanky", "name": "7.10.6", "repository": 360407, "full_size": 242322192, "v2": true, "tag_status": "active", "tag_last_pulled": "2024-01-19T08:47:34.716632Z", "tag_last_pushed": "2021-10-06T17:55:49.073273Z", "media_type": "application/vnd.docker.distribution.manifest.list.v2+json", "content_type": "image"}, {"creator": 1156886, "id": 80452709, "images": [{"architecture": "arm64", "features": "", "variant": "v8", "digest": "sha256:dc46426e4d55fe55256ae2fe9a281cb814548030ef2b0ea2f85374115bdad9eb", "os": "linux", "os_features": "", "os_version": null, "size": 231031822, "status": "active", "last_pulled": "2024-01-11T23:24:54.934689Z", "last_pushed": "2021-10-01T03:30:00.703951Z"}, {"architecture": "amd64", "features": "", "variant": null, "digest": "sha256:c9aef5e0f249b8c478dbe9a1627b236dc937d902ebfb4047972853b6e82ca764", "os": "linux", "os_features": "", "os_version": null, "size": 242322192, "status": "active", "last_pulled": "2024-01-19T08:47:34.716632Z", "last_pushed": "2021-10-01T03:29:59.305216Z"}, {"architecture": "ppc64le", "features": "", "variant": null, "digest": "sha256:18350d80a3c93bafb839352bc992ab1c5d8d049435cdb4d497fc379c4ea26f7a", "os": "linux", "os_features": "", "os_version": null, "size": 240321853, "status": "active", "last_pulled": "2024-01-04T23:32:34.39105Z", "last_pushed": "2021-10-06T17:55:44.18867Z"}], "last_updated": "2021-10-06T17:55:46.506182Z", "last_updater": 1156886, "last_updater_username": "doijanky", "name": "7.10", "repository": 360407, "full_size": 242322192, "v2": true, "tag_status": "active", "tag_last_pulled": "2024-01-19T08:47:34.716632Z", "tag_last_pushed": "2021-10-06T17:55:46.506182Z", "media_type": "application/vnd.docker.distribution.manifest.list.v2+json", "content_type": "image"}, {"creator": 1156886, "id": 90924530, "images": [{"architecture": "amd64", "features": "", "variant": null, "digest": "sha256:b6dc28d616d0642b9f8b31a0ff14eff4b425f8251e6e257875a717bcc242519d", "os": "linux", "os_features": "", "os_version": null, "size": 229932638, "status": "active", "last_pulled": "2024-01-19T08:49:41.123394Z", "last_pushed": "2021-01-21T07:57:22.220673Z"}, {"architecture": "arm64", "features": "", "variant": "v8", "digest": "sha256:c239e0e8412320996b526ad932df5f80fd1e59fc7801b79cecd67bd2835e0a57", "os": "linux", "os_features": "", "os_version": null, "size": 217854446, "status": "active", "last_pulled": "2024-01-11T23:25:04.857499Z", "last_pushed": "2021-01-21T05:48:15.011158Z"}, {"architecture": "ppc64le", "features": "", "variant": null, "digest": "sha256:7fe1370da8a4c623766c33aa5f17ec6e1d73071443319d8a67de70e5c5450d3a", "os": "linux", "os_features": "", "os_version": null, "size": 226259333, "status": "active", "last_pulled": "2024-01-06T23:19:49.688768Z", "last_pushed": "2021-01-21T04:48:35.313127Z"}], "last_updated": "2021-01-21T07:57:29.456617Z", "last_updater": 1156886, "last_updater_username": "doijanky", "name": "7.9.5", "repository": 360407, "full_size": 229932638, "v2": true, "tag_status": "active", "tag_last_pulled": "2024-01-19T08:49:41.123394Z", "tag_last_pushed": "2021-01-21T07:57:29.456617Z", "media_type": "application/vnd.docker.distribution.manifest.list.v2+json", "content_type": "image"}, {"creator": 1156886, "id": 59131954, "images": [{"architecture": "amd64", "features": "", "variant": null, "digest": "sha256:b6dc28d616d0642b9f8b31a0ff14eff4b425f8251e6e257875a717bcc242519d", "os": "linux", "os_features": "", "os_version": null, "size": 229932638, "status": "active", "last_pulled": "2024-01-19T08:49:41.123394Z", "last_pushed": "2021-01-21T07:57:22.220673Z"}, {"architecture": "arm64", "features": "", "variant": "v8", "digest": "sha256:c239e0e8412320996b526ad932df5f80fd1e59fc7801b79cecd67bd2835e0a57", "os": "linux", "os_features": "", "os_version": null, "size": 217854446, "status": "active", "last_pulled": "2024-01-11T23:25:04.857499Z", "last_pushed": "2021-01-21T05:48:15.011158Z"}, {"architecture": "ppc64le", "features": "", "variant": null, "digest": "sha256:7fe1370da8a4c623766c33aa5f17ec6e1d73071443319d8a67de70e5c5450d3a", "os": "linux", "os_features": "", "os_version": null, "size": 226259333, "status": "active", "last_pulled": "2024-01-06T23:19:49.688768Z", "last_pushed": "2021-01-21T04:48:35.313127Z"}], "last_updated": "2021-01-21T07:57:26.881876Z", "last_updater": 1156886, "last_updater_username": "doijanky", "name": "7.9", "repository": 360407, "full_size": 229932638, "v2": true, "tag_status": "active", "tag_last_pulled": "2024-01-19T08:49:41.123394Z", "tag_last_pushed": "2021-01-21T07:57:26.881876Z", "media_type": "application/vnd.docker.distribution.manifest.list.v2+json", "content_type": "image"}, {"creator": 1156886, "id": 124935828, "images": [{"architecture": "arm64", "features": "", "variant": "v8", "digest": "sha256:e1540036a17306fbc9bf5725f28a93bfd4c2fd6d5fc4fe516394ca77b0d793a5", "os": "linux", "os_features": "", "os_version": null, "size": 222916614, "status": "active", "last_pulled": "2024-01-04T23:32:35.612795Z", "last_pushed": "2020-11-25T23:41:23.783025Z"}, {"architecture": "ppc64le", "features": "", "variant": null, "digest": "sha256:ea2717d4194c5be17dd01021b5a6536b7708b24be774b8732b43cf51fd7698fa", "os": "linux", "os_features": "", "os_version": null, "size": 230230767, "status": "active", "last_pulled": "2024-01-04T23:32:36.547112Z", "last_pushed": "2020-11-26T00:55:52.440221Z"}, {"architecture": "amd64", "features": "", "variant": null, "digest": "sha256:2fe282a833e9b519992e3d4a0913f30d0b84db488b77d55319488acadbd628a1", "os": "linux", "os_features": "", "os_version": null, "size": 234623482, "status": "active", "last_pulled": "2024-01-19T08:47:56.171706Z", "last_pushed": "2020-11-26T01:38:21.945902Z"}], "last_updated": "2020-11-26T01:38:29.64587Z", "last_updater": 1156886, "last_updater_username": "doijanky", "name": "7.11.3", "repository": 360407, "full_size": 234623482, "v2": true, "tag_status": "active", "tag_last_pulled": "2024-01-19T08:47:56.171706Z", "tag_last_pushed": "2020-11-26T01:38:29.64587Z", "media_type": "application/vnd.docker.distribution.manifest.list.v2+json", "content_type": "image"}, {"creator": 1156886, "id": 119896311, "images": [{"architecture": "arm64", "features": "", "variant": "v8", "digest": "sha256:b6374fd07eb45b7644a7566c4a5ac83d67318516a710b8c0a715909e50ce7d12", "os": "linux", "os_features": "", "os_version": null, "size": 230532417, "status": "active", "last_pulled": "2024-01-04T21:01:37.640428Z", "last_pushed": "2020-10-02T20:55:35.760084Z"}, {"architecture": "amd64", "features": "", "variant": null, "digest": "sha256:376671555521da6806a5e11951fe218b3b0ddd760a4092cb3a5a837ac71dbf97", "os": "linux", "os_features": "", "os_version": null, "size": 242522734, "status": "active", "last_pulled": "2024-01-19T08:47:54.304141Z", "last_pushed": "2020-10-02T21:37:16.719997Z"}, {"architecture": "ppc64le", "features": "", "variant": null, "digest": "sha256:ad224a8bb29770bd7bd2f1cc15c1e826143aa81f4a0dc3735c10d98c15371673", "os": "linux", "os_features": "", "os_version": null, "size": 239218858, "status": "active", "last_pulled": "2024-01-04T21:01:37.827102Z", "last_pushed": "2020-10-02T21:37:18.375404Z"}], "last_updated": "2020-10-02T21:37:24.898558Z", "last_updater": 1156886, "last_updater_username": "doijanky", "name": "7.11.2", "repository": 360407, "full_size": 242522734, "v2": true, "tag_status": "active", "tag_last_pulled": "2024-01-19T08:47:54.304141Z", "tag_last_pushed": "2020-10-02T21:37:24.898558Z", "media_type": "application/vnd.docker.distribution.manifest.list.v2+json", "content_type": "image"}, {"creator": 1156886, "id": 112825860, "images": [{"architecture": "arm64", "features": "", "variant": "v8", "digest": "sha256:c1f456dcf7a4f2479fbfdab8758d5129c32737d0c929c347d990fc4a259cf889", "os": "linux", "os_features": "", "os_version": null, "size": 230527423, "status": "active", "last_pulled": "2024-01-04T21:01:38.239131Z", "last_pushed": "2020-09-25T23:34:03.319979Z"}, {"architecture": "amd64", "features": "", "variant": null, "digest": "sha256:6fb6ab9a679a3d2f3db9b798778bed62c98d768729a0accdad8e86a39f6afeac", "os": "linux", "os_features": "", "os_version": null, "size": 242517755, "status": "active", "last_pulled": "2024-01-19T08:47:52.32591Z", "last_pushed": "2020-09-25T23:55:39.082295Z"}, {"architecture": "ppc64le", "features": "", "variant": null, "digest": "sha256:66d46edd1bc0688a2411b56302eedd764b76a749a4969ddeb35969b1f205dbe1", "os": "linux", "os_features": "", "os_version": null, "size": 239213864, "status": "active", "last_pulled": "2024-01-04T21:01:39.147635Z", "last_pushed": "2020-09-26T03:52:59.100463Z"}], "last_updated": "2020-09-26T03:53:04.574817Z", "last_updater": 1156886, "last_updater_username": "doijanky", "name": "7.11.1", "repository": 360407, "full_size": 0, "v2": true, "tag_status": "active", "tag_last_pulled": "2024-01-19T08:47:52.32591Z", "tag_last_pushed": "2020-09-26T03:53:04.574817Z", "media_type": "application/vnd.docker.distribution.manifest.list.v2+json", "content_type": "image"}, {"creator": 1156886, "id": 104570721, "images": [{"architecture": "ppc64le", "features": "", "variant": null, "digest": "sha256:51d6e397d904439a18ba42ee41dd857f19084dce73158471f9b7dd50bd53e80c", "os": "linux", "os_features": "", "os_version": null, "size": 223936455, "status": "active", "last_pulled": "2024-01-04T23:32:37.774468Z", "last_pushed": "2020-09-26T03:52:46.484043Z"}, {"architecture": "arm64", "features": "", "variant": "v8", "digest": "sha256:ebf244daa7b9ea1e52356a091e27858ce8979ef69ac80da9d46ea3dd3e577aa2", "os": "linux", "os_features": "", "os_version": null, "size": 215250014, "status": "active", "last_pulled": "2024-01-04T23:32:37.814847Z", "last_pushed": "2020-09-25T23:33:45.186334Z"}, {"architecture": "amd64", "features": "", "variant": null, "digest": "sha256:20019759ca31c4294caceb5e4b9d5d396ea89221ac601a49b9fb36243fd90564", "os": "linux", "os_features": "", "os_version": null, "size": 227240346, "status": "active", "last_pulled": "2024-01-19T08:47:44.617458Z", "last_pushed": "2020-09-25T23:55:23.489423Z"}], "last_updated": "2020-09-26T03:52:51.800363Z", "last_updater": 1156886, "last_updater_username": "doijanky", "name": "7.10.5", "repository": 360407, "full_size": 0, "v2": true, "tag_status": "active", "tag_last_pulled": "2024-01-19T08:47:44.617458Z", "tag_last_pushed": "2020-09-26T03:52:51.800363Z", "media_type": "application/vnd.docker.distribution.manifest.list.v2+json", "content_type": "image"}, {"creator": 1156886, "id": 106184806, "images": [{"architecture": "amd64", "features": "", "variant": null, "digest": "sha256:72bb0869f1147f049c093c9620881e92c87188500ecc8e17296a6b7672d86fb7", "os": "linux", "os_features": "", "os_version": null, "size": 242444789, "status": "active", "last_pulled": "2024-01-19T08:47:50.244827Z", "last_pushed": null}, {"architecture": "ppc64le", "features": "", "variant": null, "digest": "sha256:5f05d7619548dff5b29591f85e0566daad8abaa122346711def35c2fc17a5527", "os": "linux", "os_features": "", "os_version": null, "size": 239104067, "status": "active", "last_pulled": "2024-01-04T23:32:39.871759Z", "last_pushed": null}, {"architecture": "arm64", "features": "", "variant": "v8", "digest": "sha256:7b9cba5e75b875c26b9c71818f42afd58d92927bdef0b2d928903a44b46ba5c3", "os": "linux", "os_features": "", "os_version": null, "size": 230443238, "status": "active", "last_pulled": "2024-01-04T23:32:40.015803Z", "last_pushed": null}], "last_updated": "2020-07-24T18:54:43.2331Z", "last_updater": 1156886, "last_updater_username": "doijanky", "name": "7.11.0", "repository": 360407, "full_size": 0, "v2": true, "tag_status": "active", "tag_last_pulled": "2024-01-19T08:47:50.244827Z", "tag_last_pushed": "2020-07-24T18:54:43.2331Z", "media_type": "application/vnd.docker.distribution.manifest.list.v2+json", "content_type": "image"}, {"creator": 1156886, "id": 93694951, "images": [{"architecture": "arm64", "features": "", "variant": "v8", "digest": "sha256:5e3ab73d89b5394d0e981ce2ac94549a06ed1a76262e5198138a200c90415c1e", "os": "linux", "os_features": "", "os_version": null, "size": 215098289, "status": "active", "last_pulled": "2024-01-04T23:32:40.769091Z", "last_pushed": null}, {"architecture": "amd64", "features": "", "variant": null, "digest": "sha256:6c198d50123572fe10e314fea73e800dfc74e9b71ba8de3fb8fa1251f57b9c2d", "os": "linux", "os_features": "", "os_version": null, "size": 227091253, "status": "active", "last_pulled": "2024-01-19T23:05:19.194198Z", "last_pushed": null}, {"architecture": "ppc64le", "features": "", "variant": null, "digest": "sha256:7c32385effd35f026f4264c530280cf83a84f6920b3adf64a13cc73edd7c8a4f", "os": "linux", "os_features": "", "os_version": null, "size": 223761201, "status": "active", "last_pulled": "2024-01-04T23:32:42.318226Z", "last_pushed": null}], "last_updated": "2020-04-24T20:55:31.99372Z", "last_updater": 1156886, "last_updater_username": "doijanky", "name": "7.10.4", "repository": 360407, "full_size": 227091253, "v2": true, "tag_status": "active", "tag_last_pulled": "2024-01-19T23:05:19.194198Z", "tag_last_pushed": "2020-04-24T20:55:31.99372Z", "media_type": "application/vnd.docker.distribution.manifest.list.v2+json", "content_type": "image"}, {"creator": 1156886, "id": 90267800, "images": [{"architecture": "arm64", "features": "", "variant": "v8", "digest": "sha256:e4937c13db9e8fcffeac945498647f745367f678bebfd2ea574a4f1b6027d685", "os": "linux", "os_features": "", "os_version": null, "size": 215080420, "status": "active", "last_pulled": "2024-01-06T23:19:50.033163Z", "last_pushed": null}, {"architecture": "ppc64le", "features": "", "variant": null, "digest": "sha256:53ca2328ae46ca4483d2f46b56d98479d565cca79735ac9bd8f80690dc7363ea", "os": "linux", "os_features": "", "os_version": null, "size": 223742858, "status": "active", "last_pulled": "2024-01-06T23:19:50.460016Z", "last_pushed": null}, {"architecture": "amd64", "features": "", "variant": null, "digest": "sha256:f5b7be774bb04ad3137a6bba22fc35221c03fe40c90f521331f034af5fbc98c3", "os": "linux", "os_features": "", "os_version": null, "size": 227053709, "status": "active", "last_pulled": "2024-01-19T08:47:40.733842Z", "last_pushed": null}], "last_updated": "2020-03-20T20:55:53.131001Z", "last_updater": 1156886, "last_updater_username": "doijanky", "name": "7.10.3", "repository": 360407, "full_size": 227053709, "v2": true, "tag_status": "active", "tag_last_pulled": "2024-01-19T08:47:40.733842Z", "tag_last_pushed": "2020-03-20T20:55:53.131001Z", "media_type": "application/vnd.docker.distribution.manifest.list.v2+json", "content_type": "image"}, {"creator": 1156886, "id": 73091252, "images": [{"architecture": "amd64", "features": "", "variant": null, "digest": "sha256:85cf4b51dbc57088ea3e5f7ec01064a904a47bbf9db81176e583c5409cdb6d7e", "os": "linux", "os_features": "", "os_version": null, "size": 229177166, "status": "active", "last_pulled": "2024-01-19T08:49:51.384911Z", "last_pushed": null}, {"architecture": "arm64", "features": "", "variant": "v8", "digest": "sha256:57e52c93bbb564c7d75975adb58dddb9ba1ac0fca445d9e8217bbc67da25a5d0", "os": "linux", "os_features": "", "os_version": null, "size": 217201924, "status": "active", "last_pulled": "2024-01-06T23:19:51.525326Z", "last_pushed": null}, {"architecture": "ppc64le", "features": "", "variant": null, "digest": "sha256:50f2ece5d11435b4fe1bd4d7c30309eb337d709993fa4fe101ef75ad118e3e57", "os": "linux", "os_features": "", "os_version": null, "size": 225865473, "status": "active", "last_pulled": "2024-01-06T23:19:51.962096Z", "last_pushed": null}], "last_updated": "2020-02-22T00:56:34.572592Z", "last_updater": 1156886, "last_updater_username": "doijanky", "name": "7.9.4", "repository": 360407, "full_size": 229177166, "v2": true, "tag_status": "active", "tag_last_pulled": "2024-01-19T08:49:51.384911Z", "tag_last_pushed": "2020-02-22T00:56:34.572592Z", "media_type": "application/vnd.docker.distribution.manifest.list.v2+json", "content_type": "image"}, {"creator": 1156886, "id": 86444554, "images": [{"architecture": "ppc64le", "features": "", "variant": null, "digest": "sha256:8fd93a53631e540fe3535aaa60fd0e226f5e2805e3efbb075ef6731aa75cbc9d", "os": "linux", "os_features": "", "os_version": null, "size": 223731313, "status": "active", "last_pulled": "2024-01-06T23:19:52.588218Z", "last_pushed": null}, {"architecture": "arm64", "features": "", "variant": "v8", "digest": "sha256:072894a03f11ec6c58fc4ad34edc6a7bec7b28ec43a748d284e407f47630cd39", "os": "linux", "os_features": "", "os_version": null, "size": 215067747, "status": "active", "last_pulled": "2024-01-06T23:19:52.669042Z", "last_pushed": null}, {"architecture": "amd64", "features": "", "variant": null, "digest": "sha256:eb370c66870c0a9b40891ff80e7077c7e3bfc8f4c351d15f68655f9c0801a7eb", "os": "linux", "os_features": "", "os_version": null, "size": 227043002, "status": "active", "last_pulled": "2024-01-19T08:47:38.825385Z", "last_pushed": null}], "last_updated": "2020-02-22T00:56:05.92734Z", "last_updater": 1156886, "last_updater_username": "doijanky", "name": "7.10.1", "repository": 360407, "full_size": 227043002, "v2": true, "tag_status": "active", "tag_last_pulled": "2024-01-19T08:47:38.825385Z", "tag_last_pushed": "2020-02-22T00:56:05.92734Z", "media_type": "application/vnd.docker.distribution.manifest.list.v2+json", "content_type": "image"}, {"creator": 1156886, "id": 80452712, "images": [{"architecture": "amd64", "features": "", "variant": null, "digest": "sha256:0698800e4b18b0d66b207b994e69a8afe67909c04923c457e48acd7e0ef3038e", "os": "linux", "os_features": "", "os_version": null, "size": 226910513, "status": "active", "last_pulled": "2024-01-19T08:47:36.632877Z", "last_pushed": null}, {"architecture": "ppc64le", "features": "", "variant": null, "digest": "sha256:f3a4b8c18c78426f763150e8dbd72a32a171fe46bfb46ae4532cf8a6a1ef27e1", "os": "linux", "os_features": "", "os_version": null, "size": 223605170, "status": "active", "last_pulled": "2024-01-04T21:28:58.976062Z", "last_pushed": null}, {"architecture": "arm64", "features": "", "variant": "v8", "digest": "sha256:9a50f9e73902bcfbdebb99398c3e55e570544f12cd8f2531a05987d9f9bf1d73", "os": "linux", "os_features": "", "os_version": null, "size": 214925844, "status": "active", "last_pulled": "2024-01-04T21:28:59.582329Z", "last_pushed": null}], "last_updated": "2020-01-16T03:56:00.288572Z", "last_updater": 1156886, "last_updater_username": "doijanky", "name": "7.10.0", "repository": 360407, "full_size": 226910513, "v2": true, "tag_status": "active", "tag_last_pulled": "2024-01-19T08:47:36.632877Z", "tag_last_pushed": "2020-01-16T03:56:00.288572Z", "media_type": "application/vnd.docker.distribution.manifest.list.v2+json", "content_type": "image"}, {"creator": 1156886, "id": 55142412, "images": [{"architecture": "amd64", "features": "", "variant": null, "digest": "sha256:1b6877aa1e937308cf140cca93ab8c0b7d1bce5d3b6b61afa465b1a862c5f048", "os": "linux", "os_features": "", "os_version": null, "size": 221220953, "status": "active", "last_pulled": "2024-01-19T08:49:29.495042Z", "last_pushed": null}, {"architecture": "arm64", "features": "", "variant": "v8", "digest": "sha256:9d4fb7d0968640867a27fad416f7d6cf8155daca90e7a3a73ec30edf0fdb2421", "os": "linux", "os_features": "", "os_version": null, "size": 207859629, "status": "active", "last_pulled": "2024-01-11T23:25:14.8188Z", "last_pushed": null}, {"architecture": "ppc64le", "features": "", "variant": null, "digest": "sha256:ace69527614e246756f211c1cd7ecdd41a8d9365092420c878f6d1df8ad01c23", "os": "linux", "os_features": "", "os_version": null, "size": 217479669, "status": "active", "last_pulled": "2024-01-06T23:19:54.218968Z", "last_pushed": null}], "last_updated": "2019-12-19T09:55:47.199548Z", "last_updater": 1156886, "last_updater_username": "doijanky", "name": "7.8.4", "repository": 360407, "full_size": 221220953, "v2": true, "tag_status": "active", "tag_last_pulled": "2024-01-19T08:49:29.495042Z", "tag_last_pushed": "2019-12-19T09:55:47.199548Z", "media_type": "application/vnd.docker.distribution.manifest.list.v2+json", "content_type": "image"}, {"creator": 1156886, "id": 41771278, "images": [{"architecture": "ppc64le", "features": "", "variant": null, "digest": "sha256:ace69527614e246756f211c1cd7ecdd41a8d9365092420c878f6d1df8ad01c23", "os": "linux", "os_features": "", "os_version": null, "size": 217479669, "status": "active", "last_pulled": "2024-01-06T23:19:54.218968Z", "last_pushed": null}, {"architecture": "arm64", "features": "", "variant": "v8", "digest": "sha256:9d4fb7d0968640867a27fad416f7d6cf8155daca90e7a3a73ec30edf0fdb2421", "os": "linux", "os_features": "", "os_version": null, "size": 207859629, "status": "active", "last_pulled": "2024-01-11T23:25:14.8188Z", "last_pushed": null}, {"architecture": "amd64", "features": "", "variant": null, "digest": "sha256:1b6877aa1e937308cf140cca93ab8c0b7d1bce5d3b6b61afa465b1a862c5f048", "os": "linux", "os_features": "", "os_version": null, "size": 221220953, "status": "active", "last_pulled": "2024-01-19T08:49:29.495042Z", "last_pushed": null}], "last_updated": "2019-12-19T09:55:44.449666Z", "last_updater": 1156886, "last_updater_username": "doijanky", "name": "7.8", "repository": 360407, "full_size": 221220953, "v2": true, "tag_status": "active", "tag_last_pulled": "2024-01-19T08:49:29.495042Z", "tag_last_pushed": "2019-12-19T09:55:44.449666Z", "media_type": "application/vnd.docker.distribution.manifest.list.v2+json", "content_type": "image"}, {"creator": 1156886, "id": 71999675, "images": [{"architecture": "ppc64le", "features": "", "variant": null, "digest": "sha256:7edfe41dd00b2c2f97fb854cd2af67fdccf6d11158afaf21476211f4deca4230", "os": "linux", "os_features": "", "os_version": null, "size": 226866939, "status": "active", "last_pulled": "2024-01-06T23:19:54.558143Z", "last_pushed": null}, {"architecture": "amd64", "features": "", "variant": null, "digest": "sha256:0d97b4383e70741ca0ae9ca9fe658881cd149a09fc7110b067ea1232d89cbf84", "os": "linux", "os_features": "", "os_version": null, "size": 230094878, "status": "active", "last_pulled": "2024-01-19T08:49:49.344856Z", "last_pushed": null}, {"architecture": "arm64", "features": "", "variant": "v8", "digest": "sha256:bba07a7adad743f827055b3460ac183f68841e312582360db383beb034474f08", "os": "linux", "os_features": "", "os_version": null, "size": 218050477, "status": "active", "last_pulled": "2024-01-06T23:19:55.677147Z", "last_pushed": null}], "last_updated": "2019-10-09T20:55:43.559019Z", "last_updater": 1156886, "last_updater_username": "doijanky", "name": "7.9.3", "repository": 360407, "full_size": 230094878, "v2": true, "tag_status": "active", "tag_last_pulled": "2024-01-19T08:49:49.344856Z", "tag_last_pushed": "2019-10-09T20:55:43.559019Z", "media_type": "application/vnd.docker.distribution.manifest.list.v2+json", "content_type": "image"}, {"creator": 1156886, "id": 66481934, "images": [{"architecture": "amd64", "features": "", "variant": null, "digest": "sha256:7906a206b440440ab614a94b2c34cc92c8c72124956477cccbee06d6234d45d8", "os": "linux", "os_features": "", "os_version": null, "size": 230098535, "status": "active", "last_pulled": "2024-01-19T08:49:47.425365Z", "last_pushed": null}, {"architecture": "ppc64le", "features": "", "variant": null, "digest": "sha256:44318dbb4f017b443cc8cf3e5fbcdf8f50aa8d392adf43ac23c1af5c0f01d3f9", "os": "linux", "os_features": "", "os_version": null, "size": 226870602, "status": "active", "last_pulled": "2024-01-06T23:19:56.113252Z", "last_pushed": null}, {"architecture": "arm64", "features": "", "variant": "v8", "digest": "sha256:a2062daca6aec429f7e50aff1602f68559d7590011084817fae7fc4bac2aa386", "os": "linux", "os_features": "", "os_version": null, "size": 218054139, "status": "active", "last_pulled": "2024-01-06T23:19:56.64426Z", "last_pushed": null}], "last_updated": "2019-09-19T02:57:17.675181Z", "last_updater": 1156886, "last_updater_username": "doijanky", "name": "7.9.2", "repository": 360407, "full_size": 230098535, "v2": true, "tag_status": "active", "tag_last_pulled": "2024-01-19T08:49:47.425365Z", "tag_last_pushed": "2019-09-19T02:57:17.675181Z", "media_type": "application/vnd.docker.distribution.manifest.list.v2+json", "content_type": "image"}, {"creator": 1156886, "id": 63686036, "images": [{"architecture": "ppc64le", "features": "", "variant": null, "digest": "sha256:fcf8aec3ad1b20afcebf0f023ee7b41f32a0b152a24104767063927f5f356331", "os": "linux", "os_features": "", "os_version": null, "size": 226890143, "status": "active", "last_pulled": "2024-01-06T23:19:57.40374Z", "last_pushed": null}, {"architecture": "amd64", "features": "", "variant": null, "digest": "sha256:cbbca38b9fdf5895a12945828a5fa9d7fab545840afaec44bb847bd3a3d83b00", "os": "linux", "os_features": "", "os_version": null, "size": 230126191, "status": "active", "last_pulled": "2024-01-19T08:49:45.473494Z", "last_pushed": null}, {"architecture": "arm64", "features": "", "variant": "v8", "digest": "sha256:197af2b4f671a7d15c1dd55115617efaf8332c4b32f6deb37fbb1b989a4ddd1a", "os": "linux", "os_features": "", "os_version": null, "size": 218047554, "status": "active", "last_pulled": "2024-01-06T23:19:57.674259Z", "last_pushed": null}], "last_updated": "2019-08-15T08:42:55.816582Z", "last_updater": 1156886, "last_updater_username": "doijanky", "name": "7.9.1", "repository": 360407, "full_size": 230126191, "v2": true, "tag_status": "active", "tag_last_pulled": "2024-01-19T08:49:45.473494Z", "tag_last_pushed": "2019-08-15T08:42:55.816582Z", "media_type": "application/vnd.docker.distribution.manifest.list.v2+json", "content_type": "image"}, {"creator": 1156886, "id": 59131957, "images": [{"architecture": "arm64", "features": "", "variant": "v8", "digest": "sha256:e16c8a62cf317ce983ad98f4d901552b5de688e04ea276d22505adde90c4d82e", "os": "linux", "os_features": "", "os_version": null, "size": 215654058, "status": "active", "last_pulled": "2024-01-06T23:19:58.078245Z", "last_pushed": null}, {"architecture": "amd64", "features": "", "variant": null, "digest": "sha256:382a0825154fdb1c3731659f2a513434612c17617173637ce0e02f63f84d5f85", "os": "linux", "os_features": "", "os_version": null, "size": 227725549, "status": "active", "last_pulled": "2024-01-19T08:49:43.363493Z", "last_pushed": null}, {"architecture": "ppc64le", "features": "", "variant": null, "digest": "sha256:b435884330080f67b8302cfb0cdb68fb38bb9693ccbfa330d010ab416937400c", "os": "linux", "os_features": "", "os_version": null, "size": 224432026, "status": "active", "last_pulled": "2024-01-06T23:19:59.129365Z", "last_pushed": null}], "last_updated": "2019-07-23T17:49:38.412533Z", "last_updater": 1156886, "last_updater_username": "doijanky", "name": "7.9.0", "repository": 360407, "full_size": 227725549, "v2": true, "tag_status": "active", "tag_last_pulled": "2024-01-19T08:49:43.363493Z", "tag_last_pushed": "2019-07-23T17:49:38.412533Z", "media_type": "application/vnd.docker.distribution.manifest.list.v2+json", "content_type": "image"}, {"creator": 1156886, "id": 41385295, "images": [{"architecture": "amd64", "features": "", "variant": null, "digest": "sha256:c1156a6450a8853ac37f3dcf916c8c43ecc6c655393ab3563f0f5250a1b401d9", "os": "linux", "os_features": "", "os_version": null, "size": 215065747, "status": "inactive", "last_pulled": null, "last_pushed": null}, {"architecture": "arm64", "features": "", "variant": "v8", "digest": "sha256:91c504174fefa782b2a52da23473020463d97b097c56f9534065cf2dff33a406", "os": "linux", "os_features": "", "os_version": null, "size": 201954898, "status": "inactive", "last_pulled": null, "last_pushed": null}, {"architecture": "ppc64le", "features": "", "variant": null, "digest": "sha256:10530361d407c9e27d599fb3c9991a1163fc6d6b530351adb373fa6d9ef2ae08", "os": "linux", "os_features": "", "os_version": null, "size": 211728501, "status": "inactive", "last_pulled": null, "last_pushed": null}], "last_updated": "2019-05-15T23:43:30.811489Z", "last_updater": 1156886, "last_updater_username": "doijanky", "name": "7.7.5", "repository": 360407, "full_size": 215065747, "v2": true, "tag_status": "inactive", "tag_last_pulled": null, "tag_last_pushed": "2019-05-15T23:43:30.811489Z", "media_type": "application/vnd.docker.distribution.manifest.list.v2+json", "content_type": "image"}, {"creator": 1156886, "id": 32780815, "images": [{"architecture": "amd64", "features": "", "variant": null, "digest": "sha256:c1156a6450a8853ac37f3dcf916c8c43ecc6c655393ab3563f0f5250a1b401d9", "os": "linux", "os_features": "", "os_version": null, "size": 215065747, "status": "inactive", "last_pulled": null, "last_pushed": null}, {"architecture": "arm64", "features": "", "variant": "v8", "digest": "sha256:91c504174fefa782b2a52da23473020463d97b097c56f9534065cf2dff33a406", "os": "linux", "os_features": "", "os_version": null, "size": 201954898, "status": "inactive", "last_pulled": null, "last_pushed": null}, {"architecture": "ppc64le", "features": "", "variant": null, "digest": "sha256:10530361d407c9e27d599fb3c9991a1163fc6d6b530351adb373fa6d9ef2ae08", "os": "linux", "os_features": "", "os_version": null, "size": 211728501, "status": "inactive", "last_pulled": null, "last_pushed": null}], "last_updated": "2019-05-15T23:43:27.344298Z", "last_updater": 1156886, "last_updater_username": "doijanky", "name": "7.7", "repository": 360407, "full_size": 215065747, "v2": true, "tag_status": "inactive", "tag_last_pulled": null, "tag_last_pushed": "2019-05-15T23:43:27.344298Z", "media_type": "application/vnd.docker.distribution.manifest.list.v2+json", "content_type": "image"}, {"creator": 1156886, "id": 49183156, "images": [{"architecture": "amd64", "features": "", "variant": null, "digest": "sha256:5a084edc81858e5c126e438eb9d60453d85349fd6ffa17ad93cf69c5aa541439", "os": "linux", "os_features": "", "os_version": null, "size": 219211375, "status": "inactive", "last_pulled": null, "last_pushed": null}, {"architecture": "arm64", "features": "", "variant": "v8", "digest": "sha256:7a7438524ac05fb826315e5dd25db4ef810bd0ded0f9223a7dce31010e319198", "os": "linux", "os_features": "", "os_version": null, "size": 206120587, "status": "inactive", "last_pulled": null, "last_pushed": null}, {"architecture": "ppc64le", "features": "", "variant": null, "digest": "sha256:606bc786c670f18228f10e5d9b8ca5ad0e8bc784e60032d1fc8f9419933cba49", "os": "linux", "os_features": "", "os_version": null, "size": 215825876, "status": "inactive", "last_pulled": null, "last_pushed": null}], "last_updated": "2019-04-27T11:43:06.85802Z", "last_updater": 1156886, "last_updater_username": "doijanky", "name": "7.8.3", "repository": 360407, "full_size": 219211375, "v2": true, "tag_status": "inactive", "tag_last_pulled": null, "tag_last_pushed": "2019-04-27T11:43:06.85802Z", "media_type": "application/vnd.docker.distribution.manifest.list.v2+json", "content_type": "image"}, {"creator": 1156886, "id": 48430161, "images": [{"architecture": "amd64", "features": "", "variant": null, "digest": "sha256:7d687e5ae22e258306c3bf08f89b4007426d56e68620e5ba595e7eee61ebe2eb", "os": "linux", "os_features": "", "os_version": null, "size": 219014503, "status": "inactive", "last_pulled": null, "last_pushed": null}, {"architecture": "arm64", "features": "", "variant": "v8", "digest": "sha256:c5152896317bf675c8c87a81d1a337a7247050503901825de1d6f72b06e1b374", "os": "linux", "os_features": "", "os_version": null, "size": 205981239, "status": "inactive", "last_pulled": null, "last_pushed": null}, {"architecture": "ppc64le", "features": "", "variant": null, "digest": "sha256:91f96c5fce065921ad656f554caee92dc52eb9ee9cb419563eb6a0621ab33848", "os": "linux", "os_features": "", "os_version": null, "size": 215682414, "status": "inactive", "last_pulled": null, "last_pushed": null}], "last_updated": "2019-03-02T09:47:29.462366Z", "last_updater": 1156886, "last_updater_username": "doijanky", "name": "7.8.2", "repository": 360407, "full_size": 219014503, "v2": true, "tag_status": "inactive", "tag_last_pulled": null, "tag_last_pushed": "2019-03-02T09:47:29.462366Z", "media_type": "application/vnd.docker.distribution.manifest.list.v2+json", "content_type": "image"}, {"creator": 1156886, "id": 45077440, "images": [{"architecture": "amd64", "features": "", "variant": null, "digest": "sha256:96db779317f9c55dc3e34ac2f43646cdbf1cfb85df3939544bfa6590d9cc9c7d", "os": "linux", "os_features": "", "os_version": null, "size": 219013743, "status": "inactive", "last_pulled": null, "last_pushed": null}, {"architecture": "arm64", "features": "", "variant": "v8", "digest": "sha256:bd6a6d2a9bbb816a74522f01c1e337108b67faea9d56352b45934541a80c8dd8", "os": "linux", "os_features": "", "os_version": null, "size": 205980478, "status": "inactive", "last_pulled": null, "last_pushed": null}, {"architecture": "ppc64le", "features": "", "variant": null, "digest": "sha256:62cb81147699a6fac3baf110de81568017075368487e812f206e2c0152a88bdd", "os": "linux", "os_features": "", "os_version": null, "size": 215681651, "status": "inactive", "last_pulled": null, "last_pushed": null}], "last_updated": "2019-01-25T13:46:22.460621Z", "last_updater": 1156886, "last_updater_username": "doijanky", "name": "7.8.1", "repository": 360407, "full_size": 219013743, "v2": true, "tag_status": "inactive", "tag_last_pulled": null, "tag_last_pushed": "2019-01-25T13:46:22.460621Z", "media_type": "application/vnd.docker.distribution.manifest.list.v2+json", "content_type": "image"}, {"creator": 1156886, "id": 41771277, "images": [{"architecture": "amd64", "features": "", "variant": null, "digest": "sha256:ff92590966e64d6371e13c7a3f6370a748ccb62f3b30bf16b708ff752b052980", "os": "linux", "os_features": "", "os_version": null, "size": 218049467, "status": "inactive", "last_pulled": null, "last_pushed": null}, {"architecture": "arm64", "features": "", "variant": "v8", "digest": "sha256:78ea0b9cf5fa84b3da120dbcea7ba0cc810e6e50fde966ae1ccdc92219d6ebed", "os": "linux", "os_features": "", "os_version": null, "size": 205016206, "status": "inactive", "last_pulled": null, "last_pushed": null}, {"architecture": "ppc64le", "features": "", "variant": null, "digest": "sha256:f5c154166f839793d182c6d65073c2d36a609f370c62ac1c13ec51169c901936", "os": "linux", "os_features": "", "os_version": null, "size": 214717387, "status": "inactive", "last_pulled": null, "last_pushed": null}], "last_updated": "2019-01-23T10:44:24.566919Z", "last_updater": 1156886, "last_updater_username": "doijanky", "name": "7.8.0", "repository": 360407, "full_size": 218049467, "v2": true, "tag_status": "inactive", "tag_last_pulled": null, "tag_last_pushed": "2019-01-23T10:44:24.566919Z", "media_type": "application/vnd.docker.distribution.manifest.list.v2+json", "content_type": "image"}, {"creator": 1156886, "id": 37099626, "images": [{"architecture": "amd64", "features": "", "variant": null, "digest": "sha256:2dec7549827f65d3fdf47f97ca951c79d1e38d7a2857536a1756a6f4c0831bf0", "os": "linux", "os_features": "", "os_version": null, "size": 214730680, "status": "inactive", "last_pulled": null, "last_pushed": null}, {"architecture": "arm64", "features": "", "variant": "v8", "digest": "sha256:b1598a554618a5858259695b74838c0aef6ae52d5bc4aeb22a1810fef96e8046", "os": "linux", "os_features": "", "os_version": null, "size": 201491731, "status": "inactive", "last_pulled": null, "last_pushed": null}, {"architecture": "ppc64le", "features": "", "variant": null, "digest": "sha256:6b794ba2f41902870baaccf2a0d03e453223fe3e0f7685f57efc99aff3fc9428", "os": "linux", "os_features": "", "os_version": null, "size": 211422554, "status": "inactive", "last_pulled": null, "last_pushed": null}], "last_updated": "2018-11-20T10:43:14.022505Z", "last_updater": 1156886, "last_updater_username": "doijanky", "name": "7.7.4", "repository": 360407, "full_size": 214730680, "v2": true, "tag_status": "inactive", "tag_last_pulled": null, "tag_last_pushed": "2018-11-20T10:43:14.022505Z", "media_type": "application/vnd.docker.distribution.manifest.list.v2+json", "content_type": "image"}, {"creator": 1156886, "id": 32780798, "images": [{"architecture": "amd64", "features": "", "variant": null, "digest": "sha256:f0703c57542c09919cda9e7cae842b1a0fed7f9c7d7f34beb71b2caf96aa86f8", "os": "linux", "os_features": "", "os_version": null, "size": 215227805, "status": "inactive", "last_pulled": null, "last_pushed": null}, {"architecture": "arm64", "features": "", "variant": "v8", "digest": "sha256:def4f752f316040bd05defea35e327623f53187b064624fd0c0d3dcf4f98b747", "os": "linux", "os_features": "", "os_version": null, "size": 201988843, "status": "inactive", "last_pulled": null, "last_pushed": null}, {"architecture": "ppc64le", "features": "", "variant": null, "digest": "sha256:c7ec7da6afe4489a218a5f4d953c2a315b3146ae54be6f8cb37d91a482436663", "os": "linux", "os_features": "", "os_version": null, "size": 211919672, "status": "inactive", "last_pulled": null, "last_pushed": null}], "last_updated": "2018-11-20T10:42:39.008664Z", "last_updater": 1156886, "last_updater_username": "doijanky", "name": "7.6", "repository": 360407, "full_size": 215227805, "v2": true, "tag_status": "inactive", "tag_last_pulled": null, "tag_last_pushed": "2018-11-20T10:42:39.008664Z", "media_type": "application/vnd.docker.distribution.manifest.list.v2+json", "content_type": "image"}, {"creator": 1156886, "id": 23294619, "images": [{"architecture": "amd64", "features": "", "variant": null, "digest": "sha256:f0703c57542c09919cda9e7cae842b1a0fed7f9c7d7f34beb71b2caf96aa86f8", "os": "linux", "os_features": "", "os_version": null, "size": 215227805, "status": "inactive", "last_pulled": null, "last_pushed": null}, {"architecture": "arm64", "features": "", "variant": "v8", "digest": "sha256:def4f752f316040bd05defea35e327623f53187b064624fd0c0d3dcf4f98b747", "os": "linux", "os_features": "", "os_version": null, "size": 201988843, "status": "inactive", "last_pulled": null, "last_pushed": null}, {"architecture": "ppc64le", "features": "", "variant": null, "digest": "sha256:c7ec7da6afe4489a218a5f4d953c2a315b3146ae54be6f8cb37d91a482436663", "os": "linux", "os_features": "", "os_version": null, "size": 211919672, "status": "inactive", "last_pulled": null, "last_pushed": null}], "last_updated": "2018-11-20T10:42:38.530071Z", "last_updater": 1156886, "last_updater_username": "doijanky", "name": "7.6.3", "repository": 360407, "full_size": 215227805, "v2": true, "tag_status": "inactive", "tag_last_pulled": null, "tag_last_pushed": "2018-11-20T10:42:38.530071Z", "media_type": "application/vnd.docker.distribution.manifest.list.v2+json", "content_type": "image"}, {"creator": 1156886, "id": 32500575, "images": [{"architecture": "amd64", "features": "", "variant": null, "digest": "sha256:9aa3a027183fb30857c21c6a280f5dadd47af066d2820acf122efdf801e5271d", "os": "linux", "os_features": "", "os_version": null, "size": 214562824, "status": "inactive", "last_pulled": null, "last_pushed": null}, {"architecture": "arm64", "features": "", "variant": "v8", "digest": "sha256:d2f90fe590184768901be188e48dd85afaf60c067cfd15ba9f32ddd0a2fd8d95", "os": "linux", "os_features": "", "os_version": null, "size": 201359608, "status": "inactive", "last_pulled": null, "last_pushed": null}, {"architecture": "ppc64le", "features": "", "variant": null, "digest": "sha256:f81b015b0179cd1e0ef1694876109a6cd5308276e7df5bd9549e621bcbd5090e", "os": "linux", "os_features": "", "os_version": null, "size": 211336913, "status": "inactive", "last_pulled": null, "last_pushed": null}], "last_updated": "2018-09-05T23:43:15.248029Z", "last_updater": 1156886, "last_updater_username": "doijanky", "name": "7.7.3", "repository": 360407, "full_size": 214562824, "v2": true, "tag_status": "inactive", "tag_last_pulled": null, "tag_last_pushed": "2018-09-05T23:43:15.248029Z", "media_type": "application/vnd.docker.distribution.manifest.list.v2+json", "content_type": "image"}, {"creator": 1156886, "id": 30903251, "images": [{"architecture": "amd64", "features": "", "variant": null, "digest": "sha256:d56a1e1999de1bd4a2380dfe9140955ffbca54717daa2d567a10dd2a6a21ced2", "os": "linux", "os_features": "", "os_version": null, "size": 214824887, "status": "inactive", "last_pulled": null, "last_pushed": null}], "last_updated": "2018-07-26T23:48:01.627756Z", "last_updater": 1156886, "last_updater_username": "doijanky", "name": "7.7.2", "repository": 360407, "full_size": 214824887, "v2": true, "tag_status": "inactive", "tag_last_pulled": null, "tag_last_pushed": "2018-07-26T23:48:01.627756Z", "media_type": "application/vnd.docker.distribution.manifest.list.v2+json", "content_type": "image"}, {"creator": 1156886, "id": 30491452, "images": [{"architecture": "amd64", "features": "", "variant": null, "digest": "sha256:209fd79481434f993d81d5de60438e33d10ff8a5bd86adec74818fe9fae6ce76", "os": "linux", "os_features": "", "os_version": null, "size": 214712465, "status": "inactive", "last_pulled": null, "last_pushed": null}], "last_updated": "2018-07-11T22:42:27.687909Z", "last_updater": 1156886, "last_updater_username": "doijanky", "name": "7.7.1", "repository": 360407, "full_size": 214712465, "v2": true, "tag_status": "inactive", "tag_last_pulled": null, "tag_last_pushed": "2018-07-11T22:42:27.687909Z", "media_type": "application/vnd.docker.distribution.manifest.list.v2+json", "content_type": "image"}, {"creator": 1156886, "id": 29643116, "images": [{"architecture": "amd64", "features": "", "variant": null, "digest": "sha256:befe6bd5ec2d599675620b391888d0ac5bc895096fa622c2f1b4c8cd3b5dee22", "os": "linux", "os_features": "", "os_version": null, "size": 214707036, "status": "inactive", "last_pulled": null, "last_pushed": null}], "last_updated": "2018-06-21T19:42:36.806359Z", "last_updater": 1156886, "last_updater_username": "doijanky", "name": "7.7.0", "repository": 360407, "full_size": 214707036, "v2": true, "tag_status": "inactive", "tag_last_pulled": null, "tag_last_pushed": "2018-06-21T19:42:36.806359Z", "media_type": "application/vnd.docker.distribution.manifest.list.v2+json", "content_type": "image"}, {"creator": 2215, "id": 14992846, "images": [{"architecture": "amd64", "features": "", "variant": null, "digest": "sha256:63aafb06769711af976186d3902ba9723de101931ab3c3761ea62d3ff1a18c48", "os": "linux", "os_features": "", "os_version": null, "size": 214402555, "status": "inactive", "last_pulled": null, "last_pushed": null}], "last_updated": "2018-06-05T22:42:16.995298Z", "last_updater": 1156886, "last_updater_username": "doijanky", "name": "7.5.4", "repository": 360407, "full_size": 214402555, "v2": true, "tag_status": "inactive", "tag_last_pulled": null, "tag_last_pushed": "2018-06-05T22:42:16.995298Z", "media_type": "application/vnd.docker.distribution.manifest.list.v2+json", "content_type": "image"}, {"creator": 1156886, "id": 21844202, "images": [{"architecture": "amd64", "features": "", "variant": null, "digest": "sha256:a94df180826287a2d9781f235d2230e9120c4e97754f229e83d18d2031709acc", "os": "linux", "os_features": "", "os_version": null, "size": 214816477, "status": "inactive", "last_pulled": null, "last_pushed": null}], "last_updated": "2018-02-06T18:43:48.94445Z", "last_updater": 1156886, "last_updater_username": "doijanky", "name": "7.6.2", "repository": 360407, "full_size": 214816477, "v2": true, "tag_status": "inactive", "tag_last_pulled": null, "tag_last_pushed": "2018-02-06T18:43:48.94445Z", "media_type": "application/vnd.docker.distribution.manifest.list.v2+json", "content_type": "image"}, {"creator": 1156886, "id": 20175450, "images": [{"architecture": "amd64", "features": "", "variant": null, "digest": "sha256:f5b09ee38b710fd21cdd65a8166ef494f70483c72668efa770a2587f96ac74fc", "os": "linux", "os_features": "", "os_version": null, "size": 214816446, "status": "inactive", "last_pulled": null, "last_pushed": null}], "last_updated": "2018-01-25T23:20:24.489969Z", "last_updater": 1156886, "last_updater_username": "doijanky", "name": "7.6.1", "repository": 360407, "full_size": 214816446, "v2": true, "tag_status": "inactive", "tag_last_pulled": null, "tag_last_pushed": "2018-01-25T23:20:24.489969Z", "media_type": "application/vnd.docker.distribution.manifest.list.v2+json", "content_type": "image"}, {"creator": 1156886, "id": 19378775, "images": [{"architecture": "amd64", "features": "", "variant": null, "digest": "sha256:5b726734b9f0ef23f926b8c8e100215763d36f2058129c49f49b682b1d1c65eb", "os": "linux", "os_features": "", "os_version": null, "size": 214575383, "status": "inactive", "last_pulled": null, "last_pushed": null}], "last_updated": "2017-12-14T21:48:28.130564Z", "last_updater": 1156886, "last_updater_username": "doijanky", "name": "7.6.0", "repository": 360407, "full_size": 214575383, "v2": true, "tag_status": "inactive", "tag_last_pulled": null, "tag_last_pushed": "2017-12-14T21:48:28.130564Z", "media_type": "application/vnd.docker.distribution.manifest.list.v2+json", "content_type": "image"}, {"creator": 2215, "id": 9442225, "images": [{"architecture": "amd64", "features": "", "variant": null, "digest": "sha256:9009ac8f80c80f42a888a09fba59f1af409397b218b18cc9b6d5b7c5f52ad53c", "os": "linux", "os_features": "", "os_version": null, "size": 224760233, "status": "inactive", "last_pulled": null, "last_pushed": null}], "last_updated": "2017-12-04T21:42:17.903094Z", "last_updater": 1156886, "last_updater_username": "doijanky", "name": "7.4.3", "repository": 360407, "full_size": 224760233, "v2": true, "tag_status": "inactive", "tag_last_pulled": null, "tag_last_pushed": "2017-12-04T21:42:17.903094Z", "media_type": "application/vnd.docker.distribution.manifest.list.v2+json", "content_type": "image"}, {"creator": 2215, "id": 14735576, "images": [{"architecture": "amd64", "features": "", "variant": null, "digest": "sha256:5bb23cf60273b213ddfb359f17fee6f5cf3fbec95a6142a9deb0d308b55c5014", "os": "linux", "os_features": "", "os_version": null, "size": 218331004, "status": "inactive", "last_pulled": null, "last_pushed": null}], "last_updated": "2017-08-31T16:43:56.548828Z", "last_updater": 2215, "last_updater_username": "stackbrew", "name": "7.5.2", "repository": 360407, "full_size": 218331004, "v2": true, "tag_status": "inactive", "tag_last_pulled": null, "tag_last_pushed": "2017-08-31T16:43:56.548828Z", "media_type": "application/vnd.docker.container.image.v1+json", "content_type": "image"}, {"creator": 2215, "id": 11794464, "images": [{"architecture": "amd64", "features": "", "variant": null, "digest": "sha256:f37812c9a6ecfe7f11597976fe9602c38eea82abb7dc5ae53a9f699887afc5d1", "os": "linux", "os_features": "", "os_version": null, "size": 218230944, "status": "inactive", "last_pulled": null, "last_pushed": null}], "last_updated": "2017-08-10T21:22:55.784717Z", "last_updater": 2215, "last_updater_username": "stackbrew", "name": "7.5.1", "repository": 360407, "full_size": 218230944, "v2": true, "tag_status": "inactive", "tag_last_pulled": null, "tag_last_pushed": "2017-08-10T21:22:55.784717Z", "media_type": "application/vnd.docker.container.image.v1+json", "content_type": "image"}, {"creator": 2215, "id": 11508805, "images": [{"architecture": "amd64", "features": "", "variant": null, "digest": "sha256:ec9fa0503c819b35f214310097acfe9595a1c1c42c388f89c59e3b70e68ce92f", "os": "linux", "os_features": "", "os_version": null, "size": 217848969, "status": "inactive", "last_pulled": null, "last_pushed": null}], "last_updated": "2017-06-02T17:37:30.15897Z", "last_updater": 2215, "last_updater_username": "stackbrew", "name": "7.5.0", "repository": 360407, "full_size": 217848969, "v2": true, "tag_status": "inactive", "tag_last_pulled": null, "tag_last_pushed": "2017-06-02T17:37:30.15897Z", "media_type": "application/vnd.docker.container.image.v1+json", "content_type": "image"}, {"creator": 621950, "id": 5435016, "images": [{"architecture": "amd64", "features": "", "variant": null, "digest": "sha256:1455da6a3bf4ff177738285a218eca1738ab89cc5a5245fa032e4b7104ce8eac", "os": "linux", "os_features": "", "os_version": null, "size": 218501692, "status": "inactive", "last_pulled": null, "last_pushed": null}], "last_updated": "2017-05-15T19:46:25.329797Z", "last_updater": 2215, "last_updater_username": "stackbrew", "name": "7.3.3", "repository": 360407, "full_size": 218501692, "v2": true, "tag_status": "inactive", "tag_last_pulled": null, "tag_last_pushed": "2017-05-15T19:46:25.329797Z", "media_type": "application/vnd.docker.container.image.v1+json", "content_type": "image"}, {"creator": 2215, "id": 8135789, "images": [{"architecture": "amd64", "features": "", "variant": null, "digest": "sha256:3e0818c9baf6cf8950557cc411ae026c3d8ede699f814c7e5d55ad996b163762", "os": "linux", "os_features": "", "os_version": null, "size": 216988682, "status": "inactive", "last_pulled": null, "last_pushed": null}], "last_updated": "2017-03-01T22:46:33.010711Z", "last_updater": 2215, "last_updater_username": "stackbrew", "name": "7.4.2", "repository": 360407, "full_size": 216988682, "v2": true, "tag_status": "inactive", "tag_last_pulled": null, "tag_last_pushed": "2017-03-01T22:46:33.010711Z", "media_type": "application/vnd.docker.container.image.v1+json", "content_type": "image"}, {"creator": 2215, "id": 7784407, "images": [{"architecture": "amd64", "features": "", "variant": null, "digest": "sha256:daea6c078888a4a297b7a5b82597d1a0eb4b9c7608bc6714cb0fa27dbf40ab60", "os": "linux", "os_features": "", "os_version": null, "size": 216947885, "status": "inactive", "last_pulled": null, "last_pushed": null}], "last_updated": "2017-01-30T18:34:03.255967Z", "last_updater": 2215, "last_updater_username": "stackbrew", "name": "7.4.1", "repository": 360407, "full_size": 216947885, "v2": true, "tag_status": "inactive", "tag_last_pulled": null, "tag_last_pushed": "2017-01-30T18:34:03.255967Z", "media_type": "application/vnd.docker.container.image.v1+json", "content_type": "image"}, {"creator": 621950, "id": 3747715, "images": [{"architecture": "amd64", "features": "", "variant": null, "digest": "sha256:d18ae14b517a31cbacb410e4d475dfff4d33e39472a20523b3f209f59bbb0c6b", "os": "linux", "os_features": "", "os_version": null, "size": 207069308, "status": "inactive", "last_pulled": null, "last_pushed": null}], "last_updated": "2017-01-20T23:58:05.080465Z", "last_updater": 2215, "last_updater_username": "stackbrew", "name": "7.2.4", "repository": 360407, "full_size": 207069308, "v2": true, "tag_status": "inactive", "tag_last_pulled": null, "tag_last_pushed": "2017-01-20T23:58:05.080465Z", "media_type": "application/vnd.docker.container.image.v1+json", "content_type": "image"}, {"creator": 621950, "id": 4699006, "images": [{"architecture": "amd64", "features": "", "variant": null, "digest": "sha256:5171171584dc8b7945c2a6204aa2dcdea0a02924e744a86f21ce8345ed067bfe", "os": "linux", "os_features": "", "os_version": null, "size": 216468240, "status": "inactive", "last_pulled": null, "last_pushed": null}], "last_updated": "2016-09-26T21:48:35.670092Z", "last_updater": 621950, "last_updater_username": "signer", "name": "7.3.2", "repository": 360407, "full_size": 216468240, "v2": true, "tag_status": "inactive", "tag_last_pulled": null, "tag_last_pushed": "2016-09-26T21:48:35.670092Z", "media_type": "application/octet-stream", "content_type": "unrecognized"}, {"creator": 621950, "id": 4492835, "images": [{"architecture": "amd64", "features": "", "variant": null, "digest": "sha256:2e9ef206e4648ca35d68e125d1de9875952598a732b3741725fdfb4a1a364bd6", "os": "linux", "os_features": "", "os_version": null, "size": 216867676, "status": "inactive", "last_pulled": null, "last_pushed": null}], "last_updated": "2016-08-26T20:06:04.359146Z", "last_updater": 621950, "last_updater_username": "signer", "name": "7.3.1", "repository": 360407, "full_size": 216867676, "v2": true, "tag_status": "inactive", "tag_last_pulled": null, "tag_last_pushed": "2016-08-26T20:06:04.359146Z", "media_type": "application/octet-stream", "content_type": "unrecognized"}, {"creator": 2215, "id": 1118583, "images": [{"architecture": "amd64", "features": "", "variant": null, "digest": "sha256:963905c41581deff465cf384ef91f5cf552146760406945d16bded095bf5d9f6", "os": "linux", "os_features": "", "os_version": null, "size": 203555225, "status": "inactive", "last_pulled": null, "last_pushed": null}], "last_updated": "2016-08-11T19:33:39.652525Z", "last_updater": 621950, "last_updater_username": "signer", "name": "7.0.3", "repository": 360407, "full_size": 203555225, "v2": true, "tag_status": "inactive", "tag_last_pulled": "2024-01-19T19:45:03.977684Z", "tag_last_pushed": "2016-08-11T19:33:39.652525Z", "media_type": "application/octet-stream", "content_type": "unrecognized", "digest": "sha256:37fb61f9b0265720d4ff78243e9f20e8e6146ba4d19aeb77472b6a4d32790ba2"}, {"creator": 2215, "id": 2903812, "images": [{"architecture": "amd64", "features": "", "variant": null, "digest": "sha256:8b9ccf34b320d49f2d64c2d0b05c49315072bc593d9827d1073c788d92f39b12", "os": "linux", "os_features": "", "os_version": null, "size": 206966732, "status": "inactive", "last_pulled": null, "last_pushed": null}], "last_updated": "2016-06-29T18:53:10.389033Z", "last_updater": 621950, "last_updater_username": "signer", "name": "7.2.3", "repository": 360407, "full_size": 206966732, "v2": true, "tag_status": "inactive", "tag_last_pulled": null, "tag_last_pushed": "2016-06-29T18:53:10.389033Z", "media_type": "application/octet-stream", "content_type": "unrecognized"}, {"creator": 2215, "id": 2546500, "images": [{"architecture": "amd64", "features": "", "variant": null, "digest": "sha256:97bede3a9fbe7512bf2b9434ed6ba392e7ed6570b270691f87874ccb13fd7c3f", "os": "", "os_features": "", "os_version": null, "size": 206829090, "status": "active", "last_pulled": "2024-01-19T08:48:39.597695Z", "last_pushed": null}], "last_updated": "2016-04-29T20:21:59.499686Z", "last_updater": 2215, "last_updater_username": "stackbrew", "name": "7.2.2", "repository": 360407, "full_size": 206828738, "v2": true, "tag_status": "active", "tag_last_pulled": "2024-01-19T08:48:39.597695Z", "tag_last_pushed": "2016-04-29T20:21:59.499686Z", "media_type": "application/vnd.docker.distribution.manifest.v1+prettyjws", "content_type": "image"}, {"creator": 2215, "id": 1118558, "images": [{"architecture": "amd64", "features": "", "variant": null, "digest": "sha256:2a904c8047f9be9e4d5437535ec854f08616294b0cb715f198e26becd617efce", "os": "", "os_features": "", "os_version": null, "size": 203479616, "status": "active", "last_pulled": "2024-01-19T08:47:31.003029Z", "last_pushed": null}], "last_updated": "2016-03-29T22:19:35.457529Z", "last_updater": 213249, "last_updater_username": "toli", "name": "7.0.2", "repository": 360407, "full_size": 203479296, "v2": true, "tag_status": "active", "tag_last_pulled": "2024-01-19T08:47:31.003029Z", "tag_last_pushed": "2016-03-29T22:19:35.457529Z", "media_type": "application/vnd.docker.distribution.manifest.v1+prettyjws", "content_type": "image", "digest": "sha256:2a904c8047f9be9e4d5437535ec854f08616294b0cb715f198e26becd617efce"}, {"creator": 2215, "id": 1118534, "images": [{"architecture": "amd64", "features": "", "variant": null, "digest": "sha256:4d5c57d7964e79699aa792691c91e2eb92e0ce555536142541cc4347b725651d", "os": "", "os_features": "", "os_version": null, "size": 203506676, "status": "active", "last_pulled": "2024-01-19T08:47:29.370554Z", "last_pushed": null}], "last_updated": "2016-03-29T22:19:25.20628Z", "last_updater": 213249, "last_updater_username": "toli", "name": "7.0.1", "repository": 360407, "full_size": 203506356, "v2": true, "tag_status": "active", "tag_last_pulled": "2024-01-19T08:47:29.370554Z", "tag_last_pushed": "2016-03-29T22:19:25.20628Z", "media_type": "application/vnd.docker.distribution.manifest.v1+prettyjws", "content_type": "image", "digest": "sha256:4d5c57d7964e79699aa792691c91e2eb92e0ce555536142541cc4347b725651d"}, {"creator": 2215, "id": 1118505, "images": [{"architecture": "amd64", "features": "", "variant": null, "digest": "sha256:0868481a3dd8f021874cd164d711b77304b4c556f8a28ce42fadd6fbcf673f1c", "os": "", "os_features": "", "os_version": null, "size": 203468881, "status": "active", "last_pulled": "2024-01-19T08:47:27.779354Z", "last_pushed": null}], "last_updated": "2016-03-29T22:19:14.789295Z", "last_updater": 213249, "last_updater_username": "toli", "name": "7.0.0", "repository": 360407, "full_size": 203468561, "v2": true, "tag_status": "active", "tag_last_pulled": "2024-01-19T08:47:27.779354Z", "tag_last_pushed": "2016-03-29T22:19:14.789295Z", "media_type": "application/vnd.docker.distribution.manifest.v1+prettyjws", "content_type": "image", "digest": "sha256:0868481a3dd8f021874cd164d711b77304b4c556f8a28ce42fadd6fbcf673f1c"}]