[{"creator": 7, "id": 10835, "images": [{"architecture": "amd64", "features": "", "variant": null, "digest": "sha256:dfb5e6183f515192b37df9356622b676461a41b724d9f92953433dca3e85deb1", "os": "linux", "os_features": "", "os_version": null, "size": 64872433, "status": "active", "last_pulled": "2024-01-20T07:18:09.393462Z", "last_pushed": "2023-11-29T00:43:54.2714Z"}, {"architecture": "arm64", "features": "", "variant": null, "digest": "sha256:2c7ba32e77b58215d69dd2694509ee27c9d71f5be06b8323b05a06a9be13e979", "os": "linux", "os_features": "", "os_version": null, "size": 63497437, "status": "active", "last_pulled": "2024-01-20T08:07:48.621093Z", "last_pushed": "2023-11-29T01:01:11.217988Z"}, {"architecture": "ppc64le", "features": "", "variant": null, "digest": "sha256:a463a35126c7fd54ad6bb78c6b19553d8b2576de73e702019b3c8a9e1822a15d", "os": "linux", "os_features": "", "os_version": null, "size": 71705087, "status": "active", "last_pulled": "2024-01-20T07:45:03.717152Z", "last_pushed": "2023-11-29T00:43:55.280855Z"}, {"architecture": "s390x", "features": "", "variant": null, "digest": "sha256:2df31d93599e675b84f8ca7d14b1f3ffa111836d8ad6f60cfa74548b3349e3d6", "os": "linux", "os_features": "", "os_version": null, "size": 65400018, "status": "active", "last_pulled": "2024-01-20T07:45:03.86218Z", "last_pushed": "2023-11-29T01:01:12.316693Z"}], "last_updated": "2023-11-29T01:01:32.292427Z", "last_updater": 1156886, "last_updater_username": "doijanky", "name": "latest", "repository": 6306, "full_size": 64872433, "v2": true, "tag_status": "active", "tag_last_pulled": "2024-01-20T08:07:48.621093Z", "tag_last_pushed": "2023-11-29T01:01:32.292427Z", "media_type": "application/vnd.docker.distribution.manifest.list.v2+json", "content_type": "image", "digest": "sha256:06df381d697d14940c886fda8e94a4fdc838df74e93f65111ed3ea04f7a7d6e0"}, {"creator": 7, "id": 10834, "images": [{"architecture": "amd64", "features": "", "variant": null, "digest": "sha256:e7c8351c0292634436207cd10654eff5361153f0617e71c8fbd6e8dcf8d6f826", "os": "linux", "os_features": "", "os_version": null, "size": 64328671, "status": "active", "last_pulled": "2024-01-20T07:40:38.895583Z", "last_pushed": "2023-11-29T00:44:08.425993Z"}, {"architecture": "arm64", "features": "", "variant": null, "digest": "sha256:0d614f77d327282704a570d3b37e4f284baa06726ddbc9fb1670ab118e6f3ff5", "os": "linux", "os_features": "", "os_version": null, "size": 62982620, "status": "active", "last_pulled": "2024-01-20T07:28:29.960951Z", "last_pushed": "2023-11-29T01:01:24.035128Z"}, {"architecture": "ppc64le", "features": "", "variant": null, "digest": "sha256:40d02cc0eeddc4f10393b8a3dcc57b2939eb7f22d0cf671c6a64871d9ccc58a4", "os": "linux", "os_features": "", "os_version": null, "size": 71130482, "status": "active", "last_pulled": "2024-01-19T16:31:16.961712Z", "last_pushed": "2023-11-29T00:44:09.428946Z"}, {"architecture": "s390x", "features": "", "variant": null, "digest": "sha256:575cdee068244b33b08660157d462e39515a27634f955775a4d8db517afa3cfd", "os": "linux", "os_features": "", "os_version": null, "size": 64846326, "status": "active", "last_pulled": "2024-01-20T04:30:35.846742Z", "last_pushed": "2023-11-29T01:01:25.075625Z"}], "last_updated": "2023-11-29T01:01:36.689027Z", "last_updater": 1156886, "last_updater_username": "doijanky", "name": "rawhide", "repository": 6306, "full_size": 64328671, "v2": true, "tag_status": "active", "tag_last_pulled": "2024-01-20T07:53:33.689578Z", "tag_last_pushed": "2023-11-29T01:01:36.689027Z", "media_type": "application/vnd.docker.distribution.manifest.list.v2+json", "content_type": "image", "digest": "sha256:22612832a0af4990b79cc6fb3c8b88d5ea70a0f30b3f87d83a0ae5efe30a7a65"}, {"creator": 1156886, "id": 513612575, "images": [{"architecture": "amd64", "features": "", "variant": null, "digest": "sha256:e7c8351c0292634436207cd10654eff5361153f0617e71c8fbd6e8dcf8d6f826", "os": "linux", "os_features": "", "os_version": null, "size": 64328671, "status": "active", "last_pulled": "2024-01-20T07:40:38.895583Z", "last_pushed": "2023-11-29T00:44:08.425993Z"}, {"architecture": "arm64", "features": "", "variant": null, "digest": "sha256:0d614f77d327282704a570d3b37e4f284baa06726ddbc9fb1670ab118e6f3ff5", "os": "linux", "os_features": "", "os_version": null, "size": 62982620, "status": "active", "last_pulled": "2024-01-20T07:28:29.960951Z", "last_pushed": "2023-11-29T01:01:24.035128Z"}, {"architecture": "ppc64le", "features": "", "variant": null, "digest": "sha256:40d02cc0eeddc4f10393b8a3dcc57b2939eb7f22d0cf671c6a64871d9ccc58a4", "os": "linux", "os_features": "", "os_version": null, "size": 71130482, "status": "active", "last_pulled": "2024-01-19T16:31:16.961712Z", "last_pushed": "2023-11-29T00:44:09.428946Z"}, {"architecture": "s390x", "features": "", "variant": null, "digest": "sha256:575cdee068244b33b08660157d462e39515a27634f955775a4d8db517afa3cfd", "os": "linux", "os_features": "", "os_version": null, "size": 64846326, "status": "active", "last_pulled": "2024-01-20T04:30:35.846742Z", "last_pushed": "2023-11-29T01:01:25.075625Z"}], "last_updated": "2023-11-29T01:01:27.968491Z", "last_updater": 1156886, "last_updater_username": "doijanky", "name": "40", "repository": 6306, "full_size": 64328671, "v2": true, "tag_status": "active", "tag_last_pulled": "2024-01-20T07:53:33.689578Z", "tag_last_pushed": "2023-11-29T01:01:27.968491Z", "media_type": "application/vnd.docker.distribution.manifest.list.v2+json", "content_type": "image", "digest": "sha256:22612832a0af4990b79cc6fb3c8b88d5ea70a0f30b3f87d83a0ae5efe30a7a65"}, {"creator": 1156886, "id": 403674464, "images": [{"architecture": "amd64", "features": "", "variant": null, "digest": "sha256:dfb5e6183f515192b37df9356622b676461a41b724d9f92953433dca3e85deb1", "os": "linux", "os_features": "", "os_version": null, "size": 64872433, "status": "active", "last_pulled": "2024-01-20T07:18:09.393462Z", "last_pushed": "2023-11-29T00:43:54.2714Z"}, {"architecture": "arm64", "features": "", "variant": null, "digest": "sha256:2c7ba32e77b58215d69dd2694509ee27c9d71f5be06b8323b05a06a9be13e979", "os": "linux", "os_features": "", "os_version": null, "size": 63497437, "status": "active", "last_pulled": "2024-01-20T08:07:48.621093Z", "last_pushed": "2023-11-29T01:01:11.217988Z"}, {"architecture": "ppc64le", "features": "", "variant": null, "digest": "sha256:a463a35126c7fd54ad6bb78c6b19553d8b2576de73e702019b3c8a9e1822a15d", "os": "linux", "os_features": "", "os_version": null, "size": 71705087, "status": "active", "last_pulled": "2024-01-20T07:45:03.717152Z", "last_pushed": "2023-11-29T00:43:55.280855Z"}, {"architecture": "s390x", "features": "", "variant": null, "digest": "sha256:2df31d93599e675b84f8ca7d14b1f3ffa111836d8ad6f60cfa74548b3349e3d6", "os": "linux", "os_features": "", "os_version": null, "size": 65400018, "status": "active", "last_pulled": "2024-01-20T07:45:03.86218Z", "last_pushed": "2023-11-29T01:01:12.316693Z"}], "last_updated": "2023-11-29T01:01:14.999733Z", "last_updater": 1156886, "last_updater_username": "doijanky", "name": "39", "repository": 6306, "full_size": 64872433, "v2": true, "tag_status": "active", "tag_last_pulled": "2024-01-20T08:07:48.621093Z", "tag_last_pushed": "2023-11-29T01:01:14.999733Z", "media_type": "application/vnd.docker.distribution.manifest.list.v2+json", "content_type": "image", "digest": "sha256:06df381d697d14940c886fda8e94a4fdc838df74e93f65111ed3ea04f7a7d6e0"}, {"creator": 1156886, "id": 322676029, "images": [{"architecture": "amd64", "features": "", "variant": null, "digest": "sha256:e9b68b3351329d72df54dfa5d10b2310e10829f6af58a8c30e0fc612d4f3b749", "os": "linux", "os_features": "", "os_version": null, "size": 66865675, "status": "active", "last_pulled": "2024-01-20T07:20:02.770936Z", "last_pushed": "2023-11-29T00:43:31.853793Z"}, {"architecture": "arm64", "features": "", "variant": null, "digest": "sha256:a4e49f4139ee6bb525531b17d5948ace182abc6aaff5086b146e7d2a830d708b", "os": "linux", "os_features": "", "os_version": null, "size": 65592571, "status": "active", "last_pulled": "2024-01-20T07:38:22.958502Z", "last_pushed": "2023-11-29T01:00:54.316888Z"}, {"architecture": "ppc64le", "features": "", "variant": null, "digest": "sha256:ad31d801afb289b6a596d1d4713389ee0be8a82317db67b19344315e677efbca", "os": "linux", "os_features": "", "os_version": null, "size": 73860559, "status": "active", "last_pulled": "2024-01-20T08:01:20.921345Z", "last_pushed": "2023-11-29T00:43:32.887628Z"}, {"architecture": "s390x", "features": "", "variant": null, "digest": "sha256:a403c2f9029ae73b34fc2f9f2e56c8eee4d80232d99de5c18311175c8f589dbd", "os": "linux", "os_features": "", "os_version": null, "size": 67508242, "status": "active", "last_pulled": "2024-01-20T08:01:20.933609Z", "last_pushed": "2023-11-29T01:00:55.566997Z"}], "last_updated": "2023-11-29T01:00:58.196645Z", "last_updater": 1156886, "last_updater_username": "doijanky", "name": "38", "repository": 6306, "full_size": 66865675, "v2": true, "tag_status": "active", "tag_last_pulled": "2024-01-20T08:01:20.933609Z", "tag_last_pushed": "2023-11-29T01:00:58.196645Z", "media_type": "application/vnd.docker.distribution.manifest.list.v2+json", "content_type": "image", "digest": "sha256:3f01c8f79691df76331cb4bb0944794a60850475e859c15e49513fcbe0a3d88a"}, {"creator": 1156886, "id": 198195168, "images": [{"architecture": "ppc64le", "features": "", "variant": null, "digest": "sha256:250da8f20e7fc97f7b0d341fb24b6af12a3963c7273bb5c532a00c61f751aca0", "os": "linux", "os_features": "", "os_version": null, "size": 70628644, "status": "active", "last_pulled": "2024-01-20T05:30:15.18824Z", "last_pushed": "2023-11-29T01:00:29.802438Z"}, {"architecture": "s390x", "features": "", "variant": null, "digest": "sha256:df0c8bb870b6814074f69bc4ae8d6feccd58079f43b79e8d3dae7b91faefa31c", "os": "linux", "os_features": "", "os_version": null, "size": 62148499, "status": "active", "last_pulled": "2024-01-19T23:42:02.31669Z", "last_pushed": "2023-11-29T01:00:31.727234Z"}, {"architecture": "amd64", "features": "", "variant": null, "digest": "sha256:9973fef289e6d2bfaf485605f72575ebd98c7b991744178c72fd060b4a7c7357", "os": "linux", "os_features": "", "os_version": null, "size": 65029635, "status": "active", "last_pulled": "2024-01-20T07:11:55.364031Z", "last_pushed": "2023-11-29T00:43:11.842063Z"}, {"architecture": "arm64", "features": "", "variant": null, "digest": "sha256:9db1a98f7db926dd59052c76fd3ac5ac37b24a37892dba82593a343505cb9b3d", "os": "linux", "os_features": "", "os_version": null, "size": 63118399, "status": "active", "last_pulled": "2024-01-20T07:41:54.63684Z", "last_pushed": "2023-11-29T01:00:27.320039Z"}], "last_updated": "2023-11-29T01:00:35.186051Z", "last_updater": 1156886, "last_updater_username": "doijanky", "name": "37", "repository": 6306, "full_size": 65029635, "v2": true, "tag_status": "active", "tag_last_pulled": "2024-01-20T07:41:54.63684Z", "tag_last_pushed": "2023-11-29T01:00:35.186051Z", "media_type": "application/vnd.docker.distribution.manifest.list.v2+json", "content_type": "image", "digest": "sha256:de153a3928b8901ad05d8d3314a1f7680570979bd2c04c4562b817daa8358a33"}, {"creator": 1156886, "id": 170032490, "images": [{"architecture": "amd64", "features": "", "variant": null, "digest": "sha256:c3928ce4e65d6d1e66fc1e2c9b1cc163d31bc63a96117d9a76a8e4fe702eb2bd", "os": "linux", "os_features": "", "os_version": null, "size": 60065882, "status": "active", "last_pulled": "2024-01-20T07:14:59.018404Z", "last_pushed": "2023-05-04T19:39:48.787883Z"}, {"architecture": "arm64", "features": "", "variant": null, "digest": "sha256:0c1911039891ed95f5fb2f644f85fadce896d720f899e67978c9d989485cad4e", "os": "linux", "os_features": "", "os_version": null, "size": 58130600, "status": "active", "last_pulled": "2024-01-20T04:21:11.456598Z", "last_pushed": "2023-05-04T20:20:25.634567Z"}, {"architecture": "ppc64le", "features": "", "variant": null, "digest": "sha256:492555d640d6c59cb822f702307c81371597e94a016aaa26f261ad81893fb085", "os": "linux", "os_features": "", "os_version": null, "size": 65476557, "status": "active", "last_pulled": "2024-01-20T04:21:12.103915Z", "last_pushed": "2023-05-05T00:30:12.609336Z"}, {"architecture": "s390x", "features": "", "variant": null, "digest": "sha256:e94b9482c98aa4b3f8f289468518fd2b76a2a3f073b0d5e1aff63a40789482be", "os": "linux", "os_features": "", "os_version": null, "size": 57047749, "status": "active", "last_pulled": "2024-01-20T04:21:12.765186Z", "last_pushed": "2023-05-05T06:16:45.798584Z"}], "last_updated": "2023-05-05T06:16:48.062284Z", "last_updater": 1156886, "last_updater_username": "doijanky", "name": "36", "repository": 6306, "full_size": 60065882, "v2": true, "tag_status": "active", "tag_last_pulled": "2024-01-20T07:35:15.574848Z", "tag_last_pushed": "2023-05-05T06:16:48.062284Z", "media_type": "application/vnd.docker.distribution.manifest.list.v2+json", "content_type": "image", "digest": "sha256:64cd00a0e2b92d527c0a0954162a73e85f160e3a53c38325b51e87d6aab4e266"}, {"creator": 1156886, "id": 138179495, "images": [{"architecture": "amd64", "features": "", "variant": null, "digest": "sha256:513a82a37c2b244b26023f8797f17c56841fa2a5a84bff59f5eaebc8c50bcb49", "os": "linux", "os_features": "", "os_version": null, "size": 55760794, "status": "active", "last_pulled": "2024-01-20T07:31:52.070143Z", "last_pushed": "2022-12-12T20:39:42.465338Z"}, {"architecture": "arm64", "features": "", "variant": null, "digest": "sha256:c8031e5330d1e2f3a818a5ae9e7f02a3a5da3609b180060af591054aef89e9fb", "os": "linux", "os_features": "", "os_version": null, "size": 54727723, "status": "active", "last_pulled": "2024-01-20T04:21:07.11199Z", "last_pushed": "2022-12-12T20:57:43.530062Z"}, {"architecture": "ppc64le", "features": "", "variant": null, "digest": "sha256:6da3ab65606138198e26ff42f9adad0ec4f239e11408952a196f9b24003441db", "os": "linux", "os_features": "", "os_version": null, "size": 60702376, "status": "active", "last_pulled": "2024-01-20T04:21:08.049035Z", "last_pushed": "2022-12-12T20:39:43.745138Z"}, {"architecture": "s390x", "features": "", "variant": null, "digest": "sha256:b146bcf2596bc73a73a1476f32941257bc6e3dd573ceed9b1b07e25746a1bf06", "os": "linux", "os_features": "", "os_version": null, "size": 53732022, "status": "active", "last_pulled": "2024-01-20T04:21:08.801709Z", "last_pushed": "2022-12-12T20:57:44.596139Z"}], "last_updated": "2022-12-12T20:57:47.025952Z", "last_updater": 1156886, "last_updater_username": "doijanky", "name": "35", "repository": 6306, "full_size": 55760794, "v2": true, "tag_status": "active", "tag_last_pulled": "2024-01-20T08:03:13.143649Z", "tag_last_pushed": "2022-12-12T20:57:47.025952Z", "media_type": "application/vnd.docker.distribution.manifest.list.v2+json", "content_type": "image", "digest": "sha256:b6fa5d32e6b630bf85ece741cea391290c0e0f2e6ebfda57b6a1a71d184f4000"}, {"creator": 1156886, "id": 114678632, "images": [{"architecture": "ppc64le", "features": "", "variant": null, "digest": "sha256:9825183a1c7769d4cffaddb58ae632e5295c71f29c520d40a400288e30c2e26e", "os": "linux", "os_features": "", "os_version": null, "size": 70559154, "status": "active", "last_pulled": "2024-01-19T18:12:51.695239Z", "last_pushed": "2022-10-11T12:35:27.014072Z"}, {"architecture": "s390x", "features": "", "variant": null, "digest": "sha256:f197bdac8a37c73ac9557276616c410e157b553de38268031d01a642fd3b3b56", "os": "linux", "os_features": "", "os_version": null, "size": 62336835, "status": "active", "last_pulled": "2024-01-19T18:12:52.396361Z", "last_pushed": "2022-03-19T04:48:26.634016Z"}, {"architecture": "amd64", "features": "", "variant": null, "digest": "sha256:24fe8d51f042d80fc1fa7d593e03d3994ddae4a5cd3d5d9495fde740364e0bc2", "os": "linux", "os_features": "", "os_version": null, "size": 64821068, "status": "active", "last_pulled": "2024-01-20T07:18:13.347649Z", "last_pushed": "2022-03-20T11:02:54.644027Z"}, {"architecture": "arm", "features": "", "variant": null, "digest": "sha256:24ae05458ffaac1880cd856465c93f0e0a5c4235ddfef418d6092f6618d5e98a", "os": "linux", "os_features": "", "os_version": null, "size": 61215055, "status": "active", "last_pulled": "2024-01-20T01:29:12.845069Z", "last_pushed": "2022-03-20T09:33:49.111417Z"}, {"architecture": "arm64", "features": "", "variant": null, "digest": "sha256:dace6d144b7fc7448edf1090cce9fc5e596d0c42b8b3a1b2f65c7514a03c5b4b", "os": "linux", "os_features": "", "os_version": null, "size": 64500084, "status": "active", "last_pulled": "2024-01-20T01:29:12.720442Z", "last_pushed": "2022-03-19T19:36:50.91314Z"}], "last_updated": "2022-10-11T12:35:29.930647Z", "last_updater": 1156886, "last_updater_username": "doijanky", "name": "34", "repository": 6306, "full_size": 64821068, "v2": true, "tag_status": "active", "tag_last_pulled": "2024-01-20T08:03:12.11555Z", "tag_last_pushed": "2022-10-11T12:35:29.930647Z", "media_type": "application/vnd.docker.distribution.manifest.list.v2+json", "content_type": "image", "digest": "sha256:55a74d948c47bb002edff3c7a9a7e864152c686d7c2dc8e3df1ac4d611a20898"}, {"creator": 1156886, "id": 87636385, "images": [{"architecture": "amd64", "features": "", "variant": null, "digest": "sha256:0917716c5c92a4d57ed58db867b8889e7834d542d89cac8dac2f0b30606a34f9", "os": "linux", "os_features": "", "os_version": null, "size": 61717804, "status": "active", "last_pulled": "2024-01-20T07:45:47.808226Z", "last_pushed": "2021-11-29T20:34:40.556373Z"}, {"architecture": "ppc64le", "features": "", "variant": null, "digest": "sha256:ca3f232ff96b79cbe04e0b5b248a5de82888b65909515a7e50f906cfac9520b1", "os": "linux", "os_features": "", "os_version": null, "size": 67313890, "status": "active", "last_pulled": "2024-01-19T16:36:35.280639Z", "last_pushed": "2021-11-29T20:34:42.862229Z"}, {"architecture": "arm64", "features": "", "variant": "v8", "digest": "sha256:cca28e6aed5589f016bbd6a1963a037a6b85c15b2a653ae89dba5de75ed73867", "os": "linux", "os_features": "", "os_version": null, "size": 61519858, "status": "active", "last_pulled": "2024-01-20T02:08:46.441086Z", "last_pushed": "2021-11-29T19:59:23.357743Z"}, {"architecture": "arm", "features": "", "variant": "v7", "digest": "sha256:771c683f88fa02df42fe088984db0d58973d158b14d37d78f30a5a53e4f4ad3b", "os": "linux", "os_features": "", "os_version": null, "size": 58239363, "status": "active", "last_pulled": "2024-01-19T16:36:32.450623Z", "last_pushed": "2021-11-29T20:34:41.725102Z"}, {"architecture": "s390x", "features": "", "variant": null, "digest": "sha256:5dac9ec9b48e4da79c32f36dc5a25c8e273113af622ee4a4b2f5525b70f6233a", "os": "linux", "os_features": "", "os_version": null, "size": 63298220, "status": "active", "last_pulled": "2024-01-19T16:36:36.882387Z", "last_pushed": "2021-11-29T19:59:24.389485Z"}], "last_updated": "2021-11-29T20:34:45.300636Z", "last_updater": 1156886, "last_updater_username": "doijanky", "name": "33", "repository": 6306, "full_size": 61717804, "v2": true, "tag_status": "active", "tag_last_pulled": "2024-01-20T07:45:47.808226Z", "tag_last_pushed": "2021-11-29T20:34:45.300636Z", "media_type": "application/vnd.docker.distribution.manifest.list.v2+json", "content_type": "image"}, {"creator": 1156886, "id": 66856621, "images": [{"architecture": "amd64", "features": "", "variant": null, "digest": "sha256:7afb459893c1c5defb714d7e0a2aae4a5c2a12f24aa5b26ff5f8f8e7dd8b2317", "os": "linux", "os_features": "", "os_version": null, "size": 71133710, "status": "active", "last_pulled": "2024-01-20T07:31:50.228513Z", "last_pushed": "2021-04-27T21:38:25.4015Z"}, {"architecture": "arm64", "features": "", "variant": "v8", "digest": "sha256:dee0183f7d30eb64bb7101c093d36dc6e1aa2bac205ac63760f4c7fc078ababa", "os": "linux", "os_features": "", "os_version": null, "size": 71237286, "status": "active", "last_pulled": "2024-01-19T16:36:33.516224Z", "last_pushed": "2021-07-23T01:50:06.868355Z"}, {"architecture": "arm", "features": "", "variant": "v7", "digest": "sha256:48f8b17c12abf28f5b5911ad1bc7d2ce37efe58ec9f4a82882fb6c1a32e6137a", "os": "linux", "os_features": "", "os_version": null, "size": 67081893, "status": "active", "last_pulled": "2024-01-19T16:36:31.918606Z", "last_pushed": "2021-07-23T19:24:33.58422Z"}, {"architecture": "ppc64le", "features": "", "variant": null, "digest": "sha256:dc207ac83565da307c73218f3076474bb0b0f8cd56b6f58820c864672dd45030", "os": "linux", "os_features": "", "os_version": null, "size": 77987523, "status": "active", "last_pulled": "2024-01-19T16:36:35.258556Z", "last_pushed": "2021-07-23T23:51:57.86574Z"}, {"architecture": "s390x", "features": "", "variant": null, "digest": "sha256:4769d67ec9b670937ae9f235878b9dbde6ac7d8f1d068f3d2a82fcde1a08aa55", "os": "linux", "os_features": "", "os_version": null, "size": 73373262, "status": "active", "last_pulled": "2024-01-19T16:36:37.019282Z", "last_pushed": "2021-07-23T02:47:33.061915Z"}], "last_updated": "2021-07-23T23:51:58.769941Z", "last_updater": 1156886, "last_updater_username": "doijanky", "name": "32", "repository": 6306, "full_size": 71133710, "v2": true, "tag_status": "active", "tag_last_pulled": "2024-01-20T07:31:50.228513Z", "tag_last_pushed": "2021-07-23T23:51:58.769941Z", "media_type": "application/vnd.docker.distribution.manifest.list.v2+json", "content_type": "image"}, {"creator": 1156886, "id": 49404228, "images": [{"architecture": "ppc64le", "features": "", "variant": null, "digest": "sha256:50ab81a4619f7e94793aba65f3a40505bdfb9b59dcf6ae6deb8f974723e966d9", "os": "linux", "os_features": "", "os_version": null, "size": 66741144, "status": "active", "last_pulled": "2024-01-19T16:36:32.322378Z", "last_pushed": null}, {"architecture": "s390x", "features": "", "variant": null, "digest": "sha256:ed2978edeed403b54400c31280bfa04ecb4cded4d61cf7ce07eceebdd120a8ee", "os": "linux", "os_features": "", "os_version": null, "size": 59020687, "status": "active", "last_pulled": "2024-01-19T16:36:33.878295Z", "last_pushed": null}, {"architecture": "arm64", "features": "", "variant": "v8", "digest": "sha256:bdb7ca281096395c862f43b53fe1d1757de76bb50147b29b90555228a3346b0f", "os": "linux", "os_features": "", "os_version": null, "size": 61326786, "status": "active", "last_pulled": "2024-01-20T06:08:17.071897Z", "last_pushed": null}, {"architecture": "amd64", "features": "", "variant": null, "digest": "sha256:cbe53d28f54c0f0b1d79a1817089235680b104c23619772473f449f20edd37dd", "os": "linux", "os_features": "", "os_version": null, "size": 61421612, "status": "active", "last_pulled": "2024-01-20T07:30:22.885916Z", "last_pushed": "2021-04-01T18:16:00.927219Z"}], "last_updated": "2021-04-01T18:16:05.933244Z", "last_updater": 1156886, "last_updater_username": "doijanky", "name": "31", "repository": 6306, "full_size": 61421612, "v2": true, "tag_status": "active", "tag_last_pulled": "2024-01-20T07:30:22.885916Z", "tag_last_pushed": "2021-04-01T18:16:05.933244Z", "media_type": "application/vnd.docker.distribution.manifest.list.v2+json", "content_type": "image"}, {"creator": 1156886, "id": 39377891, "images": [{"architecture": "amd64", "features": "", "variant": null, "digest": "sha256:3b7532bc7d3782b2b66adc7f941b4b2d2ac8cf761dfa76990af2c8043c63e1d0", "os": "linux", "os_features": "", "os_version": null, "size": 70821420, "status": "active", "last_pulled": "2024-01-20T07:14:34.672948Z", "last_pushed": null}, {"architecture": "s390x", "features": "", "variant": null, "digest": "sha256:74eddfb1beaa77d656d62af611f682cea7026f64ba4fcaae26e181f7c42354f0", "os": "linux", "os_features": "", "os_version": null, "size": 67787254, "status": "active", "last_pulled": "2024-01-19T16:36:34.155691Z", "last_pushed": null}, {"architecture": "arm64", "features": "", "variant": "v8", "digest": "sha256:444592d75a07a1c53bdf6c4649430c4bede1df64363adab162e07884d9f7e3cf", "os": "linux", "os_features": "", "os_version": null, "size": 70698208, "status": "active", "last_pulled": "2024-01-19T16:36:31.287914Z", "last_pushed": null}, {"architecture": "ppc64le", "features": "", "variant": null, "digest": "sha256:97c96a9c160bc83394d6eb3c2ffbbd633c5f3da4748de2269cf1ab420bac1031", "os": "linux", "os_features": "", "os_version": null, "size": 75975006, "status": "active", "last_pulled": "2024-01-19T16:36:32.651886Z", "last_pushed": null}], "last_updated": "2020-02-21T05:05:22.508037Z", "last_updater": 1156886, "last_updater_username": "doijanky", "name": "30", "repository": 6306, "full_size": 70821420, "v2": true, "tag_status": "active", "tag_last_pulled": "2024-01-20T07:14:34.672948Z", "tag_last_pushed": "2020-02-21T05:05:22.508037Z", "media_type": "application/vnd.docker.distribution.manifest.list.v2+json", "content_type": "image"}, {"creator": 1156886, "id": 33588476, "images": [{"architecture": "s390x", "features": "", "variant": null, "digest": "sha256:bf1b7d03899d80cb380e75d6e6483d06521652f2bea7588463b225d8d7286560", "os": "linux", "os_features": "", "os_version": null, "size": 87832069, "status": "active", "last_pulled": "2024-01-19T16:36:35.893142Z", "last_pushed": null}, {"architecture": "amd64", "features": "", "variant": null, "digest": "sha256:787bce7f4d2dafd8c4923dd5c43fb2e4b8473b57ea52f6d12be9bb27bc8f1a85", "os": "linux", "os_features": "", "os_version": null, "size": 89983295, "status": "active", "last_pulled": "2024-01-20T07:31:40.652534Z", "last_pushed": null}, {"architecture": "ppc64le", "features": "", "variant": null, "digest": "sha256:5558d33a1380a1d5be7768a89ae29fb71e07ef7883453f12d8abad3e367162ae", "os": "linux", "os_features": "", "os_version": null, "size": 95879771, "status": "active", "last_pulled": "2024-01-19T16:36:34.314353Z", "last_pushed": null}, {"architecture": "arm", "features": "", "variant": "v7", "digest": "sha256:f2d1584b2cc919c56832906c8d7cf26e216dbcff846270a292a1c6b245f0db43", "os": "linux", "os_features": "", "os_version": null, "size": 84554965, "status": "active", "last_pulled": "2024-01-19T16:36:31.674037Z", "last_pushed": null}, {"architecture": "arm64", "features": "", "variant": "v8", "digest": "sha256:98d37a98333f1179b1d5a0c53c2681e7b42c052a9b2f74bf13153621a3ec5b9b", "os": "linux", "os_features": "", "os_version": null, "size": 88975883, "status": "active", "last_pulled": "2024-01-19T16:36:33.009148Z", "last_pushed": null}], "last_updated": "2019-06-05T23:44:06.739579Z", "last_updater": 1156886, "last_updater_username": "doijanky", "name": "29", "repository": 6306, "full_size": 89983295, "v2": true, "tag_status": "active", "tag_last_pulled": "2024-01-20T07:31:40.652534Z", "tag_last_pushed": "2019-06-05T23:44:06.739579Z", "media_type": "application/vnd.docker.distribution.manifest.list.v2+json", "content_type": "image"}, {"creator": 1156886, "id": 23464035, "images": [{"architecture": "arm64", "features": "", "variant": "v8", "digest": "sha256:54e90be6a55acafce3b90c08f5c0813bd5b509090f8c8b19bfdc3ccacee70ef2", "os": "linux", "os_features": "", "os_version": null, "size": 88883085, "status": "active", "last_pulled": "2024-01-19T16:36:33.508551Z", "last_pushed": null}, {"architecture": "ppc64le", "features": "", "variant": null, "digest": "sha256:479a12014ea3208d5311ae2f4c3652119b034bfce540b5706b36c23885170b91", "os": "linux", "os_features": "", "os_version": null, "size": 95829249, "status": "active", "last_pulled": "2024-01-19T16:36:34.907534Z", "last_pushed": null}, {"architecture": "arm", "features": "", "variant": "v7", "digest": "sha256:c3fa47cef475e382c3f3e853ba723effb091ea597628b4dd6895dac0d28f891f", "os": "linux", "os_features": "", "os_version": null, "size": 84580301, "status": "active", "last_pulled": "2024-01-19T16:36:31.957848Z", "last_pushed": null}, {"architecture": "amd64", "features": "", "variant": null, "digest": "sha256:c22753471c4b08399b6cbe80e0bb12ccf5f0d70ef900281c163bc9513bd2298d", "os": "linux", "os_features": "", "os_version": null, "size": 89645101, "status": "active", "last_pulled": "2024-01-20T07:21:05.434562Z", "last_pushed": null}, {"architecture": "s390x", "features": "", "variant": null, "digest": "sha256:b23b33bf21d3e1f451efea9427bacd958d44ffb5768789934b9bf40eb7cdb96f", "os": "linux", "os_features": "", "os_version": null, "size": 87643605, "status": "active", "last_pulled": "2024-01-19T16:36:36.227472Z", "last_pushed": null}], "last_updated": "2019-06-05T23:43:43.086855Z", "last_updater": 1156886, "last_updater_username": "doijanky", "name": "28", "repository": 6306, "full_size": 89645101, "v2": true, "tag_status": "active", "tag_last_pulled": "2024-01-20T07:21:05.434562Z", "tag_last_pushed": "2019-06-05T23:43:43.086855Z", "media_type": "application/vnd.docker.distribution.manifest.list.v2+json", "content_type": "image"}, {"creator": 1156886, "id": 17995274, "images": [{"architecture": "amd64", "features": "", "variant": null, "digest": "sha256:55addb04a1e1d9eafa3cc4773a999548035670cdfda5551808bafff2674a7456", "os": "linux", "os_features": "", "os_version": null, "size": 81276287, "status": "active", "last_pulled": "2024-01-20T06:44:14.865567Z", "last_pushed": null}, {"architecture": "arm", "features": "", "variant": "v7", "digest": "sha256:a0aaa292c669e734abdbfb9b8711ffe3ac6805476cfd98b7bf467520ea8ad9cd", "os": "linux", "os_features": "", "os_version": null, "size": 76875501, "status": "active", "last_pulled": "2024-01-19T16:36:31.630838Z", "last_pushed": null}, {"architecture": "arm64", "features": "", "variant": "v8", "digest": "sha256:bf0d69af2dd17f0ff810b7bc2638b56181aa6eccd1d91166c9088b01890ee58f", "os": "linux", "os_features": "", "os_version": null, "size": 82617887, "status": "active", "last_pulled": "2024-01-19T16:36:33.693744Z", "last_pushed": null}, {"architecture": "ppc64le", "features": "", "variant": null, "digest": "sha256:0c3e91db7bba09c448c013c0db3b2728fbe2fd0b9df7ce85daa62a8737d47859", "os": "linux", "os_features": "", "os_version": null, "size": 88351218, "status": "active", "last_pulled": "2024-01-19T16:36:35.023193Z", "last_pushed": null}], "last_updated": "2019-06-05T23:43:33.175812Z", "last_updater": 1156886, "last_updater_username": "doijanky", "name": "27", "repository": 6306, "full_size": 81276287, "v2": true, "tag_status": "active", "tag_last_pulled": "2024-01-20T06:44:14.865567Z", "tag_last_pushed": "2019-06-05T23:43:33.175812Z", "media_type": "application/vnd.docker.distribution.manifest.list.v2+json", "content_type": "image"}, {"creator": 2215, "id": 12817038, "images": [{"architecture": "arm64", "features": "", "variant": "v8", "digest": "sha256:c23fcea84897769acd1ac7186a7d101603d61566b085c6bca83c5341c05f0536", "os": "linux", "os_features": "", "os_version": null, "size": 81670997, "status": "active", "last_pulled": "2024-01-19T18:12:47.351353Z", "last_pushed": null}, {"architecture": "amd64", "features": "", "variant": null, "digest": "sha256:26b7b75e7a70e699b9c195580c21647e89393f3cbfcd6a39a7ac8a2e2968aa57", "os": "linux", "os_features": "", "os_version": null, "size": 79409732, "status": "active", "last_pulled": "2024-01-20T07:31:49.858755Z", "last_pushed": null}, {"architecture": "ppc64le", "features": "", "variant": null, "digest": "sha256:debcf8228c7727bea83dbcc20e578b639d49a1da2babdf3dce605a5bc52035a2", "os": "linux", "os_features": "", "os_version": null, "size": 87056494, "status": "active", "last_pulled": "2024-01-19T18:12:47.991782Z", "last_pushed": null}, {"architecture": "arm", "features": "", "variant": "v7", "digest": "sha256:0339145d269f7af7ef6fd37dff50c2d983f6108750dca91415bf53e7944d6b3d", "os": "linux", "os_features": "", "os_version": null, "size": 76280222, "status": "active", "last_pulled": "2024-01-19T18:12:46.63603Z", "last_pushed": null}], "last_updated": "2019-06-05T23:43:22.822Z", "last_updater": 1156886, "last_updater_username": "doijanky", "name": "26", "repository": 6306, "full_size": 79409732, "v2": true, "tag_status": "active", "tag_last_pulled": "2024-01-20T07:31:49.858755Z", "tag_last_pushed": "2019-06-05T23:43:22.822Z", "media_type": "application/vnd.docker.distribution.manifest.list.v2+json", "content_type": "image"}, {"creator": 1156886, "id": 23464029, "images": [{"architecture": "amd64", "features": "", "variant": null, "digest": "sha256:30190780b56e33521971b0213810005a69051d720b73154c6e473c1a07ebd609", "os": "linux", "os_features": "", "os_version": null, "size": 85441047, "status": "inactive", "last_pulled": null, "last_pushed": null}, {"architecture": "arm", "features": "", "variant": "v7", "digest": "sha256:6b74076c9de54e75b456f4456029e71e3a67b1e64da0e525ae525d701c39cbba", "os": "linux", "os_features": "", "os_version": null, "size": 80610034, "status": "inactive", "last_pulled": null, "last_pushed": null}, {"architecture": "arm64", "features": "", "variant": "v8", "digest": "sha256:550cf4210f152fd7172a39d764360465626f367f06b6a61873359c5f9f1c9472", "os": "linux", "os_features": "", "os_version": null, "size": 84803733, "status": "inactive", "last_pulled": null, "last_pushed": null}, {"architecture": "s390x", "features": "", "variant": null, "digest": "sha256:eed08e7bc01ac9418a071a13b6dd45b39d6955f49cf463b895573fe3359105ba", "os": "linux", "os_features": "", "os_version": null, "size": 83561207, "status": "inactive", "last_pulled": null, "last_pushed": null}], "last_updated": "2018-03-09T22:42:44.598303Z", "last_updater": 1156886, "last_updater_username": "doijanky", "name": "branched", "repository": 6306, "full_size": 85441047, "v2": true, "tag_status": "inactive", "tag_last_pulled": null, "tag_last_pushed": "2018-03-09T22:42:44.598303Z", "media_type": "application/vnd.docker.distribution.manifest.list.v2+json", "content_type": "image"}, {"creator": 621950, "id": 6312180, "images": [{"architecture": "amd64", "features": "", "variant": null, "digest": "sha256:9cffd21a45e3541e3677bec005b1eabddf4970080df8a48dbf1b37af66988733", "os": "linux", "os_features": "", "os_version": null, "size": 79908336, "status": "inactive", "last_pulled": null, "last_pushed": null}, {"architecture": "arm", "features": "", "variant": "v7", "digest": "sha256:8ecb4a3e97f3901e8d7b9e95b6369114798eb399b9fd393a3cde77c248f19b08", "os": "linux", "os_features": "", "os_version": null, "size": 76857152, "status": "inactive", "last_pulled": null, "last_pushed": null}], "last_updated": "2017-12-28T00:42:54.73359Z", "last_updater": 1156886, "last_updater_username": "doijanky", "name": "25", "repository": 6306, "full_size": 79908336, "v2": true, "tag_status": "inactive", "tag_last_pulled": null, "tag_last_pushed": "2017-12-28T00:42:54.73359Z", "media_type": "application/vnd.docker.distribution.manifest.list.v2+json", "content_type": "image"}, {"creator": 2215, "id": 13167018, "images": [{"architecture": "amd64", "features": "", "variant": null, "digest": "sha256:4f8db653ea367a805cfa0e4da898d37cf5d87562b30f72091dbe691faed70c57", "os": "linux", "os_features": "", "os_version": null, "size": 34974945, "status": "inactive", "last_pulled": null, "last_pushed": null}], "last_updated": "2017-11-08T20:42:17.374517Z", "last_updater": 1156886, "last_updater_username": "doijanky", "name": "26-modular", "repository": 6306, "full_size": 34974945, "v2": true, "tag_status": "inactive", "tag_last_pulled": null, "tag_last_pushed": "2017-11-08T20:42:17.374517Z", "media_type": "application/vnd.docker.distribution.manifest.list.v2+json", "content_type": "image"}, {"creator": 1156886, "id": 17717939, "images": [{"architecture": "amd64", "features": "", "variant": null, "digest": "sha256:4f8db653ea367a805cfa0e4da898d37cf5d87562b30f72091dbe691faed70c57", "os": "linux", "os_features": "", "os_version": null, "size": 34974945, "status": "inactive", "last_pulled": null, "last_pushed": null}], "last_updated": "2017-11-08T20:42:17.071295Z", "last_updater": 1156886, "last_updater_username": "doijanky", "name": "modular", "repository": 6306, "full_size": 34974945, "v2": true, "tag_status": "inactive", "tag_last_pulled": null, "tag_last_pushed": "2017-11-08T20:42:17.071295Z", "media_type": "application/vnd.docker.distribution.manifest.list.v2+json", "content_type": "image"}, {"creator": 621950, "id": 3501267, "images": [{"architecture": "amd64", "features": "", "variant": null, "digest": "sha256:971e0f0a8b7138a4f8eccd0e402e4cca958fd2c622c5c8308f16b183d0d15d06", "os": "linux", "os_features": "", "os_version": null, "size": 74760717, "status": "inactive", "last_pulled": null, "last_pushed": null}], "last_updated": "2017-09-13T05:42:38.199802Z", "last_updater": 1156886, "last_updater_username": "doijanky", "name": "24", "repository": 6306, "full_size": 74760717, "v2": true, "tag_status": "inactive", "tag_last_pulled": null, "tag_last_pushed": "2017-09-13T05:42:38.199802Z", "media_type": "application/vnd.docker.distribution.manifest.list.v2+json", "content_type": "image"}, {"creator": 7, "id": 10829, "images": [{"architecture": "amd64", "features": "", "variant": null, "digest": "sha256:ba74bddb630e4dc18b3c97241f7e7fc5fb4babfd0d79e10b73f5d85b52db46ae", "os": "linux", "os_features": "", "os_version": null, "size": 93954337, "status": "inactive", "last_pulled": null, "last_pushed": null}], "last_updated": "2017-03-15T23:33:37.993157Z", "last_updater": 2215, "last_updater_username": "stackbrew", "name": "heisenbug", "repository": 6306, "full_size": 93954337, "v2": true, "tag_status": "inactive", "tag_last_pulled": "2024-01-20T07:31:58.185333Z", "tag_last_pushed": "2017-03-15T23:33:37.993157Z", "media_type": "application/vnd.docker.container.image.v1+json", "content_type": "image", "digest": "sha256:5d5a02b873d298da9bca4b84440c5cd698b0832560c850d92cf389cef58bc549"}, {"creator": 7, "id": 10830, "images": [{"architecture": "amd64", "features": "", "variant": null, "digest": "sha256:ba74bddb630e4dc18b3c97241f7e7fc5fb4babfd0d79e10b73f5d85b52db46ae", "os": "linux", "os_features": "", "os_version": null, "size": 93954337, "status": "inactive", "last_pulled": null, "last_pushed": null}], "last_updated": "2017-03-15T23:33:36.008465Z", "last_updater": 2215, "last_updater_username": "stackbrew", "name": "20", "repository": 6306, "full_size": 93954337, "v2": true, "tag_status": "inactive", "tag_last_pulled": "2024-01-20T07:31:58.185333Z", "tag_last_pushed": "2017-03-15T23:33:36.008465Z", "media_type": "application/vnd.docker.container.image.v1+json", "content_type": "image", "digest": "sha256:5d5a02b873d298da9bca4b84440c5cd698b0832560c850d92cf389cef58bc549"}, {"creator": 7, "id": 10832, "images": [{"architecture": "amd64", "features": "", "variant": null, "digest": "sha256:ba6369d667d15c1f4f7d7aaa1bded5389e68eaafd57a86a4459a52b5b7457d9f", "os": "linux", "os_features": "", "os_version": null, "size": 92466769, "status": "inactive", "last_pulled": null, "last_pushed": null}], "last_updated": "2017-03-15T23:33:00.427104Z", "last_updater": 2215, "last_updater_username": "stackbrew", "name": "21", "repository": 6306, "full_size": 92466769, "v2": true, "tag_status": "inactive", "tag_last_pulled": "2024-01-20T07:31:47.873248Z", "tag_last_pushed": "2017-03-15T23:33:00.427104Z", "media_type": "application/vnd.docker.container.image.v1+json", "content_type": "image", "digest": "sha256:a268e5e12257c7770eb44c24041baf5e728fba2eed1a84f007b81845ded0a485"}, {"creator": 7, "id": 10833, "images": [{"architecture": "amd64", "features": "", "variant": null, "digest": "sha256:01a9fe974dba61470137158fc1987884ea1f2333ae60c7f76562dbae02739ada", "os": "linux", "os_features": "", "os_version": null, "size": 67211773, "status": "inactive", "last_pulled": null, "last_pushed": null}], "last_updated": "2017-03-15T23:32:58.236926Z", "last_updater": 2215, "last_updater_username": "stackbrew", "name": "22", "repository": 6306, "full_size": 67211773, "v2": true, "tag_status": "inactive", "tag_last_pulled": "2024-01-20T07:20:39.534164Z", "tag_last_pushed": "2017-03-15T23:32:58.236926Z", "media_type": "application/vnd.docker.container.image.v1+json", "content_type": "image", "digest": "sha256:d5cce9139f8758171936a033c0625307760026446d4d30f084ff6b52aecc1721"}, {"creator": 2215, "id": 1266459, "images": [{"architecture": "amd64", "features": "", "variant": null, "digest": "sha256:60ba3309bebbbebf940bbc61241e9a73ddb060ab724c3802eb86ab665430d7ea", "os": "linux", "os_features": "", "os_version": null, "size": 76664095, "status": "inactive", "last_pulled": null, "last_pushed": null}], "last_updated": "2017-03-15T23:32:55.835253Z", "last_updater": 2215, "last_updater_username": "stackbrew", "name": "23", "repository": 6306, "full_size": 76664095, "v2": true, "tag_status": "inactive", "tag_last_pulled": "2024-01-20T07:31:54.108782Z", "tag_last_pushed": "2017-03-15T23:32:55.835253Z", "media_type": "application/vnd.docker.container.image.v1+json", "content_type": "image", "digest": "sha256:24994d55192ca83f7837c5e4c24323b0f78445af37c2abca0019b8fc7ec4852f"}]