[{"creator": 7, "id": 10764, "images": [{"architecture": "amd64", "features": "", "variant": null, "digest": "sha256:7ba1f5bc57923f65c99677e53758d386320ed699b621d9630b1f2bd7ceb3a878", "os": "linux", "os_features": "", "os_version": null, "size": 7415369, "status": "active", "last_pulled": "2024-01-20T08:03:58.798935Z", "last_pushed": "2023-12-21T00:56:45.587776Z"}, {"architecture": "unknown", "features": "", "variant": null, "digest": "sha256:859f9b2dbb10a6ae33888a5bd65620665993d0d667f9fb8166f08b2ef0d79b17", "os": "unknown", "os_features": "", "os_version": null, "size": 9645, "status": "active", "last_pulled": "2024-01-19T20:28:10.261893Z", "last_pushed": "2023-12-21T00:56:46.936043Z"}, {"architecture": "arm", "features": "", "variant": "v7", "digest": "sha256:d9ca2c1bd55418b56f5c1d1e2bd20b8e860b2c707391ee5ce2998a66fe200b48", "os": "linux", "os_features": "", "os_version": null, "size": 6917650, "status": "active", "last_pulled": "2024-01-20T01:34:04.850602Z", "last_pushed": "2023-12-21T00:56:48.014324Z"}, {"architecture": "unknown", "features": "", "variant": null, "digest": "sha256:35bbd0c84bb4d9f53469326de268589edec53d6612cfc56f6e0453e94bf8def5", "os": "unknown", "os_features": "", "os_version": null, "size": 9744, "status": "active", "last_pulled": "2024-01-19T17:09:27.058553Z", "last_pushed": "2023-12-21T00:56:49.095462Z"}, {"architecture": "arm64", "features": "", "variant": null, "digest": "sha256:6c1cba417c77c66da369c88d803d04e305eabceddd7fa889f9c9f25f447887c3", "os": "linux", "os_features": "", "os_version": null, "size": 7512991, "status": "active", "last_pulled": "2024-01-20T02:27:55.841484Z", "last_pushed": "2023-12-21T00:56:50.170554Z"}, {"architecture": "unknown", "features": "", "variant": null, "digest": "sha256:a6168269934f936a36c70319a2e9bc46852b6fa6821fbebfe8446070f0aa8a33", "os": "unknown", "os_features": "", "os_version": null, "size": 9676, "status": "active", "last_pulled": "2024-01-19T17:09:27.757294Z", "last_pushed": "2023-12-21T00:56:51.241554Z"}, {"architecture": "ppc64le", "features": "", "variant": null, "digest": "sha256:2d5f9930b67e3c3a13ebf6c131446ec7b212b8881d0908b9260cb4f1243aade1", "os": "linux", "os_features": "", "os_version": null, "size": 7893860, "status": "active", "last_pulled": "2024-01-19T17:09:27.937457Z", "last_pushed": "2023-12-21T00:56:52.32861Z"}, {"architecture": "unknown", "features": "", "variant": null, "digest": "sha256:35c56a44903ef5d51db97a9b826e9858331f08b62b69496948c24733cc159b7b", "os": "unknown", "os_features": "", "os_version": null, "size": 9720, "status": "active", "last_pulled": "2024-01-19T17:09:28.355428Z", "last_pushed": "2023-12-21T00:56:53.443829Z"}], "last_updated": "2023-12-21T00:57:09.501379Z", "last_updater": 1156886, "last_updater_username": "doijanky", "name": "latest", "repository": 8361, "full_size": 7415369, "v2": true, "tag_status": "active", "tag_last_pulled": "2024-01-20T08:03:58.798935Z", "tag_last_pushed": "2023-12-21T00:57:09.501379Z", "media_type": "application/vnd.oci.image.index.v1+json", "content_type": "image", "digest": "sha256:6b2d9f5341bce2b1fb29669ff46744a145079ccc6a674849de3a4946ec3d8ffb"}, {"creator": 1156886, "id": 449345274, "images": [{"architecture": "amd64", "features": "", "variant": null, "digest": "sha256:7ba1f5bc57923f65c99677e53758d386320ed699b621d9630b1f2bd7ceb3a878", "os": "linux", "os_features": "", "os_version": null, "size": 7415369, "status": "active", "last_pulled": "2024-01-20T08:03:58.798935Z", "last_pushed": "2023-12-21T00:56:45.587776Z"}, {"architecture": "unknown", "features": "", "variant": null, "digest": "sha256:859f9b2dbb10a6ae33888a5bd65620665993d0d667f9fb8166f08b2ef0d79b17", "os": "unknown", "os_features": "", "os_version": null, "size": 9645, "status": "active", "last_pulled": "2024-01-19T20:28:10.261893Z", "last_pushed": "2023-12-21T00:56:46.936043Z"}, {"architecture": "arm", "features": "", "variant": "v7", "digest": "sha256:d9ca2c1bd55418b56f5c1d1e2bd20b8e860b2c707391ee5ce2998a66fe200b48", "os": "linux", "os_features": "", "os_version": null, "size": 6917650, "status": "active", "last_pulled": "2024-01-20T01:34:04.850602Z", "last_pushed": "2023-12-21T00:56:48.014324Z"}, {"architecture": "unknown", "features": "", "variant": null, "digest": "sha256:35bbd0c84bb4d9f53469326de268589edec53d6612cfc56f6e0453e94bf8def5", "os": "unknown", "os_features": "", "os_version": null, "size": 9744, "status": "active", "last_pulled": "2024-01-19T17:09:27.058553Z", "last_pushed": "2023-12-21T00:56:49.095462Z"}, {"architecture": "arm64", "features": "", "variant": null, "digest": "sha256:6c1cba417c77c66da369c88d803d04e305eabceddd7fa889f9c9f25f447887c3", "os": "linux", "os_features": "", "os_version": null, "size": 7512991, "status": "active", "last_pulled": "2024-01-20T02:27:55.841484Z", "last_pushed": "2023-12-21T00:56:50.170554Z"}, {"architecture": "unknown", "features": "", "variant": null, "digest": "sha256:a6168269934f936a36c70319a2e9bc46852b6fa6821fbebfe8446070f0aa8a33", "os": "unknown", "os_features": "", "os_version": null, "size": 9676, "status": "active", "last_pulled": "2024-01-19T17:09:27.757294Z", "last_pushed": "2023-12-21T00:56:51.241554Z"}, {"architecture": "ppc64le", "features": "", "variant": null, "digest": "sha256:2d5f9930b67e3c3a13ebf6c131446ec7b212b8881d0908b9260cb4f1243aade1", "os": "linux", "os_features": "", "os_version": null, "size": 7893860, "status": "active", "last_pulled": "2024-01-19T17:09:27.937457Z", "last_pushed": "2023-12-21T00:56:52.32861Z"}, {"architecture": "unknown", "features": "", "variant": null, "digest": "sha256:35c56a44903ef5d51db97a9b826e9858331f08b62b69496948c24733cc159b7b", "os": "unknown", "os_features": "", "os_version": null, "size": 9720, "status": "active", "last_pulled": "2024-01-19T17:09:28.355428Z", "last_pushed": "2023-12-21T00:56:53.443829Z"}], "last_updated": "2023-12-21T00:57:05.564406Z", "last_updater": 1156886, "last_updater_username": "doijanky", "name": "0.6.2", "repository": 8361, "full_size": 7415369, "v2": true, "tag_status": "active", "tag_last_pulled": "2024-01-20T08:03:58.798935Z", "tag_last_pushed": "2023-12-21T00:57:05.564406Z", "media_type": "application/vnd.oci.image.index.v1+json", "content_type": "image", "digest": "sha256:6b2d9f5341bce2b1fb29669ff46744a145079ccc6a674849de3a4946ec3d8ffb"}, {"creator": 1156886, "id": 299529615, "images": [{"architecture": "amd64", "features": "", "variant": null, "digest": "sha256:7ba1f5bc57923f65c99677e53758d386320ed699b621d9630b1f2bd7ceb3a878", "os": "linux", "os_features": "", "os_version": null, "size": 7415369, "status": "active", "last_pulled": "2024-01-20T08:03:58.798935Z", "last_pushed": "2023-12-21T00:56:45.587776Z"}, {"architecture": "unknown", "features": "", "variant": null, "digest": "sha256:859f9b2dbb10a6ae33888a5bd65620665993d0d667f9fb8166f08b2ef0d79b17", "os": "unknown", "os_features": "", "os_version": null, "size": 9645, "status": "active", "last_pulled": "2024-01-19T20:28:10.261893Z", "last_pushed": "2023-12-21T00:56:46.936043Z"}, {"architecture": "arm", "features": "", "variant": "v7", "digest": "sha256:d9ca2c1bd55418b56f5c1d1e2bd20b8e860b2c707391ee5ce2998a66fe200b48", "os": "linux", "os_features": "", "os_version": null, "size": 6917650, "status": "active", "last_pulled": "2024-01-20T01:34:04.850602Z", "last_pushed": "2023-12-21T00:56:48.014324Z"}, {"architecture": "unknown", "features": "", "variant": null, "digest": "sha256:35bbd0c84bb4d9f53469326de268589edec53d6612cfc56f6e0453e94bf8def5", "os": "unknown", "os_features": "", "os_version": null, "size": 9744, "status": "active", "last_pulled": "2024-01-19T17:09:27.058553Z", "last_pushed": "2023-12-21T00:56:49.095462Z"}, {"architecture": "arm64", "features": "", "variant": null, "digest": "sha256:6c1cba417c77c66da369c88d803d04e305eabceddd7fa889f9c9f25f447887c3", "os": "linux", "os_features": "", "os_version": null, "size": 7512991, "status": "active", "last_pulled": "2024-01-20T02:27:55.841484Z", "last_pushed": "2023-12-21T00:56:50.170554Z"}, {"architecture": "unknown", "features": "", "variant": null, "digest": "sha256:a6168269934f936a36c70319a2e9bc46852b6fa6821fbebfe8446070f0aa8a33", "os": "unknown", "os_features": "", "os_version": null, "size": 9676, "status": "active", "last_pulled": "2024-01-19T17:09:27.757294Z", "last_pushed": "2023-12-21T00:56:51.241554Z"}, {"architecture": "ppc64le", "features": "", "variant": null, "digest": "sha256:2d5f9930b67e3c3a13ebf6c131446ec7b212b8881d0908b9260cb4f1243aade1", "os": "linux", "os_features": "", "os_version": null, "size": 7893860, "status": "active", "last_pulled": "2024-01-19T17:09:27.937457Z", "last_pushed": "2023-12-21T00:56:52.32861Z"}, {"architecture": "unknown", "features": "", "variant": null, "digest": "sha256:35c56a44903ef5d51db97a9b826e9858331f08b62b69496948c24733cc159b7b", "os": "unknown", "os_features": "", "os_version": null, "size": 9720, "status": "active", "last_pulled": "2024-01-19T17:09:28.355428Z", "last_pushed": "2023-12-21T00:56:53.443829Z"}], "last_updated": "2023-12-21T00:57:01.165946Z", "last_updater": 1156886, "last_updater_username": "doijanky", "name": "0.6", "repository": 8361, "full_size": 7415369, "v2": true, "tag_status": "active", "tag_last_pulled": "2024-01-20T08:03:58.798935Z", "tag_last_pushed": "2023-12-21T00:57:01.165946Z", "media_type": "application/vnd.oci.image.index.v1+json", "content_type": "image", "digest": "sha256:6b2d9f5341bce2b1fb29669ff46744a145079ccc6a674849de3a4946ec3d8ffb"}, {"creator": 1156886, "id": 31728084, "images": [{"architecture": "amd64", "features": "", "variant": null, "digest": "sha256:7ba1f5bc57923f65c99677e53758d386320ed699b621d9630b1f2bd7ceb3a878", "os": "linux", "os_features": "", "os_version": null, "size": 7415369, "status": "active", "last_pulled": "2024-01-20T08:03:58.798935Z", "last_pushed": "2023-12-21T00:56:45.587776Z"}, {"architecture": "unknown", "features": "", "variant": null, "digest": "sha256:859f9b2dbb10a6ae33888a5bd65620665993d0d667f9fb8166f08b2ef0d79b17", "os": "unknown", "os_features": "", "os_version": null, "size": 9645, "status": "active", "last_pulled": "2024-01-19T20:28:10.261893Z", "last_pushed": "2023-12-21T00:56:46.936043Z"}, {"architecture": "arm", "features": "", "variant": "v7", "digest": "sha256:d9ca2c1bd55418b56f5c1d1e2bd20b8e860b2c707391ee5ce2998a66fe200b48", "os": "linux", "os_features": "", "os_version": null, "size": 6917650, "status": "active", "last_pulled": "2024-01-20T01:34:04.850602Z", "last_pushed": "2023-12-21T00:56:48.014324Z"}, {"architecture": "unknown", "features": "", "variant": null, "digest": "sha256:35bbd0c84bb4d9f53469326de268589edec53d6612cfc56f6e0453e94bf8def5", "os": "unknown", "os_features": "", "os_version": null, "size": 9744, "status": "active", "last_pulled": "2024-01-19T17:09:27.058553Z", "last_pushed": "2023-12-21T00:56:49.095462Z"}, {"architecture": "arm64", "features": "", "variant": null, "digest": "sha256:6c1cba417c77c66da369c88d803d04e305eabceddd7fa889f9c9f25f447887c3", "os": "linux", "os_features": "", "os_version": null, "size": 7512991, "status": "active", "last_pulled": "2024-01-20T02:27:55.841484Z", "last_pushed": "2023-12-21T00:56:50.170554Z"}, {"architecture": "unknown", "features": "", "variant": null, "digest": "sha256:a6168269934f936a36c70319a2e9bc46852b6fa6821fbebfe8446070f0aa8a33", "os": "unknown", "os_features": "", "os_version": null, "size": 9676, "status": "active", "last_pulled": "2024-01-19T17:09:27.757294Z", "last_pushed": "2023-12-21T00:56:51.241554Z"}, {"architecture": "ppc64le", "features": "", "variant": null, "digest": "sha256:2d5f9930b67e3c3a13ebf6c131446ec7b212b8881d0908b9260cb4f1243aade1", "os": "linux", "os_features": "", "os_version": null, "size": 7893860, "status": "active", "last_pulled": "2024-01-19T17:09:27.937457Z", "last_pushed": "2023-12-21T00:56:52.32861Z"}, {"architecture": "unknown", "features": "", "variant": null, "digest": "sha256:35c56a44903ef5d51db97a9b826e9858331f08b62b69496948c24733cc159b7b", "os": "unknown", "os_features": "", "os_version": null, "size": 9720, "status": "active", "last_pulled": "2024-01-19T17:09:28.355428Z", "last_pushed": "2023-12-21T00:56:53.443829Z"}], "last_updated": "2023-12-21T00:56:56.579986Z", "last_updater": 1156886, "last_updater_username": "doijanky", "name": "0", "repository": 8361, "full_size": 7415369, "v2": true, "tag_status": "active", "tag_last_pulled": "2024-01-20T08:03:58.798935Z", "tag_last_pushed": "2023-12-21T00:56:56.579986Z", "media_type": "application/vnd.oci.image.index.v1+json", "content_type": "image", "digest": "sha256:6b2d9f5341bce2b1fb29669ff46744a145079ccc6a674849de3a4946ec3d8ffb"}, {"creator": 1156886, "id": 299529647, "images": [{"architecture": "amd64", "features": "", "variant": null, "digest": "sha256:0662cbfec701ab323cb152cd9753886fd24ac9828338afd8662e1cbe8540405f", "os": "linux", "os_features": "", "os_version": null, "size": 7396065, "status": "active", "last_pulled": "2024-01-19T10:17:57.211856Z", "last_pushed": "2023-06-01T18:29:42.411581Z"}, {"architecture": "arm", "features": "", "variant": "v7", "digest": "sha256:e92c472db412a3ca5a88f0dadd9d75fbf762c580d06e1f6fdab9b76f7f37e867", "os": "linux", "os_features": "", "os_version": null, "size": 6896134, "status": "active", "last_pulled": "2024-01-04T21:18:28.98852Z", "last_pushed": "2023-06-01T17:57:24.632011Z"}, {"architecture": "arm64", "features": "", "variant": "v8", "digest": "sha256:6ec7275b3813aa674028eedb791fa9e45089d48d1ff661c877ed60bec23ff5e3", "os": "linux", "os_features": "", "os_version": null, "size": 7493751, "status": "active", "last_pulled": "2024-01-04T21:18:29.232604Z", "last_pushed": "2023-06-01T17:57:25.758307Z"}, {"architecture": "ppc64le", "features": "", "variant": null, "digest": "sha256:d59778a09b21318157fbc812e9e1e4d3c283a02e3b4debe89144d52c5308e139", "os": "linux", "os_features": "", "os_version": null, "size": 7860615, "status": "active", "last_pulled": "2024-01-04T21:18:29.462772Z", "last_pushed": "2023-06-01T17:57:26.911323Z"}], "last_updated": "2023-06-01T18:29:45.057396Z", "last_updater": 1156886, "last_updater_username": "doijanky", "name": "0.6.0", "repository": 8361, "full_size": 7396065, "v2": true, "tag_status": "active", "tag_last_pulled": "2024-01-19T10:17:57.211856Z", "tag_last_pushed": "2023-06-01T18:29:45.057396Z", "media_type": "application/vnd.docker.distribution.manifest.list.v2+json", "content_type": "image", "digest": "sha256:73482da6f8ba8f1092f36b1d7909d725214813c304e764721fb75ba050865438"}, {"creator": 1156886, "id": 449344781, "images": [{"architecture": "amd64", "features": "", "variant": null, "digest": "sha256:ea1b3ba6b9d1d20b858911993c1afa2771e1d29c4189a2015736d5cca45eb864", "os": "linux", "os_features": "", "os_version": null, "size": 5963014, "status": "active", "last_pulled": "2024-01-19T10:17:24.540414Z", "last_pushed": "2023-06-01T18:29:24.143343Z"}, {"architecture": "arm", "features": "", "variant": "v5", "digest": "sha256:a3f86bf18b65a590fab7d5617b18f1dade32d775927976b1283bf86af55cc3d2", "os": "linux", "os_features": "", "os_version": null, "size": 5641934, "status": "active", "last_pulled": "2024-01-04T19:56:07.357179Z", "last_pushed": "2023-06-01T17:56:53.358063Z"}, {"architecture": "arm64", "features": "", "variant": "v8", "digest": "sha256:93c54f8af2c550bd6a487bfd942767501ccf10706535a2d11e7b0b460d560900", "os": "linux", "os_features": "", "os_version": null, "size": 5392028, "status": "active", "last_pulled": "2024-01-11T23:26:48.793893Z", "last_pushed": "2023-06-01T17:56:54.514837Z"}, {"architecture": "386", "features": "", "variant": null, "digest": "sha256:4b1bb6b67517af641a8cbceda13d0c90c4ace544d60321e02e6d44cbf85ee887", "os": "linux", "os_features": "", "os_version": null, "size": 5535384, "status": "active", "last_pulled": "2024-01-04T19:56:07.862351Z", "last_pushed": "2023-06-01T17:56:55.634701Z"}, {"architecture": "ppc64le", "features": "", "variant": null, "digest": "sha256:a58a2e732775fbadb0095abeb37b76630e1939b43a23d60a1a84ca774c9a9d9c", "os": "linux", "os_features": "", "os_version": null, "size": 5771764, "status": "active", "last_pulled": "2024-01-04T19:56:09.311823Z", "last_pushed": "2023-06-01T17:56:56.739961Z"}], "last_updated": "2023-06-01T18:29:32.087202Z", "last_updater": 1156886, "last_updater_username": "doijanky", "name": "0.5.3", "repository": 8361, "full_size": 5963014, "v2": true, "tag_status": "active", "tag_last_pulled": "2024-01-19T10:17:24.540414Z", "tag_last_pushed": "2023-06-01T18:29:32.087202Z", "media_type": "application/vnd.docker.distribution.manifest.list.v2+json", "content_type": "image", "digest": "sha256:637c1f87789ca77723b7571a03fd9126ced855de223b7ae3b2da38e6f8c70571"}, {"creator": 1156886, "id": 89263971, "images": [{"architecture": "amd64", "features": "", "variant": null, "digest": "sha256:ea1b3ba6b9d1d20b858911993c1afa2771e1d29c4189a2015736d5cca45eb864", "os": "linux", "os_features": "", "os_version": null, "size": 5963014, "status": "active", "last_pulled": "2024-01-19T10:17:24.540414Z", "last_pushed": "2023-06-01T18:29:24.143343Z"}, {"architecture": "arm", "features": "", "variant": "v5", "digest": "sha256:a3f86bf18b65a590fab7d5617b18f1dade32d775927976b1283bf86af55cc3d2", "os": "linux", "os_features": "", "os_version": null, "size": 5641934, "status": "active", "last_pulled": "2024-01-04T19:56:07.357179Z", "last_pushed": "2023-06-01T17:56:53.358063Z"}, {"architecture": "arm64", "features": "", "variant": "v8", "digest": "sha256:93c54f8af2c550bd6a487bfd942767501ccf10706535a2d11e7b0b460d560900", "os": "linux", "os_features": "", "os_version": null, "size": 5392028, "status": "active", "last_pulled": "2024-01-11T23:26:48.793893Z", "last_pushed": "2023-06-01T17:56:54.514837Z"}, {"architecture": "386", "features": "", "variant": null, "digest": "sha256:4b1bb6b67517af641a8cbceda13d0c90c4ace544d60321e02e6d44cbf85ee887", "os": "linux", "os_features": "", "os_version": null, "size": 5535384, "status": "active", "last_pulled": "2024-01-04T19:56:07.862351Z", "last_pushed": "2023-06-01T17:56:55.634701Z"}, {"architecture": "ppc64le", "features": "", "variant": null, "digest": "sha256:a58a2e732775fbadb0095abeb37b76630e1939b43a23d60a1a84ca774c9a9d9c", "os": "linux", "os_features": "", "os_version": null, "size": 5771764, "status": "active", "last_pulled": "2024-01-04T19:56:09.311823Z", "last_pushed": "2023-06-01T17:56:56.739961Z"}], "last_updated": "2023-06-01T18:29:26.568456Z", "last_updater": 1156886, "last_updater_username": "doijanky", "name": "0.5", "repository": 8361, "full_size": 5963014, "v2": true, "tag_status": "active", "tag_last_pulled": "2024-01-19T10:17:24.540414Z", "tag_last_pushed": "2023-06-01T18:29:26.568456Z", "media_type": "application/vnd.docker.distribution.manifest.list.v2+json", "content_type": "image", "digest": "sha256:637c1f87789ca77723b7571a03fd9126ced855de223b7ae3b2da38e6f8c70571"}, {"creator": 1156886, "id": 334997191, "images": [{"architecture": "amd64", "features": "", "variant": null, "digest": "sha256:04469d1f7155e892eaa5cc0d774b4c8f499dd9f1d2df92c91505775b8b975abc", "os": "linux", "os_features": "", "os_version": null, "size": 7415253, "status": "active", "last_pulled": "2024-01-19T10:18:02.893023Z", "last_pushed": "2022-11-22T22:40:27.258516Z"}, {"architecture": "arm", "features": "", "variant": "v7", "digest": "sha256:67f6fc514f386c81156778787809fc82e9924a80264824ddbd3616773eb99d21", "os": "linux", "os_features": "", "os_version": null, "size": 6917657, "status": "active", "last_pulled": "2024-01-04T21:18:22.543859Z", "last_pushed": "2023-06-01T17:57:35.852552Z"}, {"architecture": "arm64", "features": "", "variant": "v8", "digest": "sha256:30db2666166be7fa735adfe4acacc993155fe42d7cb10c71466d041087a1656d", "os": "linux", "os_features": "", "os_version": null, "size": 7512652, "status": "active", "last_pulled": "2024-01-04T21:18:22.964577Z", "last_pushed": "2022-11-22T23:00:40.695291Z"}, {"architecture": "ppc64le", "features": "", "variant": null, "digest": "sha256:bf0de90a3e2b1ea0fdf252cf76a6310556f89e00fa22f15d361ad0695a70ab35", "os": "linux", "os_features": "", "os_version": null, "size": 7893520, "status": "active", "last_pulled": "2024-01-04T21:18:23.315693Z", "last_pushed": "2022-11-22T22:40:28.366183Z"}], "last_updated": "2023-06-01T17:57:38.392453Z", "last_updater": 1156886, "last_updater_username": "doijanky", "name": "0.6.1", "repository": 8361, "full_size": 7415253, "v2": true, "tag_status": "active", "tag_last_pulled": "2024-01-19T10:18:02.893023Z", "tag_last_pushed": "2023-06-01T17:57:38.392453Z", "media_type": "application/vnd.docker.distribution.manifest.list.v2+json", "content_type": "image", "digest": "sha256:3a97e369d366961993b0227311cffd3930b07a18bdda5ad7bfd2d36b15e7d7d2"}, {"creator": 1156886, "id": 140485858, "images": [{"architecture": "amd64", "features": "", "variant": null, "digest": "sha256:483f15ac97d03dc3d4dcf79cf71ded2e099cf76c340f3fdd0b3670a40a198a22", "os": "linux", "os_features": "", "os_version": null, "size": 5953672, "status": "active", "last_pulled": "2024-01-19T10:17:41.051255Z", "last_pushed": "2021-03-08T21:49:43.751976Z"}, {"architecture": "arm", "features": "", "variant": "v5", "digest": "sha256:99f4ab71a597d62de0b564acd772e4a645596cd0c6e1edb21c5f871f5abf334b", "os": "linux", "os_features": "", "os_version": null, "size": 5634246, "status": "active", "last_pulled": "2024-01-04T23:25:08.034675Z", "last_pushed": "2022-06-21T08:56:16.151642Z"}, {"architecture": "arm64", "features": "", "variant": "v8", "digest": "sha256:ab30156e31b5921bc17060725729a67058a27cdf3d65f9432a1d5d9c843a8e26", "os": "linux", "os_features": "", "os_version": null, "size": 5381559, "status": "active", "last_pulled": "2024-01-04T23:25:08.632917Z", "last_pushed": "2022-05-08T20:11:30.723254Z"}, {"architecture": "386", "features": "", "variant": null, "digest": "sha256:111dd6cf830531a11fe07cede5845cb0c6f020171e485f2f1b3342714b99bcaa", "os": "linux", "os_features": "", "os_version": null, "size": 5531817, "status": "active", "last_pulled": "2024-01-04T23:25:08.892687Z", "last_pushed": "2021-03-08T22:17:32.288213Z"}, {"architecture": "ppc64le", "features": "", "variant": null, "digest": "sha256:d73c78dc6c4a275c6cb1bf46654ede0305b76b430a8cb3e9d114315c1f4d2ad1", "os": "linux", "os_features": "", "os_version": null, "size": 5770839, "status": "active", "last_pulled": "2024-01-04T23:25:09.859782Z", "last_pushed": "2021-03-08T21:49:45.921693Z"}], "last_updated": "2022-06-21T08:56:27.743207Z", "last_updater": 1156886, "last_updater_username": "doijanky", "name": "0.5.2", "repository": 8361, "full_size": 5953672, "v2": true, "tag_status": "active", "tag_last_pulled": "2024-01-19T10:17:41.051255Z", "tag_last_pushed": "2022-06-21T08:56:27.743207Z", "media_type": "application/vnd.docker.distribution.manifest.list.v2+json", "content_type": "image"}, {"creator": 1156886, "id": 89719836, "images": [{"architecture": "arm", "features": "", "variant": "v5", "digest": "sha256:ae95581ab2edd1ab944eb88f79f4a75b2c843eaf68a38030768cc21de62f278b", "os": "linux", "os_features": "", "os_version": null, "size": 5634387, "status": "active", "last_pulled": "2024-01-04T23:25:10.254164Z", "last_pushed": null}, {"architecture": "386", "features": "", "variant": null, "digest": "sha256:40de208797ee2847b94508e67187b60beb4965ac1af5c459700b1c1fab5ca30a", "os": "linux", "os_features": "", "os_version": null, "size": 5531667, "status": "active", "last_pulled": "2024-01-04T23:25:10.700318Z", "last_pushed": null}, {"architecture": "amd64", "features": "", "variant": null, "digest": "sha256:c7d58d6d463247a2540b8c10ff012c34fd443426462e891b13119a9c66dfd28a", "os": "linux", "os_features": "", "os_version": null, "size": 5953411, "status": "active", "last_pulled": "2024-01-19T10:17:36.0168Z", "last_pushed": null}, {"architecture": "ppc64le", "features": "", "variant": null, "digest": "sha256:c7230685958d7db1b8e9bdc2a3c28b85580f5bfa5f63cee04be853929b9f0413", "os": "linux", "os_features": "", "os_version": null, "size": 5770591, "status": "active", "last_pulled": "2024-01-04T23:25:11.886679Z", "last_pushed": null}, {"architecture": "arm64", "features": "", "variant": "v8", "digest": "sha256:fe89e9ffa60d0d2da7f5d31236fd2624af5cc5fff69872adf45405832b90a9ff", "os": "linux", "os_features": "", "os_version": null, "size": 5381227, "status": "active", "last_pulled": "2024-01-04T23:25:12.220659Z", "last_pushed": null}], "last_updated": "2020-03-07T00:56:49.143624Z", "last_updater": 1156886, "last_updater_username": "doijanky", "name": "0.5.1", "repository": 8361, "full_size": 5953411, "v2": true, "tag_status": "active", "tag_last_pulled": "2024-01-19T10:17:36.0168Z", "tag_last_pushed": "2020-03-07T00:56:49.143624Z", "media_type": "application/vnd.docker.distribution.manifest.list.v2+json", "content_type": "image"}, {"creator": 1156886, "id": 89263978, "images": [{"architecture": "amd64", "features": "", "variant": null, "digest": "sha256:639af3aa2828aa4efa3e27b06857552fe2db74eed4bc107bedb23a6122493d21", "os": "linux", "os_features": "", "os_version": null, "size": 5953477, "status": "active", "last_pulled": "2024-01-19T10:17:30.206732Z", "last_pushed": null}, {"architecture": "386", "features": "", "variant": null, "digest": "sha256:3c6e16d674e697a07f5bc4bf73f08d8e0a48b6e7ddc6e0f54c5d84fbeeb6b61c", "os": "linux", "os_features": "", "os_version": null, "size": 5531739, "status": "active", "last_pulled": "2024-01-04T22:43:22.968258Z", "last_pushed": null}, {"architecture": "arm64", "features": "", "variant": "v8", "digest": "sha256:9bb5da8a0a43f0cfefcf107c9d5cf5f1d0f01765d6dca0822e86a652ccf9f484", "os": "linux", "os_features": "", "os_version": null, "size": 5381496, "status": "active", "last_pulled": "2024-01-04T22:43:23.379808Z", "last_pushed": null}, {"architecture": "arm", "features": "", "variant": "v5", "digest": "sha256:5613be73fa3d88979776d2e0f1ba9b90c3400f19002e419b4120cb06866403e3", "os": "linux", "os_features": "", "os_version": null, "size": 5634381, "status": "active", "last_pulled": "2024-01-04T22:43:23.872304Z", "last_pushed": null}, {"architecture": "ppc64le", "features": "", "variant": null, "digest": "sha256:83fe7decf7e2cc1f13aa9d216474c7d772bacbc50cba23c3af9e4519408f100f", "os": "linux", "os_features": "", "os_version": null, "size": 5770658, "status": "active", "last_pulled": "2024-01-04T22:43:24.617169Z", "last_pushed": null}], "last_updated": "2020-03-04T03:56:50.820112Z", "last_updater": 1156886, "last_updater_username": "doijanky", "name": "0.5.0", "repository": 8361, "full_size": 5953477, "v2": true, "tag_status": "active", "tag_last_pulled": "2024-01-19T10:17:30.206732Z", "tag_last_pushed": "2020-03-04T03:56:50.820112Z", "media_type": "application/vnd.docker.distribution.manifest.list.v2+json", "content_type": "image"}, {"creator": 1156886, "id": 31728080, "images": [{"architecture": "amd64", "features": "", "variant": null, "digest": "sha256:96137d51e0e46006243fa2403723eb47f67818802d1175b5cde7eaa7f19446bd", "os": "linux", "os_features": "", "os_version": null, "size": 4898135, "status": "active", "last_pulled": "2024-01-19T10:17:13.200389Z", "last_pushed": null}, {"architecture": "ppc64le", "features": "", "variant": null, "digest": "sha256:23bb04ad34dde0a9482d78a8eee177b468e842ea35b4f048ed9af2f864ca16ce", "os": "linux", "os_features": "", "os_version": null, "size": 8631315, "status": "active", "last_pulled": "2024-01-04T18:03:39.884882Z", "last_pushed": null}, {"architecture": "386", "features": "", "variant": null, "digest": "sha256:6cee7eabbe9bf34e73fde4a6d8b955c808f430599a259591d1ab795048bc3fa8", "os": "linux", "os_features": "", "os_version": null, "size": 4531093, "status": "active", "last_pulled": "2024-01-04T18:03:39.988254Z", "last_pushed": null}, {"architecture": "arm", "features": "", "variant": "v5", "digest": "sha256:2c6772feefb5d44d01953fe16460967c4730f968616ddb35b8f52d9aab35357e", "os": "linux", "os_features": "", "os_version": null, "size": 4551937, "status": "active", "last_pulled": "2024-01-04T18:03:40.953108Z", "last_pushed": null}, {"architecture": "arm64", "features": "", "variant": "v8", "digest": "sha256:810d5176ef12243043d309695c14269b63dbb1e07441263a410d99757b81a2fa", "os": "linux", "os_features": "", "os_version": null, "size": 8180883, "status": "active", "last_pulled": "2024-01-11T23:26:51.096981Z", "last_pushed": null}], "last_updated": "2020-02-26T00:56:29.025437Z", "last_updater": 1156886, "last_updater_username": "doijanky", "name": "0.4.0", "repository": 8361, "full_size": 4898135, "v2": true, "tag_status": "active", "tag_last_pulled": "2024-01-19T10:17:13.200389Z", "tag_last_pushed": "2020-02-26T00:56:29.025437Z", "media_type": "application/vnd.docker.distribution.manifest.list.v2+json", "content_type": "image"}, {"creator": 1156886, "id": 31728081, "images": [{"architecture": "arm64", "features": "", "variant": "v8", "digest": "sha256:810d5176ef12243043d309695c14269b63dbb1e07441263a410d99757b81a2fa", "os": "linux", "os_features": "", "os_version": null, "size": 8180883, "status": "active", "last_pulled": "2024-01-11T23:26:51.096981Z", "last_pushed": null}, {"architecture": "ppc64le", "features": "", "variant": null, "digest": "sha256:23bb04ad34dde0a9482d78a8eee177b468e842ea35b4f048ed9af2f864ca16ce", "os": "linux", "os_features": "", "os_version": null, "size": 8631315, "status": "active", "last_pulled": "2024-01-04T18:03:39.884882Z", "last_pushed": null}, {"architecture": "386", "features": "", "variant": null, "digest": "sha256:6cee7eabbe9bf34e73fde4a6d8b955c808f430599a259591d1ab795048bc3fa8", "os": "linux", "os_features": "", "os_version": null, "size": 4531093, "status": "active", "last_pulled": "2024-01-04T18:03:39.988254Z", "last_pushed": null}, {"architecture": "arm", "features": "", "variant": "v5", "digest": "sha256:2c6772feefb5d44d01953fe16460967c4730f968616ddb35b8f52d9aab35357e", "os": "linux", "os_features": "", "os_version": null, "size": 4551937, "status": "active", "last_pulled": "2024-01-04T18:03:40.953108Z", "last_pushed": null}, {"architecture": "amd64", "features": "", "variant": null, "digest": "sha256:96137d51e0e46006243fa2403723eb47f67818802d1175b5cde7eaa7f19446bd", "os": "linux", "os_features": "", "os_version": null, "size": 4898135, "status": "active", "last_pulled": "2024-01-19T10:17:13.200389Z", "last_pushed": null}], "last_updated": "2020-02-26T00:56:22.958848Z", "last_updater": 1156886, "last_updater_username": "doijanky", "name": "0.4", "repository": 8361, "full_size": 4898135, "v2": true, "tag_status": "active", "tag_last_pulled": "2024-01-19T10:17:13.200389Z", "tag_last_pushed": "2020-02-26T00:56:22.958848Z", "media_type": "application/vnd.docker.distribution.manifest.list.v2+json", "content_type": "image"}, {"creator": 7, "id": 10758, "images": [{"architecture": "amd64", "features": "", "variant": null, "digest": "sha256:231974f01f06befaa720909c29baadb586d6e6708e386190873a0d4cc5af033a", "os": "linux", "os_features": "", "os_version": null, "size": 3626264, "status": "inactive", "last_pulled": null, "last_pushed": null}], "last_updated": "2018-02-22T05:42:10.941204Z", "last_updater": 1156886, "last_updater_username": "doijanky", "name": "0.3.3", "repository": 8361, "full_size": 3626264, "v2": true, "tag_status": "inactive", "tag_last_pulled": "2024-01-20T02:27:40.400197Z", "tag_last_pushed": "2018-02-22T05:42:10.941204Z", "media_type": "application/vnd.docker.distribution.manifest.list.v2+json", "content_type": "image", "digest": "sha256:583196ea1ca89f35f104734a0a50c93a0a0a0cafce6556998c9faa90bf46ce8a"}, {"creator": 2215, "id": 1658346, "images": [{"architecture": "amd64", "features": "", "variant": null, "digest": "sha256:a5e21e1957b6efd3fe5d9a5bf044ef22a80b70f07b95f3e00f6d07ba8c6b90f5", "os": "linux", "os_features": "", "os_version": null, "size": 3638315, "status": "inactive", "last_pulled": null, "last_pushed": null}], "last_updated": "2017-11-03T23:42:13.794052Z", "last_updater": 1156886, "last_updater_username": "doijanky", "name": "0.3.4", "repository": 8361, "full_size": 3638315, "v2": true, "tag_status": "inactive", "tag_last_pulled": null, "tag_last_pushed": "2017-11-03T23:42:13.794052Z", "media_type": "application/vnd.docker.distribution.manifest.list.v2+json", "content_type": "image"}, {"creator": 7, "id": 10760, "images": [{"architecture": "amd64", "features": "", "variant": null, "digest": "sha256:0f29be5699f3dc594459700621a58eedfd6a1b58a40de555bdbd86c2b1355aed", "os": "", "os_features": "", "os_version": null, "size": 2111879, "status": "active", "last_pulled": "2024-01-19T10:17:00.930337Z", "last_pushed": null}], "last_updated": "2015-11-14T15:54:51.407905Z", "last_updater": 134455, "last_updater_username": "diogomonica", "name": "0.3.0", "repository": 8361, "full_size": 2111783, "v2": true, "tag_status": "active", "tag_last_pulled": "2024-01-19T10:17:00.930337Z", "tag_last_pushed": "2015-11-14T15:54:51.407905Z", "media_type": "application/vnd.docker.distribution.manifest.v1+prettyjws", "content_type": "image", "digest": "sha256:0f29be5699f3dc594459700621a58eedfd6a1b58a40de555bdbd86c2b1355aed"}]