[{"creator": 2215, "id": 2636117, "images": [{"architecture": "amd64", "features": "", "variant": null, "digest": "sha256:0cba5f35c950762b9093da01ae48c19e3088093eeef8cb119529fb298685552d", "os": "linux", "os_features": "", "os_version": null, "size": 79724504, "status": "active", "last_pulled": "2024-01-20T07:58:49.791869Z", "last_pushed": "2024-01-16T18:50:21.9929Z"}, {"architecture": "arm64", "features": "", "variant": "v8", "digest": "sha256:a6846e70e124e9567bf389cf03d48b675f936ced5e4c0b65870cbe7062318a3c", "os": "linux", "os_features": "", "os_version": null, "size": 79444186, "status": "active", "last_pulled": "2024-01-20T07:40:54.062523Z", "last_pushed": "2024-01-16T18:50:23.373677Z"}], "last_updated": "2024-01-16T18:51:54.049217Z", "last_updater": 1156886, "last_updater_username": "doijanky", "name": "latest", "repository": 622150, "full_size": 79724504, "v2": true, "tag_status": "active", "tag_last_pulled": "2024-01-20T07:58:49.791869Z", "tag_last_pushed": "2024-01-16T18:51:54.049217Z", "media_type": "application/vnd.docker.distribution.manifest.list.v2+json", "content_type": "image", "digest": "sha256:98ad29b0d7cbeeba8f4640cdcd11e097081ed0ca27c89b4ee0cde63e3bfe53f1"}, {"creator": 1156886, "id": 579932095, "images": [{"architecture": "amd64", "features": "", "variant": null, "digest": "sha256:f073fe32e107c98acd895b93b5021b98c22fc5073eae662c5b123b80947415ed", "os": "linux", "os_features": "", "os_version": null, "size": 81764461, "status": "active", "last_pulled": "2024-01-20T07:11:18.775805Z", "last_pushed": "2024-01-16T18:51:06.625452Z"}, {"architecture": "arm64", "features": "", "variant": "v8", "digest": "sha256:1d8bdc2c5611867de62b9065ea15a8971ab63b4340a3902e24370f1fa6bbd6d8", "os": "linux", "os_features": "", "os_version": null, "size": 81624064, "status": "active", "last_pulled": "2024-01-20T02:34:05.367081Z", "last_pushed": "2024-01-16T18:51:07.778043Z"}], "last_updated": "2024-01-16T18:51:50.797706Z", "last_updater": 1156886, "last_updater_username": "doijanky", "name": "1.0.2-20-alpine3.19", "repository": 622150, "full_size": 81764461, "v2": true, "tag_status": "active", "tag_last_pulled": "2024-01-20T07:11:18.775805Z", "tag_last_pushed": "2024-01-16T18:51:50.797706Z", "media_type": "application/vnd.docker.distribution.manifest.list.v2+json", "content_type": "image", "digest": "sha256:65f053960cdc0b512ca9b0ca38ac66ddf79da9e17a55e0bb6f67ee429b87aca7"}, {"creator": 1156886, "id": 579932036, "images": [{"architecture": "amd64", "features": "", "variant": null, "digest": "sha256:885763f82abcd39c6486a03f0c3f9d54a4f8e92fcc3468fcfa17c4fae28efa01", "os": "linux", "os_features": "", "os_version": null, "size": 81657401, "status": "active", "last_pulled": "2024-01-20T07:12:27.470026Z", "last_pushed": "2024-01-16T18:50:52.210507Z"}, {"architecture": "arm64", "features": "", "variant": "v8", "digest": "sha256:7fe75277ae7ceefa1112a1f43d34739b860560e1be4c353fc29e29bd6d28948a", "os": "linux", "os_features": "", "os_version": null, "size": 81431703, "status": "active", "last_pulled": "2024-01-20T03:26:47.749156Z", "last_pushed": "2024-01-16T18:50:53.451365Z"}], "last_updated": "2024-01-16T18:51:47.639446Z", "last_updater": 1156886, "last_updater_username": "doijanky", "name": "1.0.2-20-alpine3.18", "repository": 622150, "full_size": 81657401, "v2": true, "tag_status": "active", "tag_last_pulled": "2024-01-20T07:12:27.470026Z", "tag_last_pushed": "2024-01-16T18:51:47.639446Z", "media_type": "application/vnd.docker.distribution.manifest.list.v2+json", "content_type": "image", "digest": "sha256:f7326dae3fccd7fb5070f0a662462c64e01edb16bb9306d9e740ea7ba6151508"}, {"creator": 1156886, "id": 579931976, "images": [{"architecture": "amd64", "features": "", "variant": null, "digest": "sha256:885763f82abcd39c6486a03f0c3f9d54a4f8e92fcc3468fcfa17c4fae28efa01", "os": "linux", "os_features": "", "os_version": null, "size": 81657401, "status": "active", "last_pulled": "2024-01-20T07:12:27.470026Z", "last_pushed": "2024-01-16T18:50:52.210507Z"}, {"architecture": "arm64", "features": "", "variant": "v8", "digest": "sha256:7fe75277ae7ceefa1112a1f43d34739b860560e1be4c353fc29e29bd6d28948a", "os": "linux", "os_features": "", "os_version": null, "size": 81431703, "status": "active", "last_pulled": "2024-01-20T03:26:47.749156Z", "last_pushed": "2024-01-16T18:50:53.451365Z"}], "last_updated": "2024-01-16T18:51:44.867518Z", "last_updater": 1156886, "last_updater_username": "doijanky", "name": "1.0.2-20", "repository": 622150, "full_size": 81657401, "v2": true, "tag_status": "active", "tag_last_pulled": "2024-01-20T07:12:27.470026Z", "tag_last_pushed": "2024-01-16T18:51:44.867518Z", "media_type": "application/vnd.docker.distribution.manifest.list.v2+json", "content_type": "image", "digest": "sha256:f7326dae3fccd7fb5070f0a662462c64e01edb16bb9306d9e740ea7ba6151508"}, {"creator": 1156886, "id": 579931906, "images": [{"architecture": "amd64", "features": "", "variant": null, "digest": "sha256:76b2b013b8a9645dbe3ba2c1ce248ed227e1cd4f08a733f45f296565b8a9f8cf", "os": "linux", "os_features": "", "os_version": null, "size": 79837273, "status": "active", "last_pulled": "2024-01-20T07:37:45.258679Z", "last_pushed": "2024-01-16T18:50:40.080628Z"}, {"architecture": "arm64", "features": "", "variant": "v8", "digest": "sha256:b2d2b5a4d1d9b6ab5237ff3bdbbc30682d7c3f4c0569465d994e9f9221e02444", "os": "linux", "os_features": "", "os_version": null, "size": 79595014, "status": "active", "last_pulled": "2024-01-19T21:43:31.598239Z", "last_pushed": "2024-01-16T18:50:41.663422Z"}], "last_updated": "2024-01-16T18:51:41.909102Z", "last_updater": 1156886, "last_updater_username": "doijanky", "name": "1.0.2-18-alpine3.19", "repository": 622150, "full_size": 79837273, "v2": true, "tag_status": "active", "tag_last_pulled": "2024-01-20T07:37:45.258679Z", "tag_last_pushed": "2024-01-16T18:51:41.909102Z", "media_type": "application/vnd.docker.distribution.manifest.list.v2+json", "content_type": "image", "digest": "sha256:78bdf802ed37afc5a00c0689938a05c07eb0c044f5b78943cd01810892bc7165"}, {"creator": 1156886, "id": 579931832, "images": [{"architecture": "amd64", "features": "", "variant": null, "digest": "sha256:0cba5f35c950762b9093da01ae48c19e3088093eeef8cb119529fb298685552d", "os": "linux", "os_features": "", "os_version": null, "size": 79724504, "status": "active", "last_pulled": "2024-01-20T07:58:49.791869Z", "last_pushed": "2024-01-16T18:50:21.9929Z"}, {"architecture": "arm64", "features": "", "variant": "v8", "digest": "sha256:a6846e70e124e9567bf389cf03d48b675f936ced5e4c0b65870cbe7062318a3c", "os": "linux", "os_features": "", "os_version": null, "size": 79444186, "status": "active", "last_pulled": "2024-01-20T07:40:54.062523Z", "last_pushed": "2024-01-16T18:50:23.373677Z"}], "last_updated": "2024-01-16T18:51:38.94409Z", "last_updater": 1156886, "last_updater_username": "doijanky", "name": "1.0.2-18-alpine3.18", "repository": 622150, "full_size": 79724504, "v2": true, "tag_status": "active", "tag_last_pulled": "2024-01-20T07:58:49.791869Z", "tag_last_pushed": "2024-01-16T18:51:38.94409Z", "media_type": "application/vnd.docker.distribution.manifest.list.v2+json", "content_type": "image", "digest": "sha256:98ad29b0d7cbeeba8f4640cdcd11e097081ed0ca27c89b4ee0cde63e3bfe53f1"}, {"creator": 1156886, "id": 579931780, "images": [{"architecture": "amd64", "features": "", "variant": null, "digest": "sha256:0cba5f35c950762b9093da01ae48c19e3088093eeef8cb119529fb298685552d", "os": "linux", "os_features": "", "os_version": null, "size": 79724504, "status": "active", "last_pulled": "2024-01-20T07:58:49.791869Z", "last_pushed": "2024-01-16T18:50:21.9929Z"}, {"architecture": "arm64", "features": "", "variant": "v8", "digest": "sha256:a6846e70e124e9567bf389cf03d48b675f936ced5e4c0b65870cbe7062318a3c", "os": "linux", "os_features": "", "os_version": null, "size": 79444186, "status": "active", "last_pulled": "2024-01-20T07:40:54.062523Z", "last_pushed": "2024-01-16T18:50:23.373677Z"}], "last_updated": "2024-01-16T18:51:36.332225Z", "last_updater": 1156886, "last_updater_username": "doijanky", "name": "1.0.2-18", "repository": 622150, "full_size": 79724504, "v2": true, "tag_status": "active", "tag_last_pulled": "2024-01-20T07:58:49.791869Z", "tag_last_pushed": "2024-01-16T18:51:36.332225Z", "media_type": "application/vnd.docker.distribution.manifest.list.v2+json", "content_type": "image", "digest": "sha256:98ad29b0d7cbeeba8f4640cdcd11e097081ed0ca27c89b4ee0cde63e3bfe53f1"}, {"creator": 1156886, "id": 579931756, "images": [{"architecture": "amd64", "features": "", "variant": null, "digest": "sha256:0cba5f35c950762b9093da01ae48c19e3088093eeef8cb119529fb298685552d", "os": "linux", "os_features": "", "os_version": null, "size": 79724504, "status": "active", "last_pulled": "2024-01-20T07:58:49.791869Z", "last_pushed": "2024-01-16T18:50:21.9929Z"}, {"architecture": "arm64", "features": "", "variant": "v8", "digest": "sha256:a6846e70e124e9567bf389cf03d48b675f936ced5e4c0b65870cbe7062318a3c", "os": "linux", "os_features": "", "os_version": null, "size": 79444186, "status": "active", "last_pulled": "2024-01-20T07:40:54.062523Z", "last_pushed": "2024-01-16T18:50:23.373677Z"}], "last_updated": "2024-01-16T18:51:33.764528Z", "last_updater": 1156886, "last_updater_username": "doijanky", "name": "1.0.2", "repository": 622150, "full_size": 79724504, "v2": true, "tag_status": "active", "tag_last_pulled": "2024-01-20T07:58:49.791869Z", "tag_last_pushed": "2024-01-16T18:51:33.764528Z", "media_type": "application/vnd.docker.distribution.manifest.list.v2+json", "content_type": "image", "digest": "sha256:98ad29b0d7cbeeba8f4640cdcd11e097081ed0ca27c89b4ee0cde63e3bfe53f1"}, {"creator": 1156886, "id": 579931738, "images": [{"architecture": "amd64", "features": "", "variant": null, "digest": "sha256:f073fe32e107c98acd895b93b5021b98c22fc5073eae662c5b123b80947415ed", "os": "linux", "os_features": "", "os_version": null, "size": 81764461, "status": "active", "last_pulled": "2024-01-20T07:11:18.775805Z", "last_pushed": "2024-01-16T18:51:06.625452Z"}, {"architecture": "arm64", "features": "", "variant": "v8", "digest": "sha256:1d8bdc2c5611867de62b9065ea15a8971ab63b4340a3902e24370f1fa6bbd6d8", "os": "linux", "os_features": "", "os_version": null, "size": 81624064, "status": "active", "last_pulled": "2024-01-20T02:34:05.367081Z", "last_pushed": "2024-01-16T18:51:07.778043Z"}], "last_updated": "2024-01-16T18:51:30.890435Z", "last_updater": 1156886, "last_updater_username": "doijanky", "name": "1.0-20-alpine3.19", "repository": 622150, "full_size": 81764461, "v2": true, "tag_status": "active", "tag_last_pulled": "2024-01-20T07:11:18.775805Z", "tag_last_pushed": "2024-01-16T18:51:30.890435Z", "media_type": "application/vnd.docker.distribution.manifest.list.v2+json", "content_type": "image", "digest": "sha256:65f053960cdc0b512ca9b0ca38ac66ddf79da9e17a55e0bb6f67ee429b87aca7"}, {"creator": 1156886, "id": 523115213, "images": [{"architecture": "amd64", "features": "", "variant": null, "digest": "sha256:885763f82abcd39c6486a03f0c3f9d54a4f8e92fcc3468fcfa17c4fae28efa01", "os": "linux", "os_features": "", "os_version": null, "size": 81657401, "status": "active", "last_pulled": "2024-01-20T07:12:27.470026Z", "last_pushed": "2024-01-16T18:50:52.210507Z"}, {"architecture": "arm64", "features": "", "variant": "v8", "digest": "sha256:7fe75277ae7ceefa1112a1f43d34739b860560e1be4c353fc29e29bd6d28948a", "os": "linux", "os_features": "", "os_version": null, "size": 81431703, "status": "active", "last_pulled": "2024-01-20T03:26:47.749156Z", "last_pushed": "2024-01-16T18:50:53.451365Z"}], "last_updated": "2024-01-16T18:51:28.224029Z", "last_updater": 1156886, "last_updater_username": "doijanky", "name": "1.0-20-alpine3.18", "repository": 622150, "full_size": 81657401, "v2": true, "tag_status": "active", "tag_last_pulled": "2024-01-20T07:12:27.470026Z", "tag_last_pushed": "2024-01-16T18:51:28.224029Z", "media_type": "application/vnd.docker.distribution.manifest.list.v2+json", "content_type": "image", "digest": "sha256:f7326dae3fccd7fb5070f0a662462c64e01edb16bb9306d9e740ea7ba6151508"}, {"creator": 1156886, "id": 523115155, "images": [{"architecture": "amd64", "features": "", "variant": null, "digest": "sha256:885763f82abcd39c6486a03f0c3f9d54a4f8e92fcc3468fcfa17c4fae28efa01", "os": "linux", "os_features": "", "os_version": null, "size": 81657401, "status": "active", "last_pulled": "2024-01-20T07:12:27.470026Z", "last_pushed": "2024-01-16T18:50:52.210507Z"}, {"architecture": "arm64", "features": "", "variant": "v8", "digest": "sha256:7fe75277ae7ceefa1112a1f43d34739b860560e1be4c353fc29e29bd6d28948a", "os": "linux", "os_features": "", "os_version": null, "size": 81431703, "status": "active", "last_pulled": "2024-01-20T03:26:47.749156Z", "last_pushed": "2024-01-16T18:50:53.451365Z"}], "last_updated": "2024-01-16T18:51:25.441186Z", "last_updater": 1156886, "last_updater_username": "doijanky", "name": "1.0-20", "repository": 622150, "full_size": 81657401, "v2": true, "tag_status": "active", "tag_last_pulled": "2024-01-20T07:12:27.470026Z", "tag_last_pushed": "2024-01-16T18:51:25.441186Z", "media_type": "application/vnd.docker.distribution.manifest.list.v2+json", "content_type": "image", "digest": "sha256:f7326dae3fccd7fb5070f0a662462c64e01edb16bb9306d9e740ea7ba6151508"}, {"creator": 1156886, "id": 579931663, "images": [{"architecture": "amd64", "features": "", "variant": null, "digest": "sha256:76b2b013b8a9645dbe3ba2c1ce248ed227e1cd4f08a733f45f296565b8a9f8cf", "os": "linux", "os_features": "", "os_version": null, "size": 79837273, "status": "active", "last_pulled": "2024-01-20T07:37:45.258679Z", "last_pushed": "2024-01-16T18:50:40.080628Z"}, {"architecture": "arm64", "features": "", "variant": "v8", "digest": "sha256:b2d2b5a4d1d9b6ab5237ff3bdbbc30682d7c3f4c0569465d994e9f9221e02444", "os": "linux", "os_features": "", "os_version": null, "size": 79595014, "status": "active", "last_pulled": "2024-01-19T21:43:31.598239Z", "last_pushed": "2024-01-16T18:50:41.663422Z"}], "last_updated": "2024-01-16T18:51:22.126622Z", "last_updater": 1156886, "last_updater_username": "doijanky", "name": "1.0-18-alpine3.19", "repository": 622150, "full_size": 79837273, "v2": true, "tag_status": "active", "tag_last_pulled": "2024-01-20T07:37:45.258679Z", "tag_last_pushed": "2024-01-16T18:51:22.126622Z", "media_type": "application/vnd.docker.distribution.manifest.list.v2+json", "content_type": "image", "digest": "sha256:78bdf802ed37afc5a00c0689938a05c07eb0c044f5b78943cd01810892bc7165"}, {"creator": 1156886, "id": 523115117, "images": [{"architecture": "amd64", "features": "", "variant": null, "digest": "sha256:0cba5f35c950762b9093da01ae48c19e3088093eeef8cb119529fb298685552d", "os": "linux", "os_features": "", "os_version": null, "size": 79724504, "status": "active", "last_pulled": "2024-01-20T07:58:49.791869Z", "last_pushed": "2024-01-16T18:50:21.9929Z"}, {"architecture": "arm64", "features": "", "variant": "v8", "digest": "sha256:a6846e70e124e9567bf389cf03d48b675f936ced5e4c0b65870cbe7062318a3c", "os": "linux", "os_features": "", "os_version": null, "size": 79444186, "status": "active", "last_pulled": "2024-01-20T07:40:54.062523Z", "last_pushed": "2024-01-16T18:50:23.373677Z"}], "last_updated": "2024-01-16T18:51:19.117606Z", "last_updater": 1156886, "last_updater_username": "doijanky", "name": "1.0-18-alpine3.18", "repository": 622150, "full_size": 79724504, "v2": true, "tag_status": "active", "tag_last_pulled": "2024-01-20T07:58:49.791869Z", "tag_last_pushed": "2024-01-16T18:51:19.117606Z", "media_type": "application/vnd.docker.distribution.manifest.list.v2+json", "content_type": "image", "digest": "sha256:98ad29b0d7cbeeba8f4640cdcd11e097081ed0ca27c89b4ee0cde63e3bfe53f1"}, {"creator": 1156886, "id": 523115061, "images": [{"architecture": "amd64", "features": "", "variant": null, "digest": "sha256:0cba5f35c950762b9093da01ae48c19e3088093eeef8cb119529fb298685552d", "os": "linux", "os_features": "", "os_version": null, "size": 79724504, "status": "active", "last_pulled": "2024-01-20T07:58:49.791869Z", "last_pushed": "2024-01-16T18:50:21.9929Z"}, {"architecture": "arm64", "features": "", "variant": "v8", "digest": "sha256:a6846e70e124e9567bf389cf03d48b675f936ced5e4c0b65870cbe7062318a3c", "os": "linux", "os_features": "", "os_version": null, "size": 79444186, "status": "active", "last_pulled": "2024-01-20T07:40:54.062523Z", "last_pushed": "2024-01-16T18:50:23.373677Z"}], "last_updated": "2024-01-16T18:51:16.549116Z", "last_updater": 1156886, "last_updater_username": "doijanky", "name": "1.0-18", "repository": 622150, "full_size": 79724504, "v2": true, "tag_status": "active", "tag_last_pulled": "2024-01-20T07:58:49.791869Z", "tag_last_pushed": "2024-01-16T18:51:16.549116Z", "media_type": "application/vnd.docker.distribution.manifest.list.v2+json", "content_type": "image", "digest": "sha256:98ad29b0d7cbeeba8f4640cdcd11e097081ed0ca27c89b4ee0cde63e3bfe53f1"}, {"creator": 1156886, "id": 523115044, "images": [{"architecture": "amd64", "features": "", "variant": null, "digest": "sha256:0cba5f35c950762b9093da01ae48c19e3088093eeef8cb119529fb298685552d", "os": "linux", "os_features": "", "os_version": null, "size": 79724504, "status": "active", "last_pulled": "2024-01-20T07:58:49.791869Z", "last_pushed": "2024-01-16T18:50:21.9929Z"}, {"architecture": "arm64", "features": "", "variant": "v8", "digest": "sha256:a6846e70e124e9567bf389cf03d48b675f936ced5e4c0b65870cbe7062318a3c", "os": "linux", "os_features": "", "os_version": null, "size": 79444186, "status": "active", "last_pulled": "2024-01-20T07:40:54.062523Z", "last_pushed": "2024-01-16T18:50:23.373677Z"}], "last_updated": "2024-01-16T18:51:13.431262Z", "last_updater": 1156886, "last_updater_username": "doijanky", "name": "1.0", "repository": 622150, "full_size": 79724504, "v2": true, "tag_status": "active", "tag_last_pulled": "2024-01-20T07:58:49.791869Z", "tag_last_pushed": "2024-01-16T18:51:13.431262Z", "media_type": "application/vnd.docker.distribution.manifest.list.v2+json", "content_type": "image", "digest": "sha256:98ad29b0d7cbeeba8f4640cdcd11e097081ed0ca27c89b4ee0cde63e3bfe53f1"}, {"creator": 1156886, "id": 579931541, "images": [{"architecture": "amd64", "features": "", "variant": null, "digest": "sha256:f073fe32e107c98acd895b93b5021b98c22fc5073eae662c5b123b80947415ed", "os": "linux", "os_features": "", "os_version": null, "size": 81764461, "status": "active", "last_pulled": "2024-01-20T07:11:18.775805Z", "last_pushed": "2024-01-16T18:51:06.625452Z"}, {"architecture": "arm64", "features": "", "variant": "v8", "digest": "sha256:1d8bdc2c5611867de62b9065ea15a8971ab63b4340a3902e24370f1fa6bbd6d8", "os": "linux", "os_features": "", "os_version": null, "size": 81624064, "status": "active", "last_pulled": "2024-01-20T02:34:05.367081Z", "last_pushed": "2024-01-16T18:51:07.778043Z"}], "last_updated": "2024-01-16T18:51:09.965222Z", "last_updater": 1156886, "last_updater_username": "doijanky", "name": "1-20-alpine3.19", "repository": 622150, "full_size": 81764461, "v2": true, "tag_status": "active", "tag_last_pulled": "2024-01-20T07:11:18.775805Z", "tag_last_pushed": "2024-01-16T18:51:09.965222Z", "media_type": "application/vnd.docker.distribution.manifest.list.v2+json", "content_type": "image", "digest": "sha256:65f053960cdc0b512ca9b0ca38ac66ddf79da9e17a55e0bb6f67ee429b87aca7"}, {"creator": 1156886, "id": 523115013, "images": [{"architecture": "amd64", "features": "", "variant": null, "digest": "sha256:885763f82abcd39c6486a03f0c3f9d54a4f8e92fcc3468fcfa17c4fae28efa01", "os": "linux", "os_features": "", "os_version": null, "size": 81657401, "status": "active", "last_pulled": "2024-01-20T07:12:27.470026Z", "last_pushed": "2024-01-16T18:50:52.210507Z"}, {"architecture": "arm64", "features": "", "variant": "v8", "digest": "sha256:7fe75277ae7ceefa1112a1f43d34739b860560e1be4c353fc29e29bd6d28948a", "os": "linux", "os_features": "", "os_version": null, "size": 81431703, "status": "active", "last_pulled": "2024-01-20T03:26:47.749156Z", "last_pushed": "2024-01-16T18:50:53.451365Z"}], "last_updated": "2024-01-16T18:50:58.133398Z", "last_updater": 1156886, "last_updater_username": "doijanky", "name": "1-20-alpine3.18", "repository": 622150, "full_size": 81657401, "v2": true, "tag_status": "active", "tag_last_pulled": "2024-01-20T07:12:27.470026Z", "tag_last_pushed": "2024-01-16T18:50:58.133398Z", "media_type": "application/vnd.docker.distribution.manifest.list.v2+json", "content_type": "image", "digest": "sha256:f7326dae3fccd7fb5070f0a662462c64e01edb16bb9306d9e740ea7ba6151508"}, {"creator": 1156886, "id": 523114853, "images": [{"architecture": "amd64", "features": "", "variant": null, "digest": "sha256:885763f82abcd39c6486a03f0c3f9d54a4f8e92fcc3468fcfa17c4fae28efa01", "os": "linux", "os_features": "", "os_version": null, "size": 81657401, "status": "active", "last_pulled": "2024-01-20T07:12:27.470026Z", "last_pushed": "2024-01-16T18:50:52.210507Z"}, {"architecture": "arm64", "features": "", "variant": "v8", "digest": "sha256:7fe75277ae7ceefa1112a1f43d34739b860560e1be4c353fc29e29bd6d28948a", "os": "linux", "os_features": "", "os_version": null, "size": 81431703, "status": "active", "last_pulled": "2024-01-20T03:26:47.749156Z", "last_pushed": "2024-01-16T18:50:53.451365Z"}], "last_updated": "2024-01-16T18:50:55.348124Z", "last_updater": 1156886, "last_updater_username": "doijanky", "name": "1-20", "repository": 622150, "full_size": 81657401, "v2": true, "tag_status": "active", "tag_last_pulled": "2024-01-20T07:12:27.470026Z", "tag_last_pushed": "2024-01-16T18:50:55.348124Z", "media_type": "application/vnd.docker.distribution.manifest.list.v2+json", "content_type": "image", "digest": "sha256:f7326dae3fccd7fb5070f0a662462c64e01edb16bb9306d9e740ea7ba6151508"}, {"creator": 1156886, "id": 579931023, "images": [{"architecture": "amd64", "features": "", "variant": null, "digest": "sha256:76b2b013b8a9645dbe3ba2c1ce248ed227e1cd4f08a733f45f296565b8a9f8cf", "os": "linux", "os_features": "", "os_version": null, "size": 79837273, "status": "active", "last_pulled": "2024-01-20T07:37:45.258679Z", "last_pushed": "2024-01-16T18:50:40.080628Z"}, {"architecture": "arm64", "features": "", "variant": "v8", "digest": "sha256:b2d2b5a4d1d9b6ab5237ff3bdbbc30682d7c3f4c0569465d994e9f9221e02444", "os": "linux", "os_features": "", "os_version": null, "size": 79595014, "status": "active", "last_pulled": "2024-01-19T21:43:31.598239Z", "last_pushed": "2024-01-16T18:50:41.663422Z"}], "last_updated": "2024-01-16T18:50:44.071818Z", "last_updater": 1156886, "last_updater_username": "doijanky", "name": "1-18-alpine3.19", "repository": 622150, "full_size": 79837273, "v2": true, "tag_status": "active", "tag_last_pulled": "2024-01-20T07:37:45.258679Z", "tag_last_pushed": "2024-01-16T18:50:44.071818Z", "media_type": "application/vnd.docker.distribution.manifest.list.v2+json", "content_type": "image", "digest": "sha256:78bdf802ed37afc5a00c0689938a05c07eb0c044f5b78943cd01810892bc7165"}, {"creator": 1156886, "id": 523114664, "images": [{"architecture": "amd64", "features": "", "variant": null, "digest": "sha256:0cba5f35c950762b9093da01ae48c19e3088093eeef8cb119529fb298685552d", "os": "linux", "os_features": "", "os_version": null, "size": 79724504, "status": "active", "last_pulled": "2024-01-20T07:58:49.791869Z", "last_pushed": "2024-01-16T18:50:21.9929Z"}, {"architecture": "arm64", "features": "", "variant": "v8", "digest": "sha256:a6846e70e124e9567bf389cf03d48b675f936ced5e4c0b65870cbe7062318a3c", "os": "linux", "os_features": "", "os_version": null, "size": 79444186, "status": "active", "last_pulled": "2024-01-20T07:40:54.062523Z", "last_pushed": "2024-01-16T18:50:23.373677Z"}], "last_updated": "2024-01-16T18:50:31.152116Z", "last_updater": 1156886, "last_updater_username": "doijanky", "name": "1-18-alpine3.18", "repository": 622150, "full_size": 79724504, "v2": true, "tag_status": "active", "tag_last_pulled": "2024-01-20T07:58:49.791869Z", "tag_last_pushed": "2024-01-16T18:50:31.152116Z", "media_type": "application/vnd.docker.distribution.manifest.list.v2+json", "content_type": "image", "digest": "sha256:98ad29b0d7cbeeba8f4640cdcd11e097081ed0ca27c89b4ee0cde63e3bfe53f1"}, {"creator": 1156886, "id": 523114452, "images": [{"architecture": "amd64", "features": "", "variant": null, "digest": "sha256:0cba5f35c950762b9093da01ae48c19e3088093eeef8cb119529fb298685552d", "os": "linux", "os_features": "", "os_version": null, "size": 79724504, "status": "active", "last_pulled": "2024-01-20T07:58:49.791869Z", "last_pushed": "2024-01-16T18:50:21.9929Z"}, {"architecture": "arm64", "features": "", "variant": "v8", "digest": "sha256:a6846e70e124e9567bf389cf03d48b675f936ced5e4c0b65870cbe7062318a3c", "os": "linux", "os_features": "", "os_version": null, "size": 79444186, "status": "active", "last_pulled": "2024-01-20T07:40:54.062523Z", "last_pushed": "2024-01-16T18:50:23.373677Z"}], "last_updated": "2024-01-16T18:50:28.225351Z", "last_updater": 1156886, "last_updater_username": "doijanky", "name": "1-18", "repository": 622150, "full_size": 79724504, "v2": true, "tag_status": "active", "tag_last_pulled": "2024-01-20T07:58:49.791869Z", "tag_last_pushed": "2024-01-16T18:50:28.225351Z", "media_type": "application/vnd.docker.distribution.manifest.list.v2+json", "content_type": "image", "digest": "sha256:98ad29b0d7cbeeba8f4640cdcd11e097081ed0ca27c89b4ee0cde63e3bfe53f1"}, {"creator": 1156886, "id": 523114418, "images": [{"architecture": "amd64", "features": "", "variant": null, "digest": "sha256:0cba5f35c950762b9093da01ae48c19e3088093eeef8cb119529fb298685552d", "os": "linux", "os_features": "", "os_version": null, "size": 79724504, "status": "active", "last_pulled": "2024-01-20T07:58:49.791869Z", "last_pushed": "2024-01-16T18:50:21.9929Z"}, {"architecture": "arm64", "features": "", "variant": "v8", "digest": "sha256:a6846e70e124e9567bf389cf03d48b675f936ced5e4c0b65870cbe7062318a3c", "os": "linux", "os_features": "", "os_version": null, "size": 79444186, "status": "active", "last_pulled": "2024-01-20T07:40:54.062523Z", "last_pushed": "2024-01-16T18:50:23.373677Z"}], "last_updated": "2024-01-16T18:50:25.309856Z", "last_updater": 1156886, "last_updater_username": "doijanky", "name": "1", "repository": 622150, "full_size": 79724504, "v2": true, "tag_status": "active", "tag_last_pulled": "2024-01-20T07:58:49.791869Z", "tag_last_pushed": "2024-01-16T18:50:25.309856Z", "media_type": "application/vnd.docker.distribution.manifest.list.v2+json", "content_type": "image", "digest": "sha256:98ad29b0d7cbeeba8f4640cdcd11e097081ed0ca27c89b4ee0cde63e3bfe53f1"}, {"creator": 1156886, "id": 523115325, "images": [{"architecture": "amd64", "features": "", "variant": null, "digest": "sha256:95f876cd9fec8bbcf68ece4ea1d01bb1bcc2818f450cfa712f1a9a222dfebf6d", "os": "linux", "os_features": "", "os_version": null, "size": 69653221, "status": "active", "last_pulled": "2024-01-20T05:30:37.041641Z", "last_pushed": "2023-12-02T02:09:56.81164Z"}, {"architecture": "arm64", "features": "", "variant": "v8", "digest": "sha256:13bc12ecd9c4008bc8731a0fcbd524891287e30034cfb99205a53f41745d790d", "os": "linux", "os_features": "", "os_version": null, "size": 69376489, "status": "active", "last_pulled": "2024-01-15T12:58:37.304891Z", "last_pushed": "2023-12-02T05:01:52.97501Z"}], "last_updated": "2023-12-02T05:02:24.834611Z", "last_updater": 1156886, "last_updater_username": "doijanky", "name": "1.0.0-18-alpine3.18", "repository": 622150, "full_size": 69653221, "v2": true, "tag_status": "active", "tag_last_pulled": "2024-01-20T07:02:44.402148Z", "tag_last_pushed": "2023-12-02T05:02:24.834611Z", "media_type": "application/vnd.docker.distribution.manifest.list.v2+json", "content_type": "image", "digest": "sha256:e79f4b0bbba60da2fda198ad31d3426714e310db3e83ae1ae5f794a9707d6e95"}, {"creator": 1156886, "id": 523115295, "images": [{"architecture": "amd64", "features": "", "variant": null, "digest": "sha256:daa4a0db75705eed2669049f01f9d358a2187a03c3d580d9121dec2d18298a01", "os": "linux", "os_features": "", "os_version": null, "size": 69689706, "status": "active", "last_pulled": "2024-01-20T07:02:20.07252Z", "last_pushed": "2023-12-02T02:09:38.26315Z"}, {"architecture": "arm64", "features": "", "variant": "v8", "digest": "sha256:a582adff71bded545782b7c43e06c50f99ff4843745e311a0f95772f11cc30a5", "os": "linux", "os_features": "", "os_version": null, "size": 69335949, "status": "active", "last_pulled": "2024-01-20T08:00:09.228957Z", "last_pushed": "2023-12-02T05:01:33.47117Z"}], "last_updated": "2023-12-02T05:02:21.886737Z", "last_updater": 1156886, "last_updater_username": "doijanky", "name": "1.0.0-18-alpine3.17", "repository": 622150, "full_size": 69689706, "v2": true, "tag_status": "active", "tag_last_pulled": "2024-01-20T08:00:09.228957Z", "tag_last_pushed": "2023-12-02T05:02:21.886737Z", "media_type": "application/vnd.docker.distribution.manifest.list.v2+json", "content_type": "image", "digest": "sha256:52f18378afac432973cbd36086a7ca2357c983af39f0e24c3e21c151663e417a"}, {"creator": 1156886, "id": 523115268, "images": [{"architecture": "amd64", "features": "", "variant": null, "digest": "sha256:daa4a0db75705eed2669049f01f9d358a2187a03c3d580d9121dec2d18298a01", "os": "linux", "os_features": "", "os_version": null, "size": 69689706, "status": "active", "last_pulled": "2024-01-20T07:02:20.07252Z", "last_pushed": "2023-12-02T02:09:38.26315Z"}, {"architecture": "arm64", "features": "", "variant": "v8", "digest": "sha256:a582adff71bded545782b7c43e06c50f99ff4843745e311a0f95772f11cc30a5", "os": "linux", "os_features": "", "os_version": null, "size": 69335949, "status": "active", "last_pulled": "2024-01-20T08:00:09.228957Z", "last_pushed": "2023-12-02T05:01:33.47117Z"}], "last_updated": "2023-12-02T05:02:18.989017Z", "last_updater": 1156886, "last_updater_username": "doijanky", "name": "1.0.0-18", "repository": 622150, "full_size": 69689706, "v2": true, "tag_status": "active", "tag_last_pulled": "2024-01-20T08:00:09.228957Z", "tag_last_pushed": "2023-12-02T05:02:18.989017Z", "media_type": "application/vnd.docker.distribution.manifest.list.v2+json", "content_type": "image", "digest": "sha256:52f18378afac432973cbd36086a7ca2357c983af39f0e24c3e21c151663e417a"}, {"creator": 1156886, "id": 523115237, "images": [{"architecture": "amd64", "features": "", "variant": null, "digest": "sha256:daa4a0db75705eed2669049f01f9d358a2187a03c3d580d9121dec2d18298a01", "os": "linux", "os_features": "", "os_version": null, "size": 69689706, "status": "active", "last_pulled": "2024-01-20T07:02:20.07252Z", "last_pushed": "2023-12-02T02:09:38.26315Z"}, {"architecture": "arm64", "features": "", "variant": "v8", "digest": "sha256:a582adff71bded545782b7c43e06c50f99ff4843745e311a0f95772f11cc30a5", "os": "linux", "os_features": "", "os_version": null, "size": 69335949, "status": "active", "last_pulled": "2024-01-20T08:00:09.228957Z", "last_pushed": "2023-12-02T05:01:33.47117Z"}], "last_updated": "2023-12-02T05:02:16.176331Z", "last_updater": 1156886, "last_updater_username": "doijanky", "name": "1.0.0", "repository": 622150, "full_size": 69689706, "v2": true, "tag_status": "active", "tag_last_pulled": "2024-01-20T08:00:09.228957Z", "tag_last_pushed": "2023-12-02T05:02:16.176331Z", "media_type": "application/vnd.docker.distribution.manifest.list.v2+json", "content_type": "image", "digest": "sha256:52f18378afac432973cbd36086a7ca2357c983af39f0e24c3e21c151663e417a"}, {"creator": 1156886, "id": 523115092, "images": [{"architecture": "amd64", "features": "", "variant": null, "digest": "sha256:daa4a0db75705eed2669049f01f9d358a2187a03c3d580d9121dec2d18298a01", "os": "linux", "os_features": "", "os_version": null, "size": 69689706, "status": "active", "last_pulled": "2024-01-20T07:02:20.07252Z", "last_pushed": "2023-12-02T02:09:38.26315Z"}, {"architecture": "arm64", "features": "", "variant": "v8", "digest": "sha256:a582adff71bded545782b7c43e06c50f99ff4843745e311a0f95772f11cc30a5", "os": "linux", "os_features": "", "os_version": null, "size": 69335949, "status": "active", "last_pulled": "2024-01-20T08:00:09.228957Z", "last_pushed": "2023-12-02T05:01:33.47117Z"}], "last_updated": "2023-12-02T05:02:08.331746Z", "last_updater": 1156886, "last_updater_username": "doijanky", "name": "1.0-18-alpine3.17", "repository": 622150, "full_size": 69689706, "v2": true, "tag_status": "active", "tag_last_pulled": "2024-01-20T08:00:09.228957Z", "tag_last_pushed": "2023-12-02T05:02:08.331746Z", "media_type": "application/vnd.docker.distribution.manifest.list.v2+json", "content_type": "image", "digest": "sha256:52f18378afac432973cbd36086a7ca2357c983af39f0e24c3e21c151663e417a"}, {"creator": 1156886, "id": 523114488, "images": [{"architecture": "amd64", "features": "", "variant": null, "digest": "sha256:daa4a0db75705eed2669049f01f9d358a2187a03c3d580d9121dec2d18298a01", "os": "linux", "os_features": "", "os_version": null, "size": 69689706, "status": "active", "last_pulled": "2024-01-20T07:02:20.07252Z", "last_pushed": "2023-12-02T02:09:38.26315Z"}, {"architecture": "arm64", "features": "", "variant": "v8", "digest": "sha256:a582adff71bded545782b7c43e06c50f99ff4843745e311a0f95772f11cc30a5", "os": "linux", "os_features": "", "os_version": null, "size": 69335949, "status": "active", "last_pulled": "2024-01-20T08:00:09.228957Z", "last_pushed": "2023-12-02T05:01:33.47117Z"}], "last_updated": "2023-12-02T05:01:42.762313Z", "last_updater": 1156886, "last_updater_username": "doijanky", "name": "1-18-alpine3.17", "repository": 622150, "full_size": 69689706, "v2": true, "tag_status": "active", "tag_last_pulled": "2024-01-20T08:00:09.228957Z", "tag_last_pushed": "2023-12-02T05:01:42.762313Z", "media_type": "application/vnd.docker.distribution.manifest.list.v2+json", "content_type": "image", "digest": "sha256:52f18378afac432973cbd36086a7ca2357c983af39f0e24c3e21c151663e417a"}, {"creator": 1156886, "id": 523115402, "images": [{"architecture": "amd64", "features": "", "variant": null, "digest": "sha256:abff4f1ab2e0ffa8e5babf7a7780fe28c385d3e680b5b12eda75d7f6f9b1962c", "os": "linux", "os_features": "", "os_version": null, "size": 71500810, "status": "active", "last_pulled": "2024-01-20T06:48:49.800319Z", "last_pushed": "2023-12-01T09:33:42.692714Z"}, {"architecture": "arm64", "features": "", "variant": "v8", "digest": "sha256:2ce0b47735c5acf0e9801e25f6b36d09f44e30e2372d13bb130bb48c21e8aa30", "os": "linux", "os_features": "", "os_version": null, "size": 71342154, "status": "active", "last_pulled": "2024-01-19T11:50:28.982744Z", "last_pushed": "2023-12-01T11:36:05.317132Z"}], "last_updated": "2023-12-01T11:36:46.810961Z", "last_updater": 1156886, "last_updater_username": "doijanky", "name": "1.0.0-20-alpine3.18", "repository": 622150, "full_size": 71500810, "v2": true, "tag_status": "active", "tag_last_pulled": "2024-01-20T07:13:12.983215Z", "tag_last_pushed": "2023-12-01T11:36:46.810961Z", "media_type": "application/vnd.docker.distribution.manifest.list.v2+json", "content_type": "image", "digest": "sha256:d9b2e07532dc479f9f72ff62e325f6e9060194cd198d4d5525c12f7b7164280f"}, {"creator": 1156886, "id": 523115373, "images": [{"architecture": "amd64", "features": "", "variant": null, "digest": "sha256:002d67d90abd60dd033c1201065a4f2ea6da8a477e706512fbe51b72bd9b22a5", "os": "linux", "os_features": "", "os_version": null, "size": 71537744, "status": "active", "last_pulled": "2024-01-20T06:25:34.950419Z", "last_pushed": "2023-12-01T09:33:29.591159Z"}, {"architecture": "arm64", "features": "", "variant": "v8", "digest": "sha256:c0dc327f20fe89f8b293da9df1c01db162f7fad1547b914a19342b2480222ce0", "os": "linux", "os_features": "", "os_version": null, "size": 71293273, "status": "active", "last_pulled": "2024-01-19T09:18:39.246871Z", "last_pushed": "2023-12-01T11:35:49.375263Z"}], "last_updated": "2023-12-01T11:36:43.89328Z", "last_updater": 1156886, "last_updater_username": "doijanky", "name": "1.0.0-20-alpine3.17", "repository": 622150, "full_size": 71537744, "v2": true, "tag_status": "active", "tag_last_pulled": "2024-01-20T07:46:49.170717Z", "tag_last_pushed": "2023-12-01T11:36:43.89328Z", "media_type": "application/vnd.docker.distribution.manifest.list.v2+json", "content_type": "image", "digest": "sha256:ed111ae0c75abea5d53984a419f55df8bbab7dfae8df7d1e64adab5a9610468d"}, {"creator": 1156886, "id": 523115351, "images": [{"architecture": "amd64", "features": "", "variant": null, "digest": "sha256:002d67d90abd60dd033c1201065a4f2ea6da8a477e706512fbe51b72bd9b22a5", "os": "linux", "os_features": "", "os_version": null, "size": 71537744, "status": "active", "last_pulled": "2024-01-20T06:25:34.950419Z", "last_pushed": "2023-12-01T09:33:29.591159Z"}, {"architecture": "arm64", "features": "", "variant": "v8", "digest": "sha256:c0dc327f20fe89f8b293da9df1c01db162f7fad1547b914a19342b2480222ce0", "os": "linux", "os_features": "", "os_version": null, "size": 71293273, "status": "active", "last_pulled": "2024-01-19T09:18:39.246871Z", "last_pushed": "2023-12-01T11:35:49.375263Z"}], "last_updated": "2023-12-01T11:36:40.670373Z", "last_updater": 1156886, "last_updater_username": "doijanky", "name": "1.0.0-20", "repository": 622150, "full_size": 71537744, "v2": true, "tag_status": "active", "tag_last_pulled": "2024-01-20T07:46:49.170717Z", "tag_last_pushed": "2023-12-01T11:36:40.670373Z", "media_type": "application/vnd.docker.distribution.manifest.list.v2+json", "content_type": "image", "digest": "sha256:ed111ae0c75abea5d53984a419f55df8bbab7dfae8df7d1e64adab5a9610468d"}, {"creator": 1156886, "id": 523115178, "images": [{"architecture": "amd64", "features": "", "variant": null, "digest": "sha256:002d67d90abd60dd033c1201065a4f2ea6da8a477e706512fbe51b72bd9b22a5", "os": "linux", "os_features": "", "os_version": null, "size": 71537744, "status": "active", "last_pulled": "2024-01-20T06:25:34.950419Z", "last_pushed": "2023-12-01T09:33:29.591159Z"}, {"architecture": "arm64", "features": "", "variant": "v8", "digest": "sha256:c0dc327f20fe89f8b293da9df1c01db162f7fad1547b914a19342b2480222ce0", "os": "linux", "os_features": "", "os_version": null, "size": 71293273, "status": "active", "last_pulled": "2024-01-19T09:18:39.246871Z", "last_pushed": "2023-12-01T11:35:49.375263Z"}], "last_updated": "2023-12-01T11:36:23.707012Z", "last_updater": 1156886, "last_updater_username": "doijanky", "name": "1.0-20-alpine3.17", "repository": 622150, "full_size": 71537744, "v2": true, "tag_status": "active", "tag_last_pulled": "2024-01-20T07:46:49.170717Z", "tag_last_pushed": "2023-12-01T11:36:23.707012Z", "media_type": "application/vnd.docker.distribution.manifest.list.v2+json", "content_type": "image", "digest": "sha256:ed111ae0c75abea5d53984a419f55df8bbab7dfae8df7d1e64adab5a9610468d"}, {"creator": 1156886, "id": 523114882, "images": [{"architecture": "amd64", "features": "", "variant": null, "digest": "sha256:002d67d90abd60dd033c1201065a4f2ea6da8a477e706512fbe51b72bd9b22a5", "os": "linux", "os_features": "", "os_version": null, "size": 71537744, "status": "active", "last_pulled": "2024-01-20T06:25:34.950419Z", "last_pushed": "2023-12-01T09:33:29.591159Z"}, {"architecture": "arm64", "features": "", "variant": "v8", "digest": "sha256:c0dc327f20fe89f8b293da9df1c01db162f7fad1547b914a19342b2480222ce0", "os": "linux", "os_features": "", "os_version": null, "size": 71293273, "status": "active", "last_pulled": "2024-01-19T09:18:39.246871Z", "last_pushed": "2023-12-01T11:35:49.375263Z"}], "last_updated": "2023-12-01T11:35:54.904128Z", "last_updater": 1156886, "last_updater_username": "doijanky", "name": "1-20-alpine3.17", "repository": 622150, "full_size": 71537744, "v2": true, "tag_status": "active", "tag_last_pulled": "2024-01-20T07:46:49.170717Z", "tag_last_pushed": "2023-12-01T11:35:54.904128Z", "media_type": "application/vnd.docker.distribution.manifest.list.v2+json", "content_type": "image", "digest": "sha256:ed111ae0c75abea5d53984a419f55df8bbab7dfae8df7d1e64adab5a9610468d"}, {"creator": 1156886, "id": 154800411, "images": [{"architecture": "amd64", "features": "", "variant": null, "digest": "sha256:d5cee110909938c99cf8800b9379494c190d8fecaec70a4ce3886facdee6ef8e", "os": "linux", "os_features": "", "os_version": null, "size": 49229094, "status": "active", "last_pulled": "2024-01-20T07:37:55.270528Z", "last_pushed": "2021-10-22T21:28:02.54058Z"}, {"architecture": "arm64", "features": "", "variant": "v8", "digest": "sha256:a673b9be961398681405711a5fe564fdc40f746b0c1c3c43364d5306566e543c", "os": "linux", "os_features": "", "os_version": null, "size": 51034170, "status": "active", "last_pulled": "2024-01-20T05:25:31.69271Z", "last_pushed": "2022-11-30T02:36:04.681869Z"}], "last_updated": "2022-11-30T02:36:09.475272Z", "last_updater": 1156886, "last_updater_username": "doijanky", "name": "1.0.0-alpha.4", "repository": 622150, "full_size": 49229094, "v2": true, "tag_status": "active", "tag_last_pulled": "2024-01-20T07:53:08.718509Z", "tag_last_pushed": "2022-11-30T02:36:09.475272Z", "media_type": "application/vnd.docker.distribution.manifest.list.v2+json", "content_type": "image", "digest": "sha256:dcfcf89bf91238ff129469a5a94523b3025913dcc41597d72d4d5f4a0339cc7d"}, {"creator": 1156886, "id": 154800406, "images": [{"architecture": "amd64", "features": "", "variant": null, "digest": "sha256:d5cee110909938c99cf8800b9379494c190d8fecaec70a4ce3886facdee6ef8e", "os": "linux", "os_features": "", "os_version": null, "size": 49229094, "status": "active", "last_pulled": "2024-01-20T07:37:55.270528Z", "last_pushed": "2021-10-22T21:28:02.54058Z"}, {"architecture": "arm64", "features": "", "variant": "v8", "digest": "sha256:a673b9be961398681405711a5fe564fdc40f746b0c1c3c43364d5306566e543c", "os": "linux", "os_features": "", "os_version": null, "size": 51034170, "status": "active", "last_pulled": "2024-01-20T05:25:31.69271Z", "last_pushed": "2022-11-30T02:36:04.681869Z"}], "last_updated": "2022-11-30T02:36:06.904927Z", "last_updater": 1156886, "last_updater_username": "doijanky", "name": "1.0.0-alpha", "repository": 622150, "full_size": 49229094, "v2": true, "tag_status": "active", "tag_last_pulled": "2024-01-20T07:53:08.718509Z", "tag_last_pushed": "2022-11-30T02:36:06.904927Z", "media_type": "application/vnd.docker.distribution.manifest.list.v2+json", "content_type": "image", "digest": "sha256:dcfcf89bf91238ff129469a5a94523b3025913dcc41597d72d4d5f4a0339cc7d"}, {"creator": 1156886, "id": 84882767, "images": [{"architecture": "amd64", "features": "", "variant": null, "digest": "sha256:bc61c0514e94db622895f1e6a01ef58cf363a49b83b043eab8ee3b34a7b02310", "os": "linux", "os_features": "", "os_version": null, "size": 46828129, "status": "active", "last_pulled": "2024-01-20T07:22:11.015389Z", "last_pushed": "2021-10-22T21:27:50.346846Z"}, {"architecture": "arm64", "features": "", "variant": "v8", "digest": "sha256:e9c6b92528f75b5b96616e2ffb1e971f527b96d48a60496641dc19944227f683", "os": "linux", "os_features": "", "os_version": null, "size": 48860265, "status": "active", "last_pulled": "2024-01-20T04:53:23.949565Z", "last_pushed": "2022-11-30T02:35:51.352885Z"}], "last_updated": "2022-11-30T02:35:57.002277Z", "last_updater": 1156886, "last_updater_username": "doijanky", "name": "0.54.0", "repository": 622150, "full_size": 46828129, "v2": true, "tag_status": "active", "tag_last_pulled": "2024-01-20T07:22:11.015389Z", "tag_last_pushed": "2022-11-30T02:35:57.002277Z", "media_type": "application/vnd.docker.distribution.manifest.list.v2+json", "content_type": "image", "digest": "sha256:effdf4c7665bbcbdd72adcb0b074c7f29583affb6eb37e2deea284c1a4400bda"}, {"creator": 1156886, "id": 84882759, "images": [{"architecture": "amd64", "features": "", "variant": null, "digest": "sha256:bc61c0514e94db622895f1e6a01ef58cf363a49b83b043eab8ee3b34a7b02310", "os": "linux", "os_features": "", "os_version": null, "size": 46828129, "status": "active", "last_pulled": "2024-01-20T07:22:11.015389Z", "last_pushed": "2021-10-22T21:27:50.346846Z"}, {"architecture": "arm64", "features": "", "variant": "v8", "digest": "sha256:e9c6b92528f75b5b96616e2ffb1e971f527b96d48a60496641dc19944227f683", "os": "linux", "os_features": "", "os_version": null, "size": 48860265, "status": "active", "last_pulled": "2024-01-20T04:53:23.949565Z", "last_pushed": "2022-11-30T02:35:51.352885Z"}], "last_updated": "2022-11-30T02:35:53.434673Z", "last_updater": 1156886, "last_updater_username": "doijanky", "name": "0.54", "repository": 622150, "full_size": 46828129, "v2": true, "tag_status": "active", "tag_last_pulled": "2024-01-20T07:22:11.015389Z", "tag_last_pushed": "2022-11-30T02:35:53.434673Z", "media_type": "application/vnd.docker.distribution.manifest.list.v2+json", "content_type": "image", "digest": "sha256:effdf4c7665bbcbdd72adcb0b074c7f29583affb6eb37e2deea284c1a4400bda"}, {"creator": 1156886, "id": 32039757, "images": [{"architecture": "arm64", "features": "", "variant": "v8", "digest": "sha256:5663efe8242b504083089b92efe741fa4d9a800fa7e4dd6f7e58382d18c3a858", "os": "linux", "os_features": "", "os_version": null, "size": 38527327, "status": "active", "last_pulled": "2024-01-18T10:06:12.443539Z", "last_pushed": null}, {"architecture": "amd64", "features": "", "variant": null, "digest": "sha256:5f53f6900c495c27264a34834abb96d0f9ae1340d888e2a2d8f8d4b59d24321b", "os": "linux", "os_features": "", "os_version": null, "size": 38443608, "status": "active", "last_pulled": "2024-01-20T07:48:47.122792Z", "last_pushed": null}], "last_updated": "2019-12-25T01:29:24.71892Z", "last_updater": 1156886, "last_updater_username": "doijanky", "name": "0.49.0", "repository": 622150, "full_size": 38443608, "v2": true, "tag_status": "active", "tag_last_pulled": "2024-01-20T07:48:47.122792Z", "tag_last_pushed": "2019-12-25T01:29:24.71892Z", "media_type": "application/vnd.docker.distribution.manifest.list.v2+json", "content_type": "image"}, {"creator": 1156886, "id": 32039756, "images": [{"architecture": "amd64", "features": "", "variant": null, "digest": "sha256:5f53f6900c495c27264a34834abb96d0f9ae1340d888e2a2d8f8d4b59d24321b", "os": "linux", "os_features": "", "os_version": null, "size": 38443608, "status": "active", "last_pulled": "2024-01-20T07:48:47.122792Z", "last_pushed": null}, {"architecture": "arm64", "features": "", "variant": "v8", "digest": "sha256:5663efe8242b504083089b92efe741fa4d9a800fa7e4dd6f7e58382d18c3a858", "os": "linux", "os_features": "", "os_version": null, "size": 38527327, "status": "active", "last_pulled": "2024-01-18T10:06:12.443539Z", "last_pushed": null}], "last_updated": "2019-12-25T01:29:22.007731Z", "last_updater": 1156886, "last_updater_username": "doijanky", "name": "0.49", "repository": 622150, "full_size": 38443608, "v2": true, "tag_status": "active", "tag_last_pulled": "2024-01-20T07:48:47.122792Z", "tag_last_pushed": "2019-12-25T01:29:22.007731Z", "media_type": "application/vnd.docker.distribution.manifest.list.v2+json", "content_type": "image"}, {"creator": 1156886, "id": 23409761, "images": [{"architecture": "amd64", "features": "", "variant": null, "digest": "sha256:d4c0ed03e2f94446802d16ec6d55e97b1337d1f4f447c7b8cfbefe9661fe8a9a", "os": "linux", "os_features": "", "os_version": null, "size": 76249343, "status": "inactive", "last_pulled": null, "last_pushed": null}], "last_updated": "2018-07-19T07:43:11.458087Z", "last_updater": 1156886, "last_updater_username": "doijanky", "name": "0.45.0", "repository": 622150, "full_size": 76249343, "v2": true, "tag_status": "inactive", "tag_last_pulled": null, "tag_last_pushed": "2018-07-19T07:43:11.458087Z", "media_type": "application/vnd.docker.distribution.manifest.list.v2+json", "content_type": "image"}, {"creator": 1156886, "id": 23409762, "images": [{"architecture": "amd64", "features": "", "variant": null, "digest": "sha256:d4c0ed03e2f94446802d16ec6d55e97b1337d1f4f447c7b8cfbefe9661fe8a9a", "os": "linux", "os_features": "", "os_version": null, "size": 76249343, "status": "inactive", "last_pulled": null, "last_pushed": null}], "last_updated": "2018-07-17T16:50:06.742232Z", "last_updater": 1156886, "last_updater_username": "doijanky", "name": "0.45", "repository": 622150, "full_size": 76249343, "v2": true, "tag_status": "inactive", "tag_last_pulled": null, "tag_last_pushed": "2018-07-17T16:50:06.742232Z", "media_type": "application/vnd.docker.distribution.manifest.list.v2+json", "content_type": "image"}, {"creator": 1156886, "id": 21617917, "images": [{"architecture": "amd64", "features": "", "variant": null, "digest": "sha256:4b24e5d85307ef5bb7082e27a28dc19ca553a0bf023d10fccbe9be08e7411048", "os": "linux", "os_features": "", "os_version": null, "size": 101375731, "status": "inactive", "last_pulled": null, "last_pushed": null}], "last_updated": "2018-02-23T02:42:58.61259Z", "last_updater": 1156886, "last_updater_username": "doijanky", "name": "0.44", "repository": 622150, "full_size": 101375731, "v2": true, "tag_status": "inactive", "tag_last_pulled": null, "tag_last_pushed": "2018-02-23T02:42:58.61259Z", "media_type": "application/vnd.docker.distribution.manifest.list.v2+json", "content_type": "image"}, {"creator": 1156886, "id": 21617916, "images": [{"architecture": "amd64", "features": "", "variant": null, "digest": "sha256:4b24e5d85307ef5bb7082e27a28dc19ca553a0bf023d10fccbe9be08e7411048", "os": "linux", "os_features": "", "os_version": null, "size": 101375731, "status": "inactive", "last_pulled": null, "last_pushed": null}], "last_updated": "2018-02-23T02:42:58.240094Z", "last_updater": 1156886, "last_updater_username": "doijanky", "name": "0.44.0", "repository": 622150, "full_size": 101375731, "v2": true, "tag_status": "inactive", "tag_last_pulled": null, "tag_last_pushed": "2018-02-23T02:42:58.240094Z", "media_type": "application/vnd.docker.distribution.manifest.list.v2+json", "content_type": "image"}, {"creator": 2215, "id": 14893701, "images": [{"architecture": "amd64", "features": "", "variant": null, "digest": "sha256:3fe03c9f9d4035fef77cbac7b6b22624cbec92b20a3727c98db6df7546bdea07", "os": "linux", "os_features": "", "os_version": null, "size": 97958250, "status": "inactive", "last_pulled": null, "last_pushed": null}], "last_updated": "2017-11-07T07:42:42.476902Z", "last_updater": 1156886, "last_updater_username": "doijanky", "name": "0.42", "repository": 622150, "full_size": 97958250, "v2": true, "tag_status": "inactive", "tag_last_pulled": null, "tag_last_pushed": "2017-11-07T07:42:42.476902Z", "media_type": "application/vnd.docker.distribution.manifest.list.v2+json", "content_type": "image"}, {"creator": 2215, "id": 14893694, "images": [{"architecture": "amd64", "features": "", "variant": null, "digest": "sha256:3fe03c9f9d4035fef77cbac7b6b22624cbec92b20a3727c98db6df7546bdea07", "os": "linux", "os_features": "", "os_version": null, "size": 97958250, "status": "inactive", "last_pulled": null, "last_pushed": null}], "last_updated": "2017-11-07T07:42:42.079165Z", "last_updater": 1156886, "last_updater_username": "doijanky", "name": "0.42.2", "repository": 622150, "full_size": 97958250, "v2": true, "tag_status": "inactive", "tag_last_pulled": null, "tag_last_pushed": "2017-11-07T07:42:42.079165Z", "media_type": "application/vnd.docker.distribution.manifest.list.v2+json", "content_type": "image"}, {"creator": 2215, "id": 11448111, "images": [{"architecture": "amd64", "features": "", "variant": null, "digest": "sha256:cc2f42364623db588ffec2bc06b110da1b3bf3fe47ac1d7866e9172660959a00", "os": "linux", "os_features": "", "os_version": null, "size": 94180190, "status": "inactive", "last_pulled": null, "last_pushed": null}], "last_updated": "2017-05-31T23:25:19.092909Z", "last_updater": 2215, "last_updater_username": "stackbrew", "name": "0.40", "repository": 622150, "full_size": 94180190, "v2": true, "tag_status": "inactive", "tag_last_pulled": null, "tag_last_pushed": "2017-05-31T23:25:19.092909Z", "media_type": "application/vnd.docker.container.image.v1+json", "content_type": "image"}, {"creator": 2215, "id": 11448106, "images": [{"architecture": "amd64", "features": "", "variant": null, "digest": "sha256:cc2f42364623db588ffec2bc06b110da1b3bf3fe47ac1d7866e9172660959a00", "os": "linux", "os_features": "", "os_version": null, "size": 94180190, "status": "inactive", "last_pulled": null, "last_pushed": null}], "last_updated": "2017-05-31T23:24:56.035616Z", "last_updater": 2215, "last_updater_username": "stackbrew", "name": "0.40.0", "repository": 622150, "full_size": 94180190, "v2": true, "tag_status": "inactive", "tag_last_pulled": null, "tag_last_pushed": "2017-05-31T23:24:56.035616Z", "media_type": "application/vnd.docker.container.image.v1+json", "content_type": "image"}, {"creator": 2215, "id": 8519807, "images": [{"architecture": "amd64", "features": "", "variant": null, "digest": "sha256:8fad585ea87c8c81c8adcec96d4ec0e389b99fd05b732a5d2c954209d873a2a4", "os": "linux", "os_features": "", "os_version": null, "size": 93939584, "status": "inactive", "last_pulled": null, "last_pushed": null}], "last_updated": "2017-02-27T17:35:07.271568Z", "last_updater": 2215, "last_updater_username": "stackbrew", "name": "0.38", "repository": 622150, "full_size": 93939584, "v2": true, "tag_status": "inactive", "tag_last_pulled": null, "tag_last_pushed": "2017-02-27T17:35:07.271568Z", "media_type": "application/vnd.docker.container.image.v1+json", "content_type": "image"}, {"creator": 2215, "id": 8519797, "images": [{"architecture": "amd64", "features": "", "variant": null, "digest": "sha256:8fad585ea87c8c81c8adcec96d4ec0e389b99fd05b732a5d2c954209d873a2a4", "os": "linux", "os_features": "", "os_version": null, "size": 93939584, "status": "inactive", "last_pulled": null, "last_pushed": null}], "last_updated": "2017-02-27T17:34:50.612703Z", "last_updater": 2215, "last_updater_username": "stackbrew", "name": "0.38.0", "repository": 622150, "full_size": 93939584, "v2": true, "tag_status": "inactive", "tag_last_pulled": null, "tag_last_pushed": "2017-02-27T17:34:50.612703Z", "media_type": "application/vnd.docker.container.image.v1+json", "content_type": "image"}, {"creator": 2215, "id": 7989391, "images": [{"architecture": "amd64", "features": "", "variant": null, "digest": "sha256:60b7233a44e751baa212a709d1a16550b444bd16667bda933df67c9e506dfc9e", "os": "linux", "os_features": "", "os_version": null, "size": 100876920, "status": "inactive", "last_pulled": null, "last_pushed": null}], "last_updated": "2017-02-07T18:48:56.882782Z", "last_updater": 2215, "last_updater_username": "stackbrew", "name": "0.35", "repository": 622150, "full_size": 100876920, "v2": true, "tag_status": "inactive", "tag_last_pulled": null, "tag_last_pushed": "2017-02-07T18:48:56.882782Z", "media_type": "application/vnd.docker.container.image.v1+json", "content_type": "image"}, {"creator": 2215, "id": 7989381, "images": [{"architecture": "amd64", "features": "", "variant": null, "digest": "sha256:60b7233a44e751baa212a709d1a16550b444bd16667bda933df67c9e506dfc9e", "os": "linux", "os_features": "", "os_version": null, "size": 100876920, "status": "inactive", "last_pulled": null, "last_pushed": null}], "last_updated": "2017-02-07T18:48:41.093246Z", "last_updater": 2215, "last_updater_username": "stackbrew", "name": "0.35.0", "repository": 622150, "full_size": 100876920, "v2": true, "tag_status": "inactive", "tag_last_pulled": null, "tag_last_pushed": "2017-02-07T18:48:41.093246Z", "media_type": "application/vnd.docker.container.image.v1+json", "content_type": "image"}, {"creator": 2215, "id": 7107570, "images": [{"architecture": "amd64", "features": "", "variant": null, "digest": "sha256:08e84c7cfc85c8301b9e60dbfe1092791f2f3c83322d3a71d9834c24d1b0fe31", "os": "linux", "os_features": "", "os_version": null, "size": 100854958, "status": "inactive", "last_pulled": null, "last_pushed": null}], "last_updated": "2017-02-01T18:02:39.884756Z", "last_updater": 2215, "last_updater_username": "stackbrew", "name": "0.34", "repository": 622150, "full_size": 100854958, "v2": true, "tag_status": "inactive", "tag_last_pulled": null, "tag_last_pushed": "2017-02-01T18:02:39.884756Z", "media_type": "application/vnd.docker.container.image.v1+json", "content_type": "image"}, {"creator": 2215, "id": 7107565, "images": [{"architecture": "amd64", "features": "", "variant": null, "digest": "sha256:08e84c7cfc85c8301b9e60dbfe1092791f2f3c83322d3a71d9834c24d1b0fe31", "os": "linux", "os_features": "", "os_version": null, "size": 100854958, "status": "inactive", "last_pulled": null, "last_pushed": null}], "last_updated": "2017-02-01T18:02:24.295228Z", "last_updater": 2215, "last_updater_username": "stackbrew", "name": "0.34.0", "repository": 622150, "full_size": 100854958, "v2": true, "tag_status": "inactive", "tag_last_pulled": null, "tag_last_pushed": "2017-02-01T18:02:24.295228Z", "media_type": "application/vnd.docker.container.image.v1+json", "content_type": "image"}, {"creator": 621950, "id": 6107850, "images": [{"architecture": "amd64", "features": "", "variant": null, "digest": "sha256:724815c5b6f7af5244b556fc399eac1d2d20e6be695242bb4f27bd8f8f0d244b", "os": "linux", "os_features": "", "os_version": null, "size": 100792639, "status": "inactive", "last_pulled": null, "last_pushed": null}], "last_updated": "2016-12-21T20:56:14.54912Z", "last_updater": 621950, "last_updater_username": "signer", "name": "0.32", "repository": 622150, "full_size": 100792639, "v2": true, "tag_status": "inactive", "tag_last_pulled": null, "tag_last_pushed": "2016-12-21T20:56:14.54912Z", "media_type": "application/vnd.docker.container.image.v1+json", "content_type": "image"}, {"creator": 621950, "id": 6107843, "images": [{"architecture": "amd64", "features": "", "variant": null, "digest": "sha256:724815c5b6f7af5244b556fc399eac1d2d20e6be695242bb4f27bd8f8f0d244b", "os": "linux", "os_features": "", "os_version": null, "size": 100792639, "status": "inactive", "last_pulled": null, "last_pushed": null}], "last_updated": "2016-12-21T20:55:58.873927Z", "last_updater": 621950, "last_updater_username": "signer", "name": "0.32.0", "repository": 622150, "full_size": 100792639, "v2": true, "tag_status": "inactive", "tag_last_pulled": null, "tag_last_pushed": "2016-12-21T20:55:58.873927Z", "media_type": "application/vnd.docker.container.image.v1+json", "content_type": "image"}, {"creator": 621950, "id": 4443306, "images": [{"architecture": "amd64", "features": "", "variant": null, "digest": "sha256:0cab42a9e93fa139a7e12787adc724727ff8392431e54b93594ae27c12c87283", "os": "linux", "os_features": "", "os_version": null, "size": 100382022, "status": "inactive", "last_pulled": null, "last_pushed": null}], "last_updated": "2016-11-10T07:13:16.83165Z", "last_updater": 621950, "last_updater_username": "signer", "name": "0.31", "repository": 622150, "full_size": 100382022, "v2": true, "tag_status": "inactive", "tag_last_pulled": null, "tag_last_pushed": "2016-11-10T07:13:16.83165Z", "media_type": "application/vnd.docker.container.image.v1+json", "content_type": "image"}, {"creator": 621950, "id": 5561524, "images": [{"architecture": "amd64", "features": "", "variant": null, "digest": "sha256:0cab42a9e93fa139a7e12787adc724727ff8392431e54b93594ae27c12c87283", "os": "linux", "os_features": "", "os_version": null, "size": 100382022, "status": "inactive", "last_pulled": null, "last_pushed": null}], "last_updated": "2016-11-10T07:13:03.74244Z", "last_updater": 621950, "last_updater_username": "signer", "name": "0.31.5", "repository": 622150, "full_size": 100382022, "v2": true, "tag_status": "inactive", "tag_last_pulled": null, "tag_last_pushed": "2016-11-10T07:13:03.74244Z", "media_type": "application/vnd.docker.container.image.v1+json", "content_type": "image"}, {"creator": 621950, "id": 4443304, "images": [{"architecture": "amd64", "features": "", "variant": null, "digest": "sha256:a956e6e42e0ce714dd7682395bcfd61c84bac54a6eb83858158d5caa50a692f2", "os": "linux", "os_features": "", "os_version": null, "size": 98818693, "status": "inactive", "last_pulled": null, "last_pushed": null}], "last_updated": "2016-09-16T17:27:17.574484Z", "last_updater": 621950, "last_updater_username": "signer", "name": "0.31.0", "repository": 622150, "full_size": 98818693, "v2": true, "tag_status": "inactive", "tag_last_pulled": null, "tag_last_pushed": "2016-09-16T17:27:17.574484Z", "media_type": "application/octet-stream", "content_type": "unrecognized"}, {"creator": 2215, "id": 2561518, "images": [{"architecture": "amd64", "features": "", "variant": null, "os": "", "os_features": "", "os_version": null, "size": 96838114, "status": "inactive", "last_pulled": null, "last_pushed": null}], "last_updated": "2016-05-31T21:00:00.276327Z", "last_updater": 621950, "last_updater_username": "signer", "name": "0.30", "repository": 622150, "full_size": 96838114, "v2": true, "tag_status": "inactive", "tag_last_pulled": null, "tag_last_pushed": "2016-05-31T21:00:00.276327Z", "media_type": "application/vnd.docker.distribution.manifest.v1+prettyjws", "content_type": "image"}, {"creator": 2215, "id": 3144937, "images": [{"architecture": "amd64", "features": "", "variant": null, "os": "", "os_features": "", "os_version": null, "size": 96838114, "status": "inactive", "last_pulled": null, "last_pushed": null}], "last_updated": "2016-05-31T20:59:20.505965Z", "last_updater": 621950, "last_updater_username": "signer", "name": "0.30.59", "repository": 622150, "full_size": 96838114, "v2": true, "tag_status": "inactive", "tag_last_pulled": null, "tag_last_pushed": "2016-05-31T20:59:20.505965Z", "media_type": "application/vnd.docker.distribution.manifest.v1+prettyjws", "content_type": "image"}, {"creator": 2215, "id": 3034392, "images": [{"architecture": "amd64", "features": "", "variant": null, "os": "", "os_features": "", "os_version": null, "size": 96720153, "status": "inactive", "last_pulled": null, "last_pushed": null}], "last_updated": "2016-05-16T17:01:27.101789Z", "last_updater": 2215, "last_updater_username": "stackbrew", "name": "0.30.55", "repository": 622150, "full_size": 96720153, "v2": true, "tag_status": "inactive", "tag_last_pulled": null, "tag_last_pushed": "2016-05-16T17:01:27.101789Z", "media_type": "application/vnd.docker.distribution.manifest.v1+prettyjws", "content_type": "image"}, {"creator": 2215, "id": 2903858, "images": [{"architecture": "amd64", "features": "", "variant": null, "os": "", "os_features": "", "os_version": null, "size": 96752613, "status": "inactive", "last_pulled": null, "last_pushed": null}], "last_updated": "2016-05-06T19:14:50.643768Z", "last_updater": 2215, "last_updater_username": "stackbrew", "name": "0.30.54", "repository": 622150, "full_size": 96752613, "v2": true, "tag_status": "inactive", "tag_last_pulled": null, "tag_last_pushed": "2016-05-06T19:14:50.643768Z", "media_type": "application/vnd.docker.distribution.manifest.v1+prettyjws", "content_type": "image"}, {"creator": 2215, "id": 2797534, "images": [{"architecture": "amd64", "features": "", "variant": null, "digest": "sha256:8db2388dad00f3b027f9dbd3d60ba471169b071ce5064cc46902dc46d996f6cf", "os": "", "os_features": "", "os_version": null, "size": 96470978, "status": "active", "last_pulled": "2024-01-20T07:02:03.784425Z", "last_pushed": null}], "last_updated": "2016-04-26T17:46:16.557672Z", "last_updater": 2215, "last_updater_username": "stackbrew", "name": "0.30.52", "repository": 622150, "full_size": 96470690, "v2": true, "tag_status": "active", "tag_last_pulled": "2024-01-20T07:02:03.784425Z", "tag_last_pushed": "2016-04-26T17:46:16.557672Z", "media_type": "application/vnd.docker.distribution.manifest.v1+prettyjws", "content_type": "image"}, {"creator": 2215, "id": 2712674, "images": [{"architecture": "amd64", "features": "", "variant": null, "digest": "sha256:b8047b9caca61c0634127b481e0416c03f2dfb45da686898ba8da1c729b5e688", "os": "", "os_features": "", "os_version": null, "size": 96446126, "status": "active", "last_pulled": "2024-01-20T07:02:02.683843Z", "last_pushed": null}], "last_updated": "2016-04-19T18:13:28.401097Z", "last_updater": 2215, "last_updater_username": "stackbrew", "name": "0.30.48", "repository": 622150, "full_size": 96445838, "v2": true, "tag_status": "active", "tag_last_pulled": "2024-01-20T07:02:02.683843Z", "tag_last_pushed": "2016-04-19T18:13:28.401097Z", "media_type": "application/vnd.docker.distribution.manifest.v1+prettyjws", "content_type": "image"}, {"creator": 2215, "id": 2696605, "images": [{"architecture": "amd64", "features": "", "variant": null, "digest": "sha256:cdf646a9ecf334a4696be89a1299f71f6aa90163d5f66ae3cee56f9390766a5e", "os": "", "os_features": "", "os_version": null, "size": 96428130, "status": "active", "last_pulled": "2024-01-20T07:02:01.554329Z", "last_pushed": null}], "last_updated": "2016-04-18T16:39:10.012575Z", "last_updater": 2215, "last_updater_username": "stackbrew", "name": "0.30.47", "repository": 622150, "full_size": 96427842, "v2": true, "tag_status": "active", "tag_last_pulled": "2024-01-20T07:02:01.554329Z", "tag_last_pushed": "2016-04-18T16:39:10.012575Z", "media_type": "application/vnd.docker.distribution.manifest.v1+prettyjws", "content_type": "image"}, {"creator": 2215, "id": 2645525, "images": [{"architecture": "amd64", "features": "", "variant": null, "digest": "sha256:16c7affc046c8e1f40c1f1248a0e660ee7f90db5d19eaf134f4a4dee19060f44", "os": "", "os_features": "", "os_version": null, "size": 95509285, "status": "active", "last_pulled": "2024-01-20T07:02:00.444538Z", "last_pushed": null}], "last_updated": "2016-04-13T16:55:42.36099Z", "last_updater": 2215, "last_updater_username": "stackbrew", "name": "0.30.44", "repository": 622150, "full_size": 95508997, "v2": true, "tag_status": "active", "tag_last_pulled": "2024-01-20T07:02:00.444538Z", "tag_last_pushed": "2016-04-13T16:55:42.36099Z", "media_type": "application/vnd.docker.distribution.manifest.v1+prettyjws", "content_type": "image"}, {"creator": 2215, "id": 2561516, "images": [{"architecture": "amd64", "features": "", "variant": null, "digest": "sha256:cf5f86e5b419b3031b65bc6033e4fb35261b45e13bd31016f9026d69dd8711a0", "os": "", "os_features": "", "os_version": null, "size": 95699652, "status": "active", "last_pulled": "2024-01-20T07:01:59.254438Z", "last_pushed": null}], "last_updated": "2016-04-13T00:12:34.639429Z", "last_updater": 2215, "last_updater_username": "stackbrew", "name": "0.30.43", "repository": 622150, "full_size": 95699364, "v2": true, "tag_status": "active", "tag_last_pulled": "2024-01-20T07:01:59.254438Z", "tag_last_pushed": "2016-04-13T00:12:34.639429Z", "media_type": "application/vnd.docker.distribution.manifest.v1+prettyjws", "content_type": "image"}]