[{"creator": 7, "id": 163953, "images": [{"architecture": "amd64", "features": "", "variant": null, "digest": "sha256:bee0483e314e43fdd9e7c9331b2814f08fef3c8dcf46e5d0b0916f1a4ee8539d", "os": "linux", "os_features": "", "os_version": null, "size": 177293021, "status": "active", "last_pulled": "2024-01-20T06:01:23.292899Z", "last_pushed": "2024-01-17T06:04:11.536497Z"}, {"architecture": "arm64", "features": "", "variant": "v8", "digest": "sha256:298b0d02a0506c56a4ec3c685f5a9fd7cdb233506f058319825d0a734f5f7999", "os": "linux", "os_features": "", "os_version": null, "size": 176510236, "status": "active", "last_pulled": "2024-01-19T18:44:45.334158Z", "last_pushed": "2024-01-17T07:10:33.680571Z"}], "last_updated": "2024-01-17T07:10:40.990307Z", "last_updater": 1156886, "last_updater_username": "doijanky", "name": "latest", "repository": 172163, "full_size": 177293021, "v2": true, "tag_status": "active", "tag_last_pulled": "2024-01-20T06:43:46.624771Z", "tag_last_pushed": "2024-01-17T07:10:40.990307Z", "media_type": "application/vnd.docker.distribution.manifest.list.v2+json", "content_type": "image", "digest": "sha256:b995e62e31fb0f2a6daf70683eba2f233e17a708018550fa360c4930f489463d"}, {"creator": 1156886, "id": 500617156, "images": [{"architecture": "amd64", "features": "", "variant": null, "digest": "sha256:bee0483e314e43fdd9e7c9331b2814f08fef3c8dcf46e5d0b0916f1a4ee8539d", "os": "linux", "os_features": "", "os_version": null, "size": 177293021, "status": "active", "last_pulled": "2024-01-20T06:01:23.292899Z", "last_pushed": "2024-01-17T06:04:11.536497Z"}, {"architecture": "arm64", "features": "", "variant": "v8", "digest": "sha256:298b0d02a0506c56a4ec3c685f5a9fd7cdb233506f058319825d0a734f5f7999", "os": "linux", "os_features": "", "os_version": null, "size": 176510236, "status": "active", "last_pulled": "2024-01-19T18:44:45.334158Z", "last_pushed": "2024-01-17T07:10:33.680571Z"}], "last_updated": "2024-01-17T07:10:35.68248Z", "last_updater": 1156886, "last_updater_username": "doijanky", "name": "2023.08", "repository": 172163, "full_size": 177293021, "v2": true, "tag_status": "active", "tag_last_pulled": "2024-01-20T06:43:46.624771Z", "tag_last_pushed": "2024-01-17T07:10:35.68248Z", "media_type": "application/vnd.docker.distribution.manifest.list.v2+json", "content_type": "image", "digest": "sha256:b995e62e31fb0f2a6daf70683eba2f233e17a708018550fa360c4930f489463d"}, {"creator": 1156886, "id": 74125900, "images": [{"architecture": "amd64", "features": "", "variant": null, "digest": "sha256:95b2670c1413ac65303b6181f392559f94a0db7438308b1bc5d7addfd849f506", "os": "linux", "os_features": "", "os_version": null, "size": 42817033, "status": "active", "last_pulled": "2024-01-20T00:22:10.020056Z", "last_pushed": "2023-12-01T08:03:42.005077Z"}, {"architecture": "arm64", "features": "", "variant": "v8", "digest": "sha256:7a3a3c1efe0a32f2c1e95316721bbd411c87ca7f21fc4f83f05b12e5c6cd8565", "os": "linux", "os_features": "", "os_version": null, "size": 42613366, "status": "active", "last_pulled": "2024-01-19T06:29:32.854116Z", "last_pushed": "2023-12-01T09:23:51.160467Z"}], "last_updated": "2023-12-01T09:23:56.72828Z", "last_updater": 1156886, "last_updater_username": "doijanky", "name": "alpine", "repository": 172163, "full_size": 42817033, "v2": true, "tag_status": "active", "tag_last_pulled": "2024-01-20T06:43:48.549718Z", "tag_last_pushed": "2023-12-01T09:23:56.72828Z", "media_type": "application/vnd.docker.distribution.manifest.list.v2+json", "content_type": "image", "digest": "sha256:3925153f2352617d42845645dbcce8203b4652d8533293e67a5cc7b9ffdee9f3"}, {"creator": 1156886, "id": 500617192, "images": [{"architecture": "amd64", "features": "", "variant": null, "digest": "sha256:95b2670c1413ac65303b6181f392559f94a0db7438308b1bc5d7addfd849f506", "os": "linux", "os_features": "", "os_version": null, "size": 42817033, "status": "active", "last_pulled": "2024-01-20T00:22:10.020056Z", "last_pushed": "2023-12-01T08:03:42.005077Z"}, {"architecture": "arm64", "features": "", "variant": "v8", "digest": "sha256:7a3a3c1efe0a32f2c1e95316721bbd411c87ca7f21fc4f83f05b12e5c6cd8565", "os": "linux", "os_features": "", "os_version": null, "size": 42613366, "status": "active", "last_pulled": "2024-01-19T06:29:32.854116Z", "last_pushed": "2023-12-01T09:23:51.160467Z"}], "last_updated": "2023-12-01T09:23:53.724628Z", "last_updater": 1156886, "last_updater_username": "doijanky", "name": "2023.08-alpine", "repository": 172163, "full_size": 42817033, "v2": true, "tag_status": "active", "tag_last_pulled": "2024-01-20T06:43:48.549718Z", "tag_last_pushed": "2023-12-01T09:23:53.724628Z", "media_type": "application/vnd.docker.distribution.manifest.list.v2+json", "content_type": "image", "digest": "sha256:3925153f2352617d42845645dbcce8203b4652d8533293e67a5cc7b9ffdee9f3"}, {"creator": 1156886, "id": 474037427, "images": [{"architecture": "amd64", "features": "", "variant": null, "digest": "sha256:1f31f353ec713eedc2a956ee7d9bc10c97f23161707574a345171059ff7577d2", "os": "linux", "os_features": "", "os_version": null, "size": 176250620, "status": "active", "last_pulled": "2024-01-17T15:07:54.481947Z", "last_pushed": "2023-08-17T01:56:34.346042Z"}, {"architecture": "arm64", "features": "", "variant": "v8", "digest": "sha256:b70d3557c9d0bc638acce82d109cd3580c1a7a5c252690dbab4bd14d35defc0b", "os": "linux", "os_features": "", "os_version": null, "size": 175508700, "status": "active", "last_pulled": "2024-01-12T00:05:47.677234Z", "last_pushed": "2023-08-16T23:35:48.99546Z"}], "last_updated": "2023-08-17T01:56:36.654683Z", "last_updater": 1156886, "last_updater_username": "doijanky", "name": "2023.06", "repository": 172163, "full_size": 176250620, "v2": true, "tag_status": "active", "tag_last_pulled": "2024-01-17T15:07:54.481947Z", "tag_last_pushed": "2023-08-17T01:56:36.654683Z", "media_type": "application/vnd.docker.distribution.manifest.list.v2+json", "content_type": "image", "digest": "sha256:770c47e9fad02355f5fa7eada2b9a4656b0c0c5836afb362fc54cf9db79bf82a"}, {"creator": 1156886, "id": 474037455, "images": [{"architecture": "amd64", "features": "", "variant": null, "digest": "sha256:79a1e171ea8e14af4005784ed497d23ff8fd4f1f07624fee345a85d76190f593", "os": "linux", "os_features": "", "os_version": null, "size": 41867389, "status": "active", "last_pulled": "2024-01-17T15:07:56.736261Z", "last_pushed": "2023-08-09T03:57:25.397594Z"}, {"architecture": "arm64", "features": "", "variant": "v8", "digest": "sha256:25643548f574f3ca767211aafa043fc2438aabe845aff989b60abf35834354a5", "os": "linux", "os_features": "", "os_version": null, "size": 41648743, "status": "active", "last_pulled": "2024-01-12T00:05:45.139032Z", "last_pushed": "2023-08-09T04:23:11.621351Z"}], "last_updated": "2023-08-09T04:23:13.902564Z", "last_updater": 1156886, "last_updater_username": "doijanky", "name": "2023.06-alpine", "repository": 172163, "full_size": 41867389, "v2": true, "tag_status": "active", "tag_last_pulled": "2024-01-17T15:07:56.736261Z", "tag_last_pushed": "2023-08-09T04:23:13.902564Z", "media_type": "application/vnd.docker.distribution.manifest.list.v2+json", "content_type": "image", "digest": "sha256:881e9ba3375848c9abfee1ae2fe01d4b3b715832a25db9892f2be32f347266dd"}, {"creator": 1156886, "id": 431753511, "images": [{"architecture": "amd64", "features": "", "variant": null, "digest": "sha256:7faffac0753244218393499f473b4e714f1ddca24b684b0576c0bf46d5e08993", "os": "linux", "os_features": "", "os_version": null, "size": 164716433, "status": "active", "last_pulled": "2024-01-17T15:07:50.443172Z", "last_pushed": "2023-07-04T23:08:29.264801Z"}, {"architecture": "arm64", "features": "", "variant": "v8", "digest": "sha256:a8258834360053bedb0688c97faa2c77e7aaad106aa09f315fcb902eec8e9d9f", "os": "linux", "os_features": "", "os_version": null, "size": 163212296, "status": "active", "last_pulled": "2024-01-12T00:05:45.8274Z", "last_pushed": "2023-07-04T23:08:30.606403Z"}], "last_updated": "2023-07-04T23:08:32.800984Z", "last_updater": 1156886, "last_updater_username": "doijanky", "name": "2023.04", "repository": 172163, "full_size": 164716433, "v2": true, "tag_status": "active", "tag_last_pulled": "2024-01-17T15:07:50.443172Z", "tag_last_pushed": "2023-07-04T23:08:32.800984Z", "media_type": "application/vnd.docker.distribution.manifest.list.v2+json", "content_type": "image", "digest": "sha256:bc89d5d230c62bc7a7705624193f386a838a34f2c7f4ed827967c6fd2c97d7dc"}, {"creator": 1156886, "id": 431753538, "images": [{"architecture": "amd64", "features": "", "variant": null, "digest": "sha256:45fad4492c8eae2b18afa81832c675f0efd9241a8273e828817a64255da285b9", "os": "linux", "os_features": "", "os_version": null, "size": 42523553, "status": "active", "last_pulled": "2024-01-17T15:07:52.420422Z", "last_pushed": "2023-06-15T06:34:34.55309Z"}, {"architecture": "arm64", "features": "", "variant": "v8", "digest": "sha256:e11bf3af5ad4b029e0311eab71b5725fb98140900ff12ff94d7aee799b8879a4", "os": "linux", "os_features": "", "os_version": null, "size": 42253724, "status": "active", "last_pulled": "2024-01-12T00:05:46.760696Z", "last_pushed": "2023-06-15T05:26:17.699459Z"}], "last_updated": "2023-06-15T06:34:36.644654Z", "last_updater": 1156886, "last_updater_username": "doijanky", "name": "2023.04-alpine", "repository": 172163, "full_size": 42523553, "v2": true, "tag_status": "active", "tag_last_pulled": "2024-01-17T15:07:52.420422Z", "tag_last_pushed": "2023-06-15T06:34:36.644654Z", "media_type": "application/vnd.docker.distribution.manifest.list.v2+json", "content_type": "image", "digest": "sha256:beb7533150fa967b41c4a32831b377357b2aa935287042987ea1491621ecd2d1"}, {"creator": 1156886, "id": 397485740, "images": [{"architecture": "amd64", "features": "", "variant": null, "digest": "sha256:8b8172f5f4fb6e51bfa63a06cb97de849e1c458b7931e2306da90c41ad6e7115", "os": "linux", "os_features": "", "os_version": null, "size": 156626762, "status": "active", "last_pulled": "2024-01-17T15:07:46.179938Z", "last_pushed": "2023-04-12T23:02:47.952117Z"}, {"architecture": "arm64", "features": "", "variant": "v8", "digest": "sha256:05faf3cfe6e520b2237802de96c10ffb877471b56315d6ca27b236583beb7147", "os": "linux", "os_features": "", "os_version": null, "size": 155126959, "status": "active", "last_pulled": "2024-01-12T00:04:08.26429Z", "last_pushed": "2023-04-12T15:51:38.944163Z"}], "last_updated": "2023-04-12T23:02:50.030508Z", "last_updater": 1156886, "last_updater_username": "doijanky", "name": "2023.02", "repository": 172163, "full_size": 156626762, "v2": true, "tag_status": "active", "tag_last_pulled": "2024-01-17T15:07:46.179938Z", "tag_last_pushed": "2023-04-12T23:02:50.030508Z", "media_type": "application/vnd.docker.distribution.manifest.list.v2+json", "content_type": "image", "digest": "sha256:ae5992d861fbd8563fe495ae235d482dbea1df87e0fb7ac6f2b7ab40cf2b993f"}, {"creator": 1156886, "id": 397485812, "images": [{"architecture": "amd64", "features": "", "variant": null, "digest": "sha256:211a5364adddb3c40ffeee91c72e0737aeea0150b2bd85c79ead9e0b540df101", "os": "linux", "os_features": "", "os_version": null, "size": 34365975, "status": "active", "last_pulled": "2024-01-17T15:07:48.223083Z", "last_pushed": "2023-03-30T02:02:18.126993Z"}, {"architecture": "arm64", "features": "", "variant": "v8", "digest": "sha256:b6c723a17cb464e3d645e21a93f3379b1bc526844e1c173cbdbf52acd73c899c", "os": "linux", "os_features": "", "os_version": null, "size": 34083640, "status": "active", "last_pulled": "2024-01-12T00:05:46.42541Z", "last_pushed": "2023-04-08T00:10:01.143385Z"}], "last_updated": "2023-04-08T00:10:03.42119Z", "last_updater": 1156886, "last_updater_username": "doijanky", "name": "2023.02-alpine", "repository": 172163, "full_size": 34365975, "v2": true, "tag_status": "active", "tag_last_pulled": "2024-01-19T15:54:50.325414Z", "tag_last_pushed": "2023-04-08T00:10:03.42119Z", "media_type": "application/vnd.docker.distribution.manifest.list.v2+json", "content_type": "image", "digest": "sha256:27e38b11efa762c6bc756d072bca310bea9ec5962e353a64dd4f71b693a2ae8f"}, {"creator": 1156886, "id": 350826472, "images": [{"architecture": "amd64", "features": "", "variant": null, "digest": "sha256:48290de5fe947d50e7393445c9053f4df9b40fa4a759ff5fddea06ece48fda7a", "os": "linux", "os_features": "", "os_version": null, "size": 154903808, "status": "active", "last_pulled": "2024-01-17T15:07:41.360217Z", "last_pushed": "2023-03-01T22:59:59.211261Z"}, {"architecture": "arm64", "features": "", "variant": "v8", "digest": "sha256:97034f514876aaded71f23c41203075ff2ed3a76e478133679b6f9e17437d414", "os": "linux", "os_features": "", "os_version": null, "size": 153407086, "status": "active", "last_pulled": "2024-01-12T00:05:44.417283Z", "last_pushed": "2023-03-01T17:33:27.864836Z"}], "last_updated": "2023-03-01T23:00:03.130573Z", "last_updater": 1156886, "last_updater_username": "doijanky", "name": "2022.12", "repository": 172163, "full_size": 154903808, "v2": true, "tag_status": "active", "tag_last_pulled": "2024-01-17T15:07:41.360217Z", "tag_last_pushed": "2023-03-01T23:00:03.130573Z", "media_type": "application/vnd.docker.distribution.manifest.list.v2+json", "content_type": "image", "digest": "sha256:87f3ccb424c27bb6ab2d18f65a5894fc1d510664da3dfa52c839461812022a9f"}, {"creator": 1156886, "id": 350826700, "images": [{"architecture": "amd64", "features": "", "variant": null, "digest": "sha256:4dd5e2b9928f3dcbd5a92a1ca2d7cdbf98c01cf194b15943251c48a35ac07bd6", "os": "linux", "os_features": "", "os_version": null, "size": 32650074, "status": "active", "last_pulled": "2024-01-17T15:07:43.413646Z", "last_pushed": "2023-02-11T13:42:30.035186Z"}, {"architecture": "arm64", "features": "", "variant": "v8", "digest": "sha256:2e0cff46e65850e31c68425a767f15621fef1e908cf3452760afbd54d5e74f07", "os": "linux", "os_features": "", "os_version": null, "size": 32359184, "status": "active", "last_pulled": "2024-01-12T00:05:43.706401Z", "last_pushed": "2023-02-11T05:33:15.977535Z"}], "last_updated": "2023-02-11T13:42:32.2814Z", "last_updater": 1156886, "last_updater_username": "doijanky", "name": "2022.12-alpine", "repository": 172163, "full_size": 32650074, "v2": true, "tag_status": "active", "tag_last_pulled": "2024-01-17T15:07:43.413646Z", "tag_last_pushed": "2023-02-11T13:42:32.2814Z", "media_type": "application/vnd.docker.distribution.manifest.list.v2+json", "content_type": "image", "digest": "sha256:b4706ee5cb40bf52038eda1afc25768afcd736d68613bebeac923eac39fa713e"}, {"creator": 1156886, "id": 274503271, "images": [{"architecture": "amd64", "features": "", "variant": null, "digest": "sha256:9a5f080b72d7d8e7d0f26e04eb7c4006f54d81b7af58b08bfdaaa1f7aea3b872", "os": "linux", "os_features": "", "os_version": null, "size": 161626084, "status": "active", "last_pulled": "2024-01-17T15:07:37.451491Z", "last_pushed": "2022-12-06T20:33:20.32645Z"}, {"architecture": "arm64", "features": "", "variant": "v8", "digest": "sha256:7adc85fbfead78e34be816253f4282ba4d9d7ebc60e846893abb7f06347f9ac1", "os": "linux", "os_features": "", "os_version": null, "size": 160130519, "status": "active", "last_pulled": "2024-01-12T00:05:48.978839Z", "last_pushed": "2022-12-06T17:04:47.472817Z"}], "last_updated": "2022-12-06T20:33:22.931677Z", "last_updater": 1156886, "last_updater_username": "doijanky", "name": "2022.07", "repository": 172163, "full_size": 161626084, "v2": true, "tag_status": "active", "tag_last_pulled": "2024-01-17T15:07:37.451491Z", "tag_last_pushed": "2022-12-06T20:33:22.931677Z", "media_type": "application/vnd.docker.distribution.manifest.list.v2+json", "content_type": "image", "digest": "sha256:94adcfa9d665efb2c0236781ebba336f0ec57463813f3abfbc286bd81aaf7a76"}, {"creator": 1156886, "id": 274503346, "images": [{"architecture": "amd64", "features": "", "variant": null, "digest": "sha256:1dd051b6a9c498cad600e33d285a79cb265526fb736ac4ff781f18174d21d7ff", "os": "linux", "os_features": "", "os_version": null, "size": 38442405, "status": "active", "last_pulled": "2024-01-17T15:07:39.387124Z", "last_pushed": "2022-11-12T08:22:44.593962Z"}, {"architecture": "arm64", "features": "", "variant": "v8", "digest": "sha256:ef22e773d514a1ded52432d95580f1475146641e9a33bd8c4c1767fcaf27c1e0", "os": "linux", "os_features": "", "os_version": null, "size": 35787379, "status": "active", "last_pulled": "2024-01-12T00:04:08.269267Z", "last_pushed": "2022-11-12T06:17:58.794853Z"}], "last_updated": "2022-11-12T08:22:46.733397Z", "last_updater": 1156886, "last_updater_username": "doijanky", "name": "2022.07-alpine", "repository": 172163, "full_size": 38442405, "v2": true, "tag_status": "active", "tag_last_pulled": "2024-01-17T15:07:39.387124Z", "tag_last_pushed": "2022-11-12T08:22:46.733397Z", "media_type": "application/vnd.docker.distribution.manifest.list.v2+json", "content_type": "image", "digest": "sha256:ac19e8d79eed9977f9eea732e9c84914f5ab4ae2c74ea642b98d99402264947c"}, {"creator": 1156886, "id": 152545756, "images": [{"architecture": "amd64", "features": "", "variant": null, "digest": "sha256:3ac64b849af4c55d8a819c2ec550927757aa1da3755a49d68cb6288210f7367a", "os": "linux", "os_features": "", "os_version": null, "size": 44268804, "status": "active", "last_pulled": "2024-01-19T04:20:23.029561Z", "last_pushed": "2022-08-10T02:06:18.554801Z"}, {"architecture": "arm64", "features": "", "variant": "v8", "digest": "sha256:edc8b5efdab283fe21e08b67956e4d53de563ed80b782dfbc9b56bb71b2e4627", "os": "linux", "os_features": "", "os_version": null, "size": 43948780, "status": "active", "last_pulled": "2024-01-12T00:04:07.941681Z", "last_pushed": "2022-08-10T05:36:55.674399Z"}], "last_updated": "2022-08-10T05:36:57.694134Z", "last_updater": 1156886, "last_updater_username": "doijanky", "name": "2021.04-alpine", "repository": 172163, "full_size": 44268804, "v2": true, "tag_status": "active", "tag_last_pulled": "2024-01-20T05:06:41.589017Z", "tag_last_pushed": "2022-08-10T05:36:57.694134Z", "media_type": "application/vnd.docker.distribution.manifest.list.v2+json", "content_type": "image", "digest": "sha256:f7733cdb1dc80e48835ca17ed1e92efbcd8c9d6ecd100465d4d8b4fa68e0ff65"}, {"creator": 1156886, "id": 152545754, "images": [{"architecture": "amd64", "features": "", "variant": null, "digest": "sha256:36f8f465398de2f669dfa28222eea41d886a07ac3806c0a5e2fd6bc0fbf17e92", "os": "linux", "os_features": "", "os_version": null, "size": 161907567, "status": "active", "last_pulled": "2024-01-17T15:07:15.99641Z", "last_pushed": "2022-08-03T02:34:26.031996Z"}, {"architecture": "arm64", "features": "", "variant": "v8", "digest": "sha256:94e2dd8132cf0ca7a088357300ae5db7522121c00ab78a257c41f8c77b226bd3", "os": "linux", "os_features": "", "os_version": null, "size": 160211161, "status": "active", "last_pulled": "2024-01-12T00:05:47.271963Z", "last_pushed": "2022-08-02T23:26:24.981392Z"}], "last_updated": "2022-08-03T02:34:28.144607Z", "last_updater": 1156886, "last_updater_username": "doijanky", "name": "2021.04", "repository": 172163, "full_size": 161907567, "v2": true, "tag_status": "active", "tag_last_pulled": "2024-01-17T15:07:15.99641Z", "tag_last_pushed": "2022-08-03T02:34:28.144607Z", "media_type": "application/vnd.docker.distribution.manifest.list.v2+json", "content_type": "image", "digest": "sha256:97daecbf6008c1545f489c1d52ab43cd9c9baf54d77eb62a3604971afa2fb5b6"}, {"creator": 1156886, "id": 124949588, "images": [{"architecture": "arm64", "features": "", "variant": "v8", "digest": "sha256:eb12738c4df5818a02f5482c8c3864e672a79a9eb630318afd1077e286aa6995", "os": "linux", "os_features": "", "os_version": null, "size": 42208945, "status": "active", "last_pulled": "2024-01-12T00:05:47.60558Z", "last_pushed": "2021-05-28T11:41:35.791724Z"}, {"architecture": "amd64", "features": "", "variant": null, "digest": "sha256:eb1fcba1345a443fc974f2222a4e10bee905f217690b5962a33566d5ce5d7db0", "os": "linux", "os_features": "", "os_version": null, "size": 42507805, "status": "active", "last_pulled": "2024-01-17T15:07:13.927316Z", "last_pushed": "2021-04-15T00:14:05.003696Z"}], "last_updated": "2021-05-28T11:41:37.18917Z", "last_updater": 1156886, "last_updater_username": "doijanky", "name": "2020.10-alpine", "repository": 172163, "full_size": 42507805, "v2": true, "tag_status": "active", "tag_last_pulled": "2024-01-17T15:07:13.927316Z", "tag_last_pushed": "2021-05-28T11:41:37.18917Z", "media_type": "application/vnd.docker.distribution.manifest.list.v2+json", "content_type": "image"}, {"creator": 1156886, "id": 124949553, "images": [{"architecture": "amd64", "features": "", "variant": null, "digest": "sha256:ae470f91f08e9f7ad5ed782161fc6829eb7daaff70f31d6d7cf7e90ef6b48bd4", "os": "linux", "os_features": "", "os_version": null, "size": 160139556, "status": "active", "last_pulled": "2024-01-17T15:07:11.557646Z", "last_pushed": "2021-05-13T02:08:35.209432Z"}, {"architecture": "arm64", "features": "", "variant": "v8", "digest": "sha256:ec68eb21308f01e43b0de21bf3be9ecd8c2f49741be6f48829b490c54894b46a", "os": "linux", "os_features": "", "os_version": null, "size": 158654721, "status": "active", "last_pulled": "2024-01-12T00:05:43.693316Z", "last_pushed": "2021-05-28T11:41:27.558685Z"}], "last_updated": "2021-05-28T11:41:29.412872Z", "last_updater": 1156886, "last_updater_username": "doijanky", "name": "2020.10", "repository": 172163, "full_size": 160139556, "v2": true, "tag_status": "active", "tag_last_pulled": "2024-01-17T15:07:11.557646Z", "tag_last_pushed": "2021-05-28T11:41:29.412872Z", "media_type": "application/vnd.docker.distribution.manifest.list.v2+json", "content_type": "image"}, {"creator": 1156886, "id": 97858908, "images": [{"architecture": "arm64", "features": "", "variant": "v8", "digest": "sha256:e2853030a9625a26fe1342e5148659daacda3d31d88e9b82169a1819ee7259d0", "os": "linux", "os_features": "", "os_version": null, "size": 148413360, "status": "active", "last_pulled": "2024-01-12T00:05:48.510945Z", "last_pushed": "2020-11-06T05:32:19.286961Z"}, {"architecture": "amd64", "features": "", "variant": null, "digest": "sha256:04a9c320c3d4535c2099d801f4d23a8d115b839cbd168b7fcedef9b75104901f", "os": "linux", "os_features": "", "os_version": null, "size": 150007295, "status": "active", "last_pulled": "2024-01-17T15:07:07.01849Z", "last_pushed": "2020-10-14T04:56:08.532822Z"}], "last_updated": "2020-11-06T05:32:20.097063Z", "last_updater": 1156886, "last_updater_username": "doijanky", "name": "2020.01", "repository": 172163, "full_size": 150007295, "v2": true, "tag_status": "active", "tag_last_pulled": "2024-01-17T15:07:07.01849Z", "tag_last_pushed": "2020-11-06T05:32:20.097063Z", "media_type": "application/vnd.docker.distribution.manifest.list.v2+json", "content_type": "image"}, {"creator": 1156886, "id": 97858928, "images": [{"architecture": "amd64", "features": "", "variant": null, "digest": "sha256:7582bde23313a17fe3f6c1959b46bbc3622432a8780530c2c4a2d7f5816e70df", "os": "linux", "os_features": "", "os_version": null, "size": 32447489, "status": "active", "last_pulled": "2024-01-17T15:07:09.454987Z", "last_pushed": null}, {"architecture": "arm64", "features": "", "variant": "v8", "digest": "sha256:221ea7fd1fb65e9517d5e51d6831ab9a509b7ec45d855f87f6b9067fb83748ca", "os": "linux", "os_features": "", "os_version": null, "size": 31939635, "status": "active", "last_pulled": "2024-01-12T00:05:47.839382Z", "last_pushed": null}], "last_updated": "2020-04-29T07:33:17.51393Z", "last_updater": 1156886, "last_updater_username": "doijanky", "name": "2020.01-alpine", "repository": 172163, "full_size": 32447489, "v2": true, "tag_status": "active", "tag_last_pulled": "2024-01-17T15:07:09.454987Z", "tag_last_pushed": "2020-04-29T07:33:17.51393Z", "media_type": "application/vnd.docker.distribution.manifest.list.v2+json", "content_type": "image"}, {"creator": 1156886, "id": 74125891, "images": [{"architecture": "amd64", "features": "", "variant": null, "digest": "sha256:b15e93d85b042ff1edbeb2991957eb1511db3dbb5a81a518b8c2fcaa0f8aa483", "os": "linux", "os_features": "", "os_version": null, "size": 30054034, "status": "active", "last_pulled": "2024-01-17T15:07:04.995368Z", "last_pushed": null}, {"architecture": "arm64", "features": "", "variant": "v8", "digest": "sha256:34841b8c9668d35628597a4da051522dbda2ed4831efe64205280c15a1c71633", "os": "linux", "os_features": "", "os_version": null, "size": 29776589, "status": "active", "last_pulled": "2024-01-12T00:05:45.232181Z", "last_pushed": null}], "last_updated": "2020-04-24T19:33:16.293965Z", "last_updater": 1156886, "last_updater_username": "doijanky", "name": "2019.03-alpine", "repository": 172163, "full_size": 30054034, "v2": true, "tag_status": "active", "tag_last_pulled": "2024-01-17T15:07:04.995368Z", "tag_last_pushed": "2020-04-24T19:33:16.293965Z", "media_type": "application/vnd.docker.distribution.manifest.list.v2+json", "content_type": "image"}, {"creator": 1156886, "id": 52654771, "images": [{"architecture": "amd64", "features": "", "variant": null, "digest": "sha256:4815359b38f5d05c0dbf0f492d10f70f4561b44a2c26ab528fea5107ab86eeb2", "os": "linux", "os_features": "", "os_version": null, "size": 138208348, "status": "active", "last_pulled": "2024-01-17T15:07:02.735982Z", "last_pushed": null}, {"architecture": "arm64", "features": "", "variant": "v8", "digest": "sha256:c0fdcfe0adb5263209d22d5501bc24e2e596172daab7655f4f5522ce54d426bb", "os": "linux", "os_features": "", "os_version": null, "size": 132358660, "status": "active", "last_pulled": "2024-01-12T00:05:43.801765Z", "last_pushed": null}], "last_updated": "2020-04-23T22:33:17.705937Z", "last_updater": 1156886, "last_updater_username": "doijanky", "name": "2019.03", "repository": 172163, "full_size": 138208348, "v2": true, "tag_status": "active", "tag_last_pulled": "2024-01-17T15:07:02.735982Z", "tag_last_pushed": "2020-04-23T22:33:17.705937Z", "media_type": "application/vnd.docker.distribution.manifest.list.v2+json", "content_type": "image"}, {"creator": 1156886, "id": 39801629, "images": [{"architecture": "amd64", "features": "", "variant": null, "digest": "sha256:26d6c2c098cb8ee94f9e2a202ac8e22ae4085f8e7a1c3e07227f69ac68c5660c", "os": "linux", "os_features": "", "os_version": null, "size": 132653504, "status": "inactive", "last_pulled": null, "last_pushed": null}, {"architecture": "arm64", "features": "", "variant": "v8", "digest": "sha256:94fcd220c0dac6af0df7707933dca0a302239363ff690728cbbd5b6979095a63", "os": "linux", "os_features": "", "os_version": null, "size": 126798320, "status": "inactive", "last_pulled": null, "last_pushed": null}], "last_updated": "2019-03-27T23:46:16.589275Z", "last_updater": 1156886, "last_updater_username": "doijanky", "name": "2018.10", "repository": 172163, "full_size": 132653504, "v2": true, "tag_status": "inactive", "tag_last_pulled": null, "tag_last_pushed": "2019-03-27T23:46:16.589275Z", "media_type": "application/vnd.docker.distribution.manifest.list.v2+json", "content_type": "image"}, {"creator": 1156886, "id": 32668213, "images": [{"architecture": "amd64", "features": "", "variant": null, "digest": "sha256:c2ca18a2c80b926a646b5a350534c7ddbdfb8df16bf5ac7d221c2b402827d9da", "os": "linux", "os_features": "", "os_version": null, "size": 132598485, "status": "inactive", "last_pulled": null, "last_pushed": null}, {"architecture": "arm64", "features": "", "variant": "v8", "digest": "sha256:b93ad5d1ba77515f41b6e2ca96f0656e9c93e010d3ea213c89bda98bd5f82713", "os": "linux", "os_features": "", "os_version": null, "size": 126802725, "status": "inactive", "last_pulled": null, "last_pushed": null}], "last_updated": "2018-10-17T02:43:50.668861Z", "last_updater": 1156886, "last_updater_username": "doijanky", "name": "2018.06", "repository": 172163, "full_size": 132598485, "v2": true, "tag_status": "inactive", "tag_last_pulled": null, "tag_last_pushed": "2018-10-17T02:43:50.668861Z", "media_type": "application/vnd.docker.distribution.manifest.list.v2+json", "content_type": "image"}, {"creator": 1156886, "id": 27321965, "images": [{"architecture": "amd64", "features": "", "variant": null, "digest": "sha256:1679a32d7ca01a5871eac2ca61c03a6f38d31fbb1c30d9ce883aa163ac350536", "os": "linux", "os_features": "", "os_version": null, "size": 130368064, "status": "inactive", "last_pulled": null, "last_pushed": null}, {"architecture": "arm64", "features": "", "variant": "v8", "digest": "sha256:04b34fca50a7d226f3bd6a0c5de795c87f571a600975766e8b64e9ef2bea1bea", "os": "linux", "os_features": "", "os_version": null, "size": 124584991, "status": "inactive", "last_pulled": null, "last_pushed": null}], "last_updated": "2018-08-03T12:45:55.288097Z", "last_updater": 1156886, "last_updater_username": "doijanky", "name": "2018.04", "repository": 172163, "full_size": 130368064, "v2": true, "tag_status": "inactive", "tag_last_pulled": null, "tag_last_pushed": "2018-08-03T12:45:55.288097Z", "media_type": "application/vnd.docker.distribution.manifest.list.v2+json", "content_type": "image"}, {"creator": 1156886, "id": 21498184, "images": [{"architecture": "amd64", "features": "", "variant": null, "digest": "sha256:2f8314f962171c7b2d2a8279fa3cc900e4442dc63450e2ec2e6340ce919030ec", "os": "linux", "os_features": "", "os_version": null, "size": 131432161, "status": "inactive", "last_pulled": null, "last_pushed": null}], "last_updated": "2018-05-05T06:43:05.921232Z", "last_updater": 1156886, "last_updater_username": "doijanky", "name": "2018.01", "repository": 172163, "full_size": 131432161, "v2": true, "tag_status": "inactive", "tag_last_pulled": null, "tag_last_pushed": "2018-05-05T06:43:05.921232Z", "media_type": "application/vnd.docker.distribution.manifest.list.v2+json", "content_type": "image"}, {"creator": 1156886, "id": 17916839, "images": [{"architecture": "amd64", "features": "", "variant": null, "digest": "sha256:623964500c9b78d5161aeb359b55199d818271a53939ef4eba7b341aa6871acc", "os": "linux", "os_features": "", "os_version": null, "size": 130679804, "status": "inactive", "last_pulled": null, "last_pushed": null}], "last_updated": "2018-01-06T06:57:45.908601Z", "last_updater": 1156886, "last_updater_username": "doijanky", "name": "2017.10", "repository": 172163, "full_size": 130679804, "v2": true, "tag_status": "inactive", "tag_last_pulled": null, "tag_last_pushed": "2018-01-06T06:57:45.908601Z", "media_type": "application/vnd.docker.distribution.manifest.list.v2+json", "content_type": "image"}, {"creator": 2215, "id": 13286486, "images": [{"architecture": "amd64", "features": "", "variant": null, "digest": "sha256:130a607aa0a052e63acebc96261075b0caa088b869918da89deab6966f21e10c", "os": "linux", "os_features": "", "os_version": null, "size": 134876349, "status": "inactive", "last_pulled": null, "last_pushed": null}], "last_updated": "2017-11-04T17:44:24.468297Z", "last_updater": 1156886, "last_updater_username": "doijanky", "name": "2017.07", "repository": 172163, "full_size": 134876349, "v2": true, "tag_status": "inactive", "tag_last_pulled": null, "tag_last_pushed": "2017-11-04T17:44:24.468297Z", "media_type": "application/vnd.docker.distribution.manifest.list.v2+json", "content_type": "image"}, {"creator": 2215, "id": 10600406, "images": [{"architecture": "amd64", "features": "", "variant": null, "digest": "sha256:32dfa10ad0234c80bb9ef93335022f9ab7775178d12417b26ba64a1339e0828a", "os": "linux", "os_features": "", "os_version": null, "size": 128438657, "status": "inactive", "last_pulled": null, "last_pushed": null}], "last_updated": "2017-06-24T21:21:23.164194Z", "last_updater": 2215, "last_updater_username": "stackbrew", "name": "2017.04", "repository": 172163, "full_size": 128438657, "v2": true, "tag_status": "inactive", "tag_last_pulled": null, "tag_last_pushed": "2017-06-24T21:21:23.164194Z", "media_type": "application/vnd.docker.container.image.v1+json", "content_type": "image"}, {"creator": 2215, "id": 7954500, "images": [{"architecture": "amd64", "features": "", "variant": null, "digest": "sha256:8b00c91fa5c0fb552c2005bdab4d3cf878eb422ea4f60d9c8772eee817472612", "os": "linux", "os_features": "", "os_version": null, "size": 126940127, "status": "inactive", "last_pulled": null, "last_pushed": null}], "last_updated": "2017-04-25T21:15:43.425792Z", "last_updater": 2215, "last_updater_username": "stackbrew", "name": "2017.01", "repository": 172163, "full_size": 126940127, "v2": true, "tag_status": "inactive", "tag_last_pulled": null, "tag_last_pushed": "2017-04-25T21:15:43.425792Z", "media_type": "application/vnd.docker.container.image.v1+json", "content_type": "image"}, {"creator": 621950, "id": 6462332, "images": [{"architecture": "amd64", "features": "", "variant": null, "digest": "sha256:04108c39e52dcea401ee72a79941e018bbd46166d423b4a747bd56d9311ca355", "os": "linux", "os_features": "", "os_version": null, "size": 123171725, "status": "inactive", "last_pulled": null, "last_pushed": null}], "last_updated": "2017-01-18T07:13:08.755288Z", "last_updater": 2215, "last_updater_username": "stackbrew", "name": "2016.11", "repository": 172163, "full_size": 123171725, "v2": true, "tag_status": "inactive", "tag_last_pulled": null, "tag_last_pushed": "2017-01-18T07:13:08.755288Z", "media_type": "application/vnd.docker.container.image.v1+json", "content_type": "image"}, {"creator": 621950, "id": 5915733, "images": [{"architecture": "amd64", "features": "", "variant": null, "digest": "sha256:4aafe518630a5c3aece0a83a76e492ffeac303f23954afce8bcbedacf17a6e72", "os": "linux", "os_features": "", "os_version": null, "size": 123011341, "status": "inactive", "last_pulled": null, "last_pushed": null}], "last_updated": "2016-11-09T01:00:44.670606Z", "last_updater": 621950, "last_updater_username": "signer", "name": "2016.10", "repository": 172163, "full_size": 123011341, "v2": true, "tag_status": "inactive", "tag_last_pulled": null, "tag_last_pushed": "2016-11-09T01:00:44.670606Z", "media_type": "application/vnd.docker.container.image.v1+json", "content_type": "image"}, {"creator": 621950, "id": 4049108, "images": [{"architecture": "amd64", "features": "", "variant": null, "digest": "sha256:a6e6ddffae9a6652cf5c28f2d1b10e243bfe6330e7ccaa3b76c2cf8aae28b6c0", "os": "linux", "os_features": "", "os_version": null, "size": 122938694, "status": "inactive", "last_pulled": null, "last_pushed": null}], "last_updated": "2016-11-01T07:41:20.145593Z", "last_updater": 621950, "last_updater_username": "signer", "name": "2016.07", "repository": 172163, "full_size": 122938694, "v2": true, "tag_status": "inactive", "tag_last_pulled": null, "tag_last_pushed": "2016-11-01T07:41:20.145593Z", "media_type": "application/vnd.docker.container.image.v1+json", "content_type": "image"}, {"creator": 2215, "id": 2797988, "images": [{"architecture": "amd64", "features": "", "variant": null, "os": "", "os_features": "", "os_version": null, "size": 125596483, "status": "inactive", "last_pulled": null, "last_pushed": null}], "last_updated": "2016-06-01T00:05:10.909448Z", "last_updater": 621950, "last_updater_username": "signer", "name": "2016.04", "repository": 172163, "full_size": 125596483, "v2": true, "tag_status": "inactive", "tag_last_pulled": null, "tag_last_pushed": "2016-06-01T00:05:10.909448Z", "media_type": "application/vnd.docker.distribution.manifest.v1+prettyjws", "content_type": "image"}, {"creator": 2215, "id": 1918300, "images": [{"architecture": "amd64", "features": "", "variant": null, "digest": "sha256:4a99ddd5c522d80e986ab0ccf69e530e4c7dcccd1ed61ca78c915ea9a05ea6ac", "os": "", "os_features": "", "os_version": null, "size": 123478097, "status": "active", "last_pulled": "2024-01-19T01:05:00.89055Z", "last_pushed": null}], "last_updated": "2016-04-04T20:27:31.614642Z", "last_updater": 213249, "last_updater_username": "toli", "name": "2016.01", "repository": 172163, "full_size": 123477969, "v2": true, "tag_status": "active", "tag_last_pulled": "2024-01-19T01:05:00.89055Z", "tag_last_pushed": "2016-04-04T20:27:31.614642Z", "media_type": "application/vnd.docker.distribution.manifest.v1+prettyjws", "content_type": "image"}, {"creator": 2215, "id": 1448717, "images": [{"architecture": "amd64", "features": "", "variant": null, "digest": "sha256:8a74b6bc68e0a2fd006965fd54ca63ae73ff18a949fa79a4f11a395ca4e6e2ff", "os": "", "os_features": "", "os_version": null, "size": 119260564, "status": "active", "last_pulled": "2024-01-17T15:06:33.89897Z", "last_pushed": null}], "last_updated": "2016-02-02T23:57:56.080806Z", "last_updater": 213249, "last_updater_username": "toli", "name": "2015.11", "repository": 172163, "full_size": 119260468, "v2": true, "tag_status": "active", "tag_last_pulled": "2024-01-17T15:06:33.89897Z", "tag_last_pushed": "2016-02-02T23:57:56.080806Z", "media_type": "application/vnd.docker.distribution.manifest.v1+prettyjws", "content_type": "image", "digest": "sha256:8a74b6bc68e0a2fd006965fd54ca63ae73ff18a949fa79a4f11a395ca4e6e2ff"}, {"creator": 2215, "id": 1018398, "images": [{"architecture": "amd64", "features": "", "variant": null, "digest": "sha256:a85d329b90f5e01927262b351045ee56a78cb14261e1dac2ff28f632f2e23acd", "os": "", "os_features": "", "os_version": null, "size": 119015364, "status": "active", "last_pulled": "2024-01-17T15:06:32.520472Z", "last_pushed": null}], "last_updated": "2015-11-21T23:54:30.192172Z", "last_updater": 2215, "last_updater_username": "stackbrew", "name": "2015.09", "repository": 172163, "full_size": 119015268, "v2": true, "tag_status": "active", "tag_last_pulled": "2024-01-17T15:06:32.520472Z", "tag_last_pushed": "2015-11-21T23:54:30.192172Z", "media_type": "application/vnd.docker.distribution.manifest.v1+prettyjws", "content_type": "image", "digest": "sha256:a85d329b90f5e01927262b351045ee56a78cb14261e1dac2ff28f632f2e23acd"}, {"creator": 2215, "id": 641851, "images": [{"architecture": "amd64", "features": "", "variant": null, "digest": "sha256:57b43c24cf9ec5c818c563d293f097b9485d3421b72e426432a208e7a576369a", "os": "", "os_features": "", "os_version": null, "size": 118800944, "status": "active", "last_pulled": "2024-01-19T19:18:12.753398Z", "last_pushed": null}], "last_updated": "2015-09-29T00:38:35Z", "last_updater": 213249, "last_updater_username": "toli", "name": "2015.07", "repository": 172163, "full_size": 118800848, "v2": true, "tag_status": "active", "tag_last_pulled": "2024-01-19T19:18:12.753398Z", "tag_last_pushed": "2015-09-29T00:38:35Z", "media_type": "application/vnd.docker.distribution.manifest.v1+prettyjws", "content_type": "image", "digest": "sha256:57b43c24cf9ec5c818c563d293f097b9485d3421b72e426432a208e7a576369a"}, {"creator": 2215, "id": 507137, "images": [{"architecture": "amd64", "features": "", "variant": null, "digest": "sha256:cbd14ceb3034a0460b5b5a4cb39cad9af6ce43033cd7ed99f44cecc5ea149c33", "os": "", "os_features": "", "os_version": null, "size": 118429312, "status": "active", "last_pulled": "2024-01-19T19:18:12.936645Z", "last_pushed": null}], "last_updated": "2015-07-14T20:19:34Z", "last_updater": 2215, "last_updater_username": "stackbrew", "name": "2015.06", "repository": 172163, "full_size": 118429184, "v2": true, "tag_status": "active", "tag_last_pulled": "2024-01-19T19:18:12.936645Z", "tag_last_pushed": "2015-07-14T20:19:34Z", "media_type": "application/vnd.docker.distribution.manifest.v1+prettyjws", "content_type": "image", "digest": "sha256:cbd14ceb3034a0460b5b5a4cb39cad9af6ce43033cd7ed99f44cecc5ea149c33"}, {"creator": 7, "id": 163951, "images": [{"architecture": "amd64", "features": "", "variant": null, "digest": "sha256:c7b4c1b960b9a9aded6fc77f880df257674b79dafdc599167b315e7cc044a708", "os": "", "os_features": "", "os_version": null, "size": 118092985, "status": "active", "last_pulled": "2024-01-19T19:18:13.118077Z", "last_pushed": null}], "last_updated": "2015-06-17T18:46:24Z", "last_updater": 7, "last_updater_username": "library", "name": "2015.03", "repository": 172163, "full_size": 319910870, "v2": true, "tag_status": "active", "tag_last_pulled": "2024-01-19T19:18:13.118077Z", "tag_last_pushed": "2015-06-17T18:46:24Z", "media_type": "application/vnd.docker.distribution.manifest.v1+prettyjws", "content_type": "image", "digest": "sha256:c7b4c1b960b9a9aded6fc77f880df257674b79dafdc599167b315e7cc044a708"}]