[{"creator": 2215, "id": 9490181, "images": [{"architecture": "amd64", "features": "", "variant": null, "digest": "sha256:c9c92d37b47305652dc9860c693c5b70f58dfc2ef281e852b54bd93515039261", "os": "linux", "os_features": "", "os_version": null, "size": 306797039, "status": "active", "last_pulled": "2024-01-20T06:01:05.805007Z", "last_pushed": "2024-01-12T20:52:42.691728Z"}, {"architecture": "arm", "features": "", "variant": "v7", "digest": "sha256:37c59b2cffb0294a744b8b834bfb1aed761ede3af30150537e04547cead4de9a", "os": "linux", "os_features": "", "os_version": null, "size": 298682058, "status": "active", "last_pulled": "2024-01-19T18:10:53.743605Z", "last_pushed": "2024-01-12T21:43:46.986329Z"}, {"architecture": "arm64", "features": "", "variant": "v8", "digest": "sha256:4fac7a3f58f6936ec5f529deca694fcb12d94c3a24681a219b990bcf3846cadc", "os": "linux", "os_features": "", "os_version": null, "size": 304785044, "status": "active", "last_pulled": "2024-01-20T01:35:03.577938Z", "last_pushed": "2024-01-12T20:52:43.802657Z"}], "last_updated": "2024-01-12T21:43:56.802662Z", "last_updater": 1156886, "last_updater_username": "doijanky", "name": "latest", "repository": 1367813, "full_size": 306797039, "v2": true, "tag_status": "active", "tag_last_pulled": "2024-01-20T07:28:39.558153Z", "tag_last_pushed": "2024-01-12T21:43:56.802662Z", "media_type": "application/vnd.docker.distribution.manifest.list.v2+json", "content_type": "image", "digest": "sha256:0b3d6becf7821cd68370c415e5aa2e1b253ad231e2299f4d51e58ef41d73fb54"}, {"creator": 1156886, "id": 584172130, "images": [{"architecture": "amd64", "features": "", "variant": null, "digest": "sha256:c9c92d37b47305652dc9860c693c5b70f58dfc2ef281e852b54bd93515039261", "os": "linux", "os_features": "", "os_version": null, "size": 306797039, "status": "active", "last_pulled": "2024-01-20T06:01:05.805007Z", "last_pushed": "2024-01-12T20:52:42.691728Z"}, {"architecture": "arm", "features": "", "variant": "v7", "digest": "sha256:37c59b2cffb0294a744b8b834bfb1aed761ede3af30150537e04547cead4de9a", "os": "linux", "os_features": "", "os_version": null, "size": 298682058, "status": "active", "last_pulled": "2024-01-19T18:10:53.743605Z", "last_pushed": "2024-01-12T21:43:46.986329Z"}, {"architecture": "arm64", "features": "", "variant": "v8", "digest": "sha256:4fac7a3f58f6936ec5f529deca694fcb12d94c3a24681a219b990bcf3846cadc", "os": "linux", "os_features": "", "os_version": null, "size": 304785044, "status": "active", "last_pulled": "2024-01-20T01:35:03.577938Z", "last_pushed": "2024-01-12T20:52:43.802657Z"}], "last_updated": "2024-01-12T21:43:52.823299Z", "last_updater": 1156886, "last_updater_username": "doijanky", "name": "8.2.5", "repository": 1367813, "full_size": 306797039, "v2": true, "tag_status": "active", "tag_last_pulled": "2024-01-20T07:28:39.558153Z", "tag_last_pushed": "2024-01-12T21:43:52.823299Z", "media_type": "application/vnd.docker.distribution.manifest.list.v2+json", "content_type": "image", "digest": "sha256:0b3d6becf7821cd68370c415e5aa2e1b253ad231e2299f4d51e58ef41d73fb54"}, {"creator": 1156886, "id": 427459139, "images": [{"architecture": "amd64", "features": "", "variant": null, "digest": "sha256:c9c92d37b47305652dc9860c693c5b70f58dfc2ef281e852b54bd93515039261", "os": "linux", "os_features": "", "os_version": null, "size": 306797039, "status": "active", "last_pulled": "2024-01-20T06:01:05.805007Z", "last_pushed": "2024-01-12T20:52:42.691728Z"}, {"architecture": "arm", "features": "", "variant": "v7", "digest": "sha256:37c59b2cffb0294a744b8b834bfb1aed761ede3af30150537e04547cead4de9a", "os": "linux", "os_features": "", "os_version": null, "size": 298682058, "status": "active", "last_pulled": "2024-01-19T18:10:53.743605Z", "last_pushed": "2024-01-12T21:43:46.986329Z"}, {"architecture": "arm64", "features": "", "variant": "v8", "digest": "sha256:4fac7a3f58f6936ec5f529deca694fcb12d94c3a24681a219b990bcf3846cadc", "os": "linux", "os_features": "", "os_version": null, "size": 304785044, "status": "active", "last_pulled": "2024-01-20T01:35:03.577938Z", "last_pushed": "2024-01-12T20:52:43.802657Z"}], "last_updated": "2024-01-12T21:43:49.121149Z", "last_updater": 1156886, "last_updater_username": "doijanky", "name": "8.2", "repository": 1367813, "full_size": 306797039, "v2": true, "tag_status": "active", "tag_last_pulled": "2024-01-20T07:28:39.558153Z", "tag_last_pushed": "2024-01-12T21:43:49.121149Z", "media_type": "application/vnd.docker.distribution.manifest.list.v2+json", "content_type": "image", "digest": "sha256:0b3d6becf7821cd68370c415e5aa2e1b253ad231e2299f4d51e58ef41d73fb54"}, {"creator": 1156886, "id": 564735895, "images": [{"architecture": "amd64", "features": "", "variant": null, "digest": "sha256:665a565b752f325dffbfc578f857383c6a84b120963ff173dfa886d4ad215df3", "os": "linux", "os_features": "", "os_version": null, "size": 306796225, "status": "active", "last_pulled": "2024-01-20T05:16:04.630024Z", "last_pushed": "2024-01-09T23:43:21.959337Z"}, {"architecture": "arm", "features": "", "variant": "v7", "digest": "sha256:7b8965d98dfa4e2430690a67f9a3fb2b8a832483cdef0efd70244bc9bf3be063", "os": "linux", "os_features": "", "os_version": null, "size": 298681245, "status": "active", "last_pulled": "2024-01-12T22:01:12.503351Z", "last_pushed": "2024-01-10T00:42:13.600283Z"}, {"architecture": "arm64", "features": "", "variant": "v8", "digest": "sha256:64a4ba41e28593dd6896719cd6d3fd42d0c87302704b6acd4add240724f9b307", "os": "linux", "os_features": "", "os_version": null, "size": 304784231, "status": "active", "last_pulled": "2024-01-12T22:01:12.281528Z", "last_pushed": "2024-01-09T23:59:20.713663Z"}], "last_updated": "2024-01-10T00:42:20.209603Z", "last_updater": 1156886, "last_updater_username": "doijanky", "name": "8.2.4", "repository": 1367813, "full_size": 306796225, "v2": true, "tag_status": "active", "tag_last_pulled": "2024-01-20T05:16:04.630024Z", "tag_last_pushed": "2024-01-10T00:42:20.209603Z", "media_type": "application/vnd.docker.distribution.manifest.list.v2+json", "content_type": "image", "digest": "sha256:5a9efb215892f7a20ad813ab823b2973d1f8e9825d876980cfc885ddf6146a68"}, {"creator": 1156886, "id": 520032469, "images": [{"architecture": "amd64", "features": "", "variant": null, "digest": "sha256:1d619db121d25e04a3659d5970230458c12a55f8f4793f5677961d7fce8c5f4d", "os": "linux", "os_features": "", "os_version": null, "size": 306667100, "status": "active", "last_pulled": "2024-01-19T12:32:21.104483Z", "last_pushed": "2023-12-02T13:36:34.021299Z"}, {"architecture": "arm", "features": "", "variant": "v7", "digest": "sha256:fa3aa40e4d6a5db31ccf6af5fbc7ae01b6c5f8cf24dc4c4aadfb134a853e6e22", "os": "linux", "os_features": "", "os_version": null, "size": 298554110, "status": "active", "last_pulled": "2024-01-12T22:01:14.28077Z", "last_pushed": "2023-12-02T08:59:26.205112Z"}, {"architecture": "arm64", "features": "", "variant": "v8", "digest": "sha256:99b95d66c1af108a39dc98014e1c4b0a339898a5678f1c3759884da9d5c9bb92", "os": "linux", "os_features": "", "os_version": null, "size": 304658225, "status": "active", "last_pulled": "2024-01-12T22:01:12.61415Z", "last_pushed": "2023-12-02T14:25:57.506751Z"}], "last_updated": "2023-12-02T14:26:04.67636Z", "last_updater": 1156886, "last_updater_username": "doijanky", "name": "8.2.3", "repository": 1367813, "full_size": 306667100, "v2": true, "tag_status": "active", "tag_last_pulled": "2024-01-19T12:32:21.104483Z", "tag_last_pushed": "2023-12-02T14:26:04.67636Z", "media_type": "application/vnd.docker.distribution.manifest.list.v2+json", "content_type": "image", "digest": "sha256:4c0e64263c5f296bae0c71e3450e4bf18ca2c8f68db7f42a2b74a046fe66741b"}, {"creator": 1156886, "id": 486167113, "images": [{"architecture": "amd64", "features": "", "variant": null, "digest": "sha256:1c6e661c6c3eb87226b0965bf8ba624fc68867439f644d5b242160b18392ce70", "os": "linux", "os_features": "", "os_version": null, "size": 306369651, "status": "active", "last_pulled": "2024-01-19T12:32:19.177979Z", "last_pushed": "2023-09-01T00:58:02.555074Z"}, {"architecture": "arm", "features": "", "variant": "v7", "digest": "sha256:9561bf290315962a499f9ddc96244d302cc53bae4fca0bd560b36852363d5804", "os": "linux", "os_features": "", "os_version": null, "size": 298130438, "status": "active", "last_pulled": "2024-01-12T22:01:12.702512Z", "last_pushed": "2023-08-31T21:35:04.447042Z"}, {"architecture": "arm64", "features": "", "variant": "v8", "digest": "sha256:c9e45d31700809c93a267e11e7a0134d34432fc874ebd6fc7e94c6aa520762b2", "os": "linux", "os_features": "", "os_version": null, "size": 304329479, "status": "active", "last_pulled": "2024-01-12T22:01:12.533553Z", "last_pushed": "2023-08-31T23:59:05.594934Z"}], "last_updated": "2023-09-01T00:58:10.410336Z", "last_updater": 1156886, "last_updater_username": "doijanky", "name": "8.2.2", "repository": 1367813, "full_size": 306369651, "v2": true, "tag_status": "active", "tag_last_pulled": "2024-01-19T12:32:19.177979Z", "tag_last_pushed": "2023-09-01T00:58:10.410336Z", "media_type": "application/vnd.docker.distribution.manifest.list.v2+json", "content_type": "image", "digest": "sha256:e88c880e091b121fc532514c2b220a9cc60073d0c2e01e6d857bcc2a9617a852"}, {"creator": 1156886, "id": 445845796, "images": [{"architecture": "amd64", "features": "", "variant": null, "digest": "sha256:855225a7f657b244ea8d2c8ca73cbaa08297289ad57a222cae7c05b2bd13565b", "os": "linux", "os_features": "", "os_version": null, "size": 306261052, "status": "active", "last_pulled": "2024-01-19T12:32:16.835776Z", "last_pushed": "2023-07-26T00:54:54.855935Z"}], "last_updated": "2023-07-26T00:55:01.317586Z", "last_updater": 1156886, "last_updater_username": "doijanky", "name": "8.2.1", "repository": 1367813, "full_size": 306261052, "v2": true, "tag_status": "active", "tag_last_pulled": "2024-01-19T12:32:16.835776Z", "tag_last_pushed": "2023-07-26T00:55:01.317586Z", "media_type": "application/vnd.docker.distribution.manifest.list.v2+json", "content_type": "image", "digest": "sha256:4e2a67a2d1b730a0821348ca07e119ad081198c8c8b5d0e8c5221cbfe4318aa2"}, {"creator": 1156886, "id": 427459163, "images": [{"architecture": "amd64", "features": "", "variant": null, "digest": "sha256:ab409924a9d3cc3caf5a493f650d5bce903c84c366c2bb1333f462996c3b72e4", "os": "linux", "os_features": "", "os_version": null, "size": 357594756, "status": "active", "last_pulled": "2024-01-19T12:32:14.736456Z", "last_pushed": "2023-05-10T18:52:01.039346Z"}], "last_updated": "2023-05-10T18:52:06.013172Z", "last_updater": 1156886, "last_updater_username": "doijanky", "name": "8.2.0", "repository": 1367813, "full_size": 357594756, "v2": true, "tag_status": "active", "tag_last_pulled": "2024-01-19T12:32:14.736456Z", "tag_last_pushed": "2023-05-10T18:52:06.013172Z", "media_type": "application/vnd.docker.distribution.manifest.list.v2+json", "content_type": "image", "digest": "sha256:53d2cf15c6721d5d50b60fa977aef731f72d5c99610db43bae72d52830a4a3d5"}, {"creator": 1156886, "id": 332252344, "images": [{"architecture": "amd64", "features": "", "variant": null, "digest": "sha256:5ce1a7c0067518d48e39b195e4b09c28022192b4be3d6c0fb74d193ed7a53feb", "os": "linux", "os_features": "", "os_version": null, "size": 354903763, "status": "active", "last_pulled": "2024-01-20T02:01:56.869687Z", "last_pushed": "2023-04-18T19:14:09.377775Z"}], "last_updated": "2023-04-18T19:14:13.706456Z", "last_updater": 1156886, "last_updater_username": "doijanky", "name": "8.1.0", "repository": 1367813, "full_size": 354903763, "v2": true, "tag_status": "active", "tag_last_pulled": "2024-01-20T02:01:56.869687Z", "tag_last_pushed": "2023-04-18T19:14:13.706456Z", "media_type": "application/vnd.docker.distribution.manifest.list.v2+json", "content_type": "image", "digest": "sha256:668566271809994e017f2d8cc4d76becbc254b15c72078e9af2270cc63ca8429"}, {"creator": 1156886, "id": 332252303, "images": [{"architecture": "amd64", "features": "", "variant": null, "digest": "sha256:5ce1a7c0067518d48e39b195e4b09c28022192b4be3d6c0fb74d193ed7a53feb", "os": "linux", "os_features": "", "os_version": null, "size": 354903763, "status": "active", "last_pulled": "2024-01-20T02:01:56.869687Z", "last_pushed": "2023-04-18T19:14:09.377775Z"}], "last_updated": "2023-04-18T19:14:11.313044Z", "last_updater": 1156886, "last_updater_username": "doijanky", "name": "8.1", "repository": 1367813, "full_size": 354903763, "v2": true, "tag_status": "active", "tag_last_pulled": "2024-01-20T02:01:56.869687Z", "tag_last_pushed": "2023-04-18T19:14:11.313044Z", "media_type": "application/vnd.docker.distribution.manifest.list.v2+json", "content_type": "image", "digest": "sha256:668566271809994e017f2d8cc4d76becbc254b15c72078e9af2270cc63ca8429"}, {"creator": 1156886, "id": 265950145, "images": [{"architecture": "amd64", "features": "", "variant": null, "digest": "sha256:468a620637d69a08aa37c6d5b5c483a48b37f8b5ce9d5c0ddee23f87ae738d91", "os": "linux", "os_features": "", "os_version": null, "size": 353768399, "status": "active", "last_pulled": "2024-01-20T02:01:56.517444Z", "last_pushed": "2022-11-15T09:55:41.252707Z"}], "last_updated": "2022-11-15T09:55:45.506857Z", "last_updater": 1156886, "last_updater_username": "doijanky", "name": "8.0.2", "repository": 1367813, "full_size": 353768399, "v2": true, "tag_status": "active", "tag_last_pulled": "2024-01-20T02:01:56.517444Z", "tag_last_pushed": "2022-11-15T09:55:45.506857Z", "media_type": "application/vnd.docker.distribution.manifest.list.v2+json", "content_type": "image", "digest": "sha256:85d84ee8b71aa1c9ea396b6bf841a21d64e8582c9eff1b81c7120c4d46f717b6"}, {"creator": 1156886, "id": 208681902, "images": [{"architecture": "amd64", "features": "", "variant": null, "digest": "sha256:468a620637d69a08aa37c6d5b5c483a48b37f8b5ce9d5c0ddee23f87ae738d91", "os": "linux", "os_features": "", "os_version": null, "size": 353768399, "status": "active", "last_pulled": "2024-01-20T02:01:56.517444Z", "last_pushed": "2022-11-15T09:55:41.252707Z"}], "last_updated": "2022-11-15T09:55:43.202404Z", "last_updater": 1156886, "last_updater_username": "doijanky", "name": "8.0", "repository": 1367813, "full_size": 353768399, "v2": true, "tag_status": "active", "tag_last_pulled": "2024-01-20T02:01:56.517444Z", "tag_last_pushed": "2022-11-15T09:55:43.202404Z", "media_type": "application/vnd.docker.distribution.manifest.list.v2+json", "content_type": "image", "digest": "sha256:85d84ee8b71aa1c9ea396b6bf841a21d64e8582c9eff1b81c7120c4d46f717b6"}, {"creator": 1156886, "id": 239890921, "images": [{"architecture": "amd64", "features": "", "variant": null, "digest": "sha256:1fea72f1e616b5d503de22fd4c3214ca77be7ac0f28e1d1089cbd57b387798f8", "os": "linux", "os_features": "", "os_version": null, "size": 351632193, "status": "active", "last_pulled": "2024-01-19T12:31:38.06176Z", "last_pushed": "2022-08-03T15:10:58.594335Z"}], "last_updated": "2022-08-03T15:11:03.208935Z", "last_updater": 1156886, "last_updater_username": "doijanky", "name": "8.0.1", "repository": 1367813, "full_size": 351632193, "v2": true, "tag_status": "active", "tag_last_pulled": "2024-01-19T12:31:38.06176Z", "tag_last_pushed": "2022-08-03T15:11:03.208935Z", "media_type": "application/vnd.docker.distribution.manifest.list.v2+json", "content_type": "image", "digest": "sha256:3e40b6d8dcc22ecf0f1af137099ee8f2e6970310dd8ad6c3199aa1f47508a16c"}, {"creator": 1156886, "id": 208681926, "images": [{"architecture": "amd64", "features": "", "variant": null, "digest": "sha256:8344dfab4b2222ebec8d7d24699a6f20b9e11e91429edafd8220a74a345f0aed", "os": "linux", "os_features": "", "os_version": null, "size": 353998467, "status": "active", "last_pulled": "2024-01-19T12:31:36.131812Z", "last_pushed": "2022-06-10T05:23:44.63518Z"}], "last_updated": "2022-06-10T05:23:48.626406Z", "last_updater": 1156886, "last_updater_username": "doijanky", "name": "8.0.0", "repository": 1367813, "full_size": 353998467, "v2": true, "tag_status": "active", "tag_last_pulled": "2024-01-19T12:31:36.131812Z", "tag_last_pushed": "2022-06-10T05:23:48.626406Z", "media_type": "application/vnd.docker.distribution.manifest.list.v2+json", "content_type": "image"}, {"creator": 1156886, "id": 189464967, "images": [{"architecture": "amd64", "features": "", "variant": null, "digest": "sha256:d736cfc02f0d6959466ec40a2f305a01ec3a155240778e719e35a3d35dd17be2", "os": "linux", "os_features": "", "os_version": null, "size": 440135619, "status": "active", "last_pulled": "2024-01-20T02:01:55.688102Z", "last_pushed": "2022-04-21T12:31:30.599486Z"}], "last_updated": "2022-04-21T12:31:35.035445Z", "last_updater": 1156886, "last_updater_username": "doijanky", "name": "7.9.8", "repository": 1367813, "full_size": 440135619, "v2": true, "tag_status": "active", "tag_last_pulled": "2024-01-20T02:01:55.688102Z", "tag_last_pushed": "2022-04-21T12:31:35.035445Z", "media_type": "application/vnd.docker.distribution.manifest.list.v2+json", "content_type": "image"}, {"creator": 1156886, "id": 143457254, "images": [{"architecture": "amd64", "features": "", "variant": null, "digest": "sha256:d736cfc02f0d6959466ec40a2f305a01ec3a155240778e719e35a3d35dd17be2", "os": "linux", "os_features": "", "os_version": null, "size": 440135619, "status": "active", "last_pulled": "2024-01-20T02:01:55.688102Z", "last_pushed": "2022-04-21T12:31:30.599486Z"}], "last_updated": "2022-04-21T12:31:32.376338Z", "last_updater": 1156886, "last_updater_username": "doijanky", "name": "7.9", "repository": 1367813, "full_size": 440135619, "v2": true, "tag_status": "active", "tag_last_pulled": "2024-01-20T02:01:55.688102Z", "tag_last_pushed": "2022-04-21T12:31:32.376338Z", "media_type": "application/vnd.docker.distribution.manifest.list.v2+json", "content_type": "image"}, {"creator": 1156886, "id": 182527572, "images": [{"architecture": "amd64", "features": "", "variant": null, "digest": "sha256:56dfe7120ea8715708e5a7bc1a363cb9cd5187d4accd91040e505043782337c2", "os": "linux", "os_features": "", "os_version": null, "size": 439982973, "status": "active", "last_pulled": "2024-01-19T12:31:29.355117Z", "last_pushed": "2022-01-21T04:10:59.381793Z"}], "last_updated": "2022-01-21T04:11:02.180293Z", "last_updater": 1156886, "last_updater_username": "doijanky", "name": "7.9.7", "repository": 1367813, "full_size": 439982973, "v2": true, "tag_status": "active", "tag_last_pulled": "2024-01-19T12:31:29.355117Z", "tag_last_pushed": "2022-01-21T04:11:02.180293Z", "media_type": "application/vnd.docker.distribution.manifest.list.v2+json", "content_type": "image"}, {"creator": 1156886, "id": 173602699, "images": [{"architecture": "amd64", "features": "", "variant": null, "digest": "sha256:dee61c2380267082c1757bc073e1cb5a62c06e87dd1dd6ff69e1cdbf06d77d6d", "os": "linux", "os_features": "", "os_version": null, "size": 437259508, "status": "active", "last_pulled": "2024-01-19T12:31:27.275472Z", "last_pushed": "2021-10-22T19:07:38.771368Z"}], "last_updated": "2021-10-22T19:07:43.108478Z", "last_updater": 1156886, "last_updater_username": "doijanky", "name": "7.9.6", "repository": 1367813, "full_size": 437259508, "v2": true, "tag_status": "active", "tag_last_pulled": "2024-01-19T12:31:27.275472Z", "tag_last_pushed": "2021-10-22T19:07:43.108478Z", "media_type": "application/vnd.docker.distribution.manifest.list.v2+json", "content_type": "image"}, {"creator": 1156886, "id": 168709139, "images": [{"architecture": "amd64", "features": "", "variant": null, "digest": "sha256:858096c9cdabb346638df227438cd32030b03007353e073ce6a9070470d614a4", "os": "linux", "os_features": "", "os_version": null, "size": 437254866, "status": "active", "last_pulled": "2024-01-19T12:31:24.96174Z", "last_pushed": "2021-10-13T16:59:30.492788Z"}], "last_updated": "2021-10-13T16:59:34.586848Z", "last_updater": 1156886, "last_updater_username": "doijanky", "name": "7.9.5", "repository": 1367813, "full_size": 437254866, "v2": true, "tag_status": "active", "tag_last_pulled": "2024-01-19T12:31:24.96174Z", "tag_last_pushed": "2021-10-13T16:59:34.586848Z", "media_type": "application/vnd.docker.distribution.manifest.list.v2+json", "content_type": "image"}, {"creator": 1156886, "id": 152537024, "images": [{"architecture": "amd64", "features": "", "variant": null, "digest": "sha256:8a54f060567ee33fef38bfdbb7fe1713414df41736bd010f10eec25b672dbad6", "os": "linux", "os_features": "", "os_version": null, "size": 437211886, "status": "active", "last_pulled": "2024-01-19T12:31:22.713556Z", "last_pushed": "2021-09-14T19:37:45.964886Z"}], "last_updated": "2021-09-14T19:37:50.404192Z", "last_updater": 1156886, "last_updater_username": "doijanky", "name": "7.9.4", "repository": 1367813, "full_size": 437211886, "v2": true, "tag_status": "active", "tag_last_pulled": "2024-01-19T12:31:22.713556Z", "tag_last_pushed": "2021-09-14T19:37:50.404192Z", "media_type": "application/vnd.docker.distribution.manifest.list.v2+json", "content_type": "image"}, {"creator": 1156886, "id": 148532139, "images": [{"architecture": "amd64", "features": "", "variant": null, "digest": "sha256:aed308510742e2266cb7100b8e9675d9d65219050d4e5263649efc01025b27fa", "os": "linux", "os_features": "", "os_version": null, "size": 431566009, "status": "active", "last_pulled": "2024-01-19T12:31:20.538196Z", "last_pushed": "2021-05-13T19:57:26.215175Z"}], "last_updated": "2021-05-13T19:57:31.501817Z", "last_updater": 1156886, "last_updater_username": "doijanky", "name": "7.9.3", "repository": 1367813, "full_size": 431566009, "v2": true, "tag_status": "active", "tag_last_pulled": "2024-01-19T12:31:20.538196Z", "tag_last_pushed": "2021-05-13T19:57:31.501817Z", "media_type": "application/vnd.docker.distribution.manifest.list.v2+json", "content_type": "image"}, {"creator": 1156886, "id": 144662405, "images": [{"architecture": "amd64", "features": "", "variant": null, "digest": "sha256:b649023ebd9751db65d2f9934e3cfeeee54a010d4ba90ebaab736100a1c34d7d", "os": "linux", "os_features": "", "os_version": null, "size": 442553817, "status": "active", "last_pulled": "2024-01-19T12:31:18.118285Z", "last_pushed": "2021-04-11T07:28:23.176387Z"}], "last_updated": "2021-04-11T07:28:29.458278Z", "last_updater": 1156886, "last_updater_username": "doijanky", "name": "7.9.2", "repository": 1367813, "full_size": 442553817, "v2": true, "tag_status": "active", "tag_last_pulled": "2024-01-19T12:31:18.118285Z", "tag_last_pushed": "2021-04-11T07:28:29.458278Z", "media_type": "application/vnd.docker.distribution.manifest.list.v2+json", "content_type": "image"}, {"creator": 1156886, "id": 144106612, "images": [{"architecture": "amd64", "features": "", "variant": null, "digest": "sha256:f9b27b21ca9be476c5b089d0d18a7151be455196b5917ebb529425c67db4b20c", "os": "linux", "os_features": "", "os_version": null, "size": 443223098, "status": "active", "last_pulled": "2024-01-19T12:31:15.671651Z", "last_pushed": "2021-04-07T00:38:23.383913Z"}], "last_updated": "2021-04-07T00:38:32.67668Z", "last_updater": 1156886, "last_updater_username": "doijanky", "name": "7.9.1", "repository": 1367813, "full_size": 443223098, "v2": true, "tag_status": "active", "tag_last_pulled": "2024-01-19T12:31:15.671651Z", "tag_last_pushed": "2021-04-07T00:38:32.67668Z", "media_type": "application/vnd.docker.distribution.manifest.list.v2+json", "content_type": "image"}, {"creator": 1156886, "id": 143457262, "images": [{"architecture": "amd64", "features": "", "variant": null, "digest": "sha256:48ecf87d8808a36da666ed500a7a1b417f9f1e81a965317148affa760e43cf37", "os": "linux", "os_features": "", "os_version": null, "size": 442806441, "status": "active", "last_pulled": "2024-01-19T12:31:13.152604Z", "last_pushed": "2021-04-01T19:15:11.704504Z"}], "last_updated": "2021-04-01T19:15:21.82147Z", "last_updater": 1156886, "last_updater_username": "doijanky", "name": "7.9.0", "repository": 1367813, "full_size": 442806441, "v2": true, "tag_status": "active", "tag_last_pulled": "2024-01-19T12:31:13.152604Z", "tag_last_pushed": "2021-04-01T19:15:21.82147Z", "media_type": "application/vnd.docker.distribution.manifest.list.v2+json", "content_type": "image"}, {"creator": 1156886, "id": 96599685, "images": [{"architecture": "amd64", "features": "", "variant": null, "digest": "sha256:f0cb28866b680d7c269eec35836c83ea8ce7c50e611e6b94f32c5756798a1cab", "os": "linux", "os_features": "", "os_version": null, "size": 436494497, "status": "active", "last_pulled": "2024-01-19T12:31:06.844755Z", "last_pushed": "2021-03-28T02:24:53.129588Z"}], "last_updated": "2021-03-28T02:24:56.90145Z", "last_updater": 1156886, "last_updater_username": "doijanky", "name": "7.8.0", "repository": 1367813, "full_size": 436494497, "v2": true, "tag_status": "active", "tag_last_pulled": "2024-01-19T12:31:06.844755Z", "tag_last_pushed": "2021-03-28T02:24:56.90145Z", "media_type": "application/vnd.docker.distribution.manifest.list.v2+json", "content_type": "image"}, {"creator": 1156886, "id": 96599677, "images": [{"architecture": "amd64", "features": "", "variant": null, "digest": "sha256:f0cb28866b680d7c269eec35836c83ea8ce7c50e611e6b94f32c5756798a1cab", "os": "linux", "os_features": "", "os_version": null, "size": 436494497, "status": "active", "last_pulled": "2024-01-19T12:31:06.844755Z", "last_pushed": "2021-03-28T02:24:53.129588Z"}], "last_updated": "2021-03-28T02:24:55.128212Z", "last_updater": 1156886, "last_updater_username": "doijanky", "name": "7.8", "repository": 1367813, "full_size": 436494497, "v2": true, "tag_status": "active", "tag_last_pulled": "2024-01-19T12:31:06.844755Z", "tag_last_pushed": "2021-03-28T02:24:55.128212Z", "media_type": "application/vnd.docker.distribution.manifest.list.v2+json", "content_type": "image"}, {"creator": 1156886, "id": 82948131, "images": [{"architecture": "amd64", "features": "", "variant": null, "digest": "sha256:204ad3e0dacb2fa65f3ab8bc4dbabba3c5a24b911fa44a592c1895e2256f7105", "os": "linux", "os_features": "", "os_version": null, "size": 429299334, "status": "active", "last_pulled": "2024-01-19T12:31:02.547353Z", "last_pushed": null}], "last_updated": "2020-04-17T19:59:36.213705Z", "last_updater": 1156886, "last_updater_username": "doijanky", "name": "7.7.0", "repository": 1367813, "full_size": 429299334, "v2": true, "tag_status": "active", "tag_last_pulled": "2024-01-19T12:31:02.547353Z", "tag_last_pushed": "2020-04-17T19:59:36.213705Z", "media_type": "application/vnd.docker.distribution.manifest.list.v2+json", "content_type": "image"}, {"creator": 1156886, "id": 82948125, "images": [{"architecture": "amd64", "features": "", "variant": null, "digest": "sha256:204ad3e0dacb2fa65f3ab8bc4dbabba3c5a24b911fa44a592c1895e2256f7105", "os": "linux", "os_features": "", "os_version": null, "size": 429299334, "status": "active", "last_pulled": "2024-01-19T12:31:02.547353Z", "last_pushed": null}], "last_updated": "2020-04-17T19:59:34.196866Z", "last_updater": 1156886, "last_updater_username": "doijanky", "name": "7.7", "repository": 1367813, "full_size": 429299334, "v2": true, "tag_status": "active", "tag_last_pulled": "2024-01-19T12:31:02.547353Z", "tag_last_pushed": "2020-04-17T19:59:34.196866Z", "media_type": "application/vnd.docker.distribution.manifest.list.v2+json", "content_type": "image"}, {"creator": 1156886, "id": 60325867, "images": [{"architecture": "amd64", "features": "", "variant": null, "digest": "sha256:2c0a5d7d9216bd665b13202102bf791cedf87e1e9d5533e4123bbef5ec6eac2c", "os": "linux", "os_features": "", "os_version": null, "size": 259526187, "status": "active", "last_pulled": "2024-01-19T12:30:54.13217Z", "last_pushed": null}], "last_updated": "2020-01-16T08:59:38.582633Z", "last_updater": 1156886, "last_updater_username": "doijanky", "name": "openj9", "repository": 1367813, "full_size": 259526187, "v2": true, "tag_status": "active", "tag_last_pulled": "2024-01-19T12:30:54.13217Z", "tag_last_pushed": "2020-01-16T08:59:38.582633Z", "media_type": "application/vnd.docker.distribution.manifest.list.v2+json", "content_type": "image"}, {"creator": 1156886, "id": 80175596, "images": [{"architecture": "amd64", "features": "", "variant": null, "digest": "sha256:2c0a5d7d9216bd665b13202102bf791cedf87e1e9d5533e4123bbef5ec6eac2c", "os": "linux", "os_features": "", "os_version": null, "size": 259526187, "status": "active", "last_pulled": "2024-01-19T12:30:54.13217Z", "last_pushed": null}], "last_updated": "2020-01-16T08:59:35.6497Z", "last_updater": 1156886, "last_updater_username": "doijanky", "name": "7.6.6-openj9", "repository": 1367813, "full_size": 259526187, "v2": true, "tag_status": "active", "tag_last_pulled": "2024-01-19T12:30:54.13217Z", "tag_last_pushed": "2020-01-16T08:59:35.6497Z", "media_type": "application/vnd.docker.distribution.manifest.list.v2+json", "content_type": "image"}, {"creator": 1156886, "id": 60325838, "images": [{"architecture": "amd64", "features": "", "variant": null, "digest": "sha256:2c0a5d7d9216bd665b13202102bf791cedf87e1e9d5533e4123bbef5ec6eac2c", "os": "linux", "os_features": "", "os_version": null, "size": 259526187, "status": "active", "last_pulled": "2024-01-19T12:30:54.13217Z", "last_pushed": null}], "last_updated": "2020-01-16T08:59:32.335893Z", "last_updater": 1156886, "last_updater_username": "doijanky", "name": "7.6-openj9", "repository": 1367813, "full_size": 259526187, "v2": true, "tag_status": "active", "tag_last_pulled": "2024-01-19T12:30:54.13217Z", "tag_last_pushed": "2020-01-16T08:59:32.335893Z", "media_type": "application/vnd.docker.distribution.manifest.list.v2+json", "content_type": "image"}, {"creator": 1156886, "id": 57867734, "images": [{"architecture": "amd64", "features": "", "variant": null, "digest": "sha256:44049a31b53026dc02cc326186f9e1fefbdd4500cb16a179b00f9b5a01603a9b", "os": "linux", "os_features": "", "os_version": null, "size": 240418431, "status": "active", "last_pulled": "2024-01-19T12:30:56.093431Z", "last_pushed": null}], "last_updated": "2020-01-04T09:00:06.742917Z", "last_updater": 1156886, "last_updater_username": "doijanky", "name": "slim", "repository": 1367813, "full_size": 240418431, "v2": true, "tag_status": "active", "tag_last_pulled": "2024-01-19T12:30:56.093431Z", "tag_last_pushed": "2020-01-04T09:00:06.742917Z", "media_type": "application/vnd.docker.distribution.manifest.list.v2+json", "content_type": "image"}, {"creator": 1156886, "id": 80175600, "images": [{"architecture": "amd64", "features": "", "variant": null, "digest": "sha256:44049a31b53026dc02cc326186f9e1fefbdd4500cb16a179b00f9b5a01603a9b", "os": "linux", "os_features": "", "os_version": null, "size": 240418431, "status": "active", "last_pulled": "2024-01-19T12:30:56.093431Z", "last_pushed": null}], "last_updated": "2020-01-04T08:59:59.389311Z", "last_updater": 1156886, "last_updater_username": "doijanky", "name": "7.6.6-slim", "repository": 1367813, "full_size": 240418431, "v2": true, "tag_status": "active", "tag_last_pulled": "2024-01-19T12:30:56.093431Z", "tag_last_pushed": "2020-01-04T08:59:59.389311Z", "media_type": "application/vnd.docker.distribution.manifest.list.v2+json", "content_type": "image"}, {"creator": 1156886, "id": 80175593, "images": [{"architecture": "amd64", "features": "", "variant": null, "digest": "sha256:eac13707e3f88c5ecb33039c758ee97755de2160a4afb6b08fc44492ae48f36e", "os": "linux", "os_features": "", "os_version": null, "size": 319420170, "status": "active", "last_pulled": "2024-01-19T12:30:11.279638Z", "last_pushed": null}], "last_updated": "2020-01-04T08:59:54.950854Z", "last_updater": 1156886, "last_updater_username": "doijanky", "name": "7.6.6", "repository": 1367813, "full_size": 319420170, "v2": true, "tag_status": "active", "tag_last_pulled": "2024-01-19T12:30:11.279638Z", "tag_last_pushed": "2020-01-04T08:59:54.950854Z", "media_type": "application/vnd.docker.distribution.manifest.list.v2+json", "content_type": "image"}, {"creator": 1156886, "id": 60325852, "images": [{"architecture": "amd64", "features": "", "variant": null, "digest": "sha256:44049a31b53026dc02cc326186f9e1fefbdd4500cb16a179b00f9b5a01603a9b", "os": "linux", "os_features": "", "os_version": null, "size": 240418431, "status": "active", "last_pulled": "2024-01-19T12:30:56.093431Z", "last_pushed": null}], "last_updated": "2020-01-04T08:59:52.487812Z", "last_updater": 1156886, "last_updater_username": "doijanky", "name": "7.6-slim", "repository": 1367813, "full_size": 240418431, "v2": true, "tag_status": "active", "tag_last_pulled": "2024-01-19T12:30:56.093431Z", "tag_last_pushed": "2020-01-04T08:59:52.487812Z", "media_type": "application/vnd.docker.distribution.manifest.list.v2+json", "content_type": "image"}, {"creator": 1156886, "id": 60325809, "images": [{"architecture": "amd64", "features": "", "variant": null, "digest": "sha256:eac13707e3f88c5ecb33039c758ee97755de2160a4afb6b08fc44492ae48f36e", "os": "linux", "os_features": "", "os_version": null, "size": 319420170, "status": "active", "last_pulled": "2024-01-19T12:30:11.279638Z", "last_pushed": null}], "last_updated": "2020-01-04T08:59:21.211074Z", "last_updater": 1156886, "last_updater_username": "doijanky", "name": "7.6", "repository": 1367813, "full_size": 319420170, "v2": true, "tag_status": "active", "tag_last_pulled": "2024-01-19T12:30:11.279638Z", "tag_last_pushed": "2020-01-04T08:59:21.211074Z", "media_type": "application/vnd.docker.distribution.manifest.list.v2+json", "content_type": "image"}, {"creator": 1156886, "id": 77879652, "images": [{"architecture": "amd64", "features": "", "variant": null, "digest": "sha256:2a9d788c14cbbbce3633222a34c0099ac68493155518001ab007d19d6bad4954", "os": "linux", "os_features": "", "os_version": null, "size": 240004605, "status": "active", "last_pulled": "2024-01-19T12:30:49.89832Z", "last_pushed": null}], "last_updated": "2019-11-26T23:59:52.505788Z", "last_updater": 1156886, "last_updater_username": "doijanky", "name": "7.6.5-slim", "repository": 1367813, "full_size": 240004605, "v2": true, "tag_status": "active", "tag_last_pulled": "2024-01-19T12:30:49.89832Z", "tag_last_pushed": "2019-11-26T23:59:52.505788Z", "media_type": "application/vnd.docker.distribution.manifest.list.v2+json", "content_type": "image"}, {"creator": 1156886, "id": 77879641, "images": [{"architecture": "amd64", "features": "", "variant": null, "digest": "sha256:95709a8d6f67b6063adc95cb9dc21c9e30f82cce37b80bb9456ed4478feb364c", "os": "linux", "os_features": "", "os_version": null, "size": 259107348, "status": "active", "last_pulled": "2024-01-19T12:30:48.077343Z", "last_pushed": null}], "last_updated": "2019-11-26T23:59:49.976073Z", "last_updater": 1156886, "last_updater_username": "doijanky", "name": "7.6.5-openj9", "repository": 1367813, "full_size": 259107348, "v2": true, "tag_status": "active", "tag_last_pulled": "2024-01-19T12:30:48.077343Z", "tag_last_pushed": "2019-11-26T23:59:49.976073Z", "media_type": "application/vnd.docker.distribution.manifest.list.v2+json", "content_type": "image"}, {"creator": 1156886, "id": 77879636, "images": [{"architecture": "amd64", "features": "", "variant": null, "digest": "sha256:b05f2834374179710b9a84cb65ee16b7343c5679e6e2f3fbd11a6034008825ca", "os": "linux", "os_features": "", "os_version": null, "size": 318998156, "status": "active", "last_pulled": "2024-01-20T02:01:55.335438Z", "last_pushed": null}], "last_updated": "2019-11-26T23:59:47.547811Z", "last_updater": 1156886, "last_updater_username": "doijanky", "name": "7.6.5", "repository": 1367813, "full_size": 318998156, "v2": true, "tag_status": "active", "tag_last_pulled": "2024-01-20T02:01:55.335438Z", "tag_last_pushed": "2019-11-26T23:59:47.547811Z", "media_type": "application/vnd.docker.distribution.manifest.list.v2+json", "content_type": "image"}, {"creator": 1156886, "id": 70139953, "images": [{"architecture": "amd64", "features": "", "variant": null, "digest": "sha256:7124aa12567dc5f8087b15ab608b4fdd700c53c612ed9684f009c88d908f2f5f", "os": "linux", "os_features": "", "os_version": null, "size": 280256406, "status": "active", "last_pulled": "2024-01-19T12:30:44.293789Z", "last_pushed": null}], "last_updated": "2019-11-23T18:00:05.606247Z", "last_updater": 1156886, "last_updater_username": "doijanky", "name": "7.6.4-slim", "repository": 1367813, "full_size": 280256406, "v2": true, "tag_status": "active", "tag_last_pulled": "2024-01-19T12:30:44.293789Z", "tag_last_pushed": "2019-11-23T18:00:05.606247Z", "media_type": "application/vnd.docker.distribution.manifest.list.v2+json", "content_type": "image"}, {"creator": 1156886, "id": 70139939, "images": [{"architecture": "amd64", "features": "", "variant": null, "digest": "sha256:5f8311290c78e298b46d06f940c74d6953d50db690bb968ecc75c78bd7fb6381", "os": "linux", "os_features": "", "os_version": null, "size": 359250018, "status": "active", "last_pulled": "2024-01-19T12:30:40.235715Z", "last_pushed": null}], "last_updated": "2019-11-23T17:59:59.14328Z", "last_updater": 1156886, "last_updater_username": "doijanky", "name": "7.6.4", "repository": 1367813, "full_size": 359250018, "v2": true, "tag_status": "active", "tag_last_pulled": "2024-01-19T12:30:40.235715Z", "tag_last_pushed": "2019-11-23T17:59:59.14328Z", "media_type": "application/vnd.docker.distribution.manifest.list.v2+json", "content_type": "image"}, {"creator": 1156886, "id": 70139944, "images": [{"architecture": "amd64", "features": "", "variant": null, "digest": "sha256:2a002691ec3ca214da74ba9caef24e19a8a9fc8d6f72e17e9ab524b0cbe85941", "os": "linux", "os_features": "", "os_version": null, "size": 299359174, "status": "active", "last_pulled": "2024-01-19T12:30:42.430336Z", "last_pushed": null}], "last_updated": "2019-11-08T06:06:06.026767Z", "last_updater": 1156886, "last_updater_username": "doijanky", "name": "7.6.4-openj9", "repository": 1367813, "full_size": 299359174, "v2": true, "tag_status": "active", "tag_last_pulled": "2024-01-19T12:30:42.430336Z", "tag_last_pushed": "2019-11-08T06:06:06.026767Z", "media_type": "application/vnd.docker.distribution.manifest.list.v2+json", "content_type": "image"}, {"creator": 1156886, "id": 65456088, "images": [{"architecture": "amd64", "features": "", "variant": null, "digest": "sha256:685a8337c5ef0a3cb5ba61168fe03ff8b22660421ec379c837eaa3f3e3ff71f6", "os": "linux", "os_features": "", "os_version": null, "size": 296624379, "status": "active", "last_pulled": "2024-01-19T12:30:35.925089Z", "last_pushed": null}], "last_updated": "2019-09-19T07:59:33.625448Z", "last_updater": 1156886, "last_updater_username": "doijanky", "name": "7.6.3-openj9", "repository": 1367813, "full_size": 296624379, "v2": true, "tag_status": "active", "tag_last_pulled": "2024-01-19T12:30:35.925089Z", "tag_last_pushed": "2019-09-19T07:59:33.625448Z", "media_type": "application/vnd.docker.distribution.manifest.list.v2+json", "content_type": "image"}, {"creator": 1156886, "id": 65456095, "images": [{"architecture": "amd64", "features": "", "variant": null, "digest": "sha256:2abe0bdd62ba806ae68e4d8348ca43004c7a09d3ebf3fd19ee16b25837a15ccc", "os": "linux", "os_features": "", "os_version": null, "size": 280268980, "status": "active", "last_pulled": "2024-01-19T12:30:38.139074Z", "last_pushed": null}], "last_updated": "2019-09-14T04:59:58.060743Z", "last_updater": 1156886, "last_updater_username": "doijanky", "name": "7.6.3-slim", "repository": 1367813, "full_size": 280268980, "v2": true, "tag_status": "active", "tag_last_pulled": "2024-01-19T12:30:38.139074Z", "tag_last_pushed": "2019-09-14T04:59:58.060743Z", "media_type": "application/vnd.docker.distribution.manifest.list.v2+json", "content_type": "image"}, {"creator": 1156886, "id": 65456078, "images": [{"architecture": "amd64", "features": "", "variant": null, "digest": "sha256:6ef87cea39532d91365f00bbce3ef76c514b443ab2343efd8e4c2d1bb2a9cfe8", "os": "linux", "os_features": "", "os_version": null, "size": 359255661, "status": "active", "last_pulled": "2024-01-19T12:30:33.166803Z", "last_pushed": null}], "last_updated": "2019-09-14T04:59:54.628021Z", "last_updater": 1156886, "last_updater_username": "doijanky", "name": "7.6.3", "repository": 1367813, "full_size": 359255661, "v2": true, "tag_status": "active", "tag_last_pulled": "2024-01-19T12:30:33.166803Z", "tag_last_pushed": "2019-09-14T04:59:54.628021Z", "media_type": "application/vnd.docker.distribution.manifest.list.v2+json", "content_type": "image"}, {"creator": 1156886, "id": 64117041, "images": [{"architecture": "amd64", "features": "", "variant": null, "digest": "sha256:d65617c709b9a9322f94a5892fb341463d3e199133c4d170bf161a91feedf044", "os": "linux", "os_features": "", "os_version": null, "size": 280252586, "status": "active", "last_pulled": "2024-01-19T12:30:31.060604Z", "last_pushed": null}], "last_updated": "2019-07-31T21:43:29.606139Z", "last_updater": 1156886, "last_updater_username": "doijanky", "name": "7.6.2-slim", "repository": 1367813, "full_size": 280252586, "v2": true, "tag_status": "active", "tag_last_pulled": "2024-01-19T12:30:31.060604Z", "tag_last_pushed": "2019-07-31T21:43:29.606139Z", "media_type": "application/vnd.docker.distribution.manifest.list.v2+json", "content_type": "image"}, {"creator": 1156886, "id": 64117039, "images": [{"architecture": "amd64", "features": "", "variant": null, "digest": "sha256:fd40532619b2276a675c4da9c80963bc86dfab0715aa5e2631ba0a365eb847ee", "os": "linux", "os_features": "", "os_version": null, "size": 296627221, "status": "active", "last_pulled": "2024-01-19T12:30:28.895818Z", "last_pushed": null}], "last_updated": "2019-07-31T21:43:26.761135Z", "last_updater": 1156886, "last_updater_username": "doijanky", "name": "7.6.2-openj9", "repository": 1367813, "full_size": 296627221, "v2": true, "tag_status": "active", "tag_last_pulled": "2024-01-19T12:30:28.895818Z", "tag_last_pushed": "2019-07-31T21:43:26.761135Z", "media_type": "application/vnd.docker.distribution.manifest.list.v2+json", "content_type": "image"}, {"creator": 1156886, "id": 64117036, "images": [{"architecture": "amd64", "features": "", "variant": null, "digest": "sha256:70f8fa14f72ff771b0cff6bf1f61c8b33a7a8f02cc6ae3930059830d9af653fb", "os": "linux", "os_features": "", "os_version": null, "size": 359211714, "status": "active", "last_pulled": "2024-01-19T12:30:26.670664Z", "last_pushed": null}], "last_updated": "2019-07-31T21:43:23.73034Z", "last_updater": 1156886, "last_updater_username": "doijanky", "name": "7.6.2", "repository": 1367813, "full_size": 359211714, "v2": true, "tag_status": "active", "tag_last_pulled": "2024-01-19T12:30:26.670664Z", "tag_last_pushed": "2019-07-31T21:43:23.73034Z", "media_type": "application/vnd.docker.distribution.manifest.list.v2+json", "content_type": "image"}, {"creator": 1156886, "id": 62727933, "images": [{"architecture": "amd64", "features": "", "variant": null, "digest": "sha256:d05239032a9d82a14bee2d3b15e599325295d3d9b47f008101692e8992544ee9", "os": "linux", "os_features": "", "os_version": null, "size": 284053130, "status": "active", "last_pulled": "2024-01-19T12:30:24.007432Z", "last_pushed": null}], "last_updated": "2019-07-30T02:45:00.590436Z", "last_updater": 1156886, "last_updater_username": "doijanky", "name": "7.6.1-slim", "repository": 1367813, "full_size": 284053130, "v2": true, "tag_status": "active", "tag_last_pulled": "2024-01-19T12:30:24.007432Z", "tag_last_pushed": "2019-07-30T02:45:00.590436Z", "media_type": "application/vnd.docker.distribution.manifest.list.v2+json", "content_type": "image"}, {"creator": 1156886, "id": 62727929, "images": [{"architecture": "amd64", "features": "", "variant": null, "digest": "sha256:e04cc9969a163d21d2d643e04263dfa876a833de49a2a07e8c00cf4501c45767", "os": "linux", "os_features": "", "os_version": null, "size": 300427785, "status": "active", "last_pulled": "2024-01-19T12:30:21.873459Z", "last_pushed": null}], "last_updated": "2019-07-30T02:44:57.239304Z", "last_updater": 1156886, "last_updater_username": "doijanky", "name": "7.6.1-openj9", "repository": 1367813, "full_size": 300427785, "v2": true, "tag_status": "active", "tag_last_pulled": "2024-01-19T12:30:21.873459Z", "tag_last_pushed": "2019-07-30T02:44:57.239304Z", "media_type": "application/vnd.docker.distribution.manifest.list.v2+json", "content_type": "image"}, {"creator": 1156886, "id": 62727923, "images": [{"architecture": "amd64", "features": "", "variant": null, "digest": "sha256:bf6e41520c930ae35558747360cc4104fb2a9091f17081b35811efb37decf9c8", "os": "linux", "os_features": "", "os_version": null, "size": 363012392, "status": "active", "last_pulled": "2024-01-19T12:30:19.742286Z", "last_pushed": null}], "last_updated": "2019-07-30T02:44:54.212318Z", "last_updater": 1156886, "last_updater_username": "doijanky", "name": "7.6.1", "repository": 1367813, "full_size": 363012392, "v2": true, "tag_status": "active", "tag_last_pulled": "2024-01-19T12:30:19.742286Z", "tag_last_pushed": "2019-07-30T02:44:54.212318Z", "media_type": "application/vnd.docker.distribution.manifest.list.v2+json", "content_type": "image"}, {"creator": 1156886, "id": 60325863, "images": [{"architecture": "amd64", "features": "", "variant": null, "digest": "sha256:8ac9ac2d17220c3ee227e2da06908f221345954c5ad528200d5f71248e28308f", "os": "linux", "os_features": "", "os_version": null, "size": 284080878, "status": "active", "last_pulled": "2024-01-19T12:30:17.49202Z", "last_pushed": null}], "last_updated": "2019-07-18T04:43:26.431674Z", "last_updater": 1156886, "last_updater_username": "doijanky", "name": "7.6.0-slim", "repository": 1367813, "full_size": 284080878, "v2": true, "tag_status": "active", "tag_last_pulled": "2024-01-19T12:30:17.49202Z", "tag_last_pushed": "2019-07-18T04:43:26.431674Z", "media_type": "application/vnd.docker.distribution.manifest.list.v2+json", "content_type": "image"}, {"creator": 1156886, "id": 60325856, "images": [{"architecture": "amd64", "features": "", "variant": null, "digest": "sha256:3ac14a3850602b9e0c82234b7bb5c6383502f821300477904ba59aafe17f670e", "os": "linux", "os_features": "", "os_version": null, "size": 363041784, "status": "active", "last_pulled": "2024-01-19T12:30:13.365142Z", "last_pushed": null}], "last_updated": "2019-07-18T04:43:22.907841Z", "last_updater": 1156886, "last_updater_username": "doijanky", "name": "7.6.0", "repository": 1367813, "full_size": 363041784, "v2": true, "tag_status": "active", "tag_last_pulled": "2024-01-19T12:30:13.365142Z", "tag_last_pushed": "2019-07-18T04:43:22.907841Z", "media_type": "application/vnd.docker.distribution.manifest.list.v2+json", "content_type": "image"}, {"creator": 1156886, "id": 60325859, "images": [{"architecture": "amd64", "features": "", "variant": null, "digest": "sha256:c755423ef1f14728a03dbcb8f3e828ab39347fdea2553d453088d7c05786e972", "os": "linux", "os_features": "", "os_version": null, "size": 302514952, "status": "active", "last_pulled": "2024-01-19T12:30:15.549316Z", "last_pushed": null}], "last_updated": "2019-07-04T03:44:24.165111Z", "last_updater": 1156886, "last_updater_username": "doijanky", "name": "7.6.0-openj9", "repository": 1367813, "full_size": 302514952, "v2": true, "tag_status": "active", "tag_last_pulled": "2024-01-19T12:30:15.549316Z", "tag_last_pushed": "2019-07-04T03:44:24.165111Z", "media_type": "application/vnd.docker.distribution.manifest.list.v2+json", "content_type": "image"}, {"creator": 1156886, "id": 57867716, "images": [{"architecture": "amd64", "features": "", "variant": null, "digest": "sha256:ecd8c8999fb40a0589c61820961679ff6ff16f3ff2e6f2cea81492dabdaab986", "os": "linux", "os_features": "", "os_version": null, "size": 272801538, "status": "active", "last_pulled": "2024-01-19T12:30:04.736083Z", "last_pushed": null}], "last_updated": "2019-06-21T21:43:12.776415Z", "last_updater": 1156886, "last_updater_username": "doijanky", "name": "7.5.7-slim", "repository": 1367813, "full_size": 272801538, "v2": true, "tag_status": "active", "tag_last_pulled": "2024-01-19T12:30:04.736083Z", "tag_last_pushed": "2019-06-21T21:43:12.776415Z", "media_type": "application/vnd.docker.distribution.manifest.list.v2+json", "content_type": "image"}, {"creator": 1156886, "id": 52444175, "images": [{"architecture": "amd64", "features": "", "variant": null, "digest": "sha256:dbe9d06fc628e4dde0dd939702e523252773dd8521ccab71d6559f31075f0144", "os": "linux", "os_features": "", "os_version": null, "size": 354660362, "status": "active", "last_pulled": "2024-01-20T02:01:54.690582Z", "last_pushed": null}], "last_updated": "2019-06-21T21:43:09.835433Z", "last_updater": 1156886, "last_updater_username": "doijanky", "name": "7.5.7", "repository": 1367813, "full_size": 354660362, "v2": true, "tag_status": "active", "tag_last_pulled": "2024-01-20T02:01:54.690582Z", "tag_last_pushed": "2019-06-21T21:43:09.835433Z", "media_type": "application/vnd.docker.distribution.manifest.list.v2+json", "content_type": "image"}, {"creator": 1156886, "id": 57867711, "images": [{"architecture": "amd64", "features": "", "variant": null, "digest": "sha256:ecd8c8999fb40a0589c61820961679ff6ff16f3ff2e6f2cea81492dabdaab986", "os": "linux", "os_features": "", "os_version": null, "size": 272801538, "status": "active", "last_pulled": "2024-01-19T12:30:04.736083Z", "last_pushed": null}], "last_updated": "2019-06-21T21:43:05.616459Z", "last_updater": 1156886, "last_updater_username": "doijanky", "name": "7.5-slim", "repository": 1367813, "full_size": 272801538, "v2": true, "tag_status": "active", "tag_last_pulled": "2024-01-19T12:30:04.736083Z", "tag_last_pushed": "2019-06-21T21:43:05.616459Z", "media_type": "application/vnd.docker.distribution.manifest.list.v2+json", "content_type": "image"}, {"creator": 1156886, "id": 20172577, "images": [{"architecture": "amd64", "features": "", "variant": null, "digest": "sha256:dbe9d06fc628e4dde0dd939702e523252773dd8521ccab71d6559f31075f0144", "os": "linux", "os_features": "", "os_version": null, "size": 354660362, "status": "active", "last_pulled": "2024-01-20T02:01:54.690582Z", "last_pushed": null}], "last_updated": "2019-06-21T21:42:46.094721Z", "last_updater": 1156886, "last_updater_username": "doijanky", "name": "7.5", "repository": 1367813, "full_size": 354660362, "v2": true, "tag_status": "active", "tag_last_pulled": "2024-01-20T02:01:54.690582Z", "tag_last_pushed": "2019-06-21T21:42:46.094721Z", "media_type": "application/vnd.docker.distribution.manifest.list.v2+json", "content_type": "image"}, {"creator": 1156886, "id": 20237775, "images": [{"architecture": "arm", "features": "", "variant": "v6", "digest": "sha256:4ebd2168d81a2571b180aab44817b44d496e23033604461ba5dac92d9478d1d9", "os": "linux", "os_features": "", "os_version": null, "size": 198572846, "status": "inactive", "last_pulled": null, "last_pushed": null}, {"architecture": "arm64", "features": "", "variant": "v8", "digest": "sha256:36d000bf82b17761d0c40060d6cbd48b31323a58ee5acd137fadb5f1ecbf01c3", "os": "linux", "os_features": "", "os_version": null, "size": 201746862, "status": "inactive", "last_pulled": null, "last_pushed": null}, {"architecture": "386", "features": "", "variant": null, "digest": "sha256:de32cfa4b27f0418301fdd25998069025951ec2bbf60bb53cc82a4cb84b649e9", "os": "linux", "os_features": "", "os_version": null, "size": 202878760, "status": "inactive", "last_pulled": null, "last_pushed": null}, {"architecture": "amd64", "features": "", "variant": null, "digest": "sha256:4027f782a309b026e72a5b69243e282bf72893c9b347fd2abbbd52548219c067", "os": "linux", "os_features": "", "os_version": null, "size": 202000204, "status": "inactive", "last_pulled": null, "last_pushed": null}], "last_updated": "2019-05-11T18:43:12.413644Z", "last_updater": 1156886, "last_updater_username": "doijanky", "name": "alpine", "repository": 1367813, "full_size": 202000204, "v2": true, "tag_status": "inactive", "tag_last_pulled": null, "tag_last_pushed": "2019-05-11T18:43:12.413644Z", "media_type": "application/vnd.docker.distribution.manifest.list.v2+json", "content_type": "image"}, {"creator": 1156886, "id": 52444209, "images": [{"architecture": "amd64", "features": "", "variant": null, "digest": "sha256:4027f782a309b026e72a5b69243e282bf72893c9b347fd2abbbd52548219c067", "os": "linux", "os_features": "", "os_version": null, "size": 202000204, "status": "inactive", "last_pulled": null, "last_pushed": null}, {"architecture": "arm", "features": "", "variant": "v6", "digest": "sha256:4ebd2168d81a2571b180aab44817b44d496e23033604461ba5dac92d9478d1d9", "os": "linux", "os_features": "", "os_version": null, "size": 198572846, "status": "inactive", "last_pulled": null, "last_pushed": null}, {"architecture": "arm64", "features": "", "variant": "v8", "digest": "sha256:36d000bf82b17761d0c40060d6cbd48b31323a58ee5acd137fadb5f1ecbf01c3", "os": "linux", "os_features": "", "os_version": null, "size": 201746862, "status": "inactive", "last_pulled": null, "last_pushed": null}, {"architecture": "386", "features": "", "variant": null, "digest": "sha256:de32cfa4b27f0418301fdd25998069025951ec2bbf60bb53cc82a4cb84b649e9", "os": "linux", "os_features": "", "os_version": null, "size": 202878760, "status": "inactive", "last_pulled": null, "last_pushed": null}], "last_updated": "2019-05-11T18:43:08.042594Z", "last_updater": 1156886, "last_updater_username": "doijanky", "name": "7.5.7-alpine", "repository": 1367813, "full_size": 202000204, "v2": true, "tag_status": "inactive", "tag_last_pulled": null, "tag_last_pushed": "2019-05-11T18:43:08.042594Z", "media_type": "application/vnd.docker.distribution.manifest.list.v2+json", "content_type": "image"}, {"creator": 1156886, "id": 20237774, "images": [{"architecture": "amd64", "features": "", "variant": null, "digest": "sha256:4027f782a309b026e72a5b69243e282bf72893c9b347fd2abbbd52548219c067", "os": "linux", "os_features": "", "os_version": null, "size": 202000204, "status": "inactive", "last_pulled": null, "last_pushed": null}, {"architecture": "arm", "features": "", "variant": "v6", "digest": "sha256:4ebd2168d81a2571b180aab44817b44d496e23033604461ba5dac92d9478d1d9", "os": "linux", "os_features": "", "os_version": null, "size": 198572846, "status": "inactive", "last_pulled": null, "last_pushed": null}, {"architecture": "arm64", "features": "", "variant": "v8", "digest": "sha256:36d000bf82b17761d0c40060d6cbd48b31323a58ee5acd137fadb5f1ecbf01c3", "os": "linux", "os_features": "", "os_version": null, "size": 201746862, "status": "inactive", "last_pulled": null, "last_pushed": null}, {"architecture": "386", "features": "", "variant": null, "digest": "sha256:de32cfa4b27f0418301fdd25998069025951ec2bbf60bb53cc82a4cb84b649e9", "os": "linux", "os_features": "", "os_version": null, "size": 202878760, "status": "inactive", "last_pulled": null, "last_pushed": null}], "last_updated": "2019-05-11T18:43:04.325726Z", "last_updater": 1156886, "last_updater_username": "doijanky", "name": "7.5-alpine", "repository": 1367813, "full_size": 202000204, "v2": true, "tag_status": "inactive", "tag_last_pulled": null, "tag_last_pushed": "2019-05-11T18:43:04.325726Z", "media_type": "application/vnd.docker.distribution.manifest.list.v2+json", "content_type": "image"}, {"creator": 1156886, "id": 22788706, "images": [{"architecture": "amd64", "features": "", "variant": null, "digest": "sha256:d3bc1ac42b5aedee259e222b1b825f3e5533b78d00344a4781f67c1179f32822", "os": "linux", "os_features": "", "os_version": null, "size": 159077860, "status": "inactive", "last_pulled": null, "last_pushed": null}, {"architecture": "arm", "features": "", "variant": "v6", "digest": "sha256:1eb88c2d9478dbad0dda0440478a681bafcd30db75664d7100e787d1aee677f0", "os": "linux", "os_features": "", "os_version": null, "size": 155674895, "status": "inactive", "last_pulled": null, "last_pushed": null}, {"architecture": "arm64", "features": "", "variant": "v8", "digest": "sha256:9421afe02fe53cafa14fc9637370a690fc54e45812395ee519d3e069d84782f8", "os": "linux", "os_features": "", "os_version": null, "size": 158859770, "status": "inactive", "last_pulled": null, "last_pushed": null}, {"architecture": "386", "features": "", "variant": null, "digest": "sha256:9894156bf75f1941d6d7e37893119d5e63df676a5acaf1df829ac97c8860acbe", "os": "linux", "os_features": "", "os_version": null, "size": 159968838, "status": "inactive", "last_pulled": null, "last_pushed": null}], "last_updated": "2019-05-11T18:42:47.948072Z", "last_updater": 1156886, "last_updater_username": "doijanky", "name": "7.4.8-alpine", "repository": 1367813, "full_size": 159077860, "v2": true, "tag_status": "inactive", "tag_last_pulled": null, "tag_last_pushed": "2019-05-11T18:42:47.948072Z", "media_type": "application/vnd.docker.distribution.manifest.list.v2+json", "content_type": "image"}, {"creator": 1156886, "id": 20237830, "images": [{"architecture": "amd64", "features": "", "variant": null, "digest": "sha256:d3bc1ac42b5aedee259e222b1b825f3e5533b78d00344a4781f67c1179f32822", "os": "linux", "os_features": "", "os_version": null, "size": 159077860, "status": "inactive", "last_pulled": null, "last_pushed": null}, {"architecture": "arm", "features": "", "variant": "v6", "digest": "sha256:1eb88c2d9478dbad0dda0440478a681bafcd30db75664d7100e787d1aee677f0", "os": "linux", "os_features": "", "os_version": null, "size": 155674895, "status": "inactive", "last_pulled": null, "last_pushed": null}, {"architecture": "arm64", "features": "", "variant": "v8", "digest": "sha256:9421afe02fe53cafa14fc9637370a690fc54e45812395ee519d3e069d84782f8", "os": "linux", "os_features": "", "os_version": null, "size": 158859770, "status": "inactive", "last_pulled": null, "last_pushed": null}, {"architecture": "386", "features": "", "variant": null, "digest": "sha256:9894156bf75f1941d6d7e37893119d5e63df676a5acaf1df829ac97c8860acbe", "os": "linux", "os_features": "", "os_version": null, "size": 159968838, "status": "inactive", "last_pulled": null, "last_pushed": null}], "last_updated": "2019-05-11T18:42:43.095935Z", "last_updater": 1156886, "last_updater_username": "doijanky", "name": "7.4-alpine", "repository": 1367813, "full_size": 159077860, "v2": true, "tag_status": "inactive", "tag_last_pulled": null, "tag_last_pushed": "2019-05-11T18:42:43.095935Z", "media_type": "application/vnd.docker.distribution.manifest.list.v2+json", "content_type": "image"}, {"creator": 1156886, "id": 22788697, "images": [{"architecture": "amd64", "features": "", "variant": null, "digest": "sha256:f1ced2c6233317b06fd2b756756665214728f43af55c88f02d1139ffa1e562b7", "os": "linux", "os_features": "", "os_version": null, "size": 276348827, "status": "inactive", "last_pulled": null, "last_pushed": null}, {"architecture": "arm", "features": "", "variant": "v7", "digest": "sha256:79c978354cd7cf1a3b499473566d312ffe6b077ab32d0e0a207e51c153fb0093", "os": "linux", "os_features": "", "os_version": null, "size": 259364167, "status": "inactive", "last_pulled": null, "last_pushed": null}, {"architecture": "arm64", "features": "", "variant": "v8", "digest": "sha256:89a4e73dfffbaa9b42bb0983143fbcf334906bcba4122462174328a59d5b3a96", "os": "linux", "os_features": "", "os_version": null, "size": 263704715, "status": "inactive", "last_pulled": null, "last_pushed": null}, {"architecture": "386", "features": "", "variant": null, "digest": "sha256:ff5d8524174335f34ab918d8122f0bd5cd6568145a697467ce7b55909682f94b", "os": "linux", "os_features": "", "os_version": null, "size": 291741580, "status": "inactive", "last_pulled": null, "last_pushed": null}], "last_updated": "2019-05-11T00:39:01.005599Z", "last_updater": 1156886, "last_updater_username": "doijanky", "name": "7.4.8", "repository": 1367813, "full_size": 276348827, "v2": true, "tag_status": "inactive", "tag_last_pulled": null, "tag_last_pushed": "2019-05-11T00:39:01.005599Z", "media_type": "application/vnd.docker.distribution.manifest.list.v2+json", "content_type": "image"}, {"creator": 2215, "id": 9490168, "images": [{"architecture": "amd64", "features": "", "variant": null, "digest": "sha256:f1ced2c6233317b06fd2b756756665214728f43af55c88f02d1139ffa1e562b7", "os": "linux", "os_features": "", "os_version": null, "size": 276348827, "status": "inactive", "last_pulled": null, "last_pushed": null}, {"architecture": "arm", "features": "", "variant": "v7", "digest": "sha256:79c978354cd7cf1a3b499473566d312ffe6b077ab32d0e0a207e51c153fb0093", "os": "linux", "os_features": "", "os_version": null, "size": 259364167, "status": "inactive", "last_pulled": null, "last_pushed": null}, {"architecture": "arm64", "features": "", "variant": "v8", "digest": "sha256:89a4e73dfffbaa9b42bb0983143fbcf334906bcba4122462174328a59d5b3a96", "os": "linux", "os_features": "", "os_version": null, "size": 263704715, "status": "inactive", "last_pulled": null, "last_pushed": null}, {"architecture": "386", "features": "", "variant": null, "digest": "sha256:ff5d8524174335f34ab918d8122f0bd5cd6568145a697467ce7b55909682f94b", "os": "linux", "os_features": "", "os_version": null, "size": 291741580, "status": "inactive", "last_pulled": null, "last_pushed": null}], "last_updated": "2019-05-11T00:38:51.372Z", "last_updater": 1156886, "last_updater_username": "doijanky", "name": "7.4", "repository": 1367813, "full_size": 276348827, "v2": true, "tag_status": "inactive", "tag_last_pulled": null, "tag_last_pushed": "2019-05-11T00:38:51.372Z", "media_type": "application/vnd.docker.distribution.manifest.list.v2+json", "content_type": "image"}, {"creator": 1156886, "id": 48849317, "images": [{"architecture": "amd64", "features": "", "variant": null, "digest": "sha256:09890767cc450969869b61c8be5c36bb694cbb5a90d71b905d0cbc4c885ff84b", "os": "linux", "os_features": "", "os_version": null, "size": 201849384, "status": "inactive", "last_pulled": null, "last_pushed": null}, {"architecture": "arm", "features": "", "variant": "v6", "digest": "sha256:fe6bf5e90b0019a28b7c1bb33014f038e00512c81fa744d5fed27e0f97e08f9d", "os": "linux", "os_features": "", "os_version": null, "size": 198421166, "status": "inactive", "last_pulled": null, "last_pushed": null}, {"architecture": "arm64", "features": "", "variant": "v8", "digest": "sha256:8e396417de6f18863baef1ab6ceaa557ed3529821217cbaa22dd183352d74dbe", "os": "linux", "os_features": "", "os_version": null, "size": 201597980, "status": "inactive", "last_pulled": null, "last_pushed": null}, {"architecture": "386", "features": "", "variant": null, "digest": "sha256:cfbca164e6b694f68faa5d129aa7a1a848203e39bd9785c7b0ccc0bc6594b3f6", "os": "linux", "os_features": "", "os_version": null, "size": 202723912, "status": "inactive", "last_pulled": null, "last_pushed": null}], "last_updated": "2019-04-10T17:42:51.621246Z", "last_updater": 1156886, "last_updater_username": "doijanky", "name": "7.5.6-alpine", "repository": 1367813, "full_size": 201849384, "v2": true, "tag_status": "inactive", "tag_last_pulled": null, "tag_last_pushed": "2019-04-10T17:42:51.621246Z", "media_type": "application/vnd.docker.distribution.manifest.list.v2+json", "content_type": "image"}, {"creator": 1156886, "id": 48849295, "images": [{"architecture": "amd64", "features": "", "variant": null, "digest": "sha256:48d4ca7e80f363a29620665184d5f1d620204d5b376acb089b0cd514094ebf47", "os": "linux", "os_features": "", "os_version": null, "size": 319152143, "status": "inactive", "last_pulled": null, "last_pushed": null}, {"architecture": "arm", "features": "", "variant": "v7", "digest": "sha256:79c606b5f2fdb7e425bed3140d1e21662a224cda1a6b845f6c7c84df09808ee7", "os": "linux", "os_features": "", "os_version": null, "size": 302135761, "status": "inactive", "last_pulled": null, "last_pushed": null}, {"architecture": "arm64", "features": "", "variant": "v8", "digest": "sha256:cb4facd41adf4b3458e85e3ba84185670f258c70832f3390c479b8c12e831d7d", "os": "linux", "os_features": "", "os_version": null, "size": 306462113, "status": "inactive", "last_pulled": null, "last_pushed": null}, {"architecture": "386", "features": "", "variant": null, "digest": "sha256:20fc2742027d6575c25aaac09adc8db9e59cb896bc7d04d84744096060c21f37", "os": "linux", "os_features": "", "os_version": null, "size": 334535300, "status": "inactive", "last_pulled": null, "last_pushed": null}], "last_updated": "2019-03-28T14:45:03.234091Z", "last_updater": 1156886, "last_updater_username": "doijanky", "name": "7.5.6", "repository": 1367813, "full_size": 319152143, "v2": true, "tag_status": "inactive", "tag_last_pulled": null, "tag_last_pushed": "2019-03-28T14:45:03.234091Z", "media_type": "application/vnd.docker.distribution.manifest.list.v2+json", "content_type": "image"}, {"creator": 1156886, "id": 45956578, "images": [{"architecture": "amd64", "features": "", "variant": null, "digest": "sha256:4da4ce5acf57651ee204532b85f0723e5f251d32abbd8e4885c13a94dc7ba764", "os": "linux", "os_features": "", "os_version": null, "size": 318601972, "status": "inactive", "last_pulled": null, "last_pushed": null}, {"architecture": "arm", "features": "", "variant": "v7", "digest": "sha256:4611757dd56141f46a858d7d99e530ab20ebf9c9d0a68cb5bd56d1b87b89d1ab", "os": "linux", "os_features": "", "os_version": null, "size": 301611164, "status": "inactive", "last_pulled": null, "last_pushed": null}, {"architecture": "arm64", "features": "", "variant": "v8", "digest": "sha256:8839b8092622362a38e3979479b2b67289ef283cf62f8da84030b573082fbfcd", "os": "linux", "os_features": "", "os_version": null, "size": 305677191, "status": "inactive", "last_pulled": null, "last_pushed": null}, {"architecture": "386", "features": "", "variant": null, "digest": "sha256:4d626a11fec238af850297b42e98259ea4bcab9fe2865d7cdf2b1eff9834a92e", "os": "linux", "os_features": "", "os_version": null, "size": 341633027, "status": "inactive", "last_pulled": null, "last_pushed": null}], "last_updated": "2019-03-05T23:46:38.185393Z", "last_updater": 1156886, "last_updater_username": "doijanky", "name": "7.5.5", "repository": 1367813, "full_size": 318601972, "v2": true, "tag_status": "inactive", "tag_last_pulled": null, "tag_last_pushed": "2019-03-05T23:46:38.185393Z", "media_type": "application/vnd.docker.distribution.manifest.list.v2+json", "content_type": "image"}, {"creator": 1156886, "id": 45956606, "images": [{"architecture": "amd64", "features": "", "variant": null, "digest": "sha256:e191f2d782733e0adad11e23f622ea0b7bfdd28fb3b4bb6e1786af4c90767b98", "os": "linux", "os_features": "", "os_version": null, "size": 201346180, "status": "inactive", "last_pulled": null, "last_pushed": null}, {"architecture": "arm", "features": "", "variant": "v6", "digest": "sha256:583228f101e53a35c5dcb1ee9e891a26e6beb78f4da731d424304d1ac44a0f0e", "os": "linux", "os_features": "", "os_version": null, "size": 197868532, "status": "inactive", "last_pulled": null, "last_pushed": null}, {"architecture": "arm64", "features": "", "variant": "v8", "digest": "sha256:8981170bf91370eaaa29a96bae2a80eaac7fb6ae35b0a30b12664877c1c0b055", "os": "linux", "os_features": "", "os_version": null, "size": 201061392, "status": "inactive", "last_pulled": null, "last_pushed": null}, {"architecture": "386", "features": "", "variant": null, "digest": "sha256:6697e7ebeb49541b3024197f789b79550673fdf39acbedaca60f6d58e540e9e9", "os": "linux", "os_features": "", "os_version": null, "size": 202238046, "status": "inactive", "last_pulled": null, "last_pushed": null}], "last_updated": "2019-02-22T21:02:34.428335Z", "last_updater": 1156886, "last_updater_username": "doijanky", "name": "7.5.5-alpine", "repository": 1367813, "full_size": 201346180, "v2": true, "tag_status": "inactive", "tag_last_pulled": null, "tag_last_pushed": "2019-02-22T21:02:34.428335Z", "media_type": "application/vnd.docker.distribution.manifest.list.v2+json", "content_type": "image"}, {"creator": 1156886, "id": 43113461, "images": [{"architecture": "amd64", "features": "", "variant": null, "digest": "sha256:7c479244233819572e89d87809c9ec232f734dcd086b9de4e6f9454dd05ffef7", "os": "linux", "os_features": "", "os_version": null, "size": 202027206, "status": "inactive", "last_pulled": null, "last_pushed": null}, {"architecture": "arm", "features": "", "variant": "v6", "digest": "sha256:11025839052ffdd1c731f4796518cca2867f3227a119181ad8e15241b43f2755", "os": "linux", "os_features": "", "os_version": null, "size": 198391973, "status": "inactive", "last_pulled": null, "last_pushed": null}, {"architecture": "arm64", "features": "", "variant": "v8", "digest": "sha256:f231ff1d6e87f6dbd4879366142b19339b36e799389d55d0e108c9efe4b861bc", "os": "linux", "os_features": "", "os_version": null, "size": 199310210, "status": "inactive", "last_pulled": null, "last_pushed": null}, {"architecture": "386", "features": "", "variant": null, "digest": "sha256:e67284d5bafb5c727f49b360ec5ba3fde6764363e7a1b05aa98716a58f84ee51", "os": "linux", "os_features": "", "os_version": null, "size": 202792383, "status": "inactive", "last_pulled": null, "last_pushed": null}], "last_updated": "2019-01-31T04:43:39.569764Z", "last_updater": 1156886, "last_updater_username": "doijanky", "name": "7.5.4-alpine", "repository": 1367813, "full_size": 202027206, "v2": true, "tag_status": "inactive", "tag_last_pulled": null, "tag_last_pushed": "2019-01-31T04:43:39.569764Z", "media_type": "application/vnd.docker.distribution.manifest.list.v2+json", "content_type": "image"}, {"creator": 1156886, "id": 43113456, "images": [{"architecture": "amd64", "features": "", "variant": null, "digest": "sha256:28ef8128aa2f60b7b0d4f54834e1d71828b48def11735eba0006dfcdca8cef01", "os": "linux", "os_features": "", "os_version": null, "size": 318515756, "status": "inactive", "last_pulled": null, "last_pushed": null}, {"architecture": "arm", "features": "", "variant": "v7", "digest": "sha256:eba7f9e267945cf0b1dce10a0150f5efadcad7c56e5ed73f5ea20f48fc899a12", "os": "linux", "os_features": "", "os_version": null, "size": 338234992, "status": "inactive", "last_pulled": null, "last_pushed": null}, {"architecture": "arm64", "features": "", "variant": "v8", "digest": "sha256:37093da8a475a0a0c793b70ec9a655364f357c8ab4ae48e6c9c6b25dc0e96fb3", "os": "linux", "os_features": "", "os_version": null, "size": 305569248, "status": "inactive", "last_pulled": null, "last_pushed": null}, {"architecture": "386", "features": "", "variant": null, "digest": "sha256:6d9bb7281d703cb7acc9ecbac262515c23d45744cc22e1fc005dc46b862bdedc", "os": "linux", "os_features": "", "os_version": null, "size": 333921011, "status": "inactive", "last_pulled": null, "last_pushed": null}], "last_updated": "2019-01-24T04:44:31.093849Z", "last_updater": 1156886, "last_updater_username": "doijanky", "name": "7.5.4", "repository": 1367813, "full_size": 318515756, "v2": true, "tag_status": "inactive", "tag_last_pulled": null, "tag_last_pushed": "2019-01-24T04:44:31.093849Z", "media_type": "application/vnd.docker.distribution.manifest.list.v2+json", "content_type": "image"}, {"creator": 1156886, "id": 35739665, "images": [{"architecture": "amd64", "features": "", "variant": null, "digest": "sha256:eb9ccabc3b4d8cd0297b3a037dfb577eed029cb71ed73f3951f20b5c05f42197", "os": "linux", "os_features": "", "os_version": null, "size": 201901387, "status": "inactive", "last_pulled": null, "last_pushed": null}, {"architecture": "arm", "features": "", "variant": "v6", "digest": "sha256:ecf16eaa6f57c27139987eb6985f02b6eac89e17367ff693c85eba3dc8b4f320", "os": "linux", "os_features": "", "os_version": null, "size": 198266421, "status": "inactive", "last_pulled": null, "last_pushed": null}, {"architecture": "arm64", "features": "", "variant": "v8", "digest": "sha256:bbe8da3c60f6a7f98473f7bd2f36bdf1afa672906f937bdf8cea0da4e014099f", "os": "linux", "os_features": "", "os_version": null, "size": 199181661, "status": "inactive", "last_pulled": null, "last_pushed": null}, {"architecture": "386", "features": "", "variant": null, "digest": "sha256:39474944a96d676623e43ee6bdd3e870e03817a9e85102dd2faa0287bca5616f", "os": "linux", "os_features": "", "os_version": null, "size": 202659078, "status": "inactive", "last_pulled": null, "last_pushed": null}], "last_updated": "2018-12-21T20:44:04.947643Z", "last_updater": 1156886, "last_updater_username": "doijanky", "name": "7.5.3-alpine", "repository": 1367813, "full_size": 201901387, "v2": true, "tag_status": "inactive", "tag_last_pulled": null, "tag_last_pushed": "2018-12-21T20:44:04.947643Z", "media_type": "application/vnd.docker.distribution.manifest.list.v2+json", "content_type": "image"}, {"creator": 1156886, "id": 35739626, "images": [{"architecture": "amd64", "features": "", "variant": null, "digest": "sha256:7ae5332b6c359d83e8ea5b07ab4235279f2c747ddb5c006f5965792aaf180732", "os": "linux", "os_features": "", "os_version": null, "size": 318585827, "status": "inactive", "last_pulled": null, "last_pushed": null}, {"architecture": "arm", "features": "", "variant": "v7", "digest": "sha256:6fefbcd196bfeebe097094aa6d9c8d7c0b0f89f1f9d0d628484c886ec0eb6463", "os": "linux", "os_features": "", "os_version": null, "size": 338147210, "status": "inactive", "last_pulled": null, "last_pushed": null}, {"architecture": "arm64", "features": "", "variant": "v8", "digest": "sha256:ad12897a8769588b094748c57207eb48155a17b46cff72f4e5535db4ce7688d2", "os": "linux", "os_features": "", "os_version": null, "size": 305681998, "status": "inactive", "last_pulled": null, "last_pushed": null}, {"architecture": "386", "features": "", "variant": null, "digest": "sha256:e86d4c080708ed1e681b286769349e187b96eaa420c67cef3c4949c589f4124d", "os": "linux", "os_features": "", "os_version": null, "size": 333999122, "status": "inactive", "last_pulled": null, "last_pushed": null}], "last_updated": "2018-11-10T15:43:20.207546Z", "last_updater": 1156886, "last_updater_username": "doijanky", "name": "7.5.3", "repository": 1367813, "full_size": 318585827, "v2": true, "tag_status": "inactive", "tag_last_pulled": null, "tag_last_pushed": "2018-11-10T15:43:20.207546Z", "media_type": "application/vnd.docker.distribution.manifest.list.v2+json", "content_type": "image"}, {"creator": 1156886, "id": 27625460, "images": [{"architecture": "amd64", "features": "", "variant": null, "digest": "sha256:fa7d51f8bf7037241ae295f61176b1916301f8a2bb83fe457a6f0bb539ee54fc", "os": "linux", "os_features": "", "os_version": null, "size": 200158713, "status": "inactive", "last_pulled": null, "last_pushed": null}, {"architecture": "arm", "features": "", "variant": "v6", "digest": "sha256:626f86339478025fe297be2ea4fef03c0d20c97187017242827b650f4deb0669", "os": "linux", "os_features": "", "os_version": null, "size": 196542422, "status": "inactive", "last_pulled": null, "last_pushed": null}, {"architecture": "arm64", "features": "", "variant": "v8", "digest": "sha256:d5ebf693a89815736b0ce1adaf34c542aa1f10935465096c66d5dc3c8ca1e947", "os": "linux", "os_features": "", "os_version": null, "size": 197456722, "status": "inactive", "last_pulled": null, "last_pushed": null}, {"architecture": "386", "features": "", "variant": null, "digest": "sha256:a36708df12a040a6bc6dccf2e4c403d814be6a26d0d0793f352644073ef45342", "os": "linux", "os_features": "", "os_version": null, "size": 200924661, "status": "inactive", "last_pulled": null, "last_pushed": null}], "last_updated": "2018-09-15T17:43:56.731152Z", "last_updater": 1156886, "last_updater_username": "doijanky", "name": "7.5.2-alpine", "repository": 1367813, "full_size": 200158713, "v2": true, "tag_status": "inactive", "tag_last_pulled": null, "tag_last_pushed": "2018-09-15T17:43:56.731152Z", "media_type": "application/vnd.docker.distribution.manifest.list.v2+json", "content_type": "image"}, {"creator": 1156886, "id": 27625446, "images": [{"architecture": "amd64", "features": "", "variant": null, "digest": "sha256:6b006ae476d263e58fefea96f9bcb1ffff6878c6b23340269c0c15dac971026a", "os": "linux", "os_features": "", "os_version": null, "size": 317878348, "status": "inactive", "last_pulled": null, "last_pushed": null}, {"architecture": "arm", "features": "", "variant": "v7", "digest": "sha256:7113cf48dffcb155b66e70790fac81a7c5c6f8bfe6adfdda2056bfa28d47b610", "os": "linux", "os_features": "", "os_version": null, "size": 336469695, "status": "inactive", "last_pulled": null, "last_pushed": null}, {"architecture": "arm64", "features": "", "variant": "v8", "digest": "sha256:5f18140a94bbd2ac4f4110710942fddb03a64f510c00e508da2705ad287b515b", "os": "linux", "os_features": "", "os_version": null, "size": 304938263, "status": "inactive", "last_pulled": null, "last_pushed": null}, {"architecture": "386", "features": "", "variant": null, "digest": "sha256:3c4aa7460d246e2517bd5b0abdf5437ff032b141d356126ccde6eff8c09ad5a6", "os": "linux", "os_features": "", "os_version": null, "size": 333311063, "status": "inactive", "last_pulled": null, "last_pushed": null}], "last_updated": "2018-09-15T17:43:06.330756Z", "last_updater": 1156886, "last_updater_username": "doijanky", "name": "7.5.2", "repository": 1367813, "full_size": 317878348, "v2": true, "tag_status": "inactive", "tag_last_pulled": null, "tag_last_pushed": "2018-09-15T17:43:06.330756Z", "media_type": "application/vnd.docker.distribution.manifest.list.v2+json", "content_type": "image"}, {"creator": 1156886, "id": 24432497, "images": [{"architecture": "amd64", "features": "", "variant": null, "digest": "sha256:34534b23e40594b02435814db366e873108c753a1d8e4e19477319951578eb44", "os": "linux", "os_features": "", "os_version": null, "size": 197477613, "status": "inactive", "last_pulled": null, "last_pushed": null}, {"architecture": "arm64", "features": "", "variant": "v8", "digest": "sha256:e06b5b3d4434d06943cabf1461ce0d8d076c9f051f179101563fbc971dbc41e3", "os": "linux", "os_features": "", "os_version": null, "size": 195132251, "status": "inactive", "last_pulled": null, "last_pushed": null}, {"architecture": "386", "features": "", "variant": null, "digest": "sha256:654865c23abfac961c794d9a82fa8feec03151cd1217e7dffcbcf1f31d94807d", "os": "linux", "os_features": "", "os_version": null, "size": 198330315, "status": "inactive", "last_pulled": null, "last_pushed": null}], "last_updated": "2018-05-15T14:43:45.592829Z", "last_updater": 1156886, "last_updater_username": "doijanky", "name": "7.5.1-alpine", "repository": 1367813, "full_size": 197477613, "v2": true, "tag_status": "inactive", "tag_last_pulled": null, "tag_last_pushed": "2018-05-15T14:43:45.592829Z", "media_type": "application/vnd.docker.distribution.manifest.list.v2+json", "content_type": "image"}, {"creator": 1156886, "id": 24432495, "images": [{"architecture": "amd64", "features": "", "variant": null, "digest": "sha256:7143f9970410a1b57d93f6995d640981fe78e6d56c230e727f4c3aba8dfc3680", "os": "linux", "os_features": "", "os_version": null, "size": 316872033, "status": "inactive", "last_pulled": null, "last_pushed": null}, {"architecture": "arm", "features": "", "variant": "v7", "digest": "sha256:c3d44cbd3ea453af1f0ab25b3ca34b3dd535b7dd97325e167b762b7b4322b1bb", "os": "linux", "os_features": "", "os_version": null, "size": 329131018, "status": "inactive", "last_pulled": null, "last_pushed": null}, {"architecture": "arm64", "features": "", "variant": "v8", "digest": "sha256:49b2d3019c694fb68e62e806d00f3659ec7a790d8d9f1a26ce6601161a8a5e7f", "os": "linux", "os_features": "", "os_version": null, "size": 303899507, "status": "inactive", "last_pulled": null, "last_pushed": null}, {"architecture": "386", "features": "", "variant": null, "digest": "sha256:9a69d778ea09a6f189fbb38560efb7b209dbd88997c73e72f59ba364c2710d92", "os": "linux", "os_features": "", "os_version": null, "size": 332249190, "status": "inactive", "last_pulled": null, "last_pushed": null}], "last_updated": "2018-05-15T14:43:07.819339Z", "last_updater": 1156886, "last_updater_username": "doijanky", "name": "7.5.1", "repository": 1367813, "full_size": 316872033, "v2": true, "tag_status": "inactive", "tag_last_pulled": null, "tag_last_pushed": "2018-05-15T14:43:07.819339Z", "media_type": "application/vnd.docker.distribution.manifest.list.v2+json", "content_type": "image"}, {"creator": 1156886, "id": 20172576, "images": [{"architecture": "amd64", "features": "", "variant": null, "digest": "sha256:6261c227758397402820652dced72761d2b18b4752a2f5bce9989ab3d4b4dae8", "os": "linux", "os_features": "", "os_version": null, "size": 345707495, "status": "inactive", "last_pulled": null, "last_pushed": null}, {"architecture": "arm", "features": "", "variant": "v7", "digest": "sha256:83e27f38f90e405e1c70d07320dc492f9d8ec62b038951a25fd01012f4a6b7fb", "os": "linux", "os_features": "", "os_version": null, "size": 324830234, "status": "inactive", "last_pulled": null, "last_pushed": null}, {"architecture": "arm64", "features": "", "variant": "v8", "digest": "sha256:0235a204e1b51b4cd768df33db974e2a1aed6004de4287031a88ddf8c3983e0a", "os": "linux", "os_features": "", "os_version": null, "size": 329640121, "status": "inactive", "last_pulled": null, "last_pushed": null}, {"architecture": "386", "features": "", "variant": null, "digest": "sha256:48160ba33a7d0ccb3f31da2f5aba80bccf9f892285b7366876323da8f9324ec1", "os": "linux", "os_features": "", "os_version": null, "size": 372755235, "status": "inactive", "last_pulled": null, "last_pushed": null}], "last_updated": "2018-03-20T16:44:16.937722Z", "last_updater": 1156886, "last_updater_username": "doijanky", "name": "7.5.0", "repository": 1367813, "full_size": 345707495, "v2": true, "tag_status": "inactive", "tag_last_pulled": null, "tag_last_pushed": "2018-03-20T16:44:16.937722Z", "media_type": "application/vnd.docker.distribution.manifest.list.v2+json", "content_type": "image"}, {"creator": 1156886, "id": 20237773, "images": [{"architecture": "amd64", "features": "", "variant": null, "digest": "sha256:f1535e07906ae38246a0055f97a9063402ca9d41b9bcd8c59ce4bb6570c9ebb9", "os": "linux", "os_features": "", "os_version": null, "size": 193193928, "status": "inactive", "last_pulled": null, "last_pushed": null}, {"architecture": "arm", "features": "", "variant": "v6", "digest": "sha256:98db3ad89280f76a5ef73c2c10d393a9f34ceedf4d0a90b64f75312558d8e88c", "os": "linux", "os_features": "", "os_version": null, "size": 189867623, "status": "inactive", "last_pulled": null, "last_pushed": null}, {"architecture": "arm64", "features": "", "variant": "v8", "digest": "sha256:5bcd1b2059477ceac587489d451fff99e798eb346b5508ee4de5fc4df963ff56", "os": "linux", "os_features": "", "os_version": null, "size": 190855830, "status": "inactive", "last_pulled": null, "last_pushed": null}, {"architecture": "386", "features": "", "variant": null, "digest": "sha256:1326c374861901cb5fa824d5177b86802d588cd4f0f6b6a07d4cea85c420463f", "os": "linux", "os_features": "", "os_version": null, "size": 194033548, "status": "inactive", "last_pulled": null, "last_pushed": null}], "last_updated": "2018-02-26T22:42:58.639679Z", "last_updater": 1156886, "last_updater_username": "doijanky", "name": "7.5.0-alpine", "repository": 1367813, "full_size": 193193928, "v2": true, "tag_status": "inactive", "tag_last_pulled": null, "tag_last_pushed": "2018-02-26T22:42:58.639679Z", "media_type": "application/vnd.docker.distribution.manifest.list.v2+json", "content_type": "image"}, {"creator": 1156886, "id": 20237829, "images": [{"architecture": "amd64", "features": "", "variant": null, "digest": "sha256:45c6b0b45177beea0b75ba293d51019549134c1c4b23dd403ebff5d5e023eb5f", "os": "linux", "os_features": "", "os_version": null, "size": 158136266, "status": "inactive", "last_pulled": null, "last_pushed": null}, {"architecture": "arm", "features": "", "variant": "v6", "digest": "sha256:c1e51449c132259eb37e2bc5f6e76f35d0f058581eed2bbabf7548f17281764a", "os": "linux", "os_features": "", "os_version": null, "size": 154679026, "status": "inactive", "last_pulled": null, "last_pushed": null}, {"architecture": "arm64", "features": "", "variant": "v8", "digest": "sha256:8530f7230ba02b0d7eca7c9ad96897823cb8cc6d6b2b3a50cbd5c99a9ac5cfc7", "os": "linux", "os_features": "", "os_version": null, "size": 155798144, "status": "inactive", "last_pulled": null, "last_pushed": null}, {"architecture": "386", "features": "", "variant": null, "digest": "sha256:bc2e547fda81dea3bab8e34f1a86386e7b2da2e326e0972d756d57473bf689e5", "os": "linux", "os_features": "", "os_version": null, "size": 158975697, "status": "inactive", "last_pulled": null, "last_pushed": null}], "last_updated": "2018-02-19T14:43:57.49492Z", "last_updater": 1156886, "last_updater_username": "doijanky", "name": "7.4.7-alpine", "repository": 1367813, "full_size": 158136266, "v2": true, "tag_status": "inactive", "tag_last_pulled": null, "tag_last_pushed": "2018-02-19T14:43:57.49492Z", "media_type": "application/vnd.docker.distribution.manifest.list.v2+json", "content_type": "image"}, {"creator": 1156886, "id": 18560383, "images": [{"architecture": "amd64", "features": "", "variant": null, "digest": "sha256:76893b0e306d89e25faefee04d6525ca8ddd44f83ed285eca640bcafd646e496", "os": "linux", "os_features": "", "os_version": null, "size": 319829465, "status": "inactive", "last_pulled": null, "last_pushed": null}, {"architecture": "arm", "features": "", "variant": "v7", "digest": "sha256:1226977563394db082da3fd0b8d52284941f86783638380ac68ce03a2c80d785", "os": "linux", "os_features": "", "os_version": null, "size": 299002936, "status": "inactive", "last_pulled": null, "last_pushed": null}, {"architecture": "arm64", "features": "", "variant": "v8", "digest": "sha256:10dc116214cc452b07d03115481ada43b8a251677b9cf4c175dcd494422ff7e8", "os": "linux", "os_features": "", "os_version": null, "size": 303829201, "status": "inactive", "last_pulled": null, "last_pushed": null}, {"architecture": "386", "features": "", "variant": null, "digest": "sha256:41a338c7facea3b0f4944b4ec6676c50efabacf6b4a33d764144078e90ab7c62", "os": "linux", "os_features": "", "os_version": null, "size": 337705765, "status": "inactive", "last_pulled": null, "last_pushed": null}], "last_updated": "2018-02-19T14:43:08.032641Z", "last_updater": 1156886, "last_updater_username": "doijanky", "name": "7.4.7", "repository": 1367813, "full_size": 319829465, "v2": true, "tag_status": "inactive", "tag_last_pulled": null, "tag_last_pushed": "2018-02-19T14:43:08.032641Z", "media_type": "application/vnd.docker.distribution.manifest.list.v2+json", "content_type": "image"}, {"creator": 2215, "id": 9490230, "images": [{"architecture": "amd64", "features": "", "variant": null, "digest": "sha256:d6d60abecf1ee463bc22710cf3d3ce1cb2c621c4e7419991f9168a8cd3bc14ea", "os": "linux", "os_features": "", "os_version": null, "size": 254671253, "status": "inactive", "last_pulled": null, "last_pushed": null}], "last_updated": "2017-12-12T04:42:38.900601Z", "last_updater": 1156886, "last_updater_username": "doijanky", "name": "web-connector", "repository": 1367813, "full_size": 254671253, "v2": true, "tag_status": "inactive", "tag_last_pulled": null, "tag_last_pushed": "2017-12-12T04:42:38.900601Z", "media_type": "application/vnd.docker.distribution.manifest.list.v2+json", "content_type": "image"}, {"creator": 2215, "id": 9490219, "images": [{"architecture": "amd64", "features": "", "variant": null, "digest": "sha256:d6d60abecf1ee463bc22710cf3d3ce1cb2c621c4e7419991f9168a8cd3bc14ea", "os": "linux", "os_features": "", "os_version": null, "size": 254671253, "status": "inactive", "last_pulled": null, "last_pushed": null}], "last_updated": "2017-12-12T04:42:38.605696Z", "last_updater": 1156886, "last_updater_username": "doijanky", "name": "web-connector-7.4", "repository": 1367813, "full_size": 254671253, "v2": true, "tag_status": "inactive", "tag_last_pulled": null, "tag_last_pushed": "2017-12-12T04:42:38.605696Z", "media_type": "application/vnd.docker.distribution.manifest.list.v2+json", "content_type": "image"}, {"creator": 1156886, "id": 18560388, "images": [{"architecture": "amd64", "features": "", "variant": null, "digest": "sha256:d6d60abecf1ee463bc22710cf3d3ce1cb2c621c4e7419991f9168a8cd3bc14ea", "os": "linux", "os_features": "", "os_version": null, "size": 254671253, "status": "inactive", "last_pulled": null, "last_pushed": null}], "last_updated": "2017-12-12T04:42:38.180645Z", "last_updater": 1156886, "last_updater_username": "doijanky", "name": "web-connector-7.4.7", "repository": 1367813, "full_size": 254671253, "v2": true, "tag_status": "inactive", "tag_last_pulled": null, "tag_last_pushed": "2017-12-12T04:42:38.180645Z", "media_type": "application/vnd.docker.distribution.manifest.list.v2+json", "content_type": "image"}, {"creator": 2215, "id": 11898013, "images": [{"architecture": "amd64", "features": "", "variant": null, "digest": "sha256:186403e861a4b14fd091400ce720c40f978609dc8a8134d2dd4ca0a94b3a532a", "os": "linux", "os_features": "", "os_version": null, "size": 317156406, "status": "inactive", "last_pulled": null, "last_pushed": null}], "last_updated": "2017-11-07T18:42:23.651904Z", "last_updater": 1156886, "last_updater_username": "doijanky", "name": "7.4.6", "repository": 1367813, "full_size": 317156406, "v2": true, "tag_status": "inactive", "tag_last_pulled": null, "tag_last_pushed": "2017-11-07T18:42:23.651904Z", "media_type": "application/vnd.docker.distribution.manifest.list.v2+json", "content_type": "image"}, {"creator": 2215, "id": 11898139, "images": [{"architecture": "amd64", "features": "", "variant": null, "digest": "sha256:4e316a386a95d58f980a2b4107c6ba8a94cf4f71a46b5264502d5bff730a4bfd", "os": "linux", "os_features": "", "os_version": null, "size": 254736564, "status": "inactive", "last_pulled": null, "last_pushed": null}], "last_updated": "2017-11-04T18:42:34.457575Z", "last_updater": 1156886, "last_updater_username": "doijanky", "name": "web-connector-7.4.6", "repository": 1367813, "full_size": 254736564, "v2": true, "tag_status": "inactive", "tag_last_pulled": null, "tag_last_pushed": "2017-11-04T18:42:34.457575Z", "media_type": "application/vnd.docker.distribution.manifest.list.v2+json", "content_type": "image"}, {"creator": 2215, "id": 9490157, "images": [{"architecture": "amd64", "features": "", "variant": null, "digest": "sha256:030307926a7844599dd74f4408887ef988eaff27eb27edc5b102fae43e0a0f7a", "os": "linux", "os_features": "", "os_version": null, "size": 216801411, "status": "inactive", "last_pulled": null, "last_pushed": null}], "last_updated": "2017-05-22T16:17:23.034996Z", "last_updater": 2215, "last_updater_username": "stackbrew", "name": "7.4.5", "repository": 1367813, "full_size": 216801411, "v2": true, "tag_status": "inactive", "tag_last_pulled": null, "tag_last_pushed": "2017-05-22T16:17:23.034996Z", "media_type": "application/vnd.docker.container.image.v1+json", "content_type": "image"}, {"creator": 2215, "id": 9490205, "images": [{"architecture": "amd64", "features": "", "variant": null, "digest": "sha256:2d44ac134aec6edd0b0d7b4a392cdfa640f5bdc51ad64408a00846910977c3b5", "os": "linux", "os_features": "", "os_version": null, "size": 254367192, "status": "inactive", "last_pulled": null, "last_pushed": null}], "last_updated": "2017-05-13T15:13:26.39473Z", "last_updater": 2215, "last_updater_username": "stackbrew", "name": "web-connector-7.4.5", "repository": 1367813, "full_size": 254367192, "v2": true, "tag_status": "inactive", "tag_last_pulled": null, "tag_last_pushed": "2017-05-13T15:13:26.39473Z", "media_type": "application/vnd.docker.container.image.v1+json", "content_type": "image"}]