[{"creator": 7, "id": 96513, "images": [{"architecture": "amd64", "features": "", "variant": null, "digest": "sha256:0e412252dd56e038ff4cd2b53c7508b46b57c51b9170b14268b34b42c832adf3", "os": "linux", "os_features": "", "os_version": null, "size": 340479197, "status": "active", "last_pulled": "2024-01-20T08:11:42.430887Z", "last_pushed": "2024-01-11T12:10:44.825494Z"}, {"architecture": "arm64", "features": "", "variant": "v8", "digest": "sha256:a3356ad38618655daad14867ca9a957c3b79f1913c4a1d4a9b2bf3175ba35fde", "os": "linux", "os_features": "", "os_version": null, "size": 326483557, "status": "active", "last_pulled": "2024-01-20T04:42:36.803713Z", "last_pushed": "2024-01-11T06:47:36.357856Z"}, {"architecture": "ppc64le", "features": "", "variant": null, "digest": "sha256:857c8f6dffb79e2339d831779424ca6f7d8a26432d46041fd41bd40e6f82fb01", "os": "linux", "os_features": "", "os_version": null, "size": 339247800, "status": "active", "last_pulled": "2024-01-19T19:55:34.687412Z", "last_pushed": "2024-01-11T07:47:51.617219Z"}, {"architecture": "s390x", "features": "", "variant": null, "digest": "sha256:6081b797afc888e2b7b5a2eff8cb905088aaddbbe2eba9124e0083bbda46f009", "os": "linux", "os_features": "", "os_version": null, "size": 307283871, "status": "active", "last_pulled": "2024-01-20T04:42:37.328864Z", "last_pushed": "2024-01-11T08:46:19.436119Z"}], "last_updated": "2024-01-11T12:10:51.936701Z", "last_updater": 1156886, "last_updater_username": "doijanky", "name": "latest", "repository": 86092, "full_size": 340479197, "v2": true, "tag_status": "active", "tag_last_pulled": "2024-01-20T08:11:42.430887Z", "tag_last_pushed": "2024-01-11T12:10:51.936701Z", "media_type": "application/vnd.docker.distribution.manifest.list.v2+json", "content_type": "image", "digest": "sha256:fdfdfef572a2f79587435ee362262d6e1c1bf09bf3409e1a1508f83067f67ad0"}, {"creator": 1156886, "id": 539970608, "images": [{"architecture": "amd64", "features": "", "variant": null, "digest": "sha256:0e412252dd56e038ff4cd2b53c7508b46b57c51b9170b14268b34b42c832adf3", "os": "linux", "os_features": "", "os_version": null, "size": 340479197, "status": "active", "last_pulled": "2024-01-20T08:11:42.430887Z", "last_pushed": "2024-01-11T12:10:44.825494Z"}, {"architecture": "arm64", "features": "", "variant": "v8", "digest": "sha256:a3356ad38618655daad14867ca9a957c3b79f1913c4a1d4a9b2bf3175ba35fde", "os": "linux", "os_features": "", "os_version": null, "size": 326483557, "status": "active", "last_pulled": "2024-01-20T04:42:36.803713Z", "last_pushed": "2024-01-11T06:47:36.357856Z"}, {"architecture": "ppc64le", "features": "", "variant": null, "digest": "sha256:857c8f6dffb79e2339d831779424ca6f7d8a26432d46041fd41bd40e6f82fb01", "os": "linux", "os_features": "", "os_version": null, "size": 339247800, "status": "active", "last_pulled": "2024-01-19T19:55:34.687412Z", "last_pushed": "2024-01-11T07:47:51.617219Z"}, {"architecture": "s390x", "features": "", "variant": null, "digest": "sha256:6081b797afc888e2b7b5a2eff8cb905088aaddbbe2eba9124e0083bbda46f009", "os": "linux", "os_features": "", "os_version": null, "size": 307283871, "status": "active", "last_pulled": "2024-01-20T04:42:37.328864Z", "last_pushed": "2024-01-11T08:46:19.436119Z"}], "last_updated": "2024-01-11T12:10:47.011467Z", "last_updater": 1156886, "last_updater_username": "doijanky", "name": "4.3.2", "repository": 86092, "full_size": 340479197, "v2": true, "tag_status": "active", "tag_last_pulled": "2024-01-20T08:11:42.430887Z", "tag_last_pushed": "2024-01-11T12:10:47.011467Z", "media_type": "application/vnd.docker.distribution.manifest.list.v2+json", "content_type": "image", "digest": "sha256:fdfdfef572a2f79587435ee362262d6e1c1bf09bf3409e1a1508f83067f67ad0"}, {"creator": 1156886, "id": 460832850, "images": [{"architecture": "amd64", "features": "", "variant": null, "digest": "sha256:06979524919e444f50cf01c8e37403a90c7d06daf988c206c3236049f75fe3bd", "os": "linux", "os_features": "", "os_version": null, "size": 339689239, "status": "active", "last_pulled": "2024-01-20T08:09:44.054761Z", "last_pushed": "2023-10-12T03:53:32.032257Z"}, {"architecture": "arm64", "features": "", "variant": "v8", "digest": "sha256:8112202483112fc9f730637ccef9dc84a334f4c32cfcc0c678c3db57398a11cc", "os": "linux", "os_features": "", "os_version": null, "size": 325981322, "status": "active", "last_pulled": "2024-01-19T19:55:30.583857Z", "last_pushed": "2023-10-12T12:45:11.685Z"}, {"architecture": "ppc64le", "features": "", "variant": null, "digest": "sha256:eec77e079184125ee915d002d2160b132881557f8dc702d90481f63cc48dc56f", "os": "linux", "os_features": "", "os_version": null, "size": 338455037, "status": "active", "last_pulled": "2024-01-19T19:55:31.204834Z", "last_pushed": "2023-10-12T07:58:55.119363Z"}, {"architecture": "s390x", "features": "", "variant": null, "digest": "sha256:9db460d5d8dbc73c306fba13327aad4fe745d886fada977600153af511f928a7", "os": "linux", "os_features": "", "os_version": null, "size": 305571823, "status": "active", "last_pulled": "2024-01-19T19:55:31.919363Z", "last_pushed": "2023-10-12T10:01:12.544511Z"}], "last_updated": "2023-10-12T12:45:14.38016Z", "last_updater": 1156886, "last_updater_username": "doijanky", "name": "4.3.1", "repository": 86092, "full_size": 339689239, "v2": true, "tag_status": "active", "tag_last_pulled": "2024-01-20T08:09:44.054761Z", "tag_last_pushed": "2023-10-12T12:45:14.38016Z", "media_type": "application/vnd.docker.distribution.manifest.list.v2+json", "content_type": "image", "digest": "sha256:c7f2f0ccc473845408676992fa0fd52e989d3825d0aadb7460091ecf16c78c36"}, {"creator": 1156886, "id": 426250839, "images": [{"architecture": "amd64", "features": "", "variant": null, "digest": "sha256:4f0c3a5f1681e03af47991a48d5f8c9db4d8e141a5b77b8a33526a3223a2ea6c", "os": "linux", "os_features": "", "os_version": null, "size": 336631108, "status": "active", "last_pulled": "2024-01-20T00:20:35.675871Z", "last_pushed": "2023-06-13T13:13:20.346165Z"}, {"architecture": "arm64", "features": "", "variant": "v8", "digest": "sha256:36524e8c48da3809fbdbbe9450d3fbb8930a11c2fa2b31195668001bd2dfac45", "os": "linux", "os_features": "", "os_version": null, "size": 322771935, "status": "active", "last_pulled": "2024-01-19T19:55:26.865563Z", "last_pushed": "2023-06-13T13:13:21.77036Z"}, {"architecture": "ppc64le", "features": "", "variant": null, "digest": "sha256:ef829cbbae72bd2206db7f5558f3c10521892fb5ea56e9292143eff41ce4dd6e", "os": "linux", "os_features": "", "os_version": null, "size": 339392415, "status": "active", "last_pulled": "2024-01-19T19:55:27.429791Z", "last_pushed": "2023-06-13T07:21:39.790483Z"}, {"architecture": "s390x", "features": "", "variant": null, "digest": "sha256:47fcb52681cdc2a85dd364e3ff692e53ff2d4ba03324c81739b26ebddf717159", "os": "linux", "os_features": "", "os_version": null, "size": 297850943, "status": "active", "last_pulled": "2024-01-19T19:55:28.034172Z", "last_pushed": "2023-06-13T19:06:21.131021Z"}], "last_updated": "2023-06-13T19:06:23.518513Z", "last_updater": 1156886, "last_updater_username": "doijanky", "name": "4.3.0", "repository": 86092, "full_size": 336631108, "v2": true, "tag_status": "active", "tag_last_pulled": "2024-01-20T00:20:35.675871Z", "tag_last_pushed": "2023-06-13T19:06:23.518513Z", "media_type": "application/vnd.docker.distribution.manifest.list.v2+json", "content_type": "image", "digest": "sha256:5c2fc4ae3c6cb185d5e9e352f5e6add83f800d0e12b9f1074d038152ddfa0998"}, {"creator": 1156886, "id": 405073115, "images": [{"architecture": "amd64", "features": "", "variant": null, "digest": "sha256:7df41caf19aa90888ae139cc7806a0b078e8c3e14c57047ee67c125b13a05c13", "os": "linux", "os_features": "", "os_version": null, "size": 335705598, "status": "active", "last_pulled": "2024-01-20T07:22:16.64718Z", "last_pushed": "2023-04-12T07:43:00.91791Z"}, {"architecture": "arm64", "features": "", "variant": "v8", "digest": "sha256:6be4e05a10a22e42ca9ce12e89a3496c35de517c41345a691c7fae989ac8618c", "os": "linux", "os_features": "", "os_version": null, "size": 321696075, "status": "active", "last_pulled": "2024-01-19T19:55:22.850051Z", "last_pushed": "2023-04-12T03:32:50.817339Z"}, {"architecture": "ppc64le", "features": "", "variant": null, "digest": "sha256:ad733b9b4a87e03010934e45919108b91edda68db1af152852ff0fbebb42a081", "os": "linux", "os_features": "", "os_version": null, "size": 338307418, "status": "active", "last_pulled": "2024-01-19T19:55:23.455856Z", "last_pushed": "2023-04-12T07:21:46.847029Z"}, {"architecture": "s390x", "features": "", "variant": null, "digest": "sha256:fbc97c4b7e338206266dda888b6651b9a5a61ebfe4e984eeb24831cb256968a2", "os": "linux", "os_features": "", "os_version": null, "size": 296739450, "status": "active", "last_pulled": "2024-01-19T19:55:24.254845Z", "last_pushed": "2023-04-12T07:43:02.125472Z"}], "last_updated": "2023-04-12T07:43:04.285387Z", "last_updater": 1156886, "last_updater_username": "doijanky", "name": "4.2.3", "repository": 86092, "full_size": 335705598, "v2": true, "tag_status": "active", "tag_last_pulled": "2024-01-20T07:22:16.64718Z", "tag_last_pushed": "2023-04-12T07:43:04.285387Z", "media_type": "application/vnd.docker.distribution.manifest.list.v2+json", "content_type": "image", "digest": "sha256:d48acc908bb73ab844c049ac3b83dd6ced3647eb16dadcc3dad20abab4e5715a"}, {"creator": 1156886, "id": 320906448, "images": [{"architecture": "amd64", "features": "", "variant": null, "digest": "sha256:94ba89c4503af7c69dca11e855c24f30af8e21c43399d664a68ef8ae05a9f5a0", "os": "linux", "os_features": "", "os_version": null, "size": 347114704, "status": "active", "last_pulled": "2024-01-20T08:06:41.545288Z", "last_pushed": "2022-11-01T20:36:53.043131Z"}, {"architecture": "arm64", "features": "", "variant": "v8", "digest": "sha256:ead7b4acbb8685d4789069f581408e9337c7bcc8ee1ec3517919c86a455984aa", "os": "linux", "os_features": "", "os_version": null, "size": 331395384, "status": "active", "last_pulled": "2024-01-19T19:55:18.959057Z", "last_pushed": "2022-11-01T21:07:11.211284Z"}, {"architecture": "ppc64le", "features": "", "variant": null, "digest": "sha256:00c5f4bd44a731ea9e54c15551de11320873ea0514c92075ec51dee2e69d229d", "os": "linux", "os_features": "", "os_version": null, "size": 349276445, "status": "active", "last_pulled": "2024-01-19T19:55:19.551698Z", "last_pushed": "2022-11-01T20:36:54.531158Z"}, {"architecture": "s390x", "features": "", "variant": null, "digest": "sha256:6247d2370c4dde947aaeb9aecaf6f1cf2e9c9aa1fe5bfee2d7902b87b1896994", "os": "linux", "os_features": "", "os_version": null, "size": 305852537, "status": "active", "last_pulled": "2024-01-19T19:55:20.343507Z", "last_pushed": "2022-11-01T21:07:12.455833Z"}], "last_updated": "2022-11-01T21:07:15.157511Z", "last_updater": 1156886, "last_updater_username": "doijanky", "name": "4.2.2", "repository": 86092, "full_size": 347114704, "v2": true, "tag_status": "active", "tag_last_pulled": "2024-01-20T08:06:41.545288Z", "tag_last_pushed": "2022-11-01T21:07:15.157511Z", "media_type": "application/vnd.docker.distribution.manifest.list.v2+json", "content_type": "image", "digest": "sha256:ad49725f24f2abf3f3cb8010abfd00b74d424bc47c4e3841f10e805143e5a6fa"}, {"creator": 1156886, "id": 241490006, "images": [{"architecture": "amd64", "features": "", "variant": null, "digest": "sha256:8c5f13cb4700e18460efca2d4a6339b82f5cbae5a53efde0c0621dfe800086a4", "os": "linux", "os_features": "", "os_version": null, "size": 340330906, "status": "active", "last_pulled": "2024-01-20T07:37:10.866024Z", "last_pushed": "2022-07-12T13:40:00.010271Z"}, {"architecture": "arm64", "features": "", "variant": "v8", "digest": "sha256:73b2225b46c24a9946810e3806d517f1ea56efed7dd96e6950fe37164a8a75f0", "os": "linux", "os_features": "", "os_version": null, "size": 329563928, "status": "active", "last_pulled": "2024-01-19T19:55:15.074931Z", "last_pushed": "2022-07-12T13:13:54.088544Z"}, {"architecture": "ppc64le", "features": "", "variant": null, "digest": "sha256:b1862f043edd8372656f6c20fc7d3962d0e20651ca6131bc2a429effc7d3ec45", "os": "linux", "os_features": "", "os_version": null, "size": 339462470, "status": "active", "last_pulled": "2024-01-19T19:55:16.043858Z", "last_pushed": "2022-07-12T11:44:50.995333Z"}, {"architecture": "s390x", "features": "", "variant": null, "digest": "sha256:19ce5a4259f37ec86afb53b9bbe0df42ad3de8f115655b235bf8907026bed753", "os": "linux", "os_features": "", "os_version": null, "size": 304654790, "status": "active", "last_pulled": "2024-01-19T19:55:16.710525Z", "last_pushed": "2022-07-12T16:15:21.921525Z"}], "last_updated": "2022-07-12T16:15:24.768527Z", "last_updater": 1156886, "last_updater_username": "doijanky", "name": "4.2.1", "repository": 86092, "full_size": 340330906, "v2": true, "tag_status": "active", "tag_last_pulled": "2024-01-20T07:37:10.866024Z", "tag_last_pushed": "2022-07-12T16:15:24.768527Z", "media_type": "application/vnd.docker.distribution.manifest.list.v2+json", "content_type": "image"}, {"creator": 1156886, "id": 204507277, "images": [{"architecture": "amd64", "features": "", "variant": null, "digest": "sha256:6572b9195f451ac91d7ca41d341227f7ee41ef05ac1c1b322ff86d006e6d7dab", "os": "linux", "os_features": "", "os_version": null, "size": 340222428, "status": "active", "last_pulled": "2024-01-20T07:22:15.46885Z", "last_pushed": "2022-06-23T12:44:49.616913Z"}, {"architecture": "arm64", "features": "", "variant": "v8", "digest": "sha256:6a983779870e09d3e9d7d062ec1243373a670fdf472aa9dae4ad2a0270e16398", "os": "linux", "os_features": "", "os_version": null, "size": 329381803, "status": "active", "last_pulled": "2024-01-19T19:55:11.361824Z", "last_pushed": "2022-06-23T10:13:25.995683Z"}, {"architecture": "ppc64le", "features": "", "variant": null, "digest": "sha256:649133622ae6d9096c5a114d5c94cccea9237bb00ee006088fa8f3880298f502", "os": "linux", "os_features": "", "os_version": null, "size": 339344653, "status": "active", "last_pulled": "2024-01-19T19:55:12.247458Z", "last_pushed": "2022-06-24T01:18:07.359342Z"}, {"architecture": "s390x", "features": "", "variant": null, "digest": "sha256:cc900326084158b0307dd7d75d8b6501052dbbe48e62aa67ce4274c33fa026d9", "os": "linux", "os_features": "", "os_version": null, "size": 304557262, "status": "active", "last_pulled": "2024-01-19T19:55:12.956945Z", "last_pushed": "2022-06-23T14:06:13.169234Z"}], "last_updated": "2022-06-24T01:18:09.822552Z", "last_updater": 1156886, "last_updater_username": "doijanky", "name": "4.2.0", "repository": 86092, "full_size": 340222428, "v2": true, "tag_status": "active", "tag_last_pulled": "2024-01-20T07:22:15.46885Z", "tag_last_pushed": "2022-06-24T01:18:09.822552Z", "media_type": "application/vnd.docker.distribution.manifest.list.v2+json", "content_type": "image"}, {"creator": 1156886, "id": 196707012, "images": [{"architecture": "amd64", "features": "", "variant": null, "digest": "sha256:567cb8968827c97e1fb788e23e9a3acf8a5d95c6dbeeb88a48ae438e05fe2da0", "os": "linux", "os_features": "", "os_version": null, "size": 333807683, "status": "active", "last_pulled": "2024-01-20T08:06:40.308312Z", "last_pushed": "2022-04-20T13:43:14.469064Z"}, {"architecture": "arm64", "features": "", "variant": "v8", "digest": "sha256:6511b580c48b285bef5082c7f17ac57edb7af926f5168985056952c08c4bd401", "os": "linux", "os_features": "", "os_version": null, "size": 322935119, "status": "active", "last_pulled": "2024-01-19T19:55:07.398764Z", "last_pushed": "2022-04-20T12:13:20.955483Z"}, {"architecture": "ppc64le", "features": "", "variant": null, "digest": "sha256:3a391c5c5465c4c011eb6df90fa7a72fb801fc4928aee5108ff8907a69c6f146", "os": "linux", "os_features": "", "os_version": null, "size": 332620120, "status": "active", "last_pulled": "2024-01-19T19:55:08.251729Z", "last_pushed": "2022-04-21T04:25:54.092442Z"}, {"architecture": "s390x", "features": "", "variant": null, "digest": "sha256:3d11494acba1c9d2383b94a81e2448f6df0144a1e82d2f836b6a566c5755a336", "os": "linux", "os_features": "", "os_version": null, "size": 298352704, "status": "active", "last_pulled": "2024-01-19T19:55:08.980012Z", "last_pushed": "2022-04-20T16:23:29.971022Z"}], "last_updated": "2022-04-21T04:25:56.58188Z", "last_updater": 1156886, "last_updater_username": "doijanky", "name": "4.1.3", "repository": 86092, "full_size": 333807683, "v2": true, "tag_status": "active", "tag_last_pulled": "2024-01-20T08:06:40.308312Z", "tag_last_pushed": "2022-04-21T04:25:56.58188Z", "media_type": "application/vnd.docker.distribution.manifest.list.v2+json", "content_type": "image"}, {"creator": 1156886, "id": 175108702, "images": [{"architecture": "amd64", "features": "", "variant": null, "digest": "sha256:e09745c89830a0151e38763b7a13be5daa896e9df9c8c8537f7cbe7e499e9ce9", "os": "linux", "os_features": "", "os_version": null, "size": 333176140, "status": "active", "last_pulled": "2024-01-19T21:01:11.638919Z", "last_pushed": "2022-03-02T19:13:28.318328Z"}, {"architecture": "arm64", "features": "", "variant": "v8", "digest": "sha256:fd118135c923f3e559b5ec2fc017bdc5daff593847be9ff7850b0440cd2fc5bb", "os": "linux", "os_features": "", "os_version": null, "size": 322235245, "status": "active", "last_pulled": "2024-01-19T19:55:02.95054Z", "last_pushed": "2022-03-02T19:13:29.646917Z"}, {"architecture": "ppc64le", "features": "", "variant": null, "digest": "sha256:f53da4aefd8b6b071c67be5aa546a00ac18ac0f0a5fd721306cc250b47791308", "os": "linux", "os_features": "", "os_version": null, "size": 331258562, "status": "active", "last_pulled": "2024-01-19T19:55:03.672764Z", "last_pushed": "2022-01-26T19:59:46.37722Z"}, {"architecture": "s390x", "features": "", "variant": null, "digest": "sha256:e53613fba064a29a8ae33b9c87bf7927bafc07eaa7877258a116e2e920d5b2e6", "os": "linux", "os_features": "", "os_version": null, "size": 297940226, "status": "active", "last_pulled": "2024-01-19T19:55:04.753868Z", "last_pushed": "2022-03-01T15:37:37.559093Z"}], "last_updated": "2022-03-02T19:13:31.943614Z", "last_updater": 1156886, "last_updater_username": "doijanky", "name": "4.1.2", "repository": 86092, "full_size": 333176140, "v2": true, "tag_status": "active", "tag_last_pulled": "2024-01-19T21:01:11.638919Z", "tag_last_pushed": "2022-03-02T19:13:31.943614Z", "media_type": "application/vnd.docker.distribution.manifest.list.v2+json", "content_type": "image"}, {"creator": 1156886, "id": 162053076, "images": [{"architecture": "arm64", "features": "", "variant": "v8", "digest": "sha256:063ba124bdd92a89cf3a351310fa5742c0d74a549bc388a41936c4ec4a0d8ea9", "os": "linux", "os_features": "", "os_version": null, "size": 313090907, "status": "active", "last_pulled": "2024-01-19T19:54:59.240771Z", "last_pushed": "2021-10-12T16:27:24.598516Z"}, {"architecture": "amd64", "features": "", "variant": null, "digest": "sha256:967b9d2c0474c63761305f8f1abec4a3a9426ceff98497dd7a3ba44d468711f3", "os": "linux", "os_features": "", "os_version": null, "size": 325670166, "status": "active", "last_pulled": "2024-01-19T19:54:58.365274Z", "last_pushed": "2021-10-12T04:37:21.732827Z"}, {"architecture": "ppc64le", "features": "", "variant": null, "digest": "sha256:638b06c42d007f28aa4b7fed8da1e0014145ab34b42a722301082b647bb12f15", "os": "linux", "os_features": "", "os_version": null, "size": 323096135, "status": "active", "last_pulled": "2024-01-19T19:55:00.047245Z", "last_pushed": "2021-10-12T17:55:48.904121Z"}, {"architecture": "s390x", "features": "", "variant": null, "digest": "sha256:d48eb276898d6214b3299db215a8d449bb969d31afa0e710c21c8f6595fce2b6", "os": "linux", "os_features": "", "os_version": null, "size": 291181086, "status": "active", "last_pulled": "2024-01-19T19:55:00.684501Z", "last_pushed": "2021-10-12T04:12:32.965252Z"}], "last_updated": "2021-10-12T17:55:51.434561Z", "last_updater": 1156886, "last_updater_username": "doijanky", "name": "4.1.1", "repository": 86092, "full_size": 325670166, "v2": true, "tag_status": "active", "tag_last_pulled": "2024-01-19T19:55:00.684501Z", "tag_last_pushed": "2021-10-12T17:55:51.434561Z", "media_type": "application/vnd.docker.distribution.manifest.list.v2+json", "content_type": "image"}, {"creator": 1156886, "id": 150279021, "images": [{"architecture": "amd64", "features": "", "variant": null, "digest": "sha256:6389af5f9cf5c3c3268ed83fc9d9993e1321a7d9735bff43a44e026f4f6a0589", "os": "linux", "os_features": "", "os_version": null, "size": 324896043, "status": "active", "last_pulled": "2024-01-20T00:01:33.248476Z", "last_pushed": "2021-07-22T14:42:30.051751Z"}, {"architecture": "arm64", "features": "", "variant": "v8", "digest": "sha256:d61c5c0c116010f15891b8c0f013d6cf1e2487890c0edb8bcb88bf73b84ec0cc", "os": "linux", "os_features": "", "os_version": null, "size": 312362637, "status": "active", "last_pulled": "2024-01-19T19:54:55.21037Z", "last_pushed": "2021-07-22T12:31:05.041367Z"}, {"architecture": "s390x", "features": "", "variant": null, "digest": "sha256:6ee58fcf95f73f262cfdd59673abe9b2b85639b7c61b575f38a3c5cfe702e40f", "os": "linux", "os_features": "", "os_version": null, "size": 291088464, "status": "active", "last_pulled": "2024-01-19T19:54:56.559981Z", "last_pushed": "2021-07-22T06:46:08.260393Z"}, {"architecture": "ppc64le", "features": "", "variant": null, "digest": "sha256:4409a49802cb68dbb5135c26e7408f0ba6bc9713951620f2247c830c5de7f394", "os": "linux", "os_features": "", "os_version": null, "size": 322598908, "status": "active", "last_pulled": "2024-01-19T19:54:55.808769Z", "last_pushed": "2021-07-23T00:41:53.452168Z"}], "last_updated": "2021-07-23T00:41:55.224339Z", "last_updater": 1156886, "last_updater_username": "doijanky", "name": "4.1.0", "repository": 86092, "full_size": 324896043, "v2": true, "tag_status": "active", "tag_last_pulled": "2024-01-20T00:01:33.248476Z", "tag_last_pushed": "2021-07-23T00:41:55.224339Z", "media_type": "application/vnd.docker.distribution.manifest.list.v2+json", "content_type": "image"}, {"creator": 1156886, "id": 144104284, "images": [{"architecture": "ppc64le", "features": "", "variant": null, "digest": "sha256:c7609e8eba9c3d47a152f306af6085c161bd9f17635e79ced455a4d1fb1ebe62", "os": "linux", "os_features": "", "os_version": null, "size": 321719750, "status": "active", "last_pulled": "2024-01-19T19:54:51.367974Z", "last_pushed": "2021-04-10T14:57:37.097184Z"}, {"architecture": "amd64", "features": "", "variant": null, "digest": "sha256:076bdc8b18d51d350c45ee196f1fbbf32496f6b2ca92448fe96c7b768c22aef0", "os": "linux", "os_features": "", "os_version": null, "size": 323900452, "status": "active", "last_pulled": "2024-01-20T07:27:31.311062Z", "last_pushed": "2021-04-10T17:16:34.917757Z"}, {"architecture": "arm64", "features": "", "variant": "v8", "digest": "sha256:87e494d6c7815b7c5b68adec50d680cdf72dc55546650b86b26fb8aa4ac82c46", "os": "linux", "os_features": "", "os_version": null, "size": 311478118, "status": "active", "last_pulled": "2024-01-19T19:54:50.708077Z", "last_pushed": "2021-04-10T15:31:38.708777Z"}, {"architecture": "s390x", "features": "", "variant": null, "digest": "sha256:0127fb5d7bbc1930c71e76a42287b50bbf14d0e056ac3c91a39d3b0164c03734", "os": "linux", "os_features": "", "os_version": null, "size": 290206045, "status": "active", "last_pulled": "2024-01-19T19:54:52.012799Z", "last_pushed": "2021-04-10T06:12:19.881626Z"}], "last_updated": "2021-04-10T17:16:36.864113Z", "last_updater": 1156886, "last_updater_username": "doijanky", "name": "4.0.5", "repository": 86092, "full_size": 323900452, "v2": true, "tag_status": "active", "tag_last_pulled": "2024-01-20T07:27:31.311062Z", "tag_last_pushed": "2021-04-10T17:16:36.864113Z", "media_type": "application/vnd.docker.distribution.manifest.list.v2+json", "content_type": "image"}, {"creator": 1156886, "id": 137987660, "images": [{"architecture": "s390x", "features": "", "variant": null, "digest": "sha256:254e46f6da1ce20c02be7f4d5844bffa73c989ab95bde57302ad3404f2949e0c", "os": "linux", "os_features": "", "os_version": null, "size": 289262036, "status": "active", "last_pulled": "2024-01-19T19:54:47.954706Z", "last_pushed": "2021-03-31T02:33:53.906788Z"}, {"architecture": "amd64", "features": "", "variant": null, "digest": "sha256:113d93a47de8e5e233cb2f73373fbac6cb96a818cea3dd616d49186d65d23d5d", "os": "linux", "os_features": "", "os_version": null, "size": 322899704, "status": "active", "last_pulled": "2024-01-19T19:54:45.770175Z", "last_pushed": "2021-03-31T14:18:06.186998Z"}, {"architecture": "ppc64le", "features": "", "variant": null, "digest": "sha256:ab164eba73b3445e2920bb87cb929dd0d0069a4b16fb42f789b9766d076d7ea9", "os": "linux", "os_features": "", "os_version": null, "size": 320786790, "status": "active", "last_pulled": "2024-01-19T19:54:47.250328Z", "last_pushed": "2021-03-31T17:05:43.182853Z"}, {"architecture": "arm64", "features": "", "variant": "v8", "digest": "sha256:f29496d04d20e06f7d45a2801df0d7ff58e1179316c482e28ead2228e3eb53e0", "os": "linux", "os_features": "", "os_version": null, "size": 310543008, "status": "active", "last_pulled": "2024-01-19T19:54:46.482192Z", "last_pushed": "2021-03-31T14:41:01.612212Z"}], "last_updated": "2021-03-31T17:05:47.372233Z", "last_updater": 1156886, "last_updater_username": "doijanky", "name": "4.0.4", "repository": 86092, "full_size": 322899704, "v2": true, "tag_status": "active", "tag_last_pulled": "2024-01-19T19:54:47.954706Z", "tag_last_pushed": "2021-03-31T17:05:47.372233Z", "media_type": "application/vnd.docker.distribution.manifest.list.v2+json", "content_type": "image"}, {"creator": 1156886, "id": 121090556, "images": [{"architecture": "amd64", "features": "", "variant": null, "digest": "sha256:9737d0c00160f483c09415336e34cb9bad01571c1feac93c0a5e5eb40ed84268", "os": "linux", "os_features": "", "os_version": null, "size": 323787075, "status": "active", "last_pulled": "2024-01-19T19:54:42.106271Z", "last_pushed": "2021-02-09T10:12:15.915355Z"}, {"architecture": "arm64", "features": "", "variant": "v8", "digest": "sha256:6187381a137b751960df4d4b2d2504ca1867de9285035b098e0511bc79d9da71", "os": "linux", "os_features": "", "os_version": null, "size": 311407092, "status": "active", "last_pulled": "2024-01-19T19:54:42.99745Z", "last_pushed": "2021-02-09T17:50:42.685192Z"}, {"architecture": "s390x", "features": "", "variant": null, "digest": "sha256:fa2bf03af0b48ca27a3057b4e01f74110fb3a4afabc444ccbdc509589a535622", "os": "linux", "os_features": "", "os_version": null, "size": 290136202, "status": "active", "last_pulled": "2024-01-19T19:54:44.240581Z", "last_pushed": "2021-02-09T07:50:22.982376Z"}, {"architecture": "ppc64le", "features": "", "variant": null, "digest": "sha256:803cd460dd7a7cd659abe49874effe49565bcd7f43150d6332afd6ee18cdd223", "os": "linux", "os_features": "", "os_version": null, "size": 321616695, "status": "active", "last_pulled": "2024-01-19T19:54:43.617141Z", "last_pushed": "2021-02-09T22:13:48.650862Z"}], "last_updated": "2021-02-09T22:13:51.638418Z", "last_updater": 1156886, "last_updater_username": "doijanky", "name": "4.0.3", "repository": 86092, "full_size": 323787075, "v2": true, "tag_status": "active", "tag_last_pulled": "2024-01-19T19:54:44.240581Z", "tag_last_pushed": "2021-02-09T22:13:51.638418Z", "media_type": "application/vnd.docker.distribution.manifest.list.v2+json", "content_type": "image"}, {"creator": 1156886, "id": 105883523, "images": [{"architecture": "ppc64le", "features": "", "variant": null, "digest": "sha256:9ce01ec9c95fcd1eeccbd9c66638fb656b56ed7ec6592b42ada5b945a2d99a1f", "os": "linux", "os_features": "", "os_version": null, "size": 315738177, "status": "active", "last_pulled": "2024-01-19T19:54:40.36631Z", "last_pushed": null}, {"architecture": "arm64", "features": "", "variant": "v8", "digest": "sha256:155e1f6d579a67e53211fcadaa9169ee06cf5cb417e7fcd0f49ec71bb7eef251", "os": "linux", "os_features": "", "os_version": null, "size": 298441317, "status": "active", "last_pulled": "2024-01-19T19:54:39.520438Z", "last_pushed": null}, {"architecture": "amd64", "features": "", "variant": null, "digest": "sha256:1c4e181b5dbeef804a4bf1f2c6b888b0d2da333b1a5d99f0e1a3ced46b1cdaef", "os": "linux", "os_features": "", "os_version": null, "size": 312452725, "status": "active", "last_pulled": "2024-01-20T07:03:15.228147Z", "last_pushed": null}], "last_updated": "2020-09-10T19:37:10.577547Z", "last_updater": 1156886, "last_updater_username": "doijanky", "name": "4.0.2", "repository": 86092, "full_size": 0, "v2": true, "tag_status": "active", "tag_last_pulled": "2024-01-20T07:03:15.228147Z", "tag_last_pushed": "2020-09-10T19:37:10.577547Z", "media_type": "application/vnd.docker.distribution.manifest.list.v2+json", "content_type": "image"}, {"creator": 1156886, "id": 104020450, "images": [{"architecture": "amd64", "features": "", "variant": null, "digest": "sha256:122e45ba647762e7c8616c058f2a39fa44e7ea1b306d1d12c651df15fe01d5e6", "os": "linux", "os_features": "", "os_version": null, "size": 296728722, "status": "active", "last_pulled": "2024-01-20T06:55:47.274034Z", "last_pushed": null}, {"architecture": "arm64", "features": "", "variant": "v8", "digest": "sha256:f14f648a7c6f2dcae592b66f35f8ae466a670d6ff592ba9ea62cce5419846ee6", "os": "linux", "os_features": "", "os_version": null, "size": 287111020, "status": "active", "last_pulled": "2024-01-19T19:54:36.119196Z", "last_pushed": null}], "last_updated": "2020-06-09T18:13:17.708756Z", "last_updater": 1156886, "last_updater_username": "doijanky", "name": "4.0.1", "repository": 86092, "full_size": 0, "v2": true, "tag_status": "active", "tag_last_pulled": "2024-01-20T06:55:47.274034Z", "tag_last_pushed": "2020-06-09T18:13:17.708756Z", "media_type": "application/vnd.docker.distribution.manifest.list.v2+json", "content_type": "image"}, {"creator": 1156886, "id": 98477987, "images": [{"architecture": "arm64", "features": "", "variant": "v8", "digest": "sha256:85261a68c7f8d9366c2fd59a1a885ac55f097d33ab49c05fa681433d3e697092", "os": "linux", "os_features": "", "os_version": null, "size": 290480130, "status": "active", "last_pulled": "2024-01-19T19:54:33.628676Z", "last_pushed": null}, {"architecture": "amd64", "features": "", "variant": null, "digest": "sha256:ef11624b74507cf573c3382a5f5940674d3e86d14f67f3f2981fdf3d7750def7", "os": "linux", "os_features": "", "os_version": null, "size": 300826872, "status": "active", "last_pulled": "2024-01-19T19:54:32.697967Z", "last_pushed": null}], "last_updated": "2020-05-21T00:13:23.024004Z", "last_updater": 1156886, "last_updater_username": "doijanky", "name": "4.0.0", "repository": 86092, "full_size": 0, "v2": true, "tag_status": "active", "tag_last_pulled": "2024-01-19T19:54:33.628676Z", "tag_last_pushed": "2020-05-21T00:13:23.024004Z", "media_type": "application/vnd.docker.distribution.manifest.list.v2+json", "content_type": "image"}, {"creator": 1156886, "id": 89085457, "images": [{"architecture": "amd64", "features": "", "variant": null, "digest": "sha256:5e1e1e13aaa8778e219c463a27637957404cc97bd416d4633b4b8cd9e215ff02", "os": "linux", "os_features": "", "os_version": null, "size": 296283757, "status": "active", "last_pulled": "2024-01-20T04:10:03.968197Z", "last_pushed": null}, {"architecture": "arm64", "features": "", "variant": "v8", "digest": "sha256:47c03229f5bce098616f12d8d9f3d0eee2cf6295b570e8da6cacd26249309f98", "os": "linux", "os_features": "", "os_version": null, "size": 286640480, "status": "active", "last_pulled": "2024-01-19T19:54:30.993789Z", "last_pushed": null}], "last_updated": "2020-04-23T12:13:20.192239Z", "last_updater": 1156886, "last_updater_username": "doijanky", "name": "3.6.3", "repository": 86092, "full_size": 296283757, "v2": true, "tag_status": "active", "tag_last_pulled": "2024-01-20T04:10:03.968197Z", "tag_last_pushed": "2020-04-23T12:13:20.192239Z", "media_type": "application/vnd.docker.distribution.manifest.list.v2+json", "content_type": "image"}, {"creator": 1156886, "id": 79845353, "images": [{"architecture": "amd64", "features": "", "variant": null, "digest": "sha256:15ce6ce530ed183970d2409c262dacc3169ad6375676eda607935f0a8c71c01e", "os": "linux", "os_features": "", "os_version": null, "size": 295789081, "status": "active", "last_pulled": "2024-01-19T19:54:27.971872Z", "last_pushed": null}, {"architecture": "arm64", "features": "", "variant": "v8", "digest": "sha256:a52d90f395cc0a06fa58dc29cab796b9dbf77cf7ac02327805e6fc866c06ef2a", "os": "linux", "os_features": "", "os_version": null, "size": 286284608, "status": "active", "last_pulled": "2024-01-19T19:54:28.683876Z", "last_pushed": null}], "last_updated": "2020-02-26T19:13:28.475353Z", "last_updater": 1156886, "last_updater_username": "doijanky", "name": "3.6.2", "repository": 86092, "full_size": 295789081, "v2": true, "tag_status": "active", "tag_last_pulled": "2024-01-19T19:54:28.683876Z", "tag_last_pushed": "2020-02-26T19:13:28.475353Z", "media_type": "application/vnd.docker.distribution.manifest.list.v2+json", "content_type": "image"}, {"creator": 1156886, "id": 61472440, "images": [{"architecture": "arm64", "features": "", "variant": "v8", "digest": "sha256:001eded51d148f05cffee84a487826e03e6034fb951ae5994c68e5746723a682", "os": "linux", "os_features": "", "os_version": null, "size": 284869186, "status": "active", "last_pulled": "2024-01-19T19:54:26.472672Z", "last_pushed": null}, {"architecture": "amd64", "features": "", "variant": null, "digest": "sha256:5902951c31af7d0ec25889d7d8a7a304e5d640220c3d7e9c92a94703c3b6006d", "os": "linux", "os_features": "", "os_version": null, "size": 289340952, "status": "active", "last_pulled": "2024-01-19T19:54:25.697738Z", "last_pushed": null}], "last_updated": "2019-11-23T07:13:19.98208Z", "last_updater": 1156886, "last_updater_username": "doijanky", "name": "3.6.1", "repository": 86092, "full_size": 289340952, "v2": true, "tag_status": "active", "tag_last_pulled": "2024-01-19T19:54:26.472672Z", "tag_last_pushed": "2019-11-23T07:13:19.98208Z", "media_type": "application/vnd.docker.distribution.manifest.list.v2+json", "content_type": "image"}, {"creator": 1156886, "id": 54045804, "images": [{"architecture": "arm64", "features": "", "variant": "v8", "digest": "sha256:82c21d32da92b15a308f860933f1d843aa0c03967144004095b43e09c2522c49", "os": "linux", "os_features": "", "os_version": null, "size": 269689884, "status": "active", "last_pulled": "2024-01-19T19:54:24.137814Z", "last_pushed": null}, {"architecture": "amd64", "features": "", "variant": null, "digest": "sha256:fc8b1655e370acca289060cf72ef365b76952c2d3c119c675c4684354383b00a", "os": "linux", "os_features": "", "os_version": null, "size": 280243171, "status": "active", "last_pulled": "2024-01-19T23:44:37.372458Z", "last_pushed": null}], "last_updated": "2019-06-11T02:48:13.174932Z", "last_updater": 1156886, "last_updater_username": "doijanky", "name": "3.6.0", "repository": 86092, "full_size": 280243171, "v2": true, "tag_status": "active", "tag_last_pulled": "2024-01-19T23:44:37.372458Z", "tag_last_pushed": "2019-06-11T02:48:13.174932Z", "media_type": "application/vnd.docker.distribution.manifest.list.v2+json", "content_type": "image"}, {"creator": 1156886, "id": 50739038, "images": [{"architecture": "amd64", "features": "", "variant": null, "digest": "sha256:62c848eeb175a2c4a06128cc6164266012975a2f8e6e1aedc3e739d7e8e15706", "os": "linux", "os_features": "", "os_version": null, "size": 281584599, "status": "inactive", "last_pulled": null, "last_pushed": null}, {"architecture": "arm64", "features": "", "variant": "v8", "digest": "sha256:2185daa59bccc85d59c57d00fedfd769839d81d2f27912c7fcc2f36bb477d32e", "os": "linux", "os_features": "", "os_version": null, "size": 271052149, "status": "inactive", "last_pulled": null, "last_pushed": null}], "last_updated": "2019-03-27T12:46:41.448695Z", "last_updater": 1156886, "last_updater_username": "doijanky", "name": "3.5.3", "repository": 86092, "full_size": 281584599, "v2": true, "tag_status": "inactive", "tag_last_pulled": null, "tag_last_pushed": "2019-03-27T12:46:41.448695Z", "media_type": "application/vnd.docker.distribution.manifest.list.v2+json", "content_type": "image"}, {"creator": 1156886, "id": 43113478, "images": [{"architecture": "amd64", "features": "", "variant": null, "digest": "sha256:880eb7da671bcf69e0e7711df22b8cefc11031bb8faee295b7823b9c3b1285a0", "os": "linux", "os_features": "", "os_version": null, "size": 284623425, "status": "inactive", "last_pulled": null, "last_pushed": null}, {"architecture": "arm64", "features": "", "variant": "v8", "digest": "sha256:64b00abf413df1862f42164eb1e4ffa31a1dd9e7fb6d7a9a21365d8c23d7cb1e", "os": "linux", "os_features": "", "os_version": null, "size": 273071220, "status": "inactive", "last_pulled": null, "last_pushed": null}], "last_updated": "2019-03-05T12:51:04.626635Z", "last_updater": 1156886, "last_updater_username": "doijanky", "name": "3.5.2", "repository": 86092, "full_size": 284623425, "v2": true, "tag_status": "inactive", "tag_last_pulled": null, "tag_last_pushed": "2019-03-05T12:51:04.626635Z", "media_type": "application/vnd.docker.distribution.manifest.list.v2+json", "content_type": "image"}, {"creator": 1156886, "id": 30664083, "images": [{"architecture": "amd64", "features": "", "variant": null, "digest": "sha256:bd9edc1a85ed563397fc2960ea1ff5c374fb0150a1d8188efbda3eaa09ee1cbb", "os": "linux", "os_features": "", "os_version": null, "size": 300531511, "status": "inactive", "last_pulled": null, "last_pushed": null}, {"architecture": "arm64", "features": "", "variant": "v8", "digest": "sha256:ed374c1c436f1ab44ae1545b07991da9bbdc231d1d63c900e9a1102879ac46f5", "os": "linux", "os_features": "", "os_version": null, "size": 287508877, "status": "inactive", "last_pulled": null, "last_pushed": null}], "last_updated": "2018-11-17T04:44:14.211091Z", "last_updater": 1156886, "last_updater_username": "doijanky", "name": "3.5.1", "repository": 86092, "full_size": 300531511, "v2": true, "tag_status": "inactive", "tag_last_pulled": null, "tag_last_pushed": "2018-11-17T04:44:14.211091Z", "media_type": "application/vnd.docker.distribution.manifest.list.v2+json", "content_type": "image"}, {"creator": 1156886, "id": 26856138, "images": [{"architecture": "amd64", "features": "", "variant": null, "digest": "sha256:1906588928271a18d5aecd8759f3399cc3daa1cf91ad5b18983bad6e7210e2a8", "os": "linux", "os_features": "", "os_version": null, "size": 299193871, "status": "inactive", "last_pulled": null, "last_pushed": null}], "last_updated": "2018-06-27T01:43:04.809041Z", "last_updater": 1156886, "last_updater_username": "doijanky", "name": "3.5.0", "repository": 86092, "full_size": 299193871, "v2": true, "tag_status": "inactive", "tag_last_pulled": null, "tag_last_pushed": "2018-06-27T01:43:04.809041Z", "media_type": "application/vnd.docker.distribution.manifest.list.v2+json", "content_type": "image"}, {"creator": 1156886, "id": 24010505, "images": [{"architecture": "amd64", "features": "", "variant": null, "digest": "sha256:d1325eaa28adcfb30eb32154e34a64377c2087041003ece9576b8e50ad2e52bf", "os": "linux", "os_features": "", "os_version": null, "size": 277386202, "status": "inactive", "last_pulled": null, "last_pushed": null}], "last_updated": "2018-05-01T09:43:05.045112Z", "last_updater": 1156886, "last_updater_username": "doijanky", "name": "3.4.4", "repository": 86092, "full_size": 277386202, "v2": true, "tag_status": "inactive", "tag_last_pulled": null, "tag_last_pushed": "2018-05-01T09:43:05.045112Z", "media_type": "application/vnd.docker.distribution.manifest.list.v2+json", "content_type": "image"}, {"creator": 1156886, "id": 18915745, "images": [{"architecture": "amd64", "features": "", "variant": null, "digest": "sha256:d1e1c25485af52c7784dc5aaea544af4c353bb678db3ec9db95d77837deea077", "os": "linux", "os_features": "", "os_version": null, "size": 280220111, "status": "inactive", "last_pulled": null, "last_pushed": null}], "last_updated": "2018-03-15T00:43:06.54214Z", "last_updater": 1156886, "last_updater_username": "doijanky", "name": "3.4.3", "repository": 86092, "full_size": 280220111, "v2": true, "tag_status": "inactive", "tag_last_pulled": null, "tag_last_pushed": "2018-03-15T00:43:06.54214Z", "media_type": "application/vnd.docker.distribution.manifest.list.v2+json", "content_type": "image"}, {"creator": 1156886, "id": 16036850, "images": [{"architecture": "amd64", "features": "", "variant": null, "digest": "sha256:02d3b7e00020d8eafa73445c771a7e3c7567aa2da5445d05d1ff2982f742c717", "os": "linux", "os_features": "", "os_version": null, "size": 273045262, "status": "inactive", "last_pulled": null, "last_pushed": null}], "last_updated": "2017-11-04T06:43:51.199863Z", "last_updater": 1156886, "last_updater_username": "doijanky", "name": "3.4.2", "repository": 86092, "full_size": 273045262, "v2": true, "tag_status": "inactive", "tag_last_pulled": null, "tag_last_pushed": "2017-11-04T06:43:51.199863Z", "media_type": "application/vnd.docker.distribution.manifest.list.v2+json", "content_type": "image"}, {"creator": 2215, "id": 13118248, "images": [{"architecture": "amd64", "features": "", "variant": null, "digest": "sha256:0ab131e275e4c550608096ff923a6d0be4d828ef26c5c463a13284ae340befc5", "os": "linux", "os_features": "", "os_version": null, "size": 488197935, "status": "inactive", "last_pulled": null, "last_pushed": null}], "last_updated": "2017-09-13T17:43:01.726975Z", "last_updater": 1156886, "last_updater_username": "doijanky", "name": "3.4.1", "repository": 86092, "full_size": 488197935, "v2": true, "tag_status": "inactive", "tag_last_pulled": null, "tag_last_pushed": "2017-09-13T17:43:01.726975Z", "media_type": "application/vnd.docker.distribution.manifest.list.v2+json", "content_type": "image"}, {"creator": 2215, "id": 10296130, "images": [{"architecture": "amd64", "features": "", "variant": null, "digest": "sha256:5a6c58403310c48904189c0beb5922d3f55299101c0a0de2ac1c6cf4ce0df226", "os": "linux", "os_features": "", "os_version": null, "size": 275120922, "status": "inactive", "last_pulled": null, "last_pushed": null}], "last_updated": "2017-06-24T21:04:36.165059Z", "last_updater": 2215, "last_updater_username": "stackbrew", "name": "3.4.0", "repository": 86092, "full_size": 275120922, "v2": true, "tag_status": "inactive", "tag_last_pulled": null, "tag_last_pushed": "2017-06-24T21:04:36.165059Z", "media_type": "application/vnd.docker.container.image.v1+json", "content_type": "image"}, {"creator": 2215, "id": 9034550, "images": [{"architecture": "amd64", "features": "", "variant": null, "digest": "sha256:88436550cddc42deaab35530795bd8f87b9a18756c51aa723a10e6cececca8ef", "os": "linux", "os_features": "", "os_version": null, "size": 259815151, "status": "inactive", "last_pulled": null, "last_pushed": null}], "last_updated": "2017-03-24T00:23:20.316417Z", "last_updater": 2215, "last_updater_username": "stackbrew", "name": "3.3.3", "repository": 86092, "full_size": 259815151, "v2": true, "tag_status": "inactive", "tag_last_pulled": null, "tag_last_pushed": "2017-03-24T00:23:20.316417Z", "media_type": "application/vnd.docker.container.image.v1+json", "content_type": "image"}, {"creator": 621950, "id": 5952840, "images": [{"architecture": "amd64", "features": "", "variant": null, "digest": "sha256:38270dc4745b49a29f8e0f793449b3845db7d3479e349b44c5b398012b5c9a8a", "os": "linux", "os_features": "", "os_version": null, "size": 259701080, "status": "inactive", "last_pulled": null, "last_pushed": null}], "last_updated": "2017-03-02T03:32:26.854196Z", "last_updater": 2215, "last_updater_username": "stackbrew", "name": "3.3.2", "repository": 86092, "full_size": 259701080, "v2": true, "tag_status": "inactive", "tag_last_pulled": null, "tag_last_pushed": "2017-03-02T03:32:26.854196Z", "media_type": "application/vnd.docker.container.image.v1+json", "content_type": "image"}, {"creator": 621950, "id": 3637675, "images": [{"architecture": "amd64", "features": "", "variant": null, "digest": "sha256:7ba1baf9d8bb9fa7eb58c43479dd1c45cdadeee0083058f3dcd0263bf083ea6b", "os": "linux", "os_features": "", "os_version": null, "size": 263522292, "status": "inactive", "last_pulled": null, "last_pushed": null}], "last_updated": "2016-10-18T00:09:56.710909Z", "last_updater": 621950, "last_updater_username": "signer", "name": "3.3.1", "repository": 86092, "full_size": 263522292, "v2": true, "tag_status": "inactive", "tag_last_pulled": null, "tag_last_pushed": "2016-10-18T00:09:56.710909Z", "media_type": "application/vnd.docker.container.image.v1+json", "content_type": "image"}, {"creator": 2215, "id": 2968060, "images": [{"architecture": "amd64", "features": "", "variant": null, "os": "", "os_features": "", "os_version": null, "size": 394620625, "status": "inactive", "last_pulled": null, "last_pushed": null}], "last_updated": "2016-05-31T23:58:16.282908Z", "last_updater": 621950, "last_updater_username": "signer", "name": "3.3.0", "repository": 86092, "full_size": 394620625, "v2": true, "tag_status": "inactive", "tag_last_pulled": null, "tag_last_pushed": "2016-05-31T23:58:16.282908Z", "media_type": "application/vnd.docker.distribution.manifest.v1+prettyjws", "content_type": "image"}, {"creator": 2215, "id": 2729895, "images": [{"architecture": "amd64", "features": "", "variant": null, "os": "", "os_features": "", "os_version": null, "size": 427169676, "status": "inactive", "last_pulled": null, "last_pushed": null}], "last_updated": "2016-05-06T21:51:37.054222Z", "last_updater": 2215, "last_updater_username": "stackbrew", "name": "3.2.5", "repository": 86092, "full_size": 427169676, "v2": true, "tag_status": "inactive", "tag_last_pulled": null, "tag_last_pushed": "2016-05-06T21:51:37.054222Z", "media_type": "application/vnd.docker.distribution.manifest.v1+prettyjws", "content_type": "image"}, {"creator": 2215, "id": 1631045, "images": [{"architecture": "amd64", "features": "", "variant": null, "digest": "sha256:7a5e8254bc01e4e8bd4516b15ba93bc450aa7dac8e34989fb7f68b3c52f5cb8c", "os": "", "os_features": "", "os_version": null, "size": 419688202, "status": "active", "last_pulled": "2024-01-19T19:53:55.793573Z", "last_pushed": null}], "last_updated": "2016-04-04T20:28:31.359858Z", "last_updater": 213249, "last_updater_username": "toli", "name": "3.2.3", "repository": 86092, "full_size": 419688042, "v2": true, "tag_status": "active", "tag_last_pulled": "2024-01-19T19:53:55.793573Z", "tag_last_pushed": "2016-04-04T20:28:31.359858Z", "media_type": "application/vnd.docker.distribution.manifest.v1+prettyjws", "content_type": "image"}, {"creator": 2215, "id": 2497022, "images": [{"architecture": "amd64", "features": "", "variant": null, "digest": "sha256:7bc261f10db0c59dab2313dea736d437c98d2bcf6e8057c6c67f02463ecd1589", "os": "", "os_features": "", "os_version": null, "size": 434183453, "status": "active", "last_pulled": "2024-01-19T19:53:56.980536Z", "last_pushed": null}], "last_updated": "2016-03-31T22:31:45.757558Z", "last_updater": 2215, "last_updater_username": "stackbrew", "name": "3.2.4", "repository": 86092, "full_size": 434183293, "v2": true, "tag_status": "active", "tag_last_pulled": "2024-01-19T19:53:56.980536Z", "tag_last_pushed": "2016-03-31T22:31:45.757558Z", "media_type": "application/vnd.docker.distribution.manifest.v1+prettyjws", "content_type": "image"}, {"creator": 2215, "id": 787351, "images": [{"architecture": "amd64", "features": "", "variant": null, "digest": "sha256:cc1ec9da7b7c26f0edfc9f15b4852777276c206d0eead09684aec2cda9ef3ca4", "os": "", "os_features": "", "os_version": null, "size": 410650416, "status": "active", "last_pulled": "2024-01-19T19:53:54.714845Z", "last_pushed": null}], "last_updated": "2015-12-08T06:22:03.171159Z", "last_updater": 2215, "last_updater_username": "stackbrew", "name": "3.2.2", "repository": 86092, "full_size": 410650256, "v2": true, "tag_status": "active", "tag_last_pulled": "2024-01-19T19:53:54.714845Z", "tag_last_pushed": "2015-12-08T06:22:03.171159Z", "media_type": "application/vnd.docker.distribution.manifest.v1+prettyjws", "content_type": "image", "digest": "sha256:cc1ec9da7b7c26f0edfc9f15b4852777276c206d0eead09684aec2cda9ef3ca4"}, {"creator": 7, "id": 96509, "images": [{"architecture": "amd64", "features": "", "variant": null, "digest": "sha256:6e5eaddf18440870f93cfe35dc780ac2e86be2b250bd9499ba49f9ab5f22a5e4", "os": "", "os_features": "", "os_version": null, "size": 212611554, "status": "active", "last_pulled": "2024-01-19T19:53:50.265236Z", "last_pushed": null}], "last_updated": "2015-11-13T23:06:23.811391Z", "last_updater": 134455, "last_updater_username": "diogomonica", "name": "3.1.2", "repository": 86092, "full_size": 212611362, "v2": true, "tag_status": "active", "tag_last_pulled": "2024-01-19T19:53:50.265236Z", "tag_last_pushed": "2015-11-13T23:06:23.811391Z", "media_type": "application/vnd.docker.distribution.manifest.v1+prettyjws", "content_type": "image", "digest": "sha256:6e5eaddf18440870f93cfe35dc780ac2e86be2b250bd9499ba49f9ab5f22a5e4"}, {"creator": 2215, "id": 557073, "images": [{"architecture": "amd64", "features": "", "variant": null, "digest": "sha256:fdd5105a3e9a584ff77519b212a94da8213f82c8ca4256ba0e709c2def55780d", "os": "", "os_features": "", "os_version": null, "size": 243796630, "status": "active", "last_pulled": "2024-01-19T19:53:53.623709Z", "last_pushed": null}], "last_updated": "2015-08-27T02:57:34Z", "last_updater": 213249, "last_updater_username": "toli", "name": "3.2.1", "repository": 86092, "full_size": 243796470, "v2": true, "tag_status": "active", "tag_last_pulled": "2024-01-19T19:53:53.623709Z", "tag_last_pushed": "2015-08-27T02:57:34Z", "media_type": "application/vnd.docker.distribution.manifest.v1+prettyjws", "content_type": "image", "digest": "sha256:fdd5105a3e9a584ff77519b212a94da8213f82c8ca4256ba0e709c2def55780d"}, {"creator": 7, "id": 96512, "images": [{"architecture": "amd64", "features": "", "variant": null, "digest": "sha256:75f024b54088c581319a8c823f78e2548b648dee04f835bdbdedf8e1c2c19449", "os": "", "os_features": "", "os_version": null, "size": 237920895, "status": "active", "last_pulled": "2024-01-19T19:53:52.511436Z", "last_pushed": null}], "last_updated": "2015-06-17T18:30:17Z", "last_updater": 7, "last_updater_username": "library", "name": "3.2.0", "repository": 86092, "full_size": 551715651, "v2": true, "tag_status": "active", "tag_last_pulled": "2024-01-19T19:53:52.511436Z", "tag_last_pushed": "2015-06-17T18:30:17Z", "media_type": "application/vnd.docker.distribution.manifest.v1+prettyjws", "content_type": "image", "digest": "sha256:75f024b54088c581319a8c823f78e2548b648dee04f835bdbdedf8e1c2c19449"}, {"creator": 7, "id": 96507, "images": [{"architecture": "amd64", "features": "", "variant": null, "digest": "sha256:f34c5411ffa35f8d34d664a629cb36a3456fecb4f369c4c959bd66a7abeaa69b", "os": "", "os_features": "", "os_version": null, "size": 225385337, "status": "active", "last_pulled": "2024-01-19T19:53:51.454071Z", "last_pushed": null}], "last_updated": "2015-04-21T12:07:40Z", "last_updater": 7, "last_updater_username": "library", "name": "3.1.3", "repository": 86092, "full_size": 516664987, "v2": true, "tag_status": "active", "tag_last_pulled": "2024-01-19T19:53:51.454071Z", "tag_last_pushed": "2015-04-21T12:07:40Z", "media_type": "application/vnd.docker.distribution.manifest.v1+prettyjws", "content_type": "image", "digest": "sha256:f34c5411ffa35f8d34d664a629cb36a3456fecb4f369c4c959bd66a7abeaa69b"}]