[{"creator": 7, "id": 73260, "images": [{"architecture": "amd64", "features": "", "variant": null, "digest": "sha256:e0a01e94dc4e65f65f5859ea9cb6dcebe047b71c5e4ee3180b7ebd15c6eb300e", "os": "linux", "os_features": "", "os_version": null, "size": 43741968, "status": "active", "last_pulled": "2024-01-20T07:33:51.080876Z", "last_pushed": "2021-10-01T07:17:08.355751Z"}], "last_updated": "2021-10-01T07:17:15.597258Z", "last_updater": 1156886, "last_updater_username": "doijanky", "name": "latest", "repository": 94161, "full_size": 43741968, "v2": true, "tag_status": "active", "tag_last_pulled": "2024-01-20T07:33:51.080876Z", "tag_last_pushed": "2021-10-01T07:17:15.597258Z", "media_type": "application/vnd.docker.distribution.manifest.list.v2+json", "content_type": "image", "digest": "sha256:c05261d526cdb880a07340d2b720afbde1a6da73e0dc994df2a0fb3129762ac3"}, {"creator": 1156886, "id": 46652147, "images": [{"architecture": "amd64", "features": "", "variant": null, "digest": "sha256:e0a01e94dc4e65f65f5859ea9cb6dcebe047b71c5e4ee3180b7ebd15c6eb300e", "os": "linux", "os_features": "", "os_version": null, "size": 43741968, "status": "active", "last_pulled": "2024-01-20T07:33:51.080876Z", "last_pushed": "2021-10-01T07:17:08.355751Z"}], "last_updated": "2021-10-01T07:17:11.528032Z", "last_updater": 1156886, "last_updater_username": "doijanky", "name": "0.12.0", "repository": 94161, "full_size": 43741968, "v2": true, "tag_status": "active", "tag_last_pulled": "2024-01-20T07:33:51.080876Z", "tag_last_pushed": "2021-10-01T07:17:11.528032Z", "media_type": "application/vnd.docker.distribution.manifest.list.v2+json", "content_type": "image"}, {"creator": 1156886, "id": 46652146, "images": [{"architecture": "amd64", "features": "", "variant": null, "digest": "sha256:e0a01e94dc4e65f65f5859ea9cb6dcebe047b71c5e4ee3180b7ebd15c6eb300e", "os": "linux", "os_features": "", "os_version": null, "size": 43741968, "status": "active", "last_pulled": "2024-01-20T07:33:51.080876Z", "last_pushed": "2021-10-01T07:17:08.355751Z"}], "last_updated": "2021-10-01T07:17:09.881365Z", "last_updater": 1156886, "last_updater_username": "doijanky", "name": "0.12", "repository": 94161, "full_size": 43741968, "v2": true, "tag_status": "active", "tag_last_pulled": "2024-01-20T07:33:51.080876Z", "tag_last_pushed": "2021-10-01T07:17:09.881365Z", "media_type": "application/vnd.docker.distribution.manifest.list.v2+json", "content_type": "image"}, {"creator": 2215, "id": 1847269, "images": [{"architecture": "amd64", "features": "", "variant": null, "digest": "sha256:8e12c5473f809a9b51e884fa4d561f38cd7bf0d6a292e2b86235fb6d067fceb0", "os": "linux", "os_features": "", "os_version": null, "size": 51268919, "status": "inactive", "last_pulled": null, "last_pushed": null}], "last_updated": "2019-05-10T23:53:12.659211Z", "last_updater": 1156886, "last_updater_username": "doijanky", "name": "0.9.3", "repository": 94161, "full_size": 51268919, "v2": true, "tag_status": "inactive", "tag_last_pulled": null, "tag_last_pushed": "2019-05-10T23:53:12.659211Z", "media_type": "application/vnd.docker.distribution.manifest.list.v2+json", "content_type": "image"}, {"creator": 7, "id": 73257, "images": [{"architecture": "amd64", "features": "", "variant": null, "digest": "sha256:8e12c5473f809a9b51e884fa4d561f38cd7bf0d6a292e2b86235fb6d067fceb0", "os": "linux", "os_features": "", "os_version": null, "size": 51268919, "status": "inactive", "last_pulled": null, "last_pushed": null}], "last_updated": "2019-05-10T23:53:10.406613Z", "last_updater": 1156886, "last_updater_username": "doijanky", "name": "0.9", "repository": 94161, "full_size": 51268919, "v2": true, "tag_status": "inactive", "tag_last_pulled": "2024-01-19T23:46:30.591062Z", "tag_last_pushed": "2019-05-10T23:53:10.406613Z", "media_type": "application/vnd.docker.distribution.manifest.list.v2+json", "content_type": "image", "digest": "sha256:965273845365074a76e03c28b6864dae3095db3d5391ec6165f20285eb71848b"}, {"creator": 1156886, "id": 22527705, "images": [{"architecture": "amd64", "features": "", "variant": null, "digest": "sha256:b1086389f2e1311402e9b398489f113409dffc4bad675370ab45e352cfc379cc", "os": "linux", "os_features": "", "os_version": null, "size": 52472410, "status": "inactive", "last_pulled": null, "last_pushed": null}], "last_updated": "2019-05-10T23:52:59.99314Z", "last_updater": 1156886, "last_updater_username": "doijanky", "name": "0.11.0", "repository": 94161, "full_size": 52472410, "v2": true, "tag_status": "inactive", "tag_last_pulled": null, "tag_last_pushed": "2019-05-10T23:52:59.99314Z", "media_type": "application/vnd.docker.distribution.manifest.list.v2+json", "content_type": "image"}, {"creator": 1156886, "id": 22527704, "images": [{"architecture": "amd64", "features": "", "variant": null, "digest": "sha256:b1086389f2e1311402e9b398489f113409dffc4bad675370ab45e352cfc379cc", "os": "linux", "os_features": "", "os_version": null, "size": 52472410, "status": "inactive", "last_pulled": null, "last_pushed": null}], "last_updated": "2019-05-10T23:52:58.849804Z", "last_updater": 1156886, "last_updater_username": "doijanky", "name": "0.11", "repository": 94161, "full_size": 52472410, "v2": true, "tag_status": "inactive", "tag_last_pulled": null, "tag_last_pushed": "2019-05-10T23:52:58.849804Z", "media_type": "application/vnd.docker.distribution.manifest.list.v2+json", "content_type": "image"}, {"creator": 2215, "id": 8532241, "images": [{"architecture": "amd64", "features": "", "variant": null, "digest": "sha256:fc8b1ba2ebbc896ea256be716e43d46b4e37b4014e5c6f190b450086416f7331", "os": "linux", "os_features": "", "os_version": null, "size": 52326768, "status": "inactive", "last_pulled": null, "last_pushed": null}], "last_updated": "2019-05-10T23:52:54.751147Z", "last_updater": 1156886, "last_updater_username": "doijanky", "name": "0.10.0", "repository": 94161, "full_size": 52326768, "v2": true, "tag_status": "inactive", "tag_last_pulled": null, "tag_last_pushed": "2019-05-10T23:52:54.751147Z", "media_type": "application/vnd.docker.distribution.manifest.list.v2+json", "content_type": "image"}, {"creator": 2215, "id": 8532234, "images": [{"architecture": "amd64", "features": "", "variant": null, "digest": "sha256:fc8b1ba2ebbc896ea256be716e43d46b4e37b4014e5c6f190b450086416f7331", "os": "linux", "os_features": "", "os_version": null, "size": 52326768, "status": "inactive", "last_pulled": null, "last_pushed": null}], "last_updated": "2019-05-10T23:52:52.401956Z", "last_updater": 1156886, "last_updater_username": "doijanky", "name": "0.10", "repository": 94161, "full_size": 52326768, "v2": true, "tag_status": "inactive", "tag_last_pulled": null, "tag_last_pushed": "2019-05-10T23:52:52.401956Z", "media_type": "application/vnd.docker.distribution.manifest.list.v2+json", "content_type": "image"}, {"creator": 7, "id": 73258, "images": [{"architecture": "amd64", "features": "", "variant": null, "digest": "sha256:f7afb5fc496a3ced9e402d7fd17e3ad6f48b2c70d73e3f0dd6da9bdd91fcd717", "os": "", "os_features": "", "os_version": null, "size": 48456609, "status": "active", "last_pulled": "2024-01-11T23:31:50.563248Z", "last_pushed": null}], "last_updated": "2016-01-12T03:43:47.809258Z", "last_updater": 2215, "last_updater_username": "stackbrew", "name": "0.9.2", "repository": 94161, "full_size": 48456513, "v2": true, "tag_status": "active", "tag_last_pulled": "2024-01-11T23:31:50.563248Z", "tag_last_pushed": "2016-01-12T03:43:47.809258Z", "media_type": "application/vnd.docker.distribution.manifest.v1+prettyjws", "content_type": "image", "digest": "sha256:f7afb5fc496a3ced9e402d7fd17e3ad6f48b2c70d73e3f0dd6da9bdd91fcd717"}]