[{"creator": 7, "id": 58328, "images": [{"architecture": "amd64", "features": "", "variant": null, "digest": "sha256:f627d55ffd08b6ea3fb45cf0ef5e8d0566c3d396fbb6566496679faf6bf9e890", "os": "linux", "os_features": "", "os_version": null, "size": 396786552, "status": "active", "last_pulled": "2024-01-20T06:01:09.146432Z", "last_pushed": "2023-06-02T01:58:04.42258Z"}], "last_updated": "2023-06-02T01:58:10.963789Z", "last_updater": 1156886, "last_updater_username": "doijanky", "name": "latest", "repository": 70954, "full_size": 396786552, "v2": true, "tag_status": "active", "tag_last_pulled": "2024-01-20T07:05:34.111445Z", "tag_last_pushed": "2023-06-02T01:58:10.963789Z", "media_type": "application/vnd.docker.distribution.manifest.list.v2+json", "content_type": "image", "digest": "sha256:ff23ff7302c814918d286ac1aa5faee22187053f6936c55e73f5cb3cd6000be2"}, {"creator": 1156886, "id": 152181249, "images": [{"architecture": "amd64", "features": "", "variant": null, "digest": "sha256:f627d55ffd08b6ea3fb45cf0ef5e8d0566c3d396fbb6566496679faf6bf9e890", "os": "linux", "os_features": "", "os_version": null, "size": 396786552, "status": "active", "last_pulled": "2024-01-20T06:01:09.146432Z", "last_pushed": "2023-06-02T01:58:04.42258Z"}], "last_updated": "2023-06-02T01:58:06.692817Z", "last_updater": 1156886, "last_updater_username": "doijanky", "name": "2021.0", "repository": 70954, "full_size": 396786552, "v2": true, "tag_status": "active", "tag_last_pulled": "2024-01-20T07:05:34.111445Z", "tag_last_pushed": "2023-06-02T01:58:06.692817Z", "media_type": "application/vnd.docker.distribution.manifest.list.v2+json", "content_type": "image", "digest": "sha256:ff23ff7302c814918d286ac1aa5faee22187053f6936c55e73f5cb3cd6000be2"}, {"creator": 1156886, "id": 63176728, "images": [{"architecture": "amd64", "features": "", "variant": null, "digest": "sha256:3dacc3bc3a10f5a4979195312c40575d84566bd58a53b030ed0124010da8f587", "os": "linux", "os_features": "", "os_version": null, "size": 488914072, "status": "active", "last_pulled": "2024-01-19T23:14:57.70569Z", "last_pushed": "2023-06-02T01:57:48.996747Z"}], "last_updated": "2023-06-02T01:57:50.885819Z", "last_updater": 1156886, "last_updater_username": "doijanky", "name": "2019.0", "repository": 70954, "full_size": 488914072, "v2": true, "tag_status": "active", "tag_last_pulled": "2024-01-20T08:02:05.897817Z", "tag_last_pushed": "2023-06-02T01:57:50.885819Z", "media_type": "application/vnd.docker.distribution.manifest.list.v2+json", "content_type": "image", "digest": "sha256:8754491c3533191fdbc2af89a33a20037b38260c38d98fd8dda498687698c160"}, {"creator": 2215, "id": 9980938, "images": [{"architecture": "amd64", "features": "", "variant": null, "digest": "sha256:7b079ac3a11ceab944593ab3fbfbbac482a4d6611fa431c710e2bd0472c87888", "os": "linux", "os_features": "", "os_version": null, "size": 399260011, "status": "active", "last_pulled": "2024-01-19T20:42:19.422063Z", "last_pushed": "2021-08-31T04:31:17.465135Z"}], "last_updated": "2021-08-31T04:31:18.519875Z", "last_updater": 1156886, "last_updater_username": "doijanky", "name": "9.1", "repository": 70954, "full_size": 399260011, "v2": true, "tag_status": "active", "tag_last_pulled": "2024-01-19T20:42:19.422063Z", "tag_last_pushed": "2021-08-31T04:31:18.519875Z", "media_type": "application/vnd.docker.distribution.manifest.list.v2+json", "content_type": "image"}, {"creator": 2215, "id": 1468273, "images": [{"architecture": "amd64", "features": "", "variant": null, "digest": "sha256:5393691a9d8617643c002a7ec19c90639a480868ae335ab538499d1a05865d4d", "os": "linux", "os_features": "", "os_version": null, "size": 315608578, "status": "active", "last_pulled": "2024-01-20T03:58:29.760978Z", "last_pushed": "2021-08-31T04:30:55.160625Z"}], "last_updated": "2021-08-31T04:31:01.347956Z", "last_updater": 1156886, "last_updater_username": "doijanky", "name": "8.5-php5.6", "repository": 70954, "full_size": 315608578, "v2": true, "tag_status": "active", "tag_last_pulled": "2024-01-20T08:02:08.019136Z", "tag_last_pushed": "2021-08-31T04:31:01.347956Z", "media_type": "application/vnd.docker.distribution.manifest.list.v2+json", "content_type": "image", "digest": "sha256:46087476dd829477b235937b1b774e539c67177fb9c637bde91b28b2e6cf9299"}, {"creator": 2215, "id": 1468278, "images": [{"architecture": "amd64", "features": "", "variant": null, "digest": "sha256:5393691a9d8617643c002a7ec19c90639a480868ae335ab538499d1a05865d4d", "os": "linux", "os_features": "", "os_version": null, "size": 315608578, "status": "active", "last_pulled": "2024-01-20T03:58:29.760978Z", "last_pushed": "2021-08-31T04:30:55.160625Z"}], "last_updated": "2021-08-31T04:30:59.757841Z", "last_updater": 1156886, "last_updater_username": "doijanky", "name": "8.5", "repository": 70954, "full_size": 315608578, "v2": true, "tag_status": "active", "tag_last_pulled": "2024-01-20T08:02:08.019136Z", "tag_last_pushed": "2021-08-31T04:30:59.757841Z", "media_type": "application/vnd.docker.distribution.manifest.list.v2+json", "content_type": "image", "digest": "sha256:46087476dd829477b235937b1b774e539c67177fb9c637bde91b28b2e6cf9299"}, {"creator": 2215, "id": 1468256, "images": [{"architecture": "amd64", "features": "", "variant": null, "digest": "sha256:5393691a9d8617643c002a7ec19c90639a480868ae335ab538499d1a05865d4d", "os": "linux", "os_features": "", "os_version": null, "size": 315608578, "status": "active", "last_pulled": "2024-01-20T03:58:29.760978Z", "last_pushed": "2021-08-31T04:30:55.160625Z"}], "last_updated": "2021-08-31T04:30:57.211997Z", "last_updater": 1156886, "last_updater_username": "doijanky", "name": "5.6", "repository": 70954, "full_size": 315608578, "v2": true, "tag_status": "active", "tag_last_pulled": "2024-01-20T08:02:08.019136Z", "tag_last_pushed": "2021-08-31T04:30:57.211997Z", "media_type": "application/vnd.docker.distribution.manifest.list.v2+json", "content_type": "image", "digest": "sha256:46087476dd829477b235937b1b774e539c67177fb9c637bde91b28b2e6cf9299"}, {"creator": 1156886, "id": 30668057, "images": [{"architecture": "amd64", "features": "", "variant": null, "digest": "sha256:de317c249a6ba72caa9812b8d8ca64e02e80651cb700a1bca7e714650bdcca8c", "os": "linux", "os_features": "", "os_version": null, "size": 348033347, "status": "active", "last_pulled": "2024-01-19T08:03:57.99874Z", "last_pushed": null}], "last_updated": "2019-06-19T03:49:34.895222Z", "last_updater": 1156886, "last_updater_username": "doijanky", "name": "2018.0", "repository": 70954, "full_size": 348033347, "v2": true, "tag_status": "active", "tag_last_pulled": "2024-01-19T08:03:57.99874Z", "tag_last_pushed": "2019-06-19T03:49:34.895222Z", "media_type": "application/vnd.docker.distribution.manifest.list.v2+json", "content_type": "image"}, {"creator": 7, "id": 58325, "images": [{"architecture": "amd64", "features": "", "variant": null, "digest": "sha256:3676f655f0395098a2c9e63801b59f80e0cd10fccdcdd46eb455f844d1b12e73", "os": "linux", "os_features": "", "os_version": null, "size": 302194162, "status": "inactive", "last_pulled": null, "last_pushed": null}], "last_updated": "2018-04-29T11:43:49.556669Z", "last_updater": 1156886, "last_updater_username": "doijanky", "name": "7.0-php5.4", "repository": 70954, "full_size": 302194162, "v2": true, "tag_status": "inactive", "tag_last_pulled": "2024-01-17T10:46:35.727934Z", "tag_last_pushed": "2018-04-29T11:43:49.556669Z", "media_type": "application/vnd.docker.distribution.manifest.list.v2+json", "content_type": "image", "digest": "sha256:1a0d08d2a009752729d0cfbdc57c07ae51541b962047801937499983f1361b33"}, {"creator": 7, "id": 58317, "images": [{"architecture": "amd64", "features": "", "variant": null, "digest": "sha256:3676f655f0395098a2c9e63801b59f80e0cd10fccdcdd46eb455f844d1b12e73", "os": "linux", "os_features": "", "os_version": null, "size": 302194162, "status": "inactive", "last_pulled": null, "last_pushed": null}], "last_updated": "2018-04-29T11:43:49.201841Z", "last_updater": 1156886, "last_updater_username": "doijanky", "name": "5.4", "repository": 70954, "full_size": 302194162, "v2": true, "tag_status": "inactive", "tag_last_pulled": "2024-01-17T10:46:35.727934Z", "tag_last_pushed": "2018-04-29T11:43:49.201841Z", "media_type": "application/vnd.docker.distribution.manifest.list.v2+json", "content_type": "image", "digest": "sha256:1a0d08d2a009752729d0cfbdc57c07ae51541b962047801937499983f1361b33"}, {"creator": 2215, "id": 1468213, "images": [{"architecture": "amd64", "features": "", "variant": null, "digest": "sha256:62fad9a6527f7c9ad43a755a1fa25144087e1c8d7734668bc7aa6c5fd6d7eab9", "os": "linux", "os_features": "", "os_version": null, "size": 342443090, "status": "inactive", "last_pulled": null, "last_pushed": null}], "last_updated": "2018-04-29T11:43:20.804186Z", "last_updater": 1156886, "last_updater_username": "doijanky", "name": "8.5-php5.5", "repository": 70954, "full_size": 342443090, "v2": true, "tag_status": "inactive", "tag_last_pulled": "2024-01-17T10:46:37.564817Z", "tag_last_pushed": "2018-04-29T11:43:20.804186Z", "media_type": "application/vnd.docker.distribution.manifest.list.v2+json", "content_type": "image", "digest": "sha256:5cb48e1afe4e37d42c111733eb75b71cd294eca9de9c336a66eef257871f5bbd"}, {"creator": 7, "id": 58320, "images": [{"architecture": "amd64", "features": "", "variant": null, "digest": "sha256:62fad9a6527f7c9ad43a755a1fa25144087e1c8d7734668bc7aa6c5fd6d7eab9", "os": "linux", "os_features": "", "os_version": null, "size": 342443090, "status": "inactive", "last_pulled": null, "last_pushed": null}], "last_updated": "2018-04-29T11:43:20.484105Z", "last_updater": 1156886, "last_updater_username": "doijanky", "name": "5.5", "repository": 70954, "full_size": 342443090, "v2": true, "tag_status": "inactive", "tag_last_pulled": "2024-01-17T10:46:37.564817Z", "tag_last_pushed": "2018-04-29T11:43:20.484105Z", "media_type": "application/vnd.docker.distribution.manifest.list.v2+json", "content_type": "image", "digest": "sha256:5cb48e1afe4e37d42c111733eb75b71cd294eca9de9c336a66eef257871f5bbd"}, {"creator": 2215, "id": 7137982, "images": [{"architecture": "amd64", "features": "", "variant": null, "digest": "sha256:60d589a39ded135957b00f1592f933a71ee38dd222f72829ecff26d177442d5e", "os": "linux", "os_features": "", "os_version": null, "size": 376667310, "status": "inactive", "last_pulled": null, "last_pushed": null}], "last_updated": "2017-01-21T01:05:56.499845Z", "last_updater": 2215, "last_updater_username": "stackbrew", "name": "9.0.1-php7", "repository": 70954, "full_size": 376667310, "v2": true, "tag_status": "inactive", "tag_last_pulled": null, "tag_last_pushed": "2017-01-21T01:05:56.499845Z", "media_type": "application/vnd.docker.container.image.v1+json", "content_type": "image"}, {"creator": 2215, "id": 7137980, "images": [{"architecture": "amd64", "features": "", "variant": null, "digest": "sha256:60d589a39ded135957b00f1592f933a71ee38dd222f72829ecff26d177442d5e", "os": "linux", "os_features": "", "os_version": null, "size": 376667310, "status": "inactive", "last_pulled": null, "last_pushed": null}], "last_updated": "2017-01-21T01:05:41.498246Z", "last_updater": 2215, "last_updater_username": "stackbrew", "name": "9.0.1", "repository": 70954, "full_size": 376667310, "v2": true, "tag_status": "inactive", "tag_last_pulled": null, "tag_last_pushed": "2017-01-21T01:05:41.498246Z", "media_type": "application/vnd.docker.container.image.v1+json", "content_type": "image"}, {"creator": 2215, "id": 2948911, "images": [{"architecture": "amd64", "features": "", "variant": null, "digest": "sha256:6db11637e7e937562c066016d866231f585655e822be3f6d66e19efcaa33a152", "os": "linux", "os_features": "", "os_version": null, "size": 376534765, "status": "inactive", "last_pulled": null, "last_pushed": null}], "last_updated": "2016-12-21T19:03:05.82668Z", "last_updater": 621950, "last_updater_username": "signer", "name": "9.0-php7", "repository": 70954, "full_size": 376534765, "v2": true, "tag_status": "inactive", "tag_last_pulled": null, "tag_last_pushed": "2016-12-21T19:03:05.82668Z", "media_type": "application/vnd.docker.container.image.v1+json", "content_type": "image"}, {"creator": 2215, "id": 2948909, "images": [{"architecture": "amd64", "features": "", "variant": null, "digest": "sha256:6db11637e7e937562c066016d866231f585655e822be3f6d66e19efcaa33a152", "os": "linux", "os_features": "", "os_version": null, "size": 376534765, "status": "inactive", "last_pulled": null, "last_pushed": null}], "last_updated": "2016-12-21T19:03:04.796632Z", "last_updater": 621950, "last_updater_username": "signer", "name": "9.0", "repository": 70954, "full_size": 376534765, "v2": true, "tag_status": "inactive", "tag_last_pulled": null, "tag_last_pushed": "2016-12-21T19:03:04.796632Z", "media_type": "application/vnd.docker.container.image.v1+json", "content_type": "image"}, {"creator": 2215, "id": 1782310, "images": [{"architecture": "amd64", "features": "", "variant": null, "os": "", "os_features": "", "os_version": null, "size": 324418635, "status": "inactive", "last_pulled": null, "last_pushed": null}], "last_updated": "2016-05-06T21:15:24.520592Z", "last_updater": 2215, "last_updater_username": "stackbrew", "name": "9.0-techpreview2-php7.0GA", "repository": 70954, "full_size": 324418635, "v2": true, "tag_status": "inactive", "tag_last_pulled": null, "tag_last_pushed": "2016-05-06T21:15:24.520592Z", "media_type": "application/vnd.docker.distribution.manifest.v1+prettyjws", "content_type": "image"}, {"creator": 2215, "id": 1487522, "images": [{"architecture": "amd64", "features": "", "variant": null, "digest": "sha256:2c683229d37c3219c18041f25d73de0b69fc7da04512fbcf92e92b0ff1d31068", "os": "", "os_features": "", "os_version": null, "size": 315123081, "status": "active", "last_pulled": "2024-01-17T10:48:39.158511Z", "last_pushed": null}], "last_updated": "2016-01-20T17:37:37.746529Z", "last_updater": 2215, "last_updater_username": "stackbrew", "name": "9.0rc9-php7.0GA", "repository": 70954, "full_size": 315122793, "v2": true, "tag_status": "active", "tag_last_pulled": "2024-01-17T10:48:39.158511Z", "tag_last_pushed": "2016-01-20T17:37:37.746529Z", "media_type": "application/vnd.docker.distribution.manifest.v1+prettyjws", "content_type": "image"}, {"creator": 2215, "id": 1468340, "images": [{"architecture": "amd64", "features": "", "variant": null, "digest": "sha256:cedb7909d9d6acca0bc437b420773a555923558a1844396e2a47634a6668a9dd", "os": "", "os_features": "", "os_version": null, "size": 314307312, "status": "active", "last_pulled": "2024-01-17T10:48:29.057728Z", "last_pushed": null}], "last_updated": "2015-12-02T19:58:17.777829Z", "last_updater": 2215, "last_updater_username": "stackbrew", "name": "8.6", "repository": 70954, "full_size": 314307056, "v2": true, "tag_status": "active", "tag_last_pulled": "2024-01-17T10:48:29.057728Z", "tag_last_pushed": "2015-12-02T19:58:17.777829Z", "media_type": "application/vnd.docker.distribution.manifest.v1+prettyjws", "content_type": "image", "digest": "sha256:cedb7909d9d6acca0bc437b420773a555923558a1844396e2a47634a6668a9dd"}, {"creator": 2215, "id": 1468321, "images": [{"architecture": "amd64", "features": "", "variant": null, "digest": "sha256:4af80970a7b6b45d108aa968bc1bffa944235329cd0d62525cec76b8f45c7996", "os": "", "os_features": "", "os_version": null, "size": 314307312, "status": "active", "last_pulled": "2024-01-17T10:48:30.583794Z", "last_pushed": null}], "last_updated": "2015-12-02T19:57:02.220239Z", "last_updater": 2215, "last_updater_username": "stackbrew", "name": "8.6-preview-php7.0", "repository": 70954, "full_size": 314307056, "v2": true, "tag_status": "active", "tag_last_pulled": "2024-01-17T10:48:30.583794Z", "tag_last_pushed": "2015-12-02T19:57:02.220239Z", "media_type": "application/vnd.docker.distribution.manifest.v1+prettyjws", "content_type": "image", "digest": "sha256:4af80970a7b6b45d108aa968bc1bffa944235329cd0d62525cec76b8f45c7996"}, {"creator": 7, "id": 58327, "images": [{"architecture": "amd64", "features": "", "variant": null, "digest": "sha256:b73ad2b38a191c6a7b71cbcab55256ecba7ed1706f4f67be19c177d3e15268b4", "os": "", "os_features": "", "os_version": null, "size": 290358333, "status": "active", "last_pulled": "2024-01-17T10:47:16.870227Z", "last_pushed": null}], "last_updated": "2015-11-21T23:01:12.787433Z", "last_updater": 2215, "last_updater_username": "stackbrew", "name": "7.0", "repository": 70954, "full_size": 290358077, "v2": true, "tag_status": "active", "tag_last_pulled": "2024-01-17T10:47:16.870227Z", "tag_last_pushed": "2015-11-21T23:01:12.787433Z", "media_type": "application/vnd.docker.distribution.manifest.v1+prettyjws", "content_type": "image", "digest": "sha256:b73ad2b38a191c6a7b71cbcab55256ecba7ed1706f4f67be19c177d3e15268b4"}, {"creator": 7, "id": 58321, "images": [{"architecture": "amd64", "features": "", "variant": null, "digest": "sha256:60d9e92e040a2ceddf86259da9bc1689d009b2b7558e1d818761f787e87ae12d", "os": "", "os_features": "", "os_version": null, "size": 290358333, "status": "active", "last_pulled": "2024-01-17T10:47:20.404233Z", "last_pushed": null}], "last_updated": "2015-11-21T23:00:56.838581Z", "last_updater": 2215, "last_updater_username": "stackbrew", "name": "7.0-php5.5", "repository": 70954, "full_size": 290358077, "v2": true, "tag_status": "active", "tag_last_pulled": "2024-01-17T10:47:20.404233Z", "tag_last_pushed": "2015-11-21T23:00:56.838581Z", "media_type": "application/vnd.docker.distribution.manifest.v1+prettyjws", "content_type": "image", "digest": "sha256:60d9e92e040a2ceddf86259da9bc1689d009b2b7558e1d818761f787e87ae12d"}]