[{"creator": 1156886, "id": 19970055, "images": [{"architecture": "amd64", "features": "", "variant": null, "digest": "sha256:0d4e891ed148c6a0c4c782b15928be73b2863f227f0b0a91ed4300c57c90db8e", "os": "linux", "os_features": "", "os_version": null, "size": 71493492, "status": "active", "last_pulled": "2024-01-20T06:43:57.496957Z", "last_pushed": "2024-01-03T01:48:32.800707Z"}], "last_updated": "2024-01-03T01:48:38.184535Z", "last_updater": 1156886, "last_updater_username": "doijanky", "name": "latest", "repository": 2839214, "full_size": 71493492, "v2": true, "tag_status": "active", "tag_last_pulled": "2024-01-20T07:45:48.38205Z", "tag_last_pushed": "2024-01-03T01:48:38.184535Z", "media_type": "application/vnd.docker.distribution.manifest.list.v2+json", "content_type": "image", "digest": "sha256:8c01130b092a1cc656f3697449cb19d0d5887b3353345f06bb46c26af3c6255a"}, {"creator": 1156886, "id": 19970054, "images": [{"architecture": "amd64", "features": "", "variant": null, "digest": "sha256:0d4e891ed148c6a0c4c782b15928be73b2863f227f0b0a91ed4300c57c90db8e", "os": "linux", "os_features": "", "os_version": null, "size": 71493492, "status": "active", "last_pulled": "2024-01-20T06:43:57.496957Z", "last_pushed": "2024-01-03T01:48:32.800707Z"}], "last_updated": "2024-01-03T01:48:35.455683Z", "last_updater": 1156886, "last_updater_username": "doijanky", "name": "7", "repository": 2839214, "full_size": 71493492, "v2": true, "tag_status": "active", "tag_last_pulled": "2024-01-20T07:45:48.38205Z", "tag_last_pushed": "2024-01-03T01:48:35.455683Z", "media_type": "application/vnd.docker.distribution.manifest.list.v2+json", "content_type": "image", "digest": "sha256:8c01130b092a1cc656f3697449cb19d0d5887b3353345f06bb46c26af3c6255a"}, {"creator": 1156886, "id": 19970056, "images": [{"architecture": "amd64", "features": "", "variant": null, "digest": "sha256:9bc32ea0e251741a5db4cdc9e8cdb30683a29cc12a2c08ea5b629860ada5038b", "os": "linux", "os_features": "", "os_version": null, "size": 49500651, "status": "active", "last_pulled": "2024-01-17T23:40:02.19376Z", "last_pushed": "2020-11-05T18:41:04.773114Z"}], "last_updated": "2020-11-05T18:41:07.687582Z", "last_updater": 1156886, "last_updater_username": "doijanky", "name": "6", "repository": 2839214, "full_size": 49500651, "v2": true, "tag_status": "active", "tag_last_pulled": "2024-01-17T23:40:02.19376Z", "tag_last_pushed": "2020-11-05T18:41:07.687582Z", "media_type": "application/vnd.docker.distribution.manifest.list.v2+json", "content_type": "image"}]