[{"creator": 7, "id": 10899, "images": [{"architecture": "amd64", "features": "", "variant": null, "digest": "sha256:860f379a011eddfab604d9acfe3cf50b2d6e958026fb0f977132b0b083b1a3d7", "os": "linux", "os_features": "", "os_version": null, "size": 10091524, "status": "active", "last_pulled": "2024-01-20T07:05:39.059183Z", "last_pushed": "2023-12-01T06:15:15.276599Z"}, {"architecture": "arm", "features": "", "variant": "v6", "digest": "sha256:fb6ae2c1ea0187406fe39a4ce923eb30e74aa9d7d396d2171b3e64e3c535a309", "os": "linux", "os_features": "", "os_version": null, "size": 9456473, "status": "active", "last_pulled": "2024-01-20T07:01:47.231249Z", "last_pushed": "2023-12-01T11:29:04.508192Z"}, {"architecture": "arm", "features": "", "variant": "v7", "digest": "sha256:3166995ffab4033d4400c48a594ca3b2f754825b251b74e2d73e481c58ac612d", "os": "linux", "os_features": "", "os_version": null, "size": 9202916, "status": "active", "last_pulled": "2024-01-20T07:01:47.806228Z", "last_pushed": "2023-12-01T09:24:35.966803Z"}, {"architecture": "arm64", "features": "", "variant": "v8", "digest": "sha256:4881477afa5ca95c1aaea90a16038511f8ae719e204e1bcd4736b9c923422796", "os": "linux", "os_features": "", "os_version": null, "size": 9444683, "status": "active", "last_pulled": "2024-01-20T07:48:24.618385Z", "last_pushed": "2023-12-01T02:59:35.246508Z"}, {"architecture": "ppc64le", "features": "", "variant": null, "digest": "sha256:66ae01fe8c805d611e1890a5d529ba462ccc111e499327033ae16547de7acf1d", "os": "linux", "os_features": "", "os_version": null, "size": 9324810, "status": "active", "last_pulled": "2024-01-20T07:01:48.944845Z", "last_pushed": "2023-12-01T09:24:37.175513Z"}, {"architecture": "s390x", "features": "", "variant": null, "digest": "sha256:99d58f17ef257c7195dca7084ca24ba9df47fa420ae055198f3a8ac9c3689c56", "os": "linux", "os_features": "", "os_version": null, "size": 9663208, "status": "active", "last_pulled": "2024-01-20T07:01:49.523657Z", "last_pushed": "2023-12-01T08:39:35.436037Z"}], "last_updated": "2023-12-01T11:29:22.219325Z", "last_updater": 1156886, "last_updater_username": "doijanky", "name": "latest", "repository": 6307, "full_size": 10091524, "v2": true, "tag_status": "active", "tag_last_pulled": "2024-01-20T07:48:24.618385Z", "tag_last_pushed": "2023-12-01T11:29:22.219325Z", "media_type": "application/vnd.docker.distribution.manifest.list.v2+json", "content_type": "image", "digest": "sha256:0a182cb82c93939407967d6d71d6caf11dcef0e5689c6afe2d60518e3b34ab86"}, {"creator": 1156886, "id": 571273327, "images": [{"architecture": "amd64", "features": "", "variant": null, "digest": "sha256:2d75e30f66847f6fc38ccbd2711ffbac8b8c0ee07d141a5483f483ff355d2048", "os": "linux", "os_features": "", "os_version": null, "size": 14207262, "status": "active", "last_pulled": "2024-01-20T06:34:48.734866Z", "last_pushed": "2023-12-20T05:44:03.3634Z"}, {"architecture": "arm", "features": "", "variant": "v6", "digest": "sha256:b9bc48e4f87d57cc7196a94fd8180bdaf1420618e3a6b2c75cdcb3ca4379de3f", "os": "linux", "os_features": "", "os_version": null, "size": 13397369, "status": "active", "last_pulled": "2024-01-20T07:44:07.318355Z", "last_pushed": "2023-12-19T19:05:16.477754Z"}, {"architecture": "arm", "features": "", "variant": "v7", "digest": "sha256:0f9439b8aa4b197430cf9a670c1868bf052329396a3f1ebb642a021af374c6d6", "os": "linux", "os_features": "", "os_version": null, "size": 13140225, "status": "active", "last_pulled": "2024-01-20T02:04:57.563458Z", "last_pushed": "2023-12-19T22:09:41.340439Z"}, {"architecture": "arm64", "features": "", "variant": "v8", "digest": "sha256:72ff480556864721573b45b11f95d3ddf6444266339a96e5c8580563cbebd866", "os": "linux", "os_features": "", "os_version": null, "size": 13349445, "status": "active", "last_pulled": "2024-01-20T04:44:55.406203Z", "last_pushed": "2023-12-19T22:09:42.740964Z"}, {"architecture": "ppc64le", "features": "", "variant": null, "digest": "sha256:9c9e9d3afa0d527d31d71d22d202bd01264ca774c5f318f005bd69bbe2ac6180", "os": "linux", "os_features": "", "os_version": null, "size": 13110143, "status": "active", "last_pulled": "2024-01-19T23:57:12.923076Z", "last_pushed": "2023-12-20T01:29:59.089246Z"}, {"architecture": "s390x", "features": "", "variant": null, "digest": "sha256:2e5fb530120c4563ace8293f4e7874cb298f1b5b60f632256dbdeb59f8e539f3", "os": "linux", "os_features": "", "os_version": null, "size": 13598351, "status": "active", "last_pulled": "2024-01-19T23:23:29.621797Z", "last_pushed": "2023-12-19T20:42:29.76994Z"}], "last_updated": "2023-12-20T05:44:06.231436Z", "last_updater": 1156886, "last_updater_username": "doijanky", "name": "3.0.0-alpha.1", "repository": 6307, "full_size": 14207262, "v2": true, "tag_status": "active", "tag_last_pulled": "2024-01-20T07:44:07.318355Z", "tag_last_pushed": "2023-12-20T05:44:06.231436Z", "media_type": "application/vnd.docker.distribution.manifest.list.v2+json", "content_type": "image", "digest": "sha256:2c817f7e2ebe2a57e44278f51bbb8dd5e17b3494a6844bc14e7ea1dfec70c249"}, {"creator": 1156886, "id": 523339672, "images": [{"architecture": "amd64", "features": "", "variant": null, "digest": "sha256:860f379a011eddfab604d9acfe3cf50b2d6e958026fb0f977132b0b083b1a3d7", "os": "linux", "os_features": "", "os_version": null, "size": 10091524, "status": "active", "last_pulled": "2024-01-20T07:05:39.059183Z", "last_pushed": "2023-12-01T06:15:15.276599Z"}, {"architecture": "arm", "features": "", "variant": "v6", "digest": "sha256:fb6ae2c1ea0187406fe39a4ce923eb30e74aa9d7d396d2171b3e64e3c535a309", "os": "linux", "os_features": "", "os_version": null, "size": 9456473, "status": "active", "last_pulled": "2024-01-20T07:01:47.231249Z", "last_pushed": "2023-12-01T11:29:04.508192Z"}, {"architecture": "arm", "features": "", "variant": "v7", "digest": "sha256:3166995ffab4033d4400c48a594ca3b2f754825b251b74e2d73e481c58ac612d", "os": "linux", "os_features": "", "os_version": null, "size": 9202916, "status": "active", "last_pulled": "2024-01-20T07:01:47.806228Z", "last_pushed": "2023-12-01T09:24:35.966803Z"}, {"architecture": "arm64", "features": "", "variant": "v8", "digest": "sha256:4881477afa5ca95c1aaea90a16038511f8ae719e204e1bcd4736b9c923422796", "os": "linux", "os_features": "", "os_version": null, "size": 9444683, "status": "active", "last_pulled": "2024-01-20T07:48:24.618385Z", "last_pushed": "2023-12-01T02:59:35.246508Z"}, {"architecture": "ppc64le", "features": "", "variant": null, "digest": "sha256:66ae01fe8c805d611e1890a5d529ba462ccc111e499327033ae16547de7acf1d", "os": "linux", "os_features": "", "os_version": null, "size": 9324810, "status": "active", "last_pulled": "2024-01-20T07:01:48.944845Z", "last_pushed": "2023-12-01T09:24:37.175513Z"}, {"architecture": "s390x", "features": "", "variant": null, "digest": "sha256:99d58f17ef257c7195dca7084ca24ba9df47fa420ae055198f3a8ac9c3689c56", "os": "linux", "os_features": "", "os_version": null, "size": 9663208, "status": "active", "last_pulled": "2024-01-20T07:01:49.523657Z", "last_pushed": "2023-12-01T08:39:35.436037Z"}], "last_updated": "2023-12-01T11:29:17.491455Z", "last_updater": 1156886, "last_updater_username": "doijanky", "name": "2.8.3", "repository": 6307, "full_size": 10091524, "v2": true, "tag_status": "active", "tag_last_pulled": "2024-01-20T07:48:24.618385Z", "tag_last_pushed": "2023-12-01T11:29:17.491455Z", "media_type": "application/vnd.docker.distribution.manifest.list.v2+json", "content_type": "image", "digest": "sha256:0a182cb82c93939407967d6d71d6caf11dcef0e5689c6afe2d60518e3b34ab86"}, {"creator": 1156886, "id": 191160188, "images": [{"architecture": "amd64", "features": "", "variant": null, "digest": "sha256:860f379a011eddfab604d9acfe3cf50b2d6e958026fb0f977132b0b083b1a3d7", "os": "linux", "os_features": "", "os_version": null, "size": 10091524, "status": "active", "last_pulled": "2024-01-20T07:05:39.059183Z", "last_pushed": "2023-12-01T06:15:15.276599Z"}, {"architecture": "arm", "features": "", "variant": "v6", "digest": "sha256:fb6ae2c1ea0187406fe39a4ce923eb30e74aa9d7d396d2171b3e64e3c535a309", "os": "linux", "os_features": "", "os_version": null, "size": 9456473, "status": "active", "last_pulled": "2024-01-20T07:01:47.231249Z", "last_pushed": "2023-12-01T11:29:04.508192Z"}, {"architecture": "arm", "features": "", "variant": "v7", "digest": "sha256:3166995ffab4033d4400c48a594ca3b2f754825b251b74e2d73e481c58ac612d", "os": "linux", "os_features": "", "os_version": null, "size": 9202916, "status": "active", "last_pulled": "2024-01-20T07:01:47.806228Z", "last_pushed": "2023-12-01T09:24:35.966803Z"}, {"architecture": "arm64", "features": "", "variant": "v8", "digest": "sha256:4881477afa5ca95c1aaea90a16038511f8ae719e204e1bcd4736b9c923422796", "os": "linux", "os_features": "", "os_version": null, "size": 9444683, "status": "active", "last_pulled": "2024-01-20T07:48:24.618385Z", "last_pushed": "2023-12-01T02:59:35.246508Z"}, {"architecture": "ppc64le", "features": "", "variant": null, "digest": "sha256:66ae01fe8c805d611e1890a5d529ba462ccc111e499327033ae16547de7acf1d", "os": "linux", "os_features": "", "os_version": null, "size": 9324810, "status": "active", "last_pulled": "2024-01-20T07:01:48.944845Z", "last_pushed": "2023-12-01T09:24:37.175513Z"}, {"architecture": "s390x", "features": "", "variant": null, "digest": "sha256:99d58f17ef257c7195dca7084ca24ba9df47fa420ae055198f3a8ac9c3689c56", "os": "linux", "os_features": "", "os_version": null, "size": 9663208, "status": "active", "last_pulled": "2024-01-20T07:01:49.523657Z", "last_pushed": "2023-12-01T08:39:35.436037Z"}], "last_updated": "2023-12-01T11:29:12.791539Z", "last_updater": 1156886, "last_updater_username": "doijanky", "name": "2.8", "repository": 6307, "full_size": 10091524, "v2": true, "tag_status": "active", "tag_last_pulled": "2024-01-20T07:48:24.618385Z", "tag_last_pushed": "2023-12-01T11:29:12.791539Z", "media_type": "application/vnd.docker.distribution.manifest.list.v2+json", "content_type": "image", "digest": "sha256:0a182cb82c93939407967d6d71d6caf11dcef0e5689c6afe2d60518e3b34ab86"}, {"creator": 7, "id": 10878, "images": [{"architecture": "amd64", "features": "", "variant": null, "digest": "sha256:860f379a011eddfab604d9acfe3cf50b2d6e958026fb0f977132b0b083b1a3d7", "os": "linux", "os_features": "", "os_version": null, "size": 10091524, "status": "active", "last_pulled": "2024-01-20T07:05:39.059183Z", "last_pushed": "2023-12-01T06:15:15.276599Z"}, {"architecture": "arm", "features": "", "variant": "v6", "digest": "sha256:fb6ae2c1ea0187406fe39a4ce923eb30e74aa9d7d396d2171b3e64e3c535a309", "os": "linux", "os_features": "", "os_version": null, "size": 9456473, "status": "active", "last_pulled": "2024-01-20T07:01:47.231249Z", "last_pushed": "2023-12-01T11:29:04.508192Z"}, {"architecture": "arm", "features": "", "variant": "v7", "digest": "sha256:3166995ffab4033d4400c48a594ca3b2f754825b251b74e2d73e481c58ac612d", "os": "linux", "os_features": "", "os_version": null, "size": 9202916, "status": "active", "last_pulled": "2024-01-20T07:01:47.806228Z", "last_pushed": "2023-12-01T09:24:35.966803Z"}, {"architecture": "arm64", "features": "", "variant": "v8", "digest": "sha256:4881477afa5ca95c1aaea90a16038511f8ae719e204e1bcd4736b9c923422796", "os": "linux", "os_features": "", "os_version": null, "size": 9444683, "status": "active", "last_pulled": "2024-01-20T07:48:24.618385Z", "last_pushed": "2023-12-01T02:59:35.246508Z"}, {"architecture": "ppc64le", "features": "", "variant": null, "digest": "sha256:66ae01fe8c805d611e1890a5d529ba462ccc111e499327033ae16547de7acf1d", "os": "linux", "os_features": "", "os_version": null, "size": 9324810, "status": "active", "last_pulled": "2024-01-20T07:01:48.944845Z", "last_pushed": "2023-12-01T09:24:37.175513Z"}, {"architecture": "s390x", "features": "", "variant": null, "digest": "sha256:99d58f17ef257c7195dca7084ca24ba9df47fa420ae055198f3a8ac9c3689c56", "os": "linux", "os_features": "", "os_version": null, "size": 9663208, "status": "active", "last_pulled": "2024-01-20T07:01:49.523657Z", "last_pushed": "2023-12-01T08:39:35.436037Z"}], "last_updated": "2023-12-01T11:29:07.630014Z", "last_updater": 1156886, "last_updater_username": "doijanky", "name": "2", "repository": 6307, "full_size": 10091524, "v2": true, "tag_status": "active", "tag_last_pulled": "2024-01-20T07:48:24.618385Z", "tag_last_pushed": "2023-12-01T11:29:07.630014Z", "media_type": "application/vnd.docker.distribution.manifest.list.v2+json", "content_type": "image", "digest": "sha256:0a182cb82c93939407967d6d71d6caf11dcef0e5689c6afe2d60518e3b34ab86"}, {"creator": 1156886, "id": 437648437, "images": [{"architecture": "amd64", "features": "", "variant": null, "digest": "sha256:b1362bce94187f74f507147d1c7e4b8c358146cb4a31d3670818bdfe14b79312", "os": "linux", "os_features": "", "os_version": null, "size": 9595362, "status": "active", "last_pulled": "2024-01-20T07:10:53.168268Z", "last_pushed": "2023-09-29T03:43:23.147887Z"}, {"architecture": "arm", "features": "", "variant": "v6", "digest": "sha256:1e2389a09b2afbed8685fdaecea91f34651e6c5d160ecaa711f09fb1cd6a4377", "os": "linux", "os_features": "", "os_version": null, "size": 9000455, "status": "active", "last_pulled": "2024-01-19T20:01:00.953122Z", "last_pushed": "2023-09-29T01:00:02.31597Z"}, {"architecture": "arm", "features": "", "variant": "v7", "digest": "sha256:58dda874f000e4d5aa51a46f0f61fd752f933247b08864829f1224e03261fc6c", "os": "linux", "os_features": "", "os_version": null, "size": 8753672, "status": "active", "last_pulled": "2024-01-19T20:01:01.106657Z", "last_pushed": "2023-09-29T00:46:11.769737Z"}, {"architecture": "arm64", "features": "", "variant": "v8", "digest": "sha256:520a03025edb900ac52b40c1120b0101b1dc93964ab23a8f93df76b7f644dd25", "os": "linux", "os_features": "", "os_version": null, "size": 9001871, "status": "active", "last_pulled": "2024-01-19T20:01:01.28419Z", "last_pushed": "2023-09-29T01:26:42.055012Z"}, {"architecture": "ppc64le", "features": "", "variant": null, "digest": "sha256:ec14233744b5bdfa1a4b8973435f8009f40d8aa2dea532bb892db28901af0e1c", "os": "linux", "os_features": "", "os_version": null, "size": 8877543, "status": "active", "last_pulled": "2024-01-19T20:01:01.475233Z", "last_pushed": "2023-09-29T01:00:08.504236Z"}, {"architecture": "s390x", "features": "", "variant": null, "digest": "sha256:0d3525a0efe7f8d405ff5ffb77ee81143b841b982f817913ef2d5392e37c5480", "os": "linux", "os_features": "", "os_version": null, "size": 9151706, "status": "active", "last_pulled": "2024-01-19T20:01:01.642226Z", "last_pushed": "2023-09-29T00:26:57.939656Z"}], "last_updated": "2023-09-29T03:43:38.442513Z", "last_updater": 1156886, "last_updater_username": "doijanky", "name": "2.8.2", "repository": 6307, "full_size": 9595362, "v2": true, "tag_status": "active", "tag_last_pulled": "2024-01-20T07:44:13.031422Z", "tag_last_pushed": "2023-09-29T03:43:38.442513Z", "media_type": "application/vnd.docker.distribution.manifest.list.v2+json", "content_type": "image", "digest": "sha256:bcece5dd3d4b6189e13e7ac71b2ccbc2aae649365f0c589852d687efeba6b290"}, {"creator": 1156886, "id": 436532440, "images": [{"architecture": "amd64", "features": "", "variant": null, "digest": "sha256:0f3f4ad2b64a178e0896f63bada1f2c9135a4a0f92406e093925fff35208449b", "os": "linux", "os_features": "", "os_version": null, "size": 9591016, "status": "active", "last_pulled": "2024-01-20T06:34:48.778722Z", "last_pushed": "2023-05-10T00:13:40.726164Z"}, {"architecture": "arm", "features": "", "variant": "v6", "digest": "sha256:64b013bac264867aa75f8ac1df0438512d3bab8eca7572a2c1197582544297c1", "os": "linux", "os_features": "", "os_version": null, "size": 9011292, "status": "active", "last_pulled": "2024-01-19T20:01:02.441783Z", "last_pushed": "2023-05-10T00:13:41.853272Z"}, {"architecture": "arm", "features": "", "variant": "v7", "digest": "sha256:6415d80cb867e44996233af8e8f9394bebaeebf7d6650e6cf04c9b37e23500ce", "os": "linux", "os_features": "", "os_version": null, "size": 8764982, "status": "active", "last_pulled": "2024-01-19T20:01:02.642469Z", "last_pushed": "2023-05-10T00:13:42.979714Z"}, {"architecture": "arm64", "features": "", "variant": "v8", "digest": "sha256:e060d7ea629fce0f06e78567e0b4016e41a329813bea28f24f0e27f2ba87cff4", "os": "linux", "os_features": "", "os_version": null, "size": 9013804, "status": "active", "last_pulled": "2024-01-19T20:01:02.826788Z", "last_pushed": "2023-05-10T00:13:44.15452Z"}, {"architecture": "ppc64le", "features": "", "variant": null, "digest": "sha256:79cb341d56e466d8d5ec51bec58da4ad7a6192a53e0ec872e0948078023ec069", "os": "linux", "os_features": "", "os_version": null, "size": 8916736, "status": "active", "last_pulled": "2024-01-19T20:01:03.000751Z", "last_pushed": "2023-05-10T00:13:45.260063Z"}, {"architecture": "s390x", "features": "", "variant": null, "digest": "sha256:df9f0496352ebb85973282e1d389bbc9e14aef42b257d2306479f8caa4dd832f", "os": "linux", "os_features": "", "os_version": null, "size": 9163192, "status": "active", "last_pulled": "2024-01-19T20:01:03.227566Z", "last_pushed": "2023-05-10T00:13:46.324453Z"}], "last_updated": "2023-05-10T00:13:48.684179Z", "last_updater": 1156886, "last_updater_username": "doijanky", "name": "2.8.2-beta.2", "repository": 6307, "full_size": 9591016, "v2": true, "tag_status": "active", "tag_last_pulled": "2024-01-20T07:04:51.537797Z", "tag_last_pushed": "2023-05-10T00:13:48.684179Z", "media_type": "application/vnd.docker.distribution.manifest.list.v2+json", "content_type": "image", "digest": "sha256:5f7b60201e08733a3f273334ffc3ae5e62353b85c021829cfe6efe2c40a9cba8"}, {"creator": 1156886, "id": 196223915, "images": [{"architecture": "amd64", "features": "", "variant": null, "digest": "sha256:85d4cd48754d4e8e4d4fe933bbde017d969e0e20775507add9faca39064bf9b0", "os": "linux", "os_features": "", "os_version": null, "size": 9788612, "status": "active", "last_pulled": "2024-01-20T07:48:49.366046Z", "last_pushed": "2023-05-10T00:12:49.139237Z"}, {"architecture": "arm", "features": "", "variant": "v6", "digest": "sha256:d002d4633b9d68ce336392e040ebd59a7ded522a3b479ed27068c7b1bc850601", "os": "linux", "os_features": "", "os_version": null, "size": 9111855, "status": "active", "last_pulled": "2024-01-20T04:46:30.878907Z", "last_pushed": "2023-05-10T00:12:50.312277Z"}, {"architecture": "arm", "features": "", "variant": "v7", "digest": "sha256:da7bd08bbb9ff20403dcc1ecea6671c592536494f042393d218da481292699de", "os": "linux", "os_features": "", "os_version": null, "size": 8861467, "status": "active", "last_pulled": "2024-01-20T04:46:31.140414Z", "last_pushed": "2023-05-10T00:12:51.525282Z"}, {"architecture": "arm64", "features": "", "variant": "v8", "digest": "sha256:75182a34805c0e5b65b66c1a2702ca7392bf8e6319d7b638df3358fb60ee8a6d", "os": "linux", "os_features": "", "os_version": null, "size": 9174198, "status": "active", "last_pulled": "2024-01-20T07:56:11.568122Z", "last_pushed": "2023-05-10T00:12:52.956243Z"}, {"architecture": "ppc64le", "features": "", "variant": null, "digest": "sha256:606048bcc76d6ac565e5378e41b30d1447ab15e07cd05a617006f2c8745642ab", "os": "linux", "os_features": "", "os_version": null, "size": 8988190, "status": "active", "last_pulled": "2024-01-20T04:46:31.73068Z", "last_pushed": "2023-05-10T00:12:54.198268Z"}, {"architecture": "s390x", "features": "", "variant": null, "digest": "sha256:3643cb1566457855bce020926ab2cf0397dd36e107705583d0bb283846eccb13", "os": "linux", "os_features": "", "os_version": null, "size": 9323554, "status": "active", "last_pulled": "2024-01-20T04:46:32.000596Z", "last_pushed": "2023-05-10T00:12:55.349907Z"}], "last_updated": "2023-05-10T00:13:10.552979Z", "last_updater": 1156886, "last_updater_username": "doijanky", "name": "2.8.1", "repository": 6307, "full_size": 9788612, "v2": true, "tag_status": "active", "tag_last_pulled": "2024-01-20T07:56:11.568122Z", "tag_last_pushed": "2023-05-10T00:13:10.552979Z", "media_type": "application/vnd.docker.distribution.manifest.list.v2+json", "content_type": "image", "digest": "sha256:dbaa3e69f563fc146f3337eb9de422f74f6765bf0203c891ddfbd74a6f9b56eb"}, {"creator": 1156886, "id": 191160192, "images": [{"architecture": "s390x", "features": "", "variant": null, "digest": "sha256:9d74aa19cda1fb09ce7578b52fc83d83298f0561090e099f3116a7612d7b879e", "os": "linux", "os_features": "", "os_version": null, "size": 8698161, "status": "active", "last_pulled": "2024-01-19T20:00:57.236533Z", "last_pushed": "2022-02-07T22:56:20.847454Z"}, {"architecture": "ppc64le", "features": "", "variant": null, "digest": "sha256:0248606624357eb94aa9d43ec2693d8f5c0cb10c1600438166b9d28c9b5c1e78", "os": "linux", "os_features": "", "os_version": null, "size": 8409398, "status": "active", "last_pulled": "2024-01-19T20:00:57.065009Z", "last_pushed": "2022-02-07T23:33:35.012941Z"}, {"architecture": "arm", "features": "", "variant": "v6", "digest": "sha256:4b81d3a0be8b7aedb5e0520c83c5b8df8803baaefa114efc772514be9be6c793", "os": "linux", "os_features": "", "os_version": null, "size": 8582089, "status": "active", "last_pulled": "2024-01-19T20:00:56.48718Z", "last_pushed": "2022-02-07T23:14:29.737828Z"}, {"architecture": "amd64", "features": "", "variant": null, "digest": "sha256:712c58f0d738ba95788d2814979028fd648a37186ae0dd4141f786125ba6d680", "os": "linux", "os_features": "", "os_version": null, "size": 9203396, "status": "active", "last_pulled": "2024-01-20T07:50:47.777592Z", "last_pushed": "2022-02-07T23:33:33.885241Z"}, {"architecture": "arm", "features": "", "variant": "v7", "digest": "sha256:00356336c4ad69bb60dd052b06912cb2e868ef0d7ab1f2375b2e2ce8631d1117", "os": "linux", "os_features": "", "os_version": null, "size": 8377548, "status": "active", "last_pulled": "2024-01-19T20:00:56.676327Z", "last_pushed": "2022-02-07T23:14:30.84853Z"}, {"architecture": "arm64", "features": "", "variant": "v8", "digest": "sha256:1b640322f9a983281970daaeba1a6d303f399d67890644389ff419d951963e20", "os": "linux", "os_features": "", "os_version": null, "size": 8541458, "status": "active", "last_pulled": "2024-01-19T20:00:56.861996Z", "last_pushed": "2022-02-07T22:56:19.748488Z"}], "last_updated": "2022-02-07T23:33:47.244928Z", "last_updater": 1156886, "last_updater_username": "doijanky", "name": "2.8.0", "repository": 6307, "full_size": 9203396, "v2": true, "tag_status": "active", "tag_last_pulled": "2024-01-20T07:50:47.777592Z", "tag_last_pushed": "2022-02-07T23:33:47.244928Z", "media_type": "application/vnd.docker.distribution.manifest.list.v2+json", "content_type": "image"}, {"creator": 1156886, "id": 188420134, "images": [{"architecture": "arm64", "features": "", "variant": "v8", "digest": "sha256:15ef405da19611db38d95617a7ca4f842a6a3d1f32fd8106249ba8d4b171cbca", "os": "linux", "os_features": "", "os_version": null, "size": 8541458, "status": "active", "last_pulled": "2024-01-19T20:00:58.40927Z", "last_pushed": "2022-01-21T22:24:52.61994Z"}, {"architecture": "amd64", "features": "", "variant": null, "digest": "sha256:68013e9fe5816080e3e08dafb71069feda627a30be409517a76f862a5bc2ebec", "os": "linux", "os_features": "", "os_version": null, "size": 9203399, "status": "active", "last_pulled": "2024-01-20T06:27:57.065851Z", "last_pushed": "2022-01-21T20:51:00.823639Z"}, {"architecture": "arm", "features": "", "variant": "v6", "digest": "sha256:c664d884d9cd482e0d487e658eaa0e220d4f1ecbf6ba1427a50d968b8ac91e0a", "os": "linux", "os_features": "", "os_version": null, "size": 8582090, "status": "active", "last_pulled": "2024-01-19T20:00:57.987446Z", "last_pushed": "2022-01-21T22:24:51.534318Z"}, {"architecture": "arm", "features": "", "variant": "v7", "digest": "sha256:80fd05c45b6024cb43fb1b7203520a25a74b7727fc9c51132d9e61a7df822370", "os": "linux", "os_features": "", "os_version": null, "size": 8377551, "status": "active", "last_pulled": "2024-01-19T20:00:58.190307Z", "last_pushed": "2022-01-25T01:25:58.155311Z"}, {"architecture": "s390x", "features": "", "variant": null, "digest": "sha256:6a35fddd5e71bc5d0322c7a897673f23b6d05c8e71a5bf546fba7a5ec9eebdc8", "os": "linux", "os_features": "", "os_version": null, "size": 8698162, "status": "active", "last_pulled": "2024-01-19T20:00:58.772824Z", "last_pushed": "2022-01-25T01:58:02.902324Z"}, {"architecture": "ppc64le", "features": "", "variant": null, "digest": "sha256:c8c46d96569f2025f74511b018fd846eb4eabf7c615f6c211015c0fc0f3bc323", "os": "linux", "os_features": "", "os_version": null, "size": 8409415, "status": "active", "last_pulled": "2024-01-19T20:00:58.595653Z", "last_pushed": "2022-01-25T01:25:59.376616Z"}], "last_updated": "2022-01-25T01:58:05.343757Z", "last_updater": 1156886, "last_updater_username": "doijanky", "name": "2.8.0-beta.1", "repository": 6307, "full_size": 9203399, "v2": true, "tag_status": "active", "tag_last_pulled": "2024-01-20T06:27:57.065851Z", "tag_last_pushed": "2022-01-25T01:58:05.343757Z", "media_type": "application/vnd.docker.distribution.manifest.list.v2+json", "content_type": "image"}, {"creator": 1156886, "id": 44562885, "images": [{"architecture": "arm64", "features": "", "variant": "v8", "digest": "sha256:e9c2d646078211f8353e482caac9d9b12f38b42bc29cb30c453841cf144037b1", "os": "linux", "os_features": "", "os_version": null, "size": 9269387, "status": "active", "last_pulled": "2024-01-20T05:54:56.953116Z", "last_pushed": "2021-11-12T18:56:14.074975Z"}, {"architecture": "arm", "features": "", "variant": "v6", "digest": "sha256:eafd2cdf8e847216f62e1acb756f992689f4861baf943610ad4127df3cacee29", "os": "linux", "os_features": "", "os_version": null, "size": 9315138, "status": "active", "last_pulled": "2024-01-20T02:32:49.220906Z", "last_pushed": "2021-11-12T18:56:12.6409Z"}, {"architecture": "amd64", "features": "", "variant": null, "digest": "sha256:36cb5b157911061fb610d8884dc09e0b0300a767a350563cbfd88b4b85324ce4", "os": "linux", "os_features": "", "os_version": null, "size": 9941588, "status": "active", "last_pulled": "2024-01-20T07:16:00.187283Z", "last_pushed": "2021-11-13T06:38:35.646287Z"}], "last_updated": "2021-11-13T06:38:50.45635Z", "last_updater": 1156886, "last_updater_username": "doijanky", "name": "2.7.1", "repository": 6307, "full_size": 9941588, "v2": true, "tag_status": "active", "tag_last_pulled": "2024-01-20T07:16:00.187283Z", "tag_last_pushed": "2021-11-13T06:38:50.45635Z", "media_type": "application/vnd.docker.distribution.manifest.list.v2+json", "content_type": "image"}, {"creator": 1156886, "id": 43477285, "images": [{"architecture": "amd64", "features": "", "variant": null, "digest": "sha256:36cb5b157911061fb610d8884dc09e0b0300a767a350563cbfd88b4b85324ce4", "os": "linux", "os_features": "", "os_version": null, "size": 9941588, "status": "active", "last_pulled": "2024-01-20T07:16:00.187283Z", "last_pushed": "2021-11-13T06:38:35.646287Z"}, {"architecture": "arm64", "features": "", "variant": "v8", "digest": "sha256:e9c2d646078211f8353e482caac9d9b12f38b42bc29cb30c453841cf144037b1", "os": "linux", "os_features": "", "os_version": null, "size": 9269387, "status": "active", "last_pulled": "2024-01-20T05:54:56.953116Z", "last_pushed": "2021-11-12T18:56:14.074975Z"}, {"architecture": "arm", "features": "", "variant": "v6", "digest": "sha256:eafd2cdf8e847216f62e1acb756f992689f4861baf943610ad4127df3cacee29", "os": "linux", "os_features": "", "os_version": null, "size": 9315138, "status": "active", "last_pulled": "2024-01-20T02:32:49.220906Z", "last_pushed": "2021-11-12T18:56:12.6409Z"}], "last_updated": "2021-11-13T06:38:40.681634Z", "last_updater": 1156886, "last_updater_username": "doijanky", "name": "2.7", "repository": 6307, "full_size": 9941588, "v2": true, "tag_status": "active", "tag_last_pulled": "2024-01-20T07:16:00.187283Z", "tag_last_pushed": "2021-11-13T06:38:40.681634Z", "media_type": "application/vnd.docker.distribution.manifest.list.v2+json", "content_type": "image"}, {"creator": 2215, "id": 13170357, "images": [{"architecture": "amd64", "features": "", "variant": null, "digest": "sha256:c2748bc237015d14ef65355f03b77f0a7f0566d440f447e670f3333906f0f5da", "os": "linux", "os_features": "", "os_version": null, "size": 9092676, "status": "active", "last_pulled": "2024-01-20T07:47:28.093654Z", "last_pushed": null}, {"architecture": "arm", "features": "", "variant": "v6", "digest": "sha256:4ffb67f2e51c4075f79aa005bd5d9d5065d9f889517cdd113aa14dc14a4e84e5", "os": "linux", "os_features": "", "os_version": null, "size": 8483688, "status": "active", "last_pulled": "2024-01-19T20:00:48.545681Z", "last_pushed": null}, {"architecture": "arm64", "features": "", "variant": "v8", "digest": "sha256:9730f50f13e99eaf8c4f2ea0013437b9dfc726bf5eac9f3446294144cd07bcc4", "os": "linux", "os_features": "", "os_version": null, "size": 8468745, "status": "active", "last_pulled": "2024-01-20T04:45:42.325329Z", "last_pushed": null}], "last_updated": "2020-01-24T01:38:43.494007Z", "last_updater": 1156886, "last_updater_username": "doijanky", "name": "2.6.2", "repository": 6307, "full_size": 9092676, "v2": true, "tag_status": "active", "tag_last_pulled": "2024-01-20T07:47:28.093654Z", "tag_last_pushed": "2020-01-24T01:38:43.494007Z", "media_type": "application/vnd.docker.distribution.manifest.list.v2+json", "content_type": "image"}, {"creator": 2215, "id": 7497652, "images": [{"architecture": "amd64", "features": "", "variant": null, "digest": "sha256:c2748bc237015d14ef65355f03b77f0a7f0566d440f447e670f3333906f0f5da", "os": "linux", "os_features": "", "os_version": null, "size": 9092676, "status": "active", "last_pulled": "2024-01-20T07:47:28.093654Z", "last_pushed": null}, {"architecture": "arm", "features": "", "variant": "v6", "digest": "sha256:4ffb67f2e51c4075f79aa005bd5d9d5065d9f889517cdd113aa14dc14a4e84e5", "os": "linux", "os_features": "", "os_version": null, "size": 8483688, "status": "active", "last_pulled": "2024-01-19T20:00:48.545681Z", "last_pushed": null}, {"architecture": "arm64", "features": "", "variant": "v8", "digest": "sha256:9730f50f13e99eaf8c4f2ea0013437b9dfc726bf5eac9f3446294144cd07bcc4", "os": "linux", "os_features": "", "os_version": null, "size": 8468745, "status": "active", "last_pulled": "2024-01-20T04:45:42.325329Z", "last_pushed": null}], "last_updated": "2020-01-24T01:38:41.58729Z", "last_updater": 1156886, "last_updater_username": "doijanky", "name": "2.6", "repository": 6307, "full_size": 9092676, "v2": true, "tag_status": "active", "tag_last_pulled": "2024-01-20T07:47:28.093654Z", "tag_last_pushed": "2020-01-24T01:38:41.58729Z", "media_type": "application/vnd.docker.distribution.manifest.list.v2+json", "content_type": "image"}, {"creator": 2215, "id": 13170374, "images": [{"architecture": "amd64", "features": "", "variant": null, "digest": "sha256:bae2e2e45eb146fddf599a1deb2479765b6b12d8a74ec1bd01a029e5067667e5", "os": "linux", "os_features": "", "os_version": null, "size": 11214998, "status": "inactive", "last_pulled": null, "last_pushed": null}], "last_updated": "2019-05-10T23:49:56.020131Z", "last_updater": 1156886, "last_updater_username": "doijanky", "name": "2.5.2", "repository": 6307, "full_size": 11214998, "v2": true, "tag_status": "inactive", "tag_last_pulled": null, "tag_last_pushed": "2019-05-10T23:49:56.020131Z", "media_type": "application/vnd.docker.distribution.manifest.list.v2+json", "content_type": "image"}, {"creator": 621950, "id": 4053906, "images": [{"architecture": "amd64", "features": "", "variant": null, "digest": "sha256:bae2e2e45eb146fddf599a1deb2479765b6b12d8a74ec1bd01a029e5067667e5", "os": "linux", "os_features": "", "os_version": null, "size": 11214998, "status": "inactive", "last_pulled": null, "last_pushed": null}], "last_updated": "2019-05-10T23:49:53.335455Z", "last_updater": 1156886, "last_updater_username": "doijanky", "name": "2.5", "repository": 6307, "full_size": 11214998, "v2": true, "tag_status": "inactive", "tag_last_pulled": null, "tag_last_pushed": "2019-05-10T23:49:53.335455Z", "media_type": "application/vnd.docker.distribution.manifest.list.v2+json", "content_type": "image"}, {"creator": 1156886, "id": 43477283, "images": [{"architecture": "amd64", "features": "", "variant": null, "digest": "sha256:33fbbf4a24e52aca096ac8161eeb6963d61e734c48131ea491cf10aa32de9aae", "os": "linux", "os_features": "", "os_version": null, "size": 9127059, "status": "inactive", "last_pulled": null, "last_pushed": null}, {"architecture": "arm", "features": "", "variant": "v6", "digest": "sha256:d48f88316937f8005ace5850eb8b2f9a2029e9d642739beaba77be51ed949e46", "os": "linux", "os_features": "", "os_version": null, "size": 8657451, "status": "inactive", "last_pulled": null, "last_pushed": null}, {"architecture": "arm64", "features": "", "variant": "v8", "digest": "sha256:0ca2ddc1c5d39bf00bf02bec45fb614122956b12778bbb258c12455f6c32220e", "os": "linux", "os_features": "", "os_version": null, "size": 8457846, "status": "inactive", "last_pulled": null, "last_pushed": null}], "last_updated": "2019-01-04T10:44:31.669066Z", "last_updater": 1156886, "last_updater_username": "doijanky", "name": "2.7.0", "repository": 6307, "full_size": 9127059, "v2": true, "tag_status": "inactive", "tag_last_pulled": null, "tag_last_pushed": "2019-01-04T10:44:31.669066Z", "media_type": "application/vnd.docker.distribution.manifest.list.v2+json", "content_type": "image"}, {"creator": 2215, "id": 9757333, "images": [{"architecture": "amd64", "features": "", "variant": null, "digest": "sha256:c2a449c9f8344bc09d07c42839c6ea012ffb522456c52304175c0519ce7870d4", "os": "linux", "os_features": "", "os_version": null, "size": 10662373, "status": "inactive", "last_pulled": null, "last_pushed": null}], "last_updated": "2017-06-30T01:05:26.451983Z", "last_updater": 2215, "last_updater_username": "stackbrew", "name": "2.6.1", "repository": 6307, "full_size": 10662373, "v2": true, "tag_status": "inactive", "tag_last_pulled": null, "tag_last_pushed": "2017-06-30T01:05:26.451983Z", "media_type": "application/vnd.docker.container.image.v1+json", "content_type": "image"}, {"creator": 2215, "id": 9228074, "images": [{"architecture": "amd64", "features": "", "variant": null, "digest": "sha256:b04f07715336b7590dc52cd22b80e89a1f6b2e7200e83fdc58a3423b00298381", "os": "linux", "os_features": "", "os_version": null, "size": 10491372, "status": "inactive", "last_pulled": null, "last_pushed": null}], "last_updated": "2017-03-21T22:49:12.46772Z", "last_updater": 2215, "last_updater_username": "stackbrew", "name": "2.6.1-rc.2", "repository": 6307, "full_size": 10491372, "v2": true, "tag_status": "inactive", "tag_last_pulled": null, "tag_last_pushed": "2017-03-21T22:49:12.46772Z", "media_type": "application/vnd.docker.container.image.v1+json", "content_type": "image"}, {"creator": 2215, "id": 7497658, "images": [{"architecture": "amd64", "features": "", "variant": null, "digest": "sha256:047218491f8cef3987c8a248b8a4ebc46025b04d7b700f711c320a290959a8a6", "os": "linux", "os_features": "", "os_version": null, "size": 10492049, "status": "inactive", "last_pulled": null, "last_pushed": null}], "last_updated": "2017-03-21T22:48:27.034431Z", "last_updater": 2215, "last_updater_username": "stackbrew", "name": "2.6.0", "repository": 6307, "full_size": 10492049, "v2": true, "tag_status": "inactive", "tag_last_pulled": null, "tag_last_pushed": "2017-03-21T22:48:27.034431Z", "media_type": "application/vnd.docker.container.image.v1+json", "content_type": "image"}, {"creator": 621950, "id": 6988060, "images": [{"architecture": "amd64", "features": "", "variant": null, "digest": "sha256:972207cbcb44de9449a2b92de1aecbb8d89afcb5f9acd8759bafcbe7ee9abeb7", "os": "linux", "os_features": "", "os_version": null, "size": 10487586, "status": "inactive", "last_pulled": null, "last_pushed": null}], "last_updated": "2016-12-27T21:39:55.357802Z", "last_updater": 2215, "last_updater_username": "stackbrew", "name": "2.6.0-rc.2", "repository": 6307, "full_size": 10487586, "v2": true, "tag_status": "inactive", "tag_last_pulled": null, "tag_last_pushed": "2016-12-27T21:39:55.357802Z", "media_type": "application/vnd.docker.container.image.v1+json", "content_type": "image"}, {"creator": 621950, "id": 4807237, "images": [{"architecture": "amd64", "features": "", "variant": null, "digest": "sha256:182810e6ba8c469a88d639695b38cfb213aa0120f673a5f55c60ae052b395246", "os": "linux", "os_features": "", "os_version": null, "size": 11009455, "status": "inactive", "last_pulled": null, "last_pushed": null}], "last_updated": "2016-12-27T21:39:19.587114Z", "last_updater": 2215, "last_updater_username": "stackbrew", "name": "2.5.1", "repository": 6307, "full_size": 11009455, "v2": true, "tag_status": "inactive", "tag_last_pulled": null, "tag_last_pushed": "2016-12-27T21:39:19.587114Z", "media_type": "application/vnd.docker.container.image.v1+json", "content_type": "image"}, {"creator": 621950, "id": 6107715, "images": [{"architecture": "amd64", "features": "", "variant": null, "digest": "sha256:6dde1c2574e33d161be48689a3da436b2d4049b6f4d1665b6b8149b70cf79f01", "os": "linux", "os_features": "", "os_version": null, "size": 9129484, "status": "inactive", "last_pulled": null, "last_pushed": null}], "last_updated": "2016-11-14T17:36:50.13221Z", "last_updater": 621950, "last_updater_username": "signer", "name": "2.6.0-rc.1", "repository": 6307, "full_size": 9129484, "v2": true, "tag_status": "inactive", "tag_last_pulled": null, "tag_last_pushed": "2016-11-14T17:36:50.13221Z", "media_type": "application/vnd.docker.container.image.v1+json", "content_type": "image"}, {"creator": 621950, "id": 4053909, "images": [{"architecture": "amd64", "features": "", "variant": null, "digest": "sha256:c6c14b3960bdf9f5c50b672ff566f3dabd3e450b54ae5496f326898513362c98", "os": "linux", "os_features": "", "os_version": null, "size": 9651553, "status": "inactive", "last_pulled": null, "last_pushed": null}], "last_updated": "2016-08-02T00:04:02.633557Z", "last_updater": 621950, "last_updater_username": "signer", "name": "2.5.0", "repository": 6307, "full_size": 9651553, "v2": true, "tag_status": "inactive", "tag_last_pulled": null, "tag_last_pushed": "2016-08-02T00:04:02.633557Z", "media_type": "application/octet-stream", "content_type": "unrecognized"}, {"creator": 621950, "id": 3730463, "images": [{"architecture": "amd64", "features": "", "variant": null, "digest": "sha256:fac1f78f1ce5e9d1b4005f3090d9903b44dfa59ed5cc06884735cf564f1a3df8", "os": "linux", "os_features": "", "os_version": null, "size": 9649019, "status": "inactive", "last_pulled": null, "last_pushed": null}], "last_updated": "2016-07-06T23:05:45.894045Z", "last_updater": 621950, "last_updater_username": "signer", "name": "2.5.0-rc.2", "repository": 6307, "full_size": 9649019, "v2": true, "tag_status": "inactive", "tag_last_pulled": null, "tag_last_pushed": "2016-07-06T23:05:45.894045Z", "media_type": "application/octet-stream", "content_type": "unrecognized"}, {"creator": 2215, "id": 3074613, "images": [{"architecture": "amd64", "features": "", "variant": null, "digest": "sha256:8ff6a4aae6575dace6b603626816e74e71e93aa54dfb670daff0a7426706e58c", "os": "linux", "os_features": "", "os_version": null, "size": 65398700, "status": "inactive", "last_pulled": null, "last_pushed": null}], "last_updated": "2016-07-06T23:05:26.522292Z", "last_updater": 621950, "last_updater_username": "signer", "name": "2.4.1", "repository": 6307, "full_size": 65398700, "v2": true, "tag_status": "inactive", "tag_last_pulled": null, "tag_last_pushed": "2016-07-06T23:05:26.522292Z", "media_type": "application/octet-stream", "content_type": "unrecognized"}, {"creator": 2215, "id": 2647988, "images": [{"architecture": "amd64", "features": "", "variant": null, "digest": "sha256:8ff6a4aae6575dace6b603626816e74e71e93aa54dfb670daff0a7426706e58c", "os": "linux", "os_features": "", "os_version": null, "size": 65398700, "status": "inactive", "last_pulled": null, "last_pushed": null}], "last_updated": "2016-07-06T23:05:18.195283Z", "last_updater": 621950, "last_updater_username": "signer", "name": "2.4", "repository": 6307, "full_size": 65398700, "v2": true, "tag_status": "inactive", "tag_last_pulled": null, "tag_last_pushed": "2016-07-06T23:05:18.195283Z", "media_type": "application/octet-stream", "content_type": "unrecognized"}, {"creator": 621950, "id": 3424947, "images": [{"architecture": "amd64", "features": "", "variant": null, "digest": "sha256:8653cf68d1cf6a9b726647d4f1efc0601e78dc0f1a5e9951d8d790f08d0c5efe", "os": "linux", "os_features": "", "os_version": null, "size": 9647537, "status": "inactive", "last_pulled": null, "last_pushed": null}], "last_updated": "2016-06-23T22:02:55.480088Z", "last_updater": 621950, "last_updater_username": "signer", "name": "2.5.0-rc.1", "repository": 6307, "full_size": 9647537, "v2": true, "tag_status": "inactive", "tag_last_pulled": null, "tag_last_pushed": "2016-06-23T22:02:55.480088Z", "media_type": "application/octet-stream", "content_type": "unrecognized"}, {"creator": 2215, "id": 2649055, "images": [{"architecture": "amd64", "features": "", "variant": null, "os": "", "os_features": "", "os_version": null, "size": 65381333, "status": "inactive", "last_pulled": null, "last_pushed": null}], "last_updated": "2016-05-06T22:24:56.669146Z", "last_updater": 2215, "last_updater_username": "stackbrew", "name": "2.4.0", "repository": 6307, "full_size": 65381333, "v2": true, "tag_status": "inactive", "tag_last_pulled": null, "tag_last_pushed": "2016-05-06T22:24:56.669146Z", "media_type": "application/vnd.docker.distribution.manifest.v1+prettyjws", "content_type": "image"}, {"creator": 2215, "id": 2240753, "images": [{"architecture": "amd64", "features": "", "variant": null, "digest": "sha256:9bd58f43fdf3c378ee7f19ec6e355a5ecbfad8eab82c77079b974b5a78b59e4d", "os": "", "os_features": "", "os_version": null, "size": 64395271, "status": "active", "last_pulled": "2024-01-20T07:04:52.421213Z", "last_pushed": null}], "last_updated": "2016-04-04T20:37:56.530658Z", "last_updater": 213249, "last_updater_username": "toli", "name": "2.3.1", "repository": 6307, "full_size": 64395143, "v2": true, "tag_status": "active", "tag_last_pulled": "2024-01-20T07:04:52.421213Z", "tag_last_pushed": "2016-04-04T20:37:56.530658Z", "media_type": "application/vnd.docker.distribution.manifest.v1+prettyjws", "content_type": "image"}, {"creator": 2215, "id": 1920608, "images": [{"architecture": "amd64", "features": "", "variant": null, "digest": "sha256:0c8c2a39d64da5eef305f9b50e0d889d823d799414c5a1d42f9cfdab2462da19", "os": "", "os_features": "", "os_version": null, "size": 64395271, "status": "active", "last_pulled": "2024-01-20T07:04:52.391605Z", "last_pushed": null}], "last_updated": "2016-04-04T20:37:49.630797Z", "last_updater": 213249, "last_updater_username": "toli", "name": "2.3", "repository": 6307, "full_size": 64395143, "v2": true, "tag_status": "active", "tag_last_pulled": "2024-01-20T07:04:52.391605Z", "tag_last_pushed": "2016-04-04T20:37:49.630797Z", "media_type": "application/vnd.docker.distribution.manifest.v1+prettyjws", "content_type": "image"}, {"creator": 2215, "id": 1920609, "images": [{"architecture": "amd64", "features": "", "variant": null, "digest": "sha256:5b6211cc1aa81916042ef0784ab8c8c2ce745f9dd851a67b2d80bf52a7f1c3c3", "os": "", "os_features": "", "os_version": null, "size": 64375037, "status": "active", "last_pulled": "2024-01-20T07:04:52.41769Z", "last_pushed": null}], "last_updated": "2016-03-03T18:14:45.262114Z", "last_updater": 2215, "last_updater_username": "stackbrew", "name": "2.3.0", "repository": 6307, "full_size": 64374909, "v2": true, "tag_status": "active", "tag_last_pulled": "2024-01-20T07:04:52.41769Z", "tag_last_pushed": "2016-03-03T18:14:45.262114Z", "media_type": "application/vnd.docker.distribution.manifest.v1+prettyjws", "content_type": "image"}, {"creator": 2215, "id": 1521244, "images": [{"architecture": "amd64", "features": "", "variant": null, "digest": "sha256:30adb707d1b4d2ad694c38da3ea1e7d303fdbdce2538ab0372afe6f1523ae3c8", "os": "", "os_features": "", "os_version": null, "size": 76930712, "status": "active", "last_pulled": "2024-01-20T07:04:52.396814Z", "last_pushed": null}], "last_updated": "2016-02-03T00:11:03.89452Z", "last_updater": 213249, "last_updater_username": "toli", "name": "2.2.1", "repository": 6307, "full_size": 76930584, "v2": true, "tag_status": "active", "tag_last_pulled": "2024-01-20T07:04:52.396814Z", "tag_last_pushed": "2016-02-03T00:11:03.89452Z", "media_type": "application/vnd.docker.distribution.manifest.v1+prettyjws", "content_type": "image"}, {"creator": 2215, "id": 1270680, "images": [{"architecture": "amd64", "features": "", "variant": null, "digest": "sha256:a9128f456da044c4132c41973b065d2e2c46b04682c65f23dbb5d0c51071d595", "os": "", "os_features": "", "os_version": null, "size": 76930712, "status": "active", "last_pulled": "2024-01-20T07:04:52.403014Z", "last_pushed": null}], "last_updated": "2016-02-03T00:10:55.972852Z", "last_updater": 213249, "last_updater_username": "toli", "name": "2.2", "repository": 6307, "full_size": 76930584, "v2": true, "tag_status": "active", "tag_last_pulled": "2024-01-20T07:04:52.403014Z", "tag_last_pushed": "2016-02-03T00:10:55.972852Z", "media_type": "application/vnd.docker.distribution.manifest.v1+prettyjws", "content_type": "image", "digest": "sha256:a9128f456da044c4132c41973b065d2e2c46b04682c65f23dbb5d0c51071d595"}, {"creator": 7, "id": 10887, "images": [{"architecture": "amd64", "features": "", "variant": null, "digest": "sha256:324f944f7555780bb14c0615a28f201d6662fd9394fb313a8bfddf424ded38ae", "os": "", "os_features": "", "os_version": null, "size": 166790204, "status": "active", "last_pulled": "2024-01-20T07:04:52.455282Z", "last_pushed": null}], "last_updated": "2016-02-03T00:10:36.755839Z", "last_updater": 213249, "last_updater_username": "toli", "name": "0.9.1", "repository": 6307, "full_size": 166790076, "v2": true, "tag_status": "active", "tag_last_pulled": "2024-01-20T07:04:52.455282Z", "tag_last_pushed": "2016-02-03T00:10:36.755839Z", "media_type": "application/vnd.docker.distribution.manifest.v1+prettyjws", "content_type": "image", "digest": "sha256:324f944f7555780bb14c0615a28f201d6662fd9394fb313a8bfddf424ded38ae"}, {"creator": 7, "id": 10890, "images": [{"architecture": "amd64", "features": "", "variant": null, "digest": "sha256:20bc07f78df85cdbe52b9451167f966c706403e23603c593e02a296124b8e3d4", "os": "", "os_features": "", "os_version": null, "size": 182997072, "status": "active", "last_pulled": "2024-01-20T07:04:53.244085Z", "last_pushed": null}], "last_updated": "2016-02-03T00:10:22.081576Z", "last_updater": 213249, "last_updater_username": "toli", "name": "0.8.1", "repository": 6307, "full_size": 182996944, "v2": true, "tag_status": "active", "tag_last_pulled": "2024-01-20T07:04:53.244085Z", "tag_last_pushed": "2016-02-03T00:10:22.081576Z", "media_type": "application/vnd.docker.distribution.manifest.v1+prettyjws", "content_type": "image", "digest": "sha256:20bc07f78df85cdbe52b9451167f966c706403e23603c593e02a296124b8e3d4"}, {"creator": 2215, "id": 1270682, "images": [{"architecture": "amd64", "features": "", "variant": null, "digest": "sha256:7f34ccb513d87c550a8138ce21f4da2459b022278d34849f5a55d3ee8820afe6", "os": "", "os_features": "", "os_version": null, "size": 76433402, "status": "active", "last_pulled": "2024-01-20T07:04:52.419925Z", "last_pushed": null}], "last_updated": "2015-12-08T07:16:15.990448Z", "last_updater": 2215, "last_updater_username": "stackbrew", "name": "2.2.0", "repository": 6307, "full_size": 76433274, "v2": true, "tag_status": "active", "tag_last_pulled": "2024-01-20T07:04:52.419925Z", "tag_last_pushed": "2015-12-08T07:16:15.990448Z", "media_type": "application/vnd.docker.distribution.manifest.v1+prettyjws", "content_type": "image", "digest": "sha256:7f34ccb513d87c550a8138ce21f4da2459b022278d34849f5a55d3ee8820afe6"}, {"creator": 7, "id": 10862, "images": [{"architecture": "x86_64", "features": "", "variant": null, "digest": "sha256:4709ec3a661f842e2907c35a3aa05f0ea327354a0be289d1bbe9d82ebb25ae3b", "os": "", "os_features": "", "os_version": null, "size": 173691622, "status": "active", "last_pulled": "2024-01-20T07:04:53.287499Z", "last_pushed": null}], "last_updated": "2015-11-14T13:51:30.877367Z", "last_updater": 134455, "last_updater_username": "diogomonica", "name": "0.6.1", "repository": 6307, "full_size": 173691494, "v2": true, "tag_status": "active", "tag_last_pulled": "2024-01-20T07:04:53.287499Z", "tag_last_pushed": "2015-11-14T13:51:30.877367Z", "media_type": "application/vnd.docker.distribution.manifest.v1+prettyjws", "content_type": "image", "digest": "sha256:4709ec3a661f842e2907c35a3aa05f0ea327354a0be289d1bbe9d82ebb25ae3b"}, {"creator": 7, "id": 10871, "images": [{"architecture": "amd64", "features": "", "variant": null, "digest": "sha256:ef3f24f964214397300f1f98cbb93279b6e7e50f668305f779a5222f89a6a6ad", "os": "", "os_features": "", "os_version": null, "size": 168182759, "status": "active", "last_pulled": "2024-01-20T07:04:53.298691Z", "last_pushed": null}], "last_updated": "2015-11-14T13:49:58.007485Z", "last_updater": 134455, "last_updater_username": "diogomonica", "name": "0.6.6", "repository": 6307, "full_size": 168182631, "v2": true, "tag_status": "active", "tag_last_pulled": "2024-01-20T07:04:53.298691Z", "tag_last_pushed": "2015-11-14T13:49:58.007485Z", "media_type": "application/vnd.docker.distribution.manifest.v1+prettyjws", "content_type": "image", "digest": "sha256:ef3f24f964214397300f1f98cbb93279b6e7e50f668305f779a5222f89a6a6ad"}, {"creator": 7, "id": 10853, "images": [{"architecture": "amd64", "features": "", "variant": null, "digest": "sha256:430719e5c667433aa7fa3a22981a6fcc2f3fd7abc2ebda1a09c1074aa8d79b6e", "os": "", "os_features": "", "os_version": null, "size": 167632694, "status": "active", "last_pulled": "2024-01-20T07:04:53.257532Z", "last_pushed": null}], "last_updated": "2015-11-14T13:47:39.632052Z", "last_updater": 134455, "last_updater_username": "diogomonica", "name": "0.6.8", "repository": 6307, "full_size": 167632598, "v2": true, "tag_status": "active", "tag_last_pulled": "2024-01-20T07:04:53.257532Z", "tag_last_pushed": "2015-11-14T13:47:39.632052Z", "media_type": "application/vnd.docker.distribution.manifest.v1+prettyjws", "content_type": "image", "digest": "sha256:430719e5c667433aa7fa3a22981a6fcc2f3fd7abc2ebda1a09c1074aa8d79b6e"}, {"creator": 7, "id": 10852, "images": [{"architecture": "amd64", "features": "", "variant": null, "digest": "sha256:3a79656b41a5e6a3c03ca2bfab228ccb0680ab2e93e24e13f3af2e7d35cf2e84", "os": "", "os_features": "", "os_version": null, "size": 171439599, "status": "active", "last_pulled": "2024-01-20T07:04:53.244221Z", "last_pushed": null}], "last_updated": "2015-11-14T13:45:06.884358Z", "last_updater": 134455, "last_updater_username": "diogomonica", "name": "0.6.9", "repository": 6307, "full_size": 171439471, "v2": true, "tag_status": "active", "tag_last_pulled": "2024-01-20T07:04:53.244221Z", "tag_last_pushed": "2015-11-14T13:45:06.884358Z", "media_type": "application/vnd.docker.distribution.manifest.v1+prettyjws", "content_type": "image", "digest": "sha256:3a79656b41a5e6a3c03ca2bfab228ccb0680ab2e93e24e13f3af2e7d35cf2e84"}, {"creator": 7, "id": 10896, "images": [{"architecture": "amd64", "features": "", "variant": null, "digest": "sha256:615c938c0dcbf3028b06d3ecf5c90f4fe89548f793039df49ea5393567c27ef7", "os": "", "os_features": "", "os_version": null, "size": 199050279, "status": "active", "last_pulled": "2024-01-20T07:04:53.227726Z", "last_pushed": null}], "last_updated": "2015-11-14T13:42:54.188746Z", "last_updater": 134455, "last_updater_username": "diogomonica", "name": "0.7.1", "repository": 6307, "full_size": 199050119, "v2": true, "tag_status": "active", "tag_last_pulled": "2024-01-20T07:04:53.227726Z", "tag_last_pushed": "2015-11-14T13:42:54.188746Z", "media_type": "application/vnd.docker.distribution.manifest.v1+prettyjws", "content_type": "image", "digest": "sha256:615c938c0dcbf3028b06d3ecf5c90f4fe89548f793039df49ea5393567c27ef7"}, {"creator": 7, "id": 10848, "images": [{"architecture": "amd64", "features": "", "variant": null, "digest": "sha256:ea03ecfe4fc8f7f3a97628078d1a729b76ab81a141fe7b936585597a19fce305", "os": "", "os_features": "", "os_version": null, "size": 199050866, "status": "active", "last_pulled": "2024-01-20T07:04:53.247531Z", "last_pushed": null}], "last_updated": "2015-11-14T13:42:31.37835Z", "last_updater": 134455, "last_updater_username": "diogomonica", "name": "0.7.0", "repository": 6307, "full_size": 199050706, "v2": true, "tag_status": "active", "tag_last_pulled": "2024-01-20T07:04:53.247531Z", "tag_last_pushed": "2015-11-14T13:42:31.37835Z", "media_type": "application/vnd.docker.distribution.manifest.v1+prettyjws", "content_type": "image", "digest": "sha256:ea03ecfe4fc8f7f3a97628078d1a729b76ab81a141fe7b936585597a19fce305"}, {"creator": 7, "id": 10893, "images": [{"architecture": "amd64", "features": "", "variant": null, "digest": "sha256:ec58e5661a125649d0c270b571c8297994d1f4952debbcceaa53388314778bfa", "os": "", "os_features": "", "os_version": null, "size": 181249833, "status": "active", "last_pulled": "2024-01-20T07:04:53.264689Z", "last_pushed": null}], "last_updated": "2015-11-14T13:42:06.560209Z", "last_updater": 134455, "last_updater_username": "diogomonica", "name": "0.8.0", "repository": 6307, "full_size": 181249641, "v2": true, "tag_status": "active", "tag_last_pulled": "2024-01-20T07:04:53.264689Z", "tag_last_pushed": "2015-11-14T13:42:06.560209Z", "media_type": "application/vnd.docker.distribution.manifest.v1+prettyjws", "content_type": "image", "digest": "sha256:ec58e5661a125649d0c270b571c8297994d1f4952debbcceaa53388314778bfa"}, {"creator": 7, "id": 10865, "images": [{"architecture": "x86_64", "features": "", "variant": null, "digest": "sha256:ab3eedd3844caa91ec8df5545f078801362e7fce153100359af9dd7aaa3e73b7", "os": "", "os_features": "", "os_version": null, "size": 176286112, "status": "active", "last_pulled": "2024-01-20T06:51:45.290803Z", "last_pushed": null}], "last_updated": "2015-11-14T13:40:03.40317Z", "last_updater": 134455, "last_updater_username": "diogomonica", "name": "0.6.0", "repository": 6307, "full_size": 176285984, "v2": true, "tag_status": "active", "tag_last_pulled": "2024-01-20T06:51:45.290803Z", "tag_last_pushed": "2015-11-14T13:40:03.40317Z", "media_type": "application/vnd.docker.distribution.manifest.v1+prettyjws", "content_type": "image", "digest": "sha256:ab3eedd3844caa91ec8df5545f078801362e7fce153100359af9dd7aaa3e73b7"}, {"creator": 7, "id": 10883, "images": [{"architecture": "amd64", "features": "", "variant": null, "digest": "sha256:3207cca7200c47aa2849ad1ef145ef8504fe48e707425831ddc6e6a92cd1fe5a", "os": "", "os_features": "", "os_version": null, "size": 153356923, "status": "active", "last_pulled": "2024-01-20T07:04:53.232635Z", "last_pushed": null}], "last_updated": "2015-11-14T13:39:41.530303Z", "last_updater": 134455, "last_updater_username": "diogomonica", "name": "0.9.0", "repository": 6307, "full_size": 153356731, "v2": true, "tag_status": "active", "tag_last_pulled": "2024-01-20T07:04:53.232635Z", "tag_last_pushed": "2015-11-14T13:39:41.530303Z", "media_type": "application/vnd.docker.distribution.manifest.v1+prettyjws", "content_type": "image", "digest": "sha256:3207cca7200c47aa2849ad1ef145ef8504fe48e707425831ddc6e6a92cd1fe5a"}, {"creator": 7, "id": 10846, "images": [{"architecture": "amd64", "features": "", "variant": null, "digest": "sha256:e3ba9e4eba5320844c0a09bbe1a964c8c43758dcea5ddda042d1ceb88e6a00ff", "os": "", "os_features": "", "os_version": null, "size": 174658733, "status": "active", "last_pulled": "2024-01-20T07:04:53.243444Z", "last_pushed": null}], "last_updated": "2015-11-14T13:37:49.842667Z", "last_updater": 134455, "last_updater_username": "diogomonica", "name": "0.7.3", "repository": 6307, "full_size": 174658541, "v2": true, "tag_status": "active", "tag_last_pulled": "2024-01-20T07:04:53.243444Z", "tag_last_pushed": "2015-11-14T13:37:49.842667Z", "media_type": "application/vnd.docker.distribution.manifest.v1+prettyjws", "content_type": "image", "digest": "sha256:e3ba9e4eba5320844c0a09bbe1a964c8c43758dcea5ddda042d1ceb88e6a00ff"}, {"creator": 7, "id": 10859, "images": [{"architecture": "x86_64", "features": "", "variant": null, "digest": "sha256:933e32b4617abc19dcf27af4efe0cad38b7f22b39739ae7f7a3f060c7d1b8c5b", "os": "", "os_features": "", "os_version": null, "size": 176293156, "status": "active", "last_pulled": "2024-01-20T07:04:53.27831Z", "last_pushed": null}], "last_updated": "2015-11-14T13:35:45.242111Z", "last_updater": 134455, "last_updater_username": "diogomonica", "name": "0.6.2", "repository": 6307, "full_size": 176293028, "v2": true, "tag_status": "active", "tag_last_pulled": "2024-01-20T07:04:53.27831Z", "tag_last_pushed": "2015-11-14T13:35:45.242111Z", "media_type": "application/vnd.docker.distribution.manifest.v1+prettyjws", "content_type": "image", "digest": "sha256:933e32b4617abc19dcf27af4efe0cad38b7f22b39739ae7f7a3f060c7d1b8c5b"}, {"creator": 7, "id": 10843, "images": [{"architecture": "amd64", "features": "", "variant": null, "digest": "sha256:c102196e46c94fc4ffa3d4dd215d0da25759a532588b413a05f631991c06fb66", "os": "", "os_features": "", "os_version": null, "size": 199051168, "status": "active", "last_pulled": "2024-01-20T07:04:53.251704Z", "last_pushed": null}], "last_updated": "2015-11-14T13:35:27.85371Z", "last_updater": 134455, "last_updater_username": "diogomonica", "name": "0.7.2", "repository": 6307, "full_size": 199051008, "v2": true, "tag_status": "active", "tag_last_pulled": "2024-01-20T07:04:53.251704Z", "tag_last_pushed": "2015-11-14T13:35:27.85371Z", "media_type": "application/vnd.docker.distribution.manifest.v1+prettyjws", "content_type": "image", "digest": "sha256:c102196e46c94fc4ffa3d4dd215d0da25759a532588b413a05f631991c06fb66"}, {"creator": 7, "id": 10881, "images": [{"architecture": "x86_64", "features": "", "variant": null, "digest": "sha256:879af967e32a44f0ed03c7473d3809b944debc500f526bdf8b47ad5157e32653", "os": "", "os_features": "", "os_version": null, "size": 176220839, "status": "active", "last_pulled": "2024-01-20T07:04:53.311708Z", "last_pushed": null}], "last_updated": "2015-11-14T13:32:58.302164Z", "last_updater": 134455, "last_updater_username": "diogomonica", "name": "0.5.9", "repository": 6307, "full_size": 176220711, "v2": true, "tag_status": "active", "tag_last_pulled": "2024-01-20T07:04:53.311708Z", "tag_last_pushed": "2015-11-14T13:32:58.302164Z", "media_type": "application/vnd.docker.distribution.manifest.v1+prettyjws", "content_type": "image", "digest": "sha256:879af967e32a44f0ed03c7473d3809b944debc500f526bdf8b47ad5157e32653"}, {"creator": 7, "id": 10872, "images": [{"architecture": "amd64", "features": "", "variant": null, "digest": "sha256:738e00b54eb171fff0715c19bd9b6e90fa8c36f94fc214e7d4b1c66f6faf04b3", "os": "", "os_features": "", "os_version": null, "size": 167995203, "status": "active", "last_pulled": "2024-01-20T07:04:53.270532Z", "last_pushed": null}], "last_updated": "2015-11-14T13:30:50.131751Z", "last_updater": 134455, "last_updater_username": "diogomonica", "name": "0.6.5", "repository": 6307, "full_size": 167995075, "v2": true, "tag_status": "active", "tag_last_pulled": "2024-01-20T07:04:53.270532Z", "tag_last_pushed": "2015-11-14T13:30:50.131751Z", "media_type": "application/vnd.docker.distribution.manifest.v1+prettyjws", "content_type": "image", "digest": "sha256:738e00b54eb171fff0715c19bd9b6e90fa8c36f94fc214e7d4b1c66f6faf04b3"}, {"creator": 7, "id": 10858, "images": [{"architecture": "x86_64", "features": "", "variant": null, "digest": "sha256:35fac45b3f79ca1a459f4c6d4c57bd69ce1a9ee34c58c7799fe01852852070f4", "os": "", "os_features": "", "os_version": null, "size": 180180401, "status": "active", "last_pulled": "2024-01-20T07:04:53.281747Z", "last_pushed": null}], "last_updated": "2015-11-14T13:29:11.752065Z", "last_updater": 134455, "last_updater_username": "diogomonica", "name": "0.6.3", "repository": 6307, "full_size": 180180273, "v2": true, "tag_status": "active", "tag_last_pulled": "2024-01-20T07:04:53.281747Z", "tag_last_pushed": "2015-11-14T13:29:11.752065Z", "media_type": "application/vnd.docker.distribution.manifest.v1+prettyjws", "content_type": "image", "digest": "sha256:35fac45b3f79ca1a459f4c6d4c57bd69ce1a9ee34c58c7799fe01852852070f4"}, {"creator": 7, "id": 10868, "images": [{"architecture": "amd64", "features": "", "variant": null, "digest": "sha256:b48ecc989fd0b79a16c2bfe59df5354e3fe85b562ef9f7361eac4bcd19585f5d", "os": "", "os_features": "", "os_version": null, "size": 173068089, "status": "active", "last_pulled": "2024-01-20T07:04:53.278096Z", "last_pushed": null}], "last_updated": "2015-11-14T13:28:37.82172Z", "last_updater": 134455, "last_updater_username": "diogomonica", "name": "0.6.7", "repository": 6307, "full_size": 173067961, "v2": true, "tag_status": "active", "tag_last_pulled": "2024-01-20T07:04:53.278096Z", "tag_last_pushed": "2015-11-14T13:28:37.82172Z", "media_type": "application/vnd.docker.distribution.manifest.v1+prettyjws", "content_type": "image", "digest": "sha256:b48ecc989fd0b79a16c2bfe59df5354e3fe85b562ef9f7361eac4bcd19585f5d"}, {"creator": 7, "id": 10876, "images": [{"architecture": "x86_64", "features": "", "variant": null, "digest": "sha256:7c26d96a5e54cc2487aff99da69016781f64a6006427392f641b9fbd92413575", "os": "", "os_features": "", "os_version": null, "size": 180178790, "status": "active", "last_pulled": "2024-01-20T06:51:58.602429Z", "last_pushed": null}], "last_updated": "2015-11-14T13:26:31.483413Z", "last_updater": 134455, "last_updater_username": "diogomonica", "name": "0.6.4", "repository": 6307, "full_size": 180178662, "v2": true, "tag_status": "active", "tag_last_pulled": "2024-01-20T06:51:58.602429Z", "tag_last_pushed": "2015-11-14T13:26:31.483413Z", "media_type": "application/vnd.docker.distribution.manifest.v1+prettyjws", "content_type": "image", "digest": "sha256:7c26d96a5e54cc2487aff99da69016781f64a6006427392f641b9fbd92413575"}, {"creator": 213249, "id": 736207, "images": [{"architecture": "amd64", "features": "", "variant": null, "digest": "sha256:4a9bc5424fa7cc4fafd88b5d8dfb102ceb339e8f418fdeca7f094c86db284f1c", "os": "", "os_features": "", "os_version": null, "size": 75667170, "status": "active", "last_pulled": "2024-01-20T07:04:52.434772Z", "last_pushed": null}], "last_updated": "2015-10-28T10:09:45.587227Z", "last_updater": 2215, "last_updater_username": "stackbrew", "name": "2.1.1", "repository": 6307, "full_size": 75667042, "v2": true, "tag_status": "active", "tag_last_pulled": "2024-01-20T07:04:52.434772Z", "tag_last_pushed": "2015-10-28T10:09:45.587227Z", "media_type": "application/vnd.docker.distribution.manifest.v1+prettyjws", "content_type": "image", "digest": "sha256:4a9bc5424fa7cc4fafd88b5d8dfb102ceb339e8f418fdeca7f094c86db284f1c"}, {"creator": 213249, "id": 730875, "images": [{"architecture": "amd64", "features": "", "variant": null, "digest": "sha256:e641943a78a8f634c16ad69f5c9d779f470b147865c2121d89c52ea0da6fc1bd", "os": "", "os_features": "", "os_version": null, "size": 75667170, "status": "active", "last_pulled": "2024-01-20T07:02:16.768888Z", "last_pushed": null}], "last_updated": "2015-10-28T10:09:33.586103Z", "last_updater": 2215, "last_updater_username": "stackbrew", "name": "2.1", "repository": 6307, "full_size": 75667042, "v2": true, "tag_status": "active", "tag_last_pulled": "2024-01-20T07:02:16.768888Z", "tag_last_pushed": "2015-10-28T10:09:33.586103Z", "media_type": "application/vnd.docker.distribution.manifest.v1+prettyjws", "content_type": "image", "digest": "sha256:e641943a78a8f634c16ad69f5c9d779f470b147865c2121d89c52ea0da6fc1bd"}, {"creator": 7, "id": 10838, "images": [{"architecture": "amd64", "features": "", "variant": null, "digest": "sha256:76eaf89f1272a64ef2330ea704941a162d430572b093a111c02f89e32be0a0ab", "os": "", "os_features": "", "os_version": null, "size": 189847045, "status": "active", "last_pulled": "2024-01-20T07:04:52.419443Z", "last_pushed": null}], "last_updated": "2015-08-11T06:43:14Z", "last_updater": 213249, "last_updater_username": "toli", "name": "2.0.1", "repository": 6307, "full_size": 189846693, "v2": true, "tag_status": "active", "tag_last_pulled": "2024-01-20T07:04:52.419443Z", "tag_last_pushed": "2015-08-11T06:43:14Z", "media_type": "application/vnd.docker.distribution.manifest.v1+prettyjws", "content_type": "image", "digest": "sha256:76eaf89f1272a64ef2330ea704941a162d430572b093a111c02f89e32be0a0ab"}, {"creator": 7, "id": 10849, "images": [{"architecture": "amd64", "features": "", "variant": null, "digest": "sha256:3cac1869696e4ff3435bbc30391749ac373f7471736dbb48dfa9bfde08c4efd2", "os": "", "os_features": "", "os_version": null, "size": 189847030, "status": "active", "last_pulled": "2024-01-20T07:04:52.442328Z", "last_pushed": null}], "last_updated": "2015-08-11T06:42:55Z", "last_updater": 213249, "last_updater_username": "toli", "name": "2.0", "repository": 6307, "full_size": 189846678, "v2": true, "tag_status": "active", "tag_last_pulled": "2024-01-20T07:04:52.442328Z", "tag_last_pushed": "2015-08-11T06:42:55Z", "media_type": "application/vnd.docker.distribution.manifest.v1+prettyjws", "content_type": "image", "digest": "sha256:3cac1869696e4ff3435bbc30391749ac373f7471736dbb48dfa9bfde08c4efd2"}, {"creator": 7, "id": 10841, "images": [{"architecture": "amd64", "features": "", "variant": null, "digest": "sha256:631496cf69ecde995496c3ac89253ee8657fd7c05b389f59dfdb91cc51b74fcf", "os": "", "os_features": "", "os_version": null, "size": 189466805, "status": "active", "last_pulled": "2024-01-20T07:04:52.434002Z", "last_pushed": null}], "last_updated": "2015-05-02T14:01:58Z", "last_updater": 7, "last_updater_username": "library", "name": "2.0.0", "repository": 6307, "full_size": 548109723, "v2": true, "tag_status": "active", "tag_last_pulled": "2024-01-20T07:04:52.434002Z", "tag_last_pushed": "2015-05-02T14:01:58Z", "media_type": "application/vnd.docker.distribution.manifest.v1+prettyjws", "content_type": "image", "digest": "sha256:631496cf69ecde995496c3ac89253ee8657fd7c05b389f59dfdb91cc51b74fcf"}]