[{"creator": 621950, "id": 5407530, "images": [{"architecture": "amd64", "features": "", "variant": null, "digest": "sha256:9f94884ee5122c8b5eef8401e898dd582971eb3a500a260d58f49b2f3b18aa99", "os": "linux", "os_features": "", "os_version": null, "size": 551268626, "status": "active", "last_pulled": "2024-01-20T07:35:26.135409Z", "last_pushed": "2024-01-17T21:17:04.993878Z"}, {"architecture": "arm64", "features": "", "variant": "v8", "digest": "sha256:105656bea59cae94b712960b869b95dbc187765f53f01d679ad1b1d9042678f0", "os": "linux", "os_features": "", "os_version": null, "size": 547424005, "status": "active", "last_pulled": "2024-01-19T16:34:19.435615Z", "last_pushed": "2024-01-17T20:43:21.077027Z"}], "last_updated": "2024-01-17T21:17:14.59744Z", "last_updater": 1156886, "last_updater_username": "doijanky", "name": "latest", "repository": 975133, "full_size": 551268626, "v2": true, "tag_status": "active", "tag_last_pulled": "2024-01-20T07:35:26.135409Z", "tag_last_pushed": "2024-01-17T21:17:14.59744Z", "media_type": "application/vnd.docker.distribution.manifest.list.v2+json", "content_type": "image", "digest": "sha256:8fbe33ce8a5908ca121c83297a898de97adab6dd40304d558015ac5a9cae8adb"}, {"creator": 1156886, "id": 586607232, "images": [{"architecture": "amd64", "features": "", "variant": null, "digest": "sha256:9f94884ee5122c8b5eef8401e898dd582971eb3a500a260d58f49b2f3b18aa99", "os": "linux", "os_features": "", "os_version": null, "size": 551268626, "status": "active", "last_pulled": "2024-01-20T07:35:26.135409Z", "last_pushed": "2024-01-17T21:17:04.993878Z"}, {"architecture": "arm64", "features": "", "variant": "v8", "digest": "sha256:105656bea59cae94b712960b869b95dbc187765f53f01d679ad1b1d9042678f0", "os": "linux", "os_features": "", "os_version": null, "size": 547424005, "status": "active", "last_pulled": "2024-01-19T16:34:19.435615Z", "last_pushed": "2024-01-17T20:43:21.077027Z"}], "last_updated": "2024-01-17T21:17:11.336505Z", "last_updater": 1156886, "last_updater_username": "doijanky", "name": "2.6.0", "repository": 975133, "full_size": 551268626, "v2": true, "tag_status": "active", "tag_last_pulled": "2024-01-20T07:35:26.135409Z", "tag_last_pushed": "2024-01-17T21:17:11.336505Z", "media_type": "application/vnd.docker.distribution.manifest.list.v2+json", "content_type": "image", "digest": "sha256:8fbe33ce8a5908ca121c83297a898de97adab6dd40304d558015ac5a9cae8adb"}, {"creator": 1156886, "id": 586607212, "images": [{"architecture": "amd64", "features": "", "variant": null, "digest": "sha256:9f94884ee5122c8b5eef8401e898dd582971eb3a500a260d58f49b2f3b18aa99", "os": "linux", "os_features": "", "os_version": null, "size": 551268626, "status": "active", "last_pulled": "2024-01-20T07:35:26.135409Z", "last_pushed": "2024-01-17T21:17:04.993878Z"}, {"architecture": "arm64", "features": "", "variant": "v8", "digest": "sha256:105656bea59cae94b712960b869b95dbc187765f53f01d679ad1b1d9042678f0", "os": "linux", "os_features": "", "os_version": null, "size": 547424005, "status": "active", "last_pulled": "2024-01-19T16:34:19.435615Z", "last_pushed": "2024-01-17T20:43:21.077027Z"}], "last_updated": "2024-01-17T21:17:07.669756Z", "last_updater": 1156886, "last_updater_username": "doijanky", "name": "2.6", "repository": 975133, "full_size": 551268626, "v2": true, "tag_status": "active", "tag_last_pulled": "2024-01-20T07:35:26.135409Z", "tag_last_pushed": "2024-01-17T21:17:07.669756Z", "media_type": "application/vnd.docker.distribution.manifest.list.v2+json", "content_type": "image", "digest": "sha256:8fbe33ce8a5908ca121c83297a898de97adab6dd40304d558015ac5a9cae8adb"}, {"creator": 1156886, "id": 494931034, "images": [{"architecture": "amd64", "features": "", "variant": null, "digest": "sha256:9793d0583c90aef56ecc6102d65491cd333899bcd78c3fe3b8637182c66cc20e", "os": "linux", "os_features": "", "os_version": null, "size": 479878231, "status": "active", "last_pulled": "2024-01-20T06:26:19.384164Z", "last_pushed": "2023-12-16T16:20:16.724738Z"}, {"architecture": "arm64", "features": "", "variant": "v8", "digest": "sha256:b5aac401e024dd6af6bf7cc19dd6072fcb93f089a5b7d40fc817efc18fff363c", "os": "linux", "os_features": "", "os_version": null, "size": 476035158, "status": "active", "last_pulled": "2024-01-17T19:43:36.09063Z", "last_pushed": "2023-12-16T15:11:56.06469Z"}], "last_updated": "2023-12-16T16:20:21.848337Z", "last_updater": 1156886, "last_updater_username": "doijanky", "name": "2.5.0", "repository": 975133, "full_size": 479878231, "v2": true, "tag_status": "active", "tag_last_pulled": "2024-01-20T06:26:19.384164Z", "tag_last_pushed": "2023-12-16T16:20:21.848337Z", "media_type": "application/vnd.docker.distribution.manifest.list.v2+json", "content_type": "image", "digest": "sha256:edd6658ba3a9903977228c70715ec416f6ee30dfe973ee6f92ba2954c0431a87"}, {"creator": 1156886, "id": 495617280, "images": [{"architecture": "amd64", "features": "", "variant": null, "digest": "sha256:9793d0583c90aef56ecc6102d65491cd333899bcd78c3fe3b8637182c66cc20e", "os": "linux", "os_features": "", "os_version": null, "size": 479878231, "status": "active", "last_pulled": "2024-01-20T06:26:19.384164Z", "last_pushed": "2023-12-16T16:20:16.724738Z"}, {"architecture": "arm64", "features": "", "variant": "v8", "digest": "sha256:b5aac401e024dd6af6bf7cc19dd6072fcb93f089a5b7d40fc817efc18fff363c", "os": "linux", "os_features": "", "os_version": null, "size": 476035158, "status": "active", "last_pulled": "2024-01-17T19:43:36.09063Z", "last_pushed": "2023-12-16T15:11:56.06469Z"}], "last_updated": "2023-12-16T16:20:18.948828Z", "last_updater": 1156886, "last_updater_username": "doijanky", "name": "2.5", "repository": 975133, "full_size": 479878231, "v2": true, "tag_status": "active", "tag_last_pulled": "2024-01-20T06:26:19.384164Z", "tag_last_pushed": "2023-12-16T16:20:18.948828Z", "media_type": "application/vnd.docker.distribution.manifest.list.v2+json", "content_type": "image", "digest": "sha256:edd6658ba3a9903977228c70715ec416f6ee30dfe973ee6f92ba2954c0431a87"}, {"creator": 1156886, "id": 271374903, "images": [{"architecture": "amd64", "features": "", "variant": null, "digest": "sha256:d7be93cfe41029094a682ea11aae526b0cc05248e9ede811b1c96113ac1c75f8", "os": "linux", "os_features": "", "os_version": null, "size": 434118616, "status": "active", "last_pulled": "2024-01-20T06:25:21.370412Z", "last_pushed": "2023-12-16T16:20:02.303193Z"}, {"architecture": "arm64", "features": "", "variant": "v8", "digest": "sha256:83ae2e9d4fdb0ebe3600c46a963909f8bde7c42ef7a71f6c6a1f68bfbf45b3f0", "os": "linux", "os_features": "", "os_version": null, "size": 430279759, "status": "active", "last_pulled": "2024-01-17T08:07:30.164942Z", "last_pushed": "2023-12-16T15:11:43.724856Z"}], "last_updated": "2023-12-16T16:20:09.516269Z", "last_updater": 1156886, "last_updater_username": "doijanky", "name": "2.4.0-temurin", "repository": 975133, "full_size": 434118616, "v2": true, "tag_status": "active", "tag_last_pulled": "2024-01-20T06:25:21.370412Z", "tag_last_pushed": "2023-12-16T16:20:09.516269Z", "media_type": "application/vnd.docker.distribution.manifest.list.v2+json", "content_type": "image", "digest": "sha256:2c0e90be1760785a2d0131d674e0233618e4ef88f8c5a551897a350b381f8984"}, {"creator": 1156886, "id": 271374853, "images": [{"architecture": "amd64", "features": "", "variant": null, "digest": "sha256:d7be93cfe41029094a682ea11aae526b0cc05248e9ede811b1c96113ac1c75f8", "os": "linux", "os_features": "", "os_version": null, "size": 434118616, "status": "active", "last_pulled": "2024-01-20T06:25:21.370412Z", "last_pushed": "2023-12-16T16:20:02.303193Z"}, {"architecture": "arm64", "features": "", "variant": "v8", "digest": "sha256:83ae2e9d4fdb0ebe3600c46a963909f8bde7c42ef7a71f6c6a1f68bfbf45b3f0", "os": "linux", "os_features": "", "os_version": null, "size": 430279759, "status": "active", "last_pulled": "2024-01-17T08:07:30.164942Z", "last_pushed": "2023-12-16T15:11:43.724856Z"}], "last_updated": "2023-12-16T16:20:04.95231Z", "last_updater": 1156886, "last_updater_username": "doijanky", "name": "2.4-temurin", "repository": 975133, "full_size": 434118616, "v2": true, "tag_status": "active", "tag_last_pulled": "2024-01-20T06:25:21.370412Z", "tag_last_pushed": "2023-12-16T16:20:04.95231Z", "media_type": "application/vnd.docker.distribution.manifest.list.v2+json", "content_type": "image", "digest": "sha256:2c0e90be1760785a2d0131d674e0233618e4ef88f8c5a551897a350b381f8984"}, {"creator": 1156886, "id": 271374722, "images": [{"architecture": "amd64", "features": "", "variant": null, "digest": "sha256:451314f309af3561d94bf1abc48be20ad483c45437607d20e4b89778147de716", "os": "linux", "os_features": "", "os_version": null, "size": 265903368, "status": "active", "last_pulled": "2024-01-20T00:06:32.216458Z", "last_pushed": "2023-12-16T16:19:42.88241Z"}, {"architecture": "arm64", "features": "", "variant": "v8", "digest": "sha256:2ad0b8631c80b8fa9be552a2790018df5a6b3a53dad34bc43a082372c651dee5", "os": "linux", "os_features": "", "os_version": null, "size": 262718279, "status": "active", "last_pulled": "2024-01-15T04:16:50.65253Z", "last_pushed": "2023-12-16T15:11:25.137291Z"}], "last_updated": "2023-12-16T16:19:48.901847Z", "last_updater": 1156886, "last_updater_username": "doijanky", "name": "1.2.4-temurin", "repository": 975133, "full_size": 265903368, "v2": true, "tag_status": "active", "tag_last_pulled": "2024-01-20T00:06:32.216458Z", "tag_last_pushed": "2023-12-16T16:19:48.901847Z", "media_type": "application/vnd.docker.distribution.manifest.list.v2+json", "content_type": "image", "digest": "sha256:512a0c899184d92ad02732c270a175da9e06b059d96501005039a544cd116d17"}, {"creator": 1156886, "id": 271374666, "images": [{"architecture": "amd64", "features": "", "variant": null, "digest": "sha256:451314f309af3561d94bf1abc48be20ad483c45437607d20e4b89778147de716", "os": "linux", "os_features": "", "os_version": null, "size": 265903368, "status": "active", "last_pulled": "2024-01-20T00:06:32.216458Z", "last_pushed": "2023-12-16T16:19:42.88241Z"}, {"architecture": "arm64", "features": "", "variant": "v8", "digest": "sha256:2ad0b8631c80b8fa9be552a2790018df5a6b3a53dad34bc43a082372c651dee5", "os": "linux", "os_features": "", "os_version": null, "size": 262718279, "status": "active", "last_pulled": "2024-01-15T04:16:50.65253Z", "last_pushed": "2023-12-16T15:11:25.137291Z"}], "last_updated": "2023-12-16T16:19:44.936873Z", "last_updater": 1156886, "last_updater_username": "doijanky", "name": "1.2-temurin", "repository": 975133, "full_size": 265903368, "v2": true, "tag_status": "active", "tag_last_pulled": "2024-01-20T00:06:32.216458Z", "tag_last_pushed": "2023-12-16T16:19:44.936873Z", "media_type": "application/vnd.docker.distribution.manifest.list.v2+json", "content_type": "image", "digest": "sha256:512a0c899184d92ad02732c270a175da9e06b059d96501005039a544cd116d17"}, {"creator": 1156886, "id": 200664154, "images": [{"architecture": "amd64", "features": "", "variant": null, "digest": "sha256:8261d92da93892c9b175f6aa7e099e94173d42a64bb98d783fb572cf66ffa810", "os": "linux", "os_features": "", "os_version": null, "size": 426064891, "status": "active", "last_pulled": "2024-01-20T07:47:58.4471Z", "last_pushed": "2022-08-03T04:43:36.965368Z"}], "last_updated": "2022-08-12T19:11:25.77664Z", "last_updater": 1156886, "last_updater_username": "doijanky", "name": "2.4.0", "repository": 975133, "full_size": 426064891, "v2": true, "tag_status": "active", "tag_last_pulled": "2024-01-20T07:56:33.650234Z", "tag_last_pushed": "2022-08-12T19:11:25.77664Z", "media_type": "application/vnd.docker.distribution.manifest.list.v2+json", "content_type": "image", "digest": "sha256:bd5d420506d6d85626526675e66b1e588c79212275e10e8260648c423858a977"}, {"creator": 1156886, "id": 200664151, "images": [{"architecture": "amd64", "features": "", "variant": null, "digest": "sha256:8261d92da93892c9b175f6aa7e099e94173d42a64bb98d783fb572cf66ffa810", "os": "linux", "os_features": "", "os_version": null, "size": 426064891, "status": "active", "last_pulled": "2024-01-20T07:47:58.4471Z", "last_pushed": "2022-08-03T04:43:36.965368Z"}], "last_updated": "2022-08-12T19:11:10.949336Z", "last_updater": 1156886, "last_updater_username": "doijanky", "name": "2.4", "repository": 975133, "full_size": 426064891, "v2": true, "tag_status": "active", "tag_last_pulled": "2024-01-20T07:56:33.650234Z", "tag_last_pushed": "2022-08-12T19:11:10.949336Z", "media_type": "application/vnd.docker.distribution.manifest.list.v2+json", "content_type": "image", "digest": "sha256:bd5d420506d6d85626526675e66b1e588c79212275e10e8260648c423858a977"}, {"creator": 1156886, "id": 175774112, "images": [{"architecture": "amd64", "features": "", "variant": null, "digest": "sha256:5de1ebc121fa572f80fe826c468adad008e9bb3b5c1a9715a82a00ed21414de7", "os": "linux", "os_features": "", "os_version": null, "size": 268271836, "status": "active", "last_pulled": "2024-01-18T00:48:00.268989Z", "last_pushed": "2022-08-03T04:43:22.444023Z"}], "last_updated": "2022-08-12T19:11:05.220508Z", "last_updater": 1156886, "last_updater_username": "doijanky", "name": "1.2.4", "repository": 975133, "full_size": 268271836, "v2": true, "tag_status": "active", "tag_last_pulled": "2024-01-20T04:12:17.256088Z", "tag_last_pushed": "2022-08-12T19:11:05.220508Z", "media_type": "application/vnd.docker.distribution.manifest.list.v2+json", "content_type": "image", "digest": "sha256:491a192a857d9ecbefbf1d114d3546bb42fc62b624af508a8eb0929a3f0b54bb"}, {"creator": 1156886, "id": 22788650, "images": [{"architecture": "amd64", "features": "", "variant": null, "digest": "sha256:5de1ebc121fa572f80fe826c468adad008e9bb3b5c1a9715a82a00ed21414de7", "os": "linux", "os_features": "", "os_version": null, "size": 268271836, "status": "active", "last_pulled": "2024-01-18T00:48:00.268989Z", "last_pushed": "2022-08-03T04:43:22.444023Z"}], "last_updated": "2022-08-12T19:10:48.80275Z", "last_updater": 1156886, "last_updater_username": "doijanky", "name": "1.2", "repository": 975133, "full_size": 268271836, "v2": true, "tag_status": "active", "tag_last_pulled": "2024-01-20T04:12:17.256088Z", "tag_last_pushed": "2022-08-12T19:10:48.80275Z", "media_type": "application/vnd.docker.distribution.manifest.list.v2+json", "content_type": "image", "digest": "sha256:491a192a857d9ecbefbf1d114d3546bb42fc62b624af508a8eb0929a3f0b54bb"}, {"creator": 1156886, "id": 175774132, "images": [{"architecture": "amd64", "features": "", "variant": null, "digest": "sha256:0640cf7c6edabe6a9d4eca4fde33fc7e60b4977f81ecfc6ba5a9bf6c183f33c9", "os": "linux", "os_features": "", "os_version": null, "size": 424065310, "status": "active", "last_pulled": "2024-01-19T12:55:39.448122Z", "last_pushed": "2022-03-30T05:06:46.480097Z"}], "last_updated": "2022-03-30T05:06:51.069661Z", "last_updater": 1156886, "last_updater_username": "doijanky", "name": "2.3.0", "repository": 975133, "full_size": 424065310, "v2": true, "tag_status": "active", "tag_last_pulled": "2024-01-19T12:55:39.448122Z", "tag_last_pushed": "2022-03-30T05:06:51.069661Z", "media_type": "application/vnd.docker.distribution.manifest.list.v2+json", "content_type": "image"}, {"creator": 1156886, "id": 175774127, "images": [{"architecture": "amd64", "features": "", "variant": null, "digest": "sha256:0640cf7c6edabe6a9d4eca4fde33fc7e60b4977f81ecfc6ba5a9bf6c183f33c9", "os": "linux", "os_features": "", "os_version": null, "size": 424065310, "status": "active", "last_pulled": "2024-01-19T12:55:39.448122Z", "last_pushed": "2022-03-30T05:06:46.480097Z"}], "last_updated": "2022-03-30T05:06:48.395732Z", "last_updater": 1156886, "last_updater_username": "doijanky", "name": "2.3", "repository": 975133, "full_size": 424065310, "v2": true, "tag_status": "active", "tag_last_pulled": "2024-01-19T12:55:39.448122Z", "tag_last_pushed": "2022-03-30T05:06:48.395732Z", "media_type": "application/vnd.docker.distribution.manifest.list.v2+json", "content_type": "image"}, {"creator": 1156886, "id": 107495439, "images": [{"architecture": "amd64", "features": "", "variant": null, "digest": "sha256:6fa56c55950ec7847f4c1758e9428d26228a47ec64b8aec30fe335fa0904e0ae", "os": "linux", "os_features": "", "os_version": null, "size": 421802862, "status": "active", "last_pulled": "2024-01-20T07:30:09.669949Z", "last_pushed": "2021-10-22T04:28:51.079288Z"}], "last_updated": "2021-10-22T04:28:55.654291Z", "last_updater": 1156886, "last_updater_username": "doijanky", "name": "2.2.0", "repository": 975133, "full_size": 421802862, "v2": true, "tag_status": "active", "tag_last_pulled": "2024-01-20T07:30:09.669949Z", "tag_last_pushed": "2021-10-22T04:28:55.654291Z", "media_type": "application/vnd.docker.distribution.manifest.list.v2+json", "content_type": "image"}, {"creator": 1156886, "id": 107495436, "images": [{"architecture": "amd64", "features": "", "variant": null, "digest": "sha256:6fa56c55950ec7847f4c1758e9428d26228a47ec64b8aec30fe335fa0904e0ae", "os": "linux", "os_features": "", "os_version": null, "size": 421802862, "status": "active", "last_pulled": "2024-01-20T07:30:09.669949Z", "last_pushed": "2021-10-22T04:28:51.079288Z"}], "last_updated": "2021-10-22T04:28:53.493078Z", "last_updater": 1156886, "last_updater_username": "doijanky", "name": "2.2", "repository": 975133, "full_size": 421802862, "v2": true, "tag_status": "active", "tag_last_pulled": "2024-01-20T07:30:09.669949Z", "tag_last_pushed": "2021-10-22T04:28:53.493078Z", "media_type": "application/vnd.docker.distribution.manifest.list.v2+json", "content_type": "image"}, {"creator": 1156886, "id": 66856954, "images": [{"architecture": "amd64", "features": "", "variant": null, "digest": "sha256:6145146fb52752c4c0c5de68d1923885dccfe2fe92f84ad17065e6eb515b2c1f", "os": "linux", "os_features": "", "os_version": null, "size": 268212188, "status": "active", "last_pulled": "2024-01-20T07:13:50.614499Z", "last_pushed": "2021-10-22T04:28:37.791929Z"}], "last_updated": "2021-10-22T04:28:42.227721Z", "last_updater": 1156886, "last_updater_username": "doijanky", "name": "1.2.3", "repository": 975133, "full_size": 268212188, "v2": true, "tag_status": "active", "tag_last_pulled": "2024-01-20T07:13:50.614499Z", "tag_last_pushed": "2021-10-22T04:28:42.227721Z", "media_type": "application/vnd.docker.distribution.manifest.list.v2+json", "content_type": "image"}, {"creator": 1156886, "id": 29004443, "images": [{"architecture": "amd64", "features": "", "variant": null, "digest": "sha256:d7a7a4652b955f74d322025eac349459b835577df538ee4b4c9e367bb841e17a", "os": "linux", "os_features": "", "os_version": null, "size": 182440454, "status": "active", "last_pulled": "2024-01-20T02:19:54.206718Z", "last_pushed": "2021-10-22T04:28:27.326578Z"}], "last_updated": "2021-10-22T04:28:31.558969Z", "last_updater": 1156886, "last_updater_username": "doijanky", "name": "1.1.3", "repository": 975133, "full_size": 182440454, "v2": true, "tag_status": "active", "tag_last_pulled": "2024-01-20T02:19:54.206718Z", "tag_last_pushed": "2021-10-22T04:28:31.558969Z", "media_type": "application/vnd.docker.distribution.manifest.list.v2+json", "content_type": "image"}, {"creator": 2215, "id": 9639955, "images": [{"architecture": "amd64", "features": "", "variant": null, "digest": "sha256:d7a7a4652b955f74d322025eac349459b835577df538ee4b4c9e367bb841e17a", "os": "linux", "os_features": "", "os_version": null, "size": 182440454, "status": "active", "last_pulled": "2024-01-20T02:19:54.206718Z", "last_pushed": "2021-10-22T04:28:27.326578Z"}], "last_updated": "2021-10-22T04:28:29.236679Z", "last_updater": 1156886, "last_updater_username": "doijanky", "name": "1.1", "repository": 975133, "full_size": 182440454, "v2": true, "tag_status": "active", "tag_last_pulled": "2024-01-20T02:19:54.206718Z", "tag_last_pushed": "2021-10-22T04:28:29.236679Z", "media_type": "application/vnd.docker.distribution.manifest.list.v2+json", "content_type": "image"}, {"creator": 1156886, "id": 75978270, "images": [{"architecture": "amd64", "features": "", "variant": null, "digest": "sha256:480fa14f9302d773a4c43fd76af9d2d1fea4f3cebdd394066df31a69d8b293e1", "os": "linux", "os_features": "", "os_version": null, "size": 396278784, "status": "active", "last_pulled": "2024-01-18T01:38:44.579338Z", "last_pushed": null}], "last_updated": "2020-06-10T10:43:43.360031Z", "last_updater": 1156886, "last_updater_username": "doijanky", "name": "2.1.0", "repository": 975133, "full_size": 0, "v2": true, "tag_status": "active", "tag_last_pulled": "2024-01-18T01:38:44.579338Z", "tag_last_pushed": "2020-06-10T10:43:43.360031Z", "media_type": "application/vnd.docker.distribution.manifest.list.v2+json", "content_type": "image"}, {"creator": 1156886, "id": 75978264, "images": [{"architecture": "amd64", "features": "", "variant": null, "digest": "sha256:480fa14f9302d773a4c43fd76af9d2d1fea4f3cebdd394066df31a69d8b293e1", "os": "linux", "os_features": "", "os_version": null, "size": 396278784, "status": "active", "last_pulled": "2024-01-18T01:38:44.579338Z", "last_pushed": null}], "last_updated": "2020-06-10T10:43:40.852048Z", "last_updater": 1156886, "last_updater_username": "doijanky", "name": "2.1", "repository": 975133, "full_size": 0, "v2": true, "tag_status": "active", "tag_last_pulled": "2024-01-18T01:38:44.579338Z", "tag_last_pushed": "2020-06-10T10:43:40.852048Z", "media_type": "application/vnd.docker.distribution.manifest.list.v2+json", "content_type": "image"}, {"creator": 1156886, "id": 59126279, "images": [{"architecture": "amd64", "features": "", "variant": null, "digest": "sha256:c573c1580c3672b1408f85c1568babd284d1f491129b3c5828df1c515f49a6a9", "os": "linux", "os_features": "", "os_version": null, "size": 396502169, "status": "active", "last_pulled": "2024-01-20T08:10:27.246682Z", "last_pushed": null}], "last_updated": "2019-09-14T04:45:45.378469Z", "last_updater": 1156886, "last_updater_username": "doijanky", "name": "2.0.0", "repository": 975133, "full_size": 396502169, "v2": true, "tag_status": "active", "tag_last_pulled": "2024-01-20T08:10:27.246682Z", "tag_last_pushed": "2019-09-14T04:45:45.378469Z", "media_type": "application/vnd.docker.distribution.manifest.list.v2+json", "content_type": "image"}, {"creator": 1156886, "id": 59126270, "images": [{"architecture": "amd64", "features": "", "variant": null, "digest": "sha256:c573c1580c3672b1408f85c1568babd284d1f491129b3c5828df1c515f49a6a9", "os": "linux", "os_features": "", "os_version": null, "size": 396502169, "status": "active", "last_pulled": "2024-01-20T08:10:27.246682Z", "last_pushed": null}], "last_updated": "2019-09-14T04:45:42.063321Z", "last_updater": 1156886, "last_updater_username": "doijanky", "name": "2.0", "repository": 975133, "full_size": 396502169, "v2": true, "tag_status": "active", "tag_last_pulled": "2024-01-20T08:10:27.246682Z", "tag_last_pushed": "2019-09-14T04:45:42.063321Z", "media_type": "application/vnd.docker.distribution.manifest.list.v2+json", "content_type": "image"}, {"creator": 1156886, "id": 29004447, "images": [{"architecture": "amd64", "features": "", "variant": null, "digest": "sha256:17fee2c8bcb8c6826230d00d664fa7da239029d218f7f5a49dfc19b565e83cb7", "os": "linux", "os_features": "", "os_version": null, "size": 252222806, "status": "active", "last_pulled": "2024-01-18T01:37:39.197635Z", "last_pushed": null}], "last_updated": "2019-07-18T02:50:13.327229Z", "last_updater": 1156886, "last_updater_username": "doijanky", "name": "1.2.2", "repository": 975133, "full_size": 252222806, "v2": true, "tag_status": "active", "tag_last_pulled": "2024-01-18T01:37:39.197635Z", "tag_last_pushed": "2019-07-18T02:50:13.327229Z", "media_type": "application/vnd.docker.distribution.manifest.list.v2+json", "content_type": "image"}, {"creator": 1156886, "id": 22524732, "images": [{"architecture": "amd64", "features": "", "variant": null, "digest": "sha256:21460446b77769452b380eef53a3b565eb5c8f642b68a40abf342e41547b1e0b", "os": "linux", "os_features": "", "os_version": null, "size": 262482516, "status": "inactive", "last_pulled": null, "last_pushed": null}, {"architecture": "arm", "features": "", "variant": "v6", "digest": "sha256:963b03b12c7c8f247024ef5ab3f96198a9d5bf18833946927ab2a96f17fe7957", "os": "linux", "os_features": "", "os_version": null, "size": 259541181, "status": "inactive", "last_pulled": null, "last_pushed": null}, {"architecture": "arm64", "features": "", "variant": "v8", "digest": "sha256:38e550f48e3a99cdba4d96d40de1942a0dda8b2ab5680350d79b82de14f60778", "os": "linux", "os_features": "", "os_version": null, "size": 262431382, "status": "inactive", "last_pulled": null, "last_pushed": null}, {"architecture": "386", "features": "", "variant": null, "digest": "sha256:99a2381e344ae07a89a23adae668c7b518d18e267a7314726e7f4141e7d7d873", "os": "linux", "os_features": "", "os_version": null, "size": 263226098, "status": "inactive", "last_pulled": null, "last_pushed": null}, {"architecture": "ppc64le", "features": "", "variant": null, "digest": "sha256:330268398e2a22c40184ff25cbdf5f62c22fc43cd8cf3969ba77fb8bd40a3a05", "os": "linux", "os_features": "", "os_version": null, "size": 263385510, "status": "inactive", "last_pulled": null, "last_pushed": null}, {"architecture": "s390x", "features": "", "variant": null, "digest": "sha256:e9d47dbd3fbe46eea6b35c8cfcf25ea2a0c89ff4239234ce01f0749d8343dc34", "os": "linux", "os_features": "", "os_version": null, "size": 261112581, "status": "inactive", "last_pulled": null, "last_pushed": null}], "last_updated": "2019-05-14T01:48:33.174353Z", "last_updater": 1156886, "last_updater_username": "doijanky", "name": "1.0.6", "repository": 975133, "full_size": 262482516, "v2": true, "tag_status": "inactive", "tag_last_pulled": null, "tag_last_pushed": "2019-05-14T01:48:33.174353Z", "media_type": "application/vnd.docker.distribution.manifest.list.v2+json", "content_type": "image"}, {"creator": 621950, "id": 5407526, "images": [{"architecture": "amd64", "features": "", "variant": null, "digest": "sha256:21460446b77769452b380eef53a3b565eb5c8f642b68a40abf342e41547b1e0b", "os": "linux", "os_features": "", "os_version": null, "size": 262482516, "status": "inactive", "last_pulled": null, "last_pushed": null}, {"architecture": "arm", "features": "", "variant": "v6", "digest": "sha256:963b03b12c7c8f247024ef5ab3f96198a9d5bf18833946927ab2a96f17fe7957", "os": "linux", "os_features": "", "os_version": null, "size": 259541181, "status": "inactive", "last_pulled": null, "last_pushed": null}, {"architecture": "arm64", "features": "", "variant": "v8", "digest": "sha256:38e550f48e3a99cdba4d96d40de1942a0dda8b2ab5680350d79b82de14f60778", "os": "linux", "os_features": "", "os_version": null, "size": 262431382, "status": "inactive", "last_pulled": null, "last_pushed": null}, {"architecture": "386", "features": "", "variant": null, "digest": "sha256:99a2381e344ae07a89a23adae668c7b518d18e267a7314726e7f4141e7d7d873", "os": "linux", "os_features": "", "os_version": null, "size": 263226098, "status": "inactive", "last_pulled": null, "last_pushed": null}, {"architecture": "ppc64le", "features": "", "variant": null, "digest": "sha256:330268398e2a22c40184ff25cbdf5f62c22fc43cd8cf3969ba77fb8bd40a3a05", "os": "linux", "os_features": "", "os_version": null, "size": 263385510, "status": "inactive", "last_pulled": null, "last_pushed": null}, {"architecture": "s390x", "features": "", "variant": null, "digest": "sha256:e9d47dbd3fbe46eea6b35c8cfcf25ea2a0c89ff4239234ce01f0749d8343dc34", "os": "linux", "os_features": "", "os_version": null, "size": 261112581, "status": "inactive", "last_pulled": null, "last_pushed": null}], "last_updated": "2019-05-14T01:48:28.029133Z", "last_updater": 1156886, "last_updater_username": "doijanky", "name": "1.0", "repository": 975133, "full_size": 262482516, "v2": true, "tag_status": "inactive", "tag_last_pulled": null, "tag_last_pushed": "2019-05-14T01:48:28.029133Z", "media_type": "application/vnd.docker.distribution.manifest.list.v2+json", "content_type": "image"}, {"creator": 1156886, "id": 22788659, "images": [{"architecture": "amd64", "features": "", "variant": null, "digest": "sha256:0e18db687195eb25beca0462ba3ce55ea9e9429d96317bb8a4c04d6cd2f1e79c", "os": "linux", "os_features": "", "os_version": null, "size": 238148828, "status": "inactive", "last_pulled": null, "last_pushed": null}], "last_updated": "2018-06-06T06:44:03.338271Z", "last_updater": 1156886, "last_updater_username": "doijanky", "name": "1.2.1", "repository": 975133, "full_size": 238148828, "v2": true, "tag_status": "inactive", "tag_last_pulled": null, "tag_last_pushed": "2018-06-06T06:44:03.338271Z", "media_type": "application/vnd.docker.distribution.manifest.list.v2+json", "content_type": "image"}, {"creator": 1156886, "id": 22524738, "images": [{"architecture": "amd64", "features": "", "variant": null, "digest": "sha256:0df3a391750d6ec5ca290da668a448554adb9a653094eae5e62b3e5cf0402aa5", "os": "linux", "os_features": "", "os_version": null, "size": 151723923, "status": "inactive", "last_pulled": null, "last_pushed": null}], "last_updated": "2018-06-06T06:43:53.895047Z", "last_updater": 1156886, "last_updater_username": "doijanky", "name": "1.1.2", "repository": 975133, "full_size": 151723923, "v2": true, "tag_status": "inactive", "tag_last_pulled": null, "tag_last_pushed": "2018-06-06T06:43:53.895047Z", "media_type": "application/vnd.docker.distribution.manifest.list.v2+json", "content_type": "image"}, {"creator": 2215, "id": 13954104, "images": [{"architecture": "amd64", "features": "", "variant": null, "digest": "sha256:5fb4bc861651fcf6ad009e5420f4dd48f3365bf9febab9e5b9a91d63846e2cad", "os": "linux", "os_features": "", "os_version": null, "size": 150906130, "status": "inactive", "last_pulled": null, "last_pushed": null}], "last_updated": "2018-01-10T18:43:18.517986Z", "last_updater": 1156886, "last_updater_username": "doijanky", "name": "1.1.1", "repository": 975133, "full_size": 150906130, "v2": true, "tag_status": "inactive", "tag_last_pulled": null, "tag_last_pushed": "2018-01-10T18:43:18.517986Z", "media_type": "application/vnd.docker.distribution.manifest.list.v2+json", "content_type": "image"}, {"creator": 1156886, "id": 16033246, "images": [{"architecture": "amd64", "features": "", "variant": null, "digest": "sha256:12d97c04dc18fa185bfd41ae270236756d7e4787f462fc4a90733a735a199a80", "os": "linux", "os_features": "", "os_version": null, "size": 259864559, "status": "inactive", "last_pulled": null, "last_pushed": null}], "last_updated": "2018-01-10T09:44:01.49403Z", "last_updater": 1156886, "last_updater_username": "doijanky", "name": "1.0.5", "repository": 975133, "full_size": 259864559, "v2": true, "tag_status": "inactive", "tag_last_pulled": null, "tag_last_pushed": "2018-01-10T09:44:01.49403Z", "media_type": "application/vnd.docker.distribution.manifest.list.v2+json", "content_type": "image"}, {"creator": 621950, "id": 5407502, "images": [{"architecture": "amd64", "features": "", "variant": null, "digest": "sha256:fa8f48d7db753644a26ac11bdfc66ca2859e530b3e5e2a89699012c7a7baa02e", "os": "linux", "os_features": "", "os_version": null, "size": 145902798, "status": "inactive", "last_pulled": null, "last_pushed": null}], "last_updated": "2018-01-10T09:43:53.134232Z", "last_updater": 1156886, "last_updater_username": "doijanky", "name": "0.10", "repository": 975133, "full_size": 145902798, "v2": true, "tag_status": "inactive", "tag_last_pulled": null, "tag_last_pushed": "2018-01-10T09:43:53.134232Z", "media_type": "application/vnd.docker.distribution.manifest.list.v2+json", "content_type": "image"}, {"creator": 621950, "id": 5407503, "images": [{"architecture": "amd64", "features": "", "variant": null, "digest": "sha256:fa8f48d7db753644a26ac11bdfc66ca2859e530b3e5e2a89699012c7a7baa02e", "os": "linux", "os_features": "", "os_version": null, "size": 145902798, "status": "inactive", "last_pulled": null, "last_pushed": null}], "last_updated": "2018-01-10T09:43:52.830342Z", "last_updater": 1156886, "last_updater_username": "doijanky", "name": "0.10.2", "repository": 975133, "full_size": 145902798, "v2": true, "tag_status": "inactive", "tag_last_pulled": null, "tag_last_pushed": "2018-01-10T09:43:52.830342Z", "media_type": "application/vnd.docker.distribution.manifest.list.v2+json", "content_type": "image"}, {"creator": 621950, "id": 5407493, "images": [{"architecture": "amd64", "features": "", "variant": null, "digest": "sha256:eb4d9510c57b88cc847fd0d4c4614d7daf4df2aeddd83d7d6f07a4e112537ecd", "os": "linux", "os_features": "", "os_version": null, "size": 89390355, "status": "inactive", "last_pulled": null, "last_pushed": null}], "last_updated": "2018-01-10T09:43:44.040347Z", "last_updater": 1156886, "last_updater_username": "doijanky", "name": "0.9", "repository": 975133, "full_size": 89390355, "v2": true, "tag_status": "inactive", "tag_last_pulled": null, "tag_last_pushed": "2018-01-10T09:43:44.040347Z", "media_type": "application/vnd.docker.distribution.manifest.list.v2+json", "content_type": "image"}, {"creator": 621950, "id": 5407490, "images": [{"architecture": "amd64", "features": "", "variant": null, "digest": "sha256:eb4d9510c57b88cc847fd0d4c4614d7daf4df2aeddd83d7d6f07a4e112537ecd", "os": "linux", "os_features": "", "os_version": null, "size": 89390355, "status": "inactive", "last_pulled": null, "last_pushed": null}], "last_updated": "2018-01-10T09:43:43.696351Z", "last_updater": 1156886, "last_updater_username": "doijanky", "name": "0.9.7", "repository": 975133, "full_size": 89390355, "v2": true, "tag_status": "inactive", "tag_last_pulled": null, "tag_last_pushed": "2018-01-10T09:43:43.696351Z", "media_type": "application/vnd.docker.distribution.manifest.list.v2+json", "content_type": "image"}, {"creator": 2215, "id": 8323034, "images": [{"architecture": "amd64", "features": "", "variant": null, "digest": "sha256:bcf83558fa0edb560d89ec3228c370a4d9a8202709ca371eaee54ce1e26d263f", "os": "linux", "os_features": "", "os_version": null, "size": 258668131, "status": "inactive", "last_pulled": null, "last_pushed": null}], "last_updated": "2017-09-14T07:43:22.705681Z", "last_updater": 1156886, "last_updater_username": "doijanky", "name": "1.0.3", "repository": 975133, "full_size": 258668131, "v2": true, "tag_status": "inactive", "tag_last_pulled": null, "tag_last_pushed": "2017-09-14T07:43:22.705681Z", "media_type": "application/vnd.docker.distribution.manifest.list.v2+json", "content_type": "image"}, {"creator": 2215, "id": 9639941, "images": [{"architecture": "amd64", "features": "", "variant": null, "digest": "sha256:e96c5d4e6bd600b76eae52e9c084db0a7c759007216752e9f6854cead0b6113e", "os": "linux", "os_features": "", "os_version": null, "size": 151205421, "status": "inactive", "last_pulled": null, "last_pushed": null}], "last_updated": "2017-08-08T21:54:23.855585Z", "last_updater": 2215, "last_updater_username": "stackbrew", "name": "1.1.0", "repository": 975133, "full_size": 151205421, "v2": true, "tag_status": "inactive", "tag_last_pulled": null, "tag_last_pushed": "2017-08-08T21:54:23.855585Z", "media_type": "application/vnd.docker.container.image.v1+json", "content_type": "image"}, {"creator": 621950, "id": 5407527, "images": [{"architecture": "amd64", "features": "", "variant": null, "digest": "sha256:fee6c4e5a1e79da3d883ce19e06127124bf96b594b411a37d96174df334c37f6", "os": "linux", "os_features": "", "os_version": null, "size": 233089566, "status": "inactive", "last_pulled": null, "last_pushed": null}], "last_updated": "2017-02-09T00:02:24.405054Z", "last_updater": 2215, "last_updater_username": "stackbrew", "name": "1.0.2", "repository": 975133, "full_size": 233089566, "v2": true, "tag_status": "inactive", "tag_last_pulled": null, "tag_last_pushed": "2017-02-09T00:02:24.405054Z", "media_type": "application/vnd.docker.container.image.v1+json", "content_type": "image"}]