{
  "SchemaVersion": 2,
  "ArtifactName": "archlinux",
  "ArtifactType": "container_image",
  "Metadata": {
    "ImageID": "sha256:1e73f0f3a7ab45c7f43cd2b53dc7d86376505a8ae116a58b33abac4a257e093d",
    "DiffIDs": [
      "sha256:25504257e0d0bee6abc0c6a6e884418a70041d3e5b3f146bdb15b8abfad6ce4b",
      "sha256:7b1a2fcc5007704718dfe8eb126196e35d3edbb4a261efe2208cafa357ba4174"
    ],
    "RepoTags": [
      "archlinux:latest"
    ],
    "RepoDigests": [
      "archlinux@sha256:1f83ba0580a15cd6ad1d02d62ad432ddc940f53f07d0e39c8982d6c9c74e53e0"
    ],
    "ImageConfig": {
      "architecture": "amd64",
      "container": "d8667fbd73bebdec3fb648438628dd004482d518906b8cd394163ca83166b1a1",
      "created": "2023-11-14T00:29:43.151253888Z",
      "docker_version": "20.10.23",
      "history": [
        {
          "created": "2023-10-17T00:22:35Z",
          "created_by": "/bin/sh -c #(nop)  LABEL org.opencontainers.image.title=Arch Linux base Image",
          "empty_layer": true
        },
        {
          "created": "2023-10-17T00:22:35Z",
          "created_by": "/bin/sh -c #(nop)  LABEL org.opencontainers.image.description=Official containerd image of Arch Linux, a simple, lightweight Linux distribution aimed for flexibility.",
          "empty_layer": true
        },
        {
          "created": "2023-10-17T00:22:35Z",
          "created_by": "/bin/sh -c #(nop)  LABEL org.opencontainers.image.authors=Santiago Torres-Arias \u003csantiago@archlinux.org\u003e (@SantiagoTorres), Christian Rebischke \u003cChris.Rebischke@archlinux.org\u003e (@shibumi), Justin Kromlinger \u003chashworks@archlinux.org\u003e (@hashworks)",
          "empty_layer": true
        },
        {
          "created": "2023-10-17T00:22:35Z",
          "created_by": "/bin/sh -c #(nop)  LABEL org.opencontainers.image.url=https://gitlab.archlinux.org/archlinux/archlinux-docker/-/blob/master/README.md",
          "empty_layer": true
        },
        {
          "created": "2023-10-17T00:22:35Z",
          "created_by": "/bin/sh -c #(nop)  LABEL org.opencontainers.image.documentation=https://wiki.archlinux.org/title/Docker#Arch_Linux",
          "empty_layer": true
        },
        {
          "created": "2023-10-17T00:22:35Z",
          "created_by": "/bin/sh -c #(nop)  LABEL org.opencontainers.image.source=https://gitlab.archlinux.org/archlinux/archlinux-docker",
          "empty_layer": true
        },
        {
          "created": "2023-10-17T00:22:35Z",
          "created_by": "/bin/sh -c #(nop)  LABEL org.opencontainers.image.licenses=GPL-3.0-or-later",
          "empty_layer": true
        },
        {
          "created": "2023-11-14T00:29:34Z",
          "created_by": "/bin/sh -c #(nop)  LABEL org.opencontainers.image.version=20231112.0.191179",
          "empty_layer": true
        },
        {
          "created": "2023-11-14T00:29:35Z",
          "created_by": "/bin/sh -c #(nop)  LABEL org.opencontainers.image.revision=49b83e2f5501273bb46fde02768ab2064b88c8f0",
          "empty_layer": true
        },
        {
          "created": "2023-11-14T00:29:35Z",
          "created_by": "/bin/sh -c #(nop)  LABEL org.opencontainers.image.created=2023-11-12T00:07:22+00:00",
          "empty_layer": true
        },
        {
          "created": "2023-11-14T00:29:41Z",
          "created_by": "/bin/sh -c #(nop) COPY dir:326e2e0244e2e1c327280e9778a484a786b9b9e6a2714cd83ab5e297b89945bd in / "
        },
        {
          "created": "2023-11-14T00:29:42Z",
          "created_by": "/bin/sh -c ldconfig \u0026\u0026     sed -i '/BUILD_ID/a VERSION_ID=20231112.0.191179' /etc/os-release"
        },
        {
          "created": "2023-11-14T00:29:43Z",
          "created_by": "/bin/sh -c #(nop)  ENV LANG=C.UTF-8",
          "empty_layer": true
        },
        {
          "created": "2023-11-14T00:29:43Z",
          "created_by": "/bin/sh -c #(nop)  CMD [\"/usr/bin/bash\"]",
          "empty_layer": true
        }
      ],
      "os": "linux",
      "rootfs": {
        "type": "layers",
        "diff_ids": [
          "sha256:25504257e0d0bee6abc0c6a6e884418a70041d3e5b3f146bdb15b8abfad6ce4b",
          "sha256:7b1a2fcc5007704718dfe8eb126196e35d3edbb4a261efe2208cafa357ba4174"
        ]
      },
      "config": {
        "Cmd": [
          "/usr/bin/bash"
        ],
        "Env": [
          "PATH=/usr/local/sbin:/usr/local/bin:/usr/sbin:/usr/bin:/sbin:/bin",
          "LANG=C.UTF-8"
        ],
        "Image": "sha256:d8dc29940d41297396faf1995c1c09733f3c7fc51eb999e23d465b4e392418ef",
        "Labels": {
          "org.opencontainers.image.authors": "Santiago Torres-Arias \u003csantiago@archlinux.org\u003e (@SantiagoTorres), Christian Rebischke \u003cChris.Rebischke@archlinux.org\u003e (@shibumi), Justin Kromlinger \u003chashworks@archlinux.org\u003e (@hashworks)",
          "org.opencontainers.image.created": "2023-11-12T00:07:22+00:00",
          "org.opencontainers.image.description": "Official containerd image of Arch Linux, a simple, lightweight Linux distribution aimed for flexibility.",
          "org.opencontainers.image.documentation": "https://wiki.archlinux.org/title/Docker#Arch_Linux",
          "org.opencontainers.image.licenses": "GPL-3.0-or-later",
          "org.opencontainers.image.revision": "49b83e2f5501273bb46fde02768ab2064b88c8f0",
          "org.opencontainers.image.source": "https://gitlab.archlinux.org/archlinux/archlinux-docker",
          "org.opencontainers.image.title": "Arch Linux base Image",
          "org.opencontainers.image.url": "https://gitlab.archlinux.org/archlinux/archlinux-docker/-/blob/master/README.md",
          "org.opencontainers.image.version": "20231112.0.191179"
        }
      }
    }
  }
}
