{
  "SchemaVersion": 2,
  "ArtifactName": "bonita",
  "ArtifactType": "container_image",
  "Metadata": {
    "OS": {
      "Family": "alpine",
      "Name": "3.18.4"
    },
    "ImageID": "sha256:f9e3c68e24c4a99fc73d4a424da9f50a38ca09b9d87bd191417fe117662eec39",
    "DiffIDs": [
      "sha256:cc2447e1835a40530975ab80bb1f872fbab0f2a0faecf2ab16fbbb89b3589438",
      "sha256:012522774d739d160f6943bb148182b1ff507d325fa10a0e00a538cbf86f72c6",
      "sha256:b92110bf17d3da67d6af53df1c0887e4376f92879bca4343decb6093ef35257e",
      "sha256:4ae71da5370dfece536251a8f554601a38ecf70b596bbe95f06cb83b79e77a8c",
      "sha256:6c6d87cc6a227bb7aa43b0adeaaca9fd204f0c9d8e4fd35571cb6df9d756f359",
      "sha256:3ec06d5a24d43a4b517f9b2a9b1846d804b2081948ec535a1b62a70f16e95464",
      "sha256:5dfdedb329cc4eaec1c79401448262cc8b122788ca037985e73a0e1e619bd3c5",
      "sha256:171cfbdc11579eac426da72dd053ebfc14df23d7dd23d6328ca1deb131e1a284"
    ],
    "RepoTags": [
      "bonita:latest"
    ],
    "RepoDigests": [
      "bonita@sha256:4f840e2380fb99ef6965a2b6a62e95ba1f714213228150978dabce9604f7ed42"
    ],
    "ImageConfig": {
      "architecture": "amd64",
      "container": "258e2086754edd6c17d4ee0727b96538a82fcf414e39b3096aaa4a83e5fe3e53",
      "created": "2023-11-16T20:28:12.99285562Z",
      "docker_version": "20.10.23",
      "history": [
        {
          "created": "2023-09-28T21:19:27Z",
          "created_by": "/bin/sh -c #(nop) ADD file:756183bba9c7f4593c2b216e98e4208b9163c4c962ea0837ef88bd917609d001 in / "
        },
        {
          "created": "2023-09-28T21:19:27Z",
          "created_by": "/bin/sh -c #(nop)  CMD [\"/bin/sh\"]",
          "empty_layer": true
        },
        {
          "created": "2023-11-16T20:27:58Z",
          "created_by": "/bin/sh -c #(nop)  LABEL maintainer=Bonitasoft Runtime team \u003crd.engine@bonitasoft.com\u003e",
          "empty_layer": true
        },
        {
          "created": "2023-11-16T20:28:03Z",
          "created_by": "/bin/sh -c apk add --no-cache tzdata curl unzip bash su-exec jattach openjdk11-jre gnupg"
        },
        {
          "created": "2023-11-16T20:28:04Z",
          "created_by": "/bin/sh -c mkdir /opt/custom-init.d/"
        },
        {
          "created": "2023-11-16T20:28:05Z",
          "created_by": "/bin/sh -c addgroup -S -g 1000 bonita  \u0026\u0026 adduser -u 1000 -S  -G bonita -h /opt/bonita/ -s /sbin/nologin  bonita"
        },
        {
          "created": "2023-11-16T20:28:05Z",
          "created_by": "/bin/sh -c #(nop)  ARG BONITA_VERSION",
          "empty_layer": true
        },
        {
          "created": "2023-11-16T20:28:05Z",
          "created_by": "/bin/sh -c #(nop)  ARG BRANDING_VERSION",
          "empty_layer": true
        },
        {
          "created": "2023-11-16T20:28:05Z",
          "created_by": "/bin/sh -c #(nop)  ARG BONITA_SHA256",
          "empty_layer": true
        },
        {
          "created": "2023-11-16T20:28:05Z",
          "created_by": "/bin/sh -c #(nop)  ARG BASE_URL",
          "empty_layer": true
        },
        {
          "created": "2023-11-16T20:28:05Z",
          "created_by": "/bin/sh -c #(nop)  ARG BONITA_URL",
          "empty_layer": true
        },
        {
          "created": "2023-11-16T20:28:05Z",
          "created_by": "/bin/sh -c #(nop)  ENV BONITA_VERSION=9.0.0",
          "empty_layer": true
        },
        {
          "created": "2023-11-16T20:28:05Z",
          "created_by": "/bin/sh -c #(nop)  ENV BRANDING_VERSION=2023.2-u0",
          "empty_layer": true
        },
        {
          "created": "2023-11-16T20:28:05Z",
          "created_by": "/bin/sh -c #(nop)  ENV BONITA_SHA256=c37be3ca64a07810609c97f75c47acb7fea2d29bafff181b447987514b53d140",
          "empty_layer": true
        },
        {
          "created": "2023-11-16T20:28:06Z",
          "created_by": "/bin/sh -c #(nop)  ENV ZIP_FILE=BonitaCommunity-2023.2-u0.zip",
          "empty_layer": true
        },
        {
          "created": "2023-11-16T20:28:06Z",
          "created_by": "/bin/sh -c #(nop)  ENV BASE_URL=https://github.com/bonitasoft/bonita-platform-releases/releases/download",
          "empty_layer": true
        },
        {
          "created": "2023-11-16T20:28:06Z",
          "created_by": "/bin/sh -c #(nop)  ENV BONITA_URL=https://github.com/bonitasoft/bonita-platform-releases/releases/download/2023.2-u0/BonitaCommunity-2023.2-u0.zip",
          "empty_layer": true
        },
        {
          "created": "2023-11-16T20:28:06Z",
          "created_by": "/bin/sh -c mkdir /opt/files"
        },
        {
          "created": "2023-11-16T20:28:06Z",
          "created_by": "/bin/sh -c #(nop) COPY dir:6f895475e79bd870a1a9724f932a63f7aedb797824886234839cf6eaa2841312 in /opt/files "
        },
        {
          "created": "2023-11-16T20:28:11Z",
          "created_by": "/bin/sh -c if [ -f \"/opt/files/BonitaCommunity-${BRANDING_VERSION}.zip\" ]; then echo \"File already present in /opt/files\"; else curl -fsSL ${BONITA_URL} -o /opt/files/BonitaCommunity-${BRANDING_VERSION}.zip   \u0026\u0026 echo \"$BONITA_SHA256 */opt/files/$ZIP_FILE\" | sha256sum -c - ; fi   \u0026\u0026 unzip -q /opt/files/BonitaCommunity-${BRANDING_VERSION}.zip -d /opt/bonita/   \u0026\u0026 mv /opt/bonita/BonitaCommunity-${BRANDING_VERSION}/* /opt/bonita   \u0026\u0026 rmdir /opt/bonita/BonitaCommunity-${BRANDING_VERSION}   \u0026\u0026 rm -f /opt/files/BonitaCommunity-${BRANDING_VERSION}.zip   \u0026\u0026 mkdir -p /opt/bonita/conf/logs/   \u0026\u0026 mkdir -p /opt/bonita/logs/   \u0026\u0026 mv /opt/files/log4j2/log4j2-appenders.xml /opt/bonita/conf/logs/   \u0026\u0026 mv /opt/bonita/server/conf/log4j2-loggers.xml /opt/bonita/conf/logs/   \u0026\u0026 chown -R bonita:bonita /opt/bonita   \u0026\u0026 chmod go+w /opt/   \u0026\u0026 chmod -R +rX /opt   \u0026\u0026 chmod go+w /opt/bonita   \u0026\u0026 chmod 777 /opt/bonita/server/logs   \u0026\u0026 chmod 777 /opt/bonita/logs/   \u0026\u0026 chmod 777 /opt/bonita/server/temp   \u0026\u0026 chmod 777 /opt/bonita/server/work   \u0026\u0026 chmod -R go+w /opt/bonita/server/conf   \u0026\u0026 chmod -R go+w /opt/bonita/server/bin   \u0026\u0026 chmod -R go+w /opt/bonita/server/lib/bonita   \u0026\u0026 chmod -R go+w /opt/bonita/setup"
        },
        {
          "created": "2023-11-16T20:28:11Z",
          "created_by": "/bin/sh -c #(nop)  ENV HTTP_API=false",
          "empty_layer": true
        },
        {
          "created": "2023-11-16T20:28:11Z",
          "created_by": "/bin/sh -c #(nop)  ENV HTTP_API_USERNAME=http-api",
          "empty_layer": true
        },
        {
          "created": "2023-11-16T20:28:11Z",
          "created_by": "/bin/sh -c #(nop)  ENV HTTP_API_PASSWORD=",
          "empty_layer": true
        },
        {
          "created": "2023-11-16T20:28:11Z",
          "created_by": "/bin/sh -c #(nop)  ENV MONITORING_USERNAME=monitoring",
          "empty_layer": true
        },
        {
          "created": "2023-11-16T20:28:11Z",
          "created_by": "/bin/sh -c #(nop)  ENV MONITORING_PASSWORD=mon1tor1ng_adm1n",
          "empty_layer": true
        },
        {
          "created": "2023-11-16T20:28:11Z",
          "created_by": "/bin/sh -c #(nop)  ENV JMX_REMOTE_ACCESS=false",
          "empty_layer": true
        },
        {
          "created": "2023-11-16T20:28:12Z",
          "created_by": "/bin/sh -c #(nop)  ENV REMOTE_IP_VALVE_ENABLED=false",
          "empty_layer": true
        },
        {
          "created": "2023-11-16T20:28:12Z",
          "created_by": "/bin/sh -c #(nop)  ENV ACCESSLOGS_STDOUT_ENABLED=false",
          "empty_layer": true
        },
        {
          "created": "2023-11-16T20:28:12Z",
          "created_by": "/bin/sh -c #(nop)  ENV ACCESSLOGS_FILES_ENABLED=false",
          "empty_layer": true
        },
        {
          "created": "2023-11-16T20:28:12Z",
          "created_by": "/bin/sh -c #(nop)  ENV ACCESSLOGS_PATH=/opt/bonita/logs",
          "empty_layer": true
        },
        {
          "created": "2023-11-16T20:28:12Z",
          "created_by": "/bin/sh -c #(nop)  ENV ACCESSLOGS_PATH_APPEND_HOSTNAME=false",
          "empty_layer": true
        },
        {
          "created": "2023-11-16T20:28:12Z",
          "created_by": "/bin/sh -c #(nop)  ENV ACCESSLOGS_MAX_DAYS=30",
          "empty_layer": true
        },
        {
          "created": "2023-11-16T20:28:12Z",
          "created_by": "/bin/sh -c #(nop)  ENV HTTP_MAX_THREADS=20",
          "empty_layer": true
        },
        {
          "created": "2023-11-16T20:28:12Z",
          "created_by": "/bin/sh -c #(nop) COPY dir:521b895ad8a8708c79537daa0d77e6bec7578da53370df65b17697ee0035eee6 in /opt/templates "
        },
        {
          "created": "2023-11-16T20:28:12Z",
          "created_by": "/bin/sh -c #(nop)  VOLUME [/opt/bonita/conf/logs]",
          "empty_layer": true
        },
        {
          "created": "2023-11-16T20:28:12Z",
          "created_by": "/bin/sh -c #(nop)  EXPOSE 8080 9000",
          "empty_layer": true
        },
        {
          "created": "2023-11-16T20:28:12Z",
          "created_by": "/bin/sh -c #(nop)  ENTRYPOINT [\"/opt/files/startup.sh\"]",
          "empty_layer": true
        },
        {
          "created": "2023-11-16T20:28:12Z",
          "created_by": "/bin/sh -c #(nop)  CMD [\"/opt/bonita/server/bin/catalina.sh\" \"run\"]",
          "empty_layer": true
        }
      ],
      "os": "linux",
      "rootfs": {
        "type": "layers",
        "diff_ids": [
          "sha256:cc2447e1835a40530975ab80bb1f872fbab0f2a0faecf2ab16fbbb89b3589438",
          "sha256:012522774d739d160f6943bb148182b1ff507d325fa10a0e00a538cbf86f72c6",
          "sha256:b92110bf17d3da67d6af53df1c0887e4376f92879bca4343decb6093ef35257e",
          "sha256:4ae71da5370dfece536251a8f554601a38ecf70b596bbe95f06cb83b79e77a8c",
          "sha256:6c6d87cc6a227bb7aa43b0adeaaca9fd204f0c9d8e4fd35571cb6df9d756f359",
          "sha256:3ec06d5a24d43a4b517f9b2a9b1846d804b2081948ec535a1b62a70f16e95464",
          "sha256:5dfdedb329cc4eaec1c79401448262cc8b122788ca037985e73a0e1e619bd3c5",
          "sha256:171cfbdc11579eac426da72dd053ebfc14df23d7dd23d6328ca1deb131e1a284"
        ]
      },
      "config": {
        "Cmd": [
          "/opt/bonita/server/bin/catalina.sh",
          "run"
        ],
        "Entrypoint": [
          "/opt/files/startup.sh"
        ],
        "Env": [
          "PATH=/usr/local/sbin:/usr/local/bin:/usr/sbin:/usr/bin:/sbin:/bin",
          "BONITA_VERSION=9.0.0",
          "BRANDING_VERSION=2023.2-u0",
          "BONITA_SHA256=c37be3ca64a07810609c97f75c47acb7fea2d29bafff181b447987514b53d140",
          "ZIP_FILE=BonitaCommunity-2023.2-u0.zip",
          "BASE_URL=https://github.com/bonitasoft/bonita-platform-releases/releases/download",
          "BONITA_URL=https://github.com/bonitasoft/bonita-platform-releases/releases/download/2023.2-u0/BonitaCommunity-2023.2-u0.zip",
          "HTTP_API=false",
          "HTTP_API_USERNAME=http-api",
          "HTTP_API_PASSWORD=",
          "MONITORING_USERNAME=monitoring",
          "MONITORING_PASSWORD=mon1tor1ng_adm1n",
          "JMX_REMOTE_ACCESS=false",
          "REMOTE_IP_VALVE_ENABLED=false",
          "ACCESSLOGS_STDOUT_ENABLED=false",
          "ACCESSLOGS_FILES_ENABLED=false",
          "ACCESSLOGS_PATH=/opt/bonita/logs",
          "ACCESSLOGS_PATH_APPEND_HOSTNAME=false",
          "ACCESSLOGS_MAX_DAYS=30",
          "HTTP_MAX_THREADS=20"
        ],
        "Image": "sha256:50cf06ab8915de60f1bf515c8dc5f463bf8d91cfe16fd2c04f5f5426dd4e181e",
        "Labels": {
          "maintainer": "Bonitasoft Runtime team \u003crd.engine@bonitasoft.com\u003e"
        },
        "Volumes": {
          "/opt/bonita/conf/logs": {}
        }
      }
    }
  },
  "Results": [
    {
      "Target": "bonita (alpine 3.18.4)",
      "Class": "os-pkgs",
      "Type": "alpine",
      "Vulnerabilities": [
        {
          "VulnerabilityID": "CVE-2023-5363",
          "PkgID": "libcrypto3@3.1.3-r0",
          "PkgName": "libcrypto3",
          "InstalledVersion": "3.1.3-r0",
          "FixedVersion": "3.1.4-r0",
          "Status": "fixed",
          "Layer": {
            "DiffID": "sha256:cc2447e1835a40530975ab80bb1f872fbab0f2a0faecf2ab16fbbb89b3589438"
          },
          "SeveritySource": "nvd",
          "PrimaryURL": "https://avd.aquasec.com/nvd/cve-2023-5363",
          "DataSource": {
            "ID": "alpine",
            "Name": "Alpine Secdb",
            "URL": "https://secdb.alpinelinux.org/"
          },
          "Title": "openssl: Incorrect cipher key and IV length processing",
          "Description": "Issue summary: A bug has been identified in the processing of key and\ninitialisation vector (IV) lengths.  This can lead to potential truncation\nor overruns during the initialisation of some symmetric ciphers.\n\nImpact summary: A truncation in the IV can result in non-uniqueness,\nwhich could result in loss of confidentiality for some cipher modes.\n\nWhen calling EVP_EncryptInit_ex2(), EVP_DecryptInit_ex2() or\nEVP_CipherInit_ex2() the provided OSSL_PARAM array is processed after\nthe key and IV have been established.  Any alterations to the key length,\nvia the \"keylen\" parameter or the IV length, via the \"ivlen\" parameter,\nwithin the OSSL_PARAM array will not take effect as intended, potentially\ncausing truncation or overreading of these values.  The following ciphers\nand cipher modes are impacted: RC2, RC4, RC5, CCM, GCM and OCB.\n\nFor the CCM, GCM and OCB cipher modes, truncation of the IV can result in\nloss of confidentiality.  For example, when following NIST's SP 800-38D\nsection 8.2.1 guidance for constructing a deterministic IV for AES in\nGCM mode, truncation of the counter portion could lead to IV reuse.\n\nBoth truncations and overruns of the key and overruns of the IV will\nproduce incorrect results and could, in some cases, trigger a memory\nexception.  However, these issues are not currently assessed as security\ncritical.\n\nChanging the key and/or IV lengths is not considered to be a common operation\nand the vulnerable API was recently introduced. Furthermore it is likely that\napplication developers will have spotted this problem during testing since\ndecryption would fail unless both peers in the communication were similarly\nvulnerable. For these reasons we expect the probability of an application being\nvulnerable to this to be quite low. However if an application is vulnerable then\nthis issue is considered very serious. For these reasons we have assessed this\nissue as Moderate severity overall.\n\nThe OpenSSL SSL/TLS implementation is not affected by this issue.\n\nThe OpenSSL 3.0 and 3.1 FIPS providers are not affected by this because\nthe issue lies outside of the FIPS provider boundary.\n\nOpenSSL 3.1 and 3.0 are vulnerable to this issue.",
          "Severity": "HIGH",
          "CVSS": {
            "nvd": {
              "V3Vector": "CVSS:3.1/AV:N/AC:L/PR:N/UI:N/S:U/C:H/I:N/A:N",
              "V3Score": 7.5
            },
            "redhat": {
              "V3Vector": "CVSS:3.1/AV:N/AC:L/PR:N/UI:N/S:U/C:H/I:N/A:N",
              "V3Score": 7.5
            }
          },
          "References": [
            "http://www.openwall.com/lists/oss-security/2023/10/24/1",
            "https://access.redhat.com/security/cve/CVE-2023-5363",
            "https://cve.mitre.org/cgi-bin/cvename.cgi?name=CVE-2023-5363",
            "https://git.openssl.org/gitweb/?p=openssl.git;a=commitdiff;h=0df40630850fb2740e6be6890bb905d3fc623b2d",
            "https://git.openssl.org/gitweb/?p=openssl.git;a=commitdiff;h=5f69f5c65e483928c4b28ed16af6e5742929f1ee",
            "https://nvd.nist.gov/vuln/detail/CVE-2023-5363",
            "https://security.netapp.com/advisory/ntap-20231027-0010/",
            "https://ubuntu.com/security/notices/USN-6450-1",
            "https://www.cve.org/CVERecord?id=CVE-2023-5363",
            "https://www.debian.org/security/2023/dsa-5532",
            "https://www.openssl.org/news/secadv/20231024.txt"
          ],
          "PublishedDate": "2023-10-25T18:17:00Z",
          "LastModifiedDate": "2023-11-09T13:55:00Z"
        },
        {
          "VulnerabilityID": "CVE-2023-5678",
          "PkgID": "libcrypto3@3.1.3-r0",
          "PkgName": "libcrypto3",
          "InstalledVersion": "3.1.3-r0",
          "FixedVersion": "3.1.4-r1",
          "Status": "fixed",
          "Layer": {
            "DiffID": "sha256:cc2447e1835a40530975ab80bb1f872fbab0f2a0faecf2ab16fbbb89b3589438"
          },
          "SeveritySource": "nvd",
          "PrimaryURL": "https://avd.aquasec.com/nvd/cve-2023-5678",
          "DataSource": {
            "ID": "alpine",
            "Name": "Alpine Secdb",
            "URL": "https://secdb.alpinelinux.org/"
          },
          "Title": "openssl: Generating excessively long X9.42 DH keys or checking excessively long X9.42 DH keys or parameters may be very slow",
          "Description": "Issue summary: Generating excessively long X9.42 DH keys or checking\nexcessively long X9.42 DH keys or parameters may be very slow.\n\nImpact summary: Applications that use the functions DH_generate_key() to\ngenerate an X9.42 DH key may experience long delays.  Likewise, applications\nthat use DH_check_pub_key(), DH_check_pub_key_ex() or EVP_PKEY_public_check()\nto check an X9.42 DH key or X9.42 DH parameters may experience long delays.\nWhere the key or parameters that are being checked have been obtained from\nan untrusted source this may lead to a Denial of Service.\n\nWhile DH_check() performs all the necessary checks (as of CVE-2023-3817),\nDH_check_pub_key() doesn't make any of these checks, and is therefore\nvulnerable for excessively large P and Q parameters.\n\nLikewise, while DH_generate_key() performs a check for an excessively large\nP, it doesn't check for an excessively large Q.\n\nAn application that calls DH_generate_key() or DH_check_pub_key() and\nsupplies a key or parameters obtained from an untrusted source could be\nvulnerable to a Denial of Service attack.\n\nDH_generate_key() and DH_check_pub_key() are also called by a number of\nother OpenSSL functions.  An application calling any of those other\nfunctions may similarly be affected.  The other functions affected by this\nare DH_check_pub_key_ex(), EVP_PKEY_public_check(), and EVP_PKEY_generate().\n\nAlso vulnerable are the OpenSSL pkey command line application when using the\n\"-pubcheck\" option, as well as the OpenSSL genpkey command line application.\n\nThe OpenSSL SSL/TLS implementation is not affected by this issue.\n\nThe OpenSSL 3.0 and 3.1 FIPS providers are not affected by this issue.\n\n",
          "Severity": "HIGH",
          "CweIDs": [
            "CWE-754"
          ],
          "CVSS": {
            "nvd": {
              "V3Vector": "CVSS:3.1/AV:N/AC:L/PR:N/UI:N/S:U/C:N/I:N/A:H",
              "V3Score": 7.5
            },
            "redhat": {
              "V3Vector": "CVSS:3.1/AV:N/AC:L/PR:N/UI:N/S:U/C:N/I:N/A:L",
              "V3Score": 5.3
            }
          },
          "References": [
            "https://access.redhat.com/security/cve/CVE-2023-5678",
            "https://cve.mitre.org/cgi-bin/cvename.cgi?name=CVE-2023-5678",
            "https://git.openssl.org/gitweb/?p=openssl.git;a=commitdiff;h=34efaef6c103d636ab507a0cc34dca4d3aecc055",
            "https://git.openssl.org/gitweb/?p=openssl.git;a=commitdiff;h=710fee740904b6290fef0dd5536fbcedbc38ff0c",
            "https://git.openssl.org/gitweb/?p=openssl.git;a=commitdiff;h=db925ae2e65d0d925adef429afc37f75bd1c2017",
            "https://git.openssl.org/gitweb/?p=openssl.git;a=commitdiff;h=ddeb4b6c6d527e54ce9a99cba785c0f7776e54b6",
            "https://nvd.nist.gov/vuln/detail/CVE-2023-5678",
            "https://www.cve.org/CVERecord?id=CVE-2023-5678",
            "https://www.openssl.org/news/secadv/20231106.txt"
          ],
          "PublishedDate": "2023-11-06T16:15:00Z",
          "LastModifiedDate": "2023-11-14T17:46:00Z"
        },
        {
          "VulnerabilityID": "CVE-2023-5363",
          "PkgID": "libssl3@3.1.3-r0",
          "PkgName": "libssl3",
          "InstalledVersion": "3.1.3-r0",
          "FixedVersion": "3.1.4-r0",
          "Status": "fixed",
          "Layer": {
            "DiffID": "sha256:cc2447e1835a40530975ab80bb1f872fbab0f2a0faecf2ab16fbbb89b3589438"
          },
          "SeveritySource": "nvd",
          "PrimaryURL": "https://avd.aquasec.com/nvd/cve-2023-5363",
          "DataSource": {
            "ID": "alpine",
            "Name": "Alpine Secdb",
            "URL": "https://secdb.alpinelinux.org/"
          },
          "Title": "openssl: Incorrect cipher key and IV length processing",
          "Description": "Issue summary: A bug has been identified in the processing of key and\ninitialisation vector (IV) lengths.  This can lead to potential truncation\nor overruns during the initialisation of some symmetric ciphers.\n\nImpact summary: A truncation in the IV can result in non-uniqueness,\nwhich could result in loss of confidentiality for some cipher modes.\n\nWhen calling EVP_EncryptInit_ex2(), EVP_DecryptInit_ex2() or\nEVP_CipherInit_ex2() the provided OSSL_PARAM array is processed after\nthe key and IV have been established.  Any alterations to the key length,\nvia the \"keylen\" parameter or the IV length, via the \"ivlen\" parameter,\nwithin the OSSL_PARAM array will not take effect as intended, potentially\ncausing truncation or overreading of these values.  The following ciphers\nand cipher modes are impacted: RC2, RC4, RC5, CCM, GCM and OCB.\n\nFor the CCM, GCM and OCB cipher modes, truncation of the IV can result in\nloss of confidentiality.  For example, when following NIST's SP 800-38D\nsection 8.2.1 guidance for constructing a deterministic IV for AES in\nGCM mode, truncation of the counter portion could lead to IV reuse.\n\nBoth truncations and overruns of the key and overruns of the IV will\nproduce incorrect results and could, in some cases, trigger a memory\nexception.  However, these issues are not currently assessed as security\ncritical.\n\nChanging the key and/or IV lengths is not considered to be a common operation\nand the vulnerable API was recently introduced. Furthermore it is likely that\napplication developers will have spotted this problem during testing since\ndecryption would fail unless both peers in the communication were similarly\nvulnerable. For these reasons we expect the probability of an application being\nvulnerable to this to be quite low. However if an application is vulnerable then\nthis issue is considered very serious. For these reasons we have assessed this\nissue as Moderate severity overall.\n\nThe OpenSSL SSL/TLS implementation is not affected by this issue.\n\nThe OpenSSL 3.0 and 3.1 FIPS providers are not affected by this because\nthe issue lies outside of the FIPS provider boundary.\n\nOpenSSL 3.1 and 3.0 are vulnerable to this issue.",
          "Severity": "HIGH",
          "CVSS": {
            "nvd": {
              "V3Vector": "CVSS:3.1/AV:N/AC:L/PR:N/UI:N/S:U/C:H/I:N/A:N",
              "V3Score": 7.5
            },
            "redhat": {
              "V3Vector": "CVSS:3.1/AV:N/AC:L/PR:N/UI:N/S:U/C:H/I:N/A:N",
              "V3Score": 7.5
            }
          },
          "References": [
            "http://www.openwall.com/lists/oss-security/2023/10/24/1",
            "https://access.redhat.com/security/cve/CVE-2023-5363",
            "https://cve.mitre.org/cgi-bin/cvename.cgi?name=CVE-2023-5363",
            "https://git.openssl.org/gitweb/?p=openssl.git;a=commitdiff;h=0df40630850fb2740e6be6890bb905d3fc623b2d",
            "https://git.openssl.org/gitweb/?p=openssl.git;a=commitdiff;h=5f69f5c65e483928c4b28ed16af6e5742929f1ee",
            "https://nvd.nist.gov/vuln/detail/CVE-2023-5363",
            "https://security.netapp.com/advisory/ntap-20231027-0010/",
            "https://ubuntu.com/security/notices/USN-6450-1",
            "https://www.cve.org/CVERecord?id=CVE-2023-5363",
            "https://www.debian.org/security/2023/dsa-5532",
            "https://www.openssl.org/news/secadv/20231024.txt"
          ],
          "PublishedDate": "2023-10-25T18:17:00Z",
          "LastModifiedDate": "2023-11-09T13:55:00Z"
        },
        {
          "VulnerabilityID": "CVE-2023-5678",
          "PkgID": "libssl3@3.1.3-r0",
          "PkgName": "libssl3",
          "InstalledVersion": "3.1.3-r0",
          "FixedVersion": "3.1.4-r1",
          "Status": "fixed",
          "Layer": {
            "DiffID": "sha256:cc2447e1835a40530975ab80bb1f872fbab0f2a0faecf2ab16fbbb89b3589438"
          },
          "SeveritySource": "nvd",
          "PrimaryURL": "https://avd.aquasec.com/nvd/cve-2023-5678",
          "DataSource": {
            "ID": "alpine",
            "Name": "Alpine Secdb",
            "URL": "https://secdb.alpinelinux.org/"
          },
          "Title": "openssl: Generating excessively long X9.42 DH keys or checking excessively long X9.42 DH keys or parameters may be very slow",
          "Description": "Issue summary: Generating excessively long X9.42 DH keys or checking\nexcessively long X9.42 DH keys or parameters may be very slow.\n\nImpact summary: Applications that use the functions DH_generate_key() to\ngenerate an X9.42 DH key may experience long delays.  Likewise, applications\nthat use DH_check_pub_key(), DH_check_pub_key_ex() or EVP_PKEY_public_check()\nto check an X9.42 DH key or X9.42 DH parameters may experience long delays.\nWhere the key or parameters that are being checked have been obtained from\nan untrusted source this may lead to a Denial of Service.\n\nWhile DH_check() performs all the necessary checks (as of CVE-2023-3817),\nDH_check_pub_key() doesn't make any of these checks, and is therefore\nvulnerable for excessively large P and Q parameters.\n\nLikewise, while DH_generate_key() performs a check for an excessively large\nP, it doesn't check for an excessively large Q.\n\nAn application that calls DH_generate_key() or DH_check_pub_key() and\nsupplies a key or parameters obtained from an untrusted source could be\nvulnerable to a Denial of Service attack.\n\nDH_generate_key() and DH_check_pub_key() are also called by a number of\nother OpenSSL functions.  An application calling any of those other\nfunctions may similarly be affected.  The other functions affected by this\nare DH_check_pub_key_ex(), EVP_PKEY_public_check(), and EVP_PKEY_generate().\n\nAlso vulnerable are the OpenSSL pkey command line application when using the\n\"-pubcheck\" option, as well as the OpenSSL genpkey command line application.\n\nThe OpenSSL SSL/TLS implementation is not affected by this issue.\n\nThe OpenSSL 3.0 and 3.1 FIPS providers are not affected by this issue.\n\n",
          "Severity": "HIGH",
          "CweIDs": [
            "CWE-754"
          ],
          "CVSS": {
            "nvd": {
              "V3Vector": "CVSS:3.1/AV:N/AC:L/PR:N/UI:N/S:U/C:N/I:N/A:H",
              "V3Score": 7.5
            },
            "redhat": {
              "V3Vector": "CVSS:3.1/AV:N/AC:L/PR:N/UI:N/S:U/C:N/I:N/A:L",
              "V3Score": 5.3
            }
          },
          "References": [
            "https://access.redhat.com/security/cve/CVE-2023-5678",
            "https://cve.mitre.org/cgi-bin/cvename.cgi?name=CVE-2023-5678",
            "https://git.openssl.org/gitweb/?p=openssl.git;a=commitdiff;h=34efaef6c103d636ab507a0cc34dca4d3aecc055",
            "https://git.openssl.org/gitweb/?p=openssl.git;a=commitdiff;h=710fee740904b6290fef0dd5536fbcedbc38ff0c",
            "https://git.openssl.org/gitweb/?p=openssl.git;a=commitdiff;h=db925ae2e65d0d925adef429afc37f75bd1c2017",
            "https://git.openssl.org/gitweb/?p=openssl.git;a=commitdiff;h=ddeb4b6c6d527e54ce9a99cba785c0f7776e54b6",
            "https://nvd.nist.gov/vuln/detail/CVE-2023-5678",
            "https://www.cve.org/CVERecord?id=CVE-2023-5678",
            "https://www.openssl.org/news/secadv/20231106.txt"
          ],
          "PublishedDate": "2023-11-06T16:15:00Z",
          "LastModifiedDate": "2023-11-14T17:46:00Z"
        }
      ]
    },
    {
      "Target": "Java",
      "Class": "lang-pkgs",
      "Type": "jar",
      "Vulnerabilities": [
        {
          "VulnerabilityID": "CVE-2021-42392",
          "PkgName": "com.h2database:h2",
          "PkgPath": "opt/bonita/server/lib/bonita/h2-1.4.199.jar",
          "InstalledVersion": "1.4.199",
          "FixedVersion": "2.0.206",
          "Status": "fixed",
          "Layer": {
            "DiffID": "sha256:5dfdedb329cc4eaec1c79401448262cc8b122788ca037985e73a0e1e619bd3c5"
          },
          "SeveritySource": "ghsa",
          "PrimaryURL": "https://avd.aquasec.com/nvd/cve-2021-42392",
          "DataSource": {
            "ID": "ghsa",
            "Name": "GitHub Security Advisory Maven",
            "URL": "https://github.com/advisories?query=type%3Areviewed+ecosystem%3Amaven"
          },
          "Title": "h2: Remote Code Execution in Console",
          "Description": "The org.h2.util.JdbcUtils.getConnection method of the H2 database takes as parameters the class name of the driver and URL of the database. An attacker may pass a JNDI driver name and a URL leading to a LDAP or RMI servers, causing remote code execution. This can be exploited through various attack vectors, most notably through the H2 Console which leads to unauthenticated remote code execution.",
          "Severity": "CRITICAL",
          "CweIDs": [
            "CWE-502"
          ],
          "CVSS": {
            "ghsa": {
              "V3Vector": "CVSS:3.1/AV:N/AC:L/PR:N/UI:N/S:U/C:H/I:H/A:H",
              "V3Score": 9.8
            },
            "nvd": {
              "V2Vector": "AV:N/AC:L/Au:N/C:C/I:C/A:C",
              "V3Vector": "CVSS:3.1/AV:N/AC:L/PR:N/UI:N/S:U/C:H/I:H/A:H",
              "V2Score": 10,
              "V3Score": 9.8
            },
            "redhat": {
              "V3Vector": "CVSS:3.1/AV:N/AC:L/PR:N/UI:N/S:U/C:H/I:H/A:H",
              "V3Score": 9.8
            }
          },
          "References": [
            "https://access.redhat.com/security/cve/CVE-2021-42392",
            "https://cve.mitre.org/cgi-bin/cvename.cgi?name=CVE-2021-42392",
            "https://github.com/h2database/h2database",
            "https://github.com/h2database/h2database/releases/tag/version-2.0.206",
            "https://github.com/h2database/h2database/security/advisories/GHSA-h376-j262-vhq6",
            "https://jfrog.com/blog/the-jndi-strikes-back-unauthenticated-rce-in-h2-database-console/",
            "https://lists.debian.org/debian-lts-announce/2022/02/msg00017.html",
            "https://nvd.nist.gov/vuln/detail/CVE-2021-42392",
            "https://security.netapp.com/advisory/ntap-20220119-0001/",
            "https://ubuntu.com/security/notices/USN-5365-1",
            "https://www.cve.org/CVERecord?id=CVE-2021-42392",
            "https://www.debian.org/security/2022/dsa-5076",
            "https://www.oracle.com/security-alerts/cpuapr2022.html",
            "https://www.secpod.com/blog/log4shell-critical-remote-code-execution-vulnerability-in-h2database-console/"
          ],
          "PublishedDate": "2022-01-10T14:10:00Z",
          "LastModifiedDate": "2023-02-24T22:15:00Z"
        },
        {
          "VulnerabilityID": "CVE-2021-42392",
          "PkgName": "com.h2database:h2",
          "PkgPath": "opt/bonita/setup/lib/h2-1.4.199.jar",
          "InstalledVersion": "1.4.199",
          "FixedVersion": "2.0.206",
          "Status": "fixed",
          "Layer": {
            "DiffID": "sha256:5dfdedb329cc4eaec1c79401448262cc8b122788ca037985e73a0e1e619bd3c5"
          },
          "SeveritySource": "ghsa",
          "PrimaryURL": "https://avd.aquasec.com/nvd/cve-2021-42392",
          "DataSource": {
            "ID": "ghsa",
            "Name": "GitHub Security Advisory Maven",
            "URL": "https://github.com/advisories?query=type%3Areviewed+ecosystem%3Amaven"
          },
          "Title": "h2: Remote Code Execution in Console",
          "Description": "The org.h2.util.JdbcUtils.getConnection method of the H2 database takes as parameters the class name of the driver and URL of the database. An attacker may pass a JNDI driver name and a URL leading to a LDAP or RMI servers, causing remote code execution. This can be exploited through various attack vectors, most notably through the H2 Console which leads to unauthenticated remote code execution.",
          "Severity": "CRITICAL",
          "CweIDs": [
            "CWE-502"
          ],
          "CVSS": {
            "ghsa": {
              "V3Vector": "CVSS:3.1/AV:N/AC:L/PR:N/UI:N/S:U/C:H/I:H/A:H",
              "V3Score": 9.8
            },
            "nvd": {
              "V2Vector": "AV:N/AC:L/Au:N/C:C/I:C/A:C",
              "V3Vector": "CVSS:3.1/AV:N/AC:L/PR:N/UI:N/S:U/C:H/I:H/A:H",
              "V2Score": 10,
              "V3Score": 9.8
            },
            "redhat": {
              "V3Vector": "CVSS:3.1/AV:N/AC:L/PR:N/UI:N/S:U/C:H/I:H/A:H",
              "V3Score": 9.8
            }
          },
          "References": [
            "https://access.redhat.com/security/cve/CVE-2021-42392",
            "https://cve.mitre.org/cgi-bin/cvename.cgi?name=CVE-2021-42392",
            "https://github.com/h2database/h2database",
            "https://github.com/h2database/h2database/releases/tag/version-2.0.206",
            "https://github.com/h2database/h2database/security/advisories/GHSA-h376-j262-vhq6",
            "https://jfrog.com/blog/the-jndi-strikes-back-unauthenticated-rce-in-h2-database-console/",
            "https://lists.debian.org/debian-lts-announce/2022/02/msg00017.html",
            "https://nvd.nist.gov/vuln/detail/CVE-2021-42392",
            "https://security.netapp.com/advisory/ntap-20220119-0001/",
            "https://ubuntu.com/security/notices/USN-5365-1",
            "https://www.cve.org/CVERecord?id=CVE-2021-42392",
            "https://www.debian.org/security/2022/dsa-5076",
            "https://www.oracle.com/security-alerts/cpuapr2022.html",
            "https://www.secpod.com/blog/log4shell-critical-remote-code-execution-vulnerability-in-h2database-console/"
          ],
          "PublishedDate": "2022-01-10T14:10:00Z",
          "LastModifiedDate": "2023-02-24T22:15:00Z"
        },
        {
          "VulnerabilityID": "CVE-2022-23221",
          "PkgName": "com.h2database:h2",
          "PkgPath": "opt/bonita/server/lib/bonita/h2-1.4.199.jar",
          "InstalledVersion": "1.4.199",
          "FixedVersion": "2.1.210",
          "Status": "fixed",
          "Layer": {
            "DiffID": "sha256:5dfdedb329cc4eaec1c79401448262cc8b122788ca037985e73a0e1e619bd3c5"
          },
          "SeveritySource": "ghsa",
          "PrimaryURL": "https://avd.aquasec.com/nvd/cve-2022-23221",
          "DataSource": {
            "ID": "ghsa",
            "Name": "GitHub Security Advisory Maven",
            "URL": "https://github.com/advisories?query=type%3Areviewed+ecosystem%3Amaven"
          },
          "Title": "Loading of custom classes from remote servers through JNDI",
          "Description": "H2 Console before 2.1.210 allows remote attackers to execute arbitrary code via a jdbc:h2:mem JDBC URL containing the IGNORE_UNKNOWN_SETTINGS=TRUE;FORBID_CREATION=FALSE;INIT=RUNSCRIPT substring, a different vulnerability than CVE-2021-42392.",
          "Severity": "CRITICAL",
          "CweIDs": [
            "CWE-88"
          ],
          "CVSS": {
            "ghsa": {
              "V3Vector": "CVSS:3.1/AV:N/AC:L/PR:N/UI:N/S:U/C:H/I:H/A:H",
              "V3Score": 9.8
            },
            "nvd": {
              "V2Vector": "AV:N/AC:L/Au:N/C:C/I:C/A:C",
              "V3Vector": "CVSS:3.1/AV:N/AC:L/PR:N/UI:N/S:U/C:H/I:H/A:H",
              "V2Score": 10,
              "V3Score": 9.8
            },
            "redhat": {
              "V3Vector": "CVSS:3.1/AV:N/AC:L/PR:N/UI:N/S:U/C:H/I:H/A:H",
              "V3Score": 9.8
            }
          },
          "References": [
            "http://packetstormsecurity.com/files/165676/H2-Database-Console-Remote-Code-Execution.html",
            "http://seclists.org/fulldisclosure/2022/Jan/39",
            "https://access.redhat.com/security/cve/CVE-2022-23221",
            "https://cve.mitre.org/cgi-bin/cvename.cgi?name=CVE-2022-23221",
            "https://github.com/advisories/GHSA-45hx-wfhj-473x",
            "https://github.com/h2database/h2database",
            "https://github.com/h2database/h2database/releases/tag/version-2.1.210",
            "https://github.com/h2database/h2database/security/advisories",
            "https://lists.debian.org/debian-lts-announce/2022/02/msg00017.html",
            "https://nvd.nist.gov/vuln/detail/CVE-2022-23221",
            "https://security.netapp.com/advisory/ntap-20230818-0011/",
            "https://twitter.com/d0nkey_man/status/1483824727936450564",
            "https://ubuntu.com/security/notices/USN-5365-1",
            "https://www.cve.org/CVERecord?id=CVE-2022-23221",
            "https://www.debian.org/security/2022/dsa-5076",
            "https://www.oracle.com/security-alerts/cpuapr2022.html",
            "https://www.oracle.com/security-alerts/cpujul2022.html"
          ],
          "PublishedDate": "2022-01-19T17:15:00Z",
          "LastModifiedDate": "2023-08-18T14:15:00Z"
        },
        {
          "VulnerabilityID": "CVE-2022-23221",
          "PkgName": "com.h2database:h2",
          "PkgPath": "opt/bonita/setup/lib/h2-1.4.199.jar",
          "InstalledVersion": "1.4.199",
          "FixedVersion": "2.1.210",
          "Status": "fixed",
          "Layer": {
            "DiffID": "sha256:5dfdedb329cc4eaec1c79401448262cc8b122788ca037985e73a0e1e619bd3c5"
          },
          "SeveritySource": "ghsa",
          "PrimaryURL": "https://avd.aquasec.com/nvd/cve-2022-23221",
          "DataSource": {
            "ID": "ghsa",
            "Name": "GitHub Security Advisory Maven",
            "URL": "https://github.com/advisories?query=type%3Areviewed+ecosystem%3Amaven"
          },
          "Title": "Loading of custom classes from remote servers through JNDI",
          "Description": "H2 Console before 2.1.210 allows remote attackers to execute arbitrary code via a jdbc:h2:mem JDBC URL containing the IGNORE_UNKNOWN_SETTINGS=TRUE;FORBID_CREATION=FALSE;INIT=RUNSCRIPT substring, a different vulnerability than CVE-2021-42392.",
          "Severity": "CRITICAL",
          "CweIDs": [
            "CWE-88"
          ],
          "CVSS": {
            "ghsa": {
              "V3Vector": "CVSS:3.1/AV:N/AC:L/PR:N/UI:N/S:U/C:H/I:H/A:H",
              "V3Score": 9.8
            },
            "nvd": {
              "V2Vector": "AV:N/AC:L/Au:N/C:C/I:C/A:C",
              "V3Vector": "CVSS:3.1/AV:N/AC:L/PR:N/UI:N/S:U/C:H/I:H/A:H",
              "V2Score": 10,
              "V3Score": 9.8
            },
            "redhat": {
              "V3Vector": "CVSS:3.1/AV:N/AC:L/PR:N/UI:N/S:U/C:H/I:H/A:H",
              "V3Score": 9.8
            }
          },
          "References": [
            "http://packetstormsecurity.com/files/165676/H2-Database-Console-Remote-Code-Execution.html",
            "http://seclists.org/fulldisclosure/2022/Jan/39",
            "https://access.redhat.com/security/cve/CVE-2022-23221",
            "https://cve.mitre.org/cgi-bin/cvename.cgi?name=CVE-2022-23221",
            "https://github.com/advisories/GHSA-45hx-wfhj-473x",
            "https://github.com/h2database/h2database",
            "https://github.com/h2database/h2database/releases/tag/version-2.1.210",
            "https://github.com/h2database/h2database/security/advisories",
            "https://lists.debian.org/debian-lts-announce/2022/02/msg00017.html",
            "https://nvd.nist.gov/vuln/detail/CVE-2022-23221",
            "https://security.netapp.com/advisory/ntap-20230818-0011/",
            "https://twitter.com/d0nkey_man/status/1483824727936450564",
            "https://ubuntu.com/security/notices/USN-5365-1",
            "https://www.cve.org/CVERecord?id=CVE-2022-23221",
            "https://www.debian.org/security/2022/dsa-5076",
            "https://www.oracle.com/security-alerts/cpuapr2022.html",
            "https://www.oracle.com/security-alerts/cpujul2022.html"
          ],
          "PublishedDate": "2022-01-19T17:15:00Z",
          "LastModifiedDate": "2023-08-18T14:15:00Z"
        },
        {
          "VulnerabilityID": "CVE-2021-23463",
          "PkgName": "com.h2database:h2",
          "PkgPath": "opt/bonita/server/lib/bonita/h2-1.4.199.jar",
          "InstalledVersion": "1.4.199",
          "FixedVersion": "2.0.202",
          "Status": "fixed",
          "Layer": {
            "DiffID": "sha256:5dfdedb329cc4eaec1c79401448262cc8b122788ca037985e73a0e1e619bd3c5"
          },
          "SeveritySource": "ghsa",
          "PrimaryURL": "https://avd.aquasec.com/nvd/cve-2021-23463",
          "DataSource": {
            "ID": "ghsa",
            "Name": "GitHub Security Advisory Maven",
            "URL": "https://github.com/advisories?query=type%3Areviewed+ecosystem%3Amaven"
          },
          "Title": "XXE injection vulnerability",
          "Description": "The package com.h2database:h2 from 1.4.198 and before 2.0.202 are vulnerable to XML External Entity (XXE) Injection via the org.h2.jdbc.JdbcSQLXML class object, when it receives parsed string data from org.h2.jdbc.JdbcResultSet.getSQLXML() method. If it executes the getSource() method when the parameter is DOMSource.class it will trigger the vulnerability.",
          "Severity": "HIGH",
          "CweIDs": [
            "CWE-611"
          ],
          "CVSS": {
            "ghsa": {
              "V3Vector": "CVSS:3.1/AV:N/AC:L/PR:L/UI:N/S:U/C:H/I:N/A:H",
              "V3Score": 8.1
            },
            "nvd": {
              "V2Vector": "AV:N/AC:L/Au:N/C:P/I:N/A:P",
              "V3Vector": "CVSS:3.1/AV:N/AC:L/PR:N/UI:N/S:U/C:H/I:N/A:H",
              "V2Score": 6.4,
              "V3Score": 9.1
            },
            "redhat": {
              "V3Vector": "CVSS:3.1/AV:N/AC:H/PR:L/UI:N/S:U/C:H/I:N/A:H",
              "V3Score": 6.8
            }
          },
          "References": [
            "https://access.redhat.com/security/cve/CVE-2021-23463",
            "https://github.com/boris-unckel/h2database/commit/f9ad6aef2bfa59eba2b4d3e7c4c32d2cce8e8b05",
            "https://github.com/h2database/h2database/",
            "https://github.com/h2database/h2database/commit/d83285fd2e48fb075780ee95badee6f5a15ea7f8%23diff-008c2e4462609982199cd83e7cf6f1d6b41296b516783f6752c44b9f15dc7bc3",
            "https://github.com/h2database/h2database/issues/3195",
            "https://github.com/h2database/h2database/pull/3199",
            "https://github.com/h2database/h2database/pull/3199#issuecomment-1002830390",
            "https://nvd.nist.gov/vuln/detail/CVE-2021-23463",
            "https://security.netapp.com/advisory/ntap-20230818-0010/",
            "https://snyk.io/vuln/SNYK-JAVA-COMH2DATABASE-1769238",
            "https://www.cve.org/CVERecord?id=CVE-2021-23463",
            "https://www.oracle.com/security-alerts/cpuapr2022.html"
          ],
          "PublishedDate": "2021-12-10T20:15:00Z",
          "LastModifiedDate": "2023-08-18T14:15:00Z"
        },
        {
          "VulnerabilityID": "CVE-2021-23463",
          "PkgName": "com.h2database:h2",
          "PkgPath": "opt/bonita/setup/lib/h2-1.4.199.jar",
          "InstalledVersion": "1.4.199",
          "FixedVersion": "2.0.202",
          "Status": "fixed",
          "Layer": {
            "DiffID": "sha256:5dfdedb329cc4eaec1c79401448262cc8b122788ca037985e73a0e1e619bd3c5"
          },
          "SeveritySource": "ghsa",
          "PrimaryURL": "https://avd.aquasec.com/nvd/cve-2021-23463",
          "DataSource": {
            "ID": "ghsa",
            "Name": "GitHub Security Advisory Maven",
            "URL": "https://github.com/advisories?query=type%3Areviewed+ecosystem%3Amaven"
          },
          "Title": "XXE injection vulnerability",
          "Description": "The package com.h2database:h2 from 1.4.198 and before 2.0.202 are vulnerable to XML External Entity (XXE) Injection via the org.h2.jdbc.JdbcSQLXML class object, when it receives parsed string data from org.h2.jdbc.JdbcResultSet.getSQLXML() method. If it executes the getSource() method when the parameter is DOMSource.class it will trigger the vulnerability.",
          "Severity": "HIGH",
          "CweIDs": [
            "CWE-611"
          ],
          "CVSS": {
            "ghsa": {
              "V3Vector": "CVSS:3.1/AV:N/AC:L/PR:L/UI:N/S:U/C:H/I:N/A:H",
              "V3Score": 8.1
            },
            "nvd": {
              "V2Vector": "AV:N/AC:L/Au:N/C:P/I:N/A:P",
              "V3Vector": "CVSS:3.1/AV:N/AC:L/PR:N/UI:N/S:U/C:H/I:N/A:H",
              "V2Score": 6.4,
              "V3Score": 9.1
            },
            "redhat": {
              "V3Vector": "CVSS:3.1/AV:N/AC:H/PR:L/UI:N/S:U/C:H/I:N/A:H",
              "V3Score": 6.8
            }
          },
          "References": [
            "https://access.redhat.com/security/cve/CVE-2021-23463",
            "https://github.com/boris-unckel/h2database/commit/f9ad6aef2bfa59eba2b4d3e7c4c32d2cce8e8b05",
            "https://github.com/h2database/h2database/",
            "https://github.com/h2database/h2database/commit/d83285fd2e48fb075780ee95badee6f5a15ea7f8%23diff-008c2e4462609982199cd83e7cf6f1d6b41296b516783f6752c44b9f15dc7bc3",
            "https://github.com/h2database/h2database/issues/3195",
            "https://github.com/h2database/h2database/pull/3199",
            "https://github.com/h2database/h2database/pull/3199#issuecomment-1002830390",
            "https://nvd.nist.gov/vuln/detail/CVE-2021-23463",
            "https://security.netapp.com/advisory/ntap-20230818-0010/",
            "https://snyk.io/vuln/SNYK-JAVA-COMH2DATABASE-1769238",
            "https://www.cve.org/CVERecord?id=CVE-2021-23463",
            "https://www.oracle.com/security-alerts/cpuapr2022.html"
          ],
          "PublishedDate": "2021-12-10T20:15:00Z",
          "LastModifiedDate": "2023-08-18T14:15:00Z"
        },
        {
          "VulnerabilityID": "CVE-2022-45868",
          "PkgName": "com.h2database:h2",
          "PkgPath": "opt/bonita/server/lib/bonita/h2-1.4.199.jar",
          "InstalledVersion": "1.4.199",
          "FixedVersion": "2.2.220",
          "Status": "fixed",
          "Layer": {
            "DiffID": "sha256:5dfdedb329cc4eaec1c79401448262cc8b122788ca037985e73a0e1e619bd3c5"
          },
          "SeveritySource": "ghsa",
          "PrimaryURL": "https://avd.aquasec.com/nvd/cve-2022-45868",
          "DataSource": {
            "ID": "ghsa",
            "Name": "GitHub Security Advisory Maven",
            "URL": "https://github.com/advisories?query=type%3Areviewed+ecosystem%3Amaven"
          },
          "Title": "The web-based admin console in H2 Database Engine through 2.1.214 can  ...",
          "Description": "The web-based admin console in H2 Database Engine through 2.1.214 can be started via the CLI with the argument -webAdminPassword, which allows the user to specify the password in cleartext for the web admin console. Consequently, a local user (or an attacker that has obtained local access through some means) would be able to discover the password by listing processes and their arguments. NOTE: the vendor states \"This is not a vulnerability of H2 Console ... Passwords should never be passed on the command line and every qualified DBA or system administrator is expected to know that.\"",
          "Severity": "HIGH",
          "CweIDs": [
            "CWE-312"
          ],
          "CVSS": {
            "ghsa": {
              "V3Vector": "CVSS:3.1/AV:L/AC:L/PR:L/UI:N/S:U/C:H/I:H/A:H",
              "V3Score": 7.8
            },
            "nvd": {
              "V3Vector": "CVSS:3.1/AV:L/AC:L/PR:L/UI:N/S:U/C:H/I:H/A:H",
              "V3Score": 7.8
            }
          },
          "References": [
            "https://github.com/advisories/GHSA-22wj-vf5f-wrvj",
            "https://github.com/h2database/h2database",
            "https://github.com/h2database/h2database/blob/96832bf5a97cdc0adc1f2066ed61c54990d66ab5/h2/src/main/org/h2/server/web/WebServer.java#L346-L347",
            "https://github.com/h2database/h2database/commit/581ed18ff9d6b3761d851620ed88a3994a351a0d",
            "https://github.com/h2database/h2database/issues/3686",
            "https://github.com/h2database/h2database/pull/3833",
            "https://nvd.nist.gov/vuln/detail/CVE-2022-45868",
            "https://sites.google.com/sonatype.com/vulnerabilities/sonatype-2022-6243"
          ],
          "PublishedDate": "2022-11-23T21:15:00Z",
          "LastModifiedDate": "2023-11-07T03:54:00Z"
        },
        {
          "VulnerabilityID": "CVE-2022-45868",
          "PkgName": "com.h2database:h2",
          "PkgPath": "opt/bonita/setup/lib/h2-1.4.199.jar",
          "InstalledVersion": "1.4.199",
          "FixedVersion": "2.2.220",
          "Status": "fixed",
          "Layer": {
            "DiffID": "sha256:5dfdedb329cc4eaec1c79401448262cc8b122788ca037985e73a0e1e619bd3c5"
          },
          "SeveritySource": "ghsa",
          "PrimaryURL": "https://avd.aquasec.com/nvd/cve-2022-45868",
          "DataSource": {
            "ID": "ghsa",
            "Name": "GitHub Security Advisory Maven",
            "URL": "https://github.com/advisories?query=type%3Areviewed+ecosystem%3Amaven"
          },
          "Title": "The web-based admin console in H2 Database Engine through 2.1.214 can  ...",
          "Description": "The web-based admin console in H2 Database Engine through 2.1.214 can be started via the CLI with the argument -webAdminPassword, which allows the user to specify the password in cleartext for the web admin console. Consequently, a local user (or an attacker that has obtained local access through some means) would be able to discover the password by listing processes and their arguments. NOTE: the vendor states \"This is not a vulnerability of H2 Console ... Passwords should never be passed on the command line and every qualified DBA or system administrator is expected to know that.\"",
          "Severity": "HIGH",
          "CweIDs": [
            "CWE-312"
          ],
          "CVSS": {
            "ghsa": {
              "V3Vector": "CVSS:3.1/AV:L/AC:L/PR:L/UI:N/S:U/C:H/I:H/A:H",
              "V3Score": 7.8
            },
            "nvd": {
              "V3Vector": "CVSS:3.1/AV:L/AC:L/PR:L/UI:N/S:U/C:H/I:H/A:H",
              "V3Score": 7.8
            }
          },
          "References": [
            "https://github.com/advisories/GHSA-22wj-vf5f-wrvj",
            "https://github.com/h2database/h2database",
            "https://github.com/h2database/h2database/blob/96832bf5a97cdc0adc1f2066ed61c54990d66ab5/h2/src/main/org/h2/server/web/WebServer.java#L346-L347",
            "https://github.com/h2database/h2database/commit/581ed18ff9d6b3761d851620ed88a3994a351a0d",
            "https://github.com/h2database/h2database/issues/3686",
            "https://github.com/h2database/h2database/pull/3833",
            "https://nvd.nist.gov/vuln/detail/CVE-2022-45868",
            "https://sites.google.com/sonatype.com/vulnerabilities/sonatype-2022-6243"
          ],
          "PublishedDate": "2022-11-23T21:15:00Z",
          "LastModifiedDate": "2023-11-07T03:54:00Z"
        },
        {
          "VulnerabilityID": "CVE-2023-40167",
          "PkgName": "org.eclipse.jetty:jetty-http",
          "PkgPath": "opt/bonita/server/webapps/bonita/WEB-INF/lib/ehcache-2.10.10.12.7.jar",
          "InstalledVersion": "9.4.48.v20220622",
          "FixedVersion": "9.4.52, 10.0.16, 11.0.16, 12.0.1",
          "Status": "fixed",
          "Layer": {
            "DiffID": "sha256:5dfdedb329cc4eaec1c79401448262cc8b122788ca037985e73a0e1e619bd3c5"
          },
          "SeveritySource": "ghsa",
          "PrimaryURL": "https://avd.aquasec.com/nvd/cve-2023-40167",
          "DataSource": {
            "ID": "ghsa",
            "Name": "GitHub Security Advisory Maven",
            "URL": "https://github.com/advisories?query=type%3Areviewed+ecosystem%3Amaven"
          },
          "Title": "jetty: Improper validation of HTTP/1 content-length",
          "Description": "Jetty is a Java based web server and servlet engine. Prior to versions 9.4.52, 10.0.16, 11.0.16, and 12.0.1, Jetty accepts the `+` character proceeding the content-length value in a HTTP/1 header field.  This is more permissive than allowed by the RFC and other servers routinely reject such requests with 400 responses.  There is no known exploit scenario, but it is conceivable that request smuggling could result if jetty is used in combination with a server that does not close the connection after sending such a 400 response. Versions 9.4.52, 10.0.16, 11.0.16, and 12.0.1 contain a patch for this issue. There is no workaround as there is no known exploit scenario.",
          "Severity": "MEDIUM",
          "CweIDs": [
            "CWE-130"
          ],
          "CVSS": {
            "ghsa": {
              "V3Vector": "CVSS:3.1/AV:N/AC:L/PR:N/UI:N/S:U/C:N/I:L/A:N",
              "V3Score": 5.3
            },
            "nvd": {
              "V3Vector": "CVSS:3.1/AV:N/AC:L/PR:N/UI:N/S:U/C:N/I:L/A:N",
              "V3Score": 5.3
            },
            "redhat": {
              "V3Vector": "CVSS:3.1/AV:N/AC:L/PR:N/UI:N/S:U/C:N/I:L/A:N",
              "V3Score": 5.3
            }
          },
          "References": [
            "https://access.redhat.com/security/cve/CVE-2023-40167",
            "https://github.com/eclipse/jetty.project",
            "https://github.com/eclipse/jetty.project/security/advisories/GHSA-hmr7-m48g-48f6",
            "https://lists.debian.org/debian-lts-announce/2023/09/msg00039.html",
            "https://nvd.nist.gov/vuln/detail/CVE-2023-40167",
            "https://www.cve.org/CVERecord?id=CVE-2023-40167",
            "https://www.debian.org/security/2023/dsa-5507",
            "https://www.rfc-editor.org/rfc/rfc9110#section-8.6"
          ],
          "PublishedDate": "2023-09-15T20:15:00Z",
          "LastModifiedDate": "2023-10-13T01:59:00Z"
        },
        {
          "VulnerabilityID": "CVE-2023-26048",
          "PkgName": "org.eclipse.jetty:jetty-server",
          "PkgPath": "opt/bonita/server/webapps/bonita/WEB-INF/lib/ehcache-2.10.10.12.7.jar",
          "InstalledVersion": "9.4.48.v20220622",
          "FixedVersion": "9.4.51.v20230217, 10.0.14, 11.0.14",
          "Status": "fixed",
          "Layer": {
            "DiffID": "sha256:5dfdedb329cc4eaec1c79401448262cc8b122788ca037985e73a0e1e619bd3c5"
          },
          "SeveritySource": "ghsa",
          "PrimaryURL": "https://avd.aquasec.com/nvd/cve-2023-26048",
          "DataSource": {
            "ID": "ghsa",
            "Name": "GitHub Security Advisory Maven",
            "URL": "https://github.com/advisories?query=type%3Areviewed+ecosystem%3Amaven"
          },
          "Title": "jetty-server: OutOfMemoryError for large multipart without filename read via request.getParameter()",
          "Description": "Jetty is a java based web server and servlet engine. In affected versions servlets with multipart support (e.g. annotated with `@MultipartConfig`) that call `HttpServletRequest.getParameter()` or `HttpServletRequest.getParts()` may cause `OutOfMemoryError` when the client sends a multipart request with a part that has a name but no filename and very large content. This happens even with the default settings of `fileSizeThreshold=0` which should stream the whole part content to disk. An attacker client may send a large multipart request and cause the server to throw `OutOfMemoryError`. However, the server may be able to recover after the `OutOfMemoryError` and continue its service -- although it may take some time. This issue has been patched in versions 9.4.51, 10.0.14, and 11.0.14. Users are advised to upgrade. Users unable to upgrade may set the multipart parameter `maxRequestSize` which must be set to a non-negative value, so the whole multipart content is limited (although still read into memory).",
          "Severity": "MEDIUM",
          "CweIDs": [
            "CWE-400"
          ],
          "CVSS": {
            "ghsa": {
              "V3Vector": "CVSS:3.1/AV:N/AC:L/PR:N/UI:N/S:U/C:N/I:N/A:L",
              "V3Score": 5.3
            },
            "nvd": {
              "V3Vector": "CVSS:3.1/AV:N/AC:L/PR:N/UI:N/S:U/C:N/I:N/A:L",
              "V3Score": 5.3
            },
            "redhat": {
              "V3Vector": "CVSS:3.1/AV:N/AC:L/PR:N/UI:N/S:U/C:N/I:N/A:L",
              "V3Score": 5.3
            }
          },
          "References": [
            "https://access.redhat.com/security/cve/CVE-2023-26048",
            "https://cve.mitre.org/cgi-bin/cvename.cgi?name=CVE-2023-26048",
            "https://github.com/eclipse/jetty.project",
            "https://github.com/eclipse/jetty.project/issues/9076",
            "https://github.com/eclipse/jetty.project/pull/9344",
            "https://github.com/eclipse/jetty.project/pull/9345",
            "https://github.com/eclipse/jetty.project/releases/tag/jetty-9.4.51.v20230217",
            "https://github.com/eclipse/jetty.project/security/advisories/GHSA-qw69-rqj8-6qw8",
            "https://github.com/jakartaee/servlet/blob/6.0.0/spec/src/main/asciidoc/servlet-spec-body.adoc#32-file-upload",
            "https://lists.debian.org/debian-lts-announce/2023/09/msg00039.html",
            "https://nvd.nist.gov/vuln/detail/CVE-2023-26048",
            "https://security.netapp.com/advisory/ntap-20230526-0001/",
            "https://www.cve.org/CVERecord?id=CVE-2023-26048",
            "https://www.debian.org/security/2023/dsa-5507"
          ],
          "PublishedDate": "2023-04-18T21:15:00Z",
          "LastModifiedDate": "2023-09-30T15:15:00Z"
        },
        {
          "VulnerabilityID": "CVE-2023-26049",
          "PkgName": "org.eclipse.jetty:jetty-server",
          "PkgPath": "opt/bonita/server/webapps/bonita/WEB-INF/lib/ehcache-2.10.10.12.7.jar",
          "InstalledVersion": "9.4.48.v20220622",
          "FixedVersion": "9.4.51.v20230217, 10.0.14, 11.0.14, 12.0.0.beta0",
          "Status": "fixed",
          "Layer": {
            "DiffID": "sha256:5dfdedb329cc4eaec1c79401448262cc8b122788ca037985e73a0e1e619bd3c5"
          },
          "SeveritySource": "ghsa",
          "PrimaryURL": "https://avd.aquasec.com/nvd/cve-2023-26049",
          "DataSource": {
            "ID": "ghsa",
            "Name": "GitHub Security Advisory Maven",
            "URL": "https://github.com/advisories?query=type%3Areviewed+ecosystem%3Amaven"
          },
          "Title": "jetty-server: Cookie parsing of quoted values can exfiltrate values from other cookies",
          "Description": "Jetty is a java based web server and servlet engine. Nonstandard cookie parsing in Jetty may allow an attacker to smuggle cookies within other cookies, or otherwise perform unintended behavior by tampering with the cookie parsing mechanism. If Jetty sees a cookie VALUE that starts with `\"` (double quote), it will continue to read the cookie string until it sees a closing quote -- even if a semicolon is encountered. So, a cookie header such as: `DISPLAY_LANGUAGE=\"b; JSESSIONID=1337; c=d\"` will be parsed as one cookie, with the name DISPLAY_LANGUAGE and a value of b; JSESSIONID=1337; c=d instead of 3 separate cookies. This has security implications because if, say, JSESSIONID is an HttpOnly cookie, and the DISPLAY_LANGUAGE cookie value is rendered on the page, an attacker can smuggle the JSESSIONID cookie into the DISPLAY_LANGUAGE cookie and thereby exfiltrate it. This is significant when an intermediary is enacting some policy based on cookies, so a smuggled cookie can bypass that policy yet still be seen by the Jetty server or its logging system. This issue has been addressed in versions 9.4.51, 10.0.14, 11.0.14, and 12.0.0.beta0 and users are advised to upgrade. There are no known workarounds for this issue.",
          "Severity": "LOW",
          "CweIDs": [
            "CWE-200"
          ],
          "CVSS": {
            "ghsa": {
              "V3Vector": "CVSS:3.1/AV:N/AC:L/PR:H/UI:R/S:U/C:L/I:N/A:N",
              "V3Score": 2.4
            },
            "nvd": {
              "V3Vector": "CVSS:3.1/AV:N/AC:L/PR:N/UI:N/S:U/C:L/I:N/A:N",
              "V3Score": 5.3
            },
            "redhat": {
              "V3Vector": "CVSS:3.1/AV:N/AC:L/PR:N/UI:N/S:U/C:L/I:N/A:N",
              "V3Score": 5.3
            }
          },
          "References": [
            "https://access.redhat.com/security/cve/CVE-2023-26049",
            "https://cve.mitre.org/cgi-bin/cvename.cgi?name=CVE-2023-26049",
            "https://github.com/eclipse/jetty.project",
            "https://github.com/eclipse/jetty.project/pull/9339",
            "https://github.com/eclipse/jetty.project/pull/9352",
            "https://github.com/eclipse/jetty.project/releases/tag/jetty-9.4.51.v20230217",
            "https://github.com/eclipse/jetty.project/security/advisories/GHSA-p26g-97m4-6q7c",
            "https://lists.debian.org/debian-lts-announce/2023/09/msg00039.html",
            "https://nvd.nist.gov/vuln/detail/CVE-2023-26049",
            "https://security.netapp.com/advisory/ntap-20230526-0001/",
            "https://www.cve.org/CVERecord?id=CVE-2023-26049",
            "https://www.debian.org/security/2023/dsa-5507",
            "https://www.rfc-editor.org/rfc/rfc2965",
            "https://www.rfc-editor.org/rfc/rfc6265"
          ],
          "PublishedDate": "2023-04-18T21:15:00Z",
          "LastModifiedDate": "2023-09-30T15:15:00Z"
        },
        {
          "VulnerabilityID": "CVE-2016-1000027",
          "PkgName": "org.springframework:spring-web",
          "PkgPath": "opt/bonita/server/webapps/bonita/WEB-INF/lib/spring-web-5.3.27.jar",
          "InstalledVersion": "5.3.27",
          "FixedVersion": "6.0.0",
          "Status": "fixed",
          "Layer": {
            "DiffID": "sha256:5dfdedb329cc4eaec1c79401448262cc8b122788ca037985e73a0e1e619bd3c5"
          },
          "SeveritySource": "ghsa",
          "PrimaryURL": "https://avd.aquasec.com/nvd/cve-2016-1000027",
          "DataSource": {
            "ID": "ghsa",
            "Name": "GitHub Security Advisory Maven",
            "URL": "https://github.com/advisories?query=type%3Areviewed+ecosystem%3Amaven"
          },
          "Title": "spring: HttpInvokerServiceExporter readRemoteInvocation method untrusted java deserialization",
          "Description": "Pivotal Spring Framework through 5.3.16 suffers from a potential remote code execution (RCE) issue if used for Java deserialization of untrusted data. Depending on how the library is implemented within a product, this issue may or not occur, and authentication may be required. NOTE: the vendor's position is that untrusted data is not an intended use case. The product's behavior will not be changed because some users rely on deserialization of trusted data.",
          "Severity": "CRITICAL",
          "CweIDs": [
            "CWE-502"
          ],
          "CVSS": {
            "ghsa": {
              "V3Vector": "CVSS:3.1/AV:N/AC:L/PR:N/UI:N/S:U/C:H/I:H/A:H",
              "V3Score": 9.8
            },
            "nvd": {
              "V2Vector": "AV:N/AC:L/Au:N/C:P/I:P/A:P",
              "V3Vector": "CVSS:3.1/AV:N/AC:L/PR:N/UI:N/S:U/C:H/I:H/A:H",
              "V2Score": 7.5,
              "V3Score": 9.8
            },
            "redhat": {
              "V2Vector": "AV:N/AC:M/Au:N/C:P/I:P/A:P",
              "V3Vector": "CVSS:3.0/AV:N/AC:L/PR:N/UI:N/S:U/C:H/I:H/A:H",
              "V2Score": 6.8,
              "V3Score": 9.8
            }
          },
          "References": [
            "https://access.redhat.com/security/cve/CVE-2016-1000027",
            "https://bugzilla.redhat.com/show_bug.cgi?id=CVE-2016-1000027",
            "https://github.com/spring-projects/spring-framework",
            "https://github.com/spring-projects/spring-framework/commit/2b051b8b321768a4cfef83077db65c6328ffd60f",
            "https://github.com/spring-projects/spring-framework/commit/5cbe90b2cd91b866a5a9586e460f311860e11cfa",
            "https://github.com/spring-projects/spring-framework/issues/21680",
            "https://github.com/spring-projects/spring-framework/issues/24434",
            "https://github.com/spring-projects/spring-framework/issues/24434#issuecomment-1231625331",
            "https://github.com/spring-projects/spring-framework/issues/24434#issuecomment-579669626",
            "https://github.com/spring-projects/spring-framework/issues/24434#issuecomment-582313417",
            "https://github.com/spring-projects/spring-framework/issues/24434#issuecomment-744519525",
            "https://jira.spring.io/browse/SPR-17143?redirect=false",
            "https://nvd.nist.gov/vuln/detail/CVE-2016-1000027",
            "https://raw.githubusercontent.com/distributedweaknessfiling/cvelist/master/2016/1000xxx/CVE-2016-1000027.json",
            "https://security-tracker.debian.org/tracker/CVE-2016-1000027",
            "https://security.netapp.com/advisory/ntap-20230420-0009/",
            "https://spring.io/blog/2022/05/11/spring-framework-5-3-20-and-5-2-22-available-now",
            "https://support.contrastsecurity.com/hc/en-us/articles/4402400830612-Spring-web-Java-Deserialization-CVE-2016-1000027",
            "https://www.cve.org/CVERecord?id=CVE-2016-1000027",
            "https://www.tenable.com/security/research/tra-2016-20"
          ],
          "PublishedDate": "2020-01-02T23:15:00Z",
          "LastModifiedDate": "2023-04-20T09:15:00Z"
        },
        {
          "VulnerabilityID": "CVE-2022-1471",
          "PkgName": "org.yaml:snakeyaml",
          "PkgPath": "opt/bonita/server/webapps/bonita/WEB-INF/lib/snakeyaml-1.32.jar",
          "InstalledVersion": "1.32",
          "FixedVersion": "2.0",
          "Status": "fixed",
          "Layer": {
            "DiffID": "sha256:5dfdedb329cc4eaec1c79401448262cc8b122788ca037985e73a0e1e619bd3c5"
          },
          "SeveritySource": "ghsa",
          "PrimaryURL": "https://avd.aquasec.com/nvd/cve-2022-1471",
          "DataSource": {
            "ID": "ghsa",
            "Name": "GitHub Security Advisory Maven",
            "URL": "https://github.com/advisories?query=type%3Areviewed+ecosystem%3Amaven"
          },
          "Title": "SnakeYaml: Constructor Deserialization Remote Code Execution",
          "Description": "SnakeYaml's Constructor() class does not restrict types which can be instantiated during deserialization. Deserializing yaml content provided by an attacker can lead to remote code execution. We recommend using SnakeYaml's SafeConsturctor when parsing untrusted content to restrict deserialization. We recommend upgrading to version 2.0 and beyond.\n",
          "Severity": "HIGH",
          "CweIDs": [
            "CWE-502"
          ],
          "CVSS": {
            "ghsa": {
              "V3Vector": "CVSS:3.1/AV:N/AC:L/PR:L/UI:N/S:U/C:H/I:H/A:L",
              "V3Score": 8.3
            },
            "nvd": {
              "V3Vector": "CVSS:3.1/AV:N/AC:L/PR:N/UI:N/S:U/C:H/I:H/A:H",
              "V3Score": 9.8
            },
            "redhat": {
              "V3Vector": "CVSS:3.1/AV:N/AC:L/PR:N/UI:N/S:U/C:H/I:H/A:H",
              "V3Score": 9.8
            }
          },
          "References": [
            "http://packetstormsecurity.com/files/175095/PyTorch-Model-Server-Registration-Deserialization-Remote-Code-Execution.html",
            "http://www.openwall.com/lists/oss-security/2023/11/19/1",
            "https://access.redhat.com/errata/RHSA-2022:9058",
            "https://access.redhat.com/security/cve/CVE-2022-1471",
            "https://bitbucket.org/snakeyaml/snakeyaml",
            "https://bitbucket.org/snakeyaml/snakeyaml/commits/5014df1a36f50aca54405bb8433bc99a8847f758",
            "https://bitbucket.org/snakeyaml/snakeyaml/commits/acc44099f5f4af26ff86b4e4e4cc1c874e2dc5c4",
            "https://bitbucket.org/snakeyaml/snakeyaml/issues/561/cve-2022-1471-vulnerability-in#comment-64581479",
            "https://bitbucket.org/snakeyaml/snakeyaml/issues/561/cve-2022-1471-vulnerability-in#comment-64634374",
            "https://bitbucket.org/snakeyaml/snakeyaml/issues/561/cve-2022-1471-vulnerability-in#comment-64876314",
            "https://bitbucket.org/snakeyaml/snakeyaml/wiki/CVE-2022-1471",
            "https://bugzilla.redhat.com/2150009",
            "https://bugzilla.redhat.com/show_bug.cgi?id=2150009",
            "https://cve.mitre.org/cgi-bin/cvename.cgi?name=CVE-2022-1471",
            "https://errata.almalinux.org/8/ALSA-2022-9058.html",
            "https://errata.rockylinux.org/RLSA-2022:9058",
            "https://github.com/google/security-research/security/advisories/GHSA-mjmj-j48q-9wg2",
            "https://github.com/mbechler/marshalsec",
            "https://groups.google.com/g/kubernetes-security-announce/c/mwrakFaEdnc",
            "https://linux.oracle.com/cve/CVE-2022-1471.html",
            "https://linux.oracle.com/errata/ELSA-2022-9058-1.html",
            "https://nvd.nist.gov/vuln/detail/CVE-2022-1471",
            "https://security.netapp.com/advisory/ntap-20230818-0015/",
            "https://snyk.io/blog/unsafe-deserialization-snakeyaml-java-cve-2022-1471/",
            "https://www.cve.org/CVERecord?id=CVE-2022-1471",
            "https://www.github.com/mbechler/marshalsec/blob/master/marshalsec.pdf?raw=true"
          ],
          "PublishedDate": "2022-12-01T11:15:00Z",
          "LastModifiedDate": "2023-11-19T15:15:00Z"
        },
        {
          "VulnerabilityID": "CVE-2022-1471",
          "PkgName": "org.yaml:snakeyaml",
          "PkgPath": "opt/bonita/setup/lib/snakeyaml-1.32.jar",
          "InstalledVersion": "1.32",
          "FixedVersion": "2.0",
          "Status": "fixed",
          "Layer": {
            "DiffID": "sha256:5dfdedb329cc4eaec1c79401448262cc8b122788ca037985e73a0e1e619bd3c5"
          },
          "SeveritySource": "ghsa",
          "PrimaryURL": "https://avd.aquasec.com/nvd/cve-2022-1471",
          "DataSource": {
            "ID": "ghsa",
            "Name": "GitHub Security Advisory Maven",
            "URL": "https://github.com/advisories?query=type%3Areviewed+ecosystem%3Amaven"
          },
          "Title": "SnakeYaml: Constructor Deserialization Remote Code Execution",
          "Description": "SnakeYaml's Constructor() class does not restrict types which can be instantiated during deserialization. Deserializing yaml content provided by an attacker can lead to remote code execution. We recommend using SnakeYaml's SafeConsturctor when parsing untrusted content to restrict deserialization. We recommend upgrading to version 2.0 and beyond.\n",
          "Severity": "HIGH",
          "CweIDs": [
            "CWE-502"
          ],
          "CVSS": {
            "ghsa": {
              "V3Vector": "CVSS:3.1/AV:N/AC:L/PR:L/UI:N/S:U/C:H/I:H/A:L",
              "V3Score": 8.3
            },
            "nvd": {
              "V3Vector": "CVSS:3.1/AV:N/AC:L/PR:N/UI:N/S:U/C:H/I:H/A:H",
              "V3Score": 9.8
            },
            "redhat": {
              "V3Vector": "CVSS:3.1/AV:N/AC:L/PR:N/UI:N/S:U/C:H/I:H/A:H",
              "V3Score": 9.8
            }
          },
          "References": [
            "http://packetstormsecurity.com/files/175095/PyTorch-Model-Server-Registration-Deserialization-Remote-Code-Execution.html",
            "http://www.openwall.com/lists/oss-security/2023/11/19/1",
            "https://access.redhat.com/errata/RHSA-2022:9058",
            "https://access.redhat.com/security/cve/CVE-2022-1471",
            "https://bitbucket.org/snakeyaml/snakeyaml",
            "https://bitbucket.org/snakeyaml/snakeyaml/commits/5014df1a36f50aca54405bb8433bc99a8847f758",
            "https://bitbucket.org/snakeyaml/snakeyaml/commits/acc44099f5f4af26ff86b4e4e4cc1c874e2dc5c4",
            "https://bitbucket.org/snakeyaml/snakeyaml/issues/561/cve-2022-1471-vulnerability-in#comment-64581479",
            "https://bitbucket.org/snakeyaml/snakeyaml/issues/561/cve-2022-1471-vulnerability-in#comment-64634374",
            "https://bitbucket.org/snakeyaml/snakeyaml/issues/561/cve-2022-1471-vulnerability-in#comment-64876314",
            "https://bitbucket.org/snakeyaml/snakeyaml/wiki/CVE-2022-1471",
            "https://bugzilla.redhat.com/2150009",
            "https://bugzilla.redhat.com/show_bug.cgi?id=2150009",
            "https://cve.mitre.org/cgi-bin/cvename.cgi?name=CVE-2022-1471",
            "https://errata.almalinux.org/8/ALSA-2022-9058.html",
            "https://errata.rockylinux.org/RLSA-2022:9058",
            "https://github.com/google/security-research/security/advisories/GHSA-mjmj-j48q-9wg2",
            "https://github.com/mbechler/marshalsec",
            "https://groups.google.com/g/kubernetes-security-announce/c/mwrakFaEdnc",
            "https://linux.oracle.com/cve/CVE-2022-1471.html",
            "https://linux.oracle.com/errata/ELSA-2022-9058-1.html",
            "https://nvd.nist.gov/vuln/detail/CVE-2022-1471",
            "https://security.netapp.com/advisory/ntap-20230818-0015/",
            "https://snyk.io/blog/unsafe-deserialization-snakeyaml-java-cve-2022-1471/",
            "https://www.cve.org/CVERecord?id=CVE-2022-1471",
            "https://www.github.com/mbechler/marshalsec/blob/master/marshalsec.pdf?raw=true"
          ],
          "PublishedDate": "2022-12-01T11:15:00Z",
          "LastModifiedDate": "2023-11-19T15:15:00Z"
        }
      ]
    }
  ]
}
