{
  "SchemaVersion": 2,
  "ArtifactName": "cirros",
  "ArtifactType": "container_image",
  "Metadata": {
    "ImageID": "sha256:66fa06a7355bee4b7e4f1295aecc23a60e7c090d5d04ea806af058c9a1834479",
    "DiffIDs": [
      "sha256:53fdc8a97d99f60f53274333746a5de2a1e02755a3caad507b45538a6d6f79cc",
      "sha256:db6ff686b6bd25e8d0ceb10651de652ae835f51da0b5913aaf65edbbd2c1123a",
      "sha256:174c8e755026cef8ed32fa43a6ea839684db316b2d4e3843d51f05f2b61a5dcf"
    ],
    "RepoTags": [
      "cirros:latest"
    ],
    "RepoDigests": [
      "cirros@sha256:a40a2b0a21536db691c8e7e055dbb92c81ad15392048abbde32fc5698e07f831"
    ],
    "ImageConfig": {
      "architecture": "amd64",
      "container": "97186af6d891e73d9f0e32f6f192f9f4bf2d65db2f4d659b74a2103ea4b0e8b2",
      "created": "2023-06-01T18:13:03.174873683Z",
      "docker_version": "20.10.23",
      "history": [
        {
          "created": "2023-06-01T18:13:02Z",
          "created_by": "/bin/sh -c #(nop) ADD file:73e900746bb703798ec047679039090cf0476513bbb4c8239d8d983748358cdc in / "
        },
        {
          "created": "2023-06-01T18:13:02Z",
          "created_by": "/bin/sh -c rm /etc/rc3.d/S40-network"
        },
        {
          "created": "2023-06-01T18:13:03Z",
          "created_by": "/bin/sh -c sed -i '/is_lxc \u0026\u0026 lxc_netdown/d' /etc/init.d/rc.sysinit"
        },
        {
          "created": "2023-06-01T18:13:03Z",
          "created_by": "/bin/sh -c #(nop)  CMD [\"/sbin/init\"]",
          "empty_layer": true
        }
      ],
      "os": "linux",
      "rootfs": {
        "type": "layers",
        "diff_ids": [
          "sha256:53fdc8a97d99f60f53274333746a5de2a1e02755a3caad507b45538a6d6f79cc",
          "sha256:db6ff686b6bd25e8d0ceb10651de652ae835f51da0b5913aaf65edbbd2c1123a",
          "sha256:174c8e755026cef8ed32fa43a6ea839684db316b2d4e3843d51f05f2b61a5dcf"
        ]
      },
      "config": {
        "Cmd": [
          "/sbin/init"
        ],
        "Env": [
          "PATH=/usr/local/sbin:/usr/local/bin:/usr/sbin:/usr/bin:/sbin:/bin"
        ],
        "Image": "sha256:141e41f4b1ff2913e14402ddca5b120d1401c08a1f289f6529d7f289863a24c6"
      }
    }
  }
}
