{
  "SchemaVersion": 2,
  "ArtifactName": "clearlinux",
  "ArtifactType": "container_image",
  "Metadata": {
    "ImageID": "sha256:3e86d8b6bf1e71571142ccb44a8f6485239faa26b90b13da154087448a3be597",
    "DiffIDs": [
      "sha256:03490b2ad699c44782cad3980a7f1a919bdbee4cb17de0f7d42fcf9c036c41e2",
      "sha256:9944207478b67821bfa79cade17670a7d5cf251ffa2bca0096a1ae11b1088602"
    ],
    "RepoTags": [
      "clearlinux:latest"
    ],
    "RepoDigests": [
      "clearlinux@sha256:0cf821b8d99b9da44a6b38970ad7e22bcf84658ad117cbc5c584cd032154cc9f"
    ],
    "ImageConfig": {
      "architecture": "amd64",
      "author": "William Douglas \u003cwilliam.douglas@intel.com\u003e",
      "container": "8476dd091e6a89d317387b8089f2ec300adf5f6d4d02e6bfbd5cf148592a679a",
      "created": "2023-11-21T03:23:48.54739262Z",
      "docker_version": "20.10.23",
      "history": [
        {
          "created": "2021-03-09T00:22:54Z",
          "created_by": "/bin/sh -c #(nop)  MAINTAINER William Douglas \u003cwilliam.douglas@intel.com\u003e",
          "empty_layer": true
        },
        {
          "created": "2023-11-21T03:23:47Z",
          "created_by": "/bin/sh -c #(nop) ADD file:64fd8d54fcd8cade9e06d346184485e12a7c75bdb9e1c4da1b675732a366a4b9 in / "
        },
        {
          "created": "2023-11-21T03:23:48Z",
          "created_by": "/bin/sh -c cd /etc \u0026\u0026     grep root /usr/share/defaults/etc/passwd \u003e /etc/passwd \u0026\u0026     grep root /usr/share/defaults/etc/group \u003e /etc/group \u0026\u0026     echo 'root:!:::::::' \u003e /etc/shadow"
        },
        {
          "created": "2023-11-21T03:23:48Z",
          "created_by": "/bin/sh -c #(nop)  CMD [\"/bin/bash\"]",
          "empty_layer": true
        }
      ],
      "os": "linux",
      "rootfs": {
        "type": "layers",
        "diff_ids": [
          "sha256:03490b2ad699c44782cad3980a7f1a919bdbee4cb17de0f7d42fcf9c036c41e2",
          "sha256:9944207478b67821bfa79cade17670a7d5cf251ffa2bca0096a1ae11b1088602"
        ]
      },
      "config": {
        "Cmd": [
          "/bin/bash"
        ],
        "Env": [
          "PATH=/usr/local/sbin:/usr/local/bin:/usr/sbin:/usr/bin:/sbin:/bin"
        ],
        "Image": "sha256:d2d9cf54f58c0b8def42321afa13d29a100663fd78d0396a7ee2f5b812d4f00b"
      }
    }
  }
}
