{
  "SchemaVersion": 2,
  "ArtifactName": "crux",
  "ArtifactType": "container_image",
  "Metadata": {
    "ImageID": "sha256:4dbff4cf50d728c83bd7c2a0b3f966506c40dc1ed3657289eb8cc11d9d1200e0",
    "DiffIDs": [
      "sha256:6ec8f30c510e2d64ed6ccc27f41abf8d6d3185f2354fff642358f336bfc4b8eb"
    ],
    "RepoTags": [
      "crux:latest"
    ],
    "RepoDigests": [
      "crux@sha256:afcc4566ea59c522f471da72dcf236ae9d483e21fdc21cb5e02180a1e2aa790d"
    ],
    "ImageConfig": {
      "architecture": "amd64",
      "author": "James Mills, prologic at shortcircuit dot net dot au",
      "container": "7ffad50e912a2cc68a5d5586876832689e4d826a82504b1acff6790db3c6ed58",
      "created": "2020-09-16T17:52:17.015324081Z",
      "docker_version": "18.09.7",
      "history": [
        {
          "created": "2018-11-21T16:51:34Z",
          "created_by": "/bin/sh -c #(nop)  MAINTAINER James Mills, prologic at shortcircuit dot net dot au",
          "empty_layer": true
        },
        {
          "created": "2020-09-16T17:52:15Z",
          "created_by": "/bin/sh -c #(nop) ADD file:9708f8879c5615563d0346084dd67e9b11eb01cea1f187dc42f1b3fea345e8e3 in / "
        },
        {
          "created": "2020-09-16T17:52:17Z",
          "created_by": "/bin/sh -c #(nop)  CMD [\"/bin/bash\"]",
          "empty_layer": true
        }
      ],
      "os": "linux",
      "rootfs": {
        "type": "layers",
        "diff_ids": [
          "sha256:6ec8f30c510e2d64ed6ccc27f41abf8d6d3185f2354fff642358f336bfc4b8eb"
        ]
      },
      "config": {
        "Cmd": [
          "/bin/bash"
        ],
        "Env": [
          "PATH=/usr/local/sbin:/usr/local/bin:/usr/sbin:/usr/bin:/sbin:/bin"
        ],
        "Image": "sha256:18884d8371a330bae889fe9ed95263c4b8d60b76cd025361c008cf775c3a594a",
        "ArgsEscaped": true
      }
    }
  }
}
