{
  "SchemaVersion": 2,
  "ArtifactName": "eclipse-mosquitto",
  "ArtifactType": "container_image",
  "Metadata": {
    "OS": {
      "Family": "alpine",
      "Name": "3.18.4"
    },
    "ImageID": "sha256:67f41ae4ad4b65e532b89ba5c2a2633b8e7cac273d2812599bb16830928bf807",
    "DiffIDs": [
      "sha256:cc2447e1835a40530975ab80bb1f872fbab0f2a0faecf2ab16fbbb89b3589438",
      "sha256:14233cdf36337746978bf4c8b4e9333c775b608fd4dd32e684c493a3cfe40997",
      "sha256:b12a799fc5efcf6143bb6b88b87edc106c94877b447c0359302ca17021dc323d"
    ],
    "RepoTags": [
      "eclipse-mosquitto:latest"
    ],
    "RepoDigests": [
      "eclipse-mosquitto@sha256:09bf8853ef2c5cf5356f0924aec318dce2b304cd63ece091c2cf9973aba7258e"
    ],
    "ImageConfig": {
      "architecture": "amd64",
      "container": "41b651ca06e8ef288f8a760e61229eef49c4d27ad4ad212b70c5d6c31e0dd5ac",
      "created": "2023-10-21T00:15:01.130103661Z",
      "docker_version": "20.10.23",
      "history": [
        {
          "created": "2023-09-28T21:19:27Z",
          "created_by": "/bin/sh -c #(nop) ADD file:756183bba9c7f4593c2b216e98e4208b9163c4c962ea0837ef88bd917609d001 in / "
        },
        {
          "created": "2023-09-28T21:19:27Z",
          "created_by": "/bin/sh -c #(nop)  CMD [\"/bin/sh\"]",
          "empty_layer": true
        },
        {
          "created": "2023-10-21T00:14:33Z",
          "created_by": "/bin/sh -c #(nop)  LABEL maintainer=Roger Light \u003croger@atchoo.org\u003e description=Eclipse Mosquitto MQTT Broker",
          "empty_layer": true
        },
        {
          "created": "2023-10-21T00:14:33Z",
          "created_by": "/bin/sh -c #(nop)  ENV VERSION=2.0.18 DOWNLOAD_SHA256=d665fe7d0032881b1371a47f34169ee4edab67903b2cd2b4c083822823f4448a GPG_KEYS=A0D6EEA1DCAE49A635A3B2F0779B22DFB3E717B7 LWS_VERSION=4.2.1 LWS_SHA256=842da21f73ccba2be59e680de10a8cce7928313048750eb6ad73b6fa50763c51",
          "empty_layer": true
        },
        {
          "created": "2023-10-21T00:15:00Z",
          "created_by": "/bin/sh -c set -x \u0026\u0026     apk --no-cache add --virtual build-deps         build-base         cmake         cjson-dev         gnupg         libressl-dev         linux-headers         util-linux-dev \u0026\u0026     wget https://github.com/warmcat/libwebsockets/archive/v${LWS_VERSION}.tar.gz -O /tmp/lws.tar.gz \u0026\u0026     echo \"$LWS_SHA256  /tmp/lws.tar.gz\" | sha256sum -c - \u0026\u0026     mkdir -p /build/lws \u0026\u0026     tar --strip=1 -xf /tmp/lws.tar.gz -C /build/lws \u0026\u0026     rm /tmp/lws.tar.gz \u0026\u0026     cd /build/lws \u0026\u0026     cmake .         -DCMAKE_BUILD_TYPE=MinSizeRel         -DCMAKE_INSTALL_PREFIX=/usr         -DDISABLE_WERROR=ON         -DLWS_IPV6=ON         -DLWS_WITHOUT_BUILTIN_GETIFADDRS=ON         -DLWS_WITHOUT_CLIENT=ON         -DLWS_WITHOUT_EXTENSIONS=ON         -DLWS_WITHOUT_TESTAPPS=ON         -DLWS_WITH_EXTERNAL_POLL=ON         -DLWS_WITH_HTTP2=OFF         -DLWS_WITH_SHARED=OFF         -DLWS_WITH_ZIP_FOPS=OFF         -DLWS_WITH_ZLIB=OFF \u0026\u0026     make -j \"$(nproc)\" \u0026\u0026     rm -rf /root/.cmake \u0026\u0026     wget https://mosquitto.org/files/source/mosquitto-${VERSION}.tar.gz -O /tmp/mosq.tar.gz \u0026\u0026     echo \"$DOWNLOAD_SHA256  /tmp/mosq.tar.gz\" | sha256sum -c - \u0026\u0026     wget https://mosquitto.org/files/source/mosquitto-${VERSION}.tar.gz.asc -O /tmp/mosq.tar.gz.asc \u0026\u0026     export GNUPGHOME=\"$(mktemp -d)\" \u0026\u0026     found='';     for server in         hkps://keys.openpgp.org         hkp://keyserver.ubuntu.com:80         pgp.mit.edu     ; do         echo \"Fetching GPG key $GPG_KEYS from $server\";         gpg --keyserver \"$server\" --keyserver-options timeout=10 --recv-keys \"$GPG_KEYS\" \u0026\u0026 found=yes \u0026\u0026 break;     done;     test -z \"$found\" \u0026\u0026 echo \u003e\u00262 \"error: failed to fetch GPG key $GPG_KEYS\" \u0026\u0026 exit 1;     gpg --batch --verify /tmp/mosq.tar.gz.asc /tmp/mosq.tar.gz \u0026\u0026     gpgconf --kill all \u0026\u0026     rm -rf \"$GNUPGHOME\" /tmp/mosq.tar.gz.asc \u0026\u0026     mkdir -p /build/mosq \u0026\u0026     tar --strip=1 -xf /tmp/mosq.tar.gz -C /build/mosq \u0026\u0026     rm /tmp/mosq.tar.gz \u0026\u0026     make -C /build/mosq -j \"$(nproc)\"         CFLAGS=\"-Wall -O2 -I/build/lws/include -I/build\"         LDFLAGS=\"-L/build/lws/lib\"         WITH_ADNS=no         WITH_DOCS=no         WITH_SHARED_LIBRARIES=yes         WITH_SRV=no         WITH_STRIP=yes         WITH_TLS_PSK=no         WITH_WEBSOCKETS=yes         prefix=/usr         binary \u0026\u0026     addgroup -S -g 1883 mosquitto 2\u003e/dev/null \u0026\u0026     adduser -S -u 1883 -D -H -h /var/empty -s /sbin/nologin -G mosquitto -g mosquitto mosquitto 2\u003e/dev/null \u0026\u0026     mkdir -p /mosquitto/config /mosquitto/data /mosquitto/log \u0026\u0026     install -d /usr/sbin/ \u0026\u0026     install -s -m755 /build/mosq/client/mosquitto_pub /usr/bin/mosquitto_pub \u0026\u0026     install -s -m755 /build/mosq/client/mosquitto_rr /usr/bin/mosquitto_rr \u0026\u0026     install -s -m755 /build/mosq/client/mosquitto_sub /usr/bin/mosquitto_sub \u0026\u0026     install -s -m644 /build/mosq/lib/libmosquitto.so.1 /usr/lib/libmosquitto.so.1 \u0026\u0026     install -s -m755 /build/mosq/src/mosquitto /usr/sbin/mosquitto \u0026\u0026     install -s -m755 /build/mosq/apps/mosquitto_ctrl/mosquitto_ctrl /usr/bin/mosquitto_ctrl \u0026\u0026     install -s -m755 /build/mosq/apps/mosquitto_passwd/mosquitto_passwd /usr/bin/mosquitto_passwd \u0026\u0026     install -s -m755 /build/mosq/plugins/dynamic-security/mosquitto_dynamic_security.so /usr/lib/mosquitto_dynamic_security.so \u0026\u0026     install -m644 /build/mosq/mosquitto.conf /mosquitto/config/mosquitto.conf \u0026\u0026     install -Dm644 /build/lws/LICENSE /usr/share/licenses/libwebsockets/LICENSE \u0026\u0026     install -Dm644 /build/mosq/epl-v20 /usr/share/licenses/mosquitto/epl-v20 \u0026\u0026     install -Dm644 /build/mosq/edl-v10 /usr/share/licenses/mosquitto/edl-v10 \u0026\u0026     chown -R mosquitto:mosquitto /mosquitto \u0026\u0026     apk --no-cache add         ca-certificates         cjson         libressl \u0026\u0026     apk del build-deps \u0026\u0026     rm -rf /build"
        },
        {
          "created": "2023-10-21T00:15:00Z",
          "created_by": "/bin/sh -c #(nop)  VOLUME [/mosquitto/data /mosquitto/log]",
          "empty_layer": true
        },
        {
          "created": "2023-10-21T00:15:00Z",
          "created_by": "/bin/sh -c #(nop) COPY multi:f828fb0704e6f46a450b717895e8dada966524fb8a3bd947f3ac0bd7ae28f571 in / "
        },
        {
          "created": "2023-10-21T00:15:00Z",
          "created_by": "/bin/sh -c #(nop)  EXPOSE 1883",
          "empty_layer": true
        },
        {
          "created": "2023-10-21T00:15:01Z",
          "created_by": "/bin/sh -c #(nop)  ENTRYPOINT [\"/docker-entrypoint.sh\"]",
          "empty_layer": true
        },
        {
          "created": "2023-10-21T00:15:01Z",
          "created_by": "/bin/sh -c #(nop)  CMD [\"/usr/sbin/mosquitto\" \"-c\" \"/mosquitto/config/mosquitto.conf\"]",
          "empty_layer": true
        }
      ],
      "os": "linux",
      "rootfs": {
        "type": "layers",
        "diff_ids": [
          "sha256:cc2447e1835a40530975ab80bb1f872fbab0f2a0faecf2ab16fbbb89b3589438",
          "sha256:14233cdf36337746978bf4c8b4e9333c775b608fd4dd32e684c493a3cfe40997",
          "sha256:b12a799fc5efcf6143bb6b88b87edc106c94877b447c0359302ca17021dc323d"
        ]
      },
      "config": {
        "Cmd": [
          "/usr/sbin/mosquitto",
          "-c",
          "/mosquitto/config/mosquitto.conf"
        ],
        "Entrypoint": [
          "/docker-entrypoint.sh"
        ],
        "Env": [
          "PATH=/usr/local/sbin:/usr/local/bin:/usr/sbin:/usr/bin:/sbin:/bin",
          "VERSION=2.0.18",
          "DOWNLOAD_SHA256=d665fe7d0032881b1371a47f34169ee4edab67903b2cd2b4c083822823f4448a",
          "GPG_KEYS=A0D6EEA1DCAE49A635A3B2F0779B22DFB3E717B7",
          "LWS_VERSION=4.2.1",
          "LWS_SHA256=842da21f73ccba2be59e680de10a8cce7928313048750eb6ad73b6fa50763c51"
        ],
        "Image": "sha256:f60e0b58c399e508e285ec0d70e8b63c6450bf036749a85d3bf830a1af890359",
        "Labels": {
          "description": "Eclipse Mosquitto MQTT Broker",
          "maintainer": "Roger Light \u003croger@atchoo.org\u003e"
        },
        "Volumes": {
          "/mosquitto/data": {},
          "/mosquitto/log": {}
        }
      }
    }
  },
  "Results": [
    {
      "Target": "eclipse-mosquitto (alpine 3.18.4)",
      "Class": "os-pkgs",
      "Type": "alpine",
      "Vulnerabilities": [
        {
          "VulnerabilityID": "CVE-2023-5363",
          "PkgID": "libcrypto3@3.1.3-r0",
          "PkgName": "libcrypto3",
          "InstalledVersion": "3.1.3-r0",
          "FixedVersion": "3.1.4-r0",
          "Status": "fixed",
          "Layer": {
            "DiffID": "sha256:cc2447e1835a40530975ab80bb1f872fbab0f2a0faecf2ab16fbbb89b3589438"
          },
          "SeveritySource": "nvd",
          "PrimaryURL": "https://avd.aquasec.com/nvd/cve-2023-5363",
          "DataSource": {
            "ID": "alpine",
            "Name": "Alpine Secdb",
            "URL": "https://secdb.alpinelinux.org/"
          },
          "Title": "openssl: Incorrect cipher key and IV length processing",
          "Description": "Issue summary: A bug has been identified in the processing of key and\ninitialisation vector (IV) lengths.  This can lead to potential truncation\nor overruns during the initialisation of some symmetric ciphers.\n\nImpact summary: A truncation in the IV can result in non-uniqueness,\nwhich could result in loss of confidentiality for some cipher modes.\n\nWhen calling EVP_EncryptInit_ex2(), EVP_DecryptInit_ex2() or\nEVP_CipherInit_ex2() the provided OSSL_PARAM array is processed after\nthe key and IV have been established.  Any alterations to the key length,\nvia the \"keylen\" parameter or the IV length, via the \"ivlen\" parameter,\nwithin the OSSL_PARAM array will not take effect as intended, potentially\ncausing truncation or overreading of these values.  The following ciphers\nand cipher modes are impacted: RC2, RC4, RC5, CCM, GCM and OCB.\n\nFor the CCM, GCM and OCB cipher modes, truncation of the IV can result in\nloss of confidentiality.  For example, when following NIST's SP 800-38D\nsection 8.2.1 guidance for constructing a deterministic IV for AES in\nGCM mode, truncation of the counter portion could lead to IV reuse.\n\nBoth truncations and overruns of the key and overruns of the IV will\nproduce incorrect results and could, in some cases, trigger a memory\nexception.  However, these issues are not currently assessed as security\ncritical.\n\nChanging the key and/or IV lengths is not considered to be a common operation\nand the vulnerable API was recently introduced. Furthermore it is likely that\napplication developers will have spotted this problem during testing since\ndecryption would fail unless both peers in the communication were similarly\nvulnerable. For these reasons we expect the probability of an application being\nvulnerable to this to be quite low. However if an application is vulnerable then\nthis issue is considered very serious. For these reasons we have assessed this\nissue as Moderate severity overall.\n\nThe OpenSSL SSL/TLS implementation is not affected by this issue.\n\nThe OpenSSL 3.0 and 3.1 FIPS providers are not affected by this because\nthe issue lies outside of the FIPS provider boundary.\n\nOpenSSL 3.1 and 3.0 are vulnerable to this issue.",
          "Severity": "HIGH",
          "CVSS": {
            "nvd": {
              "V3Vector": "CVSS:3.1/AV:N/AC:L/PR:N/UI:N/S:U/C:H/I:N/A:N",
              "V3Score": 7.5
            },
            "redhat": {
              "V3Vector": "CVSS:3.1/AV:N/AC:L/PR:N/UI:N/S:U/C:H/I:N/A:N",
              "V3Score": 7.5
            }
          },
          "References": [
            "http://www.openwall.com/lists/oss-security/2023/10/24/1",
            "https://access.redhat.com/security/cve/CVE-2023-5363",
            "https://cve.mitre.org/cgi-bin/cvename.cgi?name=CVE-2023-5363",
            "https://git.openssl.org/gitweb/?p=openssl.git;a=commitdiff;h=0df40630850fb2740e6be6890bb905d3fc623b2d",
            "https://git.openssl.org/gitweb/?p=openssl.git;a=commitdiff;h=5f69f5c65e483928c4b28ed16af6e5742929f1ee",
            "https://nvd.nist.gov/vuln/detail/CVE-2023-5363",
            "https://security.netapp.com/advisory/ntap-20231027-0010/",
            "https://ubuntu.com/security/notices/USN-6450-1",
            "https://www.cve.org/CVERecord?id=CVE-2023-5363",
            "https://www.debian.org/security/2023/dsa-5532",
            "https://www.openssl.org/news/secadv/20231024.txt"
          ],
          "PublishedDate": "2023-10-25T18:17:00Z",
          "LastModifiedDate": "2023-11-09T13:55:00Z"
        },
        {
          "VulnerabilityID": "CVE-2023-5678",
          "PkgID": "libcrypto3@3.1.3-r0",
          "PkgName": "libcrypto3",
          "InstalledVersion": "3.1.3-r0",
          "FixedVersion": "3.1.4-r1",
          "Status": "fixed",
          "Layer": {
            "DiffID": "sha256:cc2447e1835a40530975ab80bb1f872fbab0f2a0faecf2ab16fbbb89b3589438"
          },
          "SeveritySource": "nvd",
          "PrimaryURL": "https://avd.aquasec.com/nvd/cve-2023-5678",
          "DataSource": {
            "ID": "alpine",
            "Name": "Alpine Secdb",
            "URL": "https://secdb.alpinelinux.org/"
          },
          "Title": "openssl: Generating excessively long X9.42 DH keys or checking excessively long X9.42 DH keys or parameters may be very slow",
          "Description": "Issue summary: Generating excessively long X9.42 DH keys or checking\nexcessively long X9.42 DH keys or parameters may be very slow.\n\nImpact summary: Applications that use the functions DH_generate_key() to\ngenerate an X9.42 DH key may experience long delays.  Likewise, applications\nthat use DH_check_pub_key(), DH_check_pub_key_ex() or EVP_PKEY_public_check()\nto check an X9.42 DH key or X9.42 DH parameters may experience long delays.\nWhere the key or parameters that are being checked have been obtained from\nan untrusted source this may lead to a Denial of Service.\n\nWhile DH_check() performs all the necessary checks (as of CVE-2023-3817),\nDH_check_pub_key() doesn't make any of these checks, and is therefore\nvulnerable for excessively large P and Q parameters.\n\nLikewise, while DH_generate_key() performs a check for an excessively large\nP, it doesn't check for an excessively large Q.\n\nAn application that calls DH_generate_key() or DH_check_pub_key() and\nsupplies a key or parameters obtained from an untrusted source could be\nvulnerable to a Denial of Service attack.\n\nDH_generate_key() and DH_check_pub_key() are also called by a number of\nother OpenSSL functions.  An application calling any of those other\nfunctions may similarly be affected.  The other functions affected by this\nare DH_check_pub_key_ex(), EVP_PKEY_public_check(), and EVP_PKEY_generate().\n\nAlso vulnerable are the OpenSSL pkey command line application when using the\n\"-pubcheck\" option, as well as the OpenSSL genpkey command line application.\n\nThe OpenSSL SSL/TLS implementation is not affected by this issue.\n\nThe OpenSSL 3.0 and 3.1 FIPS providers are not affected by this issue.\n\n",
          "Severity": "HIGH",
          "CweIDs": [
            "CWE-754"
          ],
          "CVSS": {
            "nvd": {
              "V3Vector": "CVSS:3.1/AV:N/AC:L/PR:N/UI:N/S:U/C:N/I:N/A:H",
              "V3Score": 7.5
            },
            "redhat": {
              "V3Vector": "CVSS:3.1/AV:N/AC:L/PR:N/UI:N/S:U/C:N/I:N/A:L",
              "V3Score": 5.3
            }
          },
          "References": [
            "https://access.redhat.com/security/cve/CVE-2023-5678",
            "https://cve.mitre.org/cgi-bin/cvename.cgi?name=CVE-2023-5678",
            "https://git.openssl.org/gitweb/?p=openssl.git;a=commitdiff;h=34efaef6c103d636ab507a0cc34dca4d3aecc055",
            "https://git.openssl.org/gitweb/?p=openssl.git;a=commitdiff;h=710fee740904b6290fef0dd5536fbcedbc38ff0c",
            "https://git.openssl.org/gitweb/?p=openssl.git;a=commitdiff;h=db925ae2e65d0d925adef429afc37f75bd1c2017",
            "https://git.openssl.org/gitweb/?p=openssl.git;a=commitdiff;h=ddeb4b6c6d527e54ce9a99cba785c0f7776e54b6",
            "https://nvd.nist.gov/vuln/detail/CVE-2023-5678",
            "https://www.cve.org/CVERecord?id=CVE-2023-5678",
            "https://www.openssl.org/news/secadv/20231106.txt"
          ],
          "PublishedDate": "2023-11-06T16:15:00Z",
          "LastModifiedDate": "2023-11-14T17:46:00Z"
        },
        {
          "VulnerabilityID": "CVE-2023-5363",
          "PkgID": "libssl3@3.1.3-r0",
          "PkgName": "libssl3",
          "InstalledVersion": "3.1.3-r0",
          "FixedVersion": "3.1.4-r0",
          "Status": "fixed",
          "Layer": {
            "DiffID": "sha256:cc2447e1835a40530975ab80bb1f872fbab0f2a0faecf2ab16fbbb89b3589438"
          },
          "SeveritySource": "nvd",
          "PrimaryURL": "https://avd.aquasec.com/nvd/cve-2023-5363",
          "DataSource": {
            "ID": "alpine",
            "Name": "Alpine Secdb",
            "URL": "https://secdb.alpinelinux.org/"
          },
          "Title": "openssl: Incorrect cipher key and IV length processing",
          "Description": "Issue summary: A bug has been identified in the processing of key and\ninitialisation vector (IV) lengths.  This can lead to potential truncation\nor overruns during the initialisation of some symmetric ciphers.\n\nImpact summary: A truncation in the IV can result in non-uniqueness,\nwhich could result in loss of confidentiality for some cipher modes.\n\nWhen calling EVP_EncryptInit_ex2(), EVP_DecryptInit_ex2() or\nEVP_CipherInit_ex2() the provided OSSL_PARAM array is processed after\nthe key and IV have been established.  Any alterations to the key length,\nvia the \"keylen\" parameter or the IV length, via the \"ivlen\" parameter,\nwithin the OSSL_PARAM array will not take effect as intended, potentially\ncausing truncation or overreading of these values.  The following ciphers\nand cipher modes are impacted: RC2, RC4, RC5, CCM, GCM and OCB.\n\nFor the CCM, GCM and OCB cipher modes, truncation of the IV can result in\nloss of confidentiality.  For example, when following NIST's SP 800-38D\nsection 8.2.1 guidance for constructing a deterministic IV for AES in\nGCM mode, truncation of the counter portion could lead to IV reuse.\n\nBoth truncations and overruns of the key and overruns of the IV will\nproduce incorrect results and could, in some cases, trigger a memory\nexception.  However, these issues are not currently assessed as security\ncritical.\n\nChanging the key and/or IV lengths is not considered to be a common operation\nand the vulnerable API was recently introduced. Furthermore it is likely that\napplication developers will have spotted this problem during testing since\ndecryption would fail unless both peers in the communication were similarly\nvulnerable. For these reasons we expect the probability of an application being\nvulnerable to this to be quite low. However if an application is vulnerable then\nthis issue is considered very serious. For these reasons we have assessed this\nissue as Moderate severity overall.\n\nThe OpenSSL SSL/TLS implementation is not affected by this issue.\n\nThe OpenSSL 3.0 and 3.1 FIPS providers are not affected by this because\nthe issue lies outside of the FIPS provider boundary.\n\nOpenSSL 3.1 and 3.0 are vulnerable to this issue.",
          "Severity": "HIGH",
          "CVSS": {
            "nvd": {
              "V3Vector": "CVSS:3.1/AV:N/AC:L/PR:N/UI:N/S:U/C:H/I:N/A:N",
              "V3Score": 7.5
            },
            "redhat": {
              "V3Vector": "CVSS:3.1/AV:N/AC:L/PR:N/UI:N/S:U/C:H/I:N/A:N",
              "V3Score": 7.5
            }
          },
          "References": [
            "http://www.openwall.com/lists/oss-security/2023/10/24/1",
            "https://access.redhat.com/security/cve/CVE-2023-5363",
            "https://cve.mitre.org/cgi-bin/cvename.cgi?name=CVE-2023-5363",
            "https://git.openssl.org/gitweb/?p=openssl.git;a=commitdiff;h=0df40630850fb2740e6be6890bb905d3fc623b2d",
            "https://git.openssl.org/gitweb/?p=openssl.git;a=commitdiff;h=5f69f5c65e483928c4b28ed16af6e5742929f1ee",
            "https://nvd.nist.gov/vuln/detail/CVE-2023-5363",
            "https://security.netapp.com/advisory/ntap-20231027-0010/",
            "https://ubuntu.com/security/notices/USN-6450-1",
            "https://www.cve.org/CVERecord?id=CVE-2023-5363",
            "https://www.debian.org/security/2023/dsa-5532",
            "https://www.openssl.org/news/secadv/20231024.txt"
          ],
          "PublishedDate": "2023-10-25T18:17:00Z",
          "LastModifiedDate": "2023-11-09T13:55:00Z"
        },
        {
          "VulnerabilityID": "CVE-2023-5678",
          "PkgID": "libssl3@3.1.3-r0",
          "PkgName": "libssl3",
          "InstalledVersion": "3.1.3-r0",
          "FixedVersion": "3.1.4-r1",
          "Status": "fixed",
          "Layer": {
            "DiffID": "sha256:cc2447e1835a40530975ab80bb1f872fbab0f2a0faecf2ab16fbbb89b3589438"
          },
          "SeveritySource": "nvd",
          "PrimaryURL": "https://avd.aquasec.com/nvd/cve-2023-5678",
          "DataSource": {
            "ID": "alpine",
            "Name": "Alpine Secdb",
            "URL": "https://secdb.alpinelinux.org/"
          },
          "Title": "openssl: Generating excessively long X9.42 DH keys or checking excessively long X9.42 DH keys or parameters may be very slow",
          "Description": "Issue summary: Generating excessively long X9.42 DH keys or checking\nexcessively long X9.42 DH keys or parameters may be very slow.\n\nImpact summary: Applications that use the functions DH_generate_key() to\ngenerate an X9.42 DH key may experience long delays.  Likewise, applications\nthat use DH_check_pub_key(), DH_check_pub_key_ex() or EVP_PKEY_public_check()\nto check an X9.42 DH key or X9.42 DH parameters may experience long delays.\nWhere the key or parameters that are being checked have been obtained from\nan untrusted source this may lead to a Denial of Service.\n\nWhile DH_check() performs all the necessary checks (as of CVE-2023-3817),\nDH_check_pub_key() doesn't make any of these checks, and is therefore\nvulnerable for excessively large P and Q parameters.\n\nLikewise, while DH_generate_key() performs a check for an excessively large\nP, it doesn't check for an excessively large Q.\n\nAn application that calls DH_generate_key() or DH_check_pub_key() and\nsupplies a key or parameters obtained from an untrusted source could be\nvulnerable to a Denial of Service attack.\n\nDH_generate_key() and DH_check_pub_key() are also called by a number of\nother OpenSSL functions.  An application calling any of those other\nfunctions may similarly be affected.  The other functions affected by this\nare DH_check_pub_key_ex(), EVP_PKEY_public_check(), and EVP_PKEY_generate().\n\nAlso vulnerable are the OpenSSL pkey command line application when using the\n\"-pubcheck\" option, as well as the OpenSSL genpkey command line application.\n\nThe OpenSSL SSL/TLS implementation is not affected by this issue.\n\nThe OpenSSL 3.0 and 3.1 FIPS providers are not affected by this issue.\n\n",
          "Severity": "HIGH",
          "CweIDs": [
            "CWE-754"
          ],
          "CVSS": {
            "nvd": {
              "V3Vector": "CVSS:3.1/AV:N/AC:L/PR:N/UI:N/S:U/C:N/I:N/A:H",
              "V3Score": 7.5
            },
            "redhat": {
              "V3Vector": "CVSS:3.1/AV:N/AC:L/PR:N/UI:N/S:U/C:N/I:N/A:L",
              "V3Score": 5.3
            }
          },
          "References": [
            "https://access.redhat.com/security/cve/CVE-2023-5678",
            "https://cve.mitre.org/cgi-bin/cvename.cgi?name=CVE-2023-5678",
            "https://git.openssl.org/gitweb/?p=openssl.git;a=commitdiff;h=34efaef6c103d636ab507a0cc34dca4d3aecc055",
            "https://git.openssl.org/gitweb/?p=openssl.git;a=commitdiff;h=710fee740904b6290fef0dd5536fbcedbc38ff0c",
            "https://git.openssl.org/gitweb/?p=openssl.git;a=commitdiff;h=db925ae2e65d0d925adef429afc37f75bd1c2017",
            "https://git.openssl.org/gitweb/?p=openssl.git;a=commitdiff;h=ddeb4b6c6d527e54ce9a99cba785c0f7776e54b6",
            "https://nvd.nist.gov/vuln/detail/CVE-2023-5678",
            "https://www.cve.org/CVERecord?id=CVE-2023-5678",
            "https://www.openssl.org/news/secadv/20231106.txt"
          ],
          "PublishedDate": "2023-11-06T16:15:00Z",
          "LastModifiedDate": "2023-11-14T17:46:00Z"
        }
      ]
    }
  ]
}
