{
  "SchemaVersion": 2,
  "ArtifactName": "eggdrop",
  "ArtifactType": "container_image",
  "Metadata": {
    "OS": {
      "Family": "alpine",
      "Name": "3.16.7"
    },
    "ImageID": "sha256:66818451e0fcafd57cb96d68ac54b4bee7bb435564b0b8cafc43e9af4ef39691",
    "DiffIDs": [
      "sha256:0e182002b05f2ab123995821ef14f1cda765a0c31f7a6d260221558f6466535e",
      "sha256:87379cbc98ce79acb43e890ea3ce1a3febcb898680a57f9ebef59c26b090a949",
      "sha256:db9a5ebabecf6a32eaf541fbee734da78f1b0dd6773079db74619604f67118c9",
      "sha256:64f16c56d19c81cdc40ee5578de8594d297152e3d90a5c873db7764b99e69cd4",
      "sha256:36adeb855d8570a32a1a820d03cd4f3274be95c9b518f5ce800dc53a9053f580",
      "sha256:c5c5327617f85a48527cb48487fb1cc0055c703253c025c42d929fc32efec54f",
      "sha256:121a1d4baf2225d4897acbb7bd204613b8ff88e41df4ee05653f5ce096d39c13"
    ],
    "RepoTags": [
      "eggdrop:latest"
    ],
    "RepoDigests": [
      "eggdrop@sha256:acde2b84d772dd00f1c03ed9b320803699bca9864cf0b1bfdd786b1274b91576"
    ],
    "ImageConfig": {
      "architecture": "amd64",
      "author": "Geo Van O \u003cgeo@eggheads.org\u003e",
      "container": "f36632790d199d24d583b239cd7205d8c3b6b117cf5cdafb73741a78070e73ea",
      "created": "2023-10-21T00:25:01.125761308Z",
      "docker_version": "20.10.23",
      "history": [
        {
          "created": "2023-08-07T19:20:31Z",
          "created_by": "/bin/sh -c #(nop) ADD file:76d829bbce3dd420a8419919b0916c0fda917011d1e6752ca5b9e53d5ca890a6 in / "
        },
        {
          "created": "2023-08-07T19:20:31Z",
          "created_by": "/bin/sh -c #(nop)  CMD [\"/bin/sh\"]",
          "empty_layer": true
        },
        {
          "created": "2023-10-21T00:21:03Z",
          "created_by": "/bin/sh -c #(nop)  MAINTAINER Geo Van O \u003cgeo@eggheads.org\u003e",
          "empty_layer": true
        },
        {
          "created": "2023-10-21T00:21:04Z",
          "created_by": "/bin/sh -c adduser -S eggdrop"
        },
        {
          "created": "2023-10-21T00:21:04Z",
          "created_by": "/bin/sh -c apk add --no-cache 'su-exec\u003e=0.2'"
        },
        {
          "created": "2023-10-21T00:21:06Z",
          "created_by": "/bin/sh -c apk add --no-cache tcl bash openssl"
        },
        {
          "created": "2023-10-21T00:24:59Z",
          "created_by": "/bin/sh -c apk add --no-cache --virtual egg-deps wget ca-certificates make tar gnupg build-base openssl-dev   \u0026\u0026 wget \"https://prdownloads.sourceforge.net/tcl/tcl8.6.12-src.tar.gz\" -O tcl8.6.12-src.tar.gz   \u0026\u0026 tar -zxf tcl8.6.12-src.tar.gz   \u0026\u0026 ( cd tcl8.6.12     \u0026\u0026 sed -i \"/define TCL_UTF_MAX/c\\#define TCL_UTF_MAX 6\" generic/tcl.h     \u0026\u0026 cd unix     \u0026\u0026 ./configure     \u0026\u0026 make     \u0026\u0026 make install )   \u0026\u0026 rm tcl8.6.12-src.tar.gz   \u0026\u0026 rm -rf tcl8.6.12   \u0026\u0026 wget ftp://ftp.eggheads.org/pub/eggdrop/source/1.9/eggdrop-1.9.5.tar.gz   \u0026\u0026 wget ftp://ftp.eggheads.org/pub/eggdrop/source/1.9/eggdrop-1.9.5.tar.gz.asc   \u0026\u0026 gpg --keyserver keyserver.ubuntu.com --recv-key E01C240484DE7DBE190FE141E7667DE1D1A39AFF   \u0026\u0026 gpg --batch --verify eggdrop-1.9.5.tar.gz.asc eggdrop-1.9.5.tar.gz   \u0026\u0026 command -v gpgconf \u003e /dev/null   \u0026\u0026 gpgconf --kill all   \u0026\u0026 rm eggdrop-1.9.5.tar.gz.asc   \u0026\u0026 tar -zxvf eggdrop-1.9.5.tar.gz   \u0026\u0026 rm eggdrop-1.9.5.tar.gz   \u0026\u0026 ( cd eggdrop-1.9.5     \u0026\u0026 ./configure     \u0026\u0026 make config     \u0026\u0026 make     \u0026\u0026 make install DEST=/home/eggdrop/eggdrop )   \u0026\u0026 rm -rf eggdrop-1.9.5   \u0026\u0026 mkdir /home/eggdrop/eggdrop/data   \u0026\u0026 chown -R eggdrop /home/eggdrop/eggdrop   \u0026\u0026 apk del egg-deps"
        },
        {
          "created": "2023-10-21T00:25:00Z",
          "created_by": "/bin/sh -c #(nop)  ENV NICK=",
          "empty_layer": true
        },
        {
          "created": "2023-10-21T00:25:00Z",
          "created_by": "/bin/sh -c #(nop)  ENV SERVER=",
          "empty_layer": true
        },
        {
          "created": "2023-10-21T00:25:00Z",
          "created_by": "/bin/sh -c #(nop)  ENV LISTEN=3333",
          "empty_layer": true
        },
        {
          "created": "2023-10-21T00:25:00Z",
          "created_by": "/bin/sh -c #(nop)  ENV OWNER=",
          "empty_layer": true
        },
        {
          "created": "2023-10-21T00:25:00Z",
          "created_by": "/bin/sh -c #(nop)  ENV USERFILE=eggdrop.user",
          "empty_layer": true
        },
        {
          "created": "2023-10-21T00:25:00Z",
          "created_by": "/bin/sh -c #(nop)  ENV CHANFILE=eggdrop.chan",
          "empty_layer": true
        },
        {
          "created": "2023-10-21T00:25:00Z",
          "created_by": "/bin/sh -c #(nop) WORKDIR /home/eggdrop/eggdrop",
          "empty_layer": true
        },
        {
          "created": "2023-10-21T00:25:00Z",
          "created_by": "/bin/sh -c #(nop)  EXPOSE 3333",
          "empty_layer": true
        },
        {
          "created": "2023-10-21T00:25:00Z",
          "created_by": "/bin/sh -c #(nop) COPY file:ddb4d88d0de0ae2531972fbd491e6c611f0bb89ff8457bc01e4e61ae7f66cd46 in /home/eggdrop/eggdrop "
        },
        {
          "created": "2023-10-21T00:25:00Z",
          "created_by": "/bin/sh -c #(nop) COPY file:b76e92fb28997fa3fd71a3b880ff3b73567ca05021b617d51ebdcefd8c31b457 in /home/eggdrop/eggdrop/scripts/ "
        },
        {
          "created": "2023-10-21T00:25:01Z",
          "created_by": "/bin/sh -c #(nop)  ENTRYPOINT [\"/home/eggdrop/eggdrop/entrypoint.sh\"]",
          "empty_layer": true
        },
        {
          "created": "2023-10-21T00:25:01Z",
          "created_by": "/bin/sh -c #(nop)  CMD [\"eggdrop.conf\"]",
          "empty_layer": true
        }
      ],
      "os": "linux",
      "rootfs": {
        "type": "layers",
        "diff_ids": [
          "sha256:0e182002b05f2ab123995821ef14f1cda765a0c31f7a6d260221558f6466535e",
          "sha256:87379cbc98ce79acb43e890ea3ce1a3febcb898680a57f9ebef59c26b090a949",
          "sha256:db9a5ebabecf6a32eaf541fbee734da78f1b0dd6773079db74619604f67118c9",
          "sha256:64f16c56d19c81cdc40ee5578de8594d297152e3d90a5c873db7764b99e69cd4",
          "sha256:36adeb855d8570a32a1a820d03cd4f3274be95c9b518f5ce800dc53a9053f580",
          "sha256:c5c5327617f85a48527cb48487fb1cc0055c703253c025c42d929fc32efec54f",
          "sha256:121a1d4baf2225d4897acbb7bd204613b8ff88e41df4ee05653f5ce096d39c13"
        ]
      },
      "config": {
        "Cmd": [
          "eggdrop.conf"
        ],
        "Entrypoint": [
          "/home/eggdrop/eggdrop/entrypoint.sh"
        ],
        "Env": [
          "PATH=/usr/local/sbin:/usr/local/bin:/usr/sbin:/usr/bin:/sbin:/bin",
          "NICK=",
          "SERVER=",
          "LISTEN=3333",
          "OWNER=",
          "USERFILE=eggdrop.user",
          "CHANFILE=eggdrop.chan"
        ],
        "Image": "sha256:7ee1a646358f3d29686ffe2cf4a0928d46294d3ea33834bd8b25c1e5fcbfff77",
        "WorkingDir": "/home/eggdrop/eggdrop"
      }
    }
  },
  "Results": [
    {
      "Target": "eggdrop (alpine 3.16.7)",
      "Class": "os-pkgs",
      "Type": "alpine",
      "Vulnerabilities": [
        {
          "VulnerabilityID": "CVE-2023-5678",
          "PkgID": "libcrypto1.1@1.1.1w-r0",
          "PkgName": "libcrypto1.1",
          "InstalledVersion": "1.1.1w-r0",
          "FixedVersion": "1.1.1w-r1",
          "Status": "fixed",
          "Layer": {
            "DiffID": "sha256:64f16c56d19c81cdc40ee5578de8594d297152e3d90a5c873db7764b99e69cd4"
          },
          "SeveritySource": "nvd",
          "PrimaryURL": "https://avd.aquasec.com/nvd/cve-2023-5678",
          "DataSource": {
            "ID": "alpine",
            "Name": "Alpine Secdb",
            "URL": "https://secdb.alpinelinux.org/"
          },
          "Title": "openssl: Generating excessively long X9.42 DH keys or checking excessively long X9.42 DH keys or parameters may be very slow",
          "Description": "Issue summary: Generating excessively long X9.42 DH keys or checking\nexcessively long X9.42 DH keys or parameters may be very slow.\n\nImpact summary: Applications that use the functions DH_generate_key() to\ngenerate an X9.42 DH key may experience long delays.  Likewise, applications\nthat use DH_check_pub_key(), DH_check_pub_key_ex() or EVP_PKEY_public_check()\nto check an X9.42 DH key or X9.42 DH parameters may experience long delays.\nWhere the key or parameters that are being checked have been obtained from\nan untrusted source this may lead to a Denial of Service.\n\nWhile DH_check() performs all the necessary checks (as of CVE-2023-3817),\nDH_check_pub_key() doesn't make any of these checks, and is therefore\nvulnerable for excessively large P and Q parameters.\n\nLikewise, while DH_generate_key() performs a check for an excessively large\nP, it doesn't check for an excessively large Q.\n\nAn application that calls DH_generate_key() or DH_check_pub_key() and\nsupplies a key or parameters obtained from an untrusted source could be\nvulnerable to a Denial of Service attack.\n\nDH_generate_key() and DH_check_pub_key() are also called by a number of\nother OpenSSL functions.  An application calling any of those other\nfunctions may similarly be affected.  The other functions affected by this\nare DH_check_pub_key_ex(), EVP_PKEY_public_check(), and EVP_PKEY_generate().\n\nAlso vulnerable are the OpenSSL pkey command line application when using the\n\"-pubcheck\" option, as well as the OpenSSL genpkey command line application.\n\nThe OpenSSL SSL/TLS implementation is not affected by this issue.\n\nThe OpenSSL 3.0 and 3.1 FIPS providers are not affected by this issue.\n\n",
          "Severity": "HIGH",
          "CweIDs": [
            "CWE-754"
          ],
          "CVSS": {
            "nvd": {
              "V3Vector": "CVSS:3.1/AV:N/AC:L/PR:N/UI:N/S:U/C:N/I:N/A:H",
              "V3Score": 7.5
            },
            "redhat": {
              "V3Vector": "CVSS:3.1/AV:N/AC:L/PR:N/UI:N/S:U/C:N/I:N/A:L",
              "V3Score": 5.3
            }
          },
          "References": [
            "https://access.redhat.com/security/cve/CVE-2023-5678",
            "https://cve.mitre.org/cgi-bin/cvename.cgi?name=CVE-2023-5678",
            "https://git.openssl.org/gitweb/?p=openssl.git;a=commitdiff;h=34efaef6c103d636ab507a0cc34dca4d3aecc055",
            "https://git.openssl.org/gitweb/?p=openssl.git;a=commitdiff;h=710fee740904b6290fef0dd5536fbcedbc38ff0c",
            "https://git.openssl.org/gitweb/?p=openssl.git;a=commitdiff;h=db925ae2e65d0d925adef429afc37f75bd1c2017",
            "https://git.openssl.org/gitweb/?p=openssl.git;a=commitdiff;h=ddeb4b6c6d527e54ce9a99cba785c0f7776e54b6",
            "https://nvd.nist.gov/vuln/detail/CVE-2023-5678",
            "https://www.cve.org/CVERecord?id=CVE-2023-5678",
            "https://www.openssl.org/news/secadv/20231106.txt"
          ],
          "PublishedDate": "2023-11-06T16:15:00Z",
          "LastModifiedDate": "2023-11-14T17:46:00Z"
        },
        {
          "VulnerabilityID": "CVE-2023-5678",
          "PkgID": "libssl1.1@1.1.1w-r0",
          "PkgName": "libssl1.1",
          "InstalledVersion": "1.1.1w-r0",
          "FixedVersion": "1.1.1w-r1",
          "Status": "fixed",
          "Layer": {
            "DiffID": "sha256:64f16c56d19c81cdc40ee5578de8594d297152e3d90a5c873db7764b99e69cd4"
          },
          "SeveritySource": "nvd",
          "PrimaryURL": "https://avd.aquasec.com/nvd/cve-2023-5678",
          "DataSource": {
            "ID": "alpine",
            "Name": "Alpine Secdb",
            "URL": "https://secdb.alpinelinux.org/"
          },
          "Title": "openssl: Generating excessively long X9.42 DH keys or checking excessively long X9.42 DH keys or parameters may be very slow",
          "Description": "Issue summary: Generating excessively long X9.42 DH keys or checking\nexcessively long X9.42 DH keys or parameters may be very slow.\n\nImpact summary: Applications that use the functions DH_generate_key() to\ngenerate an X9.42 DH key may experience long delays.  Likewise, applications\nthat use DH_check_pub_key(), DH_check_pub_key_ex() or EVP_PKEY_public_check()\nto check an X9.42 DH key or X9.42 DH parameters may experience long delays.\nWhere the key or parameters that are being checked have been obtained from\nan untrusted source this may lead to a Denial of Service.\n\nWhile DH_check() performs all the necessary checks (as of CVE-2023-3817),\nDH_check_pub_key() doesn't make any of these checks, and is therefore\nvulnerable for excessively large P and Q parameters.\n\nLikewise, while DH_generate_key() performs a check for an excessively large\nP, it doesn't check for an excessively large Q.\n\nAn application that calls DH_generate_key() or DH_check_pub_key() and\nsupplies a key or parameters obtained from an untrusted source could be\nvulnerable to a Denial of Service attack.\n\nDH_generate_key() and DH_check_pub_key() are also called by a number of\nother OpenSSL functions.  An application calling any of those other\nfunctions may similarly be affected.  The other functions affected by this\nare DH_check_pub_key_ex(), EVP_PKEY_public_check(), and EVP_PKEY_generate().\n\nAlso vulnerable are the OpenSSL pkey command line application when using the\n\"-pubcheck\" option, as well as the OpenSSL genpkey command line application.\n\nThe OpenSSL SSL/TLS implementation is not affected by this issue.\n\nThe OpenSSL 3.0 and 3.1 FIPS providers are not affected by this issue.\n\n",
          "Severity": "HIGH",
          "CweIDs": [
            "CWE-754"
          ],
          "CVSS": {
            "nvd": {
              "V3Vector": "CVSS:3.1/AV:N/AC:L/PR:N/UI:N/S:U/C:N/I:N/A:H",
              "V3Score": 7.5
            },
            "redhat": {
              "V3Vector": "CVSS:3.1/AV:N/AC:L/PR:N/UI:N/S:U/C:N/I:N/A:L",
              "V3Score": 5.3
            }
          },
          "References": [
            "https://access.redhat.com/security/cve/CVE-2023-5678",
            "https://cve.mitre.org/cgi-bin/cvename.cgi?name=CVE-2023-5678",
            "https://git.openssl.org/gitweb/?p=openssl.git;a=commitdiff;h=34efaef6c103d636ab507a0cc34dca4d3aecc055",
            "https://git.openssl.org/gitweb/?p=openssl.git;a=commitdiff;h=710fee740904b6290fef0dd5536fbcedbc38ff0c",
            "https://git.openssl.org/gitweb/?p=openssl.git;a=commitdiff;h=db925ae2e65d0d925adef429afc37f75bd1c2017",
            "https://git.openssl.org/gitweb/?p=openssl.git;a=commitdiff;h=ddeb4b6c6d527e54ce9a99cba785c0f7776e54b6",
            "https://nvd.nist.gov/vuln/detail/CVE-2023-5678",
            "https://www.cve.org/CVERecord?id=CVE-2023-5678",
            "https://www.openssl.org/news/secadv/20231106.txt"
          ],
          "PublishedDate": "2023-11-06T16:15:00Z",
          "LastModifiedDate": "2023-11-14T17:46:00Z"
        },
        {
          "VulnerabilityID": "CVE-2023-5678",
          "PkgID": "openssl@1.1.1w-r0",
          "PkgName": "openssl",
          "InstalledVersion": "1.1.1w-r0",
          "FixedVersion": "1.1.1w-r1",
          "Status": "fixed",
          "Layer": {
            "DiffID": "sha256:64f16c56d19c81cdc40ee5578de8594d297152e3d90a5c873db7764b99e69cd4"
          },
          "SeveritySource": "nvd",
          "PrimaryURL": "https://avd.aquasec.com/nvd/cve-2023-5678",
          "DataSource": {
            "ID": "alpine",
            "Name": "Alpine Secdb",
            "URL": "https://secdb.alpinelinux.org/"
          },
          "Title": "openssl: Generating excessively long X9.42 DH keys or checking excessively long X9.42 DH keys or parameters may be very slow",
          "Description": "Issue summary: Generating excessively long X9.42 DH keys or checking\nexcessively long X9.42 DH keys or parameters may be very slow.\n\nImpact summary: Applications that use the functions DH_generate_key() to\ngenerate an X9.42 DH key may experience long delays.  Likewise, applications\nthat use DH_check_pub_key(), DH_check_pub_key_ex() or EVP_PKEY_public_check()\nto check an X9.42 DH key or X9.42 DH parameters may experience long delays.\nWhere the key or parameters that are being checked have been obtained from\nan untrusted source this may lead to a Denial of Service.\n\nWhile DH_check() performs all the necessary checks (as of CVE-2023-3817),\nDH_check_pub_key() doesn't make any of these checks, and is therefore\nvulnerable for excessively large P and Q parameters.\n\nLikewise, while DH_generate_key() performs a check for an excessively large\nP, it doesn't check for an excessively large Q.\n\nAn application that calls DH_generate_key() or DH_check_pub_key() and\nsupplies a key or parameters obtained from an untrusted source could be\nvulnerable to a Denial of Service attack.\n\nDH_generate_key() and DH_check_pub_key() are also called by a number of\nother OpenSSL functions.  An application calling any of those other\nfunctions may similarly be affected.  The other functions affected by this\nare DH_check_pub_key_ex(), EVP_PKEY_public_check(), and EVP_PKEY_generate().\n\nAlso vulnerable are the OpenSSL pkey command line application when using the\n\"-pubcheck\" option, as well as the OpenSSL genpkey command line application.\n\nThe OpenSSL SSL/TLS implementation is not affected by this issue.\n\nThe OpenSSL 3.0 and 3.1 FIPS providers are not affected by this issue.\n\n",
          "Severity": "HIGH",
          "CweIDs": [
            "CWE-754"
          ],
          "CVSS": {
            "nvd": {
              "V3Vector": "CVSS:3.1/AV:N/AC:L/PR:N/UI:N/S:U/C:N/I:N/A:H",
              "V3Score": 7.5
            },
            "redhat": {
              "V3Vector": "CVSS:3.1/AV:N/AC:L/PR:N/UI:N/S:U/C:N/I:N/A:L",
              "V3Score": 5.3
            }
          },
          "References": [
            "https://access.redhat.com/security/cve/CVE-2023-5678",
            "https://cve.mitre.org/cgi-bin/cvename.cgi?name=CVE-2023-5678",
            "https://git.openssl.org/gitweb/?p=openssl.git;a=commitdiff;h=34efaef6c103d636ab507a0cc34dca4d3aecc055",
            "https://git.openssl.org/gitweb/?p=openssl.git;a=commitdiff;h=710fee740904b6290fef0dd5536fbcedbc38ff0c",
            "https://git.openssl.org/gitweb/?p=openssl.git;a=commitdiff;h=db925ae2e65d0d925adef429afc37f75bd1c2017",
            "https://git.openssl.org/gitweb/?p=openssl.git;a=commitdiff;h=ddeb4b6c6d527e54ce9a99cba785c0f7776e54b6",
            "https://nvd.nist.gov/vuln/detail/CVE-2023-5678",
            "https://www.cve.org/CVERecord?id=CVE-2023-5678",
            "https://www.openssl.org/news/secadv/20231106.txt"
          ],
          "PublishedDate": "2023-11-06T16:15:00Z",
          "LastModifiedDate": "2023-11-14T17:46:00Z"
        }
      ]
    }
  ]
}
