{
  "SchemaVersion": 2,
  "ArtifactName": "euleros",
  "ArtifactType": "container_image",
  "Metadata": {
    "ImageID": "sha256:edeb051fcc736cf17046f196be7f5b0cf8c0aee392b8496dfa6145292fa46efe",
    "DiffIDs": [
      "sha256:e9235582825a2691b1c91a96580e358c99acfd48082cbf1b92fd2ba4a791efc3"
    ],
    "RepoTags": [
      "euleros:latest"
    ],
    "RepoDigests": [
      "euleros@sha256:49d8884e21486bb58c586976f6169e806dd087c0e60aee0a924ba73bb144565c"
    ],
    "ImageConfig": {
      "architecture": "amd64",
      "container": "97f62d3a8fe6915caea15f1b4bf7281fe140b7afdf3618c2ccc87fc97ea29c1e",
      "created": "2019-03-29T22:19:43.096082528Z",
      "docker_version": "18.06.1-ce",
      "history": [
        {
          "created": "2019-03-29T22:19:42Z",
          "created_by": "/bin/sh -c #(nop) ADD file:a5619625a93d1dd3c28374879f9e5ac51339d2a792ea957fac9211502b09cb2e in / "
        },
        {
          "created": "2019-03-29T22:19:42Z",
          "created_by": "/bin/sh -c #(nop)  LABEL name=EulerOS-2.3 Base Image vendor=EulerOS license=GPLv2 build-date=20180919",
          "empty_layer": true
        },
        {
          "created": "2019-03-29T22:19:43Z",
          "created_by": "/bin/sh -c #(nop)  CMD [\"/bin/bash\"]",
          "empty_layer": true
        }
      ],
      "os": "linux",
      "rootfs": {
        "type": "layers",
        "diff_ids": [
          "sha256:e9235582825a2691b1c91a96580e358c99acfd48082cbf1b92fd2ba4a791efc3"
        ]
      },
      "config": {
        "Cmd": [
          "/bin/bash"
        ],
        "Env": [
          "PATH=/usr/local/sbin:/usr/local/bin:/usr/sbin:/usr/bin:/sbin:/bin"
        ],
        "Image": "sha256:6590f435818142a7f27144bba1a7a80f79a51fc44cd397ecbea104e83d89e455",
        "Labels": {
          "build-date": "20180919",
          "license": "GPLv2",
          "name": "EulerOS-2.3 Base Image",
          "vendor": "EulerOS"
        },
        "ArgsEscaped": true
      }
    }
  }
}
