{
  "SchemaVersion": 2,
  "ArtifactName": "fluentd",
  "ArtifactType": "container_image",
  "Metadata": {
    "OS": {
      "Family": "alpine",
      "Name": "3.17.5"
    },
    "ImageID": "sha256:b5753cb15f75469b9c70d6caf78efb15ac5262723e1384512538b8ed8602cc58",
    "DiffIDs": [
      "sha256:36b50b131297b8860da51b2d2b24bb4c08dfbdf2789b08e3cc0f187c98637a19",
      "sha256:7332e673d62d6128d7325abf2863457ee31b360eb4a39e35566536a02f4f9e1b",
      "sha256:8e52ef3bc40fabf2db2951238b0865195ef3008ada63609b45bf5cea4035deca",
      "sha256:12104d18b8c25ed95a2aec4a5af405f77019c60d3314391bb44c2eb85f035b6a",
      "sha256:68eeb6a757bf8b18c0456970aeec91e241884c1d4c35f2a51d11c0abf2509cc2"
    ],
    "RepoTags": [
      "fluentd:latest"
    ],
    "RepoDigests": [
      "fluentd@sha256:346358e90c07ef9a6b9fad03489f867cb5dc75a00b3106ff410f6c513379fb75"
    ],
    "ImageConfig": {
      "architecture": "amd64",
      "container": "d7ec97068294de1c041e858d83f84b0503bfb7b4c1441f3ff4e31bbc3d67be07",
      "created": "2023-10-21T00:56:50.001754419Z",
      "docker_version": "20.10.23",
      "history": [
        {
          "created": "2023-08-07T19:20:26Z",
          "created_by": "/bin/sh -c #(nop) ADD file:6dd87346b8be240b21b4f4d9296253bf0d28b6579aa52d2118872e3936963b6b in / "
        },
        {
          "created": "2023-08-07T19:20:26Z",
          "created_by": "/bin/sh -c #(nop)  CMD [\"/bin/sh\"]",
          "empty_layer": true
        },
        {
          "created": "2023-10-21T00:55:55Z",
          "created_by": "/bin/sh -c #(nop)  LABEL maintainer=Fluentd developers \u003cfluentd@googlegroups.com\u003e",
          "empty_layer": true
        },
        {
          "created": "2023-10-21T00:55:55Z",
          "created_by": "/bin/sh -c #(nop)  LABEL Description=Fluentd docker image Vendor=Fluent Organization Version=1.16.2",
          "empty_layer": true
        },
        {
          "created": "2023-10-21T00:56:48Z",
          "created_by": "/bin/sh -c apk update  \u0026\u0026 apk add --no-cache         ca-certificates         ruby ruby-irb ruby-etc ruby-webrick         tini  \u0026\u0026 apk add --no-cache --virtual .build-deps         build-base linux-headers         ruby-dev gnupg  \u0026\u0026 echo 'gem: --no-document' \u003e\u003e /etc/gemrc  \u0026\u0026 gem install oj -v 3.16.1  \u0026\u0026 gem install json -v 2.6.3  \u0026\u0026 gem install rexml -v 3.2.6  \u0026\u0026 gem install async -v 1.31.0  \u0026\u0026 gem install async-http -v 0.60.2 \u0026\u0026 gem install uri -v 0.12.2  \u0026\u0026 gem install fluentd -v 1.16.2  \u0026\u0026 gem install bigdecimal -v 1.4.4  \u0026\u0026 apk del .build-deps  \u0026\u0026 rm -rf /tmp/* /var/tmp/* /usr/lib/ruby/gems/*/cache/*.gem /usr/lib/ruby/gems/3.*/gems/fluentd-*/test"
        },
        {
          "created": "2023-10-21T00:56:49Z",
          "created_by": "/bin/sh -c addgroup -S fluent \u0026\u0026 adduser -S -G fluent fluent     \u0026\u0026 mkdir -p /fluentd/log     \u0026\u0026 mkdir -p /fluentd/etc /fluentd/plugins     \u0026\u0026 chown -R fluent /fluentd \u0026\u0026 chgrp -R fluent /fluentd"
        },
        {
          "created": "2023-10-21T00:56:49Z",
          "created_by": "/bin/sh -c #(nop) COPY file:06d9a84b9b428b4e0ef5a9e3699798758dc9716908d82091239fb9f85dd30d70 in /fluentd/etc/ "
        },
        {
          "created": "2023-10-21T00:56:49Z",
          "created_by": "/bin/sh -c #(nop) COPY file:977670d9d298d60208db6e5110a5919bfde19ee7da9c19df693163ecd07caea6 in /bin/ "
        },
        {
          "created": "2023-10-21T00:56:49Z",
          "created_by": "/bin/sh -c #(nop)  ENV FLUENTD_CONF=fluent.conf",
          "empty_layer": true
        },
        {
          "created": "2023-10-21T00:56:49Z",
          "created_by": "/bin/sh -c #(nop)  ENV LD_PRELOAD=",
          "empty_layer": true
        },
        {
          "created": "2023-10-21T00:56:49Z",
          "created_by": "/bin/sh -c #(nop)  EXPOSE 24224 5140",
          "empty_layer": true
        },
        {
          "created": "2023-10-21T00:56:49Z",
          "created_by": "/bin/sh -c #(nop)  USER fluent",
          "empty_layer": true
        },
        {
          "created": "2023-10-21T00:56:49Z",
          "created_by": "/bin/sh -c #(nop)  ENTRYPOINT [\"tini\" \"--\" \"/bin/entrypoint.sh\"]",
          "empty_layer": true
        },
        {
          "created": "2023-10-21T00:56:50Z",
          "created_by": "/bin/sh -c #(nop)  CMD [\"fluentd\"]",
          "empty_layer": true
        }
      ],
      "os": "linux",
      "rootfs": {
        "type": "layers",
        "diff_ids": [
          "sha256:36b50b131297b8860da51b2d2b24bb4c08dfbdf2789b08e3cc0f187c98637a19",
          "sha256:7332e673d62d6128d7325abf2863457ee31b360eb4a39e35566536a02f4f9e1b",
          "sha256:8e52ef3bc40fabf2db2951238b0865195ef3008ada63609b45bf5cea4035deca",
          "sha256:12104d18b8c25ed95a2aec4a5af405f77019c60d3314391bb44c2eb85f035b6a",
          "sha256:68eeb6a757bf8b18c0456970aeec91e241884c1d4c35f2a51d11c0abf2509cc2"
        ]
      },
      "config": {
        "Cmd": [
          "fluentd"
        ],
        "Entrypoint": [
          "tini",
          "--",
          "/bin/entrypoint.sh"
        ],
        "Env": [
          "PATH=/usr/local/sbin:/usr/local/bin:/usr/sbin:/usr/bin:/sbin:/bin",
          "FLUENTD_CONF=fluent.conf",
          "LD_PRELOAD="
        ],
        "Image": "sha256:506f02ca6fee35e961eb1c7e5cdf33171a30bf081b3a59cbc21a8007336d099c",
        "Labels": {
          "Description": "Fluentd docker image",
          "Vendor": "Fluent Organization",
          "Version": "1.16.2",
          "maintainer": "Fluentd developers \u003cfluentd@googlegroups.com\u003e"
        },
        "User": "fluent"
      }
    }
  },
  "Results": [
    {
      "Target": "fluentd (alpine 3.17.5)",
      "Class": "os-pkgs",
      "Type": "alpine",
      "Vulnerabilities": [
        {
          "VulnerabilityID": "CVE-2023-5363",
          "PkgID": "libcrypto3@3.0.10-r0",
          "PkgName": "libcrypto3",
          "InstalledVersion": "3.0.10-r0",
          "FixedVersion": "3.0.12-r0",
          "Status": "fixed",
          "Layer": {
            "DiffID": "sha256:36b50b131297b8860da51b2d2b24bb4c08dfbdf2789b08e3cc0f187c98637a19"
          },
          "SeveritySource": "nvd",
          "PrimaryURL": "https://avd.aquasec.com/nvd/cve-2023-5363",
          "DataSource": {
            "ID": "alpine",
            "Name": "Alpine Secdb",
            "URL": "https://secdb.alpinelinux.org/"
          },
          "Title": "openssl: Incorrect cipher key and IV length processing",
          "Description": "Issue summary: A bug has been identified in the processing of key and\ninitialisation vector (IV) lengths.  This can lead to potential truncation\nor overruns during the initialisation of some symmetric ciphers.\n\nImpact summary: A truncation in the IV can result in non-uniqueness,\nwhich could result in loss of confidentiality for some cipher modes.\n\nWhen calling EVP_EncryptInit_ex2(), EVP_DecryptInit_ex2() or\nEVP_CipherInit_ex2() the provided OSSL_PARAM array is processed after\nthe key and IV have been established.  Any alterations to the key length,\nvia the \"keylen\" parameter or the IV length, via the \"ivlen\" parameter,\nwithin the OSSL_PARAM array will not take effect as intended, potentially\ncausing truncation or overreading of these values.  The following ciphers\nand cipher modes are impacted: RC2, RC4, RC5, CCM, GCM and OCB.\n\nFor the CCM, GCM and OCB cipher modes, truncation of the IV can result in\nloss of confidentiality.  For example, when following NIST's SP 800-38D\nsection 8.2.1 guidance for constructing a deterministic IV for AES in\nGCM mode, truncation of the counter portion could lead to IV reuse.\n\nBoth truncations and overruns of the key and overruns of the IV will\nproduce incorrect results and could, in some cases, trigger a memory\nexception.  However, these issues are not currently assessed as security\ncritical.\n\nChanging the key and/or IV lengths is not considered to be a common operation\nand the vulnerable API was recently introduced. Furthermore it is likely that\napplication developers will have spotted this problem during testing since\ndecryption would fail unless both peers in the communication were similarly\nvulnerable. For these reasons we expect the probability of an application being\nvulnerable to this to be quite low. However if an application is vulnerable then\nthis issue is considered very serious. For these reasons we have assessed this\nissue as Moderate severity overall.\n\nThe OpenSSL SSL/TLS implementation is not affected by this issue.\n\nThe OpenSSL 3.0 and 3.1 FIPS providers are not affected by this because\nthe issue lies outside of the FIPS provider boundary.\n\nOpenSSL 3.1 and 3.0 are vulnerable to this issue.",
          "Severity": "HIGH",
          "CVSS": {
            "nvd": {
              "V3Vector": "CVSS:3.1/AV:N/AC:L/PR:N/UI:N/S:U/C:H/I:N/A:N",
              "V3Score": 7.5
            },
            "redhat": {
              "V3Vector": "CVSS:3.1/AV:N/AC:L/PR:N/UI:N/S:U/C:H/I:N/A:N",
              "V3Score": 7.5
            }
          },
          "References": [
            "http://www.openwall.com/lists/oss-security/2023/10/24/1",
            "https://access.redhat.com/security/cve/CVE-2023-5363",
            "https://cve.mitre.org/cgi-bin/cvename.cgi?name=CVE-2023-5363",
            "https://git.openssl.org/gitweb/?p=openssl.git;a=commitdiff;h=0df40630850fb2740e6be6890bb905d3fc623b2d",
            "https://git.openssl.org/gitweb/?p=openssl.git;a=commitdiff;h=5f69f5c65e483928c4b28ed16af6e5742929f1ee",
            "https://nvd.nist.gov/vuln/detail/CVE-2023-5363",
            "https://security.netapp.com/advisory/ntap-20231027-0010/",
            "https://ubuntu.com/security/notices/USN-6450-1",
            "https://www.cve.org/CVERecord?id=CVE-2023-5363",
            "https://www.debian.org/security/2023/dsa-5532",
            "https://www.openssl.org/news/secadv/20231024.txt"
          ],
          "PublishedDate": "2023-10-25T18:17:00Z",
          "LastModifiedDate": "2023-11-09T13:55:00Z"
        },
        {
          "VulnerabilityID": "CVE-2023-5363",
          "PkgID": "libssl3@3.0.10-r0",
          "PkgName": "libssl3",
          "InstalledVersion": "3.0.10-r0",
          "FixedVersion": "3.0.12-r0",
          "Status": "fixed",
          "Layer": {
            "DiffID": "sha256:36b50b131297b8860da51b2d2b24bb4c08dfbdf2789b08e3cc0f187c98637a19"
          },
          "SeveritySource": "nvd",
          "PrimaryURL": "https://avd.aquasec.com/nvd/cve-2023-5363",
          "DataSource": {
            "ID": "alpine",
            "Name": "Alpine Secdb",
            "URL": "https://secdb.alpinelinux.org/"
          },
          "Title": "openssl: Incorrect cipher key and IV length processing",
          "Description": "Issue summary: A bug has been identified in the processing of key and\ninitialisation vector (IV) lengths.  This can lead to potential truncation\nor overruns during the initialisation of some symmetric ciphers.\n\nImpact summary: A truncation in the IV can result in non-uniqueness,\nwhich could result in loss of confidentiality for some cipher modes.\n\nWhen calling EVP_EncryptInit_ex2(), EVP_DecryptInit_ex2() or\nEVP_CipherInit_ex2() the provided OSSL_PARAM array is processed after\nthe key and IV have been established.  Any alterations to the key length,\nvia the \"keylen\" parameter or the IV length, via the \"ivlen\" parameter,\nwithin the OSSL_PARAM array will not take effect as intended, potentially\ncausing truncation or overreading of these values.  The following ciphers\nand cipher modes are impacted: RC2, RC4, RC5, CCM, GCM and OCB.\n\nFor the CCM, GCM and OCB cipher modes, truncation of the IV can result in\nloss of confidentiality.  For example, when following NIST's SP 800-38D\nsection 8.2.1 guidance for constructing a deterministic IV for AES in\nGCM mode, truncation of the counter portion could lead to IV reuse.\n\nBoth truncations and overruns of the key and overruns of the IV will\nproduce incorrect results and could, in some cases, trigger a memory\nexception.  However, these issues are not currently assessed as security\ncritical.\n\nChanging the key and/or IV lengths is not considered to be a common operation\nand the vulnerable API was recently introduced. Furthermore it is likely that\napplication developers will have spotted this problem during testing since\ndecryption would fail unless both peers in the communication were similarly\nvulnerable. For these reasons we expect the probability of an application being\nvulnerable to this to be quite low. However if an application is vulnerable then\nthis issue is considered very serious. For these reasons we have assessed this\nissue as Moderate severity overall.\n\nThe OpenSSL SSL/TLS implementation is not affected by this issue.\n\nThe OpenSSL 3.0 and 3.1 FIPS providers are not affected by this because\nthe issue lies outside of the FIPS provider boundary.\n\nOpenSSL 3.1 and 3.0 are vulnerable to this issue.",
          "Severity": "HIGH",
          "CVSS": {
            "nvd": {
              "V3Vector": "CVSS:3.1/AV:N/AC:L/PR:N/UI:N/S:U/C:H/I:N/A:N",
              "V3Score": 7.5
            },
            "redhat": {
              "V3Vector": "CVSS:3.1/AV:N/AC:L/PR:N/UI:N/S:U/C:H/I:N/A:N",
              "V3Score": 7.5
            }
          },
          "References": [
            "http://www.openwall.com/lists/oss-security/2023/10/24/1",
            "https://access.redhat.com/security/cve/CVE-2023-5363",
            "https://cve.mitre.org/cgi-bin/cvename.cgi?name=CVE-2023-5363",
            "https://git.openssl.org/gitweb/?p=openssl.git;a=commitdiff;h=0df40630850fb2740e6be6890bb905d3fc623b2d",
            "https://git.openssl.org/gitweb/?p=openssl.git;a=commitdiff;h=5f69f5c65e483928c4b28ed16af6e5742929f1ee",
            "https://nvd.nist.gov/vuln/detail/CVE-2023-5363",
            "https://security.netapp.com/advisory/ntap-20231027-0010/",
            "https://ubuntu.com/security/notices/USN-6450-1",
            "https://www.cve.org/CVERecord?id=CVE-2023-5363",
            "https://www.debian.org/security/2023/dsa-5532",
            "https://www.openssl.org/news/secadv/20231024.txt"
          ],
          "PublishedDate": "2023-10-25T18:17:00Z",
          "LastModifiedDate": "2023-11-09T13:55:00Z"
        }
      ]
    }
  ]
}
