{
  "SchemaVersion": 2,
  "ArtifactName": "hello-seattle",
  "ArtifactType": "container_image",
  "Metadata": {
    "ImageID": "sha256:515d5e66f68afd9650dd1c0f48220ec1737590ef53c09555339a32b42aa355cb",
    "DiffIDs": [
      "sha256:135ce5ddd2cf510f622864f334425b65f36eecc9b5ca6a081f2ac9044b554d08"
    ],
    "RepoTags": [
      "hello-seattle:latest"
    ],
    "RepoDigests": [
      "hello-seattle@sha256:5c9ac9b2b91bacbe58641a89cb130d6b1cdb8b040e48a76751335d01ef5d76b7"
    ],
    "ImageConfig": {
      "architecture": "amd64",
      "container": "3d3a1b25b1924343fd1d67ce20995f9f6a97d7bdaea4bf2f4312303c45b8c455",
      "created": "2019-01-01T01:26:03.510582551Z",
      "docker_version": "18.06.1-ce",
      "history": [
        {
          "created": "2019-01-01T01:26:03Z",
          "created_by": "/bin/sh -c #(nop) COPY file:2184f15bfd831c3b5ed79b3b90757e03355ad06f9781b5fb1f488bba82ad06ce in / "
        },
        {
          "created": "2019-01-01T01:26:03Z",
          "created_by": "/bin/sh -c #(nop)  CMD [\"/hello\"]",
          "empty_layer": true
        }
      ],
      "os": "linux",
      "rootfs": {
        "type": "layers",
        "diff_ids": [
          "sha256:135ce5ddd2cf510f622864f334425b65f36eecc9b5ca6a081f2ac9044b554d08"
        ]
      },
      "config": {
        "Cmd": [
          "/hello"
        ],
        "Env": [
          "PATH=/usr/local/sbin:/usr/local/bin:/usr/sbin:/usr/bin:/sbin:/bin"
        ],
        "Image": "sha256:3e3635ca9b549c8d70fe69aa5341135baab5c65cfb4d50bf43d280ff617b339a",
        "ArgsEscaped": true
      }
    }
  }
}
