{
  "SchemaVersion": 2,
  "ArtifactName": "jobber",
  "ArtifactType": "container_image",
  "Metadata": {
    "OS": {
      "Family": "alpine",
      "Name": "3.11.13",
      "EOSL": true
    },
    "ImageID": "sha256:d257bee61c01be075b3a0ba5c40edef75c3b74a7681e7fe9023c8853f6ecd51e",
    "DiffIDs": [
      "sha256:69715584ec78c168981b0925dd7c50f4537bc598dcbce814db2803a10b777b5c",
      "sha256:5aaa6e4f11760b74fc95bd7e829ea0ea747de6a53b7555f22be0089fa38d6ea2",
      "sha256:bfd87efbbb9a31041be3378ddaa258f0441874787ce1b0f396d349dce5e27264",
      "sha256:83550e000caa4eba37bc34a58ce762c0609b4bb860256da8a4bc3853b1baa518",
      "sha256:030509552830646a7de02eafadcd20d2abe0a0c482d234a23b3217f5a1a56ab7"
    ],
    "RepoTags": [
      "jobber:latest"
    ],
    "RepoDigests": [
      "jobber@sha256:67ac842e6d1fc22305fb0edc5aff277711702d4bb7268c8ca6dbcc42aa7071cd"
    ],
    "ImageConfig": {
      "architecture": "amd64",
      "container": "e0ac22078774f96f7213bc627bf1f87880631a66cf9c3909420a96ee73dc8786",
      "created": "2021-11-13T06:06:48.142957951Z",
      "docker_version": "20.10.7",
      "history": [
        {
          "created": "2021-11-12T17:20:17Z",
          "created_by": "/bin/sh -c #(nop) ADD file:efe2d94a88cdbbd01c3ef095f0a2473cec9e74804b49cd6fb9b837d362631409 in / "
        },
        {
          "created": "2021-11-12T17:20:17Z",
          "created_by": "/bin/sh -c #(nop)  CMD [\"/bin/sh\"]",
          "empty_layer": true
        },
        {
          "created": "2021-11-13T06:06:43Z",
          "created_by": "/bin/sh -c #(nop)  ENV USERID=1000",
          "empty_layer": true
        },
        {
          "created": "2021-11-13T06:06:44Z",
          "created_by": "/bin/sh -c addgroup jobberuser \u0026\u0026     adduser -S -u \"${USERID}\" -G jobberuser jobberuser \u0026\u0026     mkdir -p \"/var/jobber/${USERID}\" \u0026\u0026     chown -R jobberuser:jobberuser \"/var/jobber/${USERID}\""
        },
        {
          "created": "2021-11-13T06:06:44Z",
          "created_by": "/bin/sh -c #(nop)  ENV JOBBER_VERSION=1.4.4",
          "empty_layer": true
        },
        {
          "created": "2021-11-13T06:06:44Z",
          "created_by": "/bin/sh -c #(nop)  ENV JOBBER_SHA256=ec09b2efafff69c91fba2124bf28607209e1c9b50ed834ff444a9d40798aa8d3",
          "empty_layer": true
        },
        {
          "created": "2021-11-13T06:06:46Z",
          "created_by": "/bin/sh -c wget -O /tmp/jobber.apk \"https://github.com/dshearer/jobber/releases/download/v${JOBBER_VERSION}/jobber-${JOBBER_VERSION}-r0.apk\" \u0026\u0026     echo -n \"Actual checksum: \" \u0026\u0026 sha256sum /tmp/jobber.apk \u0026\u0026     echo \"${JOBBER_SHA256} */tmp/jobber.apk\" | sha256sum -c \u0026\u0026     apk add --no-network --no-scripts --allow-untrusted /tmp/jobber.apk \u0026\u0026     rm /tmp/jobber.apk"
        },
        {
          "created": "2021-11-13T06:06:46Z",
          "created_by": "/bin/sh -c #(nop) COPY --chown=jobberuser:jobberuserfile:c7cc6d32091e7beeac78efd9fe855e36a106902c1177df0f9f6bd2bbe3b8d518 in /home/jobberuser/.jobber "
        },
        {
          "created": "2021-11-13T06:06:47Z",
          "created_by": "/bin/sh -c chmod 0600 /home/jobberuser/.jobber"
        },
        {
          "created": "2021-11-13T06:06:47Z",
          "created_by": "/bin/sh -c #(nop)  USER jobberuser",
          "empty_layer": true
        },
        {
          "created": "2021-11-13T06:06:48Z",
          "created_by": "/bin/sh -c #(nop)  CMD [\"/usr/libexec/jobberrunner\" \"-u\" \"/var/jobber/1000/cmd.sock\" \"/home/jobberuser/.jobber\"]",
          "empty_layer": true
        }
      ],
      "os": "linux",
      "rootfs": {
        "type": "layers",
        "diff_ids": [
          "sha256:69715584ec78c168981b0925dd7c50f4537bc598dcbce814db2803a10b777b5c",
          "sha256:5aaa6e4f11760b74fc95bd7e829ea0ea747de6a53b7555f22be0089fa38d6ea2",
          "sha256:bfd87efbbb9a31041be3378ddaa258f0441874787ce1b0f396d349dce5e27264",
          "sha256:83550e000caa4eba37bc34a58ce762c0609b4bb860256da8a4bc3853b1baa518",
          "sha256:030509552830646a7de02eafadcd20d2abe0a0c482d234a23b3217f5a1a56ab7"
        ]
      },
      "config": {
        "Cmd": [
          "/usr/libexec/jobberrunner",
          "-u",
          "/var/jobber/1000/cmd.sock",
          "/home/jobberuser/.jobber"
        ],
        "Env": [
          "PATH=/usr/local/sbin:/usr/local/bin:/usr/sbin:/usr/bin:/sbin:/bin",
          "USERID=1000",
          "JOBBER_VERSION=1.4.4",
          "JOBBER_SHA256=ec09b2efafff69c91fba2124bf28607209e1c9b50ed834ff444a9d40798aa8d3"
        ],
        "Image": "sha256:9f6b15d5f80305459e5e320c2cb9623a19494e36d1778cdd158e22c4a67f144f",
        "User": "jobberuser"
      }
    }
  },
  "Results": [
    {
      "Target": "jobber (alpine 3.11.13)",
      "Class": "os-pkgs",
      "Type": "alpine",
      "Vulnerabilities": [
        {
          "VulnerabilityID": "CVE-2022-37434",
          "PkgID": "zlib@1.2.11-r3",
          "PkgName": "zlib",
          "InstalledVersion": "1.2.11-r3",
          "FixedVersion": "1.2.11-r4",
          "Status": "fixed",
          "Layer": {
            "DiffID": "sha256:69715584ec78c168981b0925dd7c50f4537bc598dcbce814db2803a10b777b5c"
          },
          "SeveritySource": "nvd",
          "PrimaryURL": "https://avd.aquasec.com/nvd/cve-2022-37434",
          "DataSource": {
            "ID": "alpine",
            "Name": "Alpine Secdb",
            "URL": "https://secdb.alpinelinux.org/"
          },
          "Title": "heap-based buffer over-read and overflow in inflate() in inflate.c via a large gzip header extra field",
          "Description": "zlib through 1.2.12 has a heap-based buffer over-read or buffer overflow in inflate in inflate.c via a large gzip header extra field. NOTE: only applications that call inflateGetHeader are affected. Some common applications bundle the affected zlib source code but may be unable to call inflateGetHeader (e.g., see the nodejs/node reference).",
          "Severity": "CRITICAL",
          "CweIDs": [
            "CWE-787"
          ],
          "CVSS": {
            "nvd": {
              "V3Vector": "CVSS:3.1/AV:N/AC:L/PR:N/UI:N/S:U/C:H/I:H/A:H",
              "V3Score": 9.8
            },
            "redhat": {
              "V3Vector": "CVSS:3.1/AV:N/AC:H/PR:N/UI:N/S:U/C:L/I:L/A:H",
              "V3Score": 7
            }
          },
          "References": [
            "http://seclists.org/fulldisclosure/2022/Oct/37",
            "http://seclists.org/fulldisclosure/2022/Oct/38",
            "http://seclists.org/fulldisclosure/2022/Oct/41",
            "http://seclists.org/fulldisclosure/2022/Oct/42",
            "http://www.openwall.com/lists/oss-security/2022/08/05/2",
            "http://www.openwall.com/lists/oss-security/2022/08/09/1",
            "https://access.redhat.com/errata/RHSA-2022:8291",
            "https://access.redhat.com/security/cve/CVE-2022-37434",
            "https://bugzilla.redhat.com/2116639",
            "https://bugzilla.redhat.com/show_bug.cgi?id=2053198",
            "https://bugzilla.redhat.com/show_bug.cgi?id=2077431",
            "https://bugzilla.redhat.com/show_bug.cgi?id=2081296",
            "https://bugzilla.redhat.com/show_bug.cgi?id=2116639",
            "https://cve.mitre.org/cgi-bin/cvename.cgi?name=CVE-2022-37434",
            "https://errata.almalinux.org/9/ALSA-2022-8291.html",
            "https://errata.rockylinux.org/RLSA-2022:8291",
            "https://github.com/curl/curl/issues/9271",
            "https://github.com/ivd38/zlib_overflow",
            "https://github.com/madler/zlib/blob/21767c654d31d2dccdde4330529775c6c5fd5389/zlib.h#L1062-L1063",
            "https://github.com/madler/zlib/commit/eff308af425b67093bab25f80f1ae950166bece1",
            "https://github.com/nodejs/node/blob/75b68c6e4db515f76df73af476eccf382bbcb00a/deps/zlib/inflate.c#L762-L764",
            "https://linux.oracle.com/cve/CVE-2022-37434.html",
            "https://linux.oracle.com/errata/ELSA-2023-1095.html",
            "https://lists.debian.org/debian-lts-announce/2022/09/msg00012.html",
            "https://lists.fedoraproject.org/archives/list/package-announce%40lists.fedoraproject.org/message/JWN4VE3JQR4O2SOUS5TXNLANRPMHWV4I/",
            "https://lists.fedoraproject.org/archives/list/package-announce%40lists.fedoraproject.org/message/NMBOJ77A7T7PQCARMDUK75TE6LLESZ3O/",
            "https://lists.fedoraproject.org/archives/list/package-announce%40lists.fedoraproject.org/message/PAVPQNCG3XRLCLNSQRM3KAN5ZFMVXVTY/",
            "https://lists.fedoraproject.org/archives/list/package-announce%40lists.fedoraproject.org/message/X5U7OTKZSHY2I3ZFJSR2SHFHW72RKGDK/",
            "https://lists.fedoraproject.org/archives/list/package-announce%40lists.fedoraproject.org/message/YRQAI7H4M4RQZ2IWZUEEXECBE5D56BH2/",
            "https://nvd.nist.gov/vuln/detail/CVE-2022-37434",
            "https://security.netapp.com/advisory/ntap-20220901-0005/",
            "https://security.netapp.com/advisory/ntap-20230427-0007/",
            "https://support.apple.com/kb/HT213488",
            "https://support.apple.com/kb/HT213489",
            "https://support.apple.com/kb/HT213490",
            "https://support.apple.com/kb/HT213491",
            "https://support.apple.com/kb/HT213493",
            "https://support.apple.com/kb/HT213494",
            "https://ubuntu.com/security/notices/USN-5570-1",
            "https://ubuntu.com/security/notices/USN-5570-2",
            "https://ubuntu.com/security/notices/USN-5573-1",
            "https://www.cve.org/CVERecord?id=CVE-2022-37434",
            "https://www.debian.org/security/2022/dsa-5218"
          ],
          "PublishedDate": "2022-08-05T07:15:00Z",
          "LastModifiedDate": "2023-07-19T00:56:00Z"
        }
      ]
    }
  ]
}
