{
  "SchemaVersion": 2,
  "ArtifactName": "mageia",
  "ArtifactType": "container_image",
  "Metadata": {
    "OS": {
      "Family": "none",
      "Name": ""
    },
    "ImageID": "sha256:5d2f474d2628e13f1dbad79463a27c5c226f03eef3b4a5f6f5c9c92a83707cbd",
    "DiffIDs": [
      "sha256:7d127e9e1748c4bb529bd2b818f77fc4b55d363c2902f30240eca6a27afaf696"
    ],
    "RepoTags": [
      "mageia:latest"
    ],
    "RepoDigests": [
      "mageia@sha256:ee8deeb5ab22773a38ee147c98127b2faa5edc72272beef5d497db44c4fda658"
    ],
    "ImageConfig": {
      "architecture": "amd64",
      "author": "\"Juan Luis Baptiste\" \u003cjuancho@mageia.org\u003e",
      "container": "ca7249f6c5702a1b389545c97b24bb48d829a10d51b59564cd24e9977b414457",
      "created": "2021-04-08T19:22:41.937991859Z",
      "docker_version": "19.03.12",
      "history": [
        {
          "created": "2021-04-08T19:22:32Z",
          "created_by": "/bin/sh -c #(nop)  MAINTAINER \"Juan Luis Baptiste\" \u003cjuancho@mageia.org\u003e",
          "empty_layer": true
        },
        {
          "created": "2021-04-08T19:22:41Z",
          "created_by": "/bin/sh -c #(nop) ADD file:bc20b285107532db99fb447f9cd37ebc4f30146125fe644df86523900d8c5eea in / "
        },
        {
          "created": "2021-04-08T19:22:41Z",
          "created_by": "/bin/sh -c #(nop)  CMD [\"/bin/bash\"]",
          "empty_layer": true
        }
      ],
      "os": "linux",
      "rootfs": {
        "type": "layers",
        "diff_ids": [
          "sha256:7d127e9e1748c4bb529bd2b818f77fc4b55d363c2902f30240eca6a27afaf696"
        ]
      },
      "config": {
        "Cmd": [
          "/bin/bash"
        ],
        "Env": [
          "PATH=/usr/local/sbin:/usr/local/bin:/usr/sbin:/usr/bin:/sbin:/bin"
        ],
        "Image": "sha256:f09d6762a7d9ade382ac22b162885bb333463155157acf5c2766f2a32cd9f3b5"
      }
    }
  }
}
