{
  "SchemaVersion": 2,
  "ArtifactName": "mongo-express",
  "ArtifactType": "container_image",
  "Metadata": {
    "OS": {
      "Family": "alpine",
      "Name": "3.17.5"
    },
    "ImageID": "sha256:81bee2a0ce570fcd5ef720c1d329d7806fc2dbb545c2d8ef88189bb8fe9d1032",
    "DiffIDs": [
      "sha256:36b50b131297b8860da51b2d2b24bb4c08dfbdf2789b08e3cc0f187c98637a19",
      "sha256:2e35c5dbccba48dde33febd0288abde91f699a3cb91f5973eb739f4c6fc889b7",
      "sha256:897dbfc32944956622408173e8f23da0650dac3209192ffd9ac0433f0d9f6727",
      "sha256:7f921a0a713063db678521a40d7ca29965daa748a4ba0bc08fc76378559c3eb0",
      "sha256:3eef630f78b4393cef2d6c92dd87141ee0719fade5a2f809090cfff24bb75bcc",
      "sha256:0a92e28fa1681ad81895b19aa5360484661207afc321d498300348eb52c46658"
    ],
    "RepoTags": [
      "mongo-express:latest"
    ],
    "RepoDigests": [
      "mongo-express@sha256:2c050d004eeb89aa569f8c7952582d1d670085f1f42e91c4b4cd2e72a9be8c1a"
    ],
    "ImageConfig": {
      "architecture": "amd64",
      "container": "5cbd6b5dee5ed5d34c9797c0532cf255b3f4b27af25dcf462af7efc4b8a3d909",
      "created": "2023-11-16T03:11:24.079742214Z",
      "docker_version": "20.10.23",
      "history": [
        {
          "created": "2023-08-07T19:20:26Z",
          "created_by": "/bin/sh -c #(nop) ADD file:6dd87346b8be240b21b4f4d9296253bf0d28b6579aa52d2118872e3936963b6b in / "
        },
        {
          "created": "2023-08-07T19:20:26Z",
          "created_by": "/bin/sh -c #(nop)  CMD [\"/bin/sh\"]",
          "empty_layer": true
        },
        {
          "created": "2023-10-18T17:27:21Z",
          "created_by": "/bin/sh -c #(nop)  ENV NODE_VERSION=18.18.2",
          "empty_layer": true
        },
        {
          "created": "2023-11-16T02:36:55Z",
          "created_by": "/bin/sh -c addgroup -g 1000 node     \u0026\u0026 adduser -u 1000 -G node -s /bin/sh -D node     \u0026\u0026 apk add --no-cache         libstdc++     \u0026\u0026 apk add --no-cache --virtual .build-deps         curl     \u0026\u0026 ARCH= OPENSSL_ARCH='linux*' \u0026\u0026 alpineArch=\"$(apk --print-arch)\"       \u0026\u0026 case \"${alpineArch##*-}\" in         x86_64) ARCH='x64' CHECKSUM=\"b02028add9898575516a2626a5f1a262f080291d8f253ba1fd61cedb0e476591\" OPENSSL_ARCH=linux-x86_64;;         x86) OPENSSL_ARCH=linux-elf;;         aarch64) OPENSSL_ARCH=linux-aarch64;;         arm*) OPENSSL_ARCH=linux-armv4;;         ppc64le) OPENSSL_ARCH=linux-ppc64le;;         s390x) OPENSSL_ARCH=linux-s390x;;         *) ;;       esac   \u0026\u0026 if [ -n \"${CHECKSUM}\" ]; then     set -eu;     curl -fsSLO --compressed \"https://unofficial-builds.nodejs.org/download/release/v$NODE_VERSION/node-v$NODE_VERSION-linux-$ARCH-musl.tar.xz\";     echo \"$CHECKSUM  node-v$NODE_VERSION-linux-$ARCH-musl.tar.xz\" | sha256sum -c -       \u0026\u0026 tar -xJf \"node-v$NODE_VERSION-linux-$ARCH-musl.tar.xz\" -C /usr/local --strip-components=1 --no-same-owner       \u0026\u0026 ln -s /usr/local/bin/node /usr/local/bin/nodejs;   else     echo \"Building from source\"     \u0026\u0026 apk add --no-cache --virtual .build-deps-full         binutils-gold         g++         gcc         gnupg         libgcc         linux-headers         make         python3     \u0026\u0026 export GNUPGHOME=\"$(mktemp -d)\"     \u0026\u0026 for key in       4ED778F539E3634C779C87C6D7062848A1AB005C       141F07595B7B3FFE74309A937405533BE57C7D57       74F12602B6F1C4E913FAA37AD3A89613643B6201       DD792F5973C6DE52C432CBDAC77ABFA00DDBF2B7       61FC681DFB92A079F1685E77973F295594EC4689       8FCCA13FEF1D0C2E91008E09770F7A9A5AE15600       C4F0DFFF4E8C1A8236409D08E73BC641CC11F4C8       890C08DB8579162FEE0DF9DB8BEAB4DFCF555EF4       C82FA3AE1CBEDC6BE46B9360C43CEC45C17AB93C       108F52B48DB57BB0CC439B2997B01419BD92F80A       A363A499291CBBC940DD62E41F10027AF002F8B0     ; do       gpg --batch --keyserver hkps://keys.openpgp.org --recv-keys \"$key\" ||       gpg --batch --keyserver keyserver.ubuntu.com --recv-keys \"$key\" ;     done     \u0026\u0026 curl -fsSLO --compressed \"https://nodejs.org/dist/v$NODE_VERSION/node-v$NODE_VERSION.tar.xz\"     \u0026\u0026 curl -fsSLO --compressed \"https://nodejs.org/dist/v$NODE_VERSION/SHASUMS256.txt.asc\"     \u0026\u0026 gpg --batch --decrypt --output SHASUMS256.txt SHASUMS256.txt.asc     \u0026\u0026 gpgconf --kill all     \u0026\u0026 rm -rf \"$GNUPGHOME\"     \u0026\u0026 grep \" node-v$NODE_VERSION.tar.xz\\$\" SHASUMS256.txt | sha256sum -c -     \u0026\u0026 tar -xf \"node-v$NODE_VERSION.tar.xz\"     \u0026\u0026 cd \"node-v$NODE_VERSION\"     \u0026\u0026 ./configure     \u0026\u0026 make -j$(getconf _NPROCESSORS_ONLN) V=     \u0026\u0026 make install     \u0026\u0026 apk del .build-deps-full     \u0026\u0026 cd ..     \u0026\u0026 rm -Rf \"node-v$NODE_VERSION\"     \u0026\u0026 rm \"node-v$NODE_VERSION.tar.xz\" SHASUMS256.txt.asc SHASUMS256.txt;   fi   \u0026\u0026 rm -f \"node-v$NODE_VERSION-linux-$ARCH-musl.tar.xz\"   \u0026\u0026 find /usr/local/include/node/openssl/archs -mindepth 1 -maxdepth 1 ! -name \"$OPENSSL_ARCH\" -exec rm -rf {} \\;   \u0026\u0026 apk del .build-deps   \u0026\u0026 node --version   \u0026\u0026 npm --version"
        },
        {
          "created": "2023-11-16T02:36:56Z",
          "created_by": "/bin/sh -c #(nop)  ENV YARN_VERSION=1.22.19",
          "empty_layer": true
        },
        {
          "created": "2023-11-16T02:37:00Z",
          "created_by": "/bin/sh -c apk add --no-cache --virtual .build-deps-yarn curl gnupg tar   \u0026\u0026 export GNUPGHOME=\"$(mktemp -d)\"   \u0026\u0026 for key in     6A010C5166006599AA17F08146C2130DFD2497F5   ; do     gpg --batch --keyserver hkps://keys.openpgp.org --recv-keys \"$key\" ||     gpg --batch --keyserver keyserver.ubuntu.com --recv-keys \"$key\" ;   done   \u0026\u0026 curl -fsSLO --compressed \"https://yarnpkg.com/downloads/$YARN_VERSION/yarn-v$YARN_VERSION.tar.gz\"   \u0026\u0026 curl -fsSLO --compressed \"https://yarnpkg.com/downloads/$YARN_VERSION/yarn-v$YARN_VERSION.tar.gz.asc\"   \u0026\u0026 gpg --batch --verify yarn-v$YARN_VERSION.tar.gz.asc yarn-v$YARN_VERSION.tar.gz   \u0026\u0026 gpgconf --kill all   \u0026\u0026 rm -rf \"$GNUPGHOME\"   \u0026\u0026 mkdir -p /opt   \u0026\u0026 tar -xzf yarn-v$YARN_VERSION.tar.gz -C /opt/   \u0026\u0026 ln -s /opt/yarn-v$YARN_VERSION/bin/yarn /usr/local/bin/yarn   \u0026\u0026 ln -s /opt/yarn-v$YARN_VERSION/bin/yarnpkg /usr/local/bin/yarnpkg   \u0026\u0026 rm yarn-v$YARN_VERSION.tar.gz.asc yarn-v$YARN_VERSION.tar.gz   \u0026\u0026 apk del .build-deps-yarn   \u0026\u0026 yarn --version"
        },
        {
          "created": "2023-11-16T02:37:00Z",
          "created_by": "/bin/sh -c #(nop) COPY file:4d192565a7220e135cab6c77fbc1c73211b69f3d9fb37e62857b2c6eb9363d51 in /usr/local/bin/ "
        },
        {
          "created": "2023-11-16T02:37:00Z",
          "created_by": "/bin/sh -c #(nop)  ENTRYPOINT [\"docker-entrypoint.sh\"]",
          "empty_layer": true
        },
        {
          "created": "2023-11-16T02:37:00Z",
          "created_by": "/bin/sh -c #(nop)  CMD [\"node\"]",
          "empty_layer": true
        },
        {
          "created": "2023-11-16T03:11:12Z",
          "created_by": "/bin/sh -c #(nop)  ENV ME_CONFIG_MONGODB_URL=mongodb://mongo:27017 ME_CONFIG_MONGODB_ENABLE_ADMIN=true VCAP_APP_HOST=0.0.0.0",
          "empty_layer": true
        },
        {
          "created": "2023-11-16T03:11:12Z",
          "created_by": "/bin/sh -c #(nop)  ENV MONGO_EXPRESS_VERSION=1.0.0",
          "empty_layer": true
        },
        {
          "created": "2023-11-16T03:11:22Z",
          "created_by": "/bin/sh -c set -eux;     yarn add mongo-express@${MONGO_EXPRESS_VERSION};     apk -U add --no-cache         bash         tini"
        },
        {
          "created": "2023-11-16T03:11:23Z",
          "created_by": "/bin/sh -c #(nop) WORKDIR /node_modules/mongo-express",
          "empty_layer": true
        },
        {
          "created": "2023-11-16T03:11:23Z",
          "created_by": "/bin/sh -c #(nop)  EXPOSE 8081",
          "empty_layer": true
        },
        {
          "created": "2023-11-16T03:11:23Z",
          "created_by": "/bin/sh -c #(nop) COPY file:a907b69e6dd5a27a50ea886b61d030160973910412c6c144b98f31160550e1cf in / "
        },
        {
          "created": "2023-11-16T03:11:23Z",
          "created_by": "/bin/sh -c #(nop)  ENTRYPOINT [\"/sbin/tini\" \"--\" \"/docker-entrypoint.sh\"]",
          "empty_layer": true
        },
        {
          "created": "2023-11-16T03:11:24Z",
          "created_by": "/bin/sh -c #(nop)  CMD [\"mongo-express\"]",
          "empty_layer": true
        }
      ],
      "os": "linux",
      "rootfs": {
        "type": "layers",
        "diff_ids": [
          "sha256:36b50b131297b8860da51b2d2b24bb4c08dfbdf2789b08e3cc0f187c98637a19",
          "sha256:2e35c5dbccba48dde33febd0288abde91f699a3cb91f5973eb739f4c6fc889b7",
          "sha256:897dbfc32944956622408173e8f23da0650dac3209192ffd9ac0433f0d9f6727",
          "sha256:7f921a0a713063db678521a40d7ca29965daa748a4ba0bc08fc76378559c3eb0",
          "sha256:3eef630f78b4393cef2d6c92dd87141ee0719fade5a2f809090cfff24bb75bcc",
          "sha256:0a92e28fa1681ad81895b19aa5360484661207afc321d498300348eb52c46658"
        ]
      },
      "config": {
        "Cmd": [
          "mongo-express"
        ],
        "Entrypoint": [
          "/sbin/tini",
          "--",
          "/docker-entrypoint.sh"
        ],
        "Env": [
          "PATH=/usr/local/sbin:/usr/local/bin:/usr/sbin:/usr/bin:/sbin:/bin",
          "NODE_VERSION=18.18.2",
          "YARN_VERSION=1.22.19",
          "ME_CONFIG_MONGODB_URL=mongodb://mongo:27017",
          "ME_CONFIG_MONGODB_ENABLE_ADMIN=true",
          "VCAP_APP_HOST=0.0.0.0",
          "MONGO_EXPRESS_VERSION=1.0.0"
        ],
        "Image": "sha256:50e0beb9e699ef5aa1cc5f113eba51182dda0fcdab1c5a1d1dd0bb06d39ecedf",
        "WorkingDir": "/node_modules/mongo-express"
      }
    }
  },
  "Results": [
    {
      "Target": "mongo-express (alpine 3.17.5)",
      "Class": "os-pkgs",
      "Type": "alpine",
      "Vulnerabilities": [
        {
          "VulnerabilityID": "CVE-2023-5363",
          "PkgID": "libcrypto3@3.0.10-r0",
          "PkgName": "libcrypto3",
          "InstalledVersion": "3.0.10-r0",
          "FixedVersion": "3.0.12-r0",
          "Status": "fixed",
          "Layer": {
            "DiffID": "sha256:36b50b131297b8860da51b2d2b24bb4c08dfbdf2789b08e3cc0f187c98637a19"
          },
          "SeveritySource": "nvd",
          "PrimaryURL": "https://avd.aquasec.com/nvd/cve-2023-5363",
          "DataSource": {
            "ID": "alpine",
            "Name": "Alpine Secdb",
            "URL": "https://secdb.alpinelinux.org/"
          },
          "Title": "openssl: Incorrect cipher key and IV length processing",
          "Description": "Issue summary: A bug has been identified in the processing of key and\ninitialisation vector (IV) lengths.  This can lead to potential truncation\nor overruns during the initialisation of some symmetric ciphers.\n\nImpact summary: A truncation in the IV can result in non-uniqueness,\nwhich could result in loss of confidentiality for some cipher modes.\n\nWhen calling EVP_EncryptInit_ex2(), EVP_DecryptInit_ex2() or\nEVP_CipherInit_ex2() the provided OSSL_PARAM array is processed after\nthe key and IV have been established.  Any alterations to the key length,\nvia the \"keylen\" parameter or the IV length, via the \"ivlen\" parameter,\nwithin the OSSL_PARAM array will not take effect as intended, potentially\ncausing truncation or overreading of these values.  The following ciphers\nand cipher modes are impacted: RC2, RC4, RC5, CCM, GCM and OCB.\n\nFor the CCM, GCM and OCB cipher modes, truncation of the IV can result in\nloss of confidentiality.  For example, when following NIST's SP 800-38D\nsection 8.2.1 guidance for constructing a deterministic IV for AES in\nGCM mode, truncation of the counter portion could lead to IV reuse.\n\nBoth truncations and overruns of the key and overruns of the IV will\nproduce incorrect results and could, in some cases, trigger a memory\nexception.  However, these issues are not currently assessed as security\ncritical.\n\nChanging the key and/or IV lengths is not considered to be a common operation\nand the vulnerable API was recently introduced. Furthermore it is likely that\napplication developers will have spotted this problem during testing since\ndecryption would fail unless both peers in the communication were similarly\nvulnerable. For these reasons we expect the probability of an application being\nvulnerable to this to be quite low. However if an application is vulnerable then\nthis issue is considered very serious. For these reasons we have assessed this\nissue as Moderate severity overall.\n\nThe OpenSSL SSL/TLS implementation is not affected by this issue.\n\nThe OpenSSL 3.0 and 3.1 FIPS providers are not affected by this because\nthe issue lies outside of the FIPS provider boundary.\n\nOpenSSL 3.1 and 3.0 are vulnerable to this issue.",
          "Severity": "HIGH",
          "CVSS": {
            "nvd": {
              "V3Vector": "CVSS:3.1/AV:N/AC:L/PR:N/UI:N/S:U/C:H/I:N/A:N",
              "V3Score": 7.5
            },
            "redhat": {
              "V3Vector": "CVSS:3.1/AV:N/AC:L/PR:N/UI:N/S:U/C:H/I:N/A:N",
              "V3Score": 7.5
            }
          },
          "References": [
            "http://www.openwall.com/lists/oss-security/2023/10/24/1",
            "https://access.redhat.com/security/cve/CVE-2023-5363",
            "https://cve.mitre.org/cgi-bin/cvename.cgi?name=CVE-2023-5363",
            "https://git.openssl.org/gitweb/?p=openssl.git;a=commitdiff;h=0df40630850fb2740e6be6890bb905d3fc623b2d",
            "https://git.openssl.org/gitweb/?p=openssl.git;a=commitdiff;h=5f69f5c65e483928c4b28ed16af6e5742929f1ee",
            "https://nvd.nist.gov/vuln/detail/CVE-2023-5363",
            "https://security.netapp.com/advisory/ntap-20231027-0010/",
            "https://ubuntu.com/security/notices/USN-6450-1",
            "https://www.cve.org/CVERecord?id=CVE-2023-5363",
            "https://www.debian.org/security/2023/dsa-5532",
            "https://www.openssl.org/news/secadv/20231024.txt"
          ],
          "PublishedDate": "2023-10-25T18:17:00Z",
          "LastModifiedDate": "2023-11-09T13:55:00Z"
        },
        {
          "VulnerabilityID": "CVE-2023-5363",
          "PkgID": "libssl3@3.0.10-r0",
          "PkgName": "libssl3",
          "InstalledVersion": "3.0.10-r0",
          "FixedVersion": "3.0.12-r0",
          "Status": "fixed",
          "Layer": {
            "DiffID": "sha256:36b50b131297b8860da51b2d2b24bb4c08dfbdf2789b08e3cc0f187c98637a19"
          },
          "SeveritySource": "nvd",
          "PrimaryURL": "https://avd.aquasec.com/nvd/cve-2023-5363",
          "DataSource": {
            "ID": "alpine",
            "Name": "Alpine Secdb",
            "URL": "https://secdb.alpinelinux.org/"
          },
          "Title": "openssl: Incorrect cipher key and IV length processing",
          "Description": "Issue summary: A bug has been identified in the processing of key and\ninitialisation vector (IV) lengths.  This can lead to potential truncation\nor overruns during the initialisation of some symmetric ciphers.\n\nImpact summary: A truncation in the IV can result in non-uniqueness,\nwhich could result in loss of confidentiality for some cipher modes.\n\nWhen calling EVP_EncryptInit_ex2(), EVP_DecryptInit_ex2() or\nEVP_CipherInit_ex2() the provided OSSL_PARAM array is processed after\nthe key and IV have been established.  Any alterations to the key length,\nvia the \"keylen\" parameter or the IV length, via the \"ivlen\" parameter,\nwithin the OSSL_PARAM array will not take effect as intended, potentially\ncausing truncation or overreading of these values.  The following ciphers\nand cipher modes are impacted: RC2, RC4, RC5, CCM, GCM and OCB.\n\nFor the CCM, GCM and OCB cipher modes, truncation of the IV can result in\nloss of confidentiality.  For example, when following NIST's SP 800-38D\nsection 8.2.1 guidance for constructing a deterministic IV for AES in\nGCM mode, truncation of the counter portion could lead to IV reuse.\n\nBoth truncations and overruns of the key and overruns of the IV will\nproduce incorrect results and could, in some cases, trigger a memory\nexception.  However, these issues are not currently assessed as security\ncritical.\n\nChanging the key and/or IV lengths is not considered to be a common operation\nand the vulnerable API was recently introduced. Furthermore it is likely that\napplication developers will have spotted this problem during testing since\ndecryption would fail unless both peers in the communication were similarly\nvulnerable. For these reasons we expect the probability of an application being\nvulnerable to this to be quite low. However if an application is vulnerable then\nthis issue is considered very serious. For these reasons we have assessed this\nissue as Moderate severity overall.\n\nThe OpenSSL SSL/TLS implementation is not affected by this issue.\n\nThe OpenSSL 3.0 and 3.1 FIPS providers are not affected by this because\nthe issue lies outside of the FIPS provider boundary.\n\nOpenSSL 3.1 and 3.0 are vulnerable to this issue.",
          "Severity": "HIGH",
          "CVSS": {
            "nvd": {
              "V3Vector": "CVSS:3.1/AV:N/AC:L/PR:N/UI:N/S:U/C:H/I:N/A:N",
              "V3Score": 7.5
            },
            "redhat": {
              "V3Vector": "CVSS:3.1/AV:N/AC:L/PR:N/UI:N/S:U/C:H/I:N/A:N",
              "V3Score": 7.5
            }
          },
          "References": [
            "http://www.openwall.com/lists/oss-security/2023/10/24/1",
            "https://access.redhat.com/security/cve/CVE-2023-5363",
            "https://cve.mitre.org/cgi-bin/cvename.cgi?name=CVE-2023-5363",
            "https://git.openssl.org/gitweb/?p=openssl.git;a=commitdiff;h=0df40630850fb2740e6be6890bb905d3fc623b2d",
            "https://git.openssl.org/gitweb/?p=openssl.git;a=commitdiff;h=5f69f5c65e483928c4b28ed16af6e5742929f1ee",
            "https://nvd.nist.gov/vuln/detail/CVE-2023-5363",
            "https://security.netapp.com/advisory/ntap-20231027-0010/",
            "https://ubuntu.com/security/notices/USN-6450-1",
            "https://www.cve.org/CVERecord?id=CVE-2023-5363",
            "https://www.debian.org/security/2023/dsa-5532",
            "https://www.openssl.org/news/secadv/20231024.txt"
          ],
          "PublishedDate": "2023-10-25T18:17:00Z",
          "LastModifiedDate": "2023-11-09T13:55:00Z"
        }
      ]
    },
    {
      "Target": "Node.js",
      "Class": "lang-pkgs",
      "Type": "node-pkg",
      "Vulnerabilities": [
        {
          "VulnerabilityID": "CVE-2020-36632",
          "PkgID": "flat@4.1.1",
          "PkgName": "flat",
          "PkgPath": "node_modules/json2csv/node_modules/flat/package.json",
          "InstalledVersion": "4.1.1",
          "FixedVersion": "5.0.1",
          "Status": "fixed",
          "Layer": {
            "DiffID": "sha256:3eef630f78b4393cef2d6c92dd87141ee0719fade5a2f809090cfff24bb75bcc"
          },
          "SeveritySource": "ghsa",
          "PrimaryURL": "https://avd.aquasec.com/nvd/cve-2020-36632",
          "DataSource": {
            "ID": "ghsa",
            "Name": "GitHub Security Advisory npm",
            "URL": "https://github.com/advisories?query=type%3Areviewed+ecosystem%3Anpm"
          },
          "Title": "flat vulnerable to Prototype Pollution",
          "Description": "A vulnerability, which was classified as critical, was found in hughsk flat up to 5.0.0. This affects the function unflatten of the file index.js. The manipulation leads to improperly controlled modification of object prototype attributes ('prototype pollution'). It is possible to initiate the attack remotely. Upgrading to version 5.0.1 is able to address this issue. The name of the patch is 20ef0ef55dfa028caddaedbcb33efbdb04d18e13. It is recommended to upgrade the affected component. The identifier VDB-216777 was assigned to this vulnerability.",
          "Severity": "CRITICAL",
          "CweIDs": [
            "CWE-1321"
          ],
          "CVSS": {
            "ghsa": {
              "V3Vector": "CVSS:3.1/AV:N/AC:L/PR:N/UI:N/S:U/C:H/I:H/A:H",
              "V3Score": 9.8
            },
            "nvd": {
              "V3Vector": "CVSS:3.1/AV:N/AC:L/PR:N/UI:N/S:U/C:H/I:H/A:H",
              "V3Score": 9.8
            }
          },
          "References": [
            "https://github.com/hughsk/flat",
            "https://github.com/hughsk/flat/commit/20ef0ef55dfa028caddaedbcb33efbdb04d18e13",
            "https://github.com/hughsk/flat/issues/105",
            "https://github.com/hughsk/flat/pull/106",
            "https://github.com/hughsk/flat/releases/tag/5.0.1",
            "https://nvd.nist.gov/vuln/detail/CVE-2020-36632",
            "https://vuldb.com/?ctiid.216777",
            "https://vuldb.com/?id.216777"
          ],
          "PublishedDate": "2022-12-25T20:15:00Z",
          "LastModifiedDate": "2023-11-07T03:22:00Z"
        },
        {
          "VulnerabilityID": "CVE-2020-36632",
          "PkgID": "flat@4.1.1",
          "PkgName": "flat",
          "PkgPath": "usr/local/share/.cache/yarn/v6/npm-flat-4.1.1-a392059cc382881ff98642f5da4dde0a959f309b-integrity/node_modules/flat/package.json",
          "InstalledVersion": "4.1.1",
          "FixedVersion": "5.0.1",
          "Status": "fixed",
          "Layer": {
            "DiffID": "sha256:3eef630f78b4393cef2d6c92dd87141ee0719fade5a2f809090cfff24bb75bcc"
          },
          "SeveritySource": "ghsa",
          "PrimaryURL": "https://avd.aquasec.com/nvd/cve-2020-36632",
          "DataSource": {
            "ID": "ghsa",
            "Name": "GitHub Security Advisory npm",
            "URL": "https://github.com/advisories?query=type%3Areviewed+ecosystem%3Anpm"
          },
          "Title": "flat vulnerable to Prototype Pollution",
          "Description": "A vulnerability, which was classified as critical, was found in hughsk flat up to 5.0.0. This affects the function unflatten of the file index.js. The manipulation leads to improperly controlled modification of object prototype attributes ('prototype pollution'). It is possible to initiate the attack remotely. Upgrading to version 5.0.1 is able to address this issue. The name of the patch is 20ef0ef55dfa028caddaedbcb33efbdb04d18e13. It is recommended to upgrade the affected component. The identifier VDB-216777 was assigned to this vulnerability.",
          "Severity": "CRITICAL",
          "CweIDs": [
            "CWE-1321"
          ],
          "CVSS": {
            "ghsa": {
              "V3Vector": "CVSS:3.1/AV:N/AC:L/PR:N/UI:N/S:U/C:H/I:H/A:H",
              "V3Score": 9.8
            },
            "nvd": {
              "V3Vector": "CVSS:3.1/AV:N/AC:L/PR:N/UI:N/S:U/C:H/I:H/A:H",
              "V3Score": 9.8
            }
          },
          "References": [
            "https://github.com/hughsk/flat",
            "https://github.com/hughsk/flat/commit/20ef0ef55dfa028caddaedbcb33efbdb04d18e13",
            "https://github.com/hughsk/flat/issues/105",
            "https://github.com/hughsk/flat/pull/106",
            "https://github.com/hughsk/flat/releases/tag/5.0.1",
            "https://nvd.nist.gov/vuln/detail/CVE-2020-36632",
            "https://vuldb.com/?ctiid.216777",
            "https://vuldb.com/?id.216777"
          ],
          "PublishedDate": "2022-12-25T20:15:00Z",
          "LastModifiedDate": "2023-11-07T03:22:00Z"
        },
        {
          "VulnerabilityID": "CVE-2021-44906",
          "PkgID": "minimist@0.0.10",
          "PkgName": "minimist",
          "PkgPath": "node_modules/minimist/package.json",
          "InstalledVersion": "0.0.10",
          "FixedVersion": "1.2.6, 0.2.4",
          "Status": "fixed",
          "Layer": {
            "DiffID": "sha256:3eef630f78b4393cef2d6c92dd87141ee0719fade5a2f809090cfff24bb75bcc"
          },
          "SeveritySource": "ghsa",
          "PrimaryURL": "https://avd.aquasec.com/nvd/cve-2021-44906",
          "DataSource": {
            "ID": "ghsa",
            "Name": "GitHub Security Advisory npm",
            "URL": "https://github.com/advisories?query=type%3Areviewed+ecosystem%3Anpm"
          },
          "Title": "prototype pollution",
          "Description": "Minimist \u003c=1.2.5 is vulnerable to Prototype Pollution via file index.js, function setKey() (lines 69-95).",
          "Severity": "CRITICAL",
          "CweIDs": [
            "CWE-1321"
          ],
          "CVSS": {
            "ghsa": {
              "V3Vector": "CVSS:3.1/AV:N/AC:L/PR:N/UI:N/S:U/C:H/I:H/A:H",
              "V3Score": 9.8
            },
            "nvd": {
              "V2Vector": "AV:N/AC:L/Au:N/C:P/I:P/A:P",
              "V3Vector": "CVSS:3.1/AV:N/AC:L/PR:N/UI:N/S:U/C:H/I:H/A:H",
              "V2Score": 7.5,
              "V3Score": 9.8
            },
            "redhat": {
              "V3Vector": "CVSS:3.1/AV:N/AC:L/PR:N/UI:N/S:U/C:H/I:H/A:H",
              "V3Score": 9.8
            }
          },
          "References": [
            "https://access.redhat.com/errata/RHSA-2023:0321",
            "https://access.redhat.com/security/cve/CVE-2021-44906",
            "https://bugzilla.redhat.com/2066009",
            "https://bugzilla.redhat.com/2130518",
            "https://bugzilla.redhat.com/2134609",
            "https://bugzilla.redhat.com/2140911",
            "https://bugzilla.redhat.com/show_bug.cgi?id=2066009",
            "https://bugzilla.redhat.com/show_bug.cgi?id=2130518",
            "https://bugzilla.redhat.com/show_bug.cgi?id=2134609",
            "https://bugzilla.redhat.com/show_bug.cgi?id=2140911",
            "https://bugzilla.redhat.com/show_bug.cgi?id=2142808",
            "https://cve.mitre.org/cgi-bin/cvename.cgi?name=CVE-2021-44906",
            "https://cve.mitre.org/cgi-bin/cvename.cgi?name=CVE-2022-3517",
            "https://cve.mitre.org/cgi-bin/cvename.cgi?name=CVE-2022-35256",
            "https://cve.mitre.org/cgi-bin/cvename.cgi?name=CVE-2022-43548",
            "https://errata.almalinux.org/9/ALSA-2023-0321.html",
            "https://errata.rockylinux.org/RLSA-2023:0321",
            "https://github.com/Marynk/JavaScript-vulnerability-detection/blob/main/minimist%20PoC.zip",
            "https://github.com/advisories/GHSA-xvch-5gv4-984h",
            "https://github.com/minimistjs/minimist/commit/34e20b8461118608703d6485326abbb8e35e1703",
            "https://github.com/minimistjs/minimist/commit/bc8ecee43875261f4f17eb20b1243d3ed15e70eb",
            "https://github.com/minimistjs/minimist/commit/c2b981977fa834b223b408cfb860f933c9811e4d",
            "https://github.com/minimistjs/minimist/commit/ef9153fc52b6cea0744b2239921c5dcae4697f11",
            "https://github.com/minimistjs/minimist/commits/v0.2.4",
            "https://github.com/minimistjs/minimist/issues/11",
            "https://github.com/minimistjs/minimist/pull/24",
            "https://github.com/substack/minimist",
            "https://github.com/substack/minimist/blob/master/index.js#L69",
            "https://github.com/substack/minimist/issues/164",
            "https://linux.oracle.com/cve/CVE-2021-44906.html",
            "https://linux.oracle.com/errata/ELSA-2023-0321.html",
            "https://nvd.nist.gov/vuln/detail/CVE-2021-44906",
            "https://snyk.io/vuln/SNYK-JS-MINIMIST-559764",
            "https://stackoverflow.com/questions/8588563/adding-custom-properties-to-a-function/20278068#20278068",
            "https://www.cve.org/CVERecord?id=CVE-2021-44906"
          ],
          "PublishedDate": "2022-03-17T16:15:00Z",
          "LastModifiedDate": "2022-04-12T16:52:00Z"
        },
        {
          "VulnerabilityID": "CVE-2021-44906",
          "PkgID": "minimist@0.0.10",
          "PkgName": "minimist",
          "PkgPath": "usr/local/share/.cache/yarn/v6/npm-minimist-0.0.10-de3f98543dbf96082be48ad1a0c7cda836301dcf-integrity/node_modules/minimist/package.json",
          "InstalledVersion": "0.0.10",
          "FixedVersion": "1.2.6, 0.2.4",
          "Status": "fixed",
          "Layer": {
            "DiffID": "sha256:3eef630f78b4393cef2d6c92dd87141ee0719fade5a2f809090cfff24bb75bcc"
          },
          "SeveritySource": "ghsa",
          "PrimaryURL": "https://avd.aquasec.com/nvd/cve-2021-44906",
          "DataSource": {
            "ID": "ghsa",
            "Name": "GitHub Security Advisory npm",
            "URL": "https://github.com/advisories?query=type%3Areviewed+ecosystem%3Anpm"
          },
          "Title": "prototype pollution",
          "Description": "Minimist \u003c=1.2.5 is vulnerable to Prototype Pollution via file index.js, function setKey() (lines 69-95).",
          "Severity": "CRITICAL",
          "CweIDs": [
            "CWE-1321"
          ],
          "CVSS": {
            "ghsa": {
              "V3Vector": "CVSS:3.1/AV:N/AC:L/PR:N/UI:N/S:U/C:H/I:H/A:H",
              "V3Score": 9.8
            },
            "nvd": {
              "V2Vector": "AV:N/AC:L/Au:N/C:P/I:P/A:P",
              "V3Vector": "CVSS:3.1/AV:N/AC:L/PR:N/UI:N/S:U/C:H/I:H/A:H",
              "V2Score": 7.5,
              "V3Score": 9.8
            },
            "redhat": {
              "V3Vector": "CVSS:3.1/AV:N/AC:L/PR:N/UI:N/S:U/C:H/I:H/A:H",
              "V3Score": 9.8
            }
          },
          "References": [
            "https://access.redhat.com/errata/RHSA-2023:0321",
            "https://access.redhat.com/security/cve/CVE-2021-44906",
            "https://bugzilla.redhat.com/2066009",
            "https://bugzilla.redhat.com/2130518",
            "https://bugzilla.redhat.com/2134609",
            "https://bugzilla.redhat.com/2140911",
            "https://bugzilla.redhat.com/show_bug.cgi?id=2066009",
            "https://bugzilla.redhat.com/show_bug.cgi?id=2130518",
            "https://bugzilla.redhat.com/show_bug.cgi?id=2134609",
            "https://bugzilla.redhat.com/show_bug.cgi?id=2140911",
            "https://bugzilla.redhat.com/show_bug.cgi?id=2142808",
            "https://cve.mitre.org/cgi-bin/cvename.cgi?name=CVE-2021-44906",
            "https://cve.mitre.org/cgi-bin/cvename.cgi?name=CVE-2022-3517",
            "https://cve.mitre.org/cgi-bin/cvename.cgi?name=CVE-2022-35256",
            "https://cve.mitre.org/cgi-bin/cvename.cgi?name=CVE-2022-43548",
            "https://errata.almalinux.org/9/ALSA-2023-0321.html",
            "https://errata.rockylinux.org/RLSA-2023:0321",
            "https://github.com/Marynk/JavaScript-vulnerability-detection/blob/main/minimist%20PoC.zip",
            "https://github.com/advisories/GHSA-xvch-5gv4-984h",
            "https://github.com/minimistjs/minimist/commit/34e20b8461118608703d6485326abbb8e35e1703",
            "https://github.com/minimistjs/minimist/commit/bc8ecee43875261f4f17eb20b1243d3ed15e70eb",
            "https://github.com/minimistjs/minimist/commit/c2b981977fa834b223b408cfb860f933c9811e4d",
            "https://github.com/minimistjs/minimist/commit/ef9153fc52b6cea0744b2239921c5dcae4697f11",
            "https://github.com/minimistjs/minimist/commits/v0.2.4",
            "https://github.com/minimistjs/minimist/issues/11",
            "https://github.com/minimistjs/minimist/pull/24",
            "https://github.com/substack/minimist",
            "https://github.com/substack/minimist/blob/master/index.js#L69",
            "https://github.com/substack/minimist/issues/164",
            "https://linux.oracle.com/cve/CVE-2021-44906.html",
            "https://linux.oracle.com/errata/ELSA-2023-0321.html",
            "https://nvd.nist.gov/vuln/detail/CVE-2021-44906",
            "https://snyk.io/vuln/SNYK-JS-MINIMIST-559764",
            "https://stackoverflow.com/questions/8588563/adding-custom-properties-to-a-function/20278068#20278068",
            "https://www.cve.org/CVERecord?id=CVE-2021-44906"
          ],
          "PublishedDate": "2022-03-17T16:15:00Z",
          "LastModifiedDate": "2022-04-12T16:52:00Z"
        },
        {
          "VulnerabilityID": "CVE-2020-7598",
          "PkgID": "minimist@0.0.10",
          "PkgName": "minimist",
          "PkgPath": "node_modules/minimist/package.json",
          "InstalledVersion": "0.0.10",
          "FixedVersion": "0.2.1, 1.2.3",
          "Status": "fixed",
          "Layer": {
            "DiffID": "sha256:3eef630f78b4393cef2d6c92dd87141ee0719fade5a2f809090cfff24bb75bcc"
          },
          "SeveritySource": "ghsa",
          "PrimaryURL": "https://avd.aquasec.com/nvd/cve-2020-7598",
          "DataSource": {
            "ID": "ghsa",
            "Name": "GitHub Security Advisory npm",
            "URL": "https://github.com/advisories?query=type%3Areviewed+ecosystem%3Anpm"
          },
          "Title": "nodejs-minimist: prototype pollution allows adding or modifying properties of Object.prototype using a constructor or __proto__ payload",
          "Description": "minimist before 1.2.2 could be tricked into adding or modifying properties of Object.prototype using a \"constructor\" or \"__proto__\" payload.",
          "Severity": "MEDIUM",
          "CweIDs": [
            "CWE-1321"
          ],
          "CVSS": {
            "ghsa": {
              "V3Vector": "CVSS:3.1/AV:N/AC:H/PR:N/UI:N/S:U/C:L/I:L/A:L",
              "V3Score": 5.6
            },
            "nvd": {
              "V2Vector": "AV:N/AC:M/Au:N/C:P/I:P/A:P",
              "V3Vector": "CVSS:3.1/AV:N/AC:H/PR:N/UI:N/S:U/C:L/I:L/A:L",
              "V2Score": 6.8,
              "V3Score": 5.6
            },
            "redhat": {
              "V3Vector": "CVSS:3.1/AV:N/AC:H/PR:N/UI:N/S:U/C:L/I:L/A:L",
              "V3Score": 5.6
            }
          },
          "References": [
            "http://lists.opensuse.org/opensuse-security-announce/2020-06/msg00024.html",
            "https://access.redhat.com/security/cve/CVE-2020-7598",
            "https://errata.almalinux.org/8/ALSA-2020-2852.html",
            "https://github.com/minimistjs/minimist/commit/10bd4cdf49d9686d48214be9d579a9cdfda37c68",
            "https://github.com/minimistjs/minimist/commit/38a4d1caead72ef99e824bb420a2528eec03d9ab",
            "https://github.com/minimistjs/minimist/commit/4cf1354839cb972e38496d35e12f806eea92c11f#diff-a1e0ee62c91705696ddb71aa30ad4f95",
            "https://github.com/minimistjs/minimist/commit/63e7ed05aa4b1889ec2f3b196426db4500cbda94",
            "https://github.com/substack/minimist",
            "https://linux.oracle.com/cve/CVE-2020-7598.html",
            "https://linux.oracle.com/errata/ELSA-2020-2852.html",
            "https://nvd.nist.gov/vuln/detail/CVE-2020-7598",
            "https://snyk.io/vuln/SNYK-JS-MINIMIST-559764",
            "https://www.cve.org/CVERecord?id=CVE-2020-7598",
            "https://www.npmjs.com/advisories/1179"
          ],
          "PublishedDate": "2020-03-11T23:15:00Z",
          "LastModifiedDate": "2022-04-22T19:02:00Z"
        },
        {
          "VulnerabilityID": "CVE-2020-7598",
          "PkgID": "minimist@0.0.10",
          "PkgName": "minimist",
          "PkgPath": "usr/local/share/.cache/yarn/v6/npm-minimist-0.0.10-de3f98543dbf96082be48ad1a0c7cda836301dcf-integrity/node_modules/minimist/package.json",
          "InstalledVersion": "0.0.10",
          "FixedVersion": "0.2.1, 1.2.3",
          "Status": "fixed",
          "Layer": {
            "DiffID": "sha256:3eef630f78b4393cef2d6c92dd87141ee0719fade5a2f809090cfff24bb75bcc"
          },
          "SeveritySource": "ghsa",
          "PrimaryURL": "https://avd.aquasec.com/nvd/cve-2020-7598",
          "DataSource": {
            "ID": "ghsa",
            "Name": "GitHub Security Advisory npm",
            "URL": "https://github.com/advisories?query=type%3Areviewed+ecosystem%3Anpm"
          },
          "Title": "nodejs-minimist: prototype pollution allows adding or modifying properties of Object.prototype using a constructor or __proto__ payload",
          "Description": "minimist before 1.2.2 could be tricked into adding or modifying properties of Object.prototype using a \"constructor\" or \"__proto__\" payload.",
          "Severity": "MEDIUM",
          "CweIDs": [
            "CWE-1321"
          ],
          "CVSS": {
            "ghsa": {
              "V3Vector": "CVSS:3.1/AV:N/AC:H/PR:N/UI:N/S:U/C:L/I:L/A:L",
              "V3Score": 5.6
            },
            "nvd": {
              "V2Vector": "AV:N/AC:M/Au:N/C:P/I:P/A:P",
              "V3Vector": "CVSS:3.1/AV:N/AC:H/PR:N/UI:N/S:U/C:L/I:L/A:L",
              "V2Score": 6.8,
              "V3Score": 5.6
            },
            "redhat": {
              "V3Vector": "CVSS:3.1/AV:N/AC:H/PR:N/UI:N/S:U/C:L/I:L/A:L",
              "V3Score": 5.6
            }
          },
          "References": [
            "http://lists.opensuse.org/opensuse-security-announce/2020-06/msg00024.html",
            "https://access.redhat.com/security/cve/CVE-2020-7598",
            "https://errata.almalinux.org/8/ALSA-2020-2852.html",
            "https://github.com/minimistjs/minimist/commit/10bd4cdf49d9686d48214be9d579a9cdfda37c68",
            "https://github.com/minimistjs/minimist/commit/38a4d1caead72ef99e824bb420a2528eec03d9ab",
            "https://github.com/minimistjs/minimist/commit/4cf1354839cb972e38496d35e12f806eea92c11f#diff-a1e0ee62c91705696ddb71aa30ad4f95",
            "https://github.com/minimistjs/minimist/commit/63e7ed05aa4b1889ec2f3b196426db4500cbda94",
            "https://github.com/substack/minimist",
            "https://linux.oracle.com/cve/CVE-2020-7598.html",
            "https://linux.oracle.com/errata/ELSA-2020-2852.html",
            "https://nvd.nist.gov/vuln/detail/CVE-2020-7598",
            "https://snyk.io/vuln/SNYK-JS-MINIMIST-559764",
            "https://www.cve.org/CVERecord?id=CVE-2020-7598",
            "https://www.npmjs.com/advisories/1179"
          ],
          "PublishedDate": "2020-03-11T23:15:00Z",
          "LastModifiedDate": "2022-04-22T19:02:00Z"
        },
        {
          "VulnerabilityID": "CVE-2023-25345",
          "PkgID": "swig-templates@2.0.3",
          "PkgName": "swig-templates",
          "PkgPath": "node_modules/swig-templates/package.json",
          "InstalledVersion": "2.0.3",
          "Status": "affected",
          "Layer": {
            "DiffID": "sha256:3eef630f78b4393cef2d6c92dd87141ee0719fade5a2f809090cfff24bb75bcc"
          },
          "SeveritySource": "ghsa",
          "PrimaryURL": "https://avd.aquasec.com/nvd/cve-2023-25345",
          "DataSource": {
            "ID": "ghsa",
            "Name": "GitHub Security Advisory npm",
            "URL": "https://github.com/advisories?query=type%3Areviewed+ecosystem%3Anpm"
          },
          "Title": "Arbitrary local file read vulnerability during template rendering ",
          "Description": "Directory traversal vulnerability in swig-templates thru 2.0.4 and swig thru 1.4.2, allows attackers to read arbitrary files via the include or extends tags.",
          "Severity": "HIGH",
          "CweIDs": [
            "CWE-22"
          ],
          "CVSS": {
            "ghsa": {
              "V3Vector": "CVSS:3.1/AV:N/AC:L/PR:N/UI:N/S:U/C:H/I:N/A:N",
              "V3Score": 7.5
            },
            "nvd": {
              "V3Vector": "CVSS:3.1/AV:N/AC:L/PR:N/UI:N/S:U/C:H/I:N/A:N",
              "V3Score": 7.5
            }
          },
          "References": [
            "https://github.com/node-swig/swig-templates/issues/88",
            "https://nvd.nist.gov/vuln/detail/CVE-2023-25345"
          ],
          "PublishedDate": "2023-03-15T20:15:00Z",
          "LastModifiedDate": "2023-03-18T03:50:00Z"
        },
        {
          "VulnerabilityID": "CVE-2023-25345",
          "PkgID": "swig-templates@2.0.3",
          "PkgName": "swig-templates",
          "PkgPath": "usr/local/share/.cache/yarn/v6/npm-swig-templates-2.0.3-6b4c43b462175df2a8da857a2043379ec6ea6fd0-integrity/node_modules/swig-templates/package.json",
          "InstalledVersion": "2.0.3",
          "Status": "affected",
          "Layer": {
            "DiffID": "sha256:3eef630f78b4393cef2d6c92dd87141ee0719fade5a2f809090cfff24bb75bcc"
          },
          "SeveritySource": "ghsa",
          "PrimaryURL": "https://avd.aquasec.com/nvd/cve-2023-25345",
          "DataSource": {
            "ID": "ghsa",
            "Name": "GitHub Security Advisory npm",
            "URL": "https://github.com/advisories?query=type%3Areviewed+ecosystem%3Anpm"
          },
          "Title": "Arbitrary local file read vulnerability during template rendering ",
          "Description": "Directory traversal vulnerability in swig-templates thru 2.0.4 and swig thru 1.4.2, allows attackers to read arbitrary files via the include or extends tags.",
          "Severity": "HIGH",
          "CweIDs": [
            "CWE-22"
          ],
          "CVSS": {
            "ghsa": {
              "V3Vector": "CVSS:3.1/AV:N/AC:L/PR:N/UI:N/S:U/C:H/I:N/A:N",
              "V3Score": 7.5
            },
            "nvd": {
              "V3Vector": "CVSS:3.1/AV:N/AC:L/PR:N/UI:N/S:U/C:H/I:N/A:N",
              "V3Score": 7.5
            }
          },
          "References": [
            "https://github.com/node-swig/swig-templates/issues/88",
            "https://nvd.nist.gov/vuln/detail/CVE-2023-25345"
          ],
          "PublishedDate": "2023-03-15T20:15:00Z",
          "LastModifiedDate": "2023-03-18T03:50:00Z"
        }
      ]
    }
  ]
}
