{
  "SchemaVersion": 2,
  "ArtifactName": "nats-streaming",
  "ArtifactType": "container_image",
  "Metadata": {
    "ImageID": "sha256:f53a1183bda78c565c1bab8c7245b4fbd5d067585d4aa4f7058664944008aebe",
    "DiffIDs": [
      "sha256:52fb0116eb869de1a8fdcfed47288526459b7b12918ae5efd89d9b652de7e83a"
    ],
    "RepoTags": [
      "nats-streaming:latest"
    ],
    "RepoDigests": [
      "nats-streaming@sha256:af03d0bf0ea31d3728bc308b7c8e2f21eb38e9605b45e45ea1ed0225f87a2aa3"
    ],
    "ImageConfig": {
      "architecture": "amd64",
      "container": "a028f135bae943b03bad2cd76d77460eff5d72a800e66ba24446ad42bc888379",
      "created": "2023-11-18T02:29:01.606609233Z",
      "docker_version": "20.10.23",
      "history": [
        {
          "created": "2023-11-18T02:29:01Z",
          "created_by": "/bin/sh -c #(nop) COPY file:92b8f18bcb458f5a197f505a3104acf1ff24dd17af04c49ea6ec9023b8329567 in /nats-streaming-server "
        },
        {
          "created": "2023-11-18T02:29:01Z",
          "created_by": "/bin/sh -c #(nop)  EXPOSE 4222 8222",
          "empty_layer": true
        },
        {
          "created": "2023-11-18T02:29:01Z",
          "created_by": "/bin/sh -c #(nop)  ENTRYPOINT [\"/nats-streaming-server\"]",
          "empty_layer": true
        },
        {
          "created": "2023-11-18T02:29:01Z",
          "created_by": "/bin/sh -c #(nop)  CMD [\"-m\" \"8222\"]",
          "empty_layer": true
        }
      ],
      "os": "linux",
      "rootfs": {
        "type": "layers",
        "diff_ids": [
          "sha256:52fb0116eb869de1a8fdcfed47288526459b7b12918ae5efd89d9b652de7e83a"
        ]
      },
      "config": {
        "Cmd": [
          "-m",
          "8222"
        ],
        "Entrypoint": [
          "/nats-streaming-server"
        ],
        "Env": [
          "PATH=/usr/local/sbin:/usr/local/bin:/usr/sbin:/usr/bin:/sbin:/bin"
        ],
        "Image": "sha256:0069bc3c9f48e43fb43444ba0b4149caa23f00da3482690b0a73294bfaa9f25e"
      }
    }
  }
}
