{
  "SchemaVersion": 2,
  "ArtifactName": "nats",
  "ArtifactType": "container_image",
  "Metadata": {
    "ImageID": "sha256:7c915a3a784500564d97666dfd079f51bd760ec9381c8e37672164ee5a8814dd",
    "DiffIDs": [
      "sha256:8e9b6f1f2af394edc7058019359002a668fbaab6f205aa43264310035f96fc4c",
      "sha256:32a8681400c989c2302a9e252e3c079e756214640625136ce5b6dc2a2d24d5c5"
    ],
    "RepoTags": [
      "nats:latest"
    ],
    "RepoDigests": [
      "nats@sha256:bf3938df9cdee67e48fe9406e54082309eed31aa35c7af201b29cb813ac794eb"
    ],
    "ImageConfig": {
      "architecture": "amd64",
      "container": "6f5338ce0835f21f6fcddeb951229aad40ba1440546e90df4d0fb43635c1f3a5",
      "created": "2023-11-09T23:20:16.17967865Z",
      "docker_version": "20.10.23",
      "history": [
        {
          "created": "2023-10-21T02:39:39Z",
          "created_by": "/bin/sh -c #(nop)  ENV PATH=/usr/local/sbin:/usr/local/bin:/usr/sbin:/usr/bin:/sbin:/bin:/",
          "empty_layer": true
        },
        {
          "created": "2023-11-09T23:20:15Z",
          "created_by": "/bin/sh -c #(nop) COPY file:eb240b5bffcc0f613e659042b381fda542cd7e880986c213f55614d8c9cd276c in /nats-server "
        },
        {
          "created": "2023-11-09T23:20:15Z",
          "created_by": "/bin/sh -c #(nop) COPY file:2c51166f33066351f3cfe3734f884c41f36fb66575bdde453c5c93e819cfae35 in /nats-server.conf "
        },
        {
          "created": "2023-11-09T23:20:16Z",
          "created_by": "/bin/sh -c #(nop)  EXPOSE 4222 6222 8222",
          "empty_layer": true
        },
        {
          "created": "2023-11-09T23:20:16Z",
          "created_by": "/bin/sh -c #(nop)  ENTRYPOINT [\"/nats-server\"]",
          "empty_layer": true
        },
        {
          "created": "2023-11-09T23:20:16Z",
          "created_by": "/bin/sh -c #(nop)  CMD [\"--config\" \"nats-server.conf\"]",
          "empty_layer": true
        }
      ],
      "os": "linux",
      "rootfs": {
        "type": "layers",
        "diff_ids": [
          "sha256:8e9b6f1f2af394edc7058019359002a668fbaab6f205aa43264310035f96fc4c",
          "sha256:32a8681400c989c2302a9e252e3c079e756214640625136ce5b6dc2a2d24d5c5"
        ]
      },
      "config": {
        "Cmd": [
          "--config",
          "nats-server.conf"
        ],
        "Entrypoint": [
          "/nats-server"
        ],
        "Env": [
          "PATH=/usr/local/sbin:/usr/local/bin:/usr/sbin:/usr/bin:/sbin:/bin:/"
        ],
        "Image": "sha256:12fe1e442b7bd1034ccccd481e36bf0d895b296b435cc8528ebe28c3bd50dd8a"
      }
    }
  }
}
