{
  "SchemaVersion": 2,
  "ArtifactName": "r-base",
  "ArtifactType": "container_image",
  "Metadata": {
    "OS": {
      "Family": "debian",
      "Name": "trixie/sid"
    },
    "ImageID": "sha256:2931a1428b2039d448015ef081c8df6642fd3e4a045fde3995d386c886312688",
    "DiffIDs": [
      "sha256:91cce16443cc48a773bd0b49a8fb821610070b15c9a0b521150d632451356b14",
      "sha256:4f995b8c6dad2326f4fa9de5a4e557d098017b1200021cdac953b5ac82b57425",
      "sha256:156b50b9b1d0733d4566e63549e2e652acaaccd932cfbd70058af35c7f07d6ea",
      "sha256:d98221526e6c17bc5a9113d56962431c820aa9c10e51b98a61bca9eea77dd9f1",
      "sha256:48bc11c3e7839613c180c5c2e584597a407ea2bf1d8b46aa586c85f11ee555a7",
      "sha256:220ce814eeb6f21d34d723d3d18a3f5582dcbaa4f6cbf5b4da38030a78d94769"
    ],
    "RepoTags": [
      "r-base:latest"
    ],
    "RepoDigests": [
      "r-base@sha256:f517328b97a6eee309a2d94560f9bf7fed8ddaf5ec5ed36a357bf2eecfe5eee7"
    ],
    "ImageConfig": {
      "architecture": "amd64",
      "container": "c5f722f0df9c8215d918b167b1c54d3610c382409ea1fb9269378da006ce33b5",
      "created": "2023-11-01T00:41:19.989872454Z",
      "docker_version": "20.10.23",
      "history": [
        {
          "created": "2023-11-01T00:23:10Z",
          "created_by": "/bin/sh -c #(nop) ADD file:490136e40a0d35b152441fda2b93822007355ecd4d486c38c8155e8b91bd5184 in / "
        },
        {
          "created": "2023-11-01T00:23:10Z",
          "created_by": "/bin/sh -c #(nop)  CMD [\"bash\"]",
          "empty_layer": true
        },
        {
          "created": "2023-11-01T00:40:08Z",
          "created_by": "/bin/sh -c #(nop)  LABEL org.opencontainers.image.licenses=GPL-2.0-or-later org.opencontainers.image.source=https://github.com/rocker-org/rocker org.opencontainers.image.vendor=Rocker Project org.opencontainers.image.authors=Dirk Eddelbuettel \u003cedd@debian.org\u003e",
          "empty_layer": true
        },
        {
          "created": "2023-11-01T00:40:09Z",
          "created_by": "/bin/sh -c useradd -s /bin/bash -m docker \t\u0026\u0026 usermod -a -G staff docker"
        },
        {
          "created": "2023-11-01T00:40:19Z",
          "created_by": "/bin/sh -c apt-get update \t\u0026\u0026 apt-get install -y --no-install-recommends \t\ted \t\tless \t\tlocales \t\tvim-tiny \t\twget \t\tca-certificates \t\tfonts-texgyre \t\u0026\u0026 rm -rf /var/lib/apt/lists/*"
        },
        {
          "created": "2023-11-01T00:40:21Z",
          "created_by": "/bin/sh -c echo \"en_US.UTF-8 UTF-8\" \u003e\u003e /etc/locale.gen \t\u0026\u0026 locale-gen en_US.utf8 \t\u0026\u0026 /usr/sbin/update-locale LANG=en_US.UTF-8"
        },
        {
          "created": "2023-11-01T00:40:21Z",
          "created_by": "/bin/sh -c #(nop)  ENV LC_ALL=en_US.UTF-8",
          "empty_layer": true
        },
        {
          "created": "2023-11-01T00:40:21Z",
          "created_by": "/bin/sh -c #(nop)  ENV LANG=en_US.UTF-8",
          "empty_layer": true
        },
        {
          "created": "2023-11-01T00:40:22Z",
          "created_by": "/bin/sh -c echo \"deb http://http.debian.net/debian sid main\" \u003e /etc/apt/sources.list.d/debian-unstable.list         \u0026\u0026 echo 'APT::Default-Release \"testing\";' \u003e /etc/apt/apt.conf.d/default         \u0026\u0026 echo 'APT::Install-Recommends \"false\";' \u003e /etc/apt/apt.conf.d/90local-no-recommends"
        },
        {
          "created": "2023-11-01T00:40:22Z",
          "created_by": "/bin/sh -c #(nop)  ENV R_BASE_VERSION=4.3.2",
          "empty_layer": true
        },
        {
          "created": "2023-11-01T00:41:18Z",
          "created_by": "/bin/sh -c apt-get update         \u0026\u0026 apt-get install -y --no-install-recommends                 libopenblas0-pthread \t\tlittler                 r-cran-docopt                 r-cran-littler \t\tr-base=${R_BASE_VERSION}-* \t\tr-base-dev=${R_BASE_VERSION}-*                 r-base-core=${R_BASE_VERSION}-* \t\tr-recommended=${R_BASE_VERSION}-* \t\u0026\u0026 chown root:staff \"/usr/local/lib/R/site-library\" \t\u0026\u0026 chmod g+ws \"/usr/local/lib/R/site-library\" \t\u0026\u0026 ln -s /usr/lib/R/site-library/littler/examples/install.r /usr/local/bin/install.r \t\u0026\u0026 ln -s /usr/lib/R/site-library/littler/examples/install2.r /usr/local/bin/install2.r \t\u0026\u0026 ln -s /usr/lib/R/site-library/littler/examples/installBioc.r /usr/local/bin/installBioc.r \t\u0026\u0026 ln -s /usr/lib/R/site-library/littler/examples/installDeps.r /usr/local/bin/installDeps.r \t\u0026\u0026 ln -s /usr/lib/R/site-library/littler/examples/installGithub.r /usr/local/bin/installGithub.r \t\u0026\u0026 ln -s /usr/lib/R/site-library/littler/examples/testInstalled.r /usr/local/bin/testInstalled.r \t\u0026\u0026 rm -rf /tmp/downloaded_packages/ /tmp/*.rds \t\u0026\u0026 rm -rf /var/lib/apt/lists/*"
        },
        {
          "created": "2023-11-01T00:41:19Z",
          "created_by": "/bin/sh -c #(nop)  CMD [\"R\"]",
          "empty_layer": true
        }
      ],
      "os": "linux",
      "rootfs": {
        "type": "layers",
        "diff_ids": [
          "sha256:91cce16443cc48a773bd0b49a8fb821610070b15c9a0b521150d632451356b14",
          "sha256:4f995b8c6dad2326f4fa9de5a4e557d098017b1200021cdac953b5ac82b57425",
          "sha256:156b50b9b1d0733d4566e63549e2e652acaaccd932cfbd70058af35c7f07d6ea",
          "sha256:d98221526e6c17bc5a9113d56962431c820aa9c10e51b98a61bca9eea77dd9f1",
          "sha256:48bc11c3e7839613c180c5c2e584597a407ea2bf1d8b46aa586c85f11ee555a7",
          "sha256:220ce814eeb6f21d34d723d3d18a3f5582dcbaa4f6cbf5b4da38030a78d94769"
        ]
      },
      "config": {
        "Cmd": [
          "R"
        ],
        "Env": [
          "PATH=/usr/local/sbin:/usr/local/bin:/usr/sbin:/usr/bin:/sbin:/bin",
          "LC_ALL=en_US.UTF-8",
          "LANG=en_US.UTF-8",
          "R_BASE_VERSION=4.3.2"
        ],
        "Image": "sha256:d094e7f4fc04e93831b5e30a320193765f171ee93c564f75360e650ad91a490e",
        "Labels": {
          "org.opencontainers.image.authors": "Dirk Eddelbuettel \u003cedd@debian.org\u003e",
          "org.opencontainers.image.licenses": "GPL-2.0-or-later",
          "org.opencontainers.image.source": "https://github.com/rocker-org/rocker",
          "org.opencontainers.image.vendor": "Rocker Project"
        }
      }
    }
  },
  "Results": [
    {
      "Target": "r-base (debian trixie/sid)",
      "Class": "os-pkgs",
      "Type": "debian"
    }
  ]
}
