{
  "SchemaVersion": 2,
  "ArtifactName": "rockylinux:9",
  "ArtifactType": "container_image",
  "Metadata": {
    "OS": {
      "Family": "rocky",
      "Name": "9.2"
    },
    "ImageID": "sha256:eeea865f4111bd48e16801554f44adf2db2fa4cb87a98ff7470d6de6be49fc15",
    "DiffIDs": [
      "sha256:bb25ee44616317f282ff1dd8b788797e3fd5f754b78425d564527fec4ca4f051"
    ],
    "RepoTags": [
      "rockylinux:9"
    ],
    "RepoDigests": [
      "rockylinux@sha256:b07e21a7bbcecbae55b9153317d333d4d50808bf5dc0859db0180b6fbd7afb3d"
    ],
    "ImageConfig": {
      "architecture": "amd64",
      "container": "c69a719d7a6100fa72a76ef9474bb57becad36dc951df57a6ae3ed1b14aa1925",
      "created": "2023-05-26T23:14:21.818712261Z",
      "docker_version": "20.10.23",
      "history": [
        {
          "created": "2023-05-26T23:14:21Z",
          "created_by": "/bin/sh -c #(nop) ADD file:15bcbe5a5621a2fc959a18c325c14ece68e6868a1e3e91ec3ed9260fed5a357b in / "
        },
        {
          "created": "2023-05-26T23:14:21Z",
          "created_by": "/bin/sh -c #(nop)  CMD [\"/bin/bash\"]",
          "empty_layer": true
        }
      ],
      "os": "linux",
      "rootfs": {
        "type": "layers",
        "diff_ids": [
          "sha256:bb25ee44616317f282ff1dd8b788797e3fd5f754b78425d564527fec4ca4f051"
        ]
      },
      "config": {
        "Cmd": [
          "/bin/bash"
        ],
        "Env": [
          "PATH=/usr/local/sbin:/usr/local/bin:/usr/sbin:/usr/bin:/sbin:/bin"
        ],
        "Image": "sha256:bd3cc61c6c6ed39416c95cb941fdd763475906a128dc0a2bc8ef350ca506bf19"
      }
    }
  },
  "Results": [
    {
      "Target": "rockylinux:9 (rocky 9.2)",
      "Class": "os-pkgs",
      "Type": "rocky",
      "Vulnerabilities": [
        {
          "VulnerabilityID": "CVE-2022-46663",
          "PkgID": "less@590-1.el9_0.x86_64",
          "PkgName": "less",
          "InstalledVersion": "590-1.el9_0",
          "FixedVersion": "590-2.el9_2",
          "Status": "fixed",
          "Layer": {
            "DiffID": "sha256:bb25ee44616317f282ff1dd8b788797e3fd5f754b78425d564527fec4ca4f051"
          },
          "SeveritySource": "rocky",
          "PrimaryURL": "https://avd.aquasec.com/nvd/cve-2022-46663",
          "DataSource": {
            "ID": "rocky",
            "Name": "Rocky Linux updateinfo",
            "URL": "https://download.rockylinux.org/pub/rocky/"
          },
          "Title": "crafted data can result in \"less -R\" not filtering ANSI escape sequences sent to the terminal",
          "Description": "In GNU Less before 609, crafted data can result in \"less -R\" not filtering ANSI escape sequences sent to the terminal.",
          "Severity": "MEDIUM",
          "CVSS": {
            "nvd": {
              "V3Vector": "CVSS:3.1/AV:N/AC:L/PR:N/UI:N/S:U/C:N/I:N/A:H",
              "V3Score": 7.5
            },
            "redhat": {
              "V3Vector": "CVSS:3.1/AV:N/AC:L/PR:N/UI:N/S:U/C:N/I:N/A:H",
              "V3Score": 7.5
            }
          },
          "References": [
            "http://www.greenwoodsoftware.com/less/news.609.html",
            "http://www.openwall.com/lists/oss-security/2023/02/07/7",
            "https://access.redhat.com/errata/RHSA-2023:3725",
            "https://access.redhat.com/security/cve/CVE-2022-46663",
            "https://bugzilla.redhat.com/2169621",
            "https://bugzilla.redhat.com/show_bug.cgi?id=2169621",
            "https://cve.mitre.org/cgi-bin/cvename.cgi?name=CVE-2022-46663",
            "https://errata.almalinux.org/9/ALSA-2023-3725.html",
            "https://errata.rockylinux.org/RLSA-2023:3725",
            "https://github.com/gwsw/less/commit/a78e1351113cef564d790a730d657a321624d79c",
            "https://linux.oracle.com/cve/CVE-2022-46663.html",
            "https://linux.oracle.com/errata/ELSA-2023-3725.html",
            "https://lists.fedoraproject.org/archives/list/package-announce%40lists.fedoraproject.org/message/LR7AUWB34JD4PCW3HHASBEDGGHFWPAQP/",
            "https://nvd.nist.gov/vuln/detail/CVE-2022-46663",
            "https://security.gentoo.org/glsa/202310-11",
            "https://ubuntu.com/security/notices/USN-5848-1",
            "https://www.cve.org/CVERecord?id=CVE-2022-46663",
            "https://www.openwall.com/lists/oss-security/2023/02/07/7"
          ],
          "PublishedDate": "2023-02-07T21:15:00Z",
          "LastModifiedDate": "2023-11-07T03:55:00Z"
        },
        {
          "VulnerabilityID": "CVE-2023-22652",
          "PkgID": "libeconf@0.4.1-2.el9.x86_64",
          "PkgName": "libeconf",
          "InstalledVersion": "0.4.1-2.el9",
          "FixedVersion": "0.4.1-3.el9_2",
          "Status": "fixed",
          "Layer": {
            "DiffID": "sha256:bb25ee44616317f282ff1dd8b788797e3fd5f754b78425d564527fec4ca4f051"
          },
          "SeveritySource": "rocky",
          "PrimaryURL": "https://avd.aquasec.com/nvd/cve-2023-22652",
          "DataSource": {
            "ID": "rocky",
            "Name": "Rocky Linux updateinfo",
            "URL": "https://download.rockylinux.org/pub/rocky/"
          },
          "Title": "stack-based buffer overflow in read_file() in lib/getfilecontents.c",
          "Description": "A Buffer Copy without Checking Size of Input ('Classic Buffer Overflow') vulnerability in openSUSE libeconf leads to DoS via malformed config files.\nThis issue affects libeconf: before 0.5.2.\n\n",
          "Severity": "MEDIUM",
          "CweIDs": [
            "CWE-120"
          ],
          "CVSS": {
            "nvd": {
              "V3Vector": "CVSS:3.1/AV:N/AC:L/PR:N/UI:R/S:U/C:N/I:N/A:H",
              "V3Score": 6.5
            },
            "redhat": {
              "V3Vector": "CVSS:3.1/AV:N/AC:L/PR:N/UI:R/S:U/C:N/I:N/A:H",
              "V3Score": 6.5
            }
          },
          "References": [
            "https://access.redhat.com/errata/RHSA-2023:4347",
            "https://access.redhat.com/security/cve/CVE-2023-22652",
            "https://bugzilla.redhat.com/2212463",
            "https://bugzilla.redhat.com/show_bug.cgi?id=2212463",
            "https://bugzilla.suse.com/show_bug.cgi?id=CVE-2023-22652",
            "https://cve.mitre.org/cgi-bin/cvename.cgi?name=CVE-2023-22652",
            "https://cve.mitre.org/cgi-bin/cvename.cgi?name=CVE-2023-30079",
            "https://errata.almalinux.org/9/ALSA-2023-4347.html",
            "https://errata.rockylinux.org/RLSA-2023:4347",
            "https://https://github.com/openSUSE/libeconf/issues/177",
            "https://linux.oracle.com/cve/CVE-2023-22652.html",
            "https://linux.oracle.com/errata/ELSA-2023-4347.html",
            "https://lists.fedoraproject.org/archives/list/package-announce@lists.fedoraproject.org/message/SDD5GL5T3V5XZ3VFA4HPE6YGJ2K4HHPC/",
            "https://lists.fedoraproject.org/archives/list/package-announce@lists.fedoraproject.org/message/SMG5256D5I3GFA3RBAJQ2WYPJDYAIL74/",
            "https://lists.fedoraproject.org/archives/list/package-announce@lists.fedoraproject.org/message/YAYW7X753Z6GOJKVLQPXBDHISN6ZT233/",
            "https://nvd.nist.gov/vuln/detail/CVE-2023-22652",
            "https://www.cve.org/CVERecord?id=CVE-2023-22652"
          ],
          "PublishedDate": "2023-06-01T12:15:00Z",
          "LastModifiedDate": "2023-09-13T03:15:00Z"
        },
        {
          "VulnerabilityID": "CVE-2023-24329",
          "PkgID": "python3@3.9.16-1.el9.x86_64",
          "PkgName": "python3",
          "InstalledVersion": "3.9.16-1.el9",
          "FixedVersion": "3.9.16-1.el9_2.1",
          "Status": "fixed",
          "Layer": {
            "DiffID": "sha256:bb25ee44616317f282ff1dd8b788797e3fd5f754b78425d564527fec4ca4f051"
          },
          "SeveritySource": "rocky",
          "PrimaryURL": "https://avd.aquasec.com/nvd/cve-2023-24329",
          "DataSource": {
            "ID": "rocky",
            "Name": "Rocky Linux updateinfo",
            "URL": "https://download.rockylinux.org/pub/rocky/"
          },
          "Title": "python: urllib.parse url blocklisting bypass",
          "Description": "An issue in the urllib.parse component of Python before 3.11.4 allows attackers to bypass blocklisting methods by supplying a URL that starts with blank characters.",
          "Severity": "HIGH",
          "CweIDs": [
            "CWE-20"
          ],
          "CVSS": {
            "bitnami": {
              "V3Vector": "CVSS:3.1/AV:N/AC:L/PR:N/UI:N/S:U/C:N/I:H/A:N",
              "V3Score": 7.5
            },
            "nvd": {
              "V3Vector": "CVSS:3.1/AV:N/AC:L/PR:N/UI:N/S:U/C:N/I:H/A:N",
              "V3Score": 7.5
            },
            "redhat": {
              "V3Vector": "CVSS:3.1/AV:N/AC:L/PR:N/UI:N/S:U/C:N/I:H/A:N",
              "V3Score": 7.5
            }
          },
          "References": [
            "https://access.redhat.com/errata/RHSA-2023:3595",
            "https://access.redhat.com/security/cve/CVE-2023-24329",
            "https://bugzilla.redhat.com/2173917",
            "https://bugzilla.redhat.com/show_bug.cgi?id=2173917",
            "https://cve.mitre.org/cgi-bin/cvename.cgi?name=CVE-2023-24329",
            "https://errata.almalinux.org/9/ALSA-2023-3595.html",
            "https://errata.rockylinux.org/RLSA-2023:3595",
            "https://github.com/python/cpython/issues/102153",
            "https://github.com/python/cpython/pull/99421",
            "https://github.com/python/cpython/pull/99446 (backport for 3.11 branch)",
            "https://linux.oracle.com/cve/CVE-2023-24329.html",
            "https://linux.oracle.com/errata/ELSA-2023-3811.html",
            "https://lists.debian.org/debian-lts-announce/2023/09/msg00022.html",
            "https://lists.fedoraproject.org/archives/list/package-announce%40lists.fedoraproject.org/message/6PEVICI7YNGGMSL3UCMWGE66QFLATH72/",
            "https://lists.fedoraproject.org/archives/list/package-announce%40lists.fedoraproject.org/message/DSL6NSOAXWBJJ67XPLSSC74MNKZF3BBO/",
            "https://lists.fedoraproject.org/archives/list/package-announce%40lists.fedoraproject.org/message/EM2XLZSTXG44TMFXF4E6VTGKR2MQCW3G/",
            "https://lists.fedoraproject.org/archives/list/package-announce%40lists.fedoraproject.org/message/F2NY75GFDZ5T6YPN44D3VMFT5SUVTOTG/",
            "https://lists.fedoraproject.org/archives/list/package-announce%40lists.fedoraproject.org/message/GR5US3BYILYJ4SKBV6YBNPRUBAL5P2CN/",
            "https://lists.fedoraproject.org/archives/list/package-announce%40lists.fedoraproject.org/message/H23OSKC6UG6IWOQAUPW74YUHWRWVXJP7/",
            "https://lists.fedoraproject.org/archives/list/package-announce%40lists.fedoraproject.org/message/JZTLGV2HYFF4AMYJL25VDIGAIHCU7UPA/",
            "https://lists.fedoraproject.org/archives/list/package-announce%40lists.fedoraproject.org/message/LWC4WGXER5P6Q75RFGL7QUTPP3N5JR7T/",
            "https://lists.fedoraproject.org/archives/list/package-announce%40lists.fedoraproject.org/message/MZEHSXSCMA4WWQKXT6QV7AAR6SWNZ2VP/",
            "https://lists.fedoraproject.org/archives/list/package-announce%40lists.fedoraproject.org/message/O5SP4RT3RRS434ZS2HQKQJ3VZW7YPKYR/",
            "https://lists.fedoraproject.org/archives/list/package-announce%40lists.fedoraproject.org/message/OHHJHJRLEF3TDT2K3676CAUVRDD4CCMR/",
            "https://lists.fedoraproject.org/archives/list/package-announce%40lists.fedoraproject.org/message/PEUN6T22UJFXR7J5F6UUHCXXPKJ2DVHI/",
            "https://lists.fedoraproject.org/archives/list/package-announce%40lists.fedoraproject.org/message/PURM5CFDABEWAIWZFD2MQ7ZJGCPYSQ44/",
            "https://lists.fedoraproject.org/archives/list/package-announce%40lists.fedoraproject.org/message/Q3J5N24ECS4B6MJDRO6UAYU6GPLYBDCL/",
            "https://lists.fedoraproject.org/archives/list/package-announce%40lists.fedoraproject.org/message/QRQHN7RWJQJHYP6E5EKESOYP5VDSHZG4/",
            "https://lists.fedoraproject.org/archives/list/package-announce%40lists.fedoraproject.org/message/RA2MBEEES6L46OD64OBSVUUMGKNGMOWW/",
            "https://lists.fedoraproject.org/archives/list/package-announce%40lists.fedoraproject.org/message/T4IDB5OAR5Y4UK3HLMZBW4WEL2B7YFMJ/",
            "https://lists.fedoraproject.org/archives/list/package-announce%40lists.fedoraproject.org/message/TZH26JGNZ5XYPZ5SAU3NKSBSPRE5OHTG/",
            "https://lists.fedoraproject.org/archives/list/package-announce%40lists.fedoraproject.org/message/U2MZOJYGFCB5PPT6AKMAU72N7QOYWLBP/",
            "https://lists.fedoraproject.org/archives/list/package-announce%40lists.fedoraproject.org/message/UONZWLB4QVLQIY5CPDLEUEKH6WX4VQMC/",
            "https://lists.fedoraproject.org/archives/list/package-announce%40lists.fedoraproject.org/message/WTOAUJNDWZDRWVSXJ354AYZYKRMT56HU/",
            "https://nvd.nist.gov/vuln/detail/CVE-2023-24329",
            "https://pointernull.com/security/python-url-parse-problem.html",
            "https://security.netapp.com/advisory/ntap-20230324-0004/",
            "https://ubuntu.com/security/notices/USN-5888-1",
            "https://ubuntu.com/security/notices/USN-5960-1",
            "https://ubuntu.com/security/notices/USN-6139-1",
            "https://www.cve.org/CVERecord?id=CVE-2023-24329",
            "https://www.kb.cert.org/vuls/id/127587"
          ],
          "PublishedDate": "2023-02-17T15:15:00Z",
          "LastModifiedDate": "2023-11-07T04:08:00Z"
        },
        {
          "VulnerabilityID": "CVE-2023-24329",
          "PkgID": "python3-libs@3.9.16-1.el9.x86_64",
          "PkgName": "python3-libs",
          "InstalledVersion": "3.9.16-1.el9",
          "FixedVersion": "3.9.16-1.el9_2.1",
          "Status": "fixed",
          "Layer": {
            "DiffID": "sha256:bb25ee44616317f282ff1dd8b788797e3fd5f754b78425d564527fec4ca4f051"
          },
          "SeveritySource": "rocky",
          "PrimaryURL": "https://avd.aquasec.com/nvd/cve-2023-24329",
          "DataSource": {
            "ID": "rocky",
            "Name": "Rocky Linux updateinfo",
            "URL": "https://download.rockylinux.org/pub/rocky/"
          },
          "Title": "python: urllib.parse url blocklisting bypass",
          "Description": "An issue in the urllib.parse component of Python before 3.11.4 allows attackers to bypass blocklisting methods by supplying a URL that starts with blank characters.",
          "Severity": "HIGH",
          "CweIDs": [
            "CWE-20"
          ],
          "CVSS": {
            "bitnami": {
              "V3Vector": "CVSS:3.1/AV:N/AC:L/PR:N/UI:N/S:U/C:N/I:H/A:N",
              "V3Score": 7.5
            },
            "nvd": {
              "V3Vector": "CVSS:3.1/AV:N/AC:L/PR:N/UI:N/S:U/C:N/I:H/A:N",
              "V3Score": 7.5
            },
            "redhat": {
              "V3Vector": "CVSS:3.1/AV:N/AC:L/PR:N/UI:N/S:U/C:N/I:H/A:N",
              "V3Score": 7.5
            }
          },
          "References": [
            "https://access.redhat.com/errata/RHSA-2023:3595",
            "https://access.redhat.com/security/cve/CVE-2023-24329",
            "https://bugzilla.redhat.com/2173917",
            "https://bugzilla.redhat.com/show_bug.cgi?id=2173917",
            "https://cve.mitre.org/cgi-bin/cvename.cgi?name=CVE-2023-24329",
            "https://errata.almalinux.org/9/ALSA-2023-3595.html",
            "https://errata.rockylinux.org/RLSA-2023:3595",
            "https://github.com/python/cpython/issues/102153",
            "https://github.com/python/cpython/pull/99421",
            "https://github.com/python/cpython/pull/99446 (backport for 3.11 branch)",
            "https://linux.oracle.com/cve/CVE-2023-24329.html",
            "https://linux.oracle.com/errata/ELSA-2023-3811.html",
            "https://lists.debian.org/debian-lts-announce/2023/09/msg00022.html",
            "https://lists.fedoraproject.org/archives/list/package-announce%40lists.fedoraproject.org/message/6PEVICI7YNGGMSL3UCMWGE66QFLATH72/",
            "https://lists.fedoraproject.org/archives/list/package-announce%40lists.fedoraproject.org/message/DSL6NSOAXWBJJ67XPLSSC74MNKZF3BBO/",
            "https://lists.fedoraproject.org/archives/list/package-announce%40lists.fedoraproject.org/message/EM2XLZSTXG44TMFXF4E6VTGKR2MQCW3G/",
            "https://lists.fedoraproject.org/archives/list/package-announce%40lists.fedoraproject.org/message/F2NY75GFDZ5T6YPN44D3VMFT5SUVTOTG/",
            "https://lists.fedoraproject.org/archives/list/package-announce%40lists.fedoraproject.org/message/GR5US3BYILYJ4SKBV6YBNPRUBAL5P2CN/",
            "https://lists.fedoraproject.org/archives/list/package-announce%40lists.fedoraproject.org/message/H23OSKC6UG6IWOQAUPW74YUHWRWVXJP7/",
            "https://lists.fedoraproject.org/archives/list/package-announce%40lists.fedoraproject.org/message/JZTLGV2HYFF4AMYJL25VDIGAIHCU7UPA/",
            "https://lists.fedoraproject.org/archives/list/package-announce%40lists.fedoraproject.org/message/LWC4WGXER5P6Q75RFGL7QUTPP3N5JR7T/",
            "https://lists.fedoraproject.org/archives/list/package-announce%40lists.fedoraproject.org/message/MZEHSXSCMA4WWQKXT6QV7AAR6SWNZ2VP/",
            "https://lists.fedoraproject.org/archives/list/package-announce%40lists.fedoraproject.org/message/O5SP4RT3RRS434ZS2HQKQJ3VZW7YPKYR/",
            "https://lists.fedoraproject.org/archives/list/package-announce%40lists.fedoraproject.org/message/OHHJHJRLEF3TDT2K3676CAUVRDD4CCMR/",
            "https://lists.fedoraproject.org/archives/list/package-announce%40lists.fedoraproject.org/message/PEUN6T22UJFXR7J5F6UUHCXXPKJ2DVHI/",
            "https://lists.fedoraproject.org/archives/list/package-announce%40lists.fedoraproject.org/message/PURM5CFDABEWAIWZFD2MQ7ZJGCPYSQ44/",
            "https://lists.fedoraproject.org/archives/list/package-announce%40lists.fedoraproject.org/message/Q3J5N24ECS4B6MJDRO6UAYU6GPLYBDCL/",
            "https://lists.fedoraproject.org/archives/list/package-announce%40lists.fedoraproject.org/message/QRQHN7RWJQJHYP6E5EKESOYP5VDSHZG4/",
            "https://lists.fedoraproject.org/archives/list/package-announce%40lists.fedoraproject.org/message/RA2MBEEES6L46OD64OBSVUUMGKNGMOWW/",
            "https://lists.fedoraproject.org/archives/list/package-announce%40lists.fedoraproject.org/message/T4IDB5OAR5Y4UK3HLMZBW4WEL2B7YFMJ/",
            "https://lists.fedoraproject.org/archives/list/package-announce%40lists.fedoraproject.org/message/TZH26JGNZ5XYPZ5SAU3NKSBSPRE5OHTG/",
            "https://lists.fedoraproject.org/archives/list/package-announce%40lists.fedoraproject.org/message/U2MZOJYGFCB5PPT6AKMAU72N7QOYWLBP/",
            "https://lists.fedoraproject.org/archives/list/package-announce%40lists.fedoraproject.org/message/UONZWLB4QVLQIY5CPDLEUEKH6WX4VQMC/",
            "https://lists.fedoraproject.org/archives/list/package-announce%40lists.fedoraproject.org/message/WTOAUJNDWZDRWVSXJ354AYZYKRMT56HU/",
            "https://nvd.nist.gov/vuln/detail/CVE-2023-24329",
            "https://pointernull.com/security/python-url-parse-problem.html",
            "https://security.netapp.com/advisory/ntap-20230324-0004/",
            "https://ubuntu.com/security/notices/USN-5888-1",
            "https://ubuntu.com/security/notices/USN-5960-1",
            "https://ubuntu.com/security/notices/USN-6139-1",
            "https://www.cve.org/CVERecord?id=CVE-2023-24329",
            "https://www.kb.cert.org/vuls/id/127587"
          ],
          "PublishedDate": "2023-02-17T15:15:00Z",
          "LastModifiedDate": "2023-11-07T04:08:00Z"
        }
      ]
    }
  ]
}
