{
  "SchemaVersion": 2,
  "ArtifactName": "traefik",
  "ArtifactType": "container_image",
  "Metadata": {
    "OS": {
      "Family": "alpine",
      "Name": "3.18.4"
    },
    "ImageID": "sha256:cc365cbb0397b708abc260501574769de3891d756c7a2e43c3839e9126cf9aec",
    "DiffIDs": [
      "sha256:cc2447e1835a40530975ab80bb1f872fbab0f2a0faecf2ab16fbbb89b3589438",
      "sha256:f516bdf41f6b1be3bb1a7dd40f4ed7b9de62cbaaba67c88a39cf7af257230497",
      "sha256:e41a5146e757c3d95b63c6cce5c3eae6adbf65ce04b66810f06f32720f437192",
      "sha256:9dd05cc39533d44a085219107f8e6350331f03601265f90f00b0cb89c3516b82"
    ],
    "RepoTags": [
      "traefik:latest"
    ],
    "RepoDigests": [
      "traefik@sha256:948978f7ec62f137a79f8af7044a1785bd7868706ef2c8cba9c88db688d08661"
    ],
    "ImageConfig": {
      "architecture": "amd64",
      "container": "06736ff22f0b9967aeb6cf5af318ae6ffe9bae6aa9ebb9d3c57f296a632a595a",
      "created": "2023-10-11T18:19:25.207667318Z",
      "docker_version": "20.10.23",
      "history": [
        {
          "created": "2023-09-28T21:19:27Z",
          "created_by": "/bin/sh -c #(nop) ADD file:756183bba9c7f4593c2b216e98e4208b9163c4c962ea0837ef88bd917609d001 in / "
        },
        {
          "created": "2023-09-28T21:19:27Z",
          "created_by": "/bin/sh -c #(nop)  CMD [\"/bin/sh\"]",
          "empty_layer": true
        },
        {
          "created": "2023-09-29T03:23:55Z",
          "created_by": "/bin/sh -c apk --no-cache add ca-certificates tzdata"
        },
        {
          "created": "2023-10-11T18:19:24Z",
          "created_by": "/bin/sh -c set -ex; \tapkArch=\"$(apk --print-arch)\"; \tcase \"$apkArch\" in \t\tarmhf) arch='armv6' ;; \t\taarch64) arch='arm64' ;; \t\tx86_64) arch='amd64' ;; \t\ts390x) arch='s390x' ;; \t\t*) echo \u003e\u00262 \"error: unsupported architecture: $apkArch\"; exit 1 ;; \tesac; \twget --quiet -O /tmp/traefik.tar.gz \"https://github.com/traefik/traefik/releases/download/v2.10.5/traefik_v2.10.5_linux_$arch.tar.gz\"; \ttar xzvf /tmp/traefik.tar.gz -C /usr/local/bin traefik; \trm -f /tmp/traefik.tar.gz; \tchmod +x /usr/local/bin/traefik"
        },
        {
          "created": "2023-10-11T18:19:24Z",
          "created_by": "/bin/sh -c #(nop) COPY file:59a219a1fb7a9dc894a7a9a4718fa97fd24adb0a4a6455240ec2ab0183da796e in / "
        },
        {
          "created": "2023-10-11T18:19:24Z",
          "created_by": "/bin/sh -c #(nop)  EXPOSE 80",
          "empty_layer": true
        },
        {
          "created": "2023-10-11T18:19:24Z",
          "created_by": "/bin/sh -c #(nop)  ENTRYPOINT [\"/entrypoint.sh\"]",
          "empty_layer": true
        },
        {
          "created": "2023-10-11T18:19:25Z",
          "created_by": "/bin/sh -c #(nop)  CMD [\"traefik\"]",
          "empty_layer": true
        },
        {
          "created": "2023-10-11T18:19:25Z",
          "created_by": "/bin/sh -c #(nop)  LABEL org.opencontainers.image.vendor=Traefik Labs org.opencontainers.image.url=https://traefik.io org.opencontainers.image.source=https://github.com/traefik/traefik org.opencontainers.image.title=Traefik org.opencontainers.image.description=A modern reverse-proxy org.opencontainers.image.version=v2.10.5 org.opencontainers.image.documentation=https://docs.traefik.io",
          "empty_layer": true
        }
      ],
      "os": "linux",
      "rootfs": {
        "type": "layers",
        "diff_ids": [
          "sha256:cc2447e1835a40530975ab80bb1f872fbab0f2a0faecf2ab16fbbb89b3589438",
          "sha256:f516bdf41f6b1be3bb1a7dd40f4ed7b9de62cbaaba67c88a39cf7af257230497",
          "sha256:e41a5146e757c3d95b63c6cce5c3eae6adbf65ce04b66810f06f32720f437192",
          "sha256:9dd05cc39533d44a085219107f8e6350331f03601265f90f00b0cb89c3516b82"
        ]
      },
      "config": {
        "Cmd": [
          "traefik"
        ],
        "Entrypoint": [
          "/entrypoint.sh"
        ],
        "Env": [
          "PATH=/usr/local/sbin:/usr/local/bin:/usr/sbin:/usr/bin:/sbin:/bin"
        ],
        "Image": "sha256:5e0f594afb1b647dca6c018cbf3a798455db91b7759cd68eb21acb647297b2d1",
        "Labels": {
          "org.opencontainers.image.description": "A modern reverse-proxy",
          "org.opencontainers.image.documentation": "https://docs.traefik.io",
          "org.opencontainers.image.source": "https://github.com/traefik/traefik",
          "org.opencontainers.image.title": "Traefik",
          "org.opencontainers.image.url": "https://traefik.io",
          "org.opencontainers.image.vendor": "Traefik Labs",
          "org.opencontainers.image.version": "v2.10.5"
        }
      }
    }
  },
  "Results": [
    {
      "Target": "traefik (alpine 3.18.4)",
      "Class": "os-pkgs",
      "Type": "alpine",
      "Vulnerabilities": [
        {
          "VulnerabilityID": "CVE-2023-5363",
          "PkgID": "libcrypto3@3.1.3-r0",
          "PkgName": "libcrypto3",
          "InstalledVersion": "3.1.3-r0",
          "FixedVersion": "3.1.4-r0",
          "Status": "fixed",
          "Layer": {
            "DiffID": "sha256:cc2447e1835a40530975ab80bb1f872fbab0f2a0faecf2ab16fbbb89b3589438"
          },
          "SeveritySource": "nvd",
          "PrimaryURL": "https://avd.aquasec.com/nvd/cve-2023-5363",
          "DataSource": {
            "ID": "alpine",
            "Name": "Alpine Secdb",
            "URL": "https://secdb.alpinelinux.org/"
          },
          "Title": "openssl: Incorrect cipher key and IV length processing",
          "Description": "Issue summary: A bug has been identified in the processing of key and\ninitialisation vector (IV) lengths.  This can lead to potential truncation\nor overruns during the initialisation of some symmetric ciphers.\n\nImpact summary: A truncation in the IV can result in non-uniqueness,\nwhich could result in loss of confidentiality for some cipher modes.\n\nWhen calling EVP_EncryptInit_ex2(), EVP_DecryptInit_ex2() or\nEVP_CipherInit_ex2() the provided OSSL_PARAM array is processed after\nthe key and IV have been established.  Any alterations to the key length,\nvia the \"keylen\" parameter or the IV length, via the \"ivlen\" parameter,\nwithin the OSSL_PARAM array will not take effect as intended, potentially\ncausing truncation or overreading of these values.  The following ciphers\nand cipher modes are impacted: RC2, RC4, RC5, CCM, GCM and OCB.\n\nFor the CCM, GCM and OCB cipher modes, truncation of the IV can result in\nloss of confidentiality.  For example, when following NIST's SP 800-38D\nsection 8.2.1 guidance for constructing a deterministic IV for AES in\nGCM mode, truncation of the counter portion could lead to IV reuse.\n\nBoth truncations and overruns of the key and overruns of the IV will\nproduce incorrect results and could, in some cases, trigger a memory\nexception.  However, these issues are not currently assessed as security\ncritical.\n\nChanging the key and/or IV lengths is not considered to be a common operation\nand the vulnerable API was recently introduced. Furthermore it is likely that\napplication developers will have spotted this problem during testing since\ndecryption would fail unless both peers in the communication were similarly\nvulnerable. For these reasons we expect the probability of an application being\nvulnerable to this to be quite low. However if an application is vulnerable then\nthis issue is considered very serious. For these reasons we have assessed this\nissue as Moderate severity overall.\n\nThe OpenSSL SSL/TLS implementation is not affected by this issue.\n\nThe OpenSSL 3.0 and 3.1 FIPS providers are not affected by this because\nthe issue lies outside of the FIPS provider boundary.\n\nOpenSSL 3.1 and 3.0 are vulnerable to this issue.",
          "Severity": "HIGH",
          "CVSS": {
            "nvd": {
              "V3Vector": "CVSS:3.1/AV:N/AC:L/PR:N/UI:N/S:U/C:H/I:N/A:N",
              "V3Score": 7.5
            },
            "redhat": {
              "V3Vector": "CVSS:3.1/AV:N/AC:L/PR:N/UI:N/S:U/C:H/I:N/A:N",
              "V3Score": 7.5
            }
          },
          "References": [
            "http://www.openwall.com/lists/oss-security/2023/10/24/1",
            "https://access.redhat.com/security/cve/CVE-2023-5363",
            "https://cve.mitre.org/cgi-bin/cvename.cgi?name=CVE-2023-5363",
            "https://git.openssl.org/gitweb/?p=openssl.git;a=commitdiff;h=0df40630850fb2740e6be6890bb905d3fc623b2d",
            "https://git.openssl.org/gitweb/?p=openssl.git;a=commitdiff;h=5f69f5c65e483928c4b28ed16af6e5742929f1ee",
            "https://nvd.nist.gov/vuln/detail/CVE-2023-5363",
            "https://security.netapp.com/advisory/ntap-20231027-0010/",
            "https://ubuntu.com/security/notices/USN-6450-1",
            "https://www.cve.org/CVERecord?id=CVE-2023-5363",
            "https://www.debian.org/security/2023/dsa-5532",
            "https://www.openssl.org/news/secadv/20231024.txt"
          ],
          "PublishedDate": "2023-10-25T18:17:00Z",
          "LastModifiedDate": "2023-11-09T13:55:00Z"
        },
        {
          "VulnerabilityID": "CVE-2023-5678",
          "PkgID": "libcrypto3@3.1.3-r0",
          "PkgName": "libcrypto3",
          "InstalledVersion": "3.1.3-r0",
          "FixedVersion": "3.1.4-r1",
          "Status": "fixed",
          "Layer": {
            "DiffID": "sha256:cc2447e1835a40530975ab80bb1f872fbab0f2a0faecf2ab16fbbb89b3589438"
          },
          "SeveritySource": "nvd",
          "PrimaryURL": "https://avd.aquasec.com/nvd/cve-2023-5678",
          "DataSource": {
            "ID": "alpine",
            "Name": "Alpine Secdb",
            "URL": "https://secdb.alpinelinux.org/"
          },
          "Title": "openssl: Generating excessively long X9.42 DH keys or checking excessively long X9.42 DH keys or parameters may be very slow",
          "Description": "Issue summary: Generating excessively long X9.42 DH keys or checking\nexcessively long X9.42 DH keys or parameters may be very slow.\n\nImpact summary: Applications that use the functions DH_generate_key() to\ngenerate an X9.42 DH key may experience long delays.  Likewise, applications\nthat use DH_check_pub_key(), DH_check_pub_key_ex() or EVP_PKEY_public_check()\nto check an X9.42 DH key or X9.42 DH parameters may experience long delays.\nWhere the key or parameters that are being checked have been obtained from\nan untrusted source this may lead to a Denial of Service.\n\nWhile DH_check() performs all the necessary checks (as of CVE-2023-3817),\nDH_check_pub_key() doesn't make any of these checks, and is therefore\nvulnerable for excessively large P and Q parameters.\n\nLikewise, while DH_generate_key() performs a check for an excessively large\nP, it doesn't check for an excessively large Q.\n\nAn application that calls DH_generate_key() or DH_check_pub_key() and\nsupplies a key or parameters obtained from an untrusted source could be\nvulnerable to a Denial of Service attack.\n\nDH_generate_key() and DH_check_pub_key() are also called by a number of\nother OpenSSL functions.  An application calling any of those other\nfunctions may similarly be affected.  The other functions affected by this\nare DH_check_pub_key_ex(), EVP_PKEY_public_check(), and EVP_PKEY_generate().\n\nAlso vulnerable are the OpenSSL pkey command line application when using the\n\"-pubcheck\" option, as well as the OpenSSL genpkey command line application.\n\nThe OpenSSL SSL/TLS implementation is not affected by this issue.\n\nThe OpenSSL 3.0 and 3.1 FIPS providers are not affected by this issue.\n\n",
          "Severity": "HIGH",
          "CweIDs": [
            "CWE-754"
          ],
          "CVSS": {
            "nvd": {
              "V3Vector": "CVSS:3.1/AV:N/AC:L/PR:N/UI:N/S:U/C:N/I:N/A:H",
              "V3Score": 7.5
            },
            "redhat": {
              "V3Vector": "CVSS:3.1/AV:N/AC:L/PR:N/UI:N/S:U/C:N/I:N/A:L",
              "V3Score": 5.3
            }
          },
          "References": [
            "https://access.redhat.com/security/cve/CVE-2023-5678",
            "https://cve.mitre.org/cgi-bin/cvename.cgi?name=CVE-2023-5678",
            "https://git.openssl.org/gitweb/?p=openssl.git;a=commitdiff;h=34efaef6c103d636ab507a0cc34dca4d3aecc055",
            "https://git.openssl.org/gitweb/?p=openssl.git;a=commitdiff;h=710fee740904b6290fef0dd5536fbcedbc38ff0c",
            "https://git.openssl.org/gitweb/?p=openssl.git;a=commitdiff;h=db925ae2e65d0d925adef429afc37f75bd1c2017",
            "https://git.openssl.org/gitweb/?p=openssl.git;a=commitdiff;h=ddeb4b6c6d527e54ce9a99cba785c0f7776e54b6",
            "https://nvd.nist.gov/vuln/detail/CVE-2023-5678",
            "https://www.cve.org/CVERecord?id=CVE-2023-5678",
            "https://www.openssl.org/news/secadv/20231106.txt"
          ],
          "PublishedDate": "2023-11-06T16:15:00Z",
          "LastModifiedDate": "2023-11-14T17:46:00Z"
        },
        {
          "VulnerabilityID": "CVE-2023-5363",
          "PkgID": "libssl3@3.1.3-r0",
          "PkgName": "libssl3",
          "InstalledVersion": "3.1.3-r0",
          "FixedVersion": "3.1.4-r0",
          "Status": "fixed",
          "Layer": {
            "DiffID": "sha256:cc2447e1835a40530975ab80bb1f872fbab0f2a0faecf2ab16fbbb89b3589438"
          },
          "SeveritySource": "nvd",
          "PrimaryURL": "https://avd.aquasec.com/nvd/cve-2023-5363",
          "DataSource": {
            "ID": "alpine",
            "Name": "Alpine Secdb",
            "URL": "https://secdb.alpinelinux.org/"
          },
          "Title": "openssl: Incorrect cipher key and IV length processing",
          "Description": "Issue summary: A bug has been identified in the processing of key and\ninitialisation vector (IV) lengths.  This can lead to potential truncation\nor overruns during the initialisation of some symmetric ciphers.\n\nImpact summary: A truncation in the IV can result in non-uniqueness,\nwhich could result in loss of confidentiality for some cipher modes.\n\nWhen calling EVP_EncryptInit_ex2(), EVP_DecryptInit_ex2() or\nEVP_CipherInit_ex2() the provided OSSL_PARAM array is processed after\nthe key and IV have been established.  Any alterations to the key length,\nvia the \"keylen\" parameter or the IV length, via the \"ivlen\" parameter,\nwithin the OSSL_PARAM array will not take effect as intended, potentially\ncausing truncation or overreading of these values.  The following ciphers\nand cipher modes are impacted: RC2, RC4, RC5, CCM, GCM and OCB.\n\nFor the CCM, GCM and OCB cipher modes, truncation of the IV can result in\nloss of confidentiality.  For example, when following NIST's SP 800-38D\nsection 8.2.1 guidance for constructing a deterministic IV for AES in\nGCM mode, truncation of the counter portion could lead to IV reuse.\n\nBoth truncations and overruns of the key and overruns of the IV will\nproduce incorrect results and could, in some cases, trigger a memory\nexception.  However, these issues are not currently assessed as security\ncritical.\n\nChanging the key and/or IV lengths is not considered to be a common operation\nand the vulnerable API was recently introduced. Furthermore it is likely that\napplication developers will have spotted this problem during testing since\ndecryption would fail unless both peers in the communication were similarly\nvulnerable. For these reasons we expect the probability of an application being\nvulnerable to this to be quite low. However if an application is vulnerable then\nthis issue is considered very serious. For these reasons we have assessed this\nissue as Moderate severity overall.\n\nThe OpenSSL SSL/TLS implementation is not affected by this issue.\n\nThe OpenSSL 3.0 and 3.1 FIPS providers are not affected by this because\nthe issue lies outside of the FIPS provider boundary.\n\nOpenSSL 3.1 and 3.0 are vulnerable to this issue.",
          "Severity": "HIGH",
          "CVSS": {
            "nvd": {
              "V3Vector": "CVSS:3.1/AV:N/AC:L/PR:N/UI:N/S:U/C:H/I:N/A:N",
              "V3Score": 7.5
            },
            "redhat": {
              "V3Vector": "CVSS:3.1/AV:N/AC:L/PR:N/UI:N/S:U/C:H/I:N/A:N",
              "V3Score": 7.5
            }
          },
          "References": [
            "http://www.openwall.com/lists/oss-security/2023/10/24/1",
            "https://access.redhat.com/security/cve/CVE-2023-5363",
            "https://cve.mitre.org/cgi-bin/cvename.cgi?name=CVE-2023-5363",
            "https://git.openssl.org/gitweb/?p=openssl.git;a=commitdiff;h=0df40630850fb2740e6be6890bb905d3fc623b2d",
            "https://git.openssl.org/gitweb/?p=openssl.git;a=commitdiff;h=5f69f5c65e483928c4b28ed16af6e5742929f1ee",
            "https://nvd.nist.gov/vuln/detail/CVE-2023-5363",
            "https://security.netapp.com/advisory/ntap-20231027-0010/",
            "https://ubuntu.com/security/notices/USN-6450-1",
            "https://www.cve.org/CVERecord?id=CVE-2023-5363",
            "https://www.debian.org/security/2023/dsa-5532",
            "https://www.openssl.org/news/secadv/20231024.txt"
          ],
          "PublishedDate": "2023-10-25T18:17:00Z",
          "LastModifiedDate": "2023-11-09T13:55:00Z"
        },
        {
          "VulnerabilityID": "CVE-2023-5678",
          "PkgID": "libssl3@3.1.3-r0",
          "PkgName": "libssl3",
          "InstalledVersion": "3.1.3-r0",
          "FixedVersion": "3.1.4-r1",
          "Status": "fixed",
          "Layer": {
            "DiffID": "sha256:cc2447e1835a40530975ab80bb1f872fbab0f2a0faecf2ab16fbbb89b3589438"
          },
          "SeveritySource": "nvd",
          "PrimaryURL": "https://avd.aquasec.com/nvd/cve-2023-5678",
          "DataSource": {
            "ID": "alpine",
            "Name": "Alpine Secdb",
            "URL": "https://secdb.alpinelinux.org/"
          },
          "Title": "openssl: Generating excessively long X9.42 DH keys or checking excessively long X9.42 DH keys or parameters may be very slow",
          "Description": "Issue summary: Generating excessively long X9.42 DH keys or checking\nexcessively long X9.42 DH keys or parameters may be very slow.\n\nImpact summary: Applications that use the functions DH_generate_key() to\ngenerate an X9.42 DH key may experience long delays.  Likewise, applications\nthat use DH_check_pub_key(), DH_check_pub_key_ex() or EVP_PKEY_public_check()\nto check an X9.42 DH key or X9.42 DH parameters may experience long delays.\nWhere the key or parameters that are being checked have been obtained from\nan untrusted source this may lead to a Denial of Service.\n\nWhile DH_check() performs all the necessary checks (as of CVE-2023-3817),\nDH_check_pub_key() doesn't make any of these checks, and is therefore\nvulnerable for excessively large P and Q parameters.\n\nLikewise, while DH_generate_key() performs a check for an excessively large\nP, it doesn't check for an excessively large Q.\n\nAn application that calls DH_generate_key() or DH_check_pub_key() and\nsupplies a key or parameters obtained from an untrusted source could be\nvulnerable to a Denial of Service attack.\n\nDH_generate_key() and DH_check_pub_key() are also called by a number of\nother OpenSSL functions.  An application calling any of those other\nfunctions may similarly be affected.  The other functions affected by this\nare DH_check_pub_key_ex(), EVP_PKEY_public_check(), and EVP_PKEY_generate().\n\nAlso vulnerable are the OpenSSL pkey command line application when using the\n\"-pubcheck\" option, as well as the OpenSSL genpkey command line application.\n\nThe OpenSSL SSL/TLS implementation is not affected by this issue.\n\nThe OpenSSL 3.0 and 3.1 FIPS providers are not affected by this issue.\n\n",
          "Severity": "HIGH",
          "CweIDs": [
            "CWE-754"
          ],
          "CVSS": {
            "nvd": {
              "V3Vector": "CVSS:3.1/AV:N/AC:L/PR:N/UI:N/S:U/C:N/I:N/A:H",
              "V3Score": 7.5
            },
            "redhat": {
              "V3Vector": "CVSS:3.1/AV:N/AC:L/PR:N/UI:N/S:U/C:N/I:N/A:L",
              "V3Score": 5.3
            }
          },
          "References": [
            "https://access.redhat.com/security/cve/CVE-2023-5678",
            "https://cve.mitre.org/cgi-bin/cvename.cgi?name=CVE-2023-5678",
            "https://git.openssl.org/gitweb/?p=openssl.git;a=commitdiff;h=34efaef6c103d636ab507a0cc34dca4d3aecc055",
            "https://git.openssl.org/gitweb/?p=openssl.git;a=commitdiff;h=710fee740904b6290fef0dd5536fbcedbc38ff0c",
            "https://git.openssl.org/gitweb/?p=openssl.git;a=commitdiff;h=db925ae2e65d0d925adef429afc37f75bd1c2017",
            "https://git.openssl.org/gitweb/?p=openssl.git;a=commitdiff;h=ddeb4b6c6d527e54ce9a99cba785c0f7776e54b6",
            "https://nvd.nist.gov/vuln/detail/CVE-2023-5678",
            "https://www.cve.org/CVERecord?id=CVE-2023-5678",
            "https://www.openssl.org/news/secadv/20231106.txt"
          ],
          "PublishedDate": "2023-11-06T16:15:00Z",
          "LastModifiedDate": "2023-11-14T17:46:00Z"
        }
      ]
    },
    {
      "Target": "usr/local/bin/traefik",
      "Class": "lang-pkgs",
      "Type": "gobinary",
      "Vulnerabilities": [
        {
          "VulnerabilityID": "CVE-2023-28840",
          "PkgName": "github.com/docker/docker",
          "InstalledVersion": "v20.10.21+incompatible",
          "FixedVersion": "20.10.24, 23.0.3",
          "Status": "fixed",
          "Layer": {
            "DiffID": "sha256:e41a5146e757c3d95b63c6cce5c3eae6adbf65ce04b66810f06f32720f437192"
          },
          "SeveritySource": "ghsa",
          "PrimaryURL": "https://avd.aquasec.com/nvd/cve-2023-28840",
          "DataSource": {
            "ID": "ghsa",
            "Name": "GitHub Security Advisory Go",
            "URL": "https://github.com/advisories?query=type%3Areviewed+ecosystem%3Ago"
          },
          "Title": "Encrypted overlay network may be unauthenticated",
          "Description": "Moby is an open source container framework developed by Docker Inc. that is distributed as Docker, Mirantis Container Runtime, and various other downstream projects/products. The Moby daemon component (`dockerd`), which is developed as moby/moby, is commonly referred to as *Docker*.\n\nSwarm Mode, which is compiled in and delivered by default in dockerd and is thus present in most major Moby downstreams, is a simple, built-in container orchestrator that is implemented through a combination of SwarmKit and supporting network code.\n\nThe overlay network driver is a core feature of Swarm Mode, providing isolated virtual LANs that allow communication between containers and services across the cluster. This driver is an implementation/user of VXLAN, which encapsulates link-layer (Ethernet) frames in UDP datagrams that tag the frame with a VXLAN Network ID (VNI) that identifies the originating overlay network. In addition, the overlay network driver supports an optional, off-by-default encrypted mode, which is especially useful when VXLAN packets traverses an untrusted network between nodes.\n\nEncrypted overlay networks function by encapsulating the VXLAN datagrams through the use of the IPsec Encapsulating Security Payload protocol in Transport mode. By deploying IPSec encapsulation, encrypted overlay networks gain the additional properties of source authentication through cryptographic proof, data integrity through check-summing, and confidentiality through encryption.\n\nWhen setting an endpoint up on an encrypted overlay network, Moby installs three iptables (Linux kernel firewall) rules that enforce both incoming and outgoing IPSec. These rules rely on the u32 iptables extension provided by the xt_u32 kernel module to directly filter on a VXLAN packet's VNI field, so that IPSec guarantees can be enforced on encrypted overlay networks without interfering with other overlay networks or other users of VXLAN.\n\nTwo iptables rules serve to filter incoming VXLAN datagrams with a VNI that corresponds to an encrypted network and discards unencrypted datagrams. The rules are appended to the end of the INPUT filter chain, following any rules that have been previously set by the system administrator. Administrator-set rules take precedence over the rules Moby sets to discard unencrypted VXLAN datagrams, which can potentially admit unencrypted datagrams that should have been discarded.\n\nThe injection of arbitrary Ethernet frames can enable a Denial of Service attack. A sophisticated attacker may be able to establish a UDP or TCP connection by way of the container’s outbound gateway that would otherwise be blocked by a stateful firewall, or carry out other escalations beyond simple injection by smuggling packets into the overlay network.\n\nPatches are available in Moby releases 23.0.3 and 20.10.24. As Mirantis Container Runtime's 20.10 releases are numbered differently, users of that platform should update to 20.10.16.\n\nSome workarounds are available. Close the VXLAN port (by default, UDP port 4789) to incoming traffic at the Internet boundary to prevent all VXLAN packet injection, and/or ensure that the `xt_u32` kernel module is available on all nodes of the Swarm cluster.",
          "Severity": "HIGH",
          "CweIDs": [
            "CWE-420",
            "CWE-636"
          ],
          "CVSS": {
            "ghsa": {
              "V3Vector": "CVSS:3.1/AV:N/AC:H/PR:N/UI:N/S:C/C:H/I:N/A:L",
              "V3Score": 7.5
            },
            "nvd": {
              "V3Vector": "CVSS:3.1/AV:N/AC:H/PR:N/UI:N/S:C/C:N/I:H/A:H",
              "V3Score": 8.7
            },
            "redhat": {
              "V3Vector": "CVSS:3.1/AV:N/AC:H/PR:N/UI:N/S:C/C:N/I:H/A:H",
              "V3Score": 8.7
            }
          },
          "References": [
            "https://access.redhat.com/security/cve/CVE-2023-28840",
            "https://github.com/moby/libnetwork/security/advisories/GHSA-gvm4-2qqg-m333",
            "https://github.com/moby/moby",
            "https://github.com/moby/moby/issues/43382",
            "https://github.com/moby/moby/pull/45118",
            "https://github.com/moby/moby/security/advisories/GHSA-232p-vwff-86mp",
            "https://github.com/moby/moby/security/advisories/GHSA-33pg-m6jh-5237",
            "https://github.com/moby/moby/security/advisories/GHSA-6wrf-mxfj-pf5p",
            "https://github.com/moby/moby/security/advisories/GHSA-vwm3-crmr-xfxw",
            "https://lists.fedoraproject.org/archives/list/package-announce@lists.fedoraproject.org/message/LYZOKMMVX4SIEHPJW3SJUQGMO5YZCPHC/",
            "https://lists.fedoraproject.org/archives/list/package-announce@lists.fedoraproject.org/message/XNF4OLYZRQE75EB5TW5N42FSXHBXGWFE/",
            "https://lists.fedoraproject.org/archives/list/package-announce@lists.fedoraproject.org/message/ZTE4ITXXPIWZEQ4HYQCB6N6GZIMWXDAI/",
            "https://nvd.nist.gov/vuln/detail/CVE-2023-28840",
            "https://www.cve.org/CVERecord?id=CVE-2023-28840"
          ],
          "PublishedDate": "2023-04-04T22:15:00Z",
          "LastModifiedDate": "2023-09-15T21:15:00Z"
        },
        {
          "VulnerabilityID": "CVE-2023-28841",
          "PkgName": "github.com/docker/docker",
          "InstalledVersion": "v20.10.21+incompatible",
          "FixedVersion": "20.10.24, 23.0.3",
          "Status": "fixed",
          "Layer": {
            "DiffID": "sha256:e41a5146e757c3d95b63c6cce5c3eae6adbf65ce04b66810f06f32720f437192"
          },
          "SeveritySource": "ghsa",
          "PrimaryURL": "https://avd.aquasec.com/nvd/cve-2023-28841",
          "DataSource": {
            "ID": "ghsa",
            "Name": "GitHub Security Advisory Go",
            "URL": "https://github.com/advisories?query=type%3Areviewed+ecosystem%3Ago"
          },
          "Title": "Encrypted overlay network traffic may be unencrypted",
          "Description": "Moby is an open source container framework developed by Docker Inc. that is distributed as Docker, Mirantis Container Runtime, and various other downstream projects/products. The Moby daemon component (`dockerd`), which is developed as moby/moby is commonly referred to as *Docker*.\n\nSwarm Mode, which is compiled in and delivered by default in `dockerd` and is thus present in most major Moby downstreams, is a simple, built-in container orchestrator that is implemented through a combination of SwarmKit and supporting network code.\n\nThe `overlay` network driver is a core feature of Swarm Mode, providing isolated virtual LANs that allow communication between containers and services across the cluster. This driver is an implementation/user of VXLAN, which encapsulates link-layer (Ethernet) frames in UDP datagrams that tag the frame with the VXLAN metadata, including a VXLAN Network ID (VNI) that identifies the originating overlay network. In addition, the overlay network driver supports an optional, off-by-default encrypted mode, which is especially useful when VXLAN packets traverses an untrusted network between nodes.\n\nEncrypted overlay networks function by encapsulating the VXLAN datagrams through the use of the IPsec Encapsulating Security Payload protocol in Transport mode. By deploying IPSec encapsulation, encrypted overlay networks gain the additional properties of source authentication through cryptographic proof, data integrity through check-summing, and confidentiality through encryption.\n\nWhen setting an endpoint up on an encrypted overlay network, Moby installs three iptables (Linux kernel firewall) rules that enforce both incoming and outgoing IPSec. These rules rely on the `u32` iptables extension provided by the `xt_u32` kernel module to directly filter on a VXLAN packet's VNI field, so that IPSec guarantees can be enforced on encrypted overlay networks without interfering with other overlay networks or other users of VXLAN.\n\nAn iptables rule designates outgoing VXLAN datagrams with a VNI that corresponds to an encrypted overlay network for IPsec encapsulation.\n\nEncrypted overlay networks on affected platforms silently transmit unencrypted data. As a result, `overlay` networks may appear to be functional, passing traffic as expected, but without any of the expected confidentiality or data integrity guarantees.\n\nIt is possible for an attacker sitting in a trusted position on the network to read all of the application traffic that is moving across the overlay network, resulting in unexpected secrets or user data disclosure. Thus, because many database protocols, internal APIs, etc. are not protected by a second layer of encryption, a user may use Swarm encrypted overlay networks to provide confidentiality, which due to this vulnerability this is no longer guaranteed.\n\nPatches are available in Moby releases 23.0.3, and 20.10.24. As Mirantis Container Runtime's 20.10 releases are numbered differently, users of that platform should update to 20.10.16.\n\nSome workarounds are available. Close the VXLAN port (by default, UDP port 4789) to outgoing traffic at the Internet boundary in order to prevent unintentionally leaking unencrypted traffic over the Internet, and/or ensure that the `xt_u32` kernel module is available on all nodes of the Swarm cluster.",
          "Severity": "MEDIUM",
          "CweIDs": [
            "CWE-311",
            "CWE-636"
          ],
          "CVSS": {
            "ghsa": {
              "V3Vector": "CVSS:3.1/AV:N/AC:H/PR:N/UI:N/S:C/C:H/I:N/A:N",
              "V3Score": 6.8
            },
            "nvd": {
              "V3Vector": "CVSS:3.1/AV:N/AC:H/PR:N/UI:N/S:C/C:H/I:N/A:N",
              "V3Score": 6.8
            },
            "redhat": {
              "V3Vector": "CVSS:3.1/AV:N/AC:H/PR:N/UI:N/S:C/C:H/I:N/A:N",
              "V3Score": 6.8
            }
          },
          "References": [
            "https://access.redhat.com/security/cve/CVE-2023-28841",
            "https://github.com/moby/libnetwork/blob/d9fae4c73daf76c3b0f77e14b45b8bf612ba764d/drivers/overlay/encryption.go#L205-L207",
            "https://github.com/moby/libnetwork/security/advisories/GHSA-gvm4-2qqg-m333",
            "https://github.com/moby/moby",
            "https://github.com/moby/moby/issues/43382",
            "https://github.com/moby/moby/pull/45118",
            "https://github.com/moby/moby/security/advisories/GHSA-232p-vwff-86mp",
            "https://github.com/moby/moby/security/advisories/GHSA-33pg-m6jh-5237",
            "https://github.com/moby/moby/security/advisories/GHSA-6wrf-mxfj-pf5p",
            "https://github.com/moby/moby/security/advisories/GHSA-vwm3-crmr-xfxw",
            "https://lists.fedoraproject.org/archives/list/package-announce@lists.fedoraproject.org/message/LYZOKMMVX4SIEHPJW3SJUQGMO5YZCPHC/",
            "https://lists.fedoraproject.org/archives/list/package-announce@lists.fedoraproject.org/message/XNF4OLYZRQE75EB5TW5N42FSXHBXGWFE/",
            "https://lists.fedoraproject.org/archives/list/package-announce@lists.fedoraproject.org/message/ZTE4ITXXPIWZEQ4HYQCB6N6GZIMWXDAI/",
            "https://nvd.nist.gov/vuln/detail/CVE-2023-28841",
            "https://www.cve.org/CVERecord?id=CVE-2023-28841"
          ],
          "PublishedDate": "2023-04-04T22:15:00Z",
          "LastModifiedDate": "2023-09-15T21:15:00Z"
        },
        {
          "VulnerabilityID": "CVE-2023-28842",
          "PkgName": "github.com/docker/docker",
          "InstalledVersion": "v20.10.21+incompatible",
          "FixedVersion": "20.10.24, 23.0.3",
          "Status": "fixed",
          "Layer": {
            "DiffID": "sha256:e41a5146e757c3d95b63c6cce5c3eae6adbf65ce04b66810f06f32720f437192"
          },
          "SeveritySource": "ghsa",
          "PrimaryURL": "https://avd.aquasec.com/nvd/cve-2023-28842",
          "DataSource": {
            "ID": "ghsa",
            "Name": "GitHub Security Advisory Go",
            "URL": "https://github.com/advisories?query=type%3Areviewed+ecosystem%3Ago"
          },
          "Title": "Encrypted overlay network with a single endpoint is unauthenticated",
          "Description": "Moby) is an open source container framework developed by Docker Inc. that is distributed as Docker, Mirantis Container Runtime, and various other downstream projects/products. The Moby daemon component (`dockerd`), which is developed as moby/moby is commonly referred to as *Docker*.\n\nSwarm Mode, which is compiled in and delivered by default in `dockerd` and is thus present in most major Moby downstreams, is a simple, built-in container orchestrator that is implemented through a combination of SwarmKit and supporting network code.\n\nThe `overlay` network driver is a core feature of Swarm Mode, providing isolated virtual LANs that allow communication between containers and services across the cluster. This driver is an implementation/user of VXLAN, which encapsulates link-layer (Ethernet) frames in UDP datagrams that tag the frame with the VXLAN metadata, including a VXLAN Network ID (VNI) that identifies the originating overlay network. In addition, the overlay network driver supports an optional, off-by-default encrypted mode, which is especially useful when VXLAN packets traverses an untrusted network between nodes.\n\nEncrypted overlay networks function by encapsulating the VXLAN datagrams through the use of the IPsec Encapsulating Security Payload protocol in Transport mode. By deploying IPSec encapsulation, encrypted overlay networks gain the additional properties of source authentication through cryptographic proof, data integrity through check-summing, and confidentiality through encryption.\n\nWhen setting an endpoint up on an encrypted overlay network, Moby installs three iptables (Linux kernel firewall) rules that enforce both incoming and outgoing IPSec. These rules rely on the `u32` iptables extension provided by the `xt_u32` kernel module to directly filter on a VXLAN packet's VNI field, so that IPSec guarantees can be enforced on encrypted overlay networks without interfering with other overlay networks or other users of VXLAN.\n\nThe `overlay` driver dynamically and lazily defines the kernel configuration for the VXLAN network on each node as containers are attached and detached. Routes and encryption parameters are only defined for destination nodes that participate in the network. The iptables rules that prevent encrypted overlay networks from accepting unencrypted packets are not created until a peer is available with which to communicate.\n\nEncrypted overlay networks silently accept cleartext VXLAN datagrams that are tagged with the VNI of an encrypted overlay network. As a result, it is possible to inject arbitrary Ethernet frames into the encrypted overlay network by encapsulating them in VXLAN datagrams. The implications of this can be quite dire, and GHSA-vwm3-crmr-xfxw should be referenced for a deeper exploration.\n\nPatches are available in Moby releases 23.0.3, and 20.10.24. As Mirantis Container Runtime's 20.10 releases are numbered differently, users of that platform should update to 20.10.16.\n\nSome workarounds are available. In multi-node clusters, deploy a global ‘pause’ container for each encrypted overlay network, on every node. For a single-node cluster, do not use overlay networks of any sort. Bridge networks provide the same connectivity on a single node and have no multi-node features. The Swarm ingress feature is implemented using an overlay network, but can be disabled by publishing ports in `host` mode instead of `ingress` mode (allowing the use of an external load balancer), and removing the `ingress` network. If encrypted overlay networks are in exclusive use, block UDP port 4789 from traffic that has not been validated by IPSec.",
          "Severity": "MEDIUM",
          "CweIDs": [
            "CWE-420",
            "CWE-636"
          ],
          "CVSS": {
            "ghsa": {
              "V3Vector": "CVSS:3.1/AV:N/AC:H/PR:N/UI:N/S:C/C:N/I:H/A:N",
              "V3Score": 6.8
            },
            "nvd": {
              "V3Vector": "CVSS:3.1/AV:N/AC:H/PR:N/UI:N/S:C/C:N/I:H/A:N",
              "V3Score": 6.8
            },
            "redhat": {
              "V3Vector": "CVSS:3.1/AV:N/AC:H/PR:N/UI:N/S:C/C:N/I:H/A:N",
              "V3Score": 6.8
            }
          },
          "References": [
            "https://access.redhat.com/security/cve/CVE-2023-28842",
            "https://github.com/moby/libnetwork/security/advisories/GHSA-gvm4-2qqg-m333",
            "https://github.com/moby/moby",
            "https://github.com/moby/moby/security/advisories/GHSA-232p-vwff-86mp",
            "https://github.com/moby/moby/security/advisories/GHSA-33pg-m6jh-5237",
            "https://github.com/moby/moby/security/advisories/GHSA-6wrf-mxfj-pf5p",
            "https://github.com/moby/moby/security/advisories/GHSA-vwm3-crmr-xfxw",
            "https://lists.fedoraproject.org/archives/list/package-announce@lists.fedoraproject.org/message/LYZOKMMVX4SIEHPJW3SJUQGMO5YZCPHC/",
            "https://lists.fedoraproject.org/archives/list/package-announce@lists.fedoraproject.org/message/XNF4OLYZRQE75EB5TW5N42FSXHBXGWFE/",
            "https://lists.fedoraproject.org/archives/list/package-announce@lists.fedoraproject.org/message/ZTE4ITXXPIWZEQ4HYQCB6N6GZIMWXDAI/",
            "https://nvd.nist.gov/vuln/detail/CVE-2023-28842",
            "https://www.cve.org/CVERecord?id=CVE-2023-28842"
          ],
          "PublishedDate": "2023-04-04T22:15:00Z",
          "LastModifiedDate": "2023-09-15T21:15:00Z"
        },
        {
          "VulnerabilityID": "GHSA-jq35-85cj-fj4p",
          "PkgName": "github.com/docker/docker",
          "InstalledVersion": "v20.10.21+incompatible",
          "FixedVersion": "24.0.7",
          "Status": "fixed",
          "Layer": {
            "DiffID": "sha256:e41a5146e757c3d95b63c6cce5c3eae6adbf65ce04b66810f06f32720f437192"
          },
          "SeveritySource": "ghsa",
          "PrimaryURL": "https://github.com/advisories/GHSA-jq35-85cj-fj4p",
          "DataSource": {
            "ID": "ghsa",
            "Name": "GitHub Security Advisory Go",
            "URL": "https://github.com/advisories?query=type%3Areviewed+ecosystem%3Ago"
          },
          "Title": "/sys/devices/virtual/powercap accessible by default to containers",
          "Description": "Intel's RAPL (Running Average Power Limit) feature, introduced by the Sandy Bridge microarchitecture, provides software insights into hardware energy consumption. To facilitate this, Intel introduced the powercap framework in Linux kernel 3.13, which reads values via relevant MSRs (model specific registers) and provides unprivileged userspace access via `sysfs`. As RAPL is an interface to access a hardware feature, it is only available when running on bare metal with the module compiled into the kernel.\n\nBy 2019, it was realized that in some cases unprivileged access to RAPL readings could be exploited as a power-based side-channel against security features including AES-NI (potentially inside a SGX enclave) and KASLR (kernel address space layout randomization). Also known as the [PLATYPUS attack](https://platypusattack.com/), Intel assigned [CVE-2020-8694](https://cve.mitre.org/cgi-bin/cvename.cgi?name=CVE-2020-8694) and [CVE-2020-8695](https://cve.mitre.org/cgi-bin/cvename.cgi?name=CVE-2020-8695), and AMD assigned [CVE-2020-12912](https://cve.mitre.org/cgi-bin/cvename.cgi?name=CVE-2020-12912).\n\nSeveral mitigations were applied; Intel reduced the sampling resolution via a microcode update, and the Linux kernel [prevents access by non-root users](https://git.kernel.org/pub/scm/linux/kernel/git/torvalds/linux.git/commit/?id=949dd0104c496fa7c14991a23c03c62e44637e71) since 5.10. However, this kernel-based mitigation does not apply to many container-based scenarios:\n* Unless using user namespaces, root inside a container has the same level of privilege as root outside the container, but with a slightly more narrow view of the system\n* `sysfs` is mounted inside containers read-only; however only read access is needed to carry out this attack on an unpatched CPU\n\nWhile this is not a direct vulnerability in container runtimes, defense in depth and safe defaults are valuable and preferred, especially as this poses a risk to multi-tenant container environments running directly on affected hardware. This is provided by masking `/sys/devices/virtual/powercap` in the default mount configuration, and adding an additional set of rules to deny it in the default AppArmor profile.\n\nWhile `sysfs` is not the only way to read from the RAPL subsystem, other ways of accessing it require additional capabilities such as `CAP_SYS_RAWIO` which is not available to containers by default, or `perf` paranoia level less than 1, which is a non-default kernel tunable.\n\n## References\n\n* https://cve.mitre.org/cgi-bin/cvename.cgi?name=CVE-2020-8694\n* https://cve.mitre.org/cgi-bin/cvename.cgi?name=CVE-2020-8695\n* https://cve.mitre.org/cgi-bin/cvename.cgi?name=CVE-2020-12912\n* https://platypusattack.com/\n* https://git.kernel.org/pub/scm/linux/kernel/git/torvalds/linux.git/commit/?id=949dd0104c496fa7c14991a23c03c62e44637e71\n* https://web.eece.maine.edu/~vweaver/projects/rapl/",
          "Severity": "MEDIUM",
          "References": [
            "https://github.com/moby/moby",
            "https://github.com/moby/moby/security/advisories/GHSA-jq35-85cj-fj4p"
          ]
        },
        {
          "VulnerabilityID": "CVE-2022-40716",
          "PkgName": "github.com/hashicorp/consul",
          "InstalledVersion": "v1.10.12",
          "FixedVersion": "1.11.9, 1.12.5, 1.13.2",
          "Status": "fixed",
          "Layer": {
            "DiffID": "sha256:e41a5146e757c3d95b63c6cce5c3eae6adbf65ce04b66810f06f32720f437192"
          },
          "SeveritySource": "ghsa",
          "PrimaryURL": "https://avd.aquasec.com/nvd/cve-2022-40716",
          "DataSource": {
            "ID": "ghsa",
            "Name": "GitHub Security Advisory Go",
            "URL": "https://github.com/advisories?query=type%3Areviewed+ecosystem%3Ago"
          },
          "Title": "Consul Service Mesh Intention Bypass with Malicious Certificate Signing Request",
          "Description": "HashiCorp Consul and Consul Enterprise up to 1.11.8, 1.12.4, and 1.13.1 do not check for multiple SAN URI values in a CSR on the internal RPC endpoint, enabling leverage of privileged access to bypass service mesh intentions. Fixed in 1.11.9, 1.12.5, and 1.13.2.\"",
          "Severity": "MEDIUM",
          "CweIDs": [
            "CWE-252"
          ],
          "CVSS": {
            "bitnami": {
              "V3Vector": "CVSS:3.1/AV:N/AC:L/PR:L/UI:N/S:U/C:N/I:H/A:N",
              "V3Score": 6.5
            },
            "ghsa": {
              "V3Vector": "CVSS:3.1/AV:N/AC:L/PR:L/UI:N/S:U/C:N/I:H/A:N",
              "V3Score": 6.5
            },
            "nvd": {
              "V3Vector": "CVSS:3.1/AV:N/AC:L/PR:L/UI:N/S:U/C:N/I:H/A:N",
              "V3Score": 6.5
            },
            "redhat": {
              "V3Vector": "CVSS:3.1/AV:N/AC:L/PR:L/UI:N/S:U/C:N/I:H/A:N",
              "V3Score": 6.5
            }
          },
          "References": [
            "https://access.redhat.com/security/cve/CVE-2022-40716",
            "https://discuss.hashicorp.com",
            "https://discuss.hashicorp.com/t/hcsec-2022-20-consul-service-mesh-intention-bypass-with-malicious-certificate-signing-request/44628",
            "https://discuss.hashicorp.com/t/hcsec-2022-20-consul-service-mesh-intention-bypass-with-malicious-certificate-signing-request/44628/1",
            "https://github.com/hashicorp/consul",
            "https://github.com/hashicorp/consul/commit/8f6fb4f6fe9488b8ec37da71ac503081d7d3760b",
            "https://github.com/hashicorp/consul/pull/14579",
            "https://lists.fedoraproject.org/archives/list/package-announce%40lists.fedoraproject.org/message/LYZOKMMVX4SIEHPJW3SJUQGMO5YZCPHC/",
            "https://lists.fedoraproject.org/archives/list/package-announce%40lists.fedoraproject.org/message/XNF4OLYZRQE75EB5TW5N42FSXHBXGWFE/",
            "https://lists.fedoraproject.org/archives/list/package-announce%40lists.fedoraproject.org/message/ZTE4ITXXPIWZEQ4HYQCB6N6GZIMWXDAI/",
            "https://lists.fedoraproject.org/archives/list/package-announce@lists.fedoraproject.org/message/LYZOKMMVX4SIEHPJW3SJUQGMO5YZCPHC/",
            "https://lists.fedoraproject.org/archives/list/package-announce@lists.fedoraproject.org/message/ZTE4ITXXPIWZEQ4HYQCB6N6GZIMWXDAI/",
            "https://nvd.nist.gov/vuln/detail/CVE-2022-40716",
            "https://www.cve.org/CVERecord?id=CVE-2022-40716"
          ],
          "PublishedDate": "2022-09-23T12:15:00Z",
          "LastModifiedDate": "2023-11-07T03:52:00Z"
        },
        {
          "VulnerabilityID": "CVE-2023-1297",
          "PkgName": "github.com/hashicorp/consul",
          "InstalledVersion": "v1.10.12",
          "FixedVersion": "1.14.5, 1.15.3",
          "Status": "fixed",
          "Layer": {
            "DiffID": "sha256:e41a5146e757c3d95b63c6cce5c3eae6adbf65ce04b66810f06f32720f437192"
          },
          "SeveritySource": "ghsa",
          "PrimaryURL": "https://avd.aquasec.com/nvd/cve-2023-1297",
          "DataSource": {
            "ID": "ghsa",
            "Name": "GitHub Security Advisory Go",
            "URL": "https://github.com/advisories?query=type%3Areviewed+ecosystem%3Ago"
          },
          "Title": "Hashicorp Consul vulnerable to denial of service",
          "Description": "Consul and Consul Enterprise's cluster peering implementation contained a flaw whereby a peer cluster with service of the same name as a local service could corrupt Consul state, resulting in denial of service. This vulnerability was resolved in Consul 1.14.5, and 1.15.3",
          "Severity": "MEDIUM",
          "CVSS": {
            "bitnami": {
              "V3Vector": "CVSS:3.1/AV:N/AC:L/PR:N/UI:N/S:U/C:N/I:N/A:H",
              "V3Score": 7.5
            },
            "ghsa": {
              "V3Vector": "CVSS:3.1/AV:N/AC:L/PR:H/UI:N/S:U/C:N/I:N/A:H",
              "V3Score": 4.9
            },
            "nvd": {
              "V3Vector": "CVSS:3.1/AV:N/AC:L/PR:N/UI:N/S:U/C:N/I:N/A:H",
              "V3Score": 7.5
            }
          },
          "References": [
            "https://discuss.hashicorp.com/t/hcsec-2023-15-consul-cluster-peering-can-result-in-denial-of-service/54515",
            "https://github.com/hashicorp/consul",
            "https://nvd.nist.gov/vuln/detail/CVE-2023-1297"
          ],
          "PublishedDate": "2023-06-02T23:15:00Z",
          "LastModifiedDate": "2023-06-12T16:10:00Z"
        }
      ]
    }
  ]
}
