{
  "SchemaVersion": 2,
  "ArtifactName": "ubuntu",
  "ArtifactType": "container_image",
  "Metadata": {
    "OS": {
      "Family": "ubuntu",
      "Name": "22.04"
    },
    "ImageID": "sha256:e4c58958181a5925816faa528ce959e487632f4cfd192f8132f71b32df2744b4",
    "DiffIDs": [
      "sha256:256d88da41857db513b95b50ba9a9b28491b58c954e25477d5dad8abb465430b"
    ],
    "RepoTags": [
      "ubuntu:latest"
    ],
    "RepoDigests": [
      "ubuntu@sha256:2b7412e6465c3c7fc5bb21d3e6f1917c167358449fecac8176c6e496e5c1f05f"
    ],
    "ImageConfig": {
      "architecture": "amd64",
      "container": "07c41dd66393978365d5d9a8946bbf45dce5dd50ab3e473284b82a9010d6b265",
      "created": "2023-10-05T07:33:32.902036554Z",
      "docker_version": "20.10.21",
      "history": [
        {
          "created": "2023-10-05T07:33:30Z",
          "created_by": "/bin/sh -c #(nop)  ARG RELEASE",
          "empty_layer": true
        },
        {
          "created": "2023-10-05T07:33:30Z",
          "created_by": "/bin/sh -c #(nop)  ARG LAUNCHPAD_BUILD_ARCH",
          "empty_layer": true
        },
        {
          "created": "2023-10-05T07:33:30Z",
          "created_by": "/bin/sh -c #(nop)  LABEL org.opencontainers.image.ref.name=ubuntu",
          "empty_layer": true
        },
        {
          "created": "2023-10-05T07:33:30Z",
          "created_by": "/bin/sh -c #(nop)  LABEL org.opencontainers.image.version=22.04",
          "empty_layer": true
        },
        {
          "created": "2023-10-05T07:33:32Z",
          "created_by": "/bin/sh -c #(nop) ADD file:63d5ab3ef0aab308c0e71cb67292c5467f60deafa9b0418cbb220affcd078444 in / "
        },
        {
          "created": "2023-10-05T07:33:32Z",
          "created_by": "/bin/sh -c #(nop)  CMD [\"/bin/bash\"]",
          "empty_layer": true
        }
      ],
      "os": "linux",
      "rootfs": {
        "type": "layers",
        "diff_ids": [
          "sha256:256d88da41857db513b95b50ba9a9b28491b58c954e25477d5dad8abb465430b"
        ]
      },
      "config": {
        "Cmd": [
          "/bin/bash"
        ],
        "Env": [
          "PATH=/usr/local/sbin:/usr/local/bin:/usr/sbin:/usr/bin:/sbin:/bin"
        ],
        "Image": "sha256:5cc7f35b23e8f38a4b42c98905260503375a3a09b30da1d333cf42f4bed58f29",
        "Labels": {
          "org.opencontainers.image.ref.name": "ubuntu",
          "org.opencontainers.image.version": "22.04"
        }
      }
    }
  },
  "Results": [
    {
      "Target": "ubuntu (ubuntu 22.04)",
      "Class": "os-pkgs",
      "Type": "ubuntu",
      "Vulnerabilities": [
        {
          "VulnerabilityID": "CVE-2022-3715",
          "PkgID": "bash@5.1-6ubuntu1",
          "PkgName": "bash",
          "InstalledVersion": "5.1-6ubuntu1",
          "Status": "affected",
          "Layer": {
            "DiffID": "sha256:256d88da41857db513b95b50ba9a9b28491b58c954e25477d5dad8abb465430b"
          },
          "SeveritySource": "ubuntu",
          "PrimaryURL": "https://avd.aquasec.com/nvd/cve-2022-3715",
          "DataSource": {
            "ID": "ubuntu",
            "Name": "Ubuntu CVE Tracker",
            "URL": "https://git.launchpad.net/ubuntu-cve-tracker"
          },
          "Title": "a heap-buffer-overflow in valid_parameter_transform",
          "Description": "A flaw was found in the bash package, where a heap-buffer overflow can occur in valid parameter_transform. This issue may lead to memory problems.",
          "Severity": "LOW",
          "CweIDs": [
            "CWE-787"
          ],
          "CVSS": {
            "nvd": {
              "V3Vector": "CVSS:3.1/AV:L/AC:L/PR:L/UI:N/S:U/C:H/I:H/A:H",
              "V3Score": 7.8
            },
            "redhat": {
              "V3Vector": "CVSS:3.1/AV:L/AC:L/PR:L/UI:N/S:U/C:L/I:L/A:H",
              "V3Score": 6.6
            }
          },
          "References": [
            "https://access.redhat.com/errata/RHSA-2023:0340",
            "https://access.redhat.com/security/cve/CVE-2022-3715",
            "https://bugzilla.redhat.com/2126720",
            "https://bugzilla.redhat.com/show_bug.cgi?id=2126720",
            "https://cve.mitre.org/cgi-bin/cvename.cgi?name=CVE-2022-3715",
            "https://errata.almalinux.org/9/ALSA-2023-0340.html",
            "https://errata.rockylinux.org/RLSA-2023:0340",
            "https://linux.oracle.com/cve/CVE-2022-3715.html",
            "https://linux.oracle.com/errata/ELSA-2023-0340.html",
            "https://lists.gnu.org/archive/html/bug-bash/2022-08/msg00147.html",
            "https://nvd.nist.gov/vuln/detail/CVE-2022-3715",
            "https://www.cve.org/CVERecord?id=CVE-2022-3715"
          ],
          "PublishedDate": "2023-01-05T15:15:00Z",
          "LastModifiedDate": "2023-02-24T18:38:00Z"
        },
        {
          "VulnerabilityID": "CVE-2016-2781",
          "PkgID": "coreutils@8.32-4.1ubuntu1",
          "PkgName": "coreutils",
          "InstalledVersion": "8.32-4.1ubuntu1",
          "Status": "affected",
          "Layer": {
            "DiffID": "sha256:256d88da41857db513b95b50ba9a9b28491b58c954e25477d5dad8abb465430b"
          },
          "SeveritySource": "ubuntu",
          "PrimaryURL": "https://avd.aquasec.com/nvd/cve-2016-2781",
          "DataSource": {
            "ID": "ubuntu",
            "Name": "Ubuntu CVE Tracker",
            "URL": "https://git.launchpad.net/ubuntu-cve-tracker"
          },
          "Title": "coreutils: Non-privileged session can escape to the parent session in chroot",
          "Description": "chroot in GNU coreutils, when used with --userspec, allows local users to escape to the parent session via a crafted TIOCSTI ioctl call, which pushes characters to the terminal's input buffer.",
          "Severity": "LOW",
          "CweIDs": [
            "CWE-20"
          ],
          "CVSS": {
            "nvd": {
              "V2Vector": "AV:L/AC:L/Au:N/C:N/I:P/A:N",
              "V3Vector": "CVSS:3.0/AV:L/AC:L/PR:L/UI:N/S:C/C:N/I:H/A:N",
              "V2Score": 2.1,
              "V3Score": 6.5
            },
            "redhat": {
              "V2Vector": "AV:L/AC:H/Au:N/C:C/I:C/A:C",
              "V3Vector": "CVSS:3.0/AV:L/AC:L/PR:N/UI:R/S:C/C:H/I:H/A:H",
              "V2Score": 6.2,
              "V3Score": 8.6
            }
          },
          "References": [
            "http://seclists.org/oss-sec/2016/q1/452",
            "http://www.openwall.com/lists/oss-security/2016/02/28/2",
            "http://www.openwall.com/lists/oss-security/2016/02/28/3",
            "https://access.redhat.com/security/cve/CVE-2016-2781",
            "https://cve.mitre.org/cgi-bin/cvename.cgi?name=CVE-2016-2781",
            "https://lists.apache.org/thread.html/rf9fa47ab66495c78bb4120b0754dd9531ca2ff0430f6685ac9b07772%40%3Cdev.mina.apache.org%3E",
            "https://lore.kernel.org/patchwork/patch/793178/",
            "https://nvd.nist.gov/vuln/detail/CVE-2016-2781",
            "https://www.cve.org/CVERecord?id=CVE-2016-2781"
          ],
          "PublishedDate": "2017-02-07T15:59:00Z",
          "LastModifiedDate": "2023-11-07T02:32:00Z"
        },
        {
          "VulnerabilityID": "CVE-2022-27943",
          "PkgID": "gcc-12-base@12.3.0-1ubuntu1~22.04",
          "PkgName": "gcc-12-base",
          "InstalledVersion": "12.3.0-1ubuntu1~22.04",
          "Status": "affected",
          "Layer": {
            "DiffID": "sha256:256d88da41857db513b95b50ba9a9b28491b58c954e25477d5dad8abb465430b"
          },
          "SeveritySource": "ubuntu",
          "PrimaryURL": "https://avd.aquasec.com/nvd/cve-2022-27943",
          "DataSource": {
            "ID": "ubuntu",
            "Name": "Ubuntu CVE Tracker",
            "URL": "https://git.launchpad.net/ubuntu-cve-tracker"
          },
          "Title": "libiberty/rust-demangle.c in GNU GCC 11.2 allows stack exhaustion in demangle_const",
          "Description": "libiberty/rust-demangle.c in GNU GCC 11.2 allows stack consumption in demangle_const, as demonstrated by nm-new.",
          "Severity": "LOW",
          "CweIDs": [
            "CWE-674"
          ],
          "CVSS": {
            "nvd": {
              "V2Vector": "AV:N/AC:M/Au:N/C:N/I:N/A:P",
              "V3Vector": "CVSS:3.1/AV:L/AC:L/PR:N/UI:R/S:U/C:N/I:N/A:H",
              "V2Score": 4.3,
              "V3Score": 5.5
            },
            "redhat": {
              "V3Vector": "CVSS:3.1/AV:L/AC:L/PR:N/UI:R/S:U/C:N/I:N/A:H",
              "V3Score": 5.5
            }
          },
          "References": [
            "https://access.redhat.com/security/cve/CVE-2022-27943",
            "https://cve.mitre.org/cgi-bin/cvename.cgi?name=CVE-2022-27943",
            "https://gcc.gnu.org/bugzilla/show_bug.cgi?id=105039",
            "https://gcc.gnu.org/git/gitweb.cgi?p=gcc.git;h=9234cdca6ee88badfc00297e72f13dac4e540c79",
            "https://gcc.gnu.org/pipermail/gcc-patches/2022-March/592244.html",
            "https://lists.fedoraproject.org/archives/list/package-announce%40lists.fedoraproject.org/message/H424YXGW7OKXS2NCAP35OP6Y4P4AW6VG/",
            "https://nvd.nist.gov/vuln/detail/CVE-2022-27943",
            "https://sourceware.org/bugzilla/show_bug.cgi?id=28995",
            "https://www.cve.org/CVERecord?id=CVE-2022-27943"
          ],
          "PublishedDate": "2022-03-26T13:15:00Z",
          "LastModifiedDate": "2023-11-07T03:45:00Z"
        },
        {
          "VulnerabilityID": "CVE-2022-3219",
          "PkgID": "gpgv@2.2.27-3ubuntu2.1",
          "PkgName": "gpgv",
          "InstalledVersion": "2.2.27-3ubuntu2.1",
          "Status": "affected",
          "Layer": {
            "DiffID": "sha256:256d88da41857db513b95b50ba9a9b28491b58c954e25477d5dad8abb465430b"
          },
          "SeveritySource": "ubuntu",
          "PrimaryURL": "https://avd.aquasec.com/nvd/cve-2022-3219",
          "DataSource": {
            "ID": "ubuntu",
            "Name": "Ubuntu CVE Tracker",
            "URL": "https://git.launchpad.net/ubuntu-cve-tracker"
          },
          "Title": "denial of service issue (resource consumption) using compressed packets",
          "Description": "GnuPG can be made to spin on a relatively small input by (for example) crafting a public key with thousands of signatures attached, compressed down to just a few KB.",
          "Severity": "LOW",
          "CweIDs": [
            "CWE-787"
          ],
          "CVSS": {
            "nvd": {
              "V3Vector": "CVSS:3.1/AV:L/AC:L/PR:L/UI:N/S:U/C:N/I:N/A:L",
              "V3Score": 3.3
            },
            "redhat": {
              "V3Vector": "CVSS:3.1/AV:L/AC:L/PR:N/UI:N/S:U/C:N/I:N/A:H",
              "V3Score": 6.2
            }
          },
          "References": [
            "https://access.redhat.com/security/cve/CVE-2022-3219",
            "https://bugzilla.redhat.com/show_bug.cgi?id=2127010",
            "https://cve.mitre.org/cgi-bin/cvename.cgi?name=CVE-2022-3219",
            "https://dev.gnupg.org/D556",
            "https://dev.gnupg.org/T5993",
            "https://marc.info/?l=oss-security\u0026m=165696590211434\u0026w=4",
            "https://nvd.nist.gov/vuln/detail/CVE-2022-3219",
            "https://security.netapp.com/advisory/ntap-20230324-0001/",
            "https://www.cve.org/CVERecord?id=CVE-2022-3219"
          ],
          "PublishedDate": "2023-02-23T20:15:00Z",
          "LastModifiedDate": "2023-05-26T16:31:00Z"
        },
        {
          "VulnerabilityID": "CVE-2023-5156",
          "PkgID": "libc-bin@2.35-0ubuntu3.4",
          "PkgName": "libc-bin",
          "InstalledVersion": "2.35-0ubuntu3.4",
          "Status": "affected",
          "Layer": {
            "DiffID": "sha256:256d88da41857db513b95b50ba9a9b28491b58c954e25477d5dad8abb465430b"
          },
          "SeveritySource": "ubuntu",
          "PrimaryURL": "https://avd.aquasec.com/nvd/cve-2023-5156",
          "DataSource": {
            "ID": "ubuntu",
            "Name": "Ubuntu CVE Tracker",
            "URL": "https://git.launchpad.net/ubuntu-cve-tracker"
          },
          "Title": "glibc: DoS due to memory leak in getaddrinfo.c",
          "Description": "A flaw was found in the GNU C Library. A recent fix for CVE-2023-4806 introduced the potential for a memory leak, which may result in an application crash.",
          "Severity": "MEDIUM",
          "CweIDs": [
            "CWE-401"
          ],
          "CVSS": {
            "nvd": {
              "V3Vector": "CVSS:3.1/AV:N/AC:L/PR:N/UI:N/S:U/C:N/I:N/A:H",
              "V3Score": 7.5
            },
            "redhat": {
              "V3Vector": "CVSS:3.1/AV:N/AC:L/PR:N/UI:N/S:U/C:N/I:N/A:L",
              "V3Score": 5.3
            }
          },
          "References": [
            "http://www.openwall.com/lists/oss-security/2023/10/03/4",
            "http://www.openwall.com/lists/oss-security/2023/10/03/5",
            "http://www.openwall.com/lists/oss-security/2023/10/03/6",
            "http://www.openwall.com/lists/oss-security/2023/10/03/8",
            "https://access.redhat.com/security/cve/CVE-2023-5156",
            "https://bugzilla.redhat.com/show_bug.cgi?id=2240541",
            "https://cve.mitre.org/cgi-bin/cvename.cgi?name=CVE-2023-5156",
            "https://nvd.nist.gov/vuln/detail/CVE-2023-5156",
            "https://sourceware.org/bugzilla/show_bug.cgi?id=30884",
            "https://sourceware.org/git/?p=glibc.git;a=commitdiff;h=ec6b95c3303c700eb89eebeda2d7264cc184a796",
            "https://sourceware.org/pipermail/libc-alpha/2023-September/151691.html",
            "https://www.cve.org/CVERecord?id=CVE-2023-5156"
          ],
          "PublishedDate": "2023-09-25T16:15:00Z",
          "LastModifiedDate": "2023-11-07T04:23:00Z"
        },
        {
          "VulnerabilityID": "CVE-2016-20013",
          "PkgID": "libc-bin@2.35-0ubuntu3.4",
          "PkgName": "libc-bin",
          "InstalledVersion": "2.35-0ubuntu3.4",
          "Status": "affected",
          "Layer": {
            "DiffID": "sha256:256d88da41857db513b95b50ba9a9b28491b58c954e25477d5dad8abb465430b"
          },
          "SeveritySource": "ubuntu",
          "PrimaryURL": "https://avd.aquasec.com/nvd/cve-2016-20013",
          "DataSource": {
            "ID": "ubuntu",
            "Name": "Ubuntu CVE Tracker",
            "URL": "https://git.launchpad.net/ubuntu-cve-tracker"
          },
          "Description": "sha256crypt and sha512crypt through 0.6 allow attackers to cause a denial of service (CPU consumption) because the algorithm's runtime is proportional to the square of the length of the password.",
          "Severity": "LOW",
          "CweIDs": [
            "CWE-770"
          ],
          "CVSS": {
            "nvd": {
              "V2Vector": "AV:N/AC:L/Au:N/C:N/I:N/A:P",
              "V3Vector": "CVSS:3.1/AV:N/AC:L/PR:N/UI:N/S:U/C:N/I:N/A:H",
              "V2Score": 5,
              "V3Score": 7.5
            }
          },
          "References": [
            "https://akkadia.org/drepper/SHA-crypt.txt",
            "https://cve.mitre.org/cgi-bin/cvename.cgi?name=CVE-2016-20013",
            "https://pthree.org/2018/05/23/do-not-use-sha256crypt-sha512crypt-theyre-dangerous/",
            "https://twitter.com/solardiz/status/795601240151457793"
          ],
          "PublishedDate": "2022-02-19T05:15:00Z",
          "LastModifiedDate": "2022-03-03T16:43:00Z"
        },
        {
          "VulnerabilityID": "CVE-2023-4806",
          "PkgID": "libc-bin@2.35-0ubuntu3.4",
          "PkgName": "libc-bin",
          "InstalledVersion": "2.35-0ubuntu3.4",
          "Status": "affected",
          "Layer": {
            "DiffID": "sha256:256d88da41857db513b95b50ba9a9b28491b58c954e25477d5dad8abb465430b"
          },
          "SeveritySource": "ubuntu",
          "PrimaryURL": "https://avd.aquasec.com/nvd/cve-2023-4806",
          "DataSource": {
            "ID": "ubuntu",
            "Name": "Ubuntu CVE Tracker",
            "URL": "https://git.launchpad.net/ubuntu-cve-tracker"
          },
          "Title": "glibc: potential use-after-free in getaddrinfo()",
          "Description": "A flaw was found in glibc. In an extremely rare situation, the getaddrinfo function may access memory that has been freed, resulting in an application crash. This issue is only exploitable when a NSS module implements only the _nss_*_gethostbyname2_r and _nss_*_getcanonname_r hooks without implementing the _nss_*_gethostbyname3_r hook. The resolved name should return a large number of IPv6 and IPv4, and the call to the getaddrinfo function should have the AF_INET6 address family with AI_CANONNAME, AI_ALL and AI_V4MAPPED as flags.",
          "Severity": "LOW",
          "CweIDs": [
            "CWE-416"
          ],
          "CVSS": {
            "nvd": {
              "V3Vector": "CVSS:3.1/AV:N/AC:H/PR:N/UI:N/S:U/C:N/I:N/A:H",
              "V3Score": 5.9
            },
            "redhat": {
              "V3Vector": "CVSS:3.1/AV:N/AC:H/PR:N/UI:N/S:U/C:N/I:N/A:H",
              "V3Score": 5.9
            }
          },
          "References": [
            "http://www.openwall.com/lists/oss-security/2023/10/03/4",
            "http://www.openwall.com/lists/oss-security/2023/10/03/5",
            "http://www.openwall.com/lists/oss-security/2023/10/03/6",
            "http://www.openwall.com/lists/oss-security/2023/10/03/8",
            "https://access.redhat.com/errata/RHSA-2023:5453",
            "https://access.redhat.com/errata/RHSA-2023:5455",
            "https://access.redhat.com/security/cve/CVE-2023-4806",
            "https://bugzilla.redhat.com/2234712",
            "https://bugzilla.redhat.com/2237782",
            "https://bugzilla.redhat.com/2237798",
            "https://bugzilla.redhat.com/2238352",
            "https://bugzilla.redhat.com/show_bug.cgi?id=2234712",
            "https://bugzilla.redhat.com/show_bug.cgi?id=2237782",
            "https://bugzilla.redhat.com/show_bug.cgi?id=2237798",
            "https://bugzilla.redhat.com/show_bug.cgi?id=2238352",
            "https://cve.mitre.org/cgi-bin/cvename.cgi?name=CVE-2023-4527",
            "https://cve.mitre.org/cgi-bin/cvename.cgi?name=CVE-2023-4806",
            "https://cve.mitre.org/cgi-bin/cvename.cgi?name=CVE-2023-4813",
            "https://cve.mitre.org/cgi-bin/cvename.cgi?name=CVE-2023-4911",
            "https://errata.almalinux.org/8/ALSA-2023-5455.html",
            "https://errata.rockylinux.org/RLSA-2023:5455",
            "https://linux.oracle.com/cve/CVE-2023-4806.html",
            "https://linux.oracle.com/errata/ELSA-2023-5455.html",
            "https://lists.fedoraproject.org/archives/list/package-announce@lists.fedoraproject.org/message/4DBUQRRPB47TC3NJOUIBVWUGFHBJAFDL/",
            "https://lists.fedoraproject.org/archives/list/package-announce@lists.fedoraproject.org/message/DFG4P76UHHZEWQ26FWBXG76N2QLKKPZA/",
            "https://lists.fedoraproject.org/archives/list/package-announce@lists.fedoraproject.org/message/NDAQWHTSVOCOZ5K6KPIWKRT3JX4RTZUR/",
            "https://nvd.nist.gov/vuln/detail/CVE-2023-4806",
            "https://security.gentoo.org/glsa/202310-03",
            "https://www.cve.org/CVERecord?id=CVE-2023-4806"
          ],
          "PublishedDate": "2023-09-18T17:15:00Z",
          "LastModifiedDate": "2023-11-07T04:22:00Z"
        },
        {
          "VulnerabilityID": "CVE-2023-4813",
          "PkgID": "libc-bin@2.35-0ubuntu3.4",
          "PkgName": "libc-bin",
          "InstalledVersion": "2.35-0ubuntu3.4",
          "Status": "affected",
          "Layer": {
            "DiffID": "sha256:256d88da41857db513b95b50ba9a9b28491b58c954e25477d5dad8abb465430b"
          },
          "SeveritySource": "ubuntu",
          "PrimaryURL": "https://avd.aquasec.com/nvd/cve-2023-4813",
          "DataSource": {
            "ID": "ubuntu",
            "Name": "Ubuntu CVE Tracker",
            "URL": "https://git.launchpad.net/ubuntu-cve-tracker"
          },
          "Title": "glibc: potential use-after-free in gaih_inet()",
          "Description": "A flaw was found in glibc. In an uncommon situation, the gaih_inet function may use memory that has been freed, resulting in an application crash. This issue is only exploitable when the getaddrinfo function is called and the hosts database in /etc/nsswitch.conf is configured with SUCCESS=continue or SUCCESS=merge.",
          "Severity": "LOW",
          "CweIDs": [
            "CWE-416"
          ],
          "CVSS": {
            "nvd": {
              "V3Vector": "CVSS:3.1/AV:N/AC:H/PR:N/UI:N/S:U/C:N/I:N/A:H",
              "V3Score": 5.9
            },
            "redhat": {
              "V3Vector": "CVSS:3.1/AV:N/AC:H/PR:N/UI:N/S:U/C:N/I:N/A:H",
              "V3Score": 5.9
            }
          },
          "References": [
            "http://www.openwall.com/lists/oss-security/2023/10/03/8",
            "https://access.redhat.com/errata/RHSA-2023:5453",
            "https://access.redhat.com/errata/RHSA-2023:5455",
            "https://access.redhat.com/security/cve/CVE-2023-4813",
            "https://bugzilla.redhat.com/2234712",
            "https://bugzilla.redhat.com/2237782",
            "https://bugzilla.redhat.com/2237798",
            "https://bugzilla.redhat.com/2238352",
            "https://bugzilla.redhat.com/show_bug.cgi?id=2234712",
            "https://bugzilla.redhat.com/show_bug.cgi?id=2237782",
            "https://bugzilla.redhat.com/show_bug.cgi?id=2237798",
            "https://bugzilla.redhat.com/show_bug.cgi?id=2238352",
            "https://cve.mitre.org/cgi-bin/cvename.cgi?name=CVE-2023-4527",
            "https://cve.mitre.org/cgi-bin/cvename.cgi?name=CVE-2023-4806",
            "https://cve.mitre.org/cgi-bin/cvename.cgi?name=CVE-2023-4813",
            "https://cve.mitre.org/cgi-bin/cvename.cgi?name=CVE-2023-4911",
            "https://errata.almalinux.org/8/ALSA-2023-5455.html",
            "https://errata.rockylinux.org/RLSA-2023:5455",
            "https://linux.oracle.com/cve/CVE-2023-4813.html",
            "https://linux.oracle.com/errata/ELSA-2023-5455.html",
            "https://nvd.nist.gov/vuln/detail/CVE-2023-4813",
            "https://security.netapp.com/advisory/ntap-20231110-0003/",
            "https://www.cve.org/CVERecord?id=CVE-2023-4813"
          ],
          "PublishedDate": "2023-09-12T22:15:00Z",
          "LastModifiedDate": "2023-11-10T18:15:00Z"
        },
        {
          "VulnerabilityID": "CVE-2023-5156",
          "PkgID": "libc6@2.35-0ubuntu3.4",
          "PkgName": "libc6",
          "InstalledVersion": "2.35-0ubuntu3.4",
          "Status": "affected",
          "Layer": {
            "DiffID": "sha256:256d88da41857db513b95b50ba9a9b28491b58c954e25477d5dad8abb465430b"
          },
          "SeveritySource": "ubuntu",
          "PrimaryURL": "https://avd.aquasec.com/nvd/cve-2023-5156",
          "DataSource": {
            "ID": "ubuntu",
            "Name": "Ubuntu CVE Tracker",
            "URL": "https://git.launchpad.net/ubuntu-cve-tracker"
          },
          "Title": "glibc: DoS due to memory leak in getaddrinfo.c",
          "Description": "A flaw was found in the GNU C Library. A recent fix for CVE-2023-4806 introduced the potential for a memory leak, which may result in an application crash.",
          "Severity": "MEDIUM",
          "CweIDs": [
            "CWE-401"
          ],
          "CVSS": {
            "nvd": {
              "V3Vector": "CVSS:3.1/AV:N/AC:L/PR:N/UI:N/S:U/C:N/I:N/A:H",
              "V3Score": 7.5
            },
            "redhat": {
              "V3Vector": "CVSS:3.1/AV:N/AC:L/PR:N/UI:N/S:U/C:N/I:N/A:L",
              "V3Score": 5.3
            }
          },
          "References": [
            "http://www.openwall.com/lists/oss-security/2023/10/03/4",
            "http://www.openwall.com/lists/oss-security/2023/10/03/5",
            "http://www.openwall.com/lists/oss-security/2023/10/03/6",
            "http://www.openwall.com/lists/oss-security/2023/10/03/8",
            "https://access.redhat.com/security/cve/CVE-2023-5156",
            "https://bugzilla.redhat.com/show_bug.cgi?id=2240541",
            "https://cve.mitre.org/cgi-bin/cvename.cgi?name=CVE-2023-5156",
            "https://nvd.nist.gov/vuln/detail/CVE-2023-5156",
            "https://sourceware.org/bugzilla/show_bug.cgi?id=30884",
            "https://sourceware.org/git/?p=glibc.git;a=commitdiff;h=ec6b95c3303c700eb89eebeda2d7264cc184a796",
            "https://sourceware.org/pipermail/libc-alpha/2023-September/151691.html",
            "https://www.cve.org/CVERecord?id=CVE-2023-5156"
          ],
          "PublishedDate": "2023-09-25T16:15:00Z",
          "LastModifiedDate": "2023-11-07T04:23:00Z"
        },
        {
          "VulnerabilityID": "CVE-2016-20013",
          "PkgID": "libc6@2.35-0ubuntu3.4",
          "PkgName": "libc6",
          "InstalledVersion": "2.35-0ubuntu3.4",
          "Status": "affected",
          "Layer": {
            "DiffID": "sha256:256d88da41857db513b95b50ba9a9b28491b58c954e25477d5dad8abb465430b"
          },
          "SeveritySource": "ubuntu",
          "PrimaryURL": "https://avd.aquasec.com/nvd/cve-2016-20013",
          "DataSource": {
            "ID": "ubuntu",
            "Name": "Ubuntu CVE Tracker",
            "URL": "https://git.launchpad.net/ubuntu-cve-tracker"
          },
          "Description": "sha256crypt and sha512crypt through 0.6 allow attackers to cause a denial of service (CPU consumption) because the algorithm's runtime is proportional to the square of the length of the password.",
          "Severity": "LOW",
          "CweIDs": [
            "CWE-770"
          ],
          "CVSS": {
            "nvd": {
              "V2Vector": "AV:N/AC:L/Au:N/C:N/I:N/A:P",
              "V3Vector": "CVSS:3.1/AV:N/AC:L/PR:N/UI:N/S:U/C:N/I:N/A:H",
              "V2Score": 5,
              "V3Score": 7.5
            }
          },
          "References": [
            "https://akkadia.org/drepper/SHA-crypt.txt",
            "https://cve.mitre.org/cgi-bin/cvename.cgi?name=CVE-2016-20013",
            "https://pthree.org/2018/05/23/do-not-use-sha256crypt-sha512crypt-theyre-dangerous/",
            "https://twitter.com/solardiz/status/795601240151457793"
          ],
          "PublishedDate": "2022-02-19T05:15:00Z",
          "LastModifiedDate": "2022-03-03T16:43:00Z"
        },
        {
          "VulnerabilityID": "CVE-2023-4806",
          "PkgID": "libc6@2.35-0ubuntu3.4",
          "PkgName": "libc6",
          "InstalledVersion": "2.35-0ubuntu3.4",
          "Status": "affected",
          "Layer": {
            "DiffID": "sha256:256d88da41857db513b95b50ba9a9b28491b58c954e25477d5dad8abb465430b"
          },
          "SeveritySource": "ubuntu",
          "PrimaryURL": "https://avd.aquasec.com/nvd/cve-2023-4806",
          "DataSource": {
            "ID": "ubuntu",
            "Name": "Ubuntu CVE Tracker",
            "URL": "https://git.launchpad.net/ubuntu-cve-tracker"
          },
          "Title": "glibc: potential use-after-free in getaddrinfo()",
          "Description": "A flaw was found in glibc. In an extremely rare situation, the getaddrinfo function may access memory that has been freed, resulting in an application crash. This issue is only exploitable when a NSS module implements only the _nss_*_gethostbyname2_r and _nss_*_getcanonname_r hooks without implementing the _nss_*_gethostbyname3_r hook. The resolved name should return a large number of IPv6 and IPv4, and the call to the getaddrinfo function should have the AF_INET6 address family with AI_CANONNAME, AI_ALL and AI_V4MAPPED as flags.",
          "Severity": "LOW",
          "CweIDs": [
            "CWE-416"
          ],
          "CVSS": {
            "nvd": {
              "V3Vector": "CVSS:3.1/AV:N/AC:H/PR:N/UI:N/S:U/C:N/I:N/A:H",
              "V3Score": 5.9
            },
            "redhat": {
              "V3Vector": "CVSS:3.1/AV:N/AC:H/PR:N/UI:N/S:U/C:N/I:N/A:H",
              "V3Score": 5.9
            }
          },
          "References": [
            "http://www.openwall.com/lists/oss-security/2023/10/03/4",
            "http://www.openwall.com/lists/oss-security/2023/10/03/5",
            "http://www.openwall.com/lists/oss-security/2023/10/03/6",
            "http://www.openwall.com/lists/oss-security/2023/10/03/8",
            "https://access.redhat.com/errata/RHSA-2023:5453",
            "https://access.redhat.com/errata/RHSA-2023:5455",
            "https://access.redhat.com/security/cve/CVE-2023-4806",
            "https://bugzilla.redhat.com/2234712",
            "https://bugzilla.redhat.com/2237782",
            "https://bugzilla.redhat.com/2237798",
            "https://bugzilla.redhat.com/2238352",
            "https://bugzilla.redhat.com/show_bug.cgi?id=2234712",
            "https://bugzilla.redhat.com/show_bug.cgi?id=2237782",
            "https://bugzilla.redhat.com/show_bug.cgi?id=2237798",
            "https://bugzilla.redhat.com/show_bug.cgi?id=2238352",
            "https://cve.mitre.org/cgi-bin/cvename.cgi?name=CVE-2023-4527",
            "https://cve.mitre.org/cgi-bin/cvename.cgi?name=CVE-2023-4806",
            "https://cve.mitre.org/cgi-bin/cvename.cgi?name=CVE-2023-4813",
            "https://cve.mitre.org/cgi-bin/cvename.cgi?name=CVE-2023-4911",
            "https://errata.almalinux.org/8/ALSA-2023-5455.html",
            "https://errata.rockylinux.org/RLSA-2023:5455",
            "https://linux.oracle.com/cve/CVE-2023-4806.html",
            "https://linux.oracle.com/errata/ELSA-2023-5455.html",
            "https://lists.fedoraproject.org/archives/list/package-announce@lists.fedoraproject.org/message/4DBUQRRPB47TC3NJOUIBVWUGFHBJAFDL/",
            "https://lists.fedoraproject.org/archives/list/package-announce@lists.fedoraproject.org/message/DFG4P76UHHZEWQ26FWBXG76N2QLKKPZA/",
            "https://lists.fedoraproject.org/archives/list/package-announce@lists.fedoraproject.org/message/NDAQWHTSVOCOZ5K6KPIWKRT3JX4RTZUR/",
            "https://nvd.nist.gov/vuln/detail/CVE-2023-4806",
            "https://security.gentoo.org/glsa/202310-03",
            "https://www.cve.org/CVERecord?id=CVE-2023-4806"
          ],
          "PublishedDate": "2023-09-18T17:15:00Z",
          "LastModifiedDate": "2023-11-07T04:22:00Z"
        },
        {
          "VulnerabilityID": "CVE-2023-4813",
          "PkgID": "libc6@2.35-0ubuntu3.4",
          "PkgName": "libc6",
          "InstalledVersion": "2.35-0ubuntu3.4",
          "Status": "affected",
          "Layer": {
            "DiffID": "sha256:256d88da41857db513b95b50ba9a9b28491b58c954e25477d5dad8abb465430b"
          },
          "SeveritySource": "ubuntu",
          "PrimaryURL": "https://avd.aquasec.com/nvd/cve-2023-4813",
          "DataSource": {
            "ID": "ubuntu",
            "Name": "Ubuntu CVE Tracker",
            "URL": "https://git.launchpad.net/ubuntu-cve-tracker"
          },
          "Title": "glibc: potential use-after-free in gaih_inet()",
          "Description": "A flaw was found in glibc. In an uncommon situation, the gaih_inet function may use memory that has been freed, resulting in an application crash. This issue is only exploitable when the getaddrinfo function is called and the hosts database in /etc/nsswitch.conf is configured with SUCCESS=continue or SUCCESS=merge.",
          "Severity": "LOW",
          "CweIDs": [
            "CWE-416"
          ],
          "CVSS": {
            "nvd": {
              "V3Vector": "CVSS:3.1/AV:N/AC:H/PR:N/UI:N/S:U/C:N/I:N/A:H",
              "V3Score": 5.9
            },
            "redhat": {
              "V3Vector": "CVSS:3.1/AV:N/AC:H/PR:N/UI:N/S:U/C:N/I:N/A:H",
              "V3Score": 5.9
            }
          },
          "References": [
            "http://www.openwall.com/lists/oss-security/2023/10/03/8",
            "https://access.redhat.com/errata/RHSA-2023:5453",
            "https://access.redhat.com/errata/RHSA-2023:5455",
            "https://access.redhat.com/security/cve/CVE-2023-4813",
            "https://bugzilla.redhat.com/2234712",
            "https://bugzilla.redhat.com/2237782",
            "https://bugzilla.redhat.com/2237798",
            "https://bugzilla.redhat.com/2238352",
            "https://bugzilla.redhat.com/show_bug.cgi?id=2234712",
            "https://bugzilla.redhat.com/show_bug.cgi?id=2237782",
            "https://bugzilla.redhat.com/show_bug.cgi?id=2237798",
            "https://bugzilla.redhat.com/show_bug.cgi?id=2238352",
            "https://cve.mitre.org/cgi-bin/cvename.cgi?name=CVE-2023-4527",
            "https://cve.mitre.org/cgi-bin/cvename.cgi?name=CVE-2023-4806",
            "https://cve.mitre.org/cgi-bin/cvename.cgi?name=CVE-2023-4813",
            "https://cve.mitre.org/cgi-bin/cvename.cgi?name=CVE-2023-4911",
            "https://errata.almalinux.org/8/ALSA-2023-5455.html",
            "https://errata.rockylinux.org/RLSA-2023:5455",
            "https://linux.oracle.com/cve/CVE-2023-4813.html",
            "https://linux.oracle.com/errata/ELSA-2023-5455.html",
            "https://nvd.nist.gov/vuln/detail/CVE-2023-4813",
            "https://security.netapp.com/advisory/ntap-20231110-0003/",
            "https://www.cve.org/CVERecord?id=CVE-2023-4813"
          ],
          "PublishedDate": "2023-09-12T22:15:00Z",
          "LastModifiedDate": "2023-11-10T18:15:00Z"
        },
        {
          "VulnerabilityID": "CVE-2022-27943",
          "PkgID": "libgcc-s1@12.3.0-1ubuntu1~22.04",
          "PkgName": "libgcc-s1",
          "InstalledVersion": "12.3.0-1ubuntu1~22.04",
          "Status": "affected",
          "Layer": {
            "DiffID": "sha256:256d88da41857db513b95b50ba9a9b28491b58c954e25477d5dad8abb465430b"
          },
          "SeveritySource": "ubuntu",
          "PrimaryURL": "https://avd.aquasec.com/nvd/cve-2022-27943",
          "DataSource": {
            "ID": "ubuntu",
            "Name": "Ubuntu CVE Tracker",
            "URL": "https://git.launchpad.net/ubuntu-cve-tracker"
          },
          "Title": "libiberty/rust-demangle.c in GNU GCC 11.2 allows stack exhaustion in demangle_const",
          "Description": "libiberty/rust-demangle.c in GNU GCC 11.2 allows stack consumption in demangle_const, as demonstrated by nm-new.",
          "Severity": "LOW",
          "CweIDs": [
            "CWE-674"
          ],
          "CVSS": {
            "nvd": {
              "V2Vector": "AV:N/AC:M/Au:N/C:N/I:N/A:P",
              "V3Vector": "CVSS:3.1/AV:L/AC:L/PR:N/UI:R/S:U/C:N/I:N/A:H",
              "V2Score": 4.3,
              "V3Score": 5.5
            },
            "redhat": {
              "V3Vector": "CVSS:3.1/AV:L/AC:L/PR:N/UI:R/S:U/C:N/I:N/A:H",
              "V3Score": 5.5
            }
          },
          "References": [
            "https://access.redhat.com/security/cve/CVE-2022-27943",
            "https://cve.mitre.org/cgi-bin/cvename.cgi?name=CVE-2022-27943",
            "https://gcc.gnu.org/bugzilla/show_bug.cgi?id=105039",
            "https://gcc.gnu.org/git/gitweb.cgi?p=gcc.git;h=9234cdca6ee88badfc00297e72f13dac4e540c79",
            "https://gcc.gnu.org/pipermail/gcc-patches/2022-March/592244.html",
            "https://lists.fedoraproject.org/archives/list/package-announce%40lists.fedoraproject.org/message/H424YXGW7OKXS2NCAP35OP6Y4P4AW6VG/",
            "https://nvd.nist.gov/vuln/detail/CVE-2022-27943",
            "https://sourceware.org/bugzilla/show_bug.cgi?id=28995",
            "https://www.cve.org/CVERecord?id=CVE-2022-27943"
          ],
          "PublishedDate": "2022-03-26T13:15:00Z",
          "LastModifiedDate": "2023-11-07T03:45:00Z"
        },
        {
          "VulnerabilityID": "CVE-2023-36054",
          "PkgID": "libgssapi-krb5-2@1.19.2-2ubuntu0.2",
          "PkgName": "libgssapi-krb5-2",
          "InstalledVersion": "1.19.2-2ubuntu0.2",
          "FixedVersion": "1.19.2-2ubuntu0.3",
          "Status": "fixed",
          "Layer": {
            "DiffID": "sha256:256d88da41857db513b95b50ba9a9b28491b58c954e25477d5dad8abb465430b"
          },
          "SeveritySource": "ubuntu",
          "PrimaryURL": "https://avd.aquasec.com/nvd/cve-2023-36054",
          "DataSource": {
            "ID": "ubuntu",
            "Name": "Ubuntu CVE Tracker",
            "URL": "https://git.launchpad.net/ubuntu-cve-tracker"
          },
          "Title": "krb5: Denial of service through freeing uninitialized pointer",
          "Description": "lib/kadm5/kadm_rpc_xdr.c in MIT Kerberos 5 (aka krb5) before 1.20.2 and 1.21.x before 1.21.1 frees an uninitialized pointer. A remote authenticated user can trigger a kadmind crash. This occurs because _xdr_kadm5_principal_ent_rec does not validate the relationship between n_key_data and the key_data array count.",
          "Severity": "MEDIUM",
          "CweIDs": [
            "CWE-824"
          ],
          "CVSS": {
            "nvd": {
              "V3Vector": "CVSS:3.1/AV:N/AC:L/PR:L/UI:N/S:U/C:N/I:N/A:H",
              "V3Score": 6.5
            },
            "redhat": {
              "V3Vector": "CVSS:3.1/AV:A/AC:L/PR:L/UI:N/S:U/C:N/I:N/A:H",
              "V3Score": 5.7
            }
          },
          "References": [
            "https://access.redhat.com/errata/RHSA-2023:6699",
            "https://access.redhat.com/security/cve/CVE-2023-36054",
            "https://bugzilla.redhat.com/2230178",
            "https://bugzilla.redhat.com/2232682",
            "https://cve.mitre.org/cgi-bin/cvename.cgi?name=CVE-2023-36054",
            "https://errata.almalinux.org/9/ALSA-2023-6699.html",
            "https://github.com/krb5/krb5/commit/ef08b09c9459551aabbe7924fb176f1583053cdd",
            "https://github.com/krb5/krb5/compare/krb5-1.20.1-final...krb5-1.20.2-final",
            "https://github.com/krb5/krb5/compare/krb5-1.21-final...krb5-1.21.1-final",
            "https://linux.oracle.com/cve/CVE-2023-36054.html",
            "https://linux.oracle.com/errata/ELSA-2023-6699.html",
            "https://lists.debian.org/debian-lts-announce/2023/10/msg00031.html",
            "https://nvd.nist.gov/vuln/detail/CVE-2023-36054",
            "https://security.netapp.com/advisory/ntap-20230908-0004/",
            "https://ubuntu.com/security/notices/USN-6467-1",
            "https://ubuntu.com/security/notices/USN-6467-2",
            "https://web.mit.edu/kerberos/www/advisories/",
            "https://www.cve.org/CVERecord?id=CVE-2023-36054"
          ],
          "PublishedDate": "2023-08-07T19:15:00Z",
          "LastModifiedDate": "2023-11-15T03:23:00Z"
        },
        {
          "VulnerabilityID": "CVE-2023-36054",
          "PkgID": "libk5crypto3@1.19.2-2ubuntu0.2",
          "PkgName": "libk5crypto3",
          "InstalledVersion": "1.19.2-2ubuntu0.2",
          "FixedVersion": "1.19.2-2ubuntu0.3",
          "Status": "fixed",
          "Layer": {
            "DiffID": "sha256:256d88da41857db513b95b50ba9a9b28491b58c954e25477d5dad8abb465430b"
          },
          "SeveritySource": "ubuntu",
          "PrimaryURL": "https://avd.aquasec.com/nvd/cve-2023-36054",
          "DataSource": {
            "ID": "ubuntu",
            "Name": "Ubuntu CVE Tracker",
            "URL": "https://git.launchpad.net/ubuntu-cve-tracker"
          },
          "Title": "krb5: Denial of service through freeing uninitialized pointer",
          "Description": "lib/kadm5/kadm_rpc_xdr.c in MIT Kerberos 5 (aka krb5) before 1.20.2 and 1.21.x before 1.21.1 frees an uninitialized pointer. A remote authenticated user can trigger a kadmind crash. This occurs because _xdr_kadm5_principal_ent_rec does not validate the relationship between n_key_data and the key_data array count.",
          "Severity": "MEDIUM",
          "CweIDs": [
            "CWE-824"
          ],
          "CVSS": {
            "nvd": {
              "V3Vector": "CVSS:3.1/AV:N/AC:L/PR:L/UI:N/S:U/C:N/I:N/A:H",
              "V3Score": 6.5
            },
            "redhat": {
              "V3Vector": "CVSS:3.1/AV:A/AC:L/PR:L/UI:N/S:U/C:N/I:N/A:H",
              "V3Score": 5.7
            }
          },
          "References": [
            "https://access.redhat.com/errata/RHSA-2023:6699",
            "https://access.redhat.com/security/cve/CVE-2023-36054",
            "https://bugzilla.redhat.com/2230178",
            "https://bugzilla.redhat.com/2232682",
            "https://cve.mitre.org/cgi-bin/cvename.cgi?name=CVE-2023-36054",
            "https://errata.almalinux.org/9/ALSA-2023-6699.html",
            "https://github.com/krb5/krb5/commit/ef08b09c9459551aabbe7924fb176f1583053cdd",
            "https://github.com/krb5/krb5/compare/krb5-1.20.1-final...krb5-1.20.2-final",
            "https://github.com/krb5/krb5/compare/krb5-1.21-final...krb5-1.21.1-final",
            "https://linux.oracle.com/cve/CVE-2023-36054.html",
            "https://linux.oracle.com/errata/ELSA-2023-6699.html",
            "https://lists.debian.org/debian-lts-announce/2023/10/msg00031.html",
            "https://nvd.nist.gov/vuln/detail/CVE-2023-36054",
            "https://security.netapp.com/advisory/ntap-20230908-0004/",
            "https://ubuntu.com/security/notices/USN-6467-1",
            "https://ubuntu.com/security/notices/USN-6467-2",
            "https://web.mit.edu/kerberos/www/advisories/",
            "https://www.cve.org/CVERecord?id=CVE-2023-36054"
          ],
          "PublishedDate": "2023-08-07T19:15:00Z",
          "LastModifiedDate": "2023-11-15T03:23:00Z"
        },
        {
          "VulnerabilityID": "CVE-2023-36054",
          "PkgID": "libkrb5-3@1.19.2-2ubuntu0.2",
          "PkgName": "libkrb5-3",
          "InstalledVersion": "1.19.2-2ubuntu0.2",
          "FixedVersion": "1.19.2-2ubuntu0.3",
          "Status": "fixed",
          "Layer": {
            "DiffID": "sha256:256d88da41857db513b95b50ba9a9b28491b58c954e25477d5dad8abb465430b"
          },
          "SeveritySource": "ubuntu",
          "PrimaryURL": "https://avd.aquasec.com/nvd/cve-2023-36054",
          "DataSource": {
            "ID": "ubuntu",
            "Name": "Ubuntu CVE Tracker",
            "URL": "https://git.launchpad.net/ubuntu-cve-tracker"
          },
          "Title": "krb5: Denial of service through freeing uninitialized pointer",
          "Description": "lib/kadm5/kadm_rpc_xdr.c in MIT Kerberos 5 (aka krb5) before 1.20.2 and 1.21.x before 1.21.1 frees an uninitialized pointer. A remote authenticated user can trigger a kadmind crash. This occurs because _xdr_kadm5_principal_ent_rec does not validate the relationship between n_key_data and the key_data array count.",
          "Severity": "MEDIUM",
          "CweIDs": [
            "CWE-824"
          ],
          "CVSS": {
            "nvd": {
              "V3Vector": "CVSS:3.1/AV:N/AC:L/PR:L/UI:N/S:U/C:N/I:N/A:H",
              "V3Score": 6.5
            },
            "redhat": {
              "V3Vector": "CVSS:3.1/AV:A/AC:L/PR:L/UI:N/S:U/C:N/I:N/A:H",
              "V3Score": 5.7
            }
          },
          "References": [
            "https://access.redhat.com/errata/RHSA-2023:6699",
            "https://access.redhat.com/security/cve/CVE-2023-36054",
            "https://bugzilla.redhat.com/2230178",
            "https://bugzilla.redhat.com/2232682",
            "https://cve.mitre.org/cgi-bin/cvename.cgi?name=CVE-2023-36054",
            "https://errata.almalinux.org/9/ALSA-2023-6699.html",
            "https://github.com/krb5/krb5/commit/ef08b09c9459551aabbe7924fb176f1583053cdd",
            "https://github.com/krb5/krb5/compare/krb5-1.20.1-final...krb5-1.20.2-final",
            "https://github.com/krb5/krb5/compare/krb5-1.21-final...krb5-1.21.1-final",
            "https://linux.oracle.com/cve/CVE-2023-36054.html",
            "https://linux.oracle.com/errata/ELSA-2023-6699.html",
            "https://lists.debian.org/debian-lts-announce/2023/10/msg00031.html",
            "https://nvd.nist.gov/vuln/detail/CVE-2023-36054",
            "https://security.netapp.com/advisory/ntap-20230908-0004/",
            "https://ubuntu.com/security/notices/USN-6467-1",
            "https://ubuntu.com/security/notices/USN-6467-2",
            "https://web.mit.edu/kerberos/www/advisories/",
            "https://www.cve.org/CVERecord?id=CVE-2023-36054"
          ],
          "PublishedDate": "2023-08-07T19:15:00Z",
          "LastModifiedDate": "2023-11-15T03:23:00Z"
        },
        {
          "VulnerabilityID": "CVE-2023-36054",
          "PkgID": "libkrb5support0@1.19.2-2ubuntu0.2",
          "PkgName": "libkrb5support0",
          "InstalledVersion": "1.19.2-2ubuntu0.2",
          "FixedVersion": "1.19.2-2ubuntu0.3",
          "Status": "fixed",
          "Layer": {
            "DiffID": "sha256:256d88da41857db513b95b50ba9a9b28491b58c954e25477d5dad8abb465430b"
          },
          "SeveritySource": "ubuntu",
          "PrimaryURL": "https://avd.aquasec.com/nvd/cve-2023-36054",
          "DataSource": {
            "ID": "ubuntu",
            "Name": "Ubuntu CVE Tracker",
            "URL": "https://git.launchpad.net/ubuntu-cve-tracker"
          },
          "Title": "krb5: Denial of service through freeing uninitialized pointer",
          "Description": "lib/kadm5/kadm_rpc_xdr.c in MIT Kerberos 5 (aka krb5) before 1.20.2 and 1.21.x before 1.21.1 frees an uninitialized pointer. A remote authenticated user can trigger a kadmind crash. This occurs because _xdr_kadm5_principal_ent_rec does not validate the relationship between n_key_data and the key_data array count.",
          "Severity": "MEDIUM",
          "CweIDs": [
            "CWE-824"
          ],
          "CVSS": {
            "nvd": {
              "V3Vector": "CVSS:3.1/AV:N/AC:L/PR:L/UI:N/S:U/C:N/I:N/A:H",
              "V3Score": 6.5
            },
            "redhat": {
              "V3Vector": "CVSS:3.1/AV:A/AC:L/PR:L/UI:N/S:U/C:N/I:N/A:H",
              "V3Score": 5.7
            }
          },
          "References": [
            "https://access.redhat.com/errata/RHSA-2023:6699",
            "https://access.redhat.com/security/cve/CVE-2023-36054",
            "https://bugzilla.redhat.com/2230178",
            "https://bugzilla.redhat.com/2232682",
            "https://cve.mitre.org/cgi-bin/cvename.cgi?name=CVE-2023-36054",
            "https://errata.almalinux.org/9/ALSA-2023-6699.html",
            "https://github.com/krb5/krb5/commit/ef08b09c9459551aabbe7924fb176f1583053cdd",
            "https://github.com/krb5/krb5/compare/krb5-1.20.1-final...krb5-1.20.2-final",
            "https://github.com/krb5/krb5/compare/krb5-1.21-final...krb5-1.21.1-final",
            "https://linux.oracle.com/cve/CVE-2023-36054.html",
            "https://linux.oracle.com/errata/ELSA-2023-6699.html",
            "https://lists.debian.org/debian-lts-announce/2023/10/msg00031.html",
            "https://nvd.nist.gov/vuln/detail/CVE-2023-36054",
            "https://security.netapp.com/advisory/ntap-20230908-0004/",
            "https://ubuntu.com/security/notices/USN-6467-1",
            "https://ubuntu.com/security/notices/USN-6467-2",
            "https://web.mit.edu/kerberos/www/advisories/",
            "https://www.cve.org/CVERecord?id=CVE-2023-36054"
          ],
          "PublishedDate": "2023-08-07T19:15:00Z",
          "LastModifiedDate": "2023-11-15T03:23:00Z"
        },
        {
          "VulnerabilityID": "CVE-2020-22916",
          "PkgID": "liblzma5@5.2.5-2ubuntu1",
          "PkgName": "liblzma5",
          "InstalledVersion": "5.2.5-2ubuntu1",
          "Status": "affected",
          "Layer": {
            "DiffID": "sha256:256d88da41857db513b95b50ba9a9b28491b58c954e25477d5dad8abb465430b"
          },
          "SeveritySource": "ubuntu",
          "PrimaryURL": "https://avd.aquasec.com/nvd/cve-2020-22916",
          "DataSource": {
            "ID": "ubuntu",
            "Name": "Ubuntu CVE Tracker",
            "URL": "https://git.launchpad.net/ubuntu-cve-tracker"
          },
          "Title": "Denial of service via decompression of crafted file",
          "Description": "An issue discovered in XZ 5.2.5 allows attackers to cause a denial of service via decompression of a crafted file. NOTE: the vendor disputes the claims of \"endless output\" and \"denial of service\" because decompression of the 17,486 bytes always results in 114,881,179 bytes, which is often a reasonable size increase.",
          "Severity": "MEDIUM",
          "CVSS": {
            "nvd": {
              "V3Vector": "CVSS:3.1/AV:L/AC:L/PR:N/UI:R/S:U/C:N/I:N/A:H",
              "V3Score": 5.5
            },
            "redhat": {
              "V3Vector": "CVSS:3.1/AV:L/AC:L/PR:N/UI:R/S:U/C:N/I:N/A:H",
              "V3Score": 5.5
            }
          },
          "References": [
            "http://web.archive.org/web/20230918084612/https://github.com/snappyJack/CVE-request-XZ-5.2.5-has-denial-of-service-vulnerability",
            "https://access.redhat.com/security/cve/CVE-2020-22916",
            "https://bugzilla.redhat.com/show_bug.cgi?id=2234987",
            "https://bugzilla.suse.com/show_bug.cgi?id=1214590",
            "https://cve.mitre.org/cgi-bin/cvename.cgi?name=CVE-2020-22916",
            "https://github.com/snappyJack/CVE-request-XZ-5.2.5-has-denial-of-service-vulnerability",
            "https://github.com/tukaani-project/xz/issues/61",
            "https://nvd.nist.gov/vuln/detail/CVE-2020-22916",
            "https://security-tracker.debian.org/tracker/CVE-2020-22916",
            "https://tukaani.org/xz/",
            "https://www.cve.org/CVERecord?id=CVE-2020-22916"
          ],
          "PublishedDate": "2023-08-22T19:16:00Z",
          "LastModifiedDate": "2023-11-07T03:19:00Z"
        },
        {
          "VulnerabilityID": "CVE-2017-11164",
          "PkgID": "libpcre3@2:8.39-13ubuntu0.22.04.1",
          "PkgName": "libpcre3",
          "InstalledVersion": "2:8.39-13ubuntu0.22.04.1",
          "Status": "affected",
          "Layer": {
            "DiffID": "sha256:256d88da41857db513b95b50ba9a9b28491b58c954e25477d5dad8abb465430b"
          },
          "SeveritySource": "ubuntu",
          "PrimaryURL": "https://avd.aquasec.com/nvd/cve-2017-11164",
          "DataSource": {
            "ID": "ubuntu",
            "Name": "Ubuntu CVE Tracker",
            "URL": "https://git.launchpad.net/ubuntu-cve-tracker"
          },
          "Title": "OP_KETRMAX feature in the match function in pcre_exec.c",
          "Description": "In PCRE 8.41, the OP_KETRMAX feature in the match function in pcre_exec.c allows stack exhaustion (uncontrolled recursion) when processing a crafted regular expression.",
          "Severity": "LOW",
          "CweIDs": [
            "CWE-674"
          ],
          "CVSS": {
            "nvd": {
              "V2Vector": "AV:N/AC:L/Au:N/C:N/I:N/A:C",
              "V3Vector": "CVSS:3.0/AV:N/AC:L/PR:N/UI:N/S:U/C:N/I:N/A:H",
              "V2Score": 7.8,
              "V3Score": 7.5
            },
            "redhat": {
              "V3Vector": "CVSS:3.0/AV:L/AC:L/PR:N/UI:R/S:U/C:N/I:N/A:L",
              "V3Score": 3.3
            }
          },
          "References": [
            "http://openwall.com/lists/oss-security/2017/07/11/3",
            "http://www.openwall.com/lists/oss-security/2023/04/11/1",
            "http://www.openwall.com/lists/oss-security/2023/04/12/1",
            "http://www.securityfocus.com/bid/99575",
            "https://access.redhat.com/security/cve/CVE-2017-11164",
            "https://cve.mitre.org/cgi-bin/cvename.cgi?name=CVE-2017-11164",
            "https://lists.apache.org/thread.html/rf9fa47ab66495c78bb4120b0754dd9531ca2ff0430f6685ac9b07772%40%3Cdev.mina.apache.org%3E",
            "https://nvd.nist.gov/vuln/detail/CVE-2017-11164",
            "https://www.cve.org/CVERecord?id=CVE-2017-11164"
          ],
          "PublishedDate": "2017-07-11T03:29:00Z",
          "LastModifiedDate": "2023-11-07T02:38:00Z"
        },
        {
          "VulnerabilityID": "CVE-2023-4016",
          "PkgID": "libprocps8@2:3.3.17-6ubuntu2",
          "PkgName": "libprocps8",
          "InstalledVersion": "2:3.3.17-6ubuntu2",
          "FixedVersion": "2:3.3.17-6ubuntu2.1",
          "Status": "fixed",
          "Layer": {
            "DiffID": "sha256:256d88da41857db513b95b50ba9a9b28491b58c954e25477d5dad8abb465430b"
          },
          "SeveritySource": "ubuntu",
          "PrimaryURL": "https://avd.aquasec.com/nvd/cve-2023-4016",
          "DataSource": {
            "ID": "ubuntu",
            "Name": "Ubuntu CVE Tracker",
            "URL": "https://git.launchpad.net/ubuntu-cve-tracker"
          },
          "Title": "procps: ps buffer overflow",
          "Description": "Under some circumstances, this weakness allows a user who has access to run the “ps” utility on a machine, the ability to write almost unlimited amounts of unfiltered data into the process heap.",
          "Severity": "LOW",
          "CweIDs": [
            "CWE-787"
          ],
          "CVSS": {
            "nvd": {
              "V3Vector": "CVSS:3.1/AV:L/AC:L/PR:L/UI:N/S:U/C:N/I:N/A:H",
              "V3Score": 5.5
            },
            "redhat": {
              "V3Vector": "CVSS:3.1/AV:L/AC:H/PR:L/UI:N/S:U/C:N/I:N/A:L",
              "V3Score": 2.5
            }
          },
          "References": [
            "https://access.redhat.com/errata/RHSA-2023:6705",
            "https://access.redhat.com/security/cve/CVE-2023-4016",
            "https://bugzilla.redhat.com/2228494",
            "https://cve.mitre.org/cgi-bin/cvename.cgi?name=CVE-2023-4016",
            "https://errata.almalinux.org/9/ALSA-2023-6705.html",
            "https://gitlab.com/procps-ng/procps",
            "https://linux.oracle.com/cve/CVE-2023-4016.html",
            "https://linux.oracle.com/errata/ELSA-2023-6705.html",
            "https://lists.fedoraproject.org/archives/list/package-announce@lists.fedoraproject.org/message/SUETRRT24OFGPYK6ACPM5VUGHNKH5CQ5/",
            "https://nvd.nist.gov/vuln/detail/CVE-2023-4016",
            "https://ubuntu.com/security/notices/USN-6477-1",
            "https://www.cve.org/CVERecord?id=CVE-2023-4016"
          ],
          "PublishedDate": "2023-08-02T05:15:00Z",
          "LastModifiedDate": "2023-08-21T03:15:00Z"
        },
        {
          "VulnerabilityID": "CVE-2023-5363",
          "PkgID": "libssl3@3.0.2-0ubuntu1.10",
          "PkgName": "libssl3",
          "InstalledVersion": "3.0.2-0ubuntu1.10",
          "FixedVersion": "3.0.2-0ubuntu1.12",
          "Status": "fixed",
          "Layer": {
            "DiffID": "sha256:256d88da41857db513b95b50ba9a9b28491b58c954e25477d5dad8abb465430b"
          },
          "SeveritySource": "ubuntu",
          "PrimaryURL": "https://avd.aquasec.com/nvd/cve-2023-5363",
          "DataSource": {
            "ID": "ubuntu",
            "Name": "Ubuntu CVE Tracker",
            "URL": "https://git.launchpad.net/ubuntu-cve-tracker"
          },
          "Title": "openssl: Incorrect cipher key and IV length processing",
          "Description": "Issue summary: A bug has been identified in the processing of key and\ninitialisation vector (IV) lengths.  This can lead to potential truncation\nor overruns during the initialisation of some symmetric ciphers.\n\nImpact summary: A truncation in the IV can result in non-uniqueness,\nwhich could result in loss of confidentiality for some cipher modes.\n\nWhen calling EVP_EncryptInit_ex2(), EVP_DecryptInit_ex2() or\nEVP_CipherInit_ex2() the provided OSSL_PARAM array is processed after\nthe key and IV have been established.  Any alterations to the key length,\nvia the \"keylen\" parameter or the IV length, via the \"ivlen\" parameter,\nwithin the OSSL_PARAM array will not take effect as intended, potentially\ncausing truncation or overreading of these values.  The following ciphers\nand cipher modes are impacted: RC2, RC4, RC5, CCM, GCM and OCB.\n\nFor the CCM, GCM and OCB cipher modes, truncation of the IV can result in\nloss of confidentiality.  For example, when following NIST's SP 800-38D\nsection 8.2.1 guidance for constructing a deterministic IV for AES in\nGCM mode, truncation of the counter portion could lead to IV reuse.\n\nBoth truncations and overruns of the key and overruns of the IV will\nproduce incorrect results and could, in some cases, trigger a memory\nexception.  However, these issues are not currently assessed as security\ncritical.\n\nChanging the key and/or IV lengths is not considered to be a common operation\nand the vulnerable API was recently introduced. Furthermore it is likely that\napplication developers will have spotted this problem during testing since\ndecryption would fail unless both peers in the communication were similarly\nvulnerable. For these reasons we expect the probability of an application being\nvulnerable to this to be quite low. However if an application is vulnerable then\nthis issue is considered very serious. For these reasons we have assessed this\nissue as Moderate severity overall.\n\nThe OpenSSL SSL/TLS implementation is not affected by this issue.\n\nThe OpenSSL 3.0 and 3.1 FIPS providers are not affected by this because\nthe issue lies outside of the FIPS provider boundary.\n\nOpenSSL 3.1 and 3.0 are vulnerable to this issue.",
          "Severity": "MEDIUM",
          "CVSS": {
            "nvd": {
              "V3Vector": "CVSS:3.1/AV:N/AC:L/PR:N/UI:N/S:U/C:H/I:N/A:N",
              "V3Score": 7.5
            },
            "redhat": {
              "V3Vector": "CVSS:3.1/AV:N/AC:L/PR:N/UI:N/S:U/C:H/I:N/A:N",
              "V3Score": 7.5
            }
          },
          "References": [
            "http://www.openwall.com/lists/oss-security/2023/10/24/1",
            "https://access.redhat.com/security/cve/CVE-2023-5363",
            "https://cve.mitre.org/cgi-bin/cvename.cgi?name=CVE-2023-5363",
            "https://git.openssl.org/gitweb/?p=openssl.git;a=commitdiff;h=0df40630850fb2740e6be6890bb905d3fc623b2d",
            "https://git.openssl.org/gitweb/?p=openssl.git;a=commitdiff;h=5f69f5c65e483928c4b28ed16af6e5742929f1ee",
            "https://nvd.nist.gov/vuln/detail/CVE-2023-5363",
            "https://security.netapp.com/advisory/ntap-20231027-0010/",
            "https://ubuntu.com/security/notices/USN-6450-1",
            "https://www.cve.org/CVERecord?id=CVE-2023-5363",
            "https://www.debian.org/security/2023/dsa-5532",
            "https://www.openssl.org/news/secadv/20231024.txt"
          ],
          "PublishedDate": "2023-10-25T18:17:00Z",
          "LastModifiedDate": "2023-11-09T13:55:00Z"
        },
        {
          "VulnerabilityID": "CVE-2023-2975",
          "PkgID": "libssl3@3.0.2-0ubuntu1.10",
          "PkgName": "libssl3",
          "InstalledVersion": "3.0.2-0ubuntu1.10",
          "FixedVersion": "3.0.2-0ubuntu1.12",
          "Status": "fixed",
          "Layer": {
            "DiffID": "sha256:256d88da41857db513b95b50ba9a9b28491b58c954e25477d5dad8abb465430b"
          },
          "SeveritySource": "ubuntu",
          "PrimaryURL": "https://avd.aquasec.com/nvd/cve-2023-2975",
          "DataSource": {
            "ID": "ubuntu",
            "Name": "Ubuntu CVE Tracker",
            "URL": "https://git.launchpad.net/ubuntu-cve-tracker"
          },
          "Title": "openssl: AES-SIV cipher implementation contains a bug that causes it to ignore empty associated data entries",
          "Description": "Issue summary: The AES-SIV cipher implementation contains a bug that causes\nit to ignore empty associated data entries which are unauthenticated as\na consequence.\n\nImpact summary: Applications that use the AES-SIV algorithm and want to\nauthenticate empty data entries as associated data can be mislead by removing\nadding or reordering such empty entries as these are ignored by the OpenSSL\nimplementation. We are currently unaware of any such applications.\n\nThe AES-SIV algorithm allows for authentication of multiple associated\ndata entries along with the encryption. To authenticate empty data the\napplication has to call EVP_EncryptUpdate() (or EVP_CipherUpdate()) with\nNULL pointer as the output buffer and 0 as the input buffer length.\nThe AES-SIV implementation in OpenSSL just returns success for such a call\ninstead of performing the associated data authentication operation.\nThe empty data thus will not be authenticated.\n\nAs this issue does not affect non-empty associated data authentication and\nwe expect it to be rare for an application to use empty associated data\nentries this is qualified as Low severity issue.",
          "Severity": "LOW",
          "CweIDs": [
            "CWE-287"
          ],
          "CVSS": {
            "nvd": {
              "V3Vector": "CVSS:3.1/AV:N/AC:L/PR:N/UI:N/S:U/C:N/I:L/A:N",
              "V3Score": 5.3
            },
            "redhat": {
              "V3Vector": "CVSS:3.1/AV:N/AC:L/PR:N/UI:N/S:U/C:N/I:L/A:N",
              "V3Score": 5.3
            }
          },
          "References": [
            "http://www.openwall.com/lists/oss-security/2023/07/15/1",
            "http://www.openwall.com/lists/oss-security/2023/07/19/5",
            "https://access.redhat.com/security/cve/CVE-2023-2975",
            "https://cve.mitre.org/cgi-bin/cvename.cgi?name=CVE-2023-2975",
            "https://git.openssl.org/gitweb/?p=openssl.git;a=commitdiff;h=00e2f5eea29994d19293ec4e8c8775ba73678598",
            "https://git.openssl.org/gitweb/?p=openssl.git;a=commitdiff;h=6a83f0c958811f07e0d11dfc6b5a6a98edfd5bdc",
            "https://nvd.nist.gov/vuln/detail/CVE-2023-2975",
            "https://security.netapp.com/advisory/ntap-20230725-0004/",
            "https://ubuntu.com/security/notices/USN-6450-1",
            "https://www.cve.org/CVERecord?id=CVE-2023-2975",
            "https://www.openssl.org/news/secadv/20230714.txt"
          ],
          "PublishedDate": "2023-07-14T12:15:00Z",
          "LastModifiedDate": "2023-07-27T13:02:00Z"
        },
        {
          "VulnerabilityID": "CVE-2023-3446",
          "PkgID": "libssl3@3.0.2-0ubuntu1.10",
          "PkgName": "libssl3",
          "InstalledVersion": "3.0.2-0ubuntu1.10",
          "FixedVersion": "3.0.2-0ubuntu1.12",
          "Status": "fixed",
          "Layer": {
            "DiffID": "sha256:256d88da41857db513b95b50ba9a9b28491b58c954e25477d5dad8abb465430b"
          },
          "SeveritySource": "ubuntu",
          "PrimaryURL": "https://avd.aquasec.com/nvd/cve-2023-3446",
          "DataSource": {
            "ID": "ubuntu",
            "Name": "Ubuntu CVE Tracker",
            "URL": "https://git.launchpad.net/ubuntu-cve-tracker"
          },
          "Title": "openssl: Excessive time spent checking DH keys and parameters",
          "Description": "Issue summary: Checking excessively long DH keys or parameters may be very slow.\n\nImpact summary: Applications that use the functions DH_check(), DH_check_ex()\nor EVP_PKEY_param_check() to check a DH key or DH parameters may experience long\ndelays. Where the key or parameters that are being checked have been obtained\nfrom an untrusted source this may lead to a Denial of Service.\n\nThe function DH_check() performs various checks on DH parameters. One of those\nchecks confirms that the modulus ('p' parameter) is not too large. Trying to use\na very large modulus is slow and OpenSSL will not normally use a modulus which\nis over 10,000 bits in length.\n\nHowever the DH_check() function checks numerous aspects of the key or parameters\nthat have been supplied. Some of those checks use the supplied modulus value\neven if it has already been found to be too large.\n\nAn application that calls DH_check() and supplies a key or parameters obtained\nfrom an untrusted source could be vulernable to a Denial of Service attack.\n\nThe function DH_check() is itself called by a number of other OpenSSL functions.\nAn application calling any of those other functions may similarly be affected.\nThe other functions affected by this are DH_check_ex() and\nEVP_PKEY_param_check().\n\nAlso vulnerable are the OpenSSL dhparam and pkeyparam command line applications\nwhen using the '-check' option.\n\nThe OpenSSL SSL/TLS implementation is not affected by this issue.\nThe OpenSSL 3.0 and 3.1 FIPS providers are not affected by this issue.",
          "Severity": "LOW",
          "CweIDs": [
            "CWE-1333"
          ],
          "CVSS": {
            "nvd": {
              "V3Vector": "CVSS:3.1/AV:N/AC:L/PR:N/UI:N/S:U/C:N/I:N/A:L",
              "V3Score": 5.3
            },
            "redhat": {
              "V3Vector": "CVSS:3.1/AV:N/AC:L/PR:N/UI:N/S:U/C:N/I:N/A:L",
              "V3Score": 5.3
            }
          },
          "References": [
            "http://www.openwall.com/lists/oss-security/2023/07/19/4",
            "http://www.openwall.com/lists/oss-security/2023/07/19/5",
            "http://www.openwall.com/lists/oss-security/2023/07/19/6",
            "http://www.openwall.com/lists/oss-security/2023/07/31/1",
            "https://access.redhat.com/security/cve/CVE-2023-3446",
            "https://cve.mitre.org/cgi-bin/cvename.cgi?name=CVE-2023-3446",
            "https://git.openssl.org/gitweb/?p=openssl.git;a=commitdiff;h=1fa20cf2f506113c761777127a38bce5068740eb",
            "https://git.openssl.org/gitweb/?p=openssl.git;a=commitdiff;h=8780a896543a654e757db1b9396383f9d8095528",
            "https://git.openssl.org/gitweb/?p=openssl.git;a=commitdiff;h=9a0a4d3c1e7138915563c0df4fe6a3f9377b839c",
            "https://git.openssl.org/gitweb/?p=openssl.git;a=commitdiff;h=fc9867c1e03c22ebf56943be205202e576aabf23",
            "https://lists.debian.org/debian-lts-announce/2023/08/msg00019.html",
            "https://nvd.nist.gov/vuln/detail/CVE-2023-3446",
            "https://security.netapp.com/advisory/ntap-20230803-0011/",
            "https://ubuntu.com/security/notices/USN-6435-1",
            "https://ubuntu.com/security/notices/USN-6435-2",
            "https://ubuntu.com/security/notices/USN-6450-1",
            "https://www.cve.org/CVERecord?id=CVE-2023-3446",
            "https://www.openssl.org/news/secadv/20230719.txt"
          ],
          "PublishedDate": "2023-07-19T12:15:00Z",
          "LastModifiedDate": "2023-10-03T15:48:00Z"
        },
        {
          "VulnerabilityID": "CVE-2023-3817",
          "PkgID": "libssl3@3.0.2-0ubuntu1.10",
          "PkgName": "libssl3",
          "InstalledVersion": "3.0.2-0ubuntu1.10",
          "FixedVersion": "3.0.2-0ubuntu1.12",
          "Status": "fixed",
          "Layer": {
            "DiffID": "sha256:256d88da41857db513b95b50ba9a9b28491b58c954e25477d5dad8abb465430b"
          },
          "SeveritySource": "ubuntu",
          "PrimaryURL": "https://avd.aquasec.com/nvd/cve-2023-3817",
          "DataSource": {
            "ID": "ubuntu",
            "Name": "Ubuntu CVE Tracker",
            "URL": "https://git.launchpad.net/ubuntu-cve-tracker"
          },
          "Title": "OpenSSL: Excessive time spent checking DH q parameter value",
          "Description": "Issue summary: Checking excessively long DH keys or parameters may be very slow.\n\nImpact summary: Applications that use the functions DH_check(), DH_check_ex()\nor EVP_PKEY_param_check() to check a DH key or DH parameters may experience long\ndelays. Where the key or parameters that are being checked have been obtained\nfrom an untrusted source this may lead to a Denial of Service.\n\nThe function DH_check() performs various checks on DH parameters. After fixing\nCVE-2023-3446 it was discovered that a large q parameter value can also trigger\nan overly long computation during some of these checks. A correct q value,\nif present, cannot be larger than the modulus p parameter, thus it is\nunnecessary to perform these checks if q is larger than p.\n\nAn application that calls DH_check() and supplies a key or parameters obtained\nfrom an untrusted source could be vulnerable to a Denial of Service attack.\n\nThe function DH_check() is itself called by a number of other OpenSSL functions.\nAn application calling any of those other functions may similarly be affected.\nThe other functions affected by this are DH_check_ex() and\nEVP_PKEY_param_check().\n\nAlso vulnerable are the OpenSSL dhparam and pkeyparam command line applications\nwhen using the \"-check\" option.\n\nThe OpenSSL SSL/TLS implementation is not affected by this issue.\n\nThe OpenSSL 3.0 and 3.1 FIPS providers are not affected by this issue.",
          "Severity": "LOW",
          "CweIDs": [
            "CWE-834"
          ],
          "CVSS": {
            "nvd": {
              "V3Vector": "CVSS:3.1/AV:N/AC:L/PR:N/UI:N/S:U/C:N/I:N/A:L",
              "V3Score": 5.3
            },
            "redhat": {
              "V3Vector": "CVSS:3.1/AV:N/AC:L/PR:N/UI:N/S:U/C:N/I:L/A:N",
              "V3Score": 5.3
            }
          },
          "References": [
            "http://seclists.org/fulldisclosure/2023/Jul/43",
            "http://www.openwall.com/lists/oss-security/2023/07/31/1",
            "http://www.openwall.com/lists/oss-security/2023/09/22/11",
            "http://www.openwall.com/lists/oss-security/2023/09/22/9",
            "http://www.openwall.com/lists/oss-security/2023/11/06/2",
            "https://access.redhat.com/security/cve/CVE-2023-3817",
            "https://cve.mitre.org/cgi-bin/cvename.cgi?name=CVE-2023-3817",
            "https://git.openssl.org/gitweb/?p=openssl.git;a=commitdiff;h=6a1eb62c29db6cb5eec707f9338aee00f44e26f5",
            "https://git.openssl.org/gitweb/?p=openssl.git;a=commitdiff;h=869ad69aadd985c7b8ca6f4e5dd0eb274c9f3644",
            "https://git.openssl.org/gitweb/?p=openssl.git;a=commitdiff;h=9002fd07327a91f35ba6c1307e71fa6fd4409b7f",
            "https://git.openssl.org/gitweb/?p=openssl.git;a=commitdiff;h=91ddeba0f2269b017dc06c46c993a788974b1aa5",
            "https://lists.debian.org/debian-lts-announce/2023/08/msg00019.html",
            "https://nvd.nist.gov/vuln/detail/CVE-2023-3817",
            "https://security.netapp.com/advisory/ntap-20230818-0014/",
            "https://security.netapp.com/advisory/ntap-20231027-0008/",
            "https://ubuntu.com/security/notices/USN-6435-1",
            "https://ubuntu.com/security/notices/USN-6435-2",
            "https://ubuntu.com/security/notices/USN-6450-1",
            "https://www.cve.org/CVERecord?id=CVE-2023-3817",
            "https://www.openssl.org/news/secadv/20230731.txt"
          ],
          "PublishedDate": "2023-07-31T16:15:00Z",
          "LastModifiedDate": "2023-11-06T19:15:00Z"
        },
        {
          "VulnerabilityID": "CVE-2022-27943",
          "PkgID": "libstdc++6@12.3.0-1ubuntu1~22.04",
          "PkgName": "libstdc++6",
          "InstalledVersion": "12.3.0-1ubuntu1~22.04",
          "Status": "affected",
          "Layer": {
            "DiffID": "sha256:256d88da41857db513b95b50ba9a9b28491b58c954e25477d5dad8abb465430b"
          },
          "SeveritySource": "ubuntu",
          "PrimaryURL": "https://avd.aquasec.com/nvd/cve-2022-27943",
          "DataSource": {
            "ID": "ubuntu",
            "Name": "Ubuntu CVE Tracker",
            "URL": "https://git.launchpad.net/ubuntu-cve-tracker"
          },
          "Title": "libiberty/rust-demangle.c in GNU GCC 11.2 allows stack exhaustion in demangle_const",
          "Description": "libiberty/rust-demangle.c in GNU GCC 11.2 allows stack consumption in demangle_const, as demonstrated by nm-new.",
          "Severity": "LOW",
          "CweIDs": [
            "CWE-674"
          ],
          "CVSS": {
            "nvd": {
              "V2Vector": "AV:N/AC:M/Au:N/C:N/I:N/A:P",
              "V3Vector": "CVSS:3.1/AV:L/AC:L/PR:N/UI:R/S:U/C:N/I:N/A:H",
              "V2Score": 4.3,
              "V3Score": 5.5
            },
            "redhat": {
              "V3Vector": "CVSS:3.1/AV:L/AC:L/PR:N/UI:R/S:U/C:N/I:N/A:H",
              "V3Score": 5.5
            }
          },
          "References": [
            "https://access.redhat.com/security/cve/CVE-2022-27943",
            "https://cve.mitre.org/cgi-bin/cvename.cgi?name=CVE-2022-27943",
            "https://gcc.gnu.org/bugzilla/show_bug.cgi?id=105039",
            "https://gcc.gnu.org/git/gitweb.cgi?p=gcc.git;h=9234cdca6ee88badfc00297e72f13dac4e540c79",
            "https://gcc.gnu.org/pipermail/gcc-patches/2022-March/592244.html",
            "https://lists.fedoraproject.org/archives/list/package-announce%40lists.fedoraproject.org/message/H424YXGW7OKXS2NCAP35OP6Y4P4AW6VG/",
            "https://nvd.nist.gov/vuln/detail/CVE-2022-27943",
            "https://sourceware.org/bugzilla/show_bug.cgi?id=28995",
            "https://www.cve.org/CVERecord?id=CVE-2022-27943"
          ],
          "PublishedDate": "2022-03-26T13:15:00Z",
          "LastModifiedDate": "2023-11-07T03:45:00Z"
        },
        {
          "VulnerabilityID": "CVE-2022-4899",
          "PkgID": "libzstd1@1.4.8+dfsg-3build1",
          "PkgName": "libzstd1",
          "InstalledVersion": "1.4.8+dfsg-3build1",
          "Status": "affected",
          "Layer": {
            "DiffID": "sha256:256d88da41857db513b95b50ba9a9b28491b58c954e25477d5dad8abb465430b"
          },
          "SeveritySource": "ubuntu",
          "PrimaryURL": "https://avd.aquasec.com/nvd/cve-2022-4899",
          "DataSource": {
            "ID": "ubuntu",
            "Name": "Ubuntu CVE Tracker",
            "URL": "https://git.launchpad.net/ubuntu-cve-tracker"
          },
          "Title": "zstd: mysql: buffer overrun in util.c",
          "Description": "A vulnerability was found in zstd v1.4.10, where an attacker can supply empty string as an argument to the command line tool to cause buffer overrun.",
          "Severity": "LOW",
          "CweIDs": [
            "CWE-400"
          ],
          "CVSS": {
            "ghsa": {
              "V3Vector": "CVSS:3.1/AV:N/AC:L/PR:N/UI:N/S:U/C:N/I:N/A:H",
              "V3Score": 7.5
            },
            "nvd": {
              "V3Vector": "CVSS:3.1/AV:N/AC:L/PR:N/UI:N/S:U/C:N/I:N/A:H",
              "V3Score": 7.5
            },
            "redhat": {
              "V3Vector": "CVSS:3.1/AV:N/AC:L/PR:N/UI:N/S:U/C:N/I:N/A:H",
              "V3Score": 7.5
            }
          },
          "References": [
            "https://access.redhat.com/security/cve/CVE-2022-4899",
            "https://cve.mitre.org/cgi-bin/cvename.cgi?name=CVE-2022-4899",
            "https://github.com/facebook/zstd",
            "https://github.com/facebook/zstd/issues/3200",
            "https://github.com/facebook/zstd/pull/3220",
            "https://github.com/pypa/advisory-database/tree/main/vulns/zstd/PYSEC-2023-121.yaml",
            "https://github.com/sergey-dryabzhinsky/python-zstd/commit/c8a619aebdbd6b838fbfef6e19325a70f631a4c6",
            "https://lists.fedoraproject.org/archives/list/package-announce%40lists.fedoraproject.org/message/C63HAGVLQA6FJNDCHR7CNZZL6VSLILB2/",
            "https://lists.fedoraproject.org/archives/list/package-announce%40lists.fedoraproject.org/message/JEHRBBYYTPA4DETOM5XAKGCP37NUTLOA/",
            "https://lists.fedoraproject.org/archives/list/package-announce%40lists.fedoraproject.org/message/QYLDK6ODVC4LJSDULLX6Q2YHTFOWABCN/",
            "https://lists.fedoraproject.org/archives/list/package-announce@lists.fedoraproject.org/message/C63HAGVLQA6FJNDCHR7CNZZL6VSLILB2/",
            "https://lists.fedoraproject.org/archives/list/package-announce@lists.fedoraproject.org/message/JEHRBBYYTPA4DETOM5XAKGCP37NUTLOA/",
            "https://lists.fedoraproject.org/archives/list/package-announce@lists.fedoraproject.org/message/QYLDK6ODVC4LJSDULLX6Q2YHTFOWABCN/",
            "https://nvd.nist.gov/vuln/detail/CVE-2022-4899",
            "https://security.netapp.com/advisory/ntap-20230725-0005/",
            "https://www.cve.org/CVERecord?id=CVE-2022-4899"
          ],
          "PublishedDate": "2023-03-31T20:15:00Z",
          "LastModifiedDate": "2023-11-07T03:59:00Z"
        },
        {
          "VulnerabilityID": "CVE-2023-29383",
          "PkgID": "login@1:4.8.1-2ubuntu2.1",
          "PkgName": "login",
          "InstalledVersion": "1:4.8.1-2ubuntu2.1",
          "Status": "affected",
          "Layer": {
            "DiffID": "sha256:256d88da41857db513b95b50ba9a9b28491b58c954e25477d5dad8abb465430b"
          },
          "SeveritySource": "ubuntu",
          "PrimaryURL": "https://avd.aquasec.com/nvd/cve-2023-29383",
          "DataSource": {
            "ID": "ubuntu",
            "Name": "Ubuntu CVE Tracker",
            "URL": "https://git.launchpad.net/ubuntu-cve-tracker"
          },
          "Title": "Improper input validation in shadow-utils package utility chfn",
          "Description": "In Shadow 4.13, it is possible to inject control characters into fields provided to the SUID program chfn (change finger). Although it is not possible to exploit this directly (e.g., adding a new user fails because \\n is in the block list), it is possible to misrepresent the /etc/passwd file when viewed. Use of \\r manipulations and Unicode characters to work around blocking of the : character make it possible to give the impression that a new user has been added. In other words, an adversary may be able to convince a system administrator to take the system offline (an indirect, social-engineered denial of service) by demonstrating that \"cat /etc/passwd\" shows a rogue user account.",
          "Severity": "LOW",
          "CweIDs": [
            "CWE-74"
          ],
          "CVSS": {
            "nvd": {
              "V3Vector": "CVSS:3.1/AV:L/AC:L/PR:L/UI:N/S:U/C:N/I:L/A:N",
              "V3Score": 3.3
            },
            "redhat": {
              "V3Vector": "CVSS:3.1/AV:L/AC:L/PR:N/UI:R/S:U/C:N/I:N/A:H",
              "V3Score": 5.5
            }
          },
          "References": [
            "https://access.redhat.com/security/cve/CVE-2023-29383",
            "https://cve.mitre.org/cgi-bin/cvename.cgi?name=CVE-2023-29383",
            "https://github.com/shadow-maint/shadow/commit/e5905c4b84d4fb90aefcd96ee618411ebfac663d",
            "https://github.com/shadow-maint/shadow/pull/687",
            "https://nvd.nist.gov/vuln/detail/CVE-2023-29383",
            "https://www.cve.org/CVERecord?id=CVE-2023-29383",
            "https://www.trustwave.com/en-us/resources/blogs/spiderlabs-blog/cve-2023-29383-abusing-linux-chfn-to-misrepresent-etc-passwd/",
            "https://www.trustwave.com/en-us/resources/security-resources/security-advisories/?fid=31797"
          ],
          "PublishedDate": "2023-04-14T22:15:00Z",
          "LastModifiedDate": "2023-04-24T18:05:00Z"
        },
        {
          "VulnerabilityID": "CVE-2023-29383",
          "PkgID": "passwd@1:4.8.1-2ubuntu2.1",
          "PkgName": "passwd",
          "InstalledVersion": "1:4.8.1-2ubuntu2.1",
          "Status": "affected",
          "Layer": {
            "DiffID": "sha256:256d88da41857db513b95b50ba9a9b28491b58c954e25477d5dad8abb465430b"
          },
          "SeveritySource": "ubuntu",
          "PrimaryURL": "https://avd.aquasec.com/nvd/cve-2023-29383",
          "DataSource": {
            "ID": "ubuntu",
            "Name": "Ubuntu CVE Tracker",
            "URL": "https://git.launchpad.net/ubuntu-cve-tracker"
          },
          "Title": "Improper input validation in shadow-utils package utility chfn",
          "Description": "In Shadow 4.13, it is possible to inject control characters into fields provided to the SUID program chfn (change finger). Although it is not possible to exploit this directly (e.g., adding a new user fails because \\n is in the block list), it is possible to misrepresent the /etc/passwd file when viewed. Use of \\r manipulations and Unicode characters to work around blocking of the : character make it possible to give the impression that a new user has been added. In other words, an adversary may be able to convince a system administrator to take the system offline (an indirect, social-engineered denial of service) by demonstrating that \"cat /etc/passwd\" shows a rogue user account.",
          "Severity": "LOW",
          "CweIDs": [
            "CWE-74"
          ],
          "CVSS": {
            "nvd": {
              "V3Vector": "CVSS:3.1/AV:L/AC:L/PR:L/UI:N/S:U/C:N/I:L/A:N",
              "V3Score": 3.3
            },
            "redhat": {
              "V3Vector": "CVSS:3.1/AV:L/AC:L/PR:N/UI:R/S:U/C:N/I:N/A:H",
              "V3Score": 5.5
            }
          },
          "References": [
            "https://access.redhat.com/security/cve/CVE-2023-29383",
            "https://cve.mitre.org/cgi-bin/cvename.cgi?name=CVE-2023-29383",
            "https://github.com/shadow-maint/shadow/commit/e5905c4b84d4fb90aefcd96ee618411ebfac663d",
            "https://github.com/shadow-maint/shadow/pull/687",
            "https://nvd.nist.gov/vuln/detail/CVE-2023-29383",
            "https://www.cve.org/CVERecord?id=CVE-2023-29383",
            "https://www.trustwave.com/en-us/resources/blogs/spiderlabs-blog/cve-2023-29383-abusing-linux-chfn-to-misrepresent-etc-passwd/",
            "https://www.trustwave.com/en-us/resources/security-resources/security-advisories/?fid=31797"
          ],
          "PublishedDate": "2023-04-14T22:15:00Z",
          "LastModifiedDate": "2023-04-24T18:05:00Z"
        },
        {
          "VulnerabilityID": "CVE-2022-48522",
          "PkgID": "perl-base@5.34.0-3ubuntu1.2",
          "PkgName": "perl-base",
          "InstalledVersion": "5.34.0-3ubuntu1.2",
          "Status": "affected",
          "Layer": {
            "DiffID": "sha256:256d88da41857db513b95b50ba9a9b28491b58c954e25477d5dad8abb465430b"
          },
          "SeveritySource": "ubuntu",
          "PrimaryURL": "https://avd.aquasec.com/nvd/cve-2022-48522",
          "DataSource": {
            "ID": "ubuntu",
            "Name": "Ubuntu CVE Tracker",
            "URL": "https://git.launchpad.net/ubuntu-cve-tracker"
          },
          "Title": "stack-based crash in S_find_uninit_var()",
          "Description": "In Perl 5.34.0, function S_find_uninit_var in sv.c has a stack-based crash that can lead to remote code execution or local privilege escalation.",
          "Severity": "LOW",
          "CweIDs": [
            "CWE-787"
          ],
          "CVSS": {
            "nvd": {
              "V3Vector": "CVSS:3.1/AV:N/AC:L/PR:N/UI:N/S:U/C:H/I:H/A:H",
              "V3Score": 9.8
            }
          },
          "References": [
            "https://access.redhat.com/security/cve/CVE-2022-48522",
            "https://cve.mitre.org/cgi-bin/cvename.cgi?name=CVE-2022-48522",
            "https://github.com/Perl/perl5/blob/79a7b254d85a10b65126ad99bf10e70480569d68/sv.c#L16336-L16345",
            "https://nvd.nist.gov/vuln/detail/CVE-2022-48522",
            "https://security.netapp.com/advisory/ntap-20230915-0008/",
            "https://www.cve.org/CVERecord?id=CVE-2022-48522"
          ],
          "PublishedDate": "2023-08-22T19:16:00Z",
          "LastModifiedDate": "2023-09-15T14:15:00Z"
        },
        {
          "VulnerabilityID": "CVE-2023-4016",
          "PkgID": "procps@2:3.3.17-6ubuntu2",
          "PkgName": "procps",
          "InstalledVersion": "2:3.3.17-6ubuntu2",
          "FixedVersion": "2:3.3.17-6ubuntu2.1",
          "Status": "fixed",
          "Layer": {
            "DiffID": "sha256:256d88da41857db513b95b50ba9a9b28491b58c954e25477d5dad8abb465430b"
          },
          "SeveritySource": "ubuntu",
          "PrimaryURL": "https://avd.aquasec.com/nvd/cve-2023-4016",
          "DataSource": {
            "ID": "ubuntu",
            "Name": "Ubuntu CVE Tracker",
            "URL": "https://git.launchpad.net/ubuntu-cve-tracker"
          },
          "Title": "procps: ps buffer overflow",
          "Description": "Under some circumstances, this weakness allows a user who has access to run the “ps” utility on a machine, the ability to write almost unlimited amounts of unfiltered data into the process heap.",
          "Severity": "LOW",
          "CweIDs": [
            "CWE-787"
          ],
          "CVSS": {
            "nvd": {
              "V3Vector": "CVSS:3.1/AV:L/AC:L/PR:L/UI:N/S:U/C:N/I:N/A:H",
              "V3Score": 5.5
            },
            "redhat": {
              "V3Vector": "CVSS:3.1/AV:L/AC:H/PR:L/UI:N/S:U/C:N/I:N/A:L",
              "V3Score": 2.5
            }
          },
          "References": [
            "https://access.redhat.com/errata/RHSA-2023:6705",
            "https://access.redhat.com/security/cve/CVE-2023-4016",
            "https://bugzilla.redhat.com/2228494",
            "https://cve.mitre.org/cgi-bin/cvename.cgi?name=CVE-2023-4016",
            "https://errata.almalinux.org/9/ALSA-2023-6705.html",
            "https://gitlab.com/procps-ng/procps",
            "https://linux.oracle.com/cve/CVE-2023-4016.html",
            "https://linux.oracle.com/errata/ELSA-2023-6705.html",
            "https://lists.fedoraproject.org/archives/list/package-announce@lists.fedoraproject.org/message/SUETRRT24OFGPYK6ACPM5VUGHNKH5CQ5/",
            "https://nvd.nist.gov/vuln/detail/CVE-2023-4016",
            "https://ubuntu.com/security/notices/USN-6477-1",
            "https://www.cve.org/CVERecord?id=CVE-2023-4016"
          ],
          "PublishedDate": "2023-08-02T05:15:00Z",
          "LastModifiedDate": "2023-08-21T03:15:00Z"
        }
      ]
    }
  ]
}
