{
  "SchemaVersion": 2,
  "ArtifactName": "znc",
  "ArtifactType": "container_image",
  "Metadata": {
    "OS": {
      "Family": "alpine",
      "Name": "3.17.5"
    },
    "ImageID": "sha256:7e6c3e007e0d00356b65128946c917bd8ed311d88d77e0f4d8e79aba1ad48f5d",
    "DiffIDs": [
      "sha256:36b50b131297b8860da51b2d2b24bb4c08dfbdf2789b08e3cc0f187c98637a19",
      "sha256:a397fd0416eae5e3b08cc9ce8aa18fcdfaa131de18f97f7758cb7c8a5290e717",
      "sha256:9858949412d28c6dedca34524b8f649c456303f41ba26f088684b8a3ded1ed55",
      "sha256:2c80466aa243d33a0b3d53d4487f0f1d1691a2d982af58c79081f7105b2d579f",
      "sha256:ded797d082fce308f6857aa509e945a4c025409a5a4a4aa86e051f862f6f8fd1",
      "sha256:2a848ead3ff99d9383b0f1639754149e9afd9e1fee7da5b7f5d7d9727cde6beb"
    ],
    "RepoTags": [
      "znc:latest"
    ],
    "RepoDigests": [
      "znc@sha256:bd7b571c2ee1e2916c3d4d42d03e0c57a2ad85cbba564c7b4f2f36b5164c10be"
    ],
    "ImageConfig": {
      "architecture": "amd64",
      "created": "2023-10-21T03:51:31.490587281Z",
      "docker_version": "20.10.23",
      "history": [
        {
          "created": "2023-08-07T19:20:26Z",
          "created_by": "/bin/sh -c #(nop) ADD file:6dd87346b8be240b21b4f4d9296253bf0d28b6579aa52d2118872e3936963b6b in / "
        },
        {
          "created": "2023-08-07T19:20:26Z",
          "created_by": "/bin/sh -c #(nop)  CMD [\"/bin/sh\"]",
          "empty_layer": true
        },
        {
          "created": "2023-10-21T03:47:30Z",
          "created_by": "/bin/sh -c #(nop)  ENV GPG_KEY=D5823CACB477191CAC0075555AE420CC0209989E",
          "empty_layer": true
        },
        {
          "created": "2023-10-21T03:47:30Z",
          "created_by": "/bin/sh -c #(nop)  ARG CMAKEFLAGS=-DCMAKE_INSTALL_PREFIX=/opt/znc -DWANT_CYRUS=YES -DWANT_PERL=YES -DWANT_PYTHON=YES",
          "empty_layer": true
        },
        {
          "created": "2023-10-21T03:47:30Z",
          "created_by": "/bin/sh -c #(nop)  ARG MAKEFLAGS=",
          "empty_layer": true
        },
        {
          "created": "2023-10-21T03:47:30Z",
          "created_by": "/bin/sh -c #(nop)  ENV ZNC_VERSION=1.8.2",
          "empty_layer": true
        },
        {
          "created": "2023-10-21T03:51:13Z",
          "created_by": "|2 CMAKEFLAGS=-DCMAKE_INSTALL_PREFIX=/opt/znc -DWANT_CYRUS=YES -DWANT_PERL=YES -DWANT_PYTHON=YES MAKEFLAGS= /bin/sh -c set -x     \u0026\u0026 adduser -S znc     \u0026\u0026 addgroup -S znc     \u0026\u0026 apk add --no-cache --virtual runtime-dependencies         boost         ca-certificates         cyrus-sasl         icu         icu-data-full         openssl         su-exec         tini         tzdata     \u0026\u0026 apk add --no-cache --virtual build-dependencies         boost-dev         build-base         cmake         curl         cyrus-sasl-dev         gettext         gnupg         icu-dev         openssl-dev         perl-dev         python3-dev     \u0026\u0026 mkdir /znc-src \u0026\u0026 cd /znc-src     \u0026\u0026 curl -fsSL \"https://znc.in/releases/archive/znc-${ZNC_VERSION}.tar.gz\" -o znc.tgz     \u0026\u0026 curl -fsSL \"https://znc.in/releases/archive/znc-${ZNC_VERSION}.tar.gz.sig\" -o znc.tgz.sig     \u0026\u0026 export GNUPGHOME=\"$(mktemp -d)\"     \u0026\u0026 gpg --batch --keyserver keyserver.ubuntu.com --recv-keys \"${GPG_KEY}\"     \u0026\u0026 gpg --batch --verify znc.tgz.sig znc.tgz     \u0026\u0026 rm -rf \"$GNUPGHOME\"     \u0026\u0026 tar -zxf znc.tgz --strip-components=1     \u0026\u0026 mkdir build \u0026\u0026 cd build     \u0026\u0026 cmake .. ${CMAKEFLAGS}     \u0026\u0026 make $MAKEFLAGS     \u0026\u0026 make install     \u0026\u0026 apk del build-dependencies     \u0026\u0026 cd / \u0026\u0026 rm -rf /znc-src"
        },
        {
          "created": "2023-10-21T03:51:14Z",
          "created_by": "/bin/sh -c #(nop) COPY file:15e47c9cc6835e0818d6896aa6537a8adda40ff814c287685183c73fa9df4713 in / "
        },
        {
          "created": "2023-10-21T03:51:14Z",
          "created_by": "/bin/sh -c #(nop) COPY dir:4684da7bbf1d77862fa1a1b074543f975eb608cc0b6b1951ff5c5b58959d0faa in /startup-sequence/ "
        },
        {
          "created": "2023-10-21T03:51:14Z",
          "created_by": "/bin/sh -c #(nop)  VOLUME [/znc-data]",
          "empty_layer": true
        },
        {
          "created": "2023-10-21T03:51:14Z",
          "created_by": "/bin/sh -c #(nop)  ENTRYPOINT [\"/entrypoint.sh\"]",
          "empty_layer": true
        },
        {
          "created": "2023-10-21T03:51:30Z",
          "created_by": "/bin/sh -c set -x     \u0026\u0026 apk add --no-cache         build-base         cmake         icu-dev         openssl-dev         perl         python3"
        },
        {
          "created": "2023-10-21T03:51:31Z",
          "created_by": "/bin/sh -c #(nop) COPY file:765473e154cb7674cba99ed8ee42b51feda01581be870e3d1e7e4930b82a0f37 in /startup-sequence/ "
        }
      ],
      "os": "linux",
      "rootfs": {
        "type": "layers",
        "diff_ids": [
          "sha256:36b50b131297b8860da51b2d2b24bb4c08dfbdf2789b08e3cc0f187c98637a19",
          "sha256:a397fd0416eae5e3b08cc9ce8aa18fcdfaa131de18f97f7758cb7c8a5290e717",
          "sha256:9858949412d28c6dedca34524b8f649c456303f41ba26f088684b8a3ded1ed55",
          "sha256:2c80466aa243d33a0b3d53d4487f0f1d1691a2d982af58c79081f7105b2d579f",
          "sha256:ded797d082fce308f6857aa509e945a4c025409a5a4a4aa86e051f862f6f8fd1",
          "sha256:2a848ead3ff99d9383b0f1639754149e9afd9e1fee7da5b7f5d7d9727cde6beb"
        ]
      },
      "config": {
        "Entrypoint": [
          "/entrypoint.sh"
        ],
        "Env": [
          "PATH=/usr/local/sbin:/usr/local/bin:/usr/sbin:/usr/bin:/sbin:/bin",
          "GPG_KEY=D5823CACB477191CAC0075555AE420CC0209989E",
          "ZNC_VERSION=1.8.2"
        ],
        "Image": "sha256:f69887b02b5cc20765d386f4a49cc4e6ae255a6d360c1322975391bfd58cf39f",
        "Volumes": {
          "/znc-data": {}
        }
      }
    }
  },
  "Results": [
    {
      "Target": "znc (alpine 3.17.5)",
      "Class": "os-pkgs",
      "Type": "alpine",
      "Vulnerabilities": [
        {
          "VulnerabilityID": "CVE-2023-5363",
          "PkgID": "libcrypto3@3.0.11-r0",
          "PkgName": "libcrypto3",
          "InstalledVersion": "3.0.11-r0",
          "FixedVersion": "3.0.12-r0",
          "Status": "fixed",
          "Layer": {
            "DiffID": "sha256:a397fd0416eae5e3b08cc9ce8aa18fcdfaa131de18f97f7758cb7c8a5290e717"
          },
          "SeveritySource": "nvd",
          "PrimaryURL": "https://avd.aquasec.com/nvd/cve-2023-5363",
          "DataSource": {
            "ID": "alpine",
            "Name": "Alpine Secdb",
            "URL": "https://secdb.alpinelinux.org/"
          },
          "Title": "openssl: Incorrect cipher key and IV length processing",
          "Description": "Issue summary: A bug has been identified in the processing of key and\ninitialisation vector (IV) lengths.  This can lead to potential truncation\nor overruns during the initialisation of some symmetric ciphers.\n\nImpact summary: A truncation in the IV can result in non-uniqueness,\nwhich could result in loss of confidentiality for some cipher modes.\n\nWhen calling EVP_EncryptInit_ex2(), EVP_DecryptInit_ex2() or\nEVP_CipherInit_ex2() the provided OSSL_PARAM array is processed after\nthe key and IV have been established.  Any alterations to the key length,\nvia the \"keylen\" parameter or the IV length, via the \"ivlen\" parameter,\nwithin the OSSL_PARAM array will not take effect as intended, potentially\ncausing truncation or overreading of these values.  The following ciphers\nand cipher modes are impacted: RC2, RC4, RC5, CCM, GCM and OCB.\n\nFor the CCM, GCM and OCB cipher modes, truncation of the IV can result in\nloss of confidentiality.  For example, when following NIST's SP 800-38D\nsection 8.2.1 guidance for constructing a deterministic IV for AES in\nGCM mode, truncation of the counter portion could lead to IV reuse.\n\nBoth truncations and overruns of the key and overruns of the IV will\nproduce incorrect results and could, in some cases, trigger a memory\nexception.  However, these issues are not currently assessed as security\ncritical.\n\nChanging the key and/or IV lengths is not considered to be a common operation\nand the vulnerable API was recently introduced. Furthermore it is likely that\napplication developers will have spotted this problem during testing since\ndecryption would fail unless both peers in the communication were similarly\nvulnerable. For these reasons we expect the probability of an application being\nvulnerable to this to be quite low. However if an application is vulnerable then\nthis issue is considered very serious. For these reasons we have assessed this\nissue as Moderate severity overall.\n\nThe OpenSSL SSL/TLS implementation is not affected by this issue.\n\nThe OpenSSL 3.0 and 3.1 FIPS providers are not affected by this because\nthe issue lies outside of the FIPS provider boundary.\n\nOpenSSL 3.1 and 3.0 are vulnerable to this issue.",
          "Severity": "HIGH",
          "CVSS": {
            "nvd": {
              "V3Vector": "CVSS:3.1/AV:N/AC:L/PR:N/UI:N/S:U/C:H/I:N/A:N",
              "V3Score": 7.5
            },
            "redhat": {
              "V3Vector": "CVSS:3.1/AV:N/AC:L/PR:N/UI:N/S:U/C:H/I:N/A:N",
              "V3Score": 7.5
            }
          },
          "References": [
            "http://www.openwall.com/lists/oss-security/2023/10/24/1",
            "https://access.redhat.com/security/cve/CVE-2023-5363",
            "https://cve.mitre.org/cgi-bin/cvename.cgi?name=CVE-2023-5363",
            "https://git.openssl.org/gitweb/?p=openssl.git;a=commitdiff;h=0df40630850fb2740e6be6890bb905d3fc623b2d",
            "https://git.openssl.org/gitweb/?p=openssl.git;a=commitdiff;h=5f69f5c65e483928c4b28ed16af6e5742929f1ee",
            "https://nvd.nist.gov/vuln/detail/CVE-2023-5363",
            "https://security.netapp.com/advisory/ntap-20231027-0010/",
            "https://ubuntu.com/security/notices/USN-6450-1",
            "https://www.cve.org/CVERecord?id=CVE-2023-5363",
            "https://www.debian.org/security/2023/dsa-5532",
            "https://www.openssl.org/news/secadv/20231024.txt"
          ],
          "PublishedDate": "2023-10-25T18:17:00Z",
          "LastModifiedDate": "2023-11-09T13:55:00Z"
        },
        {
          "VulnerabilityID": "CVE-2023-5363",
          "PkgID": "libssl3@3.0.11-r0",
          "PkgName": "libssl3",
          "InstalledVersion": "3.0.11-r0",
          "FixedVersion": "3.0.12-r0",
          "Status": "fixed",
          "Layer": {
            "DiffID": "sha256:a397fd0416eae5e3b08cc9ce8aa18fcdfaa131de18f97f7758cb7c8a5290e717"
          },
          "SeveritySource": "nvd",
          "PrimaryURL": "https://avd.aquasec.com/nvd/cve-2023-5363",
          "DataSource": {
            "ID": "alpine",
            "Name": "Alpine Secdb",
            "URL": "https://secdb.alpinelinux.org/"
          },
          "Title": "openssl: Incorrect cipher key and IV length processing",
          "Description": "Issue summary: A bug has been identified in the processing of key and\ninitialisation vector (IV) lengths.  This can lead to potential truncation\nor overruns during the initialisation of some symmetric ciphers.\n\nImpact summary: A truncation in the IV can result in non-uniqueness,\nwhich could result in loss of confidentiality for some cipher modes.\n\nWhen calling EVP_EncryptInit_ex2(), EVP_DecryptInit_ex2() or\nEVP_CipherInit_ex2() the provided OSSL_PARAM array is processed after\nthe key and IV have been established.  Any alterations to the key length,\nvia the \"keylen\" parameter or the IV length, via the \"ivlen\" parameter,\nwithin the OSSL_PARAM array will not take effect as intended, potentially\ncausing truncation or overreading of these values.  The following ciphers\nand cipher modes are impacted: RC2, RC4, RC5, CCM, GCM and OCB.\n\nFor the CCM, GCM and OCB cipher modes, truncation of the IV can result in\nloss of confidentiality.  For example, when following NIST's SP 800-38D\nsection 8.2.1 guidance for constructing a deterministic IV for AES in\nGCM mode, truncation of the counter portion could lead to IV reuse.\n\nBoth truncations and overruns of the key and overruns of the IV will\nproduce incorrect results and could, in some cases, trigger a memory\nexception.  However, these issues are not currently assessed as security\ncritical.\n\nChanging the key and/or IV lengths is not considered to be a common operation\nand the vulnerable API was recently introduced. Furthermore it is likely that\napplication developers will have spotted this problem during testing since\ndecryption would fail unless both peers in the communication were similarly\nvulnerable. For these reasons we expect the probability of an application being\nvulnerable to this to be quite low. However if an application is vulnerable then\nthis issue is considered very serious. For these reasons we have assessed this\nissue as Moderate severity overall.\n\nThe OpenSSL SSL/TLS implementation is not affected by this issue.\n\nThe OpenSSL 3.0 and 3.1 FIPS providers are not affected by this because\nthe issue lies outside of the FIPS provider boundary.\n\nOpenSSL 3.1 and 3.0 are vulnerable to this issue.",
          "Severity": "HIGH",
          "CVSS": {
            "nvd": {
              "V3Vector": "CVSS:3.1/AV:N/AC:L/PR:N/UI:N/S:U/C:H/I:N/A:N",
              "V3Score": 7.5
            },
            "redhat": {
              "V3Vector": "CVSS:3.1/AV:N/AC:L/PR:N/UI:N/S:U/C:H/I:N/A:N",
              "V3Score": 7.5
            }
          },
          "References": [
            "http://www.openwall.com/lists/oss-security/2023/10/24/1",
            "https://access.redhat.com/security/cve/CVE-2023-5363",
            "https://cve.mitre.org/cgi-bin/cvename.cgi?name=CVE-2023-5363",
            "https://git.openssl.org/gitweb/?p=openssl.git;a=commitdiff;h=0df40630850fb2740e6be6890bb905d3fc623b2d",
            "https://git.openssl.org/gitweb/?p=openssl.git;a=commitdiff;h=5f69f5c65e483928c4b28ed16af6e5742929f1ee",
            "https://nvd.nist.gov/vuln/detail/CVE-2023-5363",
            "https://security.netapp.com/advisory/ntap-20231027-0010/",
            "https://ubuntu.com/security/notices/USN-6450-1",
            "https://www.cve.org/CVERecord?id=CVE-2023-5363",
            "https://www.debian.org/security/2023/dsa-5532",
            "https://www.openssl.org/news/secadv/20231024.txt"
          ],
          "PublishedDate": "2023-10-25T18:17:00Z",
          "LastModifiedDate": "2023-11-09T13:55:00Z"
        },
        {
          "VulnerabilityID": "CVE-2023-5363",
          "PkgID": "openssl@3.0.11-r0",
          "PkgName": "openssl",
          "InstalledVersion": "3.0.11-r0",
          "FixedVersion": "3.0.12-r0",
          "Status": "fixed",
          "Layer": {
            "DiffID": "sha256:a397fd0416eae5e3b08cc9ce8aa18fcdfaa131de18f97f7758cb7c8a5290e717"
          },
          "SeveritySource": "nvd",
          "PrimaryURL": "https://avd.aquasec.com/nvd/cve-2023-5363",
          "DataSource": {
            "ID": "alpine",
            "Name": "Alpine Secdb",
            "URL": "https://secdb.alpinelinux.org/"
          },
          "Title": "openssl: Incorrect cipher key and IV length processing",
          "Description": "Issue summary: A bug has been identified in the processing of key and\ninitialisation vector (IV) lengths.  This can lead to potential truncation\nor overruns during the initialisation of some symmetric ciphers.\n\nImpact summary: A truncation in the IV can result in non-uniqueness,\nwhich could result in loss of confidentiality for some cipher modes.\n\nWhen calling EVP_EncryptInit_ex2(), EVP_DecryptInit_ex2() or\nEVP_CipherInit_ex2() the provided OSSL_PARAM array is processed after\nthe key and IV have been established.  Any alterations to the key length,\nvia the \"keylen\" parameter or the IV length, via the \"ivlen\" parameter,\nwithin the OSSL_PARAM array will not take effect as intended, potentially\ncausing truncation or overreading of these values.  The following ciphers\nand cipher modes are impacted: RC2, RC4, RC5, CCM, GCM and OCB.\n\nFor the CCM, GCM and OCB cipher modes, truncation of the IV can result in\nloss of confidentiality.  For example, when following NIST's SP 800-38D\nsection 8.2.1 guidance for constructing a deterministic IV for AES in\nGCM mode, truncation of the counter portion could lead to IV reuse.\n\nBoth truncations and overruns of the key and overruns of the IV will\nproduce incorrect results and could, in some cases, trigger a memory\nexception.  However, these issues are not currently assessed as security\ncritical.\n\nChanging the key and/or IV lengths is not considered to be a common operation\nand the vulnerable API was recently introduced. Furthermore it is likely that\napplication developers will have spotted this problem during testing since\ndecryption would fail unless both peers in the communication were similarly\nvulnerable. For these reasons we expect the probability of an application being\nvulnerable to this to be quite low. However if an application is vulnerable then\nthis issue is considered very serious. For these reasons we have assessed this\nissue as Moderate severity overall.\n\nThe OpenSSL SSL/TLS implementation is not affected by this issue.\n\nThe OpenSSL 3.0 and 3.1 FIPS providers are not affected by this because\nthe issue lies outside of the FIPS provider boundary.\n\nOpenSSL 3.1 and 3.0 are vulnerable to this issue.",
          "Severity": "HIGH",
          "CVSS": {
            "nvd": {
              "V3Vector": "CVSS:3.1/AV:N/AC:L/PR:N/UI:N/S:U/C:H/I:N/A:N",
              "V3Score": 7.5
            },
            "redhat": {
              "V3Vector": "CVSS:3.1/AV:N/AC:L/PR:N/UI:N/S:U/C:H/I:N/A:N",
              "V3Score": 7.5
            }
          },
          "References": [
            "http://www.openwall.com/lists/oss-security/2023/10/24/1",
            "https://access.redhat.com/security/cve/CVE-2023-5363",
            "https://cve.mitre.org/cgi-bin/cvename.cgi?name=CVE-2023-5363",
            "https://git.openssl.org/gitweb/?p=openssl.git;a=commitdiff;h=0df40630850fb2740e6be6890bb905d3fc623b2d",
            "https://git.openssl.org/gitweb/?p=openssl.git;a=commitdiff;h=5f69f5c65e483928c4b28ed16af6e5742929f1ee",
            "https://nvd.nist.gov/vuln/detail/CVE-2023-5363",
            "https://security.netapp.com/advisory/ntap-20231027-0010/",
            "https://ubuntu.com/security/notices/USN-6450-1",
            "https://www.cve.org/CVERecord?id=CVE-2023-5363",
            "https://www.debian.org/security/2023/dsa-5532",
            "https://www.openssl.org/news/secadv/20231024.txt"
          ],
          "PublishedDate": "2023-10-25T18:17:00Z",
          "LastModifiedDate": "2023-11-09T13:55:00Z"
        },
        {
          "VulnerabilityID": "CVE-2023-5363",
          "PkgID": "openssl-dev@3.0.11-r0",
          "PkgName": "openssl-dev",
          "InstalledVersion": "3.0.11-r0",
          "FixedVersion": "3.0.12-r0",
          "Status": "fixed",
          "Layer": {
            "DiffID": "sha256:ded797d082fce308f6857aa509e945a4c025409a5a4a4aa86e051f862f6f8fd1"
          },
          "SeveritySource": "nvd",
          "PrimaryURL": "https://avd.aquasec.com/nvd/cve-2023-5363",
          "DataSource": {
            "ID": "alpine",
            "Name": "Alpine Secdb",
            "URL": "https://secdb.alpinelinux.org/"
          },
          "Title": "openssl: Incorrect cipher key and IV length processing",
          "Description": "Issue summary: A bug has been identified in the processing of key and\ninitialisation vector (IV) lengths.  This can lead to potential truncation\nor overruns during the initialisation of some symmetric ciphers.\n\nImpact summary: A truncation in the IV can result in non-uniqueness,\nwhich could result in loss of confidentiality for some cipher modes.\n\nWhen calling EVP_EncryptInit_ex2(), EVP_DecryptInit_ex2() or\nEVP_CipherInit_ex2() the provided OSSL_PARAM array is processed after\nthe key and IV have been established.  Any alterations to the key length,\nvia the \"keylen\" parameter or the IV length, via the \"ivlen\" parameter,\nwithin the OSSL_PARAM array will not take effect as intended, potentially\ncausing truncation or overreading of these values.  The following ciphers\nand cipher modes are impacted: RC2, RC4, RC5, CCM, GCM and OCB.\n\nFor the CCM, GCM and OCB cipher modes, truncation of the IV can result in\nloss of confidentiality.  For example, when following NIST's SP 800-38D\nsection 8.2.1 guidance for constructing a deterministic IV for AES in\nGCM mode, truncation of the counter portion could lead to IV reuse.\n\nBoth truncations and overruns of the key and overruns of the IV will\nproduce incorrect results and could, in some cases, trigger a memory\nexception.  However, these issues are not currently assessed as security\ncritical.\n\nChanging the key and/or IV lengths is not considered to be a common operation\nand the vulnerable API was recently introduced. Furthermore it is likely that\napplication developers will have spotted this problem during testing since\ndecryption would fail unless both peers in the communication were similarly\nvulnerable. For these reasons we expect the probability of an application being\nvulnerable to this to be quite low. However if an application is vulnerable then\nthis issue is considered very serious. For these reasons we have assessed this\nissue as Moderate severity overall.\n\nThe OpenSSL SSL/TLS implementation is not affected by this issue.\n\nThe OpenSSL 3.0 and 3.1 FIPS providers are not affected by this because\nthe issue lies outside of the FIPS provider boundary.\n\nOpenSSL 3.1 and 3.0 are vulnerable to this issue.",
          "Severity": "HIGH",
          "CVSS": {
            "nvd": {
              "V3Vector": "CVSS:3.1/AV:N/AC:L/PR:N/UI:N/S:U/C:H/I:N/A:N",
              "V3Score": 7.5
            },
            "redhat": {
              "V3Vector": "CVSS:3.1/AV:N/AC:L/PR:N/UI:N/S:U/C:H/I:N/A:N",
              "V3Score": 7.5
            }
          },
          "References": [
            "http://www.openwall.com/lists/oss-security/2023/10/24/1",
            "https://access.redhat.com/security/cve/CVE-2023-5363",
            "https://cve.mitre.org/cgi-bin/cvename.cgi?name=CVE-2023-5363",
            "https://git.openssl.org/gitweb/?p=openssl.git;a=commitdiff;h=0df40630850fb2740e6be6890bb905d3fc623b2d",
            "https://git.openssl.org/gitweb/?p=openssl.git;a=commitdiff;h=5f69f5c65e483928c4b28ed16af6e5742929f1ee",
            "https://nvd.nist.gov/vuln/detail/CVE-2023-5363",
            "https://security.netapp.com/advisory/ntap-20231027-0010/",
            "https://ubuntu.com/security/notices/USN-6450-1",
            "https://www.cve.org/CVERecord?id=CVE-2023-5363",
            "https://www.debian.org/security/2023/dsa-5532",
            "https://www.openssl.org/news/secadv/20231024.txt"
          ],
          "PublishedDate": "2023-10-25T18:17:00Z",
          "LastModifiedDate": "2023-11-09T13:55:00Z"
        }
      ]
    }
  ]
}
