{
  "vulnerabilities": [
    {
      "id": "SNYK-ALPINE317-OPENSSL-6032385",
      "cpes": [],
      "title": "CVE-2023-5363",
      "CVSSv3": "CVSS:3.1/AV:N/AC:L/PR:N/UI:N/S:U/C:H/I:N/A:N",
      "credit": [
        ""
      ],
      "semver": {
        "vulnerable": [
          "<3.0.12-r0"
        ]
      },
      "exploit": "Not Defined",
      "fixedIn": [
        "3.0.12-r0"
      ],
      "patches": [],
      "insights": {
        "triageAdvice": null
      },
      "language": "linux",
      "severity": "high",
      "cvssScore": 7.5,
      "malicious": false,
      "isDisputed": false,
      "references": [
        {
          "url": "http://www.openwall.com/lists/oss-security/2023/10/24/1",
          "title": "http://www.openwall.com/lists/oss-security/2023/10/24/1"
        },
        {
          "url": "https://git.openssl.org/gitweb/?p=openssl.git%3Ba=commitdiff%3Bh=0df40630850fb2740e6be6890bb905d3fc623b2d",
          "title": "https://git.openssl.org/gitweb/?p=openssl.git%3Ba=commitdiff%3Bh=0df40630850fb2740e6be6890bb905d3fc623b2d"
        },
        {
          "url": "https://git.openssl.org/gitweb/?p=openssl.git%3Ba=commitdiff%3Bh=5f69f5c65e483928c4b28ed16af6e5742929f1ee",
          "title": "https://git.openssl.org/gitweb/?p=openssl.git%3Ba=commitdiff%3Bh=5f69f5c65e483928c4b28ed16af6e5742929f1ee"
        },
        {
          "url": "https://www.debian.org/security/2023/dsa-5532",
          "title": "https://www.debian.org/security/2023/dsa-5532"
        },
        {
          "url": "https://www.openssl.org/news/secadv/20231024.txt",
          "title": "https://www.openssl.org/news/secadv/20231024.txt"
        },
        {
          "url": "https://security.netapp.com/advisory/ntap-20231027-0010/",
          "title": "https://security.netapp.com/advisory/ntap-20231027-0010/"
        }
      ],
      "cvssDetails": [
        {
          "assigner": "SUSE",
          "severity": "high",
          "cvssV3Vector": "CVSS:3.1/AV:N/AC:L/PR:N/UI:N/S:U/C:H/I:N/A:N",
          "cvssV3BaseScore": 7.5,
          "modificationTime": "2023-10-26T11:01:48.943152Z"
        },
        {
          "assigner": "NVD",
          "severity": "high",
          "cvssV3Vector": "CVSS:3.1/AV:N/AC:L/PR:N/UI:N/S:U/C:H/I:N/A:N",
          "cvssV3BaseScore": 7.5,
          "modificationTime": "2023-11-10T01:10:44.205650Z"
        },
        {
          "assigner": "Red Hat",
          "severity": "high",
          "cvssV3Vector": "CVSS:3.1/AV:N/AC:L/PR:N/UI:N/S:U/C:H/I:N/A:N",
          "cvssV3BaseScore": 7.5,
          "modificationTime": "2023-11-11T13:37:17.315978Z"
        }
      ],
      "description": "## NVD Description\n**_Note:_** _Versions mentioned in the description apply only to the upstream `openssl` package and not the `openssl` package as distributed by `Alpine`._\n_See `How to fix?` for `Alpine:3.17` relevant fixed versions and status._\n\nIssue summary: A bug has been identified in the processing of key and\ninitialisation vector (IV) lengths.  This can lead to potential truncation\nor overruns during the initialisation of some symmetric ciphers.\n\nImpact summary: A truncation in the IV can result in non-uniqueness,\nwhich could result in loss of confidentiality for some cipher modes.\n\nWhen calling EVP_EncryptInit_ex2(), EVP_DecryptInit_ex2() or\nEVP_CipherInit_ex2() the provided OSSL_PARAM array is processed after\nthe key and IV have been established.  Any alterations to the key length,\nvia the &#34;keylen&#34; parameter or the IV length, via the &#34;ivlen&#34; parameter,\nwithin the OSSL_PARAM array will not take effect as intended, potentially\ncausing truncation or overreading of these values.  The following ciphers\nand cipher modes are impacted: RC2, RC4, RC5, CCM, GCM and OCB.\n\nFor the CCM, GCM and OCB cipher modes, truncation of the IV can result in\nloss of confidentiality.  For example, when following NIST&#39;s SP 800-38D\nsection 8.2.1 guidance for constructing a deterministic IV for AES in\nGCM mode, truncation of the counter portion could lead to IV reuse.\n\nBoth truncations and overruns of the key and overruns of the IV will\nproduce incorrect results and could, in some cases, trigger a memory\nexception.  However, these issues are not currently assessed as security\ncritical.\n\nChanging the key and/or IV lengths is not considered to be a common operation\nand the vulnerable API was recently introduced. Furthermore it is likely that\napplication developers will have spotted this problem during testing since\ndecryption would fail unless both peers in the communication were similarly\nvulnerable. For these reasons we expect the probability of an application being\nvulnerable to this to be quite low. However if an application is vulnerable then\nthis issue is considered very serious. For these reasons we have assessed this\nissue as Moderate severity overall.\n\nThe OpenSSL SSL/TLS implementation is not affected by this issue.\n\nThe OpenSSL 3.0 and 3.1 FIPS providers are not affected by this because\nthe issue lies outside of the FIPS provider boundary.\n\nOpenSSL 3.1 and 3.0 are vulnerable to this issue.\n## Remediation\nUpgrade `Alpine:3.17` `openssl` to version 3.0.12-r0 or higher.\n## References\n- [openssl-security@openssl.org](http://www.openwall.com/lists/oss-security/2023/10/24/1)\n- [openssl-security@openssl.org](https://git.openssl.org/gitweb/?p=openssl.git;a=commitdiff;h=0df40630850fb2740e6be6890bb905d3fc623b2d)\n- [openssl-security@openssl.org](https://git.openssl.org/gitweb/?p=openssl.git;a=commitdiff;h=5f69f5c65e483928c4b28ed16af6e5742929f1ee)\n- [openssl-security@openssl.org](https://www.debian.org/security/2023/dsa-5532)\n- [openssl-security@openssl.org](https://www.openssl.org/news/secadv/20231024.txt)\n- [openssl-security@openssl.org](https://security.netapp.com/advisory/ntap-20231027-0010/)\n",
      "epssDetails": {
        "percentile": "0.28992",
        "probability": "0.00069",
        "modelVersion": "v2023.03.01"
      },
      "identifiers": {
        "CVE": [
          "CVE-2023-5363"
        ],
        "CWE": [],
        "ALTERNATIVE": []
      },
      "nvdSeverity": "high",
      "packageName": "openssl",
      "creationTime": "2023-10-25T02:58:04.970926Z",
      "disclosureTime": "2023-10-25T18:17:43.613000Z",
      "packageManager": "alpine:3.17",
      "publicationTime": "2023-10-25T02:58:04.943927Z",
      "modificationTime": "2023-11-11T13:37:17.315978Z",
      "socialTrendAlert": false,
      "relativeImportance": null,
      "severityWithCritical": "high",
      "from": [
        "docker-image|fluent/fluentd@edge",
        "openssl/libcrypto3@3.0.10-r0"
      ],
      "upgradePath": [
        false,
        "openssl/libcrypto3@3.0.12-r0"
      ],
      "isUpgradable": true,
      "isPatchable": false,
      "name": "openssl/libcrypto3",
      "version": "3.0.10-r0",
      "nearestFixedInVersion": "3.0.12-r0",
      "dockerfileInstruction": "apk add --no-cache ca-certificates ruby ruby-irb ruby-etc ruby-webrick tini",
      "dockerBaseImage": "fluent/fluentd:v1.16.3-1.0"
    },
    {
      "id": "SNYK-ALPINE317-OPENSSL-6032385",
      "cpes": [],
      "title": "CVE-2023-5363",
      "CVSSv3": "CVSS:3.1/AV:N/AC:L/PR:N/UI:N/S:U/C:H/I:N/A:N",
      "credit": [
        ""
      ],
      "semver": {
        "vulnerable": [
          "<3.0.12-r0"
        ]
      },
      "exploit": "Not Defined",
      "fixedIn": [
        "3.0.12-r0"
      ],
      "patches": [],
      "insights": {
        "triageAdvice": null
      },
      "language": "linux",
      "severity": "high",
      "cvssScore": 7.5,
      "malicious": false,
      "isDisputed": false,
      "references": [
        {
          "url": "http://www.openwall.com/lists/oss-security/2023/10/24/1",
          "title": "http://www.openwall.com/lists/oss-security/2023/10/24/1"
        },
        {
          "url": "https://git.openssl.org/gitweb/?p=openssl.git%3Ba=commitdiff%3Bh=0df40630850fb2740e6be6890bb905d3fc623b2d",
          "title": "https://git.openssl.org/gitweb/?p=openssl.git%3Ba=commitdiff%3Bh=0df40630850fb2740e6be6890bb905d3fc623b2d"
        },
        {
          "url": "https://git.openssl.org/gitweb/?p=openssl.git%3Ba=commitdiff%3Bh=5f69f5c65e483928c4b28ed16af6e5742929f1ee",
          "title": "https://git.openssl.org/gitweb/?p=openssl.git%3Ba=commitdiff%3Bh=5f69f5c65e483928c4b28ed16af6e5742929f1ee"
        },
        {
          "url": "https://www.debian.org/security/2023/dsa-5532",
          "title": "https://www.debian.org/security/2023/dsa-5532"
        },
        {
          "url": "https://www.openssl.org/news/secadv/20231024.txt",
          "title": "https://www.openssl.org/news/secadv/20231024.txt"
        },
        {
          "url": "https://security.netapp.com/advisory/ntap-20231027-0010/",
          "title": "https://security.netapp.com/advisory/ntap-20231027-0010/"
        }
      ],
      "cvssDetails": [
        {
          "assigner": "SUSE",
          "severity": "high",
          "cvssV3Vector": "CVSS:3.1/AV:N/AC:L/PR:N/UI:N/S:U/C:H/I:N/A:N",
          "cvssV3BaseScore": 7.5,
          "modificationTime": "2023-10-26T11:01:48.943152Z"
        },
        {
          "assigner": "NVD",
          "severity": "high",
          "cvssV3Vector": "CVSS:3.1/AV:N/AC:L/PR:N/UI:N/S:U/C:H/I:N/A:N",
          "cvssV3BaseScore": 7.5,
          "modificationTime": "2023-11-10T01:10:44.205650Z"
        },
        {
          "assigner": "Red Hat",
          "severity": "high",
          "cvssV3Vector": "CVSS:3.1/AV:N/AC:L/PR:N/UI:N/S:U/C:H/I:N/A:N",
          "cvssV3BaseScore": 7.5,
          "modificationTime": "2023-11-11T13:37:17.315978Z"
        }
      ],
      "description": "## NVD Description\n**_Note:_** _Versions mentioned in the description apply only to the upstream `openssl` package and not the `openssl` package as distributed by `Alpine`._\n_See `How to fix?` for `Alpine:3.17` relevant fixed versions and status._\n\nIssue summary: A bug has been identified in the processing of key and\ninitialisation vector (IV) lengths.  This can lead to potential truncation\nor overruns during the initialisation of some symmetric ciphers.\n\nImpact summary: A truncation in the IV can result in non-uniqueness,\nwhich could result in loss of confidentiality for some cipher modes.\n\nWhen calling EVP_EncryptInit_ex2(), EVP_DecryptInit_ex2() or\nEVP_CipherInit_ex2() the provided OSSL_PARAM array is processed after\nthe key and IV have been established.  Any alterations to the key length,\nvia the &#34;keylen&#34; parameter or the IV length, via the &#34;ivlen&#34; parameter,\nwithin the OSSL_PARAM array will not take effect as intended, potentially\ncausing truncation or overreading of these values.  The following ciphers\nand cipher modes are impacted: RC2, RC4, RC5, CCM, GCM and OCB.\n\nFor the CCM, GCM and OCB cipher modes, truncation of the IV can result in\nloss of confidentiality.  For example, when following NIST&#39;s SP 800-38D\nsection 8.2.1 guidance for constructing a deterministic IV for AES in\nGCM mode, truncation of the counter portion could lead to IV reuse.\n\nBoth truncations and overruns of the key and overruns of the IV will\nproduce incorrect results and could, in some cases, trigger a memory\nexception.  However, these issues are not currently assessed as security\ncritical.\n\nChanging the key and/or IV lengths is not considered to be a common operation\nand the vulnerable API was recently introduced. Furthermore it is likely that\napplication developers will have spotted this problem during testing since\ndecryption would fail unless both peers in the communication were similarly\nvulnerable. For these reasons we expect the probability of an application being\nvulnerable to this to be quite low. However if an application is vulnerable then\nthis issue is considered very serious. For these reasons we have assessed this\nissue as Moderate severity overall.\n\nThe OpenSSL SSL/TLS implementation is not affected by this issue.\n\nThe OpenSSL 3.0 and 3.1 FIPS providers are not affected by this because\nthe issue lies outside of the FIPS provider boundary.\n\nOpenSSL 3.1 and 3.0 are vulnerable to this issue.\n## Remediation\nUpgrade `Alpine:3.17` `openssl` to version 3.0.12-r0 or higher.\n## References\n- [openssl-security@openssl.org](http://www.openwall.com/lists/oss-security/2023/10/24/1)\n- [openssl-security@openssl.org](https://git.openssl.org/gitweb/?p=openssl.git;a=commitdiff;h=0df40630850fb2740e6be6890bb905d3fc623b2d)\n- [openssl-security@openssl.org](https://git.openssl.org/gitweb/?p=openssl.git;a=commitdiff;h=5f69f5c65e483928c4b28ed16af6e5742929f1ee)\n- [openssl-security@openssl.org](https://www.debian.org/security/2023/dsa-5532)\n- [openssl-security@openssl.org](https://www.openssl.org/news/secadv/20231024.txt)\n- [openssl-security@openssl.org](https://security.netapp.com/advisory/ntap-20231027-0010/)\n",
      "epssDetails": {
        "percentile": "0.28992",
        "probability": "0.00069",
        "modelVersion": "v2023.03.01"
      },
      "identifiers": {
        "CVE": [
          "CVE-2023-5363"
        ],
        "CWE": [],
        "ALTERNATIVE": []
      },
      "nvdSeverity": "high",
      "packageName": "openssl",
      "creationTime": "2023-10-25T02:58:04.970926Z",
      "disclosureTime": "2023-10-25T18:17:43.613000Z",
      "packageManager": "alpine:3.17",
      "publicationTime": "2023-10-25T02:58:04.943927Z",
      "modificationTime": "2023-11-11T13:37:17.315978Z",
      "socialTrendAlert": false,
      "relativeImportance": null,
      "severityWithCritical": "high",
      "from": [
        "docker-image|fluent/fluentd@edge",
        "openssl/libssl3@3.0.10-r0",
        "openssl/libcrypto3@3.0.10-r0"
      ],
      "upgradePath": [],
      "isUpgradable": false,
      "isPatchable": false,
      "name": "openssl/libcrypto3",
      "version": "3.0.10-r0",
      "nearestFixedInVersion": "3.0.12-r0",
      "dockerfileInstruction": "apk add --no-cache ca-certificates ruby ruby-irb ruby-etc ruby-webrick tini",
      "dockerBaseImage": "fluent/fluentd:v1.16.3-1.0"
    },
    {
      "id": "SNYK-ALPINE317-OPENSSL-6032385",
      "cpes": [],
      "title": "CVE-2023-5363",
      "CVSSv3": "CVSS:3.1/AV:N/AC:L/PR:N/UI:N/S:U/C:H/I:N/A:N",
      "credit": [
        ""
      ],
      "semver": {
        "vulnerable": [
          "<3.0.12-r0"
        ]
      },
      "exploit": "Not Defined",
      "fixedIn": [
        "3.0.12-r0"
      ],
      "patches": [],
      "insights": {
        "triageAdvice": null
      },
      "language": "linux",
      "severity": "high",
      "cvssScore": 7.5,
      "malicious": false,
      "isDisputed": false,
      "references": [
        {
          "url": "http://www.openwall.com/lists/oss-security/2023/10/24/1",
          "title": "http://www.openwall.com/lists/oss-security/2023/10/24/1"
        },
        {
          "url": "https://git.openssl.org/gitweb/?p=openssl.git%3Ba=commitdiff%3Bh=0df40630850fb2740e6be6890bb905d3fc623b2d",
          "title": "https://git.openssl.org/gitweb/?p=openssl.git%3Ba=commitdiff%3Bh=0df40630850fb2740e6be6890bb905d3fc623b2d"
        },
        {
          "url": "https://git.openssl.org/gitweb/?p=openssl.git%3Ba=commitdiff%3Bh=5f69f5c65e483928c4b28ed16af6e5742929f1ee",
          "title": "https://git.openssl.org/gitweb/?p=openssl.git%3Ba=commitdiff%3Bh=5f69f5c65e483928c4b28ed16af6e5742929f1ee"
        },
        {
          "url": "https://www.debian.org/security/2023/dsa-5532",
          "title": "https://www.debian.org/security/2023/dsa-5532"
        },
        {
          "url": "https://www.openssl.org/news/secadv/20231024.txt",
          "title": "https://www.openssl.org/news/secadv/20231024.txt"
        },
        {
          "url": "https://security.netapp.com/advisory/ntap-20231027-0010/",
          "title": "https://security.netapp.com/advisory/ntap-20231027-0010/"
        }
      ],
      "cvssDetails": [
        {
          "assigner": "SUSE",
          "severity": "high",
          "cvssV3Vector": "CVSS:3.1/AV:N/AC:L/PR:N/UI:N/S:U/C:H/I:N/A:N",
          "cvssV3BaseScore": 7.5,
          "modificationTime": "2023-10-26T11:01:48.943152Z"
        },
        {
          "assigner": "NVD",
          "severity": "high",
          "cvssV3Vector": "CVSS:3.1/AV:N/AC:L/PR:N/UI:N/S:U/C:H/I:N/A:N",
          "cvssV3BaseScore": 7.5,
          "modificationTime": "2023-11-10T01:10:44.205650Z"
        },
        {
          "assigner": "Red Hat",
          "severity": "high",
          "cvssV3Vector": "CVSS:3.1/AV:N/AC:L/PR:N/UI:N/S:U/C:H/I:N/A:N",
          "cvssV3BaseScore": 7.5,
          "modificationTime": "2023-11-11T13:37:17.315978Z"
        }
      ],
      "description": "## NVD Description\n**_Note:_** _Versions mentioned in the description apply only to the upstream `openssl` package and not the `openssl` package as distributed by `Alpine`._\n_See `How to fix?` for `Alpine:3.17` relevant fixed versions and status._\n\nIssue summary: A bug has been identified in the processing of key and\ninitialisation vector (IV) lengths.  This can lead to potential truncation\nor overruns during the initialisation of some symmetric ciphers.\n\nImpact summary: A truncation in the IV can result in non-uniqueness,\nwhich could result in loss of confidentiality for some cipher modes.\n\nWhen calling EVP_EncryptInit_ex2(), EVP_DecryptInit_ex2() or\nEVP_CipherInit_ex2() the provided OSSL_PARAM array is processed after\nthe key and IV have been established.  Any alterations to the key length,\nvia the &#34;keylen&#34; parameter or the IV length, via the &#34;ivlen&#34; parameter,\nwithin the OSSL_PARAM array will not take effect as intended, potentially\ncausing truncation or overreading of these values.  The following ciphers\nand cipher modes are impacted: RC2, RC4, RC5, CCM, GCM and OCB.\n\nFor the CCM, GCM and OCB cipher modes, truncation of the IV can result in\nloss of confidentiality.  For example, when following NIST&#39;s SP 800-38D\nsection 8.2.1 guidance for constructing a deterministic IV for AES in\nGCM mode, truncation of the counter portion could lead to IV reuse.\n\nBoth truncations and overruns of the key and overruns of the IV will\nproduce incorrect results and could, in some cases, trigger a memory\nexception.  However, these issues are not currently assessed as security\ncritical.\n\nChanging the key and/or IV lengths is not considered to be a common operation\nand the vulnerable API was recently introduced. Furthermore it is likely that\napplication developers will have spotted this problem during testing since\ndecryption would fail unless both peers in the communication were similarly\nvulnerable. For these reasons we expect the probability of an application being\nvulnerable to this to be quite low. However if an application is vulnerable then\nthis issue is considered very serious. For these reasons we have assessed this\nissue as Moderate severity overall.\n\nThe OpenSSL SSL/TLS implementation is not affected by this issue.\n\nThe OpenSSL 3.0 and 3.1 FIPS providers are not affected by this because\nthe issue lies outside of the FIPS provider boundary.\n\nOpenSSL 3.1 and 3.0 are vulnerable to this issue.\n## Remediation\nUpgrade `Alpine:3.17` `openssl` to version 3.0.12-r0 or higher.\n## References\n- [openssl-security@openssl.org](http://www.openwall.com/lists/oss-security/2023/10/24/1)\n- [openssl-security@openssl.org](https://git.openssl.org/gitweb/?p=openssl.git;a=commitdiff;h=0df40630850fb2740e6be6890bb905d3fc623b2d)\n- [openssl-security@openssl.org](https://git.openssl.org/gitweb/?p=openssl.git;a=commitdiff;h=5f69f5c65e483928c4b28ed16af6e5742929f1ee)\n- [openssl-security@openssl.org](https://www.debian.org/security/2023/dsa-5532)\n- [openssl-security@openssl.org](https://www.openssl.org/news/secadv/20231024.txt)\n- [openssl-security@openssl.org](https://security.netapp.com/advisory/ntap-20231027-0010/)\n",
      "epssDetails": {
        "percentile": "0.28992",
        "probability": "0.00069",
        "modelVersion": "v2023.03.01"
      },
      "identifiers": {
        "CVE": [
          "CVE-2023-5363"
        ],
        "CWE": [],
        "ALTERNATIVE": []
      },
      "nvdSeverity": "high",
      "packageName": "openssl",
      "creationTime": "2023-10-25T02:58:04.970926Z",
      "disclosureTime": "2023-10-25T18:17:43.613000Z",
      "packageManager": "alpine:3.17",
      "publicationTime": "2023-10-25T02:58:04.943927Z",
      "modificationTime": "2023-11-11T13:37:17.315978Z",
      "socialTrendAlert": false,
      "relativeImportance": null,
      "severityWithCritical": "high",
      "from": [
        "docker-image|fluent/fluentd@edge",
        "apk-tools/apk-tools@2.12.10-r1",
        "openssl/libcrypto3@3.0.10-r0"
      ],
      "upgradePath": [],
      "isUpgradable": false,
      "isPatchable": false,
      "name": "openssl/libcrypto3",
      "version": "3.0.10-r0",
      "nearestFixedInVersion": "3.0.12-r0",
      "dockerfileInstruction": "apk add --no-cache ca-certificates ruby ruby-irb ruby-etc ruby-webrick tini",
      "dockerBaseImage": "fluent/fluentd:v1.16.3-1.0"
    },
    {
      "id": "SNYK-ALPINE317-OPENSSL-6032385",
      "cpes": [],
      "title": "CVE-2023-5363",
      "CVSSv3": "CVSS:3.1/AV:N/AC:L/PR:N/UI:N/S:U/C:H/I:N/A:N",
      "credit": [
        ""
      ],
      "semver": {
        "vulnerable": [
          "<3.0.12-r0"
        ]
      },
      "exploit": "Not Defined",
      "fixedIn": [
        "3.0.12-r0"
      ],
      "patches": [],
      "insights": {
        "triageAdvice": null
      },
      "language": "linux",
      "severity": "high",
      "cvssScore": 7.5,
      "malicious": false,
      "isDisputed": false,
      "references": [
        {
          "url": "http://www.openwall.com/lists/oss-security/2023/10/24/1",
          "title": "http://www.openwall.com/lists/oss-security/2023/10/24/1"
        },
        {
          "url": "https://git.openssl.org/gitweb/?p=openssl.git%3Ba=commitdiff%3Bh=0df40630850fb2740e6be6890bb905d3fc623b2d",
          "title": "https://git.openssl.org/gitweb/?p=openssl.git%3Ba=commitdiff%3Bh=0df40630850fb2740e6be6890bb905d3fc623b2d"
        },
        {
          "url": "https://git.openssl.org/gitweb/?p=openssl.git%3Ba=commitdiff%3Bh=5f69f5c65e483928c4b28ed16af6e5742929f1ee",
          "title": "https://git.openssl.org/gitweb/?p=openssl.git%3Ba=commitdiff%3Bh=5f69f5c65e483928c4b28ed16af6e5742929f1ee"
        },
        {
          "url": "https://www.debian.org/security/2023/dsa-5532",
          "title": "https://www.debian.org/security/2023/dsa-5532"
        },
        {
          "url": "https://www.openssl.org/news/secadv/20231024.txt",
          "title": "https://www.openssl.org/news/secadv/20231024.txt"
        },
        {
          "url": "https://security.netapp.com/advisory/ntap-20231027-0010/",
          "title": "https://security.netapp.com/advisory/ntap-20231027-0010/"
        }
      ],
      "cvssDetails": [
        {
          "assigner": "SUSE",
          "severity": "high",
          "cvssV3Vector": "CVSS:3.1/AV:N/AC:L/PR:N/UI:N/S:U/C:H/I:N/A:N",
          "cvssV3BaseScore": 7.5,
          "modificationTime": "2023-10-26T11:01:48.943152Z"
        },
        {
          "assigner": "NVD",
          "severity": "high",
          "cvssV3Vector": "CVSS:3.1/AV:N/AC:L/PR:N/UI:N/S:U/C:H/I:N/A:N",
          "cvssV3BaseScore": 7.5,
          "modificationTime": "2023-11-10T01:10:44.205650Z"
        },
        {
          "assigner": "Red Hat",
          "severity": "high",
          "cvssV3Vector": "CVSS:3.1/AV:N/AC:L/PR:N/UI:N/S:U/C:H/I:N/A:N",
          "cvssV3BaseScore": 7.5,
          "modificationTime": "2023-11-11T13:37:17.315978Z"
        }
      ],
      "description": "## NVD Description\n**_Note:_** _Versions mentioned in the description apply only to the upstream `openssl` package and not the `openssl` package as distributed by `Alpine`._\n_See `How to fix?` for `Alpine:3.17` relevant fixed versions and status._\n\nIssue summary: A bug has been identified in the processing of key and\ninitialisation vector (IV) lengths.  This can lead to potential truncation\nor overruns during the initialisation of some symmetric ciphers.\n\nImpact summary: A truncation in the IV can result in non-uniqueness,\nwhich could result in loss of confidentiality for some cipher modes.\n\nWhen calling EVP_EncryptInit_ex2(), EVP_DecryptInit_ex2() or\nEVP_CipherInit_ex2() the provided OSSL_PARAM array is processed after\nthe key and IV have been established.  Any alterations to the key length,\nvia the &#34;keylen&#34; parameter or the IV length, via the &#34;ivlen&#34; parameter,\nwithin the OSSL_PARAM array will not take effect as intended, potentially\ncausing truncation or overreading of these values.  The following ciphers\nand cipher modes are impacted: RC2, RC4, RC5, CCM, GCM and OCB.\n\nFor the CCM, GCM and OCB cipher modes, truncation of the IV can result in\nloss of confidentiality.  For example, when following NIST&#39;s SP 800-38D\nsection 8.2.1 guidance for constructing a deterministic IV for AES in\nGCM mode, truncation of the counter portion could lead to IV reuse.\n\nBoth truncations and overruns of the key and overruns of the IV will\nproduce incorrect results and could, in some cases, trigger a memory\nexception.  However, these issues are not currently assessed as security\ncritical.\n\nChanging the key and/or IV lengths is not considered to be a common operation\nand the vulnerable API was recently introduced. Furthermore it is likely that\napplication developers will have spotted this problem during testing since\ndecryption would fail unless both peers in the communication were similarly\nvulnerable. For these reasons we expect the probability of an application being\nvulnerable to this to be quite low. However if an application is vulnerable then\nthis issue is considered very serious. For these reasons we have assessed this\nissue as Moderate severity overall.\n\nThe OpenSSL SSL/TLS implementation is not affected by this issue.\n\nThe OpenSSL 3.0 and 3.1 FIPS providers are not affected by this because\nthe issue lies outside of the FIPS provider boundary.\n\nOpenSSL 3.1 and 3.0 are vulnerable to this issue.\n## Remediation\nUpgrade `Alpine:3.17` `openssl` to version 3.0.12-r0 or higher.\n## References\n- [openssl-security@openssl.org](http://www.openwall.com/lists/oss-security/2023/10/24/1)\n- [openssl-security@openssl.org](https://git.openssl.org/gitweb/?p=openssl.git;a=commitdiff;h=0df40630850fb2740e6be6890bb905d3fc623b2d)\n- [openssl-security@openssl.org](https://git.openssl.org/gitweb/?p=openssl.git;a=commitdiff;h=5f69f5c65e483928c4b28ed16af6e5742929f1ee)\n- [openssl-security@openssl.org](https://www.debian.org/security/2023/dsa-5532)\n- [openssl-security@openssl.org](https://www.openssl.org/news/secadv/20231024.txt)\n- [openssl-security@openssl.org](https://security.netapp.com/advisory/ntap-20231027-0010/)\n",
      "epssDetails": {
        "percentile": "0.28992",
        "probability": "0.00069",
        "modelVersion": "v2023.03.01"
      },
      "identifiers": {
        "CVE": [
          "CVE-2023-5363"
        ],
        "CWE": [],
        "ALTERNATIVE": []
      },
      "nvdSeverity": "high",
      "packageName": "openssl",
      "creationTime": "2023-10-25T02:58:04.970926Z",
      "disclosureTime": "2023-10-25T18:17:43.613000Z",
      "packageManager": "alpine:3.17",
      "publicationTime": "2023-10-25T02:58:04.943927Z",
      "modificationTime": "2023-11-11T13:37:17.315978Z",
      "socialTrendAlert": false,
      "relativeImportance": null,
      "severityWithCritical": "high",
      "from": [
        "docker-image|fluent/fluentd@edge",
        "busybox/ssl_client@1.35.0-r29",
        "openssl/libcrypto3@3.0.10-r0"
      ],
      "upgradePath": [],
      "isUpgradable": false,
      "isPatchable": false,
      "name": "openssl/libcrypto3",
      "version": "3.0.10-r0",
      "nearestFixedInVersion": "3.0.12-r0",
      "dockerfileInstruction": "apk add --no-cache ca-certificates ruby ruby-irb ruby-etc ruby-webrick tini",
      "dockerBaseImage": "fluent/fluentd:v1.16.3-1.0"
    },
    {
      "id": "SNYK-ALPINE317-OPENSSL-6032385",
      "cpes": [],
      "title": "CVE-2023-5363",
      "CVSSv3": "CVSS:3.1/AV:N/AC:L/PR:N/UI:N/S:U/C:H/I:N/A:N",
      "credit": [
        ""
      ],
      "semver": {
        "vulnerable": [
          "<3.0.12-r0"
        ]
      },
      "exploit": "Not Defined",
      "fixedIn": [
        "3.0.12-r0"
      ],
      "patches": [],
      "insights": {
        "triageAdvice": null
      },
      "language": "linux",
      "severity": "high",
      "cvssScore": 7.5,
      "malicious": false,
      "isDisputed": false,
      "references": [
        {
          "url": "http://www.openwall.com/lists/oss-security/2023/10/24/1",
          "title": "http://www.openwall.com/lists/oss-security/2023/10/24/1"
        },
        {
          "url": "https://git.openssl.org/gitweb/?p=openssl.git%3Ba=commitdiff%3Bh=0df40630850fb2740e6be6890bb905d3fc623b2d",
          "title": "https://git.openssl.org/gitweb/?p=openssl.git%3Ba=commitdiff%3Bh=0df40630850fb2740e6be6890bb905d3fc623b2d"
        },
        {
          "url": "https://git.openssl.org/gitweb/?p=openssl.git%3Ba=commitdiff%3Bh=5f69f5c65e483928c4b28ed16af6e5742929f1ee",
          "title": "https://git.openssl.org/gitweb/?p=openssl.git%3Ba=commitdiff%3Bh=5f69f5c65e483928c4b28ed16af6e5742929f1ee"
        },
        {
          "url": "https://www.debian.org/security/2023/dsa-5532",
          "title": "https://www.debian.org/security/2023/dsa-5532"
        },
        {
          "url": "https://www.openssl.org/news/secadv/20231024.txt",
          "title": "https://www.openssl.org/news/secadv/20231024.txt"
        },
        {
          "url": "https://security.netapp.com/advisory/ntap-20231027-0010/",
          "title": "https://security.netapp.com/advisory/ntap-20231027-0010/"
        }
      ],
      "cvssDetails": [
        {
          "assigner": "SUSE",
          "severity": "high",
          "cvssV3Vector": "CVSS:3.1/AV:N/AC:L/PR:N/UI:N/S:U/C:H/I:N/A:N",
          "cvssV3BaseScore": 7.5,
          "modificationTime": "2023-10-26T11:01:48.943152Z"
        },
        {
          "assigner": "NVD",
          "severity": "high",
          "cvssV3Vector": "CVSS:3.1/AV:N/AC:L/PR:N/UI:N/S:U/C:H/I:N/A:N",
          "cvssV3BaseScore": 7.5,
          "modificationTime": "2023-11-10T01:10:44.205650Z"
        },
        {
          "assigner": "Red Hat",
          "severity": "high",
          "cvssV3Vector": "CVSS:3.1/AV:N/AC:L/PR:N/UI:N/S:U/C:H/I:N/A:N",
          "cvssV3BaseScore": 7.5,
          "modificationTime": "2023-11-11T13:37:17.315978Z"
        }
      ],
      "description": "## NVD Description\n**_Note:_** _Versions mentioned in the description apply only to the upstream `openssl` package and not the `openssl` package as distributed by `Alpine`._\n_See `How to fix?` for `Alpine:3.17` relevant fixed versions and status._\n\nIssue summary: A bug has been identified in the processing of key and\ninitialisation vector (IV) lengths.  This can lead to potential truncation\nor overruns during the initialisation of some symmetric ciphers.\n\nImpact summary: A truncation in the IV can result in non-uniqueness,\nwhich could result in loss of confidentiality for some cipher modes.\n\nWhen calling EVP_EncryptInit_ex2(), EVP_DecryptInit_ex2() or\nEVP_CipherInit_ex2() the provided OSSL_PARAM array is processed after\nthe key and IV have been established.  Any alterations to the key length,\nvia the &#34;keylen&#34; parameter or the IV length, via the &#34;ivlen&#34; parameter,\nwithin the OSSL_PARAM array will not take effect as intended, potentially\ncausing truncation or overreading of these values.  The following ciphers\nand cipher modes are impacted: RC2, RC4, RC5, CCM, GCM and OCB.\n\nFor the CCM, GCM and OCB cipher modes, truncation of the IV can result in\nloss of confidentiality.  For example, when following NIST&#39;s SP 800-38D\nsection 8.2.1 guidance for constructing a deterministic IV for AES in\nGCM mode, truncation of the counter portion could lead to IV reuse.\n\nBoth truncations and overruns of the key and overruns of the IV will\nproduce incorrect results and could, in some cases, trigger a memory\nexception.  However, these issues are not currently assessed as security\ncritical.\n\nChanging the key and/or IV lengths is not considered to be a common operation\nand the vulnerable API was recently introduced. Furthermore it is likely that\napplication developers will have spotted this problem during testing since\ndecryption would fail unless both peers in the communication were similarly\nvulnerable. For these reasons we expect the probability of an application being\nvulnerable to this to be quite low. However if an application is vulnerable then\nthis issue is considered very serious. For these reasons we have assessed this\nissue as Moderate severity overall.\n\nThe OpenSSL SSL/TLS implementation is not affected by this issue.\n\nThe OpenSSL 3.0 and 3.1 FIPS providers are not affected by this because\nthe issue lies outside of the FIPS provider boundary.\n\nOpenSSL 3.1 and 3.0 are vulnerable to this issue.\n## Remediation\nUpgrade `Alpine:3.17` `openssl` to version 3.0.12-r0 or higher.\n## References\n- [openssl-security@openssl.org](http://www.openwall.com/lists/oss-security/2023/10/24/1)\n- [openssl-security@openssl.org](https://git.openssl.org/gitweb/?p=openssl.git;a=commitdiff;h=0df40630850fb2740e6be6890bb905d3fc623b2d)\n- [openssl-security@openssl.org](https://git.openssl.org/gitweb/?p=openssl.git;a=commitdiff;h=5f69f5c65e483928c4b28ed16af6e5742929f1ee)\n- [openssl-security@openssl.org](https://www.debian.org/security/2023/dsa-5532)\n- [openssl-security@openssl.org](https://www.openssl.org/news/secadv/20231024.txt)\n- [openssl-security@openssl.org](https://security.netapp.com/advisory/ntap-20231027-0010/)\n",
      "epssDetails": {
        "percentile": "0.28992",
        "probability": "0.00069",
        "modelVersion": "v2023.03.01"
      },
      "identifiers": {
        "CVE": [
          "CVE-2023-5363"
        ],
        "CWE": [],
        "ALTERNATIVE": []
      },
      "nvdSeverity": "high",
      "packageName": "openssl",
      "creationTime": "2023-10-25T02:58:04.970926Z",
      "disclosureTime": "2023-10-25T18:17:43.613000Z",
      "packageManager": "alpine:3.17",
      "publicationTime": "2023-10-25T02:58:04.943927Z",
      "modificationTime": "2023-11-11T13:37:17.315978Z",
      "socialTrendAlert": false,
      "relativeImportance": null,
      "severityWithCritical": "high",
      "from": [
        "docker-image|fluent/fluentd@edge",
        "ca-certificates/ca-certificates@20230506-r0",
        "openssl/libcrypto3@3.0.10-r0"
      ],
      "upgradePath": [],
      "isUpgradable": false,
      "isPatchable": false,
      "name": "openssl/libcrypto3",
      "version": "3.0.10-r0",
      "nearestFixedInVersion": "3.0.12-r0",
      "dockerfileInstruction": "apk add --no-cache ca-certificates ruby ruby-irb ruby-etc ruby-webrick tini",
      "dockerBaseImage": "fluent/fluentd:v1.16.3-1.0"
    },
    {
      "id": "SNYK-ALPINE317-OPENSSL-6032385",
      "cpes": [],
      "title": "CVE-2023-5363",
      "CVSSv3": "CVSS:3.1/AV:N/AC:L/PR:N/UI:N/S:U/C:H/I:N/A:N",
      "credit": [
        ""
      ],
      "semver": {
        "vulnerable": [
          "<3.0.12-r0"
        ]
      },
      "exploit": "Not Defined",
      "fixedIn": [
        "3.0.12-r0"
      ],
      "patches": [],
      "insights": {
        "triageAdvice": null
      },
      "language": "linux",
      "severity": "high",
      "cvssScore": 7.5,
      "malicious": false,
      "isDisputed": false,
      "references": [
        {
          "url": "http://www.openwall.com/lists/oss-security/2023/10/24/1",
          "title": "http://www.openwall.com/lists/oss-security/2023/10/24/1"
        },
        {
          "url": "https://git.openssl.org/gitweb/?p=openssl.git%3Ba=commitdiff%3Bh=0df40630850fb2740e6be6890bb905d3fc623b2d",
          "title": "https://git.openssl.org/gitweb/?p=openssl.git%3Ba=commitdiff%3Bh=0df40630850fb2740e6be6890bb905d3fc623b2d"
        },
        {
          "url": "https://git.openssl.org/gitweb/?p=openssl.git%3Ba=commitdiff%3Bh=5f69f5c65e483928c4b28ed16af6e5742929f1ee",
          "title": "https://git.openssl.org/gitweb/?p=openssl.git%3Ba=commitdiff%3Bh=5f69f5c65e483928c4b28ed16af6e5742929f1ee"
        },
        {
          "url": "https://www.debian.org/security/2023/dsa-5532",
          "title": "https://www.debian.org/security/2023/dsa-5532"
        },
        {
          "url": "https://www.openssl.org/news/secadv/20231024.txt",
          "title": "https://www.openssl.org/news/secadv/20231024.txt"
        },
        {
          "url": "https://security.netapp.com/advisory/ntap-20231027-0010/",
          "title": "https://security.netapp.com/advisory/ntap-20231027-0010/"
        }
      ],
      "cvssDetails": [
        {
          "assigner": "SUSE",
          "severity": "high",
          "cvssV3Vector": "CVSS:3.1/AV:N/AC:L/PR:N/UI:N/S:U/C:H/I:N/A:N",
          "cvssV3BaseScore": 7.5,
          "modificationTime": "2023-10-26T11:01:48.943152Z"
        },
        {
          "assigner": "NVD",
          "severity": "high",
          "cvssV3Vector": "CVSS:3.1/AV:N/AC:L/PR:N/UI:N/S:U/C:H/I:N/A:N",
          "cvssV3BaseScore": 7.5,
          "modificationTime": "2023-11-10T01:10:44.205650Z"
        },
        {
          "assigner": "Red Hat",
          "severity": "high",
          "cvssV3Vector": "CVSS:3.1/AV:N/AC:L/PR:N/UI:N/S:U/C:H/I:N/A:N",
          "cvssV3BaseScore": 7.5,
          "modificationTime": "2023-11-11T13:37:17.315978Z"
        }
      ],
      "description": "## NVD Description\n**_Note:_** _Versions mentioned in the description apply only to the upstream `openssl` package and not the `openssl` package as distributed by `Alpine`._\n_See `How to fix?` for `Alpine:3.17` relevant fixed versions and status._\n\nIssue summary: A bug has been identified in the processing of key and\ninitialisation vector (IV) lengths.  This can lead to potential truncation\nor overruns during the initialisation of some symmetric ciphers.\n\nImpact summary: A truncation in the IV can result in non-uniqueness,\nwhich could result in loss of confidentiality for some cipher modes.\n\nWhen calling EVP_EncryptInit_ex2(), EVP_DecryptInit_ex2() or\nEVP_CipherInit_ex2() the provided OSSL_PARAM array is processed after\nthe key and IV have been established.  Any alterations to the key length,\nvia the &#34;keylen&#34; parameter or the IV length, via the &#34;ivlen&#34; parameter,\nwithin the OSSL_PARAM array will not take effect as intended, potentially\ncausing truncation or overreading of these values.  The following ciphers\nand cipher modes are impacted: RC2, RC4, RC5, CCM, GCM and OCB.\n\nFor the CCM, GCM and OCB cipher modes, truncation of the IV can result in\nloss of confidentiality.  For example, when following NIST&#39;s SP 800-38D\nsection 8.2.1 guidance for constructing a deterministic IV for AES in\nGCM mode, truncation of the counter portion could lead to IV reuse.\n\nBoth truncations and overruns of the key and overruns of the IV will\nproduce incorrect results and could, in some cases, trigger a memory\nexception.  However, these issues are not currently assessed as security\ncritical.\n\nChanging the key and/or IV lengths is not considered to be a common operation\nand the vulnerable API was recently introduced. Furthermore it is likely that\napplication developers will have spotted this problem during testing since\ndecryption would fail unless both peers in the communication were similarly\nvulnerable. For these reasons we expect the probability of an application being\nvulnerable to this to be quite low. However if an application is vulnerable then\nthis issue is considered very serious. For these reasons we have assessed this\nissue as Moderate severity overall.\n\nThe OpenSSL SSL/TLS implementation is not affected by this issue.\n\nThe OpenSSL 3.0 and 3.1 FIPS providers are not affected by this because\nthe issue lies outside of the FIPS provider boundary.\n\nOpenSSL 3.1 and 3.0 are vulnerable to this issue.\n## Remediation\nUpgrade `Alpine:3.17` `openssl` to version 3.0.12-r0 or higher.\n## References\n- [openssl-security@openssl.org](http://www.openwall.com/lists/oss-security/2023/10/24/1)\n- [openssl-security@openssl.org](https://git.openssl.org/gitweb/?p=openssl.git;a=commitdiff;h=0df40630850fb2740e6be6890bb905d3fc623b2d)\n- [openssl-security@openssl.org](https://git.openssl.org/gitweb/?p=openssl.git;a=commitdiff;h=5f69f5c65e483928c4b28ed16af6e5742929f1ee)\n- [openssl-security@openssl.org](https://www.debian.org/security/2023/dsa-5532)\n- [openssl-security@openssl.org](https://www.openssl.org/news/secadv/20231024.txt)\n- [openssl-security@openssl.org](https://security.netapp.com/advisory/ntap-20231027-0010/)\n",
      "epssDetails": {
        "percentile": "0.28992",
        "probability": "0.00069",
        "modelVersion": "v2023.03.01"
      },
      "identifiers": {
        "CVE": [
          "CVE-2023-5363"
        ],
        "CWE": [],
        "ALTERNATIVE": []
      },
      "nvdSeverity": "high",
      "packageName": "openssl",
      "creationTime": "2023-10-25T02:58:04.970926Z",
      "disclosureTime": "2023-10-25T18:17:43.613000Z",
      "packageManager": "alpine:3.17",
      "publicationTime": "2023-10-25T02:58:04.943927Z",
      "modificationTime": "2023-11-11T13:37:17.315978Z",
      "socialTrendAlert": false,
      "relativeImportance": null,
      "severityWithCritical": "high",
      "from": [
        "docker-image|fluent/fluentd@edge",
        "ruby/ruby-libs@3.1.4-r0",
        "openssl/libcrypto3@3.0.10-r0"
      ],
      "upgradePath": [],
      "isUpgradable": false,
      "isPatchable": false,
      "name": "openssl/libcrypto3",
      "version": "3.0.10-r0",
      "nearestFixedInVersion": "3.0.12-r0",
      "dockerfileInstruction": "apk add --no-cache ca-certificates ruby ruby-irb ruby-etc ruby-webrick tini",
      "dockerBaseImage": "fluent/fluentd:v1.16.3-1.0"
    },
    {
      "id": "SNYK-ALPINE317-OPENSSL-6032385",
      "cpes": [],
      "title": "CVE-2023-5363",
      "CVSSv3": "CVSS:3.1/AV:N/AC:L/PR:N/UI:N/S:U/C:H/I:N/A:N",
      "credit": [
        ""
      ],
      "semver": {
        "vulnerable": [
          "<3.0.12-r0"
        ]
      },
      "exploit": "Not Defined",
      "fixedIn": [
        "3.0.12-r0"
      ],
      "patches": [],
      "insights": {
        "triageAdvice": null
      },
      "language": "linux",
      "severity": "high",
      "cvssScore": 7.5,
      "malicious": false,
      "isDisputed": false,
      "references": [
        {
          "url": "http://www.openwall.com/lists/oss-security/2023/10/24/1",
          "title": "http://www.openwall.com/lists/oss-security/2023/10/24/1"
        },
        {
          "url": "https://git.openssl.org/gitweb/?p=openssl.git%3Ba=commitdiff%3Bh=0df40630850fb2740e6be6890bb905d3fc623b2d",
          "title": "https://git.openssl.org/gitweb/?p=openssl.git%3Ba=commitdiff%3Bh=0df40630850fb2740e6be6890bb905d3fc623b2d"
        },
        {
          "url": "https://git.openssl.org/gitweb/?p=openssl.git%3Ba=commitdiff%3Bh=5f69f5c65e483928c4b28ed16af6e5742929f1ee",
          "title": "https://git.openssl.org/gitweb/?p=openssl.git%3Ba=commitdiff%3Bh=5f69f5c65e483928c4b28ed16af6e5742929f1ee"
        },
        {
          "url": "https://www.debian.org/security/2023/dsa-5532",
          "title": "https://www.debian.org/security/2023/dsa-5532"
        },
        {
          "url": "https://www.openssl.org/news/secadv/20231024.txt",
          "title": "https://www.openssl.org/news/secadv/20231024.txt"
        },
        {
          "url": "https://security.netapp.com/advisory/ntap-20231027-0010/",
          "title": "https://security.netapp.com/advisory/ntap-20231027-0010/"
        }
      ],
      "cvssDetails": [
        {
          "assigner": "SUSE",
          "severity": "high",
          "cvssV3Vector": "CVSS:3.1/AV:N/AC:L/PR:N/UI:N/S:U/C:H/I:N/A:N",
          "cvssV3BaseScore": 7.5,
          "modificationTime": "2023-10-26T11:01:48.943152Z"
        },
        {
          "assigner": "NVD",
          "severity": "high",
          "cvssV3Vector": "CVSS:3.1/AV:N/AC:L/PR:N/UI:N/S:U/C:H/I:N/A:N",
          "cvssV3BaseScore": 7.5,
          "modificationTime": "2023-11-10T01:10:44.205650Z"
        },
        {
          "assigner": "Red Hat",
          "severity": "high",
          "cvssV3Vector": "CVSS:3.1/AV:N/AC:L/PR:N/UI:N/S:U/C:H/I:N/A:N",
          "cvssV3BaseScore": 7.5,
          "modificationTime": "2023-11-11T13:37:17.315978Z"
        }
      ],
      "description": "## NVD Description\n**_Note:_** _Versions mentioned in the description apply only to the upstream `openssl` package and not the `openssl` package as distributed by `Alpine`._\n_See `How to fix?` for `Alpine:3.17` relevant fixed versions and status._\n\nIssue summary: A bug has been identified in the processing of key and\ninitialisation vector (IV) lengths.  This can lead to potential truncation\nor overruns during the initialisation of some symmetric ciphers.\n\nImpact summary: A truncation in the IV can result in non-uniqueness,\nwhich could result in loss of confidentiality for some cipher modes.\n\nWhen calling EVP_EncryptInit_ex2(), EVP_DecryptInit_ex2() or\nEVP_CipherInit_ex2() the provided OSSL_PARAM array is processed after\nthe key and IV have been established.  Any alterations to the key length,\nvia the &#34;keylen&#34; parameter or the IV length, via the &#34;ivlen&#34; parameter,\nwithin the OSSL_PARAM array will not take effect as intended, potentially\ncausing truncation or overreading of these values.  The following ciphers\nand cipher modes are impacted: RC2, RC4, RC5, CCM, GCM and OCB.\n\nFor the CCM, GCM and OCB cipher modes, truncation of the IV can result in\nloss of confidentiality.  For example, when following NIST&#39;s SP 800-38D\nsection 8.2.1 guidance for constructing a deterministic IV for AES in\nGCM mode, truncation of the counter portion could lead to IV reuse.\n\nBoth truncations and overruns of the key and overruns of the IV will\nproduce incorrect results and could, in some cases, trigger a memory\nexception.  However, these issues are not currently assessed as security\ncritical.\n\nChanging the key and/or IV lengths is not considered to be a common operation\nand the vulnerable API was recently introduced. Furthermore it is likely that\napplication developers will have spotted this problem during testing since\ndecryption would fail unless both peers in the communication were similarly\nvulnerable. For these reasons we expect the probability of an application being\nvulnerable to this to be quite low. However if an application is vulnerable then\nthis issue is considered very serious. For these reasons we have assessed this\nissue as Moderate severity overall.\n\nThe OpenSSL SSL/TLS implementation is not affected by this issue.\n\nThe OpenSSL 3.0 and 3.1 FIPS providers are not affected by this because\nthe issue lies outside of the FIPS provider boundary.\n\nOpenSSL 3.1 and 3.0 are vulnerable to this issue.\n## Remediation\nUpgrade `Alpine:3.17` `openssl` to version 3.0.12-r0 or higher.\n## References\n- [openssl-security@openssl.org](http://www.openwall.com/lists/oss-security/2023/10/24/1)\n- [openssl-security@openssl.org](https://git.openssl.org/gitweb/?p=openssl.git;a=commitdiff;h=0df40630850fb2740e6be6890bb905d3fc623b2d)\n- [openssl-security@openssl.org](https://git.openssl.org/gitweb/?p=openssl.git;a=commitdiff;h=5f69f5c65e483928c4b28ed16af6e5742929f1ee)\n- [openssl-security@openssl.org](https://www.debian.org/security/2023/dsa-5532)\n- [openssl-security@openssl.org](https://www.openssl.org/news/secadv/20231024.txt)\n- [openssl-security@openssl.org](https://security.netapp.com/advisory/ntap-20231027-0010/)\n",
      "epssDetails": {
        "percentile": "0.28992",
        "probability": "0.00069",
        "modelVersion": "v2023.03.01"
      },
      "identifiers": {
        "CVE": [
          "CVE-2023-5363"
        ],
        "CWE": [],
        "ALTERNATIVE": []
      },
      "nvdSeverity": "high",
      "packageName": "openssl",
      "creationTime": "2023-10-25T02:58:04.970926Z",
      "disclosureTime": "2023-10-25T18:17:43.613000Z",
      "packageManager": "alpine:3.17",
      "publicationTime": "2023-10-25T02:58:04.943927Z",
      "modificationTime": "2023-11-11T13:37:17.315978Z",
      "socialTrendAlert": false,
      "relativeImportance": null,
      "severityWithCritical": "high",
      "from": [
        "docker-image|fluent/fluentd@edge",
        "openssl/libssl3@3.0.10-r0"
      ],
      "upgradePath": [
        false,
        "openssl/libssl3@3.0.12-r0"
      ],
      "isUpgradable": true,
      "isPatchable": false,
      "name": "openssl/libssl3",
      "version": "3.0.10-r0",
      "nearestFixedInVersion": "3.0.12-r0",
      "dockerfileInstruction": "apk add --no-cache ca-certificates ruby ruby-irb ruby-etc ruby-webrick tini",
      "dockerBaseImage": "fluent/fluentd:v1.16.3-1.0"
    },
    {
      "id": "SNYK-ALPINE317-OPENSSL-6032385",
      "cpes": [],
      "title": "CVE-2023-5363",
      "CVSSv3": "CVSS:3.1/AV:N/AC:L/PR:N/UI:N/S:U/C:H/I:N/A:N",
      "credit": [
        ""
      ],
      "semver": {
        "vulnerable": [
          "<3.0.12-r0"
        ]
      },
      "exploit": "Not Defined",
      "fixedIn": [
        "3.0.12-r0"
      ],
      "patches": [],
      "insights": {
        "triageAdvice": null
      },
      "language": "linux",
      "severity": "high",
      "cvssScore": 7.5,
      "malicious": false,
      "isDisputed": false,
      "references": [
        {
          "url": "http://www.openwall.com/lists/oss-security/2023/10/24/1",
          "title": "http://www.openwall.com/lists/oss-security/2023/10/24/1"
        },
        {
          "url": "https://git.openssl.org/gitweb/?p=openssl.git%3Ba=commitdiff%3Bh=0df40630850fb2740e6be6890bb905d3fc623b2d",
          "title": "https://git.openssl.org/gitweb/?p=openssl.git%3Ba=commitdiff%3Bh=0df40630850fb2740e6be6890bb905d3fc623b2d"
        },
        {
          "url": "https://git.openssl.org/gitweb/?p=openssl.git%3Ba=commitdiff%3Bh=5f69f5c65e483928c4b28ed16af6e5742929f1ee",
          "title": "https://git.openssl.org/gitweb/?p=openssl.git%3Ba=commitdiff%3Bh=5f69f5c65e483928c4b28ed16af6e5742929f1ee"
        },
        {
          "url": "https://www.debian.org/security/2023/dsa-5532",
          "title": "https://www.debian.org/security/2023/dsa-5532"
        },
        {
          "url": "https://www.openssl.org/news/secadv/20231024.txt",
          "title": "https://www.openssl.org/news/secadv/20231024.txt"
        },
        {
          "url": "https://security.netapp.com/advisory/ntap-20231027-0010/",
          "title": "https://security.netapp.com/advisory/ntap-20231027-0010/"
        }
      ],
      "cvssDetails": [
        {
          "assigner": "SUSE",
          "severity": "high",
          "cvssV3Vector": "CVSS:3.1/AV:N/AC:L/PR:N/UI:N/S:U/C:H/I:N/A:N",
          "cvssV3BaseScore": 7.5,
          "modificationTime": "2023-10-26T11:01:48.943152Z"
        },
        {
          "assigner": "NVD",
          "severity": "high",
          "cvssV3Vector": "CVSS:3.1/AV:N/AC:L/PR:N/UI:N/S:U/C:H/I:N/A:N",
          "cvssV3BaseScore": 7.5,
          "modificationTime": "2023-11-10T01:10:44.205650Z"
        },
        {
          "assigner": "Red Hat",
          "severity": "high",
          "cvssV3Vector": "CVSS:3.1/AV:N/AC:L/PR:N/UI:N/S:U/C:H/I:N/A:N",
          "cvssV3BaseScore": 7.5,
          "modificationTime": "2023-11-11T13:37:17.315978Z"
        }
      ],
      "description": "## NVD Description\n**_Note:_** _Versions mentioned in the description apply only to the upstream `openssl` package and not the `openssl` package as distributed by `Alpine`._\n_See `How to fix?` for `Alpine:3.17` relevant fixed versions and status._\n\nIssue summary: A bug has been identified in the processing of key and\ninitialisation vector (IV) lengths.  This can lead to potential truncation\nor overruns during the initialisation of some symmetric ciphers.\n\nImpact summary: A truncation in the IV can result in non-uniqueness,\nwhich could result in loss of confidentiality for some cipher modes.\n\nWhen calling EVP_EncryptInit_ex2(), EVP_DecryptInit_ex2() or\nEVP_CipherInit_ex2() the provided OSSL_PARAM array is processed after\nthe key and IV have been established.  Any alterations to the key length,\nvia the &#34;keylen&#34; parameter or the IV length, via the &#34;ivlen&#34; parameter,\nwithin the OSSL_PARAM array will not take effect as intended, potentially\ncausing truncation or overreading of these values.  The following ciphers\nand cipher modes are impacted: RC2, RC4, RC5, CCM, GCM and OCB.\n\nFor the CCM, GCM and OCB cipher modes, truncation of the IV can result in\nloss of confidentiality.  For example, when following NIST&#39;s SP 800-38D\nsection 8.2.1 guidance for constructing a deterministic IV for AES in\nGCM mode, truncation of the counter portion could lead to IV reuse.\n\nBoth truncations and overruns of the key and overruns of the IV will\nproduce incorrect results and could, in some cases, trigger a memory\nexception.  However, these issues are not currently assessed as security\ncritical.\n\nChanging the key and/or IV lengths is not considered to be a common operation\nand the vulnerable API was recently introduced. Furthermore it is likely that\napplication developers will have spotted this problem during testing since\ndecryption would fail unless both peers in the communication were similarly\nvulnerable. For these reasons we expect the probability of an application being\nvulnerable to this to be quite low. However if an application is vulnerable then\nthis issue is considered very serious. For these reasons we have assessed this\nissue as Moderate severity overall.\n\nThe OpenSSL SSL/TLS implementation is not affected by this issue.\n\nThe OpenSSL 3.0 and 3.1 FIPS providers are not affected by this because\nthe issue lies outside of the FIPS provider boundary.\n\nOpenSSL 3.1 and 3.0 are vulnerable to this issue.\n## Remediation\nUpgrade `Alpine:3.17` `openssl` to version 3.0.12-r0 or higher.\n## References\n- [openssl-security@openssl.org](http://www.openwall.com/lists/oss-security/2023/10/24/1)\n- [openssl-security@openssl.org](https://git.openssl.org/gitweb/?p=openssl.git;a=commitdiff;h=0df40630850fb2740e6be6890bb905d3fc623b2d)\n- [openssl-security@openssl.org](https://git.openssl.org/gitweb/?p=openssl.git;a=commitdiff;h=5f69f5c65e483928c4b28ed16af6e5742929f1ee)\n- [openssl-security@openssl.org](https://www.debian.org/security/2023/dsa-5532)\n- [openssl-security@openssl.org](https://www.openssl.org/news/secadv/20231024.txt)\n- [openssl-security@openssl.org](https://security.netapp.com/advisory/ntap-20231027-0010/)\n",
      "epssDetails": {
        "percentile": "0.28992",
        "probability": "0.00069",
        "modelVersion": "v2023.03.01"
      },
      "identifiers": {
        "CVE": [
          "CVE-2023-5363"
        ],
        "CWE": [],
        "ALTERNATIVE": []
      },
      "nvdSeverity": "high",
      "packageName": "openssl",
      "creationTime": "2023-10-25T02:58:04.970926Z",
      "disclosureTime": "2023-10-25T18:17:43.613000Z",
      "packageManager": "alpine:3.17",
      "publicationTime": "2023-10-25T02:58:04.943927Z",
      "modificationTime": "2023-11-11T13:37:17.315978Z",
      "socialTrendAlert": false,
      "relativeImportance": null,
      "severityWithCritical": "high",
      "from": [
        "docker-image|fluent/fluentd@edge",
        "apk-tools/apk-tools@2.12.10-r1",
        "openssl/libssl3@3.0.10-r0"
      ],
      "upgradePath": [],
      "isUpgradable": false,
      "isPatchable": false,
      "name": "openssl/libssl3",
      "version": "3.0.10-r0",
      "nearestFixedInVersion": "3.0.12-r0",
      "dockerfileInstruction": "apk add --no-cache ca-certificates ruby ruby-irb ruby-etc ruby-webrick tini",
      "dockerBaseImage": "fluent/fluentd:v1.16.3-1.0"
    },
    {
      "id": "SNYK-ALPINE317-OPENSSL-6032385",
      "cpes": [],
      "title": "CVE-2023-5363",
      "CVSSv3": "CVSS:3.1/AV:N/AC:L/PR:N/UI:N/S:U/C:H/I:N/A:N",
      "credit": [
        ""
      ],
      "semver": {
        "vulnerable": [
          "<3.0.12-r0"
        ]
      },
      "exploit": "Not Defined",
      "fixedIn": [
        "3.0.12-r0"
      ],
      "patches": [],
      "insights": {
        "triageAdvice": null
      },
      "language": "linux",
      "severity": "high",
      "cvssScore": 7.5,
      "malicious": false,
      "isDisputed": false,
      "references": [
        {
          "url": "http://www.openwall.com/lists/oss-security/2023/10/24/1",
          "title": "http://www.openwall.com/lists/oss-security/2023/10/24/1"
        },
        {
          "url": "https://git.openssl.org/gitweb/?p=openssl.git%3Ba=commitdiff%3Bh=0df40630850fb2740e6be6890bb905d3fc623b2d",
          "title": "https://git.openssl.org/gitweb/?p=openssl.git%3Ba=commitdiff%3Bh=0df40630850fb2740e6be6890bb905d3fc623b2d"
        },
        {
          "url": "https://git.openssl.org/gitweb/?p=openssl.git%3Ba=commitdiff%3Bh=5f69f5c65e483928c4b28ed16af6e5742929f1ee",
          "title": "https://git.openssl.org/gitweb/?p=openssl.git%3Ba=commitdiff%3Bh=5f69f5c65e483928c4b28ed16af6e5742929f1ee"
        },
        {
          "url": "https://www.debian.org/security/2023/dsa-5532",
          "title": "https://www.debian.org/security/2023/dsa-5532"
        },
        {
          "url": "https://www.openssl.org/news/secadv/20231024.txt",
          "title": "https://www.openssl.org/news/secadv/20231024.txt"
        },
        {
          "url": "https://security.netapp.com/advisory/ntap-20231027-0010/",
          "title": "https://security.netapp.com/advisory/ntap-20231027-0010/"
        }
      ],
      "cvssDetails": [
        {
          "assigner": "SUSE",
          "severity": "high",
          "cvssV3Vector": "CVSS:3.1/AV:N/AC:L/PR:N/UI:N/S:U/C:H/I:N/A:N",
          "cvssV3BaseScore": 7.5,
          "modificationTime": "2023-10-26T11:01:48.943152Z"
        },
        {
          "assigner": "NVD",
          "severity": "high",
          "cvssV3Vector": "CVSS:3.1/AV:N/AC:L/PR:N/UI:N/S:U/C:H/I:N/A:N",
          "cvssV3BaseScore": 7.5,
          "modificationTime": "2023-11-10T01:10:44.205650Z"
        },
        {
          "assigner": "Red Hat",
          "severity": "high",
          "cvssV3Vector": "CVSS:3.1/AV:N/AC:L/PR:N/UI:N/S:U/C:H/I:N/A:N",
          "cvssV3BaseScore": 7.5,
          "modificationTime": "2023-11-11T13:37:17.315978Z"
        }
      ],
      "description": "## NVD Description\n**_Note:_** _Versions mentioned in the description apply only to the upstream `openssl` package and not the `openssl` package as distributed by `Alpine`._\n_See `How to fix?` for `Alpine:3.17` relevant fixed versions and status._\n\nIssue summary: A bug has been identified in the processing of key and\ninitialisation vector (IV) lengths.  This can lead to potential truncation\nor overruns during the initialisation of some symmetric ciphers.\n\nImpact summary: A truncation in the IV can result in non-uniqueness,\nwhich could result in loss of confidentiality for some cipher modes.\n\nWhen calling EVP_EncryptInit_ex2(), EVP_DecryptInit_ex2() or\nEVP_CipherInit_ex2() the provided OSSL_PARAM array is processed after\nthe key and IV have been established.  Any alterations to the key length,\nvia the &#34;keylen&#34; parameter or the IV length, via the &#34;ivlen&#34; parameter,\nwithin the OSSL_PARAM array will not take effect as intended, potentially\ncausing truncation or overreading of these values.  The following ciphers\nand cipher modes are impacted: RC2, RC4, RC5, CCM, GCM and OCB.\n\nFor the CCM, GCM and OCB cipher modes, truncation of the IV can result in\nloss of confidentiality.  For example, when following NIST&#39;s SP 800-38D\nsection 8.2.1 guidance for constructing a deterministic IV for AES in\nGCM mode, truncation of the counter portion could lead to IV reuse.\n\nBoth truncations and overruns of the key and overruns of the IV will\nproduce incorrect results and could, in some cases, trigger a memory\nexception.  However, these issues are not currently assessed as security\ncritical.\n\nChanging the key and/or IV lengths is not considered to be a common operation\nand the vulnerable API was recently introduced. Furthermore it is likely that\napplication developers will have spotted this problem during testing since\ndecryption would fail unless both peers in the communication were similarly\nvulnerable. For these reasons we expect the probability of an application being\nvulnerable to this to be quite low. However if an application is vulnerable then\nthis issue is considered very serious. For these reasons we have assessed this\nissue as Moderate severity overall.\n\nThe OpenSSL SSL/TLS implementation is not affected by this issue.\n\nThe OpenSSL 3.0 and 3.1 FIPS providers are not affected by this because\nthe issue lies outside of the FIPS provider boundary.\n\nOpenSSL 3.1 and 3.0 are vulnerable to this issue.\n## Remediation\nUpgrade `Alpine:3.17` `openssl` to version 3.0.12-r0 or higher.\n## References\n- [openssl-security@openssl.org](http://www.openwall.com/lists/oss-security/2023/10/24/1)\n- [openssl-security@openssl.org](https://git.openssl.org/gitweb/?p=openssl.git;a=commitdiff;h=0df40630850fb2740e6be6890bb905d3fc623b2d)\n- [openssl-security@openssl.org](https://git.openssl.org/gitweb/?p=openssl.git;a=commitdiff;h=5f69f5c65e483928c4b28ed16af6e5742929f1ee)\n- [openssl-security@openssl.org](https://www.debian.org/security/2023/dsa-5532)\n- [openssl-security@openssl.org](https://www.openssl.org/news/secadv/20231024.txt)\n- [openssl-security@openssl.org](https://security.netapp.com/advisory/ntap-20231027-0010/)\n",
      "epssDetails": {
        "percentile": "0.28992",
        "probability": "0.00069",
        "modelVersion": "v2023.03.01"
      },
      "identifiers": {
        "CVE": [
          "CVE-2023-5363"
        ],
        "CWE": [],
        "ALTERNATIVE": []
      },
      "nvdSeverity": "high",
      "packageName": "openssl",
      "creationTime": "2023-10-25T02:58:04.970926Z",
      "disclosureTime": "2023-10-25T18:17:43.613000Z",
      "packageManager": "alpine:3.17",
      "publicationTime": "2023-10-25T02:58:04.943927Z",
      "modificationTime": "2023-11-11T13:37:17.315978Z",
      "socialTrendAlert": false,
      "relativeImportance": null,
      "severityWithCritical": "high",
      "from": [
        "docker-image|fluent/fluentd@edge",
        "busybox/ssl_client@1.35.0-r29",
        "openssl/libssl3@3.0.10-r0"
      ],
      "upgradePath": [],
      "isUpgradable": false,
      "isPatchable": false,
      "name": "openssl/libssl3",
      "version": "3.0.10-r0",
      "nearestFixedInVersion": "3.0.12-r0",
      "dockerfileInstruction": "apk add --no-cache ca-certificates ruby ruby-irb ruby-etc ruby-webrick tini",
      "dockerBaseImage": "fluent/fluentd:v1.16.3-1.0"
    },
    {
      "id": "SNYK-ALPINE317-OPENSSL-6032385",
      "cpes": [],
      "title": "CVE-2023-5363",
      "CVSSv3": "CVSS:3.1/AV:N/AC:L/PR:N/UI:N/S:U/C:H/I:N/A:N",
      "credit": [
        ""
      ],
      "semver": {
        "vulnerable": [
          "<3.0.12-r0"
        ]
      },
      "exploit": "Not Defined",
      "fixedIn": [
        "3.0.12-r0"
      ],
      "patches": [],
      "insights": {
        "triageAdvice": null
      },
      "language": "linux",
      "severity": "high",
      "cvssScore": 7.5,
      "malicious": false,
      "isDisputed": false,
      "references": [
        {
          "url": "http://www.openwall.com/lists/oss-security/2023/10/24/1",
          "title": "http://www.openwall.com/lists/oss-security/2023/10/24/1"
        },
        {
          "url": "https://git.openssl.org/gitweb/?p=openssl.git%3Ba=commitdiff%3Bh=0df40630850fb2740e6be6890bb905d3fc623b2d",
          "title": "https://git.openssl.org/gitweb/?p=openssl.git%3Ba=commitdiff%3Bh=0df40630850fb2740e6be6890bb905d3fc623b2d"
        },
        {
          "url": "https://git.openssl.org/gitweb/?p=openssl.git%3Ba=commitdiff%3Bh=5f69f5c65e483928c4b28ed16af6e5742929f1ee",
          "title": "https://git.openssl.org/gitweb/?p=openssl.git%3Ba=commitdiff%3Bh=5f69f5c65e483928c4b28ed16af6e5742929f1ee"
        },
        {
          "url": "https://www.debian.org/security/2023/dsa-5532",
          "title": "https://www.debian.org/security/2023/dsa-5532"
        },
        {
          "url": "https://www.openssl.org/news/secadv/20231024.txt",
          "title": "https://www.openssl.org/news/secadv/20231024.txt"
        },
        {
          "url": "https://security.netapp.com/advisory/ntap-20231027-0010/",
          "title": "https://security.netapp.com/advisory/ntap-20231027-0010/"
        }
      ],
      "cvssDetails": [
        {
          "assigner": "SUSE",
          "severity": "high",
          "cvssV3Vector": "CVSS:3.1/AV:N/AC:L/PR:N/UI:N/S:U/C:H/I:N/A:N",
          "cvssV3BaseScore": 7.5,
          "modificationTime": "2023-10-26T11:01:48.943152Z"
        },
        {
          "assigner": "NVD",
          "severity": "high",
          "cvssV3Vector": "CVSS:3.1/AV:N/AC:L/PR:N/UI:N/S:U/C:H/I:N/A:N",
          "cvssV3BaseScore": 7.5,
          "modificationTime": "2023-11-10T01:10:44.205650Z"
        },
        {
          "assigner": "Red Hat",
          "severity": "high",
          "cvssV3Vector": "CVSS:3.1/AV:N/AC:L/PR:N/UI:N/S:U/C:H/I:N/A:N",
          "cvssV3BaseScore": 7.5,
          "modificationTime": "2023-11-11T13:37:17.315978Z"
        }
      ],
      "description": "## NVD Description\n**_Note:_** _Versions mentioned in the description apply only to the upstream `openssl` package and not the `openssl` package as distributed by `Alpine`._\n_See `How to fix?` for `Alpine:3.17` relevant fixed versions and status._\n\nIssue summary: A bug has been identified in the processing of key and\ninitialisation vector (IV) lengths.  This can lead to potential truncation\nor overruns during the initialisation of some symmetric ciphers.\n\nImpact summary: A truncation in the IV can result in non-uniqueness,\nwhich could result in loss of confidentiality for some cipher modes.\n\nWhen calling EVP_EncryptInit_ex2(), EVP_DecryptInit_ex2() or\nEVP_CipherInit_ex2() the provided OSSL_PARAM array is processed after\nthe key and IV have been established.  Any alterations to the key length,\nvia the &#34;keylen&#34; parameter or the IV length, via the &#34;ivlen&#34; parameter,\nwithin the OSSL_PARAM array will not take effect as intended, potentially\ncausing truncation or overreading of these values.  The following ciphers\nand cipher modes are impacted: RC2, RC4, RC5, CCM, GCM and OCB.\n\nFor the CCM, GCM and OCB cipher modes, truncation of the IV can result in\nloss of confidentiality.  For example, when following NIST&#39;s SP 800-38D\nsection 8.2.1 guidance for constructing a deterministic IV for AES in\nGCM mode, truncation of the counter portion could lead to IV reuse.\n\nBoth truncations and overruns of the key and overruns of the IV will\nproduce incorrect results and could, in some cases, trigger a memory\nexception.  However, these issues are not currently assessed as security\ncritical.\n\nChanging the key and/or IV lengths is not considered to be a common operation\nand the vulnerable API was recently introduced. Furthermore it is likely that\napplication developers will have spotted this problem during testing since\ndecryption would fail unless both peers in the communication were similarly\nvulnerable. For these reasons we expect the probability of an application being\nvulnerable to this to be quite low. However if an application is vulnerable then\nthis issue is considered very serious. For these reasons we have assessed this\nissue as Moderate severity overall.\n\nThe OpenSSL SSL/TLS implementation is not affected by this issue.\n\nThe OpenSSL 3.0 and 3.1 FIPS providers are not affected by this because\nthe issue lies outside of the FIPS provider boundary.\n\nOpenSSL 3.1 and 3.0 are vulnerable to this issue.\n## Remediation\nUpgrade `Alpine:3.17` `openssl` to version 3.0.12-r0 or higher.\n## References\n- [openssl-security@openssl.org](http://www.openwall.com/lists/oss-security/2023/10/24/1)\n- [openssl-security@openssl.org](https://git.openssl.org/gitweb/?p=openssl.git;a=commitdiff;h=0df40630850fb2740e6be6890bb905d3fc623b2d)\n- [openssl-security@openssl.org](https://git.openssl.org/gitweb/?p=openssl.git;a=commitdiff;h=5f69f5c65e483928c4b28ed16af6e5742929f1ee)\n- [openssl-security@openssl.org](https://www.debian.org/security/2023/dsa-5532)\n- [openssl-security@openssl.org](https://www.openssl.org/news/secadv/20231024.txt)\n- [openssl-security@openssl.org](https://security.netapp.com/advisory/ntap-20231027-0010/)\n",
      "epssDetails": {
        "percentile": "0.28992",
        "probability": "0.00069",
        "modelVersion": "v2023.03.01"
      },
      "identifiers": {
        "CVE": [
          "CVE-2023-5363"
        ],
        "CWE": [],
        "ALTERNATIVE": []
      },
      "nvdSeverity": "high",
      "packageName": "openssl",
      "creationTime": "2023-10-25T02:58:04.970926Z",
      "disclosureTime": "2023-10-25T18:17:43.613000Z",
      "packageManager": "alpine:3.17",
      "publicationTime": "2023-10-25T02:58:04.943927Z",
      "modificationTime": "2023-11-11T13:37:17.315978Z",
      "socialTrendAlert": false,
      "relativeImportance": null,
      "severityWithCritical": "high",
      "from": [
        "docker-image|fluent/fluentd@edge",
        "ruby/ruby-libs@3.1.4-r0",
        "openssl/libssl3@3.0.10-r0"
      ],
      "upgradePath": [],
      "isUpgradable": false,
      "isPatchable": false,
      "name": "openssl/libssl3",
      "version": "3.0.10-r0",
      "nearestFixedInVersion": "3.0.12-r0",
      "dockerfileInstruction": "apk add --no-cache ca-certificates ruby ruby-irb ruby-etc ruby-webrick tini",
      "dockerBaseImage": "fluent/fluentd:v1.16.3-1.0"
    }
  ],
  "ok": false,
  "dependencyCount": 27,
  "org": "intman32",
  "policy": "# Snyk (https://snyk.io) policy file, patches or ignores known vulnerabilities.\nversion: v1.25.1\nignore: {}\npatch: {}\n",
  "isPrivate": true,
  "licensesPolicy": {
    "severities": {},
    "orgLicenseRules": {
      "AGPL-1.0": {
        "licenseType": "AGPL-1.0",
        "severity": "high",
        "instructions": ""
      },
      "AGPL-3.0": {
        "licenseType": "AGPL-3.0",
        "severity": "high",
        "instructions": ""
      },
      "Artistic-1.0": {
        "licenseType": "Artistic-1.0",
        "severity": "medium",
        "instructions": ""
      },
      "Artistic-2.0": {
        "licenseType": "Artistic-2.0",
        "severity": "medium",
        "instructions": ""
      },
      "CDDL-1.0": {
        "licenseType": "CDDL-1.0",
        "severity": "medium",
        "instructions": ""
      },
      "CPOL-1.02": {
        "licenseType": "CPOL-1.02",
        "severity": "high",
        "instructions": ""
      },
      "EPL-1.0": {
        "licenseType": "EPL-1.0",
        "severity": "medium",
        "instructions": ""
      },
      "GPL-2.0": {
        "licenseType": "GPL-2.0",
        "severity": "high",
        "instructions": ""
      },
      "GPL-3.0": {
        "licenseType": "GPL-3.0",
        "severity": "high",
        "instructions": ""
      },
      "LGPL-2.0": {
        "licenseType": "LGPL-2.0",
        "severity": "medium",
        "instructions": ""
      },
      "LGPL-2.1": {
        "licenseType": "LGPL-2.1",
        "severity": "medium",
        "instructions": ""
      },
      "LGPL-3.0": {
        "licenseType": "LGPL-3.0",
        "severity": "medium",
        "instructions": ""
      },
      "MPL-1.1": {
        "licenseType": "MPL-1.1",
        "severity": "medium",
        "instructions": ""
      },
      "MPL-2.0": {
        "licenseType": "MPL-2.0",
        "severity": "medium",
        "instructions": ""
      },
      "MS-RL": {
        "licenseType": "MS-RL",
        "severity": "medium",
        "instructions": ""
      },
      "SimPL-2.0": {
        "licenseType": "SimPL-2.0",
        "severity": "high",
        "instructions": ""
      }
    }
  },
  "packageManager": "apk",
  "ignoreSettings": {
    "adminOnly": false,
    "reasonRequired": false,
    "disregardFilesystemIgnores": false
  },
  "docker": {
    "baseImage": "fluent/fluentd:v1.16.3-1.0",
    "baseImageRemediation": {
      "code": "NO_REMEDIATION_AVAILABLE",
      "advice": [
        {
          "message": "According to our scan, you are currently using the most secure version of the selected base image",
          "bold": true
        }
      ]
    },
    "binariesVulns": {
      "issuesData": {},
      "affectedPkgs": {}
    }
  },
  "summary": "10 vulnerable dependency paths",
  "filesystemPolicy": false,
  "filtered": {
    "ignore": [],
    "patch": []
  },
  "uniqueCount": 1,
  "projectName": "docker-image|fluent/fluentd",
  "platform": "linux/amd64",
  "hasUnknownVersions": false,
  "path": "fluent/fluentd:edge/fluentd"
}
