[
    {
        "creator": 82803,
        "id": 15505396,
        "images": [
            {
                "architecture": "amd64",
                "features": "",
                "variant": null,
                "digest": "sha256:d5e312cc79fbcd4bb4bf6c302272e8a8ac100c35683ae16e1b1e075381acb4fb",
                "os": "linux",
                "os_features": "",
                "os_version": null,
                "size": 105023109,
                "status": "active",
                "last_pulled": "2024-01-20T04:00:06.789923Z",
                "last_pushed": null
            }
        ],
        "last_updated": "2019-04-30T21:33:57.656313Z",
        "last_updater": 82803,
        "last_updater_username": "wohali",
        "name": "1",
        "repository": 1680764,
        "full_size": 105023109,
        "v2": true,
        "tag_status": "active",
        "tag_last_pulled": "2024-01-20T04:00:06.789923Z",
        "tag_last_pushed": "2019-04-30T21:33:57.656313Z",
        "media_type": "application/vnd.docker.container.image.v1+json",
        "content_type": "image"
    },
    {
        "creator": 82803,
        "id": 15505412,
        "images": [
            {
                "architecture": "amd64",
                "features": "",
                "variant": null,
                "digest": "sha256:e4794f08773ba8e3ba5ef49f7df98a1cccca5ff7187486acdb0b6a18e05c3be4",
                "os": "linux",
                "os_features": "",
                "os_version": null,
                "size": 115592328,
                "status": "active",
                "last_pulled": "2024-01-19T21:24:42.089261Z",
                "last_pushed": null
            }
        ],
        "last_updated": "2019-04-30T21:34:34.431271Z",
        "last_updater": 82803,
        "last_updater_username": "wohali",
        "name": "1-couchperuser",
        "repository": 1680764,
        "full_size": 115592328,
        "v2": true,
        "tag_status": "active",
        "tag_last_pulled": "2024-01-19T21:24:42.089261Z",
        "tag_last_pushed": "2019-04-30T21:34:34.431271Z",
        "media_type": "application/vnd.docker.container.image.v1+json",
        "content_type": "image"
    },
    {
        "creator": 82803,
        "id": 17613457,
        "images": [
            {
                "architecture": "amd64",
                "features": "",
                "variant": null,
                "digest": "sha256:d5e312cc79fbcd4bb4bf6c302272e8a8ac100c35683ae16e1b1e075381acb4fb",
                "os": "linux",
                "os_features": "",
                "os_version": null,
                "size": 105023109,
                "status": "active",
                "last_pulled": "2024-01-20T04:00:06.789923Z",
                "last_pushed": null
            }
        ],
        "last_updated": "2019-04-30T21:33:54.319225Z",
        "last_updater": 82803,
        "last_updater_username": "wohali",
        "name": "1.7",
        "repository": 1680764,
        "full_size": 105023109,
        "v2": true,
        "tag_status": "active",
        "tag_last_pulled": "2024-01-20T04:00:06.789923Z",
        "tag_last_pushed": "2019-04-30T21:33:54.319225Z",
        "media_type": "application/vnd.docker.container.image.v1+json",
        "content_type": "image"
    },
    {
        "creator": 82803,
        "id": 17613500,
        "images": [
            {
                "architecture": "amd64",
                "features": "",
                "variant": null,
                "digest": "sha256:e4794f08773ba8e3ba5ef49f7df98a1cccca5ff7187486acdb0b6a18e05c3be4",
                "os": "linux",
                "os_features": "",
                "os_version": null,
                "size": 115592328,
                "status": "active",
                "last_pulled": "2024-01-19T21:24:42.089261Z",
                "last_pushed": null
            }
        ],
        "last_updated": "2019-04-30T21:34:31.145714Z",
        "last_updater": 82803,
        "last_updater_username": "wohali",
        "name": "1.7-couchperuser",
        "repository": 1680764,
        "full_size": 115592328,
        "v2": true,
        "tag_status": "active",
        "tag_last_pulled": "2024-01-19T21:24:42.089261Z",
        "tag_last_pushed": "2019-04-30T21:34:31.145714Z",
        "media_type": "application/vnd.docker.container.image.v1+json",
        "content_type": "image"
    },
    {
        "creator": 82803,
        "id": 30748575,
        "images": [
            {
                "architecture": "amd64",
                "features": "",
                "variant": null,
                "digest": "sha256:d5e312cc79fbcd4bb4bf6c302272e8a8ac100c35683ae16e1b1e075381acb4fb",
                "os": "linux",
                "os_features": "",
                "os_version": null,
                "size": 105023109,
                "status": "active",
                "last_pulled": "2024-01-20T04:00:06.789923Z",
                "last_pushed": null
            }
        ],
        "last_updated": "2019-04-30T21:32:53.284144Z",
        "last_updater": 82803,
        "last_updater_username": "wohali",
        "name": "1.7.2",
        "repository": 1680764,
        "full_size": 105023109,
        "v2": true,
        "tag_status": "active",
        "tag_last_pulled": "2024-01-20T04:00:06.789923Z",
        "tag_last_pushed": "2019-04-30T21:32:53.284144Z",
        "media_type": "application/vnd.docker.container.image.v1+json",
        "content_type": "image"
    },
    {
        "creator": 82803,
        "id": 30748992,
        "images": [
            {
                "architecture": "amd64",
                "features": "",
                "variant": null,
                "digest": "sha256:e4794f08773ba8e3ba5ef49f7df98a1cccca5ff7187486acdb0b6a18e05c3be4",
                "os": "linux",
                "os_features": "",
                "os_version": null,
                "size": 115592328,
                "status": "active",
                "last_pulled": "2024-01-19T21:24:42.089261Z",
                "last_pushed": null
            }
        ],
        "last_updated": "2019-04-30T21:33:27.731365Z",
        "last_updater": 82803,
        "last_updater_username": "wohali",
        "name": "1.7.2-couchperuser",
        "repository": 1680764,
        "full_size": 115592328,
        "v2": true,
        "tag_status": "active",
        "tag_last_pulled": "2024-01-19T21:24:42.089261Z",
        "tag_last_pushed": "2019-04-30T21:33:27.731365Z",
        "media_type": "application/vnd.docker.container.image.v1+json",
        "content_type": "image"
    },
    {
        "creator": 82803,
        "id": 15505374,
        "images": [
            {
                "architecture": "ppc64le",
                "features": "",
                "variant": null,
                "digest": "sha256:bb3dacabe0c307a45fc96cc8915ddb1d0cb285ccf0c65588a7acdc41dc054113",
                "os": "linux",
                "os_features": "",
                "os_version": null,
                "size": 81029538,
                "status": "active",
                "last_pulled": "2024-01-08T23:24:10.134674Z",
                "last_pushed": null
            },
            {
                "architecture": "arm64",
                "features": "",
                "variant": null,
                "digest": "sha256:376c305bd6c6b5378baba72b2a4c717a2c72cdf7b5b5e1d69497bb374fefb8bf",
                "os": "linux",
                "os_features": "",
                "os_version": null,
                "size": 76774296,
                "status": "active",
                "last_pulled": "2024-01-08T23:24:10.850448Z",
                "last_pushed": null
            },
            {
                "architecture": "amd64",
                "features": "",
                "variant": null,
                "digest": "sha256:e9f9f546b66ae834661d9841a09bc263b161214a8f6bfe3ea2be754431c16ecf",
                "os": "linux",
                "os_features": "",
                "os_version": null,
                "size": 82243901,
                "status": "active",
                "last_pulled": "2024-01-19T23:06:34.918862Z",
                "last_pushed": null
            }
        ],
        "last_updated": "2020-02-25T23:13:59.464548Z",
        "last_updater": 82803,
        "last_updater_username": "wohali",
        "name": "2",
        "repository": 1680764,
        "full_size": 76774296,
        "v2": true,
        "tag_status": "active",
        "tag_last_pulled": "2024-01-19T23:06:34.918862Z",
        "tag_last_pushed": "2020-02-25T23:13:59.464548Z",
        "media_type": "application/vnd.docker.distribution.manifest.list.v2+json",
        "content_type": "image"
    },
    {
        "creator": 82803,
        "id": 41632873,
        "images": [
            {
                "architecture": "ppc64le",
                "features": "",
                "variant": null,
                "digest": "sha256:e698bb3a9cb9b6c6162cbe2350ffdf132bb33a2db2fd5ab95f035fa5c2149194",
                "os": "linux",
                "os_features": "",
                "os_version": null,
                "size": 81029407,
                "status": "active",
                "last_pulled": "2024-01-08T23:24:11.492752Z",
                "last_pushed": null
            },
            {
                "architecture": "amd64",
                "features": "",
                "variant": null,
                "digest": "sha256:b773c9ee615bbc0427c521c5bec327f1a81cdfcf4afa74dfc2ffd11ee59a356e",
                "os": "linux",
                "os_features": "",
                "os_version": null,
                "size": 82243880,
                "status": "active",
                "last_pulled": "2024-01-20T08:59:37.027284Z",
                "last_pushed": null
            },
            {
                "architecture": "arm64",
                "features": "",
                "variant": null,
                "digest": "sha256:90fc5e725557186696477f5363459aacc08edeedf62d066693aefebc9ad6a116",
                "os": "linux",
                "os_features": "",
                "os_version": null,
                "size": 76774301,
                "status": "active",
                "last_pulled": "2024-01-19T15:19:45.897546Z",
                "last_pushed": null
            }
        ],
        "last_updated": "2020-02-25T23:07:08.362115Z",
        "last_updater": 82803,
        "last_updater_username": "wohali",
        "name": "2.3",
        "repository": 1680764,
        "full_size": 82243880,
        "v2": true,
        "tag_status": "active",
        "tag_last_pulled": "2024-01-20T08:59:37.027284Z",
        "tag_last_pushed": "2020-02-25T23:07:08.362115Z",
        "media_type": "application/vnd.docker.distribution.manifest.list.v2+json",
        "content_type": "image"
    },
    {
        "creator": 82803,
        "id": 49404609,
        "images": [
            {
                "architecture": "amd64",
                "features": "",
                "variant": null,
                "digest": "sha256:e489acfc5f01f4117fae00427b6eed671538fd54e6851176ab015e3fb5e1ca91",
                "os": "linux",
                "os_features": "",
                "os_version": null,
                "size": 83961620,
                "status": "active",
                "last_pulled": "2024-01-19T21:24:42.56359Z",
                "last_pushed": "2021-03-22T22:59:29.422331Z"
            },
            {
                "architecture": "arm64",
                "features": "",
                "variant": null,
                "digest": "sha256:5f5b3ca249c83043f404147c89fa96bc452370e8759b5fa6559730871e125339",
                "os": "linux",
                "os_features": "",
                "os_version": null,
                "size": 72379690,
                "status": "active",
                "last_pulled": "2024-01-08T23:24:09.974113Z",
                "last_pushed": "2021-03-22T22:59:29.655287Z"
            }
        ],
        "last_updated": "2021-03-22T22:59:29.940925Z",
        "last_updater": 82803,
        "last_updater_username": "wohali",
        "name": "2.3.1",
        "repository": 1680764,
        "full_size": 83961620,
        "v2": true,
        "tag_status": "active",
        "tag_last_pulled": "2024-01-19T21:24:42.56359Z",
        "tag_last_pushed": "2021-03-22T22:59:29.940925Z",
        "media_type": "application/vnd.docker.distribution.manifest.list.v2+json",
        "content_type": "image"
    },
    {
        "creator": 82803,
        "id": 98846332,
        "images": [
            {
                "architecture": "amd64",
                "features": "",
                "variant": null,
                "digest": "sha256:10ecc47217e4607f896cbc0e81321ae1a6cd0fef6e69a690a54aff4b574734c1",
                "os": "linux",
                "os_features": "",
                "os_version": null,
                "size": 79568169,
                "status": "active",
                "last_pulled": "2024-01-19T21:24:42.184787Z",
                "last_pushed": "2021-09-30T23:26:52.028228Z"
            },
            {
                "architecture": "arm64",
                "features": "",
                "variant": null,
                "digest": "sha256:69a4ad061871bc3edf95651994f598774e85f295df14072338b34162cab353cb",
                "os": "linux",
                "os_features": "",
                "os_version": null,
                "size": 74605076,
                "status": "active",
                "last_pulled": "2024-01-16T00:03:18.17887Z",
                "last_pushed": "2021-09-30T23:26:52.231763Z"
            }
        ],
        "last_updated": "2021-09-30T23:26:53.009013Z",
        "last_updater": 82803,
        "last_updater_username": "wohali",
        "name": "3.1",
        "repository": 1680764,
        "full_size": 79568169,
        "v2": true,
        "tag_status": "active",
        "tag_last_pulled": "2024-01-19T21:24:42.184787Z",
        "tag_last_pushed": "2021-09-30T23:26:53.009013Z",
        "media_type": "application/vnd.docker.distribution.manifest.list.v2+json",
        "content_type": "image"
    },
    {
        "creator": 82803,
        "id": 169857965,
        "images": [
            {
                "architecture": "amd64",
                "features": "",
                "variant": null,
                "digest": "sha256:d3cf69e90e8bc65049eee004937af408407872b83de5bc366154043888a924e0",
                "os": "linux",
                "os_features": "",
                "os_version": null,
                "size": 79568351,
                "status": "active",
                "last_pulled": "2024-01-18T21:24:38.976641Z",
                "last_pushed": "2021-09-30T23:02:42.923988Z"
            },
            {
                "architecture": "arm64",
                "features": "",
                "variant": null,
                "digest": "sha256:b01ab277be6c0d36fc793f20acaf9868b5212a1c389a42726e10d2c9f213ba85",
                "os": "linux",
                "os_features": "",
                "os_version": null,
                "size": 74604817,
                "status": "active",
                "last_pulled": "2024-01-08T23:24:08.48971Z",
                "last_pushed": "2021-09-30T23:02:43.110738Z"
            }
        ],
        "last_updated": "2021-09-30T23:02:43.324898Z",
        "last_updater": 82803,
        "last_updater_username": "wohali",
        "name": "3.1.2",
        "repository": 1680764,
        "full_size": 79568351,
        "v2": true,
        "tag_status": "active",
        "tag_last_pulled": "2024-01-18T21:24:38.976641Z",
        "tag_last_pushed": "2021-09-30T23:02:43.324898Z",
        "media_type": "application/vnd.docker.distribution.manifest.list.v2+json",
        "content_type": "image"
    },
    {
        "creator": 82803,
        "id": 171221764,
        "images": [
            {
                "architecture": "arm64",
                "features": "",
                "variant": null,
                "digest": "sha256:708b18c530de902e5cd090a471a619581b32e09c6af50257b0bdff9003e561e9",
                "os": "linux",
                "os_features": "",
                "os_version": null,
                "size": 75222279,
                "status": "active",
                "last_pulled": "2024-01-08T23:24:06.928187Z",
                "last_pushed": "2021-10-08T23:00:32.039192Z"
            },
            {
                "architecture": "amd64",
                "features": "",
                "variant": null,
                "digest": "sha256:3b8d6a619b01307e5c7121b5006ba156b3ffdfc5de630b8fd1ace57b39a68f40",
                "os": "linux",
                "os_features": "",
                "os_version": null,
                "size": 80123015,
                "status": "active",
                "last_pulled": "2024-01-19T21:24:42.44719Z",
                "last_pushed": "2021-10-08T23:00:31.87856Z"
            }
        ],
        "last_updated": "2021-10-08T23:00:32.24848Z",
        "last_updater": 82803,
        "last_updater_username": "wohali",
        "name": "3.2.0",
        "repository": 1680764,
        "full_size": 80123015,
        "v2": true,
        "tag_status": "active",
        "tag_last_pulled": "2024-01-19T21:24:42.44719Z",
        "tag_last_pushed": "2021-10-08T23:00:32.24848Z",
        "media_type": "application/vnd.docker.distribution.manifest.list.v2+json",
        "content_type": "image"
    },
    {
        "creator": 11798945,
        "id": 177253277,
        "images": [
            {
                "architecture": "amd64",
                "features": "",
                "variant": null,
                "digest": "sha256:09727197ccc7ecd841f6b58948d29183e8da40d562ec5d7660bf29fe91f43516",
                "os": "linux",
                "os_features": "",
                "os_version": null,
                "size": 87003165,
                "status": "active",
                "last_pulled": "2024-01-19T21:24:42.255265Z",
                "last_pushed": "2022-02-25T21:37:05.380803Z"
            },
            {
                "architecture": "arm64",
                "features": "",
                "variant": null,
                "digest": "sha256:009625fc5fbb7389e055eda49830667c891559d2e8cfeb390d6048b599d0eeed",
                "os": "linux",
                "os_features": "",
                "os_version": null,
                "size": 85590306,
                "status": "active",
                "last_pulled": "2024-01-15T02:18:01.002575Z",
                "last_pushed": "2022-02-25T21:37:05.167946Z"
            },
            {
                "architecture": "ppc64le",
                "features": "",
                "variant": null,
                "digest": "sha256:8610bb3ae9377f74deade23a330665c0afba1e8b477ba32c5502a105c3ac1845",
                "os": "linux",
                "os_features": "",
                "os_version": null,
                "size": 92722141,
                "status": "active",
                "last_pulled": "2024-01-08T23:24:06.488317Z",
                "last_pushed": "2022-02-25T21:37:05.627916Z"
            }
        ],
        "last_updated": "2022-02-25T21:37:05.942242Z",
        "last_updater": 698177,
        "last_updater_username": "kocolosk",
        "name": "3.2.1",
        "repository": 1680764,
        "full_size": 87003165,
        "v2": true,
        "tag_status": "active",
        "tag_last_pulled": "2024-01-19T21:24:42.255265Z",
        "tag_last_pushed": "2022-02-25T21:37:05.942242Z",
        "media_type": "application/vnd.docker.distribution.manifest.list.v2+json",
        "content_type": "image"
    }
]