[
    {
        "creator": 476692,
        "id": 66906409,
        "images": [
            {
                "architecture": "amd64",
                "features": "",
                "variant": null,
                "digest": "sha256:c43c30932487153c4218e5f5b350af186e75a1287ec3ad14cdf644cf25fb7368",
                "os": "linux",
                "os_features": "",
                "os_version": null,
                "size": 4927506,
                "status": "active",
                "last_pulled": "2024-01-20T07:53:31.065042Z",
                "last_pushed": null
            }
        ],
        "last_updated": "2019-08-27T10:36:05.475507Z",
        "last_updater": 476692,
        "last_updater_username": "jamesfuller",
        "name": "7.65.3",
        "repository": 7604338,
        "full_size": 4927506,
        "v2": true,
        "tag_status": "active",
        "tag_last_pulled": "2024-01-20T07:53:31.065042Z",
        "tag_last_pushed": "2019-08-27T10:36:05.475507Z",
        "media_type": "application/vnd.docker.container.image.v1+json",
        "content_type": "image"
    },
    {
        "creator": 476692,
        "id": 70909772,
        "images": [
            {
                "architecture": "amd64",
                "features": "",
                "variant": null,
                "digest": "sha256:82e356570d71e139af94ea21a15cd9eecda4f90516957d4ce12a274f3305c352",
                "os": "linux",
                "os_features": "",
                "os_version": null,
                "size": 4927942,
                "status": "active",
                "last_pulled": "2024-01-20T08:04:12.057873Z",
                "last_pushed": null
            }
        ],
        "last_updated": "2019-11-05T14:47:14.084501Z",
        "last_updater": 476692,
        "last_updater_username": "jamesfuller",
        "name": "7.66.0",
        "repository": 7604338,
        "full_size": 4927942,
        "v2": true,
        "tag_status": "active",
        "tag_last_pulled": "2024-01-20T08:04:12.057873Z",
        "tag_last_pushed": "2019-11-05T14:47:14.084501Z",
        "media_type": "application/vnd.docker.container.image.v1+json",
        "content_type": "image"
    },
    {
        "creator": 476692,
        "id": 75234979,
        "images": [
            {
                "architecture": "amd64",
                "features": "",
                "variant": null,
                "digest": "sha256:533cc13b5e395fd9203d68496603ed94fd01af959605523c770446986f38c874",
                "os": "linux",
                "os_features": "",
                "os_version": null,
                "size": 4887693,
                "status": "active",
                "last_pulled": "2024-01-20T07:59:07.269741Z",
                "last_pushed": null
            }
        ],
        "last_updated": "2019-11-27T11:04:45.323309Z",
        "last_updater": 476692,
        "last_updater_username": "jamesfuller",
        "name": "7.67.0",
        "repository": 7604338,
        "full_size": 4887693,
        "v2": true,
        "tag_status": "active",
        "tag_last_pulled": "2024-01-20T07:59:07.269741Z",
        "tag_last_pushed": "2019-11-27T11:04:45.323309Z",
        "media_type": "application/vnd.docker.container.image.v1+json",
        "content_type": "image"
    },
    {
        "creator": 476692,
        "id": 82030905,
        "images": [
            {
                "architecture": "amd64",
                "features": "",
                "variant": null,
                "digest": "sha256:99a8e9629b3ae26efb977e1a98f4786d6bd730c5ab4dea64632e297d7c3e7151",
                "os": "linux",
                "os_features": "",
                "os_version": null,
                "size": 4891043,
                "status": "active",
                "last_pulled": "2024-01-20T08:05:42.510427Z",
                "last_pushed": null
            }
        ],
        "last_updated": "2020-01-09T10:48:04.831386Z",
        "last_updater": 476692,
        "last_updater_username": "jamesfuller",
        "name": "7.68.0",
        "repository": 7604338,
        "full_size": 4891043,
        "v2": true,
        "tag_status": "active",
        "tag_last_pulled": "2024-01-20T08:05:42.510427Z",
        "tag_last_pushed": "2020-01-09T10:48:04.831386Z",
        "media_type": "application/vnd.docker.container.image.v1+json",
        "content_type": "image"
    },
    {
        "creator": 476692,
        "id": 89289992,
        "images": [
            {
                "architecture": "amd64",
                "features": "",
                "variant": null,
                "digest": "sha256:d845b6dd655da0e9ae0623065a35185f9b4438aa717fd1c9a3b89843e8b4ff26",
                "os": "linux",
                "os_features": "",
                "os_version": null,
                "size": 5019263,
                "status": "active",
                "last_pulled": "2024-01-20T08:20:42.057008Z",
                "last_pushed": null
            }
        ],
        "last_updated": "2020-03-04T13:42:19.116438Z",
        "last_updater": 476692,
        "last_updater_username": "jamesfuller",
        "name": "7.69.0",
        "repository": 7604338,
        "full_size": 5019263,
        "v2": true,
        "tag_status": "active",
        "tag_last_pulled": "2024-01-20T08:20:42.057008Z",
        "tag_last_pushed": "2020-03-04T13:42:19.116438Z",
        "media_type": "application/vnd.docker.container.image.v1+json",
        "content_type": "image"
    },
    {
        "creator": 476692,
        "id": 90160583,
        "images": [
            {
                "architecture": "amd64",
                "features": "",
                "variant": null,
                "digest": "sha256:aa45e9d93122a3cfdf8d7de272e2798ea63733eeee6d06bd2ee4f2f8c4027d7c",
                "os": "linux",
                "os_features": "",
                "os_version": null,
                "size": 5020188,
                "status": "active",
                "last_pulled": "2024-01-20T08:33:02.005029Z",
                "last_pushed": null
            }
        ],
        "last_updated": "2020-03-11T11:18:16.607808Z",
        "last_updater": 476692,
        "last_updater_username": "jamesfuller",
        "name": "7.69.1",
        "repository": 7604338,
        "full_size": 5020188,
        "v2": true,
        "tag_status": "active",
        "tag_last_pulled": "2024-01-20T08:33:02.005029Z",
        "tag_last_pushed": "2020-03-11T11:18:16.607808Z",
        "media_type": "application/vnd.docker.container.image.v1+json",
        "content_type": "image"
    },
    {
        "creator": 476692,
        "id": 97923446,
        "images": [
            {
                "architecture": "arm",
                "features": "",
                "variant": "v7",
                "digest": "sha256:559ef0b154897e0d882e88fd9889df36626f6fa06b5aff546d361444c2225539",
                "os": "linux",
                "os_features": "",
                "os_version": null,
                "size": 3156704,
                "status": "active",
                "last_pulled": "2024-01-19T21:35:31.096233Z",
                "last_pushed": null
            },
            {
                "architecture": "ppc64le",
                "features": "",
                "variant": null,
                "digest": "sha256:10a30ca7f16d0e3206727b0b1eb74f47d2ecbd73145e30a18ff7b055da8784e7",
                "os": "linux",
                "os_features": "",
                "os_version": null,
                "size": 3692065,
                "status": "active",
                "last_pulled": "2024-01-18T17:44:33.089969Z",
                "last_pushed": null
            },
            {
                "architecture": "amd64",
                "features": "",
                "variant": null,
                "digest": "sha256:100cf667062584b3a756ccff1d1cf45a9a14b891812c89112275dfb751bf3d62",
                "os": "linux",
                "os_features": "",
                "os_version": null,
                "size": 3620606,
                "status": "active",
                "last_pulled": "2024-01-20T08:01:01.795608Z",
                "last_pushed": null
            },
            {
                "architecture": "s390x",
                "features": "",
                "variant": null,
                "digest": "sha256:76ae9870699f6f0c039066cf74b140b2fe7e9934b2a33bd24c3a3c253bf44022",
                "os": "linux",
                "os_features": "",
                "os_version": null,
                "size": 3389157,
                "status": "active",
                "last_pulled": "2024-01-19T21:35:31.555769Z",
                "last_pushed": null
            },
            {
                "architecture": "arm64",
                "features": "",
                "variant": null,
                "digest": "sha256:f21d053b942d99dd5ce7329328c63ee4e6b4290abd16d98d6e460d4560a4eeb9",
                "os": "linux",
                "os_features": "",
                "os_version": null,
                "size": 3537288,
                "status": "active",
                "last_pulled": "2024-01-20T07:15:05.737921Z",
                "last_pushed": null
            },
            {
                "architecture": "386",
                "features": "",
                "variant": null,
                "digest": "sha256:4643760807987d54154af5767b0028861b1b279108af7f70bf820b948069c366",
                "os": "linux",
                "os_features": "",
                "os_version": null,
                "size": 3697288,
                "status": "active",
                "last_pulled": "2024-01-19T15:03:36.170512Z",
                "last_pushed": null
            }
        ],
        "last_updated": "2020-04-29T11:35:32.329158Z",
        "last_updater": 476692,
        "last_updater_username": "jamesfuller",
        "name": "7.70.0",
        "repository": 7604338,
        "full_size": 3156704,
        "v2": true,
        "tag_status": "active",
        "tag_last_pulled": "2024-01-20T08:01:01.795608Z",
        "tag_last_pushed": "2020-04-29T11:35:32.329158Z",
        "media_type": "application/vnd.docker.distribution.manifest.list.v2+json",
        "content_type": "image"
    },
    {
        "creator": 476692,
        "id": 106365370,
        "images": [
            {
                "architecture": "arm",
                "features": "",
                "variant": "v7",
                "digest": "sha256:1b4e6c55cbd0a8638d8535ce97f95c26300dd6f096cb4f8f2010326777c0a1ee",
                "os": "linux",
                "os_features": "",
                "os_version": null,
                "size": 4536998,
                "status": "active",
                "last_pulled": "2024-01-18T19:23:10.256403Z",
                "last_pushed": null
            },
            {
                "architecture": "amd64",
                "features": "",
                "variant": null,
                "digest": "sha256:11e8c8f5bcbbf1c9f5291cfd2ade0c1b4bef6c4ea236c9eaa590102ac33c0246",
                "os": "linux",
                "os_features": "",
                "os_version": null,
                "size": 5332822,
                "status": "active",
                "last_pulled": "2024-01-20T08:25:04.001842Z",
                "last_pushed": null
            },
            {
                "architecture": "s390x",
                "features": "",
                "variant": null,
                "digest": "sha256:7e62ee1f387037b7c7925865b536c0777bb9995b7df1624e03db13c116ea5d28",
                "os": "linux",
                "os_features": "",
                "os_version": null,
                "size": 4833260,
                "status": "active",
                "last_pulled": "2024-01-18T19:23:10.612818Z",
                "last_pushed": null
            },
            {
                "architecture": "386",
                "features": "",
                "variant": null,
                "digest": "sha256:35e211b1a6e11a66893080acde8fa5be3f4f29d3b5c76eb417c13a8d7d27f20c",
                "os": "linux",
                "os_features": "",
                "os_version": null,
                "size": 5423033,
                "status": "active",
                "last_pulled": "2024-01-18T19:23:10.670508Z",
                "last_pushed": null
            },
            {
                "architecture": "ppc64le",
                "features": "",
                "variant": null,
                "digest": "sha256:3ec0dc36a4700b43fd02c7a9b21b5b9ac460bae2163183402f11923d6350eb70",
                "os": "linux",
                "os_features": "",
                "os_version": null,
                "size": 5350101,
                "status": "active",
                "last_pulled": "2024-01-18T19:23:10.561753Z",
                "last_pushed": null
            },
            {
                "architecture": "arm64",
                "features": "",
                "variant": null,
                "digest": "sha256:23e3430fd50ebc9b5553f178c081b560f736421b7d2c20309a7772fc059ffc30",
                "os": "linux",
                "os_features": "",
                "os_version": null,
                "size": 5141343,
                "status": "active",
                "last_pulled": "2024-01-19T08:56:55.289812Z",
                "last_pushed": null
            }
        ],
        "last_updated": "2020-06-25T19:55:36.508136Z",
        "last_updater": 476692,
        "last_updater_username": "jamesfuller",
        "name": "7.71.0",
        "repository": 7604338,
        "full_size": 4536998,
        "v2": true,
        "tag_status": "active",
        "tag_last_pulled": "2024-01-20T08:25:04.001842Z",
        "tag_last_pushed": "2020-06-25T19:55:36.508136Z",
        "media_type": "application/vnd.docker.distribution.manifest.list.v2+json",
        "content_type": "image"
    },
    {
        "creator": 476692,
        "id": 108056715,
        "images": [
            {
                "architecture": "arm",
                "features": "",
                "variant": "v7",
                "digest": "sha256:a363c513fd921892f895b11b96da6be1e076760c83cc21350487693c11c5ee11",
                "os": "linux",
                "os_features": "",
                "os_version": null,
                "size": 4537382,
                "status": "active",
                "last_pulled": "2024-01-18T17:44:45.5768Z",
                "last_pushed": null
            },
            {
                "architecture": "386",
                "features": "",
                "variant": null,
                "digest": "sha256:56376deda5b593cfbebf370e8b244f73f5009238f5a2d3ed6045fd1ca0b9690d",
                "os": "linux",
                "os_features": "",
                "os_version": null,
                "size": 5423497,
                "status": "active",
                "last_pulled": "2024-01-20T00:47:51.665691Z",
                "last_pushed": null
            },
            {
                "architecture": "amd64",
                "features": "",
                "variant": null,
                "digest": "sha256:33c7803614e0ce13f27e1772a593db71eac626173a08e85c05a564afc29538ab",
                "os": "linux",
                "os_features": "",
                "os_version": null,
                "size": 5333236,
                "status": "active",
                "last_pulled": "2024-01-20T08:00:35.927157Z",
                "last_pushed": null
            },
            {
                "architecture": "ppc64le",
                "features": "",
                "variant": null,
                "digest": "sha256:25f1936e5076eb2e8dc8f20c20cb958d0c08f264eda97135141bd116537da613",
                "os": "linux",
                "os_features": "",
                "os_version": null,
                "size": 5350776,
                "status": "active",
                "last_pulled": "2024-01-18T17:44:48.763221Z",
                "last_pushed": null
            },
            {
                "architecture": "arm64",
                "features": "",
                "variant": null,
                "digest": "sha256:2c7d9c3b6207dfb28026d0f8e856f7b1729db6923cf1602a988ab8b8209cdde1",
                "os": "linux",
                "os_features": "",
                "os_version": null,
                "size": 5141462,
                "status": "active",
                "last_pulled": "2024-01-18T17:44:47.45341Z",
                "last_pushed": null
            },
            {
                "architecture": "s390x",
                "features": "",
                "variant": null,
                "digest": "sha256:3b9c4d371670608b79f72606e451de0f2941d947e197deb9f2abac86ab763209",
                "os": "linux",
                "os_features": "",
                "os_version": null,
                "size": 4833443,
                "status": "active",
                "last_pulled": "2024-01-18T17:44:49.780181Z",
                "last_pushed": null
            }
        ],
        "last_updated": "2020-07-10T12:26:29.993271Z",
        "last_updater": 476692,
        "last_updater_username": "jamesfuller",
        "name": "7.71.1",
        "repository": 7604338,
        "full_size": 4537382,
        "v2": true,
        "tag_status": "active",
        "tag_last_pulled": "2024-01-20T08:00:35.927157Z",
        "tag_last_pushed": "2020-07-10T12:26:29.993271Z",
        "media_type": "application/vnd.docker.distribution.manifest.list.v2+json",
        "content_type": "image"
    },
    {
        "creator": 476692,
        "id": 113924327,
        "images": [
            {
                "architecture": "arm",
                "features": "",
                "variant": "v7",
                "digest": "sha256:490db388070acf34b8919eae6fdfcbc88c8bde3f13366e92fdfff91c6c6cf193",
                "os": "linux",
                "os_features": "",
                "os_version": null,
                "size": 4537807,
                "status": "active",
                "last_pulled": "2024-01-20T07:49:25.022666Z",
                "last_pushed": null
            },
            {
                "architecture": "ppc64le",
                "features": "",
                "variant": null,
                "digest": "sha256:ca2a65245f8f86e33833024958c6ff438d4a8ad14b1a28365b9d5e0ea960b309",
                "os": "linux",
                "os_features": "",
                "os_version": null,
                "size": 5351829,
                "status": "active",
                "last_pulled": "2024-01-20T07:49:27.768022Z",
                "last_pushed": null
            },
            {
                "architecture": "386",
                "features": "",
                "variant": null,
                "digest": "sha256:09a37403492ba21d3270d24c5c336ca5175f1a7518c93ede0442eb6d24e9c390",
                "os": "linux",
                "os_features": "",
                "os_version": null,
                "size": 5424126,
                "status": "active",
                "last_pulled": "2024-01-20T07:49:29.703389Z",
                "last_pushed": null
            },
            {
                "architecture": "arm64",
                "features": "",
                "variant": null,
                "digest": "sha256:77b7e30b92107418e1aba552e7727d18f67901e0401deb58b1d8df27e9910cff",
                "os": "linux",
                "os_features": "",
                "os_version": null,
                "size": 5141872,
                "status": "active",
                "last_pulled": "2024-01-20T07:49:26.874531Z",
                "last_pushed": null
            },
            {
                "architecture": "amd64",
                "features": "",
                "variant": null,
                "digest": "sha256:3c3ff0c379abb1150bb586c7d55848ed4dcde4a6486b6f37d6815aed569332fe",
                "os": "linux",
                "os_features": "",
                "os_version": null,
                "size": 5333705,
                "status": "active",
                "last_pulled": "2024-01-20T08:43:04.142405Z",
                "last_pushed": null
            },
            {
                "architecture": "s390x",
                "features": "",
                "variant": null,
                "digest": "sha256:eabee8d039d4821c3661f3c947787dd2e0dbf77224377688c0e3d4ec2dadddb1",
                "os": "linux",
                "os_features": "",
                "os_version": null,
                "size": 4834070,
                "status": "active",
                "last_pulled": "2024-01-20T07:49:28.860657Z",
                "last_pushed": null
            }
        ],
        "last_updated": "2020-08-19T09:22:58.305532Z",
        "last_updater": 476692,
        "last_updater_username": "jamesfuller",
        "name": "7.72.0",
        "repository": 7604338,
        "full_size": 4537807,
        "v2": true,
        "tag_status": "active",
        "tag_last_pulled": "2024-01-20T08:43:04.142405Z",
        "tag_last_pushed": "2020-08-19T09:22:58.305532Z",
        "media_type": "application/vnd.docker.distribution.manifest.list.v2+json",
        "content_type": "image"
    },
    {
        "creator": 476692,
        "id": 121295182,
        "images": [
            {
                "architecture": "386",
                "features": "",
                "variant": null,
                "digest": "sha256:fe2e9a64f8a9c2099e691f44ae8d2ba4dacc04b25d3755a7b1b3be0df6f5df5f",
                "os": "linux",
                "os_features": "",
                "os_version": null,
                "size": 5435834,
                "status": "active",
                "last_pulled": "2024-01-20T05:10:42.173016Z",
                "last_pushed": "2020-10-14T07:38:43.734584Z"
            },
            {
                "architecture": "amd64",
                "features": "",
                "variant": null,
                "digest": "sha256:11ce038185e0ed9b95b13b6784b34d106dcde18ab92e1370a172d0dff38e33cc",
                "os": "linux",
                "os_features": "",
                "os_version": null,
                "size": 5345532,
                "status": "active",
                "last_pulled": "2024-01-20T07:55:25.138065Z",
                "last_pushed": "2020-10-14T07:38:37.412304Z"
            },
            {
                "architecture": "ppc64le",
                "features": "",
                "variant": null,
                "digest": "sha256:873b53e1d88a06c211816653467dbee73878e21f16fa381ae46a059fa6e974a7",
                "os": "linux",
                "os_features": "",
                "os_version": null,
                "size": 5363500,
                "status": "active",
                "last_pulled": "2024-01-20T05:10:40.319722Z",
                "last_pushed": "2020-10-14T07:38:35.977098Z"
            },
            {
                "architecture": "s390x",
                "features": "",
                "variant": null,
                "digest": "sha256:03a4393b18a7f955fcac4b55b1dcad9f794dac6a5f9948fe496797cbf18dd838",
                "os": "linux",
                "os_features": "",
                "os_version": null,
                "size": 4847162,
                "status": "active",
                "last_pulled": "2024-01-20T05:10:41.182176Z",
                "last_pushed": "2020-10-14T07:38:34.535165Z"
            },
            {
                "architecture": "arm",
                "features": "",
                "variant": "v7",
                "digest": "sha256:5c6599acf7ee8590c99f611bf30ce2cbb469075e921f69530f69e30af17f56c1",
                "os": "linux",
                "os_features": "",
                "os_version": null,
                "size": 4548631,
                "status": "active",
                "last_pulled": "2024-01-20T05:10:37.70138Z",
                "last_pushed": "2020-10-14T07:38:40.056513Z"
            },
            {
                "architecture": "arm64",
                "features": "",
                "variant": null,
                "digest": "sha256:067e0682263d42fe54760ae816dba9fc21061314ce908f485bef7c1352a9cacf",
                "os": "linux",
                "os_features": "",
                "os_version": null,
                "size": 5152837,
                "status": "active",
                "last_pulled": "2024-01-20T05:10:39.488691Z",
                "last_pushed": "2020-10-14T07:38:42.326754Z"
            }
        ],
        "last_updated": "2020-10-14T07:38:47.760888Z",
        "last_updater": 476692,
        "last_updater_username": "jamesfuller",
        "name": "7.73.0",
        "repository": 7604338,
        "full_size": 4548631,
        "v2": true,
        "tag_status": "active",
        "tag_last_pulled": "2024-01-20T07:55:25.138065Z",
        "tag_last_pushed": "2020-10-14T07:38:47.760888Z",
        "media_type": "application/vnd.docker.distribution.manifest.list.v2+json",
        "content_type": "image"
    },
    {
        "creator": 476692,
        "id": 129843251,
        "images": [
            {
                "architecture": "arm64",
                "features": "",
                "variant": null,
                "digest": "sha256:7b036ad82c20b722adf01c6f97a51cd3e1dfa9d83e52f2d2af3e527939264e07",
                "os": "linux",
                "os_features": "",
                "os_version": null,
                "size": 5581020,
                "status": "active",
                "last_pulled": "2024-01-19T22:41:35.078114Z",
                "last_pushed": "2020-12-13T06:44:20.435142Z"
            },
            {
                "architecture": "s390x",
                "features": "",
                "variant": null,
                "digest": "sha256:98cfcc5630a76b8463ea0daedf42de2aae724726bcd1e6fd6ffbd8e0ac844246",
                "os": "linux",
                "os_features": "",
                "os_version": null,
                "size": 5278922,
                "status": "active",
                "last_pulled": "2024-01-18T17:45:14.203488Z",
                "last_pushed": "2020-12-13T06:44:22.590245Z"
            },
            {
                "architecture": "ppc64le",
                "features": "",
                "variant": null,
                "digest": "sha256:df5cf23858a5efe8914c5b26be010d628a08afca6039313b8a911bd3bac1a159",
                "os": "linux",
                "os_features": "",
                "os_version": null,
                "size": 5792011,
                "status": "active",
                "last_pulled": "2024-01-18T17:45:13.334814Z",
                "last_pushed": "2020-12-13T06:44:21.114941Z"
            },
            {
                "architecture": "amd64",
                "features": "",
                "variant": null,
                "digest": "sha256:5594e102d5da87f8a3a6b16e5e9b0e40292b5404c12f9b6962fd6b056d2a4f82",
                "os": "linux",
                "os_features": "",
                "os_version": null,
                "size": 5767838,
                "status": "active",
                "last_pulled": "2024-01-20T08:05:01.035794Z",
                "last_pushed": "2020-12-13T06:44:24.024701Z"
            },
            {
                "architecture": "386",
                "features": "",
                "variant": null,
                "digest": "sha256:d11f5b690f54f9a38515ec2d341c12ae05a0abe16ed858e95e1215e4266f0c62",
                "os": "linux",
                "os_features": "",
                "os_version": null,
                "size": 5841687,
                "status": "active",
                "last_pulled": "2024-01-20T01:03:23.424825Z",
                "last_pushed": "2020-12-13T06:44:21.686622Z"
            },
            {
                "architecture": "arm",
                "features": "",
                "variant": "v7",
                "digest": "sha256:6d8857f9486bf75c137b2064800d46b56142d565e2a8643de21150c0c774ae84",
                "os": "linux",
                "os_features": "",
                "os_version": null,
                "size": 4940330,
                "status": "active",
                "last_pulled": "2024-01-18T17:45:09.939316Z",
                "last_pushed": "2020-12-13T06:44:23.301478Z"
            }
        ],
        "last_updated": "2020-12-13T06:44:24.895362Z",
        "last_updater": 476692,
        "last_updater_username": "jamesfuller",
        "name": "7.74.0",
        "repository": 7604338,
        "full_size": 4940330,
        "v2": true,
        "tag_status": "active",
        "tag_last_pulled": "2024-01-20T08:05:01.035794Z",
        "tag_last_pushed": "2020-12-13T06:44:24.895362Z",
        "media_type": "application/vnd.docker.distribution.manifest.list.v2+json",
        "content_type": "image"
    },
    {
        "creator": 476692,
        "id": 135914982,
        "images": [
            {
                "architecture": "s390x",
                "features": "",
                "variant": null,
                "digest": "sha256:83f6dea95215cc6b58a11a5df9713bc70fd2ba1ffc1cfba4c8fbd1ab85af8ec4",
                "os": "linux",
                "os_features": "",
                "os_version": null,
                "size": 3747248,
                "status": "active",
                "last_pulled": "2024-01-20T05:10:47.301838Z",
                "last_pushed": "2021-02-03T10:54:53.558679Z"
            },
            {
                "architecture": "arm64",
                "features": "",
                "variant": null,
                "digest": "sha256:0af91247bd45b3e81f95ad919022de2043f182e86df4969a804eb1122fe65bdb",
                "os": "linux",
                "os_features": "",
                "os_version": null,
                "size": 3887460,
                "status": "active",
                "last_pulled": "2024-01-20T08:30:05.191265Z",
                "last_pushed": "2021-02-03T10:54:55.184144Z"
            },
            {
                "architecture": "amd64",
                "features": "",
                "variant": null,
                "digest": "sha256:22d7ea0313c66f424e77cf82171520ff68a8d058119de1760139e7cc256a4f79",
                "os": "linux",
                "os_features": "",
                "os_version": null,
                "size": 3978091,
                "status": "active",
                "last_pulled": "2024-01-20T08:39:52.69993Z",
                "last_pushed": "2021-02-03T10:54:55.682668Z"
            },
            {
                "architecture": "386",
                "features": "",
                "variant": null,
                "digest": "sha256:48eda19eff3e1dfa184cad0713427b6a242a2b6f58e6bcd62679283073eae03e",
                "os": "linux",
                "os_features": "",
                "os_version": null,
                "size": 4050039,
                "status": "active",
                "last_pulled": "2024-01-20T05:10:48.28853Z",
                "last_pushed": "2021-02-03T10:54:56.528401Z"
            },
            {
                "architecture": "ppc64le",
                "features": "",
                "variant": null,
                "digest": "sha256:0d1e5e16a3e70541e391b301d7a2309a3c60ebd531c45311b7776a7e02a266e9",
                "os": "linux",
                "os_features": "",
                "os_version": null,
                "size": 4050132,
                "status": "active",
                "last_pulled": "2024-01-20T05:10:46.378539Z",
                "last_pushed": "2021-02-03T10:54:54.704622Z"
            },
            {
                "architecture": "arm",
                "features": "",
                "variant": "v7",
                "digest": "sha256:97b777b4f323aa0b36ba186c0d5bc445c4056df6914fec4d238182a7629d9578",
                "os": "linux",
                "os_features": "",
                "os_version": null,
                "size": 3491932,
                "status": "active",
                "last_pulled": "2024-01-20T05:10:43.931079Z",
                "last_pushed": "2021-02-03T10:54:56.093662Z"
            }
        ],
        "last_updated": "2021-02-03T10:54:57.053732Z",
        "last_updater": 476692,
        "last_updater_username": "jamesfuller",
        "name": "7.75.0",
        "repository": 7604338,
        "full_size": 3491932,
        "v2": true,
        "tag_status": "active",
        "tag_last_pulled": "2024-01-20T08:39:52.69993Z",
        "tag_last_pushed": "2021-02-03T10:54:57.053732Z",
        "media_type": "application/vnd.docker.distribution.manifest.list.v2+json",
        "content_type": "image"
    },
    {
        "creator": 476692,
        "id": 143717850,
        "images": [
            {
                "architecture": "arm64",
                "features": "",
                "variant": null,
                "digest": "sha256:bddbb21c5219fdc31234664dc73a7f1fece86750d8f816979d71db1baa5d6e1e",
                "os": "linux",
                "os_features": "",
                "os_version": null,
                "size": 3891001,
                "status": "active",
                "last_pulled": "2024-01-19T15:18:14.090937Z",
                "last_pushed": "2021-03-31T08:19:35.415094Z"
            },
            {
                "architecture": "ppc64le",
                "features": "",
                "variant": null,
                "digest": "sha256:9ed6cbdf4f4f9d71b314a755ab9a9682099d5fa1c803db6b075c0d0b4f477877",
                "os": "linux",
                "os_features": "",
                "os_version": null,
                "size": 4052752,
                "status": "active",
                "last_pulled": "2024-01-18T17:45:29.244469Z",
                "last_pushed": "2021-03-31T08:19:33.794448Z"
            },
            {
                "architecture": "amd64",
                "features": "",
                "variant": null,
                "digest": "sha256:eba6932609babc097c5c26c5b738a3fa6b43c7e0d5e4a5e32956e2c2e7f5acd1",
                "os": "linux",
                "os_features": "",
                "os_version": null,
                "size": 3981251,
                "status": "active",
                "last_pulled": "2024-01-20T08:00:11.861021Z",
                "last_pushed": "2021-03-31T08:19:34.184999Z"
            },
            {
                "architecture": "s390x",
                "features": "",
                "variant": null,
                "digest": "sha256:da23673d46941e4e7de4c5905e20a740cedf9b65eeba5d20704f41cfb88b72c4",
                "os": "linux",
                "os_features": "",
                "os_version": null,
                "size": 3749737,
                "status": "active",
                "last_pulled": "2024-01-18T17:45:30.44572Z",
                "last_pushed": "2021-03-31T08:19:33.352457Z"
            },
            {
                "architecture": "386",
                "features": "",
                "variant": null,
                "digest": "sha256:495eaeaa6d9e1ead1e684cc1cabaf7d89a3bac11e76b58dd689952f7288e84a0",
                "os": "linux",
                "os_features": "",
                "os_version": null,
                "size": 4052423,
                "status": "active",
                "last_pulled": "2024-01-18T17:45:31.642576Z",
                "last_pushed": "2021-03-31T08:19:34.985503Z"
            },
            {
                "architecture": "arm",
                "features": "",
                "variant": "v7",
                "digest": "sha256:db92ac3c6733863051380fbbd7cc8dac3bd5a4e7daaa31737a35e1d2f2f67cc4",
                "os": "linux",
                "os_features": "",
                "os_version": null,
                "size": 3494399,
                "status": "active",
                "last_pulled": "2024-01-18T17:45:26.081984Z",
                "last_pushed": "2021-03-31T08:19:34.587058Z"
            }
        ],
        "last_updated": "2021-03-31T08:19:36.241534Z",
        "last_updater": 476692,
        "last_updater_username": "jamesfuller",
        "name": "7.76.0",
        "repository": 7604338,
        "full_size": 3494399,
        "v2": true,
        "tag_status": "active",
        "tag_last_pulled": "2024-01-20T08:00:11.861021Z",
        "tag_last_pushed": "2021-03-31T08:19:36.241534Z",
        "media_type": "application/vnd.docker.distribution.manifest.list.v2+json",
        "content_type": "image"
    },
    {
        "creator": 476692,
        "id": 145496724,
        "images": [
            {
                "architecture": "amd64",
                "features": "",
                "variant": null,
                "digest": "sha256:c187e04fc5a97b6deb2e3d8fac7b3e103b0bca76b877e74384a5ccdc6ea4d4fb",
                "os": "linux",
                "os_features": "",
                "os_version": null,
                "size": 3980700,
                "status": "active",
                "last_pulled": "2024-01-20T08:22:11.522392Z",
                "last_pushed": "2021-04-14T08:13:03.703963Z"
            },
            {
                "architecture": "s390x",
                "features": "",
                "variant": null,
                "digest": "sha256:156796f5ee13abb87fcdab28200dad14a693d143f1f08f8a1f8e851756581cf7",
                "os": "linux",
                "os_features": "",
                "os_version": null,
                "size": 3749385,
                "status": "active",
                "last_pulled": "2024-01-18T17:45:38.492342Z",
                "last_pushed": "2021-04-14T08:13:04.160142Z"
            },
            {
                "architecture": "ppc64le",
                "features": "",
                "variant": null,
                "digest": "sha256:245e0d3da2abd3b08eb8037ce2c190e2e460ec0bb08170a148286a6d8dbcce10",
                "os": "linux",
                "os_features": "",
                "os_version": null,
                "size": 4052486,
                "status": "active",
                "last_pulled": "2024-01-18T17:45:37.661285Z",
                "last_pushed": "2021-04-14T08:13:05.053923Z"
            },
            {
                "architecture": "arm",
                "features": "",
                "variant": "v7",
                "digest": "sha256:ad2dc100bfdd469d1e15fe9c7476eb19cdc3072006d0b1051925a885fbacb157",
                "os": "linux",
                "os_features": "",
                "os_version": null,
                "size": 3493750,
                "status": "active",
                "last_pulled": "2024-01-18T17:45:34.613962Z",
                "last_pushed": "2021-04-14T08:13:04.573835Z"
            },
            {
                "architecture": "arm64",
                "features": "",
                "variant": null,
                "digest": "sha256:3ec7dedfc5653c2d5378b4e87f5a073439574e46d68a775a2c560365763fd33a",
                "os": "linux",
                "os_features": "",
                "os_version": null,
                "size": 3890696,
                "status": "active",
                "last_pulled": "2024-01-20T06:12:34.466829Z",
                "last_pushed": "2021-04-14T08:13:05.507976Z"
            },
            {
                "architecture": "386",
                "features": "",
                "variant": null,
                "digest": "sha256:3628027a082fa7066e982f4da2763f278523db15c9964e07173993dd0d373fc3",
                "os": "linux",
                "os_features": "",
                "os_version": null,
                "size": 4051822,
                "status": "active",
                "last_pulled": "2024-01-19T22:07:36.780587Z",
                "last_pushed": "2021-04-14T08:13:05.948342Z"
            }
        ],
        "last_updated": "2021-04-14T08:13:06.462058Z",
        "last_updater": 476692,
        "last_updater_username": "jamesfuller",
        "name": "7.76.1",
        "repository": 7604338,
        "full_size": 3493750,
        "v2": true,
        "tag_status": "active",
        "tag_last_pulled": "2024-01-20T08:22:11.522392Z",
        "tag_last_pushed": "2021-04-14T08:13:06.462058Z",
        "media_type": "application/vnd.docker.distribution.manifest.list.v2+json",
        "content_type": "image"
    },
    {
        "creator": 476692,
        "id": 151280470,
        "images": [
            {
                "architecture": "amd64",
                "features": "",
                "variant": null,
                "digest": "sha256:ecc90711428b2186995c838fcfb2c9c5d80db5f96f64a7f4f8d58624fb6b91dd",
                "os": "linux",
                "os_features": "",
                "os_version": null,
                "size": 3984047,
                "status": "active",
                "last_pulled": "2024-01-20T08:13:38.62Z",
                "last_pushed": "2021-05-26T07:34:17.635159Z"
            },
            {
                "architecture": "386",
                "features": "",
                "variant": null,
                "digest": "sha256:3c7e7d899fa0fac304ef8c20fa60dfb38694aefead8ebf1068bc509c8f6eeafa",
                "os": "linux",
                "os_features": "",
                "os_version": null,
                "size": 4054977,
                "status": "active",
                "last_pulled": "2024-01-20T00:08:15.120865Z",
                "last_pushed": "2021-05-26T07:34:19.937358Z"
            },
            {
                "architecture": "arm",
                "features": "",
                "variant": "v7",
                "digest": "sha256:dfcfc7e04e69f44a9d9c833f36837e65fce8008a8cdc638eb8f861e9a503f265",
                "os": "linux",
                "os_features": "",
                "os_version": null,
                "size": 3495676,
                "status": "active",
                "last_pulled": "2024-01-20T00:08:07.611677Z",
                "last_pushed": "2021-05-26T07:34:18.996742Z"
            },
            {
                "architecture": "s390x",
                "features": "",
                "variant": null,
                "digest": "sha256:dd365b49282bcd382f4e9ab58cb3ba11c8833ba2129604345719e8da659aab2a",
                "os": "linux",
                "os_features": "",
                "os_version": null,
                "size": 3752161,
                "status": "active",
                "last_pulled": "2024-01-20T00:08:13.441853Z",
                "last_pushed": "2021-05-26T07:34:18.613261Z"
            },
            {
                "architecture": "arm64",
                "features": "",
                "variant": null,
                "digest": "sha256:9f9d4753f2015430c68df6847cd823945e3cf95913ce097c83e66827a9145494",
                "os": "linux",
                "os_features": "",
                "os_version": null,
                "size": 3897445,
                "status": "active",
                "last_pulled": "2024-01-19T23:41:54.486427Z",
                "last_pushed": "2021-05-26T07:34:19.508009Z"
            },
            {
                "architecture": "ppc64le",
                "features": "",
                "variant": null,
                "digest": "sha256:f93b6d32c99fcd458acb788acbffc1b43229f969c938dc781fb8fb6eb1af1abc",
                "os": "linux",
                "os_features": "",
                "os_version": null,
                "size": 4055559,
                "status": "active",
                "last_pulled": "2024-01-20T00:08:11.852515Z",
                "last_pushed": "2021-05-26T07:34:18.136717Z"
            }
        ],
        "last_updated": "2021-05-26T07:34:20.389347Z",
        "last_updater": 476692,
        "last_updater_username": "jamesfuller",
        "name": "7.77.0",
        "repository": 7604338,
        "full_size": 3495676,
        "v2": true,
        "tag_status": "active",
        "tag_last_pulled": "2024-01-20T08:13:38.62Z",
        "tag_last_pushed": "2021-05-26T07:34:20.389347Z",
        "media_type": "application/vnd.docker.distribution.manifest.list.v2+json",
        "content_type": "image"
    },
    {
        "creator": 476692,
        "id": 159244115,
        "images": [
            {
                "architecture": "amd64",
                "features": "",
                "variant": null,
                "digest": "sha256:956fc70b4b3b47c23285d3b2eb2b14f8e3bba621a06b5652c90a44d51ed11c7a",
                "os": "linux",
                "os_features": "",
                "os_version": null,
                "size": 4004398,
                "status": "active",
                "last_pulled": "2024-01-20T08:16:06.430172Z",
                "last_pushed": "2021-07-21T14:31:01.747216Z"
            },
            {
                "architecture": "ppc64le",
                "features": "",
                "variant": null,
                "digest": "sha256:ff76571672f4830eca719d84f86db1cca50132b46822825039205a4f7fc2bd65",
                "os": "linux",
                "os_features": "",
                "os_version": null,
                "size": 4074316,
                "status": "active",
                "last_pulled": "2024-01-18T17:45:53.520663Z",
                "last_pushed": "2021-07-21T14:31:02.776023Z"
            },
            {
                "architecture": "s390x",
                "features": "",
                "variant": null,
                "digest": "sha256:d8e41ab60901ffea60e626c3912e511121178756b341fc88d375caa2bd86a24c",
                "os": "linux",
                "os_features": "",
                "os_version": null,
                "size": 3802677,
                "status": "active",
                "last_pulled": "2024-01-18T17:45:54.460866Z",
                "last_pushed": "2021-07-21T14:31:02.46121Z"
            },
            {
                "architecture": "386",
                "features": "",
                "variant": null,
                "digest": "sha256:3b0b51adef3d1d1ad913d17d176d9c1343197850a175772971fece8a536bdf87",
                "os": "linux",
                "os_features": "",
                "os_version": null,
                "size": 4090832,
                "status": "active",
                "last_pulled": "2024-01-18T17:45:55.401816Z",
                "last_pushed": "2021-07-21T14:31:01.027371Z"
            },
            {
                "architecture": "arm64",
                "features": "",
                "variant": null,
                "digest": "sha256:447bae16f0f8fb4c96a0dd67da5c034db94fcdb40861d6a3a1992d2aee9ba2a8",
                "os": "linux",
                "os_features": "",
                "os_version": null,
                "size": 3904212,
                "status": "active",
                "last_pulled": "2024-01-19T14:21:02.187796Z",
                "last_pushed": "2021-07-21T14:31:01.436993Z"
            },
            {
                "architecture": "arm",
                "features": "",
                "variant": "v7",
                "digest": "sha256:3460c6d2ba26719df6f907cdec944e8b5cdc48ae9cefb1b5c6f76014ad7f625b",
                "os": "linux",
                "os_features": "",
                "os_version": null,
                "size": 3528281,
                "status": "active",
                "last_pulled": "2024-01-18T17:45:50.496333Z",
                "last_pushed": "2021-07-21T14:31:02.111389Z"
            }
        ],
        "last_updated": "2021-07-21T14:31:03.627153Z",
        "last_updater": 476692,
        "last_updater_username": "jamesfuller",
        "name": "7.78.0",
        "repository": 7604338,
        "full_size": 3528281,
        "v2": true,
        "tag_status": "active",
        "tag_last_pulled": "2024-01-20T08:16:06.430172Z",
        "tag_last_pushed": "2021-07-21T14:31:03.627153Z",
        "media_type": "application/vnd.docker.distribution.manifest.list.v2+json",
        "content_type": "image"
    },
    {
        "creator": 476692,
        "id": 168429033,
        "images": [
            {
                "architecture": "s390x",
                "features": "",
                "variant": null,
                "digest": "sha256:3c3e7bfc042c5231c4727712e5b78f3ed57a71d7f2a96d60073ccfc5c79b5e1c",
                "os": "linux",
                "os_features": "",
                "os_version": null,
                "size": 3809812,
                "status": "active",
                "last_pulled": "2024-01-19T10:49:19.863129Z",
                "last_pushed": "2021-09-22T12:30:06.794681Z"
            },
            {
                "architecture": "386",
                "features": "",
                "variant": null,
                "digest": "sha256:481c7891e55ec08463910a76853d95134cd27b1beebc07994f0bb2e81d154fe6",
                "os": "linux",
                "os_features": "",
                "os_version": null,
                "size": 4098442,
                "status": "active",
                "last_pulled": "2024-01-19T10:49:20.511802Z",
                "last_pushed": "2021-09-22T12:30:07.996437Z"
            },
            {
                "architecture": "arm",
                "features": "",
                "variant": "v7",
                "digest": "sha256:06db46e66d1db6d2f944acdaddcf20fee7a72b5cf72c79b517faaa897d251332",
                "os": "linux",
                "os_features": "",
                "os_version": null,
                "size": 3536078,
                "status": "active",
                "last_pulled": "2024-01-19T10:49:17.241902Z",
                "last_pushed": "2021-09-22T12:30:07.600024Z"
            },
            {
                "architecture": "amd64",
                "features": "",
                "variant": null,
                "digest": "sha256:347bf0095334e390673f532456a60bea7070ef63f2ca02168fee46b867a51aa8",
                "os": "linux",
                "os_features": "",
                "os_version": null,
                "size": 4012362,
                "status": "active",
                "last_pulled": "2024-01-20T08:16:07.828214Z",
                "last_pushed": "2021-09-22T12:30:06.438221Z"
            },
            {
                "architecture": "arm64",
                "features": "",
                "variant": null,
                "digest": "sha256:e8d0aed071639ec84b32c8700cca8818e325d4b19a9c98cd219a5ddd6e8c5d1b",
                "os": "linux",
                "os_features": "",
                "os_version": null,
                "size": 3907052,
                "status": "active",
                "last_pulled": "2024-01-19T13:02:17.882284Z",
                "last_pushed": "2021-09-22T12:30:08.380099Z"
            },
            {
                "architecture": "ppc64le",
                "features": "",
                "variant": null,
                "digest": "sha256:ad877680e9e2641671b8bfba9fb47f414b86094352618171b44afae83fd8eb68",
                "os": "linux",
                "os_features": "",
                "os_version": null,
                "size": 4081912,
                "status": "active",
                "last_pulled": "2024-01-19T10:49:19.039259Z",
                "last_pushed": "2021-09-22T12:30:07.215776Z"
            }
        ],
        "last_updated": "2021-09-22T12:30:08.994308Z",
        "last_updater": 476692,
        "last_updater_username": "jamesfuller",
        "name": "7.79.1",
        "repository": 7604338,
        "full_size": 3536078,
        "v2": true,
        "tag_status": "active",
        "tag_last_pulled": "2024-01-20T08:16:07.828214Z",
        "tag_last_pushed": "2021-09-22T12:30:08.994308Z",
        "media_type": "application/vnd.docker.distribution.manifest.list.v2+json",
        "content_type": "image"
    },
    {
        "creator": 476692,
        "id": 176669786,
        "images": [
            {
                "architecture": "amd64",
                "features": "",
                "variant": null,
                "digest": "sha256:ec52f09e18f282124c1c3c9c0f7c8b961d95044313c87adfcf68b47195fb179b",
                "os": "linux",
                "os_features": "",
                "os_version": null,
                "size": 4016490,
                "status": "active",
                "last_pulled": "2024-01-20T08:30:45.535542Z",
                "last_pushed": "2021-11-10T09:26:49.180963Z"
            },
            {
                "architecture": "386",
                "features": "",
                "variant": null,
                "digest": "sha256:349fac8ad6348f2073837ceb299922009207b14d12ea3cc7e92c2a6c8a28b206",
                "os": "linux",
                "os_features": "",
                "os_version": null,
                "size": 4102816,
                "status": "active",
                "last_pulled": "2024-01-20T07:46:01.527601Z",
                "last_pushed": "2021-11-10T09:26:51.344387Z"
            },
            {
                "architecture": "s390x",
                "features": "",
                "variant": null,
                "digest": "sha256:becc8da63fd6d695a67facba3abaed353f063ba15a811cb82aa9ca4a18108de7",
                "os": "linux",
                "os_features": "",
                "os_version": null,
                "size": 3813984,
                "status": "active",
                "last_pulled": "2024-01-20T07:46:00.429791Z",
                "last_pushed": "2021-11-10T09:26:50.095781Z"
            },
            {
                "architecture": "arm",
                "features": "",
                "variant": "v7",
                "digest": "sha256:c88b1b465958525bc6636fed039bd5db028bd085102af150d6af861f74943859",
                "os": "linux",
                "os_features": "",
                "os_version": null,
                "size": 3539986,
                "status": "active",
                "last_pulled": "2024-01-20T07:45:57.064051Z",
                "last_pushed": "2021-11-10T09:26:49.75036Z"
            },
            {
                "architecture": "ppc64le",
                "features": "",
                "variant": null,
                "digest": "sha256:42e3b783a6b7284ec444372a3d82bb60cd48ef75e60adcec2ac7ba1fd4bc719b",
                "os": "linux",
                "os_features": "",
                "os_version": null,
                "size": 4086331,
                "status": "active",
                "last_pulled": "2024-01-20T07:45:59.599773Z",
                "last_pushed": "2021-11-10T09:26:50.622956Z"
            },
            {
                "architecture": "arm64",
                "features": "",
                "variant": null,
                "digest": "sha256:d48f71db9c5ea7aede7a1ef8a3e88eb4ec8b7372c0e370c56f0bfbf142cb2793",
                "os": "linux",
                "os_features": "",
                "os_version": null,
                "size": 3911191,
                "status": "active",
                "last_pulled": "2024-01-20T07:45:58.748135Z",
                "last_pushed": "2021-11-10T09:26:50.994945Z"
            }
        ],
        "last_updated": "2021-11-10T09:26:52.008889Z",
        "last_updater": 476692,
        "last_updater_username": "jamesfuller",
        "name": "7.80.0",
        "repository": 7604338,
        "full_size": 3539986,
        "v2": true,
        "tag_status": "active",
        "tag_last_pulled": "2024-01-20T08:30:45.535542Z",
        "tag_last_pushed": "2021-11-10T09:26:52.008889Z",
        "media_type": "application/vnd.docker.distribution.manifest.list.v2+json",
        "content_type": "image"
    },
    {
        "creator": 476692,
        "id": 185385576,
        "images": [
            {
                "architecture": "arm",
                "features": "",
                "variant": "v7",
                "digest": "sha256:fb3c3b1ccc1d406bfe6ea02818c08be10b87ed2ba81f944d787afceabccc3379",
                "os": "linux",
                "os_features": "",
                "os_version": null,
                "size": 3545706,
                "status": "active",
                "last_pulled": "2024-01-20T08:35:27.723514Z",
                "last_pushed": "2022-01-05T10:52:39.892717Z"
            },
            {
                "architecture": "arm64",
                "features": "",
                "variant": null,
                "digest": "sha256:f0014bd7e8e6e1b73389e4ef02a4f31e401fc3dd466c83ea33990dd9d8b6ab8b",
                "os": "linux",
                "os_features": "",
                "os_version": null,
                "size": 3916659,
                "status": "active",
                "last_pulled": "2024-01-20T08:25:14.798249Z",
                "last_pushed": "2022-01-05T10:52:40.59182Z"
            },
            {
                "architecture": "386",
                "features": "",
                "variant": null,
                "digest": "sha256:a9a61c7cd9230c14ff639e490aa9d2a6b8c3fcb9acf2c7aa1e18cf96d6e1c45b",
                "os": "linux",
                "os_features": "",
                "os_version": null,
                "size": 4110377,
                "status": "active",
                "last_pulled": "2024-01-20T08:30:24.648925Z",
                "last_pushed": "2022-01-05T10:52:41.336663Z"
            },
            {
                "architecture": "amd64",
                "features": "",
                "variant": null,
                "digest": "sha256:80f1472556626da54844eb9d0a140b1f9b4f83d575615866325ebca832c087fe",
                "os": "linux",
                "os_features": "",
                "os_version": null,
                "size": 4022808,
                "status": "active",
                "last_pulled": "2024-01-20T07:50:06.933678Z",
                "last_pushed": "2022-01-05T10:52:40.241119Z"
            },
            {
                "architecture": "ppc64le",
                "features": "",
                "variant": null,
                "digest": "sha256:7f4d87533132d1be5d92e2941cb7f3d9543e3192010695b150d4005a3993e6bd",
                "os": "linux",
                "os_features": "",
                "os_version": null,
                "size": 4091672,
                "status": "active",
                "last_pulled": "2024-01-20T08:35:30.178876Z",
                "last_pushed": "2022-01-05T10:52:40.999865Z"
            },
            {
                "architecture": "s390x",
                "features": "",
                "variant": null,
                "digest": "sha256:9cdc2931e0bc22325fcfb8674bd42b7b8abbefdbf30b3647de08ab600ebd57cb",
                "os": "linux",
                "os_features": "",
                "os_version": null,
                "size": 3818800,
                "status": "active",
                "last_pulled": "2024-01-20T08:30:23.827236Z",
                "last_pushed": "2022-01-05T10:52:39.513471Z"
            }
        ],
        "last_updated": "2022-01-05T10:52:41.828242Z",
        "last_updater": 476692,
        "last_updater_username": "jamesfuller",
        "name": "7.81.0",
        "repository": 7604338,
        "full_size": 3545706,
        "v2": true,
        "tag_status": "active",
        "tag_last_pulled": "2024-01-20T08:35:30.178876Z",
        "tag_last_pushed": "2022-01-05T10:52:41.828242Z",
        "media_type": "application/vnd.docker.distribution.manifest.list.v2+json",
        "content_type": "image"
    },
    {
        "creator": 476692,
        "id": 196551747,
        "images": [
            {
                "architecture": "arm",
                "features": "",
                "variant": "v7",
                "digest": "sha256:081333bb9ec50890329b3a483ac22cebbf5f2492c2a4b75749344edf120fae7b",
                "os": "linux",
                "os_features": "",
                "os_version": null,
                "size": 3541130,
                "status": "active",
                "last_pulled": "2024-01-20T04:39:05.675331Z",
                "last_pushed": "2022-03-25T08:17:15.863888Z"
            },
            {
                "architecture": "amd64",
                "features": "",
                "variant": null,
                "digest": "sha256:dca6e1b1c8e7b8b8e7be4e79fc78a858d12fd56245cb31bfa281dbf7c73a6498",
                "os": "linux",
                "os_features": "",
                "os_version": null,
                "size": 4020504,
                "status": "active",
                "last_pulled": "2024-01-20T08:27:31.15208Z",
                "last_pushed": "2022-03-25T08:17:15.143007Z"
            },
            {
                "architecture": "arm64",
                "features": "",
                "variant": null,
                "digest": "sha256:92a0cb3bd9134daf2ca76cac1477d1b1a8c966c6a6dd75f1977671bcebaac243",
                "os": "linux",
                "os_features": "",
                "os_version": null,
                "size": 3919669,
                "status": "active",
                "last_pulled": "2024-01-20T04:39:06.817888Z",
                "last_pushed": "2022-03-25T08:17:16.562524Z"
            },
            {
                "architecture": "ppc64le",
                "features": "",
                "variant": null,
                "digest": "sha256:0979b30fe4c1ab41c87e0d90a05a8b258a52e9c584f5e0867b10289e10029ada",
                "os": "linux",
                "os_features": "",
                "os_version": null,
                "size": 4095085,
                "status": "active",
                "last_pulled": "2024-01-20T04:39:07.08441Z",
                "last_pushed": "2022-03-25T08:17:16.198274Z"
            },
            {
                "architecture": "s390x",
                "features": "",
                "variant": null,
                "digest": "sha256:5938d779c436b423d9491b4a2288b6932b58dddc7462b07f8d1b7416203308bb",
                "os": "linux",
                "os_features": "",
                "os_version": null,
                "size": 3817806,
                "status": "active",
                "last_pulled": "2024-01-20T04:39:08.040286Z",
                "last_pushed": "2022-03-25T08:17:15.495022Z"
            },
            {
                "architecture": "386",
                "features": "",
                "variant": null,
                "digest": "sha256:08f8469bccaa8f99106acb7264341487bd2cfa99d8b87dbdf302a442c38370ae",
                "os": "linux",
                "os_features": "",
                "os_version": null,
                "size": 4108460,
                "status": "active",
                "last_pulled": "2024-01-20T04:39:08.529859Z",
                "last_pushed": "2022-03-25T08:17:17.267203Z"
            }
        ],
        "last_updated": "2022-03-25T08:17:17.845216Z",
        "last_updater": 476692,
        "last_updater_username": "jamesfuller",
        "name": "7.82.0",
        "repository": 7604338,
        "full_size": 3541130,
        "v2": true,
        "tag_status": "active",
        "tag_last_pulled": "2024-01-20T08:27:31.15208Z",
        "tag_last_pushed": "2022-03-25T08:17:17.845216Z",
        "media_type": "application/vnd.docker.distribution.manifest.list.v2+json",
        "content_type": "image"
    },
    {
        "creator": 476692,
        "id": 205314810,
        "images": [
            {
                "architecture": "arm",
                "features": "",
                "variant": "v7",
                "digest": "sha256:c05146450820bb943c400bf2173a2423096c586a3984b989619d9165d61f1a24",
                "os": "linux",
                "os_features": "",
                "os_version": null,
                "size": 5818584,
                "status": "active",
                "last_pulled": "2024-01-18T17:20:32.754089Z",
                "last_pushed": "2022-04-27T20:18:04.773343Z"
            },
            {
                "architecture": "amd64",
                "features": "",
                "variant": null,
                "digest": "sha256:eeaa41315679fbcdaa368ace0b636a680e5272ff99dda43e14ed34432dcba4e4",
                "os": "linux",
                "os_features": "",
                "os_version": null,
                "size": 6379200,
                "status": "active",
                "last_pulled": "2024-01-20T08:23:41.035487Z",
                "last_pushed": "2022-04-27T20:18:04.193083Z"
            },
            {
                "architecture": "arm64",
                "features": "",
                "variant": null,
                "digest": "sha256:7841529949e28a1fc6cdb31ed055e1f719def34b77c3dbc511cc311023eed3db",
                "os": "linux",
                "os_features": "",
                "os_version": null,
                "size": 6258843,
                "status": "active",
                "last_pulled": "2024-01-18T17:20:33.316008Z",
                "last_pushed": "2022-04-27T20:18:05.884321Z"
            },
            {
                "architecture": "ppc64le",
                "features": "",
                "variant": null,
                "digest": "sha256:23f43118ab66db38a27d3934a9a9a735809ba4f56e977eddcb0cceba5ca20aca",
                "os": "linux",
                "os_features": "",
                "os_version": null,
                "size": 6285779,
                "status": "active",
                "last_pulled": "2024-01-18T17:20:33.783977Z",
                "last_pushed": "2022-04-27T20:18:05.35604Z"
            },
            {
                "architecture": "s390x",
                "features": "",
                "variant": null,
                "digest": "sha256:077584a611f0d3977ca64c807cc0fc2e2d016b92dcaaf5429d4e5fc8a66a76c9",
                "os": "linux",
                "os_features": "",
                "os_version": null,
                "size": 5702125,
                "status": "active",
                "last_pulled": "2024-01-18T17:20:34.260422Z",
                "last_pushed": "2022-04-27T20:18:03.508604Z"
            },
            {
                "architecture": "386",
                "features": "",
                "variant": null,
                "digest": "sha256:a1b9ecf428458dcecff120b968dedfb4c6c59750e5db412cf540bf7d93d2d7d2",
                "os": "linux",
                "os_features": "",
                "os_version": null,
                "size": 6394129,
                "status": "active",
                "last_pulled": "2024-01-18T17:20:34.572428Z",
                "last_pushed": "2022-04-27T20:18:06.415214Z"
            }
        ],
        "last_updated": "2022-04-27T20:18:07.307432Z",
        "last_updater": 476692,
        "last_updater_username": "jamesfuller",
        "name": "7.83.0",
        "repository": 7604338,
        "full_size": 5818584,
        "v2": true,
        "tag_status": "active",
        "tag_last_pulled": "2024-01-20T08:23:41.035487Z",
        "tag_last_pushed": "2022-04-27T20:18:07.307432Z",
        "media_type": "application/vnd.docker.distribution.manifest.list.v2+json",
        "content_type": "image"
    },
    {
        "creator": 476692,
        "id": 211992070,
        "images": [
            {
                "architecture": "arm",
                "features": "",
                "variant": "v7",
                "digest": "sha256:ba237449da59097657307750d3729e53e3767f8ce9d8dc6ea8b9414441983bfd",
                "os": "linux",
                "os_features": "",
                "os_version": null,
                "size": 5861647,
                "status": "active",
                "last_pulled": "2024-01-20T05:19:29.879379Z",
                "last_pushed": "2022-05-11T09:25:25.080621Z"
            },
            {
                "architecture": "amd64",
                "features": "",
                "variant": null,
                "digest": "sha256:44f9a5ebb0b998f33a6e1a83ca41adebdc4d6abfaa0705094e755d7f67ab3839",
                "os": "linux",
                "os_features": "",
                "os_version": null,
                "size": 6434788,
                "status": "active",
                "last_pulled": "2024-01-20T07:57:38.244716Z",
                "last_pushed": "2022-05-11T09:25:25.82706Z"
            },
            {
                "architecture": "arm64",
                "features": "",
                "variant": null,
                "digest": "sha256:85220a59933f2473f55474140542bd66815a4198c8489dbaabac8f536296462e",
                "os": "linux",
                "os_features": "",
                "os_version": null,
                "size": 6312300,
                "status": "active",
                "last_pulled": "2024-01-20T08:02:14.091606Z",
                "last_pushed": "2022-05-11T09:25:26.910567Z"
            },
            {
                "architecture": "ppc64le",
                "features": "",
                "variant": null,
                "digest": "sha256:3faf4a235c32df0c78542472a919512faf05dc4b516ab3fafc259c0635ed689f",
                "os": "linux",
                "os_features": "",
                "os_version": null,
                "size": 6344885,
                "status": "active",
                "last_pulled": "2024-01-20T05:19:29.660856Z",
                "last_pushed": "2022-05-11T09:25:25.409141Z"
            },
            {
                "architecture": "s390x",
                "features": "",
                "variant": null,
                "digest": "sha256:8fee2641730369f601dc983e9eeb5ed4ed40a470d41d485f7dfd7777573918f6",
                "os": "linux",
                "os_features": "",
                "os_version": null,
                "size": 5755421,
                "status": "active",
                "last_pulled": "2024-01-20T05:19:29.64613Z",
                "last_pushed": "2022-05-11T09:25:26.209666Z"
            },
            {
                "architecture": "386",
                "features": "",
                "variant": null,
                "digest": "sha256:840ff6aa305cbb83b7657fc02b503ea1ffa3f2bd3acbf03c21bc85e71c8cfa0d",
                "os": "linux",
                "os_features": "",
                "os_version": null,
                "size": 6448515,
                "status": "active",
                "last_pulled": "2024-01-20T05:19:29.825736Z",
                "last_pushed": "2022-05-11T09:25:26.5681Z"
            }
        ],
        "last_updated": "2022-05-11T09:25:27.732442Z",
        "last_updater": 476692,
        "last_updater_username": "jamesfuller",
        "name": "7.83.1",
        "repository": 7604338,
        "full_size": 5861647,
        "v2": true,
        "tag_status": "active",
        "tag_last_pulled": "2024-01-20T08:02:14.091606Z",
        "tag_last_pushed": "2022-05-11T09:25:27.732442Z",
        "media_type": "application/vnd.docker.distribution.manifest.list.v2+json",
        "content_type": "image"
    },
    {
        "creator": 476692,
        "id": 246691352,
        "images": [
            {
                "architecture": "arm",
                "features": "",
                "variant": "v7",
                "digest": "sha256:20b859c1b90bd5dd9ae6b65ebbfb92fdd1a2fdf045a75a099b2026bdb71704cf",
                "os": "linux",
                "os_features": "",
                "os_version": null,
                "size": 7027041,
                "status": "active",
                "last_pulled": "2024-01-20T05:10:49.846306Z",
                "last_pushed": "2022-07-03T20:22:29.353115Z"
            },
            {
                "architecture": "amd64",
                "features": "",
                "variant": null,
                "digest": "sha256:cdc98ef5d892d09cbecc8791270a8bef3ad314c2486b09ea601570227d9533b7",
                "os": "linux",
                "os_features": "",
                "os_version": null,
                "size": 7916117,
                "status": "active",
                "last_pulled": "2024-01-20T07:45:01.900384Z",
                "last_pushed": "2022-07-03T20:22:30.344987Z"
            },
            {
                "architecture": "arm64",
                "features": "",
                "variant": null,
                "digest": "sha256:e918636f987576caf19bd0c597361e3bf64d6dce3337a01edfa5feeb31a810ad",
                "os": "linux",
                "os_features": "",
                "os_version": null,
                "size": 7670378,
                "status": "active",
                "last_pulled": "2024-01-20T07:25:03.118358Z",
                "last_pushed": "2022-07-03T20:22:30.83624Z"
            },
            {
                "architecture": "ppc64le",
                "features": "",
                "variant": null,
                "digest": "sha256:a0138f59e7fbcbe5091d9b6e270a564ee46dc41126b2b60472e996099c2cc134",
                "os": "linux",
                "os_features": "",
                "os_version": null,
                "size": 7756111,
                "status": "active",
                "last_pulled": "2024-01-20T05:10:52.760622Z",
                "last_pushed": "2022-07-03T20:22:31.316456Z"
            },
            {
                "architecture": "s390x",
                "features": "",
                "variant": null,
                "digest": "sha256:8e250d28a9ad0f0d7b634fb3aa0905fffa87fabd810e44959b51aab1430d62f8",
                "os": "linux",
                "os_features": "",
                "os_version": null,
                "size": 6974036,
                "status": "active",
                "last_pulled": "2024-01-20T05:10:53.742162Z",
                "last_pushed": "2022-07-03T20:22:31.779365Z"
            },
            {
                "architecture": "386",
                "features": "",
                "variant": null,
                "digest": "sha256:12e754d6f2a04e745f93c012a51ab04582e74f310f16d5843845b539a3c57323",
                "os": "linux",
                "os_features": "",
                "os_version": null,
                "size": 7927083,
                "status": "active",
                "last_pulled": "2024-01-20T05:10:54.882878Z",
                "last_pushed": "2022-07-03T20:22:29.843047Z"
            }
        ],
        "last_updated": "2022-07-03T20:22:32.723771Z",
        "last_updater": 476692,
        "last_updater_username": "jamesfuller",
        "name": "7.84.0",
        "repository": 7604338,
        "full_size": 7027041,
        "v2": true,
        "tag_status": "active",
        "tag_last_pulled": "2024-01-20T07:45:01.900384Z",
        "tag_last_pushed": "2022-07-03T20:22:32.723771Z",
        "media_type": "application/vnd.docker.distribution.manifest.list.v2+json",
        "content_type": "image"
    },
    {
        "creator": 476692,
        "id": 281485039,
        "images": [
            {
                "architecture": "arm",
                "features": "",
                "variant": "v7",
                "digest": "sha256:6baf831fdc29d44877e9769108c5705d7e2399ca4e2896d62c8e0310cc22cff2",
                "os": "linux",
                "os_features": "",
                "os_version": null,
                "size": 7664155,
                "status": "active",
                "last_pulled": "2024-01-20T05:10:56.205624Z",
                "last_pushed": "2022-08-31T09:04:58.931528Z"
            },
            {
                "architecture": "amd64",
                "features": "",
                "variant": null,
                "digest": "sha256:f4821d304c3d1fa06dcea4feb2be79f98ff012a8fa3a51943b94e333f69b0098",
                "os": "linux",
                "os_features": "",
                "os_version": null,
                "size": 8562965,
                "status": "active",
                "last_pulled": "2024-01-20T08:37:13.188229Z",
                "last_pushed": "2022-08-31T09:04:58.593752Z"
            },
            {
                "architecture": "arm64",
                "features": "",
                "variant": null,
                "digest": "sha256:90e5dc1fd0c1ea56b5817ea17c8fc82ccb40eaa0e43a336b19a51e30e5b81c41",
                "os": "linux",
                "os_features": "",
                "os_version": null,
                "size": 8328980,
                "status": "active",
                "last_pulled": "2024-01-20T07:52:27.836211Z",
                "last_pushed": "2022-08-31T09:04:59.268795Z"
            },
            {
                "architecture": "ppc64le",
                "features": "",
                "variant": null,
                "digest": "sha256:ed34ff79cb6352cfcb230a63ae96ce0d30fbe3fc6c00ef8736764f0675610c71",
                "os": "linux",
                "os_features": "",
                "os_version": null,
                "size": 8445680,
                "status": "active",
                "last_pulled": "2024-01-20T05:10:59.431088Z",
                "last_pushed": "2022-08-31T09:04:57.934166Z"
            },
            {
                "architecture": "s390x",
                "features": "",
                "variant": null,
                "digest": "sha256:15d4129a48d02da43853b3aef4c7ea1f1c358a1cfd35b5342b1bccf40ccbb809",
                "os": "linux",
                "os_features": "",
                "os_version": null,
                "size": 7651686,
                "status": "active",
                "last_pulled": "2024-01-20T05:11:00.356925Z",
                "last_pushed": "2022-08-31T09:04:58.243836Z"
            },
            {
                "architecture": "386",
                "features": "",
                "variant": null,
                "digest": "sha256:33b8e42af66ba5ca1d58219ff7e2eee2038e58244eb4ad78d0dbdfc6028fe957",
                "os": "linux",
                "os_features": "",
                "os_version": null,
                "size": 8564502,
                "status": "active",
                "last_pulled": "2024-01-20T07:14:12.069301Z",
                "last_pushed": "2022-08-31T09:04:59.656454Z"
            }
        ],
        "last_updated": "2022-08-31T09:05:00.370067Z",
        "last_updater": 476692,
        "last_updater_username": "jamesfuller",
        "name": "7.85.0",
        "repository": 7604338,
        "full_size": 7664155,
        "v2": true,
        "tag_status": "active",
        "tag_last_pulled": "2024-01-20T08:37:13.188229Z",
        "tag_last_pushed": "2022-08-31T09:05:00.370067Z",
        "media_type": "application/vnd.docker.distribution.manifest.list.v2+json",
        "content_type": "image",
        "digest": "sha256:9fab1b73f45e06df9506d947616062d7e8319009257d3a05d970b0de80a41ec5"
    },
    {
        "creator": 476692,
        "id": 316934022,
        "images": [
            {
                "architecture": "arm",
                "features": "",
                "variant": "v7",
                "digest": "sha256:651d7d471b8d8a36d7872eb4f5132efe84775ca26cafcde3c1a3ad60e7a74dbc",
                "os": "linux",
                "os_features": "",
                "os_version": null,
                "size": 6008945,
                "status": "active",
                "last_pulled": "2024-01-19T12:37:56.203337Z",
                "last_pushed": "2022-10-26T08:01:24.991087Z"
            },
            {
                "architecture": "amd64",
                "features": "",
                "variant": null,
                "digest": "sha256:d6a01c11f0633375a173960ad741eca7460cbc776bb3bc2370e5571478b99459",
                "os": "linux",
                "os_features": "",
                "os_version": null,
                "size": 6574606,
                "status": "active",
                "last_pulled": "2024-01-20T07:54:02.326218Z",
                "last_pushed": "2022-10-26T08:01:24.595559Z"
            },
            {
                "architecture": "arm64",
                "features": "",
                "variant": null,
                "digest": "sha256:7f4f83660513c08636be955afc4385726707686d51dd7b4da7580afa4d865cb3",
                "os": "linux",
                "os_features": "",
                "os_version": null,
                "size": 6451431,
                "status": "active",
                "last_pulled": "2024-01-20T05:05:03.612709Z",
                "last_pushed": "2022-10-26T08:01:25.344712Z"
            },
            {
                "architecture": "ppc64le",
                "features": "",
                "variant": null,
                "digest": "sha256:38d6569f0eb34b11fae9f9b9f8e529402de7bcb1c9a50c145f5d2c0558f9cb6f",
                "os": "linux",
                "os_features": "",
                "os_version": null,
                "size": 6479228,
                "status": "active",
                "last_pulled": "2024-01-19T12:37:57.134325Z",
                "last_pushed": "2022-10-26T08:01:26.091325Z"
            },
            {
                "architecture": "s390x",
                "features": "",
                "variant": null,
                "digest": "sha256:414b5b79d805bb6275f16f315c48bf28bc8a9ca4a01e274a822afb123c8934f7",
                "os": "linux",
                "os_features": "",
                "os_version": null,
                "size": 5849996,
                "status": "active",
                "last_pulled": "2024-01-19T12:37:57.631299Z",
                "last_pushed": "2022-10-26T08:01:24.230632Z"
            },
            {
                "architecture": "386",
                "features": "",
                "variant": null,
                "digest": "sha256:00237cd2cae9f43f0deb1fc6636e6ca78a4efc02ff3366616c2ecbbdaf5bc8a9",
                "os": "linux",
                "os_features": "",
                "os_version": null,
                "size": 6570164,
                "status": "active",
                "last_pulled": "2024-01-20T03:36:41.327056Z",
                "last_pushed": "2022-10-26T08:01:25.729603Z"
            }
        ],
        "last_updated": "2022-10-26T08:01:26.85502Z",
        "last_updater": 476692,
        "last_updater_username": "jamesfuller",
        "name": "7.86.0",
        "repository": 7604338,
        "full_size": 6008945,
        "v2": true,
        "tag_status": "active",
        "tag_last_pulled": "2024-01-20T08:03:07.498734Z",
        "tag_last_pushed": "2022-10-26T08:01:26.85502Z",
        "media_type": "application/vnd.docker.distribution.manifest.list.v2+json",
        "content_type": "image",
        "digest": "sha256:cfdeba7f88bb85f6c87f2ec9135115b523a1c24943976a61fbf59c4f2eafd78e"
    },
    {
        "creator": 476692,
        "id": 353397989,
        "images": [
            {
                "architecture": "arm",
                "features": "",
                "variant": "v7",
                "digest": "sha256:904f15d15a2551bcee907137d23fc60debfaf8a8efd7efd286eca85a57d627b5",
                "os": "linux",
                "os_features": "",
                "os_version": null,
                "size": 7574114,
                "status": "active",
                "last_pulled": "2024-01-20T03:15:01.685655Z",
                "last_pushed": "2022-12-21T08:58:31.690838Z"
            },
            {
                "architecture": "amd64",
                "features": "",
                "variant": null,
                "digest": "sha256:4311823d3576c0b7330beccbe09896ff0378c9c1c6f6974ff9064af803fed766",
                "os": "linux",
                "os_features": "",
                "os_version": null,
                "size": 8487544,
                "status": "active",
                "last_pulled": "2024-01-20T08:28:48.452532Z",
                "last_pushed": "2022-12-21T08:58:32.342147Z"
            },
            {
                "architecture": "arm64",
                "features": "",
                "variant": null,
                "digest": "sha256:5cd8d7b26a7700752d4ffcbe24994afbe81ebb4376baeb0bffcf49eb653745be",
                "os": "linux",
                "os_features": "",
                "os_version": null,
                "size": 8249227,
                "status": "active",
                "last_pulled": "2024-01-20T07:58:27.250166Z",
                "last_pushed": "2022-12-21T08:58:32.697527Z"
            },
            {
                "architecture": "ppc64le",
                "features": "",
                "variant": null,
                "digest": "sha256:1acc18bd8564f6353734484246f21f79f942b41f86b69196bcfc9f1535a2a36d",
                "os": "linux",
                "os_features": "",
                "os_version": null,
                "size": 8328605,
                "status": "active",
                "last_pulled": "2024-01-20T03:15:04.944376Z",
                "last_pushed": "2022-12-21T08:58:32.017808Z"
            },
            {
                "architecture": "s390x",
                "features": "",
                "variant": null,
                "digest": "sha256:373f9da4cd428845abe05247f17afa2da6aa2377d1ae98f0637338ab9e8fb8bc",
                "os": "linux",
                "os_features": "",
                "os_version": null,
                "size": 7514129,
                "status": "active",
                "last_pulled": "2024-01-20T03:15:05.929568Z",
                "last_pushed": "2022-12-21T08:58:31.319841Z"
            },
            {
                "architecture": "386",
                "features": "",
                "variant": null,
                "digest": "sha256:95fea1d44f98104d04fff9ed50971e48e5caf14fd29e11c2c8755f8b534a3cd3",
                "os": "linux",
                "os_features": "",
                "os_version": null,
                "size": 8481357,
                "status": "active",
                "last_pulled": "2024-01-20T03:15:07.065108Z",
                "last_pushed": "2022-12-21T08:58:33.050777Z"
            }
        ],
        "last_updated": "2022-12-21T08:58:33.801254Z",
        "last_updater": 476692,
        "last_updater_username": "jamesfuller",
        "name": "7.87.0",
        "repository": 7604338,
        "full_size": 7574114,
        "v2": true,
        "tag_status": "active",
        "tag_last_pulled": "2024-01-20T08:28:48.452532Z",
        "tag_last_pushed": "2022-12-21T08:58:33.801254Z",
        "media_type": "application/vnd.docker.distribution.manifest.list.v2+json",
        "content_type": "image",
        "digest": "sha256:f7f265d5c64eb4463a43a99b6bf773f9e61a50aaa7cefaf564f43e42549a01dd"
    }
]