[
    {
        "creator": 10519896,
        "id": 130533747,
        "images": [
            {
                "architecture": "amd64",
                "features": "",
                "variant": null,
                "digest": "sha256:fa9c69ef7b4b5c6395df2fa50b40146651b87b6a0b019f97d930532bb4e79214",
                "os": "linux",
                "os_features": "",
                "os_version": null,
                "size": 845267651,
                "status": "active",
                "last_pulled": "2024-01-20T08:59:14.898388Z",
                "last_pushed": "2021-02-02T12:38:09.655285Z"
            }
        ],
        "last_updated": "2021-02-02T12:38:08.958358Z",
        "last_updater": 10519896,
        "last_updater_username": "zapbot",
        "name": "2.10.0",
        "repository": 65919,
        "full_size": 845267651,
        "v2": true,
        "tag_status": "active",
        "tag_last_pulled": "2024-01-20T08:59:14.898388Z",
        "tag_last_pushed": "2021-02-02T12:38:08.958358Z",
        "media_type": "application/vnd.docker.container.image.v1+json",
        "content_type": "image"
    },
    {
        "creator": 10519896,
        "id": 170909954,
        "images": [
            {
                "architecture": "amd64",
                "features": "",
                "variant": null,
                "digest": "sha256:b59774fd93f003fe1c2de873e2c1bc1467d8495017cc5f6a253900ac35a90c7e",
                "os": "linux",
                "os_features": "",
                "os_version": null,
                "size": 927270520,
                "status": "active",
                "last_pulled": "2024-01-20T09:00:42.463329Z",
                "last_pushed": "2021-12-06T11:48:02.787954Z"
            }
        ],
        "last_updated": "2021-12-06T11:48:02.193527Z",
        "last_updater": 10519896,
        "last_updater_username": "zapbot",
        "name": "2.11.0",
        "repository": 65919,
        "full_size": 927270520,
        "v2": true,
        "tag_status": "active",
        "tag_last_pulled": "2024-01-20T09:00:42.463329Z",
        "tag_last_pushed": "2021-12-06T11:48:02.193527Z",
        "media_type": "application/vnd.docker.container.image.v1+json",
        "content_type": "image"
    },
    {
        "creator": 10519896,
        "id": 181915154,
        "images": [
            {
                "architecture": "amd64",
                "features": "",
                "variant": null,
                "digest": "sha256:47ba18f36de06f253e655d26ad78945c6dc24404e58f1c0758293a583bb99ce5",
                "os": "linux",
                "os_features": "",
                "os_version": null,
                "size": 1025478842,
                "status": "active",
                "last_pulled": "2024-01-20T08:12:47.664345Z",
                "last_pushed": "2022-10-03T10:37:30.418192Z"
            }
        ],
        "last_updated": "2022-10-03T10:37:28.472134Z",
        "last_updater": 10519896,
        "last_updater_username": "zapbot",
        "name": "2.11.1",
        "repository": 65919,
        "full_size": 1025478842,
        "v2": true,
        "tag_status": "active",
        "tag_last_pulled": "2024-01-20T08:12:47.664345Z",
        "tag_last_pushed": "2022-10-03T10:37:28.472134Z",
        "media_type": "application/vnd.docker.container.image.v1+json",
        "content_type": "image",
        "digest": "sha256:47ba18f36de06f253e655d26ad78945c6dc24404e58f1c0758293a583bb99ce5"
    },
    {
        "creator": 105048,
        "id": 83270314,
        "images": [
            {
                "architecture": "amd64",
                "features": "",
                "variant": null,
                "digest": "sha256:3563ecc53448ad224262ccea185cff8360c999c52d9c4b78630d9344dc1c3fd6",
                "os": "linux",
                "os_features": "",
                "os_version": null,
                "size": 640433268,
                "status": "active",
                "last_pulled": "2024-01-20T08:08:59.884188Z",
                "last_pushed": null
            }
        ],
        "last_updated": "2020-03-19T12:28:50.747609Z",
        "last_updater": 105048,
        "last_updater_username": "psiinon",
        "name": "2.9.0",
        "repository": 65919,
        "full_size": 640433268,
        "v2": true,
        "tag_status": "active",
        "tag_last_pulled": "2024-01-20T08:08:59.884188Z",
        "tag_last_pushed": "2020-03-19T12:28:50.747609Z",
        "media_type": "application/vnd.docker.container.image.v1+json",
        "content_type": "image"
    }
]