[
    {
        "creator": 659811,
        "id": 103837594,
        "images": [
            {
                "architecture": "amd64",
                "features": "",
                "variant": null,
                "digest": "sha256:539addd152cc4fc2b6b5bba7fd15b32086e82f558ca09402a75b02f8d80374cb",
                "os": "linux",
                "os_features": "",
                "os_version": null,
                "size": 5472773,
                "status": "active",
                "last_pulled": "2024-01-20T08:58:42.588945Z",
                "last_pushed": null
            }
        ],
        "last_updated": "2020-06-06T07:29:09.482823Z",
        "last_updater": 659811,
        "last_updater_username": "testcontainers",
        "name": "0.3.0",
        "repository": 9197539,
        "full_size": 5472773,
        "v2": true,
        "tag_status": "active",
        "tag_last_pulled": "2024-01-20T08:58:42.588945Z",
        "tag_last_pushed": "2020-06-06T07:29:09.482823Z",
        "media_type": "application/vnd.docker.container.image.v1+json",
        "content_type": "image"
    },
    {
        "creator": 11539943,
        "id": 131213403,
        "images": [
            {
                "architecture": "arm",
                "features": "",
                "variant": "v7",
                "digest": "sha256:0650051bfdce19804f115ce18bf1eb0b8e661e17151c3ed1be9d65972524ddd9",
                "os": "linux",
                "os_features": "",
                "os_version": null,
                "size": 4917573,
                "status": "active",
                "last_pulled": "2024-01-19T23:05:25.564313Z",
                "last_pushed": "2020-12-23T12:26:10.318886Z"
            },
            {
                "architecture": "ppc64le",
                "features": "",
                "variant": null,
                "digest": "sha256:a91c2edbadf4694219631a47a8a9bf20f7aba77c55e6cc5193023246a910b299",
                "os": "linux",
                "os_features": "",
                "os_version": null,
                "size": 5265825,
                "status": "active",
                "last_pulled": "2024-01-19T23:05:26.481159Z",
                "last_pushed": "2020-12-23T12:26:09.390563Z"
            },
            {
                "architecture": "s390x",
                "features": "",
                "variant": null,
                "digest": "sha256:ed4d6ad8f09000dd351026f00db4ae91ff9f60be5052b71883e161461102a1ff",
                "os": "linux",
                "os_features": "",
                "os_version": null,
                "size": 5209431,
                "status": "active",
                "last_pulled": "2024-01-19T23:05:27.373249Z",
                "last_pushed": "2020-12-23T12:26:10.670016Z"
            },
            {
                "architecture": "arm64",
                "features": "",
                "variant": null,
                "digest": "sha256:0d4ad31cc4479e989ecc9d4ff71300ab1935ff633fa02ef7ddfa76034ca17949",
                "os": "linux",
                "os_features": "",
                "os_version": null,
                "size": 5203108,
                "status": "active",
                "last_pulled": "2024-01-20T07:13:35.107227Z",
                "last_pushed": "2020-12-23T12:26:09.743293Z"
            },
            {
                "architecture": "amd64",
                "features": "",
                "variant": null,
                "digest": "sha256:2b31d4174722cd12f75556e02c8e70bc16985cd5a29390a7d2664621cfe77de3",
                "os": "linux",
                "os_features": "",
                "os_version": null,
                "size": 5471890,
                "status": "active",
                "last_pulled": "2024-01-20T08:34:07.053398Z",
                "last_pushed": "2020-12-23T12:26:10.126115Z"
            }
        ],
        "last_updated": "2020-12-23T12:26:11.387356Z",
        "last_updater": 11539943,
        "last_updater_username": "testcontainersbuild",
        "name": "0.3.1",
        "repository": 9197539,
        "full_size": 5471890,
        "v2": true,
        "tag_status": "active",
        "tag_last_pulled": "2024-01-20T08:34:07.053398Z",
        "tag_last_pushed": "2020-12-23T12:26:11.387356Z",
        "media_type": "application/vnd.docker.distribution.manifest.list.v2+json",
        "content_type": "image"
    },
    {
        "creator": 11539943,
        "id": 160958165,
        "images": [
            {
                "architecture": "arm",
                "features": "",
                "variant": "v7",
                "digest": "sha256:1e19373cd2528df14087000a9ca15139106cabc68ec8b5b515b37580bc7214d8",
                "os": "linux",
                "os_features": "",
                "os_version": null,
                "size": 4918175,
                "status": "active",
                "last_pulled": "2024-01-19T23:05:17.096735Z",
                "last_pushed": "2021-08-03T09:14:28.894491Z"
            },
            {
                "architecture": "amd64",
                "features": "",
                "variant": null,
                "digest": "sha256:effeda5dca1e26e2207487d49e2853fc9d84dcf4a09d564fbc72767b06cdc39e",
                "os": "linux",
                "os_features": "",
                "os_version": null,
                "size": 5472101,
                "status": "active",
                "last_pulled": "2024-01-20T08:20:23.449353Z",
                "last_pushed": "2021-08-03T09:14:28.597472Z"
            },
            {
                "architecture": "arm64",
                "features": "",
                "variant": null,
                "digest": "sha256:0b4825a1b4ec4eaeb1419288bd08a4d7b9c5844bf47a2b256225b6bb67295c27",
                "os": "linux",
                "os_features": "",
                "os_version": null,
                "size": 5203330,
                "status": "active",
                "last_pulled": "2024-01-19T23:05:17.56713Z",
                "last_pushed": "2021-08-03T09:14:28.329769Z"
            },
            {
                "architecture": "s390x",
                "features": "",
                "variant": null,
                "digest": "sha256:54b2d8bfb5fb37f7736eb478917d3d7549fc5bac6e7fc04715fe07a3c566d1bd",
                "os": "linux",
                "os_features": "",
                "os_version": null,
                "size": 5209809,
                "status": "active",
                "last_pulled": "2024-01-19T23:05:18.943559Z",
                "last_pushed": "2021-08-03T09:14:29.223783Z"
            },
            {
                "architecture": "ppc64le",
                "features": "",
                "variant": null,
                "digest": "sha256:395812c0fafd3680efd79fac48076b6b8a4e834745453d9f67030e5877d36c1d",
                "os": "linux",
                "os_features": "",
                "os_version": null,
                "size": 5266231,
                "status": "active",
                "last_pulled": "2024-01-19T23:05:18.127994Z",
                "last_pushed": "2021-08-03T09:14:27.994825Z"
            }
        ],
        "last_updated": "2021-08-03T09:14:29.648669Z",
        "last_updater": 11539943,
        "last_updater_username": "testcontainersbuild",
        "name": "0.3.2",
        "repository": 9197539,
        "full_size": 5472101,
        "v2": true,
        "tag_status": "active",
        "tag_last_pulled": "2024-01-20T08:20:23.449353Z",
        "tag_last_pushed": "2021-08-03T09:14:29.648669Z",
        "media_type": "application/vnd.docker.distribution.manifest.list.v2+json",
        "content_type": "image"
    },
    {
        "creator": 11539943,
        "id": 172013735,
        "images": [
            {
                "architecture": "amd64",
                "features": "",
                "variant": null,
                "digest": "sha256:f849edfec8a337c4d0e13b4d9583cf804dfa0b21fc83388a70e25fbcf1ad70e1",
                "os": "linux",
                "os_features": "",
                "os_version": null,
                "size": 5494533,
                "status": "active",
                "last_pulled": "2024-01-20T09:00:42.512965Z",
                "last_pushed": "2021-10-14T08:41:50.327791Z"
            },
            {
                "architecture": "s390x",
                "features": "",
                "variant": null,
                "digest": "sha256:a32b378f07910f082584437193a2fe47d85b821d9373f3e55ae1463bf6ca9546",
                "os": "linux",
                "os_features": "",
                "os_version": null,
                "size": 5245514,
                "status": "active",
                "last_pulled": "2024-01-20T01:00:37.284527Z",
                "last_pushed": "2021-10-14T08:41:50.607532Z"
            },
            {
                "architecture": "arm",
                "features": "",
                "variant": "v7",
                "digest": "sha256:a401b28c0b4beff55650a79409769cb889bb3723343f27471862665657c77cde",
                "os": "linux",
                "os_features": "",
                "os_version": null,
                "size": 4970006,
                "status": "active",
                "last_pulled": "2024-01-20T01:00:36.60101Z",
                "last_pushed": "2021-10-14T08:41:50.458537Z"
            },
            {
                "architecture": "arm64",
                "features": "",
                "variant": null,
                "digest": "sha256:9c527d296bac0e8007a77a8a6e7f3044b91dec2db3727558d565a9680f37040b",
                "os": "linux",
                "os_features": "",
                "os_version": null,
                "size": 5203292,
                "status": "active",
                "last_pulled": "2024-01-20T08:20:38.185722Z",
                "last_pushed": "2021-10-14T08:41:50.201568Z"
            },
            {
                "architecture": "ppc64le",
                "features": "",
                "variant": null,
                "digest": "sha256:5e3ad0ee5b36dad7b7f9dbc1744c9d3b9a99a7bf83c0d65fa1796cd7fb366089",
                "os": "linux",
                "os_features": "",
                "os_version": null,
                "size": 5274246,
                "status": "active",
                "last_pulled": "2024-01-20T01:00:37.109264Z",
                "last_pushed": "2021-10-14T08:41:50.046151Z"
            }
        ],
        "last_updated": "2021-10-14T08:41:50.890672Z",
        "last_updater": 11539943,
        "last_updater_username": "testcontainersbuild",
        "name": "0.3.3",
        "repository": 9197539,
        "full_size": 5494533,
        "v2": true,
        "tag_status": "active",
        "tag_last_pulled": "2024-01-20T09:00:42.512965Z",
        "tag_last_pushed": "2021-10-14T08:41:50.890672Z",
        "media_type": "application/vnd.docker.distribution.manifest.list.v2+json",
        "content_type": "image"
    },
    {
        "creator": 11539943,
        "id": 262064639,
        "images": [
            {
                "architecture": "amd64",
                "features": "",
                "variant": null,
                "digest": "sha256:1e3656c83cbebeb1f7a8d68c7a88932dff59c4a235d564cae76b1a903107b2f8",
                "os": "linux",
                "os_features": "",
                "os_version": null,
                "size": 5492185,
                "status": "active",
                "last_pulled": "2024-01-20T09:04:19.593673Z",
                "last_pushed": "2022-07-28T14:13:23.529878Z"
            },
            {
                "architecture": "arm",
                "features": "",
                "variant": "v7",
                "digest": "sha256:b703245be3a25423ede3a9842b79da988ac09d84b51936744753b1b27ac23e63",
                "os": "linux",
                "os_features": "",
                "os_version": null,
                "size": 4966533,
                "status": "active",
                "last_pulled": "2024-01-20T01:00:25.738936Z",
                "last_pushed": "2022-07-28T14:13:23.786801Z"
            },
            {
                "architecture": "arm64",
                "features": "",
                "variant": null,
                "digest": "sha256:711335868022c6a1fcfd699eee0d5f05452c0cd7561f6d4f153c164f9d7005c0",
                "os": "linux",
                "os_features": "",
                "os_version": null,
                "size": 5201894,
                "status": "active",
                "last_pulled": "2024-01-20T06:58:27.784225Z",
                "last_pushed": "2022-07-28T14:13:23.229579Z"
            },
            {
                "architecture": "ppc64le",
                "features": "",
                "variant": null,
                "digest": "sha256:0c6919cd09240ca9d8b4ad64380ec8de5afc37b8dcecc58307b4e6acaadcc88b",
                "os": "linux",
                "os_features": "",
                "os_version": null,
                "size": 5272426,
                "status": "active",
                "last_pulled": "2024-01-20T01:00:26.206896Z",
                "last_pushed": "2022-07-28T14:13:23.001123Z"
            },
            {
                "architecture": "s390x",
                "features": "",
                "variant": null,
                "digest": "sha256:cef4965b1b7f87e79a19f966e7f147420f273ded5808ce0d3b1721df28c75acb",
                "os": "linux",
                "os_features": "",
                "os_version": null,
                "size": 5243973,
                "status": "active",
                "last_pulled": "2024-01-20T01:00:26.393895Z",
                "last_pushed": "2022-07-28T14:13:24.064516Z"
            }
        ],
        "last_updated": "2022-07-28T14:13:24.803504Z",
        "last_updater": 11539943,
        "last_updater_username": "testcontainersbuild",
        "name": "0.3.4",
        "repository": 9197539,
        "full_size": 5492185,
        "v2": true,
        "tag_status": "active",
        "tag_last_pulled": "2024-01-20T09:04:19.593673Z",
        "tag_last_pushed": "2022-07-28T14:13:24.803504Z",
        "media_type": "application/vnd.docker.distribution.manifest.list.v2+json",
        "content_type": "image",
        "digest": "sha256:0c8faa0a3ad1e154f9d8d5d78627b40d7359ff3f7d3f98556aa32157ad8fd924"
    },
    {
        "creator": 659811,
        "id": 103764696,
        "images": [
            {
                "architecture": "amd64",
                "features": "",
                "variant": null,
                "digest": "sha256:b2762871bff62df9bfcec62609da821803a575e06d74aa7ce1654ded208cc7c5",
                "os": "linux",
                "os_features": "",
                "os_version": null,
                "size": 5473628,
                "status": "active",
                "last_pulled": "2024-01-20T08:43:52.301594Z",
                "last_pushed": "2020-12-02T17:06:53.077666Z"
            }
        ],
        "last_updated": "2020-12-02T17:06:53.077666Z",
        "last_updater": 659811,
        "last_updater_username": "testcontainers",
        "name": "latest",
        "repository": 9197539,
        "full_size": 5473628,
        "v2": true,
        "tag_status": "active",
        "tag_last_pulled": "2024-01-20T08:43:52.301594Z",
        "tag_last_pushed": "2020-12-02T17:06:53.077666Z",
        "media_type": "application/vnd.docker.container.image.v1+json",
        "content_type": "image"
    }
]