{
  "SchemaVersion": 2,
  "ArtifactName": "amir20/dozzle:latest",
  "ArtifactType": "container_image",
  "Metadata": {
    "ImageID": "sha256:bd0c605b80fdc982e54c5bd724846259c6870d295941927e1e0d3ac3cf7148d0",
    "DiffIDs": [
      "sha256:8932fc528392919c8f18b8317bf098fe7e74da60061dac45bdcb28fb3cc15078",
      "sha256:c4dd3270a4beb6369d95cd2212ec9c30e425f6a88a413c49e53dce4da72ad728",
      "sha256:fd1a19081d6f3e5d1c0b1a7dbfe31f4b110bea0b530923a77d9f2363f60ce371"
    ],
    "RepoTags": [
      "amir20/dozzle:latest"
    ],
    "RepoDigests": [
      "amir20/dozzle@sha256:53a022f888e01401f38372c4df10fa6343d89f6eb2df3569efb279496f72196b"
    ],
    "ImageConfig": {
      "architecture": "amd64",
      "created": "2023-11-21T22:23:07.080833721Z",
      "history": [
        {
          "created": "2023-10-31T22:12:13Z",
          "created_by": "ENV PATH=/bin",
          "comment": "buildkit.dockerfile.v0",
          "empty_layer": true
        },
        {
          "created": "2023-10-31T22:12:13Z",
          "created_by": "COPY /data /data # buildkit",
          "comment": "buildkit.dockerfile.v0"
        },
        {
          "created": "2023-10-31T22:12:13Z",
          "created_by": "COPY /etc/ssl/certs/ca-certificates.crt /etc/ssl/certs/ca-certificates.crt # buildkit",
          "comment": "buildkit.dockerfile.v0"
        },
        {
          "created": "2023-11-21T22:23:07Z",
          "created_by": "COPY /dozzle/dozzle /dozzle # buildkit",
          "comment": "buildkit.dockerfile.v0"
        },
        {
          "created": "2023-11-21T22:23:07Z",
          "created_by": "EXPOSE map[8080/tcp:{}]",
          "comment": "buildkit.dockerfile.v0",
          "empty_layer": true
        },
        {
          "created": "2023-11-21T22:23:07Z",
          "created_by": "ENTRYPOINT [\"/dozzle\"]",
          "comment": "buildkit.dockerfile.v0",
          "empty_layer": true
        }
      ],
      "os": "linux",
      "rootfs": {
        "type": "layers",
        "diff_ids": [
          "sha256:8932fc528392919c8f18b8317bf098fe7e74da60061dac45bdcb28fb3cc15078",
          "sha256:c4dd3270a4beb6369d95cd2212ec9c30e425f6a88a413c49e53dce4da72ad728",
          "sha256:fd1a19081d6f3e5d1c0b1a7dbfe31f4b110bea0b530923a77d9f2363f60ce371"
        ]
      },
      "config": {
        "Entrypoint": [
          "/dozzle"
        ],
        "Env": [
          "PATH=/bin"
        ],
        "Labels": {
          "org.opencontainers.image.created": "2023-11-21T22:21:47.417Z",
          "org.opencontainers.image.description": "Realtime log viewer for docker containers.",
          "org.opencontainers.image.licenses": "MIT",
          "org.opencontainers.image.revision": "cacf2cd261855af474d2222a8a2be1774dd04ee6",
          "org.opencontainers.image.source": "https://github.com/amir20/dozzle",
          "org.opencontainers.image.title": "dozzle",
          "org.opencontainers.image.url": "https://github.com/amir20/dozzle",
          "org.opencontainers.image.version": "v5.4.4"
        },
        "WorkingDir": "/"
      }
    }
  }
}
