{
  "SchemaVersion": 2,
  "ArtifactName": "containrrr/watchtower:latest",
  "ArtifactType": "container_image",
  "Metadata": {
    "ImageID": "sha256:e7dd50d07b86c380dd53caeb7778da052d1a8fc2c606644a419afa35e9f5691e",
    "DiffIDs": [
      "sha256:2e4018e909ea5fa77763f395b09d7472ce2429c4f3764e790a1df25ad48433b3",
      "sha256:6486464e2aaa6f15e679cdd0480928974cecc2eae1f4bec2e432b453cf45ef5f",
      "sha256:9423f022686c20238e98700bee344feac57d847776a70da57947dc6d4dd8b4e5"
    ],
    "RepoTags": [
      "containrrr/watchtower:latest"
    ],
    "RepoDigests": [
      "containrrr/watchtower@sha256:6dd50763bbd632a83cb154d5451700530d1e44200b268a4e9488fefdfcf2b038"
    ],
    "ImageConfig": {
      "architecture": "amd64",
      "created": "2023-11-11T18:51:37.413006095Z",
      "history": [
        {
          "created": "2023-11-11T18:51:37Z",
          "created_by": "LABEL com.centurylinklabs.watchtower=true",
          "comment": "buildkit.dockerfile.v0",
          "empty_layer": true
        },
        {
          "created": "2023-11-11T18:51:37Z",
          "created_by": "COPY /etc/ssl/certs/ca-certificates.crt /etc/ssl/certs/ca-certificates.crt # buildkit",
          "comment": "buildkit.dockerfile.v0"
        },
        {
          "created": "2023-11-11T18:51:37Z",
          "created_by": "COPY /usr/share/zoneinfo /usr/share/zoneinfo # buildkit",
          "comment": "buildkit.dockerfile.v0"
        },
        {
          "created": "2023-11-11T18:51:37Z",
          "created_by": "EXPOSE map[8080/tcp:{}]",
          "comment": "buildkit.dockerfile.v0",
          "empty_layer": true
        },
        {
          "created": "2023-11-11T18:51:37Z",
          "created_by": "COPY watchtower / # buildkit",
          "comment": "buildkit.dockerfile.v0"
        },
        {
          "created": "2023-11-11T18:51:37Z",
          "created_by": "HEALTHCHECK \u0026{[\"CMD\" \"/watchtower\" \"--health-check\"] \"0s\" \"0s\" \"0s\" '\\x00'}",
          "comment": "buildkit.dockerfile.v0",
          "empty_layer": true
        },
        {
          "created": "2023-11-11T18:51:37Z",
          "created_by": "ENTRYPOINT [\"/watchtower\"]",
          "comment": "buildkit.dockerfile.v0",
          "empty_layer": true
        }
      ],
      "os": "linux",
      "rootfs": {
        "type": "layers",
        "diff_ids": [
          "sha256:2e4018e909ea5fa77763f395b09d7472ce2429c4f3764e790a1df25ad48433b3",
          "sha256:6486464e2aaa6f15e679cdd0480928974cecc2eae1f4bec2e432b453cf45ef5f",
          "sha256:9423f022686c20238e98700bee344feac57d847776a70da57947dc6d4dd8b4e5"
        ]
      },
      "config": {
        "Healthcheck": {
          "Test": [
            "CMD",
            "/watchtower",
            "--health-check"
          ]
        },
        "Entrypoint": [
          "/watchtower"
        ],
        "Env": [
          "PATH=/usr/local/sbin:/usr/local/bin:/usr/sbin:/usr/bin:/sbin:/bin"
        ],
        "Labels": {
          "com.centurylinklabs.watchtower": "true"
        },
        "WorkingDir": "/"
      }
    }
  }
}
