{
  "SchemaVersion": 2,
  "ArtifactName": "istio/operator:1.20.0",
  "ArtifactType": "container_image",
  "Metadata": {
    "OS": {
      "Family": "ubuntu",
      "Name": "22.04"
    },
    "ImageID": "sha256:8503c281f7133f9fa4cc65427a9006d47738e8a955128dfaa79592976ec2da27",
    "DiffIDs": [
      "sha256:256d88da41857db513b95b50ba9a9b28491b58c954e25477d5dad8abb465430b",
      "sha256:f1cf336c4e873aba995410535fb01269e3020aae21fdc584c88ad13e0797848b",
      "sha256:42be78e1a6ed47a48c93b2af186a73d1ede01e8f965904b379eddf1f7de758fd",
      "sha256:422dac971e0270b383c78a2ed80c283bc000ce7b1cf26d92a14716a3e6d74f67",
      "sha256:7fc4b6a82b9733f36d9a38b35acf59da7891d2bc557124afe2254e2e083628e8"
    ],
    "RepoTags": [
      "istio/operator:1.20.0"
    ],
    "RepoDigests": [
      "istio/operator@sha256:22dbf3aafc388914bbf66c5b5b7264b1f4eb8cf853f3092f31e63f4f28aed0aa"
    ],
    "ImageConfig": {
      "architecture": "amd64",
      "created": "2023-11-14T09:50:48.830439835Z",
      "history": [
        {
          "created": "2023-10-05T07:33:30Z",
          "created_by": "/bin/sh -c #(nop)  ARG RELEASE",
          "empty_layer": true
        },
        {
          "created": "2023-10-05T07:33:30Z",
          "created_by": "/bin/sh -c #(nop)  ARG LAUNCHPAD_BUILD_ARCH",
          "empty_layer": true
        },
        {
          "created": "2023-10-05T07:33:30Z",
          "created_by": "/bin/sh -c #(nop)  LABEL org.opencontainers.image.ref.name=ubuntu",
          "empty_layer": true
        },
        {
          "created": "2023-10-05T07:33:30Z",
          "created_by": "/bin/sh -c #(nop)  LABEL org.opencontainers.image.version=22.04",
          "empty_layer": true
        },
        {
          "created": "2023-10-05T07:33:32Z",
          "created_by": "/bin/sh -c #(nop) ADD file:63d5ab3ef0aab308c0e71cb67292c5467f60deafa9b0418cbb220affcd078444 in / "
        },
        {
          "created": "2023-10-05T07:33:32Z",
          "created_by": "/bin/sh -c #(nop)  CMD [\"/bin/bash\"]",
          "empty_layer": true
        },
        {
          "created": "2023-11-06T19:05:01Z",
          "created_by": "ENV DEBIAN_FRONTEND=noninteractive",
          "comment": "buildkit.dockerfile.v0",
          "empty_layer": true
        },
        {
          "created": "2023-11-06T19:05:01Z",
          "created_by": "RUN /bin/sh -c apt-get update \u0026\u0026   apt-get install --no-install-recommends -y   ca-certificates   curl   iptables   iproute2   iputils-ping   knot-dnsutils   netcat   tcpdump   conntrack   bsdmainutils   net-tools   lsof   sudo   \u0026\u0026 update-ca-certificates   \u0026\u0026 apt-get upgrade -y   \u0026\u0026 apt-get clean   \u0026\u0026 rm -rf  /var/log/*log /var/lib/apt/lists/* /var/log/apt/* /var/lib/dpkg/*-old /var/cache/debconf/*-old   \u0026\u0026 update-alternatives --set iptables /usr/sbin/iptables-legacy   \u0026\u0026 update-alternatives --set ip6tables /usr/sbin/ip6tables-legacy # buildkit",
          "comment": "buildkit.dockerfile.v0"
        },
        {
          "created": "2023-11-06T19:05:01Z",
          "created_by": "RUN /bin/sh -c useradd -m --uid 1337 istio-proxy \u0026\u0026   echo \"istio-proxy ALL=NOPASSWD: ALL\" \u003e\u003e /etc/sudoers # buildkit",
          "comment": "buildkit.dockerfile.v0"
        },
        {
          "created": "2023-11-14T09:50:47Z",
          "created_by": "ARG TARGETARCH",
          "comment": "buildkit.dockerfile.v0",
          "empty_layer": true
        },
        {
          "created": "2023-11-14T09:50:47Z",
          "created_by": "COPY amd64/operator /usr/local/bin/operator # buildkit",
          "comment": "buildkit.dockerfile.v0"
        },
        {
          "created": "2023-11-14T09:50:48Z",
          "created_by": "COPY manifests/ /var/lib/istio/manifests/ # buildkit",
          "comment": "buildkit.dockerfile.v0"
        },
        {
          "created": "2023-11-14T09:50:48Z",
          "created_by": "USER 1337:1337",
          "comment": "buildkit.dockerfile.v0",
          "empty_layer": true
        },
        {
          "created": "2023-11-14T09:50:48Z",
          "created_by": "ENTRYPOINT [\"/usr/local/bin/operator\"]",
          "comment": "buildkit.dockerfile.v0",
          "empty_layer": true
        }
      ],
      "os": "linux",
      "rootfs": {
        "type": "layers",
        "diff_ids": [
          "sha256:256d88da41857db513b95b50ba9a9b28491b58c954e25477d5dad8abb465430b",
          "sha256:f1cf336c4e873aba995410535fb01269e3020aae21fdc584c88ad13e0797848b",
          "sha256:42be78e1a6ed47a48c93b2af186a73d1ede01e8f965904b379eddf1f7de758fd",
          "sha256:422dac971e0270b383c78a2ed80c283bc000ce7b1cf26d92a14716a3e6d74f67",
          "sha256:7fc4b6a82b9733f36d9a38b35acf59da7891d2bc557124afe2254e2e083628e8"
        ]
      },
      "config": {
        "Entrypoint": [
          "/usr/local/bin/operator"
        ],
        "Env": [
          "PATH=/usr/local/sbin:/usr/local/bin:/usr/sbin:/usr/bin:/sbin:/bin",
          "DEBIAN_FRONTEND=noninteractive"
        ],
        "Labels": {
          "org.opencontainers.image.ref.name": "ubuntu",
          "org.opencontainers.image.version": "22.04"
        },
        "User": "1337:1337"
      }
    }
  },
  "Results": [
    {
      "Target": "istio/operator:1.20.0 (ubuntu 22.04)",
      "Class": "os-pkgs",
      "Type": "ubuntu",
      "Vulnerabilities": [
        {
          "VulnerabilityID": "CVE-2022-3715",
          "PkgID": "bash@5.1-6ubuntu1",
          "PkgName": "bash",
          "InstalledVersion": "5.1-6ubuntu1",
          "Status": "affected",
          "Layer": {
            "DiffID": "sha256:256d88da41857db513b95b50ba9a9b28491b58c954e25477d5dad8abb465430b"
          },
          "SeveritySource": "ubuntu",
          "PrimaryURL": "https://avd.aquasec.com/nvd/cve-2022-3715",
          "DataSource": {
            "ID": "ubuntu",
            "Name": "Ubuntu CVE Tracker",
            "URL": "https://git.launchpad.net/ubuntu-cve-tracker"
          },
          "Title": "a heap-buffer-overflow in valid_parameter_transform",
          "Description": "A flaw was found in the bash package, where a heap-buffer overflow can occur in valid parameter_transform. This issue may lead to memory problems.",
          "Severity": "LOW",
          "CweIDs": [
            "CWE-787"
          ],
          "CVSS": {
            "nvd": {
              "V3Vector": "CVSS:3.1/AV:L/AC:L/PR:L/UI:N/S:U/C:H/I:H/A:H",
              "V3Score": 7.8
            },
            "redhat": {
              "V3Vector": "CVSS:3.1/AV:L/AC:L/PR:L/UI:N/S:U/C:L/I:L/A:H",
              "V3Score": 6.6
            }
          },
          "References": [
            "https://access.redhat.com/errata/RHSA-2023:0340",
            "https://access.redhat.com/security/cve/CVE-2022-3715",
            "https://bugzilla.redhat.com/2126720",
            "https://bugzilla.redhat.com/show_bug.cgi?id=2126720",
            "https://cve.mitre.org/cgi-bin/cvename.cgi?name=CVE-2022-3715",
            "https://errata.almalinux.org/9/ALSA-2023-0340.html",
            "https://errata.rockylinux.org/RLSA-2023:0340",
            "https://linux.oracle.com/cve/CVE-2022-3715.html",
            "https://linux.oracle.com/errata/ELSA-2023-0340.html",
            "https://lists.gnu.org/archive/html/bug-bash/2022-08/msg00147.html",
            "https://nvd.nist.gov/vuln/detail/CVE-2022-3715",
            "https://www.cve.org/CVERecord?id=CVE-2022-3715"
          ],
          "PublishedDate": "2023-01-05T15:15:00Z",
          "LastModifiedDate": "2023-02-24T18:38:00Z"
        },
        {
          "VulnerabilityID": "CVE-2016-2781",
          "PkgID": "coreutils@8.32-4.1ubuntu1",
          "PkgName": "coreutils",
          "InstalledVersion": "8.32-4.1ubuntu1",
          "Status": "affected",
          "Layer": {
            "DiffID": "sha256:256d88da41857db513b95b50ba9a9b28491b58c954e25477d5dad8abb465430b"
          },
          "SeveritySource": "ubuntu",
          "PrimaryURL": "https://avd.aquasec.com/nvd/cve-2016-2781",
          "DataSource": {
            "ID": "ubuntu",
            "Name": "Ubuntu CVE Tracker",
            "URL": "https://git.launchpad.net/ubuntu-cve-tracker"
          },
          "Title": "coreutils: Non-privileged session can escape to the parent session in chroot",
          "Description": "chroot in GNU coreutils, when used with --userspec, allows local users to escape to the parent session via a crafted TIOCSTI ioctl call, which pushes characters to the terminal's input buffer.",
          "Severity": "LOW",
          "CweIDs": [
            "CWE-20"
          ],
          "CVSS": {
            "nvd": {
              "V2Vector": "AV:L/AC:L/Au:N/C:N/I:P/A:N",
              "V3Vector": "CVSS:3.0/AV:L/AC:L/PR:L/UI:N/S:C/C:N/I:H/A:N",
              "V2Score": 2.1,
              "V3Score": 6.5
            },
            "redhat": {
              "V2Vector": "AV:L/AC:H/Au:N/C:C/I:C/A:C",
              "V3Vector": "CVSS:3.0/AV:L/AC:L/PR:N/UI:R/S:C/C:H/I:H/A:H",
              "V2Score": 6.2,
              "V3Score": 8.6
            }
          },
          "References": [
            "http://seclists.org/oss-sec/2016/q1/452",
            "http://www.openwall.com/lists/oss-security/2016/02/28/2",
            "http://www.openwall.com/lists/oss-security/2016/02/28/3",
            "https://access.redhat.com/security/cve/CVE-2016-2781",
            "https://cve.mitre.org/cgi-bin/cvename.cgi?name=CVE-2016-2781",
            "https://lists.apache.org/thread.html/rf9fa47ab66495c78bb4120b0754dd9531ca2ff0430f6685ac9b07772%40%3Cdev.mina.apache.org%3E",
            "https://lore.kernel.org/patchwork/patch/793178/",
            "https://nvd.nist.gov/vuln/detail/CVE-2016-2781",
            "https://www.cve.org/CVERecord?id=CVE-2016-2781"
          ],
          "PublishedDate": "2017-02-07T15:59:00Z",
          "LastModifiedDate": "2023-11-07T02:32:00Z"
        },
        {
          "VulnerabilityID": "CVE-2022-27943",
          "PkgID": "gcc-12-base@12.3.0-1ubuntu1~22.04",
          "PkgName": "gcc-12-base",
          "InstalledVersion": "12.3.0-1ubuntu1~22.04",
          "Status": "affected",
          "Layer": {
            "DiffID": "sha256:256d88da41857db513b95b50ba9a9b28491b58c954e25477d5dad8abb465430b"
          },
          "SeveritySource": "ubuntu",
          "PrimaryURL": "https://avd.aquasec.com/nvd/cve-2022-27943",
          "DataSource": {
            "ID": "ubuntu",
            "Name": "Ubuntu CVE Tracker",
            "URL": "https://git.launchpad.net/ubuntu-cve-tracker"
          },
          "Title": "libiberty/rust-demangle.c in GNU GCC 11.2 allows stack exhaustion in demangle_const",
          "Description": "libiberty/rust-demangle.c in GNU GCC 11.2 allows stack consumption in demangle_const, as demonstrated by nm-new.",
          "Severity": "LOW",
          "CweIDs": [
            "CWE-674"
          ],
          "CVSS": {
            "nvd": {
              "V2Vector": "AV:N/AC:M/Au:N/C:N/I:N/A:P",
              "V3Vector": "CVSS:3.1/AV:L/AC:L/PR:N/UI:R/S:U/C:N/I:N/A:H",
              "V2Score": 4.3,
              "V3Score": 5.5
            },
            "redhat": {
              "V3Vector": "CVSS:3.1/AV:L/AC:L/PR:N/UI:R/S:U/C:N/I:N/A:H",
              "V3Score": 5.5
            }
          },
          "References": [
            "https://access.redhat.com/security/cve/CVE-2022-27943",
            "https://cve.mitre.org/cgi-bin/cvename.cgi?name=CVE-2022-27943",
            "https://gcc.gnu.org/bugzilla/show_bug.cgi?id=105039",
            "https://gcc.gnu.org/git/gitweb.cgi?p=gcc.git;h=9234cdca6ee88badfc00297e72f13dac4e540c79",
            "https://gcc.gnu.org/pipermail/gcc-patches/2022-March/592244.html",
            "https://lists.fedoraproject.org/archives/list/package-announce%40lists.fedoraproject.org/message/H424YXGW7OKXS2NCAP35OP6Y4P4AW6VG/",
            "https://nvd.nist.gov/vuln/detail/CVE-2022-27943",
            "https://sourceware.org/bugzilla/show_bug.cgi?id=28995",
            "https://www.cve.org/CVERecord?id=CVE-2022-27943"
          ],
          "PublishedDate": "2022-03-26T13:15:00Z",
          "LastModifiedDate": "2023-11-07T03:45:00Z"
        },
        {
          "VulnerabilityID": "CVE-2022-3219",
          "PkgID": "gpgv@2.2.27-3ubuntu2.1",
          "PkgName": "gpgv",
          "InstalledVersion": "2.2.27-3ubuntu2.1",
          "Status": "affected",
          "Layer": {
            "DiffID": "sha256:256d88da41857db513b95b50ba9a9b28491b58c954e25477d5dad8abb465430b"
          },
          "SeveritySource": "ubuntu",
          "PrimaryURL": "https://avd.aquasec.com/nvd/cve-2022-3219",
          "DataSource": {
            "ID": "ubuntu",
            "Name": "Ubuntu CVE Tracker",
            "URL": "https://git.launchpad.net/ubuntu-cve-tracker"
          },
          "Title": "denial of service issue (resource consumption) using compressed packets",
          "Description": "GnuPG can be made to spin on a relatively small input by (for example) crafting a public key with thousands of signatures attached, compressed down to just a few KB.",
          "Severity": "LOW",
          "CweIDs": [
            "CWE-787"
          ],
          "CVSS": {
            "nvd": {
              "V3Vector": "CVSS:3.1/AV:L/AC:L/PR:L/UI:N/S:U/C:N/I:N/A:L",
              "V3Score": 3.3
            },
            "redhat": {
              "V3Vector": "CVSS:3.1/AV:L/AC:L/PR:N/UI:N/S:U/C:N/I:N/A:H",
              "V3Score": 6.2
            }
          },
          "References": [
            "https://access.redhat.com/security/cve/CVE-2022-3219",
            "https://bugzilla.redhat.com/show_bug.cgi?id=2127010",
            "https://cve.mitre.org/cgi-bin/cvename.cgi?name=CVE-2022-3219",
            "https://dev.gnupg.org/D556",
            "https://dev.gnupg.org/T5993",
            "https://marc.info/?l=oss-security\u0026m=165696590211434\u0026w=4",
            "https://nvd.nist.gov/vuln/detail/CVE-2022-3219",
            "https://security.netapp.com/advisory/ntap-20230324-0001/",
            "https://www.cve.org/CVERecord?id=CVE-2022-3219"
          ],
          "PublishedDate": "2023-02-23T20:15:00Z",
          "LastModifiedDate": "2023-05-26T16:31:00Z"
        },
        {
          "VulnerabilityID": "CVE-2023-5156",
          "PkgID": "libc-bin@2.35-0ubuntu3.4",
          "PkgName": "libc-bin",
          "InstalledVersion": "2.35-0ubuntu3.4",
          "Status": "affected",
          "Layer": {
            "DiffID": "sha256:256d88da41857db513b95b50ba9a9b28491b58c954e25477d5dad8abb465430b"
          },
          "SeveritySource": "ubuntu",
          "PrimaryURL": "https://avd.aquasec.com/nvd/cve-2023-5156",
          "DataSource": {
            "ID": "ubuntu",
            "Name": "Ubuntu CVE Tracker",
            "URL": "https://git.launchpad.net/ubuntu-cve-tracker"
          },
          "Title": "glibc: DoS due to memory leak in getaddrinfo.c",
          "Description": "A flaw was found in the GNU C Library. A recent fix for CVE-2023-4806 introduced the potential for a memory leak, which may result in an application crash.",
          "Severity": "MEDIUM",
          "CweIDs": [
            "CWE-401"
          ],
          "CVSS": {
            "nvd": {
              "V3Vector": "CVSS:3.1/AV:N/AC:L/PR:N/UI:N/S:U/C:N/I:N/A:H",
              "V3Score": 7.5
            },
            "redhat": {
              "V3Vector": "CVSS:3.1/AV:N/AC:L/PR:N/UI:N/S:U/C:N/I:N/A:L",
              "V3Score": 5.3
            }
          },
          "References": [
            "http://www.openwall.com/lists/oss-security/2023/10/03/4",
            "http://www.openwall.com/lists/oss-security/2023/10/03/5",
            "http://www.openwall.com/lists/oss-security/2023/10/03/6",
            "http://www.openwall.com/lists/oss-security/2023/10/03/8",
            "https://access.redhat.com/security/cve/CVE-2023-5156",
            "https://bugzilla.redhat.com/show_bug.cgi?id=2240541",
            "https://cve.mitre.org/cgi-bin/cvename.cgi?name=CVE-2023-5156",
            "https://nvd.nist.gov/vuln/detail/CVE-2023-5156",
            "https://sourceware.org/bugzilla/show_bug.cgi?id=30884",
            "https://sourceware.org/git/?p=glibc.git;a=commitdiff;h=ec6b95c3303c700eb89eebeda2d7264cc184a796",
            "https://sourceware.org/pipermail/libc-alpha/2023-September/151691.html",
            "https://www.cve.org/CVERecord?id=CVE-2023-5156"
          ],
          "PublishedDate": "2023-09-25T16:15:00Z",
          "LastModifiedDate": "2023-11-07T04:23:00Z"
        },
        {
          "VulnerabilityID": "CVE-2016-20013",
          "PkgID": "libc-bin@2.35-0ubuntu3.4",
          "PkgName": "libc-bin",
          "InstalledVersion": "2.35-0ubuntu3.4",
          "Status": "affected",
          "Layer": {
            "DiffID": "sha256:256d88da41857db513b95b50ba9a9b28491b58c954e25477d5dad8abb465430b"
          },
          "SeveritySource": "ubuntu",
          "PrimaryURL": "https://avd.aquasec.com/nvd/cve-2016-20013",
          "DataSource": {
            "ID": "ubuntu",
            "Name": "Ubuntu CVE Tracker",
            "URL": "https://git.launchpad.net/ubuntu-cve-tracker"
          },
          "Description": "sha256crypt and sha512crypt through 0.6 allow attackers to cause a denial of service (CPU consumption) because the algorithm's runtime is proportional to the square of the length of the password.",
          "Severity": "LOW",
          "CweIDs": [
            "CWE-770"
          ],
          "CVSS": {
            "nvd": {
              "V2Vector": "AV:N/AC:L/Au:N/C:N/I:N/A:P",
              "V3Vector": "CVSS:3.1/AV:N/AC:L/PR:N/UI:N/S:U/C:N/I:N/A:H",
              "V2Score": 5,
              "V3Score": 7.5
            }
          },
          "References": [
            "https://akkadia.org/drepper/SHA-crypt.txt",
            "https://cve.mitre.org/cgi-bin/cvename.cgi?name=CVE-2016-20013",
            "https://pthree.org/2018/05/23/do-not-use-sha256crypt-sha512crypt-theyre-dangerous/",
            "https://twitter.com/solardiz/status/795601240151457793"
          ],
          "PublishedDate": "2022-02-19T05:15:00Z",
          "LastModifiedDate": "2022-03-03T16:43:00Z"
        },
        {
          "VulnerabilityID": "CVE-2023-4806",
          "PkgID": "libc-bin@2.35-0ubuntu3.4",
          "PkgName": "libc-bin",
          "InstalledVersion": "2.35-0ubuntu3.4",
          "Status": "affected",
          "Layer": {
            "DiffID": "sha256:256d88da41857db513b95b50ba9a9b28491b58c954e25477d5dad8abb465430b"
          },
          "SeveritySource": "ubuntu",
          "PrimaryURL": "https://avd.aquasec.com/nvd/cve-2023-4806",
          "DataSource": {
            "ID": "ubuntu",
            "Name": "Ubuntu CVE Tracker",
            "URL": "https://git.launchpad.net/ubuntu-cve-tracker"
          },
          "Title": "glibc: potential use-after-free in getaddrinfo()",
          "Description": "A flaw was found in glibc. In an extremely rare situation, the getaddrinfo function may access memory that has been freed, resulting in an application crash. This issue is only exploitable when a NSS module implements only the _nss_*_gethostbyname2_r and _nss_*_getcanonname_r hooks without implementing the _nss_*_gethostbyname3_r hook. The resolved name should return a large number of IPv6 and IPv4, and the call to the getaddrinfo function should have the AF_INET6 address family with AI_CANONNAME, AI_ALL and AI_V4MAPPED as flags.",
          "Severity": "LOW",
          "CweIDs": [
            "CWE-416"
          ],
          "CVSS": {
            "nvd": {
              "V3Vector": "CVSS:3.1/AV:N/AC:H/PR:N/UI:N/S:U/C:N/I:N/A:H",
              "V3Score": 5.9
            },
            "redhat": {
              "V3Vector": "CVSS:3.1/AV:N/AC:H/PR:N/UI:N/S:U/C:N/I:N/A:H",
              "V3Score": 5.9
            }
          },
          "References": [
            "http://www.openwall.com/lists/oss-security/2023/10/03/4",
            "http://www.openwall.com/lists/oss-security/2023/10/03/5",
            "http://www.openwall.com/lists/oss-security/2023/10/03/6",
            "http://www.openwall.com/lists/oss-security/2023/10/03/8",
            "https://access.redhat.com/errata/RHSA-2023:5453",
            "https://access.redhat.com/errata/RHSA-2023:5455",
            "https://access.redhat.com/security/cve/CVE-2023-4806",
            "https://bugzilla.redhat.com/2234712",
            "https://bugzilla.redhat.com/2237782",
            "https://bugzilla.redhat.com/2237798",
            "https://bugzilla.redhat.com/2238352",
            "https://bugzilla.redhat.com/show_bug.cgi?id=2234712",
            "https://bugzilla.redhat.com/show_bug.cgi?id=2237782",
            "https://bugzilla.redhat.com/show_bug.cgi?id=2237798",
            "https://bugzilla.redhat.com/show_bug.cgi?id=2238352",
            "https://cve.mitre.org/cgi-bin/cvename.cgi?name=CVE-2023-4527",
            "https://cve.mitre.org/cgi-bin/cvename.cgi?name=CVE-2023-4806",
            "https://cve.mitre.org/cgi-bin/cvename.cgi?name=CVE-2023-4813",
            "https://cve.mitre.org/cgi-bin/cvename.cgi?name=CVE-2023-4911",
            "https://errata.almalinux.org/9/ALSA-2023-5453.html",
            "https://errata.rockylinux.org/RLSA-2023:5455",
            "https://linux.oracle.com/cve/CVE-2023-4806.html",
            "https://linux.oracle.com/errata/ELSA-2023-5455.html",
            "https://lists.fedoraproject.org/archives/list/package-announce@lists.fedoraproject.org/message/4DBUQRRPB47TC3NJOUIBVWUGFHBJAFDL/",
            "https://lists.fedoraproject.org/archives/list/package-announce@lists.fedoraproject.org/message/DFG4P76UHHZEWQ26FWBXG76N2QLKKPZA/",
            "https://lists.fedoraproject.org/archives/list/package-announce@lists.fedoraproject.org/message/NDAQWHTSVOCOZ5K6KPIWKRT3JX4RTZUR/",
            "https://nvd.nist.gov/vuln/detail/CVE-2023-4806",
            "https://security.gentoo.org/glsa/202310-03",
            "https://www.cve.org/CVERecord?id=CVE-2023-4806"
          ],
          "PublishedDate": "2023-09-18T17:15:00Z",
          "LastModifiedDate": "2023-11-07T04:22:00Z"
        },
        {
          "VulnerabilityID": "CVE-2023-4813",
          "PkgID": "libc-bin@2.35-0ubuntu3.4",
          "PkgName": "libc-bin",
          "InstalledVersion": "2.35-0ubuntu3.4",
          "Status": "affected",
          "Layer": {
            "DiffID": "sha256:256d88da41857db513b95b50ba9a9b28491b58c954e25477d5dad8abb465430b"
          },
          "SeveritySource": "ubuntu",
          "PrimaryURL": "https://avd.aquasec.com/nvd/cve-2023-4813",
          "DataSource": {
            "ID": "ubuntu",
            "Name": "Ubuntu CVE Tracker",
            "URL": "https://git.launchpad.net/ubuntu-cve-tracker"
          },
          "Title": "glibc: potential use-after-free in gaih_inet()",
          "Description": "A flaw was found in glibc. In an uncommon situation, the gaih_inet function may use memory that has been freed, resulting in an application crash. This issue is only exploitable when the getaddrinfo function is called and the hosts database in /etc/nsswitch.conf is configured with SUCCESS=continue or SUCCESS=merge.",
          "Severity": "LOW",
          "CweIDs": [
            "CWE-416"
          ],
          "CVSS": {
            "nvd": {
              "V3Vector": "CVSS:3.1/AV:N/AC:H/PR:N/UI:N/S:U/C:N/I:N/A:H",
              "V3Score": 5.9
            },
            "redhat": {
              "V3Vector": "CVSS:3.1/AV:N/AC:H/PR:N/UI:N/S:U/C:N/I:N/A:H",
              "V3Score": 5.9
            }
          },
          "References": [
            "http://www.openwall.com/lists/oss-security/2023/10/03/8",
            "https://access.redhat.com/errata/RHSA-2023:5453",
            "https://access.redhat.com/errata/RHSA-2023:5455",
            "https://access.redhat.com/security/cve/CVE-2023-4813",
            "https://bugzilla.redhat.com/2234712",
            "https://bugzilla.redhat.com/2237782",
            "https://bugzilla.redhat.com/2237798",
            "https://bugzilla.redhat.com/2238352",
            "https://bugzilla.redhat.com/show_bug.cgi?id=2234712",
            "https://bugzilla.redhat.com/show_bug.cgi?id=2237782",
            "https://bugzilla.redhat.com/show_bug.cgi?id=2237798",
            "https://bugzilla.redhat.com/show_bug.cgi?id=2238352",
            "https://cve.mitre.org/cgi-bin/cvename.cgi?name=CVE-2023-4527",
            "https://cve.mitre.org/cgi-bin/cvename.cgi?name=CVE-2023-4806",
            "https://cve.mitre.org/cgi-bin/cvename.cgi?name=CVE-2023-4813",
            "https://cve.mitre.org/cgi-bin/cvename.cgi?name=CVE-2023-4911",
            "https://errata.almalinux.org/9/ALSA-2023-5453.html",
            "https://errata.rockylinux.org/RLSA-2023:5455",
            "https://linux.oracle.com/cve/CVE-2023-4813.html",
            "https://linux.oracle.com/errata/ELSA-2023-5455.html",
            "https://nvd.nist.gov/vuln/detail/CVE-2023-4813",
            "https://security.netapp.com/advisory/ntap-20231110-0003/",
            "https://www.cve.org/CVERecord?id=CVE-2023-4813"
          ],
          "PublishedDate": "2023-09-12T22:15:00Z",
          "LastModifiedDate": "2023-11-10T18:15:00Z"
        },
        {
          "VulnerabilityID": "CVE-2023-5156",
          "PkgID": "libc6@2.35-0ubuntu3.4",
          "PkgName": "libc6",
          "InstalledVersion": "2.35-0ubuntu3.4",
          "Status": "affected",
          "Layer": {
            "DiffID": "sha256:256d88da41857db513b95b50ba9a9b28491b58c954e25477d5dad8abb465430b"
          },
          "SeveritySource": "ubuntu",
          "PrimaryURL": "https://avd.aquasec.com/nvd/cve-2023-5156",
          "DataSource": {
            "ID": "ubuntu",
            "Name": "Ubuntu CVE Tracker",
            "URL": "https://git.launchpad.net/ubuntu-cve-tracker"
          },
          "Title": "glibc: DoS due to memory leak in getaddrinfo.c",
          "Description": "A flaw was found in the GNU C Library. A recent fix for CVE-2023-4806 introduced the potential for a memory leak, which may result in an application crash.",
          "Severity": "MEDIUM",
          "CweIDs": [
            "CWE-401"
          ],
          "CVSS": {
            "nvd": {
              "V3Vector": "CVSS:3.1/AV:N/AC:L/PR:N/UI:N/S:U/C:N/I:N/A:H",
              "V3Score": 7.5
            },
            "redhat": {
              "V3Vector": "CVSS:3.1/AV:N/AC:L/PR:N/UI:N/S:U/C:N/I:N/A:L",
              "V3Score": 5.3
            }
          },
          "References": [
            "http://www.openwall.com/lists/oss-security/2023/10/03/4",
            "http://www.openwall.com/lists/oss-security/2023/10/03/5",
            "http://www.openwall.com/lists/oss-security/2023/10/03/6",
            "http://www.openwall.com/lists/oss-security/2023/10/03/8",
            "https://access.redhat.com/security/cve/CVE-2023-5156",
            "https://bugzilla.redhat.com/show_bug.cgi?id=2240541",
            "https://cve.mitre.org/cgi-bin/cvename.cgi?name=CVE-2023-5156",
            "https://nvd.nist.gov/vuln/detail/CVE-2023-5156",
            "https://sourceware.org/bugzilla/show_bug.cgi?id=30884",
            "https://sourceware.org/git/?p=glibc.git;a=commitdiff;h=ec6b95c3303c700eb89eebeda2d7264cc184a796",
            "https://sourceware.org/pipermail/libc-alpha/2023-September/151691.html",
            "https://www.cve.org/CVERecord?id=CVE-2023-5156"
          ],
          "PublishedDate": "2023-09-25T16:15:00Z",
          "LastModifiedDate": "2023-11-07T04:23:00Z"
        },
        {
          "VulnerabilityID": "CVE-2016-20013",
          "PkgID": "libc6@2.35-0ubuntu3.4",
          "PkgName": "libc6",
          "InstalledVersion": "2.35-0ubuntu3.4",
          "Status": "affected",
          "Layer": {
            "DiffID": "sha256:256d88da41857db513b95b50ba9a9b28491b58c954e25477d5dad8abb465430b"
          },
          "SeveritySource": "ubuntu",
          "PrimaryURL": "https://avd.aquasec.com/nvd/cve-2016-20013",
          "DataSource": {
            "ID": "ubuntu",
            "Name": "Ubuntu CVE Tracker",
            "URL": "https://git.launchpad.net/ubuntu-cve-tracker"
          },
          "Description": "sha256crypt and sha512crypt through 0.6 allow attackers to cause a denial of service (CPU consumption) because the algorithm's runtime is proportional to the square of the length of the password.",
          "Severity": "LOW",
          "CweIDs": [
            "CWE-770"
          ],
          "CVSS": {
            "nvd": {
              "V2Vector": "AV:N/AC:L/Au:N/C:N/I:N/A:P",
              "V3Vector": "CVSS:3.1/AV:N/AC:L/PR:N/UI:N/S:U/C:N/I:N/A:H",
              "V2Score": 5,
              "V3Score": 7.5
            }
          },
          "References": [
            "https://akkadia.org/drepper/SHA-crypt.txt",
            "https://cve.mitre.org/cgi-bin/cvename.cgi?name=CVE-2016-20013",
            "https://pthree.org/2018/05/23/do-not-use-sha256crypt-sha512crypt-theyre-dangerous/",
            "https://twitter.com/solardiz/status/795601240151457793"
          ],
          "PublishedDate": "2022-02-19T05:15:00Z",
          "LastModifiedDate": "2022-03-03T16:43:00Z"
        },
        {
          "VulnerabilityID": "CVE-2023-4806",
          "PkgID": "libc6@2.35-0ubuntu3.4",
          "PkgName": "libc6",
          "InstalledVersion": "2.35-0ubuntu3.4",
          "Status": "affected",
          "Layer": {
            "DiffID": "sha256:256d88da41857db513b95b50ba9a9b28491b58c954e25477d5dad8abb465430b"
          },
          "SeveritySource": "ubuntu",
          "PrimaryURL": "https://avd.aquasec.com/nvd/cve-2023-4806",
          "DataSource": {
            "ID": "ubuntu",
            "Name": "Ubuntu CVE Tracker",
            "URL": "https://git.launchpad.net/ubuntu-cve-tracker"
          },
          "Title": "glibc: potential use-after-free in getaddrinfo()",
          "Description": "A flaw was found in glibc. In an extremely rare situation, the getaddrinfo function may access memory that has been freed, resulting in an application crash. This issue is only exploitable when a NSS module implements only the _nss_*_gethostbyname2_r and _nss_*_getcanonname_r hooks without implementing the _nss_*_gethostbyname3_r hook. The resolved name should return a large number of IPv6 and IPv4, and the call to the getaddrinfo function should have the AF_INET6 address family with AI_CANONNAME, AI_ALL and AI_V4MAPPED as flags.",
          "Severity": "LOW",
          "CweIDs": [
            "CWE-416"
          ],
          "CVSS": {
            "nvd": {
              "V3Vector": "CVSS:3.1/AV:N/AC:H/PR:N/UI:N/S:U/C:N/I:N/A:H",
              "V3Score": 5.9
            },
            "redhat": {
              "V3Vector": "CVSS:3.1/AV:N/AC:H/PR:N/UI:N/S:U/C:N/I:N/A:H",
              "V3Score": 5.9
            }
          },
          "References": [
            "http://www.openwall.com/lists/oss-security/2023/10/03/4",
            "http://www.openwall.com/lists/oss-security/2023/10/03/5",
            "http://www.openwall.com/lists/oss-security/2023/10/03/6",
            "http://www.openwall.com/lists/oss-security/2023/10/03/8",
            "https://access.redhat.com/errata/RHSA-2023:5453",
            "https://access.redhat.com/errata/RHSA-2023:5455",
            "https://access.redhat.com/security/cve/CVE-2023-4806",
            "https://bugzilla.redhat.com/2234712",
            "https://bugzilla.redhat.com/2237782",
            "https://bugzilla.redhat.com/2237798",
            "https://bugzilla.redhat.com/2238352",
            "https://bugzilla.redhat.com/show_bug.cgi?id=2234712",
            "https://bugzilla.redhat.com/show_bug.cgi?id=2237782",
            "https://bugzilla.redhat.com/show_bug.cgi?id=2237798",
            "https://bugzilla.redhat.com/show_bug.cgi?id=2238352",
            "https://cve.mitre.org/cgi-bin/cvename.cgi?name=CVE-2023-4527",
            "https://cve.mitre.org/cgi-bin/cvename.cgi?name=CVE-2023-4806",
            "https://cve.mitre.org/cgi-bin/cvename.cgi?name=CVE-2023-4813",
            "https://cve.mitre.org/cgi-bin/cvename.cgi?name=CVE-2023-4911",
            "https://errata.almalinux.org/9/ALSA-2023-5453.html",
            "https://errata.rockylinux.org/RLSA-2023:5455",
            "https://linux.oracle.com/cve/CVE-2023-4806.html",
            "https://linux.oracle.com/errata/ELSA-2023-5455.html",
            "https://lists.fedoraproject.org/archives/list/package-announce@lists.fedoraproject.org/message/4DBUQRRPB47TC3NJOUIBVWUGFHBJAFDL/",
            "https://lists.fedoraproject.org/archives/list/package-announce@lists.fedoraproject.org/message/DFG4P76UHHZEWQ26FWBXG76N2QLKKPZA/",
            "https://lists.fedoraproject.org/archives/list/package-announce@lists.fedoraproject.org/message/NDAQWHTSVOCOZ5K6KPIWKRT3JX4RTZUR/",
            "https://nvd.nist.gov/vuln/detail/CVE-2023-4806",
            "https://security.gentoo.org/glsa/202310-03",
            "https://www.cve.org/CVERecord?id=CVE-2023-4806"
          ],
          "PublishedDate": "2023-09-18T17:15:00Z",
          "LastModifiedDate": "2023-11-07T04:22:00Z"
        },
        {
          "VulnerabilityID": "CVE-2023-4813",
          "PkgID": "libc6@2.35-0ubuntu3.4",
          "PkgName": "libc6",
          "InstalledVersion": "2.35-0ubuntu3.4",
          "Status": "affected",
          "Layer": {
            "DiffID": "sha256:256d88da41857db513b95b50ba9a9b28491b58c954e25477d5dad8abb465430b"
          },
          "SeveritySource": "ubuntu",
          "PrimaryURL": "https://avd.aquasec.com/nvd/cve-2023-4813",
          "DataSource": {
            "ID": "ubuntu",
            "Name": "Ubuntu CVE Tracker",
            "URL": "https://git.launchpad.net/ubuntu-cve-tracker"
          },
          "Title": "glibc: potential use-after-free in gaih_inet()",
          "Description": "A flaw was found in glibc. In an uncommon situation, the gaih_inet function may use memory that has been freed, resulting in an application crash. This issue is only exploitable when the getaddrinfo function is called and the hosts database in /etc/nsswitch.conf is configured with SUCCESS=continue or SUCCESS=merge.",
          "Severity": "LOW",
          "CweIDs": [
            "CWE-416"
          ],
          "CVSS": {
            "nvd": {
              "V3Vector": "CVSS:3.1/AV:N/AC:H/PR:N/UI:N/S:U/C:N/I:N/A:H",
              "V3Score": 5.9
            },
            "redhat": {
              "V3Vector": "CVSS:3.1/AV:N/AC:H/PR:N/UI:N/S:U/C:N/I:N/A:H",
              "V3Score": 5.9
            }
          },
          "References": [
            "http://www.openwall.com/lists/oss-security/2023/10/03/8",
            "https://access.redhat.com/errata/RHSA-2023:5453",
            "https://access.redhat.com/errata/RHSA-2023:5455",
            "https://access.redhat.com/security/cve/CVE-2023-4813",
            "https://bugzilla.redhat.com/2234712",
            "https://bugzilla.redhat.com/2237782",
            "https://bugzilla.redhat.com/2237798",
            "https://bugzilla.redhat.com/2238352",
            "https://bugzilla.redhat.com/show_bug.cgi?id=2234712",
            "https://bugzilla.redhat.com/show_bug.cgi?id=2237782",
            "https://bugzilla.redhat.com/show_bug.cgi?id=2237798",
            "https://bugzilla.redhat.com/show_bug.cgi?id=2238352",
            "https://cve.mitre.org/cgi-bin/cvename.cgi?name=CVE-2023-4527",
            "https://cve.mitre.org/cgi-bin/cvename.cgi?name=CVE-2023-4806",
            "https://cve.mitre.org/cgi-bin/cvename.cgi?name=CVE-2023-4813",
            "https://cve.mitre.org/cgi-bin/cvename.cgi?name=CVE-2023-4911",
            "https://errata.almalinux.org/9/ALSA-2023-5453.html",
            "https://errata.rockylinux.org/RLSA-2023:5455",
            "https://linux.oracle.com/cve/CVE-2023-4813.html",
            "https://linux.oracle.com/errata/ELSA-2023-5455.html",
            "https://nvd.nist.gov/vuln/detail/CVE-2023-4813",
            "https://security.netapp.com/advisory/ntap-20231110-0003/",
            "https://www.cve.org/CVERecord?id=CVE-2023-4813"
          ],
          "PublishedDate": "2023-09-12T22:15:00Z",
          "LastModifiedDate": "2023-11-10T18:15:00Z"
        },
        {
          "VulnerabilityID": "CVE-2023-34969",
          "PkgID": "libdbus-1-3@1.12.20-2ubuntu4.1",
          "PkgName": "libdbus-1-3",
          "InstalledVersion": "1.12.20-2ubuntu4.1",
          "Status": "affected",
          "Layer": {
            "DiffID": "sha256:f1cf336c4e873aba995410535fb01269e3020aae21fdc584c88ad13e0797848b"
          },
          "SeveritySource": "ubuntu",
          "PrimaryURL": "https://avd.aquasec.com/nvd/cve-2023-34969",
          "DataSource": {
            "ID": "ubuntu",
            "Name": "Ubuntu CVE Tracker",
            "URL": "https://git.launchpad.net/ubuntu-cve-tracker"
          },
          "Title": "dbus: dbus-daemon: assertion failure when a monitor is active and a message from the driver cannot be delivered",
          "Description": "D-Bus before 1.15.6 sometimes allows unprivileged users to crash dbus-daemon. If a privileged user with control over the dbus-daemon is using the org.freedesktop.DBus.Monitoring interface to monitor message bus traffic, then an unprivileged user with the ability to connect to the same dbus-daemon can cause a dbus-daemon crash under some circumstances via an unreplyable message. When done on the well-known system bus, this is a denial-of-service vulnerability. The fixed versions are 1.12.28, 1.14.8, and 1.15.6.",
          "Severity": "LOW",
          "CVSS": {
            "nvd": {
              "V3Vector": "CVSS:3.1/AV:N/AC:L/PR:L/UI:N/S:U/C:N/I:N/A:H",
              "V3Score": 6.5
            },
            "redhat": {
              "V3Vector": "CVSS:3.1/AV:L/AC:L/PR:N/UI:N/S:U/C:N/I:N/A:H",
              "V3Score": 6.2
            }
          },
          "References": [
            "https://access.redhat.com/errata/RHSA-2023:4569",
            "https://access.redhat.com/security/cve/CVE-2023-34969",
            "https://bugzilla.redhat.com/2213166",
            "https://bugzilla.redhat.com/show_bug.cgi?id=2213166",
            "https://cve.mitre.org/cgi-bin/cvename.cgi?name=CVE-2023-34969",
            "https://errata.almalinux.org/9/ALSA-2023-4569.html",
            "https://errata.rockylinux.org/RLSA-2023:4498",
            "https://gitlab.freedesktop.org/dbus/dbus/-/issues/457",
            "https://linux.oracle.com/cve/CVE-2023-34969.html",
            "https://linux.oracle.com/errata/ELSA-2023-4569.html",
            "https://lists.debian.org/debian-lts-announce/2023/10/msg00033.html",
            "https://lists.fedoraproject.org/archives/list/package-announce%40lists.fedoraproject.org/message/BZYCDRMD7B4XO4HF6C6YTLH4YUD7TANP/",
            "https://nvd.nist.gov/vuln/detail/CVE-2023-34969",
            "https://ubuntu.com/security/notices/USN-6372-1",
            "https://www.cve.org/CVERecord?id=CVE-2023-34969"
          ],
          "PublishedDate": "2023-06-08T03:15:00Z",
          "LastModifiedDate": "2023-11-15T03:26:00Z"
        },
        {
          "VulnerabilityID": "CVE-2022-27943",
          "PkgID": "libgcc-s1@12.3.0-1ubuntu1~22.04",
          "PkgName": "libgcc-s1",
          "InstalledVersion": "12.3.0-1ubuntu1~22.04",
          "Status": "affected",
          "Layer": {
            "DiffID": "sha256:256d88da41857db513b95b50ba9a9b28491b58c954e25477d5dad8abb465430b"
          },
          "SeveritySource": "ubuntu",
          "PrimaryURL": "https://avd.aquasec.com/nvd/cve-2022-27943",
          "DataSource": {
            "ID": "ubuntu",
            "Name": "Ubuntu CVE Tracker",
            "URL": "https://git.launchpad.net/ubuntu-cve-tracker"
          },
          "Title": "libiberty/rust-demangle.c in GNU GCC 11.2 allows stack exhaustion in demangle_const",
          "Description": "libiberty/rust-demangle.c in GNU GCC 11.2 allows stack consumption in demangle_const, as demonstrated by nm-new.",
          "Severity": "LOW",
          "CweIDs": [
            "CWE-674"
          ],
          "CVSS": {
            "nvd": {
              "V2Vector": "AV:N/AC:M/Au:N/C:N/I:N/A:P",
              "V3Vector": "CVSS:3.1/AV:L/AC:L/PR:N/UI:R/S:U/C:N/I:N/A:H",
              "V2Score": 4.3,
              "V3Score": 5.5
            },
            "redhat": {
              "V3Vector": "CVSS:3.1/AV:L/AC:L/PR:N/UI:R/S:U/C:N/I:N/A:H",
              "V3Score": 5.5
            }
          },
          "References": [
            "https://access.redhat.com/security/cve/CVE-2022-27943",
            "https://cve.mitre.org/cgi-bin/cvename.cgi?name=CVE-2022-27943",
            "https://gcc.gnu.org/bugzilla/show_bug.cgi?id=105039",
            "https://gcc.gnu.org/git/gitweb.cgi?p=gcc.git;h=9234cdca6ee88badfc00297e72f13dac4e540c79",
            "https://gcc.gnu.org/pipermail/gcc-patches/2022-March/592244.html",
            "https://lists.fedoraproject.org/archives/list/package-announce%40lists.fedoraproject.org/message/H424YXGW7OKXS2NCAP35OP6Y4P4AW6VG/",
            "https://nvd.nist.gov/vuln/detail/CVE-2022-27943",
            "https://sourceware.org/bugzilla/show_bug.cgi?id=28995",
            "https://www.cve.org/CVERecord?id=CVE-2022-27943"
          ],
          "PublishedDate": "2022-03-26T13:15:00Z",
          "LastModifiedDate": "2023-11-07T03:45:00Z"
        },
        {
          "VulnerabilityID": "CVE-2023-2953",
          "PkgID": "libldap-2.5-0@2.5.16+dfsg-0ubuntu0.22.04.1",
          "PkgName": "libldap-2.5-0",
          "InstalledVersion": "2.5.16+dfsg-0ubuntu0.22.04.1",
          "Status": "affected",
          "Layer": {
            "DiffID": "sha256:f1cf336c4e873aba995410535fb01269e3020aae21fdc584c88ad13e0797848b"
          },
          "SeveritySource": "ubuntu",
          "PrimaryURL": "https://avd.aquasec.com/nvd/cve-2023-2953",
          "DataSource": {
            "ID": "ubuntu",
            "Name": "Ubuntu CVE Tracker",
            "URL": "https://git.launchpad.net/ubuntu-cve-tracker"
          },
          "Title": "null pointer dereference in  ber_memalloc_x  function",
          "Description": "A vulnerability was found in openldap. This security flaw causes a null pointer dereference in ber_memalloc_x() function.",
          "Severity": "LOW",
          "CweIDs": [
            "CWE-476"
          ],
          "CVSS": {
            "bitnami": {
              "V3Vector": "CVSS:3.1/AV:N/AC:L/PR:N/UI:N/S:U/C:N/I:N/A:H",
              "V3Score": 7.5
            },
            "nvd": {
              "V3Vector": "CVSS:3.1/AV:N/AC:L/PR:N/UI:N/S:U/C:N/I:N/A:H",
              "V3Score": 7.5
            },
            "redhat": {
              "V3Vector": "CVSS:3.1/AV:N/AC:L/PR:N/UI:R/S:U/C:N/I:L/A:H",
              "V3Score": 7.1
            }
          },
          "References": [
            "http://seclists.org/fulldisclosure/2023/Jul/47",
            "http://seclists.org/fulldisclosure/2023/Jul/48",
            "http://seclists.org/fulldisclosure/2023/Jul/52",
            "https://access.redhat.com/security/cve/CVE-2023-2953",
            "https://bugs.openldap.org/show_bug.cgi?id=9904",
            "https://cve.mitre.org/cgi-bin/cvename.cgi?name=CVE-2023-2953",
            "https://nvd.nist.gov/vuln/detail/CVE-2023-2953",
            "https://security.netapp.com/advisory/ntap-20230703-0005/",
            "https://support.apple.com/kb/HT213843",
            "https://support.apple.com/kb/HT213844",
            "https://support.apple.com/kb/HT213845",
            "https://ubuntu.com/security/notices/USN-6197-1",
            "https://www.cve.org/CVERecord?id=CVE-2023-2953"
          ],
          "PublishedDate": "2023-05-30T22:15:00Z",
          "LastModifiedDate": "2023-08-02T16:46:00Z"
        },
        {
          "VulnerabilityID": "CVE-2020-22916",
          "PkgID": "liblzma5@5.2.5-2ubuntu1",
          "PkgName": "liblzma5",
          "InstalledVersion": "5.2.5-2ubuntu1",
          "Status": "affected",
          "Layer": {
            "DiffID": "sha256:256d88da41857db513b95b50ba9a9b28491b58c954e25477d5dad8abb465430b"
          },
          "SeveritySource": "ubuntu",
          "PrimaryURL": "https://avd.aquasec.com/nvd/cve-2020-22916",
          "DataSource": {
            "ID": "ubuntu",
            "Name": "Ubuntu CVE Tracker",
            "URL": "https://git.launchpad.net/ubuntu-cve-tracker"
          },
          "Title": "Denial of service via decompression of crafted file",
          "Description": "An issue discovered in XZ 5.2.5 allows attackers to cause a denial of service via decompression of a crafted file. NOTE: the vendor disputes the claims of \"endless output\" and \"denial of service\" because decompression of the 17,486 bytes always results in 114,881,179 bytes, which is often a reasonable size increase.",
          "Severity": "MEDIUM",
          "CVSS": {
            "nvd": {
              "V3Vector": "CVSS:3.1/AV:L/AC:L/PR:N/UI:R/S:U/C:N/I:N/A:H",
              "V3Score": 5.5
            },
            "redhat": {
              "V3Vector": "CVSS:3.1/AV:L/AC:L/PR:N/UI:R/S:U/C:N/I:N/A:H",
              "V3Score": 5.5
            }
          },
          "References": [
            "http://web.archive.org/web/20230918084612/https://github.com/snappyJack/CVE-request-XZ-5.2.5-has-denial-of-service-vulnerability",
            "https://access.redhat.com/security/cve/CVE-2020-22916",
            "https://bugzilla.redhat.com/show_bug.cgi?id=2234987",
            "https://bugzilla.suse.com/show_bug.cgi?id=1214590",
            "https://cve.mitre.org/cgi-bin/cvename.cgi?name=CVE-2020-22916",
            "https://github.com/snappyJack/CVE-request-XZ-5.2.5-has-denial-of-service-vulnerability",
            "https://github.com/tukaani-project/xz/issues/61",
            "https://nvd.nist.gov/vuln/detail/CVE-2020-22916",
            "https://security-tracker.debian.org/tracker/CVE-2020-22916",
            "https://tukaani.org/xz/",
            "https://www.cve.org/CVERecord?id=CVE-2020-22916"
          ],
          "PublishedDate": "2023-08-22T19:16:00Z",
          "LastModifiedDate": "2023-11-07T03:19:00Z"
        },
        {
          "VulnerabilityID": "CVE-2017-11164",
          "PkgID": "libpcre3@2:8.39-13ubuntu0.22.04.1",
          "PkgName": "libpcre3",
          "InstalledVersion": "2:8.39-13ubuntu0.22.04.1",
          "Status": "affected",
          "Layer": {
            "DiffID": "sha256:256d88da41857db513b95b50ba9a9b28491b58c954e25477d5dad8abb465430b"
          },
          "SeveritySource": "ubuntu",
          "PrimaryURL": "https://avd.aquasec.com/nvd/cve-2017-11164",
          "DataSource": {
            "ID": "ubuntu",
            "Name": "Ubuntu CVE Tracker",
            "URL": "https://git.launchpad.net/ubuntu-cve-tracker"
          },
          "Title": "OP_KETRMAX feature in the match function in pcre_exec.c",
          "Description": "In PCRE 8.41, the OP_KETRMAX feature in the match function in pcre_exec.c allows stack exhaustion (uncontrolled recursion) when processing a crafted regular expression.",
          "Severity": "LOW",
          "CweIDs": [
            "CWE-674"
          ],
          "CVSS": {
            "nvd": {
              "V2Vector": "AV:N/AC:L/Au:N/C:N/I:N/A:C",
              "V3Vector": "CVSS:3.0/AV:N/AC:L/PR:N/UI:N/S:U/C:N/I:N/A:H",
              "V2Score": 7.8,
              "V3Score": 7.5
            },
            "redhat": {
              "V3Vector": "CVSS:3.0/AV:L/AC:L/PR:N/UI:R/S:U/C:N/I:N/A:L",
              "V3Score": 3.3
            }
          },
          "References": [
            "http://openwall.com/lists/oss-security/2017/07/11/3",
            "http://www.openwall.com/lists/oss-security/2023/04/11/1",
            "http://www.openwall.com/lists/oss-security/2023/04/12/1",
            "http://www.securityfocus.com/bid/99575",
            "https://access.redhat.com/security/cve/CVE-2017-11164",
            "https://cve.mitre.org/cgi-bin/cvename.cgi?name=CVE-2017-11164",
            "https://lists.apache.org/thread.html/rf9fa47ab66495c78bb4120b0754dd9531ca2ff0430f6685ac9b07772%40%3Cdev.mina.apache.org%3E",
            "https://nvd.nist.gov/vuln/detail/CVE-2017-11164",
            "https://www.cve.org/CVERecord?id=CVE-2017-11164"
          ],
          "PublishedDate": "2017-07-11T03:29:00Z",
          "LastModifiedDate": "2023-11-07T02:38:00Z"
        },
        {
          "VulnerabilityID": "CVE-2023-4016",
          "PkgID": "libprocps8@2:3.3.17-6ubuntu2",
          "PkgName": "libprocps8",
          "InstalledVersion": "2:3.3.17-6ubuntu2",
          "FixedVersion": "2:3.3.17-6ubuntu2.1",
          "Status": "fixed",
          "Layer": {
            "DiffID": "sha256:256d88da41857db513b95b50ba9a9b28491b58c954e25477d5dad8abb465430b"
          },
          "SeveritySource": "ubuntu",
          "PrimaryURL": "https://avd.aquasec.com/nvd/cve-2023-4016",
          "DataSource": {
            "ID": "ubuntu",
            "Name": "Ubuntu CVE Tracker",
            "URL": "https://git.launchpad.net/ubuntu-cve-tracker"
          },
          "Title": "procps: ps buffer overflow",
          "Description": "Under some circumstances, this weakness allows a user who has access to run the “ps” utility on a machine, the ability to write almost unlimited amounts of unfiltered data into the process heap.",
          "Severity": "LOW",
          "CweIDs": [
            "CWE-787"
          ],
          "CVSS": {
            "nvd": {
              "V3Vector": "CVSS:3.1/AV:L/AC:L/PR:L/UI:N/S:U/C:N/I:N/A:H",
              "V3Score": 5.5
            },
            "redhat": {
              "V3Vector": "CVSS:3.1/AV:L/AC:H/PR:L/UI:N/S:U/C:N/I:N/A:L",
              "V3Score": 2.5
            }
          },
          "References": [
            "https://access.redhat.com/errata/RHSA-2023:6705",
            "https://access.redhat.com/security/cve/CVE-2023-4016",
            "https://bugzilla.redhat.com/2228494",
            "https://cve.mitre.org/cgi-bin/cvename.cgi?name=CVE-2023-4016",
            "https://errata.almalinux.org/9/ALSA-2023-6705.html",
            "https://gitlab.com/procps-ng/procps",
            "https://linux.oracle.com/cve/CVE-2023-4016.html",
            "https://linux.oracle.com/errata/ELSA-2023-6705.html",
            "https://lists.fedoraproject.org/archives/list/package-announce@lists.fedoraproject.org/message/SUETRRT24OFGPYK6ACPM5VUGHNKH5CQ5/",
            "https://nvd.nist.gov/vuln/detail/CVE-2023-4016",
            "https://ubuntu.com/security/notices/USN-6477-1",
            "https://www.cve.org/CVERecord?id=CVE-2023-4016"
          ],
          "PublishedDate": "2023-08-02T05:15:00Z",
          "LastModifiedDate": "2023-08-21T03:15:00Z"
        },
        {
          "VulnerabilityID": "CVE-2022-27943",
          "PkgID": "libstdc++6@12.3.0-1ubuntu1~22.04",
          "PkgName": "libstdc++6",
          "InstalledVersion": "12.3.0-1ubuntu1~22.04",
          "Status": "affected",
          "Layer": {
            "DiffID": "sha256:256d88da41857db513b95b50ba9a9b28491b58c954e25477d5dad8abb465430b"
          },
          "SeveritySource": "ubuntu",
          "PrimaryURL": "https://avd.aquasec.com/nvd/cve-2022-27943",
          "DataSource": {
            "ID": "ubuntu",
            "Name": "Ubuntu CVE Tracker",
            "URL": "https://git.launchpad.net/ubuntu-cve-tracker"
          },
          "Title": "libiberty/rust-demangle.c in GNU GCC 11.2 allows stack exhaustion in demangle_const",
          "Description": "libiberty/rust-demangle.c in GNU GCC 11.2 allows stack consumption in demangle_const, as demonstrated by nm-new.",
          "Severity": "LOW",
          "CweIDs": [
            "CWE-674"
          ],
          "CVSS": {
            "nvd": {
              "V2Vector": "AV:N/AC:M/Au:N/C:N/I:N/A:P",
              "V3Vector": "CVSS:3.1/AV:L/AC:L/PR:N/UI:R/S:U/C:N/I:N/A:H",
              "V2Score": 4.3,
              "V3Score": 5.5
            },
            "redhat": {
              "V3Vector": "CVSS:3.1/AV:L/AC:L/PR:N/UI:R/S:U/C:N/I:N/A:H",
              "V3Score": 5.5
            }
          },
          "References": [
            "https://access.redhat.com/security/cve/CVE-2022-27943",
            "https://cve.mitre.org/cgi-bin/cvename.cgi?name=CVE-2022-27943",
            "https://gcc.gnu.org/bugzilla/show_bug.cgi?id=105039",
            "https://gcc.gnu.org/git/gitweb.cgi?p=gcc.git;h=9234cdca6ee88badfc00297e72f13dac4e540c79",
            "https://gcc.gnu.org/pipermail/gcc-patches/2022-March/592244.html",
            "https://lists.fedoraproject.org/archives/list/package-announce%40lists.fedoraproject.org/message/H424YXGW7OKXS2NCAP35OP6Y4P4AW6VG/",
            "https://nvd.nist.gov/vuln/detail/CVE-2022-27943",
            "https://sourceware.org/bugzilla/show_bug.cgi?id=28995",
            "https://www.cve.org/CVERecord?id=CVE-2022-27943"
          ],
          "PublishedDate": "2022-03-26T13:15:00Z",
          "LastModifiedDate": "2023-11-07T03:45:00Z"
        },
        {
          "VulnerabilityID": "CVE-2022-4899",
          "PkgID": "libzstd1@1.4.8+dfsg-3build1",
          "PkgName": "libzstd1",
          "InstalledVersion": "1.4.8+dfsg-3build1",
          "Status": "affected",
          "Layer": {
            "DiffID": "sha256:256d88da41857db513b95b50ba9a9b28491b58c954e25477d5dad8abb465430b"
          },
          "SeveritySource": "ubuntu",
          "PrimaryURL": "https://avd.aquasec.com/nvd/cve-2022-4899",
          "DataSource": {
            "ID": "ubuntu",
            "Name": "Ubuntu CVE Tracker",
            "URL": "https://git.launchpad.net/ubuntu-cve-tracker"
          },
          "Title": "zstd: mysql: buffer overrun in util.c",
          "Description": "A vulnerability was found in zstd v1.4.10, where an attacker can supply empty string as an argument to the command line tool to cause buffer overrun.",
          "Severity": "LOW",
          "CweIDs": [
            "CWE-400"
          ],
          "CVSS": {
            "ghsa": {
              "V3Vector": "CVSS:3.1/AV:N/AC:L/PR:N/UI:N/S:U/C:N/I:N/A:H",
              "V3Score": 7.5
            },
            "nvd": {
              "V3Vector": "CVSS:3.1/AV:N/AC:L/PR:N/UI:N/S:U/C:N/I:N/A:H",
              "V3Score": 7.5
            },
            "redhat": {
              "V3Vector": "CVSS:3.1/AV:N/AC:L/PR:N/UI:N/S:U/C:N/I:N/A:H",
              "V3Score": 7.5
            }
          },
          "References": [
            "https://access.redhat.com/security/cve/CVE-2022-4899",
            "https://cve.mitre.org/cgi-bin/cvename.cgi?name=CVE-2022-4899",
            "https://github.com/facebook/zstd",
            "https://github.com/facebook/zstd/issues/3200",
            "https://github.com/facebook/zstd/pull/3220",
            "https://github.com/pypa/advisory-database/tree/main/vulns/zstd/PYSEC-2023-121.yaml",
            "https://github.com/sergey-dryabzhinsky/python-zstd/commit/c8a619aebdbd6b838fbfef6e19325a70f631a4c6",
            "https://lists.fedoraproject.org/archives/list/package-announce%40lists.fedoraproject.org/message/C63HAGVLQA6FJNDCHR7CNZZL6VSLILB2/",
            "https://lists.fedoraproject.org/archives/list/package-announce%40lists.fedoraproject.org/message/JEHRBBYYTPA4DETOM5XAKGCP37NUTLOA/",
            "https://lists.fedoraproject.org/archives/list/package-announce%40lists.fedoraproject.org/message/QYLDK6ODVC4LJSDULLX6Q2YHTFOWABCN/",
            "https://lists.fedoraproject.org/archives/list/package-announce@lists.fedoraproject.org/message/C63HAGVLQA6FJNDCHR7CNZZL6VSLILB2/",
            "https://lists.fedoraproject.org/archives/list/package-announce@lists.fedoraproject.org/message/JEHRBBYYTPA4DETOM5XAKGCP37NUTLOA/",
            "https://lists.fedoraproject.org/archives/list/package-announce@lists.fedoraproject.org/message/QYLDK6ODVC4LJSDULLX6Q2YHTFOWABCN/",
            "https://nvd.nist.gov/vuln/detail/CVE-2022-4899",
            "https://security.netapp.com/advisory/ntap-20230725-0005/",
            "https://www.cve.org/CVERecord?id=CVE-2022-4899"
          ],
          "PublishedDate": "2023-03-31T20:15:00Z",
          "LastModifiedDate": "2023-11-07T03:59:00Z"
        },
        {
          "VulnerabilityID": "CVE-2023-29383",
          "PkgID": "login@1:4.8.1-2ubuntu2.1",
          "PkgName": "login",
          "InstalledVersion": "1:4.8.1-2ubuntu2.1",
          "Status": "affected",
          "Layer": {
            "DiffID": "sha256:256d88da41857db513b95b50ba9a9b28491b58c954e25477d5dad8abb465430b"
          },
          "SeveritySource": "ubuntu",
          "PrimaryURL": "https://avd.aquasec.com/nvd/cve-2023-29383",
          "DataSource": {
            "ID": "ubuntu",
            "Name": "Ubuntu CVE Tracker",
            "URL": "https://git.launchpad.net/ubuntu-cve-tracker"
          },
          "Title": "Improper input validation in shadow-utils package utility chfn",
          "Description": "In Shadow 4.13, it is possible to inject control characters into fields provided to the SUID program chfn (change finger). Although it is not possible to exploit this directly (e.g., adding a new user fails because \\n is in the block list), it is possible to misrepresent the /etc/passwd file when viewed. Use of \\r manipulations and Unicode characters to work around blocking of the : character make it possible to give the impression that a new user has been added. In other words, an adversary may be able to convince a system administrator to take the system offline (an indirect, social-engineered denial of service) by demonstrating that \"cat /etc/passwd\" shows a rogue user account.",
          "Severity": "LOW",
          "CweIDs": [
            "CWE-74"
          ],
          "CVSS": {
            "nvd": {
              "V3Vector": "CVSS:3.1/AV:L/AC:L/PR:L/UI:N/S:U/C:N/I:L/A:N",
              "V3Score": 3.3
            },
            "redhat": {
              "V3Vector": "CVSS:3.1/AV:L/AC:L/PR:N/UI:R/S:U/C:N/I:N/A:H",
              "V3Score": 5.5
            }
          },
          "References": [
            "https://access.redhat.com/security/cve/CVE-2023-29383",
            "https://cve.mitre.org/cgi-bin/cvename.cgi?name=CVE-2023-29383",
            "https://github.com/shadow-maint/shadow/commit/e5905c4b84d4fb90aefcd96ee618411ebfac663d",
            "https://github.com/shadow-maint/shadow/pull/687",
            "https://nvd.nist.gov/vuln/detail/CVE-2023-29383",
            "https://www.cve.org/CVERecord?id=CVE-2023-29383",
            "https://www.trustwave.com/en-us/resources/blogs/spiderlabs-blog/cve-2023-29383-abusing-linux-chfn-to-misrepresent-etc-passwd/",
            "https://www.trustwave.com/en-us/resources/security-resources/security-advisories/?fid=31797"
          ],
          "PublishedDate": "2023-04-14T22:15:00Z",
          "LastModifiedDate": "2023-04-24T18:05:00Z"
        },
        {
          "VulnerabilityID": "CVE-2023-29383",
          "PkgID": "passwd@1:4.8.1-2ubuntu2.1",
          "PkgName": "passwd",
          "InstalledVersion": "1:4.8.1-2ubuntu2.1",
          "Status": "affected",
          "Layer": {
            "DiffID": "sha256:256d88da41857db513b95b50ba9a9b28491b58c954e25477d5dad8abb465430b"
          },
          "SeveritySource": "ubuntu",
          "PrimaryURL": "https://avd.aquasec.com/nvd/cve-2023-29383",
          "DataSource": {
            "ID": "ubuntu",
            "Name": "Ubuntu CVE Tracker",
            "URL": "https://git.launchpad.net/ubuntu-cve-tracker"
          },
          "Title": "Improper input validation in shadow-utils package utility chfn",
          "Description": "In Shadow 4.13, it is possible to inject control characters into fields provided to the SUID program chfn (change finger). Although it is not possible to exploit this directly (e.g., adding a new user fails because \\n is in the block list), it is possible to misrepresent the /etc/passwd file when viewed. Use of \\r manipulations and Unicode characters to work around blocking of the : character make it possible to give the impression that a new user has been added. In other words, an adversary may be able to convince a system administrator to take the system offline (an indirect, social-engineered denial of service) by demonstrating that \"cat /etc/passwd\" shows a rogue user account.",
          "Severity": "LOW",
          "CweIDs": [
            "CWE-74"
          ],
          "CVSS": {
            "nvd": {
              "V3Vector": "CVSS:3.1/AV:L/AC:L/PR:L/UI:N/S:U/C:N/I:L/A:N",
              "V3Score": 3.3
            },
            "redhat": {
              "V3Vector": "CVSS:3.1/AV:L/AC:L/PR:N/UI:R/S:U/C:N/I:N/A:H",
              "V3Score": 5.5
            }
          },
          "References": [
            "https://access.redhat.com/security/cve/CVE-2023-29383",
            "https://cve.mitre.org/cgi-bin/cvename.cgi?name=CVE-2023-29383",
            "https://github.com/shadow-maint/shadow/commit/e5905c4b84d4fb90aefcd96ee618411ebfac663d",
            "https://github.com/shadow-maint/shadow/pull/687",
            "https://nvd.nist.gov/vuln/detail/CVE-2023-29383",
            "https://www.cve.org/CVERecord?id=CVE-2023-29383",
            "https://www.trustwave.com/en-us/resources/blogs/spiderlabs-blog/cve-2023-29383-abusing-linux-chfn-to-misrepresent-etc-passwd/",
            "https://www.trustwave.com/en-us/resources/security-resources/security-advisories/?fid=31797"
          ],
          "PublishedDate": "2023-04-14T22:15:00Z",
          "LastModifiedDate": "2023-04-24T18:05:00Z"
        },
        {
          "VulnerabilityID": "CVE-2022-48522",
          "PkgID": "perl-base@5.34.0-3ubuntu1.2",
          "PkgName": "perl-base",
          "InstalledVersion": "5.34.0-3ubuntu1.2",
          "Status": "affected",
          "Layer": {
            "DiffID": "sha256:256d88da41857db513b95b50ba9a9b28491b58c954e25477d5dad8abb465430b"
          },
          "SeveritySource": "ubuntu",
          "PrimaryURL": "https://avd.aquasec.com/nvd/cve-2022-48522",
          "DataSource": {
            "ID": "ubuntu",
            "Name": "Ubuntu CVE Tracker",
            "URL": "https://git.launchpad.net/ubuntu-cve-tracker"
          },
          "Title": "stack-based crash in S_find_uninit_var()",
          "Description": "In Perl 5.34.0, function S_find_uninit_var in sv.c has a stack-based crash that can lead to remote code execution or local privilege escalation.",
          "Severity": "LOW",
          "CweIDs": [
            "CWE-787"
          ],
          "CVSS": {
            "nvd": {
              "V3Vector": "CVSS:3.1/AV:N/AC:L/PR:N/UI:N/S:U/C:H/I:H/A:H",
              "V3Score": 9.8
            }
          },
          "References": [
            "https://access.redhat.com/security/cve/CVE-2022-48522",
            "https://cve.mitre.org/cgi-bin/cvename.cgi?name=CVE-2022-48522",
            "https://github.com/Perl/perl5/blob/79a7b254d85a10b65126ad99bf10e70480569d68/sv.c#L16336-L16345",
            "https://nvd.nist.gov/vuln/detail/CVE-2022-48522",
            "https://security.netapp.com/advisory/ntap-20230915-0008/",
            "https://www.cve.org/CVERecord?id=CVE-2022-48522"
          ],
          "PublishedDate": "2023-08-22T19:16:00Z",
          "LastModifiedDate": "2023-09-15T14:15:00Z"
        },
        {
          "VulnerabilityID": "CVE-2023-4016",
          "PkgID": "procps@2:3.3.17-6ubuntu2",
          "PkgName": "procps",
          "InstalledVersion": "2:3.3.17-6ubuntu2",
          "FixedVersion": "2:3.3.17-6ubuntu2.1",
          "Status": "fixed",
          "Layer": {
            "DiffID": "sha256:256d88da41857db513b95b50ba9a9b28491b58c954e25477d5dad8abb465430b"
          },
          "SeveritySource": "ubuntu",
          "PrimaryURL": "https://avd.aquasec.com/nvd/cve-2023-4016",
          "DataSource": {
            "ID": "ubuntu",
            "Name": "Ubuntu CVE Tracker",
            "URL": "https://git.launchpad.net/ubuntu-cve-tracker"
          },
          "Title": "procps: ps buffer overflow",
          "Description": "Under some circumstances, this weakness allows a user who has access to run the “ps” utility on a machine, the ability to write almost unlimited amounts of unfiltered data into the process heap.",
          "Severity": "LOW",
          "CweIDs": [
            "CWE-787"
          ],
          "CVSS": {
            "nvd": {
              "V3Vector": "CVSS:3.1/AV:L/AC:L/PR:L/UI:N/S:U/C:N/I:N/A:H",
              "V3Score": 5.5
            },
            "redhat": {
              "V3Vector": "CVSS:3.1/AV:L/AC:H/PR:L/UI:N/S:U/C:N/I:N/A:L",
              "V3Score": 2.5
            }
          },
          "References": [
            "https://access.redhat.com/errata/RHSA-2023:6705",
            "https://access.redhat.com/security/cve/CVE-2023-4016",
            "https://bugzilla.redhat.com/2228494",
            "https://cve.mitre.org/cgi-bin/cvename.cgi?name=CVE-2023-4016",
            "https://errata.almalinux.org/9/ALSA-2023-6705.html",
            "https://gitlab.com/procps-ng/procps",
            "https://linux.oracle.com/cve/CVE-2023-4016.html",
            "https://linux.oracle.com/errata/ELSA-2023-6705.html",
            "https://lists.fedoraproject.org/archives/list/package-announce@lists.fedoraproject.org/message/SUETRRT24OFGPYK6ACPM5VUGHNKH5CQ5/",
            "https://nvd.nist.gov/vuln/detail/CVE-2023-4016",
            "https://ubuntu.com/security/notices/USN-6477-1",
            "https://www.cve.org/CVERecord?id=CVE-2023-4016"
          ],
          "PublishedDate": "2023-08-02T05:15:00Z",
          "LastModifiedDate": "2023-08-21T03:15:00Z"
        }
      ]
    }
  ]
}
