{
  "SchemaVersion": 2,
  "ArtifactName": "linuxserver/bookstack:latest",
  "ArtifactType": "container_image",
  "Metadata": {
    "OS": {
      "Family": "alpine",
      "Name": "3.18.4"
    },
    "ImageID": "sha256:a58cc2d204d3adae05a972d31f9ba0f53281fd9f4fabee9baade48b830c7bee2",
    "DiffIDs": [
      "sha256:f7b6d3655409cf8b8028a6c28fdd951edbe8c3a703374d8a6ca6b3709825dc98",
      "sha256:c185a7702ea002a28954b8f61b268f6b90a632412d3c85498e4283149c78c409",
      "sha256:e24f259e0609c2e765c6f41683733a7d3a0dde73da4a9352c96eef3c836f9a04",
      "sha256:ee4418d5eceec34284392738895367b65bcd27540f5dc9b42cef5be33cc447f8",
      "sha256:5ae7cfc016a10704bd2e5383183f9a8b82052ccf8e1a38e3130fa8a31b818deb",
      "sha256:ffe37ae244516a30c8854c91ac27d421c5925f24c8df59c8f7fb0ce266ba085d",
      "sha256:af83b3f81cca9491ba9356a7cbec3b3835b14c2c73804d9d4ee489b6fe7d4c7b",
      "sha256:ffbd6641e2f19b8e3c2d51c88aa04cdcdb6d8991c692479c378d5e6df482aae3",
      "sha256:46c69ba81f3ce63ab9341ed8c46344aa85db78480c9f81cd000da375bab70aa4"
    ],
    "RepoTags": [
      "linuxserver/bookstack:latest"
    ],
    "RepoDigests": [
      "linuxserver/bookstack@sha256:44522a4807cde531f95a1460615183b4cc334b95c8f491314dbdd6bf7803bd20"
    ],
    "ImageConfig": {
      "architecture": "amd64",
      "created": "2023-11-20T14:33:09.989856702Z",
      "history": [
        {
          "created": "2023-11-11T22:08:44Z",
          "created_by": "COPY /root-out/ / # buildkit",
          "comment": "buildkit.dockerfile.v0"
        },
        {
          "created": "2023-11-11T22:08:44Z",
          "created_by": "ARG BUILD_DATE",
          "comment": "buildkit.dockerfile.v0",
          "empty_layer": true
        },
        {
          "created": "2023-11-11T22:08:44Z",
          "created_by": "ARG VERSION",
          "comment": "buildkit.dockerfile.v0",
          "empty_layer": true
        },
        {
          "created": "2023-11-11T22:08:44Z",
          "created_by": "ARG MODS_VERSION=v3",
          "comment": "buildkit.dockerfile.v0",
          "empty_layer": true
        },
        {
          "created": "2023-11-11T22:08:44Z",
          "created_by": "ARG PKG_INST_VERSION=v1",
          "comment": "buildkit.dockerfile.v0",
          "empty_layer": true
        },
        {
          "created": "2023-11-11T22:08:44Z",
          "created_by": "LABEL build_version=Linuxserver.io version:- 458ab886-ls28 Build-date:- 2023-11-11T22:06:40+00:00",
          "comment": "buildkit.dockerfile.v0",
          "empty_layer": true
        },
        {
          "created": "2023-11-11T22:08:44Z",
          "created_by": "LABEL maintainer=TheLamer",
          "comment": "buildkit.dockerfile.v0",
          "empty_layer": true
        },
        {
          "created": "2023-11-11T22:08:44Z",
          "created_by": "ADD https://raw.githubusercontent.com/linuxserver/docker-mods/mod-scripts/docker-mods.v3 /docker-mods # buildkit",
          "comment": "buildkit.dockerfile.v0"
        },
        {
          "created": "2023-11-11T22:08:44Z",
          "created_by": "ADD https://raw.githubusercontent.com/linuxserver/docker-mods/mod-scripts/package-install.v1 /etc/s6-overlay/s6-rc.d/init-mods-package-install/run # buildkit",
          "comment": "buildkit.dockerfile.v0"
        },
        {
          "created": "2023-11-11T22:08:44Z",
          "created_by": "ENV PS1=$(whoami)@$(hostname):$(pwd)\\$  HOME=/root TERM=xterm S6_CMD_WAIT_FOR_SERVICES_MAXTIME=0 S6_VERBOSITY=1 S6_STAGE2_HOOK=/docker-mods VIRTUAL_ENV=/lsiopy PATH=/lsiopy/bin:/usr/local/sbin:/usr/local/bin:/usr/sbin:/usr/bin:/sbin:/bin",
          "comment": "buildkit.dockerfile.v0",
          "empty_layer": true
        },
        {
          "created": "2023-11-11T22:08:46Z",
          "created_by": "RUN |4 BUILD_DATE=2023-11-11T22:06:40+00:00 VERSION=458ab886-ls28 MODS_VERSION=v3 PKG_INST_VERSION=v1 /bin/sh -c echo \"**** install runtime packages ****\" \u0026\u0026   apk add --no-cache     alpine-release     bash     ca-certificates     coreutils     curl     jq     netcat-openbsd     procps-ng     shadow     tzdata \u0026\u0026   echo \"**** create abc user and make our folders ****\" \u0026\u0026   groupmod -g 1000 users \u0026\u0026   useradd -u 911 -U -d /config -s /bin/false abc \u0026\u0026   usermod -G users abc \u0026\u0026   mkdir -p     /app     /config     /defaults     /lsiopy \u0026\u0026   echo \"**** cleanup ****\" \u0026\u0026   rm -rf     /tmp/* # buildkit",
          "comment": "buildkit.dockerfile.v0"
        },
        {
          "created": "2023-11-11T22:08:46Z",
          "created_by": "COPY root/ / # buildkit",
          "comment": "buildkit.dockerfile.v0"
        },
        {
          "created": "2023-11-11T22:08:46Z",
          "created_by": "ENTRYPOINT [\"/init\"]",
          "comment": "buildkit.dockerfile.v0",
          "empty_layer": true
        },
        {
          "created": "2023-11-16T18:52:22Z",
          "created_by": "RUN /bin/sh -c echo \"**** install build packages ****\" \u0026\u0026   apk add --no-cache     apache2-utils     git     logrotate     nano     nginx     openssl     php82     php82-ctype     php82-curl     php82-fileinfo     php82-fpm     php82-iconv     php82-json     php82-mbstring     php82-openssl     php82-phar     php82-session     php82-simplexml     php82-xml     php82-xmlwriter     php82-zip     php82-zlib \u0026\u0026   echo \"**** configure nginx ****\" \u0026\u0026   echo 'fastcgi_param  HTTP_PROXY         \"\"; # https://httpoxy.org/' \u003e\u003e     /etc/nginx/fastcgi_params \u0026\u0026   echo 'fastcgi_param  PATH_INFO          $fastcgi_path_info; # http://nginx.org/en/docs/http/ngx_http_fastcgi_module.html#fastcgi_split_path_info' \u003e\u003e     /etc/nginx/fastcgi_params \u0026\u0026   echo 'fastcgi_param  SCRIPT_FILENAME    $document_root$fastcgi_script_name; # https://www.nginx.com/resources/wiki/start/topics/examples/phpfcgi/#connecting-nginx-to-php-fpm' \u003e\u003e     /etc/nginx/fastcgi_params \u0026\u0026   echo 'fastcgi_param  SERVER_NAME        $host; # Send HTTP_HOST as SERVER_NAME. If HTTP_HOST is blank, send the value of server_name from nginx (default is `_`)' \u003e\u003e     /etc/nginx/fastcgi_params \u0026\u0026   rm -f /etc/nginx/conf.d/stream.conf \u0026\u0026   rm -f /etc/nginx/http.d/default.conf \u0026\u0026   echo \"**** guarantee correct php version is symlinked ****\" \u0026\u0026   if [ \"$(readlink /usr/bin/php)\" != \"php82\" ]; then     rm -rf /usr/bin/php \u0026\u0026     ln -s /usr/bin/php82 /usr/bin/php;   fi \u0026\u0026   echo \"**** configure php ****\" \u0026\u0026   sed -i \"s#;error_log = log/php82/error.log.*#error_log = /config/log/php/error.log#g\"     /etc/php82/php-fpm.conf \u0026\u0026   sed -i \"s#user = nobody.*#user = abc#g\"     /etc/php82/php-fpm.d/www.conf \u0026\u0026   sed -i \"s#group = nobody.*#group = abc#g\"     /etc/php82/php-fpm.d/www.conf \u0026\u0026   echo \"**** install php composer ****\" \u0026\u0026   EXPECTED_CHECKSUM=\"$(php -r 'copy(\"https://composer.github.io/installer.sig\", \"php://stdout\");')\" \u0026\u0026   php -r \"copy('https://getcomposer.org/installer', 'composer-setup.php');\" \u0026\u0026   ACTUAL_CHECKSUM=\"$(php -r \"echo hash_file('sha384', 'composer-setup.php');\")\" \u0026\u0026   if [ \"$EXPECTED_CHECKSUM\" != \"$ACTUAL_CHECKSUM\" ]; then       \u003e\u00262 echo 'ERROR: Invalid installer checksum' \u0026\u0026       rm composer-setup.php \u0026\u0026       exit 1;   fi \u0026\u0026   php composer-setup.php --install-dir=/usr/bin \u0026\u0026   rm composer-setup.php \u0026\u0026   ln -s /usr/bin/composer.phar /usr/bin/composer \u0026\u0026   echo \"**** fix logrotate ****\" \u0026\u0026   sed -i \"s#/var/log/messages {}.*# #g\"     /etc/logrotate.conf \u0026\u0026   sed -i 's#/usr/sbin/logrotate /etc/logrotate.conf#/usr/sbin/logrotate /etc/logrotate.conf -s /config/log/logrotate.status#g'     /etc/periodic/daily/logrotate # buildkit",
          "comment": "buildkit.dockerfile.v0"
        },
        {
          "created": "2023-11-16T18:52:22Z",
          "created_by": "COPY root/ / # buildkit",
          "comment": "buildkit.dockerfile.v0"
        },
        {
          "created": "2023-11-16T18:52:22Z",
          "created_by": "EXPOSE map[443/tcp:{} 80/tcp:{}]",
          "comment": "buildkit.dockerfile.v0",
          "empty_layer": true
        },
        {
          "created": "2023-11-20T14:33:09Z",
          "created_by": "ENV LSIO_FIRST_PARTY=true",
          "comment": "buildkit.dockerfile.v0",
          "empty_layer": true
        },
        {
          "created": "2023-11-20T14:33:09Z",
          "created_by": "ARG BUILD_DATE",
          "comment": "buildkit.dockerfile.v0",
          "empty_layer": true
        },
        {
          "created": "2023-11-20T14:33:09Z",
          "created_by": "ARG VERSION",
          "comment": "buildkit.dockerfile.v0",
          "empty_layer": true
        },
        {
          "created": "2023-11-20T14:33:09Z",
          "created_by": "ARG BOOKSTACK_RELEASE",
          "comment": "buildkit.dockerfile.v0",
          "empty_layer": true
        },
        {
          "created": "2023-11-20T14:33:09Z",
          "created_by": "LABEL build_version=Linuxserver.io version:- v23.10.4-ls114 Build-date:- 2023-11-20T14:31:42+00:00",
          "comment": "buildkit.dockerfile.v0",
          "empty_layer": true
        },
        {
          "created": "2023-11-20T14:33:09Z",
          "created_by": "LABEL maintainer=homerr",
          "comment": "buildkit.dockerfile.v0",
          "empty_layer": true
        },
        {
          "created": "2023-11-20T14:33:09Z",
          "created_by": "ENV S6_STAGE2_HOOK=/init-hook",
          "comment": "buildkit.dockerfile.v0",
          "empty_layer": true
        },
        {
          "created": "2023-11-20T14:33:09Z",
          "created_by": "RUN |3 BUILD_DATE=2023-11-20T14:31:42+00:00 VERSION=v23.10.4-ls114 BOOKSTACK_RELEASE=v23.10.4 /bin/sh -c echo \"**** install runtime packages ****\" \u0026\u0026   apk add --no-cache     fontconfig     mariadb-client     memcached     php82-dom     php82-gd     php82-ldap     php82-mysqlnd     php82-pdo_mysql     php82-pecl-memcached     php82-tokenizer     qt5-qtbase     ttf-freefont \u0026\u0026   echo \"**** configure php-fpm to pass env vars ****\" \u0026\u0026   sed -E -i 's/^;?clear_env ?=.*$/clear_env = no/g' /etc/php82/php-fpm.d/www.conf \u0026\u0026   grep -qxF 'clear_env = no' /etc/php82/php-fpm.d/www.conf || echo 'clear_env = no' \u003e\u003e /etc/php82/php-fpm.d/www.conf \u0026\u0026   echo \"env[PATH] = /usr/local/bin:/usr/bin:/bin\" \u003e\u003e /etc/php82/php-fpm.conf \u0026\u0026   echo \"**** fetch bookstack ****\" \u0026\u0026   mkdir -p    /app/www \u0026\u0026   if [ -z ${BOOKSTACK_RELEASE+x} ]; then     BOOKSTACK_RELEASE=$(curl -sX GET \"https://api.github.com/repos/bookstackapp/bookstack/releases/latest\"     | awk '/tag_name/{print $4;exit}' FS='[\"\"]');   fi \u0026\u0026   curl -o     /tmp/bookstack.tar.gz -L     \"https://github.com/BookStackApp/BookStack/archive/${BOOKSTACK_RELEASE}.tar.gz\" \u0026\u0026   tar xf     /tmp/bookstack.tar.gz -C     /app/www/ --strip-components=1 \u0026\u0026   echo \"**** install composer dependencies ****\" \u0026\u0026   composer install -d /app/www/ \u0026\u0026   echo \"**** cleanup ****\" \u0026\u0026   rm -rf     /tmp/*     $HOME/.cache     $HOME/.composer # buildkit",
          "comment": "buildkit.dockerfile.v0"
        },
        {
          "created": "2023-11-20T14:33:09Z",
          "created_by": "COPY root/ / # buildkit",
          "comment": "buildkit.dockerfile.v0"
        },
        {
          "created": "2023-11-20T14:33:09Z",
          "created_by": "EXPOSE map[443/tcp:{} 80/tcp:{}]",
          "comment": "buildkit.dockerfile.v0",
          "empty_layer": true
        },
        {
          "created": "2023-11-20T14:33:09Z",
          "created_by": "VOLUME [/config]",
          "comment": "buildkit.dockerfile.v0",
          "empty_layer": true
        }
      ],
      "os": "linux",
      "rootfs": {
        "type": "layers",
        "diff_ids": [
          "sha256:f7b6d3655409cf8b8028a6c28fdd951edbe8c3a703374d8a6ca6b3709825dc98",
          "sha256:c185a7702ea002a28954b8f61b268f6b90a632412d3c85498e4283149c78c409",
          "sha256:e24f259e0609c2e765c6f41683733a7d3a0dde73da4a9352c96eef3c836f9a04",
          "sha256:ee4418d5eceec34284392738895367b65bcd27540f5dc9b42cef5be33cc447f8",
          "sha256:5ae7cfc016a10704bd2e5383183f9a8b82052ccf8e1a38e3130fa8a31b818deb",
          "sha256:ffe37ae244516a30c8854c91ac27d421c5925f24c8df59c8f7fb0ce266ba085d",
          "sha256:af83b3f81cca9491ba9356a7cbec3b3835b14c2c73804d9d4ee489b6fe7d4c7b",
          "sha256:ffbd6641e2f19b8e3c2d51c88aa04cdcdb6d8991c692479c378d5e6df482aae3",
          "sha256:46c69ba81f3ce63ab9341ed8c46344aa85db78480c9f81cd000da375bab70aa4"
        ]
      },
      "config": {
        "Entrypoint": [
          "/init"
        ],
        "Env": [
          "PATH=/lsiopy/bin:/usr/local/sbin:/usr/local/bin:/usr/sbin:/usr/bin:/sbin:/bin",
          "PS1=$(whoami)@$(hostname):$(pwd)\\$ ",
          "HOME=/root",
          "TERM=xterm",
          "S6_CMD_WAIT_FOR_SERVICES_MAXTIME=0",
          "S6_VERBOSITY=1",
          "S6_STAGE2_HOOK=/init-hook",
          "VIRTUAL_ENV=/lsiopy",
          "LSIO_FIRST_PARTY=true"
        ],
        "Labels": {
          "build_version": "Linuxserver.io version:- v23.10.4-ls114 Build-date:- 2023-11-20T14:31:42+00:00",
          "maintainer": "homerr",
          "org.opencontainers.image.authors": "linuxserver.io",
          "org.opencontainers.image.created": "2023-11-20T14:31:42+00:00",
          "org.opencontainers.image.description": "[Bookstack](https://github.com/BookStackApp/BookStack) is a free and open source Wiki designed for creating beautiful documentation. Featuring a simple, but powerful WYSIWYG editor it allows for teams to create detailed and useful documentation with ease.    Powered by SQL and including a Markdown editor for those who prefer it, BookStack is geared towards making documentation more of a pleasure than a chore.    For more information on BookStack visit their website and check it out: https://www.bookstackapp.com  ",
          "org.opencontainers.image.documentation": "https://docs.linuxserver.io/images/docker-bookstack",
          "org.opencontainers.image.licenses": "GPL-3.0-only",
          "org.opencontainers.image.ref.name": "acda76ad08ddc8b69efbaaf92b6ee679b39b70fe",
          "org.opencontainers.image.revision": "acda76ad08ddc8b69efbaaf92b6ee679b39b70fe",
          "org.opencontainers.image.source": "https://github.com/linuxserver/docker-bookstack",
          "org.opencontainers.image.title": "Bookstack",
          "org.opencontainers.image.url": "https://github.com/linuxserver/docker-bookstack/packages",
          "org.opencontainers.image.vendor": "linuxserver.io",
          "org.opencontainers.image.version": "v23.10.4-ls114"
        },
        "Volumes": {
          "/config": {}
        },
        "WorkingDir": "/"
      }
    }
  },
  "Results": [
    {
      "Target": "linuxserver/bookstack:latest (alpine 3.18.4)",
      "Class": "os-pkgs",
      "Type": "alpine"
    }
  ]
}
