{
  "SchemaVersion": 2,
  "ArtifactName": "linuxserver/deluge:latest",
  "ArtifactType": "container_image",
  "Metadata": {
    "OS": {
      "Family": "alpine",
      "Name": "edge"
    },
    "ImageID": "sha256:b0602444098ca659dadded9b3320abdd834c2e2f3f860f1998e0aaf851f916e5",
    "DiffIDs": [
      "sha256:749973475cc0c67d20b500cc619b0fd7f7e091ea65e04396fc3543c32cfc0778",
      "sha256:c185a7702ea002a28954b8f61b268f6b90a632412d3c85498e4283149c78c409",
      "sha256:53c2b9506ef3058d9f77b82b1293065443dd11d8fd8ee0b2abb0fe900cbd761a",
      "sha256:95000703b4f8a799fdede41a23124db50dd9748444d9c1dda483b2cf38d6a78c",
      "sha256:d14c093ba60073519616732d66638b719f862ae9bd68b159467508a64d7991c2",
      "sha256:a8906f49daaba48483776fe812f65ac649af4ac26efed71363cd870428cf8af7",
      "sha256:f31062b2eae4ae2f79c9fb16b70d449bb7893ff4cd5cbd2f53d6a99e69a177f8",
      "sha256:c395ce827d767460eb5cff8abe99e2b4157d960fcd2e140214fc8ec3721cc132"
    ],
    "RepoTags": [
      "linuxserver/deluge:latest"
    ],
    "RepoDigests": [
      "linuxserver/deluge@sha256:00899ccd21029ea1f6d9613f779bddaaad1098f3952ff266f5277e48fb14b661"
    ],
    "ImageConfig": {
      "architecture": "amd64",
      "created": "2023-11-20T15:38:14.651991591Z",
      "history": [
        {
          "created": "2023-11-11T22:07:54Z",
          "created_by": "COPY /root-out/ / # buildkit",
          "comment": "buildkit.dockerfile.v0"
        },
        {
          "created": "2023-11-11T22:07:55Z",
          "created_by": "ARG BUILD_DATE",
          "comment": "buildkit.dockerfile.v0",
          "empty_layer": true
        },
        {
          "created": "2023-11-11T22:07:55Z",
          "created_by": "ARG VERSION",
          "comment": "buildkit.dockerfile.v0",
          "empty_layer": true
        },
        {
          "created": "2023-11-11T22:07:55Z",
          "created_by": "ARG MODS_VERSION=v3",
          "comment": "buildkit.dockerfile.v0",
          "empty_layer": true
        },
        {
          "created": "2023-11-11T22:07:55Z",
          "created_by": "ARG PKG_INST_VERSION=v1",
          "comment": "buildkit.dockerfile.v0",
          "empty_layer": true
        },
        {
          "created": "2023-11-11T22:07:55Z",
          "created_by": "LABEL build_version=Linuxserver.io version:- 4d0989f4-ls113 Build-date:- 2023-11-11T22:06:42+00:00",
          "comment": "buildkit.dockerfile.v0",
          "empty_layer": true
        },
        {
          "created": "2023-11-11T22:07:55Z",
          "created_by": "LABEL maintainer=TheLamer",
          "comment": "buildkit.dockerfile.v0",
          "empty_layer": true
        },
        {
          "created": "2023-11-11T22:07:55Z",
          "created_by": "ADD https://raw.githubusercontent.com/linuxserver/docker-mods/mod-scripts/docker-mods.v3 /docker-mods # buildkit",
          "comment": "buildkit.dockerfile.v0"
        },
        {
          "created": "2023-11-11T22:07:55Z",
          "created_by": "ADD https://raw.githubusercontent.com/linuxserver/docker-mods/mod-scripts/package-install.v1 /etc/s6-overlay/s6-rc.d/init-mods-package-install/run # buildkit",
          "comment": "buildkit.dockerfile.v0"
        },
        {
          "created": "2023-11-11T22:07:55Z",
          "created_by": "ENV PS1=$(whoami)@$(hostname):$(pwd)\\$  HOME=/root TERM=xterm S6_CMD_WAIT_FOR_SERVICES_MAXTIME=0 S6_VERBOSITY=1 S6_STAGE2_HOOK=/docker-mods VIRTUAL_ENV=/lsiopy PATH=/lsiopy/bin:/usr/local/sbin:/usr/local/bin:/usr/sbin:/usr/bin:/sbin:/bin",
          "comment": "buildkit.dockerfile.v0",
          "empty_layer": true
        },
        {
          "created": "2023-11-11T22:07:56Z",
          "created_by": "RUN |4 BUILD_DATE=2023-11-11T22:06:42+00:00 VERSION=4d0989f4-ls113 MODS_VERSION=v3 PKG_INST_VERSION=v1 /bin/sh -c echo \"**** install runtime packages ****\" \u0026\u0026   apk add --no-cache     bash     ca-certificates     coreutils     curl     jq     netcat-openbsd     procps-ng     shadow     tzdata \u0026\u0026   echo \"**** create abc user and make our folders ****\" \u0026\u0026   groupmod -g 1000 users \u0026\u0026   useradd -u 911 -U -d /config -s /bin/false abc \u0026\u0026   usermod -G users abc \u0026\u0026   mkdir -p     /app     /config     /defaults     /lsiopy \u0026\u0026   echo \"**** cleanup ****\" \u0026\u0026   rm -rf     /tmp/* # buildkit",
          "comment": "buildkit.dockerfile.v0"
        },
        {
          "created": "2023-11-11T22:07:56Z",
          "created_by": "COPY root/ / # buildkit",
          "comment": "buildkit.dockerfile.v0"
        },
        {
          "created": "2023-11-11T22:07:56Z",
          "created_by": "ENTRYPOINT [\"/init\"]",
          "comment": "buildkit.dockerfile.v0",
          "empty_layer": true
        },
        {
          "created": "2023-11-20T15:38:14Z",
          "created_by": "ENV LSIO_FIRST_PARTY=true",
          "comment": "buildkit.dockerfile.v0",
          "empty_layer": true
        },
        {
          "created": "2023-11-20T15:38:14Z",
          "created_by": "ARG BUILD_DATE",
          "comment": "buildkit.dockerfile.v0",
          "empty_layer": true
        },
        {
          "created": "2023-11-20T15:38:14Z",
          "created_by": "ARG VERSION",
          "comment": "buildkit.dockerfile.v0",
          "empty_layer": true
        },
        {
          "created": "2023-11-20T15:38:14Z",
          "created_by": "ARG DELUGE_VERSION",
          "comment": "buildkit.dockerfile.v0",
          "empty_layer": true
        },
        {
          "created": "2023-11-20T15:38:14Z",
          "created_by": "LABEL build_version=Linuxserver.io version:- 2.1.1-r8-ls240 Build-date:- 2023-11-20T15:35:38+00:00",
          "comment": "buildkit.dockerfile.v0",
          "empty_layer": true
        },
        {
          "created": "2023-11-20T15:38:14Z",
          "created_by": "LABEL maintainer=aptalca",
          "comment": "buildkit.dockerfile.v0",
          "empty_layer": true
        },
        {
          "created": "2023-11-20T15:38:14Z",
          "created_by": "ENV PYTHON_EGG_CACHE=/config/plugins/.python-eggs",
          "comment": "buildkit.dockerfile.v0",
          "empty_layer": true
        },
        {
          "created": "2023-11-20T15:38:14Z",
          "created_by": "RUN |3 BUILD_DATE=2023-11-20T15:35:38+00:00 VERSION=2.1.1-r8-ls240 DELUGE_VERSION=2.1.1-r8 /bin/sh -c echo \"**** install build packages ****\" \u0026\u0026   apk add --no-cache --upgrade --virtual=build-dependencies     build-base \u0026\u0026   echo \"**** install packages ****\" \u0026\u0026   apk add --no-cache --upgrade --repository http://dl-cdn.alpinelinux.org/alpine/edge/testing     python3     py3-future     py3-geoip     py3-requests     p7zip \u0026\u0026   if [ -z ${DELUGE_VERSION+x} ]; then     DELUGE_VERSION=$(curl -sL \"http://dl-cdn.alpinelinux.org/alpine/edge/community/x86_64/APKINDEX.tar.gz\" | tar -xz -C /tmp     \u0026\u0026 awk '/^P:deluge$/,/V:/' /tmp/APKINDEX | sed -n 2p | sed 's/^V://');   fi \u0026\u0026   apk add -U --upgrade --no-cache     deluge==${DELUGE_VERSION} \u0026\u0026   echo \"**** grab GeoIP database ****\" \u0026\u0026   curl -o     /usr/share/GeoIP/GeoIP.dat -L --retry 10 --retry-max-time 60 --retry-all-errors     \"https://infura-ipfs.io/ipfs/QmWTWcPRRbADZcLcJeANZmcJZNrcpmuQgKYBi6hGdddtC6\" \u0026\u0026   echo \"**** cleanup ****\" \u0026\u0026   apk del --purge     build-dependencies \u0026\u0026   rm -rf     $HOME/.cache     /tmp/* # buildkit",
          "comment": "buildkit.dockerfile.v0"
        },
        {
          "created": "2023-11-20T15:38:14Z",
          "created_by": "COPY root/ / # buildkit",
          "comment": "buildkit.dockerfile.v0"
        },
        {
          "created": "2023-11-20T15:38:14Z",
          "created_by": "COPY /usr/bin/unrar-alpine /usr/bin/unrar # buildkit",
          "comment": "buildkit.dockerfile.v0"
        },
        {
          "created": "2023-11-20T15:38:14Z",
          "created_by": "EXPOSE map[58846/tcp:{} 58946/tcp:{} 58946/udp:{} 8112/tcp:{}]",
          "comment": "buildkit.dockerfile.v0",
          "empty_layer": true
        },
        {
          "created": "2023-11-20T15:38:14Z",
          "created_by": "VOLUME [/config]",
          "comment": "buildkit.dockerfile.v0",
          "empty_layer": true
        }
      ],
      "os": "linux",
      "rootfs": {
        "type": "layers",
        "diff_ids": [
          "sha256:749973475cc0c67d20b500cc619b0fd7f7e091ea65e04396fc3543c32cfc0778",
          "sha256:c185a7702ea002a28954b8f61b268f6b90a632412d3c85498e4283149c78c409",
          "sha256:53c2b9506ef3058d9f77b82b1293065443dd11d8fd8ee0b2abb0fe900cbd761a",
          "sha256:95000703b4f8a799fdede41a23124db50dd9748444d9c1dda483b2cf38d6a78c",
          "sha256:d14c093ba60073519616732d66638b719f862ae9bd68b159467508a64d7991c2",
          "sha256:a8906f49daaba48483776fe812f65ac649af4ac26efed71363cd870428cf8af7",
          "sha256:f31062b2eae4ae2f79c9fb16b70d449bb7893ff4cd5cbd2f53d6a99e69a177f8",
          "sha256:c395ce827d767460eb5cff8abe99e2b4157d960fcd2e140214fc8ec3721cc132"
        ]
      },
      "config": {
        "Entrypoint": [
          "/init"
        ],
        "Env": [
          "PATH=/lsiopy/bin:/usr/local/sbin:/usr/local/bin:/usr/sbin:/usr/bin:/sbin:/bin",
          "PS1=$(whoami)@$(hostname):$(pwd)\\$ ",
          "HOME=/root",
          "TERM=xterm",
          "S6_CMD_WAIT_FOR_SERVICES_MAXTIME=0",
          "S6_VERBOSITY=1",
          "S6_STAGE2_HOOK=/docker-mods",
          "VIRTUAL_ENV=/lsiopy",
          "LSIO_FIRST_PARTY=true",
          "PYTHON_EGG_CACHE=/config/plugins/.python-eggs"
        ],
        "Labels": {
          "build_version": "Linuxserver.io version:- 2.1.1-r8-ls240 Build-date:- 2023-11-20T15:35:38+00:00",
          "maintainer": "aptalca",
          "org.opencontainers.image.authors": "linuxserver.io",
          "org.opencontainers.image.created": "2023-11-20T15:35:38+00:00",
          "org.opencontainers.image.description": "[Deluge](http://deluge-torrent.org/) is a lightweight, Free Software, cross-platform BitTorrent client.    * Full Encryption  * WebUI  * Plugin System  * Much more...  ",
          "org.opencontainers.image.documentation": "https://docs.linuxserver.io/images/docker-deluge",
          "org.opencontainers.image.licenses": "GPL-3.0-only",
          "org.opencontainers.image.ref.name": "388424ec0958b608e2154c5ed7ae3ea686bb073f",
          "org.opencontainers.image.revision": "388424ec0958b608e2154c5ed7ae3ea686bb073f",
          "org.opencontainers.image.source": "https://github.com/linuxserver/docker-deluge",
          "org.opencontainers.image.title": "Deluge",
          "org.opencontainers.image.url": "https://github.com/linuxserver/docker-deluge/packages",
          "org.opencontainers.image.vendor": "linuxserver.io",
          "org.opencontainers.image.version": "2.1.1-r8-ls240"
        },
        "Volumes": {
          "/config": {}
        },
        "WorkingDir": "/"
      }
    }
  },
  "Results": [
    {
      "Target": "linuxserver/deluge:latest (alpine edge)",
      "Class": "os-pkgs",
      "Type": "alpine"
    }
  ]
}
