{
  "SchemaVersion": 2,
  "ArtifactName": "linuxserver/nextcloud:latest",
  "ArtifactType": "container_image",
  "Metadata": {
    "OS": {
      "Family": "alpine",
      "Name": "3.18.4"
    },
    "ImageID": "sha256:d54170a21fd7ec2047614343503d47b586c34d1f5bb23b9a517e9dfb1d36389a",
    "DiffIDs": [
      "sha256:f7b6d3655409cf8b8028a6c28fdd951edbe8c3a703374d8a6ca6b3709825dc98",
      "sha256:c185a7702ea002a28954b8f61b268f6b90a632412d3c85498e4283149c78c409",
      "sha256:e24f259e0609c2e765c6f41683733a7d3a0dde73da4a9352c96eef3c836f9a04",
      "sha256:ee4418d5eceec34284392738895367b65bcd27540f5dc9b42cef5be33cc447f8",
      "sha256:5ae7cfc016a10704bd2e5383183f9a8b82052ccf8e1a38e3130fa8a31b818deb",
      "sha256:ffe37ae244516a30c8854c91ac27d421c5925f24c8df59c8f7fb0ce266ba085d",
      "sha256:af83b3f81cca9491ba9356a7cbec3b3835b14c2c73804d9d4ee489b6fe7d4c7b",
      "sha256:821904b06665d908bbf7a8df9bea87cf506d3840fefaf9be733d866a1ede4ddd",
      "sha256:80ef1fc316f45091771b7dcdafd4afd8b37b5b00aafc736ef8b24c61c3b6f226"
    ],
    "RepoTags": [
      "linuxserver/nextcloud:latest"
    ],
    "RepoDigests": [
      "linuxserver/nextcloud@sha256:1f7d379446ed18c773ff32de9cf951a6baf988c4965fe334c88a93a84e95858b"
    ],
    "ImageConfig": {
      "architecture": "amd64",
      "created": "2023-11-21T11:54:34.219712723Z",
      "history": [
        {
          "created": "2023-11-11T22:08:44Z",
          "created_by": "COPY /root-out/ / # buildkit",
          "comment": "buildkit.dockerfile.v0"
        },
        {
          "created": "2023-11-11T22:08:44Z",
          "created_by": "ARG BUILD_DATE",
          "comment": "buildkit.dockerfile.v0",
          "empty_layer": true
        },
        {
          "created": "2023-11-11T22:08:44Z",
          "created_by": "ARG VERSION",
          "comment": "buildkit.dockerfile.v0",
          "empty_layer": true
        },
        {
          "created": "2023-11-11T22:08:44Z",
          "created_by": "ARG MODS_VERSION=v3",
          "comment": "buildkit.dockerfile.v0",
          "empty_layer": true
        },
        {
          "created": "2023-11-11T22:08:44Z",
          "created_by": "ARG PKG_INST_VERSION=v1",
          "comment": "buildkit.dockerfile.v0",
          "empty_layer": true
        },
        {
          "created": "2023-11-11T22:08:44Z",
          "created_by": "LABEL build_version=Linuxserver.io version:- 458ab886-ls28 Build-date:- 2023-11-11T22:06:40+00:00",
          "comment": "buildkit.dockerfile.v0",
          "empty_layer": true
        },
        {
          "created": "2023-11-11T22:08:44Z",
          "created_by": "LABEL maintainer=TheLamer",
          "comment": "buildkit.dockerfile.v0",
          "empty_layer": true
        },
        {
          "created": "2023-11-11T22:08:44Z",
          "created_by": "ADD https://raw.githubusercontent.com/linuxserver/docker-mods/mod-scripts/docker-mods.v3 /docker-mods # buildkit",
          "comment": "buildkit.dockerfile.v0"
        },
        {
          "created": "2023-11-11T22:08:44Z",
          "created_by": "ADD https://raw.githubusercontent.com/linuxserver/docker-mods/mod-scripts/package-install.v1 /etc/s6-overlay/s6-rc.d/init-mods-package-install/run # buildkit",
          "comment": "buildkit.dockerfile.v0"
        },
        {
          "created": "2023-11-11T22:08:44Z",
          "created_by": "ENV PS1=$(whoami)@$(hostname):$(pwd)\\$  HOME=/root TERM=xterm S6_CMD_WAIT_FOR_SERVICES_MAXTIME=0 S6_VERBOSITY=1 S6_STAGE2_HOOK=/docker-mods VIRTUAL_ENV=/lsiopy PATH=/lsiopy/bin:/usr/local/sbin:/usr/local/bin:/usr/sbin:/usr/bin:/sbin:/bin",
          "comment": "buildkit.dockerfile.v0",
          "empty_layer": true
        },
        {
          "created": "2023-11-11T22:08:46Z",
          "created_by": "RUN |4 BUILD_DATE=2023-11-11T22:06:40+00:00 VERSION=458ab886-ls28 MODS_VERSION=v3 PKG_INST_VERSION=v1 /bin/sh -c echo \"**** install runtime packages ****\" \u0026\u0026   apk add --no-cache     alpine-release     bash     ca-certificates     coreutils     curl     jq     netcat-openbsd     procps-ng     shadow     tzdata \u0026\u0026   echo \"**** create abc user and make our folders ****\" \u0026\u0026   groupmod -g 1000 users \u0026\u0026   useradd -u 911 -U -d /config -s /bin/false abc \u0026\u0026   usermod -G users abc \u0026\u0026   mkdir -p     /app     /config     /defaults     /lsiopy \u0026\u0026   echo \"**** cleanup ****\" \u0026\u0026   rm -rf     /tmp/* # buildkit",
          "comment": "buildkit.dockerfile.v0"
        },
        {
          "created": "2023-11-11T22:08:46Z",
          "created_by": "COPY root/ / # buildkit",
          "comment": "buildkit.dockerfile.v0"
        },
        {
          "created": "2023-11-11T22:08:46Z",
          "created_by": "ENTRYPOINT [\"/init\"]",
          "comment": "buildkit.dockerfile.v0",
          "empty_layer": true
        },
        {
          "created": "2023-11-16T18:52:22Z",
          "created_by": "RUN /bin/sh -c echo \"**** install build packages ****\" \u0026\u0026   apk add --no-cache     apache2-utils     git     logrotate     nano     nginx     openssl     php82     php82-ctype     php82-curl     php82-fileinfo     php82-fpm     php82-iconv     php82-json     php82-mbstring     php82-openssl     php82-phar     php82-session     php82-simplexml     php82-xml     php82-xmlwriter     php82-zip     php82-zlib \u0026\u0026   echo \"**** configure nginx ****\" \u0026\u0026   echo 'fastcgi_param  HTTP_PROXY         \"\"; # https://httpoxy.org/' \u003e\u003e     /etc/nginx/fastcgi_params \u0026\u0026   echo 'fastcgi_param  PATH_INFO          $fastcgi_path_info; # http://nginx.org/en/docs/http/ngx_http_fastcgi_module.html#fastcgi_split_path_info' \u003e\u003e     /etc/nginx/fastcgi_params \u0026\u0026   echo 'fastcgi_param  SCRIPT_FILENAME    $document_root$fastcgi_script_name; # https://www.nginx.com/resources/wiki/start/topics/examples/phpfcgi/#connecting-nginx-to-php-fpm' \u003e\u003e     /etc/nginx/fastcgi_params \u0026\u0026   echo 'fastcgi_param  SERVER_NAME        $host; # Send HTTP_HOST as SERVER_NAME. If HTTP_HOST is blank, send the value of server_name from nginx (default is `_`)' \u003e\u003e     /etc/nginx/fastcgi_params \u0026\u0026   rm -f /etc/nginx/conf.d/stream.conf \u0026\u0026   rm -f /etc/nginx/http.d/default.conf \u0026\u0026   echo \"**** guarantee correct php version is symlinked ****\" \u0026\u0026   if [ \"$(readlink /usr/bin/php)\" != \"php82\" ]; then     rm -rf /usr/bin/php \u0026\u0026     ln -s /usr/bin/php82 /usr/bin/php;   fi \u0026\u0026   echo \"**** configure php ****\" \u0026\u0026   sed -i \"s#;error_log = log/php82/error.log.*#error_log = /config/log/php/error.log#g\"     /etc/php82/php-fpm.conf \u0026\u0026   sed -i \"s#user = nobody.*#user = abc#g\"     /etc/php82/php-fpm.d/www.conf \u0026\u0026   sed -i \"s#group = nobody.*#group = abc#g\"     /etc/php82/php-fpm.d/www.conf \u0026\u0026   echo \"**** install php composer ****\" \u0026\u0026   EXPECTED_CHECKSUM=\"$(php -r 'copy(\"https://composer.github.io/installer.sig\", \"php://stdout\");')\" \u0026\u0026   php -r \"copy('https://getcomposer.org/installer', 'composer-setup.php');\" \u0026\u0026   ACTUAL_CHECKSUM=\"$(php -r \"echo hash_file('sha384', 'composer-setup.php');\")\" \u0026\u0026   if [ \"$EXPECTED_CHECKSUM\" != \"$ACTUAL_CHECKSUM\" ]; then       \u003e\u00262 echo 'ERROR: Invalid installer checksum' \u0026\u0026       rm composer-setup.php \u0026\u0026       exit 1;   fi \u0026\u0026   php composer-setup.php --install-dir=/usr/bin \u0026\u0026   rm composer-setup.php \u0026\u0026   ln -s /usr/bin/composer.phar /usr/bin/composer \u0026\u0026   echo \"**** fix logrotate ****\" \u0026\u0026   sed -i \"s#/var/log/messages {}.*# #g\"     /etc/logrotate.conf \u0026\u0026   sed -i 's#/usr/sbin/logrotate /etc/logrotate.conf#/usr/sbin/logrotate /etc/logrotate.conf -s /config/log/logrotate.status#g'     /etc/periodic/daily/logrotate # buildkit",
          "comment": "buildkit.dockerfile.v0"
        },
        {
          "created": "2023-11-16T18:52:22Z",
          "created_by": "COPY root/ / # buildkit",
          "comment": "buildkit.dockerfile.v0"
        },
        {
          "created": "2023-11-16T18:52:22Z",
          "created_by": "EXPOSE map[443/tcp:{} 80/tcp:{}]",
          "comment": "buildkit.dockerfile.v0",
          "empty_layer": true
        },
        {
          "created": "2023-11-21T11:54:33Z",
          "created_by": "ENV LSIO_FIRST_PARTY=true",
          "comment": "buildkit.dockerfile.v0",
          "empty_layer": true
        },
        {
          "created": "2023-11-21T11:54:33Z",
          "created_by": "ARG BUILD_DATE",
          "comment": "buildkit.dockerfile.v0",
          "empty_layer": true
        },
        {
          "created": "2023-11-21T11:54:33Z",
          "created_by": "ARG VERSION",
          "comment": "buildkit.dockerfile.v0",
          "empty_layer": true
        },
        {
          "created": "2023-11-21T11:54:33Z",
          "created_by": "ARG NEXTCLOUD_RELEASE",
          "comment": "buildkit.dockerfile.v0",
          "empty_layer": true
        },
        {
          "created": "2023-11-21T11:54:33Z",
          "created_by": "LABEL build_version=Linuxserver.io version:- 27.1.3-ls284 Build-date:- 2023-11-21T11:50:53+00:00",
          "comment": "buildkit.dockerfile.v0",
          "empty_layer": true
        },
        {
          "created": "2023-11-21T11:54:33Z",
          "created_by": "LABEL maintainer=aptalca",
          "comment": "buildkit.dockerfile.v0",
          "empty_layer": true
        },
        {
          "created": "2023-11-21T11:54:33Z",
          "created_by": "ENV LD_PRELOAD=/usr/lib/preloadable_libiconv.so",
          "comment": "buildkit.dockerfile.v0",
          "empty_layer": true
        },
        {
          "created": "2023-11-21T11:54:33Z",
          "created_by": "RUN |3 BUILD_DATE=2023-11-21T11:50:53+00:00 VERSION=27.1.3-ls284 NEXTCLOUD_RELEASE=27.1.3 /bin/sh -c echo \"**** install runtime packages ****\" \u0026\u0026   apk add --no-cache     ffmpeg     gnu-libiconv     imagemagick     libxml2     php82-apcu     php82-bcmath     php82-bz2     php82-dom     php82-exif     php82-ftp     php82-gd     php82-gmp     php82-imap     php82-intl     php82-ldap     php82-opcache     php82-pcntl     php82-pdo_mysql     php82-pdo_pgsql     php82-pdo_sqlite     php82-pecl-imagick     php82-pecl-memcached     php82-pecl-smbclient     php82-pgsql     php82-posix     php82-redis     php82-sodium     php82-sqlite3     php82-sysvsem     php82-xmlreader     rsync     samba-client     sudo \u0026\u0026   apk add --no-cache --repository=http://dl-cdn.alpinelinux.org/alpine/edge/community     php82-pecl-mcrypt \u0026\u0026   echo \"**** configure php-fpm to pass env vars ****\" \u0026\u0026   sed -E -i 's/^;?clear_env ?=.*$/clear_env = no/g' /etc/php82/php-fpm.d/www.conf \u0026\u0026   grep -qxF 'clear_env = no' /etc/php82/php-fpm.d/www.conf || echo 'clear_env = no' \u003e\u003e /etc/php82/php-fpm.d/www.conf \u0026\u0026   echo \"env[PATH] = /usr/local/bin:/usr/bin:/bin\" \u003e\u003e /etc/php82/php-fpm.conf \u0026\u0026   echo \"**** configure php for nextcloud ****\" \u0026\u0026   {     echo 'apc.enable_cli=1';   } \u003e\u003e /etc/php82/conf.d/apcu.ini \u0026\u0026   {     echo 'opcache.enable=1';     echo 'opcache.interned_strings_buffer=32';     echo 'opcache.max_accelerated_files=10000';     echo 'opcache.memory_consumption=128';     echo 'opcache.save_comments=1';     echo 'opcache.revalidate_freq=60';     echo 'opcache.jit=1255';     echo 'opcache.jit_buffer_size=128M';   } \u003e\u003e \"/etc/php82/conf.d/00_opcache.ini\" \u0026\u0026   {     echo 'memory_limit=512M';     echo 'upload_max_filesize=512M';     echo 'post_max_size=512M';     echo 'max_input_time=300';     echo 'max_execution_time=300';     echo 'output_buffering=0';     echo 'always_populate_raw_post_data=-1';   } \u003e\u003e \"/etc/php82/conf.d/nextcloud.ini\" \u0026\u0026   echo \"**** install nextcloud ****\" \u0026\u0026   mkdir -p     /app/www/src/ \u0026\u0026   if [ -z ${NEXTCLOUD_RELEASE+x} ]; then     NEXTCLOUD_RELEASE=$(curl -sX GET https://api.github.com/repos/nextcloud/server/releases       | jq -r '.[] | select(.prerelease != true) | .tag_name'       | sed 's|^v||g' | sort -rV | head -1);   fi \u0026\u0026   curl -o     /tmp/nextcloud.tar.bz2 -L     https://download.nextcloud.com/server/releases/nextcloud-${NEXTCLOUD_RELEASE}.tar.bz2 \u0026\u0026   tar xf /tmp/nextcloud.tar.bz2 -C     /app/www/src --strip-components=1 \u0026\u0026   rm -rf /app/www/src/updater \u0026\u0026   mkdir -p /app/www/src/data \u0026\u0026   chmod +x /app/www/src/occ \u0026\u0026   echo \"**** cleanup ****\" \u0026\u0026   rm -rf     /tmp/* # buildkit",
          "comment": "buildkit.dockerfile.v0"
        },
        {
          "created": "2023-11-21T11:54:34Z",
          "created_by": "COPY root/ / # buildkit",
          "comment": "buildkit.dockerfile.v0"
        },
        {
          "created": "2023-11-21T11:54:34Z",
          "created_by": "EXPOSE map[443/tcp:{} 80/tcp:{}]",
          "comment": "buildkit.dockerfile.v0",
          "empty_layer": true
        },
        {
          "created": "2023-11-21T11:54:34Z",
          "created_by": "VOLUME [/config]",
          "comment": "buildkit.dockerfile.v0",
          "empty_layer": true
        }
      ],
      "os": "linux",
      "rootfs": {
        "type": "layers",
        "diff_ids": [
          "sha256:f7b6d3655409cf8b8028a6c28fdd951edbe8c3a703374d8a6ca6b3709825dc98",
          "sha256:c185a7702ea002a28954b8f61b268f6b90a632412d3c85498e4283149c78c409",
          "sha256:e24f259e0609c2e765c6f41683733a7d3a0dde73da4a9352c96eef3c836f9a04",
          "sha256:ee4418d5eceec34284392738895367b65bcd27540f5dc9b42cef5be33cc447f8",
          "sha256:5ae7cfc016a10704bd2e5383183f9a8b82052ccf8e1a38e3130fa8a31b818deb",
          "sha256:ffe37ae244516a30c8854c91ac27d421c5925f24c8df59c8f7fb0ce266ba085d",
          "sha256:af83b3f81cca9491ba9356a7cbec3b3835b14c2c73804d9d4ee489b6fe7d4c7b",
          "sha256:821904b06665d908bbf7a8df9bea87cf506d3840fefaf9be733d866a1ede4ddd",
          "sha256:80ef1fc316f45091771b7dcdafd4afd8b37b5b00aafc736ef8b24c61c3b6f226"
        ]
      },
      "config": {
        "Entrypoint": [
          "/init"
        ],
        "Env": [
          "PATH=/lsiopy/bin:/usr/local/sbin:/usr/local/bin:/usr/sbin:/usr/bin:/sbin:/bin",
          "PS1=$(whoami)@$(hostname):$(pwd)\\$ ",
          "HOME=/root",
          "TERM=xterm",
          "S6_CMD_WAIT_FOR_SERVICES_MAXTIME=0",
          "S6_VERBOSITY=1",
          "S6_STAGE2_HOOK=/docker-mods",
          "VIRTUAL_ENV=/lsiopy",
          "LSIO_FIRST_PARTY=true",
          "LD_PRELOAD=/usr/lib/preloadable_libiconv.so"
        ],
        "Labels": {
          "build_version": "Linuxserver.io version:- 27.1.3-ls284 Build-date:- 2023-11-21T11:50:53+00:00",
          "maintainer": "aptalca",
          "org.opencontainers.image.authors": "linuxserver.io",
          "org.opencontainers.image.created": "2023-11-21T11:50:53+00:00",
          "org.opencontainers.image.description": "[Nextcloud](https://nextcloud.com/) gives you access to all your files wherever you are.    Where are your photos and documents? With Nextcloud you pick a server of your choice, at home, in a data center or at a provider. And that is where your files will be. Nextcloud runs on that server, protecting your data and giving you access from your desktop or mobile devices. Through Nextcloud you also access, sync and share your existing data on that FTP drive at the office, a Dropbox or a NAS you have at home.  ",
          "org.opencontainers.image.documentation": "https://docs.linuxserver.io/images/docker-nextcloud",
          "org.opencontainers.image.licenses": "GPL-3.0-only",
          "org.opencontainers.image.ref.name": "04b088162e3b6ae196e8545f08638336af5ed948",
          "org.opencontainers.image.revision": "04b088162e3b6ae196e8545f08638336af5ed948",
          "org.opencontainers.image.source": "https://github.com/linuxserver/docker-nextcloud",
          "org.opencontainers.image.title": "Nextcloud",
          "org.opencontainers.image.url": "https://github.com/linuxserver/docker-nextcloud/packages",
          "org.opencontainers.image.vendor": "linuxserver.io",
          "org.opencontainers.image.version": "27.1.3-ls284"
        },
        "Volumes": {
          "/config": {}
        },
        "WorkingDir": "/"
      }
    }
  },
  "Results": [
    {
      "Target": "linuxserver/nextcloud:latest (alpine 3.18.4)",
      "Class": "os-pkgs",
      "Type": "alpine"
    }
  ]
}
