{
  "SchemaVersion": 2,
  "ArtifactName": "linuxserver/wireguard:latest",
  "ArtifactType": "container_image",
  "Metadata": {
    "OS": {
      "Family": "alpine",
      "Name": "3.18.4"
    },
    "ImageID": "sha256:751f24d70b172051acdc2c13188c3bb800077c53ad12eda94e5f6ea8e6e965fa",
    "DiffIDs": [
      "sha256:f7b6d3655409cf8b8028a6c28fdd951edbe8c3a703374d8a6ca6b3709825dc98",
      "sha256:c185a7702ea002a28954b8f61b268f6b90a632412d3c85498e4283149c78c409",
      "sha256:e24f259e0609c2e765c6f41683733a7d3a0dde73da4a9352c96eef3c836f9a04",
      "sha256:ee4418d5eceec34284392738895367b65bcd27540f5dc9b42cef5be33cc447f8",
      "sha256:5ae7cfc016a10704bd2e5383183f9a8b82052ccf8e1a38e3130fa8a31b818deb",
      "sha256:c48d216ce4a2d6763b859cbffe6b51b13b74bff3fc7a423bbfda3806d4234a4b",
      "sha256:d6c18dea6319d4cedbc38385bd9935691bd093491c60b3b3541b8fa7d3a9cc58"
    ],
    "RepoTags": [
      "linuxserver/wireguard:latest"
    ],
    "RepoDigests": [
      "linuxserver/wireguard@sha256:874a33860ec9e3cd6a71431647df9d5b6ee2c3a962bb066c8b2b37cade0d0b01"
    ],
    "ImageConfig": {
      "architecture": "amd64",
      "created": "2023-11-16T11:22:12.460255764Z",
      "history": [
        {
          "created": "2023-11-11T22:08:44Z",
          "created_by": "COPY /root-out/ / # buildkit",
          "comment": "buildkit.dockerfile.v0"
        },
        {
          "created": "2023-11-11T22:08:44Z",
          "created_by": "ARG BUILD_DATE",
          "comment": "buildkit.dockerfile.v0",
          "empty_layer": true
        },
        {
          "created": "2023-11-11T22:08:44Z",
          "created_by": "ARG VERSION",
          "comment": "buildkit.dockerfile.v0",
          "empty_layer": true
        },
        {
          "created": "2023-11-11T22:08:44Z",
          "created_by": "ARG MODS_VERSION=v3",
          "comment": "buildkit.dockerfile.v0",
          "empty_layer": true
        },
        {
          "created": "2023-11-11T22:08:44Z",
          "created_by": "ARG PKG_INST_VERSION=v1",
          "comment": "buildkit.dockerfile.v0",
          "empty_layer": true
        },
        {
          "created": "2023-11-11T22:08:44Z",
          "created_by": "LABEL build_version=Linuxserver.io version:- 458ab886-ls28 Build-date:- 2023-11-11T22:06:40+00:00",
          "comment": "buildkit.dockerfile.v0",
          "empty_layer": true
        },
        {
          "created": "2023-11-11T22:08:44Z",
          "created_by": "LABEL maintainer=TheLamer",
          "comment": "buildkit.dockerfile.v0",
          "empty_layer": true
        },
        {
          "created": "2023-11-11T22:08:44Z",
          "created_by": "ADD https://raw.githubusercontent.com/linuxserver/docker-mods/mod-scripts/docker-mods.v3 /docker-mods # buildkit",
          "comment": "buildkit.dockerfile.v0"
        },
        {
          "created": "2023-11-11T22:08:44Z",
          "created_by": "ADD https://raw.githubusercontent.com/linuxserver/docker-mods/mod-scripts/package-install.v1 /etc/s6-overlay/s6-rc.d/init-mods-package-install/run # buildkit",
          "comment": "buildkit.dockerfile.v0"
        },
        {
          "created": "2023-11-11T22:08:44Z",
          "created_by": "ENV PS1=$(whoami)@$(hostname):$(pwd)\\$  HOME=/root TERM=xterm S6_CMD_WAIT_FOR_SERVICES_MAXTIME=0 S6_VERBOSITY=1 S6_STAGE2_HOOK=/docker-mods VIRTUAL_ENV=/lsiopy PATH=/lsiopy/bin:/usr/local/sbin:/usr/local/bin:/usr/sbin:/usr/bin:/sbin:/bin",
          "comment": "buildkit.dockerfile.v0",
          "empty_layer": true
        },
        {
          "created": "2023-11-11T22:08:46Z",
          "created_by": "RUN |4 BUILD_DATE=2023-11-11T22:06:40+00:00 VERSION=458ab886-ls28 MODS_VERSION=v3 PKG_INST_VERSION=v1 /bin/sh -c echo \"**** install runtime packages ****\" \u0026\u0026   apk add --no-cache     alpine-release     bash     ca-certificates     coreutils     curl     jq     netcat-openbsd     procps-ng     shadow     tzdata \u0026\u0026   echo \"**** create abc user and make our folders ****\" \u0026\u0026   groupmod -g 1000 users \u0026\u0026   useradd -u 911 -U -d /config -s /bin/false abc \u0026\u0026   usermod -G users abc \u0026\u0026   mkdir -p     /app     /config     /defaults     /lsiopy \u0026\u0026   echo \"**** cleanup ****\" \u0026\u0026   rm -rf     /tmp/* # buildkit",
          "comment": "buildkit.dockerfile.v0"
        },
        {
          "created": "2023-11-11T22:08:46Z",
          "created_by": "COPY root/ / # buildkit",
          "comment": "buildkit.dockerfile.v0"
        },
        {
          "created": "2023-11-11T22:08:46Z",
          "created_by": "ENTRYPOINT [\"/init\"]",
          "comment": "buildkit.dockerfile.v0",
          "empty_layer": true
        },
        {
          "created": "2023-11-16T11:22:12Z",
          "created_by": "ENV LSIO_FIRST_PARTY=true",
          "comment": "buildkit.dockerfile.v0",
          "empty_layer": true
        },
        {
          "created": "2023-11-16T11:22:12Z",
          "created_by": "ARG BUILD_DATE",
          "comment": "buildkit.dockerfile.v0",
          "empty_layer": true
        },
        {
          "created": "2023-11-16T11:22:12Z",
          "created_by": "ARG VERSION",
          "comment": "buildkit.dockerfile.v0",
          "empty_layer": true
        },
        {
          "created": "2023-11-16T11:22:12Z",
          "created_by": "ARG WIREGUARD_RELEASE",
          "comment": "buildkit.dockerfile.v0",
          "empty_layer": true
        },
        {
          "created": "2023-11-16T11:22:12Z",
          "created_by": "LABEL build_version=Linuxserver.io version:- v1.0.20210914-ls12 Build-date:- 2023-11-16T11:21:19+00:00",
          "comment": "buildkit.dockerfile.v0",
          "empty_layer": true
        },
        {
          "created": "2023-11-16T11:22:12Z",
          "created_by": "LABEL maintainer=thespad",
          "comment": "buildkit.dockerfile.v0",
          "empty_layer": true
        },
        {
          "created": "2023-11-16T11:22:12Z",
          "created_by": "RUN |3 BUILD_DATE=2023-11-16T11:21:19+00:00 VERSION=v1.0.20210914-ls12 WIREGUARD_RELEASE= /bin/sh -c echo \"**** install dependencies ****\" \u0026\u0026   apk add --no-cache --virtual=build-dependencies     build-base     elfutils-dev     git     linux-headers \u0026\u0026   apk add --no-cache     bc     coredns     grep     iproute2     iptables     ip6tables     iputils     libcap-utils     libqrencode     net-tools     openresolv \u0026\u0026   echo \"wireguard\" \u003e\u003e /etc/modules \u0026\u0026   echo \"**** install wireguard-tools ****\" \u0026\u0026   if [ -z ${WIREGUARD_RELEASE+x} ]; then     WIREGUARD_RELEASE=$(curl -sX GET \"https://api.github.com/repos/WireGuard/wireguard-tools/tags\"     | jq -r .[0].name);   fi \u0026\u0026   cd /app \u0026\u0026   git clone https://git.zx2c4.com/wireguard-tools \u0026\u0026   cd wireguard-tools \u0026\u0026   git checkout \"${WIREGUARD_RELEASE}\" \u0026\u0026   sed -i 's|\\[\\[ $proto == -4 \\]\\] \u0026\u0026 cmd sysctl -q net\\.ipv4\\.conf\\.all\\.src_valid_mark=1|[[ $proto == -4 ]] \\\u0026\\\u0026 [[ $(sysctl -n net.ipv4.conf.all.src_valid_mark) != 1 ]] \\\u0026\\\u0026 cmd sysctl -q net.ipv4.conf.all.src_valid_mark=1|' src/wg-quick/linux.bash \u0026\u0026   make -C src -j$(nproc) \u0026\u0026   make -C src install \u0026\u0026   rm -rf /etc/wireguard \u0026\u0026   ln -s /config/wg_confs /etc/wireguard \u0026\u0026   echo \"**** clean up ****\" \u0026\u0026   apk del --no-network build-dependencies \u0026\u0026   rm -rf     /tmp/* # buildkit",
          "comment": "buildkit.dockerfile.v0"
        },
        {
          "created": "2023-11-16T11:22:12Z",
          "created_by": "COPY /root / # buildkit",
          "comment": "buildkit.dockerfile.v0"
        },
        {
          "created": "2023-11-16T11:22:12Z",
          "created_by": "EXPOSE map[51820/udp:{}]",
          "comment": "buildkit.dockerfile.v0",
          "empty_layer": true
        }
      ],
      "os": "linux",
      "rootfs": {
        "type": "layers",
        "diff_ids": [
          "sha256:f7b6d3655409cf8b8028a6c28fdd951edbe8c3a703374d8a6ca6b3709825dc98",
          "sha256:c185a7702ea002a28954b8f61b268f6b90a632412d3c85498e4283149c78c409",
          "sha256:e24f259e0609c2e765c6f41683733a7d3a0dde73da4a9352c96eef3c836f9a04",
          "sha256:ee4418d5eceec34284392738895367b65bcd27540f5dc9b42cef5be33cc447f8",
          "sha256:5ae7cfc016a10704bd2e5383183f9a8b82052ccf8e1a38e3130fa8a31b818deb",
          "sha256:c48d216ce4a2d6763b859cbffe6b51b13b74bff3fc7a423bbfda3806d4234a4b",
          "sha256:d6c18dea6319d4cedbc38385bd9935691bd093491c60b3b3541b8fa7d3a9cc58"
        ]
      },
      "config": {
        "Entrypoint": [
          "/init"
        ],
        "Env": [
          "PATH=/lsiopy/bin:/usr/local/sbin:/usr/local/bin:/usr/sbin:/usr/bin:/sbin:/bin",
          "PS1=$(whoami)@$(hostname):$(pwd)\\$ ",
          "HOME=/root",
          "TERM=xterm",
          "S6_CMD_WAIT_FOR_SERVICES_MAXTIME=0",
          "S6_VERBOSITY=1",
          "S6_STAGE2_HOOK=/docker-mods",
          "VIRTUAL_ENV=/lsiopy",
          "LSIO_FIRST_PARTY=true"
        ],
        "Labels": {
          "build_version": "Linuxserver.io version:- v1.0.20210914-ls12 Build-date:- 2023-11-16T11:21:19+00:00",
          "maintainer": "thespad",
          "org.opencontainers.image.authors": "linuxserver.io",
          "org.opencontainers.image.created": "2023-11-16T11:21:19+00:00",
          "org.opencontainers.image.description": "[WireGuard®](https://www.wireguard.com/) is an extremely simple yet fast and modern VPN that utilizes state-of-the-art cryptography. It aims to be faster, simpler, leaner, and more useful than IPsec, while avoiding the massive headache. It intends to be considerably more performant than OpenVPN. WireGuard is designed as a general purpose VPN for running on embedded interfaces and super computers alike, fit for many different circumstances. Initially released for the Linux kernel, it is now cross-platform (Windows, macOS, BSD, iOS, Android) and widely deployable. It is currently under heavy development, but already it might be regarded as the most secure, easiest to use, and simplest VPN solution in the industry.",
          "org.opencontainers.image.documentation": "https://docs.linuxserver.io/images/docker-wireguard",
          "org.opencontainers.image.licenses": "GPL-3.0-only",
          "org.opencontainers.image.ref.name": "cd1aaa42533fe69d77eeb662ec6b0faa8d9509f4",
          "org.opencontainers.image.revision": "cd1aaa42533fe69d77eeb662ec6b0faa8d9509f4",
          "org.opencontainers.image.source": "https://github.com/linuxserver/docker-wireguard",
          "org.opencontainers.image.title": "Wireguard",
          "org.opencontainers.image.url": "https://github.com/linuxserver/docker-wireguard/packages",
          "org.opencontainers.image.vendor": "linuxserver.io",
          "org.opencontainers.image.version": "v1.0.20210914-ls12"
        },
        "WorkingDir": "/"
      }
    }
  },
  "Results": [
    {
      "Target": "linuxserver/wireguard:latest (alpine 3.18.4)",
      "Class": "os-pkgs",
      "Type": "alpine"
    }
  ]
}
