{
  "SchemaVersion": 2,
  "ArtifactName": "linuxserver/muximux:latest",
  "ArtifactType": "container_image",
  "Metadata": {
    "OS": {
      "Family": "alpine",
      "Name": "3.13",
      "EOSL": true
    },
    "ImageID": "sha256:ee4473be1091367953ec27872ab4b9c80d12fcb0b7b7560d423777517602abc8",
    "DiffIDs": [
      "sha256:0fae694884f2c5b206f50d7ad96a9ed89d269a93725bb4a1ad7ed1fb9001685d",
      "sha256:8e5c99bc65c1b0779476fbe03c44d4b93c05507f78bdf5ab0b76e0ac72aaf54a",
      "sha256:30ac620f6fb468bb1c4b2881120b9889179339c3c87a8cdfc8c4c556be2cc173",
      "sha256:69188dfa126ba56c8b03eb551b0d8bf418ffb9ee4b8aa2b65ed5ce762fb38200",
      "sha256:73eb8c481ea62ab240643396cb34b92cf6734a619a28663e995fe38413ce70e1",
      "sha256:053ad5b6ecb679daebeaeaedcaf30f3429ce11e2df1f9265c6883badff8be492",
      "sha256:2f26f85cac145c01d72964063e3042b5a891b7f05944078577e3d6c0d408b112"
    ],
    "RepoTags": [
      "linuxserver/muximux:latest"
    ],
    "RepoDigests": [
      "linuxserver/muximux@sha256:92d1b225e2f24961ffdbd58318cb015f2f0881bbb636cbb7fa4b85be90371eba"
    ],
    "ImageConfig": {
      "architecture": "amd64",
      "container": "b08d4f4cd6e627d9c43fc081959c95a64138bd1891524fcd33b92d917908e051",
      "created": "2022-10-22T01:40:23.811521656Z",
      "docker_version": "20.10.18",
      "history": [
        {
          "created": "2022-09-20T06:58:00Z",
          "created_by": "/bin/sh -c #(nop) COPY dir:ce5551acc7afc7f105ebe3222b46aa7d85f577f7dfd220b4aa1c370d8f71299b in / "
        },
        {
          "created": "2022-09-20T06:58:00Z",
          "created_by": "/bin/sh -c #(nop)  ARG BUILD_DATE",
          "empty_layer": true
        },
        {
          "created": "2022-09-20T06:58:00Z",
          "created_by": "/bin/sh -c #(nop)  ARG VERSION",
          "empty_layer": true
        },
        {
          "created": "2022-09-20T06:58:00Z",
          "created_by": "/bin/sh -c #(nop)  LABEL build_version=Linuxserver.io version:- 44292966-ls48 Build-date:- 2022-09-20T01:56:43-05:00",
          "empty_layer": true
        },
        {
          "created": "2022-09-20T06:58:00Z",
          "created_by": "/bin/sh -c #(nop)  LABEL maintainer=TheLamer",
          "empty_layer": true
        },
        {
          "created": "2022-09-20T06:58:00Z",
          "created_by": "/bin/sh -c #(nop)  ENV PS1=$(whoami)@$(hostname):$(pwd)\\$  HOME=/root TERM=xterm S6_CMD_WAIT_FOR_SERVICES_MAXTIME=0",
          "empty_layer": true
        },
        {
          "created": "2022-09-20T06:58:03Z",
          "created_by": "|2 BUILD_DATE=2022-09-20T01:56:43-05:00 VERSION=44292966-ls48 /bin/sh -c echo \"**** install runtime packages ****\" \u0026\u0026   apk add --no-cache     bash     ca-certificates     coreutils     curl     procps     shadow     tzdata \u0026\u0026   echo \"**** create abc user and make our folders ****\" \u0026\u0026   groupmod -g 1000 users \u0026\u0026   useradd -u 911 -U -d /config -s /bin/false abc \u0026\u0026   usermod -G users abc \u0026\u0026   mkdir -p     /app     /config     /defaults \u0026\u0026   echo \"**** cleanup ****\" \u0026\u0026   rm -rf     /tmp/*"
        },
        {
          "created": "2022-09-20T06:58:03Z",
          "created_by": "/bin/sh -c #(nop) COPY dir:c3f691a713f86881157fd18ec3d6bfb9d200fb11c232e9d661f0e642112c90ee in / "
        },
        {
          "created": "2022-09-20T06:58:03Z",
          "created_by": "/bin/sh -c #(nop)  ENTRYPOINT [\"/init\"]",
          "empty_layer": true
        },
        {
          "created": "2022-09-20T06:58:03Z",
          "created_by": "/bin/sh -c #(nop)  LABEL org.opencontainers.image.authors=linuxserver.io",
          "empty_layer": true
        },
        {
          "created": "2022-09-20T06:58:03Z",
          "created_by": "/bin/sh -c #(nop)  LABEL org.opencontainers.image.created=2022-09-20T01:56:43-05:00",
          "empty_layer": true
        },
        {
          "created": "2022-09-20T06:58:04Z",
          "created_by": "/bin/sh -c #(nop)  LABEL org.opencontainers.image.description=baseimage-alpine image by linuxserver.io",
          "empty_layer": true
        },
        {
          "created": "2022-09-20T06:58:04Z",
          "created_by": "/bin/sh -c #(nop)  LABEL org.opencontainers.image.documentation=https://docs.linuxserver.io/images/docker-baseimage-alpine",
          "empty_layer": true
        },
        {
          "created": "2022-09-20T06:58:04Z",
          "created_by": "/bin/sh -c #(nop)  LABEL org.opencontainers.image.licenses=GPL-3.0-only",
          "empty_layer": true
        },
        {
          "created": "2022-09-20T06:58:04Z",
          "created_by": "/bin/sh -c #(nop)  LABEL org.opencontainers.image.ref.name=bd29d09c00920d2edc795f84f60a855f795a0efd",
          "empty_layer": true
        },
        {
          "created": "2022-09-20T06:58:04Z",
          "created_by": "/bin/sh -c #(nop)  LABEL org.opencontainers.image.revision=bd29d09c00920d2edc795f84f60a855f795a0efd",
          "empty_layer": true
        },
        {
          "created": "2022-09-20T06:58:04Z",
          "created_by": "/bin/sh -c #(nop)  LABEL org.opencontainers.image.source=https://github.com/linuxserver/docker-baseimage-alpine",
          "empty_layer": true
        },
        {
          "created": "2022-09-20T06:58:05Z",
          "created_by": "/bin/sh -c #(nop)  LABEL org.opencontainers.image.title=Baseimage-alpine",
          "empty_layer": true
        },
        {
          "created": "2022-09-20T06:58:05Z",
          "created_by": "/bin/sh -c #(nop)  LABEL org.opencontainers.image.url=https://github.com/linuxserver/docker-baseimage-alpine/packages",
          "empty_layer": true
        },
        {
          "created": "2022-09-20T06:58:05Z",
          "created_by": "/bin/sh -c #(nop)  LABEL org.opencontainers.image.vendor=linuxserver.io",
          "empty_layer": true
        },
        {
          "created": "2022-09-20T06:58:05Z",
          "created_by": "/bin/sh -c #(nop)  LABEL org.opencontainers.image.version=44292966-ls48",
          "empty_layer": true
        },
        {
          "created": "2022-10-20T06:08:57Z",
          "created_by": "/bin/sh -c echo \"**** install build packages ****\" \u0026\u0026   apk add --no-cache     apache2-utils     git     libressl3.1-libssl     logrotate     nano     nginx     openssl     php7     php7-fileinfo     php7-fpm     php7-json     php7-mbstring     php7-openssl     php7-session     php7-simplexml     php7-xml     php7-xmlwriter     php7-zlib \u0026\u0026   echo \"**** configure nginx ****\" \u0026\u0026   echo 'fastcgi_param  SCRIPT_FILENAME $document_root$fastcgi_script_name;' \u003e\u003e     /etc/nginx/fastcgi_params \u0026\u0026   rm -f /etc/nginx/http.d/default.conf \u0026\u0026   echo \"**** fix logrotate ****\" \u0026\u0026   sed -i \"s#/var/log/messages {}.*# #g\" /etc/logrotate.conf \u0026\u0026   sed -i 's#/usr/sbin/logrotate /etc/logrotate.conf#/usr/sbin/logrotate /etc/logrotate.conf -s /config/log/logrotate.status#g'     /etc/periodic/daily/logrotate"
        },
        {
          "created": "2022-10-20T06:08:57Z",
          "created_by": "/bin/sh -c #(nop) COPY dir:1569c122a99631fff694b053cb71eed5af4051624ee202e638e8d2cc1a3ca57b in / "
        },
        {
          "created": "2022-10-20T06:08:58Z",
          "created_by": "/bin/sh -c #(nop)  EXPOSE 443 80",
          "empty_layer": true
        },
        {
          "created": "2022-10-20T06:08:58Z",
          "created_by": "/bin/sh -c #(nop)  VOLUME [/config]",
          "empty_layer": true
        },
        {
          "created": "2022-10-20T06:08:58Z",
          "created_by": "/bin/sh -c #(nop)  LABEL org.opencontainers.image.authors=linuxserver.io",
          "empty_layer": true
        },
        {
          "created": "2022-10-20T06:08:58Z",
          "created_by": "/bin/sh -c #(nop)  LABEL org.opencontainers.image.created=2022-10-20T08:07:58+02:00",
          "empty_layer": true
        },
        {
          "created": "2022-10-20T06:08:58Z",
          "created_by": "/bin/sh -c #(nop)  LABEL org.opencontainers.image.description=baseimage-alpine-nginx image by linuxserver.io",
          "empty_layer": true
        },
        {
          "created": "2022-10-20T06:08:59Z",
          "created_by": "/bin/sh -c #(nop)  LABEL org.opencontainers.image.documentation=https://docs.linuxserver.io/images/docker-baseimage-alpine-nginx",
          "empty_layer": true
        },
        {
          "created": "2022-10-20T06:08:59Z",
          "created_by": "/bin/sh -c #(nop)  LABEL org.opencontainers.image.licenses=GPL-3.0-only",
          "empty_layer": true
        },
        {
          "created": "2022-10-20T06:08:59Z",
          "created_by": "/bin/sh -c #(nop)  LABEL org.opencontainers.image.ref.name=00865499554d6e42006f0e7fcf1914251c3872c2",
          "empty_layer": true
        },
        {
          "created": "2022-10-20T06:08:59Z",
          "created_by": "/bin/sh -c #(nop)  LABEL org.opencontainers.image.revision=00865499554d6e42006f0e7fcf1914251c3872c2",
          "empty_layer": true
        },
        {
          "created": "2022-10-20T06:08:59Z",
          "created_by": "/bin/sh -c #(nop)  LABEL org.opencontainers.image.source=https://github.com/linuxserver/docker-baseimage-alpine-nginx",
          "empty_layer": true
        },
        {
          "created": "2022-10-20T06:08:59Z",
          "created_by": "/bin/sh -c #(nop)  LABEL org.opencontainers.image.title=Baseimage-alpine-nginx",
          "empty_layer": true
        },
        {
          "created": "2022-10-20T06:08:59Z",
          "created_by": "/bin/sh -c #(nop)  LABEL org.opencontainers.image.url=https://github.com/linuxserver/docker-baseimage-alpine-nginx/packages",
          "empty_layer": true
        },
        {
          "created": "2022-10-20T06:09:00Z",
          "created_by": "/bin/sh -c #(nop)  LABEL org.opencontainers.image.vendor=linuxserver.io",
          "empty_layer": true
        },
        {
          "created": "2022-10-20T06:09:00Z",
          "created_by": "/bin/sh -c #(nop)  LABEL org.opencontainers.image.version=dc02feda-ls49",
          "empty_layer": true
        },
        {
          "created": "2022-10-22T01:40:20Z",
          "created_by": "/bin/sh -c #(nop)  ARG BUILD_DATE",
          "empty_layer": true
        },
        {
          "created": "2022-10-22T01:40:20Z",
          "created_by": "/bin/sh -c #(nop)  ARG VERSION",
          "empty_layer": true
        },
        {
          "created": "2022-10-22T01:40:20Z",
          "created_by": "/bin/sh -c #(nop)  ARG MUXIMUX_COMMIT",
          "empty_layer": true
        },
        {
          "created": "2022-10-22T01:40:20Z",
          "created_by": "/bin/sh -c #(nop)  LABEL build_version=Linuxserver.io version:- 418923c8-ls139 Build-date:- 2022-10-22T03:39:17+02:00",
          "empty_layer": true
        },
        {
          "created": "2022-10-22T01:40:20Z",
          "created_by": "/bin/sh -c #(nop)  LABEL maintainer=sparklyballs",
          "empty_layer": true
        },
        {
          "created": "2022-10-22T01:40:21Z",
          "created_by": "|3 BUILD_DATE=2022-10-22T03:39:17+02:00 MUXIMUX_COMMIT=418923c8 VERSION=418923c8-ls139 /bin/sh -c echo \"**** install runtime packages ****\" \u0026\u0026  apk add --no-cache \tcurl \tjq \u0026\u0026  echo \"**** Tag this image with current version ****\" \u0026\u0026  if [ -z ${MUXIMUX_COMMIT+x} ]; then         MUXIMUX_COMMIT=$(curl -sX GET https://api.github.com/repos/mescon/Muximux/commits/master         | jq -r '. | .sha');  fi \u0026\u0026  echo ${MUXIMUX_COMMIT} \u003e /version.txt"
        },
        {
          "created": "2022-10-22T01:40:22Z",
          "created_by": "/bin/sh -c #(nop) COPY dir:b3ba1b2252bffa63733d39a05f734e6ccb109936866bf2fef236f6811635d7e2 in / "
        },
        {
          "created": "2022-10-22T01:40:22Z",
          "created_by": "/bin/sh -c #(nop)  EXPOSE 80",
          "empty_layer": true
        },
        {
          "created": "2022-10-22T01:40:22Z",
          "created_by": "/bin/sh -c #(nop)  VOLUME [/config]",
          "empty_layer": true
        },
        {
          "created": "2022-10-22T01:40:22Z",
          "created_by": "/bin/sh -c #(nop)  LABEL org.opencontainers.image.authors=linuxserver.io",
          "empty_layer": true
        },
        {
          "created": "2022-10-22T01:40:22Z",
          "created_by": "/bin/sh -c #(nop)  LABEL org.opencontainers.image.created=2022-10-22T03:39:17+02:00",
          "empty_layer": true
        },
        {
          "created": "2022-10-22T01:40:22Z",
          "created_by": "/bin/sh -c #(nop)  LABEL org.opencontainers.image.description=[Muximux](https://github.com/mescon/Muximux) is a lightweight portal to view \u0026 manage your HTPC apps without having to run anything more than a PHP enabled webserver. With Muximux you don't need to keep multiple tabs open, or bookmark the URL to all of your apps.",
          "empty_layer": true
        },
        {
          "created": "2022-10-22T01:40:22Z",
          "created_by": "/bin/sh -c #(nop)  LABEL org.opencontainers.image.documentation=https://docs.linuxserver.io/images/docker-muximux",
          "empty_layer": true
        },
        {
          "created": "2022-10-22T01:40:22Z",
          "created_by": "/bin/sh -c #(nop)  LABEL org.opencontainers.image.licenses=GPL-3.0-only",
          "empty_layer": true
        },
        {
          "created": "2022-10-22T01:40:23Z",
          "created_by": "/bin/sh -c #(nop)  LABEL org.opencontainers.image.ref.name=052738cd97c133d7751976e2af741b0a62c8596c",
          "empty_layer": true
        },
        {
          "created": "2022-10-22T01:40:23Z",
          "created_by": "/bin/sh -c #(nop)  LABEL org.opencontainers.image.revision=052738cd97c133d7751976e2af741b0a62c8596c",
          "empty_layer": true
        },
        {
          "created": "2022-10-22T01:40:23Z",
          "created_by": "/bin/sh -c #(nop)  LABEL org.opencontainers.image.source=https://github.com/linuxserver/docker-muximux",
          "empty_layer": true
        },
        {
          "created": "2022-10-22T01:40:23Z",
          "created_by": "/bin/sh -c #(nop)  LABEL org.opencontainers.image.title=Muximux",
          "empty_layer": true
        },
        {
          "created": "2022-10-22T01:40:23Z",
          "created_by": "/bin/sh -c #(nop)  LABEL org.opencontainers.image.url=https://github.com/linuxserver/docker-muximux/packages",
          "empty_layer": true
        },
        {
          "created": "2022-10-22T01:40:23Z",
          "created_by": "/bin/sh -c #(nop)  LABEL org.opencontainers.image.vendor=linuxserver.io",
          "empty_layer": true
        },
        {
          "created": "2022-10-22T01:40:23Z",
          "created_by": "/bin/sh -c #(nop)  LABEL org.opencontainers.image.version=418923c8-ls139",
          "empty_layer": true
        }
      ],
      "os": "linux",
      "rootfs": {
        "type": "layers",
        "diff_ids": [
          "sha256:0fae694884f2c5b206f50d7ad96a9ed89d269a93725bb4a1ad7ed1fb9001685d",
          "sha256:8e5c99bc65c1b0779476fbe03c44d4b93c05507f78bdf5ab0b76e0ac72aaf54a",
          "sha256:30ac620f6fb468bb1c4b2881120b9889179339c3c87a8cdfc8c4c556be2cc173",
          "sha256:69188dfa126ba56c8b03eb551b0d8bf418ffb9ee4b8aa2b65ed5ce762fb38200",
          "sha256:73eb8c481ea62ab240643396cb34b92cf6734a619a28663e995fe38413ce70e1",
          "sha256:053ad5b6ecb679daebeaeaedcaf30f3429ce11e2df1f9265c6883badff8be492",
          "sha256:2f26f85cac145c01d72964063e3042b5a891b7f05944078577e3d6c0d408b112"
        ]
      },
      "config": {
        "Entrypoint": [
          "/init"
        ],
        "Env": [
          "PATH=/usr/local/sbin:/usr/local/bin:/usr/sbin:/usr/bin:/sbin:/bin",
          "PS1=$(whoami)@$(hostname):$(pwd)\\$ ",
          "HOME=/root",
          "TERM=xterm",
          "S6_CMD_WAIT_FOR_SERVICES_MAXTIME=0"
        ],
        "Image": "sha256:6b708938f37bdafc31d432c246e1141f4dfefb0e97ffc51250f421082965f3d3",
        "Labels": {
          "build_version": "Linuxserver.io version:- 418923c8-ls139 Build-date:- 2022-10-22T03:39:17+02:00",
          "maintainer": "sparklyballs",
          "org.opencontainers.image.authors": "linuxserver.io",
          "org.opencontainers.image.created": "2022-10-22T03:39:17+02:00",
          "org.opencontainers.image.description": "[Muximux](https://github.com/mescon/Muximux) is a lightweight portal to view \u0026 manage your HTPC apps without having to run anything more than a PHP enabled webserver. With Muximux you don't need to keep multiple tabs open, or bookmark the URL to all of your apps.",
          "org.opencontainers.image.documentation": "https://docs.linuxserver.io/images/docker-muximux",
          "org.opencontainers.image.licenses": "GPL-3.0-only",
          "org.opencontainers.image.ref.name": "052738cd97c133d7751976e2af741b0a62c8596c",
          "org.opencontainers.image.revision": "052738cd97c133d7751976e2af741b0a62c8596c",
          "org.opencontainers.image.source": "https://github.com/linuxserver/docker-muximux",
          "org.opencontainers.image.title": "Muximux",
          "org.opencontainers.image.url": "https://github.com/linuxserver/docker-muximux/packages",
          "org.opencontainers.image.vendor": "linuxserver.io",
          "org.opencontainers.image.version": "418923c8-ls139"
        },
        "Volumes": {
          "/config": {}
        }
      }
    }
  },
  "Results": [
    {
      "Target": "linuxserver/muximux:latest (alpine 3.13)",
      "Class": "os-pkgs",
      "Type": "alpine",
      "Vulnerabilities": [
        {
          "VulnerabilityID": "CVE-2022-43680",
          "PkgID": "expat@2.2.10-r7",
          "PkgName": "expat",
          "InstalledVersion": "2.2.10-r7",
          "FixedVersion": "2.2.10-r8",
          "Status": "fixed",
          "Layer": {
            "DiffID": "sha256:69188dfa126ba56c8b03eb551b0d8bf418ffb9ee4b8aa2b65ed5ce762fb38200"
          },
          "SeveritySource": "nvd",
          "PrimaryURL": "https://avd.aquasec.com/nvd/cve-2022-43680",
          "DataSource": {
            "ID": "alpine",
            "Name": "Alpine Secdb",
            "URL": "https://secdb.alpinelinux.org/"
          },
          "Title": "use-after free caused by overeager destruction of a shared DTD in XML_ExternalEntityParserCreate",
          "Description": "In libexpat through 2.4.9, there is a use-after free caused by overeager destruction of a shared DTD in XML_ExternalEntityParserCreate in out-of-memory situations.",
          "Severity": "HIGH",
          "CweIDs": [
            "CWE-416"
          ],
          "CVSS": {
            "nvd": {
              "V3Vector": "CVSS:3.1/AV:N/AC:L/PR:N/UI:N/S:U/C:N/I:N/A:H",
              "V3Score": 7.5
            },
            "redhat": {
              "V3Vector": "CVSS:3.1/AV:N/AC:L/PR:N/UI:N/S:U/C:N/I:N/A:H",
              "V3Score": 7.5
            }
          },
          "References": [
            "https://access.redhat.com/errata/RHSA-2023:0337",
            "https://access.redhat.com/security/cve/CVE-2022-43680",
            "https://bugzilla.redhat.com/2140059",
            "https://bugzilla.redhat.com/show_bug.cgi?id=2140059",
            "https://cve.mitre.org/cgi-bin/cvename.cgi?name=CVE-2022-43680",
            "https://errata.almalinux.org/9/ALSA-2023-0337.html",
            "https://errata.rockylinux.org/RLSA-2023:0103",
            "https://github.com/libexpat/libexpat/issues/649",
            "https://github.com/libexpat/libexpat/pull/616",
            "https://github.com/libexpat/libexpat/pull/650",
            "https://linux.oracle.com/cve/CVE-2022-43680.html",
            "https://linux.oracle.com/errata/ELSA-2023-0337.html",
            "https://lists.debian.org/debian-lts-announce/2022/10/msg00033.html",
            "https://lists.fedoraproject.org/archives/list/package-announce%40lists.fedoraproject.org/message/AJ5VY2VYXE4WTRGQ6LMGLF6FV3SY37YE/",
            "https://lists.fedoraproject.org/archives/list/package-announce%40lists.fedoraproject.org/message/BY4OPSIB33ETNUXZY2UPZ4NGQ3OKDY4D/",
            "https://lists.fedoraproject.org/archives/list/package-announce%40lists.fedoraproject.org/message/DPQVIF6TOJNY2T3ZZETFKR4G34FFREBQ/",
            "https://lists.fedoraproject.org/archives/list/package-announce%40lists.fedoraproject.org/message/FFCOMBSOJKLIKCGCJWHLJXO4EVYBG7AR/",
            "https://lists.fedoraproject.org/archives/list/package-announce%40lists.fedoraproject.org/message/IUJ2BULJTZ2BMSKQHB6US674P55UCWWS/",
            "https://lists.fedoraproject.org/archives/list/package-announce%40lists.fedoraproject.org/message/XG5XOOB7CD55CEE6OJYKSACSIMQ4RWQ6/",
            "https://nvd.nist.gov/vuln/detail/CVE-2022-43680",
            "https://security.gentoo.org/glsa/202210-38",
            "https://security.netapp.com/advisory/ntap-20221118-0007/",
            "https://ubuntu.com/security/notices/USN-5638-2",
            "https://ubuntu.com/security/notices/USN-5638-3",
            "https://ubuntu.com/security/notices/USN-5638-4",
            "https://www.cve.org/CVERecord?id=CVE-2022-43680",
            "https://www.debian.org/security/2022/dsa-5266"
          ],
          "PublishedDate": "2022-10-24T14:15:00Z",
          "LastModifiedDate": "2023-11-09T14:44:00Z"
        }
      ]
    }
  ]
}
