{
  "SchemaVersion": 2,
  "ArtifactName": "linuxserver/mariadb:latest",
  "ArtifactType": "container_image",
  "Metadata": {
    "OS": {
      "Family": "alpine",
      "Name": "3.18.4"
    },
    "ImageID": "sha256:72b02a714aad3cb51e21dc746b1bdbb497a327dec3cad794d5d97e90f116b922",
    "DiffIDs": [
      "sha256:948969ad26113952e5283dfb0930cd01200c1d88755ed1774efe9c497a62aacd",
      "sha256:c185a7702ea002a28954b8f61b268f6b90a632412d3c85498e4283149c78c409",
      "sha256:b97c6e1c38beb87e2492ab201f602993c31e27d1e1be0a1ef763b34ccd401900",
      "sha256:6f8fcd7a6e6362efb6f2ac975f642231c5ee4b46d3539290a2b93080deeee9b9",
      "sha256:c576f5e1e9105754f736362606e0461e9068cf7b7d1cb28cec176e97db5ebbc5",
      "sha256:cdb32c440cdd8e560010d7f366c358a098b28018208839a6907e48fdd23c3978",
      "sha256:f00f29c9f93cd3ceab93fe142a0a035a9ea53ffa7cd682804276e87a061adc07"
    ],
    "RepoTags": [
      "linuxserver/mariadb:latest"
    ],
    "RepoDigests": [
      "linuxserver/mariadb@sha256:ff80b50ac69647013eccbe3588726ac2f2ea7966e6da7c2c3c209b80e8a03f2b"
    ],
    "ImageConfig": {
      "architecture": "amd64",
      "created": "2023-11-21T07:47:32.522982129Z",
      "history": [
        {
          "created": "2023-11-20T18:02:03Z",
          "created_by": "COPY /root-out/ / # buildkit",
          "comment": "buildkit.dockerfile.v0"
        },
        {
          "created": "2023-11-20T18:02:03Z",
          "created_by": "ARG BUILD_DATE",
          "comment": "buildkit.dockerfile.v0",
          "empty_layer": true
        },
        {
          "created": "2023-11-20T18:02:03Z",
          "created_by": "ARG VERSION",
          "comment": "buildkit.dockerfile.v0",
          "empty_layer": true
        },
        {
          "created": "2023-11-20T18:02:03Z",
          "created_by": "ARG MODS_VERSION=v3",
          "comment": "buildkit.dockerfile.v0",
          "empty_layer": true
        },
        {
          "created": "2023-11-20T18:02:03Z",
          "created_by": "ARG PKG_INST_VERSION=v1",
          "comment": "buildkit.dockerfile.v0",
          "empty_layer": true
        },
        {
          "created": "2023-11-20T18:02:03Z",
          "created_by": "LABEL build_version=Linuxserver.io version:- 458ab886-ls29 Build-date:- 2023-11-20T18:00:48+00:00",
          "comment": "buildkit.dockerfile.v0",
          "empty_layer": true
        },
        {
          "created": "2023-11-20T18:02:03Z",
          "created_by": "LABEL maintainer=TheLamer",
          "comment": "buildkit.dockerfile.v0",
          "empty_layer": true
        },
        {
          "created": "2023-11-20T18:02:03Z",
          "created_by": "ADD https://raw.githubusercontent.com/linuxserver/docker-mods/mod-scripts/docker-mods.v3 /docker-mods # buildkit",
          "comment": "buildkit.dockerfile.v0"
        },
        {
          "created": "2023-11-20T18:02:03Z",
          "created_by": "ADD https://raw.githubusercontent.com/linuxserver/docker-mods/mod-scripts/package-install.v1 /etc/s6-overlay/s6-rc.d/init-mods-package-install/run # buildkit",
          "comment": "buildkit.dockerfile.v0"
        },
        {
          "created": "2023-11-20T18:02:03Z",
          "created_by": "ENV PS1=$(whoami)@$(hostname):$(pwd)\\$  HOME=/root TERM=xterm S6_CMD_WAIT_FOR_SERVICES_MAXTIME=0 S6_VERBOSITY=1 S6_STAGE2_HOOK=/docker-mods VIRTUAL_ENV=/lsiopy PATH=/lsiopy/bin:/usr/local/sbin:/usr/local/bin:/usr/sbin:/usr/bin:/sbin:/bin",
          "comment": "buildkit.dockerfile.v0",
          "empty_layer": true
        },
        {
          "created": "2023-11-20T18:02:04Z",
          "created_by": "RUN |4 BUILD_DATE=2023-11-20T18:00:48+00:00 VERSION=458ab886-ls29 MODS_VERSION=v3 PKG_INST_VERSION=v1 /bin/sh -c echo \"**** install runtime packages ****\" \u0026\u0026   apk add --no-cache     alpine-release     bash     ca-certificates     coreutils     curl     jq     netcat-openbsd     procps-ng     shadow     tzdata \u0026\u0026   echo \"**** create abc user and make our folders ****\" \u0026\u0026   groupmod -g 1000 users \u0026\u0026   useradd -u 911 -U -d /config -s /bin/false abc \u0026\u0026   usermod -G users abc \u0026\u0026   mkdir -p     /app     /config     /defaults     /lsiopy \u0026\u0026   echo \"**** cleanup ****\" \u0026\u0026   rm -rf     /tmp/* # buildkit",
          "comment": "buildkit.dockerfile.v0"
        },
        {
          "created": "2023-11-20T18:02:05Z",
          "created_by": "COPY root/ / # buildkit",
          "comment": "buildkit.dockerfile.v0"
        },
        {
          "created": "2023-11-20T18:02:05Z",
          "created_by": "ENTRYPOINT [\"/init\"]",
          "comment": "buildkit.dockerfile.v0",
          "empty_layer": true
        },
        {
          "created": "2023-11-21T07:47:32Z",
          "created_by": "ENV LSIO_FIRST_PARTY=true",
          "comment": "buildkit.dockerfile.v0",
          "empty_layer": true
        },
        {
          "created": "2023-11-21T07:47:32Z",
          "created_by": "ARG BUILD_DATE",
          "comment": "buildkit.dockerfile.v0",
          "empty_layer": true
        },
        {
          "created": "2023-11-21T07:47:32Z",
          "created_by": "ARG VERSION",
          "comment": "buildkit.dockerfile.v0",
          "empty_layer": true
        },
        {
          "created": "2023-11-21T07:47:32Z",
          "created_by": "ARG MARIADB_VERSION",
          "comment": "buildkit.dockerfile.v0",
          "empty_layer": true
        },
        {
          "created": "2023-11-21T07:47:32Z",
          "created_by": "LABEL build_version=Linuxserver.io version:- 10.11.5-r0-ls120 Build-date:- 2023-11-21T07:45:22+00:00",
          "comment": "buildkit.dockerfile.v0",
          "empty_layer": true
        },
        {
          "created": "2023-11-21T07:47:32Z",
          "created_by": "LABEL maintainer=thelamer,nemchik",
          "comment": "buildkit.dockerfile.v0",
          "empty_layer": true
        },
        {
          "created": "2023-11-21T07:47:32Z",
          "created_by": "ENV MYSQL_DIR=/config",
          "comment": "buildkit.dockerfile.v0",
          "empty_layer": true
        },
        {
          "created": "2023-11-21T07:47:32Z",
          "created_by": "ENV DATADIR=/config/databases",
          "comment": "buildkit.dockerfile.v0",
          "empty_layer": true
        },
        {
          "created": "2023-11-21T07:47:32Z",
          "created_by": "RUN |3 BUILD_DATE=2023-11-21T07:45:22+00:00 VERSION=10.11.5-r0-ls120 MARIADB_VERSION=10.11.5-r0 /bin/sh -c echo \"**** install runtime packages ****\" \u0026\u0026   if [ -z ${MARIADB_VERSION+x} ]; then     MARIADB_VERSION=$(curl -sL \"http://dl-cdn.alpinelinux.org/alpine/v3.18/main/x86_64/APKINDEX.tar.gz\" | tar -xz -C /tmp     \u0026\u0026 awk '/^P:mariadb$/,/V:/' /tmp/APKINDEX | sed -n 2p | sed 's/^V://');   fi \u0026\u0026   apk add --no-cache     gnupg     mariadb==${MARIADB_VERSION}     mariadb-backup==${MARIADB_VERSION}     mariadb-client==${MARIADB_VERSION}     mariadb-common==${MARIADB_VERSION}     mariadb-server-utils==${MARIADB_VERSION} \u0026\u0026   mkdir -p     /var/lib/mysql \u0026\u0026   echo \"**** cleanup ****\" \u0026\u0026   rm -rf     /tmp/*     $HOME/.cache # buildkit",
          "comment": "buildkit.dockerfile.v0"
        },
        {
          "created": "2023-11-21T07:47:32Z",
          "created_by": "COPY root/ / # buildkit",
          "comment": "buildkit.dockerfile.v0"
        },
        {
          "created": "2023-11-21T07:47:32Z",
          "created_by": "EXPOSE map[3306/tcp:{}]",
          "comment": "buildkit.dockerfile.v0",
          "empty_layer": true
        },
        {
          "created": "2023-11-21T07:47:32Z",
          "created_by": "VOLUME [/config]",
          "comment": "buildkit.dockerfile.v0",
          "empty_layer": true
        }
      ],
      "os": "linux",
      "rootfs": {
        "type": "layers",
        "diff_ids": [
          "sha256:948969ad26113952e5283dfb0930cd01200c1d88755ed1774efe9c497a62aacd",
          "sha256:c185a7702ea002a28954b8f61b268f6b90a632412d3c85498e4283149c78c409",
          "sha256:b97c6e1c38beb87e2492ab201f602993c31e27d1e1be0a1ef763b34ccd401900",
          "sha256:6f8fcd7a6e6362efb6f2ac975f642231c5ee4b46d3539290a2b93080deeee9b9",
          "sha256:c576f5e1e9105754f736362606e0461e9068cf7b7d1cb28cec176e97db5ebbc5",
          "sha256:cdb32c440cdd8e560010d7f366c358a098b28018208839a6907e48fdd23c3978",
          "sha256:f00f29c9f93cd3ceab93fe142a0a035a9ea53ffa7cd682804276e87a061adc07"
        ]
      },
      "config": {
        "Entrypoint": [
          "/init"
        ],
        "Env": [
          "PATH=/lsiopy/bin:/usr/local/sbin:/usr/local/bin:/usr/sbin:/usr/bin:/sbin:/bin",
          "PS1=$(whoami)@$(hostname):$(pwd)\\$ ",
          "HOME=/root",
          "TERM=xterm",
          "S6_CMD_WAIT_FOR_SERVICES_MAXTIME=0",
          "S6_VERBOSITY=1",
          "S6_STAGE2_HOOK=/docker-mods",
          "VIRTUAL_ENV=/lsiopy",
          "LSIO_FIRST_PARTY=true",
          "MYSQL_DIR=/config",
          "DATADIR=/config/databases"
        ],
        "Labels": {
          "build_version": "Linuxserver.io version:- 10.11.5-r0-ls120 Build-date:- 2023-11-21T07:45:22+00:00",
          "maintainer": "thelamer,nemchik",
          "org.opencontainers.image.authors": "linuxserver.io",
          "org.opencontainers.image.created": "2023-11-21T07:45:22+00:00",
          "org.opencontainers.image.description": "[Mariadb](https://mariadb.org/) is one of the most popular database servers. Made by the original developers of MySQL.",
          "org.opencontainers.image.documentation": "https://docs.linuxserver.io/images/docker-mariadb",
          "org.opencontainers.image.licenses": "GPL-3.0-only",
          "org.opencontainers.image.ref.name": "0cada3a50f550f5789ab02c1c195be17d211086a",
          "org.opencontainers.image.revision": "0cada3a50f550f5789ab02c1c195be17d211086a",
          "org.opencontainers.image.source": "https://github.com/linuxserver/docker-mariadb",
          "org.opencontainers.image.title": "Mariadb",
          "org.opencontainers.image.url": "https://github.com/linuxserver/docker-mariadb/packages",
          "org.opencontainers.image.vendor": "linuxserver.io",
          "org.opencontainers.image.version": "10.11.5-r0-ls120"
        },
        "Volumes": {
          "/config": {}
        },
        "WorkingDir": "/"
      }
    }
  },
  "Results": [
    {
      "Target": "linuxserver/mariadb:latest (alpine 3.18.4)",
      "Class": "os-pkgs",
      "Type": "alpine"
    }
  ]
}
