{
  "SchemaVersion": 2,
  "ArtifactName": "tensorflow/serving:latest",
  "ArtifactType": "container_image",
  "Metadata": {
    "OS": {
      "Family": "ubuntu",
      "Name": "20.04"
    },
    "ImageID": "sha256:698fa65a754f108165da757f8fa9e99c4c994b0ce4a4f762d8641b9476e9210a",
    "DiffIDs": [
      "sha256:6c3e7df31590f02f10cb71fc4eb27653e9b428df2e6e5421a455b062bd2e39f9",
      "sha256:c41690566364e9725ae7a373babb5fc404085b3140e3e2b29e61aa696e2bfe4e",
      "sha256:bfe4235295aaa6fbe45a2a0af81721fa601f29336a1a444b3ce7b811fc55a0aa",
      "sha256:6ffc95d6f2a5518b35542920fd678d55431e8a8ae67a70ef6cb7a3f4c9cf1b5c",
      "sha256:831014c108edca44c856d1d94e5cd282c4a61356d569baa21b924f7aea34e275"
    ],
    "RepoTags": [
      "tensorflow/serving:latest"
    ],
    "RepoDigests": [
      "tensorflow/serving@sha256:fdc296e313fa4454173c5728fceda38f5d18cdb44c71a9f279ce61bc5818335e"
    ],
    "ImageConfig": {
      "architecture": "amd64",
      "container": "b1f9e75a6c46c58589f8307903941859ebf347c2fee0e03e59adf84448cae661",
      "created": "2023-11-21T23:33:15.032635884Z",
      "docker_version": "20.10.14",
      "history": [
        {
          "created": "2023-10-03T10:45:50Z",
          "created_by": "/bin/sh -c #(nop)  ARG RELEASE",
          "empty_layer": true
        },
        {
          "created": "2023-10-03T10:45:50Z",
          "created_by": "/bin/sh -c #(nop)  ARG LAUNCHPAD_BUILD_ARCH",
          "empty_layer": true
        },
        {
          "created": "2023-10-03T10:45:50Z",
          "created_by": "/bin/sh -c #(nop)  LABEL org.opencontainers.image.ref.name=ubuntu",
          "empty_layer": true
        },
        {
          "created": "2023-10-03T10:45:50Z",
          "created_by": "/bin/sh -c #(nop)  LABEL org.opencontainers.image.version=20.04",
          "empty_layer": true
        },
        {
          "created": "2023-10-03T10:45:51Z",
          "created_by": "/bin/sh -c #(nop) ADD file:4809da414c2d478b4d991cbdaa2df457f2b3d07d0ff6cf673f09a66f90833e81 in / "
        },
        {
          "created": "2023-10-03T10:45:52Z",
          "created_by": "/bin/sh -c #(nop)  CMD [\"/bin/bash\"]",
          "empty_layer": true
        },
        {
          "created": "2023-11-21T23:32:56Z",
          "created_by": "/bin/sh -c #(nop)  ARG TF_SERVING_VERSION_GIT_BRANCH=master",
          "empty_layer": true
        },
        {
          "created": "2023-11-21T23:32:56Z",
          "created_by": "/bin/sh -c #(nop)  ARG TF_SERVING_VERSION_GIT_COMMIT=head",
          "empty_layer": true
        },
        {
          "created": "2023-11-21T23:32:57Z",
          "created_by": "/bin/sh -c #(nop)  ARG DEBIAN_FRONTEND=noninteractive",
          "empty_layer": true
        },
        {
          "created": "2023-11-21T23:32:57Z",
          "created_by": "/bin/sh -c #(nop)  LABEL maintainer=gvasudevan@google.com",
          "empty_layer": true
        },
        {
          "created": "2023-11-21T23:32:57Z",
          "created_by": "/bin/sh -c #(nop)  LABEL tensorflow_serving_github_branchtag=2.14.1",
          "empty_layer": true
        },
        {
          "created": "2023-11-21T23:32:57Z",
          "created_by": "/bin/sh -c #(nop)  LABEL tensorflow_serving_github_commit=f8addc3218294e8165f53250525dd800a8592032",
          "empty_layer": true
        },
        {
          "created": "2023-11-21T23:33:06Z",
          "created_by": "|3 DEBIAN_FRONTEND=noninteractive TF_SERVING_VERSION_GIT_BRANCH=2.14.1 TF_SERVING_VERSION_GIT_COMMIT=f8addc3218294e8165f53250525dd800a8592032 /bin/sh -c apt-get update \u0026\u0026 apt-get install -y --no-install-recommends         ca-certificates         \u0026\u0026     apt-get clean \u0026\u0026     rm -rf /var/lib/apt/lists/*"
        },
        {
          "created": "2023-11-21T23:33:11Z",
          "created_by": "/bin/sh -c #(nop) COPY file:4c61f0b833455c2cc4773fe2d072e85fd90ab42f228fd33938f990268502b907 in /usr/bin/tensorflow_model_server "
        },
        {
          "created": "2023-11-21T23:33:13Z",
          "created_by": "/bin/sh -c #(nop)  EXPOSE 8500",
          "empty_layer": true
        },
        {
          "created": "2023-11-21T23:33:13Z",
          "created_by": "/bin/sh -c #(nop)  EXPOSE 8501",
          "empty_layer": true
        },
        {
          "created": "2023-11-21T23:33:13Z",
          "created_by": "/bin/sh -c #(nop)  ENV MODEL_BASE_PATH=/models",
          "empty_layer": true
        },
        {
          "created": "2023-11-21T23:33:14Z",
          "created_by": "|3 DEBIAN_FRONTEND=noninteractive TF_SERVING_VERSION_GIT_BRANCH=2.14.1 TF_SERVING_VERSION_GIT_COMMIT=f8addc3218294e8165f53250525dd800a8592032 /bin/sh -c mkdir -p ${MODEL_BASE_PATH}"
        },
        {
          "created": "2023-11-21T23:33:14Z",
          "created_by": "/bin/sh -c #(nop)  ENV MODEL_NAME=model",
          "empty_layer": true
        },
        {
          "created": "2023-11-21T23:33:14Z",
          "created_by": "|3 DEBIAN_FRONTEND=noninteractive TF_SERVING_VERSION_GIT_BRANCH=2.14.1 TF_SERVING_VERSION_GIT_COMMIT=f8addc3218294e8165f53250525dd800a8592032 /bin/sh -c echo '#!/bin/bash \\n\\ntensorflow_model_server --port=8500 --rest_api_port=8501 --model_name=${MODEL_NAME} --model_base_path=${MODEL_BASE_PATH}/${MODEL_NAME} \"$@\"' \u003e /usr/bin/tf_serving_entrypoint.sh \u0026\u0026 chmod +x /usr/bin/tf_serving_entrypoint.sh"
        },
        {
          "created": "2023-11-21T23:33:15Z",
          "created_by": "/bin/sh -c #(nop)  ENTRYPOINT [\"/usr/bin/tf_serving_entrypoint.sh\"]",
          "empty_layer": true
        }
      ],
      "os": "linux",
      "rootfs": {
        "type": "layers",
        "diff_ids": [
          "sha256:6c3e7df31590f02f10cb71fc4eb27653e9b428df2e6e5421a455b062bd2e39f9",
          "sha256:c41690566364e9725ae7a373babb5fc404085b3140e3e2b29e61aa696e2bfe4e",
          "sha256:bfe4235295aaa6fbe45a2a0af81721fa601f29336a1a444b3ce7b811fc55a0aa",
          "sha256:6ffc95d6f2a5518b35542920fd678d55431e8a8ae67a70ef6cb7a3f4c9cf1b5c",
          "sha256:831014c108edca44c856d1d94e5cd282c4a61356d569baa21b924f7aea34e275"
        ]
      },
      "config": {
        "Entrypoint": [
          "/usr/bin/tf_serving_entrypoint.sh"
        ],
        "Env": [
          "PATH=/usr/local/sbin:/usr/local/bin:/usr/sbin:/usr/bin:/sbin:/bin",
          "MODEL_BASE_PATH=/models",
          "MODEL_NAME=model"
        ],
        "Image": "sha256:86c6289e1dd8ffb9c5c624fedf2e0a9a6005b3e6cce1f61333b2833e9383b621",
        "Labels": {
          "maintainer": "gvasudevan@google.com",
          "org.opencontainers.image.ref.name": "ubuntu",
          "org.opencontainers.image.version": "20.04",
          "tensorflow_serving_github_branchtag": "2.14.1",
          "tensorflow_serving_github_commit": "f8addc3218294e8165f53250525dd800a8592032"
        }
      }
    }
  },
  "Results": [
    {
      "Target": "tensorflow/serving:latest (ubuntu 20.04)",
      "Class": "os-pkgs",
      "Type": "ubuntu",
      "Vulnerabilities": [
        {
          "VulnerabilityID": "CVE-2016-2781",
          "PkgID": "coreutils@8.30-3ubuntu2",
          "PkgName": "coreutils",
          "InstalledVersion": "8.30-3ubuntu2",
          "Status": "affected",
          "Layer": {
            "DiffID": "sha256:6c3e7df31590f02f10cb71fc4eb27653e9b428df2e6e5421a455b062bd2e39f9"
          },
          "SeveritySource": "ubuntu",
          "PrimaryURL": "https://avd.aquasec.com/nvd/cve-2016-2781",
          "DataSource": {
            "ID": "ubuntu",
            "Name": "Ubuntu CVE Tracker",
            "URL": "https://git.launchpad.net/ubuntu-cve-tracker"
          },
          "Title": "coreutils: Non-privileged session can escape to the parent session in chroot",
          "Description": "chroot in GNU coreutils, when used with --userspec, allows local users to escape to the parent session via a crafted TIOCSTI ioctl call, which pushes characters to the terminal's input buffer.",
          "Severity": "LOW",
          "CweIDs": [
            "CWE-20"
          ],
          "CVSS": {
            "nvd": {
              "V2Vector": "AV:L/AC:L/Au:N/C:N/I:P/A:N",
              "V3Vector": "CVSS:3.0/AV:L/AC:L/PR:L/UI:N/S:C/C:N/I:H/A:N",
              "V2Score": 2.1,
              "V3Score": 6.5
            },
            "redhat": {
              "V2Vector": "AV:L/AC:H/Au:N/C:C/I:C/A:C",
              "V3Vector": "CVSS:3.0/AV:L/AC:L/PR:N/UI:R/S:C/C:H/I:H/A:H",
              "V2Score": 6.2,
              "V3Score": 8.6
            }
          },
          "References": [
            "http://seclists.org/oss-sec/2016/q1/452",
            "http://www.openwall.com/lists/oss-security/2016/02/28/2",
            "http://www.openwall.com/lists/oss-security/2016/02/28/3",
            "https://access.redhat.com/security/cve/CVE-2016-2781",
            "https://cve.mitre.org/cgi-bin/cvename.cgi?name=CVE-2016-2781",
            "https://lists.apache.org/thread.html/rf9fa47ab66495c78bb4120b0754dd9531ca2ff0430f6685ac9b07772%40%3Cdev.mina.apache.org%3E",
            "https://lore.kernel.org/patchwork/patch/793178/",
            "https://nvd.nist.gov/vuln/detail/CVE-2016-2781",
            "https://www.cve.org/CVERecord?id=CVE-2016-2781"
          ],
          "PublishedDate": "2017-02-07T15:59:00Z",
          "LastModifiedDate": "2023-11-07T02:32:00Z"
        },
        {
          "VulnerabilityID": "CVE-2022-3219",
          "PkgID": "gpgv@2.2.19-3ubuntu2.2",
          "PkgName": "gpgv",
          "InstalledVersion": "2.2.19-3ubuntu2.2",
          "Status": "affected",
          "Layer": {
            "DiffID": "sha256:6c3e7df31590f02f10cb71fc4eb27653e9b428df2e6e5421a455b062bd2e39f9"
          },
          "SeveritySource": "ubuntu",
          "PrimaryURL": "https://avd.aquasec.com/nvd/cve-2022-3219",
          "DataSource": {
            "ID": "ubuntu",
            "Name": "Ubuntu CVE Tracker",
            "URL": "https://git.launchpad.net/ubuntu-cve-tracker"
          },
          "Title": "denial of service issue (resource consumption) using compressed packets",
          "Description": "GnuPG can be made to spin on a relatively small input by (for example) crafting a public key with thousands of signatures attached, compressed down to just a few KB.",
          "Severity": "LOW",
          "CweIDs": [
            "CWE-787"
          ],
          "CVSS": {
            "nvd": {
              "V3Vector": "CVSS:3.1/AV:L/AC:L/PR:L/UI:N/S:U/C:N/I:N/A:L",
              "V3Score": 3.3
            },
            "redhat": {
              "V3Vector": "CVSS:3.1/AV:L/AC:L/PR:N/UI:N/S:U/C:N/I:N/A:H",
              "V3Score": 6.2
            }
          },
          "References": [
            "https://access.redhat.com/security/cve/CVE-2022-3219",
            "https://bugzilla.redhat.com/show_bug.cgi?id=2127010",
            "https://cve.mitre.org/cgi-bin/cvename.cgi?name=CVE-2022-3219",
            "https://dev.gnupg.org/D556",
            "https://dev.gnupg.org/T5993",
            "https://marc.info/?l=oss-security\u0026m=165696590211434\u0026w=4",
            "https://nvd.nist.gov/vuln/detail/CVE-2022-3219",
            "https://security.netapp.com/advisory/ntap-20230324-0001/",
            "https://www.cve.org/CVERecord?id=CVE-2022-3219"
          ],
          "PublishedDate": "2023-02-23T20:15:00Z",
          "LastModifiedDate": "2023-05-26T16:31:00Z"
        },
        {
          "VulnerabilityID": "CVE-2023-5156",
          "PkgID": "libc-bin@2.31-0ubuntu9.12",
          "PkgName": "libc-bin",
          "InstalledVersion": "2.31-0ubuntu9.12",
          "Status": "affected",
          "Layer": {
            "DiffID": "sha256:6c3e7df31590f02f10cb71fc4eb27653e9b428df2e6e5421a455b062bd2e39f9"
          },
          "SeveritySource": "ubuntu",
          "PrimaryURL": "https://avd.aquasec.com/nvd/cve-2023-5156",
          "DataSource": {
            "ID": "ubuntu",
            "Name": "Ubuntu CVE Tracker",
            "URL": "https://git.launchpad.net/ubuntu-cve-tracker"
          },
          "Title": "glibc: DoS due to memory leak in getaddrinfo.c",
          "Description": "A flaw was found in the GNU C Library. A recent fix for CVE-2023-4806 introduced the potential for a memory leak, which may result in an application crash.",
          "Severity": "MEDIUM",
          "CweIDs": [
            "CWE-401"
          ],
          "CVSS": {
            "nvd": {
              "V3Vector": "CVSS:3.1/AV:N/AC:L/PR:N/UI:N/S:U/C:N/I:N/A:H",
              "V3Score": 7.5
            },
            "redhat": {
              "V3Vector": "CVSS:3.1/AV:N/AC:L/PR:N/UI:N/S:U/C:N/I:N/A:L",
              "V3Score": 5.3
            }
          },
          "References": [
            "http://www.openwall.com/lists/oss-security/2023/10/03/4",
            "http://www.openwall.com/lists/oss-security/2023/10/03/5",
            "http://www.openwall.com/lists/oss-security/2023/10/03/6",
            "http://www.openwall.com/lists/oss-security/2023/10/03/8",
            "https://access.redhat.com/security/cve/CVE-2023-5156",
            "https://bugzilla.redhat.com/show_bug.cgi?id=2240541",
            "https://cve.mitre.org/cgi-bin/cvename.cgi?name=CVE-2023-5156",
            "https://nvd.nist.gov/vuln/detail/CVE-2023-5156",
            "https://sourceware.org/bugzilla/show_bug.cgi?id=30884",
            "https://sourceware.org/git/?p=glibc.git;a=commitdiff;h=ec6b95c3303c700eb89eebeda2d7264cc184a796",
            "https://sourceware.org/pipermail/libc-alpha/2023-September/151691.html",
            "https://www.cve.org/CVERecord?id=CVE-2023-5156"
          ],
          "PublishedDate": "2023-09-25T16:15:00Z",
          "LastModifiedDate": "2023-11-07T04:23:00Z"
        },
        {
          "VulnerabilityID": "CVE-2016-20013",
          "PkgID": "libc-bin@2.31-0ubuntu9.12",
          "PkgName": "libc-bin",
          "InstalledVersion": "2.31-0ubuntu9.12",
          "Status": "affected",
          "Layer": {
            "DiffID": "sha256:6c3e7df31590f02f10cb71fc4eb27653e9b428df2e6e5421a455b062bd2e39f9"
          },
          "SeveritySource": "ubuntu",
          "PrimaryURL": "https://avd.aquasec.com/nvd/cve-2016-20013",
          "DataSource": {
            "ID": "ubuntu",
            "Name": "Ubuntu CVE Tracker",
            "URL": "https://git.launchpad.net/ubuntu-cve-tracker"
          },
          "Description": "sha256crypt and sha512crypt through 0.6 allow attackers to cause a denial of service (CPU consumption) because the algorithm's runtime is proportional to the square of the length of the password.",
          "Severity": "LOW",
          "CweIDs": [
            "CWE-770"
          ],
          "CVSS": {
            "nvd": {
              "V2Vector": "AV:N/AC:L/Au:N/C:N/I:N/A:P",
              "V3Vector": "CVSS:3.1/AV:N/AC:L/PR:N/UI:N/S:U/C:N/I:N/A:H",
              "V2Score": 5,
              "V3Score": 7.5
            }
          },
          "References": [
            "https://akkadia.org/drepper/SHA-crypt.txt",
            "https://cve.mitre.org/cgi-bin/cvename.cgi?name=CVE-2016-20013",
            "https://pthree.org/2018/05/23/do-not-use-sha256crypt-sha512crypt-theyre-dangerous/",
            "https://twitter.com/solardiz/status/795601240151457793"
          ],
          "PublishedDate": "2022-02-19T05:15:00Z",
          "LastModifiedDate": "2022-03-03T16:43:00Z"
        },
        {
          "VulnerabilityID": "CVE-2023-4806",
          "PkgID": "libc-bin@2.31-0ubuntu9.12",
          "PkgName": "libc-bin",
          "InstalledVersion": "2.31-0ubuntu9.12",
          "Status": "affected",
          "Layer": {
            "DiffID": "sha256:6c3e7df31590f02f10cb71fc4eb27653e9b428df2e6e5421a455b062bd2e39f9"
          },
          "SeveritySource": "ubuntu",
          "PrimaryURL": "https://avd.aquasec.com/nvd/cve-2023-4806",
          "DataSource": {
            "ID": "ubuntu",
            "Name": "Ubuntu CVE Tracker",
            "URL": "https://git.launchpad.net/ubuntu-cve-tracker"
          },
          "Title": "glibc: potential use-after-free in getaddrinfo()",
          "Description": "A flaw was found in glibc. In an extremely rare situation, the getaddrinfo function may access memory that has been freed, resulting in an application crash. This issue is only exploitable when a NSS module implements only the _nss_*_gethostbyname2_r and _nss_*_getcanonname_r hooks without implementing the _nss_*_gethostbyname3_r hook. The resolved name should return a large number of IPv6 and IPv4, and the call to the getaddrinfo function should have the AF_INET6 address family with AI_CANONNAME, AI_ALL and AI_V4MAPPED as flags.",
          "Severity": "LOW",
          "CweIDs": [
            "CWE-416"
          ],
          "CVSS": {
            "nvd": {
              "V3Vector": "CVSS:3.1/AV:N/AC:H/PR:N/UI:N/S:U/C:N/I:N/A:H",
              "V3Score": 5.9
            },
            "redhat": {
              "V3Vector": "CVSS:3.1/AV:N/AC:H/PR:N/UI:N/S:U/C:N/I:N/A:H",
              "V3Score": 5.9
            }
          },
          "References": [
            "http://www.openwall.com/lists/oss-security/2023/10/03/4",
            "http://www.openwall.com/lists/oss-security/2023/10/03/5",
            "http://www.openwall.com/lists/oss-security/2023/10/03/6",
            "http://www.openwall.com/lists/oss-security/2023/10/03/8",
            "https://access.redhat.com/errata/RHSA-2023:5453",
            "https://access.redhat.com/errata/RHSA-2023:5455",
            "https://access.redhat.com/security/cve/CVE-2023-4806",
            "https://bugzilla.redhat.com/2234712",
            "https://bugzilla.redhat.com/2237782",
            "https://bugzilla.redhat.com/2237798",
            "https://bugzilla.redhat.com/2238352",
            "https://bugzilla.redhat.com/show_bug.cgi?id=2234712",
            "https://bugzilla.redhat.com/show_bug.cgi?id=2237782",
            "https://bugzilla.redhat.com/show_bug.cgi?id=2237798",
            "https://bugzilla.redhat.com/show_bug.cgi?id=2238352",
            "https://cve.mitre.org/cgi-bin/cvename.cgi?name=CVE-2023-4527",
            "https://cve.mitre.org/cgi-bin/cvename.cgi?name=CVE-2023-4806",
            "https://cve.mitre.org/cgi-bin/cvename.cgi?name=CVE-2023-4813",
            "https://cve.mitre.org/cgi-bin/cvename.cgi?name=CVE-2023-4911",
            "https://errata.almalinux.org/9/ALSA-2023-5453.html",
            "https://errata.rockylinux.org/RLSA-2023:5455",
            "https://linux.oracle.com/cve/CVE-2023-4806.html",
            "https://linux.oracle.com/errata/ELSA-2023-5455.html",
            "https://lists.fedoraproject.org/archives/list/package-announce@lists.fedoraproject.org/message/4DBUQRRPB47TC3NJOUIBVWUGFHBJAFDL/",
            "https://lists.fedoraproject.org/archives/list/package-announce@lists.fedoraproject.org/message/DFG4P76UHHZEWQ26FWBXG76N2QLKKPZA/",
            "https://lists.fedoraproject.org/archives/list/package-announce@lists.fedoraproject.org/message/NDAQWHTSVOCOZ5K6KPIWKRT3JX4RTZUR/",
            "https://nvd.nist.gov/vuln/detail/CVE-2023-4806",
            "https://security.gentoo.org/glsa/202310-03",
            "https://www.cve.org/CVERecord?id=CVE-2023-4806"
          ],
          "PublishedDate": "2023-09-18T17:15:00Z",
          "LastModifiedDate": "2023-11-07T04:22:00Z"
        },
        {
          "VulnerabilityID": "CVE-2023-4813",
          "PkgID": "libc-bin@2.31-0ubuntu9.12",
          "PkgName": "libc-bin",
          "InstalledVersion": "2.31-0ubuntu9.12",
          "Status": "affected",
          "Layer": {
            "DiffID": "sha256:6c3e7df31590f02f10cb71fc4eb27653e9b428df2e6e5421a455b062bd2e39f9"
          },
          "SeveritySource": "ubuntu",
          "PrimaryURL": "https://avd.aquasec.com/nvd/cve-2023-4813",
          "DataSource": {
            "ID": "ubuntu",
            "Name": "Ubuntu CVE Tracker",
            "URL": "https://git.launchpad.net/ubuntu-cve-tracker"
          },
          "Title": "glibc: potential use-after-free in gaih_inet()",
          "Description": "A flaw was found in glibc. In an uncommon situation, the gaih_inet function may use memory that has been freed, resulting in an application crash. This issue is only exploitable when the getaddrinfo function is called and the hosts database in /etc/nsswitch.conf is configured with SUCCESS=continue or SUCCESS=merge.",
          "Severity": "LOW",
          "CweIDs": [
            "CWE-416"
          ],
          "CVSS": {
            "nvd": {
              "V3Vector": "CVSS:3.1/AV:N/AC:H/PR:N/UI:N/S:U/C:N/I:N/A:H",
              "V3Score": 5.9
            },
            "redhat": {
              "V3Vector": "CVSS:3.1/AV:N/AC:H/PR:N/UI:N/S:U/C:N/I:N/A:H",
              "V3Score": 5.9
            }
          },
          "References": [
            "http://www.openwall.com/lists/oss-security/2023/10/03/8",
            "https://access.redhat.com/errata/RHSA-2023:5453",
            "https://access.redhat.com/errata/RHSA-2023:5455",
            "https://access.redhat.com/security/cve/CVE-2023-4813",
            "https://bugzilla.redhat.com/2234712",
            "https://bugzilla.redhat.com/2237782",
            "https://bugzilla.redhat.com/2237798",
            "https://bugzilla.redhat.com/2238352",
            "https://bugzilla.redhat.com/show_bug.cgi?id=2234712",
            "https://bugzilla.redhat.com/show_bug.cgi?id=2237782",
            "https://bugzilla.redhat.com/show_bug.cgi?id=2237798",
            "https://bugzilla.redhat.com/show_bug.cgi?id=2238352",
            "https://cve.mitre.org/cgi-bin/cvename.cgi?name=CVE-2023-4527",
            "https://cve.mitre.org/cgi-bin/cvename.cgi?name=CVE-2023-4806",
            "https://cve.mitre.org/cgi-bin/cvename.cgi?name=CVE-2023-4813",
            "https://cve.mitre.org/cgi-bin/cvename.cgi?name=CVE-2023-4911",
            "https://errata.almalinux.org/9/ALSA-2023-5453.html",
            "https://errata.rockylinux.org/RLSA-2023:5455",
            "https://linux.oracle.com/cve/CVE-2023-4813.html",
            "https://linux.oracle.com/errata/ELSA-2023-5455.html",
            "https://nvd.nist.gov/vuln/detail/CVE-2023-4813",
            "https://security.netapp.com/advisory/ntap-20231110-0003/",
            "https://www.cve.org/CVERecord?id=CVE-2023-4813"
          ],
          "PublishedDate": "2023-09-12T22:15:00Z",
          "LastModifiedDate": "2023-11-10T18:15:00Z"
        },
        {
          "VulnerabilityID": "CVE-2023-5156",
          "PkgID": "libc6@2.31-0ubuntu9.12",
          "PkgName": "libc6",
          "InstalledVersion": "2.31-0ubuntu9.12",
          "Status": "affected",
          "Layer": {
            "DiffID": "sha256:6c3e7df31590f02f10cb71fc4eb27653e9b428df2e6e5421a455b062bd2e39f9"
          },
          "SeveritySource": "ubuntu",
          "PrimaryURL": "https://avd.aquasec.com/nvd/cve-2023-5156",
          "DataSource": {
            "ID": "ubuntu",
            "Name": "Ubuntu CVE Tracker",
            "URL": "https://git.launchpad.net/ubuntu-cve-tracker"
          },
          "Title": "glibc: DoS due to memory leak in getaddrinfo.c",
          "Description": "A flaw was found in the GNU C Library. A recent fix for CVE-2023-4806 introduced the potential for a memory leak, which may result in an application crash.",
          "Severity": "MEDIUM",
          "CweIDs": [
            "CWE-401"
          ],
          "CVSS": {
            "nvd": {
              "V3Vector": "CVSS:3.1/AV:N/AC:L/PR:N/UI:N/S:U/C:N/I:N/A:H",
              "V3Score": 7.5
            },
            "redhat": {
              "V3Vector": "CVSS:3.1/AV:N/AC:L/PR:N/UI:N/S:U/C:N/I:N/A:L",
              "V3Score": 5.3
            }
          },
          "References": [
            "http://www.openwall.com/lists/oss-security/2023/10/03/4",
            "http://www.openwall.com/lists/oss-security/2023/10/03/5",
            "http://www.openwall.com/lists/oss-security/2023/10/03/6",
            "http://www.openwall.com/lists/oss-security/2023/10/03/8",
            "https://access.redhat.com/security/cve/CVE-2023-5156",
            "https://bugzilla.redhat.com/show_bug.cgi?id=2240541",
            "https://cve.mitre.org/cgi-bin/cvename.cgi?name=CVE-2023-5156",
            "https://nvd.nist.gov/vuln/detail/CVE-2023-5156",
            "https://sourceware.org/bugzilla/show_bug.cgi?id=30884",
            "https://sourceware.org/git/?p=glibc.git;a=commitdiff;h=ec6b95c3303c700eb89eebeda2d7264cc184a796",
            "https://sourceware.org/pipermail/libc-alpha/2023-September/151691.html",
            "https://www.cve.org/CVERecord?id=CVE-2023-5156"
          ],
          "PublishedDate": "2023-09-25T16:15:00Z",
          "LastModifiedDate": "2023-11-07T04:23:00Z"
        },
        {
          "VulnerabilityID": "CVE-2016-20013",
          "PkgID": "libc6@2.31-0ubuntu9.12",
          "PkgName": "libc6",
          "InstalledVersion": "2.31-0ubuntu9.12",
          "Status": "affected",
          "Layer": {
            "DiffID": "sha256:6c3e7df31590f02f10cb71fc4eb27653e9b428df2e6e5421a455b062bd2e39f9"
          },
          "SeveritySource": "ubuntu",
          "PrimaryURL": "https://avd.aquasec.com/nvd/cve-2016-20013",
          "DataSource": {
            "ID": "ubuntu",
            "Name": "Ubuntu CVE Tracker",
            "URL": "https://git.launchpad.net/ubuntu-cve-tracker"
          },
          "Description": "sha256crypt and sha512crypt through 0.6 allow attackers to cause a denial of service (CPU consumption) because the algorithm's runtime is proportional to the square of the length of the password.",
          "Severity": "LOW",
          "CweIDs": [
            "CWE-770"
          ],
          "CVSS": {
            "nvd": {
              "V2Vector": "AV:N/AC:L/Au:N/C:N/I:N/A:P",
              "V3Vector": "CVSS:3.1/AV:N/AC:L/PR:N/UI:N/S:U/C:N/I:N/A:H",
              "V2Score": 5,
              "V3Score": 7.5
            }
          },
          "References": [
            "https://akkadia.org/drepper/SHA-crypt.txt",
            "https://cve.mitre.org/cgi-bin/cvename.cgi?name=CVE-2016-20013",
            "https://pthree.org/2018/05/23/do-not-use-sha256crypt-sha512crypt-theyre-dangerous/",
            "https://twitter.com/solardiz/status/795601240151457793"
          ],
          "PublishedDate": "2022-02-19T05:15:00Z",
          "LastModifiedDate": "2022-03-03T16:43:00Z"
        },
        {
          "VulnerabilityID": "CVE-2023-4806",
          "PkgID": "libc6@2.31-0ubuntu9.12",
          "PkgName": "libc6",
          "InstalledVersion": "2.31-0ubuntu9.12",
          "Status": "affected",
          "Layer": {
            "DiffID": "sha256:6c3e7df31590f02f10cb71fc4eb27653e9b428df2e6e5421a455b062bd2e39f9"
          },
          "SeveritySource": "ubuntu",
          "PrimaryURL": "https://avd.aquasec.com/nvd/cve-2023-4806",
          "DataSource": {
            "ID": "ubuntu",
            "Name": "Ubuntu CVE Tracker",
            "URL": "https://git.launchpad.net/ubuntu-cve-tracker"
          },
          "Title": "glibc: potential use-after-free in getaddrinfo()",
          "Description": "A flaw was found in glibc. In an extremely rare situation, the getaddrinfo function may access memory that has been freed, resulting in an application crash. This issue is only exploitable when a NSS module implements only the _nss_*_gethostbyname2_r and _nss_*_getcanonname_r hooks without implementing the _nss_*_gethostbyname3_r hook. The resolved name should return a large number of IPv6 and IPv4, and the call to the getaddrinfo function should have the AF_INET6 address family with AI_CANONNAME, AI_ALL and AI_V4MAPPED as flags.",
          "Severity": "LOW",
          "CweIDs": [
            "CWE-416"
          ],
          "CVSS": {
            "nvd": {
              "V3Vector": "CVSS:3.1/AV:N/AC:H/PR:N/UI:N/S:U/C:N/I:N/A:H",
              "V3Score": 5.9
            },
            "redhat": {
              "V3Vector": "CVSS:3.1/AV:N/AC:H/PR:N/UI:N/S:U/C:N/I:N/A:H",
              "V3Score": 5.9
            }
          },
          "References": [
            "http://www.openwall.com/lists/oss-security/2023/10/03/4",
            "http://www.openwall.com/lists/oss-security/2023/10/03/5",
            "http://www.openwall.com/lists/oss-security/2023/10/03/6",
            "http://www.openwall.com/lists/oss-security/2023/10/03/8",
            "https://access.redhat.com/errata/RHSA-2023:5453",
            "https://access.redhat.com/errata/RHSA-2023:5455",
            "https://access.redhat.com/security/cve/CVE-2023-4806",
            "https://bugzilla.redhat.com/2234712",
            "https://bugzilla.redhat.com/2237782",
            "https://bugzilla.redhat.com/2237798",
            "https://bugzilla.redhat.com/2238352",
            "https://bugzilla.redhat.com/show_bug.cgi?id=2234712",
            "https://bugzilla.redhat.com/show_bug.cgi?id=2237782",
            "https://bugzilla.redhat.com/show_bug.cgi?id=2237798",
            "https://bugzilla.redhat.com/show_bug.cgi?id=2238352",
            "https://cve.mitre.org/cgi-bin/cvename.cgi?name=CVE-2023-4527",
            "https://cve.mitre.org/cgi-bin/cvename.cgi?name=CVE-2023-4806",
            "https://cve.mitre.org/cgi-bin/cvename.cgi?name=CVE-2023-4813",
            "https://cve.mitre.org/cgi-bin/cvename.cgi?name=CVE-2023-4911",
            "https://errata.almalinux.org/9/ALSA-2023-5453.html",
            "https://errata.rockylinux.org/RLSA-2023:5455",
            "https://linux.oracle.com/cve/CVE-2023-4806.html",
            "https://linux.oracle.com/errata/ELSA-2023-5455.html",
            "https://lists.fedoraproject.org/archives/list/package-announce@lists.fedoraproject.org/message/4DBUQRRPB47TC3NJOUIBVWUGFHBJAFDL/",
            "https://lists.fedoraproject.org/archives/list/package-announce@lists.fedoraproject.org/message/DFG4P76UHHZEWQ26FWBXG76N2QLKKPZA/",
            "https://lists.fedoraproject.org/archives/list/package-announce@lists.fedoraproject.org/message/NDAQWHTSVOCOZ5K6KPIWKRT3JX4RTZUR/",
            "https://nvd.nist.gov/vuln/detail/CVE-2023-4806",
            "https://security.gentoo.org/glsa/202310-03",
            "https://www.cve.org/CVERecord?id=CVE-2023-4806"
          ],
          "PublishedDate": "2023-09-18T17:15:00Z",
          "LastModifiedDate": "2023-11-07T04:22:00Z"
        },
        {
          "VulnerabilityID": "CVE-2023-4813",
          "PkgID": "libc6@2.31-0ubuntu9.12",
          "PkgName": "libc6",
          "InstalledVersion": "2.31-0ubuntu9.12",
          "Status": "affected",
          "Layer": {
            "DiffID": "sha256:6c3e7df31590f02f10cb71fc4eb27653e9b428df2e6e5421a455b062bd2e39f9"
          },
          "SeveritySource": "ubuntu",
          "PrimaryURL": "https://avd.aquasec.com/nvd/cve-2023-4813",
          "DataSource": {
            "ID": "ubuntu",
            "Name": "Ubuntu CVE Tracker",
            "URL": "https://git.launchpad.net/ubuntu-cve-tracker"
          },
          "Title": "glibc: potential use-after-free in gaih_inet()",
          "Description": "A flaw was found in glibc. In an uncommon situation, the gaih_inet function may use memory that has been freed, resulting in an application crash. This issue is only exploitable when the getaddrinfo function is called and the hosts database in /etc/nsswitch.conf is configured with SUCCESS=continue or SUCCESS=merge.",
          "Severity": "LOW",
          "CweIDs": [
            "CWE-416"
          ],
          "CVSS": {
            "nvd": {
              "V3Vector": "CVSS:3.1/AV:N/AC:H/PR:N/UI:N/S:U/C:N/I:N/A:H",
              "V3Score": 5.9
            },
            "redhat": {
              "V3Vector": "CVSS:3.1/AV:N/AC:H/PR:N/UI:N/S:U/C:N/I:N/A:H",
              "V3Score": 5.9
            }
          },
          "References": [
            "http://www.openwall.com/lists/oss-security/2023/10/03/8",
            "https://access.redhat.com/errata/RHSA-2023:5453",
            "https://access.redhat.com/errata/RHSA-2023:5455",
            "https://access.redhat.com/security/cve/CVE-2023-4813",
            "https://bugzilla.redhat.com/2234712",
            "https://bugzilla.redhat.com/2237782",
            "https://bugzilla.redhat.com/2237798",
            "https://bugzilla.redhat.com/2238352",
            "https://bugzilla.redhat.com/show_bug.cgi?id=2234712",
            "https://bugzilla.redhat.com/show_bug.cgi?id=2237782",
            "https://bugzilla.redhat.com/show_bug.cgi?id=2237798",
            "https://bugzilla.redhat.com/show_bug.cgi?id=2238352",
            "https://cve.mitre.org/cgi-bin/cvename.cgi?name=CVE-2023-4527",
            "https://cve.mitre.org/cgi-bin/cvename.cgi?name=CVE-2023-4806",
            "https://cve.mitre.org/cgi-bin/cvename.cgi?name=CVE-2023-4813",
            "https://cve.mitre.org/cgi-bin/cvename.cgi?name=CVE-2023-4911",
            "https://errata.almalinux.org/9/ALSA-2023-5453.html",
            "https://errata.rockylinux.org/RLSA-2023:5455",
            "https://linux.oracle.com/cve/CVE-2023-4813.html",
            "https://linux.oracle.com/errata/ELSA-2023-5455.html",
            "https://nvd.nist.gov/vuln/detail/CVE-2023-4813",
            "https://security.netapp.com/advisory/ntap-20231110-0003/",
            "https://www.cve.org/CVERecord?id=CVE-2023-4813"
          ],
          "PublishedDate": "2023-09-12T22:15:00Z",
          "LastModifiedDate": "2023-11-10T18:15:00Z"
        },
        {
          "VulnerabilityID": "CVE-2023-5981",
          "PkgID": "libgnutls30@3.6.13-2ubuntu1.8",
          "PkgName": "libgnutls30",
          "InstalledVersion": "3.6.13-2ubuntu1.8",
          "FixedVersion": "3.6.13-2ubuntu1.9",
          "Status": "fixed",
          "Layer": {
            "DiffID": "sha256:6c3e7df31590f02f10cb71fc4eb27653e9b428df2e6e5421a455b062bd2e39f9"
          },
          "SeveritySource": "ubuntu",
          "PrimaryURL": "https://avd.aquasec.com/nvd/cve-2023-5981",
          "DataSource": {
            "ID": "ubuntu",
            "Name": "Ubuntu CVE Tracker",
            "URL": "https://git.launchpad.net/ubuntu-cve-tracker"
          },
          "Title": "[ttiming side-channel inside RSA-PSK key exchange]",
          "Description": "[timing side-channel inside RSA-PSK key exchange]",
          "Severity": "MEDIUM",
          "References": [
            "https://cve.mitre.org/cgi-bin/cvename.cgi?name=CVE-2023-5981",
            "https://gnutls.org/security-new.html#GNUTLS-SA-2023-10-23",
            "https://lists.gnupg.org/pipermail/gnutls-help/2023-November/004837.html",
            "https://ubuntu.com/security/notices/USN-6499-1"
          ]
        },
        {
          "VulnerabilityID": "CVE-2020-22916",
          "PkgID": "liblzma5@5.2.4-1ubuntu1.1",
          "PkgName": "liblzma5",
          "InstalledVersion": "5.2.4-1ubuntu1.1",
          "Status": "affected",
          "Layer": {
            "DiffID": "sha256:6c3e7df31590f02f10cb71fc4eb27653e9b428df2e6e5421a455b062bd2e39f9"
          },
          "SeveritySource": "ubuntu",
          "PrimaryURL": "https://avd.aquasec.com/nvd/cve-2020-22916",
          "DataSource": {
            "ID": "ubuntu",
            "Name": "Ubuntu CVE Tracker",
            "URL": "https://git.launchpad.net/ubuntu-cve-tracker"
          },
          "Title": "Denial of service via decompression of crafted file",
          "Description": "An issue discovered in XZ 5.2.5 allows attackers to cause a denial of service via decompression of a crafted file. NOTE: the vendor disputes the claims of \"endless output\" and \"denial of service\" because decompression of the 17,486 bytes always results in 114,881,179 bytes, which is often a reasonable size increase.",
          "Severity": "MEDIUM",
          "CVSS": {
            "nvd": {
              "V3Vector": "CVSS:3.1/AV:L/AC:L/PR:N/UI:R/S:U/C:N/I:N/A:H",
              "V3Score": 5.5
            },
            "redhat": {
              "V3Vector": "CVSS:3.1/AV:L/AC:L/PR:N/UI:R/S:U/C:N/I:N/A:H",
              "V3Score": 5.5
            }
          },
          "References": [
            "http://web.archive.org/web/20230918084612/https://github.com/snappyJack/CVE-request-XZ-5.2.5-has-denial-of-service-vulnerability",
            "https://access.redhat.com/security/cve/CVE-2020-22916",
            "https://bugzilla.redhat.com/show_bug.cgi?id=2234987",
            "https://bugzilla.suse.com/show_bug.cgi?id=1214590",
            "https://cve.mitre.org/cgi-bin/cvename.cgi?name=CVE-2020-22916",
            "https://github.com/snappyJack/CVE-request-XZ-5.2.5-has-denial-of-service-vulnerability",
            "https://github.com/tukaani-project/xz/issues/61",
            "https://nvd.nist.gov/vuln/detail/CVE-2020-22916",
            "https://security-tracker.debian.org/tracker/CVE-2020-22916",
            "https://tukaani.org/xz/",
            "https://www.cve.org/CVERecord?id=CVE-2020-22916"
          ],
          "PublishedDate": "2023-08-22T19:16:00Z",
          "LastModifiedDate": "2023-11-07T03:19:00Z"
        },
        {
          "VulnerabilityID": "CVE-2017-11164",
          "PkgID": "libpcre3@2:8.39-12ubuntu0.1",
          "PkgName": "libpcre3",
          "InstalledVersion": "2:8.39-12ubuntu0.1",
          "Status": "affected",
          "Layer": {
            "DiffID": "sha256:6c3e7df31590f02f10cb71fc4eb27653e9b428df2e6e5421a455b062bd2e39f9"
          },
          "SeveritySource": "ubuntu",
          "PrimaryURL": "https://avd.aquasec.com/nvd/cve-2017-11164",
          "DataSource": {
            "ID": "ubuntu",
            "Name": "Ubuntu CVE Tracker",
            "URL": "https://git.launchpad.net/ubuntu-cve-tracker"
          },
          "Title": "OP_KETRMAX feature in the match function in pcre_exec.c",
          "Description": "In PCRE 8.41, the OP_KETRMAX feature in the match function in pcre_exec.c allows stack exhaustion (uncontrolled recursion) when processing a crafted regular expression.",
          "Severity": "LOW",
          "CweIDs": [
            "CWE-674"
          ],
          "CVSS": {
            "nvd": {
              "V2Vector": "AV:N/AC:L/Au:N/C:N/I:N/A:C",
              "V3Vector": "CVSS:3.0/AV:N/AC:L/PR:N/UI:N/S:U/C:N/I:N/A:H",
              "V2Score": 7.8,
              "V3Score": 7.5
            },
            "redhat": {
              "V3Vector": "CVSS:3.0/AV:L/AC:L/PR:N/UI:R/S:U/C:N/I:N/A:L",
              "V3Score": 3.3
            }
          },
          "References": [
            "http://openwall.com/lists/oss-security/2017/07/11/3",
            "http://www.openwall.com/lists/oss-security/2023/04/11/1",
            "http://www.openwall.com/lists/oss-security/2023/04/12/1",
            "http://www.securityfocus.com/bid/99575",
            "https://access.redhat.com/security/cve/CVE-2017-11164",
            "https://cve.mitre.org/cgi-bin/cvename.cgi?name=CVE-2017-11164",
            "https://lists.apache.org/thread.html/rf9fa47ab66495c78bb4120b0754dd9531ca2ff0430f6685ac9b07772%40%3Cdev.mina.apache.org%3E",
            "https://nvd.nist.gov/vuln/detail/CVE-2017-11164",
            "https://www.cve.org/CVERecord?id=CVE-2017-11164"
          ],
          "PublishedDate": "2017-07-11T03:29:00Z",
          "LastModifiedDate": "2023-11-07T02:38:00Z"
        },
        {
          "VulnerabilityID": "CVE-2023-4016",
          "PkgID": "libprocps8@2:3.3.16-1ubuntu2.3",
          "PkgName": "libprocps8",
          "InstalledVersion": "2:3.3.16-1ubuntu2.3",
          "FixedVersion": "2:3.3.16-1ubuntu2.4",
          "Status": "fixed",
          "Layer": {
            "DiffID": "sha256:6c3e7df31590f02f10cb71fc4eb27653e9b428df2e6e5421a455b062bd2e39f9"
          },
          "SeveritySource": "ubuntu",
          "PrimaryURL": "https://avd.aquasec.com/nvd/cve-2023-4016",
          "DataSource": {
            "ID": "ubuntu",
            "Name": "Ubuntu CVE Tracker",
            "URL": "https://git.launchpad.net/ubuntu-cve-tracker"
          },
          "Title": "procps: ps buffer overflow",
          "Description": "Under some circumstances, this weakness allows a user who has access to run the “ps” utility on a machine, the ability to write almost unlimited amounts of unfiltered data into the process heap.",
          "Severity": "LOW",
          "CweIDs": [
            "CWE-787"
          ],
          "CVSS": {
            "nvd": {
              "V3Vector": "CVSS:3.1/AV:L/AC:L/PR:L/UI:N/S:U/C:N/I:N/A:H",
              "V3Score": 5.5
            },
            "redhat": {
              "V3Vector": "CVSS:3.1/AV:L/AC:H/PR:L/UI:N/S:U/C:N/I:N/A:L",
              "V3Score": 2.5
            }
          },
          "References": [
            "https://access.redhat.com/errata/RHSA-2023:6705",
            "https://access.redhat.com/security/cve/CVE-2023-4016",
            "https://bugzilla.redhat.com/2228494",
            "https://cve.mitre.org/cgi-bin/cvename.cgi?name=CVE-2023-4016",
            "https://errata.almalinux.org/9/ALSA-2023-6705.html",
            "https://gitlab.com/procps-ng/procps",
            "https://linux.oracle.com/cve/CVE-2023-4016.html",
            "https://linux.oracle.com/errata/ELSA-2023-6705.html",
            "https://lists.fedoraproject.org/archives/list/package-announce@lists.fedoraproject.org/message/SUETRRT24OFGPYK6ACPM5VUGHNKH5CQ5/",
            "https://nvd.nist.gov/vuln/detail/CVE-2023-4016",
            "https://ubuntu.com/security/notices/USN-6477-1",
            "https://www.cve.org/CVERecord?id=CVE-2023-4016"
          ],
          "PublishedDate": "2023-08-02T05:15:00Z",
          "LastModifiedDate": "2023-08-21T03:15:00Z"
        },
        {
          "VulnerabilityID": "CVE-2023-26604",
          "PkgID": "libsystemd0@245.4-4ubuntu3.22",
          "PkgName": "libsystemd0",
          "InstalledVersion": "245.4-4ubuntu3.22",
          "Status": "affected",
          "Layer": {
            "DiffID": "sha256:6c3e7df31590f02f10cb71fc4eb27653e9b428df2e6e5421a455b062bd2e39f9"
          },
          "SeveritySource": "ubuntu",
          "PrimaryURL": "https://avd.aquasec.com/nvd/cve-2023-26604",
          "DataSource": {
            "ID": "ubuntu",
            "Name": "Ubuntu CVE Tracker",
            "URL": "https://git.launchpad.net/ubuntu-cve-tracker"
          },
          "Title": "systemd: privilege escalation via the less pager",
          "Description": "systemd before 247 does not adequately block local privilege escalation for some Sudo configurations, e.g., plausible sudoers files in which the \"systemctl status\" command may be executed. Specifically, systemd does not set LESSSECURE to 1, and thus other programs may be launched from the less program. This presents a substantial security risk when running systemctl from Sudo, because less executes as root when the terminal size is too small to show the complete systemctl output.",
          "Severity": "LOW",
          "CVSS": {
            "nvd": {
              "V3Vector": "CVSS:3.1/AV:L/AC:L/PR:L/UI:N/S:U/C:H/I:H/A:H",
              "V3Score": 7.8
            },
            "redhat": {
              "V3Vector": "CVSS:3.1/AV:L/AC:L/PR:L/UI:N/S:U/C:H/I:N/A:H",
              "V3Score": 7.1
            }
          },
          "References": [
            "http://packetstormsecurity.com/files/174130/systemd-246-Local-Root-Privilege-Escalation.html",
            "https://access.redhat.com/errata/RHSA-2023:3837",
            "https://access.redhat.com/security/cve/CVE-2023-26604",
            "https://blog.compass-security.com/2012/10/dangerous-sudoers-entries-part-2-insecure-functionality/",
            "https://bugzilla.redhat.com/2175611",
            "https://bugzilla.redhat.com/show_bug.cgi?id=2175611",
            "https://bugzilla.redhat.com/show_bug.cgi?id=2190153",
            "https://cve.mitre.org/cgi-bin/cvename.cgi?name=CVE-2023-26604",
            "https://errata.almalinux.org/8/ALSA-2023-3837.html",
            "https://errata.rockylinux.org/RLSA-2023:3837",
            "https://github.com/systemd/systemd/blob/main/NEWS#L4335-L4340",
            "https://github.com/systemd/systemd/issues/5666",
            "https://linux.oracle.com/cve/CVE-2023-26604.html",
            "https://linux.oracle.com/errata/ELSA-2023-3837.html",
            "https://lists.debian.org/debian-lts-announce/2023/03/msg00032.html",
            "https://medium.com/%40zenmoviefornotification/saidov-maxim-cve-2023-26604-c1232a526ba7",
            "https://medium.com/@zenmoviefornotification/saidov-maxim-cve-2023-26604-c1232a526ba7",
            "https://nvd.nist.gov/vuln/detail/CVE-2023-26604",
            "https://security.netapp.com/advisory/ntap-20230505-0009/",
            "https://www.cve.org/CVERecord?id=CVE-2023-26604"
          ],
          "PublishedDate": "2023-03-03T16:15:00Z",
          "LastModifiedDate": "2023-11-07T04:09:00Z"
        },
        {
          "VulnerabilityID": "CVE-2023-26604",
          "PkgID": "libudev1@245.4-4ubuntu3.22",
          "PkgName": "libudev1",
          "InstalledVersion": "245.4-4ubuntu3.22",
          "Status": "affected",
          "Layer": {
            "DiffID": "sha256:6c3e7df31590f02f10cb71fc4eb27653e9b428df2e6e5421a455b062bd2e39f9"
          },
          "SeveritySource": "ubuntu",
          "PrimaryURL": "https://avd.aquasec.com/nvd/cve-2023-26604",
          "DataSource": {
            "ID": "ubuntu",
            "Name": "Ubuntu CVE Tracker",
            "URL": "https://git.launchpad.net/ubuntu-cve-tracker"
          },
          "Title": "systemd: privilege escalation via the less pager",
          "Description": "systemd before 247 does not adequately block local privilege escalation for some Sudo configurations, e.g., plausible sudoers files in which the \"systemctl status\" command may be executed. Specifically, systemd does not set LESSSECURE to 1, and thus other programs may be launched from the less program. This presents a substantial security risk when running systemctl from Sudo, because less executes as root when the terminal size is too small to show the complete systemctl output.",
          "Severity": "LOW",
          "CVSS": {
            "nvd": {
              "V3Vector": "CVSS:3.1/AV:L/AC:L/PR:L/UI:N/S:U/C:H/I:H/A:H",
              "V3Score": 7.8
            },
            "redhat": {
              "V3Vector": "CVSS:3.1/AV:L/AC:L/PR:L/UI:N/S:U/C:H/I:N/A:H",
              "V3Score": 7.1
            }
          },
          "References": [
            "http://packetstormsecurity.com/files/174130/systemd-246-Local-Root-Privilege-Escalation.html",
            "https://access.redhat.com/errata/RHSA-2023:3837",
            "https://access.redhat.com/security/cve/CVE-2023-26604",
            "https://blog.compass-security.com/2012/10/dangerous-sudoers-entries-part-2-insecure-functionality/",
            "https://bugzilla.redhat.com/2175611",
            "https://bugzilla.redhat.com/show_bug.cgi?id=2175611",
            "https://bugzilla.redhat.com/show_bug.cgi?id=2190153",
            "https://cve.mitre.org/cgi-bin/cvename.cgi?name=CVE-2023-26604",
            "https://errata.almalinux.org/8/ALSA-2023-3837.html",
            "https://errata.rockylinux.org/RLSA-2023:3837",
            "https://github.com/systemd/systemd/blob/main/NEWS#L4335-L4340",
            "https://github.com/systemd/systemd/issues/5666",
            "https://linux.oracle.com/cve/CVE-2023-26604.html",
            "https://linux.oracle.com/errata/ELSA-2023-3837.html",
            "https://lists.debian.org/debian-lts-announce/2023/03/msg00032.html",
            "https://medium.com/%40zenmoviefornotification/saidov-maxim-cve-2023-26604-c1232a526ba7",
            "https://medium.com/@zenmoviefornotification/saidov-maxim-cve-2023-26604-c1232a526ba7",
            "https://nvd.nist.gov/vuln/detail/CVE-2023-26604",
            "https://security.netapp.com/advisory/ntap-20230505-0009/",
            "https://www.cve.org/CVERecord?id=CVE-2023-26604"
          ],
          "PublishedDate": "2023-03-03T16:15:00Z",
          "LastModifiedDate": "2023-11-07T04:09:00Z"
        },
        {
          "VulnerabilityID": "CVE-2013-4235",
          "PkgID": "login@1:4.8.1-1ubuntu5.20.04.4",
          "PkgName": "login",
          "InstalledVersion": "1:4.8.1-1ubuntu5.20.04.4",
          "Status": "affected",
          "Layer": {
            "DiffID": "sha256:6c3e7df31590f02f10cb71fc4eb27653e9b428df2e6e5421a455b062bd2e39f9"
          },
          "SeveritySource": "ubuntu",
          "PrimaryURL": "https://avd.aquasec.com/nvd/cve-2013-4235",
          "DataSource": {
            "ID": "ubuntu",
            "Name": "Ubuntu CVE Tracker",
            "URL": "https://git.launchpad.net/ubuntu-cve-tracker"
          },
          "Title": "shadow-utils: TOCTOU race conditions by copying and removing directory trees",
          "Description": "shadow: TOCTOU (time-of-check time-of-use) race condition when copying and removing directory trees",
          "Severity": "LOW",
          "CweIDs": [
            "CWE-367"
          ],
          "CVSS": {
            "nvd": {
              "V2Vector": "AV:L/AC:M/Au:N/C:N/I:P/A:P",
              "V3Vector": "CVSS:3.1/AV:L/AC:H/PR:L/UI:N/S:U/C:N/I:H/A:N",
              "V2Score": 3.3,
              "V3Score": 4.7
            },
            "redhat": {
              "V2Vector": "AV:L/AC:H/Au:N/C:P/I:P/A:P",
              "V3Vector": "CVSS:3.1/AV:L/AC:H/PR:L/UI:R/S:U/C:N/I:H/A:N",
              "V2Score": 3.7,
              "V3Score": 4.4
            }
          },
          "References": [
            "https://access.redhat.com/security/cve/CVE-2013-4235",
            "https://access.redhat.com/security/cve/cve-2013-4235",
            "https://bugs.launchpad.net/ubuntu/+source/shadow/+bug/1998169",
            "https://bugzilla.redhat.com/show_bug.cgi?id=CVE-2013-4235",
            "https://cve.mitre.org/cgi-bin/cvename.cgi?name=CVE-2013-4235",
            "https://github.com/shadow-maint/shadow/issues/317",
            "https://github.com/shadow-maint/shadow/pull/545",
            "https://lists.apache.org/thread.html/rf9fa47ab66495c78bb4120b0754dd9531ca2ff0430f6685ac9b07772%40%3Cdev.mina.apache.org%3E",
            "https://nvd.nist.gov/vuln/detail/CVE-2013-4235",
            "https://security-tracker.debian.org/tracker/CVE-2013-4235",
            "https://security.gentoo.org/glsa/202210-26",
            "https://ubuntu.com/security/notices/USN-5745-1",
            "https://ubuntu.com/security/notices/USN-5745-2",
            "https://www.cve.org/CVERecord?id=CVE-2013-4235"
          ],
          "PublishedDate": "2019-12-03T15:15:00Z",
          "LastModifiedDate": "2023-02-13T00:28:00Z"
        },
        {
          "VulnerabilityID": "CVE-2023-29383",
          "PkgID": "login@1:4.8.1-1ubuntu5.20.04.4",
          "PkgName": "login",
          "InstalledVersion": "1:4.8.1-1ubuntu5.20.04.4",
          "Status": "affected",
          "Layer": {
            "DiffID": "sha256:6c3e7df31590f02f10cb71fc4eb27653e9b428df2e6e5421a455b062bd2e39f9"
          },
          "SeveritySource": "ubuntu",
          "PrimaryURL": "https://avd.aquasec.com/nvd/cve-2023-29383",
          "DataSource": {
            "ID": "ubuntu",
            "Name": "Ubuntu CVE Tracker",
            "URL": "https://git.launchpad.net/ubuntu-cve-tracker"
          },
          "Title": "Improper input validation in shadow-utils package utility chfn",
          "Description": "In Shadow 4.13, it is possible to inject control characters into fields provided to the SUID program chfn (change finger). Although it is not possible to exploit this directly (e.g., adding a new user fails because \\n is in the block list), it is possible to misrepresent the /etc/passwd file when viewed. Use of \\r manipulations and Unicode characters to work around blocking of the : character make it possible to give the impression that a new user has been added. In other words, an adversary may be able to convince a system administrator to take the system offline (an indirect, social-engineered denial of service) by demonstrating that \"cat /etc/passwd\" shows a rogue user account.",
          "Severity": "LOW",
          "CweIDs": [
            "CWE-74"
          ],
          "CVSS": {
            "nvd": {
              "V3Vector": "CVSS:3.1/AV:L/AC:L/PR:L/UI:N/S:U/C:N/I:L/A:N",
              "V3Score": 3.3
            },
            "redhat": {
              "V3Vector": "CVSS:3.1/AV:L/AC:L/PR:N/UI:R/S:U/C:N/I:N/A:H",
              "V3Score": 5.5
            }
          },
          "References": [
            "https://access.redhat.com/security/cve/CVE-2023-29383",
            "https://cve.mitre.org/cgi-bin/cvename.cgi?name=CVE-2023-29383",
            "https://github.com/shadow-maint/shadow/commit/e5905c4b84d4fb90aefcd96ee618411ebfac663d",
            "https://github.com/shadow-maint/shadow/pull/687",
            "https://nvd.nist.gov/vuln/detail/CVE-2023-29383",
            "https://www.cve.org/CVERecord?id=CVE-2023-29383",
            "https://www.trustwave.com/en-us/resources/blogs/spiderlabs-blog/cve-2023-29383-abusing-linux-chfn-to-misrepresent-etc-passwd/",
            "https://www.trustwave.com/en-us/resources/security-resources/security-advisories/?fid=31797"
          ],
          "PublishedDate": "2023-04-14T22:15:00Z",
          "LastModifiedDate": "2023-04-24T18:05:00Z"
        },
        {
          "VulnerabilityID": "CVE-2013-4235",
          "PkgID": "passwd@1:4.8.1-1ubuntu5.20.04.4",
          "PkgName": "passwd",
          "InstalledVersion": "1:4.8.1-1ubuntu5.20.04.4",
          "Status": "affected",
          "Layer": {
            "DiffID": "sha256:6c3e7df31590f02f10cb71fc4eb27653e9b428df2e6e5421a455b062bd2e39f9"
          },
          "SeveritySource": "ubuntu",
          "PrimaryURL": "https://avd.aquasec.com/nvd/cve-2013-4235",
          "DataSource": {
            "ID": "ubuntu",
            "Name": "Ubuntu CVE Tracker",
            "URL": "https://git.launchpad.net/ubuntu-cve-tracker"
          },
          "Title": "shadow-utils: TOCTOU race conditions by copying and removing directory trees",
          "Description": "shadow: TOCTOU (time-of-check time-of-use) race condition when copying and removing directory trees",
          "Severity": "LOW",
          "CweIDs": [
            "CWE-367"
          ],
          "CVSS": {
            "nvd": {
              "V2Vector": "AV:L/AC:M/Au:N/C:N/I:P/A:P",
              "V3Vector": "CVSS:3.1/AV:L/AC:H/PR:L/UI:N/S:U/C:N/I:H/A:N",
              "V2Score": 3.3,
              "V3Score": 4.7
            },
            "redhat": {
              "V2Vector": "AV:L/AC:H/Au:N/C:P/I:P/A:P",
              "V3Vector": "CVSS:3.1/AV:L/AC:H/PR:L/UI:R/S:U/C:N/I:H/A:N",
              "V2Score": 3.7,
              "V3Score": 4.4
            }
          },
          "References": [
            "https://access.redhat.com/security/cve/CVE-2013-4235",
            "https://access.redhat.com/security/cve/cve-2013-4235",
            "https://bugs.launchpad.net/ubuntu/+source/shadow/+bug/1998169",
            "https://bugzilla.redhat.com/show_bug.cgi?id=CVE-2013-4235",
            "https://cve.mitre.org/cgi-bin/cvename.cgi?name=CVE-2013-4235",
            "https://github.com/shadow-maint/shadow/issues/317",
            "https://github.com/shadow-maint/shadow/pull/545",
            "https://lists.apache.org/thread.html/rf9fa47ab66495c78bb4120b0754dd9531ca2ff0430f6685ac9b07772%40%3Cdev.mina.apache.org%3E",
            "https://nvd.nist.gov/vuln/detail/CVE-2013-4235",
            "https://security-tracker.debian.org/tracker/CVE-2013-4235",
            "https://security.gentoo.org/glsa/202210-26",
            "https://ubuntu.com/security/notices/USN-5745-1",
            "https://ubuntu.com/security/notices/USN-5745-2",
            "https://www.cve.org/CVERecord?id=CVE-2013-4235"
          ],
          "PublishedDate": "2019-12-03T15:15:00Z",
          "LastModifiedDate": "2023-02-13T00:28:00Z"
        },
        {
          "VulnerabilityID": "CVE-2023-29383",
          "PkgID": "passwd@1:4.8.1-1ubuntu5.20.04.4",
          "PkgName": "passwd",
          "InstalledVersion": "1:4.8.1-1ubuntu5.20.04.4",
          "Status": "affected",
          "Layer": {
            "DiffID": "sha256:6c3e7df31590f02f10cb71fc4eb27653e9b428df2e6e5421a455b062bd2e39f9"
          },
          "SeveritySource": "ubuntu",
          "PrimaryURL": "https://avd.aquasec.com/nvd/cve-2023-29383",
          "DataSource": {
            "ID": "ubuntu",
            "Name": "Ubuntu CVE Tracker",
            "URL": "https://git.launchpad.net/ubuntu-cve-tracker"
          },
          "Title": "Improper input validation in shadow-utils package utility chfn",
          "Description": "In Shadow 4.13, it is possible to inject control characters into fields provided to the SUID program chfn (change finger). Although it is not possible to exploit this directly (e.g., adding a new user fails because \\n is in the block list), it is possible to misrepresent the /etc/passwd file when viewed. Use of \\r manipulations and Unicode characters to work around blocking of the : character make it possible to give the impression that a new user has been added. In other words, an adversary may be able to convince a system administrator to take the system offline (an indirect, social-engineered denial of service) by demonstrating that \"cat /etc/passwd\" shows a rogue user account.",
          "Severity": "LOW",
          "CweIDs": [
            "CWE-74"
          ],
          "CVSS": {
            "nvd": {
              "V3Vector": "CVSS:3.1/AV:L/AC:L/PR:L/UI:N/S:U/C:N/I:L/A:N",
              "V3Score": 3.3
            },
            "redhat": {
              "V3Vector": "CVSS:3.1/AV:L/AC:L/PR:N/UI:R/S:U/C:N/I:N/A:H",
              "V3Score": 5.5
            }
          },
          "References": [
            "https://access.redhat.com/security/cve/CVE-2023-29383",
            "https://cve.mitre.org/cgi-bin/cvename.cgi?name=CVE-2023-29383",
            "https://github.com/shadow-maint/shadow/commit/e5905c4b84d4fb90aefcd96ee618411ebfac663d",
            "https://github.com/shadow-maint/shadow/pull/687",
            "https://nvd.nist.gov/vuln/detail/CVE-2023-29383",
            "https://www.cve.org/CVERecord?id=CVE-2023-29383",
            "https://www.trustwave.com/en-us/resources/blogs/spiderlabs-blog/cve-2023-29383-abusing-linux-chfn-to-misrepresent-etc-passwd/",
            "https://www.trustwave.com/en-us/resources/security-resources/security-advisories/?fid=31797"
          ],
          "PublishedDate": "2023-04-14T22:15:00Z",
          "LastModifiedDate": "2023-04-24T18:05:00Z"
        },
        {
          "VulnerabilityID": "CVE-2023-4016",
          "PkgID": "procps@2:3.3.16-1ubuntu2.3",
          "PkgName": "procps",
          "InstalledVersion": "2:3.3.16-1ubuntu2.3",
          "FixedVersion": "2:3.3.16-1ubuntu2.4",
          "Status": "fixed",
          "Layer": {
            "DiffID": "sha256:6c3e7df31590f02f10cb71fc4eb27653e9b428df2e6e5421a455b062bd2e39f9"
          },
          "SeveritySource": "ubuntu",
          "PrimaryURL": "https://avd.aquasec.com/nvd/cve-2023-4016",
          "DataSource": {
            "ID": "ubuntu",
            "Name": "Ubuntu CVE Tracker",
            "URL": "https://git.launchpad.net/ubuntu-cve-tracker"
          },
          "Title": "procps: ps buffer overflow",
          "Description": "Under some circumstances, this weakness allows a user who has access to run the “ps” utility on a machine, the ability to write almost unlimited amounts of unfiltered data into the process heap.",
          "Severity": "LOW",
          "CweIDs": [
            "CWE-787"
          ],
          "CVSS": {
            "nvd": {
              "V3Vector": "CVSS:3.1/AV:L/AC:L/PR:L/UI:N/S:U/C:N/I:N/A:H",
              "V3Score": 5.5
            },
            "redhat": {
              "V3Vector": "CVSS:3.1/AV:L/AC:H/PR:L/UI:N/S:U/C:N/I:N/A:L",
              "V3Score": 2.5
            }
          },
          "References": [
            "https://access.redhat.com/errata/RHSA-2023:6705",
            "https://access.redhat.com/security/cve/CVE-2023-4016",
            "https://bugzilla.redhat.com/2228494",
            "https://cve.mitre.org/cgi-bin/cvename.cgi?name=CVE-2023-4016",
            "https://errata.almalinux.org/9/ALSA-2023-6705.html",
            "https://gitlab.com/procps-ng/procps",
            "https://linux.oracle.com/cve/CVE-2023-4016.html",
            "https://linux.oracle.com/errata/ELSA-2023-6705.html",
            "https://lists.fedoraproject.org/archives/list/package-announce@lists.fedoraproject.org/message/SUETRRT24OFGPYK6ACPM5VUGHNKH5CQ5/",
            "https://nvd.nist.gov/vuln/detail/CVE-2023-4016",
            "https://ubuntu.com/security/notices/USN-6477-1",
            "https://www.cve.org/CVERecord?id=CVE-2023-4016"
          ],
          "PublishedDate": "2023-08-02T05:15:00Z",
          "LastModifiedDate": "2023-08-21T03:15:00Z"
        }
      ]
    }
  ]
}
