{
  "vulnerabilities": [],
  "ok": true,
  "dependencyCount": 19,
  "org": "suleymanergen32",
  "policy": "# Snyk (https://snyk.io) policy file, patches or ignores known vulnerabilities.\nversion: v1.25.1\nignore: {}\npatch: {}\n",
  "isPrivate": true,
  "licensesPolicy": {
    "severities": {},
    "orgLicenseRules": {
      "AGPL-1.0": {
        "licenseType": "AGPL-1.0",
        "severity": "high",
        "instructions": ""
      },
      "AGPL-3.0": {
        "licenseType": "AGPL-3.0",
        "severity": "high",
        "instructions": ""
      },
      "Artistic-1.0": {
        "licenseType": "Artistic-1.0",
        "severity": "medium",
        "instructions": ""
      },
      "Artistic-2.0": {
        "licenseType": "Artistic-2.0",
        "severity": "medium",
        "instructions": ""
      },
      "CDDL-1.0": {
        "licenseType": "CDDL-1.0",
        "severity": "medium",
        "instructions": ""
      },
      "CPOL-1.02": {
        "licenseType": "CPOL-1.02",
        "severity": "high",
        "instructions": ""
      },
      "EPL-1.0": {
        "licenseType": "EPL-1.0",
        "severity": "medium",
        "instructions": ""
      },
      "GPL-2.0": {
        "licenseType": "GPL-2.0",
        "severity": "high",
        "instructions": ""
      },
      "GPL-3.0": {
        "licenseType": "GPL-3.0",
        "severity": "high",
        "instructions": ""
      },
      "LGPL-2.0": {
        "licenseType": "LGPL-2.0",
        "severity": "medium",
        "instructions": ""
      },
      "LGPL-2.1": {
        "licenseType": "LGPL-2.1",
        "severity": "medium",
        "instructions": ""
      },
      "LGPL-3.0": {
        "licenseType": "LGPL-3.0",
        "severity": "medium",
        "instructions": ""
      },
      "MPL-1.1": {
        "licenseType": "MPL-1.1",
        "severity": "medium",
        "instructions": ""
      },
      "MPL-2.0": {
        "licenseType": "MPL-2.0",
        "severity": "medium",
        "instructions": ""
      },
      "MS-RL": {
        "licenseType": "MS-RL",
        "severity": "medium",
        "instructions": ""
      },
      "SimPL-2.0": {
        "licenseType": "SimPL-2.0",
        "severity": "high",
        "instructions": ""
      }
    }
  },
  "packageManager": "apk",
  "ignoreSettings": {
    "adminOnly": false,
    "reasonRequired": false,
    "disregardFilesystemIgnores": false
  },
  "docker": {
    "baseImage": "alpine:3.18.6",
    "baseImageRemediation": {
      "code": "NO_REMEDIATION_AVAILABLE",
      "advice": [
        {
          "message": "According to our scan, you are currently using the most secure version of the selected base image",
          "bold": true
        }
      ]
    }
  },
  "summary": "No known operating system vulnerabilities",
  "filesystemPolicy": false,
  "uniqueCount": 0,
  "projectName": "docker-image|library/api-firewall",
  "platform": "linux/amd64",
  "hasUnknownVersions": false,
  "path": "library/api-firewall:latest/api-firewall",
  "applications": [
    {
      "vulnerabilities": [
        {
          "id": "SNYK-GOLANG-GITHUBCOMMATTNGOSQLITE3-6139875",
          "title": "Heap-based Buffer Overflow",
          "CVSSv3": "CVSS:3.1/AV:N/AC:L/PR:N/UI:N/S:U/C:L/I:L/A:L/E:P",
          "credit": [
            "junwha0511"
          ],
          "semver": {
            "vulnerable": [
              "<1.14.18"
            ],
            "hashesRange": [
              "<v1.14.18"
            ],
            "vulnerableHashes": [
              "fc06e553050f9a45829cdcde48931526ec7e79f8",
              "3526997453e7a080a9f822ac9bd7e81f542fb9f5",
              "b718c29aea8dcb97e5338a220d9eec80af770626",
              "873ec5700501bf28c8e6afd40344776235403c03",
              "ce9149a3c941c30de51a01dbc5bc414ddaa52927",
              "d4673cd31cac7742ce1735defa74d63090ac3401",
              "6899118eff9e36a314f8415bb6e95d5f7ea31496",
              "7393095f073c6c46d86618b83f8867ee1a8da359",
              "8c1b840c44daf71964da5b190e2e8ef76297bcd6",
              "ea3ab4d8f5eba6a26173197b7c612fb1c0d0a081",
              "53494369eaf82feb906f08c5a97bf0134fed1fa3",
              "32ab0d8730130a4e69e06861571a84bcba3c9955",
              "bdab31cc98cdf61a93567c55e85e835ba6fb364f",
              "132eeedb4ad10f217a357d731f930cbdd1360733",
              "5b064f2d0538e40c32e865849394c653f3ec41d5",
              "8706f7baf06c3193ac09c594f107028f7795967d",
              "90900be5db1ac95537a83213e3d886f3df47e27a",
              "6717138923265f43d673bf92ece46f707370a94b",
              "6f2749a3ca9b233ffb8749ef9684f7f4d88cee7a",
              "8d81c2f1f8f4b00b487c668bb8c9df5daa112900",
              "aa13f26d02e9226b1b184030e4527526d03f2621",
              "8e02107ef798ce9eaa6a7a5d30310eb1301c32f8",
              "c1223028624d0ce67e5da5ed5a48d68cdc8d72ee",
              "9b745ee433e087abc43a6bcefa2ba60b8925711b",
              "4525f3a65f5a1257ed421bdac068a35fe76fb7d1",
              "183e7d61d12d767363bf91073584300a2d470507",
              "6d40aa115ad60d3ef1de44bac70474770159b0d2",
              "cc256c7b142955bed7bbe8d8709e3776b3b1b9a3",
              "275bdb282a390e7dcf8b698e04ce0c6f3aa1970a",
              "0dd71564e26e5fbe2177d420e2bf82a889568d64",
              "b808f01f660667b1510acf216aa2b9fe7f555ddb",
              "980ea65c410cd4fe242073c0762f93e7bf2a9b2b",
              "87dbce4730bc16be621f3409449f8f2ca8a032a2",
              "bba20942881c4c0c98e5f0b691408237affc36bb",
              "6134963aff51499e247b9c1041425e7489128aa1",
              "8a4c825cfc99b620bd78dbeac30348782a3b3eb9",
              "86932b40b0cebe3d5fc316bdb983a2ea8672cc4f",
              "3e26a9df8473b13653ae8f6d68c44458f3e94f11",
              "29b191f2068cf75cdb2f9e75274de95a3106b9a2",
              "d9f6dadfbf7a748501f2eb8cb7a2fa4de845fedc",
              "f14a7566f95301542aab53506f6b304e89865f5d",
              "14e5ed17730620eb192dabe78bdf1e4d4d1e6504",
              "2922c3445a80f1e6de804054dcabc68640358f1d",
              "c3e9588849195eefa783417c3a53d092f6e93526",
              "a2e94c9d580d202e5a4ebf1c731a51d187034775",
              "57484d0899f89fc920d4437059f0caeb9579c9a1",
              "9715e9ab8ed981e4d7769967f718a0a24f5b7ae2",
              "ce139f706b870082071a9d9fd18284c7b7fc9d65",
              "7319fcc0d8baa5a3604491549031a844747e37ab",
              "91c1a17d61e60b8d3a3c9bf35d11ca5bc7478404",
              "78af0c22f5bd7ee8ba32f49eab43394ba66253a9",
              "d12a1386ff44e004770271410a56723a4fae5602",
              "46cd5985022f93f03ebb57942684cb2bd4a70741",
              "79fb9332c14467840650fe1b241b0fe202abd3c9",
              "72bb737cf97755013eafb2a2ab56d09cdeee3e8b",
              "8897bf145272af4dd0305518cfb725a5b6d0541c",
              "83772a7051f5e30d8e59746a9e43dfa706b72f3b",
              "d8029554b4cbb9a1c12311d307f4154b515566b4",
              "07f9c9c30fbc180b71842b9282da7b5fa3d40fc9",
              "6dab4fc2ee4395ca2a5310f11905d33e26a19fdf",
              "568d682daaf9c9eb2cd153afe7c28e92156f6b7a",
              "8b2ef7351f6874140a6a3f7f65a1f317f63b0374",
              "da2bf8a0f356364fb8189a5a276b5acf77839d30",
              "507e9be49b9990eab8866105b80c616d66e3dd52",
              "dbaad204e95ad68c55137bcd7f879c9cb2fa9deb",
              "0f6f374d272cad9a5e9c5e345427dd1c626c3abe",
              "a4e5e7a617347421764703979ebf8b78320ad3e4",
              "afa0250ddf60dda4e8b2382b90ae1f72e0300380",
              "2fc807f6681dee78cba228da4fb712817f4d60df",
              "4a7ad328b73ee507116963d0fea8ecac4cb17990",
              "f395aa170e53f8ba00c7fb4cd4af2a3e34257fc1",
              "acf6044aaf97c5e83c3dd244a0a81ca13069ca98",
              "008acb738c4a7f27f4e7712551dec4b697379876",
              "c7bece2a7095b3d1bdec1cd51684bb11f3a8017b",
              "ecc4ab4956c9fe3e80a50de54e5ac89fd3663936",
              "92b704c1a6663ce84d970dd4622b77ae8fe50793",
              "5671e0149335abe1ded55bb030dc0b0eb5d27a23",
              "542ae647f8601bafd96233961b150cae198e0295",
              "f1eef49b3fc2532228eb30e80b2f1731228a4d94",
              "ae5cbb218c63c58afbe7237343b8b3ef28723a4b",
              "72cb8db627c0c5539ab4fda2b866518cd10f1fbf",
              "615c193e01d8d462eef7ee390171506f531a1c9a",
              "f7d2df0102f70b0327b4cc345f518d297a3589dd",
              "58004848f1e59b2cef8add95bf5d13063ce4e003",
              "3524ead0a51cad63768e5f2277b28455d1a4a968",
              "2acfafad5870400156f6fceb12852c281cbba4d5",
              "a1253acb6bf0c2e9f9ac47e61ee200b8b7f4c7f2",
              "3f45aefa8dc8bbdd97619dd2765f864972f3310e",
              "c37ebbc6b25314dce6a05f999d99576457716487",
              "acf4ae44299454c98d3a39ea15d444b5a6708710",
              "5b1175ef066f9fe80eee84c0ba5d0dbea72d09a6",
              "cde7293c72308f3cc5b57bfa65e162fb868470d8",
              "5cd1ba58664ccf49ec87604458165e96a5d31647",
              "ff8505c4ac38f01feeeff5cb222888d1bae59a3e",
              "db2c00ccd82fdbe1424e55b19aa43f3cf13aa5cb",
              "976f43861ffde82e2f0939793124b172d2ebd2ec",
              "9c24784fe14567df778b2282ee25578d263c9afc",
              "9cbb0970444f7ee9ccc65376394a504150b25de1",
              "0acd8f7aece241ec47b8817481a15ed5d5d86ed7",
              "e118d4451349065b8e7ce0f0af32e033995363f8",
              "f3aa5ce89995fab8c7777f7821f689d9ac81c80f",
              "2c4bacc57f7f2b97769828cdc40ddf9dd1a1d32b",
              "acfa60124032040b9f5a9406f5a772ee16fe845e",
              "593fde6929df5acf164ede346d6b0a98597ed9d2",
              "17a684694a3f713dc3df68893c1d29137d62efc9",
              "aa1e904220efab26cfe86242d52d0403e64b95c4",
              "835dea39a656a4695b266692ef1468b2ceffddea",
              "19cb26da92fe05f1eb1c0dd7268067cbc9b5421d",
              "cf4bd560f1588d96c502b4c3407fe1a10cef4a28",
              "4ef63c9c0db77925ab91b95237f9e3802c4710a4",
              "140b80506dd0ecc8029baa816ac008eea6309e02",
              "bba480975b7136da2f4016b2ba6133e68aa2a878",
              "144deb6596cd6dbb49158b3d6f6a0e742715f9a5",
              "53f6d424abab6842853dd3ef0bb9254617ccb6e0",
              "abd3d9caef4548682a279b60c859c197a1b32a47",
              "77fdcc27bb358d2aabfc7e8ee00468e576779ac7",
              "7926b8ed9630921b24c76b973ffa5b270c07a1c8",
              "02f54e026317040a528e0b37207026dd2f885aa9",
              "2df077b74c66723d9b44d01c8db88e74191bdd0e",
              "6710e996b5a7a19f6d085ce7a95ba6787565d3ab",
              "6865865265dab5ba96d6f64c2126d555e28bc386",
              "9c4d0ce29af7bff31c8483971fa8a0519c14c841",
              "3db806ab9569e94ea2d275a9711253f2724a59fe",
              "3ebb821e65f8282d323b702d7abfbdfd5169b37f",
              "2ce48427c48683d85943f452ebb44294dd8f9dec",
              "997cab809454bae9b2af4cfaebc2ee6a7062a5c9",
              "58039ab376ca63abd958125bf89855c6bff09cc1",
              "2ee07a473ff94a41b0e3163ab543d0897e30f67d",
              "dbe15b0408002dafcad7f05741cb6788e33dcb22",
              "0109106b8773b3e6bd9902fc52449870c58aa17f",
              "3d78a08b9f3307ac3874f5c120f7d4166c62efb9",
              "6da13a7bd97945dfbd2131ba113d94cea503fef4",
              "efc41bcd27b3db141336544453881d49f81253d4",
              "c2ab9a4ac87ef1dc08411e465bfda9134af953b2",
              "5532d1d5acb0c96143ae19e5c426cd153ce92092",
              "1b67b9f03b8d279fce1125609c00c12b6cd05460",
              "d0e4959926020dc1ef3b001d8677ac94a6ada192",
              "d3c690956bde8789300d0dd7e868189cb88cf6ad",
              "9150577da1c9f720200aac4e1474d8e628da6239",
              "3e97a4ca68500045276a2ba7051740bd53e40d06",
              "b76c61051faaf0baf3215e6f811003d98639b702",
              "4fb55b1ad958988931e88f7cb22518dd3d4fe9c4",
              "e6690f40af081594fe34a680e8bfb028952c2174",
              "671e666c2e88052a814eeaed6bc8506ef326eb63",
              "9a7131f1a90de9e8cb75b62e96d9aeb5c7a4a891",
              "dc448a0cb64c9188faae27736e21f378eb6e995b",
              "e969434e25f30ad4d75486b5300808bd4ec29dbd",
              "d6f416f91c463fbc47b2b04b04730718f0ba9a2d",
              "dcd44f511811bacb58241dd4de752177e7286967",
              "8cbe65c9c3cb4fa13945f7730d172327754beef1",
              "fdc70a0fab9d988e1f6136d3a3695bd36a2a662c",
              "5510da399572b4962c020184bb291120c0a412e2",
              "d82897d60e9700f52d3633fd0d41eb1f9b6f8a64",
              "4bbd87b29d3fa52883767c4208e7f479981a5c57",
              "3367a7a5f9ac7aa7285d4267284698ee83c42b57",
              "00a23ba538c96593a0093a95e7d142f0f783ba64",
              "53900fb4f0eb34195dad7e0c70315a9cf81dacb8",
              "4d2dc45165d088117d69a605396124b2f1796e54",
              "d785b8f8121cfc3d44df753b0c8c2c1cc26d0af1",
              "18135fa650d3bd5f54e89ce3668e005468162266",
              "b758711b08d5886ec2f1201f8d51284f3b8a23bf",
              "062811fcbdca58aa7caadb3fa31c312ac0d5132b",
              "298ea4316b59ad093c73a672983f0a67280f0e30",
              "49f9543f144f83b3f42d7fc7d39bb5d5fe25ee33",
              "224815d665ab9f872c6bc0d9dad1101cc5ec6b1a",
              "8d7068003b758892ae2b7b1a617694512076fc51",
              "9c64e666d6c21fec2d5b9619b156f8e8673beeca",
              "f7461000f1863f3ed9c26c1f3074d86df138cfd5",
              "248e51c050e3289fc3f3098650905b798d593179",
              "755d5be32c971580a8ae5ed32a6bd5ff774d722d",
              "d9e7576acf68be8413097aa1ffd7d53989262080",
              "31c761827c59093893c826102195a5eccd2cf387",
              "953b2322bffcd696885e6b5c80a046e86a686116",
              "bb15a32a4f5fb1ef12c3eea9f3feaeaf3f392358",
              "955dae4ebd0ea6e242d3ee953062cedb2f4381ff",
              "3ae2f4307ca4571a2b085db16859860d143c546f",
              "7ea7c83912ce504cb9649c6ce1b227670dfde8db",
              "f0825967469ebc1a342acc4b756b098d81ab511a",
              "2b0a8971e38a6d045db40109f58ddd3cae03a29f",
              "cebbf42ff60a87f038ef03b3c5734817d41ef0d6",
              "6e13c4512d7305780a405ce3512da1bdcf8e96f6",
              "d9455abc357c053811145c3a7b649f1ab4afe33d",
              "e63ddcaa1aafbeabdee791f420a5148326cfd351",
              "e87c35082bf4c56768d8d7ed501396a9c166f0ff",
              "8ecd77c707d698b39fbcf76e4e8d08f284c8307f",
              "6654e412c3c7eabb310d920cf73a2102dbf8c632",
              "08b7452f81ac376f5a5bf52af315f13f6261ebf0",
              "1a378fb5bb5c0b41b45a0bd61a984072fe0fd0fb",
              "00716954b7fac405c5e5084a0ef6d7d6bc3a2b48",
              "e8799fe79a7b8edfd53a9bd58e83fea6402d5408",
              "5b2191bd7a45448c99ae748255dbca0cc88d774b",
              "7337e65c27313aec52f96e6da520acd2fe48c00f",
              "919cf4144a09abfd877330bbe735f3a243a84537",
              "76e335f60bbcee20755df9864f0153af1a80ad2d",
              "a35b097634ab3a42fac3f7a1c5ed1f898d5cdd5f",
              "f91a09fb506e7543841b4a9725e16da84fc82b72",
              "ae4b60773ac62f0b280cd7c054bbfe81f43873a4",
              "d7dbb909ec3384421c36ef3ab3f10a87ba1b01bf",
              "f595dd99558ac8e2fddbfa35fe84a1557b47191e",
              "10876d7dac65f02064c03d7372a2f1dfb90043fe",
              "7e1a61dbcdb71e3220e5cc54cd2ef7d32b0b9b67",
              "c25061c4b77446beec92c8e1d886ba56eb14435b",
              "4c5aec8622e1523fa8f82a2ecb1a20cb039a33ec",
              "85436841b33e86c07dce0fa2e88c31a97c96a22f",
              "2364b288cca5e899f1a852d08745a55a9bcf5294",
              "6ae7f98274c6e254f84a9b8349b4a4eed0bee8a5",
              "6a26e21416755035b3c77e9c299b9a040f414b4c",
              "4bde157d91c6061ab47312761ca440d2b06bdb25",
              "2ea5857c0eb3179b078ce5fb881ace11eb28f285",
              "c935ccca28b8b17e0a0d885c1b20a07dd829371e",
              "c41df79ec0fe2cb5886b24dc9a203bf7021873bb",
              "487e651e19e08fd9a925a52740ac954904aa1985",
              "628398eed258242a6748879efbf18d2012760bdc",
              "1704ea522da54566fb41576db328ea3c44f702d8",
              "6a80b70b7aa22a4c9e649f76a3381d8cc62a4a6d",
              "c4dc66cdcd638aafca07125b0eb3150b9ccf2bc2",
              "20a06cb34cf7c9846f3ea217c1cecb552aa6bf20",
              "ded4a4bb1b39c46bb7b250afcd2e3902b9845565",
              "f4ce3be229889df39cb9d159d5ccaec83857a9bb",
              "df0c034d7ca47ba165e5a81eeb2802589005e9b8",
              "866c3293d9a76aa491e56cc978d0d7fb0e63e121",
              "baffbbc154a3f256e73183bd28cf39767b83c97c",
              "baaf8a978416040e7f2d00ac36e345098d0588d8",
              "c7906ff723157e36b1a3bb8b778a5ae87adc6baa",
              "d869678d3cece282e9f5dcf2466eef00ba2978c0",
              "c6d43c40e663785489630d0f9086bbae5f490394",
              "4cb37250b60d3254997cc8b53d9951278bdf3059",
              "9cb060a1317dbbaf35dd18b0e23bcbc4f356bcd7",
              "b76b90f75407f7656fcf45c646145992c9195f81",
              "4218441e44e93e64bc8ed054741a2c33988500b5",
              "ae4208e73a3a4286944da42ecffe95c29ddd25b1",
              "12a1c0f435a7bd74bcd48d46007d08570797c224",
              "7211b7212b6379501cf9beecac814c21223beda3",
              "103e6ee9eee476eed58337e34dc8cf2b65451315",
              "9eb751e8f1ef335da79c73c48d4e2e53f540a780",
              "323f3f4beed51bd0230c6e84bc8ee4451bd413e2",
              "b4f5cc77d1cca1470922e916c9f775ef17d2d78f",
              "6796d46c3a2736edc88418f6de515c76e29f4aa9",
              "5f58255164ffdc0d97a1cd15e4eb1e562264f3ba",
              "6ec1687716ce97bbcde07fa86113670c362801d2",
              "fc9f8cab248885e69f9eef63f5ffb7f8010c46e0",
              "788c147ad744c8c86676ab4025bd2a3413f9bcf0",
              "e688f0a8eb3db91c7cd1bf0925bac5bdf951a553",
              "324c3f7debd1e0bdeca1e501a942bf733d9027ae",
              "b612a2feea6aa87c6d052d9086572551df06497e",
              "76c6ec051693eefb99b6aa664a9196a4bdc44913",
              "341bfcf7f19e6c3d3df8cd2ce6342a8b2125bbb0",
              "5b74e9ce72fb9592241c42cf046f8f4c20446813",
              "58ed4a0810db4a6757547ca36adf4cf2ffc18fdd",
              "8d3a4e0ee8c7b758f35efc5e7aa3d7c1baec60c3",
              "e273a1552e39b67e23de088b5ee663e6c16baccd",
              "4bc448f79b526c2ef42cd3feebc43f1b42adf9c9",
              "9c2e10a3bab32f4a60f58ffc67107c6d0de5b79f",
              "9f06636f8cbb5cdd7aebcc8b4897644f56856d9b",
              "9965ee19968581a5c05a54aa73d5cad221414d7f",
              "bedc2985efda510946f102c1e2a5595be070a2b7",
              "dfec358c75eb32070885d4eb4cfbbb99948fc558",
              "07096126290ca7cda1127d497004a07903733305",
              "deaffef7cbe2b9a13cfd8fd85ec194a5ba8a01ed",
              "a59fbb40eb2307e1d35b3d3785b040ede3f7990d",
              "5abd024785fc4b5916fa6296a7c4542d2ec07fbe",
              "ae251919bdb598a5224915b192d90fc9c3f7376a",
              "0d708316a6f2070c6e235a6fd1770f63e37f6360",
              "a26641dc74a72ee8e568ba911bce1f3c42533d67",
              "0ad25499b6e00d8a9b71e54220d4eaba4cd18d60",
              "85bf186e05f447c618cac5ebada6213ed4a66de0",
              "4b46e2b60da93daaa72228a3457277b9e8344399",
              "8897c6d5efe8472a29e4271fbf70a585393d369f",
              "11ed382de3628a562eef61a8f82f243ebc8a17a2",
              "9889b115444f394d66e9c34c829053b025a96ef6",
              "0dba8bb9aa5d6b7078008b0689dfde9684c75a5d",
              "92d23714a87355a0b7087795126bc0e0e2b06098",
              "2329c6ea75848eeef874a9823d87f406047b64fe",
              "09259a5557fed04432cc35a10dd3b300ebc119e9",
              "bd7fdb60336d54a68de20c03df2a036848e89eca",
              "31f5bb843b7852e28d5a66d1d539c042c3bb623a",
              "98981b4a3bc61c9f76cd54c691f1262041973c3e",
              "6535341da906b68a836904b742145b409e961a56",
              "fd616a2f47666a31b3a0b33fe2e7d21474071497",
              "fba66eb11643069e747022997e9be3b502b2c6fb",
              "f4359f417e71c8c87dc39b49e47bbe9005e77aec",
              "ab4f1745f3ee0773f85605b6dfe45ced25d0274d",
              "308067797b0fcce4ca06362580dc6db77c1bfeda",
              "6671b69503b50feaae903399076fb7f658260be0",
              "4f7abea96e64314746db773531a005f945e3288a",
              "ff38c8ec02230a8eb61cb8b93cad1dc2f5411e74",
              "025b917610cf628e9be1dcf9386525d0dbc22659",
              "614d7c1fdab4a85687ef72e5e0a35c8c1e1de071",
              "77eae5a3a4e47225beb0ebb2f123a7d002debc38",
              "27d3ed467ce851ce42445bf05c495629a766914f",
              "0a2fcd29b6b8afa57f230ae11abbd41a34388e67",
              "a76fd8f3365ce979f6f93893e2fb83af41c1a37e",
              "911ebeea74fd09a8460324b652071b6bd3f99391",
              "01e5d0e24c69a3050a83c776aaa84e332d999bfc",
              "1e280555b7a56165ad13eac5ba30f72d1243e8d6",
              "f1d58ee64a5eb6517dde6be1221747001f8a197b",
              "beeda4c31194f4cdb15eb89d2f2b4be4474371c4",
              "cba6eaee486f22a1b0f3208b145673ed951cb840",
              "6929098dc1f0d89c5dd24eda3c1965da8572fb33",
              "f675967c5485302062dbe18c8e0f9146cb1cc81c",
              "430103cc9e7fbacbb9fce303268b967388ee5d42",
              "d51eaf3b34716568abaa4572ba9b0d5dd8e29d97",
              "bdda6e10e3e81e0e81c629d80fd384f680cbdf67",
              "7174000f779db8d51c898c082640cb2f475cd8d3",
              "61ad8da9d6d4575a65db9815871c561e70db1c01",
              "e6e7dc1202d30836f2d2db87f397e7e9ef9aca66",
              "5505c7c92e7621c80224ae7f11b480d6d5d6b415",
              "77ebf39cf9610451887667b4cc6415e3aae6f98c",
              "7c89b38a2da041bb3bd4f5db59151ea430c5b1f0",
              "a72efd674f654961a11ac41aae72c0e43963fe6c",
              "a9ad8a09c97c7ba4f4dbc7a6dd787fe7cdbefdbb",
              "81a88cec734d2ebe34310f92150b944eb38b0634",
              "4a33fcc1d2d467144ec063576131d346efb1f345",
              "d61fdcd55b4fe42665f3b5c1cf8cd8a784da3716",
              "4b0af852c17164dce48e6754e3094c55192e4934",
              "ce3d9bd4ed48cce5d8bf058b2df727318a998b81",
              "3aefd9f0a162514f66d0e4ceda3edc44e66b502e",
              "8d4548d72cdb03ef6556fde5ecef0b58db9e64bc",
              "276457a170dc752d264ffe0fae47e4f298c364eb",
              "a14f442f3e092344f46fe82dbb4c6c3247d61462",
              "7476442ed657d21b68b04e6ba2ae173f98265cf8",
              "3a5d0a7e5b045a61f995822398788cda0d4435fb",
              "619236f55ecc3829901a8f8c7d16d5a1a105e3ec",
              "554bc0fb2e0ee7ec0105f4296b7fa5e01f85aa32",
              "c0fa5ea6d65d14f97f5a4570d157f3515ac8e7c2",
              "2b131e01c1cb65fbcbb56f7e73821a96ae661517",
              "05548ff55570cdb9ac72ff4a25a3b5e77a6fb7e5",
              "90f966bed94ee1af23c70618a097dcf581053167",
              "519a1d07c47c910b0e9bc0473497e2efbd90b13c",
              "7c18f62cf18d9eb50862877e35338f7b6e93addd",
              "d2d0bf1bf1b780cd7cf73de96519d45f50bc47f9",
              "95e88ca693fc3e9b392e4b7e7517968da3856a6d",
              "59885cf9d4f8ce9235236558d5ac81c52fd58619",
              "0d2359b64f319d534ed25ecea800d0e17f5d53d4",
              "bce3773726b3f7ef4609661a0f0f4fb00a0df761",
              "764e046d89b47e49b58465b7fa57056f56ae5e17",
              "b07b06e15c31b3e80ca7ba244e946d619a8dc99a",
              "bf2cfc371a897fba01c5d20ff1a800a5f6f5d84c",
              "d1772f082687b34ca377224523c6e1b5b545425a",
              "a141177ca6dad6563ee78bb15495cea8679730fd",
              "acf1dd667b055f87335cd1fb1f019ffe0c1294aa",
              "ed17eae07aa835fffe64c6fbab3fc42ce2caa644",
              "605d9d08513fd3936c3d4a8631abd1db14136074",
              "248a1e667cba7c4367bda547b286b31691efc1eb",
              "e30206cd316f3696e30fc3b15d68912ef35f9247",
              "6c771bb9887719704b210e87e934f08be014bdb1",
              "cd1cbf523a80ebe39ccb1b829d760852e298c128",
              "9d2ae379b40ce239f2a1b7cd75c8c292303bb48a",
              "41c5c95a6c8cbe2b82b0afdbe96d982435b36cfd",
              "ef74e33f4a4fefab9bb192f48d82c90a5628c104",
              "a9601262cefae9662d0a72f65acc34bc53b1274f",
              "0430b37250c76ab632ed1b3e61d967666b31312a",
              "0147a481cf98cfbd7ee835b89c6c373d4d5dced1",
              "bb42c28ba57b5f9850d4fe66ec3534135d80fb75",
              "59d4145b7f3b3f5ced1a0ac0570eeaab5b0be76b",
              "297d6f8d2d27c9501b752debc3801671faf2c8d7",
              "e28cd440fabdd39b9520344bc26829f61db40ece",
              "77c9648f4a3d03951cecdc4c59b1526a0df5d3b1",
              "0bb7f1c676ea24866c76b0c9fd644faa6c98d251",
              "911f1c4fa68b1823e76c909e777571f563bdb184",
              "e3990c31a060216890f098c5a7d025dd674e7541",
              "4ba9507ff0d0cf5639b0e85b68089154f8213565",
              "0cdea24bc72fac013abf416f27acd433e5906528",
              "a3114e1a2cd3cae81f827ddff387b3cb344b9036",
              "231af577dc12fe1594ce282d56394642aa3aa13f",
              "132e6e989835b96b4d6809b403fab62b2fd31aa0",
              "d05555a6774f41e92526dc04c3514abcd9397383",
              "7d293624246e5f0b537d978ae0f42261b1538284",
              "5811704cf608c808d720fe1a172864cf41406efd",
              "c14096f1235d45649a8deb6d5ef29fb932c351cd",
              "aeb3180df56de252b6cfcd64985272010c920ab7",
              "43dcd3131f439b55061cb3426cfd1ee3ec04562d",
              "323de98a4c3eec4833941969faf9fb0a0e6f43ab",
              "df5b1dfca66df42f537ffe93ba77bbf889708f4e",
              "13671e4dd3a82253232deba28caf53061be5be85",
              "70c77097f2f2a8c57fa2c898284e9cfb80173eb2",
              "2a2faeaf3856ed76df31a43cd872e263625b1cf0",
              "9bdd5428f7d3754cbda0efab73be02be36e921ed",
              "dd2c82226baa4c72a4b99efb07d048e9d2e92796",
              "25ecb14adfc7543176f7d85291ec7dba82c6f7e4",
              "764faa850f9c27b8f2a0fc148cde6c06236fa61b",
              "ed211752885a3e9a33d39e12e8d0fa46c12d85fa",
              "e20c81b8255fc08d18ed809338bddea2f174664c",
              "f9e79c0a39fae626821dd44da2372ded64b4f8d4",
              "3bb6941859daeb47b7003156db3de7c3224116f2",
              "5691b2a3f4d826cd090034f0af4d5981a8ce6ba0",
              "a909aeb37fc75dee528be0b90efdbe7f8dd1926d",
              "98a44bcf5949f178c8116fa30e62c9ac2ef65927",
              "1d0b0f0e72ef499134007487ec04768b6ba2bd6b",
              "95237557d2984326ac85b7fcf29945f584f4d959",
              "2fe51daa5643c6554a78a9e4241c933a12e2faa2",
              "a4fc68a6cbf6144b492b97440471ce8d4ab42b66",
              "1ef6010539226ec13e5c35b5b6fcfcd1101f62e8",
              "b23526fb3ce3365cb83fcb1f46ac278d70d8f934",
              "2d44decb4941c9cdf72c22297b7890faf7da9bcb",
              "e50d79429afc7bfc427addd0ca90e67d34a0e23d",
              "59f20de728c91fc2a6593419074299398d8358b4",
              "590d44c02bca83987d23f6eab75e6d0ddf95f644",
              "1157a4212dcb650962563f67cd405794e9115b45",
              "0ff13e6771c98b6e895df17abef8a33fac05adae",
              "6f7ceed8678c353f423d0db4764e9081053adbbf",
              "3c6eef45ff2de301fee18d11cd8727f65754eeb5",
              "d9881e4de30a293555c53569ac64408a380908f1",
              "fd3cd65a892e392ba002d6faf8187ef360dd2493",
              "2614d46676ef311a3f7068fab043ff22d5fa664d",
              "d3334c1381db6a159cac1d2818ab2b543a166ad1",
              "191ca24657cf0916c2be12dfbe8a0647ace8d67a",
              "ac279b69bf7c534516ca223de486fd15b273c3a2",
              "f65db67ea3ece8b3ce3023a59b59519865d7473a",
              "668824341d16f4528c85084b421c3f0702d82344",
              "47157b55f33fde3bf09c73d8bd2e60da14fd6e3b",
              "4ab48f193516239cd4d3fc42769d41c078990348",
              "b3bd820543541222fd565d91e4e9c8441d97b4d5",
              "f40baee643e0e2b8e7d08d8d6fd62127a02ab132",
              "4120733fecfffa52433a6a6872e139b1c02ca8ee",
              "c1e6c9a1bce39f9579e8130afecb29092d8af8f5",
              "e77f7dd61e08f390669d4c83cb2d7f6e8b2bcb1e",
              "bce6ca75013bc60a05dc6d7ad718b7a3f23439fe",
              "d754d2db456cb912005948bfa82b7c06f3733274",
              "67986a7832dcbda29de5c1341b3dec6c6d97511a",
              "58c62dc30cda06e4a74e18f6489bb6c112fc6e5d",
              "f86c8f208da38aa635edd02286b35f5d71543045",
              "ad30583d8387ce8118f8605eaeb3b4f7b4ae0ee1",
              "a6c208564eccf3c6743f608ef88398a4ca84c5eb",
              "0a0c543dc0e5cbfb66d5874c385ae87874da03fb",
              "4bc7a1fc15cf30b22d7c2defaf4d562ecb59bb25",
              "92e4da02d75707ab8efc8b0e08c6f3ee5fb2b1b4",
              "45f056ca8f5ef4ee3f68796167a0a0e6a6214813",
              "11627e448371b6f065fbba2d297cc7f622f5eeac",
              "593643ef111fdb475f0e851b6adb8a9834eed268",
              "3ccccfb4c9c683a80e2cce810ac652616579e51c",
              "a819994f72c9c22cbe7d0849038a394d8154d4c9",
              "fdc20cdbcb721d8bb26046f69684ea4ec9087f08",
              "2a8baa591463a3ab362bdc97218e5bf41336bfb4",
              "abfacf568407f0fa384f75cac134b4ebd9cf33ec",
              "3dc190a01779c7f35c9748dd14aba234fcf48a33",
              "7133e5d7f58869b174d0e412322c68ac78b77cc8",
              "d10e2c8f62100097910367dee90a9bd89d426a44",
              "784c625194de154b7be313cd0ce95d5b2b0a0574",
              "ae2a61f847e10e6dd771ecd4e1c55e0421cdc7f9",
              "0b05acc293a940d3bfedf2df5fba12c49ac9ec35",
              "c5ff80d7a812e46daa1551af04e71ab079853247",
              "e3726ad6eb33d39f7f48323ae6147d186992eb83",
              "3955886e389312bbf6e6a96572440f3eb58e2f23",
              "5fb02bd99d5afadebf47931775cf6b4bf8468330",
              "ad95f5fd3dbed55354caccf41a0d7ffce34fb46e",
              "f7f964e7ea533ce304dfb8b432927bcba5ff1a76",
              "1450ef9d4d10daefa5dd2f6d0c89d24b2174707f",
              "a160bbbc09fb1336ff61783704c3037190cab6b2",
              "2a1d73ac466c775889b2cfc31cbb1632dd0688eb",
              "b819467576c3b16d8e51f284e5ac6a207f01a70a",
              "b037a616903746de8e647f53503d4edca29192ec",
              "e85a2792f3166972d6619b7051f01a2df254192a",
              "21637a6531000298cf4a2d622e7d049a289df9ef",
              "5f64400729dce4425be38a0007e19949af4ee4f8",
              "7fbc50c94158d5f4a75c9f3513a8699da063118d",
              "5846e1aa228f58bf6abec89d5a665b9375af2d47",
              "09fcd35eaa29f665605ce429fee5e4bedeeef47c",
              "c1379fcb35b04245e9ee83d03da7b30a9c511b0a",
              "5dd71670cca4bc0ee90371eabd0f1bdba1ac6f35",
              "44496728c24982a76893272b23d0c7e949b5818c",
              "979ea59e5acfbb2fe450df65138e34e68f92c541",
              "3198c7714d5f8be941dd06c30208e623aa5abf90",
              "9aa67ff0d6ad2dff6ef4b264c020cf786e6f23e5",
              "f9aab7dda8793eeeeada4eaf45374adcf62eada7",
              "5994cc52dfa89a4ee21ac891b06fbc1ea02c52d3",
              "c1b0b47cb992d75a91129548cdb97d2a2ce990ca",
              "c71eddf0694131b7d39afbb292a8692440897518",
              "420dc664edf0a720aa2edb4d7b25e833c1e7ed2a",
              "2d6a60e2f524a03af5d15420c70ea448b7380815",
              "a3e3a8e981f1a3f6d3bdb9e9586ff675c91667e5",
              "a5cc8a2afa55275babb06216b4902d9f640d8fed",
              "3fa7ed217682f0f66953e3c37d7a648bbc5d3e5c",
              "9ac94b6fbfda6f25be5e3c17073aeed6de10428a",
              "dc751dd5f66a30da1ea340597f96bb87fa1d733e",
              "4857d602fe5180b3b2f0418ee286c1e462780ef3",
              "848386d7a20cdd7b4314334b97e958c933a361ba",
              "c9a0db5d8951646743317f0756da0339fe144dd5",
              "dfef8b7b8deec6cb99c1f3381e1184edb805f09f",
              "f544db98ccf4918ec2ec090a4d74450ef45b4b1c",
              "51f43971ab75845a1ba0ba2f9a5dba3da0834c75",
              "37d3ff3d8602f1cef8f8fa4087524fb1f504733a",
              "57ca83473c40f32b20db83f00c48b433af351804",
              "4396a38886da660e403409e35ef4a37906bf0975",
              "253bbf431d35066a9a1adad2ba5f852dfc439329",
              "48b031fa48a89ddd9dc7985e3dab0905f3eef0d2",
              "7ce62b2ade0b712c46b1ecc6a0ee179dc417816c",
              "a5027c521aacfb371c9f14f168fb3c852e69517c",
              "0b3708425e1178a6d04a04a00662a11ad7e1a390",
              "ded1ba664d474b6bcf93a3a978aceef0bd9d9f20",
              "569232dc083e6dbcaab291f39bd5f78af2aedf08",
              "b75aefcf462ece8ce34da3f6e9d3877157506669",
              "696e2e43cb00dcb1acaf6073e01493e3c4197b75",
              "f6e7921d24a633f15e039189b0c06889f0c5e4a5",
              "817f281a0d5126bb8cb4a8bbae064967b31164d0",
              "cac1feb8c7c32492dae6f55b3f543004e817366c",
              "c1abf95b381746cfae7fcb2796d72356f38dce63",
              "d6b854186dafe2b2dbdc94fe7783fdd5e1544ede",
              "b8d537f91a262b86fc5dfae4fd5a5c282d2b95fd",
              "0ad9f0ce2f3a9c146bf347de81414ccc15b9e797",
              "7dadd98d75d57061b14288a4b934ce5f8af804fb",
              "58c4612c1ec20f372aee92f466ab762e63356425",
              "2e7be7d08910d7ac6451c9659fecddae6d562e80",
              "f087cd79b247059a4d002baa6c3a1e3f574093e5",
              "ef9f773b24d2ec1611476e580c032e98068e481a",
              "20c4bd2e638803662bdfa39769da46101a342434",
              "ee720241fc5db8cf245ee588870940ad7a92863c",
              "f2380672661f925f4edfa24a7ee5583f8404692c",
              "0cf797e1cd23ac7b6e4bad4639565b111e970d76",
              "2bf2b22523f59c92f1cf3de89bfd22e8d8c409ed",
              "056f235aa609d5d2a8ba71f4707f2ba138033e9e",
              "595e13285d510654c5a85402f5084f9d429f380c",
              "e24345b069d4892cade3b897a2e806287f76d03f",
              "f043f8092b52ded4899199e875282ac4dc93d266",
              "fd606f826a5de95a72b88a1157eb33562a1a288d",
              "a80c27ba3354e27b4c8dfbbd1165bc253ca7c522",
              "fdbb364aba2700b1bdae3888efbd9db259906755",
              "54826d95859d2b92effc75b1e13acb5aacd0e6dd",
              "83c59d8440943c680f94ebbe51118df4244414d6",
              "26917df7a6010a157123c4bf60e3d57eff2948e4",
              "57d9aeb35a710673a9bead5357fafac7a2cc5206",
              "e6850435ffb1700c672f08d73ea6ccb7f7b78287",
              "0e686cadf6f510e7a0de1de67882a6075a388a99",
              "b8adf7d8c1047bac314612b4fd8f12695ef01d61",
              "42d411769d50f90bf095e846af7a32f40afbf234",
              "e52d4b08c11d178166bdb6fb1b2d7742e57f2a6b",
              "2439c84c29cdd200fd7e90d0bfe87bc8eb5573d8",
              "943e8f860d9ddef2f3abed3b34102d775e181561",
              "f268891078ea39463d1263e9f8036cf1adef08c4",
              "2513631704612107a1c8b1803fb8e6b3dda2230e",
              "d31a44a0bd3b04338b506515c1cab0fe0e6e73bf",
              "d896508f87298565da02ed92730e7065c3de10b8",
              "6f78e03131d97429e48f307d0483c9fcfcc841b8",
              "3f20cb1697bc033aa1eca5d9f0225814e8696006",
              "2a20b89318fe58e7fb424e1f7a91c1ebd4c95977",
              "e48e0597ab41ba5aac618e241d9551a314838cda",
              "ff8e6729ce0628c3da97bd8e85c636f3645c2516",
              "81b9db81264a832370667d9d1eff384530b2dfe6",
              "cf4b585971e36929b558d3edb3cb6b6234d17205",
              "3abc337b8e5b94bb6c70aacf053fa3d6c1cc1caf",
              "1bfaa5b7d2baac623d83ac7ae4247fcd8055f6c9",
              "ab91e9342b029f7b8d6097257c9a7874153a5b3f",
              "ecc5105e21a211082827d69227de0899d3462e16",
              "e02bbc03819ea6dfc61212b7dbd772bc0809ae7a",
              "5e5d088a3662a12104630827ac6926f7626d23cf",
              "ba97a23a7f0670fd1ff44e16ba61d10f66c6899d",
              "ff0960b999eb967d04346ca98a0c3be37c0f51a4",
              "ea2c1e7a8c6e96a1f9a9ba0ecc130a3d6f9d7e47",
              "e85c34cf5c1492ab90e601561ae5b46a77df61d0",
              "796dcab06ddc1eda59e0c1b73c8f0b902f734660",
              "4c2dc8806aac565a85f1588a7822ae4244cb1c70",
              "1b2a5560c2127947f8f4d49087320e0629031714",
              "eadad87753c250a4e6c53511ad3e613ddc2e85f7",
              "afb81456924a13f8a8653ac8a8b8d017e8ba37f0",
              "44b2a6394ad1f4625f43a4806b6cecf48150c133",
              "5a7d2e245eb2cb559f91ed918219fc2e587214a6",
              "16175c13894d954d85d3d5d271c2677289a788b9",
              "78a8e6baac7c17db6152f8bbbd4ef7808c05d5ed",
              "72ddc06453e1636a9ff385f3d0091431100052b2",
              "f4a65d949702da27df3f49e90d67bd388fd2d429",
              "fb0ae124843f77b46af49646f8316c71106ab758",
              "eb08795f52358ce90e601fe964c564ad27cf73e0",
              "3ac25271e5b05ec423963d254ddf03d86a5b9c9b",
              "d069822191ca6ec71a5a678552a937e27173b393",
              "82c791ba4fed5d85f8e3dd6dbeec4f8de9b8e742",
              "24cbd402e45f54cc20dc47d81c9002a965679f2b",
              "a587d7d84f949c044a218a5fc5ca92c32620d593",
              "8d6d326be62813261950d3fe807f38a8977596b2",
              "58cfe6309d1a333b66d4a934cb38218855951d6a",
              "fdaaa1381b771f86798b5f856ef7a7b0c049e6c6",
              "1d8f24c39ff3f46f053701c42c02854596e874e4",
              "5160b48509cf5c877bc22c11c373f8c7738cdb38",
              "f136f0c8dcab5adb705d1d356685c33983b5210b",
              "691a8a9de39861ab7f63b5a92d0c5cbf610f3049",
              "09d5c451710ef887470709463f4f04ff83e1e039",
              "5253daf8561a6ca5015fd5ce79e4367912146be9",
              "89bdd9c3c9c50c35b7eda7b583892eb5da689880",
              "3d6c6f934500002267363041852b31a7a4e32159",
              "501b1ea772a8ad6a5126ab5a1307da4b3e613ade",
              "98c52198ca55ae44ef9bb3107ff71af4c9d6e9eb",
              "a4b55e1a40f79778687211cbdc3804f1b639fe67",
              "5df314a2dc5e85ac859f637309aa261ee1e957cf",
              "3fb3c0de3797a5c55534c1985e982c240ee149b2",
              "0d1d1a644e704714e7ccf5e28dc53601c4e9cf37",
              "0eec847b70cde89021ef4884356f1189d3e8401c",
              "3a5555302e9b06eb5461016462900f1412ae3f7c",
              "90505effc710691c8b0bda88365ee38de52f05c9",
              "3ab1d6f3481128cefecd12ab6cc9cfa61b11f2ce",
              "5a602a653e4829fcd70281a93b565dc3624c3a89",
              "b9e7e69634fc4824d6cd874fbe14c38e32bacb2c",
              "323a32be5a2421b8c7087225079c6c900ec397cd",
              "52436d4074ea71f7bba96ac244fdb662d9145afa",
              "1c16dbe6094532d16d1a89c38012aa9118764476",
              "f85c1dc044e6c975a4d037825ac3ff47c60da43f",
              "eac1dfa2a61ebccaa117538a5bb12044f6700cd0",
              "79234d62efe299642d6bd595b87062a44f8237f4",
              "aaf32cc923bb97c5cf71e1f5b3298fb74e2b9a2e",
              "e37121d4ea9b7f071a2ae681dd64b4fdfcda0987",
              "71e406bc794a7c7f38f8b124ed335fcfcc3b9676",
              "847660225dee2a7d02b3413c60b35021e28a0885",
              "d369cbb7d42232f785f51b3ef4c8b994dae83486",
              "b8b158db6fdb72096ff3510373df0f61ea8de773",
              "9dddfd1328d9fc20cb77129d1524fabddb7d8859",
              "0eb0d18f674c808f523f67860aa0e04e750aee6e",
              "566f63a43a314f8dcd758dba8c40dc11edc27a5e",
              "3dc340b45f32ab9ef7cfd1febad7aafb7f323898",
              "75ef7d6c6725e92c335f7821327d6ffab87ade31",
              "d93259577c756481bb6f913d93c9e5a831f13c84",
              "1fc3fd346d3cc4c610f432d8bc938bb952733873",
              "aa77c03e2fcb7ed283920d09a0fb6b873488b5be",
              "fba062bdb60d06bdd3b8cc9fcd824fb179941e9d",
              "bfae0c6cef19c219e482ddc935c9d684cf6a6a94",
              "67c1376b46fb54cb953532f136c9b8accefca46b",
              "167173a31f6bde3b86bbbcbe8fdac4843f34c0ef",
              "eed762d437eb4e2ecc9f06bef618e3725093c382",
              "03cb0c0623bd3dd467afdec9f3e1d4deeca7890c",
              "bfeda3f4f6486ce6c161e1e42063696cb58de35d",
              "f87f73cc9a9604ce0557a40fc153d7eb7a7584a7",
              "b951516ea086ff8c8a97eff7a59f2b95458b0a1c",
              "d03b7b541f5559f278f1f9d9cd3b5caa89d3af1a",
              "58b2310c978516e574148f9e9379c6edbbc3b660",
              "3392062c729d77820afc1f5cae3427f0de39e954",
              "ecf0c3a82825782e97d35257fb266b238cfebc2e",
              "122ddb16de825ed3d989d25d4d7b2d2e278abdf6",
              "716b2f5636bcee68a33ad383d8fafc63cbaecf59",
              "40b65367c59385f3458b6876082478e276b4b76b",
              "de217e4b87906a1f5ee05d43cd8f5ee1dbf40c62",
              "765f6e93d28885358c2b14c885a63424d8bd68a8",
              "34a33cffaae089c4d9a1bbceaa425a1fa63d59d7",
              "467e3720d848b4f2fe322196bbf400a7dd44ce55",
              "6c0a6bb9cd9183c80883865877b76ef2e23905fc",
              "0ebdb8beadec92bf6b9935f7a8db461c68fd2c02",
              "6dcf015b8225b27201295523ea7035d35a948a6a",
              "46fb6884f2e1455e94c70a6412df92c4ae03200a",
              "694900d720e61f75e4ccb866f3590cb44fe8ba8b",
              "29ac65fc30238ebe0fb5870b9d405f20aaa1495b",
              "070b17a2fdf5109d2dd54acb6bbfb507872115cf",
              "35cf400919eb9c0fc5bb69860421d6597318a13b",
              "086629727d194cc949b7abb80fc5e62538c0a5f0",
              "d5ffb5c0cca8778699a929b236766f4a7af674e8",
              "34018519d096e500a9f8a331f9bf2df2f384f1ab",
              "abc8991d4d4bb67031d3ee9e387f3e2a4006b567",
              "0cc52362962e34c7bf39f954ece76bf7dfe9271f",
              "5a7763c649e42df6c34bd11c4ee5ff2b03bfbf99",
              "f8a41b9e6eed875f858f9adb33b2f6cfdfbb7008",
              "d56eb93ecbbcd58480c376e393e4bf44996af126",
              "2a192bf7823799e082cfa3380aab9f02e4d312c0",
              "3598735daeae7201b060d48f0559b12d1618dba4",
              "ed69081a91fd053f17672236b0dd52ba7485e1a3",
              "056b49918a67c068eaa4fafdf55b6692f673c393",
              "42560ec6004740cdbaffe2afe0dfabda33f8a9ab",
              "0b35f58e9de783c4c252b68e8cd32eb53e4ba983",
              "7204887cf3a42df1cfaa5505dc3a3427f6dded8b",
              "727ad200a2f6cdd698bb0e3253f51d36d269bb9e",
              "2bc6ac72c063321c137bcf1c71012c29e76e30fe",
              "87ac1cb49789a0ef6b0d7be6b7aa458a9b90d7ae",
              "d5ce94296e20b0762879ce7b374c28f4e301decf",
              "e5a3c16c5c1d80b24f633e68aecd6b0702786d3d",
              "6510a04266eeb1682e4555d7952d691f29a713b6",
              "cf92a0c6c881ae9db15f8720a7be6439c24b4b7c",
              "c8316feaa323fa1db4ce79fea9944ca12b36a1f5",
              "d4680fe41a3cbd19533d3b977dab6ea730d5d14b",
              "629fe17ada2b1061f297644f7f10f9372efea8ff",
              "819cc0ddf2a79b3a23b4f1ac1b5579f8b8bebafa",
              "f3a14987e0721b8b85fea2f74483ab92b27d7682",
              "dee1a37fe11067e97971fac64fa5bff4ef0934f4",
              "1024cb20b4711d09e33e5d3fd132ef88f998f809",
              "1ca536cf83c71f5960c79697d5aee49d09f0bcd5",
              "8c7b228d93bcb1fe0c1ead582ffa72aec187852c",
              "c8804396871a55aecc8af90cab0ef473a3b8c8d7",
              "64af6008b1a9ccae1932e4e8761aa7112d399407",
              "296ddf7cd7934b7929ec495757f11a65eafdb215",
              "d9c069459a46ea7bb816514ecb795902fd2c398b",
              "ae99dd65610e49b72f6c3a6de8e1c1f299c81581",
              "f68bb9500085065e873f0a3b58b58ee97ad394f4",
              "53cff3fcebd1e177d04129dc131523635bc45d3d",
              "1354684d2bb4d8f09365fa5f9b4e3df8c83f9bd1",
              "0fa27b5cb05c4239ff23cbec3af1d56af75c1854",
              "d86face730503bc57e71e361aa1eff54d914cc34",
              "ba91ba98f92e3ade64d428bef1226eb146be2ddc",
              "e0729751ac189f746a0322b36e0f33911e624846",
              "fca908b49699a576553d06c5e058d9dda6309980",
              "6a8b30186d28277f09a0ba6df3d3fa3859c5c499",
              "960d6a342ac848cabaee090656a2ae54d6cb1f13",
              "17f6553f94c44b68666ac44fb7c0713b707457cc",
              "ab653675c9cf12b97efc0c9eb91332c544229337",
              "4731d0e6ab56c15f06c00505ccc0f22182a1d531",
              "22d73514b2d2f188816d0dd431630fa6148ebb90",
              "4dfb2ecaf05d066a7fa15e1db0d62d7aa3a81ec5",
              "57eaf4c0709539478ef65348d27518327283c840",
              "0486deea0daf3e1ba737b158c6f7ee7f2a74b7cb",
              "efea85cb9a06f1d4f661649f6beb5fd04597a366",
              "862b95943f99f3b40e317a79d41c27ac4b742011",
              "64ccc601e62acccd30d7b496ee7ac47971c842cb",
              "869fc7ec3048129a83e37ed3aa5d523448dc6a97",
              "56ffb7a49bb14a6dc6c912872bbc3e9fa6691e64",
              "2f4a8f3f2c1ea6b1dc24a4d6ea55ef720ba9f1d4",
              "b2e464529e88db676302aa63a4ce36711633950e",
              "05123859bed77249c3d9ca8efe6adc3cce1e1bed",
              "3439fd20966c1bc672cea1173ed756bf145f05b2",
              "a755cdc361c8ed75d4d3aa5526f6cbf8d63dc33c",
              "e068bcd7684d6746d750842775265d301892ce13",
              "f694bb773ce1b1c94039c5dfdf47cf1d6ab9d954",
              "d463e8f1f9a1cd0f320006c22643dbc583d079ce",
              "6e9298a6b1e266a79754176142d35d27bba31276",
              "b21e83238e13ffa93d9e777dd1bd3c90e70192b6",
              "07b39a049e5d1fbb445c163dc7d7955a203688e3",
              "b3df4a5ff08fab1b911e266aca4c6444e04dd827",
              "17bc44792cbc3f448a51d2708b7d405e886c1119",
              "cb041405c6e3989fea4ead50b90a4bc7e75d5ab5",
              "239461c8b79f63b5f4f4f3c5bade1f5b038b0747",
              "f4e49e6484de6dd3ffaf25eb103de03118732782",
              "21c1469999d33992fcaf2ea1d17bdcbeb8e38aac",
              "b1c8062c18ee31834bdd0cd70c90af8590ce1f1a",
              "2cee2f9651f3967dfb7a54d954983335d2e1cc71",
              "5176d6e6cb33450d79b58e6aa7f4c82c425a5868",
              "f6dadd82d81a644eb5b7c212a6f1770c0c87ba41",
              "0644414997d42f08d60d8b36b42628f6bc7ae243",
              "c5aee9649735e8dadac55eb968ccebd9fa29a881",
              "9e8f850ab4d19ecd98feeccfeaaf0309877b16dd",
              "5d4828a820ab4c8f280e1ee20688cf12609b7e4a",
              "a06d1c9512f90652d55f8cd4a717a4dd1808ed64",
              "68952ca0661526d253d3a9e7551d0612b357bd2b",
              "f46bde7099328de86e04cc87832ec5abf025c4a2",
              "3abc26b4efa9c4dcc7e4abd2f1bc2f1194ea4344",
              "0cc1174c16b41f18bd77050fb5ffc84d88a739cc",
              "2a36f8cd420b159de9b282a8373053b6c6273618",
              "68e53de11e397371ecbe3fd3ff56808a7a618795",
              "c8a114388a4b361b82b2c13edaa814f1bf26cb7d",
              "3cbdae750e52afa881060732446298f98131e834",
              "4f5821ada67fa024a5d417664e0d6c47a71c5c6c",
              "79bf9ba26bb0ee785eee258fa62c3c1ef9eb9068",
              "47e1f81069502c824ed27f584160113c8f9edb1f",
              "f600c4bddb99e63424f2a2344fefa06edb5de9f6",
              "fdd603e8592817b991cda9a616e08a2811b4fbeb",
              "28e6f6d6751aaa0657ccdf9f330a7e6843b15ece",
              "b59c804b1dae401831c402e3337ca2a0f9df1552",
              "be28dec3df85ded3de5aa468a4bc271e0a7531e5",
              "291594080b0d573ce70cd115da9fc19c91bdfd09",
              "e63d2546a03e8591c61871c4e494587cc28bdd79",
              "e5a53611642472fc654cf4e26e76c63bd5190672",
              "c95a77965c55783416165ca638dec12c0f0a9fdb",
              "e2fc6d49c609a3ad60c3a43d60089f27dd79b56d",
              "1013924b6663dc068e1b9d3313299dcf829811ca",
              "588cd3292ba03bb748befd607cc5c72e13204533",
              "37aa7c6f5bc95b7264de70cd1f0ca1d39228ebd6",
              "3e1d67a26405b1d6f46694b44ee3aef8c7824a2f",
              "420bfbcac8d3bc377e325ca78ecc73c192a7b03f",
              "86681de00adef4f8040947b7d35f97000fc5a230",
              "b22da71572f0074d6f21d3bbbbfc015d2e0134c8",
              "1603038a4dc1f945229836bc49aa448f571ab288",
              "e924752105e9f37c50914c7a213e558745f7d7b4",
              "ca5e3819723d8eeaf170ad510e7da1d6d2e94a08",
              "5651a9d9d49ec25811d08220ee972080378d52ea",
              "da9decb965f9e3c0cf528b5c6bc0896d27896d44",
              "55a3551baaff29bf1b7745517114732e0aab034a",
              "aa317ad229dc78838481d326abf23113e55f381f",
              "5e6658a5c802ef478bcaaccad2103ab2a0cda562",
              "4d8693d6ee0f25c2cfa598aeda2d9c2a5d11f8eb",
              "e30f9ffa3a5542b36b683f75e443b0598b33813b",
              "eed79b86572f203cc92e92048ba06b56a8ca06e8",
              "b3511bfdd742af558b54eb6160aca9446d762a19",
              "f92b6bb2a1edf1b47708052ae38b6d392e437761",
              "8f4ea282cfb35bddbdae2e2431b0e8d2c809189c",
              "8727f7003821207e653612abcc36c573bbdac0d1",
              "0e289439a27f126dcc2fa96b2dd2d4cc9ecbbf7c",
              "670bba5d74c06a539dc115b30bcf71a15603c40e",
              "80ee1ba77c87f74a95da4d8911ba65e359cbde44",
              "845016ce9c1e7ac16b4406948d4fdd72aca779e2",
              "4c2df3cc4614a8001c1afdebcbda0fcf6e045719",
              "9bdaffc12bf8be15afceb51bb60851edd4afdff5",
              "3900dc318797f0c829deb42ed9d723a30e3f60b0",
              "46e826d22aebbfda29523e86e3114c2beb4dab43",
              "baa815b31d0c13138a18524f23f4a2dab96d8273",
              "1ae6ca764d50a6a0f3d30009a287623337b534c7",
              "ac0129617fd4293e7c341a48bba2adfc85f5afe1",
              "fcd455919e16289155d60d86f2db6c569357816c",
              "16484897e97cb2d70684e89bd8809977d16a3c00",
              "a554cf198fe0b1a80f528fec6f892b60b7004da5",
              "66ff625f3454e7aedec717f8f360f61f537c806a",
              "c67b489f7e8e10b993944d4ecef084df2db3ec8e",
              "2b780b4a7fb3a4a06eb341184933d7c5691f4dda",
              "8f1b649756fdad7da06a35aae55967eb118409ad",
              "6176b90b703dad947c45733c414039866113d6bf",
              "68bcba68d90f47673ebcb643bdc1968868fae121",
              "93ab2db4080df2323777eae75c542cdc53b6178e",
              "ab9bed5c807eef0b08296c42fb60e9f4ae96f04d",
              "25a6a28602f7ccd25544debe9ebafe5db8f543ce",
              "55cd56d7edb233f4a251a8821232e4cc6084e3d2",
              "766b269f590f18caf9a8806d0e0c58f4ab12eedb",
              "62b7bd5f549873e6cbb1ee7bd653821136716d49",
              "deed33aec73ebdd869ff5fc6dcb9a3bd5a039a7f",
              "1688b64fb76ace5fe7344c38bb0de66e2c220349",
              "caab59fb664ce62b14ce12203cf8da715e3fc46e",
              "d444acb5dabe4c27285e6376160cbc93290b0e79",
              "ee9da4840dd680d1fe2927692ea4ab5f8cd7c91c",
              "95df62445418a94107dc1ccc88cf9319ecdc3e98",
              "ed406dd4e2a041e9394ce1f6dd647ad15f092e25",
              "f8e991c201a81a7441fce72a0ba344562c43cb20",
              "9b30110b833d7ccf265e47c0c1e9ed2ce516a449",
              "d8e192b7524caaae7247e005cad1dba6c2726e0d",
              "15491aeb9ce9ce0ec580011e1bbc3d83c6be4953",
              "bd9ec0844c970f42c252068e061abb04c4064f3e",
              "f33c9767fbdd0d10fab2b7bf056e80bdf30c8ed1",
              "ef9b514cad40dfe50cf087cc309295cf28ca2557",
              "db4c9426f851c76327db11e1b5301e520e0e048b",
              "89b0dfee1a781821ad60d729b072a9a90e61ff37",
              "a9d61d54c6d919d7f627743daa26e54687244566",
              "a3efcea001ff5a2fb956efc4272fea14e422086b",
              "b8936b7ad391c3964c9e9c27ef37e6631cab80ed",
              "9efa963d05cac8b780d1cb3abbd8493a94f1db82",
              "7b2244eaa4dd69583f99510c2657670afdf721ae",
              "3b3f1d01b2696af5501697c35629048c227586ab",
              "aa33ddc53b0bbb84bda2e805902efe35ae66092f",
              "e36e29f33ebc2416e706493755e136018be1df52",
              "93716266ad68954447c0db1947bd719e565abb24",
              "080d45fdc23ba56a7483084071f1649855ee69f5",
              "b9ff6f3fd34bf6b537159bd01b8a93decc3eedda",
              "347aa38e98f9d3eb9966f596d77290d7308fe79f",
              "38ee283dabf11c9cbdb968eebd79b1fa7acbabe6",
              "16f5b6415ddc55fb50b2fb5f60ab83219bc4f799",
              "4b8633cceb34c8b04fb740efef9b79e50fedbcca",
              "02ce7ec581e490449391d2d17087ec41d169b0a4",
              "f7bfd1d272ca8adbc4fa6ed182cfc8509bd4f8b0",
              "a8bf79c7d7bd7ff7ac9cab5b7f845ae0021fecc8",
              "650166a9cf5fe31d97bb1adeb2592beb1294cf8d",
              "6f53a20d71c88d51cc46771bfdad5bee059ed872",
              "ebb175735b944bed52645590d75909a2d3ca8b74",
              "1fbedab173ca3c57bbc0ed68193be8a7f44e566d",
              "f08f1b6b9ce62b2496d8d64df26c1e278887bc1c",
              "223d277c80df7797d0a7fc84bfa813ca780c6cda",
              "a2f69308b3b5660be4f7c404fabaf1f024c63b46",
              "2d9b52a48268af5ae75da998c2cf4a4bfd195e83",
              "a97e7bb12f7a08fabc155855e9861f983d6d7dec",
              "9e79299c09fe7a6786b163be2b0abdab03a39d8b",
              "cf7286f069c3ef596efcc87781a4653a2e7607bd",
              "4970c4bff678415063fa08df03557653eb045a8f",
              "6c2d2c4b6b7ae45782a575d21b44892158cf447b",
              "01566134d1cdfeb92b64df529aeccadd695cefcd",
              "f7f80191021bc250050e7aabae2cff85e893adae",
              "ee996d69460bc5e7084eafe728a54aa815ff2df2",
              "0a88db3545c4089ce0f555f496bfc78c491699e5",
              "afe454f6220b3972691678af2c5579781563183f",
              "f08fefa53a0bd1bb258c8aa8cdc46ef8306e462c",
              "c0f3d4135e4bb5e170cd72c0074bba14f6f86d4e",
              "abf79dbdd53a86fc1f0d81ffa8c9970c31159d81",
              "85a15a7254f28c81069dbbc51201e5025b5a74bc",
              "5e7aedf6859708d1be6fe961dac3811e986fa4c3",
              "adb060d2958e05f9bdcc0848b6b4afaa9da498b8",
              "3b73f9366b7648e8ced1f1d12a06bc1b1408a8be",
              "397c95cd5e2ee9c1d83ecf8160d9a0738c85b32a",
              "4d6bb508927735cd2b74b7eed6571a144c57be33",
              "0a64ab220b84d82bfcaef4f89c542b033a1ff997",
              "47fc4e5e9153645da45af6a86a5bce95e63a0f9e",
              "28bd73b5c3d3a5725a1914f9ef1992a9bf5d47cd",
              "4761e9cad1547870d2221675ce8196f88c49cd06",
              "a98b6a4af53cdcfc542d261c5a0f636c709e7997",
              "b5c99a720374818b629fd1fbf6d2cbb4fb9a5644",
              "060db06a281a4f182a11585951c19be70a185a97",
              "71712f0ba9e5a262fcd808cfabedd0c759fa214b",
              "1828334c4a7937cf4d957e36e995b9d6ba4fc535",
              "a528a3085290a55613949f2cd363e6fd57bf67ee",
              "6a9185d7b1f12363e2c904449d374b63b6093b16",
              "a7b54c9ddb146e4a81c0dd60616cb0f20e91e221",
              "a407c70cfd983289954c1dae430d35a550567983",
              "6d0b39d7bc5136196a370d1b5b899af93baa5799",
              "0cec2d7524fa62dd91f1ca7e9918b2b43ec73281",
              "da62659c58737601b3d653afdef5df84b2a927e4",
              "3fa1c550ffa69b74dc4bfd5109b4e218f32c87cf",
              "c1aa7ac7060c032c5b65aaa5269680fc348ebf1c",
              "1f1995912cdbac7c04279923e7c243f3dd1abc50",
              "c74e5505955206208b0730074f45cac2e33f32f5",
              "cf8fa0af80e0d227c79ef2b4635e8d0d77432275",
              "c7c4067b79cc51e6dfdcef5c702e74b1e0fa7c75",
              "7fe42b0c27f7b16ee1d55627e50501bb5a99adae",
              "6b4ee3cb4fabfc0cb5c26e21e126fc739d52ce02",
              "1fbcb3cdc2433e50534afbd3f00447dba3eecfaf",
              "a23162b94bdb0a83f67dd906733e1321afb2643a",
              "a1e7f13af06ed68fa2505661d0ddbc93208bad89",
              "61be1322444f6fa13d47dc56cca63c8b49208fdf",
              "f6d10a2a5851307e384c8bb3b9b359bdfccfc613",
              "76996feb523f3f71842d8992b489f9265df55e67",
              "59bd281a89883d39ef219699e4a46eab87b3cff9",
              "578beef5311bc9a3a75a30180adb36ce1a1e6267",
              "a5150a8e0147d534d5e785e81bda595137a3e7dd",
              "7fbd11b453371a2a317bfc73eff563aa223bb384",
              "edb95b5914045f55e676a85f84446841e17302c0",
              "d1009b4fa6f47db5c69b882339a977fb934f2abc",
              "3fb7a0e792edd47bf0cf1e919dfc14e2be412e15",
              "d0ce1a17849d6e1182b1637115ec46f60a83562b",
              "98d34f9dc567f6ff263c3f4a48a20053d9300bce",
              "92f580b350d88e068bfbe223ea51f64044c0f280",
              "1cdbb70da15681dc384631edde7fe340802823e2",
              "94efba929260d3db921cf106a34c63301bb2995b",
              "54fcf30aefb271d6bcba94c69b15f8977ef74fd1",
              "5674e19d0587e09d0649f650671cb23627d20ba8",
              "42a4d148c2b3dd62511663f2a53ff8a416501a0b",
              "03b96a53baf1987fe52b653ce0d1817e549259b8",
              "61c9552d18d1b0c026cb3a55ad3cbb3b36e76c61",
              "e5819757da0824da7e9140b1a862cafecf88159c",
              "edc3bb69551dcfff02651f083b21f3366ea2f5ab",
              "599dd7631fd5aeb3a178732fb5e954e3ec7794af",
              "618e784627e2d0c0883f92c1708de3107296a0f9",
              "c4a8658099ed0e92fabcdcd47331dc6a1cebb1f5",
              "6f8cd03789727d57d2c5906a1c2990f5ab50f8e1",
              "d366d8de4e44f5c6c37b6b7169a276ee94d0d55b",
              "eff6379ba09b2fca7aa8216f2132d4c170ed9d46",
              "8c66b9cf5ed003dff18db01a55cbd45d35a0990f",
              "a68a2b7fc5e2d3d26982a9d5b12ae8d42fb64b3c",
              "9101028e5ca824d2baf0fbd91b9700e2669a6cd9",
              "c066df8cd4ab54ad4552aa11b84abdeb77ce99ff",
              "25d045f12a64283630fdedec899655cc5710b683",
              "e8363dc69101744f6683b6131c48220c5da2d6e1",
              "592f5d512e03c0a0ed3d4c20e1d26b7b67594b1b",
              "23bb9ee3cb8bfcade3a43509bd17e057dffb64bb",
              "f84a0f6cbe5d9ec6e41f4d4d9e4033f958698a78",
              "576a2cb9f58007a10803dca9b0bacc03ebcff467",
              "308f5f1b2fae699cb38474136205cbab8f081019",
              "9537be5eb30709e6c022f8d2554161e3d19174ab",
              "bbd33c0ffc6657507c72bc2f3d3f92b45f9c8b3c",
              "64bb93539113de32d6ae3daef1e09ca8239c743d",
              "73ea0ad09f1ffc09c0a4f9a41923d676c60f1624",
              "6de94b0b99071c779a0a8d4072b65d95c42c12d6",
              "c46327f585d68f71e75d2c5e707845afd5fd7df1",
              "85e456ef27b5b5a64214bc5a74cbf8ec3114f5e5",
              "90af0d57228cc27ef47752c7e0a7dd403e843841",
              "52b8080d4d0eb6d16f3a5f9336c29192dac68185",
              "fc03fa998970a0110f9727c0441985b35ab50055",
              "4c5c4e526100f23b17fda84d39a8109cfec00118",
              "3be672de519863836c70456fb38379a74bd3c388",
              "ea2afbe9e89fa28e9b4ce5942179bb1fa2bb977d",
              "65fd6016352050b2c21ee1497e240ea65667e2a8",
              "48c6a56ee0422e0cf623cc2ce958436c4d44beaf",
              "d40d4905434d5abfab8d29584adc850797897769",
              "764e391156b04640da0150bc4b1f11003b93d2a4",
              "897b8800a7d1a93518b87c00e5d1c5d7476f3701",
              "7ed900a7c4cc22315a007cc49821cce3baa7be0f",
              "c64f703b0db291698cdbf4d658477428421205ac",
              "6a23a746e13aac7dfedb85b5c12db17533b420e0",
              "a159b5d1ab8e8406bd113e1bdbd1fd115daeb1c6",
              "3456489fa1fb94197fcec4fc4c0de7000bf1f1be",
              "18aa166fa96a695c5e520d9411d1208e655812d0",
              "1f85ebd7c47a1d3581d3e14eaf90d50d53bfce13",
              "3420c2b8726ecb53e3a64e3728e15895e64d1fc8",
              "e3d45986c864ef6f7c6599221ba456d17f5a6b7f",
              "c9394b1e02281de8e1d60049383d710005cc0ae5",
              "534c0213e2a3a8fd494c92a86fa6bb9ac3737269",
              "7b0d180ce9aa2473631426dbc011e34b435d5c65",
              "b1a352785e909cc565912809bcfe1f44c8551fce",
              "eac3a7fd2172686487c3373343ffb946230d0fa8",
              "d8f315ab8365c93960cb8ae4c7b66b0b24a5fd4c",
              "5d9fdcab9300de16c24a5fe2c4286b074096fb94",
              "715f5e5de0722db907a36a44ddbc8d91dcee76f7",
              "d5355d86f9a1a742cc44288d30932dac2ab2640d",
              "467f50b0c026317ad28fc2c0a08aab6f755cfc7a",
              "bd2433c145708269b14c03f48be54070742bf3e0",
              "b4142c444a8941d0d92b0b7103a24df9cd815e42",
              "afd179bd93c5ef77cc8d4695a02341b4bd85584f",
              "c5dd6c3c878a875458fd734804b7cfc0a8a893cc"
            ]
          },
          "exploit": "Proof of Concept",
          "fixedIn": [
            "1.14.18"
          ],
          "patches": [],
          "insights": {
            "triageAdvice": null
          },
          "language": "golang",
          "severity": "high",
          "cvssScore": 7.3,
          "functions": [],
          "malicious": false,
          "isDisputed": false,
          "moduleName": "github.com/mattn/go-sqlite3",
          "references": [
            {
              "url": "https://github.com/mattn/go-sqlite3/commit/9fd6f4ffd3430f64ec35c64063b59af680582e11",
              "title": "GitHub Commit"
            },
            {
              "url": "https://github.com/sqlite/sqlite/commit/09f1652f36c5c4e8a6a640ce887f9ea0f48a7958",
              "title": "GitHub Commit"
            },
            {
              "url": "https://sqlite.org/src/info/0e4e7a05c4204b47",
              "title": "SQLite Commit"
            },
            {
              "url": "https://sqlite.org/forum/forumpost/5bcbf4571c",
              "title": "SQLite Issue"
            }
          ],
          "cvssDetails": [
            {
              "assigner": "Red Hat",
              "severity": "high",
              "cvssV3Vector": "CVSS:3.1/AV:N/AC:L/PR:N/UI:N/S:U/C:L/I:L/A:L",
              "cvssV3BaseScore": 7.3,
              "modificationTime": "2024-01-08T14:03:26.286492Z"
            },
            {
              "assigner": "NVD",
              "severity": "high",
              "cvssV3Vector": "CVSS:3.1/AV:N/AC:L/PR:N/UI:N/S:U/C:L/I:L/A:L",
              "cvssV3BaseScore": 7.3,
              "modificationTime": "2024-01-09T01:10:59.905392Z"
            }
          ],
          "description": "## Overview\n\nAffected versions of this package are vulnerable to Heap-based Buffer Overflow via the `sessionReadRecord` function in the `ext/session/sqlite3session.c` file. An attacker can cause a program crash or execute arbitrary code by manipulating the input to trigger a heap-based buffer overflow.\n## Remediation\nUpgrade `github.com/mattn/go-sqlite3` to version 1.14.18 or higher.\n## References\n- [GitHub Commit](https://github.com/mattn/go-sqlite3/commit/9fd6f4ffd3430f64ec35c64063b59af680582e11)\n- [GitHub Commit](https://github.com/sqlite/sqlite/commit/09f1652f36c5c4e8a6a640ce887f9ea0f48a7958)\n- [SQLite Commit](https://sqlite.org/src/info/0e4e7a05c4204b47)\n- [SQLite Issue](https://sqlite.org/forum/forumpost/5bcbf4571c)\n",
          "epssDetails": {
            "percentile": "0.46811",
            "probability": "0.00131",
            "modelVersion": "v2023.03.01"
          },
          "identifiers": {
            "CVE": [
              "CVE-2023-7104"
            ],
            "CWE": [
              "CWE-122"
            ]
          },
          "packageName": "github.com/mattn/go-sqlite3",
          "proprietary": false,
          "creationTime": "2023-12-26T17:53:24.240420Z",
          "functions_new": [],
          "alternativeIds": [],
          "disclosureTime": "2023-12-25T21:52:12Z",
          "packageManager": "golang",
          "publicationTime": "2023-12-26T20:10:25.859350Z",
          "modificationTime": "2024-01-10T08:34:32.340485Z",
          "socialTrendAlert": false,
          "severityWithCritical": "high",
          "from": [
            "github.com/wallarm/api-firewall@*",
            "github.com/mattn/go-sqlite3@v1.14.17"
          ],
          "upgradePath": [],
          "isUpgradable": false,
          "isPatchable": false,
          "name": "github.com/mattn/go-sqlite3",
          "version": "v1.14.17"
        }
      ],
      "ok": false,
      "dependencyCount": 124,
      "org": "suleymanergen32",
      "policy": "# Snyk (https://snyk.io) policy file, patches or ignores known vulnerabilities.\nversion: v1.25.1\nignore: {}\npatch: {}\n",
      "isPrivate": true,
      "licensesPolicy": {
        "severities": {},
        "orgLicenseRules": {
          "AGPL-1.0": {
            "licenseType": "AGPL-1.0",
            "severity": "high",
            "instructions": ""
          },
          "AGPL-3.0": {
            "licenseType": "AGPL-3.0",
            "severity": "high",
            "instructions": ""
          },
          "Artistic-1.0": {
            "licenseType": "Artistic-1.0",
            "severity": "medium",
            "instructions": ""
          },
          "Artistic-2.0": {
            "licenseType": "Artistic-2.0",
            "severity": "medium",
            "instructions": ""
          },
          "CDDL-1.0": {
            "licenseType": "CDDL-1.0",
            "severity": "medium",
            "instructions": ""
          },
          "CPOL-1.02": {
            "licenseType": "CPOL-1.02",
            "severity": "high",
            "instructions": ""
          },
          "EPL-1.0": {
            "licenseType": "EPL-1.0",
            "severity": "medium",
            "instructions": ""
          },
          "GPL-2.0": {
            "licenseType": "GPL-2.0",
            "severity": "high",
            "instructions": ""
          },
          "GPL-3.0": {
            "licenseType": "GPL-3.0",
            "severity": "high",
            "instructions": ""
          },
          "LGPL-2.0": {
            "licenseType": "LGPL-2.0",
            "severity": "medium",
            "instructions": ""
          },
          "LGPL-2.1": {
            "licenseType": "LGPL-2.1",
            "severity": "medium",
            "instructions": ""
          },
          "LGPL-3.0": {
            "licenseType": "LGPL-3.0",
            "severity": "medium",
            "instructions": ""
          },
          "MPL-1.1": {
            "licenseType": "MPL-1.1",
            "severity": "medium",
            "instructions": ""
          },
          "MPL-2.0": {
            "licenseType": "MPL-2.0",
            "severity": "medium",
            "instructions": ""
          },
          "MS-RL": {
            "licenseType": "MS-RL",
            "severity": "medium",
            "instructions": ""
          },
          "SimPL-2.0": {
            "licenseType": "SimPL-2.0",
            "severity": "high",
            "instructions": ""
          }
        }
      },
      "packageManager": "gomodules",
      "ignoreSettings": {
        "adminOnly": false,
        "reasonRequired": false,
        "disregardFilesystemIgnores": false
      },
      "docker": {},
      "summary": "1 vulnerable dependency path",
      "filesystemPolicy": false,
      "filtered": {
        "ignore": [],
        "patch": []
      },
      "uniqueCount": 1,
      "targetFile": "/opt/api-firewall/api-firewall",
      "projectName": "github.com/wallarm/api-firewall",
      "displayTargetFile": "/opt/api-firewall/api-firewall",
      "hasUnknownVersions": false,
      "path": "library/api-firewall:latest/wallarm/api-firewall"
    }
  ]
}
