[
    {
        "creator": 7,
        "id": 67575,
        "images": [
            {
                "architecture": "amd64",
                "features": "",
                "variant": null,
                "digest": "sha256:a70c8a0691f798e3fead5d20dc0d490f279b2f03cc165541c260c8e9e06b4278",
                "os": "",
                "os_features": "",
                "os_version": null,
                "size": 113899338,
                "status": "active",
                "last_pulled": "2024-01-19T04:04:34.548373Z",
                "last_pushed": null
            }
        ],
        "last_updated": "2015-11-13T04:18:34.064014Z",
        "last_updater": 134455,
        "last_updater_username": "diogomonica",
        "name": "3",
        "repository": 62040,
        "full_size": 56949669,
        "v2": true,
        "tag_status": "active",
        "tag_last_pulled": "2024-01-19T04:04:34.548373Z",
        "tag_last_pushed": "2015-11-13T04:18:34.064014Z",
        "media_type": "application/vnd.docker.distribution.manifest.v1+prettyjws",
        "content_type": "image",
        "digest": "sha256:a70c8a0691f798e3fead5d20dc0d490f279b2f03cc165541c260c8e9e06b4278"
    },
    {
        "creator": 7,
        "id": 67576,
        "images": [
            {
                "architecture": "amd64",
                "features": "",
                "variant": null,
                "digest": "sha256:436dbc0c66e5caf9acf0f8e248f7af993005f76e6ef73aea8f9beedca4d31e4e",
                "os": "",
                "os_features": "",
                "os_version": null,
                "size": 59371098,
                "status": "active",
                "last_pulled": "2024-01-17T12:13:52.418869Z",
                "last_pushed": null
            }
        ],
        "last_updated": "2016-02-18T07:55:59.866912Z",
        "last_updater": 2215,
        "last_updater_username": "stackbrew",
        "name": "4",
        "repository": 62040,
        "full_size": 59371098,
        "v2": true,
        "tag_status": "active",
        "tag_last_pulled": "2024-01-17T12:13:52.418869Z",
        "tag_last_pushed": "2016-02-18T07:55:59.866912Z",
        "media_type": "application/vnd.docker.distribution.manifest.v1+prettyjws",
        "content_type": "image",
        "digest": "sha256:436dbc0c66e5caf9acf0f8e248f7af993005f76e6ef73aea8f9beedca4d31e4e"
    },
    {
        "creator": 2215,
        "id": 508819,
        "images": [
            {
                "architecture": "amd64",
                "features": "",
                "variant": null,
                "digest": "sha256:edd3db0debe23b2eb4fbbac2d23b8eae4b0a63ebc79c4839275322b0c27ac467",
                "os": "linux",
                "os_features": "",
                "os_version": null,
                "size": 77158723,
                "status": "inactive",
                "last_pulled": null,
                "last_pushed": null
            }
        ],
        "last_updated": "2018-07-13T22:42:43.535019Z",
        "last_updater": 1156886,
        "last_updater_username": "doijanky",
        "name": "5",
        "repository": 62040,
        "full_size": 77158723,
        "v2": true,
        "tag_status": "inactive",
        "tag_last_pulled": "2024-01-16T06:47:34.810745Z",
        "tag_last_pushed": "2018-07-13T22:42:43.535019Z",
        "media_type": "application/vnd.docker.distribution.manifest.list.v2+json",
        "content_type": "image",
        "digest": "sha256:d769f2b2c933287db3e266a60188f44fabf3559c04d3011668f83a5dab9eb26d"
    },
    {
        "creator": 2215,
        "id": 7688020,
        "images": [
            {
                "architecture": "amd64",
                "features": "",
                "variant": null,
                "digest": "sha256:edd3db0debe23b2eb4fbbac2d23b8eae4b0a63ebc79c4839275322b0c27ac467",
                "os": "linux",
                "os_features": "",
                "os_version": null,
                "size": 77158723,
                "status": "inactive",
                "last_pulled": null,
                "last_pushed": null
            }
        ],
        "last_updated": "2018-09-24T07:42:42.936243Z",
        "last_updater": 1156886,
        "last_updater_username": "doijanky",
        "name": "5.1",
        "repository": 62040,
        "full_size": 77158723,
        "v2": true,
        "tag_status": "inactive",
        "tag_last_pulled": null,
        "tag_last_pushed": "2018-09-24T07:42:42.936243Z",
        "media_type": "application/vnd.docker.distribution.manifest.list.v2+json",
        "content_type": "image"
    },
    {
        "creator": 2215,
        "id": 13124238,
        "images": [
            {
                "architecture": "amd64",
                "features": "",
                "variant": null,
                "digest": "sha256:25c0a9d31dd872293eaea077b4b719548af015ce13a91557d88cd0967797db2d",
                "os": "linux",
                "os_features": "",
                "os_version": null,
                "size": 118990806,
                "status": "inactive",
                "last_pulled": null,
                "last_pushed": null
            },
            {
                "architecture": "arm",
                "features": "",
                "variant": "v7",
                "digest": "sha256:a88e588d54ce577bd6b9651828193bf3ef1e628fc0b16e14ce4f59759df2d070",
                "os": "linux",
                "os_features": "",
                "os_version": null,
                "size": 106754164,
                "status": "inactive",
                "last_pulled": null,
                "last_pushed": null
            }
        ],
        "last_updated": "2019-05-20T23:44:32.390815Z",
        "last_updater": 1156886,
        "last_updater_username": "doijanky",
        "name": "6",
        "repository": 62040,
        "full_size": 118990806,
        "v2": true,
        "tag_status": "inactive",
        "tag_last_pulled": null,
        "tag_last_pushed": "2019-05-20T23:44:32.390815Z",
        "media_type": "application/vnd.docker.distribution.manifest.list.v2+json",
        "content_type": "image"
    },
    {
        "creator": 1156886,
        "id": 56319116,
        "images": [
            {
                "architecture": "amd64",
                "features": "",
                "variant": null,
                "digest": "sha256:f5a26c57f5f60a817cad323c1eeeba305ea5f7828c49ecd284abdb5ba851dc86",
                "os": "linux",
                "os_features": "",
                "os_version": null,
                "size": 101790982,
                "status": "active",
                "last_pulled": "2024-01-19T16:39:42.528562Z",
                "last_pushed": "2021-04-08T19:39:57.656763Z"
            },
            {
                "architecture": "arm64",
                "features": "",
                "variant": "v8",
                "digest": "sha256:f8c58ebb2c946647465b524166677b7e36774b7fb35b9df6547950beaa8f973e",
                "os": "linux",
                "os_features": "",
                "os_version": null,
                "size": 97593342,
                "status": "active",
                "last_pulled": "2024-01-20T07:36:00.89383Z",
                "last_pushed": "2021-04-08T19:00:41.621444Z"
            },
            {
                "architecture": "arm",
                "features": "",
                "variant": "v7",
                "digest": "sha256:1611bdd9c1ecc6d337009690bb836c09d2e835ae29fddf1b1b561b58f1d1177a",
                "os": "linux",
                "os_features": "",
                "os_version": null,
                "size": 91222991,
                "status": "active",
                "last_pulled": "2024-01-19T16:39:43.278894Z",
                "last_pushed": "2021-04-08T19:18:42.935749Z"
            }
        ],
        "last_updated": "2021-04-08T19:40:00.819779Z",
        "last_updater": 1156886,
        "last_updater_username": "doijanky",
        "name": "7",
        "repository": 62040,
        "full_size": 101790982,
        "v2": true,
        "tag_status": "active",
        "tag_last_pulled": "2024-01-20T07:36:00.89383Z",
        "tag_last_pushed": "2021-04-08T19:40:00.819779Z",
        "media_type": "application/vnd.docker.distribution.manifest.list.v2+json",
        "content_type": "image"
    },
    {
        "creator": 1156886,
        "id": 135571825,
        "images": [
            {
                "architecture": "arm64",
                "features": "",
                "variant": "v8",
                "digest": "sha256:3442482718e8d83c62d2b5514cf48be4272b306e745ab811a0d22e1e3356310a",
                "os": "linux",
                "os_features": "",
                "os_version": null,
                "size": 103482098,
                "status": "active",
                "last_pulled": "2024-01-19T19:49:11.862006Z",
                "last_pushed": "2021-04-08T19:00:52.989838Z"
            },
            {
                "architecture": "arm",
                "features": "",
                "variant": "v7",
                "digest": "sha256:3c7af3f6e7c0ff13a5bed95893d83a70670ea82496df8a7031330c2a0e7f3548",
                "os": "linux",
                "os_features": "",
                "os_version": null,
                "size": 98722394,
                "status": "active",
                "last_pulled": "2024-01-20T07:36:03.364177Z",
                "last_pushed": "2021-04-08T19:18:49.95432Z"
            },
            {
                "architecture": "amd64",
                "features": "",
                "variant": null,
                "digest": "sha256:8493cf3c971e7fb11901489d309c36b2f4a6ea09a9a199d4b2f606e23b4fd030",
                "os": "linux",
                "os_features": "",
                "os_version": null,
                "size": 110539840,
                "status": "active",
                "last_pulled": "2024-01-20T06:36:29.59554Z",
                "last_pushed": "2021-04-08T19:40:07.036635Z"
            }
        ],
        "last_updated": "2021-04-08T19:40:08.493585Z",
        "last_updater": 1156886,
        "last_updater_username": "doijanky",
        "name": "8",
        "repository": 62040,
        "full_size": 110539840,
        "v2": true,
        "tag_status": "active",
        "tag_last_pulled": "2024-01-20T07:36:03.364177Z",
        "tag_last_pushed": "2021-04-08T19:40:08.493585Z",
        "media_type": "application/vnd.docker.distribution.manifest.list.v2+json",
        "content_type": "image"
    },
    {
        "creator": 7,
        "id": 67577,
        "images": [
            {
                "architecture": "arm",
                "features": "",
                "variant": "v7",
                "digest": "sha256:5d0b02c7042da09eefe17487369d72620530b21c50bc2df1d4da8744670f57ff",
                "os": "linux",
                "os_features": "",
                "os_version": null,
                "size": 99644274,
                "status": "active",
                "last_pulled": "2024-01-19T21:50:18.134909Z",
                "last_pushed": "2021-04-08T19:18:59.941595Z"
            },
            {
                "architecture": "arm64",
                "features": "",
                "variant": "v8",
                "digest": "sha256:f40b41f9f596ecd44d54fcfafbbdbb5305add13d4852b9f2940c1129c4bf4744",
                "os": "linux",
                "os_features": "",
                "os_version": null,
                "size": 104465402,
                "status": "active",
                "last_pulled": "2024-01-20T05:36:32.893834Z",
                "last_pushed": "2021-04-08T19:01:00.601759Z"
            },
            {
                "architecture": "amd64",
                "features": "",
                "variant": null,
                "digest": "sha256:81f37116368e9bdbc05a2948459caf05975cdc86b75b2353c0654ba582eea65e",
                "os": "linux",
                "os_features": "",
                "os_version": null,
                "size": 111489373,
                "status": "active",
                "last_pulled": "2024-01-19T16:39:49.23562Z",
                "last_pushed": "2021-04-08T19:40:15.16809Z"
            }
        ],
        "last_updated": "2021-04-08T19:40:16.257849Z",
        "last_updater": 1156886,
        "last_updater_username": "doijanky",
        "name": "cauldron",
        "repository": 62040,
        "full_size": 111489373,
        "v2": true,
        "tag_status": "active",
        "tag_last_pulled": "2024-01-20T06:52:13.967454Z",
        "tag_last_pushed": "2021-04-08T19:40:16.257849Z",
        "media_type": "application/vnd.docker.distribution.manifest.list.v2+json",
        "content_type": "image",
        "digest": "sha256:c1013793a986cdbb6ff91e1e5db9a264537c34094253c000b6c212f2afaae8b0"
    },
    {
        "creator": 7,
        "id": 67578,
        "images": [
            {
                "architecture": "amd64",
                "features": "",
                "variant": null,
                "digest": "sha256:8493cf3c971e7fb11901489d309c36b2f4a6ea09a9a199d4b2f606e23b4fd030",
                "os": "linux",
                "os_features": "",
                "os_version": null,
                "size": 110539840,
                "status": "active",
                "last_pulled": "2024-01-20T06:36:29.59554Z",
                "last_pushed": "2021-04-08T19:40:07.036635Z"
            },
            {
                "architecture": "arm64",
                "features": "",
                "variant": "v8",
                "digest": "sha256:3442482718e8d83c62d2b5514cf48be4272b306e745ab811a0d22e1e3356310a",
                "os": "linux",
                "os_features": "",
                "os_version": null,
                "size": 103482098,
                "status": "active",
                "last_pulled": "2024-01-19T19:49:11.862006Z",
                "last_pushed": "2021-04-08T19:00:52.989838Z"
            },
            {
                "architecture": "arm",
                "features": "",
                "variant": "v7",
                "digest": "sha256:3c7af3f6e7c0ff13a5bed95893d83a70670ea82496df8a7031330c2a0e7f3548",
                "os": "linux",
                "os_features": "",
                "os_version": null,
                "size": 98722394,
                "status": "active",
                "last_pulled": "2024-01-20T07:36:03.364177Z",
                "last_pushed": "2021-04-08T19:18:49.95432Z"
            }
        ],
        "last_updated": "2021-04-08T19:40:19.409154Z",
        "last_updater": 1156886,
        "last_updater_username": "doijanky",
        "name": "latest",
        "repository": 62040,
        "full_size": 110539840,
        "v2": true,
        "tag_status": "active",
        "tag_last_pulled": "2024-01-20T07:36:03.364177Z",
        "tag_last_pushed": "2021-04-08T19:40:19.409154Z",
        "media_type": "application/vnd.docker.distribution.manifest.list.v2+json",
        "content_type": "image",
        "digest": "sha256:ee8deeb5ab22773a38ee147c98127b2faa5edc72272beef5d497db44c4fda658"
    },
    {
        "creator": 1156886,
        "id": 135571846,
        "images": [
            {
                "architecture": "arm",
                "features": "",
                "variant": "v7",
                "digest": "sha256:d5d02313efa9aa4c0bbd4c63242589710d681117e2b0726811ac312897941790",
                "os": "linux",
                "os_features": "",
                "os_version": null,
                "size": 98574759,
                "status": "active",
                "last_pulled": "2024-01-04T18:07:11.176456Z",
                "last_pushed": "2021-02-10T06:39:38.193124Z"
            },
            {
                "architecture": "amd64",
                "features": "",
                "variant": null,
                "digest": "sha256:0879bc5a955a6e00f5feb7dc3678f57d68977ba06635f0f48b1824b92f4adf23",
                "os": "linux",
                "os_features": "",
                "os_version": null,
                "size": 110313864,
                "status": "active",
                "last_pulled": "2024-01-16T06:48:57.138907Z",
                "last_pushed": "2021-02-10T09:26:22.856955Z"
            },
            {
                "architecture": "arm64",
                "features": "",
                "variant": "v8",
                "digest": "sha256:4967e0fa8db9cf4f1b2ece6f9ba5bb1c3c2ec7ad31e8b8dd3d809b96151d3a81",
                "os": "linux",
                "os_features": "",
                "os_version": null,
                "size": 103379649,
                "status": "active",
                "last_pulled": "2024-01-04T18:07:12.117228Z",
                "last_pushed": "2021-02-10T08:48:17.629862Z"
            }
        ],
        "last_updated": "2021-02-10T09:26:38.830557Z",
        "last_updater": 1156886,
        "last_updater_username": "doijanky",
        "name": "rc",
        "repository": 62040,
        "full_size": 110313864,
        "v2": true,
        "tag_status": "active",
        "tag_last_pulled": "2024-01-16T06:48:57.138907Z",
        "tag_last_pushed": "2021-02-10T09:26:38.830557Z",
        "media_type": "application/vnd.docker.distribution.manifest.list.v2+json",
        "content_type": "image"
    }
]