[
    {
        "creator": 621950,
        "id": 4805151,
        "images": [
            {
                "architecture": "amd64",
                "features": "",
                "variant": null,
                "digest": "sha256:89ed8efbcf1a6277975a4aab3de288af8423eae81d616dbea62900aa25d0a7d4",
                "os": "linux",
                "os_features": "",
                "os_version": null,
                "size": 69710825,
                "status": "inactive",
                "last_pulled": null,
                "last_pushed": null
            },
            {
                "architecture": "arm",
                "features": "",
                "variant": "v6",
                "digest": "sha256:0648c5a0e914752b6094da3470fe3955964139a062bc9b7616bf2a81ad0b514a",
                "os": "linux",
                "os_features": "",
                "os_version": null,
                "size": 67243022,
                "status": "inactive",
                "last_pulled": null,
                "last_pushed": null
            },
            {
                "architecture": "arm64",
                "features": "",
                "variant": "v8",
                "digest": "sha256:90bfea239bfbb6d1715840348671bc90e6d7652888b355e9b0f35b6d4a7ea114",
                "os": "linux",
                "os_features": "",
                "os_version": null,
                "size": 68289696,
                "status": "inactive",
                "last_pulled": null,
                "last_pushed": null
            },
            {
                "architecture": "386",
                "features": "",
                "variant": null,
                "digest": "sha256:bc596886d6481007602521b5fe3f568c8b79ec69e46d66c9363a1cdfd542ac24",
                "os": "linux",
                "os_features": "",
                "os_version": null,
                "size": 70495901,
                "status": "inactive",
                "last_pulled": null,
                "last_pushed": null
            },
            {
                "architecture": "ppc64le",
                "features": "",
                "variant": null,
                "digest": "sha256:f88d4e220ace286a7ecf9a5d89f1a8d845b59cfa7b3327b07f5667cdee0910b9",
                "os": "linux",
                "os_features": "",
                "os_version": null,
                "size": 69047522,
                "status": "inactive",
                "last_pulled": null,
                "last_pushed": null
            },
            {
                "architecture": "s390x",
                "features": "",
                "variant": null,
                "digest": "sha256:b8ce021fa65edef335c8b209fd0fe886325b391510c6446a89064e6dec1caf52",
                "os": "linux",
                "os_features": "",
                "os_version": null,
                "size": 68736810,
                "status": "inactive",
                "last_pulled": null,
                "last_pushed": null
            }
        ],
        "last_updated": "2018-08-02T04:44:13.030152Z",
        "last_updater": 1156886,
        "last_updater_username": "doijanky",
        "name": "3.3",
        "repository": 912207,
        "full_size": 69710825,
        "v2": true,
        "tag_status": "inactive",
        "tag_last_pulled": null,
        "tag_last_pushed": "2018-08-02T04:44:13.030152Z",
        "media_type": "application/vnd.docker.distribution.manifest.list.v2+json",
        "content_type": "image"
    },
    {
        "creator": 621950,
        "id": 4805148,
        "images": [
            {
                "architecture": "amd64",
                "features": "",
                "variant": null,
                "digest": "sha256:89ed8efbcf1a6277975a4aab3de288af8423eae81d616dbea62900aa25d0a7d4",
                "os": "linux",
                "os_features": "",
                "os_version": null,
                "size": 69710825,
                "status": "inactive",
                "last_pulled": null,
                "last_pushed": null
            },
            {
                "architecture": "arm",
                "features": "",
                "variant": "v6",
                "digest": "sha256:0648c5a0e914752b6094da3470fe3955964139a062bc9b7616bf2a81ad0b514a",
                "os": "linux",
                "os_features": "",
                "os_version": null,
                "size": 67243022,
                "status": "inactive",
                "last_pulled": null,
                "last_pushed": null
            },
            {
                "architecture": "arm64",
                "features": "",
                "variant": "v8",
                "digest": "sha256:90bfea239bfbb6d1715840348671bc90e6d7652888b355e9b0f35b6d4a7ea114",
                "os": "linux",
                "os_features": "",
                "os_version": null,
                "size": 68289696,
                "status": "inactive",
                "last_pulled": null,
                "last_pushed": null
            },
            {
                "architecture": "386",
                "features": "",
                "variant": null,
                "digest": "sha256:bc596886d6481007602521b5fe3f568c8b79ec69e46d66c9363a1cdfd542ac24",
                "os": "linux",
                "os_features": "",
                "os_version": null,
                "size": 70495901,
                "status": "inactive",
                "last_pulled": null,
                "last_pushed": null
            },
            {
                "architecture": "ppc64le",
                "features": "",
                "variant": null,
                "digest": "sha256:f88d4e220ace286a7ecf9a5d89f1a8d845b59cfa7b3327b07f5667cdee0910b9",
                "os": "linux",
                "os_features": "",
                "os_version": null,
                "size": 69047522,
                "status": "inactive",
                "last_pulled": null,
                "last_pushed": null
            },
            {
                "architecture": "s390x",
                "features": "",
                "variant": null,
                "digest": "sha256:b8ce021fa65edef335c8b209fd0fe886325b391510c6446a89064e6dec1caf52",
                "os": "linux",
                "os_features": "",
                "os_version": null,
                "size": 68736810,
                "status": "inactive",
                "last_pulled": null,
                "last_pushed": null
            }
        ],
        "last_updated": "2018-08-02T04:44:12.644662Z",
        "last_updater": 1156886,
        "last_updater_username": "doijanky",
        "name": "3.3.6",
        "repository": 912207,
        "full_size": 69710825,
        "v2": true,
        "tag_status": "inactive",
        "tag_last_pulled": null,
        "tag_last_pushed": "2018-08-02T04:44:12.644662Z",
        "media_type": "application/vnd.docker.distribution.manifest.list.v2+json",
        "content_type": "image"
    },
    {
        "creator": 621950,
        "id": 4818154,
        "images": [
            {
                "architecture": "amd64",
                "features": "",
                "variant": null,
                "digest": "sha256:d2b1ea8db9241d31daed9b1b90e22b62d9ffb14e29d355d0d0c8d0a87819d929",
                "os": "linux",
                "os_features": "",
                "os_version": null,
                "size": 115127181,
                "status": "active",
                "last_pulled": "2024-01-20T08:03:16.429158Z",
                "last_pushed": "2021-05-13T05:59:52.093465Z"
            }
        ],
        "last_updated": "2021-05-13T05:59:54.68112Z",
        "last_updater": 1156886,
        "last_updater_username": "doijanky",
        "name": "3.4",
        "repository": 912207,
        "full_size": 115127181,
        "v2": true,
        "tag_status": "active",
        "tag_last_pulled": "2024-01-20T08:03:16.429158Z",
        "tag_last_pushed": "2021-05-13T05:59:54.68112Z",
        "media_type": "application/vnd.docker.distribution.manifest.list.v2+json",
        "content_type": "image"
    },
    {
        "creator": 2215,
        "id": 9641009,
        "images": [
            {
                "architecture": "386",
                "features": "",
                "variant": null,
                "digest": "sha256:9eb51f6a1dc505f94d4b26d9edf66c5d99c69ecf956c20e361db842a844d6c29",
                "os": "linux",
                "os_features": "",
                "os_version": null,
                "size": 92875921,
                "status": "inactive",
                "last_pulled": null,
                "last_pushed": null
            },
            {
                "architecture": "arm",
                "features": "",
                "variant": "v6",
                "digest": "sha256:b756f865045a459c5084eeb5db2b786cc21185339f9e7521625675e49758ee24",
                "os": "linux",
                "os_features": "",
                "os_version": null,
                "size": 90415602,
                "status": "inactive",
                "last_pulled": null,
                "last_pushed": null
            },
            {
                "architecture": "arm64",
                "features": "",
                "variant": "v8",
                "digest": "sha256:a7c5339552a59c0e6a5e7ba9f6ea639ca241efb279eef65b78a578eab74eeef4",
                "os": "linux",
                "os_features": "",
                "os_version": null,
                "size": 91468655,
                "status": "inactive",
                "last_pulled": null,
                "last_pushed": null
            },
            {
                "architecture": "amd64",
                "features": "",
                "variant": null,
                "digest": "sha256:d9fe1374256f05c0c76f27ce3c51450f6b97cd4a2b9ad8ad4a30387954de28b0",
                "os": "linux",
                "os_features": "",
                "os_version": null,
                "size": 93613093,
                "status": "inactive",
                "last_pulled": null,
                "last_pushed": null
            },
            {
                "architecture": "ppc64le",
                "features": "",
                "variant": null,
                "digest": "sha256:e177d8de137286dd21e3e647c8bf3103e3f8a56735db442545345e7fab9b1dd3",
                "os": "linux",
                "os_features": "",
                "os_version": null,
                "size": 92166450,
                "status": "inactive",
                "last_pulled": null,
                "last_pushed": null
            },
            {
                "architecture": "s390x",
                "features": "",
                "variant": null,
                "digest": "sha256:8c733ccc7600a78fe9a683744cdcf674a8319ce0504175cb422321a8f06849c2",
                "os": "linux",
                "os_features": "",
                "os_version": null,
                "size": 91856843,
                "status": "inactive",
                "last_pulled": null,
                "last_pushed": null
            }
        ],
        "last_updated": "2017-11-09T19:44:35.366919Z",
        "last_updater": 1156886,
        "last_updater_username": "doijanky",
        "name": "3.4.10",
        "repository": 912207,
        "full_size": 92875921,
        "v2": true,
        "tag_status": "inactive",
        "tag_last_pulled": null,
        "tag_last_pushed": "2017-11-09T19:44:35.366919Z",
        "media_type": "application/vnd.docker.distribution.manifest.list.v2+json",
        "content_type": "image"
    },
    {
        "creator": 1156886,
        "id": 17916904,
        "images": [
            {
                "architecture": "amd64",
                "features": "",
                "variant": null,
                "digest": "sha256:56d414270ae3ca3b4bd09b8ec7971895360427bb71047c04e9c6313cb22cfcff",
                "os": "linux",
                "os_features": "",
                "os_version": null,
                "size": 94592492,
                "status": "inactive",
                "last_pulled": null,
                "last_pushed": null
            },
            {
                "architecture": "arm",
                "features": "",
                "variant": "v6",
                "digest": "sha256:fac4bb3dd23f2e5c7a6b5530fe3bc7311a0a93dd51ba8bf5c22f09367639149d",
                "os": "linux",
                "os_features": "",
                "os_version": null,
                "size": 92125151,
                "status": "inactive",
                "last_pulled": null,
                "last_pushed": null
            },
            {
                "architecture": "arm64",
                "features": "",
                "variant": "v8",
                "digest": "sha256:a3248e644982206989c0568374dda53a1d4f71d837949ab2ae3907373b858dd6",
                "os": "linux",
                "os_features": "",
                "os_version": null,
                "size": 93172196,
                "status": "inactive",
                "last_pulled": null,
                "last_pushed": null
            },
            {
                "architecture": "386",
                "features": "",
                "variant": null,
                "digest": "sha256:fa1985fafad311004fe39cd74def89a3de197a6e8fcb1b8eb88b5eb754c09cb1",
                "os": "linux",
                "os_features": "",
                "os_version": null,
                "size": 95378015,
                "status": "inactive",
                "last_pulled": null,
                "last_pushed": null
            },
            {
                "architecture": "ppc64le",
                "features": "",
                "variant": null,
                "digest": "sha256:b9aff0796ebf9b814671cb48efb41201f782001ea6b17f6581edaf959abf1ba1",
                "os": "linux",
                "os_features": "",
                "os_version": null,
                "size": 93929311,
                "status": "inactive",
                "last_pulled": null,
                "last_pushed": null
            },
            {
                "architecture": "s390x",
                "features": "",
                "variant": null,
                "digest": "sha256:20b122a7fe261a14deb8177068620878024a77c58fdbaf7c14c42173685fbfac",
                "os": "linux",
                "os_features": "",
                "os_version": null,
                "size": 93618503,
                "status": "inactive",
                "last_pulled": null,
                "last_pushed": null
            }
        ],
        "last_updated": "2018-04-14T07:45:26.342936Z",
        "last_updater": 1156886,
        "last_updater_username": "doijanky",
        "name": "3.4.11",
        "repository": 912207,
        "full_size": 94592492,
        "v2": true,
        "tag_status": "inactive",
        "tag_last_pulled": null,
        "tag_last_pushed": "2018-04-14T07:45:26.342936Z",
        "media_type": "application/vnd.docker.distribution.manifest.list.v2+json",
        "content_type": "image"
    },
    {
        "creator": 1156886,
        "id": 27322196,
        "images": [
            {
                "architecture": "amd64",
                "features": "",
                "variant": null,
                "digest": "sha256:cfed220ec48beff2b6955404e59904917910bec484df3f12f6f26c3e83f5db6f",
                "os": "linux",
                "os_features": "",
                "os_version": null,
                "size": 96276310,
                "status": "inactive",
                "last_pulled": null,
                "last_pushed": null
            },
            {
                "architecture": "arm64",
                "features": "",
                "variant": "v8",
                "digest": "sha256:8e029f8ca1e5f90fc2cd332cb8312babf0949ba54319e95876bdc87c8468bffa",
                "os": "linux",
                "os_features": "",
                "os_version": null,
                "size": 94612252,
                "status": "inactive",
                "last_pulled": null,
                "last_pushed": null
            },
            {
                "architecture": "386",
                "features": "",
                "variant": null,
                "digest": "sha256:10a1f350a24d8e3ae7b8bd866928ebc35657cf7e95a242fb5966b93b64a1d478",
                "os": "linux",
                "os_features": "",
                "os_version": null,
                "size": 96996898,
                "status": "inactive",
                "last_pulled": null,
                "last_pushed": null
            },
            {
                "architecture": "ppc64le",
                "features": "",
                "variant": null,
                "digest": "sha256:485e9a7e226f8c12ef2ab1304d55a43a73a31c6739f75ce0393d723908de2cd3",
                "os": "linux",
                "os_features": "",
                "os_version": null,
                "size": 95377786,
                "status": "inactive",
                "last_pulled": null,
                "last_pushed": null
            },
            {
                "architecture": "s390x",
                "features": "",
                "variant": null,
                "digest": "sha256:cec00c25b20f9e1431c24e9d02582a827a05706f206bb50c56991bd6a439fc0e",
                "os": "linux",
                "os_features": "",
                "os_version": null,
                "size": 95140164,
                "status": "inactive",
                "last_pulled": null,
                "last_pushed": null
            }
        ],
        "last_updated": "2018-07-22T03:44:39.905903Z",
        "last_updater": 1156886,
        "last_updater_username": "doijanky",
        "name": "3.4.12",
        "repository": 912207,
        "full_size": 96276310,
        "v2": true,
        "tag_status": "inactive",
        "tag_last_pulled": null,
        "tag_last_pushed": "2018-07-22T03:44:39.905903Z",
        "media_type": "application/vnd.docker.distribution.manifest.list.v2+json",
        "content_type": "image"
    },
    {
        "creator": 1156886,
        "id": 32288519,
        "images": [
            {
                "architecture": "amd64",
                "features": "",
                "variant": null,
                "digest": "sha256:4ebfb9474e726f6b43674d8c3772bcda07a810d1c420196c69de3bc173c69e48",
                "os": "linux",
                "os_features": "",
                "os_version": null,
                "size": 96489503,
                "status": "inactive",
                "last_pulled": null,
                "last_pushed": null
            },
            {
                "architecture": "arm",
                "features": "",
                "variant": "v6",
                "digest": "sha256:e51d3b7b10389e8686b026b016fe51dc583d80e137d694e76f023a9407d95d25",
                "os": "linux",
                "os_features": "",
                "os_version": null,
                "size": 93682411,
                "status": "inactive",
                "last_pulled": null,
                "last_pushed": null
            },
            {
                "architecture": "arm64",
                "features": "",
                "variant": "v8",
                "digest": "sha256:62089a226d8cc27c1752a37d71e14120929f95b807aa9aa4efe972c46343b902",
                "os": "linux",
                "os_features": "",
                "os_version": null,
                "size": 96440498,
                "status": "inactive",
                "last_pulled": null,
                "last_pushed": null
            },
            {
                "architecture": "386",
                "features": "",
                "variant": null,
                "digest": "sha256:e7dbb1ff2ec430b4d754e769e222809db95feb33e67927a9c80604ba4e0e63b9",
                "os": "linux",
                "os_features": "",
                "os_version": null,
                "size": 97140872,
                "status": "inactive",
                "last_pulled": null,
                "last_pushed": null
            },
            {
                "architecture": "ppc64le",
                "features": "",
                "variant": null,
                "digest": "sha256:b16032ef809c4a6506cd9a577639c502ce12184f58588594388c6bf22141ec65",
                "os": "linux",
                "os_features": "",
                "os_version": null,
                "size": 97256944,
                "status": "inactive",
                "last_pulled": null,
                "last_pushed": null
            },
            {
                "architecture": "s390x",
                "features": "",
                "variant": null,
                "digest": "sha256:6b800c8ce992510b70b5344fb0a46a07034e8fc601d106382faba534156275cd",
                "os": "linux",
                "os_features": "",
                "os_version": null,
                "size": 95042128,
                "status": "inactive",
                "last_pulled": null,
                "last_pushed": null
            }
        ],
        "last_updated": "2019-03-28T12:48:15.452912Z",
        "last_updater": 1156886,
        "last_updater_username": "doijanky",
        "name": "3.4.13",
        "repository": 912207,
        "full_size": 96489503,
        "v2": true,
        "tag_status": "inactive",
        "tag_last_pulled": null,
        "tag_last_pushed": "2019-03-28T12:48:15.452912Z",
        "media_type": "application/vnd.docker.distribution.manifest.list.v2+json",
        "content_type": "image"
    },
    {
        "creator": 1156886,
        "id": 52216021,
        "images": [
            {
                "architecture": "amd64",
                "features": "",
                "variant": null,
                "digest": "sha256:d2b1ea8db9241d31daed9b1b90e22b62d9ffb14e29d355d0d0c8d0a87819d929",
                "os": "linux",
                "os_features": "",
                "os_version": null,
                "size": 115127181,
                "status": "active",
                "last_pulled": "2024-01-20T08:03:16.429158Z",
                "last_pushed": "2021-05-13T05:59:52.093465Z"
            }
        ],
        "last_updated": "2021-05-13T05:59:57.882769Z",
        "last_updater": 1156886,
        "last_updater_username": "doijanky",
        "name": "3.4.14",
        "repository": 912207,
        "full_size": 115127181,
        "v2": true,
        "tag_status": "active",
        "tag_last_pulled": "2024-01-20T08:03:16.429158Z",
        "tag_last_pushed": "2021-05-13T05:59:57.882769Z",
        "media_type": "application/vnd.docker.distribution.manifest.list.v2+json",
        "content_type": "image"
    },
    {
        "creator": 621950,
        "id": 4805163,
        "images": [
            {
                "architecture": "amd64",
                "features": "",
                "variant": null,
                "digest": "sha256:3b83d9104a4c4ccf76433756ecdf4df4355c52f14a2ad109e2aae15444b63339",
                "os": "linux",
                "os_features": "",
                "os_version": null,
                "size": 79612229,
                "status": "inactive",
                "last_pulled": null,
                "last_pushed": null
            }
        ],
        "last_updated": "2017-03-31T20:05:58.12928Z",
        "last_updater": 2215,
        "last_updater_username": "stackbrew",
        "name": "3.4.9",
        "repository": 912207,
        "full_size": 79612229,
        "v2": true,
        "tag_status": "inactive",
        "tag_last_pulled": null,
        "tag_last_pushed": "2017-03-31T20:05:58.12928Z",
        "media_type": "application/vnd.docker.container.image.v1+json",
        "content_type": "image"
    },
    {
        "creator": 1156886,
        "id": 17069744,
        "images": [
            {
                "architecture": "amd64",
                "features": "",
                "variant": null,
                "digest": "sha256:21141b14d33ee38abb97b37645e185e8922839b1f7d2d538ac07f75e47f79269",
                "os": "linux",
                "os_features": "",
                "os_version": null,
                "size": 76743973,
                "status": "inactive",
                "last_pulled": null,
                "last_pushed": null
            },
            {
                "architecture": "arm",
                "features": "",
                "variant": "v6",
                "digest": "sha256:4e0238a419efa911465b3a2db6804e4daa68083bf2d7f1ec01c5739115d19924",
                "os": "linux",
                "os_features": "",
                "os_version": null,
                "size": 74276529,
                "status": "inactive",
                "last_pulled": null,
                "last_pushed": null
            },
            {
                "architecture": "arm64",
                "features": "",
                "variant": "v8",
                "digest": "sha256:c4d7a195495f6283d27be174de7d87a7fd0514306157c65a4331faf1c5b96145",
                "os": "linux",
                "os_features": "",
                "os_version": null,
                "size": 75323620,
                "status": "inactive",
                "last_pulled": null,
                "last_pushed": null
            },
            {
                "architecture": "386",
                "features": "",
                "variant": null,
                "digest": "sha256:7c73a5c72939b6a0b80c06267bd337174cf14f3004ba8ac257c8309d5dc13e18",
                "os": "linux",
                "os_features": "",
                "os_version": null,
                "size": 77529562,
                "status": "inactive",
                "last_pulled": null,
                "last_pushed": null
            },
            {
                "architecture": "ppc64le",
                "features": "",
                "variant": null,
                "digest": "sha256:106271ebf0d79ea95caa20c5132d66d24bd1c64b38eeae15ceeff294213fa8ac",
                "os": "linux",
                "os_features": "",
                "os_version": null,
                "size": 76080794,
                "status": "inactive",
                "last_pulled": null,
                "last_pushed": null
            },
            {
                "architecture": "s390x",
                "features": "",
                "variant": null,
                "digest": "sha256:dad4f4c91cb1ab955f048a1dfc0603e106de7bfd888804b092ddc442d22cfd1d",
                "os": "linux",
                "os_features": "",
                "os_version": null,
                "size": 75769979,
                "status": "inactive",
                "last_pulled": null,
                "last_pushed": null
            }
        ],
        "last_updated": "2018-05-18T06:44:01.445608Z",
        "last_updater": 1156886,
        "last_updater_username": "doijanky",
        "name": "3.5.3-beta",
        "repository": 912207,
        "full_size": 76743973,
        "v2": true,
        "tag_status": "inactive",
        "tag_last_pulled": null,
        "tag_last_pushed": "2018-05-18T06:44:01.445608Z",
        "media_type": "application/vnd.docker.distribution.manifest.list.v2+json",
        "content_type": "image"
    },
    {
        "creator": 1156886,
        "id": 27750212,
        "images": [
            {
                "architecture": "amd64",
                "features": "",
                "variant": null,
                "digest": "sha256:64cfc9ab4b3cc0b1d90a2bb61d299e817d63ad6bc2e3898dc7c15cd0157cdc1e",
                "os": "linux",
                "os_features": "",
                "os_version": null,
                "size": 78455227,
                "status": "inactive",
                "last_pulled": null,
                "last_pushed": null
            },
            {
                "architecture": "arm",
                "features": "",
                "variant": "v6",
                "digest": "sha256:f7c6b7c35a4b3c4ffca5ef76e41a4926376f99c08283aa1007e65b72b73393bb",
                "os": "linux",
                "os_features": "",
                "os_version": null,
                "size": 75648889,
                "status": "inactive",
                "last_pulled": null,
                "last_pushed": null
            },
            {
                "architecture": "arm64",
                "features": "",
                "variant": "v8",
                "digest": "sha256:ab51ed1d92db0eab917b7681548ece08b46f7003a4ce614396b0a0f92797f0a7",
                "os": "linux",
                "os_features": "",
                "os_version": null,
                "size": 78401586,
                "status": "inactive",
                "last_pulled": null,
                "last_pushed": null
            },
            {
                "architecture": "386",
                "features": "",
                "variant": null,
                "digest": "sha256:dce13afe8ff5ba86b737404ffb19a9f7817e3794b96f32b44b67fdcebe05180b",
                "os": "linux",
                "os_features": "",
                "os_version": null,
                "size": 79114115,
                "status": "inactive",
                "last_pulled": null,
                "last_pushed": null
            },
            {
                "architecture": "ppc64le",
                "features": "",
                "variant": null,
                "digest": "sha256:36497d43e73f414c042405bd5b679c1908d2c096b6c268f52aa716937a7b7488",
                "os": "linux",
                "os_features": "",
                "os_version": null,
                "size": 79217555,
                "status": "inactive",
                "last_pulled": null,
                "last_pushed": null
            },
            {
                "architecture": "s390x",
                "features": "",
                "variant": null,
                "digest": "sha256:325b73ec9587f4f0d26c3ef75bb06415efdc9b8c3edb15dc73d1ed4b1bbbde03",
                "os": "linux",
                "os_features": "",
                "os_version": null,
                "size": 77017783,
                "status": "inactive",
                "last_pulled": null,
                "last_pushed": null
            }
        ],
        "last_updated": "2019-05-14T00:50:56.937857Z",
        "last_updater": 1156886,
        "last_updater_username": "doijanky",
        "name": "3.5.4-beta",
        "repository": 912207,
        "full_size": 78455227,
        "v2": true,
        "tag_status": "inactive",
        "tag_last_pulled": null,
        "tag_last_pushed": "2019-05-14T00:50:56.937857Z",
        "media_type": "application/vnd.docker.distribution.manifest.list.v2+json",
        "content_type": "image"
    },
    {
        "creator": 1156886,
        "id": 57203312,
        "images": [
            {
                "architecture": "amd64",
                "features": "",
                "variant": null,
                "digest": "sha256:f04468d5ec5bdcda7a6ebdd65b20a7b363f348f1caef915df4a6cc8d1eb09029",
                "os": "linux",
                "os_features": "",
                "os_version": null,
                "size": 86791947,
                "status": "active",
                "last_pulled": "2024-01-20T07:38:49.853359Z",
                "last_pushed": null
            }
        ],
        "last_updated": "2019-10-19T08:59:31.791268Z",
        "last_updater": 1156886,
        "last_updater_username": "doijanky",
        "name": "3.5.5",
        "repository": 912207,
        "full_size": 86791947,
        "v2": true,
        "tag_status": "active",
        "tag_last_pulled": "2024-01-20T07:38:49.853359Z",
        "tag_last_pushed": "2019-10-19T08:59:31.791268Z",
        "media_type": "application/vnd.docker.distribution.manifest.list.v2+json",
        "content_type": "image"
    },
    {
        "creator": 1156886,
        "id": 73267111,
        "images": [
            {
                "architecture": "amd64",
                "features": "",
                "variant": null,
                "digest": "sha256:3f7895196bcf87a36f496480d028975e573dc39db4ab1e3c03388587a9abfe25",
                "os": "linux",
                "os_features": "",
                "os_version": null,
                "size": 85327437,
                "status": "active",
                "last_pulled": "2024-01-20T07:27:45.87906Z",
                "last_pushed": null
            }
        ],
        "last_updated": "2020-02-27T09:59:39.520133Z",
        "last_updater": 1156886,
        "last_updater_username": "doijanky",
        "name": "3.5.6",
        "repository": 912207,
        "full_size": 85327437,
        "v2": true,
        "tag_status": "active",
        "tag_last_pulled": "2024-01-20T07:27:45.87906Z",
        "tag_last_pushed": "2020-02-27T09:59:39.520133Z",
        "media_type": "application/vnd.docker.distribution.manifest.list.v2+json",
        "content_type": "image"
    },
    {
        "creator": 1156886,
        "id": 89941708,
        "images": [
            {
                "architecture": "amd64",
                "features": "",
                "variant": null,
                "digest": "sha256:443bde3e832f858963732bf7bde9c385d16d6c6d46ce431ce10d6f71f4cd8a57",
                "os": "linux",
                "os_features": "",
                "os_version": null,
                "size": 87167944,
                "status": "active",
                "last_pulled": "2024-01-20T06:53:27.45697Z",
                "last_pushed": null
            }
        ],
        "last_updated": "2020-05-16T11:59:45.641551Z",
        "last_updater": 1156886,
        "last_updater_username": "doijanky",
        "name": "3.5.7",
        "repository": 912207,
        "full_size": 0,
        "v2": true,
        "tag_status": "active",
        "tag_last_pulled": "2024-01-20T06:53:27.45697Z",
        "tag_last_pushed": "2020-05-16T11:59:45.641551Z",
        "media_type": "application/vnd.docker.distribution.manifest.list.v2+json",
        "content_type": "image"
    },
    {
        "creator": 1156886,
        "id": 103061324,
        "images": [
            {
                "architecture": "arm64",
                "features": "",
                "variant": "v8",
                "digest": "sha256:c62dd8ab656d1de05a615be8fb05aff6f32919ff016158ada7c7ca67a47ec418",
                "os": "linux",
                "os_features": "",
                "os_version": null,
                "size": 89705926,
                "status": "active",
                "last_pulled": "2024-01-20T07:15:43.129131Z",
                "last_pushed": "2021-02-10T04:41:06.749303Z"
            },
            {
                "architecture": "amd64",
                "features": "",
                "variant": null,
                "digest": "sha256:47d3d09723fd284475ba3acdd208024821a7bdc631c37452433c39c7d1ec2bc1",
                "os": "linux",
                "os_features": "",
                "os_version": null,
                "size": 92097402,
                "status": "active",
                "last_pulled": "2024-01-20T07:38:22.956269Z",
                "last_pushed": "2021-02-10T09:05:19.477789Z"
            }
        ],
        "last_updated": "2021-02-10T09:05:25.788743Z",
        "last_updater": 1156886,
        "last_updater_username": "doijanky",
        "name": "3.5.8",
        "repository": 912207,
        "full_size": 92097402,
        "v2": true,
        "tag_status": "active",
        "tag_last_pulled": "2024-01-20T07:38:22.956269Z",
        "tag_last_pushed": "2021-02-10T09:05:25.788743Z",
        "media_type": "application/vnd.docker.distribution.manifest.list.v2+json",
        "content_type": "image"
    },
    {
        "creator": 1156886,
        "id": 138571763,
        "images": [
            {
                "architecture": "amd64",
                "features": "",
                "variant": null,
                "digest": "sha256:3dd8b25a9d37850df47ad5b91ea2c8d6a22fd8105b8af211c9e5cfec4b80942c",
                "os": "linux",
                "os_features": "",
                "os_version": null,
                "size": 94371975,
                "status": "active",
                "last_pulled": "2024-01-20T08:05:34.006474Z",
                "last_pushed": "2022-08-03T07:48:07.987003Z"
            },
            {
                "architecture": "arm64",
                "features": "",
                "variant": "v8",
                "digest": "sha256:6649f4666048b1e31aa13b18b1fd6a53cde9e6b78f54416cfed40f03b23a4e15",
                "os": "linux",
                "os_features": "",
                "os_version": null,
                "size": 92052500,
                "status": "active",
                "last_pulled": "2024-01-19T05:42:31.992735Z",
                "last_pushed": "2022-10-26T18:43:39.656035Z"
            }
        ],
        "last_updated": "2022-10-26T18:43:59.607504Z",
        "last_updater": 1156886,
        "last_updater_username": "doijanky",
        "name": "3.5.9",
        "repository": 912207,
        "full_size": 94371975,
        "v2": true,
        "tag_status": "active",
        "tag_last_pulled": "2024-01-20T08:05:34.006474Z",
        "tag_last_pushed": "2022-10-26T18:43:59.607504Z",
        "media_type": "application/vnd.docker.distribution.manifest.list.v2+json",
        "content_type": "image",
        "digest": "sha256:92ca5cc2c77c69a8b37cdc9de126f004c47614801e41a697bdf9c1a8b509bedf"
    },
    {
        "creator": 1156886,
        "id": 271415050,
        "images": [
            {
                "architecture": "amd64",
                "features": "",
                "variant": null,
                "digest": "sha256:b8dd6fb95192aef9ace51e10334aa6ff64893b25a9f7b41b4a0f7be5e9549081",
                "os": "linux",
                "os_features": "",
                "os_version": null,
                "size": 103680903,
                "status": "active",
                "last_pulled": "2024-01-20T06:29:09.779511Z",
                "last_pushed": "2022-12-09T07:50:05.85024Z"
            },
            {
                "architecture": "arm64",
                "features": "",
                "variant": "v8",
                "digest": "sha256:1cc3518f8fa310fe13523ad622c36522050bc4a4bd0189b41e2e2dc33b8c32dd",
                "os": "linux",
                "os_features": "",
                "os_version": null,
                "size": 99827100,
                "status": "active",
                "last_pulled": "2024-01-14T08:26:30.888447Z",
                "last_pushed": "2022-12-09T08:11:16.529402Z"
            }
        ],
        "last_updated": "2022-12-09T08:11:22.026217Z",
        "last_updater": 1156886,
        "last_updater_username": "doijanky",
        "name": "3.5.9-temurin",
        "repository": 912207,
        "full_size": 103680903,
        "v2": true,
        "tag_status": "active",
        "tag_last_pulled": "2024-01-20T06:29:09.779511Z",
        "tag_last_pushed": "2022-12-09T08:11:22.026217Z",
        "media_type": "application/vnd.docker.distribution.manifest.list.v2+json",
        "content_type": "image",
        "digest": "sha256:73f6257ae130cc15b7c6313f21b974d9ae6f5b9302f5bb429d72ca3f425b8a33"
    },
    {
        "creator": 1156886,
        "id": 92736866,
        "images": [
            {
                "architecture": "amd64",
                "features": "",
                "variant": null,
                "digest": "sha256:f7aa8d66c6ae331237acfa8314395af9a5aee0748a341d5a5ea02b2cf7dfe8c8",
                "os": "linux",
                "os_features": "",
                "os_version": null,
                "size": 90243720,
                "status": "active",
                "last_pulled": "2024-01-20T07:29:46.291089Z",
                "last_pushed": null
            }
        ],
        "last_updated": "2020-04-23T23:59:52.367809Z",
        "last_updater": 1156886,
        "last_updater_username": "doijanky",
        "name": "3.6.0",
        "repository": 912207,
        "full_size": 90243720,
        "v2": true,
        "tag_status": "active",
        "tag_last_pulled": "2024-01-20T07:29:46.291089Z",
        "tag_last_pushed": "2020-04-23T23:59:52.367809Z",
        "media_type": "application/vnd.docker.distribution.manifest.list.v2+json",
        "content_type": "image"
    },
    {
        "creator": 1156886,
        "id": 99774473,
        "images": [
            {
                "architecture": "amd64",
                "features": "",
                "variant": null,
                "digest": "sha256:4683ec75d4fcf20ea1bfbac75ec4bb9f18a77abbfe9ccbeabf3472aee5d31be8",
                "os": "linux",
                "os_features": "",
                "os_version": null,
                "size": 90301531,
                "status": "active",
                "last_pulled": "2024-01-20T07:24:21.127561Z",
                "last_pushed": null
            }
        ],
        "last_updated": "2020-09-11T04:04:32.57584Z",
        "last_updater": 1156886,
        "last_updater_username": "doijanky",
        "name": "3.6.1",
        "repository": 912207,
        "full_size": 0,
        "v2": true,
        "tag_status": "active",
        "tag_last_pulled": "2024-01-20T07:24:21.127561Z",
        "tag_last_pushed": "2020-09-11T04:04:32.57584Z",
        "media_type": "application/vnd.docker.distribution.manifest.list.v2+json",
        "content_type": "image"
    },
    {
        "creator": 1156886,
        "id": 118454563,
        "images": [
            {
                "architecture": "amd64",
                "features": "",
                "variant": null,
                "digest": "sha256:673b0556d1d9b4547974b1665c226e1192708f783ce33ddd7f0b1dde8f886d4c",
                "os": "linux",
                "os_features": "",
                "os_version": null,
                "size": 95316782,
                "status": "active",
                "last_pulled": "2024-01-20T07:15:41.282563Z",
                "last_pushed": "2021-05-13T06:00:30.809613Z"
            },
            {
                "architecture": "arm64",
                "features": "",
                "variant": "v8",
                "digest": "sha256:70d29ddf5b52cb5baa2c797631a3fbf39d82e019a6e23bf01b205b022f01fe94",
                "os": "linux",
                "os_features": "",
                "os_version": null,
                "size": 92932782,
                "status": "active",
                "last_pulled": "2024-01-19T16:13:26.329507Z",
                "last_pushed": "2021-05-27T18:00:31.949695Z"
            }
        ],
        "last_updated": "2021-05-27T18:00:39.043312Z",
        "last_updater": 1156886,
        "last_updater_username": "doijanky",
        "name": "3.6.2",
        "repository": 912207,
        "full_size": 95316782,
        "v2": true,
        "tag_status": "active",
        "tag_last_pulled": "2024-01-20T07:15:41.282563Z",
        "tag_last_pushed": "2021-05-27T18:00:39.043312Z",
        "media_type": "application/vnd.docker.distribution.manifest.list.v2+json",
        "content_type": "image"
    },
    {
        "creator": 1156886,
        "id": 152136913,
        "images": [
            {
                "architecture": "amd64",
                "features": "",
                "variant": null,
                "digest": "sha256:dc945be17c075d2460bb663c854a24be7dc3e58d2e3abfb7c9365cc231d25228",
                "os": "linux",
                "os_features": "",
                "os_version": null,
                "size": 97257563,
                "status": "active",
                "last_pulled": "2024-01-20T07:27:15.881989Z",
                "last_pushed": "2022-08-03T07:48:21.41072Z"
            },
            {
                "architecture": "arm64",
                "features": "",
                "variant": "v8",
                "digest": "sha256:c9b3b50c35e51208e672bc7f23d881b100ba68bdba227f56f3a5635fc3845aac",
                "os": "linux",
                "os_features": "",
                "os_version": null,
                "size": 94938055,
                "status": "active",
                "last_pulled": "2024-01-19T21:32:55.733904Z",
                "last_pushed": "2022-10-26T18:44:10.5013Z"
            }
        ],
        "last_updated": "2022-10-26T18:44:25.287555Z",
        "last_updater": 1156886,
        "last_updater_username": "doijanky",
        "name": "3.6.3",
        "repository": 912207,
        "full_size": 97257563,
        "v2": true,
        "tag_status": "active",
        "tag_last_pulled": "2024-01-20T07:27:15.881989Z",
        "tag_last_pushed": "2022-10-26T18:44:25.287555Z",
        "media_type": "application/vnd.docker.distribution.manifest.list.v2+json",
        "content_type": "image",
        "digest": "sha256:3f8e9df4475404f9a77e81666dbf9d8bfc3a264ebea3694a0aef993760f8e91b"
    },
    {
        "creator": 1156886,
        "id": 271415308,
        "images": [
            {
                "architecture": "amd64",
                "features": "",
                "variant": null,
                "digest": "sha256:5ee339bda76cc3d6d83527cdce3f819c586b1588157c1ad14513d89ab6cdbdab",
                "os": "linux",
                "os_features": "",
                "os_version": null,
                "size": 106566424,
                "status": "active",
                "last_pulled": "2024-01-20T06:29:09.808262Z",
                "last_pushed": "2022-12-09T07:50:20.992016Z"
            },
            {
                "architecture": "arm64",
                "features": "",
                "variant": "v8",
                "digest": "sha256:d93572d9220ca47dcb26a8507878bf7b473e8b55c12e4fe7470e18793b64b0e2",
                "os": "linux",
                "os_features": "",
                "os_version": null,
                "size": 102712676,
                "status": "active",
                "last_pulled": "2024-01-19T14:36:25.080013Z",
                "last_pushed": "2022-12-09T08:11:30.918859Z"
            }
        ],
        "last_updated": "2022-12-09T08:11:37.089163Z",
        "last_updater": 1156886,
        "last_updater_username": "doijanky",
        "name": "3.6.3-temurin",
        "repository": 912207,
        "full_size": 106566424,
        "v2": true,
        "tag_status": "active",
        "tag_last_pulled": "2024-01-20T07:08:17.598737Z",
        "tag_last_pushed": "2022-12-09T08:11:37.089163Z",
        "media_type": "application/vnd.docker.distribution.manifest.list.v2+json",
        "content_type": "image",
        "digest": "sha256:ad5bd6ebf893491df54775731b8f97377b0e427b8c219bbd1ee686ff6a08ea02"
    },
    {
        "creator": 1156886,
        "id": 144285730,
        "images": [
            {
                "architecture": "amd64",
                "features": "",
                "variant": null,
                "digest": "sha256:d33adde3fb52aecddefe47aba950ed882c6c3d2dcc7bd1785b516d0448a781f9",
                "os": "linux",
                "os_features": "",
                "os_version": null,
                "size": 98680576,
                "status": "active",
                "last_pulled": "2024-01-20T07:53:22.875059Z",
                "last_pushed": "2022-05-28T22:55:40.012205Z"
            },
            {
                "architecture": "arm64",
                "features": "",
                "variant": "v8",
                "digest": "sha256:a0338805708d3fa0c3b880080a77c8de065abdd45e6b3a6a26e939f97dea3a67",
                "os": "linux",
                "os_features": "",
                "os_version": null,
                "size": 95940639,
                "status": "active",
                "last_pulled": "2024-01-20T07:01:12.120251Z",
                "last_pushed": "2022-05-28T19:55:16.932195Z"
            }
        ],
        "last_updated": "2022-05-28T22:55:45.043879Z",
        "last_updater": 1156886,
        "last_updater_username": "doijanky",
        "name": "3.7.0",
        "repository": 912207,
        "full_size": 98680576,
        "v2": true,
        "tag_status": "active",
        "tag_last_pulled": "2024-01-20T07:53:22.875059Z",
        "tag_last_pushed": "2022-05-28T22:55:45.043879Z",
        "media_type": "application/vnd.docker.distribution.manifest.list.v2+json",
        "content_type": "image"
    },
    {
        "creator": 1156886,
        "id": 226979481,
        "images": [
            {
                "architecture": "amd64",
                "features": "",
                "variant": null,
                "digest": "sha256:6de7c18c1c851a6ef84a18a909b9f1c919341309abbb58402d493ae621e5ae98",
                "os": "linux",
                "os_features": "",
                "os_version": null,
                "size": 97374056,
                "status": "active",
                "last_pulled": "2024-01-20T07:22:09.677876Z",
                "last_pushed": "2022-08-03T07:48:32.439716Z"
            },
            {
                "architecture": "arm64",
                "features": "",
                "variant": "v8",
                "digest": "sha256:6e6f426709bd1a326885eb3144ecf9a75316684dd3c93cacc15249839d47f318",
                "os": "linux",
                "os_features": "",
                "os_version": null,
                "size": 95054548,
                "status": "active",
                "last_pulled": "2024-01-20T05:11:04.059372Z",
                "last_pushed": "2022-10-26T18:44:34.12769Z"
            }
        ],
        "last_updated": "2022-10-26T18:44:46.94364Z",
        "last_updater": 1156886,
        "last_updater_username": "doijanky",
        "name": "3.7.1",
        "repository": 912207,
        "full_size": 97374056,
        "v2": true,
        "tag_status": "active",
        "tag_last_pulled": "2024-01-20T08:03:08.963039Z",
        "tag_last_pushed": "2022-10-26T18:44:46.94364Z",
        "media_type": "application/vnd.docker.distribution.manifest.list.v2+json",
        "content_type": "image",
        "digest": "sha256:dd834732be44c365f5fdb40a10144abdf73608aa5d0831cf160dbc17ccf5bfd0"
    },
    {
        "creator": 1156886,
        "id": 198606043,
        "images": [
            {
                "architecture": "amd64",
                "features": "",
                "variant": null,
                "digest": "sha256:a272e4296c7b67ed37132eae95f8bbf3d81d8573fe92b5f08a57305f8d114174",
                "os": "linux",
                "os_features": "",
                "os_version": null,
                "size": 98055668,
                "status": "active",
                "last_pulled": "2024-01-20T07:30:14.515157Z",
                "last_pushed": "2022-08-03T07:48:43.730233Z"
            },
            {
                "architecture": "arm64",
                "features": "",
                "variant": "v8",
                "digest": "sha256:f1aaf573b4e6559dfad8ae565ae65253be973b8c4cd0fc8ad8ac4dab80ca505a",
                "os": "linux",
                "os_features": "",
                "os_version": null,
                "size": 95736185,
                "status": "active",
                "last_pulled": "2024-01-20T07:43:08.605761Z",
                "last_pushed": "2022-10-26T18:44:57.449117Z"
            }
        ],
        "last_updated": "2022-10-26T18:45:12.030113Z",
        "last_updater": 1156886,
        "last_updater_username": "doijanky",
        "name": "3.8.0",
        "repository": 912207,
        "full_size": 98055668,
        "v2": true,
        "tag_status": "active",
        "tag_last_pulled": "2024-01-20T08:02:44.37922Z",
        "tag_last_pushed": "2022-10-26T18:45:12.030113Z",
        "media_type": "application/vnd.docker.distribution.manifest.list.v2+json",
        "content_type": "image",
        "digest": "sha256:907227c11e8ad438abc3d8d8c545d006862274a2014756f3eb61c20eb80a33b0"
    }
]