[
    {
        "creator": 1156886,
        "id": 27795185,
        "images": [
            {
                "architecture": "arm64",
                "features": "",
                "variant": "v8",
                "digest": "sha256:674b29feb02ce341ea9f4e5af39ad5b3cbdd8a6d573f4a6e65ee9e4302fbafdf",
                "os": "linux",
                "os_features": "",
                "os_version": null,
                "size": 132258467,
                "status": "active",
                "last_pulled": "2024-01-11T23:29:16.824741Z",
                "last_pushed": null
            },
            {
                "architecture": "amd64",
                "features": "",
                "variant": null,
                "digest": "sha256:84abe3aa6d46fad9f34e2c6d691e1a99cfe562d560e0e5a4128f33ff9956263a",
                "os": "linux",
                "os_features": "",
                "os_version": null,
                "size": 145869500,
                "status": "active",
                "last_pulled": "2024-01-19T08:19:34.40715Z",
                "last_pushed": null
            }
        ],
        "last_updated": "2019-06-01T05:42:51.968041Z",
        "last_updater": 1156886,
        "last_updater_username": "doijanky",
        "name": "1.10",
        "repository": 634771,
        "full_size": 145869500,
        "v2": true,
        "tag_status": "active",
        "tag_last_pulled": "2024-01-19T08:19:34.40715Z",
        "tag_last_pushed": "2019-06-01T05:42:51.968041Z",
        "media_type": "application/vnd.docker.distribution.manifest.list.v2+json",
        "content_type": "image"
    },
    {
        "creator": 1156886,
        "id": 27795190,
        "images": [
            {
                "architecture": "amd64",
                "features": "",
                "variant": null,
                "digest": "sha256:84abe3aa6d46fad9f34e2c6d691e1a99cfe562d560e0e5a4128f33ff9956263a",
                "os": "linux",
                "os_features": "",
                "os_version": null,
                "size": 145869500,
                "status": "active",
                "last_pulled": "2024-01-19T08:19:34.40715Z",
                "last_pushed": null
            },
            {
                "architecture": "arm64",
                "features": "",
                "variant": "v8",
                "digest": "sha256:674b29feb02ce341ea9f4e5af39ad5b3cbdd8a6d573f4a6e65ee9e4302fbafdf",
                "os": "linux",
                "os_features": "",
                "os_version": null,
                "size": 132258467,
                "status": "active",
                "last_pulled": "2024-01-11T23:29:16.824741Z",
                "last_pushed": null
            }
        ],
        "last_updated": "2019-06-01T05:42:54.830013Z",
        "last_updater": 1156886,
        "last_updater_username": "doijanky",
        "name": "1.10-apache",
        "repository": 634771,
        "full_size": 145869500,
        "v2": true,
        "tag_status": "active",
        "tag_last_pulled": "2024-01-19T08:19:34.40715Z",
        "tag_last_pushed": "2019-06-01T05:42:54.830013Z",
        "media_type": "application/vnd.docker.distribution.manifest.list.v2+json",
        "content_type": "image"
    },
    {
        "creator": 1156886,
        "id": 27795204,
        "images": [
            {
                "architecture": "amd64",
                "features": "",
                "variant": null,
                "digest": "sha256:8ed90e0ba5a89e865ff041fff5b51d816b55d17b56470328e238e865289d6988",
                "os": "linux",
                "os_features": "",
                "os_version": null,
                "size": 141904786,
                "status": "active",
                "last_pulled": "2024-01-19T08:19:52.451091Z",
                "last_pushed": null
            },
            {
                "architecture": "arm64",
                "features": "",
                "variant": "v8",
                "digest": "sha256:6b56f342405addc3342c7046849a17df542dab348bfe1a9cf18f917b115a0236",
                "os": "linux",
                "os_features": "",
                "os_version": null,
                "size": 128524511,
                "status": "active",
                "last_pulled": "2024-01-11T23:29:23.122669Z",
                "last_pushed": null
            }
        ],
        "last_updated": "2019-06-01T05:42:58.097998Z",
        "last_updater": 1156886,
        "last_updater_username": "doijanky",
        "name": "1.10-fpm",
        "repository": 634771,
        "full_size": 141904786,
        "v2": true,
        "tag_status": "active",
        "tag_last_pulled": "2024-01-19T08:19:52.451091Z",
        "tag_last_pushed": "2019-06-01T05:42:58.097998Z",
        "media_type": "application/vnd.docker.distribution.manifest.list.v2+json",
        "content_type": "image"
    },
    {
        "creator": 1156886,
        "id": 27795184,
        "images": [
            {
                "architecture": "amd64",
                "features": "",
                "variant": null,
                "digest": "sha256:15fe84e90758e0554015cc27462511349d5aa03258a434f695a23bcb9f87c07a",
                "os": "linux",
                "os_features": "",
                "os_version": null,
                "size": 171451878,
                "status": "inactive",
                "last_pulled": null,
                "last_pushed": null
            }
        ],
        "last_updated": "2018-05-22T15:42:42.050254Z",
        "last_updater": 1156886,
        "last_updater_username": "doijanky",
        "name": "1.10.0",
        "repository": 634771,
        "full_size": 171451878,
        "v2": true,
        "tag_status": "inactive",
        "tag_last_pulled": null,
        "tag_last_pushed": "2018-05-22T15:42:42.050254Z",
        "media_type": "application/vnd.docker.distribution.manifest.list.v2+json",
        "content_type": "image"
    },
    {
        "creator": 1156886,
        "id": 27795188,
        "images": [
            {
                "architecture": "amd64",
                "features": "",
                "variant": null,
                "digest": "sha256:15fe84e90758e0554015cc27462511349d5aa03258a434f695a23bcb9f87c07a",
                "os": "linux",
                "os_features": "",
                "os_version": null,
                "size": 171451878,
                "status": "inactive",
                "last_pulled": null,
                "last_pushed": null
            }
        ],
        "last_updated": "2018-05-22T15:42:43.53029Z",
        "last_updater": 1156886,
        "last_updater_username": "doijanky",
        "name": "1.10.0-apache",
        "repository": 634771,
        "full_size": 171451878,
        "v2": true,
        "tag_status": "inactive",
        "tag_last_pulled": null,
        "tag_last_pushed": "2018-05-22T15:42:43.53029Z",
        "media_type": "application/vnd.docker.distribution.manifest.list.v2+json",
        "content_type": "image"
    },
    {
        "creator": 1156886,
        "id": 27795205,
        "images": [
            {
                "architecture": "amd64",
                "features": "",
                "variant": null,
                "digest": "sha256:4a882854aa09f6fc7a85a67ce4083a7f776daf531045124c5ea95964127c7444",
                "os": "linux",
                "os_features": "",
                "os_version": null,
                "size": 167565828,
                "status": "inactive",
                "last_pulled": null,
                "last_pushed": null
            }
        ],
        "last_updated": "2018-05-22T15:42:56.519428Z",
        "last_updater": 1156886,
        "last_updater_username": "doijanky",
        "name": "1.10.0-fpm",
        "repository": 634771,
        "full_size": 167565828,
        "v2": true,
        "tag_status": "inactive",
        "tag_last_pulled": null,
        "tag_last_pushed": "2018-05-22T15:42:56.519428Z",
        "media_type": "application/vnd.docker.distribution.manifest.list.v2+json",
        "content_type": "image"
    },
    {
        "creator": 1156886,
        "id": 28283056,
        "images": [
            {
                "architecture": "amd64",
                "features": "",
                "variant": null,
                "digest": "sha256:84abe3aa6d46fad9f34e2c6d691e1a99cfe562d560e0e5a4128f33ff9956263a",
                "os": "linux",
                "os_features": "",
                "os_version": null,
                "size": 145869500,
                "status": "active",
                "last_pulled": "2024-01-19T08:19:34.40715Z",
                "last_pushed": null
            },
            {
                "architecture": "arm64",
                "features": "",
                "variant": "v8",
                "digest": "sha256:674b29feb02ce341ea9f4e5af39ad5b3cbdd8a6d573f4a6e65ee9e4302fbafdf",
                "os": "linux",
                "os_features": "",
                "os_version": null,
                "size": 132258467,
                "status": "active",
                "last_pulled": "2024-01-11T23:29:16.824741Z",
                "last_pushed": null
            }
        ],
        "last_updated": "2019-06-01T05:43:01.315899Z",
        "last_updater": 1156886,
        "last_updater_username": "doijanky",
        "name": "1.10.1",
        "repository": 634771,
        "full_size": 145869500,
        "v2": true,
        "tag_status": "active",
        "tag_last_pulled": "2024-01-19T08:19:34.40715Z",
        "tag_last_pushed": "2019-06-01T05:43:01.315899Z",
        "media_type": "application/vnd.docker.distribution.manifest.list.v2+json",
        "content_type": "image"
    },
    {
        "creator": 1156886,
        "id": 28283061,
        "images": [
            {
                "architecture": "amd64",
                "features": "",
                "variant": null,
                "digest": "sha256:84abe3aa6d46fad9f34e2c6d691e1a99cfe562d560e0e5a4128f33ff9956263a",
                "os": "linux",
                "os_features": "",
                "os_version": null,
                "size": 145869500,
                "status": "active",
                "last_pulled": "2024-01-19T08:19:34.40715Z",
                "last_pushed": null
            },
            {
                "architecture": "arm64",
                "features": "",
                "variant": "v8",
                "digest": "sha256:674b29feb02ce341ea9f4e5af39ad5b3cbdd8a6d573f4a6e65ee9e4302fbafdf",
                "os": "linux",
                "os_features": "",
                "os_version": null,
                "size": 132258467,
                "status": "active",
                "last_pulled": "2024-01-11T23:29:16.824741Z",
                "last_pushed": null
            }
        ],
        "last_updated": "2019-06-01T05:43:04.265982Z",
        "last_updater": 1156886,
        "last_updater_username": "doijanky",
        "name": "1.10.1-apache",
        "repository": 634771,
        "full_size": 145869500,
        "v2": true,
        "tag_status": "active",
        "tag_last_pulled": "2024-01-19T08:19:34.40715Z",
        "tag_last_pushed": "2019-06-01T05:43:04.265982Z",
        "media_type": "application/vnd.docker.distribution.manifest.list.v2+json",
        "content_type": "image"
    },
    {
        "creator": 1156886,
        "id": 28283074,
        "images": [
            {
                "architecture": "amd64",
                "features": "",
                "variant": null,
                "digest": "sha256:8ed90e0ba5a89e865ff041fff5b51d816b55d17b56470328e238e865289d6988",
                "os": "linux",
                "os_features": "",
                "os_version": null,
                "size": 141904786,
                "status": "active",
                "last_pulled": "2024-01-19T08:19:52.451091Z",
                "last_pushed": null
            },
            {
                "architecture": "arm64",
                "features": "",
                "variant": "v8",
                "digest": "sha256:6b56f342405addc3342c7046849a17df542dab348bfe1a9cf18f917b115a0236",
                "os": "linux",
                "os_features": "",
                "os_version": null,
                "size": 128524511,
                "status": "active",
                "last_pulled": "2024-01-11T23:29:23.122669Z",
                "last_pushed": null
            }
        ],
        "last_updated": "2019-06-01T05:43:07.447481Z",
        "last_updater": 1156886,
        "last_updater_username": "doijanky",
        "name": "1.10.1-fpm",
        "repository": 634771,
        "full_size": 141904786,
        "v2": true,
        "tag_status": "active",
        "tag_last_pulled": "2024-01-19T08:19:52.451091Z",
        "tag_last_pushed": "2019-06-01T05:43:07.447481Z",
        "media_type": "application/vnd.docker.distribution.manifest.list.v2+json",
        "content_type": "image"
    },
    {
        "creator": 1156886,
        "id": 57867678,
        "images": [
            {
                "architecture": "amd64",
                "features": "",
                "variant": null,
                "digest": "sha256:f6865a544c8f3bedb87f47744034ac554d423e92320083358644a0a1a7dcbfd6",
                "os": "linux",
                "os_features": "",
                "os_version": null,
                "size": 160147009,
                "status": "active",
                "last_pulled": "2024-01-19T08:19:59.30037Z",
                "last_pushed": "2020-11-06T03:00:08.982304Z"
            },
            {
                "architecture": "arm64",
                "features": "",
                "variant": "v8",
                "digest": "sha256:9fc85d6605fe029f9f5d031442196cdb4e2e64600269af6ebf7b7be2ca03817f",
                "os": "linux",
                "os_features": "",
                "os_version": null,
                "size": 152155789,
                "status": "active",
                "last_pulled": "2024-01-11T23:28:51.147945Z",
                "last_pushed": "2020-11-05T22:44:47.683928Z"
            }
        ],
        "last_updated": "2020-11-06T03:00:50.121608Z",
        "last_updater": 1156886,
        "last_updater_username": "doijanky",
        "name": "1.13",
        "repository": 634771,
        "full_size": 160147009,
        "v2": true,
        "tag_status": "active",
        "tag_last_pulled": "2024-01-19T08:19:59.30037Z",
        "tag_last_pushed": "2020-11-06T03:00:50.121608Z",
        "media_type": "application/vnd.docker.distribution.manifest.list.v2+json",
        "content_type": "image"
    },
    {
        "creator": 1156886,
        "id": 57867682,
        "images": [
            {
                "architecture": "amd64",
                "features": "",
                "variant": null,
                "digest": "sha256:f6865a544c8f3bedb87f47744034ac554d423e92320083358644a0a1a7dcbfd6",
                "os": "linux",
                "os_features": "",
                "os_version": null,
                "size": 160147009,
                "status": "active",
                "last_pulled": "2024-01-19T08:19:59.30037Z",
                "last_pushed": "2020-11-06T03:00:08.982304Z"
            },
            {
                "architecture": "arm64",
                "features": "",
                "variant": "v8",
                "digest": "sha256:9fc85d6605fe029f9f5d031442196cdb4e2e64600269af6ebf7b7be2ca03817f",
                "os": "linux",
                "os_features": "",
                "os_version": null,
                "size": 152155789,
                "status": "active",
                "last_pulled": "2024-01-11T23:28:51.147945Z",
                "last_pushed": "2020-11-05T22:44:47.683928Z"
            }
        ],
        "last_updated": "2020-11-06T03:00:53.676118Z",
        "last_updater": 1156886,
        "last_updater_username": "doijanky",
        "name": "1.13-apache",
        "repository": 634771,
        "full_size": 160147009,
        "v2": true,
        "tag_status": "active",
        "tag_last_pulled": "2024-01-19T08:19:59.30037Z",
        "tag_last_pushed": "2020-11-06T03:00:53.676118Z",
        "media_type": "application/vnd.docker.distribution.manifest.list.v2+json",
        "content_type": "image"
    },
    {
        "creator": 1156886,
        "id": 57867686,
        "images": [
            {
                "architecture": "arm64",
                "features": "",
                "variant": "v8",
                "digest": "sha256:06cea29b5c8264bf0ca64ab793b170d1f899fe5ec0381ececae4d4b7d48f0c46",
                "os": "linux",
                "os_features": "",
                "os_version": null,
                "size": 148045489,
                "status": "active",
                "last_pulled": "2024-01-11T23:28:54.193312Z",
                "last_pushed": "2020-11-05T22:45:19.451154Z"
            },
            {
                "architecture": "amd64",
                "features": "",
                "variant": null,
                "digest": "sha256:afd8a7f3d610cbaa7a22cec725a0070d68908e6fd38159a4a566e18994985bad",
                "os": "linux",
                "os_features": "",
                "os_version": null,
                "size": 155963916,
                "status": "active",
                "last_pulled": "2024-01-19T08:20:07.829645Z",
                "last_pushed": "2020-11-06T03:00:43.279875Z"
            }
        ],
        "last_updated": "2020-11-06T03:01:04.87356Z",
        "last_updater": 1156886,
        "last_updater_username": "doijanky",
        "name": "1.13-fpm",
        "repository": 634771,
        "full_size": 155963916,
        "v2": true,
        "tag_status": "active",
        "tag_last_pulled": "2024-01-19T08:20:07.829645Z",
        "tag_last_pushed": "2020-11-06T03:01:04.87356Z",
        "media_type": "application/vnd.docker.distribution.manifest.list.v2+json",
        "content_type": "image"
    },
    {
        "creator": 1156886,
        "id": 57867689,
        "images": [
            {
                "architecture": "amd64",
                "features": "",
                "variant": null,
                "digest": "sha256:f6865a544c8f3bedb87f47744034ac554d423e92320083358644a0a1a7dcbfd6",
                "os": "linux",
                "os_features": "",
                "os_version": null,
                "size": 160147009,
                "status": "active",
                "last_pulled": "2024-01-19T08:19:59.30037Z",
                "last_pushed": "2020-11-06T03:00:08.982304Z"
            },
            {
                "architecture": "arm64",
                "features": "",
                "variant": "v8",
                "digest": "sha256:9fc85d6605fe029f9f5d031442196cdb4e2e64600269af6ebf7b7be2ca03817f",
                "os": "linux",
                "os_features": "",
                "os_version": null,
                "size": 152155789,
                "status": "active",
                "last_pulled": "2024-01-11T23:28:51.147945Z",
                "last_pushed": "2020-11-05T22:44:47.683928Z"
            }
        ],
        "last_updated": "2020-11-06T03:01:09.352559Z",
        "last_updater": 1156886,
        "last_updater_username": "doijanky",
        "name": "1.13.2",
        "repository": 634771,
        "full_size": 160147009,
        "v2": true,
        "tag_status": "active",
        "tag_last_pulled": "2024-01-19T08:19:59.30037Z",
        "tag_last_pushed": "2020-11-06T03:01:09.352559Z",
        "media_type": "application/vnd.docker.distribution.manifest.list.v2+json",
        "content_type": "image"
    },
    {
        "creator": 1156886,
        "id": 57867696,
        "images": [
            {
                "architecture": "amd64",
                "features": "",
                "variant": null,
                "digest": "sha256:f6865a544c8f3bedb87f47744034ac554d423e92320083358644a0a1a7dcbfd6",
                "os": "linux",
                "os_features": "",
                "os_version": null,
                "size": 160147009,
                "status": "active",
                "last_pulled": "2024-01-19T08:19:59.30037Z",
                "last_pushed": "2020-11-06T03:00:08.982304Z"
            },
            {
                "architecture": "arm64",
                "features": "",
                "variant": "v8",
                "digest": "sha256:9fc85d6605fe029f9f5d031442196cdb4e2e64600269af6ebf7b7be2ca03817f",
                "os": "linux",
                "os_features": "",
                "os_version": null,
                "size": 152155789,
                "status": "active",
                "last_pulled": "2024-01-11T23:28:51.147945Z",
                "last_pushed": "2020-11-05T22:44:47.683928Z"
            }
        ],
        "last_updated": "2020-11-06T03:01:14.537816Z",
        "last_updater": 1156886,
        "last_updater_username": "doijanky",
        "name": "1.13.2-apache",
        "repository": 634771,
        "full_size": 160147009,
        "v2": true,
        "tag_status": "active",
        "tag_last_pulled": "2024-01-19T08:19:59.30037Z",
        "tag_last_pushed": "2020-11-06T03:01:14.537816Z",
        "media_type": "application/vnd.docker.distribution.manifest.list.v2+json",
        "content_type": "image"
    },
    {
        "creator": 1156886,
        "id": 57867702,
        "images": [
            {
                "architecture": "arm64",
                "features": "",
                "variant": "v8",
                "digest": "sha256:06cea29b5c8264bf0ca64ab793b170d1f899fe5ec0381ececae4d4b7d48f0c46",
                "os": "linux",
                "os_features": "",
                "os_version": null,
                "size": 148045489,
                "status": "active",
                "last_pulled": "2024-01-11T23:28:54.193312Z",
                "last_pushed": "2020-11-05T22:45:19.451154Z"
            },
            {
                "architecture": "amd64",
                "features": "",
                "variant": null,
                "digest": "sha256:afd8a7f3d610cbaa7a22cec725a0070d68908e6fd38159a4a566e18994985bad",
                "os": "linux",
                "os_features": "",
                "os_version": null,
                "size": 155963916,
                "status": "active",
                "last_pulled": "2024-01-19T08:20:07.829645Z",
                "last_pushed": "2020-11-06T03:00:43.279875Z"
            }
        ],
        "last_updated": "2020-11-06T03:01:19.77363Z",
        "last_updater": 1156886,
        "last_updater_username": "doijanky",
        "name": "1.13.2-fpm",
        "repository": 634771,
        "full_size": 155963916,
        "v2": true,
        "tag_status": "active",
        "tag_last_pulled": "2024-01-19T08:20:07.829645Z",
        "tag_last_pushed": "2020-11-06T03:01:19.77363Z",
        "media_type": "application/vnd.docker.distribution.manifest.list.v2+json",
        "content_type": "image"
    },
    {
        "creator": 1156886,
        "id": 126680450,
        "images": [
            {
                "architecture": "amd64",
                "features": "",
                "variant": null,
                "digest": "sha256:03cbf7733413a3238416f31c5adc21583946f4675a984876e708df19f6d1519f",
                "os": "linux",
                "os_features": "",
                "os_version": null,
                "size": 160118329,
                "status": "active",
                "last_pulled": "2024-01-20T03:53:14.689177Z",
                "last_pushed": "2020-12-11T23:11:53.429685Z"
            },
            {
                "architecture": "arm64",
                "features": "",
                "variant": "v8",
                "digest": "sha256:db65f11807f5c8694760cfbb662f6c9f5cb16ef71b7039819c6dae52594e4f27",
                "os": "linux",
                "os_features": "",
                "os_version": null,
                "size": 151936110,
                "status": "active",
                "last_pulled": "2024-01-11T23:28:25.972025Z",
                "last_pushed": "2021-12-15T15:02:23.850557Z"
            }
        ],
        "last_updated": "2021-12-15T15:02:41.105644Z",
        "last_updater": 1156886,
        "last_updater_username": "doijanky",
        "name": "1.17",
        "repository": 634771,
        "full_size": 160118329,
        "v2": true,
        "tag_status": "active",
        "tag_last_pulled": "2024-01-20T03:53:14.689177Z",
        "tag_last_pushed": "2021-12-15T15:02:41.105644Z",
        "media_type": "application/vnd.docker.distribution.manifest.list.v2+json",
        "content_type": "image"
    },
    {
        "creator": 1156886,
        "id": 126680458,
        "images": [
            {
                "architecture": "amd64",
                "features": "",
                "variant": null,
                "digest": "sha256:03cbf7733413a3238416f31c5adc21583946f4675a984876e708df19f6d1519f",
                "os": "linux",
                "os_features": "",
                "os_version": null,
                "size": 160118329,
                "status": "active",
                "last_pulled": "2024-01-20T03:53:14.689177Z",
                "last_pushed": "2020-12-11T23:11:53.429685Z"
            },
            {
                "architecture": "arm64",
                "features": "",
                "variant": "v8",
                "digest": "sha256:db65f11807f5c8694760cfbb662f6c9f5cb16ef71b7039819c6dae52594e4f27",
                "os": "linux",
                "os_features": "",
                "os_version": null,
                "size": 151936110,
                "status": "active",
                "last_pulled": "2024-01-11T23:28:25.972025Z",
                "last_pushed": "2021-12-15T15:02:23.850557Z"
            }
        ],
        "last_updated": "2021-12-15T15:02:44.462136Z",
        "last_updater": 1156886,
        "last_updater_username": "doijanky",
        "name": "1.17-apache",
        "repository": 634771,
        "full_size": 160118329,
        "v2": true,
        "tag_status": "active",
        "tag_last_pulled": "2024-01-20T03:53:14.689177Z",
        "tag_last_pushed": "2021-12-15T15:02:44.462136Z",
        "media_type": "application/vnd.docker.distribution.manifest.list.v2+json",
        "content_type": "image"
    },
    {
        "creator": 1156886,
        "id": 126680477,
        "images": [
            {
                "architecture": "amd64",
                "features": "",
                "variant": null,
                "digest": "sha256:7d4a2a2cbcf4dea069af67b02f6672a788c1b9e070e7537961eff87cad7945ef",
                "os": "linux",
                "os_features": "",
                "os_version": null,
                "size": 156117992,
                "status": "active",
                "last_pulled": "2024-01-19T08:20:21.833627Z",
                "last_pushed": "2020-12-11T23:12:24.443903Z"
            },
            {
                "architecture": "arm64",
                "features": "",
                "variant": "v8",
                "digest": "sha256:720c08d64dbd56c0da70f0f9f4ab6d17ca661a89e518d6a7d0ebb5a3bced010b",
                "os": "linux",
                "os_features": "",
                "os_version": null,
                "size": 148013343,
                "status": "active",
                "last_pulled": "2024-01-11T23:28:32.032438Z",
                "last_pushed": "2021-12-15T15:02:37.347163Z"
            }
        ],
        "last_updated": "2021-12-15T15:02:47.068515Z",
        "last_updater": 1156886,
        "last_updater_username": "doijanky",
        "name": "1.17-fpm",
        "repository": 634771,
        "full_size": 156117992,
        "v2": true,
        "tag_status": "active",
        "tag_last_pulled": "2024-01-19T08:20:21.833627Z",
        "tag_last_pushed": "2021-12-15T15:02:47.068515Z",
        "media_type": "application/vnd.docker.distribution.manifest.list.v2+json",
        "content_type": "image"
    },
    {
        "creator": 1156886,
        "id": 126680491,
        "images": [
            {
                "architecture": "amd64",
                "features": "",
                "variant": null,
                "digest": "sha256:03cbf7733413a3238416f31c5adc21583946f4675a984876e708df19f6d1519f",
                "os": "linux",
                "os_features": "",
                "os_version": null,
                "size": 160118329,
                "status": "active",
                "last_pulled": "2024-01-20T03:53:14.689177Z",
                "last_pushed": "2020-12-11T23:11:53.429685Z"
            },
            {
                "architecture": "arm64",
                "features": "",
                "variant": "v8",
                "digest": "sha256:db65f11807f5c8694760cfbb662f6c9f5cb16ef71b7039819c6dae52594e4f27",
                "os": "linux",
                "os_features": "",
                "os_version": null,
                "size": 151936110,
                "status": "active",
                "last_pulled": "2024-01-11T23:28:25.972025Z",
                "last_pushed": "2021-12-15T15:02:23.850557Z"
            }
        ],
        "last_updated": "2021-12-15T15:02:49.653509Z",
        "last_updater": 1156886,
        "last_updater_username": "doijanky",
        "name": "1.17.3",
        "repository": 634771,
        "full_size": 160118329,
        "v2": true,
        "tag_status": "active",
        "tag_last_pulled": "2024-01-20T03:53:14.689177Z",
        "tag_last_pushed": "2021-12-15T15:02:49.653509Z",
        "media_type": "application/vnd.docker.distribution.manifest.list.v2+json",
        "content_type": "image"
    },
    {
        "creator": 1156886,
        "id": 126680496,
        "images": [
            {
                "architecture": "amd64",
                "features": "",
                "variant": null,
                "digest": "sha256:03cbf7733413a3238416f31c5adc21583946f4675a984876e708df19f6d1519f",
                "os": "linux",
                "os_features": "",
                "os_version": null,
                "size": 160118329,
                "status": "active",
                "last_pulled": "2024-01-20T03:53:14.689177Z",
                "last_pushed": "2020-12-11T23:11:53.429685Z"
            },
            {
                "architecture": "arm64",
                "features": "",
                "variant": "v8",
                "digest": "sha256:db65f11807f5c8694760cfbb662f6c9f5cb16ef71b7039819c6dae52594e4f27",
                "os": "linux",
                "os_features": "",
                "os_version": null,
                "size": 151936110,
                "status": "active",
                "last_pulled": "2024-01-11T23:28:25.972025Z",
                "last_pushed": "2021-12-15T15:02:23.850557Z"
            }
        ],
        "last_updated": "2021-12-15T15:02:52.585813Z",
        "last_updater": 1156886,
        "last_updater_username": "doijanky",
        "name": "1.17.3-apache",
        "repository": 634771,
        "full_size": 160118329,
        "v2": true,
        "tag_status": "active",
        "tag_last_pulled": "2024-01-20T03:53:14.689177Z",
        "tag_last_pushed": "2021-12-15T15:02:52.585813Z",
        "media_type": "application/vnd.docker.distribution.manifest.list.v2+json",
        "content_type": "image"
    },
    {
        "creator": 1156886,
        "id": 126680520,
        "images": [
            {
                "architecture": "arm64",
                "features": "",
                "variant": "v8",
                "digest": "sha256:720c08d64dbd56c0da70f0f9f4ab6d17ca661a89e518d6a7d0ebb5a3bced010b",
                "os": "linux",
                "os_features": "",
                "os_version": null,
                "size": 148013343,
                "status": "active",
                "last_pulled": "2024-01-11T23:28:32.032438Z",
                "last_pushed": "2021-12-15T15:02:37.347163Z"
            },
            {
                "architecture": "amd64",
                "features": "",
                "variant": null,
                "digest": "sha256:7d4a2a2cbcf4dea069af67b02f6672a788c1b9e070e7537961eff87cad7945ef",
                "os": "linux",
                "os_features": "",
                "os_version": null,
                "size": 156117992,
                "status": "active",
                "last_pulled": "2024-01-19T08:20:21.833627Z",
                "last_pushed": "2020-12-11T23:12:24.443903Z"
            }
        ],
        "last_updated": "2021-12-15T15:02:55.05464Z",
        "last_updater": 1156886,
        "last_updater_username": "doijanky",
        "name": "1.17.3-fpm",
        "repository": 634771,
        "full_size": 156117992,
        "v2": true,
        "tag_status": "active",
        "tag_last_pulled": "2024-01-19T08:20:21.833627Z",
        "tag_last_pushed": "2021-12-15T15:02:55.05464Z",
        "media_type": "application/vnd.docker.distribution.manifest.list.v2+json",
        "content_type": "image"
    },
    {
        "creator": 1156886,
        "id": 196700321,
        "images": [
            {
                "architecture": "amd64",
                "features": "",
                "variant": null,
                "digest": "sha256:b0987eb562a73394c2033e5d8a0e3f83cda77e15d044b8a7efdc89b375a71224",
                "os": "linux",
                "os_features": "",
                "os_version": null,
                "size": 174383319,
                "status": "active",
                "last_pulled": "2024-01-19T08:20:28.474671Z",
                "last_pushed": "2022-09-13T18:26:33.443997Z"
            },
            {
                "architecture": "arm64",
                "features": "",
                "variant": "v8",
                "digest": "sha256:4127cdbf7db76573c36d398611edef793103da9ab0265379c752a141021510b1",
                "os": "linux",
                "os_features": "",
                "os_version": null,
                "size": 167365490,
                "status": "active",
                "last_pulled": "2024-01-11T23:27:52.287568Z",
                "last_pushed": "2022-09-13T20:02:10.859194Z"
            }
        ],
        "last_updated": "2022-09-13T20:02:35.733646Z",
        "last_updater": 1156886,
        "last_updater_username": "doijanky",
        "name": "1.21",
        "repository": 634771,
        "full_size": 174383319,
        "v2": true,
        "tag_status": "active",
        "tag_last_pulled": "2024-01-19T08:20:28.474671Z",
        "tag_last_pushed": "2022-09-13T20:02:35.733646Z",
        "media_type": "application/vnd.docker.distribution.manifest.list.v2+json",
        "content_type": "image",
        "digest": "sha256:09a47466615c2a0bbc35b228b713d2c25933409e62586bb5535159f8fa087660"
    },
    {
        "creator": 1156886,
        "id": 196700333,
        "images": [
            {
                "architecture": "amd64",
                "features": "",
                "variant": null,
                "digest": "sha256:b0987eb562a73394c2033e5d8a0e3f83cda77e15d044b8a7efdc89b375a71224",
                "os": "linux",
                "os_features": "",
                "os_version": null,
                "size": 174383319,
                "status": "active",
                "last_pulled": "2024-01-19T08:20:28.474671Z",
                "last_pushed": "2022-09-13T18:26:33.443997Z"
            },
            {
                "architecture": "arm64",
                "features": "",
                "variant": "v8",
                "digest": "sha256:4127cdbf7db76573c36d398611edef793103da9ab0265379c752a141021510b1",
                "os": "linux",
                "os_features": "",
                "os_version": null,
                "size": 167365490,
                "status": "active",
                "last_pulled": "2024-01-11T23:27:52.287568Z",
                "last_pushed": "2022-09-13T20:02:10.859194Z"
            }
        ],
        "last_updated": "2022-09-13T20:02:38.800373Z",
        "last_updater": 1156886,
        "last_updater_username": "doijanky",
        "name": "1.21-apache",
        "repository": 634771,
        "full_size": 174383319,
        "v2": true,
        "tag_status": "active",
        "tag_last_pulled": "2024-01-19T08:20:28.474671Z",
        "tag_last_pushed": "2022-09-13T20:02:38.800373Z",
        "media_type": "application/vnd.docker.distribution.manifest.list.v2+json",
        "content_type": "image",
        "digest": "sha256:09a47466615c2a0bbc35b228b713d2c25933409e62586bb5535159f8fa087660"
    },
    {
        "creator": 1156886,
        "id": 196700352,
        "images": [
            {
                "architecture": "amd64",
                "features": "",
                "variant": null,
                "digest": "sha256:251b9cb368860bb26236b9dfec5b49f2f5dfb0f9ba7b8ba85c950a8448ced0c1",
                "os": "linux",
                "os_features": "",
                "os_version": null,
                "size": 170297473,
                "status": "active",
                "last_pulled": "2024-01-19T08:20:41.377653Z",
                "last_pushed": "2022-09-13T18:26:55.326799Z"
            },
            {
                "architecture": "arm64",
                "features": "",
                "variant": "v8",
                "digest": "sha256:8e22c20c255c0f13e64359e165ae7e99992dfc4e49eb2d5cc48d4d39b99d1ba0",
                "os": "linux",
                "os_features": "",
                "os_version": null,
                "size": 163324056,
                "status": "active",
                "last_pulled": "2024-01-11T23:28:00.404085Z",
                "last_pushed": "2022-09-13T20:02:30.606739Z"
            }
        ],
        "last_updated": "2022-09-13T20:02:41.941446Z",
        "last_updater": 1156886,
        "last_updater_username": "doijanky",
        "name": "1.21-fpm",
        "repository": 634771,
        "full_size": 170297473,
        "v2": true,
        "tag_status": "active",
        "tag_last_pulled": "2024-01-19T08:20:41.377653Z",
        "tag_last_pushed": "2022-09-13T20:02:41.941446Z",
        "media_type": "application/vnd.docker.distribution.manifest.list.v2+json",
        "content_type": "image",
        "digest": "sha256:d6d5d29900c604e102b6e12a69f2855e64167f746e9bde187d286c75b599343d"
    },
    {
        "creator": 1156886,
        "id": 196700367,
        "images": [
            {
                "architecture": "amd64",
                "features": "",
                "variant": null,
                "digest": "sha256:757a318c0ce692dc04dc3747549959051e1f80e68390567bc9f35ba18a36de50",
                "os": "linux",
                "os_features": "",
                "os_version": null,
                "size": 174309883,
                "status": "active",
                "last_pulled": "2024-01-19T08:20:30.846977Z",
                "last_pushed": "2022-03-11T12:11:03.317349Z"
            },
            {
                "architecture": "arm64",
                "features": "",
                "variant": "v8",
                "digest": "sha256:81af37130b0f586cdd0f69eeeb9347645c3a9049bf26937fb6a030d00749e973",
                "os": "linux",
                "os_features": "",
                "os_version": null,
                "size": 167349752,
                "status": "active",
                "last_pulled": "2024-01-11T23:28:19.798317Z",
                "last_pushed": "2022-03-11T10:50:27.327106Z"
            }
        ],
        "last_updated": "2022-03-11T12:11:34.296292Z",
        "last_updater": 1156886,
        "last_updater_username": "doijanky",
        "name": "1.21.3",
        "repository": 634771,
        "full_size": 174309883,
        "v2": true,
        "tag_status": "active",
        "tag_last_pulled": "2024-01-19T08:20:30.846977Z",
        "tag_last_pushed": "2022-03-11T12:11:34.296292Z",
        "media_type": "application/vnd.docker.distribution.manifest.list.v2+json",
        "content_type": "image"
    },
    {
        "creator": 1156886,
        "id": 196700378,
        "images": [
            {
                "architecture": "amd64",
                "features": "",
                "variant": null,
                "digest": "sha256:757a318c0ce692dc04dc3747549959051e1f80e68390567bc9f35ba18a36de50",
                "os": "linux",
                "os_features": "",
                "os_version": null,
                "size": 174309883,
                "status": "active",
                "last_pulled": "2024-01-19T08:20:30.846977Z",
                "last_pushed": "2022-03-11T12:11:03.317349Z"
            },
            {
                "architecture": "arm64",
                "features": "",
                "variant": "v8",
                "digest": "sha256:81af37130b0f586cdd0f69eeeb9347645c3a9049bf26937fb6a030d00749e973",
                "os": "linux",
                "os_features": "",
                "os_version": null,
                "size": 167349752,
                "status": "active",
                "last_pulled": "2024-01-11T23:28:19.798317Z",
                "last_pushed": "2022-03-11T10:50:27.327106Z"
            }
        ],
        "last_updated": "2022-03-11T12:11:36.686186Z",
        "last_updater": 1156886,
        "last_updater_username": "doijanky",
        "name": "1.21.3-apache",
        "repository": 634771,
        "full_size": 174309883,
        "v2": true,
        "tag_status": "active",
        "tag_last_pulled": "2024-01-19T08:20:30.846977Z",
        "tag_last_pushed": "2022-03-11T12:11:36.686186Z",
        "media_type": "application/vnd.docker.distribution.manifest.list.v2+json",
        "content_type": "image"
    },
    {
        "creator": 1156886,
        "id": 196700385,
        "images": [
            {
                "architecture": "amd64",
                "features": "",
                "variant": null,
                "digest": "sha256:74db87216ae6b831700872a6d796d1772935381c1ae32c961610423ebbf265b1",
                "os": "linux",
                "os_features": "",
                "os_version": null,
                "size": 170222940,
                "status": "active",
                "last_pulled": "2024-01-19T08:20:35.141954Z",
                "last_pushed": "2022-03-11T12:11:21.080971Z"
            },
            {
                "architecture": "arm64",
                "features": "",
                "variant": "v8",
                "digest": "sha256:675e161696089649bb1c8a23cd04e6e4f24f2c4d2377b2391563005f51317e96",
                "os": "linux",
                "os_features": "",
                "os_version": null,
                "size": 163318109,
                "status": "active",
                "last_pulled": "2024-01-12T00:03:44.640837Z",
                "last_pushed": "2022-03-11T10:50:44.031352Z"
            }
        ],
        "last_updated": "2022-03-11T12:11:39.331799Z",
        "last_updater": 1156886,
        "last_updater_username": "doijanky",
        "name": "1.21.3-fpm",
        "repository": 634771,
        "full_size": 170222940,
        "v2": true,
        "tag_status": "active",
        "tag_last_pulled": "2024-01-19T08:20:35.141954Z",
        "tag_last_pushed": "2022-03-11T12:11:39.331799Z",
        "media_type": "application/vnd.docker.distribution.manifest.list.v2+json",
        "content_type": "image"
    },
    {
        "creator": 1156886,
        "id": 198040149,
        "images": [
            {
                "architecture": "amd64",
                "features": "",
                "variant": null,
                "digest": "sha256:b0987eb562a73394c2033e5d8a0e3f83cda77e15d044b8a7efdc89b375a71224",
                "os": "linux",
                "os_features": "",
                "os_version": null,
                "size": 174383319,
                "status": "active",
                "last_pulled": "2024-01-19T08:20:28.474671Z",
                "last_pushed": "2022-09-13T18:26:33.443997Z"
            },
            {
                "architecture": "arm64",
                "features": "",
                "variant": "v8",
                "digest": "sha256:4127cdbf7db76573c36d398611edef793103da9ab0265379c752a141021510b1",
                "os": "linux",
                "os_features": "",
                "os_version": null,
                "size": 167365490,
                "status": "active",
                "last_pulled": "2024-01-11T23:27:52.287568Z",
                "last_pushed": "2022-09-13T20:02:10.859194Z"
            }
        ],
        "last_updated": "2022-09-13T20:02:45.115438Z",
        "last_updater": 1156886,
        "last_updater_username": "doijanky",
        "name": "1.21.4",
        "repository": 634771,
        "full_size": 174383319,
        "v2": true,
        "tag_status": "active",
        "tag_last_pulled": "2024-01-19T08:20:28.474671Z",
        "tag_last_pushed": "2022-09-13T20:02:45.115438Z",
        "media_type": "application/vnd.docker.distribution.manifest.list.v2+json",
        "content_type": "image",
        "digest": "sha256:09a47466615c2a0bbc35b228b713d2c25933409e62586bb5535159f8fa087660"
    },
    {
        "creator": 1156886,
        "id": 198040152,
        "images": [
            {
                "architecture": "amd64",
                "features": "",
                "variant": null,
                "digest": "sha256:b0987eb562a73394c2033e5d8a0e3f83cda77e15d044b8a7efdc89b375a71224",
                "os": "linux",
                "os_features": "",
                "os_version": null,
                "size": 174383319,
                "status": "active",
                "last_pulled": "2024-01-19T08:20:28.474671Z",
                "last_pushed": "2022-09-13T18:26:33.443997Z"
            },
            {
                "architecture": "arm64",
                "features": "",
                "variant": "v8",
                "digest": "sha256:4127cdbf7db76573c36d398611edef793103da9ab0265379c752a141021510b1",
                "os": "linux",
                "os_features": "",
                "os_version": null,
                "size": 167365490,
                "status": "active",
                "last_pulled": "2024-01-11T23:27:52.287568Z",
                "last_pushed": "2022-09-13T20:02:10.859194Z"
            }
        ],
        "last_updated": "2022-09-13T20:02:48.207456Z",
        "last_updater": 1156886,
        "last_updater_username": "doijanky",
        "name": "1.21.4-apache",
        "repository": 634771,
        "full_size": 174383319,
        "v2": true,
        "tag_status": "active",
        "tag_last_pulled": "2024-01-19T08:20:28.474671Z",
        "tag_last_pushed": "2022-09-13T20:02:48.207456Z",
        "media_type": "application/vnd.docker.distribution.manifest.list.v2+json",
        "content_type": "image",
        "digest": "sha256:09a47466615c2a0bbc35b228b713d2c25933409e62586bb5535159f8fa087660"
    },
    {
        "creator": 1156886,
        "id": 198040156,
        "images": [
            {
                "architecture": "amd64",
                "features": "",
                "variant": null,
                "digest": "sha256:251b9cb368860bb26236b9dfec5b49f2f5dfb0f9ba7b8ba85c950a8448ced0c1",
                "os": "linux",
                "os_features": "",
                "os_version": null,
                "size": 170297473,
                "status": "active",
                "last_pulled": "2024-01-19T08:20:41.377653Z",
                "last_pushed": "2022-09-13T18:26:55.326799Z"
            },
            {
                "architecture": "arm64",
                "features": "",
                "variant": "v8",
                "digest": "sha256:8e22c20c255c0f13e64359e165ae7e99992dfc4e49eb2d5cc48d4d39b99d1ba0",
                "os": "linux",
                "os_features": "",
                "os_version": null,
                "size": 163324056,
                "status": "active",
                "last_pulled": "2024-01-11T23:28:00.404085Z",
                "last_pushed": "2022-09-13T20:02:30.606739Z"
            }
        ],
        "last_updated": "2022-09-13T20:02:51.008029Z",
        "last_updater": 1156886,
        "last_updater_username": "doijanky",
        "name": "1.21.4-fpm",
        "repository": 634771,
        "full_size": 170297473,
        "v2": true,
        "tag_status": "active",
        "tag_last_pulled": "2024-01-19T08:20:41.377653Z",
        "tag_last_pushed": "2022-09-13T20:02:51.008029Z",
        "media_type": "application/vnd.docker.distribution.manifest.list.v2+json",
        "content_type": "image",
        "digest": "sha256:d6d5d29900c604e102b6e12a69f2855e64167f746e9bde187d286c75b599343d"
    },
    {
        "creator": 1156886,
        "id": 294265645,
        "images": [
            {
                "architecture": "amd64",
                "features": "",
                "variant": null,
                "digest": "sha256:c478b7a203d0d4ee03d2a73068733b10ba1b212175fb464c603f47563ac623dc",
                "os": "linux",
                "os_features": "",
                "os_version": null,
                "size": 174404235,
                "status": "active",
                "last_pulled": "2024-01-19T08:20:49.878222Z",
                "last_pushed": "2022-11-15T08:25:18.013605Z"
            },
            {
                "architecture": "arm64",
                "features": "",
                "variant": "v8",
                "digest": "sha256:6c371e391beabfd6a45059a7c7771ae34202f0b38aeaa5787be83abd93860c60",
                "os": "linux",
                "os_features": "",
                "os_version": null,
                "size": 168035506,
                "status": "active",
                "last_pulled": "2024-01-11T23:27:46.14068Z",
                "last_pushed": "2022-11-15T16:11:54.040883Z"
            }
        ],
        "last_updated": "2022-11-15T16:12:28.183134Z",
        "last_updater": 1156886,
        "last_updater_username": "doijanky",
        "name": "1.23.0",
        "repository": 634771,
        "full_size": 174404235,
        "v2": true,
        "tag_status": "active",
        "tag_last_pulled": "2024-01-19T08:20:49.878222Z",
        "tag_last_pushed": "2022-11-15T16:12:28.183134Z",
        "media_type": "application/vnd.docker.distribution.manifest.list.v2+json",
        "content_type": "image",
        "digest": "sha256:5d7c10b663aba4717bdfcda79af4848482ec8e9b741dede08f8511718b3ed450"
    },
    {
        "creator": 1156886,
        "id": 294265678,
        "images": [
            {
                "architecture": "amd64",
                "features": "",
                "variant": null,
                "digest": "sha256:c478b7a203d0d4ee03d2a73068733b10ba1b212175fb464c603f47563ac623dc",
                "os": "linux",
                "os_features": "",
                "os_version": null,
                "size": 174404235,
                "status": "active",
                "last_pulled": "2024-01-19T08:20:49.878222Z",
                "last_pushed": "2022-11-15T08:25:18.013605Z"
            },
            {
                "architecture": "arm64",
                "features": "",
                "variant": "v8",
                "digest": "sha256:6c371e391beabfd6a45059a7c7771ae34202f0b38aeaa5787be83abd93860c60",
                "os": "linux",
                "os_features": "",
                "os_version": null,
                "size": 168035506,
                "status": "active",
                "last_pulled": "2024-01-11T23:27:46.14068Z",
                "last_pushed": "2022-11-15T16:11:54.040883Z"
            }
        ],
        "last_updated": "2022-11-15T16:12:30.740243Z",
        "last_updater": 1156886,
        "last_updater_username": "doijanky",
        "name": "1.23.0-apache",
        "repository": 634771,
        "full_size": 174404235,
        "v2": true,
        "tag_status": "active",
        "tag_last_pulled": "2024-01-19T08:20:49.878222Z",
        "tag_last_pushed": "2022-11-15T16:12:30.740243Z",
        "media_type": "application/vnd.docker.distribution.manifest.list.v2+json",
        "content_type": "image",
        "digest": "sha256:5d7c10b663aba4717bdfcda79af4848482ec8e9b741dede08f8511718b3ed450"
    },
    {
        "creator": 1156886,
        "id": 294265706,
        "images": [
            {
                "architecture": "amd64",
                "features": "",
                "variant": null,
                "digest": "sha256:6e2932a866365469436fd280c077c1e75a139886ee91b9018a83f5674cc8030a",
                "os": "linux",
                "os_features": "",
                "os_version": null,
                "size": 170316766,
                "status": "active",
                "last_pulled": "2024-01-19T08:20:55.682255Z",
                "last_pushed": "2022-11-15T08:25:37.218869Z"
            },
            {
                "architecture": "arm64",
                "features": "",
                "variant": "v8",
                "digest": "sha256:8f25bca2c6f9252eca269a8dfe7cd2b78f7fa57f13f16b73b6bc5f3251c0b0ee",
                "os": "linux",
                "os_features": "",
                "os_version": null,
                "size": 163991333,
                "status": "active",
                "last_pulled": "2024-01-12T00:03:47.323456Z",
                "last_pushed": "2022-11-15T16:12:14.13423Z"
            }
        ],
        "last_updated": "2022-11-15T16:12:33.976942Z",
        "last_updater": 1156886,
        "last_updater_username": "doijanky",
        "name": "1.23.0-fpm",
        "repository": 634771,
        "full_size": 170316766,
        "v2": true,
        "tag_status": "active",
        "tag_last_pulled": "2024-01-19T08:20:55.682255Z",
        "tag_last_pushed": "2022-11-15T16:12:33.976942Z",
        "media_type": "application/vnd.docker.distribution.manifest.list.v2+json",
        "content_type": "image",
        "digest": "sha256:799452f358f77d1f622483c550ebea442818336ceab64351b274d3ceeb320e6d"
    },
    {
        "creator": 2215,
        "id": 2651219,
        "images": [
            {
                "architecture": "amd64",
                "features": "",
                "variant": null,
                "digest": "sha256:b036c06f1729381a3a497cd0c66d4c5ec5260899f88585a8e05afb08641d9508",
                "os": "linux",
                "os_features": "",
                "os_version": null,
                "size": 176161783,
                "status": "inactive",
                "last_pulled": null,
                "last_pushed": null
            }
        ],
        "last_updated": "2016-09-24T00:06:20.686734Z",
        "last_updater": 621950,
        "last_updater_username": "signer",
        "name": "1.3",
        "repository": 634771,
        "full_size": 176161783,
        "v2": true,
        "tag_status": "inactive",
        "tag_last_pulled": null,
        "tag_last_pushed": "2016-09-24T00:06:20.686734Z",
        "media_type": "application/octet-stream",
        "content_type": "unrecognized"
    },
    {
        "creator": 2215,
        "id": 2651224,
        "images": [
            {
                "architecture": "amd64",
                "features": "",
                "variant": null,
                "digest": "sha256:b036c06f1729381a3a497cd0c66d4c5ec5260899f88585a8e05afb08641d9508",
                "os": "linux",
                "os_features": "",
                "os_version": null,
                "size": 176161783,
                "status": "inactive",
                "last_pulled": null,
                "last_pushed": null
            }
        ],
        "last_updated": "2016-09-24T00:06:49.919334Z",
        "last_updater": 621950,
        "last_updater_username": "signer",
        "name": "1.3-apache",
        "repository": 634771,
        "full_size": 176161783,
        "v2": true,
        "tag_status": "inactive",
        "tag_last_pulled": null,
        "tag_last_pushed": "2016-09-24T00:06:49.919334Z",
        "media_type": "application/octet-stream",
        "content_type": "unrecognized"
    },
    {
        "creator": 2215,
        "id": 2651236,
        "images": [
            {
                "architecture": "amd64",
                "features": "",
                "variant": null,
                "digest": "sha256:f13c1c4a97ba6793d1394d9894c4b254064ac7bc294d1f1634fddfe2ef821b9e",
                "os": "linux",
                "os_features": "",
                "os_version": null,
                "size": 166223294,
                "status": "inactive",
                "last_pulled": null,
                "last_pushed": null
            }
        ],
        "last_updated": "2016-09-24T00:09:07.883805Z",
        "last_updater": 621950,
        "last_updater_username": "signer",
        "name": "1.3-fpm",
        "repository": 634771,
        "full_size": 166223294,
        "v2": true,
        "tag_status": "inactive",
        "tag_last_pulled": null,
        "tag_last_pushed": "2016-09-24T00:09:07.883805Z",
        "media_type": "application/octet-stream",
        "content_type": "unrecognized"
    },
    {
        "creator": 2215,
        "id": 2651217,
        "images": [
            {
                "architecture": "amd64",
                "features": "",
                "variant": null,
                "digest": "sha256:b036c06f1729381a3a497cd0c66d4c5ec5260899f88585a8e05afb08641d9508",
                "os": "linux",
                "os_features": "",
                "os_version": null,
                "size": 176161783,
                "status": "inactive",
                "last_pulled": null,
                "last_pushed": null
            }
        ],
        "last_updated": "2016-09-24T00:06:15.197327Z",
        "last_updater": 621950,
        "last_updater_username": "signer",
        "name": "1.3.4",
        "repository": 634771,
        "full_size": 176161783,
        "v2": true,
        "tag_status": "inactive",
        "tag_last_pulled": null,
        "tag_last_pushed": "2016-09-24T00:06:15.197327Z",
        "media_type": "application/octet-stream",
        "content_type": "unrecognized"
    },
    {
        "creator": 2215,
        "id": 2651222,
        "images": [
            {
                "architecture": "amd64",
                "features": "",
                "variant": null,
                "digest": "sha256:b036c06f1729381a3a497cd0c66d4c5ec5260899f88585a8e05afb08641d9508",
                "os": "linux",
                "os_features": "",
                "os_version": null,
                "size": 176161783,
                "status": "inactive",
                "last_pulled": null,
                "last_pushed": null
            }
        ],
        "last_updated": "2016-09-24T00:06:40.070572Z",
        "last_updater": 621950,
        "last_updater_username": "signer",
        "name": "1.3.4-apache",
        "repository": 634771,
        "full_size": 176161783,
        "v2": true,
        "tag_status": "inactive",
        "tag_last_pulled": null,
        "tag_last_pushed": "2016-09-24T00:06:40.070572Z",
        "media_type": "application/octet-stream",
        "content_type": "unrecognized"
    },
    {
        "creator": 2215,
        "id": 2651235,
        "images": [
            {
                "architecture": "amd64",
                "features": "",
                "variant": null,
                "digest": "sha256:f13c1c4a97ba6793d1394d9894c4b254064ac7bc294d1f1634fddfe2ef821b9e",
                "os": "linux",
                "os_features": "",
                "os_version": null,
                "size": 166223294,
                "status": "inactive",
                "last_pulled": null,
                "last_pushed": null
            }
        ],
        "last_updated": "2016-09-24T00:09:04.513858Z",
        "last_updater": 621950,
        "last_updater_username": "signer",
        "name": "1.3.4-fpm",
        "repository": 634771,
        "full_size": 166223294,
        "v2": true,
        "tag_status": "inactive",
        "tag_last_pulled": null,
        "tag_last_pushed": "2016-09-24T00:09:04.513858Z",
        "media_type": "application/octet-stream",
        "content_type": "unrecognized"
    },
    {
        "creator": 621950,
        "id": 5077391,
        "images": [
            {
                "architecture": "amd64",
                "features": "",
                "variant": null,
                "digest": "sha256:ef5a368b579532d2fdf4b2bce82322f64ac8063c4988131c988879ec15396bff",
                "os": "linux",
                "os_features": "",
                "os_version": null,
                "size": 170287412,
                "status": "inactive",
                "last_pulled": null,
                "last_pushed": null
            }
        ],
        "last_updated": "2017-01-30T14:56:13.316135Z",
        "last_updater": 2215,
        "last_updater_username": "stackbrew",
        "name": "1.5",
        "repository": 634771,
        "full_size": 170287412,
        "v2": true,
        "tag_status": "inactive",
        "tag_last_pulled": null,
        "tag_last_pushed": "2017-01-30T14:56:13.316135Z",
        "media_type": "application/vnd.docker.container.image.v1+json",
        "content_type": "image"
    },
    {
        "creator": 621950,
        "id": 5077406,
        "images": [
            {
                "architecture": "amd64",
                "features": "",
                "variant": null,
                "digest": "sha256:ef5a368b579532d2fdf4b2bce82322f64ac8063c4988131c988879ec15396bff",
                "os": "linux",
                "os_features": "",
                "os_version": null,
                "size": 170287412,
                "status": "inactive",
                "last_pulled": null,
                "last_pushed": null
            }
        ],
        "last_updated": "2017-01-30T14:56:58.965982Z",
        "last_updater": 2215,
        "last_updater_username": "stackbrew",
        "name": "1.5-apache",
        "repository": 634771,
        "full_size": 170287412,
        "v2": true,
        "tag_status": "inactive",
        "tag_last_pulled": null,
        "tag_last_pushed": "2017-01-30T14:56:58.965982Z",
        "media_type": "application/vnd.docker.container.image.v1+json",
        "content_type": "image"
    },
    {
        "creator": 621950,
        "id": 5077439,
        "images": [
            {
                "architecture": "amd64",
                "features": "",
                "variant": null,
                "digest": "sha256:d80bd497c1c4c02e8fc883fff0b8a79e6027194a55b15d3a5b411a68ff8641eb",
                "os": "linux",
                "os_features": "",
                "os_version": null,
                "size": 165258954,
                "status": "inactive",
                "last_pulled": null,
                "last_pushed": null
            }
        ],
        "last_updated": "2017-01-30T14:58:15.165276Z",
        "last_updater": 2215,
        "last_updater_username": "stackbrew",
        "name": "1.5-fpm",
        "repository": 634771,
        "full_size": 165258954,
        "v2": true,
        "tag_status": "inactive",
        "tag_last_pulled": null,
        "tag_last_pushed": "2017-01-30T14:58:15.165276Z",
        "media_type": "application/vnd.docker.container.image.v1+json",
        "content_type": "image"
    },
    {
        "creator": 621950,
        "id": 5077386,
        "images": [
            {
                "architecture": "amd64",
                "features": "",
                "variant": null,
                "digest": "sha256:d58a152c9b3887309843ab36fef26076db7e9c32eccecb79810c0dadaea2e912",
                "os": "linux",
                "os_features": "",
                "os_version": null,
                "size": 176608790,
                "status": "inactive",
                "last_pulled": null,
                "last_pushed": null
            }
        ],
        "last_updated": "2016-10-22T02:30:59.099276Z",
        "last_updater": 621950,
        "last_updater_username": "signer",
        "name": "1.5.0",
        "repository": 634771,
        "full_size": 176608790,
        "v2": true,
        "tag_status": "inactive",
        "tag_last_pulled": null,
        "tag_last_pushed": "2016-10-22T02:30:59.099276Z",
        "media_type": "application/vnd.docker.container.image.v1+json",
        "content_type": "image"
    },
    {
        "creator": 621950,
        "id": 5077398,
        "images": [
            {
                "architecture": "amd64",
                "features": "",
                "variant": null,
                "digest": "sha256:ef5a368b579532d2fdf4b2bce82322f64ac8063c4988131c988879ec15396bff",
                "os": "linux",
                "os_features": "",
                "os_version": null,
                "size": 170287412,
                "status": "inactive",
                "last_pulled": null,
                "last_pushed": null
            }
        ],
        "last_updated": "2017-01-30T14:56:43.691656Z",
        "last_updater": 2215,
        "last_updater_username": "stackbrew",
        "name": "1.5.0-apache",
        "repository": 634771,
        "full_size": 170287412,
        "v2": true,
        "tag_status": "inactive",
        "tag_last_pulled": null,
        "tag_last_pushed": "2017-01-30T14:56:43.691656Z",
        "media_type": "application/vnd.docker.container.image.v1+json",
        "content_type": "image"
    },
    {
        "creator": 621950,
        "id": 5077433,
        "images": [
            {
                "architecture": "amd64",
                "features": "",
                "variant": null,
                "digest": "sha256:3444981dfb2cd743eb6351d353f9a8f38742255982f05bb34a5afb433c82ee6b",
                "os": "linux",
                "os_features": "",
                "os_version": null,
                "size": 166647725,
                "status": "inactive",
                "last_pulled": null,
                "last_pushed": null
            }
        ],
        "last_updated": "2016-10-22T02:34:02.179317Z",
        "last_updater": 621950,
        "last_updater_username": "signer",
        "name": "1.5.0-fpm",
        "repository": 634771,
        "full_size": 166647725,
        "v2": true,
        "tag_status": "inactive",
        "tag_last_pulled": null,
        "tag_last_pushed": "2016-10-22T02:34:02.179317Z",
        "media_type": "application/vnd.docker.container.image.v1+json",
        "content_type": "image"
    },
    {
        "creator": 621950,
        "id": 5807992,
        "images": [
            {
                "architecture": "amd64",
                "features": "",
                "variant": null,
                "digest": "sha256:936ad4570b4e5656d923a581108203c7fdd1e482ee3619e94deb98600ba8859d",
                "os": "linux",
                "os_features": "",
                "os_version": null,
                "size": 176619975,
                "status": "inactive",
                "last_pulled": null,
                "last_pushed": null
            }
        ],
        "last_updated": "2016-11-15T17:30:26.884136Z",
        "last_updater": 621950,
        "last_updater_username": "signer",
        "name": "1.5.1",
        "repository": 634771,
        "full_size": 176619975,
        "v2": true,
        "tag_status": "inactive",
        "tag_last_pulled": null,
        "tag_last_pushed": "2016-11-15T17:30:26.884136Z",
        "media_type": "application/vnd.docker.container.image.v1+json",
        "content_type": "image"
    },
    {
        "creator": 621950,
        "id": 5808047,
        "images": [
            {
                "architecture": "amd64",
                "features": "",
                "variant": null,
                "digest": "sha256:39422d5c483dd25f3267aaf29e836a669c7b4934ed26c50706ad9c3cba42dd5e",
                "os": "linux",
                "os_features": "",
                "os_version": null,
                "size": 166654108,
                "status": "inactive",
                "last_pulled": null,
                "last_pushed": null
            }
        ],
        "last_updated": "2016-11-15T17:33:57.953004Z",
        "last_updater": 621950,
        "last_updater_username": "signer",
        "name": "1.5.1-fpm",
        "repository": 634771,
        "full_size": 166654108,
        "v2": true,
        "tag_status": "inactive",
        "tag_last_pulled": null,
        "tag_last_pushed": "2016-11-15T17:33:57.953004Z",
        "media_type": "application/vnd.docker.container.image.v1+json",
        "content_type": "image"
    },
    {
        "creator": 621950,
        "id": 6181533,
        "images": [
            {
                "architecture": "amd64",
                "features": "",
                "variant": null,
                "digest": "sha256:ef5a368b579532d2fdf4b2bce82322f64ac8063c4988131c988879ec15396bff",
                "os": "linux",
                "os_features": "",
                "os_version": null,
                "size": 170287412,
                "status": "inactive",
                "last_pulled": null,
                "last_pushed": null
            }
        ],
        "last_updated": "2017-01-30T14:55:58.084092Z",
        "last_updater": 2215,
        "last_updater_username": "stackbrew",
        "name": "1.5.2",
        "repository": 634771,
        "full_size": 170287412,
        "v2": true,
        "tag_status": "inactive",
        "tag_last_pulled": null,
        "tag_last_pushed": "2017-01-30T14:55:58.084092Z",
        "media_type": "application/vnd.docker.container.image.v1+json",
        "content_type": "image"
    },
    {
        "creator": 621950,
        "id": 6181600,
        "images": [
            {
                "architecture": "amd64",
                "features": "",
                "variant": null,
                "digest": "sha256:d80bd497c1c4c02e8fc883fff0b8a79e6027194a55b15d3a5b411a68ff8641eb",
                "os": "linux",
                "os_features": "",
                "os_version": null,
                "size": 165258954,
                "status": "inactive",
                "last_pulled": null,
                "last_pushed": null
            }
        ],
        "last_updated": "2017-01-30T14:58:00.251256Z",
        "last_updater": 2215,
        "last_updater_username": "stackbrew",
        "name": "1.5.2-fpm",
        "repository": 634771,
        "full_size": 165258954,
        "v2": true,
        "tag_status": "inactive",
        "tag_last_pulled": null,
        "tag_last_pushed": "2017-01-30T14:58:00.251256Z",
        "media_type": "application/vnd.docker.container.image.v1+json",
        "content_type": "image"
    },
    {
        "creator": 2215,
        "id": 8137099,
        "images": [
            {
                "architecture": "amd64",
                "features": "",
                "variant": null,
                "digest": "sha256:410fdedfc1e1a90342db37a9328ea73309ff6e427cdd67d302761e7adc8ebfe0",
                "os": "linux",
                "os_features": "",
                "os_version": null,
                "size": 174831811,
                "status": "inactive",
                "last_pulled": null,
                "last_pushed": null
            }
        ],
        "last_updated": "2017-06-14T07:05:42.070348Z",
        "last_updater": 2215,
        "last_updater_username": "stackbrew",
        "name": "1.6",
        "repository": 634771,
        "full_size": 174831811,
        "v2": true,
        "tag_status": "inactive",
        "tag_last_pulled": null,
        "tag_last_pushed": "2017-06-14T07:05:42.070348Z",
        "media_type": "application/vnd.docker.container.image.v1+json",
        "content_type": "image"
    },
    {
        "creator": 2215,
        "id": 8137117,
        "images": [
            {
                "architecture": "amd64",
                "features": "",
                "variant": null,
                "digest": "sha256:410fdedfc1e1a90342db37a9328ea73309ff6e427cdd67d302761e7adc8ebfe0",
                "os": "linux",
                "os_features": "",
                "os_version": null,
                "size": 174831811,
                "status": "inactive",
                "last_pulled": null,
                "last_pushed": null
            }
        ],
        "last_updated": "2017-06-14T07:07:56.807225Z",
        "last_updater": 2215,
        "last_updater_username": "stackbrew",
        "name": "1.6-apache",
        "repository": 634771,
        "full_size": 174831811,
        "v2": true,
        "tag_status": "inactive",
        "tag_last_pulled": null,
        "tag_last_pushed": "2017-06-14T07:07:56.807225Z",
        "media_type": "application/vnd.docker.container.image.v1+json",
        "content_type": "image"
    },
    {
        "creator": 2215,
        "id": 8137144,
        "images": [
            {
                "architecture": "amd64",
                "features": "",
                "variant": null,
                "digest": "sha256:50bdc5b90e096a4b1e3700860485fdfa7b77db772e1840d28202d82e0c432dd7",
                "os": "linux",
                "os_features": "",
                "os_version": null,
                "size": 171464271,
                "status": "inactive",
                "last_pulled": null,
                "last_pushed": null
            }
        ],
        "last_updated": "2017-06-14T07:11:41.692553Z",
        "last_updater": 2215,
        "last_updater_username": "stackbrew",
        "name": "1.6-fpm",
        "repository": 634771,
        "full_size": 171464271,
        "v2": true,
        "tag_status": "inactive",
        "tag_last_pulled": null,
        "tag_last_pushed": "2017-06-14T07:11:41.692553Z",
        "media_type": "application/vnd.docker.container.image.v1+json",
        "content_type": "image"
    },
    {
        "creator": 2215,
        "id": 8137096,
        "images": [
            {
                "architecture": "amd64",
                "features": "",
                "variant": null,
                "digest": "sha256:8c680e1b8654a729b20710dd790b6c843e7605a04f072a31aa8f549c94d7e0f4",
                "os": "linux",
                "os_features": "",
                "os_version": null,
                "size": 168835090,
                "status": "inactive",
                "last_pulled": null,
                "last_pushed": null
            }
        ],
        "last_updated": "2017-03-20T17:42:09.798511Z",
        "last_updater": 2215,
        "last_updater_username": "stackbrew",
        "name": "1.6.1",
        "repository": 634771,
        "full_size": 168835090,
        "v2": true,
        "tag_status": "inactive",
        "tag_last_pulled": null,
        "tag_last_pushed": "2017-03-20T17:42:09.798511Z",
        "media_type": "application/vnd.docker.container.image.v1+json",
        "content_type": "image"
    },
    {
        "creator": 2215,
        "id": 8137109,
        "images": [
            {
                "architecture": "amd64",
                "features": "",
                "variant": null,
                "digest": "sha256:410fdedfc1e1a90342db37a9328ea73309ff6e427cdd67d302761e7adc8ebfe0",
                "os": "linux",
                "os_features": "",
                "os_version": null,
                "size": 174831811,
                "status": "inactive",
                "last_pulled": null,
                "last_pushed": null
            }
        ],
        "last_updated": "2017-06-14T07:07:12.139998Z",
        "last_updater": 2215,
        "last_updater_username": "stackbrew",
        "name": "1.6.1-apache",
        "repository": 634771,
        "full_size": 174831811,
        "v2": true,
        "tag_status": "inactive",
        "tag_last_pulled": null,
        "tag_last_pushed": "2017-06-14T07:07:12.139998Z",
        "media_type": "application/vnd.docker.container.image.v1+json",
        "content_type": "image"
    },
    {
        "creator": 2215,
        "id": 8137140,
        "images": [
            {
                "architecture": "amd64",
                "features": "",
                "variant": null,
                "digest": "sha256:e07db2b278b36e08d885222b6280cbeee0b0128d932f9bb4cf2a3c91ef1acf13",
                "os": "linux",
                "os_features": "",
                "os_version": null,
                "size": 165453993,
                "status": "inactive",
                "last_pulled": null,
                "last_pushed": null
            }
        ],
        "last_updated": "2017-03-20T17:44:46.567892Z",
        "last_updater": 2215,
        "last_updater_username": "stackbrew",
        "name": "1.6.1-fpm",
        "repository": 634771,
        "full_size": 165453993,
        "v2": true,
        "tag_status": "inactive",
        "tag_last_pulled": null,
        "tag_last_pushed": "2017-03-20T17:44:46.567892Z",
        "media_type": "application/vnd.docker.container.image.v1+json",
        "content_type": "image"
    },
    {
        "creator": 2215,
        "id": 9270586,
        "images": [
            {
                "architecture": "amd64",
                "features": "",
                "variant": null,
                "digest": "sha256:410fdedfc1e1a90342db37a9328ea73309ff6e427cdd67d302761e7adc8ebfe0",
                "os": "linux",
                "os_features": "",
                "os_version": null,
                "size": 174831811,
                "status": "inactive",
                "last_pulled": null,
                "last_pushed": null
            }
        ],
        "last_updated": "2017-06-14T07:05:04.366266Z",
        "last_updater": 2215,
        "last_updater_username": "stackbrew",
        "name": "1.6.3",
        "repository": 634771,
        "full_size": 174831811,
        "v2": true,
        "tag_status": "inactive",
        "tag_last_pulled": null,
        "tag_last_pushed": "2017-06-14T07:05:04.366266Z",
        "media_type": "application/vnd.docker.container.image.v1+json",
        "content_type": "image"
    },
    {
        "creator": 2215,
        "id": 9270781,
        "images": [
            {
                "architecture": "amd64",
                "features": "",
                "variant": null,
                "digest": "sha256:50bdc5b90e096a4b1e3700860485fdfa7b77db772e1840d28202d82e0c432dd7",
                "os": "linux",
                "os_features": "",
                "os_version": null,
                "size": 171464271,
                "status": "inactive",
                "last_pulled": null,
                "last_pushed": null
            }
        ],
        "last_updated": "2017-06-14T07:11:03.541307Z",
        "last_updater": 2215,
        "last_updater_username": "stackbrew",
        "name": "1.6.3-fpm",
        "repository": 634771,
        "full_size": 171464271,
        "v2": true,
        "tag_status": "inactive",
        "tag_last_pulled": null,
        "tag_last_pushed": "2017-06-14T07:11:03.541307Z",
        "media_type": "application/vnd.docker.container.image.v1+json",
        "content_type": "image"
    },
    {
        "creator": 2215,
        "id": 12051731,
        "images": [
            {
                "architecture": "amd64",
                "features": "",
                "variant": null,
                "digest": "sha256:9cd9135eb88cebbd160364123a3902a1faff68812218456dc8d4bd1a1b6d067c",
                "os": "linux",
                "os_features": "",
                "os_version": null,
                "size": 171433618,
                "status": "inactive",
                "last_pulled": null,
                "last_pushed": null
            }
        ],
        "last_updated": "2018-03-15T15:42:19.589414Z",
        "last_updater": 1156886,
        "last_updater_username": "doijanky",
        "name": "1.7",
        "repository": 634771,
        "full_size": 171433618,
        "v2": true,
        "tag_status": "inactive",
        "tag_last_pulled": null,
        "tag_last_pushed": "2018-03-15T15:42:19.589414Z",
        "media_type": "application/vnd.docker.distribution.manifest.list.v2+json",
        "content_type": "image"
    },
    {
        "creator": 2215,
        "id": 12051864,
        "images": [
            {
                "architecture": "amd64",
                "features": "",
                "variant": null,
                "digest": "sha256:9cd9135eb88cebbd160364123a3902a1faff68812218456dc8d4bd1a1b6d067c",
                "os": "linux",
                "os_features": "",
                "os_version": null,
                "size": 171433618,
                "status": "inactive",
                "last_pulled": null,
                "last_pushed": null
            }
        ],
        "last_updated": "2018-03-15T15:42:20.572385Z",
        "last_updater": 1156886,
        "last_updater_username": "doijanky",
        "name": "1.7-apache",
        "repository": 634771,
        "full_size": 171433618,
        "v2": true,
        "tag_status": "inactive",
        "tag_last_pulled": null,
        "tag_last_pushed": "2018-03-15T15:42:20.572385Z",
        "media_type": "application/vnd.docker.distribution.manifest.list.v2+json",
        "content_type": "image"
    },
    {
        "creator": 2215,
        "id": 12052046,
        "images": [
            {
                "architecture": "amd64",
                "features": "",
                "variant": null,
                "digest": "sha256:2fb263d0b7cd98244e05e43e36cb94821c4ac8b8d26999f2a1679e5e32a2ee5f",
                "os": "linux",
                "os_features": "",
                "os_version": null,
                "size": 167553220,
                "status": "inactive",
                "last_pulled": null,
                "last_pushed": null
            }
        ],
        "last_updated": "2018-03-15T15:42:36.680262Z",
        "last_updater": 1156886,
        "last_updater_username": "doijanky",
        "name": "1.7-fpm",
        "repository": 634771,
        "full_size": 167553220,
        "v2": true,
        "tag_status": "inactive",
        "tag_last_pulled": null,
        "tag_last_pushed": "2018-03-15T15:42:36.680262Z",
        "media_type": "application/vnd.docker.distribution.manifest.list.v2+json",
        "content_type": "image"
    },
    {
        "creator": 2215,
        "id": 12051710,
        "images": [
            {
                "architecture": "amd64",
                "features": "",
                "variant": null,
                "digest": "sha256:c034702004ec141e5d99caff6fbb983258555a5cb20e9a6258b9cb8b406de709",
                "os": "linux",
                "os_features": "",
                "os_version": null,
                "size": 174840310,
                "status": "inactive",
                "last_pulled": null,
                "last_pushed": null
            }
        ],
        "last_updated": "2017-06-19T17:10:22.118593Z",
        "last_updater": 2215,
        "last_updater_username": "stackbrew",
        "name": "1.7.0",
        "repository": 634771,
        "full_size": 174840310,
        "v2": true,
        "tag_status": "inactive",
        "tag_last_pulled": null,
        "tag_last_pushed": "2017-06-19T17:10:22.118593Z",
        "media_type": "application/vnd.docker.container.image.v1+json",
        "content_type": "image"
    },
    {
        "creator": 2215,
        "id": 12051830,
        "images": [
            {
                "architecture": "amd64",
                "features": "",
                "variant": null,
                "digest": "sha256:c034702004ec141e5d99caff6fbb983258555a5cb20e9a6258b9cb8b406de709",
                "os": "linux",
                "os_features": "",
                "os_version": null,
                "size": 174840310,
                "status": "inactive",
                "last_pulled": null,
                "last_pushed": null
            }
        ],
        "last_updated": "2017-06-19T17:13:01.263326Z",
        "last_updater": 2215,
        "last_updater_username": "stackbrew",
        "name": "1.7.0-apache",
        "repository": 634771,
        "full_size": 174840310,
        "v2": true,
        "tag_status": "inactive",
        "tag_last_pulled": null,
        "tag_last_pushed": "2017-06-19T17:13:01.263326Z",
        "media_type": "application/vnd.docker.container.image.v1+json",
        "content_type": "image"
    },
    {
        "creator": 2215,
        "id": 12052015,
        "images": [
            {
                "architecture": "amd64",
                "features": "",
                "variant": null,
                "digest": "sha256:57426e67cbb368207951c518efdac33c99072c6f96932836de33cf1a505b20f0",
                "os": "linux",
                "os_features": "",
                "os_version": null,
                "size": 171472804,
                "status": "inactive",
                "last_pulled": null,
                "last_pushed": null
            }
        ],
        "last_updated": "2017-06-19T17:18:46.576466Z",
        "last_updater": 2215,
        "last_updater_username": "stackbrew",
        "name": "1.7.0-fpm",
        "repository": 634771,
        "full_size": 171472804,
        "v2": true,
        "tag_status": "inactive",
        "tag_last_pulled": null,
        "tag_last_pushed": "2017-06-19T17:18:46.576466Z",
        "media_type": "application/vnd.docker.container.image.v1+json",
        "content_type": "image"
    },
    {
        "creator": 2215,
        "id": 12160974,
        "images": [
            {
                "architecture": "amd64",
                "features": "",
                "variant": null,
                "digest": "sha256:41f3bec46620aacc39faf25b0d5470608988ee9c452ea44d58b5a087fdd6ebbe",
                "os": "linux",
                "os_features": "",
                "os_version": null,
                "size": 174893560,
                "status": "inactive",
                "last_pulled": null,
                "last_pushed": null
            }
        ],
        "last_updated": "2017-08-21T19:54:06.461741Z",
        "last_updater": 2215,
        "last_updater_username": "stackbrew",
        "name": "1.7.1",
        "repository": 634771,
        "full_size": 174893560,
        "v2": true,
        "tag_status": "inactive",
        "tag_last_pulled": null,
        "tag_last_pushed": "2017-08-21T19:54:06.461741Z",
        "media_type": "application/vnd.docker.container.image.v1+json",
        "content_type": "image"
    },
    {
        "creator": 2215,
        "id": 12161037,
        "images": [
            {
                "architecture": "amd64",
                "features": "",
                "variant": null,
                "digest": "sha256:41f3bec46620aacc39faf25b0d5470608988ee9c452ea44d58b5a087fdd6ebbe",
                "os": "linux",
                "os_features": "",
                "os_version": null,
                "size": 174893560,
                "status": "inactive",
                "last_pulled": null,
                "last_pushed": null
            }
        ],
        "last_updated": "2017-08-21T19:54:32.38913Z",
        "last_updater": 2215,
        "last_updater_username": "stackbrew",
        "name": "1.7.1-apache",
        "repository": 634771,
        "full_size": 174893560,
        "v2": true,
        "tag_status": "inactive",
        "tag_last_pulled": null,
        "tag_last_pushed": "2017-08-21T19:54:32.38913Z",
        "media_type": "application/vnd.docker.container.image.v1+json",
        "content_type": "image"
    },
    {
        "creator": 2215,
        "id": 12161146,
        "images": [
            {
                "architecture": "amd64",
                "features": "",
                "variant": null,
                "digest": "sha256:62b45ca5baac3fda54a3d754fdb3e8c6e408680cf4cd37a1729c159823627459",
                "os": "linux",
                "os_features": "",
                "os_version": null,
                "size": 171524152,
                "status": "inactive",
                "last_pulled": null,
                "last_pushed": null
            }
        ],
        "last_updated": "2017-08-21T19:55:15.227613Z",
        "last_updater": 2215,
        "last_updater_username": "stackbrew",
        "name": "1.7.1-fpm",
        "repository": 634771,
        "full_size": 171524152,
        "v2": true,
        "tag_status": "inactive",
        "tag_last_pulled": null,
        "tag_last_pushed": "2017-08-21T19:55:15.227613Z",
        "media_type": "application/vnd.docker.container.image.v1+json",
        "content_type": "image"
    },
    {
        "creator": 2215,
        "id": 14421159,
        "images": [
            {
                "architecture": "amd64",
                "features": "",
                "variant": null,
                "digest": "sha256:9cd9135eb88cebbd160364123a3902a1faff68812218456dc8d4bd1a1b6d067c",
                "os": "linux",
                "os_features": "",
                "os_version": null,
                "size": 171433618,
                "status": "inactive",
                "last_pulled": null,
                "last_pushed": null
            }
        ],
        "last_updated": "2018-03-15T15:42:19.285056Z",
        "last_updater": 1156886,
        "last_updater_username": "doijanky",
        "name": "1.7.2",
        "repository": 634771,
        "full_size": 171433618,
        "v2": true,
        "tag_status": "inactive",
        "tag_last_pulled": null,
        "tag_last_pushed": "2018-03-15T15:42:19.285056Z",
        "media_type": "application/vnd.docker.distribution.manifest.list.v2+json",
        "content_type": "image"
    },
    {
        "creator": 2215,
        "id": 14421173,
        "images": [
            {
                "architecture": "amd64",
                "features": "",
                "variant": null,
                "digest": "sha256:9cd9135eb88cebbd160364123a3902a1faff68812218456dc8d4bd1a1b6d067c",
                "os": "linux",
                "os_features": "",
                "os_version": null,
                "size": 171433618,
                "status": "inactive",
                "last_pulled": null,
                "last_pushed": null
            }
        ],
        "last_updated": "2018-03-15T15:42:20.217764Z",
        "last_updater": 1156886,
        "last_updater_username": "doijanky",
        "name": "1.7.2-apache",
        "repository": 634771,
        "full_size": 171433618,
        "v2": true,
        "tag_status": "inactive",
        "tag_last_pulled": null,
        "tag_last_pushed": "2018-03-15T15:42:20.217764Z",
        "media_type": "application/vnd.docker.distribution.manifest.list.v2+json",
        "content_type": "image"
    },
    {
        "creator": 2215,
        "id": 14421538,
        "images": [
            {
                "architecture": "amd64",
                "features": "",
                "variant": null,
                "digest": "sha256:2fb263d0b7cd98244e05e43e36cb94821c4ac8b8d26999f2a1679e5e32a2ee5f",
                "os": "linux",
                "os_features": "",
                "os_version": null,
                "size": 167553220,
                "status": "inactive",
                "last_pulled": null,
                "last_pushed": null
            }
        ],
        "last_updated": "2018-03-15T15:42:36.384824Z",
        "last_updater": 1156886,
        "last_updater_username": "doijanky",
        "name": "1.7.2-fpm",
        "repository": 634771,
        "full_size": 167553220,
        "v2": true,
        "tag_status": "inactive",
        "tag_last_pulled": null,
        "tag_last_pushed": "2018-03-15T15:42:36.384824Z",
        "media_type": "application/vnd.docker.distribution.manifest.list.v2+json",
        "content_type": "image"
    },
    {
        "creator": 1156886,
        "id": 24730662,
        "images": [
            {
                "architecture": "amd64",
                "features": "",
                "variant": null,
                "digest": "sha256:25e298853670a41e2c282c7cc842b01e63d6d8f49978277e03ae5554ab35bee0",
                "os": "linux",
                "os_features": "",
                "os_version": null,
                "size": 171447378,
                "status": "inactive",
                "last_pulled": null,
                "last_pushed": null
            }
        ],
        "last_updated": "2018-05-05T11:42:38.307469Z",
        "last_updater": 1156886,
        "last_updater_username": "doijanky",
        "name": "1.9",
        "repository": 634771,
        "full_size": 171447378,
        "v2": true,
        "tag_status": "inactive",
        "tag_last_pulled": null,
        "tag_last_pushed": "2018-05-05T11:42:38.307469Z",
        "media_type": "application/vnd.docker.distribution.manifest.list.v2+json",
        "content_type": "image"
    },
    {
        "creator": 1156886,
        "id": 24730665,
        "images": [
            {
                "architecture": "amd64",
                "features": "",
                "variant": null,
                "digest": "sha256:25e298853670a41e2c282c7cc842b01e63d6d8f49978277e03ae5554ab35bee0",
                "os": "linux",
                "os_features": "",
                "os_version": null,
                "size": 171447378,
                "status": "inactive",
                "last_pulled": null,
                "last_pushed": null
            }
        ],
        "last_updated": "2018-05-05T11:42:39.282714Z",
        "last_updater": 1156886,
        "last_updater_username": "doijanky",
        "name": "1.9-apache",
        "repository": 634771,
        "full_size": 171447378,
        "v2": true,
        "tag_status": "inactive",
        "tag_last_pulled": null,
        "tag_last_pushed": "2018-05-05T11:42:39.282714Z",
        "media_type": "application/vnd.docker.distribution.manifest.list.v2+json",
        "content_type": "image"
    },
    {
        "creator": 1156886,
        "id": 24730681,
        "images": [
            {
                "architecture": "amd64",
                "features": "",
                "variant": null,
                "digest": "sha256:f78337424a6f4f17f90c935fac7da994011b78c0812c024172a713745f589cd7",
                "os": "linux",
                "os_features": "",
                "os_version": null,
                "size": 167561355,
                "status": "inactive",
                "last_pulled": null,
                "last_pushed": null
            }
        ],
        "last_updated": "2018-05-05T11:42:52.744647Z",
        "last_updater": 1156886,
        "last_updater_username": "doijanky",
        "name": "1.9-fpm",
        "repository": 634771,
        "full_size": 167561355,
        "v2": true,
        "tag_status": "inactive",
        "tag_last_pulled": null,
        "tag_last_pushed": "2018-05-05T11:42:52.744647Z",
        "media_type": "application/vnd.docker.distribution.manifest.list.v2+json",
        "content_type": "image"
    },
    {
        "creator": 1156886,
        "id": 24730661,
        "images": [
            {
                "architecture": "amd64",
                "features": "",
                "variant": null,
                "digest": "sha256:25e298853670a41e2c282c7cc842b01e63d6d8f49978277e03ae5554ab35bee0",
                "os": "linux",
                "os_features": "",
                "os_version": null,
                "size": 171447378,
                "status": "inactive",
                "last_pulled": null,
                "last_pushed": null
            }
        ],
        "last_updated": "2018-05-05T11:42:37.59184Z",
        "last_updater": 1156886,
        "last_updater_username": "doijanky",
        "name": "1.9.3",
        "repository": 634771,
        "full_size": 171447378,
        "v2": true,
        "tag_status": "inactive",
        "tag_last_pulled": null,
        "tag_last_pushed": "2018-05-05T11:42:37.59184Z",
        "media_type": "application/vnd.docker.distribution.manifest.list.v2+json",
        "content_type": "image"
    },
    {
        "creator": 1156886,
        "id": 24730664,
        "images": [
            {
                "architecture": "amd64",
                "features": "",
                "variant": null,
                "digest": "sha256:25e298853670a41e2c282c7cc842b01e63d6d8f49978277e03ae5554ab35bee0",
                "os": "linux",
                "os_features": "",
                "os_version": null,
                "size": 171447378,
                "status": "inactive",
                "last_pulled": null,
                "last_pushed": null
            }
        ],
        "last_updated": "2018-05-05T11:42:38.978535Z",
        "last_updater": 1156886,
        "last_updater_username": "doijanky",
        "name": "1.9.3-apache",
        "repository": 634771,
        "full_size": 171447378,
        "v2": true,
        "tag_status": "inactive",
        "tag_last_pulled": null,
        "tag_last_pushed": "2018-05-05T11:42:38.978535Z",
        "media_type": "application/vnd.docker.distribution.manifest.list.v2+json",
        "content_type": "image"
    },
    {
        "creator": 1156886,
        "id": 24730680,
        "images": [
            {
                "architecture": "amd64",
                "features": "",
                "variant": null,
                "digest": "sha256:f78337424a6f4f17f90c935fac7da994011b78c0812c024172a713745f589cd7",
                "os": "linux",
                "os_features": "",
                "os_version": null,
                "size": 167561355,
                "status": "inactive",
                "last_pulled": null,
                "last_pushed": null
            }
        ],
        "last_updated": "2018-05-05T11:42:52.438609Z",
        "last_updater": 1156886,
        "last_updater_username": "doijanky",
        "name": "1.9.3-fpm",
        "repository": 634771,
        "full_size": 167561355,
        "v2": true,
        "tag_status": "inactive",
        "tag_last_pulled": null,
        "tag_last_pushed": "2018-05-05T11:42:52.438609Z",
        "media_type": "application/vnd.docker.distribution.manifest.list.v2+json",
        "content_type": "image"
    }
]