[
    {
        "creator": 1156886,
        "id": 155431174,
        "images": [
            {
                "architecture": "ppc64le",
                "features": "",
                "variant": null,
                "digest": "sha256:5c7dd2598d7425582dae1292147c2dc08f4b756efdf6978b09187e89ea49b9a0",
                "os": "linux",
                "os_features": "",
                "os_version": null,
                "size": 267886297,
                "status": "active",
                "last_pulled": "2024-01-04T16:32:52.557578Z",
                "last_pushed": "2021-10-16T02:01:16.065104Z"
            },
            {
                "architecture": "s390x",
                "features": "",
                "variant": null,
                "digest": "sha256:2e107ec2b284615775087f61dc40d538a780d9613b60705a4f6e428ecc11875e",
                "os": "linux",
                "os_features": "",
                "os_version": null,
                "size": 260792716,
                "status": "active",
                "last_pulled": "2024-01-09T11:14:02.506326Z",
                "last_pushed": "2021-10-16T01:23:22.678843Z"
            },
            {
                "architecture": "amd64",
                "features": "",
                "variant": null,
                "digest": "sha256:6c25d5bb049fc39ea082e5b6de77367455a3ea3b9c3039bdce352040eb67d141",
                "os": "linux",
                "os_features": "",
                "os_version": null,
                "size": 261984775,
                "status": "active",
                "last_pulled": "2024-01-20T03:07:03.76854Z",
                "last_pushed": "2021-10-16T02:21:57.961942Z"
            }
        ],
        "last_updated": "2021-10-16T02:22:00.608882Z",
        "last_updater": 1156886,
        "last_updater_username": "doijanky",
        "name": "11",
        "repository": 849419,
        "full_size": 261984775,
        "v2": true,
        "tag_status": "active",
        "tag_last_pulled": "2024-01-20T03:07:03.76854Z",
        "tag_last_pushed": "2021-10-16T02:22:00.608882Z",
        "media_type": "application/vnd.docker.distribution.manifest.list.v2+json",
        "content_type": "image"
    },
    {
        "creator": 1156886,
        "id": 155431180,
        "images": [
            {
                "architecture": "ppc64le",
                "features": "",
                "variant": null,
                "digest": "sha256:5c7dd2598d7425582dae1292147c2dc08f4b756efdf6978b09187e89ea49b9a0",
                "os": "linux",
                "os_features": "",
                "os_version": null,
                "size": 267886297,
                "status": "active",
                "last_pulled": "2024-01-04T16:32:52.557578Z",
                "last_pushed": "2021-10-16T02:01:16.065104Z"
            },
            {
                "architecture": "amd64",
                "features": "",
                "variant": null,
                "digest": "sha256:6c25d5bb049fc39ea082e5b6de77367455a3ea3b9c3039bdce352040eb67d141",
                "os": "linux",
                "os_features": "",
                "os_version": null,
                "size": 261984775,
                "status": "active",
                "last_pulled": "2024-01-20T03:07:03.76854Z",
                "last_pushed": "2021-10-16T02:21:57.961942Z"
            },
            {
                "architecture": "s390x",
                "features": "",
                "variant": null,
                "digest": "sha256:2e107ec2b284615775087f61dc40d538a780d9613b60705a4f6e428ecc11875e",
                "os": "linux",
                "os_features": "",
                "os_version": null,
                "size": 260792716,
                "status": "active",
                "last_pulled": "2024-01-09T11:14:02.506326Z",
                "last_pushed": "2021-10-16T01:23:22.678843Z"
            }
        ],
        "last_updated": "2021-10-16T02:22:04.609587Z",
        "last_updater": 1156886,
        "last_updater_username": "doijanky",
        "name": "11-jdk",
        "repository": 849419,
        "full_size": 261984775,
        "v2": true,
        "tag_status": "active",
        "tag_last_pulled": "2024-01-20T03:07:03.76854Z",
        "tag_last_pushed": "2021-10-16T02:22:04.609587Z",
        "media_type": "application/vnd.docker.distribution.manifest.list.v2+json",
        "content_type": "image"
    },
    {
        "creator": 621950,
        "id": 4261145,
        "images": [
            {
                "architecture": "amd64",
                "features": "",
                "variant": null,
                "digest": "sha256:c39912ec610610174c3851f75fac03d5bb4e2d08befd9f538f9542fd3de4dae3",
                "os": "linux",
                "os_features": "",
                "os_version": null,
                "size": 137355503,
                "status": "active",
                "last_pulled": "2024-01-20T04:17:29.036797Z",
                "last_pushed": "2022-04-08T20:39:56.341674Z"
            }
        ],
        "last_updated": "2022-04-08T20:39:58.279797Z",
        "last_updater": 1156886,
        "last_updater_username": "doijanky",
        "name": "8-jre-alpine",
        "repository": 849419,
        "full_size": 137355503,
        "v2": true,
        "tag_status": "active",
        "tag_last_pulled": "2024-01-20T04:17:29.036797Z",
        "tag_last_pushed": "2022-04-08T20:39:58.279797Z",
        "media_type": "application/vnd.docker.distribution.manifest.list.v2+json",
        "content_type": "image"
    },
    {
        "creator": 2215,
        "id": 12360446,
        "images": [
            {
                "architecture": "amd64",
                "features": "",
                "variant": null,
                "digest": "sha256:4f8ad2029e78f7b91721745a77fc6011a7c0e09b9edeffb6b20b6ec34a6e63cd",
                "os": "linux",
                "os_features": "",
                "os_version": null,
                "size": 174502210,
                "status": "active",
                "last_pulled": "2024-01-19T14:23:45.197887Z",
                "last_pushed": "2022-04-08T20:40:17.903108Z"
            }
        ],
        "last_updated": "2022-04-08T20:40:19.832715Z",
        "last_updater": 1156886,
        "last_updater_username": "doijanky",
        "name": "8-sdk-alpine",
        "repository": 849419,
        "full_size": 174502210,
        "v2": true,
        "tag_status": "active",
        "tag_last_pulled": "2024-01-19T14:23:45.197887Z",
        "tag_last_pushed": "2022-04-08T20:40:19.832715Z",
        "media_type": "application/vnd.docker.distribution.manifest.list.v2+json",
        "content_type": "image"
    },
    {
        "creator": 621950,
        "id": 4261223,
        "images": [
            {
                "architecture": "amd64",
                "features": "",
                "variant": null,
                "digest": "sha256:62a81e03233d23303c667347c1213313609937f66af2ef18ada54d62de31b519",
                "os": "linux",
                "os_features": "",
                "os_version": null,
                "size": 73149658,
                "status": "active",
                "last_pulled": "2024-01-20T04:35:35.284532Z",
                "last_pushed": "2022-04-08T20:40:35.028205Z"
            }
        ],
        "last_updated": "2022-04-08T20:40:36.138916Z",
        "last_updater": 1156886,
        "last_updater_username": "doijanky",
        "name": "8-sfj-alpine",
        "repository": 849419,
        "full_size": 73149658,
        "v2": true,
        "tag_status": "active",
        "tag_last_pulled": "2024-01-20T04:35:35.284532Z",
        "tag_last_pushed": "2022-04-08T20:40:36.138916Z",
        "media_type": "application/vnd.docker.distribution.manifest.list.v2+json",
        "content_type": "image"
    },
    {
        "creator": 2215,
        "id": 8159541,
        "images": [
            {
                "architecture": "amd64",
                "features": "",
                "variant": null,
                "digest": "sha256:d5121f4ba8ef4cf262d40c62e94446049ae6cb5a6abccac890a3cbaa57ca5dc7",
                "os": "linux",
                "os_features": "",
                "os_version": null,
                "size": 321965977,
                "status": "inactive",
                "last_pulled": null,
                "last_pushed": null
            }
        ],
        "last_updated": "2017-08-10T23:30:23.385124Z",
        "last_updater": 2215,
        "last_updater_username": "stackbrew",
        "name": "9",
        "repository": 849419,
        "full_size": 321965977,
        "v2": true,
        "tag_status": "inactive",
        "tag_last_pulled": null,
        "tag_last_pushed": "2017-08-10T23:30:23.385124Z",
        "media_type": "application/vnd.docker.container.image.v1+json",
        "content_type": "image"
    },
    {
        "creator": 2215,
        "id": 8159526,
        "images": [
            {
                "architecture": "amd64",
                "features": "",
                "variant": null,
                "digest": "sha256:d5121f4ba8ef4cf262d40c62e94446049ae6cb5a6abccac890a3cbaa57ca5dc7",
                "os": "linux",
                "os_features": "",
                "os_version": null,
                "size": 321965977,
                "status": "inactive",
                "last_pulled": null,
                "last_pushed": null
            }
        ],
        "last_updated": "2017-08-10T23:30:10.939207Z",
        "last_updater": 2215,
        "last_updater_username": "stackbrew",
        "name": "9-ea2-sdk",
        "repository": 849419,
        "full_size": 321965977,
        "v2": true,
        "tag_status": "inactive",
        "tag_last_pulled": null,
        "tag_last_pushed": "2017-08-10T23:30:10.939207Z",
        "media_type": "application/vnd.docker.container.image.v1+json",
        "content_type": "image"
    },
    {
        "creator": 2215,
        "id": 8159533,
        "images": [
            {
                "architecture": "amd64",
                "features": "",
                "variant": null,
                "digest": "sha256:3fc617c8996773df0c19246516bc97404cf539ec36c3d29b4bd3ebc3a181e325",
                "os": "linux",
                "os_features": "",
                "os_version": null,
                "size": 317499760,
                "status": "inactive",
                "last_pulled": null,
                "last_pushed": null
            },
            {
                "architecture": "386",
                "features": "",
                "variant": null,
                "digest": "sha256:c41e4c3e4f09a46098246034d3e418c0843d20b031abe09fd46b1348f520d375",
                "os": "linux",
                "os_features": "",
                "os_version": null,
                "size": 297519879,
                "status": "inactive",
                "last_pulled": null,
                "last_pushed": null
            },
            {
                "architecture": "ppc64le",
                "features": "",
                "variant": null,
                "digest": "sha256:df14aacd15dda6217313b886b2c65362f3e56861f23b0c431fb9dfa5abbdc060",
                "os": "linux",
                "os_features": "",
                "os_version": null,
                "size": 340111506,
                "status": "inactive",
                "last_pulled": null,
                "last_pushed": null
            },
            {
                "architecture": "s390x",
                "features": "",
                "variant": null,
                "digest": "sha256:a1816b4228b92e85871c9aa10783d7230d5210aa2e65dc0f3638607c2b150465",
                "os": "linux",
                "os_features": "",
                "os_version": null,
                "size": 319391812,
                "status": "inactive",
                "last_pulled": null,
                "last_pushed": null
            }
        ],
        "last_updated": "2018-01-16T14:51:30.586596Z",
        "last_updater": 1156886,
        "last_updater_username": "doijanky",
        "name": "9-sdk",
        "repository": 849419,
        "full_size": 317499760,
        "v2": true,
        "tag_status": "inactive",
        "tag_last_pulled": null,
        "tag_last_pushed": "2018-01-16T14:51:30.586596Z",
        "media_type": "application/vnd.docker.distribution.manifest.list.v2+json",
        "content_type": "image"
    },
    {
        "creator": 2215,
        "id": 12360758,
        "images": [
            {
                "architecture": "amd64",
                "features": "",
                "variant": null,
                "digest": "sha256:c1dbecaa054eb4bc60c530c803eb75ead6db4e8cc24d28ecbc33b4b1aa3755f5",
                "os": "linux",
                "os_features": "",
                "os_version": null,
                "size": 278156919,
                "status": "inactive",
                "last_pulled": null,
                "last_pushed": null
            }
        ],
        "last_updated": "2018-01-10T03:43:27.762204Z",
        "last_updater": 1156886,
        "last_updater_username": "doijanky",
        "name": "9-sdk-alpine",
        "repository": 849419,
        "full_size": 278156919,
        "v2": true,
        "tag_status": "inactive",
        "tag_last_pulled": null,
        "tag_last_pushed": "2018-01-10T03:43:27.762204Z",
        "media_type": "application/vnd.docker.distribution.manifest.list.v2+json",
        "content_type": "image"
    },
    {
        "creator": 621950,
        "id": 4261084,
        "images": [
            {
                "architecture": "amd64",
                "features": "",
                "variant": null,
                "digest": "sha256:c39912ec610610174c3851f75fac03d5bb4e2d08befd9f538f9542fd3de4dae3",
                "os": "linux",
                "os_features": "",
                "os_version": null,
                "size": 137355503,
                "status": "active",
                "last_pulled": "2024-01-20T04:17:29.036797Z",
                "last_pushed": "2022-04-08T20:39:56.341674Z"
            }
        ],
        "last_updated": "2022-04-08T20:40:43.25653Z",
        "last_updater": 1156886,
        "last_updater_username": "doijanky",
        "name": "jre-alpine",
        "repository": 849419,
        "full_size": 137355503,
        "v2": true,
        "tag_status": "active",
        "tag_last_pulled": "2024-01-20T04:17:29.036797Z",
        "tag_last_pushed": "2022-04-08T20:40:43.25653Z",
        "media_type": "application/vnd.docker.distribution.manifest.list.v2+json",
        "content_type": "image"
    },
    {
        "creator": 2215,
        "id": 12360466,
        "images": [
            {
                "architecture": "amd64",
                "features": "",
                "variant": null,
                "digest": "sha256:4f8ad2029e78f7b91721745a77fc6011a7c0e09b9edeffb6b20b6ec34a6e63cd",
                "os": "linux",
                "os_features": "",
                "os_version": null,
                "size": 174502210,
                "status": "active",
                "last_pulled": "2024-01-19T14:23:45.197887Z",
                "last_pushed": "2022-04-08T20:40:17.903108Z"
            }
        ],
        "last_updated": "2022-04-08T20:40:52.725611Z",
        "last_updater": 1156886,
        "last_updater_username": "doijanky",
        "name": "sdk-alpine",
        "repository": 849419,
        "full_size": 174502210,
        "v2": true,
        "tag_status": "active",
        "tag_last_pulled": "2024-01-19T14:23:45.197887Z",
        "tag_last_pushed": "2022-04-08T20:40:52.725611Z",
        "media_type": "application/vnd.docker.distribution.manifest.list.v2+json",
        "content_type": "image"
    },
    {
        "creator": 621950,
        "id": 4261169,
        "images": [
            {
                "architecture": "amd64",
                "features": "",
                "variant": null,
                "digest": "sha256:62a81e03233d23303c667347c1213313609937f66af2ef18ada54d62de31b519",
                "os": "linux",
                "os_features": "",
                "os_version": null,
                "size": 73149658,
                "status": "active",
                "last_pulled": "2024-01-20T04:35:35.284532Z",
                "last_pushed": "2022-04-08T20:40:35.028205Z"
            }
        ],
        "last_updated": "2022-04-08T20:40:58.588962Z",
        "last_updater": 1156886,
        "last_updater_username": "doijanky",
        "name": "sfj-alpine",
        "repository": 849419,
        "full_size": 73149658,
        "v2": true,
        "tag_status": "active",
        "tag_last_pulled": "2024-01-20T04:35:35.284532Z",
        "tag_last_pushed": "2022-04-08T20:40:58.588962Z",
        "media_type": "application/vnd.docker.distribution.manifest.list.v2+json",
        "content_type": "image"
    }
]