[
    {
        "creator": 7,
        "id": 23073,
        "images": [
            {
                "architecture": "amd64",
                "features": "",
                "variant": null,
                "digest": "sha256:2d0710c254a75f9926b4fcccf56ecd6d8c926a75b3015ac82816459a6bddaee7",
                "os": "linux",
                "os_features": "",
                "os_version": null,
                "size": 319050239,
                "status": "inactive",
                "last_pulled": null,
                "last_pushed": null
            }
        ],
        "last_updated": "2016-06-24T16:43:00.278699Z",
        "last_updater": 621950,
        "last_updater_username": "signer",
        "name": "4",
        "repository": 21421,
        "full_size": 319050239,
        "v2": true,
        "tag_status": "inactive",
        "tag_last_pulled": "2024-01-19T17:26:53.974438Z",
        "tag_last_pushed": "2016-06-24T16:43:00.278699Z",
        "media_type": "application/octet-stream",
        "content_type": "unrecognized",
        "digest": "sha256:27102da9f3aac079e7f799091bbe015b7f6c50fd05047cd18799671e2a24188b"
    },
    {
        "creator": 7,
        "id": 23048,
        "images": [
            {
                "architecture": "amd64",
                "features": "",
                "variant": null,
                "digest": "sha256:9f7c61eb237f8e22b841b498d06de450c2f176856cec1202b6f87b4d7815f97e",
                "os": "",
                "os_features": "",
                "os_version": null,
                "size": 366994401,
                "status": "active",
                "last_pulled": "2024-01-14T11:47:02.358231Z",
                "last_pushed": null
            }
        ],
        "last_updated": "2015-11-14T09:24:19.563724Z",
        "last_updater": 134455,
        "last_updater_username": "diogomonica",
        "name": "4.1",
        "repository": 21421,
        "full_size": 356832391,
        "v2": true,
        "tag_status": "active",
        "tag_last_pulled": "2024-01-14T11:47:02.358231Z",
        "tag_last_pushed": "2015-11-14T09:24:19.563724Z",
        "media_type": "application/vnd.docker.distribution.manifest.v1+prettyjws",
        "content_type": "image",
        "digest": "sha256:9f7c61eb237f8e22b841b498d06de450c2f176856cec1202b6f87b4d7815f97e"
    },
    {
        "creator": 7,
        "id": 23052,
        "images": [
            {
                "architecture": "amd64",
                "features": "",
                "variant": null,
                "digest": "sha256:4b7f3f6fa01dffb4f074ef2e887de86545539948418ffed1bdb6cd63af9757c6",
                "os": "",
                "os_features": "",
                "os_version": null,
                "size": 440914629,
                "status": "active",
                "last_pulled": "2024-01-19T17:26:56.181221Z",
                "last_pushed": null
            }
        ],
        "last_updated": "2015-11-14T09:16:39.78441Z",
        "last_updater": 134455,
        "last_updater_username": "diogomonica",
        "name": "4.1.1",
        "repository": 21421,
        "full_size": 440914373,
        "v2": true,
        "tag_status": "active",
        "tag_last_pulled": "2024-01-19T17:26:56.181221Z",
        "tag_last_pushed": "2015-11-14T09:16:39.78441Z",
        "media_type": "application/vnd.docker.distribution.manifest.v1+prettyjws",
        "content_type": "image",
        "digest": "sha256:4b7f3f6fa01dffb4f074ef2e887de86545539948418ffed1bdb6cd63af9757c6"
    },
    {
        "creator": 7,
        "id": 23038,
        "images": [
            {
                "architecture": "amd64",
                "features": "",
                "variant": null,
                "digest": "sha256:aefd40496b07cdfa1e688cf1dff57596c2ea059f72977b082430e947c437d107",
                "os": "",
                "os_features": "",
                "os_version": null,
                "size": 357413781,
                "status": "active",
                "last_pulled": "2024-01-19T17:26:55.700548Z",
                "last_pushed": null
            }
        ],
        "last_updated": "2015-11-14T09:20:37.475009Z",
        "last_updater": 134455,
        "last_updater_username": "diogomonica",
        "name": "4.1.4",
        "repository": 21421,
        "full_size": 347347293,
        "v2": true,
        "tag_status": "active",
        "tag_last_pulled": "2024-01-19T17:26:55.700548Z",
        "tag_last_pushed": "2015-11-14T09:20:37.475009Z",
        "media_type": "application/vnd.docker.distribution.manifest.v1+prettyjws",
        "content_type": "image",
        "digest": "sha256:aefd40496b07cdfa1e688cf1dff57596c2ea059f72977b082430e947c437d107"
    },
    {
        "creator": 7,
        "id": 23041,
        "images": [
            {
                "architecture": "amd64",
                "features": "",
                "variant": null,
                "digest": "sha256:109b4fed07283f3945531fbd8ba703547392a78c46df423b2d976050935475f3",
                "os": "",
                "os_features": "",
                "os_version": null,
                "size": 357405739,
                "status": "active",
                "last_pulled": "2024-01-19T17:26:55.938741Z",
                "last_pushed": null
            }
        ],
        "last_updated": "2015-11-14T09:20:17.358416Z",
        "last_updater": 134455,
        "last_updater_username": "diogomonica",
        "name": "4.1.5",
        "repository": 21421,
        "full_size": 347343272,
        "v2": true,
        "tag_status": "active",
        "tag_last_pulled": "2024-01-19T17:26:55.938741Z",
        "tag_last_pushed": "2015-11-14T09:20:17.358416Z",
        "media_type": "application/vnd.docker.distribution.manifest.v1+prettyjws",
        "content_type": "image",
        "digest": "sha256:109b4fed07283f3945531fbd8ba703547392a78c46df423b2d976050935475f3"
    },
    {
        "creator": 7,
        "id": 23043,
        "images": [
            {
                "architecture": "amd64",
                "features": "",
                "variant": null,
                "digest": "sha256:d319ea9f99f43b85a644a0a27e9cf52f10eebde23054f81e3d685dba285f68b5",
                "os": "",
                "os_features": "",
                "os_version": null,
                "size": 339344140,
                "status": "active",
                "last_pulled": "2024-01-19T17:26:57.090511Z",
                "last_pushed": null
            }
        ],
        "last_updated": "2015-11-14T09:05:48.055624Z",
        "last_updater": 134455,
        "last_updater_username": "diogomonica",
        "name": "4.1.6",
        "repository": 21421,
        "full_size": 329224635,
        "v2": true,
        "tag_status": "active",
        "tag_last_pulled": "2024-01-19T17:26:57.090511Z",
        "tag_last_pushed": "2015-11-14T09:05:48.055624Z",
        "media_type": "application/vnd.docker.distribution.manifest.v1+prettyjws",
        "content_type": "image",
        "digest": "sha256:d319ea9f99f43b85a644a0a27e9cf52f10eebde23054f81e3d685dba285f68b5"
    },
    {
        "creator": 7,
        "id": 23045,
        "images": [
            {
                "architecture": "amd64",
                "features": "",
                "variant": null,
                "digest": "sha256:f168964429623db908fc883cd1c8dc6975560813256768d435d97aef283fc3e9",
                "os": "",
                "os_features": "",
                "os_version": null,
                "size": 351267672,
                "status": "active",
                "last_pulled": "2024-01-19T17:26:56.810948Z",
                "last_pushed": null
            }
        ],
        "last_updated": "2015-11-14T09:09:18.167262Z",
        "last_updater": 134455,
        "last_updater_username": "diogomonica",
        "name": "4.1.7",
        "repository": 21421,
        "full_size": 341120869,
        "v2": true,
        "tag_status": "active",
        "tag_last_pulled": "2024-01-19T17:26:56.810948Z",
        "tag_last_pushed": "2015-11-14T09:09:18.167262Z",
        "media_type": "application/vnd.docker.distribution.manifest.v1+prettyjws",
        "content_type": "image",
        "digest": "sha256:f168964429623db908fc883cd1c8dc6975560813256768d435d97aef283fc3e9"
    },
    {
        "creator": 7,
        "id": 23060,
        "images": [
            {
                "architecture": "amd64",
                "features": "",
                "variant": null,
                "digest": "sha256:ac33f1d64e312691ce0ac2a83b2077c45a3002dc78d88286e9024a20256212d4",
                "os": "",
                "os_features": "",
                "os_version": null,
                "size": 366994401,
                "status": "active",
                "last_pulled": "2024-01-19T17:26:56.56311Z",
                "last_pushed": null
            }
        ],
        "last_updated": "2015-11-14T09:12:30.959043Z",
        "last_updater": 134455,
        "last_updater_username": "diogomonica",
        "name": "4.1.8",
        "repository": 21421,
        "full_size": 356832391,
        "v2": true,
        "tag_status": "active",
        "tag_last_pulled": "2024-01-19T17:26:56.56311Z",
        "tag_last_pushed": "2015-11-14T09:12:30.959043Z",
        "media_type": "application/vnd.docker.distribution.manifest.v1+prettyjws",
        "content_type": "image",
        "digest": "sha256:ac33f1d64e312691ce0ac2a83b2077c45a3002dc78d88286e9024a20256212d4"
    },
    {
        "creator": 7,
        "id": 23054,
        "images": [
            {
                "architecture": "amd64",
                "features": "",
                "variant": null,
                "digest": "sha256:2d0710c254a75f9926b4fcccf56ecd6d8c926a75b3015ac82816459a6bddaee7",
                "os": "linux",
                "os_features": "",
                "os_version": null,
                "size": 319050239,
                "status": "inactive",
                "last_pulled": null,
                "last_pushed": null
            }
        ],
        "last_updated": "2016-06-24T16:42:53.834101Z",
        "last_updater": 621950,
        "last_updater_username": "signer",
        "name": "4.2",
        "repository": 21421,
        "full_size": 319050239,
        "v2": true,
        "tag_status": "inactive",
        "tag_last_pulled": "2024-01-19T17:26:53.974438Z",
        "tag_last_pushed": "2016-06-24T16:42:53.834101Z",
        "media_type": "application/octet-stream",
        "content_type": "unrecognized",
        "digest": "sha256:27102da9f3aac079e7f799091bbe015b7f6c50fd05047cd18799671e2a24188b"
    },
    {
        "creator": 7,
        "id": 23068,
        "images": [
            {
                "architecture": "amd64",
                "features": "",
                "variant": null,
                "digest": "sha256:1a1c0de3965e09a99bf7497d166a3889b83ab12d301b38f29c9674296a762673",
                "os": "",
                "os_features": "",
                "os_version": null,
                "size": 367015490,
                "status": "active",
                "last_pulled": "2024-01-19T17:26:55.457697Z",
                "last_pushed": null
            }
        ],
        "last_updated": "2015-11-14T09:24:15.390828Z",
        "last_updater": 134455,
        "last_updater_username": "diogomonica",
        "name": "4.2.0",
        "repository": 21421,
        "full_size": 342907429,
        "v2": true,
        "tag_status": "active",
        "tag_last_pulled": "2024-01-19T17:26:55.457697Z",
        "tag_last_pushed": "2015-11-14T09:24:15.390828Z",
        "media_type": "application/vnd.docker.distribution.manifest.v1+prettyjws",
        "content_type": "image",
        "digest": "sha256:1a1c0de3965e09a99bf7497d166a3889b83ab12d301b38f29c9674296a762673"
    },
    {
        "creator": 7,
        "id": 23063,
        "images": [
            {
                "architecture": "amd64",
                "features": "",
                "variant": null,
                "digest": "sha256:f85dd3480102035abd89826e465284670f906bccf1dfeac52a600f77b576e561",
                "os": "",
                "os_features": "",
                "os_version": null,
                "size": 366931204,
                "status": "active",
                "last_pulled": "2024-01-19T17:26:58.390507Z",
                "last_pushed": null
            }
        ],
        "last_updated": "2015-06-14T09:33:48Z",
        "last_updater": 7,
        "last_updater_username": "library",
        "name": "4.2.1",
        "repository": 21421,
        "full_size": 884643000,
        "v2": true,
        "tag_status": "active",
        "tag_last_pulled": "2024-01-19T17:26:58.390507Z",
        "tag_last_pushed": "2015-06-14T09:33:48Z",
        "media_type": "application/vnd.docker.distribution.manifest.v1+prettyjws",
        "content_type": "image",
        "digest": "sha256:f85dd3480102035abd89826e465284670f906bccf1dfeac52a600f77b576e561"
    },
    {
        "creator": 7,
        "id": 226068,
        "images": [
            {
                "architecture": "amd64",
                "features": "",
                "variant": null,
                "digest": "sha256:f37866892d95052604e2a7e14a2774ce57acb9d7ad3fc75a580644846ad75343",
                "os": "",
                "os_features": "",
                "os_version": null,
                "size": 366941167,
                "status": "active",
                "last_pulled": "2024-01-19T17:26:57.987533Z",
                "last_pushed": null
            }
        ],
        "last_updated": "2015-06-17T21:25:04Z",
        "last_updater": 7,
        "last_updater_username": "library",
        "name": "4.2.2",
        "repository": 21421,
        "full_size": 884554721,
        "v2": true,
        "tag_status": "active",
        "tag_last_pulled": "2024-01-19T17:26:57.987533Z",
        "tag_last_pushed": "2015-06-17T21:25:04Z",
        "media_type": "application/vnd.docker.distribution.manifest.v1+prettyjws",
        "content_type": "image",
        "digest": "sha256:f37866892d95052604e2a7e14a2774ce57acb9d7ad3fc75a580644846ad75343"
    },
    {
        "creator": 2215,
        "id": 464190,
        "images": [
            {
                "architecture": "amd64",
                "features": "",
                "variant": null,
                "digest": "sha256:53e120015d478ba1b8ad439541bdeded13d0720bd16d23dd1c442f960372dab3",
                "os": "",
                "os_features": "",
                "os_version": null,
                "size": 309784207,
                "status": "active",
                "last_pulled": "2024-01-19T17:26:57.556298Z",
                "last_pushed": null
            }
        ],
        "last_updated": "2015-08-27T02:56:44Z",
        "last_updater": 213249,
        "last_updater_username": "toli",
        "name": "4.2.3",
        "repository": 21421,
        "full_size": 309783919,
        "v2": true,
        "tag_status": "active",
        "tag_last_pulled": "2024-01-19T17:26:57.556298Z",
        "tag_last_pushed": "2015-08-27T02:56:44Z",
        "media_type": "application/vnd.docker.distribution.manifest.v1+prettyjws",
        "content_type": "image",
        "digest": "sha256:53e120015d478ba1b8ad439541bdeded13d0720bd16d23dd1c442f960372dab3"
    },
    {
        "creator": 2215,
        "id": 789856,
        "images": [
            {
                "architecture": "amd64",
                "features": "",
                "variant": null,
                "digest": "sha256:9d2e78c6fe34df179942c4450be8d772c0ff9c17dadf3fe3e6176e07c9b84052",
                "os": "",
                "os_features": "",
                "os_version": null,
                "size": 314545578,
                "status": "active",
                "last_pulled": "2024-01-19T17:26:57.282438Z",
                "last_pushed": null
            }
        ],
        "last_updated": "2015-11-13T21:41:46.275455Z",
        "last_updater": 213249,
        "last_updater_username": "toli",
        "name": "4.2.4",
        "repository": 21421,
        "full_size": 314545258,
        "v2": true,
        "tag_status": "active",
        "tag_last_pulled": "2024-01-19T17:26:57.282438Z",
        "tag_last_pushed": "2015-11-13T21:41:46.275455Z",
        "media_type": "application/vnd.docker.distribution.manifest.v1+prettyjws",
        "content_type": "image",
        "digest": "sha256:9d2e78c6fe34df179942c4450be8d772c0ff9c17dadf3fe3e6176e07c9b84052"
    },
    {
        "creator": 2215,
        "id": 1334395,
        "images": [
            {
                "architecture": "amd64",
                "features": "",
                "variant": null,
                "digest": "sha256:535841278de6a4c689f228f486f1ebd57ec28375b1ea1a112127cebebc41160a",
                "os": "",
                "os_features": "",
                "os_version": null,
                "size": 315292384,
                "status": "active",
                "last_pulled": "2024-01-20T04:07:51.58312Z",
                "last_pushed": null
            }
        ],
        "last_updated": "2016-03-03T19:53:38.174701Z",
        "last_updater": 2215,
        "last_updater_username": "stackbrew",
        "name": "4.2.5",
        "repository": 21421,
        "full_size": 315292064,
        "v2": true,
        "tag_status": "active",
        "tag_last_pulled": "2024-01-20T04:07:51.58312Z",
        "tag_last_pushed": "2016-03-03T19:53:38.174701Z",
        "media_type": "application/vnd.docker.distribution.manifest.v1+prettyjws",
        "content_type": "image",
        "digest": "sha256:535841278de6a4c689f228f486f1ebd57ec28375b1ea1a112127cebebc41160a"
    },
    {
        "creator": 2215,
        "id": 1847135,
        "images": [
            {
                "architecture": "amd64",
                "features": "",
                "variant": null,
                "digest": "sha256:93a05bc905b6f5e93dcbb4ef391a0427271401a86f5c268168f34d6da5330957",
                "os": "",
                "os_features": "",
                "os_version": null,
                "size": 315934658,
                "status": "active",
                "last_pulled": "2024-01-19T17:26:54.965626Z",
                "last_pushed": null
            }
        ],
        "last_updated": "2016-02-29T23:30:43.783901Z",
        "last_updater": 2215,
        "last_updater_username": "stackbrew",
        "name": "4.2.5.1",
        "repository": 21421,
        "full_size": 315934338,
        "v2": true,
        "tag_status": "active",
        "tag_last_pulled": "2024-01-19T17:26:54.965626Z",
        "tag_last_pushed": "2016-02-29T23:30:43.783901Z",
        "media_type": "application/vnd.docker.distribution.manifest.v1+prettyjws",
        "content_type": "image"
    },
    {
        "creator": 2215,
        "id": 2177908,
        "images": [
            {
                "architecture": "amd64",
                "features": "",
                "variant": null,
                "digest": "sha256:0e9fcfa7fc0b22a82e69c48efceb2b0c80c14b8787613b0cb43e4c3c7b0cfe97",
                "os": "",
                "os_features": "",
                "os_version": null,
                "size": 315292384,
                "status": "active",
                "last_pulled": "2024-01-19T17:26:54.456327Z",
                "last_pushed": null
            }
        ],
        "last_updated": "2016-03-03T19:53:43.617269Z",
        "last_updater": 2215,
        "last_updater_username": "stackbrew",
        "name": "4.2.5.2",
        "repository": 21421,
        "full_size": 315292064,
        "v2": true,
        "tag_status": "active",
        "tag_last_pulled": "2024-01-19T17:26:54.456327Z",
        "tag_last_pushed": "2016-03-03T19:53:43.617269Z",
        "media_type": "application/vnd.docker.distribution.manifest.v1+prettyjws",
        "content_type": "image"
    },
    {
        "creator": 2215,
        "id": 2245314,
        "images": [
            {
                "architecture": "amd64",
                "features": "",
                "variant": null,
                "digest": "sha256:2d0710c254a75f9926b4fcccf56ecd6d8c926a75b3015ac82816459a6bddaee7",
                "os": "linux",
                "os_features": "",
                "os_version": null,
                "size": 319050239,
                "status": "inactive",
                "last_pulled": null,
                "last_pushed": null
            }
        ],
        "last_updated": "2016-06-24T16:42:53.93835Z",
        "last_updater": 621950,
        "last_updater_username": "signer",
        "name": "4.2.6",
        "repository": 21421,
        "full_size": 319050239,
        "v2": true,
        "tag_status": "inactive",
        "tag_last_pulled": null,
        "tag_last_pushed": "2016-06-24T16:42:53.93835Z",
        "media_type": "application/octet-stream",
        "content_type": "unrecognized"
    },
    {
        "creator": 621950,
        "id": 3708778,
        "images": [
            {
                "architecture": "amd64",
                "features": "",
                "variant": null,
                "digest": "sha256:660f41442a278fab36077eaad1cb0bce5e0842b5ad5e34d0e3bb9ccf995391d3",
                "os": "linux",
                "os_features": "",
                "os_version": null,
                "size": 317822467,
                "status": "inactive",
                "last_pulled": null,
                "last_pushed": null
            }
        ],
        "last_updated": "2017-01-06T19:07:07.36136Z",
        "last_updater": 2215,
        "last_updater_username": "stackbrew",
        "name": "5",
        "repository": 21421,
        "full_size": 317822467,
        "v2": true,
        "tag_status": "inactive",
        "tag_last_pulled": null,
        "tag_last_pushed": "2017-01-06T19:07:07.36136Z",
        "media_type": "application/vnd.docker.container.image.v1+json",
        "content_type": "image"
    },
    {
        "creator": 621950,
        "id": 3708774,
        "images": [
            {
                "architecture": "amd64",
                "features": "",
                "variant": null,
                "digest": "sha256:660f41442a278fab36077eaad1cb0bce5e0842b5ad5e34d0e3bb9ccf995391d3",
                "os": "linux",
                "os_features": "",
                "os_version": null,
                "size": 317822467,
                "status": "inactive",
                "last_pulled": null,
                "last_pushed": null
            }
        ],
        "last_updated": "2017-01-06T19:06:53.838418Z",
        "last_updater": 2215,
        "last_updater_username": "stackbrew",
        "name": "5.0",
        "repository": 21421,
        "full_size": 317822467,
        "v2": true,
        "tag_status": "inactive",
        "tag_last_pulled": null,
        "tag_last_pushed": "2017-01-06T19:06:53.838418Z",
        "media_type": "application/vnd.docker.container.image.v1+json",
        "content_type": "image"
    },
    {
        "creator": 621950,
        "id": 3708775,
        "images": [
            {
                "architecture": "amd64",
                "features": "",
                "variant": null,
                "digest": "sha256:5481a20f7c90b88876c6bbceba02487ccbc7ba8521163dfea57aab66c0ad6099",
                "os": "linux",
                "os_features": "",
                "os_version": null,
                "size": 317768184,
                "status": "inactive",
                "last_pulled": null,
                "last_pushed": null
            }
        ],
        "last_updated": "2016-12-21T20:57:45.688023Z",
        "last_updater": 621950,
        "last_updater_username": "signer",
        "name": "5.0.0",
        "repository": 21421,
        "full_size": 317768184,
        "v2": true,
        "tag_status": "inactive",
        "tag_last_pulled": null,
        "tag_last_pushed": "2016-12-21T20:57:45.688023Z",
        "media_type": "application/vnd.docker.container.image.v1+json",
        "content_type": "image"
    },
    {
        "creator": 621950,
        "id": 4300083,
        "images": [
            {
                "architecture": "amd64",
                "features": "",
                "variant": null,
                "digest": "sha256:f2775275adbbb44ac82067686cb53bbada909693f0e49fce10f51eb0997d8e85",
                "os": "linux",
                "os_features": "",
                "os_version": null,
                "size": 317725551,
                "status": "inactive",
                "last_pulled": null,
                "last_pushed": null
            }
        ],
        "last_updated": "2016-12-07T23:25:06.945615Z",
        "last_updater": 621950,
        "last_updater_username": "signer",
        "name": "5.0.0.1",
        "repository": 21421,
        "full_size": 317725551,
        "v2": true,
        "tag_status": "inactive",
        "tag_last_pulled": null,
        "tag_last_pushed": "2016-12-07T23:25:06.945615Z",
        "media_type": "application/vnd.docker.container.image.v1+json",
        "content_type": "image"
    },
    {
        "creator": 2215,
        "id": 7042056,
        "images": [
            {
                "architecture": "amd64",
                "features": "",
                "variant": null,
                "digest": "sha256:660f41442a278fab36077eaad1cb0bce5e0842b5ad5e34d0e3bb9ccf995391d3",
                "os": "linux",
                "os_features": "",
                "os_version": null,
                "size": 317822467,
                "status": "inactive",
                "last_pulled": null,
                "last_pushed": null
            }
        ],
        "last_updated": "2017-01-06T19:06:40.061373Z",
        "last_updater": 2215,
        "last_updater_username": "stackbrew",
        "name": "5.0.1",
        "repository": 21421,
        "full_size": 317822467,
        "v2": true,
        "tag_status": "inactive",
        "tag_last_pulled": null,
        "tag_last_pushed": "2017-01-06T19:06:40.061373Z",
        "media_type": "application/vnd.docker.container.image.v1+json",
        "content_type": "image"
    },
    {
        "creator": 7,
        "id": 23080,
        "images": [
            {
                "architecture": "amd64",
                "features": "",
                "variant": null,
                "digest": "sha256:660f41442a278fab36077eaad1cb0bce5e0842b5ad5e34d0e3bb9ccf995391d3",
                "os": "linux",
                "os_features": "",
                "os_version": null,
                "size": 317822467,
                "status": "inactive",
                "last_pulled": null,
                "last_pushed": null
            }
        ],
        "last_updated": "2017-01-06T19:07:21.647612Z",
        "last_updater": 2215,
        "last_updater_username": "stackbrew",
        "name": "latest",
        "repository": 21421,
        "full_size": 317822467,
        "v2": true,
        "tag_status": "inactive",
        "tag_last_pulled": "2024-01-20T07:25:02.845251Z",
        "tag_last_pushed": "2017-01-06T19:07:21.647612Z",
        "media_type": "application/vnd.docker.container.image.v1+json",
        "content_type": "image",
        "digest": "sha256:aec52fe81ff0e99d64174001fbdf44c3bc9e1869756dec05c447f52a0fe637e7"
    },
    {
        "creator": 7,
        "id": 23077,
        "images": [
            {
                "architecture": "amd64",
                "features": "",
                "variant": null,
                "digest": "sha256:ec9cd2000780b22a8d597e40d47013d4fad170c3d589e0bebaa37f5567f85e52",
                "os": "linux",
                "os_features": "",
                "os_version": null,
                "size": 294550822,
                "status": "inactive",
                "last_pulled": null,
                "last_pushed": null
            }
        ],
        "last_updated": "2017-01-06T19:07:44.257249Z",
        "last_updater": 2215,
        "last_updater_username": "stackbrew",
        "name": "onbuild",
        "repository": 21421,
        "full_size": 294550822,
        "v2": true,
        "tag_status": "inactive",
        "tag_last_pulled": "2024-01-19T23:18:18.028502Z",
        "tag_last_pushed": "2017-01-06T19:07:44.257249Z",
        "media_type": "application/vnd.docker.container.image.v1+json",
        "content_type": "image",
        "digest": "sha256:c79056701018789879149b9e2baf0c3b407f50e1bb0a630571f998fc2aae8ed2"
    }
]