[
    {
        "creator": 2215,
        "id": 11899768,
        "images": [
            {
                "architecture": "amd64",
                "features": "",
                "variant": null,
                "digest": "sha256:e5dc42008de5385a83530a80b28e75987a111a6bcf918735c97d886d8a5aee9d",
                "os": "linux",
                "os_features": "",
                "os_version": null,
                "size": 42630041,
                "status": "inactive",
                "last_pulled": null,
                "last_pushed": null
            }
        ],
        "last_updated": "2018-09-05T01:43:42.085693Z",
        "last_updater": 1156886,
        "last_updater_username": "doijanky",
        "name": "artful",
        "repository": 42825,
        "full_size": 42630041,
        "v2": true,
        "tag_status": "inactive",
        "tag_last_pulled": null,
        "tag_last_pushed": "2018-09-05T01:43:42.085693Z",
        "media_type": "application/vnd.docker.distribution.manifest.list.v2+json",
        "content_type": "image"
    },
    {
        "creator": 2215,
        "id": 13429369,
        "images": [
            {
                "architecture": "amd64",
                "features": "",
                "variant": null,
                "digest": "sha256:eaee5e86338bb74b7269efa5a5146c33de694018a8dd8a0bd5db206115fbbd87",
                "os": "linux",
                "os_features": "",
                "os_version": null,
                "size": 42630297,
                "status": "inactive",
                "last_pulled": null,
                "last_pushed": null
            }
        ],
        "last_updated": "2018-09-05T01:43:52.201746Z",
        "last_updater": 1156886,
        "last_updater_username": "doijanky",
        "name": "artful-non-free",
        "repository": 42825,
        "full_size": 42630297,
        "v2": true,
        "tag_status": "inactive",
        "tag_last_pulled": null,
        "tag_last_pushed": "2018-09-05T01:43:52.201746Z",
        "media_type": "application/vnd.docker.distribution.manifest.list.v2+json",
        "content_type": "image"
    },
    {
        "creator": 1156886,
        "id": 53451540,
        "images": [
            {
                "architecture": "amd64",
                "features": "",
                "variant": null,
                "digest": "sha256:9391663bc320c2276d729d4aec31e9da83ad10f02d3edee505f8a977f4340301",
                "os": "linux",
                "os_features": "",
                "os_version": null,
                "size": 32192260,
                "status": "active",
                "last_pulled": "2024-01-16T12:30:29.023913Z",
                "last_pushed": null
            }
        ],
        "last_updated": "2019-07-23T15:49:31.596562Z",
        "last_updater": 1156886,
        "last_updater_username": "doijanky",
        "name": "cosmic",
        "repository": 42825,
        "full_size": 32192260,
        "v2": true,
        "tag_status": "active",
        "tag_last_pulled": "2024-01-16T12:30:29.023913Z",
        "tag_last_pushed": "2019-07-23T15:49:31.596562Z",
        "media_type": "application/vnd.docker.distribution.manifest.list.v2+json",
        "content_type": "image"
    },
    {
        "creator": 1156886,
        "id": 53451550,
        "images": [
            {
                "architecture": "amd64",
                "features": "",
                "variant": null,
                "digest": "sha256:a271e2440f01a2199d4fd82c1ce63094c9a96d0d1b8ade8a23e9d7f450d72b63",
                "os": "linux",
                "os_features": "",
                "os_version": null,
                "size": 32192519,
                "status": "active",
                "last_pulled": "2024-01-16T12:30:37.742949Z",
                "last_pushed": null
            }
        ],
        "last_updated": "2019-07-23T15:49:42.343037Z",
        "last_updater": 1156886,
        "last_updater_username": "doijanky",
        "name": "cosmic-non-free",
        "repository": 42825,
        "full_size": 32192519,
        "v2": true,
        "tag_status": "active",
        "tag_last_pulled": "2024-01-16T12:30:37.742949Z",
        "tag_last_pushed": "2019-07-23T15:49:42.343037Z",
        "media_type": "application/vnd.docker.distribution.manifest.list.v2+json",
        "content_type": "image"
    },
    {
        "creator": 1156886,
        "id": 79726294,
        "images": [
            {
                "architecture": "amd64",
                "features": "",
                "variant": null,
                "digest": "sha256:354d7cb6d06efac1caa21c8829b78b0280380c0833b79a0fb80e494dc3c9a079",
                "os": "linux",
                "os_features": "",
                "os_version": null,
                "size": 33309110,
                "status": "active",
                "last_pulled": "2024-01-16T12:30:45.834563Z",
                "last_pushed": null
            }
        ],
        "last_updated": "2020-01-16T05:07:49.500513Z",
        "last_updater": 1156886,
        "last_updater_username": "doijanky",
        "name": "disco",
        "repository": 42825,
        "full_size": 33309110,
        "v2": true,
        "tag_status": "active",
        "tag_last_pulled": "2024-01-16T12:30:45.834563Z",
        "tag_last_pushed": "2020-01-16T05:07:49.500513Z",
        "media_type": "application/vnd.docker.distribution.manifest.list.v2+json",
        "content_type": "image"
    },
    {
        "creator": 1156886,
        "id": 79726303,
        "images": [
            {
                "architecture": "amd64",
                "features": "",
                "variant": null,
                "digest": "sha256:4b9defd646ba5948e2926dcb3c53bc7d709642d59766bd2d42db245e84dcf3dc",
                "os": "linux",
                "os_features": "",
                "os_version": null,
                "size": 33309364,
                "status": "active",
                "last_pulled": "2024-01-16T12:30:53.645113Z",
                "last_pushed": null
            }
        ],
        "last_updated": "2020-01-16T05:07:56.929183Z",
        "last_updater": 1156886,
        "last_updater_username": "doijanky",
        "name": "disco-non-free",
        "repository": 42825,
        "full_size": 33309364,
        "v2": true,
        "tag_status": "active",
        "tag_last_pulled": "2024-01-16T12:30:53.645113Z",
        "tag_last_pushed": "2020-01-16T05:07:56.929183Z",
        "media_type": "application/vnd.docker.distribution.manifest.list.v2+json",
        "content_type": "image"
    },
    {
        "creator": 1156886,
        "id": 131157370,
        "images": [
            {
                "architecture": "amd64",
                "features": "",
                "variant": null,
                "digest": "sha256:d2b9e74a37481daeea48dbfd068332c52ea2f00409d99ad31a4e6d082813fc8a",
                "os": "linux",
                "os_features": "",
                "os_version": null,
                "size": 37197002,
                "status": "active",
                "last_pulled": "2024-01-19T11:15:54.828817Z",
                "last_pushed": "2021-07-27T00:35:02.530974Z"
            }
        ],
        "last_updated": "2021-07-27T00:35:03.409212Z",
        "last_updater": 1156886,
        "last_updater_username": "doijanky",
        "name": "groovy",
        "repository": 42825,
        "full_size": 37197002,
        "v2": true,
        "tag_status": "active",
        "tag_last_pulled": "2024-01-19T11:15:54.828817Z",
        "tag_last_pushed": "2021-07-27T00:35:03.409212Z",
        "media_type": "application/vnd.docker.distribution.manifest.list.v2+json",
        "content_type": "image"
    },
    {
        "creator": 1156886,
        "id": 131157401,
        "images": [
            {
                "architecture": "amd64",
                "features": "",
                "variant": null,
                "digest": "sha256:d95358bad76b76036bf12a80a8c9499301201edaf87d22ad42596e6ed7b7e2c1",
                "os": "linux",
                "os_features": "",
                "os_version": null,
                "size": 37197259,
                "status": "active",
                "last_pulled": "2024-01-16T12:31:28.614097Z",
                "last_pushed": "2021-07-27T00:35:09.957987Z"
            }
        ],
        "last_updated": "2021-07-27T00:35:11.138354Z",
        "last_updater": 1156886,
        "last_updater_username": "doijanky",
        "name": "groovy-non-free",
        "repository": 42825,
        "full_size": 37197259,
        "v2": true,
        "tag_status": "active",
        "tag_last_pulled": "2024-01-16T12:31:28.614097Z",
        "tag_last_pushed": "2021-07-27T00:35:11.138354Z",
        "media_type": "application/vnd.docker.distribution.manifest.list.v2+json",
        "content_type": "image"
    },
    {
        "creator": 1156886,
        "id": 156095055,
        "images": [
            {
                "architecture": "amd64",
                "features": "",
                "variant": null,
                "digest": "sha256:18ee20fb6921f078c5a6e33d1739b4c6565e15fa9ea9b4cf2796690cab16ba6c",
                "os": "linux",
                "os_features": "",
                "os_version": null,
                "size": 37553662,
                "status": "active",
                "last_pulled": "2024-01-16T12:31:36.743835Z",
                "last_pushed": "2022-02-02T08:07:54.378748Z"
            }
        ],
        "last_updated": "2022-02-02T08:07:56.514118Z",
        "last_updater": 1156886,
        "last_updater_username": "doijanky",
        "name": "hirsute",
        "repository": 42825,
        "full_size": 37553662,
        "v2": true,
        "tag_status": "active",
        "tag_last_pulled": "2024-01-16T12:31:36.743835Z",
        "tag_last_pushed": "2022-02-02T08:07:56.514118Z",
        "media_type": "application/vnd.docker.distribution.manifest.list.v2+json",
        "content_type": "image"
    },
    {
        "creator": 1156886,
        "id": 156095060,
        "images": [
            {
                "architecture": "amd64",
                "features": "",
                "variant": null,
                "digest": "sha256:dbd5106db097147a2b99ff5ac1cf22a7eb13d335e113d01ad62706f51759d56d",
                "os": "linux",
                "os_features": "",
                "os_version": null,
                "size": 37553919,
                "status": "active",
                "last_pulled": "2024-01-16T12:31:45.112022Z",
                "last_pushed": "2022-02-02T08:08:01.143741Z"
            }
        ],
        "last_updated": "2022-02-02T08:08:03.144247Z",
        "last_updater": 1156886,
        "last_updater_username": "doijanky",
        "name": "hirsute-non-free",
        "repository": 42825,
        "full_size": 37553919,
        "v2": true,
        "tag_status": "active",
        "tag_last_pulled": "2024-01-16T12:31:45.112022Z",
        "tag_last_pushed": "2022-02-02T08:08:03.144247Z",
        "media_type": "application/vnd.docker.distribution.manifest.list.v2+json",
        "content_type": "image"
    },
    {
        "creator": 1156886,
        "id": 197755881,
        "images": [
            {
                "architecture": "amd64",
                "features": "",
                "variant": null,
                "digest": "sha256:db1963ee159e0dca0159562742ad532d2a086a988b9354057ed8d77647b5e0f8",
                "os": "linux",
                "os_features": "",
                "os_version": null,
                "size": 34384580,
                "status": "active",
                "last_pulled": "2024-01-16T12:31:53.114533Z",
                "last_pushed": "2022-06-07T00:56:30.077491Z"
            },
            {
                "architecture": "arm64",
                "features": "",
                "variant": "v8",
                "digest": "sha256:e1fc2dc1b64614617f8ce4060fb2907481ab2353c8bf21c3050761a267fbd9d7",
                "os": "linux",
                "os_features": "",
                "os_version": null,
                "size": 32856492,
                "status": "active",
                "last_pulled": "2024-01-11T23:24:27.171737Z",
                "last_pushed": "2022-07-19T20:15:37.262022Z"
            }
        ],
        "last_updated": "2022-07-19T20:15:40.0214Z",
        "last_updater": 1156886,
        "last_updater_username": "doijanky",
        "name": "impish",
        "repository": 42825,
        "full_size": 34384580,
        "v2": true,
        "tag_status": "active",
        "tag_last_pulled": "2024-01-16T12:31:53.114533Z",
        "tag_last_pushed": "2022-07-19T20:15:40.0214Z",
        "media_type": "application/vnd.docker.distribution.manifest.list.v2+json",
        "content_type": "image"
    },
    {
        "creator": 1156886,
        "id": 197755891,
        "images": [
            {
                "architecture": "amd64",
                "features": "",
                "variant": null,
                "digest": "sha256:fa54f734923cf3bc814f9ca42375869480681699d414e88acb6e22b84dc40570",
                "os": "linux",
                "os_features": "",
                "os_version": null,
                "size": 34384840,
                "status": "active",
                "last_pulled": "2024-01-16T12:32:02.898607Z",
                "last_pushed": "2022-07-19T20:15:50.068243Z"
            },
            {
                "architecture": "arm64",
                "features": "",
                "variant": "v8",
                "digest": "sha256:d4317d75f7993f1c0989813fb01ddb8c37b2c45f469d348b3f06cf10fb4fc29e",
                "os": "linux",
                "os_features": "",
                "os_version": null,
                "size": 32856749,
                "status": "active",
                "last_pulled": "2024-01-11T23:24:20.528694Z",
                "last_pushed": "2022-07-19T20:15:51.380227Z"
            }
        ],
        "last_updated": "2022-07-19T20:15:53.749448Z",
        "last_updater": 1156886,
        "last_updater_username": "doijanky",
        "name": "impish-non-free",
        "repository": 42825,
        "full_size": 34384840,
        "v2": true,
        "tag_status": "active",
        "tag_last_pulled": "2024-01-16T12:32:02.898607Z",
        "tag_last_pushed": "2022-07-19T20:15:53.749448Z",
        "media_type": "application/vnd.docker.distribution.manifest.list.v2+json",
        "content_type": "image"
    },
    {
        "creator": 7,
        "id": 26391,
        "images": [
            {
                "architecture": "amd64",
                "features": "",
                "variant": null,
                "digest": "sha256:43130141228fa40f0853a3261859d8d8abb2584723529017de96b2e49ee03537",
                "os": "linux",
                "os_features": "",
                "os_version": null,
                "size": 54694654,
                "status": "active",
                "last_pulled": "2024-01-16T12:32:24.299399Z",
                "last_pushed": "2020-12-11T17:32:00.945291Z"
            }
        ],
        "last_updated": "2020-12-11T17:32:04.083056Z",
        "last_updater": 1156886,
        "last_updater_username": "doijanky",
        "name": "jessie",
        "repository": 42825,
        "full_size": 54694654,
        "v2": true,
        "tag_status": "active",
        "tag_last_pulled": "2024-01-16T12:32:24.299399Z",
        "tag_last_pushed": "2020-12-11T17:32:04.083056Z",
        "media_type": "application/vnd.docker.distribution.manifest.list.v2+json",
        "content_type": "image",
        "digest": "sha256:ebba50eeb837db36627d904745c73c471457bc6ed4af56d8ea1efd1db56e5a59"
    },
    {
        "creator": 2215,
        "id": 13429464,
        "images": [
            {
                "architecture": "amd64",
                "features": "",
                "variant": null,
                "digest": "sha256:7481f92c24adde6bab08a1ad461e3f5e4ca312da887ee06eac972ce77b847900",
                "os": "linux",
                "os_features": "",
                "os_version": null,
                "size": 54695021,
                "status": "active",
                "last_pulled": "2024-01-16T12:32:26.138422Z",
                "last_pushed": "2020-12-11T17:32:12.263216Z"
            }
        ],
        "last_updated": "2020-12-11T17:32:12.771876Z",
        "last_updater": 1156886,
        "last_updater_username": "doijanky",
        "name": "jessie-non-free",
        "repository": 42825,
        "full_size": 54695021,
        "v2": true,
        "tag_status": "active",
        "tag_last_pulled": "2024-01-16T12:32:26.138422Z",
        "tag_last_pushed": "2020-12-11T17:32:12.771876Z",
        "media_type": "application/vnd.docker.distribution.manifest.list.v2+json",
        "content_type": "image"
    },
    {
        "creator": 7,
        "id": 26399,
        "images": [
            {
                "architecture": "amd64",
                "features": "",
                "variant": null,
                "digest": "sha256:7e2f4a2853493ad4e781e12b285607d2c3cb0557d40d96dad82bff641f9dfd5f",
                "os": "",
                "os_features": "",
                "os_version": null,
                "size": 39033506,
                "status": "active",
                "last_pulled": "2024-01-19T16:24:13.353527Z",
                "last_pushed": null
            }
        ],
        "last_updated": "2015-04-23T11:12:22Z",
        "last_updater": 7,
        "last_updater_username": "library",
        "name": "lucid",
        "repository": 42825,
        "full_size": 97362132,
        "v2": true,
        "tag_status": "active",
        "tag_last_pulled": "2024-01-19T16:24:13.353527Z",
        "tag_last_pushed": "2015-04-23T11:12:22Z",
        "media_type": "application/vnd.docker.distribution.manifest.v1+prettyjws",
        "content_type": "image",
        "digest": "sha256:7e2f4a2853493ad4e781e12b285607d2c3cb0557d40d96dad82bff641f9dfd5f"
    },
    {
        "creator": 7,
        "id": 26413,
        "images": [
            {
                "architecture": "amd64",
                "features": "",
                "variant": null,
                "digest": "sha256:785273a973fb01f96c449fff29bae72877c8da6d6b45bbae3810ee300142bf59",
                "os": "",
                "os_features": "",
                "os_version": null,
                "size": 39033506,
                "status": "active",
                "last_pulled": "2024-01-19T16:24:13.140733Z",
                "last_pushed": null
            }
        ],
        "last_updated": "2015-04-23T11:14:11Z",
        "last_updater": 7,
        "last_updater_username": "library",
        "name": "nd10.04",
        "repository": 42825,
        "full_size": 97362132,
        "v2": true,
        "tag_status": "active",
        "tag_last_pulled": "2024-01-19T16:24:13.140733Z",
        "tag_last_pushed": "2015-04-23T11:14:11Z",
        "media_type": "application/vnd.docker.distribution.manifest.v1+prettyjws",
        "content_type": "image",
        "digest": "sha256:785273a973fb01f96c449fff29bae72877c8da6d6b45bbae3810ee300142bf59"
    },
    {
        "creator": 7,
        "id": 26418,
        "images": [
            {
                "architecture": "amd64",
                "features": "",
                "variant": null,
                "digest": "sha256:87d390deb1011a432b8c501a081146c986bfe8191939e6a7fe0db87505b513e8",
                "os": "linux",
                "os_features": "",
                "os_version": null,
                "size": 39159645,
                "status": "inactive",
                "last_pulled": null,
                "last_pushed": null
            }
        ],
        "last_updated": "2017-06-03T00:07:56.926327Z",
        "last_updater": 2215,
        "last_updater_username": "stackbrew",
        "name": "nd12.04",
        "repository": 42825,
        "full_size": 39159645,
        "v2": true,
        "tag_status": "inactive",
        "tag_last_pulled": "2024-01-16T11:51:22.351819Z",
        "tag_last_pushed": "2017-06-03T00:07:56.926327Z",
        "media_type": "application/vnd.docker.container.image.v1+json",
        "content_type": "image",
        "digest": "sha256:06bc55a3655f5486889201d8e5dcdb28b3a6949dc41a0c5cbbcb2f7c37c83c71"
    },
    {
        "creator": 7,
        "id": 26420,
        "images": [
            {
                "architecture": "amd64",
                "features": "",
                "variant": null,
                "digest": "sha256:7551c1062ab7b8567f2caad9797d2a8555a01b895e8c67f2d18936731d137e63",
                "os": "linux",
                "os_features": "",
                "os_version": null,
                "size": 71469387,
                "status": "active",
                "last_pulled": "2024-01-16T12:33:09.104801Z",
                "last_pushed": "2020-09-16T23:37:21.878122Z"
            }
        ],
        "last_updated": "2020-09-16T23:37:24.464481Z",
        "last_updater": 1156886,
        "last_updater_username": "doijanky",
        "name": "nd14.04",
        "repository": 42825,
        "full_size": 0,
        "v2": true,
        "tag_status": "active",
        "tag_last_pulled": "2024-01-16T12:33:09.104801Z",
        "tag_last_pushed": "2020-09-16T23:37:24.464481Z",
        "media_type": "application/vnd.docker.distribution.manifest.list.v2+json",
        "content_type": "image",
        "digest": "sha256:61f75e4abeea8782e74192ec6ea67b2c16a0f00ef655d00d9354b87972ce4d24"
    },
    {
        "creator": 2215,
        "id": 13429231,
        "images": [
            {
                "architecture": "amd64",
                "features": "",
                "variant": null,
                "digest": "sha256:20747ce188a9599ff190d97def9d912f4ea0f8a53d2c0155deff872e5254aa8a",
                "os": "linux",
                "os_features": "",
                "os_version": null,
                "size": 71469644,
                "status": "active",
                "last_pulled": "2024-01-16T12:33:20.613331Z",
                "last_pushed": "2020-09-16T23:37:30.736825Z"
            }
        ],
        "last_updated": "2020-09-16T23:37:33.04959Z",
        "last_updater": 1156886,
        "last_updater_username": "doijanky",
        "name": "nd14.04-non-free",
        "repository": 42825,
        "full_size": 0,
        "v2": true,
        "tag_status": "active",
        "tag_last_pulled": "2024-01-16T12:33:20.613331Z",
        "tag_last_pushed": "2020-09-16T23:37:33.04959Z",
        "media_type": "application/vnd.docker.distribution.manifest.list.v2+json",
        "content_type": "image"
    },
    {
        "creator": 7,
        "id": 26397,
        "images": [
            {
                "architecture": "amd64",
                "features": "",
                "variant": null,
                "digest": "sha256:f2cebb80fe75c942d168760c230b028b640d4dc756d24f4af6b2c5bd98a0b2a1",
                "os": "",
                "os_features": "",
                "os_version": null,
                "size": 45049588,
                "status": "active",
                "last_pulled": "2024-01-16T12:33:33.398626Z",
                "last_pushed": null
            }
        ],
        "last_updated": "2015-10-28T05:58:37.999046Z",
        "last_updater": 2215,
        "last_updater_username": "stackbrew",
        "name": "nd14.10",
        "repository": 42825,
        "full_size": 45049588,
        "v2": true,
        "tag_status": "active",
        "tag_last_pulled": "2024-01-16T12:33:33.398626Z",
        "tag_last_pushed": "2015-10-28T05:58:37.999046Z",
        "media_type": "application/vnd.docker.distribution.manifest.v1+prettyjws",
        "content_type": "image",
        "digest": "sha256:f2cebb80fe75c942d168760c230b028b640d4dc756d24f4af6b2c5bd98a0b2a1"
    },
    {
        "creator": 7,
        "id": 26410,
        "images": [
            {
                "architecture": "amd64",
                "features": "",
                "variant": null,
                "digest": "sha256:d65b29ecdd8af42782af9bea24e9429df11ce70fa3ede3983cc901236d096cf1",
                "os": "linux",
                "os_features": "",
                "os_version": null,
                "size": 49350471,
                "status": "inactive",
                "last_pulled": null,
                "last_pushed": null
            }
        ],
        "last_updated": "2016-06-01T23:11:14.277562Z",
        "last_updater": 621950,
        "last_updater_username": "signer",
        "name": "nd15.04",
        "repository": 42825,
        "full_size": 49350471,
        "v2": true,
        "tag_status": "inactive",
        "tag_last_pulled": "2024-01-16T11:52:08.363944Z",
        "tag_last_pushed": "2016-06-01T23:11:14.277562Z",
        "media_type": "application/octet-stream",
        "content_type": "unrecognized",
        "digest": "sha256:6b06c2fcc605021457c69549cb6854032e7de101ab006b2825d82ca5f47b85db"
    },
    {
        "creator": 2215,
        "id": 1305511,
        "images": [
            {
                "architecture": "amd64",
                "features": "",
                "variant": null,
                "digest": "sha256:20ca8042c6030c207db0edfe206e742293e9c80eb408dff701c8da5408f4acd2",
                "os": "linux",
                "os_features": "",
                "os_version": null,
                "size": 51084779,
                "status": "inactive",
                "last_pulled": null,
                "last_pushed": null
            }
        ],
        "last_updated": "2016-07-22T18:13:33.960683Z",
        "last_updater": 621950,
        "last_updater_username": "signer",
        "name": "nd15.10",
        "repository": 42825,
        "full_size": 51084779,
        "v2": true,
        "tag_status": "inactive",
        "tag_last_pulled": "2024-01-16T11:52:08.322895Z",
        "tag_last_pushed": "2016-07-22T18:13:33.960683Z",
        "media_type": "application/octet-stream",
        "content_type": "unrecognized",
        "digest": "sha256:d3b647b6e69815cfc7c01d55ef0647878031639f3ca0b06d03cc0df11ce737f4"
    },
    {
        "creator": 621950,
        "id": 4538334,
        "images": [
            {
                "architecture": "amd64",
                "features": "",
                "variant": null,
                "digest": "sha256:d80e83bfcc000dd04b02c778a1297c7ad2540cb555ab96c90ec154c6a4f0f495",
                "os": "linux",
                "os_features": "",
                "os_version": null,
                "size": 46729666,
                "status": "active",
                "last_pulled": "2024-01-19T18:28:08.713044Z",
                "last_pushed": "2022-03-16T17:56:16.690066Z"
            },
            {
                "architecture": "arm64",
                "features": "",
                "variant": "v8",
                "digest": "sha256:05c5cb994c997818d3e7a4cc9a93b4617cca74c5a3137819b0fb0959cf993aa0",
                "os": "linux",
                "os_features": "",
                "os_version": null,
                "size": 41471729,
                "status": "active",
                "last_pulled": "2024-01-11T23:24:14.589991Z",
                "last_pushed": "2022-10-26T00:56:01.460142Z"
            }
        ],
        "last_updated": "2022-10-26T00:56:03.778546Z",
        "last_updater": 1156886,
        "last_updater_username": "doijanky",
        "name": "nd16.04",
        "repository": 42825,
        "full_size": 46729666,
        "v2": true,
        "tag_status": "active",
        "tag_last_pulled": "2024-01-19T18:28:08.713044Z",
        "tag_last_pushed": "2022-10-26T00:56:03.778546Z",
        "media_type": "application/vnd.docker.distribution.manifest.list.v2+json",
        "content_type": "image",
        "digest": "sha256:567140ec35442d6e8c2978e51a7244689c7dc9655b7401026a76f338b37b8f37"
    },
    {
        "creator": 2215,
        "id": 13429250,
        "images": [
            {
                "architecture": "amd64",
                "features": "",
                "variant": null,
                "digest": "sha256:855db2a2543daaf4e085777944831f96ea7a6212d2231da7614dcb717c8a6df4",
                "os": "linux",
                "os_features": "",
                "os_version": null,
                "size": 46729925,
                "status": "active",
                "last_pulled": "2024-01-16T12:34:03.4383Z",
                "last_pushed": "2022-07-19T20:18:03.918946Z"
            },
            {
                "architecture": "arm64",
                "features": "",
                "variant": "v8",
                "digest": "sha256:91d3db2c58f349a72059c4078aacbdae338ce049cffdfdfe8fc3419f096193a1",
                "os": "linux",
                "os_features": "",
                "os_version": null,
                "size": 41471986,
                "status": "active",
                "last_pulled": "2024-01-11T23:24:05.634598Z",
                "last_pushed": "2022-10-26T00:56:09.231158Z"
            }
        ],
        "last_updated": "2022-10-26T00:56:11.505999Z",
        "last_updater": 1156886,
        "last_updater_username": "doijanky",
        "name": "nd16.04-non-free",
        "repository": 42825,
        "full_size": 46729925,
        "v2": true,
        "tag_status": "active",
        "tag_last_pulled": "2024-01-16T12:34:03.4383Z",
        "tag_last_pushed": "2022-10-26T00:56:11.505999Z",
        "media_type": "application/vnd.docker.distribution.manifest.list.v2+json",
        "content_type": "image",
        "digest": "sha256:20ede53940a20342c5665782500e28f6b2a7950237abf6a820d903173f03117f"
    },
    {
        "creator": 621950,
        "id": 4538329,
        "images": [
            {
                "architecture": "amd64",
                "features": "",
                "variant": null,
                "digest": "sha256:464c9a319b4390bfcd638cbe38ac22a9b80eaa320cca0770b6ff2979536a50fa",
                "os": "linux",
                "os_features": "",
                "os_version": null,
                "size": 46037844,
                "status": "inactive",
                "last_pulled": null,
                "last_pushed": null
            }
        ],
        "last_updated": "2017-07-26T07:15:59.365168Z",
        "last_updater": 2215,
        "last_updater_username": "stackbrew",
        "name": "nd16.10",
        "repository": 42825,
        "full_size": 46037844,
        "v2": true,
        "tag_status": "inactive",
        "tag_last_pulled": null,
        "tag_last_pushed": "2017-07-26T07:15:59.365168Z",
        "media_type": "application/vnd.docker.container.image.v1+json",
        "content_type": "image"
    },
    {
        "creator": 2215,
        "id": 11899722,
        "images": [
            {
                "architecture": "amd64",
                "features": "",
                "variant": null,
                "digest": "sha256:f980c44174e17e1342b91b017934fc4074b191e4c0601ea2077be2889b4d016f",
                "os": "linux",
                "os_features": "",
                "os_version": null,
                "size": 42046871,
                "status": "inactive",
                "last_pulled": null,
                "last_pushed": null
            }
        ],
        "last_updated": "2017-12-14T22:44:04.504971Z",
        "last_updater": 1156886,
        "last_updater_username": "doijanky",
        "name": "nd17.04",
        "repository": 42825,
        "full_size": 42046871,
        "v2": true,
        "tag_status": "inactive",
        "tag_last_pulled": null,
        "tag_last_pushed": "2017-12-14T22:44:04.504971Z",
        "media_type": "application/vnd.docker.distribution.manifest.list.v2+json",
        "content_type": "image"
    },
    {
        "creator": 2215,
        "id": 13429266,
        "images": [
            {
                "architecture": "amd64",
                "features": "",
                "variant": null,
                "digest": "sha256:c3b53377233fe3faa798f1286dd6aabb2780aed8dfc9d7ec11ae4319851f1ff8",
                "os": "linux",
                "os_features": "",
                "os_version": null,
                "size": 42047127,
                "status": "inactive",
                "last_pulled": null,
                "last_pushed": null
            }
        ],
        "last_updated": "2017-12-14T22:44:15.61891Z",
        "last_updater": 1156886,
        "last_updater_username": "doijanky",
        "name": "nd17.04-non-free",
        "repository": 42825,
        "full_size": 42047127,
        "v2": true,
        "tag_status": "inactive",
        "tag_last_pulled": null,
        "tag_last_pushed": "2017-12-14T22:44:15.61891Z",
        "media_type": "application/vnd.docker.distribution.manifest.list.v2+json",
        "content_type": "image"
    },
    {
        "creator": 2215,
        "id": 11899804,
        "images": [
            {
                "architecture": "amd64",
                "features": "",
                "variant": null,
                "digest": "sha256:e5dc42008de5385a83530a80b28e75987a111a6bcf918735c97d886d8a5aee9d",
                "os": "linux",
                "os_features": "",
                "os_version": null,
                "size": 42630041,
                "status": "inactive",
                "last_pulled": null,
                "last_pushed": null
            }
        ],
        "last_updated": "2018-09-05T01:43:42.420628Z",
        "last_updater": 1156886,
        "last_updater_username": "doijanky",
        "name": "nd17.10",
        "repository": 42825,
        "full_size": 42630041,
        "v2": true,
        "tag_status": "inactive",
        "tag_last_pulled": null,
        "tag_last_pushed": "2018-09-05T01:43:42.420628Z",
        "media_type": "application/vnd.docker.distribution.manifest.list.v2+json",
        "content_type": "image"
    },
    {
        "creator": 2215,
        "id": 13429372,
        "images": [
            {
                "architecture": "amd64",
                "features": "",
                "variant": null,
                "digest": "sha256:eaee5e86338bb74b7269efa5a5146c33de694018a8dd8a0bd5db206115fbbd87",
                "os": "linux",
                "os_features": "",
                "os_version": null,
                "size": 42630297,
                "status": "inactive",
                "last_pulled": null,
                "last_pushed": null
            }
        ],
        "last_updated": "2018-09-05T01:43:52.653703Z",
        "last_updater": 1156886,
        "last_updater_username": "doijanky",
        "name": "nd17.10-non-free",
        "repository": 42825,
        "full_size": 42630297,
        "v2": true,
        "tag_status": "inactive",
        "tag_last_pulled": null,
        "tag_last_pushed": "2018-09-05T01:43:52.653703Z",
        "media_type": "application/vnd.docker.distribution.manifest.list.v2+json",
        "content_type": "image"
    },
    {
        "creator": 1156886,
        "id": 53451543,
        "images": [
            {
                "architecture": "amd64",
                "features": "",
                "variant": null,
                "digest": "sha256:9391663bc320c2276d729d4aec31e9da83ad10f02d3edee505f8a977f4340301",
                "os": "linux",
                "os_features": "",
                "os_version": null,
                "size": 32192260,
                "status": "active",
                "last_pulled": "2024-01-16T12:30:29.023913Z",
                "last_pushed": null
            }
        ],
        "last_updated": "2019-07-23T15:50:25.722236Z",
        "last_updater": 1156886,
        "last_updater_username": "doijanky",
        "name": "nd18.10",
        "repository": 42825,
        "full_size": 32192260,
        "v2": true,
        "tag_status": "active",
        "tag_last_pulled": "2024-01-16T12:30:29.023913Z",
        "tag_last_pushed": "2019-07-23T15:50:25.722236Z",
        "media_type": "application/vnd.docker.distribution.manifest.list.v2+json",
        "content_type": "image"
    },
    {
        "creator": 1156886,
        "id": 53451551,
        "images": [
            {
                "architecture": "amd64",
                "features": "",
                "variant": null,
                "digest": "sha256:a271e2440f01a2199d4fd82c1ce63094c9a96d0d1b8ade8a23e9d7f450d72b63",
                "os": "linux",
                "os_features": "",
                "os_version": null,
                "size": 32192519,
                "status": "active",
                "last_pulled": "2024-01-16T12:30:37.742949Z",
                "last_pushed": null
            }
        ],
        "last_updated": "2019-07-23T15:50:28.959267Z",
        "last_updater": 1156886,
        "last_updater_username": "doijanky",
        "name": "nd18.10-non-free",
        "repository": 42825,
        "full_size": 32192519,
        "v2": true,
        "tag_status": "active",
        "tag_last_pulled": "2024-01-16T12:30:37.742949Z",
        "tag_last_pushed": "2019-07-23T15:50:28.959267Z",
        "media_type": "application/vnd.docker.distribution.manifest.list.v2+json",
        "content_type": "image"
    },
    {
        "creator": 1156886,
        "id": 79726310,
        "images": [
            {
                "architecture": "amd64",
                "features": "",
                "variant": null,
                "digest": "sha256:354d7cb6d06efac1caa21c8829b78b0280380c0833b79a0fb80e494dc3c9a079",
                "os": "linux",
                "os_features": "",
                "os_version": null,
                "size": 33309110,
                "status": "active",
                "last_pulled": "2024-01-16T12:30:45.834563Z",
                "last_pushed": null
            }
        ],
        "last_updated": "2020-01-16T05:08:36.013151Z",
        "last_updater": 1156886,
        "last_updater_username": "doijanky",
        "name": "nd19.04",
        "repository": 42825,
        "full_size": 33309110,
        "v2": true,
        "tag_status": "active",
        "tag_last_pulled": "2024-01-16T12:30:45.834563Z",
        "tag_last_pushed": "2020-01-16T05:08:36.013151Z",
        "media_type": "application/vnd.docker.distribution.manifest.list.v2+json",
        "content_type": "image"
    },
    {
        "creator": 1156886,
        "id": 79726312,
        "images": [
            {
                "architecture": "amd64",
                "features": "",
                "variant": null,
                "digest": "sha256:4b9defd646ba5948e2926dcb3c53bc7d709642d59766bd2d42db245e84dcf3dc",
                "os": "linux",
                "os_features": "",
                "os_version": null,
                "size": 33309364,
                "status": "active",
                "last_pulled": "2024-01-16T12:30:53.645113Z",
                "last_pushed": null
            }
        ],
        "last_updated": "2020-01-16T05:08:38.572189Z",
        "last_updater": 1156886,
        "last_updater_username": "doijanky",
        "name": "nd19.04-non-free",
        "repository": 42825,
        "full_size": 33309364,
        "v2": true,
        "tag_status": "active",
        "tag_last_pulled": "2024-01-16T12:30:53.645113Z",
        "tag_last_pushed": "2020-01-16T05:08:38.572189Z",
        "media_type": "application/vnd.docker.distribution.manifest.list.v2+json",
        "content_type": "image"
    },
    {
        "creator": 1156886,
        "id": 131157441,
        "images": [
            {
                "architecture": "amd64",
                "features": "",
                "variant": null,
                "digest": "sha256:d2b9e74a37481daeea48dbfd068332c52ea2f00409d99ad31a4e6d082813fc8a",
                "os": "linux",
                "os_features": "",
                "os_version": null,
                "size": 37197002,
                "status": "active",
                "last_pulled": "2024-01-19T11:15:54.828817Z",
                "last_pushed": "2021-07-27T00:35:02.530974Z"
            }
        ],
        "last_updated": "2021-07-27T00:36:14.535117Z",
        "last_updater": 1156886,
        "last_updater_username": "doijanky",
        "name": "nd20.10",
        "repository": 42825,
        "full_size": 37197002,
        "v2": true,
        "tag_status": "active",
        "tag_last_pulled": "2024-01-19T11:15:54.828817Z",
        "tag_last_pushed": "2021-07-27T00:36:14.535117Z",
        "media_type": "application/vnd.docker.distribution.manifest.list.v2+json",
        "content_type": "image"
    },
    {
        "creator": 1156886,
        "id": 131157456,
        "images": [
            {
                "architecture": "amd64",
                "features": "",
                "variant": null,
                "digest": "sha256:d95358bad76b76036bf12a80a8c9499301201edaf87d22ad42596e6ed7b7e2c1",
                "os": "linux",
                "os_features": "",
                "os_version": null,
                "size": 37197259,
                "status": "active",
                "last_pulled": "2024-01-16T12:31:28.614097Z",
                "last_pushed": "2021-07-27T00:35:09.957987Z"
            }
        ],
        "last_updated": "2021-07-27T00:36:16.764368Z",
        "last_updater": 1156886,
        "last_updater_username": "doijanky",
        "name": "nd20.10-non-free",
        "repository": 42825,
        "full_size": 37197259,
        "v2": true,
        "tag_status": "active",
        "tag_last_pulled": "2024-01-16T12:31:28.614097Z",
        "tag_last_pushed": "2021-07-27T00:36:16.764368Z",
        "media_type": "application/vnd.docker.distribution.manifest.list.v2+json",
        "content_type": "image"
    },
    {
        "creator": 1156886,
        "id": 156095081,
        "images": [
            {
                "architecture": "amd64",
                "features": "",
                "variant": null,
                "digest": "sha256:18ee20fb6921f078c5a6e33d1739b4c6565e15fa9ea9b4cf2796690cab16ba6c",
                "os": "linux",
                "os_features": "",
                "os_version": null,
                "size": 37553662,
                "status": "active",
                "last_pulled": "2024-01-16T12:31:36.743835Z",
                "last_pushed": "2022-02-02T08:07:54.378748Z"
            }
        ],
        "last_updated": "2022-02-02T08:08:19.409657Z",
        "last_updater": 1156886,
        "last_updater_username": "doijanky",
        "name": "nd21.04",
        "repository": 42825,
        "full_size": 37553662,
        "v2": true,
        "tag_status": "active",
        "tag_last_pulled": "2024-01-16T12:31:36.743835Z",
        "tag_last_pushed": "2022-02-02T08:08:19.409657Z",
        "media_type": "application/vnd.docker.distribution.manifest.list.v2+json",
        "content_type": "image"
    },
    {
        "creator": 1156886,
        "id": 156095084,
        "images": [
            {
                "architecture": "amd64",
                "features": "",
                "variant": null,
                "digest": "sha256:dbd5106db097147a2b99ff5ac1cf22a7eb13d335e113d01ad62706f51759d56d",
                "os": "linux",
                "os_features": "",
                "os_version": null,
                "size": 37553919,
                "status": "active",
                "last_pulled": "2024-01-16T12:31:45.112022Z",
                "last_pushed": "2022-02-02T08:08:01.143741Z"
            }
        ],
        "last_updated": "2022-02-02T08:08:21.748168Z",
        "last_updater": 1156886,
        "last_updater_username": "doijanky",
        "name": "nd21.04-non-free",
        "repository": 42825,
        "full_size": 37553919,
        "v2": true,
        "tag_status": "active",
        "tag_last_pulled": "2024-01-16T12:31:45.112022Z",
        "tag_last_pushed": "2022-02-02T08:08:21.748168Z",
        "media_type": "application/vnd.docker.distribution.manifest.list.v2+json",
        "content_type": "image"
    },
    {
        "creator": 1156886,
        "id": 197756035,
        "images": [
            {
                "architecture": "amd64",
                "features": "",
                "variant": null,
                "digest": "sha256:db1963ee159e0dca0159562742ad532d2a086a988b9354057ed8d77647b5e0f8",
                "os": "linux",
                "os_features": "",
                "os_version": null,
                "size": 34384580,
                "status": "active",
                "last_pulled": "2024-01-16T12:31:53.114533Z",
                "last_pushed": "2022-06-07T00:56:30.077491Z"
            },
            {
                "architecture": "arm64",
                "features": "",
                "variant": "v8",
                "digest": "sha256:e1fc2dc1b64614617f8ce4060fb2907481ab2353c8bf21c3050761a267fbd9d7",
                "os": "linux",
                "os_features": "",
                "os_version": null,
                "size": 32856492,
                "status": "active",
                "last_pulled": "2024-01-11T23:24:27.171737Z",
                "last_pushed": "2022-07-19T20:15:37.262022Z"
            }
        ],
        "last_updated": "2022-07-19T20:18:16.418433Z",
        "last_updater": 1156886,
        "last_updater_username": "doijanky",
        "name": "nd21.10",
        "repository": 42825,
        "full_size": 34384580,
        "v2": true,
        "tag_status": "active",
        "tag_last_pulled": "2024-01-16T12:31:53.114533Z",
        "tag_last_pushed": "2022-07-19T20:18:16.418433Z",
        "media_type": "application/vnd.docker.distribution.manifest.list.v2+json",
        "content_type": "image"
    },
    {
        "creator": 1156886,
        "id": 197756041,
        "images": [
            {
                "architecture": "amd64",
                "features": "",
                "variant": null,
                "digest": "sha256:fa54f734923cf3bc814f9ca42375869480681699d414e88acb6e22b84dc40570",
                "os": "linux",
                "os_features": "",
                "os_version": null,
                "size": 34384840,
                "status": "active",
                "last_pulled": "2024-01-16T12:32:02.898607Z",
                "last_pushed": "2022-07-19T20:15:50.068243Z"
            },
            {
                "architecture": "arm64",
                "features": "",
                "variant": "v8",
                "digest": "sha256:d4317d75f7993f1c0989813fb01ddb8c37b2c45f469d348b3f06cf10fb4fc29e",
                "os": "linux",
                "os_features": "",
                "os_version": null,
                "size": 32856749,
                "status": "active",
                "last_pulled": "2024-01-11T23:24:20.528694Z",
                "last_pushed": "2022-07-19T20:15:51.380227Z"
            }
        ],
        "last_updated": "2022-07-19T20:18:19.209409Z",
        "last_updater": 1156886,
        "last_updater_username": "doijanky",
        "name": "nd21.10-non-free",
        "repository": 42825,
        "full_size": 34384840,
        "v2": true,
        "tag_status": "active",
        "tag_last_pulled": "2024-01-16T12:32:02.898607Z",
        "tag_last_pushed": "2022-07-19T20:18:19.209409Z",
        "media_type": "application/vnd.docker.distribution.manifest.list.v2+json",
        "content_type": "image"
    },
    {
        "creator": 7,
        "id": 26390,
        "images": [
            {
                "architecture": "amd64",
                "features": "",
                "variant": null,
                "digest": "sha256:5a48f9dcb5bdd71d32ca793c82e9b1107c1350cc3103326b0d192e52b98a8174",
                "os": "linux",
                "os_features": "",
                "os_version": null,
                "size": 33862992,
                "status": "inactive",
                "last_pulled": null,
                "last_pushed": null
            }
        ],
        "last_updated": "2016-06-01T23:03:27.24765Z",
        "last_updater": 621950,
        "last_updater_username": "signer",
        "name": "nd60",
        "repository": 42825,
        "full_size": 33862992,
        "v2": true,
        "tag_status": "inactive",
        "tag_last_pulled": "2024-01-16T11:52:23.846193Z",
        "tag_last_pushed": "2016-06-01T23:03:27.24765Z",
        "media_type": "application/octet-stream",
        "content_type": "unrecognized",
        "digest": "sha256:10eeba51c60cdb92b6fb1392fe42b007dc144275bead3328fdb64f0ef2dde7a0"
    },
    {
        "creator": 7,
        "id": 26394,
        "images": [
            {
                "architecture": "amd64",
                "features": "",
                "variant": null,
                "digest": "sha256:6a20a66f2055620c455ff7121e685b5cf6b1168f6b5ec7df7aa19fb7958ee193",
                "os": "linux",
                "os_features": "",
                "os_version": null,
                "size": 39343477,
                "status": "inactive",
                "last_pulled": null,
                "last_pushed": null
            }
        ],
        "last_updated": "2018-10-16T07:43:05.780702Z",
        "last_updater": 1156886,
        "last_updater_username": "doijanky",
        "name": "nd70",
        "repository": 42825,
        "full_size": 39343477,
        "v2": true,
        "tag_status": "inactive",
        "tag_last_pulled": "2024-01-16T12:37:06.415037Z",
        "tag_last_pushed": "2018-10-16T07:43:05.780702Z",
        "media_type": "application/vnd.docker.distribution.manifest.list.v2+json",
        "content_type": "image",
        "digest": "sha256:6b43526442dcf90fba95cb367af95ff991edae04a7b66f3eff8bb9042561bea3"
    },
    {
        "creator": 2215,
        "id": 13429445,
        "images": [
            {
                "architecture": "amd64",
                "features": "",
                "variant": null,
                "digest": "sha256:d3556a67640a309520f58bc407b521eb0ff971c7dcac7623a2a32021d6e913ec",
                "os": "linux",
                "os_features": "",
                "os_version": null,
                "size": 39343792,
                "status": "inactive",
                "last_pulled": null,
                "last_pushed": null
            }
        ],
        "last_updated": "2018-11-04T00:42:57.842902Z",
        "last_updater": 1156886,
        "last_updater_username": "doijanky",
        "name": "nd70-non-free",
        "repository": 42825,
        "full_size": 39343792,
        "v2": true,
        "tag_status": "inactive",
        "tag_last_pulled": null,
        "tag_last_pushed": "2018-11-04T00:42:57.842902Z",
        "media_type": "application/vnd.docker.distribution.manifest.list.v2+json",
        "content_type": "image"
    },
    {
        "creator": 7,
        "id": 26393,
        "images": [
            {
                "architecture": "amd64",
                "features": "",
                "variant": null,
                "digest": "sha256:43130141228fa40f0853a3261859d8d8abb2584723529017de96b2e49ee03537",
                "os": "linux",
                "os_features": "",
                "os_version": null,
                "size": 54694654,
                "status": "active",
                "last_pulled": "2024-01-16T12:32:24.299399Z",
                "last_pushed": "2020-12-11T17:32:00.945291Z"
            }
        ],
        "last_updated": "2020-12-11T17:33:13.884719Z",
        "last_updater": 1156886,
        "last_updater_username": "doijanky",
        "name": "nd80",
        "repository": 42825,
        "full_size": 54694654,
        "v2": true,
        "tag_status": "active",
        "tag_last_pulled": "2024-01-16T12:32:24.299399Z",
        "tag_last_pushed": "2020-12-11T17:33:13.884719Z",
        "media_type": "application/vnd.docker.distribution.manifest.list.v2+json",
        "content_type": "image",
        "digest": "sha256:ebba50eeb837db36627d904745c73c471457bc6ed4af56d8ea1efd1db56e5a59"
    },
    {
        "creator": 2215,
        "id": 13429467,
        "images": [
            {
                "architecture": "amd64",
                "features": "",
                "variant": null,
                "digest": "sha256:7481f92c24adde6bab08a1ad461e3f5e4ca312da887ee06eac972ce77b847900",
                "os": "linux",
                "os_features": "",
                "os_version": null,
                "size": 54695021,
                "status": "active",
                "last_pulled": "2024-01-16T12:32:26.138422Z",
                "last_pushed": "2020-12-11T17:32:12.263216Z"
            }
        ],
        "last_updated": "2020-12-11T17:33:17.7443Z",
        "last_updater": 1156886,
        "last_updater_username": "doijanky",
        "name": "nd80-non-free",
        "repository": 42825,
        "full_size": 54695021,
        "v2": true,
        "tag_status": "active",
        "tag_last_pulled": "2024-01-16T12:32:26.138422Z",
        "tag_last_pushed": "2020-12-11T17:33:17.7443Z",
        "media_type": "application/vnd.docker.distribution.manifest.list.v2+json",
        "content_type": "image"
    },
    {
        "creator": 7,
        "id": 26408,
        "images": [
            {
                "architecture": "amd64",
                "features": "",
                "variant": null,
                "digest": "sha256:ae2bf706fa375d0e16130b167f03121c1f2b80144ea4ec031865e6afb05ad164",
                "os": "linux",
                "os_features": "",
                "os_version": null,
                "size": 52298480,
                "status": "active",
                "last_pulled": "2024-01-16T12:37:14.288131Z",
                "last_pushed": "2022-06-23T04:29:53.842308Z"
            }
        ],
        "last_updated": "2022-06-23T04:29:55.831121Z",
        "last_updater": 1156886,
        "last_updater_username": "doijanky",
        "name": "nd90",
        "repository": 42825,
        "full_size": 52298480,
        "v2": true,
        "tag_status": "active",
        "tag_last_pulled": "2024-01-18T23:51:08.920265Z",
        "tag_last_pushed": "2022-06-23T04:29:55.831121Z",
        "media_type": "application/vnd.docker.distribution.manifest.list.v2+json",
        "content_type": "image",
        "digest": "sha256:1aff5c8ea07d16f6a4095cc8a8447db60ee77b0ec87d1f59736ea98ab17a28a8"
    },
    {
        "creator": 2215,
        "id": 13429475,
        "images": [
            {
                "architecture": "amd64",
                "features": "",
                "variant": null,
                "digest": "sha256:6bc5be80ea8d26ee56b2f7685c7bac227b09842134a120b6556868e54227be49",
                "os": "linux",
                "os_features": "",
                "os_version": null,
                "size": 52298844,
                "status": "active",
                "last_pulled": "2024-01-16T19:42:27.794974Z",
                "last_pushed": "2022-06-23T04:30:00.521525Z"
            }
        ],
        "last_updated": "2022-06-23T04:30:02.873666Z",
        "last_updater": 1156886,
        "last_updater_username": "doijanky",
        "name": "nd90-non-free",
        "repository": 42825,
        "full_size": 52298844,
        "v2": true,
        "tag_status": "active",
        "tag_last_pulled": "2024-01-16T19:42:27.794974Z",
        "tag_last_pushed": "2022-06-23T04:30:02.873666Z",
        "media_type": "application/vnd.docker.distribution.manifest.list.v2+json",
        "content_type": "image"
    },
    {
        "creator": 7,
        "id": 26396,
        "images": [
            {
                "architecture": "amd64",
                "features": "",
                "variant": null,
                "digest": "sha256:87d390deb1011a432b8c501a081146c986bfe8191939e6a7fe0db87505b513e8",
                "os": "linux",
                "os_features": "",
                "os_version": null,
                "size": 39159645,
                "status": "inactive",
                "last_pulled": null,
                "last_pushed": null
            }
        ],
        "last_updated": "2017-06-03T00:07:20.648971Z",
        "last_updater": 2215,
        "last_updater_username": "stackbrew",
        "name": "precise",
        "repository": 42825,
        "full_size": 39159645,
        "v2": true,
        "tag_status": "inactive",
        "tag_last_pulled": "2024-01-16T11:51:22.351819Z",
        "tag_last_pushed": "2017-06-03T00:07:20.648971Z",
        "media_type": "application/vnd.docker.container.image.v1+json",
        "content_type": "image",
        "digest": "sha256:06bc55a3655f5486889201d8e5dcdb28b3a6949dc41a0c5cbbcb2f7c37c83c71"
    },
    {
        "creator": 7,
        "id": 26416,
        "images": [
            {
                "architecture": "amd64",
                "features": "",
                "variant": null,
                "digest": "sha256:5a48f9dcb5bdd71d32ca793c82e9b1107c1350cc3103326b0d192e52b98a8174",
                "os": "linux",
                "os_features": "",
                "os_version": null,
                "size": 33862992,
                "status": "inactive",
                "last_pulled": null,
                "last_pushed": null
            }
        ],
        "last_updated": "2016-06-01T23:21:42.028042Z",
        "last_updater": 621950,
        "last_updater_username": "signer",
        "name": "squeeze",
        "repository": 42825,
        "full_size": 33862992,
        "v2": true,
        "tag_status": "inactive",
        "tag_last_pulled": "2024-01-16T11:52:23.846193Z",
        "tag_last_pushed": "2016-06-01T23:21:42.028042Z",
        "media_type": "application/octet-stream",
        "content_type": "unrecognized",
        "digest": "sha256:10eeba51c60cdb92b6fb1392fe42b007dc144275bead3328fdb64f0ef2dde7a0"
    },
    {
        "creator": 7,
        "id": 26398,
        "images": [
            {
                "architecture": "amd64",
                "features": "",
                "variant": null,
                "digest": "sha256:ae2bf706fa375d0e16130b167f03121c1f2b80144ea4ec031865e6afb05ad164",
                "os": "linux",
                "os_features": "",
                "os_version": null,
                "size": 52298480,
                "status": "active",
                "last_pulled": "2024-01-16T12:37:14.288131Z",
                "last_pushed": "2022-06-23T04:29:53.842308Z"
            }
        ],
        "last_updated": "2022-06-23T04:30:12.105437Z",
        "last_updater": 1156886,
        "last_updater_username": "doijanky",
        "name": "stretch",
        "repository": 42825,
        "full_size": 52298480,
        "v2": true,
        "tag_status": "active",
        "tag_last_pulled": "2024-01-18T23:51:08.920265Z",
        "tag_last_pushed": "2022-06-23T04:30:12.105437Z",
        "media_type": "application/vnd.docker.distribution.manifest.list.v2+json",
        "content_type": "image",
        "digest": "sha256:1aff5c8ea07d16f6a4095cc8a8447db60ee77b0ec87d1f59736ea98ab17a28a8"
    },
    {
        "creator": 2215,
        "id": 13429470,
        "images": [
            {
                "architecture": "amd64",
                "features": "",
                "variant": null,
                "digest": "sha256:6bc5be80ea8d26ee56b2f7685c7bac227b09842134a120b6556868e54227be49",
                "os": "linux",
                "os_features": "",
                "os_version": null,
                "size": 52298844,
                "status": "active",
                "last_pulled": "2024-01-16T19:42:27.794974Z",
                "last_pushed": "2022-06-23T04:30:00.521525Z"
            }
        ],
        "last_updated": "2022-06-23T04:30:14.442578Z",
        "last_updater": 1156886,
        "last_updater_username": "doijanky",
        "name": "stretch-non-free",
        "repository": 42825,
        "full_size": 52298844,
        "v2": true,
        "tag_status": "active",
        "tag_last_pulled": "2024-01-16T19:42:27.794974Z",
        "tag_last_pushed": "2022-06-23T04:30:14.442578Z",
        "media_type": "application/vnd.docker.distribution.manifest.list.v2+json",
        "content_type": "image"
    },
    {
        "creator": 7,
        "id": 26395,
        "images": [
            {
                "architecture": "amd64",
                "features": "",
                "variant": null,
                "digest": "sha256:7551c1062ab7b8567f2caad9797d2a8555a01b895e8c67f2d18936731d137e63",
                "os": "linux",
                "os_features": "",
                "os_version": null,
                "size": 71469387,
                "status": "active",
                "last_pulled": "2024-01-16T12:33:09.104801Z",
                "last_pushed": "2020-09-16T23:37:21.878122Z"
            }
        ],
        "last_updated": "2020-09-16T23:38:20.962358Z",
        "last_updater": 1156886,
        "last_updater_username": "doijanky",
        "name": "trusty",
        "repository": 42825,
        "full_size": 0,
        "v2": true,
        "tag_status": "active",
        "tag_last_pulled": "2024-01-16T12:33:09.104801Z",
        "tag_last_pushed": "2020-09-16T23:38:20.962358Z",
        "media_type": "application/vnd.docker.distribution.manifest.list.v2+json",
        "content_type": "image",
        "digest": "sha256:61f75e4abeea8782e74192ec6ea67b2c16a0f00ef655d00d9354b87972ce4d24"
    },
    {
        "creator": 2215,
        "id": 13429227,
        "images": [
            {
                "architecture": "amd64",
                "features": "",
                "variant": null,
                "digest": "sha256:20747ce188a9599ff190d97def9d912f4ea0f8a53d2c0155deff872e5254aa8a",
                "os": "linux",
                "os_features": "",
                "os_version": null,
                "size": 71469644,
                "status": "active",
                "last_pulled": "2024-01-16T12:33:20.613331Z",
                "last_pushed": "2020-09-16T23:37:30.736825Z"
            }
        ],
        "last_updated": "2020-09-16T23:38:24.570677Z",
        "last_updater": 1156886,
        "last_updater_username": "doijanky",
        "name": "trusty-non-free",
        "repository": 42825,
        "full_size": 0,
        "v2": true,
        "tag_status": "active",
        "tag_last_pulled": "2024-01-16T12:33:20.613331Z",
        "tag_last_pushed": "2020-09-16T23:38:24.570677Z",
        "media_type": "application/vnd.docker.distribution.manifest.list.v2+json",
        "content_type": "image"
    },
    {
        "creator": 7,
        "id": 26409,
        "images": [
            {
                "architecture": "amd64",
                "features": "",
                "variant": null,
                "digest": "sha256:2c9081c4739da8b156a5603b75b7a0fbe529f97260b8706cd95542db261a8b74",
                "os": "",
                "os_features": "",
                "os_version": null,
                "size": 45049588,
                "status": "active",
                "last_pulled": "2024-01-16T12:38:40.811492Z",
                "last_pushed": null
            }
        ],
        "last_updated": "2015-11-14T03:05:05.586832Z",
        "last_updater": 213249,
        "last_updater_username": "toli",
        "name": "utopic",
        "repository": 42825,
        "full_size": 45049588,
        "v2": true,
        "tag_status": "active",
        "tag_last_pulled": "2024-01-16T12:38:40.811492Z",
        "tag_last_pushed": "2015-11-14T03:05:05.586832Z",
        "media_type": "application/vnd.docker.distribution.manifest.v1+prettyjws",
        "content_type": "image",
        "digest": "sha256:2c9081c4739da8b156a5603b75b7a0fbe529f97260b8706cd95542db261a8b74"
    },
    {
        "creator": 7,
        "id": 26412,
        "images": [
            {
                "architecture": "amd64",
                "features": "",
                "variant": null,
                "digest": "sha256:d65b29ecdd8af42782af9bea24e9429df11ce70fa3ede3983cc901236d096cf1",
                "os": "linux",
                "os_features": "",
                "os_version": null,
                "size": 49350471,
                "status": "inactive",
                "last_pulled": null,
                "last_pushed": null
            }
        ],
        "last_updated": "2016-06-01T23:24:14.039872Z",
        "last_updater": 621950,
        "last_updater_username": "signer",
        "name": "vivid",
        "repository": 42825,
        "full_size": 49350471,
        "v2": true,
        "tag_status": "inactive",
        "tag_last_pulled": "2024-01-16T11:52:08.363944Z",
        "tag_last_pushed": "2016-06-01T23:24:14.039872Z",
        "media_type": "application/octet-stream",
        "content_type": "unrecognized",
        "digest": "sha256:6b06c2fcc605021457c69549cb6854032e7de101ab006b2825d82ca5f47b85db"
    },
    {
        "creator": 7,
        "id": 26403,
        "images": [
            {
                "architecture": "amd64",
                "features": "",
                "variant": null,
                "digest": "sha256:6a20a66f2055620c455ff7121e685b5cf6b1168f6b5ec7df7aa19fb7958ee193",
                "os": "linux",
                "os_features": "",
                "os_version": null,
                "size": 39343477,
                "status": "inactive",
                "last_pulled": null,
                "last_pushed": null
            }
        ],
        "last_updated": "2018-10-16T07:43:05.238064Z",
        "last_updater": 1156886,
        "last_updater_username": "doijanky",
        "name": "wheezy",
        "repository": 42825,
        "full_size": 39343477,
        "v2": true,
        "tag_status": "inactive",
        "tag_last_pulled": "2024-01-16T12:37:06.415037Z",
        "tag_last_pushed": "2018-10-16T07:43:05.238064Z",
        "media_type": "application/vnd.docker.distribution.manifest.list.v2+json",
        "content_type": "image",
        "digest": "sha256:6b43526442dcf90fba95cb367af95ff991edae04a7b66f3eff8bb9042561bea3"
    },
    {
        "creator": 2215,
        "id": 13429383,
        "images": [
            {
                "architecture": "amd64",
                "features": "",
                "variant": null,
                "digest": "sha256:d3556a67640a309520f58bc407b521eb0ff971c7dcac7623a2a32021d6e913ec",
                "os": "linux",
                "os_features": "",
                "os_version": null,
                "size": 39343792,
                "status": "inactive",
                "last_pulled": null,
                "last_pushed": null
            }
        ],
        "last_updated": "2018-10-16T07:43:14.405591Z",
        "last_updater": 1156886,
        "last_updater_username": "doijanky",
        "name": "wheezy-non-free",
        "repository": 42825,
        "full_size": 39343792,
        "v2": true,
        "tag_status": "inactive",
        "tag_last_pulled": null,
        "tag_last_pushed": "2018-10-16T07:43:14.405591Z",
        "media_type": "application/vnd.docker.distribution.manifest.list.v2+json",
        "content_type": "image"
    },
    {
        "creator": 2215,
        "id": 1305506,
        "images": [
            {
                "architecture": "amd64",
                "features": "",
                "variant": null,
                "digest": "sha256:20ca8042c6030c207db0edfe206e742293e9c80eb408dff701c8da5408f4acd2",
                "os": "linux",
                "os_features": "",
                "os_version": null,
                "size": 51084779,
                "status": "inactive",
                "last_pulled": null,
                "last_pushed": null
            }
        ],
        "last_updated": "2016-07-22T18:10:20.023347Z",
        "last_updater": 621950,
        "last_updater_username": "signer",
        "name": "wily",
        "repository": 42825,
        "full_size": 51084779,
        "v2": true,
        "tag_status": "inactive",
        "tag_last_pulled": "2024-01-16T11:52:08.322895Z",
        "tag_last_pushed": "2016-07-22T18:10:20.023347Z",
        "media_type": "application/octet-stream",
        "content_type": "unrecognized",
        "digest": "sha256:d3b647b6e69815cfc7c01d55ef0647878031639f3ca0b06d03cc0df11ce737f4"
    },
    {
        "creator": 621950,
        "id": 4538333,
        "images": [
            {
                "architecture": "amd64",
                "features": "",
                "variant": null,
                "digest": "sha256:d80e83bfcc000dd04b02c778a1297c7ad2540cb555ab96c90ec154c6a4f0f495",
                "os": "linux",
                "os_features": "",
                "os_version": null,
                "size": 46729666,
                "status": "active",
                "last_pulled": "2024-01-19T18:28:08.713044Z",
                "last_pushed": "2022-03-16T17:56:16.690066Z"
            },
            {
                "architecture": "arm64",
                "features": "",
                "variant": "v8",
                "digest": "sha256:05c5cb994c997818d3e7a4cc9a93b4617cca74c5a3137819b0fb0959cf993aa0",
                "os": "linux",
                "os_features": "",
                "os_version": null,
                "size": 41471729,
                "status": "active",
                "last_pulled": "2024-01-11T23:24:14.589991Z",
                "last_pushed": "2022-10-26T00:56:01.460142Z"
            }
        ],
        "last_updated": "2022-10-26T00:56:39.675103Z",
        "last_updater": 1156886,
        "last_updater_username": "doijanky",
        "name": "xenial",
        "repository": 42825,
        "full_size": 46729666,
        "v2": true,
        "tag_status": "active",
        "tag_last_pulled": "2024-01-19T18:28:08.713044Z",
        "tag_last_pushed": "2022-10-26T00:56:39.675103Z",
        "media_type": "application/vnd.docker.distribution.manifest.list.v2+json",
        "content_type": "image",
        "digest": "sha256:567140ec35442d6e8c2978e51a7244689c7dc9655b7401026a76f338b37b8f37"
    },
    {
        "creator": 2215,
        "id": 13429244,
        "images": [
            {
                "architecture": "amd64",
                "features": "",
                "variant": null,
                "digest": "sha256:855db2a2543daaf4e085777944831f96ea7a6212d2231da7614dcb717c8a6df4",
                "os": "linux",
                "os_features": "",
                "os_version": null,
                "size": 46729925,
                "status": "active",
                "last_pulled": "2024-01-16T12:34:03.4383Z",
                "last_pushed": "2022-07-19T20:18:03.918946Z"
            },
            {
                "architecture": "arm64",
                "features": "",
                "variant": "v8",
                "digest": "sha256:91d3db2c58f349a72059c4078aacbdae338ce049cffdfdfe8fc3419f096193a1",
                "os": "linux",
                "os_features": "",
                "os_version": null,
                "size": 41471986,
                "status": "active",
                "last_pulled": "2024-01-11T23:24:05.634598Z",
                "last_pushed": "2022-10-26T00:56:09.231158Z"
            }
        ],
        "last_updated": "2022-10-26T00:56:42.345606Z",
        "last_updater": 1156886,
        "last_updater_username": "doijanky",
        "name": "xenial-non-free",
        "repository": 42825,
        "full_size": 46729925,
        "v2": true,
        "tag_status": "active",
        "tag_last_pulled": "2024-01-16T12:34:03.4383Z",
        "tag_last_pushed": "2022-10-26T00:56:42.345606Z",
        "media_type": "application/vnd.docker.distribution.manifest.list.v2+json",
        "content_type": "image",
        "digest": "sha256:20ede53940a20342c5665782500e28f6b2a7950237abf6a820d903173f03117f"
    },
    {
        "creator": 621950,
        "id": 4538330,
        "images": [
            {
                "architecture": "amd64",
                "features": "",
                "variant": null,
                "digest": "sha256:464c9a319b4390bfcd638cbe38ac22a9b80eaa320cca0770b6ff2979536a50fa",
                "os": "linux",
                "os_features": "",
                "os_version": null,
                "size": 46037844,
                "status": "inactive",
                "last_pulled": null,
                "last_pushed": null
            }
        ],
        "last_updated": "2017-07-26T07:15:54.637503Z",
        "last_updater": 2215,
        "last_updater_username": "stackbrew",
        "name": "yakkety",
        "repository": 42825,
        "full_size": 46037844,
        "v2": true,
        "tag_status": "inactive",
        "tag_last_pulled": null,
        "tag_last_pushed": "2017-07-26T07:15:54.637503Z",
        "media_type": "application/vnd.docker.container.image.v1+json",
        "content_type": "image"
    },
    {
        "creator": 2215,
        "id": 11899678,
        "images": [
            {
                "architecture": "amd64",
                "features": "",
                "variant": null,
                "digest": "sha256:f980c44174e17e1342b91b017934fc4074b191e4c0601ea2077be2889b4d016f",
                "os": "linux",
                "os_features": "",
                "os_version": null,
                "size": 42046871,
                "status": "inactive",
                "last_pulled": null,
                "last_pushed": null
            }
        ],
        "last_updated": "2017-12-14T22:44:04.200601Z",
        "last_updater": 1156886,
        "last_updater_username": "doijanky",
        "name": "zesty",
        "repository": 42825,
        "full_size": 42046871,
        "v2": true,
        "tag_status": "inactive",
        "tag_last_pulled": null,
        "tag_last_pushed": "2017-12-14T22:44:04.200601Z",
        "media_type": "application/vnd.docker.distribution.manifest.list.v2+json",
        "content_type": "image"
    },
    {
        "creator": 2215,
        "id": 13429262,
        "images": [
            {
                "architecture": "amd64",
                "features": "",
                "variant": null,
                "digest": "sha256:c3b53377233fe3faa798f1286dd6aabb2780aed8dfc9d7ec11ae4319851f1ff8",
                "os": "linux",
                "os_features": "",
                "os_version": null,
                "size": 42047127,
                "status": "inactive",
                "last_pulled": null,
                "last_pushed": null
            }
        ],
        "last_updated": "2017-12-14T22:44:15.132224Z",
        "last_updater": 1156886,
        "last_updater_username": "doijanky",
        "name": "zesty-non-free",
        "repository": 42825,
        "full_size": 42047127,
        "v2": true,
        "tag_status": "inactive",
        "tag_last_pulled": null,
        "tag_last_pushed": "2017-12-14T22:44:15.132224Z",
        "media_type": "application/vnd.docker.distribution.manifest.list.v2+json",
        "content_type": "image"
    }
]