[
    {
        "creator": 1156886,
        "id": 29470473,
        "images": [
            {
                "architecture": "amd64",
                "features": "",
                "variant": null,
                "digest": "sha256:7027e69a2172e38cef8ac2cb1f046025895c9fcf3160e8f70ffb26446f680e4d",
                "os": "linux",
                "os_features": "",
                "os_version": null,
                "size": 956046996,
                "status": "active",
                "last_pulled": "2024-01-20T06:33:14.477415Z",
                "last_pushed": "2021-08-18T15:40:40.651761Z"
            }
        ],
        "last_updated": "2021-08-18T15:40:43.828996Z",
        "last_updater": 1156886,
        "last_updater_username": "doijanky",
        "name": "10",
        "repository": 458073,
        "full_size": 956046996,
        "v2": true,
        "tag_status": "active",
        "tag_last_pulled": "2024-01-20T06:33:14.477415Z",
        "tag_last_pushed": "2021-08-18T15:40:43.828996Z",
        "media_type": "application/vnd.docker.distribution.manifest.list.v2+json",
        "content_type": "image"
    },
    {
        "creator": 1156886,
        "id": 24548652,
        "images": [
            {
                "architecture": "amd64",
                "features": "",
                "variant": null,
                "digest": "sha256:880955dde7597b730fdf9291971eb656b336934c63e65db8a3de62864f475314",
                "os": "linux",
                "os_features": "",
                "os_version": null,
                "size": 1395140149,
                "status": "inactive",
                "last_pulled": null,
                "last_pushed": null
            }
        ],
        "last_updated": "2019-01-23T07:44:02.737332Z",
        "last_updater": 1156886,
        "last_updater_username": "doijanky",
        "name": "10.1",
        "repository": 458073,
        "full_size": 1395140149,
        "v2": true,
        "tag_status": "inactive",
        "tag_last_pulled": null,
        "tag_last_pushed": "2019-01-23T07:44:02.737332Z",
        "media_type": "application/vnd.docker.distribution.manifest.list.v2+json",
        "content_type": "image"
    },
    {
        "creator": 1156886,
        "id": 45077518,
        "images": [
            {
                "architecture": "amd64",
                "features": "",
                "variant": null,
                "digest": "sha256:7027e69a2172e38cef8ac2cb1f046025895c9fcf3160e8f70ffb26446f680e4d",
                "os": "linux",
                "os_features": "",
                "os_version": null,
                "size": 956046996,
                "status": "active",
                "last_pulled": "2024-01-20T06:33:14.477415Z",
                "last_pushed": "2021-08-18T15:40:40.651761Z"
            }
        ],
        "last_updated": "2021-08-18T15:40:46.296959Z",
        "last_updater": 1156886,
        "last_updater_username": "doijanky",
        "name": "10.10",
        "repository": 458073,
        "full_size": 956046996,
        "v2": true,
        "tag_status": "active",
        "tag_last_pulled": "2024-01-20T06:33:14.477415Z",
        "tag_last_pushed": "2021-08-18T15:40:46.296959Z",
        "media_type": "application/vnd.docker.distribution.manifest.list.v2+json",
        "content_type": "image"
    },
    {
        "creator": 1156886,
        "id": 31824180,
        "images": [
            {
                "architecture": "amd64",
                "features": "",
                "variant": null,
                "digest": "sha256:bb6cac3be9ef9d6e3928b39323a563ab009f2d583b732218eaeade6ba709360f",
                "os": "linux",
                "os_features": "",
                "os_version": null,
                "size": 1207528653,
                "status": "inactive",
                "last_pulled": null,
                "last_pushed": null
            }
        ],
        "last_updated": "2019-01-23T07:44:16.292788Z",
        "last_updater": 1156886,
        "last_updater_username": "doijanky",
        "name": "10.2",
        "repository": 458073,
        "full_size": 1207528653,
        "v2": true,
        "tag_status": "inactive",
        "tag_last_pulled": null,
        "tag_last_pushed": "2019-01-23T07:44:16.292788Z",
        "media_type": "application/vnd.docker.distribution.manifest.list.v2+json",
        "content_type": "image"
    },
    {
        "creator": 1156886,
        "id": 42700821,
        "images": [
            {
                "architecture": "amd64",
                "features": "",
                "variant": null,
                "digest": "sha256:0b8a451f4773c329d13cd0a4f60a41f8842e33ff9213034228eb48f4af948d1a",
                "os": "linux",
                "os_features": "",
                "os_version": null,
                "size": 1191146831,
                "status": "inactive",
                "last_pulled": null,
                "last_pushed": null
            }
        ],
        "last_updated": "2019-01-23T07:44:30.415031Z",
        "last_updater": 1156886,
        "last_updater_username": "doijanky",
        "name": "10.3",
        "repository": 458073,
        "full_size": 1191146831,
        "v2": true,
        "tag_status": "inactive",
        "tag_last_pulled": null,
        "tag_last_pushed": "2019-01-23T07:44:30.415031Z",
        "media_type": "application/vnd.docker.distribution.manifest.list.v2+json",
        "content_type": "image"
    },
    {
        "creator": 2215,
        "id": 1622663,
        "images": [
            {
                "architecture": "amd64",
                "features": "",
                "variant": null,
                "digest": "sha256:50efe748bea8e73884ad09f2deaeaef82c8e7a8cfbcb284756b8bd21f3ebac85",
                "os": "linux",
                "os_features": "",
                "os_version": null,
                "size": 903810055,
                "status": "inactive",
                "last_pulled": null,
                "last_pushed": null
            }
        ],
        "last_updated": "2017-12-12T19:47:31.292913Z",
        "last_updater": 1156886,
        "last_updater_username": "doijanky",
        "name": "6",
        "repository": 458073,
        "full_size": 903810055,
        "v2": true,
        "tag_status": "inactive",
        "tag_last_pulled": null,
        "tag_last_pushed": "2017-12-12T19:47:31.292913Z",
        "media_type": "application/vnd.docker.distribution.manifest.list.v2+json",
        "content_type": "image"
    },
    {
        "creator": 2215,
        "id": 1622667,
        "images": [
            {
                "architecture": "amd64",
                "features": "",
                "variant": null,
                "digest": "sha256:50efe748bea8e73884ad09f2deaeaef82c8e7a8cfbcb284756b8bd21f3ebac85",
                "os": "linux",
                "os_features": "",
                "os_version": null,
                "size": 903810055,
                "status": "inactive",
                "last_pulled": null,
                "last_pushed": null
            }
        ],
        "last_updated": "2017-12-12T19:47:30.987039Z",
        "last_updater": 1156886,
        "last_updater_username": "doijanky",
        "name": "6.0",
        "repository": 458073,
        "full_size": 903810055,
        "v2": true,
        "tag_status": "inactive",
        "tag_last_pulled": null,
        "tag_last_pushed": "2017-12-12T19:47:30.987039Z",
        "media_type": "application/vnd.docker.distribution.manifest.list.v2+json",
        "content_type": "image"
    },
    {
        "creator": 2215,
        "id": 1622633,
        "images": [
            {
                "architecture": "amd64",
                "features": "",
                "variant": null,
                "digest": "sha256:84b6043032cf7c3a4906f22e9d8cddfcb6b3f348d32aba751438f873ed3f33cc",
                "os": "linux",
                "os_features": "",
                "os_version": null,
                "size": 1157347865,
                "status": "active",
                "last_pulled": "2024-01-15T20:06:07.291959Z",
                "last_pushed": "2021-08-18T15:40:57.429867Z"
            }
        ],
        "last_updated": "2021-08-18T15:40:59.2286Z",
        "last_updater": 1156886,
        "last_updater_username": "doijanky",
        "name": "7",
        "repository": 458073,
        "full_size": 1157347865,
        "v2": true,
        "tag_status": "active",
        "tag_last_pulled": "2024-01-15T20:06:07.291959Z",
        "tag_last_pushed": "2021-08-18T15:40:59.2286Z",
        "media_type": "application/vnd.docker.distribution.manifest.list.v2+json",
        "content_type": "image"
    },
    {
        "creator": 2215,
        "id": 1622630,
        "images": [
            {
                "architecture": "amd64",
                "features": "",
                "variant": null,
                "digest": "sha256:84b6043032cf7c3a4906f22e9d8cddfcb6b3f348d32aba751438f873ed3f33cc",
                "os": "linux",
                "os_features": "",
                "os_version": null,
                "size": 1157347865,
                "status": "active",
                "last_pulled": "2024-01-15T20:06:07.291959Z",
                "last_pushed": "2021-08-18T15:40:57.429867Z"
            }
        ],
        "last_updated": "2021-08-18T15:41:01.717061Z",
        "last_updater": 1156886,
        "last_updater_username": "doijanky",
        "name": "7.10",
        "repository": 458073,
        "full_size": 1157347865,
        "v2": true,
        "tag_status": "active",
        "tag_last_pulled": "2024-01-15T20:06:07.291959Z",
        "tag_last_pushed": "2021-08-18T15:41:01.717061Z",
        "media_type": "application/vnd.docker.distribution.manifest.list.v2+json",
        "content_type": "image"
    },
    {
        "creator": 2215,
        "id": 1622642,
        "images": [
            {
                "architecture": "amd64",
                "features": "",
                "variant": null,
                "digest": "sha256:8664fcfb1ae75f02325742ac77714d6165b52b186db0787f0b894aa850c23e40",
                "os": "",
                "os_features": "",
                "os_version": null,
                "size": 587946276,
                "status": "active",
                "last_pulled": "2024-01-19T03:31:05.136641Z",
                "last_pushed": null
            }
        ],
        "last_updated": "2016-04-06T02:25:19.503607Z",
        "last_updater": 2215,
        "last_updater_username": "stackbrew",
        "name": "7.4",
        "repository": 458073,
        "full_size": 587945732,
        "v2": true,
        "tag_status": "active",
        "tag_last_pulled": "2024-01-19T03:31:05.136641Z",
        "tag_last_pushed": "2016-04-06T02:25:19.503607Z",
        "media_type": "application/vnd.docker.distribution.manifest.v1+prettyjws",
        "content_type": "image"
    },
    {
        "creator": 2215,
        "id": 1898084,
        "images": [
            {
                "architecture": "amd64",
                "features": "",
                "variant": null,
                "digest": "sha256:0102053d54de5dadd8a90183dd750d77ab5bb9c43bb6c810dff9291d40283ccc",
                "os": "linux",
                "os_features": "",
                "os_version": null,
                "size": 870107759,
                "status": "active",
                "last_pulled": "2024-01-18T07:12:54.818325Z",
                "last_pushed": "2021-08-18T15:41:09.349415Z"
            }
        ],
        "last_updated": "2021-08-18T15:41:10.341836Z",
        "last_updater": 1156886,
        "last_updater_username": "doijanky",
        "name": "8",
        "repository": 458073,
        "full_size": 870107759,
        "v2": true,
        "tag_status": "active",
        "tag_last_pulled": "2024-01-18T07:12:54.818325Z",
        "tag_last_pushed": "2021-08-18T15:41:10.341836Z",
        "media_type": "application/vnd.docker.distribution.manifest.list.v2+json",
        "content_type": "image"
    },
    {
        "creator": 2215,
        "id": 1898086,
        "images": [
            {
                "architecture": "amd64",
                "features": "",
                "variant": null,
                "digest": "sha256:90ff4c1f8e999a0d54a999cfd397c72c9c781cf2f16ed514e2d5fdcabf3df946",
                "os": "",
                "os_features": "",
                "os_version": null,
                "size": 637115397,
                "status": "active",
                "last_pulled": "2024-01-19T08:15:40.221564Z",
                "last_pushed": null
            }
        ],
        "last_updated": "2016-04-06T02:21:26.63661Z",
        "last_updater": 2215,
        "last_updater_username": "stackbrew",
        "name": "8.1",
        "repository": 458073,
        "full_size": 637114853,
        "v2": true,
        "tag_status": "active",
        "tag_last_pulled": "2024-01-19T08:15:40.221564Z",
        "tag_last_pushed": "2016-04-06T02:21:26.63661Z",
        "media_type": "application/vnd.docker.distribution.manifest.v1+prettyjws",
        "content_type": "image"
    },
    {
        "creator": 621950,
        "id": 6851310,
        "images": [
            {
                "architecture": "amd64",
                "features": "",
                "variant": null,
                "digest": "sha256:0102053d54de5dadd8a90183dd750d77ab5bb9c43bb6c810dff9291d40283ccc",
                "os": "linux",
                "os_features": "",
                "os_version": null,
                "size": 870107759,
                "status": "active",
                "last_pulled": "2024-01-18T07:12:54.818325Z",
                "last_pushed": "2021-08-18T15:41:09.349415Z"
            }
        ],
        "last_updated": "2021-08-18T15:41:12.608041Z",
        "last_updater": 1156886,
        "last_updater_username": "doijanky",
        "name": "8.10",
        "repository": 458073,
        "full_size": 870107759,
        "v2": true,
        "tag_status": "active",
        "tag_last_pulled": "2024-01-18T07:12:54.818325Z",
        "tag_last_pushed": "2021-08-18T15:41:12.608041Z",
        "media_type": "application/vnd.docker.distribution.manifest.list.v2+json",
        "content_type": "image"
    },
    {
        "creator": 2215,
        "id": 2748809,
        "images": [
            {
                "architecture": "amd64",
                "features": "",
                "variant": null,
                "digest": "sha256:1a94e92700a9bfb98753a7890c881f48a3adbd184c7cca006474d29a9d870ae4",
                "os": "linux",
                "os_features": "",
                "os_version": null,
                "size": 737632604,
                "status": "inactive",
                "last_pulled": null,
                "last_pushed": null
            }
        ],
        "last_updated": "2017-05-09T21:12:47.326149Z",
        "last_updater": 2215,
        "last_updater_username": "stackbrew",
        "name": "8.2",
        "repository": 458073,
        "full_size": 737632604,
        "v2": true,
        "tag_status": "inactive",
        "tag_last_pulled": null,
        "tag_last_pushed": "2017-05-09T21:12:47.326149Z",
        "media_type": "application/vnd.docker.container.image.v1+json",
        "content_type": "image"
    },
    {
        "creator": 621950,
        "id": 4100075,
        "images": [
            {
                "architecture": "amd64",
                "features": "",
                "variant": null,
                "digest": "sha256:baf471446501b235a35cc4cc0a5a79b13bef686eceacb0442746cb7d41d2a2b0",
                "os": "linux",
                "os_features": "",
                "os_version": null,
                "size": 741735385,
                "status": "inactive",
                "last_pulled": null,
                "last_pushed": null
            }
        ],
        "last_updated": "2017-05-09T21:13:36.655019Z",
        "last_updater": 2215,
        "last_updater_username": "stackbrew",
        "name": "8.3",
        "repository": 458073,
        "full_size": 741735385,
        "v2": true,
        "tag_status": "inactive",
        "tag_last_pulled": null,
        "tag_last_pushed": "2017-05-09T21:13:36.655019Z",
        "media_type": "application/vnd.docker.container.image.v1+json",
        "content_type": "image"
    },
    {
        "creator": 2215,
        "id": 10336042,
        "images": [
            {
                "architecture": "amd64",
                "features": "",
                "variant": null,
                "digest": "sha256:d62ad85a2d8e1db6d958989447bf7805ad64ed6f661dbba208776d90754d50c7",
                "os": "linux",
                "os_features": "",
                "os_version": null,
                "size": 985641612,
                "status": "active",
                "last_pulled": "2024-01-11T23:28:59.447157Z",
                "last_pushed": "2021-08-18T15:41:23.037433Z"
            }
        ],
        "last_updated": "2021-08-18T15:41:24.821991Z",
        "last_updater": 1156886,
        "last_updater_username": "doijanky",
        "name": "9",
        "repository": 458073,
        "full_size": 985641612,
        "v2": true,
        "tag_status": "active",
        "tag_last_pulled": "2024-01-11T23:28:59.447157Z",
        "tag_last_pushed": "2021-08-18T15:41:24.821991Z",
        "media_type": "application/vnd.docker.distribution.manifest.list.v2+json",
        "content_type": "image"
    },
    {
        "creator": 2215,
        "id": 10336054,
        "images": [
            {
                "architecture": "amd64",
                "features": "",
                "variant": null,
                "digest": "sha256:9c4ba34148c5296e2484dff33d551f4a98239d65457f0b2cb86bdb8450c34e62",
                "os": "linux",
                "os_features": "",
                "os_version": null,
                "size": 1290067132,
                "status": "inactive",
                "last_pulled": null,
                "last_pushed": null
            }
        ],
        "last_updated": "2017-11-04T21:44:03.968311Z",
        "last_updater": 1156886,
        "last_updater_username": "doijanky",
        "name": "9.1",
        "repository": 458073,
        "full_size": 1290067132,
        "v2": true,
        "tag_status": "inactive",
        "tag_last_pulled": null,
        "tag_last_pushed": "2017-11-04T21:44:03.968311Z",
        "media_type": "application/vnd.docker.distribution.manifest.list.v2+json",
        "content_type": "image"
    },
    {
        "creator": 1156886,
        "id": 20399225,
        "images": [
            {
                "architecture": "amd64",
                "features": "",
                "variant": null,
                "digest": "sha256:d62ad85a2d8e1db6d958989447bf7805ad64ed6f661dbba208776d90754d50c7",
                "os": "linux",
                "os_features": "",
                "os_version": null,
                "size": 985641612,
                "status": "active",
                "last_pulled": "2024-01-11T23:28:59.447157Z",
                "last_pushed": "2021-08-18T15:41:23.037433Z"
            }
        ],
        "last_updated": "2021-08-18T15:41:27.193481Z",
        "last_updater": 1156886,
        "last_updater_username": "doijanky",
        "name": "9.10",
        "repository": 458073,
        "full_size": 985641612,
        "v2": true,
        "tag_status": "active",
        "tag_last_pulled": "2024-01-11T23:28:59.447157Z",
        "tag_last_pushed": "2021-08-18T15:41:27.193481Z",
        "media_type": "application/vnd.docker.distribution.manifest.list.v2+json",
        "content_type": "image"
    },
    {
        "creator": 2215,
        "id": 13271575,
        "images": [
            {
                "architecture": "amd64",
                "features": "",
                "variant": null,
                "digest": "sha256:d655c518e5e6d91c4006b31e45359b04aea6763895bbf57ab97bee03a708f929",
                "os": "linux",
                "os_features": "",
                "os_version": null,
                "size": 1315571388,
                "status": "inactive",
                "last_pulled": null,
                "last_pushed": null
            }
        ],
        "last_updated": "2017-12-12T19:48:16.078843Z",
        "last_updater": 1156886,
        "last_updater_username": "doijanky",
        "name": "9.2",
        "repository": 458073,
        "full_size": 1315571388,
        "v2": true,
        "tag_status": "inactive",
        "tag_last_pulled": null,
        "tag_last_pushed": "2017-12-12T19:48:16.078843Z",
        "media_type": "application/vnd.docker.distribution.manifest.list.v2+json",
        "content_type": "image"
    },
    {
        "creator": 1156886,
        "id": 18999427,
        "images": [
            {
                "architecture": "amd64",
                "features": "",
                "variant": null,
                "digest": "sha256:1a5ba843084f6dec12d2ba1fd35f407849e572e00c6f178da066e929413134ff",
                "os": "linux",
                "os_features": "",
                "os_version": null,
                "size": 1477552031,
                "status": "inactive",
                "last_pulled": null,
                "last_pushed": null
            }
        ],
        "last_updated": "2018-03-20T15:49:12.360161Z",
        "last_updater": 1156886,
        "last_updater_username": "doijanky",
        "name": "9.3",
        "repository": 458073,
        "full_size": 1477552031,
        "v2": true,
        "tag_status": "inactive",
        "tag_last_pulled": null,
        "tag_last_pushed": "2018-03-20T15:49:12.360161Z",
        "media_type": "application/vnd.docker.distribution.manifest.list.v2+json",
        "content_type": "image"
    },
    {
        "creator": 2215,
        "id": 1898082,
        "images": [
            {
                "architecture": "amd64",
                "features": "",
                "variant": null,
                "digest": "sha256:7027e69a2172e38cef8ac2cb1f046025895c9fcf3160e8f70ffb26446f680e4d",
                "os": "linux",
                "os_features": "",
                "os_version": null,
                "size": 956046996,
                "status": "active",
                "last_pulled": "2024-01-20T06:33:14.477415Z",
                "last_pushed": "2021-08-18T15:40:40.651761Z"
            }
        ],
        "last_updated": "2021-08-18T15:41:28.207153Z",
        "last_updater": 1156886,
        "last_updater_username": "doijanky",
        "name": "FT",
        "repository": 458073,
        "full_size": 956046996,
        "v2": true,
        "tag_status": "active",
        "tag_last_pulled": "2024-01-20T06:33:14.477415Z",
        "tag_last_pushed": "2021-08-18T15:41:28.207153Z",
        "media_type": "application/vnd.docker.distribution.manifest.list.v2+json",
        "content_type": "image"
    },
    {
        "creator": 2215,
        "id": 1622627,
        "images": [
            {
                "architecture": "amd64",
                "features": "",
                "variant": null,
                "digest": "sha256:7027e69a2172e38cef8ac2cb1f046025895c9fcf3160e8f70ffb26446f680e4d",
                "os": "linux",
                "os_features": "",
                "os_version": null,
                "size": 956046996,
                "status": "active",
                "last_pulled": "2024-01-20T06:33:14.477415Z",
                "last_pushed": "2021-08-18T15:40:40.651761Z"
            }
        ],
        "last_updated": "2021-08-18T15:41:30.288399Z",
        "last_updater": 1156886,
        "last_updater_username": "doijanky",
        "name": "LTS",
        "repository": 458073,
        "full_size": 956046996,
        "v2": true,
        "tag_status": "active",
        "tag_last_pulled": "2024-01-20T06:33:14.477415Z",
        "tag_last_pushed": "2021-08-18T15:41:30.288399Z",
        "media_type": "application/vnd.docker.distribution.manifest.list.v2+json",
        "content_type": "image"
    },
    {
        "creator": 2215,
        "id": 1622658,
        "images": [
            {
                "architecture": "amd64",
                "features": "",
                "variant": null,
                "digest": "sha256:50efe748bea8e73884ad09f2deaeaef82c8e7a8cfbcb284756b8bd21f3ebac85",
                "os": "linux",
                "os_features": "",
                "os_version": null,
                "size": 903810055,
                "status": "inactive",
                "last_pulled": null,
                "last_pushed": null
            }
        ],
        "last_updated": "2017-12-12T19:47:31.641459Z",
        "last_updater": 1156886,
        "last_updater_username": "doijanky",
        "name": "LTS-2014",
        "repository": 458073,
        "full_size": 903810055,
        "v2": true,
        "tag_status": "inactive",
        "tag_last_pulled": null,
        "tag_last_pushed": "2017-12-12T19:47:31.641459Z",
        "media_type": "application/vnd.docker.distribution.manifest.list.v2+json",
        "content_type": "image"
    },
    {
        "creator": 2215,
        "id": 1622622,
        "images": [
            {
                "architecture": "amd64",
                "features": "",
                "variant": null,
                "digest": "sha256:84b6043032cf7c3a4906f22e9d8cddfcb6b3f348d32aba751438f873ed3f33cc",
                "os": "linux",
                "os_features": "",
                "os_version": null,
                "size": 1157347865,
                "status": "active",
                "last_pulled": "2024-01-15T20:06:07.291959Z",
                "last_pushed": "2021-08-18T15:40:57.429867Z"
            }
        ],
        "last_updated": "2021-08-18T15:41:33.433369Z",
        "last_updater": 1156886,
        "last_updater_username": "doijanky",
        "name": "LTS-2015",
        "repository": 458073,
        "full_size": 1157347865,
        "v2": true,
        "tag_status": "active",
        "tag_last_pulled": "2024-01-15T20:06:07.291959Z",
        "tag_last_pushed": "2021-08-18T15:41:33.433369Z",
        "media_type": "application/vnd.docker.distribution.manifest.list.v2+json",
        "content_type": "image"
    },
    {
        "creator": 621950,
        "id": 6852265,
        "images": [
            {
                "architecture": "amd64",
                "features": "",
                "variant": null,
                "digest": "sha256:0102053d54de5dadd8a90183dd750d77ab5bb9c43bb6c810dff9291d40283ccc",
                "os": "linux",
                "os_features": "",
                "os_version": null,
                "size": 870107759,
                "status": "active",
                "last_pulled": "2024-01-18T07:12:54.818325Z",
                "last_pushed": "2021-08-18T15:41:09.349415Z"
            }
        ],
        "last_updated": "2021-08-18T15:41:35.220603Z",
        "last_updater": 1156886,
        "last_updater_username": "doijanky",
        "name": "LTS-2016",
        "repository": 458073,
        "full_size": 870107759,
        "v2": true,
        "tag_status": "active",
        "tag_last_pulled": "2024-01-18T07:12:54.818325Z",
        "tag_last_pushed": "2021-08-18T15:41:35.220603Z",
        "media_type": "application/vnd.docker.distribution.manifest.list.v2+json",
        "content_type": "image"
    },
    {
        "creator": 1156886,
        "id": 20399227,
        "images": [
            {
                "architecture": "amd64",
                "features": "",
                "variant": null,
                "digest": "sha256:d62ad85a2d8e1db6d958989447bf7805ad64ed6f661dbba208776d90754d50c7",
                "os": "linux",
                "os_features": "",
                "os_version": null,
                "size": 985641612,
                "status": "active",
                "last_pulled": "2024-01-11T23:28:59.447157Z",
                "last_pushed": "2021-08-18T15:41:23.037433Z"
            }
        ],
        "last_updated": "2021-08-18T15:41:36.790561Z",
        "last_updater": 1156886,
        "last_updater_username": "doijanky",
        "name": "LTS-2017",
        "repository": 458073,
        "full_size": 985641612,
        "v2": true,
        "tag_status": "active",
        "tag_last_pulled": "2024-01-11T23:28:59.447157Z",
        "tag_last_pushed": "2021-08-18T15:41:36.790561Z",
        "media_type": "application/vnd.docker.distribution.manifest.list.v2+json",
        "content_type": "image"
    },
    {
        "creator": 1156886,
        "id": 45077520,
        "images": [
            {
                "architecture": "amd64",
                "features": "",
                "variant": null,
                "digest": "sha256:7027e69a2172e38cef8ac2cb1f046025895c9fcf3160e8f70ffb26446f680e4d",
                "os": "linux",
                "os_features": "",
                "os_version": null,
                "size": 956046996,
                "status": "active",
                "last_pulled": "2024-01-20T06:33:14.477415Z",
                "last_pushed": "2021-08-18T15:40:40.651761Z"
            }
        ],
        "last_updated": "2021-08-18T15:41:38.093936Z",
        "last_updater": 1156886,
        "last_updater_username": "doijanky",
        "name": "LTS-2019",
        "repository": 458073,
        "full_size": 956046996,
        "v2": true,
        "tag_status": "active",
        "tag_last_pulled": "2024-01-20T06:33:14.477415Z",
        "tag_last_pushed": "2021-08-18T15:41:38.093936Z",
        "media_type": "application/vnd.docker.distribution.manifest.list.v2+json",
        "content_type": "image"
    },
    {
        "creator": 2215,
        "id": 1622584,
        "images": [
            {
                "architecture": "amd64",
                "features": "",
                "variant": null,
                "digest": "sha256:7027e69a2172e38cef8ac2cb1f046025895c9fcf3160e8f70ffb26446f680e4d",
                "os": "linux",
                "os_features": "",
                "os_version": null,
                "size": 956046996,
                "status": "active",
                "last_pulled": "2024-01-20T06:33:14.477415Z",
                "last_pushed": "2021-08-18T15:40:40.651761Z"
            }
        ],
        "last_updated": "2021-08-18T15:41:40.100955Z",
        "last_updater": 1156886,
        "last_updater_username": "doijanky",
        "name": "latest",
        "repository": 458073,
        "full_size": 956046996,
        "v2": true,
        "tag_status": "active",
        "tag_last_pulled": "2024-01-20T06:33:14.477415Z",
        "tag_last_pushed": "2021-08-18T15:41:40.100955Z",
        "media_type": "application/vnd.docker.distribution.manifest.list.v2+json",
        "content_type": "image"
    }
]