[
    {
        "creator": 1156886,
        "id": 134406856,
        "images": [
            {
                "architecture": "amd64",
                "features": "",
                "variant": null,
                "digest": "sha256:c79a54508f9defa56cc7dd9ccbfb61dfd914c4d17185ef8ed31b7b213ec0ac3b",
                "os": "linux",
                "os_features": "",
                "os_version": null,
                "size": 234820719,
                "status": "active",
                "last_pulled": "2024-01-17T21:54:11.453766Z",
                "last_pushed": "2021-04-03T03:04:18.289235Z"
            }
        ],
        "last_updated": "2021-04-03T03:04:22.90159Z",
        "last_updater": 1156886,
        "last_updater_username": "doijanky",
        "name": "11.0.10",
        "repository": 7312740,
        "full_size": 234820719,
        "v2": true,
        "tag_status": "active",
        "tag_last_pulled": "2024-01-17T21:54:11.453766Z",
        "tag_last_pushed": "2021-04-03T03:04:22.90159Z",
        "media_type": "application/vnd.docker.distribution.manifest.list.v2+json",
        "content_type": "image"
    },
    {
        "creator": 1156886,
        "id": 146418146,
        "images": [
            {
                "architecture": "amd64",
                "features": "",
                "variant": null,
                "digest": "sha256:b262b1d50b5aa9aaf8bf1ca200b5a0658faa87493799705f80a1c77f47593408",
                "os": "linux",
                "os_features": "",
                "os_version": null,
                "size": 234966267,
                "status": "active",
                "last_pulled": "2024-01-17T21:54:21.263266Z",
                "last_pushed": "2021-06-18T04:53:51.619626Z"
            }
        ],
        "last_updated": "2021-06-18T04:53:56.092457Z",
        "last_updater": 1156886,
        "last_updater_username": "doijanky",
        "name": "11.0.11",
        "repository": 7312740,
        "full_size": 234966267,
        "v2": true,
        "tag_status": "active",
        "tag_last_pulled": "2024-01-17T21:54:21.263266Z",
        "tag_last_pushed": "2021-06-18T04:53:56.092457Z",
        "media_type": "application/vnd.docker.distribution.manifest.list.v2+json",
        "content_type": "image"
    },
    {
        "creator": 1156886,
        "id": 159483981,
        "images": [
            {
                "architecture": "amd64",
                "features": "",
                "variant": null,
                "digest": "sha256:1eee5cce8d5265cd833de6d572ea62afe2285e7288bee0d37c2b41ef9d3ac3b8",
                "os": "linux",
                "os_features": "",
                "os_version": null,
                "size": 235078624,
                "status": "active",
                "last_pulled": "2024-01-20T06:01:20.943057Z",
                "last_pushed": "2021-10-16T02:26:49.242508Z"
            }
        ],
        "last_updated": "2021-10-16T02:26:54.816674Z",
        "last_updater": 1156886,
        "last_updater_username": "doijanky",
        "name": "11.0.12",
        "repository": 7312740,
        "full_size": 235078624,
        "v2": true,
        "tag_status": "active",
        "tag_last_pulled": "2024-01-20T06:01:20.943057Z",
        "tag_last_pushed": "2021-10-16T02:26:54.816674Z",
        "media_type": "application/vnd.docker.distribution.manifest.list.v2+json",
        "content_type": "image"
    },
    {
        "creator": 1156886,
        "id": 173158092,
        "images": [
            {
                "architecture": "amd64",
                "features": "",
                "variant": null,
                "digest": "sha256:29278865a1710dd00d1f57356581bd88089d14c0019908bf58b000940f537f6f",
                "os": "linux",
                "os_features": "",
                "os_version": null,
                "size": 234423017,
                "status": "active",
                "last_pulled": "2024-01-17T21:54:38.43709Z",
                "last_pushed": "2022-01-07T04:04:14.804519Z"
            }
        ],
        "last_updated": "2022-01-07T04:04:18.249811Z",
        "last_updater": 1156886,
        "last_updater_username": "doijanky",
        "name": "11.0.13",
        "repository": 7312740,
        "full_size": 234423017,
        "v2": true,
        "tag_status": "active",
        "tag_last_pulled": "2024-01-17T21:54:38.43709Z",
        "tag_last_pushed": "2022-01-07T04:04:18.249811Z",
        "media_type": "application/vnd.docker.distribution.manifest.list.v2+json",
        "content_type": "image"
    },
    {
        "creator": 1156886,
        "id": 187961653,
        "images": [
            {
                "architecture": "amd64",
                "features": "",
                "variant": null,
                "digest": "sha256:a3f0d6a6786cd1593a1956489445d5dd980b0d4aa1375c432e7cee51b9b2afb2",
                "os": "linux",
                "os_features": "",
                "os_version": null,
                "size": 234591776,
                "status": "active",
                "last_pulled": "2024-01-17T21:54:46.575682Z",
                "last_pushed": "2022-02-02T07:22:02.734409Z"
            }
        ],
        "last_updated": "2022-02-02T07:22:07.053659Z",
        "last_updater": 1156886,
        "last_updater_username": "doijanky",
        "name": "11.0.14",
        "repository": 7312740,
        "full_size": 234591776,
        "v2": true,
        "tag_status": "active",
        "tag_last_pulled": "2024-01-17T21:54:46.575682Z",
        "tag_last_pushed": "2022-02-02T07:22:07.053659Z",
        "media_type": "application/vnd.docker.distribution.manifest.list.v2+json",
        "content_type": "image"
    },
    {
        "creator": 1156886,
        "id": 191584684,
        "images": [
            {
                "architecture": "amd64",
                "features": "",
                "variant": null,
                "digest": "sha256:88bccd02a278861ff0459d1a834f5dd68ab063f0f9adea50026993e12b63801c",
                "os": "linux",
                "os_features": "",
                "os_version": null,
                "size": 234595123,
                "status": "active",
                "last_pulled": "2024-01-17T21:54:54.947156Z",
                "last_pushed": "2022-04-22T04:14:46.669783Z"
            }
        ],
        "last_updated": "2022-04-22T04:14:51.21507Z",
        "last_updater": 1156886,
        "last_updater_username": "doijanky",
        "name": "11.0.14.1",
        "repository": 7312740,
        "full_size": 234595123,
        "v2": true,
        "tag_status": "active",
        "tag_last_pulled": "2024-01-17T21:54:54.947156Z",
        "tag_last_pushed": "2022-04-22T04:14:51.21507Z",
        "media_type": "application/vnd.docker.distribution.manifest.list.v2+json",
        "content_type": "image"
    },
    {
        "creator": 1156886,
        "id": 204796434,
        "images": [
            {
                "architecture": "amd64",
                "features": "",
                "variant": null,
                "digest": "sha256:3d371ba6dcec5a3f27ff869abc7690975757ff021041ad50f008600a41c7f9da",
                "os": "linux",
                "os_features": "",
                "os_version": null,
                "size": 234335560,
                "status": "active",
                "last_pulled": "2024-01-17T21:54:56.78908Z",
                "last_pushed": "2022-04-30T02:48:41.109344Z"
            }
        ],
        "last_updated": "2022-04-30T02:48:45.686293Z",
        "last_updater": 1156886,
        "last_updater_username": "doijanky",
        "name": "11.0.15",
        "repository": 7312740,
        "full_size": 234335560,
        "v2": true,
        "tag_status": "active",
        "tag_last_pulled": "2024-01-17T21:54:56.78908Z",
        "tag_last_pushed": "2022-04-30T02:48:45.686293Z",
        "media_type": "application/vnd.docker.distribution.manifest.list.v2+json",
        "content_type": "image"
    },
    {
        "creator": 1156886,
        "id": 207096051,
        "images": [
            {
                "architecture": "amd64",
                "features": "",
                "variant": null,
                "digest": "sha256:7c3afcdebcb3851109b100952a85e96a5afe6c8ff1a3dda56660b449ecd6fe45",
                "os": "linux",
                "os_features": "",
                "os_version": null,
                "size": 234342106,
                "status": "active",
                "last_pulled": "2024-01-17T21:54:58.617969Z",
                "last_pushed": "2022-06-07T02:17:46.515269Z"
            }
        ],
        "last_updated": "2022-06-07T02:17:51.04653Z",
        "last_updater": 1156886,
        "last_updater_username": "doijanky",
        "name": "11.0.15.0.1",
        "repository": 7312740,
        "full_size": 234342106,
        "v2": true,
        "tag_status": "active",
        "tag_last_pulled": "2024-01-17T21:54:58.617969Z",
        "tag_last_pushed": "2022-06-07T02:17:51.04653Z",
        "media_type": "application/vnd.docker.distribution.manifest.list.v2+json",
        "content_type": "image"
    },
    {
        "creator": 1156886,
        "id": 257853440,
        "images": [
            {
                "architecture": "amd64",
                "features": "",
                "variant": null,
                "digest": "sha256:b7974b62912c4c5e7709aca41bf3ff7303894eefd639062315602a03eebf8b70",
                "os": "linux",
                "os_features": "",
                "os_version": null,
                "size": 234327294,
                "status": "active",
                "last_pulled": "2024-01-17T21:55:00.5997Z",
                "last_pushed": "2022-08-02T21:04:14.870905Z"
            }
        ],
        "last_updated": "2022-08-02T21:04:20.148807Z",
        "last_updater": 1156886,
        "last_updater_username": "doijanky",
        "name": "11.0.16",
        "repository": 7312740,
        "full_size": 234327294,
        "v2": true,
        "tag_status": "active",
        "tag_last_pulled": "2024-01-17T21:55:00.5997Z",
        "tag_last_pushed": "2022-08-02T21:04:20.148807Z",
        "media_type": "application/vnd.docker.distribution.manifest.list.v2+json",
        "content_type": "image",
        "digest": "sha256:1bd38649b1175383db9a7df57c27e038205d92c440fb2e81628030c65a667575"
    },
    {
        "creator": 1156886,
        "id": 278627726,
        "images": [
            {
                "architecture": "amd64",
                "features": "",
                "variant": null,
                "digest": "sha256:6c6914f0483ea3dcca7123f4458c97f8b4bbc98dad3e96430ce442bf0bb9e977",
                "os": "linux",
                "os_features": "",
                "os_version": null,
                "size": 234785791,
                "status": "active",
                "last_pulled": "2024-01-17T21:55:02.822186Z",
                "last_pushed": "2022-10-05T18:27:51.512698Z"
            }
        ],
        "last_updated": "2022-10-05T18:27:56.255737Z",
        "last_updater": 1156886,
        "last_updater_username": "doijanky",
        "name": "11.0.16.1",
        "repository": 7312740,
        "full_size": 234785791,
        "v2": true,
        "tag_status": "active",
        "tag_last_pulled": "2024-01-17T21:55:02.822186Z",
        "tag_last_pushed": "2022-10-05T18:27:56.255737Z",
        "media_type": "application/vnd.docker.distribution.manifest.list.v2+json",
        "content_type": "image",
        "digest": "sha256:1c1e9b7c66d83fa58d072a941d9cd01819f0cb1ffe02ba34b0bb24586e7eac32"
    },
    {
        "creator": 1156886,
        "id": 59977106,
        "images": [
            {
                "architecture": "amd64",
                "features": "",
                "variant": null,
                "digest": "sha256:23d682c2dfc9af2f9b6d5af600e421136a6a41023908c0e2b4d5668d664f581b",
                "os": "linux",
                "os_features": "",
                "os_version": null,
                "size": 229525245,
                "status": "active",
                "last_pulled": "2024-01-17T22:08:31.139536Z",
                "last_pushed": null
            }
        ],
        "last_updated": "2019-06-25T00:47:55.63273Z",
        "last_updater": 1156886,
        "last_updater_username": "doijanky",
        "name": "11.0.3",
        "repository": 7312740,
        "full_size": 229525245,
        "v2": true,
        "tag_status": "active",
        "tag_last_pulled": "2024-01-17T22:08:31.139536Z",
        "tag_last_pushed": "2019-06-25T00:47:55.63273Z",
        "media_type": "application/vnd.docker.distribution.manifest.list.v2+json",
        "content_type": "image"
    },
    {
        "creator": 1156886,
        "id": 62615206,
        "images": [
            {
                "architecture": "amd64",
                "features": "",
                "variant": null,
                "digest": "sha256:11f225365f1329558b53b45c05c0995a178be9c45e25302747a2333edd2ab981",
                "os": "linux",
                "os_features": "",
                "os_version": null,
                "size": 230325703,
                "status": "active",
                "last_pulled": "2024-01-19T08:01:47.656719Z",
                "last_pushed": null
            }
        ],
        "last_updated": "2019-09-19T03:05:30.033418Z",
        "last_updater": 1156886,
        "last_updater_username": "doijanky",
        "name": "11.0.4",
        "repository": 7312740,
        "full_size": 230325703,
        "v2": true,
        "tag_status": "active",
        "tag_last_pulled": "2024-01-19T08:01:47.656719Z",
        "tag_last_pushed": "2019-09-19T03:05:30.033418Z",
        "media_type": "application/vnd.docker.distribution.manifest.list.v2+json",
        "content_type": "image"
    },
    {
        "creator": 1156886,
        "id": 72835475,
        "images": [
            {
                "architecture": "amd64",
                "features": "",
                "variant": null,
                "digest": "sha256:bdabc5d4905ba74de7d59ad326f7b159325a379c9e07213919a5791790315081",
                "os": "linux",
                "os_features": "",
                "os_version": null,
                "size": 231269152,
                "status": "active",
                "last_pulled": "2024-01-17T22:08:48.970374Z",
                "last_pushed": null
            }
        ],
        "last_updated": "2020-01-16T04:04:21.411577Z",
        "last_updater": 1156886,
        "last_updater_username": "doijanky",
        "name": "11.0.5",
        "repository": 7312740,
        "full_size": 231269152,
        "v2": true,
        "tag_status": "active",
        "tag_last_pulled": "2024-01-17T22:08:48.970374Z",
        "tag_last_pushed": "2020-01-16T04:04:21.411577Z",
        "media_type": "application/vnd.docker.distribution.manifest.list.v2+json",
        "content_type": "image"
    },
    {
        "creator": 1156886,
        "id": 82959240,
        "images": [
            {
                "architecture": "amd64",
                "features": "",
                "variant": null,
                "digest": "sha256:fb15e73b341cbf286639ac0d852348690a753913e4f0268a98fdf5b88db2e51c",
                "os": "linux",
                "os_features": "",
                "os_version": null,
                "size": 231531870,
                "status": "active",
                "last_pulled": "2024-01-17T22:08:57.404233Z",
                "last_pushed": null
            }
        ],
        "last_updated": "2020-02-22T04:04:18.546946Z",
        "last_updater": 1156886,
        "last_updater_username": "doijanky",
        "name": "11.0.6",
        "repository": 7312740,
        "full_size": 231531870,
        "v2": true,
        "tag_status": "active",
        "tag_last_pulled": "2024-01-17T22:08:57.404233Z",
        "tag_last_pushed": "2020-02-22T04:04:18.546946Z",
        "media_type": "application/vnd.docker.distribution.manifest.list.v2+json",
        "content_type": "image"
    },
    {
        "creator": 1156886,
        "id": 91520308,
        "images": [
            {
                "architecture": "amd64",
                "features": "",
                "variant": null,
                "digest": "sha256:dd4825a8c79afa023e2a10206af5f389e46b2b280f4590ba443144accd378614",
                "os": "linux",
                "os_features": "",
                "os_version": null,
                "size": 231533053,
                "status": "active",
                "last_pulled": "2024-01-17T22:09:05.698444Z",
                "last_pushed": null
            }
        ],
        "last_updated": "2020-03-20T21:04:21.983995Z",
        "last_updater": 1156886,
        "last_updater_username": "doijanky",
        "name": "11.0.6.0.1",
        "repository": 7312740,
        "full_size": 231533053,
        "v2": true,
        "tag_status": "active",
        "tag_last_pulled": "2024-01-17T22:09:05.698444Z",
        "tag_last_pushed": "2020-03-20T21:04:21.983995Z",
        "media_type": "application/vnd.docker.distribution.manifest.list.v2+json",
        "content_type": "image"
    },
    {
        "creator": 1156886,
        "id": 95797964,
        "images": [
            {
                "architecture": "amd64",
                "features": "",
                "variant": null,
                "digest": "sha256:a4376fd7a636465d4285e8450990505e0703223aa21fb5b4c15a5310c4734b30",
                "os": "linux",
                "os_features": "",
                "os_version": null,
                "size": 234009005,
                "status": "active",
                "last_pulled": "2024-01-17T22:09:14.472359Z",
                "last_pushed": null
            }
        ],
        "last_updated": "2020-06-17T06:04:25.003118Z",
        "last_updater": 1156886,
        "last_updater_username": "doijanky",
        "name": "11.0.7",
        "repository": 7312740,
        "full_size": 0,
        "v2": true,
        "tag_status": "active",
        "tag_last_pulled": "2024-01-17T22:09:14.472359Z",
        "tag_last_pushed": "2020-06-17T06:04:25.003118Z",
        "media_type": "application/vnd.docker.distribution.manifest.list.v2+json",
        "content_type": "image"
    },
    {
        "creator": 1156886,
        "id": 109085081,
        "images": [
            {
                "architecture": "amd64",
                "features": "",
                "variant": null,
                "digest": "sha256:89689119a79e006f2c2180847e1993044860e4e380fe8279eac1e242f310ff22",
                "os": "linux",
                "os_features": "",
                "os_version": null,
                "size": 234142143,
                "status": "active",
                "last_pulled": "2024-01-17T22:09:23.807276Z",
                "last_pushed": "2020-10-23T20:20:03.955393Z"
            }
        ],
        "last_updated": "2020-10-23T20:20:11.499123Z",
        "last_updater": 1156886,
        "last_updater_username": "doijanky",
        "name": "11.0.8",
        "repository": 7312740,
        "full_size": 234142143,
        "v2": true,
        "tag_status": "active",
        "tag_last_pulled": "2024-01-17T22:09:23.807276Z",
        "tag_last_pushed": "2020-10-23T20:20:11.499123Z",
        "media_type": "application/vnd.docker.distribution.manifest.list.v2+json",
        "content_type": "image"
    },
    {
        "creator": 1156886,
        "id": 123182612,
        "images": [
            {
                "architecture": "amd64",
                "features": "",
                "variant": null,
                "digest": "sha256:acedacb1dfa26e2ed5a5673c17cb5168569c382adce399db9266ab9ef2c9518d",
                "os": "linux",
                "os_features": "",
                "os_version": null,
                "size": 234736887,
                "status": "active",
                "last_pulled": "2024-01-17T22:09:32.684703Z",
                "last_pushed": "2020-10-26T18:04:14.122477Z"
            }
        ],
        "last_updated": "2020-10-26T18:04:22.212668Z",
        "last_updater": 1156886,
        "last_updater_username": "doijanky",
        "name": "11.0.9",
        "repository": 7312740,
        "full_size": 234736887,
        "v2": true,
        "tag_status": "active",
        "tag_last_pulled": "2024-01-17T22:09:32.684703Z",
        "tag_last_pushed": "2020-10-26T18:04:22.212668Z",
        "media_type": "application/vnd.docker.distribution.manifest.list.v2+json",
        "content_type": "image"
    },
    {
        "creator": 1156886,
        "id": 124913088,
        "images": [
            {
                "architecture": "amd64",
                "features": "",
                "variant": null,
                "digest": "sha256:5d347dd1434bf35cdef12d7cb9c27f12ad4d7480917206ada258fdbf81461592",
                "os": "linux",
                "os_features": "",
                "os_version": null,
                "size": 234765431,
                "status": "active",
                "last_pulled": "2024-01-17T22:09:42.262283Z",
                "last_pushed": "2021-01-21T11:09:33.33596Z"
            }
        ],
        "last_updated": "2021-01-21T11:09:44.049818Z",
        "last_updater": 1156886,
        "last_updater_username": "doijanky",
        "name": "11.0.9.1",
        "repository": 7312740,
        "full_size": 234765431,
        "v2": true,
        "tag_status": "active",
        "tag_last_pulled": "2024-01-17T22:09:42.262283Z",
        "tag_last_pushed": "2021-01-21T11:09:44.049818Z",
        "media_type": "application/vnd.docker.distribution.manifest.list.v2+json",
        "content_type": "image"
    },
    {
        "creator": 1156886,
        "id": 59977112,
        "images": [
            {
                "architecture": "amd64",
                "features": "",
                "variant": null,
                "digest": "sha256:7e93e80732bc1df536cdbee6c572c28f95d6a3419dfe01ff6d14da4f64e617ae",
                "os": "linux",
                "os_features": "",
                "os_version": null,
                "size": 241160377,
                "status": "active",
                "last_pulled": "2024-01-17T22:17:59.853403Z",
                "last_pushed": null
            }
        ],
        "last_updated": "2019-08-15T10:49:13.670411Z",
        "last_updater": 1156886,
        "last_updater_username": "doijanky",
        "name": "12",
        "repository": 7312740,
        "full_size": 241160377,
        "v2": true,
        "tag_status": "active",
        "tag_last_pulled": "2024-01-17T22:17:59.853403Z",
        "tag_last_pushed": "2019-08-15T10:49:13.670411Z",
        "media_type": "application/vnd.docker.distribution.manifest.list.v2+json",
        "content_type": "image"
    },
    {
        "creator": 1156886,
        "id": 59977113,
        "images": [
            {
                "architecture": "amd64",
                "features": "",
                "variant": null,
                "digest": "sha256:1ef15de7f09bce7b982c59d51b5399ba7179a3468db31f855607d496535f7367",
                "os": "linux",
                "os_features": "",
                "os_version": null,
                "size": 240541576,
                "status": "active",
                "last_pulled": "2024-01-17T22:18:08.255523Z",
                "last_pushed": null
            }
        ],
        "last_updated": "2019-06-25T00:48:06.630374Z",
        "last_updater": 1156886,
        "last_updater_username": "doijanky",
        "name": "12.0.1",
        "repository": 7312740,
        "full_size": 240541576,
        "v2": true,
        "tag_status": "active",
        "tag_last_pulled": "2024-01-17T22:18:08.255523Z",
        "tag_last_pushed": "2019-06-25T00:48:06.630374Z",
        "media_type": "application/vnd.docker.distribution.manifest.list.v2+json",
        "content_type": "image"
    },
    {
        "creator": 1156886,
        "id": 62728621,
        "images": [
            {
                "architecture": "amd64",
                "features": "",
                "variant": null,
                "digest": "sha256:7e93e80732bc1df536cdbee6c572c28f95d6a3419dfe01ff6d14da4f64e617ae",
                "os": "linux",
                "os_features": "",
                "os_version": null,
                "size": 241160377,
                "status": "active",
                "last_pulled": "2024-01-17T22:17:59.853403Z",
                "last_pushed": null
            }
        ],
        "last_updated": "2019-08-15T10:49:17.579814Z",
        "last_updater": 1156886,
        "last_updater_username": "doijanky",
        "name": "12.0.2",
        "repository": 7312740,
        "full_size": 241160377,
        "v2": true,
        "tag_status": "active",
        "tag_last_pulled": "2024-01-17T22:17:59.853403Z",
        "tag_last_pushed": "2019-08-15T10:49:17.579814Z",
        "media_type": "application/vnd.docker.distribution.manifest.list.v2+json",
        "content_type": "image"
    },
    {
        "creator": 1156886,
        "id": 69313793,
        "images": [
            {
                "architecture": "amd64",
                "features": "",
                "variant": null,
                "digest": "sha256:e9e51c8f92f858e0b2fbed2cc56b403da9df491459dd8a9910b3407b324684b7",
                "os": "linux",
                "os_features": "",
                "os_version": null,
                "size": 241767602,
                "status": "active",
                "last_pulled": "2024-01-17T22:18:23.726689Z",
                "last_pushed": null
            }
        ],
        "last_updated": "2020-02-22T04:04:25.76537Z",
        "last_updater": 1156886,
        "last_updater_username": "doijanky",
        "name": "13",
        "repository": 7312740,
        "full_size": 241767602,
        "v2": true,
        "tag_status": "active",
        "tag_last_pulled": "2024-01-17T22:18:23.726689Z",
        "tag_last_pushed": "2020-02-22T04:04:25.76537Z",
        "media_type": "application/vnd.docker.distribution.manifest.list.v2+json",
        "content_type": "image"
    },
    {
        "creator": 1156886,
        "id": 73091667,
        "images": [
            {
                "architecture": "amd64",
                "features": "",
                "variant": null,
                "digest": "sha256:5dc23f22d6c0e0d3b1b72624e1b58d4949e3a65fe876e36a91291377d6a6af7e",
                "os": "linux",
                "os_features": "",
                "os_version": null,
                "size": 241772742,
                "status": "active",
                "last_pulled": "2024-01-17T22:18:31.686071Z",
                "last_pushed": null
            }
        ],
        "last_updated": "2020-01-16T04:04:34.113536Z",
        "last_updater": 1156886,
        "last_updater_username": "doijanky",
        "name": "13.0.1",
        "repository": 7312740,
        "full_size": 241772742,
        "v2": true,
        "tag_status": "active",
        "tag_last_pulled": "2024-01-17T22:18:31.686071Z",
        "tag_last_pushed": "2020-01-16T04:04:34.113536Z",
        "media_type": "application/vnd.docker.distribution.manifest.list.v2+json",
        "content_type": "image"
    },
    {
        "creator": 1156886,
        "id": 82959262,
        "images": [
            {
                "architecture": "amd64",
                "features": "",
                "variant": null,
                "digest": "sha256:e9e51c8f92f858e0b2fbed2cc56b403da9df491459dd8a9910b3407b324684b7",
                "os": "linux",
                "os_features": "",
                "os_version": null,
                "size": 241767602,
                "status": "active",
                "last_pulled": "2024-01-17T22:18:23.726689Z",
                "last_pushed": null
            }
        ],
        "last_updated": "2020-02-22T04:04:28.874495Z",
        "last_updater": 1156886,
        "last_updater_username": "doijanky",
        "name": "13.0.2",
        "repository": 7312740,
        "full_size": 241767602,
        "v2": true,
        "tag_status": "active",
        "tag_last_pulled": "2024-01-17T22:18:23.726689Z",
        "tag_last_pushed": "2020-02-22T04:04:28.874495Z",
        "media_type": "application/vnd.docker.distribution.manifest.list.v2+json",
        "content_type": "image"
    },
    {
        "creator": 1156886,
        "id": 91520313,
        "images": [
            {
                "architecture": "amd64",
                "features": "",
                "variant": null,
                "digest": "sha256:f3b3fd552190fce7836cc9f77ec425379b989588bce10fbd23b925a4deb2e431",
                "os": "linux",
                "os_features": "",
                "os_version": null,
                "size": 246726284,
                "status": "active",
                "last_pulled": "2024-01-17T22:18:41.697341Z",
                "last_pushed": null
            }
        ],
        "last_updated": "2020-08-20T01:09:03.126712Z",
        "last_updater": 1156886,
        "last_updater_username": "doijanky",
        "name": "14",
        "repository": 7312740,
        "full_size": 0,
        "v2": true,
        "tag_status": "active",
        "tag_last_pulled": "2024-01-17T22:18:41.697341Z",
        "tag_last_pushed": "2020-08-20T01:09:03.126712Z",
        "media_type": "application/vnd.docker.distribution.manifest.list.v2+json",
        "content_type": "image"
    },
    {
        "creator": 1156886,
        "id": 95797969,
        "images": [
            {
                "architecture": "amd64",
                "features": "",
                "variant": null,
                "digest": "sha256:bf7ff878eb3763a2b2da89f3ce58e6a0a4ed26d5a4d26291f7e031fc09a47150",
                "os": "linux",
                "os_features": "",
                "os_version": null,
                "size": 246851537,
                "status": "active",
                "last_pulled": "2024-01-17T22:18:50.73081Z",
                "last_pushed": null
            }
        ],
        "last_updated": "2020-06-17T06:04:38.516419Z",
        "last_updater": 1156886,
        "last_updater_username": "doijanky",
        "name": "14.0.1",
        "repository": 7312740,
        "full_size": 0,
        "v2": true,
        "tag_status": "active",
        "tag_last_pulled": "2024-01-17T22:18:50.73081Z",
        "tag_last_pushed": "2020-06-17T06:04:38.516419Z",
        "media_type": "application/vnd.docker.distribution.manifest.list.v2+json",
        "content_type": "image"
    },
    {
        "creator": 1156886,
        "id": 109085100,
        "images": [
            {
                "architecture": "amd64",
                "features": "",
                "variant": null,
                "digest": "sha256:f3b3fd552190fce7836cc9f77ec425379b989588bce10fbd23b925a4deb2e431",
                "os": "linux",
                "os_features": "",
                "os_version": null,
                "size": 246726284,
                "status": "active",
                "last_pulled": "2024-01-17T22:18:41.697341Z",
                "last_pushed": null
            }
        ],
        "last_updated": "2020-08-20T01:09:04.428899Z",
        "last_updater": 1156886,
        "last_updater_username": "doijanky",
        "name": "14.0.2",
        "repository": 7312740,
        "full_size": 0,
        "v2": true,
        "tag_status": "active",
        "tag_last_pulled": "2024-01-17T22:18:41.697341Z",
        "tag_last_pushed": "2020-08-20T01:09:04.428899Z",
        "media_type": "application/vnd.docker.distribution.manifest.list.v2+json",
        "content_type": "image"
    },
    {
        "creator": 1156886,
        "id": 117646427,
        "images": [
            {
                "architecture": "amd64",
                "features": "",
                "variant": null,
                "digest": "sha256:61dff4d32f6e3dc1fe1490c3aa7fef83b4a50552796b3dea939cd66a8a372145",
                "os": "linux",
                "os_features": "",
                "os_version": null,
                "size": 243393798,
                "status": "active",
                "last_pulled": "2024-01-17T22:19:01.457716Z",
                "last_pushed": "2021-03-04T04:57:59.350351Z"
            }
        ],
        "last_updated": "2021-03-04T04:58:01.51506Z",
        "last_updater": 1156886,
        "last_updater_username": "doijanky",
        "name": "15",
        "repository": 7312740,
        "full_size": 243393798,
        "v2": true,
        "tag_status": "active",
        "tag_last_pulled": "2024-01-17T22:19:01.457716Z",
        "tag_last_pushed": "2021-03-04T04:58:01.51506Z",
        "media_type": "application/vnd.docker.distribution.manifest.list.v2+json",
        "content_type": "image"
    },
    {
        "creator": 1156886,
        "id": 123182648,
        "images": [
            {
                "architecture": "amd64",
                "features": "",
                "variant": null,
                "digest": "sha256:0faffe916c41af6590db9cfa8348839f907984d3ce208f01847857af7ad52c53",
                "os": "linux",
                "os_features": "",
                "os_version": null,
                "size": 243406251,
                "status": "active",
                "last_pulled": "2024-01-17T22:19:12.350474Z",
                "last_pushed": "2021-01-21T11:09:50.728681Z"
            }
        ],
        "last_updated": "2021-01-21T11:09:59.031708Z",
        "last_updater": 1156886,
        "last_updater_username": "doijanky",
        "name": "15.0.1",
        "repository": 7312740,
        "full_size": 243406251,
        "v2": true,
        "tag_status": "active",
        "tag_last_pulled": "2024-01-17T22:19:12.350474Z",
        "tag_last_pushed": "2021-01-21T11:09:59.031708Z",
        "media_type": "application/vnd.docker.distribution.manifest.list.v2+json",
        "content_type": "image"
    },
    {
        "creator": 1156886,
        "id": 134406865,
        "images": [
            {
                "architecture": "amd64",
                "features": "",
                "variant": null,
                "digest": "sha256:61dff4d32f6e3dc1fe1490c3aa7fef83b4a50552796b3dea939cd66a8a372145",
                "os": "linux",
                "os_features": "",
                "os_version": null,
                "size": 243393798,
                "status": "active",
                "last_pulled": "2024-01-17T22:19:01.457716Z",
                "last_pushed": "2021-03-04T04:57:59.350351Z"
            }
        ],
        "last_updated": "2021-03-04T04:58:03.995591Z",
        "last_updater": 1156886,
        "last_updater_username": "doijanky",
        "name": "15.0.2",
        "repository": 7312740,
        "full_size": 243393798,
        "v2": true,
        "tag_status": "active",
        "tag_last_pulled": "2024-01-17T22:19:01.457716Z",
        "tag_last_pushed": "2021-03-04T04:58:03.995591Z",
        "media_type": "application/vnd.docker.distribution.manifest.list.v2+json",
        "content_type": "image"
    },
    {
        "creator": 1156886,
        "id": 141724849,
        "images": [
            {
                "architecture": "amd64",
                "features": "",
                "variant": null,
                "digest": "sha256:708940b20fac628e61bf40789fdceb87249299a382d1c638256c73061de8648f",
                "os": "linux",
                "os_features": "",
                "os_version": null,
                "size": 248336644,
                "status": "active",
                "last_pulled": "2024-01-17T22:19:23.294277Z",
                "last_pushed": "2021-08-31T05:27:31.935936Z"
            }
        ],
        "last_updated": "2021-08-31T05:27:33.868524Z",
        "last_updater": 1156886,
        "last_updater_username": "doijanky",
        "name": "16",
        "repository": 7312740,
        "full_size": 248336644,
        "v2": true,
        "tag_status": "active",
        "tag_last_pulled": "2024-01-17T22:19:23.294277Z",
        "tag_last_pushed": "2021-08-31T05:27:33.868524Z",
        "media_type": "application/vnd.docker.distribution.manifest.list.v2+json",
        "content_type": "image"
    },
    {
        "creator": 1156886,
        "id": 146599592,
        "images": [
            {
                "architecture": "amd64",
                "features": "",
                "variant": null,
                "digest": "sha256:7304ad2318d694630e0026c6d05d8de86dc27fc4c7a790dbf7ca9e179e461cbe",
                "os": "linux",
                "os_features": "",
                "os_version": null,
                "size": 248371379,
                "status": "active",
                "last_pulled": "2024-01-18T12:21:13.900729Z",
                "last_pushed": "2021-07-23T11:36:10.575008Z"
            }
        ],
        "last_updated": "2021-07-23T11:36:14.657195Z",
        "last_updater": 1156886,
        "last_updater_username": "doijanky",
        "name": "16.0.1",
        "repository": 7312740,
        "full_size": 248371379,
        "v2": true,
        "tag_status": "active",
        "tag_last_pulled": "2024-01-18T12:21:13.900729Z",
        "tag_last_pushed": "2021-07-23T11:36:14.657195Z",
        "media_type": "application/vnd.docker.distribution.manifest.list.v2+json",
        "content_type": "image"
    },
    {
        "creator": 1156886,
        "id": 159637981,
        "images": [
            {
                "architecture": "amd64",
                "features": "",
                "variant": null,
                "digest": "sha256:708940b20fac628e61bf40789fdceb87249299a382d1c638256c73061de8648f",
                "os": "linux",
                "os_features": "",
                "os_version": null,
                "size": 248336644,
                "status": "active",
                "last_pulled": "2024-01-17T22:19:23.294277Z",
                "last_pushed": "2021-08-31T05:27:31.935936Z"
            }
        ],
        "last_updated": "2021-08-31T05:27:35.819438Z",
        "last_updater": 1156886,
        "last_updater_username": "doijanky",
        "name": "16.0.2",
        "repository": 7312740,
        "full_size": 248336644,
        "v2": true,
        "tag_status": "active",
        "tag_last_pulled": "2024-01-17T22:19:23.294277Z",
        "tag_last_pushed": "2021-08-31T05:27:35.819438Z",
        "media_type": "application/vnd.docker.distribution.manifest.list.v2+json",
        "content_type": "image"
    },
    {
        "creator": 1156886,
        "id": 173591290,
        "images": [
            {
                "architecture": "amd64",
                "features": "",
                "variant": null,
                "digest": "sha256:590bc494541c74cc8c160c77f2f9686c80c6e2b7c9c31106b2b90f690b21b158",
                "os": "linux",
                "os_features": "",
                "os_version": null,
                "size": 234450728,
                "status": "active",
                "last_pulled": "2024-01-17T22:20:35.342366Z",
                "last_pushed": "2022-01-07T04:04:23.749509Z"
            }
        ],
        "last_updated": "2022-01-07T04:04:28.051429Z",
        "last_updater": 1156886,
        "last_updater_username": "doijanky",
        "name": "17.0.1",
        "repository": 7312740,
        "full_size": 234450728,
        "v2": true,
        "tag_status": "active",
        "tag_last_pulled": "2024-01-17T22:20:35.342366Z",
        "tag_last_pushed": "2022-01-07T04:04:28.051429Z",
        "media_type": "application/vnd.docker.distribution.manifest.list.v2+json",
        "content_type": "image"
    },
    {
        "creator": 1156886,
        "id": 187961633,
        "images": [
            {
                "architecture": "amd64",
                "features": "",
                "variant": null,
                "digest": "sha256:eb7659ab20223f149f5f7df29ca8d570b326804aca40ebc3cf0e6f57139930eb",
                "os": "linux",
                "os_features": "",
                "os_version": null,
                "size": 234531401,
                "status": "active",
                "last_pulled": "2024-01-17T22:20:44.192142Z",
                "last_pushed": "2022-04-22T04:14:55.452785Z"
            }
        ],
        "last_updated": "2022-04-22T04:14:59.486457Z",
        "last_updater": 1156886,
        "last_updater_username": "doijanky",
        "name": "17.0.2",
        "repository": 7312740,
        "full_size": 234531401,
        "v2": true,
        "tag_status": "active",
        "tag_last_pulled": "2024-01-17T22:20:44.192142Z",
        "tag_last_pushed": "2022-04-22T04:14:59.486457Z",
        "media_type": "application/vnd.docker.distribution.manifest.list.v2+json",
        "content_type": "image"
    },
    {
        "creator": 1156886,
        "id": 204796440,
        "images": [
            {
                "architecture": "amd64",
                "features": "",
                "variant": null,
                "digest": "sha256:ddab9afc9608acb12755de08b3b85df859878ed3bd9758af3a2f1d2b3fc83639",
                "os": "linux",
                "os_features": "",
                "os_version": null,
                "size": 234261919,
                "status": "active",
                "last_pulled": "2024-01-17T22:20:46.143997Z",
                "last_pushed": "2022-04-30T02:48:51.033928Z"
            }
        ],
        "last_updated": "2022-04-30T02:48:55.709467Z",
        "last_updater": 1156886,
        "last_updater_username": "doijanky",
        "name": "17.0.3",
        "repository": 7312740,
        "full_size": 234261919,
        "v2": true,
        "tag_status": "active",
        "tag_last_pulled": "2024-01-17T22:20:46.143997Z",
        "tag_last_pushed": "2022-04-30T02:48:55.709467Z",
        "media_type": "application/vnd.docker.distribution.manifest.list.v2+json",
        "content_type": "image"
    },
    {
        "creator": 1156886,
        "id": 207096166,
        "images": [
            {
                "architecture": "amd64",
                "features": "",
                "variant": null,
                "digest": "sha256:bf6bb34526844521788394a6effaa89285e12da0e8deb6a7dc7ccc9e84bc92af",
                "os": "linux",
                "os_features": "",
                "os_version": null,
                "size": 234278304,
                "status": "active",
                "last_pulled": "2024-01-17T22:20:48.075726Z",
                "last_pushed": "2022-06-07T02:17:55.714436Z"
            }
        ],
        "last_updated": "2022-06-07T02:18:00.144806Z",
        "last_updater": 1156886,
        "last_updater_username": "doijanky",
        "name": "17.0.3.0.1",
        "repository": 7312740,
        "full_size": 234278304,
        "v2": true,
        "tag_status": "active",
        "tag_last_pulled": "2024-01-17T22:20:48.075726Z",
        "tag_last_pushed": "2022-06-07T02:18:00.144806Z",
        "media_type": "application/vnd.docker.distribution.manifest.list.v2+json",
        "content_type": "image"
    },
    {
        "creator": 1156886,
        "id": 257853528,
        "images": [
            {
                "architecture": "amd64",
                "features": "",
                "variant": null,
                "digest": "sha256:3be101e12c4ecf8c7c46dba53b7c5d833b2c498c7dcd11e567efa68f841600f7",
                "os": "linux",
                "os_features": "",
                "os_version": null,
                "size": 233708749,
                "status": "active",
                "last_pulled": "2024-01-17T22:20:50.006969Z",
                "last_pushed": "2022-08-02T21:04:25.152959Z"
            }
        ],
        "last_updated": "2022-08-02T21:04:29.747537Z",
        "last_updater": 1156886,
        "last_updater_username": "doijanky",
        "name": "17.0.4",
        "repository": 7312740,
        "full_size": 233708749,
        "v2": true,
        "tag_status": "active",
        "tag_last_pulled": "2024-01-17T22:20:50.006969Z",
        "tag_last_pushed": "2022-08-02T21:04:29.747537Z",
        "media_type": "application/vnd.docker.distribution.manifest.list.v2+json",
        "content_type": "image",
        "digest": "sha256:acd45e7e8a26f4afd2e94c9142126db54f08e76999e9575bc894b7759b059da6"
    },
    {
        "creator": 1156886,
        "id": 278627750,
        "images": [
            {
                "architecture": "amd64",
                "features": "",
                "variant": null,
                "digest": "sha256:9a325b6a9ff00813e79fd180f564ae075a3e51a8f42979d03fd439b4070ed237",
                "os": "linux",
                "os_features": "",
                "os_version": null,
                "size": 234258801,
                "status": "active",
                "last_pulled": "2024-01-17T22:20:52.028721Z",
                "last_pushed": "2022-10-05T18:28:00.914316Z"
            }
        ],
        "last_updated": "2022-10-05T18:28:05.755432Z",
        "last_updater": 1156886,
        "last_updater_username": "doijanky",
        "name": "17.0.4.1",
        "repository": 7312740,
        "full_size": 234258801,
        "v2": true,
        "tag_status": "active",
        "tag_last_pulled": "2024-01-17T22:20:52.028721Z",
        "tag_last_pushed": "2022-10-05T18:28:05.755432Z",
        "media_type": "application/vnd.docker.distribution.manifest.list.v2+json",
        "content_type": "image",
        "digest": "sha256:79dc41def81e896744ff43ebaf51827cc8bee5dd06e3844dbd093f0bcb9525f3"
    },
    {
        "creator": 1156886,
        "id": 199355481,
        "images": [
            {
                "architecture": "amd64",
                "features": "",
                "variant": null,
                "digest": "sha256:7dfbc14633587ffc07c729cba99bf071c70057a29c492c9e26cded85a37b70c4",
                "os": "linux",
                "os_features": "",
                "os_version": null,
                "size": 235300613,
                "status": "active",
                "last_pulled": "2024-01-19T16:23:57.984159Z",
                "last_pushed": "2022-09-02T05:37:07.64944Z"
            }
        ],
        "last_updated": "2022-09-02T05:37:09.696695Z",
        "last_updater": 1156886,
        "last_updater_username": "doijanky",
        "name": "18",
        "repository": 7312740,
        "full_size": 235300613,
        "v2": true,
        "tag_status": "active",
        "tag_last_pulled": "2024-01-19T21:25:42.471411Z",
        "tag_last_pushed": "2022-09-02T05:37:09.696695Z",
        "media_type": "application/vnd.docker.distribution.manifest.list.v2+json",
        "content_type": "image",
        "digest": "sha256:858751d7719710b39168b4e741c73988fada5b4ff8cd3e91832e4aca095a70f8"
    },
    {
        "creator": 1156886,
        "id": 204796450,
        "images": [
            {
                "architecture": "amd64",
                "features": "",
                "variant": null,
                "digest": "sha256:72414f375beec69b293ad0d8d4605d426c8734141d3a991d6c549aeae1399822",
                "os": "linux",
                "os_features": "",
                "os_version": null,
                "size": 235239028,
                "status": "active",
                "last_pulled": "2024-01-17T22:44:14.664038Z",
                "last_pushed": "2022-04-30T02:49:00.443208Z"
            }
        ],
        "last_updated": "2022-04-30T02:49:04.630801Z",
        "last_updater": 1156886,
        "last_updater_username": "doijanky",
        "name": "18.0.1",
        "repository": 7312740,
        "full_size": 235239028,
        "v2": true,
        "tag_status": "active",
        "tag_last_pulled": "2024-01-17T22:44:14.664038Z",
        "tag_last_pushed": "2022-04-30T02:49:04.630801Z",
        "media_type": "application/vnd.docker.distribution.manifest.list.v2+json",
        "content_type": "image"
    },
    {
        "creator": 1156886,
        "id": 212477854,
        "images": [
            {
                "architecture": "amd64",
                "features": "",
                "variant": null,
                "digest": "sha256:596fad7aa95f6a6d1e7794659fd41508afc1744b7d54b35a79a8ac7b44b02e65",
                "os": "linux",
                "os_features": "",
                "os_version": null,
                "size": 235243730,
                "status": "active",
                "last_pulled": "2024-01-17T22:44:16.540411Z",
                "last_pushed": "2022-06-07T02:18:04.74341Z"
            }
        ],
        "last_updated": "2022-06-07T02:18:09.028353Z",
        "last_updater": 1156886,
        "last_updater_username": "doijanky",
        "name": "18.0.1.1",
        "repository": 7312740,
        "full_size": 235243730,
        "v2": true,
        "tag_status": "active",
        "tag_last_pulled": "2024-01-17T22:44:16.540411Z",
        "tag_last_pushed": "2022-06-07T02:18:09.028353Z",
        "media_type": "application/vnd.docker.distribution.manifest.list.v2+json",
        "content_type": "image"
    },
    {
        "creator": 1156886,
        "id": 257853644,
        "images": [
            {
                "architecture": "amd64",
                "features": "",
                "variant": null,
                "digest": "sha256:3432e651575e0a007bd603dfe1c8e626a3f53485d63fac6802fdeaec39187b5b",
                "os": "linux",
                "os_features": "",
                "os_version": null,
                "size": 234756159,
                "status": "active",
                "last_pulled": "2024-01-17T22:44:18.301757Z",
                "last_pushed": "2022-08-02T21:04:34.221609Z"
            }
        ],
        "last_updated": "2022-08-02T21:04:38.660441Z",
        "last_updater": 1156886,
        "last_updater_username": "doijanky",
        "name": "18.0.2",
        "repository": 7312740,
        "full_size": 234756159,
        "v2": true,
        "tag_status": "active",
        "tag_last_pulled": "2024-01-17T22:44:18.301757Z",
        "tag_last_pushed": "2022-08-02T21:04:38.660441Z",
        "media_type": "application/vnd.docker.distribution.manifest.list.v2+json",
        "content_type": "image",
        "digest": "sha256:4e07118cb553ebf333868979b742dc64e5939e936e10b249e249528a8cf09ceb"
    },
    {
        "creator": 1156886,
        "id": 278627779,
        "images": [
            {
                "architecture": "amd64",
                "features": "",
                "variant": null,
                "digest": "sha256:7dfbc14633587ffc07c729cba99bf071c70057a29c492c9e26cded85a37b70c4",
                "os": "linux",
                "os_features": "",
                "os_version": null,
                "size": 235300613,
                "status": "active",
                "last_pulled": "2024-01-19T16:23:57.984159Z",
                "last_pushed": "2022-09-02T05:37:07.64944Z"
            }
        ],
        "last_updated": "2022-09-02T05:37:11.795125Z",
        "last_updater": 1156886,
        "last_updater_username": "doijanky",
        "name": "18.0.2.1",
        "repository": 7312740,
        "full_size": 235300613,
        "v2": true,
        "tag_status": "active",
        "tag_last_pulled": "2024-01-19T21:25:42.471411Z",
        "tag_last_pushed": "2022-09-02T05:37:11.795125Z",
        "media_type": "application/vnd.docker.distribution.manifest.list.v2+json",
        "content_type": "image",
        "digest": "sha256:858751d7719710b39168b4e741c73988fada5b4ff8cd3e91832e4aca095a70f8"
    }
]