[
    {
        "creator": 1156886,
        "id": 21794988,
        "images": [
            {
                "architecture": "amd64",
                "features": "",
                "variant": null,
                "digest": "sha256:bf958a0b75efd2ae07228becee4a6c8d4eb57e3c76d0d4c664e87c24c30e3d4c",
                "os": "linux",
                "os_features": "",
                "os_version": null,
                "size": 989628587,
                "status": "inactive",
                "last_pulled": null,
                "last_pushed": null
            }
        ],
        "last_updated": "2018-07-26T23:49:18.728124Z",
        "last_updater": 1156886,
        "last_updater_username": "doijanky",
        "name": "6.0",
        "repository": 1187129,
        "full_size": 989628587,
        "v2": true,
        "tag_status": "inactive",
        "tag_last_pulled": null,
        "tag_last_pushed": "2018-07-26T23:49:18.728124Z",
        "media_type": "application/vnd.docker.distribution.manifest.list.v2+json",
        "content_type": "image"
    },
    {
        "creator": 2215,
        "id": 7557440,
        "images": [
            {
                "architecture": "amd64",
                "features": "",
                "variant": null,
                "digest": "sha256:307d89562beedf427dae6352d37f2bd3608854ebe61af3e8d2b972bb753d123f",
                "os": "linux",
                "os_features": "",
                "os_version": null,
                "size": 886245733,
                "status": "inactive",
                "last_pulled": null,
                "last_pushed": null
            }
        ],
        "last_updated": "2017-06-25T00:46:15.532536Z",
        "last_updater": 2215,
        "last_updater_username": "stackbrew",
        "name": "6.0-alpha2",
        "repository": 1187129,
        "full_size": 886245733,
        "v2": true,
        "tag_status": "inactive",
        "tag_last_pulled": null,
        "tag_last_pushed": "2017-06-25T00:46:15.532536Z",
        "media_type": "application/vnd.docker.container.image.v1+json",
        "content_type": "image"
    },
    {
        "creator": 2215,
        "id": 12777605,
        "images": [
            {
                "architecture": "amd64",
                "features": "",
                "variant": null,
                "digest": "sha256:c2537ce2bc2da42b9b99d49e7a7ec4ecd6c2d804705ed10191541899634d2955",
                "os": "linux",
                "os_features": "",
                "os_version": null,
                "size": 960892824,
                "status": "inactive",
                "last_pulled": null,
                "last_pushed": null
            }
        ],
        "last_updated": "2017-08-11T01:34:51.672556Z",
        "last_updater": 2215,
        "last_updater_username": "stackbrew",
        "name": "6.0-alpha3",
        "repository": 1187129,
        "full_size": 960892824,
        "v2": true,
        "tag_status": "inactive",
        "tag_last_pulled": null,
        "tag_last_pushed": "2017-08-11T01:34:51.672556Z",
        "media_type": "application/vnd.docker.container.image.v1+json",
        "content_type": "image"
    },
    {
        "creator": 2215,
        "id": 14736546,
        "images": [
            {
                "architecture": "amd64",
                "features": "",
                "variant": null,
                "digest": "sha256:0cc3958485b327c8bd3fb8ee6d762eccd8b64da3071aa44b3c3094b8d8cf75e7",
                "os": "linux",
                "os_features": "",
                "os_version": null,
                "size": 961994199,
                "status": "inactive",
                "last_pulled": null,
                "last_pushed": null
            }
        ],
        "last_updated": "2018-01-26T01:00:39.808981Z",
        "last_updater": 1156886,
        "last_updater_username": "doijanky",
        "name": "6.0-beta1",
        "repository": 1187129,
        "full_size": 961994199,
        "v2": true,
        "tag_status": "inactive",
        "tag_last_pulled": null,
        "tag_last_pushed": "2018-01-26T01:00:39.808981Z",
        "media_type": "application/vnd.docker.distribution.manifest.list.v2+json",
        "content_type": "image"
    },
    {
        "creator": 1156886,
        "id": 32297278,
        "images": [
            {
                "architecture": "amd64",
                "features": "",
                "variant": null,
                "digest": "sha256:359a410f54d77d2bef18e8ca0b0e5cfba212d6731491128baac59c883f913285",
                "os": "linux",
                "os_features": "",
                "os_version": null,
                "size": 1010532191,
                "status": "active",
                "last_pulled": "2024-01-20T00:36:34.341721Z",
                "last_pushed": null
            },
            {
                "architecture": "arm64",
                "features": "",
                "variant": "v8",
                "digest": "sha256:e31d7247f724e862677f5b26f987616e60d0533be57448b61f7ac6d3f3897a46",
                "os": "linux",
                "os_features": "",
                "os_version": null,
                "size": 987967074,
                "status": "active",
                "last_pulled": "2024-01-04T19:52:16.116011Z",
                "last_pushed": null
            }
        ],
        "last_updated": "2019-06-19T02:50:42.000423Z",
        "last_updater": 1156886,
        "last_updater_username": "doijanky",
        "name": "6.0.1",
        "repository": 1187129,
        "full_size": 1010532191,
        "v2": true,
        "tag_status": "active",
        "tag_last_pulled": "2024-01-20T00:36:34.341721Z",
        "tag_last_pushed": "2019-06-19T02:50:42.000423Z",
        "media_type": "application/vnd.docker.distribution.manifest.list.v2+json",
        "content_type": "image"
    },
    {
        "creator": 1156886,
        "id": 59590485,
        "images": [
            {
                "architecture": "amd64",
                "features": "",
                "variant": null,
                "digest": "sha256:0a267954f687c0500c46dfdb31408a6ce073f519d6d94b7d46feb8f752bd7cb1",
                "os": "linux",
                "os_features": "",
                "os_version": null,
                "size": 1014925313,
                "status": "active",
                "last_pulled": "2024-01-20T00:35:26.359312Z",
                "last_pushed": "2021-08-31T02:35:21.453646Z"
            }
        ],
        "last_updated": "2021-08-31T02:35:23.408406Z",
        "last_updater": 1156886,
        "last_updater_username": "doijanky",
        "name": "6.0.2",
        "repository": 1187129,
        "full_size": 1014925313,
        "v2": true,
        "tag_status": "active",
        "tag_last_pulled": "2024-01-20T00:35:26.359312Z",
        "tag_last_pushed": "2021-08-31T02:35:23.408406Z",
        "media_type": "application/vnd.docker.distribution.manifest.list.v2+json",
        "content_type": "image"
    },
    {
        "creator": 1156886,
        "id": 105654498,
        "images": [
            {
                "architecture": "amd64",
                "features": "",
                "variant": null,
                "digest": "sha256:b0093db46dcc70437317858e9e132010aeaf6726001c7d50a78877922fc6c101",
                "os": "linux",
                "os_features": "",
                "os_version": null,
                "size": 1439789448,
                "status": "active",
                "last_pulled": "2024-01-20T00:47:32.524447Z",
                "last_pushed": null
            }
        ],
        "last_updated": "2020-08-20T01:09:39.212184Z",
        "last_updater": 1156886,
        "last_updater_username": "doijanky",
        "name": "6.1",
        "repository": 1187129,
        "full_size": 0,
        "v2": true,
        "tag_status": "active",
        "tag_last_pulled": "2024-01-20T00:47:32.524447Z",
        "tag_last_pushed": "2020-08-20T01:09:39.212184Z",
        "media_type": "application/vnd.docker.distribution.manifest.list.v2+json",
        "content_type": "image"
    },
    {
        "creator": 1156886,
        "id": 130420914,
        "images": [
            {
                "architecture": "amd64",
                "features": "",
                "variant": null,
                "digest": "sha256:21327cc912606042af18e45be20ed9f4f99c90957f7a815fb7334d1f8c9f7c37",
                "os": "linux",
                "os_features": "",
                "os_version": null,
                "size": 1427263054,
                "status": "active",
                "last_pulled": "2024-01-20T00:47:34.786624Z",
                "last_pushed": "2021-01-21T11:07:55.123644Z"
            }
        ],
        "last_updated": "2021-01-21T11:08:02.840864Z",
        "last_updater": 1156886,
        "last_updater_username": "doijanky",
        "name": "6.1.1",
        "repository": 1187129,
        "full_size": 1427263054,
        "v2": true,
        "tag_status": "active",
        "tag_last_pulled": "2024-01-20T00:47:34.786624Z",
        "tag_last_pushed": "2021-01-21T11:08:02.840864Z",
        "media_type": "application/vnd.docker.distribution.manifest.list.v2+json",
        "content_type": "image"
    },
    {
        "creator": 1156886,
        "id": 135364968,
        "images": [
            {
                "architecture": "amd64",
                "features": "",
                "variant": null,
                "digest": "sha256:c91f0bddf36989198192d95d8b1b8035da3b8a3277c52e20894674ce3b334fe5",
                "os": "linux",
                "os_features": "",
                "os_version": null,
                "size": 1426647796,
                "status": "active",
                "last_pulled": "2024-01-20T00:34:55.29713Z",
                "last_pushed": "2021-04-24T03:09:34.184391Z"
            }
        ],
        "last_updated": "2021-04-24T03:09:34.624176Z",
        "last_updater": 1156886,
        "last_updater_username": "doijanky",
        "name": "6.1.2",
        "repository": 1187129,
        "full_size": 1426647796,
        "v2": true,
        "tag_status": "active",
        "tag_last_pulled": "2024-01-20T00:34:55.29713Z",
        "tag_last_pushed": "2021-04-24T03:09:34.624176Z",
        "media_type": "application/vnd.docker.distribution.manifest.list.v2+json",
        "content_type": "image"
    },
    {
        "creator": 1156886,
        "id": 147735104,
        "images": [
            {
                "architecture": "amd64",
                "features": "",
                "variant": null,
                "digest": "sha256:82181611fd9d86f17f34a241b3d56c9d2fcb9d39c581336d7857cc0b2eaacae4",
                "os": "linux",
                "os_features": "",
                "os_version": null,
                "size": 1426650201,
                "status": "active",
                "last_pulled": "2024-01-17T23:34:11.162542Z",
                "last_pushed": "2022-04-06T03:34:41.661293Z"
            }
        ],
        "last_updated": "2022-04-06T03:34:43.937377Z",
        "last_updater": 1156886,
        "last_updater_username": "doijanky",
        "name": "6.1.3",
        "repository": 1187129,
        "full_size": 1426650201,
        "v2": true,
        "tag_status": "active",
        "tag_last_pulled": "2024-01-17T23:34:11.162542Z",
        "tag_last_pushed": "2022-04-06T03:34:43.937377Z",
        "media_type": "application/vnd.docker.distribution.manifest.list.v2+json",
        "content_type": "image"
    },
    {
        "creator": 1156886,
        "id": 135364970,
        "images": [
            {
                "architecture": "amd64",
                "features": "",
                "variant": null,
                "digest": "sha256:59d60b04305cb885dad7f8c933b329e8ee8551be4d8d624c67b6111602603244",
                "os": "linux",
                "os_features": "",
                "os_version": null,
                "size": 1867239280,
                "status": "active",
                "last_pulled": "2024-01-20T00:38:48.888704Z",
                "last_pushed": "2021-04-24T03:09:56.81318Z"
            }
        ],
        "last_updated": "2021-04-24T03:09:58.577328Z",
        "last_updater": 1156886,
        "last_updater_username": "doijanky",
        "name": "6.2",
        "repository": 1187129,
        "full_size": 1867239280,
        "v2": true,
        "tag_status": "active",
        "tag_last_pulled": "2024-01-20T00:38:48.888704Z",
        "tag_last_pushed": "2021-04-24T03:09:58.577328Z",
        "media_type": "application/vnd.docker.distribution.manifest.list.v2+json",
        "content_type": "image"
    },
    {
        "creator": 1156886,
        "id": 151393410,
        "images": [
            {
                "architecture": "amd64",
                "features": "",
                "variant": null,
                "digest": "sha256:e61500a9b9667b97f993f5d9dc7ad94067a8200ae50cd53a040220cb0e30f46c",
                "os": "linux",
                "os_features": "",
                "os_version": null,
                "size": 1889282059,
                "status": "active",
                "last_pulled": "2024-01-17T23:36:14.41511Z",
                "last_pushed": "2021-10-16T03:41:06.23923Z"
            }
        ],
        "last_updated": "2021-10-16T03:41:08.180941Z",
        "last_updater": 1156886,
        "last_updater_username": "doijanky",
        "name": "6.2.1",
        "repository": 1187129,
        "full_size": 1889282059,
        "v2": true,
        "tag_status": "active",
        "tag_last_pulled": "2024-01-17T23:36:14.41511Z",
        "tag_last_pushed": "2021-10-16T03:41:08.180941Z",
        "media_type": "application/vnd.docker.distribution.manifest.list.v2+json",
        "content_type": "image"
    },
    {
        "creator": 1156886,
        "id": 183283331,
        "images": [
            {
                "architecture": "amd64",
                "features": "",
                "variant": null,
                "digest": "sha256:5033c394031b90ce0b7c349ee9ec8465f21c0552f93802613bd65c92a04b111e",
                "os": "linux",
                "os_features": "",
                "os_version": null,
                "size": 1899990075,
                "status": "active",
                "last_pulled": "2024-01-17T23:37:18.872125Z",
                "last_pushed": "2022-04-06T03:35:01.976587Z"
            }
        ],
        "last_updated": "2022-04-06T03:35:04.0852Z",
        "last_updater": 1156886,
        "last_updater_username": "doijanky",
        "name": "6.2.2",
        "repository": 1187129,
        "full_size": 1899990075,
        "v2": true,
        "tag_status": "active",
        "tag_last_pulled": "2024-01-17T23:37:18.872125Z",
        "tag_last_pushed": "2022-04-06T03:35:04.0852Z",
        "media_type": "application/vnd.docker.distribution.manifest.list.v2+json",
        "content_type": "image"
    },
    {
        "creator": 1156886,
        "id": 202142120,
        "images": [
            {
                "architecture": "amd64",
                "features": "",
                "variant": null,
                "digest": "sha256:f62cfe38816698f1ec19601a6c118813d2aa27a6954a26640aeedceb1065d11d",
                "os": "linux",
                "os_features": "",
                "os_version": null,
                "size": 1898134594,
                "status": "active",
                "last_pulled": "2024-01-17T23:38:23.389383Z",
                "last_pushed": "2022-10-05T19:04:34.502873Z"
            }
        ],
        "last_updated": "2022-10-05T19:04:36.526974Z",
        "last_updater": 1156886,
        "last_updater_username": "doijanky",
        "name": "6.2.3",
        "repository": 1187129,
        "full_size": 1898134594,
        "v2": true,
        "tag_status": "active",
        "tag_last_pulled": "2024-01-17T23:38:23.389383Z",
        "tag_last_pushed": "2022-10-05T19:04:36.526974Z",
        "media_type": "application/vnd.docker.distribution.manifest.list.v2+json",
        "content_type": "image",
        "digest": "sha256:337db3357459ba7cac7c83304395f5a1c3fc1ef92a3d6f0813125748049d3a40"
    }
]