[
    {
        "creator": 1156886,
        "id": 18410528,
        "images": [
            {
                "architecture": "amd64",
                "features": "",
                "variant": null,
                "digest": "sha256:dca7ef8e4f3abd70d44739c9379b20802236badde01170716080e819ceb3dfd0",
                "os": "windows",
                "os_features": "",
                "os_version": "10.0.16299.1087",
                "size": 138618530,
                "status": "inactive",
                "last_pulled": null,
                "last_pushed": null
            }
        ],
        "last_updated": "2019-04-12T05:43:34.531236Z",
        "last_updater": 1156886,
        "last_updater_username": "doijanky",
        "name": "nanoserver-1709",
        "repository": 31760,
        "full_size": 138618530,
        "v2": true,
        "tag_status": "inactive",
        "tag_last_pulled": null,
        "tag_last_pushed": "2019-04-12T05:43:34.531236Z",
        "media_type": "application/vnd.docker.distribution.manifest.list.v2+json",
        "content_type": "image"
    },
    {
        "creator": 1156886,
        "id": 30784064,
        "images": [
            {
                "architecture": "amd64",
                "features": "",
                "variant": null,
                "digest": "sha256:4420cea78cd60f211265c0bb555b3318808beed7b20212fda0eb45cdb7141027",
                "os": "windows",
                "os_features": "",
                "os_version": "10.0.17134.1130",
                "size": 153230789,
                "status": "active",
                "last_pulled": "2024-01-20T07:07:58.06197Z",
                "last_pushed": null
            }
        ],
        "last_updated": "2019-11-20T14:41:37.880879Z",
        "last_updater": 1156886,
        "last_updater_username": "doijanky",
        "name": "nanoserver-1803",
        "repository": 31760,
        "full_size": 153230789,
        "v2": true,
        "tag_status": "active",
        "tag_last_pulled": "2024-01-20T07:07:58.06197Z",
        "tag_last_pushed": "2019-11-20T14:41:37.880879Z",
        "media_type": "application/vnd.docker.distribution.manifest.list.v2+json",
        "content_type": "image"
    },
    {
        "creator": 1156886,
        "id": 18410527,
        "images": [
            {
                "architecture": "amd64",
                "features": "",
                "variant": null,
                "digest": "sha256:2c911f8d79dba2c870d4b99746cd3571f647375bcbebbc10adc9ca378302e0d5",
                "os": "windows",
                "os_features": "",
                "os_version": "10.0.14393.2551",
                "size": 435399440,
                "status": "inactive",
                "last_pulled": null,
                "last_pushed": null
            }
        ],
        "last_updated": "2019-01-01T10:43:20.959334Z",
        "last_updater": 1156886,
        "last_updater_username": "doijanky",
        "name": "nanoserver-sac2016",
        "repository": 31760,
        "full_size": 435399440,
        "v2": true,
        "tag_status": "inactive",
        "tag_last_pulled": null,
        "tag_last_pushed": "2019-01-01T10:43:20.959334Z",
        "media_type": "application/vnd.docker.distribution.manifest.list.v2+json",
        "content_type": "image"
    },
    {
        "creator": 1156886,
        "id": 17399107,
        "images": [
            {
                "architecture": "amd64",
                "features": "",
                "variant": null,
                "digest": "sha256:eb6bb16eb0d9fc61a8a54fca9d09bc7be5caacc85ea8e0e5f4378e6b13390523",
                "os": "windows",
                "os_features": "",
                "os_version": "10.0.16299.64",
                "size": 99068846,
                "status": "inactive",
                "last_pulled": null,
                "last_pushed": null
            }
        ],
        "last_updated": "2017-11-21T05:43:32.890071Z",
        "last_updater": 1156886,
        "last_updater_username": "doijanky",
        "name": "nanoserver1709",
        "repository": 31760,
        "full_size": 99068846,
        "v2": true,
        "tag_status": "inactive",
        "tag_last_pulled": null,
        "tag_last_pushed": "2017-11-21T05:43:32.890071Z",
        "media_type": "application/vnd.docker.distribution.manifest.list.v2+json",
        "content_type": "image"
    }
]