[
    {
        "creator": 621950,
        "id": 3638880,
        "images": [
            {
                "architecture": "amd64",
                "features": "",
                "variant": null,
                "digest": "sha256:c22223dc179f142076c071e844254ba21cb2e53a7fbb52ff275865130f11c7c1",
                "os": "windows",
                "os_features": "",
                "os_version": "10.0.17134.469",
                "size": 146428081,
                "status": "active",
                "last_pulled": "2024-01-19T22:56:18.229834Z",
                "last_pushed": null
            },
            {
                "architecture": "arm64",
                "features": "",
                "variant": "v8",
                "digest": "sha256:b6ed6e4cc14488cfce68e946d13ae329ccf3e8454b26d106f23e3dff38f0b955",
                "os": "linux",
                "os_features": "",
                "os_version": null,
                "size": 1096,
                "status": "active",
                "last_pulled": "2024-01-19T22:56:18.135908Z",
                "last_pushed": null
            },
            {
                "architecture": "amd64",
                "features": "",
                "variant": null,
                "digest": "sha256:2c542cfa48db891b0d4667b1fd98c78428d0e4d7e59ab483dd027a185cf4dbe0",
                "os": "windows",
                "os_features": "",
                "os_version": "10.0.16299.846",
                "size": 137000415,
                "status": "active",
                "last_pulled": "2024-01-19T22:56:18.217372Z",
                "last_pushed": null
            },
            {
                "architecture": "ppc64le",
                "features": "",
                "variant": null,
                "digest": "sha256:80f072dcbce20f8745fa8ec7594ee1cc5e4c53910df1dc4886b03942f249ba76",
                "os": "linux",
                "os_features": "",
                "os_version": null,
                "size": 1307,
                "status": "active",
                "last_pulled": "2024-01-19T22:56:18.167703Z",
                "last_pushed": null
            },
            {
                "architecture": "amd64",
                "features": "",
                "variant": null,
                "digest": "sha256:d7f84c1d6f16b1006d6ed62783625113b480ea697664909601f51ef380d55523",
                "os": "windows",
                "os_features": "",
                "os_version": "10.0.14393.2551",
                "size": 435399449,
                "status": "active",
                "last_pulled": "2024-01-19T22:56:18.348954Z",
                "last_pushed": null
            },
            {
                "architecture": "amd64",
                "features": "",
                "variant": null,
                "digest": "sha256:9f16da7cb4e19d8def2ae8343610e985b9c46f33867d4b724ba47a4145952621",
                "os": "windows",
                "os_features": "",
                "os_version": "10.0.17763.194",
                "size": 134331345,
                "status": "active",
                "last_pulled": "2024-01-19T22:56:18.182255Z",
                "last_pushed": null
            },
            {
                "architecture": "amd64",
                "features": "",
                "variant": null,
                "digest": "sha256:7a012702999ac3589aeb46d28ab2b9b6b82324d8504b55e5cf4fdc9a9f52558d",
                "os": "linux",
                "os_features": "",
                "os_version": null,
                "size": 999,
                "status": "active",
                "last_pulled": "2024-01-20T05:06:49.545646Z",
                "last_pushed": null
            },
            {
                "architecture": "386",
                "features": "",
                "variant": null,
                "digest": "sha256:ae574da1bf2b023591ed9c40a086b6768369c511cbc2fad37545dbe3048de81e",
                "os": "linux",
                "os_features": "",
                "os_version": null,
                "size": 312105,
                "status": "active",
                "last_pulled": "2024-01-19T22:56:18.161812Z",
                "last_pushed": null
            },
            {
                "architecture": "arm",
                "features": "",
                "variant": "v5",
                "digest": "sha256:220d888ab6ad0f51269605a7ffc0798f442d33c140ed5051e20eec501bbf2202",
                "os": "linux",
                "os_features": "",
                "os_version": null,
                "size": 1038,
                "status": "active",
                "last_pulled": "2024-01-19T22:56:18.326473Z",
                "last_pushed": null
            },
            {
                "architecture": "s390x",
                "features": "",
                "variant": null,
                "digest": "sha256:6f29a27f990505592eb80fc3032334568562f5f682ee17ef9d6b090bfe387e25",
                "os": "linux",
                "os_features": "",
                "os_version": null,
                "size": 1112,
                "status": "active",
                "last_pulled": "2024-01-19T22:56:18.379199Z",
                "last_pushed": null
            },
            {
                "architecture": "arm",
                "features": "",
                "variant": "v7",
                "digest": "sha256:d91c24cf3e56abeb62b887ed721836ba88ed5a543e26d28328e312ab518088f3",
                "os": "linux",
                "os_features": "",
                "os_version": null,
                "size": 1001,
                "status": "active",
                "last_pulled": "2024-01-19T22:56:18.168689Z",
                "last_pushed": null
            }
        ],
        "last_updated": "2019-01-01T13:47:43.714075Z",
        "last_updater": 1156886,
        "last_updater_username": "doijanky",
        "name": "latest",
        "repository": 773382,
        "full_size": 999,
        "v2": true,
        "tag_status": "active",
        "tag_last_pulled": "2024-01-20T05:06:49.545646Z",
        "tag_last_pushed": "2019-01-01T13:47:43.714075Z",
        "media_type": "application/vnd.docker.distribution.manifest.list.v2+json",
        "content_type": "image"
    },
    {
        "creator": 1156886,
        "id": 15202862,
        "images": [
            {
                "architecture": "arm",
                "features": "",
                "variant": "v7",
                "digest": "sha256:d91c24cf3e56abeb62b887ed721836ba88ed5a543e26d28328e312ab518088f3",
                "os": "linux",
                "os_features": "",
                "os_version": null,
                "size": 1001,
                "status": "active",
                "last_pulled": "2024-01-19T22:56:18.168689Z",
                "last_pushed": null
            },
            {
                "architecture": "s390x",
                "features": "",
                "variant": null,
                "digest": "sha256:6f29a27f990505592eb80fc3032334568562f5f682ee17ef9d6b090bfe387e25",
                "os": "linux",
                "os_features": "",
                "os_version": null,
                "size": 1112,
                "status": "active",
                "last_pulled": "2024-01-19T22:56:18.379199Z",
                "last_pushed": null
            },
            {
                "architecture": "arm64",
                "features": "",
                "variant": "v8",
                "digest": "sha256:b6ed6e4cc14488cfce68e946d13ae329ccf3e8454b26d106f23e3dff38f0b955",
                "os": "linux",
                "os_features": "",
                "os_version": null,
                "size": 1096,
                "status": "active",
                "last_pulled": "2024-01-19T22:56:18.135908Z",
                "last_pushed": null
            },
            {
                "architecture": "ppc64le",
                "features": "",
                "variant": null,
                "digest": "sha256:80f072dcbce20f8745fa8ec7594ee1cc5e4c53910df1dc4886b03942f249ba76",
                "os": "linux",
                "os_features": "",
                "os_version": null,
                "size": 1307,
                "status": "active",
                "last_pulled": "2024-01-19T22:56:18.167703Z",
                "last_pushed": null
            },
            {
                "architecture": "amd64",
                "features": "",
                "variant": null,
                "digest": "sha256:7a012702999ac3589aeb46d28ab2b9b6b82324d8504b55e5cf4fdc9a9f52558d",
                "os": "linux",
                "os_features": "",
                "os_version": null,
                "size": 999,
                "status": "active",
                "last_pulled": "2024-01-20T05:06:49.545646Z",
                "last_pushed": null
            },
            {
                "architecture": "386",
                "features": "",
                "variant": null,
                "digest": "sha256:ae574da1bf2b023591ed9c40a086b6768369c511cbc2fad37545dbe3048de81e",
                "os": "linux",
                "os_features": "",
                "os_version": null,
                "size": 312105,
                "status": "active",
                "last_pulled": "2024-01-19T22:56:18.161812Z",
                "last_pushed": null
            },
            {
                "architecture": "arm",
                "features": "",
                "variant": "v5",
                "digest": "sha256:220d888ab6ad0f51269605a7ffc0798f442d33c140ed5051e20eec501bbf2202",
                "os": "linux",
                "os_features": "",
                "os_version": null,
                "size": 1038,
                "status": "active",
                "last_pulled": "2024-01-19T22:56:18.326473Z",
                "last_pushed": null
            }
        ],
        "last_updated": "2019-01-01T13:46:59.110786Z",
        "last_updater": 1156886,
        "last_updater_username": "doijanky",
        "name": "linux",
        "repository": 773382,
        "full_size": 999,
        "v2": true,
        "tag_status": "active",
        "tag_last_pulled": "2024-01-20T05:06:49.545646Z",
        "tag_last_pushed": "2019-01-01T13:46:59.110786Z",
        "media_type": "application/vnd.docker.distribution.manifest.list.v2+json",
        "content_type": "image"
    },
    {
        "creator": 2215,
        "id": 6273969,
        "images": [
            {
                "architecture": "amd64",
                "features": "",
                "variant": null,
                "digest": "sha256:2c542cfa48db891b0d4667b1fd98c78428d0e4d7e59ab483dd027a185cf4dbe0",
                "os": "windows",
                "os_features": "",
                "os_version": "10.0.16299.846",
                "size": 137000415,
                "status": "active",
                "last_pulled": "2024-01-19T22:56:18.217372Z",
                "last_pushed": null
            },
            {
                "architecture": "amd64",
                "features": "",
                "variant": null,
                "digest": "sha256:9f16da7cb4e19d8def2ae8343610e985b9c46f33867d4b724ba47a4145952621",
                "os": "windows",
                "os_features": "",
                "os_version": "10.0.17763.194",
                "size": 134331345,
                "status": "active",
                "last_pulled": "2024-01-19T22:56:18.182255Z",
                "last_pushed": null
            },
            {
                "architecture": "amd64",
                "features": "",
                "variant": null,
                "digest": "sha256:c22223dc179f142076c071e844254ba21cb2e53a7fbb52ff275865130f11c7c1",
                "os": "windows",
                "os_features": "",
                "os_version": "10.0.17134.469",
                "size": 146428081,
                "status": "active",
                "last_pulled": "2024-01-19T22:56:18.229834Z",
                "last_pushed": null
            },
            {
                "architecture": "amd64",
                "features": "",
                "variant": null,
                "digest": "sha256:d7f84c1d6f16b1006d6ed62783625113b480ea697664909601f51ef380d55523",
                "os": "windows",
                "os_features": "",
                "os_version": "10.0.14393.2551",
                "size": 435399449,
                "status": "active",
                "last_pulled": "2024-01-19T22:56:18.348954Z",
                "last_pushed": null
            }
        ],
        "last_updated": "2019-01-03T22:42:57.447466Z",
        "last_updater": 1156886,
        "last_updater_username": "doijanky",
        "name": "nanoserver",
        "repository": 773382,
        "full_size": 435399449,
        "v2": true,
        "tag_status": "active",
        "tag_last_pulled": "2024-01-19T22:56:18.348954Z",
        "tag_last_pushed": "2019-01-03T22:42:57.447466Z",
        "media_type": "application/vnd.docker.distribution.manifest.list.v2+json",
        "content_type": "image"
    },
    {
        "creator": 1156886,
        "id": 18678816,
        "images": [
            {
                "architecture": "amd64",
                "features": "",
                "variant": null,
                "digest": "sha256:2c542cfa48db891b0d4667b1fd98c78428d0e4d7e59ab483dd027a185cf4dbe0",
                "os": "windows",
                "os_features": "",
                "os_version": "10.0.16299.846",
                "size": 137000415,
                "status": "active",
                "last_pulled": "2024-01-19T22:56:18.217372Z",
                "last_pushed": null
            }
        ],
        "last_updated": "2019-01-01T10:43:18.330338Z",
        "last_updater": 1156886,
        "last_updater_username": "doijanky",
        "name": "nanoserver-1709",
        "repository": 773382,
        "full_size": 137000415,
        "v2": true,
        "tag_status": "active",
        "tag_last_pulled": "2024-01-19T22:56:18.217372Z",
        "tag_last_pushed": "2019-01-01T10:43:18.330338Z",
        "media_type": "application/vnd.docker.distribution.manifest.list.v2+json",
        "content_type": "image"
    },
    {
        "creator": 1156886,
        "id": 30780737,
        "images": [
            {
                "architecture": "amd64",
                "features": "",
                "variant": null,
                "digest": "sha256:c22223dc179f142076c071e844254ba21cb2e53a7fbb52ff275865130f11c7c1",
                "os": "windows",
                "os_features": "",
                "os_version": "10.0.17134.469",
                "size": 146428081,
                "status": "active",
                "last_pulled": "2024-01-19T22:56:18.229834Z",
                "last_pushed": null
            }
        ],
        "last_updated": "2019-01-01T10:43:24.806148Z",
        "last_updater": 1156886,
        "last_updater_username": "doijanky",
        "name": "nanoserver-1803",
        "repository": 773382,
        "full_size": 146428081,
        "v2": true,
        "tag_status": "active",
        "tag_last_pulled": "2024-01-19T22:56:18.229834Z",
        "tag_last_pushed": "2019-01-01T10:43:24.806148Z",
        "media_type": "application/vnd.docker.distribution.manifest.list.v2+json",
        "content_type": "image"
    },
    {
        "creator": 1156886,
        "id": 43337598,
        "images": [
            {
                "architecture": "amd64",
                "features": "",
                "variant": null,
                "digest": "sha256:9f16da7cb4e19d8def2ae8343610e985b9c46f33867d4b724ba47a4145952621",
                "os": "windows",
                "os_features": "",
                "os_version": "10.0.17763.194",
                "size": 134331345,
                "status": "active",
                "last_pulled": "2024-01-19T22:56:18.182255Z",
                "last_pushed": null
            }
        ],
        "last_updated": "2019-01-01T10:43:31.6667Z",
        "last_updater": 1156886,
        "last_updater_username": "doijanky",
        "name": "nanoserver-1809",
        "repository": 773382,
        "full_size": 134331345,
        "v2": true,
        "tag_status": "active",
        "tag_last_pulled": "2024-01-19T22:56:18.182255Z",
        "tag_last_pushed": "2019-01-01T10:43:31.6667Z",
        "media_type": "application/vnd.docker.distribution.manifest.list.v2+json",
        "content_type": "image"
    },
    {
        "creator": 1156886,
        "id": 18678804,
        "images": [
            {
                "architecture": "amd64",
                "features": "",
                "variant": null,
                "digest": "sha256:d7f84c1d6f16b1006d6ed62783625113b480ea697664909601f51ef380d55523",
                "os": "windows",
                "os_features": "",
                "os_version": "10.0.14393.2551",
                "size": 435399449,
                "status": "active",
                "last_pulled": "2024-01-19T22:56:18.348954Z",
                "last_pushed": null
            }
        ],
        "last_updated": "2019-01-01T10:43:11.854548Z",
        "last_updater": 1156886,
        "last_updater_username": "doijanky",
        "name": "nanoserver-sac2016",
        "repository": 773382,
        "full_size": 435399449,
        "v2": true,
        "tag_status": "active",
        "tag_last_pulled": "2024-01-19T22:56:18.348954Z",
        "tag_last_pushed": "2019-01-01T10:43:11.854548Z",
        "media_type": "application/vnd.docker.distribution.manifest.list.v2+json",
        "content_type": "image"
    },
    {
        "creator": 1156886,
        "id": 17399106,
        "images": [
            {
                "architecture": "amd64",
                "features": "",
                "variant": null,
                "digest": "sha256:e319359e4a03c409511d07191e81d5ce9af9a6d7d7c00c2ee2b50e188a76b436",
                "os": "windows",
                "os_features": "",
                "os_version": "10.0.16299.64",
                "size": 99068915,
                "status": "active",
                "last_pulled": "2024-01-06T23:20:04.434643Z",
                "last_pushed": null
            }
        ],
        "last_updated": "2017-11-21T22:50:31.891153Z",
        "last_updater": 1156886,
        "last_updater_username": "doijanky",
        "name": "nanoserver1709",
        "repository": 773382,
        "full_size": 99068915,
        "v2": true,
        "tag_status": "active",
        "tag_last_pulled": "2024-01-06T23:20:04.434643Z",
        "tag_last_pushed": "2017-11-21T22:50:31.891153Z",
        "media_type": "application/vnd.docker.distribution.manifest.list.v2+json",
        "content_type": "image"
    }
]