[
    {
        "creator": 7,
        "id": 112517,
        "images": [
            {
                "architecture": "amd64",
                "features": "",
                "variant": null,
                "digest": "sha256:b0bacf3e2207ab606f744e4d3a071628ab3594487ac5ca0d86f9669335083bcf",
                "os": "",
                "os_features": "",
                "os_version": null,
                "size": 2066975,
                "status": "active",
                "last_pulled": "2024-01-19T09:40:30.208839Z",
                "last_pushed": null
            }
        ],
        "last_updated": "2015-04-07T13:10:19Z",
        "last_updater": 7,
        "last_updater_username": "library",
        "name": "0.1.0",
        "repository": 134679,
        "full_size": 7189905,
        "v2": true,
        "tag_status": "active",
        "tag_last_pulled": "2024-01-19T09:40:30.208839Z",
        "tag_last_pushed": "2015-04-07T13:10:19Z",
        "media_type": "application/vnd.docker.distribution.manifest.v1+prettyjws",
        "content_type": "image",
        "digest": "sha256:b0bacf3e2207ab606f744e4d3a071628ab3594487ac5ca0d86f9669335083bcf"
    },
    {
        "creator": 7,
        "id": 112522,
        "images": [
            {
                "architecture": "amd64",
                "features": "",
                "variant": null,
                "digest": "sha256:796d2f8b4d2c9e001daf355a3bce0b0c97fa615711c8076c3457efde5a74a06d",
                "os": "",
                "os_features": "",
                "os_version": null,
                "size": 2043239,
                "status": "active",
                "last_pulled": "2024-01-11T22:42:07.096897Z",
                "last_pushed": null
            }
        ],
        "last_updated": "2015-11-14T09:51:36.413578Z",
        "last_updater": 134455,
        "last_updater_username": "diogomonica",
        "name": "0.1.0-rc3",
        "repository": 134679,
        "full_size": 2043047,
        "v2": true,
        "tag_status": "active",
        "tag_last_pulled": "2024-01-11T22:42:07.096897Z",
        "tag_last_pushed": "2015-11-14T09:51:36.413578Z",
        "media_type": "application/vnd.docker.distribution.manifest.v1+prettyjws",
        "content_type": "image",
        "digest": "sha256:796d2f8b4d2c9e001daf355a3bce0b0c97fa615711c8076c3457efde5a74a06d"
    },
    {
        "creator": 7,
        "id": 112509,
        "images": [
            {
                "architecture": "amd64",
                "features": "",
                "variant": null,
                "digest": "sha256:a54a3fd8baad40a020e6c353ba4f5ff828b739e2fb518f01241fce17aba451a6",
                "os": "",
                "os_features": "",
                "os_version": null,
                "size": 2066945,
                "status": "active",
                "last_pulled": "2024-01-12T03:17:05.895606Z",
                "last_pushed": null
            }
        ],
        "last_updated": "2015-11-14T09:51:56.433125Z",
        "last_updater": 134455,
        "last_updater_username": "diogomonica",
        "name": "0.1.0-rc4",
        "repository": 134679,
        "full_size": 2066753,
        "v2": true,
        "tag_status": "active",
        "tag_last_pulled": "2024-01-12T03:17:05.895606Z",
        "tag_last_pushed": "2015-11-14T09:51:56.433125Z",
        "media_type": "application/vnd.docker.distribution.manifest.v1+prettyjws",
        "content_type": "image",
        "digest": "sha256:a54a3fd8baad40a020e6c353ba4f5ff828b739e2fb518f01241fce17aba451a6"
    },
    {
        "creator": 7,
        "id": 112515,
        "images": [
            {
                "architecture": "amd64",
                "features": "",
                "variant": null,
                "digest": "sha256:f4c9c413b347229a332c44ff89e07b534a3f2424a8695a2ebfd6270885890f89",
                "os": "",
                "os_features": "",
                "os_version": null,
                "size": 2080342,
                "status": "active",
                "last_pulled": "2024-01-19T09:40:29.466819Z",
                "last_pushed": null
            }
        ],
        "last_updated": "2015-06-17T20:04:21Z",
        "last_updater": 7,
        "last_updater_username": "library",
        "name": "0.2.0",
        "repository": 134679,
        "full_size": 7247824,
        "v2": true,
        "tag_status": "active",
        "tag_last_pulled": "2024-01-19T09:40:29.466819Z",
        "tag_last_pushed": "2015-06-17T20:04:21Z",
        "media_type": "application/vnd.docker.distribution.manifest.v1+prettyjws",
        "content_type": "image",
        "digest": "sha256:f4c9c413b347229a332c44ff89e07b534a3f2424a8695a2ebfd6270885890f89"
    },
    {
        "creator": 7,
        "id": 112502,
        "images": [
            {
                "architecture": "amd64",
                "features": "",
                "variant": null,
                "digest": "sha256:fef1540f7c553c77937171ac429212f032952f7dcb4d0bde4272d3ac2031ba09",
                "os": "",
                "os_features": "",
                "os_version": null,
                "size": 2073286,
                "status": "active",
                "last_pulled": "2024-01-11T22:42:09.477158Z",
                "last_pushed": null
            }
        ],
        "last_updated": "2015-11-14T09:51:19.682011Z",
        "last_updater": 134455,
        "last_updater_username": "diogomonica",
        "name": "0.2.0-rc1",
        "repository": 134679,
        "full_size": 2073094,
        "v2": true,
        "tag_status": "active",
        "tag_last_pulled": "2024-01-11T22:42:09.477158Z",
        "tag_last_pushed": "2015-11-14T09:51:19.682011Z",
        "media_type": "application/vnd.docker.distribution.manifest.v1+prettyjws",
        "content_type": "image",
        "digest": "sha256:fef1540f7c553c77937171ac429212f032952f7dcb4d0bde4272d3ac2031ba09"
    },
    {
        "creator": 7,
        "id": 112500,
        "images": [
            {
                "architecture": "amd64",
                "features": "",
                "variant": null,
                "digest": "sha256:76db8842031ff7aa1dad850ea50b60f2e92c31c4df9f13c6c5cc6c9525c60cb6",
                "os": "",
                "os_features": "",
                "os_version": null,
                "size": 2076847,
                "status": "active",
                "last_pulled": "2024-01-19T09:40:30.379634Z",
                "last_pushed": null
            }
        ],
        "last_updated": "2015-04-07T13:09:02Z",
        "last_updater": 7,
        "last_updater_username": "library",
        "name": "0.2.0-rc2",
        "repository": 134679,
        "full_size": 7234053,
        "v2": true,
        "tag_status": "active",
        "tag_last_pulled": "2024-01-19T09:40:30.379634Z",
        "tag_last_pushed": "2015-04-07T13:09:02Z",
        "media_type": "application/vnd.docker.distribution.manifest.v1+prettyjws",
        "content_type": "image",
        "digest": "sha256:76db8842031ff7aa1dad850ea50b60f2e92c31c4df9f13c6c5cc6c9525c60cb6"
    },
    {
        "creator": 7,
        "id": 353707,
        "images": [
            {
                "architecture": "amd64",
                "features": "",
                "variant": null,
                "digest": "sha256:84dc9382105eb6d0c8ea01bb33638b7b3364b84f2ec08fa71e2b7b953c11a84b",
                "os": "",
                "os_features": "",
                "os_version": null,
                "size": 2759821,
                "status": "active",
                "last_pulled": "2024-01-19T09:40:28.935979Z",
                "last_pushed": null
            }
        ],
        "last_updated": "2015-08-11T07:01:36Z",
        "last_updater": 213249,
        "last_updater_username": "toli",
        "name": "0.3.0",
        "repository": 134679,
        "full_size": 2759693,
        "v2": true,
        "tag_status": "active",
        "tag_last_pulled": "2024-01-19T09:40:28.935979Z",
        "tag_last_pushed": "2015-08-11T07:01:36Z",
        "media_type": "application/vnd.docker.distribution.manifest.v1+prettyjws",
        "content_type": "image",
        "digest": "sha256:84dc9382105eb6d0c8ea01bb33638b7b3364b84f2ec08fa71e2b7b953c11a84b"
    },
    {
        "creator": 7,
        "id": 112506,
        "images": [
            {
                "architecture": "amd64",
                "features": "",
                "variant": null,
                "digest": "sha256:3f7ad2b2ea52915275bec245c31fbf4cffbdfd3888b1490b4c8241566f4b71f2",
                "os": "",
                "os_features": "",
                "os_version": null,
                "size": 2742900,
                "status": "active",
                "last_pulled": "2024-01-19T09:40:30.017096Z",
                "last_pushed": null
            }
        ],
        "last_updated": "2015-05-27T19:41:43Z",
        "last_updater": 7,
        "last_updater_username": "library",
        "name": "0.3.0-rc1",
        "repository": 134679,
        "full_size": 10218273,
        "v2": true,
        "tag_status": "active",
        "tag_last_pulled": "2024-01-19T09:40:30.017096Z",
        "tag_last_pushed": "2015-05-27T19:41:43Z",
        "media_type": "application/vnd.docker.distribution.manifest.v1+prettyjws",
        "content_type": "image",
        "digest": "sha256:3f7ad2b2ea52915275bec245c31fbf4cffbdfd3888b1490b4c8241566f4b71f2"
    },
    {
        "creator": 7,
        "id": 112494,
        "images": [
            {
                "architecture": "amd64",
                "features": "",
                "variant": null,
                "digest": "sha256:35990efe7c63ff0cf6f98622f748820401767bafd3042b5039185f7de6512080",
                "os": "",
                "os_features": "",
                "os_version": null,
                "size": 2752433,
                "status": "active",
                "last_pulled": "2024-01-19T09:40:29.831747Z",
                "last_pushed": null
            }
        ],
        "last_updated": "2015-06-14T11:01:55Z",
        "last_updater": 7,
        "last_updater_username": "library",
        "name": "0.3.0-rc2",
        "repository": 134679,
        "full_size": 10257455,
        "v2": true,
        "tag_status": "active",
        "tag_last_pulled": "2024-01-19T09:40:29.831747Z",
        "tag_last_pushed": "2015-06-14T11:01:55Z",
        "media_type": "application/vnd.docker.distribution.manifest.v1+prettyjws",
        "content_type": "image",
        "digest": "sha256:35990efe7c63ff0cf6f98622f748820401767bafd3042b5039185f7de6512080"
    },
    {
        "creator": 7,
        "id": 112514,
        "images": [
            {
                "architecture": "amd64",
                "features": "",
                "variant": null,
                "digest": "sha256:3c3eb9953cd13baa692fd0601cd0c3562449bea9427e79cd90822cc084f08ce5",
                "os": "",
                "os_features": "",
                "os_version": null,
                "size": 2759853,
                "status": "active",
                "last_pulled": "2024-01-19T09:40:29.665479Z",
                "last_pushed": null
            }
        ],
        "last_updated": "2015-06-17T20:04:10Z",
        "last_updater": 7,
        "last_updater_username": "library",
        "name": "0.3.0-rc3",
        "repository": 134679,
        "full_size": 10284552,
        "v2": true,
        "tag_status": "active",
        "tag_last_pulled": "2024-01-19T09:40:29.665479Z",
        "tag_last_pushed": "2015-06-17T20:04:10Z",
        "media_type": "application/vnd.docker.distribution.manifest.v1+prettyjws",
        "content_type": "image",
        "digest": "sha256:3c3eb9953cd13baa692fd0601cd0c3562449bea9427e79cd90822cc084f08ce5"
    },
    {
        "creator": 2215,
        "id": 728987,
        "images": [
            {
                "architecture": "amd64",
                "features": "",
                "variant": null,
                "digest": "sha256:90b937ea9988c6bac60ad59d4e6aa841285762d2b31e740c8875036131b70128",
                "os": "",
                "os_features": "",
                "os_version": null,
                "size": 2825181,
                "status": "active",
                "last_pulled": "2024-01-11T22:42:11.741328Z",
                "last_pushed": null
            }
        ],
        "last_updated": "2015-10-31T17:02:10.26006Z",
        "last_updater": 2215,
        "last_updater_username": "stackbrew",
        "name": "0.4.0",
        "repository": 134679,
        "full_size": 2825053,
        "v2": true,
        "tag_status": "active",
        "tag_last_pulled": "2024-01-11T22:42:11.741328Z",
        "tag_last_pushed": "2015-10-31T17:02:10.26006Z",
        "media_type": "application/vnd.docker.distribution.manifest.v1+prettyjws",
        "content_type": "image",
        "digest": "sha256:90b937ea9988c6bac60ad59d4e6aa841285762d2b31e740c8875036131b70128"
    },
    {
        "creator": 2215,
        "id": 604642,
        "images": [
            {
                "architecture": "amd64",
                "features": "",
                "variant": null,
                "digest": "sha256:42131bf369989b8bee4ac2b94027dab89dee516ff8c667144e7ffc8396e2e3da",
                "os": "",
                "os_features": "",
                "os_version": null,
                "size": 2819459,
                "status": "active",
                "last_pulled": "2024-01-19T09:40:29.114224Z",
                "last_pushed": null
            }
        ],
        "last_updated": "2015-08-11T07:01:26Z",
        "last_updater": 213249,
        "last_updater_username": "toli",
        "name": "0.4.0-rc1",
        "repository": 134679,
        "full_size": 2819331,
        "v2": true,
        "tag_status": "active",
        "tag_last_pulled": "2024-01-19T09:40:29.114224Z",
        "tag_last_pushed": "2015-08-11T07:01:26Z",
        "media_type": "application/vnd.docker.distribution.manifest.v1+prettyjws",
        "content_type": "image",
        "digest": "sha256:42131bf369989b8bee4ac2b94027dab89dee516ff8c667144e7ffc8396e2e3da"
    },
    {
        "creator": 2215,
        "id": 693817,
        "images": [
            {
                "architecture": "amd64",
                "features": "",
                "variant": null,
                "digest": "sha256:c1ef630aa95ef21ad54c3b0a9bf76f61b4245daa9dc08d6d7b47e1507b797c9a",
                "os": "",
                "os_features": "",
                "os_version": null,
                "size": 2825213,
                "status": "active",
                "last_pulled": "2024-01-19T09:40:29.285185Z",
                "last_pushed": null
            }
        ],
        "last_updated": "2015-08-07T22:16:08Z",
        "last_updater": 2215,
        "last_updater_username": "stackbrew",
        "name": "0.4.0-rc2",
        "repository": 134679,
        "full_size": 2825053,
        "v2": true,
        "tag_status": "active",
        "tag_last_pulled": "2024-01-19T09:40:29.285185Z",
        "tag_last_pushed": "2015-08-07T22:16:08Z",
        "media_type": "application/vnd.docker.distribution.manifest.v1+prettyjws",
        "content_type": "image",
        "digest": "sha256:c1ef630aa95ef21ad54c3b0a9bf76f61b4245daa9dc08d6d7b47e1507b797c9a"
    },
    {
        "creator": 2215,
        "id": 1269379,
        "images": [
            {
                "architecture": "amd64",
                "features": "",
                "variant": null,
                "digest": "sha256:05511d25e817d189e882be92c06fe18a1d33ff35b4a9c35d94de228a26310e1e",
                "os": "linux",
                "os_features": "",
                "os_version": null,
                "size": 4046355,
                "status": "inactive",
                "last_pulled": null,
                "last_pushed": null
            }
        ],
        "last_updated": "2016-06-01T17:35:36.579267Z",
        "last_updater": 621950,
        "last_updater_username": "signer",
        "name": "1.0.0",
        "repository": 134679,
        "full_size": 4046355,
        "v2": true,
        "tag_status": "inactive",
        "tag_last_pulled": "2024-01-20T07:36:21.446761Z",
        "tag_last_pushed": "2016-06-01T17:35:36.579267Z",
        "media_type": "application/octet-stream",
        "content_type": "unrecognized",
        "digest": "sha256:ae7ad499bbfd5892f359ebb11d232ff64874f0c58cba1b2c9986148d575d53ab"
    },
    {
        "creator": 2215,
        "id": 1110825,
        "images": [
            {
                "architecture": "amd64",
                "features": "",
                "variant": null,
                "digest": "sha256:1034634d03c21e9a463a820dc2d5d1a17ffb7c55d79eb544006ead60128982c5",
                "os": "",
                "os_features": "",
                "os_version": null,
                "size": 4040623,
                "status": "active",
                "last_pulled": "2024-01-19T09:40:28.755488Z",
                "last_pushed": null
            }
        ],
        "last_updated": "2015-10-15T08:06:46Z",
        "last_updater": 2215,
        "last_updater_username": "stackbrew",
        "name": "1.0.0-rc1",
        "repository": 134679,
        "full_size": 4040495,
        "v2": true,
        "tag_status": "active",
        "tag_last_pulled": "2024-01-19T09:40:28.755488Z",
        "tag_last_pushed": "2015-10-15T08:06:46Z",
        "media_type": "application/vnd.docker.distribution.manifest.v1+prettyjws",
        "content_type": "image",
        "digest": "sha256:1034634d03c21e9a463a820dc2d5d1a17ffb7c55d79eb544006ead60128982c5"
    },
    {
        "creator": 2215,
        "id": 1176544,
        "images": [
            {
                "architecture": "amd64",
                "features": "",
                "variant": null,
                "digest": "sha256:94484a5e8c03b32a385b4de583faaa3352b8f404f6dff283330ebf4c7d7169f4",
                "os": "",
                "os_features": "",
                "os_version": null,
                "size": 4044702,
                "status": "active",
                "last_pulled": "2024-01-11T22:42:16.271046Z",
                "last_pushed": null
            }
        ],
        "last_updated": "2015-10-28T11:41:11.12861Z",
        "last_updater": 2215,
        "last_updater_username": "stackbrew",
        "name": "1.0.0-rc2",
        "repository": 134679,
        "full_size": 4044574,
        "v2": true,
        "tag_status": "active",
        "tag_last_pulled": "2024-01-11T22:42:16.271046Z",
        "tag_last_pushed": "2015-10-28T11:41:11.12861Z",
        "media_type": "application/vnd.docker.distribution.manifest.v1+prettyjws",
        "content_type": "image",
        "digest": "sha256:94484a5e8c03b32a385b4de583faaa3352b8f404f6dff283330ebf4c7d7169f4"
    },
    {
        "creator": 2215,
        "id": 1250813,
        "images": [
            {
                "architecture": "amd64",
                "features": "",
                "variant": null,
                "digest": "sha256:5e1cc3a3e45faf3caf98bce409804f2907e4feba9fcfe207c0ad8db7f33b8e17",
                "os": "",
                "os_features": "",
                "os_version": null,
                "size": 4046619,
                "status": "active",
                "last_pulled": "2024-01-11T22:42:13.963744Z",
                "last_pushed": null
            }
        ],
        "last_updated": "2015-10-31T17:01:48.916829Z",
        "last_updater": 2215,
        "last_updater_username": "stackbrew",
        "name": "1.0.0-rc3",
        "repository": 134679,
        "full_size": 4046491,
        "v2": true,
        "tag_status": "active",
        "tag_last_pulled": "2024-01-11T22:42:13.963744Z",
        "tag_last_pushed": "2015-10-31T17:01:48.916829Z",
        "media_type": "application/vnd.docker.distribution.manifest.v1+prettyjws",
        "content_type": "image",
        "digest": "sha256:5e1cc3a3e45faf3caf98bce409804f2907e4feba9fcfe207c0ad8db7f33b8e17"
    },
    {
        "creator": 2215,
        "id": 1522307,
        "images": [
            {
                "architecture": "amd64",
                "features": "",
                "variant": null,
                "digest": "sha256:7e6ce8f78b683ada37b200003221895f28dde6febda665118b006f351b801126",
                "os": "linux",
                "os_features": "",
                "os_version": null,
                "size": 4373440,
                "status": "inactive",
                "last_pulled": null,
                "last_pushed": null
            }
        ],
        "last_updated": "2016-06-01T17:35:38.545438Z",
        "last_updater": 621950,
        "last_updater_username": "signer",
        "name": "1.0.1",
        "repository": 134679,
        "full_size": 4373440,
        "v2": true,
        "tag_status": "inactive",
        "tag_last_pulled": null,
        "tag_last_pushed": "2016-06-01T17:35:38.545438Z",
        "media_type": "application/octet-stream",
        "content_type": "unrecognized"
    },
    {
        "creator": 2215,
        "id": 1919558,
        "images": [
            {
                "architecture": "amd64",
                "features": "",
                "variant": null,
                "digest": "sha256:a54696da10a7e005adfb50d6e35d26110d2495674bdc752037e26665af8a041f",
                "os": "linux",
                "os_features": "",
                "os_version": null,
                "size": 4570426,
                "status": "inactive",
                "last_pulled": null,
                "last_pushed": null
            }
        ],
        "last_updated": "2016-06-15T01:36:48.623413Z",
        "last_updater": 621950,
        "last_updater_username": "signer",
        "name": "1.1.0",
        "repository": 134679,
        "full_size": 4570426,
        "v2": true,
        "tag_status": "inactive",
        "tag_last_pulled": null,
        "tag_last_pushed": "2016-06-15T01:36:48.623413Z",
        "media_type": "application/octet-stream",
        "content_type": "unrecognized"
    },
    {
        "creator": 2215,
        "id": 1742953,
        "images": [
            {
                "architecture": "amd64",
                "features": "",
                "variant": null,
                "digest": "sha256:70e89a1b382e3be1be122a4c7f20957fcb1794b9fe6c199cf32985a48d0a9511",
                "os": "",
                "os_features": "",
                "os_version": null,
                "size": 4557235,
                "status": "active",
                "last_pulled": "2024-01-18T20:41:55.843808Z",
                "last_pushed": null
            }
        ],
        "last_updated": "2016-01-15T00:45:18.374398Z",
        "last_updater": 2215,
        "last_updater_username": "stackbrew",
        "name": "1.1.0-rc1",
        "repository": 134679,
        "full_size": 4557107,
        "v2": true,
        "tag_status": "active",
        "tag_last_pulled": "2024-01-18T20:41:55.843808Z",
        "tag_last_pushed": "2016-01-15T00:45:18.374398Z",
        "media_type": "application/vnd.docker.distribution.manifest.v1+prettyjws",
        "content_type": "image"
    },
    {
        "creator": 2215,
        "id": 1793399,
        "images": [
            {
                "architecture": "amd64",
                "features": "",
                "variant": null,
                "digest": "sha256:f02993cd1afd86b399f35dc7ca0240969e971c92b0232a8839cf17a37d6e7009",
                "os": "",
                "os_features": "",
                "os_version": null,
                "size": 4557853,
                "status": "active",
                "last_pulled": "2024-01-18T20:41:50.72157Z",
                "last_pushed": null
            }
        ],
        "last_updated": "2016-02-03T00:39:25.529496Z",
        "last_updater": 213249,
        "last_updater_username": "toli",
        "name": "1.1.0-rc2",
        "repository": 134679,
        "full_size": 4557725,
        "v2": true,
        "tag_status": "active",
        "tag_last_pulled": "2024-01-18T20:41:50.72157Z",
        "tag_last_pushed": "2016-02-03T00:39:25.529496Z",
        "media_type": "application/vnd.docker.distribution.manifest.v1+prettyjws",
        "content_type": "image"
    },
    {
        "creator": 2215,
        "id": 1900120,
        "images": [
            {
                "architecture": "amd64",
                "features": "",
                "variant": null,
                "digest": "sha256:c08ea5883f1348dae58433ca50912cc5340586b208d10780f42fbc7fd6bf242c",
                "os": "",
                "os_features": "",
                "os_version": null,
                "size": 4570602,
                "status": "active",
                "last_pulled": "2024-01-11T22:41:58.575234Z",
                "last_pushed": null
            }
        ],
        "last_updated": "2016-02-03T06:54:27.720498Z",
        "last_updater": 2215,
        "last_updater_username": "stackbrew",
        "name": "1.1.0-rc3",
        "repository": 134679,
        "full_size": 4570474,
        "v2": true,
        "tag_status": "active",
        "tag_last_pulled": "2024-01-11T22:41:58.575234Z",
        "tag_last_pushed": "2016-02-03T06:54:27.720498Z",
        "media_type": "application/vnd.docker.distribution.manifest.v1+prettyjws",
        "content_type": "image"
    },
    {
        "creator": 2215,
        "id": 2037403,
        "images": [
            {
                "architecture": "amd64",
                "features": "",
                "variant": null,
                "digest": "sha256:a30e3adb7318ed24825985d0472bd7f97b8aaf4b5cb54e0b7aa86089dcdbc01d",
                "os": "linux",
                "os_features": "",
                "os_version": null,
                "size": 4571515,
                "status": "inactive",
                "last_pulled": null,
                "last_pushed": null
            }
        ],
        "last_updated": "2016-06-15T01:37:00.543485Z",
        "last_updater": 621950,
        "last_updater_username": "signer",
        "name": "1.1.1",
        "repository": 134679,
        "full_size": 4571515,
        "v2": true,
        "tag_status": "inactive",
        "tag_last_pulled": null,
        "tag_last_pushed": "2016-06-15T01:37:00.543485Z",
        "media_type": "application/octet-stream",
        "content_type": "unrecognized"
    },
    {
        "creator": 2215,
        "id": 2048464,
        "images": [
            {
                "architecture": "amd64",
                "features": "",
                "variant": null,
                "digest": "sha256:cbcbafe2e6282f373c6081ba8da598732a353b2cbbfb944e5b4eaab2f7065b33",
                "os": "linux",
                "os_features": "",
                "os_version": null,
                "size": 4571288,
                "status": "inactive",
                "last_pulled": null,
                "last_pushed": null
            }
        ],
        "last_updated": "2016-06-15T01:37:11.297337Z",
        "last_updater": 621950,
        "last_updater_username": "signer",
        "name": "1.1.2",
        "repository": 134679,
        "full_size": 4571288,
        "v2": true,
        "tag_status": "inactive",
        "tag_last_pulled": null,
        "tag_last_pushed": "2016-06-15T01:37:11.297337Z",
        "media_type": "application/octet-stream",
        "content_type": "unrecognized"
    },
    {
        "creator": 2215,
        "id": 2194343,
        "images": [
            {
                "architecture": "amd64",
                "features": "",
                "variant": null,
                "digest": "sha256:bf2fca117a03c0a624c3fbc661111176b674a16f1eb581bc10be437220415880",
                "os": "linux",
                "os_features": "",
                "os_version": null,
                "size": 4571313,
                "status": "inactive",
                "last_pulled": null,
                "last_pushed": null
            }
        ],
        "last_updated": "2016-06-15T01:37:23.329079Z",
        "last_updater": 621950,
        "last_updater_username": "signer",
        "name": "1.1.3",
        "repository": 134679,
        "full_size": 4571313,
        "v2": true,
        "tag_status": "inactive",
        "tag_last_pulled": null,
        "tag_last_pushed": "2016-06-15T01:37:23.329079Z",
        "media_type": "application/octet-stream",
        "content_type": "unrecognized"
    },
    {
        "creator": 2215,
        "id": 2110383,
        "images": [
            {
                "architecture": "amd64",
                "features": "",
                "variant": null,
                "digest": "sha256:191377f07a877b5f1a9ab31604f7f7090ceee6b784d10c641ded7b11966b9455",
                "os": "",
                "os_features": "",
                "os_version": null,
                "size": 4571710,
                "status": "active",
                "last_pulled": "2024-01-18T20:40:46.620557Z",
                "last_pushed": null
            }
        ],
        "last_updated": "2016-02-25T00:37:13.806657Z",
        "last_updater": 2215,
        "last_updater_username": "stackbrew",
        "name": "1.1.3-rc1",
        "repository": 134679,
        "full_size": 4571582,
        "v2": true,
        "tag_status": "active",
        "tag_last_pulled": "2024-01-18T20:40:46.620557Z",
        "tag_last_pushed": "2016-02-25T00:37:13.806657Z",
        "media_type": "application/vnd.docker.distribution.manifest.v1+prettyjws",
        "content_type": "image"
    },
    {
        "creator": 2215,
        "id": 2169450,
        "images": [
            {
                "architecture": "amd64",
                "features": "",
                "variant": null,
                "digest": "sha256:78238883d40ee9305d1b772d043799778f20a6968fe1cfb1c58cfab19a7c7e7a",
                "os": "",
                "os_features": "",
                "os_version": null,
                "size": 4571489,
                "status": "active",
                "last_pulled": "2024-01-18T20:40:42.265633Z",
                "last_pushed": null
            }
        ],
        "last_updated": "2016-03-02T05:27:25.169425Z",
        "last_updater": 2215,
        "last_updater_username": "stackbrew",
        "name": "1.1.3-rc2",
        "repository": 134679,
        "full_size": 4571361,
        "v2": true,
        "tag_status": "active",
        "tag_last_pulled": "2024-01-18T20:40:42.265633Z",
        "tag_last_pushed": "2016-03-02T05:27:25.169425Z",
        "media_type": "application/vnd.docker.distribution.manifest.v1+prettyjws",
        "content_type": "image"
    },
    {
        "creator": 2215,
        "id": 2645987,
        "images": [
            {
                "architecture": "amd64",
                "features": "",
                "variant": null,
                "digest": "sha256:021d335278a5eb27d7dfacc2dde6003221809198313bafd4c407bcc96718d095",
                "os": "linux",
                "os_features": "",
                "os_version": null,
                "size": 4716121,
                "status": "inactive",
                "last_pulled": null,
                "last_pushed": null
            }
        ],
        "last_updated": "2016-06-15T01:37:34.200381Z",
        "last_updater": 621950,
        "last_updater_username": "signer",
        "name": "1.2.0",
        "repository": 134679,
        "full_size": 4716121,
        "v2": true,
        "tag_status": "inactive",
        "tag_last_pulled": null,
        "tag_last_pushed": "2016-06-15T01:37:34.200381Z",
        "media_type": "application/octet-stream",
        "content_type": "unrecognized"
    },
    {
        "creator": 2215,
        "id": 2407693,
        "images": [
            {
                "architecture": "amd64",
                "features": "",
                "variant": null,
                "digest": "sha256:2438b7fb7d7e53fe2251587da61ae5009b0a963ec9000c16311a71b2cfd45dcd",
                "os": "",
                "os_features": "",
                "os_version": null,
                "size": 4712450,
                "status": "active",
                "last_pulled": "2024-01-11T22:41:50.329311Z",
                "last_pushed": null
            }
        ],
        "last_updated": "2016-04-04T21:07:54.470809Z",
        "last_updater": 213249,
        "last_updater_username": "toli",
        "name": "1.2.0-rc1",
        "repository": 134679,
        "full_size": 4712322,
        "v2": true,
        "tag_status": "active",
        "tag_last_pulled": "2024-01-11T22:41:50.329311Z",
        "tag_last_pushed": "2016-04-04T21:07:54.470809Z",
        "media_type": "application/vnd.docker.distribution.manifest.v1+prettyjws",
        "content_type": "image"
    },
    {
        "creator": 2215,
        "id": 2528879,
        "images": [
            {
                "architecture": "amd64",
                "features": "",
                "variant": null,
                "digest": "sha256:7b986b810ced984ec2e2e019b2696bbd39af90289d96e24b29bd0e73b90f6734",
                "os": "",
                "os_features": "",
                "os_version": null,
                "size": 4712881,
                "status": "active",
                "last_pulled": "2024-01-11T22:41:52.414843Z",
                "last_pushed": null
            }
        ],
        "last_updated": "2016-04-04T16:35:38.770255Z",
        "last_updater": 2215,
        "last_updater_username": "stackbrew",
        "name": "1.2.0-rc2",
        "repository": 134679,
        "full_size": 4712753,
        "v2": true,
        "tag_status": "active",
        "tag_last_pulled": "2024-01-11T22:41:52.414843Z",
        "tag_last_pushed": "2016-04-04T16:35:38.770255Z",
        "media_type": "application/vnd.docker.distribution.manifest.v1+prettyjws",
        "content_type": "image"
    },
    {
        "creator": 2215,
        "id": 2597078,
        "images": [
            {
                "architecture": "amd64",
                "features": "",
                "variant": null,
                "digest": "sha256:79480c523337c5802fa83bf4cdc7d183a8fb62b436731c59657403906c7e85b2",
                "os": "",
                "os_features": "",
                "os_version": null,
                "size": 4715042,
                "status": "active",
                "last_pulled": "2024-01-11T22:41:48.240996Z",
                "last_pushed": null
            }
        ],
        "last_updated": "2016-04-08T23:53:57.571007Z",
        "last_updater": 2215,
        "last_updater_username": "stackbrew",
        "name": "1.2.0-rc3",
        "repository": 134679,
        "full_size": 4714914,
        "v2": true,
        "tag_status": "active",
        "tag_last_pulled": "2024-01-11T22:41:48.240996Z",
        "tag_last_pushed": "2016-04-08T23:53:57.571007Z",
        "media_type": "application/vnd.docker.distribution.manifest.v1+prettyjws",
        "content_type": "image"
    },
    {
        "creator": 2215,
        "id": 2903989,
        "images": [
            {
                "architecture": "amd64",
                "features": "",
                "variant": null,
                "digest": "sha256:16d44301f2ee94fb7e978d02651ba921f6dac3bf2b8e06309f90badeb2eb5553",
                "os": "linux",
                "os_features": "",
                "os_version": null,
                "size": 4754463,
                "status": "inactive",
                "last_pulled": null,
                "last_pushed": null
            }
        ],
        "last_updated": "2016-06-15T01:37:47.762296Z",
        "last_updater": 621950,
        "last_updater_username": "signer",
        "name": "1.2.1",
        "repository": 134679,
        "full_size": 4754463,
        "v2": true,
        "tag_status": "inactive",
        "tag_last_pulled": null,
        "tag_last_pushed": "2016-06-15T01:37:47.762296Z",
        "media_type": "application/octet-stream",
        "content_type": "unrecognized"
    },
    {
        "creator": 2215,
        "id": 2782643,
        "images": [
            {
                "architecture": "amd64",
                "features": "",
                "variant": null,
                "digest": "sha256:31ee21f67a1c3951662f377215c42f79fe3e670bc66083e5da5da7042cb18302",
                "os": "",
                "os_features": "",
                "os_version": null,
                "size": 5010363,
                "status": "active",
                "last_pulled": "2024-01-11T22:41:46.179391Z",
                "last_pushed": null
            }
        ],
        "last_updated": "2016-04-25T18:00:59.683699Z",
        "last_updater": 2215,
        "last_updater_username": "stackbrew",
        "name": "1.2.1-rc1",
        "repository": 134679,
        "full_size": 5010235,
        "v2": true,
        "tag_status": "active",
        "tag_last_pulled": "2024-01-11T22:41:46.179391Z",
        "tag_last_pushed": "2016-04-25T18:00:59.683699Z",
        "media_type": "application/vnd.docker.distribution.manifest.v1+prettyjws",
        "content_type": "image"
    },
    {
        "creator": 2215,
        "id": 2948684,
        "images": [
            {
                "architecture": "amd64",
                "features": "",
                "variant": null,
                "digest": "sha256:8a210b086f01699a704afae32c6126864c25bafbafee4049429b1a2f83b1d7b8",
                "os": "linux",
                "os_features": "",
                "os_version": null,
                "size": 4754371,
                "status": "inactive",
                "last_pulled": null,
                "last_pushed": null
            }
        ],
        "last_updated": "2016-06-15T01:37:57.126297Z",
        "last_updater": 621950,
        "last_updater_username": "signer",
        "name": "1.2.2",
        "repository": 134679,
        "full_size": 4754371,
        "v2": true,
        "tag_status": "inactive",
        "tag_last_pulled": null,
        "tag_last_pushed": "2016-06-15T01:37:57.126297Z",
        "media_type": "application/octet-stream",
        "content_type": "unrecognized"
    },
    {
        "creator": 621950,
        "id": 2918349,
        "images": [
            {
                "architecture": "amd64",
                "features": "",
                "variant": null,
                "os": "",
                "os_features": "",
                "os_version": null,
                "size": 4754543,
                "status": "inactive",
                "last_pulled": null,
                "last_pushed": null
            }
        ],
        "last_updated": "2016-05-06T02:05:00.61513Z",
        "last_updater": 621950,
        "last_updater_username": "signer",
        "name": "1.2.2-rc1",
        "repository": 134679,
        "full_size": 4754543,
        "v2": true,
        "tag_status": "inactive",
        "tag_last_pulled": null,
        "tag_last_pushed": "2016-05-06T02:05:00.61513Z",
        "media_type": "application/vnd.docker.distribution.manifest.v1+prettyjws",
        "content_type": "image"
    },
    {
        "creator": 2215,
        "id": 3198646,
        "images": [
            {
                "architecture": "amd64",
                "features": "",
                "variant": null,
                "digest": "sha256:a180b24e38eddf9e2133d07e9dc4c2ce7e74cb5adfe5bd34968a2b38f9685856",
                "os": "linux",
                "os_features": "",
                "os_version": null,
                "size": 4761600,
                "status": "inactive",
                "last_pulled": null,
                "last_pushed": null
            }
        ],
        "last_updated": "2016-06-15T01:38:08.953901Z",
        "last_updater": 621950,
        "last_updater_username": "signer",
        "name": "1.2.3",
        "repository": 134679,
        "full_size": 4761600,
        "v2": true,
        "tag_status": "inactive",
        "tag_last_pulled": null,
        "tag_last_pushed": "2016-06-15T01:38:08.953901Z",
        "media_type": "application/octet-stream",
        "content_type": "unrecognized"
    },
    {
        "creator": 2215,
        "id": 3178881,
        "images": [
            {
                "architecture": "amd64",
                "features": "",
                "variant": null,
                "os": "",
                "os_features": "",
                "os_version": null,
                "size": 4761778,
                "status": "inactive",
                "last_pulled": null,
                "last_pushed": null
            }
        ],
        "last_updated": "2016-05-26T16:16:17.038851Z",
        "last_updater": 2215,
        "last_updater_username": "stackbrew",
        "name": "1.2.3-rc1",
        "repository": 134679,
        "full_size": 4761778,
        "v2": true,
        "tag_status": "inactive",
        "tag_last_pulled": null,
        "tag_last_pushed": "2016-05-26T16:16:17.038851Z",
        "media_type": "application/vnd.docker.distribution.manifest.v1+prettyjws",
        "content_type": "image"
    },
    {
        "creator": 621950,
        "id": 4052809,
        "images": [
            {
                "architecture": "amd64",
                "features": "",
                "variant": null,
                "digest": "sha256:f0aa3f353dfdbc38548180c37114a6fb0b597f7242f0048d7051daee8657815f",
                "os": "linux",
                "os_features": "",
                "os_version": null,
                "size": 4788082,
                "status": "inactive",
                "last_pulled": null,
                "last_pushed": null
            }
        ],
        "last_updated": "2016-08-19T16:36:09.951062Z",
        "last_updater": 621950,
        "last_updater_username": "signer",
        "name": "1.2.4",
        "repository": 134679,
        "full_size": 4788082,
        "v2": true,
        "tag_status": "inactive",
        "tag_last_pulled": null,
        "tag_last_pushed": "2016-08-19T16:36:09.951062Z",
        "media_type": "application/octet-stream",
        "content_type": "unrecognized"
    },
    {
        "creator": 621950,
        "id": 3427607,
        "images": [
            {
                "architecture": "amd64",
                "features": "",
                "variant": null,
                "digest": "sha256:63fc09419609e455b371c021d7635355d3b6edb45cc6b273ac082552d0d79b97",
                "os": "linux",
                "os_features": "",
                "os_version": null,
                "size": 4760608,
                "status": "inactive",
                "last_pulled": null,
                "last_pushed": null
            }
        ],
        "last_updated": "2016-06-15T01:38:23.993843Z",
        "last_updater": 621950,
        "last_updater_username": "signer",
        "name": "1.2.4-rc1",
        "repository": 134679,
        "full_size": 4760608,
        "v2": true,
        "tag_status": "inactive",
        "tag_last_pulled": null,
        "tag_last_pushed": "2016-06-15T01:38:23.993843Z",
        "media_type": "application/octet-stream",
        "content_type": "unrecognized"
    },
    {
        "creator": 621950,
        "id": 4001565,
        "images": [
            {
                "architecture": "amd64",
                "features": "",
                "variant": null,
                "digest": "sha256:c044f68e4dc4c4af43c961d6fc2dc77d0868109b6fdd215327657062783c6b89",
                "os": "linux",
                "os_features": "",
                "os_version": null,
                "size": 4787355,
                "status": "inactive",
                "last_pulled": null,
                "last_pushed": null
            }
        ],
        "last_updated": "2016-07-26T08:45:16.490458Z",
        "last_updater": 621950,
        "last_updater_username": "signer",
        "name": "1.2.4-rc2",
        "repository": 134679,
        "full_size": 4787355,
        "v2": true,
        "tag_status": "inactive",
        "tag_last_pulled": null,
        "tag_last_pushed": "2016-07-26T08:45:16.490458Z",
        "media_type": "application/octet-stream",
        "content_type": "unrecognized"
    },
    {
        "creator": 621950,
        "id": 4414839,
        "images": [
            {
                "architecture": "amd64",
                "features": "",
                "variant": null,
                "digest": "sha256:f1d5a057a3894d735c2d65faee1c38cff2ce760f99d5c0a7b6a85734813543a2",
                "os": "linux",
                "os_features": "",
                "os_version": null,
                "size": 4789905,
                "status": "inactive",
                "last_pulled": null,
                "last_pushed": null
            }
        ],
        "last_updated": "2017-01-11T23:31:45.986336Z",
        "last_updater": 2215,
        "last_updater_username": "stackbrew",
        "name": "1.2.5",
        "repository": 134679,
        "full_size": 4789905,
        "v2": true,
        "tag_status": "inactive",
        "tag_last_pulled": null,
        "tag_last_pushed": "2017-01-11T23:31:45.986336Z",
        "media_type": "application/vnd.docker.container.image.v1+json",
        "content_type": "image"
    },
    {
        "creator": 2215,
        "id": 7496241,
        "images": [
            {
                "architecture": "amd64",
                "features": "",
                "variant": null,
                "digest": "sha256:36b1e23becabc0b27c5787712dce019982c048665fd9e7e6cb032a46bcac510d",
                "os": "linux",
                "os_features": "",
                "os_version": null,
                "size": 4467277,
                "status": "inactive",
                "last_pulled": null,
                "last_pushed": null
            }
        ],
        "last_updated": "2017-01-18T02:32:28.34176Z",
        "last_updater": 2215,
        "last_updater_username": "stackbrew",
        "name": "1.2.6",
        "repository": 134679,
        "full_size": 4467277,
        "v2": true,
        "tag_status": "inactive",
        "tag_last_pulled": null,
        "tag_last_pushed": "2017-01-18T02:32:28.34176Z",
        "media_type": "application/vnd.docker.container.image.v1+json",
        "content_type": "image"
    },
    {
        "creator": 621950,
        "id": 6988074,
        "images": [
            {
                "architecture": "amd64",
                "features": "",
                "variant": null,
                "digest": "sha256:e6dc7bc44f4edbc8f56477e94f43be4eb3793f8bbc5f6edd05f0790587cc62b6",
                "os": "linux",
                "os_features": "",
                "os_version": null,
                "size": 4456400,
                "status": "inactive",
                "last_pulled": null,
                "last_pushed": null
            }
        ],
        "last_updated": "2016-12-21T01:41:11.573147Z",
        "last_updater": 621950,
        "last_updater_username": "signer",
        "name": "1.2.6-rc1",
        "repository": 134679,
        "full_size": 4456400,
        "v2": true,
        "tag_status": "inactive",
        "tag_last_pulled": null,
        "tag_last_pushed": "2016-12-21T01:41:11.573147Z",
        "media_type": "application/vnd.docker.container.image.v1+json",
        "content_type": "image"
    },
    {
        "creator": 2215,
        "id": 7355271,
        "images": [
            {
                "architecture": "amd64",
                "features": "",
                "variant": null,
                "digest": "sha256:65bb3291c33ff42a317e82f0bda18340e19cf155ccd4bcdff3127e3cf6f321f7",
                "os": "linux",
                "os_features": "",
                "os_version": null,
                "size": 4462291,
                "status": "inactive",
                "last_pulled": null,
                "last_pushed": null
            }
        ],
        "last_updated": "2017-01-11T23:31:27.195041Z",
        "last_updater": 2215,
        "last_updater_username": "stackbrew",
        "name": "1.2.6-rc2",
        "repository": 134679,
        "full_size": 4462291,
        "v2": true,
        "tag_status": "inactive",
        "tag_last_pulled": null,
        "tag_last_pushed": "2017-01-11T23:31:27.195041Z",
        "media_type": "application/vnd.docker.container.image.v1+json",
        "content_type": "image"
    },
    {
        "creator": 2215,
        "id": 12500013,
        "images": [
            {
                "architecture": "amd64",
                "features": "",
                "variant": null,
                "digest": "sha256:0198d9ac25d1ecbdf11e4684b33f74e648f44eb9ac4016bc3a30d51ff7601ee7",
                "os": "linux",
                "os_features": "",
                "os_version": null,
                "size": 4581205,
                "status": "inactive",
                "last_pulled": null,
                "last_pushed": null
            }
        ],
        "last_updated": "2017-07-10T23:43:52.182133Z",
        "last_updater": 2215,
        "last_updater_username": "stackbrew",
        "name": "1.2.7",
        "repository": 134679,
        "full_size": 4581205,
        "v2": true,
        "tag_status": "inactive",
        "tag_last_pulled": null,
        "tag_last_pushed": "2017-07-10T23:43:52.182133Z",
        "media_type": "application/vnd.docker.container.image.v1+json",
        "content_type": "image"
    },
    {
        "creator": 2215,
        "id": 12824779,
        "images": [
            {
                "architecture": "amd64",
                "features": "",
                "variant": null,
                "digest": "sha256:59c0df55980b84dfd2a7650af954b77ce2b4013356ede2a3475ebf6884bbfc91",
                "os": "linux",
                "os_features": "",
                "os_version": null,
                "size": 4583244,
                "status": "inactive",
                "last_pulled": null,
                "last_pushed": null
            }
        ],
        "last_updated": "2017-11-04T10:44:06.083404Z",
        "last_updater": 1156886,
        "last_updater_username": "doijanky",
        "name": "1.2.8",
        "repository": 134679,
        "full_size": 4583244,
        "v2": true,
        "tag_status": "inactive",
        "tag_last_pulled": null,
        "tag_last_pushed": "2017-11-04T10:44:06.083404Z",
        "media_type": "application/vnd.docker.distribution.manifest.list.v2+json",
        "content_type": "image"
    },
    {
        "creator": 2215,
        "id": 12788710,
        "images": [
            {
                "architecture": "amd64",
                "features": "",
                "variant": null,
                "digest": "sha256:522c05e0096743539377003370649e154b749948276bbbd07a92ea6a212a4c16",
                "os": "linux",
                "os_features": "",
                "os_version": null,
                "size": 4581214,
                "status": "inactive",
                "last_pulled": null,
                "last_pushed": null
            }
        ],
        "last_updated": "2017-07-10T23:43:43.799124Z",
        "last_updater": 2215,
        "last_updater_username": "stackbrew",
        "name": "1.2.8-rc1",
        "repository": 134679,
        "full_size": 4581214,
        "v2": true,
        "tag_status": "inactive",
        "tag_last_pulled": null,
        "tag_last_pushed": "2017-07-10T23:43:43.799124Z",
        "media_type": "application/vnd.docker.container.image.v1+json",
        "content_type": "image"
    },
    {
        "creator": 1156886,
        "id": 28429849,
        "images": [
            {
                "architecture": "amd64",
                "features": "",
                "variant": null,
                "digest": "sha256:b09c61cb20e925723210a2d2504043766381d59751079ca6e57ca9c4a71ebe3c",
                "os": "linux",
                "os_features": "",
                "os_version": null,
                "size": 3849920,
                "status": "active",
                "last_pulled": "2024-01-20T07:16:23.308122Z",
                "last_pushed": "2020-09-16T20:30:52.891369Z"
            }
        ],
        "last_updated": "2020-09-16T20:30:54.76286Z",
        "last_updater": 1156886,
        "last_updater_username": "doijanky",
        "name": "1.2.9",
        "repository": 134679,
        "full_size": 0,
        "v2": true,
        "tag_status": "active",
        "tag_last_pulled": "2024-01-20T07:16:23.308122Z",
        "tag_last_pushed": "2020-09-16T20:30:54.76286Z",
        "media_type": "application/vnd.docker.distribution.manifest.list.v2+json",
        "content_type": "image"
    },
    {
        "creator": 7,
        "id": 112519,
        "images": [
            {
                "architecture": "amd64",
                "features": "",
                "variant": null,
                "digest": "sha256:b09c61cb20e925723210a2d2504043766381d59751079ca6e57ca9c4a71ebe3c",
                "os": "linux",
                "os_features": "",
                "os_version": null,
                "size": 3849920,
                "status": "active",
                "last_pulled": "2024-01-20T07:16:23.308122Z",
                "last_pushed": "2020-09-16T20:30:52.891369Z"
            }
        ],
        "last_updated": "2020-09-16T20:30:58.266426Z",
        "last_updater": 1156886,
        "last_updater_username": "doijanky",
        "name": "latest",
        "repository": 134679,
        "full_size": 0,
        "v2": true,
        "tag_status": "active",
        "tag_last_pulled": "2024-01-20T08:04:31.620855Z",
        "tag_last_pushed": "2020-09-16T20:30:58.266426Z",
        "media_type": "application/vnd.docker.distribution.manifest.list.v2+json",
        "content_type": "image",
        "digest": "sha256:2de8883e2933840ed7ee7360ea1eed314bf8aeac37c0692b9ca651630fde3b7f"
    }
]