[
    {
        "creator": 1156886,
        "id": 19970056,
        "images": [
            {
                "architecture": "amd64",
                "features": "",
                "variant": null,
                "digest": "sha256:9bc32ea0e251741a5db4cdc9e8cdb30683a29cc12a2c08ea5b629860ada5038b",
                "os": "linux",
                "os_features": "",
                "os_version": null,
                "size": 49500651,
                "status": "active",
                "last_pulled": "2024-01-17T23:40:02.19376Z",
                "last_pushed": "2020-11-05T18:41:04.773114Z"
            }
        ],
        "last_updated": "2020-11-05T18:41:07.687582Z",
        "last_updater": 1156886,
        "last_updater_username": "doijanky",
        "name": "6",
        "repository": 2839214,
        "full_size": 49500651,
        "v2": true,
        "tag_status": "active",
        "tag_last_pulled": "2024-01-17T23:40:02.19376Z",
        "tag_last_pushed": "2020-11-05T18:41:07.687582Z",
        "media_type": "application/vnd.docker.distribution.manifest.list.v2+json",
        "content_type": "image"
    }
]