[
    {
        "creator": 7,
        "id": 2112,
        "images": [
            {
                "architecture": "amd64",
                "features": "",
                "variant": null,
                "digest": "sha256:1ae98b2c895d1ceeba8913ff79f422f005b7f967a311da520a88ac89180b4c39",
                "os": "linux",
                "os_features": "",
                "os_version": null,
                "size": 87342331,
                "status": "inactive",
                "last_pulled": null,
                "last_pushed": null
            }
        ],
        "last_updated": "2017-04-06T20:16:25.879532Z",
        "last_updater": 2215,
        "last_updater_username": "stackbrew",
        "name": "5",
        "repository": 54,
        "full_size": 87342331,
        "v2": true,
        "tag_status": "inactive",
        "tag_last_pulled": "2024-01-20T07:10:53.720218Z",
        "tag_last_pushed": "2017-04-06T20:16:25.879532Z",
        "media_type": "application/vnd.docker.container.image.v1+json",
        "content_type": "image",
        "digest": "sha256:70fffd687ff9545662c30f9043108489c698662861cd5f76070f7e2cd350564f"
    },
    {
        "creator": 7,
        "id": 2111,
        "images": [
            {
                "architecture": "amd64",
                "features": "",
                "variant": null,
                "digest": "sha256:b424fba01172292ee3b8b5dad6c6618b066e9196ecfaa8cf30baf11dfe530ff9",
                "os": "linux",
                "os_features": "",
                "os_version": null,
                "size": 87094724,
                "status": "inactive",
                "last_pulled": null,
                "last_pushed": null
            }
        ],
        "last_updated": "2017-04-06T20:17:31.013272Z",
        "last_updater": 2215,
        "last_updater_username": "stackbrew",
        "name": "5.11",
        "repository": 54,
        "full_size": 87094724,
        "v2": true,
        "tag_status": "inactive",
        "tag_last_pulled": "2024-01-20T07:50:46.885299Z",
        "tag_last_pushed": "2017-04-06T20:17:31.013272Z",
        "media_type": "application/vnd.docker.container.image.v1+json",
        "content_type": "image",
        "digest": "sha256:c40041f5894293d0df8f5c6c2049b92a82c53f1718ecdd73cbf3c1826a08ba4a"
    },
    {
        "creator": 7,
        "id": 2114,
        "images": [
            {
                "architecture": "386",
                "features": "",
                "variant": null,
                "digest": "sha256:498c1320b2574fc5bbf897768ffd2c510edf0af3bc4c561aa1836f64845c1c27",
                "os": "linux",
                "os_features": "",
                "os_version": null,
                "size": 70074539,
                "status": "active",
                "last_pulled": "2024-01-20T06:03:24.961638Z",
                "last_pushed": "2021-09-15T17:55:43.266813Z"
            },
            {
                "architecture": "amd64",
                "features": "",
                "variant": null,
                "digest": "sha256:3688aa867eb84332460e172b9250c9c198fdfd8d987605fd53f246f498c60bcf",
                "os": "linux",
                "os_features": "",
                "os_version": null,
                "size": 69835815,
                "status": "active",
                "last_pulled": "2024-01-20T08:00:51.921398Z",
                "last_pushed": "2021-09-15T18:37:58.400162Z"
            }
        ],
        "last_updated": "2021-09-15T18:38:00.093629Z",
        "last_updater": 1156886,
        "last_updater_username": "doijanky",
        "name": "6",
        "repository": 54,
        "full_size": 69835815,
        "v2": true,
        "tag_status": "active",
        "tag_last_pulled": "2024-01-20T08:00:51.921398Z",
        "tag_last_pushed": "2021-09-15T18:38:00.093629Z",
        "media_type": "application/vnd.docker.distribution.manifest.list.v2+json",
        "content_type": "image",
        "digest": "sha256:a93df2e96e07f56ea48f215425c6f1673ab922927894595bb5c0ee4c5a955133"
    },
    {
        "creator": 1156886,
        "id": 32504664,
        "images": [
            {
                "architecture": "amd64",
                "features": "",
                "variant": null,
                "digest": "sha256:ea2905089c8cd9c420ca8b877c3e08ddd732be0fb1d350ae5b87a49e9119a4ff",
                "os": "linux",
                "os_features": "",
                "os_version": null,
                "size": 69800401,
                "status": "active",
                "last_pulled": "2024-01-20T07:27:13.597435Z",
                "last_pushed": "2021-09-15T18:38:05.131962Z"
            }
        ],
        "last_updated": "2021-09-15T18:38:05.47594Z",
        "last_updater": 1156886,
        "last_updater_username": "doijanky",
        "name": "6.10",
        "repository": 54,
        "full_size": 69800401,
        "v2": true,
        "tag_status": "active",
        "tag_last_pulled": "2024-01-20T07:27:13.597435Z",
        "tag_last_pushed": "2021-09-15T18:38:05.47594Z",
        "media_type": "application/vnd.docker.distribution.manifest.list.v2+json",
        "content_type": "image"
    },
    {
        "creator": 7,
        "id": 2109,
        "images": [
            {
                "architecture": "amd64",
                "features": "",
                "variant": null,
                "digest": "sha256:368c96d786aee74c62e1819786cad5a0d55e6dd90f5fa1f98a1075ac86974eec",
                "os": "linux",
                "os_features": "",
                "os_version": null,
                "size": 73689716,
                "status": "inactive",
                "last_pulled": null,
                "last_pushed": null
            }
        ],
        "last_updated": "2019-05-11T01:12:22.647196Z",
        "last_updater": 1156886,
        "last_updater_username": "doijanky",
        "name": "6.6",
        "repository": 54,
        "full_size": 73689716,
        "v2": true,
        "tag_status": "inactive",
        "tag_last_pulled": "2024-01-20T07:35:44.628703Z",
        "tag_last_pushed": "2019-05-11T01:12:22.647196Z",
        "media_type": "application/vnd.docker.distribution.manifest.list.v2+json",
        "content_type": "image",
        "digest": "sha256:32b80b90ba17ed16e9fa3430a49f53ff6de0d4c76ad8631717a1373d5921fa26"
    },
    {
        "creator": 2215,
        "id": 855352,
        "images": [
            {
                "architecture": "amd64",
                "features": "",
                "variant": null,
                "digest": "sha256:9f1de3c6ad53a67037c8d8891487aa7ce203ceed2b1cee1682f2557925279f33",
                "os": "linux",
                "os_features": "",
                "os_version": null,
                "size": 67814264,
                "status": "inactive",
                "last_pulled": null,
                "last_pushed": null
            }
        ],
        "last_updated": "2019-05-11T01:12:25.385696Z",
        "last_updater": 1156886,
        "last_updater_username": "doijanky",
        "name": "6.7",
        "repository": 54,
        "full_size": 67814264,
        "v2": true,
        "tag_status": "inactive",
        "tag_last_pulled": "2024-01-20T08:00:27.165914Z",
        "tag_last_pushed": "2019-05-11T01:12:25.385696Z",
        "media_type": "application/vnd.docker.distribution.manifest.list.v2+json",
        "content_type": "image",
        "digest": "sha256:4c952fc7d30ed134109c769387313ab864711d1bd8b4660017f9d27243622df1"
    },
    {
        "creator": 621950,
        "id": 3270880,
        "images": [
            {
                "architecture": "amd64",
                "features": "",
                "variant": null,
                "digest": "sha256:82f3b5f3c58f22e50d6b05f227c675af504cffc9dff7e318df5fc40faee6410e",
                "os": "linux",
                "os_features": "",
                "os_version": null,
                "size": 70226281,
                "status": "inactive",
                "last_pulled": null,
                "last_pushed": null
            }
        ],
        "last_updated": "2019-05-11T01:12:27.462311Z",
        "last_updater": 1156886,
        "last_updater_username": "doijanky",
        "name": "6.8",
        "repository": 54,
        "full_size": 70226281,
        "v2": true,
        "tag_status": "inactive",
        "tag_last_pulled": null,
        "tag_last_pushed": "2019-05-11T01:12:27.462311Z",
        "media_type": "application/vnd.docker.distribution.manifest.list.v2+json",
        "content_type": "image"
    },
    {
        "creator": 2215,
        "id": 9766445,
        "images": [
            {
                "architecture": "amd64",
                "features": "",
                "variant": null,
                "digest": "sha256:2199b8eb8390197d175b1dd57ed79f53ed92ffa58e23826ada54113262237e56",
                "os": "linux",
                "os_features": "",
                "os_version": null,
                "size": 70181649,
                "status": "inactive",
                "last_pulled": null,
                "last_pushed": null
            }
        ],
        "last_updated": "2019-05-11T01:12:31.07869Z",
        "last_updater": 1156886,
        "last_updater_username": "doijanky",
        "name": "6.9",
        "repository": 54,
        "full_size": 70181649,
        "v2": true,
        "tag_status": "inactive",
        "tag_last_pulled": null,
        "tag_last_pushed": "2019-05-11T01:12:31.07869Z",
        "media_type": "application/vnd.docker.distribution.manifest.list.v2+json",
        "content_type": "image"
    },
    {
        "creator": 7,
        "id": 2113,
        "images": [
            {
                "architecture": "amd64",
                "features": "",
                "variant": null,
                "digest": "sha256:dead07b4d8ed7e29e98de0f4504d87e8880d4347859d839686a31da35a3b532f",
                "os": "linux",
                "os_features": "",
                "os_version": null,
                "size": 76097157,
                "status": "active",
                "last_pulled": "2024-01-20T08:02:23.073705Z",
                "last_pushed": "2021-09-15T18:38:13.567152Z"
            },
            {
                "architecture": "arm",
                "features": "",
                "variant": "v7",
                "digest": "sha256:6887440ab977f751d6675157b73e42428d8ac05cf244c5d09ba036cc22d40d13",
                "os": "linux",
                "os_features": "",
                "os_version": null,
                "size": 70029389,
                "status": "active",
                "last_pulled": "2024-01-20T07:07:35.97316Z",
                "last_pushed": "2022-12-09T19:13:37.649551Z"
            },
            {
                "architecture": "arm64",
                "features": "",
                "variant": "v8",
                "digest": "sha256:73f11afcbb50d8bc70eab9f0850b3fa30e61a419bc48cf426e63527d14a8373b",
                "os": "linux",
                "os_features": "",
                "os_version": null,
                "size": 108374945,
                "status": "active",
                "last_pulled": "2024-01-20T07:04:25.763772Z",
                "last_pushed": "2022-02-14T19:55:27.789159Z"
            },
            {
                "architecture": "386",
                "features": "",
                "variant": null,
                "digest": "sha256:8faead07bd1d5fdd17414a1759eae004da5daa9575a846f4730f44dec0f47843",
                "os": "linux",
                "os_features": "",
                "os_version": null,
                "size": 76701822,
                "status": "active",
                "last_pulled": "2024-01-20T07:37:05.522289Z",
                "last_pushed": "2021-09-15T17:56:01.7625Z"
            },
            {
                "architecture": "ppc64le",
                "features": "",
                "variant": null,
                "digest": "sha256:b98bfc4a7094a98ed52d49f9558bb15a4cee9854f182d30085d459d4a55d2e03",
                "os": "linux",
                "os_features": "",
                "os_version": null,
                "size": 80516460,
                "status": "active",
                "last_pulled": "2024-01-20T07:43:27.423625Z",
                "last_pushed": "2021-09-15T18:38:14.638769Z"
            }
        ],
        "last_updated": "2022-12-09T19:13:40.381781Z",
        "last_updater": 1156886,
        "last_updater_username": "doijanky",
        "name": "7",
        "repository": 54,
        "full_size": 76097157,
        "v2": true,
        "tag_status": "active",
        "tag_last_pulled": "2024-01-20T08:02:23.073705Z",
        "tag_last_pushed": "2022-12-09T19:13:40.381781Z",
        "media_type": "application/vnd.docker.distribution.manifest.list.v2+json",
        "content_type": "image",
        "digest": "sha256:be65f488b7764ad3638f236b7b515b3678369a5124c47b8d32916d6487418ea4"
    },
    {
        "creator": 7,
        "id": 2115,
        "images": [
            {
                "architecture": "amd64",
                "features": "",
                "variant": null,
                "digest": "sha256:cc2cf48cc78460c8249bd28ba3409235aa762270de243255eb3b5ac593bdf38b",
                "os": "linux",
                "os_features": "",
                "os_version": null,
                "size": 76789367,
                "status": "inactive",
                "last_pulled": null,
                "last_pushed": null
            }
        ],
        "last_updated": "2019-05-11T01:12:38.015816Z",
        "last_updater": 1156886,
        "last_updater_username": "doijanky",
        "name": "7.0.1406",
        "repository": 54,
        "full_size": 76789367,
        "v2": true,
        "tag_status": "inactive",
        "tag_last_pulled": "2024-01-20T07:53:58.639787Z",
        "tag_last_pushed": "2019-05-11T01:12:38.015816Z",
        "media_type": "application/vnd.docker.distribution.manifest.list.v2+json",
        "content_type": "image",
        "digest": "sha256:182394d34a0d73e987ffacf6d0e0caa3a0fe7bc1738798872b41e6245e0ee99d"
    },
    {
        "creator": 7,
        "id": 2120,
        "images": [
            {
                "architecture": "amd64",
                "features": "",
                "variant": null,
                "digest": "sha256:e1430271e2f9143e48173bc8e2488b4194c01142ccb16b4f944052f65c6d9f0f",
                "os": "linux",
                "os_features": "",
                "os_version": null,
                "size": 77375353,
                "status": "inactive",
                "last_pulled": null,
                "last_pushed": null
            }
        ],
        "last_updated": "2019-05-11T01:12:40.019129Z",
        "last_updater": 1156886,
        "last_updater_username": "doijanky",
        "name": "7.1.1503",
        "repository": 54,
        "full_size": 77375353,
        "v2": true,
        "tag_status": "inactive",
        "tag_last_pulled": "2024-01-20T07:58:21.129144Z",
        "tag_last_pushed": "2019-05-11T01:12:40.019129Z",
        "media_type": "application/vnd.docker.distribution.manifest.list.v2+json",
        "content_type": "image",
        "digest": "sha256:713cbede4acabfe33b7901645d254dd0109cc7045dd00a6527e5391fbf72857a"
    },
    {
        "creator": 2215,
        "id": 1562534,
        "images": [
            {
                "architecture": "amd64",
                "features": "",
                "variant": null,
                "digest": "sha256:9aec5c5fe4ba9cf7a8d2a50713dd197c3b0cbd5f5fcd03babe4c1d65c455dabf",
                "os": "linux",
                "os_features": "",
                "os_version": null,
                "size": 71553381,
                "status": "inactive",
                "last_pulled": null,
                "last_pushed": null
            }
        ],
        "last_updated": "2019-05-11T01:12:43.286737Z",
        "last_updater": 1156886,
        "last_updater_username": "doijanky",
        "name": "7.2.1511",
        "repository": 54,
        "full_size": 71553381,
        "v2": true,
        "tag_status": "inactive",
        "tag_last_pulled": null,
        "tag_last_pushed": "2019-05-11T01:12:43.286737Z",
        "media_type": "application/vnd.docker.distribution.manifest.list.v2+json",
        "content_type": "image"
    },
    {
        "creator": 621950,
        "id": 6877293,
        "images": [
            {
                "architecture": "amd64",
                "features": "",
                "variant": null,
                "digest": "sha256:c5d48e81b9863c85f38f71584da4d3844a37d639d809e6357922fb57b49bb35d",
                "os": "linux",
                "os_features": "",
                "os_version": null,
                "size": 72170894,
                "status": "inactive",
                "last_pulled": null,
                "last_pushed": null
            }
        ],
        "last_updated": "2019-05-11T01:12:45.185299Z",
        "last_updater": 1156886,
        "last_updater_username": "doijanky",
        "name": "7.3.1611",
        "repository": 54,
        "full_size": 72170894,
        "v2": true,
        "tag_status": "inactive",
        "tag_last_pulled": null,
        "tag_last_pushed": "2019-05-11T01:12:45.185299Z",
        "media_type": "application/vnd.docker.distribution.manifest.list.v2+json",
        "content_type": "image"
    },
    {
        "creator": 1156886,
        "id": 15287718,
        "images": [
            {
                "architecture": "amd64",
                "features": "",
                "variant": null,
                "digest": "sha256:9f266d35e02cc56fe11a70ecdbe918ea091d828736521c91dda4cc0c287856a9",
                "os": "linux",
                "os_features": "",
                "os_version": null,
                "size": 73358335,
                "status": "inactive",
                "last_pulled": null,
                "last_pushed": null
            }
        ],
        "last_updated": "2019-05-11T01:12:49.971649Z",
        "last_updater": 1156886,
        "last_updater_username": "doijanky",
        "name": "7.4.1708",
        "repository": 54,
        "full_size": 73358335,
        "v2": true,
        "tag_status": "inactive",
        "tag_last_pulled": null,
        "tag_last_pushed": "2019-05-11T01:12:49.971649Z",
        "media_type": "application/vnd.docker.distribution.manifest.list.v2+json",
        "content_type": "image"
    },
    {
        "creator": 1156886,
        "id": 28556284,
        "images": [
            {
                "architecture": "amd64",
                "features": "",
                "variant": null,
                "digest": "sha256:cf49811e3cdb94cbdfd645f3888d7add06a315449cf2c7ca7b81c312f1e46c63",
                "os": "linux",
                "os_features": "",
                "os_version": null,
                "size": 74692733,
                "status": "inactive",
                "last_pulled": null,
                "last_pushed": null
            }
        ],
        "last_updated": "2019-05-11T01:12:52.848602Z",
        "last_updater": 1156886,
        "last_updater_username": "doijanky",
        "name": "7.5.1804",
        "repository": 54,
        "full_size": 74692733,
        "v2": true,
        "tag_status": "inactive",
        "tag_last_pulled": null,
        "tag_last_pushed": "2019-05-11T01:12:52.848602Z",
        "media_type": "application/vnd.docker.distribution.manifest.list.v2+json",
        "content_type": "image"
    },
    {
        "creator": 1156886,
        "id": 41612724,
        "images": [
            {
                "architecture": "amd64",
                "features": "",
                "variant": null,
                "digest": "sha256:747b2de199b6197a26eb1a24d69740d25483995842b2d2f75824095e9d1d19eb",
                "os": "linux",
                "os_features": "",
                "os_version": null,
                "size": 75161332,
                "status": "active",
                "last_pulled": "2024-01-20T07:44:24.704906Z",
                "last_pushed": null
            },
            {
                "architecture": "ppc64le",
                "features": "",
                "variant": null,
                "digest": "sha256:86b2de1f549b6433fdd30365e7895fa138f66dd58aecbb13038382fc128747a5",
                "os": "linux",
                "os_features": "",
                "os_version": null,
                "size": 76454310,
                "status": "active",
                "last_pulled": "2024-01-20T03:01:25.464452Z",
                "last_pushed": null
            }
        ],
        "last_updated": "2019-07-02T14:42:25.909029Z",
        "last_updater": 1156886,
        "last_updater_username": "doijanky",
        "name": "7.6.1810",
        "repository": 54,
        "full_size": 75161332,
        "v2": true,
        "tag_status": "active",
        "tag_last_pulled": "2024-01-20T07:44:24.704906Z",
        "tag_last_pushed": "2019-07-02T14:42:25.909029Z",
        "media_type": "application/vnd.docker.distribution.manifest.list.v2+json",
        "content_type": "image"
    },
    {
        "creator": 1156886,
        "id": 75963093,
        "images": [
            {
                "architecture": "amd64",
                "features": "",
                "variant": null,
                "digest": "sha256:8f2c78ca3141051eef77fb083066222abf20330a2345c970a5a61427aeb2dc7b",
                "os": "linux",
                "os_features": "",
                "os_version": null,
                "size": 75785216,
                "status": "active",
                "last_pulled": "2024-01-20T07:32:15.565768Z",
                "last_pushed": null
            }
        ],
        "last_updated": "2019-11-12T00:42:34.744446Z",
        "last_updater": 1156886,
        "last_updater_username": "doijanky",
        "name": "7.7.1908",
        "repository": 54,
        "full_size": 75785216,
        "v2": true,
        "tag_status": "active",
        "tag_last_pulled": "2024-01-20T07:32:15.565768Z",
        "tag_last_pushed": "2019-11-12T00:42:34.744446Z",
        "media_type": "application/vnd.docker.distribution.manifest.list.v2+json",
        "content_type": "image"
    },
    {
        "creator": 1156886,
        "id": 99012343,
        "images": [
            {
                "architecture": "amd64",
                "features": "",
                "variant": null,
                "digest": "sha256:50b9a3bc27378889210f88d6d0695938e45a912aa99b3fdacfb9a0fef511f15a",
                "os": "linux",
                "os_features": "",
                "os_version": null,
                "size": 75843836,
                "status": "active",
                "last_pulled": "2024-01-20T07:46:06.807632Z",
                "last_pushed": null
            }
        ],
        "last_updated": "2020-05-05T21:42:55.813203Z",
        "last_updater": 1156886,
        "last_updater_username": "doijanky",
        "name": "7.8.2003",
        "repository": 54,
        "full_size": 75843836,
        "v2": true,
        "tag_status": "active",
        "tag_last_pulled": "2024-01-20T07:46:06.807632Z",
        "tag_last_pushed": "2020-05-05T21:42:55.813203Z",
        "media_type": "application/vnd.docker.distribution.manifest.list.v2+json",
        "content_type": "image"
    },
    {
        "creator": 1156886,
        "id": 125905495,
        "images": [
            {
                "architecture": "amd64",
                "features": "",
                "variant": null,
                "digest": "sha256:dead07b4d8ed7e29e98de0f4504d87e8880d4347859d839686a31da35a3b532f",
                "os": "linux",
                "os_features": "",
                "os_version": null,
                "size": 76097157,
                "status": "active",
                "last_pulled": "2024-01-20T08:02:23.073705Z",
                "last_pushed": "2021-09-15T18:38:13.567152Z"
            },
            {
                "architecture": "arm",
                "features": "",
                "variant": "v7",
                "digest": "sha256:6887440ab977f751d6675157b73e42428d8ac05cf244c5d09ba036cc22d40d13",
                "os": "linux",
                "os_features": "",
                "os_version": null,
                "size": 70029389,
                "status": "active",
                "last_pulled": "2024-01-20T07:07:35.97316Z",
                "last_pushed": "2022-12-09T19:13:37.649551Z"
            },
            {
                "architecture": "arm64",
                "features": "",
                "variant": "v8",
                "digest": "sha256:73f11afcbb50d8bc70eab9f0850b3fa30e61a419bc48cf426e63527d14a8373b",
                "os": "linux",
                "os_features": "",
                "os_version": null,
                "size": 108374945,
                "status": "active",
                "last_pulled": "2024-01-20T07:04:25.763772Z",
                "last_pushed": "2022-02-14T19:55:27.789159Z"
            },
            {
                "architecture": "386",
                "features": "",
                "variant": null,
                "digest": "sha256:8faead07bd1d5fdd17414a1759eae004da5daa9575a846f4730f44dec0f47843",
                "os": "linux",
                "os_features": "",
                "os_version": null,
                "size": 76701822,
                "status": "active",
                "last_pulled": "2024-01-20T07:37:05.522289Z",
                "last_pushed": "2021-09-15T17:56:01.7625Z"
            },
            {
                "architecture": "ppc64le",
                "features": "",
                "variant": null,
                "digest": "sha256:b98bfc4a7094a98ed52d49f9558bb15a4cee9854f182d30085d459d4a55d2e03",
                "os": "linux",
                "os_features": "",
                "os_version": null,
                "size": 80516460,
                "status": "active",
                "last_pulled": "2024-01-20T07:43:27.423625Z",
                "last_pushed": "2021-09-15T18:38:14.638769Z"
            }
        ],
        "last_updated": "2022-12-09T19:13:45.542319Z",
        "last_updater": 1156886,
        "last_updater_username": "doijanky",
        "name": "7.9.2009",
        "repository": 54,
        "full_size": 76097157,
        "v2": true,
        "tag_status": "active",
        "tag_last_pulled": "2024-01-20T08:02:23.073705Z",
        "tag_last_pushed": "2022-12-09T19:13:45.542319Z",
        "media_type": "application/vnd.docker.distribution.manifest.list.v2+json",
        "content_type": "image",
        "digest": "sha256:be65f488b7764ad3638f236b7b515b3678369a5124c47b8d32916d6487418ea4"
    },
    {
        "creator": 1156886,
        "id": 70860003,
        "images": [
            {
                "architecture": "arm64",
                "features": "",
                "variant": "v8",
                "digest": "sha256:65a4aad1156d8a0679537cb78519a17eb7142e05a968b26a5361153006224fdc",
                "os": "linux",
                "os_features": "",
                "os_version": null,
                "size": 83941353,
                "status": "active",
                "last_pulled": "2024-01-20T07:33:53.112129Z",
                "last_pushed": "2021-09-15T17:56:15.896953Z"
            },
            {
                "architecture": "amd64",
                "features": "",
                "variant": null,
                "digest": "sha256:a1801b843b1bfaf77c501e7a6d3f709401a1e0c83863037fa3aab063a7fdb9dc",
                "os": "linux",
                "os_features": "",
                "os_version": null,
                "size": 83518086,
                "status": "active",
                "last_pulled": "2024-01-20T07:33:10.881458Z",
                "last_pushed": "2021-09-15T18:38:28.495635Z"
            },
            {
                "architecture": "ppc64le",
                "features": "",
                "variant": null,
                "digest": "sha256:8bcb67d4c816e16f79bdea8079c5e30e88f404f4aa8fa124245864830d7852d2",
                "os": "linux",
                "os_features": "",
                "os_version": null,
                "size": 93995843,
                "status": "active",
                "last_pulled": "2024-01-20T04:13:08.431141Z",
                "last_pushed": "2021-09-15T18:38:29.538171Z"
            }
        ],
        "last_updated": "2021-09-15T18:38:30.795383Z",
        "last_updater": 1156886,
        "last_updater_username": "doijanky",
        "name": "8",
        "repository": 54,
        "full_size": 83518086,
        "v2": true,
        "tag_status": "active",
        "tag_last_pulled": "2024-01-20T07:33:53.112129Z",
        "tag_last_pushed": "2021-09-15T18:38:30.795383Z",
        "media_type": "application/vnd.docker.distribution.manifest.list.v2+json",
        "content_type": "image"
    },
    {
        "creator": 1156886,
        "id": 82642475,
        "images": [
            {
                "architecture": "ppc64le",
                "features": "",
                "variant": null,
                "digest": "sha256:567785922b920b35aee6a217f70433fd437b335ad45054743c960d1aaa143dcd",
                "os": "linux",
                "os_features": "",
                "os_version": null,
                "size": 81460320,
                "status": "active",
                "last_pulled": "2024-01-20T03:01:35.751483Z",
                "last_pushed": null
            },
            {
                "architecture": "amd64",
                "features": "",
                "variant": null,
                "digest": "sha256:9e0c275e0bcb495773b10a18e499985d782810e47b4fce076422acb4bc3da3dd",
                "os": "linux",
                "os_features": "",
                "os_version": null,
                "size": 73228446,
                "status": "active",
                "last_pulled": "2024-01-20T07:12:59.323406Z",
                "last_pushed": null
            },
            {
                "architecture": "arm64",
                "features": "",
                "variant": "v8",
                "digest": "sha256:85313b812ad747dd19cf18078795b576cc4ae9cd2ca2ccccd7b5c12722b2effd",
                "os": "linux",
                "os_features": "",
                "os_version": null,
                "size": 73283245,
                "status": "active",
                "last_pulled": "2024-01-20T05:23:38.460386Z",
                "last_pushed": null
            }
        ],
        "last_updated": "2020-01-18T00:42:19.111164Z",
        "last_updater": 1156886,
        "last_updater_username": "doijanky",
        "name": "8.1.1911",
        "repository": 54,
        "full_size": 73228446,
        "v2": true,
        "tag_status": "active",
        "tag_last_pulled": "2024-01-20T07:12:59.323406Z",
        "tag_last_pushed": "2020-01-18T00:42:19.111164Z",
        "media_type": "application/vnd.docker.distribution.manifest.list.v2+json",
        "content_type": "image"
    },
    {
        "creator": 1156886,
        "id": 105191621,
        "images": [
            {
                "architecture": "amd64",
                "features": "",
                "variant": null,
                "digest": "sha256:fd84102fc72960dd1b8da0ee3b4c13e3b0c1d2a085de118bc4c97821cd986e02",
                "os": "linux",
                "os_features": "",
                "os_version": null,
                "size": 74866818,
                "status": "active",
                "last_pulled": "2024-01-20T06:51:00.898725Z",
                "last_pushed": null
            },
            {
                "architecture": "ppc64le",
                "features": "",
                "variant": null,
                "digest": "sha256:77eebe55df5e0521188b7fa224feddb1877b8c40901173e0f87aa3a97ecef4d2",
                "os": "linux",
                "os_features": "",
                "os_version": null,
                "size": 84620966,
                "status": "active",
                "last_pulled": "2024-01-20T03:01:38.247196Z",
                "last_pushed": null
            },
            {
                "architecture": "arm64",
                "features": "",
                "variant": "v8",
                "digest": "sha256:cf4f5cf174e78810379036c53fd6d258d13b3735aa5611b0b61e331a8fedbac6",
                "os": "linux",
                "os_features": "",
                "os_version": null,
                "size": 75449454,
                "status": "active",
                "last_pulled": "2024-01-20T03:01:37.626006Z",
                "last_pushed": null
            }
        ],
        "last_updated": "2020-06-17T01:42:50.853255Z",
        "last_updater": 1156886,
        "last_updater_username": "doijanky",
        "name": "8.2.2004",
        "repository": 54,
        "full_size": 0,
        "v2": true,
        "tag_status": "active",
        "tag_last_pulled": "2024-01-20T06:51:00.898725Z",
        "tag_last_pushed": "2020-06-17T01:42:50.853255Z",
        "media_type": "application/vnd.docker.distribution.manifest.list.v2+json",
        "content_type": "image"
    },
    {
        "creator": 1156886,
        "id": 129084442,
        "images": [
            {
                "architecture": "ppc64le",
                "features": "",
                "variant": null,
                "digest": "sha256:fd77d8fd408e6708d230ea318c4d734802a559e93d4b8af7f705aae8619011a0",
                "os": "linux",
                "os_features": "",
                "os_version": null,
                "size": 85022651,
                "status": "active",
                "last_pulled": "2024-01-19T18:54:00.312621Z",
                "last_pushed": "2020-12-08T00:39:14.796979Z"
            },
            {
                "architecture": "amd64",
                "features": "",
                "variant": null,
                "digest": "sha256:dbbacecc49b088458781c16f3775f2a2ec7521079034a7ba499c8b0bb7f86875",
                "os": "linux",
                "os_features": "",
                "os_version": null,
                "size": 75181999,
                "status": "active",
                "last_pulled": "2024-01-20T07:55:11.961297Z",
                "last_pushed": "2020-12-08T00:39:12.935016Z"
            },
            {
                "architecture": "arm64",
                "features": "",
                "variant": "v8",
                "digest": "sha256:7723d6b5d15b1c64d0a82ee6298c66cf8c27179e1c8a458e719041ffd08cd091",
                "os": "linux",
                "os_features": "",
                "os_version": null,
                "size": 75613064,
                "status": "active",
                "last_pulled": "2024-01-19T18:53:58.799759Z",
                "last_pushed": "2020-12-07T23:58:32.868543Z"
            }
        ],
        "last_updated": "2020-12-08T00:39:23.056404Z",
        "last_updater": 1156886,
        "last_updater_username": "doijanky",
        "name": "8.3.2011",
        "repository": 54,
        "full_size": 75181999,
        "v2": true,
        "tag_status": "active",
        "tag_last_pulled": "2024-01-20T07:55:11.961297Z",
        "tag_last_pushed": "2020-12-08T00:39:23.056404Z",
        "media_type": "application/vnd.docker.distribution.manifest.list.v2+json",
        "content_type": "image"
    },
    {
        "creator": 1156886,
        "id": 167461159,
        "images": [
            {
                "architecture": "arm64",
                "features": "",
                "variant": "v8",
                "digest": "sha256:65a4aad1156d8a0679537cb78519a17eb7142e05a968b26a5361153006224fdc",
                "os": "linux",
                "os_features": "",
                "os_version": null,
                "size": 83941353,
                "status": "active",
                "last_pulled": "2024-01-20T07:33:53.112129Z",
                "last_pushed": "2021-09-15T17:56:15.896953Z"
            },
            {
                "architecture": "ppc64le",
                "features": "",
                "variant": null,
                "digest": "sha256:8bcb67d4c816e16f79bdea8079c5e30e88f404f4aa8fa124245864830d7852d2",
                "os": "linux",
                "os_features": "",
                "os_version": null,
                "size": 93995843,
                "status": "active",
                "last_pulled": "2024-01-20T04:13:08.431141Z",
                "last_pushed": "2021-09-15T18:38:29.538171Z"
            },
            {
                "architecture": "amd64",
                "features": "",
                "variant": null,
                "digest": "sha256:a1801b843b1bfaf77c501e7a6d3f709401a1e0c83863037fa3aab063a7fdb9dc",
                "os": "linux",
                "os_features": "",
                "os_version": null,
                "size": 83518086,
                "status": "active",
                "last_pulled": "2024-01-20T07:33:10.881458Z",
                "last_pushed": "2021-09-15T18:38:28.495635Z"
            }
        ],
        "last_updated": "2021-09-15T18:38:33.75384Z",
        "last_updater": 1156886,
        "last_updater_username": "doijanky",
        "name": "8.4.2105",
        "repository": 54,
        "full_size": 83518086,
        "v2": true,
        "tag_status": "active",
        "tag_last_pulled": "2024-01-20T07:33:53.112129Z",
        "tag_last_pushed": "2021-09-15T18:38:33.75384Z",
        "media_type": "application/vnd.docker.distribution.manifest.list.v2+json",
        "content_type": "image"
    },
    {
        "creator": 7,
        "id": 2110,
        "images": [
            {
                "architecture": "amd64",
                "features": "",
                "variant": null,
                "digest": "sha256:1ae98b2c895d1ceeba8913ff79f422f005b7f967a311da520a88ac89180b4c39",
                "os": "linux",
                "os_features": "",
                "os_version": null,
                "size": 87342331,
                "status": "inactive",
                "last_pulled": null,
                "last_pushed": null
            }
        ],
        "last_updated": "2017-04-06T20:16:24.015937Z",
        "last_updater": 2215,
        "last_updater_username": "stackbrew",
        "name": "centos5",
        "repository": 54,
        "full_size": 87342331,
        "v2": true,
        "tag_status": "inactive",
        "tag_last_pulled": "2024-01-20T07:10:53.720218Z",
        "tag_last_pushed": "2017-04-06T20:16:24.015937Z",
        "media_type": "application/vnd.docker.container.image.v1+json",
        "content_type": "image",
        "digest": "sha256:70fffd687ff9545662c30f9043108489c698662861cd5f76070f7e2cd350564f"
    },
    {
        "creator": 7,
        "id": 2118,
        "images": [
            {
                "architecture": "amd64",
                "features": "",
                "variant": null,
                "digest": "sha256:b424fba01172292ee3b8b5dad6c6618b066e9196ecfaa8cf30baf11dfe530ff9",
                "os": "linux",
                "os_features": "",
                "os_version": null,
                "size": 87094724,
                "status": "inactive",
                "last_pulled": null,
                "last_pushed": null
            }
        ],
        "last_updated": "2017-04-06T20:17:29.333542Z",
        "last_updater": 2215,
        "last_updater_username": "stackbrew",
        "name": "centos5.11",
        "repository": 54,
        "full_size": 87094724,
        "v2": true,
        "tag_status": "inactive",
        "tag_last_pulled": "2024-01-20T07:50:46.885299Z",
        "tag_last_pushed": "2017-04-06T20:17:29.333542Z",
        "media_type": "application/vnd.docker.container.image.v1+json",
        "content_type": "image",
        "digest": "sha256:c40041f5894293d0df8f5c6c2049b92a82c53f1718ecdd73cbf3c1826a08ba4a"
    },
    {
        "creator": 7,
        "id": 2106,
        "images": [
            {
                "architecture": "386",
                "features": "",
                "variant": null,
                "digest": "sha256:498c1320b2574fc5bbf897768ffd2c510edf0af3bc4c561aa1836f64845c1c27",
                "os": "linux",
                "os_features": "",
                "os_version": null,
                "size": 70074539,
                "status": "active",
                "last_pulled": "2024-01-20T06:03:24.961638Z",
                "last_pushed": "2021-09-15T17:55:43.266813Z"
            },
            {
                "architecture": "amd64",
                "features": "",
                "variant": null,
                "digest": "sha256:3688aa867eb84332460e172b9250c9c198fdfd8d987605fd53f246f498c60bcf",
                "os": "linux",
                "os_features": "",
                "os_version": null,
                "size": 69835815,
                "status": "active",
                "last_pulled": "2024-01-20T08:00:51.921398Z",
                "last_pushed": "2021-09-15T18:37:58.400162Z"
            }
        ],
        "last_updated": "2021-09-15T18:38:37.338063Z",
        "last_updater": 1156886,
        "last_updater_username": "doijanky",
        "name": "centos6",
        "repository": 54,
        "full_size": 69835815,
        "v2": true,
        "tag_status": "active",
        "tag_last_pulled": "2024-01-20T08:00:51.921398Z",
        "tag_last_pushed": "2021-09-15T18:38:37.338063Z",
        "media_type": "application/vnd.docker.distribution.manifest.list.v2+json",
        "content_type": "image",
        "digest": "sha256:a93df2e96e07f56ea48f215425c6f1673ab922927894595bb5c0ee4c5a955133"
    },
    {
        "creator": 1156886,
        "id": 32504665,
        "images": [
            {
                "architecture": "amd64",
                "features": "",
                "variant": null,
                "digest": "sha256:ea2905089c8cd9c420ca8b877c3e08ddd732be0fb1d350ae5b87a49e9119a4ff",
                "os": "linux",
                "os_features": "",
                "os_version": null,
                "size": 69800401,
                "status": "active",
                "last_pulled": "2024-01-20T07:27:13.597435Z",
                "last_pushed": "2021-09-15T18:38:05.131962Z"
            }
        ],
        "last_updated": "2021-09-15T18:38:39.697736Z",
        "last_updater": 1156886,
        "last_updater_username": "doijanky",
        "name": "centos6.10",
        "repository": 54,
        "full_size": 69800401,
        "v2": true,
        "tag_status": "active",
        "tag_last_pulled": "2024-01-20T07:27:13.597435Z",
        "tag_last_pushed": "2021-09-15T18:38:39.697736Z",
        "media_type": "application/vnd.docker.distribution.manifest.list.v2+json",
        "content_type": "image"
    },
    {
        "creator": 7,
        "id": 2117,
        "images": [
            {
                "architecture": "amd64",
                "features": "",
                "variant": null,
                "digest": "sha256:368c96d786aee74c62e1819786cad5a0d55e6dd90f5fa1f98a1075ac86974eec",
                "os": "linux",
                "os_features": "",
                "os_version": null,
                "size": 73689716,
                "status": "inactive",
                "last_pulled": null,
                "last_pushed": null
            }
        ],
        "last_updated": "2019-05-11T01:13:03.407549Z",
        "last_updater": 1156886,
        "last_updater_username": "doijanky",
        "name": "centos6.6",
        "repository": 54,
        "full_size": 73689716,
        "v2": true,
        "tag_status": "inactive",
        "tag_last_pulled": "2024-01-20T07:35:44.628703Z",
        "tag_last_pushed": "2019-05-11T01:13:03.407549Z",
        "media_type": "application/vnd.docker.distribution.manifest.list.v2+json",
        "content_type": "image",
        "digest": "sha256:32b80b90ba17ed16e9fa3430a49f53ff6de0d4c76ad8631717a1373d5921fa26"
    },
    {
        "creator": 2215,
        "id": 855350,
        "images": [
            {
                "architecture": "amd64",
                "features": "",
                "variant": null,
                "digest": "sha256:9f1de3c6ad53a67037c8d8891487aa7ce203ceed2b1cee1682f2557925279f33",
                "os": "linux",
                "os_features": "",
                "os_version": null,
                "size": 67814264,
                "status": "inactive",
                "last_pulled": null,
                "last_pushed": null
            }
        ],
        "last_updated": "2019-05-11T01:13:06.308806Z",
        "last_updater": 1156886,
        "last_updater_username": "doijanky",
        "name": "centos6.7",
        "repository": 54,
        "full_size": 67814264,
        "v2": true,
        "tag_status": "inactive",
        "tag_last_pulled": "2024-01-20T08:00:27.165914Z",
        "tag_last_pushed": "2019-05-11T01:13:06.308806Z",
        "media_type": "application/vnd.docker.distribution.manifest.list.v2+json",
        "content_type": "image",
        "digest": "sha256:4c952fc7d30ed134109c769387313ab864711d1bd8b4660017f9d27243622df1"
    },
    {
        "creator": 621950,
        "id": 3270879,
        "images": [
            {
                "architecture": "amd64",
                "features": "",
                "variant": null,
                "digest": "sha256:82f3b5f3c58f22e50d6b05f227c675af504cffc9dff7e318df5fc40faee6410e",
                "os": "linux",
                "os_features": "",
                "os_version": null,
                "size": 70226281,
                "status": "inactive",
                "last_pulled": null,
                "last_pushed": null
            }
        ],
        "last_updated": "2019-05-11T01:13:08.989816Z",
        "last_updater": 1156886,
        "last_updater_username": "doijanky",
        "name": "centos6.8",
        "repository": 54,
        "full_size": 70226281,
        "v2": true,
        "tag_status": "inactive",
        "tag_last_pulled": null,
        "tag_last_pushed": "2019-05-11T01:13:08.989816Z",
        "media_type": "application/vnd.docker.distribution.manifest.list.v2+json",
        "content_type": "image"
    },
    {
        "creator": 2215,
        "id": 9766442,
        "images": [
            {
                "architecture": "amd64",
                "features": "",
                "variant": null,
                "digest": "sha256:2199b8eb8390197d175b1dd57ed79f53ed92ffa58e23826ada54113262237e56",
                "os": "linux",
                "os_features": "",
                "os_version": null,
                "size": 70181649,
                "status": "inactive",
                "last_pulled": null,
                "last_pushed": null
            }
        ],
        "last_updated": "2019-05-11T01:13:10.722926Z",
        "last_updater": 1156886,
        "last_updater_username": "doijanky",
        "name": "centos6.9",
        "repository": 54,
        "full_size": 70181649,
        "v2": true,
        "tag_status": "inactive",
        "tag_last_pulled": null,
        "tag_last_pushed": "2019-05-11T01:13:10.722926Z",
        "media_type": "application/vnd.docker.distribution.manifest.list.v2+json",
        "content_type": "image"
    },
    {
        "creator": 7,
        "id": 2108,
        "images": [
            {
                "architecture": "amd64",
                "features": "",
                "variant": null,
                "digest": "sha256:dead07b4d8ed7e29e98de0f4504d87e8880d4347859d839686a31da35a3b532f",
                "os": "linux",
                "os_features": "",
                "os_version": null,
                "size": 76097157,
                "status": "active",
                "last_pulled": "2024-01-20T08:02:23.073705Z",
                "last_pushed": "2021-09-15T18:38:13.567152Z"
            },
            {
                "architecture": "arm",
                "features": "",
                "variant": "v7",
                "digest": "sha256:6887440ab977f751d6675157b73e42428d8ac05cf244c5d09ba036cc22d40d13",
                "os": "linux",
                "os_features": "",
                "os_version": null,
                "size": 70029389,
                "status": "active",
                "last_pulled": "2024-01-20T07:07:35.97316Z",
                "last_pushed": "2022-12-09T19:13:37.649551Z"
            },
            {
                "architecture": "arm64",
                "features": "",
                "variant": "v8",
                "digest": "sha256:73f11afcbb50d8bc70eab9f0850b3fa30e61a419bc48cf426e63527d14a8373b",
                "os": "linux",
                "os_features": "",
                "os_version": null,
                "size": 108374945,
                "status": "active",
                "last_pulled": "2024-01-20T07:04:25.763772Z",
                "last_pushed": "2022-02-14T19:55:27.789159Z"
            },
            {
                "architecture": "386",
                "features": "",
                "variant": null,
                "digest": "sha256:8faead07bd1d5fdd17414a1759eae004da5daa9575a846f4730f44dec0f47843",
                "os": "linux",
                "os_features": "",
                "os_version": null,
                "size": 76701822,
                "status": "active",
                "last_pulled": "2024-01-20T07:37:05.522289Z",
                "last_pushed": "2021-09-15T17:56:01.7625Z"
            },
            {
                "architecture": "ppc64le",
                "features": "",
                "variant": null,
                "digest": "sha256:b98bfc4a7094a98ed52d49f9558bb15a4cee9854f182d30085d459d4a55d2e03",
                "os": "linux",
                "os_features": "",
                "os_version": null,
                "size": 80516460,
                "status": "active",
                "last_pulled": "2024-01-20T07:43:27.423625Z",
                "last_pushed": "2021-09-15T18:38:14.638769Z"
            }
        ],
        "last_updated": "2022-12-09T19:13:50.22334Z",
        "last_updater": 1156886,
        "last_updater_username": "doijanky",
        "name": "centos7",
        "repository": 54,
        "full_size": 76097157,
        "v2": true,
        "tag_status": "active",
        "tag_last_pulled": "2024-01-20T08:02:23.073705Z",
        "tag_last_pushed": "2022-12-09T19:13:50.22334Z",
        "media_type": "application/vnd.docker.distribution.manifest.list.v2+json",
        "content_type": "image",
        "digest": "sha256:be65f488b7764ad3638f236b7b515b3678369a5124c47b8d32916d6487418ea4"
    },
    {
        "creator": 7,
        "id": 2119,
        "images": [
            {
                "architecture": "amd64",
                "features": "",
                "variant": null,
                "digest": "sha256:cc2cf48cc78460c8249bd28ba3409235aa762270de243255eb3b5ac593bdf38b",
                "os": "linux",
                "os_features": "",
                "os_version": null,
                "size": 76789367,
                "status": "inactive",
                "last_pulled": null,
                "last_pushed": null
            }
        ],
        "last_updated": "2019-05-11T01:13:18.660373Z",
        "last_updater": 1156886,
        "last_updater_username": "doijanky",
        "name": "centos7.0.1406",
        "repository": 54,
        "full_size": 76789367,
        "v2": true,
        "tag_status": "inactive",
        "tag_last_pulled": "2024-01-20T07:53:58.639787Z",
        "tag_last_pushed": "2019-05-11T01:13:18.660373Z",
        "media_type": "application/vnd.docker.distribution.manifest.list.v2+json",
        "content_type": "image",
        "digest": "sha256:182394d34a0d73e987ffacf6d0e0caa3a0fe7bc1738798872b41e6245e0ee99d"
    },
    {
        "creator": 7,
        "id": 2116,
        "images": [
            {
                "architecture": "amd64",
                "features": "",
                "variant": null,
                "digest": "sha256:e1430271e2f9143e48173bc8e2488b4194c01142ccb16b4f944052f65c6d9f0f",
                "os": "linux",
                "os_features": "",
                "os_version": null,
                "size": 77375353,
                "status": "inactive",
                "last_pulled": null,
                "last_pushed": null
            }
        ],
        "last_updated": "2019-05-11T01:13:22.710971Z",
        "last_updater": 1156886,
        "last_updater_username": "doijanky",
        "name": "centos7.1.1503",
        "repository": 54,
        "full_size": 77375353,
        "v2": true,
        "tag_status": "inactive",
        "tag_last_pulled": "2024-01-20T07:58:21.129144Z",
        "tag_last_pushed": "2019-05-11T01:13:22.710971Z",
        "media_type": "application/vnd.docker.distribution.manifest.list.v2+json",
        "content_type": "image",
        "digest": "sha256:713cbede4acabfe33b7901645d254dd0109cc7045dd00a6527e5391fbf72857a"
    },
    {
        "creator": 2215,
        "id": 1562530,
        "images": [
            {
                "architecture": "amd64",
                "features": "",
                "variant": null,
                "digest": "sha256:9aec5c5fe4ba9cf7a8d2a50713dd197c3b0cbd5f5fcd03babe4c1d65c455dabf",
                "os": "linux",
                "os_features": "",
                "os_version": null,
                "size": 71553381,
                "status": "inactive",
                "last_pulled": null,
                "last_pushed": null
            }
        ],
        "last_updated": "2019-05-11T01:13:26.586999Z",
        "last_updater": 1156886,
        "last_updater_username": "doijanky",
        "name": "centos7.2.1511",
        "repository": 54,
        "full_size": 71553381,
        "v2": true,
        "tag_status": "inactive",
        "tag_last_pulled": null,
        "tag_last_pushed": "2019-05-11T01:13:26.586999Z",
        "media_type": "application/vnd.docker.distribution.manifest.list.v2+json",
        "content_type": "image"
    },
    {
        "creator": 621950,
        "id": 6877920,
        "images": [
            {
                "architecture": "amd64",
                "features": "",
                "variant": null,
                "digest": "sha256:c5d48e81b9863c85f38f71584da4d3844a37d639d809e6357922fb57b49bb35d",
                "os": "linux",
                "os_features": "",
                "os_version": null,
                "size": 72170894,
                "status": "inactive",
                "last_pulled": null,
                "last_pushed": null
            }
        ],
        "last_updated": "2019-05-11T01:13:27.403263Z",
        "last_updater": 1156886,
        "last_updater_username": "doijanky",
        "name": "centos7.3.1611",
        "repository": 54,
        "full_size": 72170894,
        "v2": true,
        "tag_status": "inactive",
        "tag_last_pulled": null,
        "tag_last_pushed": "2019-05-11T01:13:27.403263Z",
        "media_type": "application/vnd.docker.distribution.manifest.list.v2+json",
        "content_type": "image"
    },
    {
        "creator": 1156886,
        "id": 15287712,
        "images": [
            {
                "architecture": "amd64",
                "features": "",
                "variant": null,
                "digest": "sha256:9f266d35e02cc56fe11a70ecdbe918ea091d828736521c91dda4cc0c287856a9",
                "os": "linux",
                "os_features": "",
                "os_version": null,
                "size": 73358335,
                "status": "inactive",
                "last_pulled": null,
                "last_pushed": null
            }
        ],
        "last_updated": "2019-05-11T01:13:29.557664Z",
        "last_updater": 1156886,
        "last_updater_username": "doijanky",
        "name": "centos7.4.1708",
        "repository": 54,
        "full_size": 73358335,
        "v2": true,
        "tag_status": "inactive",
        "tag_last_pulled": null,
        "tag_last_pushed": "2019-05-11T01:13:29.557664Z",
        "media_type": "application/vnd.docker.distribution.manifest.list.v2+json",
        "content_type": "image"
    },
    {
        "creator": 1156886,
        "id": 28556283,
        "images": [
            {
                "architecture": "amd64",
                "features": "",
                "variant": null,
                "digest": "sha256:cf49811e3cdb94cbdfd645f3888d7add06a315449cf2c7ca7b81c312f1e46c63",
                "os": "linux",
                "os_features": "",
                "os_version": null,
                "size": 74692733,
                "status": "inactive",
                "last_pulled": null,
                "last_pushed": null
            }
        ],
        "last_updated": "2019-05-11T01:13:34.033772Z",
        "last_updater": 1156886,
        "last_updater_username": "doijanky",
        "name": "centos7.5.1804",
        "repository": 54,
        "full_size": 74692733,
        "v2": true,
        "tag_status": "inactive",
        "tag_last_pulled": null,
        "tag_last_pushed": "2019-05-11T01:13:34.033772Z",
        "media_type": "application/vnd.docker.distribution.manifest.list.v2+json",
        "content_type": "image"
    },
    {
        "creator": 1156886,
        "id": 41612723,
        "images": [
            {
                "architecture": "amd64",
                "features": "",
                "variant": null,
                "digest": "sha256:747b2de199b6197a26eb1a24d69740d25483995842b2d2f75824095e9d1d19eb",
                "os": "linux",
                "os_features": "",
                "os_version": null,
                "size": 75161332,
                "status": "active",
                "last_pulled": "2024-01-20T07:44:24.704906Z",
                "last_pushed": null
            },
            {
                "architecture": "ppc64le",
                "features": "",
                "variant": null,
                "digest": "sha256:86b2de1f549b6433fdd30365e7895fa138f66dd58aecbb13038382fc128747a5",
                "os": "linux",
                "os_features": "",
                "os_version": null,
                "size": 76454310,
                "status": "active",
                "last_pulled": "2024-01-20T03:01:25.464452Z",
                "last_pushed": null
            }
        ],
        "last_updated": "2019-07-02T14:42:37.943412Z",
        "last_updater": 1156886,
        "last_updater_username": "doijanky",
        "name": "centos7.6.1810",
        "repository": 54,
        "full_size": 75161332,
        "v2": true,
        "tag_status": "active",
        "tag_last_pulled": "2024-01-20T07:44:24.704906Z",
        "tag_last_pushed": "2019-07-02T14:42:37.943412Z",
        "media_type": "application/vnd.docker.distribution.manifest.list.v2+json",
        "content_type": "image"
    },
    {
        "creator": 1156886,
        "id": 75963101,
        "images": [
            {
                "architecture": "amd64",
                "features": "",
                "variant": null,
                "digest": "sha256:8f2c78ca3141051eef77fb083066222abf20330a2345c970a5a61427aeb2dc7b",
                "os": "linux",
                "os_features": "",
                "os_version": null,
                "size": 75785216,
                "status": "active",
                "last_pulled": "2024-01-20T07:32:15.565768Z",
                "last_pushed": null
            }
        ],
        "last_updated": "2019-11-12T00:42:46.131268Z",
        "last_updater": 1156886,
        "last_updater_username": "doijanky",
        "name": "centos7.7.1908",
        "repository": 54,
        "full_size": 75785216,
        "v2": true,
        "tag_status": "active",
        "tag_last_pulled": "2024-01-20T07:32:15.565768Z",
        "tag_last_pushed": "2019-11-12T00:42:46.131268Z",
        "media_type": "application/vnd.docker.distribution.manifest.list.v2+json",
        "content_type": "image"
    },
    {
        "creator": 1156886,
        "id": 99012367,
        "images": [
            {
                "architecture": "amd64",
                "features": "",
                "variant": null,
                "digest": "sha256:50b9a3bc27378889210f88d6d0695938e45a912aa99b3fdacfb9a0fef511f15a",
                "os": "linux",
                "os_features": "",
                "os_version": null,
                "size": 75843836,
                "status": "active",
                "last_pulled": "2024-01-20T07:46:06.807632Z",
                "last_pushed": null
            }
        ],
        "last_updated": "2020-05-05T21:43:10.231908Z",
        "last_updater": 1156886,
        "last_updater_username": "doijanky",
        "name": "centos7.8.2003",
        "repository": 54,
        "full_size": 75843836,
        "v2": true,
        "tag_status": "active",
        "tag_last_pulled": "2024-01-20T07:46:06.807632Z",
        "tag_last_pushed": "2020-05-05T21:43:10.231908Z",
        "media_type": "application/vnd.docker.distribution.manifest.list.v2+json",
        "content_type": "image"
    },
    {
        "creator": 1156886,
        "id": 125905513,
        "images": [
            {
                "architecture": "amd64",
                "features": "",
                "variant": null,
                "digest": "sha256:dead07b4d8ed7e29e98de0f4504d87e8880d4347859d839686a31da35a3b532f",
                "os": "linux",
                "os_features": "",
                "os_version": null,
                "size": 76097157,
                "status": "active",
                "last_pulled": "2024-01-20T08:02:23.073705Z",
                "last_pushed": "2021-09-15T18:38:13.567152Z"
            },
            {
                "architecture": "arm",
                "features": "",
                "variant": "v7",
                "digest": "sha256:6887440ab977f751d6675157b73e42428d8ac05cf244c5d09ba036cc22d40d13",
                "os": "linux",
                "os_features": "",
                "os_version": null,
                "size": 70029389,
                "status": "active",
                "last_pulled": "2024-01-20T07:07:35.97316Z",
                "last_pushed": "2022-12-09T19:13:37.649551Z"
            },
            {
                "architecture": "arm64",
                "features": "",
                "variant": "v8",
                "digest": "sha256:73f11afcbb50d8bc70eab9f0850b3fa30e61a419bc48cf426e63527d14a8373b",
                "os": "linux",
                "os_features": "",
                "os_version": null,
                "size": 108374945,
                "status": "active",
                "last_pulled": "2024-01-20T07:04:25.763772Z",
                "last_pushed": "2022-02-14T19:55:27.789159Z"
            },
            {
                "architecture": "386",
                "features": "",
                "variant": null,
                "digest": "sha256:8faead07bd1d5fdd17414a1759eae004da5daa9575a846f4730f44dec0f47843",
                "os": "linux",
                "os_features": "",
                "os_version": null,
                "size": 76701822,
                "status": "active",
                "last_pulled": "2024-01-20T07:37:05.522289Z",
                "last_pushed": "2021-09-15T17:56:01.7625Z"
            },
            {
                "architecture": "ppc64le",
                "features": "",
                "variant": null,
                "digest": "sha256:b98bfc4a7094a98ed52d49f9558bb15a4cee9854f182d30085d459d4a55d2e03",
                "os": "linux",
                "os_features": "",
                "os_version": null,
                "size": 80516460,
                "status": "active",
                "last_pulled": "2024-01-20T07:43:27.423625Z",
                "last_pushed": "2021-09-15T18:38:14.638769Z"
            }
        ],
        "last_updated": "2022-12-09T19:13:54.039274Z",
        "last_updater": 1156886,
        "last_updater_username": "doijanky",
        "name": "centos7.9.2009",
        "repository": 54,
        "full_size": 76097157,
        "v2": true,
        "tag_status": "active",
        "tag_last_pulled": "2024-01-20T08:02:23.073705Z",
        "tag_last_pushed": "2022-12-09T19:13:54.039274Z",
        "media_type": "application/vnd.docker.distribution.manifest.list.v2+json",
        "content_type": "image",
        "digest": "sha256:be65f488b7764ad3638f236b7b515b3678369a5124c47b8d32916d6487418ea4"
    },
    {
        "creator": 1156886,
        "id": 70860025,
        "images": [
            {
                "architecture": "amd64",
                "features": "",
                "variant": null,
                "digest": "sha256:a1801b843b1bfaf77c501e7a6d3f709401a1e0c83863037fa3aab063a7fdb9dc",
                "os": "linux",
                "os_features": "",
                "os_version": null,
                "size": 83518086,
                "status": "active",
                "last_pulled": "2024-01-20T07:33:10.881458Z",
                "last_pushed": "2021-09-15T18:38:28.495635Z"
            },
            {
                "architecture": "arm64",
                "features": "",
                "variant": "v8",
                "digest": "sha256:65a4aad1156d8a0679537cb78519a17eb7142e05a968b26a5361153006224fdc",
                "os": "linux",
                "os_features": "",
                "os_version": null,
                "size": 83941353,
                "status": "active",
                "last_pulled": "2024-01-20T07:33:53.112129Z",
                "last_pushed": "2021-09-15T17:56:15.896953Z"
            },
            {
                "architecture": "ppc64le",
                "features": "",
                "variant": null,
                "digest": "sha256:8bcb67d4c816e16f79bdea8079c5e30e88f404f4aa8fa124245864830d7852d2",
                "os": "linux",
                "os_features": "",
                "os_version": null,
                "size": 93995843,
                "status": "active",
                "last_pulled": "2024-01-20T04:13:08.431141Z",
                "last_pushed": "2021-09-15T18:38:29.538171Z"
            }
        ],
        "last_updated": "2021-09-15T18:38:50.69188Z",
        "last_updater": 1156886,
        "last_updater_username": "doijanky",
        "name": "centos8",
        "repository": 54,
        "full_size": 83518086,
        "v2": true,
        "tag_status": "active",
        "tag_last_pulled": "2024-01-20T07:33:53.112129Z",
        "tag_last_pushed": "2021-09-15T18:38:50.69188Z",
        "media_type": "application/vnd.docker.distribution.manifest.list.v2+json",
        "content_type": "image"
    },
    {
        "creator": 1156886,
        "id": 82642501,
        "images": [
            {
                "architecture": "ppc64le",
                "features": "",
                "variant": null,
                "digest": "sha256:567785922b920b35aee6a217f70433fd437b335ad45054743c960d1aaa143dcd",
                "os": "linux",
                "os_features": "",
                "os_version": null,
                "size": 81460320,
                "status": "active",
                "last_pulled": "2024-01-20T03:01:35.751483Z",
                "last_pushed": null
            },
            {
                "architecture": "arm64",
                "features": "",
                "variant": "v8",
                "digest": "sha256:85313b812ad747dd19cf18078795b576cc4ae9cd2ca2ccccd7b5c12722b2effd",
                "os": "linux",
                "os_features": "",
                "os_version": null,
                "size": 73283245,
                "status": "active",
                "last_pulled": "2024-01-20T05:23:38.460386Z",
                "last_pushed": null
            },
            {
                "architecture": "amd64",
                "features": "",
                "variant": null,
                "digest": "sha256:9e0c275e0bcb495773b10a18e499985d782810e47b4fce076422acb4bc3da3dd",
                "os": "linux",
                "os_features": "",
                "os_version": null,
                "size": 73228446,
                "status": "active",
                "last_pulled": "2024-01-20T07:12:59.323406Z",
                "last_pushed": null
            }
        ],
        "last_updated": "2020-01-18T00:42:33.410905Z",
        "last_updater": 1156886,
        "last_updater_username": "doijanky",
        "name": "centos8.1.1911",
        "repository": 54,
        "full_size": 73228446,
        "v2": true,
        "tag_status": "active",
        "tag_last_pulled": "2024-01-20T07:12:59.323406Z",
        "tag_last_pushed": "2020-01-18T00:42:33.410905Z",
        "media_type": "application/vnd.docker.distribution.manifest.list.v2+json",
        "content_type": "image"
    },
    {
        "creator": 1156886,
        "id": 105191642,
        "images": [
            {
                "architecture": "amd64",
                "features": "",
                "variant": null,
                "digest": "sha256:fd84102fc72960dd1b8da0ee3b4c13e3b0c1d2a085de118bc4c97821cd986e02",
                "os": "linux",
                "os_features": "",
                "os_version": null,
                "size": 74866818,
                "status": "active",
                "last_pulled": "2024-01-20T06:51:00.898725Z",
                "last_pushed": null
            },
            {
                "architecture": "ppc64le",
                "features": "",
                "variant": null,
                "digest": "sha256:77eebe55df5e0521188b7fa224feddb1877b8c40901173e0f87aa3a97ecef4d2",
                "os": "linux",
                "os_features": "",
                "os_version": null,
                "size": 84620966,
                "status": "active",
                "last_pulled": "2024-01-20T03:01:38.247196Z",
                "last_pushed": null
            },
            {
                "architecture": "arm64",
                "features": "",
                "variant": "v8",
                "digest": "sha256:cf4f5cf174e78810379036c53fd6d258d13b3735aa5611b0b61e331a8fedbac6",
                "os": "linux",
                "os_features": "",
                "os_version": null,
                "size": 75449454,
                "status": "active",
                "last_pulled": "2024-01-20T03:01:37.626006Z",
                "last_pushed": null
            }
        ],
        "last_updated": "2020-06-17T01:43:07.553853Z",
        "last_updater": 1156886,
        "last_updater_username": "doijanky",
        "name": "centos8.2.2004",
        "repository": 54,
        "full_size": 0,
        "v2": true,
        "tag_status": "active",
        "tag_last_pulled": "2024-01-20T06:51:00.898725Z",
        "tag_last_pushed": "2020-06-17T01:43:07.553853Z",
        "media_type": "application/vnd.docker.distribution.manifest.list.v2+json",
        "content_type": "image"
    },
    {
        "creator": 1156886,
        "id": 129084451,
        "images": [
            {
                "architecture": "amd64",
                "features": "",
                "variant": null,
                "digest": "sha256:dbbacecc49b088458781c16f3775f2a2ec7521079034a7ba499c8b0bb7f86875",
                "os": "linux",
                "os_features": "",
                "os_version": null,
                "size": 75181999,
                "status": "active",
                "last_pulled": "2024-01-20T07:55:11.961297Z",
                "last_pushed": "2020-12-08T00:39:12.935016Z"
            },
            {
                "architecture": "ppc64le",
                "features": "",
                "variant": null,
                "digest": "sha256:fd77d8fd408e6708d230ea318c4d734802a559e93d4b8af7f705aae8619011a0",
                "os": "linux",
                "os_features": "",
                "os_version": null,
                "size": 85022651,
                "status": "active",
                "last_pulled": "2024-01-19T18:54:00.312621Z",
                "last_pushed": "2020-12-08T00:39:14.796979Z"
            },
            {
                "architecture": "arm64",
                "features": "",
                "variant": "v8",
                "digest": "sha256:7723d6b5d15b1c64d0a82ee6298c66cf8c27179e1c8a458e719041ffd08cd091",
                "os": "linux",
                "os_features": "",
                "os_version": null,
                "size": 75613064,
                "status": "active",
                "last_pulled": "2024-01-19T18:53:58.799759Z",
                "last_pushed": "2020-12-07T23:58:32.868543Z"
            }
        ],
        "last_updated": "2020-12-08T00:39:41.82652Z",
        "last_updater": 1156886,
        "last_updater_username": "doijanky",
        "name": "centos8.3.2011",
        "repository": 54,
        "full_size": 75181999,
        "v2": true,
        "tag_status": "active",
        "tag_last_pulled": "2024-01-20T07:55:11.961297Z",
        "tag_last_pushed": "2020-12-08T00:39:41.82652Z",
        "media_type": "application/vnd.docker.distribution.manifest.list.v2+json",
        "content_type": "image"
    },
    {
        "creator": 1156886,
        "id": 167461208,
        "images": [
            {
                "architecture": "amd64",
                "features": "",
                "variant": null,
                "digest": "sha256:a1801b843b1bfaf77c501e7a6d3f709401a1e0c83863037fa3aab063a7fdb9dc",
                "os": "linux",
                "os_features": "",
                "os_version": null,
                "size": 83518086,
                "status": "active",
                "last_pulled": "2024-01-20T07:33:10.881458Z",
                "last_pushed": "2021-09-15T18:38:28.495635Z"
            },
            {
                "architecture": "arm64",
                "features": "",
                "variant": "v8",
                "digest": "sha256:65a4aad1156d8a0679537cb78519a17eb7142e05a968b26a5361153006224fdc",
                "os": "linux",
                "os_features": "",
                "os_version": null,
                "size": 83941353,
                "status": "active",
                "last_pulled": "2024-01-20T07:33:53.112129Z",
                "last_pushed": "2021-09-15T17:56:15.896953Z"
            },
            {
                "architecture": "ppc64le",
                "features": "",
                "variant": null,
                "digest": "sha256:8bcb67d4c816e16f79bdea8079c5e30e88f404f4aa8fa124245864830d7852d2",
                "os": "linux",
                "os_features": "",
                "os_version": null,
                "size": 93995843,
                "status": "active",
                "last_pulled": "2024-01-20T04:13:08.431141Z",
                "last_pushed": "2021-09-15T18:38:29.538171Z"
            }
        ],
        "last_updated": "2021-09-15T18:38:53.355469Z",
        "last_updater": 1156886,
        "last_updater_username": "doijanky",
        "name": "centos8.4.2105",
        "repository": 54,
        "full_size": 83518086,
        "v2": true,
        "tag_status": "active",
        "tag_last_pulled": "2024-01-20T07:33:53.112129Z",
        "tag_last_pushed": "2021-09-15T18:38:53.355469Z",
        "media_type": "application/vnd.docker.distribution.manifest.list.v2+json",
        "content_type": "image"
    },
    {
        "creator": 7,
        "id": 2107,
        "images": [
            {
                "architecture": "amd64",
                "features": "",
                "variant": null,
                "digest": "sha256:a1801b843b1bfaf77c501e7a6d3f709401a1e0c83863037fa3aab063a7fdb9dc",
                "os": "linux",
                "os_features": "",
                "os_version": null,
                "size": 83518086,
                "status": "active",
                "last_pulled": "2024-01-20T07:33:10.881458Z",
                "last_pushed": "2021-09-15T18:38:28.495635Z"
            },
            {
                "architecture": "arm64",
                "features": "",
                "variant": "v8",
                "digest": "sha256:65a4aad1156d8a0679537cb78519a17eb7142e05a968b26a5361153006224fdc",
                "os": "linux",
                "os_features": "",
                "os_version": null,
                "size": 83941353,
                "status": "active",
                "last_pulled": "2024-01-20T07:33:53.112129Z",
                "last_pushed": "2021-09-15T17:56:15.896953Z"
            },
            {
                "architecture": "ppc64le",
                "features": "",
                "variant": null,
                "digest": "sha256:8bcb67d4c816e16f79bdea8079c5e30e88f404f4aa8fa124245864830d7852d2",
                "os": "linux",
                "os_features": "",
                "os_version": null,
                "size": 93995843,
                "status": "active",
                "last_pulled": "2024-01-20T04:13:08.431141Z",
                "last_pushed": "2021-09-15T18:38:29.538171Z"
            }
        ],
        "last_updated": "2021-09-15T18:38:56.608195Z",
        "last_updater": 1156886,
        "last_updater_username": "doijanky",
        "name": "latest",
        "repository": 54,
        "full_size": 83518086,
        "v2": true,
        "tag_status": "active",
        "tag_last_pulled": "2024-01-20T07:34:36.132258Z",
        "tag_last_pushed": "2021-09-15T18:38:56.608195Z",
        "media_type": "application/vnd.docker.distribution.manifest.list.v2+json",
        "content_type": "image",
        "digest": "sha256:a27fd8080b517143cbbbab9dfb7c8571c40d67d534bbdee55bd6c473f432b177"
    }
]