[
    {
        "creator": 2215,
        "id": 1111630,
        "images": [
            {
                "architecture": "amd64",
                "features": "",
                "variant": null,
                "os": "",
                "os_features": "",
                "os_version": null,
                "size": 233355912,
                "status": "inactive",
                "last_pulled": null,
                "last_pushed": null
            }
        ],
        "last_updated": "2016-06-01T01:04:22.962611Z",
        "last_updater": 621950,
        "last_updater_username": "signer",
        "name": "0.61",
        "repository": 359069,
        "full_size": 233355912,
        "v2": true,
        "tag_status": "inactive",
        "tag_last_pulled": "2024-01-15T03:15:13.188074Z",
        "tag_last_pushed": "2016-06-01T01:04:22.962611Z",
        "media_type": "application/vnd.docker.distribution.manifest.v1+prettyjws",
        "content_type": "image",
        "digest": "sha256:4609d0d47ec7c6d99b5ea27b37993d33ac40560c0a951e81fbdc9c5aa1a2c51d"
    },
    {
        "creator": 621950,
        "id": 6527726,
        "images": [
            {
                "architecture": "amd64",
                "features": "",
                "variant": null,
                "digest": "sha256:07ffe294f2dab74a3a6828626f2aa3b4387a4b0c9deabfb46d1600c13fe54a7e",
                "os": "linux",
                "os_features": "",
                "os_version": null,
                "size": 263237242,
                "status": "active",
                "last_pulled": "2024-01-20T02:06:08.183734Z",
                "last_pushed": "2021-05-22T09:34:21.68422Z"
            }
        ],
        "last_updated": "2021-05-22T09:34:23.781786Z",
        "last_updater": 1156886,
        "last_updater_username": "doijanky",
        "name": "0.62",
        "repository": 359069,
        "full_size": 263237242,
        "v2": true,
        "tag_status": "active",
        "tag_last_pulled": "2024-01-20T02:06:08.183734Z",
        "tag_last_pushed": "2021-05-22T09:34:23.781786Z",
        "media_type": "application/vnd.docker.distribution.manifest.list.v2+json",
        "content_type": "image"
    },
    {
        "creator": 2215,
        "id": 1111618,
        "images": [
            {
                "architecture": "amd64",
                "features": "",
                "variant": null,
                "digest": "sha256:07ffe294f2dab74a3a6828626f2aa3b4387a4b0c9deabfb46d1600c13fe54a7e",
                "os": "linux",
                "os_features": "",
                "os_version": null,
                "size": 263237242,
                "status": "active",
                "last_pulled": "2024-01-20T02:06:08.183734Z",
                "last_pushed": "2021-05-22T09:34:21.68422Z"
            }
        ],
        "last_updated": "2021-05-22T09:34:26.35113Z",
        "last_updater": 1156886,
        "last_updater_username": "doijanky",
        "name": "latest",
        "repository": 359069,
        "full_size": 263237242,
        "v2": true,
        "tag_status": "active",
        "tag_last_pulled": "2024-01-20T05:04:21.572598Z",
        "tag_last_pushed": "2021-05-22T09:34:26.35113Z",
        "media_type": "application/vnd.docker.distribution.manifest.list.v2+json",
        "content_type": "image",
        "digest": "sha256:f39c8eeadfc81182aaeeb142b196641f7e3dcca5ef278070e0753bd6b784d0c8"
    }
]