[
    {
        "creator": 2215,
        "id": 2110667,
        "images": [
            {
                "architecture": "amd64",
                "features": "",
                "variant": null,
                "digest": "sha256:aed5ae4716bf974c744d181af272be153578c8a13a973d154c86d9d1f1df2f5a",
                "os": "linux",
                "os_features": "",
                "os_version": null,
                "size": 105326780,
                "status": "inactive",
                "last_pulled": null,
                "last_pushed": null
            }
        ],
        "last_updated": "2018-07-17T02:43:02.638286Z",
        "last_updater": 1156886,
        "last_updater_username": "doijanky",
        "name": "1",
        "repository": 545837,
        "full_size": 105326780,
        "v2": true,
        "tag_status": "inactive",
        "tag_last_pulled": null,
        "tag_last_pushed": "2018-07-17T02:43:02.638286Z",
        "media_type": "application/vnd.docker.distribution.manifest.list.v2+json",
        "content_type": "image"
    },
    {
        "creator": 2215,
        "id": 2110672,
        "images": [
            {
                "architecture": "amd64",
                "features": "",
                "variant": null,
                "digest": "sha256:e0eb1230276979dc20c90a1f62deb7f9c9b6c2e2eff3d553ec25601a77103836",
                "os": "linux",
                "os_features": "",
                "os_version": null,
                "size": 115722291,
                "status": "inactive",
                "last_pulled": null,
                "last_pushed": null
            }
        ],
        "last_updated": "2018-07-17T02:43:12.677829Z",
        "last_updater": 1156886,
        "last_updater_username": "doijanky",
        "name": "1-couchperuser",
        "repository": 545837,
        "full_size": 115722291,
        "v2": true,
        "tag_status": "inactive",
        "tag_last_pulled": null,
        "tag_last_pushed": "2018-07-17T02:43:12.677829Z",
        "media_type": "application/vnd.docker.distribution.manifest.list.v2+json",
        "content_type": "image"
    },
    {
        "creator": 2215,
        "id": 2110665,
        "images": [
            {
                "architecture": "amd64",
                "features": "",
                "variant": null,
                "digest": "sha256:827c620e200476d045ca067450590f43595028857073f06af412ec379d89b872",
                "os": "linux",
                "os_features": "",
                "os_version": null,
                "size": 106444114,
                "status": "inactive",
                "last_pulled": null,
                "last_pushed": null
            }
        ],
        "last_updated": "2017-11-04T18:42:20.641757Z",
        "last_updater": 1156886,
        "last_updater_username": "doijanky",
        "name": "1.6",
        "repository": 545837,
        "full_size": 106444114,
        "v2": true,
        "tag_status": "inactive",
        "tag_last_pulled": null,
        "tag_last_pushed": "2017-11-04T18:42:20.641757Z",
        "media_type": "application/vnd.docker.distribution.manifest.list.v2+json",
        "content_type": "image"
    },
    {
        "creator": 2215,
        "id": 2110670,
        "images": [
            {
                "architecture": "amd64",
                "features": "",
                "variant": null,
                "digest": "sha256:91ed58b3ea5aad88e0db0ccfa9c904c20be8f8d1f893ac946d57b649ea152917",
                "os": "linux",
                "os_features": "",
                "os_version": null,
                "size": 116816185,
                "status": "inactive",
                "last_pulled": null,
                "last_pushed": null
            }
        ],
        "last_updated": "2017-11-04T18:42:31.301636Z",
        "last_updater": 1156886,
        "last_updater_username": "doijanky",
        "name": "1.6-couchperuser",
        "repository": 545837,
        "full_size": 116816185,
        "v2": true,
        "tag_status": "inactive",
        "tag_last_pulled": null,
        "tag_last_pushed": "2017-11-04T18:42:31.301636Z",
        "media_type": "application/vnd.docker.distribution.manifest.list.v2+json",
        "content_type": "image"
    },
    {
        "creator": 2215,
        "id": 2110664,
        "images": [
            {
                "architecture": "amd64",
                "features": "",
                "variant": null,
                "digest": "sha256:827c620e200476d045ca067450590f43595028857073f06af412ec379d89b872",
                "os": "linux",
                "os_features": "",
                "os_version": null,
                "size": 106444114,
                "status": "inactive",
                "last_pulled": null,
                "last_pushed": null
            }
        ],
        "last_updated": "2017-11-04T18:42:20.304096Z",
        "last_updater": 1156886,
        "last_updater_username": "doijanky",
        "name": "1.6.1",
        "repository": 545837,
        "full_size": 106444114,
        "v2": true,
        "tag_status": "inactive",
        "tag_last_pulled": null,
        "tag_last_pushed": "2017-11-04T18:42:20.304096Z",
        "media_type": "application/vnd.docker.distribution.manifest.list.v2+json",
        "content_type": "image"
    },
    {
        "creator": 2215,
        "id": 2110669,
        "images": [
            {
                "architecture": "amd64",
                "features": "",
                "variant": null,
                "digest": "sha256:91ed58b3ea5aad88e0db0ccfa9c904c20be8f8d1f893ac946d57b649ea152917",
                "os": "linux",
                "os_features": "",
                "os_version": null,
                "size": 116816185,
                "status": "inactive",
                "last_pulled": null,
                "last_pushed": null
            }
        ],
        "last_updated": "2017-11-04T18:42:32.438208Z",
        "last_updater": 1156886,
        "last_updater_username": "doijanky",
        "name": "1.6.1-couchperuser",
        "repository": 545837,
        "full_size": 116816185,
        "v2": true,
        "tag_status": "inactive",
        "tag_last_pulled": null,
        "tag_last_pushed": "2017-11-04T18:42:32.438208Z",
        "media_type": "application/vnd.docker.distribution.manifest.list.v2+json",
        "content_type": "image"
    },
    {
        "creator": 1156886,
        "id": 17638219,
        "images": [
            {
                "architecture": "amd64",
                "features": "",
                "variant": null,
                "digest": "sha256:aed5ae4716bf974c744d181af272be153578c8a13a973d154c86d9d1f1df2f5a",
                "os": "linux",
                "os_features": "",
                "os_version": null,
                "size": 105326780,
                "status": "inactive",
                "last_pulled": null,
                "last_pushed": null
            }
        ],
        "last_updated": "2018-07-17T02:43:02.306427Z",
        "last_updater": 1156886,
        "last_updater_username": "doijanky",
        "name": "1.7",
        "repository": 545837,
        "full_size": 105326780,
        "v2": true,
        "tag_status": "inactive",
        "tag_last_pulled": null,
        "tag_last_pushed": "2018-07-17T02:43:02.306427Z",
        "media_type": "application/vnd.docker.distribution.manifest.list.v2+json",
        "content_type": "image"
    },
    {
        "creator": 1156886,
        "id": 17638238,
        "images": [
            {
                "architecture": "amd64",
                "features": "",
                "variant": null,
                "digest": "sha256:e0eb1230276979dc20c90a1f62deb7f9c9b6c2e2eff3d553ec25601a77103836",
                "os": "linux",
                "os_features": "",
                "os_version": null,
                "size": 115722291,
                "status": "inactive",
                "last_pulled": null,
                "last_pushed": null
            }
        ],
        "last_updated": "2018-07-17T02:43:12.278963Z",
        "last_updater": 1156886,
        "last_updater_username": "doijanky",
        "name": "1.7-couchperuser",
        "repository": 545837,
        "full_size": 115722291,
        "v2": true,
        "tag_status": "inactive",
        "tag_last_pulled": null,
        "tag_last_pushed": "2018-07-17T02:43:12.278963Z",
        "media_type": "application/vnd.docker.distribution.manifest.list.v2+json",
        "content_type": "image"
    },
    {
        "creator": 1156886,
        "id": 17638218,
        "images": [
            {
                "architecture": "amd64",
                "features": "",
                "variant": null,
                "digest": "sha256:87fcf8995edf9a6ebb76511129d604ef2534fa431b4b5a179c35cdaec41e47e5",
                "os": "linux",
                "os_features": "",
                "os_version": null,
                "size": 105334725,
                "status": "inactive",
                "last_pulled": null,
                "last_pushed": null
            }
        ],
        "last_updated": "2017-11-07T15:42:31.843462Z",
        "last_updater": 1156886,
        "last_updater_username": "doijanky",
        "name": "1.7.0",
        "repository": 545837,
        "full_size": 105334725,
        "v2": true,
        "tag_status": "inactive",
        "tag_last_pulled": null,
        "tag_last_pushed": "2017-11-07T15:42:31.843462Z",
        "media_type": "application/vnd.docker.distribution.manifest.list.v2+json",
        "content_type": "image"
    },
    {
        "creator": 1156886,
        "id": 17638236,
        "images": [
            {
                "architecture": "amd64",
                "features": "",
                "variant": null,
                "digest": "sha256:8431d16df0506108407139214c787e6b92aac1a0341dc2b25d04bd745a4e884c",
                "os": "linux",
                "os_features": "",
                "os_version": null,
                "size": 115707253,
                "status": "inactive",
                "last_pulled": null,
                "last_pushed": null
            }
        ],
        "last_updated": "2017-11-07T15:42:43.005911Z",
        "last_updater": 1156886,
        "last_updater_username": "doijanky",
        "name": "1.7.0-couchperuser",
        "repository": 545837,
        "full_size": 115707253,
        "v2": true,
        "tag_status": "inactive",
        "tag_last_pulled": null,
        "tag_last_pushed": "2017-11-07T15:42:43.005911Z",
        "media_type": "application/vnd.docker.distribution.manifest.list.v2+json",
        "content_type": "image"
    },
    {
        "creator": 1156886,
        "id": 17919840,
        "images": [
            {
                "architecture": "amd64",
                "features": "",
                "variant": null,
                "digest": "sha256:b9f7a22c621d30c6cdff7112ee784d9dee7925e8df3238fe3958ed8e0a002173",
                "os": "linux",
                "os_features": "",
                "os_version": null,
                "size": 105332686,
                "status": "inactive",
                "last_pulled": null,
                "last_pushed": null
            }
        ],
        "last_updated": "2018-06-26T22:42:26.598185Z",
        "last_updater": 1156886,
        "last_updater_username": "doijanky",
        "name": "1.7.1",
        "repository": 545837,
        "full_size": 105332686,
        "v2": true,
        "tag_status": "inactive",
        "tag_last_pulled": null,
        "tag_last_pushed": "2018-06-26T22:42:26.598185Z",
        "media_type": "application/vnd.docker.distribution.manifest.list.v2+json",
        "content_type": "image"
    },
    {
        "creator": 1156886,
        "id": 17919843,
        "images": [
            {
                "architecture": "amd64",
                "features": "",
                "variant": null,
                "digest": "sha256:8cc11579d6f698cf608aa3598e1439c387de81b21e67d7b42a02475fe8c7fd85",
                "os": "linux",
                "os_features": "",
                "os_version": null,
                "size": 115716855,
                "status": "inactive",
                "last_pulled": null,
                "last_pushed": null
            }
        ],
        "last_updated": "2018-06-26T22:42:36.20713Z",
        "last_updater": 1156886,
        "last_updater_username": "doijanky",
        "name": "1.7.1-couchperuser",
        "repository": 545837,
        "full_size": 115716855,
        "v2": true,
        "tag_status": "inactive",
        "tag_last_pulled": null,
        "tag_last_pushed": "2018-06-26T22:42:36.20713Z",
        "media_type": "application/vnd.docker.distribution.manifest.list.v2+json",
        "content_type": "image"
    },
    {
        "creator": 1156886,
        "id": 30758301,
        "images": [
            {
                "architecture": "amd64",
                "features": "",
                "variant": null,
                "digest": "sha256:aed5ae4716bf974c744d181af272be153578c8a13a973d154c86d9d1f1df2f5a",
                "os": "linux",
                "os_features": "",
                "os_version": null,
                "size": 105326780,
                "status": "inactive",
                "last_pulled": null,
                "last_pushed": null
            }
        ],
        "last_updated": "2018-07-17T02:43:02.004856Z",
        "last_updater": 1156886,
        "last_updater_username": "doijanky",
        "name": "1.7.2",
        "repository": 545837,
        "full_size": 105326780,
        "v2": true,
        "tag_status": "inactive",
        "tag_last_pulled": null,
        "tag_last_pushed": "2018-07-17T02:43:02.004856Z",
        "media_type": "application/vnd.docker.distribution.manifest.list.v2+json",
        "content_type": "image"
    },
    {
        "creator": 1156886,
        "id": 30758306,
        "images": [
            {
                "architecture": "amd64",
                "features": "",
                "variant": null,
                "digest": "sha256:e0eb1230276979dc20c90a1f62deb7f9c9b6c2e2eff3d553ec25601a77103836",
                "os": "linux",
                "os_features": "",
                "os_version": null,
                "size": 115722291,
                "status": "inactive",
                "last_pulled": null,
                "last_pushed": null
            }
        ],
        "last_updated": "2018-07-17T02:43:11.967574Z",
        "last_updater": 1156886,
        "last_updater_username": "doijanky",
        "name": "1.7.2-couchperuser",
        "repository": 545837,
        "full_size": 115722291,
        "v2": true,
        "tag_status": "inactive",
        "tag_last_pulled": null,
        "tag_last_pushed": "2018-07-17T02:43:11.967574Z",
        "media_type": "application/vnd.docker.distribution.manifest.list.v2+json",
        "content_type": "image"
    },
    {
        "creator": 1156886,
        "id": 17638205,
        "images": [
            {
                "architecture": "amd64",
                "features": "",
                "variant": null,
                "digest": "sha256:0db0c4109b9256db4371ae20dc048b6ad432d19b3bbbea414f637cb79f7211b0",
                "os": "linux",
                "os_features": "",
                "os_version": null,
                "size": 154565453,
                "status": "inactive",
                "last_pulled": null,
                "last_pushed": null
            }
        ],
        "last_updated": "2018-07-17T01:42:18.989161Z",
        "last_updater": 1156886,
        "last_updater_username": "doijanky",
        "name": "2.1",
        "repository": 545837,
        "full_size": 154565453,
        "v2": true,
        "tag_status": "inactive",
        "tag_last_pulled": null,
        "tag_last_pushed": "2018-07-17T01:42:18.989161Z",
        "media_type": "application/vnd.docker.distribution.manifest.list.v2+json",
        "content_type": "image"
    },
    {
        "creator": 1156886,
        "id": 17638204,
        "images": [
            {
                "architecture": "amd64",
                "features": "",
                "variant": null,
                "digest": "sha256:3853c68780ae091eb3b88e4dd192d2b2c58c991b08a7c1d32dabf86f4b1b2d57",
                "os": "linux",
                "os_features": "",
                "os_version": null,
                "size": 155266390,
                "status": "inactive",
                "last_pulled": null,
                "last_pushed": null
            }
        ],
        "last_updated": "2018-06-26T22:42:17.471931Z",
        "last_updater": 1156886,
        "last_updater_username": "doijanky",
        "name": "2.1.1",
        "repository": 545837,
        "full_size": 155266390,
        "v2": true,
        "tag_status": "inactive",
        "tag_last_pulled": null,
        "tag_last_pushed": "2018-06-26T22:42:17.471931Z",
        "media_type": "application/vnd.docker.distribution.manifest.list.v2+json",
        "content_type": "image"
    },
    {
        "creator": 1156886,
        "id": 30758297,
        "images": [
            {
                "architecture": "amd64",
                "features": "",
                "variant": null,
                "digest": "sha256:0db0c4109b9256db4371ae20dc048b6ad432d19b3bbbea414f637cb79f7211b0",
                "os": "linux",
                "os_features": "",
                "os_version": null,
                "size": 154565453,
                "status": "inactive",
                "last_pulled": null,
                "last_pushed": null
            }
        ],
        "last_updated": "2018-07-17T01:42:18.627071Z",
        "last_updater": 1156886,
        "last_updater_username": "doijanky",
        "name": "2.1.2",
        "repository": 545837,
        "full_size": 154565453,
        "v2": true,
        "tag_status": "inactive",
        "tag_last_pulled": null,
        "tag_last_pushed": "2018-07-17T01:42:18.627071Z",
        "media_type": "application/vnd.docker.distribution.manifest.list.v2+json",
        "content_type": "image"
    },
    {
        "creator": 1156886,
        "id": 32706461,
        "images": [
            {
                "architecture": "amd64",
                "features": "",
                "variant": null,
                "digest": "sha256:269ffb1d6de06ceee9dc67f21ce4c9a98c72c64ae75beb717cd3891f6f17c24b",
                "os": "linux",
                "os_features": "",
                "os_version": null,
                "size": 112318552,
                "status": "inactive",
                "last_pulled": null,
                "last_pushed": null
            }
        ],
        "last_updated": "2018-10-16T01:42:21.021599Z",
        "last_updater": 1156886,
        "last_updater_username": "doijanky",
        "name": "2.2",
        "repository": 545837,
        "full_size": 112318552,
        "v2": true,
        "tag_status": "inactive",
        "tag_last_pulled": null,
        "tag_last_pushed": "2018-10-16T01:42:21.021599Z",
        "media_type": "application/vnd.docker.distribution.manifest.list.v2+json",
        "content_type": "image"
    },
    {
        "creator": 1156886,
        "id": 32706460,
        "images": [
            {
                "architecture": "amd64",
                "features": "",
                "variant": null,
                "digest": "sha256:269ffb1d6de06ceee9dc67f21ce4c9a98c72c64ae75beb717cd3891f6f17c24b",
                "os": "linux",
                "os_features": "",
                "os_version": null,
                "size": 112318552,
                "status": "inactive",
                "last_pulled": null,
                "last_pushed": null
            }
        ],
        "last_updated": "2018-10-16T01:42:20.643933Z",
        "last_updater": 1156886,
        "last_updater_username": "doijanky",
        "name": "2.2.0",
        "repository": 545837,
        "full_size": 112318552,
        "v2": true,
        "tag_status": "inactive",
        "tag_last_pulled": null,
        "tag_last_pushed": "2018-10-16T01:42:20.643933Z",
        "media_type": "application/vnd.docker.distribution.manifest.list.v2+json",
        "content_type": "image"
    },
    {
        "creator": 1156886,
        "id": 41712756,
        "images": [
            {
                "architecture": "amd64",
                "features": "",
                "variant": null,
                "digest": "sha256:4b63800b20f5457673fef2fb2c95f45aea8a7edc1f79638ac0c2c9cab2094b06",
                "os": "linux",
                "os_features": "",
                "os_version": null,
                "size": 86383094,
                "status": "active",
                "last_pulled": "2024-01-20T08:05:03.435509Z",
                "last_pushed": null
            }
        ],
        "last_updated": "2020-02-26T02:33:53.228417Z",
        "last_updater": 1156886,
        "last_updater_username": "doijanky",
        "name": "2.3.0",
        "repository": 545837,
        "full_size": 86383094,
        "v2": true,
        "tag_status": "active",
        "tag_last_pulled": "2024-01-20T08:05:03.435509Z",
        "tag_last_pushed": "2020-02-26T02:33:53.228417Z",
        "media_type": "application/vnd.docker.distribution.manifest.list.v2+json",
        "content_type": "image"
    },
    {
        "creator": 1156886,
        "id": 88483800,
        "images": [
            {
                "architecture": "arm64",
                "features": "",
                "variant": "v8",
                "digest": "sha256:dfd488e85e432a3d155126e8d365c3335015d3709698637358e9556172a75de4",
                "os": "linux",
                "os_features": "",
                "os_version": null,
                "size": 78310570,
                "status": "active",
                "last_pulled": "2024-01-11T22:26:21.670693Z",
                "last_pushed": "2021-06-23T00:38:34.572253Z"
            },
            {
                "architecture": "amd64",
                "features": "",
                "variant": null,
                "digest": "sha256:0c8f029fd0d85071ff59951e973818c323de4ba93b062d8bdc4b506c593746e3",
                "os": "linux",
                "os_features": "",
                "os_version": null,
                "size": 83269998,
                "status": "active",
                "last_pulled": "2024-01-19T15:56:09.376387Z",
                "last_pushed": "2021-06-23T06:14:01.851209Z"
            }
        ],
        "last_updated": "2021-06-23T06:14:04.045114Z",
        "last_updater": 1156886,
        "last_updater_username": "doijanky",
        "name": "3.0",
        "repository": 545837,
        "full_size": 83269998,
        "v2": true,
        "tag_status": "active",
        "tag_last_pulled": "2024-01-19T15:56:09.376387Z",
        "tag_last_pushed": "2021-06-23T06:14:04.045114Z",
        "media_type": "application/vnd.docker.distribution.manifest.list.v2+json",
        "content_type": "image"
    },
    {
        "creator": 1156886,
        "id": 88483809,
        "images": [
            {
                "architecture": "ppc64le",
                "features": "",
                "variant": null,
                "digest": "sha256:bce588a37a2503fbe6ee71b781ddc5ff4730d8de76f988eab9be97bc32559ffd",
                "os": "linux",
                "os_features": "",
                "os_version": null,
                "size": 87505275,
                "status": "active",
                "last_pulled": "2024-01-16T07:55:47.894619Z",
                "last_pushed": null
            },
            {
                "architecture": "arm64",
                "features": "",
                "variant": "v8",
                "digest": "sha256:628a4cefca66a51cee6d6768ba00e1e3965a6d77bdd0f65d58384ab1ed46be78",
                "os": "linux",
                "os_features": "",
                "os_version": null,
                "size": 77296054,
                "status": "active",
                "last_pulled": "2024-01-06T23:16:22.087717Z",
                "last_pushed": null
            },
            {
                "architecture": "amd64",
                "features": "",
                "variant": null,
                "digest": "sha256:81d9e866f5bc9a64d8032882367ee9eb67ec1dbcac018c153ee7f77bfcafd2e6",
                "os": "linux",
                "os_features": "",
                "os_version": null,
                "size": 82338163,
                "status": "active",
                "last_pulled": "2024-01-19T15:29:44.783283Z",
                "last_pushed": null
            }
        ],
        "last_updated": "2020-04-23T04:34:03.792474Z",
        "last_updater": 1156886,
        "last_updater_username": "doijanky",
        "name": "3.0.0",
        "repository": 545837,
        "full_size": 82338163,
        "v2": true,
        "tag_status": "active",
        "tag_last_pulled": "2024-01-19T15:29:44.783283Z",
        "tag_last_pushed": "2020-04-23T04:34:03.792474Z",
        "media_type": "application/vnd.docker.distribution.manifest.list.v2+json",
        "content_type": "image"
    },
    {
        "creator": 1156886,
        "id": 99020298,
        "images": [
            {
                "architecture": "arm64",
                "features": "",
                "variant": "v8",
                "digest": "sha256:dfd488e85e432a3d155126e8d365c3335015d3709698637358e9556172a75de4",
                "os": "linux",
                "os_features": "",
                "os_version": null,
                "size": 78310570,
                "status": "active",
                "last_pulled": "2024-01-11T22:26:21.670693Z",
                "last_pushed": "2021-06-23T00:38:34.572253Z"
            },
            {
                "architecture": "amd64",
                "features": "",
                "variant": null,
                "digest": "sha256:0c8f029fd0d85071ff59951e973818c323de4ba93b062d8bdc4b506c593746e3",
                "os": "linux",
                "os_features": "",
                "os_version": null,
                "size": 83269998,
                "status": "active",
                "last_pulled": "2024-01-19T15:56:09.376387Z",
                "last_pushed": "2021-06-23T06:14:01.851209Z"
            }
        ],
        "last_updated": "2021-06-23T06:14:06.957184Z",
        "last_updater": 1156886,
        "last_updater_username": "doijanky",
        "name": "3.0.1",
        "repository": 545837,
        "full_size": 83269998,
        "v2": true,
        "tag_status": "active",
        "tag_last_pulled": "2024-01-19T15:56:09.376387Z",
        "tag_last_pushed": "2021-06-23T06:14:06.957184Z",
        "media_type": "application/vnd.docker.distribution.manifest.list.v2+json",
        "content_type": "image"
    },
    {
        "creator": 1156886,
        "id": 99020311,
        "images": [
            {
                "architecture": "amd64",
                "features": "",
                "variant": null,
                "digest": "sha256:82322fc9eafb737784eb58044669c0bcdb8bb85e2565245ae5fa09723baac209",
                "os": "linux",
                "os_features": "",
                "os_version": null,
                "size": 83237764,
                "status": "active",
                "last_pulled": "2024-01-20T06:35:23.652312Z",
                "last_pushed": null
            },
            {
                "architecture": "arm64",
                "features": "",
                "variant": "v8",
                "digest": "sha256:4069af54b87095c432037ff292fdf5c076e3c24eb7decd56112e122daac2a894",
                "os": "linux",
                "os_features": "",
                "os_version": null,
                "size": 78293970,
                "status": "active",
                "last_pulled": "2024-01-18T19:57:27.229678Z",
                "last_pushed": null
            },
            {
                "architecture": "ppc64le",
                "features": "",
                "variant": null,
                "digest": "sha256:1525fdd59414938de98777624b4f7a1724954ac0a63e0001fc7fcd1aa45affcb",
                "os": "linux",
                "os_features": "",
                "os_version": null,
                "size": 88393035,
                "status": "active",
                "last_pulled": "2024-01-18T19:57:27.778315Z",
                "last_pushed": null
            }
        ],
        "last_updated": "2020-09-10T22:34:07.231201Z",
        "last_updater": 1156886,
        "last_updater_username": "doijanky",
        "name": "3.1.0",
        "repository": 545837,
        "full_size": 0,
        "v2": true,
        "tag_status": "active",
        "tag_last_pulled": "2024-01-20T06:35:23.652312Z",
        "tag_last_pushed": "2020-09-10T22:34:07.231201Z",
        "media_type": "application/vnd.docker.distribution.manifest.list.v2+json",
        "content_type": "image"
    },
    {
        "creator": 1156886,
        "id": 117891704,
        "images": [
            {
                "architecture": "amd64",
                "features": "",
                "variant": null,
                "digest": "sha256:ca88e0f690f425cdd99b368073320f197317bed549d5560e0bdcf7877ff2918c",
                "os": "linux",
                "os_features": "",
                "os_version": null,
                "size": 83772106,
                "status": "active",
                "last_pulled": "2024-01-20T07:37:07.572396Z",
                "last_pushed": "2021-09-28T02:25:44.866944Z"
            },
            {
                "architecture": "arm64",
                "features": "",
                "variant": "v8",
                "digest": "sha256:c8203604e2555cdaa201d2f33fddc1b684533ab522103424169d7667af043dc8",
                "os": "linux",
                "os_features": "",
                "os_version": null,
                "size": 78787285,
                "status": "active",
                "last_pulled": "2024-01-20T07:31:27.303443Z",
                "last_pushed": "2021-09-28T02:25:46.334903Z"
            }
        ],
        "last_updated": "2021-09-28T02:25:53.636459Z",
        "last_updater": 1156886,
        "last_updater_username": "doijanky",
        "name": "3.1.1",
        "repository": 545837,
        "full_size": 83772106,
        "v2": true,
        "tag_status": "active",
        "tag_last_pulled": "2024-01-20T07:37:07.572396Z",
        "tag_last_pushed": "2021-09-28T02:25:53.636459Z",
        "media_type": "application/vnd.docker.distribution.manifest.list.v2+json",
        "content_type": "image"
    },
    {
        "creator": 1156886,
        "id": 171227125,
        "images": [
            {
                "architecture": "amd64",
                "features": "",
                "variant": null,
                "digest": "sha256:658ef40b47f068cdbc8e8a069d18e72df1a37c38f26890e7e2543decc24246fe",
                "os": "linux",
                "os_features": "",
                "os_version": null,
                "size": 80555365,
                "status": "active",
                "last_pulled": "2024-01-20T00:04:51.600718Z",
                "last_pushed": "2021-12-21T02:27:32.34066Z"
            },
            {
                "architecture": "arm64",
                "features": "",
                "variant": "v8",
                "digest": "sha256:869f47e225975cb48c3eb1031664774c529080c0d6f9a71f3fcb404a698d4a6d",
                "os": "linux",
                "os_features": "",
                "os_version": null,
                "size": 75231146,
                "status": "active",
                "last_pulled": "2024-01-16T12:32:35.853049Z",
                "last_pushed": "2021-12-21T11:04:05.460532Z"
            }
        ],
        "last_updated": "2021-12-21T11:04:27.20749Z",
        "last_updater": 1156886,
        "last_updater_username": "doijanky",
        "name": "3.2.0",
        "repository": 545837,
        "full_size": 80555365,
        "v2": true,
        "tag_status": "active",
        "tag_last_pulled": "2024-01-20T00:04:51.600718Z",
        "tag_last_pushed": "2021-12-21T11:04:27.20749Z",
        "media_type": "application/vnd.docker.distribution.manifest.list.v2+json",
        "content_type": "image"
    },
    {
        "creator": 1156886,
        "id": 185857823,
        "images": [
            {
                "architecture": "amd64",
                "features": "",
                "variant": null,
                "digest": "sha256:2c96232290fe0414177909bdb8c30224af32c2f8f7031d868fb832ffaac6cc4f",
                "os": "linux",
                "os_features": "",
                "os_version": null,
                "size": 87451684,
                "status": "active",
                "last_pulled": "2024-01-20T07:56:45.979736Z",
                "last_pushed": "2022-04-20T07:22:53.250177Z"
            },
            {
                "architecture": "arm64",
                "features": "",
                "variant": "v8",
                "digest": "sha256:b1ce2bd46ec5ea9656d89ee31fb5ddb80f5bbb18c24b38536eab91423bd75654",
                "os": "linux",
                "os_features": "",
                "os_version": null,
                "size": 85383029,
                "status": "active",
                "last_pulled": "2024-01-19T21:52:41.104386Z",
                "last_pushed": "2022-04-20T07:22:54.912878Z"
            },
            {
                "architecture": "ppc64le",
                "features": "",
                "variant": null,
                "digest": "sha256:1c4f2cdf4fd85d3542f9d953a52e34ec350bdd9bdef6bc2319852c03a79ea3ba",
                "os": "linux",
                "os_features": "",
                "os_version": null,
                "size": 93170578,
                "status": "active",
                "last_pulled": "2024-01-16T12:32:40.571822Z",
                "last_pushed": "2022-04-20T17:58:54.757093Z"
            }
        ],
        "last_updated": "2022-04-20T17:59:04.554835Z",
        "last_updater": 1156886,
        "last_updater_username": "doijanky",
        "name": "3.2.1",
        "repository": 545837,
        "full_size": 87451684,
        "v2": true,
        "tag_status": "active",
        "tag_last_pulled": "2024-01-20T07:56:45.979736Z",
        "tag_last_pushed": "2022-04-20T17:59:04.554835Z",
        "media_type": "application/vnd.docker.distribution.manifest.list.v2+json",
        "content_type": "image"
    }
]