[
    {
        "creator": 1156886,
        "id": 190381965,
        "images": [
            {
                "architecture": "amd64",
                "features": "",
                "variant": null,
                "digest": "sha256:eb916dab11928d8fdf8207c2e7d8a936a70055e219d9e92807315fb4c4380ba9",
                "os": "linux",
                "os_features": "",
                "os_version": null,
                "size": 7491291,
                "status": "active",
                "last_pulled": "2024-01-13T06:28:08.295883Z",
                "last_pushed": "2022-04-05T04:16:45.458935Z"
            },
            {
                "architecture": "arm64",
                "features": "",
                "variant": "v8",
                "digest": "sha256:de3872cfdd407c0ce62254dcabedb24375ec3691febeafc08dccf21340696c2a",
                "os": "linux",
                "os_features": "",
                "os_version": null,
                "size": 7104195,
                "status": "active",
                "last_pulled": "2024-01-04T21:18:38.44639Z",
                "last_pushed": "2022-04-05T07:52:45.906234Z"
            }
        ],
        "last_updated": "2022-04-05T07:52:47.9899Z",
        "last_updater": 1156886,
        "last_updater_username": "doijanky",
        "name": "0.6.7",
        "repository": 16379579,
        "full_size": 7491291,
        "v2": true,
        "tag_status": "active",
        "tag_last_pulled": "2024-01-13T06:28:08.295883Z",
        "tag_last_pushed": "2022-04-05T07:52:47.9899Z",
        "media_type": "application/vnd.docker.distribution.manifest.list.v2+json",
        "content_type": "image"
    },
    {
        "creator": 1156886,
        "id": 202436534,
        "images": [
            {
                "architecture": "amd64",
                "features": "",
                "variant": null,
                "digest": "sha256:c2ddf78dead8053c2fc2934c8596e081ac575a6f0fdd35f4824703681e3728f0",
                "os": "linux",
                "os_features": "",
                "os_version": null,
                "size": 7579923,
                "status": "active",
                "last_pulled": "2024-01-20T05:27:56.90702Z",
                "last_pushed": "2022-08-09T18:03:22.719916Z"
            },
            {
                "architecture": "arm64",
                "features": "",
                "variant": "v8",
                "digest": "sha256:b7aee27e00caef24ca96b57665bb144b9b439e23dc3812091db6d66ce792fcac",
                "os": "linux",
                "os_features": "",
                "os_version": null,
                "size": 7180199,
                "status": "active",
                "last_pulled": "2024-01-04T21:18:24.716984Z",
                "last_pushed": "2022-08-10T05:24:35.452265Z"
            },
            {
                "architecture": "386",
                "features": "",
                "variant": null,
                "digest": "sha256:1018c58d71d209d919edbefe6067b4797c7c01fcf44e699c55fb80c3a0207067",
                "os": "linux",
                "os_features": "",
                "os_version": null,
                "size": 7368628,
                "status": "active",
                "last_pulled": "2024-01-04T21:18:24.839624Z",
                "last_pushed": "2022-08-09T18:03:23.845679Z"
            }
        ],
        "last_updated": "2022-08-10T05:24:37.891689Z",
        "last_updater": 1156886,
        "last_updater_username": "doijanky",
        "name": "0.6.8",
        "repository": 16379579,
        "full_size": 7579923,
        "v2": true,
        "tag_status": "active",
        "tag_last_pulled": "2024-01-20T05:27:56.90702Z",
        "tag_last_pushed": "2022-08-10T05:24:37.891689Z",
        "media_type": "application/vnd.docker.distribution.manifest.list.v2+json",
        "content_type": "image",
        "digest": "sha256:6b3d2740bfc64a423a36c112c5a712d6178139c980e65b417965fb5dd6c7fb93"
    }
]