{
  "SchemaVersion": 2,
  "CreatedAt": "2024-02-24T22:56:51.385816885Z",
  "ArtifactName": "library/docker:latest",
  "ArtifactType": "container_image",
  "Metadata": {
    "OS": {
      "Family": "alpine",
      "Name": "3.19.1"
    },
    "ImageID": "sha256:d3b387d14444d12d78d4f7f12d83c139c75ed662369e06d2a90b8a2f1743cabc",
    "DiffIDs": [
      "sha256:d4fc045c9e3a848011de66f34b81f052d4f2c15a17bb196d637e526349601820",
      "sha256:bdba69c5ff112615ceb9ce6bfecbdf33c6f999b22c0fefebd082f808e14b3d1f",
      "sha256:5f70bf18a086007016e948b04aed3b82103a36bea41755b6cddfaf10ace3c6ef",
      "sha256:3e3d071d638272618cf15e70291253b65d6907eff11d586fcd82efa1f7e23180",
      "sha256:9952071a4965471a7854685e9240b7595c3e6611e525c52acccef1d6173d2bf1",
      "sha256:c15d37fb0e7f03a77345c0c4aeb76ee18cc6cf9d568b1ae62833155cd084d955",
      "sha256:1bfcba507430c905a69b65bc8d5405e0779961d98e8dc8c86ea65ab9dedb54a4",
      "sha256:8b2fa7ba26d7b87d1610fc817194e3b917c76b742cca02c813a3909639950ab0",
      "sha256:088654677ad6dc12ab66377b2985e9f4f1a6ff90fb2d69f86b16adc90b7281b8",
      "sha256:ef392d924553ca8490a0fdb0ec5fbd62cce1800aaa2cc5b76626e5a708c49329",
      "sha256:8bdd7a7939d389682fad3769c20dcddfafba69aef000deed6a2f6dd5646cd100",
      "sha256:d9692b9008b220f4dc0c19fa9c66bd8fbe213bc65c20b60b21d4685105c7eb77",
      "sha256:3aa83604a18536491610bda3b6a9d573e3342c764064337cf13980be6a99a9f5",
      "sha256:2a2f32ed0233554f6edf57cd68a0d9434dcc3797e34c4b14bfe6729d6116fc4d",
      "sha256:045ab571a95b3aa4e0e8747384bea4e3f984092f4f11368dc544195bdacd41c0",
      "sha256:59c827447e6b230babeebf51a8ee73bebf8bc85662f4a9232abefdfe2d9260fc"
    ],
    "RepoTags": [
      "docker:latest"
    ],
    "RepoDigests": [
      "docker@sha256:f837abeefde97276de9505056743c602d6938d2b49b2066bee3ae3b359ec8b78"
    ],
    "ImageConfig": {
      "architecture": "amd64",
      "created": "2024-02-07T00:56:51Z",
      "history": [
        {
          "created": "2024-01-27T00:30:48Z",
          "created_by": "/bin/sh -c #(nop) ADD file:37a76ec18f9887751cd8473744917d08b7431fc4085097bb6a09d81b41775473 in / "
        },
        {
          "created": "2024-01-27T00:30:48Z",
          "created_by": "/bin/sh -c #(nop)  CMD [\"/bin/sh\"]",
          "empty_layer": true
        },
        {
          "created": "2024-02-07T00:56:51Z",
          "created_by": "RUN /bin/sh -c apk add --no-cache \t\tca-certificates \t\topenssh-client # buildkit",
          "comment": "buildkit.dockerfile.v0"
        },
        {
          "created": "2024-02-07T00:56:51Z",
          "created_by": "RUN /bin/sh -c [ -e /etc/nsswitch.conf ] \u0026\u0026 grep '^hosts: files dns' /etc/nsswitch.conf # buildkit",
          "comment": "buildkit.dockerfile.v0"
        },
        {
          "created": "2024-02-07T00:56:51Z",
          "created_by": "RUN /bin/sh -c set -eux; \taddgroup -g 2375 -S docker # buildkit",
          "comment": "buildkit.dockerfile.v0"
        },
        {
          "created": "2024-02-07T00:56:51Z",
          "created_by": "ENV DOCKER_VERSION=25.0.3",
          "comment": "buildkit.dockerfile.v0",
          "empty_layer": true
        },
        {
          "created": "2024-02-07T00:56:51Z",
          "created_by": "RUN /bin/sh -c set -eux; \t\tapkArch=\"$(apk --print-arch)\"; \tcase \"$apkArch\" in \t\t'x86_64') \t\t\turl='https://download.docker.com/linux/static/stable/x86_64/docker-25.0.3.tgz'; \t\t\t;; \t\t'armhf') \t\t\turl='https://download.docker.com/linux/static/stable/armel/docker-25.0.3.tgz'; \t\t\t;; \t\t'armv7') \t\t\turl='https://download.docker.com/linux/static/stable/armhf/docker-25.0.3.tgz'; \t\t\t;; \t\t'aarch64') \t\t\turl='https://download.docker.com/linux/static/stable/aarch64/docker-25.0.3.tgz'; \t\t\t;; \t\t*) echo \u003e\u00262 \"error: unsupported 'docker.tgz' architecture ($apkArch)\"; exit 1 ;; \tesac; \t\twget -O 'docker.tgz' \"$url\"; \t\ttar --extract \t\t--file docker.tgz \t\t--strip-components 1 \t\t--directory /usr/local/bin/ \t\t--no-same-owner \t\t'docker/docker' \t; \trm docker.tgz; \t\tdocker --version # buildkit",
          "comment": "buildkit.dockerfile.v0"
        },
        {
          "created": "2024-02-07T00:56:51Z",
          "created_by": "ENV DOCKER_BUILDX_VERSION=0.12.1",
          "comment": "buildkit.dockerfile.v0",
          "empty_layer": true
        },
        {
          "created": "2024-02-07T00:56:51Z",
          "created_by": "RUN /bin/sh -c set -eux; \t\tapkArch=\"$(apk --print-arch)\"; \tcase \"$apkArch\" in \t\t'x86_64') \t\t\turl='https://github.com/docker/buildx/releases/download/v0.12.1/buildx-v0.12.1.linux-amd64'; \t\t\tsha256='716321df8ca9c82ffe96f37e9f4aa1199d4969795836dbd57ef72d12e3ac5085'; \t\t\t;; \t\t'armhf') \t\t\turl='https://github.com/docker/buildx/releases/download/v0.12.1/buildx-v0.12.1.linux-arm-v6'; \t\t\tsha256='4b3c78b59c0383ab21327e2902af2ea317e3b85e442b1cd776f0c2a7bbbb2999'; \t\t\t;; \t\t'armv7') \t\t\turl='https://github.com/docker/buildx/releases/download/v0.12.1/buildx-v0.12.1.linux-arm-v7'; \t\t\tsha256='fe0a9e7812051a72c47d009bf9373e76e23644cc3291c848ac4a9b6f237e9e75'; \t\t\t;; \t\t'aarch64') \t\t\turl='https://github.com/docker/buildx/releases/download/v0.12.1/buildx-v0.12.1.linux-arm64'; \t\t\tsha256='fb72d627f2ee080bba70375c367f4292867821e29ca9a8cf485622f6ede8f436'; \t\t\t;; \t\t'ppc64le') \t\t\turl='https://github.com/docker/buildx/releases/download/v0.12.1/buildx-v0.12.1.linux-ppc64le'; \t\t\tsha256='1c649498d727183d82fb243e08856533ea90e8d63bfcd6f8b23b264dbcf7ea7a'; \t\t\t;; \t\t'riscv64') \t\t\turl='https://github.com/docker/buildx/releases/download/v0.12.1/buildx-v0.12.1.linux-riscv64'; \t\t\tsha256='152e7b423c1ce888eb0a658321eb8c28cc1d09af01acd5c66eddf8474dddf55c'; \t\t\t;; \t\t's390x') \t\t\turl='https://github.com/docker/buildx/releases/download/v0.12.1/buildx-v0.12.1.linux-s390x'; \t\t\tsha256='acee98a9f0550bf2c6c1161cf8067c031ddf0c566c41de7db27847bb72e8ee0b'; \t\t\t;; \t\t*) echo \u003e\u00262 \"warning: unsupported 'docker-buildx' architecture ($apkArch); skipping\"; exit 0 ;; \tesac; \t\twget -O 'docker-buildx' \"$url\"; \techo \"$sha256 *\"'docker-buildx' | sha256sum -c -; \t\tplugin='/usr/local/libexec/docker/cli-plugins/docker-buildx'; \tmkdir -p \"$(dirname \"$plugin\")\"; \tmv -vT 'docker-buildx' \"$plugin\"; \tchmod +x \"$plugin\"; \t\tdocker buildx version # buildkit",
          "comment": "buildkit.dockerfile.v0"
        },
        {
          "created": "2024-02-07T00:56:51Z",
          "created_by": "ENV DOCKER_COMPOSE_VERSION=2.24.6",
          "comment": "buildkit.dockerfile.v0",
          "empty_layer": true
        },
        {
          "created": "2024-02-07T00:56:51Z",
          "created_by": "RUN /bin/sh -c set -eux; \t\tapkArch=\"$(apk --print-arch)\"; \tcase \"$apkArch\" in \t\t'x86_64') \t\t\turl='https://github.com/docker/compose/releases/download/v2.24.6/docker-compose-linux-x86_64'; \t\t\tsha256='eca30ae32dc451f9e6d6c8ddce078a76f23b355c3ca0ab391d58f59e87c0d310'; \t\t\t;; \t\t'armhf') \t\t\turl='https://github.com/docker/compose/releases/download/v2.24.6/docker-compose-linux-armv6'; \t\t\tsha256='9cf3bd154108919fe93e3b06045a88da83b06f2d7799f300d2101e836a593436'; \t\t\t;; \t\t'armv7') \t\t\turl='https://github.com/docker/compose/releases/download/v2.24.6/docker-compose-linux-armv7'; \t\t\tsha256='14e1cae9322dee586dec2cf0026a2c039fd834fd6d27a14ef875e51f0aafe1a6'; \t\t\t;; \t\t'aarch64') \t\t\turl='https://github.com/docker/compose/releases/download/v2.24.6/docker-compose-linux-aarch64'; \t\t\tsha256='05b91fcc38d80378508dc42e027fa71f13431bdd3247139e51fa084e95c3de9c'; \t\t\t;; \t\t'ppc64le') \t\t\turl='https://github.com/docker/compose/releases/download/v2.24.6/docker-compose-linux-ppc64le'; \t\t\tsha256='beb103c13748f381a6aee542ae15ca626a2d60867ddc20afa2409128affe83c9'; \t\t\t;; \t\t'riscv64') \t\t\turl='https://github.com/docker/compose/releases/download/v2.24.6/docker-compose-linux-riscv64'; \t\t\tsha256='92a33146cbec3f4c02c5d967d21d28516b0273e34c183fe9133eaa82a9606677'; \t\t\t;; \t\t's390x') \t\t\turl='https://github.com/docker/compose/releases/download/v2.24.6/docker-compose-linux-s390x'; \t\t\tsha256='1b4932489acfe35044eb924a1d6b4ed9047cd909b90b19008fb321998d9c178d'; \t\t\t;; \t\t*) echo \u003e\u00262 \"warning: unsupported 'docker-compose' architecture ($apkArch); skipping\"; exit 0 ;; \tesac; \t\twget -O 'docker-compose' \"$url\"; \techo \"$sha256 *\"'docker-compose' | sha256sum -c -; \t\tplugin='/usr/local/libexec/docker/cli-plugins/docker-compose'; \tmkdir -p \"$(dirname \"$plugin\")\"; \tmv -vT 'docker-compose' \"$plugin\"; \tchmod +x \"$plugin\"; \t\tln -sv \"$plugin\" /usr/local/bin/; \tdocker-compose --version; \tdocker compose version # buildkit",
          "comment": "buildkit.dockerfile.v0"
        },
        {
          "created": "2024-02-07T00:56:51Z",
          "created_by": "COPY modprobe.sh /usr/local/bin/modprobe # buildkit",
          "comment": "buildkit.dockerfile.v0"
        },
        {
          "created": "2024-02-07T00:56:51Z",
          "created_by": "COPY docker-entrypoint.sh /usr/local/bin/ # buildkit",
          "comment": "buildkit.dockerfile.v0"
        },
        {
          "created": "2024-02-07T00:56:51Z",
          "created_by": "ENV DOCKER_TLS_CERTDIR=/certs",
          "comment": "buildkit.dockerfile.v0",
          "empty_layer": true
        },
        {
          "created": "2024-02-07T00:56:51Z",
          "created_by": "RUN /bin/sh -c mkdir /certs /certs/client \u0026\u0026 chmod 1777 /certs /certs/client # buildkit",
          "comment": "buildkit.dockerfile.v0"
        },
        {
          "created": "2024-02-07T00:56:51Z",
          "created_by": "ENTRYPOINT [\"docker-entrypoint.sh\"]",
          "comment": "buildkit.dockerfile.v0",
          "empty_layer": true
        },
        {
          "created": "2024-02-07T00:56:51Z",
          "created_by": "CMD [\"sh\"]",
          "comment": "buildkit.dockerfile.v0",
          "empty_layer": true
        },
        {
          "created": "2024-02-07T00:56:51Z",
          "created_by": "RUN /bin/sh -c set -eux; \tapk add --no-cache \t\tbtrfs-progs \t\te2fsprogs \t\te2fsprogs-extra \t\tip6tables \t\tiptables \t\topenssl \t\tshadow-uidmap \t\txfsprogs \t\txz \t\tpigz \t; \tif zfs=\"$(apk info --no-cache --quiet zfs)\" \u0026\u0026 [ -n \"$zfs\" ]; then \t\tapk add --no-cache zfs; \tfi # buildkit",
          "comment": "buildkit.dockerfile.v0"
        },
        {
          "created": "2024-02-07T00:56:51Z",
          "created_by": "RUN /bin/sh -c set -eux; \tapk add --no-cache iptables-legacy; \tmkdir -p /usr/local/sbin/.iptables-legacy; \tfor f in \t\tiptables \t\tiptables-save \t\tiptables-restore \t\tip6tables \t\tip6tables-save \t\tip6tables-restore \t; do \t\tb=\"/sbin/${f/tables/tables-legacy}\"; \t\t\"$b\" --version; \t\tln -svT \"$b\" \"/usr/local/sbin/.iptables-legacy/$f\"; \tdone; \texport PATH=\"/usr/local/sbin/.iptables-legacy:$PATH\"; \tiptables --version | grep legacy # buildkit",
          "comment": "buildkit.dockerfile.v0"
        },
        {
          "created": "2024-02-07T00:56:51Z",
          "created_by": "RUN /bin/sh -c set -eux; \taddgroup -S dockremap; \tadduser -S -G dockremap dockremap; \techo 'dockremap:165536:65536' \u003e\u003e /etc/subuid; \techo 'dockremap:165536:65536' \u003e\u003e /etc/subgid # buildkit",
          "comment": "buildkit.dockerfile.v0"
        },
        {
          "created": "2024-02-07T00:56:51Z",
          "created_by": "RUN /bin/sh -c set -eux; \t\tapkArch=\"$(apk --print-arch)\"; \tcase \"$apkArch\" in \t\t'x86_64') \t\t\turl='https://download.docker.com/linux/static/stable/x86_64/docker-25.0.3.tgz'; \t\t\t;; \t\t'armhf') \t\t\turl='https://download.docker.com/linux/static/stable/armel/docker-25.0.3.tgz'; \t\t\t;; \t\t'armv7') \t\t\turl='https://download.docker.com/linux/static/stable/armhf/docker-25.0.3.tgz'; \t\t\t;; \t\t'aarch64') \t\t\turl='https://download.docker.com/linux/static/stable/aarch64/docker-25.0.3.tgz'; \t\t\t;; \t\t*) echo \u003e\u00262 \"error: unsupported 'docker.tgz' architecture ($apkArch)\"; exit 1 ;; \tesac; \t\twget -O 'docker.tgz' \"$url\"; \t\ttar --extract \t\t--file docker.tgz \t\t--strip-components 1 \t\t--directory /usr/local/bin/ \t\t--no-same-owner \t\t--exclude 'docker/docker' \t; \trm docker.tgz; \t\tdockerd --version; \tcontainerd --version; \tctr --version; \trunc --version # buildkit",
          "comment": "buildkit.dockerfile.v0"
        },
        {
          "created": "2024-02-07T00:56:51Z",
          "created_by": "ENV DIND_COMMIT=65cfcc28ab37cb75e1560e4b4738719c07c6618e",
          "comment": "buildkit.dockerfile.v0",
          "empty_layer": true
        },
        {
          "created": "2024-02-07T00:56:51Z",
          "created_by": "RUN /bin/sh -c set -eux; \twget -O /usr/local/bin/dind \"https://raw.githubusercontent.com/docker/docker/${DIND_COMMIT}/hack/dind\"; \tchmod +x /usr/local/bin/dind # buildkit",
          "comment": "buildkit.dockerfile.v0"
        },
        {
          "created": "2024-02-07T00:56:51Z",
          "created_by": "COPY dockerd-entrypoint.sh /usr/local/bin/ # buildkit",
          "comment": "buildkit.dockerfile.v0"
        },
        {
          "created": "2024-02-07T00:56:51Z",
          "created_by": "VOLUME [/var/lib/docker]",
          "comment": "buildkit.dockerfile.v0",
          "empty_layer": true
        },
        {
          "created": "2024-02-07T00:56:51Z",
          "created_by": "EXPOSE map[2375/tcp:{} 2376/tcp:{}]",
          "comment": "buildkit.dockerfile.v0",
          "empty_layer": true
        },
        {
          "created": "2024-02-07T00:56:51Z",
          "created_by": "ENTRYPOINT [\"dockerd-entrypoint.sh\"]",
          "comment": "buildkit.dockerfile.v0",
          "empty_layer": true
        },
        {
          "created": "2024-02-07T00:56:51Z",
          "created_by": "CMD []",
          "comment": "buildkit.dockerfile.v0",
          "empty_layer": true
        }
      ],
      "os": "linux",
      "rootfs": {
        "type": "layers",
        "diff_ids": [
          "sha256:d4fc045c9e3a848011de66f34b81f052d4f2c15a17bb196d637e526349601820",
          "sha256:bdba69c5ff112615ceb9ce6bfecbdf33c6f999b22c0fefebd082f808e14b3d1f",
          "sha256:5f70bf18a086007016e948b04aed3b82103a36bea41755b6cddfaf10ace3c6ef",
          "sha256:3e3d071d638272618cf15e70291253b65d6907eff11d586fcd82efa1f7e23180",
          "sha256:9952071a4965471a7854685e9240b7595c3e6611e525c52acccef1d6173d2bf1",
          "sha256:c15d37fb0e7f03a77345c0c4aeb76ee18cc6cf9d568b1ae62833155cd084d955",
          "sha256:1bfcba507430c905a69b65bc8d5405e0779961d98e8dc8c86ea65ab9dedb54a4",
          "sha256:8b2fa7ba26d7b87d1610fc817194e3b917c76b742cca02c813a3909639950ab0",
          "sha256:088654677ad6dc12ab66377b2985e9f4f1a6ff90fb2d69f86b16adc90b7281b8",
          "sha256:ef392d924553ca8490a0fdb0ec5fbd62cce1800aaa2cc5b76626e5a708c49329",
          "sha256:8bdd7a7939d389682fad3769c20dcddfafba69aef000deed6a2f6dd5646cd100",
          "sha256:d9692b9008b220f4dc0c19fa9c66bd8fbe213bc65c20b60b21d4685105c7eb77",
          "sha256:3aa83604a18536491610bda3b6a9d573e3342c764064337cf13980be6a99a9f5",
          "sha256:2a2f32ed0233554f6edf57cd68a0d9434dcc3797e34c4b14bfe6729d6116fc4d",
          "sha256:045ab571a95b3aa4e0e8747384bea4e3f984092f4f11368dc544195bdacd41c0",
          "sha256:59c827447e6b230babeebf51a8ee73bebf8bc85662f4a9232abefdfe2d9260fc"
        ]
      },
      "config": {
        "Entrypoint": [
          "dockerd-entrypoint.sh"
        ],
        "Env": [
          "PATH=/usr/local/sbin:/usr/local/bin:/usr/sbin:/usr/bin:/sbin:/bin",
          "DOCKER_VERSION=25.0.3",
          "DOCKER_BUILDX_VERSION=0.12.1",
          "DOCKER_COMPOSE_VERSION=2.24.6",
          "DOCKER_TLS_CERTDIR=/certs",
          "DIND_COMMIT=65cfcc28ab37cb75e1560e4b4738719c07c6618e"
        ],
        "Volumes": {
          "/var/lib/docker": {}
        },
        "ArgsEscaped": true
      }
    }
  },
  "Results": [
    {
      "Target": "library/docker:latest (alpine 3.19.1)",
      "Class": "os-pkgs",
      "Type": "alpine"
    },
    {
      "Target": "usr/local/bin/dockerd",
      "Class": "lang-pkgs",
      "Type": "gobinary",
      "Vulnerabilities": [
        {
          "VulnerabilityID": "CVE-2023-47108",
          "PkgName": "go.opentelemetry.io/contrib/instrumentation/google.golang.org/grpc/otelgrpc",
          "PkgIdentifier": {
            "PURL": "pkg:golang/go.opentelemetry.io/contrib/instrumentation/google.golang.org/grpc/otelgrpc@v0.45.0"
          },
          "InstalledVersion": "v0.45.0",
          "FixedVersion": "0.46.0",
          "Status": "fixed",
          "Layer": {
            "DiffID": "sha256:2a2f32ed0233554f6edf57cd68a0d9434dcc3797e34c4b14bfe6729d6116fc4d"
          },
          "SeveritySource": "ghsa",
          "PrimaryURL": "https://avd.aquasec.com/nvd/cve-2023-47108",
          "DataSource": {
            "ID": "ghsa",
            "Name": "GitHub Security Advisory Go",
            "URL": "https://github.com/advisories?query=type%3Areviewed+ecosystem%3Ago"
          },
          "Title": "opentelemetry-go-contrib: DoS vulnerability in otelgrpc due to unbound cardinality metrics",
          "Description": "OpenTelemetry-Go Contrib is a collection of third-party packages for OpenTelemetry-Go. Prior to version 0.46.0, the grpc Unary Server Interceptor out of the box adds labels `net.peer.sock.addr` and `net.peer.sock.port` that have unbound cardinality. It leads to the server's potential memory exhaustion when many malicious requests are sent. An attacker can easily flood the peer address and port for requests. Version 0.46.0 contains a fix for this issue. As a workaround to stop being affected, a view removing the attributes can be used. The other possibility is to disable grpc metrics instrumentation by passing `otelgrpc.WithMeterProvider` option with `noop.NewMeterProvider`.",
          "Severity": "HIGH",
          "CweIDs": [
            "CWE-770"
          ],
          "VendorSeverity": {
            "amazon": 3,
            "cbl-mariner": 3,
            "ghsa": 3,
            "nvd": 3,
            "redhat": 2
          },
          "CVSS": {
            "ghsa": {
              "V3Vector": "CVSS:3.1/AV:N/AC:L/PR:N/UI:N/S:U/C:N/I:N/A:H",
              "V3Score": 7.5
            },
            "nvd": {
              "V3Vector": "CVSS:3.1/AV:N/AC:L/PR:N/UI:N/S:U/C:N/I:N/A:H",
              "V3Score": 7.5
            },
            "redhat": {
              "V3Vector": "CVSS:3.1/AV:N/AC:L/PR:N/UI:N/S:U/C:N/I:N/A:H",
              "V3Score": 7.5
            }
          },
          "References": [
            "https://access.redhat.com/security/cve/CVE-2023-47108",
            "https://github.com/open-telemetry/opentelemetry-go-contrib",
            "https://github.com/open-telemetry/opentelemetry-go-contrib/blob/9d4eb7e7706038b07d33f83f76afbe13f53d171d/instrumentation/google.golang.org/grpc/otelgrpc/interceptor.go#L327",
            "https://github.com/open-telemetry/opentelemetry-go-contrib/blob/instrumentation/google.golang.org/grpc/otelgrpc/v0.45.0/instrumentation/google.golang.org/grpc/otelgrpc/config.go#L138",
            "https://github.com/open-telemetry/opentelemetry-go-contrib/commit/b44dfc9092b157625a5815cb437583cee663333b",
            "https://github.com/open-telemetry/opentelemetry-go-contrib/pull/4322",
            "https://github.com/open-telemetry/opentelemetry-go-contrib/security/advisories/GHSA-8pgv-569h-w5rw",
            "https://nvd.nist.gov/vuln/detail/CVE-2023-47108",
            "https://pkg.go.dev/go.opentelemetry.io/otel/metric/noop#NewMeterProvider",
            "https://www.cve.org/CVERecord?id=CVE-2023-47108"
          ],
          "PublishedDate": "2023-11-10T19:15:16.41Z",
          "LastModifiedDate": "2023-11-20T19:34:26.493Z"
        }
      ]
    },
    {
      "Target": "usr/local/libexec/docker/cli-plugins/docker-buildx",
      "Class": "lang-pkgs",
      "Type": "gobinary",
      "Vulnerabilities": [
        {
          "VulnerabilityID": "GHSA-7ww5-4wqc-m92c",
          "PkgName": "github.com/containerd/containerd",
          "PkgIdentifier": {
            "PURL": "pkg:golang/github.com/containerd/containerd@v1.7.7"
          },
          "InstalledVersion": "v1.7.7",
          "FixedVersion": "1.6.26, 1.7.11",
          "Status": "fixed",
          "Layer": {
            "DiffID": "sha256:c15d37fb0e7f03a77345c0c4aeb76ee18cc6cf9d568b1ae62833155cd084d955"
          },
          "SeveritySource": "ghsa",
          "PrimaryURL": "https://github.com/advisories/GHSA-7ww5-4wqc-m92c",
          "DataSource": {
            "ID": "ghsa",
            "Name": "GitHub Security Advisory Go",
            "URL": "https://github.com/advisories?query=type%3Areviewed+ecosystem%3Ago"
          },
          "Title": "containerd allows RAPL to be accessible to a container",
          "Description": "# /sys/devices/virtual/powercap accessible by default to containers\n\nIntel's RAPL (Running Average Power Limit) feature, introduced by the Sandy Bridge microarchitecture, provides software insights into hardware energy consumption. To facilitate this, Intel introduced the powercap framework in Linux kernel 3.13, which reads values via relevant MSRs (model specific registers) and provides unprivileged userspace access via `sysfs`. As RAPL is an interface to access a hardware feature, it is only available when running on bare metal with the module compiled into the kernel.\n\nBy 2019, it was realized that in some cases unprivileged access to RAPL readings could be exploited as a power-based side-channel against security features including AES-NI (potentially inside a SGX enclave) and KASLR (kernel address space layout randomization). Also known as the [PLATYPUS attack](https://platypusattack.com/), Intel assigned [CVE-2020-8694](https://cve.mitre.org/cgi-bin/cvename.cgi?name=CVE-2020-8694) and [CVE-2020-8695](https://cve.mitre.org/cgi-bin/cvename.cgi?name=CVE-2020-8695), and AMD assigned [CVE-2020-12912](https://cve.mitre.org/cgi-bin/cvename.cgi?name=CVE-2020-12912).\n\nSeveral mitigations were applied; Intel reduced the sampling resolution via a microcode update, and the Linux kernel [prevents access by non-root users](https://git.kernel.org/pub/scm/linux/kernel/git/torvalds/linux.git/commit/?id=949dd0104c496fa7c14991a23c03c62e44637e71) since 5.10. However, this kernel-based mitigation does not apply to many container-based scenarios:\n* Unless using user namespaces, root inside a container has the same level of privilege as root outside the container, but with a slightly more narrow view of the system\n* `sysfs` is mounted inside containers read-only; however only read access is needed to carry out this attack on an unpatched CPU\n\nWhile this is not a direct vulnerability in container runtimes, defense in depth and safe defaults are valuable and preferred, especially as this poses a risk to multi-tenant container environments. This is provided by masking `/sys/devices/virtual/powercap` in the default mount configuration, and adding an additional set of rules to deny it in the default AppArmor profile.\n\nWhile `sysfs` is not the only way to read from the RAPL subsystem, other ways of accessing it require additional capabilities such as `CAP_SYS_RAWIO` which is not available to containers by default, or `perf` paranoia level less than 1, which is a non-default kernel tunable.\n\n## References\n\n* https://cve.mitre.org/cgi-bin/cvename.cgi?name=CVE-2020-8694\n* https://cve.mitre.org/cgi-bin/cvename.cgi?name=CVE-2020-8695\n* https://cve.mitre.org/cgi-bin/cvename.cgi?name=CVE-2020-12912\n* https://platypusattack.com/\n* https://git.kernel.org/pub/scm/linux/kernel/git/torvalds/linux.git/commit/?id=949dd0104c496fa7c14991a23c03c62e44637e71\n* https://web.eece.maine.edu/~vweaver/projects/rapl/",
          "Severity": "MEDIUM",
          "VendorSeverity": {
            "ghsa": 2
          },
          "References": [
            "https://github.com/containerd/containerd",
            "https://github.com/containerd/containerd/commit/67d356cb3095f3e8f8ad7d36f9a733fea1e7e28c",
            "https://github.com/containerd/containerd/commit/746b910f05855c8bfdb4415a1c0f958b234910e5",
            "https://github.com/containerd/containerd/security/advisories/GHSA-7ww5-4wqc-m92c"
          ]
        },
        {
          "VulnerabilityID": "GHSA-jq35-85cj-fj4p",
          "PkgName": "github.com/docker/docker",
          "PkgIdentifier": {
            "PURL": "pkg:golang/github.com/docker/docker@v24.0.5%2Bincompatible"
          },
          "InstalledVersion": "v24.0.5+incompatible",
          "FixedVersion": "24.0.7, 23.0.8, 20.10.27",
          "Status": "fixed",
          "Layer": {
            "DiffID": "sha256:c15d37fb0e7f03a77345c0c4aeb76ee18cc6cf9d568b1ae62833155cd084d955"
          },
          "SeveritySource": "ghsa",
          "PrimaryURL": "https://github.com/advisories/GHSA-jq35-85cj-fj4p",
          "DataSource": {
            "ID": "ghsa",
            "Name": "GitHub Security Advisory Go",
            "URL": "https://github.com/advisories?query=type%3Areviewed+ecosystem%3Ago"
          },
          "Title": "/sys/devices/virtual/powercap accessible by default to containers",
          "Description": "Intel's RAPL (Running Average Power Limit) feature, introduced by the Sandy Bridge microarchitecture, provides software insights into hardware energy consumption. To facilitate this, Intel introduced the powercap framework in Linux kernel 3.13, which reads values via relevant MSRs (model specific registers) and provides unprivileged userspace access via `sysfs`. As RAPL is an interface to access a hardware feature, it is only available when running on bare metal with the module compiled into the kernel.\n\nBy 2019, it was realized that in some cases unprivileged access to RAPL readings could be exploited as a power-based side-channel against security features including AES-NI (potentially inside a SGX enclave) and KASLR (kernel address space layout randomization). Also known as the [PLATYPUS attack](https://platypusattack.com/), Intel assigned [CVE-2020-8694](https://cve.mitre.org/cgi-bin/cvename.cgi?name=CVE-2020-8694) and [CVE-2020-8695](https://cve.mitre.org/cgi-bin/cvename.cgi?name=CVE-2020-8695), and AMD assigned [CVE-2020-12912](https://cve.mitre.org/cgi-bin/cvename.cgi?name=CVE-2020-12912).\n\nSeveral mitigations were applied; Intel reduced the sampling resolution via a microcode update, and the Linux kernel [prevents access by non-root users](https://git.kernel.org/pub/scm/linux/kernel/git/torvalds/linux.git/commit/?id=949dd0104c496fa7c14991a23c03c62e44637e71) since 5.10. However, this kernel-based mitigation does not apply to many container-based scenarios:\n* Unless using user namespaces, root inside a container has the same level of privilege as root outside the container, but with a slightly more narrow view of the system\n* `sysfs` is mounted inside containers read-only; however only read access is needed to carry out this attack on an unpatched CPU\n\nWhile this is not a direct vulnerability in container runtimes, defense in depth and safe defaults are valuable and preferred, especially as this poses a risk to multi-tenant container environments running directly on affected hardware. This is provided by masking `/sys/devices/virtual/powercap` in the default mount configuration, and adding an additional set of rules to deny it in the default AppArmor profile.\n\nWhile `sysfs` is not the only way to read from the RAPL subsystem, other ways of accessing it require additional capabilities such as `CAP_SYS_RAWIO` which is not available to containers by default, or `perf` paranoia level less than 1, which is a non-default kernel tunable.\n\n## References\n\n* https://cve.mitre.org/cgi-bin/cvename.cgi?name=CVE-2020-8694\n* https://cve.mitre.org/cgi-bin/cvename.cgi?name=CVE-2020-8695\n* https://cve.mitre.org/cgi-bin/cvename.cgi?name=CVE-2020-12912\n* https://platypusattack.com/\n* https://git.kernel.org/pub/scm/linux/kernel/git/torvalds/linux.git/commit/?id=949dd0104c496fa7c14991a23c03c62e44637e71\n* https://web.eece.maine.edu/~vweaver/projects/rapl/",
          "Severity": "MEDIUM",
          "VendorSeverity": {
            "ghsa": 2
          },
          "References": [
            "https://github.com/moby/moby",
            "https://github.com/moby/moby/commit/48ebe353e49a9def5e6679f6e386b0efb1c95f0e",
            "https://github.com/moby/moby/commit/81ebe71275768629689a23bc3bca34b3b374a6a6",
            "https://github.com/moby/moby/commit/c9ccbfad11a60e703e91b6cca4f48927828c7e35",
            "https://github.com/moby/moby/releases/tag/v20.10.27",
            "https://github.com/moby/moby/releases/tag/v23.0.8",
            "https://github.com/moby/moby/releases/tag/v24.0.7",
            "https://github.com/moby/moby/security/advisories/GHSA-jq35-85cj-fj4p"
          ]
        },
        {
          "VulnerabilityID": "CVE-2024-21626",
          "PkgName": "github.com/opencontainers/runc",
          "PkgIdentifier": {
            "PURL": "pkg:golang/github.com/opencontainers/runc@v1.1.9"
          },
          "InstalledVersion": "v1.1.9",
          "FixedVersion": "1.1.12",
          "Status": "fixed",
          "Layer": {
            "DiffID": "sha256:c15d37fb0e7f03a77345c0c4aeb76ee18cc6cf9d568b1ae62833155cd084d955"
          },
          "SeveritySource": "ghsa",
          "PrimaryURL": "https://avd.aquasec.com/nvd/cve-2024-21626",
          "DataSource": {
            "ID": "ghsa",
            "Name": "GitHub Security Advisory Go",
            "URL": "https://github.com/advisories?query=type%3Areviewed+ecosystem%3Ago"
          },
          "Title": "runc: file descriptor leak",
          "Description": "runc is a CLI tool for spawning and running containers on Linux according to the OCI specification. In runc 1.1.11 and earlier, due to an internal file descriptor leak, an attacker could cause a newly-spawned container process (from runc exec) to have a working directory in the host filesystem namespace, allowing for a container escape by giving access to the host filesystem (\"attack 2\"). The same attack could be used by a malicious image to allow a container process to gain access to the host filesystem through runc run (\"attack 1\"). Variants of attacks 1 and 2 could be also be used to overwrite semi-arbitrary host binaries, allowing for complete container escapes (\"attack 3a\" and \"attack 3b\"). runc 1.1.12 includes patches for this issue. ",
          "Severity": "HIGH",
          "CweIDs": [
            "CWE-668",
            "CWE-403"
          ],
          "VendorSeverity": {
            "alma": 3,
            "amazon": 3,
            "cbl-mariner": 3,
            "ghsa": 3,
            "nvd": 3,
            "oracle-oval": 3,
            "redhat": 3,
            "ubuntu": 3
          },
          "CVSS": {
            "ghsa": {
              "V3Vector": "CVSS:3.1/AV:L/AC:L/PR:N/UI:R/S:C/C:H/I:H/A:H",
              "V3Score": 8.6
            },
            "nvd": {
              "V3Vector": "CVSS:3.1/AV:L/AC:L/PR:N/UI:R/S:C/C:H/I:H/A:H",
              "V3Score": 8.6
            },
            "redhat": {
              "V3Vector": "CVSS:3.1/AV:L/AC:L/PR:N/UI:R/S:C/C:H/I:H/A:H",
              "V3Score": 8.6
            }
          },
          "References": [
            "http://packetstormsecurity.com/files/176993/runc-1.1.11-File-Descriptor-Leak-Privilege-Escalation.html",
            "http://www.openwall.com/lists/oss-security/2024/02/01/1",
            "http://www.openwall.com/lists/oss-security/2024/02/02/3",
            "https://access.redhat.com/errata/RHSA-2024:0670",
            "https://access.redhat.com/security/cve/CVE-2024-21626",
            "https://bugzilla.redhat.com/2258725",
            "https://cve.mitre.org/cgi-bin/cvename.cgi?name=CVE-2024-21626",
            "https://errata.almalinux.org/9/ALSA-2024-0670.html",
            "https://github.com/opencontainers/runc",
            "https://github.com/opencontainers/runc/commit/02120488a4c0fc487d1ed2867e901eeed7ce8ecf",
            "https://github.com/opencontainers/runc/releases/tag/v1.1.12",
            "https://github.com/opencontainers/runc/security/advisories/GHSA-xr7r-f8xq-vfvv",
            "https://linux.oracle.com/cve/CVE-2024-21626.html",
            "https://linux.oracle.com/errata/ELSA-2024-17931.html",
            "https://lists.debian.org/debian-lts-announce/2024/02/msg00005.html",
            "https://lists.fedoraproject.org/archives/list/package-announce@lists.fedoraproject.org/message/2NLXNE23Q5ESQUAI22Z7A63JX2WMPJ2J",
            "https://lists.fedoraproject.org/archives/list/package-announce@lists.fedoraproject.org/message/2NLXNE23Q5ESQUAI22Z7A63JX2WMPJ2J/",
            "https://lists.fedoraproject.org/archives/list/package-announce@lists.fedoraproject.org/message/SYMO3BANINS6RGFQFKPRG4FIOJ7GWYTL",
            "https://lists.fedoraproject.org/archives/list/package-announce@lists.fedoraproject.org/message/SYMO3BANINS6RGFQFKPRG4FIOJ7GWYTL/",
            "https://nvd.nist.gov/vuln/detail/CVE-2024-21626",
            "https://ubuntu.com/security/notices/USN-6619-1",
            "https://www.cve.org/CVERecord?id=CVE-2024-21626"
          ],
          "PublishedDate": "2024-01-31T22:15:53.78Z",
          "LastModifiedDate": "2024-02-19T03:15:08.413Z"
        },
        {
          "VulnerabilityID": "CVE-2023-47108",
          "PkgName": "go.opentelemetry.io/contrib/instrumentation/google.golang.org/grpc/otelgrpc",
          "PkgIdentifier": {
            "PURL": "pkg:golang/go.opentelemetry.io/contrib/instrumentation/google.golang.org/grpc/otelgrpc@v0.40.0"
          },
          "InstalledVersion": "v0.40.0",
          "FixedVersion": "0.46.0",
          "Status": "fixed",
          "Layer": {
            "DiffID": "sha256:c15d37fb0e7f03a77345c0c4aeb76ee18cc6cf9d568b1ae62833155cd084d955"
          },
          "SeveritySource": "ghsa",
          "PrimaryURL": "https://avd.aquasec.com/nvd/cve-2023-47108",
          "DataSource": {
            "ID": "ghsa",
            "Name": "GitHub Security Advisory Go",
            "URL": "https://github.com/advisories?query=type%3Areviewed+ecosystem%3Ago"
          },
          "Title": "opentelemetry-go-contrib: DoS vulnerability in otelgrpc due to unbound cardinality metrics",
          "Description": "OpenTelemetry-Go Contrib is a collection of third-party packages for OpenTelemetry-Go. Prior to version 0.46.0, the grpc Unary Server Interceptor out of the box adds labels `net.peer.sock.addr` and `net.peer.sock.port` that have unbound cardinality. It leads to the server's potential memory exhaustion when many malicious requests are sent. An attacker can easily flood the peer address and port for requests. Version 0.46.0 contains a fix for this issue. As a workaround to stop being affected, a view removing the attributes can be used. The other possibility is to disable grpc metrics instrumentation by passing `otelgrpc.WithMeterProvider` option with `noop.NewMeterProvider`.",
          "Severity": "HIGH",
          "CweIDs": [
            "CWE-770"
          ],
          "VendorSeverity": {
            "amazon": 3,
            "cbl-mariner": 3,
            "ghsa": 3,
            "nvd": 3,
            "redhat": 2
          },
          "CVSS": {
            "ghsa": {
              "V3Vector": "CVSS:3.1/AV:N/AC:L/PR:N/UI:N/S:U/C:N/I:N/A:H",
              "V3Score": 7.5
            },
            "nvd": {
              "V3Vector": "CVSS:3.1/AV:N/AC:L/PR:N/UI:N/S:U/C:N/I:N/A:H",
              "V3Score": 7.5
            },
            "redhat": {
              "V3Vector": "CVSS:3.1/AV:N/AC:L/PR:N/UI:N/S:U/C:N/I:N/A:H",
              "V3Score": 7.5
            }
          },
          "References": [
            "https://access.redhat.com/security/cve/CVE-2023-47108",
            "https://github.com/open-telemetry/opentelemetry-go-contrib",
            "https://github.com/open-telemetry/opentelemetry-go-contrib/blob/9d4eb7e7706038b07d33f83f76afbe13f53d171d/instrumentation/google.golang.org/grpc/otelgrpc/interceptor.go#L327",
            "https://github.com/open-telemetry/opentelemetry-go-contrib/blob/instrumentation/google.golang.org/grpc/otelgrpc/v0.45.0/instrumentation/google.golang.org/grpc/otelgrpc/config.go#L138",
            "https://github.com/open-telemetry/opentelemetry-go-contrib/commit/b44dfc9092b157625a5815cb437583cee663333b",
            "https://github.com/open-telemetry/opentelemetry-go-contrib/pull/4322",
            "https://github.com/open-telemetry/opentelemetry-go-contrib/security/advisories/GHSA-8pgv-569h-w5rw",
            "https://nvd.nist.gov/vuln/detail/CVE-2023-47108",
            "https://pkg.go.dev/go.opentelemetry.io/otel/metric/noop#NewMeterProvider",
            "https://www.cve.org/CVERecord?id=CVE-2023-47108"
          ],
          "PublishedDate": "2023-11-10T19:15:16.41Z",
          "LastModifiedDate": "2023-11-20T19:34:26.493Z"
        },
        {
          "VulnerabilityID": "CVE-2023-45142",
          "PkgName": "go.opentelemetry.io/contrib/instrumentation/net/http/httptrace/otelhttptrace",
          "PkgIdentifier": {
            "PURL": "pkg:golang/go.opentelemetry.io/contrib/instrumentation/net/http/httptrace/otelhttptrace@v0.40.0"
          },
          "InstalledVersion": "v0.40.0",
          "FixedVersion": "0.44.0",
          "Status": "fixed",
          "Layer": {
            "DiffID": "sha256:c15d37fb0e7f03a77345c0c4aeb76ee18cc6cf9d568b1ae62833155cd084d955"
          },
          "SeveritySource": "ghsa",
          "PrimaryURL": "https://avd.aquasec.com/nvd/cve-2023-45142",
          "DataSource": {
            "ID": "ghsa",
            "Name": "GitHub Security Advisory Go",
            "URL": "https://github.com/advisories?query=type%3Areviewed+ecosystem%3Ago"
          },
          "Title": "opentelemetry: DoS vulnerability in otelhttp",
          "Description": "OpenTelemetry-Go Contrib is a collection of third-party packages for OpenTelemetry-Go. A handler wrapper out of the box adds labels `http.user_agent` and `http.method` that have unbound cardinality. It leads to the server's potential memory exhaustion when many malicious requests are sent to it. HTTP header User-Agent or HTTP method for requests can be easily set by an attacker to be random and long. The library internally uses `httpconv.ServerRequest` that records every value for HTTP `method` and `User-Agent`. In order to be affected, a program has to use the `otelhttp.NewHandler` wrapper and not filter any unknown HTTP methods or User agents on the level of CDN, LB, previous middleware, etc. Version 0.44.0 fixed this issue when the values collected for attribute `http.request.method` were changed to be restricted to a set of well-known values and other high cardinality attributes were removed. As a workaround to stop being affected, `otelhttp.WithFilter()` can be used, but it requires manual careful configuration to not log certain requests entirely. For convenience and safe usage of this library, it should by default mark with the label `unknown` non-standard HTTP methods and User agents to show that such requests were made but do not increase cardinality. In case someone wants to stay with the current behavior, library API should allow to enable it.",
          "Severity": "HIGH",
          "CweIDs": [
            "CWE-770"
          ],
          "VendorSeverity": {
            "amazon": 3,
            "ghsa": 3,
            "nvd": 3,
            "redhat": 2
          },
          "CVSS": {
            "ghsa": {
              "V3Vector": "CVSS:3.1/AV:N/AC:L/PR:N/UI:N/S:U/C:N/I:N/A:H",
              "V3Score": 7.5
            },
            "nvd": {
              "V3Vector": "CVSS:3.1/AV:N/AC:L/PR:N/UI:N/S:U/C:N/I:N/A:H",
              "V3Score": 7.5
            },
            "redhat": {
              "V3Vector": "CVSS:3.1/AV:N/AC:L/PR:N/UI:N/S:U/C:N/I:N/A:H",
              "V3Score": 7.5
            }
          },
          "References": [
            "https://access.redhat.com/security/cve/CVE-2023-45142",
            "https://github.com/advisories/GHSA-cg3q-j54f-5p7p",
            "https://github.com/open-telemetry/opentelemetry-go-contrib",
            "https://github.com/open-telemetry/opentelemetry-go-contrib/blob/5f7e6ad5a49b45df45f61a1deb29d7f1158032df/instrumentation/net/http/otelhttp/handler.go#L63-L65",
            "https://github.com/open-telemetry/opentelemetry-go-contrib/pull/4277",
            "https://github.com/open-telemetry/opentelemetry-go-contrib/releases/tag/v1.19.0",
            "https://github.com/open-telemetry/opentelemetry-go-contrib/security/advisories/GHSA-5r5m-65gx-7vrh",
            "https://github.com/open-telemetry/opentelemetry-go-contrib/security/advisories/GHSA-rcjv-mgp8-qvmr",
            "https://github.com/open-telemetry/opentelemetry-go/blob/38e1b499c3da3107694ad2660b3888eee9c8b896/semconv/internal/v2/http.go#L223",
            "https://github.com/open-telemetry/opentelemetry-go/blob/v1.12.0/semconv/internal/v2/http.go#L159",
            "https://lists.fedoraproject.org/archives/list/package-announce@lists.fedoraproject.org/message/2UTRJ54INZG3OC2FTAN6AFB2RYNY2GAD",
            "https://lists.fedoraproject.org/archives/list/package-announce@lists.fedoraproject.org/message/2UTRJ54INZG3OC2FTAN6AFB2RYNY2GAD/",
            "https://nvd.nist.gov/vuln/detail/CVE-2023-45142",
            "https://www.cve.org/CVERecord?id=CVE-2023-45142"
          ],
          "PublishedDate": "2023-10-12T17:15:09.99Z",
          "LastModifiedDate": "2024-02-19T03:15:07.697Z"
        },
        {
          "VulnerabilityID": "CVE-2023-45142",
          "PkgName": "go.opentelemetry.io/contrib/instrumentation/net/http/otelhttp",
          "PkgIdentifier": {
            "PURL": "pkg:golang/go.opentelemetry.io/contrib/instrumentation/net/http/otelhttp@v0.40.0"
          },
          "InstalledVersion": "v0.40.0",
          "FixedVersion": "0.44.0",
          "Status": "fixed",
          "Layer": {
            "DiffID": "sha256:c15d37fb0e7f03a77345c0c4aeb76ee18cc6cf9d568b1ae62833155cd084d955"
          },
          "SeveritySource": "ghsa",
          "PrimaryURL": "https://avd.aquasec.com/nvd/cve-2023-45142",
          "DataSource": {
            "ID": "ghsa",
            "Name": "GitHub Security Advisory Go",
            "URL": "https://github.com/advisories?query=type%3Areviewed+ecosystem%3Ago"
          },
          "Title": "opentelemetry: DoS vulnerability in otelhttp",
          "Description": "OpenTelemetry-Go Contrib is a collection of third-party packages for OpenTelemetry-Go. A handler wrapper out of the box adds labels `http.user_agent` and `http.method` that have unbound cardinality. It leads to the server's potential memory exhaustion when many malicious requests are sent to it. HTTP header User-Agent or HTTP method for requests can be easily set by an attacker to be random and long. The library internally uses `httpconv.ServerRequest` that records every value for HTTP `method` and `User-Agent`. In order to be affected, a program has to use the `otelhttp.NewHandler` wrapper and not filter any unknown HTTP methods or User agents on the level of CDN, LB, previous middleware, etc. Version 0.44.0 fixed this issue when the values collected for attribute `http.request.method` were changed to be restricted to a set of well-known values and other high cardinality attributes were removed. As a workaround to stop being affected, `otelhttp.WithFilter()` can be used, but it requires manual careful configuration to not log certain requests entirely. For convenience and safe usage of this library, it should by default mark with the label `unknown` non-standard HTTP methods and User agents to show that such requests were made but do not increase cardinality. In case someone wants to stay with the current behavior, library API should allow to enable it.",
          "Severity": "HIGH",
          "CweIDs": [
            "CWE-770"
          ],
          "VendorSeverity": {
            "amazon": 3,
            "ghsa": 3,
            "nvd": 3,
            "redhat": 2
          },
          "CVSS": {
            "ghsa": {
              "V3Vector": "CVSS:3.1/AV:N/AC:L/PR:N/UI:N/S:U/C:N/I:N/A:H",
              "V3Score": 7.5
            },
            "nvd": {
              "V3Vector": "CVSS:3.1/AV:N/AC:L/PR:N/UI:N/S:U/C:N/I:N/A:H",
              "V3Score": 7.5
            },
            "redhat": {
              "V3Vector": "CVSS:3.1/AV:N/AC:L/PR:N/UI:N/S:U/C:N/I:N/A:H",
              "V3Score": 7.5
            }
          },
          "References": [
            "https://access.redhat.com/security/cve/CVE-2023-45142",
            "https://github.com/advisories/GHSA-cg3q-j54f-5p7p",
            "https://github.com/open-telemetry/opentelemetry-go-contrib",
            "https://github.com/open-telemetry/opentelemetry-go-contrib/blob/5f7e6ad5a49b45df45f61a1deb29d7f1158032df/instrumentation/net/http/otelhttp/handler.go#L63-L65",
            "https://github.com/open-telemetry/opentelemetry-go-contrib/pull/4277",
            "https://github.com/open-telemetry/opentelemetry-go-contrib/releases/tag/v1.19.0",
            "https://github.com/open-telemetry/opentelemetry-go-contrib/security/advisories/GHSA-5r5m-65gx-7vrh",
            "https://github.com/open-telemetry/opentelemetry-go-contrib/security/advisories/GHSA-rcjv-mgp8-qvmr",
            "https://github.com/open-telemetry/opentelemetry-go/blob/38e1b499c3da3107694ad2660b3888eee9c8b896/semconv/internal/v2/http.go#L223",
            "https://github.com/open-telemetry/opentelemetry-go/blob/v1.12.0/semconv/internal/v2/http.go#L159",
            "https://lists.fedoraproject.org/archives/list/package-announce@lists.fedoraproject.org/message/2UTRJ54INZG3OC2FTAN6AFB2RYNY2GAD",
            "https://lists.fedoraproject.org/archives/list/package-announce@lists.fedoraproject.org/message/2UTRJ54INZG3OC2FTAN6AFB2RYNY2GAD/",
            "https://nvd.nist.gov/vuln/detail/CVE-2023-45142",
            "https://www.cve.org/CVERecord?id=CVE-2023-45142"
          ],
          "PublishedDate": "2023-10-12T17:15:09.99Z",
          "LastModifiedDate": "2024-02-19T03:15:07.697Z"
        },
        {
          "VulnerabilityID": "CVE-2023-48795",
          "PkgName": "golang.org/x/crypto",
          "PkgIdentifier": {
            "PURL": "pkg:golang/golang.org/x/crypto@v0.14.0"
          },
          "InstalledVersion": "v0.14.0",
          "FixedVersion": "0.17.0",
          "Status": "fixed",
          "Layer": {
            "DiffID": "sha256:c15d37fb0e7f03a77345c0c4aeb76ee18cc6cf9d568b1ae62833155cd084d955"
          },
          "SeveritySource": "ghsa",
          "PrimaryURL": "https://avd.aquasec.com/nvd/cve-2023-48795",
          "DataSource": {
            "ID": "ghsa",
            "Name": "GitHub Security Advisory Go",
            "URL": "https://github.com/advisories?query=type%3Areviewed+ecosystem%3Ago"
          },
          "Title": "ssh: Prefix truncation attack on Binary Packet Protocol (BPP)",
          "Description": "The SSH transport protocol with certain OpenSSH extensions, found in OpenSSH before 9.6 and other products, allows remote attackers to bypass integrity checks such that some packets are omitted (from the extension negotiation message), and a client and server may consequently end up with a connection for which some security features have been downgraded or disabled, aka a Terrapin attack. This occurs because the SSH Binary Packet Protocol (BPP), implemented by these extensions, mishandles the handshake phase and mishandles use of sequence numbers. For example, there is an effective attack against SSH's use of ChaCha20-Poly1305 (and CBC with Encrypt-then-MAC). The bypass occurs in chacha20-poly1305@openssh.com and (if CBC is used) the -etm@openssh.com MAC algorithms. This also affects Maverick Synergy Java SSH API before 3.1.0-SNAPSHOT, Dropbear through 2022.83, Ssh before 5.1.1 in Erlang/OTP, PuTTY before 0.80, AsyncSSH before 2.14.2, golang.org/x/crypto before 0.17.0, libssh before 0.10.6, libssh2 through 1.11.0, Thorn Tech SFTP Gateway before 3.4.6, Tera Term before 5.1, Paramiko before 3.4.0, jsch before 0.2.15, SFTPGo before 2.5.6, Netgate pfSense Plus through 23.09.1, Netgate pfSense CE through 2.7.2, HPN-SSH through 18.2.0, ProFTPD before 1.3.8b (and before 1.3.9rc2), ORYX CycloneSSH before 2.3.4, NetSarang XShell 7 before Build 0144, CrushFTP before 10.6.0, ConnectBot SSH library before 2.2.22, Apache MINA sshd through 2.11.0, sshj through 0.37.0, TinySSH through 20230101, trilead-ssh2 6401, LANCOM LCOS and LANconfig, FileZilla before 3.66.4, Nova before 11.8, PKIX-SSH before 14.4, SecureCRT before 9.4.3, Transmit5 before 5.10.4, Win32-OpenSSH before 9.5.0.0p1-Beta, WinSCP before 6.2.2, Bitvise SSH Server before 9.32, Bitvise SSH Client before 9.33, KiTTY through 0.76.1.13, the net-ssh gem 7.2.0 for Ruby, the mscdex ssh2 module before 1.15.0 for Node.js, the thrussh library before 0.35.1 for Rust, and the Russh crate before 0.40.2 for Rust.",
          "Severity": "MEDIUM",
          "CweIDs": [
            "CWE-354"
          ],
          "VendorSeverity": {
            "alma": 2,
            "amazon": 2,
            "cbl-mariner": 2,
            "ghsa": 2,
            "nvd": 2,
            "oracle-oval": 2,
            "photon": 2,
            "redhat": 2,
            "rocky": 2,
            "ubuntu": 2
          },
          "CVSS": {
            "ghsa": {
              "V3Vector": "CVSS:3.1/AV:N/AC:H/PR:N/UI:N/S:U/C:N/I:H/A:N",
              "V3Score": 5.9
            },
            "nvd": {
              "V3Vector": "CVSS:3.1/AV:N/AC:H/PR:N/UI:N/S:U/C:N/I:H/A:N",
              "V3Score": 5.9
            },
            "redhat": {
              "V3Vector": "CVSS:3.1/AV:N/AC:H/PR:N/UI:N/S:U/C:N/I:H/A:N",
              "V3Score": 5.9
            }
          },
          "References": [
            "http://packetstormsecurity.com/files/176280/Terrapin-SSH-Connection-Weakening.html",
            "http://www.openwall.com/lists/oss-security/2023/12/18/3",
            "http://www.openwall.com/lists/oss-security/2023/12/19/5",
            "http://www.openwall.com/lists/oss-security/2023/12/20/3",
            "https://access.redhat.com/errata/RHSA-2024:0628",
            "https://access.redhat.com/security/cve/CVE-2023-48795",
            "https://access.redhat.com/security/cve/cve-2023-48795",
            "https://arstechnica.com/security/2023/12/hackers-can-break-ssh-channel-integrity-using-novel-data-corruption-attack",
            "https://arstechnica.com/security/2023/12/hackers-can-break-ssh-channel-integrity-using-novel-data-corruption-attack/",
            "https://bugs.gentoo.org/920280",
            "https://bugzilla.redhat.com/2254210",
            "https://bugzilla.redhat.com/show_bug.cgi?id=2254210",
            "https://bugzilla.suse.com/show_bug.cgi?id=1217950",
            "https://crates.io/crates/thrussh/versions",
            "https://cve.mitre.org/cgi-bin/cvename.cgi?name=CVE-2023-48795",
            "https://errata.almalinux.org/8/ALSA-2024-0628.html",
            "https://errata.rockylinux.org/RLSA-2024:0628",
            "https://filezilla-project.org/versions.php",
            "https://forum.netgate.com/topic/184941/terrapin-ssh-attack",
            "https://git.libssh.org/projects/libssh.git/commit/?h=stable-0.10\u0026id=10e09e273f69e149389b3e0e5d44b8c221c2e7f6",
            "https://github.com/NixOS/nixpkgs/pull/275249",
            "https://github.com/PowerShell/Win32-OpenSSH/issues/2189",
            "https://github.com/PowerShell/Win32-OpenSSH/releases/tag/v9.5.0.0p1-Beta",
            "https://github.com/TeraTermProject/teraterm/commit/7279fbd6ef4d0c8bdd6a90af4ada2899d786eec0",
            "https://github.com/TeraTermProject/teraterm/releases/tag/v5.1",
            "https://github.com/advisories/GHSA-45x7-px36-x8w8",
            "https://github.com/apache/mina-sshd/issues/445",
            "https://github.com/connectbot/sshlib/commit/5c8b534f6e97db7ac0e0e579331213aa25c173ab",
            "https://github.com/connectbot/sshlib/compare/2.2.21...2.2.22",
            "https://github.com/cyd01/KiTTY/issues/520",
            "https://github.com/drakkan/sftpgo/releases/tag/v2.5.6",
            "https://github.com/erlang/otp/blob/d1b43dc0f1361d2ad67601169e90a7fc50bb0369/lib/ssh/doc/src/notes.xml#L39-L42",
            "https://github.com/erlang/otp/releases/tag/OTP-26.2.1",
            "https://github.com/golang/crypto/commit/9d2ee975ef9fe627bf0a6f01c1f69e8ef1d4f05d",
            "https://github.com/hierynomus/sshj/issues/916",
            "https://github.com/janmojzis/tinyssh/issues/81",
            "https://github.com/jtesta/ssh-audit/commit/8e972c5e94b460379fe0c7d20209c16df81538a5",
            "https://github.com/libssh2/libssh2/pull/1291",
            "https://github.com/mkj/dropbear/blob/17657c36cce6df7716d5ff151ec09a665382d5dd/CHANGES#L25",
            "https://github.com/mscdex/ssh2/commit/97b223f8891b96d6fc054df5ab1d5a1a545da2a3",
            "https://github.com/mwiede/jsch/compare/jsch-0.2.14...jsch-0.2.15",
            "https://github.com/mwiede/jsch/issues/457",
            "https://github.com/mwiede/jsch/pull/461",
            "https://github.com/net-ssh/net-ssh/blob/2e65064a52d73396bfc3806c9196fc8108f33cd8/CHANGES.txt#L14-L16",
            "https://github.com/openssh/openssh-portable/commits/master",
            "https://github.com/paramiko/paramiko/issues/2337",
            "https://github.com/paramiko/paramiko/issues/2337#issuecomment-1887642773",
            "https://github.com/proftpd/proftpd/blob/0a7ea9b0ba9fcdf368374a226370d08f10397d99/RELEASE_NOTES",
            "https://github.com/proftpd/proftpd/blob/d21e7a2e47e9b38f709bec58e3fa711f759ad0e1/RELEASE_NOTES",
            "https://github.com/proftpd/proftpd/blob/master/RELEASE_NOTES",
            "https://github.com/proftpd/proftpd/issues/456",
            "https://github.com/rapier1/hpn-ssh/releases",
            "https://github.com/ronf/asyncssh/blob/develop/docs/changes.rst",
            "https://github.com/ronf/asyncssh/security/advisories/GHSA-hfmc-7525-mj55",
            "https://github.com/ronf/asyncssh/tags",
            "https://github.com/ssh-mitm/ssh-mitm/issues/165",
            "https://github.com/warp-tech/russh",
            "https://github.com/warp-tech/russh/commit/1aa340a7df1d5be1c0f4a9e247aade76dfdd2951",
            "https://github.com/warp-tech/russh/releases/tag/v0.40.2",
            "https://github.com/warp-tech/russh/security/advisories/GHSA-45x7-px36-x8w8",
            "https://gitlab.com/libssh/libssh-mirror/-/tags",
            "https://go.dev/cl/550715",
            "https://go.dev/issue/64784",
            "https://groups.google.com/g/golang-announce/c/-n5WqVC18LQ",
            "https://groups.google.com/g/golang-announce/c/qA3XtxvMUyg",
            "https://help.panic.com/releasenotes/transmit5",
            "https://help.panic.com/releasenotes/transmit5/",
            "https://jadaptive.com/important-java-ssh-security-update-new-ssh-vulnerability-discovered-cve-2023-48795",
            "https://jadaptive.com/important-java-ssh-security-update-new-ssh-vulnerability-discovered-cve-2023-48795/",
            "https://linux.oracle.com/cve/CVE-2023-48795.html",
            "https://linux.oracle.com/errata/ELSA-2024-12164.html",
            "https://lists.debian.org/debian-lts-announce/2023/12/msg00017.html",
            "https://lists.debian.org/debian-lts-announce/2024/01/msg00013.html",
            "https://lists.debian.org/debian-lts-announce/2024/01/msg00014.html",
            "https://lists.fedoraproject.org/archives/list/package-announce%40lists.fedoraproject.org/message/33XHJUB6ROFUOH2OQNENFROTVH6MHSHA",
            "https://lists.fedoraproject.org/archives/list/package-announce%40lists.fedoraproject.org/message/33XHJUB6ROFUOH2OQNENFROTVH6MHSHA/",
            "https://lists.fedoraproject.org/archives/list/package-announce%40lists.fedoraproject.org/message/3CAYYW35MUTNO65RVAELICTNZZFMT2XS",
            "https://lists.fedoraproject.org/archives/list/package-announce%40lists.fedoraproject.org/message/3CAYYW35MUTNO65RVAELICTNZZFMT2XS/",
            "https://lists.fedoraproject.org/archives/list/package-announce%40lists.fedoraproject.org/message/3JIMLVBDWOP4FUPXPTB4PGHHIOMGFLQE",
            "https://lists.fedoraproject.org/archives/list/package-announce%40lists.fedoraproject.org/message/3JIMLVBDWOP4FUPXPTB4PGHHIOMGFLQE/",
            "https://lists.fedoraproject.org/archives/list/package-announce%40lists.fedoraproject.org/message/3YQLUQWLIHDB5QCXQEX7HXHAWMOKPP5O",
            "https://lists.fedoraproject.org/archives/list/package-announce%40lists.fedoraproject.org/message/3YQLUQWLIHDB5QCXQEX7HXHAWMOKPP5O/",
            "https://lists.fedoraproject.org/archives/list/package-announce%40lists.fedoraproject.org/message/6Y74KVCPEPT4MVU3LHDWCNNOXOE5ZLUR",
            "https://lists.fedoraproject.org/archives/list/package-announce%40lists.fedoraproject.org/message/6Y74KVCPEPT4MVU3LHDWCNNOXOE5ZLUR/",
            "https://lists.fedoraproject.org/archives/list/package-announce%40lists.fedoraproject.org/message/APYIXIQOVDCRWLHTGB4VYMAUIAQLKYJ3",
            "https://lists.fedoraproject.org/archives/list/package-announce%40lists.fedoraproject.org/message/APYIXIQOVDCRWLHTGB4VYMAUIAQLKYJ3/",
            "https://lists.fedoraproject.org/archives/list/package-announce%40lists.fedoraproject.org/message/BL5KTLOSLH2KHRN4HCXJPK3JUVLDGEL6",
            "https://lists.fedoraproject.org/archives/list/package-announce%40lists.fedoraproject.org/message/BL5KTLOSLH2KHRN4HCXJPK3JUVLDGEL6/",
            "https://lists.fedoraproject.org/archives/list/package-announce%40lists.fedoraproject.org/message/C3AFMZ6MH2UHHOPIWT5YLSFV3D2VB3AC",
            "https://lists.fedoraproject.org/archives/list/package-announce%40lists.fedoraproject.org/message/C3AFMZ6MH2UHHOPIWT5YLSFV3D2VB3AC/",
            "https://lists.fedoraproject.org/archives/list/package-announce%40lists.fedoraproject.org/message/CHHITS4PUOZAKFIUBQAQZC7JWXMOYE4B",
            "https://lists.fedoraproject.org/archives/list/package-announce%40lists.fedoraproject.org/message/CHHITS4PUOZAKFIUBQAQZC7JWXMOYE4B/",
            "https://lists.fedoraproject.org/archives/list/package-announce%40lists.fedoraproject.org/message/F7EYCFQCTSGJXWO3ZZ44MGKFC5HA7G3Y",
            "https://lists.fedoraproject.org/archives/list/package-announce%40lists.fedoraproject.org/message/F7EYCFQCTSGJXWO3ZZ44MGKFC5HA7G3Y/",
            "https://lists.fedoraproject.org/archives/list/package-announce%40lists.fedoraproject.org/message/HYEDEXIKFKTUJIN43RG4B7T5ZS6MHUSP",
            "https://lists.fedoraproject.org/archives/list/package-announce%40lists.fedoraproject.org/message/HYEDEXIKFKTUJIN43RG4B7T5ZS6MHUSP/",
            "https://lists.fedoraproject.org/archives/list/package-announce%40lists.fedoraproject.org/message/I724O3LSRCPO4WNVIXTZCT4VVRMXMMSG",
            "https://lists.fedoraproject.org/archives/list/package-announce%40lists.fedoraproject.org/message/I724O3LSRCPO4WNVIXTZCT4VVRMXMMSG/",
            "https://lists.fedoraproject.org/archives/list/package-announce%40lists.fedoraproject.org/message/KEOTKBUPZXHE3F352JBYNTSNRXYLWD6P",
            "https://lists.fedoraproject.org/archives/list/package-announce%40lists.fedoraproject.org/message/KEOTKBUPZXHE3F352JBYNTSNRXYLWD6P/",
            "https://lists.fedoraproject.org/archives/list/package-announce%40lists.fedoraproject.org/message/KMZCVGUGJZZVDPCVDA7TEB22VUCNEXDD",
            "https://lists.fedoraproject.org/archives/list/package-announce%40lists.fedoraproject.org/message/KMZCVGUGJZZVDPCVDA7TEB22VUCNEXDD/",
            "https://lists.fedoraproject.org/archives/list/package-announce%40lists.fedoraproject.org/message/L5Y6MNNVAPIJSXJERQ6PKZVCIUXSNJK7",
            "https://lists.fedoraproject.org/archives/list/package-announce%40lists.fedoraproject.org/message/L5Y6MNNVAPIJSXJERQ6PKZVCIUXSNJK7/",
            "https://lists.fedoraproject.org/archives/list/package-announce%40lists.fedoraproject.org/message/LZQVUHWVWRH73YBXUQJOD6CKHDQBU3DM",
            "https://lists.fedoraproject.org/archives/list/package-announce%40lists.fedoraproject.org/message/LZQVUHWVWRH73YBXUQJOD6CKHDQBU3DM/",
            "https://lists.fedoraproject.org/archives/list/package-announce%40lists.fedoraproject.org/message/MKQRBF3DWMWPH36LBCOBUTSIZRTPEZXB",
            "https://lists.fedoraproject.org/archives/list/package-announce%40lists.fedoraproject.org/message/MKQRBF3DWMWPH36LBCOBUTSIZRTPEZXB/",
            "https://lists.fedoraproject.org/archives/list/package-announce%40lists.fedoraproject.org/message/QI3EHAHABFQK7OABNCSF5GMYP6TONTI7",
            "https://lists.fedoraproject.org/archives/list/package-announce%40lists.fedoraproject.org/message/QI3EHAHABFQK7OABNCSF5GMYP6TONTI7/",
            "https://matt.ucc.asn.au/dropbear/CHANGES",
            "https://nest.pijul.com/pijul/thrussh/changes/D6H7OWTTMHHX6BTB3B6MNBOBX2L66CBL4LGSEUSAI2MCRCJDQFRQC",
            "https://news.ycombinator.com/item?id=38684904",
            "https://news.ycombinator.com/item?id=38685286",
            "https://news.ycombinator.com/item?id=38732005",
            "https://nova.app/releases/#v11.8",
            "https://nvd.nist.gov/vuln/detail/CVE-2023-48795",
            "https://oryx-embedded.com/download/#changelog",
            "https://psirt.global.sonicwall.com/vuln-detail/SNWLID-2024-0002",
            "https://roumenpetrov.info/secsh/#news20231220",
            "https://security-tracker.debian.org/tracker/CVE-2023-48795",
            "https://security-tracker.debian.org/tracker/source-package/libssh2",
            "https://security-tracker.debian.org/tracker/source-package/proftpd-dfsg",
            "https://security-tracker.debian.org/tracker/source-package/trilead-ssh2",
            "https://security.gentoo.org/glsa/202312-16",
            "https://security.gentoo.org/glsa/202312-17",
            "https://security.netapp.com/advisory/ntap-20240105-0004",
            "https://security.netapp.com/advisory/ntap-20240105-0004/",
            "https://terrapin-attack.com/",
            "https://thorntech.com/cve-2023-48795-and-sftp-gateway",
            "https://thorntech.com/cve-2023-48795-and-sftp-gateway/",
            "https://twitter.com/TrueSkrillor/status/1736774389725565005",
            "https://ubuntu.com/security/CVE-2023-48795",
            "https://ubuntu.com/security/notices/USN-6560-1",
            "https://ubuntu.com/security/notices/USN-6560-2",
            "https://ubuntu.com/security/notices/USN-6561-1",
            "https://ubuntu.com/security/notices/USN-6585-1",
            "https://ubuntu.com/security/notices/USN-6589-1",
            "https://ubuntu.com/security/notices/USN-6598-1",
            "https://winscp.net/eng/docs/history#6.2.2",
            "https://www.bitvise.com/ssh-client-version-history#933",
            "https://www.bitvise.com/ssh-server-version-history",
            "https://www.chiark.greenend.org.uk/~sgtatham/putty/changes.html",
            "https://www.crushftp.com/crush10wiki/Wiki.jsp?page=Update",
            "https://www.cve.org/CVERecord?id=CVE-2023-48795",
            "https://www.debian.org/security/2023/dsa-5586",
            "https://www.debian.org/security/2023/dsa-5588",
            "https://www.freebsd.org/security/advisories/FreeBSD-SA-23:19.openssh.asc",
            "https://www.lancom-systems.de/service-support/allgemeine-sicherheitshinweise#c243508",
            "https://www.netsarang.com/en/xshell-update-history",
            "https://www.netsarang.com/en/xshell-update-history/",
            "https://www.openssh.com/openbsd.html",
            "https://www.openssh.com/txt/release-9.6",
            "https://www.openwall.com/lists/oss-security/2023/12/18/2",
            "https://www.openwall.com/lists/oss-security/2023/12/18/3",
            "https://www.openwall.com/lists/oss-security/2023/12/20/3",
            "https://www.paramiko.org/changelog.html",
            "https://www.reddit.com/r/sysadmin/comments/18idv52/cve202348795_why_is_this_cve_still_undisclosed",
            "https://www.reddit.com/r/sysadmin/comments/18idv52/cve202348795_why_is_this_cve_still_undisclosed/",
            "https://www.suse.com/c/suse-addresses-the-ssh-v2-protocol-terrapin-attack-aka-cve-2023-48795",
            "https://www.suse.com/c/suse-addresses-the-ssh-v2-protocol-terrapin-attack-aka-cve-2023-48795/",
            "https://www.terrapin-attack.com",
            "https://www.theregister.com/2023/12/20/terrapin_attack_ssh",
            "https://www.vandyke.com/products/securecrt/history.txt"
          ],
          "PublishedDate": "2023-12-18T16:15:10.897Z",
          "LastModifiedDate": "2024-01-29T09:15:42.687Z"
        },
        {
          "VulnerabilityID": "GHSA-m425-mq94-257g",
          "PkgName": "google.golang.org/grpc",
          "PkgIdentifier": {
            "PURL": "pkg:golang/google.golang.org/grpc@v1.53.0"
          },
          "InstalledVersion": "v1.53.0",
          "FixedVersion": "1.56.3, 1.57.1, 1.58.3",
          "Status": "fixed",
          "Layer": {
            "DiffID": "sha256:c15d37fb0e7f03a77345c0c4aeb76ee18cc6cf9d568b1ae62833155cd084d955"
          },
          "SeveritySource": "ghsa",
          "PrimaryURL": "https://github.com/advisories/GHSA-m425-mq94-257g",
          "DataSource": {
            "ID": "ghsa",
            "Name": "GitHub Security Advisory Go",
            "URL": "https://github.com/advisories?query=type%3Areviewed+ecosystem%3Ago"
          },
          "Title": "gRPC-Go HTTP/2 Rapid Reset vulnerability",
          "Description": "### Impact\nIn affected releases of gRPC-Go, it is possible for an attacker to send HTTP/2 requests, cancel them, and send subsequent requests, which is valid by the HTTP/2 protocol, but would cause the gRPC-Go server to launch more concurrent method handlers than the configured maximum stream limit.\n\n### Patches\nThis vulnerability was addressed by #6703 and has been included in patch releases: 1.56.3, 1.57.1, 1.58.3.  It is also included in the latest release, 1.59.0.\n\nAlong with applying the patch, users should also ensure they are using the `grpc.MaxConcurrentStreams` server option to apply a limit to the server's resources used for any single connection.\n\n### Workarounds\nNone.\n\n### References\n#6703\n",
          "Severity": "HIGH",
          "VendorSeverity": {
            "ghsa": 3
          },
          "CVSS": {
            "ghsa": {
              "V3Vector": "CVSS:3.1/AV:N/AC:L/PR:N/UI:N/S:U/C:N/I:N/A:H",
              "V3Score": 7.5
            }
          },
          "References": [
            "https://github.com/grpc/grpc-go",
            "https://github.com/grpc/grpc-go/commit/f2180b4d5403d2210b30b93098eb7da31c05c721",
            "https://github.com/grpc/grpc-go/pull/6703",
            "https://github.com/grpc/grpc-go/security/advisories/GHSA-m425-mq94-257g"
          ]
        },
        {
          "VulnerabilityID": "CVE-2023-44487",
          "PkgName": "google.golang.org/grpc",
          "PkgIdentifier": {
            "PURL": "pkg:golang/google.golang.org/grpc@v1.53.0"
          },
          "InstalledVersion": "v1.53.0",
          "FixedVersion": "1.58.3, 1.57.1, 1.56.3",
          "Status": "fixed",
          "Layer": {
            "DiffID": "sha256:c15d37fb0e7f03a77345c0c4aeb76ee18cc6cf9d568b1ae62833155cd084d955"
          },
          "SeveritySource": "ghsa",
          "PrimaryURL": "https://avd.aquasec.com/nvd/cve-2023-44487",
          "DataSource": {
            "ID": "ghsa",
            "Name": "GitHub Security Advisory Go",
            "URL": "https://github.com/advisories?query=type%3Areviewed+ecosystem%3Ago"
          },
          "Title": "HTTP/2: Multiple HTTP/2 enabled web servers are vulnerable to a DDoS attack (Rapid Reset Attack)",
          "Description": "The HTTP/2 protocol allows a denial of service (server resource consumption) because request cancellation can reset many streams quickly, as exploited in the wild in August through October 2023.",
          "Severity": "MEDIUM",
          "CweIDs": [
            "CWE-400"
          ],
          "VendorSeverity": {
            "alma": 3,
            "amazon": 3,
            "bitnami": 3,
            "cbl-mariner": 3,
            "ghsa": 2,
            "nvd": 3,
            "oracle-oval": 3,
            "photon": 3,
            "redhat": 3,
            "rocky": 3,
            "ubuntu": 2
          },
          "CVSS": {
            "bitnami": {
              "V3Vector": "CVSS:3.1/AV:N/AC:L/PR:N/UI:N/S:U/C:N/I:N/A:H",
              "V3Score": 7.5
            },
            "ghsa": {
              "V3Vector": "CVSS:3.1/AV:N/AC:L/PR:N/UI:N/S:U/C:N/I:N/A:L",
              "V3Score": 5.3
            },
            "nvd": {
              "V3Vector": "CVSS:3.1/AV:N/AC:L/PR:N/UI:N/S:U/C:N/I:N/A:H",
              "V3Score": 7.5
            },
            "redhat": {
              "V3Vector": "CVSS:3.1/AV:N/AC:L/PR:N/UI:N/S:U/C:N/I:N/A:H",
              "V3Score": 7.5
            }
          },
          "References": [
            "http://www.openwall.com/lists/oss-security/2023/10/13/4",
            "http://www.openwall.com/lists/oss-security/2023/10/13/9",
            "http://www.openwall.com/lists/oss-security/2023/10/18/4",
            "http://www.openwall.com/lists/oss-security/2023/10/18/8",
            "http://www.openwall.com/lists/oss-security/2023/10/19/6",
            "http://www.openwall.com/lists/oss-security/2023/10/20/8",
            "https://access.redhat.com/errata/RHSA-2023:6746",
            "https://access.redhat.com/security/cve/CVE-2023-44487",
            "https://access.redhat.com/security/cve/cve-2023-44487",
            "https://arstechnica.com/security/2023/10/how-ddosers-used-the-http-2-protocol-to-deliver-attacks-of-unprecedented-size",
            "https://arstechnica.com/security/2023/10/how-ddosers-used-the-http-2-protocol-to-deliver-attacks-of-unprecedented-size/",
            "https://aws.amazon.com/security/security-bulletins/AWS-2023-011",
            "https://aws.amazon.com/security/security-bulletins/AWS-2023-011/",
            "https://blog.cloudflare.com/technical-breakdown-http2-rapid-reset-ddos-attack",
            "https://blog.cloudflare.com/technical-breakdown-http2-rapid-reset-ddos-attack/",
            "https://blog.cloudflare.com/zero-day-rapid-reset-http2-record-breaking-ddos-attack",
            "https://blog.cloudflare.com/zero-day-rapid-reset-http2-record-breaking-ddos-attack/",
            "https://blog.litespeedtech.com/2023/10/11/rapid-reset-http-2-vulnerablilty",
            "https://blog.litespeedtech.com/2023/10/11/rapid-reset-http-2-vulnerablilty/",
            "https://blog.qualys.com/vulnerabilities-threat-research/2023/10/10/cve-2023-44487-http-2-rapid-reset-attack",
            "https://blog.vespa.ai/cve-2023-44487",
            "https://blog.vespa.ai/cve-2023-44487/",
            "https://bugzilla.proxmox.com/show_bug.cgi?id=4988",
            "https://bugzilla.redhat.com/2242803",
            "https://bugzilla.redhat.com/show_bug.cgi?id=2242803",
            "https://bugzilla.suse.com/show_bug.cgi?id=1216123",
            "https://cgit.freebsd.org/ports/commit/?id=c64c329c2c1752f46b73e3e6ce9f4329be6629f9",
            "https://chaos.social/@icing/111210915918780532",
            "https://cloud.google.com/blog/products/identity-security/google-cloud-mitigated-largest-ddos-attack-peaking-above-398-million-rps",
            "https://cloud.google.com/blog/products/identity-security/google-cloud-mitigated-largest-ddos-attack-peaking-above-398-million-rps/",
            "https://cloud.google.com/blog/products/identity-security/how-it-works-the-novel-http2-rapid-reset-ddos-attack",
            "https://community.traefik.io/t/is-traefik-vulnerable-to-cve-2023-44487/20125",
            "https://cve.mitre.org/cgi-bin/cvename.cgi?name=CVE-2023-44487",
            "https://devblogs.microsoft.com/dotnet/october-2023-updates/",
            "https://discuss.hashicorp.com/t/hcsec-2023-32-vault-consul-and-boundary-affected-by-http-2-rapid-reset-denial-of-service-vulnerability-cve-2023-44487/59715",
            "https://edg.io/lp/blog/resets-leaks-ddos-and-the-tale-of-a-hidden-cve",
            "https://errata.almalinux.org/9/ALSA-2023-6746.html",
            "https://errata.rockylinux.org/RLSA-2023:5928",
            "https://forums.swift.org/t/swift-nio-http2-security-update-cve-2023-44487-http-2-dos/67764",
            "https://gist.github.com/adulau/7c2bfb8e9cdbe4b35a5e131c66a0c088",
            "https://github.com/Azure/AKS/issues/3947",
            "https://github.com/Kong/kong/discussions/11741",
            "https://github.com/advisories/GHSA-qppj-fm5r-hxr3",
            "https://github.com/advisories/GHSA-vx74-f528-fxqg",
            "https://github.com/advisories/GHSA-xpw8-rcwv-8f8p",
            "https://github.com/akka/akka-http/issues/4323",
            "https://github.com/alibaba/tengine/issues/1872",
            "https://github.com/apache/apisix/issues/10320",
            "https://github.com/apache/httpd-site/pull/10",
            "https://github.com/apache/httpd/blob/afcdbeebbff4b0c50ea26cdd16e178c0d1f24152/modules/http2/h2_mplx.c#L1101-L1113",
            "https://github.com/apache/tomcat/tree/main/java/org/apache/coyote/http2",
            "https://github.com/apache/trafficserver/pull/10564",
            "https://github.com/apple/swift-nio-http2",
            "https://github.com/apple/swift-nio-http2/security/advisories/GHSA-qppj-fm5r-hxr3",
            "https://github.com/arkrwn/PoC/tree/main/CVE-2023-44487",
            "https://github.com/bcdannyboy/CVE-2023-44487",
            "https://github.com/caddyserver/caddy/issues/5877",
            "https://github.com/caddyserver/caddy/releases/tag/v2.7.5",
            "https://github.com/dotnet/announcements/issues/277",
            "https://github.com/dotnet/core/blob/e4613450ea0da7fd2fc6b61dfb2c1c1dec1ce9ec/release-notes/6.0/6.0.23/6.0.23.md?plain=1#L73",
            "https://github.com/eclipse/jetty.project/issues/10679",
            "https://github.com/envoyproxy/envoy/pull/30055",
            "https://github.com/etcd-io/etcd/issues/16740",
            "https://github.com/facebook/proxygen/pull/466",
            "https://github.com/golang/go/issues/63417",
            "https://github.com/grpc/grpc-go/pull/6703",
            "https://github.com/grpc/grpc-go/releases",
            "https://github.com/h2o/h2o/pull/3291",
            "https://github.com/h2o/h2o/security/advisories/GHSA-2m7v-gc89-fjqf",
            "https://github.com/haproxy/haproxy/issues/2312",
            "https://github.com/hyperium/hyper/issues/3337",
            "https://github.com/icing/mod_h2/blob/0a864782af0a942aa2ad4ed960a6b32cd35bcf0a/mod_http2/README.md?plain=1#L239-L244",
            "https://github.com/junkurihara/rust-rpxy/issues/97",
            "https://github.com/kazu-yamamoto/http2/commit/f61d41a502bd0f60eb24e1ce14edc7b6df6722a1",
            "https://github.com/kazu-yamamoto/http2/issues/93",
            "https://github.com/kubernetes/kubernetes/pull/121120",
            "https://github.com/line/armeria/pull/5232",
            "https://github.com/linkerd/website/pull/1695/commits/4b9c6836471bc8270ab48aae6fd2181bc73fd632",
            "https://github.com/micrictor/http2-rst-stream",
            "https://github.com/microsoft/CBL-Mariner/pull/6381",
            "https://github.com/netty/netty/commit/58f75f665aa81a8cbcf6ffa74820042a285c5e61",
            "https://github.com/nghttp2/nghttp2/pull/1961",
            "https://github.com/nghttp2/nghttp2/releases/tag/v1.57.0",
            "https://github.com/ninenines/cowboy/issues/1615",
            "https://github.com/nodejs/node/pull/50121",
            "https://github.com/openresty/openresty/issues/930",
            "https://github.com/opensearch-project/data-prepper/issues/3474",
            "https://github.com/oqtane/oqtane.framework/discussions/3367",
            "https://github.com/projectcontour/contour/pull/5826",
            "https://github.com/tempesta-tech/tempesta/issues/1986",
            "https://github.com/varnishcache/varnish-cache/issues/3996",
            "https://go.dev/cl/534215",
            "https://go.dev/cl/534235",
            "https://go.dev/issue/63417",
            "https://groups.google.com/g/golang-announce/c/iNNxDTCjZvo",
            "https://groups.google.com/g/golang-announce/c/iNNxDTCjZvo/m/UDd7VKQuAAAJ",
            "https://istio.io/latest/news/security/istio-security-2023-004",
            "https://istio.io/latest/news/security/istio-security-2023-004/",
            "https://linkerd.io/2023/10/12/linkerd-cve-2023-44487",
            "https://linkerd.io/2023/10/12/linkerd-cve-2023-44487/",
            "https://linux.oracle.com/cve/CVE-2023-44487.html",
            "https://linux.oracle.com/errata/ELSA-2023-7205.html",
            "https://lists.apache.org/thread/5py8h42mxfsn8l1wy6o41xwhsjlsd87q",
            "https://lists.debian.org/debian-lts-announce/2023/10/msg00020.html",
            "https://lists.debian.org/debian-lts-announce/2023/10/msg00023.html",
            "https://lists.debian.org/debian-lts-announce/2023/10/msg00024.html",
            "https://lists.debian.org/debian-lts-announce/2023/10/msg00045.html",
            "https://lists.debian.org/debian-lts-announce/2023/10/msg00047.html",
            "https://lists.debian.org/debian-lts-announce/2023/11/msg00001.html",
            "https://lists.debian.org/debian-lts-announce/2023/11/msg00012.html",
            "https://lists.fedoraproject.org/archives/list/package-announce%40lists.fedoraproject.org/message/2MBEPPC36UBVOZZNAXFHKLFGSLCMN5LI",
            "https://lists.fedoraproject.org/archives/list/package-announce%40lists.fedoraproject.org/message/2MBEPPC36UBVOZZNAXFHKLFGSLCMN5LI/",
            "https://lists.fedoraproject.org/archives/list/package-announce%40lists.fedoraproject.org/message/3N4NJ7FR4X4FPZUGNTQAPSTVB2HB2Y4A",
            "https://lists.fedoraproject.org/archives/list/package-announce%40lists.fedoraproject.org/message/3N4NJ7FR4X4FPZUGNTQAPSTVB2HB2Y4A/",
            "https://lists.fedoraproject.org/archives/list/package-announce%40lists.fedoraproject.org/message/BFQD3KUEMFBHPAPBGLWQC34L4OWL5HAZ",
            "https://lists.fedoraproject.org/archives/list/package-announce%40lists.fedoraproject.org/message/BFQD3KUEMFBHPAPBGLWQC34L4OWL5HAZ/",
            "https://lists.fedoraproject.org/archives/list/package-announce%40lists.fedoraproject.org/message/CLB4TW7KALB3EEQWNWCN7OUIWWVWWCG2",
            "https://lists.fedoraproject.org/archives/list/package-announce%40lists.fedoraproject.org/message/CLB4TW7KALB3EEQWNWCN7OUIWWVWWCG2/",
            "https://lists.fedoraproject.org/archives/list/package-announce%40lists.fedoraproject.org/message/E72T67UPDRXHIDLO3OROR25YAMN4GGW5",
            "https://lists.fedoraproject.org/archives/list/package-announce%40lists.fedoraproject.org/message/E72T67UPDRXHIDLO3OROR25YAMN4GGW5/",
            "https://lists.fedoraproject.org/archives/list/package-announce%40lists.fedoraproject.org/message/FNA62Q767CFAFHBCDKYNPBMZWB7TWYVU",
            "https://lists.fedoraproject.org/archives/list/package-announce%40lists.fedoraproject.org/message/FNA62Q767CFAFHBCDKYNPBMZWB7TWYVU/",
            "https://lists.fedoraproject.org/archives/list/package-announce%40lists.fedoraproject.org/message/HT7T2R4MQKLIF4ODV4BDLPARWFPCJ5CZ",
            "https://lists.fedoraproject.org/archives/list/package-announce%40lists.fedoraproject.org/message/HT7T2R4MQKLIF4ODV4BDLPARWFPCJ5CZ/",
            "https://lists.fedoraproject.org/archives/list/package-announce%40lists.fedoraproject.org/message/JIZSEFC3YKCGABA2BZW6ZJRMDZJMB7PJ",
            "https://lists.fedoraproject.org/archives/list/package-announce%40lists.fedoraproject.org/message/JIZSEFC3YKCGABA2BZW6ZJRMDZJMB7PJ/",
            "https://lists.fedoraproject.org/archives/list/package-announce%40lists.fedoraproject.org/message/JMEXY22BFG5Q64HQCM5CK2Q7KDKVV4TY",
            "https://lists.fedoraproject.org/archives/list/package-announce%40lists.fedoraproject.org/message/JMEXY22BFG5Q64HQCM5CK2Q7KDKVV4TY/",
            "https://lists.fedoraproject.org/archives/list/package-announce%40lists.fedoraproject.org/message/KSEGD2IWKNUO3DWY4KQGUQM5BISRWHQE",
            "https://lists.fedoraproject.org/archives/list/package-announce%40lists.fedoraproject.org/message/KSEGD2IWKNUO3DWY4KQGUQM5BISRWHQE/",
            "https://lists.fedoraproject.org/archives/list/package-announce%40lists.fedoraproject.org/message/LKYHSZQFDNR7RSA7LHVLLIAQMVYCUGBG",
            "https://lists.fedoraproject.org/archives/list/package-announce%40lists.fedoraproject.org/message/LKYHSZQFDNR7RSA7LHVLLIAQMVYCUGBG/",
            "https://lists.fedoraproject.org/archives/list/package-announce%40lists.fedoraproject.org/message/LNMZJCDHGLJJLXO4OXWJMTVQRNWOC7UL",
            "https://lists.fedoraproject.org/archives/list/package-announce%40lists.fedoraproject.org/message/LNMZJCDHGLJJLXO4OXWJMTVQRNWOC7UL/",
            "https://lists.fedoraproject.org/archives/list/package-announce%40lists.fedoraproject.org/message/VHUHTSXLXGXS7JYKBXTA3VINUPHTNGVU",
            "https://lists.fedoraproject.org/archives/list/package-announce%40lists.fedoraproject.org/message/VHUHTSXLXGXS7JYKBXTA3VINUPHTNGVU/",
            "https://lists.fedoraproject.org/archives/list/package-announce%40lists.fedoraproject.org/message/VSRDIV77HNKUSM7SJC5BKE5JSHLHU2NK",
            "https://lists.fedoraproject.org/archives/list/package-announce%40lists.fedoraproject.org/message/VSRDIV77HNKUSM7SJC5BKE5JSHLHU2NK/",
            "https://lists.fedoraproject.org/archives/list/package-announce%40lists.fedoraproject.org/message/WE2I52RHNNU42PX6NZ2RBUHSFFJ2LVZX",
            "https://lists.fedoraproject.org/archives/list/package-announce%40lists.fedoraproject.org/message/WE2I52RHNNU42PX6NZ2RBUHSFFJ2LVZX/",
            "https://lists.fedoraproject.org/archives/list/package-announce%40lists.fedoraproject.org/message/WLPRQ5TWUQQXYWBJM7ECYDAIL2YVKIUH",
            "https://lists.fedoraproject.org/archives/list/package-announce%40lists.fedoraproject.org/message/WLPRQ5TWUQQXYWBJM7ECYDAIL2YVKIUH/",
            "https://lists.fedoraproject.org/archives/list/package-announce%40lists.fedoraproject.org/message/X6QXN4ORIVF6XBW4WWFE7VNPVC74S45Y",
            "https://lists.fedoraproject.org/archives/list/package-announce%40lists.fedoraproject.org/message/X6QXN4ORIVF6XBW4WWFE7VNPVC74S45Y/",
            "https://lists.fedoraproject.org/archives/list/package-announce%40lists.fedoraproject.org/message/XFOIBB4YFICHDM7IBOP7PWXW3FX4HLL2",
            "https://lists.fedoraproject.org/archives/list/package-announce%40lists.fedoraproject.org/message/XFOIBB4YFICHDM7IBOP7PWXW3FX4HLL2/",
            "https://lists.fedoraproject.org/archives/list/package-announce%40lists.fedoraproject.org/message/ZB43REMKRQR62NJEI7I5NQ4FSXNLBKRT",
            "https://lists.fedoraproject.org/archives/list/package-announce%40lists.fedoraproject.org/message/ZB43REMKRQR62NJEI7I5NQ4FSXNLBKRT/",
            "https://lists.fedoraproject.org/archives/list/package-announce%40lists.fedoraproject.org/message/ZKQSIKIAT5TJ3WSLU3RDBQ35YX4GY4V3",
            "https://lists.fedoraproject.org/archives/list/package-announce%40lists.fedoraproject.org/message/ZKQSIKIAT5TJ3WSLU3RDBQ35YX4GY4V3/",
            "https://lists.fedoraproject.org/archives/list/package-announce%40lists.fedoraproject.org/message/ZLU6U2R2IC2K64NDPNMV55AUAO65MAF4",
            "https://lists.fedoraproject.org/archives/list/package-announce%40lists.fedoraproject.org/message/ZLU6U2R2IC2K64NDPNMV55AUAO65MAF4/",
            "https://lists.fedoraproject.org/archives/list/package-announce@lists.fedoraproject.org/message/3N4NJ7FR4X4FPZUGNTQAPSTVB2HB2Y4A",
            "https://lists.fedoraproject.org/archives/list/package-announce@lists.fedoraproject.org/message/BFQD3KUEMFBHPAPBGLWQC34L4OWL5HAZ",
            "https://lists.fedoraproject.org/archives/list/package-announce@lists.fedoraproject.org/message/CLB4TW7KALB3EEQWNWCN7OUIWWVWWCG2",
            "https://lists.fedoraproject.org/archives/list/package-announce@lists.fedoraproject.org/message/E72T67UPDRXHIDLO3OROR25YAMN4GGW5",
            "https://lists.fedoraproject.org/archives/list/package-announce@lists.fedoraproject.org/message/FNA62Q767CFAFHBCDKYNPBMZWB7TWYVU",
            "https://lists.fedoraproject.org/archives/list/package-announce@lists.fedoraproject.org/message/HT7T2R4MQKLIF4ODV4BDLPARWFPCJ5CZ",
            "https://lists.fedoraproject.org/archives/list/package-announce@lists.fedoraproject.org/message/JIZSEFC3YKCGABA2BZW6ZJRMDZJMB7PJ",
            "https://lists.fedoraproject.org/archives/list/package-announce@lists.fedoraproject.org/message/JMEXY22BFG5Q64HQCM5CK2Q7KDKVV4TY",
            "https://lists.fedoraproject.org/archives/list/package-announce@lists.fedoraproject.org/message/KSEGD2IWKNUO3DWY4KQGUQM5BISRWHQE",
            "https://lists.fedoraproject.org/archives/list/package-announce@lists.fedoraproject.org/message/LKYHSZQFDNR7RSA7LHVLLIAQMVYCUGBG",
            "https://lists.fedoraproject.org/archives/list/package-announce@lists.fedoraproject.org/message/LNMZJCDHGLJJLXO4OXWJMTVQRNWOC7UL",
            "https://lists.fedoraproject.org/archives/list/package-announce@lists.fedoraproject.org/message/VHUHTSXLXGXS7JYKBXTA3VINUPHTNGVU",
            "https://lists.fedoraproject.org/archives/list/package-announce@lists.fedoraproject.org/message/VSRDIV77HNKUSM7SJC5BKE5JSHLHU2NK",
            "https://lists.fedoraproject.org/archives/list/package-announce@lists.fedoraproject.org/message/WLPRQ5TWUQQXYWBJM7ECYDAIL2YVKIUH",
            "https://lists.fedoraproject.org/archives/list/package-announce@lists.fedoraproject.org/message/X6QXN4ORIVF6XBW4WWFE7VNPVC74S45Y",
            "https://lists.fedoraproject.org/archives/list/package-announce@lists.fedoraproject.org/message/XFOIBB4YFICHDM7IBOP7PWXW3FX4HLL2",
            "https://lists.fedoraproject.org/archives/list/package-announce@lists.fedoraproject.org/message/ZB43REMKRQR62NJEI7I5NQ4FSXNLBKRT",
            "https://lists.fedoraproject.org/archives/list/package-announce@lists.fedoraproject.org/message/ZKQSIKIAT5TJ3WSLU3RDBQ35YX4GY4V3",
            "https://lists.fedoraproject.org/archives/list/package-announce@lists.fedoraproject.org/message/ZLU6U2R2IC2K64NDPNMV55AUAO65MAF4",
            "https://lists.w3.org/Archives/Public/ietf-http-wg/2023OctDec/0025.html",
            "https://mailman.nginx.org/pipermail/nginx-devel/2023-October/S36Q5HBXR7CAIMPLLPRSSSYR4PCMWILK.html",
            "https://martinthomson.github.io/h2-stream-limits/draft-thomson-httpbis-h2-stream-limits.html",
            "https://msrc.microsoft.com/blog/2023/10/microsoft-response-to-distributed-denial-of-service-ddos-attacks-against-http/2",
            "https://msrc.microsoft.com/blog/2023/10/microsoft-response-to-distributed-denial-of-service-ddos-attacks-against-http/2/",
            "https://msrc.microsoft.com/update-guide/vulnerability/CVE-2023-44487",
            "https://my.f5.com/manage/s/article/K000137106",
            "https://netty.io/news/2023/10/10/4-1-100-Final.html",
            "https://news.ycombinator.com/item?id=37830987",
            "https://news.ycombinator.com/item?id=37830998",
            "https://news.ycombinator.com/item?id=37831062",
            "https://news.ycombinator.com/item?id=37837043",
            "https://nodejs.org/en/blog/vulnerability/october-2023-security-releases",
            "https://nvd.nist.gov/vuln/detail/CVE-2023-44487",
            "https://openssf.org/blog/2023/10/10/http-2-rapid-reset-vulnerability-highlights-need-for-rapid-response",
            "https://openssf.org/blog/2023/10/10/http-2-rapid-reset-vulnerability-highlights-need-for-rapid-response/",
            "https://pkg.go.dev/vuln/GO-2023-2102",
            "https://seanmonstar.com/post/730794151136935936/hyper-http2-rapid-reset-unaffected",
            "https://security.gentoo.org/glsa/202311-09",
            "https://security.netapp.com/advisory/ntap-20231016-0001",
            "https://security.netapp.com/advisory/ntap-20231016-0001/",
            "https://security.paloaltonetworks.com/CVE-2023-44487",
            "https://tomcat.apache.org/security-10.html#Fixed_in_Apache_Tomcat_10.1.14",
            "https://tomcat.apache.org/security-11.html#Fixed_in_Apache_Tomcat_11.0.0-M12",
            "https://tomcat.apache.org/security-8.html#Fixed_in_Apache_Tomcat_8.5.94",
            "https://tomcat.apache.org/security-9.html#Fixed_in_Apache_Tomcat_9.0.81",
            "https://ubuntu.com/security/CVE-2023-44487",
            "https://ubuntu.com/security/notices/USN-6427-1",
            "https://ubuntu.com/security/notices/USN-6427-2",
            "https://ubuntu.com/security/notices/USN-6438-1",
            "https://ubuntu.com/security/notices/USN-6505-1",
            "https://ubuntu.com/security/notices/USN-6574-1",
            "https://www.bleepingcomputer.com/news/security/new-http-2-rapid-reset-zero-day-attack-breaks-ddos-records",
            "https://www.bleepingcomputer.com/news/security/new-http-2-rapid-reset-zero-day-attack-breaks-ddos-records/",
            "https://www.cisa.gov/news-events/alerts/2023/10/10/http2-rapid-reset-vulnerability-cve-2023-44487",
            "https://www.cve.org/CVERecord?id=CVE-2023-44487",
            "https://www.darkreading.com/cloud/internet-wide-zero-day-bug-fuels-largest-ever-ddos-event",
            "https://www.debian.org/security/2023/dsa-5521",
            "https://www.debian.org/security/2023/dsa-5522",
            "https://www.debian.org/security/2023/dsa-5540",
            "https://www.debian.org/security/2023/dsa-5549",
            "https://www.debian.org/security/2023/dsa-5558",
            "https://www.debian.org/security/2023/dsa-5570",
            "https://www.haproxy.com/blog/haproxy-is-not-affected-by-the-http-2-rapid-reset-attack-cve-2023-44487",
            "https://www.mail-archive.com/haproxy@formilux.org/msg44134.html",
            "https://www.netlify.com/blog/netlify-successfully-mitigates-cve-2023-44487",
            "https://www.netlify.com/blog/netlify-successfully-mitigates-cve-2023-44487/",
            "https://www.nginx.com/blog/http-2-rapid-reset-attack-impacting-f5-nginx-products",
            "https://www.nginx.com/blog/http-2-rapid-reset-attack-impacting-f5-nginx-products/",
            "https://www.openwall.com/lists/oss-security/2023/10/10/6",
            "https://www.phoronix.com/news/HTTP2-Rapid-Reset-Attack",
            "https://www.theregister.com/2023/10/10/http2_rapid_reset_zeroday",
            "https://www.theregister.com/2023/10/10/http2_rapid_reset_zeroday/"
          ],
          "PublishedDate": "2023-10-10T14:15:10.883Z",
          "LastModifiedDate": "2024-02-02T15:40:23.61Z"
        }
      ]
    },
    {
      "Target": "usr/local/libexec/docker/cli-plugins/docker-compose",
      "Class": "lang-pkgs",
      "Type": "gobinary",
      "Vulnerabilities": [
        {
          "VulnerabilityID": "CVE-2023-47108",
          "PkgName": "go.opentelemetry.io/contrib/instrumentation/google.golang.org/grpc/otelgrpc",
          "PkgIdentifier": {
            "PURL": "pkg:golang/go.opentelemetry.io/contrib/instrumentation/google.golang.org/grpc/otelgrpc@v0.45.0"
          },
          "InstalledVersion": "v0.45.0",
          "FixedVersion": "0.46.0",
          "Status": "fixed",
          "Layer": {
            "DiffID": "sha256:1bfcba507430c905a69b65bc8d5405e0779961d98e8dc8c86ea65ab9dedb54a4"
          },
          "SeveritySource": "ghsa",
          "PrimaryURL": "https://avd.aquasec.com/nvd/cve-2023-47108",
          "DataSource": {
            "ID": "ghsa",
            "Name": "GitHub Security Advisory Go",
            "URL": "https://github.com/advisories?query=type%3Areviewed+ecosystem%3Ago"
          },
          "Title": "opentelemetry-go-contrib: DoS vulnerability in otelgrpc due to unbound cardinality metrics",
          "Description": "OpenTelemetry-Go Contrib is a collection of third-party packages for OpenTelemetry-Go. Prior to version 0.46.0, the grpc Unary Server Interceptor out of the box adds labels `net.peer.sock.addr` and `net.peer.sock.port` that have unbound cardinality. It leads to the server's potential memory exhaustion when many malicious requests are sent. An attacker can easily flood the peer address and port for requests. Version 0.46.0 contains a fix for this issue. As a workaround to stop being affected, a view removing the attributes can be used. The other possibility is to disable grpc metrics instrumentation by passing `otelgrpc.WithMeterProvider` option with `noop.NewMeterProvider`.",
          "Severity": "HIGH",
          "CweIDs": [
            "CWE-770"
          ],
          "VendorSeverity": {
            "amazon": 3,
            "cbl-mariner": 3,
            "ghsa": 3,
            "nvd": 3,
            "redhat": 2
          },
          "CVSS": {
            "ghsa": {
              "V3Vector": "CVSS:3.1/AV:N/AC:L/PR:N/UI:N/S:U/C:N/I:N/A:H",
              "V3Score": 7.5
            },
            "nvd": {
              "V3Vector": "CVSS:3.1/AV:N/AC:L/PR:N/UI:N/S:U/C:N/I:N/A:H",
              "V3Score": 7.5
            },
            "redhat": {
              "V3Vector": "CVSS:3.1/AV:N/AC:L/PR:N/UI:N/S:U/C:N/I:N/A:H",
              "V3Score": 7.5
            }
          },
          "References": [
            "https://access.redhat.com/security/cve/CVE-2023-47108",
            "https://github.com/open-telemetry/opentelemetry-go-contrib",
            "https://github.com/open-telemetry/opentelemetry-go-contrib/blob/9d4eb7e7706038b07d33f83f76afbe13f53d171d/instrumentation/google.golang.org/grpc/otelgrpc/interceptor.go#L327",
            "https://github.com/open-telemetry/opentelemetry-go-contrib/blob/instrumentation/google.golang.org/grpc/otelgrpc/v0.45.0/instrumentation/google.golang.org/grpc/otelgrpc/config.go#L138",
            "https://github.com/open-telemetry/opentelemetry-go-contrib/commit/b44dfc9092b157625a5815cb437583cee663333b",
            "https://github.com/open-telemetry/opentelemetry-go-contrib/pull/4322",
            "https://github.com/open-telemetry/opentelemetry-go-contrib/security/advisories/GHSA-8pgv-569h-w5rw",
            "https://nvd.nist.gov/vuln/detail/CVE-2023-47108",
            "https://pkg.go.dev/go.opentelemetry.io/otel/metric/noop#NewMeterProvider",
            "https://www.cve.org/CVERecord?id=CVE-2023-47108"
          ],
          "PublishedDate": "2023-11-10T19:15:16.41Z",
          "LastModifiedDate": "2023-11-20T19:34:26.493Z"
        }
      ]
    }
  ]
}
