{
  "SchemaVersion": 2,
  "CreatedAt": "2024-02-25T05:44:34.132998108Z",
  "ArtifactName": "library/eggdrop:latest",
  "ArtifactType": "container_image",
  "Metadata": {
    "OS": {
      "Family": "alpine",
      "Name": "3.16.9"
    },
    "ImageID": "sha256:4648b668050242dd18c9efec9b9d8f748df6c9f3b9a12aa49712160c42149a40",
    "DiffIDs": [
      "sha256:5535fda0356bb3eff348b2f618314a47946d7ccfbeb880b3fc910dd7375ae140",
      "sha256:4d2924014ac849e49206c95f7b8fe05f3f76adff4c6e134726719d5aa03f91ad",
      "sha256:65c9238d43b1634fcde5557161aace213a7ef2fd8c5e2cab1f610e97d2a68d19",
      "sha256:9aec89b5a13a2d9d7b6519af796a1383cd68e2d1600aa1ef4d8924238b19224c",
      "sha256:bf0f70caf4834a168eeeb341ba3dbf8a88f8fc2f2953cb01aa96928412c40f3c",
      "sha256:94505a1139b24c94237b55ea8ae4787d5ec2d8694b45f831e3ad9904cdbaf544",
      "sha256:c7230537610b752d6b4faa35a3c52c906414b7b6ab0f0be6235b8ac32cf176fb"
    ],
    "RepoTags": [
      "eggdrop:latest"
    ],
    "RepoDigests": [
      "eggdrop@sha256:bec20345540bb9f7cdc9815486ee346bcf83adc21704efece01e64ec163fdb5e"
    ],
    "ImageConfig": {
      "architecture": "amd64",
      "author": "Geo Van O \u003cgeo@eggheads.org\u003e",
      "container": "67c5751f5abb01726a04e7266e863b981ee38906490c1bfe802fb757a7d3bae2",
      "created": "2024-01-27T03:48:57.341610878Z",
      "docker_version": "20.10.23",
      "history": [
        {
          "created": "2024-01-27T00:31:09Z",
          "created_by": "/bin/sh -c #(nop) ADD file:b308dfeecaa300a430b4e65e312a48eb5f191df7754e93ff4e7b2d04016b3ca7 in / "
        },
        {
          "created": "2024-01-27T00:31:09Z",
          "created_by": "/bin/sh -c #(nop)  CMD [\"/bin/sh\"]",
          "empty_layer": true
        },
        {
          "created": "2024-01-27T03:44:58Z",
          "created_by": "/bin/sh -c #(nop)  MAINTAINER Geo Van O \u003cgeo@eggheads.org\u003e",
          "empty_layer": true
        },
        {
          "created": "2024-01-27T03:44:58Z",
          "created_by": "/bin/sh -c adduser -S eggdrop"
        },
        {
          "created": "2024-01-27T03:44:59Z",
          "created_by": "/bin/sh -c apk add --no-cache 'su-exec\u003e=0.2'"
        },
        {
          "created": "2024-01-27T03:45:01Z",
          "created_by": "/bin/sh -c apk add --no-cache tcl bash openssl"
        },
        {
          "created": "2024-01-27T03:48:56Z",
          "created_by": "/bin/sh -c apk add --no-cache --virtual egg-deps wget ca-certificates make tar gnupg build-base openssl-dev   \u0026\u0026 wget \"https://prdownloads.sourceforge.net/tcl/tcl8.6.12-src.tar.gz\" -O tcl8.6.12-src.tar.gz   \u0026\u0026 tar -zxf tcl8.6.12-src.tar.gz   \u0026\u0026 ( cd tcl8.6.12     \u0026\u0026 sed -i \"/define TCL_UTF_MAX/c\\#define TCL_UTF_MAX 6\" generic/tcl.h     \u0026\u0026 cd unix     \u0026\u0026 ./configure     \u0026\u0026 make     \u0026\u0026 make install )   \u0026\u0026 rm tcl8.6.12-src.tar.gz   \u0026\u0026 rm -rf tcl8.6.12   \u0026\u0026 wget ftp://ftp.eggheads.org/pub/eggdrop/source/1.9/eggdrop-1.9.5.tar.gz   \u0026\u0026 wget ftp://ftp.eggheads.org/pub/eggdrop/source/1.9/eggdrop-1.9.5.tar.gz.asc   \u0026\u0026 gpg --keyserver keyserver.ubuntu.com --recv-key E01C240484DE7DBE190FE141E7667DE1D1A39AFF   \u0026\u0026 gpg --batch --verify eggdrop-1.9.5.tar.gz.asc eggdrop-1.9.5.tar.gz   \u0026\u0026 command -v gpgconf \u003e /dev/null   \u0026\u0026 gpgconf --kill all   \u0026\u0026 rm eggdrop-1.9.5.tar.gz.asc   \u0026\u0026 tar -zxvf eggdrop-1.9.5.tar.gz   \u0026\u0026 rm eggdrop-1.9.5.tar.gz   \u0026\u0026 ( cd eggdrop-1.9.5     \u0026\u0026 ./configure     \u0026\u0026 make config     \u0026\u0026 make     \u0026\u0026 make install DEST=/home/eggdrop/eggdrop )   \u0026\u0026 rm -rf eggdrop-1.9.5   \u0026\u0026 mkdir /home/eggdrop/eggdrop/data   \u0026\u0026 chown -R eggdrop /home/eggdrop/eggdrop   \u0026\u0026 apk del egg-deps"
        },
        {
          "created": "2024-01-27T03:48:56Z",
          "created_by": "/bin/sh -c #(nop)  ENV NICK=",
          "empty_layer": true
        },
        {
          "created": "2024-01-27T03:48:56Z",
          "created_by": "/bin/sh -c #(nop)  ENV SERVER=",
          "empty_layer": true
        },
        {
          "created": "2024-01-27T03:48:56Z",
          "created_by": "/bin/sh -c #(nop)  ENV LISTEN=3333",
          "empty_layer": true
        },
        {
          "created": "2024-01-27T03:48:56Z",
          "created_by": "/bin/sh -c #(nop)  ENV OWNER=",
          "empty_layer": true
        },
        {
          "created": "2024-01-27T03:48:56Z",
          "created_by": "/bin/sh -c #(nop)  ENV USERFILE=eggdrop.user",
          "empty_layer": true
        },
        {
          "created": "2024-01-27T03:48:56Z",
          "created_by": "/bin/sh -c #(nop)  ENV CHANFILE=eggdrop.chan",
          "empty_layer": true
        },
        {
          "created": "2024-01-27T03:48:56Z",
          "created_by": "/bin/sh -c #(nop) WORKDIR /home/eggdrop/eggdrop",
          "empty_layer": true
        },
        {
          "created": "2024-01-27T03:48:56Z",
          "created_by": "/bin/sh -c #(nop)  EXPOSE 3333",
          "empty_layer": true
        },
        {
          "created": "2024-01-27T03:48:57Z",
          "created_by": "/bin/sh -c #(nop) COPY file:ddb4d88d0de0ae2531972fbd491e6c611f0bb89ff8457bc01e4e61ae7f66cd46 in /home/eggdrop/eggdrop "
        },
        {
          "created": "2024-01-27T03:48:57Z",
          "created_by": "/bin/sh -c #(nop) COPY file:b76e92fb28997fa3fd71a3b880ff3b73567ca05021b617d51ebdcefd8c31b457 in /home/eggdrop/eggdrop/scripts/ "
        },
        {
          "created": "2024-01-27T03:48:57Z",
          "created_by": "/bin/sh -c #(nop)  ENTRYPOINT [\"/home/eggdrop/eggdrop/entrypoint.sh\"]",
          "empty_layer": true
        },
        {
          "created": "2024-01-27T03:48:57Z",
          "created_by": "/bin/sh -c #(nop)  CMD [\"eggdrop.conf\"]",
          "empty_layer": true
        }
      ],
      "os": "linux",
      "rootfs": {
        "type": "layers",
        "diff_ids": [
          "sha256:5535fda0356bb3eff348b2f618314a47946d7ccfbeb880b3fc910dd7375ae140",
          "sha256:4d2924014ac849e49206c95f7b8fe05f3f76adff4c6e134726719d5aa03f91ad",
          "sha256:65c9238d43b1634fcde5557161aace213a7ef2fd8c5e2cab1f610e97d2a68d19",
          "sha256:9aec89b5a13a2d9d7b6519af796a1383cd68e2d1600aa1ef4d8924238b19224c",
          "sha256:bf0f70caf4834a168eeeb341ba3dbf8a88f8fc2f2953cb01aa96928412c40f3c",
          "sha256:94505a1139b24c94237b55ea8ae4787d5ec2d8694b45f831e3ad9904cdbaf544",
          "sha256:c7230537610b752d6b4faa35a3c52c906414b7b6ab0f0be6235b8ac32cf176fb"
        ]
      },
      "config": {
        "Cmd": [
          "eggdrop.conf"
        ],
        "Entrypoint": [
          "/home/eggdrop/eggdrop/entrypoint.sh"
        ],
        "Env": [
          "PATH=/usr/local/sbin:/usr/local/bin:/usr/sbin:/usr/bin:/sbin:/bin",
          "NICK=",
          "SERVER=",
          "LISTEN=3333",
          "OWNER=",
          "USERFILE=eggdrop.user",
          "CHANFILE=eggdrop.chan"
        ],
        "Image": "sha256:c1082535edfb8222a47b118785433a6d5d32652315cb3474b04091db84bc3c5f",
        "WorkingDir": "/home/eggdrop/eggdrop"
      }
    }
  },
  "Results": [
    {
      "Target": "library/eggdrop:latest (alpine 3.16.9)",
      "Class": "os-pkgs",
      "Type": "alpine"
    }
  ]
}
