{
  "SchemaVersion": 2,
  "CreatedAt": "2024-02-25T00:08:21.279918568Z",
  "ArtifactName": "library/bash:latest",
  "ArtifactType": "container_image",
  "Metadata": {
    "OS": {
      "Family": "alpine",
      "Name": "3.19.1"
    },
    "ImageID": "sha256:b6281a9c255295b1df2091c416e605da360e6dc5094a9f12dcb478e7151338d9",
    "DiffIDs": [
      "sha256:d4fc045c9e3a848011de66f34b81f052d4f2c15a17bb196d637e526349601820",
      "sha256:c57fa6126e0683776e9d6ba2b2b150ac868293354a115390821c2a9a675456ed",
      "sha256:a18d96cdeb2c06f965e5ca789896deba8c1f448638164d4e6e79486497b2cb7b"
    ],
    "RepoTags": [
      "bash:latest"
    ],
    "RepoDigests": [
      "bash@sha256:8e45c8ffe44db8784197f7c849a22292b446d76895f65646717b5a2152114d6e"
    ],
    "ImageConfig": {
      "architecture": "amd64",
      "created": "2024-01-14T05:17:51Z",
      "history": [
        {
          "created": "2024-01-14T05:17:51Z",
          "created_by": "/bin/sh -c #(nop) ADD file:37a76ec18f9887751cd8473744917d08b7431fc4085097bb6a09d81b41775473 in / "
        },
        {
          "created": "2024-01-14T05:17:51Z",
          "created_by": "/bin/sh -c #(nop)  CMD [\"/bin/sh\"]",
          "empty_layer": true
        },
        {
          "created": "2024-01-14T05:17:51Z",
          "created_by": "ENV _BASH_VERSION=5.2.26",
          "comment": "buildkit.dockerfile.v0",
          "empty_layer": true
        },
        {
          "created": "2024-01-14T05:17:51Z",
          "created_by": "ENV _BASH_BASELINE=5.2.21",
          "comment": "buildkit.dockerfile.v0",
          "empty_layer": true
        },
        {
          "created": "2024-01-14T05:17:51Z",
          "created_by": "ENV _BASH_BASELINE_PATCH=21",
          "comment": "buildkit.dockerfile.v0",
          "empty_layer": true
        },
        {
          "created": "2024-01-14T05:17:51Z",
          "created_by": "ENV _BASH_LATEST_PATCH=26",
          "comment": "buildkit.dockerfile.v0",
          "empty_layer": true
        },
        {
          "created": "2024-01-14T05:17:51Z",
          "created_by": "RUN /bin/sh -c set -eux; \t\tapk add --no-cache --virtual .build-deps \t\tbison \t\tcoreutils \t\tdpkg-dev dpkg \t\tgcc \t\tlibc-dev \t\tmake \t\tncurses-dev \t\tpatch \t\ttar \t; \t\twget -O bash.tar.gz \"https://ftp.gnu.org/gnu/bash/bash-$_BASH_BASELINE.tar.gz\"; \twget -O bash.tar.gz.sig \"https://ftp.gnu.org/gnu/bash/bash-$_BASH_BASELINE.tar.gz.sig\"; \t\t: \"${_BASH_BASELINE_PATCH:=0}\" \"${_BASH_LATEST_PATCH:=0}\"; \tif [ \"$_BASH_LATEST_PATCH\" -gt \"$_BASH_BASELINE_PATCH\" ]; then \t\tmkdir -p bash-patches; \t\tfirst=\"$(printf '%03d' \"$(( _BASH_BASELINE_PATCH + 1 ))\")\"; \t\tlast=\"$(printf '%03d' \"$_BASH_LATEST_PATCH\")\"; \t\tmajorMinor=\"${_BASH_VERSION%.*}\"; \t\tfor patch in $(seq -w \"$first\" \"$last\"); do \t\t\turl=\"https://ftp.gnu.org/gnu/bash/bash-$majorMinor-patches/bash${majorMinor//./}-$patch\"; \t\t\twget -O \"bash-patches/$patch\" \"$url\"; \t\t\twget -O \"bash-patches/$patch.sig\" \"$url.sig\"; \t\tdone; \tfi; \t\tapk add --no-cache --virtual .gpg-deps gnupg; \texport GNUPGHOME=\"$(mktemp -d)\"; \tgpg --batch --keyserver keyserver.ubuntu.com --recv-keys 7C0135FB088AAF6C66C650B9BB5869F064EA74AB; \tgpg --batch --verify bash.tar.gz.sig bash.tar.gz; \trm bash.tar.gz.sig; \tif [ -d bash-patches ]; then \t\tfor sig in bash-patches/*.sig; do \t\t\tp=\"${sig%.sig}\"; \t\t\tgpg --batch --verify \"$sig\" \"$p\"; \t\t\trm \"$sig\"; \t\tdone; \tfi; \tgpgconf --kill all; \trm -rf \"$GNUPGHOME\"; \tapk del --no-network .gpg-deps; \t\tmkdir -p /usr/src/bash; \ttar \t\t--extract \t\t--file=bash.tar.gz \t\t--strip-components=1 \t\t--directory=/usr/src/bash \t; \trm bash.tar.gz; \t\tif [ -d bash-patches ]; then \t\tapk add --no-cache --virtual .patch-deps patch; \t\tfor p in bash-patches/*; do \t\t\tpatch \t\t\t\t--directory=/usr/src/bash \t\t\t\t--input=\"$(readlink -f \"$p\")\" \t\t\t\t--strip=0 \t\t\t; \t\t\trm \"$p\"; \t\tdone; \t\trmdir bash-patches; \t\tapk del --no-network .patch-deps; \tfi; \t\tcd /usr/src/bash; \tgnuArch=\"$(dpkg-architecture --query DEB_BUILD_GNU_TYPE)\"; \t./configure \t\t--build=\"$gnuArch\" \t\t--enable-readline \t\t--with-curses \t\t--without-bash-malloc \t|| { \t\tcat \u003e\u00262 config.log; \t\tfalse; \t}; \tmake -j \"$(nproc)\"; \tmake install; \tcd /; \trm -r /usr/src/bash; \t\trm -rf \t\t/usr/local/share/doc/bash/*.html \t\t/usr/local/share/info \t\t/usr/local/share/locale \t\t/usr/local/share/man \t; \t\trunDeps=\"$( \t\tscanelf --needed --nobanner --format '%n#p' --recursive /usr/local \t\t\t| tr ',' '\\n' \t\t\t| sort -u \t\t\t| awk 'system(\"[ -e /usr/local/lib/\" $1 \" ]\") == 0 { next } { print \"so:\" $1 }' \t)\"; \tapk add --no-network --virtual .bash-rundeps $runDeps; \tapk del --no-network .build-deps; \t\t[ \"$(which bash)\" = '/usr/local/bin/bash' ]; \tbash --version; \t[ \"$(bash -c 'echo \"${BASH_VERSION%%[^0-9.]*}\"')\" = \"$_BASH_VERSION\" ]; \tbash -c 'help' \u003e /dev/null # buildkit",
          "comment": "buildkit.dockerfile.v0"
        },
        {
          "created": "2024-01-14T05:17:51Z",
          "created_by": "COPY docker-entrypoint.sh /usr/local/bin/ # buildkit",
          "comment": "buildkit.dockerfile.v0"
        },
        {
          "created": "2024-01-14T05:17:51Z",
          "created_by": "ENTRYPOINT [\"docker-entrypoint.sh\"]",
          "comment": "buildkit.dockerfile.v0",
          "empty_layer": true
        },
        {
          "created": "2024-01-14T05:17:51Z",
          "created_by": "CMD [\"bash\"]",
          "comment": "buildkit.dockerfile.v0",
          "empty_layer": true
        }
      ],
      "os": "linux",
      "rootfs": {
        "type": "layers",
        "diff_ids": [
          "sha256:d4fc045c9e3a848011de66f34b81f052d4f2c15a17bb196d637e526349601820",
          "sha256:c57fa6126e0683776e9d6ba2b2b150ac868293354a115390821c2a9a675456ed",
          "sha256:a18d96cdeb2c06f965e5ca789896deba8c1f448638164d4e6e79486497b2cb7b"
        ]
      },
      "config": {
        "Cmd": [
          "bash"
        ],
        "Entrypoint": [
          "docker-entrypoint.sh"
        ],
        "Env": [
          "PATH=/usr/local/sbin:/usr/local/bin:/usr/sbin:/usr/bin:/sbin:/bin",
          "_BASH_VERSION=5.2.26",
          "_BASH_BASELINE=5.2.21",
          "_BASH_BASELINE_PATCH=21",
          "_BASH_LATEST_PATCH=26"
        ],
        "ArgsEscaped": true
      }
    }
  },
  "Results": [
    {
      "Target": "library/bash:latest (alpine 3.19.1)",
      "Class": "os-pkgs",
      "Type": "alpine"
    }
  ]
}
