{
  "SchemaVersion": 2,
  "CreatedAt": "2024-02-24T22:18:55.961978629Z",
  "ArtifactName": "library/alpine:latest",
  "ArtifactType": "container_image",
  "Metadata": {
    "OS": {
      "Family": "alpine",
      "Name": "3.19.1"
    },
    "ImageID": "sha256:05455a08881ea9cf0e752bc48e61bbd71a34c029bb13df01e40e3e70e0d007bd",
    "DiffIDs": [
      "sha256:d4fc045c9e3a848011de66f34b81f052d4f2c15a17bb196d637e526349601820"
    ],
    "RepoTags": [
      "alpine:latest"
    ],
    "RepoDigests": [
      "alpine@sha256:c5b1261d6d3e43071626931fc004f70149baeba2c8ec672bd4f27761f8e1ad6b"
    ],
    "ImageConfig": {
      "architecture": "amd64",
      "container": "4189cbc534955765760c227f328ec1cdd52e8550681c2bf9f8f990b27b644f9c",
      "created": "2024-01-27T00:30:48.743965523Z",
      "docker_version": "20.10.23",
      "history": [
        {
          "created": "2024-01-27T00:30:48Z",
          "created_by": "/bin/sh -c #(nop) ADD file:37a76ec18f9887751cd8473744917d08b7431fc4085097bb6a09d81b41775473 in / "
        },
        {
          "created": "2024-01-27T00:30:48Z",
          "created_by": "/bin/sh -c #(nop)  CMD [\"/bin/sh\"]",
          "empty_layer": true
        }
      ],
      "os": "linux",
      "rootfs": {
        "type": "layers",
        "diff_ids": [
          "sha256:d4fc045c9e3a848011de66f34b81f052d4f2c15a17bb196d637e526349601820"
        ]
      },
      "config": {
        "Cmd": [
          "/bin/sh"
        ],
        "Env": [
          "PATH=/usr/local/sbin:/usr/local/bin:/usr/sbin:/usr/bin:/sbin:/bin"
        ],
        "Image": "sha256:9a5ce069f40cfe0f2270eafbff0a0f2fa08f1add73571af9f78209e96bb8a5e9"
      }
    }
  },
  "Results": [
    {
      "Target": "library/alpine:latest (alpine 3.19.1)",
      "Class": "os-pkgs",
      "Type": "alpine"
    }
  ]
}
