{
  "SchemaVersion": 2,
  "CreatedAt": "2024-02-25T03:16:00.545758074Z",
  "ArtifactName": "library/znc:latest",
  "ArtifactType": "container_image",
  "Metadata": {
    "OS": {
      "Family": "alpine",
      "Name": "3.19.1"
    },
    "ImageID": "sha256:07d9d2c3ad820f97002735f3e3037124a2c388c3ca8486854a55cf72d921b88d",
    "DiffIDs": [
      "sha256:d4fc045c9e3a848011de66f34b81f052d4f2c15a17bb196d637e526349601820",
      "sha256:3b860af4722b8a6ba1b52d6733ba364c3bf7aa8d5967c6d22ab8239b8285a1f6",
      "sha256:8248fb45132c5db04e87798f5cba710afc8ae287a8604a46d74b887ba3b007b4",
      "sha256:de9d6e9db41bad33aa381d8aa7bbb4d47aadd4d666652f96365e67432707a696",
      "sha256:0c3b91c09fdea96884b206d93ea900867d950ccaa7cb7ac38784e63988d34bbb",
      "sha256:092f03fa8a900783b64d8312bd38d7df672358454b769acb38fa265d5a7a8c73"
    ],
    "RepoTags": [
      "znc:latest"
    ],
    "RepoDigests": [
      "znc@sha256:1427fdedc8e97b68e21dda9f89b36cf74fa22913a8da7a76c838086b1412893f"
    ],
    "ImageConfig": {
      "architecture": "amd64",
      "created": "2024-02-22T17:25:39.529752115Z",
      "docker_version": "20.10.23",
      "history": [
        {
          "created": "2024-01-27T00:30:48Z",
          "created_by": "/bin/sh -c #(nop) ADD file:37a76ec18f9887751cd8473744917d08b7431fc4085097bb6a09d81b41775473 in / "
        },
        {
          "created": "2024-01-27T00:30:48Z",
          "created_by": "/bin/sh -c #(nop)  CMD [\"/bin/sh\"]",
          "empty_layer": true
        },
        {
          "created": "2024-02-22T17:20:37Z",
          "created_by": "/bin/sh -c #(nop)  ENV GPG_KEY=D5823CACB477191CAC0075555AE420CC0209989E",
          "empty_layer": true
        },
        {
          "created": "2024-02-22T17:20:37Z",
          "created_by": "/bin/sh -c #(nop)  ARG CMAKEFLAGS=-DCMAKE_INSTALL_PREFIX=/opt/znc -DWANT_CYRUS=YES -DWANT_PERL=YES -DWANT_PYTHON=YES -DWANT_ARGON=YES",
          "empty_layer": true
        },
        {
          "created": "2024-02-22T17:20:38Z",
          "created_by": "/bin/sh -c #(nop)  ARG MAKEFLAGS=",
          "empty_layer": true
        },
        {
          "created": "2024-02-22T17:20:38Z",
          "created_by": "/bin/sh -c #(nop)  ENV ZNC_VERSION=1.9.0",
          "empty_layer": true
        },
        {
          "created": "2024-02-22T17:25:21Z",
          "created_by": "|2 CMAKEFLAGS=-DCMAKE_INSTALL_PREFIX=/opt/znc -DWANT_CYRUS=YES -DWANT_PERL=YES -DWANT_PYTHON=YES -DWANT_ARGON=YES MAKEFLAGS= /bin/sh -c set -x     \u0026\u0026 adduser -S znc     \u0026\u0026 addgroup -S znc     \u0026\u0026 apk add --no-cache --virtual runtime-dependencies         argon2-libs         boost         ca-certificates         cyrus-sasl         icu         icu-data-full         openssl         su-exec         tini         tzdata     \u0026\u0026 apk add --no-cache --virtual build-dependencies         argon2-dev         boost-dev         build-base         cmake         curl         cyrus-sasl-dev         gettext         gnupg         icu-dev         openssl-dev         perl-dev         python3-dev     \u0026\u0026 mkdir /znc-src \u0026\u0026 cd /znc-src     \u0026\u0026 curl -fsSL \"https://znc.in/releases/archive/znc-${ZNC_VERSION}.tar.gz\" -o znc.tgz     \u0026\u0026 curl -fsSL \"https://znc.in/releases/archive/znc-${ZNC_VERSION}.tar.gz.sig\" -o znc.tgz.sig     \u0026\u0026 export GNUPGHOME=\"$(mktemp -d)\"     \u0026\u0026 gpg --batch --keyserver keyserver.ubuntu.com --recv-keys \"${GPG_KEY}\"     \u0026\u0026 gpg --batch --verify znc.tgz.sig znc.tgz     \u0026\u0026 rm -rf \"$GNUPGHOME\"     \u0026\u0026 tar -zxf znc.tgz --strip-components=1     \u0026\u0026 mkdir build \u0026\u0026 cd build     \u0026\u0026 cmake .. ${CMAKEFLAGS}     \u0026\u0026 make $MAKEFLAGS     \u0026\u0026 make install     \u0026\u0026 apk del build-dependencies     \u0026\u0026 cd / \u0026\u0026 rm -rf /znc-src"
        },
        {
          "created": "2024-02-22T17:25:22Z",
          "created_by": "/bin/sh -c #(nop) COPY file:15e47c9cc6835e0818d6896aa6537a8adda40ff814c287685183c73fa9df4713 in / "
        },
        {
          "created": "2024-02-22T17:25:22Z",
          "created_by": "/bin/sh -c #(nop) COPY dir:4684da7bbf1d77862fa1a1b074543f975eb608cc0b6b1951ff5c5b58959d0faa in /startup-sequence/ "
        },
        {
          "created": "2024-02-22T17:25:22Z",
          "created_by": "/bin/sh -c #(nop)  VOLUME [/znc-data]",
          "empty_layer": true
        },
        {
          "created": "2024-02-22T17:25:22Z",
          "created_by": "/bin/sh -c #(nop)  ENTRYPOINT [\"/entrypoint.sh\"]",
          "empty_layer": true
        },
        {
          "created": "2024-02-22T17:25:38Z",
          "created_by": "/bin/sh -c set -x     \u0026\u0026 apk add --no-cache         build-base         cmake         icu-dev         openssl-dev         perl         python3"
        },
        {
          "created": "2024-02-22T17:25:39Z",
          "created_by": "/bin/sh -c #(nop) COPY file:765473e154cb7674cba99ed8ee42b51feda01581be870e3d1e7e4930b82a0f37 in /startup-sequence/ "
        }
      ],
      "os": "linux",
      "rootfs": {
        "type": "layers",
        "diff_ids": [
          "sha256:d4fc045c9e3a848011de66f34b81f052d4f2c15a17bb196d637e526349601820",
          "sha256:3b860af4722b8a6ba1b52d6733ba364c3bf7aa8d5967c6d22ab8239b8285a1f6",
          "sha256:8248fb45132c5db04e87798f5cba710afc8ae287a8604a46d74b887ba3b007b4",
          "sha256:de9d6e9db41bad33aa381d8aa7bbb4d47aadd4d666652f96365e67432707a696",
          "sha256:0c3b91c09fdea96884b206d93ea900867d950ccaa7cb7ac38784e63988d34bbb",
          "sha256:092f03fa8a900783b64d8312bd38d7df672358454b769acb38fa265d5a7a8c73"
        ]
      },
      "config": {
        "Entrypoint": [
          "/entrypoint.sh"
        ],
        "Env": [
          "PATH=/usr/local/sbin:/usr/local/bin:/usr/sbin:/usr/bin:/sbin:/bin",
          "GPG_KEY=D5823CACB477191CAC0075555AE420CC0209989E",
          "ZNC_VERSION=1.9.0"
        ],
        "Image": "sha256:70c6f2811be120c131a821478d6776694dbd87ab9c65acd65903cb16a8abb4e0",
        "Volumes": {
          "/znc-data": {}
        }
      }
    }
  },
  "Results": [
    {
      "Target": "library/znc:latest (alpine 3.19.1)",
      "Class": "os-pkgs",
      "Type": "alpine"
    }
  ]
}
