{
  "SchemaVersion": 2,
  "CreatedAt": "2024-02-25T06:09:31.342865492Z",
  "ArtifactName": "library/alt:latest",
  "ArtifactType": "container_image",
  "Metadata": {
    "OS": {
      "Family": "none",
      "Name": ""
    },
    "ImageID": "sha256:1e7e6d6a199f6749e553a9ae97a432c340baae824198658533f486c63376bb7f",
    "DiffIDs": [
      "sha256:2fbad841971c53d356bd8817f839397699d514da95875937bed0493fa384cdb9",
      "sha256:827c26556e1e4eac3b7ec14aa6ed5fee00dd03a2936596b9caf16e31d4105261"
    ],
    "RepoTags": [
      "alt:latest"
    ],
    "RepoDigests": [
      "alt@sha256:91fb07c6ffa050c533c8815d0e6a663238422f5f0d1f1d46c198babfd4fbc625"
    ],
    "ImageConfig": {
      "architecture": "amd64",
      "author": "[Alexey Shabalin \u003cshaba@altlinux.org\u003e] [Mikhail Gordeev \u003cobirvalger@altlinux.org]",
      "container": "9bfdea89ff02b73ea03ff077c07e33def5b6ca49e1d71de10b5b9220e979c931",
      "created": "2023-09-26T00:20:11.636042108Z",
      "docker_version": "20.10.23",
      "history": [
        {
          "created": "2021-08-04T22:28:37Z",
          "created_by": "/bin/sh -c #(nop)  MAINTAINER [Alexey Shabalin \u003cshaba@altlinux.org\u003e] [Mikhail Gordeev \u003cobirvalger@altlinux.org]",
          "empty_layer": true
        },
        {
          "created": "2023-09-26T00:20:10Z",
          "created_by": "/bin/sh -c #(nop) ADD file:f1220163c72ab8047c3c533f2eaa5a74a08c1da089d78a351b0fb8eda5dd4792 in / "
        },
        {
          "created": "2023-09-26T00:20:11Z",
          "created_by": "/bin/sh -c true \u003e /etc/security/limits.d/50-defaults.conf"
        },
        {
          "created": "2023-09-26T00:20:11Z",
          "created_by": "/bin/sh -c #(nop)  CMD [\"/bin/bash\"]",
          "empty_layer": true
        }
      ],
      "os": "linux",
      "rootfs": {
        "type": "layers",
        "diff_ids": [
          "sha256:2fbad841971c53d356bd8817f839397699d514da95875937bed0493fa384cdb9",
          "sha256:827c26556e1e4eac3b7ec14aa6ed5fee00dd03a2936596b9caf16e31d4105261"
        ]
      },
      "config": {
        "Cmd": [
          "/bin/bash"
        ],
        "Env": [
          "PATH=/usr/local/sbin:/usr/local/bin:/usr/sbin:/usr/bin:/sbin:/bin"
        ],
        "Image": "sha256:f4af9f49a9ad3638b455f6cd65985cc610a4b6dddbdc94faefbdb22d2b7548f7"
      }
    }
  }
}
