{
  "SchemaVersion": 2,
  "CreatedAt": "2024-02-25T00:45:02.693561681Z",
  "ArtifactName": "library/nats:latest",
  "ArtifactType": "container_image",
  "Metadata": {
    "ImageID": "sha256:e0107b98f05b94da476196265a9ffae03fa4936ace58eb5a70df6fa67b698747",
    "DiffIDs": [
      "sha256:fa8484c40a8e32a32d3c755f5e98e5a1f509725efe168e0438a23952153f2497",
      "sha256:6f567d086224ff685cbf22d61fbf022a7884ac1e210188eb676b37654a874190"
    ],
    "RepoTags": [
      "nats:latest"
    ],
    "RepoDigests": [
      "nats@sha256:aad5db2524532795e54e1cff7c5e068566fdb8af08924f8b9e7171c5b6e87ffa"
    ],
    "ImageConfig": {
      "architecture": "amd64",
      "container": "e55780d7538f26b681937b447350e1175cae72655c420f8a8a9cb7f9e14b4d6b",
      "created": "2024-02-16T20:02:42.192569918Z",
      "docker_version": "20.10.23",
      "history": [
        {
          "created": "2023-10-21T02:39:39Z",
          "created_by": "/bin/sh -c #(nop)  ENV PATH=/usr/local/sbin:/usr/local/bin:/usr/sbin:/usr/bin:/sbin:/bin:/",
          "empty_layer": true
        },
        {
          "created": "2024-02-16T20:02:41Z",
          "created_by": "/bin/sh -c #(nop) COPY file:30d66f5adb9fef3137dcbae1682605e373860c59737712279731fce1cac46b25 in /nats-server "
        },
        {
          "created": "2024-02-16T20:02:41Z",
          "created_by": "/bin/sh -c #(nop) COPY file:2c51166f33066351f3cfe3734f884c41f36fb66575bdde453c5c93e819cfae35 in /nats-server.conf "
        },
        {
          "created": "2024-02-16T20:02:41Z",
          "created_by": "/bin/sh -c #(nop)  EXPOSE 4222 6222 8222",
          "empty_layer": true
        },
        {
          "created": "2024-02-16T20:02:42Z",
          "created_by": "/bin/sh -c #(nop)  ENTRYPOINT [\"/nats-server\"]",
          "empty_layer": true
        },
        {
          "created": "2024-02-16T20:02:42Z",
          "created_by": "/bin/sh -c #(nop)  CMD [\"--config\" \"nats-server.conf\"]",
          "empty_layer": true
        }
      ],
      "os": "linux",
      "rootfs": {
        "type": "layers",
        "diff_ids": [
          "sha256:fa8484c40a8e32a32d3c755f5e98e5a1f509725efe168e0438a23952153f2497",
          "sha256:6f567d086224ff685cbf22d61fbf022a7884ac1e210188eb676b37654a874190"
        ]
      },
      "config": {
        "Cmd": [
          "--config",
          "nats-server.conf"
        ],
        "Entrypoint": [
          "/nats-server"
        ],
        "Env": [
          "PATH=/usr/local/sbin:/usr/local/bin:/usr/sbin:/usr/bin:/sbin:/bin:/"
        ],
        "Image": "sha256:35fba3d5267ee803192764ba805b13522bea1d9cca8afedacf97a1b54429c241"
      }
    }
  }
}
