{
  "SchemaVersion": 2,
  "CreatedAt": "2024-02-25T04:29:26.465645116Z",
  "ArtifactName": "library/fluentd:latest",
  "ArtifactType": "container_image",
  "Metadata": {
    "OS": {
      "Family": "alpine",
      "Name": "3.17.7"
    },
    "ImageID": "sha256:657945478f75c86fb21bb10fe0d2cda0514d1238a50e3ec3b1d8a44427dd8f71",
    "DiffIDs": [
      "sha256:f4111324080ce5b633fab04c0f3f21b587f2ac10a289cc9e2760c67e0d26711c",
      "sha256:df86d1d9ebf52a6bf8a1918115bd3993174282f17c1d86c6bd01bb267c49cf90",
      "sha256:c55f9ef74c15e4f08eb5f4d20e4223842d0c44a1e27c19e484d7ad92364b55b1",
      "sha256:cb6843ee5975928f3fd324d380193e3afa37a023d54a3ee3e554b47b30a261ac",
      "sha256:a103f434e25b38957425c235d24e820ca1cea3b83659a2142a516c787d6ca873"
    ],
    "RepoTags": [
      "fluentd:latest"
    ],
    "RepoDigests": [
      "fluentd@sha256:17971d152bb45b141229e30540cce2a60cc8161b0808cec59559b2f9f1ccd880"
    ],
    "ImageConfig": {
      "architecture": "amd64",
      "created": "2023-09-20T09:43:58Z",
      "history": [
        {
          "created": "2023-09-20T09:43:58Z",
          "created_by": "/bin/sh -c #(nop) ADD file:c44c9bd36ba35cc78fb9396304ea008def9f42a3beef76aa33b2cf1fde1c10b3 in / "
        },
        {
          "created": "2023-09-20T09:43:58Z",
          "created_by": "/bin/sh -c #(nop)  CMD [\"/bin/sh\"]",
          "empty_layer": true
        },
        {
          "created": "2023-09-20T09:43:58Z",
          "created_by": "LABEL maintainer=Fluentd developers \u003cfluentd@googlegroups.com\u003e",
          "comment": "buildkit.dockerfile.v0",
          "empty_layer": true
        },
        {
          "created": "2023-09-20T09:43:58Z",
          "created_by": "LABEL Description=Fluentd docker image Vendor=Fluent Organization Version=1.16.2",
          "comment": "buildkit.dockerfile.v0",
          "empty_layer": true
        },
        {
          "created": "2023-09-20T09:43:58Z",
          "created_by": "RUN /bin/sh -c apk update  \u0026\u0026 apk add --no-cache         ca-certificates         ruby ruby-irb ruby-etc ruby-webrick         tini  \u0026\u0026 apk add --no-cache --virtual .build-deps         build-base linux-headers         ruby-dev gnupg  \u0026\u0026 echo 'gem: --no-document' \u003e\u003e /etc/gemrc  \u0026\u0026 gem install oj -v 3.16.1  \u0026\u0026 gem install json -v 2.6.3  \u0026\u0026 gem install rexml -v 3.2.6  \u0026\u0026 gem install async -v 1.31.0  \u0026\u0026 gem install async-http -v 0.60.2 \u0026\u0026 gem install uri -v 0.12.2  \u0026\u0026 gem install fluentd -v 1.16.2  \u0026\u0026 gem install bigdecimal -v 1.4.4  \u0026\u0026 apk del .build-deps  \u0026\u0026 rm -rf /tmp/* /var/tmp/* /usr/lib/ruby/gems/*/cache/*.gem /usr/lib/ruby/gems/3.*/gems/fluentd-*/test # buildkit",
          "comment": "buildkit.dockerfile.v0"
        },
        {
          "created": "2023-09-20T09:43:58Z",
          "created_by": "RUN /bin/sh -c addgroup -S fluent \u0026\u0026 adduser -S -G fluent fluent     \u0026\u0026 mkdir -p /fluentd/log     \u0026\u0026 mkdir -p /fluentd/etc /fluentd/plugins     \u0026\u0026 chown -R fluent /fluentd \u0026\u0026 chgrp -R fluent /fluentd # buildkit",
          "comment": "buildkit.dockerfile.v0"
        },
        {
          "created": "2023-09-20T09:43:58Z",
          "created_by": "COPY fluent.conf /fluentd/etc/ # buildkit",
          "comment": "buildkit.dockerfile.v0"
        },
        {
          "created": "2023-09-20T09:43:58Z",
          "created_by": "COPY entrypoint.sh /bin/ # buildkit",
          "comment": "buildkit.dockerfile.v0"
        },
        {
          "created": "2023-09-20T09:43:58Z",
          "created_by": "ENV FLUENTD_CONF=fluent.conf",
          "comment": "buildkit.dockerfile.v0",
          "empty_layer": true
        },
        {
          "created": "2023-09-20T09:43:58Z",
          "created_by": "ENV LD_PRELOAD=",
          "comment": "buildkit.dockerfile.v0",
          "empty_layer": true
        },
        {
          "created": "2023-09-20T09:43:58Z",
          "created_by": "EXPOSE map[24224/tcp:{} 5140/tcp:{}]",
          "comment": "buildkit.dockerfile.v0",
          "empty_layer": true
        },
        {
          "created": "2023-09-20T09:43:58Z",
          "created_by": "USER fluent",
          "comment": "buildkit.dockerfile.v0",
          "empty_layer": true
        },
        {
          "created": "2023-09-20T09:43:58Z",
          "created_by": "ENTRYPOINT [\"tini\" \"--\" \"/bin/entrypoint.sh\"]",
          "comment": "buildkit.dockerfile.v0",
          "empty_layer": true
        },
        {
          "created": "2023-09-20T09:43:58Z",
          "created_by": "CMD [\"fluentd\"]",
          "comment": "buildkit.dockerfile.v0",
          "empty_layer": true
        }
      ],
      "os": "linux",
      "rootfs": {
        "type": "layers",
        "diff_ids": [
          "sha256:f4111324080ce5b633fab04c0f3f21b587f2ac10a289cc9e2760c67e0d26711c",
          "sha256:df86d1d9ebf52a6bf8a1918115bd3993174282f17c1d86c6bd01bb267c49cf90",
          "sha256:c55f9ef74c15e4f08eb5f4d20e4223842d0c44a1e27c19e484d7ad92364b55b1",
          "sha256:cb6843ee5975928f3fd324d380193e3afa37a023d54a3ee3e554b47b30a261ac",
          "sha256:a103f434e25b38957425c235d24e820ca1cea3b83659a2142a516c787d6ca873"
        ]
      },
      "config": {
        "Cmd": [
          "fluentd"
        ],
        "Entrypoint": [
          "tini",
          "--",
          "/bin/entrypoint.sh"
        ],
        "Env": [
          "PATH=/usr/local/sbin:/usr/local/bin:/usr/sbin:/usr/bin:/sbin:/bin",
          "FLUENTD_CONF=fluent.conf",
          "LD_PRELOAD="
        ],
        "Labels": {
          "Description": "Fluentd docker image",
          "Vendor": "Fluent Organization",
          "Version": "1.16.2",
          "maintainer": "Fluentd developers \u003cfluentd@googlegroups.com\u003e"
        },
        "User": "fluent",
        "ArgsEscaped": true
      }
    }
  },
  "Results": [
    {
      "Target": "library/fluentd:latest (alpine 3.17.7)",
      "Class": "os-pkgs",
      "Type": "alpine"
    }
  ]
}
