{
  "SchemaVersion": 2,
  "CreatedAt": "2024-02-25T03:42:18.158486684Z",
  "ArtifactName": "library/archlinux:latest",
  "ArtifactType": "container_image",
  "Metadata": {
    "ImageID": "sha256:69f38d8f6347d027696923f4bfad86a036c5d9e67d717a7354d5f9216ea0bbd5",
    "DiffIDs": [
      "sha256:6de0fb71036567b0339788eaa924723efbd5be22f9683b8aeb3b3c23d4e41a9d",
      "sha256:d822bba4f032dfd2df5b57457840d3ef708ec0f592b3bc29cc2cba6cf271de23"
    ],
    "RepoTags": [
      "archlinux:latest"
    ],
    "RepoDigests": [
      "archlinux@sha256:fed6efe803e79d94544f93607e4afec1056cfd9bee5744c965eec0944624d81f"
    ],
    "ImageConfig": {
      "architecture": "amd64",
      "container": "4e39c1ceda3be62bc829bc59ba29f301f934412a5287e6a984d1cf3858bb2c89",
      "created": "2024-01-01T19:16:00.088378896Z",
      "docker_version": "20.10.23",
      "history": [
        {
          "created": "2023-10-17T00:22:35Z",
          "created_by": "/bin/sh -c #(nop)  LABEL org.opencontainers.image.title=Arch Linux base Image",
          "empty_layer": true
        },
        {
          "created": "2023-10-17T00:22:35Z",
          "created_by": "/bin/sh -c #(nop)  LABEL org.opencontainers.image.description=Official containerd image of Arch Linux, a simple, lightweight Linux distribution aimed for flexibility.",
          "empty_layer": true
        },
        {
          "created": "2023-10-17T00:22:35Z",
          "created_by": "/bin/sh -c #(nop)  LABEL org.opencontainers.image.authors=Santiago Torres-Arias \u003csantiago@archlinux.org\u003e (@SantiagoTorres), Christian Rebischke \u003cChris.Rebischke@archlinux.org\u003e (@shibumi), Justin Kromlinger \u003chashworks@archlinux.org\u003e (@hashworks)",
          "empty_layer": true
        },
        {
          "created": "2023-10-17T00:22:35Z",
          "created_by": "/bin/sh -c #(nop)  LABEL org.opencontainers.image.url=https://gitlab.archlinux.org/archlinux/archlinux-docker/-/blob/master/README.md",
          "empty_layer": true
        },
        {
          "created": "2023-10-17T00:22:35Z",
          "created_by": "/bin/sh -c #(nop)  LABEL org.opencontainers.image.documentation=https://wiki.archlinux.org/title/Docker#Arch_Linux",
          "empty_layer": true
        },
        {
          "created": "2023-10-17T00:22:35Z",
          "created_by": "/bin/sh -c #(nop)  LABEL org.opencontainers.image.source=https://gitlab.archlinux.org/archlinux/archlinux-docker",
          "empty_layer": true
        },
        {
          "created": "2023-10-17T00:22:35Z",
          "created_by": "/bin/sh -c #(nop)  LABEL org.opencontainers.image.licenses=GPL-3.0-or-later",
          "empty_layer": true
        },
        {
          "created": "2024-01-01T19:15:50Z",
          "created_by": "/bin/sh -c #(nop)  LABEL org.opencontainers.image.version=20240101.0.204074",
          "empty_layer": true
        },
        {
          "created": "2024-01-01T19:15:50Z",
          "created_by": "/bin/sh -c #(nop)  LABEL org.opencontainers.image.revision=98cd79111dd530447f491d547d14f3c38e227e46",
          "empty_layer": true
        },
        {
          "created": "2024-01-01T19:15:50Z",
          "created_by": "/bin/sh -c #(nop)  LABEL org.opencontainers.image.created=2024-01-01T19:08:40+00:00",
          "empty_layer": true
        },
        {
          "created": "2024-01-01T19:15:57Z",
          "created_by": "/bin/sh -c #(nop) COPY dir:500a387e180f5288f7f6cc8c9e7245548b04a53ce9c569583f3e160673182bf9 in / "
        },
        {
          "created": "2024-01-01T19:15:59Z",
          "created_by": "/bin/sh -c ldconfig \u0026\u0026     sed -i '/BUILD_ID/a VERSION_ID=20240101.0.204074' /etc/os-release"
        },
        {
          "created": "2024-01-01T19:15:59Z",
          "created_by": "/bin/sh -c #(nop)  ENV LANG=C.UTF-8",
          "empty_layer": true
        },
        {
          "created": "2024-01-01T19:16:00Z",
          "created_by": "/bin/sh -c #(nop)  CMD [\"/usr/bin/bash\"]",
          "empty_layer": true
        }
      ],
      "os": "linux",
      "rootfs": {
        "type": "layers",
        "diff_ids": [
          "sha256:6de0fb71036567b0339788eaa924723efbd5be22f9683b8aeb3b3c23d4e41a9d",
          "sha256:d822bba4f032dfd2df5b57457840d3ef708ec0f592b3bc29cc2cba6cf271de23"
        ]
      },
      "config": {
        "Cmd": [
          "/usr/bin/bash"
        ],
        "Env": [
          "PATH=/usr/local/sbin:/usr/local/bin:/usr/sbin:/usr/bin:/sbin:/bin",
          "LANG=C.UTF-8"
        ],
        "Image": "sha256:0538ab546b084da6d871f89ef4cceb90b6bb19166ddae6559034880bfe2b20e3",
        "Labels": {
          "org.opencontainers.image.authors": "Santiago Torres-Arias \u003csantiago@archlinux.org\u003e (@SantiagoTorres), Christian Rebischke \u003cChris.Rebischke@archlinux.org\u003e (@shibumi), Justin Kromlinger \u003chashworks@archlinux.org\u003e (@hashworks)",
          "org.opencontainers.image.created": "2024-01-01T19:08:40+00:00",
          "org.opencontainers.image.description": "Official containerd image of Arch Linux, a simple, lightweight Linux distribution aimed for flexibility.",
          "org.opencontainers.image.documentation": "https://wiki.archlinux.org/title/Docker#Arch_Linux",
          "org.opencontainers.image.licenses": "GPL-3.0-or-later",
          "org.opencontainers.image.revision": "98cd79111dd530447f491d547d14f3c38e227e46",
          "org.opencontainers.image.source": "https://gitlab.archlinux.org/archlinux/archlinux-docker",
          "org.opencontainers.image.title": "Arch Linux base Image",
          "org.opencontainers.image.url": "https://gitlab.archlinux.org/archlinux/archlinux-docker/-/blob/master/README.md",
          "org.opencontainers.image.version": "20240101.0.204074"
        }
      }
    }
  }
}
