{
  "SchemaVersion": 2,
  "CreatedAt": "2024-02-25T03:06:06.356971253Z",
  "ArtifactName": "library/oraclelinux:9",
  "ArtifactType": "container_image",
  "Metadata": {
    "OS": {
      "Family": "oracle",
      "Name": "9.3"
    },
    "ImageID": "sha256:6ea07ae6e807161633045a34ec942310250ddd470ef706135f40aa1c7b64ab7f",
    "DiffIDs": [
      "sha256:cb3bfec73c2840aeb049808ff797d1d8e2534ce69b2beda4b970158c32dfba95"
    ],
    "RepoTags": [
      "oraclelinux:9"
    ],
    "RepoDigests": [
      "oraclelinux@sha256:4088137b77132fe45b34b382d3a4377a758fa0593518f2a70ad3f4fdcfe1e911"
    ],
    "ImageConfig": {
      "architecture": "amd64",
      "container": "8f50daa5711f1aa1f7cc6d9974bcd7496787e5079f4c4fefc2954f21cc001821",
      "created": "2024-02-14T01:46:37.196005571Z",
      "docker_version": "20.10.23",
      "history": [
        {
          "created": "2024-02-14T01:46:36Z",
          "created_by": "/bin/sh -c #(nop) ADD file:7ea9be7dfb7cfd2abba50070e38c1b9d1de25452ff858e898b76736987280a92 in / "
        },
        {
          "created": "2024-02-14T01:46:37Z",
          "created_by": "/bin/sh -c #(nop)  CMD [\"/bin/bash\"]",
          "empty_layer": true
        }
      ],
      "os": "linux",
      "rootfs": {
        "type": "layers",
        "diff_ids": [
          "sha256:cb3bfec73c2840aeb049808ff797d1d8e2534ce69b2beda4b970158c32dfba95"
        ]
      },
      "config": {
        "Cmd": [
          "/bin/bash"
        ],
        "Env": [
          "PATH=/usr/local/sbin:/usr/local/bin:/usr/sbin:/usr/bin:/sbin:/bin"
        ],
        "Image": "sha256:be9da0df8d989bc93e249f6e5d33ca191c68ee544d2e66cf40930598d5924429"
      }
    }
  },
  "Results": [
    {
      "Target": "library/oraclelinux:9 (oracle 9.3)",
      "Class": "os-pkgs",
      "Type": "oracle"
    }
  ]
}
