{
  "SchemaVersion": 2,
  "CreatedAt": "2024-02-24T23:09:55.173406091Z",
  "ArtifactName": "library/registry:latest",
  "ArtifactType": "container_image",
  "Metadata": {
    "OS": {
      "Family": "alpine",
      "Name": "3.18.6"
    },
    "ImageID": "sha256:a8781fe3b7a280475ac394dc1754b4c08a39cdd400e05869d0da3586ffb82f7f",
    "DiffIDs": [
      "sha256:aedc3bda2944bb9bcb6c3d475bee8b460db9a9b0f3e0b33a6ed2fd1ae0f1d445",
      "sha256:98e9164d543252b99aa7eb1a604e5a1a281493d81f1cb8165e53f0cc978108bb",
      "sha256:bf7f68cf6cd2a9d968adf407a561697e3790f9e1c05803b6c4d806a37cd0dfa7",
      "sha256:95d5b7fa50971120c31354226e7873f506a80270199fe28eead9937cd2ab3bf7",
      "sha256:a2e9568f034384b721a50340746028bb44e1c05c42c4a7d4d9418b19a6166165"
    ],
    "RepoTags": [
      "registry:latest"
    ],
    "RepoDigests": [
      "registry@sha256:f4e1b878d4bc40a1f65532d68c94dcfbab56aa8cba1f00e355a206e7f6cc9111"
    ],
    "ImageConfig": {
      "architecture": "amd64",
      "container": "cc31edd18df6c60cac8d9b9551d5ff3e1ccee9982b629abfd0ce8b58d4a39797",
      "created": "2024-01-27T03:49:51.874685255Z",
      "docker_version": "20.10.23",
      "history": [
        {
          "created": "2024-01-27T00:30:56Z",
          "created_by": "/bin/sh -c #(nop) ADD file:8729f9c0258836b640e9e789c7ab029cf4547e0596557d54dd4a4d7d8e4a785f in / "
        },
        {
          "created": "2024-01-27T00:30:56Z",
          "created_by": "/bin/sh -c #(nop)  CMD [\"/bin/sh\"]",
          "empty_layer": true
        },
        {
          "created": "2024-01-27T03:49:44Z",
          "created_by": "/bin/sh -c apk add --no-cache ca-certificates"
        },
        {
          "created": "2024-01-27T03:49:51Z",
          "created_by": "/bin/sh -c set -eux; \tversion='2.8.3'; \tapkArch=\"$(apk --print-arch)\"; \tcase \"$apkArch\" in \t\tx86_64)  arch='amd64';   sha256='b1f750ecbe09f38e2143e22c61a25e3da2afe1510d9522859230b480e642ceff' ;; \t\taarch64) arch='arm64';   sha256='7d2252eeeac97dd60fb9b36bebd15b95d7f947c4c82b8e0824cb55233ece9cd0' ;; \t\tarmhf)   arch='armv6';   sha256='b00606466f976b6757268f1e7691918cbeca4af6fd4093a114b9186744ee8ef0' ;; \t\tarmv7)   arch='armv7';   sha256='d3d7d958a7cc04159d43871261b1ed470ba72531d345fada311068962b967517' ;; \t\tppc64le) arch='ppc64le'; sha256='9003659e5571bee89ee6d686057d02e9c0896d327276f268189922036e1ca84b' ;; \t\ts390x)   arch='s390x';   sha256='2c1347c73f881c320ff707055aecf649a888df39252e8bdc4fdfac7f59a383f1' ;; \t\t*) echo \u003e\u00262 \"error: unsupported architecture: $apkArch\"; exit 1 ;; \tesac; \twget -O registry.tar.gz \"https://github.com/distribution/distribution/releases/download/v${version}/registry_${version}_linux_${arch}.tar.gz\"; \techo \"$sha256 *registry.tar.gz\" | sha256sum -c -; \ttar --extract --verbose --file registry.tar.gz --directory /bin/ registry; \trm registry.tar.gz; \tregistry --version"
        },
        {
          "created": "2024-01-27T03:49:51Z",
          "created_by": "/bin/sh -c #(nop) COPY file:4544cc1555469403b322faecc1cf1ca584667c43a6a60b17300f97840c04196e in /etc/docker/registry/config.yml "
        },
        {
          "created": "2024-01-27T03:49:51Z",
          "created_by": "/bin/sh -c #(nop)  VOLUME [/var/lib/registry]",
          "empty_layer": true
        },
        {
          "created": "2024-01-27T03:49:51Z",
          "created_by": "/bin/sh -c #(nop)  EXPOSE 5000",
          "empty_layer": true
        },
        {
          "created": "2024-01-27T03:49:51Z",
          "created_by": "/bin/sh -c #(nop) COPY file:507caa54f88c1f3862e5876e09a108b2083630ba24c57ad124e356a2de861d62 in /entrypoint.sh "
        },
        {
          "created": "2024-01-27T03:49:51Z",
          "created_by": "/bin/sh -c #(nop)  ENTRYPOINT [\"/entrypoint.sh\"]",
          "empty_layer": true
        },
        {
          "created": "2024-01-27T03:49:51Z",
          "created_by": "/bin/sh -c #(nop)  CMD [\"/etc/docker/registry/config.yml\"]",
          "empty_layer": true
        }
      ],
      "os": "linux",
      "rootfs": {
        "type": "layers",
        "diff_ids": [
          "sha256:aedc3bda2944bb9bcb6c3d475bee8b460db9a9b0f3e0b33a6ed2fd1ae0f1d445",
          "sha256:98e9164d543252b99aa7eb1a604e5a1a281493d81f1cb8165e53f0cc978108bb",
          "sha256:bf7f68cf6cd2a9d968adf407a561697e3790f9e1c05803b6c4d806a37cd0dfa7",
          "sha256:95d5b7fa50971120c31354226e7873f506a80270199fe28eead9937cd2ab3bf7",
          "sha256:a2e9568f034384b721a50340746028bb44e1c05c42c4a7d4d9418b19a6166165"
        ]
      },
      "config": {
        "Cmd": [
          "/etc/docker/registry/config.yml"
        ],
        "Entrypoint": [
          "/entrypoint.sh"
        ],
        "Env": [
          "PATH=/usr/local/sbin:/usr/local/bin:/usr/sbin:/usr/bin:/sbin:/bin"
        ],
        "Image": "sha256:8023dd94c861a42bf3f7b13ff51177b2f9d3abd218d14460b0cdb3c7cda17666",
        "Volumes": {
          "/var/lib/registry": {}
        }
      }
    }
  },
  "Results": [
    {
      "Target": "library/registry:latest (alpine 3.18.6)",
      "Class": "os-pkgs",
      "Type": "alpine"
    }
  ]
}
