{
  "SchemaVersion": 2,
  "CreatedAt": "2024-02-25T03:56:09.154418053Z",
  "ArtifactName": "library/sapmachine:latest",
  "ArtifactType": "container_image",
  "Metadata": {
    "OS": {
      "Family": "ubuntu",
      "Name": "22.04"
    },
    "ImageID": "sha256:dc8932308906c66a09ece6aee46bd7defb41a54df41dbe24b909f2c5b4c035a5",
    "DiffIDs": [
      "sha256:d101c9453715a978a2a520f553588e77dfb4236762175eba61c5c264a449c75d",
      "sha256:a3427d5081363f64b89a231fde70c15696e4b6c3aba250710739b636ea7ebfb9"
    ],
    "RepoTags": [
      "sapmachine:latest"
    ],
    "RepoDigests": [
      "sapmachine@sha256:8ebdbb8a29677429f1d014f3dbbda991e159e7ca36c99c5fa353cd50837ead31"
    ],
    "ImageConfig": {
      "architecture": "amd64",
      "container": "c5caaf3c40ca0a109ee648c400f5ca3e50e128668ebc6c05f8a8243fc7aeef57",
      "created": "2024-02-16T03:22:33.913186608Z",
      "docker_version": "20.10.23",
      "history": [
        {
          "created": "2024-02-13T10:06:26Z",
          "created_by": "/bin/sh -c #(nop)  ARG RELEASE",
          "empty_layer": true
        },
        {
          "created": "2024-02-13T10:06:26Z",
          "created_by": "/bin/sh -c #(nop)  ARG LAUNCHPAD_BUILD_ARCH",
          "empty_layer": true
        },
        {
          "created": "2024-02-13T10:06:26Z",
          "created_by": "/bin/sh -c #(nop)  LABEL org.opencontainers.image.ref.name=ubuntu",
          "empty_layer": true
        },
        {
          "created": "2024-02-13T10:06:26Z",
          "created_by": "/bin/sh -c #(nop)  LABEL org.opencontainers.image.version=22.04",
          "empty_layer": true
        },
        {
          "created": "2024-02-13T10:06:28Z",
          "created_by": "/bin/sh -c #(nop) ADD file:7f9a3c5a4231ed19174c21d17ce05d84d568cff6d3a0c2a1d7c3a9be5e45c02c in / "
        },
        {
          "created": "2024-02-13T10:06:28Z",
          "created_by": "/bin/sh -c #(nop)  CMD [\"/bin/bash\"]",
          "empty_layer": true
        },
        {
          "created": "2024-02-16T03:22:32Z",
          "created_by": "/bin/sh -c apt-get update     \u0026\u0026 apt-get -y --no-install-recommends install ca-certificates gnupg     \u0026\u0026 export GNUPGHOME=\"$(mktemp -d)\"     \u0026\u0026 gpg --no-default-keyring --keyring gnupg-ring:/etc/apt/trusted.gpg.d/sapmachine.gpg --batch --keyserver hkps://keys.openpgp.org --recv-keys CACB9FE09150307D1D22D82962754C3B3ABCFE23     \u0026\u0026 chmod 644 /etc/apt/trusted.gpg.d/sapmachine.gpg     \u0026\u0026 echo \"deb http://dist.sapmachine.io/debian/$(dpkg --print-architecture)/ ./\" \u003e /etc/apt/sources.list.d/sapmachine.list     \u0026\u0026 apt-get update     \u0026\u0026 apt-get -y --no-install-recommends install sapmachine-21-jdk=21.0.2     \u0026\u0026 apt-get remove -y --purge --autoremove ca-certificates gnupg     \u0026\u0026 rm -rf \"$GNUPGHOME\" /var/lib/apt/lists/*"
        },
        {
          "created": "2024-02-16T03:22:33Z",
          "created_by": "/bin/sh -c #(nop)  ENV JAVA_HOME=/usr/lib/jvm/sapmachine-21",
          "empty_layer": true
        },
        {
          "created": "2024-02-16T03:22:33Z",
          "created_by": "/bin/sh -c #(nop)  CMD [\"jshell\"]",
          "empty_layer": true
        }
      ],
      "os": "linux",
      "rootfs": {
        "type": "layers",
        "diff_ids": [
          "sha256:d101c9453715a978a2a520f553588e77dfb4236762175eba61c5c264a449c75d",
          "sha256:a3427d5081363f64b89a231fde70c15696e4b6c3aba250710739b636ea7ebfb9"
        ]
      },
      "config": {
        "Cmd": [
          "jshell"
        ],
        "Env": [
          "PATH=/usr/local/sbin:/usr/local/bin:/usr/sbin:/usr/bin:/sbin:/bin",
          "JAVA_HOME=/usr/lib/jvm/sapmachine-21"
        ],
        "Image": "sha256:180ed5ba3e1fb1644f1c5e614c81cce91ec591520c619b9546cf06f5b218ea37",
        "Labels": {
          "org.opencontainers.image.ref.name": "ubuntu",
          "org.opencontainers.image.version": "22.04"
        }
      }
    }
  },
  "Results": [
    {
      "Target": "library/sapmachine:latest (ubuntu 22.04)",
      "Class": "os-pkgs",
      "Type": "ubuntu",
      "Vulnerabilities": [
        {
          "VulnerabilityID": "CVE-2022-3715",
          "PkgID": "bash@5.1-6ubuntu1",
          "PkgName": "bash",
          "PkgIdentifier": {
            "PURL": "pkg:deb/ubuntu/bash@5.1-6ubuntu1?arch=amd64\u0026distro=ubuntu-22.04"
          },
          "InstalledVersion": "5.1-6ubuntu1",
          "Status": "affected",
          "Layer": {
            "DiffID": "sha256:d101c9453715a978a2a520f553588e77dfb4236762175eba61c5c264a449c75d"
          },
          "SeveritySource": "ubuntu",
          "PrimaryURL": "https://avd.aquasec.com/nvd/cve-2022-3715",
          "DataSource": {
            "ID": "ubuntu",
            "Name": "Ubuntu CVE Tracker",
            "URL": "https://git.launchpad.net/ubuntu-cve-tracker"
          },
          "Title": "a heap-buffer-overflow in valid_parameter_transform",
          "Description": "A flaw was found in the bash package, where a heap-buffer overflow can occur in valid parameter_transform. This issue may lead to memory problems.",
          "Severity": "LOW",
          "CweIDs": [
            "CWE-787",
            "CWE-119"
          ],
          "VendorSeverity": {
            "alma": 2,
            "amazon": 2,
            "nvd": 3,
            "oracle-oval": 2,
            "redhat": 2,
            "rocky": 2,
            "ubuntu": 1
          },
          "CVSS": {
            "nvd": {
              "V3Vector": "CVSS:3.1/AV:L/AC:L/PR:L/UI:N/S:U/C:H/I:H/A:H",
              "V3Score": 7.8
            },
            "redhat": {
              "V3Vector": "CVSS:3.1/AV:L/AC:L/PR:L/UI:N/S:U/C:L/I:L/A:H",
              "V3Score": 6.6
            }
          },
          "References": [
            "https://access.redhat.com/errata/RHSA-2023:0340",
            "https://access.redhat.com/security/cve/CVE-2022-3715",
            "https://bugzilla.redhat.com/2126720",
            "https://bugzilla.redhat.com/show_bug.cgi?id=2126720",
            "https://cve.mitre.org/cgi-bin/cvename.cgi?name=CVE-2022-3715",
            "https://errata.almalinux.org/9/ALSA-2023-0340.html",
            "https://errata.rockylinux.org/RLSA-2023:0340",
            "https://linux.oracle.com/cve/CVE-2022-3715.html",
            "https://linux.oracle.com/errata/ELSA-2023-0340.html",
            "https://lists.gnu.org/archive/html/bug-bash/2022-08/msg00147.html",
            "https://nvd.nist.gov/vuln/detail/CVE-2022-3715",
            "https://www.cve.org/CVERecord?id=CVE-2022-3715"
          ],
          "PublishedDate": "2023-01-05T15:15:10.41Z",
          "LastModifiedDate": "2023-02-24T18:38:10.793Z"
        },
        {
          "VulnerabilityID": "CVE-2016-2781",
          "PkgID": "coreutils@8.32-4.1ubuntu1.1",
          "PkgName": "coreutils",
          "PkgIdentifier": {
            "PURL": "pkg:deb/ubuntu/coreutils@8.32-4.1ubuntu1.1?arch=amd64\u0026distro=ubuntu-22.04"
          },
          "InstalledVersion": "8.32-4.1ubuntu1.1",
          "Status": "affected",
          "Layer": {
            "DiffID": "sha256:d101c9453715a978a2a520f553588e77dfb4236762175eba61c5c264a449c75d"
          },
          "SeveritySource": "ubuntu",
          "PrimaryURL": "https://avd.aquasec.com/nvd/cve-2016-2781",
          "DataSource": {
            "ID": "ubuntu",
            "Name": "Ubuntu CVE Tracker",
            "URL": "https://git.launchpad.net/ubuntu-cve-tracker"
          },
          "Title": "coreutils: Non-privileged session can escape to the parent session in chroot",
          "Description": "chroot in GNU coreutils, when used with --userspec, allows local users to escape to the parent session via a crafted TIOCSTI ioctl call, which pushes characters to the terminal's input buffer.",
          "Severity": "LOW",
          "CweIDs": [
            "CWE-20"
          ],
          "VendorSeverity": {
            "cbl-mariner": 2,
            "nvd": 2,
            "redhat": 2,
            "ubuntu": 1
          },
          "CVSS": {
            "nvd": {
              "V2Vector": "AV:L/AC:L/Au:N/C:N/I:P/A:N",
              "V3Vector": "CVSS:3.0/AV:L/AC:L/PR:L/UI:N/S:C/C:N/I:H/A:N",
              "V2Score": 2.1,
              "V3Score": 6.5
            },
            "redhat": {
              "V2Vector": "AV:L/AC:H/Au:N/C:C/I:C/A:C",
              "V3Vector": "CVSS:3.0/AV:L/AC:L/PR:N/UI:R/S:C/C:H/I:H/A:H",
              "V2Score": 6.2,
              "V3Score": 8.6
            }
          },
          "References": [
            "http://seclists.org/oss-sec/2016/q1/452",
            "http://www.openwall.com/lists/oss-security/2016/02/28/2",
            "http://www.openwall.com/lists/oss-security/2016/02/28/3",
            "https://access.redhat.com/security/cve/CVE-2016-2781",
            "https://cve.mitre.org/cgi-bin/cvename.cgi?name=CVE-2016-2781",
            "https://lists.apache.org/thread.html/rf9fa47ab66495c78bb4120b0754dd9531ca2ff0430f6685ac9b07772%40%3Cdev.mina.apache.org%3E",
            "https://lore.kernel.org/patchwork/patch/793178/",
            "https://nvd.nist.gov/vuln/detail/CVE-2016-2781",
            "https://www.cve.org/CVERecord?id=CVE-2016-2781"
          ],
          "PublishedDate": "2017-02-07T15:59:00.333Z",
          "LastModifiedDate": "2023-11-07T02:32:03.347Z"
        },
        {
          "VulnerabilityID": "CVE-2022-27943",
          "PkgID": "gcc-12-base@12.3.0-1ubuntu1~22.04",
          "PkgName": "gcc-12-base",
          "PkgIdentifier": {
            "PURL": "pkg:deb/ubuntu/gcc-12-base@12.3.0-1ubuntu1~22.04?arch=amd64\u0026distro=ubuntu-22.04"
          },
          "InstalledVersion": "12.3.0-1ubuntu1~22.04",
          "Status": "affected",
          "Layer": {
            "DiffID": "sha256:d101c9453715a978a2a520f553588e77dfb4236762175eba61c5c264a449c75d"
          },
          "SeveritySource": "ubuntu",
          "PrimaryURL": "https://avd.aquasec.com/nvd/cve-2022-27943",
          "DataSource": {
            "ID": "ubuntu",
            "Name": "Ubuntu CVE Tracker",
            "URL": "https://git.launchpad.net/ubuntu-cve-tracker"
          },
          "Title": "libiberty/rust-demangle.c in GNU GCC 11.2 allows stack exhaustion in demangle_const",
          "Description": "libiberty/rust-demangle.c in GNU GCC 11.2 allows stack consumption in demangle_const, as demonstrated by nm-new.",
          "Severity": "LOW",
          "CweIDs": [
            "CWE-674"
          ],
          "VendorSeverity": {
            "amazon": 1,
            "nvd": 2,
            "redhat": 1,
            "ubuntu": 1
          },
          "CVSS": {
            "nvd": {
              "V2Vector": "AV:N/AC:M/Au:N/C:N/I:N/A:P",
              "V3Vector": "CVSS:3.1/AV:L/AC:L/PR:N/UI:R/S:U/C:N/I:N/A:H",
              "V2Score": 4.3,
              "V3Score": 5.5
            },
            "redhat": {
              "V3Vector": "CVSS:3.1/AV:L/AC:L/PR:N/UI:R/S:U/C:N/I:N/A:H",
              "V3Score": 5.5
            }
          },
          "References": [
            "https://access.redhat.com/security/cve/CVE-2022-27943",
            "https://cve.mitre.org/cgi-bin/cvename.cgi?name=CVE-2022-27943",
            "https://gcc.gnu.org/bugzilla/show_bug.cgi?id=105039",
            "https://gcc.gnu.org/git/gitweb.cgi?p=gcc.git;h=1a770b01ef415e114164b6151d1e55acdee09371",
            "https://gcc.gnu.org/git/gitweb.cgi?p=gcc.git;h=9234cdca6ee88badfc00297e72f13dac4e540c79",
            "https://gcc.gnu.org/git/gitweb.cgi?p=gcc.git;h=fc968115a742d9e4674d9725ce9c2106b91b6ead",
            "https://gcc.gnu.org/pipermail/gcc-patches/2022-March/592244.html",
            "https://lists.fedoraproject.org/archives/list/package-announce%40lists.fedoraproject.org/message/H424YXGW7OKXS2NCAP35OP6Y4P4AW6VG/",
            "https://nvd.nist.gov/vuln/detail/CVE-2022-27943",
            "https://sourceware.org/bugzilla/show_bug.cgi?id=28995",
            "https://www.cve.org/CVERecord?id=CVE-2022-27943"
          ],
          "PublishedDate": "2022-03-26T13:15:07.9Z",
          "LastModifiedDate": "2023-11-07T03:45:32.64Z"
        },
        {
          "VulnerabilityID": "CVE-2022-3219",
          "PkgID": "gpgv@2.2.27-3ubuntu2.1",
          "PkgName": "gpgv",
          "PkgIdentifier": {
            "PURL": "pkg:deb/ubuntu/gpgv@2.2.27-3ubuntu2.1?arch=amd64\u0026distro=ubuntu-22.04"
          },
          "InstalledVersion": "2.2.27-3ubuntu2.1",
          "Status": "affected",
          "Layer": {
            "DiffID": "sha256:d101c9453715a978a2a520f553588e77dfb4236762175eba61c5c264a449c75d"
          },
          "SeveritySource": "ubuntu",
          "PrimaryURL": "https://avd.aquasec.com/nvd/cve-2022-3219",
          "DataSource": {
            "ID": "ubuntu",
            "Name": "Ubuntu CVE Tracker",
            "URL": "https://git.launchpad.net/ubuntu-cve-tracker"
          },
          "Title": "denial of service issue (resource consumption) using compressed packets",
          "Description": "GnuPG can be made to spin on a relatively small input by (for example) crafting a public key with thousands of signatures attached, compressed down to just a few KB.",
          "Severity": "LOW",
          "CweIDs": [
            "CWE-787"
          ],
          "VendorSeverity": {
            "nvd": 1,
            "redhat": 1,
            "ubuntu": 1
          },
          "CVSS": {
            "nvd": {
              "V3Vector": "CVSS:3.1/AV:L/AC:L/PR:L/UI:N/S:U/C:N/I:N/A:L",
              "V3Score": 3.3
            },
            "redhat": {
              "V3Vector": "CVSS:3.1/AV:L/AC:L/PR:N/UI:N/S:U/C:N/I:N/A:H",
              "V3Score": 6.2
            }
          },
          "References": [
            "https://access.redhat.com/security/cve/CVE-2022-3219",
            "https://bugzilla.redhat.com/show_bug.cgi?id=2127010",
            "https://cve.mitre.org/cgi-bin/cvename.cgi?name=CVE-2022-3219",
            "https://dev.gnupg.org/D556",
            "https://dev.gnupg.org/T5993",
            "https://marc.info/?l=oss-security\u0026m=165696590211434\u0026w=4",
            "https://nvd.nist.gov/vuln/detail/CVE-2022-3219",
            "https://security.netapp.com/advisory/ntap-20230324-0001/",
            "https://www.cve.org/CVERecord?id=CVE-2022-3219"
          ],
          "PublishedDate": "2023-02-23T20:15:12.393Z",
          "LastModifiedDate": "2023-05-26T16:31:34.07Z"
        },
        {
          "VulnerabilityID": "CVE-2016-20013",
          "PkgID": "libc-bin@2.35-0ubuntu3.6",
          "PkgName": "libc-bin",
          "PkgIdentifier": {
            "PURL": "pkg:deb/ubuntu/libc-bin@2.35-0ubuntu3.6?arch=amd64\u0026distro=ubuntu-22.04"
          },
          "InstalledVersion": "2.35-0ubuntu3.6",
          "Status": "affected",
          "Layer": {
            "DiffID": "sha256:d101c9453715a978a2a520f553588e77dfb4236762175eba61c5c264a449c75d"
          },
          "SeveritySource": "ubuntu",
          "PrimaryURL": "https://avd.aquasec.com/nvd/cve-2016-20013",
          "DataSource": {
            "ID": "ubuntu",
            "Name": "Ubuntu CVE Tracker",
            "URL": "https://git.launchpad.net/ubuntu-cve-tracker"
          },
          "Description": "sha256crypt and sha512crypt through 0.6 allow attackers to cause a denial of service (CPU consumption) because the algorithm's runtime is proportional to the square of the length of the password.",
          "Severity": "LOW",
          "CweIDs": [
            "CWE-770"
          ],
          "VendorSeverity": {
            "nvd": 3,
            "ubuntu": 1
          },
          "CVSS": {
            "nvd": {
              "V2Vector": "AV:N/AC:L/Au:N/C:N/I:N/A:P",
              "V3Vector": "CVSS:3.1/AV:N/AC:L/PR:N/UI:N/S:U/C:N/I:N/A:H",
              "V2Score": 5,
              "V3Score": 7.5
            }
          },
          "References": [
            "https://akkadia.org/drepper/SHA-crypt.txt",
            "https://cve.mitre.org/cgi-bin/cvename.cgi?name=CVE-2016-20013",
            "https://pthree.org/2018/05/23/do-not-use-sha256crypt-sha512crypt-theyre-dangerous/",
            "https://twitter.com/solardiz/status/795601240151457793"
          ],
          "PublishedDate": "2022-02-19T05:15:09.413Z",
          "LastModifiedDate": "2022-03-03T16:43:19.667Z"
        },
        {
          "VulnerabilityID": "CVE-2016-20013",
          "PkgID": "libc6@2.35-0ubuntu3.6",
          "PkgName": "libc6",
          "PkgIdentifier": {
            "PURL": "pkg:deb/ubuntu/libc6@2.35-0ubuntu3.6?arch=amd64\u0026distro=ubuntu-22.04"
          },
          "InstalledVersion": "2.35-0ubuntu3.6",
          "Status": "affected",
          "Layer": {
            "DiffID": "sha256:d101c9453715a978a2a520f553588e77dfb4236762175eba61c5c264a449c75d"
          },
          "SeveritySource": "ubuntu",
          "PrimaryURL": "https://avd.aquasec.com/nvd/cve-2016-20013",
          "DataSource": {
            "ID": "ubuntu",
            "Name": "Ubuntu CVE Tracker",
            "URL": "https://git.launchpad.net/ubuntu-cve-tracker"
          },
          "Description": "sha256crypt and sha512crypt through 0.6 allow attackers to cause a denial of service (CPU consumption) because the algorithm's runtime is proportional to the square of the length of the password.",
          "Severity": "LOW",
          "CweIDs": [
            "CWE-770"
          ],
          "VendorSeverity": {
            "nvd": 3,
            "ubuntu": 1
          },
          "CVSS": {
            "nvd": {
              "V2Vector": "AV:N/AC:L/Au:N/C:N/I:N/A:P",
              "V3Vector": "CVSS:3.1/AV:N/AC:L/PR:N/UI:N/S:U/C:N/I:N/A:H",
              "V2Score": 5,
              "V3Score": 7.5
            }
          },
          "References": [
            "https://akkadia.org/drepper/SHA-crypt.txt",
            "https://cve.mitre.org/cgi-bin/cvename.cgi?name=CVE-2016-20013",
            "https://pthree.org/2018/05/23/do-not-use-sha256crypt-sha512crypt-theyre-dangerous/",
            "https://twitter.com/solardiz/status/795601240151457793"
          ],
          "PublishedDate": "2022-02-19T05:15:09.413Z",
          "LastModifiedDate": "2022-03-03T16:43:19.667Z"
        },
        {
          "VulnerabilityID": "CVE-2023-52426",
          "PkgID": "libexpat1@2.4.7-1ubuntu0.2",
          "PkgName": "libexpat1",
          "PkgIdentifier": {
            "PURL": "pkg:deb/ubuntu/libexpat1@2.4.7-1ubuntu0.2?arch=amd64\u0026distro=ubuntu-22.04"
          },
          "InstalledVersion": "2.4.7-1ubuntu0.2",
          "Status": "affected",
          "Layer": {
            "DiffID": "sha256:a3427d5081363f64b89a231fde70c15696e4b6c3aba250710739b636ea7ebfb9"
          },
          "SeveritySource": "ubuntu",
          "PrimaryURL": "https://avd.aquasec.com/nvd/cve-2023-52426",
          "DataSource": {
            "ID": "ubuntu",
            "Name": "Ubuntu CVE Tracker",
            "URL": "https://git.launchpad.net/ubuntu-cve-tracker"
          },
          "Title": "expat: recursive XML entity expansion vulnerability",
          "Description": "libexpat through 2.5.0 allows recursive XML Entity Expansion if XML_DTD is undefined at compile time.",
          "Severity": "MEDIUM",
          "CweIDs": [
            "CWE-776"
          ],
          "VendorSeverity": {
            "amazon": 2,
            "nvd": 2,
            "redhat": 2,
            "ubuntu": 2
          },
          "CVSS": {
            "nvd": {
              "V3Vector": "CVSS:3.1/AV:L/AC:L/PR:L/UI:N/S:U/C:N/I:N/A:H",
              "V3Score": 5.5
            },
            "redhat": {
              "V3Vector": "CVSS:3.1/AV:L/AC:L/PR:L/UI:N/S:U/C:N/I:N/A:H",
              "V3Score": 5.5
            }
          },
          "References": [
            "https://access.redhat.com/security/cve/CVE-2023-52426",
            "https://cve.mitre.org/cgi-bin/cvename.cgi?name=CVE-2023-52426",
            "https://cwe.mitre.org/data/definitions/776.html",
            "https://github.com/libexpat/libexpat/commit/0f075ec8ecb5e43f8fdca5182f8cca4703da0404",
            "https://github.com/libexpat/libexpat/pull/777",
            "https://nvd.nist.gov/vuln/detail/CVE-2023-52426",
            "https://www.cve.org/CVERecord?id=CVE-2023-52426"
          ],
          "PublishedDate": "2024-02-04T20:15:46.12Z",
          "LastModifiedDate": "2024-02-09T02:02:39.8Z"
        },
        {
          "VulnerabilityID": "CVE-2022-27943",
          "PkgID": "libgcc-s1@12.3.0-1ubuntu1~22.04",
          "PkgName": "libgcc-s1",
          "PkgIdentifier": {
            "PURL": "pkg:deb/ubuntu/libgcc-s1@12.3.0-1ubuntu1~22.04?arch=amd64\u0026distro=ubuntu-22.04"
          },
          "InstalledVersion": "12.3.0-1ubuntu1~22.04",
          "Status": "affected",
          "Layer": {
            "DiffID": "sha256:d101c9453715a978a2a520f553588e77dfb4236762175eba61c5c264a449c75d"
          },
          "SeveritySource": "ubuntu",
          "PrimaryURL": "https://avd.aquasec.com/nvd/cve-2022-27943",
          "DataSource": {
            "ID": "ubuntu",
            "Name": "Ubuntu CVE Tracker",
            "URL": "https://git.launchpad.net/ubuntu-cve-tracker"
          },
          "Title": "libiberty/rust-demangle.c in GNU GCC 11.2 allows stack exhaustion in demangle_const",
          "Description": "libiberty/rust-demangle.c in GNU GCC 11.2 allows stack consumption in demangle_const, as demonstrated by nm-new.",
          "Severity": "LOW",
          "CweIDs": [
            "CWE-674"
          ],
          "VendorSeverity": {
            "amazon": 1,
            "nvd": 2,
            "redhat": 1,
            "ubuntu": 1
          },
          "CVSS": {
            "nvd": {
              "V2Vector": "AV:N/AC:M/Au:N/C:N/I:N/A:P",
              "V3Vector": "CVSS:3.1/AV:L/AC:L/PR:N/UI:R/S:U/C:N/I:N/A:H",
              "V2Score": 4.3,
              "V3Score": 5.5
            },
            "redhat": {
              "V3Vector": "CVSS:3.1/AV:L/AC:L/PR:N/UI:R/S:U/C:N/I:N/A:H",
              "V3Score": 5.5
            }
          },
          "References": [
            "https://access.redhat.com/security/cve/CVE-2022-27943",
            "https://cve.mitre.org/cgi-bin/cvename.cgi?name=CVE-2022-27943",
            "https://gcc.gnu.org/bugzilla/show_bug.cgi?id=105039",
            "https://gcc.gnu.org/git/gitweb.cgi?p=gcc.git;h=1a770b01ef415e114164b6151d1e55acdee09371",
            "https://gcc.gnu.org/git/gitweb.cgi?p=gcc.git;h=9234cdca6ee88badfc00297e72f13dac4e540c79",
            "https://gcc.gnu.org/git/gitweb.cgi?p=gcc.git;h=fc968115a742d9e4674d9725ce9c2106b91b6ead",
            "https://gcc.gnu.org/pipermail/gcc-patches/2022-March/592244.html",
            "https://lists.fedoraproject.org/archives/list/package-announce%40lists.fedoraproject.org/message/H424YXGW7OKXS2NCAP35OP6Y4P4AW6VG/",
            "https://nvd.nist.gov/vuln/detail/CVE-2022-27943",
            "https://sourceware.org/bugzilla/show_bug.cgi?id=28995",
            "https://www.cve.org/CVERecord?id=CVE-2022-27943"
          ],
          "PublishedDate": "2022-03-26T13:15:07.9Z",
          "LastModifiedDate": "2023-11-07T03:45:32.64Z"
        },
        {
          "VulnerabilityID": "CVE-2020-22916",
          "PkgID": "liblzma5@5.2.5-2ubuntu1",
          "PkgName": "liblzma5",
          "PkgIdentifier": {
            "PURL": "pkg:deb/ubuntu/liblzma5@5.2.5-2ubuntu1?arch=amd64\u0026distro=ubuntu-22.04"
          },
          "InstalledVersion": "5.2.5-2ubuntu1",
          "Status": "affected",
          "Layer": {
            "DiffID": "sha256:d101c9453715a978a2a520f553588e77dfb4236762175eba61c5c264a449c75d"
          },
          "SeveritySource": "ubuntu",
          "PrimaryURL": "https://avd.aquasec.com/nvd/cve-2020-22916",
          "DataSource": {
            "ID": "ubuntu",
            "Name": "Ubuntu CVE Tracker",
            "URL": "https://git.launchpad.net/ubuntu-cve-tracker"
          },
          "Title": "Denial of service via decompression of crafted file",
          "Description": "An issue discovered in XZ 5.2.5 allows attackers to cause a denial of service via decompression of a crafted file. NOTE: the vendor disputes the claims of \"endless output\" and \"denial of service\" because decompression of the 17,486 bytes always results in 114,881,179 bytes, which is often a reasonable size increase.",
          "Severity": "MEDIUM",
          "VendorSeverity": {
            "nvd": 2,
            "redhat": 1,
            "ubuntu": 2
          },
          "CVSS": {
            "nvd": {
              "V3Vector": "CVSS:3.1/AV:L/AC:L/PR:N/UI:R/S:U/C:N/I:N/A:H",
              "V3Score": 5.5
            },
            "redhat": {
              "V3Vector": "CVSS:3.1/AV:L/AC:L/PR:N/UI:R/S:U/C:N/I:N/A:H",
              "V3Score": 5.5
            }
          },
          "References": [
            "http://web.archive.org/web/20230918084612/https://github.com/snappyJack/CVE-request-XZ-5.2.5-has-denial-of-service-vulnerability",
            "https://access.redhat.com/security/cve/CVE-2020-22916",
            "https://bugzilla.redhat.com/show_bug.cgi?id=2234987",
            "https://bugzilla.suse.com/show_bug.cgi?id=1214590",
            "https://cve.mitre.org/cgi-bin/cvename.cgi?name=CVE-2020-22916",
            "https://github.com/snappyJack/CVE-request-XZ-5.2.5-has-denial-of-service-vulnerability",
            "https://github.com/tukaani-project/xz/issues/61",
            "https://nvd.nist.gov/vuln/detail/CVE-2020-22916",
            "https://security-tracker.debian.org/tracker/CVE-2020-22916",
            "https://tukaani.org/xz/",
            "https://www.cve.org/CVERecord?id=CVE-2020-22916"
          ],
          "PublishedDate": "2023-08-22T19:16:19.407Z",
          "LastModifiedDate": "2023-11-07T03:19:47.47Z"
        },
        {
          "VulnerabilityID": "CVE-2023-45918",
          "PkgID": "libncurses6@6.3-2ubuntu0.1",
          "PkgName": "libncurses6",
          "PkgIdentifier": {
            "PURL": "pkg:deb/ubuntu/libncurses6@6.3-2ubuntu0.1?arch=amd64\u0026distro=ubuntu-22.04"
          },
          "InstalledVersion": "6.3-2ubuntu0.1",
          "Status": "affected",
          "Layer": {
            "DiffID": "sha256:d101c9453715a978a2a520f553588e77dfb4236762175eba61c5c264a449c75d"
          },
          "SeveritySource": "ubuntu",
          "PrimaryURL": "https://avd.aquasec.com/nvd/cve-2023-45918",
          "DataSource": {
            "ID": "ubuntu",
            "Name": "Ubuntu CVE Tracker",
            "URL": "https://git.launchpad.net/ubuntu-cve-tracker"
          },
          "Title": "ncurses 6.4-20230610 has a NULL pointer dereference in tgetstr in tinf ...",
          "Description": "ncurses 6.4-20230610 has a NULL pointer dereference in tgetstr in tinfo/lib_termcap.c.",
          "Severity": "LOW",
          "VendorSeverity": {
            "ubuntu": 1
          },
          "References": [
            "https://cve.mitre.org/cgi-bin/cvename.cgi?name=CVE-2023-45918",
            "https://lists.gnu.org/archive/html/bug-ncurses/2023-06/msg00005.html"
          ],
          "PublishedDate": "2024-02-16T22:15:07.88Z",
          "LastModifiedDate": "2024-02-20T19:51:05.51Z"
        },
        {
          "VulnerabilityID": "CVE-2023-50495",
          "PkgID": "libncurses6@6.3-2ubuntu0.1",
          "PkgName": "libncurses6",
          "PkgIdentifier": {
            "PURL": "pkg:deb/ubuntu/libncurses6@6.3-2ubuntu0.1?arch=amd64\u0026distro=ubuntu-22.04"
          },
          "InstalledVersion": "6.3-2ubuntu0.1",
          "Status": "affected",
          "Layer": {
            "DiffID": "sha256:d101c9453715a978a2a520f553588e77dfb4236762175eba61c5c264a449c75d"
          },
          "SeveritySource": "ubuntu",
          "PrimaryURL": "https://avd.aquasec.com/nvd/cve-2023-50495",
          "DataSource": {
            "ID": "ubuntu",
            "Name": "Ubuntu CVE Tracker",
            "URL": "https://git.launchpad.net/ubuntu-cve-tracker"
          },
          "Title": "ncurses: segmentation fault via _nc_wrap_entry()",
          "Description": "NCurse v6.4-20230418 was discovered to contain a segmentation fault via the component _nc_wrap_entry().",
          "Severity": "LOW",
          "VendorSeverity": {
            "amazon": 2,
            "nvd": 2,
            "redhat": 1,
            "ubuntu": 1
          },
          "CVSS": {
            "nvd": {
              "V3Vector": "CVSS:3.1/AV:N/AC:L/PR:N/UI:R/S:U/C:N/I:N/A:H",
              "V3Score": 6.5
            },
            "redhat": {
              "V3Vector": "CVSS:3.1/AV:N/AC:L/PR:N/UI:R/S:U/C:N/I:N/A:H",
              "V3Score": 6.5
            }
          },
          "References": [
            "https://access.redhat.com/security/cve/CVE-2023-50495",
            "https://cve.mitre.org/cgi-bin/cvename.cgi?name=CVE-2023-50495",
            "https://lists.fedoraproject.org/archives/list/package-announce%40lists.fedoraproject.org/message/LU4MYMKFEZQ5VSCVLRIZGDQOUW3T44GT/",
            "https://lists.gnu.org/archive/html/bug-ncurses/2023-04/msg00020.html",
            "https://lists.gnu.org/archive/html/bug-ncurses/2023-04/msg00029.html",
            "https://nvd.nist.gov/vuln/detail/CVE-2023-50495",
            "https://security.netapp.com/advisory/ntap-20240119-0008/",
            "https://www.cve.org/CVERecord?id=CVE-2023-50495"
          ],
          "PublishedDate": "2023-12-12T15:15:07.867Z",
          "LastModifiedDate": "2024-01-31T03:15:08.49Z"
        },
        {
          "VulnerabilityID": "CVE-2023-45918",
          "PkgID": "libncursesw6@6.3-2ubuntu0.1",
          "PkgName": "libncursesw6",
          "PkgIdentifier": {
            "PURL": "pkg:deb/ubuntu/libncursesw6@6.3-2ubuntu0.1?arch=amd64\u0026distro=ubuntu-22.04"
          },
          "InstalledVersion": "6.3-2ubuntu0.1",
          "Status": "affected",
          "Layer": {
            "DiffID": "sha256:d101c9453715a978a2a520f553588e77dfb4236762175eba61c5c264a449c75d"
          },
          "SeveritySource": "ubuntu",
          "PrimaryURL": "https://avd.aquasec.com/nvd/cve-2023-45918",
          "DataSource": {
            "ID": "ubuntu",
            "Name": "Ubuntu CVE Tracker",
            "URL": "https://git.launchpad.net/ubuntu-cve-tracker"
          },
          "Title": "ncurses 6.4-20230610 has a NULL pointer dereference in tgetstr in tinf ...",
          "Description": "ncurses 6.4-20230610 has a NULL pointer dereference in tgetstr in tinfo/lib_termcap.c.",
          "Severity": "LOW",
          "VendorSeverity": {
            "ubuntu": 1
          },
          "References": [
            "https://cve.mitre.org/cgi-bin/cvename.cgi?name=CVE-2023-45918",
            "https://lists.gnu.org/archive/html/bug-ncurses/2023-06/msg00005.html"
          ],
          "PublishedDate": "2024-02-16T22:15:07.88Z",
          "LastModifiedDate": "2024-02-20T19:51:05.51Z"
        },
        {
          "VulnerabilityID": "CVE-2023-50495",
          "PkgID": "libncursesw6@6.3-2ubuntu0.1",
          "PkgName": "libncursesw6",
          "PkgIdentifier": {
            "PURL": "pkg:deb/ubuntu/libncursesw6@6.3-2ubuntu0.1?arch=amd64\u0026distro=ubuntu-22.04"
          },
          "InstalledVersion": "6.3-2ubuntu0.1",
          "Status": "affected",
          "Layer": {
            "DiffID": "sha256:d101c9453715a978a2a520f553588e77dfb4236762175eba61c5c264a449c75d"
          },
          "SeveritySource": "ubuntu",
          "PrimaryURL": "https://avd.aquasec.com/nvd/cve-2023-50495",
          "DataSource": {
            "ID": "ubuntu",
            "Name": "Ubuntu CVE Tracker",
            "URL": "https://git.launchpad.net/ubuntu-cve-tracker"
          },
          "Title": "ncurses: segmentation fault via _nc_wrap_entry()",
          "Description": "NCurse v6.4-20230418 was discovered to contain a segmentation fault via the component _nc_wrap_entry().",
          "Severity": "LOW",
          "VendorSeverity": {
            "amazon": 2,
            "nvd": 2,
            "redhat": 1,
            "ubuntu": 1
          },
          "CVSS": {
            "nvd": {
              "V3Vector": "CVSS:3.1/AV:N/AC:L/PR:N/UI:R/S:U/C:N/I:N/A:H",
              "V3Score": 6.5
            },
            "redhat": {
              "V3Vector": "CVSS:3.1/AV:N/AC:L/PR:N/UI:R/S:U/C:N/I:N/A:H",
              "V3Score": 6.5
            }
          },
          "References": [
            "https://access.redhat.com/security/cve/CVE-2023-50495",
            "https://cve.mitre.org/cgi-bin/cvename.cgi?name=CVE-2023-50495",
            "https://lists.fedoraproject.org/archives/list/package-announce%40lists.fedoraproject.org/message/LU4MYMKFEZQ5VSCVLRIZGDQOUW3T44GT/",
            "https://lists.gnu.org/archive/html/bug-ncurses/2023-04/msg00020.html",
            "https://lists.gnu.org/archive/html/bug-ncurses/2023-04/msg00029.html",
            "https://nvd.nist.gov/vuln/detail/CVE-2023-50495",
            "https://security.netapp.com/advisory/ntap-20240119-0008/",
            "https://www.cve.org/CVERecord?id=CVE-2023-50495"
          ],
          "PublishedDate": "2023-12-12T15:15:07.867Z",
          "LastModifiedDate": "2024-01-31T03:15:08.49Z"
        },
        {
          "VulnerabilityID": "CVE-2023-5388",
          "PkgID": "libnss3@2:3.68.2-0ubuntu1.2",
          "PkgName": "libnss3",
          "PkgIdentifier": {
            "PURL": "pkg:deb/ubuntu/libnss3@3.68.2-0ubuntu1.2?arch=amd64\u0026distro=ubuntu-22.04\u0026epoch=2"
          },
          "InstalledVersion": "2:3.68.2-0ubuntu1.2",
          "Status": "affected",
          "Layer": {
            "DiffID": "sha256:a3427d5081363f64b89a231fde70c15696e4b6c3aba250710739b636ea7ebfb9"
          },
          "SeveritySource": "ubuntu",
          "PrimaryURL": "https://avd.aquasec.com/nvd/cve-2023-5388",
          "DataSource": {
            "ID": "ubuntu",
            "Name": "Ubuntu CVE Tracker",
            "URL": "https://git.launchpad.net/ubuntu-cve-tracker"
          },
          "Title": "nss: timing attack against RSA decryption",
          "Description": "It was discovered that the numerical library used in NSS for RSA cryptography leaks information whether high order bits of the RSA decryption result are zero. This information can be used to mount a Bleichenbacher or Manger like attack against all RSA decryption operations. As the leak happens before any padding operations, it affects all padding modes: PKCS#1 v1.5, OAEP, and RSASVP. Both API level calls and TLS server operation are affected.",
          "Severity": "MEDIUM",
          "VendorSeverity": {
            "alma": 2,
            "amazon": 2,
            "oracle-oval": 2,
            "redhat": 2,
            "rocky": 2,
            "ubuntu": 2
          },
          "CVSS": {
            "redhat": {
              "V3Vector": "CVSS:3.1/AV:N/AC:L/PR:L/UI:N/S:U/C:H/I:N/A:N",
              "V3Score": 6.5
            }
          },
          "References": [
            "https://access.redhat.com/errata/RHSA-2024:0108",
            "https://access.redhat.com/security/cve/CVE-2023-5388",
            "https://bugzilla.redhat.com/2243644",
            "https://bugzilla.redhat.com/show_bug.cgi?id=2243644",
            "https://cve.mitre.org/cgi-bin/cvename.cgi?name=CVE-2023-5388",
            "https://errata.almalinux.org/9/ALSA-2024-0108.html",
            "https://errata.rockylinux.org/RLSA-2024:0105",
            "https://linux.oracle.com/cve/CVE-2023-5388.html",
            "https://linux.oracle.com/errata/ELSA-2024-0108.html",
            "https://nvd.nist.gov/vuln/detail/CVE-2023-5388",
            "https://people.redhat.com/~hkario/marvin/",
            "https://www.cve.org/CVERecord?id=CVE-2023-5388"
          ]
        },
        {
          "VulnerabilityID": "CVE-2023-6135",
          "PkgID": "libnss3@2:3.68.2-0ubuntu1.2",
          "PkgName": "libnss3",
          "PkgIdentifier": {
            "PURL": "pkg:deb/ubuntu/libnss3@3.68.2-0ubuntu1.2?arch=amd64\u0026distro=ubuntu-22.04\u0026epoch=2"
          },
          "InstalledVersion": "2:3.68.2-0ubuntu1.2",
          "Status": "affected",
          "Layer": {
            "DiffID": "sha256:a3427d5081363f64b89a231fde70c15696e4b6c3aba250710739b636ea7ebfb9"
          },
          "SeveritySource": "ubuntu",
          "PrimaryURL": "https://avd.aquasec.com/nvd/cve-2023-6135",
          "DataSource": {
            "ID": "ubuntu",
            "Name": "Ubuntu CVE Tracker",
            "URL": "https://git.launchpad.net/ubuntu-cve-tracker"
          },
          "Title": "nss: vulnerable to Minerva side-channel information leak",
          "Description": "Multiple NSS NIST curves were susceptible to a side-channel attack known as \"Minerva\". This attack could potentially allow an attacker to recover the private key. This vulnerability affects Firefox \u003c 121.",
          "Severity": "MEDIUM",
          "CweIDs": [
            "CWE-203"
          ],
          "VendorSeverity": {
            "alma": 2,
            "amazon": 2,
            "nvd": 2,
            "oracle-oval": 2,
            "redhat": 2,
            "ubuntu": 2
          },
          "CVSS": {
            "nvd": {
              "V3Vector": "CVSS:3.1/AV:N/AC:L/PR:N/UI:R/S:U/C:L/I:N/A:N",
              "V3Score": 4.3
            },
            "redhat": {
              "V3Vector": "CVSS:3.1/AV:N/AC:L/PR:N/UI:R/S:U/C:L/I:N/A:N",
              "V3Score": 4.3
            }
          },
          "References": [
            "https://access.redhat.com/errata/RHSA-2024:0790",
            "https://access.redhat.com/security/cve/CVE-2023-6135",
            "https://bugzilla.mozilla.org/show_bug.cgi?id=1853908",
            "https://bugzilla.redhat.com/2249906",
            "https://cve.mitre.org/cgi-bin/cvename.cgi?name=CVE-2023-6135",
            "https://errata.almalinux.org/9/ALSA-2024-0790.html",
            "https://linux.oracle.com/cve/CVE-2023-6135.html",
            "https://linux.oracle.com/errata/ELSA-2024-0790.html",
            "https://minerva.crocs.fi.muni.cz/",
            "https://nvd.nist.gov/vuln/detail/CVE-2023-6135",
            "https://people.redhat.com/~hkario/marvin/",
            "https://security.gentoo.org/glsa/202401-10",
            "https://ubuntu.com/security/notices/USN-6562-1",
            "https://www.cve.org/CVERecord?id=CVE-2023-6135",
            "https://www.mozilla.org/en-US/security/advisories/mfsa2023-56/#CVE-2023-6135",
            "https://www.mozilla.org/security/advisories/mfsa2023-56/"
          ],
          "PublishedDate": "2023-12-19T14:15:07.143Z",
          "LastModifiedDate": "2024-01-07T11:15:14.493Z"
        },
        {
          "VulnerabilityID": "CVE-2017-11164",
          "PkgID": "libpcre3@2:8.39-13ubuntu0.22.04.1",
          "PkgName": "libpcre3",
          "PkgIdentifier": {
            "PURL": "pkg:deb/ubuntu/libpcre3@8.39-13ubuntu0.22.04.1?arch=amd64\u0026distro=ubuntu-22.04\u0026epoch=2"
          },
          "InstalledVersion": "2:8.39-13ubuntu0.22.04.1",
          "Status": "affected",
          "Layer": {
            "DiffID": "sha256:d101c9453715a978a2a520f553588e77dfb4236762175eba61c5c264a449c75d"
          },
          "SeveritySource": "ubuntu",
          "PrimaryURL": "https://avd.aquasec.com/nvd/cve-2017-11164",
          "DataSource": {
            "ID": "ubuntu",
            "Name": "Ubuntu CVE Tracker",
            "URL": "https://git.launchpad.net/ubuntu-cve-tracker"
          },
          "Title": "OP_KETRMAX feature in the match function in pcre_exec.c",
          "Description": "In PCRE 8.41, the OP_KETRMAX feature in the match function in pcre_exec.c allows stack exhaustion (uncontrolled recursion) when processing a crafted regular expression.",
          "Severity": "LOW",
          "CweIDs": [
            "CWE-674"
          ],
          "VendorSeverity": {
            "nvd": 3,
            "photon": 3,
            "redhat": 1,
            "ubuntu": 1
          },
          "CVSS": {
            "nvd": {
              "V2Vector": "AV:N/AC:L/Au:N/C:N/I:N/A:C",
              "V3Vector": "CVSS:3.0/AV:N/AC:L/PR:N/UI:N/S:U/C:N/I:N/A:H",
              "V2Score": 7.8,
              "V3Score": 7.5
            },
            "redhat": {
              "V3Vector": "CVSS:3.0/AV:L/AC:L/PR:N/UI:R/S:U/C:N/I:N/A:L",
              "V3Score": 3.3
            }
          },
          "References": [
            "http://openwall.com/lists/oss-security/2017/07/11/3",
            "http://www.openwall.com/lists/oss-security/2023/04/11/1",
            "http://www.openwall.com/lists/oss-security/2023/04/12/1",
            "http://www.securityfocus.com/bid/99575",
            "https://access.redhat.com/security/cve/CVE-2017-11164",
            "https://cve.mitre.org/cgi-bin/cvename.cgi?name=CVE-2017-11164",
            "https://lists.apache.org/thread.html/rf9fa47ab66495c78bb4120b0754dd9531ca2ff0430f6685ac9b07772%40%3Cdev.mina.apache.org%3E",
            "https://nvd.nist.gov/vuln/detail/CVE-2017-11164",
            "https://www.cve.org/CVERecord?id=CVE-2017-11164"
          ],
          "PublishedDate": "2017-07-11T03:29:00.277Z",
          "LastModifiedDate": "2023-11-07T02:38:10.98Z"
        },
        {
          "VulnerabilityID": "CVE-2022-3857",
          "PkgID": "libpng16-16@1.6.37-3build5",
          "PkgName": "libpng16-16",
          "PkgIdentifier": {
            "PURL": "pkg:deb/ubuntu/libpng16-16@1.6.37-3build5?arch=amd64\u0026distro=ubuntu-22.04"
          },
          "InstalledVersion": "1.6.37-3build5",
          "Status": "affected",
          "Layer": {
            "DiffID": "sha256:a3427d5081363f64b89a231fde70c15696e4b6c3aba250710739b636ea7ebfb9"
          },
          "SeveritySource": "ubuntu",
          "PrimaryURL": "https://avd.aquasec.com/nvd/cve-2022-3857",
          "DataSource": {
            "ID": "ubuntu",
            "Name": "Ubuntu CVE Tracker",
            "URL": "https://git.launchpad.net/ubuntu-cve-tracker"
          },
          "Title": "Null pointer dereference leads to segmentation fault",
          "Description": "A flaw was found in libpng 1.6.38. A crafted PNG image can lead to a segmentation fault and denial of service in png_setup_paeth_row() function.",
          "Severity": "LOW",
          "CweIDs": [
            "CWE-476"
          ],
          "VendorSeverity": {
            "cbl-mariner": 2,
            "nvd": 2,
            "redhat": 1,
            "ubuntu": 1
          },
          "CVSS": {
            "nvd": {
              "V3Vector": "CVSS:3.1/AV:L/AC:L/PR:N/UI:R/S:U/C:N/I:N/A:H",
              "V3Score": 5.5
            },
            "redhat": {
              "V3Vector": "CVSS:3.1/AV:L/AC:L/PR:N/UI:R/S:U/C:N/I:N/A:H",
              "V3Score": 5.5
            }
          },
          "References": [
            "https://access.redhat.com/security/cve/CVE-2022-3857",
            "https://cve.mitre.org/cgi-bin/cvename.cgi?name=CVE-2022-3857",
            "https://nvd.nist.gov/vuln/detail/CVE-2022-3857",
            "https://security.netapp.com/advisory/ntap-20230406-0004/",
            "https://sourceforge.net/p/libpng/bugs/300/",
            "https://www.cve.org/CVERecord?id=CVE-2022-3857"
          ],
          "PublishedDate": "2023-03-06T23:15:11.087Z",
          "LastModifiedDate": "2023-04-06T13:15:08.467Z"
        },
        {
          "VulnerabilityID": "CVE-2022-27943",
          "PkgID": "libstdc++6@12.3.0-1ubuntu1~22.04",
          "PkgName": "libstdc++6",
          "PkgIdentifier": {
            "PURL": "pkg:deb/ubuntu/libstdc%2B%2B6@12.3.0-1ubuntu1~22.04?arch=amd64\u0026distro=ubuntu-22.04"
          },
          "InstalledVersion": "12.3.0-1ubuntu1~22.04",
          "Status": "affected",
          "Layer": {
            "DiffID": "sha256:d101c9453715a978a2a520f553588e77dfb4236762175eba61c5c264a449c75d"
          },
          "SeveritySource": "ubuntu",
          "PrimaryURL": "https://avd.aquasec.com/nvd/cve-2022-27943",
          "DataSource": {
            "ID": "ubuntu",
            "Name": "Ubuntu CVE Tracker",
            "URL": "https://git.launchpad.net/ubuntu-cve-tracker"
          },
          "Title": "libiberty/rust-demangle.c in GNU GCC 11.2 allows stack exhaustion in demangle_const",
          "Description": "libiberty/rust-demangle.c in GNU GCC 11.2 allows stack consumption in demangle_const, as demonstrated by nm-new.",
          "Severity": "LOW",
          "CweIDs": [
            "CWE-674"
          ],
          "VendorSeverity": {
            "amazon": 1,
            "nvd": 2,
            "redhat": 1,
            "ubuntu": 1
          },
          "CVSS": {
            "nvd": {
              "V2Vector": "AV:N/AC:M/Au:N/C:N/I:N/A:P",
              "V3Vector": "CVSS:3.1/AV:L/AC:L/PR:N/UI:R/S:U/C:N/I:N/A:H",
              "V2Score": 4.3,
              "V3Score": 5.5
            },
            "redhat": {
              "V3Vector": "CVSS:3.1/AV:L/AC:L/PR:N/UI:R/S:U/C:N/I:N/A:H",
              "V3Score": 5.5
            }
          },
          "References": [
            "https://access.redhat.com/security/cve/CVE-2022-27943",
            "https://cve.mitre.org/cgi-bin/cvename.cgi?name=CVE-2022-27943",
            "https://gcc.gnu.org/bugzilla/show_bug.cgi?id=105039",
            "https://gcc.gnu.org/git/gitweb.cgi?p=gcc.git;h=1a770b01ef415e114164b6151d1e55acdee09371",
            "https://gcc.gnu.org/git/gitweb.cgi?p=gcc.git;h=9234cdca6ee88badfc00297e72f13dac4e540c79",
            "https://gcc.gnu.org/git/gitweb.cgi?p=gcc.git;h=fc968115a742d9e4674d9725ce9c2106b91b6ead",
            "https://gcc.gnu.org/pipermail/gcc-patches/2022-March/592244.html",
            "https://lists.fedoraproject.org/archives/list/package-announce%40lists.fedoraproject.org/message/H424YXGW7OKXS2NCAP35OP6Y4P4AW6VG/",
            "https://nvd.nist.gov/vuln/detail/CVE-2022-27943",
            "https://sourceware.org/bugzilla/show_bug.cgi?id=28995",
            "https://www.cve.org/CVERecord?id=CVE-2022-27943"
          ],
          "PublishedDate": "2022-03-26T13:15:07.9Z",
          "LastModifiedDate": "2023-11-07T03:45:32.64Z"
        },
        {
          "VulnerabilityID": "CVE-2023-7008",
          "PkgID": "libsystemd0@249.11-0ubuntu3.12",
          "PkgName": "libsystemd0",
          "PkgIdentifier": {
            "PURL": "pkg:deb/ubuntu/libsystemd0@249.11-0ubuntu3.12?arch=amd64\u0026distro=ubuntu-22.04"
          },
          "InstalledVersion": "249.11-0ubuntu3.12",
          "Status": "affected",
          "Layer": {
            "DiffID": "sha256:d101c9453715a978a2a520f553588e77dfb4236762175eba61c5c264a449c75d"
          },
          "SeveritySource": "ubuntu",
          "PrimaryURL": "https://avd.aquasec.com/nvd/cve-2023-7008",
          "DataSource": {
            "ID": "ubuntu",
            "Name": "Ubuntu CVE Tracker",
            "URL": "https://git.launchpad.net/ubuntu-cve-tracker"
          },
          "Title": "systemd-resolved: Unsigned name response in signed zone is not refused when DNSSEC=yes",
          "Description": "A vulnerability was found in systemd-resolved. This issue may allow systemd-resolved to accept records of DNSSEC-signed domains even when they have no signature, allowing man-in-the-middles (or the upstream DNS resolver) to manipulate records.",
          "Severity": "LOW",
          "CweIDs": [
            "CWE-300"
          ],
          "VendorSeverity": {
            "amazon": 2,
            "cbl-mariner": 2,
            "nvd": 2,
            "redhat": 2,
            "ubuntu": 1
          },
          "CVSS": {
            "nvd": {
              "V3Vector": "CVSS:3.1/AV:N/AC:H/PR:N/UI:N/S:U/C:N/I:H/A:N",
              "V3Score": 5.9
            },
            "redhat": {
              "V3Vector": "CVSS:3.1/AV:N/AC:H/PR:N/UI:N/S:U/C:N/I:H/A:N",
              "V3Score": 5.9
            }
          },
          "References": [
            "https://access.redhat.com/security/cve/CVE-2023-7008",
            "https://bugzilla.redhat.com/show_bug.cgi?id=2222261",
            "https://bugzilla.redhat.com/show_bug.cgi?id=2222672",
            "https://cve.mitre.org/cgi-bin/cvename.cgi?name=CVE-2023-7008",
            "https://github.com/systemd/systemd/issues/25676",
            "https://lists.fedoraproject.org/archives/list/package-announce@lists.fedoraproject.org/message/4GMDEG5PKONWNHOEYSUDRT6JEOISRMN2/",
            "https://lists.fedoraproject.org/archives/list/package-announce@lists.fedoraproject.org/message/QHNBXGKJWISJETTTDTZKTBFIBJUOSLKL/",
            "https://nvd.nist.gov/vuln/detail/CVE-2023-7008",
            "https://www.cve.org/CVERecord?id=CVE-2023-7008"
          ],
          "PublishedDate": "2023-12-23T13:15:07.573Z",
          "LastModifiedDate": "2024-01-27T03:15:07.933Z"
        },
        {
          "VulnerabilityID": "CVE-2023-45918",
          "PkgID": "libtinfo6@6.3-2ubuntu0.1",
          "PkgName": "libtinfo6",
          "PkgIdentifier": {
            "PURL": "pkg:deb/ubuntu/libtinfo6@6.3-2ubuntu0.1?arch=amd64\u0026distro=ubuntu-22.04"
          },
          "InstalledVersion": "6.3-2ubuntu0.1",
          "Status": "affected",
          "Layer": {
            "DiffID": "sha256:d101c9453715a978a2a520f553588e77dfb4236762175eba61c5c264a449c75d"
          },
          "SeveritySource": "ubuntu",
          "PrimaryURL": "https://avd.aquasec.com/nvd/cve-2023-45918",
          "DataSource": {
            "ID": "ubuntu",
            "Name": "Ubuntu CVE Tracker",
            "URL": "https://git.launchpad.net/ubuntu-cve-tracker"
          },
          "Title": "ncurses 6.4-20230610 has a NULL pointer dereference in tgetstr in tinf ...",
          "Description": "ncurses 6.4-20230610 has a NULL pointer dereference in tgetstr in tinfo/lib_termcap.c.",
          "Severity": "LOW",
          "VendorSeverity": {
            "ubuntu": 1
          },
          "References": [
            "https://cve.mitre.org/cgi-bin/cvename.cgi?name=CVE-2023-45918",
            "https://lists.gnu.org/archive/html/bug-ncurses/2023-06/msg00005.html"
          ],
          "PublishedDate": "2024-02-16T22:15:07.88Z",
          "LastModifiedDate": "2024-02-20T19:51:05.51Z"
        },
        {
          "VulnerabilityID": "CVE-2023-50495",
          "PkgID": "libtinfo6@6.3-2ubuntu0.1",
          "PkgName": "libtinfo6",
          "PkgIdentifier": {
            "PURL": "pkg:deb/ubuntu/libtinfo6@6.3-2ubuntu0.1?arch=amd64\u0026distro=ubuntu-22.04"
          },
          "InstalledVersion": "6.3-2ubuntu0.1",
          "Status": "affected",
          "Layer": {
            "DiffID": "sha256:d101c9453715a978a2a520f553588e77dfb4236762175eba61c5c264a449c75d"
          },
          "SeveritySource": "ubuntu",
          "PrimaryURL": "https://avd.aquasec.com/nvd/cve-2023-50495",
          "DataSource": {
            "ID": "ubuntu",
            "Name": "Ubuntu CVE Tracker",
            "URL": "https://git.launchpad.net/ubuntu-cve-tracker"
          },
          "Title": "ncurses: segmentation fault via _nc_wrap_entry()",
          "Description": "NCurse v6.4-20230418 was discovered to contain a segmentation fault via the component _nc_wrap_entry().",
          "Severity": "LOW",
          "VendorSeverity": {
            "amazon": 2,
            "nvd": 2,
            "redhat": 1,
            "ubuntu": 1
          },
          "CVSS": {
            "nvd": {
              "V3Vector": "CVSS:3.1/AV:N/AC:L/PR:N/UI:R/S:U/C:N/I:N/A:H",
              "V3Score": 6.5
            },
            "redhat": {
              "V3Vector": "CVSS:3.1/AV:N/AC:L/PR:N/UI:R/S:U/C:N/I:N/A:H",
              "V3Score": 6.5
            }
          },
          "References": [
            "https://access.redhat.com/security/cve/CVE-2023-50495",
            "https://cve.mitre.org/cgi-bin/cvename.cgi?name=CVE-2023-50495",
            "https://lists.fedoraproject.org/archives/list/package-announce%40lists.fedoraproject.org/message/LU4MYMKFEZQ5VSCVLRIZGDQOUW3T44GT/",
            "https://lists.gnu.org/archive/html/bug-ncurses/2023-04/msg00020.html",
            "https://lists.gnu.org/archive/html/bug-ncurses/2023-04/msg00029.html",
            "https://nvd.nist.gov/vuln/detail/CVE-2023-50495",
            "https://security.netapp.com/advisory/ntap-20240119-0008/",
            "https://www.cve.org/CVERecord?id=CVE-2023-50495"
          ],
          "PublishedDate": "2023-12-12T15:15:07.867Z",
          "LastModifiedDate": "2024-01-31T03:15:08.49Z"
        },
        {
          "VulnerabilityID": "CVE-2023-7008",
          "PkgID": "libudev1@249.11-0ubuntu3.12",
          "PkgName": "libudev1",
          "PkgIdentifier": {
            "PURL": "pkg:deb/ubuntu/libudev1@249.11-0ubuntu3.12?arch=amd64\u0026distro=ubuntu-22.04"
          },
          "InstalledVersion": "249.11-0ubuntu3.12",
          "Status": "affected",
          "Layer": {
            "DiffID": "sha256:d101c9453715a978a2a520f553588e77dfb4236762175eba61c5c264a449c75d"
          },
          "SeveritySource": "ubuntu",
          "PrimaryURL": "https://avd.aquasec.com/nvd/cve-2023-7008",
          "DataSource": {
            "ID": "ubuntu",
            "Name": "Ubuntu CVE Tracker",
            "URL": "https://git.launchpad.net/ubuntu-cve-tracker"
          },
          "Title": "systemd-resolved: Unsigned name response in signed zone is not refused when DNSSEC=yes",
          "Description": "A vulnerability was found in systemd-resolved. This issue may allow systemd-resolved to accept records of DNSSEC-signed domains even when they have no signature, allowing man-in-the-middles (or the upstream DNS resolver) to manipulate records.",
          "Severity": "LOW",
          "CweIDs": [
            "CWE-300"
          ],
          "VendorSeverity": {
            "amazon": 2,
            "cbl-mariner": 2,
            "nvd": 2,
            "redhat": 2,
            "ubuntu": 1
          },
          "CVSS": {
            "nvd": {
              "V3Vector": "CVSS:3.1/AV:N/AC:H/PR:N/UI:N/S:U/C:N/I:H/A:N",
              "V3Score": 5.9
            },
            "redhat": {
              "V3Vector": "CVSS:3.1/AV:N/AC:H/PR:N/UI:N/S:U/C:N/I:H/A:N",
              "V3Score": 5.9
            }
          },
          "References": [
            "https://access.redhat.com/security/cve/CVE-2023-7008",
            "https://bugzilla.redhat.com/show_bug.cgi?id=2222261",
            "https://bugzilla.redhat.com/show_bug.cgi?id=2222672",
            "https://cve.mitre.org/cgi-bin/cvename.cgi?name=CVE-2023-7008",
            "https://github.com/systemd/systemd/issues/25676",
            "https://lists.fedoraproject.org/archives/list/package-announce@lists.fedoraproject.org/message/4GMDEG5PKONWNHOEYSUDRT6JEOISRMN2/",
            "https://lists.fedoraproject.org/archives/list/package-announce@lists.fedoraproject.org/message/QHNBXGKJWISJETTTDTZKTBFIBJUOSLKL/",
            "https://nvd.nist.gov/vuln/detail/CVE-2023-7008",
            "https://www.cve.org/CVERecord?id=CVE-2023-7008"
          ],
          "PublishedDate": "2023-12-23T13:15:07.573Z",
          "LastModifiedDate": "2024-01-27T03:15:07.933Z"
        },
        {
          "VulnerabilityID": "CVE-2022-4899",
          "PkgID": "libzstd1@1.4.8+dfsg-3build1",
          "PkgName": "libzstd1",
          "PkgIdentifier": {
            "PURL": "pkg:deb/ubuntu/libzstd1@1.4.8%2Bdfsg-3build1?arch=amd64\u0026distro=ubuntu-22.04"
          },
          "InstalledVersion": "1.4.8+dfsg-3build1",
          "Status": "affected",
          "Layer": {
            "DiffID": "sha256:d101c9453715a978a2a520f553588e77dfb4236762175eba61c5c264a449c75d"
          },
          "SeveritySource": "ubuntu",
          "PrimaryURL": "https://avd.aquasec.com/nvd/cve-2022-4899",
          "DataSource": {
            "ID": "ubuntu",
            "Name": "Ubuntu CVE Tracker",
            "URL": "https://git.launchpad.net/ubuntu-cve-tracker"
          },
          "Title": "zstd: mysql: buffer overrun in util.c",
          "Description": "A vulnerability was found in zstd v1.4.10, where an attacker can supply empty string as an argument to the command line tool to cause buffer overrun.",
          "Severity": "LOW",
          "CweIDs": [
            "CWE-400"
          ],
          "VendorSeverity": {
            "amazon": 2,
            "ghsa": 3,
            "nvd": 3,
            "oracle-oval": 2,
            "photon": 3,
            "redhat": 1,
            "ubuntu": 1
          },
          "CVSS": {
            "ghsa": {
              "V3Vector": "CVSS:3.1/AV:N/AC:L/PR:N/UI:N/S:U/C:N/I:N/A:H",
              "V3Score": 7.5
            },
            "nvd": {
              "V3Vector": "CVSS:3.1/AV:N/AC:L/PR:N/UI:N/S:U/C:N/I:N/A:H",
              "V3Score": 7.5
            },
            "redhat": {
              "V3Vector": "CVSS:3.1/AV:N/AC:L/PR:N/UI:N/S:U/C:N/I:N/A:H",
              "V3Score": 7.5
            }
          },
          "References": [
            "https://access.redhat.com/security/cve/CVE-2022-4899",
            "https://cve.mitre.org/cgi-bin/cvename.cgi?name=CVE-2022-4899",
            "https://github.com/facebook/zstd",
            "https://github.com/facebook/zstd/issues/3200",
            "https://github.com/facebook/zstd/pull/3220",
            "https://github.com/pypa/advisory-database/tree/main/vulns/zstd/PYSEC-2023-121.yaml",
            "https://github.com/sergey-dryabzhinsky/python-zstd/commit/c8a619aebdbd6b838fbfef6e19325a70f631a4c6",
            "https://linux.oracle.com/cve/CVE-2022-4899.html",
            "https://linux.oracle.com/errata/ELSA-2024-0894.html",
            "https://lists.fedoraproject.org/archives/list/package-announce%40lists.fedoraproject.org/message/C63HAGVLQA6FJNDCHR7CNZZL6VSLILB2/",
            "https://lists.fedoraproject.org/archives/list/package-announce%40lists.fedoraproject.org/message/JEHRBBYYTPA4DETOM5XAKGCP37NUTLOA/",
            "https://lists.fedoraproject.org/archives/list/package-announce%40lists.fedoraproject.org/message/QYLDK6ODVC4LJSDULLX6Q2YHTFOWABCN/",
            "https://lists.fedoraproject.org/archives/list/package-announce@lists.fedoraproject.org/message/C63HAGVLQA6FJNDCHR7CNZZL6VSLILB2",
            "https://lists.fedoraproject.org/archives/list/package-announce@lists.fedoraproject.org/message/JEHRBBYYTPA4DETOM5XAKGCP37NUTLOA",
            "https://lists.fedoraproject.org/archives/list/package-announce@lists.fedoraproject.org/message/QYLDK6ODVC4LJSDULLX6Q2YHTFOWABCN",
            "https://nvd.nist.gov/vuln/detail/CVE-2022-4899",
            "https://security.netapp.com/advisory/ntap-20230725-0005",
            "https://security.netapp.com/advisory/ntap-20230725-0005/",
            "https://www.cve.org/CVERecord?id=CVE-2022-4899"
          ],
          "PublishedDate": "2023-03-31T20:15:07.213Z",
          "LastModifiedDate": "2023-11-07T03:59:16.09Z"
        },
        {
          "VulnerabilityID": "CVE-2023-29383",
          "PkgID": "login@1:4.8.1-2ubuntu2.1",
          "PkgName": "login",
          "PkgIdentifier": {
            "PURL": "pkg:deb/ubuntu/login@4.8.1-2ubuntu2.1?arch=amd64\u0026distro=ubuntu-22.04\u0026epoch=1"
          },
          "InstalledVersion": "1:4.8.1-2ubuntu2.1",
          "Status": "affected",
          "Layer": {
            "DiffID": "sha256:d101c9453715a978a2a520f553588e77dfb4236762175eba61c5c264a449c75d"
          },
          "SeveritySource": "ubuntu",
          "PrimaryURL": "https://avd.aquasec.com/nvd/cve-2023-29383",
          "DataSource": {
            "ID": "ubuntu",
            "Name": "Ubuntu CVE Tracker",
            "URL": "https://git.launchpad.net/ubuntu-cve-tracker"
          },
          "Title": "Improper input validation in shadow-utils package utility chfn",
          "Description": "In Shadow 4.13, it is possible to inject control characters into fields provided to the SUID program chfn (change finger). Although it is not possible to exploit this directly (e.g., adding a new user fails because \\n is in the block list), it is possible to misrepresent the /etc/passwd file when viewed. Use of \\r manipulations and Unicode characters to work around blocking of the : character make it possible to give the impression that a new user has been added. In other words, an adversary may be able to convince a system administrator to take the system offline (an indirect, social-engineered denial of service) by demonstrating that \"cat /etc/passwd\" shows a rogue user account.",
          "Severity": "LOW",
          "CweIDs": [
            "CWE-74"
          ],
          "VendorSeverity": {
            "nvd": 1,
            "photon": 1,
            "redhat": 2,
            "ubuntu": 1
          },
          "CVSS": {
            "nvd": {
              "V3Vector": "CVSS:3.1/AV:L/AC:L/PR:L/UI:N/S:U/C:N/I:L/A:N",
              "V3Score": 3.3
            },
            "redhat": {
              "V3Vector": "CVSS:3.1/AV:L/AC:L/PR:N/UI:R/S:U/C:N/I:N/A:H",
              "V3Score": 5.5
            }
          },
          "References": [
            "https://access.redhat.com/security/cve/CVE-2023-29383",
            "https://cve.mitre.org/cgi-bin/cvename.cgi?name=CVE-2023-29383",
            "https://github.com/shadow-maint/shadow/commit/e5905c4b84d4fb90aefcd96ee618411ebfac663d",
            "https://github.com/shadow-maint/shadow/pull/687",
            "https://nvd.nist.gov/vuln/detail/CVE-2023-29383",
            "https://www.cve.org/CVERecord?id=CVE-2023-29383",
            "https://www.trustwave.com/en-us/resources/blogs/spiderlabs-blog/cve-2023-29383-abusing-linux-chfn-to-misrepresent-etc-passwd/",
            "https://www.trustwave.com/en-us/resources/security-resources/security-advisories/?fid=31797"
          ],
          "PublishedDate": "2023-04-14T22:15:07.68Z",
          "LastModifiedDate": "2023-04-24T18:05:30.313Z"
        },
        {
          "VulnerabilityID": "CVE-2023-4641",
          "PkgID": "login@1:4.8.1-2ubuntu2.1",
          "PkgName": "login",
          "PkgIdentifier": {
            "PURL": "pkg:deb/ubuntu/login@4.8.1-2ubuntu2.1?arch=amd64\u0026distro=ubuntu-22.04\u0026epoch=1"
          },
          "InstalledVersion": "1:4.8.1-2ubuntu2.1",
          "FixedVersion": "1:4.8.1-2ubuntu2.2",
          "Status": "fixed",
          "Layer": {
            "DiffID": "sha256:d101c9453715a978a2a520f553588e77dfb4236762175eba61c5c264a449c75d"
          },
          "SeveritySource": "ubuntu",
          "PrimaryURL": "https://avd.aquasec.com/nvd/cve-2023-4641",
          "DataSource": {
            "ID": "ubuntu",
            "Name": "Ubuntu CVE Tracker",
            "URL": "https://git.launchpad.net/ubuntu-cve-tracker"
          },
          "Title": "shadow-utils: possible password leak during passwd(1) change",
          "Description": "A flaw was found in shadow-utils. When asking for a new password, shadow-utils asks the password twice. If the password fails on the second attempt, shadow-utils fails in cleaning the buffer used to store the first entry. This may allow an attacker with enough access to retrieve the password from the memory.",
          "Severity": "LOW",
          "CweIDs": [
            "CWE-287",
            "CWE-303"
          ],
          "VendorSeverity": {
            "alma": 1,
            "amazon": 1,
            "nvd": 2,
            "oracle-oval": 1,
            "photon": 2,
            "redhat": 1,
            "ubuntu": 1
          },
          "CVSS": {
            "nvd": {
              "V3Vector": "CVSS:3.1/AV:L/AC:L/PR:L/UI:N/S:U/C:H/I:N/A:N",
              "V3Score": 5.5
            },
            "redhat": {
              "V3Vector": "CVSS:3.1/AV:L/AC:H/PR:L/UI:N/S:U/C:H/I:N/A:N",
              "V3Score": 4.7
            }
          },
          "References": [
            "https://access.redhat.com/errata/RHSA-2023:6632",
            "https://access.redhat.com/errata/RHSA-2023:7112",
            "https://access.redhat.com/security/cve/CVE-2023-4641",
            "https://bugzilla.redhat.com/2215945",
            "https://bugzilla.redhat.com/show_bug.cgi?id=2215945",
            "https://cve.mitre.org/cgi-bin/cvename.cgi?name=CVE-2023-4641",
            "https://errata.almalinux.org/9/ALSA-2023-6632.html",
            "https://linux.oracle.com/cve/CVE-2023-4641.html",
            "https://linux.oracle.com/errata/ELSA-2023-7112.html",
            "https://nvd.nist.gov/vuln/detail/CVE-2023-4641",
            "https://ubuntu.com/security/notices/USN-6640-1",
            "https://www.cve.org/CVERecord?id=CVE-2023-4641"
          ],
          "PublishedDate": "2023-12-27T16:15:13.363Z",
          "LastModifiedDate": "2024-01-04T17:06:55.393Z"
        },
        {
          "VulnerabilityID": "CVE-2023-45918",
          "PkgID": "ncurses-base@6.3-2ubuntu0.1",
          "PkgName": "ncurses-base",
          "PkgIdentifier": {
            "PURL": "pkg:deb/ubuntu/ncurses-base@6.3-2ubuntu0.1?arch=all\u0026distro=ubuntu-22.04"
          },
          "InstalledVersion": "6.3-2ubuntu0.1",
          "Status": "affected",
          "Layer": {
            "DiffID": "sha256:d101c9453715a978a2a520f553588e77dfb4236762175eba61c5c264a449c75d"
          },
          "SeveritySource": "ubuntu",
          "PrimaryURL": "https://avd.aquasec.com/nvd/cve-2023-45918",
          "DataSource": {
            "ID": "ubuntu",
            "Name": "Ubuntu CVE Tracker",
            "URL": "https://git.launchpad.net/ubuntu-cve-tracker"
          },
          "Title": "ncurses 6.4-20230610 has a NULL pointer dereference in tgetstr in tinf ...",
          "Description": "ncurses 6.4-20230610 has a NULL pointer dereference in tgetstr in tinfo/lib_termcap.c.",
          "Severity": "LOW",
          "VendorSeverity": {
            "ubuntu": 1
          },
          "References": [
            "https://cve.mitre.org/cgi-bin/cvename.cgi?name=CVE-2023-45918",
            "https://lists.gnu.org/archive/html/bug-ncurses/2023-06/msg00005.html"
          ],
          "PublishedDate": "2024-02-16T22:15:07.88Z",
          "LastModifiedDate": "2024-02-20T19:51:05.51Z"
        },
        {
          "VulnerabilityID": "CVE-2023-50495",
          "PkgID": "ncurses-base@6.3-2ubuntu0.1",
          "PkgName": "ncurses-base",
          "PkgIdentifier": {
            "PURL": "pkg:deb/ubuntu/ncurses-base@6.3-2ubuntu0.1?arch=all\u0026distro=ubuntu-22.04"
          },
          "InstalledVersion": "6.3-2ubuntu0.1",
          "Status": "affected",
          "Layer": {
            "DiffID": "sha256:d101c9453715a978a2a520f553588e77dfb4236762175eba61c5c264a449c75d"
          },
          "SeveritySource": "ubuntu",
          "PrimaryURL": "https://avd.aquasec.com/nvd/cve-2023-50495",
          "DataSource": {
            "ID": "ubuntu",
            "Name": "Ubuntu CVE Tracker",
            "URL": "https://git.launchpad.net/ubuntu-cve-tracker"
          },
          "Title": "ncurses: segmentation fault via _nc_wrap_entry()",
          "Description": "NCurse v6.4-20230418 was discovered to contain a segmentation fault via the component _nc_wrap_entry().",
          "Severity": "LOW",
          "VendorSeverity": {
            "amazon": 2,
            "nvd": 2,
            "redhat": 1,
            "ubuntu": 1
          },
          "CVSS": {
            "nvd": {
              "V3Vector": "CVSS:3.1/AV:N/AC:L/PR:N/UI:R/S:U/C:N/I:N/A:H",
              "V3Score": 6.5
            },
            "redhat": {
              "V3Vector": "CVSS:3.1/AV:N/AC:L/PR:N/UI:R/S:U/C:N/I:N/A:H",
              "V3Score": 6.5
            }
          },
          "References": [
            "https://access.redhat.com/security/cve/CVE-2023-50495",
            "https://cve.mitre.org/cgi-bin/cvename.cgi?name=CVE-2023-50495",
            "https://lists.fedoraproject.org/archives/list/package-announce%40lists.fedoraproject.org/message/LU4MYMKFEZQ5VSCVLRIZGDQOUW3T44GT/",
            "https://lists.gnu.org/archive/html/bug-ncurses/2023-04/msg00020.html",
            "https://lists.gnu.org/archive/html/bug-ncurses/2023-04/msg00029.html",
            "https://nvd.nist.gov/vuln/detail/CVE-2023-50495",
            "https://security.netapp.com/advisory/ntap-20240119-0008/",
            "https://www.cve.org/CVERecord?id=CVE-2023-50495"
          ],
          "PublishedDate": "2023-12-12T15:15:07.867Z",
          "LastModifiedDate": "2024-01-31T03:15:08.49Z"
        },
        {
          "VulnerabilityID": "CVE-2023-45918",
          "PkgID": "ncurses-bin@6.3-2ubuntu0.1",
          "PkgName": "ncurses-bin",
          "PkgIdentifier": {
            "PURL": "pkg:deb/ubuntu/ncurses-bin@6.3-2ubuntu0.1?arch=amd64\u0026distro=ubuntu-22.04"
          },
          "InstalledVersion": "6.3-2ubuntu0.1",
          "Status": "affected",
          "Layer": {
            "DiffID": "sha256:d101c9453715a978a2a520f553588e77dfb4236762175eba61c5c264a449c75d"
          },
          "SeveritySource": "ubuntu",
          "PrimaryURL": "https://avd.aquasec.com/nvd/cve-2023-45918",
          "DataSource": {
            "ID": "ubuntu",
            "Name": "Ubuntu CVE Tracker",
            "URL": "https://git.launchpad.net/ubuntu-cve-tracker"
          },
          "Title": "ncurses 6.4-20230610 has a NULL pointer dereference in tgetstr in tinf ...",
          "Description": "ncurses 6.4-20230610 has a NULL pointer dereference in tgetstr in tinfo/lib_termcap.c.",
          "Severity": "LOW",
          "VendorSeverity": {
            "ubuntu": 1
          },
          "References": [
            "https://cve.mitre.org/cgi-bin/cvename.cgi?name=CVE-2023-45918",
            "https://lists.gnu.org/archive/html/bug-ncurses/2023-06/msg00005.html"
          ],
          "PublishedDate": "2024-02-16T22:15:07.88Z",
          "LastModifiedDate": "2024-02-20T19:51:05.51Z"
        },
        {
          "VulnerabilityID": "CVE-2023-50495",
          "PkgID": "ncurses-bin@6.3-2ubuntu0.1",
          "PkgName": "ncurses-bin",
          "PkgIdentifier": {
            "PURL": "pkg:deb/ubuntu/ncurses-bin@6.3-2ubuntu0.1?arch=amd64\u0026distro=ubuntu-22.04"
          },
          "InstalledVersion": "6.3-2ubuntu0.1",
          "Status": "affected",
          "Layer": {
            "DiffID": "sha256:d101c9453715a978a2a520f553588e77dfb4236762175eba61c5c264a449c75d"
          },
          "SeveritySource": "ubuntu",
          "PrimaryURL": "https://avd.aquasec.com/nvd/cve-2023-50495",
          "DataSource": {
            "ID": "ubuntu",
            "Name": "Ubuntu CVE Tracker",
            "URL": "https://git.launchpad.net/ubuntu-cve-tracker"
          },
          "Title": "ncurses: segmentation fault via _nc_wrap_entry()",
          "Description": "NCurse v6.4-20230418 was discovered to contain a segmentation fault via the component _nc_wrap_entry().",
          "Severity": "LOW",
          "VendorSeverity": {
            "amazon": 2,
            "nvd": 2,
            "redhat": 1,
            "ubuntu": 1
          },
          "CVSS": {
            "nvd": {
              "V3Vector": "CVSS:3.1/AV:N/AC:L/PR:N/UI:R/S:U/C:N/I:N/A:H",
              "V3Score": 6.5
            },
            "redhat": {
              "V3Vector": "CVSS:3.1/AV:N/AC:L/PR:N/UI:R/S:U/C:N/I:N/A:H",
              "V3Score": 6.5
            }
          },
          "References": [
            "https://access.redhat.com/security/cve/CVE-2023-50495",
            "https://cve.mitre.org/cgi-bin/cvename.cgi?name=CVE-2023-50495",
            "https://lists.fedoraproject.org/archives/list/package-announce%40lists.fedoraproject.org/message/LU4MYMKFEZQ5VSCVLRIZGDQOUW3T44GT/",
            "https://lists.gnu.org/archive/html/bug-ncurses/2023-04/msg00020.html",
            "https://lists.gnu.org/archive/html/bug-ncurses/2023-04/msg00029.html",
            "https://nvd.nist.gov/vuln/detail/CVE-2023-50495",
            "https://security.netapp.com/advisory/ntap-20240119-0008/",
            "https://www.cve.org/CVERecord?id=CVE-2023-50495"
          ],
          "PublishedDate": "2023-12-12T15:15:07.867Z",
          "LastModifiedDate": "2024-01-31T03:15:08.49Z"
        },
        {
          "VulnerabilityID": "CVE-2023-29383",
          "PkgID": "passwd@1:4.8.1-2ubuntu2.1",
          "PkgName": "passwd",
          "PkgIdentifier": {
            "PURL": "pkg:deb/ubuntu/passwd@4.8.1-2ubuntu2.1?arch=amd64\u0026distro=ubuntu-22.04\u0026epoch=1"
          },
          "InstalledVersion": "1:4.8.1-2ubuntu2.1",
          "Status": "affected",
          "Layer": {
            "DiffID": "sha256:d101c9453715a978a2a520f553588e77dfb4236762175eba61c5c264a449c75d"
          },
          "SeveritySource": "ubuntu",
          "PrimaryURL": "https://avd.aquasec.com/nvd/cve-2023-29383",
          "DataSource": {
            "ID": "ubuntu",
            "Name": "Ubuntu CVE Tracker",
            "URL": "https://git.launchpad.net/ubuntu-cve-tracker"
          },
          "Title": "Improper input validation in shadow-utils package utility chfn",
          "Description": "In Shadow 4.13, it is possible to inject control characters into fields provided to the SUID program chfn (change finger). Although it is not possible to exploit this directly (e.g., adding a new user fails because \\n is in the block list), it is possible to misrepresent the /etc/passwd file when viewed. Use of \\r manipulations and Unicode characters to work around blocking of the : character make it possible to give the impression that a new user has been added. In other words, an adversary may be able to convince a system administrator to take the system offline (an indirect, social-engineered denial of service) by demonstrating that \"cat /etc/passwd\" shows a rogue user account.",
          "Severity": "LOW",
          "CweIDs": [
            "CWE-74"
          ],
          "VendorSeverity": {
            "nvd": 1,
            "photon": 1,
            "redhat": 2,
            "ubuntu": 1
          },
          "CVSS": {
            "nvd": {
              "V3Vector": "CVSS:3.1/AV:L/AC:L/PR:L/UI:N/S:U/C:N/I:L/A:N",
              "V3Score": 3.3
            },
            "redhat": {
              "V3Vector": "CVSS:3.1/AV:L/AC:L/PR:N/UI:R/S:U/C:N/I:N/A:H",
              "V3Score": 5.5
            }
          },
          "References": [
            "https://access.redhat.com/security/cve/CVE-2023-29383",
            "https://cve.mitre.org/cgi-bin/cvename.cgi?name=CVE-2023-29383",
            "https://github.com/shadow-maint/shadow/commit/e5905c4b84d4fb90aefcd96ee618411ebfac663d",
            "https://github.com/shadow-maint/shadow/pull/687",
            "https://nvd.nist.gov/vuln/detail/CVE-2023-29383",
            "https://www.cve.org/CVERecord?id=CVE-2023-29383",
            "https://www.trustwave.com/en-us/resources/blogs/spiderlabs-blog/cve-2023-29383-abusing-linux-chfn-to-misrepresent-etc-passwd/",
            "https://www.trustwave.com/en-us/resources/security-resources/security-advisories/?fid=31797"
          ],
          "PublishedDate": "2023-04-14T22:15:07.68Z",
          "LastModifiedDate": "2023-04-24T18:05:30.313Z"
        },
        {
          "VulnerabilityID": "CVE-2023-4641",
          "PkgID": "passwd@1:4.8.1-2ubuntu2.1",
          "PkgName": "passwd",
          "PkgIdentifier": {
            "PURL": "pkg:deb/ubuntu/passwd@4.8.1-2ubuntu2.1?arch=amd64\u0026distro=ubuntu-22.04\u0026epoch=1"
          },
          "InstalledVersion": "1:4.8.1-2ubuntu2.1",
          "FixedVersion": "1:4.8.1-2ubuntu2.2",
          "Status": "fixed",
          "Layer": {
            "DiffID": "sha256:d101c9453715a978a2a520f553588e77dfb4236762175eba61c5c264a449c75d"
          },
          "SeveritySource": "ubuntu",
          "PrimaryURL": "https://avd.aquasec.com/nvd/cve-2023-4641",
          "DataSource": {
            "ID": "ubuntu",
            "Name": "Ubuntu CVE Tracker",
            "URL": "https://git.launchpad.net/ubuntu-cve-tracker"
          },
          "Title": "shadow-utils: possible password leak during passwd(1) change",
          "Description": "A flaw was found in shadow-utils. When asking for a new password, shadow-utils asks the password twice. If the password fails on the second attempt, shadow-utils fails in cleaning the buffer used to store the first entry. This may allow an attacker with enough access to retrieve the password from the memory.",
          "Severity": "LOW",
          "CweIDs": [
            "CWE-287",
            "CWE-303"
          ],
          "VendorSeverity": {
            "alma": 1,
            "amazon": 1,
            "nvd": 2,
            "oracle-oval": 1,
            "photon": 2,
            "redhat": 1,
            "ubuntu": 1
          },
          "CVSS": {
            "nvd": {
              "V3Vector": "CVSS:3.1/AV:L/AC:L/PR:L/UI:N/S:U/C:H/I:N/A:N",
              "V3Score": 5.5
            },
            "redhat": {
              "V3Vector": "CVSS:3.1/AV:L/AC:H/PR:L/UI:N/S:U/C:H/I:N/A:N",
              "V3Score": 4.7
            }
          },
          "References": [
            "https://access.redhat.com/errata/RHSA-2023:6632",
            "https://access.redhat.com/errata/RHSA-2023:7112",
            "https://access.redhat.com/security/cve/CVE-2023-4641",
            "https://bugzilla.redhat.com/2215945",
            "https://bugzilla.redhat.com/show_bug.cgi?id=2215945",
            "https://cve.mitre.org/cgi-bin/cvename.cgi?name=CVE-2023-4641",
            "https://errata.almalinux.org/9/ALSA-2023-6632.html",
            "https://linux.oracle.com/cve/CVE-2023-4641.html",
            "https://linux.oracle.com/errata/ELSA-2023-7112.html",
            "https://nvd.nist.gov/vuln/detail/CVE-2023-4641",
            "https://ubuntu.com/security/notices/USN-6640-1",
            "https://www.cve.org/CVERecord?id=CVE-2023-4641"
          ],
          "PublishedDate": "2023-12-27T16:15:13.363Z",
          "LastModifiedDate": "2024-01-04T17:06:55.393Z"
        }
      ]
    }
  ]
}
