{
  "SchemaVersion": 2,
  "CreatedAt": "2024-02-25T03:13:32.651391729Z",
  "ArtifactName": "library/rockylinux:9",
  "ArtifactType": "container_image",
  "Metadata": {
    "OS": {
      "Family": "rocky",
      "Name": "9.3"
    },
    "ImageID": "sha256:b72d2d915008c02a15dce4b06cbbfe5bd9daa4d410c25234da75e5cc9ce73be7",
    "DiffIDs": [
      "sha256:c4bc4a1387e82c199a05c950a61d31aba8e1481a94c63196b82e25ac8367e5d1"
    ],
    "RepoTags": [
      "rockylinux:9"
    ],
    "RepoDigests": [
      "rockylinux@sha256:c944604c0c759f5d164ffbdf0bbab2fac582b739938937403c067ab634a0518a"
    ],
    "ImageConfig": {
      "architecture": "amd64",
      "container": "58ff2243908e1d599942acdae811122ca57527a5c93f658611f7011b94e70627",
      "created": "2023-11-30T22:49:12.173946858Z",
      "docker_version": "20.10.23",
      "history": [
        {
          "created": "2023-11-30T22:49:11Z",
          "created_by": "/bin/sh -c #(nop) ADD file:7fd52845d064446007966c062784c558669970932bd441501bc48bceaac68c35 in / "
        },
        {
          "created": "2023-11-30T22:49:12Z",
          "created_by": "/bin/sh -c #(nop)  CMD [\"/bin/bash\"]",
          "empty_layer": true
        }
      ],
      "os": "linux",
      "rootfs": {
        "type": "layers",
        "diff_ids": [
          "sha256:c4bc4a1387e82c199a05c950a61d31aba8e1481a94c63196b82e25ac8367e5d1"
        ]
      },
      "config": {
        "Cmd": [
          "/bin/bash"
        ],
        "Env": [
          "PATH=/usr/local/sbin:/usr/local/bin:/usr/sbin:/usr/bin:/sbin:/bin"
        ],
        "Image": "sha256:2dbffef9a8c143fe52a935821144221b25cdc7cb58782738e735ccad8e073284"
      }
    }
  },
  "Results": [
    {
      "Target": "library/rockylinux:9 (rocky 9.3)",
      "Class": "os-pkgs",
      "Type": "rocky"
    }
  ]
}
