{
  "SchemaVersion": 2,
  "CreatedAt": "2024-02-25T05:02:31.663743627Z",
  "ArtifactName": "library/cirros:latest",
  "ArtifactType": "container_image",
  "Metadata": {
    "ImageID": "sha256:2008a6682996903e16f0e9d1eb02c7f888d2512b8fbf794d2f9b747605496372",
    "DiffIDs": [
      "sha256:032cc20cbfb2656efe64f8e99a93d5281f544d9600e2cedb24113697244d0256",
      "sha256:b42b2edd1b7fc24606de48369cb34d86a726a8a0b3ba00bc7b64b66124e89de3",
      "sha256:d8083b07a8e27a290ad5ea11cb38115856c7f8b747b8590df4f3dd965e6bb901"
    ],
    "RepoTags": [
      "cirros:latest"
    ],
    "RepoDigests": [
      "cirros@sha256:6b2d9f5341bce2b1fb29669ff46744a145079ccc6a674849de3a4946ec3d8ffb"
    ],
    "ImageConfig": {
      "architecture": "amd64",
      "created": "2023-05-12T18:13:28Z",
      "history": [
        {
          "created": "2023-05-12T18:13:28Z",
          "created_by": "ADD rootfs-x86_64.tar.xz / # buildkit",
          "comment": "buildkit.dockerfile.v0"
        },
        {
          "created": "2023-05-12T18:13:28Z",
          "created_by": "RUN /bin/sh -c rm /etc/rc3.d/S40-network # buildkit",
          "comment": "buildkit.dockerfile.v0"
        },
        {
          "created": "2023-05-12T18:13:28Z",
          "created_by": "RUN /bin/sh -c sed -i '/is_lxc \u0026\u0026 lxc_netdown/d' /etc/init.d/rc.sysinit # buildkit",
          "comment": "buildkit.dockerfile.v0"
        },
        {
          "created": "2023-05-12T18:13:28Z",
          "created_by": "CMD [\"/sbin/init\"]",
          "comment": "buildkit.dockerfile.v0",
          "empty_layer": true
        }
      ],
      "os": "linux",
      "rootfs": {
        "type": "layers",
        "diff_ids": [
          "sha256:032cc20cbfb2656efe64f8e99a93d5281f544d9600e2cedb24113697244d0256",
          "sha256:b42b2edd1b7fc24606de48369cb34d86a726a8a0b3ba00bc7b64b66124e89de3",
          "sha256:d8083b07a8e27a290ad5ea11cb38115856c7f8b747b8590df4f3dd965e6bb901"
        ]
      },
      "config": {
        "Cmd": [
          "/sbin/init"
        ],
        "Env": [
          "PATH=/usr/local/sbin:/usr/local/bin:/usr/sbin:/usr/bin:/sbin:/bin"
        ],
        "WorkingDir": "/",
        "ArgsEscaped": true
      }
    }
  }
}
