{
  "SchemaVersion": 2,
  "CreatedAt": "2024-02-25T00:33:16.989526713Z",
  "ArtifactName": "library/mongo-express:latest",
  "ArtifactType": "container_image",
  "Metadata": {
    "OS": {
      "Family": "alpine",
      "Name": "3.18.6"
    },
    "ImageID": "sha256:d9d94991117041cf76fdcc7fa9853be7fcd82335568aff2d4f3481ef24f3acdd",
    "DiffIDs": [
      "sha256:aedc3bda2944bb9bcb6c3d475bee8b460db9a9b0f3e0b33a6ed2fd1ae0f1d445",
      "sha256:25bc385c4322dc872164b873fe09ff92c0d58ca5cf872d310aba6635127e1e34",
      "sha256:7aef4ad179ae9d32242a200967d58f1a63ee1604a788650a79e7643bef629e6f",
      "sha256:c42cd22db7f4add147138b87ff465a8d56e21f3ed029929c7a363216a8e4582a",
      "sha256:1f0ec01490aa630e76d08fd3d2fc43cf92d765ab6bc37243132acba9bd4c9e71",
      "sha256:2357b9cd44acb819bf027192c5004d13046f0ce21822a72cab7d6966af75fc3f",
      "sha256:4b758606450b9fd6eb1af6edcdd81cc4ed2c7e8f86028354112a854893d61432",
      "sha256:db0687f244f9b43f8270f05583e3ec46517801d6350eb8b2a4e79fbb3800eea3"
    ],
    "RepoTags": [
      "mongo-express:latest"
    ],
    "RepoDigests": [
      "mongo-express@sha256:c650cb03efdc9793b6f685b8ee30791850faffdd48deefbee07b3367cf64abde"
    ],
    "ImageConfig": {
      "architecture": "amd64",
      "container": "5d2a216e33c29226f89f8efcf9185080ca560f68705ec9218a332426d0248d1c",
      "created": "2024-02-15T23:32:39.332601346Z",
      "docker_version": "20.10.23",
      "history": [
        {
          "created": "2024-01-27T00:30:56.150825642Z",
          "created_by": "/bin/sh -c #(nop) ADD file:8729f9c0258836b640e9e789c7ab029cf4547e0596557d54dd4a4d7d8e4a785f in / "
        },
        {
          "created": "2024-01-27T00:30:56.304681072Z",
          "created_by": "/bin/sh -c #(nop)  CMD [\"/bin/sh\"]",
          "empty_layer": true
        },
        {
          "created": "2024-02-15T22:59:15.922690361Z",
          "created_by": "/bin/sh -c #(nop)  ENV NODE_VERSION=18.19.1",
          "empty_layer": true
        },
        {
          "created": "2024-02-15T22:59:24.083301218Z",
          "created_by": "/bin/sh -c addgroup -g 1000 node     \u0026\u0026 adduser -u 1000 -G node -s /bin/sh -D node     \u0026\u0026 apk add --no-cache         libstdc++     \u0026\u0026 apk add --no-cache --virtual .build-deps         curl     \u0026\u0026 ARCH= OPENSSL_ARCH='linux*' \u0026\u0026 alpineArch=\"$(apk --print-arch)\"       \u0026\u0026 case \"${alpineArch##*-}\" in         x86_64) ARCH='x64' CHECKSUM=\"847973e34c5a579f706d9ad536ad3e35209cf4eac14ef9b88a8c842fd063c9cb\" OPENSSL_ARCH=linux-x86_64;;         x86) OPENSSL_ARCH=linux-elf;;         aarch64) OPENSSL_ARCH=linux-aarch64;;         arm*) OPENSSL_ARCH=linux-armv4;;         ppc64le) OPENSSL_ARCH=linux-ppc64le;;         s390x) OPENSSL_ARCH=linux-s390x;;         *) ;;       esac   \u0026\u0026 if [ -n \"${CHECKSUM}\" ]; then     set -eu;     curl -fsSLO --compressed \"https://unofficial-builds.nodejs.org/download/release/v$NODE_VERSION/node-v$NODE_VERSION-linux-$ARCH-musl.tar.xz\";     echo \"$CHECKSUM  node-v$NODE_VERSION-linux-$ARCH-musl.tar.xz\" | sha256sum -c -       \u0026\u0026 tar -xJf \"node-v$NODE_VERSION-linux-$ARCH-musl.tar.xz\" -C /usr/local --strip-components=1 --no-same-owner       \u0026\u0026 ln -s /usr/local/bin/node /usr/local/bin/nodejs;   else     echo \"Building from source\"     \u0026\u0026 apk add --no-cache --virtual .build-deps-full         binutils-gold         g++         gcc         gnupg         libgcc         linux-headers         make         python3     \u0026\u0026 export GNUPGHOME=\"$(mktemp -d)\"     \u0026\u0026 for key in       4ED778F539E3634C779C87C6D7062848A1AB005C       141F07595B7B3FFE74309A937405533BE57C7D57       74F12602B6F1C4E913FAA37AD3A89613643B6201       DD792F5973C6DE52C432CBDAC77ABFA00DDBF2B7       61FC681DFB92A079F1685E77973F295594EC4689       8FCCA13FEF1D0C2E91008E09770F7A9A5AE15600       C4F0DFFF4E8C1A8236409D08E73BC641CC11F4C8       890C08DB8579162FEE0DF9DB8BEAB4DFCF555EF4       C82FA3AE1CBEDC6BE46B9360C43CEC45C17AB93C       108F52B48DB57BB0CC439B2997B01419BD92F80A       A363A499291CBBC940DD62E41F10027AF002F8B0     ; do       gpg --batch --keyserver hkps://keys.openpgp.org --recv-keys \"$key\" ||       gpg --batch --keyserver keyserver.ubuntu.com --recv-keys \"$key\" ;     done     \u0026\u0026 curl -fsSLO --compressed \"https://nodejs.org/dist/v$NODE_VERSION/node-v$NODE_VERSION.tar.xz\"     \u0026\u0026 curl -fsSLO --compressed \"https://nodejs.org/dist/v$NODE_VERSION/SHASUMS256.txt.asc\"     \u0026\u0026 gpg --batch --decrypt --output SHASUMS256.txt SHASUMS256.txt.asc     \u0026\u0026 gpgconf --kill all     \u0026\u0026 rm -rf \"$GNUPGHOME\"     \u0026\u0026 grep \" node-v$NODE_VERSION.tar.xz\\$\" SHASUMS256.txt | sha256sum -c -     \u0026\u0026 tar -xf \"node-v$NODE_VERSION.tar.xz\"     \u0026\u0026 cd \"node-v$NODE_VERSION\"     \u0026\u0026 ./configure     \u0026\u0026 make -j$(getconf _NPROCESSORS_ONLN) V=     \u0026\u0026 make install     \u0026\u0026 apk del .build-deps-full     \u0026\u0026 cd ..     \u0026\u0026 rm -Rf \"node-v$NODE_VERSION\"     \u0026\u0026 rm \"node-v$NODE_VERSION.tar.xz\" SHASUMS256.txt.asc SHASUMS256.txt;   fi   \u0026\u0026 rm -f \"node-v$NODE_VERSION-linux-$ARCH-musl.tar.xz\"   \u0026\u0026 find /usr/local/include/node/openssl/archs -mindepth 1 -maxdepth 1 ! -name \"$OPENSSL_ARCH\" -exec rm -rf {} \\;   \u0026\u0026 apk del .build-deps   \u0026\u0026 node --version   \u0026\u0026 npm --version"
        },
        {
          "created": "2024-02-15T22:59:24.539510029Z",
          "created_by": "/bin/sh -c #(nop)  ENV YARN_VERSION=1.22.19",
          "empty_layer": true
        },
        {
          "created": "2024-02-15T22:59:29.360786856Z",
          "created_by": "/bin/sh -c apk add --no-cache --virtual .build-deps-yarn curl gnupg tar   \u0026\u0026 export GNUPGHOME=\"$(mktemp -d)\"   \u0026\u0026 for key in     6A010C5166006599AA17F08146C2130DFD2497F5   ; do     gpg --batch --keyserver hkps://keys.openpgp.org --recv-keys \"$key\" ||     gpg --batch --keyserver keyserver.ubuntu.com --recv-keys \"$key\" ;   done   \u0026\u0026 curl -fsSLO --compressed \"https://yarnpkg.com/downloads/$YARN_VERSION/yarn-v$YARN_VERSION.tar.gz\"   \u0026\u0026 curl -fsSLO --compressed \"https://yarnpkg.com/downloads/$YARN_VERSION/yarn-v$YARN_VERSION.tar.gz.asc\"   \u0026\u0026 gpg --batch --verify yarn-v$YARN_VERSION.tar.gz.asc yarn-v$YARN_VERSION.tar.gz   \u0026\u0026 gpgconf --kill all   \u0026\u0026 rm -rf \"$GNUPGHOME\"   \u0026\u0026 mkdir -p /opt   \u0026\u0026 tar -xzf yarn-v$YARN_VERSION.tar.gz -C /opt/   \u0026\u0026 ln -s /opt/yarn-v$YARN_VERSION/bin/yarn /usr/local/bin/yarn   \u0026\u0026 ln -s /opt/yarn-v$YARN_VERSION/bin/yarnpkg /usr/local/bin/yarnpkg   \u0026\u0026 rm yarn-v$YARN_VERSION.tar.gz.asc yarn-v$YARN_VERSION.tar.gz   \u0026\u0026 apk del .build-deps-yarn   \u0026\u0026 yarn --version"
        },
        {
          "created": "2024-02-15T22:59:29.478484374Z",
          "created_by": "/bin/sh -c #(nop) COPY file:4d192565a7220e135cab6c77fbc1c73211b69f3d9fb37e62857b2c6eb9363d51 in /usr/local/bin/ "
        },
        {
          "created": "2024-02-15T22:59:29.566186737Z",
          "created_by": "/bin/sh -c #(nop)  ENTRYPOINT [\"docker-entrypoint.sh\"]",
          "empty_layer": true
        },
        {
          "created": "2024-02-15T22:59:29.665327927Z",
          "created_by": "/bin/sh -c #(nop)  CMD [\"node\"]",
          "empty_layer": true
        },
        {
          "created": "2024-02-15T23:31:57.122149114Z",
          "created_by": "/bin/sh -c set -eux;     apk add --no-cache         bash         tini"
        },
        {
          "created": "2024-02-15T23:31:57.221003735Z",
          "created_by": "/bin/sh -c #(nop) WORKDIR /app"
        },
        {
          "created": "2024-02-15T23:31:57.308258669Z",
          "created_by": "/bin/sh -c #(nop)  ARG MONGO_EXPRESS_REPOSITORY=mongo-express/mongo-express",
          "empty_layer": true
        },
        {
          "created": "2024-02-15T23:31:57.39375166Z",
          "created_by": "/bin/sh -c #(nop)  ARG MONGO_EXPRESS_VERSION=release/v1.0.2",
          "empty_layer": true
        },
        {
          "created": "2024-02-15T23:32:37.283478209Z",
          "created_by": "|2 MONGO_EXPRESS_REPOSITORY=mongo-express/mongo-express MONGO_EXPRESS_VERSION=release/v1.0.2 /bin/sh -c set -eux;     apk add --no-cache --virtual .me-fetch-deps git;     git clone --depth 1 --branch \"$MONGO_EXPRESS_VERSION\" -c advice.detachedHead=false https://github.com/$MONGO_EXPRESS_REPOSITORY.git .;     export DISABLE_V8_COMPILE_CACHE=1;     yarn install;     yarn build;     apk del --no-network .me-fetch-deps;     rm -rf .git* ~/.cache ~/.yarn"
        },
        {
          "created": "2024-02-15T23:32:38.959830558Z",
          "created_by": "/bin/sh -c #(nop)  ENV ME_CONFIG_MONGODB_URL=mongodb://mongo:27017 ME_CONFIG_MONGODB_ENABLE_ADMIN=true ME_CONFIG_SITE_SESSIONSECRET=secret ME_CONFIG_BASICAUTH=true VCAP_APP_HOST=0.0.0.0",
          "empty_layer": true
        },
        {
          "created": "2024-02-15T23:32:39.051417101Z",
          "created_by": "/bin/sh -c #(nop)  EXPOSE 8081",
          "empty_layer": true
        },
        {
          "created": "2024-02-15T23:32:39.152168911Z",
          "created_by": "/bin/sh -c #(nop) COPY file:1fbcb9f1d4f70587b6312cc26764f8d10153fb54e0c11534a87d1dac7043974d in / "
        },
        {
          "created": "2024-02-15T23:32:39.23843647Z",
          "created_by": "/bin/sh -c #(nop)  ENTRYPOINT [\"/sbin/tini\" \"--\" \"/docker-entrypoint.sh\"]",
          "empty_layer": true
        },
        {
          "created": "2024-02-15T23:32:39.332601346Z",
          "created_by": "/bin/sh -c #(nop)  CMD [\"mongo-express\"]",
          "empty_layer": true
        }
      ],
      "os": "linux",
      "rootfs": {
        "type": "layers",
        "diff_ids": [
          "sha256:aedc3bda2944bb9bcb6c3d475bee8b460db9a9b0f3e0b33a6ed2fd1ae0f1d445",
          "sha256:25bc385c4322dc872164b873fe09ff92c0d58ca5cf872d310aba6635127e1e34",
          "sha256:7aef4ad179ae9d32242a200967d58f1a63ee1604a788650a79e7643bef629e6f",
          "sha256:c42cd22db7f4add147138b87ff465a8d56e21f3ed029929c7a363216a8e4582a",
          "sha256:1f0ec01490aa630e76d08fd3d2fc43cf92d765ab6bc37243132acba9bd4c9e71",
          "sha256:2357b9cd44acb819bf027192c5004d13046f0ce21822a72cab7d6966af75fc3f",
          "sha256:4b758606450b9fd6eb1af6edcdd81cc4ed2c7e8f86028354112a854893d61432",
          "sha256:db0687f244f9b43f8270f05583e3ec46517801d6350eb8b2a4e79fbb3800eea3"
        ]
      },
      "config": {
        "Cmd": [
          "mongo-express"
        ],
        "Entrypoint": [
          "/sbin/tini",
          "--",
          "/docker-entrypoint.sh"
        ],
        "Env": [
          "PATH=/usr/local/sbin:/usr/local/bin:/usr/sbin:/usr/bin:/sbin:/bin",
          "NODE_VERSION=18.19.1",
          "YARN_VERSION=1.22.19",
          "ME_CONFIG_MONGODB_URL=mongodb://mongo:27017",
          "ME_CONFIG_MONGODB_ENABLE_ADMIN=true",
          "ME_CONFIG_SITE_SESSIONSECRET=secret",
          "ME_CONFIG_BASICAUTH=true",
          "VCAP_APP_HOST=0.0.0.0"
        ],
        "Image": "sha256:b7df861709e4e0e1e483575e01906b86d58d5da45ab1f5864d9321fbc0c5eea2",
        "WorkingDir": "/app",
        "ExposedPorts": {
          "8081/tcp": {}
        }
      }
    }
  },
  "Results": [
    {
      "Target": "library/mongo-express:latest (alpine 3.18.6)",
      "Class": "os-pkgs",
      "Type": "alpine"
    },
    {
      "Target": "Node.js",
      "Class": "lang-pkgs",
      "Type": "node-pkg",
      "Vulnerabilities": [
        {
          "VulnerabilityID": "CVE-2023-45133",
          "PkgID": "@babel/traverse@7.19.6",
          "PkgName": "@babel/traverse",
          "PkgPath": "app/node_modules/@babel/traverse/package.json",
          "PkgIdentifier": {
            "PURL": "pkg:npm/%40babel/traverse@7.19.6"
          },
          "InstalledVersion": "7.19.6",
          "FixedVersion": "7.23.2, 8.0.0-alpha.4",
          "Status": "fixed",
          "Layer": {
            "DiffID": "sha256:4b758606450b9fd6eb1af6edcdd81cc4ed2c7e8f86028354112a854893d61432"
          },
          "SeveritySource": "ghsa",
          "PrimaryURL": "https://avd.aquasec.com/nvd/cve-2023-45133",
          "DataSource": {
            "ID": "ghsa",
            "Name": "GitHub Security Advisory npm",
            "URL": "https://github.com/advisories?query=type%3Areviewed+ecosystem%3Anpm"
          },
          "Title": "babel: arbitrary code execution",
          "Description": "Babel is a compiler for writingJavaScript. In `@babel/traverse` prior to versions 7.23.2 and 8.0.0-alpha.4 and all versions of `babel-traverse`, using Babel to compile code that was specifically crafted by an attacker can lead to arbitrary code execution during compilation, when using plugins that rely on the `path.evaluate()`or `path.evaluateTruthy()` internal Babel methods. Known affected plugins are `@babel/plugin-transform-runtime`; `@babel/preset-env` when using its `useBuiltIns` option; and any \"polyfill provider\" plugin that depends on `@babel/helper-define-polyfill-provider`, such as `babel-plugin-polyfill-corejs3`, `babel-plugin-polyfill-corejs2`, `babel-plugin-polyfill-es-shims`, `babel-plugin-polyfill-regenerator`. No other plugins under the `@babel/` namespace are impacted, but third-party plugins might be. Users that only compile trusted code are not impacted. The vulnerability has been fixed in `@babel/traverse@7.23.2` and `@babel/traverse@8.0.0-alpha.4`. Those who cannot upgrade `@babel/traverse` and are using one of the affected packages mentioned above should upgrade them to their latest version to avoid triggering the vulnerable code path in affected `@babel/traverse` versions: `@babel/plugin-transform-runtime` v7.23.2, `@babel/preset-env` v7.23.2, `@babel/helper-define-polyfill-provider` v0.4.3, `babel-plugin-polyfill-corejs2` v0.4.6, `babel-plugin-polyfill-corejs3` v0.8.5, `babel-plugin-polyfill-es-shims` v0.10.0, `babel-plugin-polyfill-regenerator` v0.5.3.",
          "Severity": "CRITICAL",
          "CweIDs": [
            "CWE-697",
            "CWE-184"
          ],
          "VendorSeverity": {
            "ghsa": 4,
            "nvd": 3,
            "redhat": 3
          },
          "CVSS": {
            "ghsa": {
              "V3Vector": "CVSS:3.1/AV:L/AC:L/PR:N/UI:N/S:C/C:H/I:H/A:H",
              "V3Score": 9.3
            },
            "nvd": {
              "V3Vector": "CVSS:3.1/AV:L/AC:L/PR:L/UI:N/S:C/C:H/I:H/A:H",
              "V3Score": 8.8
            },
            "redhat": {
              "V3Vector": "CVSS:3.1/AV:L/AC:L/PR:L/UI:N/S:C/C:H/I:H/A:H",
              "V3Score": 8.8
            }
          },
          "References": [
            "https://access.redhat.com/security/cve/CVE-2023-45133",
            "https://babeljs.io/blog/2023/10/16/cve-2023-45133",
            "https://github.com/babel/babel",
            "https://github.com/babel/babel/commit/b13376b346946e3f62fc0848c1d2a23223314c82",
            "https://github.com/babel/babel/pull/16033",
            "https://github.com/babel/babel/releases/tag/v7.23.2",
            "https://github.com/babel/babel/releases/tag/v8.0.0-alpha.4",
            "https://github.com/babel/babel/security/advisories/GHSA-67hx-6x53-jw92",
            "https://lists.debian.org/debian-lts-announce/2023/10/msg00026.html",
            "https://nvd.nist.gov/vuln/detail/CVE-2023-45133",
            "https://www.cve.org/CVERecord?id=CVE-2023-45133",
            "https://www.debian.org/security/2023/dsa-5528"
          ],
          "PublishedDate": "2023-10-12T17:15:09.797Z",
          "LastModifiedDate": "2023-10-24T16:52:20.437Z"
        },
        {
          "VulnerabilityID": "CVE-2023-45133",
          "PkgID": "@babel/traverse@7.20.1",
          "PkgName": "@babel/traverse",
          "PkgPath": "app/node_modules/@babel/plugin-transform-classes/node_modules/@babel/traverse/package.json",
          "PkgIdentifier": {
            "PURL": "pkg:npm/%40babel/traverse@7.20.1"
          },
          "InstalledVersion": "7.20.1",
          "FixedVersion": "7.23.2, 8.0.0-alpha.4",
          "Status": "fixed",
          "Layer": {
            "DiffID": "sha256:4b758606450b9fd6eb1af6edcdd81cc4ed2c7e8f86028354112a854893d61432"
          },
          "SeveritySource": "ghsa",
          "PrimaryURL": "https://avd.aquasec.com/nvd/cve-2023-45133",
          "DataSource": {
            "ID": "ghsa",
            "Name": "GitHub Security Advisory npm",
            "URL": "https://github.com/advisories?query=type%3Areviewed+ecosystem%3Anpm"
          },
          "Title": "babel: arbitrary code execution",
          "Description": "Babel is a compiler for writingJavaScript. In `@babel/traverse` prior to versions 7.23.2 and 8.0.0-alpha.4 and all versions of `babel-traverse`, using Babel to compile code that was specifically crafted by an attacker can lead to arbitrary code execution during compilation, when using plugins that rely on the `path.evaluate()`or `path.evaluateTruthy()` internal Babel methods. Known affected plugins are `@babel/plugin-transform-runtime`; `@babel/preset-env` when using its `useBuiltIns` option; and any \"polyfill provider\" plugin that depends on `@babel/helper-define-polyfill-provider`, such as `babel-plugin-polyfill-corejs3`, `babel-plugin-polyfill-corejs2`, `babel-plugin-polyfill-es-shims`, `babel-plugin-polyfill-regenerator`. No other plugins under the `@babel/` namespace are impacted, but third-party plugins might be. Users that only compile trusted code are not impacted. The vulnerability has been fixed in `@babel/traverse@7.23.2` and `@babel/traverse@8.0.0-alpha.4`. Those who cannot upgrade `@babel/traverse` and are using one of the affected packages mentioned above should upgrade them to their latest version to avoid triggering the vulnerable code path in affected `@babel/traverse` versions: `@babel/plugin-transform-runtime` v7.23.2, `@babel/preset-env` v7.23.2, `@babel/helper-define-polyfill-provider` v0.4.3, `babel-plugin-polyfill-corejs2` v0.4.6, `babel-plugin-polyfill-corejs3` v0.8.5, `babel-plugin-polyfill-es-shims` v0.10.0, `babel-plugin-polyfill-regenerator` v0.5.3.",
          "Severity": "CRITICAL",
          "CweIDs": [
            "CWE-697",
            "CWE-184"
          ],
          "VendorSeverity": {
            "ghsa": 4,
            "nvd": 3,
            "redhat": 3
          },
          "CVSS": {
            "ghsa": {
              "V3Vector": "CVSS:3.1/AV:L/AC:L/PR:N/UI:N/S:C/C:H/I:H/A:H",
              "V3Score": 9.3
            },
            "nvd": {
              "V3Vector": "CVSS:3.1/AV:L/AC:L/PR:L/UI:N/S:C/C:H/I:H/A:H",
              "V3Score": 8.8
            },
            "redhat": {
              "V3Vector": "CVSS:3.1/AV:L/AC:L/PR:L/UI:N/S:C/C:H/I:H/A:H",
              "V3Score": 8.8
            }
          },
          "References": [
            "https://access.redhat.com/security/cve/CVE-2023-45133",
            "https://babeljs.io/blog/2023/10/16/cve-2023-45133",
            "https://github.com/babel/babel",
            "https://github.com/babel/babel/commit/b13376b346946e3f62fc0848c1d2a23223314c82",
            "https://github.com/babel/babel/pull/16033",
            "https://github.com/babel/babel/releases/tag/v7.23.2",
            "https://github.com/babel/babel/releases/tag/v8.0.0-alpha.4",
            "https://github.com/babel/babel/security/advisories/GHSA-67hx-6x53-jw92",
            "https://lists.debian.org/debian-lts-announce/2023/10/msg00026.html",
            "https://nvd.nist.gov/vuln/detail/CVE-2023-45133",
            "https://www.cve.org/CVERecord?id=CVE-2023-45133",
            "https://www.debian.org/security/2023/dsa-5528"
          ],
          "PublishedDate": "2023-10-12T17:15:09.797Z",
          "LastModifiedDate": "2023-10-24T16:52:20.437Z"
        },
        {
          "VulnerabilityID": "CVE-2023-45133",
          "PkgID": "@babel/traverse@7.20.13",
          "PkgName": "@babel/traverse",
          "PkgPath": "app/node_modules/@babel/core/node_modules/@babel/traverse/package.json",
          "PkgIdentifier": {
            "PURL": "pkg:npm/%40babel/traverse@7.20.13"
          },
          "InstalledVersion": "7.20.13",
          "FixedVersion": "7.23.2, 8.0.0-alpha.4",
          "Status": "fixed",
          "Layer": {
            "DiffID": "sha256:4b758606450b9fd6eb1af6edcdd81cc4ed2c7e8f86028354112a854893d61432"
          },
          "SeveritySource": "ghsa",
          "PrimaryURL": "https://avd.aquasec.com/nvd/cve-2023-45133",
          "DataSource": {
            "ID": "ghsa",
            "Name": "GitHub Security Advisory npm",
            "URL": "https://github.com/advisories?query=type%3Areviewed+ecosystem%3Anpm"
          },
          "Title": "babel: arbitrary code execution",
          "Description": "Babel is a compiler for writingJavaScript. In `@babel/traverse` prior to versions 7.23.2 and 8.0.0-alpha.4 and all versions of `babel-traverse`, using Babel to compile code that was specifically crafted by an attacker can lead to arbitrary code execution during compilation, when using plugins that rely on the `path.evaluate()`or `path.evaluateTruthy()` internal Babel methods. Known affected plugins are `@babel/plugin-transform-runtime`; `@babel/preset-env` when using its `useBuiltIns` option; and any \"polyfill provider\" plugin that depends on `@babel/helper-define-polyfill-provider`, such as `babel-plugin-polyfill-corejs3`, `babel-plugin-polyfill-corejs2`, `babel-plugin-polyfill-es-shims`, `babel-plugin-polyfill-regenerator`. No other plugins under the `@babel/` namespace are impacted, but third-party plugins might be. Users that only compile trusted code are not impacted. The vulnerability has been fixed in `@babel/traverse@7.23.2` and `@babel/traverse@8.0.0-alpha.4`. Those who cannot upgrade `@babel/traverse` and are using one of the affected packages mentioned above should upgrade them to their latest version to avoid triggering the vulnerable code path in affected `@babel/traverse` versions: `@babel/plugin-transform-runtime` v7.23.2, `@babel/preset-env` v7.23.2, `@babel/helper-define-polyfill-provider` v0.4.3, `babel-plugin-polyfill-corejs2` v0.4.6, `babel-plugin-polyfill-corejs3` v0.8.5, `babel-plugin-polyfill-es-shims` v0.10.0, `babel-plugin-polyfill-regenerator` v0.5.3.",
          "Severity": "CRITICAL",
          "CweIDs": [
            "CWE-697",
            "CWE-184"
          ],
          "VendorSeverity": {
            "ghsa": 4,
            "nvd": 3,
            "redhat": 3
          },
          "CVSS": {
            "ghsa": {
              "V3Vector": "CVSS:3.1/AV:L/AC:L/PR:N/UI:N/S:C/C:H/I:H/A:H",
              "V3Score": 9.3
            },
            "nvd": {
              "V3Vector": "CVSS:3.1/AV:L/AC:L/PR:L/UI:N/S:C/C:H/I:H/A:H",
              "V3Score": 8.8
            },
            "redhat": {
              "V3Vector": "CVSS:3.1/AV:L/AC:L/PR:L/UI:N/S:C/C:H/I:H/A:H",
              "V3Score": 8.8
            }
          },
          "References": [
            "https://access.redhat.com/security/cve/CVE-2023-45133",
            "https://babeljs.io/blog/2023/10/16/cve-2023-45133",
            "https://github.com/babel/babel",
            "https://github.com/babel/babel/commit/b13376b346946e3f62fc0848c1d2a23223314c82",
            "https://github.com/babel/babel/pull/16033",
            "https://github.com/babel/babel/releases/tag/v7.23.2",
            "https://github.com/babel/babel/releases/tag/v8.0.0-alpha.4",
            "https://github.com/babel/babel/security/advisories/GHSA-67hx-6x53-jw92",
            "https://lists.debian.org/debian-lts-announce/2023/10/msg00026.html",
            "https://nvd.nist.gov/vuln/detail/CVE-2023-45133",
            "https://www.cve.org/CVERecord?id=CVE-2023-45133",
            "https://www.debian.org/security/2023/dsa-5528"
          ],
          "PublishedDate": "2023-10-12T17:15:09.797Z",
          "LastModifiedDate": "2023-10-24T16:52:20.437Z"
        },
        {
          "VulnerabilityID": "CVE-2023-45133",
          "PkgID": "@babel/traverse@7.20.7",
          "PkgName": "@babel/traverse",
          "PkgPath": "app/node_modules/@babel/helpers/node_modules/@babel/traverse/package.json",
          "PkgIdentifier": {
            "PURL": "pkg:npm/%40babel/traverse@7.20.7"
          },
          "InstalledVersion": "7.20.7",
          "FixedVersion": "7.23.2, 8.0.0-alpha.4",
          "Status": "fixed",
          "Layer": {
            "DiffID": "sha256:4b758606450b9fd6eb1af6edcdd81cc4ed2c7e8f86028354112a854893d61432"
          },
          "SeveritySource": "ghsa",
          "PrimaryURL": "https://avd.aquasec.com/nvd/cve-2023-45133",
          "DataSource": {
            "ID": "ghsa",
            "Name": "GitHub Security Advisory npm",
            "URL": "https://github.com/advisories?query=type%3Areviewed+ecosystem%3Anpm"
          },
          "Title": "babel: arbitrary code execution",
          "Description": "Babel is a compiler for writingJavaScript. In `@babel/traverse` prior to versions 7.23.2 and 8.0.0-alpha.4 and all versions of `babel-traverse`, using Babel to compile code that was specifically crafted by an attacker can lead to arbitrary code execution during compilation, when using plugins that rely on the `path.evaluate()`or `path.evaluateTruthy()` internal Babel methods. Known affected plugins are `@babel/plugin-transform-runtime`; `@babel/preset-env` when using its `useBuiltIns` option; and any \"polyfill provider\" plugin that depends on `@babel/helper-define-polyfill-provider`, such as `babel-plugin-polyfill-corejs3`, `babel-plugin-polyfill-corejs2`, `babel-plugin-polyfill-es-shims`, `babel-plugin-polyfill-regenerator`. No other plugins under the `@babel/` namespace are impacted, but third-party plugins might be. Users that only compile trusted code are not impacted. The vulnerability has been fixed in `@babel/traverse@7.23.2` and `@babel/traverse@8.0.0-alpha.4`. Those who cannot upgrade `@babel/traverse` and are using one of the affected packages mentioned above should upgrade them to their latest version to avoid triggering the vulnerable code path in affected `@babel/traverse` versions: `@babel/plugin-transform-runtime` v7.23.2, `@babel/preset-env` v7.23.2, `@babel/helper-define-polyfill-provider` v0.4.3, `babel-plugin-polyfill-corejs2` v0.4.6, `babel-plugin-polyfill-corejs3` v0.8.5, `babel-plugin-polyfill-es-shims` v0.10.0, `babel-plugin-polyfill-regenerator` v0.5.3.",
          "Severity": "CRITICAL",
          "CweIDs": [
            "CWE-697",
            "CWE-184"
          ],
          "VendorSeverity": {
            "ghsa": 4,
            "nvd": 3,
            "redhat": 3
          },
          "CVSS": {
            "ghsa": {
              "V3Vector": "CVSS:3.1/AV:L/AC:L/PR:N/UI:N/S:C/C:H/I:H/A:H",
              "V3Score": 9.3
            },
            "nvd": {
              "V3Vector": "CVSS:3.1/AV:L/AC:L/PR:L/UI:N/S:C/C:H/I:H/A:H",
              "V3Score": 8.8
            },
            "redhat": {
              "V3Vector": "CVSS:3.1/AV:L/AC:L/PR:L/UI:N/S:C/C:H/I:H/A:H",
              "V3Score": 8.8
            }
          },
          "References": [
            "https://access.redhat.com/security/cve/CVE-2023-45133",
            "https://babeljs.io/blog/2023/10/16/cve-2023-45133",
            "https://github.com/babel/babel",
            "https://github.com/babel/babel/commit/b13376b346946e3f62fc0848c1d2a23223314c82",
            "https://github.com/babel/babel/pull/16033",
            "https://github.com/babel/babel/releases/tag/v7.23.2",
            "https://github.com/babel/babel/releases/tag/v8.0.0-alpha.4",
            "https://github.com/babel/babel/security/advisories/GHSA-67hx-6x53-jw92",
            "https://lists.debian.org/debian-lts-announce/2023/10/msg00026.html",
            "https://nvd.nist.gov/vuln/detail/CVE-2023-45133",
            "https://www.cve.org/CVERecord?id=CVE-2023-45133",
            "https://www.debian.org/security/2023/dsa-5528"
          ],
          "PublishedDate": "2023-10-12T17:15:09.797Z",
          "LastModifiedDate": "2023-10-24T16:52:20.437Z"
        },
        {
          "VulnerabilityID": "CVE-2023-28155",
          "PkgID": "@cypress/request@2.88.10",
          "PkgName": "@cypress/request",
          "PkgPath": "app/node_modules/@cypress/request/package.json",
          "PkgIdentifier": {
            "PURL": "pkg:npm/%40cypress/request@2.88.10"
          },
          "InstalledVersion": "2.88.10",
          "FixedVersion": "3.0.0",
          "Status": "fixed",
          "Layer": {
            "DiffID": "sha256:4b758606450b9fd6eb1af6edcdd81cc4ed2c7e8f86028354112a854893d61432"
          },
          "SeveritySource": "ghsa",
          "PrimaryURL": "https://avd.aquasec.com/nvd/cve-2023-28155",
          "DataSource": {
            "ID": "ghsa",
            "Name": "GitHub Security Advisory npm",
            "URL": "https://github.com/advisories?query=type%3Areviewed+ecosystem%3Anpm"
          },
          "Title": "The Request package through 2.88.1 for Node.js allows a bypass of SSRF ...",
          "Description": "The Request package through 2.88.1 for Node.js allows a bypass of SSRF mitigations via an attacker-controller server that does a cross-protocol redirect (HTTP to HTTPS, or HTTPS to HTTP). NOTE: This vulnerability only affects products that are no longer supported by the maintainer.",
          "Severity": "MEDIUM",
          "CweIDs": [
            "CWE-918"
          ],
          "VendorSeverity": {
            "cbl-mariner": 2,
            "ghsa": 2,
            "nvd": 2
          },
          "CVSS": {
            "ghsa": {
              "V3Vector": "CVSS:3.1/AV:N/AC:L/PR:N/UI:R/S:C/C:L/I:L/A:N",
              "V3Score": 6.1
            },
            "nvd": {
              "V3Vector": "CVSS:3.1/AV:N/AC:L/PR:N/UI:R/S:C/C:L/I:L/A:N",
              "V3Score": 6.1
            }
          },
          "References": [
            "https://doyensec.com/resources/Doyensec_Advisory_RequestSSRF_Q12023.pdf",
            "https://github.com/cypress-io/request/blob/master/lib/redirect.js#L116",
            "https://github.com/cypress-io/request/commit/c5bcf21d40fb61feaff21a0e5a2b3934a440024f",
            "https://github.com/cypress-io/request/pull/28",
            "https://github.com/cypress-io/request/releases/tag/v3.0.0",
            "https://github.com/github/advisory-database/pull/2500",
            "https://github.com/request/request",
            "https://github.com/request/request/blob/master/lib/redirect.js#L111",
            "https://github.com/request/request/issues/3442",
            "https://github.com/request/request/pull/3444",
            "https://nvd.nist.gov/vuln/detail/CVE-2023-28155",
            "https://security.netapp.com/advisory/ntap-20230413-0007",
            "https://security.netapp.com/advisory/ntap-20230413-0007/"
          ],
          "PublishedDate": "2023-03-16T15:15:11.107Z",
          "LastModifiedDate": "2023-11-07T04:10:26.543Z"
        },
        {
          "VulnerabilityID": "CVE-2023-26920",
          "PkgID": "fast-xml-parser@4.0.11",
          "PkgName": "fast-xml-parser",
          "PkgPath": "app/node_modules/fast-xml-parser/package.json",
          "PkgIdentifier": {
            "PURL": "pkg:npm/fast-xml-parser@4.0.11"
          },
          "InstalledVersion": "4.0.11",
          "FixedVersion": "4.1.2",
          "Status": "fixed",
          "Layer": {
            "DiffID": "sha256:4b758606450b9fd6eb1af6edcdd81cc4ed2c7e8f86028354112a854893d61432"
          },
          "SeveritySource": "ghsa",
          "PrimaryURL": "https://avd.aquasec.com/nvd/cve-2023-26920",
          "DataSource": {
            "ID": "ghsa",
            "Name": "GitHub Security Advisory npm",
            "URL": "https://github.com/advisories?query=type%3Areviewed+ecosystem%3Anpm"
          },
          "Title": "fast-xml-parser vulnerable to Prototype Pollution through tag or attribute name",
          "Description": "fast-xml-parser before 4.1.2 allows __proto__ for Prototype Pollution.",
          "Severity": "MEDIUM",
          "CweIDs": [
            "CWE-1321"
          ],
          "VendorSeverity": {
            "ghsa": 2,
            "nvd": 2
          },
          "CVSS": {
            "ghsa": {
              "V3Vector": "CVSS:3.1/AV:N/AC:L/PR:L/UI:N/S:U/C:H/I:N/A:N",
              "V3Score": 6.5
            },
            "nvd": {
              "V3Vector": "CVSS:3.1/AV:N/AC:L/PR:L/UI:N/S:U/C:H/I:N/A:N",
              "V3Score": 6.5
            }
          },
          "References": [
            "https://gist.github.com/Sudistark/a5a45bd0804d522a1392cb5023aa7ef7",
            "https://github.com/NaturalIntelligence/fast-xml-parser",
            "https://github.com/NaturalIntelligence/fast-xml-parser/commit/2b032a4f799c63d83991e4f992f1c68e4dd05804",
            "https://github.com/NaturalIntelligence/fast-xml-parser/security/advisories/GHSA-x3cc-x39p-42qx",
            "https://github.com/advisories/GHSA-793h-6f7r-6qvm",
            "https://nvd.nist.gov/vuln/detail/CVE-2023-26920"
          ],
          "PublishedDate": "2023-12-12T17:15:07.72Z",
          "LastModifiedDate": "2023-12-14T20:41:19.917Z"
        },
        {
          "VulnerabilityID": "CVE-2023-43646",
          "PkgID": "get-func-name@2.0.0",
          "PkgName": "get-func-name",
          "PkgPath": "app/node_modules/get-func-name/package.json",
          "PkgIdentifier": {
            "PURL": "pkg:npm/get-func-name@2.0.0"
          },
          "InstalledVersion": "2.0.0",
          "FixedVersion": "2.0.1",
          "Status": "fixed",
          "Layer": {
            "DiffID": "sha256:4b758606450b9fd6eb1af6edcdd81cc4ed2c7e8f86028354112a854893d61432"
          },
          "SeveritySource": "ghsa",
          "PrimaryURL": "https://avd.aquasec.com/nvd/cve-2023-43646",
          "DataSource": {
            "ID": "ghsa",
            "Name": "GitHub Security Advisory npm",
            "URL": "https://github.com/advisories?query=type%3Areviewed+ecosystem%3Anpm"
          },
          "Title": "get-func-name: ReDoS in chai module",
          "Description": "get-func-name is a module to retrieve a function's name securely and consistently both in NodeJS and the browser. Versions prior to 2.0.1 are subject to a regular expression denial of service (redos) vulnerability which may lead to a denial of service when parsing malicious input. This vulnerability can be exploited when there is an imbalance in parentheses, which results in excessive backtracking and subsequently increases the CPU load and processing time significantly. This vulnerability can be triggered using the following input: '\\t'.repeat(54773) + '\\t/function/i'. This issue has been addressed in commit `f934b228b` which has been included in releases from 2.0.1. Users are advised to upgrade. There are no known workarounds for this vulnerability.",
          "Severity": "HIGH",
          "CweIDs": [
            "CWE-1333",
            "CWE-400"
          ],
          "VendorSeverity": {
            "ghsa": 3,
            "nvd": 3,
            "redhat": 2
          },
          "CVSS": {
            "ghsa": {
              "V3Vector": "CVSS:3.1/AV:N/AC:L/PR:N/UI:N/S:U/C:N/I:N/A:H",
              "V3Score": 7.5
            },
            "nvd": {
              "V3Vector": "CVSS:3.1/AV:N/AC:L/PR:N/UI:N/S:U/C:N/I:N/A:H",
              "V3Score": 7.5
            },
            "redhat": {
              "V3Vector": "CVSS:3.1/AV:N/AC:L/PR:N/UI:N/S:U/C:N/I:N/A:H",
              "V3Score": 7.5
            }
          },
          "References": [
            "https://access.redhat.com/security/cve/CVE-2023-43646",
            "https://github.com/advisories/GHSA-4q6p-r6v2-jvc5",
            "https://github.com/chaijs/get-func-name",
            "https://github.com/chaijs/get-func-name/blob/78ad756441a83f3dc203e50f76c113ae3ac017dc/index.js#L15",
            "https://github.com/chaijs/get-func-name/commit/f934b228b5e2cb94d6c8576d3aac05493f667c69",
            "https://github.com/chaijs/get-func-name/security/advisories/GHSA-4q6p-r6v2-jvc5",
            "https://nvd.nist.gov/vuln/detail/CVE-2023-43646",
            "https://www.cve.org/CVERecord?id=CVE-2023-43646"
          ],
          "PublishedDate": "2023-09-27T15:19:34.427Z",
          "LastModifiedDate": "2023-10-02T16:26:52.173Z"
        },
        {
          "VulnerabilityID": "CVE-2023-42282",
          "PkgID": "ip@2.0.0",
          "PkgName": "ip",
          "PkgPath": "app/node_modules/ip/package.json",
          "PkgIdentifier": {
            "PURL": "pkg:npm/ip@2.0.0"
          },
          "InstalledVersion": "2.0.0",
          "FixedVersion": "2.0.1, 1.1.9",
          "Status": "fixed",
          "Layer": {
            "DiffID": "sha256:4b758606450b9fd6eb1af6edcdd81cc4ed2c7e8f86028354112a854893d61432"
          },
          "SeveritySource": "ghsa",
          "PrimaryURL": "https://avd.aquasec.com/nvd/cve-2023-42282",
          "DataSource": {
            "ID": "ghsa",
            "Name": "GitHub Security Advisory npm",
            "URL": "https://github.com/advisories?query=type%3Areviewed+ecosystem%3Anpm"
          },
          "Title": "nodejs-ip: arbitrary code execution via the isPublic() function",
          "Description": "An issue in NPM IP Package v.1.1.8 and before allows an attacker to execute arbitrary code and obtain sensitive information via the isPublic() function.",
          "Severity": "MEDIUM",
          "CweIDs": [
            "CWE-918"
          ],
          "VendorSeverity": {
            "ghsa": 2,
            "nvd": 4,
            "redhat": 4,
            "ubuntu": 2
          },
          "CVSS": {
            "nvd": {
              "V3Vector": "CVSS:3.1/AV:N/AC:L/PR:N/UI:N/S:U/C:H/I:H/A:H",
              "V3Score": 9.8
            },
            "redhat": {
              "V3Vector": "CVSS:3.1/AV:N/AC:L/PR:N/UI:N/S:U/C:H/I:H/A:H",
              "V3Score": 9.8
            }
          },
          "References": [
            "https://access.redhat.com/security/cve/CVE-2023-42282",
            "https://cosmosofcyberspace.github.io/npm_ip_cve/npm_ip_cve.html",
            "https://cve.mitre.org/cgi-bin/cvename.cgi?name=CVE-2023-42282",
            "https://github.com/JoshGlazebrook/socks/issues/93#issue-2128357447",
            "https://github.com/github/advisory-database/pull/3504#issuecomment-1937179999",
            "https://github.com/indutny/node-ip",
            "https://github.com/indutny/node-ip/commit/32f468f1245574785ec080705737a579be1223aa",
            "https://github.com/indutny/node-ip/commit/6a3ada9b471b09d5f0f5be264911ab564bf67894",
            "https://github.com/indutny/node-ip/pull/138",
            "https://huntr.com/bounties/bfc3b23f-ddc0-4ee7-afab-223b07115ed3/",
            "https://nvd.nist.gov/vuln/detail/CVE-2023-42282",
            "https://ubuntu.com/security/notices/USN-6643-1",
            "https://www.cve.org/CVERecord?id=CVE-2023-42282"
          ],
          "PublishedDate": "2024-02-08T17:15:10.84Z",
          "LastModifiedDate": "2024-02-15T03:27:05.997Z"
        },
        {
          "VulnerabilityID": "CVE-2023-42282",
          "PkgID": "ip@2.0.0",
          "PkgName": "ip",
          "PkgPath": "usr/local/lib/node_modules/npm/node_modules/ip/package.json",
          "PkgIdentifier": {
            "PURL": "pkg:npm/ip@2.0.0"
          },
          "InstalledVersion": "2.0.0",
          "FixedVersion": "2.0.1, 1.1.9",
          "Status": "fixed",
          "Layer": {
            "DiffID": "sha256:25bc385c4322dc872164b873fe09ff92c0d58ca5cf872d310aba6635127e1e34"
          },
          "SeveritySource": "ghsa",
          "PrimaryURL": "https://avd.aquasec.com/nvd/cve-2023-42282",
          "DataSource": {
            "ID": "ghsa",
            "Name": "GitHub Security Advisory npm",
            "URL": "https://github.com/advisories?query=type%3Areviewed+ecosystem%3Anpm"
          },
          "Title": "nodejs-ip: arbitrary code execution via the isPublic() function",
          "Description": "An issue in NPM IP Package v.1.1.8 and before allows an attacker to execute arbitrary code and obtain sensitive information via the isPublic() function.",
          "Severity": "MEDIUM",
          "CweIDs": [
            "CWE-918"
          ],
          "VendorSeverity": {
            "ghsa": 2,
            "nvd": 4,
            "redhat": 4,
            "ubuntu": 2
          },
          "CVSS": {
            "nvd": {
              "V3Vector": "CVSS:3.1/AV:N/AC:L/PR:N/UI:N/S:U/C:H/I:H/A:H",
              "V3Score": 9.8
            },
            "redhat": {
              "V3Vector": "CVSS:3.1/AV:N/AC:L/PR:N/UI:N/S:U/C:H/I:H/A:H",
              "V3Score": 9.8
            }
          },
          "References": [
            "https://access.redhat.com/security/cve/CVE-2023-42282",
            "https://cosmosofcyberspace.github.io/npm_ip_cve/npm_ip_cve.html",
            "https://cve.mitre.org/cgi-bin/cvename.cgi?name=CVE-2023-42282",
            "https://github.com/JoshGlazebrook/socks/issues/93#issue-2128357447",
            "https://github.com/github/advisory-database/pull/3504#issuecomment-1937179999",
            "https://github.com/indutny/node-ip",
            "https://github.com/indutny/node-ip/commit/32f468f1245574785ec080705737a579be1223aa",
            "https://github.com/indutny/node-ip/commit/6a3ada9b471b09d5f0f5be264911ab564bf67894",
            "https://github.com/indutny/node-ip/pull/138",
            "https://huntr.com/bounties/bfc3b23f-ddc0-4ee7-afab-223b07115ed3/",
            "https://nvd.nist.gov/vuln/detail/CVE-2023-42282",
            "https://ubuntu.com/security/notices/USN-6643-1",
            "https://www.cve.org/CVERecord?id=CVE-2023-42282"
          ],
          "PublishedDate": "2024-02-08T17:15:10.84Z",
          "LastModifiedDate": "2024-02-15T03:27:05.997Z"
        },
        {
          "VulnerabilityID": "CVE-2022-46175",
          "PkgID": "json5@2.2.1",
          "PkgName": "json5",
          "PkgPath": "app/node_modules/istanbul-lib-instrument/node_modules/json5/package.json",
          "PkgIdentifier": {
            "PURL": "pkg:npm/json5@2.2.1"
          },
          "InstalledVersion": "2.2.1",
          "FixedVersion": "2.2.2, 1.0.2",
          "Status": "fixed",
          "Layer": {
            "DiffID": "sha256:4b758606450b9fd6eb1af6edcdd81cc4ed2c7e8f86028354112a854893d61432"
          },
          "SeveritySource": "ghsa",
          "PrimaryURL": "https://avd.aquasec.com/nvd/cve-2022-46175",
          "DataSource": {
            "ID": "ghsa",
            "Name": "GitHub Security Advisory npm",
            "URL": "https://github.com/advisories?query=type%3Areviewed+ecosystem%3Anpm"
          },
          "Title": "json5: Prototype Pollution in JSON5 via Parse Method",
          "Description": "JSON5 is an extension to the popular JSON file format that aims to be easier to write and maintain by hand (e.g. for config files). The `parse` method of the JSON5 library before and including versions 1.0.1 and 2.2.1 does not restrict parsing of keys named `__proto__`, allowing specially crafted strings to pollute the prototype of the resulting object. This vulnerability pollutes the prototype of the object returned by `JSON5.parse` and not the global Object prototype, which is the commonly understood definition of Prototype Pollution. However, polluting the prototype of a single object can have significant security impact for an application if the object is later used in trusted operations. This vulnerability could allow an attacker to set arbitrary and unexpected keys on the object returned from `JSON5.parse`. The actual impact will depend on how applications utilize the returned object and how they filter unwanted keys, but could include denial of service, cross-site scripting, elevation of privilege, and in extreme cases, remote code execution. `JSON5.parse` should restrict parsing of `__proto__` keys when parsing JSON strings to objects. As a point of reference, the `JSON.parse` method included in JavaScript ignores `__proto__` keys. Simply changing `JSON5.parse` to `JSON.parse` in the examples above mitigates this vulnerability. This vulnerability is patched in json5 versions 1.0.2, 2.2.2, and later.",
          "Severity": "HIGH",
          "CweIDs": [
            "CWE-1321"
          ],
          "VendorSeverity": {
            "ghsa": 3,
            "nvd": 3,
            "redhat": 2
          },
          "CVSS": {
            "ghsa": {
              "V3Vector": "CVSS:3.1/AV:N/AC:H/PR:L/UI:N/S:U/C:H/I:L/A:H",
              "V3Score": 7.1
            },
            "nvd": {
              "V3Vector": "CVSS:3.1/AV:N/AC:L/PR:L/UI:N/S:U/C:H/I:H/A:H",
              "V3Score": 8.8
            },
            "redhat": {
              "V3Vector": "CVSS:3.1/AV:N/AC:L/PR:L/UI:N/S:U/C:H/I:H/A:H",
              "V3Score": 8.8
            }
          },
          "References": [
            "https://access.redhat.com/security/cve/CVE-2022-46175",
            "https://github.com/json5/json5",
            "https://github.com/json5/json5/commit/62a65408408d40aeea14c7869ed327acead12972",
            "https://github.com/json5/json5/commit/7774c1097993bc3ce9f0ac4b722a32bf7d6871c8",
            "https://github.com/json5/json5/issues/199",
            "https://github.com/json5/json5/issues/295",
            "https://github.com/json5/json5/pull/298",
            "https://github.com/json5/json5/security/advisories/GHSA-9c47-m6qq-7p4h",
            "https://lists.debian.org/debian-lts-announce/2023/11/msg00021.html",
            "https://lists.fedoraproject.org/archives/list/package-announce%40lists.fedoraproject.org/message/3S26TLPLVFAJTUN3VIXFDEBEXDYO22CE/",
            "https://lists.fedoraproject.org/archives/list/package-announce@lists.fedoraproject.org/message/3S26TLPLVFAJTUN3VIXFDEBEXDYO22CE",
            "https://nvd.nist.gov/vuln/detail/CVE-2022-46175",
            "https://www.cve.org/CVERecord?id=CVE-2022-46175"
          ],
          "PublishedDate": "2022-12-24T04:15:08.787Z",
          "LastModifiedDate": "2023-11-26T01:15:07.177Z"
        },
        {
          "VulnerabilityID": "CVE-2021-32050",
          "PkgID": "mongodb@4.13.0",
          "PkgName": "mongodb",
          "PkgPath": "app/node_modules/mongodb/package.json",
          "PkgIdentifier": {
            "PURL": "pkg:npm/mongodb@4.13.0"
          },
          "InstalledVersion": "4.13.0",
          "FixedVersion": "3.6.10, 4.17.0, 5.8.0",
          "Status": "fixed",
          "Layer": {
            "DiffID": "sha256:4b758606450b9fd6eb1af6edcdd81cc4ed2c7e8f86028354112a854893d61432"
          },
          "SeveritySource": "ghsa",
          "PrimaryURL": "https://avd.aquasec.com/nvd/cve-2021-32050",
          "DataSource": {
            "ID": "ghsa",
            "Name": "GitHub Security Advisory npm",
            "URL": "https://github.com/advisories?query=type%3Areviewed+ecosystem%3Anpm"
          },
          "Title": "Some MongoDB Drivers may erroneously publish events containing authent ...",
          "Description": "Some MongoDB Drivers may erroneously publish events containing authentication-related data to a command listener configured by an application. The published events may contain security-sensitive data when specific authentication-related commands are executed.\n\nWithout due care, an application may inadvertently expose this sensitive information, e.g., by writing it to a log file. This issue only arises if an application enables the command listener feature (this is not enabled by default).\n\nThis issue affects the MongoDB C Driver 1.0.0 prior to 1.17.7, MongoDB PHP Driver 1.0.0 prior to 1.9.2, MongoDB Swift Driver 1.0.0 prior to 1.1.1, MongoDB Node.js Driver 3.6 prior to 3.6.10, MongoDB Node.js Driver 4.0 prior to 4.17.0 and MongoDB Node.js Driver 5.0 prior to 5.8.0. This issue also affects users of the MongoDB C++ Driver dependent on the C driver 1.0.0 prior to 1.17.7 (C++ driver prior to 3.7.0).\n\n",
          "Severity": "MEDIUM",
          "CweIDs": [
            "CWE-532",
            "CWE-200"
          ],
          "VendorSeverity": {
            "ghsa": 2,
            "nvd": 3
          },
          "CVSS": {
            "ghsa": {
              "V3Vector": "CVSS:3.1/AV:L/AC:L/PR:H/UI:R/S:U/C:H/I:N/A:N",
              "V3Score": 4.2
            },
            "nvd": {
              "V3Vector": "CVSS:3.1/AV:N/AC:L/PR:N/UI:N/S:U/C:H/I:N/A:N",
              "V3Score": 7.5
            }
          },
          "References": [
            "https://github.com/mongodb/mongo-php-driver/commit/4495de8313c0d313e4dde906fc7aedf998ee3748",
            "https://github.com/mongodb/mongo-php-driver/pull/1235",
            "https://github.com/mongodb/mongo-swift-driver/pull/643",
            "https://github.com/mongodb/node-mongodb-native/commit/8c8b4c3b8c55f10fb96f63d3bbfa5d408b4ed7d0",
            "https://jira.mongodb.org/browse/CDRIVER-3797",
            "https://jira.mongodb.org/browse/CXX-2028",
            "https://jira.mongodb.org/browse/NODE-3356",
            "https://jira.mongodb.org/browse/PHPC-1869",
            "https://jira.mongodb.org/browse/SWIFT-1229",
            "https://nvd.nist.gov/vuln/detail/CVE-2021-32050",
            "https://security.netapp.com/advisory/ntap-20231006-0001",
            "https://security.netapp.com/advisory/ntap-20231006-0001/"
          ],
          "PublishedDate": "2023-08-29T16:15:08.423Z",
          "LastModifiedDate": "2023-10-06T15:15:12.863Z"
        },
        {
          "VulnerabilityID": "CVE-2022-25883",
          "PkgID": "semver@5.7.1",
          "PkgName": "semver",
          "PkgPath": "app/node_modules/nodemon/node_modules/semver/package.json",
          "PkgIdentifier": {
            "PURL": "pkg:npm/semver@5.7.1"
          },
          "InstalledVersion": "5.7.1",
          "FixedVersion": "7.5.2, 6.3.1, 5.7.2",
          "Status": "fixed",
          "Layer": {
            "DiffID": "sha256:4b758606450b9fd6eb1af6edcdd81cc4ed2c7e8f86028354112a854893d61432"
          },
          "SeveritySource": "ghsa",
          "PrimaryURL": "https://avd.aquasec.com/nvd/cve-2022-25883",
          "DataSource": {
            "ID": "ghsa",
            "Name": "GitHub Security Advisory npm",
            "URL": "https://github.com/advisories?query=type%3Areviewed+ecosystem%3Anpm"
          },
          "Title": "nodejs-semver: Regular expression denial of service",
          "Description": "Versions of the package semver before 7.5.2 are vulnerable to Regular Expression Denial of Service (ReDoS) via the function new Range, when untrusted user data is provided as a range.\r\r\r",
          "Severity": "MEDIUM",
          "CweIDs": [
            "CWE-1333"
          ],
          "VendorSeverity": {
            "alma": 3,
            "amazon": 3,
            "cbl-mariner": 3,
            "ghsa": 2,
            "nvd": 3,
            "oracle-oval": 3,
            "redhat": 2
          },
          "CVSS": {
            "ghsa": {
              "V3Vector": "CVSS:3.1/AV:N/AC:L/PR:N/UI:N/S:U/C:N/I:N/A:L",
              "V3Score": 5.3
            },
            "nvd": {
              "V3Vector": "CVSS:3.1/AV:N/AC:L/PR:N/UI:N/S:U/C:N/I:N/A:H",
              "V3Score": 7.5
            },
            "redhat": {
              "V3Vector": "CVSS:3.1/AV:N/AC:L/PR:N/UI:N/S:U/C:N/I:N/A:H",
              "V3Score": 7.5
            }
          },
          "References": [
            "https://access.redhat.com/errata/RHSA-2023:5363",
            "https://access.redhat.com/security/cve/CVE-2022-25883",
            "https://bugzilla.redhat.com/2216475",
            "https://bugzilla.redhat.com/2230948",
            "https://bugzilla.redhat.com/2230955",
            "https://bugzilla.redhat.com/2230956",
            "https://errata.almalinux.org/9/ALSA-2023-5363.html",
            "https://github.com/advisories/GHSA-c2qf-rxjj-qqgw",
            "https://github.com/npm/node-semver",
            "https://github.com/npm/node-semver/blob/main/classes/range.js#L97-L104",
            "https://github.com/npm/node-semver/blob/main/classes/range.js%23L97-L104",
            "https://github.com/npm/node-semver/blob/main/internal/re.js#L138",
            "https://github.com/npm/node-semver/blob/main/internal/re.js#L160",
            "https://github.com/npm/node-semver/blob/main/internal/re.js%23L138",
            "https://github.com/npm/node-semver/blob/main/internal/re.js%23L160",
            "https://github.com/npm/node-semver/commit/2f8fd41487acf380194579ecb6f8b1bbfe116be0",
            "https://github.com/npm/node-semver/commit/717534ee353682f3bcf33e60a8af4292626d4441",
            "https://github.com/npm/node-semver/commit/928e56d21150da0413a3333a3148b20e741a920c",
            "https://github.com/npm/node-semver/pull/564",
            "https://github.com/npm/node-semver/pull/585",
            "https://github.com/npm/node-semver/pull/593",
            "https://linux.oracle.com/cve/CVE-2022-25883.html",
            "https://linux.oracle.com/errata/ELSA-2023-5363.html",
            "https://nvd.nist.gov/vuln/detail/CVE-2022-25883",
            "https://security.snyk.io/vuln/SNYK-JS-SEMVER-3247795",
            "https://www.cve.org/CVERecord?id=CVE-2022-25883"
          ],
          "PublishedDate": "2023-06-21T05:15:09.06Z",
          "LastModifiedDate": "2023-11-07T03:44:51.993Z"
        },
        {
          "VulnerabilityID": "CVE-2022-25883",
          "PkgID": "semver@6.3.0",
          "PkgName": "semver",
          "PkgPath": "app/node_modules/semver/package.json",
          "PkgIdentifier": {
            "PURL": "pkg:npm/semver@6.3.0"
          },
          "InstalledVersion": "6.3.0",
          "FixedVersion": "7.5.2, 6.3.1, 5.7.2",
          "Status": "fixed",
          "Layer": {
            "DiffID": "sha256:4b758606450b9fd6eb1af6edcdd81cc4ed2c7e8f86028354112a854893d61432"
          },
          "SeveritySource": "ghsa",
          "PrimaryURL": "https://avd.aquasec.com/nvd/cve-2022-25883",
          "DataSource": {
            "ID": "ghsa",
            "Name": "GitHub Security Advisory npm",
            "URL": "https://github.com/advisories?query=type%3Areviewed+ecosystem%3Anpm"
          },
          "Title": "nodejs-semver: Regular expression denial of service",
          "Description": "Versions of the package semver before 7.5.2 are vulnerable to Regular Expression Denial of Service (ReDoS) via the function new Range, when untrusted user data is provided as a range.\r\r\r",
          "Severity": "MEDIUM",
          "CweIDs": [
            "CWE-1333"
          ],
          "VendorSeverity": {
            "alma": 3,
            "amazon": 3,
            "cbl-mariner": 3,
            "ghsa": 2,
            "nvd": 3,
            "oracle-oval": 3,
            "redhat": 2
          },
          "CVSS": {
            "ghsa": {
              "V3Vector": "CVSS:3.1/AV:N/AC:L/PR:N/UI:N/S:U/C:N/I:N/A:L",
              "V3Score": 5.3
            },
            "nvd": {
              "V3Vector": "CVSS:3.1/AV:N/AC:L/PR:N/UI:N/S:U/C:N/I:N/A:H",
              "V3Score": 7.5
            },
            "redhat": {
              "V3Vector": "CVSS:3.1/AV:N/AC:L/PR:N/UI:N/S:U/C:N/I:N/A:H",
              "V3Score": 7.5
            }
          },
          "References": [
            "https://access.redhat.com/errata/RHSA-2023:5363",
            "https://access.redhat.com/security/cve/CVE-2022-25883",
            "https://bugzilla.redhat.com/2216475",
            "https://bugzilla.redhat.com/2230948",
            "https://bugzilla.redhat.com/2230955",
            "https://bugzilla.redhat.com/2230956",
            "https://errata.almalinux.org/9/ALSA-2023-5363.html",
            "https://github.com/advisories/GHSA-c2qf-rxjj-qqgw",
            "https://github.com/npm/node-semver",
            "https://github.com/npm/node-semver/blob/main/classes/range.js#L97-L104",
            "https://github.com/npm/node-semver/blob/main/classes/range.js%23L97-L104",
            "https://github.com/npm/node-semver/blob/main/internal/re.js#L138",
            "https://github.com/npm/node-semver/blob/main/internal/re.js#L160",
            "https://github.com/npm/node-semver/blob/main/internal/re.js%23L138",
            "https://github.com/npm/node-semver/blob/main/internal/re.js%23L160",
            "https://github.com/npm/node-semver/commit/2f8fd41487acf380194579ecb6f8b1bbfe116be0",
            "https://github.com/npm/node-semver/commit/717534ee353682f3bcf33e60a8af4292626d4441",
            "https://github.com/npm/node-semver/commit/928e56d21150da0413a3333a3148b20e741a920c",
            "https://github.com/npm/node-semver/pull/564",
            "https://github.com/npm/node-semver/pull/585",
            "https://github.com/npm/node-semver/pull/593",
            "https://linux.oracle.com/cve/CVE-2022-25883.html",
            "https://linux.oracle.com/errata/ELSA-2023-5363.html",
            "https://nvd.nist.gov/vuln/detail/CVE-2022-25883",
            "https://security.snyk.io/vuln/SNYK-JS-SEMVER-3247795",
            "https://www.cve.org/CVERecord?id=CVE-2022-25883"
          ],
          "PublishedDate": "2023-06-21T05:15:09.06Z",
          "LastModifiedDate": "2023-11-07T03:44:51.993Z"
        },
        {
          "VulnerabilityID": "CVE-2022-25883",
          "PkgID": "semver@7.0.0",
          "PkgName": "semver",
          "PkgPath": "app/node_modules/simple-update-notifier/node_modules/semver/package.json",
          "PkgIdentifier": {
            "PURL": "pkg:npm/semver@7.0.0"
          },
          "InstalledVersion": "7.0.0",
          "FixedVersion": "7.5.2, 6.3.1, 5.7.2",
          "Status": "fixed",
          "Layer": {
            "DiffID": "sha256:4b758606450b9fd6eb1af6edcdd81cc4ed2c7e8f86028354112a854893d61432"
          },
          "SeveritySource": "ghsa",
          "PrimaryURL": "https://avd.aquasec.com/nvd/cve-2022-25883",
          "DataSource": {
            "ID": "ghsa",
            "Name": "GitHub Security Advisory npm",
            "URL": "https://github.com/advisories?query=type%3Areviewed+ecosystem%3Anpm"
          },
          "Title": "nodejs-semver: Regular expression denial of service",
          "Description": "Versions of the package semver before 7.5.2 are vulnerable to Regular Expression Denial of Service (ReDoS) via the function new Range, when untrusted user data is provided as a range.\r\r\r",
          "Severity": "MEDIUM",
          "CweIDs": [
            "CWE-1333"
          ],
          "VendorSeverity": {
            "alma": 3,
            "amazon": 3,
            "cbl-mariner": 3,
            "ghsa": 2,
            "nvd": 3,
            "oracle-oval": 3,
            "redhat": 2
          },
          "CVSS": {
            "ghsa": {
              "V3Vector": "CVSS:3.1/AV:N/AC:L/PR:N/UI:N/S:U/C:N/I:N/A:L",
              "V3Score": 5.3
            },
            "nvd": {
              "V3Vector": "CVSS:3.1/AV:N/AC:L/PR:N/UI:N/S:U/C:N/I:N/A:H",
              "V3Score": 7.5
            },
            "redhat": {
              "V3Vector": "CVSS:3.1/AV:N/AC:L/PR:N/UI:N/S:U/C:N/I:N/A:H",
              "V3Score": 7.5
            }
          },
          "References": [
            "https://access.redhat.com/errata/RHSA-2023:5363",
            "https://access.redhat.com/security/cve/CVE-2022-25883",
            "https://bugzilla.redhat.com/2216475",
            "https://bugzilla.redhat.com/2230948",
            "https://bugzilla.redhat.com/2230955",
            "https://bugzilla.redhat.com/2230956",
            "https://errata.almalinux.org/9/ALSA-2023-5363.html",
            "https://github.com/advisories/GHSA-c2qf-rxjj-qqgw",
            "https://github.com/npm/node-semver",
            "https://github.com/npm/node-semver/blob/main/classes/range.js#L97-L104",
            "https://github.com/npm/node-semver/blob/main/classes/range.js%23L97-L104",
            "https://github.com/npm/node-semver/blob/main/internal/re.js#L138",
            "https://github.com/npm/node-semver/blob/main/internal/re.js#L160",
            "https://github.com/npm/node-semver/blob/main/internal/re.js%23L138",
            "https://github.com/npm/node-semver/blob/main/internal/re.js%23L160",
            "https://github.com/npm/node-semver/commit/2f8fd41487acf380194579ecb6f8b1bbfe116be0",
            "https://github.com/npm/node-semver/commit/717534ee353682f3bcf33e60a8af4292626d4441",
            "https://github.com/npm/node-semver/commit/928e56d21150da0413a3333a3148b20e741a920c",
            "https://github.com/npm/node-semver/pull/564",
            "https://github.com/npm/node-semver/pull/585",
            "https://github.com/npm/node-semver/pull/593",
            "https://linux.oracle.com/cve/CVE-2022-25883.html",
            "https://linux.oracle.com/errata/ELSA-2023-5363.html",
            "https://nvd.nist.gov/vuln/detail/CVE-2022-25883",
            "https://security.snyk.io/vuln/SNYK-JS-SEMVER-3247795",
            "https://www.cve.org/CVERecord?id=CVE-2022-25883"
          ],
          "PublishedDate": "2023-06-21T05:15:09.06Z",
          "LastModifiedDate": "2023-11-07T03:44:51.993Z"
        },
        {
          "VulnerabilityID": "CVE-2022-25883",
          "PkgID": "semver@7.3.7",
          "PkgName": "semver",
          "PkgPath": "app/node_modules/cypress/node_modules/semver/package.json",
          "PkgIdentifier": {
            "PURL": "pkg:npm/semver@7.3.7"
          },
          "InstalledVersion": "7.3.7",
          "FixedVersion": "7.5.2, 6.3.1, 5.7.2",
          "Status": "fixed",
          "Layer": {
            "DiffID": "sha256:4b758606450b9fd6eb1af6edcdd81cc4ed2c7e8f86028354112a854893d61432"
          },
          "SeveritySource": "ghsa",
          "PrimaryURL": "https://avd.aquasec.com/nvd/cve-2022-25883",
          "DataSource": {
            "ID": "ghsa",
            "Name": "GitHub Security Advisory npm",
            "URL": "https://github.com/advisories?query=type%3Areviewed+ecosystem%3Anpm"
          },
          "Title": "nodejs-semver: Regular expression denial of service",
          "Description": "Versions of the package semver before 7.5.2 are vulnerable to Regular Expression Denial of Service (ReDoS) via the function new Range, when untrusted user data is provided as a range.\r\r\r",
          "Severity": "MEDIUM",
          "CweIDs": [
            "CWE-1333"
          ],
          "VendorSeverity": {
            "alma": 3,
            "amazon": 3,
            "cbl-mariner": 3,
            "ghsa": 2,
            "nvd": 3,
            "oracle-oval": 3,
            "redhat": 2
          },
          "CVSS": {
            "ghsa": {
              "V3Vector": "CVSS:3.1/AV:N/AC:L/PR:N/UI:N/S:U/C:N/I:N/A:L",
              "V3Score": 5.3
            },
            "nvd": {
              "V3Vector": "CVSS:3.1/AV:N/AC:L/PR:N/UI:N/S:U/C:N/I:N/A:H",
              "V3Score": 7.5
            },
            "redhat": {
              "V3Vector": "CVSS:3.1/AV:N/AC:L/PR:N/UI:N/S:U/C:N/I:N/A:H",
              "V3Score": 7.5
            }
          },
          "References": [
            "https://access.redhat.com/errata/RHSA-2023:5363",
            "https://access.redhat.com/security/cve/CVE-2022-25883",
            "https://bugzilla.redhat.com/2216475",
            "https://bugzilla.redhat.com/2230948",
            "https://bugzilla.redhat.com/2230955",
            "https://bugzilla.redhat.com/2230956",
            "https://errata.almalinux.org/9/ALSA-2023-5363.html",
            "https://github.com/advisories/GHSA-c2qf-rxjj-qqgw",
            "https://github.com/npm/node-semver",
            "https://github.com/npm/node-semver/blob/main/classes/range.js#L97-L104",
            "https://github.com/npm/node-semver/blob/main/classes/range.js%23L97-L104",
            "https://github.com/npm/node-semver/blob/main/internal/re.js#L138",
            "https://github.com/npm/node-semver/blob/main/internal/re.js#L160",
            "https://github.com/npm/node-semver/blob/main/internal/re.js%23L138",
            "https://github.com/npm/node-semver/blob/main/internal/re.js%23L160",
            "https://github.com/npm/node-semver/commit/2f8fd41487acf380194579ecb6f8b1bbfe116be0",
            "https://github.com/npm/node-semver/commit/717534ee353682f3bcf33e60a8af4292626d4441",
            "https://github.com/npm/node-semver/commit/928e56d21150da0413a3333a3148b20e741a920c",
            "https://github.com/npm/node-semver/pull/564",
            "https://github.com/npm/node-semver/pull/585",
            "https://github.com/npm/node-semver/pull/593",
            "https://linux.oracle.com/cve/CVE-2022-25883.html",
            "https://linux.oracle.com/errata/ELSA-2023-5363.html",
            "https://nvd.nist.gov/vuln/detail/CVE-2022-25883",
            "https://security.snyk.io/vuln/SNYK-JS-SEMVER-3247795",
            "https://www.cve.org/CVERecord?id=CVE-2022-25883"
          ],
          "PublishedDate": "2023-06-21T05:15:09.06Z",
          "LastModifiedDate": "2023-11-07T03:44:51.993Z"
        },
        {
          "VulnerabilityID": "CVE-2022-25883",
          "PkgID": "semver@7.3.8",
          "PkgName": "semver",
          "PkgPath": "app/node_modules/eslint-plugin-unicorn/node_modules/semver/package.json",
          "PkgIdentifier": {
            "PURL": "pkg:npm/semver@7.3.8"
          },
          "InstalledVersion": "7.3.8",
          "FixedVersion": "7.5.2, 6.3.1, 5.7.2",
          "Status": "fixed",
          "Layer": {
            "DiffID": "sha256:4b758606450b9fd6eb1af6edcdd81cc4ed2c7e8f86028354112a854893d61432"
          },
          "SeveritySource": "ghsa",
          "PrimaryURL": "https://avd.aquasec.com/nvd/cve-2022-25883",
          "DataSource": {
            "ID": "ghsa",
            "Name": "GitHub Security Advisory npm",
            "URL": "https://github.com/advisories?query=type%3Areviewed+ecosystem%3Anpm"
          },
          "Title": "nodejs-semver: Regular expression denial of service",
          "Description": "Versions of the package semver before 7.5.2 are vulnerable to Regular Expression Denial of Service (ReDoS) via the function new Range, when untrusted user data is provided as a range.\r\r\r",
          "Severity": "MEDIUM",
          "CweIDs": [
            "CWE-1333"
          ],
          "VendorSeverity": {
            "alma": 3,
            "amazon": 3,
            "cbl-mariner": 3,
            "ghsa": 2,
            "nvd": 3,
            "oracle-oval": 3,
            "redhat": 2
          },
          "CVSS": {
            "ghsa": {
              "V3Vector": "CVSS:3.1/AV:N/AC:L/PR:N/UI:N/S:U/C:N/I:N/A:L",
              "V3Score": 5.3
            },
            "nvd": {
              "V3Vector": "CVSS:3.1/AV:N/AC:L/PR:N/UI:N/S:U/C:N/I:N/A:H",
              "V3Score": 7.5
            },
            "redhat": {
              "V3Vector": "CVSS:3.1/AV:N/AC:L/PR:N/UI:N/S:U/C:N/I:N/A:H",
              "V3Score": 7.5
            }
          },
          "References": [
            "https://access.redhat.com/errata/RHSA-2023:5363",
            "https://access.redhat.com/security/cve/CVE-2022-25883",
            "https://bugzilla.redhat.com/2216475",
            "https://bugzilla.redhat.com/2230948",
            "https://bugzilla.redhat.com/2230955",
            "https://bugzilla.redhat.com/2230956",
            "https://errata.almalinux.org/9/ALSA-2023-5363.html",
            "https://github.com/advisories/GHSA-c2qf-rxjj-qqgw",
            "https://github.com/npm/node-semver",
            "https://github.com/npm/node-semver/blob/main/classes/range.js#L97-L104",
            "https://github.com/npm/node-semver/blob/main/classes/range.js%23L97-L104",
            "https://github.com/npm/node-semver/blob/main/internal/re.js#L138",
            "https://github.com/npm/node-semver/blob/main/internal/re.js#L160",
            "https://github.com/npm/node-semver/blob/main/internal/re.js%23L138",
            "https://github.com/npm/node-semver/blob/main/internal/re.js%23L160",
            "https://github.com/npm/node-semver/commit/2f8fd41487acf380194579ecb6f8b1bbfe116be0",
            "https://github.com/npm/node-semver/commit/717534ee353682f3bcf33e60a8af4292626d4441",
            "https://github.com/npm/node-semver/commit/928e56d21150da0413a3333a3148b20e741a920c",
            "https://github.com/npm/node-semver/pull/564",
            "https://github.com/npm/node-semver/pull/585",
            "https://github.com/npm/node-semver/pull/593",
            "https://linux.oracle.com/cve/CVE-2022-25883.html",
            "https://linux.oracle.com/errata/ELSA-2023-5363.html",
            "https://nvd.nist.gov/vuln/detail/CVE-2022-25883",
            "https://security.snyk.io/vuln/SNYK-JS-SEMVER-3247795",
            "https://www.cve.org/CVERecord?id=CVE-2022-25883"
          ],
          "PublishedDate": "2023-06-21T05:15:09.06Z",
          "LastModifiedDate": "2023-11-07T03:44:51.993Z"
        },
        {
          "VulnerabilityID": "CVE-2023-26136",
          "PkgID": "tough-cookie@2.5.0",
          "PkgName": "tough-cookie",
          "PkgPath": "app/node_modules/tough-cookie/package.json",
          "PkgIdentifier": {
            "PURL": "pkg:npm/tough-cookie@2.5.0"
          },
          "InstalledVersion": "2.5.0",
          "FixedVersion": "4.1.3",
          "Status": "fixed",
          "Layer": {
            "DiffID": "sha256:4b758606450b9fd6eb1af6edcdd81cc4ed2c7e8f86028354112a854893d61432"
          },
          "SeveritySource": "ghsa",
          "PrimaryURL": "https://avd.aquasec.com/nvd/cve-2023-26136",
          "DataSource": {
            "ID": "ghsa",
            "Name": "GitHub Security Advisory npm",
            "URL": "https://github.com/advisories?query=type%3Areviewed+ecosystem%3Anpm"
          },
          "Title": "tough-cookie: prototype pollution in cookie memstore",
          "Description": "Versions of the package tough-cookie before 4.1.3 are vulnerable to Prototype Pollution due to improper handling of Cookies when using CookieJar in rejectPublicSuffixes=false mode. This issue arises from the manner in which the objects are initialized.",
          "Severity": "MEDIUM",
          "CweIDs": [
            "CWE-1321"
          ],
          "VendorSeverity": {
            "ghsa": 2,
            "nvd": 4,
            "redhat": 2
          },
          "CVSS": {
            "ghsa": {
              "V3Vector": "CVSS:3.1/AV:N/AC:L/PR:N/UI:N/S:U/C:L/I:L/A:N",
              "V3Score": 6.5
            },
            "nvd": {
              "V3Vector": "CVSS:3.1/AV:N/AC:L/PR:N/UI:N/S:U/C:H/I:H/A:H",
              "V3Score": 9.8
            },
            "redhat": {
              "V3Vector": "CVSS:3.1/AV:N/AC:L/PR:N/UI:N/S:U/C:L/I:L/A:N",
              "V3Score": 6.5
            }
          },
          "References": [
            "https://access.redhat.com/security/cve/CVE-2023-26136",
            "https://github.com/salesforce/tough-cookie",
            "https://github.com/salesforce/tough-cookie/commit/12d474791bb856004e858fdb1c47b7608d09cf6e",
            "https://github.com/salesforce/tough-cookie/issues/282",
            "https://github.com/salesforce/tough-cookie/releases/tag/v4.1.3",
            "https://lists.debian.org/debian-lts-announce/2023/07/msg00010.html",
            "https://nvd.nist.gov/vuln/detail/CVE-2023-26136",
            "https://security.snyk.io/vuln/SNYK-JS-TOUGHCOOKIE-5672873",
            "https://www.cve.org/CVERecord?id=CVE-2023-26136"
          ],
          "PublishedDate": "2023-07-01T05:15:16.103Z",
          "LastModifiedDate": "2023-11-07T04:09:26.4Z"
        },
        {
          "VulnerabilityID": "CVE-2023-28154",
          "PkgID": "webpack@5.75.0",
          "PkgName": "webpack",
          "PkgPath": "app/node_modules/webpack/package.json",
          "PkgIdentifier": {
            "PURL": "pkg:npm/webpack@5.75.0"
          },
          "InstalledVersion": "5.75.0",
          "FixedVersion": "5.76.0",
          "Status": "fixed",
          "Layer": {
            "DiffID": "sha256:4b758606450b9fd6eb1af6edcdd81cc4ed2c7e8f86028354112a854893d61432"
          },
          "SeveritySource": "ghsa",
          "PrimaryURL": "https://avd.aquasec.com/nvd/cve-2023-28154",
          "DataSource": {
            "ID": "ghsa",
            "Name": "GitHub Security Advisory npm",
            "URL": "https://github.com/advisories?query=type%3Areviewed+ecosystem%3Anpm"
          },
          "Title": "webpack: avoid cross-realm objects",
          "Description": "Webpack 5 before 5.76.0 does not avoid cross-realm object access. ImportParserPlugin.js mishandles the magic comment feature. An attacker who controls a property of an untrusted object can obtain access to the real global object.",
          "Severity": "CRITICAL",
          "VendorSeverity": {
            "alma": 3,
            "ghsa": 4,
            "nvd": 4,
            "oracle-oval": 3,
            "redhat": 3
          },
          "CVSS": {
            "ghsa": {
              "V3Vector": "CVSS:3.1/AV:N/AC:L/PR:N/UI:N/S:U/C:H/I:H/A:H",
              "V3Score": 9.8
            },
            "nvd": {
              "V3Vector": "CVSS:3.1/AV:N/AC:L/PR:N/UI:N/S:U/C:H/I:H/A:H",
              "V3Score": 9.8
            },
            "redhat": {
              "V3Vector": "CVSS:3.1/AV:N/AC:L/PR:N/UI:N/S:U/C:H/I:H/A:N",
              "V3Score": 9.1
            }
          },
          "References": [
            "https://access.redhat.com/errata/RHSA-2023:1591",
            "https://access.redhat.com/security/cve/CVE-2023-28154",
            "https://bugzilla.redhat.com/2179227",
            "https://errata.almalinux.org/9/ALSA-2023-1591.html",
            "https://github.com/advisories/GHSA-hc6q-2mpp-qw7j",
            "https://github.com/webpack/webpack/compare/v5.75.0...v5.76.0",
            "https://github.com/webpack/webpack/pull/16500",
            "https://linux.oracle.com/cve/CVE-2023-28154.html",
            "https://linux.oracle.com/errata/ELSA-2023-12235.html",
            "https://lists.fedoraproject.org/archives/list/package-announce%40lists.fedoraproject.org/message/AU7BOXTBK3KDYSWH67ASZ22TUIOZ3X5G/",
            "https://lists.fedoraproject.org/archives/list/package-announce%40lists.fedoraproject.org/message/PPSAXUTXBCCTAHTCX5BUR4YVP25XALQ3/",
            "https://lists.fedoraproject.org/archives/list/package-announce%40lists.fedoraproject.org/message/U2AFCM6FFE3LRYI6KNEQWKMXMQOBZQ2D/",
            "https://lists.fedoraproject.org/archives/list/package-announce@lists.fedoraproject.org/message/AU7BOXTBK3KDYSWH67ASZ22TUIOZ3X5G",
            "https://lists.fedoraproject.org/archives/list/package-announce@lists.fedoraproject.org/message/PPSAXUTXBCCTAHTCX5BUR4YVP25XALQ3",
            "https://lists.fedoraproject.org/archives/list/package-announce@lists.fedoraproject.org/message/U2AFCM6FFE3LRYI6KNEQWKMXMQOBZQ2D",
            "https://nvd.nist.gov/vuln/detail/CVE-2023-28154",
            "https://www.cve.org/CVERecord?id=CVE-2023-28154"
          ],
          "PublishedDate": "2023-03-13T01:15:10.053Z",
          "LastModifiedDate": "2023-11-07T04:10:25.67Z"
        },
        {
          "VulnerabilityID": "CVE-2023-26115",
          "PkgID": "word-wrap@1.2.3",
          "PkgName": "word-wrap",
          "PkgPath": "app/node_modules/word-wrap/package.json",
          "PkgIdentifier": {
            "PURL": "pkg:npm/word-wrap@1.2.3"
          },
          "InstalledVersion": "1.2.3",
          "FixedVersion": "1.2.4",
          "Status": "fixed",
          "Layer": {
            "DiffID": "sha256:4b758606450b9fd6eb1af6edcdd81cc4ed2c7e8f86028354112a854893d61432"
          },
          "SeveritySource": "ghsa",
          "PrimaryURL": "https://avd.aquasec.com/nvd/cve-2023-26115",
          "DataSource": {
            "ID": "ghsa",
            "Name": "GitHub Security Advisory npm",
            "URL": "https://github.com/advisories?query=type%3Areviewed+ecosystem%3Anpm"
          },
          "Title": "word-wrap: ReDoS",
          "Description": "All versions of the package word-wrap are vulnerable to Regular Expression Denial of Service (ReDoS) due to the usage of an insecure regular expression within the result variable.\r\r",
          "Severity": "MEDIUM",
          "CweIDs": [
            "CWE-1333"
          ],
          "VendorSeverity": {
            "ghsa": 2,
            "nvd": 3,
            "redhat": 3
          },
          "CVSS": {
            "ghsa": {
              "V3Vector": "CVSS:3.1/AV:N/AC:L/PR:N/UI:N/S:U/C:N/I:N/A:L",
              "V3Score": 5.3
            },
            "nvd": {
              "V3Vector": "CVSS:3.1/AV:N/AC:L/PR:N/UI:N/S:U/C:N/I:N/A:H",
              "V3Score": 7.5
            },
            "redhat": {
              "V3Vector": "CVSS:3.1/AV:N/AC:L/PR:N/UI:N/S:U/C:N/I:N/A:H",
              "V3Score": 7.5
            }
          },
          "References": [
            "https://access.redhat.com/security/cve/CVE-2023-26115",
            "https://github.com/jonschlinkert/word-wrap",
            "https://github.com/jonschlinkert/word-wrap/blob/master/index.js#L39",
            "https://github.com/jonschlinkert/word-wrap/blob/master/index.js%23L39",
            "https://github.com/jonschlinkert/word-wrap/commit/420dce9a2412b21881202b73a3c34f0edc53cb2e",
            "https://github.com/jonschlinkert/word-wrap/releases/tag/1.2.4",
            "https://nvd.nist.gov/vuln/detail/CVE-2023-26115",
            "https://security.snyk.io/vuln/SNYK-JAVA-ORGWEBJARSNPM-4058657",
            "https://security.snyk.io/vuln/SNYK-JS-WORDWRAP-3149973",
            "https://www.cve.org/CVERecord?id=CVE-2023-26115"
          ],
          "PublishedDate": "2023-06-22T05:15:09.157Z",
          "LastModifiedDate": "2023-11-07T04:09:22.497Z"
        }
      ]
    }
  ]
}
