{
  "SchemaVersion": 2,
  "CreatedAt": "2024-02-25T00:03:47.798755067Z",
  "ArtifactName": "library/caddy:latest",
  "ArtifactType": "container_image",
  "Metadata": {
    "OS": {
      "Family": "alpine",
      "Name": "3.18.6"
    },
    "ImageID": "sha256:66978cebfbcc9c0a17709b108582a40a369c525c764e9a8882f6cae260b32f4d",
    "DiffIDs": [
      "sha256:aedc3bda2944bb9bcb6c3d475bee8b460db9a9b0f3e0b33a6ed2fd1ae0f1d445",
      "sha256:7320169cc47d900ef6963ba1994e83e6fe8f5e3686b7af2a29be311259d1e65d",
      "sha256:0292a74ca3572a5341b26942f65ed6d7d55e13be63fb218d28a61bcb55004b0d",
      "sha256:4b5fab93cf59c980119fc26ad6587cc4c482424de09cddacd6a185768678614a"
    ],
    "RepoTags": [
      "caddy:latest"
    ],
    "RepoDigests": [
      "caddy@sha256:2a0d069ea95d91641d201943a5a049e83cbfade8039670aebfb441b132189de6"
    ],
    "ImageConfig": {
      "architecture": "amd64",
      "container": "4fb43f1c3bd17441401d514b9bf249b3dfd5068fea071e3fcbf46b011f6e9b63",
      "created": "2024-01-27T03:39:19.51336312Z",
      "docker_version": "20.10.23",
      "history": [
        {
          "created": "2024-01-27T00:30:56Z",
          "created_by": "/bin/sh -c #(nop) ADD file:8729f9c0258836b640e9e789c7ab029cf4547e0596557d54dd4a4d7d8e4a785f in / "
        },
        {
          "created": "2024-01-27T00:30:56Z",
          "created_by": "/bin/sh -c #(nop)  CMD [\"/bin/sh\"]",
          "empty_layer": true
        },
        {
          "created": "2024-01-27T03:39:14Z",
          "created_by": "/bin/sh -c apk add --no-cache \tca-certificates \tlibcap \tmailcap"
        },
        {
          "created": "2024-01-27T03:39:16Z",
          "created_by": "/bin/sh -c set -eux; \tmkdir -p \t\t/config/caddy \t\t/data/caddy \t\t/etc/caddy \t\t/usr/share/caddy \t; \twget -O /etc/caddy/Caddyfile \"https://github.com/caddyserver/dist/raw/cd39178d252a610fee6aa8465c787d9c780007a2/config/Caddyfile\"; \twget -O /usr/share/caddy/index.html \"https://github.com/caddyserver/dist/raw/cd39178d252a610fee6aa8465c787d9c780007a2/welcome/index.html\""
        },
        {
          "created": "2024-01-27T03:39:16Z",
          "created_by": "/bin/sh -c #(nop)  ENV CADDY_VERSION=v2.7.6",
          "empty_layer": true
        },
        {
          "created": "2024-01-27T03:39:18Z",
          "created_by": "/bin/sh -c set -eux; \tapkArch=\"$(apk --print-arch)\"; \tcase \"$apkArch\" in \t\tx86_64)  binArch='amd64'; checksum='b74311ec8263f30f6d36e5c8be151e8bc092b377789a55300d5671238b9043de5bd6db2bcefae32aa1e6fe94c47bbf02982c44a7871e5777b2596fdb20907cbf' ;; \t\tarmhf)   binArch='armv6'; checksum='88756642ca412db3a8da7a40b518861a6f524a8ac704021e8451d3cb38746f24243b1e561f4eec07e1575200d06bfd098783d2b7ee7ee07a971aed1c677da6e6' ;; \t\tarmv7)   binArch='armv7'; checksum='118776e879c280556abb7c03ff7c0081eda23c2aee0472aef176f733785e9501defaeaf334cd2443e31294809beafaea831d2e695aa68045160082aa3a966e2f' ;; \t\taarch64) binArch='arm64'; checksum='62252ade5e8dcec13a66154ee1978d959370be049cce52e7c4edefff14ef70bbb21630e3735092719bc3c31214e89dff99e55970ff0adec8ac0a94c6415b059a' ;; \t\tppc64el|ppc64le) binArch='ppc64le'; checksum='65d27fe53f5e4fa79f3476f8902071c907aab74db1a2616342be3714d4252219fbb53b174ef588e20c51e7cfac84376c7a0a608091c2fe83b31dbf59dabeb237' ;; \t\ts390x)   binArch='s390x'; checksum='c562190962a2db0248a4190616dd2ebaa02df2cf62f1a2c71f9d9de18af2a297df8000a06a11e8d3929dfd64f0c081d1e61961687ca220007459f2dbd0be2c81' ;; \t\t*) echo \u003e\u00262 \"error: unsupported architecture ($apkArch)\"; exit 1 ;;\tesac; \twget -O /tmp/caddy.tar.gz \"https://github.com/caddyserver/caddy/releases/download/v2.7.6/caddy_2.7.6_linux_${binArch}.tar.gz\"; \techo \"$checksum  /tmp/caddy.tar.gz\" | sha512sum -c; \ttar x -z -f /tmp/caddy.tar.gz -C /usr/bin caddy; \trm -f /tmp/caddy.tar.gz; \tsetcap cap_net_bind_service=+ep /usr/bin/caddy; \tchmod +x /usr/bin/caddy; \tcaddy version"
        },
        {
          "created": "2024-01-27T03:39:18Z",
          "created_by": "/bin/sh -c #(nop)  ENV XDG_CONFIG_HOME=/config",
          "empty_layer": true
        },
        {
          "created": "2024-01-27T03:39:18Z",
          "created_by": "/bin/sh -c #(nop)  ENV XDG_DATA_HOME=/data",
          "empty_layer": true
        },
        {
          "created": "2024-01-27T03:39:18Z",
          "created_by": "/bin/sh -c #(nop)  LABEL org.opencontainers.image.version=v2.7.6",
          "empty_layer": true
        },
        {
          "created": "2024-01-27T03:39:18Z",
          "created_by": "/bin/sh -c #(nop)  LABEL org.opencontainers.image.title=Caddy",
          "empty_layer": true
        },
        {
          "created": "2024-01-27T03:39:18Z",
          "created_by": "/bin/sh -c #(nop)  LABEL org.opencontainers.image.description=a powerful, enterprise-ready, open source web server with automatic HTTPS written in Go",
          "empty_layer": true
        },
        {
          "created": "2024-01-27T03:39:18Z",
          "created_by": "/bin/sh -c #(nop)  LABEL org.opencontainers.image.url=https://caddyserver.com",
          "empty_layer": true
        },
        {
          "created": "2024-01-27T03:39:18Z",
          "created_by": "/bin/sh -c #(nop)  LABEL org.opencontainers.image.documentation=https://caddyserver.com/docs",
          "empty_layer": true
        },
        {
          "created": "2024-01-27T03:39:18Z",
          "created_by": "/bin/sh -c #(nop)  LABEL org.opencontainers.image.vendor=Light Code Labs",
          "empty_layer": true
        },
        {
          "created": "2024-01-27T03:39:18Z",
          "created_by": "/bin/sh -c #(nop)  LABEL org.opencontainers.image.licenses=Apache-2.0",
          "empty_layer": true
        },
        {
          "created": "2024-01-27T03:39:19Z",
          "created_by": "/bin/sh -c #(nop)  LABEL org.opencontainers.image.source=https://github.com/caddyserver/caddy-docker",
          "empty_layer": true
        },
        {
          "created": "2024-01-27T03:39:19Z",
          "created_by": "/bin/sh -c #(nop)  EXPOSE 80",
          "empty_layer": true
        },
        {
          "created": "2024-01-27T03:39:19Z",
          "created_by": "/bin/sh -c #(nop)  EXPOSE 443",
          "empty_layer": true
        },
        {
          "created": "2024-01-27T03:39:19Z",
          "created_by": "/bin/sh -c #(nop)  EXPOSE 443/udp",
          "empty_layer": true
        },
        {
          "created": "2024-01-27T03:39:19Z",
          "created_by": "/bin/sh -c #(nop)  EXPOSE 2019",
          "empty_layer": true
        },
        {
          "created": "2024-01-27T03:39:19Z",
          "created_by": "/bin/sh -c #(nop) WORKDIR /srv",
          "empty_layer": true
        },
        {
          "created": "2024-01-27T03:39:19Z",
          "created_by": "/bin/sh -c #(nop)  CMD [\"caddy\" \"run\" \"--config\" \"/etc/caddy/Caddyfile\" \"--adapter\" \"caddyfile\"]",
          "empty_layer": true
        }
      ],
      "os": "linux",
      "rootfs": {
        "type": "layers",
        "diff_ids": [
          "sha256:aedc3bda2944bb9bcb6c3d475bee8b460db9a9b0f3e0b33a6ed2fd1ae0f1d445",
          "sha256:7320169cc47d900ef6963ba1994e83e6fe8f5e3686b7af2a29be311259d1e65d",
          "sha256:0292a74ca3572a5341b26942f65ed6d7d55e13be63fb218d28a61bcb55004b0d",
          "sha256:4b5fab93cf59c980119fc26ad6587cc4c482424de09cddacd6a185768678614a"
        ]
      },
      "config": {
        "Cmd": [
          "caddy",
          "run",
          "--config",
          "/etc/caddy/Caddyfile",
          "--adapter",
          "caddyfile"
        ],
        "Env": [
          "PATH=/usr/local/sbin:/usr/local/bin:/usr/sbin:/usr/bin:/sbin:/bin",
          "CADDY_VERSION=v2.7.6",
          "XDG_CONFIG_HOME=/config",
          "XDG_DATA_HOME=/data"
        ],
        "Image": "sha256:285345b6230fd46121071952148a828cf461ae9636a021b3ec7d232eaebe5589",
        "Labels": {
          "org.opencontainers.image.description": "a powerful, enterprise-ready, open source web server with automatic HTTPS written in Go",
          "org.opencontainers.image.documentation": "https://caddyserver.com/docs",
          "org.opencontainers.image.licenses": "Apache-2.0",
          "org.opencontainers.image.source": "https://github.com/caddyserver/caddy-docker",
          "org.opencontainers.image.title": "Caddy",
          "org.opencontainers.image.url": "https://caddyserver.com",
          "org.opencontainers.image.vendor": "Light Code Labs",
          "org.opencontainers.image.version": "v2.7.6"
        },
        "WorkingDir": "/srv"
      }
    }
  },
  "Results": [
    {
      "Target": "library/caddy:latest (alpine 3.18.6)",
      "Class": "os-pkgs",
      "Type": "alpine"
    },
    {
      "Target": "usr/bin/caddy",
      "Class": "lang-pkgs",
      "Type": "gobinary",
      "Vulnerabilities": [
        {
          "VulnerabilityID": "CVE-2023-49295",
          "PkgName": "github.com/quic-go/quic-go",
          "PkgIdentifier": {
            "PURL": "pkg:golang/github.com/quic-go/quic-go@v0.40.0"
          },
          "InstalledVersion": "v0.40.0",
          "FixedVersion": "0.40.1, 0.39.4, 0.38.2, 0.37.7",
          "Status": "fixed",
          "Layer": {
            "DiffID": "sha256:4b5fab93cf59c980119fc26ad6587cc4c482424de09cddacd6a185768678614a"
          },
          "SeveritySource": "ghsa",
          "PrimaryURL": "https://avd.aquasec.com/nvd/cve-2023-49295",
          "DataSource": {
            "ID": "ghsa",
            "Name": "GitHub Security Advisory Go",
            "URL": "https://github.com/advisories?query=type%3Areviewed+ecosystem%3Ago"
          },
          "Title": "quic-go: memory exhaustion attack against QUIC's path validation mechanism",
          "Description": "quic-go is an implementation of the QUIC protocol (RFC 9000, RFC 9001, RFC 9002) in Go. An attacker can cause its peer to run out of memory sending a large number of PATH_CHALLENGE frames. The receiver is supposed to respond to each PATH_CHALLENGE frame with a PATH_RESPONSE frame. The attacker can prevent the receiver from sending out (the vast majority of) these PATH_RESPONSE frames by collapsing the peers congestion window (by selectively acknowledging received packets) and by manipulating the peer's RTT estimate. This vulnerability has been patched in versions 0.37.7, 0.38.2 and 0.39.4.",
          "Severity": "MEDIUM",
          "CweIDs": [
            "CWE-400"
          ],
          "VendorSeverity": {
            "cbl-mariner": 2,
            "ghsa": 2,
            "nvd": 2,
            "redhat": 2
          },
          "CVSS": {
            "ghsa": {
              "V3Vector": "CVSS:3.1/AV:N/AC:H/PR:L/UI:N/S:U/C:L/I:L/A:H",
              "V3Score": 6.4
            },
            "nvd": {
              "V3Vector": "CVSS:3.1/AV:N/AC:L/PR:L/UI:N/S:U/C:N/I:N/A:H",
              "V3Score": 6.5
            },
            "redhat": {
              "V3Vector": "CVSS:3.1/AV:N/AC:L/PR:L/UI:N/S:U/C:N/I:N/A:H",
              "V3Score": 6.5
            }
          },
          "References": [
            "https://access.redhat.com/security/cve/CVE-2023-49295",
            "https://github.com/quic-go/quic-go",
            "https://github.com/quic-go/quic-go/commit/17fc98c2d81dbe685c19702dc694a9d606ac56dc",
            "https://github.com/quic-go/quic-go/commit/21609ddfeff93668c7625a85eb09f1541fdad965",
            "https://github.com/quic-go/quic-go/commit/3a9c18bcd27a01c551ac9bf8bd2b4bded77c189a",
            "https://github.com/quic-go/quic-go/commit/554d543b50b917369fb1394cc5396d928166cf49",
            "https://github.com/quic-go/quic-go/commit/6cc3d58935426191296171a6c0d1ee965e10534e",
            "https://github.com/quic-go/quic-go/commit/9aaefe19fc3dc8c8917cc87e6128bb56d9e9e6cc",
            "https://github.com/quic-go/quic-go/commit/a0ffa757499913f7be69aa78f573a6aee3430ae4",
            "https://github.com/quic-go/quic-go/commit/d7aa627ebde91cf799ada2a07443faa9b1e5abb8",
            "https://github.com/quic-go/quic-go/security/advisories/GHSA-ppxx-5m9h-6vxf",
            "https://lists.fedoraproject.org/archives/list/package-announce@lists.fedoraproject.org/message/G5RSHDTVMYAIGYVVFGKTMFHAZJMA3EVV",
            "https://lists.fedoraproject.org/archives/list/package-announce@lists.fedoraproject.org/message/G5RSHDTVMYAIGYVVFGKTMFHAZJMA3EVV/",
            "https://lists.fedoraproject.org/archives/list/package-announce@lists.fedoraproject.org/message/ZE7IOKXX5AATU2WR3V76X5Y3A44QAATG",
            "https://lists.fedoraproject.org/archives/list/package-announce@lists.fedoraproject.org/message/ZE7IOKXX5AATU2WR3V76X5Y3A44QAATG/",
            "https://nvd.nist.gov/vuln/detail/CVE-2023-49295",
            "https://seemann.io/posts/2023-12-18-exploiting-quics-path-validation",
            "https://seemann.io/posts/2023-12-18-exploiting-quics-path-validation/",
            "https://www.cve.org/CVERecord?id=CVE-2023-49295"
          ],
          "PublishedDate": "2024-01-10T22:15:50.61Z",
          "LastModifiedDate": "2024-02-21T03:15:08.41Z"
        },
        {
          "VulnerabilityID": "CVE-2023-48795",
          "PkgName": "golang.org/x/crypto",
          "PkgIdentifier": {
            "PURL": "pkg:golang/golang.org/x/crypto@v0.14.0"
          },
          "InstalledVersion": "v0.14.0",
          "FixedVersion": "0.17.0",
          "Status": "fixed",
          "Layer": {
            "DiffID": "sha256:4b5fab93cf59c980119fc26ad6587cc4c482424de09cddacd6a185768678614a"
          },
          "SeveritySource": "ghsa",
          "PrimaryURL": "https://avd.aquasec.com/nvd/cve-2023-48795",
          "DataSource": {
            "ID": "ghsa",
            "Name": "GitHub Security Advisory Go",
            "URL": "https://github.com/advisories?query=type%3Areviewed+ecosystem%3Ago"
          },
          "Title": "ssh: Prefix truncation attack on Binary Packet Protocol (BPP)",
          "Description": "The SSH transport protocol with certain OpenSSH extensions, found in OpenSSH before 9.6 and other products, allows remote attackers to bypass integrity checks such that some packets are omitted (from the extension negotiation message), and a client and server may consequently end up with a connection for which some security features have been downgraded or disabled, aka a Terrapin attack. This occurs because the SSH Binary Packet Protocol (BPP), implemented by these extensions, mishandles the handshake phase and mishandles use of sequence numbers. For example, there is an effective attack against SSH's use of ChaCha20-Poly1305 (and CBC with Encrypt-then-MAC). The bypass occurs in chacha20-poly1305@openssh.com and (if CBC is used) the -etm@openssh.com MAC algorithms. This also affects Maverick Synergy Java SSH API before 3.1.0-SNAPSHOT, Dropbear through 2022.83, Ssh before 5.1.1 in Erlang/OTP, PuTTY before 0.80, AsyncSSH before 2.14.2, golang.org/x/crypto before 0.17.0, libssh before 0.10.6, libssh2 through 1.11.0, Thorn Tech SFTP Gateway before 3.4.6, Tera Term before 5.1, Paramiko before 3.4.0, jsch before 0.2.15, SFTPGo before 2.5.6, Netgate pfSense Plus through 23.09.1, Netgate pfSense CE through 2.7.2, HPN-SSH through 18.2.0, ProFTPD before 1.3.8b (and before 1.3.9rc2), ORYX CycloneSSH before 2.3.4, NetSarang XShell 7 before Build 0144, CrushFTP before 10.6.0, ConnectBot SSH library before 2.2.22, Apache MINA sshd through 2.11.0, sshj through 0.37.0, TinySSH through 20230101, trilead-ssh2 6401, LANCOM LCOS and LANconfig, FileZilla before 3.66.4, Nova before 11.8, PKIX-SSH before 14.4, SecureCRT before 9.4.3, Transmit5 before 5.10.4, Win32-OpenSSH before 9.5.0.0p1-Beta, WinSCP before 6.2.2, Bitvise SSH Server before 9.32, Bitvise SSH Client before 9.33, KiTTY through 0.76.1.13, the net-ssh gem 7.2.0 for Ruby, the mscdex ssh2 module before 1.15.0 for Node.js, the thrussh library before 0.35.1 for Rust, and the Russh crate before 0.40.2 for Rust.",
          "Severity": "MEDIUM",
          "CweIDs": [
            "CWE-354"
          ],
          "VendorSeverity": {
            "alma": 2,
            "amazon": 2,
            "cbl-mariner": 2,
            "ghsa": 2,
            "nvd": 2,
            "oracle-oval": 2,
            "photon": 2,
            "redhat": 2,
            "rocky": 2,
            "ubuntu": 2
          },
          "CVSS": {
            "ghsa": {
              "V3Vector": "CVSS:3.1/AV:N/AC:H/PR:N/UI:N/S:U/C:N/I:H/A:N",
              "V3Score": 5.9
            },
            "nvd": {
              "V3Vector": "CVSS:3.1/AV:N/AC:H/PR:N/UI:N/S:U/C:N/I:H/A:N",
              "V3Score": 5.9
            },
            "redhat": {
              "V3Vector": "CVSS:3.1/AV:N/AC:H/PR:N/UI:N/S:U/C:N/I:H/A:N",
              "V3Score": 5.9
            }
          },
          "References": [
            "http://packetstormsecurity.com/files/176280/Terrapin-SSH-Connection-Weakening.html",
            "http://www.openwall.com/lists/oss-security/2023/12/18/3",
            "http://www.openwall.com/lists/oss-security/2023/12/19/5",
            "http://www.openwall.com/lists/oss-security/2023/12/20/3",
            "https://access.redhat.com/errata/RHSA-2024:0628",
            "https://access.redhat.com/security/cve/CVE-2023-48795",
            "https://access.redhat.com/security/cve/cve-2023-48795",
            "https://arstechnica.com/security/2023/12/hackers-can-break-ssh-channel-integrity-using-novel-data-corruption-attack",
            "https://arstechnica.com/security/2023/12/hackers-can-break-ssh-channel-integrity-using-novel-data-corruption-attack/",
            "https://bugs.gentoo.org/920280",
            "https://bugzilla.redhat.com/2254210",
            "https://bugzilla.redhat.com/show_bug.cgi?id=2254210",
            "https://bugzilla.suse.com/show_bug.cgi?id=1217950",
            "https://crates.io/crates/thrussh/versions",
            "https://cve.mitre.org/cgi-bin/cvename.cgi?name=CVE-2023-48795",
            "https://errata.almalinux.org/8/ALSA-2024-0628.html",
            "https://errata.rockylinux.org/RLSA-2024:0628",
            "https://filezilla-project.org/versions.php",
            "https://forum.netgate.com/topic/184941/terrapin-ssh-attack",
            "https://git.libssh.org/projects/libssh.git/commit/?h=stable-0.10\u0026id=10e09e273f69e149389b3e0e5d44b8c221c2e7f6",
            "https://github.com/NixOS/nixpkgs/pull/275249",
            "https://github.com/PowerShell/Win32-OpenSSH/issues/2189",
            "https://github.com/PowerShell/Win32-OpenSSH/releases/tag/v9.5.0.0p1-Beta",
            "https://github.com/TeraTermProject/teraterm/commit/7279fbd6ef4d0c8bdd6a90af4ada2899d786eec0",
            "https://github.com/TeraTermProject/teraterm/releases/tag/v5.1",
            "https://github.com/advisories/GHSA-45x7-px36-x8w8",
            "https://github.com/apache/mina-sshd/issues/445",
            "https://github.com/connectbot/sshlib/commit/5c8b534f6e97db7ac0e0e579331213aa25c173ab",
            "https://github.com/connectbot/sshlib/compare/2.2.21...2.2.22",
            "https://github.com/cyd01/KiTTY/issues/520",
            "https://github.com/drakkan/sftpgo/releases/tag/v2.5.6",
            "https://github.com/erlang/otp/blob/d1b43dc0f1361d2ad67601169e90a7fc50bb0369/lib/ssh/doc/src/notes.xml#L39-L42",
            "https://github.com/erlang/otp/releases/tag/OTP-26.2.1",
            "https://github.com/golang/crypto/commit/9d2ee975ef9fe627bf0a6f01c1f69e8ef1d4f05d",
            "https://github.com/hierynomus/sshj/issues/916",
            "https://github.com/janmojzis/tinyssh/issues/81",
            "https://github.com/jtesta/ssh-audit/commit/8e972c5e94b460379fe0c7d20209c16df81538a5",
            "https://github.com/libssh2/libssh2/pull/1291",
            "https://github.com/mkj/dropbear/blob/17657c36cce6df7716d5ff151ec09a665382d5dd/CHANGES#L25",
            "https://github.com/mscdex/ssh2/commit/97b223f8891b96d6fc054df5ab1d5a1a545da2a3",
            "https://github.com/mwiede/jsch/compare/jsch-0.2.14...jsch-0.2.15",
            "https://github.com/mwiede/jsch/issues/457",
            "https://github.com/mwiede/jsch/pull/461",
            "https://github.com/net-ssh/net-ssh/blob/2e65064a52d73396bfc3806c9196fc8108f33cd8/CHANGES.txt#L14-L16",
            "https://github.com/openssh/openssh-portable/commits/master",
            "https://github.com/paramiko/paramiko/issues/2337",
            "https://github.com/paramiko/paramiko/issues/2337#issuecomment-1887642773",
            "https://github.com/proftpd/proftpd/blob/0a7ea9b0ba9fcdf368374a226370d08f10397d99/RELEASE_NOTES",
            "https://github.com/proftpd/proftpd/blob/d21e7a2e47e9b38f709bec58e3fa711f759ad0e1/RELEASE_NOTES",
            "https://github.com/proftpd/proftpd/blob/master/RELEASE_NOTES",
            "https://github.com/proftpd/proftpd/issues/456",
            "https://github.com/rapier1/hpn-ssh/releases",
            "https://github.com/ronf/asyncssh/blob/develop/docs/changes.rst",
            "https://github.com/ronf/asyncssh/security/advisories/GHSA-hfmc-7525-mj55",
            "https://github.com/ronf/asyncssh/tags",
            "https://github.com/ssh-mitm/ssh-mitm/issues/165",
            "https://github.com/warp-tech/russh",
            "https://github.com/warp-tech/russh/commit/1aa340a7df1d5be1c0f4a9e247aade76dfdd2951",
            "https://github.com/warp-tech/russh/releases/tag/v0.40.2",
            "https://github.com/warp-tech/russh/security/advisories/GHSA-45x7-px36-x8w8",
            "https://gitlab.com/libssh/libssh-mirror/-/tags",
            "https://go.dev/cl/550715",
            "https://go.dev/issue/64784",
            "https://groups.google.com/g/golang-announce/c/-n5WqVC18LQ",
            "https://groups.google.com/g/golang-announce/c/qA3XtxvMUyg",
            "https://help.panic.com/releasenotes/transmit5",
            "https://help.panic.com/releasenotes/transmit5/",
            "https://jadaptive.com/important-java-ssh-security-update-new-ssh-vulnerability-discovered-cve-2023-48795",
            "https://jadaptive.com/important-java-ssh-security-update-new-ssh-vulnerability-discovered-cve-2023-48795/",
            "https://linux.oracle.com/cve/CVE-2023-48795.html",
            "https://linux.oracle.com/errata/ELSA-2024-12164.html",
            "https://lists.debian.org/debian-lts-announce/2023/12/msg00017.html",
            "https://lists.debian.org/debian-lts-announce/2024/01/msg00013.html",
            "https://lists.debian.org/debian-lts-announce/2024/01/msg00014.html",
            "https://lists.fedoraproject.org/archives/list/package-announce%40lists.fedoraproject.org/message/33XHJUB6ROFUOH2OQNENFROTVH6MHSHA",
            "https://lists.fedoraproject.org/archives/list/package-announce%40lists.fedoraproject.org/message/33XHJUB6ROFUOH2OQNENFROTVH6MHSHA/",
            "https://lists.fedoraproject.org/archives/list/package-announce%40lists.fedoraproject.org/message/3CAYYW35MUTNO65RVAELICTNZZFMT2XS",
            "https://lists.fedoraproject.org/archives/list/package-announce%40lists.fedoraproject.org/message/3CAYYW35MUTNO65RVAELICTNZZFMT2XS/",
            "https://lists.fedoraproject.org/archives/list/package-announce%40lists.fedoraproject.org/message/3JIMLVBDWOP4FUPXPTB4PGHHIOMGFLQE",
            "https://lists.fedoraproject.org/archives/list/package-announce%40lists.fedoraproject.org/message/3JIMLVBDWOP4FUPXPTB4PGHHIOMGFLQE/",
            "https://lists.fedoraproject.org/archives/list/package-announce%40lists.fedoraproject.org/message/3YQLUQWLIHDB5QCXQEX7HXHAWMOKPP5O",
            "https://lists.fedoraproject.org/archives/list/package-announce%40lists.fedoraproject.org/message/3YQLUQWLIHDB5QCXQEX7HXHAWMOKPP5O/",
            "https://lists.fedoraproject.org/archives/list/package-announce%40lists.fedoraproject.org/message/6Y74KVCPEPT4MVU3LHDWCNNOXOE5ZLUR",
            "https://lists.fedoraproject.org/archives/list/package-announce%40lists.fedoraproject.org/message/6Y74KVCPEPT4MVU3LHDWCNNOXOE5ZLUR/",
            "https://lists.fedoraproject.org/archives/list/package-announce%40lists.fedoraproject.org/message/APYIXIQOVDCRWLHTGB4VYMAUIAQLKYJ3",
            "https://lists.fedoraproject.org/archives/list/package-announce%40lists.fedoraproject.org/message/APYIXIQOVDCRWLHTGB4VYMAUIAQLKYJ3/",
            "https://lists.fedoraproject.org/archives/list/package-announce%40lists.fedoraproject.org/message/BL5KTLOSLH2KHRN4HCXJPK3JUVLDGEL6",
            "https://lists.fedoraproject.org/archives/list/package-announce%40lists.fedoraproject.org/message/BL5KTLOSLH2KHRN4HCXJPK3JUVLDGEL6/",
            "https://lists.fedoraproject.org/archives/list/package-announce%40lists.fedoraproject.org/message/C3AFMZ6MH2UHHOPIWT5YLSFV3D2VB3AC",
            "https://lists.fedoraproject.org/archives/list/package-announce%40lists.fedoraproject.org/message/C3AFMZ6MH2UHHOPIWT5YLSFV3D2VB3AC/",
            "https://lists.fedoraproject.org/archives/list/package-announce%40lists.fedoraproject.org/message/CHHITS4PUOZAKFIUBQAQZC7JWXMOYE4B",
            "https://lists.fedoraproject.org/archives/list/package-announce%40lists.fedoraproject.org/message/CHHITS4PUOZAKFIUBQAQZC7JWXMOYE4B/",
            "https://lists.fedoraproject.org/archives/list/package-announce%40lists.fedoraproject.org/message/F7EYCFQCTSGJXWO3ZZ44MGKFC5HA7G3Y",
            "https://lists.fedoraproject.org/archives/list/package-announce%40lists.fedoraproject.org/message/F7EYCFQCTSGJXWO3ZZ44MGKFC5HA7G3Y/",
            "https://lists.fedoraproject.org/archives/list/package-announce%40lists.fedoraproject.org/message/HYEDEXIKFKTUJIN43RG4B7T5ZS6MHUSP",
            "https://lists.fedoraproject.org/archives/list/package-announce%40lists.fedoraproject.org/message/HYEDEXIKFKTUJIN43RG4B7T5ZS6MHUSP/",
            "https://lists.fedoraproject.org/archives/list/package-announce%40lists.fedoraproject.org/message/I724O3LSRCPO4WNVIXTZCT4VVRMXMMSG",
            "https://lists.fedoraproject.org/archives/list/package-announce%40lists.fedoraproject.org/message/I724O3LSRCPO4WNVIXTZCT4VVRMXMMSG/",
            "https://lists.fedoraproject.org/archives/list/package-announce%40lists.fedoraproject.org/message/KEOTKBUPZXHE3F352JBYNTSNRXYLWD6P",
            "https://lists.fedoraproject.org/archives/list/package-announce%40lists.fedoraproject.org/message/KEOTKBUPZXHE3F352JBYNTSNRXYLWD6P/",
            "https://lists.fedoraproject.org/archives/list/package-announce%40lists.fedoraproject.org/message/KMZCVGUGJZZVDPCVDA7TEB22VUCNEXDD",
            "https://lists.fedoraproject.org/archives/list/package-announce%40lists.fedoraproject.org/message/KMZCVGUGJZZVDPCVDA7TEB22VUCNEXDD/",
            "https://lists.fedoraproject.org/archives/list/package-announce%40lists.fedoraproject.org/message/L5Y6MNNVAPIJSXJERQ6PKZVCIUXSNJK7",
            "https://lists.fedoraproject.org/archives/list/package-announce%40lists.fedoraproject.org/message/L5Y6MNNVAPIJSXJERQ6PKZVCIUXSNJK7/",
            "https://lists.fedoraproject.org/archives/list/package-announce%40lists.fedoraproject.org/message/LZQVUHWVWRH73YBXUQJOD6CKHDQBU3DM",
            "https://lists.fedoraproject.org/archives/list/package-announce%40lists.fedoraproject.org/message/LZQVUHWVWRH73YBXUQJOD6CKHDQBU3DM/",
            "https://lists.fedoraproject.org/archives/list/package-announce%40lists.fedoraproject.org/message/MKQRBF3DWMWPH36LBCOBUTSIZRTPEZXB",
            "https://lists.fedoraproject.org/archives/list/package-announce%40lists.fedoraproject.org/message/MKQRBF3DWMWPH36LBCOBUTSIZRTPEZXB/",
            "https://lists.fedoraproject.org/archives/list/package-announce%40lists.fedoraproject.org/message/QI3EHAHABFQK7OABNCSF5GMYP6TONTI7",
            "https://lists.fedoraproject.org/archives/list/package-announce%40lists.fedoraproject.org/message/QI3EHAHABFQK7OABNCSF5GMYP6TONTI7/",
            "https://matt.ucc.asn.au/dropbear/CHANGES",
            "https://nest.pijul.com/pijul/thrussh/changes/D6H7OWTTMHHX6BTB3B6MNBOBX2L66CBL4LGSEUSAI2MCRCJDQFRQC",
            "https://news.ycombinator.com/item?id=38684904",
            "https://news.ycombinator.com/item?id=38685286",
            "https://news.ycombinator.com/item?id=38732005",
            "https://nova.app/releases/#v11.8",
            "https://nvd.nist.gov/vuln/detail/CVE-2023-48795",
            "https://oryx-embedded.com/download/#changelog",
            "https://psirt.global.sonicwall.com/vuln-detail/SNWLID-2024-0002",
            "https://roumenpetrov.info/secsh/#news20231220",
            "https://security-tracker.debian.org/tracker/CVE-2023-48795",
            "https://security-tracker.debian.org/tracker/source-package/libssh2",
            "https://security-tracker.debian.org/tracker/source-package/proftpd-dfsg",
            "https://security-tracker.debian.org/tracker/source-package/trilead-ssh2",
            "https://security.gentoo.org/glsa/202312-16",
            "https://security.gentoo.org/glsa/202312-17",
            "https://security.netapp.com/advisory/ntap-20240105-0004",
            "https://security.netapp.com/advisory/ntap-20240105-0004/",
            "https://terrapin-attack.com/",
            "https://thorntech.com/cve-2023-48795-and-sftp-gateway",
            "https://thorntech.com/cve-2023-48795-and-sftp-gateway/",
            "https://twitter.com/TrueSkrillor/status/1736774389725565005",
            "https://ubuntu.com/security/CVE-2023-48795",
            "https://ubuntu.com/security/notices/USN-6560-1",
            "https://ubuntu.com/security/notices/USN-6560-2",
            "https://ubuntu.com/security/notices/USN-6561-1",
            "https://ubuntu.com/security/notices/USN-6585-1",
            "https://ubuntu.com/security/notices/USN-6589-1",
            "https://ubuntu.com/security/notices/USN-6598-1",
            "https://winscp.net/eng/docs/history#6.2.2",
            "https://www.bitvise.com/ssh-client-version-history#933",
            "https://www.bitvise.com/ssh-server-version-history",
            "https://www.chiark.greenend.org.uk/~sgtatham/putty/changes.html",
            "https://www.crushftp.com/crush10wiki/Wiki.jsp?page=Update",
            "https://www.cve.org/CVERecord?id=CVE-2023-48795",
            "https://www.debian.org/security/2023/dsa-5586",
            "https://www.debian.org/security/2023/dsa-5588",
            "https://www.freebsd.org/security/advisories/FreeBSD-SA-23:19.openssh.asc",
            "https://www.lancom-systems.de/service-support/allgemeine-sicherheitshinweise#c243508",
            "https://www.netsarang.com/en/xshell-update-history",
            "https://www.netsarang.com/en/xshell-update-history/",
            "https://www.openssh.com/openbsd.html",
            "https://www.openssh.com/txt/release-9.6",
            "https://www.openwall.com/lists/oss-security/2023/12/18/2",
            "https://www.openwall.com/lists/oss-security/2023/12/18/3",
            "https://www.openwall.com/lists/oss-security/2023/12/20/3",
            "https://www.paramiko.org/changelog.html",
            "https://www.reddit.com/r/sysadmin/comments/18idv52/cve202348795_why_is_this_cve_still_undisclosed",
            "https://www.reddit.com/r/sysadmin/comments/18idv52/cve202348795_why_is_this_cve_still_undisclosed/",
            "https://www.suse.com/c/suse-addresses-the-ssh-v2-protocol-terrapin-attack-aka-cve-2023-48795",
            "https://www.suse.com/c/suse-addresses-the-ssh-v2-protocol-terrapin-attack-aka-cve-2023-48795/",
            "https://www.terrapin-attack.com",
            "https://www.theregister.com/2023/12/20/terrapin_attack_ssh",
            "https://www.vandyke.com/products/securecrt/history.txt"
          ],
          "PublishedDate": "2023-12-18T16:15:10.897Z",
          "LastModifiedDate": "2024-01-29T09:15:42.687Z"
        }
      ]
    }
  ]
}
