{
  "SchemaVersion": 2,
  "CreatedAt": "2024-02-25T03:00:14.802420366Z",
  "ArtifactName": "library/arangodb:latest",
  "ArtifactType": "container_image",
  "Metadata": {
    "OS": {
      "Family": "alpine",
      "Name": "3.16.9"
    },
    "ImageID": "sha256:e49a71d685d3be48256a5f3bd5f7ade67251d6ae4a2974a3066f52929365a227",
    "DiffIDs": [
      "sha256:5535fda0356bb3eff348b2f618314a47946d7ccfbeb880b3fc910dd7375ae140",
      "sha256:ba0b1ebe8ad06839014d18e89672a4948459169ec8ccf954b527eee0a5056ed0",
      "sha256:75519e8ab1133d159bbb781806a692c66f5368be0f4e6a92497a55ed7b670c2c",
      "sha256:319766b6995fb110914ef905d91c5fa0f8fb24413fd3178053dc0d53d34816aa",
      "sha256:180db82561c4cc0500b7d73d4211ea7f596fb3f6a168f458375eecc59546753d"
    ],
    "RepoTags": [
      "arangodb:latest"
    ],
    "RepoDigests": [
      "arangodb@sha256:6d4377a3ed711846f6c2ba0d9dd1fde5174454fd1410fdeb7e98b363bf416c53"
    ],
    "ImageConfig": {
      "architecture": "amd64",
      "author": "Frank Celler \u003cinfo@arangodb.com\u003e",
      "container": "2ecf3c866f3e76a3d73b21afa5172774fe684761b387f47ab2220430353181a8",
      "created": "2024-02-06T08:29:39.346937855Z",
      "docker_version": "20.10.23",
      "history": [
        {
          "created": "2024-01-27T00:31:09Z",
          "created_by": "/bin/sh -c #(nop) ADD file:b308dfeecaa300a430b4e65e312a48eb5f191df7754e93ff4e7b2d04016b3ca7 in / "
        },
        {
          "created": "2024-01-27T00:31:09Z",
          "created_by": "/bin/sh -c #(nop)  CMD [\"/bin/sh\"]",
          "empty_layer": true
        },
        {
          "created": "2024-01-27T03:33:45Z",
          "created_by": "/bin/sh -c #(nop)  MAINTAINER Frank Celler \u003cinfo@arangodb.com\u003e",
          "empty_layer": true
        },
        {
          "created": "2024-02-06T08:29:09Z",
          "created_by": "/bin/sh -c #(nop)  ENV ARANGO_VERSION=3.11.7",
          "empty_layer": true
        },
        {
          "created": "2024-02-06T08:29:36Z",
          "created_by": "/bin/sh -c apk add --no-cache gnupg pwgen binutils numactl numactl-tools nodejs yarn \u0026\u0026     yarn global add foxx-cli@2.1.1 \u0026\u0026     apk del yarn \u0026\u0026     gpg --batch --keyserver keys.openpgp.org --recv-keys CD8CB0F1E0AD5B52E93F41E7EA93F5E56E751E9B \u0026\u0026     mkdir /docker-entrypoint-initdb.d \u0026\u0026     cd /tmp                                \u0026\u0026     arch=\"$(apk --print-arch)\"             \u0026\u0026     case \"$arch\" in                                   x86_64)  dpkgArch='amd64'          ;;         aarch64) dpkgArch='arm64'          ;;         *) echo \u003e\u00262 \"unsupported: $arch\" \u0026\u0026 exit 1 ;;     esac                                   \u0026\u0026     ARANGO_URL=\"https://download.arangodb.com/arangodb311/DEBIAN/$dpkgArch\" \u0026\u0026     ARANGO_PACKAGE=\"arangodb3_${ARANGO_VERSION}-1_${dpkgArch}.deb\" \u0026\u0026     ARANGO_PACKAGE_URL=\"${ARANGO_URL}/${ARANGO_PACKAGE}\" \u0026\u0026     ARANGO_SIGNATURE_URL=\"${ARANGO_PACKAGE_URL}.asc\" \u0026\u0026     wget ${ARANGO_SIGNATURE_URL}           \u0026\u0026     wget ${ARANGO_PACKAGE_URL}             \u0026\u0026     gpg --verify ${ARANGO_PACKAGE}.asc     \u0026\u0026     ar x ${ARANGO_PACKAGE} data.tar.gz     \u0026\u0026     tar -C / -x -z -f data.tar.gz          \u0026\u0026     sed -ri         -e 's!127\\.0\\.0\\.1!0.0.0.0!g'         -e 's!^(file\\s*=\\s*).*!\\1 -!'         -e 's!^\\s*uid\\s*=.*!!'         /etc/arangodb3/arangod.conf        \u0026\u0026     chgrp -R 0 /var/lib/arangodb3 /var/lib/arangodb3-apps \u0026\u0026     chmod -R 775 /var/lib/arangodb3 /var/lib/arangodb3-apps \u0026\u0026     rm -f /usr/bin/foxx \u0026\u0026     rm -f ${ARANGO_PACKAGE}* data.tar.gz \u0026\u0026     apk del gnupg"
        },
        {
          "created": "2024-02-06T08:29:38Z",
          "created_by": "/bin/sh -c #(nop)  ENV GLIBCXX_FORCE_NEW=1",
          "empty_layer": true
        },
        {
          "created": "2024-02-06T08:29:38Z",
          "created_by": "/bin/sh -c echo \"UTC\" \u003e /etc/timezone"
        },
        {
          "created": "2024-02-06T08:29:38Z",
          "created_by": "/bin/sh -c #(nop)  VOLUME [/var/lib/arangodb3 /var/lib/arangodb3-apps]",
          "empty_layer": true
        },
        {
          "created": "2024-02-06T08:29:38Z",
          "created_by": "/bin/sh -c #(nop) COPY file:5186b735a7f691f0963e16d7add12851632ad73eceed0dc74092096025935cb4 in /entrypoint.sh "
        },
        {
          "created": "2024-02-06T08:29:39Z",
          "created_by": "/bin/sh -c #(nop) COPY file:e891c9dc63d937e22dc27abb45afa31518cd659993e0c54dab0f6cde8d994063 in /usr/bin/foxx "
        },
        {
          "created": "2024-02-06T08:29:39Z",
          "created_by": "/bin/sh -c #(nop)  ENTRYPOINT [\"/entrypoint.sh\"]",
          "empty_layer": true
        },
        {
          "created": "2024-02-06T08:29:39Z",
          "created_by": "/bin/sh -c #(nop)  EXPOSE 8529",
          "empty_layer": true
        },
        {
          "created": "2024-02-06T08:29:39Z",
          "created_by": "/bin/sh -c #(nop)  CMD [\"arangod\"]",
          "empty_layer": true
        }
      ],
      "os": "linux",
      "rootfs": {
        "type": "layers",
        "diff_ids": [
          "sha256:5535fda0356bb3eff348b2f618314a47946d7ccfbeb880b3fc910dd7375ae140",
          "sha256:ba0b1ebe8ad06839014d18e89672a4948459169ec8ccf954b527eee0a5056ed0",
          "sha256:75519e8ab1133d159bbb781806a692c66f5368be0f4e6a92497a55ed7b670c2c",
          "sha256:319766b6995fb110914ef905d91c5fa0f8fb24413fd3178053dc0d53d34816aa",
          "sha256:180db82561c4cc0500b7d73d4211ea7f596fb3f6a168f458375eecc59546753d"
        ]
      },
      "config": {
        "Cmd": [
          "arangod"
        ],
        "Entrypoint": [
          "/entrypoint.sh"
        ],
        "Env": [
          "PATH=/usr/local/sbin:/usr/local/bin:/usr/sbin:/usr/bin:/sbin:/bin",
          "ARANGO_VERSION=3.11.7",
          "GLIBCXX_FORCE_NEW=1"
        ],
        "Image": "sha256:4464bf27a09e8f29eef0b7ae8a11c4fad0eb2917114c189cfb2a25ca74a66bbb",
        "Volumes": {
          "/var/lib/arangodb3": {},
          "/var/lib/arangodb3-apps": {}
        }
      }
    }
  },
  "Results": [
    {
      "Target": "library/arangodb:latest (alpine 3.16.9)",
      "Class": "os-pkgs",
      "Type": "alpine"
    },
    {
      "Target": "usr/bin/arangodb",
      "Class": "lang-pkgs",
      "Type": "gobinary",
      "Vulnerabilities": [
        {
          "VulnerabilityID": "CVE-2024-21626",
          "PkgName": "github.com/opencontainers/runc",
          "PkgIdentifier": {
            "PURL": "pkg:golang/github.com/opencontainers/runc@v1.1.7"
          },
          "InstalledVersion": "v1.1.7",
          "FixedVersion": "1.1.12",
          "Status": "fixed",
          "Layer": {
            "DiffID": "sha256:ba0b1ebe8ad06839014d18e89672a4948459169ec8ccf954b527eee0a5056ed0"
          },
          "SeveritySource": "ghsa",
          "PrimaryURL": "https://avd.aquasec.com/nvd/cve-2024-21626",
          "DataSource": {
            "ID": "ghsa",
            "Name": "GitHub Security Advisory Go",
            "URL": "https://github.com/advisories?query=type%3Areviewed+ecosystem%3Ago"
          },
          "Title": "runc: file descriptor leak",
          "Description": "runc is a CLI tool for spawning and running containers on Linux according to the OCI specification. In runc 1.1.11 and earlier, due to an internal file descriptor leak, an attacker could cause a newly-spawned container process (from runc exec) to have a working directory in the host filesystem namespace, allowing for a container escape by giving access to the host filesystem (\"attack 2\"). The same attack could be used by a malicious image to allow a container process to gain access to the host filesystem through runc run (\"attack 1\"). Variants of attacks 1 and 2 could be also be used to overwrite semi-arbitrary host binaries, allowing for complete container escapes (\"attack 3a\" and \"attack 3b\"). runc 1.1.12 includes patches for this issue. ",
          "Severity": "HIGH",
          "CweIDs": [
            "CWE-668",
            "CWE-403"
          ],
          "VendorSeverity": {
            "alma": 3,
            "amazon": 3,
            "cbl-mariner": 3,
            "ghsa": 3,
            "nvd": 3,
            "oracle-oval": 3,
            "redhat": 3,
            "ubuntu": 3
          },
          "CVSS": {
            "ghsa": {
              "V3Vector": "CVSS:3.1/AV:L/AC:L/PR:N/UI:R/S:C/C:H/I:H/A:H",
              "V3Score": 8.6
            },
            "nvd": {
              "V3Vector": "CVSS:3.1/AV:L/AC:L/PR:N/UI:R/S:C/C:H/I:H/A:H",
              "V3Score": 8.6
            },
            "redhat": {
              "V3Vector": "CVSS:3.1/AV:L/AC:L/PR:N/UI:R/S:C/C:H/I:H/A:H",
              "V3Score": 8.6
            }
          },
          "References": [
            "http://packetstormsecurity.com/files/176993/runc-1.1.11-File-Descriptor-Leak-Privilege-Escalation.html",
            "http://www.openwall.com/lists/oss-security/2024/02/01/1",
            "http://www.openwall.com/lists/oss-security/2024/02/02/3",
            "https://access.redhat.com/errata/RHSA-2024:0670",
            "https://access.redhat.com/security/cve/CVE-2024-21626",
            "https://bugzilla.redhat.com/2258725",
            "https://cve.mitre.org/cgi-bin/cvename.cgi?name=CVE-2024-21626",
            "https://errata.almalinux.org/9/ALSA-2024-0670.html",
            "https://github.com/opencontainers/runc",
            "https://github.com/opencontainers/runc/commit/02120488a4c0fc487d1ed2867e901eeed7ce8ecf",
            "https://github.com/opencontainers/runc/releases/tag/v1.1.12",
            "https://github.com/opencontainers/runc/security/advisories/GHSA-xr7r-f8xq-vfvv",
            "https://linux.oracle.com/cve/CVE-2024-21626.html",
            "https://linux.oracle.com/errata/ELSA-2024-17931.html",
            "https://lists.debian.org/debian-lts-announce/2024/02/msg00005.html",
            "https://lists.fedoraproject.org/archives/list/package-announce@lists.fedoraproject.org/message/2NLXNE23Q5ESQUAI22Z7A63JX2WMPJ2J",
            "https://lists.fedoraproject.org/archives/list/package-announce@lists.fedoraproject.org/message/2NLXNE23Q5ESQUAI22Z7A63JX2WMPJ2J/",
            "https://lists.fedoraproject.org/archives/list/package-announce@lists.fedoraproject.org/message/SYMO3BANINS6RGFQFKPRG4FIOJ7GWYTL",
            "https://lists.fedoraproject.org/archives/list/package-announce@lists.fedoraproject.org/message/SYMO3BANINS6RGFQFKPRG4FIOJ7GWYTL/",
            "https://nvd.nist.gov/vuln/detail/CVE-2024-21626",
            "https://ubuntu.com/security/notices/USN-6619-1",
            "https://www.cve.org/CVERecord?id=CVE-2024-21626"
          ],
          "PublishedDate": "2024-01-31T22:15:53.78Z",
          "LastModifiedDate": "2024-02-19T03:15:08.413Z"
        }
      ]
    }
  ]
}
