{
  "SchemaVersion": 2,
  "CreatedAt": "2024-02-25T04:06:31.103683088Z",
  "ArtifactName": "library/photon:latest",
  "ArtifactType": "container_image",
  "Metadata": {
    "OS": {
      "Family": "photon",
      "Name": "5.0"
    },
    "ImageID": "sha256:2a36151a8656940fed3085a040570c5b0753c2aed828002e81073d7883a7ee0d",
    "DiffIDs": [
      "sha256:0cf4cfc49120124bac6897e695cad64be19bb76f57196d1f37ab3a3548cd9ced"
    ],
    "RepoTags": [
      "photon:latest"
    ],
    "RepoDigests": [
      "photon@sha256:afa89bc3ae6c50d913fcaf673e6fa945546557b1c4f2dbe4a1101de32a9785f8"
    ],
    "ImageConfig": {
      "architecture": "amd64",
      "container": "e9cb34d800bf82ce48e3f85bb8cb20fb078b063bd238cf0afe5d5ff263e2b105",
      "created": "2024-02-20T20:53:48.846686892Z",
      "docker_version": "20.10.23",
      "history": [
        {
          "created": "2024-02-20T20:53:48Z",
          "created_by": "/bin/sh -c #(nop) ADD file:79338aeed5ca77dae545aa3627132ed07b6bece0df8a7aa8aa865b9155aae153 in / "
        },
        {
          "created": "2024-02-20T20:53:48Z",
          "created_by": "/bin/sh -c #(nop)  LABEL name=Photon OS x86_64/5.0 Base Image vendor=VMware build-date=20240217",
          "empty_layer": true
        },
        {
          "created": "2024-02-20T20:53:48Z",
          "created_by": "/bin/sh -c #(nop)  CMD [\"/bin/bash\"]",
          "empty_layer": true
        }
      ],
      "os": "linux",
      "rootfs": {
        "type": "layers",
        "diff_ids": [
          "sha256:0cf4cfc49120124bac6897e695cad64be19bb76f57196d1f37ab3a3548cd9ced"
        ]
      },
      "config": {
        "Cmd": [
          "/bin/bash"
        ],
        "Env": [
          "PATH=/usr/local/sbin:/usr/local/bin:/usr/sbin:/usr/bin:/sbin:/bin"
        ],
        "Image": "sha256:ad032961dff9dc84cbb4337c200fd0b5445c564d1ee050ab5df74e4d4449fadd",
        "Labels": {
          "build-date": "20240217",
          "name": "Photon OS x86_64/5.0 Base Image",
          "vendor": "VMware"
        }
      }
    }
  },
  "Results": [
    {
      "Target": "library/photon:latest (photon 5.0)",
      "Class": "os-pkgs",
      "Type": "photon"
    }
  ]
}
