{
  "SchemaVersion": 2,
  "CreatedAt": "2024-02-24T23:59:03.704943273Z",
  "ArtifactName": "library/eclipse-mosquitto:latest",
  "ArtifactType": "container_image",
  "Metadata": {
    "OS": {
      "Family": "alpine",
      "Name": "3.18.6"
    },
    "ImageID": "sha256:0e66ea4ebe769eb313e66383f02fb09c41a10a1bd3d1e3baaf84e66d4c24e632",
    "DiffIDs": [
      "sha256:aedc3bda2944bb9bcb6c3d475bee8b460db9a9b0f3e0b33a6ed2fd1ae0f1d445",
      "sha256:2bc40ac51d229a4df74cf2e1e6ab595971093636ade305c25b8d754eea151165",
      "sha256:9e07cce2a46578a5d758b7c2aea8a204602081b3b51d5f22161fae7fbe65a012"
    ],
    "RepoTags": [
      "eclipse-mosquitto:latest"
    ],
    "RepoDigests": [
      "eclipse-mosquitto@sha256:975ec3f4ef2aca7b16f9c1da0c321a4a6609fc9424d5d6e5b9ff4e171b5dea53"
    ],
    "ImageConfig": {
      "architecture": "amd64",
      "container": "d5acc9e0e63b3de51f43e850ccfd36b08f1c271f68c964056a2af3a926f6896e",
      "created": "2024-01-27T00:50:39.526509143Z",
      "docker_version": "20.10.23",
      "history": [
        {
          "created": "2024-01-27T00:30:56Z",
          "created_by": "/bin/sh -c #(nop) ADD file:8729f9c0258836b640e9e789c7ab029cf4547e0596557d54dd4a4d7d8e4a785f in / "
        },
        {
          "created": "2024-01-27T00:30:56Z",
          "created_by": "/bin/sh -c #(nop)  CMD [\"/bin/sh\"]",
          "empty_layer": true
        },
        {
          "created": "2024-01-27T00:50:11Z",
          "created_by": "/bin/sh -c #(nop)  LABEL maintainer=Roger Light \u003croger@atchoo.org\u003e description=Eclipse Mosquitto MQTT Broker",
          "empty_layer": true
        },
        {
          "created": "2024-01-27T00:50:11Z",
          "created_by": "/bin/sh -c #(nop)  ENV VERSION=2.0.18 DOWNLOAD_SHA256=d665fe7d0032881b1371a47f34169ee4edab67903b2cd2b4c083822823f4448a GPG_KEYS=A0D6EEA1DCAE49A635A3B2F0779B22DFB3E717B7 LWS_VERSION=4.2.1 LWS_SHA256=842da21f73ccba2be59e680de10a8cce7928313048750eb6ad73b6fa50763c51",
          "empty_layer": true
        },
        {
          "created": "2024-01-27T00:50:38Z",
          "created_by": "/bin/sh -c set -x \u0026\u0026     apk --no-cache add --virtual build-deps         build-base         cmake         cjson-dev         gnupg         libressl-dev         linux-headers         util-linux-dev \u0026\u0026     wget https://github.com/warmcat/libwebsockets/archive/v${LWS_VERSION}.tar.gz -O /tmp/lws.tar.gz \u0026\u0026     echo \"$LWS_SHA256  /tmp/lws.tar.gz\" | sha256sum -c - \u0026\u0026     mkdir -p /build/lws \u0026\u0026     tar --strip=1 -xf /tmp/lws.tar.gz -C /build/lws \u0026\u0026     rm /tmp/lws.tar.gz \u0026\u0026     cd /build/lws \u0026\u0026     cmake .         -DCMAKE_BUILD_TYPE=MinSizeRel         -DCMAKE_INSTALL_PREFIX=/usr         -DDISABLE_WERROR=ON         -DLWS_IPV6=ON         -DLWS_WITHOUT_BUILTIN_GETIFADDRS=ON         -DLWS_WITHOUT_CLIENT=ON         -DLWS_WITHOUT_EXTENSIONS=ON         -DLWS_WITHOUT_TESTAPPS=ON         -DLWS_WITH_EXTERNAL_POLL=ON         -DLWS_WITH_HTTP2=OFF         -DLWS_WITH_SHARED=OFF         -DLWS_WITH_ZIP_FOPS=OFF         -DLWS_WITH_ZLIB=OFF \u0026\u0026     make -j \"$(nproc)\" \u0026\u0026     rm -rf /root/.cmake \u0026\u0026     wget https://mosquitto.org/files/source/mosquitto-${VERSION}.tar.gz -O /tmp/mosq.tar.gz \u0026\u0026     echo \"$DOWNLOAD_SHA256  /tmp/mosq.tar.gz\" | sha256sum -c - \u0026\u0026     wget https://mosquitto.org/files/source/mosquitto-${VERSION}.tar.gz.asc -O /tmp/mosq.tar.gz.asc \u0026\u0026     export GNUPGHOME=\"$(mktemp -d)\" \u0026\u0026     found='';     for server in         hkps://keys.openpgp.org         hkp://keyserver.ubuntu.com:80         pgp.mit.edu     ; do         echo \"Fetching GPG key $GPG_KEYS from $server\";         gpg --keyserver \"$server\" --keyserver-options timeout=10 --recv-keys \"$GPG_KEYS\" \u0026\u0026 found=yes \u0026\u0026 break;     done;     test -z \"$found\" \u0026\u0026 echo \u003e\u00262 \"error: failed to fetch GPG key $GPG_KEYS\" \u0026\u0026 exit 1;     gpg --batch --verify /tmp/mosq.tar.gz.asc /tmp/mosq.tar.gz \u0026\u0026     gpgconf --kill all \u0026\u0026     rm -rf \"$GNUPGHOME\" /tmp/mosq.tar.gz.asc \u0026\u0026     mkdir -p /build/mosq \u0026\u0026     tar --strip=1 -xf /tmp/mosq.tar.gz -C /build/mosq \u0026\u0026     rm /tmp/mosq.tar.gz \u0026\u0026     make -C /build/mosq -j \"$(nproc)\"         CFLAGS=\"-Wall -O2 -I/build/lws/include -I/build\"         LDFLAGS=\"-L/build/lws/lib\"         WITH_ADNS=no         WITH_DOCS=no         WITH_SHARED_LIBRARIES=yes         WITH_SRV=no         WITH_STRIP=yes         WITH_TLS_PSK=no         WITH_WEBSOCKETS=yes         prefix=/usr         binary \u0026\u0026     addgroup -S -g 1883 mosquitto 2\u003e/dev/null \u0026\u0026     adduser -S -u 1883 -D -H -h /var/empty -s /sbin/nologin -G mosquitto -g mosquitto mosquitto 2\u003e/dev/null \u0026\u0026     mkdir -p /mosquitto/config /mosquitto/data /mosquitto/log \u0026\u0026     install -d /usr/sbin/ \u0026\u0026     install -s -m755 /build/mosq/client/mosquitto_pub /usr/bin/mosquitto_pub \u0026\u0026     install -s -m755 /build/mosq/client/mosquitto_rr /usr/bin/mosquitto_rr \u0026\u0026     install -s -m755 /build/mosq/client/mosquitto_sub /usr/bin/mosquitto_sub \u0026\u0026     install -s -m644 /build/mosq/lib/libmosquitto.so.1 /usr/lib/libmosquitto.so.1 \u0026\u0026     install -s -m755 /build/mosq/src/mosquitto /usr/sbin/mosquitto \u0026\u0026     install -s -m755 /build/mosq/apps/mosquitto_ctrl/mosquitto_ctrl /usr/bin/mosquitto_ctrl \u0026\u0026     install -s -m755 /build/mosq/apps/mosquitto_passwd/mosquitto_passwd /usr/bin/mosquitto_passwd \u0026\u0026     install -s -m755 /build/mosq/plugins/dynamic-security/mosquitto_dynamic_security.so /usr/lib/mosquitto_dynamic_security.so \u0026\u0026     install -m644 /build/mosq/mosquitto.conf /mosquitto/config/mosquitto.conf \u0026\u0026     install -Dm644 /build/lws/LICENSE /usr/share/licenses/libwebsockets/LICENSE \u0026\u0026     install -Dm644 /build/mosq/epl-v20 /usr/share/licenses/mosquitto/epl-v20 \u0026\u0026     install -Dm644 /build/mosq/edl-v10 /usr/share/licenses/mosquitto/edl-v10 \u0026\u0026     chown -R mosquitto:mosquitto /mosquitto \u0026\u0026     apk --no-cache add         ca-certificates         cjson         libressl \u0026\u0026     apk del build-deps \u0026\u0026     rm -rf /build"
        },
        {
          "created": "2024-01-27T00:50:39Z",
          "created_by": "/bin/sh -c #(nop)  VOLUME [/mosquitto/data /mosquitto/log]",
          "empty_layer": true
        },
        {
          "created": "2024-01-27T00:50:39Z",
          "created_by": "/bin/sh -c #(nop) COPY multi:f828fb0704e6f46a450b717895e8dada966524fb8a3bd947f3ac0bd7ae28f571 in / "
        },
        {
          "created": "2024-01-27T00:50:39Z",
          "created_by": "/bin/sh -c #(nop)  EXPOSE 1883",
          "empty_layer": true
        },
        {
          "created": "2024-01-27T00:50:39Z",
          "created_by": "/bin/sh -c #(nop)  ENTRYPOINT [\"/docker-entrypoint.sh\"]",
          "empty_layer": true
        },
        {
          "created": "2024-01-27T00:50:39Z",
          "created_by": "/bin/sh -c #(nop)  CMD [\"/usr/sbin/mosquitto\" \"-c\" \"/mosquitto/config/mosquitto.conf\"]",
          "empty_layer": true
        }
      ],
      "os": "linux",
      "rootfs": {
        "type": "layers",
        "diff_ids": [
          "sha256:aedc3bda2944bb9bcb6c3d475bee8b460db9a9b0f3e0b33a6ed2fd1ae0f1d445",
          "sha256:2bc40ac51d229a4df74cf2e1e6ab595971093636ade305c25b8d754eea151165",
          "sha256:9e07cce2a46578a5d758b7c2aea8a204602081b3b51d5f22161fae7fbe65a012"
        ]
      },
      "config": {
        "Cmd": [
          "/usr/sbin/mosquitto",
          "-c",
          "/mosquitto/config/mosquitto.conf"
        ],
        "Entrypoint": [
          "/docker-entrypoint.sh"
        ],
        "Env": [
          "PATH=/usr/local/sbin:/usr/local/bin:/usr/sbin:/usr/bin:/sbin:/bin",
          "VERSION=2.0.18",
          "DOWNLOAD_SHA256=d665fe7d0032881b1371a47f34169ee4edab67903b2cd2b4c083822823f4448a",
          "GPG_KEYS=A0D6EEA1DCAE49A635A3B2F0779B22DFB3E717B7",
          "LWS_VERSION=4.2.1",
          "LWS_SHA256=842da21f73ccba2be59e680de10a8cce7928313048750eb6ad73b6fa50763c51"
        ],
        "Image": "sha256:da56b89d37a0f4e1cf34b1b987d9bbba3878595c0039d34b17e3826f4f294725",
        "Labels": {
          "description": "Eclipse Mosquitto MQTT Broker",
          "maintainer": "Roger Light \u003croger@atchoo.org\u003e"
        },
        "Volumes": {
          "/mosquitto/data": {},
          "/mosquitto/log": {}
        }
      }
    }
  },
  "Results": [
    {
      "Target": "library/eclipse-mosquitto:latest (alpine 3.18.6)",
      "Class": "os-pkgs",
      "Type": "alpine"
    }
  ]
}
