{
  "SchemaVersion": 2,
  "CreatedAt": "2024-02-23T20:53:03.085469516Z",
  "ArtifactName": "library/nats-streaming:0.25.4",
  "ArtifactType": "container_image",
  "Metadata": {
    "ImageID": "sha256:63d73e165667cc10b05dbad88fac3566311079d4ceb1a0a2daa0b1a7d0e5dc2f",
    "DiffIDs": [
      "sha256:18b6f6078e8af4908e44a43e86609c2f0938734cff35af33f3ec4457b97294d2"
    ],
    "RepoTags": [
      "nats-streaming:0.25.4"
    ],
    "RepoDigests": [
      "nats-streaming@sha256:6fdba0b346eabfd4882b99393054713ba14b71115c83aeec8b721642a10f7233"
    ],
    "ImageConfig": {
      "architecture": "amd64",
      "container": "59062a87ae62a6aa311f94dcd6c3eeb0fd11a7ebe29b2fca20fdd7b99c288d73",
      "created": "2023-04-17T22:49:09.475100561Z",
      "docker_version": "20.10.23",
      "history": [
        {
          "created": "2023-04-17T22:49:09Z",
          "created_by": "/bin/sh -c #(nop) COPY file:5ac616c5a60e71e58431a96c3a4d710f77abbae72b163151c0b800798a693e6e in /nats-streaming-server "
        },
        {
          "created": "2023-04-17T22:49:09Z",
          "created_by": "/bin/sh -c #(nop)  EXPOSE 4222 8222",
          "empty_layer": true
        },
        {
          "created": "2023-04-17T22:49:09Z",
          "created_by": "/bin/sh -c #(nop)  ENTRYPOINT [\"/nats-streaming-server\"]",
          "empty_layer": true
        },
        {
          "created": "2023-04-17T22:49:09Z",
          "created_by": "/bin/sh -c #(nop)  CMD [\"-m\" \"8222\"]",
          "empty_layer": true
        }
      ],
      "os": "linux",
      "rootfs": {
        "type": "layers",
        "diff_ids": [
          "sha256:18b6f6078e8af4908e44a43e86609c2f0938734cff35af33f3ec4457b97294d2"
        ]
      },
      "config": {
        "Cmd": [
          "-m",
          "8222"
        ],
        "Entrypoint": [
          "/nats-streaming-server"
        ],
        "Env": [
          "PATH=/usr/local/sbin:/usr/local/bin:/usr/sbin:/usr/bin:/sbin:/bin"
        ],
        "Image": "sha256:5c915632aa6c12ba8acffea46a612b6188e1fe5e23b0f52dea2cf72913f3fbe9"
      }
    }
  },
  "Results": [
    {
      "Target": "nats-streaming-server",
      "Class": "lang-pkgs",
      "Type": "gobinary",
      "Vulnerabilities": [
        {
          "VulnerabilityID": "CVE-2023-47090",
          "PkgName": "github.com/nats-io/nats-server/v2",
          "PkgIdentifier": {
            "PURL": "pkg:golang/github.com/nats-io/nats-server/v2@v2.9.16"
          },
          "InstalledVersion": "v2.9.16",
          "FixedVersion": "2.9.23, 2.10.2",
          "Status": "fixed",
          "Layer": {
            "DiffID": "sha256:18b6f6078e8af4908e44a43e86609c2f0938734cff35af33f3ec4457b97294d2"
          },
          "SeveritySource": "ghsa",
          "PrimaryURL": "https://avd.aquasec.com/nvd/cve-2023-47090",
          "DataSource": {
            "ID": "ghsa",
            "Name": "GitHub Security Advisory Go",
            "URL": "https://github.com/advisories?query=type%3Areviewed+ecosystem%3Ago"
          },
          "Title": "NATS nats-server before 2.9.23 and 2.10.x before 2.10.2 has an authent ...",
          "Description": "NATS nats-server before 2.9.23 and 2.10.x before 2.10.2 has an authentication bypass. An implicit $G user in an authorization block can sometimes be used for unauthenticated access, even when the intention of the configuration was for each user to have an account. The earliest affected version is 2.2.0.",
          "Severity": "HIGH",
          "CweIDs": [
            "CWE-863"
          ],
          "VendorSeverity": {
            "cbl-mariner": 2,
            "ghsa": 3,
            "nvd": 2
          },
          "CVSS": {
            "nvd": {
              "V3Vector": "CVSS:3.1/AV:N/AC:L/PR:L/UI:N/S:U/C:H/I:N/A:N",
              "V3Score": 6.5
            }
          },
          "References": [
            "http://www.openwall.com/lists/oss-security/2023/10/30/1",
            "https://advisories.nats.io/CVE/secnote-2023-01.txt",
            "https://github.com/nats-io/nats-server",
            "https://github.com/nats-io/nats-server/commit/fa5b7afcb64e7e887e49afdd032358802b5c4478",
            "https://github.com/nats-io/nats-server/discussions/4535",
            "https://github.com/nats-io/nats-server/pull/4605",
            "https://github.com/nats-io/nats-server/releases/tag/v2.10.2",
            "https://github.com/nats-io/nats-server/releases/tag/v2.9.23",
            "https://github.com/nats-io/nats-server/security/advisories/GHSA-fr2g-9hjm-wr23",
            "https://nvd.nist.gov/vuln/detail/CVE-2023-47090",
            "https://www.openwall.com/lists/oss-security/2023/10/13/2"
          ],
          "PublishedDate": "2023-10-30T17:15:52.467Z",
          "LastModifiedDate": "2023-11-08T00:15:54.567Z"
        },
        {
          "VulnerabilityID": "CVE-2023-46129",
          "PkgName": "github.com/nats-io/nkeys",
          "PkgIdentifier": {
            "PURL": "pkg:golang/github.com/nats-io/nkeys@v0.4.4"
          },
          "InstalledVersion": "v0.4.4",
          "FixedVersion": "0.4.6",
          "Status": "fixed",
          "Layer": {
            "DiffID": "sha256:18b6f6078e8af4908e44a43e86609c2f0938734cff35af33f3ec4457b97294d2"
          },
          "SeveritySource": "ghsa",
          "PrimaryURL": "https://avd.aquasec.com/nvd/cve-2023-46129",
          "DataSource": {
            "ID": "ghsa",
            "Name": "GitHub Security Advisory Go",
            "URL": "https://github.com/advisories?query=type%3Areviewed+ecosystem%3Ago"
          },
          "Title": "nkeys: xkeys Seal encryption used fixed key for all encryption",
          "Description": "NATS.io is a high performance open source pub-sub distributed communication technology, built for the cloud, on-premise, IoT, and edge computing. The cryptographic key handling library, nkeys, recently gained support for encryption, not just for signing/authentication. This is used in nats-server 2.10 (Sep 2023) and newer for authentication callouts. In nkeys versions 0.4.0 through 0.4.5, corresponding with NATS server versions 2.10.0 through 2.10.3, the nkeys library's `xkeys` encryption handling logic mistakenly passed an array by value into an internal function, where the function mutated that buffer to populate the encryption key to use. As a result, all encryption was actually to an all-zeros key. This affects encryption only, not signing.  \nFIXME: FILL IN IMPACT ON NATS-SERVER AUTH CALLOUT SECURITY. nkeys Go library 0.4.6, corresponding with NATS Server 2.10.4, has a patch for this issue. No known workarounds are available. For any application handling auth callouts in Go, if using the nkeys library, update the dependency, recompile and deploy that in lockstep.",
          "Severity": "HIGH",
          "CweIDs": [
            "CWE-321",
            "CWE-325"
          ],
          "VendorSeverity": {
            "bitnami": 3,
            "cbl-mariner": 3,
            "ghsa": 3,
            "nvd": 3,
            "redhat": 3
          },
          "CVSS": {
            "bitnami": {
              "V3Vector": "CVSS:3.1/AV:N/AC:L/PR:N/UI:N/S:U/C:H/I:N/A:N",
              "V3Score": 7.5
            },
            "ghsa": {
              "V3Vector": "CVSS:3.1/AV:N/AC:L/PR:N/UI:N/S:U/C:H/I:N/A:N",
              "V3Score": 7.5
            },
            "nvd": {
              "V3Vector": "CVSS:3.1/AV:N/AC:L/PR:N/UI:N/S:U/C:H/I:N/A:N",
              "V3Score": 7.5
            },
            "redhat": {
              "V3Vector": "CVSS:3.1/AV:N/AC:L/PR:N/UI:N/S:U/C:N/I:H/A:N",
              "V3Score": 7.5
            }
          },
          "References": [
            "http://www.openwall.com/lists/oss-security/2023/10/31/1",
            "https://access.redhat.com/security/cve/CVE-2023-46129",
            "https://advisories.nats.io/CVE/secnote-2023-02.txt",
            "https://github.com/nats-io/nkeys",
            "https://github.com/nats-io/nkeys/commit/58fb9d69f42ea73fffad1d14e5914dc666f3daa1",
            "https://github.com/nats-io/nkeys/security/advisories/GHSA-mr45-rx8q-wcm9",
            "https://lists.fedoraproject.org/archives/list/package-announce@lists.fedoraproject.org/message/R3UETKPUB3V5JS5TLZOF3SMTGT5K5APS",
            "https://lists.fedoraproject.org/archives/list/package-announce@lists.fedoraproject.org/message/R3UETKPUB3V5JS5TLZOF3SMTGT5K5APS/",
            "https://lists.fedoraproject.org/archives/list/package-announce@lists.fedoraproject.org/message/ULQQONMSCQSH5Z5OWFFQHCGEZ3NL4DRJ",
            "https://lists.fedoraproject.org/archives/list/package-announce@lists.fedoraproject.org/message/ULQQONMSCQSH5Z5OWFFQHCGEZ3NL4DRJ/",
            "https://nvd.nist.gov/vuln/detail/CVE-2023-46129",
            "https://www.cve.org/CVERecord?id=CVE-2023-46129"
          ],
          "PublishedDate": "2023-10-31T00:15:09.933Z",
          "LastModifiedDate": "2023-11-29T03:15:42.27Z"
        },
        {
          "VulnerabilityID": "CVE-2023-48795",
          "PkgName": "golang.org/x/crypto",
          "PkgIdentifier": {
            "PURL": "pkg:golang/golang.org/x/crypto@v0.8.0"
          },
          "InstalledVersion": "v0.8.0",
          "FixedVersion": "0.17.0",
          "Status": "fixed",
          "Layer": {
            "DiffID": "sha256:18b6f6078e8af4908e44a43e86609c2f0938734cff35af33f3ec4457b97294d2"
          },
          "SeveritySource": "ghsa",
          "PrimaryURL": "https://avd.aquasec.com/nvd/cve-2023-48795",
          "DataSource": {
            "ID": "ghsa",
            "Name": "GitHub Security Advisory Go",
            "URL": "https://github.com/advisories?query=type%3Areviewed+ecosystem%3Ago"
          },
          "Title": "ssh: Prefix truncation attack on Binary Packet Protocol (BPP)",
          "Description": "The SSH transport protocol with certain OpenSSH extensions, found in OpenSSH before 9.6 and other products, allows remote attackers to bypass integrity checks such that some packets are omitted (from the extension negotiation message), and a client and server may consequently end up with a connection for which some security features have been downgraded or disabled, aka a Terrapin attack. This occurs because the SSH Binary Packet Protocol (BPP), implemented by these extensions, mishandles the handshake phase and mishandles use of sequence numbers. For example, there is an effective attack against SSH's use of ChaCha20-Poly1305 (and CBC with Encrypt-then-MAC). The bypass occurs in chacha20-poly1305@openssh.com and (if CBC is used) the -etm@openssh.com MAC algorithms. This also affects Maverick Synergy Java SSH API before 3.1.0-SNAPSHOT, Dropbear through 2022.83, Ssh before 5.1.1 in Erlang/OTP, PuTTY before 0.80, AsyncSSH before 2.14.2, golang.org/x/crypto before 0.17.0, libssh before 0.10.6, libssh2 through 1.11.0, Thorn Tech SFTP Gateway before 3.4.6, Tera Term before 5.1, Paramiko before 3.4.0, jsch before 0.2.15, SFTPGo before 2.5.6, Netgate pfSense Plus through 23.09.1, Netgate pfSense CE through 2.7.2, HPN-SSH through 18.2.0, ProFTPD before 1.3.8b (and before 1.3.9rc2), ORYX CycloneSSH before 2.3.4, NetSarang XShell 7 before Build 0144, CrushFTP before 10.6.0, ConnectBot SSH library before 2.2.22, Apache MINA sshd through 2.11.0, sshj through 0.37.0, TinySSH through 20230101, trilead-ssh2 6401, LANCOM LCOS and LANconfig, FileZilla before 3.66.4, Nova before 11.8, PKIX-SSH before 14.4, SecureCRT before 9.4.3, Transmit5 before 5.10.4, Win32-OpenSSH before 9.5.0.0p1-Beta, WinSCP before 6.2.2, Bitvise SSH Server before 9.32, Bitvise SSH Client before 9.33, KiTTY through 0.76.1.13, the net-ssh gem 7.2.0 for Ruby, the mscdex ssh2 module before 1.15.0 for Node.js, the thrussh library before 0.35.1 for Rust, and the Russh crate before 0.40.2 for Rust.",
          "Severity": "MEDIUM",
          "CweIDs": [
            "CWE-354"
          ],
          "VendorSeverity": {
            "alma": 2,
            "amazon": 2,
            "cbl-mariner": 2,
            "ghsa": 2,
            "nvd": 2,
            "oracle-oval": 2,
            "photon": 2,
            "redhat": 2,
            "rocky": 2,
            "ubuntu": 2
          },
          "CVSS": {
            "ghsa": {
              "V3Vector": "CVSS:3.1/AV:N/AC:H/PR:N/UI:N/S:U/C:N/I:H/A:N",
              "V3Score": 5.9
            },
            "nvd": {
              "V3Vector": "CVSS:3.1/AV:N/AC:H/PR:N/UI:N/S:U/C:N/I:H/A:N",
              "V3Score": 5.9
            },
            "redhat": {
              "V3Vector": "CVSS:3.1/AV:N/AC:H/PR:N/UI:N/S:U/C:N/I:H/A:N",
              "V3Score": 5.9
            }
          },
          "References": [
            "http://packetstormsecurity.com/files/176280/Terrapin-SSH-Connection-Weakening.html",
            "http://www.openwall.com/lists/oss-security/2023/12/18/3",
            "http://www.openwall.com/lists/oss-security/2023/12/19/5",
            "http://www.openwall.com/lists/oss-security/2023/12/20/3",
            "https://access.redhat.com/errata/RHSA-2024:0628",
            "https://access.redhat.com/security/cve/CVE-2023-48795",
            "https://access.redhat.com/security/cve/cve-2023-48795",
            "https://arstechnica.com/security/2023/12/hackers-can-break-ssh-channel-integrity-using-novel-data-corruption-attack",
            "https://arstechnica.com/security/2023/12/hackers-can-break-ssh-channel-integrity-using-novel-data-corruption-attack/",
            "https://bugs.gentoo.org/920280",
            "https://bugzilla.redhat.com/2254210",
            "https://bugzilla.redhat.com/show_bug.cgi?id=2254210",
            "https://bugzilla.suse.com/show_bug.cgi?id=1217950",
            "https://crates.io/crates/thrussh/versions",
            "https://cve.mitre.org/cgi-bin/cvename.cgi?name=CVE-2023-48795",
            "https://errata.almalinux.org/8/ALSA-2024-0628.html",
            "https://errata.rockylinux.org/RLSA-2024:0628",
            "https://filezilla-project.org/versions.php",
            "https://forum.netgate.com/topic/184941/terrapin-ssh-attack",
            "https://git.libssh.org/projects/libssh.git/commit/?h=stable-0.10\u0026id=10e09e273f69e149389b3e0e5d44b8c221c2e7f6",
            "https://github.com/NixOS/nixpkgs/pull/275249",
            "https://github.com/PowerShell/Win32-OpenSSH/issues/2189",
            "https://github.com/PowerShell/Win32-OpenSSH/releases/tag/v9.5.0.0p1-Beta",
            "https://github.com/TeraTermProject/teraterm/commit/7279fbd6ef4d0c8bdd6a90af4ada2899d786eec0",
            "https://github.com/TeraTermProject/teraterm/releases/tag/v5.1",
            "https://github.com/advisories/GHSA-45x7-px36-x8w8",
            "https://github.com/apache/mina-sshd/issues/445",
            "https://github.com/connectbot/sshlib/commit/5c8b534f6e97db7ac0e0e579331213aa25c173ab",
            "https://github.com/connectbot/sshlib/compare/2.2.21...2.2.22",
            "https://github.com/cyd01/KiTTY/issues/520",
            "https://github.com/drakkan/sftpgo/releases/tag/v2.5.6",
            "https://github.com/erlang/otp/blob/d1b43dc0f1361d2ad67601169e90a7fc50bb0369/lib/ssh/doc/src/notes.xml#L39-L42",
            "https://github.com/erlang/otp/releases/tag/OTP-26.2.1",
            "https://github.com/golang/crypto/commit/9d2ee975ef9fe627bf0a6f01c1f69e8ef1d4f05d",
            "https://github.com/hierynomus/sshj/issues/916",
            "https://github.com/janmojzis/tinyssh/issues/81",
            "https://github.com/jtesta/ssh-audit/commit/8e972c5e94b460379fe0c7d20209c16df81538a5",
            "https://github.com/libssh2/libssh2/pull/1291",
            "https://github.com/mkj/dropbear/blob/17657c36cce6df7716d5ff151ec09a665382d5dd/CHANGES#L25",
            "https://github.com/mscdex/ssh2/commit/97b223f8891b96d6fc054df5ab1d5a1a545da2a3",
            "https://github.com/mwiede/jsch/compare/jsch-0.2.14...jsch-0.2.15",
            "https://github.com/mwiede/jsch/issues/457",
            "https://github.com/mwiede/jsch/pull/461",
            "https://github.com/net-ssh/net-ssh/blob/2e65064a52d73396bfc3806c9196fc8108f33cd8/CHANGES.txt#L14-L16",
            "https://github.com/openssh/openssh-portable/commits/master",
            "https://github.com/paramiko/paramiko/issues/2337",
            "https://github.com/paramiko/paramiko/issues/2337#issuecomment-1887642773",
            "https://github.com/proftpd/proftpd/blob/0a7ea9b0ba9fcdf368374a226370d08f10397d99/RELEASE_NOTES",
            "https://github.com/proftpd/proftpd/blob/d21e7a2e47e9b38f709bec58e3fa711f759ad0e1/RELEASE_NOTES",
            "https://github.com/proftpd/proftpd/blob/master/RELEASE_NOTES",
            "https://github.com/proftpd/proftpd/issues/456",
            "https://github.com/rapier1/hpn-ssh/releases",
            "https://github.com/ronf/asyncssh/blob/develop/docs/changes.rst",
            "https://github.com/ronf/asyncssh/security/advisories/GHSA-hfmc-7525-mj55",
            "https://github.com/ronf/asyncssh/tags",
            "https://github.com/ssh-mitm/ssh-mitm/issues/165",
            "https://github.com/warp-tech/russh",
            "https://github.com/warp-tech/russh/commit/1aa340a7df1d5be1c0f4a9e247aade76dfdd2951",
            "https://github.com/warp-tech/russh/releases/tag/v0.40.2",
            "https://github.com/warp-tech/russh/security/advisories/GHSA-45x7-px36-x8w8",
            "https://gitlab.com/libssh/libssh-mirror/-/tags",
            "https://go.dev/cl/550715",
            "https://go.dev/issue/64784",
            "https://groups.google.com/g/golang-announce/c/-n5WqVC18LQ",
            "https://groups.google.com/g/golang-announce/c/qA3XtxvMUyg",
            "https://help.panic.com/releasenotes/transmit5",
            "https://help.panic.com/releasenotes/transmit5/",
            "https://jadaptive.com/important-java-ssh-security-update-new-ssh-vulnerability-discovered-cve-2023-48795",
            "https://jadaptive.com/important-java-ssh-security-update-new-ssh-vulnerability-discovered-cve-2023-48795/",
            "https://linux.oracle.com/cve/CVE-2023-48795.html",
            "https://linux.oracle.com/errata/ELSA-2024-12164.html",
            "https://lists.debian.org/debian-lts-announce/2023/12/msg00017.html",
            "https://lists.debian.org/debian-lts-announce/2024/01/msg00013.html",
            "https://lists.debian.org/debian-lts-announce/2024/01/msg00014.html",
            "https://lists.fedoraproject.org/archives/list/package-announce%40lists.fedoraproject.org/message/33XHJUB6ROFUOH2OQNENFROTVH6MHSHA",
            "https://lists.fedoraproject.org/archives/list/package-announce%40lists.fedoraproject.org/message/33XHJUB6ROFUOH2OQNENFROTVH6MHSHA/",
            "https://lists.fedoraproject.org/archives/list/package-announce%40lists.fedoraproject.org/message/3CAYYW35MUTNO65RVAELICTNZZFMT2XS",
            "https://lists.fedoraproject.org/archives/list/package-announce%40lists.fedoraproject.org/message/3CAYYW35MUTNO65RVAELICTNZZFMT2XS/",
            "https://lists.fedoraproject.org/archives/list/package-announce%40lists.fedoraproject.org/message/3JIMLVBDWOP4FUPXPTB4PGHHIOMGFLQE",
            "https://lists.fedoraproject.org/archives/list/package-announce%40lists.fedoraproject.org/message/3JIMLVBDWOP4FUPXPTB4PGHHIOMGFLQE/",
            "https://lists.fedoraproject.org/archives/list/package-announce%40lists.fedoraproject.org/message/3YQLUQWLIHDB5QCXQEX7HXHAWMOKPP5O",
            "https://lists.fedoraproject.org/archives/list/package-announce%40lists.fedoraproject.org/message/3YQLUQWLIHDB5QCXQEX7HXHAWMOKPP5O/",
            "https://lists.fedoraproject.org/archives/list/package-announce%40lists.fedoraproject.org/message/6Y74KVCPEPT4MVU3LHDWCNNOXOE5ZLUR",
            "https://lists.fedoraproject.org/archives/list/package-announce%40lists.fedoraproject.org/message/6Y74KVCPEPT4MVU3LHDWCNNOXOE5ZLUR/",
            "https://lists.fedoraproject.org/archives/list/package-announce%40lists.fedoraproject.org/message/APYIXIQOVDCRWLHTGB4VYMAUIAQLKYJ3",
            "https://lists.fedoraproject.org/archives/list/package-announce%40lists.fedoraproject.org/message/APYIXIQOVDCRWLHTGB4VYMAUIAQLKYJ3/",
            "https://lists.fedoraproject.org/archives/list/package-announce%40lists.fedoraproject.org/message/BL5KTLOSLH2KHRN4HCXJPK3JUVLDGEL6",
            "https://lists.fedoraproject.org/archives/list/package-announce%40lists.fedoraproject.org/message/BL5KTLOSLH2KHRN4HCXJPK3JUVLDGEL6/",
            "https://lists.fedoraproject.org/archives/list/package-announce%40lists.fedoraproject.org/message/C3AFMZ6MH2UHHOPIWT5YLSFV3D2VB3AC",
            "https://lists.fedoraproject.org/archives/list/package-announce%40lists.fedoraproject.org/message/C3AFMZ6MH2UHHOPIWT5YLSFV3D2VB3AC/",
            "https://lists.fedoraproject.org/archives/list/package-announce%40lists.fedoraproject.org/message/CHHITS4PUOZAKFIUBQAQZC7JWXMOYE4B",
            "https://lists.fedoraproject.org/archives/list/package-announce%40lists.fedoraproject.org/message/CHHITS4PUOZAKFIUBQAQZC7JWXMOYE4B/",
            "https://lists.fedoraproject.org/archives/list/package-announce%40lists.fedoraproject.org/message/F7EYCFQCTSGJXWO3ZZ44MGKFC5HA7G3Y",
            "https://lists.fedoraproject.org/archives/list/package-announce%40lists.fedoraproject.org/message/F7EYCFQCTSGJXWO3ZZ44MGKFC5HA7G3Y/",
            "https://lists.fedoraproject.org/archives/list/package-announce%40lists.fedoraproject.org/message/HYEDEXIKFKTUJIN43RG4B7T5ZS6MHUSP",
            "https://lists.fedoraproject.org/archives/list/package-announce%40lists.fedoraproject.org/message/HYEDEXIKFKTUJIN43RG4B7T5ZS6MHUSP/",
            "https://lists.fedoraproject.org/archives/list/package-announce%40lists.fedoraproject.org/message/I724O3LSRCPO4WNVIXTZCT4VVRMXMMSG",
            "https://lists.fedoraproject.org/archives/list/package-announce%40lists.fedoraproject.org/message/I724O3LSRCPO4WNVIXTZCT4VVRMXMMSG/",
            "https://lists.fedoraproject.org/archives/list/package-announce%40lists.fedoraproject.org/message/KEOTKBUPZXHE3F352JBYNTSNRXYLWD6P",
            "https://lists.fedoraproject.org/archives/list/package-announce%40lists.fedoraproject.org/message/KEOTKBUPZXHE3F352JBYNTSNRXYLWD6P/",
            "https://lists.fedoraproject.org/archives/list/package-announce%40lists.fedoraproject.org/message/KMZCVGUGJZZVDPCVDA7TEB22VUCNEXDD",
            "https://lists.fedoraproject.org/archives/list/package-announce%40lists.fedoraproject.org/message/KMZCVGUGJZZVDPCVDA7TEB22VUCNEXDD/",
            "https://lists.fedoraproject.org/archives/list/package-announce%40lists.fedoraproject.org/message/L5Y6MNNVAPIJSXJERQ6PKZVCIUXSNJK7",
            "https://lists.fedoraproject.org/archives/list/package-announce%40lists.fedoraproject.org/message/L5Y6MNNVAPIJSXJERQ6PKZVCIUXSNJK7/",
            "https://lists.fedoraproject.org/archives/list/package-announce%40lists.fedoraproject.org/message/LZQVUHWVWRH73YBXUQJOD6CKHDQBU3DM",
            "https://lists.fedoraproject.org/archives/list/package-announce%40lists.fedoraproject.org/message/LZQVUHWVWRH73YBXUQJOD6CKHDQBU3DM/",
            "https://lists.fedoraproject.org/archives/list/package-announce%40lists.fedoraproject.org/message/MKQRBF3DWMWPH36LBCOBUTSIZRTPEZXB",
            "https://lists.fedoraproject.org/archives/list/package-announce%40lists.fedoraproject.org/message/MKQRBF3DWMWPH36LBCOBUTSIZRTPEZXB/",
            "https://lists.fedoraproject.org/archives/list/package-announce%40lists.fedoraproject.org/message/QI3EHAHABFQK7OABNCSF5GMYP6TONTI7",
            "https://lists.fedoraproject.org/archives/list/package-announce%40lists.fedoraproject.org/message/QI3EHAHABFQK7OABNCSF5GMYP6TONTI7/",
            "https://matt.ucc.asn.au/dropbear/CHANGES",
            "https://nest.pijul.com/pijul/thrussh/changes/D6H7OWTTMHHX6BTB3B6MNBOBX2L66CBL4LGSEUSAI2MCRCJDQFRQC",
            "https://news.ycombinator.com/item?id=38684904",
            "https://news.ycombinator.com/item?id=38685286",
            "https://news.ycombinator.com/item?id=38732005",
            "https://nova.app/releases/#v11.8",
            "https://nvd.nist.gov/vuln/detail/CVE-2023-48795",
            "https://oryx-embedded.com/download/#changelog",
            "https://psirt.global.sonicwall.com/vuln-detail/SNWLID-2024-0002",
            "https://roumenpetrov.info/secsh/#news20231220",
            "https://security-tracker.debian.org/tracker/CVE-2023-48795",
            "https://security-tracker.debian.org/tracker/source-package/libssh2",
            "https://security-tracker.debian.org/tracker/source-package/proftpd-dfsg",
            "https://security-tracker.debian.org/tracker/source-package/trilead-ssh2",
            "https://security.gentoo.org/glsa/202312-16",
            "https://security.gentoo.org/glsa/202312-17",
            "https://security.netapp.com/advisory/ntap-20240105-0004",
            "https://security.netapp.com/advisory/ntap-20240105-0004/",
            "https://terrapin-attack.com/",
            "https://thorntech.com/cve-2023-48795-and-sftp-gateway",
            "https://thorntech.com/cve-2023-48795-and-sftp-gateway/",
            "https://twitter.com/TrueSkrillor/status/1736774389725565005",
            "https://ubuntu.com/security/CVE-2023-48795",
            "https://ubuntu.com/security/notices/USN-6560-1",
            "https://ubuntu.com/security/notices/USN-6560-2",
            "https://ubuntu.com/security/notices/USN-6561-1",
            "https://ubuntu.com/security/notices/USN-6585-1",
            "https://ubuntu.com/security/notices/USN-6589-1",
            "https://ubuntu.com/security/notices/USN-6598-1",
            "https://winscp.net/eng/docs/history#6.2.2",
            "https://www.bitvise.com/ssh-client-version-history#933",
            "https://www.bitvise.com/ssh-server-version-history",
            "https://www.chiark.greenend.org.uk/~sgtatham/putty/changes.html",
            "https://www.crushftp.com/crush10wiki/Wiki.jsp?page=Update",
            "https://www.cve.org/CVERecord?id=CVE-2023-48795",
            "https://www.debian.org/security/2023/dsa-5586",
            "https://www.debian.org/security/2023/dsa-5588",
            "https://www.freebsd.org/security/advisories/FreeBSD-SA-23:19.openssh.asc",
            "https://www.lancom-systems.de/service-support/allgemeine-sicherheitshinweise#c243508",
            "https://www.netsarang.com/en/xshell-update-history",
            "https://www.netsarang.com/en/xshell-update-history/",
            "https://www.openssh.com/openbsd.html",
            "https://www.openssh.com/txt/release-9.6",
            "https://www.openwall.com/lists/oss-security/2023/12/18/2",
            "https://www.openwall.com/lists/oss-security/2023/12/18/3",
            "https://www.openwall.com/lists/oss-security/2023/12/20/3",
            "https://www.paramiko.org/changelog.html",
            "https://www.reddit.com/r/sysadmin/comments/18idv52/cve202348795_why_is_this_cve_still_undisclosed",
            "https://www.reddit.com/r/sysadmin/comments/18idv52/cve202348795_why_is_this_cve_still_undisclosed/",
            "https://www.suse.com/c/suse-addresses-the-ssh-v2-protocol-terrapin-attack-aka-cve-2023-48795",
            "https://www.suse.com/c/suse-addresses-the-ssh-v2-protocol-terrapin-attack-aka-cve-2023-48795/",
            "https://www.terrapin-attack.com",
            "https://www.theregister.com/2023/12/20/terrapin_attack_ssh",
            "https://www.vandyke.com/products/securecrt/history.txt"
          ],
          "PublishedDate": "2023-12-18T16:15:10.897Z",
          "LastModifiedDate": "2024-01-29T09:15:42.687Z"
        }
      ]
    }
  ]
}
