{
  "SchemaVersion": 2,
  "CreatedAt": "2024-02-24T01:03:33.263189189Z",
  "ArtifactName": "library/php-zendserver:latest",
  "ArtifactType": "container_image",
  "Metadata": {
    "OS": {
      "Family": "ubuntu",
      "Name": "18.04",
      "EOSL": true
    },
    "ImageID": "sha256:c0e4ad3a33e26fc102d191151bbcfe2b4ca1c110f4e042391e03cc6ff230c66e",
    "DiffIDs": [
      "sha256:548a79621a426b4eb077c926eabac5a8620c454fb230640253e1b44dc7dd7562",
      "sha256:719925d1f238443ec62080e246ab4068ddb50491f0cb432723ccb7ae17fe4060",
      "sha256:b11499c3741df1779909d1505edd6e2027717386f0530ded786ca565a648831e",
      "sha256:38355c7c54ef219903a58c774ffa415a1f7a6244fc370ee49f6e39af768bc02f",
      "sha256:2a0bc0a7b21a97016a4803db7f735905413817ee5119013cbb77945881e0b0e9",
      "sha256:6bb167400872904b3d6f5388f5be340dc28d7999fafe22b805711dd645a0d784",
      "sha256:bd666ee1baab1357805c5c08482c974e10f918ec9c788cf8c2a9750ff7b1cd53",
      "sha256:ac74fc4ae56fddd90c01a53d62d14061428b4c30a430f0695eddba8961d8dbb8",
      "sha256:e7206efc51005f8126d9ce7f50149844b56599052f92c38e4683ea88a760a000",
      "sha256:a398a1eab4df1d56a7e6fbbc028f4fac2783c53ccbc873e9a6c7f256d111c2ca",
      "sha256:60ab04efbffff5098b8dda58a57372cdd8578ab6c2f09459d1b237065be6c130",
      "sha256:8a9317a21d1b1982498e1181d9771d8eead89f70af078f496b7cbed927f9f56e"
    ],
    "RepoTags": [
      "php-zendserver:latest"
    ],
    "RepoDigests": [
      "php-zendserver@sha256:ff23ff7302c814918d286ac1aa5faee22187053f6936c55e73f5cb3cd6000be2"
    ],
    "ImageConfig": {
      "architecture": "amd64",
      "container": "df7ef698cde2eefa9578e89dee81ec52f195122e8a167af9bc42ba6af9f74a39",
      "created": "2023-06-02T01:40:23.832662033Z",
      "docker_version": "20.10.23",
      "history": [
        {
          "created": "2023-05-30T09:32:07Z",
          "created_by": "/bin/sh -c #(nop)  ARG RELEASE",
          "empty_layer": true
        },
        {
          "created": "2023-05-30T09:32:07Z",
          "created_by": "/bin/sh -c #(nop)  ARG LAUNCHPAD_BUILD_ARCH",
          "empty_layer": true
        },
        {
          "created": "2023-05-30T09:32:07Z",
          "created_by": "/bin/sh -c #(nop)  LABEL org.opencontainers.image.ref.name=ubuntu",
          "empty_layer": true
        },
        {
          "created": "2023-05-30T09:32:07Z",
          "created_by": "/bin/sh -c #(nop)  LABEL org.opencontainers.image.version=18.04",
          "empty_layer": true
        },
        {
          "created": "2023-05-30T09:32:09Z",
          "created_by": "/bin/sh -c #(nop) ADD file:3c74e7e08cbf9a87694ce6fa541af617599680fa54d9e48556fc0fbc120b4a83 in / "
        },
        {
          "created": "2023-05-30T09:32:09Z",
          "created_by": "/bin/sh -c #(nop)  CMD [\"/bin/bash\"]",
          "empty_layer": true
        },
        {
          "created": "2023-06-02T01:36:46Z",
          "created_by": "/bin/sh -c apt-get update \u0026\u0026 apt-get install -y       gnupg"
        },
        {
          "created": "2023-06-02T01:36:48Z",
          "created_by": "/bin/sh -c apt-key adv --keyserver keyserver.ubuntu.com --recv-key 799058698E65316A2E7A4FF42EAE1437F7D2C623"
        },
        {
          "created": "2023-06-02T01:38:47Z",
          "created_by": "/bin/sh -c #(nop) COPY file:1e70d8fd6f9643bffb703528edddba0aa02a58e95cc53e92f58a86cde29e732a in /etc/apt/sources.list.d/zend-server.list "
        },
        {
          "created": "2023-06-02T01:40:13Z",
          "created_by": "/bin/sh -c apt-get update \u0026\u0026 apt-get install -y       iproute2       curl       libmysqlclient20       unzip       git       zend-server-nginx=2021.0.0+b74     \u0026\u0026 rm -rf /var/lib/apt/lists/*     \u0026\u0026 /usr/local/zend/bin/zendctl.sh stop"
        },
        {
          "created": "2023-06-02T01:40:16Z",
          "created_by": "/bin/sh -c #(nop)  ENV ZS_INIT_VERSION=0.3",
          "empty_layer": true
        },
        {
          "created": "2023-06-02T01:40:16Z",
          "created_by": "/bin/sh -c #(nop)  ENV ZS_INIT_SHA256=e8d441d8503808e9fc0fafc762b2cb80d4a6e68b94fede0fe41efdeac10800cb",
          "empty_layer": true
        },
        {
          "created": "2023-06-02T01:40:16Z",
          "created_by": "/bin/sh -c #(nop) COPY file:ad21ce0b2dc8345be0ef63836774934d6b2045ddc3685411221a07dd10b649d1 in /tmp/zs-init.patch "
        },
        {
          "created": "2023-06-02T01:40:17Z",
          "created_by": "/bin/sh -c curl -fSL -o zs-init.tar.gz \"http://repos.zend.com/zs-init/zs-init-docker-${ZS_INIT_VERSION}.tar.gz\"     \u0026\u0026 echo \"${ZS_INIT_SHA256} *zs-init.tar.gz\" | sha256sum -c -     \u0026\u0026 mkdir /usr/local/zs-init     \u0026\u0026 tar xzf zs-init.tar.gz --strip-components=1 -C /usr/local/zs-init     \u0026\u0026 rm zs-init.tar.gz     \u0026\u0026 patch -u /usr/local/zs-init/src/Init/Steps/AbstractStep.php -i /tmp/zs-init.patch     \u0026\u0026 rm /tmp/zs-init.patch"
        },
        {
          "created": "2023-06-02T01:40:17Z",
          "created_by": "/bin/sh -c #(nop) WORKDIR /usr/local/zs-init",
          "empty_layer": true
        },
        {
          "created": "2023-06-02T01:40:22Z",
          "created_by": "/bin/sh -c /usr/local/zend/bin/php -r \"readfile('https://getcomposer.org/installer');\" | /usr/local/zend/bin/php     \u0026\u0026 /usr/local/zend/bin/php composer.phar update"
        },
        {
          "created": "2023-06-02T01:40:22Z",
          "created_by": "/bin/sh -c #(nop) COPY dir:eecd98e9ebf1c61a12ae67558eb2a6ce846b9ebfadabbf08503e90b3e30d9496 in /usr/local/bin "
        },
        {
          "created": "2023-06-02T01:40:22Z",
          "created_by": "/bin/sh -c #(nop) COPY dir:80bde0d50316e7c9350262fe3b75826a91d075303027787e759d703b60df13d6 in /usr/local/zend/var/plugins/ "
        },
        {
          "created": "2023-06-02T01:40:23Z",
          "created_by": "/bin/sh -c rm /var/www/html/index.nginx-debian.html"
        },
        {
          "created": "2023-06-02T01:40:23Z",
          "created_by": "/bin/sh -c #(nop) COPY dir:d174a5d34625889b4356c566972566e0ca7da618b01ea42276562f8186517a67 in /var/www/html "
        },
        {
          "created": "2023-06-02T01:40:23Z",
          "created_by": "/bin/sh -c #(nop)  EXPOSE 80",
          "empty_layer": true
        },
        {
          "created": "2023-06-02T01:40:23Z",
          "created_by": "/bin/sh -c #(nop)  EXPOSE 443",
          "empty_layer": true
        },
        {
          "created": "2023-06-02T01:40:23Z",
          "created_by": "/bin/sh -c #(nop)  EXPOSE 10081",
          "empty_layer": true
        },
        {
          "created": "2023-06-02T01:40:23Z",
          "created_by": "/bin/sh -c #(nop)  EXPOSE 10082",
          "empty_layer": true
        },
        {
          "created": "2023-06-02T01:40:23Z",
          "created_by": "/bin/sh -c #(nop) WORKDIR /var/www/html",
          "empty_layer": true
        },
        {
          "created": "2023-06-02T01:40:23Z",
          "created_by": "/bin/sh -c #(nop)  CMD [\"/usr/local/bin/run\"]",
          "empty_layer": true
        }
      ],
      "os": "linux",
      "rootfs": {
        "type": "layers",
        "diff_ids": [
          "sha256:548a79621a426b4eb077c926eabac5a8620c454fb230640253e1b44dc7dd7562",
          "sha256:719925d1f238443ec62080e246ab4068ddb50491f0cb432723ccb7ae17fe4060",
          "sha256:b11499c3741df1779909d1505edd6e2027717386f0530ded786ca565a648831e",
          "sha256:38355c7c54ef219903a58c774ffa415a1f7a6244fc370ee49f6e39af768bc02f",
          "sha256:2a0bc0a7b21a97016a4803db7f735905413817ee5119013cbb77945881e0b0e9",
          "sha256:6bb167400872904b3d6f5388f5be340dc28d7999fafe22b805711dd645a0d784",
          "sha256:bd666ee1baab1357805c5c08482c974e10f918ec9c788cf8c2a9750ff7b1cd53",
          "sha256:ac74fc4ae56fddd90c01a53d62d14061428b4c30a430f0695eddba8961d8dbb8",
          "sha256:e7206efc51005f8126d9ce7f50149844b56599052f92c38e4683ea88a760a000",
          "sha256:a398a1eab4df1d56a7e6fbbc028f4fac2783c53ccbc873e9a6c7f256d111c2ca",
          "sha256:60ab04efbffff5098b8dda58a57372cdd8578ab6c2f09459d1b237065be6c130",
          "sha256:8a9317a21d1b1982498e1181d9771d8eead89f70af078f496b7cbed927f9f56e"
        ]
      },
      "config": {
        "Cmd": [
          "/usr/local/bin/run"
        ],
        "Env": [
          "PATH=/usr/local/sbin:/usr/local/bin:/usr/sbin:/usr/bin:/sbin:/bin",
          "ZS_INIT_VERSION=0.3",
          "ZS_INIT_SHA256=e8d441d8503808e9fc0fafc762b2cb80d4a6e68b94fede0fe41efdeac10800cb"
        ],
        "Image": "sha256:6a4fa4336c17b9aef730a92388660be4669334597739db2544a51d5638787acc",
        "Labels": {
          "org.opencontainers.image.ref.name": "ubuntu",
          "org.opencontainers.image.version": "18.04"
        },
        "WorkingDir": "/var/www/html"
      }
    }
  },
  "Results": [
    {
      "Target": "library/php-zendserver:latest (ubuntu 18.04)",
      "Class": "os-pkgs",
      "Type": "ubuntu",
      "Vulnerabilities": [
        {
          "VulnerabilityID": "CVE-2020-22218",
          "PkgID": "libssh2-1@1.8.0-1",
          "PkgName": "libssh2-1",
          "PkgIdentifier": {
            "PURL": "pkg:deb/ubuntu/libssh2-1@1.8.0-1?arch=amd64\u0026distro=ubuntu-18.04"
          },
          "InstalledVersion": "1.8.0-1",
          "FixedVersion": "1.8.0-1ubuntu0.1",
          "Status": "fixed",
          "Layer": {
            "DiffID": "sha256:2a0bc0a7b21a97016a4803db7f735905413817ee5119013cbb77945881e0b0e9"
          },
          "SeveritySource": "ubuntu",
          "PrimaryURL": "https://avd.aquasec.com/nvd/cve-2020-22218",
          "DataSource": {
            "ID": "ubuntu",
            "Name": "Ubuntu CVE Tracker",
            "URL": "https://git.launchpad.net/ubuntu-cve-tracker"
          },
          "Title": "libssh2: use-of-uninitialized-value in _libssh2_transport_read",
          "Description": "An issue was discovered in function _libssh2_packet_add in libssh2 1.10.0 allows attackers to access out of bounds memory.",
          "Severity": "MEDIUM",
          "CweIDs": [
            "CWE-787"
          ],
          "VendorSeverity": {
            "amazon": 3,
            "cbl-mariner": 3,
            "nvd": 3,
            "oracle-oval": 2,
            "photon": 3,
            "redhat": 2,
            "ubuntu": 2
          },
          "CVSS": {
            "nvd": {
              "V3Vector": "CVSS:3.1/AV:N/AC:L/PR:N/UI:N/S:U/C:N/I:N/A:H",
              "V3Score": 7.5
            },
            "redhat": {
              "V3Vector": "CVSS:3.1/AV:N/AC:L/PR:N/UI:N/S:U/C:N/I:N/A:H",
              "V3Score": 7.5
            }
          },
          "References": [
            "https://access.redhat.com/security/cve/CVE-2020-22218",
            "https://cve.mitre.org/cgi-bin/cvename.cgi?name=CVE-2020-22218",
            "https://github.com/libssh2/libssh2/pull/476",
            "https://linux.oracle.com/cve/CVE-2020-22218.html",
            "https://linux.oracle.com/errata/ELSA-2023-5615.html",
            "https://lists.debian.org/debian-lts-announce/2023/09/msg00006.html",
            "https://nvd.nist.gov/vuln/detail/CVE-2020-22218",
            "https://security.netapp.com/advisory/ntap-20231006-0002/",
            "https://ubuntu.com/security/notices/USN-6371-1",
            "https://www.cve.org/CVERecord?id=CVE-2020-22218"
          ],
          "PublishedDate": "2023-08-22T19:16:19.12Z",
          "LastModifiedDate": "2023-10-06T15:15:12.59Z"
        }
      ]
    },
    {
      "Target": "usr/local/zend/gui/composer.lock",
      "Class": "lang-pkgs",
      "Type": "composer",
      "Vulnerabilities": [
        {
          "VulnerabilityID": "GHSA-f6p5-76fp-m248",
          "PkgID": "zendframework/zend-diactoros@1.8.2",
          "PkgName": "zendframework/zend-diactoros",
          "PkgIdentifier": {
            "PURL": "pkg:composer/zendframework/zend-diactoros@1.8.2"
          },
          "InstalledVersion": "1.8.2",
          "FixedVersion": "1.8.4",
          "Status": "fixed",
          "Layer": {
            "DiffID": "sha256:2a0bc0a7b21a97016a4803db7f735905413817ee5119013cbb77945881e0b0e9"
          },
          "SeveritySource": "ghsa",
          "PrimaryURL": "https://github.com/advisories/GHSA-f6p5-76fp-m248",
          "DataSource": {
            "ID": "ghsa",
            "Name": "GitHub Security Advisory Composer",
            "URL": "https://github.com/advisories?query=type%3Areviewed+ecosystem%3Acomposer"
          },
          "Title": "URL Rewrite vulnerability in multiple zendframework components",
          "Description": "zend-diactoros (and, by extension, Expressive), zend-http (and, by extension, Zend Framework MVC projects), and zend-feed (specifically, its PubSubHubbub sub-component) each contain a potential URL rewrite exploit. In each case, marshaling a request URI includes logic that introspects HTTP request headers that are specific to a given server-side URL rewrite mechanism.\n\nWhen these headers are present on systems not running the specific URL rewriting mechanism, the logic would still trigger, allowing a malicious client or proxy to emulate the headers to request arbitrary content.",
          "Severity": "HIGH",
          "VendorSeverity": {
            "ghsa": 3
          },
          "References": [
            "https://github.com/FriendsOfPHP/security-advisories/blob/master/zendframework/zend-diactoros/ZF2018-01.yaml",
            "https://github.com/FriendsOfPHP/security-advisories/blob/master/zendframework/zend-feed/ZF2018-01.yaml",
            "https://github.com/FriendsOfPHP/security-advisories/blob/master/zendframework/zend-http/ZF2018-01.yaml"
          ]
        },
        {
          "VulnerabilityID": "GHSA-f6p5-76fp-m248",
          "PkgID": "zendframework/zend-feed@2.10.2",
          "PkgName": "zendframework/zend-feed",
          "PkgIdentifier": {
            "PURL": "pkg:composer/zendframework/zend-feed@2.10.2"
          },
          "InstalledVersion": "2.10.2",
          "FixedVersion": "2.10.3",
          "Status": "fixed",
          "Layer": {
            "DiffID": "sha256:2a0bc0a7b21a97016a4803db7f735905413817ee5119013cbb77945881e0b0e9"
          },
          "SeveritySource": "ghsa",
          "PrimaryURL": "https://github.com/advisories/GHSA-f6p5-76fp-m248",
          "DataSource": {
            "ID": "ghsa",
            "Name": "GitHub Security Advisory Composer",
            "URL": "https://github.com/advisories?query=type%3Areviewed+ecosystem%3Acomposer"
          },
          "Title": "URL Rewrite vulnerability in multiple zendframework components",
          "Description": "zend-diactoros (and, by extension, Expressive), zend-http (and, by extension, Zend Framework MVC projects), and zend-feed (specifically, its PubSubHubbub sub-component) each contain a potential URL rewrite exploit. In each case, marshaling a request URI includes logic that introspects HTTP request headers that are specific to a given server-side URL rewrite mechanism.\n\nWhen these headers are present on systems not running the specific URL rewriting mechanism, the logic would still trigger, allowing a malicious client or proxy to emulate the headers to request arbitrary content.",
          "Severity": "HIGH",
          "VendorSeverity": {
            "ghsa": 3
          },
          "References": [
            "https://github.com/FriendsOfPHP/security-advisories/blob/master/zendframework/zend-diactoros/ZF2018-01.yaml",
            "https://github.com/FriendsOfPHP/security-advisories/blob/master/zendframework/zend-feed/ZF2018-01.yaml",
            "https://github.com/FriendsOfPHP/security-advisories/blob/master/zendframework/zend-http/ZF2018-01.yaml"
          ]
        },
        {
          "VulnerabilityID": "GHSA-f6p5-76fp-m248",
          "PkgID": "zendframework/zend-http@2.8.0",
          "PkgName": "zendframework/zend-http",
          "PkgIdentifier": {
            "PURL": "pkg:composer/zendframework/zend-http@2.8.0"
          },
          "InstalledVersion": "2.8.0",
          "FixedVersion": "2.8.1",
          "Status": "fixed",
          "Layer": {
            "DiffID": "sha256:2a0bc0a7b21a97016a4803db7f735905413817ee5119013cbb77945881e0b0e9"
          },
          "SeveritySource": "ghsa",
          "PrimaryURL": "https://github.com/advisories/GHSA-f6p5-76fp-m248",
          "DataSource": {
            "ID": "ghsa",
            "Name": "GitHub Security Advisory Composer",
            "URL": "https://github.com/advisories?query=type%3Areviewed+ecosystem%3Acomposer"
          },
          "Title": "URL Rewrite vulnerability in multiple zendframework components",
          "Description": "zend-diactoros (and, by extension, Expressive), zend-http (and, by extension, Zend Framework MVC projects), and zend-feed (specifically, its PubSubHubbub sub-component) each contain a potential URL rewrite exploit. In each case, marshaling a request URI includes logic that introspects HTTP request headers that are specific to a given server-side URL rewrite mechanism.\n\nWhen these headers are present on systems not running the specific URL rewriting mechanism, the logic would still trigger, allowing a malicious client or proxy to emulate the headers to request arbitrary content.",
          "Severity": "HIGH",
          "VendorSeverity": {
            "ghsa": 3
          },
          "References": [
            "https://github.com/FriendsOfPHP/security-advisories/blob/master/zendframework/zend-diactoros/ZF2018-01.yaml",
            "https://github.com/FriendsOfPHP/security-advisories/blob/master/zendframework/zend-feed/ZF2018-01.yaml",
            "https://github.com/FriendsOfPHP/security-advisories/blob/master/zendframework/zend-http/ZF2018-01.yaml"
          ]
        }
      ]
    },
    {
      "Target": "/usr/local/zend/etc/tls/certs/lighttpd.pem",
      "Class": "secret",
      "Secrets": [
        {
          "RuleID": "private-key",
          "Category": "AsymmetricPrivateKey",
          "Severity": "HIGH",
          "Title": "Asymmetric Private Key",
          "StartLine": 1,
          "EndLine": 1,
          "Code": {
            "Lines": [
              {
                "Number": 1,
                "Content": "-----BEGIN PRIVATE KEY-----***********************************************************************************************************************************************************************************************************************************************************************************************************************************************************************************************************************************************************************************************************************************************************************************************************************************************************************************************************************************************************************************************************************************************************************************************************************************************************************************************************************************************************************************************************************************************************************************************************************************************************************************************************************************************************************************************************************************************************************************************************************************************************************************************************************************************************************************************************************-----END PRIVATE KEY-----",
                "IsCause": true,
                "Annotation": "",
                "Truncated": false,
                "Highlighted": "-----BEGIN PRIVATE KEY-----***********************************************************************************************************************************************************************************************************************************************************************************************************************************************************************************************************************************************************************************************************************************************************************************************************************************************************************************************************************************************************************************************************************************************************************************************************************************************************************************************************************************************************************************************************************************************************************************************************************************************************************************************************************************************************************************************************************************************************************************************************************************************************************************************************************************************************************************************************************-----END PRIVATE KEY-----",
                "FirstCause": true,
                "LastCause": true
              },
              {
                "Number": 2,
                "Content": "-----BEGIN CERTIFICATE-----",
                "IsCause": false,
                "Annotation": "",
                "Truncated": false,
                "Highlighted": "-----BEGIN CERTIFICATE-----",
                "FirstCause": false,
                "LastCause": false
              }
            ]
          },
          "Match": "-----BEGIN PRIVATE KEY-----***********************************************************************************************************************************************************************************************************************************************************************************************************************************************************************************************************************************************************************************************************************************************************************************************************************************************************************************************************************************************************************************************************************************************************************************************************************************************************************************************************************************************************************************************************************************************************************************************************************************************************************************************************************************************************************************************************************************************************************************************************************************************************************************************************************************************************************************************************************-----END PRIVATE KEY",
          "Layer": {
            "DiffID": "sha256:2a0bc0a7b21a97016a4803db7f735905413817ee5119013cbb77945881e0b0e9",
            "CreatedBy": "apt-get update \u0026\u0026 apt-get install -y       iproute2       curl       libmysqlclient20       unzip       git       zend-server-nginx=2021.0.0+b74     \u0026\u0026 rm -rf /var/lib/apt/lists/*     \u0026\u0026 /usr/local/zend/bin/zendctl.sh stop"
          }
        }
      ]
    }
  ]
}
