{
  "SchemaVersion": 2,
  "CreatedAt": "2024-02-23T23:18:12.849115541Z",
  "ArtifactName": "library/archlinux:base-20230625.0.160368",
  "ArtifactType": "container_image",
  "Metadata": {
    "ImageID": "sha256:f5e53dcc9ea40823c17746aa4cca3fab1bd77f9975d8a7c1277223ab471f1f6f",
    "DiffIDs": [
      "sha256:ef93c6f531ebe78b84f617d802b005c5d273b1606d93d5bc01562e3261ec2d65",
      "sha256:dd7ff133aac8f14d40d1094f2de0becaa331fe5c3b1aee205534d60ca8c562fc"
    ],
    "RepoTags": [
      "archlinux:base-20230625.0.160368"
    ],
    "RepoDigests": [
      "archlinux@sha256:417c338ddd030f678ae1d5f7885cef7075d191434f98d2e9fc3d0ab10de9fc84"
    ],
    "ImageConfig": {
      "architecture": "amd64",
      "container": "2a1e53d7c289940441a025bf03932147b18ccd348d2d7f8895ef989562e17d37",
      "created": "2023-06-27T01:00:49.556625563Z",
      "docker_version": "20.10.23",
      "history": [
        {
          "created": "2023-06-12T18:19:57Z",
          "created_by": "/bin/sh -c #(nop)  LABEL org.opencontainers.image.title=Arch Linux base Image",
          "empty_layer": true
        },
        {
          "created": "2023-06-12T18:19:57Z",
          "created_by": "/bin/sh -c #(nop)  LABEL org.opencontainers.image.description=Official containerd image of Arch Linux, a simple, lightweight Linux distribution aimed for flexibility.",
          "empty_layer": true
        },
        {
          "created": "2023-06-12T18:19:57Z",
          "created_by": "/bin/sh -c #(nop)  LABEL org.opencontainers.image.authors=Santiago Torres-Arias \u003csantiago@archlinux.org\u003e (@SantiagoTorres), Christian Rebischke \u003cChris.Rebischke@archlinux.org\u003e (@shibumi), Justin Kromlinger \u003chashworks@archlinux.org\u003e (@hashworks)",
          "empty_layer": true
        },
        {
          "created": "2023-06-12T18:19:57Z",
          "created_by": "/bin/sh -c #(nop)  LABEL org.opencontainers.image.url=https://gitlab.archlinux.org/archlinux/archlinux-docker/-/blob/master/README.md",
          "empty_layer": true
        },
        {
          "created": "2023-06-12T18:19:57Z",
          "created_by": "/bin/sh -c #(nop)  LABEL org.opencontainers.image.documentation=https://wiki.archlinux.org/title/Docker#Arch_Linux",
          "empty_layer": true
        },
        {
          "created": "2023-06-12T18:19:57Z",
          "created_by": "/bin/sh -c #(nop)  LABEL org.opencontainers.image.source=https://gitlab.archlinux.org/archlinux/archlinux-docker",
          "empty_layer": true
        },
        {
          "created": "2023-06-12T18:19:57Z",
          "created_by": "/bin/sh -c #(nop)  LABEL org.opencontainers.image.licenses=GPL-3.0-or-later",
          "empty_layer": true
        },
        {
          "created": "2023-06-27T01:00:41Z",
          "created_by": "/bin/sh -c #(nop)  LABEL org.opencontainers.image.version=20230625.0.160368",
          "empty_layer": true
        },
        {
          "created": "2023-06-27T01:00:41Z",
          "created_by": "/bin/sh -c #(nop)  LABEL org.opencontainers.image.revision=e4875c7e3688c1c0863f1e70cdea9da73d03cbcd",
          "empty_layer": true
        },
        {
          "created": "2023-06-27T01:00:41Z",
          "created_by": "/bin/sh -c #(nop)  LABEL org.opencontainers.image.created=2023-06-25T00:07:45+00:00",
          "empty_layer": true
        },
        {
          "created": "2023-06-27T01:00:47Z",
          "created_by": "/bin/sh -c #(nop) COPY dir:fac066235c37f5375f835af7ac97fbd1f1a73ee1a73c10ca8be0d8d1a135cd63 in / "
        },
        {
          "created": "2023-06-27T01:00:49Z",
          "created_by": "/bin/sh -c ldconfig \u0026\u0026     sed -i '/BUILD_ID/a VERSION_ID=20230625.0.160368' /etc/os-release"
        },
        {
          "created": "2023-06-27T01:00:49Z",
          "created_by": "/bin/sh -c #(nop)  ENV LANG=C.UTF-8",
          "empty_layer": true
        },
        {
          "created": "2023-06-27T01:00:49Z",
          "created_by": "/bin/sh -c #(nop)  CMD [\"/usr/bin/bash\"]",
          "empty_layer": true
        }
      ],
      "os": "linux",
      "rootfs": {
        "type": "layers",
        "diff_ids": [
          "sha256:ef93c6f531ebe78b84f617d802b005c5d273b1606d93d5bc01562e3261ec2d65",
          "sha256:dd7ff133aac8f14d40d1094f2de0becaa331fe5c3b1aee205534d60ca8c562fc"
        ]
      },
      "config": {
        "Cmd": [
          "/usr/bin/bash"
        ],
        "Env": [
          "PATH=/usr/local/sbin:/usr/local/bin:/usr/sbin:/usr/bin:/sbin:/bin",
          "LANG=C.UTF-8"
        ],
        "Image": "sha256:d3841a5a5302714efea79b09a1aad188b862befaa68b9c6b3db349b5b0e15482",
        "Labels": {
          "org.opencontainers.image.authors": "Santiago Torres-Arias \u003csantiago@archlinux.org\u003e (@SantiagoTorres), Christian Rebischke \u003cChris.Rebischke@archlinux.org\u003e (@shibumi), Justin Kromlinger \u003chashworks@archlinux.org\u003e (@hashworks)",
          "org.opencontainers.image.created": "2023-06-25T00:07:45+00:00",
          "org.opencontainers.image.description": "Official containerd image of Arch Linux, a simple, lightweight Linux distribution aimed for flexibility.",
          "org.opencontainers.image.documentation": "https://wiki.archlinux.org/title/Docker#Arch_Linux",
          "org.opencontainers.image.licenses": "GPL-3.0-or-later",
          "org.opencontainers.image.revision": "e4875c7e3688c1c0863f1e70cdea9da73d03cbcd",
          "org.opencontainers.image.source": "https://gitlab.archlinux.org/archlinux/archlinux-docker",
          "org.opencontainers.image.title": "Arch Linux base Image",
          "org.opencontainers.image.url": "https://gitlab.archlinux.org/archlinux/archlinux-docker/-/blob/master/README.md",
          "org.opencontainers.image.version": "20230625.0.160368"
        }
      }
    }
  }
}
