{
  "SchemaVersion": 2,
  "CreatedAt": "2024-02-24T00:57:55.168198516Z",
  "ArtifactName": "library/gazebo:libgazebo11-bionic",
  "ArtifactType": "container_image",
  "Metadata": {
    "OS": {
      "Family": "ubuntu",
      "Name": "18.04",
      "EOSL": true
    },
    "ImageID": "sha256:644ddabb1b9404d428e9dceb169a089c09c5962fe5d304b46c33c90470e8be6c",
    "DiffIDs": [
      "sha256:548a79621a426b4eb077c926eabac5a8620c454fb230640253e1b44dc7dd7562",
      "sha256:31814479dad01a4912bc23bede7167d10ff1267332a8b6db0e8875cb9d5bd940",
      "sha256:3dd2df6ec4684826f7547e17d885a5942932f8a8cbc589ecbfc2743781401552",
      "sha256:12768e9549063af058155b48f577a2858771d9616bf0e7b3f65666238d3db119",
      "sha256:aa42051da2f071f4d0f61cad21cd01e6ba185f573bc33e2ce5842110b0e63fd1",
      "sha256:62b51dcc545e291954430435e76c4d0ef1cbe5770f41f53842609734c590fe0a",
      "sha256:97f9302c43dc6225ac09ea9af0b7f405e573b82d3c4f09a747fc2bbd60f27363",
      "sha256:6ca4c46361b5475008a02a4beeab7229aa1af966d5031fc6b261e107b84a32b7"
    ],
    "RepoTags": [
      "gazebo:libgazebo11-bionic"
    ],
    "RepoDigests": [
      "gazebo@sha256:c0bc17d5cb72d98c58a862c3b9b2de281538c725c2fa925280588c97176edc3e"
    ],
    "ImageConfig": {
      "architecture": "amd64",
      "container": "b9ef109aa69d056a0bae87848dde4f35024638cf128847731b849465936b7e8c",
      "created": "2023-06-02T01:01:43.517103161Z",
      "docker_version": "20.10.23",
      "history": [
        {
          "created": "2023-05-30T09:32:07Z",
          "created_by": "/bin/sh -c #(nop)  ARG RELEASE",
          "empty_layer": true
        },
        {
          "created": "2023-05-30T09:32:07Z",
          "created_by": "/bin/sh -c #(nop)  ARG LAUNCHPAD_BUILD_ARCH",
          "empty_layer": true
        },
        {
          "created": "2023-05-30T09:32:07Z",
          "created_by": "/bin/sh -c #(nop)  LABEL org.opencontainers.image.ref.name=ubuntu",
          "empty_layer": true
        },
        {
          "created": "2023-05-30T09:32:07Z",
          "created_by": "/bin/sh -c #(nop)  LABEL org.opencontainers.image.version=18.04",
          "empty_layer": true
        },
        {
          "created": "2023-05-30T09:32:09Z",
          "created_by": "/bin/sh -c #(nop) ADD file:3c74e7e08cbf9a87694ce6fa541af617599680fa54d9e48556fc0fbc120b4a83 in / "
        },
        {
          "created": "2023-05-30T09:32:09Z",
          "created_by": "/bin/sh -c #(nop)  CMD [\"/bin/bash\"]",
          "empty_layer": true
        },
        {
          "created": "2023-06-02T00:55:18Z",
          "created_by": "/bin/sh -c echo 'Etc/UTC' \u003e /etc/timezone \u0026\u0026     ln -s /usr/share/zoneinfo/Etc/UTC /etc/localtime \u0026\u0026     apt-get update \u0026\u0026     apt-get install -q -y --no-install-recommends tzdata \u0026\u0026     rm -rf /var/lib/apt/lists/*"
        },
        {
          "created": "2023-06-02T00:55:37Z",
          "created_by": "/bin/sh -c apt-get update \u0026\u0026 apt-get install -q -y --no-install-recommends     dirmngr     gnupg2     lsb-release     \u0026\u0026 rm -rf /var/lib/apt/lists/*"
        },
        {
          "created": "2023-06-02T00:55:39Z",
          "created_by": "/bin/sh -c apt-key adv --keyserver hkp://keyserver.ubuntu.com:80 --recv-keys D2486D2DD83DB69272AFE98867170598AF249743"
        },
        {
          "created": "2023-06-02T00:55:39Z",
          "created_by": "/bin/sh -c . /etc/os-release     \u0026\u0026 echo \"deb http://packages.osrfoundation.org/gazebo/$ID-stable `lsb_release -sc` main\" \u003e /etc/apt/sources.list.d/gazebo-latest.list"
        },
        {
          "created": "2023-06-02T00:58:16Z",
          "created_by": "/bin/sh -c apt-get update \u0026\u0026 apt-get install -y --no-install-recommends     gazebo11=11.13.0-1*     \u0026\u0026 rm -rf /var/lib/apt/lists/*"
        },
        {
          "created": "2023-06-02T00:58:17Z",
          "created_by": "/bin/sh -c #(nop)  EXPOSE 11345",
          "empty_layer": true
        },
        {
          "created": "2023-06-02T00:58:17Z",
          "created_by": "/bin/sh -c #(nop) COPY file:b79966dec12c55a0a5c9e673326cc3faf9cbbeee0ea5f172e863df237eb8a601 in / "
        },
        {
          "created": "2023-06-02T00:58:17Z",
          "created_by": "/bin/sh -c #(nop)  ENTRYPOINT [\"/gzserver_entrypoint.sh\"]",
          "empty_layer": true
        },
        {
          "created": "2023-06-02T00:58:18Z",
          "created_by": "/bin/sh -c #(nop)  CMD [\"gzserver\"]",
          "empty_layer": true
        },
        {
          "created": "2023-06-02T01:01:43Z",
          "created_by": "/bin/sh -c apt-get update \u0026\u0026 apt-get install -y --no-install-recommends     libgazebo11-dev=11.13.0-1*     \u0026\u0026 rm -rf /var/lib/apt/lists/*"
        }
      ],
      "os": "linux",
      "rootfs": {
        "type": "layers",
        "diff_ids": [
          "sha256:548a79621a426b4eb077c926eabac5a8620c454fb230640253e1b44dc7dd7562",
          "sha256:31814479dad01a4912bc23bede7167d10ff1267332a8b6db0e8875cb9d5bd940",
          "sha256:3dd2df6ec4684826f7547e17d885a5942932f8a8cbc589ecbfc2743781401552",
          "sha256:12768e9549063af058155b48f577a2858771d9616bf0e7b3f65666238d3db119",
          "sha256:aa42051da2f071f4d0f61cad21cd01e6ba185f573bc33e2ce5842110b0e63fd1",
          "sha256:62b51dcc545e291954430435e76c4d0ef1cbe5770f41f53842609734c590fe0a",
          "sha256:97f9302c43dc6225ac09ea9af0b7f405e573b82d3c4f09a747fc2bbd60f27363",
          "sha256:6ca4c46361b5475008a02a4beeab7229aa1af966d5031fc6b261e107b84a32b7"
        ]
      },
      "config": {
        "Cmd": [
          "gzserver"
        ],
        "Entrypoint": [
          "/gzserver_entrypoint.sh"
        ],
        "Env": [
          "PATH=/usr/local/sbin:/usr/local/bin:/usr/sbin:/usr/bin:/sbin:/bin"
        ],
        "Image": "sha256:43ad9a1fa9ed033d4b65625af6633b6859f36e94ec1056c3511585ca868c6f0c",
        "Labels": {
          "org.opencontainers.image.ref.name": "ubuntu",
          "org.opencontainers.image.version": "18.04"
        }
      }
    }
  },
  "Results": [
    {
      "Target": "library/gazebo:libgazebo11-bionic (ubuntu 18.04)",
      "Class": "os-pkgs",
      "Type": "ubuntu"
    }
  ]
}
