{
  "SchemaVersion": 2,
  "CreatedAt": "2024-02-24T00:06:28.395439034Z",
  "ArtifactName": "library/neurodebian:bionic",
  "ArtifactType": "container_image",
  "Metadata": {
    "OS": {
      "Family": "ubuntu",
      "Name": "18.04",
      "EOSL": true
    },
    "ImageID": "sha256:e54202678ffa323cabbfa7d9142d688755ff6767f3a44607c1eb821edd05ac91",
    "DiffIDs": [
      "sha256:548a79621a426b4eb077c926eabac5a8620c454fb230640253e1b44dc7dd7562",
      "sha256:89e2f57b4381e9ff21ac4d2a622645878165f2108e8f8af3734082d1990e41f1",
      "sha256:671f176caef7945cef018429769d2b65802152a7bc04b2b881d18f6baa7a6465",
      "sha256:2a46a22d9a80a7143520523ac360c2b651f662de422c6e1b56dfe97ed9deed0a",
      "sha256:887dc6727de650caf2958a21b19db28be0bef6e673e9e6050edbad325ba21008"
    ],
    "RepoTags": [
      "neurodebian:bionic"
    ],
    "RepoDigests": [
      "neurodebian@sha256:0dc0c6379aa9de4c7beb314a77836296ed1b9ecec52b6e370d7d1d8fb37e8c7a"
    ],
    "ImageConfig": {
      "architecture": "amd64",
      "container": "d16272a83caf01941e7b0e23eddddd25c0d861bbdadfbcacc930dd591803ad56",
      "created": "2023-06-02T01:34:48.844126076Z",
      "docker_version": "20.10.23",
      "history": [
        {
          "created": "2023-05-30T09:32:07Z",
          "created_by": "/bin/sh -c #(nop)  ARG RELEASE",
          "empty_layer": true
        },
        {
          "created": "2023-05-30T09:32:07Z",
          "created_by": "/bin/sh -c #(nop)  ARG LAUNCHPAD_BUILD_ARCH",
          "empty_layer": true
        },
        {
          "created": "2023-05-30T09:32:07Z",
          "created_by": "/bin/sh -c #(nop)  LABEL org.opencontainers.image.ref.name=ubuntu",
          "empty_layer": true
        },
        {
          "created": "2023-05-30T09:32:07Z",
          "created_by": "/bin/sh -c #(nop)  LABEL org.opencontainers.image.version=18.04",
          "empty_layer": true
        },
        {
          "created": "2023-05-30T09:32:09Z",
          "created_by": "/bin/sh -c #(nop) ADD file:3c74e7e08cbf9a87694ce6fa541af617599680fa54d9e48556fc0fbc120b4a83 in / "
        },
        {
          "created": "2023-05-30T09:32:09Z",
          "created_by": "/bin/sh -c #(nop)  CMD [\"/bin/bash\"]",
          "empty_layer": true
        },
        {
          "created": "2023-06-02T01:34:41Z",
          "created_by": "/bin/sh -c set -x \t\u0026\u0026 apt-get update \t\u0026\u0026 { \t\twhich gpg \t\t|| apt-get install -y --no-install-recommends gnupg \t; } \t\u0026\u0026 { \t\tgpg --version | grep -q '^gpg (GnuPG) 1\\.' \t\t|| apt-get install -y --no-install-recommends dirmngr \t; } \t\u0026\u0026 rm -rf /var/lib/apt/lists/*"
        },
        {
          "created": "2023-06-02T01:34:42Z",
          "created_by": "/bin/sh -c set -x \t\u0026\u0026 export GNUPGHOME=\"$(mktemp -d)\" \t\u0026\u0026 gpg --batch --keyserver keyserver.ubuntu.com --recv-keys DD95CC430502E37EF840ACEEA5D32F012649A5A9 \t\u0026\u0026 gpg --batch --export DD95CC430502E37EF840ACEEA5D32F012649A5A9 \u003e /etc/apt/trusted.gpg.d/neurodebian.gpg \t\u0026\u0026 rm -rf \"$GNUPGHOME\" \t\u0026\u0026 apt-key list | grep neurodebian"
        },
        {
          "created": "2023-06-02T01:34:43Z",
          "created_by": "/bin/sh -c { \techo 'deb http://neuro.debian.net/debian bionic main'; \techo 'deb http://neuro.debian.net/debian data main'; \techo '#deb-src http://neuro.debian.net/debian-devel bionic main'; } \u003e /etc/apt/sources.list.d/neurodebian.sources.list"
        },
        {
          "created": "2023-06-02T01:34:48Z",
          "created_by": "/bin/sh -c set -x \t\u0026\u0026 apt-get update \t\u0026\u0026 apt-get install -y --no-install-recommends neurodebian-freeze eatmydata \t\u0026\u0026 ln -s /usr/bin/eatmydata /usr/local/bin/apt-get \t\u0026\u0026 rm -rf /var/lib/apt/lists/*"
        }
      ],
      "os": "linux",
      "rootfs": {
        "type": "layers",
        "diff_ids": [
          "sha256:548a79621a426b4eb077c926eabac5a8620c454fb230640253e1b44dc7dd7562",
          "sha256:89e2f57b4381e9ff21ac4d2a622645878165f2108e8f8af3734082d1990e41f1",
          "sha256:671f176caef7945cef018429769d2b65802152a7bc04b2b881d18f6baa7a6465",
          "sha256:2a46a22d9a80a7143520523ac360c2b651f662de422c6e1b56dfe97ed9deed0a",
          "sha256:887dc6727de650caf2958a21b19db28be0bef6e673e9e6050edbad325ba21008"
        ]
      },
      "config": {
        "Cmd": [
          "/bin/bash"
        ],
        "Env": [
          "PATH=/usr/local/sbin:/usr/local/bin:/usr/sbin:/usr/bin:/sbin:/bin"
        ],
        "Image": "sha256:51c4887ae02cf4ee945b95d9c6202dddc411f0718b67d22d57e82dd13ef2e647",
        "Labels": {
          "org.opencontainers.image.ref.name": "ubuntu",
          "org.opencontainers.image.version": "18.04"
        }
      }
    }
  },
  "Results": [
    {
      "Target": "library/neurodebian:bionic (ubuntu 18.04)",
      "Class": "os-pkgs",
      "Type": "ubuntu"
    }
  ]
}
