{
  "SchemaVersion": 2,
  "CreatedAt": "2024-02-23T18:36:01.087072654Z",
  "ArtifactName": "library/registry:2.8.1",
  "ArtifactType": "container_image",
  "Metadata": {
    "OS": {
      "Family": "alpine",
      "Name": "3.18.0"
    },
    "ImageID": "sha256:f5352b75f67e2e2df2bf2d96509248d1f618b8aa66d8b8c89d21e29111424881",
    "DiffIDs": [
      "sha256:bb01bd7e32b58b6694c8c3622c230171f1cec24001a82068a8d30d338f420d6c",
      "sha256:4984fbd72df141afc1ae10f6c542b08aa55affab51807799c0395f99917d62b8",
      "sha256:ef9789a61dfe84ad0360aa30fd0eef9f1192fda98f3c668ae985fc2af37c9a30",
      "sha256:64bcdd1f585db9b73db3e0b1916800b4c8228f9eaef4c83de8d5fa84c3321ee6",
      "sha256:75ae16d0ff228bdeed126b87ad815df82c8808c6899236c0bea82cd606519974"
    ],
    "RepoTags": [
      "registry:2.8.1"
    ],
    "RepoDigests": [
      "registry@sha256:dbaa3e69f563fc146f3337eb9de422f74f6765bf0203c891ddfbd74a6f9b56eb"
    ],
    "ImageConfig": {
      "architecture": "amd64",
      "container": "8e67c297d85cc1550909970d4191df3a2f1d1743a166eb003157d3756b569889",
      "created": "2023-05-10T00:00:12.469943212Z",
      "docker_version": "20.10.23",
      "history": [
        {
          "created": "2023-05-09T23:11:10Z",
          "created_by": "/bin/sh -c #(nop) ADD file:7625ddfd589fb824ee39f1b1eb387b98f3676420ff52f26eb9d975151e889667 in / "
        },
        {
          "created": "2023-05-09T23:11:10Z",
          "created_by": "/bin/sh -c #(nop)  CMD [\"/bin/sh\"]",
          "empty_layer": true
        },
        {
          "created": "2023-05-10T00:00:10Z",
          "created_by": "/bin/sh -c apk add --no-cache ca-certificates"
        },
        {
          "created": "2023-05-10T00:00:11Z",
          "created_by": "/bin/sh -c set -eux; \tversion='2.8.1'; \tapkArch=\"$(apk --print-arch)\"; \tcase \"$apkArch\" in \t\tx86_64)  arch='amd64';   sha256='f1a376964912a5fd7d588107ebe5185da77803244e15476d483c945959347ee2' ;; \t\taarch64) arch='arm64';   sha256='4c588c8e62c9a84f1eecfba4c842fe363b91be87fd42e3b5dac45148a2f46c52' ;; \t\tarmhf)   arch='armv6';   sha256='d711b3b6e77f3acc7c89fad9310413ef145751ac702627dc1fa89991bf3b6104' ;; \t\tarmv7)   arch='armv7';   sha256='d2f2180c1a847056f9c5dcfd1d6fda4c6086d126204541e0ed047c04f30a0f91' ;; \t\tppc64le) arch='ppc64le'; sha256='ca77cdfb7b1415869558c118b5e783bb9d695a74d8426a0bd8d8a39beb23fb85' ;; \t\ts390x)   arch='s390x';   sha256='3e505af15c562870869441d5d1f79988c3c666b9a4370894ecf2f064860b48ba' ;; \t\t*) echo \u003e\u00262 \"error: unsupported architecture: $apkArch\"; exit 1 ;; \tesac; \twget -O registry.tar.gz \"https://github.com/distribution/distribution/releases/download/v${version}/registry_${version}_linux_${arch}.tar.gz\"; \techo \"$sha256 *registry.tar.gz\" | sha256sum -c -; \ttar --extract --verbose --file registry.tar.gz --directory /bin/ registry; \trm registry.tar.gz; \tregistry --version"
        },
        {
          "created": "2023-05-10T00:00:12Z",
          "created_by": "/bin/sh -c #(nop) COPY file:4544cc1555469403b322faecc1cf1ca584667c43a6a60b17300f97840c04196e in /etc/docker/registry/config.yml "
        },
        {
          "created": "2023-05-10T00:00:12Z",
          "created_by": "/bin/sh -c #(nop)  VOLUME [/var/lib/registry]",
          "empty_layer": true
        },
        {
          "created": "2023-05-10T00:00:12Z",
          "created_by": "/bin/sh -c #(nop)  EXPOSE 5000",
          "empty_layer": true
        },
        {
          "created": "2023-05-10T00:00:12Z",
          "created_by": "/bin/sh -c #(nop) COPY file:507caa54f88c1f3862e5876e09a108b2083630ba24c57ad124e356a2de861d62 in /entrypoint.sh "
        },
        {
          "created": "2023-05-10T00:00:12Z",
          "created_by": "/bin/sh -c #(nop)  ENTRYPOINT [\"/entrypoint.sh\"]",
          "empty_layer": true
        },
        {
          "created": "2023-05-10T00:00:12Z",
          "created_by": "/bin/sh -c #(nop)  CMD [\"/etc/docker/registry/config.yml\"]",
          "empty_layer": true
        }
      ],
      "os": "linux",
      "rootfs": {
        "type": "layers",
        "diff_ids": [
          "sha256:bb01bd7e32b58b6694c8c3622c230171f1cec24001a82068a8d30d338f420d6c",
          "sha256:4984fbd72df141afc1ae10f6c542b08aa55affab51807799c0395f99917d62b8",
          "sha256:ef9789a61dfe84ad0360aa30fd0eef9f1192fda98f3c668ae985fc2af37c9a30",
          "sha256:64bcdd1f585db9b73db3e0b1916800b4c8228f9eaef4c83de8d5fa84c3321ee6",
          "sha256:75ae16d0ff228bdeed126b87ad815df82c8808c6899236c0bea82cd606519974"
        ]
      },
      "config": {
        "Cmd": [
          "/etc/docker/registry/config.yml"
        ],
        "Entrypoint": [
          "/entrypoint.sh"
        ],
        "Env": [
          "PATH=/usr/local/sbin:/usr/local/bin:/usr/sbin:/usr/bin:/sbin:/bin"
        ],
        "Image": "sha256:17fc9cbe98084e02af4b695a6400cec314da9b86a0f23aef78d3e86f226789fc",
        "Volumes": {
          "/var/lib/registry": {}
        }
      }
    }
  },
  "Results": [
    {
      "Target": "library/registry:2.8.1 (alpine 3.18.0)",
      "Class": "os-pkgs",
      "Type": "alpine",
      "Vulnerabilities": [
        {
          "VulnerabilityID": "CVE-2022-48174",
          "PkgID": "busybox@1.36.0-r9",
          "PkgName": "busybox",
          "PkgIdentifier": {
            "PURL": "pkg:apk/alpine/busybox@1.36.0-r9?arch=x86_64\u0026distro=3.18.0"
          },
          "InstalledVersion": "1.36.0-r9",
          "FixedVersion": "1.36.1-r1",
          "Status": "fixed",
          "Layer": {
            "DiffID": "sha256:bb01bd7e32b58b6694c8c3622c230171f1cec24001a82068a8d30d338f420d6c"
          },
          "SeveritySource": "nvd",
          "PrimaryURL": "https://avd.aquasec.com/nvd/cve-2022-48174",
          "DataSource": {
            "ID": "alpine",
            "Name": "Alpine Secdb",
            "URL": "https://secdb.alpinelinux.org/"
          },
          "Title": "stack overflow vulnerability in ash.c leads to arbitrary code execution",
          "Description": "There is a stack overflow vulnerability in ash.c:6030 in busybox before 1.35. In the environment of Internet of Vehicles, this vulnerability can be executed from command to arbitrary code execution.",
          "Severity": "CRITICAL",
          "CweIDs": [
            "CWE-787"
          ],
          "VendorSeverity": {
            "amazon": 2,
            "nvd": 4,
            "oracle-oval": 3,
            "redhat": 3,
            "ubuntu": 1
          },
          "CVSS": {
            "nvd": {
              "V3Vector": "CVSS:3.1/AV:N/AC:L/PR:N/UI:N/S:U/C:H/I:H/A:H",
              "V3Score": 9.8
            },
            "redhat": {
              "V3Vector": "CVSS:3.1/AV:N/AC:L/PR:N/UI:N/S:U/C:H/I:H/A:H",
              "V3Score": 9.8
            }
          },
          "References": [
            "https://access.redhat.com/security/cve/CVE-2022-48174",
            "https://bugs.busybox.net/show_bug.cgi?id=15216",
            "https://cve.mitre.org/cgi-bin/cvename.cgi?name=CVE-2022-48174",
            "https://linux.oracle.com/cve/CVE-2022-48174.html",
            "https://linux.oracle.com/errata/ELSA-2023-5178.html",
            "https://nvd.nist.gov/vuln/detail/CVE-2022-48174",
            "https://ubuntu.com/security/notices/USN-6335-1",
            "https://www.cve.org/CVERecord?id=CVE-2022-48174"
          ],
          "PublishedDate": "2023-08-22T19:16:31.08Z",
          "LastModifiedDate": "2023-08-28T18:53:37.147Z"
        },
        {
          "VulnerabilityID": "CVE-2022-48174",
          "PkgID": "busybox-binsh@1.36.0-r9",
          "PkgName": "busybox-binsh",
          "PkgIdentifier": {
            "PURL": "pkg:apk/alpine/busybox-binsh@1.36.0-r9?arch=x86_64\u0026distro=3.18.0"
          },
          "InstalledVersion": "1.36.0-r9",
          "FixedVersion": "1.36.1-r1",
          "Status": "fixed",
          "Layer": {
            "DiffID": "sha256:bb01bd7e32b58b6694c8c3622c230171f1cec24001a82068a8d30d338f420d6c"
          },
          "SeveritySource": "nvd",
          "PrimaryURL": "https://avd.aquasec.com/nvd/cve-2022-48174",
          "DataSource": {
            "ID": "alpine",
            "Name": "Alpine Secdb",
            "URL": "https://secdb.alpinelinux.org/"
          },
          "Title": "stack overflow vulnerability in ash.c leads to arbitrary code execution",
          "Description": "There is a stack overflow vulnerability in ash.c:6030 in busybox before 1.35. In the environment of Internet of Vehicles, this vulnerability can be executed from command to arbitrary code execution.",
          "Severity": "CRITICAL",
          "CweIDs": [
            "CWE-787"
          ],
          "VendorSeverity": {
            "amazon": 2,
            "nvd": 4,
            "oracle-oval": 3,
            "redhat": 3,
            "ubuntu": 1
          },
          "CVSS": {
            "nvd": {
              "V3Vector": "CVSS:3.1/AV:N/AC:L/PR:N/UI:N/S:U/C:H/I:H/A:H",
              "V3Score": 9.8
            },
            "redhat": {
              "V3Vector": "CVSS:3.1/AV:N/AC:L/PR:N/UI:N/S:U/C:H/I:H/A:H",
              "V3Score": 9.8
            }
          },
          "References": [
            "https://access.redhat.com/security/cve/CVE-2022-48174",
            "https://bugs.busybox.net/show_bug.cgi?id=15216",
            "https://cve.mitre.org/cgi-bin/cvename.cgi?name=CVE-2022-48174",
            "https://linux.oracle.com/cve/CVE-2022-48174.html",
            "https://linux.oracle.com/errata/ELSA-2023-5178.html",
            "https://nvd.nist.gov/vuln/detail/CVE-2022-48174",
            "https://ubuntu.com/security/notices/USN-6335-1",
            "https://www.cve.org/CVERecord?id=CVE-2022-48174"
          ],
          "PublishedDate": "2023-08-22T19:16:31.08Z",
          "LastModifiedDate": "2023-08-28T18:53:37.147Z"
        },
        {
          "VulnerabilityID": "CVE-2023-5363",
          "PkgID": "libcrypto3@3.1.0-r4",
          "PkgName": "libcrypto3",
          "PkgIdentifier": {
            "PURL": "pkg:apk/alpine/libcrypto3@3.1.0-r4?arch=x86_64\u0026distro=3.18.0"
          },
          "InstalledVersion": "3.1.0-r4",
          "FixedVersion": "3.1.4-r0",
          "Status": "fixed",
          "Layer": {
            "DiffID": "sha256:bb01bd7e32b58b6694c8c3622c230171f1cec24001a82068a8d30d338f420d6c"
          },
          "SeveritySource": "nvd",
          "PrimaryURL": "https://avd.aquasec.com/nvd/cve-2023-5363",
          "DataSource": {
            "ID": "alpine",
            "Name": "Alpine Secdb",
            "URL": "https://secdb.alpinelinux.org/"
          },
          "Title": "openssl: Incorrect cipher key and IV length processing",
          "Description": "Issue summary: A bug has been identified in the processing of key and\ninitialisation vector (IV) lengths.  This can lead to potential truncation\nor overruns during the initialisation of some symmetric ciphers.\n\nImpact summary: A truncation in the IV can result in non-uniqueness,\nwhich could result in loss of confidentiality for some cipher modes.\n\nWhen calling EVP_EncryptInit_ex2(), EVP_DecryptInit_ex2() or\nEVP_CipherInit_ex2() the provided OSSL_PARAM array is processed after\nthe key and IV have been established.  Any alterations to the key length,\nvia the \"keylen\" parameter or the IV length, via the \"ivlen\" parameter,\nwithin the OSSL_PARAM array will not take effect as intended, potentially\ncausing truncation or overreading of these values.  The following ciphers\nand cipher modes are impacted: RC2, RC4, RC5, CCM, GCM and OCB.\n\nFor the CCM, GCM and OCB cipher modes, truncation of the IV can result in\nloss of confidentiality.  For example, when following NIST's SP 800-38D\nsection 8.2.1 guidance for constructing a deterministic IV for AES in\nGCM mode, truncation of the counter portion could lead to IV reuse.\n\nBoth truncations and overruns of the key and overruns of the IV will\nproduce incorrect results and could, in some cases, trigger a memory\nexception.  However, these issues are not currently assessed as security\ncritical.\n\nChanging the key and/or IV lengths is not considered to be a common operation\nand the vulnerable API was recently introduced. Furthermore it is likely that\napplication developers will have spotted this problem during testing since\ndecryption would fail unless both peers in the communication were similarly\nvulnerable. For these reasons we expect the probability of an application being\nvulnerable to this to be quite low. However if an application is vulnerable then\nthis issue is considered very serious. For these reasons we have assessed this\nissue as Moderate severity overall.\n\nThe OpenSSL SSL/TLS implementation is not affected by this issue.\n\nThe OpenSSL 3.0 and 3.1 FIPS providers are not affected by this because\nthe issue lies outside of the FIPS provider boundary.\n\nOpenSSL 3.1 and 3.0 are vulnerable to this issue.",
          "Severity": "HIGH",
          "VendorSeverity": {
            "alma": 2,
            "amazon": 3,
            "nvd": 3,
            "oracle-oval": 3,
            "photon": 3,
            "redhat": 2,
            "ubuntu": 2
          },
          "CVSS": {
            "nvd": {
              "V3Vector": "CVSS:3.1/AV:N/AC:L/PR:N/UI:N/S:U/C:H/I:N/A:N",
              "V3Score": 7.5
            },
            "redhat": {
              "V3Vector": "CVSS:3.1/AV:N/AC:L/PR:N/UI:N/S:U/C:H/I:N/A:N",
              "V3Score": 7.5
            }
          },
          "References": [
            "http://www.openwall.com/lists/oss-security/2023/10/24/1",
            "https://access.redhat.com/errata/RHSA-2024:0310",
            "https://access.redhat.com/security/cve/CVE-2023-5363",
            "https://bugzilla.redhat.com/2243839",
            "https://cve.mitre.org/cgi-bin/cvename.cgi?name=CVE-2023-5363",
            "https://errata.almalinux.org/9/ALSA-2024-0310.html",
            "https://git.openssl.org/gitweb/?p=openssl.git;a=commitdiff;h=0df40630850fb2740e6be6890bb905d3fc623b2d",
            "https://git.openssl.org/gitweb/?p=openssl.git;a=commitdiff;h=5f69f5c65e483928c4b28ed16af6e5742929f1ee",
            "https://linux.oracle.com/cve/CVE-2023-5363.html",
            "https://linux.oracle.com/errata/ELSA-2024-12093.html",
            "https://nvd.nist.gov/vuln/detail/CVE-2023-5363",
            "https://security.netapp.com/advisory/ntap-20231027-0010/",
            "https://security.netapp.com/advisory/ntap-20240201-0003/",
            "https://security.netapp.com/advisory/ntap-20240201-0004/",
            "https://ubuntu.com/security/notices/USN-6450-1",
            "https://www.cve.org/CVERecord?id=CVE-2023-5363",
            "https://www.debian.org/security/2023/dsa-5532",
            "https://www.openssl.org/news/secadv/20231024.txt"
          ],
          "PublishedDate": "2023-10-25T18:17:43.613Z",
          "LastModifiedDate": "2024-02-01T17:15:08.743Z"
        },
        {
          "VulnerabilityID": "CVE-2023-2650",
          "PkgID": "libcrypto3@3.1.0-r4",
          "PkgName": "libcrypto3",
          "PkgIdentifier": {
            "PURL": "pkg:apk/alpine/libcrypto3@3.1.0-r4?arch=x86_64\u0026distro=3.18.0"
          },
          "InstalledVersion": "3.1.0-r4",
          "FixedVersion": "3.1.1-r0",
          "Status": "fixed",
          "Layer": {
            "DiffID": "sha256:bb01bd7e32b58b6694c8c3622c230171f1cec24001a82068a8d30d338f420d6c"
          },
          "SeveritySource": "nvd",
          "PrimaryURL": "https://avd.aquasec.com/nvd/cve-2023-2650",
          "DataSource": {
            "ID": "alpine",
            "Name": "Alpine Secdb",
            "URL": "https://secdb.alpinelinux.org/"
          },
          "Title": "openssl: Possible DoS translating ASN.1 object identifiers",
          "Description": "Issue summary: Processing some specially crafted ASN.1 object identifiers or\ndata containing them may be very slow.\n\nImpact summary: Applications that use OBJ_obj2txt() directly, or use any of\nthe OpenSSL subsystems OCSP, PKCS7/SMIME, CMS, CMP/CRMF or TS with no message\nsize limit may experience notable to very long delays when processing those\nmessages, which may lead to a Denial of Service.\n\nAn OBJECT IDENTIFIER is composed of a series of numbers - sub-identifiers -\nmost of which have no size limit.  OBJ_obj2txt() may be used to translate\nan ASN.1 OBJECT IDENTIFIER given in DER encoding form (using the OpenSSL\ntype ASN1_OBJECT) to its canonical numeric text form, which are the\nsub-identifiers of the OBJECT IDENTIFIER in decimal form, separated by\nperiods.\n\nWhen one of the sub-identifiers in the OBJECT IDENTIFIER is very large\n(these are sizes that are seen as absurdly large, taking up tens or hundreds\nof KiBs), the translation to a decimal number in text may take a very long\ntime.  The time complexity is O(n^2) with 'n' being the size of the\nsub-identifiers in bytes (*).\n\nWith OpenSSL 3.0, support to fetch cryptographic algorithms using names /\nidentifiers in string form was introduced.  This includes using OBJECT\nIDENTIFIERs in canonical numeric text form as identifiers for fetching\nalgorithms.\n\nSuch OBJECT IDENTIFIERs may be received through the ASN.1 structure\nAlgorithmIdentifier, which is commonly used in multiple protocols to specify\nwhat cryptographic algorithm should be used to sign or verify, encrypt or\ndecrypt, or digest passed data.\n\nApplications that call OBJ_obj2txt() directly with untrusted data are\naffected, with any version of OpenSSL.  If the use is for the mere purpose\nof display, the severity is considered low.\n\nIn OpenSSL 3.0 and newer, this affects the subsystems OCSP, PKCS7/SMIME,\nCMS, CMP/CRMF or TS.  It also impacts anything that processes X.509\ncertificates, including simple things like verifying its signature.\n\nThe impact on TLS is relatively low, because all versions of OpenSSL have a\n100KiB limit on the peer's certificate chain.  Additionally, this only\nimpacts clients, or servers that have explicitly enabled client\nauthentication.\n\nIn OpenSSL 1.1.1 and 1.0.2, this only affects displaying diverse objects,\nsuch as X.509 certificates.  This is assumed to not happen in such a way\nthat it would cause a Denial of Service, so these versions are considered\nnot affected by this issue in such a way that it would be cause for concern,\nand the severity is therefore considered low.",
          "Severity": "MEDIUM",
          "CweIDs": [
            "CWE-770"
          ],
          "VendorSeverity": {
            "alma": 2,
            "amazon": 2,
            "cbl-mariner": 2,
            "nvd": 2,
            "oracle-oval": 2,
            "photon": 2,
            "redhat": 2,
            "ubuntu": 2
          },
          "CVSS": {
            "nvd": {
              "V3Vector": "CVSS:3.1/AV:N/AC:L/PR:N/UI:R/S:U/C:N/I:N/A:H",
              "V3Score": 6.5
            },
            "redhat": {
              "V3Vector": "CVSS:3.1/AV:N/AC:L/PR:N/UI:R/S:U/C:N/I:N/A:H",
              "V3Score": 6.5
            }
          },
          "References": [
            "http://www.openwall.com/lists/oss-security/2023/05/30/1",
            "https://access.redhat.com/errata/RHSA-2023:6330",
            "https://access.redhat.com/security/cve/CVE-2023-2650",
            "https://bugzilla.redhat.com/1858038",
            "https://bugzilla.redhat.com/2207947",
            "https://cve.mitre.org/cgi-bin/cvename.cgi?name=CVE-2023-2650",
            "https://errata.almalinux.org/9/ALSA-2023-6330.html",
            "https://git.openssl.org/gitweb/?p=openssl.git;a=commitdiff;h=423a2bc737a908ad0c77bda470b2b59dc879936b",
            "https://git.openssl.org/gitweb/?p=openssl.git;a=commitdiff;h=853c5e56ee0b8650c73140816bb8b91d6163422c",
            "https://git.openssl.org/gitweb/?p=openssl.git;a=commitdiff;h=9e209944b35cf82368071f160a744b6178f9b098",
            "https://git.openssl.org/gitweb/?p=openssl.git;a=commitdiff;h=db779b0e10b047f2585615e0b8f2acdf21f8544a",
            "https://linux.oracle.com/cve/CVE-2023-2650.html",
            "https://linux.oracle.com/errata/ELSA-2023-6330.html",
            "https://lists.debian.org/debian-lts-announce/2023/06/msg00011.html",
            "https://nvd.nist.gov/vuln/detail/CVE-2023-2650",
            "https://psirt.global.sonicwall.com/vuln-detail/SNWLID-2023-0009",
            "https://security.gentoo.org/glsa/202402-08",
            "https://security.netapp.com/advisory/ntap-20230703-0001/",
            "https://security.netapp.com/advisory/ntap-20231027-0009/",
            "https://ubuntu.com/security/notices/USN-6119-1",
            "https://ubuntu.com/security/notices/USN-6188-1",
            "https://www.cve.org/CVERecord?id=CVE-2023-2650",
            "https://www.debian.org/security/2023/dsa-5417",
            "https://www.openssl.org/news/secadv/20230530.txt"
          ],
          "PublishedDate": "2023-05-30T14:15:09.683Z",
          "LastModifiedDate": "2024-02-04T09:15:09.643Z"
        },
        {
          "VulnerabilityID": "CVE-2023-2975",
          "PkgID": "libcrypto3@3.1.0-r4",
          "PkgName": "libcrypto3",
          "PkgIdentifier": {
            "PURL": "pkg:apk/alpine/libcrypto3@3.1.0-r4?arch=x86_64\u0026distro=3.18.0"
          },
          "InstalledVersion": "3.1.0-r4",
          "FixedVersion": "3.1.1-r2",
          "Status": "fixed",
          "Layer": {
            "DiffID": "sha256:bb01bd7e32b58b6694c8c3622c230171f1cec24001a82068a8d30d338f420d6c"
          },
          "SeveritySource": "nvd",
          "PrimaryURL": "https://avd.aquasec.com/nvd/cve-2023-2975",
          "DataSource": {
            "ID": "alpine",
            "Name": "Alpine Secdb",
            "URL": "https://secdb.alpinelinux.org/"
          },
          "Title": "openssl: AES-SIV cipher implementation contains a bug that causes it to ignore empty associated data entries",
          "Description": "Issue summary: The AES-SIV cipher implementation contains a bug that causes\nit to ignore empty associated data entries which are unauthenticated as\na consequence.\n\nImpact summary: Applications that use the AES-SIV algorithm and want to\nauthenticate empty data entries as associated data can be mislead by removing\nadding or reordering such empty entries as these are ignored by the OpenSSL\nimplementation. We are currently unaware of any such applications.\n\nThe AES-SIV algorithm allows for authentication of multiple associated\ndata entries along with the encryption. To authenticate empty data the\napplication has to call EVP_EncryptUpdate() (or EVP_CipherUpdate()) with\nNULL pointer as the output buffer and 0 as the input buffer length.\nThe AES-SIV implementation in OpenSSL just returns success for such a call\ninstead of performing the associated data authentication operation.\nThe empty data thus will not be authenticated.\n\nAs this issue does not affect non-empty associated data authentication and\nwe expect it to be rare for an application to use empty associated data\nentries this is qualified as Low severity issue.",
          "Severity": "MEDIUM",
          "CweIDs": [
            "CWE-287"
          ],
          "VendorSeverity": {
            "amazon": 2,
            "nvd": 2,
            "photon": 2,
            "redhat": 1,
            "ubuntu": 1
          },
          "CVSS": {
            "nvd": {
              "V3Vector": "CVSS:3.1/AV:N/AC:L/PR:N/UI:N/S:U/C:N/I:L/A:N",
              "V3Score": 5.3
            },
            "redhat": {
              "V3Vector": "CVSS:3.1/AV:N/AC:L/PR:N/UI:N/S:U/C:N/I:L/A:N",
              "V3Score": 5.3
            }
          },
          "References": [
            "http://www.openwall.com/lists/oss-security/2023/07/15/1",
            "http://www.openwall.com/lists/oss-security/2023/07/19/5",
            "https://access.redhat.com/security/cve/CVE-2023-2975",
            "https://cve.mitre.org/cgi-bin/cvename.cgi?name=CVE-2023-2975",
            "https://git.openssl.org/gitweb/?p=openssl.git;a=commitdiff;h=00e2f5eea29994d19293ec4e8c8775ba73678598",
            "https://git.openssl.org/gitweb/?p=openssl.git;a=commitdiff;h=6a83f0c958811f07e0d11dfc6b5a6a98edfd5bdc",
            "https://nvd.nist.gov/vuln/detail/CVE-2023-2975",
            "https://security.gentoo.org/glsa/202402-08",
            "https://security.netapp.com/advisory/ntap-20230725-0004/",
            "https://ubuntu.com/security/notices/USN-6450-1",
            "https://www.cve.org/CVERecord?id=CVE-2023-2975",
            "https://www.openssl.org/news/secadv/20230714.txt"
          ],
          "PublishedDate": "2023-07-14T12:15:09.023Z",
          "LastModifiedDate": "2024-02-04T09:15:09.773Z"
        },
        {
          "VulnerabilityID": "CVE-2023-3446",
          "PkgID": "libcrypto3@3.1.0-r4",
          "PkgName": "libcrypto3",
          "PkgIdentifier": {
            "PURL": "pkg:apk/alpine/libcrypto3@3.1.0-r4?arch=x86_64\u0026distro=3.18.0"
          },
          "InstalledVersion": "3.1.0-r4",
          "FixedVersion": "3.1.1-r3",
          "Status": "fixed",
          "Layer": {
            "DiffID": "sha256:bb01bd7e32b58b6694c8c3622c230171f1cec24001a82068a8d30d338f420d6c"
          },
          "SeveritySource": "nvd",
          "PrimaryURL": "https://avd.aquasec.com/nvd/cve-2023-3446",
          "DataSource": {
            "ID": "alpine",
            "Name": "Alpine Secdb",
            "URL": "https://secdb.alpinelinux.org/"
          },
          "Title": "openssl: Excessive time spent checking DH keys and parameters",
          "Description": "Issue summary: Checking excessively long DH keys or parameters may be very slow.\n\nImpact summary: Applications that use the functions DH_check(), DH_check_ex()\nor EVP_PKEY_param_check() to check a DH key or DH parameters may experience long\ndelays. Where the key or parameters that are being checked have been obtained\nfrom an untrusted source this may lead to a Denial of Service.\n\nThe function DH_check() performs various checks on DH parameters. One of those\nchecks confirms that the modulus ('p' parameter) is not too large. Trying to use\na very large modulus is slow and OpenSSL will not normally use a modulus which\nis over 10,000 bits in length.\n\nHowever the DH_check() function checks numerous aspects of the key or parameters\nthat have been supplied. Some of those checks use the supplied modulus value\neven if it has already been found to be too large.\n\nAn application that calls DH_check() and supplies a key or parameters obtained\nfrom an untrusted source could be vulernable to a Denial of Service attack.\n\nThe function DH_check() is itself called by a number of other OpenSSL functions.\nAn application calling any of those other functions may similarly be affected.\nThe other functions affected by this are DH_check_ex() and\nEVP_PKEY_param_check().\n\nAlso vulnerable are the OpenSSL dhparam and pkeyparam command line applications\nwhen using the '-check' option.\n\nThe OpenSSL SSL/TLS implementation is not affected by this issue.\nThe OpenSSL 3.0 and 3.1 FIPS providers are not affected by this issue.",
          "Severity": "MEDIUM",
          "CweIDs": [
            "CWE-1333"
          ],
          "VendorSeverity": {
            "alma": 1,
            "amazon": 2,
            "nvd": 2,
            "oracle-oval": 2,
            "photon": 2,
            "redhat": 1,
            "ubuntu": 1
          },
          "CVSS": {
            "nvd": {
              "V3Vector": "CVSS:3.1/AV:N/AC:L/PR:N/UI:N/S:U/C:N/I:N/A:L",
              "V3Score": 5.3
            },
            "redhat": {
              "V3Vector": "CVSS:3.1/AV:N/AC:L/PR:N/UI:N/S:U/C:N/I:N/A:L",
              "V3Score": 5.3
            }
          },
          "References": [
            "http://www.openwall.com/lists/oss-security/2023/07/19/4",
            "http://www.openwall.com/lists/oss-security/2023/07/19/5",
            "http://www.openwall.com/lists/oss-security/2023/07/19/6",
            "http://www.openwall.com/lists/oss-security/2023/07/31/1",
            "https://access.redhat.com/errata/RHSA-2024:0888",
            "https://access.redhat.com/security/cve/CVE-2023-3446",
            "https://bugzilla.redhat.com/2224962",
            "https://cve.mitre.org/cgi-bin/cvename.cgi?name=CVE-2023-3446",
            "https://errata.almalinux.org/8/ALSA-2024-0888.html",
            "https://git.openssl.org/gitweb/?p=openssl.git;a=commitdiff;h=1fa20cf2f506113c761777127a38bce5068740eb",
            "https://git.openssl.org/gitweb/?p=openssl.git;a=commitdiff;h=8780a896543a654e757db1b9396383f9d8095528",
            "https://git.openssl.org/gitweb/?p=openssl.git;a=commitdiff;h=9a0a4d3c1e7138915563c0df4fe6a3f9377b839c",
            "https://git.openssl.org/gitweb/?p=openssl.git;a=commitdiff;h=fc9867c1e03c22ebf56943be205202e576aabf23",
            "https://linux.oracle.com/cve/CVE-2023-3446.html",
            "https://linux.oracle.com/errata/ELSA-2024-12056.html",
            "https://lists.debian.org/debian-lts-announce/2023/08/msg00019.html",
            "https://nvd.nist.gov/vuln/detail/CVE-2023-3446",
            "https://security.gentoo.org/glsa/202402-08",
            "https://security.netapp.com/advisory/ntap-20230803-0011/",
            "https://ubuntu.com/security/notices/USN-6435-1",
            "https://ubuntu.com/security/notices/USN-6435-2",
            "https://ubuntu.com/security/notices/USN-6450-1",
            "https://www.cve.org/CVERecord?id=CVE-2023-3446",
            "https://www.openssl.org/news/secadv/20230719.txt"
          ],
          "PublishedDate": "2023-07-19T12:15:10.003Z",
          "LastModifiedDate": "2024-02-04T09:15:09.9Z"
        },
        {
          "VulnerabilityID": "CVE-2023-3817",
          "PkgID": "libcrypto3@3.1.0-r4",
          "PkgName": "libcrypto3",
          "PkgIdentifier": {
            "PURL": "pkg:apk/alpine/libcrypto3@3.1.0-r4?arch=x86_64\u0026distro=3.18.0"
          },
          "InstalledVersion": "3.1.0-r4",
          "FixedVersion": "3.1.2-r0",
          "Status": "fixed",
          "Layer": {
            "DiffID": "sha256:bb01bd7e32b58b6694c8c3622c230171f1cec24001a82068a8d30d338f420d6c"
          },
          "SeveritySource": "nvd",
          "PrimaryURL": "https://avd.aquasec.com/nvd/cve-2023-3817",
          "DataSource": {
            "ID": "alpine",
            "Name": "Alpine Secdb",
            "URL": "https://secdb.alpinelinux.org/"
          },
          "Title": "OpenSSL: Excessive time spent checking DH q parameter value",
          "Description": "Issue summary: Checking excessively long DH keys or parameters may be very slow.\n\nImpact summary: Applications that use the functions DH_check(), DH_check_ex()\nor EVP_PKEY_param_check() to check a DH key or DH parameters may experience long\ndelays. Where the key or parameters that are being checked have been obtained\nfrom an untrusted source this may lead to a Denial of Service.\n\nThe function DH_check() performs various checks on DH parameters. After fixing\nCVE-2023-3446 it was discovered that a large q parameter value can also trigger\nan overly long computation during some of these checks. A correct q value,\nif present, cannot be larger than the modulus p parameter, thus it is\nunnecessary to perform these checks if q is larger than p.\n\nAn application that calls DH_check() and supplies a key or parameters obtained\nfrom an untrusted source could be vulnerable to a Denial of Service attack.\n\nThe function DH_check() is itself called by a number of other OpenSSL functions.\nAn application calling any of those other functions may similarly be affected.\nThe other functions affected by this are DH_check_ex() and\nEVP_PKEY_param_check().\n\nAlso vulnerable are the OpenSSL dhparam and pkeyparam command line applications\nwhen using the \"-check\" option.\n\nThe OpenSSL SSL/TLS implementation is not affected by this issue.\n\nThe OpenSSL 3.0 and 3.1 FIPS providers are not affected by this issue.",
          "Severity": "MEDIUM",
          "CweIDs": [
            "CWE-834"
          ],
          "VendorSeverity": {
            "alma": 1,
            "amazon": 2,
            "cbl-mariner": 2,
            "nvd": 2,
            "oracle-oval": 2,
            "photon": 2,
            "redhat": 1,
            "ubuntu": 1
          },
          "CVSS": {
            "nvd": {
              "V3Vector": "CVSS:3.1/AV:N/AC:L/PR:N/UI:N/S:U/C:N/I:N/A:L",
              "V3Score": 5.3
            },
            "redhat": {
              "V3Vector": "CVSS:3.1/AV:N/AC:L/PR:N/UI:N/S:U/C:N/I:N/A:L",
              "V3Score": 5.3
            }
          },
          "References": [
            "http://seclists.org/fulldisclosure/2023/Jul/43",
            "http://www.openwall.com/lists/oss-security/2023/07/31/1",
            "http://www.openwall.com/lists/oss-security/2023/09/22/11",
            "http://www.openwall.com/lists/oss-security/2023/09/22/9",
            "http://www.openwall.com/lists/oss-security/2023/11/06/2",
            "https://access.redhat.com/errata/RHSA-2023:7877",
            "https://access.redhat.com/security/cve/CVE-2023-3817",
            "https://bugzilla.redhat.com/2224962",
            "https://bugzilla.redhat.com/2227852",
            "https://bugzilla.redhat.com/2248616",
            "https://cve.mitre.org/cgi-bin/cvename.cgi?name=CVE-2023-3817",
            "https://errata.almalinux.org/8/ALSA-2023-7877.html",
            "https://git.openssl.org/gitweb/?p=openssl.git;a=commitdiff;h=6a1eb62c29db6cb5eec707f9338aee00f44e26f5",
            "https://git.openssl.org/gitweb/?p=openssl.git;a=commitdiff;h=869ad69aadd985c7b8ca6f4e5dd0eb274c9f3644",
            "https://git.openssl.org/gitweb/?p=openssl.git;a=commitdiff;h=9002fd07327a91f35ba6c1307e71fa6fd4409b7f",
            "https://git.openssl.org/gitweb/?p=openssl.git;a=commitdiff;h=91ddeba0f2269b017dc06c46c993a788974b1aa5",
            "https://linux.oracle.com/cve/CVE-2023-3817.html",
            "https://linux.oracle.com/errata/ELSA-2024-12056.html",
            "https://lists.debian.org/debian-lts-announce/2023/08/msg00019.html",
            "https://nvd.nist.gov/vuln/detail/CVE-2023-3817",
            "https://security.gentoo.org/glsa/202402-08",
            "https://security.netapp.com/advisory/ntap-20230818-0014/",
            "https://security.netapp.com/advisory/ntap-20231027-0008/",
            "https://ubuntu.com/security/notices/USN-6435-1",
            "https://ubuntu.com/security/notices/USN-6435-2",
            "https://ubuntu.com/security/notices/USN-6450-1",
            "https://www.cve.org/CVERecord?id=CVE-2023-3817",
            "https://www.openssl.org/news/secadv/20230731.txt"
          ],
          "PublishedDate": "2023-07-31T16:15:10.497Z",
          "LastModifiedDate": "2024-02-04T09:15:10.03Z"
        },
        {
          "VulnerabilityID": "CVE-2023-5678",
          "PkgID": "libcrypto3@3.1.0-r4",
          "PkgName": "libcrypto3",
          "PkgIdentifier": {
            "PURL": "pkg:apk/alpine/libcrypto3@3.1.0-r4?arch=x86_64\u0026distro=3.18.0"
          },
          "InstalledVersion": "3.1.0-r4",
          "FixedVersion": "3.1.4-r1",
          "Status": "fixed",
          "Layer": {
            "DiffID": "sha256:bb01bd7e32b58b6694c8c3622c230171f1cec24001a82068a8d30d338f420d6c"
          },
          "SeveritySource": "nvd",
          "PrimaryURL": "https://avd.aquasec.com/nvd/cve-2023-5678",
          "DataSource": {
            "ID": "alpine",
            "Name": "Alpine Secdb",
            "URL": "https://secdb.alpinelinux.org/"
          },
          "Title": "openssl: Generating excessively long X9.42 DH keys or checking excessively long X9.42 DH keys or parameters may be very slow",
          "Description": "Issue summary: Generating excessively long X9.42 DH keys or checking\nexcessively long X9.42 DH keys or parameters may be very slow.\n\nImpact summary: Applications that use the functions DH_generate_key() to\ngenerate an X9.42 DH key may experience long delays.  Likewise, applications\nthat use DH_check_pub_key(), DH_check_pub_key_ex() or EVP_PKEY_public_check()\nto check an X9.42 DH key or X9.42 DH parameters may experience long delays.\nWhere the key or parameters that are being checked have been obtained from\nan untrusted source this may lead to a Denial of Service.\n\nWhile DH_check() performs all the necessary checks (as of CVE-2023-3817),\nDH_check_pub_key() doesn't make any of these checks, and is therefore\nvulnerable for excessively large P and Q parameters.\n\nLikewise, while DH_generate_key() performs a check for an excessively large\nP, it doesn't check for an excessively large Q.\n\nAn application that calls DH_generate_key() or DH_check_pub_key() and\nsupplies a key or parameters obtained from an untrusted source could be\nvulnerable to a Denial of Service attack.\n\nDH_generate_key() and DH_check_pub_key() are also called by a number of\nother OpenSSL functions.  An application calling any of those other\nfunctions may similarly be affected.  The other functions affected by this\nare DH_check_pub_key_ex(), EVP_PKEY_public_check(), and EVP_PKEY_generate().\n\nAlso vulnerable are the OpenSSL pkey command line application when using the\n\"-pubcheck\" option, as well as the OpenSSL genpkey command line application.\n\nThe OpenSSL SSL/TLS implementation is not affected by this issue.\n\nThe OpenSSL 3.0 and 3.1 FIPS providers are not affected by this issue.\n\n",
          "Severity": "MEDIUM",
          "CweIDs": [
            "CWE-754"
          ],
          "VendorSeverity": {
            "alma": 1,
            "amazon": 2,
            "cbl-mariner": 2,
            "nvd": 2,
            "oracle-oval": 2,
            "photon": 2,
            "redhat": 1,
            "ubuntu": 1
          },
          "CVSS": {
            "nvd": {
              "V3Vector": "CVSS:3.1/AV:N/AC:L/PR:N/UI:N/S:U/C:N/I:N/A:L",
              "V3Score": 5.3
            },
            "redhat": {
              "V3Vector": "CVSS:3.1/AV:N/AC:L/PR:N/UI:N/S:U/C:N/I:N/A:L",
              "V3Score": 5.3
            }
          },
          "References": [
            "https://access.redhat.com/errata/RHSA-2023:7877",
            "https://access.redhat.com/security/cve/CVE-2023-5678",
            "https://bugzilla.redhat.com/2224962",
            "https://bugzilla.redhat.com/2227852",
            "https://bugzilla.redhat.com/2248616",
            "https://cve.mitre.org/cgi-bin/cvename.cgi?name=CVE-2023-5678",
            "https://errata.almalinux.org/8/ALSA-2023-7877.html",
            "https://git.openssl.org/gitweb/?p=openssl.git;a=commitdiff;h=34efaef6c103d636ab507a0cc34dca4d3aecc055",
            "https://git.openssl.org/gitweb/?p=openssl.git;a=commitdiff;h=710fee740904b6290fef0dd5536fbcedbc38ff0c",
            "https://git.openssl.org/gitweb/?p=openssl.git;a=commitdiff;h=db925ae2e65d0d925adef429afc37f75bd1c2017",
            "https://git.openssl.org/gitweb/?p=openssl.git;a=commitdiff;h=ddeb4b6c6d527e54ce9a99cba785c0f7776e54b6",
            "https://linux.oracle.com/cve/CVE-2023-5678.html",
            "https://linux.oracle.com/errata/ELSA-2024-12056.html",
            "https://nvd.nist.gov/vuln/detail/CVE-2023-5678",
            "https://security.netapp.com/advisory/ntap-20231130-0010/",
            "https://ubuntu.com/security/notices/USN-6622-1",
            "https://ubuntu.com/security/notices/USN-6632-1",
            "https://www.cve.org/CVERecord?id=CVE-2023-5678",
            "https://www.openssl.org/news/secadv/20231106.txt"
          ],
          "PublishedDate": "2023-11-06T16:15:42.67Z",
          "LastModifiedDate": "2023-11-30T22:15:09.723Z"
        },
        {
          "VulnerabilityID": "CVE-2023-6129",
          "PkgID": "libcrypto3@3.1.0-r4",
          "PkgName": "libcrypto3",
          "PkgIdentifier": {
            "PURL": "pkg:apk/alpine/libcrypto3@3.1.0-r4?arch=x86_64\u0026distro=3.18.0"
          },
          "InstalledVersion": "3.1.0-r4",
          "FixedVersion": "3.1.4-r3",
          "Status": "fixed",
          "Layer": {
            "DiffID": "sha256:bb01bd7e32b58b6694c8c3622c230171f1cec24001a82068a8d30d338f420d6c"
          },
          "SeveritySource": "nvd",
          "PrimaryURL": "https://avd.aquasec.com/nvd/cve-2023-6129",
          "DataSource": {
            "ID": "alpine",
            "Name": "Alpine Secdb",
            "URL": "https://secdb.alpinelinux.org/"
          },
          "Title": "openssl: POLY1305 MAC implementation corrupts vector registers on PowerPC",
          "Description": "Issue summary: The POLY1305 MAC (message authentication code) implementation\ncontains a bug that might corrupt the internal state of applications running\non PowerPC CPU based platforms if the CPU provides vector instructions.\n\nImpact summary: If an attacker can influence whether the POLY1305 MAC\nalgorithm is used, the application state might be corrupted with various\napplication dependent consequences.\n\nThe POLY1305 MAC (message authentication code) implementation in OpenSSL for\nPowerPC CPUs restores the contents of vector registers in a different order\nthan they are saved. Thus the contents of some of these vector registers\nare corrupted when returning to the caller. The vulnerable code is used only\non newer PowerPC processors supporting the PowerISA 2.07 instructions.\n\nThe consequences of this kind of internal application state corruption can\nbe various - from no consequences, if the calling application does not\ndepend on the contents of non-volatile XMM registers at all, to the worst\nconsequences, where the attacker could get complete control of the application\nprocess. However unless the compiler uses the vector registers for storing\npointers, the most likely consequence, if any, would be an incorrect result\nof some application dependent calculations or a crash leading to a denial of\nservice.\n\nThe POLY1305 MAC algorithm is most frequently used as part of the\nCHACHA20-POLY1305 AEAD (authenticated encryption with associated data)\nalgorithm. The most common usage of this AEAD cipher is with TLS protocol\nversions 1.2 and 1.3. If this cipher is enabled on the server a malicious\nclient can influence whether this AEAD cipher is used. This implies that\nTLS server applications using OpenSSL can be potentially impacted. However\nwe are currently not aware of any concrete application that would be affected\nby this issue therefore we consider this a Low severity security issue.",
          "Severity": "MEDIUM",
          "CweIDs": [
            "CWE-787"
          ],
          "VendorSeverity": {
            "nvd": 2,
            "redhat": 1,
            "ubuntu": 1
          },
          "CVSS": {
            "nvd": {
              "V3Vector": "CVSS:3.1/AV:N/AC:H/PR:N/UI:N/S:U/C:N/I:L/A:H",
              "V3Score": 6.5
            },
            "redhat": {
              "V3Vector": "CVSS:3.1/AV:N/AC:H/PR:N/UI:N/S:U/C:N/I:L/A:H",
              "V3Score": 6.5
            }
          },
          "References": [
            "https://access.redhat.com/security/cve/CVE-2023-6129",
            "https://cve.mitre.org/cgi-bin/cvename.cgi?name=CVE-2023-6129",
            "https://github.com/openssl/openssl/commit/050d26383d4e264966fb83428e72d5d48f402d35",
            "https://github.com/openssl/openssl/commit/5b139f95c9a47a55a0c54100f3837b1eee942b04",
            "https://github.com/openssl/openssl/commit/f3fc5808fe9ff74042d639839610d03b8fdcc015",
            "https://nvd.nist.gov/vuln/detail/CVE-2023-6129",
            "https://security.netapp.com/advisory/ntap-20240216-0009/",
            "https://ubuntu.com/security/notices/USN-6622-1",
            "https://www.cve.org/CVERecord?id=CVE-2023-6129",
            "https://www.openssl.org/news/secadv/20240109.txt",
            "https://www.openwall.com/lists/oss-security/2024/01/09/1"
          ],
          "PublishedDate": "2024-01-09T17:15:12.147Z",
          "LastModifiedDate": "2024-02-16T13:15:09.91Z"
        },
        {
          "VulnerabilityID": "CVE-2023-6237",
          "PkgID": "libcrypto3@3.1.0-r4",
          "PkgName": "libcrypto3",
          "PkgIdentifier": {
            "PURL": "pkg:apk/alpine/libcrypto3@3.1.0-r4?arch=x86_64\u0026distro=3.18.0"
          },
          "InstalledVersion": "3.1.0-r4",
          "FixedVersion": "3.1.4-r4",
          "Status": "fixed",
          "Layer": {
            "DiffID": "sha256:bb01bd7e32b58b6694c8c3622c230171f1cec24001a82068a8d30d338f420d6c"
          },
          "PrimaryURL": "https://avd.aquasec.com/nvd/cve-2023-6237",
          "DataSource": {
            "ID": "alpine",
            "Name": "Alpine Secdb",
            "URL": "https://secdb.alpinelinux.org/"
          },
          "Title": "openssl: Excessive time spent checking invalid RSA public keys",
          "Description": "A flaw was found in OpenSSL. When the EVP_PKEY_public_check() function is called in RSA public keys, a computation is done to confirm that the RSA modulus, n, is composite. For valid RSA keys, n is a product of two or more large primes and this computation completes quickly. However, if n is a large prime, this computation takes a long time. An application that calls EVP_PKEY_public_check() and supplies an RSA key obtained from an untrusted source could be vulnerable to a Denial of Service attack.",
          "Severity": "MEDIUM",
          "VendorSeverity": {
            "amazon": 2,
            "redhat": 1,
            "ubuntu": 1
          },
          "CVSS": {
            "redhat": {
              "V3Vector": "CVSS:3.1/AV:N/AC:H/PR:N/UI:N/S:U/C:N/I:N/A:H",
              "V3Score": 5.9
            }
          },
          "References": [
            "https://access.redhat.com/security/cve/CVE-2023-6237",
            "https://cve.mitre.org/cgi-bin/cvename.cgi?name=CVE-2023-6237",
            "https://nvd.nist.gov/vuln/detail/CVE-2023-6237",
            "https://ubuntu.com/security/notices/USN-6622-1",
            "https://www.cve.org/CVERecord?id=CVE-2023-6237",
            "https://www.openssl.org/news/secadv/20240115.txt",
            "https://www.openwall.com/lists/oss-security/2024/01/15/2"
          ]
        },
        {
          "VulnerabilityID": "CVE-2024-0727",
          "PkgID": "libcrypto3@3.1.0-r4",
          "PkgName": "libcrypto3",
          "PkgIdentifier": {
            "PURL": "pkg:apk/alpine/libcrypto3@3.1.0-r4?arch=x86_64\u0026distro=3.18.0"
          },
          "InstalledVersion": "3.1.0-r4",
          "FixedVersion": "3.1.4-r5",
          "Status": "fixed",
          "Layer": {
            "DiffID": "sha256:bb01bd7e32b58b6694c8c3622c230171f1cec24001a82068a8d30d338f420d6c"
          },
          "SeveritySource": "nvd",
          "PrimaryURL": "https://avd.aquasec.com/nvd/cve-2024-0727",
          "DataSource": {
            "ID": "alpine",
            "Name": "Alpine Secdb",
            "URL": "https://secdb.alpinelinux.org/"
          },
          "Title": "openssl: denial of service via null dereference",
          "Description": "Issue summary: Processing a maliciously formatted PKCS12 file may lead OpenSSL\nto crash leading to a potential Denial of Service attack\n\nImpact summary: Applications loading files in the PKCS12 format from untrusted\nsources might terminate abruptly.\n\nA file in PKCS12 format can contain certificates and keys and may come from an\nuntrusted source. The PKCS12 specification allows certain fields to be NULL, but\nOpenSSL does not correctly check for this case. This can lead to a NULL pointer\ndereference that results in OpenSSL crashing. If an application processes PKCS12\nfiles from an untrusted source using the OpenSSL APIs then that application will\nbe vulnerable to this issue.\n\nOpenSSL APIs that are vulnerable to this are: PKCS12_parse(),\nPKCS12_unpack_p7data(), PKCS12_unpack_p7encdata(), PKCS12_unpack_authsafes()\nand PKCS12_newpass().\n\nWe have also fixed a similar issue in SMIME_write_PKCS7(). However since this\nfunction is related to writing data we do not consider it security significant.\n\nThe FIPS modules in 3.2, 3.1 and 3.0 are not affected by this issue.",
          "Severity": "MEDIUM",
          "VendorSeverity": {
            "amazon": 2,
            "ghsa": 2,
            "nvd": 2,
            "photon": 2,
            "redhat": 1,
            "ubuntu": 1
          },
          "CVSS": {
            "ghsa": {
              "V3Vector": "CVSS:3.1/AV:L/AC:L/PR:N/UI:R/S:U/C:N/I:N/A:H",
              "V3Score": 5.5
            },
            "nvd": {
              "V3Vector": "CVSS:3.1/AV:L/AC:L/PR:N/UI:R/S:U/C:N/I:N/A:H",
              "V3Score": 5.5
            },
            "redhat": {
              "V3Vector": "CVSS:3.1/AV:L/AC:L/PR:N/UI:R/S:U/C:N/I:N/A:L",
              "V3Score": 3.3
            }
          },
          "References": [
            "https://access.redhat.com/security/cve/CVE-2024-0727",
            "https://cve.mitre.org/cgi-bin/cvename.cgi?name=CVE-2024-0727",
            "https://github.com/alexcrichton/openssl-src-rs/commit/add20f73b6b42be7451af2e1044d4e0e778992b2",
            "https://github.com/github/advisory-database/pull/3472",
            "https://github.com/openssl/openssl/commit/09df4395b5071217b76dc7d3d2e630eb8c5a79c2",
            "https://github.com/openssl/openssl/commit/775acfdbd0c6af9ac855f34969cdab0c0c90844a",
            "https://github.com/openssl/openssl/commit/d135eeab8a5dbf72b3da5240bab9ddb7678dbd2c",
            "https://github.com/openssl/openssl/pull/23362",
            "https://github.com/pyca/cryptography/commit/3519591d255d4506fbcd0d04037d45271903c64d",
            "https://github.openssl.org/openssl/extended-releases/commit/03b3941d60c4bce58fab69a0c22377ab439bc0e8",
            "https://github.openssl.org/openssl/extended-releases/commit/aebaa5883e31122b404e450732dc833dc9dee539",
            "https://nvd.nist.gov/vuln/detail/CVE-2024-0727",
            "https://security.netapp.com/advisory/ntap-20240208-0006",
            "https://security.netapp.com/advisory/ntap-20240208-0006/",
            "https://ubuntu.com/security/notices/USN-6622-1",
            "https://ubuntu.com/security/notices/USN-6632-1",
            "https://www.cve.org/CVERecord?id=CVE-2024-0727",
            "https://www.openssl.org/news/secadv/20240125.txt"
          ],
          "PublishedDate": "2024-01-26T09:15:07.637Z",
          "LastModifiedDate": "2024-02-08T10:15:13.91Z"
        },
        {
          "VulnerabilityID": "CVE-2023-5363",
          "PkgID": "libssl3@3.1.0-r4",
          "PkgName": "libssl3",
          "PkgIdentifier": {
            "PURL": "pkg:apk/alpine/libssl3@3.1.0-r4?arch=x86_64\u0026distro=3.18.0"
          },
          "InstalledVersion": "3.1.0-r4",
          "FixedVersion": "3.1.4-r0",
          "Status": "fixed",
          "Layer": {
            "DiffID": "sha256:bb01bd7e32b58b6694c8c3622c230171f1cec24001a82068a8d30d338f420d6c"
          },
          "SeveritySource": "nvd",
          "PrimaryURL": "https://avd.aquasec.com/nvd/cve-2023-5363",
          "DataSource": {
            "ID": "alpine",
            "Name": "Alpine Secdb",
            "URL": "https://secdb.alpinelinux.org/"
          },
          "Title": "openssl: Incorrect cipher key and IV length processing",
          "Description": "Issue summary: A bug has been identified in the processing of key and\ninitialisation vector (IV) lengths.  This can lead to potential truncation\nor overruns during the initialisation of some symmetric ciphers.\n\nImpact summary: A truncation in the IV can result in non-uniqueness,\nwhich could result in loss of confidentiality for some cipher modes.\n\nWhen calling EVP_EncryptInit_ex2(), EVP_DecryptInit_ex2() or\nEVP_CipherInit_ex2() the provided OSSL_PARAM array is processed after\nthe key and IV have been established.  Any alterations to the key length,\nvia the \"keylen\" parameter or the IV length, via the \"ivlen\" parameter,\nwithin the OSSL_PARAM array will not take effect as intended, potentially\ncausing truncation or overreading of these values.  The following ciphers\nand cipher modes are impacted: RC2, RC4, RC5, CCM, GCM and OCB.\n\nFor the CCM, GCM and OCB cipher modes, truncation of the IV can result in\nloss of confidentiality.  For example, when following NIST's SP 800-38D\nsection 8.2.1 guidance for constructing a deterministic IV for AES in\nGCM mode, truncation of the counter portion could lead to IV reuse.\n\nBoth truncations and overruns of the key and overruns of the IV will\nproduce incorrect results and could, in some cases, trigger a memory\nexception.  However, these issues are not currently assessed as security\ncritical.\n\nChanging the key and/or IV lengths is not considered to be a common operation\nand the vulnerable API was recently introduced. Furthermore it is likely that\napplication developers will have spotted this problem during testing since\ndecryption would fail unless both peers in the communication were similarly\nvulnerable. For these reasons we expect the probability of an application being\nvulnerable to this to be quite low. However if an application is vulnerable then\nthis issue is considered very serious. For these reasons we have assessed this\nissue as Moderate severity overall.\n\nThe OpenSSL SSL/TLS implementation is not affected by this issue.\n\nThe OpenSSL 3.0 and 3.1 FIPS providers are not affected by this because\nthe issue lies outside of the FIPS provider boundary.\n\nOpenSSL 3.1 and 3.0 are vulnerable to this issue.",
          "Severity": "HIGH",
          "VendorSeverity": {
            "alma": 2,
            "amazon": 3,
            "nvd": 3,
            "oracle-oval": 3,
            "photon": 3,
            "redhat": 2,
            "ubuntu": 2
          },
          "CVSS": {
            "nvd": {
              "V3Vector": "CVSS:3.1/AV:N/AC:L/PR:N/UI:N/S:U/C:H/I:N/A:N",
              "V3Score": 7.5
            },
            "redhat": {
              "V3Vector": "CVSS:3.1/AV:N/AC:L/PR:N/UI:N/S:U/C:H/I:N/A:N",
              "V3Score": 7.5
            }
          },
          "References": [
            "http://www.openwall.com/lists/oss-security/2023/10/24/1",
            "https://access.redhat.com/errata/RHSA-2024:0310",
            "https://access.redhat.com/security/cve/CVE-2023-5363",
            "https://bugzilla.redhat.com/2243839",
            "https://cve.mitre.org/cgi-bin/cvename.cgi?name=CVE-2023-5363",
            "https://errata.almalinux.org/9/ALSA-2024-0310.html",
            "https://git.openssl.org/gitweb/?p=openssl.git;a=commitdiff;h=0df40630850fb2740e6be6890bb905d3fc623b2d",
            "https://git.openssl.org/gitweb/?p=openssl.git;a=commitdiff;h=5f69f5c65e483928c4b28ed16af6e5742929f1ee",
            "https://linux.oracle.com/cve/CVE-2023-5363.html",
            "https://linux.oracle.com/errata/ELSA-2024-12093.html",
            "https://nvd.nist.gov/vuln/detail/CVE-2023-5363",
            "https://security.netapp.com/advisory/ntap-20231027-0010/",
            "https://security.netapp.com/advisory/ntap-20240201-0003/",
            "https://security.netapp.com/advisory/ntap-20240201-0004/",
            "https://ubuntu.com/security/notices/USN-6450-1",
            "https://www.cve.org/CVERecord?id=CVE-2023-5363",
            "https://www.debian.org/security/2023/dsa-5532",
            "https://www.openssl.org/news/secadv/20231024.txt"
          ],
          "PublishedDate": "2023-10-25T18:17:43.613Z",
          "LastModifiedDate": "2024-02-01T17:15:08.743Z"
        },
        {
          "VulnerabilityID": "CVE-2023-2650",
          "PkgID": "libssl3@3.1.0-r4",
          "PkgName": "libssl3",
          "PkgIdentifier": {
            "PURL": "pkg:apk/alpine/libssl3@3.1.0-r4?arch=x86_64\u0026distro=3.18.0"
          },
          "InstalledVersion": "3.1.0-r4",
          "FixedVersion": "3.1.1-r0",
          "Status": "fixed",
          "Layer": {
            "DiffID": "sha256:bb01bd7e32b58b6694c8c3622c230171f1cec24001a82068a8d30d338f420d6c"
          },
          "SeveritySource": "nvd",
          "PrimaryURL": "https://avd.aquasec.com/nvd/cve-2023-2650",
          "DataSource": {
            "ID": "alpine",
            "Name": "Alpine Secdb",
            "URL": "https://secdb.alpinelinux.org/"
          },
          "Title": "openssl: Possible DoS translating ASN.1 object identifiers",
          "Description": "Issue summary: Processing some specially crafted ASN.1 object identifiers or\ndata containing them may be very slow.\n\nImpact summary: Applications that use OBJ_obj2txt() directly, or use any of\nthe OpenSSL subsystems OCSP, PKCS7/SMIME, CMS, CMP/CRMF or TS with no message\nsize limit may experience notable to very long delays when processing those\nmessages, which may lead to a Denial of Service.\n\nAn OBJECT IDENTIFIER is composed of a series of numbers - sub-identifiers -\nmost of which have no size limit.  OBJ_obj2txt() may be used to translate\nan ASN.1 OBJECT IDENTIFIER given in DER encoding form (using the OpenSSL\ntype ASN1_OBJECT) to its canonical numeric text form, which are the\nsub-identifiers of the OBJECT IDENTIFIER in decimal form, separated by\nperiods.\n\nWhen one of the sub-identifiers in the OBJECT IDENTIFIER is very large\n(these are sizes that are seen as absurdly large, taking up tens or hundreds\nof KiBs), the translation to a decimal number in text may take a very long\ntime.  The time complexity is O(n^2) with 'n' being the size of the\nsub-identifiers in bytes (*).\n\nWith OpenSSL 3.0, support to fetch cryptographic algorithms using names /\nidentifiers in string form was introduced.  This includes using OBJECT\nIDENTIFIERs in canonical numeric text form as identifiers for fetching\nalgorithms.\n\nSuch OBJECT IDENTIFIERs may be received through the ASN.1 structure\nAlgorithmIdentifier, which is commonly used in multiple protocols to specify\nwhat cryptographic algorithm should be used to sign or verify, encrypt or\ndecrypt, or digest passed data.\n\nApplications that call OBJ_obj2txt() directly with untrusted data are\naffected, with any version of OpenSSL.  If the use is for the mere purpose\nof display, the severity is considered low.\n\nIn OpenSSL 3.0 and newer, this affects the subsystems OCSP, PKCS7/SMIME,\nCMS, CMP/CRMF or TS.  It also impacts anything that processes X.509\ncertificates, including simple things like verifying its signature.\n\nThe impact on TLS is relatively low, because all versions of OpenSSL have a\n100KiB limit on the peer's certificate chain.  Additionally, this only\nimpacts clients, or servers that have explicitly enabled client\nauthentication.\n\nIn OpenSSL 1.1.1 and 1.0.2, this only affects displaying diverse objects,\nsuch as X.509 certificates.  This is assumed to not happen in such a way\nthat it would cause a Denial of Service, so these versions are considered\nnot affected by this issue in such a way that it would be cause for concern,\nand the severity is therefore considered low.",
          "Severity": "MEDIUM",
          "CweIDs": [
            "CWE-770"
          ],
          "VendorSeverity": {
            "alma": 2,
            "amazon": 2,
            "cbl-mariner": 2,
            "nvd": 2,
            "oracle-oval": 2,
            "photon": 2,
            "redhat": 2,
            "ubuntu": 2
          },
          "CVSS": {
            "nvd": {
              "V3Vector": "CVSS:3.1/AV:N/AC:L/PR:N/UI:R/S:U/C:N/I:N/A:H",
              "V3Score": 6.5
            },
            "redhat": {
              "V3Vector": "CVSS:3.1/AV:N/AC:L/PR:N/UI:R/S:U/C:N/I:N/A:H",
              "V3Score": 6.5
            }
          },
          "References": [
            "http://www.openwall.com/lists/oss-security/2023/05/30/1",
            "https://access.redhat.com/errata/RHSA-2023:6330",
            "https://access.redhat.com/security/cve/CVE-2023-2650",
            "https://bugzilla.redhat.com/1858038",
            "https://bugzilla.redhat.com/2207947",
            "https://cve.mitre.org/cgi-bin/cvename.cgi?name=CVE-2023-2650",
            "https://errata.almalinux.org/9/ALSA-2023-6330.html",
            "https://git.openssl.org/gitweb/?p=openssl.git;a=commitdiff;h=423a2bc737a908ad0c77bda470b2b59dc879936b",
            "https://git.openssl.org/gitweb/?p=openssl.git;a=commitdiff;h=853c5e56ee0b8650c73140816bb8b91d6163422c",
            "https://git.openssl.org/gitweb/?p=openssl.git;a=commitdiff;h=9e209944b35cf82368071f160a744b6178f9b098",
            "https://git.openssl.org/gitweb/?p=openssl.git;a=commitdiff;h=db779b0e10b047f2585615e0b8f2acdf21f8544a",
            "https://linux.oracle.com/cve/CVE-2023-2650.html",
            "https://linux.oracle.com/errata/ELSA-2023-6330.html",
            "https://lists.debian.org/debian-lts-announce/2023/06/msg00011.html",
            "https://nvd.nist.gov/vuln/detail/CVE-2023-2650",
            "https://psirt.global.sonicwall.com/vuln-detail/SNWLID-2023-0009",
            "https://security.gentoo.org/glsa/202402-08",
            "https://security.netapp.com/advisory/ntap-20230703-0001/",
            "https://security.netapp.com/advisory/ntap-20231027-0009/",
            "https://ubuntu.com/security/notices/USN-6119-1",
            "https://ubuntu.com/security/notices/USN-6188-1",
            "https://www.cve.org/CVERecord?id=CVE-2023-2650",
            "https://www.debian.org/security/2023/dsa-5417",
            "https://www.openssl.org/news/secadv/20230530.txt"
          ],
          "PublishedDate": "2023-05-30T14:15:09.683Z",
          "LastModifiedDate": "2024-02-04T09:15:09.643Z"
        },
        {
          "VulnerabilityID": "CVE-2023-2975",
          "PkgID": "libssl3@3.1.0-r4",
          "PkgName": "libssl3",
          "PkgIdentifier": {
            "PURL": "pkg:apk/alpine/libssl3@3.1.0-r4?arch=x86_64\u0026distro=3.18.0"
          },
          "InstalledVersion": "3.1.0-r4",
          "FixedVersion": "3.1.1-r2",
          "Status": "fixed",
          "Layer": {
            "DiffID": "sha256:bb01bd7e32b58b6694c8c3622c230171f1cec24001a82068a8d30d338f420d6c"
          },
          "SeveritySource": "nvd",
          "PrimaryURL": "https://avd.aquasec.com/nvd/cve-2023-2975",
          "DataSource": {
            "ID": "alpine",
            "Name": "Alpine Secdb",
            "URL": "https://secdb.alpinelinux.org/"
          },
          "Title": "openssl: AES-SIV cipher implementation contains a bug that causes it to ignore empty associated data entries",
          "Description": "Issue summary: The AES-SIV cipher implementation contains a bug that causes\nit to ignore empty associated data entries which are unauthenticated as\na consequence.\n\nImpact summary: Applications that use the AES-SIV algorithm and want to\nauthenticate empty data entries as associated data can be mislead by removing\nadding or reordering such empty entries as these are ignored by the OpenSSL\nimplementation. We are currently unaware of any such applications.\n\nThe AES-SIV algorithm allows for authentication of multiple associated\ndata entries along with the encryption. To authenticate empty data the\napplication has to call EVP_EncryptUpdate() (or EVP_CipherUpdate()) with\nNULL pointer as the output buffer and 0 as the input buffer length.\nThe AES-SIV implementation in OpenSSL just returns success for such a call\ninstead of performing the associated data authentication operation.\nThe empty data thus will not be authenticated.\n\nAs this issue does not affect non-empty associated data authentication and\nwe expect it to be rare for an application to use empty associated data\nentries this is qualified as Low severity issue.",
          "Severity": "MEDIUM",
          "CweIDs": [
            "CWE-287"
          ],
          "VendorSeverity": {
            "amazon": 2,
            "nvd": 2,
            "photon": 2,
            "redhat": 1,
            "ubuntu": 1
          },
          "CVSS": {
            "nvd": {
              "V3Vector": "CVSS:3.1/AV:N/AC:L/PR:N/UI:N/S:U/C:N/I:L/A:N",
              "V3Score": 5.3
            },
            "redhat": {
              "V3Vector": "CVSS:3.1/AV:N/AC:L/PR:N/UI:N/S:U/C:N/I:L/A:N",
              "V3Score": 5.3
            }
          },
          "References": [
            "http://www.openwall.com/lists/oss-security/2023/07/15/1",
            "http://www.openwall.com/lists/oss-security/2023/07/19/5",
            "https://access.redhat.com/security/cve/CVE-2023-2975",
            "https://cve.mitre.org/cgi-bin/cvename.cgi?name=CVE-2023-2975",
            "https://git.openssl.org/gitweb/?p=openssl.git;a=commitdiff;h=00e2f5eea29994d19293ec4e8c8775ba73678598",
            "https://git.openssl.org/gitweb/?p=openssl.git;a=commitdiff;h=6a83f0c958811f07e0d11dfc6b5a6a98edfd5bdc",
            "https://nvd.nist.gov/vuln/detail/CVE-2023-2975",
            "https://security.gentoo.org/glsa/202402-08",
            "https://security.netapp.com/advisory/ntap-20230725-0004/",
            "https://ubuntu.com/security/notices/USN-6450-1",
            "https://www.cve.org/CVERecord?id=CVE-2023-2975",
            "https://www.openssl.org/news/secadv/20230714.txt"
          ],
          "PublishedDate": "2023-07-14T12:15:09.023Z",
          "LastModifiedDate": "2024-02-04T09:15:09.773Z"
        },
        {
          "VulnerabilityID": "CVE-2023-3446",
          "PkgID": "libssl3@3.1.0-r4",
          "PkgName": "libssl3",
          "PkgIdentifier": {
            "PURL": "pkg:apk/alpine/libssl3@3.1.0-r4?arch=x86_64\u0026distro=3.18.0"
          },
          "InstalledVersion": "3.1.0-r4",
          "FixedVersion": "3.1.1-r3",
          "Status": "fixed",
          "Layer": {
            "DiffID": "sha256:bb01bd7e32b58b6694c8c3622c230171f1cec24001a82068a8d30d338f420d6c"
          },
          "SeveritySource": "nvd",
          "PrimaryURL": "https://avd.aquasec.com/nvd/cve-2023-3446",
          "DataSource": {
            "ID": "alpine",
            "Name": "Alpine Secdb",
            "URL": "https://secdb.alpinelinux.org/"
          },
          "Title": "openssl: Excessive time spent checking DH keys and parameters",
          "Description": "Issue summary: Checking excessively long DH keys or parameters may be very slow.\n\nImpact summary: Applications that use the functions DH_check(), DH_check_ex()\nor EVP_PKEY_param_check() to check a DH key or DH parameters may experience long\ndelays. Where the key or parameters that are being checked have been obtained\nfrom an untrusted source this may lead to a Denial of Service.\n\nThe function DH_check() performs various checks on DH parameters. One of those\nchecks confirms that the modulus ('p' parameter) is not too large. Trying to use\na very large modulus is slow and OpenSSL will not normally use a modulus which\nis over 10,000 bits in length.\n\nHowever the DH_check() function checks numerous aspects of the key or parameters\nthat have been supplied. Some of those checks use the supplied modulus value\neven if it has already been found to be too large.\n\nAn application that calls DH_check() and supplies a key or parameters obtained\nfrom an untrusted source could be vulernable to a Denial of Service attack.\n\nThe function DH_check() is itself called by a number of other OpenSSL functions.\nAn application calling any of those other functions may similarly be affected.\nThe other functions affected by this are DH_check_ex() and\nEVP_PKEY_param_check().\n\nAlso vulnerable are the OpenSSL dhparam and pkeyparam command line applications\nwhen using the '-check' option.\n\nThe OpenSSL SSL/TLS implementation is not affected by this issue.\nThe OpenSSL 3.0 and 3.1 FIPS providers are not affected by this issue.",
          "Severity": "MEDIUM",
          "CweIDs": [
            "CWE-1333"
          ],
          "VendorSeverity": {
            "alma": 1,
            "amazon": 2,
            "nvd": 2,
            "oracle-oval": 2,
            "photon": 2,
            "redhat": 1,
            "ubuntu": 1
          },
          "CVSS": {
            "nvd": {
              "V3Vector": "CVSS:3.1/AV:N/AC:L/PR:N/UI:N/S:U/C:N/I:N/A:L",
              "V3Score": 5.3
            },
            "redhat": {
              "V3Vector": "CVSS:3.1/AV:N/AC:L/PR:N/UI:N/S:U/C:N/I:N/A:L",
              "V3Score": 5.3
            }
          },
          "References": [
            "http://www.openwall.com/lists/oss-security/2023/07/19/4",
            "http://www.openwall.com/lists/oss-security/2023/07/19/5",
            "http://www.openwall.com/lists/oss-security/2023/07/19/6",
            "http://www.openwall.com/lists/oss-security/2023/07/31/1",
            "https://access.redhat.com/errata/RHSA-2024:0888",
            "https://access.redhat.com/security/cve/CVE-2023-3446",
            "https://bugzilla.redhat.com/2224962",
            "https://cve.mitre.org/cgi-bin/cvename.cgi?name=CVE-2023-3446",
            "https://errata.almalinux.org/8/ALSA-2024-0888.html",
            "https://git.openssl.org/gitweb/?p=openssl.git;a=commitdiff;h=1fa20cf2f506113c761777127a38bce5068740eb",
            "https://git.openssl.org/gitweb/?p=openssl.git;a=commitdiff;h=8780a896543a654e757db1b9396383f9d8095528",
            "https://git.openssl.org/gitweb/?p=openssl.git;a=commitdiff;h=9a0a4d3c1e7138915563c0df4fe6a3f9377b839c",
            "https://git.openssl.org/gitweb/?p=openssl.git;a=commitdiff;h=fc9867c1e03c22ebf56943be205202e576aabf23",
            "https://linux.oracle.com/cve/CVE-2023-3446.html",
            "https://linux.oracle.com/errata/ELSA-2024-12056.html",
            "https://lists.debian.org/debian-lts-announce/2023/08/msg00019.html",
            "https://nvd.nist.gov/vuln/detail/CVE-2023-3446",
            "https://security.gentoo.org/glsa/202402-08",
            "https://security.netapp.com/advisory/ntap-20230803-0011/",
            "https://ubuntu.com/security/notices/USN-6435-1",
            "https://ubuntu.com/security/notices/USN-6435-2",
            "https://ubuntu.com/security/notices/USN-6450-1",
            "https://www.cve.org/CVERecord?id=CVE-2023-3446",
            "https://www.openssl.org/news/secadv/20230719.txt"
          ],
          "PublishedDate": "2023-07-19T12:15:10.003Z",
          "LastModifiedDate": "2024-02-04T09:15:09.9Z"
        },
        {
          "VulnerabilityID": "CVE-2023-3817",
          "PkgID": "libssl3@3.1.0-r4",
          "PkgName": "libssl3",
          "PkgIdentifier": {
            "PURL": "pkg:apk/alpine/libssl3@3.1.0-r4?arch=x86_64\u0026distro=3.18.0"
          },
          "InstalledVersion": "3.1.0-r4",
          "FixedVersion": "3.1.2-r0",
          "Status": "fixed",
          "Layer": {
            "DiffID": "sha256:bb01bd7e32b58b6694c8c3622c230171f1cec24001a82068a8d30d338f420d6c"
          },
          "SeveritySource": "nvd",
          "PrimaryURL": "https://avd.aquasec.com/nvd/cve-2023-3817",
          "DataSource": {
            "ID": "alpine",
            "Name": "Alpine Secdb",
            "URL": "https://secdb.alpinelinux.org/"
          },
          "Title": "OpenSSL: Excessive time spent checking DH q parameter value",
          "Description": "Issue summary: Checking excessively long DH keys or parameters may be very slow.\n\nImpact summary: Applications that use the functions DH_check(), DH_check_ex()\nor EVP_PKEY_param_check() to check a DH key or DH parameters may experience long\ndelays. Where the key or parameters that are being checked have been obtained\nfrom an untrusted source this may lead to a Denial of Service.\n\nThe function DH_check() performs various checks on DH parameters. After fixing\nCVE-2023-3446 it was discovered that a large q parameter value can also trigger\nan overly long computation during some of these checks. A correct q value,\nif present, cannot be larger than the modulus p parameter, thus it is\nunnecessary to perform these checks if q is larger than p.\n\nAn application that calls DH_check() and supplies a key or parameters obtained\nfrom an untrusted source could be vulnerable to a Denial of Service attack.\n\nThe function DH_check() is itself called by a number of other OpenSSL functions.\nAn application calling any of those other functions may similarly be affected.\nThe other functions affected by this are DH_check_ex() and\nEVP_PKEY_param_check().\n\nAlso vulnerable are the OpenSSL dhparam and pkeyparam command line applications\nwhen using the \"-check\" option.\n\nThe OpenSSL SSL/TLS implementation is not affected by this issue.\n\nThe OpenSSL 3.0 and 3.1 FIPS providers are not affected by this issue.",
          "Severity": "MEDIUM",
          "CweIDs": [
            "CWE-834"
          ],
          "VendorSeverity": {
            "alma": 1,
            "amazon": 2,
            "cbl-mariner": 2,
            "nvd": 2,
            "oracle-oval": 2,
            "photon": 2,
            "redhat": 1,
            "ubuntu": 1
          },
          "CVSS": {
            "nvd": {
              "V3Vector": "CVSS:3.1/AV:N/AC:L/PR:N/UI:N/S:U/C:N/I:N/A:L",
              "V3Score": 5.3
            },
            "redhat": {
              "V3Vector": "CVSS:3.1/AV:N/AC:L/PR:N/UI:N/S:U/C:N/I:N/A:L",
              "V3Score": 5.3
            }
          },
          "References": [
            "http://seclists.org/fulldisclosure/2023/Jul/43",
            "http://www.openwall.com/lists/oss-security/2023/07/31/1",
            "http://www.openwall.com/lists/oss-security/2023/09/22/11",
            "http://www.openwall.com/lists/oss-security/2023/09/22/9",
            "http://www.openwall.com/lists/oss-security/2023/11/06/2",
            "https://access.redhat.com/errata/RHSA-2023:7877",
            "https://access.redhat.com/security/cve/CVE-2023-3817",
            "https://bugzilla.redhat.com/2224962",
            "https://bugzilla.redhat.com/2227852",
            "https://bugzilla.redhat.com/2248616",
            "https://cve.mitre.org/cgi-bin/cvename.cgi?name=CVE-2023-3817",
            "https://errata.almalinux.org/8/ALSA-2023-7877.html",
            "https://git.openssl.org/gitweb/?p=openssl.git;a=commitdiff;h=6a1eb62c29db6cb5eec707f9338aee00f44e26f5",
            "https://git.openssl.org/gitweb/?p=openssl.git;a=commitdiff;h=869ad69aadd985c7b8ca6f4e5dd0eb274c9f3644",
            "https://git.openssl.org/gitweb/?p=openssl.git;a=commitdiff;h=9002fd07327a91f35ba6c1307e71fa6fd4409b7f",
            "https://git.openssl.org/gitweb/?p=openssl.git;a=commitdiff;h=91ddeba0f2269b017dc06c46c993a788974b1aa5",
            "https://linux.oracle.com/cve/CVE-2023-3817.html",
            "https://linux.oracle.com/errata/ELSA-2024-12056.html",
            "https://lists.debian.org/debian-lts-announce/2023/08/msg00019.html",
            "https://nvd.nist.gov/vuln/detail/CVE-2023-3817",
            "https://security.gentoo.org/glsa/202402-08",
            "https://security.netapp.com/advisory/ntap-20230818-0014/",
            "https://security.netapp.com/advisory/ntap-20231027-0008/",
            "https://ubuntu.com/security/notices/USN-6435-1",
            "https://ubuntu.com/security/notices/USN-6435-2",
            "https://ubuntu.com/security/notices/USN-6450-1",
            "https://www.cve.org/CVERecord?id=CVE-2023-3817",
            "https://www.openssl.org/news/secadv/20230731.txt"
          ],
          "PublishedDate": "2023-07-31T16:15:10.497Z",
          "LastModifiedDate": "2024-02-04T09:15:10.03Z"
        },
        {
          "VulnerabilityID": "CVE-2023-5678",
          "PkgID": "libssl3@3.1.0-r4",
          "PkgName": "libssl3",
          "PkgIdentifier": {
            "PURL": "pkg:apk/alpine/libssl3@3.1.0-r4?arch=x86_64\u0026distro=3.18.0"
          },
          "InstalledVersion": "3.1.0-r4",
          "FixedVersion": "3.1.4-r1",
          "Status": "fixed",
          "Layer": {
            "DiffID": "sha256:bb01bd7e32b58b6694c8c3622c230171f1cec24001a82068a8d30d338f420d6c"
          },
          "SeveritySource": "nvd",
          "PrimaryURL": "https://avd.aquasec.com/nvd/cve-2023-5678",
          "DataSource": {
            "ID": "alpine",
            "Name": "Alpine Secdb",
            "URL": "https://secdb.alpinelinux.org/"
          },
          "Title": "openssl: Generating excessively long X9.42 DH keys or checking excessively long X9.42 DH keys or parameters may be very slow",
          "Description": "Issue summary: Generating excessively long X9.42 DH keys or checking\nexcessively long X9.42 DH keys or parameters may be very slow.\n\nImpact summary: Applications that use the functions DH_generate_key() to\ngenerate an X9.42 DH key may experience long delays.  Likewise, applications\nthat use DH_check_pub_key(), DH_check_pub_key_ex() or EVP_PKEY_public_check()\nto check an X9.42 DH key or X9.42 DH parameters may experience long delays.\nWhere the key or parameters that are being checked have been obtained from\nan untrusted source this may lead to a Denial of Service.\n\nWhile DH_check() performs all the necessary checks (as of CVE-2023-3817),\nDH_check_pub_key() doesn't make any of these checks, and is therefore\nvulnerable for excessively large P and Q parameters.\n\nLikewise, while DH_generate_key() performs a check for an excessively large\nP, it doesn't check for an excessively large Q.\n\nAn application that calls DH_generate_key() or DH_check_pub_key() and\nsupplies a key or parameters obtained from an untrusted source could be\nvulnerable to a Denial of Service attack.\n\nDH_generate_key() and DH_check_pub_key() are also called by a number of\nother OpenSSL functions.  An application calling any of those other\nfunctions may similarly be affected.  The other functions affected by this\nare DH_check_pub_key_ex(), EVP_PKEY_public_check(), and EVP_PKEY_generate().\n\nAlso vulnerable are the OpenSSL pkey command line application when using the\n\"-pubcheck\" option, as well as the OpenSSL genpkey command line application.\n\nThe OpenSSL SSL/TLS implementation is not affected by this issue.\n\nThe OpenSSL 3.0 and 3.1 FIPS providers are not affected by this issue.\n\n",
          "Severity": "MEDIUM",
          "CweIDs": [
            "CWE-754"
          ],
          "VendorSeverity": {
            "alma": 1,
            "amazon": 2,
            "cbl-mariner": 2,
            "nvd": 2,
            "oracle-oval": 2,
            "photon": 2,
            "redhat": 1,
            "ubuntu": 1
          },
          "CVSS": {
            "nvd": {
              "V3Vector": "CVSS:3.1/AV:N/AC:L/PR:N/UI:N/S:U/C:N/I:N/A:L",
              "V3Score": 5.3
            },
            "redhat": {
              "V3Vector": "CVSS:3.1/AV:N/AC:L/PR:N/UI:N/S:U/C:N/I:N/A:L",
              "V3Score": 5.3
            }
          },
          "References": [
            "https://access.redhat.com/errata/RHSA-2023:7877",
            "https://access.redhat.com/security/cve/CVE-2023-5678",
            "https://bugzilla.redhat.com/2224962",
            "https://bugzilla.redhat.com/2227852",
            "https://bugzilla.redhat.com/2248616",
            "https://cve.mitre.org/cgi-bin/cvename.cgi?name=CVE-2023-5678",
            "https://errata.almalinux.org/8/ALSA-2023-7877.html",
            "https://git.openssl.org/gitweb/?p=openssl.git;a=commitdiff;h=34efaef6c103d636ab507a0cc34dca4d3aecc055",
            "https://git.openssl.org/gitweb/?p=openssl.git;a=commitdiff;h=710fee740904b6290fef0dd5536fbcedbc38ff0c",
            "https://git.openssl.org/gitweb/?p=openssl.git;a=commitdiff;h=db925ae2e65d0d925adef429afc37f75bd1c2017",
            "https://git.openssl.org/gitweb/?p=openssl.git;a=commitdiff;h=ddeb4b6c6d527e54ce9a99cba785c0f7776e54b6",
            "https://linux.oracle.com/cve/CVE-2023-5678.html",
            "https://linux.oracle.com/errata/ELSA-2024-12056.html",
            "https://nvd.nist.gov/vuln/detail/CVE-2023-5678",
            "https://security.netapp.com/advisory/ntap-20231130-0010/",
            "https://ubuntu.com/security/notices/USN-6622-1",
            "https://ubuntu.com/security/notices/USN-6632-1",
            "https://www.cve.org/CVERecord?id=CVE-2023-5678",
            "https://www.openssl.org/news/secadv/20231106.txt"
          ],
          "PublishedDate": "2023-11-06T16:15:42.67Z",
          "LastModifiedDate": "2023-11-30T22:15:09.723Z"
        },
        {
          "VulnerabilityID": "CVE-2023-6129",
          "PkgID": "libssl3@3.1.0-r4",
          "PkgName": "libssl3",
          "PkgIdentifier": {
            "PURL": "pkg:apk/alpine/libssl3@3.1.0-r4?arch=x86_64\u0026distro=3.18.0"
          },
          "InstalledVersion": "3.1.0-r4",
          "FixedVersion": "3.1.4-r3",
          "Status": "fixed",
          "Layer": {
            "DiffID": "sha256:bb01bd7e32b58b6694c8c3622c230171f1cec24001a82068a8d30d338f420d6c"
          },
          "SeveritySource": "nvd",
          "PrimaryURL": "https://avd.aquasec.com/nvd/cve-2023-6129",
          "DataSource": {
            "ID": "alpine",
            "Name": "Alpine Secdb",
            "URL": "https://secdb.alpinelinux.org/"
          },
          "Title": "openssl: POLY1305 MAC implementation corrupts vector registers on PowerPC",
          "Description": "Issue summary: The POLY1305 MAC (message authentication code) implementation\ncontains a bug that might corrupt the internal state of applications running\non PowerPC CPU based platforms if the CPU provides vector instructions.\n\nImpact summary: If an attacker can influence whether the POLY1305 MAC\nalgorithm is used, the application state might be corrupted with various\napplication dependent consequences.\n\nThe POLY1305 MAC (message authentication code) implementation in OpenSSL for\nPowerPC CPUs restores the contents of vector registers in a different order\nthan they are saved. Thus the contents of some of these vector registers\nare corrupted when returning to the caller. The vulnerable code is used only\non newer PowerPC processors supporting the PowerISA 2.07 instructions.\n\nThe consequences of this kind of internal application state corruption can\nbe various - from no consequences, if the calling application does not\ndepend on the contents of non-volatile XMM registers at all, to the worst\nconsequences, where the attacker could get complete control of the application\nprocess. However unless the compiler uses the vector registers for storing\npointers, the most likely consequence, if any, would be an incorrect result\nof some application dependent calculations or a crash leading to a denial of\nservice.\n\nThe POLY1305 MAC algorithm is most frequently used as part of the\nCHACHA20-POLY1305 AEAD (authenticated encryption with associated data)\nalgorithm. The most common usage of this AEAD cipher is with TLS protocol\nversions 1.2 and 1.3. If this cipher is enabled on the server a malicious\nclient can influence whether this AEAD cipher is used. This implies that\nTLS server applications using OpenSSL can be potentially impacted. However\nwe are currently not aware of any concrete application that would be affected\nby this issue therefore we consider this a Low severity security issue.",
          "Severity": "MEDIUM",
          "CweIDs": [
            "CWE-787"
          ],
          "VendorSeverity": {
            "nvd": 2,
            "redhat": 1,
            "ubuntu": 1
          },
          "CVSS": {
            "nvd": {
              "V3Vector": "CVSS:3.1/AV:N/AC:H/PR:N/UI:N/S:U/C:N/I:L/A:H",
              "V3Score": 6.5
            },
            "redhat": {
              "V3Vector": "CVSS:3.1/AV:N/AC:H/PR:N/UI:N/S:U/C:N/I:L/A:H",
              "V3Score": 6.5
            }
          },
          "References": [
            "https://access.redhat.com/security/cve/CVE-2023-6129",
            "https://cve.mitre.org/cgi-bin/cvename.cgi?name=CVE-2023-6129",
            "https://github.com/openssl/openssl/commit/050d26383d4e264966fb83428e72d5d48f402d35",
            "https://github.com/openssl/openssl/commit/5b139f95c9a47a55a0c54100f3837b1eee942b04",
            "https://github.com/openssl/openssl/commit/f3fc5808fe9ff74042d639839610d03b8fdcc015",
            "https://nvd.nist.gov/vuln/detail/CVE-2023-6129",
            "https://security.netapp.com/advisory/ntap-20240216-0009/",
            "https://ubuntu.com/security/notices/USN-6622-1",
            "https://www.cve.org/CVERecord?id=CVE-2023-6129",
            "https://www.openssl.org/news/secadv/20240109.txt",
            "https://www.openwall.com/lists/oss-security/2024/01/09/1"
          ],
          "PublishedDate": "2024-01-09T17:15:12.147Z",
          "LastModifiedDate": "2024-02-16T13:15:09.91Z"
        },
        {
          "VulnerabilityID": "CVE-2023-6237",
          "PkgID": "libssl3@3.1.0-r4",
          "PkgName": "libssl3",
          "PkgIdentifier": {
            "PURL": "pkg:apk/alpine/libssl3@3.1.0-r4?arch=x86_64\u0026distro=3.18.0"
          },
          "InstalledVersion": "3.1.0-r4",
          "FixedVersion": "3.1.4-r4",
          "Status": "fixed",
          "Layer": {
            "DiffID": "sha256:bb01bd7e32b58b6694c8c3622c230171f1cec24001a82068a8d30d338f420d6c"
          },
          "PrimaryURL": "https://avd.aquasec.com/nvd/cve-2023-6237",
          "DataSource": {
            "ID": "alpine",
            "Name": "Alpine Secdb",
            "URL": "https://secdb.alpinelinux.org/"
          },
          "Title": "openssl: Excessive time spent checking invalid RSA public keys",
          "Description": "A flaw was found in OpenSSL. When the EVP_PKEY_public_check() function is called in RSA public keys, a computation is done to confirm that the RSA modulus, n, is composite. For valid RSA keys, n is a product of two or more large primes and this computation completes quickly. However, if n is a large prime, this computation takes a long time. An application that calls EVP_PKEY_public_check() and supplies an RSA key obtained from an untrusted source could be vulnerable to a Denial of Service attack.",
          "Severity": "MEDIUM",
          "VendorSeverity": {
            "amazon": 2,
            "redhat": 1,
            "ubuntu": 1
          },
          "CVSS": {
            "redhat": {
              "V3Vector": "CVSS:3.1/AV:N/AC:H/PR:N/UI:N/S:U/C:N/I:N/A:H",
              "V3Score": 5.9
            }
          },
          "References": [
            "https://access.redhat.com/security/cve/CVE-2023-6237",
            "https://cve.mitre.org/cgi-bin/cvename.cgi?name=CVE-2023-6237",
            "https://nvd.nist.gov/vuln/detail/CVE-2023-6237",
            "https://ubuntu.com/security/notices/USN-6622-1",
            "https://www.cve.org/CVERecord?id=CVE-2023-6237",
            "https://www.openssl.org/news/secadv/20240115.txt",
            "https://www.openwall.com/lists/oss-security/2024/01/15/2"
          ]
        },
        {
          "VulnerabilityID": "CVE-2024-0727",
          "PkgID": "libssl3@3.1.0-r4",
          "PkgName": "libssl3",
          "PkgIdentifier": {
            "PURL": "pkg:apk/alpine/libssl3@3.1.0-r4?arch=x86_64\u0026distro=3.18.0"
          },
          "InstalledVersion": "3.1.0-r4",
          "FixedVersion": "3.1.4-r5",
          "Status": "fixed",
          "Layer": {
            "DiffID": "sha256:bb01bd7e32b58b6694c8c3622c230171f1cec24001a82068a8d30d338f420d6c"
          },
          "SeveritySource": "nvd",
          "PrimaryURL": "https://avd.aquasec.com/nvd/cve-2024-0727",
          "DataSource": {
            "ID": "alpine",
            "Name": "Alpine Secdb",
            "URL": "https://secdb.alpinelinux.org/"
          },
          "Title": "openssl: denial of service via null dereference",
          "Description": "Issue summary: Processing a maliciously formatted PKCS12 file may lead OpenSSL\nto crash leading to a potential Denial of Service attack\n\nImpact summary: Applications loading files in the PKCS12 format from untrusted\nsources might terminate abruptly.\n\nA file in PKCS12 format can contain certificates and keys and may come from an\nuntrusted source. The PKCS12 specification allows certain fields to be NULL, but\nOpenSSL does not correctly check for this case. This can lead to a NULL pointer\ndereference that results in OpenSSL crashing. If an application processes PKCS12\nfiles from an untrusted source using the OpenSSL APIs then that application will\nbe vulnerable to this issue.\n\nOpenSSL APIs that are vulnerable to this are: PKCS12_parse(),\nPKCS12_unpack_p7data(), PKCS12_unpack_p7encdata(), PKCS12_unpack_authsafes()\nand PKCS12_newpass().\n\nWe have also fixed a similar issue in SMIME_write_PKCS7(). However since this\nfunction is related to writing data we do not consider it security significant.\n\nThe FIPS modules in 3.2, 3.1 and 3.0 are not affected by this issue.",
          "Severity": "MEDIUM",
          "VendorSeverity": {
            "amazon": 2,
            "ghsa": 2,
            "nvd": 2,
            "photon": 2,
            "redhat": 1,
            "ubuntu": 1
          },
          "CVSS": {
            "ghsa": {
              "V3Vector": "CVSS:3.1/AV:L/AC:L/PR:N/UI:R/S:U/C:N/I:N/A:H",
              "V3Score": 5.5
            },
            "nvd": {
              "V3Vector": "CVSS:3.1/AV:L/AC:L/PR:N/UI:R/S:U/C:N/I:N/A:H",
              "V3Score": 5.5
            },
            "redhat": {
              "V3Vector": "CVSS:3.1/AV:L/AC:L/PR:N/UI:R/S:U/C:N/I:N/A:L",
              "V3Score": 3.3
            }
          },
          "References": [
            "https://access.redhat.com/security/cve/CVE-2024-0727",
            "https://cve.mitre.org/cgi-bin/cvename.cgi?name=CVE-2024-0727",
            "https://github.com/alexcrichton/openssl-src-rs/commit/add20f73b6b42be7451af2e1044d4e0e778992b2",
            "https://github.com/github/advisory-database/pull/3472",
            "https://github.com/openssl/openssl/commit/09df4395b5071217b76dc7d3d2e630eb8c5a79c2",
            "https://github.com/openssl/openssl/commit/775acfdbd0c6af9ac855f34969cdab0c0c90844a",
            "https://github.com/openssl/openssl/commit/d135eeab8a5dbf72b3da5240bab9ddb7678dbd2c",
            "https://github.com/openssl/openssl/pull/23362",
            "https://github.com/pyca/cryptography/commit/3519591d255d4506fbcd0d04037d45271903c64d",
            "https://github.openssl.org/openssl/extended-releases/commit/03b3941d60c4bce58fab69a0c22377ab439bc0e8",
            "https://github.openssl.org/openssl/extended-releases/commit/aebaa5883e31122b404e450732dc833dc9dee539",
            "https://nvd.nist.gov/vuln/detail/CVE-2024-0727",
            "https://security.netapp.com/advisory/ntap-20240208-0006",
            "https://security.netapp.com/advisory/ntap-20240208-0006/",
            "https://ubuntu.com/security/notices/USN-6622-1",
            "https://ubuntu.com/security/notices/USN-6632-1",
            "https://www.cve.org/CVERecord?id=CVE-2024-0727",
            "https://www.openssl.org/news/secadv/20240125.txt"
          ],
          "PublishedDate": "2024-01-26T09:15:07.637Z",
          "LastModifiedDate": "2024-02-08T10:15:13.91Z"
        },
        {
          "VulnerabilityID": "CVE-2022-48174",
          "PkgID": "ssl_client@1.36.0-r9",
          "PkgName": "ssl_client",
          "PkgIdentifier": {
            "PURL": "pkg:apk/alpine/ssl_client@1.36.0-r9?arch=x86_64\u0026distro=3.18.0"
          },
          "InstalledVersion": "1.36.0-r9",
          "FixedVersion": "1.36.1-r1",
          "Status": "fixed",
          "Layer": {
            "DiffID": "sha256:bb01bd7e32b58b6694c8c3622c230171f1cec24001a82068a8d30d338f420d6c"
          },
          "SeveritySource": "nvd",
          "PrimaryURL": "https://avd.aquasec.com/nvd/cve-2022-48174",
          "DataSource": {
            "ID": "alpine",
            "Name": "Alpine Secdb",
            "URL": "https://secdb.alpinelinux.org/"
          },
          "Title": "stack overflow vulnerability in ash.c leads to arbitrary code execution",
          "Description": "There is a stack overflow vulnerability in ash.c:6030 in busybox before 1.35. In the environment of Internet of Vehicles, this vulnerability can be executed from command to arbitrary code execution.",
          "Severity": "CRITICAL",
          "CweIDs": [
            "CWE-787"
          ],
          "VendorSeverity": {
            "amazon": 2,
            "nvd": 4,
            "oracle-oval": 3,
            "redhat": 3,
            "ubuntu": 1
          },
          "CVSS": {
            "nvd": {
              "V3Vector": "CVSS:3.1/AV:N/AC:L/PR:N/UI:N/S:U/C:H/I:H/A:H",
              "V3Score": 9.8
            },
            "redhat": {
              "V3Vector": "CVSS:3.1/AV:N/AC:L/PR:N/UI:N/S:U/C:H/I:H/A:H",
              "V3Score": 9.8
            }
          },
          "References": [
            "https://access.redhat.com/security/cve/CVE-2022-48174",
            "https://bugs.busybox.net/show_bug.cgi?id=15216",
            "https://cve.mitre.org/cgi-bin/cvename.cgi?name=CVE-2022-48174",
            "https://linux.oracle.com/cve/CVE-2022-48174.html",
            "https://linux.oracle.com/errata/ELSA-2023-5178.html",
            "https://nvd.nist.gov/vuln/detail/CVE-2022-48174",
            "https://ubuntu.com/security/notices/USN-6335-1",
            "https://www.cve.org/CVERecord?id=CVE-2022-48174"
          ],
          "PublishedDate": "2023-08-22T19:16:31.08Z",
          "LastModifiedDate": "2023-08-28T18:53:37.147Z"
        }
      ]
    }
  ]
}
