[
    {
        "creator": 5944116,
        "id": 122443913,
        "images": [
            {
                "architecture": "amd64",
                "features": "",
                "variant": null,
                "digest": "sha256:5e728a59a9242cd5cfd75e49560b5e1f4553fe358a4ab7f7ccc00d831b8d9964",
                "os": "linux",
                "os_features": "",
                "os_version": null,
                "size": 19208624,
                "status": "active",
                "last_pulled": "2024-01-20T09:50:40.868598Z",
                "last_pushed": "2020-10-21T04:04:00.143827Z"
            }
        ],
        "last_updated": "2020-10-21T04:03:59.502894Z",
        "last_updater": 5944116,
        "last_updater_username": "josephwy",
        "name": "v0.1.0",
        "repository": 10066007,
        "full_size": 19208624,
        "v2": true,
        "tag_status": "active",
        "tag_last_pulled": "2024-01-20T09:50:40.868598Z",
        "tag_last_pushed": "2020-10-21T04:03:59.502894Z",
        "media_type": "application/vnd.docker.container.image.v1+json",
        "content_type": "image"
    },
    {
        "creator": 8853552,
        "id": 151063252,
        "images": [
            {
                "architecture": "amd64",
                "features": "",
                "variant": null,
                "digest": "sha256:8a6f538eae090726c43c496e62076aaa4d8ab799e3b86f7566b4042bda7d8a6b",
                "os": "linux",
                "os_features": "",
                "os_version": null,
                "size": 22051644,
                "status": "active",
                "last_pulled": "2024-01-20T09:17:59.853959Z",
                "last_pushed": "2021-05-26T19:03:13.691845Z"
            }
        ],
        "last_updated": "2021-05-26T19:03:13.009774Z",
        "last_updater": 8853552,
        "last_updater_username": "mxiamxia",
        "name": "v0.10.0",
        "repository": 10066007,
        "full_size": 22051644,
        "v2": true,
        "tag_status": "active",
        "tag_last_pulled": "2024-01-20T09:17:59.853959Z",
        "tag_last_pushed": "2021-05-26T19:03:13.009774Z",
        "media_type": "application/vnd.docker.container.image.v1+json",
        "content_type": "image"
    },
    {
        "creator": 8853552,
        "id": 157415060,
        "images": [
            {
                "architecture": "amd64",
                "features": "",
                "variant": null,
                "digest": "sha256:25375e36e05a5f92525b4ed25c9dc286f29de18b9d7f5b4346af208c55026367",
                "os": "linux",
                "os_features": "",
                "os_version": null,
                "size": 23611082,
                "status": "active",
                "last_pulled": "2024-01-20T09:06:28.780283Z",
                "last_pushed": "2021-07-08T05:21:24.223953Z"
            }
        ],
        "last_updated": "2021-07-08T05:21:23.79243Z",
        "last_updater": 8853552,
        "last_updater_username": "mxiamxia",
        "name": "v0.11.0",
        "repository": 10066007,
        "full_size": 23611082,
        "v2": true,
        "tag_status": "active",
        "tag_last_pulled": "2024-01-20T09:06:28.780283Z",
        "tag_last_pushed": "2021-07-08T05:21:23.79243Z",
        "media_type": "application/vnd.docker.container.image.v1+json",
        "content_type": "image"
    },
    {
        "creator": 8853552,
        "id": 165186722,
        "images": [
            {
                "architecture": "amd64",
                "features": "",
                "variant": null,
                "digest": "sha256:36452919cdffa33234db2eded260279781424d65079845bb10d0e887c52b2f08",
                "os": "linux",
                "os_features": "",
                "os_version": null,
                "size": 24038507,
                "status": "active",
                "last_pulled": "2024-01-20T09:06:47.469974Z",
                "last_pushed": "2021-08-31T21:10:25.16759Z"
            }
        ],
        "last_updated": "2021-08-31T21:10:24.434471Z",
        "last_updater": 8853552,
        "last_updater_username": "mxiamxia",
        "name": "v0.12.0",
        "repository": 10066007,
        "full_size": 24038507,
        "v2": true,
        "tag_status": "active",
        "tag_last_pulled": "2024-01-20T09:06:47.469974Z",
        "tag_last_pushed": "2021-08-31T21:10:24.434471Z",
        "media_type": "application/vnd.docker.container.image.v1+json",
        "content_type": "image"
    },
    {
        "creator": 8853552,
        "id": 168538705,
        "images": [
            {
                "architecture": "amd64",
                "features": "",
                "variant": null,
                "digest": "sha256:f20225a66651bf0dc6f947b6f06b387fbe2d9f4c0e925c4c5521a88274f2072a",
                "os": "linux",
                "os_features": "",
                "os_version": null,
                "size": 21625605,
                "status": "active",
                "last_pulled": "2024-01-20T09:33:59.866257Z",
                "last_pushed": "2021-09-23T02:00:31.806585Z"
            }
        ],
        "last_updated": "2021-09-23T02:00:31.282231Z",
        "last_updater": 8853552,
        "last_updater_username": "mxiamxia",
        "name": "v0.13.0",
        "repository": 10066007,
        "full_size": 21625605,
        "v2": true,
        "tag_status": "active",
        "tag_last_pulled": "2024-01-20T09:33:59.866257Z",
        "tag_last_pushed": "2021-09-23T02:00:31.282231Z",
        "media_type": "application/vnd.docker.container.image.v1+json",
        "content_type": "image"
    },
    {
        "creator": 8853552,
        "id": 175103813,
        "images": [
            {
                "architecture": "amd64",
                "features": "",
                "variant": null,
                "digest": "sha256:f7f6d3af5fc9d03740c026eec1bb75632d928daa3f04bf63e9b3bc181c9ed60d",
                "os": "linux",
                "os_features": "",
                "os_version": null,
                "size": 22495128,
                "status": "active",
                "last_pulled": "2024-01-20T09:08:06.014826Z",
                "last_pushed": "2021-11-02T16:14:58.382072Z"
            }
        ],
        "last_updated": "2021-11-02T16:14:55.948507Z",
        "last_updater": 8853552,
        "last_updater_username": "mxiamxia",
        "name": "v0.14.0",
        "repository": 10066007,
        "full_size": 22495128,
        "v2": true,
        "tag_status": "active",
        "tag_last_pulled": "2024-01-20T09:08:06.014826Z",
        "tag_last_pushed": "2021-11-02T16:14:55.948507Z",
        "media_type": "application/vnd.docker.container.image.v1+json",
        "content_type": "image"
    },
    {
        "creator": 8853552,
        "id": 177932276,
        "images": [
            {
                "architecture": "amd64",
                "features": "",
                "variant": null,
                "digest": "sha256:a40fe55cc2a83f6deeb9dca38ff7de3f35f4e4323faeba5b4235c4c6d4296091",
                "os": "linux",
                "os_features": "",
                "os_version": null,
                "size": 22496630,
                "status": "active",
                "last_pulled": "2024-01-20T09:08:46.030886Z",
                "last_pushed": "2021-11-18T00:23:55.339248Z"
            }
        ],
        "last_updated": "2021-11-18T00:23:48.998873Z",
        "last_updater": 8853552,
        "last_updater_username": "mxiamxia",
        "name": "v0.14.1",
        "repository": 10066007,
        "full_size": 22496630,
        "v2": true,
        "tag_status": "active",
        "tag_last_pulled": "2024-01-20T09:08:46.030886Z",
        "tag_last_pushed": "2021-11-18T00:23:48.998873Z",
        "media_type": "application/vnd.docker.container.image.v1+json",
        "content_type": "image"
    },
    {
        "creator": 8853552,
        "id": 180914555,
        "images": [
            {
                "architecture": "amd64",
                "features": "",
                "variant": null,
                "digest": "sha256:8e0a35288817a02aa5eefb81c27ea6db9814b9a71c84796761c5b05c2f706752",
                "os": "linux",
                "os_features": "",
                "os_version": null,
                "size": 22494071,
                "status": "active",
                "last_pulled": "2024-01-20T09:03:43.314758Z",
                "last_pushed": "2021-12-07T18:09:13.459953Z"
            }
        ],
        "last_updated": "2021-12-07T18:09:13.459953Z",
        "last_updater": 8853552,
        "last_updater_username": "mxiamxia",
        "name": "v0.14.2",
        "repository": 10066007,
        "full_size": 22494071,
        "v2": true,
        "tag_status": "active",
        "tag_last_pulled": "2024-01-20T09:03:43.314758Z",
        "tag_last_pushed": "2021-12-07T18:09:13.459953Z",
        "media_type": "application/vnd.docker.container.image.v1+json",
        "content_type": "image"
    },
    {
        "creator": 8853552,
        "id": 178917973,
        "images": [
            {
                "architecture": "amd64",
                "features": "",
                "variant": null,
                "digest": "sha256:a0ff7dca6cf8f26b9bd13b67ff66a527bb1b7ae749d5574269ab5d5ab971c4e9",
                "os": "linux",
                "os_features": "",
                "os_version": null,
                "size": 23491592,
                "status": "active",
                "last_pulled": "2024-01-20T09:18:46.04421Z",
                "last_pushed": "2021-12-06T22:36:15.422155Z"
            }
        ],
        "last_updated": "2021-11-24T01:17:52.823131Z",
        "last_updater": 8853552,
        "last_updater_username": "mxiamxia",
        "name": "v0.15.0",
        "repository": 10066007,
        "full_size": 23491592,
        "v2": true,
        "tag_status": "active",
        "tag_last_pulled": "2024-01-20T09:18:46.04421Z",
        "tag_last_pushed": "2021-11-24T01:17:52.823131Z",
        "media_type": "application/vnd.docker.container.image.v1+json",
        "content_type": "image"
    },
    {
        "creator": 8853552,
        "id": 182776570,
        "images": [
            {
                "architecture": "amd64",
                "features": "",
                "variant": null,
                "digest": "sha256:713953f93619702dee9000465f430d8179a6b9356011559159312979f18c513f",
                "os": "linux",
                "os_features": "",
                "os_version": null,
                "size": 23491335,
                "status": "active",
                "last_pulled": "2024-01-20T09:33:44.998646Z",
                "last_pushed": "2022-01-29T02:01:18.641973Z"
            }
        ],
        "last_updated": "2021-12-15T22:59:14.556124Z",
        "last_updater": 8853552,
        "last_updater_username": "mxiamxia",
        "name": "v0.15.1",
        "repository": 10066007,
        "full_size": 23491335,
        "v2": true,
        "tag_status": "active",
        "tag_last_pulled": "2024-01-20T09:33:44.998646Z",
        "tag_last_pushed": "2021-12-15T22:59:14.556124Z",
        "media_type": "application/vnd.docker.container.image.v1+json",
        "content_type": "image"
    },
    {
        "creator": 8853552,
        "id": 189664124,
        "images": [
            {
                "architecture": "amd64",
                "features": "",
                "variant": null,
                "digest": "sha256:c7e6623df76601c1108569a357faf9e032d53b5d7b0ee34f223f81a5598ef210",
                "os": "linux",
                "os_features": "",
                "os_version": null,
                "size": 24268906,
                "status": "active",
                "last_pulled": "2024-01-19T23:59:11.734963Z",
                "last_pushed": "2022-01-28T20:12:22.212239Z"
            },
            {
                "architecture": "arm64",
                "features": "",
                "variant": null,
                "digest": "sha256:36afbf24b44be5290027259653da52e35074f473b88298076f253b58be54c60c",
                "os": "linux",
                "os_features": "",
                "os_version": null,
                "size": 22145534,
                "status": "active",
                "last_pulled": "2024-01-19T22:25:16.96099Z",
                "last_pushed": "2022-01-28T20:12:25.422209Z"
            }
        ],
        "last_updated": "2022-02-01T02:50:30.246273Z",
        "last_updater": 8853552,
        "last_updater_username": "mxiamxia",
        "name": "v0.16.0",
        "repository": 10066007,
        "full_size": 24268906,
        "v2": true,
        "tag_status": "active",
        "tag_last_pulled": "2024-01-19T23:59:11.734963Z",
        "tag_last_pushed": "2022-02-01T02:50:30.246273Z",
        "media_type": "application/vnd.docker.distribution.manifest.list.v2+json",
        "content_type": "image"
    },
    {
        "creator": 8853552,
        "id": 195063762,
        "images": [
            {
                "architecture": "amd64",
                "features": "",
                "variant": null,
                "digest": "sha256:b5147636fb8689707e0b519aad5113546b2fe9460ce550336408c59f990591ec",
                "os": "linux",
                "os_features": "",
                "os_version": null,
                "size": 24270413,
                "status": "active",
                "last_pulled": "2024-01-19T23:59:11.653517Z",
                "last_pushed": "2022-03-02T05:11:44.870759Z"
            },
            {
                "architecture": "arm64",
                "features": "",
                "variant": null,
                "digest": "sha256:fbae3175f2a2f0d84ef672ae43ab1bbc92e1f93f365a2445474b4ad498813de1",
                "os": "linux",
                "os_features": "",
                "os_version": null,
                "size": 22151490,
                "status": "active",
                "last_pulled": "2024-01-19T22:25:28.244266Z",
                "last_pushed": "2022-03-02T05:11:50.454131Z"
            }
        ],
        "last_updated": "2022-03-02T05:11:52.771385Z",
        "last_updater": 8853552,
        "last_updater_username": "mxiamxia",
        "name": "v0.16.1",
        "repository": 10066007,
        "full_size": 24270413,
        "v2": true,
        "tag_status": "active",
        "tag_last_pulled": "2024-01-19T23:59:11.653517Z",
        "tag_last_pushed": "2022-03-02T05:11:52.771385Z",
        "media_type": "application/vnd.docker.distribution.manifest.list.v2+json",
        "content_type": "image"
    },
    {
        "creator": 8853552,
        "id": 195265702,
        "images": [
            {
                "architecture": "amd64",
                "features": "",
                "variant": null,
                "digest": "sha256:7e3b64e9cef821485e7b4f3eb08d04cafd0ee90c57b67b8da9cd82f2600233ab",
                "os": "linux",
                "os_features": "",
                "os_version": null,
                "size": 24255488,
                "status": "active",
                "last_pulled": "2024-01-20T08:43:22.066391Z",
                "last_pushed": "2022-03-02T23:09:31.66652Z"
            },
            {
                "architecture": "arm64",
                "features": "",
                "variant": null,
                "digest": "sha256:b0cc1f6210e60a0b92fee0ac173e62fcb4f90e45c45007c178aa524ab8bc7ce6",
                "os": "linux",
                "os_features": "",
                "os_version": null,
                "size": 22139031,
                "status": "active",
                "last_pulled": "2024-01-19T19:47:42.661553Z",
                "last_pushed": "2022-03-02T23:09:35.838924Z"
            }
        ],
        "last_updated": "2022-03-02T23:09:37.46829Z",
        "last_updater": 8853552,
        "last_updater_username": "mxiamxia",
        "name": "v0.17.0",
        "repository": 10066007,
        "full_size": 24255488,
        "v2": true,
        "tag_status": "active",
        "tag_last_pulled": "2024-01-20T08:43:22.066391Z",
        "tag_last_pushed": "2022-03-02T23:09:37.46829Z",
        "media_type": "application/vnd.docker.distribution.manifest.list.v2+json",
        "content_type": "image"
    },
    {
        "creator": 17759045,
        "id": 226995811,
        "images": [
            {
                "architecture": "amd64",
                "features": "",
                "variant": null,
                "digest": "sha256:62c5dd312035b2c4fba2755356bd4801b8b6de66d19822102a6d0723a259d06e",
                "os": "linux",
                "os_features": "",
                "os_version": null,
                "size": 24259824,
                "status": "active",
                "last_pulled": "2024-01-19T23:59:11.672785Z",
                "last_pushed": "2022-06-03T18:39:03.816116Z"
            },
            {
                "architecture": "arm64",
                "features": "",
                "variant": null,
                "digest": "sha256:d2dbf5da44f723483e45c1616e697e19d0aa4c0e668f7442e7433e3a40234b07",
                "os": "linux",
                "os_features": "",
                "os_version": null,
                "size": 22139668,
                "status": "active",
                "last_pulled": "2024-01-19T19:47:44.973254Z",
                "last_pushed": "2022-06-03T18:39:07.960469Z"
            }
        ],
        "last_updated": "2022-06-03T18:39:08.315121Z",
        "last_updater": 17759045,
        "last_updater_username": "adotteam",
        "name": "v0.17.1",
        "repository": 10066007,
        "full_size": 24259824,
        "v2": true,
        "tag_status": "active",
        "tag_last_pulled": "2024-01-19T23:59:11.672785Z",
        "tag_last_pushed": "2022-06-03T18:39:08.315121Z",
        "media_type": "application/vnd.docker.distribution.manifest.list.v2+json",
        "content_type": "image"
    },
    {
        "creator": 17759045,
        "id": 217326613,
        "images": [
            {
                "architecture": "amd64",
                "features": "",
                "variant": null,
                "digest": "sha256:44c2111e3df966275b80dce2a0f07989512ff57383abee933ab4aaf48fa69c6c",
                "os": "linux",
                "os_features": "",
                "os_version": null,
                "size": 25423691,
                "status": "active",
                "last_pulled": "2024-01-20T08:21:39.182795Z",
                "last_pushed": "2022-05-19T22:10:27.544262Z"
            },
            {
                "architecture": "arm64",
                "features": "",
                "variant": null,
                "digest": "sha256:11022d39f7eeb1bfe190cad5a0939a886fed5d5863067ed62c2d69cd093edab3",
                "os": "linux",
                "os_features": "",
                "os_version": null,
                "size": 23194676,
                "status": "active",
                "last_pulled": "2024-01-19T22:26:03.111999Z",
                "last_pushed": "2022-05-19T22:10:30.897762Z"
            }
        ],
        "last_updated": "2022-05-19T22:10:31.300144Z",
        "last_updater": 17759045,
        "last_updater_username": "adotteam",
        "name": "v0.18.0",
        "repository": 10066007,
        "full_size": 25423691,
        "v2": true,
        "tag_status": "active",
        "tag_last_pulled": "2024-01-20T08:21:39.182795Z",
        "tag_last_pushed": "2022-05-19T22:10:31.300144Z",
        "media_type": "application/vnd.docker.distribution.manifest.list.v2+json",
        "content_type": "image"
    },
    {
        "creator": 17759045,
        "id": 245068942,
        "images": [
            {
                "architecture": "amd64",
                "features": "",
                "variant": null,
                "digest": "sha256:23cfcda284044d563ba504fd2b8314f82c5e047fcf7caa637e17c955a671728e",
                "os": "linux",
                "os_features": "",
                "os_version": null,
                "size": 26470584,
                "status": "active",
                "last_pulled": "2024-01-20T09:18:42.867005Z",
                "last_pushed": "2022-06-30T15:54:13.789202Z"
            },
            {
                "architecture": "arm64",
                "features": "",
                "variant": null,
                "digest": "sha256:b5b6e9a9669f9f732de06c90c070e12a2dbb47e99e090f97941a44bf53b33036",
                "os": "linux",
                "os_features": "",
                "os_version": null,
                "size": 24076934,
                "status": "active",
                "last_pulled": "2024-01-19T22:26:13.955044Z",
                "last_pushed": "2022-06-30T15:54:17.682877Z"
            }
        ],
        "last_updated": "2022-06-30T16:07:20.90393Z",
        "last_updater": 17759045,
        "last_updater_username": "adotteam",
        "name": "v0.19.0",
        "repository": 10066007,
        "full_size": 26470584,
        "v2": true,
        "tag_status": "active",
        "tag_last_pulled": "2024-01-20T09:18:42.867005Z",
        "tag_last_pushed": "2022-06-30T16:07:20.90393Z",
        "media_type": "application/vnd.docker.distribution.manifest.list.v2+json",
        "content_type": "image"
    },
    {
        "creator": 5944116,
        "id": 123405234,
        "images": [
            {
                "architecture": "amd64",
                "features": "",
                "variant": null,
                "digest": "sha256:3704f47234bcf42fc5f51e642b31a2776d52844f94cddf4c5b2795e1d16daf8a",
                "os": "linux",
                "os_features": "",
                "os_version": null,
                "size": 19250689,
                "status": "active",
                "last_pulled": "2024-01-20T06:28:49.259954Z",
                "last_pushed": "2020-10-28T01:08:15.576448Z"
            }
        ],
        "last_updated": "2020-10-28T01:08:14.916865Z",
        "last_updater": 5944116,
        "last_updater_username": "josephwy",
        "name": "v0.2.0",
        "repository": 10066007,
        "full_size": 19250689,
        "v2": true,
        "tag_status": "active",
        "tag_last_pulled": "2024-01-20T06:28:49.259954Z",
        "tag_last_pushed": "2020-10-28T01:08:14.916865Z",
        "media_type": "application/vnd.docker.container.image.v1+json",
        "content_type": "image"
    },
    {
        "creator": 17759045,
        "id": 261617885,
        "images": [
            {
                "architecture": "amd64",
                "features": "",
                "variant": null,
                "digest": "sha256:a3b82c4f8cd578ede210dc3b8a41671a6660486b2e227b3448a74e13dc39f7d8",
                "os": "linux",
                "os_features": "",
                "os_version": null,
                "size": 26666140,
                "status": "active",
                "last_pulled": "2024-01-20T02:10:23.068196Z",
                "last_pushed": "2022-07-27T22:19:05.292273Z"
            },
            {
                "architecture": "arm64",
                "features": "",
                "variant": null,
                "digest": "sha256:1695e416479c9f29e3c10b63cd03ed627aa5a23ef5282abc4e4c1c227ffa4e6c",
                "os": "linux",
                "os_features": "",
                "os_version": null,
                "size": 24266143,
                "status": "active",
                "last_pulled": "2024-01-19T22:26:31.043651Z",
                "last_pushed": "2022-07-27T22:19:08.608402Z"
            }
        ],
        "last_updated": "2022-07-27T22:19:09.055453Z",
        "last_updater": 17759045,
        "last_updater_username": "adotteam",
        "name": "v0.20.0",
        "repository": 10066007,
        "full_size": 26666140,
        "v2": true,
        "tag_status": "active",
        "tag_last_pulled": "2024-01-20T08:53:11.229179Z",
        "tag_last_pushed": "2022-07-27T22:19:09.055453Z",
        "media_type": "application/vnd.docker.distribution.manifest.list.v2+json",
        "content_type": "image",
        "digest": "sha256:643f1d3ce607c433896da3f471944add604961260a4a3b6ae78afe21b03ff571"
    },
    {
        "creator": 17759045,
        "id": 286507202,
        "images": [
            {
                "architecture": "amd64",
                "features": "",
                "variant": null,
                "digest": "sha256:e79ad1118effc2c6cdc11638375b8cf81ed78cec3ee1c7850793e422419a2ab1",
                "os": "linux",
                "os_features": "",
                "os_version": null,
                "size": 26698493,
                "status": "active",
                "last_pulled": "2024-01-19T23:59:11.672821Z",
                "last_pushed": "2022-09-08T16:15:35.526351Z"
            },
            {
                "architecture": "arm64",
                "features": "",
                "variant": null,
                "digest": "sha256:f6904cc5615b273b6827f30afd1012d00b7dd234a915a6680dc7a26f67f9c552",
                "os": "linux",
                "os_features": "",
                "os_version": null,
                "size": 24300799,
                "status": "active",
                "last_pulled": "2024-01-19T22:26:41.967475Z",
                "last_pushed": "2022-09-08T16:15:39.415055Z"
            }
        ],
        "last_updated": "2022-09-08T16:15:39.848314Z",
        "last_updater": 17759045,
        "last_updater_username": "adotteam",
        "name": "v0.20.1",
        "repository": 10066007,
        "full_size": 26698493,
        "v2": true,
        "tag_status": "active",
        "tag_last_pulled": "2024-01-20T07:09:13.196767Z",
        "tag_last_pushed": "2022-09-08T16:15:39.848314Z",
        "media_type": "application/vnd.docker.distribution.manifest.list.v2+json",
        "content_type": "image",
        "digest": "sha256:4e12d6f52725f0aaef1008cac8ac50392f49887e815f6c25a6ce0047be2a76d7"
    },
    {
        "creator": 17759045,
        "id": 280698779,
        "images": [
            {
                "architecture": "amd64",
                "features": "",
                "variant": null,
                "digest": "sha256:f4eff1f3e7420517d2f1cce64897f33cc9848445c9be9d3a90217320ea3c58ec",
                "os": "linux",
                "os_features": "",
                "os_version": null,
                "size": 26897338,
                "status": "active",
                "last_pulled": "2024-01-20T09:16:19.817079Z",
                "last_pushed": "2022-08-30T06:00:13.053868Z"
            },
            {
                "architecture": "arm64",
                "features": "",
                "variant": null,
                "digest": "sha256:1d92ec487c112397bcdc4fb8f730559ecae2895b960b0c15c8651044cc773f57",
                "os": "linux",
                "os_features": "",
                "os_version": null,
                "size": 24486980,
                "status": "active",
                "last_pulled": "2024-01-19T22:26:52.837434Z",
                "last_pushed": "2022-08-30T06:00:16.614147Z"
            }
        ],
        "last_updated": "2022-08-30T06:00:16.959837Z",
        "last_updater": 17759045,
        "last_updater_username": "adotteam",
        "name": "v0.21.0",
        "repository": 10066007,
        "full_size": 26897338,
        "v2": true,
        "tag_status": "active",
        "tag_last_pulled": "2024-01-20T09:16:19.817079Z",
        "tag_last_pushed": "2022-08-30T06:00:16.959837Z",
        "media_type": "application/vnd.docker.distribution.manifest.list.v2+json",
        "content_type": "image",
        "digest": "sha256:5cac27cdf9b3719d2b9043aaa7a30301207d2b64924328c53a11635aaaf8ffb3"
    },
    {
        "creator": 17759045,
        "id": 286517138,
        "images": [
            {
                "architecture": "amd64",
                "features": "",
                "variant": null,
                "digest": "sha256:78bf7f5444cb9c55774ec02171e932529e8632fcc8ec628c0e651e1a6a9abde0",
                "os": "linux",
                "os_features": "",
                "os_version": null,
                "size": 26896409,
                "status": "active",
                "last_pulled": "2024-01-20T06:05:40.49397Z",
                "last_pushed": "2022-09-08T16:34:10.876717Z"
            },
            {
                "architecture": "arm64",
                "features": "",
                "variant": null,
                "digest": "sha256:065da1145aae322746ba7865fffbc792055671b4c390420359caace6f3f8ebb9",
                "os": "linux",
                "os_features": "",
                "os_version": null,
                "size": 24497602,
                "status": "active",
                "last_pulled": "2024-01-19T22:27:03.303458Z",
                "last_pushed": "2022-09-08T16:34:13.812269Z"
            }
        ],
        "last_updated": "2022-09-08T16:34:14.177619Z",
        "last_updater": 17759045,
        "last_updater_username": "adotteam",
        "name": "v0.21.1",
        "repository": 10066007,
        "full_size": 26896409,
        "v2": true,
        "tag_status": "active",
        "tag_last_pulled": "2024-01-20T09:36:59.253914Z",
        "tag_last_pushed": "2022-09-08T16:34:14.177619Z",
        "media_type": "application/vnd.docker.distribution.manifest.list.v2+json",
        "content_type": "image",
        "digest": "sha256:34b9ab82bda4996858e16baa2878dcd8ff5eec9365ca183292d4601d7a97260b"
    },
    {
        "creator": 17759045,
        "id": 304025590,
        "images": [
            {
                "architecture": "arm64",
                "features": "",
                "variant": null,
                "digest": "sha256:305dfe94aeb78c7f42a9c975d74e8459576a5216f46c1fb508850da0d06e7554",
                "os": "linux",
                "os_features": "",
                "os_version": null,
                "size": 24892528,
                "status": "active",
                "last_pulled": "2024-01-20T08:51:31.718169Z",
                "last_pushed": "2022-10-05T17:23:06.018314Z"
            },
            {
                "architecture": "amd64",
                "features": "",
                "variant": null,
                "digest": "sha256:9881a9ff60ce4991be7410746e5fceeb146dbac3554928adcc2c027e0c68ab2b",
                "os": "linux",
                "os_features": "",
                "os_version": null,
                "size": 27323178,
                "status": "active",
                "last_pulled": "2024-01-20T09:16:57.264923Z",
                "last_pushed": "2022-10-05T17:23:02.557847Z"
            }
        ],
        "last_updated": "2022-10-05T17:23:06.367217Z",
        "last_updater": 17759045,
        "last_updater_username": "adotteam",
        "name": "v0.22.0",
        "repository": 10066007,
        "full_size": 27323178,
        "v2": true,
        "tag_status": "active",
        "tag_last_pulled": "2024-01-20T09:27:46.492017Z",
        "tag_last_pushed": "2022-10-05T17:23:06.367217Z",
        "media_type": "application/vnd.docker.distribution.manifest.list.v2+json",
        "content_type": "image",
        "digest": "sha256:004a7486e751fb257c45cd48eadc57490e6fe8e8c6c94851ad6cadca4c3ba478"
    },
    {
        "creator": 17759045,
        "id": 326904636,
        "images": [
            {
                "architecture": "amd64",
                "features": "",
                "variant": null,
                "digest": "sha256:59f5bf1976611e1b4d5035a57ab36da47d2649d8f7052389e5b02bfdea4b4548",
                "os": "linux",
                "os_features": "",
                "os_version": null,
                "size": 27325837,
                "status": "active",
                "last_pulled": "2024-01-20T04:17:44.844742Z",
                "last_pushed": "2022-11-09T21:07:39.821698Z"
            },
            {
                "architecture": "arm64",
                "features": "",
                "variant": null,
                "digest": "sha256:11cc1f9fd04fbe3c44f4cc65beae04e82c38e4ad484f579f8f6156cd10c23188",
                "os": "linux",
                "os_features": "",
                "os_version": null,
                "size": 24893202,
                "status": "active",
                "last_pulled": "2024-01-19T19:48:06.835821Z",
                "last_pushed": "2022-11-09T21:07:43.101293Z"
            }
        ],
        "last_updated": "2022-11-09T21:07:43.363295Z",
        "last_updater": 17759045,
        "last_updater_username": "adotteam",
        "name": "v0.22.1",
        "repository": 10066007,
        "full_size": 27325837,
        "v2": true,
        "tag_status": "active",
        "tag_last_pulled": "2024-01-20T09:39:43.163132Z",
        "tag_last_pushed": "2022-11-09T21:07:43.363295Z",
        "media_type": "application/vnd.docker.distribution.manifest.list.v2+json",
        "content_type": "image",
        "digest": "sha256:40bf6e13474d263d26c75de9cd620518311db78e1e88d2e5f615116af51307fb"
    },
    {
        "creator": 17759045,
        "id": 321790342,
        "images": [
            {
                "architecture": "amd64",
                "features": "",
                "variant": null,
                "digest": "sha256:36a7a290ad6e7b32809b1db4af010d797d2286d58f966d04977f8dc96293bcbb",
                "os": "linux",
                "os_features": "",
                "os_version": null,
                "size": 29250646,
                "status": "active",
                "last_pulled": "2024-01-20T09:30:49.836198Z",
                "last_pushed": "2022-11-02T20:47:13.81675Z"
            },
            {
                "architecture": "arm64",
                "features": "",
                "variant": null,
                "digest": "sha256:3c893f2754cc20681be0cba5d2f5505782793602bd18fbb6273188675d522fd7",
                "os": "linux",
                "os_features": "",
                "os_version": null,
                "size": 26668679,
                "status": "active",
                "last_pulled": "2024-01-19T22:27:35.38073Z",
                "last_pushed": "2022-11-02T20:47:17.347778Z"
            }
        ],
        "last_updated": "2022-11-02T20:47:17.742896Z",
        "last_updater": 17759045,
        "last_updater_username": "adotteam",
        "name": "v0.23.0",
        "repository": 10066007,
        "full_size": 29250646,
        "v2": true,
        "tag_status": "active",
        "tag_last_pulled": "2024-01-20T09:30:49.836198Z",
        "tag_last_pushed": "2022-11-02T20:47:17.742896Z",
        "media_type": "application/vnd.docker.distribution.manifest.list.v2+json",
        "content_type": "image",
        "digest": "sha256:17a22ee980451499334c2e59bba59e5d601c359c21738c5d5cfce93f33e8653a"
    },
    {
        "creator": 17759045,
        "id": 345980664,
        "images": [
            {
                "architecture": "amd64",
                "features": "",
                "variant": null,
                "digest": "sha256:a24ce3abaaee60380e9cd0a21907f8fa470cca88fb5651776bc2d3933c66588d",
                "os": "linux",
                "os_features": "",
                "os_version": null,
                "size": 29249521,
                "status": "active",
                "last_pulled": "2024-01-19T23:59:11.722945Z",
                "last_pushed": "2022-12-09T22:48:25.773927Z"
            },
            {
                "architecture": "arm64",
                "features": "",
                "variant": null,
                "digest": "sha256:72bdd12f90fad5c78df190fc9bce0641219de5e35b1c1dbb10cb946f0c96601b",
                "os": "linux",
                "os_features": "",
                "os_version": null,
                "size": 26670299,
                "status": "active",
                "last_pulled": "2024-01-19T22:27:46.325921Z",
                "last_pushed": "2022-12-09T22:48:30.430751Z"
            }
        ],
        "last_updated": "2022-12-09T22:48:30.848625Z",
        "last_updater": 17759045,
        "last_updater_username": "adotteam",
        "name": "v0.23.1",
        "repository": 10066007,
        "full_size": 29249521,
        "v2": true,
        "tag_status": "active",
        "tag_last_pulled": "2024-01-20T02:14:53.169129Z",
        "tag_last_pushed": "2022-12-09T22:48:30.848625Z",
        "media_type": "application/vnd.docker.distribution.manifest.list.v2+json",
        "content_type": "image",
        "digest": "sha256:6e0d4016594b4f69352c9c3a0855f30844ce3d25251043d6cf63cbfda116087a"
    },
    {
        "creator": 17759045,
        "id": 340279766,
        "images": [
            {
                "architecture": "amd64",
                "features": "",
                "variant": null,
                "digest": "sha256:7316db64006002acc6754796b2c3401a344c7a3308ac4de4ce89c289b52a74b3",
                "os": "linux",
                "os_features": "",
                "os_version": null,
                "size": 29476456,
                "status": "active",
                "last_pulled": "2024-01-19T23:59:11.679041Z",
                "last_pushed": "2022-12-01T20:56:47.409723Z"
            },
            {
                "architecture": "arm64",
                "features": "",
                "variant": null,
                "digest": "sha256:ed9a0fc6ed59f0c838eaf2a0c2b3517a8168242be7490556b7a86c4031424ce4",
                "os": "linux",
                "os_features": "",
                "os_version": null,
                "size": 26886251,
                "status": "active",
                "last_pulled": "2024-01-19T22:27:57.290265Z",
                "last_pushed": "2022-12-01T20:56:50.202109Z"
            }
        ],
        "last_updated": "2022-12-01T20:56:50.534487Z",
        "last_updater": 17759045,
        "last_updater_username": "adotteam",
        "name": "v0.24.0",
        "repository": 10066007,
        "full_size": 29476456,
        "v2": true,
        "tag_status": "active",
        "tag_last_pulled": "2024-01-20T08:24:53.157221Z",
        "tag_last_pushed": "2022-12-01T20:56:50.534487Z",
        "media_type": "application/vnd.docker.distribution.manifest.list.v2+json",
        "content_type": "image",
        "digest": "sha256:e757f91a8b21ded323a0922ede1fdeaddef4b53cbf788a017f5ad5a317763f48"
    },
    {
        "creator": 17759045,
        "id": 345103129,
        "images": [
            {
                "architecture": "amd64",
                "features": "",
                "variant": null,
                "digest": "sha256:d2e04a47a505b0e9c21edbe2346eb390cff117ec47f0b1745f69a2f56d0e69b6",
                "os": "linux",
                "os_features": "",
                "os_version": null,
                "size": 29476518,
                "status": "active",
                "last_pulled": "2024-01-19T23:59:11.734723Z",
                "last_pushed": "2022-12-08T17:46:13.029289Z"
            },
            {
                "architecture": "arm64",
                "features": "",
                "variant": null,
                "digest": "sha256:67b9b6ee1b7eae8cd430e81ae229dbb080570f55067c1741e3512e643f5b38e1",
                "os": "linux",
                "os_features": "",
                "os_version": null,
                "size": 26886125,
                "status": "active",
                "last_pulled": "2024-01-19T22:28:08.182766Z",
                "last_pushed": "2022-12-08T17:46:16.191731Z"
            }
        ],
        "last_updated": "2022-12-08T17:46:16.494026Z",
        "last_updater": 17759045,
        "last_updater_username": "adotteam",
        "name": "v0.24.1",
        "repository": 10066007,
        "full_size": 29476518,
        "v2": true,
        "tag_status": "active",
        "tag_last_pulled": "2024-01-20T09:37:19.267938Z",
        "tag_last_pushed": "2022-12-08T17:46:16.494026Z",
        "media_type": "application/vnd.docker.distribution.manifest.list.v2+json",
        "content_type": "image",
        "digest": "sha256:539b3372e983c99135e71cffb3592782fa3b1cffde67e827f441484346123f8d"
    },
    {
        "creator": 5944116,
        "id": 124307198,
        "images": [
            {
                "architecture": "amd64",
                "features": "",
                "variant": null,
                "digest": "sha256:fc4b51254d4e69713d4fae73571ae3a56262c2ee4b88c3d25b0f978c1655ec7c",
                "os": "linux",
                "os_features": "",
                "os_version": null,
                "size": 19298816,
                "status": "active",
                "last_pulled": "2024-01-19T23:59:11.641408Z",
                "last_pushed": "2020-11-03T19:14:32.458144Z"
            }
        ],
        "last_updated": "2020-11-03T19:14:31.991436Z",
        "last_updater": 5944116,
        "last_updater_username": "josephwy",
        "name": "v0.3.0",
        "repository": 10066007,
        "full_size": 19298816,
        "v2": true,
        "tag_status": "active",
        "tag_last_pulled": "2024-01-19T23:59:11.641408Z",
        "tag_last_pushed": "2020-11-03T19:14:31.991436Z",
        "media_type": "application/vnd.docker.container.image.v1+json",
        "content_type": "image"
    },
    {
        "creator": 5944116,
        "id": 126948547,
        "images": [
            {
                "architecture": "amd64",
                "features": "",
                "variant": null,
                "digest": "sha256:d6b798ee33476aa3d23bfafed57a1094b291328e30887cdf4d429c6dccc720a0",
                "os": "linux",
                "os_features": "",
                "os_version": null,
                "size": 19671589,
                "status": "active",
                "last_pulled": "2024-01-19T23:32:00.749451Z",
                "last_pushed": "2020-12-10T22:10:14.887507Z"
            }
        ],
        "last_updated": "2020-12-10T22:10:14.288317Z",
        "last_updater": 5944116,
        "last_updater_username": "josephwy",
        "name": "v0.4.0",
        "repository": 10066007,
        "full_size": 19671589,
        "v2": true,
        "tag_status": "active",
        "tag_last_pulled": "2024-01-19T23:32:00.749451Z",
        "tag_last_pushed": "2020-12-10T22:10:14.288317Z",
        "media_type": "application/vnd.docker.container.image.v1+json",
        "content_type": "image"
    },
    {
        "creator": 5944116,
        "id": 129396874,
        "images": [
            {
                "architecture": "amd64",
                "features": "",
                "variant": null,
                "digest": "sha256:7b86d73530f8de533692b96bff43d10f2a0b38d19f3849db33f59e463d20372b",
                "os": "linux",
                "os_features": "",
                "os_version": null,
                "size": 19686954,
                "status": "active",
                "last_pulled": "2024-01-19T23:59:11.627635Z",
                "last_pushed": "2020-12-09T21:08:41.578573Z"
            }
        ],
        "last_updated": "2020-12-09T21:08:41.120336Z",
        "last_updater": 5944116,
        "last_updater_username": "josephwy",
        "name": "v0.5.0",
        "repository": 10066007,
        "full_size": 19686954,
        "v2": true,
        "tag_status": "active",
        "tag_last_pulled": "2024-01-19T23:59:11.627635Z",
        "tag_last_pushed": "2020-12-09T21:08:41.120336Z",
        "media_type": "application/vnd.docker.container.image.v1+json",
        "content_type": "image"
    },
    {
        "creator": 5944116,
        "id": 130074418,
        "images": [
            {
                "architecture": "amd64",
                "features": "",
                "variant": null,
                "digest": "sha256:1c8cd7ceeccb2276bbc27f3016c5b2d5e423772e7b612e7d772f71efc9d7be21",
                "os": "linux",
                "os_features": "",
                "os_version": null,
                "size": 19687709,
                "status": "active",
                "last_pulled": "2024-01-19T23:59:11.642853Z",
                "last_pushed": "2020-12-15T02:56:31.81573Z"
            }
        ],
        "last_updated": "2020-12-15T02:56:31.337298Z",
        "last_updater": 5944116,
        "last_updater_username": "josephwy",
        "name": "v0.6.0",
        "repository": 10066007,
        "full_size": 19687709,
        "v2": true,
        "tag_status": "active",
        "tag_last_pulled": "2024-01-19T23:59:11.642853Z",
        "tag_last_pushed": "2020-12-15T02:56:31.337298Z",
        "media_type": "application/vnd.docker.container.image.v1+json",
        "content_type": "image"
    },
    {
        "creator": 5944116,
        "id": 135618559,
        "images": [
            {
                "architecture": "amd64",
                "features": "",
                "variant": null,
                "digest": "sha256:755669fe0cf6971a299d99982c5b3033ca749955799c1ff583e54b8f2226e0fe",
                "os": "linux",
                "os_features": "",
                "os_version": null,
                "size": 20844716,
                "status": "active",
                "last_pulled": "2024-01-19T23:59:11.916968Z",
                "last_pushed": "2021-02-02T04:47:29.900139Z"
            }
        ],
        "last_updated": "2021-02-02T04:47:29.449702Z",
        "last_updater": 5944116,
        "last_updater_username": "josephwy",
        "name": "v0.7.0",
        "repository": 10066007,
        "full_size": 20844716,
        "v2": true,
        "tag_status": "active",
        "tag_last_pulled": "2024-01-19T23:59:11.916968Z",
        "tag_last_pushed": "2021-02-02T04:47:29.449702Z",
        "media_type": "application/vnd.docker.container.image.v1+json",
        "content_type": "image"
    },
    {
        "creator": 5944116,
        "id": 142539829,
        "images": [
            {
                "architecture": "amd64",
                "features": "",
                "variant": null,
                "digest": "sha256:139b6397f49dab733450af4784390c3aee36f58fc28ef1310cdd187ae8911b03",
                "os": "linux",
                "os_features": "",
                "os_version": null,
                "size": 21501743,
                "status": "active",
                "last_pulled": "2024-01-20T02:15:33.17715Z",
                "last_pushed": "2021-03-23T03:03:55.40205Z"
            }
        ],
        "last_updated": "2021-03-23T03:03:54.923167Z",
        "last_updater": 5944116,
        "last_updater_username": "josephwy",
        "name": "v0.8.0",
        "repository": 10066007,
        "full_size": 21501743,
        "v2": true,
        "tag_status": "active",
        "tag_last_pulled": "2024-01-20T02:15:33.17715Z",
        "tag_last_pushed": "2021-03-23T03:03:54.923167Z",
        "media_type": "application/vnd.docker.container.image.v1+json",
        "content_type": "image"
    },
    {
        "creator": 8853552,
        "id": 147580686,
        "images": [
            {
                "architecture": "amd64",
                "features": "",
                "variant": null,
                "digest": "sha256:e058e3ab2c80d6e4b5805834bf78d1d4496f1c8eba51eb42c2a0d527c0b435c0",
                "os": "linux",
                "os_features": "",
                "os_version": null,
                "size": 20865823,
                "status": "active",
                "last_pulled": "2024-01-20T09:19:09.257609Z",
                "last_pushed": "2021-04-29T15:42:33.177199Z"
            }
        ],
        "last_updated": "2021-04-29T15:42:30.704158Z",
        "last_updater": 8853552,
        "last_updater_username": "mxiamxia",
        "name": "v0.9.0",
        "repository": 10066007,
        "full_size": 20865823,
        "v2": true,
        "tag_status": "active",
        "tag_last_pulled": "2024-01-20T09:19:09.257609Z",
        "tag_last_pushed": "2021-04-29T15:42:30.704158Z",
        "media_type": "application/vnd.docker.container.image.v1+json",
        "content_type": "image"
    }
]