[
    {
        "creator": 3696426,
        "id": 33667043,
        "images": [
            {
                "architecture": "amd64",
                "features": "",
                "variant": null,
                "digest": "sha256:26ea09a4a6804345876fe3403c1113f6596f63e027baca54b98c91f60bfc4e4d",
                "os": "linux",
                "os_features": "",
                "os_version": null,
                "size": 176831119,
                "status": "inactive",
                "last_pulled": null,
                "last_pushed": null
            }
        ],
        "last_updated": "2018-08-22T16:29:28.433111Z",
        "last_updater": 3696426,
        "last_updater_username": "amazondynamodb",
        "name": "1.11.119",
        "repository": 5921406,
        "full_size": 176831119,
        "v2": true,
        "tag_status": "inactive",
        "tag_last_pulled": null,
        "tag_last_pushed": "2018-08-22T16:29:28.433111Z",
        "media_type": "application/vnd.docker.container.image.v1+json",
        "content_type": "image"
    },
    {
        "creator": 3696426,
        "id": 33667105,
        "images": [
            {
                "architecture": "amd64",
                "features": "",
                "variant": null,
                "digest": "sha256:1ed323ca0f03839ee8495e6a86bd4d97e1048ac832acf9e6a16af7ec77d3d423",
                "os": "linux",
                "os_features": "",
                "os_version": null,
                "size": 542022730,
                "status": "inactive",
                "last_pulled": null,
                "last_pushed": null
            }
        ],
        "last_updated": "2018-08-22T16:30:18.165873Z",
        "last_updater": 3696426,
        "last_updater_username": "amazondynamodb",
        "name": "1.11.119-sources",
        "repository": 5921406,
        "full_size": 542022730,
        "v2": true,
        "tag_status": "inactive",
        "tag_last_pulled": null,
        "tag_last_pushed": "2018-08-22T16:30:18.165873Z",
        "media_type": "application/vnd.docker.container.image.v1+json",
        "content_type": "image"
    },
    {
        "creator": 3696426,
        "id": 46112191,
        "images": [
            {
                "architecture": "amd64",
                "features": "",
                "variant": null,
                "digest": "sha256:cb25ff0800daac4feb86fc70dd1731903f91f2c2243e131e83e4e6e6a3f623b4",
                "os": "linux",
                "os_features": "",
                "os_version": null,
                "size": 200512642,
                "status": "inactive",
                "last_pulled": null,
                "last_pushed": null
            }
        ],
        "last_updated": "2019-02-04T21:50:57.579897Z",
        "last_updater": 3696426,
        "last_updater_username": "amazondynamodb",
        "name": "1.11.475",
        "repository": 5921406,
        "full_size": 200512642,
        "v2": true,
        "tag_status": "inactive",
        "tag_last_pulled": null,
        "tag_last_pushed": "2019-02-04T21:50:57.579897Z",
        "media_type": "application/vnd.docker.container.image.v1+json",
        "content_type": "image"
    },
    {
        "creator": 3696426,
        "id": 46425898,
        "images": [
            {
                "architecture": "amd64",
                "features": "",
                "variant": null,
                "digest": "sha256:d0e7e8b4a50ae240e50888f4efe46bbad5583ff1f384e522717aeb981d417e10",
                "os": "linux",
                "os_features": "",
                "os_version": null,
                "size": 200513326,
                "status": "inactive",
                "last_pulled": null,
                "last_pushed": null
            }
        ],
        "last_updated": "2019-02-08T00:50:49.254926Z",
        "last_updater": 3696426,
        "last_updater_username": "amazondynamodb",
        "name": "1.11.477",
        "repository": 5921406,
        "full_size": 200513326,
        "v2": true,
        "tag_status": "inactive",
        "tag_last_pulled": null,
        "tag_last_pushed": "2019-02-08T00:50:49.254926Z",
        "media_type": "application/vnd.docker.container.image.v1+json",
        "content_type": "image"
    },
    {
        "creator": 3696426,
        "id": 84056018,
        "images": [
            {
                "architecture": "amd64",
                "features": "",
                "variant": null,
                "digest": "sha256:8414d80019b0502742c98e66ea22780f99c9d7c118696dc78eef7867a705e7bb",
                "os": "linux",
                "os_features": "",
                "os_version": null,
                "size": 238817565,
                "status": "active",
                "last_pulled": "2024-01-20T06:55:43.308315Z",
                "last_pushed": null
            }
        ],
        "last_updated": "2020-01-25T05:15:08.053889Z",
        "last_updater": 3696426,
        "last_updater_username": "amazondynamodb",
        "name": "1.12.0",
        "repository": 5921406,
        "full_size": 238817565,
        "v2": true,
        "tag_status": "active",
        "tag_last_pulled": "2024-01-20T06:55:43.308315Z",
        "tag_last_pushed": "2020-01-25T05:15:08.053889Z",
        "media_type": "application/vnd.docker.container.image.v1+json",
        "content_type": "image"
    },
    {
        "creator": 3696426,
        "id": 101356206,
        "images": [
            {
                "architecture": "amd64",
                "features": "",
                "variant": null,
                "digest": "sha256:df8bdbc5c809834f143bde4f94f8ef41a96014f0838f670bb66c6b614aa0df35",
                "os": "linux",
                "os_features": "",
                "os_version": null,
                "size": 241554875,
                "status": "active",
                "last_pulled": "2024-01-20T08:43:02.549554Z",
                "last_pushed": null
            }
        ],
        "last_updated": "2020-05-20T23:28:25.248769Z",
        "last_updater": 3696426,
        "last_updater_username": "amazondynamodb",
        "name": "1.13.0",
        "repository": 5921406,
        "full_size": 241554875,
        "v2": true,
        "tag_status": "active",
        "tag_last_pulled": "2024-01-20T08:43:02.549554Z",
        "tag_last_pushed": "2020-05-20T23:28:25.248769Z",
        "media_type": "application/vnd.docker.container.image.v1+json",
        "content_type": "image"
    },
    {
        "creator": 3696426,
        "id": 102738107,
        "images": [
            {
                "architecture": "amd64",
                "features": "",
                "variant": null,
                "digest": "sha256:648d5f0a5eb96b789040dcc56256a5b16a4097722327e7c8e1598daaa2fde385",
                "os": "linux",
                "os_features": "",
                "os_version": null,
                "size": 241585141,
                "status": "active",
                "last_pulled": "2024-01-20T08:47:02.099077Z",
                "last_pushed": null
            }
        ],
        "last_updated": "2020-05-31T01:09:52.72771Z",
        "last_updater": 3696426,
        "last_updater_username": "amazondynamodb",
        "name": "1.13.1",
        "repository": 5921406,
        "full_size": 241585141,
        "v2": true,
        "tag_status": "active",
        "tag_last_pulled": "2024-01-20T08:47:02.099077Z",
        "tag_last_pushed": "2020-05-31T01:09:52.72771Z",
        "media_type": "application/vnd.docker.container.image.v1+json",
        "content_type": "image"
    },
    {
        "creator": 3696426,
        "id": 110617694,
        "images": [
            {
                "architecture": "amd64",
                "features": "",
                "variant": null,
                "digest": "sha256:c8aeb014edfff8b93d7f14054cb9d2a1be214d62b7c5b61eb7fb40893a8404bb",
                "os": "linux",
                "os_features": "",
                "os_version": null,
                "size": 241583255,
                "status": "active",
                "last_pulled": "2024-01-20T08:14:00.792375Z",
                "last_pushed": null
            }
        ],
        "last_updated": "2020-07-27T19:54:05.571942Z",
        "last_updater": 3696426,
        "last_updater_username": "amazondynamodb",
        "name": "1.13.2",
        "repository": 5921406,
        "full_size": 241583255,
        "v2": true,
        "tag_status": "active",
        "tag_last_pulled": "2024-01-20T08:14:00.792375Z",
        "tag_last_pushed": "2020-07-27T19:54:05.571942Z",
        "media_type": "application/vnd.docker.container.image.v1+json",
        "content_type": "image"
    },
    {
        "creator": 3696426,
        "id": 114527695,
        "images": [
            {
                "architecture": "amd64",
                "features": "",
                "variant": null,
                "digest": "sha256:3bf539a420178b89f9dc696f5883cf889f11e381ffb25a7e18f01ba685f4f752",
                "os": "linux",
                "os_features": "",
                "os_version": null,
                "size": 241709405,
                "status": "active",
                "last_pulled": "2024-01-20T06:16:47.971868Z",
                "last_pushed": null
            }
        ],
        "last_updated": "2020-08-24T20:23:28.668671Z",
        "last_updater": 3696426,
        "last_updater_username": "amazondynamodb",
        "name": "1.13.3",
        "repository": 5921406,
        "full_size": 241709405,
        "v2": true,
        "tag_status": "active",
        "tag_last_pulled": "2024-01-20T06:16:47.971868Z",
        "tag_last_pushed": "2020-08-24T20:23:28.668671Z",
        "media_type": "application/vnd.docker.container.image.v1+json",
        "content_type": "image"
    },
    {
        "creator": 3696426,
        "id": 117294166,
        "images": [
            {
                "architecture": "amd64",
                "features": "",
                "variant": null,
                "digest": "sha256:7d2178aa20b7a87a05af38cad98b06eedab9dcd4842c8d5290959e4732e63bf2",
                "os": "linux",
                "os_features": "",
                "os_version": null,
                "size": 241696803,
                "status": "active",
                "last_pulled": "2024-01-20T08:38:15.502048Z",
                "last_pushed": "2020-09-14T23:47:39.159792Z"
            }
        ],
        "last_updated": "2020-09-14T23:47:32.043505Z",
        "last_updater": 3696426,
        "last_updater_username": "amazondynamodb",
        "name": "1.13.4",
        "repository": 5921406,
        "full_size": 241696803,
        "v2": true,
        "tag_status": "active",
        "tag_last_pulled": "2024-01-20T08:38:15.502048Z",
        "tag_last_pushed": "2020-09-14T23:47:32.043505Z",
        "media_type": "application/vnd.docker.container.image.v1+json",
        "content_type": "image"
    },
    {
        "creator": 3696426,
        "id": 121636101,
        "images": [
            {
                "architecture": "arm64",
                "features": "",
                "variant": null,
                "digest": "sha256:d39583bcf1a5aab6e9276e15ff681c83f2dac055e1d6604bc0dcd0092c305911",
                "os": "linux",
                "os_features": "",
                "os_version": null,
                "size": 227325749,
                "status": "active",
                "last_pulled": "2024-01-20T08:06:39.811808Z",
                "last_pushed": "2020-10-15T22:27:26.63638Z"
            },
            {
                "architecture": "amd64",
                "features": "",
                "variant": null,
                "digest": "sha256:b845d71a32c6b3b404c14426d86885cd3879f5b93d0f5d8c4e9d28f5c33cd4b5",
                "os": "linux",
                "os_features": "",
                "os_version": null,
                "size": 226501175,
                "status": "active",
                "last_pulled": "2024-01-20T08:44:58.003579Z",
                "last_pushed": "2020-10-15T22:27:25.190466Z"
            }
        ],
        "last_updated": "2020-10-15T21:51:45.092526Z",
        "last_updater": 3696426,
        "last_updater_username": "amazondynamodb",
        "name": "1.13.5",
        "repository": 5921406,
        "full_size": 227325749,
        "v2": true,
        "tag_status": "active",
        "tag_last_pulled": "2024-01-20T08:44:58.003579Z",
        "tag_last_pushed": "2020-10-15T21:51:45.092526Z",
        "media_type": "application/vnd.docker.distribution.manifest.list.v2+json",
        "content_type": "image"
    },
    {
        "creator": 3696426,
        "id": 130999879,
        "images": [
            {
                "architecture": "arm64",
                "features": "",
                "variant": null,
                "digest": "sha256:ad616c74610a98fc57ea6fff9ee48ae77bc14a9b1f58321c23186289fd82acf3",
                "os": "linux",
                "os_features": "",
                "os_version": null,
                "size": 231635565,
                "status": "active",
                "last_pulled": "2024-01-19T18:26:26.147016Z",
                "last_pushed": "2020-12-21T20:32:08.103432Z"
            },
            {
                "architecture": "amd64",
                "features": "",
                "variant": null,
                "digest": "sha256:062f2620baad38a11f871b657c1182534a3be0127d3bb69e1fb7c1b765dffd89",
                "os": "linux",
                "os_features": "",
                "os_version": null,
                "size": 230585642,
                "status": "active",
                "last_pulled": "2024-01-20T07:18:33.793442Z",
                "last_pushed": "2020-12-21T20:32:08.464113Z"
            }
        ],
        "last_updated": "2020-12-21T20:32:07.154904Z",
        "last_updater": 3696426,
        "last_updater_username": "amazondynamodb",
        "name": "1.13.6",
        "repository": 5921406,
        "full_size": 231635565,
        "v2": true,
        "tag_status": "active",
        "tag_last_pulled": "2024-01-20T07:18:33.793442Z",
        "tag_last_pushed": "2020-12-21T20:32:07.154904Z",
        "media_type": "application/vnd.docker.distribution.manifest.list.v2+json",
        "content_type": "image"
    },
    {
        "creator": 3696426,
        "id": 136731003,
        "images": [
            {
                "architecture": "amd64",
                "features": "",
                "variant": null,
                "digest": "sha256:24e20c943856246cf5b0d75aa893faec0bd69dbbfbb501de897ad3c366636d6e",
                "os": "linux",
                "os_features": "",
                "os_version": null,
                "size": 243157836,
                "status": "active",
                "last_pulled": "2024-01-20T08:14:42.989759Z",
                "last_pushed": "2021-02-08T21:02:57.793302Z"
            },
            {
                "architecture": "arm64",
                "features": "",
                "variant": null,
                "digest": "sha256:093aeb28ba4391224c986aad5371950ff2e363fa46262c7d3f3e40f95bbf0c92",
                "os": "linux",
                "os_features": "",
                "os_version": null,
                "size": 244207750,
                "status": "active",
                "last_pulled": "2024-01-19T23:55:41.622664Z",
                "last_pushed": "2021-02-08T21:02:57.542147Z"
            }
        ],
        "last_updated": "2021-02-08T21:02:56.701437Z",
        "last_updater": 3696426,
        "last_updater_username": "amazondynamodb",
        "name": "1.15.0",
        "repository": 5921406,
        "full_size": 244207750,
        "v2": true,
        "tag_status": "active",
        "tag_last_pulled": "2024-01-20T08:14:42.989759Z",
        "tag_last_pushed": "2021-02-08T21:02:56.701437Z",
        "media_type": "application/vnd.docker.distribution.manifest.list.v2+json",
        "content_type": "image"
    },
    {
        "creator": 3696426,
        "id": 148145686,
        "images": [
            {
                "architecture": "amd64",
                "features": "",
                "variant": null,
                "digest": "sha256:aa3128debb782f5ad08cf540455b067c8da50a711d34e91d0683cde2050efd47",
                "os": "linux",
                "os_features": "",
                "os_version": null,
                "size": 251369461,
                "status": "active",
                "last_pulled": "2024-01-20T09:26:35.677623Z",
                "last_pushed": "2021-05-03T19:15:14.469269Z"
            },
            {
                "architecture": "arm64",
                "features": "",
                "variant": null,
                "digest": "sha256:0c8f11e69ccf895c7ec97a7c9991d4654971f0e5e3ae42292de1c514f3e03cfa",
                "os": "linux",
                "os_features": "",
                "os_version": null,
                "size": 252403682,
                "status": "active",
                "last_pulled": "2024-01-20T03:25:06.716977Z",
                "last_pushed": "2021-05-03T19:15:14.736609Z"
            }
        ],
        "last_updated": "2021-05-03T19:15:13.743969Z",
        "last_updater": 3696426,
        "last_updater_username": "amazondynamodb",
        "name": "1.16.0",
        "repository": 5921406,
        "full_size": 252403682,
        "v2": true,
        "tag_status": "active",
        "tag_last_pulled": "2024-01-20T09:26:35.677623Z",
        "tag_last_pushed": "2021-05-03T19:15:13.743969Z",
        "media_type": "application/vnd.docker.distribution.manifest.list.v2+json",
        "content_type": "image"
    },
    {
        "creator": 3696426,
        "id": 171534715,
        "images": [
            {
                "architecture": "amd64",
                "features": "",
                "variant": null,
                "digest": "sha256:9d9253af53bfbf74df53715a36327a9b75881b6bde8d624614ae4e8f0ee8a73d",
                "os": "linux",
                "os_features": "",
                "os_version": null,
                "size": 249660642,
                "status": "active",
                "last_pulled": "2024-01-20T04:12:16.338929Z",
                "last_pushed": "2021-10-12T00:30:33.394929Z"
            },
            {
                "architecture": "arm64",
                "features": "",
                "variant": null,
                "digest": "sha256:05f57e42b5c1e82a3774615c44e416fff72a6ab1b73def03a4733d87b4cf137a",
                "os": "linux",
                "os_features": "",
                "os_version": null,
                "size": 250581045,
                "status": "active",
                "last_pulled": "2024-01-19T18:28:00.59623Z",
                "last_pushed": "2021-10-12T00:30:33.156357Z"
            }
        ],
        "last_updated": "2021-10-12T00:30:33.636859Z",
        "last_updater": 3696426,
        "last_updater_username": "amazondynamodb",
        "name": "1.17.0",
        "repository": 5921406,
        "full_size": 250581045,
        "v2": true,
        "tag_status": "active",
        "tag_last_pulled": "2024-01-20T04:12:16.338929Z",
        "tag_last_pushed": "2021-10-12T00:30:33.636859Z",
        "media_type": "application/vnd.docker.distribution.manifest.list.v2+json",
        "content_type": "image"
    },
    {
        "creator": 3696426,
        "id": 181926285,
        "images": [
            {
                "architecture": "arm64",
                "features": "",
                "variant": null,
                "digest": "sha256:94c43d9ec73267e7e332e4b6f99acf3c24a70e5031a70266ead9805747dac4a6",
                "os": "linux",
                "os_features": "",
                "os_version": null,
                "size": 250663532,
                "status": "active",
                "last_pulled": "2024-01-19T18:28:50.177448Z",
                "last_pushed": "2021-12-10T22:37:20.207214Z"
            },
            {
                "architecture": "amd64",
                "features": "",
                "variant": null,
                "digest": "sha256:af7dee9951a8d2755154bca4d92d796fdda55455f47598acbe47cca2f8ff752d",
                "os": "linux",
                "os_features": "",
                "os_version": null,
                "size": 249888311,
                "status": "active",
                "last_pulled": "2024-01-20T04:12:24.01835Z",
                "last_pushed": "2021-12-10T22:37:20.339296Z"
            }
        ],
        "last_updated": "2021-12-10T22:37:20.540249Z",
        "last_updater": 3696426,
        "last_updater_username": "amazondynamodb",
        "name": "1.17.1",
        "repository": 5921406,
        "full_size": 250663532,
        "v2": true,
        "tag_status": "active",
        "tag_last_pulled": "2024-01-20T04:12:24.01835Z",
        "tag_last_pushed": "2021-12-10T22:37:20.540249Z",
        "media_type": "application/vnd.docker.distribution.manifest.list.v2+json",
        "content_type": "image"
    },
    {
        "creator": 3696426,
        "id": 183261757,
        "images": [
            {
                "architecture": "arm64",
                "features": "",
                "variant": null,
                "digest": "sha256:4bbd91dcdb90b65147660e9271201ee7c03bfa8c8f86bc8f685643b5ff799fbd",
                "os": "linux",
                "os_features": "",
                "os_version": null,
                "size": 255968221,
                "status": "active",
                "last_pulled": "2024-01-19T18:29:34.694036Z",
                "last_pushed": "2021-12-17T21:57:30.987819Z"
            },
            {
                "architecture": "amd64",
                "features": "",
                "variant": null,
                "digest": "sha256:5efdd6f2f2e5b6d6a723e4791b7f32e30445357242b19ef2bb7bacbe3486a14a",
                "os": "linux",
                "os_features": "",
                "os_version": null,
                "size": 255192977,
                "status": "active",
                "last_pulled": "2024-01-20T04:08:13.694407Z",
                "last_pushed": "2021-12-17T21:57:30.714986Z"
            }
        ],
        "last_updated": "2021-12-17T21:57:31.255553Z",
        "last_updater": 3696426,
        "last_updater_username": "amazondynamodb",
        "name": "1.17.2",
        "repository": 5921406,
        "full_size": 255968221,
        "v2": true,
        "tag_status": "active",
        "tag_last_pulled": "2024-01-20T04:08:13.694407Z",
        "tag_last_pushed": "2021-12-17T21:57:31.255553Z",
        "media_type": "application/vnd.docker.distribution.manifest.list.v2+json",
        "content_type": "image"
    },
    {
        "creator": 3696426,
        "id": 186178636,
        "images": [
            {
                "architecture": "amd64",
                "features": "",
                "variant": null,
                "digest": "sha256:083b4cb70bd24421db50271342405a8879cc931cc58cdffe4e96259a13a933a5",
                "os": "linux",
                "os_features": "",
                "os_version": null,
                "size": 208559873,
                "status": "active",
                "last_pulled": "2024-01-20T09:42:27.386337Z",
                "last_pushed": "2022-01-12T20:12:45.684002Z"
            },
            {
                "architecture": "arm64",
                "features": "",
                "variant": null,
                "digest": "sha256:5bd3bc1374ef417603769c3b1956f8b400c8f32fffb4fb4cfa9ff152c7c4bb9d",
                "os": "linux",
                "os_features": "",
                "os_version": null,
                "size": 208330357,
                "status": "active",
                "last_pulled": "2024-01-20T01:46:29.621015Z",
                "last_pushed": "2022-01-12T20:12:46.093253Z"
            }
        ],
        "last_updated": "2022-01-12T20:12:46.414605Z",
        "last_updater": 3696426,
        "last_updater_username": "amazondynamodb",
        "name": "1.18.0",
        "repository": 5921406,
        "full_size": 208330357,
        "v2": true,
        "tag_status": "active",
        "tag_last_pulled": "2024-01-20T09:42:27.386337Z",
        "tag_last_pushed": "2022-01-12T20:12:46.414605Z",
        "media_type": "application/vnd.docker.distribution.manifest.list.v2+json",
        "content_type": "image"
    },
    {
        "creator": 3696426,
        "id": 269620554,
        "images": [
            {
                "architecture": "arm64",
                "features": "",
                "variant": null,
                "digest": "sha256:f76a8918c3075148dd502dc6579216ea16ffa0c0f3dd6d3ff622fe34727bdea5",
                "os": "linux",
                "os_features": "",
                "os_version": null,
                "size": 222414136,
                "status": "active",
                "last_pulled": "2024-01-19T22:07:31.640472Z",
                "last_pushed": "2022-08-10T06:08:51.73983Z"
            },
            {
                "architecture": "amd64",
                "features": "",
                "variant": null,
                "digest": "sha256:675b05566ff1b4f978ce756e1a981f62064296115bf1b4c201e4820941743174",
                "os": "linux",
                "os_features": "",
                "os_version": null,
                "size": 222304153,
                "status": "active",
                "last_pulled": "2024-01-20T07:17:47.697766Z",
                "last_pushed": "2022-08-10T06:08:52.094804Z"
            }
        ],
        "last_updated": "2022-08-10T06:08:52.645318Z",
        "last_updater": 3696426,
        "last_updater_username": "amazondynamodb",
        "name": "1.19.0",
        "repository": 5921406,
        "full_size": 222414136,
        "v2": true,
        "tag_status": "active",
        "tag_last_pulled": "2024-01-20T08:54:35.77327Z",
        "tag_last_pushed": "2022-08-10T06:08:52.645318Z",
        "media_type": "application/vnd.docker.distribution.manifest.list.v2+json",
        "content_type": "image",
        "digest": "sha256:b0e6d35e4a783a6a7e86a26085b1f05e35910e5ca84c9c807f3164ec2da286e3"
    },
    {
        "creator": 3696426,
        "id": 288916420,
        "images": [
            {
                "architecture": "arm64",
                "features": "",
                "variant": null,
                "digest": "sha256:ba8d8489ab2d68434b53cd3f2d13a6d05db8b3a295572957104a2e4851812e21",
                "os": "linux",
                "os_features": "",
                "os_version": null,
                "size": 211058188,
                "status": "active",
                "last_pulled": "2024-01-20T08:01:32.266515Z",
                "last_pushed": "2022-09-12T22:28:06.453547Z"
            },
            {
                "architecture": "amd64",
                "features": "",
                "variant": null,
                "digest": "sha256:aed85599f5000979c28c8b2fea7d685a0f2c60810df819973b1fb8e8dc5d7206",
                "os": "linux",
                "os_features": "",
                "os_version": null,
                "size": 211241146,
                "status": "active",
                "last_pulled": "2024-01-20T09:36:48.267497Z",
                "last_pushed": "2022-09-12T22:28:06.165131Z"
            }
        ],
        "last_updated": "2022-09-12T22:28:06.940321Z",
        "last_updater": 3696426,
        "last_updater_username": "amazondynamodb",
        "name": "1.20.0",
        "repository": 5921406,
        "full_size": 211058188,
        "v2": true,
        "tag_status": "active",
        "tag_last_pulled": "2024-01-20T09:36:48.267497Z",
        "tag_last_pushed": "2022-09-12T22:28:06.940321Z",
        "media_type": "application/vnd.docker.distribution.manifest.list.v2+json",
        "content_type": "image",
        "digest": "sha256:1ed00881c937310f68f1e556b016af4f3bde711673ced3fbee355941b4c92151"
    }
]