[
    {
        "creator": 434552,
        "id": 15093806,
        "images": [
            {
                "architecture": "amd64",
                "features": "",
                "variant": null,
                "digest": "sha256:67a9c2fbd332c4f602a6cfe0dd1777e5555fa9560dfd9ed2fba4622a3d355dbd",
                "os": "linux",
                "os_features": "",
                "os_version": null,
                "size": 88982021,
                "status": "active",
                "last_pulled": "2024-01-19T23:07:22.724212Z",
                "last_pushed": "2021-03-04T21:37:04.336532Z"
            }
        ],
        "last_updated": "2021-03-04T21:09:21.549633Z",
        "last_updater": 434552,
        "last_updater_username": "bitbucketci",
        "name": "ddev-beta",
        "repository": 1802620,
        "full_size": 88982021,
        "v2": true,
        "tag_status": "active",
        "tag_last_pulled": "2024-01-19T23:07:22.724212Z",
        "tag_last_pushed": "2021-03-04T21:09:21.549633Z",
        "media_type": "application/vnd.docker.container.image.v1+json",
        "content_type": "image"
    },
    {
        "creator": 434552,
        "id": 18282397,
        "images": [
            {
                "architecture": "amd64",
                "features": "",
                "variant": null,
                "digest": "sha256:947e4b4fb9e4b8f88b7eec1b1370114a90cb404ce993ec7f01929ba76f197a26",
                "os": "linux",
                "os_features": "",
                "os_version": null,
                "size": 51482725,
                "status": "active",
                "last_pulled": "2024-01-06T01:25:23.657152Z",
                "last_pushed": null
            }
        ],
        "last_updated": "2017-11-21T01:08:07.6163Z",
        "last_updater": 434552,
        "last_updater_username": "bitbucketci",
        "name": "ddev-beta-alpha",
        "repository": 1802620,
        "full_size": 51482725,
        "v2": true,
        "tag_status": "active",
        "tag_last_pulled": "2024-01-06T01:25:23.657152Z",
        "tag_last_pushed": "2017-11-21T01:08:07.6163Z",
        "media_type": "application/vnd.docker.container.image.v1+json",
        "content_type": "image"
    },
    {
        "creator": 434552,
        "id": 15093808,
        "images": [
            {
                "architecture": "amd64",
                "features": "",
                "variant": null,
                "digest": "sha256:67a9c2fbd332c4f602a6cfe0dd1777e5555fa9560dfd9ed2fba4622a3d355dbd",
                "os": "linux",
                "os_features": "",
                "os_version": null,
                "size": 88982021,
                "status": "active",
                "last_pulled": "2024-01-19T23:07:22.724212Z",
                "last_pushed": "2021-03-04T21:37:04.336532Z"
            }
        ],
        "last_updated": "2021-03-04T21:09:27.280235Z",
        "last_updater": 434552,
        "last_updater_username": "bitbucketci",
        "name": "ddev-stable",
        "repository": 1802620,
        "full_size": 88982021,
        "v2": true,
        "tag_status": "active",
        "tag_last_pulled": "2024-01-19T23:07:22.724212Z",
        "tag_last_pushed": "2021-03-04T21:09:27.280235Z",
        "media_type": "application/vnd.docker.container.image.v1+json",
        "content_type": "image"
    },
    {
        "creator": 434552,
        "id": 18282400,
        "images": [
            {
                "architecture": "amd64",
                "features": "",
                "variant": null,
                "digest": "sha256:947e4b4fb9e4b8f88b7eec1b1370114a90cb404ce993ec7f01929ba76f197a26",
                "os": "linux",
                "os_features": "",
                "os_version": null,
                "size": 51482725,
                "status": "active",
                "last_pulled": "2024-01-06T01:25:23.657152Z",
                "last_pushed": null
            }
        ],
        "last_updated": "2017-11-21T01:08:14.094931Z",
        "last_updater": 434552,
        "last_updater_username": "bitbucketci",
        "name": "ddev-stable-alpha",
        "repository": 1802620,
        "full_size": 51482725,
        "v2": true,
        "tag_status": "active",
        "tag_last_pulled": "2024-01-06T01:25:23.657152Z",
        "tag_last_pushed": "2017-11-21T01:08:14.094931Z",
        "media_type": "application/vnd.docker.container.image.v1+json",
        "content_type": "image"
    },
    {
        "creator": 434552,
        "id": 15147132,
        "images": [
            {
                "architecture": "amd64",
                "features": "",
                "variant": null,
                "digest": "sha256:9eb73af0d2f8e3efd8a9d8ad55eb619b5da9064304e5a9dd5fa0d9714b79be83",
                "os": "linux",
                "os_features": "",
                "os_version": null,
                "size": 51478756,
                "status": "active",
                "last_pulled": "2024-01-06T01:25:23.721969Z",
                "last_pushed": null
            }
        ],
        "last_updated": "2017-09-12T05:24:40.740772Z",
        "last_updater": 434552,
        "last_updater_username": "bitbucketci",
        "name": "nburrell",
        "repository": 1802620,
        "full_size": 51478756,
        "v2": true,
        "tag_status": "active",
        "tag_last_pulled": "2024-01-06T01:25:23.721969Z",
        "tag_last_pushed": "2017-09-12T05:24:40.740772Z",
        "media_type": "application/vnd.docker.container.image.v1+json",
        "content_type": "image"
    },
    {
        "creator": 434552,
        "id": 15093918,
        "images": [
            {
                "architecture": "amd64",
                "features": "",
                "variant": null,
                "digest": "sha256:88c09bfcb3d2902126e14298cd5d9106b77e150feb2a5551603aa61701913b21",
                "os": "linux",
                "os_features": "",
                "os_version": null,
                "size": 78637805,
                "status": "active",
                "last_pulled": "2024-01-13T11:37:21.174133Z",
                "last_pushed": "2021-02-22T05:17:32.201182Z"
            }
        ],
        "last_updated": "2021-02-22T05:17:28.382814Z",
        "last_updater": 434552,
        "last_updater_username": "bitbucketci",
        "name": "prod-beta",
        "repository": 1802620,
        "full_size": 78637805,
        "v2": true,
        "tag_status": "active",
        "tag_last_pulled": "2024-01-13T11:37:21.174133Z",
        "tag_last_pushed": "2021-02-22T05:17:28.382814Z",
        "media_type": "application/vnd.docker.container.image.v1+json",
        "content_type": "image"
    },
    {
        "creator": 434552,
        "id": 15093921,
        "images": [
            {
                "architecture": "amd64",
                "features": "",
                "variant": null,
                "digest": "sha256:88c09bfcb3d2902126e14298cd5d9106b77e150feb2a5551603aa61701913b21",
                "os": "linux",
                "os_features": "",
                "os_version": null,
                "size": 78637805,
                "status": "active",
                "last_pulled": "2024-01-13T11:37:21.174133Z",
                "last_pushed": "2021-02-22T05:17:32.201182Z"
            }
        ],
        "last_updated": "2021-02-22T05:17:32.201182Z",
        "last_updater": 434552,
        "last_updater_username": "bitbucketci",
        "name": "prod-stable",
        "repository": 1802620,
        "full_size": 78637805,
        "v2": true,
        "tag_status": "active",
        "tag_last_pulled": "2024-01-13T11:37:21.174133Z",
        "tag_last_pushed": "2021-02-22T05:17:32.201182Z",
        "media_type": "application/vnd.docker.container.image.v1+json",
        "content_type": "image"
    },
    {
        "creator": 434552,
        "id": 15093878,
        "images": [
            {
                "architecture": "amd64",
                "features": "",
                "variant": null,
                "digest": "sha256:88c09bfcb3d2902126e14298cd5d9106b77e150feb2a5551603aa61701913b21",
                "os": "linux",
                "os_features": "",
                "os_version": null,
                "size": 78637805,
                "status": "active",
                "last_pulled": "2024-01-13T11:37:21.174133Z",
                "last_pushed": "2021-02-22T05:17:32.201182Z"
            }
        ],
        "last_updated": "2021-02-22T05:12:17.012858Z",
        "last_updater": 434552,
        "last_updater_username": "bitbucketci",
        "name": "stg-beta",
        "repository": 1802620,
        "full_size": 78637805,
        "v2": true,
        "tag_status": "active",
        "tag_last_pulled": "2024-01-13T11:37:21.174133Z",
        "tag_last_pushed": "2021-02-22T05:12:17.012858Z",
        "media_type": "application/vnd.docker.container.image.v1+json",
        "content_type": "image"
    },
    {
        "creator": 434552,
        "id": 15093879,
        "images": [
            {
                "architecture": "amd64",
                "features": "",
                "variant": null,
                "digest": "sha256:88c09bfcb3d2902126e14298cd5d9106b77e150feb2a5551603aa61701913b21",
                "os": "linux",
                "os_features": "",
                "os_version": null,
                "size": 78637805,
                "status": "active",
                "last_pulled": "2024-01-13T11:37:21.174133Z",
                "last_pushed": "2021-02-22T05:17:32.201182Z"
            }
        ],
        "last_updated": "2021-02-22T05:12:20.537179Z",
        "last_updater": 434552,
        "last_updater_username": "bitbucketci",
        "name": "stg-stable",
        "repository": 1802620,
        "full_size": 78637805,
        "v2": true,
        "tag_status": "active",
        "tag_last_pulled": "2024-01-13T11:37:21.174133Z",
        "tag_last_pushed": "2021-02-22T05:12:20.537179Z",
        "media_type": "application/vnd.docker.container.image.v1+json",
        "content_type": "image"
    },
    {
        "creator": 434552,
        "id": 125063987,
        "images": [
            {
                "architecture": "amd64",
                "features": "",
                "variant": null,
                "digest": "sha256:65ae92347ac06a01a775096c14198c62aa2638e00dcf1bd8508469270ba21c4e",
                "os": "linux",
                "os_features": "",
                "os_version": null,
                "size": 69303457,
                "status": "active",
                "last_pulled": "2024-01-06T01:25:22.835538Z",
                "last_pushed": "2021-02-22T05:13:08.370167Z"
            }
        ],
        "last_updated": "2021-02-22T05:13:04.496332Z",
        "last_updater": 434552,
        "last_updater_username": "bitbucketci",
        "name": "v18-beta",
        "repository": 1802620,
        "full_size": 69303457,
        "v2": true,
        "tag_status": "active",
        "tag_last_pulled": "2024-01-06T01:25:22.835538Z",
        "tag_last_pushed": "2021-02-22T05:13:04.496332Z",
        "media_type": "application/vnd.docker.container.image.v1+json",
        "content_type": "image"
    },
    {
        "creator": 434552,
        "id": 125063990,
        "images": [
            {
                "architecture": "amd64",
                "features": "",
                "variant": null,
                "digest": "sha256:65ae92347ac06a01a775096c14198c62aa2638e00dcf1bd8508469270ba21c4e",
                "os": "linux",
                "os_features": "",
                "os_version": null,
                "size": 69303457,
                "status": "active",
                "last_pulled": "2024-01-06T01:25:22.835538Z",
                "last_pushed": "2021-02-22T05:13:08.370167Z"
            }
        ],
        "last_updated": "2021-02-22T05:13:08.370167Z",
        "last_updater": 434552,
        "last_updater_username": "bitbucketci",
        "name": "v18-stable",
        "repository": 1802620,
        "full_size": 69303457,
        "v2": true,
        "tag_status": "active",
        "tag_last_pulled": "2024-01-06T01:25:22.835538Z",
        "tag_last_pushed": "2021-02-22T05:13:08.370167Z",
        "media_type": "application/vnd.docker.container.image.v1+json",
        "content_type": "image"
    },
    {
        "creator": 434552,
        "id": 125065779,
        "images": [
            {
                "architecture": "amd64",
                "features": "",
                "variant": null,
                "digest": "sha256:88c09bfcb3d2902126e14298cd5d9106b77e150feb2a5551603aa61701913b21",
                "os": "linux",
                "os_features": "",
                "os_version": null,
                "size": 78637805,
                "status": "active",
                "last_pulled": "2024-01-13T11:37:21.174133Z",
                "last_pushed": "2021-02-22T05:17:32.201182Z"
            }
        ],
        "last_updated": "2021-02-22T05:12:31.391799Z",
        "last_updater": 434552,
        "last_updater_username": "bitbucketci",
        "name": "v19-beta",
        "repository": 1802620,
        "full_size": 78637805,
        "v2": true,
        "tag_status": "active",
        "tag_last_pulled": "2024-01-13T11:37:21.174133Z",
        "tag_last_pushed": "2021-02-22T05:12:31.391799Z",
        "media_type": "application/vnd.docker.container.image.v1+json",
        "content_type": "image"
    },
    {
        "creator": 434552,
        "id": 125065783,
        "images": [
            {
                "architecture": "amd64",
                "features": "",
                "variant": null,
                "digest": "sha256:88c09bfcb3d2902126e14298cd5d9106b77e150feb2a5551603aa61701913b21",
                "os": "linux",
                "os_features": "",
                "os_version": null,
                "size": 78637805,
                "status": "active",
                "last_pulled": "2024-01-13T11:37:21.174133Z",
                "last_pushed": "2021-02-22T05:17:32.201182Z"
            }
        ],
        "last_updated": "2021-02-22T05:12:35.026932Z",
        "last_updater": 434552,
        "last_updater_username": "bitbucketci",
        "name": "v19-stable",
        "repository": 1802620,
        "full_size": 78637805,
        "v2": true,
        "tag_status": "active",
        "tag_last_pulled": "2024-01-13T11:37:21.174133Z",
        "tag_last_pushed": "2021-02-22T05:12:35.026932Z",
        "media_type": "application/vnd.docker.container.image.v1+json",
        "content_type": "image"
    },
    {
        "creator": 434552,
        "id": 134870484,
        "images": [
            {
                "architecture": "amd64",
                "features": "",
                "variant": null,
                "digest": "sha256:67a9c2fbd332c4f602a6cfe0dd1777e5555fa9560dfd9ed2fba4622a3d355dbd",
                "os": "linux",
                "os_features": "",
                "os_version": null,
                "size": 88982021,
                "status": "active",
                "last_pulled": "2024-01-19T23:07:22.724212Z",
                "last_pushed": "2021-03-04T21:37:04.336532Z"
            }
        ],
        "last_updated": "2021-03-04T21:37:00.617046Z",
        "last_updater": 434552,
        "last_updater_username": "bitbucketci",
        "name": "v20-beta",
        "repository": 1802620,
        "full_size": 88982021,
        "v2": true,
        "tag_status": "active",
        "tag_last_pulled": "2024-01-19T23:07:22.724212Z",
        "tag_last_pushed": "2021-03-04T21:37:00.617046Z",
        "media_type": "application/vnd.docker.container.image.v1+json",
        "content_type": "image"
    },
    {
        "creator": 434552,
        "id": 134870490,
        "images": [
            {
                "architecture": "amd64",
                "features": "",
                "variant": null,
                "digest": "sha256:67a9c2fbd332c4f602a6cfe0dd1777e5555fa9560dfd9ed2fba4622a3d355dbd",
                "os": "linux",
                "os_features": "",
                "os_version": null,
                "size": 88982021,
                "status": "active",
                "last_pulled": "2024-01-19T23:07:22.724212Z",
                "last_pushed": "2021-03-04T21:37:04.336532Z"
            }
        ],
        "last_updated": "2021-03-04T21:37:04.336532Z",
        "last_updater": 434552,
        "last_updater_username": "bitbucketci",
        "name": "v20-stable",
        "repository": 1802620,
        "full_size": 88982021,
        "v2": true,
        "tag_status": "active",
        "tag_last_pulled": "2024-01-19T23:07:22.724212Z",
        "tag_last_pushed": "2021-03-04T21:37:04.336532Z",
        "media_type": "application/vnd.docker.container.image.v1+json",
        "content_type": "image"
    }
]