[
    {
        "creator": 434552,
        "id": 16893019,
        "images": [
            {
                "architecture": "amd64",
                "features": "",
                "variant": null,
                "digest": "sha256:689e2c63e20a48e0a4d31156adcf32b4474dc32b50ab05abe3682b39fb9767a8",
                "os": "linux",
                "os_features": "",
                "os_version": null,
                "size": 780507873,
                "status": "active",
                "last_pulled": "2024-01-20T09:50:07.705079Z",
                "last_pushed": null
            }
        ],
        "last_updated": "2017-10-30T00:04:59.412138Z",
        "last_updater": 434552,
        "last_updater_username": "bitbucketci",
        "name": "1",
        "repository": 401368,
        "full_size": 780507873,
        "v2": true,
        "tag_status": "active",
        "tag_last_pulled": "2024-01-20T09:50:07.705079Z",
        "tag_last_pushed": "2017-10-30T00:04:59.412138Z",
        "media_type": "application/vnd.docker.container.image.v1+json",
        "content_type": "image"
    },
    {
        "creator": 434552,
        "id": 1366910,
        "images": [
            {
                "architecture": "amd64",
                "features": "",
                "variant": null,
                "digest": "sha256:420ae00ff6174f715a71028d518de9edb43904e16d43ade9c881d264ecb56e36",
                "os": "",
                "os_features": "",
                "os_version": null,
                "size": 886652183,
                "status": "active",
                "last_pulled": "2024-01-16T01:23:46.495697Z",
                "last_pushed": null
            }
        ],
        "last_updated": "2015-11-17T23:23:38.447766Z",
        "last_updater": 434552,
        "last_updater_username": "bitbucketci",
        "name": "1.11",
        "repository": 401368,
        "full_size": 886652055,
        "v2": true,
        "tag_status": "active",
        "tag_last_pulled": "2024-01-16T01:23:46.495697Z",
        "tag_last_pushed": "2015-11-17T23:23:38.447766Z",
        "media_type": "application/vnd.docker.distribution.manifest.v1+prettyjws",
        "content_type": "image",
        "digest": "sha256:420ae00ff6174f715a71028d518de9edb43904e16d43ade9c881d264ecb56e36"
    },
    {
        "creator": 434552,
        "id": 1388315,
        "images": [
            {
                "architecture": "amd64",
                "features": "",
                "variant": null,
                "digest": "sha256:c65f4145486e4fa632c45a8ebae765ef993d10134e0cb29c49922e30ecefa662",
                "os": "",
                "os_features": "",
                "os_version": null,
                "size": 886669733,
                "status": "active",
                "last_pulled": "2024-01-16T01:23:48.133421Z",
                "last_pushed": null
            }
        ],
        "last_updated": "2015-11-20T00:18:37.577361Z",
        "last_updater": 434552,
        "last_updater_username": "bitbucketci",
        "name": "1.12",
        "repository": 401368,
        "full_size": 886669605,
        "v2": true,
        "tag_status": "active",
        "tag_last_pulled": "2024-01-16T01:23:48.133421Z",
        "tag_last_pushed": "2015-11-20T00:18:37.577361Z",
        "media_type": "application/vnd.docker.distribution.manifest.v1+prettyjws",
        "content_type": "image",
        "digest": "sha256:c65f4145486e4fa632c45a8ebae765ef993d10134e0cb29c49922e30ecefa662"
    },
    {
        "creator": 434552,
        "id": 1388417,
        "images": [
            {
                "architecture": "amd64",
                "features": "",
                "variant": null,
                "digest": "sha256:e48690ac67709773e5b7ea85c2b554b4efab3998ce4715d11d95a7450d92ca67",
                "os": "",
                "os_features": "",
                "os_version": null,
                "size": 886669733,
                "status": "active",
                "last_pulled": "2024-01-16T01:23:49.878824Z",
                "last_pushed": null
            }
        ],
        "last_updated": "2015-11-20T00:33:43.91911Z",
        "last_updater": 434552,
        "last_updater_username": "bitbucketci",
        "name": "1.13",
        "repository": 401368,
        "full_size": 886669605,
        "v2": true,
        "tag_status": "active",
        "tag_last_pulled": "2024-01-16T01:23:49.878824Z",
        "tag_last_pushed": "2015-11-20T00:33:43.91911Z",
        "media_type": "application/vnd.docker.distribution.manifest.v1+prettyjws",
        "content_type": "image",
        "digest": "sha256:e48690ac67709773e5b7ea85c2b554b4efab3998ce4715d11d95a7450d92ca67"
    },
    {
        "creator": 434552,
        "id": 1388777,
        "images": [
            {
                "architecture": "amd64",
                "features": "",
                "variant": null,
                "digest": "sha256:c55f30a271f75b7510835f0666606880845b371d54eaa918dbbd7b9bce034ebe",
                "os": "",
                "os_features": "",
                "os_version": null,
                "size": 767076904,
                "status": "active",
                "last_pulled": "2024-01-16T01:23:51.477462Z",
                "last_pushed": null
            }
        ],
        "last_updated": "2015-11-20T01:26:07.008129Z",
        "last_updater": 434552,
        "last_updater_username": "bitbucketci",
        "name": "1.14",
        "repository": 401368,
        "full_size": 767076776,
        "v2": true,
        "tag_status": "active",
        "tag_last_pulled": "2024-01-16T01:23:51.477462Z",
        "tag_last_pushed": "2015-11-20T01:26:07.008129Z",
        "media_type": "application/vnd.docker.distribution.manifest.v1+prettyjws",
        "content_type": "image",
        "digest": "sha256:c55f30a271f75b7510835f0666606880845b371d54eaa918dbbd7b9bce034ebe"
    },
    {
        "creator": 434552,
        "id": 1451699,
        "images": [
            {
                "architecture": "amd64",
                "features": "",
                "variant": null,
                "digest": "sha256:660a0231d27bea3b73dc2362f1137c3cfc19487595b8bc6fc23a9454937de44a",
                "os": "",
                "os_features": "",
                "os_version": null,
                "size": 767121482,
                "status": "active",
                "last_pulled": "2024-01-16T01:23:53.00282Z",
                "last_pushed": null
            }
        ],
        "last_updated": "2015-11-30T23:54:32.650953Z",
        "last_updater": 434552,
        "last_updater_username": "bitbucketci",
        "name": "1.15",
        "repository": 401368,
        "full_size": 767121354,
        "v2": true,
        "tag_status": "active",
        "tag_last_pulled": "2024-01-16T01:23:53.00282Z",
        "tag_last_pushed": "2015-11-30T23:54:32.650953Z",
        "media_type": "application/vnd.docker.distribution.manifest.v1+prettyjws",
        "content_type": "image",
        "digest": "sha256:660a0231d27bea3b73dc2362f1137c3cfc19487595b8bc6fc23a9454937de44a"
    },
    {
        "creator": 434552,
        "id": 1453360,
        "images": [
            {
                "architecture": "amd64",
                "features": "",
                "variant": null,
                "digest": "sha256:8d49d37e28144d5f3db588e61cb90f8e72f7fc2a7ae1a2093f4bd63d1e787309",
                "os": "",
                "os_features": "",
                "os_version": null,
                "size": 767119460,
                "status": "active",
                "last_pulled": "2024-01-16T01:23:54.511103Z",
                "last_pushed": null
            }
        ],
        "last_updated": "2015-12-01T07:11:45.723096Z",
        "last_updater": 434552,
        "last_updater_username": "bitbucketci",
        "name": "1.16",
        "repository": 401368,
        "full_size": 767119332,
        "v2": true,
        "tag_status": "active",
        "tag_last_pulled": "2024-01-16T01:23:54.511103Z",
        "tag_last_pushed": "2015-12-01T07:11:45.723096Z",
        "media_type": "application/vnd.docker.distribution.manifest.v1+prettyjws",
        "content_type": "image",
        "digest": "sha256:8d49d37e28144d5f3db588e61cb90f8e72f7fc2a7ae1a2093f4bd63d1e787309"
    },
    {
        "creator": 434552,
        "id": 3059046,
        "images": [
            {
                "architecture": "amd64",
                "features": "",
                "variant": null,
                "os": "",
                "os_features": "",
                "os_version": null,
                "size": 0,
                "status": "inactive",
                "last_pulled": null,
                "last_pushed": null
            }
        ],
        "last_updated": "2016-05-17T23:21:42.002982Z",
        "last_updater": 434552,
        "last_updater_username": "bitbucketci",
        "name": "1.19",
        "repository": 401368,
        "full_size": 777172027,
        "v2": true,
        "tag_status": "inactive",
        "tag_last_pulled": null,
        "tag_last_pushed": "2016-05-17T23:21:42.002982Z",
        "media_type": "application/vnd.docker.distribution.manifest.v1+prettyjws",
        "content_type": "image"
    },
    {
        "creator": 434552,
        "id": 3609779,
        "images": [
            {
                "architecture": "amd64",
                "features": "",
                "variant": null,
                "digest": "sha256:c943bcd99dbeda0574f82f1a9d7e5150b390c92239d990f9b4f94f7ff2a7eeba",
                "os": "linux",
                "os_features": "",
                "os_version": null,
                "size": 785073176,
                "status": "active",
                "last_pulled": "2024-01-16T01:23:57.522822Z",
                "last_pushed": null
            }
        ],
        "last_updated": "2016-06-28T03:59:31.931737Z",
        "last_updater": 434552,
        "last_updater_username": "bitbucketci",
        "name": "1.21",
        "repository": 401368,
        "full_size": 785073208,
        "v2": true,
        "tag_status": "active",
        "tag_last_pulled": "2024-01-16T01:23:57.522822Z",
        "tag_last_pushed": "2016-06-28T03:59:31.931737Z",
        "media_type": "application/octet-stream",
        "content_type": "unrecognized"
    },
    {
        "creator": 434552,
        "id": 5994823,
        "images": [
            {
                "architecture": "amd64",
                "features": "",
                "variant": null,
                "digest": "sha256:2d7330344ea432d0bf027df92b5d7e3409bc32e1ed45be4a24c8465bbf899462",
                "os": "linux",
                "os_features": "",
                "os_version": null,
                "size": 786732572,
                "status": "active",
                "last_pulled": "2024-01-16T01:23:59.018236Z",
                "last_pushed": null
            }
        ],
        "last_updated": "2016-11-09T05:30:03.314231Z",
        "last_updater": 434552,
        "last_updater_username": "bitbucketci",
        "name": "1.26",
        "repository": 401368,
        "full_size": 786732604,
        "v2": true,
        "tag_status": "active",
        "tag_last_pulled": "2024-01-16T01:23:59.018236Z",
        "tag_last_pushed": "2016-11-09T05:30:03.314231Z",
        "media_type": "application/vnd.docker.container.image.v1+json",
        "content_type": "image"
    },
    {
        "creator": 434552,
        "id": 5994896,
        "images": [
            {
                "architecture": "amd64",
                "features": "",
                "variant": null,
                "digest": "sha256:31b4720f9267803e6f355da1154667e4d3a3c54e65b443a114e7680dd739b22e",
                "os": "linux",
                "os_features": "",
                "os_version": null,
                "size": 786731234,
                "status": "active",
                "last_pulled": "2024-01-16T01:24:00.542088Z",
                "last_pushed": null
            }
        ],
        "last_updated": "2016-11-09T05:40:29.283018Z",
        "last_updater": 434552,
        "last_updater_username": "bitbucketci",
        "name": "1.27",
        "repository": 401368,
        "full_size": 786731266,
        "v2": true,
        "tag_status": "active",
        "tag_last_pulled": "2024-01-16T01:24:00.542088Z",
        "tag_last_pushed": "2016-11-09T05:40:29.283018Z",
        "media_type": "application/vnd.docker.container.image.v1+json",
        "content_type": "image"
    },
    {
        "creator": 434552,
        "id": 1335922,
        "images": [
            {
                "architecture": "amd64",
                "features": "",
                "variant": null,
                "digest": "sha256:79b1532b0b56df17b0c13b41282fbc53550db458aca7e8646555d429414df916",
                "os": "",
                "os_features": "",
                "os_version": null,
                "size": 65742821,
                "status": "active",
                "last_pulled": "2024-01-16T01:24:02.038418Z",
                "last_pushed": null
            }
        ],
        "last_updated": "2015-11-13T06:24:02.703334Z",
        "last_updater": 434552,
        "last_updater_username": "bitbucketci",
        "name": "1.3",
        "repository": 401368,
        "full_size": 65742789,
        "v2": true,
        "tag_status": "active",
        "tag_last_pulled": "2024-01-16T01:24:02.038418Z",
        "tag_last_pushed": "2015-11-13T06:24:02.703334Z",
        "media_type": "application/vnd.docker.distribution.manifest.v1+prettyjws",
        "content_type": "image",
        "digest": "sha256:79b1532b0b56df17b0c13b41282fbc53550db458aca7e8646555d429414df916"
    },
    {
        "creator": 434552,
        "id": 8643621,
        "images": [
            {
                "architecture": "amd64",
                "features": "",
                "variant": null,
                "digest": "sha256:4045884f3f13d789b2362e6a3a89c12569df6e4a4c2477e69baa2df7cbff9d65",
                "os": "linux",
                "os_features": "",
                "os_version": null,
                "size": 796547356,
                "status": "active",
                "last_pulled": "2024-01-16T01:24:03.465038Z",
                "last_pushed": null
            }
        ],
        "last_updated": "2017-03-03T01:00:19.415194Z",
        "last_updater": 434552,
        "last_updater_username": "bitbucketci",
        "name": "1.43",
        "repository": 401368,
        "full_size": 796547388,
        "v2": true,
        "tag_status": "active",
        "tag_last_pulled": "2024-01-16T01:24:03.465038Z",
        "tag_last_pushed": "2017-03-03T01:00:19.415194Z",
        "media_type": "application/vnd.docker.container.image.v1+json",
        "content_type": "image"
    },
    {
        "creator": 434552,
        "id": 8645890,
        "images": [
            {
                "architecture": "amd64",
                "features": "",
                "variant": null,
                "digest": "sha256:0063d0d2da6507573ebaf4291b3d1b3695624c7049b072ce9b7524fa6e64bb35",
                "os": "linux",
                "os_features": "",
                "os_version": null,
                "size": 796547159,
                "status": "active",
                "last_pulled": "2024-01-16T01:24:04.966719Z",
                "last_pushed": null
            }
        ],
        "last_updated": "2017-03-03T03:08:21.582875Z",
        "last_updater": 434552,
        "last_updater_username": "bitbucketci",
        "name": "1.43-SNAPSHOT",
        "repository": 401368,
        "full_size": 796547191,
        "v2": true,
        "tag_status": "active",
        "tag_last_pulled": "2024-01-16T01:24:04.966719Z",
        "tag_last_pushed": "2017-03-03T03:08:21.582875Z",
        "media_type": "application/vnd.docker.container.image.v1+json",
        "content_type": "image"
    },
    {
        "creator": 434552,
        "id": 8698835,
        "images": [
            {
                "architecture": "amd64",
                "features": "",
                "variant": null,
                "digest": "sha256:5d3e53c062a463545f47f31d723680accc2dcc3b3486b1343948318629d765cf",
                "os": "linux",
                "os_features": "",
                "os_version": null,
                "size": 796545341,
                "status": "active",
                "last_pulled": "2024-01-16T01:24:06.502481Z",
                "last_pushed": null
            }
        ],
        "last_updated": "2017-03-05T23:33:21.277027Z",
        "last_updater": 434552,
        "last_updater_username": "bitbucketci",
        "name": "1.44",
        "repository": 401368,
        "full_size": 796545373,
        "v2": true,
        "tag_status": "active",
        "tag_last_pulled": "2024-01-16T01:24:06.502481Z",
        "tag_last_pushed": "2017-03-05T23:33:21.277027Z",
        "media_type": "application/vnd.docker.container.image.v1+json",
        "content_type": "image"
    },
    {
        "creator": 434552,
        "id": 8647961,
        "images": [
            {
                "architecture": "amd64",
                "features": "",
                "variant": null,
                "digest": "sha256:68492e89bb9233c8f9eb92144cd17ee8047ac84addf4310dcfbbb83023f41479",
                "os": "linux",
                "os_features": "",
                "os_version": null,
                "size": 796547610,
                "status": "active",
                "last_pulled": "2024-01-16T01:24:07.983623Z",
                "last_pushed": null
            }
        ],
        "last_updated": "2017-03-03T06:09:39.268095Z",
        "last_updater": 434552,
        "last_updater_username": "bitbucketci",
        "name": "1.44-SNAPSHOT",
        "repository": 401368,
        "full_size": 796547642,
        "v2": true,
        "tag_status": "active",
        "tag_last_pulled": "2024-01-16T01:24:07.983623Z",
        "tag_last_pushed": "2017-03-03T06:09:39.268095Z",
        "media_type": "application/vnd.docker.container.image.v1+json",
        "content_type": "image"
    },
    {
        "creator": 434552,
        "id": 8698885,
        "images": [
            {
                "architecture": "amd64",
                "features": "",
                "variant": null,
                "digest": "sha256:3084a31622f25d0927735928758a3271a50a12a0719177d89a55ff39a7b38ad5",
                "os": "linux",
                "os_features": "",
                "os_version": null,
                "size": 796546783,
                "status": "active",
                "last_pulled": "2024-01-16T01:24:09.482448Z",
                "last_pushed": null
            }
        ],
        "last_updated": "2017-03-05T23:44:14.217204Z",
        "last_updater": 434552,
        "last_updater_username": "bitbucketci",
        "name": "1.45",
        "repository": 401368,
        "full_size": 796546815,
        "v2": true,
        "tag_status": "active",
        "tag_last_pulled": "2024-01-16T01:24:09.482448Z",
        "tag_last_pushed": "2017-03-05T23:44:14.217204Z",
        "media_type": "application/vnd.docker.container.image.v1+json",
        "content_type": "image"
    },
    {
        "creator": 434552,
        "id": 8702713,
        "images": [
            {
                "architecture": "amd64",
                "features": "",
                "variant": null,
                "digest": "sha256:3084a31622f25d0927735928758a3271a50a12a0719177d89a55ff39a7b38ad5",
                "os": "linux",
                "os_features": "",
                "os_version": null,
                "size": 796546783,
                "status": "active",
                "last_pulled": "2024-01-16T01:24:09.482448Z",
                "last_pushed": null
            }
        ],
        "last_updated": "2017-03-06T05:32:50.679247Z",
        "last_updater": 434552,
        "last_updater_username": "bitbucketci",
        "name": "1.46",
        "repository": 401368,
        "full_size": 796546815,
        "v2": true,
        "tag_status": "active",
        "tag_last_pulled": "2024-01-16T01:24:09.482448Z",
        "tag_last_pushed": "2017-03-06T05:32:50.679247Z",
        "media_type": "application/vnd.docker.container.image.v1+json",
        "content_type": "image"
    },
    {
        "creator": 434552,
        "id": 8733806,
        "images": [
            {
                "architecture": "amd64",
                "features": "",
                "variant": null,
                "digest": "sha256:d751d19c6e7b74e6cd5e9a5997898abd3b35e96824a411913d497e0c290c126e",
                "os": "linux",
                "os_features": "",
                "os_version": null,
                "size": 796548005,
                "status": "active",
                "last_pulled": "2024-01-16T01:24:12.407718Z",
                "last_pushed": null
            }
        ],
        "last_updated": "2017-03-07T02:03:25.074164Z",
        "last_updater": 434552,
        "last_updater_username": "bitbucketci",
        "name": "1.51",
        "repository": 401368,
        "full_size": 796548037,
        "v2": true,
        "tag_status": "active",
        "tag_last_pulled": "2024-01-16T01:24:12.407718Z",
        "tag_last_pushed": "2017-03-07T02:03:25.074164Z",
        "media_type": "application/vnd.docker.container.image.v1+json",
        "content_type": "image"
    },
    {
        "creator": 434552,
        "id": 8736290,
        "images": [
            {
                "architecture": "amd64",
                "features": "",
                "variant": null,
                "digest": "sha256:353041773536c8c062c958c08d5d5cc9be75be8de9fad5c7c50d03a2385b189f",
                "os": "linux",
                "os_features": "",
                "os_version": null,
                "size": 796546349,
                "status": "active",
                "last_pulled": "2024-01-16T01:24:13.916831Z",
                "last_pushed": null
            }
        ],
        "last_updated": "2017-03-07T04:41:15.755813Z",
        "last_updater": 434552,
        "last_updater_username": "bitbucketci",
        "name": "1.52",
        "repository": 401368,
        "full_size": 796546381,
        "v2": true,
        "tag_status": "active",
        "tag_last_pulled": "2024-01-16T01:24:13.916831Z",
        "tag_last_pushed": "2017-03-07T04:41:15.755813Z",
        "media_type": "application/vnd.docker.container.image.v1+json",
        "content_type": "image"
    },
    {
        "creator": 434552,
        "id": 8775221,
        "images": [
            {
                "architecture": "amd64",
                "features": "",
                "variant": null,
                "digest": "sha256:e16d57ad96b79fe507b99ecbf57a36520e0fa79a0c0f4afaf60c72ccb702c6f6",
                "os": "linux",
                "os_features": "",
                "os_version": null,
                "size": 796566360,
                "status": "active",
                "last_pulled": "2024-01-16T01:24:15.373891Z",
                "last_pushed": null
            }
        ],
        "last_updated": "2017-03-08T02:44:22.843753Z",
        "last_updater": 434552,
        "last_updater_username": "bitbucketci",
        "name": "1.53",
        "repository": 401368,
        "full_size": 796566392,
        "v2": true,
        "tag_status": "active",
        "tag_last_pulled": "2024-01-16T01:24:15.373891Z",
        "tag_last_pushed": "2017-03-08T02:44:22.843753Z",
        "media_type": "application/vnd.docker.container.image.v1+json",
        "content_type": "image"
    },
    {
        "creator": 434552,
        "id": 8776332,
        "images": [
            {
                "architecture": "amd64",
                "features": "",
                "variant": null,
                "digest": "sha256:c1789f5745a3bf86bafff096ed2d9748177b9f35835bbc26fff52b2d75a35d83",
                "os": "linux",
                "os_features": "",
                "os_version": null,
                "size": 796566403,
                "status": "active",
                "last_pulled": "2024-01-16T01:24:16.85Z",
                "last_pushed": null
            }
        ],
        "last_updated": "2017-03-08T04:08:14.044091Z",
        "last_updater": 434552,
        "last_updater_username": "bitbucketci",
        "name": "1.54",
        "repository": 401368,
        "full_size": 796566435,
        "v2": true,
        "tag_status": "active",
        "tag_last_pulled": "2024-01-16T01:24:16.85Z",
        "tag_last_pushed": "2017-03-08T04:08:14.044091Z",
        "media_type": "application/vnd.docker.container.image.v1+json",
        "content_type": "image"
    },
    {
        "creator": 434552,
        "id": 13393717,
        "images": [
            {
                "architecture": "amd64",
                "features": "",
                "variant": null,
                "digest": "sha256:88d0b18105dd99181618edadddafb96579ebc30e39186af1f259ea288780ddf4",
                "os": "linux",
                "os_features": "",
                "os_version": null,
                "size": 771995551,
                "status": "active",
                "last_pulled": "2024-01-16T01:24:18.352857Z",
                "last_pushed": null
            }
        ],
        "last_updated": "2017-07-27T03:59:54.764169Z",
        "last_updater": 434552,
        "last_updater_username": "bitbucketci",
        "name": "1.55",
        "repository": 401368,
        "full_size": 771995583,
        "v2": true,
        "tag_status": "active",
        "tag_last_pulled": "2024-01-16T01:24:18.352857Z",
        "tag_last_pushed": "2017-07-27T03:59:54.764169Z",
        "media_type": "application/vnd.docker.container.image.v1+json",
        "content_type": "image"
    },
    {
        "creator": 434552,
        "id": 14966760,
        "images": [
            {
                "architecture": "amd64",
                "features": "",
                "variant": null,
                "digest": "sha256:1d061d101740ca10f766e79e36c6e174f5f6570dbedb3f7b231433ebdaaf23de",
                "os": "linux",
                "os_features": "",
                "os_version": null,
                "size": 772220344,
                "status": "active",
                "last_pulled": "2024-01-16T01:24:19.884794Z",
                "last_pushed": null
            }
        ],
        "last_updated": "2017-09-07T06:35:12.591766Z",
        "last_updater": 434552,
        "last_updater_username": "bitbucketci",
        "name": "1.56",
        "repository": 401368,
        "full_size": 772220376,
        "v2": true,
        "tag_status": "active",
        "tag_last_pulled": "2024-01-16T01:24:19.884794Z",
        "tag_last_pushed": "2017-09-07T06:35:12.591766Z",
        "media_type": "application/vnd.docker.container.image.v1+json",
        "content_type": "image"
    },
    {
        "creator": 434552,
        "id": 15443400,
        "images": [
            {
                "architecture": "amd64",
                "features": "",
                "variant": null,
                "digest": "sha256:82e2e4f4e0f2f017f2a57c51d050b59f69dc241ba776d031e36a7609f68df7a6",
                "os": "linux",
                "os_features": "",
                "os_version": null,
                "size": 772245530,
                "status": "active",
                "last_pulled": "2024-01-20T00:45:06.264052Z",
                "last_pushed": null
            }
        ],
        "last_updated": "2017-09-19T04:44:12.285737Z",
        "last_updater": 434552,
        "last_updater_username": "bitbucketci",
        "name": "1.57",
        "repository": 401368,
        "full_size": 772245562,
        "v2": true,
        "tag_status": "active",
        "tag_last_pulled": "2024-01-20T00:45:06.264052Z",
        "tag_last_pushed": "2017-09-19T04:44:12.285737Z",
        "media_type": "application/vnd.docker.container.image.v1+json",
        "content_type": "image"
    },
    {
        "creator": 434552,
        "id": 16893018,
        "images": [
            {
                "architecture": "amd64",
                "features": "",
                "variant": null,
                "digest": "sha256:c34140476f240dd0acdf37a0f3637de1839894e0914292f02b4daebe62fba350",
                "os": "linux",
                "os_features": "",
                "os_version": null,
                "size": 780717326,
                "status": "active",
                "last_pulled": "2024-01-16T01:24:22.952875Z",
                "last_pushed": null
            }
        ],
        "last_updated": "2017-10-21T10:29:52.611037Z",
        "last_updater": 434552,
        "last_updater_username": "bitbucketci",
        "name": "1.70",
        "repository": 401368,
        "full_size": 780717358,
        "v2": true,
        "tag_status": "active",
        "tag_last_pulled": "2024-01-16T01:24:22.952875Z",
        "tag_last_pushed": "2017-10-21T10:29:52.611037Z",
        "media_type": "application/vnd.docker.container.image.v1+json",
        "content_type": "image"
    },
    {
        "creator": 434552,
        "id": 17222954,
        "images": [
            {
                "architecture": "amd64",
                "features": "",
                "variant": null,
                "digest": "sha256:689e2c63e20a48e0a4d31156adcf32b4474dc32b50ab05abe3682b39fb9767a8",
                "os": "linux",
                "os_features": "",
                "os_version": null,
                "size": 780507873,
                "status": "active",
                "last_pulled": "2024-01-20T09:50:07.705079Z",
                "last_pushed": null
            }
        ],
        "last_updated": "2017-10-30T00:04:56.482743Z",
        "last_updater": 434552,
        "last_updater_username": "bitbucketci",
        "name": "1.71",
        "repository": 401368,
        "full_size": 780507873,
        "v2": true,
        "tag_status": "active",
        "tag_last_pulled": "2024-01-20T09:50:07.705079Z",
        "tag_last_pushed": "2017-10-30T00:04:56.482743Z",
        "media_type": "application/vnd.docker.container.image.v1+json",
        "content_type": "image"
    },
    {
        "creator": 434552,
        "id": 17468957,
        "images": [
            {
                "architecture": "amd64",
                "features": "",
                "variant": null,
                "digest": "sha256:d4b1cc074a5ac1ee5d9702a536b8a8456554732df70f4b55fd85515e4b106f8d",
                "os": "linux",
                "os_features": "",
                "os_version": null,
                "size": 372446037,
                "status": "active",
                "last_pulled": "2024-01-20T09:44:00.6394Z",
                "last_pushed": "2021-10-11T06:08:26.028913Z"
            }
        ],
        "last_updated": "2021-10-11T06:08:26.028913Z",
        "last_updater": 434552,
        "last_updater_username": "bitbucketci",
        "name": "2",
        "repository": 401368,
        "full_size": 372446037,
        "v2": true,
        "tag_status": "active",
        "tag_last_pulled": "2024-01-20T09:44:00.6394Z",
        "tag_last_pushed": "2021-10-11T06:08:26.028913Z",
        "media_type": "application/vnd.docker.container.image.v1+json",
        "content_type": "image"
    },
    {
        "creator": 434552,
        "id": 17468956,
        "images": [
            {
                "architecture": "amd64",
                "features": "",
                "variant": null,
                "digest": "sha256:03e2a039b2a2df979268db0904f3fc3b5cee1d9e50bf54fc9b83f35f560f15b1",
                "os": "linux",
                "os_features": "",
                "os_version": null,
                "size": 344421679,
                "status": "active",
                "last_pulled": "2024-01-16T01:24:27.262255Z",
                "last_pushed": null
            }
        ],
        "last_updated": "2017-11-03T03:04:40.26259Z",
        "last_updater": 434552,
        "last_updater_username": "bitbucketci",
        "name": "2.00",
        "repository": 401368,
        "full_size": 344421679,
        "v2": true,
        "tag_status": "active",
        "tag_last_pulled": "2024-01-16T01:24:27.262255Z",
        "tag_last_pushed": "2017-11-03T03:04:40.26259Z",
        "media_type": "application/vnd.docker.container.image.v1+json",
        "content_type": "image"
    },
    {
        "creator": 434552,
        "id": 17890353,
        "images": [
            {
                "architecture": "amd64",
                "features": "",
                "variant": null,
                "digest": "sha256:5338e0347219798a002feff00e2dd9777d63339bca0fb16eba8ba454e534938e",
                "os": "linux",
                "os_features": "",
                "os_version": null,
                "size": 344371716,
                "status": "active",
                "last_pulled": "2024-01-16T01:24:28.734214Z",
                "last_pushed": null
            }
        ],
        "last_updated": "2017-11-13T05:26:13.068301Z",
        "last_updater": 434552,
        "last_updater_username": "bitbucketci",
        "name": "2.01",
        "repository": 401368,
        "full_size": 344371716,
        "v2": true,
        "tag_status": "active",
        "tag_last_pulled": "2024-01-16T01:24:28.734214Z",
        "tag_last_pushed": "2017-11-13T05:26:13.068301Z",
        "media_type": "application/vnd.docker.container.image.v1+json",
        "content_type": "image"
    },
    {
        "creator": 434552,
        "id": 21790786,
        "images": [
            {
                "architecture": "amd64",
                "features": "",
                "variant": null,
                "digest": "sha256:d1ba227b702d559546a8ab4eec47be804b9b474223562d279ce9f95d30255bc6",
                "os": "linux",
                "os_features": "",
                "os_version": null,
                "size": 352013750,
                "status": "active",
                "last_pulled": "2024-01-17T14:48:27.536066Z",
                "last_pushed": null
            }
        ],
        "last_updated": "2018-02-05T23:23:32.670827Z",
        "last_updater": 434552,
        "last_updater_username": "bitbucketci",
        "name": "2.02",
        "repository": 401368,
        "full_size": 352013750,
        "v2": true,
        "tag_status": "active",
        "tag_last_pulled": "2024-01-17T14:48:27.536066Z",
        "tag_last_pushed": "2018-02-05T23:23:32.670827Z",
        "media_type": "application/vnd.docker.container.image.v1+json",
        "content_type": "image"
    },
    {
        "creator": 434552,
        "id": 27688525,
        "images": [
            {
                "architecture": "amd64",
                "features": "",
                "variant": null,
                "digest": "sha256:038b4bf689eab3dc7e54b266dd956a7c156c5552a40c7d4921cb48d080703988",
                "os": "linux",
                "os_features": "",
                "os_version": null,
                "size": 351739050,
                "status": "active",
                "last_pulled": "2024-01-16T01:24:31.672838Z",
                "last_pushed": null
            }
        ],
        "last_updated": "2018-05-21T02:38:09.061324Z",
        "last_updater": 434552,
        "last_updater_username": "bitbucketci",
        "name": "2.03",
        "repository": 401368,
        "full_size": 351739050,
        "v2": true,
        "tag_status": "active",
        "tag_last_pulled": "2024-01-16T01:24:31.672838Z",
        "tag_last_pushed": "2018-05-21T02:38:09.061324Z",
        "media_type": "application/vnd.docker.container.image.v1+json",
        "content_type": "image"
    },
    {
        "creator": 434552,
        "id": 37312228,
        "images": [
            {
                "architecture": "amd64",
                "features": "",
                "variant": null,
                "digest": "sha256:237bcf847b7671552bb03befdf5aeb4b31238eac81eca4f5b5e4493e583ab7e9",
                "os": "linux",
                "os_features": "",
                "os_version": null,
                "size": 354028429,
                "status": "active",
                "last_pulled": "2024-01-16T01:24:33.335316Z",
                "last_pushed": null
            }
        ],
        "last_updated": "2018-10-11T22:47:24.773964Z",
        "last_updater": 434552,
        "last_updater_username": "bitbucketci",
        "name": "2.04",
        "repository": 401368,
        "full_size": 354028429,
        "v2": true,
        "tag_status": "active",
        "tag_last_pulled": "2024-01-16T01:24:33.335316Z",
        "tag_last_pushed": "2018-10-11T22:47:24.773964Z",
        "media_type": "application/vnd.docker.container.image.v1+json",
        "content_type": "image"
    },
    {
        "creator": 434552,
        "id": 44270062,
        "images": [
            {
                "architecture": "amd64",
                "features": "",
                "variant": null,
                "digest": "sha256:f4b2eb9183f20921e8e0812c2f0bf04ea9554cb9992d464481aabf1b1a803cbb",
                "os": "linux",
                "os_features": "",
                "os_version": null,
                "size": 367110355,
                "status": "active",
                "last_pulled": "2024-01-16T01:24:34.807113Z",
                "last_pushed": null
            }
        ],
        "last_updated": "2019-01-16T05:27:35.731744Z",
        "last_updater": 434552,
        "last_updater_username": "bitbucketci",
        "name": "2.05",
        "repository": 401368,
        "full_size": 367110355,
        "v2": true,
        "tag_status": "active",
        "tag_last_pulled": "2024-01-16T01:24:34.807113Z",
        "tag_last_pushed": "2019-01-16T05:27:35.731744Z",
        "media_type": "application/vnd.docker.container.image.v1+json",
        "content_type": "image"
    },
    {
        "creator": 434552,
        "id": 44350779,
        "images": [
            {
                "architecture": "amd64",
                "features": "",
                "variant": null,
                "digest": "sha256:08434099f19dcd7721f2928629c37d0de0be39b1e22fda2eed1ea8ead6d10348",
                "os": "linux",
                "os_features": "",
                "os_version": null,
                "size": 367110582,
                "status": "active",
                "last_pulled": "2024-01-16T01:24:36.302993Z",
                "last_pushed": null
            }
        ],
        "last_updated": "2019-01-16T23:04:12.436835Z",
        "last_updater": 434552,
        "last_updater_username": "bitbucketci",
        "name": "2.06",
        "repository": 401368,
        "full_size": 367110582,
        "v2": true,
        "tag_status": "active",
        "tag_last_pulled": "2024-01-16T01:24:36.302993Z",
        "tag_last_pushed": "2019-01-16T23:04:12.436835Z",
        "media_type": "application/vnd.docker.container.image.v1+json",
        "content_type": "image"
    },
    {
        "creator": 434552,
        "id": 54107890,
        "images": [
            {
                "architecture": "amd64",
                "features": "",
                "variant": null,
                "digest": "sha256:9e5e11ce9e738fd82b29ede630ed23e8df1137d5a138ff2864822a4320648a66",
                "os": "linux",
                "os_features": "",
                "os_version": null,
                "size": 367197437,
                "status": "active",
                "last_pulled": "2024-01-20T00:30:15.325939Z",
                "last_pushed": null
            }
        ],
        "last_updated": "2019-04-30T09:34:24.047483Z",
        "last_updater": 434552,
        "last_updater_username": "bitbucketci",
        "name": "2.07",
        "repository": 401368,
        "full_size": 367197437,
        "v2": true,
        "tag_status": "active",
        "tag_last_pulled": "2024-01-20T00:30:15.325939Z",
        "tag_last_pushed": "2019-04-30T09:34:24.047483Z",
        "media_type": "application/vnd.docker.container.image.v1+json",
        "content_type": "image"
    },
    {
        "creator": 434552,
        "id": 60979232,
        "images": [
            {
                "architecture": "amd64",
                "features": "",
                "variant": null,
                "digest": "sha256:897afb2491df8bc6fd73006341d70c4835167a812e534e65bfa40a9072037f3d",
                "os": "linux",
                "os_features": "",
                "os_version": null,
                "size": 367344242,
                "status": "active",
                "last_pulled": "2024-01-19T09:19:12.791004Z",
                "last_pushed": null
            }
        ],
        "last_updated": "2019-07-04T06:47:36.130569Z",
        "last_updater": 434552,
        "last_updater_username": "bitbucketci",
        "name": "2.08",
        "repository": 401368,
        "full_size": 367344242,
        "v2": true,
        "tag_status": "active",
        "tag_last_pulled": "2024-01-19T09:19:12.791004Z",
        "tag_last_pushed": "2019-07-04T06:47:36.130569Z",
        "media_type": "application/vnd.docker.container.image.v1+json",
        "content_type": "image"
    },
    {
        "creator": 434552,
        "id": 100251291,
        "images": [
            {
                "architecture": "amd64",
                "features": "",
                "variant": null,
                "digest": "sha256:d47e39f870859e15c84288c3023c6cf6364f3ff39b3936a6db80ed8b02efc7a3",
                "os": "linux",
                "os_features": "",
                "os_version": null,
                "size": 368174045,
                "status": "active",
                "last_pulled": "2024-01-16T01:24:40.74749Z",
                "last_pushed": null
            }
        ],
        "last_updated": "2020-05-14T06:49:27.500277Z",
        "last_updater": 434552,
        "last_updater_username": "bitbucketci",
        "name": "2.09",
        "repository": 401368,
        "full_size": 368174045,
        "v2": true,
        "tag_status": "active",
        "tag_last_pulled": "2024-01-16T01:24:40.74749Z",
        "tag_last_pushed": "2020-05-14T06:49:27.500277Z",
        "media_type": "application/vnd.docker.container.image.v1+json",
        "content_type": "image"
    },
    {
        "creator": 434552,
        "id": 100412868,
        "images": [
            {
                "architecture": "amd64",
                "features": "",
                "variant": null,
                "digest": "sha256:be6f60ce89ce3a7d23ae76ccc6f32efaa57f1a20a4747e2b9dcdbd5ca4b5ecdc",
                "os": "linux",
                "os_features": "",
                "os_version": null,
                "size": 368173161,
                "status": "active",
                "last_pulled": "2024-01-19T12:38:28.267654Z",
                "last_pushed": null
            }
        ],
        "last_updated": "2020-05-15T00:28:23.700719Z",
        "last_updater": 434552,
        "last_updater_username": "bitbucketci",
        "name": "2.10",
        "repository": 401368,
        "full_size": 368173161,
        "v2": true,
        "tag_status": "active",
        "tag_last_pulled": "2024-01-19T12:38:28.267654Z",
        "tag_last_pushed": "2020-05-15T00:28:23.700719Z",
        "media_type": "application/vnd.docker.container.image.v1+json",
        "content_type": "image"
    },
    {
        "creator": 434552,
        "id": 119459469,
        "images": [
            {
                "architecture": "amd64",
                "features": "",
                "variant": null,
                "digest": "sha256:459f5cbc568f2a77c2ffa797f5e6adc319c6d40628c6aadd859133a334b780d4",
                "os": "linux",
                "os_features": "",
                "os_version": null,
                "size": 368360530,
                "status": "active",
                "last_pulled": "2024-01-16T01:24:43.725369Z",
                "last_pushed": "2020-09-30T05:15:38.511239Z"
            }
        ],
        "last_updated": "2020-09-30T04:59:34.868788Z",
        "last_updater": 434552,
        "last_updater_username": "bitbucketci",
        "name": "2.11",
        "repository": 401368,
        "full_size": 368360530,
        "v2": true,
        "tag_status": "active",
        "tag_last_pulled": "2024-01-16T01:24:43.725369Z",
        "tag_last_pushed": "2020-09-30T04:59:34.868788Z",
        "media_type": "application/vnd.docker.container.image.v1+json",
        "content_type": "image"
    },
    {
        "creator": 434552,
        "id": 119460412,
        "images": [
            {
                "architecture": "amd64",
                "features": "",
                "variant": null,
                "digest": "sha256:459f5cbc568f2a77c2ffa797f5e6adc319c6d40628c6aadd859133a334b780d4",
                "os": "linux",
                "os_features": "",
                "os_version": null,
                "size": 368360530,
                "status": "active",
                "last_pulled": "2024-01-16T01:24:43.725369Z",
                "last_pushed": "2020-09-30T05:15:38.511239Z"
            }
        ],
        "last_updated": "2020-09-30T05:15:37.795172Z",
        "last_updater": 434552,
        "last_updater_username": "bitbucketci",
        "name": "2.12",
        "repository": 401368,
        "full_size": 368360530,
        "v2": true,
        "tag_status": "active",
        "tag_last_pulled": "2024-01-16T01:24:43.725369Z",
        "tag_last_pushed": "2020-09-30T05:15:37.795172Z",
        "media_type": "application/vnd.docker.container.image.v1+json",
        "content_type": "image"
    },
    {
        "creator": 434552,
        "id": 119462675,
        "images": [
            {
                "architecture": "amd64",
                "features": "",
                "variant": null,
                "digest": "sha256:18e516334631fa8bea2ade03a11088bdb016bdce855921f29a44103818eb0ef4",
                "os": "linux",
                "os_features": "",
                "os_version": null,
                "size": 368387429,
                "status": "active",
                "last_pulled": "2024-01-19T10:33:59.32823Z",
                "last_pushed": "2020-09-30T05:54:22.297957Z"
            }
        ],
        "last_updated": "2020-09-30T05:54:21.504104Z",
        "last_updater": 434552,
        "last_updater_username": "bitbucketci",
        "name": "2.13",
        "repository": 401368,
        "full_size": 368387429,
        "v2": true,
        "tag_status": "active",
        "tag_last_pulled": "2024-01-19T10:33:59.32823Z",
        "tag_last_pushed": "2020-09-30T05:54:21.504104Z",
        "media_type": "application/vnd.docker.container.image.v1+json",
        "content_type": "image"
    },
    {
        "creator": 434552,
        "id": 128932395,
        "images": [
            {
                "architecture": "amd64",
                "features": "",
                "variant": null,
                "digest": "sha256:d8ae266b47fce4078de5d193032220e9e1fb88106d89505a120dfe41cb592a7b",
                "os": "linux",
                "os_features": "",
                "os_version": null,
                "size": 371699438,
                "status": "active",
                "last_pulled": "2024-01-20T07:06:08.099041Z",
                "last_pushed": "2020-12-06T23:47:37.592333Z"
            }
        ],
        "last_updated": "2020-12-06T23:47:37.219932Z",
        "last_updater": 434552,
        "last_updater_username": "bitbucketci",
        "name": "2.14",
        "repository": 401368,
        "full_size": 371699438,
        "v2": true,
        "tag_status": "active",
        "tag_last_pulled": "2024-01-20T07:06:08.099041Z",
        "tag_last_pushed": "2020-12-06T23:47:37.219932Z",
        "media_type": "application/vnd.docker.container.image.v1+json",
        "content_type": "image"
    },
    {
        "creator": 434552,
        "id": 171376861,
        "images": [
            {
                "architecture": "amd64",
                "features": "",
                "variant": null,
                "digest": "sha256:d4b1cc074a5ac1ee5d9702a536b8a8456554732df70f4b55fd85515e4b106f8d",
                "os": "linux",
                "os_features": "",
                "os_version": null,
                "size": 372446037,
                "status": "active",
                "last_pulled": "2024-01-20T09:44:00.6394Z",
                "last_pushed": "2021-10-11T06:08:26.028913Z"
            }
        ],
        "last_updated": "2021-10-11T06:08:25.559635Z",
        "last_updater": 434552,
        "last_updater_username": "bitbucketci",
        "name": "2.19",
        "repository": 401368,
        "full_size": 372446037,
        "v2": true,
        "tag_status": "active",
        "tag_last_pulled": "2024-01-20T09:44:00.6394Z",
        "tag_last_pushed": "2021-10-11T06:08:25.559635Z",
        "media_type": "application/vnd.docker.container.image.v1+json",
        "content_type": "image"
    },
    {
        "creator": 434552,
        "id": 174648566,
        "images": [
            {
                "architecture": "amd64",
                "features": "",
                "variant": null,
                "digest": "sha256:edf4bd880adf9e7f7677094f7a1d944524c7f98e939550bc152523c5cf6080ff",
                "os": "linux",
                "os_features": "",
                "os_version": null,
                "size": 374547550,
                "status": "active",
                "last_pulled": "2024-01-20T09:12:05.654035Z",
                "last_pushed": "2021-10-29T05:58:06.232145Z"
            }
        ],
        "last_updated": "2021-10-29T05:58:05.931244Z",
        "last_updater": 434552,
        "last_updater_username": "bitbucketci",
        "name": "3.20211029",
        "repository": 401368,
        "full_size": 374547550,
        "v2": true,
        "tag_status": "active",
        "tag_last_pulled": "2024-01-20T09:12:05.654035Z",
        "tag_last_pushed": "2021-10-29T05:58:05.931244Z",
        "media_type": "application/vnd.docker.container.image.v1+json",
        "content_type": "image"
    },
    {
        "creator": 10737450,
        "id": 244738597,
        "images": [
            {
                "architecture": "amd64",
                "features": "",
                "variant": null,
                "digest": "sha256:39d04afd60502c4890e7911005699fa79e68d1da337a00a131e64f49e82b87b2",
                "os": "linux",
                "os_features": "",
                "os_version": null,
                "size": 380481458,
                "status": "active",
                "last_pulled": "2024-01-20T08:15:33.598977Z",
                "last_pushed": "2022-06-30T03:41:34.171902Z"
            }
        ],
        "last_updated": "2022-06-30T03:41:34.278917Z",
        "last_updater": 10737450,
        "last_updater_username": "kfrost",
        "name": "3.20220630",
        "repository": 401368,
        "full_size": 380481458,
        "v2": true,
        "tag_status": "active",
        "tag_last_pulled": "2024-01-20T08:15:33.598977Z",
        "tag_last_pushed": "2022-06-30T03:41:34.278917Z",
        "media_type": "application/vnd.docker.container.image.v1+json",
        "content_type": "image"
    },
    {
        "creator": 434552,
        "id": 1388436,
        "images": [
            {
                "architecture": "amd64",
                "features": "",
                "variant": null,
                "digest": "sha256:689e2c63e20a48e0a4d31156adcf32b4474dc32b50ab05abe3682b39fb9767a8",
                "os": "linux",
                "os_features": "",
                "os_version": null,
                "size": 780507873,
                "status": "active",
                "last_pulled": "2024-01-20T09:50:07.705079Z",
                "last_pushed": null
            }
        ],
        "last_updated": "2017-10-30T00:05:03.054719Z",
        "last_updater": 434552,
        "last_updater_username": "bitbucketci",
        "name": "latest",
        "repository": 401368,
        "full_size": 780507873,
        "v2": true,
        "tag_status": "active",
        "tag_last_pulled": "2024-01-20T09:50:07.705079Z",
        "tag_last_pushed": "2017-10-30T00:05:03.054719Z",
        "media_type": "application/vnd.docker.container.image.v1+json",
        "content_type": "image",
        "digest": "sha256:689e2c63e20a48e0a4d31156adcf32b4474dc32b50ab05abe3682b39fb9767a8"
    },
    {
        "creator": 434552,
        "id": 1335923,
        "images": [
            {
                "architecture": "amd64",
                "features": "",
                "variant": null,
                "digest": "sha256:c943bcd99dbeda0574f82f1a9d7e5150b390c92239d990f9b4f94f7ff2a7eeba",
                "os": "linux",
                "os_features": "",
                "os_version": null,
                "size": 785073176,
                "status": "active",
                "last_pulled": "2024-01-16T01:23:57.522822Z",
                "last_pushed": null
            }
        ],
        "last_updated": "2016-06-28T03:59:34.392028Z",
        "last_updater": 434552,
        "last_updater_username": "bitbucketci",
        "name": "latest-ddev",
        "repository": 401368,
        "full_size": 785073208,
        "v2": true,
        "tag_status": "active",
        "tag_last_pulled": "2024-01-16T01:23:57.522822Z",
        "tag_last_pushed": "2016-06-28T03:59:34.392028Z",
        "media_type": "application/octet-stream",
        "content_type": "unrecognized",
        "digest": "sha256:c943bcd99dbeda0574f82f1a9d7e5150b390c92239d990f9b4f94f7ff2a7eeba"
    },
    {
        "creator": 434552,
        "id": 2585803,
        "images": [
            {
                "architecture": "amd64",
                "features": "",
                "variant": null,
                "digest": "sha256:c943bcd99dbeda0574f82f1a9d7e5150b390c92239d990f9b4f94f7ff2a7eeba",
                "os": "linux",
                "os_features": "",
                "os_version": null,
                "size": 785073176,
                "status": "active",
                "last_pulled": "2024-01-16T01:23:57.522822Z",
                "last_pushed": null
            }
        ],
        "last_updated": "2016-06-28T04:08:30.529384Z",
        "last_updater": 434552,
        "last_updater_username": "bitbucketci",
        "name": "latest-stg-west",
        "repository": 401368,
        "full_size": 785073208,
        "v2": true,
        "tag_status": "active",
        "tag_last_pulled": "2024-01-16T01:23:57.522822Z",
        "tag_last_pushed": "2016-06-28T04:08:30.529384Z",
        "media_type": "application/octet-stream",
        "content_type": "unrecognized"
    },
    {
        "creator": 434552,
        "id": 8610433,
        "images": [
            {
                "architecture": "amd64",
                "features": "",
                "variant": null,
                "digest": "sha256:31b4720f9267803e6f355da1154667e4d3a3c54e65b443a114e7680dd739b22e",
                "os": "linux",
                "os_features": "",
                "os_version": null,
                "size": 786731234,
                "status": "active",
                "last_pulled": "2024-01-16T01:24:00.542088Z",
                "last_pushed": null
            }
        ],
        "last_updated": "2017-03-02T05:35:52.478641Z",
        "last_updater": 434552,
        "last_updater_username": "bitbucketci",
        "name": "test",
        "repository": 401368,
        "full_size": 786731266,
        "v2": true,
        "tag_status": "active",
        "tag_last_pulled": "2024-01-16T01:24:00.542088Z",
        "tag_last_pushed": "2017-03-02T05:35:52.478641Z",
        "media_type": "application/vnd.docker.container.image.v1+json",
        "content_type": "image"
    }
]