[
    {
        "creator": 342683,
        "id": 308922872,
        "images": [
            {
                "architecture": "amd64",
                "features": "",
                "variant": null,
                "digest": "sha256:8b82fb5a73ad1982661385b0717b5665238e0af04c1383ebcc1ad6a39993fa19",
                "os": "linux",
                "os_features": "",
                "os_version": null,
                "size": 22515268,
                "status": "active",
                "last_pulled": "2024-01-20T09:07:20.489756Z",
                "last_pushed": "2022-10-13T16:55:23.271226Z"
            },
            {
                "architecture": "arm64",
                "features": "",
                "variant": null,
                "digest": "sha256:a8375ddf1cc8c1e8a935d41d6cf06afd43ed7375230df6b5b68232f2e713b70a",
                "os": "linux",
                "os_features": "",
                "os_version": null,
                "size": 21151572,
                "status": "active",
                "last_pulled": "2024-01-19T09:45:45.770546Z",
                "last_pushed": "2022-10-13T16:55:22.948397Z"
            },
            {
                "architecture": "arm",
                "features": "",
                "variant": "v7",
                "digest": "sha256:909697ab6e77ba4e6cfa381f32fc7a2688496e5ee1a7c657718e5a0df7af3586",
                "os": "linux",
                "os_features": "",
                "os_version": null,
                "size": 21447306,
                "status": "active",
                "last_pulled": "2024-01-19T09:46:16.534485Z",
                "last_pushed": "2022-10-13T16:55:23.574641Z"
            }
        ],
        "last_updated": "2022-10-13T16:55:24.175276Z",
        "last_updater": 342683,
        "last_updater_username": "bitnamibot",
        "name": "release-v0.19.0",
        "repository": 16950841,
        "full_size": 22515268,
        "v2": true,
        "tag_status": "active",
        "tag_last_pulled": "2024-01-20T09:07:20.489756Z",
        "tag_last_pushed": "2022-10-13T16:55:24.175276Z",
        "media_type": "application/vnd.docker.distribution.manifest.list.v2+json",
        "content_type": "image",
        "digest": "sha256:2d3dd4bd84ecaffaaf1165e91933abe4b989c13d499f59b66dfa4ca158156e45"
    },
    {
        "creator": 342683,
        "id": 204179757,
        "images": [
            {
                "architecture": "amd64",
                "features": "",
                "variant": null,
                "digest": "sha256:54c92dbe92f2b55b55ee0217dce3bc926c3011f2a5f8508ac42d4892adf91753",
                "os": "linux",
                "os_features": "",
                "os_version": null,
                "size": 14281384,
                "status": "active",
                "last_pulled": "2024-01-20T08:44:14.040181Z",
                "last_pushed": "2022-04-21T13:48:54.652869Z"
            },
            {
                "architecture": "arm64",
                "features": "",
                "variant": null,
                "digest": "sha256:cbb4b8acf071ab79168a4dd17325e41d5c46c94919c4afec0376ae9272447b7e",
                "os": "linux",
                "os_features": "",
                "os_version": null,
                "size": 13282355,
                "status": "active",
                "last_pulled": "2024-01-19T09:46:49.753043Z",
                "last_pushed": "2022-04-21T13:48:54.480447Z"
            },
            {
                "architecture": "arm",
                "features": "",
                "variant": "v7",
                "digest": "sha256:e9699ba9eca2df4f5298714ea3a943f5b3b999a68af95731177f3d82e5264e25",
                "os": "linux",
                "os_features": "",
                "os_version": null,
                "size": 13506204,
                "status": "active",
                "last_pulled": "2024-01-19T09:47:21.046064Z",
                "last_pushed": "2022-04-21T13:48:54.780343Z"
            }
        ],
        "last_updated": "2022-04-21T13:48:55.181358Z",
        "last_updater": 342683,
        "last_updater_username": "bitnamibot",
        "name": "v0.10.0",
        "repository": 16950841,
        "full_size": 14281384,
        "v2": true,
        "tag_status": "active",
        "tag_last_pulled": "2024-01-20T08:44:14.040181Z",
        "tag_last_pushed": "2022-04-21T13:48:55.181358Z",
        "media_type": "application/vnd.docker.distribution.manifest.list.v2+json",
        "content_type": "image"
    },
    {
        "creator": 342683,
        "id": 204180117,
        "images": [
            {
                "architecture": "amd64",
                "features": "",
                "variant": null,
                "digest": "sha256:0bab54a982e90401afa53415fe8455cb20084603bc31a017b8f3f3dc3727a9fd",
                "os": "linux",
                "os_features": "",
                "os_version": null,
                "size": 14430430,
                "status": "active",
                "last_pulled": "2024-01-20T09:07:21.766199Z",
                "last_pushed": "2022-04-21T13:50:09.316859Z"
            },
            {
                "architecture": "arm64",
                "features": "",
                "variant": null,
                "digest": "sha256:de922fadd8281cc2b16f37cce1456548aadb24883dc7e5c9f749b4d47bb6c7d2",
                "os": "linux",
                "os_features": "",
                "os_version": null,
                "size": 13441969,
                "status": "active",
                "last_pulled": "2024-01-19T09:48:54.31299Z",
                "last_pushed": "2022-04-21T13:50:09.172302Z"
            },
            {
                "architecture": "arm",
                "features": "",
                "variant": "v7",
                "digest": "sha256:90122a521eb2917da03dfbeb5cf5ceb211c9cb21d3c4a48e2138afbe75f21fd0",
                "os": "linux",
                "os_features": "",
                "os_version": null,
                "size": 13655361,
                "status": "active",
                "last_pulled": "2024-01-19T09:49:40.564117Z",
                "last_pushed": "2022-04-21T13:50:09.487995Z"
            }
        ],
        "last_updated": "2022-04-21T13:50:09.923861Z",
        "last_updater": 342683,
        "last_updater_username": "bitnamibot",
        "name": "v0.11.0",
        "repository": 16950841,
        "full_size": 14430430,
        "v2": true,
        "tag_status": "active",
        "tag_last_pulled": "2024-01-20T09:07:21.766199Z",
        "tag_last_pushed": "2022-04-21T13:50:09.923861Z",
        "media_type": "application/vnd.docker.distribution.manifest.list.v2+json",
        "content_type": "image"
    },
    {
        "creator": 342683,
        "id": 204179180,
        "images": [
            {
                "architecture": "amd64",
                "features": "",
                "variant": null,
                "digest": "sha256:01d14a196d089b79934cf93f4f852c40095728cab1db1311247e48e547e57559",
                "os": "linux",
                "os_features": "",
                "os_version": null,
                "size": 15457411,
                "status": "active",
                "last_pulled": "2024-01-20T08:44:11.619187Z",
                "last_pushed": "2022-04-21T13:46:30.520428Z"
            },
            {
                "architecture": "arm64",
                "features": "",
                "variant": null,
                "digest": "sha256:caa8c1f5279dc40ee0f6925ac7794c21d488ef13a19739fcf0092e45b9b33ec7",
                "os": "linux",
                "os_features": "",
                "os_version": null,
                "size": 14397518,
                "status": "active",
                "last_pulled": "2024-01-19T09:50:43.779867Z",
                "last_pushed": "2022-04-21T13:46:30.191857Z"
            },
            {
                "architecture": "arm",
                "features": "",
                "variant": "v7",
                "digest": "sha256:2f062996a8c34901f150ff0544e54a5e28d3a3c4b6b29779e8d7017afbca90fa",
                "os": "linux",
                "os_features": "",
                "os_version": null,
                "size": 14583367,
                "status": "active",
                "last_pulled": "2024-01-19T09:50:59.446681Z",
                "last_pushed": "2022-04-21T13:46:30.86903Z"
            }
        ],
        "last_updated": "2022-04-21T13:46:31.394014Z",
        "last_updater": 342683,
        "last_updater_username": "bitnamibot",
        "name": "v0.12.0",
        "repository": 16950841,
        "full_size": 15457411,
        "v2": true,
        "tag_status": "active",
        "tag_last_pulled": "2024-01-20T08:44:11.619187Z",
        "tag_last_pushed": "2022-04-21T13:46:31.394014Z",
        "media_type": "application/vnd.docker.distribution.manifest.list.v2+json",
        "content_type": "image"
    },
    {
        "creator": 342683,
        "id": 204179158,
        "images": [
            {
                "architecture": "amd64",
                "features": "",
                "variant": null,
                "digest": "sha256:598598782c1ce2e3347da0a83f487c1a858a361b7e71b4a6c0e0f1b5c1b1795d",
                "os": "linux",
                "os_features": "",
                "os_version": null,
                "size": 15606408,
                "status": "active",
                "last_pulled": "2024-01-20T09:07:22.450886Z",
                "last_pushed": "2022-04-21T13:46:22.993865Z"
            },
            {
                "architecture": "arm64",
                "features": "",
                "variant": null,
                "digest": "sha256:4c336786796ab28ab3e1b8f42361d22d914c367437e0468f2aa1d96334b95f64",
                "os": "linux",
                "os_features": "",
                "os_version": null,
                "size": 14548164,
                "status": "active",
                "last_pulled": "2024-01-19T09:51:32.208106Z",
                "last_pushed": "2022-04-21T13:46:22.747985Z"
            },
            {
                "architecture": "arm",
                "features": "",
                "variant": "v7",
                "digest": "sha256:6e85ad257f1b8dea7480da9b52bb6b0d1698398279697ff88e71ab6b8c6d6e97",
                "os": "linux",
                "os_features": "",
                "os_version": null,
                "size": 14732652,
                "status": "active",
                "last_pulled": "2024-01-19T09:52:18.438785Z",
                "last_pushed": "2022-04-21T13:46:23.220434Z"
            }
        ],
        "last_updated": "2022-04-21T13:46:23.669635Z",
        "last_updater": 342683,
        "last_updater_username": "bitnamibot",
        "name": "v0.12.1",
        "repository": 16950841,
        "full_size": 15606408,
        "v2": true,
        "tag_status": "active",
        "tag_last_pulled": "2024-01-20T09:07:22.450886Z",
        "tag_last_pushed": "2022-04-21T13:46:23.669635Z",
        "media_type": "application/vnd.docker.distribution.manifest.list.v2+json",
        "content_type": "image"
    },
    {
        "creator": 342683,
        "id": 204178591,
        "images": [
            {
                "architecture": "amd64",
                "features": "",
                "variant": null,
                "digest": "sha256:a31dc2ca229aba302bc53d27b699460af0f0ea6d03ce598e540cfc747c7faeaa",
                "os": "linux",
                "os_features": "",
                "os_version": null,
                "size": 15457741,
                "status": "active",
                "last_pulled": "2024-01-20T08:42:25.643713Z",
                "last_pushed": "2022-04-21T13:43:29.708678Z"
            },
            {
                "architecture": "arm64",
                "features": "",
                "variant": null,
                "digest": "sha256:2b6bb6378c2ba9ce7d6997736ac5f2aa2e3258a77308a814fb945a7f55298d5d",
                "os": "linux",
                "os_features": "",
                "os_version": null,
                "size": 14399507,
                "status": "active",
                "last_pulled": "2024-01-19T09:52:51.782548Z",
                "last_pushed": "2022-04-21T13:43:29.971441Z"
            },
            {
                "architecture": "arm",
                "features": "",
                "variant": "v7",
                "digest": "sha256:88e64cc5db1a0ca2d67e5af395aa0b5e788834588b7793159f828f47f0f4772c",
                "os": "linux",
                "os_features": "",
                "os_version": null,
                "size": 14583999,
                "status": "active",
                "last_pulled": "2024-01-19T09:52:52.21971Z",
                "last_pushed": "2022-04-21T13:43:29.476949Z"
            }
        ],
        "last_updated": "2022-04-21T13:43:30.456353Z",
        "last_updater": 342683,
        "last_updater_username": "bitnamibot",
        "name": "v0.12.2",
        "repository": 16950841,
        "full_size": 15457741,
        "v2": true,
        "tag_status": "active",
        "tag_last_pulled": "2024-01-20T08:42:25.643713Z",
        "tag_last_pushed": "2022-04-21T13:43:30.456353Z",
        "media_type": "application/vnd.docker.distribution.manifest.list.v2+json",
        "content_type": "image"
    },
    {
        "creator": 342683,
        "id": 204178811,
        "images": [
            {
                "architecture": "amd64",
                "features": "",
                "variant": null,
                "digest": "sha256:9643c54fac220ce5097bb53d7dd0db81cb424643ff4607fc7afb9fa0386bbe75",
                "os": "linux",
                "os_features": "",
                "os_version": null,
                "size": 15606394,
                "status": "active",
                "last_pulled": "2024-01-20T08:42:32.080489Z",
                "last_pushed": "2022-04-21T13:44:33.66093Z"
            },
            {
                "architecture": "arm64",
                "features": "",
                "variant": null,
                "digest": "sha256:b757bf51b2c9961c6ea0885ce8d91e5e204a4ecfc0f042dbdef59ca47e5a141a",
                "os": "linux",
                "os_features": "",
                "os_version": null,
                "size": 14548164,
                "status": "active",
                "last_pulled": "2024-01-19T09:53:25.258053Z",
                "last_pushed": "2022-04-21T13:44:33.43042Z"
            },
            {
                "architecture": "arm",
                "features": "",
                "variant": "v7",
                "digest": "sha256:e02770bb7dadff96b42a31c1e2be9bdfd95469c4834efb6d7ee455703d64dd12",
                "os": "linux",
                "os_features": "",
                "os_version": null,
                "size": 14732656,
                "status": "active",
                "last_pulled": "2024-01-19T09:53:25.665707Z",
                "last_pushed": "2022-04-21T13:44:33.886047Z"
            }
        ],
        "last_updated": "2022-04-21T13:44:34.410133Z",
        "last_updater": 342683,
        "last_updater_username": "bitnamibot",
        "name": "v0.12.3",
        "repository": 16950841,
        "full_size": 15606394,
        "v2": true,
        "tag_status": "active",
        "tag_last_pulled": "2024-01-20T08:42:32.080489Z",
        "tag_last_pushed": "2022-04-21T13:44:34.410133Z",
        "media_type": "application/vnd.docker.distribution.manifest.list.v2+json",
        "content_type": "image"
    },
    {
        "creator": 342683,
        "id": 204155241,
        "images": [
            {
                "architecture": "amd64",
                "features": "",
                "variant": null,
                "digest": "sha256:8677c9a27ea90d3513044fbe6dd889b3773d3ed400bdd2ec01eb303fafb34326",
                "os": "linux",
                "os_features": "",
                "os_version": null,
                "size": 15457738,
                "status": "active",
                "last_pulled": "2024-01-20T08:58:44.549485Z",
                "last_pushed": "2022-04-21T11:48:11.400932Z"
            },
            {
                "architecture": "arm64",
                "features": "",
                "variant": null,
                "digest": "sha256:c8958b6c2f2e4121ab58ac8805376c083f3bd5c4980af48415d32c715ebb55c7",
                "os": "linux",
                "os_features": "",
                "os_version": null,
                "size": 14399510,
                "status": "active",
                "last_pulled": "2024-01-19T09:54:58.814068Z",
                "last_pushed": "2022-04-21T11:48:11.17324Z"
            },
            {
                "architecture": "arm",
                "features": "",
                "variant": "v7",
                "digest": "sha256:82f256c59e256540a59a3ef2ad8cf0b8278d1b4fbaf86ec61bf2b005ab59a9cc",
                "os": "linux",
                "os_features": "",
                "os_version": null,
                "size": 14584002,
                "status": "active",
                "last_pulled": "2024-01-19T09:54:59.288407Z",
                "last_pushed": "2022-04-21T11:48:11.528148Z"
            }
        ],
        "last_updated": "2022-04-21T11:48:11.929347Z",
        "last_updater": 342683,
        "last_updater_username": "bitnamibot",
        "name": "v0.12.4",
        "repository": 16950841,
        "full_size": 15457738,
        "v2": true,
        "tag_status": "active",
        "tag_last_pulled": "2024-01-20T08:58:44.549485Z",
        "tag_last_pushed": "2022-04-21T11:48:11.929347Z",
        "media_type": "application/vnd.docker.distribution.manifest.list.v2+json",
        "content_type": "image"
    },
    {
        "creator": 342683,
        "id": 204153885,
        "images": [
            {
                "architecture": "amd64",
                "features": "",
                "variant": null,
                "digest": "sha256:f59afd192528af9f1872c056e2e12075b23c099a0182ad581357666ce60cde20",
                "os": "linux",
                "os_features": "",
                "os_version": null,
                "size": 15617560,
                "status": "active",
                "last_pulled": "2024-01-20T08:44:14.433171Z",
                "last_pushed": "2022-04-21T11:40:48.042959Z"
            },
            {
                "architecture": "arm64",
                "features": "",
                "variant": null,
                "digest": "sha256:2fb9db6a29607722b7cd26ebc235a285bb0ffebac1a3b33d7ff02b01717c4962",
                "os": "linux",
                "os_features": "",
                "os_version": null,
                "size": 14544609,
                "status": "active",
                "last_pulled": "2024-01-19T09:56:17.152866Z",
                "last_pushed": "2022-04-21T11:40:47.774261Z"
            },
            {
                "architecture": "arm",
                "features": "",
                "variant": "v7",
                "digest": "sha256:00d971218ec1b917fa8b70e81b10b977a0b8d559d80c65641c53491aacfd2c28",
                "os": "linux",
                "os_features": "",
                "os_version": null,
                "size": 14738351,
                "status": "active",
                "last_pulled": "2024-01-19T09:56:17.591787Z",
                "last_pushed": "2022-04-21T11:40:48.281944Z"
            }
        ],
        "last_updated": "2022-04-21T11:40:48.758137Z",
        "last_updater": 342683,
        "last_updater_username": "bitnamibot",
        "name": "v0.12.5",
        "repository": 16950841,
        "full_size": 15617560,
        "v2": true,
        "tag_status": "active",
        "tag_last_pulled": "2024-01-20T08:44:14.433171Z",
        "tag_last_pushed": "2022-04-21T11:40:48.758137Z",
        "media_type": "application/vnd.docker.distribution.manifest.list.v2+json",
        "content_type": "image"
    },
    {
        "creator": 342683,
        "id": 204145671,
        "images": [
            {
                "architecture": "amd64",
                "features": "",
                "variant": null,
                "digest": "sha256:4eb565a5f9c1f0d168741e6816fa14f1cbce94738b1eefd06265fda362beb70b",
                "os": "linux",
                "os_features": "",
                "os_version": null,
                "size": 15471730,
                "status": "active",
                "last_pulled": "2024-01-20T08:42:27.434375Z",
                "last_pushed": "2022-04-21T12:04:01.277286Z"
            },
            {
                "architecture": "arm64",
                "features": "",
                "variant": null,
                "digest": "sha256:2b58efcfd54285e910dca97398d7ddc40f82ee7666194cf98b9170a517246fd0",
                "os": "linux",
                "os_features": "",
                "os_version": null,
                "size": 14397193,
                "status": "active",
                "last_pulled": "2024-01-19T09:57:35.912443Z",
                "last_pushed": "2022-04-21T12:04:01.150006Z"
            },
            {
                "architecture": "arm",
                "features": "",
                "variant": "v7",
                "digest": "sha256:a503b118dd3d6c5ece51cd54f1fb9a2829cd2354c04e46f378964a7f1f961f41",
                "os": "linux",
                "os_features": "",
                "os_version": null,
                "size": 14589673,
                "status": "active",
                "last_pulled": "2024-01-19T09:58:07.235067Z",
                "last_pushed": "2022-04-21T12:04:01.432985Z"
            }
        ],
        "last_updated": "2022-04-21T12:04:01.733905Z",
        "last_updater": 342683,
        "last_updater_username": "bitnamibot",
        "name": "v0.12.6",
        "repository": 16950841,
        "full_size": 15471730,
        "v2": true,
        "tag_status": "active",
        "tag_last_pulled": "2024-01-20T08:42:27.434375Z",
        "tag_last_pushed": "2022-04-21T12:04:01.733905Z",
        "media_type": "application/vnd.docker.distribution.manifest.list.v2+json",
        "content_type": "image"
    },
    {
        "creator": 342683,
        "id": 204143838,
        "images": [
            {
                "architecture": "amd64",
                "features": "",
                "variant": null,
                "digest": "sha256:97d741b1ac490006895540ea039f05f2f5505633869b35736e34fb0c3c5f7eba",
                "os": "linux",
                "os_features": "",
                "os_version": null,
                "size": 15620976,
                "status": "active",
                "last_pulled": "2024-01-20T08:44:14.10779Z",
                "last_pushed": "2022-04-21T10:44:37.807038Z"
            },
            {
                "architecture": "arm64",
                "features": "",
                "variant": null,
                "digest": "sha256:569c5050d6fa1bfcf7ec6b44032d16d0e1d41893cfb9ffad4270087c23d78a0c",
                "os": "linux",
                "os_features": "",
                "os_version": null,
                "size": 14545020,
                "status": "active",
                "last_pulled": "2024-01-19T09:58:55.386252Z",
                "last_pushed": "2022-04-21T10:44:37.521135Z"
            },
            {
                "architecture": "arm",
                "features": "",
                "variant": "v7",
                "digest": "sha256:b90079a6989fec6bf14ce7397271cba2c56d23cae11570205823ee7842314136",
                "os": "linux",
                "os_features": "",
                "os_version": null,
                "size": 14739261,
                "status": "active",
                "last_pulled": "2024-01-19T09:59:11.382175Z",
                "last_pushed": "2022-04-21T10:44:38.081625Z"
            }
        ],
        "last_updated": "2022-04-21T10:44:38.600408Z",
        "last_updater": 342683,
        "last_updater_username": "bitnamibot",
        "name": "v0.13.0",
        "repository": 16950841,
        "full_size": 15620976,
        "v2": true,
        "tag_status": "active",
        "tag_last_pulled": "2024-01-20T08:44:14.10779Z",
        "tag_last_pushed": "2022-04-21T10:44:38.600408Z",
        "media_type": "application/vnd.docker.distribution.manifest.list.v2+json",
        "content_type": "image"
    },
    {
        "creator": 342683,
        "id": 204144667,
        "images": [
            {
                "architecture": "amd64",
                "features": "",
                "variant": null,
                "digest": "sha256:f28923ba678550ef69cca2deda89775c10e36c51112c40093285876372c3be59",
                "os": "linux",
                "os_features": "",
                "os_version": null,
                "size": 15472323,
                "status": "active",
                "last_pulled": "2024-01-20T08:36:07.927156Z",
                "last_pushed": "2022-04-21T12:03:09.450178Z"
            },
            {
                "architecture": "arm64",
                "features": "",
                "variant": null,
                "digest": "sha256:6f663bda3ec7f0095c034cef0a65518ab8c68e7e710d78723b717c008398138e",
                "os": "linux",
                "os_features": "",
                "os_version": null,
                "size": 14396365,
                "status": "active",
                "last_pulled": "2024-01-19T10:01:15.366993Z",
                "last_pushed": "2022-04-21T12:03:09.216414Z"
            },
            {
                "architecture": "arm",
                "features": "",
                "variant": "v7",
                "digest": "sha256:e1867c2816672e83195a308e0d187788ac853560352fd9f5204bdd0082098bc4",
                "os": "linux",
                "os_features": "",
                "os_version": null,
                "size": 14590594,
                "status": "active",
                "last_pulled": "2024-01-19T10:01:31.093995Z",
                "last_pushed": "2022-04-21T12:03:09.68754Z"
            }
        ],
        "last_updated": "2022-04-21T12:03:10.044251Z",
        "last_updater": 342683,
        "last_updater_username": "bitnamibot",
        "name": "v0.13.1",
        "repository": 16950841,
        "full_size": 15472323,
        "v2": true,
        "tag_status": "active",
        "tag_last_pulled": "2024-01-20T08:36:07.927156Z",
        "tag_last_pushed": "2022-04-21T12:03:10.044251Z",
        "media_type": "application/vnd.docker.distribution.manifest.list.v2+json",
        "content_type": "image"
    },
    {
        "creator": 342683,
        "id": 204139776,
        "images": [
            {
                "architecture": "amd64",
                "features": "",
                "variant": null,
                "digest": "sha256:35960b42be191599dc9b07a5c3b50afe29d8f43cd815aa7a22dac4f452fef4b7",
                "os": "linux",
                "os_features": "",
                "os_version": null,
                "size": 15630087,
                "status": "active",
                "last_pulled": "2024-01-20T08:58:49.225478Z",
                "last_pushed": "2022-04-21T10:23:04.033253Z"
            },
            {
                "architecture": "arm64",
                "features": "",
                "variant": null,
                "digest": "sha256:1c5f583100a16613d84a4e5a581618ffc6ad9cd32e98a4ee9ae1bffc4cf0b8bf",
                "os": "linux",
                "os_features": "",
                "os_version": null,
                "size": 14571353,
                "status": "active",
                "last_pulled": "2024-01-19T10:01:48.643673Z",
                "last_pushed": "2022-04-21T10:23:03.892201Z"
            },
            {
                "architecture": "arm",
                "features": "",
                "variant": "v7",
                "digest": "sha256:b0fb8d08e0192a07e6d18a8d4edbe38f2bf114cde9a998c769221230feb15bb2",
                "os": "linux",
                "os_features": "",
                "os_version": null,
                "size": 14753860,
                "status": "active",
                "last_pulled": "2024-01-19T10:01:49.273358Z",
                "last_pushed": "2022-04-21T10:23:04.180143Z"
            }
        ],
        "last_updated": "2022-04-21T10:23:04.671688Z",
        "last_updater": 342683,
        "last_updater_username": "bitnamibot",
        "name": "v0.14.0",
        "repository": 16950841,
        "full_size": 15630087,
        "v2": true,
        "tag_status": "active",
        "tag_last_pulled": "2024-01-20T08:58:49.225478Z",
        "tag_last_pushed": "2022-04-21T10:23:04.671688Z",
        "media_type": "application/vnd.docker.distribution.manifest.list.v2+json",
        "content_type": "image"
    },
    {
        "creator": 342683,
        "id": 204139927,
        "images": [
            {
                "architecture": "amd64",
                "features": "",
                "variant": null,
                "digest": "sha256:45bf575086a7ab0e675ee5a620c5c01d0f833a146aa56e9435c3d7c3c6d8d8a8",
                "os": "linux",
                "os_features": "",
                "os_version": null,
                "size": 16171080,
                "status": "active",
                "last_pulled": "2024-01-20T09:07:28.493933Z",
                "last_pushed": "2022-04-21T12:00:26.831255Z"
            },
            {
                "architecture": "arm64",
                "features": "",
                "variant": null,
                "digest": "sha256:b7434e870a71dc9720c61f49592770bf141349ffe9af26e452d004281a1c2a85",
                "os": "linux",
                "os_features": "",
                "os_version": null,
                "size": 15044588,
                "status": "active",
                "last_pulled": "2024-01-19T10:01:51.517136Z",
                "last_pushed": "2022-04-21T12:00:26.710391Z"
            },
            {
                "architecture": "arm",
                "features": "",
                "variant": "v7",
                "digest": "sha256:a158fa120e5a9885895ea3ad3fb0b035395352fb477d7a17e8d66895ff30dcaf",
                "os": "linux",
                "os_features": "",
                "os_version": null,
                "size": 15214627,
                "status": "active",
                "last_pulled": "2024-01-19T10:01:52.295758Z",
                "last_pushed": "2022-04-21T12:00:26.968613Z"
            }
        ],
        "last_updated": "2022-04-21T12:00:27.233108Z",
        "last_updater": 342683,
        "last_updater_username": "bitnamibot",
        "name": "v0.14.1",
        "repository": 16950841,
        "full_size": 16171080,
        "v2": true,
        "tag_status": "active",
        "tag_last_pulled": "2024-01-20T09:07:28.493933Z",
        "tag_last_pushed": "2022-04-21T12:00:27.233108Z",
        "media_type": "application/vnd.docker.distribution.manifest.list.v2+json",
        "content_type": "image"
    },
    {
        "creator": 342683,
        "id": 204135358,
        "images": [
            {
                "architecture": "amd64",
                "features": "",
                "variant": null,
                "digest": "sha256:9870a40bdfc47f8cb34255ea0fa2aacad88df745b46408b50782e24596e902fe",
                "os": "linux",
                "os_features": "",
                "os_version": null,
                "size": 16171264,
                "status": "active",
                "last_pulled": "2024-01-20T08:52:59.156987Z",
                "last_pushed": "2022-04-21T11:58:47.318336Z"
            },
            {
                "architecture": "arm64",
                "features": "",
                "variant": null,
                "digest": "sha256:e74fd98e10ff979d14610227bdedf7f5645f4e3391118a42013c5bdaddef77ec",
                "os": "linux",
                "os_features": "",
                "os_version": null,
                "size": 15043638,
                "status": "active",
                "last_pulled": "2024-01-19T10:01:54.831236Z",
                "last_pushed": "2022-04-21T11:58:47.114933Z"
            },
            {
                "architecture": "arm",
                "features": "",
                "variant": "v7",
                "digest": "sha256:f168570dc343309908831809dfecad6a9157a298357346b906cb8eb71116ba82",
                "os": "linux",
                "os_features": "",
                "os_version": null,
                "size": 15214400,
                "status": "active",
                "last_pulled": "2024-01-19T10:01:55.414318Z",
                "last_pushed": "2022-04-21T11:58:47.440277Z"
            }
        ],
        "last_updated": "2022-04-21T11:58:47.678841Z",
        "last_updater": 342683,
        "last_updater_username": "bitnamibot",
        "name": "v0.15.0",
        "repository": 16950841,
        "full_size": 16171264,
        "v2": true,
        "tag_status": "active",
        "tag_last_pulled": "2024-01-20T08:52:59.156987Z",
        "tag_last_pushed": "2022-04-21T11:58:47.678841Z",
        "media_type": "application/vnd.docker.distribution.manifest.list.v2+json",
        "content_type": "image"
    },
    {
        "creator": 342683,
        "id": 204134591,
        "images": [
            {
                "architecture": "amd64",
                "features": "",
                "variant": null,
                "digest": "sha256:15f7da68aed1d18b36b917a161d904b343843a6e4a1d15d3726ab1a610703935",
                "os": "linux",
                "os_features": "",
                "os_version": null,
                "size": 16504873,
                "status": "active",
                "last_pulled": "2024-01-20T08:36:07.926757Z",
                "last_pushed": "2022-04-21T09:56:19.8008Z"
            },
            {
                "architecture": "arm64",
                "features": "",
                "variant": null,
                "digest": "sha256:a1ba4f688c502d52153e6043e7c1c348d1b2cdc62a218b62230e9f8642a7c215",
                "os": "linux",
                "os_features": "",
                "os_version": null,
                "size": 15370031,
                "status": "active",
                "last_pulled": "2024-01-20T05:25:06.104656Z",
                "last_pushed": "2022-04-21T09:56:19.644971Z"
            },
            {
                "architecture": "arm",
                "features": "",
                "variant": "v7",
                "digest": "sha256:14a3c7c2753509f45eb7c8bbc363dc30cf1cf54d2b4fbf54572c7c05f309db76",
                "os": "linux",
                "os_features": "",
                "os_version": null,
                "size": 15544689,
                "status": "active",
                "last_pulled": "2024-01-19T10:01:58.984377Z",
                "last_pushed": "2022-04-21T09:56:19.942416Z"
            }
        ],
        "last_updated": "2022-04-21T09:56:20.358044Z",
        "last_updater": 342683,
        "last_updater_username": "bitnamibot",
        "name": "v0.16.0",
        "repository": 16950841,
        "full_size": 16504873,
        "v2": true,
        "tag_status": "active",
        "tag_last_pulled": "2024-01-20T08:36:07.926757Z",
        "tag_last_pushed": "2022-04-21T09:56:20.358044Z",
        "media_type": "application/vnd.docker.distribution.manifest.list.v2+json",
        "content_type": "image"
    },
    {
        "creator": 342683,
        "id": 204130611,
        "images": [
            {
                "architecture": "amd64",
                "features": "",
                "variant": null,
                "digest": "sha256:4eb6cbba26c4e6520819a64480b8c9b26dc78b17d015c070c48149b79a7ec57b",
                "os": "linux",
                "os_features": "",
                "os_version": null,
                "size": 16655386,
                "status": "active",
                "last_pulled": "2024-01-20T08:58:39.087201Z",
                "last_pushed": "2022-04-21T09:37:12.911076Z"
            },
            {
                "architecture": "arm64",
                "features": "",
                "variant": null,
                "digest": "sha256:38297a50c5f6c6399407d64056bfb94d217911d5b8039850c93aaf42b57bdc89",
                "os": "linux",
                "os_features": "",
                "os_version": null,
                "size": 15493458,
                "status": "active",
                "last_pulled": "2024-01-20T04:53:24.492447Z",
                "last_pushed": "2022-04-21T09:37:12.629838Z"
            },
            {
                "architecture": "arm",
                "features": "",
                "variant": "v7",
                "digest": "sha256:bf881d76f7fc8634fd98355055d7bf1b31b1f26cee5ac697c3e9714519315ad8",
                "os": "linux",
                "os_features": "",
                "os_version": null,
                "size": 15676791,
                "status": "active",
                "last_pulled": "2024-01-20T04:53:24.795166Z",
                "last_pushed": "2022-04-21T09:37:13.15036Z"
            }
        ],
        "last_updated": "2022-04-21T09:37:13.747904Z",
        "last_updater": 342683,
        "last_updater_username": "bitnamibot",
        "name": "v0.17.0",
        "repository": 16950841,
        "full_size": 16655386,
        "v2": true,
        "tag_status": "active",
        "tag_last_pulled": "2024-01-20T08:58:39.087201Z",
        "tag_last_pushed": "2022-04-21T09:37:13.747904Z",
        "media_type": "application/vnd.docker.distribution.manifest.list.v2+json",
        "content_type": "image"
    },
    {
        "creator": 342683,
        "id": 205477729,
        "images": [
            {
                "architecture": "amd64",
                "features": "",
                "variant": null,
                "digest": "sha256:341c37f8f2533eeec1a2663548ffb09149a42d5a89a12bb21175946b105c8523",
                "os": "linux",
                "os_features": "",
                "os_version": null,
                "size": 16655386,
                "status": "active",
                "last_pulled": "2024-01-20T08:58:35.97217Z",
                "last_pushed": "2022-04-28T14:22:29.707843Z"
            },
            {
                "architecture": "arm64",
                "features": "",
                "variant": null,
                "digest": "sha256:aafdfbe23fbc0d56a38a171771111f1204be9d66dfbee54d2672dbaceadc6575",
                "os": "linux",
                "os_features": "",
                "os_version": null,
                "size": 15493444,
                "status": "active",
                "last_pulled": "2024-01-20T04:53:20.217475Z",
                "last_pushed": "2022-04-28T14:22:29.845874Z"
            }
        ],
        "last_updated": "2022-04-28T14:22:30.199624Z",
        "last_updater": 342683,
        "last_updater_username": "bitnamibot",
        "name": "v0.17.1",
        "repository": 16950841,
        "full_size": 16655386,
        "v2": true,
        "tag_status": "active",
        "tag_last_pulled": "2024-01-20T08:58:35.97217Z",
        "tag_last_pushed": "2022-04-28T14:22:30.199624Z",
        "media_type": "application/vnd.docker.distribution.manifest.list.v2+json",
        "content_type": "image"
    },
    {
        "creator": 342683,
        "id": 205476362,
        "images": [
            {
                "architecture": "amd64",
                "features": "",
                "variant": null,
                "digest": "sha256:dbc70478752ec5312e05a818e5e6cffcf8bb4765e3660b273fe31030b549fad2",
                "os": "linux",
                "os_features": "",
                "os_version": null,
                "size": 19236320,
                "status": "active",
                "last_pulled": "2024-01-20T08:58:40.664522Z",
                "last_pushed": "2022-04-28T14:15:55.705944Z"
            },
            {
                "architecture": "arm64",
                "features": "",
                "variant": null,
                "digest": "sha256:aabd5794372cfb77824677f108d15d46dcd4b498224a754cedfc5f8adb30d498",
                "os": "linux",
                "os_features": "",
                "os_version": null,
                "size": 17879727,
                "status": "active",
                "last_pulled": "2024-01-20T04:53:21.43731Z",
                "last_pushed": "2022-04-28T14:15:55.459885Z"
            },
            {
                "architecture": "arm",
                "features": "",
                "variant": "v7",
                "digest": "sha256:ba1161699912086570606c390d40e420b89ac479d6e636e53b707c94b3417bfc",
                "os": "linux",
                "os_features": "",
                "os_version": null,
                "size": 18049626,
                "status": "active",
                "last_pulled": "2024-01-20T04:53:21.719945Z",
                "last_pushed": "2022-04-28T14:15:55.946079Z"
            }
        ],
        "last_updated": "2022-04-28T14:15:56.514083Z",
        "last_updater": 342683,
        "last_updater_username": "bitnamibot",
        "name": "v0.17.2",
        "repository": 16950841,
        "full_size": 19236320,
        "v2": true,
        "tag_status": "active",
        "tag_last_pulled": "2024-01-20T08:58:40.664522Z",
        "tag_last_pushed": "2022-04-28T14:15:56.514083Z",
        "media_type": "application/vnd.docker.distribution.manifest.list.v2+json",
        "content_type": "image"
    },
    {
        "creator": 342683,
        "id": 204130964,
        "images": [
            {
                "architecture": "amd64",
                "features": "",
                "variant": null,
                "digest": "sha256:ff9aa622dcc000c647ff606ffb0a99f349d8e4492d3d508db32563eeb060b375",
                "os": "linux",
                "os_features": "",
                "os_version": null,
                "size": 19232929,
                "status": "active",
                "last_pulled": "2024-01-20T08:44:15.421276Z",
                "last_pushed": "2022-04-21T11:57:48.317267Z"
            },
            {
                "architecture": "arm64",
                "features": "",
                "variant": null,
                "digest": "sha256:651cc092d88020281279c20caf780503994e8b5697e3aaf8ffd954d05100c8b6",
                "os": "linux",
                "os_features": "",
                "os_version": null,
                "size": 17892017,
                "status": "active",
                "last_pulled": "2024-01-20T04:53:22.91778Z",
                "last_pushed": "2022-04-21T11:57:48.053165Z"
            },
            {
                "architecture": "arm",
                "features": "",
                "variant": "v7",
                "digest": "sha256:e4992d4f21b0611afbd917e1ccbc2695160a85742075e239a43f6cbd4994547d",
                "os": "linux",
                "os_features": "",
                "os_version": null,
                "size": 18049777,
                "status": "active",
                "last_pulled": "2024-01-20T04:53:23.2013Z",
                "last_pushed": "2022-04-21T11:57:48.623213Z"
            }
        ],
        "last_updated": "2022-04-21T11:57:49.024621Z",
        "last_updater": 342683,
        "last_updater_username": "bitnamibot",
        "name": "v0.17.3",
        "repository": 16950841,
        "full_size": 19232929,
        "v2": true,
        "tag_status": "active",
        "tag_last_pulled": "2024-01-20T08:44:15.421276Z",
        "tag_last_pushed": "2022-04-21T11:57:49.024621Z",
        "media_type": "application/vnd.docker.distribution.manifest.list.v2+json",
        "content_type": "image"
    },
    {
        "creator": 342683,
        "id": 204128272,
        "images": [
            {
                "architecture": "amd64",
                "features": "",
                "variant": null,
                "digest": "sha256:c9c99c54f7147fac7045fbab13bc209083dd7d6e066d335004d8b30ee9d3d0a6",
                "os": "linux",
                "os_features": "",
                "os_version": null,
                "size": 19959234,
                "status": "active",
                "last_pulled": "2024-01-20T08:36:08.010949Z",
                "last_pushed": "2022-04-21T09:25:52.740993Z"
            },
            {
                "architecture": "arm64",
                "features": "",
                "variant": null,
                "digest": "sha256:5ee2a8c24adb3a727b0e912e915ea9e74b76b03873320d586e7b325794002655",
                "os": "linux",
                "os_features": "",
                "os_version": null,
                "size": 18555547,
                "status": "active",
                "last_pulled": "2024-01-20T04:53:25.960491Z",
                "last_pushed": "2022-04-21T09:25:52.995547Z"
            },
            {
                "architecture": "arm",
                "features": "",
                "variant": "v7",
                "digest": "sha256:b87e41a294fdbc9f42e848bed8cb50e9fd1fe14974fa3ccbeb72f0fbde5cdb7a",
                "os": "linux",
                "os_features": "",
                "os_version": null,
                "size": 18739519,
                "status": "active",
                "last_pulled": "2024-01-20T04:53:26.241152Z",
                "last_pushed": "2022-04-21T09:25:53.30583Z"
            }
        ],
        "last_updated": "2022-04-21T09:25:53.847054Z",
        "last_updater": 342683,
        "last_updater_username": "bitnamibot",
        "name": "v0.17.4",
        "repository": 16950841,
        "full_size": 19959234,
        "v2": true,
        "tag_status": "active",
        "tag_last_pulled": "2024-01-20T08:36:08.010949Z",
        "tag_last_pushed": "2022-04-21T09:25:53.847054Z",
        "media_type": "application/vnd.docker.distribution.manifest.list.v2+json",
        "content_type": "image"
    },
    {
        "creator": 342683,
        "id": 203964697,
        "images": [
            {
                "architecture": "amd64",
                "features": "",
                "variant": null,
                "digest": "sha256:ba6e4a30893cafd8a8e909049f7d2b92e2267ffe48b880232bd9020adf448e48",
                "os": "linux",
                "os_features": "",
                "os_version": null,
                "size": 19959153,
                "status": "active",
                "last_pulled": "2024-01-20T08:54:26.291401Z",
                "last_pushed": "2022-04-20T15:46:02.884534Z"
            },
            {
                "architecture": "arm64",
                "features": "",
                "variant": null,
                "digest": "sha256:f063857ff1d8ae501fcaddc13c8096e13a910f56de091938e727e560afb5562a",
                "os": "linux",
                "os_features": "",
                "os_version": null,
                "size": 18555561,
                "status": "active",
                "last_pulled": "2024-01-20T04:36:29.647927Z",
                "last_pushed": "2022-04-20T15:46:02.728877Z"
            },
            {
                "architecture": "arm",
                "features": "",
                "variant": "v7",
                "digest": "sha256:583c35c633e7e94875b663b2d37e7ab527311f36dc1d0fc88d8ad71072fb6285",
                "os": "linux",
                "os_features": "",
                "os_version": null,
                "size": 18739490,
                "status": "active",
                "last_pulled": "2024-01-20T02:02:17.286634Z",
                "last_pushed": "2022-04-20T15:46:03.058539Z"
            }
        ],
        "last_updated": "2022-04-20T15:46:04.037253Z",
        "last_updater": 342683,
        "last_updater_username": "bitnamibot",
        "name": "v0.17.5",
        "repository": 16950841,
        "full_size": 19959153,
        "v2": true,
        "tag_status": "active",
        "tag_last_pulled": "2024-01-20T08:54:26.291401Z",
        "tag_last_pushed": "2022-04-20T15:46:04.037253Z",
        "media_type": "application/vnd.docker.distribution.manifest.list.v2+json",
        "content_type": "image"
    },
    {
        "creator": 342683,
        "id": 226146501,
        "images": [
            {
                "architecture": "amd64",
                "features": "",
                "variant": null,
                "digest": "sha256:106b00288448edce2a46667c5a94a855728607db58357770133f7b1db8ced7f2",
                "os": "linux",
                "os_features": "",
                "os_version": null,
                "size": 20714813,
                "status": "active",
                "last_pulled": "2024-01-20T09:13:53.053843Z",
                "last_pushed": "2022-06-02T16:07:33.648335Z"
            },
            {
                "architecture": "arm64",
                "features": "",
                "variant": null,
                "digest": "sha256:918a8b090d9344cd74b16f71f6ce89ccda8ae7efd40d708b61d7e697e4ef4fe5",
                "os": "linux",
                "os_features": "",
                "os_version": null,
                "size": 19415719,
                "status": "active",
                "last_pulled": "2024-01-19T10:03:03.582889Z",
                "last_pushed": "2022-06-02T16:07:33.420442Z"
            },
            {
                "architecture": "arm",
                "features": "",
                "variant": "v7",
                "digest": "sha256:406c07d12ac334f9a04bed101436a71642dd110c51be6f6f7f2fb27fbc8c3f33",
                "os": "linux",
                "os_features": "",
                "os_version": null,
                "size": 19678372,
                "status": "active",
                "last_pulled": "2024-01-19T10:03:34.573536Z",
                "last_pushed": "2022-06-02T16:07:33.861618Z"
            }
        ],
        "last_updated": "2022-06-02T16:07:34.288348Z",
        "last_updater": 342683,
        "last_updater_username": "bitnamibot",
        "name": "v0.18.0",
        "repository": 16950841,
        "full_size": 20714813,
        "v2": true,
        "tag_status": "active",
        "tag_last_pulled": "2024-01-20T09:13:53.053843Z",
        "tag_last_pushed": "2022-06-02T16:07:34.288348Z",
        "media_type": "application/vnd.docker.distribution.manifest.list.v2+json",
        "content_type": "image"
    },
    {
        "creator": 342683,
        "id": 253472886,
        "images": [
            {
                "architecture": "amd64",
                "features": "",
                "variant": null,
                "digest": "sha256:2a97e0281dd88f8e86642910c3f2be623e782d0a741c7cb421651ba8bc70fccf",
                "os": "linux",
                "os_features": "",
                "os_version": null,
                "size": 20715297,
                "status": "active",
                "last_pulled": "2024-01-20T08:49:46.292958Z",
                "last_pushed": "2022-07-14T12:40:09.321446Z"
            },
            {
                "architecture": "arm64",
                "features": "",
                "variant": null,
                "digest": "sha256:1483718f67a14761c869e16b548e9c96ea4d6a6cf6d3fe21757534ebd77d818c",
                "os": "linux",
                "os_features": "",
                "os_version": null,
                "size": 19415379,
                "status": "active",
                "last_pulled": "2024-01-19T19:40:56.882431Z",
                "last_pushed": "2022-07-14T12:40:09.092181Z"
            },
            {
                "architecture": "arm",
                "features": "",
                "variant": "v7",
                "digest": "sha256:a438db0c59f0660ac41718e4ad9ed7a9de8250646213c78d1807727565bcd2ac",
                "os": "linux",
                "os_features": "",
                "os_version": null,
                "size": 19679254,
                "status": "active",
                "last_pulled": "2024-01-19T10:05:39.341248Z",
                "last_pushed": "2022-07-14T12:40:09.538006Z"
            }
        ],
        "last_updated": "2022-07-14T12:40:10.033469Z",
        "last_updater": 342683,
        "last_updater_username": "bitnamibot",
        "name": "v0.18.1",
        "repository": 16950841,
        "full_size": 20715297,
        "v2": true,
        "tag_status": "active",
        "tag_last_pulled": "2024-01-20T08:49:46.292958Z",
        "tag_last_pushed": "2022-07-14T12:40:10.033469Z",
        "media_type": "application/vnd.docker.distribution.manifest.list.v2+json",
        "content_type": "image"
    },
    {
        "creator": 342683,
        "id": 278606998,
        "images": [
            {
                "architecture": "amd64",
                "features": "",
                "variant": null,
                "digest": "sha256:b874c16340e5ac5844bd393b4597652cfb4bc1c48dd373afd137ce4e5dbb7d8b",
                "os": "linux",
                "os_features": "",
                "os_version": null,
                "size": 21419238,
                "status": "active",
                "last_pulled": "2024-01-20T09:01:54.691666Z",
                "last_pushed": "2022-08-25T17:15:22.40326Z"
            },
            {
                "architecture": "arm64",
                "features": "",
                "variant": null,
                "digest": "sha256:88d258c89c174c5218d841abfdb269e67d6078d86ea3779b397b727747b34113",
                "os": "linux",
                "os_features": "",
                "os_version": null,
                "size": 20077895,
                "status": "active",
                "last_pulled": "2024-01-19T10:06:27.277811Z",
                "last_pushed": "2022-08-25T17:15:22.223425Z"
            },
            {
                "architecture": "arm",
                "features": "",
                "variant": "v7",
                "digest": "sha256:9e9e6781dcb8ef042477a68fff2f2d0ae284cdcda4825fa2c5d76bd9e55d7a00",
                "os": "linux",
                "os_features": "",
                "os_version": null,
                "size": 20380854,
                "status": "active",
                "last_pulled": "2024-01-19T10:06:58.254772Z",
                "last_pushed": "2022-08-25T17:15:22.005859Z"
            }
        ],
        "last_updated": "2022-08-25T17:15:22.923813Z",
        "last_updater": 342683,
        "last_updater_username": "bitnamibot",
        "name": "v0.18.2",
        "repository": 16950841,
        "full_size": 21419238,
        "v2": true,
        "tag_status": "active",
        "tag_last_pulled": "2024-01-20T09:01:54.691666Z",
        "tag_last_pushed": "2022-08-25T17:15:22.923813Z",
        "media_type": "application/vnd.docker.distribution.manifest.list.v2+json",
        "content_type": "image",
        "digest": "sha256:3a014bc8383368b34ad80905c0f8a13de49950acbb7a30469d15c42af201c291"
    },
    {
        "creator": 342683,
        "id": 295633447,
        "images": [
            {
                "architecture": "amd64",
                "features": "",
                "variant": null,
                "digest": "sha256:b9d2f3776f598b351fd9a7145bc27bb4f6ca7ddd58d7147b4a8b73bf3a6b2220",
                "os": "linux",
                "os_features": "",
                "os_version": null,
                "size": 21536588,
                "status": "active",
                "last_pulled": "2024-01-20T09:05:26.752507Z",
                "last_pushed": "2022-09-22T14:04:35.54733Z"
            },
            {
                "architecture": "arm64",
                "features": "",
                "variant": null,
                "digest": "sha256:00ed613a0398c63d74b69ed8e25dd2a74a29881ec10cb4465654974921b24c1c",
                "os": "linux",
                "os_features": "",
                "os_version": null,
                "size": 20174228,
                "status": "active",
                "last_pulled": "2024-01-19T10:07:15.916501Z",
                "last_pushed": "2022-09-22T14:04:35.334455Z"
            },
            {
                "architecture": "arm",
                "features": "",
                "variant": "v7",
                "digest": "sha256:6ef0eb1febf3c27aad47e346becb62c8bb2204bc67944e6ba114b252d9514381",
                "os": "linux",
                "os_features": "",
                "os_version": null,
                "size": 20483216,
                "status": "active",
                "last_pulled": "2024-01-19T10:07:31.607123Z",
                "last_pushed": "2022-09-22T14:04:35.752879Z"
            }
        ],
        "last_updated": "2022-09-22T14:04:36.377542Z",
        "last_updater": 342683,
        "last_updater_username": "bitnamibot",
        "name": "v0.18.4",
        "repository": 16950841,
        "full_size": 21536588,
        "v2": true,
        "tag_status": "active",
        "tag_last_pulled": "2024-01-20T09:06:25.389057Z",
        "tag_last_pushed": "2022-09-22T14:04:36.377542Z",
        "media_type": "application/vnd.docker.distribution.manifest.list.v2+json",
        "content_type": "image",
        "digest": "sha256:30bdd27ff1f290f9183aa283b1070f704e704c8ab32546728583bc898882ff6e"
    },
    {
        "creator": 342683,
        "id": 296341051,
        "images": [
            {
                "architecture": "amd64",
                "features": "",
                "variant": null,
                "digest": "sha256:e48401417d245cb70e9ede7987b6b07469a2859903bf40da50e4f9235051ce3d",
                "os": "linux",
                "os_features": "",
                "os_version": null,
                "size": 21536598,
                "status": "active",
                "last_pulled": "2024-01-20T08:44:13.131302Z",
                "last_pushed": "2022-09-23T13:34:40.044368Z"
            },
            {
                "architecture": "arm64",
                "features": "",
                "variant": null,
                "digest": "sha256:cc78acf1f83906baf0436636c054176aebc497280001fade36ddf0b503afadbb",
                "os": "linux",
                "os_features": "",
                "os_version": null,
                "size": 20174403,
                "status": "active",
                "last_pulled": "2024-01-19T20:29:28.04094Z",
                "last_pushed": "2022-09-23T13:34:39.753541Z"
            },
            {
                "architecture": "arm",
                "features": "",
                "variant": "v7",
                "digest": "sha256:bed6279fe8a3d3aff4e51da443147c8a52bec624619422fd723922acf8e86753",
                "os": "linux",
                "os_features": "",
                "os_version": null,
                "size": 20483174,
                "status": "active",
                "last_pulled": "2024-01-19T20:29:28.30736Z",
                "last_pushed": "2022-09-23T13:34:40.338351Z"
            }
        ],
        "last_updated": "2022-09-23T13:34:40.874056Z",
        "last_updater": 342683,
        "last_updater_username": "bitnamibot",
        "name": "v0.18.5",
        "repository": 16950841,
        "full_size": 21536598,
        "v2": true,
        "tag_status": "active",
        "tag_last_pulled": "2024-01-20T08:45:55.21169Z",
        "tag_last_pushed": "2022-09-23T13:34:40.874056Z",
        "media_type": "application/vnd.docker.distribution.manifest.list.v2+json",
        "content_type": "image",
        "digest": "sha256:0516f987fae212c757e8c53dac6ff28e50ad6d1d03c7ff1414344e2e5102c064"
    },
    {
        "creator": 342683,
        "id": 310687625,
        "images": [
            {
                "architecture": "amd64",
                "features": "",
                "variant": null,
                "digest": "sha256:54b5a9a8b777a6371b2f6e3e52bce6f8b606f2b8f8b4ca553dd140fedc81f8f2",
                "os": "linux",
                "os_features": "",
                "os_version": null,
                "size": 22515244,
                "status": "active",
                "last_pulled": "2024-01-20T09:29:34.412153Z",
                "last_pushed": "2022-10-17T07:41:16.446637Z"
            },
            {
                "architecture": "arm64",
                "features": "",
                "variant": null,
                "digest": "sha256:1442a6f0531ad9aa95fdf7dafa9f051ee793dac80cf3102d0765ae2e30ae1968",
                "os": "linux",
                "os_features": "",
                "os_version": null,
                "size": 21151574,
                "status": "active",
                "last_pulled": "2024-01-20T02:16:07.441272Z",
                "last_pushed": "2022-10-17T07:41:16.314506Z"
            },
            {
                "architecture": "arm",
                "features": "",
                "variant": "v7",
                "digest": "sha256:d2057342286b8f39505358496d64b9f9cb5606ff41063bbabf3050bf6c359a40",
                "os": "linux",
                "os_features": "",
                "os_version": null,
                "size": 21447323,
                "status": "active",
                "last_pulled": "2024-01-20T02:16:07.92494Z",
                "last_pushed": "2022-10-17T07:41:16.58551Z"
            }
        ],
        "last_updated": "2022-10-17T07:41:16.987083Z",
        "last_updater": 342683,
        "last_updater_username": "bitnamibot",
        "name": "v0.19.1",
        "repository": 16950841,
        "full_size": 22515244,
        "v2": true,
        "tag_status": "active",
        "tag_last_pulled": "2024-01-20T09:29:34.412153Z",
        "tag_last_pushed": "2022-10-17T07:41:16.987083Z",
        "media_type": "application/vnd.docker.distribution.manifest.list.v2+json",
        "content_type": "image",
        "digest": "sha256:c2d26074505332690c0bf66f58ead62bab5b5993097dc0b5ea88773539df5b0e"
    },
    {
        "creator": 342683,
        "id": 332671530,
        "images": [
            {
                "architecture": "amd64",
                "features": "",
                "variant": null,
                "digest": "sha256:84f2493399c0640914c25c31eff008242f6b23fb0f13125dc3a2b2e58e5935c4",
                "os": "linux",
                "os_features": "",
                "os_version": null,
                "size": 22561361,
                "status": "active",
                "last_pulled": "2024-01-20T08:36:43.521253Z",
                "last_pushed": "2022-11-18T15:02:20.706783Z"
            },
            {
                "architecture": "arm64",
                "features": "",
                "variant": null,
                "digest": "sha256:84898700eb99984db66f1e795b473f09ece5004304644468e1ca29ba92d281f7",
                "os": "linux",
                "os_features": "",
                "os_version": null,
                "size": 21204510,
                "status": "active",
                "last_pulled": "2024-01-20T08:09:23.643947Z",
                "last_pushed": "2022-11-18T15:02:20.489674Z"
            },
            {
                "architecture": "arm",
                "features": "",
                "variant": "v7",
                "digest": "sha256:a4eb1221229ffefad95b8e270374a73dc9ff7f57c464a67cc2cbd6909856b4bf",
                "os": "linux",
                "os_features": "",
                "os_version": null,
                "size": 21474777,
                "status": "active",
                "last_pulled": "2024-01-19T10:11:43.634965Z",
                "last_pushed": "2022-11-18T15:02:20.926624Z"
            }
        ],
        "last_updated": "2022-11-18T15:02:21.379452Z",
        "last_updater": 342683,
        "last_updater_username": "bitnamibot",
        "name": "v0.19.2",
        "repository": 16950841,
        "full_size": 22561361,
        "v2": true,
        "tag_status": "active",
        "tag_last_pulled": "2024-01-20T09:32:49.168024Z",
        "tag_last_pushed": "2022-11-18T15:02:21.379452Z",
        "media_type": "application/vnd.docker.distribution.manifest.list.v2+json",
        "content_type": "image",
        "digest": "sha256:ca3dcdf8b7d570951b568ebea6c8edf1c4852d987239789d77f7a16b73c92c36"
    },
    {
        "creator": 342683,
        "id": 349701651,
        "images": [
            {
                "architecture": "amd64",
                "features": "",
                "variant": null,
                "digest": "sha256:a0ddf1920061d6ba8b3e47ac9bbf1cc04f5bfe59ff81fa5d7ce562e2e9b165b4",
                "os": "linux",
                "os_features": "",
                "os_version": null,
                "size": 24131447,
                "status": "active",
                "last_pulled": "2024-01-20T09:07:36.329505Z",
                "last_pushed": "2022-12-15T12:00:37.573749Z"
            },
            {
                "architecture": "arm64",
                "features": "",
                "variant": null,
                "digest": "sha256:aeea5913f82abc9ad5588fa2e78160680e6c37f7802520ff7d8bfcca3f8bd20c",
                "os": "linux",
                "os_features": "",
                "os_version": null,
                "size": 22520225,
                "status": "active",
                "last_pulled": "2024-01-20T02:13:57.410949Z",
                "last_pushed": "2022-12-15T12:00:37.305548Z"
            },
            {
                "architecture": "arm",
                "features": "",
                "variant": "v7",
                "digest": "sha256:a84252282588a6e0a2efe5e05908640d4569c9c64258255c86f36e6c2d829b32",
                "os": "linux",
                "os_features": "",
                "os_version": null,
                "size": 22872719,
                "status": "active",
                "last_pulled": "2024-01-19T10:12:47.353576Z",
                "last_pushed": "2022-12-15T12:00:37.914647Z"
            }
        ],
        "last_updated": "2022-12-15T12:00:38.444425Z",
        "last_updater": 342683,
        "last_updater_username": "bitnamibot",
        "name": "v0.19.3",
        "repository": 16950841,
        "full_size": 24131447,
        "v2": true,
        "tag_status": "active",
        "tag_last_pulled": "2024-01-20T09:07:36.329505Z",
        "tag_last_pushed": "2022-12-15T12:00:38.444425Z",
        "media_type": "application/vnd.docker.distribution.manifest.list.v2+json",
        "content_type": "image",
        "digest": "sha256:dfdee07c6005029a452d9599f85c48953fdd868c8cd963593da1695828994910"
    },
    {
        "creator": 342683,
        "id": 204182603,
        "images": [
            {
                "architecture": "amd64",
                "features": "",
                "variant": null,
                "digest": "sha256:46af35208861d2afbb59b9786eac1df75534dea7980959f7e9322f413aa3d272",
                "os": "linux",
                "os_features": "",
                "os_version": null,
                "size": 14262167,
                "status": "active",
                "last_pulled": "2024-01-20T09:07:45.920235Z",
                "last_pushed": "2022-04-21T14:00:37.141045Z"
            },
            {
                "architecture": "arm64",
                "features": "",
                "variant": null,
                "digest": "sha256:c7577bc8463867d643723b8308942a1f62c191b9a6f8c9b9c1199cee9ebab5b3",
                "os": "linux",
                "os_features": "",
                "os_version": null,
                "size": 13269664,
                "status": "active",
                "last_pulled": "2024-01-18T10:26:36.446688Z",
                "last_pushed": "2022-04-21T14:00:36.967165Z"
            },
            {
                "architecture": "arm",
                "features": "",
                "variant": "v7",
                "digest": "sha256:8d5315319d0f36061ac2372b68ddf02e5892137ae98e57baea5c0705556a35ce",
                "os": "linux",
                "os_features": "",
                "os_version": null,
                "size": 13483562,
                "status": "active",
                "last_pulled": "2024-01-18T10:26:52.510936Z",
                "last_pushed": "2022-04-21T14:00:37.283824Z"
            }
        ],
        "last_updated": "2022-04-21T14:00:37.706095Z",
        "last_updater": 342683,
        "last_updater_username": "bitnamibot",
        "name": "v0.9.0",
        "repository": 16950841,
        "full_size": 14262167,
        "v2": true,
        "tag_status": "active",
        "tag_last_pulled": "2024-01-20T09:07:45.920235Z",
        "tag_last_pushed": "2022-04-21T14:00:37.706095Z",
        "media_type": "application/vnd.docker.distribution.manifest.list.v2+json",
        "content_type": "image"
    },
    {
        "creator": 342683,
        "id": 204182417,
        "images": [
            {
                "architecture": "amd64",
                "features": "",
                "variant": null,
                "digest": "sha256:357358d637355a7bdf3f88e3059d35c3d4c1b9b1976a377d35bca083849bdfa8",
                "os": "linux",
                "os_features": "",
                "os_version": null,
                "size": 14272676,
                "status": "active",
                "last_pulled": "2024-01-20T08:36:07.935371Z",
                "last_pushed": "2022-04-21T13:59:49.970254Z"
            },
            {
                "architecture": "arm64",
                "features": "",
                "variant": null,
                "digest": "sha256:565da2dd22845b085b48cb22a85633986205d1e6484d5542ec3b733a55652a0f",
                "os": "linux",
                "os_features": "",
                "os_version": null,
                "size": 13270360,
                "status": "active",
                "last_pulled": "2024-01-18T10:27:25.423728Z",
                "last_pushed": "2022-04-21T13:59:49.826606Z"
            },
            {
                "architecture": "arm",
                "features": "",
                "variant": "v7",
                "digest": "sha256:dcbc384a2878bd4162da701f26fb255b70aea497310f6e2e7fb6742cd21f0397",
                "os": "linux",
                "os_features": "",
                "os_version": null,
                "size": 13489162,
                "status": "active",
                "last_pulled": "2024-01-18T10:27:26.609236Z",
                "last_pushed": "2022-04-21T13:59:50.127499Z"
            }
        ],
        "last_updated": "2022-04-21T13:59:50.555618Z",
        "last_updater": 342683,
        "last_updater_username": "bitnamibot",
        "name": "v0.9.1",
        "repository": 16950841,
        "full_size": 14272676,
        "v2": true,
        "tag_status": "active",
        "tag_last_pulled": "2024-01-20T08:36:07.935371Z",
        "tag_last_pushed": "2022-04-21T13:59:50.555618Z",
        "media_type": "application/vnd.docker.distribution.manifest.list.v2+json",
        "content_type": "image"
    },
    {
        "creator": 342683,
        "id": 204182572,
        "images": [
            {
                "architecture": "amd64",
                "features": "",
                "variant": null,
                "digest": "sha256:b2428ee3b141e4256b5b1c99640622083223ac9262cd6766defc66273220cfe2",
                "os": "linux",
                "os_features": "",
                "os_version": null,
                "size": 14428653,
                "status": "active",
                "last_pulled": "2024-01-20T08:44:17.148832Z",
                "last_pushed": "2022-04-21T14:00:24.650066Z"
            },
            {
                "architecture": "arm64",
                "features": "",
                "variant": null,
                "digest": "sha256:16f9b714d6744a04e5097a6a0aa660f8ce9d49d306625db4016f622b0bfe36ee",
                "os": "linux",
                "os_features": "",
                "os_version": null,
                "size": 13422420,
                "status": "active",
                "last_pulled": "2024-01-18T10:28:15.316514Z",
                "last_pushed": "2022-04-21T14:00:24.494346Z"
            },
            {
                "architecture": "arm",
                "features": "",
                "variant": "v7",
                "digest": "sha256:3c936ba0cfe85d2801d5286d6221e1b6e33cc415bf8334f28ba9130cbdf2d6e8",
                "os": "linux",
                "os_features": "",
                "os_version": null,
                "size": 13649961,
                "status": "active",
                "last_pulled": "2024-01-18T10:28:31.189268Z",
                "last_pushed": "2022-04-21T14:00:24.782653Z"
            }
        ],
        "last_updated": "2022-04-21T14:00:25.208339Z",
        "last_updater": 342683,
        "last_updater_username": "bitnamibot",
        "name": "v0.9.2",
        "repository": 16950841,
        "full_size": 14428653,
        "v2": true,
        "tag_status": "active",
        "tag_last_pulled": "2024-01-20T08:44:17.148832Z",
        "tag_last_pushed": "2022-04-21T14:00:25.208339Z",
        "media_type": "application/vnd.docker.distribution.manifest.list.v2+json",
        "content_type": "image"
    },
    {
        "creator": 342683,
        "id": 204182126,
        "images": [
            {
                "architecture": "amd64",
                "features": "",
                "variant": null,
                "digest": "sha256:d14bf7305b579e80ed9fc0425baeb7ad543767889c5203cc0ec5ca07d938420d",
                "os": "linux",
                "os_features": "",
                "os_version": null,
                "size": 14281750,
                "status": "active",
                "last_pulled": "2024-01-20T09:07:47.216586Z",
                "last_pushed": "2022-04-21T13:58:35.507231Z"
            },
            {
                "architecture": "arm64",
                "features": "",
                "variant": null,
                "digest": "sha256:34f4c0f6ebdb42239b404b3aad5ab0b39de686588eae4c9aac3c8447e6799b0d",
                "os": "linux",
                "os_features": "",
                "os_version": null,
                "size": 13275713,
                "status": "active",
                "last_pulled": "2024-01-18T10:29:19.098257Z",
                "last_pushed": "2022-04-21T13:58:35.404295Z"
            },
            {
                "architecture": "arm",
                "features": "",
                "variant": "v7",
                "digest": "sha256:647617600871456db97ffe674b6462dd62bb9387eeeb8ee48cc3c04c1367d957",
                "os": "linux",
                "os_features": "",
                "os_version": null,
                "size": 13504270,
                "status": "active",
                "last_pulled": "2024-01-18T10:29:50.008003Z",
                "last_pushed": "2022-04-21T13:58:35.637298Z"
            }
        ],
        "last_updated": "2022-04-21T13:58:36.107837Z",
        "last_updater": 342683,
        "last_updater_username": "bitnamibot",
        "name": "v0.9.3",
        "repository": 16950841,
        "full_size": 14281750,
        "v2": true,
        "tag_status": "active",
        "tag_last_pulled": "2024-01-20T09:07:47.216586Z",
        "tag_last_pushed": "2022-04-21T13:58:36.107837Z",
        "media_type": "application/vnd.docker.distribution.manifest.list.v2+json",
        "content_type": "image"
    },
    {
        "creator": 342683,
        "id": 204182363,
        "images": [
            {
                "architecture": "amd64",
                "features": "",
                "variant": null,
                "digest": "sha256:e1adba8dc07cd45db7d46a5087f373045a1f6071962c86a637f5e2f9aadffc0c",
                "os": "linux",
                "os_features": "",
                "os_version": null,
                "size": 14430394,
                "status": "active",
                "last_pulled": "2024-01-20T08:36:07.905605Z",
                "last_pushed": "2022-04-21T13:59:33.129194Z"
            },
            {
                "architecture": "arm64",
                "features": "",
                "variant": null,
                "digest": "sha256:d342d74e1785e57c95fdd732f4ffc781091a0cf58ac6cb29025dd3bd4efc8ee5",
                "os": "linux",
                "os_features": "",
                "os_version": null,
                "size": 13424372,
                "status": "active",
                "last_pulled": "2024-01-18T10:30:52.974366Z",
                "last_pushed": "2022-04-21T13:59:32.913601Z"
            },
            {
                "architecture": "arm",
                "features": "",
                "variant": "v7",
                "digest": "sha256:8114837bfc521253a4ac74f673c3be658d1289f4c6f39e11d1b62a47fb5d5f10",
                "os": "linux",
                "os_features": "",
                "os_version": null,
                "size": 13652930,
                "status": "active",
                "last_pulled": "2024-01-18T10:30:53.882157Z",
                "last_pushed": "2022-04-21T13:59:33.377009Z"
            }
        ],
        "last_updated": "2022-04-21T13:59:33.863434Z",
        "last_updater": 342683,
        "last_updater_username": "bitnamibot",
        "name": "v0.9.4",
        "repository": 16950841,
        "full_size": 14430394,
        "v2": true,
        "tag_status": "active",
        "tag_last_pulled": "2024-01-20T08:36:07.905605Z",
        "tag_last_pushed": "2022-04-21T13:59:33.863434Z",
        "media_type": "application/vnd.docker.distribution.manifest.list.v2+json",
        "content_type": "image"
    },
    {
        "creator": 342683,
        "id": 204181346,
        "images": [
            {
                "architecture": "amd64",
                "features": "",
                "variant": null,
                "digest": "sha256:a2bbed0f92afd051f10c2cd1f6ad88be299197205471daf7232f40e9dda0ab1a",
                "os": "linux",
                "os_features": "",
                "os_version": null,
                "size": 14281738,
                "status": "active",
                "last_pulled": "2024-01-20T08:36:07.940249Z",
                "last_pushed": "2022-04-21T13:55:21.213325Z"
            },
            {
                "architecture": "arm64",
                "features": "",
                "variant": null,
                "digest": "sha256:16cf897ca98066d2de52e79dc701e2caf29878fe036c6da6395da7911e76907c",
                "os": "linux",
                "os_features": "",
                "os_version": null,
                "size": 13275709,
                "status": "active",
                "last_pulled": "2024-01-18T10:31:42.182869Z",
                "last_pushed": "2022-04-21T13:55:20.963444Z"
            },
            {
                "architecture": "arm",
                "features": "",
                "variant": "v7",
                "digest": "sha256:267024bc60737e4669bd04ddbc57c9c5a60bafffecd1c53aa2305ee4b1f5f031",
                "os": "linux",
                "os_features": "",
                "os_version": null,
                "size": 13504267,
                "status": "active",
                "last_pulled": "2024-01-18T10:31:58.354024Z",
                "last_pushed": "2022-04-21T13:55:21.354845Z"
            }
        ],
        "last_updated": "2022-04-21T13:55:21.783578Z",
        "last_updater": 342683,
        "last_updater_username": "bitnamibot",
        "name": "v0.9.5",
        "repository": 16950841,
        "full_size": 14281738,
        "v2": true,
        "tag_status": "active",
        "tag_last_pulled": "2024-01-20T08:36:07.940249Z",
        "tag_last_pushed": "2022-04-21T13:55:21.783578Z",
        "media_type": "application/vnd.docker.distribution.manifest.list.v2+json",
        "content_type": "image"
    },
    {
        "creator": 342683,
        "id": 204181800,
        "images": [
            {
                "architecture": "amd64",
                "features": "",
                "variant": null,
                "digest": "sha256:caf098c46c252d5099f84fe1922e5f059696e993199b0608d5e0c40f110c0428",
                "os": "linux",
                "os_features": "",
                "os_version": null,
                "size": 14430673,
                "status": "active",
                "last_pulled": "2024-01-20T08:36:07.966169Z",
                "last_pushed": "2022-04-21T13:57:24.022054Z"
            },
            {
                "architecture": "arm64",
                "features": "",
                "variant": null,
                "digest": "sha256:d242d3a6bd9330a421384f47de0928b8e9d3e5a6769207b975ef3593d1c9d0ba",
                "os": "linux",
                "os_features": "",
                "os_version": null,
                "size": 13424635,
                "status": "active",
                "last_pulled": "2024-01-18T10:33:31.916953Z",
                "last_pushed": "2022-04-21T13:57:23.851698Z"
            },
            {
                "architecture": "arm",
                "features": "",
                "variant": "v7",
                "digest": "sha256:67b51fca5b6c3deffbd2d8419fd6e8533431453d13e1d1cd7b129206e9df932a",
                "os": "linux",
                "os_features": "",
                "os_version": null,
                "size": 13653114,
                "status": "active",
                "last_pulled": "2024-01-18T10:34:18.358498Z",
                "last_pushed": "2022-04-21T13:57:24.149124Z"
            }
        ],
        "last_updated": "2022-04-21T13:57:24.579952Z",
        "last_updater": 342683,
        "last_updater_username": "bitnamibot",
        "name": "v0.9.6",
        "repository": 16950841,
        "full_size": 14430673,
        "v2": true,
        "tag_status": "active",
        "tag_last_pulled": "2024-01-20T08:36:07.966169Z",
        "tag_last_pushed": "2022-04-21T13:57:24.579952Z",
        "media_type": "application/vnd.docker.distribution.manifest.list.v2+json",
        "content_type": "image"
    },
    {
        "creator": 342683,
        "id": 204181174,
        "images": [
            {
                "architecture": "amd64",
                "features": "",
                "variant": null,
                "digest": "sha256:91d633ad200b47677fe77e7fdb2aac11d0a30778b3357483d11713b723f461a7",
                "os": "linux",
                "os_features": "",
                "os_version": null,
                "size": 14281396,
                "status": "active",
                "last_pulled": "2024-01-20T08:36:07.940268Z",
                "last_pushed": "2022-04-21T13:54:31.874844Z"
            },
            {
                "architecture": "arm64",
                "features": "",
                "variant": null,
                "digest": "sha256:56a2c968cf9a4aa7728cfefed9ecc824ff41a1cee387c399b7bc074a596d6d2d",
                "os": "linux",
                "os_features": "",
                "os_version": null,
                "size": 13282339,
                "status": "active",
                "last_pulled": "2024-01-18T10:35:06.767013Z",
                "last_pushed": "2022-04-21T13:54:31.621511Z"
            },
            {
                "architecture": "arm",
                "features": "",
                "variant": "v7",
                "digest": "sha256:086eb38c808d93fe3a53bdeaa4420685749a6ab9022833cc3f32ddc8c0642de4",
                "os": "linux",
                "os_features": "",
                "os_version": null,
                "size": 13506202,
                "status": "active",
                "last_pulled": "2024-01-18T10:35:38.053126Z",
                "last_pushed": "2022-04-21T13:54:32.091048Z"
            }
        ],
        "last_updated": "2022-04-21T13:54:32.604892Z",
        "last_updater": 342683,
        "last_updater_username": "bitnamibot",
        "name": "v0.9.7",
        "repository": 16950841,
        "full_size": 14281396,
        "v2": true,
        "tag_status": "active",
        "tag_last_pulled": "2024-01-20T08:36:07.940268Z",
        "tag_last_pushed": "2022-04-21T13:54:32.604892Z",
        "media_type": "application/vnd.docker.distribution.manifest.list.v2+json",
        "content_type": "image"
    },
    {
        "creator": 342683,
        "id": 204181162,
        "images": [
            {
                "architecture": "amd64",
                "features": "",
                "variant": null,
                "digest": "sha256:e18c67996dd814195df0f37829730929c533a9bab19cb09ff04ccda8bc5122ab",
                "os": "linux",
                "os_features": "",
                "os_version": null,
                "size": 14430041,
                "status": "active",
                "last_pulled": "2024-01-20T08:44:10.63863Z",
                "last_pushed": "2022-04-21T13:54:28.547486Z"
            },
            {
                "architecture": "arm64",
                "features": "",
                "variant": null,
                "digest": "sha256:bc921b44d2a7ef5dbb5f1575683fbf2afb513faf68dd3098a4720fb770335090",
                "os": "linux",
                "os_features": "",
                "os_version": null,
                "size": 13431004,
                "status": "active",
                "last_pulled": "2024-01-18T10:36:56.425462Z",
                "last_pushed": "2022-04-21T13:54:28.317036Z"
            },
            {
                "architecture": "arm",
                "features": "",
                "variant": "v7",
                "digest": "sha256:08f02d9ca8883c3d603d4c1e25bf3c59b6dc7a9f8aedeaf678a623d2105ff169",
                "os": "linux",
                "os_features": "",
                "os_version": null,
                "size": 13654863,
                "status": "active",
                "last_pulled": "2024-01-18T10:36:57.389039Z",
                "last_pushed": "2022-04-21T13:54:28.791431Z"
            }
        ],
        "last_updated": "2022-04-21T13:54:29.243951Z",
        "last_updater": 342683,
        "last_updater_username": "bitnamibot",
        "name": "v0.9.8",
        "repository": 16950841,
        "full_size": 14430041,
        "v2": true,
        "tag_status": "active",
        "tag_last_pulled": "2024-01-20T08:44:10.63863Z",
        "tag_last_pushed": "2022-04-21T13:54:29.243951Z",
        "media_type": "application/vnd.docker.distribution.manifest.list.v2+json",
        "content_type": "image"
    }
]