[
    {
        "creator": 3074230,
        "id": 152500499,
        "images": [
            {
                "architecture": "amd64",
                "features": "",
                "variant": null,
                "digest": "sha256:6be86ae1e1bcb3ee4f8bdfeb49d9725b69f4ea6493add1a24f5bc0ac2304b8c7",
                "os": "linux",
                "os_features": "",
                "os_version": null,
                "size": 623815612,
                "status": "active",
                "last_pulled": "2024-01-20T08:08:21.863025Z",
                "last_pushed": "2021-12-03T15:48:46.045338Z"
            }
        ],
        "last_updated": "2021-12-03T15:48:46.045338Z",
        "last_updater": 3074230,
        "last_updater_username": "circlecipublicimage",
        "name": "10.17",
        "repository": 14149928,
        "full_size": 623815612,
        "v2": true,
        "tag_status": "active",
        "tag_last_pulled": "2024-01-20T08:08:21.863025Z",
        "tag_last_pushed": "2021-12-03T15:48:46.045338Z",
        "media_type": "application/vnd.docker.container.image.v1+json",
        "content_type": "image"
    },
    {
        "creator": 3074230,
        "id": 172638545,
        "images": [
            {
                "architecture": "amd64",
                "features": "",
                "variant": null,
                "digest": "sha256:da302d9786428941691eb3da04ca8acd6b290db3d9fc2ccad6aabff43da41645",
                "os": "linux",
                "os_features": "",
                "os_version": null,
                "size": 780630162,
                "status": "active",
                "last_pulled": "2024-01-20T08:08:22.134643Z",
                "last_pushed": "2021-12-03T15:49:25.556888Z"
            }
        ],
        "last_updated": "2021-12-03T15:49:25.556888Z",
        "last_updater": 3074230,
        "last_updater_username": "circlecipublicimage",
        "name": "10.17-postgis",
        "repository": 14149928,
        "full_size": 780630162,
        "v2": true,
        "tag_status": "active",
        "tag_last_pulled": "2024-01-20T08:08:22.134643Z",
        "tag_last_pushed": "2021-12-03T15:49:25.556888Z",
        "media_type": "application/vnd.docker.container.image.v1+json",
        "content_type": "image"
    },
    {
        "creator": 3074230,
        "id": 172838811,
        "images": [
            {
                "architecture": "amd64",
                "features": "",
                "variant": null,
                "digest": "sha256:a9adeefee27e2b1156d13e509ce549e09c691ab260b5cc03ea442db9a6056216",
                "os": "linux",
                "os_features": "",
                "os_version": null,
                "size": 623848074,
                "status": "active",
                "last_pulled": "2024-01-20T08:08:22.456409Z",
                "last_pushed": "2021-12-03T15:50:22.20976Z"
            }
        ],
        "last_updated": "2021-12-03T15:50:22.20976Z",
        "last_updater": 3074230,
        "last_updater_username": "circlecipublicimage",
        "name": "10.18",
        "repository": 14149928,
        "full_size": 623848074,
        "v2": true,
        "tag_status": "active",
        "tag_last_pulled": "2024-01-20T08:08:22.456409Z",
        "tag_last_pushed": "2021-12-03T15:50:22.20976Z",
        "media_type": "application/vnd.docker.container.image.v1+json",
        "content_type": "image"
    },
    {
        "creator": 3074230,
        "id": 172838962,
        "images": [
            {
                "architecture": "amd64",
                "features": "",
                "variant": null,
                "digest": "sha256:7ead0fea26fc0b4745250c54735213f87ce0c03f3752875edf1d7b5bcd500f68",
                "os": "linux",
                "os_features": "",
                "os_version": null,
                "size": 780662091,
                "status": "active",
                "last_pulled": "2024-01-20T08:08:22.841053Z",
                "last_pushed": "2021-12-03T15:51:02.606641Z"
            }
        ],
        "last_updated": "2021-12-03T15:51:02.606641Z",
        "last_updater": 3074230,
        "last_updater_username": "circlecipublicimage",
        "name": "10.18-postgis",
        "repository": 14149928,
        "full_size": 780662091,
        "v2": true,
        "tag_status": "active",
        "tag_last_pulled": "2024-01-20T08:08:22.841053Z",
        "tag_last_pushed": "2021-12-03T15:51:02.606641Z",
        "media_type": "application/vnd.docker.container.image.v1+json",
        "content_type": "image"
    },
    {
        "creator": 3074230,
        "id": 181169051,
        "images": [
            {
                "architecture": "amd64",
                "features": "",
                "variant": null,
                "digest": "sha256:9a806d978a47f4f7e1ff18d49c853c1dd7d5744374dd30c984683fd0b47a184c",
                "os": "linux",
                "os_features": "",
                "os_version": null,
                "size": 623944755,
                "status": "active",
                "last_pulled": "2024-01-20T08:08:23.37085Z",
                "last_pushed": "2021-12-07T23:31:08.939561Z"
            }
        ],
        "last_updated": "2021-12-07T23:31:08.939561Z",
        "last_updater": 3074230,
        "last_updater_username": "circlecipublicimage",
        "name": "10.19",
        "repository": 14149928,
        "full_size": 623944755,
        "v2": true,
        "tag_status": "active",
        "tag_last_pulled": "2024-01-20T08:08:23.37085Z",
        "tag_last_pushed": "2021-12-07T23:31:08.939561Z",
        "media_type": "application/vnd.docker.container.image.v1+json",
        "content_type": "image"
    },
    {
        "creator": 3074230,
        "id": 181169182,
        "images": [
            {
                "architecture": "amd64",
                "features": "",
                "variant": null,
                "digest": "sha256:f84d66a2519ab50a3f90d320c97e9fca64fc1b638cc47063f0f03c0b60a48629",
                "os": "linux",
                "os_features": "",
                "os_version": null,
                "size": 780935429,
                "status": "active",
                "last_pulled": "2024-01-20T08:08:23.717677Z",
                "last_pushed": "2021-12-07T23:31:51.774004Z"
            }
        ],
        "last_updated": "2021-12-07T23:31:51.774004Z",
        "last_updater": 3074230,
        "last_updater_username": "circlecipublicimage",
        "name": "10.19-postgis",
        "repository": 14149928,
        "full_size": 780935429,
        "v2": true,
        "tag_status": "active",
        "tag_last_pulled": "2024-01-20T08:08:23.717677Z",
        "tag_last_pushed": "2021-12-07T23:31:51.774004Z",
        "media_type": "application/vnd.docker.container.image.v1+json",
        "content_type": "image"
    },
    {
        "creator": 3074230,
        "id": 200426993,
        "images": [
            {
                "architecture": "amd64",
                "features": "",
                "variant": null,
                "digest": "sha256:811701748011c61f37974285a7c6779338c740252236c7202f705f0cf18f2dc1",
                "os": "linux",
                "os_features": "",
                "os_version": null,
                "size": 682003970,
                "status": "active",
                "last_pulled": "2024-01-20T08:05:35.760268Z",
                "last_pushed": "2022-03-30T22:12:59.758969Z"
            }
        ],
        "last_updated": "2022-03-30T22:12:59.875315Z",
        "last_updater": 3074230,
        "last_updater_username": "circlecipublicimage",
        "name": "10.20",
        "repository": 14149928,
        "full_size": 682003970,
        "v2": true,
        "tag_status": "active",
        "tag_last_pulled": "2024-01-20T08:05:35.760268Z",
        "tag_last_pushed": "2022-03-30T22:12:59.875315Z",
        "media_type": "application/vnd.docker.container.image.v1+json",
        "content_type": "image"
    },
    {
        "creator": 3074230,
        "id": 200427095,
        "images": [
            {
                "architecture": "amd64",
                "features": "",
                "variant": null,
                "digest": "sha256:cf78cc234b09e980d589cf36fc95a7757a635da6a51794efe558939d66d0b4c0",
                "os": "linux",
                "os_features": "",
                "os_version": null,
                "size": 837711250,
                "status": "active",
                "last_pulled": "2024-01-20T08:08:24.616366Z",
                "last_pushed": "2022-03-30T22:13:39.0583Z"
            }
        ],
        "last_updated": "2022-03-30T22:13:39.149415Z",
        "last_updater": 3074230,
        "last_updater_username": "circlecipublicimage",
        "name": "10.20-postgis",
        "repository": 14149928,
        "full_size": 837711250,
        "v2": true,
        "tag_status": "active",
        "tag_last_pulled": "2024-01-20T08:08:24.616366Z",
        "tag_last_pushed": "2022-03-30T22:13:39.149415Z",
        "media_type": "application/vnd.docker.container.image.v1+json",
        "content_type": "image"
    },
    {
        "creator": 3074230,
        "id": 253774944,
        "images": [
            {
                "architecture": "amd64",
                "features": "",
                "variant": null,
                "digest": "sha256:129761896328754629751c4cd514d9f18db194e6ab12c6d309c516b1ef4716c9",
                "os": "linux",
                "os_features": "",
                "os_version": null,
                "size": 659534815,
                "status": "active",
                "last_pulled": "2024-01-20T08:08:24.889281Z",
                "last_pushed": "2022-07-14T23:37:35.256191Z"
            }
        ],
        "last_updated": "2022-07-14T23:37:35.355422Z",
        "last_updater": 3074230,
        "last_updater_username": "circlecipublicimage",
        "name": "10.21",
        "repository": 14149928,
        "full_size": 659534815,
        "v2": true,
        "tag_status": "active",
        "tag_last_pulled": "2024-01-20T08:08:24.889281Z",
        "tag_last_pushed": "2022-07-14T23:37:35.355422Z",
        "media_type": "application/vnd.docker.container.image.v1+json",
        "content_type": "image"
    },
    {
        "creator": 3074230,
        "id": 253775520,
        "images": [
            {
                "architecture": "amd64",
                "features": "",
                "variant": null,
                "digest": "sha256:c175bcd4dbcf6070af3fcc1b47a036923afa2a8ec7820f03a92e6eae9f87308e",
                "os": "linux",
                "os_features": "",
                "os_version": null,
                "size": 815250564,
                "status": "active",
                "last_pulled": "2024-01-20T08:08:25.383313Z",
                "last_pushed": "2022-07-14T23:38:15.513584Z"
            }
        ],
        "last_updated": "2022-07-14T23:38:15.660597Z",
        "last_updater": 3074230,
        "last_updater_username": "circlecipublicimage",
        "name": "10.21-postgis",
        "repository": 14149928,
        "full_size": 815250564,
        "v2": true,
        "tag_status": "active",
        "tag_last_pulled": "2024-01-20T08:08:25.383313Z",
        "tag_last_pushed": "2022-07-14T23:38:15.660597Z",
        "media_type": "application/vnd.docker.container.image.v1+json",
        "content_type": "image"
    },
    {
        "creator": 3074230,
        "id": 291186820,
        "images": [
            {
                "architecture": "amd64",
                "features": "",
                "variant": null,
                "digest": "sha256:6b0ea752349e77d4f3624e228596f12d235399deb83f3ef9d5ddd095c99ea00a",
                "os": "linux",
                "os_features": "",
                "os_version": null,
                "size": 663562224,
                "status": "active",
                "last_pulled": "2024-01-20T08:08:25.652859Z",
                "last_pushed": "2022-09-15T18:51:10.389664Z"
            }
        ],
        "last_updated": "2022-09-15T18:51:10.515392Z",
        "last_updater": 3074230,
        "last_updater_username": "circlecipublicimage",
        "name": "10.22",
        "repository": 14149928,
        "full_size": 663562224,
        "v2": true,
        "tag_status": "active",
        "tag_last_pulled": "2024-01-20T08:08:25.652859Z",
        "tag_last_pushed": "2022-09-15T18:51:10.515392Z",
        "media_type": "application/vnd.docker.container.image.v1+json",
        "content_type": "image",
        "digest": "sha256:6b0ea752349e77d4f3624e228596f12d235399deb83f3ef9d5ddd095c99ea00a"
    },
    {
        "creator": 3074230,
        "id": 291187165,
        "images": [
            {
                "architecture": "amd64",
                "features": "",
                "variant": null,
                "digest": "sha256:e824ef0604269490b0bf08a7a1641e68a2d5624794e0c3ddc5b05711fed05a0f",
                "os": "linux",
                "os_features": "",
                "os_version": null,
                "size": 819199486,
                "status": "active",
                "last_pulled": "2024-01-20T08:08:25.964039Z",
                "last_pushed": "2022-09-15T18:51:54.445889Z"
            }
        ],
        "last_updated": "2022-09-15T18:51:54.564685Z",
        "last_updater": 3074230,
        "last_updater_username": "circlecipublicimage",
        "name": "10.22-postgis",
        "repository": 14149928,
        "full_size": 819199486,
        "v2": true,
        "tag_status": "active",
        "tag_last_pulled": "2024-01-20T08:08:25.964039Z",
        "tag_last_pushed": "2022-09-15T18:51:54.564685Z",
        "media_type": "application/vnd.docker.container.image.v1+json",
        "content_type": "image",
        "digest": "sha256:e824ef0604269490b0bf08a7a1641e68a2d5624794e0c3ddc5b05711fed05a0f"
    },
    {
        "creator": 3074230,
        "id": 152500586,
        "images": [
            {
                "architecture": "amd64",
                "features": "",
                "variant": null,
                "digest": "sha256:99ac7da597b3cbf5e14ae805460c07c8ec64b1b2e3514af4ba96fd6fe8e2e1dc",
                "os": "linux",
                "os_features": "",
                "os_version": null,
                "size": 649829787,
                "status": "active",
                "last_pulled": "2024-01-20T09:47:17.431327Z",
                "last_pushed": "2021-12-03T15:52:01.054256Z"
            }
        ],
        "last_updated": "2021-12-03T15:52:01.054256Z",
        "last_updater": 3074230,
        "last_updater_username": "circlecipublicimage",
        "name": "11.12",
        "repository": 14149928,
        "full_size": 649829787,
        "v2": true,
        "tag_status": "active",
        "tag_last_pulled": "2024-01-20T09:47:17.431327Z",
        "tag_last_pushed": "2021-12-03T15:52:01.054256Z",
        "media_type": "application/vnd.docker.container.image.v1+json",
        "content_type": "image"
    },
    {
        "creator": 3074230,
        "id": 172638671,
        "images": [
            {
                "architecture": "amd64",
                "features": "",
                "variant": null,
                "digest": "sha256:f2965f7383d77a68f071f2756c37a825fa425a9ee7367ebb816906dabb2cae6e",
                "os": "linux",
                "os_features": "",
                "os_version": null,
                "size": 813826015,
                "status": "active",
                "last_pulled": "2024-01-20T08:08:26.673902Z",
                "last_pushed": "2021-12-03T15:52:41.232189Z"
            }
        ],
        "last_updated": "2021-12-03T15:52:41.232189Z",
        "last_updater": 3074230,
        "last_updater_username": "circlecipublicimage",
        "name": "11.12-postgis",
        "repository": 14149928,
        "full_size": 813826015,
        "v2": true,
        "tag_status": "active",
        "tag_last_pulled": "2024-01-20T08:08:26.673902Z",
        "tag_last_pushed": "2021-12-03T15:52:41.232189Z",
        "media_type": "application/vnd.docker.container.image.v1+json",
        "content_type": "image"
    },
    {
        "creator": 3074230,
        "id": 172839024,
        "images": [
            {
                "architecture": "amd64",
                "features": "",
                "variant": null,
                "digest": "sha256:6c90e1bd8dfa668cfade0cc70fe273637e61a3ddab187c6dcc379b391eee488c",
                "os": "linux",
                "os_features": "",
                "os_version": null,
                "size": 649922138,
                "status": "active",
                "last_pulled": "2024-01-20T07:22:47.180348Z",
                "last_pushed": "2021-12-03T15:53:39.680148Z"
            }
        ],
        "last_updated": "2021-12-03T15:53:39.680148Z",
        "last_updater": 3074230,
        "last_updater_username": "circlecipublicimage",
        "name": "11.13",
        "repository": 14149928,
        "full_size": 649922138,
        "v2": true,
        "tag_status": "active",
        "tag_last_pulled": "2024-01-20T07:22:47.180348Z",
        "tag_last_pushed": "2021-12-03T15:53:39.680148Z",
        "media_type": "application/vnd.docker.container.image.v1+json",
        "content_type": "image"
    },
    {
        "creator": 3074230,
        "id": 172839185,
        "images": [
            {
                "architecture": "amd64",
                "features": "",
                "variant": null,
                "digest": "sha256:586820c4802c73291de9bf457cab1d5abde0a711b04133af531c3208c5e4a98b",
                "os": "linux",
                "os_features": "",
                "os_version": null,
                "size": 813917681,
                "status": "active",
                "last_pulled": "2024-01-20T08:08:27.263281Z",
                "last_pushed": "2021-12-03T15:54:20.146397Z"
            }
        ],
        "last_updated": "2021-12-03T15:54:20.146397Z",
        "last_updater": 3074230,
        "last_updater_username": "circlecipublicimage",
        "name": "11.13-postgis",
        "repository": 14149928,
        "full_size": 813917681,
        "v2": true,
        "tag_status": "active",
        "tag_last_pulled": "2024-01-20T08:08:27.263281Z",
        "tag_last_pushed": "2021-12-03T15:54:20.146397Z",
        "media_type": "application/vnd.docker.container.image.v1+json",
        "content_type": "image"
    },
    {
        "creator": 3074230,
        "id": 199332315,
        "images": [
            {
                "architecture": "amd64",
                "features": "",
                "variant": null,
                "digest": "sha256:489342e055937825104759043224fe0590968a975c89923543c66f33d70b1a25",
                "os": "linux",
                "os_features": "",
                "os_version": null,
                "size": 699481530,
                "status": "active",
                "last_pulled": "2024-01-20T09:25:23.221456Z",
                "last_pushed": "2022-03-24T19:06:16.393516Z"
            }
        ],
        "last_updated": "2022-03-24T19:06:16.498215Z",
        "last_updater": 3074230,
        "last_updater_username": "circlecipublicimage",
        "name": "11.14",
        "repository": 14149928,
        "full_size": 699481530,
        "v2": true,
        "tag_status": "active",
        "tag_last_pulled": "2024-01-20T09:25:23.221456Z",
        "tag_last_pushed": "2022-03-24T19:06:16.498215Z",
        "media_type": "application/vnd.docker.container.image.v1+json",
        "content_type": "image"
    },
    {
        "creator": 3074230,
        "id": 199332424,
        "images": [
            {
                "architecture": "amd64",
                "features": "",
                "variant": null,
                "digest": "sha256:6faee2e4362f559584e6cf71b12659e07a3940706f21f3bd3b865be4bc841129",
                "os": "linux",
                "os_features": "",
                "os_version": null,
                "size": 862356695,
                "status": "active",
                "last_pulled": "2024-01-20T08:08:28.039305Z",
                "last_pushed": "2022-03-24T19:06:54.293725Z"
            }
        ],
        "last_updated": "2022-03-24T19:06:54.401692Z",
        "last_updater": 3074230,
        "last_updater_username": "circlecipublicimage",
        "name": "11.14-postgis",
        "repository": 14149928,
        "full_size": 862356695,
        "v2": true,
        "tag_status": "active",
        "tag_last_pulled": "2024-01-20T08:08:28.039305Z",
        "tag_last_pushed": "2022-03-24T19:06:54.401692Z",
        "media_type": "application/vnd.docker.container.image.v1+json",
        "content_type": "image"
    },
    {
        "creator": 3074230,
        "id": 200427260,
        "images": [
            {
                "architecture": "amd64",
                "features": "",
                "variant": null,
                "digest": "sha256:56b66f27ac0b15234fd0eb072d78dfca48874cfda310f31d3252939d2ed3f4ca",
                "os": "linux",
                "os_features": "",
                "os_version": null,
                "size": 708100366,
                "status": "active",
                "last_pulled": "2024-01-20T09:48:29.944264Z",
                "last_pushed": "2022-03-30T22:14:51.32003Z"
            }
        ],
        "last_updated": "2022-03-30T22:14:51.430236Z",
        "last_updater": 3074230,
        "last_updater_username": "circlecipublicimage",
        "name": "11.15",
        "repository": 14149928,
        "full_size": 708100366,
        "v2": true,
        "tag_status": "active",
        "tag_last_pulled": "2024-01-20T09:48:29.944264Z",
        "tag_last_pushed": "2022-03-30T22:14:51.430236Z",
        "media_type": "application/vnd.docker.container.image.v1+json",
        "content_type": "image"
    },
    {
        "creator": 3074230,
        "id": 200427422,
        "images": [
            {
                "architecture": "amd64",
                "features": "",
                "variant": null,
                "digest": "sha256:ef574e8aa85332353971c6a3db54d7dc199e0c196c88676e776d60ea92532e2f",
                "os": "linux",
                "os_features": "",
                "os_version": null,
                "size": 870974420,
                "status": "active",
                "last_pulled": "2024-01-20T08:08:28.707537Z",
                "last_pushed": "2022-03-30T22:15:31.376527Z"
            }
        ],
        "last_updated": "2022-03-30T22:15:31.493065Z",
        "last_updater": 3074230,
        "last_updater_username": "circlecipublicimage",
        "name": "11.15-postgis",
        "repository": 14149928,
        "full_size": 870974420,
        "v2": true,
        "tag_status": "active",
        "tag_last_pulled": "2024-01-20T08:08:28.707537Z",
        "tag_last_pushed": "2022-03-30T22:15:31.493065Z",
        "media_type": "application/vnd.docker.container.image.v1+json",
        "content_type": "image"
    },
    {
        "creator": 3074230,
        "id": 253776408,
        "images": [
            {
                "architecture": "amd64",
                "features": "",
                "variant": null,
                "digest": "sha256:0c6c5abff59a73b61032f63f64cdbd63c710d55523f85e18fed452cff22ea7c3",
                "os": "linux",
                "os_features": "",
                "os_version": null,
                "size": 685648384,
                "status": "active",
                "last_pulled": "2024-01-20T09:26:41.442463Z",
                "last_pushed": "2022-07-14T23:39:18.706406Z"
            }
        ],
        "last_updated": "2022-07-14T23:39:18.82938Z",
        "last_updater": 3074230,
        "last_updater_username": "circlecipublicimage",
        "name": "11.16",
        "repository": 14149928,
        "full_size": 685648384,
        "v2": true,
        "tag_status": "active",
        "tag_last_pulled": "2024-01-20T09:26:41.442463Z",
        "tag_last_pushed": "2022-07-14T23:39:18.82938Z",
        "media_type": "application/vnd.docker.container.image.v1+json",
        "content_type": "image"
    },
    {
        "creator": 3074230,
        "id": 253776967,
        "images": [
            {
                "architecture": "amd64",
                "features": "",
                "variant": null,
                "digest": "sha256:fac5405338e6e56be3ede68240d29f559efab648d2ef3b7118077b42a9c182d1",
                "os": "linux",
                "os_features": "",
                "os_version": null,
                "size": 848543964,
                "status": "active",
                "last_pulled": "2024-01-20T07:18:55.801945Z",
                "last_pushed": "2022-07-14T23:40:00.188267Z"
            }
        ],
        "last_updated": "2022-07-14T23:40:00.295054Z",
        "last_updater": 3074230,
        "last_updater_username": "circlecipublicimage",
        "name": "11.16-postgis",
        "repository": 14149928,
        "full_size": 848543964,
        "v2": true,
        "tag_status": "active",
        "tag_last_pulled": "2024-01-20T07:18:55.801945Z",
        "tag_last_pushed": "2022-07-14T23:40:00.295054Z",
        "media_type": "application/vnd.docker.container.image.v1+json",
        "content_type": "image"
    },
    {
        "creator": 3074230,
        "id": 291187694,
        "images": [
            {
                "architecture": "amd64",
                "features": "",
                "variant": null,
                "digest": "sha256:baf39240249c9aeaaf09a3052e3663a5e99fa515c38ed6293b6689ffa15bb48e",
                "os": "linux",
                "os_features": "",
                "os_version": null,
                "size": 689703083,
                "status": "active",
                "last_pulled": "2024-01-20T07:13:13.632357Z",
                "last_pushed": "2022-09-15T18:52:57.556703Z"
            }
        ],
        "last_updated": "2022-09-15T18:52:57.673559Z",
        "last_updater": 3074230,
        "last_updater_username": "circlecipublicimage",
        "name": "11.17",
        "repository": 14149928,
        "full_size": 689703083,
        "v2": true,
        "tag_status": "active",
        "tag_last_pulled": "2024-01-20T07:13:13.632357Z",
        "tag_last_pushed": "2022-09-15T18:52:57.673559Z",
        "media_type": "application/vnd.docker.container.image.v1+json",
        "content_type": "image",
        "digest": "sha256:baf39240249c9aeaaf09a3052e3663a5e99fa515c38ed6293b6689ffa15bb48e"
    },
    {
        "creator": 3074230,
        "id": 291188025,
        "images": [
            {
                "architecture": "amd64",
                "features": "",
                "variant": null,
                "digest": "sha256:d38990101b8abdcc4f0dbb722bc897369b9caf467ee0694a6a79a3d3f1df6597",
                "os": "linux",
                "os_features": "",
                "os_version": null,
                "size": 852511884,
                "status": "active",
                "last_pulled": "2024-01-20T08:08:30.050977Z",
                "last_pushed": "2022-09-15T18:53:41.191927Z"
            }
        ],
        "last_updated": "2022-09-15T18:53:41.296544Z",
        "last_updater": 3074230,
        "last_updater_username": "circlecipublicimage",
        "name": "11.17-postgis",
        "repository": 14149928,
        "full_size": 852511884,
        "v2": true,
        "tag_status": "active",
        "tag_last_pulled": "2024-01-20T08:08:30.050977Z",
        "tag_last_pushed": "2022-09-15T18:53:41.296544Z",
        "media_type": "application/vnd.docker.container.image.v1+json",
        "content_type": "image",
        "digest": "sha256:d38990101b8abdcc4f0dbb722bc897369b9caf467ee0694a6a79a3d3f1df6597"
    },
    {
        "creator": 3074230,
        "id": 199332663,
        "images": [
            {
                "architecture": "amd64",
                "features": "",
                "variant": null,
                "digest": "sha256:3c96e7ca575e8326b559959550088151c4de87af7e21868d7d52c9d3c5c2e876",
                "os": "linux",
                "os_features": "",
                "os_version": null,
                "size": 703171816,
                "status": "active",
                "last_pulled": "2024-01-20T09:01:04.58977Z",
                "last_pushed": "2022-03-24T19:08:03.683809Z"
            }
        ],
        "last_updated": "2022-03-24T19:08:03.792431Z",
        "last_updater": 3074230,
        "last_updater_username": "circlecipublicimage",
        "name": "12.10",
        "repository": 14149928,
        "full_size": 703171816,
        "v2": true,
        "tag_status": "active",
        "tag_last_pulled": "2024-01-20T09:01:04.58977Z",
        "tag_last_pushed": "2022-03-24T19:08:03.792431Z",
        "media_type": "application/vnd.docker.container.image.v1+json",
        "content_type": "image"
    },
    {
        "creator": 3074230,
        "id": 199332776,
        "images": [
            {
                "architecture": "amd64",
                "features": "",
                "variant": null,
                "digest": "sha256:bc8e3ea60033ca5b0176a4f08635fdeece640f562ddb51a02bb7cab55d9a0dd1",
                "os": "linux",
                "os_features": "",
                "os_version": null,
                "size": 866681068,
                "status": "active",
                "last_pulled": "2024-01-20T08:08:33.755281Z",
                "last_pushed": "2022-03-24T19:08:41.150381Z"
            }
        ],
        "last_updated": "2022-03-24T19:08:41.274004Z",
        "last_updater": 3074230,
        "last_updater_username": "circlecipublicimage",
        "name": "12.10-postgis",
        "repository": 14149928,
        "full_size": 866681068,
        "v2": true,
        "tag_status": "active",
        "tag_last_pulled": "2024-01-20T08:08:33.755281Z",
        "tag_last_pushed": "2022-03-24T19:08:41.274004Z",
        "media_type": "application/vnd.docker.container.image.v1+json",
        "content_type": "image"
    },
    {
        "creator": 3074230,
        "id": 253777768,
        "images": [
            {
                "architecture": "amd64",
                "features": "",
                "variant": null,
                "digest": "sha256:37f925c126d652aab1004b8cceb3efa7ed678ec5763af1dd535e03510e9ba9d6",
                "os": "linux",
                "os_features": "",
                "os_version": null,
                "size": 689138304,
                "status": "active",
                "last_pulled": "2024-01-20T08:30:29.623304Z",
                "last_pushed": "2022-07-14T23:41:03.959512Z"
            }
        ],
        "last_updated": "2022-07-14T23:41:04.084068Z",
        "last_updater": 3074230,
        "last_updater_username": "circlecipublicimage",
        "name": "12.11",
        "repository": 14149928,
        "full_size": 689138304,
        "v2": true,
        "tag_status": "active",
        "tag_last_pulled": "2024-01-20T08:30:29.623304Z",
        "tag_last_pushed": "2022-07-14T23:41:04.084068Z",
        "media_type": "application/vnd.docker.container.image.v1+json",
        "content_type": "image"
    },
    {
        "creator": 3074230,
        "id": 253778264,
        "images": [
            {
                "architecture": "amd64",
                "features": "",
                "variant": null,
                "digest": "sha256:83efcfae2dbe35b15650127f312cb03e5dcbefc9492d257d7ae64dc59b222e29",
                "os": "linux",
                "os_features": "",
                "os_version": null,
                "size": 852655604,
                "status": "active",
                "last_pulled": "2024-01-20T09:12:17.181099Z",
                "last_pushed": "2022-07-14T23:41:45.396911Z"
            }
        ],
        "last_updated": "2022-07-14T23:41:45.521338Z",
        "last_updater": 3074230,
        "last_updater_username": "circlecipublicimage",
        "name": "12.11-postgis",
        "repository": 14149928,
        "full_size": 852655604,
        "v2": true,
        "tag_status": "active",
        "tag_last_pulled": "2024-01-20T09:12:17.181099Z",
        "tag_last_pushed": "2022-07-14T23:41:45.521338Z",
        "media_type": "application/vnd.docker.container.image.v1+json",
        "content_type": "image"
    },
    {
        "creator": 3074230,
        "id": 291188570,
        "images": [
            {
                "architecture": "amd64",
                "features": "",
                "variant": null,
                "digest": "sha256:38e86f4b2117d367728c1b7424f44c6fdecc388c58c0afbca2c6b2a4d529b7db",
                "os": "linux",
                "os_features": "",
                "os_version": null,
                "size": 693135165,
                "status": "active",
                "last_pulled": "2024-01-20T08:08:34.69053Z",
                "last_pushed": "2022-09-15T18:54:44.178046Z"
            }
        ],
        "last_updated": "2022-09-15T18:54:44.301896Z",
        "last_updater": 3074230,
        "last_updater_username": "circlecipublicimage",
        "name": "12.12",
        "repository": 14149928,
        "full_size": 693135165,
        "v2": true,
        "tag_status": "active",
        "tag_last_pulled": "2024-01-20T08:08:34.69053Z",
        "tag_last_pushed": "2022-09-15T18:54:44.301896Z",
        "media_type": "application/vnd.docker.container.image.v1+json",
        "content_type": "image",
        "digest": "sha256:38e86f4b2117d367728c1b7424f44c6fdecc388c58c0afbca2c6b2a4d529b7db"
    },
    {
        "creator": 3074230,
        "id": 291189035,
        "images": [
            {
                "architecture": "amd64",
                "features": "",
                "variant": null,
                "digest": "sha256:911722140450a03b95a52eacd4f2f0394d10ca720e121906dfbb70192805a403",
                "os": "linux",
                "os_features": "",
                "os_version": null,
                "size": 856571803,
                "status": "active",
                "last_pulled": "2024-01-20T08:06:38.860249Z",
                "last_pushed": "2022-09-15T18:55:27.721748Z"
            }
        ],
        "last_updated": "2022-09-15T18:55:27.827956Z",
        "last_updater": 3074230,
        "last_updater_username": "circlecipublicimage",
        "name": "12.12-postgis",
        "repository": 14149928,
        "full_size": 856571803,
        "v2": true,
        "tag_status": "active",
        "tag_last_pulled": "2024-01-20T08:06:38.860249Z",
        "tag_last_pushed": "2022-09-15T18:55:27.827956Z",
        "media_type": "application/vnd.docker.container.image.v1+json",
        "content_type": "image",
        "digest": "sha256:911722140450a03b95a52eacd4f2f0394d10ca720e121906dfbb70192805a403"
    },
    {
        "creator": 3074230,
        "id": 152500637,
        "images": [
            {
                "architecture": "amd64",
                "features": "",
                "variant": null,
                "digest": "sha256:a488ce128a9e16e98f21a47af8981b0ea797b59cccee907d034d855e63b1a164",
                "os": "linux",
                "os_features": "",
                "os_version": null,
                "size": 653294101,
                "status": "active",
                "last_pulled": "2024-01-20T09:09:51.87997Z",
                "last_pushed": "2021-12-03T15:55:19.997328Z"
            }
        ],
        "last_updated": "2021-12-03T15:55:19.997328Z",
        "last_updater": 3074230,
        "last_updater_username": "circlecipublicimage",
        "name": "12.7",
        "repository": 14149928,
        "full_size": 653294101,
        "v2": true,
        "tag_status": "active",
        "tag_last_pulled": "2024-01-20T09:09:51.87997Z",
        "tag_last_pushed": "2021-12-03T15:55:19.997328Z",
        "media_type": "application/vnd.docker.container.image.v1+json",
        "content_type": "image"
    },
    {
        "creator": 3074230,
        "id": 172638788,
        "images": [
            {
                "architecture": "amd64",
                "features": "",
                "variant": null,
                "digest": "sha256:d7a060b6d0223034833800abf3e2b2a88b62dda46c8776c36618c8a3eadfc4ef",
                "os": "linux",
                "os_features": "",
                "os_version": null,
                "size": 817894854,
                "status": "active",
                "last_pulled": "2024-01-20T08:08:39.778756Z",
                "last_pushed": "2021-12-03T15:56:00.083047Z"
            }
        ],
        "last_updated": "2021-12-03T15:56:00.083047Z",
        "last_updater": 3074230,
        "last_updater_username": "circlecipublicimage",
        "name": "12.7-postgis",
        "repository": 14149928,
        "full_size": 817894854,
        "v2": true,
        "tag_status": "active",
        "tag_last_pulled": "2024-01-20T08:08:39.778756Z",
        "tag_last_pushed": "2021-12-03T15:56:00.083047Z",
        "media_type": "application/vnd.docker.container.image.v1+json",
        "content_type": "image"
    },
    {
        "creator": 3074230,
        "id": 172839241,
        "images": [
            {
                "architecture": "amd64",
                "features": "",
                "variant": null,
                "digest": "sha256:315013ba57a468cad2e334e1b90342fb111039d2fe46c97cb7ddac0da0ae5762",
                "os": "linux",
                "os_features": "",
                "os_version": null,
                "size": 653409006,
                "status": "active",
                "last_pulled": "2024-01-20T09:06:18.07448Z",
                "last_pushed": "2021-12-03T15:56:59.765109Z"
            }
        ],
        "last_updated": "2021-12-03T15:56:59.765109Z",
        "last_updater": 3074230,
        "last_updater_username": "circlecipublicimage",
        "name": "12.8",
        "repository": 14149928,
        "full_size": 653409006,
        "v2": true,
        "tag_status": "active",
        "tag_last_pulled": "2024-01-20T09:06:18.07448Z",
        "tag_last_pushed": "2021-12-03T15:56:59.765109Z",
        "media_type": "application/vnd.docker.container.image.v1+json",
        "content_type": "image"
    },
    {
        "creator": 3074230,
        "id": 172839434,
        "images": [
            {
                "architecture": "amd64",
                "features": "",
                "variant": null,
                "digest": "sha256:a40a1e72aca2842f4d0ad5ab99cb685798326aded3cf0258a8c15acab5095e3f",
                "os": "linux",
                "os_features": "",
                "os_version": null,
                "size": 818008765,
                "status": "active",
                "last_pulled": "2024-01-20T08:08:40.532953Z",
                "last_pushed": "2021-12-03T15:57:40.108378Z"
            }
        ],
        "last_updated": "2021-12-03T15:57:40.108378Z",
        "last_updater": 3074230,
        "last_updater_username": "circlecipublicimage",
        "name": "12.8-postgis",
        "repository": 14149928,
        "full_size": 818008765,
        "v2": true,
        "tag_status": "active",
        "tag_last_pulled": "2024-01-20T08:08:40.532953Z",
        "tag_last_pushed": "2021-12-03T15:57:40.108378Z",
        "media_type": "application/vnd.docker.container.image.v1+json",
        "content_type": "image"
    },
    {
        "creator": 3074230,
        "id": 181169476,
        "images": [
            {
                "architecture": "amd64",
                "features": "",
                "variant": null,
                "digest": "sha256:f18bec57a37cd5c3dfbdb4b184aba1d7eedc60ef4a2722623e37fd4e1bc7d216",
                "os": "linux",
                "os_features": "",
                "os_version": null,
                "size": 653522686,
                "status": "active",
                "last_pulled": "2024-01-20T09:40:21.182718Z",
                "last_pushed": "2021-12-07T23:33:00.157975Z"
            }
        ],
        "last_updated": "2021-12-07T23:33:00.157975Z",
        "last_updater": 3074230,
        "last_updater_username": "circlecipublicimage",
        "name": "12.9",
        "repository": 14149928,
        "full_size": 653522686,
        "v2": true,
        "tag_status": "active",
        "tag_last_pulled": "2024-01-20T09:40:21.182718Z",
        "tag_last_pushed": "2021-12-07T23:33:00.157975Z",
        "media_type": "application/vnd.docker.container.image.v1+json",
        "content_type": "image"
    },
    {
        "creator": 3074230,
        "id": 181169572,
        "images": [
            {
                "architecture": "amd64",
                "features": "",
                "variant": null,
                "digest": "sha256:1d741026f8fefd78d3dfb10b75bff78ca2df4c6c2cd94f9725ab7b16d17fd537",
                "os": "linux",
                "os_features": "",
                "os_version": null,
                "size": 818316384,
                "status": "active",
                "last_pulled": "2024-01-20T08:08:41.113608Z",
                "last_pushed": "2021-12-07T23:33:42.976784Z"
            }
        ],
        "last_updated": "2021-12-07T23:33:42.976784Z",
        "last_updater": 3074230,
        "last_updater_username": "circlecipublicimage",
        "name": "12.9-postgis",
        "repository": 14149928,
        "full_size": 818316384,
        "v2": true,
        "tag_status": "active",
        "tag_last_pulled": "2024-01-20T08:08:41.113608Z",
        "tag_last_pushed": "2021-12-07T23:33:42.976784Z",
        "media_type": "application/vnd.docker.container.image.v1+json",
        "content_type": "image"
    },
    {
        "creator": 3074230,
        "id": 152500688,
        "images": [
            {
                "architecture": "amd64",
                "features": "",
                "variant": null,
                "digest": "sha256:aaa8910dfd988115553d7dbed512351d6706dac1bce1e7f95bfa58863990fc24",
                "os": "linux",
                "os_features": "",
                "os_version": null,
                "size": 655312590,
                "status": "active",
                "last_pulled": "2024-01-20T09:46:01.99476Z",
                "last_pushed": "2021-12-03T15:58:40.854399Z"
            }
        ],
        "last_updated": "2021-12-03T15:58:40.854399Z",
        "last_updater": 3074230,
        "last_updater_username": "circlecipublicimage",
        "name": "13.3",
        "repository": 14149928,
        "full_size": 655312590,
        "v2": true,
        "tag_status": "active",
        "tag_last_pulled": "2024-01-20T09:46:01.99476Z",
        "tag_last_pushed": "2021-12-03T15:58:40.854399Z",
        "media_type": "application/vnd.docker.container.image.v1+json",
        "content_type": "image"
    },
    {
        "creator": 3074230,
        "id": 172638927,
        "images": [
            {
                "architecture": "amd64",
                "features": "",
                "variant": null,
                "digest": "sha256:c9a508851e84b070da83bf7b34248eb2dd5e3f4ee919972cbb875ae4890a3695",
                "os": "linux",
                "os_features": "",
                "os_version": null,
                "size": 820051748,
                "status": "active",
                "last_pulled": "2024-01-20T08:08:45.881147Z",
                "last_pushed": "2021-12-03T15:59:21.305482Z"
            }
        ],
        "last_updated": "2021-12-03T15:59:21.305482Z",
        "last_updater": 3074230,
        "last_updater_username": "circlecipublicimage",
        "name": "13.3-postgis",
        "repository": 14149928,
        "full_size": 820051748,
        "v2": true,
        "tag_status": "active",
        "tag_last_pulled": "2024-01-20T08:08:45.881147Z",
        "tag_last_pushed": "2021-12-03T15:59:21.305482Z",
        "media_type": "application/vnd.docker.container.image.v1+json",
        "content_type": "image"
    },
    {
        "creator": 3074230,
        "id": 172839485,
        "images": [
            {
                "architecture": "amd64",
                "features": "",
                "variant": null,
                "digest": "sha256:4c80f37ae00dda9929fb6bc65f0fa1495ff8b5ef2fd8f7341b19f6a26076003f",
                "os": "linux",
                "os_features": "",
                "os_version": null,
                "size": 655452920,
                "status": "active",
                "last_pulled": "2024-01-20T08:26:50.478508Z",
                "last_pushed": "2021-12-03T16:00:21.780692Z"
            }
        ],
        "last_updated": "2021-12-03T16:00:21.780692Z",
        "last_updater": 3074230,
        "last_updater_username": "circlecipublicimage",
        "name": "13.4",
        "repository": 14149928,
        "full_size": 655452920,
        "v2": true,
        "tag_status": "active",
        "tag_last_pulled": "2024-01-20T08:26:50.478508Z",
        "tag_last_pushed": "2021-12-03T16:00:21.780692Z",
        "media_type": "application/vnd.docker.container.image.v1+json",
        "content_type": "image"
    },
    {
        "creator": 3074230,
        "id": 172839662,
        "images": [
            {
                "architecture": "amd64",
                "features": "",
                "variant": null,
                "digest": "sha256:38b1db77de1f7415d3b516dbd0f265e28b9cac4e1c7157d75476fc3dcc9cbdfa",
                "os": "linux",
                "os_features": "",
                "os_version": null,
                "size": 820191551,
                "status": "active",
                "last_pulled": "2024-01-20T08:08:46.551942Z",
                "last_pushed": "2021-12-03T16:01:03.548539Z"
            }
        ],
        "last_updated": "2021-12-03T16:01:03.548539Z",
        "last_updater": 3074230,
        "last_updater_username": "circlecipublicimage",
        "name": "13.4-postgis",
        "repository": 14149928,
        "full_size": 820191551,
        "v2": true,
        "tag_status": "active",
        "tag_last_pulled": "2024-01-20T08:08:46.551942Z",
        "tag_last_pushed": "2021-12-03T16:01:03.548539Z",
        "media_type": "application/vnd.docker.container.image.v1+json",
        "content_type": "image"
    },
    {
        "creator": 3074230,
        "id": 181169750,
        "images": [
            {
                "architecture": "amd64",
                "features": "",
                "variant": null,
                "digest": "sha256:2de400e59bbba596f83b993f4c7922851bb06de22dae45c5184110d3fe65a70e",
                "os": "linux",
                "os_features": "",
                "os_version": null,
                "size": 655573818,
                "status": "active",
                "last_pulled": "2024-01-20T09:35:09.710997Z",
                "last_pushed": "2021-12-07T23:35:23.965793Z"
            }
        ],
        "last_updated": "2021-12-07T23:35:23.965793Z",
        "last_updater": 3074230,
        "last_updater_username": "circlecipublicimage",
        "name": "13.5",
        "repository": 14149928,
        "full_size": 655573818,
        "v2": true,
        "tag_status": "active",
        "tag_last_pulled": "2024-01-20T09:35:09.710997Z",
        "tag_last_pushed": "2021-12-07T23:35:23.965793Z",
        "media_type": "application/vnd.docker.container.image.v1+json",
        "content_type": "image"
    },
    {
        "creator": 3074230,
        "id": 181169966,
        "images": [
            {
                "architecture": "amd64",
                "features": "",
                "variant": null,
                "digest": "sha256:2ce3d1b203ccaa9e0f9b2eba3ee3d8f5db9f76e52cae7d2cfb6998b8a88d357e",
                "os": "linux",
                "os_features": "",
                "os_version": null,
                "size": 820498603,
                "status": "active",
                "last_pulled": "2024-01-20T08:08:47.170571Z",
                "last_pushed": "2021-12-07T23:36:06.802212Z"
            }
        ],
        "last_updated": "2021-12-07T23:36:06.802212Z",
        "last_updater": 3074230,
        "last_updater_username": "circlecipublicimage",
        "name": "13.5-postgis",
        "repository": 14149928,
        "full_size": 820498603,
        "v2": true,
        "tag_status": "active",
        "tag_last_pulled": "2024-01-20T08:08:47.170571Z",
        "tag_last_pushed": "2021-12-07T23:36:06.802212Z",
        "media_type": "application/vnd.docker.container.image.v1+json",
        "content_type": "image"
    },
    {
        "creator": 3074230,
        "id": 200427589,
        "images": [
            {
                "architecture": "amd64",
                "features": "",
                "variant": null,
                "digest": "sha256:3ed9335f7bf17085fc5e23601a22863653fa44cf91e083698f5879142102e541",
                "os": "linux",
                "os_features": "",
                "os_version": null,
                "size": 713647776,
                "status": "active",
                "last_pulled": "2024-01-20T09:47:57.599367Z",
                "last_pushed": "2022-03-30T22:16:44.061935Z"
            }
        ],
        "last_updated": "2022-03-30T22:16:44.200991Z",
        "last_updater": 3074230,
        "last_updater_username": "circlecipublicimage",
        "name": "13.6",
        "repository": 14149928,
        "full_size": 713647776,
        "v2": true,
        "tag_status": "active",
        "tag_last_pulled": "2024-01-20T09:47:57.599367Z",
        "tag_last_pushed": "2022-03-30T22:16:44.200991Z",
        "media_type": "application/vnd.docker.container.image.v1+json",
        "content_type": "image"
    },
    {
        "creator": 3074230,
        "id": 200427679,
        "images": [
            {
                "architecture": "amd64",
                "features": "",
                "variant": null,
                "digest": "sha256:58e0ee4a7e38e5d5db73b4794d76c4786a4a5357dff4dd9fad7da56198032672",
                "os": "linux",
                "os_features": "",
                "os_version": null,
                "size": 877265698,
                "status": "active",
                "last_pulled": "2024-01-20T08:08:47.976419Z",
                "last_pushed": "2022-03-30T22:17:23.957769Z"
            }
        ],
        "last_updated": "2022-03-30T22:17:24.068402Z",
        "last_updater": 3074230,
        "last_updater_username": "circlecipublicimage",
        "name": "13.6-postgis",
        "repository": 14149928,
        "full_size": 877265698,
        "v2": true,
        "tag_status": "active",
        "tag_last_pulled": "2024-01-20T08:08:47.976419Z",
        "tag_last_pushed": "2022-03-30T22:17:24.068402Z",
        "media_type": "application/vnd.docker.container.image.v1+json",
        "content_type": "image"
    },
    {
        "creator": 3074230,
        "id": 253779059,
        "images": [
            {
                "architecture": "amd64",
                "features": "",
                "variant": null,
                "digest": "sha256:eb752b35124e091f9d25163041b27481acf2ca8bffb0b8dbe8583a854f222992",
                "os": "linux",
                "os_features": "",
                "os_version": null,
                "size": 691226859,
                "status": "active",
                "last_pulled": "2024-01-20T09:45:30.697393Z",
                "last_pushed": "2022-07-14T23:42:49.149219Z"
            }
        ],
        "last_updated": "2022-07-14T23:42:49.269034Z",
        "last_updater": 3074230,
        "last_updater_username": "circlecipublicimage",
        "name": "13.7",
        "repository": 14149928,
        "full_size": 691226859,
        "v2": true,
        "tag_status": "active",
        "tag_last_pulled": "2024-01-20T09:45:30.697393Z",
        "tag_last_pushed": "2022-07-14T23:42:49.269034Z",
        "media_type": "application/vnd.docker.container.image.v1+json",
        "content_type": "image"
    },
    {
        "creator": 3074230,
        "id": 253779698,
        "images": [
            {
                "architecture": "amd64",
                "features": "",
                "variant": null,
                "digest": "sha256:632f3d51f95cfe2450f0fb4621ef71bb8f0f3e7e472e86338b7e54d72b69eff3",
                "os": "linux",
                "os_features": "",
                "os_version": null,
                "size": 854854484,
                "status": "active",
                "last_pulled": "2024-01-20T08:08:48.628522Z",
                "last_pushed": "2022-07-14T23:43:30.40773Z"
            }
        ],
        "last_updated": "2022-07-14T23:43:30.523508Z",
        "last_updater": 3074230,
        "last_updater_username": "circlecipublicimage",
        "name": "13.7-postgis",
        "repository": 14149928,
        "full_size": 854854484,
        "v2": true,
        "tag_status": "active",
        "tag_last_pulled": "2024-01-20T08:08:48.628522Z",
        "tag_last_pushed": "2022-07-14T23:43:30.523508Z",
        "media_type": "application/vnd.docker.container.image.v1+json",
        "content_type": "image"
    },
    {
        "creator": 3074230,
        "id": 291189533,
        "images": [
            {
                "architecture": "amd64",
                "features": "",
                "variant": null,
                "digest": "sha256:9e4a7300f1591895f3e9fdc791a728df52baf9dc4e7bbfd9e2d4e3e6b0ed29aa",
                "os": "linux",
                "os_features": "",
                "os_version": null,
                "size": 695250266,
                "status": "active",
                "last_pulled": "2024-01-20T08:08:48.980572Z",
                "last_pushed": "2022-09-15T18:56:30.933238Z"
            }
        ],
        "last_updated": "2022-09-15T18:56:31.08911Z",
        "last_updater": 3074230,
        "last_updater_username": "circlecipublicimage",
        "name": "13.8",
        "repository": 14149928,
        "full_size": 695250266,
        "v2": true,
        "tag_status": "active",
        "tag_last_pulled": "2024-01-20T08:08:48.980572Z",
        "tag_last_pushed": "2022-09-15T18:56:31.08911Z",
        "media_type": "application/vnd.docker.container.image.v1+json",
        "content_type": "image",
        "digest": "sha256:9e4a7300f1591895f3e9fdc791a728df52baf9dc4e7bbfd9e2d4e3e6b0ed29aa"
    },
    {
        "creator": 3074230,
        "id": 291189986,
        "images": [
            {
                "architecture": "amd64",
                "features": "",
                "variant": null,
                "digest": "sha256:8923422eaf3031f15d22753ff98e1bf047050a125c013209d6c417d5d039a5b9",
                "os": "linux",
                "os_features": "",
                "os_version": null,
                "size": 858801585,
                "status": "active",
                "last_pulled": "2024-01-20T08:08:49.314304Z",
                "last_pushed": "2022-09-15T18:57:15.277326Z"
            }
        ],
        "last_updated": "2022-09-15T18:57:15.408716Z",
        "last_updater": 3074230,
        "last_updater_username": "circlecipublicimage",
        "name": "13.8-postgis",
        "repository": 14149928,
        "full_size": 858801585,
        "v2": true,
        "tag_status": "active",
        "tag_last_pulled": "2024-01-20T08:08:49.314304Z",
        "tag_last_pushed": "2022-09-15T18:57:15.408716Z",
        "media_type": "application/vnd.docker.container.image.v1+json",
        "content_type": "image",
        "digest": "sha256:8923422eaf3031f15d22753ff98e1bf047050a125c013209d6c417d5d039a5b9"
    },
    {
        "creator": 3074230,
        "id": 352460917,
        "images": [
            {
                "architecture": "amd64",
                "features": "",
                "variant": null,
                "digest": "sha256:bdfcc6cb052340fcbad83fd7bdd6926eb806b5be6eb3fc73fdf082b4c1490c1d",
                "os": "linux",
                "os_features": "",
                "os_version": null,
                "size": 759200051,
                "status": "active",
                "last_pulled": "2024-01-20T08:56:16.495945Z",
                "last_pushed": "2022-12-20T00:56:42.687311Z"
            }
        ],
        "last_updated": "2022-12-20T00:56:42.785244Z",
        "last_updater": 3074230,
        "last_updater_username": "circlecipublicimage",
        "name": "13.9",
        "repository": 14149928,
        "full_size": 759200051,
        "v2": true,
        "tag_status": "active",
        "tag_last_pulled": "2024-01-20T08:56:16.495945Z",
        "tag_last_pushed": "2022-12-20T00:56:42.785244Z",
        "media_type": "application/vnd.docker.container.image.v1+json",
        "content_type": "image",
        "digest": "sha256:bdfcc6cb052340fcbad83fd7bdd6926eb806b5be6eb3fc73fdf082b4c1490c1d"
    },
    {
        "creator": 3074230,
        "id": 352461170,
        "images": [
            {
                "architecture": "amd64",
                "features": "",
                "variant": null,
                "digest": "sha256:dc3b6ddabaec13b6c601ec51c904c88bffc5c9e4640b639fda2915a44a1fee40",
                "os": "linux",
                "os_features": "",
                "os_version": null,
                "size": 940121399,
                "status": "active",
                "last_pulled": "2024-01-20T08:08:50.360043Z",
                "last_pushed": "2022-12-20T00:57:21.032861Z"
            }
        ],
        "last_updated": "2022-12-20T00:57:21.144773Z",
        "last_updater": 3074230,
        "last_updater_username": "circlecipublicimage",
        "name": "13.9-postgis",
        "repository": 14149928,
        "full_size": 940121399,
        "v2": true,
        "tag_status": "active",
        "tag_last_pulled": "2024-01-20T08:08:50.360043Z",
        "tag_last_pushed": "2022-12-20T00:57:21.144773Z",
        "media_type": "application/vnd.docker.container.image.v1+json",
        "content_type": "image",
        "digest": "sha256:dc3b6ddabaec13b6c601ec51c904c88bffc5c9e4640b639fda2915a44a1fee40"
    },
    {
        "creator": 3074230,
        "id": 172839725,
        "images": [
            {
                "architecture": "amd64",
                "features": "",
                "variant": null,
                "digest": "sha256:777b9dc67516875ab66bb137f5cd78e9d4d1d191ba4c9e3b33c82bdfab2e1dbe",
                "os": "linux",
                "os_features": "",
                "os_version": null,
                "size": 659603854,
                "status": "active",
                "last_pulled": "2024-01-20T08:53:43.976291Z",
                "last_pushed": "2021-12-03T16:02:04.659576Z"
            }
        ],
        "last_updated": "2021-12-03T16:02:04.659576Z",
        "last_updater": 3074230,
        "last_updater_username": "circlecipublicimage",
        "name": "14.0",
        "repository": 14149928,
        "full_size": 659603854,
        "v2": true,
        "tag_status": "active",
        "tag_last_pulled": "2024-01-20T08:53:43.976291Z",
        "tag_last_pushed": "2021-12-03T16:02:04.659576Z",
        "media_type": "application/vnd.docker.container.image.v1+json",
        "content_type": "image"
    },
    {
        "creator": 3074230,
        "id": 172839911,
        "images": [
            {
                "architecture": "amd64",
                "features": "",
                "variant": null,
                "digest": "sha256:7d9b029d7da2d6708acdd98769b5f1a4722f898b31af5a21bda4981a537c2a41",
                "os": "linux",
                "os_features": "",
                "os_version": null,
                "size": 824513104,
                "status": "active",
                "last_pulled": "2024-01-20T08:08:51.023154Z",
                "last_pushed": "2021-12-03T16:02:48.171436Z"
            }
        ],
        "last_updated": "2021-12-03T16:02:48.171436Z",
        "last_updater": 3074230,
        "last_updater_username": "circlecipublicimage",
        "name": "14.0-postgis",
        "repository": 14149928,
        "full_size": 824513104,
        "v2": true,
        "tag_status": "active",
        "tag_last_pulled": "2024-01-20T08:08:51.023154Z",
        "tag_last_pushed": "2021-12-03T16:02:48.171436Z",
        "media_type": "application/vnd.docker.container.image.v1+json",
        "content_type": "image"
    },
    {
        "creator": 3074230,
        "id": 181170170,
        "images": [
            {
                "architecture": "amd64",
                "features": "",
                "variant": null,
                "digest": "sha256:b8d2226ab439c2591f5539075443f3c59e1e74f73dbcc600634c0fc87338addc",
                "os": "linux",
                "os_features": "",
                "os_version": null,
                "size": 659661893,
                "status": "active",
                "last_pulled": "2024-01-20T09:36:56.664449Z",
                "last_pushed": "2021-12-07T23:37:14.525769Z"
            }
        ],
        "last_updated": "2021-12-07T23:37:14.525769Z",
        "last_updater": 3074230,
        "last_updater_username": "circlecipublicimage",
        "name": "14.1",
        "repository": 14149928,
        "full_size": 659661893,
        "v2": true,
        "tag_status": "active",
        "tag_last_pulled": "2024-01-20T09:36:56.664449Z",
        "tag_last_pushed": "2021-12-07T23:37:14.525769Z",
        "media_type": "application/vnd.docker.container.image.v1+json",
        "content_type": "image"
    },
    {
        "creator": 3074230,
        "id": 181170183,
        "images": [
            {
                "architecture": "amd64",
                "features": "",
                "variant": null,
                "digest": "sha256:e0aa2fd37d3d816c9171643c7fb17c9651692b216166520564851f1c2cfe389b",
                "os": "linux",
                "os_features": "",
                "os_version": null,
                "size": 824763965,
                "status": "active",
                "last_pulled": "2024-01-20T07:37:29.113226Z",
                "last_pushed": "2021-12-07T23:37:56.944317Z"
            }
        ],
        "last_updated": "2021-12-07T23:37:56.944317Z",
        "last_updater": 3074230,
        "last_updater_username": "circlecipublicimage",
        "name": "14.1-postgis",
        "repository": 14149928,
        "full_size": 824763965,
        "v2": true,
        "tag_status": "active",
        "tag_last_pulled": "2024-01-20T07:37:29.113226Z",
        "tag_last_pushed": "2021-12-07T23:37:56.944317Z",
        "media_type": "application/vnd.docker.container.image.v1+json",
        "content_type": "image"
    },
    {
        "creator": 3074230,
        "id": 200427874,
        "images": [
            {
                "architecture": "amd64",
                "features": "",
                "variant": null,
                "digest": "sha256:bfe1c40376c5ecc75892f1f84bb66b621f1976b81e3c8f8b7e53326a8536f5f4",
                "os": "linux",
                "os_features": "",
                "os_version": null,
                "size": 717791536,
                "status": "active",
                "last_pulled": "2024-01-20T09:46:40.068024Z",
                "last_pushed": "2022-03-30T22:18:36.425393Z"
            }
        ],
        "last_updated": "2022-03-30T22:18:36.546838Z",
        "last_updater": 3074230,
        "last_updater_username": "circlecipublicimage",
        "name": "14.2",
        "repository": 14149928,
        "full_size": 717791536,
        "v2": true,
        "tag_status": "active",
        "tag_last_pulled": "2024-01-20T09:46:40.068024Z",
        "tag_last_pushed": "2022-03-30T22:18:36.546838Z",
        "media_type": "application/vnd.docker.container.image.v1+json",
        "content_type": "image"
    },
    {
        "creator": 3074230,
        "id": 200427989,
        "images": [
            {
                "architecture": "amd64",
                "features": "",
                "variant": null,
                "digest": "sha256:25f38daa89dfcfaf97d8dbffe6eeca7b8c83126ad28dd8bee4cae28ae0c031dc",
                "os": "linux",
                "os_features": "",
                "os_version": null,
                "size": 881590345,
                "status": "active",
                "last_pulled": "2024-01-20T08:08:53.726443Z",
                "last_pushed": "2022-03-30T22:19:15.635576Z"
            }
        ],
        "last_updated": "2022-03-30T22:19:15.743419Z",
        "last_updater": 3074230,
        "last_updater_username": "circlecipublicimage",
        "name": "14.2-postgis",
        "repository": 14149928,
        "full_size": 881590345,
        "v2": true,
        "tag_status": "active",
        "tag_last_pulled": "2024-01-20T08:08:53.726443Z",
        "tag_last_pushed": "2022-03-30T22:19:15.743419Z",
        "media_type": "application/vnd.docker.container.image.v1+json",
        "content_type": "image"
    },
    {
        "creator": 3074230,
        "id": 253780623,
        "images": [
            {
                "architecture": "amd64",
                "features": "",
                "variant": null,
                "digest": "sha256:b93ee8ab7500a2e7f0c11327d4b9fa85aaf26e59aaebde597a0e7067c05d9868",
                "os": "linux",
                "os_features": "",
                "os_version": null,
                "size": 695368873,
                "status": "active",
                "last_pulled": "2024-01-20T09:12:58.440885Z",
                "last_pushed": "2022-07-14T23:44:35.458626Z"
            }
        ],
        "last_updated": "2022-07-14T23:44:35.574654Z",
        "last_updater": 3074230,
        "last_updater_username": "circlecipublicimage",
        "name": "14.3",
        "repository": 14149928,
        "full_size": 695368873,
        "v2": true,
        "tag_status": "active",
        "tag_last_pulled": "2024-01-20T09:12:58.440885Z",
        "tag_last_pushed": "2022-07-14T23:44:35.574654Z",
        "media_type": "application/vnd.docker.container.image.v1+json",
        "content_type": "image"
    },
    {
        "creator": 3074230,
        "id": 253781088,
        "images": [
            {
                "architecture": "amd64",
                "features": "",
                "variant": null,
                "digest": "sha256:5ecbcc6894367285a13abd1099d41cb43f11ecab4df866c19160c09b3653b841",
                "os": "linux",
                "os_features": "",
                "os_version": null,
                "size": 859183927,
                "status": "active",
                "last_pulled": "2024-01-20T08:08:54.402938Z",
                "last_pushed": "2022-07-14T23:45:17.754097Z"
            }
        ],
        "last_updated": "2022-07-14T23:45:17.874859Z",
        "last_updater": 3074230,
        "last_updater_username": "circlecipublicimage",
        "name": "14.3-postgis",
        "repository": 14149928,
        "full_size": 859183927,
        "v2": true,
        "tag_status": "active",
        "tag_last_pulled": "2024-01-20T08:08:54.402938Z",
        "tag_last_pushed": "2022-07-14T23:45:17.874859Z",
        "media_type": "application/vnd.docker.container.image.v1+json",
        "content_type": "image"
    },
    {
        "creator": 3074230,
        "id": 253781879,
        "images": [
            {
                "architecture": "amd64",
                "features": "",
                "variant": null,
                "digest": "sha256:ee969bbd632def7d58d4bc03c26f4cb364ef512b0af725c7fffe14faa448d6a4",
                "os": "linux",
                "os_features": "",
                "os_version": null,
                "size": 695413863,
                "status": "active",
                "last_pulled": "2024-01-20T08:56:58.23145Z",
                "last_pushed": "2022-07-14T23:46:23.361932Z"
            }
        ],
        "last_updated": "2022-07-14T23:46:23.463977Z",
        "last_updater": 3074230,
        "last_updater_username": "circlecipublicimage",
        "name": "14.4",
        "repository": 14149928,
        "full_size": 695413863,
        "v2": true,
        "tag_status": "active",
        "tag_last_pulled": "2024-01-20T08:56:58.23145Z",
        "tag_last_pushed": "2022-07-14T23:46:23.463977Z",
        "media_type": "application/vnd.docker.container.image.v1+json",
        "content_type": "image"
    },
    {
        "creator": 3074230,
        "id": 253782425,
        "images": [
            {
                "architecture": "amd64",
                "features": "",
                "variant": null,
                "digest": "sha256:492a389895568e2f89a03c0c45c19350888611001123514623551a014e83a625",
                "os": "linux",
                "os_features": "",
                "os_version": null,
                "size": 859228357,
                "status": "active",
                "last_pulled": "2024-01-20T08:08:55.15046Z",
                "last_pushed": "2022-07-14T23:47:05.018362Z"
            }
        ],
        "last_updated": "2022-07-14T23:47:05.188306Z",
        "last_updater": 3074230,
        "last_updater_username": "circlecipublicimage",
        "name": "14.4-postgis",
        "repository": 14149928,
        "full_size": 859228357,
        "v2": true,
        "tag_status": "active",
        "tag_last_pulled": "2024-01-20T08:08:55.15046Z",
        "tag_last_pushed": "2022-07-14T23:47:05.188306Z",
        "media_type": "application/vnd.docker.container.image.v1+json",
        "content_type": "image"
    },
    {
        "creator": 3074230,
        "id": 291190582,
        "images": [
            {
                "architecture": "amd64",
                "features": "",
                "variant": null,
                "digest": "sha256:de5863a6ebbe87f29237e5b258378d3afd6f98748dad3fda31e1244c745b1adc",
                "os": "linux",
                "os_features": "",
                "os_version": null,
                "size": 699447447,
                "status": "active",
                "last_pulled": "2024-01-20T09:11:25.58674Z",
                "last_pushed": "2022-09-15T18:58:23.154629Z"
            }
        ],
        "last_updated": "2022-09-15T18:58:23.267318Z",
        "last_updater": 3074230,
        "last_updater_username": "circlecipublicimage",
        "name": "14.5",
        "repository": 14149928,
        "full_size": 699447447,
        "v2": true,
        "tag_status": "active",
        "tag_last_pulled": "2024-01-20T09:11:25.58674Z",
        "tag_last_pushed": "2022-09-15T18:58:23.267318Z",
        "media_type": "application/vnd.docker.container.image.v1+json",
        "content_type": "image",
        "digest": "sha256:de5863a6ebbe87f29237e5b258378d3afd6f98748dad3fda31e1244c745b1adc"
    },
    {
        "creator": 3074230,
        "id": 291190968,
        "images": [
            {
                "architecture": "amd64",
                "features": "",
                "variant": null,
                "digest": "sha256:50b923432f01af151c5082b014edddfc95028c694acf156517e72143de95c40a",
                "os": "linux",
                "os_features": "",
                "os_version": null,
                "size": 863183219,
                "status": "active",
                "last_pulled": "2024-01-20T09:47:05.012336Z",
                "last_pushed": "2022-09-15T18:59:08.020236Z"
            }
        ],
        "last_updated": "2022-09-15T18:59:08.157306Z",
        "last_updater": 3074230,
        "last_updater_username": "circlecipublicimage",
        "name": "14.5-postgis",
        "repository": 14149928,
        "full_size": 863183219,
        "v2": true,
        "tag_status": "active",
        "tag_last_pulled": "2024-01-20T09:47:05.012336Z",
        "tag_last_pushed": "2022-09-15T18:59:08.157306Z",
        "media_type": "application/vnd.docker.container.image.v1+json",
        "content_type": "image",
        "digest": "sha256:50b923432f01af151c5082b014edddfc95028c694acf156517e72143de95c40a"
    },
    {
        "creator": 3074230,
        "id": 352461651,
        "images": [
            {
                "architecture": "amd64",
                "features": "",
                "variant": null,
                "digest": "sha256:0474f39eddb27e1b099d4a16109e65fd7feaf41cb03eae81e29aa2d13d235aa9",
                "os": "linux",
                "os_features": "",
                "os_version": null,
                "size": 763282292,
                "status": "active",
                "last_pulled": "2024-01-20T07:47:20.696281Z",
                "last_pushed": "2022-12-20T00:58:21.066994Z"
            }
        ],
        "last_updated": "2022-12-20T00:58:21.185624Z",
        "last_updater": 3074230,
        "last_updater_username": "circlecipublicimage",
        "name": "14.6",
        "repository": 14149928,
        "full_size": 763282292,
        "v2": true,
        "tag_status": "active",
        "tag_last_pulled": "2024-01-20T07:47:20.696281Z",
        "tag_last_pushed": "2022-12-20T00:58:21.185624Z",
        "media_type": "application/vnd.docker.container.image.v1+json",
        "content_type": "image",
        "digest": "sha256:0474f39eddb27e1b099d4a16109e65fd7feaf41cb03eae81e29aa2d13d235aa9"
    },
    {
        "creator": 3074230,
        "id": 352461966,
        "images": [
            {
                "architecture": "amd64",
                "features": "",
                "variant": null,
                "digest": "sha256:8633c6bf8ed0a4fc84ec63447090885e6e0a87c8296a737c3ead572f7c01102b",
                "os": "linux",
                "os_features": "",
                "os_version": null,
                "size": 944328525,
                "status": "active",
                "last_pulled": "2024-01-20T08:08:56.783049Z",
                "last_pushed": "2022-12-20T00:58:59.744466Z"
            }
        ],
        "last_updated": "2022-12-20T00:58:59.863706Z",
        "last_updater": 3074230,
        "last_updater_username": "circlecipublicimage",
        "name": "14.6-postgis",
        "repository": 14149928,
        "full_size": 944328525,
        "v2": true,
        "tag_status": "active",
        "tag_last_pulled": "2024-01-20T08:08:56.783049Z",
        "tag_last_pushed": "2022-12-20T00:58:59.863706Z",
        "media_type": "application/vnd.docker.container.image.v1+json",
        "content_type": "image",
        "digest": "sha256:8633c6bf8ed0a4fc84ec63447090885e6e0a87c8296a737c3ead572f7c01102b"
    },
    {
        "creator": 3074230,
        "id": 325312775,
        "images": [
            {
                "architecture": "amd64",
                "features": "",
                "variant": null,
                "digest": "sha256:ccc0a62396419dd630be7b737de5977e81c9ccd1278e1efafce1f3272226149d",
                "os": "linux",
                "os_features": "",
                "os_version": null,
                "size": 764117956,
                "status": "active",
                "last_pulled": "2024-01-20T08:08:58.876987Z",
                "last_pushed": "2022-11-07T21:16:03.878397Z"
            }
        ],
        "last_updated": "2022-11-07T21:16:03.995236Z",
        "last_updater": 3074230,
        "last_updater_username": "circlecipublicimage",
        "name": "15.0",
        "repository": 14149928,
        "full_size": 764117956,
        "v2": true,
        "tag_status": "active",
        "tag_last_pulled": "2024-01-20T08:08:58.876987Z",
        "tag_last_pushed": "2022-11-07T21:16:03.995236Z",
        "media_type": "application/vnd.docker.container.image.v1+json",
        "content_type": "image",
        "digest": "sha256:ccc0a62396419dd630be7b737de5977e81c9ccd1278e1efafce1f3272226149d"
    },
    {
        "creator": 3074230,
        "id": 325313036,
        "images": [
            {
                "architecture": "amd64",
                "features": "",
                "variant": null,
                "digest": "sha256:26438163b4af0b9612a91c0141611e54fce4bf64586605f2dd1304194ebfb2ed",
                "os": "linux",
                "os_features": "",
                "os_version": null,
                "size": 941007484,
                "status": "active",
                "last_pulled": "2024-01-20T08:08:59.228446Z",
                "last_pushed": "2022-11-07T21:16:30.201483Z"
            }
        ],
        "last_updated": "2022-11-07T21:16:30.32446Z",
        "last_updater": 3074230,
        "last_updater_username": "circlecipublicimage",
        "name": "15.0-postgis",
        "repository": 14149928,
        "full_size": 941007484,
        "v2": true,
        "tag_status": "active",
        "tag_last_pulled": "2024-01-20T08:08:59.228446Z",
        "tag_last_pushed": "2022-11-07T21:16:30.32446Z",
        "media_type": "application/vnd.docker.container.image.v1+json",
        "content_type": "image",
        "digest": "sha256:26438163b4af0b9612a91c0141611e54fce4bf64586605f2dd1304194ebfb2ed"
    },
    {
        "creator": 3074230,
        "id": 352462454,
        "images": [
            {
                "architecture": "amd64",
                "features": "",
                "variant": null,
                "digest": "sha256:0040399a0fbb8a369de2264878b9d1fc3ed0e6cc93f1cbc2764bde15aba93e2a",
                "os": "linux",
                "os_features": "",
                "os_version": null,
                "size": 765573836,
                "status": "active",
                "last_pulled": "2024-01-20T09:35:18.911166Z",
                "last_pushed": "2022-12-20T01:00:05.125301Z"
            }
        ],
        "last_updated": "2022-12-20T01:00:05.23106Z",
        "last_updater": 3074230,
        "last_updater_username": "circlecipublicimage",
        "name": "15.1",
        "repository": 14149928,
        "full_size": 765573836,
        "v2": true,
        "tag_status": "active",
        "tag_last_pulled": "2024-01-20T09:35:18.911166Z",
        "tag_last_pushed": "2022-12-20T01:00:05.23106Z",
        "media_type": "application/vnd.docker.container.image.v1+json",
        "content_type": "image",
        "digest": "sha256:0040399a0fbb8a369de2264878b9d1fc3ed0e6cc93f1cbc2764bde15aba93e2a"
    },
    {
        "creator": 3074230,
        "id": 352462974,
        "images": [
            {
                "architecture": "amd64",
                "features": "",
                "variant": null,
                "digest": "sha256:feadf37f498fec1db3d9b9fc3d72fecd6fd54a0d67f305b6b3769a2c14959aca",
                "os": "linux",
                "os_features": "",
                "os_version": null,
                "size": 946815154,
                "status": "active",
                "last_pulled": "2024-01-20T08:08:59.978827Z",
                "last_pushed": "2022-12-20T01:00:44.195291Z"
            }
        ],
        "last_updated": "2022-12-20T01:00:44.338345Z",
        "last_updater": 3074230,
        "last_updater_username": "circlecipublicimage",
        "name": "15.1-postgis",
        "repository": 14149928,
        "full_size": 946815154,
        "v2": true,
        "tag_status": "active",
        "tag_last_pulled": "2024-01-20T08:08:59.978827Z",
        "tag_last_pushed": "2022-12-20T01:00:44.338345Z",
        "media_type": "application/vnd.docker.container.image.v1+json",
        "content_type": "image",
        "digest": "sha256:feadf37f498fec1db3d9b9fc3d72fecd6fd54a0d67f305b6b3769a2c14959aca"
    },
    {
        "creator": 3074230,
        "id": 152500749,
        "images": [
            {
                "architecture": "amd64",
                "features": "",
                "variant": null,
                "digest": "sha256:ddabeaf6eaa636d55d9be84665552ac5c0a63cfc6b6ea7462e85f4655abe6821",
                "os": "linux",
                "os_features": "",
                "os_version": null,
                "size": 624193324,
                "status": "active",
                "last_pulled": "2024-01-20T09:09:16.601359Z",
                "last_pushed": "2021-12-07T23:29:20.878166Z"
            }
        ],
        "last_updated": "2021-12-07T23:29:20.878166Z",
        "last_updater": 3074230,
        "last_updater_username": "circlecipublicimage",
        "name": "9.6",
        "repository": 14149928,
        "full_size": 624193324,
        "v2": true,
        "tag_status": "active",
        "tag_last_pulled": "2024-01-20T09:09:16.601359Z",
        "tag_last_pushed": "2021-12-07T23:29:20.878166Z",
        "media_type": "application/vnd.docker.container.image.v1+json",
        "content_type": "image"
    },
    {
        "creator": 3074230,
        "id": 172639069,
        "images": [
            {
                "architecture": "amd64",
                "features": "",
                "variant": null,
                "digest": "sha256:bf4c9a30c7ec6842a2d9d2c8ec1ef501da69a61dd1152d9dcb7f7efc0d7fe04b",
                "os": "linux",
                "os_features": "",
                "os_version": null,
                "size": 780585649,
                "status": "active",
                "last_pulled": "2024-01-20T08:09:05.033493Z",
                "last_pushed": "2021-12-07T23:30:06.155968Z"
            }
        ],
        "last_updated": "2021-12-07T23:30:06.155968Z",
        "last_updater": 3074230,
        "last_updater_username": "circlecipublicimage",
        "name": "9.6-postgis",
        "repository": 14149928,
        "full_size": 780585649,
        "v2": true,
        "tag_status": "active",
        "tag_last_pulled": "2024-01-20T08:09:05.033493Z",
        "tag_last_pushed": "2021-12-07T23:30:06.155968Z",
        "media_type": "application/vnd.docker.container.image.v1+json",
        "content_type": "image"
    },
    {
        "creator": 3074230,
        "id": 152500750,
        "images": [
            {
                "architecture": "amd64",
                "features": "",
                "variant": null,
                "digest": "sha256:102fb4f29b36aedeba3994408aaca7052a8a5f7147d8e8371ddffb76d18b26f6",
                "os": "linux",
                "os_features": "",
                "os_version": null,
                "size": 624046250,
                "status": "active",
                "last_pulled": "2024-01-20T08:09:05.331616Z",
                "last_pushed": "2021-12-03T16:04:25.115778Z"
            }
        ],
        "last_updated": "2021-12-03T16:04:25.115778Z",
        "last_updater": 3074230,
        "last_updater_username": "circlecipublicimage",
        "name": "9.6.22",
        "repository": 14149928,
        "full_size": 624046250,
        "v2": true,
        "tag_status": "active",
        "tag_last_pulled": "2024-01-20T08:09:05.331616Z",
        "tag_last_pushed": "2021-12-03T16:04:25.115778Z",
        "media_type": "application/vnd.docker.container.image.v1+json",
        "content_type": "image"
    },
    {
        "creator": 3074230,
        "id": 172639071,
        "images": [
            {
                "architecture": "amd64",
                "features": "",
                "variant": null,
                "digest": "sha256:1d49a187acaf4606ecb357185ecbd6ce5c55734ee2d7c039e15e70764bc4bffd",
                "os": "linux",
                "os_features": "",
                "os_version": null,
                "size": 780244849,
                "status": "active",
                "last_pulled": "2024-01-20T08:09:05.784429Z",
                "last_pushed": "2021-12-03T16:04:25.286471Z"
            }
        ],
        "last_updated": "2021-12-03T16:04:25.286471Z",
        "last_updater": 3074230,
        "last_updater_username": "circlecipublicimage",
        "name": "9.6.22-postgis",
        "repository": 14149928,
        "full_size": 780244849,
        "v2": true,
        "tag_status": "active",
        "tag_last_pulled": "2024-01-20T08:09:05.784429Z",
        "tag_last_pushed": "2021-12-03T16:04:25.286471Z",
        "media_type": "application/vnd.docker.container.image.v1+json",
        "content_type": "image"
    },
    {
        "creator": 3074230,
        "id": 172840064,
        "images": [
            {
                "architecture": "amd64",
                "features": "",
                "variant": null,
                "digest": "sha256:8e0bd70e3d0ad0c262f262bff5cadc56969361b97ce7adcd912b5c3bd5a0c816",
                "os": "linux",
                "os_features": "",
                "os_version": null,
                "size": 624128089,
                "status": "active",
                "last_pulled": "2024-01-20T08:09:06.024662Z",
                "last_pushed": "2021-12-07T21:03:18.21673Z"
            }
        ],
        "last_updated": "2021-12-07T21:03:16.26638Z",
        "last_updater": 3074230,
        "last_updater_username": "circlecipublicimage",
        "name": "9.6.23",
        "repository": 14149928,
        "full_size": 624128089,
        "v2": true,
        "tag_status": "active",
        "tag_last_pulled": "2024-01-20T08:09:06.024662Z",
        "tag_last_pushed": "2021-12-07T21:03:16.26638Z",
        "media_type": "application/vnd.docker.container.image.v1+json",
        "content_type": "image"
    },
    {
        "creator": 3074230,
        "id": 172840065,
        "images": [
            {
                "architecture": "amd64",
                "features": "",
                "variant": null,
                "digest": "sha256:e60c44bb50e98c9b394202e8aafe989bea38b5f1afeef71f1ee772d839c21742",
                "os": "linux",
                "os_features": "",
                "os_version": null,
                "size": 780520748,
                "status": "active",
                "last_pulled": "2024-01-20T08:09:06.367507Z",
                "last_pushed": "2021-12-07T21:03:59.32028Z"
            }
        ],
        "last_updated": "2021-12-07T21:03:57.29195Z",
        "last_updater": 3074230,
        "last_updater_username": "circlecipublicimage",
        "name": "9.6.23-postgis",
        "repository": 14149928,
        "full_size": 780520748,
        "v2": true,
        "tag_status": "active",
        "tag_last_pulled": "2024-01-20T08:09:06.367507Z",
        "tag_last_pushed": "2021-12-07T21:03:57.29195Z",
        "media_type": "application/vnd.docker.container.image.v1+json",
        "content_type": "image"
    },
    {
        "creator": 3074230,
        "id": 181168733,
        "images": [
            {
                "architecture": "amd64",
                "features": "",
                "variant": null,
                "digest": "sha256:ddabeaf6eaa636d55d9be84665552ac5c0a63cfc6b6ea7462e85f4655abe6821",
                "os": "linux",
                "os_features": "",
                "os_version": null,
                "size": 624193324,
                "status": "active",
                "last_pulled": "2024-01-20T09:09:16.601359Z",
                "last_pushed": "2021-12-07T23:29:20.878166Z"
            }
        ],
        "last_updated": "2021-12-07T23:29:19.478244Z",
        "last_updater": 3074230,
        "last_updater_username": "circlecipublicimage",
        "name": "9.6.24",
        "repository": 14149928,
        "full_size": 624193324,
        "v2": true,
        "tag_status": "active",
        "tag_last_pulled": "2024-01-20T09:09:16.601359Z",
        "tag_last_pushed": "2021-12-07T23:29:19.478244Z",
        "media_type": "application/vnd.docker.container.image.v1+json",
        "content_type": "image"
    },
    {
        "creator": 3074230,
        "id": 181168865,
        "images": [
            {
                "architecture": "amd64",
                "features": "",
                "variant": null,
                "digest": "sha256:bf4c9a30c7ec6842a2d9d2c8ec1ef501da69a61dd1152d9dcb7f7efc0d7fe04b",
                "os": "linux",
                "os_features": "",
                "os_version": null,
                "size": 780585649,
                "status": "active",
                "last_pulled": "2024-01-20T08:09:05.033493Z",
                "last_pushed": "2021-12-07T23:30:06.155968Z"
            }
        ],
        "last_updated": "2021-12-07T23:30:04.712254Z",
        "last_updater": 3074230,
        "last_updater_username": "circlecipublicimage",
        "name": "9.6.24-postgis",
        "repository": 14149928,
        "full_size": 780585649,
        "v2": true,
        "tag_status": "active",
        "tag_last_pulled": "2024-01-20T08:09:05.033493Z",
        "tag_last_pushed": "2021-12-07T23:30:04.712254Z",
        "media_type": "application/vnd.docker.container.image.v1+json",
        "content_type": "image"
    }
]