[
    {
        "creator": 788441,
        "id": 123503733,
        "images": [
            {
                "architecture": "amd64",
                "features": "",
                "variant": null,
                "digest": "sha256:e16f3eadf23c6d2eceabfeae2fcf6478e84c5b8acaaf5cffd34cf964798004a5",
                "os": "linux",
                "os_features": "",
                "os_version": null,
                "size": 596382,
                "status": "active",
                "last_pulled": "2024-01-20T08:47:49.268857Z",
                "last_pushed": "2020-10-28T16:05:05.430942Z"
            }
        ],
        "last_updated": "2020-10-28T16:04:31.893581Z",
        "last_updater": 788441,
        "last_updater_username": "gtardif",
        "name": "0.1-test",
        "repository": 10063519,
        "full_size": 596382,
        "v2": true,
        "tag_status": "active",
        "tag_last_pulled": "2024-01-20T08:47:49.268857Z",
        "tag_last_pushed": "2020-10-28T16:04:31.893581Z",
        "media_type": "application/vnd.docker.container.image.v1+json",
        "content_type": "image"
    },
    {
        "creator": 788441,
        "id": 123503914,
        "images": [
            {
                "architecture": "amd64",
                "features": "",
                "variant": null,
                "digest": "sha256:e16f3eadf23c6d2eceabfeae2fcf6478e84c5b8acaaf5cffd34cf964798004a5",
                "os": "linux",
                "os_features": "",
                "os_version": null,
                "size": 596382,
                "status": "active",
                "last_pulled": "2024-01-20T08:47:49.268857Z",
                "last_pushed": "2020-10-28T16:05:05.430942Z"
            }
        ],
        "last_updated": "2020-10-28T16:05:05.430942Z",
        "last_updater": 788441,
        "last_updater_username": "gtardif",
        "name": "1.0",
        "repository": 10063519,
        "full_size": 596382,
        "v2": true,
        "tag_status": "active",
        "tag_last_pulled": "2024-01-20T08:47:49.268857Z",
        "tag_last_pushed": "2020-10-28T16:05:05.430942Z",
        "media_type": "application/vnd.docker.container.image.v1+json",
        "content_type": "image"
    }
]