[
    {
        "creator": 39525,
        "id": 5106784,
        "images": [
            {
                "architecture": "amd64",
                "features": "",
                "variant": null,
                "digest": "sha256:6747650a33f3e78fbf41b4b4011c9dece8136de4bfab21e1843bcad3e12b99b4",
                "os": "linux",
                "os_features": "",
                "os_version": null,
                "size": 1970318,
                "status": "inactive",
                "last_pulled": null,
                "last_pushed": null
            }
        ],
        "last_updated": "2016-09-28T01:40:15.293428Z",
        "last_updater": 39525,
        "last_updater_username": "sethvargo",
        "name": "0.1.0",
        "repository": 944334,
        "full_size": 1970318,
        "v2": true,
        "tag_status": "inactive",
        "tag_last_pulled": null,
        "tag_last_pushed": "2016-09-28T01:40:15.293428Z",
        "media_type": "application/vnd.docker.container.image.v1+json",
        "content_type": "image"
    },
    {
        "creator": 39525,
        "id": 5107361,
        "images": [
            {
                "architecture": "amd64",
                "features": "",
                "variant": null,
                "digest": "sha256:42f9f58a7c22d346dc0d557ccfb98416cdea136f03369a0a1467fefab572630a",
                "os": "linux",
                "os_features": "",
                "os_version": null,
                "size": 1943095,
                "status": "inactive",
                "last_pulled": null,
                "last_pushed": null
            }
        ],
        "last_updated": "2016-09-28T01:40:40.520214Z",
        "last_updater": 39525,
        "last_updater_username": "sethvargo",
        "name": "0.1.1",
        "repository": 944334,
        "full_size": 1943095,
        "v2": true,
        "tag_status": "inactive",
        "tag_last_pulled": null,
        "tag_last_pushed": "2016-09-28T01:40:40.520214Z",
        "media_type": "application/vnd.docker.container.image.v1+json",
        "content_type": "image"
    },
    {
        "creator": 39525,
        "id": 5128820,
        "images": [
            {
                "architecture": "amd64",
                "features": "",
                "variant": null,
                "digest": "sha256:cef5f4fb99a8801914c8a6c5bc6845b7724dc562587b902fd98e5ecbd77250e5",
                "os": "linux",
                "os_features": "",
                "os_version": null,
                "size": 1943098,
                "status": "inactive",
                "last_pulled": null,
                "last_pushed": null
            }
        ],
        "last_updated": "2016-09-28T21:24:39.283386Z",
        "last_updater": 39525,
        "last_updater_username": "sethvargo",
        "name": "0.1.2",
        "repository": 944334,
        "full_size": 1943098,
        "v2": true,
        "tag_status": "inactive",
        "tag_last_pulled": null,
        "tag_last_pushed": "2016-09-28T21:24:39.283386Z",
        "media_type": "application/vnd.docker.container.image.v1+json",
        "content_type": "image"
    },
    {
        "creator": 39525,
        "id": 5178634,
        "images": [
            {
                "architecture": "amd64",
                "features": "",
                "variant": null,
                "digest": "sha256:f4decf16a72b6da174667621c5d05a76b3ab5fada53e4ed6e22ff48dd28bcf69",
                "os": "linux",
                "os_features": "",
                "os_version": null,
                "size": 1945044,
                "status": "inactive",
                "last_pulled": null,
                "last_pushed": null
            }
        ],
        "last_updated": "2016-09-30T21:34:28.461506Z",
        "last_updater": 39525,
        "last_updater_username": "sethvargo",
        "name": "0.1.3",
        "repository": 944334,
        "full_size": 1945044,
        "v2": true,
        "tag_status": "inactive",
        "tag_last_pulled": null,
        "tag_last_pushed": "2016-09-30T21:34:28.461506Z",
        "media_type": "application/vnd.docker.container.image.v1+json",
        "content_type": "image"
    },
    {
        "creator": 39525,
        "id": 5662037,
        "images": [
            {
                "architecture": "amd64",
                "features": "",
                "variant": null,
                "digest": "sha256:e15263297b804382573c9a283280ea00ae1a79c227d3eaf29908633d294a4c76",
                "os": "linux",
                "os_features": "",
                "os_version": null,
                "size": 1369424,
                "status": "inactive",
                "last_pulled": null,
                "last_pushed": null
            }
        ],
        "last_updated": "2016-10-24T22:16:44.98926Z",
        "last_updater": 39525,
        "last_updater_username": "sethvargo",
        "name": "0.2.0",
        "repository": 944334,
        "full_size": 1369424,
        "v2": true,
        "tag_status": "inactive",
        "tag_last_pulled": null,
        "tag_last_pushed": "2016-10-24T22:16:44.98926Z",
        "media_type": "application/vnd.docker.container.image.v1+json",
        "content_type": "image"
    },
    {
        "creator": 39525,
        "id": 5662345,
        "images": [
            {
                "architecture": "amd64",
                "features": "",
                "variant": null,
                "digest": "sha256:50a1a1d3781e3dc78f573e49c845ea8d3d4e4b7bf4eb9be7767e68a6d3b9adbc",
                "os": "linux",
                "os_features": "",
                "os_version": null,
                "size": 1369388,
                "status": "inactive",
                "last_pulled": null,
                "last_pushed": null
            }
        ],
        "last_updated": "2016-10-24T22:31:23.12242Z",
        "last_updater": 39525,
        "last_updater_username": "sethvargo",
        "name": "0.2.1",
        "repository": 944334,
        "full_size": 1369388,
        "v2": true,
        "tag_status": "inactive",
        "tag_last_pulled": null,
        "tag_last_pushed": "2016-10-24T22:31:23.12242Z",
        "media_type": "application/vnd.docker.container.image.v1+json",
        "content_type": "image"
    },
    {
        "creator": 39525,
        "id": 11271161,
        "images": [
            {
                "architecture": "amd64",
                "features": "",
                "variant": null,
                "digest": "sha256:a6838e9a6ff6ab3624720a7bd36152dda540ce3987714398003e14780e61478a",
                "os": "linux",
                "os_features": "",
                "os_version": null,
                "size": 1532396,
                "status": "inactive",
                "last_pulled": null,
                "last_pushed": null
            }
        ],
        "last_updated": "2017-05-25T16:39:11.837542Z",
        "last_updater": 39525,
        "last_updater_username": "sethvargo",
        "name": "0.2.3",
        "repository": 944334,
        "full_size": 1532396,
        "v2": true,
        "tag_status": "inactive",
        "tag_last_pulled": null,
        "tag_last_pushed": "2017-05-25T16:39:11.837542Z",
        "media_type": "application/vnd.docker.container.image.v1+json",
        "content_type": "image"
    },
    {
        "creator": 6194909,
        "id": 193112187,
        "images": [
            {
                "architecture": "amd64",
                "features": "",
                "variant": null,
                "digest": "sha256:dfa17aed969ae47c8dd6b970f5d39333c68173ed4e88cf0512e7a8f247277056",
                "os": "linux",
                "os_features": "",
                "os_version": null,
                "size": 8126086,
                "status": "active",
                "last_pulled": "2024-01-20T09:28:22.802912Z",
                "last_pushed": "2022-02-17T23:07:32.659315Z"
            }
        ],
        "last_updated": "2022-02-17T23:07:32.766867Z",
        "last_updater": 6194909,
        "last_updater_username": "hashicorpconsul",
        "name": "alpine",
        "repository": 944334,
        "full_size": 8126086,
        "v2": true,
        "tag_status": "active",
        "tag_last_pulled": "2024-01-20T09:28:22.802912Z",
        "tag_last_pushed": "2022-02-17T23:07:32.766867Z",
        "media_type": "application/vnd.docker.container.image.v1+json",
        "content_type": "image"
    }
]