[
    {
        "creator": 6259615,
        "id": 93383080,
        "images": [
            {
                "architecture": "amd64",
                "features": "",
                "variant": null,
                "digest": "sha256:1281f9352d3533231754c6d9907bcde08a3a7dcdd7aa0cc229653fe157df3324",
                "os": "linux",
                "os_features": "",
                "os_version": null,
                "size": 170253183,
                "status": "active",
                "last_pulled": "2024-01-20T03:02:49.200365Z",
                "last_pushed": null
            }
        ],
        "last_updated": "2020-04-01T17:00:34.583919Z",
        "last_updater": 6259615,
        "last_updater_username": "fsiops",
        "name": "0.1.0-beta-ec2",
        "repository": 8739628,
        "full_size": 170253183,
        "v2": true,
        "tag_status": "active",
        "tag_last_pulled": "2024-01-20T03:02:49.200365Z",
        "tag_last_pushed": "2020-04-01T17:00:34.583919Z",
        "media_type": "application/vnd.docker.container.image.v1+json",
        "content_type": "image"
    },
    {
        "creator": 6259615,
        "id": 93383122,
        "images": [
            {
                "architecture": "amd64",
                "features": "",
                "variant": null,
                "digest": "sha256:d0c28a36b08ae361654bff0d6dbeb785dcd7d7f3d7c11fc1c3e4320b92ab016b",
                "os": "linux",
                "os_features": "",
                "os_version": null,
                "size": 170253472,
                "status": "active",
                "last_pulled": "2024-01-20T03:02:47.90415Z",
                "last_pushed": null
            }
        ],
        "last_updated": "2020-04-03T16:19:21.885241Z",
        "last_updater": 6259615,
        "last_updater_username": "fsiops",
        "name": "0.1.0-beta-fargate",
        "repository": 8739628,
        "full_size": 170253472,
        "v2": true,
        "tag_status": "active",
        "tag_last_pulled": "2024-01-20T03:02:47.90415Z",
        "tag_last_pushed": "2020-04-03T16:19:21.885241Z",
        "media_type": "application/vnd.docker.container.image.v1+json",
        "content_type": "image"
    },
    {
        "creator": 6259615,
        "id": 176707950,
        "images": [
            {
                "architecture": "amd64",
                "features": "",
                "variant": null,
                "digest": "sha256:80526545d3c729997fa38d8ea71a450448bd17ee29841476e1a1875155cef260",
                "os": "linux",
                "os_features": "",
                "os_version": null,
                "size": 180913541,
                "status": "active",
                "last_pulled": "2024-01-20T03:02:45.110467Z",
                "last_pushed": "2021-11-10T13:07:49.636008Z"
            },
            {
                "architecture": "arm64",
                "features": "",
                "variant": null,
                "digest": "sha256:44107dba8800dcf12c258f024d2aefe90fc01a39654ac269755b3355e29dac33",
                "os": "linux",
                "os_features": "",
                "os_version": null,
                "size": 171799423,
                "status": "active",
                "last_pulled": "2024-01-05T17:52:57.384399Z",
                "last_pushed": "2021-11-10T13:07:49.438449Z"
            },
            {
                "architecture": "arm",
                "features": "",
                "variant": "v7",
                "digest": "sha256:df50475178594f96d91e0427db989a2cd9a9b912fa7872568a5f07620da98c51",
                "os": "linux",
                "os_features": "",
                "os_version": null,
                "size": 169241137,
                "status": "active",
                "last_pulled": "2024-01-05T17:52:57.709185Z",
                "last_pushed": "2021-11-10T13:07:49.939133Z"
            }
        ],
        "last_updated": "2021-11-10T13:07:50.259221Z",
        "last_updater": 6259615,
        "last_updater_username": "fsiops",
        "name": "1.4.0",
        "repository": 8739628,
        "full_size": 180913541,
        "v2": true,
        "tag_status": "active",
        "tag_last_pulled": "2024-01-20T03:02:45.110467Z",
        "tag_last_pushed": "2021-11-10T13:07:50.259221Z",
        "media_type": "application/vnd.docker.distribution.manifest.list.v2+json",
        "content_type": "image"
    },
    {
        "creator": 6259615,
        "id": 176707384,
        "images": [
            {
                "architecture": "amd64",
                "features": "",
                "variant": null,
                "digest": "sha256:1babcf40fdbe52166e932a87c910883b8f3e0bc5b595f069caa373176a9c16fb",
                "os": "linux",
                "os_features": "",
                "os_version": null,
                "size": 180913523,
                "status": "active",
                "last_pulled": "2024-01-20T03:02:46.498347Z",
                "last_pushed": "2021-11-10T13:04:43.646563Z"
            },
            {
                "architecture": "arm64",
                "features": "",
                "variant": null,
                "digest": "sha256:da874fb88dc8ce8c91ab181c84770250717c6910a3ef1283f86d6c71b26cbce3",
                "os": "linux",
                "os_features": "",
                "os_version": null,
                "size": 171799441,
                "status": "active",
                "last_pulled": "2024-01-05T17:52:58.373827Z",
                "last_pushed": "2021-11-10T13:04:43.461581Z"
            },
            {
                "architecture": "arm",
                "features": "",
                "variant": "v7",
                "digest": "sha256:6fd6674655f88cdb7affc906b141bdf008e7bbe86a642251b5f6bf31f02e805b",
                "os": "linux",
                "os_features": "",
                "os_version": null,
                "size": 169241126,
                "status": "active",
                "last_pulled": "2024-01-05T17:52:59.184009Z",
                "last_pushed": "2021-11-10T13:04:43.850699Z"
            }
        ],
        "last_updated": "2021-11-10T13:04:44.128311Z",
        "last_updater": 6259615,
        "last_updater_username": "fsiops",
        "name": "1.4.0-pre",
        "repository": 8739628,
        "full_size": 180913523,
        "v2": true,
        "tag_status": "active",
        "tag_last_pulled": "2024-01-20T03:02:46.498347Z",
        "tag_last_pushed": "2021-11-10T13:04:44.128311Z",
        "media_type": "application/vnd.docker.distribution.manifest.list.v2+json",
        "content_type": "image"
    },
    {
        "creator": 6259615,
        "id": 177399101,
        "images": [
            {
                "architecture": "arm",
                "features": "",
                "variant": "v7",
                "digest": "sha256:2c0bb2f8b0dee03b079fbd4920e56f86411f1326df6f146ca1eac3f9092ebd2f",
                "os": "linux",
                "os_features": "",
                "os_version": null,
                "size": 169281120,
                "status": "active",
                "last_pulled": "2024-01-20T00:24:34.65283Z",
                "last_pushed": "2021-11-15T14:32:48.0845Z"
            },
            {
                "architecture": "amd64",
                "features": "",
                "variant": null,
                "digest": "sha256:12f249f2224d2efc5dcc54f40826b7d2814072ae1caee9b1ce6c6171d401c5cc",
                "os": "linux",
                "os_features": "",
                "os_version": null,
                "size": 180972046,
                "status": "active",
                "last_pulled": "2024-01-20T08:42:40.759987Z",
                "last_pushed": "2021-11-15T14:32:47.800153Z"
            },
            {
                "architecture": "arm64",
                "features": "",
                "variant": null,
                "digest": "sha256:575f7eb8b9a834085f3bd2f47f605e8a2d0cb3953603eac23366fcc6e3df7652",
                "os": "linux",
                "os_features": "",
                "os_version": null,
                "size": 171857546,
                "status": "active",
                "last_pulled": "2024-01-20T00:24:34.108606Z",
                "last_pushed": "2021-11-15T14:32:47.576136Z"
            }
        ],
        "last_updated": "2021-11-15T14:32:48.346347Z",
        "last_updater": 6259615,
        "last_updater_username": "fsiops",
        "name": "1.4.1",
        "repository": 8739628,
        "full_size": 180972046,
        "v2": true,
        "tag_status": "active",
        "tag_last_pulled": "2024-01-20T08:42:40.759987Z",
        "tag_last_pushed": "2021-11-15T14:32:48.346347Z",
        "media_type": "application/vnd.docker.distribution.manifest.list.v2+json",
        "content_type": "image"
    },
    {
        "creator": 6259615,
        "id": 177384492,
        "images": [
            {
                "architecture": "arm",
                "features": "",
                "variant": "v7",
                "digest": "sha256:f81bdf3462a0d5ae4f6285f2aace3aa1a6f14ff51e7cc15a59ff40ea11ee90da",
                "os": "linux",
                "os_features": "",
                "os_version": null,
                "size": 169281104,
                "status": "active",
                "last_pulled": "2024-01-05T17:52:55.896496Z",
                "last_pushed": "2021-11-15T13:15:31.660012Z"
            },
            {
                "architecture": "arm64",
                "features": "",
                "variant": null,
                "digest": "sha256:a3e506e0a84a20dab5b88d326a0f7b218da174d67bb2622aac9499674a2a61f6",
                "os": "linux",
                "os_features": "",
                "os_version": null,
                "size": 171857531,
                "status": "active",
                "last_pulled": "2024-01-05T17:52:56.207269Z",
                "last_pushed": "2021-11-15T13:15:31.450895Z"
            },
            {
                "architecture": "amd64",
                "features": "",
                "variant": null,
                "digest": "sha256:03553b0e916aa08c7d6010ca010bbe95edcd4cb7bf9b7ca90b3c1dddacf90273",
                "os": "linux",
                "os_features": "",
                "os_version": null,
                "size": 180972054,
                "status": "active",
                "last_pulled": "2024-01-20T03:02:43.669768Z",
                "last_pushed": "2021-11-15T13:15:31.267676Z"
            }
        ],
        "last_updated": "2021-11-15T13:15:31.90822Z",
        "last_updater": 6259615,
        "last_updater_username": "fsiops",
        "name": "1.4.1-pre",
        "repository": 8739628,
        "full_size": 180972054,
        "v2": true,
        "tag_status": "active",
        "tag_last_pulled": "2024-01-20T03:02:43.669768Z",
        "tag_last_pushed": "2021-11-15T13:15:31.90822Z",
        "media_type": "application/vnd.docker.distribution.manifest.list.v2+json",
        "content_type": "image"
    },
    {
        "creator": 6259615,
        "id": 187560688,
        "images": [
            {
                "architecture": "amd64",
                "features": "",
                "variant": null,
                "digest": "sha256:9aee4242f42f905b898790dfee78e7b716cb44ea4d598883567e4a54c732f1bd",
                "os": "linux",
                "os_features": "",
                "os_version": null,
                "size": 174070646,
                "status": "active",
                "last_pulled": "2024-01-20T06:31:04.446511Z",
                "last_pushed": "2022-01-18T12:15:13.470968Z"
            },
            {
                "architecture": "arm",
                "features": "",
                "variant": "v7",
                "digest": "sha256:d53d6a79b8cc6c1a147fe07f515c7538d1ada04159dc331b6efccd08b76fc64c",
                "os": "linux",
                "os_features": "",
                "os_version": null,
                "size": 162525095,
                "status": "active",
                "last_pulled": "2024-01-05T17:52:52.921472Z",
                "last_pushed": "2022-01-18T12:15:13.638319Z"
            },
            {
                "architecture": "arm64",
                "features": "",
                "variant": null,
                "digest": "sha256:ae1c7ce063b13ae930c96a73a246dbc74b1a5c394eaaa0e699436f71dc3f675d",
                "os": "linux",
                "os_features": "",
                "os_version": null,
                "size": 165283374,
                "status": "active",
                "last_pulled": "2024-01-05T17:52:52.819521Z",
                "last_pushed": "2022-01-18T12:15:13.329742Z"
            }
        ],
        "last_updated": "2022-01-18T12:15:13.86088Z",
        "last_updater": 6259615,
        "last_updater_username": "fsiops",
        "name": "1.5.0",
        "repository": 8739628,
        "full_size": 174070646,
        "v2": true,
        "tag_status": "active",
        "tag_last_pulled": "2024-01-20T06:31:04.446511Z",
        "tag_last_pushed": "2022-01-18T12:15:13.86088Z",
        "media_type": "application/vnd.docker.distribution.manifest.list.v2+json",
        "content_type": "image"
    },
    {
        "creator": 6259615,
        "id": 187543250,
        "images": [
            {
                "architecture": "arm64",
                "features": "",
                "variant": null,
                "digest": "sha256:ec8eb4352ad9169b423e356a81ace18c302bece7c5b4105eb50ca20cb4784266",
                "os": "linux",
                "os_features": "",
                "os_version": null,
                "size": 165283382,
                "status": "active",
                "last_pulled": "2024-01-05T17:52:53.754876Z",
                "last_pushed": "2022-01-18T10:55:47.598585Z"
            },
            {
                "architecture": "amd64",
                "features": "",
                "variant": null,
                "digest": "sha256:3091d88408d08a2d9059efbfb2f57edc36f944838a66dea0ae350876173acf4a",
                "os": "linux",
                "os_features": "",
                "os_version": null,
                "size": 174070645,
                "status": "active",
                "last_pulled": "2024-01-20T03:02:41.033608Z",
                "last_pushed": "2022-01-18T10:55:47.749813Z"
            },
            {
                "architecture": "arm",
                "features": "",
                "variant": "v7",
                "digest": "sha256:047af368b45c0c46aa807b9e9cfe3980ca0220ba654849865d742d6e137cff70",
                "os": "linux",
                "os_features": "",
                "os_version": null,
                "size": 162525085,
                "status": "active",
                "last_pulled": "2024-01-05T17:52:54.343357Z",
                "last_pushed": "2022-01-18T10:55:47.88641Z"
            }
        ],
        "last_updated": "2022-01-18T10:55:48.070051Z",
        "last_updater": 6259615,
        "last_updater_username": "fsiops",
        "name": "1.5.0-pre",
        "repository": 8739628,
        "full_size": 174070645,
        "v2": true,
        "tag_status": "active",
        "tag_last_pulled": "2024-01-20T03:02:41.033608Z",
        "tag_last_pushed": "2022-01-18T10:55:48.070051Z",
        "media_type": "application/vnd.docker.distribution.manifest.list.v2+json",
        "content_type": "image"
    },
    {
        "creator": 6259615,
        "id": 189420643,
        "images": [
            {
                "architecture": "amd64",
                "features": "",
                "variant": null,
                "digest": "sha256:6b2efeba6499cfdf941a79e09e49d49494e631e4fd802d3be312bb8d188988a7",
                "os": "linux",
                "os_features": "",
                "os_version": null,
                "size": 181095039,
                "status": "active",
                "last_pulled": "2024-01-20T09:38:58.879362Z",
                "last_pushed": "2022-01-27T17:24:36.521798Z"
            },
            {
                "architecture": "arm",
                "features": "",
                "variant": "v7",
                "digest": "sha256:e774dbdf7414edca02b888e416f97bbc9bb9657546318a9d7a21f155934cefba",
                "os": "linux",
                "os_features": "",
                "os_version": null,
                "size": 169440943,
                "status": "active",
                "last_pulled": "2024-01-05T17:52:50.505888Z",
                "last_pushed": "2022-01-27T17:24:36.794768Z"
            },
            {
                "architecture": "arm64",
                "features": "",
                "variant": null,
                "digest": "sha256:b9aaf921f46fa57b703d3eb69f1405225889d8f20ebb5dbfc2fdbbc235b6961f",
                "os": "linux",
                "os_features": "",
                "os_version": null,
                "size": 172156756,
                "status": "active",
                "last_pulled": "2024-01-05T17:52:50.610919Z",
                "last_pushed": "2022-01-27T17:24:36.282945Z"
            }
        ],
        "last_updated": "2022-01-27T17:24:37.088404Z",
        "last_updater": 6259615,
        "last_updater_username": "fsiops",
        "name": "1.6.0",
        "repository": 8739628,
        "full_size": 181095039,
        "v2": true,
        "tag_status": "active",
        "tag_last_pulled": "2024-01-20T09:38:58.879362Z",
        "tag_last_pushed": "2022-01-27T17:24:37.088404Z",
        "media_type": "application/vnd.docker.distribution.manifest.list.v2+json",
        "content_type": "image"
    },
    {
        "creator": 6259615,
        "id": 189420050,
        "images": [
            {
                "architecture": "amd64",
                "features": "",
                "variant": null,
                "digest": "sha256:afd60e33f7b5f14d129e840e35da03248790e3def9cfc50227640699aa57e5d1",
                "os": "linux",
                "os_features": "",
                "os_version": null,
                "size": 181095024,
                "status": "active",
                "last_pulled": "2024-01-20T03:02:38.032898Z",
                "last_pushed": "2022-01-27T17:22:14.233564Z"
            },
            {
                "architecture": "arm",
                "features": "",
                "variant": "v7",
                "digest": "sha256:9d28fb263cab0c693c291e6374c7e0e4a708775dda6dc53a17662bdc4500addb",
                "os": "linux",
                "os_features": "",
                "os_version": null,
                "size": 169440952,
                "status": "active",
                "last_pulled": "2024-01-05T17:52:51.201386Z",
                "last_pushed": "2022-01-27T17:22:14.531303Z"
            },
            {
                "architecture": "arm64",
                "features": "",
                "variant": null,
                "digest": "sha256:a214a404a2f0d18515dbda4670c573901af1f352d0e7593394fd2c9ac7d812af",
                "os": "linux",
                "os_features": "",
                "os_version": null,
                "size": 172156754,
                "status": "active",
                "last_pulled": "2024-01-05T17:52:52.118154Z",
                "last_pushed": "2022-01-27T17:22:14.084793Z"
            }
        ],
        "last_updated": "2022-01-27T17:22:14.760749Z",
        "last_updater": 6259615,
        "last_updater_username": "fsiops",
        "name": "1.6.0-pre",
        "repository": 8739628,
        "full_size": 181095024,
        "v2": true,
        "tag_status": "active",
        "tag_last_pulled": "2024-01-20T03:02:38.032898Z",
        "tag_last_pushed": "2022-01-27T17:22:14.760749Z",
        "media_type": "application/vnd.docker.distribution.manifest.list.v2+json",
        "content_type": "image"
    },
    {
        "creator": 6259615,
        "id": 190299377,
        "images": [
            {
                "architecture": "arm",
                "features": "",
                "variant": "v7",
                "digest": "sha256:d9f603b3549e509125cbfd248b5e0a4579c26df04763633201dd500fddd1e3c6",
                "os": "linux",
                "os_features": "",
                "os_version": null,
                "size": 169441088,
                "status": "active",
                "last_pulled": "2024-01-20T07:03:01.560652Z",
                "last_pushed": "2022-02-02T10:59:41.73854Z"
            },
            {
                "architecture": "amd64",
                "features": "",
                "variant": null,
                "digest": "sha256:8de847a0dc9246c2b021350f5e6d5891b3153cc766424a902a9d60a8de420cfb",
                "os": "linux",
                "os_features": "",
                "os_version": null,
                "size": 181095995,
                "status": "active",
                "last_pulled": "2024-01-20T08:54:57.485364Z",
                "last_pushed": "2022-02-02T10:59:41.43257Z"
            },
            {
                "architecture": "arm64",
                "features": "",
                "variant": null,
                "digest": "sha256:5bdf005d5035c37b6be8f0f792083c03f142ff02dcbd43c1768f8b0e8ad8d85c",
                "os": "linux",
                "os_features": "",
                "os_version": null,
                "size": 172157923,
                "status": "active",
                "last_pulled": "2024-01-20T07:03:01.359692Z",
                "last_pushed": "2022-02-02T10:59:41.183401Z"
            }
        ],
        "last_updated": "2022-02-02T10:59:42.017533Z",
        "last_updater": 6259615,
        "last_updater_username": "fsiops",
        "name": "1.6.1",
        "repository": 8739628,
        "full_size": 181095995,
        "v2": true,
        "tag_status": "active",
        "tag_last_pulled": "2024-01-20T08:54:57.485364Z",
        "tag_last_pushed": "2022-02-02T10:59:42.017533Z",
        "media_type": "application/vnd.docker.distribution.manifest.list.v2+json",
        "content_type": "image"
    },
    {
        "creator": 6259615,
        "id": 190105029,
        "images": [
            {
                "architecture": "amd64",
                "features": "",
                "variant": null,
                "digest": "sha256:60c0653d17dbfa38cde3b61e1d01f2ecd36ca6678e7c15e983b2e02ec6e540ac",
                "os": "linux",
                "os_features": "",
                "os_version": null,
                "size": 181096000,
                "status": "active",
                "last_pulled": "2024-01-20T03:02:35.270528Z",
                "last_pushed": "2022-02-01T13:56:47.959657Z"
            },
            {
                "architecture": "arm64",
                "features": "",
                "variant": null,
                "digest": "sha256:f86b200a482bcb5652947292d80d91648893dd3ceabb8ba780b8ef5766dbe8df",
                "os": "linux",
                "os_features": "",
                "os_version": null,
                "size": 172157915,
                "status": "active",
                "last_pulled": "2024-01-05T17:52:48.985621Z",
                "last_pushed": "2022-02-01T13:56:47.757803Z"
            },
            {
                "architecture": "arm",
                "features": "",
                "variant": "v7",
                "digest": "sha256:09b86bf36f03ff99e7a20396f3a92957063857db548a1b51e3ab7762441dd4fe",
                "os": "linux",
                "os_features": "",
                "os_version": null,
                "size": 169441087,
                "status": "active",
                "last_pulled": "2024-01-05T17:52:49.101572Z",
                "last_pushed": "2022-02-01T13:56:48.152022Z"
            }
        ],
        "last_updated": "2022-02-01T13:56:48.386324Z",
        "last_updater": 6259615,
        "last_updater_username": "fsiops",
        "name": "1.6.1-pre",
        "repository": 8739628,
        "full_size": 181096000,
        "v2": true,
        "tag_status": "active",
        "tag_last_pulled": "2024-01-20T03:02:35.270528Z",
        "tag_last_pushed": "2022-02-01T13:56:48.386324Z",
        "media_type": "application/vnd.docker.distribution.manifest.list.v2+json",
        "content_type": "image"
    },
    {
        "creator": 6259615,
        "id": 201544079,
        "images": [
            {
                "architecture": "amd64",
                "features": "",
                "variant": null,
                "digest": "sha256:c694dc03c74c98bb76808797c7fb9beb463da874c9af1156f56663c9261b2f2b",
                "os": "linux",
                "os_features": "",
                "os_version": null,
                "size": 181440105,
                "status": "active",
                "last_pulled": "2024-01-20T09:04:35.74355Z",
                "last_pushed": "2022-04-06T08:32:02.694697Z"
            },
            {
                "architecture": "arm64",
                "features": "",
                "variant": null,
                "digest": "sha256:ddae3cd34ebfd4b60f0ed63c54988ebb13f810fc466e21e93454ee0501c1e3d1",
                "os": "linux",
                "os_features": "",
                "os_version": null,
                "size": 172497372,
                "status": "active",
                "last_pulled": "2024-01-05T17:52:45.722259Z",
                "last_pushed": "2022-04-06T08:32:02.550293Z"
            },
            {
                "architecture": "arm",
                "features": "",
                "variant": "v7",
                "digest": "sha256:811bf543f0c07934c479c8838a55bf5702ae4e138fd6ea077d66981a9131d981",
                "os": "linux",
                "os_features": "",
                "os_version": null,
                "size": 169950535,
                "status": "active",
                "last_pulled": "2024-01-05T17:52:45.749366Z",
                "last_pushed": "2022-04-06T08:32:02.865288Z"
            }
        ],
        "last_updated": "2022-04-06T08:32:03.28449Z",
        "last_updater": 6259615,
        "last_updater_username": "fsiops",
        "name": "1.7.0",
        "repository": 8739628,
        "full_size": 181440105,
        "v2": true,
        "tag_status": "active",
        "tag_last_pulled": "2024-01-20T09:04:35.74355Z",
        "tag_last_pushed": "2022-04-06T08:32:03.28449Z",
        "media_type": "application/vnd.docker.distribution.manifest.list.v2+json",
        "content_type": "image"
    },
    {
        "creator": 6259615,
        "id": 201542882,
        "images": [
            {
                "architecture": "amd64",
                "features": "",
                "variant": null,
                "digest": "sha256:a441ebb97c72d058c235f3c8ac6e0c472a6f529eeefa7ecbf69a8ecae3d82d76",
                "os": "linux",
                "os_features": "",
                "os_version": null,
                "size": 181440098,
                "status": "active",
                "last_pulled": "2024-01-20T03:02:32.646176Z",
                "last_pushed": "2022-04-06T08:25:32.903805Z"
            },
            {
                "architecture": "arm64",
                "features": "",
                "variant": null,
                "digest": "sha256:506fc0ba583d6e0291a6a1c98dbfec0eaffc165535475faafb0c40876550afc5",
                "os": "linux",
                "os_features": "",
                "os_version": null,
                "size": 172497371,
                "status": "active",
                "last_pulled": "2024-01-05T17:52:46.181942Z",
                "last_pushed": "2022-04-06T08:25:32.748349Z"
            },
            {
                "architecture": "arm",
                "features": "",
                "variant": "v7",
                "digest": "sha256:fb12a7176c2580b94b57b493e0701d2604b5dd1d8dcffc661ec4145ca5c8615a",
                "os": "linux",
                "os_features": "",
                "os_version": null,
                "size": 169950536,
                "status": "active",
                "last_pulled": "2024-01-05T17:52:47.454954Z",
                "last_pushed": "2022-04-06T08:25:32.555684Z"
            }
        ],
        "last_updated": "2022-04-06T08:25:33.330129Z",
        "last_updater": 6259615,
        "last_updater_username": "fsiops",
        "name": "1.7.0-pre",
        "repository": 8739628,
        "full_size": 181440098,
        "v2": true,
        "tag_status": "active",
        "tag_last_pulled": "2024-01-20T03:02:32.646176Z",
        "tag_last_pushed": "2022-04-06T08:25:33.330129Z",
        "media_type": "application/vnd.docker.distribution.manifest.list.v2+json",
        "content_type": "image"
    },
    {
        "creator": 6259615,
        "id": 206053199,
        "images": [
            {
                "architecture": "amd64",
                "features": "",
                "variant": null,
                "digest": "sha256:2d104ce48d09b63da62c13661aeccd6fe12d49246cafe756a12a22ac5a9b8f48",
                "os": "linux",
                "os_features": "",
                "os_version": null,
                "size": 181727856,
                "status": "active",
                "last_pulled": "2024-01-20T08:47:31.544865Z",
                "last_pushed": "2022-05-02T06:05:26.298128Z"
            },
            {
                "architecture": "arm64",
                "features": "",
                "variant": null,
                "digest": "sha256:8a4e09e04221b371b5c2c21002cd293f123120704a6b20b243048027f357e7d2",
                "os": "linux",
                "os_features": "",
                "os_version": null,
                "size": 172891481,
                "status": "active",
                "last_pulled": "2024-01-20T00:40:26.158091Z",
                "last_pushed": "2022-05-02T06:05:26.107018Z"
            },
            {
                "architecture": "arm",
                "features": "",
                "variant": "v7",
                "digest": "sha256:11f01469366136806b2e664b5bfadfb4e9be9377e89cef5090a4336ecab774c8",
                "os": "linux",
                "os_features": "",
                "os_version": null,
                "size": 170321524,
                "status": "active",
                "last_pulled": "2024-01-20T00:40:28.015742Z",
                "last_pushed": "2022-05-02T06:05:26.535013Z"
            }
        ],
        "last_updated": "2022-05-02T06:05:27.022061Z",
        "last_updater": 6259615,
        "last_updater_username": "fsiops",
        "name": "1.8.0",
        "repository": 8739628,
        "full_size": 181727856,
        "v2": true,
        "tag_status": "active",
        "tag_last_pulled": "2024-01-20T08:47:31.544865Z",
        "tag_last_pushed": "2022-05-02T06:05:27.022061Z",
        "media_type": "application/vnd.docker.distribution.manifest.list.v2+json",
        "content_type": "image"
    },
    {
        "creator": 6259615,
        "id": 206052730,
        "images": [
            {
                "architecture": "amd64",
                "features": "",
                "variant": null,
                "digest": "sha256:8a3286530ba97d30afdff22b40472030b37614653a9d75635a1515ae7861a5ac",
                "os": "linux",
                "os_features": "",
                "os_version": null,
                "size": 181727863,
                "status": "active",
                "last_pulled": "2024-01-20T03:02:29.975012Z",
                "last_pushed": "2022-05-02T06:01:09.730536Z"
            },
            {
                "architecture": "arm64",
                "features": "",
                "variant": null,
                "digest": "sha256:47e7f05f99813113b4dab684c475f052edc5d10bcf8cdb9bc16517b254de1175",
                "os": "linux",
                "os_features": "",
                "os_version": null,
                "size": 172891494,
                "status": "active",
                "last_pulled": "2024-01-05T17:52:44.174783Z",
                "last_pushed": "2022-05-02T06:01:09.449265Z"
            },
            {
                "architecture": "arm",
                "features": "",
                "variant": "v7",
                "digest": "sha256:f67ca23fbd8fd6cf41770460c0dfd170257097333ddc2ef5ad32f4baa8f7e2b7",
                "os": "linux",
                "os_features": "",
                "os_version": null,
                "size": 170321532,
                "status": "active",
                "last_pulled": "2024-01-05T17:52:44.481472Z",
                "last_pushed": "2022-05-02T06:01:10.058168Z"
            }
        ],
        "last_updated": "2022-05-02T06:01:10.702921Z",
        "last_updater": 6259615,
        "last_updater_username": "fsiops",
        "name": "1.8.0-pre",
        "repository": 8739628,
        "full_size": 181727863,
        "v2": true,
        "tag_status": "active",
        "tag_last_pulled": "2024-01-20T03:02:29.975012Z",
        "tag_last_pushed": "2022-05-02T06:01:10.702921Z",
        "media_type": "application/vnd.docker.distribution.manifest.list.v2+json",
        "content_type": "image"
    },
    {
        "creator": 6259615,
        "id": 252941923,
        "images": [
            {
                "architecture": "amd64",
                "features": "",
                "variant": null,
                "digest": "sha256:ab32af213adc1be4390617f576cdb87f6d7d979fd3d3fc050f15e2e44f4079da",
                "os": "linux",
                "os_features": "",
                "os_version": null,
                "size": 186281292,
                "status": "active",
                "last_pulled": "2024-01-20T09:15:59.262579Z",
                "last_pushed": "2022-07-13T15:52:22.07272Z"
            },
            {
                "architecture": "arm64",
                "features": "",
                "variant": null,
                "digest": "sha256:65bfad736a7bd5c3fd8ee1da4997ac4065ae7cc80237b435c12ac0d01784986b",
                "os": "linux",
                "os_features": "",
                "os_version": null,
                "size": 177658417,
                "status": "active",
                "last_pulled": "2024-01-20T00:24:31.526376Z",
                "last_pushed": "2022-07-13T15:52:21.87444Z"
            },
            {
                "architecture": "arm",
                "features": "",
                "variant": "v7",
                "digest": "sha256:069feec6a637b8ed9ef5310a6edc8b03f57e1c168585f652b85a1c099900be8c",
                "os": "linux",
                "os_features": "",
                "os_version": null,
                "size": 174972905,
                "status": "active",
                "last_pulled": "2024-01-20T00:24:32.094763Z",
                "last_pushed": "2022-07-13T15:52:22.285902Z"
            }
        ],
        "last_updated": "2022-07-13T15:52:22.821956Z",
        "last_updater": 6259615,
        "last_updater_username": "fsiops",
        "name": "1.8.1",
        "repository": 8739628,
        "full_size": 186281292,
        "v2": true,
        "tag_status": "active",
        "tag_last_pulled": "2024-01-20T09:15:59.262579Z",
        "tag_last_pushed": "2022-07-13T15:52:22.821956Z",
        "media_type": "application/vnd.docker.distribution.manifest.list.v2+json",
        "content_type": "image"
    },
    {
        "creator": 6259615,
        "id": 252899343,
        "images": [
            {
                "architecture": "amd64",
                "features": "",
                "variant": null,
                "digest": "sha256:a3df603b36454fd837466bd495e2170080a55a2d58e5bc7e548ed90a4b72258d",
                "os": "linux",
                "os_features": "",
                "os_version": null,
                "size": 186281284,
                "status": "active",
                "last_pulled": "2024-01-20T03:02:27.327583Z",
                "last_pushed": "2022-07-13T14:30:24.252911Z"
            },
            {
                "architecture": "arm64",
                "features": "",
                "variant": null,
                "digest": "sha256:0800a9081d0d263b6e5da8644a3d675dfd25988ccdafc02128d73e8886056d90",
                "os": "linux",
                "os_features": "",
                "os_version": null,
                "size": 177658402,
                "status": "active",
                "last_pulled": "2024-01-05T17:52:42.049208Z",
                "last_pushed": "2022-07-13T14:30:23.911422Z"
            },
            {
                "architecture": "arm",
                "features": "",
                "variant": "v7",
                "digest": "sha256:6c52282bb27d63bda403914cf8fe5ed707d2e02669cc216753be58174cce63bc",
                "os": "linux",
                "os_features": "",
                "os_version": null,
                "size": 174972904,
                "status": "active",
                "last_pulled": "2024-01-05T17:52:42.492705Z",
                "last_pushed": "2022-07-13T14:30:24.661115Z"
            }
        ],
        "last_updated": "2022-07-13T14:30:25.269206Z",
        "last_updater": 6259615,
        "last_updater_username": "fsiops",
        "name": "1.8.1-pre",
        "repository": 8739628,
        "full_size": 186281284,
        "v2": true,
        "tag_status": "active",
        "tag_last_pulled": "2024-01-20T03:02:27.327583Z",
        "tag_last_pushed": "2022-07-13T14:30:25.269206Z",
        "media_type": "application/vnd.docker.distribution.manifest.list.v2+json",
        "content_type": "image"
    },
    {
        "creator": 6259615,
        "id": 274757414,
        "images": [
            {
                "architecture": "amd64",
                "features": "",
                "variant": null,
                "digest": "sha256:bc84eafacccdaf561463aa98ae8a624d25913ba0177186bef441c923f57d6d38",
                "os": "linux",
                "os_features": "",
                "os_version": null,
                "size": 186901600,
                "status": "active",
                "last_pulled": "2024-01-20T03:02:23.295614Z",
                "last_pushed": "2022-08-19T08:23:10.39124Z"
            },
            {
                "architecture": "arm64",
                "features": "",
                "variant": null,
                "digest": "sha256:9392cec45a9a43fd2d9b25cbd23855f6e8169b3632971481183e322b1838f0be",
                "os": "linux",
                "os_features": "",
                "os_version": null,
                "size": 178460001,
                "status": "active",
                "last_pulled": "2024-01-05T17:52:37.862582Z",
                "last_pushed": "2022-08-19T08:23:10.131497Z"
            },
            {
                "architecture": "arm",
                "features": "",
                "variant": "v7",
                "digest": "sha256:74405ad4a2a455d824f2252aac708389dc53534482a6637b1ec965f6a295f04f",
                "os": "linux",
                "os_features": "",
                "os_version": null,
                "size": 176706118,
                "status": "active",
                "last_pulled": "2024-01-05T17:52:39.239575Z",
                "last_pushed": "2022-08-19T08:23:10.676508Z"
            }
        ],
        "last_updated": "2022-08-19T08:23:11.153121Z",
        "last_updater": 6259615,
        "last_updater_username": "fsiops",
        "name": "1.9.0",
        "repository": 8739628,
        "full_size": 186901600,
        "v2": true,
        "tag_status": "active",
        "tag_last_pulled": "2024-01-20T03:02:23.295614Z",
        "tag_last_pushed": "2022-08-19T08:23:11.153121Z",
        "media_type": "application/vnd.docker.distribution.manifest.list.v2+json",
        "content_type": "image",
        "digest": "sha256:0245a1f562fc1b642dd9ccc0aabdc73f095bbc703e05dfaafbdf7583ebf463b7"
    },
    {
        "creator": 6259615,
        "id": 274756462,
        "images": [
            {
                "architecture": "amd64",
                "features": "",
                "variant": null,
                "digest": "sha256:2655415d7ebfca3291b392052300ea322fe64942c1088b0e6a7a02fa28bc7510",
                "os": "linux",
                "os_features": "",
                "os_version": null,
                "size": 186901611,
                "status": "active",
                "last_pulled": "2024-01-20T03:02:24.633027Z",
                "last_pushed": "2022-08-19T08:20:53.590721Z"
            },
            {
                "architecture": "arm64",
                "features": "",
                "variant": null,
                "digest": "sha256:a23ded7280b57067d49469f9e3a7426866d751b7b0fb210febc1ca70943d590d",
                "os": "linux",
                "os_features": "",
                "os_version": null,
                "size": 178460015,
                "status": "active",
                "last_pulled": "2024-01-05T17:52:39.467575Z",
                "last_pushed": "2022-08-19T08:20:53.425823Z"
            },
            {
                "architecture": "arm",
                "features": "",
                "variant": "v7",
                "digest": "sha256:256b8380c1f3c6db4055c6e91c16bf46e08361a39515115994bccfb76ef04822",
                "os": "linux",
                "os_features": "",
                "os_version": null,
                "size": 176706120,
                "status": "active",
                "last_pulled": "2024-01-05T17:52:39.613456Z",
                "last_pushed": "2022-08-19T08:20:53.764516Z"
            }
        ],
        "last_updated": "2022-08-19T08:20:54.288865Z",
        "last_updater": 6259615,
        "last_updater_username": "fsiops",
        "name": "1.9.0-pre",
        "repository": 8739628,
        "full_size": 186901611,
        "v2": true,
        "tag_status": "active",
        "tag_last_pulled": "2024-01-20T03:02:24.633027Z",
        "tag_last_pushed": "2022-08-19T08:20:54.288865Z",
        "media_type": "application/vnd.docker.distribution.manifest.list.v2+json",
        "content_type": "image",
        "digest": "sha256:0fc51658ee480cc8d00a92a73245c2ac9d6a06a7b427dce79bf66e3db2ffa5ef"
    },
    {
        "creator": 6259615,
        "id": 277168457,
        "images": [
            {
                "architecture": "amd64",
                "features": "",
                "variant": null,
                "digest": "sha256:8b032b474340109ada0988dc259b69421c0b98d0185663c6358a80ffaeb83e88",
                "os": "linux",
                "os_features": "",
                "os_version": null,
                "size": 186932973,
                "status": "active",
                "last_pulled": "2024-01-20T09:31:06.958055Z",
                "last_pushed": "2022-08-23T16:08:16.18673Z"
            },
            {
                "architecture": "arm64",
                "features": "",
                "variant": null,
                "digest": "sha256:b4f64951ee4037aa31116192f2e8ea898991b3496e6d2da808cf4a27b32f8de2",
                "os": "linux",
                "os_features": "",
                "os_version": null,
                "size": 178471996,
                "status": "active",
                "last_pulled": "2024-01-05T17:52:35.031216Z",
                "last_pushed": "2022-08-23T16:08:16.016758Z"
            },
            {
                "architecture": "arm",
                "features": "",
                "variant": "v7",
                "digest": "sha256:2de434e86caaae923afcd0e334983459850f6369a14389b8977f45be512a9fcb",
                "os": "linux",
                "os_features": "",
                "os_version": null,
                "size": 176704035,
                "status": "active",
                "last_pulled": "2024-01-05T17:52:35.183923Z",
                "last_pushed": "2022-08-23T16:08:15.824245Z"
            }
        ],
        "last_updated": "2022-08-23T16:08:16.624041Z",
        "last_updater": 6259615,
        "last_updater_username": "fsiops",
        "name": "1.9.1",
        "repository": 8739628,
        "full_size": 186932973,
        "v2": true,
        "tag_status": "active",
        "tag_last_pulled": "2024-01-20T09:31:06.958055Z",
        "tag_last_pushed": "2022-08-23T16:08:16.624041Z",
        "media_type": "application/vnd.docker.distribution.manifest.list.v2+json",
        "content_type": "image",
        "digest": "sha256:289c8f49f8feb38a1aea58b3dd0f25437588957a2396e2bc8c0b8c720d37831c"
    },
    {
        "creator": 6259615,
        "id": 277166960,
        "images": [
            {
                "architecture": "amd64",
                "features": "",
                "variant": null,
                "digest": "sha256:d80cec9a6a8d6d3b839f2aa27db92949ea0ee04ca430a4fc66b43e5aec3c8fd0",
                "os": "linux",
                "os_features": "",
                "os_version": null,
                "size": 186932969,
                "status": "active",
                "last_pulled": "2024-01-20T03:02:21.99362Z",
                "last_pushed": "2022-08-23T16:05:34.206656Z"
            },
            {
                "architecture": "arm64",
                "features": "",
                "variant": null,
                "digest": "sha256:ceae49c71400eaebad1eb72161e334b974ac335155a32d77ecb41c2c97fb7b3d",
                "os": "linux",
                "os_features": "",
                "os_version": null,
                "size": 178471980,
                "status": "active",
                "last_pulled": "2024-01-05T17:52:36.318961Z",
                "last_pushed": "2022-08-23T16:05:33.908444Z"
            },
            {
                "architecture": "arm",
                "features": "",
                "variant": "v7",
                "digest": "sha256:64388d07986630a5f5b5a00b1ee8a37103238779a97f5cf032048f360f53e68a",
                "os": "linux",
                "os_features": "",
                "os_version": null,
                "size": 176704027,
                "status": "active",
                "last_pulled": "2024-01-05T17:52:36.570103Z",
                "last_pushed": "2022-08-23T16:05:34.516309Z"
            }
        ],
        "last_updated": "2022-08-23T16:05:35.150216Z",
        "last_updater": 6259615,
        "last_updater_username": "fsiops",
        "name": "1.9.1-pre",
        "repository": 8739628,
        "full_size": 186932969,
        "v2": true,
        "tag_status": "active",
        "tag_last_pulled": "2024-01-20T03:02:21.99362Z",
        "tag_last_pushed": "2022-08-23T16:05:35.150216Z",
        "media_type": "application/vnd.docker.distribution.manifest.list.v2+json",
        "content_type": "image",
        "digest": "sha256:ef5980c9394a458c6436181543f3c120dac305a4bdcb4e2397f9d793ed01da85"
    },
    {
        "creator": 6259615,
        "id": 280264905,
        "images": [
            {
                "architecture": "amd64",
                "features": "",
                "variant": null,
                "digest": "sha256:6546aa178403acfc10ad769167c5fff8f76fd487f7c600b94efa496dcaa7d264",
                "os": "linux",
                "os_features": "",
                "os_version": null,
                "size": 186930093,
                "status": "active",
                "last_pulled": "2024-01-20T09:13:58.873143Z",
                "last_pushed": "2022-08-29T13:00:08.850678Z"
            },
            {
                "architecture": "arm64",
                "features": "",
                "variant": null,
                "digest": "sha256:b4339b2d8d7643cb3709f652cef425d4d15f3fb421df8573cfd4fe9da597d8a5",
                "os": "linux",
                "os_features": "",
                "os_version": null,
                "size": 178461366,
                "status": "active",
                "last_pulled": "2024-01-05T17:52:32.789941Z",
                "last_pushed": "2022-08-29T13:00:08.591156Z"
            },
            {
                "architecture": "arm",
                "features": "",
                "variant": "v7",
                "digest": "sha256:5588db57118db809037dd4b653a47574580ed854c49db02d9d30e7b6ede1da33",
                "os": "linux",
                "os_features": "",
                "os_version": null,
                "size": 176702512,
                "status": "active",
                "last_pulled": "2024-01-05T17:52:33.432051Z",
                "last_pushed": "2022-08-29T13:00:09.074257Z"
            }
        ],
        "last_updated": "2022-08-29T13:00:09.707591Z",
        "last_updater": 6259615,
        "last_updater_username": "fsiops",
        "name": "1.9.2",
        "repository": 8739628,
        "full_size": 186930093,
        "v2": true,
        "tag_status": "active",
        "tag_last_pulled": "2024-01-20T09:13:58.873143Z",
        "tag_last_pushed": "2022-08-29T13:00:09.707591Z",
        "media_type": "application/vnd.docker.distribution.manifest.list.v2+json",
        "content_type": "image",
        "digest": "sha256:92dc579c3f1eca1a50548aa842badaa47c3ac67700e55c311afeb2aebf592be7"
    },
    {
        "creator": 6259615,
        "id": 280263727,
        "images": [
            {
                "architecture": "amd64",
                "features": "",
                "variant": null,
                "digest": "sha256:93f2dc1b1fea3349999d015165518ddbee46f0994c76e2608aed5784a65d1404",
                "os": "linux",
                "os_features": "",
                "os_version": null,
                "size": 186930094,
                "status": "active",
                "last_pulled": "2024-01-20T03:02:19.435585Z",
                "last_pushed": "2022-08-29T12:57:58.582668Z"
            },
            {
                "architecture": "arm64",
                "features": "",
                "variant": null,
                "digest": "sha256:b52806dab748522437b19f247dd30f8b5bad04d21cb9f8cf7a9f556ca64a7c42",
                "os": "linux",
                "os_features": "",
                "os_version": null,
                "size": 178461356,
                "status": "active",
                "last_pulled": "2024-01-05T17:52:33.574125Z",
                "last_pushed": "2022-08-29T12:57:58.251752Z"
            },
            {
                "architecture": "arm",
                "features": "",
                "variant": "v7",
                "digest": "sha256:6573f9d34a1a18708bff764828b6bfe22e38b85f5e03213ed29c30a4da6d39d9",
                "os": "linux",
                "os_features": "",
                "os_version": null,
                "size": 176702515,
                "status": "active",
                "last_pulled": "2024-01-05T17:52:34.691752Z",
                "last_pushed": "2022-08-29T12:57:58.410629Z"
            }
        ],
        "last_updated": "2022-08-29T12:57:58.967079Z",
        "last_updater": 6259615,
        "last_updater_username": "fsiops",
        "name": "1.9.2-pre",
        "repository": 8739628,
        "full_size": 186930094,
        "v2": true,
        "tag_status": "active",
        "tag_last_pulled": "2024-01-20T03:02:19.435585Z",
        "tag_last_pushed": "2022-08-29T12:57:58.967079Z",
        "media_type": "application/vnd.docker.distribution.manifest.list.v2+json",
        "content_type": "image",
        "digest": "sha256:f3cc920af6bbbb2d3cb4e1e45b606565f9be2efd4faa8beda578ddcf6a8f090b"
    },
    {
        "creator": 6259615,
        "id": 285760342,
        "images": [
            {
                "architecture": "amd64",
                "features": "",
                "variant": null,
                "digest": "sha256:30a37d6e9c257d36f198149fe529ebbb781cb9f0d14e1fa58ccb4753dd8ed77f",
                "os": "linux",
                "os_features": "",
                "os_version": null,
                "size": 187688357,
                "status": "active",
                "last_pulled": "2024-01-20T03:02:15.39723Z",
                "last_pushed": "2022-09-07T15:24:26.358061Z"
            },
            {
                "architecture": "arm64",
                "features": "",
                "variant": null,
                "digest": "sha256:ca75d36db6f818cbe6204426c6fa951bf253e83624c3c665a9e262f0d94fbf78",
                "os": "linux",
                "os_features": "",
                "os_version": null,
                "size": 179094206,
                "status": "active",
                "last_pulled": "2024-01-05T17:52:30.234106Z",
                "last_pushed": "2022-09-07T15:24:26.691815Z"
            },
            {
                "architecture": "arm",
                "features": "",
                "variant": "v7",
                "digest": "sha256:21fb80d9ee95fc66f37b71a84d232dd094cd1a886f84d2fe73069e7ffe39e764",
                "os": "linux",
                "os_features": "",
                "os_version": null,
                "size": 177466424,
                "status": "active",
                "last_pulled": "2024-01-05T17:52:30.871413Z",
                "last_pushed": "2022-09-07T15:24:26.013063Z"
            }
        ],
        "last_updated": "2022-09-07T15:24:27.230481Z",
        "last_updater": 6259615,
        "last_updater_username": "fsiops",
        "name": "1.9.3",
        "repository": 8739628,
        "full_size": 187688357,
        "v2": true,
        "tag_status": "active",
        "tag_last_pulled": "2024-01-20T03:02:15.39723Z",
        "tag_last_pushed": "2022-09-07T15:24:27.230481Z",
        "media_type": "application/vnd.docker.distribution.manifest.list.v2+json",
        "content_type": "image",
        "digest": "sha256:a1970429288602813c9a2e53662d490194c4ed0503ca0454cba29e61501530e0"
    },
    {
        "creator": 6259615,
        "id": 285758087,
        "images": [
            {
                "architecture": "amd64",
                "features": "",
                "variant": null,
                "digest": "sha256:528849bdd2b3739d45f07d6cd96ceb2a8e98d3fd8fe9bd06a8ef05145b5ee078",
                "os": "linux",
                "os_features": "",
                "os_version": null,
                "size": 187688378,
                "status": "active",
                "last_pulled": "2024-01-20T03:02:16.797803Z",
                "last_pushed": "2022-09-07T15:20:59.377371Z"
            },
            {
                "architecture": "arm64",
                "features": "",
                "variant": null,
                "digest": "sha256:e1d1f131276ffc23c116702aebbda2e7f900a21eae04a70b9e843fec3aee4942",
                "os": "linux",
                "os_features": "",
                "os_version": null,
                "size": 179094225,
                "status": "active",
                "last_pulled": "2024-01-05T17:52:31.784467Z",
                "last_pushed": "2022-09-07T15:20:58.985031Z"
            },
            {
                "architecture": "arm",
                "features": "",
                "variant": "v7",
                "digest": "sha256:416005090633d58cebfd19ad06b80c0bd263e92d740e1f66659ffee1bae9cf7c",
                "os": "linux",
                "os_features": "",
                "os_version": null,
                "size": 177466411,
                "status": "active",
                "last_pulled": "2024-01-05T17:52:31.763776Z",
                "last_pushed": "2022-09-07T15:20:58.642301Z"
            }
        ],
        "last_updated": "2022-09-07T15:21:00.048851Z",
        "last_updater": 6259615,
        "last_updater_username": "fsiops",
        "name": "1.9.3-pre",
        "repository": 8739628,
        "full_size": 187688378,
        "v2": true,
        "tag_status": "active",
        "tag_last_pulled": "2024-01-20T03:02:16.797803Z",
        "tag_last_pushed": "2022-09-07T15:21:00.048851Z",
        "media_type": "application/vnd.docker.distribution.manifest.list.v2+json",
        "content_type": "image",
        "digest": "sha256:ebb7fc840f78219814559e319967b1ff18479a67e682383face1dd163739976e"
    },
    {
        "creator": 6259615,
        "id": 288572844,
        "images": [
            {
                "architecture": "amd64",
                "features": "",
                "variant": null,
                "digest": "sha256:35ee61d02221a8fcc4fb90ef0ef3d47beb58f8fa8f68640923c9449765a541b4",
                "os": "linux",
                "os_features": "",
                "os_version": null,
                "size": 187688368,
                "status": "active",
                "last_pulled": "2024-01-20T03:02:12.762531Z",
                "last_pushed": "2022-09-12T12:25:17.533503Z"
            },
            {
                "architecture": "arm64",
                "features": "",
                "variant": null,
                "digest": "sha256:bcbfc1ce6ca38c99eddfca19bf599b6b4ffe56f5bb9e8e108a1a4be748789fd0",
                "os": "linux",
                "os_features": "",
                "os_version": null,
                "size": 179094196,
                "status": "active",
                "last_pulled": "2024-01-05T17:52:28.18093Z",
                "last_pushed": "2022-09-12T12:25:17.31939Z"
            },
            {
                "architecture": "arm",
                "features": "",
                "variant": "v7",
                "digest": "sha256:4742f830c2c141ba2e93ee6391d8f68daae58037553f93f4f6b69b6ef7d5976e",
                "os": "linux",
                "os_features": "",
                "os_version": null,
                "size": 177466418,
                "status": "active",
                "last_pulled": "2024-01-05T17:52:28.349118Z",
                "last_pushed": "2022-09-12T12:25:17.773451Z"
            }
        ],
        "last_updated": "2022-09-12T12:25:18.25117Z",
        "last_updater": 6259615,
        "last_updater_username": "fsiops",
        "name": "1.9.4",
        "repository": 8739628,
        "full_size": 187688368,
        "v2": true,
        "tag_status": "active",
        "tag_last_pulled": "2024-01-20T03:02:12.762531Z",
        "tag_last_pushed": "2022-09-12T12:25:18.25117Z",
        "media_type": "application/vnd.docker.distribution.manifest.list.v2+json",
        "content_type": "image",
        "digest": "sha256:09672a3fa2798c26d7ea486b73e0172e9810c1bc015073badb8ed81f928abd6d"
    },
    {
        "creator": 6259615,
        "id": 288569968,
        "images": [
            {
                "architecture": "amd64",
                "features": "",
                "variant": null,
                "digest": "sha256:50e71571ca348c8d35f7b792a72889363372c708aaa00e12a7fbbed94dd0cfd5",
                "os": "linux",
                "os_features": "",
                "os_version": null,
                "size": 187688387,
                "status": "active",
                "last_pulled": "2024-01-20T03:02:14.052464Z",
                "last_pushed": "2022-09-12T12:20:50.341984Z"
            },
            {
                "architecture": "arm64",
                "features": "",
                "variant": null,
                "digest": "sha256:836d885e15ac3373bdec49dcd94f82ad31c4a617676c28ffeb9bc1887a4264f3",
                "os": "linux",
                "os_features": "",
                "os_version": null,
                "size": 179094208,
                "status": "active",
                "last_pulled": "2024-01-05T17:52:28.908467Z",
                "last_pushed": "2022-09-12T12:20:50.076552Z"
            },
            {
                "architecture": "arm",
                "features": "",
                "variant": "v7",
                "digest": "sha256:b64669ad115d87d0a356b0f33750d9bfc3cfd5f2676c726ee62ba149da66c98c",
                "os": "linux",
                "os_features": "",
                "os_version": null,
                "size": 177466409,
                "status": "active",
                "last_pulled": "2024-01-05T17:52:29.674582Z",
                "last_pushed": "2022-09-12T12:20:50.610643Z"
            }
        ],
        "last_updated": "2022-09-12T12:20:51.034938Z",
        "last_updater": 6259615,
        "last_updater_username": "fsiops",
        "name": "1.9.4-pre",
        "repository": 8739628,
        "full_size": 187688387,
        "v2": true,
        "tag_status": "active",
        "tag_last_pulled": "2024-01-20T03:02:14.052464Z",
        "tag_last_pushed": "2022-09-12T12:20:51.034938Z",
        "media_type": "application/vnd.docker.distribution.manifest.list.v2+json",
        "content_type": "image",
        "digest": "sha256:7e5602c85cde0f575fe3f45e25fb79cb7b9fd0054f33b55a965e9e0e3986ed35"
    },
    {
        "creator": 6259615,
        "id": 289488256,
        "images": [
            {
                "architecture": "amd64",
                "features": "",
                "variant": null,
                "digest": "sha256:f51b95088b373a1d603e7e99a22855e72e93219e0dfe1f705fb061671fddf431",
                "os": "linux",
                "os_features": "",
                "os_version": null,
                "size": 187846408,
                "status": "active",
                "last_pulled": "2024-01-20T08:49:16.259606Z",
                "last_pushed": "2022-09-13T15:33:36.69252Z"
            },
            {
                "architecture": "arm64",
                "features": "",
                "variant": null,
                "digest": "sha256:5c455bbac48fab7a0f5b02a19ca133fc15ec1d033d1e2832a5fffe57369d1058",
                "os": "linux",
                "os_features": "",
                "os_version": null,
                "size": 179233821,
                "status": "active",
                "last_pulled": "2024-01-20T01:29:27.068531Z",
                "last_pushed": "2022-09-13T15:33:36.938692Z"
            },
            {
                "architecture": "arm",
                "features": "",
                "variant": "v7",
                "digest": "sha256:feafa0f5d527211f77fab963e628719d7e9fd549d119b4cdcd9d9bb42d9c961d",
                "os": "linux",
                "os_features": "",
                "os_version": null,
                "size": 177613667,
                "status": "active",
                "last_pulled": "2024-01-19T21:32:06.100371Z",
                "last_pushed": "2022-09-13T15:33:37.265198Z"
            }
        ],
        "last_updated": "2022-09-13T15:33:37.900556Z",
        "last_updater": 6259615,
        "last_updater_username": "fsiops",
        "name": "1.9.5",
        "repository": 8739628,
        "full_size": 187846408,
        "v2": true,
        "tag_status": "active",
        "tag_last_pulled": "2024-01-20T08:49:16.259606Z",
        "tag_last_pushed": "2022-09-13T15:33:37.900556Z",
        "media_type": "application/vnd.docker.distribution.manifest.list.v2+json",
        "content_type": "image",
        "digest": "sha256:fe1b9740065ffd6438992fe0df65614039d9cee57a1fc25336f9507c98e8e347"
    },
    {
        "creator": 6259615,
        "id": 289483004,
        "images": [
            {
                "architecture": "amd64",
                "features": "",
                "variant": null,
                "digest": "sha256:2122b0dca8e80295c3c06dca44466e31fda7b3c00edcb0856207ed87f20a1018",
                "os": "linux",
                "os_features": "",
                "os_version": null,
                "size": 187848883,
                "status": "active",
                "last_pulled": "2024-01-20T03:02:11.269348Z",
                "last_pushed": "2022-09-13T15:24:26.729101Z"
            },
            {
                "architecture": "arm64",
                "features": "",
                "variant": null,
                "digest": "sha256:27009de855b682495efc7759c4f4737fe1b41e5606676241578f92a466396ff5",
                "os": "linux",
                "os_features": "",
                "os_version": null,
                "size": 179237166,
                "status": "active",
                "last_pulled": "2024-01-05T17:52:26.823585Z",
                "last_pushed": "2022-09-13T15:24:26.474499Z"
            },
            {
                "architecture": "arm",
                "features": "",
                "variant": "v7",
                "digest": "sha256:67a29062918ab1c2c00f04e6585cfa28780453759f4897a704a67b546164ad2c",
                "os": "linux",
                "os_features": "",
                "os_version": null,
                "size": 177617420,
                "status": "active",
                "last_pulled": "2024-01-05T17:52:26.831504Z",
                "last_pushed": "2022-09-13T15:24:26.895729Z"
            }
        ],
        "last_updated": "2022-09-13T15:24:27.370139Z",
        "last_updater": 6259615,
        "last_updater_username": "fsiops",
        "name": "1.9.5-pre",
        "repository": 8739628,
        "full_size": 187848883,
        "v2": true,
        "tag_status": "active",
        "tag_last_pulled": "2024-01-20T03:02:11.269348Z",
        "tag_last_pushed": "2022-09-13T15:24:27.370139Z",
        "media_type": "application/vnd.docker.distribution.manifest.list.v2+json",
        "content_type": "image",
        "digest": "sha256:dfe3cfa027b5ad7b89840f2fe108bce4df974ec9a301d59113b3383c520eee1e"
    },
    {
        "creator": 6259615,
        "id": 302144380,
        "images": [
            {
                "architecture": "amd64",
                "features": "",
                "variant": null,
                "digest": "sha256:ab5b853be7d3345396a06d18e759bd71f5601ee1a2430ed8450dbcbe43915360",
                "os": "linux",
                "os_features": "",
                "os_version": null,
                "size": 187847075,
                "status": "active",
                "last_pulled": "2024-01-20T08:56:57.869758Z",
                "last_pushed": "2022-10-03T11:09:43.317492Z"
            },
            {
                "architecture": "arm64",
                "features": "",
                "variant": null,
                "digest": "sha256:063efbef81ee27e45dbc38bad861cabf5869980557c03d20adb4ac3eccdbaf20",
                "os": "linux",
                "os_features": "",
                "os_version": null,
                "size": 179247008,
                "status": "active",
                "last_pulled": "2024-01-17T07:09:16.477448Z",
                "last_pushed": "2022-10-03T11:09:43.155729Z"
            },
            {
                "architecture": "arm",
                "features": "",
                "variant": "v7",
                "digest": "sha256:3b008954ea60f36b5b3fcd937a607009f2d7331b0929e630e933c056dbafd7d5",
                "os": "linux",
                "os_features": "",
                "os_version": null,
                "size": 177617782,
                "status": "active",
                "last_pulled": "2024-01-05T17:52:23.469938Z",
                "last_pushed": "2022-10-03T11:09:42.986345Z"
            }
        ],
        "last_updated": "2022-10-03T11:09:43.695561Z",
        "last_updater": 6259615,
        "last_updater_username": "fsiops",
        "name": "1.9.6",
        "repository": 8739628,
        "full_size": 187847075,
        "v2": true,
        "tag_status": "active",
        "tag_last_pulled": "2024-01-20T09:32:23.139982Z",
        "tag_last_pushed": "2022-10-03T11:09:43.695561Z",
        "media_type": "application/vnd.docker.distribution.manifest.list.v2+json",
        "content_type": "image",
        "digest": "sha256:9d66c519043dd03b55294bf79f7cf2d829c44d1d3b9f2b2b357984c71b2e9aa6"
    },
    {
        "creator": 6259615,
        "id": 302143619,
        "images": [
            {
                "architecture": "amd64",
                "features": "",
                "variant": null,
                "digest": "sha256:33951df86e7d5bfec23a6cdf4e6bcdc4e7f93cdb71d47d694fd79963474a0f18",
                "os": "linux",
                "os_features": "",
                "os_version": null,
                "size": 187847074,
                "status": "active",
                "last_pulled": "2024-01-20T03:02:08.646142Z",
                "last_pushed": "2022-10-03T11:08:08.999734Z"
            },
            {
                "architecture": "arm64",
                "features": "",
                "variant": null,
                "digest": "sha256:25689fe9c6afcee4f0a75bfcff20563e0010eb34a56e3cae9d27e8b2eeb4bb55",
                "os": "linux",
                "os_features": "",
                "os_version": null,
                "size": 179247010,
                "status": "active",
                "last_pulled": "2024-01-05T17:52:24.326553Z",
                "last_pushed": "2022-10-03T11:08:08.835016Z"
            },
            {
                "architecture": "arm",
                "features": "",
                "variant": "v7",
                "digest": "sha256:3badd44a309fed628e5613d16d929b36cc47cf8a392a530633b8b66c4581ed6c",
                "os": "linux",
                "os_features": "",
                "os_version": null,
                "size": 177617780,
                "status": "active",
                "last_pulled": "2024-01-05T17:52:24.979877Z",
                "last_pushed": "2022-10-03T11:08:09.173108Z"
            }
        ],
        "last_updated": "2022-10-03T11:08:09.773698Z",
        "last_updater": 6259615,
        "last_updater_username": "fsiops",
        "name": "1.9.6-pre",
        "repository": 8739628,
        "full_size": 187847074,
        "v2": true,
        "tag_status": "active",
        "tag_last_pulled": "2024-01-20T03:02:08.646142Z",
        "tag_last_pushed": "2022-10-03T11:08:09.773698Z",
        "media_type": "application/vnd.docker.distribution.manifest.list.v2+json",
        "content_type": "image",
        "digest": "sha256:8316eea408edf85a3d57b037cdfa6c4af0b949b3cbf73ac55060b98c9f8b57a4"
    },
    {
        "creator": 6259615,
        "id": 342555156,
        "images": [
            {
                "architecture": "amd64",
                "features": "",
                "variant": null,
                "digest": "sha256:4f21424c17e6bf8296d42c9896e9782bf73ca42764ef75f06ae5e9e5b46538fe",
                "os": "linux",
                "os_features": "",
                "os_version": null,
                "size": 189865516,
                "status": "active",
                "last_pulled": "2024-01-20T08:50:28.940148Z",
                "last_pushed": "2022-12-05T16:00:15.944537Z"
            },
            {
                "architecture": "arm64",
                "features": "",
                "variant": null,
                "digest": "sha256:103b6141624ea63e098d2da6544cbcacb44b25952723e808d84284c95141ade9",
                "os": "linux",
                "os_features": "",
                "os_version": null,
                "size": 181031228,
                "status": "active",
                "last_pulled": "2024-01-20T09:40:21.271853Z",
                "last_pushed": "2022-12-05T16:00:15.750944Z"
            },
            {
                "architecture": "arm",
                "features": "",
                "variant": "v7",
                "digest": "sha256:f97c587e246717d6205fad8f794cdc984a6cca9f62239c492f49883a80b11f7d",
                "os": "linux",
                "os_features": "",
                "os_version": null,
                "size": 179485879,
                "status": "active",
                "last_pulled": "2024-01-20T08:31:06.704367Z",
                "last_pushed": "2022-12-05T16:00:16.10692Z"
            }
        ],
        "last_updated": "2022-12-05T16:00:16.465705Z",
        "last_updater": 6259615,
        "last_updater_username": "fsiops",
        "name": "1.9.7",
        "repository": 8739628,
        "full_size": 189865516,
        "v2": true,
        "tag_status": "active",
        "tag_last_pulled": "2024-01-20T09:40:21.271853Z",
        "tag_last_pushed": "2022-12-05T16:00:16.465705Z",
        "media_type": "application/vnd.docker.distribution.manifest.list.v2+json",
        "content_type": "image",
        "digest": "sha256:2ef8e7f72cb39b7be5e8b20fa38baed85cfe20c45a5b57309b712cd9cc119be7"
    },
    {
        "creator": 6259615,
        "id": 342554308,
        "images": [
            {
                "architecture": "amd64",
                "features": "",
                "variant": null,
                "digest": "sha256:744a48a035f10da9430c52c55913faea88a1b2adf5bdf9573cd2ae23077df6f8",
                "os": "linux",
                "os_features": "",
                "os_version": null,
                "size": 189865514,
                "status": "active",
                "last_pulled": "2024-01-20T03:02:06.046434Z",
                "last_pushed": "2022-12-05T15:58:25.410402Z"
            },
            {
                "architecture": "arm64",
                "features": "",
                "variant": null,
                "digest": "sha256:d59ad8513e2f9f0566d5af4f8454b1446515c57c659cfc9c18f31239c79b7f29",
                "os": "linux",
                "os_features": "",
                "os_version": null,
                "size": 181031219,
                "status": "active",
                "last_pulled": "2024-01-05T17:52:21.994903Z",
                "last_pushed": "2022-12-05T15:58:25.064963Z"
            },
            {
                "architecture": "arm",
                "features": "",
                "variant": "v7",
                "digest": "sha256:49129ccbdd944d337ea642c8a4db043383553d76c9b66521a4913aecc67bcb6c",
                "os": "linux",
                "os_features": "",
                "os_version": null,
                "size": 179485888,
                "status": "active",
                "last_pulled": "2024-01-05T17:52:21.957369Z",
                "last_pushed": "2022-12-05T15:58:24.725293Z"
            }
        ],
        "last_updated": "2022-12-05T15:58:25.902692Z",
        "last_updater": 6259615,
        "last_updater_username": "fsiops",
        "name": "1.9.7-pre",
        "repository": 8739628,
        "full_size": 189865514,
        "v2": true,
        "tag_status": "active",
        "tag_last_pulled": "2024-01-20T03:02:06.046434Z",
        "tag_last_pushed": "2022-12-05T15:58:25.902692Z",
        "media_type": "application/vnd.docker.distribution.manifest.list.v2+json",
        "content_type": "image",
        "digest": "sha256:915ea5ea1f043d4f4cf1e5981a3d854a1afbe0e3fe5a6f48dda66b542b37a325"
    }
]