[
    {
        "creator": 601605,
        "id": 138302256,
        "images": [
            {
                "architecture": "amd64",
                "features": "",
                "variant": null,
                "digest": "sha256:4dd4d0e5bcc9bd0e8189f6fa4d4965ffa81207d8d99d29391f28cbd1a70a0163",
                "os": "linux",
                "os_features": "",
                "os_version": null,
                "size": 14119671,
                "status": "active",
                "last_pulled": "2024-01-20T09:12:39.322955Z",
                "last_pushed": "2021-02-19T17:41:20.907374Z"
            },
            {
                "architecture": "amd64",
                "features": "",
                "variant": null,
                "digest": "sha256:71d5fc11f8fc9c1ed2484ca66109f5b7d9d3ece630110ff148b549d71f4a0d20",
                "os": "linux",
                "os_features": "",
                "os_version": null,
                "size": 12908810,
                "status": "active",
                "last_pulled": "2024-01-20T09:39:30.290665Z",
                "last_pushed": "2021-02-19T17:41:25.511217Z"
            },
            {
                "architecture": "amd64",
                "features": "",
                "variant": null,
                "digest": "sha256:be71a3f402740e6bd0ab7c2775f601290cb284c878b306ee82c36515c025e5bb",
                "os": "linux",
                "os_features": "",
                "os_version": null,
                "size": 13215031,
                "status": "active",
                "last_pulled": "2024-01-20T09:06:01.633312Z",
                "last_pushed": "2021-02-19T17:41:29.27193Z"
            },
            {
                "architecture": "amd64",
                "features": "",
                "variant": null,
                "digest": "sha256:70584133afc25e13c84232f1762e16793ee90693768a22342b738f28f8a1eff3",
                "os": "linux",
                "os_features": "",
                "os_version": null,
                "size": 13749488,
                "status": "active",
                "last_pulled": "2024-01-20T09:23:21.960183Z",
                "last_pushed": "2021-11-12T17:27:21.104173Z"
            }
        ],
        "last_updated": "2022-02-17T18:32:54.023493Z",
        "last_updater": 601605,
        "last_updater_username": "rancheriodhci",
        "name": "1.6.2",
        "repository": 11451366,
        "full_size": 14119671,
        "v2": true,
        "tag_status": "active",
        "tag_last_pulled": "2024-01-20T09:39:30.290665Z",
        "tag_last_pushed": "2022-02-17T18:32:54.023493Z",
        "media_type": "application/vnd.docker.distribution.manifest.list.v2+json",
        "content_type": "image"
    },
    {
        "creator": 601605,
        "id": 138302254,
        "images": [
            {
                "architecture": "amd64",
                "features": "",
                "variant": null,
                "digest": "sha256:4dd4d0e5bcc9bd0e8189f6fa4d4965ffa81207d8d99d29391f28cbd1a70a0163",
                "os": "linux",
                "os_features": "",
                "os_version": null,
                "size": 14119671,
                "status": "active",
                "last_pulled": "2024-01-20T09:12:39.322955Z",
                "last_pushed": "2021-02-19T17:41:20.907374Z"
            }
        ],
        "last_updated": "2021-02-19T17:41:20.907374Z",
        "last_updater": 601605,
        "last_updater_username": "rancheriodhci",
        "name": "1.6.2-amd64",
        "repository": 11451366,
        "full_size": 14119671,
        "v2": true,
        "tag_status": "active",
        "tag_last_pulled": "2024-01-20T09:12:39.322955Z",
        "tag_last_pushed": "2021-02-19T17:41:20.907374Z",
        "media_type": "application/vnd.docker.container.image.v1+json",
        "content_type": "image"
    },
    {
        "creator": 601605,
        "id": 138302273,
        "images": [
            {
                "architecture": "amd64",
                "features": "",
                "variant": null,
                "digest": "sha256:be71a3f402740e6bd0ab7c2775f601290cb284c878b306ee82c36515c025e5bb",
                "os": "linux",
                "os_features": "",
                "os_version": null,
                "size": 13215031,
                "status": "active",
                "last_pulled": "2024-01-20T09:06:01.633312Z",
                "last_pushed": "2021-02-19T17:41:29.27193Z"
            }
        ],
        "last_updated": "2021-02-19T17:41:29.27193Z",
        "last_updater": 601605,
        "last_updater_username": "rancheriodhci",
        "name": "1.6.2-arm",
        "repository": 11451366,
        "full_size": 13215031,
        "v2": true,
        "tag_status": "active",
        "tag_last_pulled": "2024-01-20T09:06:01.633312Z",
        "tag_last_pushed": "2021-02-19T17:41:29.27193Z",
        "media_type": "application/vnd.docker.container.image.v1+json",
        "content_type": "image"
    },
    {
        "creator": 601605,
        "id": 138302265,
        "images": [
            {
                "architecture": "amd64",
                "features": "",
                "variant": null,
                "digest": "sha256:71d5fc11f8fc9c1ed2484ca66109f5b7d9d3ece630110ff148b549d71f4a0d20",
                "os": "linux",
                "os_features": "",
                "os_version": null,
                "size": 12908810,
                "status": "active",
                "last_pulled": "2024-01-20T09:39:30.290665Z",
                "last_pushed": "2021-02-19T17:41:25.511217Z"
            }
        ],
        "last_updated": "2021-02-19T17:41:25.511217Z",
        "last_updater": 601605,
        "last_updater_username": "rancheriodhci",
        "name": "1.6.2-arm64",
        "repository": 11451366,
        "full_size": 12908810,
        "v2": true,
        "tag_status": "active",
        "tag_last_pulled": "2024-01-20T09:39:30.290665Z",
        "tag_last_pushed": "2021-02-19T17:41:25.511217Z",
        "media_type": "application/vnd.docker.container.image.v1+json",
        "content_type": "image"
    },
    {
        "creator": 601605,
        "id": 177142887,
        "images": [
            {
                "architecture": "amd64",
                "features": "",
                "variant": null,
                "digest": "sha256:70584133afc25e13c84232f1762e16793ee90693768a22342b738f28f8a1eff3",
                "os": "linux",
                "os_features": "",
                "os_version": null,
                "size": 13749488,
                "status": "active",
                "last_pulled": "2024-01-20T09:23:21.960183Z",
                "last_pushed": "2021-11-12T17:27:21.104173Z"
            }
        ],
        "last_updated": "2021-11-12T17:27:21.104173Z",
        "last_updater": 601605,
        "last_updater_username": "rancheriodhci",
        "name": "1.6.2-s390x",
        "repository": 11451366,
        "full_size": 13749488,
        "v2": true,
        "tag_status": "active",
        "tag_last_pulled": "2024-01-20T09:23:21.960183Z",
        "tag_last_pushed": "2021-11-12T17:27:21.104173Z",
        "media_type": "application/vnd.docker.container.image.v1+json",
        "content_type": "image"
    },
    {
        "creator": 601605,
        "id": 144231937,
        "images": [
            {
                "architecture": "amd64",
                "features": "",
                "variant": null,
                "digest": "sha256:608ac7ccba5ce41c6941fca13bc67059c1eef927fd968b554b790e21cc92543c",
                "os": "linux",
                "os_features": "",
                "os_version": null,
                "size": 13235611,
                "status": "active",
                "last_pulled": "2024-01-20T09:42:35.31623Z",
                "last_pushed": "2021-04-05T09:24:36.842772Z"
            },
            {
                "architecture": "amd64",
                "features": "",
                "variant": null,
                "digest": "sha256:8e2f327692ba0ac4acb5bb4562ba25b949e0014a4a29462afe177d704d785f03",
                "os": "linux",
                "os_features": "",
                "os_version": null,
                "size": 12053059,
                "status": "active",
                "last_pulled": "2024-01-20T09:15:37.634842Z",
                "last_pushed": "2021-04-05T09:24:40.09363Z"
            },
            {
                "architecture": "amd64",
                "features": "",
                "variant": null,
                "digest": "sha256:940ee9dbac91461fec810cfe2ba7253b91c93ee80cf217a6a233db3ac7532c9c",
                "os": "linux",
                "os_features": "",
                "os_version": null,
                "size": 12337918,
                "status": "active",
                "last_pulled": "2024-01-20T09:15:37.2914Z",
                "last_pushed": "2021-04-05T09:24:43.756569Z"
            },
            {
                "architecture": "amd64",
                "features": "",
                "variant": null,
                "digest": "sha256:a74672cb43e2f0189e18b0d585d5869ae819d7b9e3382f2cf5cac9aa1d8492e4",
                "os": "linux",
                "os_features": "",
                "os_version": null,
                "size": 12790707,
                "status": "active",
                "last_pulled": "2024-01-20T09:15:31.55053Z",
                "last_pushed": "2021-11-12T17:27:27.639222Z"
            }
        ],
        "last_updated": "2022-02-17T18:32:57.742793Z",
        "last_updater": 601605,
        "last_updater_username": "rancheriodhci",
        "name": "1.6.5",
        "repository": 11451366,
        "full_size": 13235611,
        "v2": true,
        "tag_status": "active",
        "tag_last_pulled": "2024-01-20T09:42:35.31623Z",
        "tag_last_pushed": "2022-02-17T18:32:57.742793Z",
        "media_type": "application/vnd.docker.distribution.manifest.list.v2+json",
        "content_type": "image"
    },
    {
        "creator": 601605,
        "id": 144231935,
        "images": [
            {
                "architecture": "amd64",
                "features": "",
                "variant": null,
                "digest": "sha256:608ac7ccba5ce41c6941fca13bc67059c1eef927fd968b554b790e21cc92543c",
                "os": "linux",
                "os_features": "",
                "os_version": null,
                "size": 13235611,
                "status": "active",
                "last_pulled": "2024-01-20T09:42:35.31623Z",
                "last_pushed": "2021-04-05T09:24:36.842772Z"
            }
        ],
        "last_updated": "2021-04-05T09:24:36.842772Z",
        "last_updater": 601605,
        "last_updater_username": "rancheriodhci",
        "name": "1.6.5-amd64",
        "repository": 11451366,
        "full_size": 13235611,
        "v2": true,
        "tag_status": "active",
        "tag_last_pulled": "2024-01-20T09:42:35.31623Z",
        "tag_last_pushed": "2021-04-05T09:24:36.842772Z",
        "media_type": "application/vnd.docker.container.image.v1+json",
        "content_type": "image"
    },
    {
        "creator": 601605,
        "id": 144231952,
        "images": [
            {
                "architecture": "amd64",
                "features": "",
                "variant": null,
                "digest": "sha256:940ee9dbac91461fec810cfe2ba7253b91c93ee80cf217a6a233db3ac7532c9c",
                "os": "linux",
                "os_features": "",
                "os_version": null,
                "size": 12337918,
                "status": "active",
                "last_pulled": "2024-01-20T09:15:37.2914Z",
                "last_pushed": "2021-04-05T09:24:43.756569Z"
            }
        ],
        "last_updated": "2021-04-05T09:24:43.756569Z",
        "last_updater": 601605,
        "last_updater_username": "rancheriodhci",
        "name": "1.6.5-arm",
        "repository": 11451366,
        "full_size": 12337918,
        "v2": true,
        "tag_status": "active",
        "tag_last_pulled": "2024-01-20T09:15:37.2914Z",
        "tag_last_pushed": "2021-04-05T09:24:43.756569Z",
        "media_type": "application/vnd.docker.container.image.v1+json",
        "content_type": "image"
    },
    {
        "creator": 601605,
        "id": 144231940,
        "images": [
            {
                "architecture": "amd64",
                "features": "",
                "variant": null,
                "digest": "sha256:8e2f327692ba0ac4acb5bb4562ba25b949e0014a4a29462afe177d704d785f03",
                "os": "linux",
                "os_features": "",
                "os_version": null,
                "size": 12053059,
                "status": "active",
                "last_pulled": "2024-01-20T09:15:37.634842Z",
                "last_pushed": "2021-04-05T09:24:40.09363Z"
            }
        ],
        "last_updated": "2021-04-05T09:24:40.09363Z",
        "last_updater": 601605,
        "last_updater_username": "rancheriodhci",
        "name": "1.6.5-arm64",
        "repository": 11451366,
        "full_size": 12053059,
        "v2": true,
        "tag_status": "active",
        "tag_last_pulled": "2024-01-20T09:15:37.634842Z",
        "tag_last_pushed": "2021-04-05T09:24:40.09363Z",
        "media_type": "application/vnd.docker.container.image.v1+json",
        "content_type": "image"
    },
    {
        "creator": 601605,
        "id": 177142906,
        "images": [
            {
                "architecture": "amd64",
                "features": "",
                "variant": null,
                "digest": "sha256:a74672cb43e2f0189e18b0d585d5869ae819d7b9e3382f2cf5cac9aa1d8492e4",
                "os": "linux",
                "os_features": "",
                "os_version": null,
                "size": 12790707,
                "status": "active",
                "last_pulled": "2024-01-20T09:15:31.55053Z",
                "last_pushed": "2021-11-12T17:27:27.639222Z"
            }
        ],
        "last_updated": "2021-11-12T17:27:27.639222Z",
        "last_updater": 601605,
        "last_updater_username": "rancheriodhci",
        "name": "1.6.5-s390x",
        "repository": 11451366,
        "full_size": 12790707,
        "v2": true,
        "tag_status": "active",
        "tag_last_pulled": "2024-01-20T09:15:31.55053Z",
        "tag_last_pushed": "2021-11-12T17:27:27.639222Z",
        "media_type": "application/vnd.docker.container.image.v1+json",
        "content_type": "image"
    },
    {
        "creator": 601605,
        "id": 144231968,
        "images": [
            {
                "architecture": "amd64",
                "features": "",
                "variant": null,
                "digest": "sha256:2044ffefe18e2dd3d6781e532119603ee4e8622b6ba38884dc7ab53325435151",
                "os": "linux",
                "os_features": "",
                "os_version": null,
                "size": 13398749,
                "status": "active",
                "last_pulled": "2024-01-20T09:42:35.314947Z",
                "last_pushed": "2021-04-05T09:24:49.33877Z"
            },
            {
                "architecture": "amd64",
                "features": "",
                "variant": null,
                "digest": "sha256:0b24ee66a96fb4142d4d0d7014f78507dda2a8da28567e858461eef5a0734402",
                "os": "linux",
                "os_features": "",
                "os_version": null,
                "size": 12213931,
                "status": "active",
                "last_pulled": "2024-01-20T09:15:36.586111Z",
                "last_pushed": "2021-04-05T09:24:52.575799Z"
            },
            {
                "architecture": "amd64",
                "features": "",
                "variant": null,
                "digest": "sha256:73190a0af4323b4556e2ffb54f0ee7def39e3bdbe6f15c1b43cb36f30789a6be",
                "os": "linux",
                "os_features": "",
                "os_version": null,
                "size": 12524538,
                "status": "active",
                "last_pulled": "2024-01-20T09:15:36.225647Z",
                "last_pushed": "2021-04-05T09:24:56.119075Z"
            },
            {
                "architecture": "amd64",
                "features": "",
                "variant": null,
                "digest": "sha256:813e32be78a70066f549320acea67d48688e822a4debd3f2e360e442cfff27ab",
                "os": "linux",
                "os_features": "",
                "os_version": null,
                "size": 12954006,
                "status": "active",
                "last_pulled": "2024-01-20T09:10:01.658393Z",
                "last_pushed": "2021-11-12T17:27:34.530287Z"
            }
        ],
        "last_updated": "2022-02-17T18:33:01.739539Z",
        "last_updater": 601605,
        "last_updater_username": "rancheriodhci",
        "name": "1.6.9",
        "repository": 11451366,
        "full_size": 13398749,
        "v2": true,
        "tag_status": "active",
        "tag_last_pulled": "2024-01-20T09:42:35.314947Z",
        "tag_last_pushed": "2022-02-17T18:33:01.739539Z",
        "media_type": "application/vnd.docker.distribution.manifest.list.v2+json",
        "content_type": "image"
    },
    {
        "creator": 601605,
        "id": 144231967,
        "images": [
            {
                "architecture": "amd64",
                "features": "",
                "variant": null,
                "digest": "sha256:2044ffefe18e2dd3d6781e532119603ee4e8622b6ba38884dc7ab53325435151",
                "os": "linux",
                "os_features": "",
                "os_version": null,
                "size": 13398749,
                "status": "active",
                "last_pulled": "2024-01-20T09:42:35.314947Z",
                "last_pushed": "2021-04-05T09:24:49.33877Z"
            }
        ],
        "last_updated": "2021-04-05T09:24:49.33877Z",
        "last_updater": 601605,
        "last_updater_username": "rancheriodhci",
        "name": "1.6.9-amd64",
        "repository": 11451366,
        "full_size": 13398749,
        "v2": true,
        "tag_status": "active",
        "tag_last_pulled": "2024-01-20T09:42:35.314947Z",
        "tag_last_pushed": "2021-04-05T09:24:49.33877Z",
        "media_type": "application/vnd.docker.container.image.v1+json",
        "content_type": "image"
    },
    {
        "creator": 601605,
        "id": 144231988,
        "images": [
            {
                "architecture": "amd64",
                "features": "",
                "variant": null,
                "digest": "sha256:73190a0af4323b4556e2ffb54f0ee7def39e3bdbe6f15c1b43cb36f30789a6be",
                "os": "linux",
                "os_features": "",
                "os_version": null,
                "size": 12524538,
                "status": "active",
                "last_pulled": "2024-01-20T09:15:36.225647Z",
                "last_pushed": "2021-04-05T09:24:56.119075Z"
            }
        ],
        "last_updated": "2021-04-05T09:24:56.119075Z",
        "last_updater": 601605,
        "last_updater_username": "rancheriodhci",
        "name": "1.6.9-arm",
        "repository": 11451366,
        "full_size": 12524538,
        "v2": true,
        "tag_status": "active",
        "tag_last_pulled": "2024-01-20T09:15:36.225647Z",
        "tag_last_pushed": "2021-04-05T09:24:56.119075Z",
        "media_type": "application/vnd.docker.container.image.v1+json",
        "content_type": "image"
    },
    {
        "creator": 601605,
        "id": 144231981,
        "images": [
            {
                "architecture": "amd64",
                "features": "",
                "variant": null,
                "digest": "sha256:0b24ee66a96fb4142d4d0d7014f78507dda2a8da28567e858461eef5a0734402",
                "os": "linux",
                "os_features": "",
                "os_version": null,
                "size": 12213931,
                "status": "active",
                "last_pulled": "2024-01-20T09:15:36.586111Z",
                "last_pushed": "2021-04-05T09:24:52.575799Z"
            }
        ],
        "last_updated": "2021-04-05T09:24:52.575799Z",
        "last_updater": 601605,
        "last_updater_username": "rancheriodhci",
        "name": "1.6.9-arm64",
        "repository": 11451366,
        "full_size": 12213931,
        "v2": true,
        "tag_status": "active",
        "tag_last_pulled": "2024-01-20T09:15:36.586111Z",
        "tag_last_pushed": "2021-04-05T09:24:52.575799Z",
        "media_type": "application/vnd.docker.container.image.v1+json",
        "content_type": "image"
    },
    {
        "creator": 601605,
        "id": 177142918,
        "images": [
            {
                "architecture": "amd64",
                "features": "",
                "variant": null,
                "digest": "sha256:813e32be78a70066f549320acea67d48688e822a4debd3f2e360e442cfff27ab",
                "os": "linux",
                "os_features": "",
                "os_version": null,
                "size": 12954006,
                "status": "active",
                "last_pulled": "2024-01-20T09:10:01.658393Z",
                "last_pushed": "2021-11-12T17:27:34.530287Z"
            }
        ],
        "last_updated": "2021-11-12T17:27:34.530287Z",
        "last_updater": 601605,
        "last_updater_username": "rancheriodhci",
        "name": "1.6.9-s390x",
        "repository": 11451366,
        "full_size": 12954006,
        "v2": true,
        "tag_status": "active",
        "tag_last_pulled": "2024-01-20T09:10:01.658393Z",
        "tag_last_pushed": "2021-11-12T17:27:34.530287Z",
        "media_type": "application/vnd.docker.container.image.v1+json",
        "content_type": "image"
    },
    {
        "creator": 601605,
        "id": 144231996,
        "images": [
            {
                "architecture": "amd64",
                "features": "",
                "variant": null,
                "digest": "sha256:242d440e3192ffbcecd40e9536891f4d9be46a650363f3a004497c2070f96f5a",
                "os": "linux",
                "os_features": "",
                "os_version": null,
                "size": 13978001,
                "status": "active",
                "last_pulled": "2024-01-20T09:42:37.89364Z",
                "last_pushed": "2021-04-05T09:24:59.925089Z"
            },
            {
                "architecture": "amd64",
                "features": "",
                "variant": null,
                "digest": "sha256:969a21696cff473cb4d36854b15118885fd414394d09444cfd111213fabcd982",
                "os": "linux",
                "os_features": "",
                "os_version": null,
                "size": 12751327,
                "status": "active",
                "last_pulled": "2024-01-20T09:09:41.398412Z",
                "last_pushed": "2021-04-05T09:25:03.577918Z"
            },
            {
                "architecture": "amd64",
                "features": "",
                "variant": null,
                "digest": "sha256:e9e08bce9d74a48723518a476f67ada25d00ed69dd3719c3fde41b10d390b0d0",
                "os": "linux",
                "os_features": "",
                "os_version": null,
                "size": 13061465,
                "status": "active",
                "last_pulled": "2024-01-20T09:42:35.342507Z",
                "last_pushed": "2021-04-05T09:25:09.689817Z"
            },
            {
                "architecture": "amd64",
                "features": "",
                "variant": null,
                "digest": "sha256:a54747a80973587b1988fb9cf4bcc06034db0636818fc0fb763884de5e4a82a4",
                "os": "linux",
                "os_features": "",
                "os_version": null,
                "size": 13516813,
                "status": "active",
                "last_pulled": "2024-01-20T09:15:30.801499Z",
                "last_pushed": "2021-11-12T17:27:39.654966Z"
            }
        ],
        "last_updated": "2022-02-17T18:33:05.539199Z",
        "last_updater": 601605,
        "last_updater_username": "rancheriodhci",
        "name": "1.7.0",
        "repository": 11451366,
        "full_size": 13978001,
        "v2": true,
        "tag_status": "active",
        "tag_last_pulled": "2024-01-20T09:42:37.89364Z",
        "tag_last_pushed": "2022-02-17T18:33:05.539199Z",
        "media_type": "application/vnd.docker.distribution.manifest.list.v2+json",
        "content_type": "image"
    },
    {
        "creator": 601605,
        "id": 144231994,
        "images": [
            {
                "architecture": "amd64",
                "features": "",
                "variant": null,
                "digest": "sha256:242d440e3192ffbcecd40e9536891f4d9be46a650363f3a004497c2070f96f5a",
                "os": "linux",
                "os_features": "",
                "os_version": null,
                "size": 13978001,
                "status": "active",
                "last_pulled": "2024-01-20T09:42:37.89364Z",
                "last_pushed": "2021-04-05T09:24:59.925089Z"
            }
        ],
        "last_updated": "2021-04-05T09:24:59.925089Z",
        "last_updater": 601605,
        "last_updater_username": "rancheriodhci",
        "name": "1.7.0-amd64",
        "repository": 11451366,
        "full_size": 13978001,
        "v2": true,
        "tag_status": "active",
        "tag_last_pulled": "2024-01-20T09:42:37.89364Z",
        "tag_last_pushed": "2021-04-05T09:24:59.925089Z",
        "media_type": "application/vnd.docker.container.image.v1+json",
        "content_type": "image"
    },
    {
        "creator": 601605,
        "id": 144232022,
        "images": [
            {
                "architecture": "amd64",
                "features": "",
                "variant": null,
                "digest": "sha256:e9e08bce9d74a48723518a476f67ada25d00ed69dd3719c3fde41b10d390b0d0",
                "os": "linux",
                "os_features": "",
                "os_version": null,
                "size": 13061465,
                "status": "active",
                "last_pulled": "2024-01-20T09:42:35.342507Z",
                "last_pushed": "2021-04-05T09:25:09.689817Z"
            }
        ],
        "last_updated": "2021-04-05T09:25:09.689817Z",
        "last_updater": 601605,
        "last_updater_username": "rancheriodhci",
        "name": "1.7.0-arm",
        "repository": 11451366,
        "full_size": 13061465,
        "v2": true,
        "tag_status": "active",
        "tag_last_pulled": "2024-01-20T09:42:35.342507Z",
        "tag_last_pushed": "2021-04-05T09:25:09.689817Z",
        "media_type": "application/vnd.docker.container.image.v1+json",
        "content_type": "image"
    },
    {
        "creator": 601605,
        "id": 144232005,
        "images": [
            {
                "architecture": "amd64",
                "features": "",
                "variant": null,
                "digest": "sha256:969a21696cff473cb4d36854b15118885fd414394d09444cfd111213fabcd982",
                "os": "linux",
                "os_features": "",
                "os_version": null,
                "size": 12751327,
                "status": "active",
                "last_pulled": "2024-01-20T09:09:41.398412Z",
                "last_pushed": "2021-04-05T09:25:03.577918Z"
            }
        ],
        "last_updated": "2021-04-05T09:25:03.577918Z",
        "last_updater": 601605,
        "last_updater_username": "rancheriodhci",
        "name": "1.7.0-arm64",
        "repository": 11451366,
        "full_size": 12751327,
        "v2": true,
        "tag_status": "active",
        "tag_last_pulled": "2024-01-20T09:09:41.398412Z",
        "tag_last_pushed": "2021-04-05T09:25:03.577918Z",
        "media_type": "application/vnd.docker.container.image.v1+json",
        "content_type": "image"
    },
    {
        "creator": 601605,
        "id": 177142938,
        "images": [
            {
                "architecture": "amd64",
                "features": "",
                "variant": null,
                "digest": "sha256:a54747a80973587b1988fb9cf4bcc06034db0636818fc0fb763884de5e4a82a4",
                "os": "linux",
                "os_features": "",
                "os_version": null,
                "size": 13516813,
                "status": "active",
                "last_pulled": "2024-01-20T09:15:30.801499Z",
                "last_pushed": "2021-11-12T17:27:39.654966Z"
            }
        ],
        "last_updated": "2021-11-12T17:27:39.654966Z",
        "last_updater": 601605,
        "last_updater_username": "rancheriodhci",
        "name": "1.7.0-s390x",
        "repository": 11451366,
        "full_size": 13516813,
        "v2": true,
        "tag_status": "active",
        "tag_last_pulled": "2024-01-20T09:15:30.801499Z",
        "tag_last_pushed": "2021-11-12T17:27:39.654966Z",
        "media_type": "application/vnd.docker.container.image.v1+json",
        "content_type": "image"
    },
    {
        "creator": 601605,
        "id": 144161550,
        "images": [
            {
                "architecture": "amd64",
                "features": "",
                "variant": null,
                "digest": "sha256:10ecc12177735e5a6fd6fa0127202776128d860ed7ab0341780ddaeb1f6dfe61",
                "os": "linux",
                "os_features": "",
                "os_version": null,
                "size": 12940806,
                "status": "active",
                "last_pulled": "2024-01-20T09:09:00.286481Z",
                "last_pushed": "2021-04-05T09:25:12.854171Z"
            },
            {
                "architecture": "amd64",
                "features": "",
                "variant": null,
                "digest": "sha256:919b800fed6eaf6c9a55c3017c0aa3187bfe5d81abefbe49bb27f968458b94cc",
                "os": "linux",
                "os_features": "",
                "os_version": null,
                "size": 11626170,
                "status": "active",
                "last_pulled": "2024-01-20T09:42:35.364472Z",
                "last_pushed": "2021-04-03T23:39:54.5658Z"
            },
            {
                "architecture": "amd64",
                "features": "",
                "variant": null,
                "digest": "sha256:3bf466c28bbd8075d57f6201d9a8615a22c928ee6e0e7cbbea68233fcc2d65c3",
                "os": "linux",
                "os_features": "",
                "os_version": null,
                "size": 11905546,
                "status": "active",
                "last_pulled": "2024-01-20T09:15:34.464051Z",
                "last_pushed": "2021-04-05T09:25:16.943948Z"
            },
            {
                "architecture": "amd64",
                "features": "",
                "variant": null,
                "digest": "sha256:95d9bdc00b3683e62627d6cd3b48b6507ec76d1d8c41d4109dd6cf1f13eefcfa",
                "os": "linux",
                "os_features": "",
                "os_version": null,
                "size": 12316340,
                "status": "active",
                "last_pulled": "2024-01-20T09:15:30.353898Z",
                "last_pushed": "2021-11-12T17:27:45.154054Z"
            }
        ],
        "last_updated": "2022-02-17T18:33:09.325356Z",
        "last_updater": 601605,
        "last_updater_username": "rancheriodhci",
        "name": "1.8.0",
        "repository": 11451366,
        "full_size": 12940806,
        "v2": true,
        "tag_status": "active",
        "tag_last_pulled": "2024-01-20T09:42:35.364472Z",
        "tag_last_pushed": "2022-02-17T18:33:09.325356Z",
        "media_type": "application/vnd.docker.distribution.manifest.list.v2+json",
        "content_type": "image"
    },
    {
        "creator": 601605,
        "id": 144232034,
        "images": [
            {
                "architecture": "amd64",
                "features": "",
                "variant": null,
                "digest": "sha256:10ecc12177735e5a6fd6fa0127202776128d860ed7ab0341780ddaeb1f6dfe61",
                "os": "linux",
                "os_features": "",
                "os_version": null,
                "size": 12940806,
                "status": "active",
                "last_pulled": "2024-01-20T09:09:00.286481Z",
                "last_pushed": "2021-04-05T09:25:12.854171Z"
            }
        ],
        "last_updated": "2021-04-05T09:25:12.854171Z",
        "last_updater": 601605,
        "last_updater_username": "rancheriodhci",
        "name": "1.8.0-amd64",
        "repository": 11451366,
        "full_size": 12940806,
        "v2": true,
        "tag_status": "active",
        "tag_last_pulled": "2024-01-20T09:09:00.286481Z",
        "tag_last_pushed": "2021-04-05T09:25:12.854171Z",
        "media_type": "application/vnd.docker.container.image.v1+json",
        "content_type": "image"
    },
    {
        "creator": 601605,
        "id": 144232045,
        "images": [
            {
                "architecture": "amd64",
                "features": "",
                "variant": null,
                "digest": "sha256:3bf466c28bbd8075d57f6201d9a8615a22c928ee6e0e7cbbea68233fcc2d65c3",
                "os": "linux",
                "os_features": "",
                "os_version": null,
                "size": 11905546,
                "status": "active",
                "last_pulled": "2024-01-20T09:15:34.464051Z",
                "last_pushed": "2021-04-05T09:25:16.943948Z"
            }
        ],
        "last_updated": "2021-04-05T09:25:16.943948Z",
        "last_updater": 601605,
        "last_updater_username": "rancheriodhci",
        "name": "1.8.0-arm",
        "repository": 11451366,
        "full_size": 11905546,
        "v2": true,
        "tag_status": "active",
        "tag_last_pulled": "2024-01-20T09:15:34.464051Z",
        "tag_last_pushed": "2021-04-05T09:25:16.943948Z",
        "media_type": "application/vnd.docker.container.image.v1+json",
        "content_type": "image"
    },
    {
        "creator": 601605,
        "id": 144161551,
        "images": [
            {
                "architecture": "amd64",
                "features": "",
                "variant": null,
                "digest": "sha256:919b800fed6eaf6c9a55c3017c0aa3187bfe5d81abefbe49bb27f968458b94cc",
                "os": "linux",
                "os_features": "",
                "os_version": null,
                "size": 11626170,
                "status": "active",
                "last_pulled": "2024-01-20T09:42:35.364472Z",
                "last_pushed": "2021-04-03T23:39:54.5658Z"
            }
        ],
        "last_updated": "2021-04-03T23:39:54.5658Z",
        "last_updater": 601605,
        "last_updater_username": "rancheriodhci",
        "name": "1.8.0-arm64",
        "repository": 11451366,
        "full_size": 11626170,
        "v2": true,
        "tag_status": "active",
        "tag_last_pulled": "2024-01-20T09:42:35.364472Z",
        "tag_last_pushed": "2021-04-03T23:39:54.5658Z",
        "media_type": "application/vnd.docker.container.image.v1+json",
        "content_type": "image"
    },
    {
        "creator": 601605,
        "id": 177142951,
        "images": [
            {
                "architecture": "amd64",
                "features": "",
                "variant": null,
                "digest": "sha256:95d9bdc00b3683e62627d6cd3b48b6507ec76d1d8c41d4109dd6cf1f13eefcfa",
                "os": "linux",
                "os_features": "",
                "os_version": null,
                "size": 12316340,
                "status": "active",
                "last_pulled": "2024-01-20T09:15:30.353898Z",
                "last_pushed": "2021-11-12T17:27:45.154054Z"
            }
        ],
        "last_updated": "2021-11-12T17:27:45.154054Z",
        "last_updater": 601605,
        "last_updater_username": "rancheriodhci",
        "name": "1.8.0-s390x",
        "repository": 11451366,
        "full_size": 12316340,
        "v2": true,
        "tag_status": "active",
        "tag_last_pulled": "2024-01-20T09:15:30.353898Z",
        "tag_last_pushed": "2021-11-12T17:27:45.154054Z",
        "media_type": "application/vnd.docker.container.image.v1+json",
        "content_type": "image"
    },
    {
        "creator": 601605,
        "id": 148755304,
        "images": [
            {
                "architecture": "amd64",
                "features": "",
                "variant": null,
                "digest": "sha256:db4f1c57978d7372b50f416d1058beb60cebff9a0d5b8bee02bfe70302e1cb2f",
                "os": "linux",
                "os_features": "",
                "os_version": null,
                "size": 12888690,
                "status": "active",
                "last_pulled": "2024-01-20T09:12:42.740498Z",
                "last_pushed": "2021-05-06T23:41:00.690858Z"
            },
            {
                "architecture": "amd64",
                "features": "",
                "variant": null,
                "digest": "sha256:95552cb6e83c78034bf6112a8e014932fb58e617aacf602997b10e80228fd697",
                "os": "linux",
                "os_features": "",
                "os_version": null,
                "size": 11522126,
                "status": "active",
                "last_pulled": "2024-01-20T09:15:16.410955Z",
                "last_pushed": "2023-11-17T01:41:47.572344Z"
            },
            {
                "architecture": "amd64",
                "features": "",
                "variant": null,
                "digest": "sha256:dfc241eae22da74dd378535b69d7927f897acf48424cdcb90991b33f412cb7ae",
                "os": "linux",
                "os_features": "",
                "os_version": null,
                "size": 11925771,
                "status": "active",
                "last_pulled": "2024-01-20T08:56:19.646062Z",
                "last_pushed": "2021-05-06T23:41:07.173364Z"
            },
            {
                "architecture": "amd64",
                "features": "",
                "variant": null,
                "digest": "sha256:2c67c4c415afd0d98bbdeafcc3586465afda8c0c7139b79093283564a181a69d",
                "os": "linux",
                "os_features": "",
                "os_version": null,
                "size": 12193566,
                "status": "active",
                "last_pulled": "2024-01-20T09:15:29.834731Z",
                "last_pushed": "2021-11-12T17:27:50.410741Z"
            }
        ],
        "last_updated": "2022-02-17T18:33:12.879693Z",
        "last_updater": 601605,
        "last_updater_username": "rancheriodhci",
        "name": "1.8.3",
        "repository": 11451366,
        "full_size": 12888690,
        "v2": true,
        "tag_status": "active",
        "tag_last_pulled": "2024-01-20T09:15:29.834731Z",
        "tag_last_pushed": "2022-02-17T18:33:12.879693Z",
        "media_type": "application/vnd.docker.distribution.manifest.list.v2+json",
        "content_type": "image"
    },
    {
        "creator": 601605,
        "id": 148755301,
        "images": [
            {
                "architecture": "amd64",
                "features": "",
                "variant": null,
                "digest": "sha256:db4f1c57978d7372b50f416d1058beb60cebff9a0d5b8bee02bfe70302e1cb2f",
                "os": "linux",
                "os_features": "",
                "os_version": null,
                "size": 12888690,
                "status": "active",
                "last_pulled": "2024-01-20T09:12:42.740498Z",
                "last_pushed": "2021-05-06T23:41:00.690858Z"
            }
        ],
        "last_updated": "2021-05-06T23:41:00.690858Z",
        "last_updater": 601605,
        "last_updater_username": "rancheriodhci",
        "name": "1.8.3-amd64",
        "repository": 11451366,
        "full_size": 12888690,
        "v2": true,
        "tag_status": "active",
        "tag_last_pulled": "2024-01-20T09:12:42.740498Z",
        "tag_last_pushed": "2021-05-06T23:41:00.690858Z",
        "media_type": "application/vnd.docker.container.image.v1+json",
        "content_type": "image"
    },
    {
        "creator": 601605,
        "id": 148755318,
        "images": [
            {
                "architecture": "amd64",
                "features": "",
                "variant": null,
                "digest": "sha256:dfc241eae22da74dd378535b69d7927f897acf48424cdcb90991b33f412cb7ae",
                "os": "linux",
                "os_features": "",
                "os_version": null,
                "size": 11925771,
                "status": "active",
                "last_pulled": "2024-01-20T08:56:19.646062Z",
                "last_pushed": "2021-05-06T23:41:07.173364Z"
            }
        ],
        "last_updated": "2021-05-06T23:41:07.173364Z",
        "last_updater": 601605,
        "last_updater_username": "rancheriodhci",
        "name": "1.8.3-arm",
        "repository": 11451366,
        "full_size": 11925771,
        "v2": true,
        "tag_status": "active",
        "tag_last_pulled": "2024-01-20T08:56:19.646062Z",
        "tag_last_pushed": "2021-05-06T23:41:07.173364Z",
        "media_type": "application/vnd.docker.container.image.v1+json",
        "content_type": "image"
    },
    {
        "creator": 601605,
        "id": 177142967,
        "images": [
            {
                "architecture": "amd64",
                "features": "",
                "variant": null,
                "digest": "sha256:2c67c4c415afd0d98bbdeafcc3586465afda8c0c7139b79093283564a181a69d",
                "os": "linux",
                "os_features": "",
                "os_version": null,
                "size": 12193566,
                "status": "active",
                "last_pulled": "2024-01-20T09:15:29.834731Z",
                "last_pushed": "2021-11-12T17:27:50.410741Z"
            }
        ],
        "last_updated": "2021-11-12T17:27:50.410741Z",
        "last_updater": 601605,
        "last_updater_username": "rancheriodhci",
        "name": "1.8.3-s390x",
        "repository": 11451366,
        "full_size": 12193566,
        "v2": true,
        "tag_status": "active",
        "tag_last_pulled": "2024-01-20T09:15:29.834731Z",
        "tag_last_pushed": "2021-11-12T17:27:50.410741Z",
        "media_type": "application/vnd.docker.container.image.v1+json",
        "content_type": "image"
    },
    {
        "creator": 601605,
        "id": 154737692,
        "images": [
            {
                "architecture": "amd64",
                "features": "",
                "variant": null,
                "digest": "sha256:10683d82b024a58cc248c468c2632f9d1b260500f7cd9bb8e73f751048d7d6d4",
                "os": "linux",
                "os_features": "",
                "os_version": null,
                "size": 13702589,
                "status": "active",
                "last_pulled": "2024-01-20T09:07:51.031809Z",
                "last_pushed": "2021-06-18T14:24:17.992051Z"
            },
            {
                "architecture": "amd64",
                "features": "",
                "variant": null,
                "digest": "sha256:bed4a2847d4f6d0a7d4e1aeba1aba8776401c838e349e2ddc027ea603204ddb5",
                "os": "linux",
                "os_features": "",
                "os_version": null,
                "size": 12258779,
                "status": "active",
                "last_pulled": "2024-01-20T09:42:35.321992Z",
                "last_pushed": "2021-06-18T14:24:21.145374Z"
            },
            {
                "architecture": "amd64",
                "features": "",
                "variant": null,
                "digest": "sha256:4daaba8d7eaa02d56b8b4b4ce345fb206975628744afa31e2d72eb58e1492dc6",
                "os": "linux",
                "os_features": "",
                "os_version": null,
                "size": 12640904,
                "status": "active",
                "last_pulled": "2024-01-20T09:42:36.740816Z",
                "last_pushed": "2021-06-18T14:24:24.552195Z"
            },
            {
                "architecture": "amd64",
                "features": "",
                "variant": null,
                "digest": "sha256:48eff54acd96f22721ee933e242011d6f8e2f53e63112cb8157604eee01b30d1",
                "os": "linux",
                "os_features": "",
                "os_version": null,
                "size": 12986680,
                "status": "active",
                "last_pulled": "2024-01-20T09:09:51.3512Z",
                "last_pushed": "2021-11-12T17:27:57.169746Z"
            }
        ],
        "last_updated": "2022-02-17T18:33:16.633688Z",
        "last_updater": 601605,
        "last_updater_username": "rancheriodhci",
        "name": "1.8.4",
        "repository": 11451366,
        "full_size": 13702589,
        "v2": true,
        "tag_status": "active",
        "tag_last_pulled": "2024-01-20T09:42:36.740816Z",
        "tag_last_pushed": "2022-02-17T18:33:16.633688Z",
        "media_type": "application/vnd.docker.distribution.manifest.list.v2+json",
        "content_type": "image"
    },
    {
        "creator": 601605,
        "id": 154737691,
        "images": [
            {
                "architecture": "amd64",
                "features": "",
                "variant": null,
                "digest": "sha256:10683d82b024a58cc248c468c2632f9d1b260500f7cd9bb8e73f751048d7d6d4",
                "os": "linux",
                "os_features": "",
                "os_version": null,
                "size": 13702589,
                "status": "active",
                "last_pulled": "2024-01-20T09:07:51.031809Z",
                "last_pushed": "2021-06-18T14:24:17.992051Z"
            }
        ],
        "last_updated": "2021-06-18T14:24:17.992051Z",
        "last_updater": 601605,
        "last_updater_username": "rancheriodhci",
        "name": "1.8.4-amd64",
        "repository": 11451366,
        "full_size": 13702589,
        "v2": true,
        "tag_status": "active",
        "tag_last_pulled": "2024-01-20T09:07:51.031809Z",
        "tag_last_pushed": "2021-06-18T14:24:17.992051Z",
        "media_type": "application/vnd.docker.container.image.v1+json",
        "content_type": "image"
    },
    {
        "creator": 601605,
        "id": 154737704,
        "images": [
            {
                "architecture": "amd64",
                "features": "",
                "variant": null,
                "digest": "sha256:4daaba8d7eaa02d56b8b4b4ce345fb206975628744afa31e2d72eb58e1492dc6",
                "os": "linux",
                "os_features": "",
                "os_version": null,
                "size": 12640904,
                "status": "active",
                "last_pulled": "2024-01-20T09:42:36.740816Z",
                "last_pushed": "2021-06-18T14:24:24.552195Z"
            }
        ],
        "last_updated": "2021-06-18T14:24:24.552195Z",
        "last_updater": 601605,
        "last_updater_username": "rancheriodhci",
        "name": "1.8.4-arm",
        "repository": 11451366,
        "full_size": 12640904,
        "v2": true,
        "tag_status": "active",
        "tag_last_pulled": "2024-01-20T09:42:36.740816Z",
        "tag_last_pushed": "2021-06-18T14:24:24.552195Z",
        "media_type": "application/vnd.docker.container.image.v1+json",
        "content_type": "image"
    },
    {
        "creator": 601605,
        "id": 154737696,
        "images": [
            {
                "architecture": "amd64",
                "features": "",
                "variant": null,
                "digest": "sha256:bed4a2847d4f6d0a7d4e1aeba1aba8776401c838e349e2ddc027ea603204ddb5",
                "os": "linux",
                "os_features": "",
                "os_version": null,
                "size": 12258779,
                "status": "active",
                "last_pulled": "2024-01-20T09:42:35.321992Z",
                "last_pushed": "2021-06-18T14:24:21.145374Z"
            }
        ],
        "last_updated": "2021-06-18T14:24:21.145374Z",
        "last_updater": 601605,
        "last_updater_username": "rancheriodhci",
        "name": "1.8.4-arm64",
        "repository": 11451366,
        "full_size": 12258779,
        "v2": true,
        "tag_status": "active",
        "tag_last_pulled": "2024-01-20T09:42:35.321992Z",
        "tag_last_pushed": "2021-06-18T14:24:21.145374Z",
        "media_type": "application/vnd.docker.container.image.v1+json",
        "content_type": "image"
    },
    {
        "creator": 601605,
        "id": 177142979,
        "images": [
            {
                "architecture": "amd64",
                "features": "",
                "variant": null,
                "digest": "sha256:48eff54acd96f22721ee933e242011d6f8e2f53e63112cb8157604eee01b30d1",
                "os": "linux",
                "os_features": "",
                "os_version": null,
                "size": 12986680,
                "status": "active",
                "last_pulled": "2024-01-20T09:09:51.3512Z",
                "last_pushed": "2021-11-12T17:27:57.169746Z"
            }
        ],
        "last_updated": "2021-11-12T17:27:57.169746Z",
        "last_updater": 601605,
        "last_updater_username": "rancheriodhci",
        "name": "1.8.4-s390x",
        "repository": 11451366,
        "full_size": 12986680,
        "v2": true,
        "tag_status": "active",
        "tag_last_pulled": "2024-01-20T09:09:51.3512Z",
        "tag_last_pushed": "2021-11-12T17:27:57.169746Z",
        "media_type": "application/vnd.docker.container.image.v1+json",
        "content_type": "image"
    },
    {
        "creator": 601605,
        "id": 180919014,
        "images": [
            {
                "architecture": "amd64",
                "features": "",
                "variant": null,
                "digest": "sha256:8916c89e1538ea3941b58847e448a2c6d940c01b8e716b20423d2d8b189d3972",
                "os": "linux",
                "os_features": "",
                "os_version": null,
                "size": 13580447,
                "status": "active",
                "last_pulled": "2024-01-20T09:07:53.77578Z",
                "last_pushed": "2023-11-17T01:41:51.523217Z"
            },
            {
                "architecture": "amd64",
                "features": "",
                "variant": null,
                "digest": "sha256:7847ada4d72bc8b479122ad9963fbe073f563f1a982f5b76dbfc872184a4f518",
                "os": "linux",
                "os_features": "",
                "os_version": null,
                "size": 12313047,
                "status": "active",
                "last_pulled": "2024-01-20T09:42:38.348567Z",
                "last_pushed": "2021-12-06T17:43:09.076038Z"
            },
            {
                "architecture": "amd64",
                "features": "",
                "variant": null,
                "digest": "sha256:9320c447635d7bdea719d44d79f28e2d5a30b330e8949a530a1d232c92b1c8a4",
                "os": "linux",
                "os_features": "",
                "os_version": null,
                "size": 12664508,
                "status": "active",
                "last_pulled": "2024-01-20T09:42:35.342443Z",
                "last_pushed": "2023-11-17T01:41:52.816247Z"
            },
            {
                "architecture": "amd64",
                "features": "",
                "variant": null,
                "digest": "sha256:54f5aa025e279efabf533730a5b2e476602a1bb50e6b8aa3fb8bf64a3ec7ab6e",
                "os": "linux",
                "os_features": "",
                "os_version": null,
                "size": 12967997,
                "status": "active",
                "last_pulled": "2024-01-20T09:42:05.895203Z",
                "last_pushed": "2021-12-06T17:43:16.703835Z"
            }
        ],
        "last_updated": "2022-02-17T18:33:20.563519Z",
        "last_updater": 601605,
        "last_updater_username": "rancheriodhci",
        "name": "1.8.6",
        "repository": 11451366,
        "full_size": 13580447,
        "v2": true,
        "tag_status": "active",
        "tag_last_pulled": "2024-01-20T09:42:38.348567Z",
        "tag_last_pushed": "2022-02-17T18:33:20.563519Z",
        "media_type": "application/vnd.docker.distribution.manifest.list.v2+json",
        "content_type": "image"
    },
    {
        "creator": 601605,
        "id": 180919024,
        "images": [
            {
                "architecture": "amd64",
                "features": "",
                "variant": null,
                "digest": "sha256:7847ada4d72bc8b479122ad9963fbe073f563f1a982f5b76dbfc872184a4f518",
                "os": "linux",
                "os_features": "",
                "os_version": null,
                "size": 12313047,
                "status": "active",
                "last_pulled": "2024-01-20T09:42:38.348567Z",
                "last_pushed": "2021-12-06T17:43:09.076038Z"
            }
        ],
        "last_updated": "2021-12-06T17:43:09.076038Z",
        "last_updater": 601605,
        "last_updater_username": "rancheriodhci",
        "name": "1.8.6-arm64",
        "repository": 11451366,
        "full_size": 12313047,
        "v2": true,
        "tag_status": "active",
        "tag_last_pulled": "2024-01-20T09:42:38.348567Z",
        "tag_last_pushed": "2021-12-06T17:43:09.076038Z",
        "media_type": "application/vnd.docker.container.image.v1+json",
        "content_type": "image"
    },
    {
        "creator": 601605,
        "id": 180919037,
        "images": [
            {
                "architecture": "amd64",
                "features": "",
                "variant": null,
                "digest": "sha256:54f5aa025e279efabf533730a5b2e476602a1bb50e6b8aa3fb8bf64a3ec7ab6e",
                "os": "linux",
                "os_features": "",
                "os_version": null,
                "size": 12967997,
                "status": "active",
                "last_pulled": "2024-01-20T09:42:05.895203Z",
                "last_pushed": "2021-12-06T17:43:16.703835Z"
            }
        ],
        "last_updated": "2021-12-06T17:43:16.703835Z",
        "last_updater": 601605,
        "last_updater_username": "rancheriodhci",
        "name": "1.8.6-s390x",
        "repository": 11451366,
        "full_size": 12967997,
        "v2": true,
        "tag_status": "active",
        "tag_last_pulled": "2024-01-20T09:42:05.895203Z",
        "tag_last_pushed": "2021-12-06T17:43:16.703835Z",
        "media_type": "application/vnd.docker.container.image.v1+json",
        "content_type": "image"
    },
    {
        "creator": 601605,
        "id": 197971167,
        "images": [
            {
                "architecture": "amd64",
                "features": "",
                "variant": null,
                "digest": "sha256:0ea13057996255e8785ffa4750fae5efd982f2c4976e58590616f5448f580c12",
                "os": "linux",
                "os_features": "",
                "os_version": null,
                "size": 14095877,
                "status": "active",
                "last_pulled": "2024-01-20T09:05:15.278973Z",
                "last_pushed": "2022-03-17T17:35:22.031262Z"
            },
            {
                "architecture": "amd64",
                "features": "",
                "variant": null,
                "digest": "sha256:224c4ecc9d9eea3765d0beee0e624e6cf837230c370440bd38a7d9901dd04dc4",
                "os": "linux",
                "os_features": "",
                "os_version": null,
                "size": 12808981,
                "status": "active",
                "last_pulled": "2024-01-20T09:15:24.64977Z",
                "last_pushed": "2022-03-17T17:35:25.350115Z"
            },
            {
                "architecture": "amd64",
                "features": "",
                "variant": null,
                "digest": "sha256:287fbb15b6021b3b6f7d2be1cd4ed0b4a197f90f7fa74a28b615cbaeb3c0c2f7",
                "os": "linux",
                "os_features": "",
                "os_version": null,
                "size": 13212076,
                "status": "active",
                "last_pulled": "2024-01-20T09:42:35.310602Z",
                "last_pushed": "2022-03-17T17:35:28.957773Z"
            },
            {
                "architecture": "amd64",
                "features": "",
                "variant": null,
                "digest": "sha256:bee80d4d88da0dd4b8d040d4b23ac16a29b9bb8222d000cf0b47e95e4e158890",
                "os": "linux",
                "os_features": "",
                "os_version": null,
                "size": 13482209,
                "status": "active",
                "last_pulled": "2024-01-20T09:08:10.368191Z",
                "last_pushed": "2022-03-17T17:35:31.82922Z"
            }
        ],
        "last_updated": "2022-03-17T17:35:32.73675Z",
        "last_updater": 601605,
        "last_updater_username": "rancheriodhci",
        "name": "1.9.0",
        "repository": 11451366,
        "full_size": 14095877,
        "v2": true,
        "tag_status": "active",
        "tag_last_pulled": "2024-01-20T09:42:35.310602Z",
        "tag_last_pushed": "2022-03-17T17:35:32.73675Z",
        "media_type": "application/vnd.docker.distribution.manifest.list.v2+json",
        "content_type": "image"
    },
    {
        "creator": 601605,
        "id": 197971126,
        "images": [
            {
                "architecture": "amd64",
                "features": "",
                "variant": null,
                "digest": "sha256:0ea13057996255e8785ffa4750fae5efd982f2c4976e58590616f5448f580c12",
                "os": "linux",
                "os_features": "",
                "os_version": null,
                "size": 14095877,
                "status": "active",
                "last_pulled": "2024-01-20T09:05:15.278973Z",
                "last_pushed": "2022-03-17T17:35:22.031262Z"
            }
        ],
        "last_updated": "2022-03-17T17:35:22.144095Z",
        "last_updater": 601605,
        "last_updater_username": "rancheriodhci",
        "name": "1.9.0-amd64",
        "repository": 11451366,
        "full_size": 14095877,
        "v2": true,
        "tag_status": "active",
        "tag_last_pulled": "2024-01-20T09:05:15.278973Z",
        "tag_last_pushed": "2022-03-17T17:35:22.144095Z",
        "media_type": "application/vnd.docker.container.image.v1+json",
        "content_type": "image"
    },
    {
        "creator": 601605,
        "id": 197971154,
        "images": [
            {
                "architecture": "amd64",
                "features": "",
                "variant": null,
                "digest": "sha256:287fbb15b6021b3b6f7d2be1cd4ed0b4a197f90f7fa74a28b615cbaeb3c0c2f7",
                "os": "linux",
                "os_features": "",
                "os_version": null,
                "size": 13212076,
                "status": "active",
                "last_pulled": "2024-01-20T09:42:35.310602Z",
                "last_pushed": "2022-03-17T17:35:28.957773Z"
            }
        ],
        "last_updated": "2022-03-17T17:35:29.105799Z",
        "last_updater": 601605,
        "last_updater_username": "rancheriodhci",
        "name": "1.9.0-arm",
        "repository": 11451366,
        "full_size": 13212076,
        "v2": true,
        "tag_status": "active",
        "tag_last_pulled": "2024-01-20T09:42:35.310602Z",
        "tag_last_pushed": "2022-03-17T17:35:29.105799Z",
        "media_type": "application/vnd.docker.container.image.v1+json",
        "content_type": "image"
    },
    {
        "creator": 601605,
        "id": 197971138,
        "images": [
            {
                "architecture": "amd64",
                "features": "",
                "variant": null,
                "digest": "sha256:224c4ecc9d9eea3765d0beee0e624e6cf837230c370440bd38a7d9901dd04dc4",
                "os": "linux",
                "os_features": "",
                "os_version": null,
                "size": 12808981,
                "status": "active",
                "last_pulled": "2024-01-20T09:15:24.64977Z",
                "last_pushed": "2022-03-17T17:35:25.350115Z"
            }
        ],
        "last_updated": "2022-03-17T17:35:25.490973Z",
        "last_updater": 601605,
        "last_updater_username": "rancheriodhci",
        "name": "1.9.0-arm64",
        "repository": 11451366,
        "full_size": 12808981,
        "v2": true,
        "tag_status": "active",
        "tag_last_pulled": "2024-01-20T09:15:24.64977Z",
        "tag_last_pushed": "2022-03-17T17:35:25.490973Z",
        "media_type": "application/vnd.docker.container.image.v1+json",
        "content_type": "image"
    },
    {
        "creator": 601605,
        "id": 197971164,
        "images": [
            {
                "architecture": "amd64",
                "features": "",
                "variant": null,
                "digest": "sha256:bee80d4d88da0dd4b8d040d4b23ac16a29b9bb8222d000cf0b47e95e4e158890",
                "os": "linux",
                "os_features": "",
                "os_version": null,
                "size": 13482209,
                "status": "active",
                "last_pulled": "2024-01-20T09:08:10.368191Z",
                "last_pushed": "2022-03-17T17:35:31.82922Z"
            }
        ],
        "last_updated": "2022-03-17T17:35:31.925944Z",
        "last_updater": 601605,
        "last_updater_username": "rancheriodhci",
        "name": "1.9.0-s390x",
        "repository": 11451366,
        "full_size": 13482209,
        "v2": true,
        "tag_status": "active",
        "tag_last_pulled": "2024-01-20T09:08:10.368191Z",
        "tag_last_pushed": "2022-03-17T17:35:31.925944Z",
        "media_type": "application/vnd.docker.container.image.v1+json",
        "content_type": "image"
    },
    {
        "creator": 601605,
        "id": 198037141,
        "images": [
            {
                "architecture": "amd64",
                "features": "",
                "variant": null,
                "digest": "sha256:bde552a948be64907cbff62e8d333addbbff3ea2be3a0738971c32b6956a3057",
                "os": "linux",
                "os_features": "",
                "os_version": null,
                "size": 14107336,
                "status": "active",
                "last_pulled": "2024-01-20T09:29:29.28477Z",
                "last_pushed": "2022-03-17T23:58:16.07524Z"
            },
            {
                "architecture": "amd64",
                "features": "",
                "variant": null,
                "digest": "sha256:582dd63b4f3846f805a453abf74b64b852a9a46e5caea3cbb8081e121caae044",
                "os": "linux",
                "os_features": "",
                "os_version": null,
                "size": 12816761,
                "status": "active",
                "last_pulled": "2024-01-20T09:41:35.91686Z",
                "last_pushed": "2023-11-17T01:41:56.745034Z"
            },
            {
                "architecture": "amd64",
                "features": "",
                "variant": null,
                "digest": "sha256:74e2b0dbc6c9d7747231230ec2e4d9efcb475f8f3b27b285d73f82404dcc91c6",
                "os": "linux",
                "os_features": "",
                "os_version": null,
                "size": 13223525,
                "status": "active",
                "last_pulled": "2024-01-20T09:42:35.302123Z",
                "last_pushed": "2022-03-17T23:58:22.337789Z"
            },
            {
                "architecture": "amd64",
                "features": "",
                "variant": null,
                "digest": "sha256:22069035eb3493d81d22d2d8c25830808180b88532b885206082945c248b66f4",
                "os": "linux",
                "os_features": "",
                "os_version": null,
                "size": 13493093,
                "status": "active",
                "last_pulled": "2024-01-20T09:41:55.913755Z",
                "last_pushed": "2022-03-17T23:58:25.253801Z"
            }
        ],
        "last_updated": "2022-03-17T23:58:26.253571Z",
        "last_updater": 601605,
        "last_updater_username": "rancheriodhci",
        "name": "1.9.1",
        "repository": 11451366,
        "full_size": 14107336,
        "v2": true,
        "tag_status": "active",
        "tag_last_pulled": "2024-01-20T09:42:35.302123Z",
        "tag_last_pushed": "2022-03-17T23:58:26.253571Z",
        "media_type": "application/vnd.docker.distribution.manifest.list.v2+json",
        "content_type": "image"
    },
    {
        "creator": 601605,
        "id": 198037117,
        "images": [
            {
                "architecture": "amd64",
                "features": "",
                "variant": null,
                "digest": "sha256:bde552a948be64907cbff62e8d333addbbff3ea2be3a0738971c32b6956a3057",
                "os": "linux",
                "os_features": "",
                "os_version": null,
                "size": 14107336,
                "status": "active",
                "last_pulled": "2024-01-20T09:29:29.28477Z",
                "last_pushed": "2022-03-17T23:58:16.07524Z"
            }
        ],
        "last_updated": "2022-03-17T23:58:16.240511Z",
        "last_updater": 601605,
        "last_updater_username": "rancheriodhci",
        "name": "1.9.1-amd64",
        "repository": 11451366,
        "full_size": 14107336,
        "v2": true,
        "tag_status": "active",
        "tag_last_pulled": "2024-01-20T09:29:29.28477Z",
        "tag_last_pushed": "2022-03-17T23:58:16.240511Z",
        "media_type": "application/vnd.docker.container.image.v1+json",
        "content_type": "image"
    },
    {
        "creator": 601605,
        "id": 198037132,
        "images": [
            {
                "architecture": "amd64",
                "features": "",
                "variant": null,
                "digest": "sha256:74e2b0dbc6c9d7747231230ec2e4d9efcb475f8f3b27b285d73f82404dcc91c6",
                "os": "linux",
                "os_features": "",
                "os_version": null,
                "size": 13223525,
                "status": "active",
                "last_pulled": "2024-01-20T09:42:35.302123Z",
                "last_pushed": "2022-03-17T23:58:22.337789Z"
            }
        ],
        "last_updated": "2022-03-17T23:58:22.450762Z",
        "last_updater": 601605,
        "last_updater_username": "rancheriodhci",
        "name": "1.9.1-arm",
        "repository": 11451366,
        "full_size": 13223525,
        "v2": true,
        "tag_status": "active",
        "tag_last_pulled": "2024-01-20T09:42:35.302123Z",
        "tag_last_pushed": "2022-03-17T23:58:22.450762Z",
        "media_type": "application/vnd.docker.container.image.v1+json",
        "content_type": "image"
    },
    {
        "creator": 601605,
        "id": 198037139,
        "images": [
            {
                "architecture": "amd64",
                "features": "",
                "variant": null,
                "digest": "sha256:22069035eb3493d81d22d2d8c25830808180b88532b885206082945c248b66f4",
                "os": "linux",
                "os_features": "",
                "os_version": null,
                "size": 13493093,
                "status": "active",
                "last_pulled": "2024-01-20T09:41:55.913755Z",
                "last_pushed": "2022-03-17T23:58:25.253801Z"
            }
        ],
        "last_updated": "2022-03-17T23:58:25.3593Z",
        "last_updater": 601605,
        "last_updater_username": "rancheriodhci",
        "name": "1.9.1-s390x",
        "repository": 11451366,
        "full_size": 13493093,
        "v2": true,
        "tag_status": "active",
        "tag_last_pulled": "2024-01-20T09:41:55.913755Z",
        "tag_last_pushed": "2022-03-17T23:58:25.3593Z",
        "media_type": "application/vnd.docker.container.image.v1+json",
        "content_type": "image"
    },
    {
        "creator": 601605,
        "id": 229683990,
        "images": [
            {
                "architecture": "amd64",
                "features": "",
                "variant": null,
                "digest": "sha256:bdb36ee882c13135669cfc2bb91c808a33926ad1a411fee07bd2dc344bb8f782",
                "os": "linux",
                "os_features": "",
                "os_version": null,
                "size": 14833190,
                "status": "active",
                "last_pulled": "2024-01-20T09:20:15.51737Z",
                "last_pushed": "2022-06-07T18:30:18.496038Z"
            },
            {
                "architecture": "amd64",
                "features": "",
                "variant": null,
                "digest": "sha256:85c4677668f548da72cc0194663ae9d412cac8f239551ca90c0941c9c1ad8685",
                "os": "linux",
                "os_features": "",
                "os_version": null,
                "size": 13418489,
                "status": "active",
                "last_pulled": "2024-01-20T09:42:35.314527Z",
                "last_pushed": "2022-08-29T17:32:02.911747Z"
            },
            {
                "architecture": "amd64",
                "features": "",
                "variant": null,
                "digest": "sha256:dd78574bb17edbcd25e38ca838ddfb41de0c61817b47c1c272cc44b7764dc522",
                "os": "linux",
                "os_features": "",
                "os_version": null,
                "size": 14048961,
                "status": "active",
                "last_pulled": "2024-01-20T09:42:38.603901Z",
                "last_pushed": "2022-06-07T18:30:24.478118Z"
            },
            {
                "architecture": "amd64",
                "features": "",
                "variant": null,
                "digest": "sha256:9cd6d03210d91f7f33b801a96d451ef9faca93191ee7822699f8285e066df08b",
                "os": "linux",
                "os_features": "",
                "os_version": null,
                "size": 14190865,
                "status": "active",
                "last_pulled": "2024-01-20T09:42:35.333007Z",
                "last_pushed": "2022-06-07T18:30:27.441319Z"
            }
        ],
        "last_updated": "2022-06-07T18:30:28.446784Z",
        "last_updater": 601605,
        "last_updater_username": "rancheriodhci",
        "name": "1.9.3",
        "repository": 11451366,
        "full_size": 14833190,
        "v2": true,
        "tag_status": "active",
        "tag_last_pulled": "2024-01-20T09:42:38.603901Z",
        "tag_last_pushed": "2022-06-07T18:30:28.446784Z",
        "media_type": "application/vnd.docker.distribution.manifest.list.v2+json",
        "content_type": "image"
    },
    {
        "creator": 601605,
        "id": 229683881,
        "images": [
            {
                "architecture": "amd64",
                "features": "",
                "variant": null,
                "digest": "sha256:bdb36ee882c13135669cfc2bb91c808a33926ad1a411fee07bd2dc344bb8f782",
                "os": "linux",
                "os_features": "",
                "os_version": null,
                "size": 14833190,
                "status": "active",
                "last_pulled": "2024-01-20T09:20:15.51737Z",
                "last_pushed": "2022-06-07T18:30:18.496038Z"
            }
        ],
        "last_updated": "2022-06-07T18:30:18.605575Z",
        "last_updater": 601605,
        "last_updater_username": "rancheriodhci",
        "name": "1.9.3-amd64",
        "repository": 11451366,
        "full_size": 14833190,
        "v2": true,
        "tag_status": "active",
        "tag_last_pulled": "2024-01-20T09:20:15.51737Z",
        "tag_last_pushed": "2022-06-07T18:30:18.605575Z",
        "media_type": "application/vnd.docker.container.image.v1+json",
        "content_type": "image"
    },
    {
        "creator": 601605,
        "id": 229683950,
        "images": [
            {
                "architecture": "amd64",
                "features": "",
                "variant": null,
                "digest": "sha256:dd78574bb17edbcd25e38ca838ddfb41de0c61817b47c1c272cc44b7764dc522",
                "os": "linux",
                "os_features": "",
                "os_version": null,
                "size": 14048961,
                "status": "active",
                "last_pulled": "2024-01-20T09:42:38.603901Z",
                "last_pushed": "2022-06-07T18:30:24.478118Z"
            }
        ],
        "last_updated": "2022-06-07T18:30:24.670604Z",
        "last_updater": 601605,
        "last_updater_username": "rancheriodhci",
        "name": "1.9.3-arm",
        "repository": 11451366,
        "full_size": 14048961,
        "v2": true,
        "tag_status": "active",
        "tag_last_pulled": "2024-01-20T09:42:38.603901Z",
        "tag_last_pushed": "2022-06-07T18:30:24.670604Z",
        "media_type": "application/vnd.docker.container.image.v1+json",
        "content_type": "image"
    },
    {
        "creator": 601605,
        "id": 229683921,
        "images": [
            {
                "architecture": "amd64",
                "features": "",
                "variant": null,
                "digest": "sha256:85c4677668f548da72cc0194663ae9d412cac8f239551ca90c0941c9c1ad8685",
                "os": "linux",
                "os_features": "",
                "os_version": null,
                "size": 13418489,
                "status": "active",
                "last_pulled": "2024-01-20T09:42:35.314527Z",
                "last_pushed": "2022-08-29T17:32:02.911747Z"
            }
        ],
        "last_updated": "2022-08-29T17:32:02.911747Z",
        "last_updater": 601605,
        "last_updater_username": "rancheriodhci",
        "name": "1.9.3-arm64",
        "repository": 11451366,
        "full_size": 13418489,
        "v2": true,
        "tag_status": "active",
        "tag_last_pulled": "2024-01-20T09:42:35.314527Z",
        "tag_last_pushed": "2022-08-29T17:32:02.911747Z",
        "media_type": "application/vnd.docker.container.image.v1+json",
        "content_type": "image",
        "digest": "sha256:85c4677668f548da72cc0194663ae9d412cac8f239551ca90c0941c9c1ad8685"
    },
    {
        "creator": 601605,
        "id": 229683983,
        "images": [
            {
                "architecture": "amd64",
                "features": "",
                "variant": null,
                "digest": "sha256:9cd6d03210d91f7f33b801a96d451ef9faca93191ee7822699f8285e066df08b",
                "os": "linux",
                "os_features": "",
                "os_version": null,
                "size": 14190865,
                "status": "active",
                "last_pulled": "2024-01-20T09:42:35.333007Z",
                "last_pushed": "2022-06-07T18:30:27.441319Z"
            }
        ],
        "last_updated": "2022-06-07T18:30:27.596137Z",
        "last_updater": 601605,
        "last_updater_username": "rancheriodhci",
        "name": "1.9.3-s390x",
        "repository": 11451366,
        "full_size": 14190865,
        "v2": true,
        "tag_status": "active",
        "tag_last_pulled": "2024-01-20T09:42:35.333007Z",
        "tag_last_pushed": "2022-06-07T18:30:27.596137Z",
        "media_type": "application/vnd.docker.container.image.v1+json",
        "content_type": "image"
    },
    {
        "creator": 601605,
        "id": 288961943,
        "images": [
            {
                "architecture": "amd64",
                "features": "",
                "variant": null,
                "digest": "sha256:490711c06f083f563700f181b52529dab526ef36fdac7401f11c04eb1adfe4fd",
                "os": "linux",
                "os_features": "",
                "os_version": null,
                "size": 15117049,
                "status": "active",
                "last_pulled": "2024-01-20T09:32:19.880813Z",
                "last_pushed": "2022-09-12T23:50:07.893356Z"
            },
            {
                "architecture": "amd64",
                "features": "",
                "variant": null,
                "digest": "sha256:9f500a71b8a9d21753279136c124fc5119ddee27698e1a2b65b952c73fc9da1b",
                "os": "linux",
                "os_features": "",
                "os_version": null,
                "size": 13627514,
                "status": "active",
                "last_pulled": "2024-01-20T09:50:52.875765Z",
                "last_pushed": "2022-09-12T23:50:10.92357Z"
            },
            {
                "architecture": "amd64",
                "features": "",
                "variant": null,
                "digest": "sha256:61dd039991a1794bf15b02e61e610952962bee7892035fc718d2781b9cd2eb53",
                "os": "linux",
                "os_features": "",
                "os_version": null,
                "size": 14319097,
                "status": "active",
                "last_pulled": "2024-01-20T09:42:35.351997Z",
                "last_pushed": "2022-09-12T23:50:13.858105Z"
            },
            {
                "architecture": "amd64",
                "features": "",
                "variant": null,
                "digest": "sha256:40650d22f0f903bc1dff8756213259cdf8166bc130fd5f82665e0ef6dae982f3",
                "os": "linux",
                "os_features": "",
                "os_version": null,
                "size": 14531668,
                "status": "active",
                "last_pulled": "2024-01-20T09:49:03.996639Z",
                "last_pushed": "2022-09-12T23:50:16.882449Z"
            }
        ],
        "last_updated": "2022-09-12T23:50:17.949441Z",
        "last_updater": 601605,
        "last_updater_username": "rancheriodhci",
        "name": "1.9.4",
        "repository": 11451366,
        "full_size": 15117049,
        "v2": true,
        "tag_status": "active",
        "tag_last_pulled": "2024-01-20T09:50:52.875765Z",
        "tag_last_pushed": "2022-09-12T23:50:17.949441Z",
        "media_type": "application/vnd.docker.distribution.manifest.list.v2+json",
        "content_type": "image",
        "digest": "sha256:823626055cba80e2ad6ff26e18df206c7f26964c7cd81a8ef57b4dc16c0eec61"
    },
    {
        "creator": 601605,
        "id": 288961826,
        "images": [
            {
                "architecture": "amd64",
                "features": "",
                "variant": null,
                "digest": "sha256:490711c06f083f563700f181b52529dab526ef36fdac7401f11c04eb1adfe4fd",
                "os": "linux",
                "os_features": "",
                "os_version": null,
                "size": 15117049,
                "status": "active",
                "last_pulled": "2024-01-20T09:32:19.880813Z",
                "last_pushed": "2022-09-12T23:50:07.893356Z"
            }
        ],
        "last_updated": "2022-09-12T23:50:07.991223Z",
        "last_updater": 601605,
        "last_updater_username": "rancheriodhci",
        "name": "1.9.4-amd64",
        "repository": 11451366,
        "full_size": 15117049,
        "v2": true,
        "tag_status": "active",
        "tag_last_pulled": "2024-01-20T09:32:19.880813Z",
        "tag_last_pushed": "2022-09-12T23:50:07.991223Z",
        "media_type": "application/vnd.docker.container.image.v1+json",
        "content_type": "image",
        "digest": "sha256:490711c06f083f563700f181b52529dab526ef36fdac7401f11c04eb1adfe4fd"
    },
    {
        "creator": 601605,
        "id": 288961891,
        "images": [
            {
                "architecture": "amd64",
                "features": "",
                "variant": null,
                "digest": "sha256:61dd039991a1794bf15b02e61e610952962bee7892035fc718d2781b9cd2eb53",
                "os": "linux",
                "os_features": "",
                "os_version": null,
                "size": 14319097,
                "status": "active",
                "last_pulled": "2024-01-20T09:42:35.351997Z",
                "last_pushed": "2022-09-12T23:50:13.858105Z"
            }
        ],
        "last_updated": "2022-09-12T23:50:13.985957Z",
        "last_updater": 601605,
        "last_updater_username": "rancheriodhci",
        "name": "1.9.4-arm",
        "repository": 11451366,
        "full_size": 14319097,
        "v2": true,
        "tag_status": "active",
        "tag_last_pulled": "2024-01-20T09:42:35.351997Z",
        "tag_last_pushed": "2022-09-12T23:50:13.985957Z",
        "media_type": "application/vnd.docker.container.image.v1+json",
        "content_type": "image",
        "digest": "sha256:61dd039991a1794bf15b02e61e610952962bee7892035fc718d2781b9cd2eb53"
    },
    {
        "creator": 601605,
        "id": 288961869,
        "images": [
            {
                "architecture": "amd64",
                "features": "",
                "variant": null,
                "digest": "sha256:9f500a71b8a9d21753279136c124fc5119ddee27698e1a2b65b952c73fc9da1b",
                "os": "linux",
                "os_features": "",
                "os_version": null,
                "size": 13627514,
                "status": "active",
                "last_pulled": "2024-01-20T09:50:52.875765Z",
                "last_pushed": "2022-09-12T23:50:10.92357Z"
            }
        ],
        "last_updated": "2022-09-12T23:50:11.047536Z",
        "last_updater": 601605,
        "last_updater_username": "rancheriodhci",
        "name": "1.9.4-arm64",
        "repository": 11451366,
        "full_size": 13627514,
        "v2": true,
        "tag_status": "active",
        "tag_last_pulled": "2024-01-20T09:50:52.875765Z",
        "tag_last_pushed": "2022-09-12T23:50:11.047536Z",
        "media_type": "application/vnd.docker.container.image.v1+json",
        "content_type": "image",
        "digest": "sha256:9f500a71b8a9d21753279136c124fc5119ddee27698e1a2b65b952c73fc9da1b"
    },
    {
        "creator": 601605,
        "id": 288961928,
        "images": [
            {
                "architecture": "amd64",
                "features": "",
                "variant": null,
                "digest": "sha256:40650d22f0f903bc1dff8756213259cdf8166bc130fd5f82665e0ef6dae982f3",
                "os": "linux",
                "os_features": "",
                "os_version": null,
                "size": 14531668,
                "status": "active",
                "last_pulled": "2024-01-20T09:49:03.996639Z",
                "last_pushed": "2022-09-12T23:50:16.882449Z"
            }
        ],
        "last_updated": "2022-09-12T23:50:17.026745Z",
        "last_updater": 601605,
        "last_updater_username": "rancheriodhci",
        "name": "1.9.4-s390x",
        "repository": 11451366,
        "full_size": 14531668,
        "v2": true,
        "tag_status": "active",
        "tag_last_pulled": "2024-01-20T09:49:03.996639Z",
        "tag_last_pushed": "2022-09-12T23:50:17.026745Z",
        "media_type": "application/vnd.docker.container.image.v1+json",
        "content_type": "image",
        "digest": "sha256:40650d22f0f903bc1dff8756213259cdf8166bc130fd5f82665e0ef6dae982f3"
    }
]