[
    {
        "creator": 601605,
        "id": 144162044,
        "images": [
            {
                "architecture": "amd64",
                "features": "",
                "variant": null,
                "digest": "sha256:e51071a0670e003e3936190cfda74cfd6edaa39e0d16fc0b5a5f09dbf09dd1ff",
                "os": "linux",
                "os_features": "",
                "os_version": null,
                "size": 10540081,
                "status": "active",
                "last_pulled": "2024-01-20T09:55:50.746799Z",
                "last_pushed": "2021-04-04T00:08:27.711163Z"
            },
            {
                "architecture": "amd64",
                "features": "",
                "variant": null,
                "digest": "sha256:47f2e1346b2eeec43480b5ac209fdaa91302340892c5a38ed0a1c9c508aea2f2",
                "os": "linux",
                "os_features": "",
                "os_version": null,
                "size": 9862290,
                "status": "active",
                "last_pulled": "2024-01-20T09:58:46.994323Z",
                "last_pushed": "2021-04-04T00:08:31.590771Z"
            }
        ],
        "last_updated": "2022-02-17T18:59:07.069468Z",
        "last_updater": 601605,
        "last_updater_username": "rancheriodhci",
        "name": "v0.3.4",
        "repository": 11844308,
        "full_size": 10540081,
        "v2": true,
        "tag_status": "active",
        "tag_last_pulled": "2024-01-20T09:58:46.994323Z",
        "tag_last_pushed": "2022-02-17T18:59:07.069468Z",
        "media_type": "application/vnd.docker.distribution.manifest.list.v2+json",
        "content_type": "image"
    },
    {
        "creator": 601605,
        "id": 144162043,
        "images": [
            {
                "architecture": "amd64",
                "features": "",
                "variant": null,
                "digest": "sha256:e51071a0670e003e3936190cfda74cfd6edaa39e0d16fc0b5a5f09dbf09dd1ff",
                "os": "linux",
                "os_features": "",
                "os_version": null,
                "size": 10540081,
                "status": "active",
                "last_pulled": "2024-01-20T09:55:50.746799Z",
                "last_pushed": "2021-04-04T00:08:27.711163Z"
            }
        ],
        "last_updated": "2021-04-04T00:08:27.711163Z",
        "last_updater": 601605,
        "last_updater_username": "rancheriodhci",
        "name": "v0.3.4-amd64",
        "repository": 11844308,
        "full_size": 10540081,
        "v2": true,
        "tag_status": "active",
        "tag_last_pulled": "2024-01-20T09:55:50.746799Z",
        "tag_last_pushed": "2021-04-04T00:08:27.711163Z",
        "media_type": "application/vnd.docker.container.image.v1+json",
        "content_type": "image"
    },
    {
        "creator": 601605,
        "id": 144162046,
        "images": [
            {
                "architecture": "amd64",
                "features": "",
                "variant": null,
                "digest": "sha256:47f2e1346b2eeec43480b5ac209fdaa91302340892c5a38ed0a1c9c508aea2f2",
                "os": "linux",
                "os_features": "",
                "os_version": null,
                "size": 9862290,
                "status": "active",
                "last_pulled": "2024-01-20T09:58:46.994323Z",
                "last_pushed": "2021-04-04T00:08:31.590771Z"
            }
        ],
        "last_updated": "2021-04-04T00:08:31.590771Z",
        "last_updater": 601605,
        "last_updater_username": "rancheriodhci",
        "name": "v0.3.4-arm64",
        "repository": 11844308,
        "full_size": 9862290,
        "v2": true,
        "tag_status": "active",
        "tag_last_pulled": "2024-01-20T09:58:46.994323Z",
        "tag_last_pushed": "2021-04-04T00:08:31.590771Z",
        "media_type": "application/vnd.docker.container.image.v1+json",
        "content_type": "image"
    },
    {
        "creator": 601605,
        "id": 144162052,
        "images": [
            {
                "architecture": "amd64",
                "features": "",
                "variant": null,
                "digest": "sha256:c9c4e95068b51d6b33a9dccc61875df07dc650abbf4ac1a19d58b4628f89288b",
                "os": "linux",
                "os_features": "",
                "os_version": null,
                "size": 10540308,
                "status": "active",
                "last_pulled": "2024-01-20T09:53:20.685678Z",
                "last_pushed": "2021-04-04T00:08:37.120688Z"
            },
            {
                "architecture": "amd64",
                "features": "",
                "variant": null,
                "digest": "sha256:448e86a5914d1de95741aaa71009dac84843e460c13b393fc157b7bc657c2fdf",
                "os": "linux",
                "os_features": "",
                "os_version": null,
                "size": 9862454,
                "status": "active",
                "last_pulled": "2024-01-20T09:09:12.57581Z",
                "last_pushed": "2021-04-04T00:08:40.443386Z"
            },
            {
                "architecture": "amd64",
                "features": "",
                "variant": null,
                "digest": "sha256:065a2b2824cf86e6deacdb4e81f77b1e14ad336db4012722d2d407605e275a9f",
                "os": "linux",
                "os_features": "",
                "os_version": null,
                "size": 10155227,
                "status": "active",
                "last_pulled": "2024-01-20T09:38:09.344597Z",
                "last_pushed": "2021-04-04T00:08:43.84839Z"
            }
        ],
        "last_updated": "2022-02-17T18:59:10.307722Z",
        "last_updater": 601605,
        "last_updater_username": "rancheriodhci",
        "name": "v0.3.6",
        "repository": 11844308,
        "full_size": 10540308,
        "v2": true,
        "tag_status": "active",
        "tag_last_pulled": "2024-01-20T09:53:20.685678Z",
        "tag_last_pushed": "2022-02-17T18:59:10.307722Z",
        "media_type": "application/vnd.docker.distribution.manifest.list.v2+json",
        "content_type": "image"
    },
    {
        "creator": 601605,
        "id": 144162051,
        "images": [
            {
                "architecture": "amd64",
                "features": "",
                "variant": null,
                "digest": "sha256:c9c4e95068b51d6b33a9dccc61875df07dc650abbf4ac1a19d58b4628f89288b",
                "os": "linux",
                "os_features": "",
                "os_version": null,
                "size": 10540308,
                "status": "active",
                "last_pulled": "2024-01-20T09:53:20.685678Z",
                "last_pushed": "2021-04-04T00:08:37.120688Z"
            }
        ],
        "last_updated": "2021-04-04T00:08:37.120688Z",
        "last_updater": 601605,
        "last_updater_username": "rancheriodhci",
        "name": "v0.3.6-amd64",
        "repository": 11844308,
        "full_size": 10540308,
        "v2": true,
        "tag_status": "active",
        "tag_last_pulled": "2024-01-20T09:53:20.685678Z",
        "tag_last_pushed": "2021-04-04T00:08:37.120688Z",
        "media_type": "application/vnd.docker.container.image.v1+json",
        "content_type": "image"
    },
    {
        "creator": 601605,
        "id": 144162056,
        "images": [
            {
                "architecture": "amd64",
                "features": "",
                "variant": null,
                "digest": "sha256:065a2b2824cf86e6deacdb4e81f77b1e14ad336db4012722d2d407605e275a9f",
                "os": "linux",
                "os_features": "",
                "os_version": null,
                "size": 10155227,
                "status": "active",
                "last_pulled": "2024-01-20T09:38:09.344597Z",
                "last_pushed": "2021-04-04T00:08:43.84839Z"
            }
        ],
        "last_updated": "2021-04-04T00:08:43.84839Z",
        "last_updater": 601605,
        "last_updater_username": "rancheriodhci",
        "name": "v0.3.6-arm",
        "repository": 11844308,
        "full_size": 10155227,
        "v2": true,
        "tag_status": "active",
        "tag_last_pulled": "2024-01-20T09:38:09.344597Z",
        "tag_last_pushed": "2021-04-04T00:08:43.84839Z",
        "media_type": "application/vnd.docker.container.image.v1+json",
        "content_type": "image"
    },
    {
        "creator": 601605,
        "id": 144162054,
        "images": [
            {
                "architecture": "amd64",
                "features": "",
                "variant": null,
                "digest": "sha256:448e86a5914d1de95741aaa71009dac84843e460c13b393fc157b7bc657c2fdf",
                "os": "linux",
                "os_features": "",
                "os_version": null,
                "size": 9862454,
                "status": "active",
                "last_pulled": "2024-01-20T09:09:12.57581Z",
                "last_pushed": "2021-04-04T00:08:40.443386Z"
            }
        ],
        "last_updated": "2021-04-04T00:08:40.443386Z",
        "last_updater": 601605,
        "last_updater_username": "rancheriodhci",
        "name": "v0.3.6-arm64",
        "repository": 11844308,
        "full_size": 9862454,
        "v2": true,
        "tag_status": "active",
        "tag_last_pulled": "2024-01-20T09:09:12.57581Z",
        "tag_last_pushed": "2021-04-04T00:08:40.443386Z",
        "media_type": "application/vnd.docker.container.image.v1+json",
        "content_type": "image"
    },
    {
        "creator": 601605,
        "id": 144161842,
        "images": [
            {
                "architecture": "amd64",
                "features": "",
                "variant": null,
                "digest": "sha256:2009bb9ca86e8bdfc035a37561cf062f3e051c35823a5481fbd13533ce402fac",
                "os": "linux",
                "os_features": "",
                "os_version": null,
                "size": 25159526,
                "status": "active",
                "last_pulled": "2024-01-20T09:55:53.760779Z",
                "last_pushed": "2021-04-04T00:01:54.900574Z"
            },
            {
                "architecture": "amd64",
                "features": "",
                "variant": null,
                "digest": "sha256:14583f8881ac17e96c736be39f6281d8344a2001af2aeaad695d011f623303f5",
                "os": "linux",
                "os_features": "",
                "os_version": null,
                "size": 23568604,
                "status": "active",
                "last_pulled": "2024-01-20T09:00:32.532589Z",
                "last_pushed": "2021-04-04T00:01:59.056984Z"
            },
            {
                "architecture": "amd64",
                "features": "",
                "variant": null,
                "digest": "sha256:08d60c68441e79443bedf42faf2e51b2f75a7c24a8f916c4de442d8f9b70c6cf",
                "os": "linux",
                "os_features": "",
                "os_version": null,
                "size": 23617467,
                "status": "active",
                "last_pulled": "2024-01-20T09:38:17.538764Z",
                "last_pushed": "2023-09-28T18:50:30.14163Z"
            },
            {
                "architecture": "amd64",
                "features": "",
                "variant": null,
                "digest": "sha256:c8b2ca0f39344b5705b1b9db32c3e627de8d63e156a61798a156bf5ce8dc9f8f",
                "os": "linux",
                "os_features": "",
                "os_version": null,
                "size": 25095723,
                "status": "active",
                "last_pulled": "2024-01-20T09:32:48.813436Z",
                "last_pushed": "2021-11-12T17:38:36.270608Z"
            }
        ],
        "last_updated": "2022-02-17T18:42:24.312712Z",
        "last_updater": 601605,
        "last_updater_username": "rancheriodhci",
        "name": "v0.4.1",
        "repository": 11844308,
        "full_size": 25159526,
        "v2": true,
        "tag_status": "active",
        "tag_last_pulled": "2024-01-20T09:55:53.760779Z",
        "tag_last_pushed": "2022-02-17T18:42:24.312712Z",
        "media_type": "application/vnd.docker.distribution.manifest.list.v2+json",
        "content_type": "image"
    },
    {
        "creator": 601605,
        "id": 144161841,
        "images": [
            {
                "architecture": "amd64",
                "features": "",
                "variant": null,
                "digest": "sha256:2009bb9ca86e8bdfc035a37561cf062f3e051c35823a5481fbd13533ce402fac",
                "os": "linux",
                "os_features": "",
                "os_version": null,
                "size": 25159526,
                "status": "active",
                "last_pulled": "2024-01-20T09:55:53.760779Z",
                "last_pushed": "2021-04-04T00:01:54.900574Z"
            }
        ],
        "last_updated": "2021-04-04T00:01:54.900574Z",
        "last_updater": 601605,
        "last_updater_username": "rancheriodhci",
        "name": "v0.4.1-amd64",
        "repository": 11844308,
        "full_size": 25159526,
        "v2": true,
        "tag_status": "active",
        "tag_last_pulled": "2024-01-20T09:55:53.760779Z",
        "tag_last_pushed": "2021-04-04T00:01:54.900574Z",
        "media_type": "application/vnd.docker.container.image.v1+json",
        "content_type": "image"
    },
    {
        "creator": 601605,
        "id": 144161845,
        "images": [
            {
                "architecture": "amd64",
                "features": "",
                "variant": null,
                "digest": "sha256:14583f8881ac17e96c736be39f6281d8344a2001af2aeaad695d011f623303f5",
                "os": "linux",
                "os_features": "",
                "os_version": null,
                "size": 23568604,
                "status": "active",
                "last_pulled": "2024-01-20T09:00:32.532589Z",
                "last_pushed": "2021-04-04T00:01:59.056984Z"
            }
        ],
        "last_updated": "2021-04-04T00:01:59.056984Z",
        "last_updater": 601605,
        "last_updater_username": "rancheriodhci",
        "name": "v0.4.1-arm64",
        "repository": 11844308,
        "full_size": 23568604,
        "v2": true,
        "tag_status": "active",
        "tag_last_pulled": "2024-01-20T09:00:32.532589Z",
        "tag_last_pushed": "2021-04-04T00:01:59.056984Z",
        "media_type": "application/vnd.docker.container.image.v1+json",
        "content_type": "image"
    },
    {
        "creator": 601605,
        "id": 177144748,
        "images": [
            {
                "architecture": "amd64",
                "features": "",
                "variant": null,
                "digest": "sha256:c8b2ca0f39344b5705b1b9db32c3e627de8d63e156a61798a156bf5ce8dc9f8f",
                "os": "linux",
                "os_features": "",
                "os_version": null,
                "size": 25095723,
                "status": "active",
                "last_pulled": "2024-01-20T09:32:48.813436Z",
                "last_pushed": "2021-11-12T17:38:36.270608Z"
            }
        ],
        "last_updated": "2021-11-12T17:38:36.270608Z",
        "last_updater": 601605,
        "last_updater_username": "rancheriodhci",
        "name": "v0.4.1-s390x",
        "repository": 11844308,
        "full_size": 25095723,
        "v2": true,
        "tag_status": "active",
        "tag_last_pulled": "2024-01-20T09:32:48.813436Z",
        "tag_last_pushed": "2021-11-12T17:38:36.270608Z",
        "media_type": "application/vnd.docker.container.image.v1+json",
        "content_type": "image"
    },
    {
        "creator": 601605,
        "id": 148755849,
        "images": [
            {
                "architecture": "amd64",
                "features": "",
                "variant": null,
                "digest": "sha256:e6ec40715308dac19766bdfcecba651f73adbc527e1ac8abddcc3a52547b95d6",
                "os": "linux",
                "os_features": "",
                "os_version": null,
                "size": 25192568,
                "status": "active",
                "last_pulled": "2024-01-20T09:41:58.604087Z",
                "last_pushed": "2021-05-06T23:45:33.52859Z"
            },
            {
                "architecture": "amd64",
                "features": "",
                "variant": null,
                "digest": "sha256:7d2add99bf9089828775498075053bab0a1b76c15b100c523906ef487120d153",
                "os": "linux",
                "os_features": "",
                "os_version": null,
                "size": 23618088,
                "status": "active",
                "last_pulled": "2024-01-20T09:32:50.92697Z",
                "last_pushed": "2021-05-06T23:45:37.503261Z"
            },
            {
                "architecture": "amd64",
                "features": "",
                "variant": null,
                "digest": "sha256:cf50748eaf9300de8c4de717db4f7d28baf69e2a07f843cc5db76030480837a1",
                "os": "linux",
                "os_features": "",
                "os_version": null,
                "size": 23655914,
                "status": "active",
                "last_pulled": "2024-01-20T09:41:48.874112Z",
                "last_pushed": "2021-05-06T23:45:41.448351Z"
            },
            {
                "architecture": "amd64",
                "features": "",
                "variant": null,
                "digest": "sha256:ea177f014042f1613ca752857f05f0e95ae5b41bceb8c66c48aaef9a80d60b5e",
                "os": "linux",
                "os_features": "",
                "os_version": null,
                "size": 25135241,
                "status": "active",
                "last_pulled": "2024-01-20T09:32:48.505956Z",
                "last_pushed": "2021-11-12T17:38:45.435871Z"
            }
        ],
        "last_updated": "2022-02-17T18:42:28.962194Z",
        "last_updater": 601605,
        "last_updater_username": "rancheriodhci",
        "name": "v0.4.4",
        "repository": 11844308,
        "full_size": 25192568,
        "v2": true,
        "tag_status": "active",
        "tag_last_pulled": "2024-01-20T09:41:58.604087Z",
        "tag_last_pushed": "2022-02-17T18:42:28.962194Z",
        "media_type": "application/vnd.docker.distribution.manifest.list.v2+json",
        "content_type": "image"
    },
    {
        "creator": 601605,
        "id": 148755848,
        "images": [
            {
                "architecture": "amd64",
                "features": "",
                "variant": null,
                "digest": "sha256:e6ec40715308dac19766bdfcecba651f73adbc527e1ac8abddcc3a52547b95d6",
                "os": "linux",
                "os_features": "",
                "os_version": null,
                "size": 25192568,
                "status": "active",
                "last_pulled": "2024-01-20T09:41:58.604087Z",
                "last_pushed": "2021-05-06T23:45:33.52859Z"
            }
        ],
        "last_updated": "2021-05-06T23:45:33.52859Z",
        "last_updater": 601605,
        "last_updater_username": "rancheriodhci",
        "name": "v0.4.4-amd64",
        "repository": 11844308,
        "full_size": 25192568,
        "v2": true,
        "tag_status": "active",
        "tag_last_pulled": "2024-01-20T09:41:58.604087Z",
        "tag_last_pushed": "2021-05-06T23:45:33.52859Z",
        "media_type": "application/vnd.docker.container.image.v1+json",
        "content_type": "image"
    },
    {
        "creator": 601605,
        "id": 148755868,
        "images": [
            {
                "architecture": "amd64",
                "features": "",
                "variant": null,
                "digest": "sha256:cf50748eaf9300de8c4de717db4f7d28baf69e2a07f843cc5db76030480837a1",
                "os": "linux",
                "os_features": "",
                "os_version": null,
                "size": 23655914,
                "status": "active",
                "last_pulled": "2024-01-20T09:41:48.874112Z",
                "last_pushed": "2021-05-06T23:45:41.448351Z"
            }
        ],
        "last_updated": "2021-05-06T23:45:41.448351Z",
        "last_updater": 601605,
        "last_updater_username": "rancheriodhci",
        "name": "v0.4.4-arm",
        "repository": 11844308,
        "full_size": 23655914,
        "v2": true,
        "tag_status": "active",
        "tag_last_pulled": "2024-01-20T09:41:48.874112Z",
        "tag_last_pushed": "2021-05-06T23:45:41.448351Z",
        "media_type": "application/vnd.docker.container.image.v1+json",
        "content_type": "image"
    },
    {
        "creator": 601605,
        "id": 148755857,
        "images": [
            {
                "architecture": "amd64",
                "features": "",
                "variant": null,
                "digest": "sha256:7d2add99bf9089828775498075053bab0a1b76c15b100c523906ef487120d153",
                "os": "linux",
                "os_features": "",
                "os_version": null,
                "size": 23618088,
                "status": "active",
                "last_pulled": "2024-01-20T09:32:50.92697Z",
                "last_pushed": "2021-05-06T23:45:37.503261Z"
            }
        ],
        "last_updated": "2021-05-06T23:45:37.503261Z",
        "last_updater": 601605,
        "last_updater_username": "rancheriodhci",
        "name": "v0.4.4-arm64",
        "repository": 11844308,
        "full_size": 23618088,
        "v2": true,
        "tag_status": "active",
        "tag_last_pulled": "2024-01-20T09:32:50.92697Z",
        "tag_last_pushed": "2021-05-06T23:45:37.503261Z",
        "media_type": "application/vnd.docker.container.image.v1+json",
        "content_type": "image"
    },
    {
        "creator": 601605,
        "id": 177144749,
        "images": [
            {
                "architecture": "amd64",
                "features": "",
                "variant": null,
                "digest": "sha256:ea177f014042f1613ca752857f05f0e95ae5b41bceb8c66c48aaef9a80d60b5e",
                "os": "linux",
                "os_features": "",
                "os_version": null,
                "size": 25135241,
                "status": "active",
                "last_pulled": "2024-01-20T09:32:48.505956Z",
                "last_pushed": "2021-11-12T17:38:45.435871Z"
            }
        ],
        "last_updated": "2021-11-12T17:38:45.435871Z",
        "last_updater": 601605,
        "last_updater_username": "rancheriodhci",
        "name": "v0.4.4-s390x",
        "repository": 11844308,
        "full_size": 25135241,
        "v2": true,
        "tag_status": "active",
        "tag_last_pulled": "2024-01-20T09:32:48.505956Z",
        "tag_last_pushed": "2021-11-12T17:38:45.435871Z",
        "media_type": "application/vnd.docker.container.image.v1+json",
        "content_type": "image"
    },
    {
        "creator": 601605,
        "id": 154738379,
        "images": [
            {
                "architecture": "amd64",
                "features": "",
                "variant": null,
                "digest": "sha256:05bf9f4bf8d9de19da59d3e1543fd5c140a8d42a5e1b92421e36e5c2d74395eb",
                "os": "linux",
                "os_features": "",
                "os_version": null,
                "size": 25801255,
                "status": "active",
                "last_pulled": "2024-01-20T09:55:45.882062Z",
                "last_pushed": "2021-06-18T14:29:34.402058Z"
            },
            {
                "architecture": "amd64",
                "features": "",
                "variant": null,
                "digest": "sha256:8d86e37bd3e5a428aab0f65699fcd8bbe0bc505e95c013cc549869793dbe6bcb",
                "os": "linux",
                "os_features": "",
                "os_version": null,
                "size": 24195811,
                "status": "active",
                "last_pulled": "2024-01-20T09:32:49.497697Z",
                "last_pushed": "2021-06-18T14:29:38.207218Z"
            },
            {
                "architecture": "amd64",
                "features": "",
                "variant": null,
                "digest": "sha256:4768c5a3f39d71c77c7b8165231b47e5259989261da9e8d2e6d1c0b5ff67e067",
                "os": "linux",
                "os_features": "",
                "os_version": null,
                "size": 24335660,
                "status": "active",
                "last_pulled": "2024-01-20T09:32:22.824402Z",
                "last_pushed": "2021-06-18T14:29:43.096977Z"
            },
            {
                "architecture": "amd64",
                "features": "",
                "variant": null,
                "digest": "sha256:df686e9837739a0db05ea4f4e62098a8300ba31d2d9914a63049dac626bf187d",
                "os": "linux",
                "os_features": "",
                "os_version": null,
                "size": 25737844,
                "status": "active",
                "last_pulled": "2024-01-20T09:32:48.175834Z",
                "last_pushed": "2021-11-12T17:38:53.407971Z"
            }
        ],
        "last_updated": "2022-02-17T18:42:33.637346Z",
        "last_updater": 601605,
        "last_updater_username": "rancheriodhci",
        "name": "v0.5.0",
        "repository": 11844308,
        "full_size": 25801255,
        "v2": true,
        "tag_status": "active",
        "tag_last_pulled": "2024-01-20T09:55:45.882062Z",
        "tag_last_pushed": "2022-02-17T18:42:33.637346Z",
        "media_type": "application/vnd.docker.distribution.manifest.list.v2+json",
        "content_type": "image"
    },
    {
        "creator": 601605,
        "id": 154738377,
        "images": [
            {
                "architecture": "amd64",
                "features": "",
                "variant": null,
                "digest": "sha256:05bf9f4bf8d9de19da59d3e1543fd5c140a8d42a5e1b92421e36e5c2d74395eb",
                "os": "linux",
                "os_features": "",
                "os_version": null,
                "size": 25801255,
                "status": "active",
                "last_pulled": "2024-01-20T09:55:45.882062Z",
                "last_pushed": "2021-06-18T14:29:34.402058Z"
            }
        ],
        "last_updated": "2021-06-18T14:29:34.402058Z",
        "last_updater": 601605,
        "last_updater_username": "rancheriodhci",
        "name": "v0.5.0-amd64",
        "repository": 11844308,
        "full_size": 25801255,
        "v2": true,
        "tag_status": "active",
        "tag_last_pulled": "2024-01-20T09:55:45.882062Z",
        "tag_last_pushed": "2021-06-18T14:29:34.402058Z",
        "media_type": "application/vnd.docker.container.image.v1+json",
        "content_type": "image"
    },
    {
        "creator": 601605,
        "id": 154738396,
        "images": [
            {
                "architecture": "amd64",
                "features": "",
                "variant": null,
                "digest": "sha256:4768c5a3f39d71c77c7b8165231b47e5259989261da9e8d2e6d1c0b5ff67e067",
                "os": "linux",
                "os_features": "",
                "os_version": null,
                "size": 24335660,
                "status": "active",
                "last_pulled": "2024-01-20T09:32:22.824402Z",
                "last_pushed": "2021-06-18T14:29:43.096977Z"
            }
        ],
        "last_updated": "2021-06-18T14:29:43.096977Z",
        "last_updater": 601605,
        "last_updater_username": "rancheriodhci",
        "name": "v0.5.0-arm",
        "repository": 11844308,
        "full_size": 24335660,
        "v2": true,
        "tag_status": "active",
        "tag_last_pulled": "2024-01-20T09:32:22.824402Z",
        "tag_last_pushed": "2021-06-18T14:29:43.096977Z",
        "media_type": "application/vnd.docker.container.image.v1+json",
        "content_type": "image"
    },
    {
        "creator": 601605,
        "id": 154738385,
        "images": [
            {
                "architecture": "amd64",
                "features": "",
                "variant": null,
                "digest": "sha256:8d86e37bd3e5a428aab0f65699fcd8bbe0bc505e95c013cc549869793dbe6bcb",
                "os": "linux",
                "os_features": "",
                "os_version": null,
                "size": 24195811,
                "status": "active",
                "last_pulled": "2024-01-20T09:32:49.497697Z",
                "last_pushed": "2021-06-18T14:29:38.207218Z"
            }
        ],
        "last_updated": "2021-06-18T14:29:38.207218Z",
        "last_updater": 601605,
        "last_updater_username": "rancheriodhci",
        "name": "v0.5.0-arm64",
        "repository": 11844308,
        "full_size": 24195811,
        "v2": true,
        "tag_status": "active",
        "tag_last_pulled": "2024-01-20T09:32:49.497697Z",
        "tag_last_pushed": "2021-06-18T14:29:38.207218Z",
        "media_type": "application/vnd.docker.container.image.v1+json",
        "content_type": "image"
    },
    {
        "creator": 601605,
        "id": 177144771,
        "images": [
            {
                "architecture": "amd64",
                "features": "",
                "variant": null,
                "digest": "sha256:df686e9837739a0db05ea4f4e62098a8300ba31d2d9914a63049dac626bf187d",
                "os": "linux",
                "os_features": "",
                "os_version": null,
                "size": 25737844,
                "status": "active",
                "last_pulled": "2024-01-20T09:32:48.175834Z",
                "last_pushed": "2021-11-12T17:38:53.407971Z"
            }
        ],
        "last_updated": "2021-11-12T17:38:53.407971Z",
        "last_updater": 601605,
        "last_updater_username": "rancheriodhci",
        "name": "v0.5.0-s390x",
        "repository": 11844308,
        "full_size": 25737844,
        "v2": true,
        "tag_status": "active",
        "tag_last_pulled": "2024-01-20T09:32:48.175834Z",
        "tag_last_pushed": "2021-11-12T17:38:53.407971Z",
        "media_type": "application/vnd.docker.container.image.v1+json",
        "content_type": "image"
    },
    {
        "creator": 601605,
        "id": 181155651,
        "images": [
            {
                "architecture": "amd64",
                "features": "",
                "variant": null,
                "digest": "sha256:a84baf65a4a3163799ab19307c7fc21c1473ac5e4044f25df398719cf7c58279",
                "os": "linux",
                "os_features": "",
                "os_version": null,
                "size": 25872685,
                "status": "active",
                "last_pulled": "2024-01-20T09:32:46.425666Z",
                "last_pushed": "2021-12-07T21:58:10.537169Z"
            },
            {
                "architecture": "amd64",
                "features": "",
                "variant": null,
                "digest": "sha256:0fe0e1c2d5cdc66eed9a3dbae5ab763315b0dfb9c4d0a4edbc24a5824b7e55ae",
                "os": "linux",
                "os_features": "",
                "os_version": null,
                "size": 24274246,
                "status": "active",
                "last_pulled": "2024-01-20T09:32:45.99031Z",
                "last_pushed": "2021-12-07T21:58:13.961817Z"
            },
            {
                "architecture": "amd64",
                "features": "",
                "variant": null,
                "digest": "sha256:d444db1d26ee09d288a3564ac21bca4a529d9f27833b4e3ca020d74c12cbc34a",
                "os": "linux",
                "os_features": "",
                "os_version": null,
                "size": 24408581,
                "status": "active",
                "last_pulled": "2024-01-20T09:32:40.832814Z",
                "last_pushed": "2022-07-05T18:11:39.10211Z"
            },
            {
                "architecture": "amd64",
                "features": "",
                "variant": null,
                "digest": "sha256:9bed7b2dcac6dcebca5420024e327e98dc9403061b7d25672edcc45c97d99af9",
                "os": "linux",
                "os_features": "",
                "os_version": null,
                "size": 25799896,
                "status": "active",
                "last_pulled": "2024-01-20T09:32:45.643145Z",
                "last_pushed": "2021-12-07T21:58:21.610833Z"
            }
        ],
        "last_updated": "2022-02-17T18:42:38.1848Z",
        "last_updater": 601605,
        "last_updater_username": "rancheriodhci",
        "name": "v0.5.1",
        "repository": 11844308,
        "full_size": 25872685,
        "v2": true,
        "tag_status": "active",
        "tag_last_pulled": "2024-01-20T09:32:46.425666Z",
        "tag_last_pushed": "2022-02-17T18:42:38.1848Z",
        "media_type": "application/vnd.docker.distribution.manifest.list.v2+json",
        "content_type": "image"
    },
    {
        "creator": 601605,
        "id": 181155650,
        "images": [
            {
                "architecture": "amd64",
                "features": "",
                "variant": null,
                "digest": "sha256:a84baf65a4a3163799ab19307c7fc21c1473ac5e4044f25df398719cf7c58279",
                "os": "linux",
                "os_features": "",
                "os_version": null,
                "size": 25872685,
                "status": "active",
                "last_pulled": "2024-01-20T09:32:46.425666Z",
                "last_pushed": "2021-12-07T21:58:10.537169Z"
            }
        ],
        "last_updated": "2021-12-07T21:58:10.537169Z",
        "last_updater": 601605,
        "last_updater_username": "rancheriodhci",
        "name": "v0.5.1-amd64",
        "repository": 11844308,
        "full_size": 25872685,
        "v2": true,
        "tag_status": "active",
        "tag_last_pulled": "2024-01-20T09:32:46.425666Z",
        "tag_last_pushed": "2021-12-07T21:58:10.537169Z",
        "media_type": "application/vnd.docker.container.image.v1+json",
        "content_type": "image"
    },
    {
        "creator": 601605,
        "id": 181155670,
        "images": [
            {
                "architecture": "amd64",
                "features": "",
                "variant": null,
                "digest": "sha256:d444db1d26ee09d288a3564ac21bca4a529d9f27833b4e3ca020d74c12cbc34a",
                "os": "linux",
                "os_features": "",
                "os_version": null,
                "size": 24408581,
                "status": "active",
                "last_pulled": "2024-01-20T09:32:40.832814Z",
                "last_pushed": "2022-07-05T18:11:39.10211Z"
            }
        ],
        "last_updated": "2022-07-05T18:11:39.10211Z",
        "last_updater": 601605,
        "last_updater_username": "rancheriodhci",
        "name": "v0.5.1-arm",
        "repository": 11844308,
        "full_size": 24408581,
        "v2": true,
        "tag_status": "active",
        "tag_last_pulled": "2024-01-20T09:32:40.832814Z",
        "tag_last_pushed": "2022-07-05T18:11:39.10211Z",
        "media_type": "application/vnd.docker.container.image.v1+json",
        "content_type": "image"
    },
    {
        "creator": 601605,
        "id": 181155658,
        "images": [
            {
                "architecture": "amd64",
                "features": "",
                "variant": null,
                "digest": "sha256:0fe0e1c2d5cdc66eed9a3dbae5ab763315b0dfb9c4d0a4edbc24a5824b7e55ae",
                "os": "linux",
                "os_features": "",
                "os_version": null,
                "size": 24274246,
                "status": "active",
                "last_pulled": "2024-01-20T09:32:45.99031Z",
                "last_pushed": "2021-12-07T21:58:13.961817Z"
            }
        ],
        "last_updated": "2021-12-07T21:58:13.961817Z",
        "last_updater": 601605,
        "last_updater_username": "rancheriodhci",
        "name": "v0.5.1-arm64",
        "repository": 11844308,
        "full_size": 24274246,
        "v2": true,
        "tag_status": "active",
        "tag_last_pulled": "2024-01-20T09:32:45.99031Z",
        "tag_last_pushed": "2021-12-07T21:58:13.961817Z",
        "media_type": "application/vnd.docker.container.image.v1+json",
        "content_type": "image"
    },
    {
        "creator": 601605,
        "id": 181155757,
        "images": [
            {
                "architecture": "amd64",
                "features": "",
                "variant": null,
                "digest": "sha256:9bed7b2dcac6dcebca5420024e327e98dc9403061b7d25672edcc45c97d99af9",
                "os": "linux",
                "os_features": "",
                "os_version": null,
                "size": 25799896,
                "status": "active",
                "last_pulled": "2024-01-20T09:32:45.643145Z",
                "last_pushed": "2021-12-07T21:58:21.610833Z"
            }
        ],
        "last_updated": "2021-12-07T21:58:21.610833Z",
        "last_updater": 601605,
        "last_updater_username": "rancheriodhci",
        "name": "v0.5.1-s390x",
        "repository": 11844308,
        "full_size": 25799896,
        "v2": true,
        "tag_status": "active",
        "tag_last_pulled": "2024-01-20T09:32:45.643145Z",
        "tag_last_pushed": "2021-12-07T21:58:21.610833Z",
        "media_type": "application/vnd.docker.container.image.v1+json",
        "content_type": "image"
    },
    {
        "creator": 601605,
        "id": 180920595,
        "images": [
            {
                "architecture": "amd64",
                "features": "",
                "variant": null,
                "digest": "sha256:6879d1d3e42c06fa383aed4988fc8f39901d46fb29d25a5b41c88f9d4b6854b1",
                "os": "linux",
                "os_features": "",
                "os_version": null,
                "size": 26018699,
                "status": "active",
                "last_pulled": "2024-01-20T09:04:41.303986Z",
                "last_pushed": "2022-10-25T20:08:09.410463Z"
            },
            {
                "architecture": "arm64",
                "features": "",
                "variant": null,
                "digest": "sha256:dd8a4a6c0e10aa3eceeb201c1e06fd3014c463adc2851a290283a7fd9e3b2796",
                "os": "linux",
                "os_features": "",
                "os_version": null,
                "size": 24420222,
                "status": "active",
                "last_pulled": "2024-01-20T09:32:47.831962Z",
                "last_pushed": "2021-12-06T17:52:33.186026Z"
            },
            {
                "architecture": "arm",
                "features": "",
                "variant": null,
                "digest": "sha256:4493035ba5aa6738c7525147b1b95cfc864c07472f4dfd15e898cc1113875416",
                "os": "linux",
                "os_features": "",
                "os_version": null,
                "size": 24554593,
                "status": "active",
                "last_pulled": "2024-01-20T09:32:47.170872Z",
                "last_pushed": "2021-12-06T17:52:37.124455Z"
            },
            {
                "architecture": "s390x",
                "features": "",
                "variant": null,
                "digest": "sha256:b81b5bbb5f58bdd85da07031265b2d02f49ffcb3cd2654b8910c4f4325effbf3",
                "os": "linux",
                "os_features": "",
                "os_version": null,
                "size": 25946006,
                "status": "active",
                "last_pulled": "2024-01-20T09:32:46.844993Z",
                "last_pushed": "2021-12-06T17:52:41.298781Z"
            }
        ],
        "last_updated": "2022-02-17T18:42:42.598651Z",
        "last_updater": 601605,
        "last_updater_username": "rancheriodhci",
        "name": "v0.5.2",
        "repository": 11844308,
        "full_size": 26018699,
        "v2": true,
        "tag_status": "active",
        "tag_last_pulled": "2024-01-20T09:32:47.831962Z",
        "tag_last_pushed": "2022-02-17T18:42:42.598651Z",
        "media_type": "application/vnd.docker.distribution.manifest.list.v2+json",
        "content_type": "image"
    },
    {
        "creator": 601605,
        "id": 180920593,
        "images": [
            {
                "architecture": "amd64",
                "features": "",
                "variant": null,
                "digest": "sha256:6879d1d3e42c06fa383aed4988fc8f39901d46fb29d25a5b41c88f9d4b6854b1",
                "os": "linux",
                "os_features": "",
                "os_version": null,
                "size": 26018699,
                "status": "active",
                "last_pulled": "2024-01-20T09:04:41.303986Z",
                "last_pushed": "2022-10-25T20:08:09.410463Z"
            }
        ],
        "last_updated": "2022-10-25T20:08:09.410463Z",
        "last_updater": 601605,
        "last_updater_username": "rancheriodhci",
        "name": "v0.5.2-amd64",
        "repository": 11844308,
        "full_size": 26018699,
        "v2": true,
        "tag_status": "active",
        "tag_last_pulled": "2024-01-20T09:04:41.303986Z",
        "tag_last_pushed": "2022-10-25T20:08:09.410463Z",
        "media_type": "application/vnd.docker.container.image.v1+json",
        "content_type": "image",
        "digest": "sha256:6879d1d3e42c06fa383aed4988fc8f39901d46fb29d25a5b41c88f9d4b6854b1"
    },
    {
        "creator": 601605,
        "id": 180920614,
        "images": [
            {
                "architecture": "arm",
                "features": "",
                "variant": null,
                "digest": "sha256:4493035ba5aa6738c7525147b1b95cfc864c07472f4dfd15e898cc1113875416",
                "os": "linux",
                "os_features": "",
                "os_version": null,
                "size": 24554593,
                "status": "active",
                "last_pulled": "2024-01-20T09:32:47.170872Z",
                "last_pushed": "2021-12-06T17:52:37.124455Z"
            }
        ],
        "last_updated": "2021-12-06T17:52:37.124455Z",
        "last_updater": 601605,
        "last_updater_username": "rancheriodhci",
        "name": "v0.5.2-arm",
        "repository": 11844308,
        "full_size": 24554593,
        "v2": true,
        "tag_status": "active",
        "tag_last_pulled": "2024-01-20T09:32:47.170872Z",
        "tag_last_pushed": "2021-12-06T17:52:37.124455Z",
        "media_type": "application/vnd.docker.container.image.v1+json",
        "content_type": "image"
    },
    {
        "creator": 601605,
        "id": 180920603,
        "images": [
            {
                "architecture": "arm64",
                "features": "",
                "variant": null,
                "digest": "sha256:dd8a4a6c0e10aa3eceeb201c1e06fd3014c463adc2851a290283a7fd9e3b2796",
                "os": "linux",
                "os_features": "",
                "os_version": null,
                "size": 24420222,
                "status": "active",
                "last_pulled": "2024-01-20T09:32:47.831962Z",
                "last_pushed": "2021-12-06T17:52:33.186026Z"
            }
        ],
        "last_updated": "2021-12-06T17:52:33.186026Z",
        "last_updater": 601605,
        "last_updater_username": "rancheriodhci",
        "name": "v0.5.2-arm64",
        "repository": 11844308,
        "full_size": 24420222,
        "v2": true,
        "tag_status": "active",
        "tag_last_pulled": "2024-01-20T09:32:47.831962Z",
        "tag_last_pushed": "2021-12-06T17:52:33.186026Z",
        "media_type": "application/vnd.docker.container.image.v1+json",
        "content_type": "image"
    },
    {
        "creator": 601605,
        "id": 180920631,
        "images": [
            {
                "architecture": "s390x",
                "features": "",
                "variant": null,
                "digest": "sha256:b81b5bbb5f58bdd85da07031265b2d02f49ffcb3cd2654b8910c4f4325effbf3",
                "os": "linux",
                "os_features": "",
                "os_version": null,
                "size": 25946006,
                "status": "active",
                "last_pulled": "2024-01-20T09:32:46.844993Z",
                "last_pushed": "2021-12-06T17:52:41.298781Z"
            }
        ],
        "last_updated": "2021-12-06T17:52:41.298781Z",
        "last_updater": 601605,
        "last_updater_username": "rancheriodhci",
        "name": "v0.5.2-s390x",
        "repository": 11844308,
        "full_size": 25946006,
        "v2": true,
        "tag_status": "active",
        "tag_last_pulled": "2024-01-20T09:32:46.844993Z",
        "tag_last_pushed": "2021-12-06T17:52:41.298781Z",
        "media_type": "application/vnd.docker.container.image.v1+json",
        "content_type": "image"
    },
    {
        "creator": 601605,
        "id": 194288218,
        "images": [
            {
                "architecture": "amd64",
                "features": "",
                "variant": null,
                "digest": "sha256:f9800ed2264fba9b5513ca183f0f7988c8597e21c72bb39888168232d378973d",
                "os": "linux",
                "os_features": "",
                "os_version": null,
                "size": 28054040,
                "status": "active",
                "last_pulled": "2024-01-20T09:50:33.546644Z",
                "last_pushed": "2022-02-25T00:25:48.210803Z"
            },
            {
                "architecture": "arm64",
                "features": "",
                "variant": null,
                "digest": "sha256:a455d5f056ef5af1492f9d8e46e896a2fa635101903ef184e0669280322d5170",
                "os": "linux",
                "os_features": "",
                "os_version": null,
                "size": 26112704,
                "status": "active",
                "last_pulled": "2024-01-20T09:32:42.183412Z",
                "last_pushed": "2022-02-25T00:25:52.033152Z"
            },
            {
                "architecture": "arm",
                "features": "",
                "variant": null,
                "digest": "sha256:32b768f58c270cd69a3195f5490f8d6dac4c9fca25142850873d5928211e33af",
                "os": "linux",
                "os_features": "",
                "os_version": null,
                "size": 26356743,
                "status": "active",
                "last_pulled": "2024-01-20T09:15:40.267034Z",
                "last_pushed": "2022-02-25T00:25:55.766256Z"
            },
            {
                "architecture": "s390x",
                "features": "",
                "variant": null,
                "digest": "sha256:96f0382b97a74a0a677a74491833f98e57504e35ecd83c018654d2240df3829e",
                "os": "linux",
                "os_features": "",
                "os_version": null,
                "size": 27688626,
                "status": "active",
                "last_pulled": "2024-01-20T09:32:41.534339Z",
                "last_pushed": "2022-02-25T00:26:00.07712Z"
            }
        ],
        "last_updated": "2022-02-25T00:26:01.187186Z",
        "last_updater": 601605,
        "last_updater_username": "rancheriodhci",
        "name": "v0.6.1",
        "repository": 11844308,
        "full_size": 28054040,
        "v2": true,
        "tag_status": "active",
        "tag_last_pulled": "2024-01-20T09:50:33.546644Z",
        "tag_last_pushed": "2022-02-25T00:26:01.187186Z",
        "media_type": "application/vnd.docker.distribution.manifest.list.v2+json",
        "content_type": "image"
    },
    {
        "creator": 601605,
        "id": 194288195,
        "images": [
            {
                "architecture": "amd64",
                "features": "",
                "variant": null,
                "digest": "sha256:f9800ed2264fba9b5513ca183f0f7988c8597e21c72bb39888168232d378973d",
                "os": "linux",
                "os_features": "",
                "os_version": null,
                "size": 28054040,
                "status": "active",
                "last_pulled": "2024-01-20T09:50:33.546644Z",
                "last_pushed": "2022-02-25T00:25:48.210803Z"
            }
        ],
        "last_updated": "2022-02-25T00:25:48.390117Z",
        "last_updater": 601605,
        "last_updater_username": "rancheriodhci",
        "name": "v0.6.1-amd64",
        "repository": 11844308,
        "full_size": 28054040,
        "v2": true,
        "tag_status": "active",
        "tag_last_pulled": "2024-01-20T09:50:33.546644Z",
        "tag_last_pushed": "2022-02-25T00:25:48.390117Z",
        "media_type": "application/vnd.docker.container.image.v1+json",
        "content_type": "image"
    },
    {
        "creator": 601605,
        "id": 194288208,
        "images": [
            {
                "architecture": "arm",
                "features": "",
                "variant": null,
                "digest": "sha256:32b768f58c270cd69a3195f5490f8d6dac4c9fca25142850873d5928211e33af",
                "os": "linux",
                "os_features": "",
                "os_version": null,
                "size": 26356743,
                "status": "active",
                "last_pulled": "2024-01-20T09:15:40.267034Z",
                "last_pushed": "2022-02-25T00:25:55.766256Z"
            }
        ],
        "last_updated": "2022-02-25T00:25:55.933247Z",
        "last_updater": 601605,
        "last_updater_username": "rancheriodhci",
        "name": "v0.6.1-arm",
        "repository": 11844308,
        "full_size": 26356743,
        "v2": true,
        "tag_status": "active",
        "tag_last_pulled": "2024-01-20T09:15:40.267034Z",
        "tag_last_pushed": "2022-02-25T00:25:55.933247Z",
        "media_type": "application/vnd.docker.container.image.v1+json",
        "content_type": "image"
    },
    {
        "creator": 601605,
        "id": 194288201,
        "images": [
            {
                "architecture": "arm64",
                "features": "",
                "variant": null,
                "digest": "sha256:a455d5f056ef5af1492f9d8e46e896a2fa635101903ef184e0669280322d5170",
                "os": "linux",
                "os_features": "",
                "os_version": null,
                "size": 26112704,
                "status": "active",
                "last_pulled": "2024-01-20T09:32:42.183412Z",
                "last_pushed": "2022-02-25T00:25:52.033152Z"
            }
        ],
        "last_updated": "2022-02-25T00:25:52.20328Z",
        "last_updater": 601605,
        "last_updater_username": "rancheriodhci",
        "name": "v0.6.1-arm64",
        "repository": 11844308,
        "full_size": 26112704,
        "v2": true,
        "tag_status": "active",
        "tag_last_pulled": "2024-01-20T09:32:42.183412Z",
        "tag_last_pushed": "2022-02-25T00:25:52.20328Z",
        "media_type": "application/vnd.docker.container.image.v1+json",
        "content_type": "image"
    },
    {
        "creator": 601605,
        "id": 194288217,
        "images": [
            {
                "architecture": "s390x",
                "features": "",
                "variant": null,
                "digest": "sha256:96f0382b97a74a0a677a74491833f98e57504e35ecd83c018654d2240df3829e",
                "os": "linux",
                "os_features": "",
                "os_version": null,
                "size": 27688626,
                "status": "active",
                "last_pulled": "2024-01-20T09:32:41.534339Z",
                "last_pushed": "2022-02-25T00:26:00.07712Z"
            }
        ],
        "last_updated": "2022-02-25T00:26:00.268811Z",
        "last_updater": 601605,
        "last_updater_username": "rancheriodhci",
        "name": "v0.6.1-s390x",
        "repository": 11844308,
        "full_size": 27688626,
        "v2": true,
        "tag_status": "active",
        "tag_last_pulled": "2024-01-20T09:32:41.534339Z",
        "tag_last_pushed": "2022-02-25T00:26:00.268811Z",
        "media_type": "application/vnd.docker.container.image.v1+json",
        "content_type": "image"
    },
    {
        "creator": 601605,
        "id": 339048915,
        "images": [
            {
                "architecture": "amd64",
                "features": "",
                "variant": null,
                "digest": "sha256:0542aeb0025f6dd4f75e100ca14d7abdbe0725c75783d13c35e82d391f4735bc",
                "os": "linux",
                "os_features": "",
                "os_version": null,
                "size": 28130989,
                "status": "active",
                "last_pulled": "2024-01-20T09:03:45.815611Z",
                "last_pushed": "2022-11-30T02:50:55.958196Z"
            },
            {
                "architecture": "arm64",
                "features": "",
                "variant": null,
                "digest": "sha256:3c3182cfa6cdcf39ede2dc9c5dbd0e7d8e7a726fb2b6e85d43e5aca2ec73272c",
                "os": "linux",
                "os_features": "",
                "os_version": null,
                "size": 26201509,
                "status": "active",
                "last_pulled": "2024-01-20T09:26:49.23734Z",
                "last_pushed": "2022-11-30T02:50:59.052797Z"
            },
            {
                "architecture": "arm",
                "features": "",
                "variant": null,
                "digest": "sha256:a436d909d4b8920b638a5269e7d6fde08615f7cfaa9f6822c3b0c19400ed8661",
                "os": "linux",
                "os_features": "",
                "os_version": null,
                "size": 26420937,
                "status": "active",
                "last_pulled": "2024-01-20T08:52:45.725557Z",
                "last_pushed": "2022-11-30T02:51:02.643629Z"
            },
            {
                "architecture": "s390x",
                "features": "",
                "variant": null,
                "digest": "sha256:57199805d64e276f41c57c8dc61b1c825d7850d51e37a7563d929b826fb7a933",
                "os": "linux",
                "os_features": "",
                "os_version": null,
                "size": 27775289,
                "status": "active",
                "last_pulled": "2024-01-20T09:00:16.202818Z",
                "last_pushed": "2022-11-30T02:51:05.890948Z"
            }
        ],
        "last_updated": "2022-11-30T02:51:06.800474Z",
        "last_updater": 601605,
        "last_updater_username": "rancheriodhci",
        "name": "v0.6.2",
        "repository": 11844308,
        "full_size": 28130989,
        "v2": true,
        "tag_status": "active",
        "tag_last_pulled": "2024-01-20T09:26:49.23734Z",
        "tag_last_pushed": "2022-11-30T02:51:06.800474Z",
        "media_type": "application/vnd.docker.distribution.manifest.list.v2+json",
        "content_type": "image",
        "digest": "sha256:16185c0d4d01f8919eca4779c69a374c184200cd9e6eded9ba53052fd73578df"
    },
    {
        "creator": 601605,
        "id": 339048778,
        "images": [
            {
                "architecture": "amd64",
                "features": "",
                "variant": null,
                "digest": "sha256:0542aeb0025f6dd4f75e100ca14d7abdbe0725c75783d13c35e82d391f4735bc",
                "os": "linux",
                "os_features": "",
                "os_version": null,
                "size": 28130989,
                "status": "active",
                "last_pulled": "2024-01-20T09:03:45.815611Z",
                "last_pushed": "2022-11-30T02:50:55.958196Z"
            }
        ],
        "last_updated": "2022-11-30T02:50:56.093074Z",
        "last_updater": 601605,
        "last_updater_username": "rancheriodhci",
        "name": "v0.6.2-amd64",
        "repository": 11844308,
        "full_size": 28130989,
        "v2": true,
        "tag_status": "active",
        "tag_last_pulled": "2024-01-20T09:03:45.815611Z",
        "tag_last_pushed": "2022-11-30T02:50:56.093074Z",
        "media_type": "application/vnd.docker.container.image.v1+json",
        "content_type": "image",
        "digest": "sha256:0542aeb0025f6dd4f75e100ca14d7abdbe0725c75783d13c35e82d391f4735bc"
    },
    {
        "creator": 601605,
        "id": 339048873,
        "images": [
            {
                "architecture": "arm",
                "features": "",
                "variant": null,
                "digest": "sha256:a436d909d4b8920b638a5269e7d6fde08615f7cfaa9f6822c3b0c19400ed8661",
                "os": "linux",
                "os_features": "",
                "os_version": null,
                "size": 26420937,
                "status": "active",
                "last_pulled": "2024-01-20T08:52:45.725557Z",
                "last_pushed": "2022-11-30T02:51:02.643629Z"
            }
        ],
        "last_updated": "2022-11-30T02:51:02.82207Z",
        "last_updater": 601605,
        "last_updater_username": "rancheriodhci",
        "name": "v0.6.2-arm",
        "repository": 11844308,
        "full_size": 26420937,
        "v2": true,
        "tag_status": "active",
        "tag_last_pulled": "2024-01-20T08:52:45.725557Z",
        "tag_last_pushed": "2022-11-30T02:51:02.82207Z",
        "media_type": "application/vnd.docker.container.image.v1+json",
        "content_type": "image",
        "digest": "sha256:a436d909d4b8920b638a5269e7d6fde08615f7cfaa9f6822c3b0c19400ed8661"
    },
    {
        "creator": 601605,
        "id": 339048822,
        "images": [
            {
                "architecture": "arm64",
                "features": "",
                "variant": null,
                "digest": "sha256:3c3182cfa6cdcf39ede2dc9c5dbd0e7d8e7a726fb2b6e85d43e5aca2ec73272c",
                "os": "linux",
                "os_features": "",
                "os_version": null,
                "size": 26201509,
                "status": "active",
                "last_pulled": "2024-01-20T09:26:49.23734Z",
                "last_pushed": "2022-11-30T02:50:59.052797Z"
            }
        ],
        "last_updated": "2022-11-30T02:50:59.210245Z",
        "last_updater": 601605,
        "last_updater_username": "rancheriodhci",
        "name": "v0.6.2-arm64",
        "repository": 11844308,
        "full_size": 26201509,
        "v2": true,
        "tag_status": "active",
        "tag_last_pulled": "2024-01-20T09:26:49.23734Z",
        "tag_last_pushed": "2022-11-30T02:50:59.210245Z",
        "media_type": "application/vnd.docker.container.image.v1+json",
        "content_type": "image",
        "digest": "sha256:3c3182cfa6cdcf39ede2dc9c5dbd0e7d8e7a726fb2b6e85d43e5aca2ec73272c"
    },
    {
        "creator": 601605,
        "id": 339048904,
        "images": [
            {
                "architecture": "s390x",
                "features": "",
                "variant": null,
                "digest": "sha256:57199805d64e276f41c57c8dc61b1c825d7850d51e37a7563d929b826fb7a933",
                "os": "linux",
                "os_features": "",
                "os_version": null,
                "size": 27775289,
                "status": "active",
                "last_pulled": "2024-01-20T09:00:16.202818Z",
                "last_pushed": "2022-11-30T02:51:05.890948Z"
            }
        ],
        "last_updated": "2022-11-30T02:51:06.027724Z",
        "last_updater": 601605,
        "last_updater_username": "rancheriodhci",
        "name": "v0.6.2-s390x",
        "repository": 11844308,
        "full_size": 27775289,
        "v2": true,
        "tag_status": "active",
        "tag_last_pulled": "2024-01-20T09:00:16.202818Z",
        "tag_last_pushed": "2022-11-30T02:51:06.027724Z",
        "media_type": "application/vnd.docker.container.image.v1+json",
        "content_type": "image",
        "digest": "sha256:57199805d64e276f41c57c8dc61b1c825d7850d51e37a7563d929b826fb7a933"
    }
]