[
    {
        "creator": 601605,
        "id": 262299500,
        "images": [
            {
                "architecture": "amd64",
                "features": "",
                "variant": null,
                "digest": "sha256:87dc81530d19ae409bba8623bc8f6e42a21fb525b028c9d3e819e99cdc9c3326",
                "os": "linux",
                "os_features": "",
                "os_version": null,
                "size": 83797014,
                "status": "active",
                "last_pulled": "2024-01-20T09:04:53.520643Z",
                "last_pushed": "2022-07-28T21:15:48.580864Z"
            }
        ],
        "last_updated": "2022-07-28T21:15:48.740454Z",
        "last_updater": 601605,
        "last_updater_username": "rancheriodhci",
        "name": "3.21.1-rancher1",
        "repository": 3817596,
        "full_size": 83797014,
        "v2": true,
        "tag_status": "active",
        "tag_last_pulled": "2024-01-20T09:04:53.520643Z",
        "tag_last_pushed": "2022-07-28T21:15:48.740454Z",
        "media_type": "application/vnd.docker.container.image.v1+json",
        "content_type": "image",
        "digest": "sha256:87dc81530d19ae409bba8623bc8f6e42a21fb525b028c9d3e819e99cdc9c3326"
    },
    {
        "creator": 601605,
        "id": 262544248,
        "images": [
            {
                "architecture": "amd64",
                "features": "",
                "variant": null,
                "digest": "sha256:b6d14e614362bc62ef94354a5f75e20ade5ad37fb6e2ee8923ab7943c601719a",
                "os": "linux",
                "os_features": "",
                "os_version": null,
                "size": 82656742,
                "status": "active",
                "last_pulled": "2024-01-20T08:57:09.411619Z",
                "last_pushed": "2022-07-29T05:13:04.670623Z"
            }
        ],
        "last_updated": "2022-07-29T05:13:04.772484Z",
        "last_updater": 601605,
        "last_updater_username": "rancheriodhci",
        "name": "3.22.0-rancher1-rc1--linux-amd64",
        "repository": 3817596,
        "full_size": 82656742,
        "v2": true,
        "tag_status": "active",
        "tag_last_pulled": "2024-01-20T08:57:09.411619Z",
        "tag_last_pushed": "2022-07-29T05:13:04.772484Z",
        "media_type": "application/vnd.docker.container.image.v1+json",
        "content_type": "image",
        "digest": "sha256:b6d14e614362bc62ef94354a5f75e20ade5ad37fb6e2ee8923ab7943c601719a"
    },
    {
        "creator": 601605,
        "id": 262544453,
        "images": [
            {
                "architecture": "amd64",
                "features": "",
                "variant": null,
                "digest": "sha256:d9a7cf3a9a8ca1cd8f0f87247d9bc274a9e7bcf7fc78ec780de3bbb201cb32f0",
                "os": "linux",
                "os_features": "",
                "os_version": null,
                "size": 47800355,
                "status": "active",
                "last_pulled": "2024-01-20T09:31:50.9094Z",
                "last_pushed": "2022-07-29T05:13:33.428224Z"
            }
        ],
        "last_updated": "2022-07-29T05:13:33.523476Z",
        "last_updater": 601605,
        "last_updater_username": "rancheriodhci",
        "name": "3.22.0-rancher1-rc1--linux-arm",
        "repository": 3817596,
        "full_size": 47800355,
        "v2": true,
        "tag_status": "active",
        "tag_last_pulled": "2024-01-20T09:31:50.9094Z",
        "tag_last_pushed": "2022-07-29T05:13:33.523476Z",
        "media_type": "application/vnd.docker.container.image.v1+json",
        "content_type": "image",
        "digest": "sha256:d9a7cf3a9a8ca1cd8f0f87247d9bc274a9e7bcf7fc78ec780de3bbb201cb32f0"
    },
    {
        "creator": 601605,
        "id": 262544201,
        "images": [
            {
                "architecture": "amd64",
                "features": "",
                "variant": null,
                "digest": "sha256:718f0c7b648a3746018e0c353718e7fea775855612bf9f128086d19b472f6f49",
                "os": "linux",
                "os_features": "",
                "os_version": null,
                "size": 46497397,
                "status": "active",
                "last_pulled": "2024-01-20T08:59:30.283673Z",
                "last_pushed": "2022-07-29T05:12:55.239394Z"
            }
        ],
        "last_updated": "2022-07-29T05:12:55.338601Z",
        "last_updater": 601605,
        "last_updater_username": "rancheriodhci",
        "name": "3.22.0-rancher1-rc1--linux-arm64",
        "repository": 3817596,
        "full_size": 46497397,
        "v2": true,
        "tag_status": "active",
        "tag_last_pulled": "2024-01-20T08:59:30.283673Z",
        "tag_last_pushed": "2022-07-29T05:12:55.338601Z",
        "media_type": "application/vnd.docker.container.image.v1+json",
        "content_type": "image",
        "digest": "sha256:718f0c7b648a3746018e0c353718e7fea775855612bf9f128086d19b472f6f49"
    },
    {
        "creator": 601605,
        "id": 262549202,
        "images": [
            {
                "architecture": "amd64",
                "features": "",
                "variant": null,
                "digest": "sha256:9c09cb2d67754d5b23da24f06fcd5023deb3ac4abfb9077a21fd32a3d04130a7",
                "os": "linux",
                "os_features": "",
                "os_version": null,
                "size": 82656746,
                "status": "active",
                "last_pulled": "2024-01-20T09:50:02.976444Z",
                "last_pushed": "2022-07-29T05:26:14.698252Z"
            }
        ],
        "last_updated": "2022-07-29T05:26:14.827646Z",
        "last_updater": 601605,
        "last_updater_username": "rancheriodhci",
        "name": "3.22.0-rancher1-rc2-linux-amd64",
        "repository": 3817596,
        "full_size": 82656746,
        "v2": true,
        "tag_status": "active",
        "tag_last_pulled": "2024-01-20T09:50:02.976444Z",
        "tag_last_pushed": "2022-07-29T05:26:14.827646Z",
        "media_type": "application/vnd.docker.container.image.v1+json",
        "content_type": "image",
        "digest": "sha256:9c09cb2d67754d5b23da24f06fcd5023deb3ac4abfb9077a21fd32a3d04130a7"
    },
    {
        "creator": 601605,
        "id": 262549688,
        "images": [
            {
                "architecture": "amd64",
                "features": "",
                "variant": null,
                "digest": "sha256:81c067291d4c16196ba4c94ab638872ee524310c03fef064bc27f02eb8fe1992",
                "os": "linux",
                "os_features": "",
                "os_version": null,
                "size": 47800355,
                "status": "active",
                "last_pulled": "2024-01-20T09:51:49.823135Z",
                "last_pushed": "2022-07-29T05:28:04.864373Z"
            }
        ],
        "last_updated": "2022-07-29T05:28:05.029112Z",
        "last_updater": 601605,
        "last_updater_username": "rancheriodhci",
        "name": "3.22.0-rancher1-rc2-linux-arm",
        "repository": 3817596,
        "full_size": 47800355,
        "v2": true,
        "tag_status": "active",
        "tag_last_pulled": "2024-01-20T09:51:49.823135Z",
        "tag_last_pushed": "2022-07-29T05:28:05.029112Z",
        "media_type": "application/vnd.docker.container.image.v1+json",
        "content_type": "image",
        "digest": "sha256:81c067291d4c16196ba4c94ab638872ee524310c03fef064bc27f02eb8fe1992"
    },
    {
        "creator": 601605,
        "id": 262549315,
        "images": [
            {
                "architecture": "amd64",
                "features": "",
                "variant": null,
                "digest": "sha256:e6bd7d0ec9784653cc787918a62e5976c30a504b489eac7d570482185d318036",
                "os": "linux",
                "os_features": "",
                "os_version": null,
                "size": 46497397,
                "status": "active",
                "last_pulled": "2024-01-20T09:18:59.578866Z",
                "last_pushed": "2022-07-29T05:26:39.782726Z"
            }
        ],
        "last_updated": "2022-07-29T05:26:39.89273Z",
        "last_updater": 601605,
        "last_updater_username": "rancheriodhci",
        "name": "3.22.0-rancher1-rc2-linux-arm64",
        "repository": 3817596,
        "full_size": 46497397,
        "v2": true,
        "tag_status": "active",
        "tag_last_pulled": "2024-01-20T09:18:59.578866Z",
        "tag_last_pushed": "2022-07-29T05:26:39.89273Z",
        "media_type": "application/vnd.docker.container.image.v1+json",
        "content_type": "image",
        "digest": "sha256:e6bd7d0ec9784653cc787918a62e5976c30a504b489eac7d570482185d318036"
    },
    {
        "creator": 240909,
        "id": 21718290,
        "images": [
            {
                "architecture": "amd64",
                "features": "",
                "variant": null,
                "digest": "sha256:d3d6465f285bc303f17d14124d8e69d6ae76c557bdbf1d0de45067a0100e4ca6",
                "os": "linux",
                "os_features": "",
                "os_version": null,
                "size": 21325921,
                "status": "active",
                "last_pulled": "2024-01-20T09:15:57.610033Z",
                "last_pushed": null
            }
        ],
        "last_updated": "2018-04-25T06:32:00.207917Z",
        "last_updater": 3576,
        "last_updater_username": "ibuildthecloud",
        "name": "v1.11.0",
        "repository": 3817596,
        "full_size": 21325921,
        "v2": true,
        "tag_status": "active",
        "tag_last_pulled": "2024-01-20T09:15:57.610033Z",
        "tag_last_pushed": "2018-04-25T06:32:00.207917Z",
        "media_type": "application/vnd.docker.container.image.v1+json",
        "content_type": "image"
    },
    {
        "creator": 240909,
        "id": 22799842,
        "images": [
            {
                "architecture": "amd64",
                "features": "",
                "variant": null,
                "digest": "sha256:045339865d5af45b37474f15e4b358a9639d1e80909bea1a54d46c34b78da4e5",
                "os": "linux",
                "os_features": "",
                "os_version": null,
                "size": 21082367,
                "status": "active",
                "last_pulled": "2024-01-20T08:40:41.449402Z",
                "last_pushed": null
            }
        ],
        "last_updated": "2018-04-25T06:32:04.356519Z",
        "last_updater": 3576,
        "last_updater_username": "ibuildthecloud",
        "name": "v2.0.0",
        "repository": 3817596,
        "full_size": 21082367,
        "v2": true,
        "tag_status": "active",
        "tag_last_pulled": "2024-01-20T08:40:41.449402Z",
        "tag_last_pushed": "2018-04-25T06:32:04.356519Z",
        "media_type": "application/vnd.docker.container.image.v1+json",
        "content_type": "image"
    },
    {
        "creator": 240909,
        "id": 26312481,
        "images": [
            {
                "architecture": "amd64",
                "features": "",
                "variant": null,
                "digest": "sha256:cafcb06d6bd5ed1651e6cc7fe3f9a1848606be3950d7218cf4c9439634ca5342",
                "os": "linux",
                "os_features": "",
                "os_version": null,
                "size": 21520190,
                "status": "active",
                "last_pulled": "2024-01-20T09:16:17.6175Z",
                "last_pushed": null
            }
        ],
        "last_updated": "2018-04-26T03:01:02.268577Z",
        "last_updater": 240909,
        "last_updater_username": "deniseschannon",
        "name": "v3.1.1",
        "repository": 3817596,
        "full_size": 21520190,
        "v2": true,
        "tag_status": "active",
        "tag_last_pulled": "2024-01-20T09:16:17.6175Z",
        "tag_last_pushed": "2018-04-26T03:01:02.268577Z",
        "media_type": "application/vnd.docker.container.image.v1+json",
        "content_type": "image"
    },
    {
        "creator": 1843608,
        "id": 34289092,
        "images": [
            {
                "architecture": "amd64",
                "features": "",
                "variant": null,
                "digest": "sha256:f9bdf350a0c91078dc0808e81c13f12f8fc95287d0ae3e34efe3d8a3e1216707",
                "os": "linux",
                "os_features": "",
                "os_version": null,
                "size": 21522590,
                "status": "active",
                "last_pulled": "2024-01-20T09:04:53.780032Z",
                "last_pushed": null
            }
        ],
        "last_updated": "2018-08-30T22:16:53.649649Z",
        "last_updater": 1843608,
        "last_updater_username": "melsayed",
        "name": "v3.1.3",
        "repository": 3817596,
        "full_size": 21522590,
        "v2": true,
        "tag_status": "active",
        "tag_last_pulled": "2024-01-20T09:04:53.780032Z",
        "tag_last_pushed": "2018-08-30T22:16:53.649649Z",
        "media_type": "application/vnd.docker.container.image.v1+json",
        "content_type": "image"
    },
    {
        "creator": 601605,
        "id": 80419664,
        "images": [
            {
                "architecture": "amd64",
                "features": "",
                "variant": null,
                "digest": "sha256:3d31f2d95974f3706ee7561537e1a16ac808ccfc624c67cb9c4ca5e24888fed8",
                "os": "linux",
                "os_features": "",
                "os_version": null,
                "size": 57286106,
                "status": "active",
                "last_pulled": "2024-01-20T09:08:09.44255Z",
                "last_pushed": null
            }
        ],
        "last_updated": "2020-03-08T19:19:20.530103Z",
        "last_updater": 601605,
        "last_updater_username": "rancheriodhci",
        "name": "v3.10.2",
        "repository": 3817596,
        "full_size": 57286106,
        "v2": true,
        "tag_status": "active",
        "tag_last_pulled": "2024-01-20T09:08:09.44255Z",
        "tag_last_pushed": "2020-03-08T19:19:20.530103Z",
        "media_type": "application/vnd.docker.container.image.v1+json",
        "content_type": "image"
    },
    {
        "creator": 601605,
        "id": 89798299,
        "images": [
            {
                "architecture": "amd64",
                "features": "",
                "variant": null,
                "digest": "sha256:4fc7a1fc57da4fce36fe4383270ad46371a4c1a74dfbf7ceaaf7ff3c1b5bf9a6",
                "os": "linux",
                "os_features": "",
                "os_version": null,
                "size": 66513186,
                "status": "active",
                "last_pulled": "2024-01-20T09:17:16.722268Z",
                "last_pushed": null
            }
        ],
        "last_updated": "2020-06-09T02:09:41.195106Z",
        "last_updater": 601605,
        "last_updater_username": "rancheriodhci",
        "name": "v3.13.0",
        "repository": 3817596,
        "full_size": 66513186,
        "v2": true,
        "tag_status": "active",
        "tag_last_pulled": "2024-01-20T09:17:16.722268Z",
        "tag_last_pushed": "2020-06-09T02:09:41.195106Z",
        "media_type": "application/vnd.docker.container.image.v1+json",
        "content_type": "image"
    },
    {
        "creator": 601605,
        "id": 102310883,
        "images": [
            {
                "architecture": "amd64",
                "features": "",
                "variant": null,
                "digest": "sha256:20a74b0c29e57b7e0a3bfd4474e98d3968f3f0edb1f307c9c789b8ed339971db",
                "os": "linux",
                "os_features": "",
                "os_version": null,
                "size": 77507127,
                "status": "active",
                "last_pulled": "2024-01-20T09:30:13.690243Z",
                "last_pushed": null
            }
        ],
        "last_updated": "2020-09-11T23:19:45.478746Z",
        "last_updater": 601605,
        "last_updater_username": "rancheriodhci",
        "name": "v3.13.4",
        "repository": 3817596,
        "full_size": 77507127,
        "v2": true,
        "tag_status": "active",
        "tag_last_pulled": "2024-01-20T09:30:13.690243Z",
        "tag_last_pushed": "2020-09-11T23:19:45.478746Z",
        "media_type": "application/vnd.docker.container.image.v1+json",
        "content_type": "image"
    },
    {
        "creator": 601605,
        "id": 115949531,
        "images": [
            {
                "architecture": "amd64",
                "features": "",
                "variant": null,
                "digest": "sha256:2af21358060250735b2d5629eb041a28e483a6d5a390588daf245b17c1be54ce",
                "os": "linux",
                "os_features": "",
                "os_version": null,
                "size": 46301822,
                "status": "active",
                "last_pulled": "2024-01-20T09:04:19.383368Z",
                "last_pushed": null
            }
        ],
        "last_updated": "2020-09-11T23:20:01.417007Z",
        "last_updater": 601605,
        "last_updater_username": "rancheriodhci",
        "name": "v3.16.0",
        "repository": 3817596,
        "full_size": 46301822,
        "v2": true,
        "tag_status": "active",
        "tag_last_pulled": "2024-01-20T09:04:19.383368Z",
        "tag_last_pushed": "2020-09-11T23:20:01.417007Z",
        "media_type": "application/vnd.docker.container.image.v1+json",
        "content_type": "image"
    },
    {
        "creator": 601605,
        "id": 116684420,
        "images": [
            {
                "architecture": "amd64",
                "features": "",
                "variant": null,
                "digest": "sha256:2668781717f1ba3583a5873b66b4c2a3ec1b3e2164ce62f6b1b5c35c8a79467d",
                "os": "linux",
                "os_features": "",
                "os_version": null,
                "size": 46306601,
                "status": "active",
                "last_pulled": "2024-01-20T08:45:16.815166Z",
                "last_pushed": null
            }
        ],
        "last_updated": "2020-09-11T23:20:05.690515Z",
        "last_updater": 601605,
        "last_updater_username": "rancheriodhci",
        "name": "v3.16.1",
        "repository": 3817596,
        "full_size": 46306601,
        "v2": true,
        "tag_status": "active",
        "tag_last_pulled": "2024-01-20T08:45:16.815166Z",
        "tag_last_pushed": "2020-09-11T23:20:05.690515Z",
        "media_type": "application/vnd.docker.container.image.v1+json",
        "content_type": "image"
    },
    {
        "creator": 601605,
        "id": 129086242,
        "images": [
            {
                "architecture": "amd64",
                "features": "",
                "variant": null,
                "digest": "sha256:296f6db5917c19406c501236863789fbed5f03ea778a870b691f5426ddfb92c3",
                "os": "linux",
                "os_features": "",
                "os_version": null,
                "size": 46310972,
                "status": "active",
                "last_pulled": "2024-01-20T09:39:56.785217Z",
                "last_pushed": "2020-12-08T00:18:33.826317Z"
            }
        ],
        "last_updated": "2020-12-08T00:18:34.69791Z",
        "last_updater": 601605,
        "last_updater_username": "rancheriodhci",
        "name": "v3.16.5",
        "repository": 3817596,
        "full_size": 46310972,
        "v2": true,
        "tag_status": "active",
        "tag_last_pulled": "2024-01-20T09:39:56.785217Z",
        "tag_last_pushed": "2020-12-08T00:18:34.69791Z",
        "media_type": "application/vnd.docker.distribution.manifest.list.v2+json",
        "content_type": "image"
    },
    {
        "creator": 601605,
        "id": 129086241,
        "images": [
            {
                "architecture": "amd64",
                "features": "",
                "variant": null,
                "digest": "sha256:296f6db5917c19406c501236863789fbed5f03ea778a870b691f5426ddfb92c3",
                "os": "linux",
                "os_features": "",
                "os_version": null,
                "size": 46310972,
                "status": "active",
                "last_pulled": "2024-01-20T09:39:56.785217Z",
                "last_pushed": "2020-12-08T00:18:33.826317Z"
            }
        ],
        "last_updated": "2020-12-08T00:18:33.826317Z",
        "last_updater": 601605,
        "last_updater_username": "rancheriodhci",
        "name": "v3.16.5-amd64",
        "repository": 3817596,
        "full_size": 46310972,
        "v2": true,
        "tag_status": "active",
        "tag_last_pulled": "2024-01-20T09:39:56.785217Z",
        "tag_last_pushed": "2020-12-08T00:18:33.826317Z",
        "media_type": "application/vnd.docker.container.image.v1+json",
        "content_type": "image"
    },
    {
        "creator": 601605,
        "id": 134968601,
        "images": [
            {
                "architecture": "amd64",
                "features": "",
                "variant": null,
                "digest": "sha256:b2b627ca83d71c9f21d398d7fe3a8d071d054ab3a4a25c86eadb4d447351ad07",
                "os": "linux",
                "os_features": "",
                "os_version": null,
                "size": 46310864,
                "status": "active",
                "last_pulled": "2024-01-20T09:04:54.295987Z",
                "last_pushed": "2021-01-27T14:38:44.595402Z"
            }
        ],
        "last_updated": "2021-01-27T14:38:45.113531Z",
        "last_updater": 601605,
        "last_updater_username": "rancheriodhci",
        "name": "v3.16.6",
        "repository": 3817596,
        "full_size": 46310864,
        "v2": true,
        "tag_status": "active",
        "tag_last_pulled": "2024-01-20T09:04:54.295987Z",
        "tag_last_pushed": "2021-01-27T14:38:45.113531Z",
        "media_type": "application/vnd.docker.distribution.manifest.list.v2+json",
        "content_type": "image"
    },
    {
        "creator": 601605,
        "id": 134968598,
        "images": [
            {
                "architecture": "amd64",
                "features": "",
                "variant": null,
                "digest": "sha256:b2b627ca83d71c9f21d398d7fe3a8d071d054ab3a4a25c86eadb4d447351ad07",
                "os": "linux",
                "os_features": "",
                "os_version": null,
                "size": 46310864,
                "status": "active",
                "last_pulled": "2024-01-20T09:04:54.295987Z",
                "last_pushed": "2021-01-27T14:38:44.595402Z"
            }
        ],
        "last_updated": "2021-01-27T14:38:44.595402Z",
        "last_updater": 601605,
        "last_updater_username": "rancheriodhci",
        "name": "v3.16.6-amd64",
        "repository": 3817596,
        "full_size": 46310864,
        "v2": true,
        "tag_status": "active",
        "tag_last_pulled": "2024-01-20T09:04:54.295987Z",
        "tag_last_pushed": "2021-01-27T14:38:44.595402Z",
        "media_type": "application/vnd.docker.container.image.v1+json",
        "content_type": "image"
    },
    {
        "creator": 601605,
        "id": 135196341,
        "images": [
            {
                "architecture": "amd64",
                "features": "",
                "variant": null,
                "digest": "sha256:4f8cbbaf93ef9c549021423ac804ac3e15e366c8a61cf6008b4737d924fe65e2",
                "os": "linux",
                "os_features": "",
                "os_version": null,
                "size": 44049288,
                "status": "active",
                "last_pulled": "2024-01-20T09:31:43.046619Z",
                "last_pushed": "2021-01-28T21:40:09.914158Z"
            }
        ],
        "last_updated": "2021-01-28T21:40:10.453061Z",
        "last_updater": 601605,
        "last_updater_username": "rancheriodhci",
        "name": "v3.17.1",
        "repository": 3817596,
        "full_size": 44049288,
        "v2": true,
        "tag_status": "active",
        "tag_last_pulled": "2024-01-20T09:31:43.046619Z",
        "tag_last_pushed": "2021-01-28T21:40:10.453061Z",
        "media_type": "application/vnd.docker.distribution.manifest.list.v2+json",
        "content_type": "image"
    },
    {
        "creator": 601605,
        "id": 135196339,
        "images": [
            {
                "architecture": "amd64",
                "features": "",
                "variant": null,
                "digest": "sha256:4f8cbbaf93ef9c549021423ac804ac3e15e366c8a61cf6008b4737d924fe65e2",
                "os": "linux",
                "os_features": "",
                "os_version": null,
                "size": 44049288,
                "status": "active",
                "last_pulled": "2024-01-20T09:31:43.046619Z",
                "last_pushed": "2021-01-28T21:40:09.914158Z"
            }
        ],
        "last_updated": "2021-01-28T21:40:09.914158Z",
        "last_updater": 601605,
        "last_updater_username": "rancheriodhci",
        "name": "v3.17.1-amd64",
        "repository": 3817596,
        "full_size": 44049288,
        "v2": true,
        "tag_status": "active",
        "tag_last_pulled": "2024-01-20T09:31:43.046619Z",
        "tag_last_pushed": "2021-01-28T21:40:09.914158Z",
        "media_type": "application/vnd.docker.container.image.v1+json",
        "content_type": "image"
    },
    {
        "creator": 601605,
        "id": 136409183,
        "images": [
            {
                "architecture": "amd64",
                "features": "",
                "variant": null,
                "digest": "sha256:5d6d94cd1ff98c879633eaaf6c50ccca433b0b4829cfad325850e3a3021d9ec2",
                "os": "linux",
                "os_features": "",
                "os_version": null,
                "size": 44049342,
                "status": "active",
                "last_pulled": "2024-01-20T09:01:18.314308Z",
                "last_pushed": "2021-02-05T17:39:18.224159Z"
            }
        ],
        "last_updated": "2021-02-05T17:39:18.870408Z",
        "last_updater": 601605,
        "last_updater_username": "rancheriodhci",
        "name": "v3.17.2",
        "repository": 3817596,
        "full_size": 44049342,
        "v2": true,
        "tag_status": "active",
        "tag_last_pulled": "2024-01-20T09:01:18.314308Z",
        "tag_last_pushed": "2021-02-05T17:39:18.870408Z",
        "media_type": "application/vnd.docker.distribution.manifest.list.v2+json",
        "content_type": "image"
    },
    {
        "creator": 601605,
        "id": 136409176,
        "images": [
            {
                "architecture": "amd64",
                "features": "",
                "variant": null,
                "digest": "sha256:5d6d94cd1ff98c879633eaaf6c50ccca433b0b4829cfad325850e3a3021d9ec2",
                "os": "linux",
                "os_features": "",
                "os_version": null,
                "size": 44049342,
                "status": "active",
                "last_pulled": "2024-01-20T09:01:18.314308Z",
                "last_pushed": "2021-02-05T17:39:18.224159Z"
            }
        ],
        "last_updated": "2021-02-05T17:39:18.224159Z",
        "last_updater": 601605,
        "last_updater_username": "rancheriodhci",
        "name": "v3.17.2-amd64",
        "repository": 3817596,
        "full_size": 44049342,
        "v2": true,
        "tag_status": "active",
        "tag_last_pulled": "2024-01-20T09:01:18.314308Z",
        "tag_last_pushed": "2021-02-05T17:39:18.224159Z",
        "media_type": "application/vnd.docker.container.image.v1+json",
        "content_type": "image"
    },
    {
        "creator": 601605,
        "id": 147855186,
        "images": [
            {
                "architecture": "amd64",
                "features": "",
                "variant": null,
                "digest": "sha256:b946fb6149b0dce3324d86eadf2d98ded4931e254d261a92eacf3a5d8441708d",
                "os": "linux",
                "os_features": "",
                "os_version": null,
                "size": 44685806,
                "status": "active",
                "last_pulled": "2024-01-20T09:04:54.546543Z",
                "last_pushed": "2021-04-30T14:27:52.384235Z"
            }
        ],
        "last_updated": "2021-04-30T14:27:52.874473Z",
        "last_updater": 601605,
        "last_updater_username": "rancheriodhci",
        "name": "v3.18.1",
        "repository": 3817596,
        "full_size": 44685806,
        "v2": true,
        "tag_status": "active",
        "tag_last_pulled": "2024-01-20T09:04:54.546543Z",
        "tag_last_pushed": "2021-04-30T14:27:52.874473Z",
        "media_type": "application/vnd.docker.distribution.manifest.list.v2+json",
        "content_type": "image"
    },
    {
        "creator": 601605,
        "id": 147855183,
        "images": [
            {
                "architecture": "amd64",
                "features": "",
                "variant": null,
                "digest": "sha256:b946fb6149b0dce3324d86eadf2d98ded4931e254d261a92eacf3a5d8441708d",
                "os": "linux",
                "os_features": "",
                "os_version": null,
                "size": 44685806,
                "status": "active",
                "last_pulled": "2024-01-20T09:04:54.546543Z",
                "last_pushed": "2021-04-30T14:27:52.384235Z"
            }
        ],
        "last_updated": "2021-04-30T14:27:52.384235Z",
        "last_updater": 601605,
        "last_updater_username": "rancheriodhci",
        "name": "v3.18.1-amd64",
        "repository": 3817596,
        "full_size": 44685806,
        "v2": true,
        "tag_status": "active",
        "tag_last_pulled": "2024-01-20T09:04:54.546543Z",
        "tag_last_pushed": "2021-04-30T14:27:52.384235Z",
        "media_type": "application/vnd.docker.container.image.v1+json",
        "content_type": "image"
    },
    {
        "creator": 601605,
        "id": 262556895,
        "images": [
            {
                "architecture": "amd64",
                "features": "",
                "variant": null,
                "digest": "sha256:8180ed34d0dd3c4c4049baf5ec1e5c876e721c12dd8ce0d5a54a8ed199c269ad",
                "os": "linux",
                "os_features": "",
                "os_version": null,
                "size": 83797017,
                "status": "active",
                "last_pulled": "2024-01-20T09:47:01.373503Z",
                "last_pushed": "2022-07-29T05:55:03.744238Z"
            }
        ],
        "last_updated": "2022-07-29T05:55:03.860697Z",
        "last_updater": 601605,
        "last_updater_username": "rancheriodhci",
        "name": "v3.21.1-rancher1",
        "repository": 3817596,
        "full_size": 83797017,
        "v2": true,
        "tag_status": "active",
        "tag_last_pulled": "2024-01-20T09:47:01.373503Z",
        "tag_last_pushed": "2022-07-29T05:55:03.860697Z",
        "media_type": "application/vnd.docker.container.image.v1+json",
        "content_type": "image",
        "digest": "sha256:8180ed34d0dd3c4c4049baf5ec1e5c876e721c12dd8ce0d5a54a8ed199c269ad"
    },
    {
        "creator": 601605,
        "id": 274570885,
        "images": [
            {
                "architecture": "amd64",
                "features": "",
                "variant": null,
                "digest": "sha256:72ca4964031960bce69283ba455a46ff9f3e6b0494de47ebdf66a249bf51e2f8",
                "os": "linux",
                "os_features": "",
                "os_version": null,
                "size": 82624109,
                "status": "active",
                "last_pulled": "2024-01-20T09:41:43.070432Z",
                "last_pushed": "2022-08-19T00:15:24.801365Z"
            }
        ],
        "last_updated": "2022-08-19T00:15:24.917805Z",
        "last_updater": 601605,
        "last_updater_username": "rancheriodhci",
        "name": "v3.21.3-rancher1",
        "repository": 3817596,
        "full_size": 82624109,
        "v2": true,
        "tag_status": "active",
        "tag_last_pulled": "2024-01-20T09:41:43.070432Z",
        "tag_last_pushed": "2022-08-19T00:15:24.917805Z",
        "media_type": "application/vnd.docker.container.image.v1+json",
        "content_type": "image",
        "digest": "sha256:72ca4964031960bce69283ba455a46ff9f3e6b0494de47ebdf66a249bf51e2f8"
    },
    {
        "creator": 601605,
        "id": 264130633,
        "images": [
            {
                "architecture": "amd64",
                "features": "",
                "variant": null,
                "digest": "sha256:2c8ff36b18871c36b194dd61ae4077a2639f71097d13f976fa4379b651d1ad3d",
                "os": "linux",
                "os_features": "",
                "os_version": null,
                "size": 82656741,
                "status": "active",
                "last_pulled": "2024-01-20T09:47:17.593548Z",
                "last_pushed": "2022-08-01T23:22:17.746536Z"
            },
            {
                "architecture": "amd64",
                "features": "",
                "variant": null,
                "digest": "sha256:0fc5f70ffa2e98402969810ccc16b011350c494cb237e36b0fdaed23b00e6876",
                "os": "linux",
                "os_features": "",
                "os_version": null,
                "size": 46497396,
                "status": "active",
                "last_pulled": "2024-01-20T09:04:55.09586Z",
                "last_pushed": "2022-08-01T23:23:36.220117Z"
            },
            {
                "architecture": "amd64",
                "features": "",
                "variant": null,
                "digest": "sha256:8625c7173a1c2277ba043d6907024de97d9e6da4cbae30d5d22cce8569f02cb3",
                "os": "linux",
                "os_features": "",
                "os_version": null,
                "size": 47800355,
                "status": "active",
                "last_pulled": "2024-01-20T08:26:19.837475Z",
                "last_pushed": "2022-08-01T23:23:34.595107Z"
            }
        ],
        "last_updated": "2022-08-01T23:23:42.943048Z",
        "last_updater": 601605,
        "last_updater_username": "rancheriodhci",
        "name": "v3.22.0-rancher1",
        "repository": 3817596,
        "full_size": 82656741,
        "v2": true,
        "tag_status": "active",
        "tag_last_pulled": "2024-01-20T09:47:17.593548Z",
        "tag_last_pushed": "2022-08-01T23:23:42.943048Z",
        "media_type": "application/vnd.docker.distribution.manifest.list.v2+json",
        "content_type": "image"
    },
    {
        "creator": 601605,
        "id": 264129395,
        "images": [
            {
                "architecture": "amd64",
                "features": "",
                "variant": null,
                "digest": "sha256:2c8ff36b18871c36b194dd61ae4077a2639f71097d13f976fa4379b651d1ad3d",
                "os": "linux",
                "os_features": "",
                "os_version": null,
                "size": 82656741,
                "status": "active",
                "last_pulled": "2024-01-20T09:47:17.593548Z",
                "last_pushed": "2022-08-01T23:22:17.746536Z"
            }
        ],
        "last_updated": "2022-08-01T23:22:17.861439Z",
        "last_updater": 601605,
        "last_updater_username": "rancheriodhci",
        "name": "v3.22.0-rancher1-linux-amd64",
        "repository": 3817596,
        "full_size": 82656741,
        "v2": true,
        "tag_status": "active",
        "tag_last_pulled": "2024-01-20T09:47:17.593548Z",
        "tag_last_pushed": "2022-08-01T23:22:17.861439Z",
        "media_type": "application/vnd.docker.container.image.v1+json",
        "content_type": "image"
    },
    {
        "creator": 601605,
        "id": 264130479,
        "images": [
            {
                "architecture": "amd64",
                "features": "",
                "variant": null,
                "digest": "sha256:8625c7173a1c2277ba043d6907024de97d9e6da4cbae30d5d22cce8569f02cb3",
                "os": "linux",
                "os_features": "",
                "os_version": null,
                "size": 47800355,
                "status": "active",
                "last_pulled": "2024-01-20T08:26:19.837475Z",
                "last_pushed": "2022-08-01T23:23:34.595107Z"
            }
        ],
        "last_updated": "2022-08-01T23:23:34.735293Z",
        "last_updater": 601605,
        "last_updater_username": "rancheriodhci",
        "name": "v3.22.0-rancher1-linux-arm",
        "repository": 3817596,
        "full_size": 47800355,
        "v2": true,
        "tag_status": "active",
        "tag_last_pulled": "2024-01-20T08:26:19.837475Z",
        "tag_last_pushed": "2022-08-01T23:23:34.735293Z",
        "media_type": "application/vnd.docker.container.image.v1+json",
        "content_type": "image"
    },
    {
        "creator": 601605,
        "id": 264130500,
        "images": [
            {
                "architecture": "amd64",
                "features": "",
                "variant": null,
                "digest": "sha256:0fc5f70ffa2e98402969810ccc16b011350c494cb237e36b0fdaed23b00e6876",
                "os": "linux",
                "os_features": "",
                "os_version": null,
                "size": 46497396,
                "status": "active",
                "last_pulled": "2024-01-20T09:04:55.09586Z",
                "last_pushed": "2022-08-01T23:23:36.220117Z"
            }
        ],
        "last_updated": "2022-08-01T23:23:36.341797Z",
        "last_updater": 601605,
        "last_updater_username": "rancheriodhci",
        "name": "v3.22.0-rancher1-linux-arm64",
        "repository": 3817596,
        "full_size": 46497396,
        "v2": true,
        "tag_status": "active",
        "tag_last_pulled": "2024-01-20T09:04:55.09586Z",
        "tag_last_pushed": "2022-08-01T23:23:36.341797Z",
        "media_type": "application/vnd.docker.container.image.v1+json",
        "content_type": "image"
    },
    {
        "creator": 601605,
        "id": 262555359,
        "images": [
            {
                "architecture": "amd64",
                "features": "",
                "variant": null,
                "digest": "sha256:720f44655236e599b3f64da2c15ffc62c59082991358fd8f3fb274da172e2794",
                "os": "linux",
                "os_features": "",
                "os_version": null,
                "size": 82656741,
                "status": "active",
                "last_pulled": "2024-01-20T09:04:55.159196Z",
                "last_pushed": "2022-07-29T05:48:58.921061Z"
            },
            {
                "architecture": "amd64",
                "features": "",
                "variant": null,
                "digest": "sha256:99401ddce475b7031d8c256e73a5838f39490596b9346168050a41af89c01195",
                "os": "linux",
                "os_features": "",
                "os_version": null,
                "size": 46497395,
                "status": "active",
                "last_pulled": "2024-01-20T09:04:55.288542Z",
                "last_pushed": "2022-07-29T05:48:40.040599Z"
            },
            {
                "architecture": "amd64",
                "features": "",
                "variant": null,
                "digest": "sha256:9bec1f741f183df041390f122c741a32de3a494ffe9fa47e036def1772a8c017",
                "os": "linux",
                "os_features": "",
                "os_version": null,
                "size": 47800354,
                "status": "active",
                "last_pulled": "2024-01-20T09:04:55.213132Z",
                "last_pushed": "2022-07-29T05:49:32.239827Z"
            }
        ],
        "last_updated": "2022-07-29T05:49:38.75268Z",
        "last_updater": 601605,
        "last_updater_username": "rancheriodhci",
        "name": "v3.22.0-rancher1-rc3",
        "repository": 3817596,
        "full_size": 82656741,
        "v2": true,
        "tag_status": "active",
        "tag_last_pulled": "2024-01-20T09:04:55.288542Z",
        "tag_last_pushed": "2022-07-29T05:49:38.75268Z",
        "media_type": "application/vnd.docker.distribution.manifest.list.v2+json",
        "content_type": "image",
        "digest": "sha256:9f8a14822e651b4bbf429da1ace884fc03f53712ab8b26aa2c3f56914da0d4cc"
    },
    {
        "creator": 601605,
        "id": 262555141,
        "images": [
            {
                "architecture": "amd64",
                "features": "",
                "variant": null,
                "digest": "sha256:720f44655236e599b3f64da2c15ffc62c59082991358fd8f3fb274da172e2794",
                "os": "linux",
                "os_features": "",
                "os_version": null,
                "size": 82656741,
                "status": "active",
                "last_pulled": "2024-01-20T09:04:55.159196Z",
                "last_pushed": "2022-07-29T05:48:58.921061Z"
            }
        ],
        "last_updated": "2022-07-29T05:48:59.093485Z",
        "last_updater": 601605,
        "last_updater_username": "rancheriodhci",
        "name": "v3.22.0-rancher1-rc3-linux-amd64",
        "repository": 3817596,
        "full_size": 82656741,
        "v2": true,
        "tag_status": "active",
        "tag_last_pulled": "2024-01-20T09:04:55.159196Z",
        "tag_last_pushed": "2022-07-29T05:48:59.093485Z",
        "media_type": "application/vnd.docker.container.image.v1+json",
        "content_type": "image",
        "digest": "sha256:720f44655236e599b3f64da2c15ffc62c59082991358fd8f3fb274da172e2794"
    },
    {
        "creator": 601605,
        "id": 262555329,
        "images": [
            {
                "architecture": "amd64",
                "features": "",
                "variant": null,
                "digest": "sha256:9bec1f741f183df041390f122c741a32de3a494ffe9fa47e036def1772a8c017",
                "os": "linux",
                "os_features": "",
                "os_version": null,
                "size": 47800354,
                "status": "active",
                "last_pulled": "2024-01-20T09:04:55.213132Z",
                "last_pushed": "2022-07-29T05:49:32.239827Z"
            }
        ],
        "last_updated": "2022-07-29T05:49:32.334593Z",
        "last_updater": 601605,
        "last_updater_username": "rancheriodhci",
        "name": "v3.22.0-rancher1-rc3-linux-arm",
        "repository": 3817596,
        "full_size": 47800354,
        "v2": true,
        "tag_status": "active",
        "tag_last_pulled": "2024-01-20T09:04:55.213132Z",
        "tag_last_pushed": "2022-07-29T05:49:32.334593Z",
        "media_type": "application/vnd.docker.container.image.v1+json",
        "content_type": "image",
        "digest": "sha256:9bec1f741f183df041390f122c741a32de3a494ffe9fa47e036def1772a8c017"
    },
    {
        "creator": 601605,
        "id": 262555062,
        "images": [
            {
                "architecture": "amd64",
                "features": "",
                "variant": null,
                "digest": "sha256:99401ddce475b7031d8c256e73a5838f39490596b9346168050a41af89c01195",
                "os": "linux",
                "os_features": "",
                "os_version": null,
                "size": 46497395,
                "status": "active",
                "last_pulled": "2024-01-20T09:04:55.288542Z",
                "last_pushed": "2022-07-29T05:48:40.040599Z"
            }
        ],
        "last_updated": "2022-07-29T05:48:40.146897Z",
        "last_updater": 601605,
        "last_updater_username": "rancheriodhci",
        "name": "v3.22.0-rancher1-rc3-linux-arm64",
        "repository": 3817596,
        "full_size": 46497395,
        "v2": true,
        "tag_status": "active",
        "tag_last_pulled": "2024-01-20T09:04:55.288542Z",
        "tag_last_pushed": "2022-07-29T05:48:40.146897Z",
        "media_type": "application/vnd.docker.container.image.v1+json",
        "content_type": "image",
        "digest": "sha256:99401ddce475b7031d8c256e73a5838f39490596b9346168050a41af89c01195"
    },
    {
        "creator": 601605,
        "id": 349838764,
        "images": [
            {
                "architecture": "amd64",
                "features": "",
                "variant": null,
                "digest": "sha256:ed8faec2ee88e6668989e4527e5b6165fdbc05bf72c65feb9836482ce1a038b3",
                "os": "linux",
                "os_features": "",
                "os_version": null,
                "size": 80019985,
                "status": "active",
                "last_pulled": "2024-01-20T09:26:41.76001Z",
                "last_pushed": "2022-12-15T15:22:02.27574Z"
            },
            {
                "architecture": "arm64",
                "features": "",
                "variant": null,
                "digest": "sha256:277d4fa4b458f97f5a002008768b855da43705397ee8e15e8a0988146977847e",
                "os": "linux",
                "os_features": "",
                "os_version": null,
                "size": 46539160,
                "status": "active",
                "last_pulled": "2024-01-20T09:04:55.64527Z",
                "last_pushed": "2022-12-15T15:22:27.772783Z"
            },
            {
                "architecture": "arm",
                "features": "",
                "variant": null,
                "digest": "sha256:753390992002f5d608fb462ed5e4c4badf6257379aa2f604831e85a7482a81e7",
                "os": "linux",
                "os_features": "",
                "os_version": null,
                "size": 47838135,
                "status": "active",
                "last_pulled": "2024-01-20T08:07:30.26853Z",
                "last_pushed": "2022-12-15T15:23:43.74189Z"
            }
        ],
        "last_updated": "2022-12-15T15:23:47.930574Z",
        "last_updater": 601605,
        "last_updater_username": "rancheriodhci",
        "name": "v3.22.5-rancher1",
        "repository": 3817596,
        "full_size": 80019985,
        "v2": true,
        "tag_status": "active",
        "tag_last_pulled": "2024-01-20T09:26:41.76001Z",
        "tag_last_pushed": "2022-12-15T15:23:47.930574Z",
        "media_type": "application/vnd.docker.distribution.manifest.list.v2+json",
        "content_type": "image",
        "digest": "sha256:c81a55795c0cc2ba46040078137b92cf0f88b3376a47ea9106d4e1b24756d8d6"
    },
    {
        "creator": 601605,
        "id": 349836791,
        "images": [
            {
                "architecture": "amd64",
                "features": "",
                "variant": null,
                "digest": "sha256:ed8faec2ee88e6668989e4527e5b6165fdbc05bf72c65feb9836482ce1a038b3",
                "os": "linux",
                "os_features": "",
                "os_version": null,
                "size": 80019985,
                "status": "active",
                "last_pulled": "2024-01-20T09:26:41.76001Z",
                "last_pushed": "2022-12-15T15:22:02.27574Z"
            }
        ],
        "last_updated": "2022-12-15T15:22:02.468872Z",
        "last_updater": 601605,
        "last_updater_username": "rancheriodhci",
        "name": "v3.22.5-rancher1-linux-amd64",
        "repository": 3817596,
        "full_size": 80019985,
        "v2": true,
        "tag_status": "active",
        "tag_last_pulled": "2024-01-20T09:26:41.76001Z",
        "tag_last_pushed": "2022-12-15T15:22:02.468872Z",
        "media_type": "application/vnd.docker.container.image.v1+json",
        "content_type": "image",
        "digest": "sha256:ed8faec2ee88e6668989e4527e5b6165fdbc05bf72c65feb9836482ce1a038b3"
    },
    {
        "creator": 601605,
        "id": 349838679,
        "images": [
            {
                "architecture": "arm",
                "features": "",
                "variant": null,
                "digest": "sha256:753390992002f5d608fb462ed5e4c4badf6257379aa2f604831e85a7482a81e7",
                "os": "linux",
                "os_features": "",
                "os_version": null,
                "size": 47838135,
                "status": "active",
                "last_pulled": "2024-01-20T08:07:30.26853Z",
                "last_pushed": "2022-12-15T15:23:43.74189Z"
            }
        ],
        "last_updated": "2022-12-15T15:23:43.841898Z",
        "last_updater": 601605,
        "last_updater_username": "rancheriodhci",
        "name": "v3.22.5-rancher1-linux-arm",
        "repository": 3817596,
        "full_size": 47838135,
        "v2": true,
        "tag_status": "active",
        "tag_last_pulled": "2024-01-20T08:07:30.26853Z",
        "tag_last_pushed": "2022-12-15T15:23:43.841898Z",
        "media_type": "application/vnd.docker.container.image.v1+json",
        "content_type": "image",
        "digest": "sha256:753390992002f5d608fb462ed5e4c4badf6257379aa2f604831e85a7482a81e7"
    },
    {
        "creator": 601605,
        "id": 349837313,
        "images": [
            {
                "architecture": "arm64",
                "features": "",
                "variant": null,
                "digest": "sha256:277d4fa4b458f97f5a002008768b855da43705397ee8e15e8a0988146977847e",
                "os": "linux",
                "os_features": "",
                "os_version": null,
                "size": 46539160,
                "status": "active",
                "last_pulled": "2024-01-20T09:04:55.64527Z",
                "last_pushed": "2022-12-15T15:22:27.772783Z"
            }
        ],
        "last_updated": "2022-12-15T15:22:27.878012Z",
        "last_updater": 601605,
        "last_updater_username": "rancheriodhci",
        "name": "v3.22.5-rancher1-linux-arm64",
        "repository": 3817596,
        "full_size": 46539160,
        "v2": true,
        "tag_status": "active",
        "tag_last_pulled": "2024-01-20T09:04:55.64527Z",
        "tag_last_pushed": "2022-12-15T15:22:27.878012Z",
        "media_type": "application/vnd.docker.container.image.v1+json",
        "content_type": "image",
        "digest": "sha256:277d4fa4b458f97f5a002008768b855da43705397ee8e15e8a0988146977847e"
    },
    {
        "creator": 601605,
        "id": 343456196,
        "images": [
            {
                "architecture": "amd64",
                "features": "",
                "variant": null,
                "digest": "sha256:1aa0a976749741913915de4cce8bae4509ed0b16b9d7eb96f8931fbad8c736a1",
                "os": "linux",
                "os_features": "",
                "os_version": null,
                "size": 80019985,
                "status": "active",
                "last_pulled": "2024-01-20T08:06:50.210964Z",
                "last_pushed": "2022-12-06T16:46:08.121138Z"
            },
            {
                "architecture": "arm64",
                "features": "",
                "variant": null,
                "digest": "sha256:b43c5af9b4d29f11f8ce746aa28ab409edb5ba84f971877103c7d49692e52c30",
                "os": "linux",
                "os_features": "",
                "os_version": null,
                "size": 46539160,
                "status": "active",
                "last_pulled": "2024-01-20T09:10:12.375104Z",
                "last_pushed": "2022-12-06T16:46:54.104466Z"
            },
            {
                "architecture": "arm",
                "features": "",
                "variant": null,
                "digest": "sha256:8720bb4330315cd4a8af107a260d878df43c5972592d76812ea7ce4c9c573880",
                "os": "linux",
                "os_features": "",
                "os_version": null,
                "size": 47838135,
                "status": "active",
                "last_pulled": "2024-01-20T08:06:50.194548Z",
                "last_pushed": "2022-12-06T16:50:04.30121Z"
            }
        ],
        "last_updated": "2022-12-06T16:51:27.854982Z",
        "last_updater": 601605,
        "last_updater_username": "rancheriodhci",
        "name": "v3.22.5-rancher1-rc1",
        "repository": 3817596,
        "full_size": 80019985,
        "v2": true,
        "tag_status": "active",
        "tag_last_pulled": "2024-01-20T09:10:12.375104Z",
        "tag_last_pushed": "2022-12-06T16:51:27.854982Z",
        "media_type": "application/vnd.docker.distribution.manifest.list.v2+json",
        "content_type": "image",
        "digest": "sha256:2edadf210897e01fafd366bd0d112a08ed5f8d58f5e69e88a356b75d0c74b81d"
    },
    {
        "creator": 601605,
        "id": 343452751,
        "images": [
            {
                "architecture": "amd64",
                "features": "",
                "variant": null,
                "digest": "sha256:1aa0a976749741913915de4cce8bae4509ed0b16b9d7eb96f8931fbad8c736a1",
                "os": "linux",
                "os_features": "",
                "os_version": null,
                "size": 80019985,
                "status": "active",
                "last_pulled": "2024-01-20T08:06:50.210964Z",
                "last_pushed": "2022-12-06T16:46:08.121138Z"
            }
        ],
        "last_updated": "2022-12-06T16:46:08.306349Z",
        "last_updater": 601605,
        "last_updater_username": "rancheriodhci",
        "name": "v3.22.5-rancher1-rc1-linux-amd64",
        "repository": 3817596,
        "full_size": 80019985,
        "v2": true,
        "tag_status": "active",
        "tag_last_pulled": "2024-01-20T08:06:50.210964Z",
        "tag_last_pushed": "2022-12-06T16:46:08.306349Z",
        "media_type": "application/vnd.docker.container.image.v1+json",
        "content_type": "image",
        "digest": "sha256:1aa0a976749741913915de4cce8bae4509ed0b16b9d7eb96f8931fbad8c736a1"
    },
    {
        "creator": 601605,
        "id": 343455251,
        "images": [
            {
                "architecture": "arm",
                "features": "",
                "variant": null,
                "digest": "sha256:8720bb4330315cd4a8af107a260d878df43c5972592d76812ea7ce4c9c573880",
                "os": "linux",
                "os_features": "",
                "os_version": null,
                "size": 47838135,
                "status": "active",
                "last_pulled": "2024-01-20T08:06:50.194548Z",
                "last_pushed": "2022-12-06T16:50:04.30121Z"
            }
        ],
        "last_updated": "2022-12-06T16:50:04.409621Z",
        "last_updater": 601605,
        "last_updater_username": "rancheriodhci",
        "name": "v3.22.5-rancher1-rc1-linux-arm",
        "repository": 3817596,
        "full_size": 47838135,
        "v2": true,
        "tag_status": "active",
        "tag_last_pulled": "2024-01-20T08:06:50.194548Z",
        "tag_last_pushed": "2022-12-06T16:50:04.409621Z",
        "media_type": "application/vnd.docker.container.image.v1+json",
        "content_type": "image",
        "digest": "sha256:8720bb4330315cd4a8af107a260d878df43c5972592d76812ea7ce4c9c573880"
    },
    {
        "creator": 601605,
        "id": 343453398,
        "images": [
            {
                "architecture": "arm64",
                "features": "",
                "variant": null,
                "digest": "sha256:b43c5af9b4d29f11f8ce746aa28ab409edb5ba84f971877103c7d49692e52c30",
                "os": "linux",
                "os_features": "",
                "os_version": null,
                "size": 46539160,
                "status": "active",
                "last_pulled": "2024-01-20T09:10:12.375104Z",
                "last_pushed": "2022-12-06T16:46:54.104466Z"
            }
        ],
        "last_updated": "2022-12-06T16:46:54.225187Z",
        "last_updater": 601605,
        "last_updater_username": "rancheriodhci",
        "name": "v3.22.5-rancher1-rc1-linux-arm64",
        "repository": 3817596,
        "full_size": 46539160,
        "v2": true,
        "tag_status": "active",
        "tag_last_pulled": "2024-01-20T09:10:12.375104Z",
        "tag_last_pushed": "2022-12-06T16:46:54.225187Z",
        "media_type": "application/vnd.docker.container.image.v1+json",
        "content_type": "image",
        "digest": "sha256:b43c5af9b4d29f11f8ce746aa28ab409edb5ba84f971877103c7d49692e52c30"
    },
    {
        "creator": 601605,
        "id": 339796194,
        "images": [
            {
                "architecture": "amd64",
                "features": "",
                "variant": null,
                "digest": "sha256:4cc7a35efac62a093d019e46c3fb6d9be2ebb651cbcb94fe3fb0767f26018351",
                "os": "linux",
                "os_features": "",
                "os_version": null,
                "size": 89524473,
                "status": "active",
                "last_pulled": "2024-01-20T09:04:37.630073Z",
                "last_pushed": "2022-12-01T03:54:49.131535Z"
            },
            {
                "architecture": "arm64",
                "features": "",
                "variant": null,
                "digest": "sha256:38ded6ff892bd0e613c9e5f7398a16f6d65691a2a11dbe8d9e2b285bbb064f45",
                "os": "linux",
                "os_features": "",
                "os_version": null,
                "size": 82438905,
                "status": "active",
                "last_pulled": "2024-01-20T09:04:56.092395Z",
                "last_pushed": "2022-12-01T03:54:49.366183Z"
            },
            {
                "architecture": "arm",
                "features": "",
                "variant": null,
                "digest": "sha256:8008fb0a18fc6add628cb02e2f4e4dc41ca87e54f80fbba0605a6c123466a438",
                "os": "linux",
                "os_features": "",
                "os_version": null,
                "size": 83627581,
                "status": "active",
                "last_pulled": "2024-01-20T09:04:55.996097Z",
                "last_pushed": "2022-12-01T03:56:24.627498Z"
            }
        ],
        "last_updated": "2022-12-01T03:56:30.421943Z",
        "last_updater": 601605,
        "last_updater_username": "rancheriodhci",
        "name": "v3.24.1-rancher1",
        "repository": 3817596,
        "full_size": 89524473,
        "v2": true,
        "tag_status": "active",
        "tag_last_pulled": "2024-01-20T09:30:01.613876Z",
        "tag_last_pushed": "2022-12-01T03:56:30.421943Z",
        "media_type": "application/vnd.docker.distribution.manifest.list.v2+json",
        "content_type": "image",
        "digest": "sha256:01265bdaecee7f38781e36d2154294725e72f418d9a8dde8187a0068b786a2c2"
    },
    {
        "creator": 601605,
        "id": 339795534,
        "images": [
            {
                "architecture": "amd64",
                "features": "",
                "variant": null,
                "digest": "sha256:4cc7a35efac62a093d019e46c3fb6d9be2ebb651cbcb94fe3fb0767f26018351",
                "os": "linux",
                "os_features": "",
                "os_version": null,
                "size": 89524473,
                "status": "active",
                "last_pulled": "2024-01-20T09:04:37.630073Z",
                "last_pushed": "2022-12-01T03:54:49.131535Z"
            }
        ],
        "last_updated": "2022-12-01T03:54:49.225306Z",
        "last_updater": 601605,
        "last_updater_username": "rancheriodhci",
        "name": "v3.24.1-rancher1-linux-amd64",
        "repository": 3817596,
        "full_size": 89524473,
        "v2": true,
        "tag_status": "active",
        "tag_last_pulled": "2024-01-20T09:04:37.630073Z",
        "tag_last_pushed": "2022-12-01T03:54:49.225306Z",
        "media_type": "application/vnd.docker.container.image.v1+json",
        "content_type": "image",
        "digest": "sha256:4cc7a35efac62a093d019e46c3fb6d9be2ebb651cbcb94fe3fb0767f26018351"
    },
    {
        "creator": 601605,
        "id": 339796159,
        "images": [
            {
                "architecture": "arm",
                "features": "",
                "variant": null,
                "digest": "sha256:8008fb0a18fc6add628cb02e2f4e4dc41ca87e54f80fbba0605a6c123466a438",
                "os": "linux",
                "os_features": "",
                "os_version": null,
                "size": 83627581,
                "status": "active",
                "last_pulled": "2024-01-20T09:04:55.996097Z",
                "last_pushed": "2022-12-01T03:56:24.627498Z"
            }
        ],
        "last_updated": "2022-12-01T03:56:24.751125Z",
        "last_updater": 601605,
        "last_updater_username": "rancheriodhci",
        "name": "v3.24.1-rancher1-linux-arm",
        "repository": 3817596,
        "full_size": 83627581,
        "v2": true,
        "tag_status": "active",
        "tag_last_pulled": "2024-01-20T09:04:55.996097Z",
        "tag_last_pushed": "2022-12-01T03:56:24.751125Z",
        "media_type": "application/vnd.docker.container.image.v1+json",
        "content_type": "image",
        "digest": "sha256:8008fb0a18fc6add628cb02e2f4e4dc41ca87e54f80fbba0605a6c123466a438"
    },
    {
        "creator": 601605,
        "id": 339795540,
        "images": [
            {
                "architecture": "arm64",
                "features": "",
                "variant": null,
                "digest": "sha256:38ded6ff892bd0e613c9e5f7398a16f6d65691a2a11dbe8d9e2b285bbb064f45",
                "os": "linux",
                "os_features": "",
                "os_version": null,
                "size": 82438905,
                "status": "active",
                "last_pulled": "2024-01-20T09:04:56.092395Z",
                "last_pushed": "2022-12-01T03:54:49.366183Z"
            }
        ],
        "last_updated": "2022-12-01T03:54:49.565366Z",
        "last_updater": 601605,
        "last_updater_username": "rancheriodhci",
        "name": "v3.24.1-rancher1-linux-arm64",
        "repository": 3817596,
        "full_size": 82438905,
        "v2": true,
        "tag_status": "active",
        "tag_last_pulled": "2024-01-20T09:04:56.092395Z",
        "tag_last_pushed": "2022-12-01T03:54:49.565366Z",
        "media_type": "application/vnd.docker.container.image.v1+json",
        "content_type": "image",
        "digest": "sha256:38ded6ff892bd0e613c9e5f7398a16f6d65691a2a11dbe8d9e2b285bbb064f45"
    },
    {
        "creator": 424512,
        "id": 43641106,
        "images": [
            {
                "architecture": "amd64",
                "features": "",
                "variant": null,
                "digest": "sha256:b3f4045680586133039f1e77f3ebb4bb5e6c60fa85f184f395eee32303462715",
                "os": "linux",
                "os_features": "",
                "os_version": null,
                "size": 24258588,
                "status": "active",
                "last_pulled": "2024-01-20T09:31:01.927078Z",
                "last_pushed": null
            }
        ],
        "last_updated": "2019-01-07T20:53:28.469987Z",
        "last_updater": 424512,
        "last_updater_username": "alena1108",
        "name": "v3.4.0",
        "repository": 3817596,
        "full_size": 24258588,
        "v2": true,
        "tag_status": "active",
        "tag_last_pulled": "2024-01-20T09:31:01.927078Z",
        "tag_last_pushed": "2019-01-07T20:53:28.469987Z",
        "media_type": "application/vnd.docker.container.image.v1+json",
        "content_type": "image"
    },
    {
        "creator": 424512,
        "id": 59958321,
        "images": [
            {
                "architecture": "amd64",
                "features": "",
                "variant": null,
                "digest": "sha256:3f905b8d538e66f1aae24e58694c8cfcca0ca468e3bb7ad3ceaadac9907a62c1",
                "os": "linux",
                "os_features": "",
                "os_version": null,
                "size": 47854444,
                "status": "active",
                "last_pulled": "2024-01-20T09:04:56.833415Z",
                "last_pushed": null
            }
        ],
        "last_updated": "2019-06-24T20:57:44.896482Z",
        "last_updater": 424512,
        "last_updater_username": "alena1108",
        "name": "v3.7.3",
        "repository": 3817596,
        "full_size": 47854444,
        "v2": true,
        "tag_status": "active",
        "tag_last_pulled": "2024-01-20T09:04:56.833415Z",
        "tag_last_pushed": "2019-06-24T20:57:44.896482Z",
        "media_type": "application/vnd.docker.container.image.v1+json",
        "content_type": "image"
    },
    {
        "creator": 30086,
        "id": 61919693,
        "images": [
            {
                "architecture": "amd64",
                "features": "",
                "variant": null,
                "digest": "sha256:f7ef26dca9f6ae9da495c306312c2972bfcb7f3eb8bb4f5a48eb748c1615f76b",
                "os": "linux",
                "os_features": "",
                "os_version": null,
                "size": 47854530,
                "status": "active",
                "last_pulled": "2024-01-20T09:01:23.178764Z",
                "last_pushed": null
            }
        ],
        "last_updated": "2019-07-11T20:02:51.884343Z",
        "last_updater": 30086,
        "last_updater_username": "superseb",
        "name": "v3.7.4",
        "repository": 3817596,
        "full_size": 47854530,
        "v2": true,
        "tag_status": "active",
        "tag_last_pulled": "2024-01-20T09:01:23.178764Z",
        "tag_last_pushed": "2019-07-11T20:02:51.884343Z",
        "media_type": "application/vnd.docker.container.image.v1+json",
        "content_type": "image"
    },
    {
        "creator": 141469,
        "id": 64209113,
        "images": [
            {
                "architecture": "amd64",
                "features": "",
                "variant": null,
                "digest": "sha256:694ae8128ecb6e8eb8189292f4c51dbbf32dae7ab8399557757dc8921a44a12c",
                "os": "linux",
                "os_features": "",
                "os_version": null,
                "size": 50052864,
                "status": "active",
                "last_pulled": "2024-01-20T09:27:24.38088Z",
                "last_pushed": null
            }
        ],
        "last_updated": "2019-08-01T17:41:04.21209Z",
        "last_updater": 141469,
        "last_updater_username": "husseingalal",
        "name": "v3.8.1",
        "repository": 3817596,
        "full_size": 50052864,
        "v2": true,
        "tag_status": "active",
        "tag_last_pulled": "2024-01-20T09:27:24.38088Z",
        "tag_last_pushed": "2019-08-01T17:41:04.21209Z",
        "media_type": "application/vnd.docker.container.image.v1+json",
        "content_type": "image"
    },
    {
        "creator": 601605,
        "id": 102308863,
        "images": [
            {
                "architecture": "amd64",
                "features": "",
                "variant": null,
                "digest": "sha256:131a3d9425af47fb08c7e8c8693f6fbd4d69b1a189caa18a1dec5d8d17efebc1",
                "os": "linux",
                "os_features": "",
                "os_version": null,
                "size": 55546026,
                "status": "active",
                "last_pulled": "2024-01-20T09:18:23.970516Z",
                "last_pushed": null
            }
        ],
        "last_updated": "2020-05-28T03:31:33.533324Z",
        "last_updater": 601605,
        "last_updater_username": "rancheriodhci",
        "name": "v3.8.9",
        "repository": 3817596,
        "full_size": 55546026,
        "v2": true,
        "tag_status": "active",
        "tag_last_pulled": "2024-01-20T09:18:23.970516Z",
        "tag_last_pushed": "2020-05-28T03:31:33.533324Z",
        "media_type": "application/vnd.docker.container.image.v1+json",
        "content_type": "image"
    }
]