[
    {
        "creator": 601605,
        "id": 144161756,
        "images": [
            {
                "architecture": "amd64",
                "features": "",
                "variant": null,
                "digest": "sha256:59eec8837a4d942cc19a52b8c09ea75121acc38114a2c68b98983ce9356b8610",
                "os": "linux",
                "os_features": "",
                "os_version": null,
                "size": 313363,
                "status": "active",
                "last_pulled": "2024-01-20T08:58:05.585313Z",
                "last_pushed": "2021-04-03T23:57:56.994321Z"
            },
            {
                "architecture": "amd64",
                "features": "",
                "variant": null,
                "digest": "sha256:f365626a556e58189fc21d099fc64603db0f440bff07f77c740989515c544a39",
                "os": "linux",
                "os_features": "",
                "os_version": null,
                "size": 260843,
                "status": "active",
                "last_pulled": "2024-01-20T06:17:21.104259Z",
                "last_pushed": "2021-04-03T23:58:00.424054Z"
            },
            {
                "architecture": "amd64",
                "features": "",
                "variant": null,
                "digest": "sha256:c84b0a3a07b628bc4d62e5047d0f8dff80f7c00979e1e28a821a033ecda8fe53",
                "os": "linux",
                "os_features": "",
                "os_version": null,
                "size": 220035,
                "status": "active",
                "last_pulled": "2024-01-20T07:30:08.628999Z",
                "last_pushed": "2021-04-03T23:58:04.513374Z"
            },
            {
                "architecture": "amd64",
                "features": "",
                "variant": null,
                "digest": "sha256:882a20ee0df7399a445285361d38b711c299ca093af978217112c73803546d5e",
                "os": "linux",
                "os_features": "",
                "os_version": null,
                "size": 291012,
                "status": "active",
                "last_pulled": "2024-01-20T06:17:20.59494Z",
                "last_pushed": "2021-11-12T17:31:45.396828Z"
            }
        ],
        "last_updated": "2022-02-17T18:36:30.14052Z",
        "last_updater": 601605,
        "last_updater_username": "rancheriodhci",
        "name": "3.1",
        "repository": 11844321,
        "full_size": 313363,
        "v2": true,
        "tag_status": "active",
        "tag_last_pulled": "2024-01-20T08:58:05.585313Z",
        "tag_last_pushed": "2022-02-17T18:36:30.14052Z",
        "media_type": "application/vnd.docker.distribution.manifest.list.v2+json",
        "content_type": "image"
    },
    {
        "creator": 601605,
        "id": 144161754,
        "images": [
            {
                "architecture": "amd64",
                "features": "",
                "variant": null,
                "digest": "sha256:59eec8837a4d942cc19a52b8c09ea75121acc38114a2c68b98983ce9356b8610",
                "os": "linux",
                "os_features": "",
                "os_version": null,
                "size": 313363,
                "status": "active",
                "last_pulled": "2024-01-20T08:58:05.585313Z",
                "last_pushed": "2021-04-03T23:57:56.994321Z"
            }
        ],
        "last_updated": "2021-04-03T23:57:56.994321Z",
        "last_updater": 601605,
        "last_updater_username": "rancheriodhci",
        "name": "3.1-amd64",
        "repository": 11844321,
        "full_size": 313363,
        "v2": true,
        "tag_status": "active",
        "tag_last_pulled": "2024-01-20T08:58:05.585313Z",
        "tag_last_pushed": "2021-04-03T23:57:56.994321Z",
        "media_type": "application/vnd.docker.container.image.v1+json",
        "content_type": "image"
    },
    {
        "creator": 601605,
        "id": 144161762,
        "images": [
            {
                "architecture": "amd64",
                "features": "",
                "variant": null,
                "digest": "sha256:c84b0a3a07b628bc4d62e5047d0f8dff80f7c00979e1e28a821a033ecda8fe53",
                "os": "linux",
                "os_features": "",
                "os_version": null,
                "size": 220035,
                "status": "active",
                "last_pulled": "2024-01-20T07:30:08.628999Z",
                "last_pushed": "2021-04-03T23:58:04.513374Z"
            }
        ],
        "last_updated": "2021-04-03T23:58:04.513374Z",
        "last_updater": 601605,
        "last_updater_username": "rancheriodhci",
        "name": "3.1-arm",
        "repository": 11844321,
        "full_size": 220035,
        "v2": true,
        "tag_status": "active",
        "tag_last_pulled": "2024-01-20T07:30:08.628999Z",
        "tag_last_pushed": "2021-04-03T23:58:04.513374Z",
        "media_type": "application/vnd.docker.container.image.v1+json",
        "content_type": "image"
    },
    {
        "creator": 601605,
        "id": 144161761,
        "images": [
            {
                "architecture": "amd64",
                "features": "",
                "variant": null,
                "digest": "sha256:f365626a556e58189fc21d099fc64603db0f440bff07f77c740989515c544a39",
                "os": "linux",
                "os_features": "",
                "os_version": null,
                "size": 260843,
                "status": "active",
                "last_pulled": "2024-01-20T06:17:21.104259Z",
                "last_pushed": "2021-04-03T23:58:00.424054Z"
            }
        ],
        "last_updated": "2021-04-03T23:58:00.424054Z",
        "last_updater": 601605,
        "last_updater_username": "rancheriodhci",
        "name": "3.1-arm64",
        "repository": 11844321,
        "full_size": 260843,
        "v2": true,
        "tag_status": "active",
        "tag_last_pulled": "2024-01-20T06:17:21.104259Z",
        "tag_last_pushed": "2021-04-03T23:58:00.424054Z",
        "media_type": "application/vnd.docker.container.image.v1+json",
        "content_type": "image"
    },
    {
        "creator": 601605,
        "id": 177143702,
        "images": [
            {
                "architecture": "amd64",
                "features": "",
                "variant": null,
                "digest": "sha256:882a20ee0df7399a445285361d38b711c299ca093af978217112c73803546d5e",
                "os": "linux",
                "os_features": "",
                "os_version": null,
                "size": 291012,
                "status": "active",
                "last_pulled": "2024-01-20T06:17:20.59494Z",
                "last_pushed": "2021-11-12T17:31:45.396828Z"
            }
        ],
        "last_updated": "2021-11-12T17:31:45.396828Z",
        "last_updater": 601605,
        "last_updater_username": "rancheriodhci",
        "name": "3.1-s390x",
        "repository": 11844321,
        "full_size": 291012,
        "v2": true,
        "tag_status": "active",
        "tag_last_pulled": "2024-01-20T06:17:20.59494Z",
        "tag_last_pushed": "2021-11-12T17:31:45.396828Z",
        "media_type": "application/vnd.docker.container.image.v1+json",
        "content_type": "image"
    },
    {
        "creator": 601605,
        "id": 144161764,
        "images": [
            {
                "architecture": "amd64",
                "features": "",
                "variant": null,
                "digest": "sha256:4a1c4b21597c1b4415bdbecb28a3296c6b5e23ca4f9feeb599860a1dac6a0108",
                "os": "linux",
                "os_features": "",
                "os_version": null,
                "size": 296534,
                "status": "active",
                "last_pulled": "2024-01-20T09:11:34.741435Z",
                "last_pushed": "2021-04-03T23:58:08.460709Z"
            },
            {
                "architecture": "arm64",
                "features": "",
                "variant": null,
                "digest": "sha256:31d3efd12022ffeffb3146bc10ae8beb890c80ed2f07363515580add7ed47636",
                "os": "linux",
                "os_features": "",
                "os_version": null,
                "size": 248295,
                "status": "active",
                "last_pulled": "2024-01-20T06:17:21.342343Z",
                "last_pushed": "2021-04-03T23:58:11.788812Z"
            },
            {
                "architecture": "arm",
                "features": "",
                "variant": "v7",
                "digest": "sha256:bbb7780ca6592cfc98e601f2a5e94bbf748a232f9116518643905aa30fc01642",
                "os": "linux",
                "os_features": "",
                "os_version": null,
                "size": 197266,
                "status": "active",
                "last_pulled": "2024-01-20T06:17:21.320036Z",
                "last_pushed": "2021-04-03T23:58:15.106583Z"
            },
            {
                "architecture": "s390x",
                "features": "",
                "variant": null,
                "digest": "sha256:1175fd4d728641115e2802be80abab108b8d9306442ce35425a4e8707ca60521",
                "os": "linux",
                "os_features": "",
                "os_version": null,
                "size": 244808,
                "status": "active",
                "last_pulled": "2024-01-20T06:17:20.611516Z",
                "last_pushed": "2021-11-12T17:31:52.741842Z"
            }
        ],
        "last_updated": "2022-02-17T18:36:34.503342Z",
        "last_updater": 601605,
        "last_updater_username": "rancheriodhci",
        "name": "3.2",
        "repository": 11844321,
        "full_size": 296534,
        "v2": true,
        "tag_status": "active",
        "tag_last_pulled": "2024-01-20T09:11:34.741435Z",
        "tag_last_pushed": "2022-02-17T18:36:34.503342Z",
        "media_type": "application/vnd.docker.distribution.manifest.list.v2+json",
        "content_type": "image"
    },
    {
        "creator": 601605,
        "id": 144161763,
        "images": [
            {
                "architecture": "amd64",
                "features": "",
                "variant": null,
                "digest": "sha256:4a1c4b21597c1b4415bdbecb28a3296c6b5e23ca4f9feeb599860a1dac6a0108",
                "os": "linux",
                "os_features": "",
                "os_version": null,
                "size": 296534,
                "status": "active",
                "last_pulled": "2024-01-20T09:11:34.741435Z",
                "last_pushed": "2021-04-03T23:58:08.460709Z"
            }
        ],
        "last_updated": "2021-04-03T23:58:08.460709Z",
        "last_updater": 601605,
        "last_updater_username": "rancheriodhci",
        "name": "3.2-amd64",
        "repository": 11844321,
        "full_size": 296534,
        "v2": true,
        "tag_status": "active",
        "tag_last_pulled": "2024-01-20T09:11:34.741435Z",
        "tag_last_pushed": "2021-04-03T23:58:08.460709Z",
        "media_type": "application/vnd.docker.container.image.v1+json",
        "content_type": "image"
    },
    {
        "creator": 601605,
        "id": 144161767,
        "images": [
            {
                "architecture": "arm",
                "features": "",
                "variant": null,
                "digest": "sha256:bbb7780ca6592cfc98e601f2a5e94bbf748a232f9116518643905aa30fc01642",
                "os": "linux",
                "os_features": "",
                "os_version": null,
                "size": 197266,
                "status": "active",
                "last_pulled": "2024-01-20T06:17:21.320036Z",
                "last_pushed": "2021-04-03T23:58:15.106583Z"
            }
        ],
        "last_updated": "2021-04-03T23:58:15.106583Z",
        "last_updater": 601605,
        "last_updater_username": "rancheriodhci",
        "name": "3.2-arm",
        "repository": 11844321,
        "full_size": 197266,
        "v2": true,
        "tag_status": "active",
        "tag_last_pulled": "2024-01-20T06:17:21.320036Z",
        "tag_last_pushed": "2021-04-03T23:58:15.106583Z",
        "media_type": "application/vnd.docker.container.image.v1+json",
        "content_type": "image"
    },
    {
        "creator": 601605,
        "id": 144161765,
        "images": [
            {
                "architecture": "arm64",
                "features": "",
                "variant": null,
                "digest": "sha256:31d3efd12022ffeffb3146bc10ae8beb890c80ed2f07363515580add7ed47636",
                "os": "linux",
                "os_features": "",
                "os_version": null,
                "size": 248295,
                "status": "active",
                "last_pulled": "2024-01-20T06:17:21.342343Z",
                "last_pushed": "2021-04-03T23:58:11.788812Z"
            }
        ],
        "last_updated": "2021-04-03T23:58:11.788812Z",
        "last_updater": 601605,
        "last_updater_username": "rancheriodhci",
        "name": "3.2-arm64",
        "repository": 11844321,
        "full_size": 248295,
        "v2": true,
        "tag_status": "active",
        "tag_last_pulled": "2024-01-20T06:17:21.342343Z",
        "tag_last_pushed": "2021-04-03T23:58:11.788812Z",
        "media_type": "application/vnd.docker.container.image.v1+json",
        "content_type": "image"
    },
    {
        "creator": 601605,
        "id": 177143722,
        "images": [
            {
                "architecture": "s390x",
                "features": "",
                "variant": null,
                "digest": "sha256:1175fd4d728641115e2802be80abab108b8d9306442ce35425a4e8707ca60521",
                "os": "linux",
                "os_features": "",
                "os_version": null,
                "size": 244808,
                "status": "active",
                "last_pulled": "2024-01-20T06:17:20.611516Z",
                "last_pushed": "2021-11-12T17:31:52.741842Z"
            }
        ],
        "last_updated": "2021-11-12T17:31:52.741842Z",
        "last_updater": 601605,
        "last_updater_username": "rancheriodhci",
        "name": "3.2-s390x",
        "repository": 11844321,
        "full_size": 244808,
        "v2": true,
        "tag_status": "active",
        "tag_last_pulled": "2024-01-20T06:17:20.611516Z",
        "tag_last_pushed": "2021-11-12T17:31:52.741842Z",
        "media_type": "application/vnd.docker.container.image.v1+json",
        "content_type": "image"
    },
    {
        "creator": 601605,
        "id": 149138396,
        "images": [
            {
                "architecture": "amd64",
                "features": "",
                "variant": null,
                "digest": "sha256:bcf4eed258b46d55c344ab6415adf123570e7fe1e295812a52e8c4dacc8d8eca",
                "os": "windows",
                "os_features": "",
                "os_version": null,
                "size": 106979569,
                "status": "active",
                "last_pulled": "2024-01-19T22:19:36.866246Z",
                "last_pushed": "2024-01-19T22:19:36.59185Z"
            },
            {
                "architecture": "amd64",
                "features": "",
                "variant": null,
                "digest": "sha256:3d668206a76bd80c36f3b07baf255b69fb6d7643393b64605a06e9d1ac62f606",
                "os": "windows",
                "os_features": "",
                "os_version": null,
                "size": 106953355,
                "status": "active",
                "last_pulled": "2024-01-19T22:19:37.838273Z",
                "last_pushed": "2024-01-19T22:19:37.602812Z"
            },
            {
                "architecture": "amd64",
                "features": "",
                "variant": null,
                "digest": "sha256:3748d142b1fdceb3a1ce232c67030d9216fed186f09764630bbafd5c5feaa6f7",
                "os": "windows",
                "os_features": "",
                "os_version": null,
                "size": 104395214,
                "status": "active",
                "last_pulled": "2024-01-19T22:19:38.832629Z",
                "last_pushed": "2024-01-19T22:19:38.497772Z"
            },
            {
                "architecture": "amd64",
                "features": "",
                "variant": null,
                "digest": "sha256:bba23c4f756569ec5ff446bbcebd015f6e5ab97e53b853b0fdf23a0ef07560cd",
                "os": "windows",
                "os_features": "",
                "os_version": null,
                "size": 104275458,
                "status": "active",
                "last_pulled": "2024-01-19T22:19:39.670877Z",
                "last_pushed": "2024-01-19T22:19:39.313177Z"
            },
            {
                "architecture": "amd64",
                "features": "",
                "variant": null,
                "digest": "sha256:184010fdf8d44317f68c617f2f35a0a443a43d1eb765b1bf432f2a098c229b4c",
                "os": "windows",
                "os_features": "",
                "os_version": null,
                "size": 102746828,
                "status": "active",
                "last_pulled": "2024-01-19T22:19:40.368027Z",
                "last_pushed": "2024-01-19T22:19:40.16901Z"
            },
            {
                "architecture": "amd64",
                "features": "",
                "variant": null,
                "digest": "sha256:914e745e524aa94315a25b49a7fafc0aa395e332126930593225d7a513f5a6b2",
                "os": "linux",
                "os_features": "",
                "os_version": null,
                "size": 296521,
                "status": "active",
                "last_pulled": "2024-01-20T08:56:36.843434Z",
                "last_pushed": "2024-01-19T22:19:40.965216Z"
            },
            {
                "architecture": "arm64",
                "features": "",
                "variant": null,
                "digest": "sha256:e3da12d02952a9f87ffe8d193f8a5d85a218cf728bc4dc713b055c2c05d8b370",
                "os": "linux",
                "os_features": "",
                "os_version": null,
                "size": 248302,
                "status": "active",
                "last_pulled": "2024-01-20T06:17:21.696662Z",
                "last_pushed": "2021-05-10T21:30:56.936857Z"
            },
            {
                "architecture": "arm",
                "features": "",
                "variant": "v7",
                "digest": "sha256:7e75794fddb9fd40d97beda78e59d52dc36a19f4eac4907ba7c223c33411f9b3",
                "os": "linux",
                "os_features": "",
                "os_version": null,
                "size": 197251,
                "status": "active",
                "last_pulled": "2024-01-20T06:17:20.611262Z",
                "last_pushed": "2021-05-10T21:31:00.571694Z"
            },
            {
                "architecture": "s390x",
                "features": "",
                "variant": null,
                "digest": "sha256:7d0ee58b885765e7c0adde811dc95f25daa76c5650046e157aca72ce5ced9973",
                "os": "linux",
                "os_features": "",
                "os_version": null,
                "size": 244779,
                "status": "active",
                "last_pulled": "2024-01-20T06:17:21.022872Z",
                "last_pushed": "2021-11-12T17:39:10.404788Z"
            }
        ],
        "last_updated": "2022-02-17T18:42:57.119627Z",
        "last_updater": 601605,
        "last_updater_username": "rancheriodhci",
        "name": "3.4.1",
        "repository": 11844321,
        "full_size": 106979569,
        "v2": true,
        "tag_status": "active",
        "tag_last_pulled": "2024-01-20T08:56:36.843434Z",
        "tag_last_pushed": "2022-02-17T18:42:57.119627Z",
        "media_type": "application/vnd.docker.distribution.manifest.list.v2+json",
        "content_type": "image"
    },
    {
        "creator": 601605,
        "id": 149138546,
        "images": [
            {
                "architecture": "arm",
                "features": "",
                "variant": null,
                "digest": "sha256:7e75794fddb9fd40d97beda78e59d52dc36a19f4eac4907ba7c223c33411f9b3",
                "os": "linux",
                "os_features": "",
                "os_version": null,
                "size": 197251,
                "status": "active",
                "last_pulled": "2024-01-20T06:17:20.611262Z",
                "last_pushed": "2021-05-10T21:31:00.571694Z"
            }
        ],
        "last_updated": "2021-05-10T21:31:00.571694Z",
        "last_updater": 601605,
        "last_updater_username": "rancheriodhci",
        "name": "3.4.1-arm",
        "repository": 11844321,
        "full_size": 197251,
        "v2": true,
        "tag_status": "active",
        "tag_last_pulled": "2024-01-20T06:17:20.611262Z",
        "tag_last_pushed": "2021-05-10T21:31:00.571694Z",
        "media_type": "application/vnd.docker.container.image.v1+json",
        "content_type": "image"
    },
    {
        "creator": 601605,
        "id": 149138536,
        "images": [
            {
                "architecture": "arm64",
                "features": "",
                "variant": null,
                "digest": "sha256:e3da12d02952a9f87ffe8d193f8a5d85a218cf728bc4dc713b055c2c05d8b370",
                "os": "linux",
                "os_features": "",
                "os_version": null,
                "size": 248302,
                "status": "active",
                "last_pulled": "2024-01-20T06:17:21.696662Z",
                "last_pushed": "2021-05-10T21:30:56.936857Z"
            }
        ],
        "last_updated": "2021-05-10T21:30:56.936857Z",
        "last_updater": 601605,
        "last_updater_username": "rancheriodhci",
        "name": "3.4.1-arm64",
        "repository": 11844321,
        "full_size": 248302,
        "v2": true,
        "tag_status": "active",
        "tag_last_pulled": "2024-01-20T06:17:21.696662Z",
        "tag_last_pushed": "2021-05-10T21:30:56.936857Z",
        "media_type": "application/vnd.docker.container.image.v1+json",
        "content_type": "image"
    },
    {
        "creator": 601605,
        "id": 177144812,
        "images": [
            {
                "architecture": "s390x",
                "features": "",
                "variant": null,
                "digest": "sha256:7d0ee58b885765e7c0adde811dc95f25daa76c5650046e157aca72ce5ced9973",
                "os": "linux",
                "os_features": "",
                "os_version": null,
                "size": 244779,
                "status": "active",
                "last_pulled": "2024-01-20T06:17:21.022872Z",
                "last_pushed": "2021-11-12T17:39:10.404788Z"
            }
        ],
        "last_updated": "2021-11-12T17:39:10.404788Z",
        "last_updater": 601605,
        "last_updater_username": "rancheriodhci",
        "name": "3.4.1-s390x",
        "repository": 11844321,
        "full_size": 244779,
        "v2": true,
        "tag_status": "active",
        "tag_last_pulled": "2024-01-20T06:17:21.022872Z",
        "tag_last_pushed": "2021-11-12T17:39:10.404788Z",
        "media_type": "application/vnd.docker.container.image.v1+json",
        "content_type": "image"
    },
    {
        "creator": 601605,
        "id": 154610281,
        "images": [
            {
                "architecture": "amd64",
                "features": "",
                "variant": null,
                "digest": "sha256:b88a926ee1a2938c4b00fd608c2c50c8940a773ec6da2efae607094cc1cfe630",
                "os": "windows",
                "os_features": "",
                "os_version": null,
                "size": 106123661,
                "status": "active",
                "last_pulled": "2024-01-19T22:19:43.696997Z",
                "last_pushed": "2024-01-19T22:19:43.447399Z"
            },
            {
                "architecture": "amd64",
                "features": "",
                "variant": null,
                "digest": "sha256:125398e3148d6038354f8d623b9005ede3a3f83d0c685a8bd9b669a03d52639a",
                "os": "windows",
                "os_features": "",
                "os_version": null,
                "size": 106111096,
                "status": "active",
                "last_pulled": "2024-01-19T22:19:44.640952Z",
                "last_pushed": "2024-01-19T22:19:44.424455Z"
            },
            {
                "architecture": "amd64",
                "features": "",
                "variant": null,
                "digest": "sha256:8c0853e6c27bb685dd2ff57616c122dd7265e150502ea8083010281621d404cb",
                "os": "windows",
                "os_features": "",
                "os_version": null,
                "size": 103552771,
                "status": "active",
                "last_pulled": "2024-01-19T22:19:45.516982Z",
                "last_pushed": "2024-01-19T22:19:45.225421Z"
            },
            {
                "architecture": "amd64",
                "features": "",
                "variant": null,
                "digest": "sha256:40ba27d6c61be49daebcd869d86d4f9f2b499b4d1feb606ee530dd4f86dedf6c",
                "os": "windows",
                "os_features": "",
                "os_version": null,
                "size": 104275474,
                "status": "active",
                "last_pulled": "2024-01-19T22:19:46.344296Z",
                "last_pushed": "2024-01-19T22:19:46.004167Z"
            },
            {
                "architecture": "amd64",
                "features": "",
                "variant": null,
                "digest": "sha256:f3c77e5959c2e376825fc9b7cb5e591f5837792d1bf18de0119a46b6a98ea9d9",
                "os": "windows",
                "os_features": "",
                "os_version": null,
                "size": 102796718,
                "status": "active",
                "last_pulled": "2024-01-19T22:19:47.123904Z",
                "last_pushed": "2024-01-19T22:19:46.805456Z"
            },
            {
                "architecture": "amd64",
                "features": "",
                "variant": null,
                "digest": "sha256:369201a612f7b2b585a8e6ca99f77a36bcdbd032463d815388a96800b63ef2c8",
                "os": "linux",
                "os_features": "",
                "os_version": null,
                "size": 296517,
                "status": "active",
                "last_pulled": "2024-01-20T09:19:44.039092Z",
                "last_pushed": "2024-01-19T22:19:47.541054Z"
            },
            {
                "architecture": "arm64",
                "features": "",
                "variant": null,
                "digest": "sha256:76ca2030ac3433ab5bbcfdea286b0876b129fc276e0f9d2811674141ea7bab6b",
                "os": "linux",
                "os_features": "",
                "os_version": null,
                "size": 248297,
                "status": "active",
                "last_pulled": "2024-01-20T06:17:20.619944Z",
                "last_pushed": "2021-06-17T18:56:51.336078Z"
            },
            {
                "architecture": "arm",
                "features": "",
                "variant": "v7",
                "digest": "sha256:94ee124c4b0ca7c1315c06c31532f78a929051ae8da7f122f905b2cbbfb1ecba",
                "os": "linux",
                "os_features": "",
                "os_version": null,
                "size": 197250,
                "status": "active",
                "last_pulled": "2024-01-20T06:17:21.525554Z",
                "last_pushed": "2021-06-17T18:56:54.582167Z"
            },
            {
                "architecture": "s390x",
                "features": "",
                "variant": null,
                "digest": "sha256:fc5aae77765f7f26f729bad7bfb3cef1bf4e9260d616d173af4506b4f9fc63d3",
                "os": "linux",
                "os_features": "",
                "os_version": null,
                "size": 244775,
                "status": "active",
                "last_pulled": "2024-01-20T06:17:21.07294Z",
                "last_pushed": "2021-11-12T17:39:27.309756Z"
            }
        ],
        "last_updated": "2022-02-17T18:43:11.094129Z",
        "last_updater": 601605,
        "last_updater_username": "rancheriodhci",
        "name": "3.5",
        "repository": 11844321,
        "full_size": 106123661,
        "v2": true,
        "tag_status": "active",
        "tag_last_pulled": "2024-01-20T09:19:44.039092Z",
        "tag_last_pushed": "2022-02-17T18:43:11.094129Z",
        "media_type": "application/vnd.docker.distribution.manifest.list.v2+json",
        "content_type": "image"
    },
    {
        "creator": 601605,
        "id": 154610351,
        "images": [
            {
                "architecture": "arm",
                "features": "",
                "variant": null,
                "digest": "sha256:94ee124c4b0ca7c1315c06c31532f78a929051ae8da7f122f905b2cbbfb1ecba",
                "os": "linux",
                "os_features": "",
                "os_version": null,
                "size": 197250,
                "status": "active",
                "last_pulled": "2024-01-20T06:17:21.525554Z",
                "last_pushed": "2021-06-17T18:56:54.582167Z"
            }
        ],
        "last_updated": "2021-06-17T18:56:54.582167Z",
        "last_updater": 601605,
        "last_updater_username": "rancheriodhci",
        "name": "3.5-arm",
        "repository": 11844321,
        "full_size": 197250,
        "v2": true,
        "tag_status": "active",
        "tag_last_pulled": "2024-01-20T06:17:21.525554Z",
        "tag_last_pushed": "2021-06-17T18:56:54.582167Z",
        "media_type": "application/vnd.docker.container.image.v1+json",
        "content_type": "image"
    },
    {
        "creator": 601605,
        "id": 154610343,
        "images": [
            {
                "architecture": "arm64",
                "features": "",
                "variant": null,
                "digest": "sha256:76ca2030ac3433ab5bbcfdea286b0876b129fc276e0f9d2811674141ea7bab6b",
                "os": "linux",
                "os_features": "",
                "os_version": null,
                "size": 248297,
                "status": "active",
                "last_pulled": "2024-01-20T06:17:20.619944Z",
                "last_pushed": "2021-06-17T18:56:51.336078Z"
            }
        ],
        "last_updated": "2021-06-17T18:56:51.336078Z",
        "last_updater": 601605,
        "last_updater_username": "rancheriodhci",
        "name": "3.5-arm64",
        "repository": 11844321,
        "full_size": 248297,
        "v2": true,
        "tag_status": "active",
        "tag_last_pulled": "2024-01-20T06:17:20.619944Z",
        "tag_last_pushed": "2021-06-17T18:56:51.336078Z",
        "media_type": "application/vnd.docker.container.image.v1+json",
        "content_type": "image"
    },
    {
        "creator": 601605,
        "id": 177144860,
        "images": [
            {
                "architecture": "s390x",
                "features": "",
                "variant": null,
                "digest": "sha256:fc5aae77765f7f26f729bad7bfb3cef1bf4e9260d616d173af4506b4f9fc63d3",
                "os": "linux",
                "os_features": "",
                "os_version": null,
                "size": 244775,
                "status": "active",
                "last_pulled": "2024-01-20T06:17:21.07294Z",
                "last_pushed": "2021-11-12T17:39:27.309756Z"
            }
        ],
        "last_updated": "2021-11-12T17:39:27.309756Z",
        "last_updater": 601605,
        "last_updater_username": "rancheriodhci",
        "name": "3.5-s390x",
        "repository": 11844321,
        "full_size": 244775,
        "v2": true,
        "tag_status": "active",
        "tag_last_pulled": "2024-01-20T06:17:21.07294Z",
        "tag_last_pushed": "2021-11-12T17:39:27.309756Z",
        "media_type": "application/vnd.docker.container.image.v1+json",
        "content_type": "image"
    },
    {
        "creator": 601605,
        "id": 176368735,
        "images": [
            {
                "architecture": "amd64",
                "features": "",
                "variant": null,
                "digest": "sha256:0fe79da57a2637b5644b904fa5436fbf09acfed4e9ccb28c08ecb651d26e2a13",
                "os": "windows",
                "os_features": "",
                "os_version": null,
                "size": 119391124,
                "status": "active",
                "last_pulled": "2024-01-20T05:55:36.285753Z",
                "last_pushed": "2024-01-19T22:19:49.821086Z"
            },
            {
                "architecture": "amd64",
                "features": "",
                "variant": null,
                "digest": "sha256:3de70473affc7c64046ebfd5933f986810ec791062169463b9208dd29bc3f64f",
                "os": "windows",
                "os_features": "",
                "os_version": null,
                "size": 106701410,
                "status": "active",
                "last_pulled": "2024-01-20T05:55:38.821361Z",
                "last_pushed": "2024-01-19T22:19:50.595497Z"
            },
            {
                "architecture": "amd64",
                "features": "",
                "variant": null,
                "digest": "sha256:52cf31e3e72d7f39430c5f627c334dc27b14d90c39f06397e310082bd1bab8e0",
                "os": "windows",
                "os_features": "",
                "os_version": null,
                "size": 106667390,
                "status": "active",
                "last_pulled": "2024-01-20T05:55:40.774517Z",
                "last_pushed": "2024-01-19T22:19:51.417174Z"
            },
            {
                "architecture": "amd64",
                "features": "",
                "variant": null,
                "digest": "sha256:68152fc548cf9eba6974d607691dea45837bd939ddfe23758f73e55411abeb8d",
                "os": "windows",
                "os_features": "",
                "os_version": null,
                "size": 103555455,
                "status": "active",
                "last_pulled": "2024-01-20T05:55:42.600784Z",
                "last_pushed": "2024-01-19T22:19:52.16835Z"
            },
            {
                "architecture": "amd64",
                "features": "",
                "variant": null,
                "digest": "sha256:1d54a4311989cea19b8c22d87c2e8d63311c9677d4776a1c7197782c1f9a7717",
                "os": "windows",
                "os_features": "",
                "os_version": null,
                "size": 104279834,
                "status": "active",
                "last_pulled": "2024-01-20T05:55:44.452925Z",
                "last_pushed": "2024-01-19T22:19:53.15619Z"
            },
            {
                "architecture": "amd64",
                "features": "",
                "variant": null,
                "digest": "sha256:5772746bf2e9851e12ed01e4fa3b7ef6577cedaaf5665aedec589f4503f9e929",
                "os": "windows",
                "os_features": "",
                "os_version": null,
                "size": 104152309,
                "status": "active",
                "last_pulled": "2024-01-20T05:55:46.634587Z",
                "last_pushed": "2024-01-19T22:19:53.988298Z"
            },
            {
                "architecture": "amd64",
                "features": "",
                "variant": null,
                "digest": "sha256:c2280d2f5f56cf9c9a01bb64b2db4651e35efd6d62a54dcfc12049fe6449c5e4",
                "os": "linux",
                "os_features": "",
                "os_version": null,
                "size": 296517,
                "status": "active",
                "last_pulled": "2024-01-20T09:29:58.404517Z",
                "last_pushed": "2024-01-19T22:19:54.757417Z"
            },
            {
                "architecture": "arm64",
                "features": "",
                "variant": null,
                "digest": "sha256:fd05cc99606e9180b261362fb625dc3759fc57cbb6f6bd4fecccec64cc85ddfd",
                "os": "linux",
                "os_features": "",
                "os_version": null,
                "size": 248297,
                "status": "active",
                "last_pulled": "2024-01-20T09:24:43.827797Z",
                "last_pushed": "2021-11-08T21:24:08.538773Z"
            },
            {
                "architecture": "arm",
                "features": "",
                "variant": "v7",
                "digest": "sha256:1a5a920c09b7af153b7ab8240b25db38a07ddc8c479b54186a2a7a7635259aa3",
                "os": "linux",
                "os_features": "",
                "os_version": null,
                "size": 197251,
                "status": "active",
                "last_pulled": "2024-01-20T05:55:49.228153Z",
                "last_pushed": "2021-11-08T21:24:11.903723Z"
            },
            {
                "architecture": "s390x",
                "features": "",
                "variant": null,
                "digest": "sha256:afdb0ff883edd576639aca0139c0159902eb20a605477eb18a76491a7b794864",
                "os": "linux",
                "os_features": "",
                "os_version": null,
                "size": 244777,
                "status": "active",
                "last_pulled": "2024-01-20T05:55:49.855492Z",
                "last_pushed": "2021-11-12T17:39:46.744287Z"
            }
        ],
        "last_updated": "2022-02-17T18:43:26.710736Z",
        "last_updater": 601605,
        "last_updater_username": "rancheriodhci",
        "name": "3.6",
        "repository": 11844321,
        "full_size": 119391124,
        "v2": true,
        "tag_status": "active",
        "tag_last_pulled": "2024-01-20T09:29:58.404517Z",
        "tag_last_pushed": "2022-02-17T18:43:26.710736Z",
        "media_type": "application/vnd.docker.distribution.manifest.list.v2+json",
        "content_type": "image"
    },
    {
        "creator": 601605,
        "id": 176368877,
        "images": [
            {
                "architecture": "arm",
                "features": "",
                "variant": null,
                "digest": "sha256:1a5a920c09b7af153b7ab8240b25db38a07ddc8c479b54186a2a7a7635259aa3",
                "os": "linux",
                "os_features": "",
                "os_version": null,
                "size": 197251,
                "status": "active",
                "last_pulled": "2024-01-20T05:55:49.228153Z",
                "last_pushed": "2021-11-08T21:24:11.903723Z"
            }
        ],
        "last_updated": "2021-11-08T21:24:11.903723Z",
        "last_updater": 601605,
        "last_updater_username": "rancheriodhci",
        "name": "3.6-arm",
        "repository": 11844321,
        "full_size": 197251,
        "v2": true,
        "tag_status": "active",
        "tag_last_pulled": "2024-01-20T05:55:49.228153Z",
        "tag_last_pushed": "2021-11-08T21:24:11.903723Z",
        "media_type": "application/vnd.docker.container.image.v1+json",
        "content_type": "image"
    },
    {
        "creator": 601605,
        "id": 176368868,
        "images": [
            {
                "architecture": "arm64",
                "features": "",
                "variant": null,
                "digest": "sha256:fd05cc99606e9180b261362fb625dc3759fc57cbb6f6bd4fecccec64cc85ddfd",
                "os": "linux",
                "os_features": "",
                "os_version": null,
                "size": 248297,
                "status": "active",
                "last_pulled": "2024-01-20T09:24:43.827797Z",
                "last_pushed": "2021-11-08T21:24:08.538773Z"
            }
        ],
        "last_updated": "2021-11-08T21:24:08.538773Z",
        "last_updater": 601605,
        "last_updater_username": "rancheriodhci",
        "name": "3.6-arm64",
        "repository": 11844321,
        "full_size": 248297,
        "v2": true,
        "tag_status": "active",
        "tag_last_pulled": "2024-01-20T09:24:43.827797Z",
        "tag_last_pushed": "2021-11-08T21:24:08.538773Z",
        "media_type": "application/vnd.docker.container.image.v1+json",
        "content_type": "image"
    },
    {
        "creator": 601605,
        "id": 177144901,
        "images": [
            {
                "architecture": "s390x",
                "features": "",
                "variant": null,
                "digest": "sha256:afdb0ff883edd576639aca0139c0159902eb20a605477eb18a76491a7b794864",
                "os": "linux",
                "os_features": "",
                "os_version": null,
                "size": 244777,
                "status": "active",
                "last_pulled": "2024-01-20T05:55:49.855492Z",
                "last_pushed": "2021-11-12T17:39:46.744287Z"
            }
        ],
        "last_updated": "2021-11-12T17:39:46.744287Z",
        "last_updater": 601605,
        "last_updater_username": "rancheriodhci",
        "name": "3.6-s390x",
        "repository": 11844321,
        "full_size": 244777,
        "v2": true,
        "tag_status": "active",
        "tag_last_pulled": "2024-01-20T05:55:49.855492Z",
        "tag_last_pushed": "2021-11-12T17:39:46.744287Z",
        "media_type": "application/vnd.docker.container.image.v1+json",
        "content_type": "image"
    }
]