{
  "vulnerabilities": [
    {
      "id": "SNYK-AMZN2-NSS-6229002",
      "cpes": [],
      "title": "Heap-based Buffer Overflow",
      "CVSSv3": "CVSS:3.1/AV:N/AC:L/PR:N/UI:N/S:U/C:L/I:L/A:L",
      "credit": [
        ""
      ],
      "semver": {
        "vulnerable": [
          "<0:3.90.0-2.amzn2.0.2"
        ]
      },
      "exploit": "Not Defined",
      "fixedIn": [
        "0:3.90.0-2.amzn2.0.2"
      ],
      "patches": [],
      "insights": {
        "triageAdvice": null
      },
      "language": "linux",
      "severity": "high",
      "cvssScore": 7.3,
      "malicious": false,
      "isDisputed": false,
      "references": [
        {
          "url": "http://cve.mitre.org/cgi-bin/cvename.cgi?name=CVE-2023-7104",
          "title": "http://cve.mitre.org/cgi-bin/cvename.cgi?name=CVE-2023-7104"
        },
        {
          "url": "https://sqlite.org/forum/forumpost/5bcbf4571c",
          "title": "https://sqlite.org/forum/forumpost/5bcbf4571c"
        },
        {
          "url": "https://sqlite.org/src/info/0e4e7a05c4204b47",
          "title": "https://sqlite.org/src/info/0e4e7a05c4204b47"
        },
        {
          "url": "https://vuldb.com/?ctiid.248999",
          "title": "https://vuldb.com/?ctiid.248999"
        },
        {
          "url": "https://vuldb.com/?id.248999",
          "title": "https://vuldb.com/?id.248999"
        },
        {
          "url": "https://lists.fedoraproject.org/archives/list/package-announce@lists.fedoraproject.org/message/D6C2HN4T2S6GYNTAUXLH45LQZHK7QPHP/",
          "title": "https://lists.fedoraproject.org/archives/list/package-announce@lists.fedoraproject.org/message/D6C2HN4T2S6GYNTAUXLH45LQZHK7QPHP/"
        },
        {
          "url": "https://lists.fedoraproject.org/archives/list/package-announce@lists.fedoraproject.org/message/AYONA2XSNFMXLAW4IHLFI5UVV3QRNG5K/",
          "title": "https://lists.fedoraproject.org/archives/list/package-announce@lists.fedoraproject.org/message/AYONA2XSNFMXLAW4IHLFI5UVV3QRNG5K/"
        },
        {
          "url": "https://security.netapp.com/advisory/ntap-20240112-0008/",
          "title": "https://security.netapp.com/advisory/ntap-20240112-0008/"
        }
      ],
      "cvssDetails": [
        {
          "assigner": "Red Hat",
          "severity": "high",
          "cvssV3Vector": "CVSS:3.1/AV:N/AC:L/PR:N/UI:N/S:U/C:L/I:L/A:L",
          "cvssV3BaseScore": 7.3,
          "modificationTime": "2024-01-08T14:03:26.286492Z"
        },
        {
          "assigner": "NVD",
          "severity": "high",
          "cvssV3Vector": "CVSS:3.1/AV:N/AC:L/PR:N/UI:N/S:U/C:L/I:L/A:L",
          "cvssV3BaseScore": 7.3,
          "modificationTime": "2024-01-09T01:10:59.905392Z"
        }
      ],
      "description": "## NVD Description\n**_Note:_** _Versions mentioned in the description apply only to the upstream `nss` package and not the `nss` package as distributed by `Amazon-Linux`._\n_See `How to fix?` for `Amazon-Linux:2` relevant fixed versions and status._\n\nA vulnerability was found in SQLite SQLite3 up to 3.43.0 and classified as critical. This issue affects the function sessionReadRecord of the file ext/session/sqlite3session.c of the component make alltest Handler. The manipulation leads to heap-based buffer overflow. It is recommended to apply a patch to fix this issue. The associated identifier of this vulnerability is VDB-248999.\n## Remediation\nUpgrade `Amazon-Linux:2` `nss` to version 0:3.90.0-2.amzn2.0.2 or higher.  \nThis issue was patched in `ALAS2-2024-2442`.\n## References\n- [CVE-2023-7104](http://cve.mitre.org/cgi-bin/cvename.cgi?name=CVE-2023-7104)\n- [cna@vuldb.com](https://sqlite.org/forum/forumpost/5bcbf4571c)\n- [cna@vuldb.com](https://sqlite.org/src/info/0e4e7a05c4204b47)\n- [cna@vuldb.com](https://vuldb.com/?ctiid.248999)\n- [cna@vuldb.com](https://vuldb.com/?id.248999)\n- [cna@vuldb.com](https://lists.fedoraproject.org/archives/list/package-announce@lists.fedoraproject.org/message/D6C2HN4T2S6GYNTAUXLH45LQZHK7QPHP/)\n- [cna@vuldb.com](https://lists.fedoraproject.org/archives/list/package-announce@lists.fedoraproject.org/message/AYONA2XSNFMXLAW4IHLFI5UVV3QRNG5K/)\n- [cna@vuldb.com](https://security.netapp.com/advisory/ntap-20240112-0008/)\n",
      "epssDetails": {
        "percentile": "0.46811",
        "probability": "0.00131",
        "modelVersion": "v2023.03.01"
      },
      "identifiers": {
        "CVE": [
          "CVE-2023-7104"
        ],
        "CWE": [
          "CWE-122"
        ],
        "ALAS2": [
          "ALAS2-2024-2442"
        ],
        "ALTERNATIVE": []
      },
      "nvdSeverity": "high",
      "packageName": "nss",
      "creationTime": "2024-02-06T10:23:49.940322Z",
      "disclosureTime": "2023-12-29T10:15:13.890000Z",
      "packageManager": "amzn:2",
      "publicationTime": "2024-02-06T10:23:49.945575Z",
      "modificationTime": "2024-02-08T09:35:50.692003Z",
      "socialTrendAlert": false,
      "relativeImportance": "important",
      "severityWithCritical": "high",
      "from": [
        "docker-image|amazon/aws-for-fluent-bit@latest",
        "nss@3.90.0-2.amzn2.0.1"
      ],
      "upgradePath": [
        false,
        "nss@0:3.90.0-2.amzn2.0.2"
      ],
      "isUpgradable": true,
      "isPatchable": false,
      "name": "nss",
      "version": "3.90.0-2.amzn2.0.1",
      "nearestFixedInVersion": "0:3.90.0-2.amzn2.0.2",
      "dockerBaseImage": "amazonlinux:2.0.20240109.0"
    },
    {
      "id": "SNYK-AMZN2-NSSSOFTOKN-6253788",
      "cpes": [],
      "title": "Information Exposure",
      "CVSSv3": "CVSS:3.1/AV:N/AC:L/PR:N/UI:R/S:U/C:L/I:N/A:N",
      "credit": [
        ""
      ],
      "semver": {
        "vulnerable": [
          "<0:3.90.0-6.amzn2.0.2"
        ]
      },
      "exploit": "Not Defined",
      "fixedIn": [
        "0:3.90.0-6.amzn2.0.2"
      ],
      "patches": [],
      "insights": {
        "triageAdvice": null
      },
      "language": "linux",
      "severity": "medium",
      "cvssScore": 4.3,
      "malicious": false,
      "isDisputed": false,
      "references": [
        {
          "url": "http://cve.mitre.org/cgi-bin/cvename.cgi?name=CVE-2023-6135",
          "title": "http://cve.mitre.org/cgi-bin/cvename.cgi?name=CVE-2023-6135"
        },
        {
          "url": "https://bugzilla.mozilla.org/show_bug.cgi?id=1853908",
          "title": "https://bugzilla.mozilla.org/show_bug.cgi?id=1853908"
        },
        {
          "url": "https://www.mozilla.org/security/advisories/mfsa2023-56/",
          "title": "https://www.mozilla.org/security/advisories/mfsa2023-56/"
        },
        {
          "url": "https://security.gentoo.org/glsa/202401-10",
          "title": "https://security.gentoo.org/glsa/202401-10"
        }
      ],
      "cvssDetails": [
        {
          "assigner": "Red Hat",
          "severity": "medium",
          "cvssV3Vector": "CVSS:3.1/AV:N/AC:L/PR:N/UI:R/S:U/C:L/I:N/A:N",
          "cvssV3BaseScore": 4.3,
          "modificationTime": "2024-01-25T13:57:48.977845Z"
        },
        {
          "assigner": "NVD",
          "severity": "medium",
          "cvssV3Vector": "CVSS:3.1/AV:N/AC:L/PR:N/UI:R/S:U/C:L/I:N/A:N",
          "cvssV3BaseScore": 4.3,
          "modificationTime": "2023-12-22T13:11:13.143913Z"
        }
      ],
      "description": "## NVD Description\n**_Note:_** _Versions mentioned in the description apply only to the upstream `nss-softokn` package and not the `nss-softokn` package as distributed by `Amazon-Linux`._\n_See `How to fix?` for `Amazon-Linux:2` relevant fixed versions and status._\n\nMultiple NSS NIST curves were susceptible to a side-channel attack known as &#34;Minerva&#34;. This attack could potentially allow an attacker to recover the private key. This vulnerability affects Firefox &lt; 121.\n## Remediation\nUpgrade `Amazon-Linux:2` `nss-softokn` to version 0:3.90.0-6.amzn2.0.2 or higher.  \nThis issue was patched in `ALAS2-2024-2456`.\n## References\n- [CVE-2023-6135](http://cve.mitre.org/cgi-bin/cvename.cgi?name=CVE-2023-6135)\n- [security@mozilla.org](https://bugzilla.mozilla.org/show_bug.cgi?id=1853908)\n- [security@mozilla.org](https://www.mozilla.org/security/advisories/mfsa2023-56/)\n- [security@mozilla.org](https://security.gentoo.org/glsa/202401-10)\n",
      "epssDetails": {
        "percentile": "0.17646",
        "probability": "0.00052",
        "modelVersion": "v2023.03.01"
      },
      "identifiers": {
        "CVE": [
          "CVE-2023-6135"
        ],
        "CWE": [
          "CWE-200"
        ],
        "ALAS2": [
          "ALAS2-2024-2456"
        ],
        "ALTERNATIVE": []
      },
      "nvdSeverity": "medium",
      "packageName": "nss-softokn",
      "creationTime": "2024-02-20T10:00:04.267732Z",
      "disclosureTime": "2023-12-19T14:15:07.143000Z",
      "packageManager": "amzn:2",
      "publicationTime": "2024-02-20T10:00:04.284992Z",
      "modificationTime": "2024-02-20T10:00:04.285159Z",
      "socialTrendAlert": false,
      "relativeImportance": "medium",
      "severityWithCritical": "medium",
      "from": [
        "docker-image|amazon/aws-for-fluent-bit@latest",
        "nss-softokn@3.90.0-6.amzn2.0.1"
      ],
      "upgradePath": [
        false,
        "nss-softokn@0:3.90.0-6.amzn2.0.2"
      ],
      "isUpgradable": true,
      "isPatchable": false,
      "name": "nss-softokn",
      "version": "3.90.0-6.amzn2.0.1",
      "nearestFixedInVersion": "0:3.90.0-6.amzn2.0.2",
      "dockerBaseImage": "amazonlinux:2.0.20240109.0"
    },
    {
      "id": "SNYK-AMZN2-NSSSOFTOKNFREEBL-6253909",
      "cpes": [],
      "title": "Information Exposure",
      "CVSSv3": "CVSS:3.1/AV:N/AC:L/PR:N/UI:R/S:U/C:L/I:N/A:N",
      "credit": [
        ""
      ],
      "semver": {
        "vulnerable": [
          "<0:3.90.0-6.amzn2.0.2"
        ]
      },
      "exploit": "Not Defined",
      "fixedIn": [
        "0:3.90.0-6.amzn2.0.2"
      ],
      "patches": [],
      "insights": {
        "triageAdvice": null
      },
      "language": "linux",
      "severity": "medium",
      "cvssScore": 4.3,
      "malicious": false,
      "isDisputed": false,
      "references": [
        {
          "url": "http://cve.mitre.org/cgi-bin/cvename.cgi?name=CVE-2023-6135",
          "title": "http://cve.mitre.org/cgi-bin/cvename.cgi?name=CVE-2023-6135"
        },
        {
          "url": "https://bugzilla.mozilla.org/show_bug.cgi?id=1853908",
          "title": "https://bugzilla.mozilla.org/show_bug.cgi?id=1853908"
        },
        {
          "url": "https://www.mozilla.org/security/advisories/mfsa2023-56/",
          "title": "https://www.mozilla.org/security/advisories/mfsa2023-56/"
        },
        {
          "url": "https://security.gentoo.org/glsa/202401-10",
          "title": "https://security.gentoo.org/glsa/202401-10"
        }
      ],
      "cvssDetails": [
        {
          "assigner": "Red Hat",
          "severity": "medium",
          "cvssV3Vector": "CVSS:3.1/AV:N/AC:L/PR:N/UI:R/S:U/C:L/I:N/A:N",
          "cvssV3BaseScore": 4.3,
          "modificationTime": "2024-01-25T13:57:48.977845Z"
        },
        {
          "assigner": "NVD",
          "severity": "medium",
          "cvssV3Vector": "CVSS:3.1/AV:N/AC:L/PR:N/UI:R/S:U/C:L/I:N/A:N",
          "cvssV3BaseScore": 4.3,
          "modificationTime": "2023-12-22T13:11:13.143913Z"
        }
      ],
      "description": "## NVD Description\n**_Note:_** _Versions mentioned in the description apply only to the upstream `nss-softokn-freebl` package and not the `nss-softokn-freebl` package as distributed by `Amazon-Linux`._\n_See `How to fix?` for `Amazon-Linux:2` relevant fixed versions and status._\n\nMultiple NSS NIST curves were susceptible to a side-channel attack known as &#34;Minerva&#34;. This attack could potentially allow an attacker to recover the private key. This vulnerability affects Firefox &lt; 121.\n## Remediation\nUpgrade `Amazon-Linux:2` `nss-softokn-freebl` to version 0:3.90.0-6.amzn2.0.2 or higher.  \nThis issue was patched in `ALAS2-2024-2456`.\n## References\n- [CVE-2023-6135](http://cve.mitre.org/cgi-bin/cvename.cgi?name=CVE-2023-6135)\n- [security@mozilla.org](https://bugzilla.mozilla.org/show_bug.cgi?id=1853908)\n- [security@mozilla.org](https://www.mozilla.org/security/advisories/mfsa2023-56/)\n- [security@mozilla.org](https://security.gentoo.org/glsa/202401-10)\n",
      "epssDetails": {
        "percentile": "0.17646",
        "probability": "0.00052",
        "modelVersion": "v2023.03.01"
      },
      "identifiers": {
        "CVE": [
          "CVE-2023-6135"
        ],
        "CWE": [
          "CWE-200"
        ],
        "ALAS2": [
          "ALAS2-2024-2456"
        ],
        "ALTERNATIVE": []
      },
      "nvdSeverity": "medium",
      "packageName": "nss-softokn-freebl",
      "creationTime": "2024-02-20T10:03:49.892388Z",
      "disclosureTime": "2023-12-19T14:15:07.143000Z",
      "packageManager": "amzn:2",
      "publicationTime": "2024-02-20T10:03:49.897578Z",
      "modificationTime": "2024-02-20T10:03:49.897773Z",
      "socialTrendAlert": false,
      "relativeImportance": "medium",
      "severityWithCritical": "medium",
      "from": [
        "docker-image|amazon/aws-for-fluent-bit@latest",
        "nss-softokn-freebl@3.90.0-6.amzn2.0.1"
      ],
      "upgradePath": [
        false,
        "nss-softokn-freebl@0:3.90.0-6.amzn2.0.2"
      ],
      "isUpgradable": true,
      "isPatchable": false,
      "name": "nss-softokn-freebl",
      "version": "3.90.0-6.amzn2.0.1",
      "nearestFixedInVersion": "0:3.90.0-6.amzn2.0.2",
      "dockerBaseImage": "amazonlinux:2.0.20240109.0"
    },
    {
      "id": "SNYK-AMZN2-NSSSYSINIT-6229117",
      "cpes": [],
      "title": "Heap-based Buffer Overflow",
      "CVSSv3": "CVSS:3.1/AV:N/AC:L/PR:N/UI:N/S:U/C:L/I:L/A:L",
      "credit": [
        ""
      ],
      "semver": {
        "vulnerable": [
          "<0:3.90.0-2.amzn2.0.2"
        ]
      },
      "exploit": "Not Defined",
      "fixedIn": [
        "0:3.90.0-2.amzn2.0.2"
      ],
      "patches": [],
      "insights": {
        "triageAdvice": null
      },
      "language": "linux",
      "severity": "high",
      "cvssScore": 7.3,
      "malicious": false,
      "isDisputed": false,
      "references": [
        {
          "url": "http://cve.mitre.org/cgi-bin/cvename.cgi?name=CVE-2023-7104",
          "title": "http://cve.mitre.org/cgi-bin/cvename.cgi?name=CVE-2023-7104"
        },
        {
          "url": "https://sqlite.org/forum/forumpost/5bcbf4571c",
          "title": "https://sqlite.org/forum/forumpost/5bcbf4571c"
        },
        {
          "url": "https://sqlite.org/src/info/0e4e7a05c4204b47",
          "title": "https://sqlite.org/src/info/0e4e7a05c4204b47"
        },
        {
          "url": "https://vuldb.com/?ctiid.248999",
          "title": "https://vuldb.com/?ctiid.248999"
        },
        {
          "url": "https://vuldb.com/?id.248999",
          "title": "https://vuldb.com/?id.248999"
        },
        {
          "url": "https://lists.fedoraproject.org/archives/list/package-announce@lists.fedoraproject.org/message/D6C2HN4T2S6GYNTAUXLH45LQZHK7QPHP/",
          "title": "https://lists.fedoraproject.org/archives/list/package-announce@lists.fedoraproject.org/message/D6C2HN4T2S6GYNTAUXLH45LQZHK7QPHP/"
        },
        {
          "url": "https://lists.fedoraproject.org/archives/list/package-announce@lists.fedoraproject.org/message/AYONA2XSNFMXLAW4IHLFI5UVV3QRNG5K/",
          "title": "https://lists.fedoraproject.org/archives/list/package-announce@lists.fedoraproject.org/message/AYONA2XSNFMXLAW4IHLFI5UVV3QRNG5K/"
        },
        {
          "url": "https://security.netapp.com/advisory/ntap-20240112-0008/",
          "title": "https://security.netapp.com/advisory/ntap-20240112-0008/"
        }
      ],
      "cvssDetails": [
        {
          "assigner": "Red Hat",
          "severity": "high",
          "cvssV3Vector": "CVSS:3.1/AV:N/AC:L/PR:N/UI:N/S:U/C:L/I:L/A:L",
          "cvssV3BaseScore": 7.3,
          "modificationTime": "2024-01-08T14:03:26.286492Z"
        },
        {
          "assigner": "NVD",
          "severity": "high",
          "cvssV3Vector": "CVSS:3.1/AV:N/AC:L/PR:N/UI:N/S:U/C:L/I:L/A:L",
          "cvssV3BaseScore": 7.3,
          "modificationTime": "2024-01-09T01:10:59.905392Z"
        }
      ],
      "description": "## NVD Description\n**_Note:_** _Versions mentioned in the description apply only to the upstream `nss-sysinit` package and not the `nss-sysinit` package as distributed by `Amazon-Linux`._\n_See `How to fix?` for `Amazon-Linux:2` relevant fixed versions and status._\n\nA vulnerability was found in SQLite SQLite3 up to 3.43.0 and classified as critical. This issue affects the function sessionReadRecord of the file ext/session/sqlite3session.c of the component make alltest Handler. The manipulation leads to heap-based buffer overflow. It is recommended to apply a patch to fix this issue. The associated identifier of this vulnerability is VDB-248999.\n## Remediation\nUpgrade `Amazon-Linux:2` `nss-sysinit` to version 0:3.90.0-2.amzn2.0.2 or higher.  \nThis issue was patched in `ALAS2-2024-2442`.\n## References\n- [CVE-2023-7104](http://cve.mitre.org/cgi-bin/cvename.cgi?name=CVE-2023-7104)\n- [cna@vuldb.com](https://sqlite.org/forum/forumpost/5bcbf4571c)\n- [cna@vuldb.com](https://sqlite.org/src/info/0e4e7a05c4204b47)\n- [cna@vuldb.com](https://vuldb.com/?ctiid.248999)\n- [cna@vuldb.com](https://vuldb.com/?id.248999)\n- [cna@vuldb.com](https://lists.fedoraproject.org/archives/list/package-announce@lists.fedoraproject.org/message/D6C2HN4T2S6GYNTAUXLH45LQZHK7QPHP/)\n- [cna@vuldb.com](https://lists.fedoraproject.org/archives/list/package-announce@lists.fedoraproject.org/message/AYONA2XSNFMXLAW4IHLFI5UVV3QRNG5K/)\n- [cna@vuldb.com](https://security.netapp.com/advisory/ntap-20240112-0008/)\n",
      "epssDetails": {
        "percentile": "0.46811",
        "probability": "0.00131",
        "modelVersion": "v2023.03.01"
      },
      "identifiers": {
        "CVE": [
          "CVE-2023-7104"
        ],
        "CWE": [
          "CWE-122"
        ],
        "ALAS2": [
          "ALAS2-2024-2442"
        ],
        "ALTERNATIVE": []
      },
      "nvdSeverity": "high",
      "packageName": "nss-sysinit",
      "creationTime": "2024-02-06T10:27:45.493612Z",
      "disclosureTime": "2023-12-29T10:15:13.890000Z",
      "packageManager": "amzn:2",
      "publicationTime": "2024-02-06T10:27:45.500842Z",
      "modificationTime": "2024-02-08T09:36:08.222581Z",
      "socialTrendAlert": false,
      "relativeImportance": "important",
      "severityWithCritical": "high",
      "from": [
        "docker-image|amazon/aws-for-fluent-bit@latest",
        "nss-sysinit@3.90.0-2.amzn2.0.1"
      ],
      "upgradePath": [
        false,
        "nss-sysinit@0:3.90.0-2.amzn2.0.2"
      ],
      "isUpgradable": true,
      "isPatchable": false,
      "name": "nss-sysinit",
      "version": "3.90.0-2.amzn2.0.1",
      "nearestFixedInVersion": "0:3.90.0-2.amzn2.0.2",
      "dockerBaseImage": "amazonlinux:2.0.20240109.0"
    },
    {
      "id": "SNYK-AMZN2-NSSTOOLS-6229107",
      "cpes": [],
      "title": "Heap-based Buffer Overflow",
      "CVSSv3": "CVSS:3.1/AV:N/AC:L/PR:N/UI:N/S:U/C:L/I:L/A:L",
      "credit": [
        ""
      ],
      "semver": {
        "vulnerable": [
          "<0:3.90.0-2.amzn2.0.2"
        ]
      },
      "exploit": "Not Defined",
      "fixedIn": [
        "0:3.90.0-2.amzn2.0.2"
      ],
      "patches": [],
      "insights": {
        "triageAdvice": null
      },
      "language": "linux",
      "severity": "high",
      "cvssScore": 7.3,
      "malicious": false,
      "isDisputed": false,
      "references": [
        {
          "url": "http://cve.mitre.org/cgi-bin/cvename.cgi?name=CVE-2023-7104",
          "title": "http://cve.mitre.org/cgi-bin/cvename.cgi?name=CVE-2023-7104"
        },
        {
          "url": "https://sqlite.org/forum/forumpost/5bcbf4571c",
          "title": "https://sqlite.org/forum/forumpost/5bcbf4571c"
        },
        {
          "url": "https://sqlite.org/src/info/0e4e7a05c4204b47",
          "title": "https://sqlite.org/src/info/0e4e7a05c4204b47"
        },
        {
          "url": "https://vuldb.com/?ctiid.248999",
          "title": "https://vuldb.com/?ctiid.248999"
        },
        {
          "url": "https://vuldb.com/?id.248999",
          "title": "https://vuldb.com/?id.248999"
        },
        {
          "url": "https://lists.fedoraproject.org/archives/list/package-announce@lists.fedoraproject.org/message/D6C2HN4T2S6GYNTAUXLH45LQZHK7QPHP/",
          "title": "https://lists.fedoraproject.org/archives/list/package-announce@lists.fedoraproject.org/message/D6C2HN4T2S6GYNTAUXLH45LQZHK7QPHP/"
        },
        {
          "url": "https://lists.fedoraproject.org/archives/list/package-announce@lists.fedoraproject.org/message/AYONA2XSNFMXLAW4IHLFI5UVV3QRNG5K/",
          "title": "https://lists.fedoraproject.org/archives/list/package-announce@lists.fedoraproject.org/message/AYONA2XSNFMXLAW4IHLFI5UVV3QRNG5K/"
        },
        {
          "url": "https://security.netapp.com/advisory/ntap-20240112-0008/",
          "title": "https://security.netapp.com/advisory/ntap-20240112-0008/"
        }
      ],
      "cvssDetails": [
        {
          "assigner": "Red Hat",
          "severity": "high",
          "cvssV3Vector": "CVSS:3.1/AV:N/AC:L/PR:N/UI:N/S:U/C:L/I:L/A:L",
          "cvssV3BaseScore": 7.3,
          "modificationTime": "2024-01-08T14:03:26.286492Z"
        },
        {
          "assigner": "NVD",
          "severity": "high",
          "cvssV3Vector": "CVSS:3.1/AV:N/AC:L/PR:N/UI:N/S:U/C:L/I:L/A:L",
          "cvssV3BaseScore": 7.3,
          "modificationTime": "2024-01-09T01:10:59.905392Z"
        }
      ],
      "description": "## NVD Description\n**_Note:_** _Versions mentioned in the description apply only to the upstream `nss-tools` package and not the `nss-tools` package as distributed by `Amazon-Linux`._\n_See `How to fix?` for `Amazon-Linux:2` relevant fixed versions and status._\n\nA vulnerability was found in SQLite SQLite3 up to 3.43.0 and classified as critical. This issue affects the function sessionReadRecord of the file ext/session/sqlite3session.c of the component make alltest Handler. The manipulation leads to heap-based buffer overflow. It is recommended to apply a patch to fix this issue. The associated identifier of this vulnerability is VDB-248999.\n## Remediation\nUpgrade `Amazon-Linux:2` `nss-tools` to version 0:3.90.0-2.amzn2.0.2 or higher.  \nThis issue was patched in `ALAS2-2024-2442`.\n## References\n- [CVE-2023-7104](http://cve.mitre.org/cgi-bin/cvename.cgi?name=CVE-2023-7104)\n- [cna@vuldb.com](https://sqlite.org/forum/forumpost/5bcbf4571c)\n- [cna@vuldb.com](https://sqlite.org/src/info/0e4e7a05c4204b47)\n- [cna@vuldb.com](https://vuldb.com/?ctiid.248999)\n- [cna@vuldb.com](https://vuldb.com/?id.248999)\n- [cna@vuldb.com](https://lists.fedoraproject.org/archives/list/package-announce@lists.fedoraproject.org/message/D6C2HN4T2S6GYNTAUXLH45LQZHK7QPHP/)\n- [cna@vuldb.com](https://lists.fedoraproject.org/archives/list/package-announce@lists.fedoraproject.org/message/AYONA2XSNFMXLAW4IHLFI5UVV3QRNG5K/)\n- [cna@vuldb.com](https://security.netapp.com/advisory/ntap-20240112-0008/)\n",
      "epssDetails": {
        "percentile": "0.46811",
        "probability": "0.00131",
        "modelVersion": "v2023.03.01"
      },
      "identifiers": {
        "CVE": [
          "CVE-2023-7104"
        ],
        "CWE": [
          "CWE-122"
        ],
        "ALAS2": [
          "ALAS2-2024-2442"
        ],
        "ALTERNATIVE": []
      },
      "nvdSeverity": "high",
      "packageName": "nss-tools",
      "creationTime": "2024-02-06T10:27:24.276488Z",
      "disclosureTime": "2023-12-29T10:15:13.890000Z",
      "packageManager": "amzn:2",
      "publicationTime": "2024-02-06T10:27:24.281370Z",
      "modificationTime": "2024-02-08T09:35:54.959462Z",
      "socialTrendAlert": false,
      "relativeImportance": "important",
      "severityWithCritical": "high",
      "from": [
        "docker-image|amazon/aws-for-fluent-bit@latest",
        "nss-tools@3.90.0-2.amzn2.0.1"
      ],
      "upgradePath": [
        false,
        "nss-tools@0:3.90.0-2.amzn2.0.2"
      ],
      "isUpgradable": true,
      "isPatchable": false,
      "name": "nss-tools",
      "version": "3.90.0-2.amzn2.0.1",
      "nearestFixedInVersion": "0:3.90.0-2.amzn2.0.2",
      "dockerBaseImage": "amazonlinux:2.0.20240109.0"
    },
    {
      "id": "SNYK-AMZN2-PAM-6229076",
      "cpes": [],
      "title": "Insecure Inherited Permissions",
      "CVSSv3": "CVSS:3.1/AV:L/AC:L/PR:L/UI:N/S:U/C:N/I:N/A:H",
      "credit": [
        ""
      ],
      "semver": {
        "vulnerable": [
          "<0:1.1.8-23.amzn2.0.2"
        ]
      },
      "exploit": "Not Defined",
      "fixedIn": [
        "0:1.1.8-23.amzn2.0.2"
      ],
      "patches": [],
      "insights": {
        "triageAdvice": null
      },
      "language": "linux",
      "severity": "low",
      "cvssScore": 5.5,
      "malicious": false,
      "isDisputed": false,
      "references": [
        {
          "url": "http://cve.mitre.org/cgi-bin/cvename.cgi?name=CVE-2024-22365",
          "title": "http://cve.mitre.org/cgi-bin/cvename.cgi?name=CVE-2024-22365"
        },
        {
          "url": "http://www.openwall.com/lists/oss-security/2024/01/18/3",
          "title": "http://www.openwall.com/lists/oss-security/2024/01/18/3"
        },
        {
          "url": "https://github.com/linux-pam/linux-pam",
          "title": "https://github.com/linux-pam/linux-pam"
        },
        {
          "url": "https://github.com/linux-pam/linux-pam/commit/031bb5a5d0d950253b68138b498dc93be69a64cb",
          "title": "https://github.com/linux-pam/linux-pam/commit/031bb5a5d0d950253b68138b498dc93be69a64cb"
        },
        {
          "url": "https://github.com/linux-pam/linux-pam/releases/tag/v1.6.0",
          "title": "https://github.com/linux-pam/linux-pam/releases/tag/v1.6.0"
        }
      ],
      "cvssDetails": [
        {
          "assigner": "SUSE",
          "severity": "medium",
          "cvssV3Vector": "CVSS:3.1/AV:L/AC:L/PR:L/UI:N/S:U/C:N/I:N/A:H",
          "cvssV3BaseScore": 5.5,
          "modificationTime": "2024-01-19T11:04:58.601165Z"
        },
        {
          "assigner": "Red Hat",
          "severity": "medium",
          "cvssV3Vector": "CVSS:3.1/AV:L/AC:L/PR:L/UI:N/S:U/C:N/I:N/A:H",
          "cvssV3BaseScore": 5.5,
          "modificationTime": "2024-01-19T13:53:05.011793Z"
        },
        {
          "assigner": "NVD",
          "severity": "medium",
          "cvssV3Vector": "CVSS:3.1/AV:L/AC:L/PR:L/UI:N/S:U/C:N/I:N/A:H",
          "cvssV3BaseScore": 5.5,
          "modificationTime": "2024-02-14T01:11:55.654506Z"
        }
      ],
      "description": "## NVD Description\n**_Note:_** _Versions mentioned in the description apply only to the upstream `pam` package and not the `pam` package as distributed by `Amazon-Linux`._\n_See `How to fix?` for `Amazon-Linux:2` relevant fixed versions and status._\n\nlinux-pam (aka Linux PAM) before 1.6.0 allows attackers to cause a denial of service (blocked login process) via mkfifo because the openat call (for protect_dir) lacks O_DIRECTORY.\n## Remediation\nUpgrade `Amazon-Linux:2` `pam` to version 0:1.1.8-23.amzn2.0.2 or higher.  \nThis issue was patched in `ALAS2-2024-2435`.\n## References\n- [CVE-2024-22365](http://cve.mitre.org/cgi-bin/cvename.cgi?name=CVE-2024-22365)\n- [cve@mitre.org](http://www.openwall.com/lists/oss-security/2024/01/18/3)\n- [cve@mitre.org](https://github.com/linux-pam/linux-pam)\n- [cve@mitre.org](https://github.com/linux-pam/linux-pam/commit/031bb5a5d0d950253b68138b498dc93be69a64cb)\n- [cve@mitre.org](https://github.com/linux-pam/linux-pam/releases/tag/v1.6.0)\n",
      "epssDetails": {
        "percentile": "0.05457",
        "probability": "0.00042",
        "modelVersion": "v2023.03.01"
      },
      "identifiers": {
        "CVE": [
          "CVE-2024-22365"
        ],
        "CWE": [
          "CWE-277"
        ],
        "ALAS2": [
          "ALAS2-2024-2435"
        ],
        "ALTERNATIVE": []
      },
      "nvdSeverity": "medium",
      "packageName": "pam",
      "creationTime": "2024-02-06T10:25:56.587246Z",
      "disclosureTime": "2024-02-06T08:15:52.203000Z",
      "packageManager": "amzn:2",
      "publicationTime": "2024-02-06T10:25:56.590969Z",
      "modificationTime": "2024-02-14T01:11:55.654506Z",
      "socialTrendAlert": false,
      "relativeImportance": "low",
      "severityWithCritical": "low",
      "from": [
        "docker-image|amazon/aws-for-fluent-bit@latest",
        "pam@1.1.8-23.amzn2.0.1"
      ],
      "upgradePath": [
        false,
        "pam@0:1.1.8-23.amzn2.0.2"
      ],
      "isUpgradable": true,
      "isPatchable": false,
      "name": "pam",
      "version": "1.1.8-23.amzn2.0.1",
      "nearestFixedInVersion": "0:1.1.8-23.amzn2.0.2",
      "dockerBaseImage": "amazonlinux:2.0.20240109.0"
    }
  ],
  "ok": false,
  "dependencyCount": 161,
  "org": "suleymanergen32",
  "policy": "# Snyk (https://snyk.io) policy file, patches or ignores known vulnerabilities.\nversion: v1.25.1\nignore: {}\npatch: {}\n",
  "isPrivate": true,
  "licensesPolicy": {
    "severities": {},
    "orgLicenseRules": {
      "AGPL-1.0": {
        "licenseType": "AGPL-1.0",
        "severity": "high",
        "instructions": ""
      },
      "AGPL-3.0": {
        "licenseType": "AGPL-3.0",
        "severity": "high",
        "instructions": ""
      },
      "Artistic-1.0": {
        "licenseType": "Artistic-1.0",
        "severity": "medium",
        "instructions": ""
      },
      "Artistic-2.0": {
        "licenseType": "Artistic-2.0",
        "severity": "medium",
        "instructions": ""
      },
      "CDDL-1.0": {
        "licenseType": "CDDL-1.0",
        "severity": "medium",
        "instructions": ""
      },
      "CPOL-1.02": {
        "licenseType": "CPOL-1.02",
        "severity": "high",
        "instructions": ""
      },
      "EPL-1.0": {
        "licenseType": "EPL-1.0",
        "severity": "medium",
        "instructions": ""
      },
      "GPL-2.0": {
        "licenseType": "GPL-2.0",
        "severity": "high",
        "instructions": ""
      },
      "GPL-3.0": {
        "licenseType": "GPL-3.0",
        "severity": "high",
        "instructions": ""
      },
      "LGPL-2.0": {
        "licenseType": "LGPL-2.0",
        "severity": "medium",
        "instructions": ""
      },
      "LGPL-2.1": {
        "licenseType": "LGPL-2.1",
        "severity": "medium",
        "instructions": ""
      },
      "LGPL-3.0": {
        "licenseType": "LGPL-3.0",
        "severity": "medium",
        "instructions": ""
      },
      "MPL-1.1": {
        "licenseType": "MPL-1.1",
        "severity": "medium",
        "instructions": ""
      },
      "MPL-2.0": {
        "licenseType": "MPL-2.0",
        "severity": "medium",
        "instructions": ""
      },
      "MS-RL": {
        "licenseType": "MS-RL",
        "severity": "medium",
        "instructions": ""
      },
      "SimPL-2.0": {
        "licenseType": "SimPL-2.0",
        "severity": "high",
        "instructions": ""
      }
    }
  },
  "packageManager": "rpm",
  "ignoreSettings": {
    "adminOnly": false,
    "reasonRequired": false,
    "disregardFilesystemIgnores": false
  },
  "docker": {
    "baseImage": "amazonlinux:2.0.20240109.0",
    "baseImageRemediation": {
      "code": "REMEDIATION_AVAILABLE",
      "advice": [
        {
          "message": "Base Image                  Vulnerabilities  Severity\namazonlinux:2.0.20240109.0  7                0 critical, 3 high, 4 medium, 0 low\n"
        },
        {
          "message": "Recommendations for base image upgrade:\n",
          "bold": true
        },
        {
          "message": "Minor upgrades",
          "bold": true
        },
        {
          "message": "Base Image                  Vulnerabilities  Severity\namazonlinux:2.0.20240131.0  5                0 critical, 3 high, 2 medium, 0 low\n"
        }
      ]
    }
  },
  "summary": "6 vulnerable dependency paths",
  "filesystemPolicy": false,
  "filtered": {
    "ignore": [],
    "patch": []
  },
  "uniqueCount": 6,
  "projectName": "docker-image|amazon/aws-for-fluent-bit",
  "platform": "linux/amd64",
  "hasUnknownVersions": false,
  "path": "amazon/aws-for-fluent-bit:latest/aws-for-fluent-bit"
}
