{
  "vulnerabilities": [],
  "ok": true,
  "dependencyCount": 24,
  "org": "suleymanergen32",
  "policy": "# Snyk (https://snyk.io) policy file, patches or ignores known vulnerabilities.\nversion: v1.25.1\nignore: {}\npatch: {}\n",
  "isPrivate": true,
  "licensesPolicy": {
    "severities": {},
    "orgLicenseRules": {
      "AGPL-1.0": {
        "licenseType": "AGPL-1.0",
        "severity": "high",
        "instructions": ""
      },
      "AGPL-3.0": {
        "licenseType": "AGPL-3.0",
        "severity": "high",
        "instructions": ""
      },
      "Artistic-1.0": {
        "licenseType": "Artistic-1.0",
        "severity": "medium",
        "instructions": ""
      },
      "Artistic-2.0": {
        "licenseType": "Artistic-2.0",
        "severity": "medium",
        "instructions": ""
      },
      "CDDL-1.0": {
        "licenseType": "CDDL-1.0",
        "severity": "medium",
        "instructions": ""
      },
      "CPOL-1.02": {
        "licenseType": "CPOL-1.02",
        "severity": "high",
        "instructions": ""
      },
      "EPL-1.0": {
        "licenseType": "EPL-1.0",
        "severity": "medium",
        "instructions": ""
      },
      "GPL-2.0": {
        "licenseType": "GPL-2.0",
        "severity": "high",
        "instructions": ""
      },
      "GPL-3.0": {
        "licenseType": "GPL-3.0",
        "severity": "high",
        "instructions": ""
      },
      "LGPL-2.0": {
        "licenseType": "LGPL-2.0",
        "severity": "medium",
        "instructions": ""
      },
      "LGPL-2.1": {
        "licenseType": "LGPL-2.1",
        "severity": "medium",
        "instructions": ""
      },
      "LGPL-3.0": {
        "licenseType": "LGPL-3.0",
        "severity": "medium",
        "instructions": ""
      },
      "MPL-1.1": {
        "licenseType": "MPL-1.1",
        "severity": "medium",
        "instructions": ""
      },
      "MPL-2.0": {
        "licenseType": "MPL-2.0",
        "severity": "medium",
        "instructions": ""
      },
      "MS-RL": {
        "licenseType": "MS-RL",
        "severity": "medium",
        "instructions": ""
      },
      "SimPL-2.0": {
        "licenseType": "SimPL-2.0",
        "severity": "high",
        "instructions": ""
      }
    }
  },
  "packageManager": "apk",
  "ignoreSettings": {
    "adminOnly": false,
    "reasonRequired": false,
    "disregardFilesystemIgnores": false
  },
  "docker": {
    "baseImage": "alpine:3.19.1",
    "baseImageRemediation": {
      "code": "NO_REMEDIATION_AVAILABLE",
      "advice": [
        {
          "message": "According to our scan, you are currently using the most secure version of the selected base image",
          "bold": true
        }
      ]
    }
  },
  "summary": "No known operating system vulnerabilities",
  "filesystemPolicy": false,
  "uniqueCount": 0,
  "projectName": "docker-image|newrelic/k8s-events-forwarder",
  "platform": "linux/amd64",
  "hasUnknownVersions": false,
  "path": "newrelic/k8s-events-forwarder:latest/k8s-events-forwarder",
  "applications": [
    {
      "vulnerabilities": [],
      "ok": true,
      "dependencyCount": 4,
      "org": "suleymanergen32",
      "policy": "# Snyk (https://snyk.io) policy file, patches or ignores known vulnerabilities.\nversion: v1.25.1\nignore: {}\npatch: {}\n",
      "isPrivate": true,
      "licensesPolicy": {
        "severities": {},
        "orgLicenseRules": {
          "AGPL-1.0": {
            "licenseType": "AGPL-1.0",
            "severity": "high",
            "instructions": ""
          },
          "AGPL-3.0": {
            "licenseType": "AGPL-3.0",
            "severity": "high",
            "instructions": ""
          },
          "Artistic-1.0": {
            "licenseType": "Artistic-1.0",
            "severity": "medium",
            "instructions": ""
          },
          "Artistic-2.0": {
            "licenseType": "Artistic-2.0",
            "severity": "medium",
            "instructions": ""
          },
          "CDDL-1.0": {
            "licenseType": "CDDL-1.0",
            "severity": "medium",
            "instructions": ""
          },
          "CPOL-1.02": {
            "licenseType": "CPOL-1.02",
            "severity": "high",
            "instructions": ""
          },
          "EPL-1.0": {
            "licenseType": "EPL-1.0",
            "severity": "medium",
            "instructions": ""
          },
          "GPL-2.0": {
            "licenseType": "GPL-2.0",
            "severity": "high",
            "instructions": ""
          },
          "GPL-3.0": {
            "licenseType": "GPL-3.0",
            "severity": "high",
            "instructions": ""
          },
          "LGPL-2.0": {
            "licenseType": "LGPL-2.0",
            "severity": "medium",
            "instructions": ""
          },
          "LGPL-2.1": {
            "licenseType": "LGPL-2.1",
            "severity": "medium",
            "instructions": ""
          },
          "LGPL-3.0": {
            "licenseType": "LGPL-3.0",
            "severity": "medium",
            "instructions": ""
          },
          "MPL-1.1": {
            "licenseType": "MPL-1.1",
            "severity": "medium",
            "instructions": ""
          },
          "MPL-2.0": {
            "licenseType": "MPL-2.0",
            "severity": "medium",
            "instructions": ""
          },
          "MS-RL": {
            "licenseType": "MS-RL",
            "severity": "medium",
            "instructions": ""
          },
          "SimPL-2.0": {
            "licenseType": "SimPL-2.0",
            "severity": "high",
            "instructions": ""
          }
        }
      },
      "packageManager": "gomodules",
      "ignoreSettings": {
        "adminOnly": false,
        "reasonRequired": false,
        "disregardFilesystemIgnores": false
      },
      "docker": {},
      "summary": "No known vulnerabilities",
      "filesystemPolicy": false,
      "uniqueCount": 0,
      "targetFile": "/usr/bin/newrelic-infra-service",
      "projectName": "github.com/newrelic/infrastructure-agent",
      "displayTargetFile": "/usr/bin/newrelic-infra-service",
      "hasUnknownVersions": false,
      "path": "newrelic/k8s-events-forwarder:latest/newrelic/infrastructure-agent"
    },
    {
      "vulnerabilities": [
        {
          "id": "SNYK-GOLANG-GOOGLEGOLANGORGPROTOBUFENCODINGPROTOJSON-6137908",
          "title": "Stack-based Buffer Overflow",
          "CVSSv3": "CVSS:3.1/AV:N/AC:H/PR:N/UI:N/S:U/C:N/I:N/A:H",
          "credit": [
            "jhump"
          ],
          "semver": {
            "vulnerable": [
              "<1.32.0"
            ],
            "hashesRange": [
              "<bfcd6476a38e41247d6bb43dc8f00b23ec9fffc2"
            ],
            "vulnerableHashes": null
          },
          "exploit": "Not Defined",
          "fixedIn": [
            "1.32.0"
          ],
          "patches": [],
          "insights": {
            "triageAdvice": null
          },
          "language": "golang",
          "severity": "medium",
          "cvssScore": 5.9,
          "functions": [],
          "malicious": false,
          "isDisputed": false,
          "moduleName": "google.golang.org/protobuf/encoding/protojson",
          "references": [
            {
              "url": "https://github.com/protocolbuffers/protobuf-go/commit/bfcd6476a38e41247d6bb43dc8f00b23ec9fffc2",
              "title": "GitHub Commit"
            },
            {
              "url": "https://github.com/golang/protobuf/issues/1584",
              "title": "GitHub Issue"
            }
          ],
          "cvssDetails": [],
          "description": "## Overview\n\nAffected versions of this package are vulnerable to Stack-based Buffer Overflow when processing input that uses pathologically deep nesting.\n## Remediation\nUpgrade `google.golang.org/protobuf/encoding/protojson` to version 1.32.0 or higher.\n## References\n- [GitHub Commit](https://github.com/protocolbuffers/protobuf-go/commit/bfcd6476a38e41247d6bb43dc8f00b23ec9fffc2)\n- [GitHub Issue](https://github.com/golang/protobuf/issues/1584)\n",
          "epssDetails": null,
          "identifiers": {
            "CVE": [],
            "CWE": [
              "CWE-121"
            ]
          },
          "packageName": "google.golang.org/protobuf/encoding/protojson",
          "proprietary": false,
          "creationTime": "2023-12-22T07:56:01.435551Z",
          "functions_new": [],
          "alternativeIds": [],
          "disclosureTime": "2023-12-21T17:31:13Z",
          "packageManager": "golang",
          "publicationTime": "2023-12-22T07:57:46.872135Z",
          "modificationTime": "2023-12-29T11:55:36.470401Z",
          "socialTrendAlert": false,
          "severityWithCritical": "medium",
          "from": [
            "github.com/newrelic/infrastructure-agent@*",
            "google.golang.org/protobuf/encoding/protojson@v1.31.0"
          ],
          "upgradePath": [],
          "isUpgradable": false,
          "isPatchable": false,
          "name": "google.golang.org/protobuf/encoding/protojson",
          "version": "v1.31.0"
        }
      ],
      "ok": false,
      "dependencyCount": 289,
      "org": "suleymanergen32",
      "policy": "# Snyk (https://snyk.io) policy file, patches or ignores known vulnerabilities.\nversion: v1.25.1\nignore: {}\npatch: {}\n",
      "isPrivate": true,
      "licensesPolicy": {
        "severities": {},
        "orgLicenseRules": {
          "AGPL-1.0": {
            "licenseType": "AGPL-1.0",
            "severity": "high",
            "instructions": ""
          },
          "AGPL-3.0": {
            "licenseType": "AGPL-3.0",
            "severity": "high",
            "instructions": ""
          },
          "Artistic-1.0": {
            "licenseType": "Artistic-1.0",
            "severity": "medium",
            "instructions": ""
          },
          "Artistic-2.0": {
            "licenseType": "Artistic-2.0",
            "severity": "medium",
            "instructions": ""
          },
          "CDDL-1.0": {
            "licenseType": "CDDL-1.0",
            "severity": "medium",
            "instructions": ""
          },
          "CPOL-1.02": {
            "licenseType": "CPOL-1.02",
            "severity": "high",
            "instructions": ""
          },
          "EPL-1.0": {
            "licenseType": "EPL-1.0",
            "severity": "medium",
            "instructions": ""
          },
          "GPL-2.0": {
            "licenseType": "GPL-2.0",
            "severity": "high",
            "instructions": ""
          },
          "GPL-3.0": {
            "licenseType": "GPL-3.0",
            "severity": "high",
            "instructions": ""
          },
          "LGPL-2.0": {
            "licenseType": "LGPL-2.0",
            "severity": "medium",
            "instructions": ""
          },
          "LGPL-2.1": {
            "licenseType": "LGPL-2.1",
            "severity": "medium",
            "instructions": ""
          },
          "LGPL-3.0": {
            "licenseType": "LGPL-3.0",
            "severity": "medium",
            "instructions": ""
          },
          "MPL-1.1": {
            "licenseType": "MPL-1.1",
            "severity": "medium",
            "instructions": ""
          },
          "MPL-2.0": {
            "licenseType": "MPL-2.0",
            "severity": "medium",
            "instructions": ""
          },
          "MS-RL": {
            "licenseType": "MS-RL",
            "severity": "medium",
            "instructions": ""
          },
          "SimPL-2.0": {
            "licenseType": "SimPL-2.0",
            "severity": "high",
            "instructions": ""
          }
        }
      },
      "packageManager": "gomodules",
      "ignoreSettings": {
        "adminOnly": false,
        "reasonRequired": false,
        "disregardFilesystemIgnores": false
      },
      "docker": {},
      "summary": "1 vulnerable dependency path",
      "filesystemPolicy": false,
      "filtered": {
        "ignore": [],
        "patch": []
      },
      "uniqueCount": 1,
      "targetFile": "/usr/bin/newrelic-infra-ctl",
      "projectName": "github.com/newrelic/infrastructure-agent",
      "displayTargetFile": "/usr/bin/newrelic-infra-ctl",
      "hasUnknownVersions": false,
      "path": "newrelic/k8s-events-forwarder:latest/newrelic/infrastructure-agent"
    },
    {
      "vulnerabilities": [
        {
          "id": "SNYK-GOLANG-GOOGLEGOLANGORGPROTOBUFENCODINGPROTOJSON-6137908",
          "title": "Stack-based Buffer Overflow",
          "CVSSv3": "CVSS:3.1/AV:N/AC:H/PR:N/UI:N/S:U/C:N/I:N/A:H",
          "credit": [
            "jhump"
          ],
          "semver": {
            "vulnerable": [
              "<1.32.0"
            ],
            "hashesRange": [
              "<bfcd6476a38e41247d6bb43dc8f00b23ec9fffc2"
            ],
            "vulnerableHashes": null
          },
          "exploit": "Not Defined",
          "fixedIn": [
            "1.32.0"
          ],
          "patches": [],
          "insights": {
            "triageAdvice": null
          },
          "language": "golang",
          "severity": "medium",
          "cvssScore": 5.9,
          "functions": [],
          "malicious": false,
          "isDisputed": false,
          "moduleName": "google.golang.org/protobuf/encoding/protojson",
          "references": [
            {
              "url": "https://github.com/protocolbuffers/protobuf-go/commit/bfcd6476a38e41247d6bb43dc8f00b23ec9fffc2",
              "title": "GitHub Commit"
            },
            {
              "url": "https://github.com/golang/protobuf/issues/1584",
              "title": "GitHub Issue"
            }
          ],
          "cvssDetails": [],
          "description": "## Overview\n\nAffected versions of this package are vulnerable to Stack-based Buffer Overflow when processing input that uses pathologically deep nesting.\n## Remediation\nUpgrade `google.golang.org/protobuf/encoding/protojson` to version 1.32.0 or higher.\n## References\n- [GitHub Commit](https://github.com/protocolbuffers/protobuf-go/commit/bfcd6476a38e41247d6bb43dc8f00b23ec9fffc2)\n- [GitHub Issue](https://github.com/golang/protobuf/issues/1584)\n",
          "epssDetails": null,
          "identifiers": {
            "CVE": [],
            "CWE": [
              "CWE-121"
            ]
          },
          "packageName": "google.golang.org/protobuf/encoding/protojson",
          "proprietary": false,
          "creationTime": "2023-12-22T07:56:01.435551Z",
          "functions_new": [],
          "alternativeIds": [],
          "disclosureTime": "2023-12-21T17:31:13Z",
          "packageManager": "golang",
          "publicationTime": "2023-12-22T07:57:46.872135Z",
          "modificationTime": "2023-12-29T11:55:36.470401Z",
          "socialTrendAlert": false,
          "severityWithCritical": "medium",
          "from": [
            "github.com/newrelic/infrastructure-agent@*",
            "google.golang.org/protobuf/encoding/protojson@v1.31.0"
          ],
          "upgradePath": [],
          "isUpgradable": false,
          "isPatchable": false,
          "name": "google.golang.org/protobuf/encoding/protojson",
          "version": "v1.31.0"
        }
      ],
      "ok": false,
      "dependencyCount": 328,
      "org": "suleymanergen32",
      "policy": "# Snyk (https://snyk.io) policy file, patches or ignores known vulnerabilities.\nversion: v1.25.1\nignore: {}\npatch: {}\n",
      "isPrivate": true,
      "licensesPolicy": {
        "severities": {},
        "orgLicenseRules": {
          "AGPL-1.0": {
            "licenseType": "AGPL-1.0",
            "severity": "high",
            "instructions": ""
          },
          "AGPL-3.0": {
            "licenseType": "AGPL-3.0",
            "severity": "high",
            "instructions": ""
          },
          "Artistic-1.0": {
            "licenseType": "Artistic-1.0",
            "severity": "medium",
            "instructions": ""
          },
          "Artistic-2.0": {
            "licenseType": "Artistic-2.0",
            "severity": "medium",
            "instructions": ""
          },
          "CDDL-1.0": {
            "licenseType": "CDDL-1.0",
            "severity": "medium",
            "instructions": ""
          },
          "CPOL-1.02": {
            "licenseType": "CPOL-1.02",
            "severity": "high",
            "instructions": ""
          },
          "EPL-1.0": {
            "licenseType": "EPL-1.0",
            "severity": "medium",
            "instructions": ""
          },
          "GPL-2.0": {
            "licenseType": "GPL-2.0",
            "severity": "high",
            "instructions": ""
          },
          "GPL-3.0": {
            "licenseType": "GPL-3.0",
            "severity": "high",
            "instructions": ""
          },
          "LGPL-2.0": {
            "licenseType": "LGPL-2.0",
            "severity": "medium",
            "instructions": ""
          },
          "LGPL-2.1": {
            "licenseType": "LGPL-2.1",
            "severity": "medium",
            "instructions": ""
          },
          "LGPL-3.0": {
            "licenseType": "LGPL-3.0",
            "severity": "medium",
            "instructions": ""
          },
          "MPL-1.1": {
            "licenseType": "MPL-1.1",
            "severity": "medium",
            "instructions": ""
          },
          "MPL-2.0": {
            "licenseType": "MPL-2.0",
            "severity": "medium",
            "instructions": ""
          },
          "MS-RL": {
            "licenseType": "MS-RL",
            "severity": "medium",
            "instructions": ""
          },
          "SimPL-2.0": {
            "licenseType": "SimPL-2.0",
            "severity": "high",
            "instructions": ""
          }
        }
      },
      "packageManager": "gomodules",
      "ignoreSettings": {
        "adminOnly": false,
        "reasonRequired": false,
        "disregardFilesystemIgnores": false
      },
      "docker": {},
      "summary": "1 vulnerable dependency path",
      "filesystemPolicy": false,
      "filtered": {
        "ignore": [],
        "patch": []
      },
      "uniqueCount": 1,
      "targetFile": "/usr/bin/newrelic-infra",
      "projectName": "github.com/newrelic/infrastructure-agent",
      "displayTargetFile": "/usr/bin/newrelic-infra",
      "hasUnknownVersions": false,
      "path": "newrelic/k8s-events-forwarder:latest/newrelic/infrastructure-agent"
    }
  ]
}
