{
  "vulnerabilities": [
    {
      "id": "SNYK-ALPINE319-EXPAT-6241037",
      "cpes": [],
      "title": "Improper Restriction of Recursive Entity References in DTDs ('XML Entity Expansion')",
      "CVSSv3": "CVSS:3.1/AV:L/AC:L/PR:L/UI:N/S:U/C:N/I:N/A:H",
      "credit": [
        ""
      ],
      "semver": {
        "vulnerable": [
          "<2.6.0-r0"
        ]
      },
      "exploit": "Not Defined",
      "fixedIn": [
        "2.6.0-r0"
      ],
      "patches": [],
      "insights": {
        "triageAdvice": null
      },
      "language": "linux",
      "severity": "medium",
      "cvssScore": 5.5,
      "malicious": false,
      "isDisputed": false,
      "references": [
        {
          "url": "https://cwe.mitre.org/data/definitions/776.html",
          "title": "https://cwe.mitre.org/data/definitions/776.html"
        },
        {
          "url": "https://github.com/libexpat/libexpat/commit/0f075ec8ecb5e43f8fdca5182f8cca4703da0404",
          "title": "https://github.com/libexpat/libexpat/commit/0f075ec8ecb5e43f8fdca5182f8cca4703da0404"
        },
        {
          "url": "https://github.com/libexpat/libexpat/pull/777",
          "title": "https://github.com/libexpat/libexpat/pull/777"
        }
      ],
      "cvssDetails": [
        {
          "assigner": "NVD",
          "severity": "medium",
          "cvssV3Vector": "CVSS:3.1/AV:L/AC:L/PR:L/UI:N/S:U/C:N/I:N/A:H",
          "cvssV3BaseScore": 5.5,
          "modificationTime": "2024-02-09T13:11:37.934083Z"
        },
        {
          "assigner": "Red Hat",
          "severity": "medium",
          "cvssV3Vector": "CVSS:3.1/AV:L/AC:L/PR:L/UI:N/S:U/C:N/I:N/A:H",
          "cvssV3BaseScore": 5.5,
          "modificationTime": "2024-02-14T13:46:46.121434Z"
        }
      ],
      "description": "## NVD Description\n**_Note:_** _Versions mentioned in the description apply only to the upstream `expat` package and not the `expat` package as distributed by `Alpine`._\n_See `How to fix?` for `Alpine:3.19` relevant fixed versions and status._\n\nlibexpat through 2.5.0 allows recursive XML Entity Expansion if XML_DTD is undefined at compile time.\n## Remediation\nUpgrade `Alpine:3.19` `expat` to version 2.6.0-r0 or higher.\n## References\n- [cve@mitre.org](https://cwe.mitre.org/data/definitions/776.html)\n- [cve@mitre.org](https://github.com/libexpat/libexpat/commit/0f075ec8ecb5e43f8fdca5182f8cca4703da0404)\n- [cve@mitre.org](https://github.com/libexpat/libexpat/pull/777)\n",
      "epssDetails": {
        "percentile": "0.16953",
        "probability": "0.00051",
        "modelVersion": "v2023.03.01"
      },
      "identifiers": {
        "CVE": [
          "CVE-2023-52426"
        ],
        "CWE": [
          "CWE-776"
        ],
        "ALTERNATIVE": []
      },
      "nvdSeverity": "medium",
      "packageName": "expat",
      "creationTime": "2024-02-10T02:30:12.499698Z",
      "disclosureTime": "2024-02-04T20:15:46.120000Z",
      "packageManager": "alpine:3.19",
      "publicationTime": "2024-02-10T02:30:12.503844Z",
      "modificationTime": "2024-02-14T13:46:46.121434Z",
      "socialTrendAlert": false,
      "relativeImportance": null,
      "severityWithCritical": "medium",
      "from": [
        "docker-image|requarks/wiki@latest",
        "expat/libexpat@2.5.0-r2"
      ],
      "upgradePath": [
        false,
        "expat/libexpat@2.6.0-r0"
      ],
      "isUpgradable": true,
      "isPatchable": false,
      "name": "expat/libexpat",
      "version": "2.5.0-r2",
      "nearestFixedInVersion": "2.6.0-r0",
      "dockerfileInstruction": "apk add bash curl git openssh gnupg sqlite --no-cache"
    },
    {
      "id": "SNYK-ALPINE319-EXPAT-6241038",
      "cpes": [],
      "title": "Resource Exhaustion",
      "CVSSv3": "CVSS:3.1/AV:N/AC:L/PR:N/UI:N/S:U/C:N/I:N/A:H",
      "credit": [
        ""
      ],
      "semver": {
        "vulnerable": [
          "<2.6.0-r0"
        ]
      },
      "exploit": "Not Defined",
      "fixedIn": [
        "2.6.0-r0"
      ],
      "patches": [],
      "insights": {
        "triageAdvice": null
      },
      "language": "linux",
      "severity": "high",
      "cvssScore": 7.5,
      "malicious": false,
      "isDisputed": false,
      "references": [
        {
          "url": "https://github.com/libexpat/libexpat/pull/789",
          "title": "https://github.com/libexpat/libexpat/pull/789"
        }
      ],
      "cvssDetails": [
        {
          "assigner": "NVD",
          "severity": "high",
          "cvssV3Vector": "CVSS:3.1/AV:N/AC:L/PR:N/UI:N/S:U/C:N/I:N/A:H",
          "cvssV3BaseScore": 7.5,
          "modificationTime": "2024-02-09T13:11:36.880020Z"
        },
        {
          "assigner": "Red Hat",
          "severity": "high",
          "cvssV3Vector": "CVSS:3.1/AV:N/AC:L/PR:N/UI:N/S:U/C:N/I:N/A:H",
          "cvssV3BaseScore": 7.5,
          "modificationTime": "2024-02-14T13:47:26.771272Z"
        }
      ],
      "description": "## NVD Description\n**_Note:_** _Versions mentioned in the description apply only to the upstream `expat` package and not the `expat` package as distributed by `Alpine`._\n_See `How to fix?` for `Alpine:3.19` relevant fixed versions and status._\n\nlibexpat through 2.5.0 allows a denial of service (resource consumption) because many full reparsings are required in the case of a large token for which multiple buffer fills are needed.\n## Remediation\nUpgrade `Alpine:3.19` `expat` to version 2.6.0-r0 or higher.\n## References\n- [cve@mitre.org](https://github.com/libexpat/libexpat/pull/789)\n",
      "epssDetails": {
        "percentile": "0.10107",
        "probability": "0.00044",
        "modelVersion": "v2023.03.01"
      },
      "identifiers": {
        "CVE": [
          "CVE-2023-52425"
        ],
        "CWE": [
          "CWE-400"
        ],
        "ALTERNATIVE": []
      },
      "nvdSeverity": "high",
      "packageName": "expat",
      "creationTime": "2024-02-10T02:30:17.064169Z",
      "disclosureTime": "2024-02-04T20:15:46.063000Z",
      "packageManager": "alpine:3.19",
      "publicationTime": "2024-02-10T02:30:17.068015Z",
      "modificationTime": "2024-02-14T13:47:26.771272Z",
      "socialTrendAlert": false,
      "relativeImportance": null,
      "severityWithCritical": "high",
      "from": [
        "docker-image|requarks/wiki@latest",
        "expat/libexpat@2.5.0-r2"
      ],
      "upgradePath": [
        false,
        "expat/libexpat@2.6.0-r0"
      ],
      "isUpgradable": true,
      "isPatchable": false,
      "name": "expat/libexpat",
      "version": "2.5.0-r2",
      "nearestFixedInVersion": "2.6.0-r0",
      "dockerfileInstruction": "apk add bash curl git openssh gnupg sqlite --no-cache"
    },
    {
      "id": "SNYK-ALPINE319-EXPAT-6241037",
      "cpes": [],
      "title": "Improper Restriction of Recursive Entity References in DTDs ('XML Entity Expansion')",
      "CVSSv3": "CVSS:3.1/AV:L/AC:L/PR:L/UI:N/S:U/C:N/I:N/A:H",
      "credit": [
        ""
      ],
      "semver": {
        "vulnerable": [
          "<2.6.0-r0"
        ]
      },
      "exploit": "Not Defined",
      "fixedIn": [
        "2.6.0-r0"
      ],
      "patches": [],
      "insights": {
        "triageAdvice": null
      },
      "language": "linux",
      "severity": "medium",
      "cvssScore": 5.5,
      "malicious": false,
      "isDisputed": false,
      "references": [
        {
          "url": "https://cwe.mitre.org/data/definitions/776.html",
          "title": "https://cwe.mitre.org/data/definitions/776.html"
        },
        {
          "url": "https://github.com/libexpat/libexpat/commit/0f075ec8ecb5e43f8fdca5182f8cca4703da0404",
          "title": "https://github.com/libexpat/libexpat/commit/0f075ec8ecb5e43f8fdca5182f8cca4703da0404"
        },
        {
          "url": "https://github.com/libexpat/libexpat/pull/777",
          "title": "https://github.com/libexpat/libexpat/pull/777"
        }
      ],
      "cvssDetails": [
        {
          "assigner": "NVD",
          "severity": "medium",
          "cvssV3Vector": "CVSS:3.1/AV:L/AC:L/PR:L/UI:N/S:U/C:N/I:N/A:H",
          "cvssV3BaseScore": 5.5,
          "modificationTime": "2024-02-09T13:11:37.934083Z"
        },
        {
          "assigner": "Red Hat",
          "severity": "medium",
          "cvssV3Vector": "CVSS:3.1/AV:L/AC:L/PR:L/UI:N/S:U/C:N/I:N/A:H",
          "cvssV3BaseScore": 5.5,
          "modificationTime": "2024-02-14T13:46:46.121434Z"
        }
      ],
      "description": "## NVD Description\n**_Note:_** _Versions mentioned in the description apply only to the upstream `expat` package and not the `expat` package as distributed by `Alpine`._\n_See `How to fix?` for `Alpine:3.19` relevant fixed versions and status._\n\nlibexpat through 2.5.0 allows recursive XML Entity Expansion if XML_DTD is undefined at compile time.\n## Remediation\nUpgrade `Alpine:3.19` `expat` to version 2.6.0-r0 or higher.\n## References\n- [cve@mitre.org](https://cwe.mitre.org/data/definitions/776.html)\n- [cve@mitre.org](https://github.com/libexpat/libexpat/commit/0f075ec8ecb5e43f8fdca5182f8cca4703da0404)\n- [cve@mitre.org](https://github.com/libexpat/libexpat/pull/777)\n",
      "epssDetails": {
        "percentile": "0.16953",
        "probability": "0.00051",
        "modelVersion": "v2023.03.01"
      },
      "identifiers": {
        "CVE": [
          "CVE-2023-52426"
        ],
        "CWE": [
          "CWE-776"
        ],
        "ALTERNATIVE": []
      },
      "nvdSeverity": "medium",
      "packageName": "expat",
      "creationTime": "2024-02-10T02:30:12.499698Z",
      "disclosureTime": "2024-02-04T20:15:46.120000Z",
      "packageManager": "alpine:3.19",
      "publicationTime": "2024-02-10T02:30:12.503844Z",
      "modificationTime": "2024-02-14T13:46:46.121434Z",
      "socialTrendAlert": false,
      "relativeImportance": null,
      "severityWithCritical": "medium",
      "from": [
        "docker-image|requarks/wiki@latest",
        "git/git@2.43.0-r0",
        "expat/libexpat@2.5.0-r2"
      ],
      "upgradePath": [],
      "isUpgradable": false,
      "isPatchable": false,
      "name": "expat/libexpat",
      "version": "2.5.0-r2",
      "nearestFixedInVersion": "2.6.0-r0",
      "dockerfileInstruction": "apk add bash curl git openssh gnupg sqlite --no-cache"
    },
    {
      "id": "SNYK-ALPINE319-EXPAT-6241038",
      "cpes": [],
      "title": "Resource Exhaustion",
      "CVSSv3": "CVSS:3.1/AV:N/AC:L/PR:N/UI:N/S:U/C:N/I:N/A:H",
      "credit": [
        ""
      ],
      "semver": {
        "vulnerable": [
          "<2.6.0-r0"
        ]
      },
      "exploit": "Not Defined",
      "fixedIn": [
        "2.6.0-r0"
      ],
      "patches": [],
      "insights": {
        "triageAdvice": null
      },
      "language": "linux",
      "severity": "high",
      "cvssScore": 7.5,
      "malicious": false,
      "isDisputed": false,
      "references": [
        {
          "url": "https://github.com/libexpat/libexpat/pull/789",
          "title": "https://github.com/libexpat/libexpat/pull/789"
        }
      ],
      "cvssDetails": [
        {
          "assigner": "NVD",
          "severity": "high",
          "cvssV3Vector": "CVSS:3.1/AV:N/AC:L/PR:N/UI:N/S:U/C:N/I:N/A:H",
          "cvssV3BaseScore": 7.5,
          "modificationTime": "2024-02-09T13:11:36.880020Z"
        },
        {
          "assigner": "Red Hat",
          "severity": "high",
          "cvssV3Vector": "CVSS:3.1/AV:N/AC:L/PR:N/UI:N/S:U/C:N/I:N/A:H",
          "cvssV3BaseScore": 7.5,
          "modificationTime": "2024-02-14T13:47:26.771272Z"
        }
      ],
      "description": "## NVD Description\n**_Note:_** _Versions mentioned in the description apply only to the upstream `expat` package and not the `expat` package as distributed by `Alpine`._\n_See `How to fix?` for `Alpine:3.19` relevant fixed versions and status._\n\nlibexpat through 2.5.0 allows a denial of service (resource consumption) because many full reparsings are required in the case of a large token for which multiple buffer fills are needed.\n## Remediation\nUpgrade `Alpine:3.19` `expat` to version 2.6.0-r0 or higher.\n## References\n- [cve@mitre.org](https://github.com/libexpat/libexpat/pull/789)\n",
      "epssDetails": {
        "percentile": "0.10107",
        "probability": "0.00044",
        "modelVersion": "v2023.03.01"
      },
      "identifiers": {
        "CVE": [
          "CVE-2023-52425"
        ],
        "CWE": [
          "CWE-400"
        ],
        "ALTERNATIVE": []
      },
      "nvdSeverity": "high",
      "packageName": "expat",
      "creationTime": "2024-02-10T02:30:17.064169Z",
      "disclosureTime": "2024-02-04T20:15:46.063000Z",
      "packageManager": "alpine:3.19",
      "publicationTime": "2024-02-10T02:30:17.068015Z",
      "modificationTime": "2024-02-14T13:47:26.771272Z",
      "socialTrendAlert": false,
      "relativeImportance": null,
      "severityWithCritical": "high",
      "from": [
        "docker-image|requarks/wiki@latest",
        "git/git@2.43.0-r0",
        "expat/libexpat@2.5.0-r2"
      ],
      "upgradePath": [],
      "isUpgradable": false,
      "isPatchable": false,
      "name": "expat/libexpat",
      "version": "2.5.0-r2",
      "nearestFixedInVersion": "2.6.0-r0",
      "dockerfileInstruction": "apk add bash curl git openssh gnupg sqlite --no-cache"
    },
    {
      "id": "SNYK-ALPINE319-OPENSSL-6148881",
      "cpes": [],
      "title": "Out-of-bounds Write",
      "CVSSv3": "CVSS:3.1/AV:N/AC:H/PR:N/UI:N/S:U/C:N/I:L/A:H",
      "credit": [
        ""
      ],
      "semver": {
        "vulnerable": [
          "<3.1.4-r3"
        ]
      },
      "exploit": "Not Defined",
      "fixedIn": [
        "3.1.4-r3"
      ],
      "patches": [],
      "insights": {
        "triageAdvice": null
      },
      "language": "linux",
      "severity": "medium",
      "cvssScore": 6.5,
      "malicious": false,
      "isDisputed": false,
      "references": [
        {
          "url": "https://github.com/openssl/openssl/commit/050d26383d4e264966fb83428e72d5d48f402d35",
          "title": "https://github.com/openssl/openssl/commit/050d26383d4e264966fb83428e72d5d48f402d35"
        },
        {
          "url": "https://github.com/openssl/openssl/commit/5b139f95c9a47a55a0c54100f3837b1eee942b04",
          "title": "https://github.com/openssl/openssl/commit/5b139f95c9a47a55a0c54100f3837b1eee942b04"
        },
        {
          "url": "https://github.com/openssl/openssl/commit/f3fc5808fe9ff74042d639839610d03b8fdcc015",
          "title": "https://github.com/openssl/openssl/commit/f3fc5808fe9ff74042d639839610d03b8fdcc015"
        },
        {
          "url": "https://www.openssl.org/news/secadv/20240109.txt",
          "title": "https://www.openssl.org/news/secadv/20240109.txt"
        },
        {
          "url": "http://www.openwall.com/lists/oss-security/2024/01/09/1",
          "title": "http://www.openwall.com/lists/oss-security/2024/01/09/1"
        },
        {
          "url": "https://security.netapp.com/advisory/ntap-20240216-0009/",
          "title": "https://security.netapp.com/advisory/ntap-20240216-0009/"
        }
      ],
      "cvssDetails": [
        {
          "assigner": "SUSE",
          "severity": "medium",
          "cvssV3Vector": "CVSS:3.1/AV:N/AC:L/PR:N/UI:N/S:U/C:N/I:L/A:L",
          "cvssV3BaseScore": 6.5,
          "modificationTime": "2024-01-23T11:03:54.062787Z"
        },
        {
          "assigner": "NVD",
          "severity": "medium",
          "cvssV3Vector": "CVSS:3.1/AV:N/AC:H/PR:N/UI:N/S:U/C:N/I:L/A:H",
          "cvssV3BaseScore": 6.5,
          "modificationTime": "2024-01-24T01:11:18.316654Z"
        },
        {
          "assigner": "Red Hat",
          "severity": "medium",
          "cvssV3Vector": "CVSS:3.1/AV:N/AC:H/PR:N/UI:N/S:U/C:N/I:L/A:H",
          "cvssV3BaseScore": 6.5,
          "modificationTime": "2024-01-25T13:32:21.064625Z"
        }
      ],
      "description": "## NVD Description\n**_Note:_** _Versions mentioned in the description apply only to the upstream `openssl` package and not the `openssl` package as distributed by `Alpine`._\n_See `How to fix?` for `Alpine:3.19` relevant fixed versions and status._\n\nIssue summary: The POLY1305 MAC (message authentication code) implementation\ncontains a bug that might corrupt the internal state of applications running\non PowerPC CPU based platforms if the CPU provides vector instructions.\n\nImpact summary: If an attacker can influence whether the POLY1305 MAC\nalgorithm is used, the application state might be corrupted with various\napplication dependent consequences.\n\nThe POLY1305 MAC (message authentication code) implementation in OpenSSL for\nPowerPC CPUs restores the contents of vector registers in a different order\nthan they are saved. Thus the contents of some of these vector registers\nare corrupted when returning to the caller. The vulnerable code is used only\non newer PowerPC processors supporting the PowerISA 2.07 instructions.\n\nThe consequences of this kind of internal application state corruption can\nbe various - from no consequences, if the calling application does not\ndepend on the contents of non-volatile XMM registers at all, to the worst\nconsequences, where the attacker could get complete control of the application\nprocess. However unless the compiler uses the vector registers for storing\npointers, the most likely consequence, if any, would be an incorrect result\nof some application dependent calculations or a crash leading to a denial of\nservice.\n\nThe POLY1305 MAC algorithm is most frequently used as part of the\nCHACHA20-POLY1305 AEAD (authenticated encryption with associated data)\nalgorithm. The most common usage of this AEAD cipher is with TLS protocol\nversions 1.2 and 1.3. If this cipher is enabled on the server a malicious\nclient can influence whether this AEAD cipher is used. This implies that\nTLS server applications using OpenSSL can be potentially impacted. However\nwe are currently not aware of any concrete application that would be affected\nby this issue therefore we consider this a Low severity security issue.\n## Remediation\nUpgrade `Alpine:3.19` `openssl` to version 3.1.4-r3 or higher.\n## References\n- [openssl-security@openssl.org](https://github.com/openssl/openssl/commit/050d26383d4e264966fb83428e72d5d48f402d35)\n- [openssl-security@openssl.org](https://github.com/openssl/openssl/commit/5b139f95c9a47a55a0c54100f3837b1eee942b04)\n- [openssl-security@openssl.org](https://github.com/openssl/openssl/commit/f3fc5808fe9ff74042d639839610d03b8fdcc015)\n- [openssl-security@openssl.org](https://www.openssl.org/news/secadv/20240109.txt)\n- [openssl-security@openssl.org](http://www.openwall.com/lists/oss-security/2024/01/09/1)\n- [openssl-security@openssl.org](https://security.netapp.com/advisory/ntap-20240216-0009/)\n",
      "epssDetails": {
        "percentile": "0.23244",
        "probability": "0.00061",
        "modelVersion": "v2023.03.01"
      },
      "identifiers": {
        "CVE": [
          "CVE-2023-6129"
        ],
        "CWE": [
          "CWE-787"
        ],
        "ALTERNATIVE": []
      },
      "nvdSeverity": "medium",
      "packageName": "openssl",
      "creationTime": "2024-01-10T02:59:36.976637Z",
      "disclosureTime": "2024-01-09T17:15:12.147000Z",
      "packageManager": "alpine:3.19",
      "publicationTime": "2024-01-10T02:59:36.982837Z",
      "modificationTime": "2024-01-25T13:32:21.064625Z",
      "socialTrendAlert": false,
      "relativeImportance": null,
      "severityWithCritical": "medium",
      "from": [
        "docker-image|requarks/wiki@latest",
        "openssl/libcrypto3@3.1.4-r2"
      ],
      "upgradePath": [
        false,
        "openssl/libcrypto3@3.1.4-r3"
      ],
      "isUpgradable": true,
      "isPatchable": false,
      "name": "openssl/libcrypto3",
      "version": "3.1.4-r2",
      "nearestFixedInVersion": "3.1.4-r3"
    },
    {
      "id": "SNYK-ALPINE319-OPENSSL-6159994",
      "cpes": [],
      "title": "CVE-2023-6237",
      "CVSSv3": null,
      "credit": [
        ""
      ],
      "semver": {
        "vulnerable": [
          "<3.1.4-r4"
        ]
      },
      "exploit": "Not Defined",
      "fixedIn": [
        "3.1.4-r4"
      ],
      "patches": [],
      "insights": {
        "triageAdvice": null
      },
      "language": "linux",
      "severity": "low",
      "cvssScore": null,
      "malicious": false,
      "isDisputed": false,
      "references": [],
      "cvssDetails": [
        {
          "assigner": "Red Hat",
          "severity": "medium",
          "cvssV3Vector": "CVSS:3.1/AV:N/AC:H/PR:N/UI:N/S:U/C:N/I:N/A:H",
          "cvssV3BaseScore": 5.9,
          "modificationTime": "2024-01-16T13:32:46.781382Z"
        },
        {
          "assigner": "SUSE",
          "severity": "medium",
          "cvssV3Vector": "CVSS:3.1/AV:N/AC:H/PR:N/UI:N/S:U/C:N/I:N/A:H",
          "cvssV3BaseScore": 5.9,
          "modificationTime": "2024-01-23T11:03:54.426940Z"
        }
      ],
      "description": "## NVD Description\n_This vulnerability has not been analyzed by NVD yet._\n\n## Remediation\nUpgrade `Alpine:3.19` `openssl` to version 3.1.4-r4 or higher.\n",
      "epssDetails": null,
      "identifiers": {
        "CVE": [
          "CVE-2023-6237"
        ],
        "CWE": [],
        "ALTERNATIVE": []
      },
      "nvdSeverity": null,
      "packageName": "openssl",
      "creationTime": "2024-01-17T03:01:42.989847Z",
      "disclosureTime": null,
      "packageManager": "alpine:3.19",
      "publicationTime": "2024-01-17T03:01:42.996770Z",
      "modificationTime": "2024-01-23T11:03:54.426940Z",
      "socialTrendAlert": false,
      "relativeImportance": null,
      "severityWithCritical": "low",
      "from": [
        "docker-image|requarks/wiki@latest",
        "openssl/libcrypto3@3.1.4-r2"
      ],
      "upgradePath": [
        false,
        "openssl/libcrypto3@3.1.4-r4"
      ],
      "isUpgradable": true,
      "isPatchable": false,
      "name": "openssl/libcrypto3",
      "version": "3.1.4-r2",
      "nearestFixedInVersion": "3.1.4-r4"
    },
    {
      "id": "SNYK-ALPINE319-OPENSSL-6191693",
      "cpes": [],
      "title": "CVE-2024-0727",
      "CVSSv3": "CVSS:3.1/AV:L/AC:L/PR:N/UI:R/S:U/C:N/I:N/A:H",
      "credit": [
        ""
      ],
      "semver": {
        "vulnerable": [
          "<3.1.4-r5"
        ]
      },
      "exploit": "Not Defined",
      "fixedIn": [
        "3.1.4-r5"
      ],
      "patches": [],
      "insights": {
        "triageAdvice": null
      },
      "language": "linux",
      "severity": "medium",
      "cvssScore": 5.5,
      "malicious": false,
      "isDisputed": false,
      "references": [
        {
          "url": "https://github.com/openssl/openssl/commit/09df4395b5071217b76dc7d3d2e630eb8c5a79c2",
          "title": "https://github.com/openssl/openssl/commit/09df4395b5071217b76dc7d3d2e630eb8c5a79c2"
        },
        {
          "url": "https://github.com/openssl/openssl/commit/775acfdbd0c6af9ac855f34969cdab0c0c90844a",
          "title": "https://github.com/openssl/openssl/commit/775acfdbd0c6af9ac855f34969cdab0c0c90844a"
        },
        {
          "url": "https://github.com/openssl/openssl/commit/d135eeab8a5dbf72b3da5240bab9ddb7678dbd2c",
          "title": "https://github.com/openssl/openssl/commit/d135eeab8a5dbf72b3da5240bab9ddb7678dbd2c"
        },
        {
          "url": "https://github.openssl.org/openssl/extended-releases/commit/03b3941d60c4bce58fab69a0c22377ab439bc0e8",
          "title": "https://github.openssl.org/openssl/extended-releases/commit/03b3941d60c4bce58fab69a0c22377ab439bc0e8"
        },
        {
          "url": "https://github.openssl.org/openssl/extended-releases/commit/aebaa5883e31122b404e450732dc833dc9dee539",
          "title": "https://github.openssl.org/openssl/extended-releases/commit/aebaa5883e31122b404e450732dc833dc9dee539"
        },
        {
          "url": "https://www.openssl.org/news/secadv/20240125.txt",
          "title": "https://www.openssl.org/news/secadv/20240125.txt"
        },
        {
          "url": "https://security.netapp.com/advisory/ntap-20240208-0006/",
          "title": "https://security.netapp.com/advisory/ntap-20240208-0006/"
        }
      ],
      "cvssDetails": [
        {
          "assigner": "Red Hat",
          "severity": "low",
          "cvssV3Vector": "CVSS:3.1/AV:L/AC:L/PR:N/UI:R/S:U/C:N/I:N/A:L",
          "cvssV3BaseScore": 3.3,
          "modificationTime": "2024-01-25T13:59:48.995274Z"
        },
        {
          "assigner": "NVD",
          "severity": "medium",
          "cvssV3Vector": "CVSS:3.1/AV:L/AC:L/PR:N/UI:R/S:U/C:N/I:N/A:H",
          "cvssV3BaseScore": 5.5,
          "modificationTime": "2024-02-03T01:11:14.382067Z"
        },
        {
          "assigner": "SUSE",
          "severity": "low",
          "cvssV3Vector": "CVSS:3.1/AV:L/AC:L/PR:N/UI:R/S:U/C:N/I:N/A:L",
          "cvssV3BaseScore": 3.3,
          "modificationTime": "2024-02-17T11:05:02.402419Z"
        }
      ],
      "description": "## NVD Description\n**_Note:_** _Versions mentioned in the description apply only to the upstream `openssl` package and not the `openssl` package as distributed by `Alpine`._\n_See `How to fix?` for `Alpine:3.19` relevant fixed versions and status._\n\nIssue summary: Processing a maliciously formatted PKCS12 file may lead OpenSSL\nto crash leading to a potential Denial of Service attack\n\nImpact summary: Applications loading files in the PKCS12 format from untrusted\nsources might terminate abruptly.\n\nA file in PKCS12 format can contain certificates and keys and may come from an\nuntrusted source. The PKCS12 specification allows certain fields to be NULL, but\nOpenSSL does not correctly check for this case. This can lead to a NULL pointer\ndereference that results in OpenSSL crashing. If an application processes PKCS12\nfiles from an untrusted source using the OpenSSL APIs then that application will\nbe vulnerable to this issue.\n\nOpenSSL APIs that are vulnerable to this are: PKCS12_parse(),\nPKCS12_unpack_p7data(), PKCS12_unpack_p7encdata(), PKCS12_unpack_authsafes()\nand PKCS12_newpass().\n\nWe have also fixed a similar issue in SMIME_write_PKCS7(). However since this\nfunction is related to writing data we do not consider it security significant.\n\nThe FIPS modules in 3.2, 3.1 and 3.0 are not affected by this issue.\n## Remediation\nUpgrade `Alpine:3.19` `openssl` to version 3.1.4-r5 or higher.\n## References\n- [openssl-security@openssl.org](https://github.com/openssl/openssl/commit/09df4395b5071217b76dc7d3d2e630eb8c5a79c2)\n- [openssl-security@openssl.org](https://github.com/openssl/openssl/commit/775acfdbd0c6af9ac855f34969cdab0c0c90844a)\n- [openssl-security@openssl.org](https://github.com/openssl/openssl/commit/d135eeab8a5dbf72b3da5240bab9ddb7678dbd2c)\n- [openssl-security@openssl.org](https://github.openssl.org/openssl/extended-releases/commit/03b3941d60c4bce58fab69a0c22377ab439bc0e8)\n- [openssl-security@openssl.org](https://github.openssl.org/openssl/extended-releases/commit/aebaa5883e31122b404e450732dc833dc9dee539)\n- [openssl-security@openssl.org](https://www.openssl.org/news/secadv/20240125.txt)\n- [openssl-security@openssl.org](https://security.netapp.com/advisory/ntap-20240208-0006/)\n",
      "epssDetails": {
        "percentile": "0.60028",
        "probability": "0.00228",
        "modelVersion": "v2023.03.01"
      },
      "identifiers": {
        "CVE": [
          "CVE-2024-0727"
        ],
        "CWE": [],
        "ALTERNATIVE": []
      },
      "nvdSeverity": "medium",
      "packageName": "openssl",
      "creationTime": "2024-01-26T03:03:11.579088Z",
      "disclosureTime": "2024-01-26T09:15:07.637000Z",
      "packageManager": "alpine:3.19",
      "publicationTime": "2024-01-26T03:03:11.584623Z",
      "modificationTime": "2024-02-17T11:05:02.402419Z",
      "socialTrendAlert": false,
      "relativeImportance": null,
      "severityWithCritical": "medium",
      "from": [
        "docker-image|requarks/wiki@latest",
        "openssl/libcrypto3@3.1.4-r2"
      ],
      "upgradePath": [
        false,
        "openssl/libcrypto3@3.1.4-r5"
      ],
      "isUpgradable": true,
      "isPatchable": false,
      "name": "openssl/libcrypto3",
      "version": "3.1.4-r2",
      "nearestFixedInVersion": "3.1.4-r5"
    },
    {
      "id": "SNYK-ALPINE319-OPENSSL-6148881",
      "cpes": [],
      "title": "Out-of-bounds Write",
      "CVSSv3": "CVSS:3.1/AV:N/AC:H/PR:N/UI:N/S:U/C:N/I:L/A:H",
      "credit": [
        ""
      ],
      "semver": {
        "vulnerable": [
          "<3.1.4-r3"
        ]
      },
      "exploit": "Not Defined",
      "fixedIn": [
        "3.1.4-r3"
      ],
      "patches": [],
      "insights": {
        "triageAdvice": null
      },
      "language": "linux",
      "severity": "medium",
      "cvssScore": 6.5,
      "malicious": false,
      "isDisputed": false,
      "references": [
        {
          "url": "https://github.com/openssl/openssl/commit/050d26383d4e264966fb83428e72d5d48f402d35",
          "title": "https://github.com/openssl/openssl/commit/050d26383d4e264966fb83428e72d5d48f402d35"
        },
        {
          "url": "https://github.com/openssl/openssl/commit/5b139f95c9a47a55a0c54100f3837b1eee942b04",
          "title": "https://github.com/openssl/openssl/commit/5b139f95c9a47a55a0c54100f3837b1eee942b04"
        },
        {
          "url": "https://github.com/openssl/openssl/commit/f3fc5808fe9ff74042d639839610d03b8fdcc015",
          "title": "https://github.com/openssl/openssl/commit/f3fc5808fe9ff74042d639839610d03b8fdcc015"
        },
        {
          "url": "https://www.openssl.org/news/secadv/20240109.txt",
          "title": "https://www.openssl.org/news/secadv/20240109.txt"
        },
        {
          "url": "http://www.openwall.com/lists/oss-security/2024/01/09/1",
          "title": "http://www.openwall.com/lists/oss-security/2024/01/09/1"
        },
        {
          "url": "https://security.netapp.com/advisory/ntap-20240216-0009/",
          "title": "https://security.netapp.com/advisory/ntap-20240216-0009/"
        }
      ],
      "cvssDetails": [
        {
          "assigner": "SUSE",
          "severity": "medium",
          "cvssV3Vector": "CVSS:3.1/AV:N/AC:L/PR:N/UI:N/S:U/C:N/I:L/A:L",
          "cvssV3BaseScore": 6.5,
          "modificationTime": "2024-01-23T11:03:54.062787Z"
        },
        {
          "assigner": "NVD",
          "severity": "medium",
          "cvssV3Vector": "CVSS:3.1/AV:N/AC:H/PR:N/UI:N/S:U/C:N/I:L/A:H",
          "cvssV3BaseScore": 6.5,
          "modificationTime": "2024-01-24T01:11:18.316654Z"
        },
        {
          "assigner": "Red Hat",
          "severity": "medium",
          "cvssV3Vector": "CVSS:3.1/AV:N/AC:H/PR:N/UI:N/S:U/C:N/I:L/A:H",
          "cvssV3BaseScore": 6.5,
          "modificationTime": "2024-01-25T13:32:21.064625Z"
        }
      ],
      "description": "## NVD Description\n**_Note:_** _Versions mentioned in the description apply only to the upstream `openssl` package and not the `openssl` package as distributed by `Alpine`._\n_See `How to fix?` for `Alpine:3.19` relevant fixed versions and status._\n\nIssue summary: The POLY1305 MAC (message authentication code) implementation\ncontains a bug that might corrupt the internal state of applications running\non PowerPC CPU based platforms if the CPU provides vector instructions.\n\nImpact summary: If an attacker can influence whether the POLY1305 MAC\nalgorithm is used, the application state might be corrupted with various\napplication dependent consequences.\n\nThe POLY1305 MAC (message authentication code) implementation in OpenSSL for\nPowerPC CPUs restores the contents of vector registers in a different order\nthan they are saved. Thus the contents of some of these vector registers\nare corrupted when returning to the caller. The vulnerable code is used only\non newer PowerPC processors supporting the PowerISA 2.07 instructions.\n\nThe consequences of this kind of internal application state corruption can\nbe various - from no consequences, if the calling application does not\ndepend on the contents of non-volatile XMM registers at all, to the worst\nconsequences, where the attacker could get complete control of the application\nprocess. However unless the compiler uses the vector registers for storing\npointers, the most likely consequence, if any, would be an incorrect result\nof some application dependent calculations or a crash leading to a denial of\nservice.\n\nThe POLY1305 MAC algorithm is most frequently used as part of the\nCHACHA20-POLY1305 AEAD (authenticated encryption with associated data)\nalgorithm. The most common usage of this AEAD cipher is with TLS protocol\nversions 1.2 and 1.3. If this cipher is enabled on the server a malicious\nclient can influence whether this AEAD cipher is used. This implies that\nTLS server applications using OpenSSL can be potentially impacted. However\nwe are currently not aware of any concrete application that would be affected\nby this issue therefore we consider this a Low severity security issue.\n## Remediation\nUpgrade `Alpine:3.19` `openssl` to version 3.1.4-r3 or higher.\n## References\n- [openssl-security@openssl.org](https://github.com/openssl/openssl/commit/050d26383d4e264966fb83428e72d5d48f402d35)\n- [openssl-security@openssl.org](https://github.com/openssl/openssl/commit/5b139f95c9a47a55a0c54100f3837b1eee942b04)\n- [openssl-security@openssl.org](https://github.com/openssl/openssl/commit/f3fc5808fe9ff74042d639839610d03b8fdcc015)\n- [openssl-security@openssl.org](https://www.openssl.org/news/secadv/20240109.txt)\n- [openssl-security@openssl.org](http://www.openwall.com/lists/oss-security/2024/01/09/1)\n- [openssl-security@openssl.org](https://security.netapp.com/advisory/ntap-20240216-0009/)\n",
      "epssDetails": {
        "percentile": "0.23244",
        "probability": "0.00061",
        "modelVersion": "v2023.03.01"
      },
      "identifiers": {
        "CVE": [
          "CVE-2023-6129"
        ],
        "CWE": [
          "CWE-787"
        ],
        "ALTERNATIVE": []
      },
      "nvdSeverity": "medium",
      "packageName": "openssl",
      "creationTime": "2024-01-10T02:59:36.976637Z",
      "disclosureTime": "2024-01-09T17:15:12.147000Z",
      "packageManager": "alpine:3.19",
      "publicationTime": "2024-01-10T02:59:36.982837Z",
      "modificationTime": "2024-01-25T13:32:21.064625Z",
      "socialTrendAlert": false,
      "relativeImportance": null,
      "severityWithCritical": "medium",
      "from": [
        "docker-image|requarks/wiki@latest",
        "openssl/libssl3@3.1.4-r2"
      ],
      "upgradePath": [
        false,
        "openssl/libssl3@3.1.4-r3"
      ],
      "isUpgradable": true,
      "isPatchable": false,
      "name": "openssl/libssl3",
      "version": "3.1.4-r2",
      "nearestFixedInVersion": "3.1.4-r3"
    },
    {
      "id": "SNYK-ALPINE319-OPENSSL-6159994",
      "cpes": [],
      "title": "CVE-2023-6237",
      "CVSSv3": null,
      "credit": [
        ""
      ],
      "semver": {
        "vulnerable": [
          "<3.1.4-r4"
        ]
      },
      "exploit": "Not Defined",
      "fixedIn": [
        "3.1.4-r4"
      ],
      "patches": [],
      "insights": {
        "triageAdvice": null
      },
      "language": "linux",
      "severity": "low",
      "cvssScore": null,
      "malicious": false,
      "isDisputed": false,
      "references": [],
      "cvssDetails": [
        {
          "assigner": "Red Hat",
          "severity": "medium",
          "cvssV3Vector": "CVSS:3.1/AV:N/AC:H/PR:N/UI:N/S:U/C:N/I:N/A:H",
          "cvssV3BaseScore": 5.9,
          "modificationTime": "2024-01-16T13:32:46.781382Z"
        },
        {
          "assigner": "SUSE",
          "severity": "medium",
          "cvssV3Vector": "CVSS:3.1/AV:N/AC:H/PR:N/UI:N/S:U/C:N/I:N/A:H",
          "cvssV3BaseScore": 5.9,
          "modificationTime": "2024-01-23T11:03:54.426940Z"
        }
      ],
      "description": "## NVD Description\n_This vulnerability has not been analyzed by NVD yet._\n\n## Remediation\nUpgrade `Alpine:3.19` `openssl` to version 3.1.4-r4 or higher.\n",
      "epssDetails": null,
      "identifiers": {
        "CVE": [
          "CVE-2023-6237"
        ],
        "CWE": [],
        "ALTERNATIVE": []
      },
      "nvdSeverity": null,
      "packageName": "openssl",
      "creationTime": "2024-01-17T03:01:42.989847Z",
      "disclosureTime": null,
      "packageManager": "alpine:3.19",
      "publicationTime": "2024-01-17T03:01:42.996770Z",
      "modificationTime": "2024-01-23T11:03:54.426940Z",
      "socialTrendAlert": false,
      "relativeImportance": null,
      "severityWithCritical": "low",
      "from": [
        "docker-image|requarks/wiki@latest",
        "openssl/libssl3@3.1.4-r2"
      ],
      "upgradePath": [
        false,
        "openssl/libssl3@3.1.4-r4"
      ],
      "isUpgradable": true,
      "isPatchable": false,
      "name": "openssl/libssl3",
      "version": "3.1.4-r2",
      "nearestFixedInVersion": "3.1.4-r4"
    },
    {
      "id": "SNYK-ALPINE319-OPENSSL-6191693",
      "cpes": [],
      "title": "CVE-2024-0727",
      "CVSSv3": "CVSS:3.1/AV:L/AC:L/PR:N/UI:R/S:U/C:N/I:N/A:H",
      "credit": [
        ""
      ],
      "semver": {
        "vulnerable": [
          "<3.1.4-r5"
        ]
      },
      "exploit": "Not Defined",
      "fixedIn": [
        "3.1.4-r5"
      ],
      "patches": [],
      "insights": {
        "triageAdvice": null
      },
      "language": "linux",
      "severity": "medium",
      "cvssScore": 5.5,
      "malicious": false,
      "isDisputed": false,
      "references": [
        {
          "url": "https://github.com/openssl/openssl/commit/09df4395b5071217b76dc7d3d2e630eb8c5a79c2",
          "title": "https://github.com/openssl/openssl/commit/09df4395b5071217b76dc7d3d2e630eb8c5a79c2"
        },
        {
          "url": "https://github.com/openssl/openssl/commit/775acfdbd0c6af9ac855f34969cdab0c0c90844a",
          "title": "https://github.com/openssl/openssl/commit/775acfdbd0c6af9ac855f34969cdab0c0c90844a"
        },
        {
          "url": "https://github.com/openssl/openssl/commit/d135eeab8a5dbf72b3da5240bab9ddb7678dbd2c",
          "title": "https://github.com/openssl/openssl/commit/d135eeab8a5dbf72b3da5240bab9ddb7678dbd2c"
        },
        {
          "url": "https://github.openssl.org/openssl/extended-releases/commit/03b3941d60c4bce58fab69a0c22377ab439bc0e8",
          "title": "https://github.openssl.org/openssl/extended-releases/commit/03b3941d60c4bce58fab69a0c22377ab439bc0e8"
        },
        {
          "url": "https://github.openssl.org/openssl/extended-releases/commit/aebaa5883e31122b404e450732dc833dc9dee539",
          "title": "https://github.openssl.org/openssl/extended-releases/commit/aebaa5883e31122b404e450732dc833dc9dee539"
        },
        {
          "url": "https://www.openssl.org/news/secadv/20240125.txt",
          "title": "https://www.openssl.org/news/secadv/20240125.txt"
        },
        {
          "url": "https://security.netapp.com/advisory/ntap-20240208-0006/",
          "title": "https://security.netapp.com/advisory/ntap-20240208-0006/"
        }
      ],
      "cvssDetails": [
        {
          "assigner": "Red Hat",
          "severity": "low",
          "cvssV3Vector": "CVSS:3.1/AV:L/AC:L/PR:N/UI:R/S:U/C:N/I:N/A:L",
          "cvssV3BaseScore": 3.3,
          "modificationTime": "2024-01-25T13:59:48.995274Z"
        },
        {
          "assigner": "NVD",
          "severity": "medium",
          "cvssV3Vector": "CVSS:3.1/AV:L/AC:L/PR:N/UI:R/S:U/C:N/I:N/A:H",
          "cvssV3BaseScore": 5.5,
          "modificationTime": "2024-02-03T01:11:14.382067Z"
        },
        {
          "assigner": "SUSE",
          "severity": "low",
          "cvssV3Vector": "CVSS:3.1/AV:L/AC:L/PR:N/UI:R/S:U/C:N/I:N/A:L",
          "cvssV3BaseScore": 3.3,
          "modificationTime": "2024-02-17T11:05:02.402419Z"
        }
      ],
      "description": "## NVD Description\n**_Note:_** _Versions mentioned in the description apply only to the upstream `openssl` package and not the `openssl` package as distributed by `Alpine`._\n_See `How to fix?` for `Alpine:3.19` relevant fixed versions and status._\n\nIssue summary: Processing a maliciously formatted PKCS12 file may lead OpenSSL\nto crash leading to a potential Denial of Service attack\n\nImpact summary: Applications loading files in the PKCS12 format from untrusted\nsources might terminate abruptly.\n\nA file in PKCS12 format can contain certificates and keys and may come from an\nuntrusted source. The PKCS12 specification allows certain fields to be NULL, but\nOpenSSL does not correctly check for this case. This can lead to a NULL pointer\ndereference that results in OpenSSL crashing. If an application processes PKCS12\nfiles from an untrusted source using the OpenSSL APIs then that application will\nbe vulnerable to this issue.\n\nOpenSSL APIs that are vulnerable to this are: PKCS12_parse(),\nPKCS12_unpack_p7data(), PKCS12_unpack_p7encdata(), PKCS12_unpack_authsafes()\nand PKCS12_newpass().\n\nWe have also fixed a similar issue in SMIME_write_PKCS7(). However since this\nfunction is related to writing data we do not consider it security significant.\n\nThe FIPS modules in 3.2, 3.1 and 3.0 are not affected by this issue.\n## Remediation\nUpgrade `Alpine:3.19` `openssl` to version 3.1.4-r5 or higher.\n## References\n- [openssl-security@openssl.org](https://github.com/openssl/openssl/commit/09df4395b5071217b76dc7d3d2e630eb8c5a79c2)\n- [openssl-security@openssl.org](https://github.com/openssl/openssl/commit/775acfdbd0c6af9ac855f34969cdab0c0c90844a)\n- [openssl-security@openssl.org](https://github.com/openssl/openssl/commit/d135eeab8a5dbf72b3da5240bab9ddb7678dbd2c)\n- [openssl-security@openssl.org](https://github.openssl.org/openssl/extended-releases/commit/03b3941d60c4bce58fab69a0c22377ab439bc0e8)\n- [openssl-security@openssl.org](https://github.openssl.org/openssl/extended-releases/commit/aebaa5883e31122b404e450732dc833dc9dee539)\n- [openssl-security@openssl.org](https://www.openssl.org/news/secadv/20240125.txt)\n- [openssl-security@openssl.org](https://security.netapp.com/advisory/ntap-20240208-0006/)\n",
      "epssDetails": {
        "percentile": "0.60028",
        "probability": "0.00228",
        "modelVersion": "v2023.03.01"
      },
      "identifiers": {
        "CVE": [
          "CVE-2024-0727"
        ],
        "CWE": [],
        "ALTERNATIVE": []
      },
      "nvdSeverity": "medium",
      "packageName": "openssl",
      "creationTime": "2024-01-26T03:03:11.579088Z",
      "disclosureTime": "2024-01-26T09:15:07.637000Z",
      "packageManager": "alpine:3.19",
      "publicationTime": "2024-01-26T03:03:11.584623Z",
      "modificationTime": "2024-02-17T11:05:02.402419Z",
      "socialTrendAlert": false,
      "relativeImportance": null,
      "severityWithCritical": "medium",
      "from": [
        "docker-image|requarks/wiki@latest",
        "openssl/libssl3@3.1.4-r2"
      ],
      "upgradePath": [
        false,
        "openssl/libssl3@3.1.4-r5"
      ],
      "isUpgradable": true,
      "isPatchable": false,
      "name": "openssl/libssl3",
      "version": "3.1.4-r2",
      "nearestFixedInVersion": "3.1.4-r5"
    },
    {
      "id": "SNYK-UPSTREAM-NODE-6252328",
      "title": "Allocation of Resources Without Limits or Throttling",
      "CVSSv3": "CVSS:3.1/AV:N/AC:L/PR:N/UI:N/S:U/C:N/I:N/A:H",
      "credit": [
        "Bartek Nowotarski"
      ],
      "semver": {
        "vulnerable": [
          "[,18.19.1)",
          "[19.0.0,20.11.1)",
          "[21.0.0,21.6.2)"
        ]
      },
      "exploit": "Not Defined",
      "fixedIn": [
        "18.19.1",
        "20.11.1",
        "21.6.2"
      ],
      "patches": [],
      "insights": {
        "triageAdvice": null
      },
      "language": "js",
      "severity": "high",
      "cvssScore": 7.5,
      "functions": [],
      "malicious": false,
      "isDisputed": false,
      "references": [
        {
          "url": "https://github.com/nodejs/node/commit/6155a1ffaf",
          "title": "GitHub Commit"
        },
        {
          "url": "https://github.com/nodejs/node/commit/77ac7c3153",
          "title": "GitHub Commit"
        },
        {
          "url": "https://github.com/nodejs/node/commit/911cb33cda",
          "title": "GitHub Commit"
        },
        {
          "url": "https://bugzilla.redhat.com/show_bug.cgi?id=2264574",
          "title": "RedHat Bugzilla Bug"
        }
      ],
      "cvssDetails": [
        {
          "assigner": "Red Hat",
          "severity": "high",
          "cvssV3Vector": "CVSS:3.1/AV:N/AC:L/PR:N/UI:N/S:U/C:N/I:N/A:H",
          "cvssV3BaseScore": 7.5,
          "modificationTime": "2024-02-17T14:05:38.101215Z"
        }
      ],
      "description": "## Overview\n[node](https://nodejs.org/en/) is a JavaScript runtime built on Chrome's V8 JavaScript engine.\n\nAffected versions of this package are vulnerable to Allocation of Resources Without Limits or Throttling due to a lack of safeguards on chunk extension bytes. The server may read an unbounded number of bytes from a single connection, which allows an attacker to cause denial of service via CPU and network bandwidth exhaustion.\n\n## Details\n\nDenial of Service (DoS) describes a family of attacks, all aimed at making a system inaccessible to its intended and legitimate users.\n\nUnlike other vulnerabilities, DoS attacks usually do not aim at breaching security. Rather, they are focused on making websites and services unavailable to genuine users resulting in downtime.\n\nOne popular Denial of Service vulnerability is DDoS (a Distributed Denial of Service), an attack that attempts to clog network pipes to the system by generating a large volume of traffic from many machines.\n\nWhen it comes to open source libraries, DoS vulnerabilities allow attackers to trigger such a crash or crippling of the service by using a flaw either in the application code or from the use of open source libraries.\n\nTwo common types of DoS vulnerabilities:\n\n* High CPU/Memory Consumption- An attacker sending crafted requests that could cause the system to take a disproportionate amount of time to process. For example, [commons-fileupload:commons-fileupload](SNYK-JAVA-COMMONSFILEUPLOAD-30082).\n\n* Crash - An attacker sending crafted requests that could cause the system to crash. For Example,  [npm `ws` package](https://snyk.io/vuln/npm:ws:20171108)\n\n## Remediation\nUpgrade `node` to version 18.19.1, 20.11.1, 21.6.2 or higher.\n## References\n- [GitHub Commit](https://github.com/nodejs/node/commit/6155a1ffaf)\n- [GitHub Commit](https://github.com/nodejs/node/commit/77ac7c3153)\n- [GitHub Commit](https://github.com/nodejs/node/commit/911cb33cda)\n- [RedHat Bugzilla Bug](https://bugzilla.redhat.com/show_bug.cgi?id=2264574)\n",
      "epssDetails": null,
      "identifiers": {
        "CVE": [
          "CVE-2024-22019"
        ],
        "CWE": [
          "CWE-770"
        ]
      },
      "packageName": "node",
      "creationTime": "2024-02-18T08:37:36.421651Z",
      "functions_new": [],
      "alternativeIds": [],
      "disclosureTime": "2024-02-16T00:00:00Z",
      "packageManager": "upstream",
      "publicationTime": "2024-02-18T08:43:40.555211Z",
      "modificationTime": "2024-02-18T08:43:40.555577Z",
      "socialTrendAlert": false,
      "packagePopularityRank": 0,
      "from": [
        "Upstream",
        "node@18.19.0"
      ],
      "upgradePath": [],
      "isUpgradable": false,
      "isPatchable": false,
      "name": "node",
      "version": "18.19.0"
    },
    {
      "id": "SNYK-UPSTREAM-NODE-6252330",
      "title": "Observable Timing Discrepancy",
      "CVSSv3": "CVSS:3.1/AV:N/AC:H/PR:N/UI:N/S:U/C:H/I:N/A:N",
      "credit": [
        "Hubert Kario"
      ],
      "semver": {
        "vulnerable": [
          "[,18.19.1)",
          "[19.0.0,20.11.1)",
          "[21.0.0,21.6.2)"
        ]
      },
      "exploit": "Not Defined",
      "fixedIn": [
        "18.19.1",
        "20.11.1",
        "21.6.2"
      ],
      "patches": [],
      "insights": {
        "triageAdvice": null
      },
      "language": "js",
      "severity": "medium",
      "cvssScore": 5.9,
      "functions": [],
      "malicious": false,
      "isDisputed": false,
      "references": [
        {
          "url": "https://github.com/nodejs/node/commit/7079c062bb",
          "title": "GitHub Commit"
        },
        {
          "url": "https://github.com/nodejs/node/commit/8344719369",
          "title": "GitHub Commit"
        },
        {
          "url": "https://github.com/nodejs/node/commit/d3d357ab09",
          "title": "GitHub Commit"
        },
        {
          "url": "https://bugzilla.redhat.com/show_bug.cgi?id=2264569",
          "title": "RedHat Bugzilla Bug"
        },
        {
          "url": "https://people.redhat.com/~hkario/marvin/",
          "title": "Vulnerability Report"
        }
      ],
      "cvssDetails": [
        {
          "assigner": "Red Hat",
          "severity": "medium",
          "cvssV3Vector": "CVSS:3.1/AV:N/AC:H/PR:N/UI:N/S:U/C:H/I:N/A:N",
          "cvssV3BaseScore": 5.9,
          "modificationTime": "2024-02-17T13:58:02.326154Z"
        }
      ],
      "description": "## Overview\n[node](https://nodejs.org/en/) is a JavaScript runtime built on Chrome's V8 JavaScript engine.\n\nAffected versions of this package are vulnerable to Observable Timing Discrepancy due to the implementation of PKCS#1 v1.5 padding. An attacker can infer the private key used in the cryptographic operation by observing the time taken to execute cryptographic operations (Marvin).\n## Remediation\nUpgrade `node` to version 18.19.1, 20.11.1, 21.6.2 or higher.\n## References\n- [GitHub Commit](https://github.com/nodejs/node/commit/7079c062bb)\n- [GitHub Commit](https://github.com/nodejs/node/commit/8344719369)\n- [GitHub Commit](https://github.com/nodejs/node/commit/d3d357ab09)\n- [RedHat Bugzilla Bug](https://bugzilla.redhat.com/show_bug.cgi?id=2264569)\n- [Vulnerability Report](https://people.redhat.com/~hkario/marvin/)\n",
      "epssDetails": null,
      "identifiers": {
        "CVE": [
          "CVE-2023-46809"
        ],
        "CWE": [
          "CWE-203"
        ]
      },
      "packageName": "node",
      "creationTime": "2024-02-18T08:43:09.055248Z",
      "functions_new": [],
      "alternativeIds": [],
      "disclosureTime": "2024-02-16T00:00:00Z",
      "packageManager": "upstream",
      "publicationTime": "2024-02-18T08:43:23.914164Z",
      "modificationTime": "2024-02-18T08:43:23.914429Z",
      "socialTrendAlert": false,
      "packagePopularityRank": 0,
      "from": [
        "Upstream",
        "node@18.19.0"
      ],
      "upgradePath": [],
      "isUpgradable": false,
      "isPatchable": false,
      "name": "node",
      "version": "18.19.0"
    },
    {
      "id": "SNYK-UPSTREAM-NODE-6252332",
      "title": "Code Injection",
      "CVSSv3": "CVSS:3.1/AV:N/AC:L/PR:L/UI:N/S:U/C:H/I:H/A:N",
      "credit": [
        "Tobias Nießen"
      ],
      "semver": {
        "vulnerable": [
          "[,18.19.1)",
          "[19.0.0,20.11.1)",
          "[21.0.0,21.6.2)"
        ]
      },
      "exploit": "Not Defined",
      "fixedIn": [
        "18.19.1",
        "20.11.1",
        "21.6.2"
      ],
      "patches": [],
      "insights": {
        "triageAdvice": null
      },
      "language": "js",
      "severity": "high",
      "cvssScore": 8.1,
      "functions": [],
      "malicious": false,
      "isDisputed": false,
      "references": [
        {
          "url": "https://github.com/nodejs/node/commit/208b3940c7",
          "title": "GitHub Commit"
        },
        {
          "url": "https://github.com/nodejs/node/commit/40ff37dfcc",
          "title": "GitHub Commit"
        },
        {
          "url": "https://github.com/nodejs/node/commit/e6b4c105e0",
          "title": "GitHub Commit"
        },
        {
          "url": "https://bugzilla.redhat.com/show_bug.cgi?id=2264582",
          "title": "RedHat Bugzilla Bug"
        }
      ],
      "cvssDetails": [
        {
          "assigner": "Red Hat",
          "severity": "high",
          "cvssV3Vector": "CVSS:3.1/AV:N/AC:L/PR:L/UI:N/S:U/C:H/I:H/A:N",
          "cvssV3BaseScore": 8.1,
          "modificationTime": "2024-02-17T14:04:27.223225Z"
        }
      ],
      "description": "## Overview\n[node](https://nodejs.org/en/) is a JavaScript runtime built on Chrome's V8 JavaScript engine.\n\nAffected versions of this package are vulnerable to Code Injection due to the incorrect handling of environment variables on Linux when the process is running with elevated privileges that the current user lacks (does not apply to `CAP_NET_BIND_SERVICE`).\n## Remediation\nUpgrade `node` to version 18.19.1, 20.11.1, 21.6.2 or higher.\n## References\n- [GitHub Commit](https://github.com/nodejs/node/commit/208b3940c7)\n- [GitHub Commit](https://github.com/nodejs/node/commit/40ff37dfcc)\n- [GitHub Commit](https://github.com/nodejs/node/commit/e6b4c105e0)\n- [RedHat Bugzilla Bug](https://bugzilla.redhat.com/show_bug.cgi?id=2264582)\n",
      "epssDetails": null,
      "identifiers": {
        "CVE": [
          "CVE-2024-21892"
        ],
        "CWE": [
          "CWE-94"
        ]
      },
      "packageName": "node",
      "creationTime": "2024-02-18T08:49:31.531986Z",
      "functions_new": [],
      "alternativeIds": [],
      "disclosureTime": "2024-02-16T00:00:00Z",
      "packageManager": "upstream",
      "publicationTime": "2024-02-18T08:49:31.704329Z",
      "modificationTime": "2024-02-18T08:49:31.704724Z",
      "socialTrendAlert": false,
      "packagePopularityRank": 0,
      "from": [
        "Upstream",
        "node@18.19.0"
      ],
      "upgradePath": [],
      "isUpgradable": false,
      "isPatchable": false,
      "name": "node",
      "version": "18.19.0"
    },
    {
      "id": "SNYK-UPSTREAM-NODE-6252338",
      "title": "Permissive Cross-domain Policy with Untrusted Domains",
      "CVSSv3": "CVSS:3.1/AV:N/AC:H/PR:H/UI:R/S:U/C:L/I:L/A:L",
      "credit": [
        "Unknown"
      ],
      "semver": {
        "vulnerable": [
          "[,18.19.1)",
          "[19.0.0,20.11.1)",
          "[21.0.0,21.6.2)"
        ]
      },
      "exploit": "Not Defined",
      "fixedIn": [
        "18.19.1",
        "20.11.1",
        "21.6.2"
      ],
      "patches": [],
      "insights": {
        "triageAdvice": null
      },
      "language": "js",
      "severity": "low",
      "cvssScore": 3.9,
      "functions": [],
      "malicious": false,
      "isDisputed": false,
      "references": [
        {
          "url": "https://github.com/nodejs/node/commit/89bd5fc38f",
          "title": "GitHub Commit"
        },
        {
          "url": "https://github.com/nodejs/node/commit/9d2ac2b3fc",
          "title": "GitHub Commit"
        },
        {
          "url": "https://github.com/nodejs/node/commit/f48b89689d",
          "title": "GitHub Commit"
        },
        {
          "url": "https://github.com/nodejs/undici/commit/b9da3e40f1f096a06b4caedbb27c2568730434ef",
          "title": "GitHub Commit"
        },
        {
          "url": "https://github.com/nodejs/undici/commit/d3aa574b1259c1d8d329a0f0f495ee82882b1458",
          "title": "GitHub Commit"
        }
      ],
      "cvssDetails": [],
      "description": "## Overview\n[node](https://nodejs.org/en/) is a JavaScript runtime built on Chrome's V8 JavaScript engine.\n\nAffected versions of this package are vulnerable to Permissive Cross-domain Policy with Untrusted Domains due to not clearing `Proxy-Authentication` headers on cross-origin redirects. An attacker can intercept the improperly cleared headers.\n## Remediation\nUpgrade `node` to version 18.19.1, 20.11.1, 21.6.2 or higher.\n## References\n- [GitHub Commit](https://github.com/nodejs/node/commit/89bd5fc38f)\n- [GitHub Commit](https://github.com/nodejs/node/commit/9d2ac2b3fc)\n- [GitHub Commit](https://github.com/nodejs/node/commit/f48b89689d)\n- [GitHub Commit](https://github.com/nodejs/undici/commit/b9da3e40f1f096a06b4caedbb27c2568730434ef)\n- [GitHub Commit](https://github.com/nodejs/undici/commit/d3aa574b1259c1d8d329a0f0f495ee82882b1458)\n",
      "epssDetails": {
        "percentile": "0.06714",
        "probability": "0.00043",
        "modelVersion": "v2023.03.01"
      },
      "identifiers": {
        "CVE": [
          "CVE-2024-24758"
        ],
        "CWE": [
          "CWE-942"
        ],
        "GHSA": [
          "GHSA-3787-6prv-h9w3"
        ]
      },
      "packageName": "node",
      "creationTime": "2024-02-18T09:18:57.337112Z",
      "functions_new": [],
      "alternativeIds": [],
      "disclosureTime": "2024-02-16T22:45:15Z",
      "packageManager": "upstream",
      "publicationTime": "2024-02-18T09:18:57.495375Z",
      "modificationTime": "2024-02-18T09:18:57.495606Z",
      "socialTrendAlert": false,
      "packagePopularityRank": 0,
      "from": [
        "Upstream",
        "node@18.19.0"
      ],
      "upgradePath": [],
      "isUpgradable": false,
      "isPatchable": false,
      "name": "node",
      "version": "18.19.0"
    }
  ],
  "ok": false,
  "dependencyCount": 69,
  "org": "suleymanergen32",
  "policy": "# Snyk (https://snyk.io) policy file, patches or ignores known vulnerabilities.\nversion: v1.25.1\nignore: {}\npatch: {}\n",
  "isPrivate": true,
  "licensesPolicy": {
    "severities": {},
    "orgLicenseRules": {
      "AGPL-1.0": {
        "licenseType": "AGPL-1.0",
        "severity": "high",
        "instructions": ""
      },
      "AGPL-3.0": {
        "licenseType": "AGPL-3.0",
        "severity": "high",
        "instructions": ""
      },
      "Artistic-1.0": {
        "licenseType": "Artistic-1.0",
        "severity": "medium",
        "instructions": ""
      },
      "Artistic-2.0": {
        "licenseType": "Artistic-2.0",
        "severity": "medium",
        "instructions": ""
      },
      "CDDL-1.0": {
        "licenseType": "CDDL-1.0",
        "severity": "medium",
        "instructions": ""
      },
      "CPOL-1.02": {
        "licenseType": "CPOL-1.02",
        "severity": "high",
        "instructions": ""
      },
      "EPL-1.0": {
        "licenseType": "EPL-1.0",
        "severity": "medium",
        "instructions": ""
      },
      "GPL-2.0": {
        "licenseType": "GPL-2.0",
        "severity": "high",
        "instructions": ""
      },
      "GPL-3.0": {
        "licenseType": "GPL-3.0",
        "severity": "high",
        "instructions": ""
      },
      "LGPL-2.0": {
        "licenseType": "LGPL-2.0",
        "severity": "medium",
        "instructions": ""
      },
      "LGPL-2.1": {
        "licenseType": "LGPL-2.1",
        "severity": "medium",
        "instructions": ""
      },
      "LGPL-3.0": {
        "licenseType": "LGPL-3.0",
        "severity": "medium",
        "instructions": ""
      },
      "MPL-1.1": {
        "licenseType": "MPL-1.1",
        "severity": "medium",
        "instructions": ""
      },
      "MPL-2.0": {
        "licenseType": "MPL-2.0",
        "severity": "medium",
        "instructions": ""
      },
      "MS-RL": {
        "licenseType": "MS-RL",
        "severity": "medium",
        "instructions": ""
      },
      "SimPL-2.0": {
        "licenseType": "SimPL-2.0",
        "severity": "high",
        "instructions": ""
      }
    }
  },
  "packageManager": "apk",
  "ignoreSettings": {
    "adminOnly": false,
    "reasonRequired": false,
    "disregardFilesystemIgnores": false
  },
  "docker": {
    "binariesVulns": {
      "issuesData": {
        "SNYK-UPSTREAM-NODE-6252328": {
          "id": "SNYK-UPSTREAM-NODE-6252328",
          "title": "Allocation of Resources Without Limits or Throttling",
          "CVSSv3": "CVSS:3.1/AV:N/AC:L/PR:N/UI:N/S:U/C:N/I:N/A:H",
          "credit": [
            "Bartek Nowotarski"
          ],
          "semver": {
            "vulnerable": [
              "[,18.19.1)",
              "[19.0.0,20.11.1)",
              "[21.0.0,21.6.2)"
            ]
          },
          "exploit": "Not Defined",
          "fixedIn": [
            "18.19.1",
            "20.11.1",
            "21.6.2"
          ],
          "patches": [],
          "insights": {
            "triageAdvice": null
          },
          "language": "js",
          "severity": "high",
          "cvssScore": 7.5,
          "functions": [],
          "malicious": false,
          "isDisputed": false,
          "references": [
            {
              "url": "https://github.com/nodejs/node/commit/6155a1ffaf",
              "title": "GitHub Commit"
            },
            {
              "url": "https://github.com/nodejs/node/commit/77ac7c3153",
              "title": "GitHub Commit"
            },
            {
              "url": "https://github.com/nodejs/node/commit/911cb33cda",
              "title": "GitHub Commit"
            },
            {
              "url": "https://bugzilla.redhat.com/show_bug.cgi?id=2264574",
              "title": "RedHat Bugzilla Bug"
            }
          ],
          "cvssDetails": [
            {
              "assigner": "Red Hat",
              "severity": "high",
              "cvssV3Vector": "CVSS:3.1/AV:N/AC:L/PR:N/UI:N/S:U/C:N/I:N/A:H",
              "cvssV3BaseScore": 7.5,
              "modificationTime": "2024-02-17T14:05:38.101215Z"
            }
          ],
          "description": "## Overview\n[node](https://nodejs.org/en/) is a JavaScript runtime built on Chrome's V8 JavaScript engine.\n\nAffected versions of this package are vulnerable to Allocation of Resources Without Limits or Throttling due to a lack of safeguards on chunk extension bytes. The server may read an unbounded number of bytes from a single connection, which allows an attacker to cause denial of service via CPU and network bandwidth exhaustion.\n\n## Details\n\nDenial of Service (DoS) describes a family of attacks, all aimed at making a system inaccessible to its intended and legitimate users.\n\nUnlike other vulnerabilities, DoS attacks usually do not aim at breaching security. Rather, they are focused on making websites and services unavailable to genuine users resulting in downtime.\n\nOne popular Denial of Service vulnerability is DDoS (a Distributed Denial of Service), an attack that attempts to clog network pipes to the system by generating a large volume of traffic from many machines.\n\nWhen it comes to open source libraries, DoS vulnerabilities allow attackers to trigger such a crash or crippling of the service by using a flaw either in the application code or from the use of open source libraries.\n\nTwo common types of DoS vulnerabilities:\n\n* High CPU/Memory Consumption- An attacker sending crafted requests that could cause the system to take a disproportionate amount of time to process. For example, [commons-fileupload:commons-fileupload](SNYK-JAVA-COMMONSFILEUPLOAD-30082).\n\n* Crash - An attacker sending crafted requests that could cause the system to crash. For Example,  [npm `ws` package](https://snyk.io/vuln/npm:ws:20171108)\n\n## Remediation\nUpgrade `node` to version 18.19.1, 20.11.1, 21.6.2 or higher.\n## References\n- [GitHub Commit](https://github.com/nodejs/node/commit/6155a1ffaf)\n- [GitHub Commit](https://github.com/nodejs/node/commit/77ac7c3153)\n- [GitHub Commit](https://github.com/nodejs/node/commit/911cb33cda)\n- [RedHat Bugzilla Bug](https://bugzilla.redhat.com/show_bug.cgi?id=2264574)\n",
          "epssDetails": null,
          "identifiers": {
            "CVE": [
              "CVE-2024-22019"
            ],
            "CWE": [
              "CWE-770"
            ]
          },
          "packageName": "node",
          "creationTime": "2024-02-18T08:37:36.421651Z",
          "functions_new": [],
          "alternativeIds": [],
          "disclosureTime": "2024-02-16T00:00:00Z",
          "packageManager": "upstream",
          "publicationTime": "2024-02-18T08:43:40.555211Z",
          "modificationTime": "2024-02-18T08:43:40.555577Z",
          "socialTrendAlert": false,
          "packagePopularityRank": 0
        },
        "SNYK-UPSTREAM-NODE-6252330": {
          "id": "SNYK-UPSTREAM-NODE-6252330",
          "title": "Observable Timing Discrepancy",
          "CVSSv3": "CVSS:3.1/AV:N/AC:H/PR:N/UI:N/S:U/C:H/I:N/A:N",
          "credit": [
            "Hubert Kario"
          ],
          "semver": {
            "vulnerable": [
              "[,18.19.1)",
              "[19.0.0,20.11.1)",
              "[21.0.0,21.6.2)"
            ]
          },
          "exploit": "Not Defined",
          "fixedIn": [
            "18.19.1",
            "20.11.1",
            "21.6.2"
          ],
          "patches": [],
          "insights": {
            "triageAdvice": null
          },
          "language": "js",
          "severity": "medium",
          "cvssScore": 5.9,
          "functions": [],
          "malicious": false,
          "isDisputed": false,
          "references": [
            {
              "url": "https://github.com/nodejs/node/commit/7079c062bb",
              "title": "GitHub Commit"
            },
            {
              "url": "https://github.com/nodejs/node/commit/8344719369",
              "title": "GitHub Commit"
            },
            {
              "url": "https://github.com/nodejs/node/commit/d3d357ab09",
              "title": "GitHub Commit"
            },
            {
              "url": "https://bugzilla.redhat.com/show_bug.cgi?id=2264569",
              "title": "RedHat Bugzilla Bug"
            },
            {
              "url": "https://people.redhat.com/~hkario/marvin/",
              "title": "Vulnerability Report"
            }
          ],
          "cvssDetails": [
            {
              "assigner": "Red Hat",
              "severity": "medium",
              "cvssV3Vector": "CVSS:3.1/AV:N/AC:H/PR:N/UI:N/S:U/C:H/I:N/A:N",
              "cvssV3BaseScore": 5.9,
              "modificationTime": "2024-02-17T13:58:02.326154Z"
            }
          ],
          "description": "## Overview\n[node](https://nodejs.org/en/) is a JavaScript runtime built on Chrome's V8 JavaScript engine.\n\nAffected versions of this package are vulnerable to Observable Timing Discrepancy due to the implementation of PKCS#1 v1.5 padding. An attacker can infer the private key used in the cryptographic operation by observing the time taken to execute cryptographic operations (Marvin).\n## Remediation\nUpgrade `node` to version 18.19.1, 20.11.1, 21.6.2 or higher.\n## References\n- [GitHub Commit](https://github.com/nodejs/node/commit/7079c062bb)\n- [GitHub Commit](https://github.com/nodejs/node/commit/8344719369)\n- [GitHub Commit](https://github.com/nodejs/node/commit/d3d357ab09)\n- [RedHat Bugzilla Bug](https://bugzilla.redhat.com/show_bug.cgi?id=2264569)\n- [Vulnerability Report](https://people.redhat.com/~hkario/marvin/)\n",
          "epssDetails": null,
          "identifiers": {
            "CVE": [
              "CVE-2023-46809"
            ],
            "CWE": [
              "CWE-203"
            ]
          },
          "packageName": "node",
          "creationTime": "2024-02-18T08:43:09.055248Z",
          "functions_new": [],
          "alternativeIds": [],
          "disclosureTime": "2024-02-16T00:00:00Z",
          "packageManager": "upstream",
          "publicationTime": "2024-02-18T08:43:23.914164Z",
          "modificationTime": "2024-02-18T08:43:23.914429Z",
          "socialTrendAlert": false,
          "packagePopularityRank": 0
        },
        "SNYK-UPSTREAM-NODE-6252332": {
          "id": "SNYK-UPSTREAM-NODE-6252332",
          "title": "Code Injection",
          "CVSSv3": "CVSS:3.1/AV:N/AC:L/PR:L/UI:N/S:U/C:H/I:H/A:N",
          "credit": [
            "Tobias Nießen"
          ],
          "semver": {
            "vulnerable": [
              "[,18.19.1)",
              "[19.0.0,20.11.1)",
              "[21.0.0,21.6.2)"
            ]
          },
          "exploit": "Not Defined",
          "fixedIn": [
            "18.19.1",
            "20.11.1",
            "21.6.2"
          ],
          "patches": [],
          "insights": {
            "triageAdvice": null
          },
          "language": "js",
          "severity": "high",
          "cvssScore": 8.1,
          "functions": [],
          "malicious": false,
          "isDisputed": false,
          "references": [
            {
              "url": "https://github.com/nodejs/node/commit/208b3940c7",
              "title": "GitHub Commit"
            },
            {
              "url": "https://github.com/nodejs/node/commit/40ff37dfcc",
              "title": "GitHub Commit"
            },
            {
              "url": "https://github.com/nodejs/node/commit/e6b4c105e0",
              "title": "GitHub Commit"
            },
            {
              "url": "https://bugzilla.redhat.com/show_bug.cgi?id=2264582",
              "title": "RedHat Bugzilla Bug"
            }
          ],
          "cvssDetails": [
            {
              "assigner": "Red Hat",
              "severity": "high",
              "cvssV3Vector": "CVSS:3.1/AV:N/AC:L/PR:L/UI:N/S:U/C:H/I:H/A:N",
              "cvssV3BaseScore": 8.1,
              "modificationTime": "2024-02-17T14:04:27.223225Z"
            }
          ],
          "description": "## Overview\n[node](https://nodejs.org/en/) is a JavaScript runtime built on Chrome's V8 JavaScript engine.\n\nAffected versions of this package are vulnerable to Code Injection due to the incorrect handling of environment variables on Linux when the process is running with elevated privileges that the current user lacks (does not apply to `CAP_NET_BIND_SERVICE`).\n## Remediation\nUpgrade `node` to version 18.19.1, 20.11.1, 21.6.2 or higher.\n## References\n- [GitHub Commit](https://github.com/nodejs/node/commit/208b3940c7)\n- [GitHub Commit](https://github.com/nodejs/node/commit/40ff37dfcc)\n- [GitHub Commit](https://github.com/nodejs/node/commit/e6b4c105e0)\n- [RedHat Bugzilla Bug](https://bugzilla.redhat.com/show_bug.cgi?id=2264582)\n",
          "epssDetails": null,
          "identifiers": {
            "CVE": [
              "CVE-2024-21892"
            ],
            "CWE": [
              "CWE-94"
            ]
          },
          "packageName": "node",
          "creationTime": "2024-02-18T08:49:31.531986Z",
          "functions_new": [],
          "alternativeIds": [],
          "disclosureTime": "2024-02-16T00:00:00Z",
          "packageManager": "upstream",
          "publicationTime": "2024-02-18T08:49:31.704329Z",
          "modificationTime": "2024-02-18T08:49:31.704724Z",
          "socialTrendAlert": false,
          "packagePopularityRank": 0
        },
        "SNYK-UPSTREAM-NODE-6252338": {
          "id": "SNYK-UPSTREAM-NODE-6252338",
          "title": "Permissive Cross-domain Policy with Untrusted Domains",
          "CVSSv3": "CVSS:3.1/AV:N/AC:H/PR:H/UI:R/S:U/C:L/I:L/A:L",
          "credit": [
            "Unknown"
          ],
          "semver": {
            "vulnerable": [
              "[,18.19.1)",
              "[19.0.0,20.11.1)",
              "[21.0.0,21.6.2)"
            ]
          },
          "exploit": "Not Defined",
          "fixedIn": [
            "18.19.1",
            "20.11.1",
            "21.6.2"
          ],
          "patches": [],
          "insights": {
            "triageAdvice": null
          },
          "language": "js",
          "severity": "low",
          "cvssScore": 3.9,
          "functions": [],
          "malicious": false,
          "isDisputed": false,
          "references": [
            {
              "url": "https://github.com/nodejs/node/commit/89bd5fc38f",
              "title": "GitHub Commit"
            },
            {
              "url": "https://github.com/nodejs/node/commit/9d2ac2b3fc",
              "title": "GitHub Commit"
            },
            {
              "url": "https://github.com/nodejs/node/commit/f48b89689d",
              "title": "GitHub Commit"
            },
            {
              "url": "https://github.com/nodejs/undici/commit/b9da3e40f1f096a06b4caedbb27c2568730434ef",
              "title": "GitHub Commit"
            },
            {
              "url": "https://github.com/nodejs/undici/commit/d3aa574b1259c1d8d329a0f0f495ee82882b1458",
              "title": "GitHub Commit"
            }
          ],
          "cvssDetails": [],
          "description": "## Overview\n[node](https://nodejs.org/en/) is a JavaScript runtime built on Chrome's V8 JavaScript engine.\n\nAffected versions of this package are vulnerable to Permissive Cross-domain Policy with Untrusted Domains due to not clearing `Proxy-Authentication` headers on cross-origin redirects. An attacker can intercept the improperly cleared headers.\n## Remediation\nUpgrade `node` to version 18.19.1, 20.11.1, 21.6.2 or higher.\n## References\n- [GitHub Commit](https://github.com/nodejs/node/commit/89bd5fc38f)\n- [GitHub Commit](https://github.com/nodejs/node/commit/9d2ac2b3fc)\n- [GitHub Commit](https://github.com/nodejs/node/commit/f48b89689d)\n- [GitHub Commit](https://github.com/nodejs/undici/commit/b9da3e40f1f096a06b4caedbb27c2568730434ef)\n- [GitHub Commit](https://github.com/nodejs/undici/commit/d3aa574b1259c1d8d329a0f0f495ee82882b1458)\n",
          "epssDetails": {
            "percentile": "0.06714",
            "probability": "0.00043",
            "modelVersion": "v2023.03.01"
          },
          "identifiers": {
            "CVE": [
              "CVE-2024-24758"
            ],
            "CWE": [
              "CWE-942"
            ],
            "GHSA": [
              "GHSA-3787-6prv-h9w3"
            ]
          },
          "packageName": "node",
          "creationTime": "2024-02-18T09:18:57.337112Z",
          "functions_new": [],
          "alternativeIds": [],
          "disclosureTime": "2024-02-16T22:45:15Z",
          "packageManager": "upstream",
          "publicationTime": "2024-02-18T09:18:57.495375Z",
          "modificationTime": "2024-02-18T09:18:57.495606Z",
          "socialTrendAlert": false,
          "packagePopularityRank": 0
        }
      },
      "affectedPkgs": {
        "node@18.19.0": {
          "pkg": {
            "name": "node",
            "version": "18.19.0"
          },
          "issues": {
            "SNYK-UPSTREAM-NODE-6252328": {
              "issueId": "SNYK-UPSTREAM-NODE-6252328",
              "fixInfo": {
                "isPatchable": false,
                "upgradePaths": [],
                "isRuntime": false,
                "isPinnable": false
              }
            },
            "SNYK-UPSTREAM-NODE-6252330": {
              "issueId": "SNYK-UPSTREAM-NODE-6252330",
              "fixInfo": {
                "isPatchable": false,
                "upgradePaths": [],
                "isRuntime": false,
                "isPinnable": false
              }
            },
            "SNYK-UPSTREAM-NODE-6252332": {
              "issueId": "SNYK-UPSTREAM-NODE-6252332",
              "fixInfo": {
                "isPatchable": false,
                "upgradePaths": [],
                "isRuntime": false,
                "isPinnable": false
              }
            },
            "SNYK-UPSTREAM-NODE-6252338": {
              "issueId": "SNYK-UPSTREAM-NODE-6252338",
              "fixInfo": {
                "isPatchable": false,
                "upgradePaths": [],
                "isRuntime": false,
                "isPinnable": false
              }
            }
          }
        }
      }
    }
  },
  "summary": "14 vulnerable dependency paths",
  "filesystemPolicy": false,
  "filtered": {
    "ignore": [],
    "patch": []
  },
  "uniqueCount": 9,
  "projectName": "docker-image|requarks/wiki",
  "platform": "linux/amd64",
  "hasUnknownVersions": false,
  "path": "requarks/wiki:latest/wiki"
}
