{
  "SchemaVersion": 2,
  "CreatedAt": "2024-02-24T19:14:59.444567659Z",
  "ArtifactName": "docker/ecs-searchdomain-sidecar:1.0",
  "ArtifactType": "container_image",
  "Metadata": {
    "ImageID": "sha256:49354e59981fb44fa4dc59d042942895e4fa5eb1c5f2cece68c7dbc3a492d726",
    "DiffIDs": [
      "sha256:c1c2f71d9479f69770a117b881e334c45c5f94e27c359b2d0d7fe55d216973ae"
    ],
    "RepoTags": [
      "docker/ecs-searchdomain-sidecar:1.0"
    ],
    "RepoDigests": [
      "docker/ecs-searchdomain-sidecar@sha256:d7fb297faf83229eb460a595d9fa316899cb6c09564927ca2be827ec153f736c"
    ],
    "ImageConfig": {
      "architecture": "amd64",
      "created": "2020-10-26T15:40:38.64606Z",
      "history": [
        {
          "created": "2020-10-26T15:40:38Z",
          "created_by": "COPY /go/bin/resolv /resolv # buildkit",
          "comment": "buildkit.dockerfile.v0"
        },
        {
          "created": "2020-10-26T15:40:38Z",
          "created_by": "ENTRYPOINT [\"/resolv\"]",
          "comment": "buildkit.dockerfile.v0",
          "empty_layer": true
        }
      ],
      "os": "linux",
      "rootfs": {
        "type": "layers",
        "diff_ids": [
          "sha256:c1c2f71d9479f69770a117b881e334c45c5f94e27c359b2d0d7fe55d216973ae"
        ]
      },
      "config": {
        "Entrypoint": [
          "/resolv"
        ],
        "Env": [
          "PATH=/usr/local/sbin:/usr/local/bin:/usr/sbin:/usr/bin:/sbin:/bin"
        ],
        "WorkingDir": "/"
      }
    }
  }
}
