{
  "SchemaVersion": 2,
  "CreatedAt": "2024-02-24T20:45:58.930411553Z",
  "ArtifactName": "newrelic/php-daemon:10.4.0",
  "ArtifactType": "container_image",
  "Metadata": {
    "OS": {
      "Family": "alpine",
      "Name": "3.13.12",
      "EOSL": true
    },
    "ImageID": "sha256:46a9ec9cc45cd068d0449abb2227d6edde11648e58ff25bc893d62367c8be33a",
    "DiffIDs": [
      "sha256:7df5bd7bd26203cecd71c9f1a6e04ddf8a22a4440f2388a13c86f87f40d2d992",
      "sha256:b37e981c6c7a054f834be4de075711083a8fd5fbdca1207970dd243b6899dae5",
      "sha256:2ef35c300838cdac0e335be1a718d1fdc5a3f77dbb32f9fcc008731eb768d762",
      "sha256:a67f5180971ea1acdf43b9e87da66637e35b4c95ebe8acfbd8af3f7b58e649a8",
      "sha256:5230e7559f056563c9f1aa6271c9af5e1910257153bc26a1fcc8017fee50cf77"
    ],
    "RepoTags": [
      "newrelic/php-daemon:10.4.0"
    ],
    "RepoDigests": [
      "newrelic/php-daemon@sha256:a1cf9c3ef42bf5ec1755f1506ad274055e84f8fb08b2d0364e443de336e81501"
    ],
    "ImageConfig": {
      "architecture": "amd64",
      "container": "37d90f80b0d9bf75618f3e4f5326075dbec980e676b53d12e144cf10a133cac9",
      "created": "2022-12-12T19:42:25.161555744Z",
      "docker_version": "18.09.9",
      "history": [
        {
          "created": "2022-08-09T17:20:14Z",
          "created_by": "/bin/sh -c #(nop) ADD file:7fd90c097e2c4587dee91726d71abc02fa1aa6a3a3395c862206a4e14e0c299c in / "
        },
        {
          "created": "2022-08-09T17:20:14Z",
          "created_by": "/bin/sh -c #(nop)  CMD [\"/bin/sh\"]",
          "empty_layer": true
        },
        {
          "created": "2022-12-12T19:42:19Z",
          "created_by": "/bin/sh -c apk add --no-cache                     ca-certificates"
        },
        {
          "created": "2022-12-12T19:42:20Z",
          "created_by": "/bin/sh -c set -ex;           mkdir /var/log/newrelic"
        },
        {
          "created": "2022-12-12T19:42:22Z",
          "created_by": "/bin/sh -c #(nop) COPY file:bd6d6325f28b67b044730f2c7b223e9d01c0df967e2eefeec25cb6ce27c014bf in /usr/bin/docker-entrypoint.sh "
        },
        {
          "created": "2022-12-12T19:42:23Z",
          "created_by": "/bin/sh -c #(nop) COPY file:25756773ef37392611fc2dcc8b59b69fea0318710809e57b40850be30cc8ef9c in /usr/bin/newrelic-daemon "
        },
        {
          "created": "2022-12-12T19:42:23Z",
          "created_by": "/bin/sh -c #(nop)  EXPOSE 31339",
          "empty_layer": true
        },
        {
          "created": "2022-12-12T19:42:24Z",
          "created_by": "/bin/sh -c #(nop)  ENTRYPOINT [\"sh\" \"/usr/bin/docker-entrypoint.sh\"]",
          "empty_layer": true
        },
        {
          "created": "2022-12-12T19:42:25Z",
          "created_by": "/bin/sh -c #(nop)  CMD [\"/usr/bin/newrelic-daemon\"]",
          "empty_layer": true
        }
      ],
      "os": "linux",
      "rootfs": {
        "type": "layers",
        "diff_ids": [
          "sha256:7df5bd7bd26203cecd71c9f1a6e04ddf8a22a4440f2388a13c86f87f40d2d992",
          "sha256:b37e981c6c7a054f834be4de075711083a8fd5fbdca1207970dd243b6899dae5",
          "sha256:2ef35c300838cdac0e335be1a718d1fdc5a3f77dbb32f9fcc008731eb768d762",
          "sha256:a67f5180971ea1acdf43b9e87da66637e35b4c95ebe8acfbd8af3f7b58e649a8",
          "sha256:5230e7559f056563c9f1aa6271c9af5e1910257153bc26a1fcc8017fee50cf77"
        ]
      },
      "config": {
        "Cmd": [
          "/usr/bin/newrelic-daemon"
        ],
        "Entrypoint": [
          "sh",
          "/usr/bin/docker-entrypoint.sh"
        ],
        "Env": [
          "PATH=/usr/local/sbin:/usr/local/bin:/usr/sbin:/usr/bin:/sbin:/bin"
        ],
        "Image": "sha256:8036ed85000b9ec393d691eef78786d8dd10e718f5a25abd8e833e40264524f0",
        "ArgsEscaped": true
      }
    }
  },
  "Results": [
    {
      "Target": "newrelic/php-daemon:10.4.0 (alpine 3.13.12)",
      "Class": "os-pkgs",
      "Type": "alpine"
    }
  ]
}
