{
  "SchemaVersion": 2,
  "CreatedAt": "2024-02-24T17:54:22.772680002Z",
  "ArtifactName": "rancher/mirrored-pause:3.6",
  "ArtifactType": "container_image",
  "Metadata": {
    "ImageID": "sha256:6270bb605e12e581514ada5fd5b3216f727db55dc87d5889c790e4c760683fee",
    "DiffIDs": [
      "sha256:1021ef88c7974bfff89c5a0ec4fd3160daac6c48a075f74cff721f85dd104e68"
    ],
    "RepoTags": [
      "rancher/mirrored-pause:3.6"
    ],
    "RepoDigests": [
      "rancher/mirrored-pause@sha256:74c4244427b7312c5b901fe0f67cbc53683d06f4f24c6faee65d4182bf0fa893"
    ],
    "ImageConfig": {
      "architecture": "amd64",
      "created": "2021-08-25T20:58:29.983485862Z",
      "history": [
        {
          "created": "2021-08-25T20:58:29Z",
          "created_by": "ARG ARCH",
          "comment": "buildkit.dockerfile.v0",
          "empty_layer": true
        },
        {
          "created": "2021-08-25T20:58:29Z",
          "created_by": "ADD bin/pause-linux-amd64 /pause # buildkit",
          "comment": "buildkit.dockerfile.v0"
        },
        {
          "created": "2021-08-25T20:58:29Z",
          "created_by": "USER 65535:65535",
          "comment": "buildkit.dockerfile.v0",
          "empty_layer": true
        },
        {
          "created": "2021-08-25T20:58:29Z",
          "created_by": "ENTRYPOINT [\"/pause\"]",
          "comment": "buildkit.dockerfile.v0",
          "empty_layer": true
        }
      ],
      "os": "linux",
      "rootfs": {
        "type": "layers",
        "diff_ids": [
          "sha256:1021ef88c7974bfff89c5a0ec4fd3160daac6c48a075f74cff721f85dd104e68"
        ]
      },
      "config": {
        "Entrypoint": [
          "/pause"
        ],
        "Env": [
          "PATH=/usr/local/sbin:/usr/local/bin:/usr/sbin:/usr/bin:/sbin:/bin"
        ],
        "User": "65535:65535",
        "WorkingDir": "/"
      }
    }
  }
}
