{
  "SchemaVersion": 2,
  "CreatedAt": "2024-02-25T13:16:42.782268046Z",
  "ArtifactName": "amir20/dozzle:latest",
  "ArtifactType": "container_image",
  "Metadata": {
    "ImageID": "sha256:6ea1885fb77188a68b7aeb9db47a1246b33a6af886afe7fbd6ea73999e54a77d",
    "DiffIDs": [
      "sha256:63188a3fbcc067fa64383eceb371fd85e95bd03f83f194bc5f846a8496fa0f4c",
      "sha256:558fe3598d3c9183bc395d8da8bd397cb4e306e8bfea575d6e2b2841456a75b7",
      "sha256:ba024171e4fe38eb532ed17051eee3516f497b785ae138a4729865732e734757"
    ],
    "RepoTags": [
      "amir20/dozzle:latest"
    ],
    "RepoDigests": [
      "amir20/dozzle@sha256:b1c80b5afa0e200601d05c70f223c7a246b33fbbd8ad30cf22670a2566105ea3"
    ],
    "ImageConfig": {
      "architecture": "amd64",
      "created": "2024-02-20T17:20:13.354128355Z",
      "history": [
        {
          "created": "2024-01-03T21:34:26Z",
          "created_by": "ENV PATH=/bin",
          "comment": "buildkit.dockerfile.v0",
          "empty_layer": true
        },
        {
          "created": "2024-01-03T21:34:26Z",
          "created_by": "COPY /data /data # buildkit",
          "comment": "buildkit.dockerfile.v0"
        },
        {
          "created": "2024-01-03T21:34:26Z",
          "created_by": "COPY /etc/ssl/certs/ca-certificates.crt /etc/ssl/certs/ca-certificates.crt # buildkit",
          "comment": "buildkit.dockerfile.v0"
        },
        {
          "created": "2024-02-20T17:20:13Z",
          "created_by": "COPY /dozzle/dozzle /dozzle # buildkit",
          "comment": "buildkit.dockerfile.v0"
        },
        {
          "created": "2024-02-20T17:20:13Z",
          "created_by": "EXPOSE map[8080/tcp:{}]",
          "comment": "buildkit.dockerfile.v0",
          "empty_layer": true
        },
        {
          "created": "2024-02-20T17:20:13Z",
          "created_by": "ENTRYPOINT [\"/dozzle\"]",
          "comment": "buildkit.dockerfile.v0",
          "empty_layer": true
        }
      ],
      "os": "linux",
      "rootfs": {
        "type": "layers",
        "diff_ids": [
          "sha256:63188a3fbcc067fa64383eceb371fd85e95bd03f83f194bc5f846a8496fa0f4c",
          "sha256:558fe3598d3c9183bc395d8da8bd397cb4e306e8bfea575d6e2b2841456a75b7",
          "sha256:ba024171e4fe38eb532ed17051eee3516f497b785ae138a4729865732e734757"
        ]
      },
      "config": {
        "Entrypoint": [
          "/dozzle"
        ],
        "Env": [
          "PATH=/bin"
        ],
        "Labels": {
          "org.opencontainers.image.created": "2024-02-20T17:19:00.257Z",
          "org.opencontainers.image.description": "Realtime log viewer for docker containers.",
          "org.opencontainers.image.licenses": "MIT",
          "org.opencontainers.image.revision": "8d844b4302443b09d68dbb0525a579b81c972044",
          "org.opencontainers.image.source": "https://github.com/amir20/dozzle",
          "org.opencontainers.image.title": "dozzle",
          "org.opencontainers.image.url": "https://github.com/amir20/dozzle",
          "org.opencontainers.image.version": "v6.2.5"
        },
        "WorkingDir": "/"
      }
    }
  }
}
