{
  "SchemaVersion": 2,
  "CreatedAt": "2024-02-25T15:27:43.905939185Z",
  "ArtifactName": "clearlinux/iperf:latest",
  "ArtifactType": "container_image",
  "Metadata": {
    "ImageID": "sha256:74d39f1e5666734ed6eefa36b20d71092a18ad1e9a6c102989dcf95b06ced0ff",
    "DiffIDs": [
      "sha256:4307df7e3a8f2065d79d8df38bf5b8f665aecff69c4d11b69e3f54befe61b5f6",
      "sha256:fb30429223dfd04d55ea959cd8b9774d2d86db70aa580cf5df798d6943c7699a"
    ],
    "RepoTags": [
      "clearlinux/iperf:latest"
    ],
    "RepoDigests": [
      "clearlinux/iperf@sha256:92bbb0a57e6d8984376bb53503d83679d4ca5f6b59759310396933101bb5b621"
    ],
    "ImageConfig": {
      "architecture": "amd64",
      "created": "2023-11-01T07:47:33.136230905Z",
      "history": [
        {
          "created": "2023-10-25T07:47:33Z",
          "created_by": "COPY /install_root / # buildkit",
          "comment": "buildkit.dockerfile.v0"
        },
        {
          "created": "2023-10-25T07:47:33Z",
          "created_by": "CMD [\"/bin/bash\"]",
          "comment": "buildkit.dockerfile.v0",
          "empty_layer": true
        },
        {
          "created": "2023-11-01T07:47:33Z",
          "created_by": "COPY /install_root / # buildkit",
          "comment": "buildkit.dockerfile.v0"
        },
        {
          "created": "2023-11-01T07:47:33Z",
          "created_by": "ENTRYPOINT [\"iperf3\"]",
          "comment": "buildkit.dockerfile.v0",
          "empty_layer": true
        },
        {
          "created": "2023-11-01T07:47:33Z",
          "created_by": "EXPOSE map[5201/tcp:{}]",
          "comment": "buildkit.dockerfile.v0",
          "empty_layer": true
        }
      ],
      "os": "linux",
      "rootfs": {
        "type": "layers",
        "diff_ids": [
          "sha256:4307df7e3a8f2065d79d8df38bf5b8f665aecff69c4d11b69e3f54befe61b5f6",
          "sha256:fb30429223dfd04d55ea959cd8b9774d2d86db70aa580cf5df798d6943c7699a"
        ]
      },
      "config": {
        "Entrypoint": [
          "iperf3"
        ],
        "Env": [
          "PATH=/usr/local/sbin:/usr/local/bin:/usr/sbin:/usr/bin:/sbin:/bin"
        ],
        "WorkingDir": "/",
        "ArgsEscaped": true
      }
    }
  }
}
