{
  "SchemaVersion": 2,
  "CreatedAt": "2024-02-25T10:27:40.636105247Z",
  "ArtifactName": "curlimages/curl:latest",
  "ArtifactType": "container_image",
  "Metadata": {
    "OS": {
      "Family": "alpine",
      "Name": "3.19.1"
    },
    "ImageID": "sha256:e4684e216b8c71cac2123ee7400e301075d8318dbc62a28cc78de65ff16bf0f2",
    "DiffIDs": [
      "sha256:d4fc045c9e3a848011de66f34b81f052d4f2c15a17bb196d637e526349601820",
      "sha256:e8bc91198b76fcef3c8eb250a89451afab559b358fc1e4279413442662a07029",
      "sha256:5f70bf18a086007016e948b04aed3b82103a36bea41755b6cddfaf10ace3c6ef"
    ],
    "RepoTags": [
      "curlimages/curl:latest"
    ],
    "RepoDigests": [
      "curlimages/curl@sha256:c3b8bee303c6c6beed656cfc921218c529d65aa61114eb9e27c62047a1271b9b"
    ],
    "ImageConfig": {
      "architecture": "amd64",
      "created": "2024-01-31T08:40:23.444685828Z",
      "history": [
        {
          "created": "2024-01-27T00:30:48Z",
          "created_by": "/bin/sh -c #(nop) ADD file:37a76ec18f9887751cd8473744917d08b7431fc4085097bb6a09d81b41775473 in / "
        },
        {
          "created": "2024-01-27T00:30:48Z",
          "created_by": "/bin/sh -c #(nop)  CMD [\"/bin/sh\"]",
          "empty_layer": true
        },
        {
          "created": "2024-01-31T08:40:23Z",
          "created_by": "/bin/sh",
          "comment": "FROM docker.io/library/alpine:3.19.1"
        },
        {
          "created": "2024-01-31T08:40:23Z",
          "created_by": "/bin/sh",
          "comment": "FROM localhost/curl-base-linux-amd64:8.6.0"
        }
      ],
      "os": "linux",
      "rootfs": {
        "type": "layers",
        "diff_ids": [
          "sha256:d4fc045c9e3a848011de66f34b81f052d4f2c15a17bb196d637e526349601820",
          "sha256:e8bc91198b76fcef3c8eb250a89451afab559b358fc1e4279413442662a07029",
          "sha256:5f70bf18a086007016e948b04aed3b82103a36bea41755b6cddfaf10ace3c6ef"
        ]
      },
      "config": {
        "Cmd": [
          "curl"
        ],
        "Entrypoint": [
          "/entrypoint.sh"
        ],
        "Env": [
          "PATH=/usr/local/sbin:/usr/local/bin:/usr/sbin:/usr/bin:/sbin:/bin",
          "CURL_CA_BUNDLE=/cacert.pem"
        ],
        "Labels": {
          "docker.cmd": "podman run -it quay.io/curl/:8.6.0",
          "io.buildah.version": "1.23.1",
          "maintainer": "James Fuller \u003cjim.fuller@webcomposite.com\u003e",
          "name": "curl-linux-amd64:8.6.0",
          "org.opencontainers.image.description": "minimal image for curl",
          "org.opencontainers.image.licenses": "MIT",
          "org.opencontainers.image.source": "https://github.com/curl/curl-container",
          "version": "8.6.0"
        },
        "User": "curl_user",
        "WorkingDir": "/home/curl_user"
      }
    }
  },
  "Results": [
    {
      "Target": "curlimages/curl:latest (alpine 3.19.1)",
      "Class": "os-pkgs",
      "Type": "alpine"
    }
  ]
}
