{
  "SchemaVersion": 2,
  "CreatedAt": "2024-02-25T13:28:37.143250312Z",
  "ArtifactName": "fluent/fluentd:edge",
  "ArtifactType": "container_image",
  "Metadata": {
    "OS": {
      "Family": "alpine",
      "Name": "3.19.0"
    },
    "ImageID": "sha256:bb664a25b15525c38e2074ecf4d7c7546ac52fabee4b2408e2b7c7be004a677e",
    "DiffIDs": [
      "sha256:5af4f8f59b764c64c6def53f52ada809fe38d528441d08d01c206dfb3fc3b691",
      "sha256:4bbb2bef8635a22838eae691855796139261c02349a5ae373d652c91a72157dd",
      "sha256:963246159a5f0c37914a4814eb10292a454b3de95a5213c03fdf70464bf0b099",
      "sha256:320223ca9a50580c51182ed9dfd26317a8c5b16d0f8b1b863e389d1c5a0a27eb",
      "sha256:ffa9eea21dd6f900640681e98d7d02bbe56682a772159ce78079f41a12afb4d8"
    ],
    "RepoTags": [
      "fluent/fluentd:edge"
    ],
    "RepoDigests": [
      "fluent/fluentd@sha256:04884ab94fa4c8df9939a23ec79f0bec869b3086dd13636870d270b0a356d5d5"
    ],
    "ImageConfig": {
      "architecture": "amd64",
      "created": "2024-01-16T04:48:56.986515142Z",
      "history": [
        {
          "created": "2023-12-08T01:20:49Z",
          "created_by": "/bin/sh -c #(nop) ADD file:1f4eb46669b5b6275af19eb7471a6899a61c276aa7d925b8ae99310b14b75b92 in / "
        },
        {
          "created": "2023-12-08T01:20:49Z",
          "created_by": "/bin/sh -c #(nop)  CMD [\"/bin/sh\"]",
          "empty_layer": true
        },
        {
          "created": "2024-01-16T04:48:56Z",
          "created_by": "LABEL maintainer=Fluentd developers \u003cfluentd@googlegroups.com\u003e",
          "comment": "buildkit.dockerfile.v0",
          "empty_layer": true
        },
        {
          "created": "2024-01-16T04:48:56Z",
          "created_by": "LABEL Description=Fluentd docker image Vendor=Fluent Organization Version=1.16.3",
          "comment": "buildkit.dockerfile.v0",
          "empty_layer": true
        },
        {
          "created": "2024-01-16T04:48:56Z",
          "created_by": "RUN /bin/sh -c apk update  \u0026\u0026 apk add --no-cache         ca-certificates         ruby ruby-irb ruby-etc ruby-webrick         tini  \u0026\u0026 apk add --no-cache --virtual .build-deps         build-base linux-headers         ruby-dev gnupg  \u0026\u0026 echo 'gem: --no-document' \u003e\u003e /etc/gemrc  \u0026\u0026 gem install oj -v 3.16.1  \u0026\u0026 gem install json -v 2.6.3  \u0026\u0026 gem install rexml -v 3.2.6  \u0026\u0026 gem install async -v 1.31.0  \u0026\u0026 gem install async-http -v 0.60.2 \u0026\u0026 gem install uri -v 0.12.2  \u0026\u0026 gem install fluentd -v 1.16.3  \u0026\u0026 gem install bigdecimal -v 1.4.4  \u0026\u0026 apk del .build-deps  \u0026\u0026 rm -rf /var/cache/apk/*  \u0026\u0026 rm -rf /tmp/* /var/tmp/* /usr/lib/ruby/gems/*/cache/*.gem /usr/lib/ruby/gems/3.*/gems/fluentd-*/test # buildkit",
          "comment": "buildkit.dockerfile.v0"
        },
        {
          "created": "2024-01-16T04:48:56Z",
          "created_by": "RUN /bin/sh -c addgroup -S fluent \u0026\u0026 adduser -S -G fluent fluent     \u0026\u0026 mkdir -p /fluentd/log     \u0026\u0026 mkdir -p /fluentd/etc /fluentd/plugins     \u0026\u0026 chown -R fluent /fluentd \u0026\u0026 chgrp -R fluent /fluentd # buildkit",
          "comment": "buildkit.dockerfile.v0"
        },
        {
          "created": "2024-01-16T04:48:56Z",
          "created_by": "COPY fluent.conf /fluentd/etc/ # buildkit",
          "comment": "buildkit.dockerfile.v0"
        },
        {
          "created": "2024-01-16T04:48:56Z",
          "created_by": "COPY entrypoint.sh /bin/ # buildkit",
          "comment": "buildkit.dockerfile.v0"
        },
        {
          "created": "2024-01-16T04:48:56Z",
          "created_by": "ENV FLUENTD_CONF=fluent.conf",
          "comment": "buildkit.dockerfile.v0",
          "empty_layer": true
        },
        {
          "created": "2024-01-16T04:48:56Z",
          "created_by": "ENV LD_PRELOAD=",
          "comment": "buildkit.dockerfile.v0",
          "empty_layer": true
        },
        {
          "created": "2024-01-16T04:48:56Z",
          "created_by": "EXPOSE map[24224/tcp:{} 5140/tcp:{}]",
          "comment": "buildkit.dockerfile.v0",
          "empty_layer": true
        },
        {
          "created": "2024-01-16T04:48:56Z",
          "created_by": "USER fluent",
          "comment": "buildkit.dockerfile.v0",
          "empty_layer": true
        },
        {
          "created": "2024-01-16T04:48:56Z",
          "created_by": "ENTRYPOINT [\"tini\" \"--\" \"/bin/entrypoint.sh\"]",
          "comment": "buildkit.dockerfile.v0",
          "empty_layer": true
        },
        {
          "created": "2024-01-16T04:48:56Z",
          "created_by": "CMD [\"fluentd\"]",
          "comment": "buildkit.dockerfile.v0",
          "empty_layer": true
        }
      ],
      "os": "linux",
      "rootfs": {
        "type": "layers",
        "diff_ids": [
          "sha256:5af4f8f59b764c64c6def53f52ada809fe38d528441d08d01c206dfb3fc3b691",
          "sha256:4bbb2bef8635a22838eae691855796139261c02349a5ae373d652c91a72157dd",
          "sha256:963246159a5f0c37914a4814eb10292a454b3de95a5213c03fdf70464bf0b099",
          "sha256:320223ca9a50580c51182ed9dfd26317a8c5b16d0f8b1b863e389d1c5a0a27eb",
          "sha256:ffa9eea21dd6f900640681e98d7d02bbe56682a772159ce78079f41a12afb4d8"
        ]
      },
      "config": {
        "Cmd": [
          "fluentd"
        ],
        "Entrypoint": [
          "tini",
          "--",
          "/bin/entrypoint.sh"
        ],
        "Env": [
          "PATH=/usr/local/sbin:/usr/local/bin:/usr/sbin:/usr/bin:/sbin:/bin",
          "FLUENTD_CONF=fluent.conf",
          "LD_PRELOAD="
        ],
        "Labels": {
          "Description": "Fluentd docker image",
          "Vendor": "Fluent Organization",
          "Version": "1.16.3",
          "maintainer": "Fluentd developers \u003cfluentd@googlegroups.com\u003e"
        },
        "User": "fluent",
        "ArgsEscaped": true
      }
    }
  },
  "Results": [
    {
      "Target": "fluent/fluentd:edge (alpine 3.19.0)",
      "Class": "os-pkgs",
      "Type": "alpine",
      "Vulnerabilities": [
        {
          "VulnerabilityID": "CVE-2023-6129",
          "PkgID": "libcrypto3@3.1.4-r2",
          "PkgName": "libcrypto3",
          "PkgIdentifier": {
            "PURL": "pkg:apk/alpine/libcrypto3@3.1.4-r2?arch=x86_64\u0026distro=3.19.0"
          },
          "InstalledVersion": "3.1.4-r2",
          "FixedVersion": "3.1.4-r3",
          "Status": "fixed",
          "Layer": {
            "DiffID": "sha256:5af4f8f59b764c64c6def53f52ada809fe38d528441d08d01c206dfb3fc3b691"
          },
          "SeveritySource": "nvd",
          "PrimaryURL": "https://avd.aquasec.com/nvd/cve-2023-6129",
          "DataSource": {
            "ID": "alpine",
            "Name": "Alpine Secdb",
            "URL": "https://secdb.alpinelinux.org/"
          },
          "Title": "openssl: POLY1305 MAC implementation corrupts vector registers on PowerPC",
          "Description": "Issue summary: The POLY1305 MAC (message authentication code) implementation\ncontains a bug that might corrupt the internal state of applications running\non PowerPC CPU based platforms if the CPU provides vector instructions.\n\nImpact summary: If an attacker can influence whether the POLY1305 MAC\nalgorithm is used, the application state might be corrupted with various\napplication dependent consequences.\n\nThe POLY1305 MAC (message authentication code) implementation in OpenSSL for\nPowerPC CPUs restores the contents of vector registers in a different order\nthan they are saved. Thus the contents of some of these vector registers\nare corrupted when returning to the caller. The vulnerable code is used only\non newer PowerPC processors supporting the PowerISA 2.07 instructions.\n\nThe consequences of this kind of internal application state corruption can\nbe various - from no consequences, if the calling application does not\ndepend on the contents of non-volatile XMM registers at all, to the worst\nconsequences, where the attacker could get complete control of the application\nprocess. However unless the compiler uses the vector registers for storing\npointers, the most likely consequence, if any, would be an incorrect result\nof some application dependent calculations or a crash leading to a denial of\nservice.\n\nThe POLY1305 MAC algorithm is most frequently used as part of the\nCHACHA20-POLY1305 AEAD (authenticated encryption with associated data)\nalgorithm. The most common usage of this AEAD cipher is with TLS protocol\nversions 1.2 and 1.3. If this cipher is enabled on the server a malicious\nclient can influence whether this AEAD cipher is used. This implies that\nTLS server applications using OpenSSL can be potentially impacted. However\nwe are currently not aware of any concrete application that would be affected\nby this issue therefore we consider this a Low severity security issue.",
          "Severity": "MEDIUM",
          "CweIDs": [
            "CWE-787"
          ],
          "VendorSeverity": {
            "nvd": 2,
            "redhat": 1,
            "ubuntu": 1
          },
          "CVSS": {
            "nvd": {
              "V3Vector": "CVSS:3.1/AV:N/AC:H/PR:N/UI:N/S:U/C:N/I:L/A:H",
              "V3Score": 6.5
            },
            "redhat": {
              "V3Vector": "CVSS:3.1/AV:N/AC:H/PR:N/UI:N/S:U/C:N/I:L/A:H",
              "V3Score": 6.5
            }
          },
          "References": [
            "https://access.redhat.com/security/cve/CVE-2023-6129",
            "https://cve.mitre.org/cgi-bin/cvename.cgi?name=CVE-2023-6129",
            "https://github.com/openssl/openssl/commit/050d26383d4e264966fb83428e72d5d48f402d35",
            "https://github.com/openssl/openssl/commit/5b139f95c9a47a55a0c54100f3837b1eee942b04",
            "https://github.com/openssl/openssl/commit/f3fc5808fe9ff74042d639839610d03b8fdcc015",
            "https://nvd.nist.gov/vuln/detail/CVE-2023-6129",
            "https://security.netapp.com/advisory/ntap-20240216-0009/",
            "https://ubuntu.com/security/notices/USN-6622-1",
            "https://www.cve.org/CVERecord?id=CVE-2023-6129",
            "https://www.openssl.org/news/secadv/20240109.txt",
            "https://www.openwall.com/lists/oss-security/2024/01/09/1"
          ],
          "PublishedDate": "2024-01-09T17:15:12.147Z",
          "LastModifiedDate": "2024-02-16T13:15:09.91Z"
        },
        {
          "VulnerabilityID": "CVE-2023-6237",
          "PkgID": "libcrypto3@3.1.4-r2",
          "PkgName": "libcrypto3",
          "PkgIdentifier": {
            "PURL": "pkg:apk/alpine/libcrypto3@3.1.4-r2?arch=x86_64\u0026distro=3.19.0"
          },
          "InstalledVersion": "3.1.4-r2",
          "FixedVersion": "3.1.4-r4",
          "Status": "fixed",
          "Layer": {
            "DiffID": "sha256:5af4f8f59b764c64c6def53f52ada809fe38d528441d08d01c206dfb3fc3b691"
          },
          "PrimaryURL": "https://avd.aquasec.com/nvd/cve-2023-6237",
          "DataSource": {
            "ID": "alpine",
            "Name": "Alpine Secdb",
            "URL": "https://secdb.alpinelinux.org/"
          },
          "Title": "openssl: Excessive time spent checking invalid RSA public keys",
          "Description": "A flaw was found in OpenSSL. When the EVP_PKEY_public_check() function is called in RSA public keys, a computation is done to confirm that the RSA modulus, n, is composite. For valid RSA keys, n is a product of two or more large primes and this computation completes quickly. However, if n is a large prime, this computation takes a long time. An application that calls EVP_PKEY_public_check() and supplies an RSA key obtained from an untrusted source could be vulnerable to a Denial of Service attack.",
          "Severity": "MEDIUM",
          "VendorSeverity": {
            "amazon": 2,
            "redhat": 1,
            "ubuntu": 1
          },
          "CVSS": {
            "redhat": {
              "V3Vector": "CVSS:3.1/AV:N/AC:H/PR:N/UI:N/S:U/C:N/I:N/A:H",
              "V3Score": 5.9
            }
          },
          "References": [
            "https://access.redhat.com/security/cve/CVE-2023-6237",
            "https://cve.mitre.org/cgi-bin/cvename.cgi?name=CVE-2023-6237",
            "https://nvd.nist.gov/vuln/detail/CVE-2023-6237",
            "https://ubuntu.com/security/notices/USN-6622-1",
            "https://www.cve.org/CVERecord?id=CVE-2023-6237",
            "https://www.openssl.org/news/secadv/20240115.txt",
            "https://www.openwall.com/lists/oss-security/2024/01/15/2"
          ]
        },
        {
          "VulnerabilityID": "CVE-2024-0727",
          "PkgID": "libcrypto3@3.1.4-r2",
          "PkgName": "libcrypto3",
          "PkgIdentifier": {
            "PURL": "pkg:apk/alpine/libcrypto3@3.1.4-r2?arch=x86_64\u0026distro=3.19.0"
          },
          "InstalledVersion": "3.1.4-r2",
          "FixedVersion": "3.1.4-r5",
          "Status": "fixed",
          "Layer": {
            "DiffID": "sha256:5af4f8f59b764c64c6def53f52ada809fe38d528441d08d01c206dfb3fc3b691"
          },
          "SeveritySource": "nvd",
          "PrimaryURL": "https://avd.aquasec.com/nvd/cve-2024-0727",
          "DataSource": {
            "ID": "alpine",
            "Name": "Alpine Secdb",
            "URL": "https://secdb.alpinelinux.org/"
          },
          "Title": "openssl: denial of service via null dereference",
          "Description": "Issue summary: Processing a maliciously formatted PKCS12 file may lead OpenSSL\nto crash leading to a potential Denial of Service attack\n\nImpact summary: Applications loading files in the PKCS12 format from untrusted\nsources might terminate abruptly.\n\nA file in PKCS12 format can contain certificates and keys and may come from an\nuntrusted source. The PKCS12 specification allows certain fields to be NULL, but\nOpenSSL does not correctly check for this case. This can lead to a NULL pointer\ndereference that results in OpenSSL crashing. If an application processes PKCS12\nfiles from an untrusted source using the OpenSSL APIs then that application will\nbe vulnerable to this issue.\n\nOpenSSL APIs that are vulnerable to this are: PKCS12_parse(),\nPKCS12_unpack_p7data(), PKCS12_unpack_p7encdata(), PKCS12_unpack_authsafes()\nand PKCS12_newpass().\n\nWe have also fixed a similar issue in SMIME_write_PKCS7(). However since this\nfunction is related to writing data we do not consider it security significant.\n\nThe FIPS modules in 3.2, 3.1 and 3.0 are not affected by this issue.",
          "Severity": "MEDIUM",
          "VendorSeverity": {
            "amazon": 2,
            "ghsa": 2,
            "nvd": 2,
            "photon": 2,
            "redhat": 1,
            "ubuntu": 1
          },
          "CVSS": {
            "ghsa": {
              "V3Vector": "CVSS:3.1/AV:L/AC:L/PR:N/UI:R/S:U/C:N/I:N/A:H",
              "V3Score": 5.5
            },
            "nvd": {
              "V3Vector": "CVSS:3.1/AV:L/AC:L/PR:N/UI:R/S:U/C:N/I:N/A:H",
              "V3Score": 5.5
            },
            "redhat": {
              "V3Vector": "CVSS:3.1/AV:L/AC:L/PR:N/UI:R/S:U/C:N/I:N/A:L",
              "V3Score": 3.3
            }
          },
          "References": [
            "https://access.redhat.com/security/cve/CVE-2024-0727",
            "https://cve.mitre.org/cgi-bin/cvename.cgi?name=CVE-2024-0727",
            "https://github.com/alexcrichton/openssl-src-rs/commit/add20f73b6b42be7451af2e1044d4e0e778992b2",
            "https://github.com/github/advisory-database/pull/3472",
            "https://github.com/openssl/openssl/commit/09df4395b5071217b76dc7d3d2e630eb8c5a79c2",
            "https://github.com/openssl/openssl/commit/775acfdbd0c6af9ac855f34969cdab0c0c90844a",
            "https://github.com/openssl/openssl/commit/d135eeab8a5dbf72b3da5240bab9ddb7678dbd2c",
            "https://github.com/openssl/openssl/pull/23362",
            "https://github.com/pyca/cryptography/commit/3519591d255d4506fbcd0d04037d45271903c64d",
            "https://github.openssl.org/openssl/extended-releases/commit/03b3941d60c4bce58fab69a0c22377ab439bc0e8",
            "https://github.openssl.org/openssl/extended-releases/commit/aebaa5883e31122b404e450732dc833dc9dee539",
            "https://nvd.nist.gov/vuln/detail/CVE-2024-0727",
            "https://security.netapp.com/advisory/ntap-20240208-0006",
            "https://security.netapp.com/advisory/ntap-20240208-0006/",
            "https://ubuntu.com/security/notices/USN-6622-1",
            "https://ubuntu.com/security/notices/USN-6632-1",
            "https://www.cve.org/CVERecord?id=CVE-2024-0727",
            "https://www.openssl.org/news/secadv/20240125.txt"
          ],
          "PublishedDate": "2024-01-26T09:15:07.637Z",
          "LastModifiedDate": "2024-02-08T10:15:13.91Z"
        },
        {
          "VulnerabilityID": "CVE-2023-6129",
          "PkgID": "libssl3@3.1.4-r2",
          "PkgName": "libssl3",
          "PkgIdentifier": {
            "PURL": "pkg:apk/alpine/libssl3@3.1.4-r2?arch=x86_64\u0026distro=3.19.0"
          },
          "InstalledVersion": "3.1.4-r2",
          "FixedVersion": "3.1.4-r3",
          "Status": "fixed",
          "Layer": {
            "DiffID": "sha256:5af4f8f59b764c64c6def53f52ada809fe38d528441d08d01c206dfb3fc3b691"
          },
          "SeveritySource": "nvd",
          "PrimaryURL": "https://avd.aquasec.com/nvd/cve-2023-6129",
          "DataSource": {
            "ID": "alpine",
            "Name": "Alpine Secdb",
            "URL": "https://secdb.alpinelinux.org/"
          },
          "Title": "openssl: POLY1305 MAC implementation corrupts vector registers on PowerPC",
          "Description": "Issue summary: The POLY1305 MAC (message authentication code) implementation\ncontains a bug that might corrupt the internal state of applications running\non PowerPC CPU based platforms if the CPU provides vector instructions.\n\nImpact summary: If an attacker can influence whether the POLY1305 MAC\nalgorithm is used, the application state might be corrupted with various\napplication dependent consequences.\n\nThe POLY1305 MAC (message authentication code) implementation in OpenSSL for\nPowerPC CPUs restores the contents of vector registers in a different order\nthan they are saved. Thus the contents of some of these vector registers\nare corrupted when returning to the caller. The vulnerable code is used only\non newer PowerPC processors supporting the PowerISA 2.07 instructions.\n\nThe consequences of this kind of internal application state corruption can\nbe various - from no consequences, if the calling application does not\ndepend on the contents of non-volatile XMM registers at all, to the worst\nconsequences, where the attacker could get complete control of the application\nprocess. However unless the compiler uses the vector registers for storing\npointers, the most likely consequence, if any, would be an incorrect result\nof some application dependent calculations or a crash leading to a denial of\nservice.\n\nThe POLY1305 MAC algorithm is most frequently used as part of the\nCHACHA20-POLY1305 AEAD (authenticated encryption with associated data)\nalgorithm. The most common usage of this AEAD cipher is with TLS protocol\nversions 1.2 and 1.3. If this cipher is enabled on the server a malicious\nclient can influence whether this AEAD cipher is used. This implies that\nTLS server applications using OpenSSL can be potentially impacted. However\nwe are currently not aware of any concrete application that would be affected\nby this issue therefore we consider this a Low severity security issue.",
          "Severity": "MEDIUM",
          "CweIDs": [
            "CWE-787"
          ],
          "VendorSeverity": {
            "nvd": 2,
            "redhat": 1,
            "ubuntu": 1
          },
          "CVSS": {
            "nvd": {
              "V3Vector": "CVSS:3.1/AV:N/AC:H/PR:N/UI:N/S:U/C:N/I:L/A:H",
              "V3Score": 6.5
            },
            "redhat": {
              "V3Vector": "CVSS:3.1/AV:N/AC:H/PR:N/UI:N/S:U/C:N/I:L/A:H",
              "V3Score": 6.5
            }
          },
          "References": [
            "https://access.redhat.com/security/cve/CVE-2023-6129",
            "https://cve.mitre.org/cgi-bin/cvename.cgi?name=CVE-2023-6129",
            "https://github.com/openssl/openssl/commit/050d26383d4e264966fb83428e72d5d48f402d35",
            "https://github.com/openssl/openssl/commit/5b139f95c9a47a55a0c54100f3837b1eee942b04",
            "https://github.com/openssl/openssl/commit/f3fc5808fe9ff74042d639839610d03b8fdcc015",
            "https://nvd.nist.gov/vuln/detail/CVE-2023-6129",
            "https://security.netapp.com/advisory/ntap-20240216-0009/",
            "https://ubuntu.com/security/notices/USN-6622-1",
            "https://www.cve.org/CVERecord?id=CVE-2023-6129",
            "https://www.openssl.org/news/secadv/20240109.txt",
            "https://www.openwall.com/lists/oss-security/2024/01/09/1"
          ],
          "PublishedDate": "2024-01-09T17:15:12.147Z",
          "LastModifiedDate": "2024-02-16T13:15:09.91Z"
        },
        {
          "VulnerabilityID": "CVE-2023-6237",
          "PkgID": "libssl3@3.1.4-r2",
          "PkgName": "libssl3",
          "PkgIdentifier": {
            "PURL": "pkg:apk/alpine/libssl3@3.1.4-r2?arch=x86_64\u0026distro=3.19.0"
          },
          "InstalledVersion": "3.1.4-r2",
          "FixedVersion": "3.1.4-r4",
          "Status": "fixed",
          "Layer": {
            "DiffID": "sha256:5af4f8f59b764c64c6def53f52ada809fe38d528441d08d01c206dfb3fc3b691"
          },
          "PrimaryURL": "https://avd.aquasec.com/nvd/cve-2023-6237",
          "DataSource": {
            "ID": "alpine",
            "Name": "Alpine Secdb",
            "URL": "https://secdb.alpinelinux.org/"
          },
          "Title": "openssl: Excessive time spent checking invalid RSA public keys",
          "Description": "A flaw was found in OpenSSL. When the EVP_PKEY_public_check() function is called in RSA public keys, a computation is done to confirm that the RSA modulus, n, is composite. For valid RSA keys, n is a product of two or more large primes and this computation completes quickly. However, if n is a large prime, this computation takes a long time. An application that calls EVP_PKEY_public_check() and supplies an RSA key obtained from an untrusted source could be vulnerable to a Denial of Service attack.",
          "Severity": "MEDIUM",
          "VendorSeverity": {
            "amazon": 2,
            "redhat": 1,
            "ubuntu": 1
          },
          "CVSS": {
            "redhat": {
              "V3Vector": "CVSS:3.1/AV:N/AC:H/PR:N/UI:N/S:U/C:N/I:N/A:H",
              "V3Score": 5.9
            }
          },
          "References": [
            "https://access.redhat.com/security/cve/CVE-2023-6237",
            "https://cve.mitre.org/cgi-bin/cvename.cgi?name=CVE-2023-6237",
            "https://nvd.nist.gov/vuln/detail/CVE-2023-6237",
            "https://ubuntu.com/security/notices/USN-6622-1",
            "https://www.cve.org/CVERecord?id=CVE-2023-6237",
            "https://www.openssl.org/news/secadv/20240115.txt",
            "https://www.openwall.com/lists/oss-security/2024/01/15/2"
          ]
        },
        {
          "VulnerabilityID": "CVE-2024-0727",
          "PkgID": "libssl3@3.1.4-r2",
          "PkgName": "libssl3",
          "PkgIdentifier": {
            "PURL": "pkg:apk/alpine/libssl3@3.1.4-r2?arch=x86_64\u0026distro=3.19.0"
          },
          "InstalledVersion": "3.1.4-r2",
          "FixedVersion": "3.1.4-r5",
          "Status": "fixed",
          "Layer": {
            "DiffID": "sha256:5af4f8f59b764c64c6def53f52ada809fe38d528441d08d01c206dfb3fc3b691"
          },
          "SeveritySource": "nvd",
          "PrimaryURL": "https://avd.aquasec.com/nvd/cve-2024-0727",
          "DataSource": {
            "ID": "alpine",
            "Name": "Alpine Secdb",
            "URL": "https://secdb.alpinelinux.org/"
          },
          "Title": "openssl: denial of service via null dereference",
          "Description": "Issue summary: Processing a maliciously formatted PKCS12 file may lead OpenSSL\nto crash leading to a potential Denial of Service attack\n\nImpact summary: Applications loading files in the PKCS12 format from untrusted\nsources might terminate abruptly.\n\nA file in PKCS12 format can contain certificates and keys and may come from an\nuntrusted source. The PKCS12 specification allows certain fields to be NULL, but\nOpenSSL does not correctly check for this case. This can lead to a NULL pointer\ndereference that results in OpenSSL crashing. If an application processes PKCS12\nfiles from an untrusted source using the OpenSSL APIs then that application will\nbe vulnerable to this issue.\n\nOpenSSL APIs that are vulnerable to this are: PKCS12_parse(),\nPKCS12_unpack_p7data(), PKCS12_unpack_p7encdata(), PKCS12_unpack_authsafes()\nand PKCS12_newpass().\n\nWe have also fixed a similar issue in SMIME_write_PKCS7(). However since this\nfunction is related to writing data we do not consider it security significant.\n\nThe FIPS modules in 3.2, 3.1 and 3.0 are not affected by this issue.",
          "Severity": "MEDIUM",
          "VendorSeverity": {
            "amazon": 2,
            "ghsa": 2,
            "nvd": 2,
            "photon": 2,
            "redhat": 1,
            "ubuntu": 1
          },
          "CVSS": {
            "ghsa": {
              "V3Vector": "CVSS:3.1/AV:L/AC:L/PR:N/UI:R/S:U/C:N/I:N/A:H",
              "V3Score": 5.5
            },
            "nvd": {
              "V3Vector": "CVSS:3.1/AV:L/AC:L/PR:N/UI:R/S:U/C:N/I:N/A:H",
              "V3Score": 5.5
            },
            "redhat": {
              "V3Vector": "CVSS:3.1/AV:L/AC:L/PR:N/UI:R/S:U/C:N/I:N/A:L",
              "V3Score": 3.3
            }
          },
          "References": [
            "https://access.redhat.com/security/cve/CVE-2024-0727",
            "https://cve.mitre.org/cgi-bin/cvename.cgi?name=CVE-2024-0727",
            "https://github.com/alexcrichton/openssl-src-rs/commit/add20f73b6b42be7451af2e1044d4e0e778992b2",
            "https://github.com/github/advisory-database/pull/3472",
            "https://github.com/openssl/openssl/commit/09df4395b5071217b76dc7d3d2e630eb8c5a79c2",
            "https://github.com/openssl/openssl/commit/775acfdbd0c6af9ac855f34969cdab0c0c90844a",
            "https://github.com/openssl/openssl/commit/d135eeab8a5dbf72b3da5240bab9ddb7678dbd2c",
            "https://github.com/openssl/openssl/pull/23362",
            "https://github.com/pyca/cryptography/commit/3519591d255d4506fbcd0d04037d45271903c64d",
            "https://github.openssl.org/openssl/extended-releases/commit/03b3941d60c4bce58fab69a0c22377ab439bc0e8",
            "https://github.openssl.org/openssl/extended-releases/commit/aebaa5883e31122b404e450732dc833dc9dee539",
            "https://nvd.nist.gov/vuln/detail/CVE-2024-0727",
            "https://security.netapp.com/advisory/ntap-20240208-0006",
            "https://security.netapp.com/advisory/ntap-20240208-0006/",
            "https://ubuntu.com/security/notices/USN-6622-1",
            "https://ubuntu.com/security/notices/USN-6632-1",
            "https://www.cve.org/CVERecord?id=CVE-2024-0727",
            "https://www.openssl.org/news/secadv/20240125.txt"
          ],
          "PublishedDate": "2024-01-26T09:15:07.637Z",
          "LastModifiedDate": "2024-02-08T10:15:13.91Z"
        }
      ]
    }
  ]
}
