{
  "SchemaVersion": 2,
  "CreatedAt": "2024-02-25T13:58:13.88627544Z",
  "ArtifactName": "gogs/gogs:latest",
  "ArtifactType": "container_image",
  "Metadata": {
    "OS": {
      "Family": "alpine",
      "Name": "3.17.7"
    },
    "ImageID": "sha256:279e9b23aec4ba8eb4ff91584f9cfb6cf75b97a75e3dedca2e2fb2d13ef6a3a9",
    "DiffIDs": [
      "sha256:f4111324080ce5b633fab04c0f3f21b587f2ac10a289cc9e2760c67e0d26711c",
      "sha256:d2af2c79e23be0a55c7c61459afd980130366a9a614940ad09f591f92dff3e62",
      "sha256:2df1a5392833d9ac779ab0c72623388f3008d585b7fa77d2dc17ec69ab6ea4ac",
      "sha256:0b57088300125308c228d5bf734f804dcffdc91f97119729b6bfeefc6767e89c",
      "sha256:1d2b108031b538a64fb274b7f3562df3d5ffd8ec760b73a68632201889c9e08e",
      "sha256:56c607ff35cefef76822bcc93297ef74d39326ef956f269a9dc3f81a396e0672",
      "sha256:616a244a395242488d3c2d16695a72f5d2767011ee1ae2d6a848b7c75ebf1671"
    ],
    "RepoTags": [
      "gogs/gogs:latest"
    ],
    "RepoDigests": [
      "gogs/gogs@sha256:739fd95d01b340fe161db36c1b06e10f2aeb79b2a33a4ce589b7a2666927f778"
    ],
    "ImageConfig": {
      "architecture": "amd64",
      "created": "2024-02-21T02:50:39.477115356Z",
      "history": [
        {
          "created": "2024-01-27T00:31:02Z",
          "created_by": "/bin/sh -c #(nop) ADD file:c44c9bd36ba35cc78fb9396304ea008def9f42a3beef76aa33b2cf1fde1c10b3 in / "
        },
        {
          "created": "2024-01-27T00:31:02Z",
          "created_by": "/bin/sh -c #(nop)  CMD [\"/bin/sh\"]",
          "empty_layer": true
        },
        {
          "created": "2024-02-21T02:47:56Z",
          "created_by": "RUN /bin/sh -c apk --no-cache --no-progress add   bash   ca-certificates   curl   git   linux-pam   openssh   s6   shadow   socat   tzdata   rsync # buildkit",
          "comment": "buildkit.dockerfile.v0"
        },
        {
          "created": "2024-02-21T02:47:56Z",
          "created_by": "ENV GOGS_CUSTOM=/data/gogs",
          "comment": "buildkit.dockerfile.v0",
          "empty_layer": true
        },
        {
          "created": "2024-02-21T02:47:56Z",
          "created_by": "COPY docker/nsswitch.conf /etc/nsswitch.conf # buildkit",
          "comment": "buildkit.dockerfile.v0"
        },
        {
          "created": "2024-02-21T02:47:56Z",
          "created_by": "WORKDIR /app/gogs",
          "comment": "buildkit.dockerfile.v0"
        },
        {
          "created": "2024-02-21T02:47:56Z",
          "created_by": "COPY docker ./docker # buildkit",
          "comment": "buildkit.dockerfile.v0"
        },
        {
          "created": "2024-02-21T02:50:38Z",
          "created_by": "COPY /gogs.io/gogs/gogs . # buildkit",
          "comment": "buildkit.dockerfile.v0"
        },
        {
          "created": "2024-02-21T02:50:39Z",
          "created_by": "RUN /bin/sh -c ./docker/build/finalize.sh # buildkit",
          "comment": "buildkit.dockerfile.v0"
        },
        {
          "created": "2024-02-21T02:50:39Z",
          "created_by": "VOLUME [/data /backup]",
          "comment": "buildkit.dockerfile.v0",
          "empty_layer": true
        },
        {
          "created": "2024-02-21T02:50:39Z",
          "created_by": "EXPOSE map[22/tcp:{} 3000/tcp:{}]",
          "comment": "buildkit.dockerfile.v0",
          "empty_layer": true
        },
        {
          "created": "2024-02-21T02:50:39Z",
          "created_by": "HEALTHCHECK \u0026{[\"CMD-SHELL\" \"(curl -o /dev/null -sS http://localhost:3000/healthcheck) || exit 1\"] \"0s\" \"0s\" \"0s\" \"0s\" '\\x00'}",
          "comment": "buildkit.dockerfile.v0",
          "empty_layer": true
        },
        {
          "created": "2024-02-21T02:50:39Z",
          "created_by": "ENTRYPOINT [\"/app/gogs/docker/start.sh\"]",
          "comment": "buildkit.dockerfile.v0",
          "empty_layer": true
        },
        {
          "created": "2024-02-21T02:50:39Z",
          "created_by": "CMD [\"/bin/s6-svscan\" \"/app/gogs/docker/s6/\"]",
          "comment": "buildkit.dockerfile.v0",
          "empty_layer": true
        }
      ],
      "os": "linux",
      "rootfs": {
        "type": "layers",
        "diff_ids": [
          "sha256:f4111324080ce5b633fab04c0f3f21b587f2ac10a289cc9e2760c67e0d26711c",
          "sha256:d2af2c79e23be0a55c7c61459afd980130366a9a614940ad09f591f92dff3e62",
          "sha256:2df1a5392833d9ac779ab0c72623388f3008d585b7fa77d2dc17ec69ab6ea4ac",
          "sha256:0b57088300125308c228d5bf734f804dcffdc91f97119729b6bfeefc6767e89c",
          "sha256:1d2b108031b538a64fb274b7f3562df3d5ffd8ec760b73a68632201889c9e08e",
          "sha256:56c607ff35cefef76822bcc93297ef74d39326ef956f269a9dc3f81a396e0672",
          "sha256:616a244a395242488d3c2d16695a72f5d2767011ee1ae2d6a848b7c75ebf1671"
        ]
      },
      "config": {
        "Cmd": [
          "/bin/s6-svscan",
          "/app/gogs/docker/s6/"
        ],
        "Healthcheck": {
          "Test": [
            "CMD-SHELL",
            "(curl -o /dev/null -sS http://localhost:3000/healthcheck) || exit 1"
          ]
        },
        "Entrypoint": [
          "/app/gogs/docker/start.sh"
        ],
        "Env": [
          "PATH=/usr/local/sbin:/usr/local/bin:/usr/sbin:/usr/bin:/sbin:/bin",
          "GOGS_CUSTOM=/data/gogs"
        ],
        "Volumes": {
          "/backup": {},
          "/data": {}
        },
        "WorkingDir": "/app/gogs",
        "ArgsEscaped": true
      }
    }
  },
  "Results": [
    {
      "Target": "gogs/gogs:latest (alpine 3.17.7)",
      "Class": "os-pkgs",
      "Type": "alpine"
    },
    {
      "Target": "usr/sbin/gosu",
      "Class": "lang-pkgs",
      "Type": "gobinary",
      "Vulnerabilities": [
        {
          "VulnerabilityID": "CVE-2023-27561",
          "PkgName": "github.com/opencontainers/runc",
          "PkgIdentifier": {
            "PURL": "pkg:golang/github.com/opencontainers/runc@v1.0.1"
          },
          "InstalledVersion": "v1.0.1",
          "FixedVersion": "1.1.5",
          "Status": "fixed",
          "Layer": {
            "DiffID": "sha256:616a244a395242488d3c2d16695a72f5d2767011ee1ae2d6a848b7c75ebf1671"
          },
          "SeveritySource": "ghsa",
          "PrimaryURL": "https://avd.aquasec.com/nvd/cve-2023-27561",
          "DataSource": {
            "ID": "ghsa",
            "Name": "GitHub Security Advisory Go",
            "URL": "https://github.com/advisories?query=type%3Areviewed+ecosystem%3Ago"
          },
          "Title": "runc: volume mount race condition (regression of CVE-2019-19921)",
          "Description": "runc through 1.1.4 has Incorrect Access Control leading to Escalation of Privileges, related to libcontainer/rootfs_linux.go. To exploit this, an attacker must be able to spawn two containers with custom volume-mount configurations, and be able to run custom images. NOTE: this issue exists because of a CVE-2019-19921 regression.",
          "Severity": "HIGH",
          "CweIDs": [
            "CWE-706"
          ],
          "VendorSeverity": {
            "alma": 2,
            "amazon": 3,
            "cbl-mariner": 3,
            "ghsa": 3,
            "nvd": 3,
            "oracle-oval": 2,
            "photon": 3,
            "redhat": 2,
            "ubuntu": 2
          },
          "CVSS": {
            "ghsa": {
              "V3Vector": "CVSS:3.1/AV:L/AC:H/PR:L/UI:N/S:U/C:H/I:H/A:H",
              "V3Score": 7
            },
            "nvd": {
              "V3Vector": "CVSS:3.1/AV:L/AC:H/PR:L/UI:N/S:U/C:H/I:H/A:H",
              "V3Score": 7
            },
            "redhat": {
              "V3Vector": "CVSS:3.1/AV:L/AC:H/PR:L/UI:N/S:U/C:H/I:H/A:H",
              "V3Score": 7
            }
          },
          "References": [
            "https://access.redhat.com/errata/RHSA-2023:6380",
            "https://access.redhat.com/security/cve/CVE-2023-27561",
            "https://bugzilla.redhat.com/2029439",
            "https://bugzilla.redhat.com/2175721",
            "https://bugzilla.redhat.com/2178492",
            "https://bugzilla.redhat.com/2182883",
            "https://bugzilla.redhat.com/2182884",
            "https://cve.mitre.org/cgi-bin/cvename.cgi?name=CVE-2023-27561",
            "https://errata.almalinux.org/9/ALSA-2023-6380.html",
            "https://gist.github.com/LiveOverflow/c937820b688922eb127fb760ce06dab9",
            "https://github.com/opencontainers/runc",
            "https://github.com/opencontainers/runc/issues/2197#issuecomment-1437617334",
            "https://github.com/opencontainers/runc/issues/3751",
            "https://github.com/opencontainers/runc/pull/3785",
            "https://github.com/opencontainers/runc/releases/tag/v1.1.5",
            "https://linux.oracle.com/cve/CVE-2023-27561.html",
            "https://linux.oracle.com/errata/ELSA-2023-6939.html",
            "https://lists.debian.org/debian-lts-announce/2023/03/msg00023.html",
            "https://lists.fedoraproject.org/archives/list/package-announce%40lists.fedoraproject.org/message/ANUGDBJ7NBUMSUFZUSKU3ZMQYZ2Z3STN/",
            "https://lists.fedoraproject.org/archives/list/package-announce%40lists.fedoraproject.org/message/DHGVGGMKGZSJ7YO67TGGPFEHBYMS63VF/",
            "https://lists.fedoraproject.org/archives/list/package-announce%40lists.fedoraproject.org/message/FNB2UEDIIJCRQW4WJLZOPQJZXCVSXMLD/",
            "https://lists.fedoraproject.org/archives/list/package-announce%40lists.fedoraproject.org/message/FYVE3GB4OG3BNT5DLQHYO4M5SXX33AQ5/",
            "https://lists.fedoraproject.org/archives/list/package-announce%40lists.fedoraproject.org/message/I6BF24VCZRFTYBTT3T7HDZUOTKOTNPLZ/",
            "https://lists.fedoraproject.org/archives/list/package-announce@lists.fedoraproject.org/message/ANUGDBJ7NBUMSUFZUSKU3ZMQYZ2Z3STN",
            "https://lists.fedoraproject.org/archives/list/package-announce@lists.fedoraproject.org/message/DHGVGGMKGZSJ7YO67TGGPFEHBYMS63VF",
            "https://lists.fedoraproject.org/archives/list/package-announce@lists.fedoraproject.org/message/FNB2UEDIIJCRQW4WJLZOPQJZXCVSXMLD",
            "https://lists.fedoraproject.org/archives/list/package-announce@lists.fedoraproject.org/message/FYVE3GB4OG3BNT5DLQHYO4M5SXX33AQ5",
            "https://lists.fedoraproject.org/archives/list/package-announce@lists.fedoraproject.org/message/I6BF24VCZRFTYBTT3T7HDZUOTKOTNPLZ",
            "https://nvd.nist.gov/vuln/detail/CVE-2023-27561",
            "https://ubuntu.com/security/notices/USN-6088-1",
            "https://ubuntu.com/security/notices/USN-6088-2",
            "https://www.cve.org/CVERecord?id=CVE-2023-27561"
          ],
          "PublishedDate": "2023-03-03T19:15:11.33Z",
          "LastModifiedDate": "2023-11-07T04:09:59.443Z"
        },
        {
          "VulnerabilityID": "CVE-2024-21626",
          "PkgName": "github.com/opencontainers/runc",
          "PkgIdentifier": {
            "PURL": "pkg:golang/github.com/opencontainers/runc@v1.0.1"
          },
          "InstalledVersion": "v1.0.1",
          "FixedVersion": "1.1.12",
          "Status": "fixed",
          "Layer": {
            "DiffID": "sha256:616a244a395242488d3c2d16695a72f5d2767011ee1ae2d6a848b7c75ebf1671"
          },
          "SeveritySource": "ghsa",
          "PrimaryURL": "https://avd.aquasec.com/nvd/cve-2024-21626",
          "DataSource": {
            "ID": "ghsa",
            "Name": "GitHub Security Advisory Go",
            "URL": "https://github.com/advisories?query=type%3Areviewed+ecosystem%3Ago"
          },
          "Title": "runc: file descriptor leak",
          "Description": "runc is a CLI tool for spawning and running containers on Linux according to the OCI specification. In runc 1.1.11 and earlier, due to an internal file descriptor leak, an attacker could cause a newly-spawned container process (from runc exec) to have a working directory in the host filesystem namespace, allowing for a container escape by giving access to the host filesystem (\"attack 2\"). The same attack could be used by a malicious image to allow a container process to gain access to the host filesystem through runc run (\"attack 1\"). Variants of attacks 1 and 2 could be also be used to overwrite semi-arbitrary host binaries, allowing for complete container escapes (\"attack 3a\" and \"attack 3b\"). runc 1.1.12 includes patches for this issue. ",
          "Severity": "HIGH",
          "CweIDs": [
            "CWE-668",
            "CWE-403"
          ],
          "VendorSeverity": {
            "alma": 3,
            "amazon": 3,
            "cbl-mariner": 3,
            "ghsa": 3,
            "nvd": 3,
            "oracle-oval": 3,
            "redhat": 3,
            "ubuntu": 3
          },
          "CVSS": {
            "ghsa": {
              "V3Vector": "CVSS:3.1/AV:L/AC:L/PR:N/UI:R/S:C/C:H/I:H/A:H",
              "V3Score": 8.6
            },
            "nvd": {
              "V3Vector": "CVSS:3.1/AV:L/AC:L/PR:N/UI:R/S:C/C:H/I:H/A:H",
              "V3Score": 8.6
            },
            "redhat": {
              "V3Vector": "CVSS:3.1/AV:L/AC:L/PR:N/UI:R/S:C/C:H/I:H/A:H",
              "V3Score": 8.6
            }
          },
          "References": [
            "http://packetstormsecurity.com/files/176993/runc-1.1.11-File-Descriptor-Leak-Privilege-Escalation.html",
            "http://www.openwall.com/lists/oss-security/2024/02/01/1",
            "http://www.openwall.com/lists/oss-security/2024/02/02/3",
            "https://access.redhat.com/errata/RHSA-2024:0670",
            "https://access.redhat.com/security/cve/CVE-2024-21626",
            "https://bugzilla.redhat.com/2258725",
            "https://cve.mitre.org/cgi-bin/cvename.cgi?name=CVE-2024-21626",
            "https://errata.almalinux.org/9/ALSA-2024-0670.html",
            "https://github.com/opencontainers/runc",
            "https://github.com/opencontainers/runc/commit/02120488a4c0fc487d1ed2867e901eeed7ce8ecf",
            "https://github.com/opencontainers/runc/releases/tag/v1.1.12",
            "https://github.com/opencontainers/runc/security/advisories/GHSA-xr7r-f8xq-vfvv",
            "https://linux.oracle.com/cve/CVE-2024-21626.html",
            "https://linux.oracle.com/errata/ELSA-2024-17931.html",
            "https://lists.debian.org/debian-lts-announce/2024/02/msg00005.html",
            "https://lists.fedoraproject.org/archives/list/package-announce@lists.fedoraproject.org/message/2NLXNE23Q5ESQUAI22Z7A63JX2WMPJ2J",
            "https://lists.fedoraproject.org/archives/list/package-announce@lists.fedoraproject.org/message/2NLXNE23Q5ESQUAI22Z7A63JX2WMPJ2J/",
            "https://lists.fedoraproject.org/archives/list/package-announce@lists.fedoraproject.org/message/SYMO3BANINS6RGFQFKPRG4FIOJ7GWYTL",
            "https://lists.fedoraproject.org/archives/list/package-announce@lists.fedoraproject.org/message/SYMO3BANINS6RGFQFKPRG4FIOJ7GWYTL/",
            "https://nvd.nist.gov/vuln/detail/CVE-2024-21626",
            "https://ubuntu.com/security/notices/USN-6619-1",
            "https://www.cve.org/CVERecord?id=CVE-2024-21626"
          ],
          "PublishedDate": "2024-01-31T22:15:53.78Z",
          "LastModifiedDate": "2024-02-19T03:15:08.413Z"
        },
        {
          "VulnerabilityID": "CVE-2021-43784",
          "PkgName": "github.com/opencontainers/runc",
          "PkgIdentifier": {
            "PURL": "pkg:golang/github.com/opencontainers/runc@v1.0.1"
          },
          "InstalledVersion": "v1.0.1",
          "FixedVersion": "1.0.3",
          "Status": "fixed",
          "Layer": {
            "DiffID": "sha256:616a244a395242488d3c2d16695a72f5d2767011ee1ae2d6a848b7c75ebf1671"
          },
          "SeveritySource": "ghsa",
          "PrimaryURL": "https://avd.aquasec.com/nvd/cve-2021-43784",
          "DataSource": {
            "ID": "ghsa",
            "Name": "GitHub Security Advisory Go",
            "URL": "https://github.com/advisories?query=type%3Areviewed+ecosystem%3Ago"
          },
          "Title": "runc: integer overflow in netlink bytemsg length field allows attacker to override netlink-based container configuration",
          "Description": "runc is a CLI tool for spawning and running containers on Linux according to the OCI specification. In runc, netlink is used internally as a serialization system for specifying the relevant container configuration to the `C` portion of the code (responsible for the based namespace setup of containers). In all versions of runc prior to 1.0.3, the encoder did not handle the possibility of an integer overflow in the 16-bit length field for the byte array attribute type, meaning that a large enough malicious byte array attribute could result in the length overflowing and the attribute contents being parsed as netlink messages for container configuration. This vulnerability requires the attacker to have some control over the configuration of the container and would allow the attacker to bypass the namespace restrictions of the container by simply adding their own netlink payload which disables all namespaces. The main users impacted are those who allow untrusted images with untrusted configurations to run on their machines (such as with shared cloud infrastructure). runc version 1.0.3 contains a fix for this bug. As a workaround, one may try disallowing untrusted namespace paths from your container. It should be noted that untrusted namespace paths would allow the attacker to disable namespace protections entirely even in the absence of this bug.",
          "Severity": "MEDIUM",
          "CweIDs": [
            "CWE-190"
          ],
          "VendorSeverity": {
            "alma": 2,
            "cbl-mariner": 2,
            "ghsa": 2,
            "nvd": 2,
            "oracle-oval": 2,
            "photon": 2,
            "redhat": 1
          },
          "CVSS": {
            "ghsa": {
              "V3Vector": "CVSS:3.1/AV:N/AC:H/PR:L/UI:N/S:C/C:L/I:L/A:L",
              "V3Score": 6
            },
            "nvd": {
              "V2Vector": "AV:N/AC:M/Au:S/C:P/I:P/A:P",
              "V3Vector": "CVSS:3.1/AV:N/AC:H/PR:L/UI:N/S:U/C:L/I:L/A:L",
              "V2Score": 6,
              "V3Score": 5
            },
            "redhat": {
              "V3Vector": "CVSS:3.1/AV:N/AC:H/PR:L/UI:N/S:U/C:L/I:L/A:L",
              "V3Score": 5
            }
          },
          "References": [
            "https://access.redhat.com/errata/RHSA-2023:6380",
            "https://access.redhat.com/security/cve/CVE-2021-43784",
            "https://bugs.chromium.org/p/project-zero/issues/detail?id=2241",
            "https://bugzilla.redhat.com/2029439",
            "https://bugzilla.redhat.com/2175721",
            "https://bugzilla.redhat.com/2178492",
            "https://bugzilla.redhat.com/2182883",
            "https://bugzilla.redhat.com/2182884",
            "https://errata.almalinux.org/9/ALSA-2023-6380.html",
            "https://github.com/opencontainers/runc",
            "https://github.com/opencontainers/runc/commit/9c444070ec7bb83995dbc0185da68284da71c554",
            "https://github.com/opencontainers/runc/commit/d72d057ba794164c3cce9451a00b72a78b25e1ae",
            "https://github.com/opencontainers/runc/commit/dde509df4e28cec33b3c99c6cda3d4fd5beafc77",
            "https://github.com/opencontainers/runc/commit/f50369af4b571e358f20b139eea52d612eb55eed",
            "https://github.com/opencontainers/runc/security/advisories/GHSA-v95c-p5hm-xq8f",
            "https://linux.oracle.com/cve/CVE-2021-43784.html",
            "https://linux.oracle.com/errata/ELSA-2023-6380.html",
            "https://lists.debian.org/debian-lts-announce/2021/12/msg00005.html",
            "https://lists.debian.org/debian-lts-announce/2024/02/msg00005.html",
            "https://nvd.nist.gov/vuln/detail/CVE-2021-43784",
            "https://pkg.go.dev/vuln/GO-2022-0274",
            "https://www.cve.org/CVERecord?id=CVE-2021-43784"
          ],
          "PublishedDate": "2021-12-06T18:15:08.24Z",
          "LastModifiedDate": "2024-02-19T03:15:07.33Z"
        },
        {
          "VulnerabilityID": "CVE-2022-29162",
          "PkgName": "github.com/opencontainers/runc",
          "PkgIdentifier": {
            "PURL": "pkg:golang/github.com/opencontainers/runc@v1.0.1"
          },
          "InstalledVersion": "v1.0.1",
          "FixedVersion": "1.1.2",
          "Status": "fixed",
          "Layer": {
            "DiffID": "sha256:616a244a395242488d3c2d16695a72f5d2767011ee1ae2d6a848b7c75ebf1671"
          },
          "SeveritySource": "ghsa",
          "PrimaryURL": "https://avd.aquasec.com/nvd/cve-2022-29162",
          "DataSource": {
            "ID": "ghsa",
            "Name": "GitHub Security Advisory Go",
            "URL": "https://github.com/advisories?query=type%3Areviewed+ecosystem%3Ago"
          },
          "Title": "runc: incorrect handling of inheritable capabilities",
          "Description": "runc is a CLI tool for spawning and running containers on Linux according to the OCI specification. A bug was found in runc prior to version 1.1.2 where `runc exec --cap` created processes with non-empty inheritable Linux process capabilities, creating an atypical Linux environment and enabling programs with inheritable file capabilities to elevate those capabilities to the permitted set during execve(2). This bug did not affect the container security sandbox as the inheritable set never contained more capabilities than were included in the container's bounding set. This bug has been fixed in runc 1.1.2. This fix changes `runc exec --cap` behavior such that the additional capabilities granted to the process being executed (as specified via `--cap` arguments) do not include inheritable capabilities. In addition, `runc spec` is changed to not set any inheritable capabilities in the created example OCI spec (`config.json`) file.",
          "Severity": "MEDIUM",
          "CweIDs": [
            "CWE-276"
          ],
          "VendorSeverity": {
            "alma": 1,
            "amazon": 1,
            "cbl-mariner": 3,
            "ghsa": 2,
            "nvd": 3,
            "oracle-oval": 1,
            "photon": 3,
            "redhat": 1,
            "rocky": 1,
            "ubuntu": 1
          },
          "CVSS": {
            "ghsa": {
              "V3Vector": "CVSS:3.1/AV:L/AC:L/PR:N/UI:N/S:U/C:L/I:L/A:L",
              "V3Score": 5.9
            },
            "nvd": {
              "V2Vector": "AV:L/AC:L/Au:N/C:P/I:P/A:P",
              "V3Vector": "CVSS:3.1/AV:L/AC:L/PR:L/UI:N/S:U/C:H/I:H/A:H",
              "V2Score": 4.6,
              "V3Score": 7.8
            },
            "redhat": {
              "V3Vector": "CVSS:3.1/AV:N/AC:H/PR:N/UI:N/S:U/C:L/I:L/A:L",
              "V3Score": 5.6
            }
          },
          "References": [
            "github.com/opencontainers/runc",
            "https://access.redhat.com/errata/RHSA-2022:8090",
            "https://access.redhat.com/security/cve/CVE-2022-29162",
            "https://bugzilla.redhat.com/2086398",
            "https://bugzilla.redhat.com/show_bug.cgi?id=2086398",
            "https://cve.mitre.org/cgi-bin/cvename.cgi?name=CVE-2022-29162",
            "https://errata.almalinux.org/9/ALSA-2022-8090.html",
            "https://errata.rockylinux.org/RLSA-2022:8090",
            "https://github.com/opencontainers/runc/commit/98fe566c527479195ce3c8167136d2a555fe6b65",
            "https://github.com/opencontainers/runc/commit/d04de3a9b72d7a2455c1885fc75eb36d02cd17b5",
            "https://github.com/opencontainers/runc/releases/tag/v1.1.2",
            "https://github.com/opencontainers/runc/security/advisories/GHSA-f3fp-gc8g-vw66",
            "https://linux.oracle.com/cve/CVE-2022-29162.html",
            "https://linux.oracle.com/errata/ELSA-2022-8090.html",
            "https://lists.debian.org/debian-lts-announce/2023/03/msg00023.html",
            "https://lists.fedoraproject.org/archives/list/package-announce%40lists.fedoraproject.org/message/AVPZBV7ISA7QKRPTC7ZXWKMIQI2HZEBB/",
            "https://lists.fedoraproject.org/archives/list/package-announce%40lists.fedoraproject.org/message/D77CKD3AXPMU4PMQIQI5Q74SI4JATNND/",
            "https://lists.fedoraproject.org/archives/list/package-announce%40lists.fedoraproject.org/message/GPQU4YC4AAY54JDXGDQHJEYKSXXG5T2Y/",
            "https://lists.fedoraproject.org/archives/list/package-announce@lists.fedoraproject.org/message/AVPZBV7ISA7QKRPTC7ZXWKMIQI2HZEBB",
            "https://lists.fedoraproject.org/archives/list/package-announce@lists.fedoraproject.org/message/D77CKD3AXPMU4PMQIQI5Q74SI4JATNND",
            "https://lists.fedoraproject.org/archives/list/package-announce@lists.fedoraproject.org/message/GPQU4YC4AAY54JDXGDQHJEYKSXXG5T2Y",
            "https://nvd.nist.gov/vuln/detail/CVE-2022-29162",
            "https://ubuntu.com/security/notices/USN-6088-2",
            "https://www.cve.org/CVERecord?id=CVE-2022-29162",
            "https://www.openwall.com/lists/oss-security/2022/05/12/1"
          ],
          "PublishedDate": "2022-05-17T21:15:08.32Z",
          "LastModifiedDate": "2023-11-07T03:45:56.607Z"
        },
        {
          "VulnerabilityID": "CVE-2023-28642",
          "PkgName": "github.com/opencontainers/runc",
          "PkgIdentifier": {
            "PURL": "pkg:golang/github.com/opencontainers/runc@v1.0.1"
          },
          "InstalledVersion": "v1.0.1",
          "FixedVersion": "1.1.5",
          "Status": "fixed",
          "Layer": {
            "DiffID": "sha256:616a244a395242488d3c2d16695a72f5d2767011ee1ae2d6a848b7c75ebf1671"
          },
          "SeveritySource": "ghsa",
          "PrimaryURL": "https://avd.aquasec.com/nvd/cve-2023-28642",
          "DataSource": {
            "ID": "ghsa",
            "Name": "GitHub Security Advisory Go",
            "URL": "https://github.com/advisories?query=type%3Areviewed+ecosystem%3Ago"
          },
          "Title": "runc: AppArmor can be bypassed when `/proc` inside the container is symlinked with a specific mount configuration",
          "Description": "runc is a CLI tool for spawning and running containers according to the OCI specification. It was found that AppArmor can be bypassed when `/proc` inside the container is symlinked with a specific mount configuration. This issue has been fixed in runc version 1.1.5, by prohibiting symlinked `/proc`. See PR #3785 for details. users are advised to upgrade. Users unable to upgrade should avoid using an untrusted container image.\n\n",
          "Severity": "MEDIUM",
          "CweIDs": [
            "CWE-59",
            "CWE-281"
          ],
          "VendorSeverity": {
            "alma": 2,
            "amazon": 3,
            "cbl-mariner": 3,
            "ghsa": 2,
            "nvd": 3,
            "oracle-oval": 2,
            "photon": 3,
            "redhat": 2,
            "ubuntu": 2
          },
          "CVSS": {
            "ghsa": {
              "V3Vector": "CVSS:3.1/AV:L/AC:L/PR:N/UI:R/S:C/C:L/I:L/A:L",
              "V3Score": 6.1
            },
            "nvd": {
              "V3Vector": "CVSS:3.1/AV:L/AC:L/PR:L/UI:N/S:U/C:H/I:H/A:H",
              "V3Score": 7.8
            },
            "redhat": {
              "V3Vector": "CVSS:3.1/AV:L/AC:L/PR:L/UI:N/S:U/C:H/I:H/A:H",
              "V3Score": 7.8
            }
          },
          "References": [
            "https://access.redhat.com/errata/RHSA-2023:6380",
            "https://access.redhat.com/security/cve/CVE-2023-28642",
            "https://bugzilla.redhat.com/2029439",
            "https://bugzilla.redhat.com/2175721",
            "https://bugzilla.redhat.com/2178492",
            "https://bugzilla.redhat.com/2182883",
            "https://bugzilla.redhat.com/2182884",
            "https://cve.mitre.org/cgi-bin/cvename.cgi?name=CVE-2023-28642",
            "https://errata.almalinux.org/9/ALSA-2023-6380.html",
            "https://github.com/advisories/GHSA-g2j6-57v7-gm8c",
            "https://github.com/opencontainers/runc",
            "https://github.com/opencontainers/runc/pull/3785",
            "https://github.com/opencontainers/runc/security/advisories/GHSA-g2j6-57v7-gm8c",
            "https://linux.oracle.com/cve/CVE-2023-28642.html",
            "https://linux.oracle.com/errata/ELSA-2023-6939.html",
            "https://nvd.nist.gov/vuln/detail/CVE-2023-28642",
            "https://ubuntu.com/security/notices/USN-6088-1",
            "https://ubuntu.com/security/notices/USN-6088-2",
            "https://www.cve.org/CVERecord?id=CVE-2023-28642"
          ],
          "PublishedDate": "2023-03-29T19:15:22.397Z",
          "LastModifiedDate": "2023-11-07T04:10:46.52Z"
        },
        {
          "VulnerabilityID": "CVE-2023-25809",
          "PkgName": "github.com/opencontainers/runc",
          "PkgIdentifier": {
            "PURL": "pkg:golang/github.com/opencontainers/runc@v1.0.1"
          },
          "InstalledVersion": "v1.0.1",
          "FixedVersion": "1.1.5",
          "Status": "fixed",
          "Layer": {
            "DiffID": "sha256:616a244a395242488d3c2d16695a72f5d2767011ee1ae2d6a848b7c75ebf1671"
          },
          "SeveritySource": "ghsa",
          "PrimaryURL": "https://avd.aquasec.com/nvd/cve-2023-25809",
          "DataSource": {
            "ID": "ghsa",
            "Name": "GitHub Security Advisory Go",
            "URL": "https://github.com/advisories?query=type%3Areviewed+ecosystem%3Ago"
          },
          "Title": "runc: Rootless runc makes `/sys/fs/cgroup` writable",
          "Description": "runc is a CLI tool for spawning and running containers according to the OCI specification. In affected versions it was found that rootless runc makes `/sys/fs/cgroup` writable in following conditons: 1. when runc is executed inside the user namespace, and the `config.json` does not specify the cgroup namespace to be unshared (e.g.., `(docker|podman|nerdctl) run --cgroupns=host`, with Rootless Docker/Podman/nerdctl) or 2. when runc is executed outside the user namespace, and `/sys` is mounted with `rbind, ro` (e.g., `runc spec --rootless`; this condition is very rare). A container may gain the write access to user-owned cgroup hierarchy `/sys/fs/cgroup/user.slice/...` on the host . Other users's cgroup hierarchies are not affected. Users are advised to upgrade to version 1.1.5. Users unable to upgrade may unshare the cgroup namespace (`(docker|podman|nerdctl) run --cgroupns=private)`. This is the default behavior of Docker/Podman/nerdctl on cgroup v2 hosts. or add `/sys/fs/cgroup` to `maskedPaths`.\n",
          "Severity": "LOW",
          "CweIDs": [
            "CWE-281"
          ],
          "VendorSeverity": {
            "alma": 2,
            "amazon": 3,
            "cbl-mariner": 2,
            "ghsa": 1,
            "nvd": 2,
            "oracle-oval": 2,
            "photon": 2,
            "redhat": 2,
            "ubuntu": 2
          },
          "CVSS": {
            "ghsa": {
              "V3Vector": "CVSS:3.1/AV:L/AC:H/PR:H/UI:N/S:C/C:N/I:N/A:L",
              "V3Score": 2.5
            },
            "nvd": {
              "V3Vector": "CVSS:3.1/AV:L/AC:L/PR:L/UI:N/S:C/C:L/I:L/A:L",
              "V3Score": 6.3
            },
            "redhat": {
              "V3Vector": "CVSS:3.1/AV:L/AC:L/PR:L/UI:N/S:C/C:L/I:L/A:L",
              "V3Score": 6.3
            }
          },
          "References": [
            "https://access.redhat.com/errata/RHSA-2023:6380",
            "https://access.redhat.com/security/cve/CVE-2023-25809",
            "https://bugzilla.redhat.com/2029439",
            "https://bugzilla.redhat.com/2175721",
            "https://bugzilla.redhat.com/2178492",
            "https://bugzilla.redhat.com/2182883",
            "https://bugzilla.redhat.com/2182884",
            "https://cve.mitre.org/cgi-bin/cvename.cgi?name=CVE-2023-25809",
            "https://errata.almalinux.org/9/ALSA-2023-6380.html",
            "https://github.com/opencontainers/runc",
            "https://github.com/opencontainers/runc/commit/0d62b950e60f6980b54fe3bafd9a9c608dc1df17",
            "https://github.com/opencontainers/runc/commit/0e6b818a2b0d24fdb6697614e5c5f115bbe8e3a5 (v1.1.5)",
            "https://github.com/opencontainers/runc/security/advisories/GHSA-m8cg-xc2p-r3fc",
            "https://linux.oracle.com/cve/CVE-2023-25809.html",
            "https://linux.oracle.com/errata/ELSA-2023-6939.html",
            "https://nvd.nist.gov/vuln/detail/CVE-2023-25809",
            "https://ubuntu.com/security/notices/USN-6088-1",
            "https://ubuntu.com/security/notices/USN-6088-2",
            "https://www.cve.org/CVERecord?id=CVE-2023-25809"
          ],
          "PublishedDate": "2023-03-29T19:15:22.17Z",
          "LastModifiedDate": "2023-11-07T04:09:12.663Z"
        },
        {
          "VulnerabilityID": "CVE-2022-29526",
          "PkgName": "golang.org/x/sys",
          "PkgIdentifier": {
            "PURL": "pkg:golang/golang.org/x/sys@v0.0.0-20210817142637-7d9622a276b7"
          },
          "InstalledVersion": "v0.0.0-20210817142637-7d9622a276b7",
          "FixedVersion": "0.0.0-20220412211240-33da011f77ad",
          "Status": "fixed",
          "Layer": {
            "DiffID": "sha256:616a244a395242488d3c2d16695a72f5d2767011ee1ae2d6a848b7c75ebf1671"
          },
          "SeveritySource": "ghsa",
          "PrimaryURL": "https://avd.aquasec.com/nvd/cve-2022-29526",
          "DataSource": {
            "ID": "ghsa",
            "Name": "GitHub Security Advisory Go",
            "URL": "https://github.com/advisories?query=type%3Areviewed+ecosystem%3Ago"
          },
          "Title": "golang: syscall: faccessat checks wrong group",
          "Description": "Go before 1.17.10 and 1.18.x before 1.18.2 has Incorrect Privilege Assignment. When called with a non-zero flags parameter, the Faccessat function could incorrectly report that a file is accessible.",
          "Severity": "MEDIUM",
          "CweIDs": [
            "CWE-269"
          ],
          "VendorSeverity": {
            "amazon": 3,
            "bitnami": 2,
            "cbl-mariner": 2,
            "ghsa": 2,
            "nvd": 2,
            "oracle-oval": 2,
            "photon": 2,
            "redhat": 2,
            "ubuntu": 2
          },
          "CVSS": {
            "bitnami": {
              "V3Vector": "CVSS:3.1/AV:N/AC:L/PR:N/UI:N/S:U/C:L/I:N/A:N",
              "V3Score": 5.3
            },
            "ghsa": {
              "V3Vector": "CVSS:3.1/AV:N/AC:L/PR:N/UI:N/S:U/C:L/I:N/A:N",
              "V3Score": 5.3
            },
            "nvd": {
              "V2Vector": "AV:N/AC:L/Au:N/C:P/I:N/A:N",
              "V3Vector": "CVSS:3.1/AV:N/AC:L/PR:N/UI:N/S:U/C:L/I:N/A:N",
              "V2Score": 5,
              "V3Score": 5.3
            },
            "redhat": {
              "V3Vector": "CVSS:3.1/AV:L/AC:L/PR:N/UI:N/S:U/C:N/I:N/A:H",
              "V3Score": 6.2
            }
          },
          "References": [
            "https://access.redhat.com/security/cve/CVE-2022-29526",
            "https://cve.mitre.org/cgi-bin/cvename.cgi?name=CVE-2022-29526",
            "https://github.com/golang/go",
            "https://github.com/golang/go/commit/f66925e854e71e0c54b581885380a490d7afa30c",
            "https://github.com/golang/go/issues/52313",
            "https://go.dev/cl/399539",
            "https://go.dev/cl/400074",
            "https://go.dev/issue/52313",
            "https://groups.google.com/g/golang-announce",
            "https://groups.google.com/g/golang-announce/c/Y5qrqw_lWdU",
            "https://linux.oracle.com/cve/CVE-2022-29526.html",
            "https://linux.oracle.com/errata/ELSA-2022-5337.html",
            "https://lists.fedoraproject.org/archives/list/package-announce%40lists.fedoraproject.org/message/Q6GE5EQGE4L2KRVGW4T75QVIYAXCLO5X/",
            "https://lists.fedoraproject.org/archives/list/package-announce%40lists.fedoraproject.org/message/RQXU752ALW53OJAF5MG3WMR5CCZVLWW6/",
            "https://lists.fedoraproject.org/archives/list/package-announce%40lists.fedoraproject.org/message/Z55VUVGO7E5PJFXIOVAY373NZRHBNCI5/",
            "https://lists.fedoraproject.org/archives/list/package-announce%40lists.fedoraproject.org/message/ZY2SLWOQR4ZURQ7UBRZ7JIX6H6F5JHJR/",
            "https://lists.fedoraproject.org/archives/list/package-announce@lists.fedoraproject.org/message/Q6GE5EQGE4L2KRVGW4T75QVIYAXCLO5X",
            "https://lists.fedoraproject.org/archives/list/package-announce@lists.fedoraproject.org/message/RQXU752ALW53OJAF5MG3WMR5CCZVLWW6",
            "https://lists.fedoraproject.org/archives/list/package-announce@lists.fedoraproject.org/message/Z55VUVGO7E5PJFXIOVAY373NZRHBNCI5",
            "https://lists.fedoraproject.org/archives/list/package-announce@lists.fedoraproject.org/message/ZY2SLWOQR4ZURQ7UBRZ7JIX6H6F5JHJR",
            "https://nvd.nist.gov/vuln/detail/CVE-2022-29526",
            "https://pkg.go.dev/vuln/GO-2022-0493",
            "https://security.gentoo.org/glsa/202208-02",
            "https://security.netapp.com/advisory/ntap-20220729-0001",
            "https://security.netapp.com/advisory/ntap-20220729-0001/",
            "https://ubuntu.com/security/notices/USN-6038-1",
            "https://ubuntu.com/security/notices/USN-6038-2",
            "https://www.cve.org/CVERecord?id=CVE-2022-29526"
          ],
          "PublishedDate": "2022-06-23T17:15:12.747Z",
          "LastModifiedDate": "2023-11-07T03:46:03.463Z"
        }
      ]
    }
  ]
}
