{
  "SchemaVersion": 2,
  "CreatedAt": "2024-02-25T16:10:05.939710663Z",
  "ArtifactName": "jupyterhub/k8s-network-tools:3.2.1",
  "ArtifactType": "container_image",
  "Metadata": {
    "OS": {
      "Family": "alpine",
      "Name": "3.18.4"
    },
    "ImageID": "sha256:70579c1f9ca800b1d46808f5a1234183e0777e2b83b4f1504697ba69f37cd5b2",
    "DiffIDs": [
      "sha256:cc2447e1835a40530975ab80bb1f872fbab0f2a0faecf2ab16fbbb89b3589438",
      "sha256:12884e577e3b6b5107eca9050f1b77787f6d67bec09c18a508f056289be6af5a"
    ],
    "RepoTags": [
      "jupyterhub/k8s-network-tools:3.2.1"
    ],
    "RepoDigests": [
      "jupyterhub/k8s-network-tools@sha256:f2038930e4075d8b8802182c722b8ea6a4754098f7b838879f50ca782fc2bd9a"
    ],
    "ImageConfig": {
      "architecture": "amd64",
      "created": "2023-11-27T17:55:31.983437843Z",
      "history": [
        {
          "created": "2023-09-28T21:19:27Z",
          "created_by": "/bin/sh -c #(nop) ADD file:756183bba9c7f4593c2b216e98e4208b9163c4c962ea0837ef88bd917609d001 in / "
        },
        {
          "created": "2023-09-28T21:19:27Z",
          "created_by": "/bin/sh -c #(nop)  CMD [\"/bin/sh\"]",
          "empty_layer": true
        },
        {
          "created": "2023-11-27T17:55:31Z",
          "created_by": "RUN /bin/sh -c apk add --no-cache iptables # buildkit",
          "comment": "buildkit.dockerfile.v0"
        }
      ],
      "os": "linux",
      "rootfs": {
        "type": "layers",
        "diff_ids": [
          "sha256:cc2447e1835a40530975ab80bb1f872fbab0f2a0faecf2ab16fbbb89b3589438",
          "sha256:12884e577e3b6b5107eca9050f1b77787f6d67bec09c18a508f056289be6af5a"
        ]
      },
      "config": {
        "Cmd": [
          "/bin/sh"
        ],
        "Env": [
          "PATH=/usr/local/sbin:/usr/local/bin:/usr/sbin:/usr/bin:/sbin:/bin"
        ]
      }
    }
  },
  "Results": [
    {
      "Target": "jupyterhub/k8s-network-tools:3.2.1 (alpine 3.18.4)",
      "Class": "os-pkgs",
      "Type": "alpine",
      "Vulnerabilities": [
        {
          "VulnerabilityID": "CVE-2023-5363",
          "PkgID": "libcrypto3@3.1.3-r0",
          "PkgName": "libcrypto3",
          "PkgIdentifier": {
            "PURL": "pkg:apk/alpine/libcrypto3@3.1.3-r0?arch=x86_64\u0026distro=3.18.4"
          },
          "InstalledVersion": "3.1.3-r0",
          "FixedVersion": "3.1.4-r0",
          "Status": "fixed",
          "Layer": {
            "DiffID": "sha256:cc2447e1835a40530975ab80bb1f872fbab0f2a0faecf2ab16fbbb89b3589438"
          },
          "SeveritySource": "nvd",
          "PrimaryURL": "https://avd.aquasec.com/nvd/cve-2023-5363",
          "DataSource": {
            "ID": "alpine",
            "Name": "Alpine Secdb",
            "URL": "https://secdb.alpinelinux.org/"
          },
          "Title": "openssl: Incorrect cipher key and IV length processing",
          "Description": "Issue summary: A bug has been identified in the processing of key and\ninitialisation vector (IV) lengths.  This can lead to potential truncation\nor overruns during the initialisation of some symmetric ciphers.\n\nImpact summary: A truncation in the IV can result in non-uniqueness,\nwhich could result in loss of confidentiality for some cipher modes.\n\nWhen calling EVP_EncryptInit_ex2(), EVP_DecryptInit_ex2() or\nEVP_CipherInit_ex2() the provided OSSL_PARAM array is processed after\nthe key and IV have been established.  Any alterations to the key length,\nvia the \"keylen\" parameter or the IV length, via the \"ivlen\" parameter,\nwithin the OSSL_PARAM array will not take effect as intended, potentially\ncausing truncation or overreading of these values.  The following ciphers\nand cipher modes are impacted: RC2, RC4, RC5, CCM, GCM and OCB.\n\nFor the CCM, GCM and OCB cipher modes, truncation of the IV can result in\nloss of confidentiality.  For example, when following NIST's SP 800-38D\nsection 8.2.1 guidance for constructing a deterministic IV for AES in\nGCM mode, truncation of the counter portion could lead to IV reuse.\n\nBoth truncations and overruns of the key and overruns of the IV will\nproduce incorrect results and could, in some cases, trigger a memory\nexception.  However, these issues are not currently assessed as security\ncritical.\n\nChanging the key and/or IV lengths is not considered to be a common operation\nand the vulnerable API was recently introduced. Furthermore it is likely that\napplication developers will have spotted this problem during testing since\ndecryption would fail unless both peers in the communication were similarly\nvulnerable. For these reasons we expect the probability of an application being\nvulnerable to this to be quite low. However if an application is vulnerable then\nthis issue is considered very serious. For these reasons we have assessed this\nissue as Moderate severity overall.\n\nThe OpenSSL SSL/TLS implementation is not affected by this issue.\n\nThe OpenSSL 3.0 and 3.1 FIPS providers are not affected by this because\nthe issue lies outside of the FIPS provider boundary.\n\nOpenSSL 3.1 and 3.0 are vulnerable to this issue.",
          "Severity": "HIGH",
          "VendorSeverity": {
            "alma": 2,
            "amazon": 3,
            "nvd": 3,
            "oracle-oval": 3,
            "photon": 3,
            "redhat": 2,
            "ubuntu": 2
          },
          "CVSS": {
            "nvd": {
              "V3Vector": "CVSS:3.1/AV:N/AC:L/PR:N/UI:N/S:U/C:H/I:N/A:N",
              "V3Score": 7.5
            },
            "redhat": {
              "V3Vector": "CVSS:3.1/AV:N/AC:L/PR:N/UI:N/S:U/C:H/I:N/A:N",
              "V3Score": 7.5
            }
          },
          "References": [
            "http://www.openwall.com/lists/oss-security/2023/10/24/1",
            "https://access.redhat.com/errata/RHSA-2024:0310",
            "https://access.redhat.com/security/cve/CVE-2023-5363",
            "https://bugzilla.redhat.com/2243839",
            "https://cve.mitre.org/cgi-bin/cvename.cgi?name=CVE-2023-5363",
            "https://errata.almalinux.org/9/ALSA-2024-0310.html",
            "https://git.openssl.org/gitweb/?p=openssl.git;a=commitdiff;h=0df40630850fb2740e6be6890bb905d3fc623b2d",
            "https://git.openssl.org/gitweb/?p=openssl.git;a=commitdiff;h=5f69f5c65e483928c4b28ed16af6e5742929f1ee",
            "https://linux.oracle.com/cve/CVE-2023-5363.html",
            "https://linux.oracle.com/errata/ELSA-2024-12093.html",
            "https://nvd.nist.gov/vuln/detail/CVE-2023-5363",
            "https://security.netapp.com/advisory/ntap-20231027-0010/",
            "https://security.netapp.com/advisory/ntap-20240201-0003/",
            "https://security.netapp.com/advisory/ntap-20240201-0004/",
            "https://ubuntu.com/security/notices/USN-6450-1",
            "https://www.cve.org/CVERecord?id=CVE-2023-5363",
            "https://www.debian.org/security/2023/dsa-5532",
            "https://www.openssl.org/news/secadv/20231024.txt"
          ],
          "PublishedDate": "2023-10-25T18:17:43.613Z",
          "LastModifiedDate": "2024-02-01T17:15:08.743Z"
        },
        {
          "VulnerabilityID": "CVE-2023-5678",
          "PkgID": "libcrypto3@3.1.3-r0",
          "PkgName": "libcrypto3",
          "PkgIdentifier": {
            "PURL": "pkg:apk/alpine/libcrypto3@3.1.3-r0?arch=x86_64\u0026distro=3.18.4"
          },
          "InstalledVersion": "3.1.3-r0",
          "FixedVersion": "3.1.4-r1",
          "Status": "fixed",
          "Layer": {
            "DiffID": "sha256:cc2447e1835a40530975ab80bb1f872fbab0f2a0faecf2ab16fbbb89b3589438"
          },
          "SeveritySource": "nvd",
          "PrimaryURL": "https://avd.aquasec.com/nvd/cve-2023-5678",
          "DataSource": {
            "ID": "alpine",
            "Name": "Alpine Secdb",
            "URL": "https://secdb.alpinelinux.org/"
          },
          "Title": "openssl: Generating excessively long X9.42 DH keys or checking excessively long X9.42 DH keys or parameters may be very slow",
          "Description": "Issue summary: Generating excessively long X9.42 DH keys or checking\nexcessively long X9.42 DH keys or parameters may be very slow.\n\nImpact summary: Applications that use the functions DH_generate_key() to\ngenerate an X9.42 DH key may experience long delays.  Likewise, applications\nthat use DH_check_pub_key(), DH_check_pub_key_ex() or EVP_PKEY_public_check()\nto check an X9.42 DH key or X9.42 DH parameters may experience long delays.\nWhere the key or parameters that are being checked have been obtained from\nan untrusted source this may lead to a Denial of Service.\n\nWhile DH_check() performs all the necessary checks (as of CVE-2023-3817),\nDH_check_pub_key() doesn't make any of these checks, and is therefore\nvulnerable for excessively large P and Q parameters.\n\nLikewise, while DH_generate_key() performs a check for an excessively large\nP, it doesn't check for an excessively large Q.\n\nAn application that calls DH_generate_key() or DH_check_pub_key() and\nsupplies a key or parameters obtained from an untrusted source could be\nvulnerable to a Denial of Service attack.\n\nDH_generate_key() and DH_check_pub_key() are also called by a number of\nother OpenSSL functions.  An application calling any of those other\nfunctions may similarly be affected.  The other functions affected by this\nare DH_check_pub_key_ex(), EVP_PKEY_public_check(), and EVP_PKEY_generate().\n\nAlso vulnerable are the OpenSSL pkey command line application when using the\n\"-pubcheck\" option, as well as the OpenSSL genpkey command line application.\n\nThe OpenSSL SSL/TLS implementation is not affected by this issue.\n\nThe OpenSSL 3.0 and 3.1 FIPS providers are not affected by this issue.\n\n",
          "Severity": "MEDIUM",
          "CweIDs": [
            "CWE-754"
          ],
          "VendorSeverity": {
            "alma": 1,
            "amazon": 2,
            "cbl-mariner": 2,
            "nvd": 2,
            "oracle-oval": 2,
            "photon": 2,
            "redhat": 1,
            "ubuntu": 1
          },
          "CVSS": {
            "nvd": {
              "V3Vector": "CVSS:3.1/AV:N/AC:L/PR:N/UI:N/S:U/C:N/I:N/A:L",
              "V3Score": 5.3
            },
            "redhat": {
              "V3Vector": "CVSS:3.1/AV:N/AC:L/PR:N/UI:N/S:U/C:N/I:N/A:L",
              "V3Score": 5.3
            }
          },
          "References": [
            "https://access.redhat.com/errata/RHSA-2023:7877",
            "https://access.redhat.com/security/cve/CVE-2023-5678",
            "https://bugzilla.redhat.com/2224962",
            "https://bugzilla.redhat.com/2227852",
            "https://bugzilla.redhat.com/2248616",
            "https://cve.mitre.org/cgi-bin/cvename.cgi?name=CVE-2023-5678",
            "https://errata.almalinux.org/8/ALSA-2023-7877.html",
            "https://git.openssl.org/gitweb/?p=openssl.git;a=commitdiff;h=34efaef6c103d636ab507a0cc34dca4d3aecc055",
            "https://git.openssl.org/gitweb/?p=openssl.git;a=commitdiff;h=710fee740904b6290fef0dd5536fbcedbc38ff0c",
            "https://git.openssl.org/gitweb/?p=openssl.git;a=commitdiff;h=db925ae2e65d0d925adef429afc37f75bd1c2017",
            "https://git.openssl.org/gitweb/?p=openssl.git;a=commitdiff;h=ddeb4b6c6d527e54ce9a99cba785c0f7776e54b6",
            "https://linux.oracle.com/cve/CVE-2023-5678.html",
            "https://linux.oracle.com/errata/ELSA-2024-12056.html",
            "https://nvd.nist.gov/vuln/detail/CVE-2023-5678",
            "https://security.netapp.com/advisory/ntap-20231130-0010/",
            "https://ubuntu.com/security/notices/USN-6622-1",
            "https://ubuntu.com/security/notices/USN-6632-1",
            "https://www.cve.org/CVERecord?id=CVE-2023-5678",
            "https://www.openssl.org/news/secadv/20231106.txt"
          ],
          "PublishedDate": "2023-11-06T16:15:42.67Z",
          "LastModifiedDate": "2023-11-30T22:15:09.723Z"
        },
        {
          "VulnerabilityID": "CVE-2023-6129",
          "PkgID": "libcrypto3@3.1.3-r0",
          "PkgName": "libcrypto3",
          "PkgIdentifier": {
            "PURL": "pkg:apk/alpine/libcrypto3@3.1.3-r0?arch=x86_64\u0026distro=3.18.4"
          },
          "InstalledVersion": "3.1.3-r0",
          "FixedVersion": "3.1.4-r3",
          "Status": "fixed",
          "Layer": {
            "DiffID": "sha256:cc2447e1835a40530975ab80bb1f872fbab0f2a0faecf2ab16fbbb89b3589438"
          },
          "SeveritySource": "nvd",
          "PrimaryURL": "https://avd.aquasec.com/nvd/cve-2023-6129",
          "DataSource": {
            "ID": "alpine",
            "Name": "Alpine Secdb",
            "URL": "https://secdb.alpinelinux.org/"
          },
          "Title": "openssl: POLY1305 MAC implementation corrupts vector registers on PowerPC",
          "Description": "Issue summary: The POLY1305 MAC (message authentication code) implementation\ncontains a bug that might corrupt the internal state of applications running\non PowerPC CPU based platforms if the CPU provides vector instructions.\n\nImpact summary: If an attacker can influence whether the POLY1305 MAC\nalgorithm is used, the application state might be corrupted with various\napplication dependent consequences.\n\nThe POLY1305 MAC (message authentication code) implementation in OpenSSL for\nPowerPC CPUs restores the contents of vector registers in a different order\nthan they are saved. Thus the contents of some of these vector registers\nare corrupted when returning to the caller. The vulnerable code is used only\non newer PowerPC processors supporting the PowerISA 2.07 instructions.\n\nThe consequences of this kind of internal application state corruption can\nbe various - from no consequences, if the calling application does not\ndepend on the contents of non-volatile XMM registers at all, to the worst\nconsequences, where the attacker could get complete control of the application\nprocess. However unless the compiler uses the vector registers for storing\npointers, the most likely consequence, if any, would be an incorrect result\nof some application dependent calculations or a crash leading to a denial of\nservice.\n\nThe POLY1305 MAC algorithm is most frequently used as part of the\nCHACHA20-POLY1305 AEAD (authenticated encryption with associated data)\nalgorithm. The most common usage of this AEAD cipher is with TLS protocol\nversions 1.2 and 1.3. If this cipher is enabled on the server a malicious\nclient can influence whether this AEAD cipher is used. This implies that\nTLS server applications using OpenSSL can be potentially impacted. However\nwe are currently not aware of any concrete application that would be affected\nby this issue therefore we consider this a Low severity security issue.",
          "Severity": "MEDIUM",
          "CweIDs": [
            "CWE-787"
          ],
          "VendorSeverity": {
            "nvd": 2,
            "redhat": 1,
            "ubuntu": 1
          },
          "CVSS": {
            "nvd": {
              "V3Vector": "CVSS:3.1/AV:N/AC:H/PR:N/UI:N/S:U/C:N/I:L/A:H",
              "V3Score": 6.5
            },
            "redhat": {
              "V3Vector": "CVSS:3.1/AV:N/AC:H/PR:N/UI:N/S:U/C:N/I:L/A:H",
              "V3Score": 6.5
            }
          },
          "References": [
            "https://access.redhat.com/security/cve/CVE-2023-6129",
            "https://cve.mitre.org/cgi-bin/cvename.cgi?name=CVE-2023-6129",
            "https://github.com/openssl/openssl/commit/050d26383d4e264966fb83428e72d5d48f402d35",
            "https://github.com/openssl/openssl/commit/5b139f95c9a47a55a0c54100f3837b1eee942b04",
            "https://github.com/openssl/openssl/commit/f3fc5808fe9ff74042d639839610d03b8fdcc015",
            "https://nvd.nist.gov/vuln/detail/CVE-2023-6129",
            "https://security.netapp.com/advisory/ntap-20240216-0009/",
            "https://ubuntu.com/security/notices/USN-6622-1",
            "https://www.cve.org/CVERecord?id=CVE-2023-6129",
            "https://www.openssl.org/news/secadv/20240109.txt",
            "https://www.openwall.com/lists/oss-security/2024/01/09/1"
          ],
          "PublishedDate": "2024-01-09T17:15:12.147Z",
          "LastModifiedDate": "2024-02-16T13:15:09.91Z"
        },
        {
          "VulnerabilityID": "CVE-2023-6237",
          "PkgID": "libcrypto3@3.1.3-r0",
          "PkgName": "libcrypto3",
          "PkgIdentifier": {
            "PURL": "pkg:apk/alpine/libcrypto3@3.1.3-r0?arch=x86_64\u0026distro=3.18.4"
          },
          "InstalledVersion": "3.1.3-r0",
          "FixedVersion": "3.1.4-r4",
          "Status": "fixed",
          "Layer": {
            "DiffID": "sha256:cc2447e1835a40530975ab80bb1f872fbab0f2a0faecf2ab16fbbb89b3589438"
          },
          "PrimaryURL": "https://avd.aquasec.com/nvd/cve-2023-6237",
          "DataSource": {
            "ID": "alpine",
            "Name": "Alpine Secdb",
            "URL": "https://secdb.alpinelinux.org/"
          },
          "Title": "openssl: Excessive time spent checking invalid RSA public keys",
          "Description": "A flaw was found in OpenSSL. When the EVP_PKEY_public_check() function is called in RSA public keys, a computation is done to confirm that the RSA modulus, n, is composite. For valid RSA keys, n is a product of two or more large primes and this computation completes quickly. However, if n is a large prime, this computation takes a long time. An application that calls EVP_PKEY_public_check() and supplies an RSA key obtained from an untrusted source could be vulnerable to a Denial of Service attack.",
          "Severity": "MEDIUM",
          "VendorSeverity": {
            "amazon": 2,
            "redhat": 1,
            "ubuntu": 1
          },
          "CVSS": {
            "redhat": {
              "V3Vector": "CVSS:3.1/AV:N/AC:H/PR:N/UI:N/S:U/C:N/I:N/A:H",
              "V3Score": 5.9
            }
          },
          "References": [
            "https://access.redhat.com/security/cve/CVE-2023-6237",
            "https://cve.mitre.org/cgi-bin/cvename.cgi?name=CVE-2023-6237",
            "https://nvd.nist.gov/vuln/detail/CVE-2023-6237",
            "https://ubuntu.com/security/notices/USN-6622-1",
            "https://www.cve.org/CVERecord?id=CVE-2023-6237",
            "https://www.openssl.org/news/secadv/20240115.txt",
            "https://www.openwall.com/lists/oss-security/2024/01/15/2"
          ]
        },
        {
          "VulnerabilityID": "CVE-2024-0727",
          "PkgID": "libcrypto3@3.1.3-r0",
          "PkgName": "libcrypto3",
          "PkgIdentifier": {
            "PURL": "pkg:apk/alpine/libcrypto3@3.1.3-r0?arch=x86_64\u0026distro=3.18.4"
          },
          "InstalledVersion": "3.1.3-r0",
          "FixedVersion": "3.1.4-r5",
          "Status": "fixed",
          "Layer": {
            "DiffID": "sha256:cc2447e1835a40530975ab80bb1f872fbab0f2a0faecf2ab16fbbb89b3589438"
          },
          "SeveritySource": "nvd",
          "PrimaryURL": "https://avd.aquasec.com/nvd/cve-2024-0727",
          "DataSource": {
            "ID": "alpine",
            "Name": "Alpine Secdb",
            "URL": "https://secdb.alpinelinux.org/"
          },
          "Title": "openssl: denial of service via null dereference",
          "Description": "Issue summary: Processing a maliciously formatted PKCS12 file may lead OpenSSL\nto crash leading to a potential Denial of Service attack\n\nImpact summary: Applications loading files in the PKCS12 format from untrusted\nsources might terminate abruptly.\n\nA file in PKCS12 format can contain certificates and keys and may come from an\nuntrusted source. The PKCS12 specification allows certain fields to be NULL, but\nOpenSSL does not correctly check for this case. This can lead to a NULL pointer\ndereference that results in OpenSSL crashing. If an application processes PKCS12\nfiles from an untrusted source using the OpenSSL APIs then that application will\nbe vulnerable to this issue.\n\nOpenSSL APIs that are vulnerable to this are: PKCS12_parse(),\nPKCS12_unpack_p7data(), PKCS12_unpack_p7encdata(), PKCS12_unpack_authsafes()\nand PKCS12_newpass().\n\nWe have also fixed a similar issue in SMIME_write_PKCS7(). However since this\nfunction is related to writing data we do not consider it security significant.\n\nThe FIPS modules in 3.2, 3.1 and 3.0 are not affected by this issue.",
          "Severity": "MEDIUM",
          "VendorSeverity": {
            "amazon": 2,
            "ghsa": 2,
            "nvd": 2,
            "photon": 2,
            "redhat": 1,
            "ubuntu": 1
          },
          "CVSS": {
            "ghsa": {
              "V3Vector": "CVSS:3.1/AV:L/AC:L/PR:N/UI:R/S:U/C:N/I:N/A:H",
              "V3Score": 5.5
            },
            "nvd": {
              "V3Vector": "CVSS:3.1/AV:L/AC:L/PR:N/UI:R/S:U/C:N/I:N/A:H",
              "V3Score": 5.5
            },
            "redhat": {
              "V3Vector": "CVSS:3.1/AV:L/AC:L/PR:N/UI:R/S:U/C:N/I:N/A:L",
              "V3Score": 3.3
            }
          },
          "References": [
            "https://access.redhat.com/security/cve/CVE-2024-0727",
            "https://cve.mitre.org/cgi-bin/cvename.cgi?name=CVE-2024-0727",
            "https://github.com/alexcrichton/openssl-src-rs/commit/add20f73b6b42be7451af2e1044d4e0e778992b2",
            "https://github.com/github/advisory-database/pull/3472",
            "https://github.com/openssl/openssl/commit/09df4395b5071217b76dc7d3d2e630eb8c5a79c2",
            "https://github.com/openssl/openssl/commit/775acfdbd0c6af9ac855f34969cdab0c0c90844a",
            "https://github.com/openssl/openssl/commit/d135eeab8a5dbf72b3da5240bab9ddb7678dbd2c",
            "https://github.com/openssl/openssl/pull/23362",
            "https://github.com/pyca/cryptography/commit/3519591d255d4506fbcd0d04037d45271903c64d",
            "https://github.openssl.org/openssl/extended-releases/commit/03b3941d60c4bce58fab69a0c22377ab439bc0e8",
            "https://github.openssl.org/openssl/extended-releases/commit/aebaa5883e31122b404e450732dc833dc9dee539",
            "https://nvd.nist.gov/vuln/detail/CVE-2024-0727",
            "https://security.netapp.com/advisory/ntap-20240208-0006",
            "https://security.netapp.com/advisory/ntap-20240208-0006/",
            "https://ubuntu.com/security/notices/USN-6622-1",
            "https://ubuntu.com/security/notices/USN-6632-1",
            "https://www.cve.org/CVERecord?id=CVE-2024-0727",
            "https://www.openssl.org/news/secadv/20240125.txt"
          ],
          "PublishedDate": "2024-01-26T09:15:07.637Z",
          "LastModifiedDate": "2024-02-08T10:15:13.91Z"
        },
        {
          "VulnerabilityID": "CVE-2023-5363",
          "PkgID": "libssl3@3.1.3-r0",
          "PkgName": "libssl3",
          "PkgIdentifier": {
            "PURL": "pkg:apk/alpine/libssl3@3.1.3-r0?arch=x86_64\u0026distro=3.18.4"
          },
          "InstalledVersion": "3.1.3-r0",
          "FixedVersion": "3.1.4-r0",
          "Status": "fixed",
          "Layer": {
            "DiffID": "sha256:cc2447e1835a40530975ab80bb1f872fbab0f2a0faecf2ab16fbbb89b3589438"
          },
          "SeveritySource": "nvd",
          "PrimaryURL": "https://avd.aquasec.com/nvd/cve-2023-5363",
          "DataSource": {
            "ID": "alpine",
            "Name": "Alpine Secdb",
            "URL": "https://secdb.alpinelinux.org/"
          },
          "Title": "openssl: Incorrect cipher key and IV length processing",
          "Description": "Issue summary: A bug has been identified in the processing of key and\ninitialisation vector (IV) lengths.  This can lead to potential truncation\nor overruns during the initialisation of some symmetric ciphers.\n\nImpact summary: A truncation in the IV can result in non-uniqueness,\nwhich could result in loss of confidentiality for some cipher modes.\n\nWhen calling EVP_EncryptInit_ex2(), EVP_DecryptInit_ex2() or\nEVP_CipherInit_ex2() the provided OSSL_PARAM array is processed after\nthe key and IV have been established.  Any alterations to the key length,\nvia the \"keylen\" parameter or the IV length, via the \"ivlen\" parameter,\nwithin the OSSL_PARAM array will not take effect as intended, potentially\ncausing truncation or overreading of these values.  The following ciphers\nand cipher modes are impacted: RC2, RC4, RC5, CCM, GCM and OCB.\n\nFor the CCM, GCM and OCB cipher modes, truncation of the IV can result in\nloss of confidentiality.  For example, when following NIST's SP 800-38D\nsection 8.2.1 guidance for constructing a deterministic IV for AES in\nGCM mode, truncation of the counter portion could lead to IV reuse.\n\nBoth truncations and overruns of the key and overruns of the IV will\nproduce incorrect results and could, in some cases, trigger a memory\nexception.  However, these issues are not currently assessed as security\ncritical.\n\nChanging the key and/or IV lengths is not considered to be a common operation\nand the vulnerable API was recently introduced. Furthermore it is likely that\napplication developers will have spotted this problem during testing since\ndecryption would fail unless both peers in the communication were similarly\nvulnerable. For these reasons we expect the probability of an application being\nvulnerable to this to be quite low. However if an application is vulnerable then\nthis issue is considered very serious. For these reasons we have assessed this\nissue as Moderate severity overall.\n\nThe OpenSSL SSL/TLS implementation is not affected by this issue.\n\nThe OpenSSL 3.0 and 3.1 FIPS providers are not affected by this because\nthe issue lies outside of the FIPS provider boundary.\n\nOpenSSL 3.1 and 3.0 are vulnerable to this issue.",
          "Severity": "HIGH",
          "VendorSeverity": {
            "alma": 2,
            "amazon": 3,
            "nvd": 3,
            "oracle-oval": 3,
            "photon": 3,
            "redhat": 2,
            "ubuntu": 2
          },
          "CVSS": {
            "nvd": {
              "V3Vector": "CVSS:3.1/AV:N/AC:L/PR:N/UI:N/S:U/C:H/I:N/A:N",
              "V3Score": 7.5
            },
            "redhat": {
              "V3Vector": "CVSS:3.1/AV:N/AC:L/PR:N/UI:N/S:U/C:H/I:N/A:N",
              "V3Score": 7.5
            }
          },
          "References": [
            "http://www.openwall.com/lists/oss-security/2023/10/24/1",
            "https://access.redhat.com/errata/RHSA-2024:0310",
            "https://access.redhat.com/security/cve/CVE-2023-5363",
            "https://bugzilla.redhat.com/2243839",
            "https://cve.mitre.org/cgi-bin/cvename.cgi?name=CVE-2023-5363",
            "https://errata.almalinux.org/9/ALSA-2024-0310.html",
            "https://git.openssl.org/gitweb/?p=openssl.git;a=commitdiff;h=0df40630850fb2740e6be6890bb905d3fc623b2d",
            "https://git.openssl.org/gitweb/?p=openssl.git;a=commitdiff;h=5f69f5c65e483928c4b28ed16af6e5742929f1ee",
            "https://linux.oracle.com/cve/CVE-2023-5363.html",
            "https://linux.oracle.com/errata/ELSA-2024-12093.html",
            "https://nvd.nist.gov/vuln/detail/CVE-2023-5363",
            "https://security.netapp.com/advisory/ntap-20231027-0010/",
            "https://security.netapp.com/advisory/ntap-20240201-0003/",
            "https://security.netapp.com/advisory/ntap-20240201-0004/",
            "https://ubuntu.com/security/notices/USN-6450-1",
            "https://www.cve.org/CVERecord?id=CVE-2023-5363",
            "https://www.debian.org/security/2023/dsa-5532",
            "https://www.openssl.org/news/secadv/20231024.txt"
          ],
          "PublishedDate": "2023-10-25T18:17:43.613Z",
          "LastModifiedDate": "2024-02-01T17:15:08.743Z"
        },
        {
          "VulnerabilityID": "CVE-2023-5678",
          "PkgID": "libssl3@3.1.3-r0",
          "PkgName": "libssl3",
          "PkgIdentifier": {
            "PURL": "pkg:apk/alpine/libssl3@3.1.3-r0?arch=x86_64\u0026distro=3.18.4"
          },
          "InstalledVersion": "3.1.3-r0",
          "FixedVersion": "3.1.4-r1",
          "Status": "fixed",
          "Layer": {
            "DiffID": "sha256:cc2447e1835a40530975ab80bb1f872fbab0f2a0faecf2ab16fbbb89b3589438"
          },
          "SeveritySource": "nvd",
          "PrimaryURL": "https://avd.aquasec.com/nvd/cve-2023-5678",
          "DataSource": {
            "ID": "alpine",
            "Name": "Alpine Secdb",
            "URL": "https://secdb.alpinelinux.org/"
          },
          "Title": "openssl: Generating excessively long X9.42 DH keys or checking excessively long X9.42 DH keys or parameters may be very slow",
          "Description": "Issue summary: Generating excessively long X9.42 DH keys or checking\nexcessively long X9.42 DH keys or parameters may be very slow.\n\nImpact summary: Applications that use the functions DH_generate_key() to\ngenerate an X9.42 DH key may experience long delays.  Likewise, applications\nthat use DH_check_pub_key(), DH_check_pub_key_ex() or EVP_PKEY_public_check()\nto check an X9.42 DH key or X9.42 DH parameters may experience long delays.\nWhere the key or parameters that are being checked have been obtained from\nan untrusted source this may lead to a Denial of Service.\n\nWhile DH_check() performs all the necessary checks (as of CVE-2023-3817),\nDH_check_pub_key() doesn't make any of these checks, and is therefore\nvulnerable for excessively large P and Q parameters.\n\nLikewise, while DH_generate_key() performs a check for an excessively large\nP, it doesn't check for an excessively large Q.\n\nAn application that calls DH_generate_key() or DH_check_pub_key() and\nsupplies a key or parameters obtained from an untrusted source could be\nvulnerable to a Denial of Service attack.\n\nDH_generate_key() and DH_check_pub_key() are also called by a number of\nother OpenSSL functions.  An application calling any of those other\nfunctions may similarly be affected.  The other functions affected by this\nare DH_check_pub_key_ex(), EVP_PKEY_public_check(), and EVP_PKEY_generate().\n\nAlso vulnerable are the OpenSSL pkey command line application when using the\n\"-pubcheck\" option, as well as the OpenSSL genpkey command line application.\n\nThe OpenSSL SSL/TLS implementation is not affected by this issue.\n\nThe OpenSSL 3.0 and 3.1 FIPS providers are not affected by this issue.\n\n",
          "Severity": "MEDIUM",
          "CweIDs": [
            "CWE-754"
          ],
          "VendorSeverity": {
            "alma": 1,
            "amazon": 2,
            "cbl-mariner": 2,
            "nvd": 2,
            "oracle-oval": 2,
            "photon": 2,
            "redhat": 1,
            "ubuntu": 1
          },
          "CVSS": {
            "nvd": {
              "V3Vector": "CVSS:3.1/AV:N/AC:L/PR:N/UI:N/S:U/C:N/I:N/A:L",
              "V3Score": 5.3
            },
            "redhat": {
              "V3Vector": "CVSS:3.1/AV:N/AC:L/PR:N/UI:N/S:U/C:N/I:N/A:L",
              "V3Score": 5.3
            }
          },
          "References": [
            "https://access.redhat.com/errata/RHSA-2023:7877",
            "https://access.redhat.com/security/cve/CVE-2023-5678",
            "https://bugzilla.redhat.com/2224962",
            "https://bugzilla.redhat.com/2227852",
            "https://bugzilla.redhat.com/2248616",
            "https://cve.mitre.org/cgi-bin/cvename.cgi?name=CVE-2023-5678",
            "https://errata.almalinux.org/8/ALSA-2023-7877.html",
            "https://git.openssl.org/gitweb/?p=openssl.git;a=commitdiff;h=34efaef6c103d636ab507a0cc34dca4d3aecc055",
            "https://git.openssl.org/gitweb/?p=openssl.git;a=commitdiff;h=710fee740904b6290fef0dd5536fbcedbc38ff0c",
            "https://git.openssl.org/gitweb/?p=openssl.git;a=commitdiff;h=db925ae2e65d0d925adef429afc37f75bd1c2017",
            "https://git.openssl.org/gitweb/?p=openssl.git;a=commitdiff;h=ddeb4b6c6d527e54ce9a99cba785c0f7776e54b6",
            "https://linux.oracle.com/cve/CVE-2023-5678.html",
            "https://linux.oracle.com/errata/ELSA-2024-12056.html",
            "https://nvd.nist.gov/vuln/detail/CVE-2023-5678",
            "https://security.netapp.com/advisory/ntap-20231130-0010/",
            "https://ubuntu.com/security/notices/USN-6622-1",
            "https://ubuntu.com/security/notices/USN-6632-1",
            "https://www.cve.org/CVERecord?id=CVE-2023-5678",
            "https://www.openssl.org/news/secadv/20231106.txt"
          ],
          "PublishedDate": "2023-11-06T16:15:42.67Z",
          "LastModifiedDate": "2023-11-30T22:15:09.723Z"
        },
        {
          "VulnerabilityID": "CVE-2023-6129",
          "PkgID": "libssl3@3.1.3-r0",
          "PkgName": "libssl3",
          "PkgIdentifier": {
            "PURL": "pkg:apk/alpine/libssl3@3.1.3-r0?arch=x86_64\u0026distro=3.18.4"
          },
          "InstalledVersion": "3.1.3-r0",
          "FixedVersion": "3.1.4-r3",
          "Status": "fixed",
          "Layer": {
            "DiffID": "sha256:cc2447e1835a40530975ab80bb1f872fbab0f2a0faecf2ab16fbbb89b3589438"
          },
          "SeveritySource": "nvd",
          "PrimaryURL": "https://avd.aquasec.com/nvd/cve-2023-6129",
          "DataSource": {
            "ID": "alpine",
            "Name": "Alpine Secdb",
            "URL": "https://secdb.alpinelinux.org/"
          },
          "Title": "openssl: POLY1305 MAC implementation corrupts vector registers on PowerPC",
          "Description": "Issue summary: The POLY1305 MAC (message authentication code) implementation\ncontains a bug that might corrupt the internal state of applications running\non PowerPC CPU based platforms if the CPU provides vector instructions.\n\nImpact summary: If an attacker can influence whether the POLY1305 MAC\nalgorithm is used, the application state might be corrupted with various\napplication dependent consequences.\n\nThe POLY1305 MAC (message authentication code) implementation in OpenSSL for\nPowerPC CPUs restores the contents of vector registers in a different order\nthan they are saved. Thus the contents of some of these vector registers\nare corrupted when returning to the caller. The vulnerable code is used only\non newer PowerPC processors supporting the PowerISA 2.07 instructions.\n\nThe consequences of this kind of internal application state corruption can\nbe various - from no consequences, if the calling application does not\ndepend on the contents of non-volatile XMM registers at all, to the worst\nconsequences, where the attacker could get complete control of the application\nprocess. However unless the compiler uses the vector registers for storing\npointers, the most likely consequence, if any, would be an incorrect result\nof some application dependent calculations or a crash leading to a denial of\nservice.\n\nThe POLY1305 MAC algorithm is most frequently used as part of the\nCHACHA20-POLY1305 AEAD (authenticated encryption with associated data)\nalgorithm. The most common usage of this AEAD cipher is with TLS protocol\nversions 1.2 and 1.3. If this cipher is enabled on the server a malicious\nclient can influence whether this AEAD cipher is used. This implies that\nTLS server applications using OpenSSL can be potentially impacted. However\nwe are currently not aware of any concrete application that would be affected\nby this issue therefore we consider this a Low severity security issue.",
          "Severity": "MEDIUM",
          "CweIDs": [
            "CWE-787"
          ],
          "VendorSeverity": {
            "nvd": 2,
            "redhat": 1,
            "ubuntu": 1
          },
          "CVSS": {
            "nvd": {
              "V3Vector": "CVSS:3.1/AV:N/AC:H/PR:N/UI:N/S:U/C:N/I:L/A:H",
              "V3Score": 6.5
            },
            "redhat": {
              "V3Vector": "CVSS:3.1/AV:N/AC:H/PR:N/UI:N/S:U/C:N/I:L/A:H",
              "V3Score": 6.5
            }
          },
          "References": [
            "https://access.redhat.com/security/cve/CVE-2023-6129",
            "https://cve.mitre.org/cgi-bin/cvename.cgi?name=CVE-2023-6129",
            "https://github.com/openssl/openssl/commit/050d26383d4e264966fb83428e72d5d48f402d35",
            "https://github.com/openssl/openssl/commit/5b139f95c9a47a55a0c54100f3837b1eee942b04",
            "https://github.com/openssl/openssl/commit/f3fc5808fe9ff74042d639839610d03b8fdcc015",
            "https://nvd.nist.gov/vuln/detail/CVE-2023-6129",
            "https://security.netapp.com/advisory/ntap-20240216-0009/",
            "https://ubuntu.com/security/notices/USN-6622-1",
            "https://www.cve.org/CVERecord?id=CVE-2023-6129",
            "https://www.openssl.org/news/secadv/20240109.txt",
            "https://www.openwall.com/lists/oss-security/2024/01/09/1"
          ],
          "PublishedDate": "2024-01-09T17:15:12.147Z",
          "LastModifiedDate": "2024-02-16T13:15:09.91Z"
        },
        {
          "VulnerabilityID": "CVE-2023-6237",
          "PkgID": "libssl3@3.1.3-r0",
          "PkgName": "libssl3",
          "PkgIdentifier": {
            "PURL": "pkg:apk/alpine/libssl3@3.1.3-r0?arch=x86_64\u0026distro=3.18.4"
          },
          "InstalledVersion": "3.1.3-r0",
          "FixedVersion": "3.1.4-r4",
          "Status": "fixed",
          "Layer": {
            "DiffID": "sha256:cc2447e1835a40530975ab80bb1f872fbab0f2a0faecf2ab16fbbb89b3589438"
          },
          "PrimaryURL": "https://avd.aquasec.com/nvd/cve-2023-6237",
          "DataSource": {
            "ID": "alpine",
            "Name": "Alpine Secdb",
            "URL": "https://secdb.alpinelinux.org/"
          },
          "Title": "openssl: Excessive time spent checking invalid RSA public keys",
          "Description": "A flaw was found in OpenSSL. When the EVP_PKEY_public_check() function is called in RSA public keys, a computation is done to confirm that the RSA modulus, n, is composite. For valid RSA keys, n is a product of two or more large primes and this computation completes quickly. However, if n is a large prime, this computation takes a long time. An application that calls EVP_PKEY_public_check() and supplies an RSA key obtained from an untrusted source could be vulnerable to a Denial of Service attack.",
          "Severity": "MEDIUM",
          "VendorSeverity": {
            "amazon": 2,
            "redhat": 1,
            "ubuntu": 1
          },
          "CVSS": {
            "redhat": {
              "V3Vector": "CVSS:3.1/AV:N/AC:H/PR:N/UI:N/S:U/C:N/I:N/A:H",
              "V3Score": 5.9
            }
          },
          "References": [
            "https://access.redhat.com/security/cve/CVE-2023-6237",
            "https://cve.mitre.org/cgi-bin/cvename.cgi?name=CVE-2023-6237",
            "https://nvd.nist.gov/vuln/detail/CVE-2023-6237",
            "https://ubuntu.com/security/notices/USN-6622-1",
            "https://www.cve.org/CVERecord?id=CVE-2023-6237",
            "https://www.openssl.org/news/secadv/20240115.txt",
            "https://www.openwall.com/lists/oss-security/2024/01/15/2"
          ]
        },
        {
          "VulnerabilityID": "CVE-2024-0727",
          "PkgID": "libssl3@3.1.3-r0",
          "PkgName": "libssl3",
          "PkgIdentifier": {
            "PURL": "pkg:apk/alpine/libssl3@3.1.3-r0?arch=x86_64\u0026distro=3.18.4"
          },
          "InstalledVersion": "3.1.3-r0",
          "FixedVersion": "3.1.4-r5",
          "Status": "fixed",
          "Layer": {
            "DiffID": "sha256:cc2447e1835a40530975ab80bb1f872fbab0f2a0faecf2ab16fbbb89b3589438"
          },
          "SeveritySource": "nvd",
          "PrimaryURL": "https://avd.aquasec.com/nvd/cve-2024-0727",
          "DataSource": {
            "ID": "alpine",
            "Name": "Alpine Secdb",
            "URL": "https://secdb.alpinelinux.org/"
          },
          "Title": "openssl: denial of service via null dereference",
          "Description": "Issue summary: Processing a maliciously formatted PKCS12 file may lead OpenSSL\nto crash leading to a potential Denial of Service attack\n\nImpact summary: Applications loading files in the PKCS12 format from untrusted\nsources might terminate abruptly.\n\nA file in PKCS12 format can contain certificates and keys and may come from an\nuntrusted source. The PKCS12 specification allows certain fields to be NULL, but\nOpenSSL does not correctly check for this case. This can lead to a NULL pointer\ndereference that results in OpenSSL crashing. If an application processes PKCS12\nfiles from an untrusted source using the OpenSSL APIs then that application will\nbe vulnerable to this issue.\n\nOpenSSL APIs that are vulnerable to this are: PKCS12_parse(),\nPKCS12_unpack_p7data(), PKCS12_unpack_p7encdata(), PKCS12_unpack_authsafes()\nand PKCS12_newpass().\n\nWe have also fixed a similar issue in SMIME_write_PKCS7(). However since this\nfunction is related to writing data we do not consider it security significant.\n\nThe FIPS modules in 3.2, 3.1 and 3.0 are not affected by this issue.",
          "Severity": "MEDIUM",
          "VendorSeverity": {
            "amazon": 2,
            "ghsa": 2,
            "nvd": 2,
            "photon": 2,
            "redhat": 1,
            "ubuntu": 1
          },
          "CVSS": {
            "ghsa": {
              "V3Vector": "CVSS:3.1/AV:L/AC:L/PR:N/UI:R/S:U/C:N/I:N/A:H",
              "V3Score": 5.5
            },
            "nvd": {
              "V3Vector": "CVSS:3.1/AV:L/AC:L/PR:N/UI:R/S:U/C:N/I:N/A:H",
              "V3Score": 5.5
            },
            "redhat": {
              "V3Vector": "CVSS:3.1/AV:L/AC:L/PR:N/UI:R/S:U/C:N/I:N/A:L",
              "V3Score": 3.3
            }
          },
          "References": [
            "https://access.redhat.com/security/cve/CVE-2024-0727",
            "https://cve.mitre.org/cgi-bin/cvename.cgi?name=CVE-2024-0727",
            "https://github.com/alexcrichton/openssl-src-rs/commit/add20f73b6b42be7451af2e1044d4e0e778992b2",
            "https://github.com/github/advisory-database/pull/3472",
            "https://github.com/openssl/openssl/commit/09df4395b5071217b76dc7d3d2e630eb8c5a79c2",
            "https://github.com/openssl/openssl/commit/775acfdbd0c6af9ac855f34969cdab0c0c90844a",
            "https://github.com/openssl/openssl/commit/d135eeab8a5dbf72b3da5240bab9ddb7678dbd2c",
            "https://github.com/openssl/openssl/pull/23362",
            "https://github.com/pyca/cryptography/commit/3519591d255d4506fbcd0d04037d45271903c64d",
            "https://github.openssl.org/openssl/extended-releases/commit/03b3941d60c4bce58fab69a0c22377ab439bc0e8",
            "https://github.openssl.org/openssl/extended-releases/commit/aebaa5883e31122b404e450732dc833dc9dee539",
            "https://nvd.nist.gov/vuln/detail/CVE-2024-0727",
            "https://security.netapp.com/advisory/ntap-20240208-0006",
            "https://security.netapp.com/advisory/ntap-20240208-0006/",
            "https://ubuntu.com/security/notices/USN-6622-1",
            "https://ubuntu.com/security/notices/USN-6632-1",
            "https://www.cve.org/CVERecord?id=CVE-2024-0727",
            "https://www.openssl.org/news/secadv/20240125.txt"
          ],
          "PublishedDate": "2024-01-26T09:15:07.637Z",
          "LastModifiedDate": "2024-02-08T10:15:13.91Z"
        }
      ]
    }
  ]
}
