{
  "SchemaVersion": 2,
  "CreatedAt": "2024-02-25T12:00:44.945000549Z",
  "ArtifactName": "linuxserver/qbittorrent:latest",
  "ArtifactType": "container_image",
  "Metadata": {
    "OS": {
      "Family": "alpine",
      "Name": "edge"
    },
    "ImageID": "sha256:df16b6c9049e110874dde315cb3ad30e8b60cde580c5109512be5fc248b5237c",
    "DiffIDs": [
      "sha256:d57cdbd3e9044f48a54d06e17b870958380b48fe6dff76f821fbd289986371fd",
      "sha256:007aa6ae8e75e99bf4eca44fa9e2c9083892a745d07ff562fefa21660368c1d1",
      "sha256:b371186572983e0533425d115fdef3c9f168c39a758d9c0b85daab755408c994",
      "sha256:f92fa201b6f720bd42f05075c2c297384fecf84413d633d37ada99b2b47f9284",
      "sha256:ee5f1a1993baa5800231db72f1fbd414726dffc266e3792af366cc6e6dd90c00",
      "sha256:8e2bd4b2d2ac13e230a32e9a90b9f9b0f000c74b670724b2ae550d1e58541044",
      "sha256:3b5cddc8c268d2f08c2fcceb6f9e9f7a5c213e3c7380b4fd9f7afd988abd390b",
      "sha256:f890c32b5fe50f70b30c7a913fc07117f8daf9049089271d9bca55804dfae95f"
    ],
    "RepoTags": [
      "linuxserver/qbittorrent:latest"
    ],
    "RepoDigests": [
      "linuxserver/qbittorrent@sha256:8d4bfd5f0b85ee0ef7f70ad5eeb7e14c7ea9d2d77aec55f8b51e021634735bf2"
    ],
    "ImageConfig": {
      "architecture": "amd64",
      "created": "2024-02-25T06:59:54.305152809Z",
      "history": [
        {
          "created": "2024-02-24T13:30:39Z",
          "created_by": "COPY /root-out/ / # buildkit",
          "comment": "buildkit.dockerfile.v0"
        },
        {
          "created": "2024-02-24T13:30:39Z",
          "created_by": "ARG BUILD_DATE",
          "comment": "buildkit.dockerfile.v0",
          "empty_layer": true
        },
        {
          "created": "2024-02-24T13:30:39Z",
          "created_by": "ARG VERSION",
          "comment": "buildkit.dockerfile.v0",
          "empty_layer": true
        },
        {
          "created": "2024-02-24T13:30:39Z",
          "created_by": "ARG MODS_VERSION=v3",
          "comment": "buildkit.dockerfile.v0",
          "empty_layer": true
        },
        {
          "created": "2024-02-24T13:30:39Z",
          "created_by": "ARG PKG_INST_VERSION=v1",
          "comment": "buildkit.dockerfile.v0",
          "empty_layer": true
        },
        {
          "created": "2024-02-24T13:30:39Z",
          "created_by": "LABEL build_version=Linuxserver.io version:- 73e35f25-ls128 Build-date:- 2024-02-24T13:29:25+00:00",
          "comment": "buildkit.dockerfile.v0",
          "empty_layer": true
        },
        {
          "created": "2024-02-24T13:30:39Z",
          "created_by": "LABEL maintainer=TheLamer",
          "comment": "buildkit.dockerfile.v0",
          "empty_layer": true
        },
        {
          "created": "2024-02-24T13:30:39Z",
          "created_by": "ADD https://raw.githubusercontent.com/linuxserver/docker-mods/mod-scripts/docker-mods.v3 /docker-mods # buildkit",
          "comment": "buildkit.dockerfile.v0"
        },
        {
          "created": "2024-02-24T13:30:39Z",
          "created_by": "ADD https://raw.githubusercontent.com/linuxserver/docker-mods/mod-scripts/package-install.v1 /etc/s6-overlay/s6-rc.d/init-mods-package-install/run # buildkit",
          "comment": "buildkit.dockerfile.v0"
        },
        {
          "created": "2024-02-24T13:30:39Z",
          "created_by": "ENV PS1=$(whoami)@$(hostname):$(pwd)\\$  HOME=/root TERM=xterm S6_CMD_WAIT_FOR_SERVICES_MAXTIME=0 S6_VERBOSITY=1 S6_STAGE2_HOOK=/docker-mods VIRTUAL_ENV=/lsiopy PATH=/lsiopy/bin:/usr/local/sbin:/usr/local/bin:/usr/sbin:/usr/bin:/sbin:/bin",
          "comment": "buildkit.dockerfile.v0",
          "empty_layer": true
        },
        {
          "created": "2024-02-24T13:30:40Z",
          "created_by": "RUN |4 BUILD_DATE=2024-02-24T13:29:25+00:00 VERSION=73e35f25-ls128 MODS_VERSION=v3 PKG_INST_VERSION=v1 /bin/sh -c echo \"**** install runtime packages ****\" \u0026\u0026   apk add --no-cache     bash     ca-certificates     coreutils     curl     jq     netcat-openbsd     procps-ng     shadow     tzdata \u0026\u0026   echo \"**** create abc user and make our folders ****\" \u0026\u0026   groupmod -g 1000 users \u0026\u0026   useradd -u 911 -U -d /config -s /bin/false abc \u0026\u0026   usermod -G users abc \u0026\u0026   mkdir -p     /app     /config     /defaults     /lsiopy \u0026\u0026   echo \"**** cleanup ****\" \u0026\u0026   rm -rf     /tmp/* # buildkit",
          "comment": "buildkit.dockerfile.v0"
        },
        {
          "created": "2024-02-24T13:30:40Z",
          "created_by": "COPY root/ / # buildkit",
          "comment": "buildkit.dockerfile.v0"
        },
        {
          "created": "2024-02-24T13:30:40Z",
          "created_by": "ENTRYPOINT [\"/init\"]",
          "comment": "buildkit.dockerfile.v0",
          "empty_layer": true
        },
        {
          "created": "2024-02-25T06:59:54Z",
          "created_by": "ENV LSIO_FIRST_PARTY=true",
          "comment": "buildkit.dockerfile.v0",
          "empty_layer": true
        },
        {
          "created": "2024-02-25T06:59:54Z",
          "created_by": "ARG BUILD_DATE",
          "comment": "buildkit.dockerfile.v0",
          "empty_layer": true
        },
        {
          "created": "2024-02-25T06:59:54Z",
          "created_by": "ARG VERSION",
          "comment": "buildkit.dockerfile.v0",
          "empty_layer": true
        },
        {
          "created": "2024-02-25T06:59:54Z",
          "created_by": "ARG QBITTORRENT_VERSION",
          "comment": "buildkit.dockerfile.v0",
          "empty_layer": true
        },
        {
          "created": "2024-02-25T06:59:54Z",
          "created_by": "ARG QBT_CLI_VERSION",
          "comment": "buildkit.dockerfile.v0",
          "empty_layer": true
        },
        {
          "created": "2024-02-25T06:59:54Z",
          "created_by": "LABEL build_version=Linuxserver.io version:- 4.6.3-r0-ls315 Build-date:- 2024-02-25T06:56:38+00:00",
          "comment": "buildkit.dockerfile.v0",
          "empty_layer": true
        },
        {
          "created": "2024-02-25T06:59:54Z",
          "created_by": "LABEL maintainer=thespad",
          "comment": "buildkit.dockerfile.v0",
          "empty_layer": true
        },
        {
          "created": "2024-02-25T06:59:54Z",
          "created_by": "ENV HOME=/config XDG_CONFIG_HOME=/config XDG_DATA_HOME=/config",
          "comment": "buildkit.dockerfile.v0",
          "empty_layer": true
        },
        {
          "created": "2024-02-25T06:59:54Z",
          "created_by": "RUN |4 BUILD_DATE=2024-02-25T06:56:38+00:00 VERSION=4.6.3-r0-ls315 QBITTORRENT_VERSION=4.6.3-r0 QBT_CLI_VERSION= /bin/sh -c echo \"**** install packages ****\" \u0026\u0026   apk add --no-cache     icu-libs     p7zip     python3     qt6-qtbase-sqlite \u0026\u0026   if [ -z ${QBITTORRENT_VERSION+x} ]; then     QBITTORRENT_VERSION=$(curl -sL \"http://dl-cdn.alpinelinux.org/alpine/edge/community/x86_64/APKINDEX.tar.gz\" | tar -xz -C /tmp     \u0026\u0026 awk '/^P:qbittorrent-nox$/,/V:/' /tmp/APKINDEX | sed -n 2p | sed 's/^V://');   fi \u0026\u0026   apk add -U --upgrade --no-cache     qbittorrent-nox==${QBITTORRENT_VERSION} \u0026\u0026   echo \"***** install qbitorrent-cli ****\" \u0026\u0026   mkdir /qbt \u0026\u0026   if [ -z ${QBT_CLI_VERSION+x} ]; then     QBT_CLI_VERSION=$(curl -sL \"https://api.github.com/repos/fedarovich/qbittorrent-cli/releases/latest\"       | jq -r '. | .tag_name');   fi \u0026\u0026   curl -o     /tmp/qbt.tar.gz -L     \"https://github.com/fedarovich/qbittorrent-cli/releases/download/${QBT_CLI_VERSION}/qbt-linux-alpine-x64-${QBT_CLI_VERSION#v}.tar.gz\" \u0026\u0026   tar xf     /tmp/qbt.tar.gz -C     /qbt \u0026\u0026   echo \"**** cleanup ****\" \u0026\u0026   rm -rf     /root/.cache     /tmp/* # buildkit",
          "comment": "buildkit.dockerfile.v0"
        },
        {
          "created": "2024-02-25T06:59:54Z",
          "created_by": "COPY root/ / # buildkit",
          "comment": "buildkit.dockerfile.v0"
        },
        {
          "created": "2024-02-25T06:59:54Z",
          "created_by": "COPY /usr/bin/unrar-alpine /usr/bin/unrar # buildkit",
          "comment": "buildkit.dockerfile.v0"
        },
        {
          "created": "2024-02-25T06:59:54Z",
          "created_by": "EXPOSE map[6881/tcp:{} 6881/udp:{} 8080/tcp:{}]",
          "comment": "buildkit.dockerfile.v0",
          "empty_layer": true
        },
        {
          "created": "2024-02-25T06:59:54Z",
          "created_by": "VOLUME [/config]",
          "comment": "buildkit.dockerfile.v0",
          "empty_layer": true
        }
      ],
      "os": "linux",
      "rootfs": {
        "type": "layers",
        "diff_ids": [
          "sha256:d57cdbd3e9044f48a54d06e17b870958380b48fe6dff76f821fbd289986371fd",
          "sha256:007aa6ae8e75e99bf4eca44fa9e2c9083892a745d07ff562fefa21660368c1d1",
          "sha256:b371186572983e0533425d115fdef3c9f168c39a758d9c0b85daab755408c994",
          "sha256:f92fa201b6f720bd42f05075c2c297384fecf84413d633d37ada99b2b47f9284",
          "sha256:ee5f1a1993baa5800231db72f1fbd414726dffc266e3792af366cc6e6dd90c00",
          "sha256:8e2bd4b2d2ac13e230a32e9a90b9f9b0f000c74b670724b2ae550d1e58541044",
          "sha256:3b5cddc8c268d2f08c2fcceb6f9e9f7a5c213e3c7380b4fd9f7afd988abd390b",
          "sha256:f890c32b5fe50f70b30c7a913fc07117f8daf9049089271d9bca55804dfae95f"
        ]
      },
      "config": {
        "Entrypoint": [
          "/init"
        ],
        "Env": [
          "PATH=/lsiopy/bin:/usr/local/sbin:/usr/local/bin:/usr/sbin:/usr/bin:/sbin:/bin",
          "PS1=$(whoami)@$(hostname):$(pwd)\\$ ",
          "HOME=/config",
          "TERM=xterm",
          "S6_CMD_WAIT_FOR_SERVICES_MAXTIME=0",
          "S6_VERBOSITY=1",
          "S6_STAGE2_HOOK=/docker-mods",
          "VIRTUAL_ENV=/lsiopy",
          "LSIO_FIRST_PARTY=true",
          "XDG_CONFIG_HOME=/config",
          "XDG_DATA_HOME=/config"
        ],
        "Labels": {
          "build_version": "Linuxserver.io version:- 4.6.3-r0-ls315 Build-date:- 2024-02-25T06:56:38+00:00",
          "maintainer": "thespad",
          "org.opencontainers.image.authors": "linuxserver.io",
          "org.opencontainers.image.created": "2024-02-25T06:56:38+00:00",
          "org.opencontainers.image.description": "The [Qbittorrent](https://www.qbittorrent.org/) project aims to provide an open-source software alternative to µTorrent. qBittorrent is based on the Qt toolkit and libtorrent-rasterbar library.",
          "org.opencontainers.image.documentation": "https://docs.linuxserver.io/images/docker-qbittorrent",
          "org.opencontainers.image.licenses": "GPL-3.0-only",
          "org.opencontainers.image.ref.name": "2d468b77069bc230559dbaf81f484dc935d2b1bb",
          "org.opencontainers.image.revision": "2d468b77069bc230559dbaf81f484dc935d2b1bb",
          "org.opencontainers.image.source": "https://github.com/linuxserver/docker-qbittorrent",
          "org.opencontainers.image.title": "Qbittorrent",
          "org.opencontainers.image.url": "https://github.com/linuxserver/docker-qbittorrent/packages",
          "org.opencontainers.image.vendor": "linuxserver.io",
          "org.opencontainers.image.version": "4.6.3-r0-ls315"
        },
        "Volumes": {
          "/config": {}
        },
        "WorkingDir": "/"
      }
    }
  },
  "Results": [
    {
      "Target": "linuxserver/qbittorrent:latest (alpine edge)",
      "Class": "os-pkgs",
      "Type": "alpine"
    },
    {
      "Target": "qbt/qbt.deps.json",
      "Class": "lang-pkgs",
      "Type": "dotnet-core",
      "Vulnerabilities": [
        {
          "VulnerabilityID": "CVE-2018-8292",
          "PkgName": "System.Net.Http",
          "PkgIdentifier": {
            "PURL": "pkg:nuget/System.Net.Http@4.3.0"
          },
          "InstalledVersion": "4.3.0",
          "FixedVersion": "4.3.4",
          "Status": "fixed",
          "Layer": {
            "DiffID": "sha256:8e2bd4b2d2ac13e230a32e9a90b9f9b0f000c74b670724b2ae550d1e58541044"
          },
          "SeveritySource": "ghsa",
          "PrimaryURL": "https://avd.aquasec.com/nvd/cve-2018-8292",
          "DataSource": {
            "ID": "ghsa",
            "Name": "GitHub Security Advisory NuGet",
            "URL": "https://github.com/advisories?query=type%3Areviewed+ecosystem%3Anuget"
          },
          "Title": ".NET Core: information disclosure due to authentication information exposed in a redirect",
          "Description": "An information disclosure vulnerability exists in .NET Core when authentication information is inadvertently exposed in a redirect, aka \".NET Core Information Disclosure Vulnerability.\" This affects .NET Core 2.1, .NET Core 1.0, .NET Core 1.1, PowerShell Core 6.0.",
          "Severity": "HIGH",
          "CweIDs": [
            "CWE-200"
          ],
          "VendorSeverity": {
            "ghsa": 3,
            "nvd": 3,
            "redhat": 2
          },
          "CVSS": {
            "ghsa": {
              "V3Vector": "CVSS:3.0/AV:N/AC:L/PR:N/UI:N/S:U/C:H/I:N/A:N",
              "V3Score": 7.5
            },
            "nvd": {
              "V2Vector": "AV:N/AC:L/Au:N/C:P/I:N/A:N",
              "V3Vector": "CVSS:3.0/AV:N/AC:L/PR:N/UI:N/S:U/C:H/I:N/A:N",
              "V2Score": 5,
              "V3Score": 7.5
            },
            "redhat": {
              "V3Vector": "CVSS:3.0/AV:N/AC:H/PR:N/UI:N/S:U/C:H/I:H/A:N",
              "V3Score": 7.4
            }
          },
          "References": [
            "http://www.securityfocus.com/bid/105548",
            "https://access.redhat.com/errata/RHSA-2018:2902",
            "https://access.redhat.com/security/cve/CVE-2018-8292",
            "https://github.com/dotnet/announcements/issues/88",
            "https://nvd.nist.gov/vuln/detail/CVE-2018-8292",
            "https://portal.msrc.microsoft.com/en-US/security-guidance/advisory/CVE-2018-8292",
            "https://www.cve.org/CVERecord?id=CVE-2018-8292"
          ],
          "PublishedDate": "2018-10-10T13:29:01.213Z",
          "LastModifiedDate": "2018-12-06T14:46:36.853Z"
        },
        {
          "VulnerabilityID": "CVE-2019-0980",
          "PkgName": "System.Private.Uri",
          "PkgIdentifier": {
            "PURL": "pkg:nuget/System.Private.Uri@4.3.0"
          },
          "InstalledVersion": "4.3.0",
          "FixedVersion": "4.3.2",
          "Status": "fixed",
          "Layer": {
            "DiffID": "sha256:8e2bd4b2d2ac13e230a32e9a90b9f9b0f000c74b670724b2ae550d1e58541044"
          },
          "SeveritySource": "ghsa",
          "PrimaryURL": "https://avd.aquasec.com/nvd/cve-2019-0980",
          "DataSource": {
            "ID": "ghsa",
            "Name": "GitHub Security Advisory NuGet",
            "URL": "https://github.com/advisories?query=type%3Areviewed+ecosystem%3Anuget"
          },
          "Title": "dotnet: infinite loop in Uri.TryCreate leading to ASP.Net Core Denial of Service",
          "Description": "A denial of service vulnerability exists when .NET Framework or .NET Core improperly handle web requests, aka '.Net Framework and .Net Core Denial of Service Vulnerability'. This CVE ID is unique from CVE-2019-0820, CVE-2019-0981.",
          "Severity": "HIGH",
          "CweIDs": [
            "CWE-19"
          ],
          "VendorSeverity": {
            "ghsa": 3,
            "nvd": 3,
            "oracle-oval": 3,
            "redhat": 2
          },
          "CVSS": {
            "ghsa": {
              "V3Vector": "CVSS:3.0/AV:N/AC:L/PR:N/UI:N/S:U/C:N/I:N/A:H",
              "V3Score": 7.5
            },
            "nvd": {
              "V2Vector": "AV:N/AC:L/Au:N/C:N/I:N/A:P",
              "V3Vector": "CVSS:3.0/AV:N/AC:L/PR:N/UI:N/S:U/C:N/I:N/A:H",
              "V2Score": 5,
              "V3Score": 7.5
            },
            "redhat": {
              "V3Vector": "CVSS:3.0/AV:N/AC:L/PR:N/UI:N/S:U/C:N/I:N/A:H",
              "V3Score": 7.5
            }
          },
          "References": [
            "https://access.redhat.com/errata/RHSA-2019:1259",
            "https://access.redhat.com/security/cve/CVE-2019-0980",
            "https://github.com/dotnet/announcements/issues/112",
            "https://github.com/github/advisory-database/issues/302",
            "https://linux.oracle.com/cve/CVE-2019-0980.html",
            "https://linux.oracle.com/errata/ELSA-2019-1259.html",
            "https://nvd.nist.gov/vuln/detail/CVE-2019-0980",
            "https://portal.msrc.microsoft.com/en-US/security-guidance/advisory/CVE-2019-0980",
            "https://portal.msrc.microsoft.com/en-us/security-guidance/advisory/CVE-2019-0980",
            "https://www.cve.org/CVERecord?id=CVE-2019-0980"
          ],
          "PublishedDate": "2019-05-16T19:29:04.957Z",
          "LastModifiedDate": "2019-05-22T13:29:00.913Z"
        },
        {
          "VulnerabilityID": "CVE-2019-0981",
          "PkgName": "System.Private.Uri",
          "PkgIdentifier": {
            "PURL": "pkg:nuget/System.Private.Uri@4.3.0"
          },
          "InstalledVersion": "4.3.0",
          "FixedVersion": "4.3.2",
          "Status": "fixed",
          "Layer": {
            "DiffID": "sha256:8e2bd4b2d2ac13e230a32e9a90b9f9b0f000c74b670724b2ae550d1e58541044"
          },
          "SeveritySource": "ghsa",
          "PrimaryURL": "https://avd.aquasec.com/nvd/cve-2019-0981",
          "DataSource": {
            "ID": "ghsa",
            "Name": "GitHub Security Advisory NuGet",
            "URL": "https://github.com/advisories?query=type%3Areviewed+ecosystem%3Anuget"
          },
          "Title": "dotnet: crash in IPAddress.TryCreate leading to ASP.Net Core Denial of Service",
          "Description": "A denial of service vulnerability exists when .NET Framework or .NET Core improperly handle web requests, aka '.Net Framework and .Net Core Denial of Service Vulnerability'. This CVE ID is unique from CVE-2019-0820, CVE-2019-0980.",
          "Severity": "HIGH",
          "CweIDs": [
            "CWE-19"
          ],
          "VendorSeverity": {
            "ghsa": 3,
            "nvd": 3,
            "oracle-oval": 3,
            "redhat": 2
          },
          "CVSS": {
            "ghsa": {
              "V3Vector": "CVSS:3.0/AV:N/AC:L/PR:N/UI:N/S:U/C:N/I:N/A:H",
              "V3Score": 7.5
            },
            "nvd": {
              "V2Vector": "AV:N/AC:L/Au:N/C:N/I:N/A:P",
              "V3Vector": "CVSS:3.0/AV:N/AC:L/PR:N/UI:N/S:U/C:N/I:N/A:H",
              "V2Score": 5,
              "V3Score": 7.5
            },
            "redhat": {
              "V3Vector": "CVSS:3.0/AV:N/AC:L/PR:N/UI:N/S:U/C:N/I:N/A:H",
              "V3Score": 7.5
            }
          },
          "References": [
            "https://access.redhat.com/errata/RHSA-2019:1259",
            "https://access.redhat.com/security/cve/CVE-2019-0981",
            "https://github.com/dotnet/announcements/issues/113",
            "https://github.com/github/advisory-database/issues/302",
            "https://linux.oracle.com/cve/CVE-2019-0981.html",
            "https://linux.oracle.com/errata/ELSA-2019-1259.html",
            "https://nvd.nist.gov/vuln/detail/CVE-2019-0981",
            "https://portal.msrc.microsoft.com/en-US/security-guidance/advisory/CVE-2019-0981",
            "https://www.cve.org/CVERecord?id=CVE-2019-0981"
          ],
          "PublishedDate": "2019-05-16T19:29:05.02Z",
          "LastModifiedDate": "2019-05-22T13:29:01.083Z"
        },
        {
          "VulnerabilityID": "CVE-2019-0657",
          "PkgName": "System.Private.Uri",
          "PkgIdentifier": {
            "PURL": "pkg:nuget/System.Private.Uri@4.3.0"
          },
          "InstalledVersion": "4.3.0",
          "FixedVersion": "4.3.2",
          "Status": "fixed",
          "Layer": {
            "DiffID": "sha256:8e2bd4b2d2ac13e230a32e9a90b9f9b0f000c74b670724b2ae550d1e58541044"
          },
          "SeveritySource": "ghsa",
          "PrimaryURL": "https://avd.aquasec.com/nvd/cve-2019-0657",
          "DataSource": {
            "ID": "ghsa",
            "Name": "GitHub Security Advisory NuGet",
            "URL": "https://github.com/advisories?query=type%3Areviewed+ecosystem%3Anuget"
          },
          "Title": "dotnet: Domain-spoofing attack in System.Uri",
          "Description": "A vulnerability exists in certain .Net Framework API's and Visual Studio in the way they parse URL's, aka '.NET Framework and Visual Studio Spoofing Vulnerability'.",
          "Severity": "MEDIUM",
          "CweIDs": [
            "CWE-20"
          ],
          "VendorSeverity": {
            "ghsa": 2,
            "nvd": 2,
            "redhat": 2
          },
          "CVSS": {
            "ghsa": {
              "V3Vector": "CVSS:3.0/AV:N/AC:H/PR:N/UI:N/S:U/C:N/I:H/A:N",
              "V3Score": 5.9
            },
            "nvd": {
              "V2Vector": "AV:N/AC:M/Au:N/C:N/I:P/A:N",
              "V3Vector": "CVSS:3.0/AV:N/AC:H/PR:N/UI:N/S:U/C:N/I:H/A:N",
              "V2Score": 4.3,
              "V3Score": 5.9
            },
            "redhat": {
              "V3Vector": "CVSS:3.0/AV:N/AC:L/PR:N/UI:N/S:U/C:N/I:H/A:N",
              "V3Score": 7.5
            }
          },
          "References": [
            "http://www.securityfocus.com/bid/106890",
            "https://access.redhat.com/errata/RHSA-2019:0349",
            "https://access.redhat.com/security/cve/CVE-2019-0657",
            "https://github.com/dotnet/announcements/issues/97",
            "https://github.com/github/advisory-database/issues/302",
            "https://nvd.nist.gov/vuln/detail/CVE-2019-0657",
            "https://portal.msrc.microsoft.com/en-US/security-guidance/advisory/CVE-2019-0657",
            "https://www.cve.org/CVERecord?id=CVE-2019-0657"
          ],
          "PublishedDate": "2019-03-05T23:29:02.037Z",
          "LastModifiedDate": "2019-03-07T16:55:52.72Z"
        },
        {
          "VulnerabilityID": "CVE-2019-0820",
          "PkgName": "System.Text.RegularExpressions",
          "PkgIdentifier": {
            "PURL": "pkg:nuget/System.Text.RegularExpressions@4.3.0"
          },
          "InstalledVersion": "4.3.0",
          "FixedVersion": "4.3.1",
          "Status": "fixed",
          "Layer": {
            "DiffID": "sha256:8e2bd4b2d2ac13e230a32e9a90b9f9b0f000c74b670724b2ae550d1e58541044"
          },
          "SeveritySource": "ghsa",
          "PrimaryURL": "https://avd.aquasec.com/nvd/cve-2019-0820",
          "DataSource": {
            "ID": "ghsa",
            "Name": "GitHub Security Advisory NuGet",
            "URL": "https://github.com/advisories?query=type%3Areviewed+ecosystem%3Anuget"
          },
          "Title": "dotnet: timeouts for regular expressions are not enforced",
          "Description": "A denial of service vulnerability exists when .NET Framework and .NET Core improperly process RegEx strings, aka '.NET Framework and .NET Core Denial of Service Vulnerability'. This CVE ID is unique from CVE-2019-0980, CVE-2019-0981.",
          "Severity": "HIGH",
          "CweIDs": [
            "CWE-400"
          ],
          "VendorSeverity": {
            "ghsa": 3,
            "nvd": 3,
            "oracle-oval": 3,
            "redhat": 2
          },
          "CVSS": {
            "ghsa": {
              "V3Vector": "CVSS:3.1/AV:N/AC:L/PR:N/UI:N/S:U/C:N/I:N/A:H",
              "V3Score": 7.5
            },
            "nvd": {
              "V2Vector": "AV:N/AC:L/Au:N/C:N/I:N/A:P",
              "V3Vector": "CVSS:3.1/AV:N/AC:L/PR:N/UI:N/S:U/C:N/I:N/A:H",
              "V2Score": 5,
              "V3Score": 7.5
            },
            "redhat": {
              "V3Vector": "CVSS:3.0/AV:N/AC:L/PR:N/UI:N/S:U/C:N/I:N/A:H",
              "V3Score": 7.5
            }
          },
          "References": [
            "https://access.redhat.com/errata/RHSA-2019:1259",
            "https://access.redhat.com/security/cve/CVE-2019-0820",
            "https://linux.oracle.com/cve/CVE-2019-0820.html",
            "https://linux.oracle.com/errata/ELSA-2019-1259.html",
            "https://nvd.nist.gov/vuln/detail/CVE-2019-0820",
            "https://portal.msrc.microsoft.com/en-US/security-guidance/advisory/CVE-2019-0820",
            "https://www.cve.org/CVERecord?id=CVE-2019-0820"
          ],
          "PublishedDate": "2019-05-16T19:29:00.88Z",
          "LastModifiedDate": "2023-02-02T19:16:40.193Z"
        }
      ]
    }
  ]
}
