{
  "SchemaVersion": 2,
  "CreatedAt": "2024-02-25T12:34:59.11499164Z",
  "ArtifactName": "linuxserver/syncthing:latest",
  "ArtifactType": "container_image",
  "Metadata": {
    "OS": {
      "Family": "alpine",
      "Name": "3.18.6"
    },
    "ImageID": "sha256:94344bd6686dc2a4aa0696dc0388dd228040a760105ddee4feef025ee780d37f",
    "DiffIDs": [
      "sha256:9d80fffa2552babe27f8998c40ab4ff08d63f9da3a1f056856ffb8899005c1f1",
      "sha256:bf27900f6443e5f1b530609ec5570e0256b1a20a5df38fdbdf1d17ffb6b826e6",
      "sha256:b60aaacf107ab0a929cd27bec7f4ad5ac753703a6e5581ea71ab92a34cd1bae4",
      "sha256:78e18c274d42b5aac34b77c7fe0f225791035ab6fdb51d3b65eba8fbb92fabd0",
      "sha256:cdb2687242275ba08562b26aedbed634894ffd9c25eb2a838cdabf63a5e5e447",
      "sha256:9397ab3e7f9af9b7459097c11a7235cbf38b52f54508cf9edeeefd33afa148a5",
      "sha256:35d3b4326bae4b5e7afa2c1be5325e8fe59da0adace7c23ffd61e7595fc6da75",
      "sha256:6afc4a966fd5c33611bbc4dbd4860ca1bc4e09d1b1abd1be71388546edaa9920"
    ],
    "RepoTags": [
      "linuxserver/syncthing:latest"
    ],
    "RepoDigests": [
      "linuxserver/syncthing@sha256:154fecdd76be7e175c83ff2553c27f2bbb2b5dc2c14f6e7a7d540f267b2c803f"
    ],
    "ImageConfig": {
      "architecture": "amd64",
      "created": "2024-02-24T01:35:14.073890698Z",
      "history": [
        {
          "created": "2024-02-03T13:26:59Z",
          "created_by": "COPY /root-out/ / # buildkit",
          "comment": "buildkit.dockerfile.v0"
        },
        {
          "created": "2024-02-03T13:26:59Z",
          "created_by": "ARG BUILD_DATE",
          "comment": "buildkit.dockerfile.v0",
          "empty_layer": true
        },
        {
          "created": "2024-02-03T13:26:59Z",
          "created_by": "ARG VERSION",
          "comment": "buildkit.dockerfile.v0",
          "empty_layer": true
        },
        {
          "created": "2024-02-03T13:26:59Z",
          "created_by": "ARG MODS_VERSION=v3",
          "comment": "buildkit.dockerfile.v0",
          "empty_layer": true
        },
        {
          "created": "2024-02-03T13:26:59Z",
          "created_by": "ARG PKG_INST_VERSION=v1",
          "comment": "buildkit.dockerfile.v0",
          "empty_layer": true
        },
        {
          "created": "2024-02-03T13:26:59Z",
          "created_by": "LABEL build_version=Linuxserver.io version:- f7e3c236-ls37 Build-date:- 2024-02-03T13:25:39+00:00",
          "comment": "buildkit.dockerfile.v0",
          "empty_layer": true
        },
        {
          "created": "2024-02-03T13:26:59Z",
          "created_by": "LABEL maintainer=TheLamer",
          "comment": "buildkit.dockerfile.v0",
          "empty_layer": true
        },
        {
          "created": "2024-02-03T13:26:59Z",
          "created_by": "ADD https://raw.githubusercontent.com/linuxserver/docker-mods/mod-scripts/docker-mods.v3 /docker-mods # buildkit",
          "comment": "buildkit.dockerfile.v0"
        },
        {
          "created": "2024-02-03T13:26:59Z",
          "created_by": "ADD https://raw.githubusercontent.com/linuxserver/docker-mods/mod-scripts/package-install.v1 /etc/s6-overlay/s6-rc.d/init-mods-package-install/run # buildkit",
          "comment": "buildkit.dockerfile.v0"
        },
        {
          "created": "2024-02-03T13:26:59Z",
          "created_by": "ENV PS1=$(whoami)@$(hostname):$(pwd)\\$  HOME=/root TERM=xterm S6_CMD_WAIT_FOR_SERVICES_MAXTIME=0 S6_VERBOSITY=1 S6_STAGE2_HOOK=/docker-mods VIRTUAL_ENV=/lsiopy PATH=/lsiopy/bin:/usr/local/sbin:/usr/local/bin:/usr/sbin:/usr/bin:/sbin:/bin",
          "comment": "buildkit.dockerfile.v0",
          "empty_layer": true
        },
        {
          "created": "2024-02-03T13:27:00Z",
          "created_by": "RUN |4 BUILD_DATE=2024-02-03T13:25:39+00:00 VERSION=f7e3c236-ls37 MODS_VERSION=v3 PKG_INST_VERSION=v1 /bin/sh -c echo \"**** install runtime packages ****\" \u0026\u0026   apk add --no-cache     alpine-release     bash     ca-certificates     coreutils     curl     jq     netcat-openbsd     procps-ng     shadow     tzdata \u0026\u0026   echo \"**** create abc user and make our folders ****\" \u0026\u0026   groupmod -g 1000 users \u0026\u0026   useradd -u 911 -U -d /config -s /bin/false abc \u0026\u0026   usermod -G users abc \u0026\u0026   mkdir -p     /app     /config     /defaults     /lsiopy \u0026\u0026   echo \"**** cleanup ****\" \u0026\u0026   rm -rf     /tmp/* # buildkit",
          "comment": "buildkit.dockerfile.v0"
        },
        {
          "created": "2024-02-03T13:27:00Z",
          "created_by": "COPY root/ / # buildkit",
          "comment": "buildkit.dockerfile.v0"
        },
        {
          "created": "2024-02-03T13:27:00Z",
          "created_by": "ENTRYPOINT [\"/init\"]",
          "comment": "buildkit.dockerfile.v0",
          "empty_layer": true
        },
        {
          "created": "2024-02-24T01:34:50Z",
          "created_by": "ENV LSIO_FIRST_PARTY=true",
          "comment": "buildkit.dockerfile.v0",
          "empty_layer": true
        },
        {
          "created": "2024-02-24T01:34:50Z",
          "created_by": "ARG BUILD_DATE",
          "comment": "buildkit.dockerfile.v0",
          "empty_layer": true
        },
        {
          "created": "2024-02-24T01:34:50Z",
          "created_by": "ARG VERSION",
          "comment": "buildkit.dockerfile.v0",
          "empty_layer": true
        },
        {
          "created": "2024-02-24T01:34:50Z",
          "created_by": "LABEL build_version=Linuxserver.io version:- v1.27.3-ls131 Build-date:- 2024-02-24T01:33:35+00:00",
          "comment": "buildkit.dockerfile.v0",
          "empty_layer": true
        },
        {
          "created": "2024-02-24T01:34:50Z",
          "created_by": "LABEL maintainer=thelamer",
          "comment": "buildkit.dockerfile.v0",
          "empty_layer": true
        },
        {
          "created": "2024-02-24T01:34:50Z",
          "created_by": "ENV HOME=/config",
          "comment": "buildkit.dockerfile.v0",
          "empty_layer": true
        },
        {
          "created": "2024-02-24T01:34:50Z",
          "created_by": "RUN |2 BUILD_DATE=2024-02-24T01:33:35+00:00 VERSION=v1.27.3-ls131 /bin/sh -c echo \"**** create var lib folder ****\" \u0026\u0026   install -d -o abc -g abc     /var/lib/syncthing # buildkit",
          "comment": "buildkit.dockerfile.v0"
        },
        {
          "created": "2024-02-24T01:35:14Z",
          "created_by": "COPY /tmp/sync/syncthing /usr/bin/ # buildkit",
          "comment": "buildkit.dockerfile.v0"
        },
        {
          "created": "2024-02-24T01:35:14Z",
          "created_by": "COPY root/ / # buildkit",
          "comment": "buildkit.dockerfile.v0"
        },
        {
          "created": "2024-02-24T01:35:14Z",
          "created_by": "EXPOSE map[21027/udp:{} 22000/tcp:{} 22000/udp:{} 8384/tcp:{}]",
          "comment": "buildkit.dockerfile.v0",
          "empty_layer": true
        },
        {
          "created": "2024-02-24T01:35:14Z",
          "created_by": "VOLUME [/config]",
          "comment": "buildkit.dockerfile.v0",
          "empty_layer": true
        }
      ],
      "os": "linux",
      "rootfs": {
        "type": "layers",
        "diff_ids": [
          "sha256:9d80fffa2552babe27f8998c40ab4ff08d63f9da3a1f056856ffb8899005c1f1",
          "sha256:bf27900f6443e5f1b530609ec5570e0256b1a20a5df38fdbdf1d17ffb6b826e6",
          "sha256:b60aaacf107ab0a929cd27bec7f4ad5ac753703a6e5581ea71ab92a34cd1bae4",
          "sha256:78e18c274d42b5aac34b77c7fe0f225791035ab6fdb51d3b65eba8fbb92fabd0",
          "sha256:cdb2687242275ba08562b26aedbed634894ffd9c25eb2a838cdabf63a5e5e447",
          "sha256:9397ab3e7f9af9b7459097c11a7235cbf38b52f54508cf9edeeefd33afa148a5",
          "sha256:35d3b4326bae4b5e7afa2c1be5325e8fe59da0adace7c23ffd61e7595fc6da75",
          "sha256:6afc4a966fd5c33611bbc4dbd4860ca1bc4e09d1b1abd1be71388546edaa9920"
        ]
      },
      "config": {
        "Entrypoint": [
          "/init"
        ],
        "Env": [
          "PATH=/lsiopy/bin:/usr/local/sbin:/usr/local/bin:/usr/sbin:/usr/bin:/sbin:/bin",
          "PS1=$(whoami)@$(hostname):$(pwd)\\$ ",
          "HOME=/config",
          "TERM=xterm",
          "S6_CMD_WAIT_FOR_SERVICES_MAXTIME=0",
          "S6_VERBOSITY=1",
          "S6_STAGE2_HOOK=/docker-mods",
          "VIRTUAL_ENV=/lsiopy",
          "LSIO_FIRST_PARTY=true"
        ],
        "Labels": {
          "build_version": "Linuxserver.io version:- v1.27.3-ls131 Build-date:- 2024-02-24T01:33:35+00:00",
          "maintainer": "thelamer",
          "org.opencontainers.image.authors": "linuxserver.io",
          "org.opencontainers.image.created": "2024-02-24T01:33:35+00:00",
          "org.opencontainers.image.description": "[Syncthing](https://syncthing.net) replaces proprietary sync and cloud services with something open, trustworthy and decentralized. Your data is your data alone and you deserve to choose where it is stored, if it is shared with some third party and how it's transmitted over the Internet.",
          "org.opencontainers.image.documentation": "https://docs.linuxserver.io/images/docker-syncthing",
          "org.opencontainers.image.licenses": "GPL-3.0-only",
          "org.opencontainers.image.ref.name": "22e97f5c17c2f205b98ffc193cd0920ff2d41b9a",
          "org.opencontainers.image.revision": "22e97f5c17c2f205b98ffc193cd0920ff2d41b9a",
          "org.opencontainers.image.source": "https://github.com/linuxserver/docker-syncthing",
          "org.opencontainers.image.title": "Syncthing",
          "org.opencontainers.image.url": "https://github.com/linuxserver/docker-syncthing/packages",
          "org.opencontainers.image.vendor": "linuxserver.io",
          "org.opencontainers.image.version": "v1.27.3-ls131"
        },
        "Volumes": {
          "/config": {}
        },
        "WorkingDir": "/"
      }
    }
  },
  "Results": [
    {
      "Target": "linuxserver/syncthing:latest (alpine 3.18.6)",
      "Class": "os-pkgs",
      "Type": "alpine"
    }
  ]
}
