{
  "SchemaVersion": 2,
  "CreatedAt": "2024-02-25T14:30:58.323326893Z",
  "ArtifactName": "linuxserver/ddclient:latest",
  "ArtifactType": "container_image",
  "Metadata": {
    "OS": {
      "Family": "alpine",
      "Name": "3.19.1"
    },
    "ImageID": "sha256:92c15a0a4c929b0f9acf26e1fded82c5527e72c98952bf67b00c7cafd7ccecfb",
    "DiffIDs": [
      "sha256:01fd502f0720e66d57cc0139ed6862b154bdd4a0429b2733670277dbfb968f3c",
      "sha256:bf27900f6443e5f1b530609ec5570e0256b1a20a5df38fdbdf1d17ffb6b826e6",
      "sha256:691621f13fd540a9fb87e2e9d4a9b87a84107bce3621bfdb0db2d7cbb05ec4b9",
      "sha256:1f34686be733fc4f868bf7a30c139ddee21200b847a45828e840f2a1e5117464",
      "sha256:fe56a5801ec1aef7b4797373f4df36285eb680d8a452e36eb8a966ba7b3d335d",
      "sha256:303ded916b18548e2bcece67d52786745436fc83ab28e5f0980826e998551018",
      "sha256:969d7b2633fa749f92fb13d6be3feef9f123f126c10c32dacbced10d3bcd4cac"
    ],
    "RepoTags": [
      "linuxserver/ddclient:latest"
    ],
    "RepoDigests": [
      "linuxserver/ddclient@sha256:0a52df883addde3374765b7e3d55f6e3d47d0dd17b04fa502094d1328ed2fd7d"
    ],
    "ImageConfig": {
      "architecture": "amd64",
      "created": "2024-02-06T06:54:07.780366626Z",
      "history": [
        {
          "created": "2024-02-03T13:30:21Z",
          "created_by": "COPY /root-out/ / # buildkit",
          "comment": "buildkit.dockerfile.v0"
        },
        {
          "created": "2024-02-03T13:30:21Z",
          "created_by": "ARG BUILD_DATE",
          "comment": "buildkit.dockerfile.v0",
          "empty_layer": true
        },
        {
          "created": "2024-02-03T13:30:21Z",
          "created_by": "ARG VERSION",
          "comment": "buildkit.dockerfile.v0",
          "empty_layer": true
        },
        {
          "created": "2024-02-03T13:30:21Z",
          "created_by": "ARG MODS_VERSION=v3",
          "comment": "buildkit.dockerfile.v0",
          "empty_layer": true
        },
        {
          "created": "2024-02-03T13:30:21Z",
          "created_by": "ARG PKG_INST_VERSION=v1",
          "comment": "buildkit.dockerfile.v0",
          "empty_layer": true
        },
        {
          "created": "2024-02-03T13:30:21Z",
          "created_by": "LABEL build_version=Linuxserver.io version:- 8da559a6-ls7 Build-date:- 2024-02-03T13:28:02+00:00",
          "comment": "buildkit.dockerfile.v0",
          "empty_layer": true
        },
        {
          "created": "2024-02-03T13:30:21Z",
          "created_by": "LABEL maintainer=TheLamer",
          "comment": "buildkit.dockerfile.v0",
          "empty_layer": true
        },
        {
          "created": "2024-02-03T13:30:21Z",
          "created_by": "ADD https://raw.githubusercontent.com/linuxserver/docker-mods/mod-scripts/docker-mods.v3 /docker-mods # buildkit",
          "comment": "buildkit.dockerfile.v0"
        },
        {
          "created": "2024-02-03T13:30:21Z",
          "created_by": "ADD https://raw.githubusercontent.com/linuxserver/docker-mods/mod-scripts/package-install.v1 /etc/s6-overlay/s6-rc.d/init-mods-package-install/run # buildkit",
          "comment": "buildkit.dockerfile.v0"
        },
        {
          "created": "2024-02-03T13:30:21Z",
          "created_by": "ENV PS1=$(whoami)@$(hostname):$(pwd)\\$  HOME=/root TERM=xterm S6_CMD_WAIT_FOR_SERVICES_MAXTIME=0 S6_VERBOSITY=1 S6_STAGE2_HOOK=/docker-mods VIRTUAL_ENV=/lsiopy PATH=/lsiopy/bin:/usr/local/sbin:/usr/local/bin:/usr/sbin:/usr/bin:/sbin:/bin",
          "comment": "buildkit.dockerfile.v0",
          "empty_layer": true
        },
        {
          "created": "2024-02-03T13:30:23Z",
          "created_by": "RUN |4 BUILD_DATE=2024-02-03T13:28:02+00:00 VERSION=8da559a6-ls7 MODS_VERSION=v3 PKG_INST_VERSION=v1 /bin/sh -c echo \"**** install runtime packages ****\" \u0026\u0026   apk add --no-cache     alpine-release     bash     ca-certificates     coreutils     curl     jq     netcat-openbsd     procps-ng     shadow     tzdata \u0026\u0026   echo \"**** create abc user and make our folders ****\" \u0026\u0026   groupmod -g 1000 users \u0026\u0026   useradd -u 911 -U -d /config -s /bin/false abc \u0026\u0026   usermod -G users abc \u0026\u0026   mkdir -p     /app     /config     /defaults     /lsiopy \u0026\u0026   echo \"**** cleanup ****\" \u0026\u0026   rm -rf     /tmp/* # buildkit",
          "comment": "buildkit.dockerfile.v0"
        },
        {
          "created": "2024-02-03T13:30:24Z",
          "created_by": "COPY root/ / # buildkit",
          "comment": "buildkit.dockerfile.v0"
        },
        {
          "created": "2024-02-03T13:30:24Z",
          "created_by": "ENTRYPOINT [\"/init\"]",
          "comment": "buildkit.dockerfile.v0",
          "empty_layer": true
        },
        {
          "created": "2024-02-06T06:54:07Z",
          "created_by": "ENV LSIO_FIRST_PARTY=true",
          "comment": "buildkit.dockerfile.v0",
          "empty_layer": true
        },
        {
          "created": "2024-02-06T06:54:07Z",
          "created_by": "ARG BUILD_DATE",
          "comment": "buildkit.dockerfile.v0",
          "empty_layer": true
        },
        {
          "created": "2024-02-06T06:54:07Z",
          "created_by": "ARG VERSION",
          "comment": "buildkit.dockerfile.v0",
          "empty_layer": true
        },
        {
          "created": "2024-02-06T06:54:07Z",
          "created_by": "ARG DDCLIENT_VERSION",
          "comment": "buildkit.dockerfile.v0",
          "empty_layer": true
        },
        {
          "created": "2024-02-06T06:54:07Z",
          "created_by": "LABEL build_version=Linuxserver.io version:- v3.11.2-ls149 Build-date:- 2024-02-06T06:52:34+00:00",
          "comment": "buildkit.dockerfile.v0",
          "empty_layer": true
        },
        {
          "created": "2024-02-06T06:54:07Z",
          "created_by": "LABEL maintainer=saarg",
          "comment": "buildkit.dockerfile.v0",
          "empty_layer": true
        },
        {
          "created": "2024-02-06T06:54:07Z",
          "created_by": "RUN |3 BUILD_DATE=2024-02-06T06:52:34+00:00 VERSION=v3.11.2-ls149 DDCLIENT_VERSION=v3.11.2 /bin/sh -c echo \"**** install build packages ****\" \u0026\u0026   apk add --no-cache --virtual=build-dependencies     build-base     wget \u0026\u0026   echo \"**** install runtime packages ****\" \u0026\u0026   apk add --no-cache     bind-tools     inotify-tools     perl     perl-digest-sha1     perl-io-socket-inet6     perl-io-socket-ssl     perl-json     perl-netaddr-ip \u0026\u0026   echo \"***** install perl modules ****\" \u0026\u0026   curl -L http://cpanmin.us | perl - App::cpanminus \u0026\u0026   cpanm     Data::Validate::IP     JSON::Any \u0026\u0026   echo \"**** install ddclient ****\" \u0026\u0026   if [ -z ${DDCLIENT_VERSION+x} ]; then     DDCLIENT_VERSION=$(curl -sX GET \"https://api.github.com/repos/ddclient/ddclient/releases/latest\"     | awk '/tag_name/{print $4;exit}' FS='[\"\"]');   fi \u0026\u0026   mkdir -p     /tmp/ddclient \u0026\u0026   curl -o   /tmp/ddclient.tar.gz -L     \"https://github.com/ddclient/ddclient/archive/${DDCLIENT_VERSION}.tar.gz\" \u0026\u0026   tar xf   /tmp/ddclient.tar.gz -C     /tmp/ddclient --strip-components=1 \u0026\u0026   cp /tmp/ddclient/ddclient.in /usr/bin/ddclient.in \u0026\u0026   ln -s /usr/bin/ddclient.in /usr/bin/ddclient \u0026\u0026   mkdir -p /etc/ddclient/ \u0026\u0026   cp /tmp/ddclient/sample-get-ip-from-fritzbox /etc/ddclient/get-ip-from-fritzbox \u0026\u0026   echo \"**** cleanup ****\" \u0026\u0026   apk del --purge     build-dependencies \u0026\u0026   rm -rf     /config/.cpanm     /root/.cpanm     /tmp/* # buildkit",
          "comment": "buildkit.dockerfile.v0"
        },
        {
          "created": "2024-02-06T06:54:07Z",
          "created_by": "COPY root/ / # buildkit",
          "comment": "buildkit.dockerfile.v0"
        },
        {
          "created": "2024-02-06T06:54:07Z",
          "created_by": "VOLUME [/config]",
          "comment": "buildkit.dockerfile.v0",
          "empty_layer": true
        }
      ],
      "os": "linux",
      "rootfs": {
        "type": "layers",
        "diff_ids": [
          "sha256:01fd502f0720e66d57cc0139ed6862b154bdd4a0429b2733670277dbfb968f3c",
          "sha256:bf27900f6443e5f1b530609ec5570e0256b1a20a5df38fdbdf1d17ffb6b826e6",
          "sha256:691621f13fd540a9fb87e2e9d4a9b87a84107bce3621bfdb0db2d7cbb05ec4b9",
          "sha256:1f34686be733fc4f868bf7a30c139ddee21200b847a45828e840f2a1e5117464",
          "sha256:fe56a5801ec1aef7b4797373f4df36285eb680d8a452e36eb8a966ba7b3d335d",
          "sha256:303ded916b18548e2bcece67d52786745436fc83ab28e5f0980826e998551018",
          "sha256:969d7b2633fa749f92fb13d6be3feef9f123f126c10c32dacbced10d3bcd4cac"
        ]
      },
      "config": {
        "Entrypoint": [
          "/init"
        ],
        "Env": [
          "PATH=/lsiopy/bin:/usr/local/sbin:/usr/local/bin:/usr/sbin:/usr/bin:/sbin:/bin",
          "PS1=$(whoami)@$(hostname):$(pwd)\\$ ",
          "HOME=/root",
          "TERM=xterm",
          "S6_CMD_WAIT_FOR_SERVICES_MAXTIME=0",
          "S6_VERBOSITY=1",
          "S6_STAGE2_HOOK=/docker-mods",
          "VIRTUAL_ENV=/lsiopy",
          "LSIO_FIRST_PARTY=true"
        ],
        "Labels": {
          "build_version": "Linuxserver.io version:- v3.11.2-ls149 Build-date:- 2024-02-06T06:52:34+00:00",
          "maintainer": "saarg",
          "org.opencontainers.image.authors": "linuxserver.io",
          "org.opencontainers.image.created": "2024-02-06T06:52:34+00:00",
          "org.opencontainers.image.description": "[Ddclient](https://github.com/ddclient/ddclient) is a Perl client used to update dynamic DNS entries for accounts on Dynamic DNS Network Service Provider. It was originally written by Paul Burry and is now mostly by wimpunk. It has the capability to update more than just dyndns and it can fetch your WAN-ipaddress in a few different ways.",
          "org.opencontainers.image.documentation": "https://docs.linuxserver.io/images/docker-ddclient",
          "org.opencontainers.image.licenses": "GPL-3.0-only",
          "org.opencontainers.image.ref.name": "424d48a58f912bed3022ed3d65fb2f092f9fe3e8",
          "org.opencontainers.image.revision": "424d48a58f912bed3022ed3d65fb2f092f9fe3e8",
          "org.opencontainers.image.source": "https://github.com/linuxserver/docker-ddclient",
          "org.opencontainers.image.title": "Ddclient",
          "org.opencontainers.image.url": "https://github.com/linuxserver/docker-ddclient/packages",
          "org.opencontainers.image.vendor": "linuxserver.io",
          "org.opencontainers.image.version": "v3.11.2-ls149"
        },
        "Volumes": {
          "/config": {}
        },
        "WorkingDir": "/"
      }
    }
  },
  "Results": [
    {
      "Target": "linuxserver/ddclient:latest (alpine 3.19.1)",
      "Class": "os-pkgs",
      "Type": "alpine",
      "Vulnerabilities": [
        {
          "VulnerabilityID": "CVE-2023-4408",
          "PkgID": "bind-libs@9.18.19-r1",
          "PkgName": "bind-libs",
          "PkgIdentifier": {
            "PURL": "pkg:apk/alpine/bind-libs@9.18.19-r1?arch=x86_64\u0026distro=3.19.1"
          },
          "InstalledVersion": "9.18.19-r1",
          "FixedVersion": "9.18.24-r0",
          "Status": "fixed",
          "Layer": {
            "DiffID": "sha256:303ded916b18548e2bcece67d52786745436fc83ab28e5f0980826e998551018"
          },
          "PrimaryURL": "https://avd.aquasec.com/nvd/cve-2023-4408",
          "DataSource": {
            "ID": "alpine",
            "Name": "Alpine Secdb",
            "URL": "https://secdb.alpinelinux.org/"
          },
          "Title": "bind9: Parsing large DNS messages may cause excessive CPU load",
          "Description": "The DNS message parsing code in `named` includes a section whose computational complexity is overly high. It does not cause problems for typical DNS traffic, but crafted queries and responses may cause excessive CPU load on the affected `named` instance by exploiting this flaw. This issue affects both authoritative servers and recursive resolvers.\nThis issue affects BIND 9 versions 9.0.0 through 9.16.45, 9.18.0 through 9.18.21, 9.19.0 through 9.19.19, 9.9.3-S1 through 9.11.37-S1, 9.16.8-S1 through 9.16.45-S1, and 9.18.11-S1 through 9.18.21-S1.",
          "Severity": "HIGH",
          "VendorSeverity": {
            "photon": 3,
            "redhat": 3,
            "ubuntu": 2
          },
          "CVSS": {
            "redhat": {
              "V3Vector": "CVSS:3.1/AV:N/AC:L/PR:N/UI:N/S:U/C:N/I:N/A:H",
              "V3Score": 7.5
            }
          },
          "References": [
            "http://www.openwall.com/lists/oss-security/2024/02/13/1",
            "https://access.redhat.com/security/cve/CVE-2023-4408",
            "https://cve.mitre.org/cgi-bin/cvename.cgi?name=CVE-2023-4408",
            "https://kb.isc.org/docs/cve-2023-4408",
            "https://lists.fedoraproject.org/archives/list/package-announce@lists.fedoraproject.org/message/PNNHZSZPG2E7NBMBNYPGHCFI4V4XRWNQ/",
            "https://nvd.nist.gov/vuln/detail/CVE-2023-4408",
            "https://ubuntu.com/security/notices/USN-6633-1",
            "https://ubuntu.com/security/notices/USN-6642-1",
            "https://www.cve.org/CVERecord?id=CVE-2023-4408"
          ],
          "PublishedDate": "2024-02-13T14:15:45.253Z",
          "LastModifiedDate": "2024-02-19T03:15:07.86Z"
        },
        {
          "VulnerabilityID": "CVE-2023-50387",
          "PkgID": "bind-libs@9.18.19-r1",
          "PkgName": "bind-libs",
          "PkgIdentifier": {
            "PURL": "pkg:apk/alpine/bind-libs@9.18.19-r1?arch=x86_64\u0026distro=3.19.1"
          },
          "InstalledVersion": "9.18.19-r1",
          "FixedVersion": "9.18.24-r0",
          "Status": "fixed",
          "Layer": {
            "DiffID": "sha256:303ded916b18548e2bcece67d52786745436fc83ab28e5f0980826e998551018"
          },
          "SeveritySource": "nvd",
          "PrimaryURL": "https://avd.aquasec.com/nvd/cve-2023-50387",
          "DataSource": {
            "ID": "alpine",
            "Name": "Alpine Secdb",
            "URL": "https://secdb.alpinelinux.org/"
          },
          "Title": "bind9: KeyTrap - Extreme CPU consumption in DNSSEC validator",
          "Description": "Certain DNSSEC aspects of the DNS protocol (in RFC 4033, 4034, 4035, 6840, and related RFCs) allow remote attackers to cause a denial of service (CPU consumption) via one or more DNSSEC responses, aka the \"KeyTrap\" issue. One of the concerns is that, when there is a zone with many DNSKEY and RRSIG records, the protocol specification implies that an algorithm must evaluate all combinations of DNSKEY and RRSIG records.",
          "Severity": "HIGH",
          "CweIDs": [
            "CWE-770"
          ],
          "VendorSeverity": {
            "nvd": 3,
            "photon": 3,
            "redhat": 3,
            "ubuntu": 2
          },
          "CVSS": {
            "nvd": {
              "V3Vector": "CVSS:3.1/AV:N/AC:L/PR:N/UI:N/S:U/C:N/I:N/A:H",
              "V3Score": 7.5
            },
            "redhat": {
              "V3Vector": "CVSS:3.1/AV:N/AC:L/PR:N/UI:N/S:U/C:N/I:N/A:H",
              "V3Score": 7.5
            }
          },
          "References": [
            "http://www.openwall.com/lists/oss-security/2024/02/16/2",
            "http://www.openwall.com/lists/oss-security/2024/02/16/3",
            "https://access.redhat.com/security/cve/CVE-2023-50387",
            "https://blog.powerdns.com/2024/02/13/powerdns-recursor-4-8-6-4-9-3-5-0-2-released",
            "https://bugzilla.suse.com/show_bug.cgi?id=1219823",
            "https://cve.mitre.org/cgi-bin/cvename.cgi?name=CVE-2023-50387",
            "https://docs.powerdns.com/recursor/security-advisories/powerdns-advisory-2024-01.html",
            "https://gitlab.nic.cz/knot/knot-resolver/-/releases/v5.7.1",
            "https://kb.isc.org/docs/cve-2023-50387",
            "https://lists.debian.org/debian-lts-announce/2024/02/msg00006.html",
            "https://lists.fedoraproject.org/archives/list/package-announce%40lists.fedoraproject.org/message/BUIP7T7Z4T3UHLXFWG6XIVDP4GYPD3AI/",
            "https://lists.fedoraproject.org/archives/list/package-announce%40lists.fedoraproject.org/message/PNNHZSZPG2E7NBMBNYPGHCFI4V4XRWNQ/",
            "https://lists.fedoraproject.org/archives/list/package-announce%40lists.fedoraproject.org/message/SVYA42BLXUCIDLD35YIJPJSHDIADNYMP/",
            "https://lists.fedoraproject.org/archives/list/package-announce%40lists.fedoraproject.org/message/TEXGOYGW7DBS3N2QSSQONZ4ENIRQEAPG/",
            "https://lists.fedoraproject.org/archives/list/package-announce%40lists.fedoraproject.org/message/UQESRWMJCF4JEYJEAKLRM6CT55GLJAB7/",
            "https://lists.thekelleys.org.uk/pipermail/dnsmasq-discuss/2024q1/017430.html",
            "https://msrc.microsoft.com/update-guide/vulnerability/CVE-2023-50387",
            "https://news.ycombinator.com/item?id=39367411",
            "https://news.ycombinator.com/item?id=39372384",
            "https://nlnetlabs.nl/downloads/unbound/CVE-2023-50387_CVE-2023-50868.txt",
            "https://nlnetlabs.nl/news/2024/Feb/13/unbound-1.19.1-released/",
            "https://nvd.nist.gov/vuln/detail/CVE-2023-50387",
            "https://ubuntu.com/security/notices/USN-6633-1",
            "https://ubuntu.com/security/notices/USN-6642-1",
            "https://www.athene-center.de/aktuelles/key-trap",
            "https://www.athene-center.de/fileadmin/content/PDF/Technical_Report_KeyTrap.pdf",
            "https://www.cve.org/CVERecord?id=CVE-2023-50387",
            "https://www.isc.org/blogs/2024-bind-security-release/",
            "https://www.knot-resolver.cz/2024-02-13-knot-resolver-5.7.1.html",
            "https://www.securityweek.com/keytrap-dns-attack-could-disable-large-parts-of-internet-researchers/",
            "https://www.theregister.com/2024/02/13/dnssec_vulnerability_internet/"
          ],
          "PublishedDate": "2024-02-14T16:15:45.3Z",
          "LastModifiedDate": "2024-02-23T02:15:44.55Z"
        },
        {
          "VulnerabilityID": "CVE-2023-50868",
          "PkgID": "bind-libs@9.18.19-r1",
          "PkgName": "bind-libs",
          "PkgIdentifier": {
            "PURL": "pkg:apk/alpine/bind-libs@9.18.19-r1?arch=x86_64\u0026distro=3.19.1"
          },
          "InstalledVersion": "9.18.19-r1",
          "FixedVersion": "9.18.24-r0",
          "Status": "fixed",
          "Layer": {
            "DiffID": "sha256:303ded916b18548e2bcece67d52786745436fc83ab28e5f0980826e998551018"
          },
          "PrimaryURL": "https://avd.aquasec.com/nvd/cve-2023-50868",
          "DataSource": {
            "ID": "alpine",
            "Name": "Alpine Secdb",
            "URL": "https://secdb.alpinelinux.org/"
          },
          "Title": "bind9: Preparing an NSEC3 closest encloser proof can exhaust CPU resources",
          "Description": "The Closest Encloser Proof aspect of the DNS protocol (in RFC 5155 when RFC 9276 guidance is skipped) allows remote attackers to cause a denial of service (CPU consumption for SHA-1 computations) via DNSSEC responses in a random subdomain attack, aka the \"NSEC3\" issue. The RFC 5155 specification implies that an algorithm must perform thousands of iterations of a hash function in certain situations.",
          "Severity": "HIGH",
          "VendorSeverity": {
            "photon": 3,
            "redhat": 3,
            "ubuntu": 2
          },
          "CVSS": {
            "redhat": {
              "V3Vector": "CVSS:3.1/AV:N/AC:L/PR:N/UI:N/S:U/C:N/I:N/A:H",
              "V3Score": 7.5
            }
          },
          "References": [
            "http://www.openwall.com/lists/oss-security/2024/02/16/2",
            "http://www.openwall.com/lists/oss-security/2024/02/16/3",
            "https://access.redhat.com/security/cve/CVE-2023-50868",
            "https://blog.powerdns.com/2024/02/13/powerdns-recursor-4-8-6-4-9-3-5-0-2-released",
            "https://bugzilla.suse.com/show_bug.cgi?id=1219826",
            "https://cve.mitre.org/cgi-bin/cvename.cgi?name=CVE-2023-50868",
            "https://datatracker.ietf.org/doc/html/rfc5155",
            "https://docs.powerdns.com/recursor/security-advisories/powerdns-advisory-2024-01.html",
            "https://gitlab.nic.cz/knot/knot-resolver/-/releases/v5.7.1",
            "https://kb.isc.org/docs/cve-2023-50868",
            "https://lists.debian.org/debian-lts-announce/2024/02/msg00006.html",
            "https://lists.fedoraproject.org/archives/list/package-announce%40lists.fedoraproject.org/message/BUIP7T7Z4T3UHLXFWG6XIVDP4GYPD3AI/",
            "https://lists.fedoraproject.org/archives/list/package-announce%40lists.fedoraproject.org/message/PNNHZSZPG2E7NBMBNYPGHCFI4V4XRWNQ/",
            "https://lists.fedoraproject.org/archives/list/package-announce%40lists.fedoraproject.org/message/SVYA42BLXUCIDLD35YIJPJSHDIADNYMP/",
            "https://lists.fedoraproject.org/archives/list/package-announce%40lists.fedoraproject.org/message/TEXGOYGW7DBS3N2QSSQONZ4ENIRQEAPG/",
            "https://lists.fedoraproject.org/archives/list/package-announce%40lists.fedoraproject.org/message/UQESRWMJCF4JEYJEAKLRM6CT55GLJAB7/",
            "https://lists.thekelleys.org.uk/pipermail/dnsmasq-discuss/2024q1/017430.html",
            "https://nlnetlabs.nl/downloads/unbound/CVE-2023-50387_CVE-2023-50868.txt",
            "https://nlnetlabs.nl/news/2024/Feb/13/unbound-1.19.1-released/",
            "https://nvd.nist.gov/vuln/detail/CVE-2023-50868",
            "https://ubuntu.com/security/notices/USN-6633-1",
            "https://ubuntu.com/security/notices/USN-6642-1",
            "https://www.cve.org/CVERecord?id=CVE-2023-50868",
            "https://www.isc.org/blogs/2024-bind-security-release/",
            "https://www.knot-resolver.cz/2024-02-13-knot-resolver-5.7.1.html"
          ],
          "PublishedDate": "2024-02-14T16:15:45.377Z",
          "LastModifiedDate": "2024-02-23T02:15:44.7Z"
        },
        {
          "VulnerabilityID": "CVE-2023-5517",
          "PkgID": "bind-libs@9.18.19-r1",
          "PkgName": "bind-libs",
          "PkgIdentifier": {
            "PURL": "pkg:apk/alpine/bind-libs@9.18.19-r1?arch=x86_64\u0026distro=3.19.1"
          },
          "InstalledVersion": "9.18.19-r1",
          "FixedVersion": "9.18.24-r0",
          "Status": "fixed",
          "Layer": {
            "DiffID": "sha256:303ded916b18548e2bcece67d52786745436fc83ab28e5f0980826e998551018"
          },
          "PrimaryURL": "https://avd.aquasec.com/nvd/cve-2023-5517",
          "DataSource": {
            "ID": "alpine",
            "Name": "Alpine Secdb",
            "URL": "https://secdb.alpinelinux.org/"
          },
          "Title": "bind9: Querying RFC 1918 reverse zones may cause an assertion failure when “nxdomain-redirect” is enabled",
          "Description": "A flaw in query-handling code can cause `named` to exit prematurely with an assertion failure when:\n\n  - `nxdomain-redirect \u003cdomain\u003e;` is configured, and\n  - the resolver receives a PTR query for an RFC 1918 address that would normally result in an authoritative NXDOMAIN response.\nThis issue affects BIND 9 versions 9.12.0 through 9.16.45, 9.18.0 through 9.18.21, 9.19.0 through 9.19.19, 9.16.8-S1 through 9.16.45-S1, and 9.18.11-S1 through 9.18.21-S1.",
          "Severity": "HIGH",
          "VendorSeverity": {
            "photon": 3,
            "redhat": 3,
            "ubuntu": 2
          },
          "CVSS": {
            "redhat": {
              "V3Vector": "CVSS:3.1/AV:N/AC:L/PR:N/UI:N/S:U/C:N/I:N/A:H",
              "V3Score": 7.5
            }
          },
          "References": [
            "http://www.openwall.com/lists/oss-security/2024/02/13/1",
            "https://access.redhat.com/security/cve/CVE-2023-5517",
            "https://cve.mitre.org/cgi-bin/cvename.cgi?name=CVE-2023-5517",
            "https://kb.isc.org/docs/cve-2023-5517",
            "https://lists.fedoraproject.org/archives/list/package-announce@lists.fedoraproject.org/message/PNNHZSZPG2E7NBMBNYPGHCFI4V4XRWNQ/",
            "https://nvd.nist.gov/vuln/detail/CVE-2023-5517",
            "https://ubuntu.com/security/notices/USN-6633-1",
            "https://ubuntu.com/security/notices/USN-6642-1",
            "https://www.cve.org/CVERecord?id=CVE-2023-5517"
          ],
          "PublishedDate": "2024-02-13T14:15:45.51Z",
          "LastModifiedDate": "2024-02-19T03:15:08.17Z"
        },
        {
          "VulnerabilityID": "CVE-2023-5679",
          "PkgID": "bind-libs@9.18.19-r1",
          "PkgName": "bind-libs",
          "PkgIdentifier": {
            "PURL": "pkg:apk/alpine/bind-libs@9.18.19-r1?arch=x86_64\u0026distro=3.19.1"
          },
          "InstalledVersion": "9.18.19-r1",
          "FixedVersion": "9.18.24-r0",
          "Status": "fixed",
          "Layer": {
            "DiffID": "sha256:303ded916b18548e2bcece67d52786745436fc83ab28e5f0980826e998551018"
          },
          "PrimaryURL": "https://avd.aquasec.com/nvd/cve-2023-5679",
          "DataSource": {
            "ID": "alpine",
            "Name": "Alpine Secdb",
            "URL": "https://secdb.alpinelinux.org/"
          },
          "Title": "bind9: Enabling both DNS64 and serve-stale may cause an assertion failure during recursive resolution",
          "Description": "A bad interaction between DNS64 and serve-stale may cause `named` to crash with an assertion failure during recursive resolution, when both of these features are enabled.\nThis issue affects BIND 9 versions 9.16.12 through 9.16.45, 9.18.0 through 9.18.21, 9.19.0 through 9.19.19, 9.16.12-S1 through 9.16.45-S1, and 9.18.11-S1 through 9.18.21-S1.",
          "Severity": "HIGH",
          "VendorSeverity": {
            "photon": 3,
            "redhat": 3,
            "ubuntu": 2
          },
          "CVSS": {
            "redhat": {
              "V3Vector": "CVSS:3.1/AV:N/AC:L/PR:N/UI:N/S:U/C:N/I:N/A:H",
              "V3Score": 7.5
            }
          },
          "References": [
            "http://www.openwall.com/lists/oss-security/2024/02/13/1",
            "https://access.redhat.com/security/cve/CVE-2023-5679",
            "https://cve.mitre.org/cgi-bin/cvename.cgi?name=CVE-2023-5679",
            "https://kb.isc.org/docs/cve-2023-5679",
            "https://lists.fedoraproject.org/archives/list/package-announce@lists.fedoraproject.org/message/PNNHZSZPG2E7NBMBNYPGHCFI4V4XRWNQ/",
            "https://nvd.nist.gov/vuln/detail/CVE-2023-5679",
            "https://ubuntu.com/security/notices/USN-6633-1",
            "https://www.cve.org/CVERecord?id=CVE-2023-5679"
          ],
          "PublishedDate": "2024-02-13T14:15:45.677Z",
          "LastModifiedDate": "2024-02-19T03:15:08.26Z"
        },
        {
          "VulnerabilityID": "CVE-2023-6516",
          "PkgID": "bind-libs@9.18.19-r1",
          "PkgName": "bind-libs",
          "PkgIdentifier": {
            "PURL": "pkg:apk/alpine/bind-libs@9.18.19-r1?arch=x86_64\u0026distro=3.19.1"
          },
          "InstalledVersion": "9.18.19-r1",
          "FixedVersion": "9.18.24-r0",
          "Status": "fixed",
          "Layer": {
            "DiffID": "sha256:303ded916b18548e2bcece67d52786745436fc83ab28e5f0980826e998551018"
          },
          "PrimaryURL": "https://avd.aquasec.com/nvd/cve-2023-6516",
          "DataSource": {
            "ID": "alpine",
            "Name": "Alpine Secdb",
            "URL": "https://secdb.alpinelinux.org/"
          },
          "Title": "bind9: Specific recursive query patterns may lead to an out-of-memory condition",
          "Description": "To keep its cache database efficient, `named` running as a recursive resolver occasionally attempts to clean up the database. It uses several methods, including some that are asynchronous: a small chunk of memory pointing to the cache element that can be cleaned up is first allocated and then queued for later processing. It was discovered that if the resolver is continuously processing query patterns triggering this type of cache-database maintenance, `named` may not be able to handle the cleanup events in a timely manner. This in turn enables the list of queued cleanup events to grow infinitely large over time, allowing the configured `max-cache-size` limit to be significantly exceeded.\nThis issue affects BIND 9 versions 9.16.0 through 9.16.45 and 9.16.8-S1 through 9.16.45-S1.",
          "Severity": "HIGH",
          "VendorSeverity": {
            "photon": 3,
            "redhat": 3,
            "ubuntu": 2
          },
          "CVSS": {
            "redhat": {
              "V3Vector": "CVSS:3.1/AV:N/AC:L/PR:N/UI:N/S:U/C:N/I:N/A:H",
              "V3Score": 7.5
            }
          },
          "References": [
            "http://www.openwall.com/lists/oss-security/2024/02/13/1",
            "https://access.redhat.com/security/cve/CVE-2023-6516",
            "https://cve.mitre.org/cgi-bin/cvename.cgi?name=CVE-2023-6516",
            "https://kb.isc.org/docs/cve-2023-6516",
            "https://lists.fedoraproject.org/archives/list/package-announce@lists.fedoraproject.org/message/PNNHZSZPG2E7NBMBNYPGHCFI4V4XRWNQ/",
            "https://nvd.nist.gov/vuln/detail/CVE-2023-6516",
            "https://ubuntu.com/security/notices/USN-6642-1",
            "https://www.cve.org/CVERecord?id=CVE-2023-6516"
          ],
          "PublishedDate": "2024-02-13T14:15:46.03Z",
          "LastModifiedDate": "2024-02-19T03:15:08.343Z"
        },
        {
          "VulnerabilityID": "CVE-2023-5680",
          "PkgID": "bind-libs@9.18.19-r1",
          "PkgName": "bind-libs",
          "PkgIdentifier": {
            "PURL": "pkg:apk/alpine/bind-libs@9.18.19-r1?arch=x86_64\u0026distro=3.19.1"
          },
          "InstalledVersion": "9.18.19-r1",
          "FixedVersion": "9.18.24-r0",
          "Status": "fixed",
          "Layer": {
            "DiffID": "sha256:303ded916b18548e2bcece67d52786745436fc83ab28e5f0980826e998551018"
          },
          "PrimaryURL": "https://avd.aquasec.com/nvd/cve-2023-5680",
          "DataSource": {
            "ID": "alpine",
            "Name": "Alpine Secdb",
            "URL": "https://secdb.alpinelinux.org/"
          },
          "Title": "bind9: Cleaning an ECS-enabled cache may cause excessive CPU load",
          "Description": "If a resolver cache has a very large number of ECS records stored for the same name, the process of cleaning the cache database node for this name can significantly impair query performance. \nThis issue affects BIND 9 versions 9.11.3-S1 through 9.11.37-S1, 9.16.8-S1 through 9.16.45-S1, and 9.18.11-S1 through 9.18.21-S1.",
          "Severity": "MEDIUM",
          "VendorSeverity": {
            "redhat": 2
          },
          "CVSS": {
            "redhat": {
              "V3Vector": "CVSS:3.1/AV:N/AC:L/PR:N/UI:N/S:U/C:N/I:N/A:L",
              "V3Score": 5.3
            }
          },
          "References": [
            "https://access.redhat.com/security/cve/CVE-2023-5680",
            "https://kb.isc.org/docs/cve-2023-5680",
            "https://nvd.nist.gov/vuln/detail/CVE-2023-5680",
            "https://www.cve.org/CVERecord?id=CVE-2023-5680"
          ],
          "PublishedDate": "2024-02-13T14:15:45.85Z",
          "LastModifiedDate": "2024-02-13T15:16:05.223Z"
        },
        {
          "VulnerabilityID": "CVE-2023-4408",
          "PkgID": "bind-tools@9.18.19-r1",
          "PkgName": "bind-tools",
          "PkgIdentifier": {
            "PURL": "pkg:apk/alpine/bind-tools@9.18.19-r1?arch=x86_64\u0026distro=3.19.1"
          },
          "InstalledVersion": "9.18.19-r1",
          "FixedVersion": "9.18.24-r0",
          "Status": "fixed",
          "Layer": {
            "DiffID": "sha256:303ded916b18548e2bcece67d52786745436fc83ab28e5f0980826e998551018"
          },
          "PrimaryURL": "https://avd.aquasec.com/nvd/cve-2023-4408",
          "DataSource": {
            "ID": "alpine",
            "Name": "Alpine Secdb",
            "URL": "https://secdb.alpinelinux.org/"
          },
          "Title": "bind9: Parsing large DNS messages may cause excessive CPU load",
          "Description": "The DNS message parsing code in `named` includes a section whose computational complexity is overly high. It does not cause problems for typical DNS traffic, but crafted queries and responses may cause excessive CPU load on the affected `named` instance by exploiting this flaw. This issue affects both authoritative servers and recursive resolvers.\nThis issue affects BIND 9 versions 9.0.0 through 9.16.45, 9.18.0 through 9.18.21, 9.19.0 through 9.19.19, 9.9.3-S1 through 9.11.37-S1, 9.16.8-S1 through 9.16.45-S1, and 9.18.11-S1 through 9.18.21-S1.",
          "Severity": "HIGH",
          "VendorSeverity": {
            "photon": 3,
            "redhat": 3,
            "ubuntu": 2
          },
          "CVSS": {
            "redhat": {
              "V3Vector": "CVSS:3.1/AV:N/AC:L/PR:N/UI:N/S:U/C:N/I:N/A:H",
              "V3Score": 7.5
            }
          },
          "References": [
            "http://www.openwall.com/lists/oss-security/2024/02/13/1",
            "https://access.redhat.com/security/cve/CVE-2023-4408",
            "https://cve.mitre.org/cgi-bin/cvename.cgi?name=CVE-2023-4408",
            "https://kb.isc.org/docs/cve-2023-4408",
            "https://lists.fedoraproject.org/archives/list/package-announce@lists.fedoraproject.org/message/PNNHZSZPG2E7NBMBNYPGHCFI4V4XRWNQ/",
            "https://nvd.nist.gov/vuln/detail/CVE-2023-4408",
            "https://ubuntu.com/security/notices/USN-6633-1",
            "https://ubuntu.com/security/notices/USN-6642-1",
            "https://www.cve.org/CVERecord?id=CVE-2023-4408"
          ],
          "PublishedDate": "2024-02-13T14:15:45.253Z",
          "LastModifiedDate": "2024-02-19T03:15:07.86Z"
        },
        {
          "VulnerabilityID": "CVE-2023-50387",
          "PkgID": "bind-tools@9.18.19-r1",
          "PkgName": "bind-tools",
          "PkgIdentifier": {
            "PURL": "pkg:apk/alpine/bind-tools@9.18.19-r1?arch=x86_64\u0026distro=3.19.1"
          },
          "InstalledVersion": "9.18.19-r1",
          "FixedVersion": "9.18.24-r0",
          "Status": "fixed",
          "Layer": {
            "DiffID": "sha256:303ded916b18548e2bcece67d52786745436fc83ab28e5f0980826e998551018"
          },
          "SeveritySource": "nvd",
          "PrimaryURL": "https://avd.aquasec.com/nvd/cve-2023-50387",
          "DataSource": {
            "ID": "alpine",
            "Name": "Alpine Secdb",
            "URL": "https://secdb.alpinelinux.org/"
          },
          "Title": "bind9: KeyTrap - Extreme CPU consumption in DNSSEC validator",
          "Description": "Certain DNSSEC aspects of the DNS protocol (in RFC 4033, 4034, 4035, 6840, and related RFCs) allow remote attackers to cause a denial of service (CPU consumption) via one or more DNSSEC responses, aka the \"KeyTrap\" issue. One of the concerns is that, when there is a zone with many DNSKEY and RRSIG records, the protocol specification implies that an algorithm must evaluate all combinations of DNSKEY and RRSIG records.",
          "Severity": "HIGH",
          "CweIDs": [
            "CWE-770"
          ],
          "VendorSeverity": {
            "nvd": 3,
            "photon": 3,
            "redhat": 3,
            "ubuntu": 2
          },
          "CVSS": {
            "nvd": {
              "V3Vector": "CVSS:3.1/AV:N/AC:L/PR:N/UI:N/S:U/C:N/I:N/A:H",
              "V3Score": 7.5
            },
            "redhat": {
              "V3Vector": "CVSS:3.1/AV:N/AC:L/PR:N/UI:N/S:U/C:N/I:N/A:H",
              "V3Score": 7.5
            }
          },
          "References": [
            "http://www.openwall.com/lists/oss-security/2024/02/16/2",
            "http://www.openwall.com/lists/oss-security/2024/02/16/3",
            "https://access.redhat.com/security/cve/CVE-2023-50387",
            "https://blog.powerdns.com/2024/02/13/powerdns-recursor-4-8-6-4-9-3-5-0-2-released",
            "https://bugzilla.suse.com/show_bug.cgi?id=1219823",
            "https://cve.mitre.org/cgi-bin/cvename.cgi?name=CVE-2023-50387",
            "https://docs.powerdns.com/recursor/security-advisories/powerdns-advisory-2024-01.html",
            "https://gitlab.nic.cz/knot/knot-resolver/-/releases/v5.7.1",
            "https://kb.isc.org/docs/cve-2023-50387",
            "https://lists.debian.org/debian-lts-announce/2024/02/msg00006.html",
            "https://lists.fedoraproject.org/archives/list/package-announce%40lists.fedoraproject.org/message/BUIP7T7Z4T3UHLXFWG6XIVDP4GYPD3AI/",
            "https://lists.fedoraproject.org/archives/list/package-announce%40lists.fedoraproject.org/message/PNNHZSZPG2E7NBMBNYPGHCFI4V4XRWNQ/",
            "https://lists.fedoraproject.org/archives/list/package-announce%40lists.fedoraproject.org/message/SVYA42BLXUCIDLD35YIJPJSHDIADNYMP/",
            "https://lists.fedoraproject.org/archives/list/package-announce%40lists.fedoraproject.org/message/TEXGOYGW7DBS3N2QSSQONZ4ENIRQEAPG/",
            "https://lists.fedoraproject.org/archives/list/package-announce%40lists.fedoraproject.org/message/UQESRWMJCF4JEYJEAKLRM6CT55GLJAB7/",
            "https://lists.thekelleys.org.uk/pipermail/dnsmasq-discuss/2024q1/017430.html",
            "https://msrc.microsoft.com/update-guide/vulnerability/CVE-2023-50387",
            "https://news.ycombinator.com/item?id=39367411",
            "https://news.ycombinator.com/item?id=39372384",
            "https://nlnetlabs.nl/downloads/unbound/CVE-2023-50387_CVE-2023-50868.txt",
            "https://nlnetlabs.nl/news/2024/Feb/13/unbound-1.19.1-released/",
            "https://nvd.nist.gov/vuln/detail/CVE-2023-50387",
            "https://ubuntu.com/security/notices/USN-6633-1",
            "https://ubuntu.com/security/notices/USN-6642-1",
            "https://www.athene-center.de/aktuelles/key-trap",
            "https://www.athene-center.de/fileadmin/content/PDF/Technical_Report_KeyTrap.pdf",
            "https://www.cve.org/CVERecord?id=CVE-2023-50387",
            "https://www.isc.org/blogs/2024-bind-security-release/",
            "https://www.knot-resolver.cz/2024-02-13-knot-resolver-5.7.1.html",
            "https://www.securityweek.com/keytrap-dns-attack-could-disable-large-parts-of-internet-researchers/",
            "https://www.theregister.com/2024/02/13/dnssec_vulnerability_internet/"
          ],
          "PublishedDate": "2024-02-14T16:15:45.3Z",
          "LastModifiedDate": "2024-02-23T02:15:44.55Z"
        },
        {
          "VulnerabilityID": "CVE-2023-50868",
          "PkgID": "bind-tools@9.18.19-r1",
          "PkgName": "bind-tools",
          "PkgIdentifier": {
            "PURL": "pkg:apk/alpine/bind-tools@9.18.19-r1?arch=x86_64\u0026distro=3.19.1"
          },
          "InstalledVersion": "9.18.19-r1",
          "FixedVersion": "9.18.24-r0",
          "Status": "fixed",
          "Layer": {
            "DiffID": "sha256:303ded916b18548e2bcece67d52786745436fc83ab28e5f0980826e998551018"
          },
          "PrimaryURL": "https://avd.aquasec.com/nvd/cve-2023-50868",
          "DataSource": {
            "ID": "alpine",
            "Name": "Alpine Secdb",
            "URL": "https://secdb.alpinelinux.org/"
          },
          "Title": "bind9: Preparing an NSEC3 closest encloser proof can exhaust CPU resources",
          "Description": "The Closest Encloser Proof aspect of the DNS protocol (in RFC 5155 when RFC 9276 guidance is skipped) allows remote attackers to cause a denial of service (CPU consumption for SHA-1 computations) via DNSSEC responses in a random subdomain attack, aka the \"NSEC3\" issue. The RFC 5155 specification implies that an algorithm must perform thousands of iterations of a hash function in certain situations.",
          "Severity": "HIGH",
          "VendorSeverity": {
            "photon": 3,
            "redhat": 3,
            "ubuntu": 2
          },
          "CVSS": {
            "redhat": {
              "V3Vector": "CVSS:3.1/AV:N/AC:L/PR:N/UI:N/S:U/C:N/I:N/A:H",
              "V3Score": 7.5
            }
          },
          "References": [
            "http://www.openwall.com/lists/oss-security/2024/02/16/2",
            "http://www.openwall.com/lists/oss-security/2024/02/16/3",
            "https://access.redhat.com/security/cve/CVE-2023-50868",
            "https://blog.powerdns.com/2024/02/13/powerdns-recursor-4-8-6-4-9-3-5-0-2-released",
            "https://bugzilla.suse.com/show_bug.cgi?id=1219826",
            "https://cve.mitre.org/cgi-bin/cvename.cgi?name=CVE-2023-50868",
            "https://datatracker.ietf.org/doc/html/rfc5155",
            "https://docs.powerdns.com/recursor/security-advisories/powerdns-advisory-2024-01.html",
            "https://gitlab.nic.cz/knot/knot-resolver/-/releases/v5.7.1",
            "https://kb.isc.org/docs/cve-2023-50868",
            "https://lists.debian.org/debian-lts-announce/2024/02/msg00006.html",
            "https://lists.fedoraproject.org/archives/list/package-announce%40lists.fedoraproject.org/message/BUIP7T7Z4T3UHLXFWG6XIVDP4GYPD3AI/",
            "https://lists.fedoraproject.org/archives/list/package-announce%40lists.fedoraproject.org/message/PNNHZSZPG2E7NBMBNYPGHCFI4V4XRWNQ/",
            "https://lists.fedoraproject.org/archives/list/package-announce%40lists.fedoraproject.org/message/SVYA42BLXUCIDLD35YIJPJSHDIADNYMP/",
            "https://lists.fedoraproject.org/archives/list/package-announce%40lists.fedoraproject.org/message/TEXGOYGW7DBS3N2QSSQONZ4ENIRQEAPG/",
            "https://lists.fedoraproject.org/archives/list/package-announce%40lists.fedoraproject.org/message/UQESRWMJCF4JEYJEAKLRM6CT55GLJAB7/",
            "https://lists.thekelleys.org.uk/pipermail/dnsmasq-discuss/2024q1/017430.html",
            "https://nlnetlabs.nl/downloads/unbound/CVE-2023-50387_CVE-2023-50868.txt",
            "https://nlnetlabs.nl/news/2024/Feb/13/unbound-1.19.1-released/",
            "https://nvd.nist.gov/vuln/detail/CVE-2023-50868",
            "https://ubuntu.com/security/notices/USN-6633-1",
            "https://ubuntu.com/security/notices/USN-6642-1",
            "https://www.cve.org/CVERecord?id=CVE-2023-50868",
            "https://www.isc.org/blogs/2024-bind-security-release/",
            "https://www.knot-resolver.cz/2024-02-13-knot-resolver-5.7.1.html"
          ],
          "PublishedDate": "2024-02-14T16:15:45.377Z",
          "LastModifiedDate": "2024-02-23T02:15:44.7Z"
        },
        {
          "VulnerabilityID": "CVE-2023-5517",
          "PkgID": "bind-tools@9.18.19-r1",
          "PkgName": "bind-tools",
          "PkgIdentifier": {
            "PURL": "pkg:apk/alpine/bind-tools@9.18.19-r1?arch=x86_64\u0026distro=3.19.1"
          },
          "InstalledVersion": "9.18.19-r1",
          "FixedVersion": "9.18.24-r0",
          "Status": "fixed",
          "Layer": {
            "DiffID": "sha256:303ded916b18548e2bcece67d52786745436fc83ab28e5f0980826e998551018"
          },
          "PrimaryURL": "https://avd.aquasec.com/nvd/cve-2023-5517",
          "DataSource": {
            "ID": "alpine",
            "Name": "Alpine Secdb",
            "URL": "https://secdb.alpinelinux.org/"
          },
          "Title": "bind9: Querying RFC 1918 reverse zones may cause an assertion failure when “nxdomain-redirect” is enabled",
          "Description": "A flaw in query-handling code can cause `named` to exit prematurely with an assertion failure when:\n\n  - `nxdomain-redirect \u003cdomain\u003e;` is configured, and\n  - the resolver receives a PTR query for an RFC 1918 address that would normally result in an authoritative NXDOMAIN response.\nThis issue affects BIND 9 versions 9.12.0 through 9.16.45, 9.18.0 through 9.18.21, 9.19.0 through 9.19.19, 9.16.8-S1 through 9.16.45-S1, and 9.18.11-S1 through 9.18.21-S1.",
          "Severity": "HIGH",
          "VendorSeverity": {
            "photon": 3,
            "redhat": 3,
            "ubuntu": 2
          },
          "CVSS": {
            "redhat": {
              "V3Vector": "CVSS:3.1/AV:N/AC:L/PR:N/UI:N/S:U/C:N/I:N/A:H",
              "V3Score": 7.5
            }
          },
          "References": [
            "http://www.openwall.com/lists/oss-security/2024/02/13/1",
            "https://access.redhat.com/security/cve/CVE-2023-5517",
            "https://cve.mitre.org/cgi-bin/cvename.cgi?name=CVE-2023-5517",
            "https://kb.isc.org/docs/cve-2023-5517",
            "https://lists.fedoraproject.org/archives/list/package-announce@lists.fedoraproject.org/message/PNNHZSZPG2E7NBMBNYPGHCFI4V4XRWNQ/",
            "https://nvd.nist.gov/vuln/detail/CVE-2023-5517",
            "https://ubuntu.com/security/notices/USN-6633-1",
            "https://ubuntu.com/security/notices/USN-6642-1",
            "https://www.cve.org/CVERecord?id=CVE-2023-5517"
          ],
          "PublishedDate": "2024-02-13T14:15:45.51Z",
          "LastModifiedDate": "2024-02-19T03:15:08.17Z"
        },
        {
          "VulnerabilityID": "CVE-2023-5679",
          "PkgID": "bind-tools@9.18.19-r1",
          "PkgName": "bind-tools",
          "PkgIdentifier": {
            "PURL": "pkg:apk/alpine/bind-tools@9.18.19-r1?arch=x86_64\u0026distro=3.19.1"
          },
          "InstalledVersion": "9.18.19-r1",
          "FixedVersion": "9.18.24-r0",
          "Status": "fixed",
          "Layer": {
            "DiffID": "sha256:303ded916b18548e2bcece67d52786745436fc83ab28e5f0980826e998551018"
          },
          "PrimaryURL": "https://avd.aquasec.com/nvd/cve-2023-5679",
          "DataSource": {
            "ID": "alpine",
            "Name": "Alpine Secdb",
            "URL": "https://secdb.alpinelinux.org/"
          },
          "Title": "bind9: Enabling both DNS64 and serve-stale may cause an assertion failure during recursive resolution",
          "Description": "A bad interaction between DNS64 and serve-stale may cause `named` to crash with an assertion failure during recursive resolution, when both of these features are enabled.\nThis issue affects BIND 9 versions 9.16.12 through 9.16.45, 9.18.0 through 9.18.21, 9.19.0 through 9.19.19, 9.16.12-S1 through 9.16.45-S1, and 9.18.11-S1 through 9.18.21-S1.",
          "Severity": "HIGH",
          "VendorSeverity": {
            "photon": 3,
            "redhat": 3,
            "ubuntu": 2
          },
          "CVSS": {
            "redhat": {
              "V3Vector": "CVSS:3.1/AV:N/AC:L/PR:N/UI:N/S:U/C:N/I:N/A:H",
              "V3Score": 7.5
            }
          },
          "References": [
            "http://www.openwall.com/lists/oss-security/2024/02/13/1",
            "https://access.redhat.com/security/cve/CVE-2023-5679",
            "https://cve.mitre.org/cgi-bin/cvename.cgi?name=CVE-2023-5679",
            "https://kb.isc.org/docs/cve-2023-5679",
            "https://lists.fedoraproject.org/archives/list/package-announce@lists.fedoraproject.org/message/PNNHZSZPG2E7NBMBNYPGHCFI4V4XRWNQ/",
            "https://nvd.nist.gov/vuln/detail/CVE-2023-5679",
            "https://ubuntu.com/security/notices/USN-6633-1",
            "https://www.cve.org/CVERecord?id=CVE-2023-5679"
          ],
          "PublishedDate": "2024-02-13T14:15:45.677Z",
          "LastModifiedDate": "2024-02-19T03:15:08.26Z"
        },
        {
          "VulnerabilityID": "CVE-2023-6516",
          "PkgID": "bind-tools@9.18.19-r1",
          "PkgName": "bind-tools",
          "PkgIdentifier": {
            "PURL": "pkg:apk/alpine/bind-tools@9.18.19-r1?arch=x86_64\u0026distro=3.19.1"
          },
          "InstalledVersion": "9.18.19-r1",
          "FixedVersion": "9.18.24-r0",
          "Status": "fixed",
          "Layer": {
            "DiffID": "sha256:303ded916b18548e2bcece67d52786745436fc83ab28e5f0980826e998551018"
          },
          "PrimaryURL": "https://avd.aquasec.com/nvd/cve-2023-6516",
          "DataSource": {
            "ID": "alpine",
            "Name": "Alpine Secdb",
            "URL": "https://secdb.alpinelinux.org/"
          },
          "Title": "bind9: Specific recursive query patterns may lead to an out-of-memory condition",
          "Description": "To keep its cache database efficient, `named` running as a recursive resolver occasionally attempts to clean up the database. It uses several methods, including some that are asynchronous: a small chunk of memory pointing to the cache element that can be cleaned up is first allocated and then queued for later processing. It was discovered that if the resolver is continuously processing query patterns triggering this type of cache-database maintenance, `named` may not be able to handle the cleanup events in a timely manner. This in turn enables the list of queued cleanup events to grow infinitely large over time, allowing the configured `max-cache-size` limit to be significantly exceeded.\nThis issue affects BIND 9 versions 9.16.0 through 9.16.45 and 9.16.8-S1 through 9.16.45-S1.",
          "Severity": "HIGH",
          "VendorSeverity": {
            "photon": 3,
            "redhat": 3,
            "ubuntu": 2
          },
          "CVSS": {
            "redhat": {
              "V3Vector": "CVSS:3.1/AV:N/AC:L/PR:N/UI:N/S:U/C:N/I:N/A:H",
              "V3Score": 7.5
            }
          },
          "References": [
            "http://www.openwall.com/lists/oss-security/2024/02/13/1",
            "https://access.redhat.com/security/cve/CVE-2023-6516",
            "https://cve.mitre.org/cgi-bin/cvename.cgi?name=CVE-2023-6516",
            "https://kb.isc.org/docs/cve-2023-6516",
            "https://lists.fedoraproject.org/archives/list/package-announce@lists.fedoraproject.org/message/PNNHZSZPG2E7NBMBNYPGHCFI4V4XRWNQ/",
            "https://nvd.nist.gov/vuln/detail/CVE-2023-6516",
            "https://ubuntu.com/security/notices/USN-6642-1",
            "https://www.cve.org/CVERecord?id=CVE-2023-6516"
          ],
          "PublishedDate": "2024-02-13T14:15:46.03Z",
          "LastModifiedDate": "2024-02-19T03:15:08.343Z"
        },
        {
          "VulnerabilityID": "CVE-2023-5680",
          "PkgID": "bind-tools@9.18.19-r1",
          "PkgName": "bind-tools",
          "PkgIdentifier": {
            "PURL": "pkg:apk/alpine/bind-tools@9.18.19-r1?arch=x86_64\u0026distro=3.19.1"
          },
          "InstalledVersion": "9.18.19-r1",
          "FixedVersion": "9.18.24-r0",
          "Status": "fixed",
          "Layer": {
            "DiffID": "sha256:303ded916b18548e2bcece67d52786745436fc83ab28e5f0980826e998551018"
          },
          "PrimaryURL": "https://avd.aquasec.com/nvd/cve-2023-5680",
          "DataSource": {
            "ID": "alpine",
            "Name": "Alpine Secdb",
            "URL": "https://secdb.alpinelinux.org/"
          },
          "Title": "bind9: Cleaning an ECS-enabled cache may cause excessive CPU load",
          "Description": "If a resolver cache has a very large number of ECS records stored for the same name, the process of cleaning the cache database node for this name can significantly impair query performance. \nThis issue affects BIND 9 versions 9.11.3-S1 through 9.11.37-S1, 9.16.8-S1 through 9.16.45-S1, and 9.18.11-S1 through 9.18.21-S1.",
          "Severity": "MEDIUM",
          "VendorSeverity": {
            "redhat": 2
          },
          "CVSS": {
            "redhat": {
              "V3Vector": "CVSS:3.1/AV:N/AC:L/PR:N/UI:N/S:U/C:N/I:N/A:L",
              "V3Score": 5.3
            }
          },
          "References": [
            "https://access.redhat.com/security/cve/CVE-2023-5680",
            "https://kb.isc.org/docs/cve-2023-5680",
            "https://nvd.nist.gov/vuln/detail/CVE-2023-5680",
            "https://www.cve.org/CVERecord?id=CVE-2023-5680"
          ],
          "PublishedDate": "2024-02-13T14:15:45.85Z",
          "LastModifiedDate": "2024-02-13T15:16:05.223Z"
        },
        {
          "VulnerabilityID": "CVE-2024-25062",
          "PkgID": "libxml2@2.11.6-r0",
          "PkgName": "libxml2",
          "PkgIdentifier": {
            "PURL": "pkg:apk/alpine/libxml2@2.11.6-r0?arch=x86_64\u0026distro=3.19.1"
          },
          "InstalledVersion": "2.11.6-r0",
          "FixedVersion": "2.11.7-r0",
          "Status": "fixed",
          "Layer": {
            "DiffID": "sha256:303ded916b18548e2bcece67d52786745436fc83ab28e5f0980826e998551018"
          },
          "SeveritySource": "nvd",
          "PrimaryURL": "https://avd.aquasec.com/nvd/cve-2024-25062",
          "DataSource": {
            "ID": "alpine",
            "Name": "Alpine Secdb",
            "URL": "https://secdb.alpinelinux.org/"
          },
          "Title": "libxml2: use-after-free in XMLReader",
          "Description": "An issue was discovered in libxml2 before 2.11.7 and 2.12.x before 2.12.5. When using the XML Reader interface with DTD validation and XInclude expansion enabled, processing crafted XML documents can lead to an xmlValidatePopElement use-after-free.",
          "Severity": "HIGH",
          "CweIDs": [
            "CWE-416"
          ],
          "VendorSeverity": {
            "nvd": 3,
            "photon": 3,
            "redhat": 2,
            "ubuntu": 2
          },
          "CVSS": {
            "nvd": {
              "V3Vector": "CVSS:3.1/AV:N/AC:L/PR:N/UI:N/S:U/C:N/I:N/A:H",
              "V3Score": 7.5
            },
            "redhat": {
              "V3Vector": "CVSS:3.1/AV:N/AC:H/PR:N/UI:N/S:U/C:N/I:N/A:H",
              "V3Score": 5.9
            }
          },
          "References": [
            "https://access.redhat.com/security/cve/CVE-2024-25062",
            "https://cve.mitre.org/cgi-bin/cvename.cgi?name=CVE-2024-25062",
            "https://gitlab.gnome.org/GNOME/libxml2/-/issues/604",
            "https://gitlab.gnome.org/GNOME/libxml2/-/tags",
            "https://nvd.nist.gov/vuln/detail/CVE-2024-25062",
            "https://www.cve.org/CVERecord?id=CVE-2024-25062"
          ],
          "PublishedDate": "2024-02-04T16:15:45.12Z",
          "LastModifiedDate": "2024-02-13T00:40:40.503Z"
        }
      ]
    }
  ]
}
