{
  "SchemaVersion": 2,
  "CreatedAt": "2024-02-25T14:22:46.230683278Z",
  "ArtifactName": "linuxserver/swag:latest",
  "ArtifactType": "container_image",
  "Metadata": {
    "OS": {
      "Family": "alpine",
      "Name": "3.19.1"
    },
    "ImageID": "sha256:59a8f03c63a099ab2cdd2c696a556282aaf52dc6561e95529bb41cb3d47866c1",
    "DiffIDs": [
      "sha256:01fd502f0720e66d57cc0139ed6862b154bdd4a0429b2733670277dbfb968f3c",
      "sha256:bf27900f6443e5f1b530609ec5570e0256b1a20a5df38fdbdf1d17ffb6b826e6",
      "sha256:691621f13fd540a9fb87e2e9d4a9b87a84107bce3621bfdb0db2d7cbb05ec4b9",
      "sha256:1f34686be733fc4f868bf7a30c139ddee21200b847a45828e840f2a1e5117464",
      "sha256:fe56a5801ec1aef7b4797373f4df36285eb680d8a452e36eb8a966ba7b3d335d",
      "sha256:8e8be8eb9f2560eafce66e04ab4fab97c871c1ff4e5ff13824be73c5bdbc40a3",
      "sha256:b3ad34c3ba50eafa5f151022cd3eecd258f620be9ffdeccb54a5b72abfff320d",
      "sha256:acba428a98d5f37d5267f1298920492e3388e753bbedce34d5e0c517adb2c224",
      "sha256:a023cfe1864dda202487e976a5154e6f630e4c0a2f44c4697af21533f2db98e4"
    ],
    "RepoTags": [
      "linuxserver/swag:latest"
    ],
    "RepoDigests": [
      "linuxserver/swag@sha256:ad0784c376eb8ef67a97f27516d864d01f17bf6ae0752afd65549543a5cee56f"
    ],
    "ImageConfig": {
      "architecture": "amd64",
      "created": "2024-02-24T03:29:59.78037621Z",
      "history": [
        {
          "created": "2024-02-03T13:30:21Z",
          "created_by": "COPY /root-out/ / # buildkit",
          "comment": "buildkit.dockerfile.v0"
        },
        {
          "created": "2024-02-03T13:30:21Z",
          "created_by": "ARG BUILD_DATE",
          "comment": "buildkit.dockerfile.v0",
          "empty_layer": true
        },
        {
          "created": "2024-02-03T13:30:21Z",
          "created_by": "ARG VERSION",
          "comment": "buildkit.dockerfile.v0",
          "empty_layer": true
        },
        {
          "created": "2024-02-03T13:30:21Z",
          "created_by": "ARG MODS_VERSION=v3",
          "comment": "buildkit.dockerfile.v0",
          "empty_layer": true
        },
        {
          "created": "2024-02-03T13:30:21Z",
          "created_by": "ARG PKG_INST_VERSION=v1",
          "comment": "buildkit.dockerfile.v0",
          "empty_layer": true
        },
        {
          "created": "2024-02-03T13:30:21Z",
          "created_by": "LABEL build_version=Linuxserver.io version:- 8da559a6-ls7 Build-date:- 2024-02-03T13:28:02+00:00",
          "comment": "buildkit.dockerfile.v0",
          "empty_layer": true
        },
        {
          "created": "2024-02-03T13:30:21Z",
          "created_by": "LABEL maintainer=TheLamer",
          "comment": "buildkit.dockerfile.v0",
          "empty_layer": true
        },
        {
          "created": "2024-02-03T13:30:21Z",
          "created_by": "ADD https://raw.githubusercontent.com/linuxserver/docker-mods/mod-scripts/docker-mods.v3 /docker-mods # buildkit",
          "comment": "buildkit.dockerfile.v0"
        },
        {
          "created": "2024-02-03T13:30:21Z",
          "created_by": "ADD https://raw.githubusercontent.com/linuxserver/docker-mods/mod-scripts/package-install.v1 /etc/s6-overlay/s6-rc.d/init-mods-package-install/run # buildkit",
          "comment": "buildkit.dockerfile.v0"
        },
        {
          "created": "2024-02-03T13:30:21Z",
          "created_by": "ENV PS1=$(whoami)@$(hostname):$(pwd)\\$  HOME=/root TERM=xterm S6_CMD_WAIT_FOR_SERVICES_MAXTIME=0 S6_VERBOSITY=1 S6_STAGE2_HOOK=/docker-mods VIRTUAL_ENV=/lsiopy PATH=/lsiopy/bin:/usr/local/sbin:/usr/local/bin:/usr/sbin:/usr/bin:/sbin:/bin",
          "comment": "buildkit.dockerfile.v0",
          "empty_layer": true
        },
        {
          "created": "2024-02-03T13:30:23Z",
          "created_by": "RUN |4 BUILD_DATE=2024-02-03T13:28:02+00:00 VERSION=8da559a6-ls7 MODS_VERSION=v3 PKG_INST_VERSION=v1 /bin/sh -c echo \"**** install runtime packages ****\" \u0026\u0026   apk add --no-cache     alpine-release     bash     ca-certificates     coreutils     curl     jq     netcat-openbsd     procps-ng     shadow     tzdata \u0026\u0026   echo \"**** create abc user and make our folders ****\" \u0026\u0026   groupmod -g 1000 users \u0026\u0026   useradd -u 911 -U -d /config -s /bin/false abc \u0026\u0026   usermod -G users abc \u0026\u0026   mkdir -p     /app     /config     /defaults     /lsiopy \u0026\u0026   echo \"**** cleanup ****\" \u0026\u0026   rm -rf     /tmp/* # buildkit",
          "comment": "buildkit.dockerfile.v0"
        },
        {
          "created": "2024-02-03T13:30:24Z",
          "created_by": "COPY root/ / # buildkit",
          "comment": "buildkit.dockerfile.v0"
        },
        {
          "created": "2024-02-03T13:30:24Z",
          "created_by": "ENTRYPOINT [\"/init\"]",
          "comment": "buildkit.dockerfile.v0",
          "empty_layer": true
        },
        {
          "created": "2024-02-22T18:53:38Z",
          "created_by": "ARG BUILD_DATE",
          "comment": "buildkit.dockerfile.v0",
          "empty_layer": true
        },
        {
          "created": "2024-02-22T18:53:38Z",
          "created_by": "ARG VERSION",
          "comment": "buildkit.dockerfile.v0",
          "empty_layer": true
        },
        {
          "created": "2024-02-22T18:53:38Z",
          "created_by": "LABEL build_version=Linuxserver.io version:- 1.24.0-r15_8.3.3-r0-ls9 Build-date:- 2024-02-22T18:52:24+00:00",
          "comment": "buildkit.dockerfile.v0",
          "empty_layer": true
        },
        {
          "created": "2024-02-22T18:53:38Z",
          "created_by": "LABEL maintainer=nemchik",
          "comment": "buildkit.dockerfile.v0",
          "empty_layer": true
        },
        {
          "created": "2024-02-22T18:53:38Z",
          "created_by": "RUN |2 BUILD_DATE=2024-02-22T18:52:24+00:00 VERSION=1.24.0-r15_8.3.3-r0-ls9 /bin/sh -c echo \"**** install build packages ****\" \u0026\u0026   apk add --no-cache     apache2-utils     git     logrotate     nano     nginx     openssl     php83     php83-ctype     php83-curl     php83-fileinfo     php83-fpm     php83-iconv     php83-json     php83-mbstring     php83-openssl     php83-phar     php83-session     php83-simplexml     php83-xml     php83-xmlwriter     php83-zip     php83-zlib \u0026\u0026   echo \"**** configure nginx ****\" \u0026\u0026   echo 'fastcgi_param  HTTP_PROXY         \"\"; # https://httpoxy.org/' \u003e\u003e     /etc/nginx/fastcgi_params \u0026\u0026   echo 'fastcgi_param  PATH_INFO          $fastcgi_path_info; # http://nginx.org/en/docs/http/ngx_http_fastcgi_module.html#fastcgi_split_path_info' \u003e\u003e     /etc/nginx/fastcgi_params \u0026\u0026   echo 'fastcgi_param  SCRIPT_FILENAME    $document_root$fastcgi_script_name; # https://www.nginx.com/resources/wiki/start/topics/examples/phpfcgi/#connecting-nginx-to-php-fpm' \u003e\u003e     /etc/nginx/fastcgi_params \u0026\u0026   echo 'fastcgi_param  SERVER_NAME        $host; # Send HTTP_HOST as SERVER_NAME. If HTTP_HOST is blank, send the value of server_name from nginx (default is `_`)' \u003e\u003e     /etc/nginx/fastcgi_params \u0026\u0026   rm -f /etc/nginx/conf.d/stream.conf \u0026\u0026   rm -f /etc/nginx/http.d/default.conf \u0026\u0026   echo \"**** guarantee correct php version is symlinked ****\" \u0026\u0026   if [ \"$(readlink /usr/bin/php)\" != \"php83\" ]; then     rm -rf /usr/bin/php \u0026\u0026     ln -s /usr/bin/php83 /usr/bin/php;   fi \u0026\u0026   echo \"**** configure php ****\" \u0026\u0026   sed -i \"s#;error_log = log/php83/error.log.*#error_log = /config/log/php/error.log#g\"     /etc/php83/php-fpm.conf \u0026\u0026   sed -i \"s#user = nobody.*#user = abc#g\"     /etc/php83/php-fpm.d/www.conf \u0026\u0026   sed -i \"s#group = nobody.*#group = abc#g\"     /etc/php83/php-fpm.d/www.conf \u0026\u0026   echo \"**** install php composer ****\" \u0026\u0026   EXPECTED_CHECKSUM=\"$(php -r 'copy(\"https://composer.github.io/installer.sig\", \"php://stdout\");')\" \u0026\u0026   php -r \"copy('https://getcomposer.org/installer', 'composer-setup.php');\" \u0026\u0026   ACTUAL_CHECKSUM=\"$(php -r \"echo hash_file('sha384', 'composer-setup.php');\")\" \u0026\u0026   if [ \"$EXPECTED_CHECKSUM\" != \"$ACTUAL_CHECKSUM\" ]; then       \u003e\u00262 echo 'ERROR: Invalid installer checksum' \u0026\u0026       rm composer-setup.php \u0026\u0026       exit 1;   fi \u0026\u0026   php composer-setup.php --install-dir=/usr/bin \u0026\u0026   rm composer-setup.php \u0026\u0026   ln -s /usr/bin/composer.phar /usr/bin/composer \u0026\u0026   echo \"**** fix logrotate ****\" \u0026\u0026   sed -i \"s#/var/log/messages {}.*# #g\"     /etc/logrotate.conf \u0026\u0026   sed -i 's#/usr/sbin/logrotate /etc/logrotate.conf#/usr/sbin/logrotate /etc/logrotate.conf -s /config/log/logrotate.status#g'     /etc/periodic/daily/logrotate # buildkit",
          "comment": "buildkit.dockerfile.v0"
        },
        {
          "created": "2024-02-22T18:53:39Z",
          "created_by": "COPY root/ / # buildkit",
          "comment": "buildkit.dockerfile.v0"
        },
        {
          "created": "2024-02-22T18:53:39Z",
          "created_by": "EXPOSE map[443/tcp:{} 80/tcp:{}]",
          "comment": "buildkit.dockerfile.v0",
          "empty_layer": true
        },
        {
          "created": "2024-02-24T03:29:59Z",
          "created_by": "ENV LSIO_FIRST_PARTY=true",
          "comment": "buildkit.dockerfile.v0",
          "empty_layer": true
        },
        {
          "created": "2024-02-24T03:29:59Z",
          "created_by": "ARG BUILD_DATE",
          "comment": "buildkit.dockerfile.v0",
          "empty_layer": true
        },
        {
          "created": "2024-02-24T03:29:59Z",
          "created_by": "ARG VERSION",
          "comment": "buildkit.dockerfile.v0",
          "empty_layer": true
        },
        {
          "created": "2024-02-24T03:29:59Z",
          "created_by": "ARG CERTBOT_VERSION",
          "comment": "buildkit.dockerfile.v0",
          "empty_layer": true
        },
        {
          "created": "2024-02-24T03:29:59Z",
          "created_by": "LABEL build_version=Linuxserver.io version:- 2.9.0-ls279 Build-date:- 2024-02-24T03:26:30+00:00",
          "comment": "buildkit.dockerfile.v0",
          "empty_layer": true
        },
        {
          "created": "2024-02-24T03:29:59Z",
          "created_by": "LABEL maintainer=nemchik",
          "comment": "buildkit.dockerfile.v0",
          "empty_layer": true
        },
        {
          "created": "2024-02-24T03:29:59Z",
          "created_by": "ENV DHLEVEL=2048 ONLY_SUBDOMAINS=false AWS_CONFIG_FILE=/config/dns-conf/route53.ini",
          "comment": "buildkit.dockerfile.v0",
          "empty_layer": true
        },
        {
          "created": "2024-02-24T03:29:59Z",
          "created_by": "ENV S6_BEHAVIOUR_IF_STAGE2_FAILS=2",
          "comment": "buildkit.dockerfile.v0",
          "empty_layer": true
        },
        {
          "created": "2024-02-24T03:29:59Z",
          "created_by": "RUN |3 BUILD_DATE=2024-02-24T03:26:30+00:00 VERSION=2.9.0-ls279 CERTBOT_VERSION=2.9.0 /bin/sh -c echo \"**** install build packages ****\" \u0026\u0026   apk add --no-cache --virtual=build-dependencies     build-base     cargo     libffi-dev     libxml2-dev     libxslt-dev     openssl-dev     python3-dev \u0026\u0026   echo \"**** install runtime packages ****\" \u0026\u0026   apk add --no-cache     fail2ban     gnupg     memcached     nginx-mod-http-brotli     nginx-mod-http-dav-ext     nginx-mod-http-echo     nginx-mod-http-fancyindex     nginx-mod-http-geoip2     nginx-mod-http-headers-more     nginx-mod-http-image-filter     nginx-mod-http-perl     nginx-mod-http-redis2     nginx-mod-http-set-misc     nginx-mod-http-upload-progress     nginx-mod-http-xslt-filter     nginx-mod-mail     nginx-mod-rtmp     nginx-mod-stream     nginx-mod-stream-geoip2     nginx-vim     php83-bcmath     php83-bz2     php83-dom     php83-exif     php83-ftp     php83-gd     php83-gmp     php83-imap     php83-intl     php83-ldap     php83-mysqli     php83-mysqlnd     php83-opcache     php83-pdo_mysql     php83-pdo_odbc     php83-pdo_pgsql     php83-pdo_sqlite     php83-pear     php83-pecl-apcu     php83-pecl-memcached     php83-pecl-redis     php83-pgsql     php83-posix     php83-soap     php83-sockets     php83-sodium     php83-sqlite3     php83-tokenizer     php83-xmlreader     php83-xsl     whois \u0026\u0026   apk add --no-cache --repository=http://dl-cdn.alpinelinux.org/alpine/edge/testing     php83-pecl-mcrypt \u0026\u0026   echo \"**** install certbot plugins ****\" \u0026\u0026   if [ -z ${CERTBOT_VERSION+x} ]; then     CERTBOT_VERSION=$(curl -sL  https://pypi.python.org/pypi/certbot/json |jq -r '. | .info.version');   fi \u0026\u0026   python3 -m venv /lsiopy \u0026\u0026   pip install -U --no-cache-dir     pip     wheel \u0026\u0026   pip install -U --no-cache-dir --find-links https://wheel-index.linuxserver.io/alpine-3.19/     certbot==${CERTBOT_VERSION}     certbot-dns-acmedns     certbot-dns-aliyun     certbot-dns-azure     certbot-dns-bunny     certbot-dns-cloudflare     certbot-dns-cpanel     certbot-dns-desec     certbot-dns-digitalocean     certbot-dns-directadmin     certbot-dns-dnsimple     certbot-dns-dnsmadeeasy     certbot-dns-dnspod     certbot-dns-do     certbot-dns-domeneshop     certbot-dns-dreamhost     certbot-dns-duckdns     certbot-dns-freedns     certbot-dns-gehirn     certbot-dns-glesys     certbot-dns-godaddy     certbot-dns-google     certbot-dns-google-domains     certbot-dns-he     certbot-dns-hetzner     certbot-dns-infomaniak     certbot-dns-inwx     certbot-dns-ionos     certbot-dns-linode     certbot-dns-loopia     certbot-dns-luadns     certbot-dns-namecheap     certbot-dns-netcup     certbot-dns-njalla     certbot-dns-nsone     certbot-dns-ovh     certbot-dns-porkbun     certbot-dns-rfc2136     certbot-dns-route53     certbot-dns-sakuracloud     certbot-dns-standalone     certbot-dns-transip     certbot-dns-vultr     certbot-plugin-gandi     cryptography     future     requests \u0026\u0026   echo \"**** enable OCSP stapling from base ****\" \u0026\u0026   sed -i     's|#ssl_stapling on;|ssl_stapling on;|'     /defaults/nginx/ssl.conf.sample \u0026\u0026   sed -i     's|#ssl_stapling_verify on;|ssl_stapling_verify on;|'     /defaults/nginx/ssl.conf.sample \u0026\u0026   sed -i     's|#ssl_trusted_certificate /config/keys/cert.crt;|ssl_trusted_certificate /config/keys/cert.crt;|'     /defaults/nginx/ssl.conf.sample \u0026\u0026   echo \"**** correct ip6tables legacy issue ****\" \u0026\u0026   rm     /sbin/ip6tables \u0026\u0026   ln -s     /sbin/ip6tables-nft /sbin/ip6tables \u0026\u0026   echo \"**** remove unnecessary fail2ban filters ****\" \u0026\u0026   rm     /etc/fail2ban/jail.d/alpine-ssh.conf \u0026\u0026   echo \"**** copy fail2ban default action and filter to /defaults ****\" \u0026\u0026   mkdir -p /defaults/fail2ban \u0026\u0026   mv /etc/fail2ban/action.d /defaults/fail2ban/ \u0026\u0026   mv /etc/fail2ban/filter.d /defaults/fail2ban/ \u0026\u0026   echo \"**** define allowipv6 to silence warning ****\" \u0026\u0026   sed -i 's/#allowipv6 = auto/allowipv6 = auto/g' /etc/fail2ban/fail2ban.conf \u0026\u0026   echo \"**** copy proxy confs to /defaults ****\" \u0026\u0026   mkdir -p     /defaults/nginx/proxy-confs \u0026\u0026   curl -o     /tmp/proxy-confs.tar.gz -L     \"https://github.com/linuxserver/reverse-proxy-confs/tarball/master\" \u0026\u0026   tar xf     /tmp/proxy-confs.tar.gz -C     /defaults/nginx/proxy-confs --strip-components=1 --exclude=linux*/.editorconfig --exclude=linux*/.gitattributes --exclude=linux*/.github --exclude=linux*/.gitignore --exclude=linux*/LICENSE \u0026\u0026   echo \"**** cleanup ****\" \u0026\u0026   apk del --purge     build-dependencies \u0026\u0026   rm -rf     /tmp/*     $HOME/.cache     $HOME/.cargo # buildkit",
          "comment": "buildkit.dockerfile.v0"
        },
        {
          "created": "2024-02-24T03:29:59Z",
          "created_by": "COPY root/ / # buildkit",
          "comment": "buildkit.dockerfile.v0"
        },
        {
          "created": "2024-02-24T03:29:59Z",
          "created_by": "EXPOSE map[443/tcp:{} 80/tcp:{}]",
          "comment": "buildkit.dockerfile.v0",
          "empty_layer": true
        },
        {
          "created": "2024-02-24T03:29:59Z",
          "created_by": "VOLUME [/config]",
          "comment": "buildkit.dockerfile.v0",
          "empty_layer": true
        }
      ],
      "os": "linux",
      "rootfs": {
        "type": "layers",
        "diff_ids": [
          "sha256:01fd502f0720e66d57cc0139ed6862b154bdd4a0429b2733670277dbfb968f3c",
          "sha256:bf27900f6443e5f1b530609ec5570e0256b1a20a5df38fdbdf1d17ffb6b826e6",
          "sha256:691621f13fd540a9fb87e2e9d4a9b87a84107bce3621bfdb0db2d7cbb05ec4b9",
          "sha256:1f34686be733fc4f868bf7a30c139ddee21200b847a45828e840f2a1e5117464",
          "sha256:fe56a5801ec1aef7b4797373f4df36285eb680d8a452e36eb8a966ba7b3d335d",
          "sha256:8e8be8eb9f2560eafce66e04ab4fab97c871c1ff4e5ff13824be73c5bdbc40a3",
          "sha256:b3ad34c3ba50eafa5f151022cd3eecd258f620be9ffdeccb54a5b72abfff320d",
          "sha256:acba428a98d5f37d5267f1298920492e3388e753bbedce34d5e0c517adb2c224",
          "sha256:a023cfe1864dda202487e976a5154e6f630e4c0a2f44c4697af21533f2db98e4"
        ]
      },
      "config": {
        "Entrypoint": [
          "/init"
        ],
        "Env": [
          "PATH=/lsiopy/bin:/usr/local/sbin:/usr/local/bin:/usr/sbin:/usr/bin:/sbin:/bin",
          "PS1=$(whoami)@$(hostname):$(pwd)\\$ ",
          "HOME=/root",
          "TERM=xterm",
          "S6_CMD_WAIT_FOR_SERVICES_MAXTIME=0",
          "S6_VERBOSITY=1",
          "S6_STAGE2_HOOK=/docker-mods",
          "VIRTUAL_ENV=/lsiopy",
          "LSIO_FIRST_PARTY=true",
          "DHLEVEL=2048",
          "ONLY_SUBDOMAINS=false",
          "AWS_CONFIG_FILE=/config/dns-conf/route53.ini",
          "S6_BEHAVIOUR_IF_STAGE2_FAILS=2"
        ],
        "Labels": {
          "build_version": "Linuxserver.io version:- 2.9.0-ls279 Build-date:- 2024-02-24T03:26:30+00:00",
          "maintainer": "nemchik",
          "org.opencontainers.image.authors": "linuxserver.io",
          "org.opencontainers.image.created": "2024-02-24T03:26:30+00:00",
          "org.opencontainers.image.description": "SWAG - Secure Web Application Gateway (formerly known as letsencrypt, no relation to Let's Encrypt™) sets up an Nginx webserver and reverse proxy with php support and a built-in certbot client that automates free SSL server certificate generation and renewal processes (Let's Encrypt and ZeroSSL). It also contains fail2ban for intrusion prevention.",
          "org.opencontainers.image.documentation": "https://docs.linuxserver.io/images/docker-swag",
          "org.opencontainers.image.licenses": "GPL-3.0-only",
          "org.opencontainers.image.ref.name": "e8d452f4ce797a20d90df435056d5168f5db1842",
          "org.opencontainers.image.revision": "e8d452f4ce797a20d90df435056d5168f5db1842",
          "org.opencontainers.image.source": "https://github.com/linuxserver/docker-swag",
          "org.opencontainers.image.title": "Swag",
          "org.opencontainers.image.url": "https://github.com/linuxserver/docker-swag/packages",
          "org.opencontainers.image.vendor": "linuxserver.io",
          "org.opencontainers.image.version": "2.9.0-ls279"
        },
        "Volumes": {
          "/config": {}
        },
        "WorkingDir": "/"
      }
    }
  },
  "Results": [
    {
      "Target": "linuxserver/swag:latest (alpine 3.19.1)",
      "Class": "os-pkgs",
      "Type": "alpine"
    },
    {
      "Target": "Python",
      "Class": "lang-pkgs",
      "Type": "python-pkg",
      "Vulnerabilities": [
        {
          "VulnerabilityID": "CVE-2023-26112",
          "PkgName": "configobj",
          "PkgPath": "lsiopy/lib/python3.11/site-packages/configobj-5.0.8.dist-info/METADATA",
          "PkgIdentifier": {
            "PURL": "pkg:pypi/configobj@5.0.8"
          },
          "InstalledVersion": "5.0.8",
          "Status": "affected",
          "Layer": {
            "DiffID": "sha256:acba428a98d5f37d5267f1298920492e3388e753bbedce34d5e0c517adb2c224"
          },
          "SeveritySource": "ghsa",
          "PrimaryURL": "https://avd.aquasec.com/nvd/cve-2023-26112",
          "DataSource": {
            "ID": "ghsa",
            "Name": "GitHub Security Advisory pip",
            "URL": "https://github.com/advisories?query=type%3Areviewed+ecosystem%3Apip"
          },
          "Title": "python-configobj: Regular expression denial of service exists in ./src/configobj/validate.py",
          "Description": "All versions of the package configobj are vulnerable to Regular Expression Denial of Service (ReDoS) via the validate function, using (.+?)\\((.*)\\).\r\r**Note:** This is only exploitable in the case of a developer, putting the offending value in a server side configuration file.\r\r",
          "Severity": "LOW",
          "CweIDs": [
            "CWE-1333"
          ],
          "VendorSeverity": {
            "amazon": 1,
            "ghsa": 1,
            "nvd": 2,
            "redhat": 2,
            "ubuntu": 1
          },
          "CVSS": {
            "ghsa": {
              "V3Vector": "CVSS:3.1/AV:N/AC:H/PR:N/UI:N/S:U/C:N/I:N/A:L",
              "V3Score": 3.7
            },
            "nvd": {
              "V3Vector": "CVSS:3.1/AV:N/AC:H/PR:N/UI:N/S:U/C:N/I:N/A:H",
              "V3Score": 5.9
            },
            "redhat": {
              "V3Vector": "CVSS:3.1/AV:N/AC:H/PR:N/UI:N/S:U/C:N/I:N/A:H",
              "V3Score": 5.9
            }
          },
          "References": [
            "https://access.redhat.com/security/cve/CVE-2023-26112",
            "https://cve.mitre.org/cgi-bin/cvename.cgi?name=CVE-2023-26112",
            "https://github.com/DiffSK/configobj",
            "https://github.com/DiffSK/configobj/issues/232",
            "https://lists.fedoraproject.org/archives/list/package-announce@lists.fedoraproject.org/message/6BO4RLMYEJODCNUE3DJIIUUFVTPAG6VN",
            "https://lists.fedoraproject.org/archives/list/package-announce@lists.fedoraproject.org/message/6BO4RLMYEJODCNUE3DJIIUUFVTPAG6VN/",
            "https://lists.fedoraproject.org/archives/list/package-announce@lists.fedoraproject.org/message/NZHY7B33EFY4LESP2NI4APQUPRROTAZK",
            "https://lists.fedoraproject.org/archives/list/package-announce@lists.fedoraproject.org/message/NZHY7B33EFY4LESP2NI4APQUPRROTAZK/",
            "https://lists.fedoraproject.org/archives/list/package-announce@lists.fedoraproject.org/message/PYU4IHVLOTYMFPH7KDOJGKZQR4GKWPFK",
            "https://lists.fedoraproject.org/archives/list/package-announce@lists.fedoraproject.org/message/PYU4IHVLOTYMFPH7KDOJGKZQR4GKWPFK/",
            "https://nvd.nist.gov/vuln/detail/CVE-2023-26112",
            "https://security.snyk.io/vuln/SNYK-PYTHON-CONFIGOBJ-3252494",
            "https://www.cve.org/CVERecord?id=CVE-2023-26112"
          ],
          "PublishedDate": "2023-04-03T05:15:07.753Z",
          "LastModifiedDate": "2023-11-07T04:09:21.94Z"
        },
        {
          "VulnerabilityID": "CVE-2022-40897",
          "PkgName": "setuptools",
          "PkgPath": "lsiopy/lib/python3.11/site-packages/setuptools-65.5.0.dist-info/METADATA",
          "PkgIdentifier": {
            "PURL": "pkg:pypi/setuptools@65.5.0"
          },
          "InstalledVersion": "65.5.0",
          "FixedVersion": "65.5.1",
          "Status": "fixed",
          "Layer": {
            "DiffID": "sha256:acba428a98d5f37d5267f1298920492e3388e753bbedce34d5e0c517adb2c224"
          },
          "SeveritySource": "ghsa",
          "PrimaryURL": "https://avd.aquasec.com/nvd/cve-2022-40897",
          "DataSource": {
            "ID": "ghsa",
            "Name": "GitHub Security Advisory pip",
            "URL": "https://github.com/advisories?query=type%3Areviewed+ecosystem%3Apip"
          },
          "Title": "pypa-setuptools: Regular Expression Denial of Service (ReDoS) in package_index.py",
          "Description": "Python Packaging Authority (PyPA) setuptools before 65.5.1 allows remote attackers to cause a denial of service via HTML in a crafted package or custom PackageIndex page. There is a Regular Expression Denial of Service (ReDoS) in package_index.py.",
          "Severity": "HIGH",
          "CweIDs": [
            "CWE-1333"
          ],
          "VendorSeverity": {
            "alma": 2,
            "amazon": 2,
            "bitnami": 2,
            "cbl-mariner": 2,
            "ghsa": 3,
            "nvd": 2,
            "oracle-oval": 3,
            "photon": 2,
            "redhat": 2,
            "rocky": 2,
            "ubuntu": 2
          },
          "CVSS": {
            "bitnami": {
              "V3Vector": "CVSS:3.1/AV:N/AC:H/PR:N/UI:N/S:U/C:N/I:N/A:H",
              "V3Score": 5.9
            },
            "ghsa": {
              "V3Vector": "CVSS:3.1/AV:N/AC:L/PR:N/UI:N/S:U/C:N/I:N/A:H",
              "V3Score": 7.5
            },
            "nvd": {
              "V3Vector": "CVSS:3.1/AV:N/AC:H/PR:N/UI:N/S:U/C:N/I:N/A:H",
              "V3Score": 5.9
            },
            "redhat": {
              "V3Vector": "CVSS:3.1/AV:N/AC:H/PR:N/UI:N/S:U/C:N/I:N/A:H",
              "V3Score": 5.9
            }
          },
          "References": [
            "https://access.redhat.com/errata/RHSA-2023:0952",
            "https://access.redhat.com/security/cve/CVE-2022-40897",
            "https://bugzilla.redhat.com/2158559",
            "https://bugzilla.redhat.com/show_bug.cgi?id=2158559",
            "https://cve.mitre.org/cgi-bin/cvename.cgi?name=CVE-2022-40897",
            "https://errata.almalinux.org/9/ALSA-2023-0952.html",
            "https://errata.rockylinux.org/RLSA-2023:0952",
            "https://github.com/pypa/setuptools",
            "https://github.com/pypa/setuptools/blob/fe8a98e696241487ba6ac9f91faa38ade939ec5d/setuptools/package_index.py#L200",
            "https://github.com/pypa/setuptools/commit/43a9c9bfa6aa626ec2a22540bea28d2ca77964be",
            "https://github.com/pypa/setuptools/compare/v65.5.0...v65.5.1",
            "https://github.com/pypa/setuptools/issues/3659",
            "https://linux.oracle.com/cve/CVE-2022-40897.html",
            "https://linux.oracle.com/errata/ELSA-2023-12348.html",
            "https://lists.fedoraproject.org/archives/list/package-announce%40lists.fedoraproject.org/message/ADES3NLOE5QJKBLGNZNI2RGVOSQXA37R/",
            "https://lists.fedoraproject.org/archives/list/package-announce%40lists.fedoraproject.org/message/YNA2BAH2ACBZ4TVJZKFLCR7L23BG5C3H/",
            "https://lists.fedoraproject.org/archives/list/package-announce@lists.fedoraproject.org/message/ADES3NLOE5QJKBLGNZNI2RGVOSQXA37R",
            "https://lists.fedoraproject.org/archives/list/package-announce@lists.fedoraproject.org/message/YNA2BAH2ACBZ4TVJZKFLCR7L23BG5C3H",
            "https://nvd.nist.gov/vuln/detail/CVE-2022-40897",
            "https://pyup.io/posts/pyup-discovers-redos-vulnerabilities-in-top-python-packages",
            "https://pyup.io/posts/pyup-discovers-redos-vulnerabilities-in-top-python-packages/",
            "https://pyup.io/vulnerabilities/CVE-2022-40897/52495",
            "https://pyup.io/vulnerabilities/CVE-2022-40897/52495/",
            "https://security.netapp.com/advisory/ntap-20230214-0001",
            "https://security.netapp.com/advisory/ntap-20230214-0001/",
            "https://setuptools.pypa.io/en/latest",
            "https://ubuntu.com/security/notices/USN-5817-1",
            "https://www.cve.org/CVERecord?id=CVE-2022-40897"
          ],
          "PublishedDate": "2022-12-23T00:15:13.987Z",
          "LastModifiedDate": "2023-11-07T03:52:38.44Z"
        }
      ]
    },
    {
      "Target": "/lsiopy/lib/python3.11/site-packages/certbot_dns_google/__init__.py",
      "Class": "secret",
      "Secrets": [
        {
          "RuleID": "gcp-service-account",
          "Category": "Google",
          "Severity": "CRITICAL",
          "Title": "Google (GCP) Service-account",
          "StartLine": 68,
          "EndLine": 68,
          "Code": {
            "Lines": [
              {
                "Number": 66,
                "Content": "",
                "IsCause": false,
                "Annotation": "",
                "Truncated": false,
                "FirstCause": false,
                "LastCause": false
              },
              {
                "Number": 67,
                "Content": "   {",
                "IsCause": false,
                "Annotation": "",
                "Truncated": false,
                "Highlighted": "   {",
                "FirstCause": false,
                "LastCause": false
              },
              {
                "Number": 68,
                "Content": "      *************************,",
                "IsCause": true,
                "Annotation": "",
                "Truncated": false,
                "Highlighted": "      *************************,",
                "FirstCause": true,
                "LastCause": true
              },
              {
                "Number": 69,
                "Content": "      \"project_id\": \"...\",",
                "IsCause": false,
                "Annotation": "",
                "Truncated": false,
                "Highlighted": "      \"project_id\": \"...\",",
                "FirstCause": false,
                "LastCause": false
              }
            ]
          },
          "Match": "      *************************,",
          "Layer": {
            "DiffID": "sha256:acba428a98d5f37d5267f1298920492e3388e753bbedce34d5e0c517adb2c224",
            "CreatedBy": "RUN |3 BUILD_DATE=2024-02-24T03:26:30+00:00 VERSION=2.9.0-ls279 CERTBOT_VERSION=2.9.0 /bin/sh -c echo \"**** install build packages ****\" \u0026\u0026   apk add --no-cache --virtual=build-dependencies     build-base     cargo     libffi-dev     libxml2-dev     libxslt-dev     openssl-dev     python3-dev \u0026\u0026   echo \"**** install runtime packages ****\" \u0026\u0026   apk add --no-cache     fail2ban     gnupg     memcached     nginx-mod-http-brotli     nginx-mod-http-dav-ext     nginx-mod-http-echo     nginx-mod-http-fancyindex     nginx-mod-http-geoip2     nginx-mod-http-headers-more     nginx-mod-http-image-filter     nginx-mod-http-perl     nginx-mod-http-redis2     nginx-mod-http-set-misc     nginx-mod-http-upload-progress     nginx-mod-http-xslt-filter     nginx-mod-mail     nginx-mod-rtmp     nginx-mod-stream     nginx-mod-stream-geoip2     nginx-vim     php83-bcmath     php83-bz2     php83-dom     php83-exif     php83-ftp     php83-gd     php83-gmp     php83-imap     php83-intl     php83-ldap     php83-mysqli     php83-mysqlnd     php83-opcache     php83-pdo_mysql     php83-pdo_odbc     php83-pdo_pgsql     php83-pdo_sqlite     php83-pear     php83-pecl-apcu     php83-pecl-memcached     php83-pecl-redis     php83-pgsql     php83-posix     php83-soap     php83-sockets     php83-sodium     php83-sqlite3     php83-tokenizer     php83-xmlreader     php83-xsl     whois \u0026\u0026   apk add --no-cache --repository=http://dl-cdn.alpinelinux.org/alpine/edge/testing     php83-pecl-mcrypt \u0026\u0026   echo \"**** install certbot plugins ****\" \u0026\u0026   if [ -z ${CERTBOT_VERSION+x} ]; then     CERTBOT_VERSION=$(curl -sL  https://pypi.python.org/pypi/certbot/json |jq -r '. | .info.version');   fi \u0026\u0026   python3 -m venv /lsiopy \u0026\u0026   pip install -U --no-cache-dir     pip     wheel \u0026\u0026   pip install -U --no-cache-dir --find-links https://wheel-index.linuxserver.io/alpine-3.19/     certbot==${CERTBOT_VERSION}     certbot-dns-acmedns     certbot-dns-aliyun     certbot-dns-azure     certbot-dns-bunny     certbot-dns-cloudflare     certbot-dns-cpanel     certbot-dns-desec     certbot-dns-digitalocean     certbot-dns-directadmin     certbot-dns-dnsimple     certbot-dns-dnsmadeeasy     certbot-dns-dnspod     certbot-dns-do     certbot-dns-domeneshop     certbot-dns-dreamhost     certbot-dns-duckdns     certbot-dns-freedns     certbot-dns-gehirn     certbot-dns-glesys     certbot-dns-godaddy     certbot-dns-google     certbot-dns-google-domains     certbot-dns-he     certbot-dns-hetzner     certbot-dns-infomaniak     certbot-dns-inwx     certbot-dns-ionos     certbot-dns-linode     certbot-dns-loopia     certbot-dns-luadns     certbot-dns-namecheap     certbot-dns-netcup     certbot-dns-njalla     certbot-dns-nsone     certbot-dns-ovh     certbot-dns-porkbun     certbot-dns-rfc2136     certbot-dns-route53     certbot-dns-sakuracloud     certbot-dns-standalone     certbot-dns-transip     certbot-dns-vultr     certbot-plugin-gandi     cryptography     future     requests \u0026\u0026   echo \"**** enable OCSP stapling from base ****\" \u0026\u0026   sed -i     's|#ssl_stapling on;|ssl_stapling on;|'     /defaults/nginx/ssl.conf.sample \u0026\u0026   sed -i     's|#ssl_stapling_verify on;|ssl_stapling_verify on;|'     /defaults/nginx/ssl.conf.sample \u0026\u0026   sed -i     's|#ssl_trusted_certificate /config/keys/cert.crt;|ssl_trusted_certificate /config/keys/cert.crt;|'     /defaults/nginx/ssl.conf.sample \u0026\u0026   echo \"**** correct ip6tables legacy issue ****\" \u0026\u0026   rm     /sbin/ip6tables \u0026\u0026   ln -s     /sbin/ip6tables-nft /sbin/ip6tables \u0026\u0026   echo \"**** remove unnecessary fail2ban filters ****\" \u0026\u0026   rm     /etc/fail2ban/jail.d/alpine-ssh.conf \u0026\u0026   echo \"**** copy fail2ban default action and filter to /defaults ****\" \u0026\u0026   mkdir -p /defaults/fail2ban \u0026\u0026   mv /etc/fail2ban/action.d /defaults/fail2ban/ \u0026\u0026   mv /etc/fail2ban/filter.d /defaults/fail2ban/ \u0026\u0026   echo \"**** define allowipv6 to silence warning ****\" \u0026\u0026   sed -i 's/#allowipv6 = auto/allowipv6 = auto/g' /etc/fail2ban/fail2ban.conf \u0026\u0026   echo \"**** copy proxy confs to /defaults ****\" \u0026\u0026   mkdir -p     /defaults/nginx/proxy-confs \u0026\u0026   curl -o     /tmp/proxy-confs.tar.gz -L     \"https://github.com/linuxserver/reverse-proxy-confs/tarball/master\" \u0026\u0026   tar xf     /tmp/proxy-confs.tar.gz -C     /defaults/nginx/proxy-confs --strip-components=1 --exclude=linux*/.editorconfig --exclude=linux*/.gitattributes --exclude=linux*/.github --exclude=linux*/.gitignore --exclude=linux*/LICENSE \u0026\u0026   echo \"**** cleanup ****\" \u0026\u0026   apk del --purge     build-dependencies \u0026\u0026   rm -rf     /tmp/*     $HOME/.cache     $HOME/.cargo # buildkit"
          }
        }
      ]
    },
    {
      "Target": "/lsiopy/lib/python3.11/site-packages/googleapiclient/discovery_cache/documents/appengine.v1.json",
      "Class": "secret",
      "Secrets": [
        {
          "RuleID": "private-key",
          "Category": "AsymmetricPrivateKey",
          "Severity": "HIGH",
          "Title": "Asymmetric Private Key",
          "StartLine": 2021,
          "EndLine": 2021,
          "Code": {
            "Lines": [
              {
                "Number": 2019,
                "Content": "\"properties\": {",
                "IsCause": false,
                "Annotation": "",
                "Truncated": false,
                "Highlighted": "\"properties\": {",
                "FirstCause": false,
                "LastCause": false
              },
              {
                "Number": 2020,
                "Content": "\"privateKey\": {",
                "IsCause": false,
                "Annotation": "",
                "Truncated": false,
                "Highlighted": "\"privateKey\": {",
                "FirstCause": false,
                "LastCause": false
              },
              {
                "Number": 2021,
                "Content": "\"description\": \"Unencrypted PEM encoded RSA private key. This field is set once on certificate creation and then encrypted. The key size must be 2048 bits or fewer. Must include the header and footer. Example: -----BEGIN RSA PRIVATE KEY-----*-----END RSA PRIVATE KEY----- @InputOnly\",",
                "IsCause": true,
                "Annotation": "",
                "Truncated": false,
                "Highlighted": "\"description\": \"Unencrypted PEM encoded RSA private key. This field is set once on certificate creation and then encrypted. The key size must be 2048 bits or fewer. Must include the header and footer. Example: -----BEGIN RSA PRIVATE KEY-----*-----END RSA PRIVATE KEY----- @InputOnly\",",
                "FirstCause": true,
                "LastCause": true
              },
              {
                "Number": 2022,
                "Content": "\"type\": \"string\"",
                "IsCause": false,
                "Annotation": "",
                "Truncated": false,
                "Highlighted": "\"type\": \"string\"",
                "FirstCause": false,
                "LastCause": false
              }
            ]
          },
          "Match": "----BEGIN RSA PRIVATE KEY-----*-----END RSA PRIVATE",
          "Layer": {
            "DiffID": "sha256:acba428a98d5f37d5267f1298920492e3388e753bbedce34d5e0c517adb2c224",
            "CreatedBy": "RUN |3 BUILD_DATE=2024-02-24T03:26:30+00:00 VERSION=2.9.0-ls279 CERTBOT_VERSION=2.9.0 /bin/sh -c echo \"**** install build packages ****\" \u0026\u0026   apk add --no-cache --virtual=build-dependencies     build-base     cargo     libffi-dev     libxml2-dev     libxslt-dev     openssl-dev     python3-dev \u0026\u0026   echo \"**** install runtime packages ****\" \u0026\u0026   apk add --no-cache     fail2ban     gnupg     memcached     nginx-mod-http-brotli     nginx-mod-http-dav-ext     nginx-mod-http-echo     nginx-mod-http-fancyindex     nginx-mod-http-geoip2     nginx-mod-http-headers-more     nginx-mod-http-image-filter     nginx-mod-http-perl     nginx-mod-http-redis2     nginx-mod-http-set-misc     nginx-mod-http-upload-progress     nginx-mod-http-xslt-filter     nginx-mod-mail     nginx-mod-rtmp     nginx-mod-stream     nginx-mod-stream-geoip2     nginx-vim     php83-bcmath     php83-bz2     php83-dom     php83-exif     php83-ftp     php83-gd     php83-gmp     php83-imap     php83-intl     php83-ldap     php83-mysqli     php83-mysqlnd     php83-opcache     php83-pdo_mysql     php83-pdo_odbc     php83-pdo_pgsql     php83-pdo_sqlite     php83-pear     php83-pecl-apcu     php83-pecl-memcached     php83-pecl-redis     php83-pgsql     php83-posix     php83-soap     php83-sockets     php83-sodium     php83-sqlite3     php83-tokenizer     php83-xmlreader     php83-xsl     whois \u0026\u0026   apk add --no-cache --repository=http://dl-cdn.alpinelinux.org/alpine/edge/testing     php83-pecl-mcrypt \u0026\u0026   echo \"**** install certbot plugins ****\" \u0026\u0026   if [ -z ${CERTBOT_VERSION+x} ]; then     CERTBOT_VERSION=$(curl -sL  https://pypi.python.org/pypi/certbot/json |jq -r '. | .info.version');   fi \u0026\u0026   python3 -m venv /lsiopy \u0026\u0026   pip install -U --no-cache-dir     pip     wheel \u0026\u0026   pip install -U --no-cache-dir --find-links https://wheel-index.linuxserver.io/alpine-3.19/     certbot==${CERTBOT_VERSION}     certbot-dns-acmedns     certbot-dns-aliyun     certbot-dns-azure     certbot-dns-bunny     certbot-dns-cloudflare     certbot-dns-cpanel     certbot-dns-desec     certbot-dns-digitalocean     certbot-dns-directadmin     certbot-dns-dnsimple     certbot-dns-dnsmadeeasy     certbot-dns-dnspod     certbot-dns-do     certbot-dns-domeneshop     certbot-dns-dreamhost     certbot-dns-duckdns     certbot-dns-freedns     certbot-dns-gehirn     certbot-dns-glesys     certbot-dns-godaddy     certbot-dns-google     certbot-dns-google-domains     certbot-dns-he     certbot-dns-hetzner     certbot-dns-infomaniak     certbot-dns-inwx     certbot-dns-ionos     certbot-dns-linode     certbot-dns-loopia     certbot-dns-luadns     certbot-dns-namecheap     certbot-dns-netcup     certbot-dns-njalla     certbot-dns-nsone     certbot-dns-ovh     certbot-dns-porkbun     certbot-dns-rfc2136     certbot-dns-route53     certbot-dns-sakuracloud     certbot-dns-standalone     certbot-dns-transip     certbot-dns-vultr     certbot-plugin-gandi     cryptography     future     requests \u0026\u0026   echo \"**** enable OCSP stapling from base ****\" \u0026\u0026   sed -i     's|#ssl_stapling on;|ssl_stapling on;|'     /defaults/nginx/ssl.conf.sample \u0026\u0026   sed -i     's|#ssl_stapling_verify on;|ssl_stapling_verify on;|'     /defaults/nginx/ssl.conf.sample \u0026\u0026   sed -i     's|#ssl_trusted_certificate /config/keys/cert.crt;|ssl_trusted_certificate /config/keys/cert.crt;|'     /defaults/nginx/ssl.conf.sample \u0026\u0026   echo \"**** correct ip6tables legacy issue ****\" \u0026\u0026   rm     /sbin/ip6tables \u0026\u0026   ln -s     /sbin/ip6tables-nft /sbin/ip6tables \u0026\u0026   echo \"**** remove unnecessary fail2ban filters ****\" \u0026\u0026   rm     /etc/fail2ban/jail.d/alpine-ssh.conf \u0026\u0026   echo \"**** copy fail2ban default action and filter to /defaults ****\" \u0026\u0026   mkdir -p /defaults/fail2ban \u0026\u0026   mv /etc/fail2ban/action.d /defaults/fail2ban/ \u0026\u0026   mv /etc/fail2ban/filter.d /defaults/fail2ban/ \u0026\u0026   echo \"**** define allowipv6 to silence warning ****\" \u0026\u0026   sed -i 's/#allowipv6 = auto/allowipv6 = auto/g' /etc/fail2ban/fail2ban.conf \u0026\u0026   echo \"**** copy proxy confs to /defaults ****\" \u0026\u0026   mkdir -p     /defaults/nginx/proxy-confs \u0026\u0026   curl -o     /tmp/proxy-confs.tar.gz -L     \"https://github.com/linuxserver/reverse-proxy-confs/tarball/master\" \u0026\u0026   tar xf     /tmp/proxy-confs.tar.gz -C     /defaults/nginx/proxy-confs --strip-components=1 --exclude=linux*/.editorconfig --exclude=linux*/.gitattributes --exclude=linux*/.github --exclude=linux*/.gitignore --exclude=linux*/LICENSE \u0026\u0026   echo \"**** cleanup ****\" \u0026\u0026   apk del --purge     build-dependencies \u0026\u0026   rm -rf     /tmp/*     $HOME/.cache     $HOME/.cargo # buildkit"
          }
        }
      ]
    },
    {
      "Target": "/lsiopy/lib/python3.11/site-packages/googleapiclient/discovery_cache/documents/appengine.v1alpha.json",
      "Class": "secret",
      "Secrets": [
        {
          "RuleID": "private-key",
          "Category": "AsymmetricPrivateKey",
          "Severity": "HIGH",
          "Title": "Asymmetric Private Key",
          "StartLine": 964,
          "EndLine": 964,
          "Code": {
            "Lines": [
              {
                "Number": 962,
                "Content": "\"properties\": {",
                "IsCause": false,
                "Annotation": "",
                "Truncated": false,
                "Highlighted": "\"properties\": {",
                "FirstCause": false,
                "LastCause": false
              },
              {
                "Number": 963,
                "Content": "\"privateKey\": {",
                "IsCause": false,
                "Annotation": "",
                "Truncated": false,
                "Highlighted": "\"privateKey\": {",
                "FirstCause": false,
                "LastCause": false
              },
              {
                "Number": 964,
                "Content": "\"description\": \"Unencrypted PEM encoded RSA private key. This field is set once on certificate creation and then encrypted. The key size must be 2048 bits or fewer. Must include the header and footer. Example: -----BEGIN RSA PRIVATE KEY-----*-----END RSA PRIVATE KEY----- @InputOnly\",",
                "IsCause": true,
                "Annotation": "",
                "Truncated": false,
                "Highlighted": "\"description\": \"Unencrypted PEM encoded RSA private key. This field is set once on certificate creation and then encrypted. The key size must be 2048 bits or fewer. Must include the header and footer. Example: -----BEGIN RSA PRIVATE KEY-----*-----END RSA PRIVATE KEY----- @InputOnly\",",
                "FirstCause": true,
                "LastCause": true
              },
              {
                "Number": 965,
                "Content": "\"type\": \"string\"",
                "IsCause": false,
                "Annotation": "",
                "Truncated": false,
                "Highlighted": "\"type\": \"string\"",
                "FirstCause": false,
                "LastCause": false
              }
            ]
          },
          "Match": "----BEGIN RSA PRIVATE KEY-----*-----END RSA PRIVATE",
          "Layer": {
            "DiffID": "sha256:acba428a98d5f37d5267f1298920492e3388e753bbedce34d5e0c517adb2c224",
            "CreatedBy": "RUN |3 BUILD_DATE=2024-02-24T03:26:30+00:00 VERSION=2.9.0-ls279 CERTBOT_VERSION=2.9.0 /bin/sh -c echo \"**** install build packages ****\" \u0026\u0026   apk add --no-cache --virtual=build-dependencies     build-base     cargo     libffi-dev     libxml2-dev     libxslt-dev     openssl-dev     python3-dev \u0026\u0026   echo \"**** install runtime packages ****\" \u0026\u0026   apk add --no-cache     fail2ban     gnupg     memcached     nginx-mod-http-brotli     nginx-mod-http-dav-ext     nginx-mod-http-echo     nginx-mod-http-fancyindex     nginx-mod-http-geoip2     nginx-mod-http-headers-more     nginx-mod-http-image-filter     nginx-mod-http-perl     nginx-mod-http-redis2     nginx-mod-http-set-misc     nginx-mod-http-upload-progress     nginx-mod-http-xslt-filter     nginx-mod-mail     nginx-mod-rtmp     nginx-mod-stream     nginx-mod-stream-geoip2     nginx-vim     php83-bcmath     php83-bz2     php83-dom     php83-exif     php83-ftp     php83-gd     php83-gmp     php83-imap     php83-intl     php83-ldap     php83-mysqli     php83-mysqlnd     php83-opcache     php83-pdo_mysql     php83-pdo_odbc     php83-pdo_pgsql     php83-pdo_sqlite     php83-pear     php83-pecl-apcu     php83-pecl-memcached     php83-pecl-redis     php83-pgsql     php83-posix     php83-soap     php83-sockets     php83-sodium     php83-sqlite3     php83-tokenizer     php83-xmlreader     php83-xsl     whois \u0026\u0026   apk add --no-cache --repository=http://dl-cdn.alpinelinux.org/alpine/edge/testing     php83-pecl-mcrypt \u0026\u0026   echo \"**** install certbot plugins ****\" \u0026\u0026   if [ -z ${CERTBOT_VERSION+x} ]; then     CERTBOT_VERSION=$(curl -sL  https://pypi.python.org/pypi/certbot/json |jq -r '. | .info.version');   fi \u0026\u0026   python3 -m venv /lsiopy \u0026\u0026   pip install -U --no-cache-dir     pip     wheel \u0026\u0026   pip install -U --no-cache-dir --find-links https://wheel-index.linuxserver.io/alpine-3.19/     certbot==${CERTBOT_VERSION}     certbot-dns-acmedns     certbot-dns-aliyun     certbot-dns-azure     certbot-dns-bunny     certbot-dns-cloudflare     certbot-dns-cpanel     certbot-dns-desec     certbot-dns-digitalocean     certbot-dns-directadmin     certbot-dns-dnsimple     certbot-dns-dnsmadeeasy     certbot-dns-dnspod     certbot-dns-do     certbot-dns-domeneshop     certbot-dns-dreamhost     certbot-dns-duckdns     certbot-dns-freedns     certbot-dns-gehirn     certbot-dns-glesys     certbot-dns-godaddy     certbot-dns-google     certbot-dns-google-domains     certbot-dns-he     certbot-dns-hetzner     certbot-dns-infomaniak     certbot-dns-inwx     certbot-dns-ionos     certbot-dns-linode     certbot-dns-loopia     certbot-dns-luadns     certbot-dns-namecheap     certbot-dns-netcup     certbot-dns-njalla     certbot-dns-nsone     certbot-dns-ovh     certbot-dns-porkbun     certbot-dns-rfc2136     certbot-dns-route53     certbot-dns-sakuracloud     certbot-dns-standalone     certbot-dns-transip     certbot-dns-vultr     certbot-plugin-gandi     cryptography     future     requests \u0026\u0026   echo \"**** enable OCSP stapling from base ****\" \u0026\u0026   sed -i     's|#ssl_stapling on;|ssl_stapling on;|'     /defaults/nginx/ssl.conf.sample \u0026\u0026   sed -i     's|#ssl_stapling_verify on;|ssl_stapling_verify on;|'     /defaults/nginx/ssl.conf.sample \u0026\u0026   sed -i     's|#ssl_trusted_certificate /config/keys/cert.crt;|ssl_trusted_certificate /config/keys/cert.crt;|'     /defaults/nginx/ssl.conf.sample \u0026\u0026   echo \"**** correct ip6tables legacy issue ****\" \u0026\u0026   rm     /sbin/ip6tables \u0026\u0026   ln -s     /sbin/ip6tables-nft /sbin/ip6tables \u0026\u0026   echo \"**** remove unnecessary fail2ban filters ****\" \u0026\u0026   rm     /etc/fail2ban/jail.d/alpine-ssh.conf \u0026\u0026   echo \"**** copy fail2ban default action and filter to /defaults ****\" \u0026\u0026   mkdir -p /defaults/fail2ban \u0026\u0026   mv /etc/fail2ban/action.d /defaults/fail2ban/ \u0026\u0026   mv /etc/fail2ban/filter.d /defaults/fail2ban/ \u0026\u0026   echo \"**** define allowipv6 to silence warning ****\" \u0026\u0026   sed -i 's/#allowipv6 = auto/allowipv6 = auto/g' /etc/fail2ban/fail2ban.conf \u0026\u0026   echo \"**** copy proxy confs to /defaults ****\" \u0026\u0026   mkdir -p     /defaults/nginx/proxy-confs \u0026\u0026   curl -o     /tmp/proxy-confs.tar.gz -L     \"https://github.com/linuxserver/reverse-proxy-confs/tarball/master\" \u0026\u0026   tar xf     /tmp/proxy-confs.tar.gz -C     /defaults/nginx/proxy-confs --strip-components=1 --exclude=linux*/.editorconfig --exclude=linux*/.gitattributes --exclude=linux*/.github --exclude=linux*/.gitignore --exclude=linux*/LICENSE \u0026\u0026   echo \"**** cleanup ****\" \u0026\u0026   apk del --purge     build-dependencies \u0026\u0026   rm -rf     /tmp/*     $HOME/.cache     $HOME/.cargo # buildkit"
          }
        }
      ]
    },
    {
      "Target": "/lsiopy/lib/python3.11/site-packages/googleapiclient/discovery_cache/documents/appengine.v1beta.json",
      "Class": "secret",
      "Secrets": [
        {
          "RuleID": "private-key",
          "Category": "AsymmetricPrivateKey",
          "Severity": "HIGH",
          "Title": "Asymmetric Private Key",
          "StartLine": 2247,
          "EndLine": 2247,
          "Code": {
            "Lines": [
              {
                "Number": 2245,
                "Content": "\"properties\": {",
                "IsCause": false,
                "Annotation": "",
                "Truncated": false,
                "Highlighted": "\"properties\": {",
                "FirstCause": false,
                "LastCause": false
              },
              {
                "Number": 2246,
                "Content": "\"privateKey\": {",
                "IsCause": false,
                "Annotation": "",
                "Truncated": false,
                "Highlighted": "\"privateKey\": {",
                "FirstCause": false,
                "LastCause": false
              },
              {
                "Number": 2247,
                "Content": "\"description\": \"Unencrypted PEM encoded RSA private key. This field is set once on certificate creation and then encrypted. The key size must be 2048 bits or fewer. Must include the header and footer. Example: -----BEGIN RSA PRIVATE KEY-----*-----END RSA PRIVATE KEY----- @InputOnly\",",
                "IsCause": true,
                "Annotation": "",
                "Truncated": false,
                "Highlighted": "\"description\": \"Unencrypted PEM encoded RSA private key. This field is set once on certificate creation and then encrypted. The key size must be 2048 bits or fewer. Must include the header and footer. Example: -----BEGIN RSA PRIVATE KEY-----*-----END RSA PRIVATE KEY----- @InputOnly\",",
                "FirstCause": true,
                "LastCause": true
              },
              {
                "Number": 2248,
                "Content": "\"type\": \"string\"",
                "IsCause": false,
                "Annotation": "",
                "Truncated": false,
                "Highlighted": "\"type\": \"string\"",
                "FirstCause": false,
                "LastCause": false
              }
            ]
          },
          "Match": "----BEGIN RSA PRIVATE KEY-----*-----END RSA PRIVATE",
          "Layer": {
            "DiffID": "sha256:acba428a98d5f37d5267f1298920492e3388e753bbedce34d5e0c517adb2c224",
            "CreatedBy": "RUN |3 BUILD_DATE=2024-02-24T03:26:30+00:00 VERSION=2.9.0-ls279 CERTBOT_VERSION=2.9.0 /bin/sh -c echo \"**** install build packages ****\" \u0026\u0026   apk add --no-cache --virtual=build-dependencies     build-base     cargo     libffi-dev     libxml2-dev     libxslt-dev     openssl-dev     python3-dev \u0026\u0026   echo \"**** install runtime packages ****\" \u0026\u0026   apk add --no-cache     fail2ban     gnupg     memcached     nginx-mod-http-brotli     nginx-mod-http-dav-ext     nginx-mod-http-echo     nginx-mod-http-fancyindex     nginx-mod-http-geoip2     nginx-mod-http-headers-more     nginx-mod-http-image-filter     nginx-mod-http-perl     nginx-mod-http-redis2     nginx-mod-http-set-misc     nginx-mod-http-upload-progress     nginx-mod-http-xslt-filter     nginx-mod-mail     nginx-mod-rtmp     nginx-mod-stream     nginx-mod-stream-geoip2     nginx-vim     php83-bcmath     php83-bz2     php83-dom     php83-exif     php83-ftp     php83-gd     php83-gmp     php83-imap     php83-intl     php83-ldap     php83-mysqli     php83-mysqlnd     php83-opcache     php83-pdo_mysql     php83-pdo_odbc     php83-pdo_pgsql     php83-pdo_sqlite     php83-pear     php83-pecl-apcu     php83-pecl-memcached     php83-pecl-redis     php83-pgsql     php83-posix     php83-soap     php83-sockets     php83-sodium     php83-sqlite3     php83-tokenizer     php83-xmlreader     php83-xsl     whois \u0026\u0026   apk add --no-cache --repository=http://dl-cdn.alpinelinux.org/alpine/edge/testing     php83-pecl-mcrypt \u0026\u0026   echo \"**** install certbot plugins ****\" \u0026\u0026   if [ -z ${CERTBOT_VERSION+x} ]; then     CERTBOT_VERSION=$(curl -sL  https://pypi.python.org/pypi/certbot/json |jq -r '. | .info.version');   fi \u0026\u0026   python3 -m venv /lsiopy \u0026\u0026   pip install -U --no-cache-dir     pip     wheel \u0026\u0026   pip install -U --no-cache-dir --find-links https://wheel-index.linuxserver.io/alpine-3.19/     certbot==${CERTBOT_VERSION}     certbot-dns-acmedns     certbot-dns-aliyun     certbot-dns-azure     certbot-dns-bunny     certbot-dns-cloudflare     certbot-dns-cpanel     certbot-dns-desec     certbot-dns-digitalocean     certbot-dns-directadmin     certbot-dns-dnsimple     certbot-dns-dnsmadeeasy     certbot-dns-dnspod     certbot-dns-do     certbot-dns-domeneshop     certbot-dns-dreamhost     certbot-dns-duckdns     certbot-dns-freedns     certbot-dns-gehirn     certbot-dns-glesys     certbot-dns-godaddy     certbot-dns-google     certbot-dns-google-domains     certbot-dns-he     certbot-dns-hetzner     certbot-dns-infomaniak     certbot-dns-inwx     certbot-dns-ionos     certbot-dns-linode     certbot-dns-loopia     certbot-dns-luadns     certbot-dns-namecheap     certbot-dns-netcup     certbot-dns-njalla     certbot-dns-nsone     certbot-dns-ovh     certbot-dns-porkbun     certbot-dns-rfc2136     certbot-dns-route53     certbot-dns-sakuracloud     certbot-dns-standalone     certbot-dns-transip     certbot-dns-vultr     certbot-plugin-gandi     cryptography     future     requests \u0026\u0026   echo \"**** enable OCSP stapling from base ****\" \u0026\u0026   sed -i     's|#ssl_stapling on;|ssl_stapling on;|'     /defaults/nginx/ssl.conf.sample \u0026\u0026   sed -i     's|#ssl_stapling_verify on;|ssl_stapling_verify on;|'     /defaults/nginx/ssl.conf.sample \u0026\u0026   sed -i     's|#ssl_trusted_certificate /config/keys/cert.crt;|ssl_trusted_certificate /config/keys/cert.crt;|'     /defaults/nginx/ssl.conf.sample \u0026\u0026   echo \"**** correct ip6tables legacy issue ****\" \u0026\u0026   rm     /sbin/ip6tables \u0026\u0026   ln -s     /sbin/ip6tables-nft /sbin/ip6tables \u0026\u0026   echo \"**** remove unnecessary fail2ban filters ****\" \u0026\u0026   rm     /etc/fail2ban/jail.d/alpine-ssh.conf \u0026\u0026   echo \"**** copy fail2ban default action and filter to /defaults ****\" \u0026\u0026   mkdir -p /defaults/fail2ban \u0026\u0026   mv /etc/fail2ban/action.d /defaults/fail2ban/ \u0026\u0026   mv /etc/fail2ban/filter.d /defaults/fail2ban/ \u0026\u0026   echo \"**** define allowipv6 to silence warning ****\" \u0026\u0026   sed -i 's/#allowipv6 = auto/allowipv6 = auto/g' /etc/fail2ban/fail2ban.conf \u0026\u0026   echo \"**** copy proxy confs to /defaults ****\" \u0026\u0026   mkdir -p     /defaults/nginx/proxy-confs \u0026\u0026   curl -o     /tmp/proxy-confs.tar.gz -L     \"https://github.com/linuxserver/reverse-proxy-confs/tarball/master\" \u0026\u0026   tar xf     /tmp/proxy-confs.tar.gz -C     /defaults/nginx/proxy-confs --strip-components=1 --exclude=linux*/.editorconfig --exclude=linux*/.gitattributes --exclude=linux*/.github --exclude=linux*/.gitignore --exclude=linux*/LICENSE \u0026\u0026   echo \"**** cleanup ****\" \u0026\u0026   apk del --purge     build-dependencies \u0026\u0026   rm -rf     /tmp/*     $HOME/.cache     $HOME/.cargo # buildkit"
          }
        }
      ]
    },
    {
      "Target": "/defaults/dns-conf/google.json",
      "Class": "secret",
      "Secrets": [
        {
          "RuleID": "gcp-service-account",
          "Category": "Google",
          "Severity": "CRITICAL",
          "Title": "Google (GCP) Service-account",
          "StartLine": 4,
          "EndLine": 4,
          "Code": {
            "Lines": [
              {
                "Number": 2,
                "Content": "  \"instructions\": \"https://github.com/certbot/certbot/blob/master/certbot-dns-google/certbot_dns_google/__init__.py\",",
                "IsCause": false,
                "Annotation": "",
                "Truncated": false,
                "Highlighted": "  \"instructions\": \"https://github.com/certbot/certbot/blob/master/certbot-dns-google/certbot_dns_google/__init__.py\",",
                "FirstCause": false,
                "LastCause": false
              },
              {
                "Number": 3,
                "Content": "  \"_comment\": \"Replace with your values\",",
                "IsCause": false,
                "Annotation": "",
                "Truncated": false,
                "Highlighted": "  \"_comment\": \"Replace with your values\",",
                "FirstCause": false,
                "LastCause": false
              },
              {
                "Number": 4,
                "Content": "  *************************,",
                "IsCause": true,
                "Annotation": "",
                "Truncated": false,
                "Highlighted": "  *************************,",
                "FirstCause": true,
                "LastCause": true
              },
              {
                "Number": 5,
                "Content": "  \"rest\": \"...\"",
                "IsCause": false,
                "Annotation": "",
                "Truncated": false,
                "Highlighted": "  \"rest\": \"...\"",
                "FirstCause": false,
                "LastCause": false
              }
            ]
          },
          "Match": "  *************************,",
          "Layer": {
            "DiffID": "sha256:a023cfe1864dda202487e976a5154e6f630e4c0a2f44c4697af21533f2db98e4",
            "CreatedBy": "COPY root/ / # buildkit"
          }
        }
      ]
    },
    {
      "Target": "/lsiopy/lib/python3.11/site-packages/PyJWT-2.8.0.dist-info/METADATA",
      "Class": "secret",
      "Secrets": [
        {
          "RuleID": "jwt-token",
          "Category": "JWT",
          "Severity": "MEDIUM",
          "Title": "JWT token",
          "StartLine": 90,
          "EndLine": 90,
          "Code": {
            "Lines": [
              {
                "Number": 88,
                "Content": "    \u003e\u003e\u003e encoded = jwt.encode({\"some\": \"payload\"}, \"secret\", algorithm=\"HS256\")",
                "IsCause": false,
                "Annotation": "",
                "Truncated": false,
                "Highlighted": "    \u003e\u003e\u003e encoded = jwt.encode({\"some\": \"payload\"}, \"secret\", algorithm=\"HS256\")",
                "FirstCause": false,
                "LastCause": false
              },
              {
                "Number": 89,
                "Content": "    \u003e\u003e\u003e print(encoded)",
                "IsCause": false,
                "Annotation": "",
                "Truncated": false,
                "Highlighted": "    \u003e\u003e\u003e print(encoded)",
                "FirstCause": false,
                "LastCause": false
              },
              {
                "Number": 90,
                "Content": "    *********************************************************************************************************",
                "IsCause": true,
                "Annotation": "",
                "Truncated": false,
                "Highlighted": "    *********************************************************************************************************",
                "FirstCause": true,
                "LastCause": true
              },
              {
                "Number": 91,
                "Content": "    \u003e\u003e\u003e jwt.decode(encoded, \"secret\", algorithms=[\"HS256\"])",
                "IsCause": false,
                "Annotation": "",
                "Truncated": false,
                "Highlighted": "    \u003e\u003e\u003e jwt.decode(encoded, \"secret\", algorithms=[\"HS256\"])",
                "FirstCause": false,
                "LastCause": false
              }
            ]
          },
          "Match": "\")\n    \u003e\u003e\u003e print(encoded)\n    *********************************************************************************************************\n    \u003e\u003e\u003e jwt.decode(",
          "Layer": {
            "DiffID": "sha256:acba428a98d5f37d5267f1298920492e3388e753bbedce34d5e0c517adb2c224",
            "CreatedBy": "RUN |3 BUILD_DATE=2024-02-24T03:26:30+00:00 VERSION=2.9.0-ls279 CERTBOT_VERSION=2.9.0 /bin/sh -c echo \"**** install build packages ****\" \u0026\u0026   apk add --no-cache --virtual=build-dependencies     build-base     cargo     libffi-dev     libxml2-dev     libxslt-dev     openssl-dev     python3-dev \u0026\u0026   echo \"**** install runtime packages ****\" \u0026\u0026   apk add --no-cache     fail2ban     gnupg     memcached     nginx-mod-http-brotli     nginx-mod-http-dav-ext     nginx-mod-http-echo     nginx-mod-http-fancyindex     nginx-mod-http-geoip2     nginx-mod-http-headers-more     nginx-mod-http-image-filter     nginx-mod-http-perl     nginx-mod-http-redis2     nginx-mod-http-set-misc     nginx-mod-http-upload-progress     nginx-mod-http-xslt-filter     nginx-mod-mail     nginx-mod-rtmp     nginx-mod-stream     nginx-mod-stream-geoip2     nginx-vim     php83-bcmath     php83-bz2     php83-dom     php83-exif     php83-ftp     php83-gd     php83-gmp     php83-imap     php83-intl     php83-ldap     php83-mysqli     php83-mysqlnd     php83-opcache     php83-pdo_mysql     php83-pdo_odbc     php83-pdo_pgsql     php83-pdo_sqlite     php83-pear     php83-pecl-apcu     php83-pecl-memcached     php83-pecl-redis     php83-pgsql     php83-posix     php83-soap     php83-sockets     php83-sodium     php83-sqlite3     php83-tokenizer     php83-xmlreader     php83-xsl     whois \u0026\u0026   apk add --no-cache --repository=http://dl-cdn.alpinelinux.org/alpine/edge/testing     php83-pecl-mcrypt \u0026\u0026   echo \"**** install certbot plugins ****\" \u0026\u0026   if [ -z ${CERTBOT_VERSION+x} ]; then     CERTBOT_VERSION=$(curl -sL  https://pypi.python.org/pypi/certbot/json |jq -r '. | .info.version');   fi \u0026\u0026   python3 -m venv /lsiopy \u0026\u0026   pip install -U --no-cache-dir     pip     wheel \u0026\u0026   pip install -U --no-cache-dir --find-links https://wheel-index.linuxserver.io/alpine-3.19/     certbot==${CERTBOT_VERSION}     certbot-dns-acmedns     certbot-dns-aliyun     certbot-dns-azure     certbot-dns-bunny     certbot-dns-cloudflare     certbot-dns-cpanel     certbot-dns-desec     certbot-dns-digitalocean     certbot-dns-directadmin     certbot-dns-dnsimple     certbot-dns-dnsmadeeasy     certbot-dns-dnspod     certbot-dns-do     certbot-dns-domeneshop     certbot-dns-dreamhost     certbot-dns-duckdns     certbot-dns-freedns     certbot-dns-gehirn     certbot-dns-glesys     certbot-dns-godaddy     certbot-dns-google     certbot-dns-google-domains     certbot-dns-he     certbot-dns-hetzner     certbot-dns-infomaniak     certbot-dns-inwx     certbot-dns-ionos     certbot-dns-linode     certbot-dns-loopia     certbot-dns-luadns     certbot-dns-namecheap     certbot-dns-netcup     certbot-dns-njalla     certbot-dns-nsone     certbot-dns-ovh     certbot-dns-porkbun     certbot-dns-rfc2136     certbot-dns-route53     certbot-dns-sakuracloud     certbot-dns-standalone     certbot-dns-transip     certbot-dns-vultr     certbot-plugin-gandi     cryptography     future     requests \u0026\u0026   echo \"**** enable OCSP stapling from base ****\" \u0026\u0026   sed -i     's|#ssl_stapling on;|ssl_stapling on;|'     /defaults/nginx/ssl.conf.sample \u0026\u0026   sed -i     's|#ssl_stapling_verify on;|ssl_stapling_verify on;|'     /defaults/nginx/ssl.conf.sample \u0026\u0026   sed -i     's|#ssl_trusted_certificate /config/keys/cert.crt;|ssl_trusted_certificate /config/keys/cert.crt;|'     /defaults/nginx/ssl.conf.sample \u0026\u0026   echo \"**** correct ip6tables legacy issue ****\" \u0026\u0026   rm     /sbin/ip6tables \u0026\u0026   ln -s     /sbin/ip6tables-nft /sbin/ip6tables \u0026\u0026   echo \"**** remove unnecessary fail2ban filters ****\" \u0026\u0026   rm     /etc/fail2ban/jail.d/alpine-ssh.conf \u0026\u0026   echo \"**** copy fail2ban default action and filter to /defaults ****\" \u0026\u0026   mkdir -p /defaults/fail2ban \u0026\u0026   mv /etc/fail2ban/action.d /defaults/fail2ban/ \u0026\u0026   mv /etc/fail2ban/filter.d /defaults/fail2ban/ \u0026\u0026   echo \"**** define allowipv6 to silence warning ****\" \u0026\u0026   sed -i 's/#allowipv6 = auto/allowipv6 = auto/g' /etc/fail2ban/fail2ban.conf \u0026\u0026   echo \"**** copy proxy confs to /defaults ****\" \u0026\u0026   mkdir -p     /defaults/nginx/proxy-confs \u0026\u0026   curl -o     /tmp/proxy-confs.tar.gz -L     \"https://github.com/linuxserver/reverse-proxy-confs/tarball/master\" \u0026\u0026   tar xf     /tmp/proxy-confs.tar.gz -C     /defaults/nginx/proxy-confs --strip-components=1 --exclude=linux*/.editorconfig --exclude=linux*/.gitattributes --exclude=linux*/.github --exclude=linux*/.gitignore --exclude=linux*/LICENSE \u0026\u0026   echo \"**** cleanup ****\" \u0026\u0026   apk del --purge     build-dependencies \u0026\u0026   rm -rf     /tmp/*     $HOME/.cache     $HOME/.cargo # buildkit"
          }
        }
      ]
    }
  ]
}
