{
  "SchemaVersion": 2,
  "CreatedAt": "2024-02-25T10:47:46.375171487Z",
  "ArtifactName": "linuxserver/jackett:latest",
  "ArtifactType": "container_image",
  "Metadata": {
    "OS": {
      "Family": "alpine",
      "Name": "3.18.6"
    },
    "ImageID": "sha256:48a9635965a4532c30b07a0d77c4d1eaa4514e0c64218dc74048c829b0ab9358",
    "DiffIDs": [
      "sha256:ba069f4f04aa9fed0f114d4be9b6146e85a1e6359d7e93a93b229cd211ce6d2e",
      "sha256:007aa6ae8e75e99bf4eca44fa9e2c9083892a745d07ff562fefa21660368c1d1",
      "sha256:569b3e6ed54f951bf67e9ba1f40f4fe873b90e8df9f9848950f9fc511e84b0ba",
      "sha256:51f5397fb5a7eb600acf580e04d55568dc3ef5f3226b6e201df90caf7b72263c",
      "sha256:1c55db0636dab1868b9577b59391bac68879a7bc14f2bb47b91563884bdbcd98",
      "sha256:0da95637e37bfb9336406eb1a40c2b63de56288a7f83d60b09ca83929c86c534",
      "sha256:d1b4142cef43520077ca931155e207df2759218a8ab03b89ac1a9690d2e367b5"
    ],
    "RepoTags": [
      "linuxserver/jackett:latest"
    ],
    "RepoDigests": [
      "linuxserver/jackett@sha256:00931d1337d91caed4631c81cd0d57083c2a2a1afff1e452be60b0cd7d1aa474"
    ],
    "ImageConfig": {
      "architecture": "amd64",
      "created": "2024-02-25T06:44:05.62887537Z",
      "history": [
        {
          "created": "2024-02-24T13:32:34Z",
          "created_by": "COPY /root-out/ / # buildkit",
          "comment": "buildkit.dockerfile.v0"
        },
        {
          "created": "2024-02-24T13:32:34Z",
          "created_by": "ARG BUILD_DATE",
          "comment": "buildkit.dockerfile.v0",
          "empty_layer": true
        },
        {
          "created": "2024-02-24T13:32:34Z",
          "created_by": "ARG VERSION",
          "comment": "buildkit.dockerfile.v0",
          "empty_layer": true
        },
        {
          "created": "2024-02-24T13:32:34Z",
          "created_by": "ARG MODS_VERSION=v3",
          "comment": "buildkit.dockerfile.v0",
          "empty_layer": true
        },
        {
          "created": "2024-02-24T13:32:34Z",
          "created_by": "ARG PKG_INST_VERSION=v1",
          "comment": "buildkit.dockerfile.v0",
          "empty_layer": true
        },
        {
          "created": "2024-02-24T13:32:34Z",
          "created_by": "LABEL build_version=Linuxserver.io version:- f7e3c236-ls38 Build-date:- 2024-02-24T13:30:30+00:00",
          "comment": "buildkit.dockerfile.v0",
          "empty_layer": true
        },
        {
          "created": "2024-02-24T13:32:34Z",
          "created_by": "LABEL maintainer=TheLamer",
          "comment": "buildkit.dockerfile.v0",
          "empty_layer": true
        },
        {
          "created": "2024-02-24T13:32:34Z",
          "created_by": "ADD https://raw.githubusercontent.com/linuxserver/docker-mods/mod-scripts/docker-mods.v3 /docker-mods # buildkit",
          "comment": "buildkit.dockerfile.v0"
        },
        {
          "created": "2024-02-24T13:32:34Z",
          "created_by": "ADD https://raw.githubusercontent.com/linuxserver/docker-mods/mod-scripts/package-install.v1 /etc/s6-overlay/s6-rc.d/init-mods-package-install/run # buildkit",
          "comment": "buildkit.dockerfile.v0"
        },
        {
          "created": "2024-02-24T13:32:34Z",
          "created_by": "ENV PS1=$(whoami)@$(hostname):$(pwd)\\$  HOME=/root TERM=xterm S6_CMD_WAIT_FOR_SERVICES_MAXTIME=0 S6_VERBOSITY=1 S6_STAGE2_HOOK=/docker-mods VIRTUAL_ENV=/lsiopy PATH=/lsiopy/bin:/usr/local/sbin:/usr/local/bin:/usr/sbin:/usr/bin:/sbin:/bin",
          "comment": "buildkit.dockerfile.v0",
          "empty_layer": true
        },
        {
          "created": "2024-02-24T13:32:35Z",
          "created_by": "RUN |4 BUILD_DATE=2024-02-24T13:30:30+00:00 VERSION=f7e3c236-ls38 MODS_VERSION=v3 PKG_INST_VERSION=v1 /bin/sh -c echo \"**** install runtime packages ****\" \u0026\u0026   apk add --no-cache     alpine-release     bash     ca-certificates     coreutils     curl     jq     netcat-openbsd     procps-ng     shadow     tzdata \u0026\u0026   echo \"**** create abc user and make our folders ****\" \u0026\u0026   groupmod -g 1000 users \u0026\u0026   useradd -u 911 -U -d /config -s /bin/false abc \u0026\u0026   usermod -G users abc \u0026\u0026   mkdir -p     /app     /config     /defaults     /lsiopy \u0026\u0026   echo \"**** cleanup ****\" \u0026\u0026   rm -rf     /tmp/* # buildkit",
          "comment": "buildkit.dockerfile.v0"
        },
        {
          "created": "2024-02-24T13:32:35Z",
          "created_by": "COPY root/ / # buildkit",
          "comment": "buildkit.dockerfile.v0"
        },
        {
          "created": "2024-02-24T13:32:35Z",
          "created_by": "ENTRYPOINT [\"/init\"]",
          "comment": "buildkit.dockerfile.v0",
          "empty_layer": true
        },
        {
          "created": "2024-02-25T06:44:05Z",
          "created_by": "ENV LSIO_FIRST_PARTY=true",
          "comment": "buildkit.dockerfile.v0",
          "empty_layer": true
        },
        {
          "created": "2024-02-25T06:44:05Z",
          "created_by": "ARG BUILD_DATE",
          "comment": "buildkit.dockerfile.v0",
          "empty_layer": true
        },
        {
          "created": "2024-02-25T06:44:05Z",
          "created_by": "ARG VERSION",
          "comment": "buildkit.dockerfile.v0",
          "empty_layer": true
        },
        {
          "created": "2024-02-25T06:44:05Z",
          "created_by": "ARG JACKETT_RELEASE",
          "comment": "buildkit.dockerfile.v0",
          "empty_layer": true
        },
        {
          "created": "2024-02-25T06:44:05Z",
          "created_by": "LABEL build_version=Linuxserver.io version:- v0.21.1835-ls318 Build-date:- 2024-02-25T06:40:53+00:00",
          "comment": "buildkit.dockerfile.v0",
          "empty_layer": true
        },
        {
          "created": "2024-02-25T06:44:05Z",
          "created_by": "LABEL maintainer=thelamer",
          "comment": "buildkit.dockerfile.v0",
          "empty_layer": true
        },
        {
          "created": "2024-02-25T06:44:05Z",
          "created_by": "ENV XDG_DATA_HOME=/config XDG_CONFIG_HOME=/config",
          "comment": "buildkit.dockerfile.v0",
          "empty_layer": true
        },
        {
          "created": "2024-02-25T06:44:05Z",
          "created_by": "RUN |3 BUILD_DATE=2024-02-25T06:40:53+00:00 VERSION=v0.21.1835-ls318 JACKETT_RELEASE=v0.21.1835 /bin/sh -c echo \"**** install packages ****\" \u0026\u0026   apk --no-cache add     icu-data-full     icu-libs \u0026\u0026   echo \"**** install jackett ****\" \u0026\u0026   mkdir -p     /app/Jackett \u0026\u0026   if [ -z ${JACKETT_RELEASE+x} ]; then     JACKETT_RELEASE=$(curl -sX GET \"https://api.github.com/repos/Jackett/Jackett/releases/latest\"     | jq -r .tag_name);   fi \u0026\u0026   curl -o     /tmp/jacket.tar.gz -L     \"https://github.com/Jackett/Jackett/releases/download/${JACKETT_RELEASE}/Jackett.Binaries.LinuxMuslAMDx64.tar.gz\" \u0026\u0026   tar xf     /tmp/jacket.tar.gz -C     /app/Jackett --strip-components=1 \u0026\u0026   echo \"**** fix for host id mapping error ****\" \u0026\u0026   chown -R root:root /app/Jackett \u0026\u0026   echo \"**** save docker image version ****\" \u0026\u0026   echo \"${VERSION}\" \u003e /etc/docker-image \u0026\u0026   echo \"**** cleanup ****\" \u0026\u0026   rm -rf     /tmp/* # buildkit",
          "comment": "buildkit.dockerfile.v0"
        },
        {
          "created": "2024-02-25T06:44:05Z",
          "created_by": "COPY root/ / # buildkit",
          "comment": "buildkit.dockerfile.v0"
        },
        {
          "created": "2024-02-25T06:44:05Z",
          "created_by": "VOLUME [/config]",
          "comment": "buildkit.dockerfile.v0",
          "empty_layer": true
        },
        {
          "created": "2024-02-25T06:44:05Z",
          "created_by": "EXPOSE map[9117/tcp:{}]",
          "comment": "buildkit.dockerfile.v0",
          "empty_layer": true
        }
      ],
      "os": "linux",
      "rootfs": {
        "type": "layers",
        "diff_ids": [
          "sha256:ba069f4f04aa9fed0f114d4be9b6146e85a1e6359d7e93a93b229cd211ce6d2e",
          "sha256:007aa6ae8e75e99bf4eca44fa9e2c9083892a745d07ff562fefa21660368c1d1",
          "sha256:569b3e6ed54f951bf67e9ba1f40f4fe873b90e8df9f9848950f9fc511e84b0ba",
          "sha256:51f5397fb5a7eb600acf580e04d55568dc3ef5f3226b6e201df90caf7b72263c",
          "sha256:1c55db0636dab1868b9577b59391bac68879a7bc14f2bb47b91563884bdbcd98",
          "sha256:0da95637e37bfb9336406eb1a40c2b63de56288a7f83d60b09ca83929c86c534",
          "sha256:d1b4142cef43520077ca931155e207df2759218a8ab03b89ac1a9690d2e367b5"
        ]
      },
      "config": {
        "Entrypoint": [
          "/init"
        ],
        "Env": [
          "PATH=/lsiopy/bin:/usr/local/sbin:/usr/local/bin:/usr/sbin:/usr/bin:/sbin:/bin",
          "PS1=$(whoami)@$(hostname):$(pwd)\\$ ",
          "HOME=/root",
          "TERM=xterm",
          "S6_CMD_WAIT_FOR_SERVICES_MAXTIME=0",
          "S6_VERBOSITY=1",
          "S6_STAGE2_HOOK=/docker-mods",
          "VIRTUAL_ENV=/lsiopy",
          "LSIO_FIRST_PARTY=true",
          "XDG_DATA_HOME=/config",
          "XDG_CONFIG_HOME=/config"
        ],
        "Labels": {
          "build_version": "Linuxserver.io version:- v0.21.1835-ls318 Build-date:- 2024-02-25T06:40:53+00:00",
          "maintainer": "thelamer",
          "org.opencontainers.image.authors": "linuxserver.io",
          "org.opencontainers.image.created": "2024-02-25T06:40:53+00:00",
          "org.opencontainers.image.description": "[Jackett](https://github.com/Jackett/Jackett) works as a proxy server: it translates queries from apps (Sonarr, SickRage, CouchPotato, Mylar, etc) into tracker-site-specific http queries, parses the html response, then sends results back to the requesting software. This allows for getting recent uploads (like RSS) and performing searches. Jackett is a single repository of maintained indexer scraping \u0026 translation logic - removing the burden from other apps.",
          "org.opencontainers.image.documentation": "https://docs.linuxserver.io/images/docker-jackett",
          "org.opencontainers.image.licenses": "GPL-3.0-only",
          "org.opencontainers.image.ref.name": "8e5238999a0a13d5df31b5fae83b2d73034e24ec",
          "org.opencontainers.image.revision": "8e5238999a0a13d5df31b5fae83b2d73034e24ec",
          "org.opencontainers.image.source": "https://github.com/linuxserver/docker-jackett",
          "org.opencontainers.image.title": "Jackett",
          "org.opencontainers.image.url": "https://github.com/linuxserver/docker-jackett/packages",
          "org.opencontainers.image.vendor": "linuxserver.io",
          "org.opencontainers.image.version": "v0.21.1835-ls318"
        },
        "Volumes": {
          "/config": {}
        },
        "WorkingDir": "/"
      }
    }
  },
  "Results": [
    {
      "Target": "linuxserver/jackett:latest (alpine 3.18.6)",
      "Class": "os-pkgs",
      "Type": "alpine"
    }
  ]
}
