{
  "SchemaVersion": 2,
  "CreatedAt": "2024-02-25T14:28:02.354977272Z",
  "ArtifactName": "linuxserver/tvheadend:latest",
  "ArtifactType": "container_image",
  "Metadata": {
    "OS": {
      "Family": "alpine",
      "Name": "3.18.6"
    },
    "ImageID": "sha256:677be6f64a8952598443da50bd54ec55d5ecae4b8a68b7c27a6040c8c038f8b4",
    "DiffIDs": [
      "sha256:ba069f4f04aa9fed0f114d4be9b6146e85a1e6359d7e93a93b229cd211ce6d2e",
      "sha256:007aa6ae8e75e99bf4eca44fa9e2c9083892a745d07ff562fefa21660368c1d1",
      "sha256:569b3e6ed54f951bf67e9ba1f40f4fe873b90e8df9f9848950f9fc511e84b0ba",
      "sha256:51f5397fb5a7eb600acf580e04d55568dc3ef5f3226b6e201df90caf7b72263c",
      "sha256:1c55db0636dab1868b9577b59391bac68879a7bc14f2bb47b91563884bdbcd98",
      "sha256:232473ab73f1740627e32572be729d003068b7d0e3961a0956cb8e50c490aed4",
      "sha256:a32de3adf9c24bfeb2913376b356200c644c21dbf990392fe6608f1a42db12c6",
      "sha256:a27679cc1bd83ac995b5de0a87476522a4bfb44e5288cb88a28ed1d889f5b712",
      "sha256:8fd557dd056162b7b987edcf60165e428591aaa906a6e6c9eea4211975f979ae",
      "sha256:ca696bb06a33a00a643a4007c6a587a070d8f842e39321c834cb327e2a3ca305",
      "sha256:61778a3448b7c495a25a87065b079faed49cf22d9b38a1fdecebc76bd12830e9"
    ],
    "RepoTags": [
      "linuxserver/tvheadend:latest"
    ],
    "RepoDigests": [
      "linuxserver/tvheadend@sha256:c1abcf012873ec5cba460a1c22cef81603e87fb7452de82edcc2dc24de25ab15"
    ],
    "ImageConfig": {
      "architecture": "amd64",
      "created": "2024-02-24T15:45:52.909469521Z",
      "history": [
        {
          "created": "2024-02-24T13:32:34Z",
          "created_by": "COPY /root-out/ / # buildkit",
          "comment": "buildkit.dockerfile.v0"
        },
        {
          "created": "2024-02-24T13:32:34Z",
          "created_by": "ARG BUILD_DATE",
          "comment": "buildkit.dockerfile.v0",
          "empty_layer": true
        },
        {
          "created": "2024-02-24T13:32:34Z",
          "created_by": "ARG VERSION",
          "comment": "buildkit.dockerfile.v0",
          "empty_layer": true
        },
        {
          "created": "2024-02-24T13:32:34Z",
          "created_by": "ARG MODS_VERSION=v3",
          "comment": "buildkit.dockerfile.v0",
          "empty_layer": true
        },
        {
          "created": "2024-02-24T13:32:34Z",
          "created_by": "ARG PKG_INST_VERSION=v1",
          "comment": "buildkit.dockerfile.v0",
          "empty_layer": true
        },
        {
          "created": "2024-02-24T13:32:34Z",
          "created_by": "LABEL build_version=Linuxserver.io version:- f7e3c236-ls38 Build-date:- 2024-02-24T13:30:30+00:00",
          "comment": "buildkit.dockerfile.v0",
          "empty_layer": true
        },
        {
          "created": "2024-02-24T13:32:34Z",
          "created_by": "LABEL maintainer=TheLamer",
          "comment": "buildkit.dockerfile.v0",
          "empty_layer": true
        },
        {
          "created": "2024-02-24T13:32:34Z",
          "created_by": "ADD https://raw.githubusercontent.com/linuxserver/docker-mods/mod-scripts/docker-mods.v3 /docker-mods # buildkit",
          "comment": "buildkit.dockerfile.v0"
        },
        {
          "created": "2024-02-24T13:32:34Z",
          "created_by": "ADD https://raw.githubusercontent.com/linuxserver/docker-mods/mod-scripts/package-install.v1 /etc/s6-overlay/s6-rc.d/init-mods-package-install/run # buildkit",
          "comment": "buildkit.dockerfile.v0"
        },
        {
          "created": "2024-02-24T13:32:34Z",
          "created_by": "ENV PS1=$(whoami)@$(hostname):$(pwd)\\$  HOME=/root TERM=xterm S6_CMD_WAIT_FOR_SERVICES_MAXTIME=0 S6_VERBOSITY=1 S6_STAGE2_HOOK=/docker-mods VIRTUAL_ENV=/lsiopy PATH=/lsiopy/bin:/usr/local/sbin:/usr/local/bin:/usr/sbin:/usr/bin:/sbin:/bin",
          "comment": "buildkit.dockerfile.v0",
          "empty_layer": true
        },
        {
          "created": "2024-02-24T13:32:35Z",
          "created_by": "RUN |4 BUILD_DATE=2024-02-24T13:30:30+00:00 VERSION=f7e3c236-ls38 MODS_VERSION=v3 PKG_INST_VERSION=v1 /bin/sh -c echo \"**** install runtime packages ****\" \u0026\u0026   apk add --no-cache     alpine-release     bash     ca-certificates     coreutils     curl     jq     netcat-openbsd     procps-ng     shadow     tzdata \u0026\u0026   echo \"**** create abc user and make our folders ****\" \u0026\u0026   groupmod -g 1000 users \u0026\u0026   useradd -u 911 -U -d /config -s /bin/false abc \u0026\u0026   usermod -G users abc \u0026\u0026   mkdir -p     /app     /config     /defaults     /lsiopy \u0026\u0026   echo \"**** cleanup ****\" \u0026\u0026   rm -rf     /tmp/* # buildkit",
          "comment": "buildkit.dockerfile.v0"
        },
        {
          "created": "2024-02-24T13:32:35Z",
          "created_by": "COPY root/ / # buildkit",
          "comment": "buildkit.dockerfile.v0"
        },
        {
          "created": "2024-02-24T13:32:35Z",
          "created_by": "ENTRYPOINT [\"/init\"]",
          "comment": "buildkit.dockerfile.v0",
          "empty_layer": true
        },
        {
          "created": "2024-02-24T15:44:37Z",
          "created_by": "ENV LSIO_FIRST_PARTY=true",
          "comment": "buildkit.dockerfile.v0",
          "empty_layer": true
        },
        {
          "created": "2024-02-24T15:44:37Z",
          "created_by": "ARG BUILD_DATE",
          "comment": "buildkit.dockerfile.v0",
          "empty_layer": true
        },
        {
          "created": "2024-02-24T15:44:37Z",
          "created_by": "ARG VERSION",
          "comment": "buildkit.dockerfile.v0",
          "empty_layer": true
        },
        {
          "created": "2024-02-24T15:44:37Z",
          "created_by": "LABEL build_version=Linuxserver.io version:- ae51d24f-ls203 Build-date:- 2024-02-24T15:43:10+00:00",
          "comment": "buildkit.dockerfile.v0",
          "empty_layer": true
        },
        {
          "created": "2024-02-24T15:44:37Z",
          "created_by": "LABEL maintainer=saarg",
          "comment": "buildkit.dockerfile.v0",
          "empty_layer": true
        },
        {
          "created": "2024-02-24T15:44:37Z",
          "created_by": "ENV HOME=/config",
          "comment": "buildkit.dockerfile.v0",
          "empty_layer": true
        },
        {
          "created": "2024-02-24T15:44:37Z",
          "created_by": "RUN |2 BUILD_DATE=2024-02-24T15:43:10+00:00 VERSION=ae51d24f-ls203 /bin/sh -c echo \"**** install runtime packages ****\" \u0026\u0026   apk add --no-cache     bsd-compat-headers     ffmpeg     ffmpeg4-libavcodec     ffmpeg4-libavdevice     ffmpeg4-libavfilter     ffmpeg4-libavformat     ffmpeg4-libavutil     ffmpeg4-libpostproc     ffmpeg4-libswresample     ffmpeg4-libswscale     gnu-libiconv     libdvbcsa     libhdhomerun-libs     libva     libva-intel-driver     intel-media-driver     libvpx     libxml2     libxslt     linux-headers     mesa-va-gallium     opus     pcre2     perl     perl-datetime-format-strptime     perl-json     perl-json-xs     py3-requests     python3     uriparser     x264     x265     xmltv     zlib # buildkit",
          "comment": "buildkit.dockerfile.v0"
        },
        {
          "created": "2024-02-24T15:45:50Z",
          "created_by": "COPY /tmp/argtable-build/usr/ /usr/ # buildkit",
          "comment": "buildkit.dockerfile.v0"
        },
        {
          "created": "2024-02-24T15:45:50Z",
          "created_by": "COPY /tmp/comskip-build/usr/ /usr/ # buildkit",
          "comment": "buildkit.dockerfile.v0"
        },
        {
          "created": "2024-02-24T15:45:50Z",
          "created_by": "COPY /tmp/tvheadend-build/usr/ /usr/ # buildkit",
          "comment": "buildkit.dockerfile.v0"
        },
        {
          "created": "2024-02-24T15:45:52Z",
          "created_by": "COPY /picons /picons # buildkit",
          "comment": "buildkit.dockerfile.v0"
        },
        {
          "created": "2024-02-24T15:45:52Z",
          "created_by": "COPY root/ / # buildkit",
          "comment": "buildkit.dockerfile.v0"
        },
        {
          "created": "2024-02-24T15:45:52Z",
          "created_by": "EXPOSE map[9981/tcp:{} 9982/tcp:{}]",
          "comment": "buildkit.dockerfile.v0",
          "empty_layer": true
        },
        {
          "created": "2024-02-24T15:45:52Z",
          "created_by": "VOLUME [/config]",
          "comment": "buildkit.dockerfile.v0",
          "empty_layer": true
        }
      ],
      "os": "linux",
      "rootfs": {
        "type": "layers",
        "diff_ids": [
          "sha256:ba069f4f04aa9fed0f114d4be9b6146e85a1e6359d7e93a93b229cd211ce6d2e",
          "sha256:007aa6ae8e75e99bf4eca44fa9e2c9083892a745d07ff562fefa21660368c1d1",
          "sha256:569b3e6ed54f951bf67e9ba1f40f4fe873b90e8df9f9848950f9fc511e84b0ba",
          "sha256:51f5397fb5a7eb600acf580e04d55568dc3ef5f3226b6e201df90caf7b72263c",
          "sha256:1c55db0636dab1868b9577b59391bac68879a7bc14f2bb47b91563884bdbcd98",
          "sha256:232473ab73f1740627e32572be729d003068b7d0e3961a0956cb8e50c490aed4",
          "sha256:a32de3adf9c24bfeb2913376b356200c644c21dbf990392fe6608f1a42db12c6",
          "sha256:a27679cc1bd83ac995b5de0a87476522a4bfb44e5288cb88a28ed1d889f5b712",
          "sha256:8fd557dd056162b7b987edcf60165e428591aaa906a6e6c9eea4211975f979ae",
          "sha256:ca696bb06a33a00a643a4007c6a587a070d8f842e39321c834cb327e2a3ca305",
          "sha256:61778a3448b7c495a25a87065b079faed49cf22d9b38a1fdecebc76bd12830e9"
        ]
      },
      "config": {
        "Entrypoint": [
          "/init"
        ],
        "Env": [
          "PATH=/lsiopy/bin:/usr/local/sbin:/usr/local/bin:/usr/sbin:/usr/bin:/sbin:/bin",
          "PS1=$(whoami)@$(hostname):$(pwd)\\$ ",
          "HOME=/config",
          "TERM=xterm",
          "S6_CMD_WAIT_FOR_SERVICES_MAXTIME=0",
          "S6_VERBOSITY=1",
          "S6_STAGE2_HOOK=/docker-mods",
          "VIRTUAL_ENV=/lsiopy",
          "LSIO_FIRST_PARTY=true"
        ],
        "Labels": {
          "build_version": "Linuxserver.io version:- ae51d24f-ls203 Build-date:- 2024-02-24T15:43:10+00:00",
          "maintainer": "saarg",
          "org.opencontainers.image.authors": "linuxserver.io",
          "org.opencontainers.image.created": "2024-02-24T15:43:10+00:00",
          "org.opencontainers.image.description": "[Tvheadend](https://www.tvheadend.org/) works as a proxy server: is a TV streaming server and recorder for Linux, FreeBSD and Android supporting DVB-S, DVB-S2, DVB-C, DVB-T, ATSC, ISDB-T, IPTV, SAT\u003eIP and HDHomeRun as input sources.  Tvheadend offers the HTTP (VLC, MPlayer), HTSP (Kodi, Movian) and SAT\u003eIP streaming.  Multiple EPG sources are supported (over-the-air DVB and ATSC including OpenTV DVB extensions, XMLTV, PyXML).  ",
          "org.opencontainers.image.documentation": "https://docs.linuxserver.io/images/docker-tvheadend",
          "org.opencontainers.image.licenses": "GPL-3.0-only",
          "org.opencontainers.image.ref.name": "afa463e32885cdc381d3df8f40b06413244aaf6a",
          "org.opencontainers.image.revision": "afa463e32885cdc381d3df8f40b06413244aaf6a",
          "org.opencontainers.image.source": "https://github.com/linuxserver/docker-tvheadend",
          "org.opencontainers.image.title": "Tvheadend",
          "org.opencontainers.image.url": "https://github.com/linuxserver/docker-tvheadend/packages",
          "org.opencontainers.image.vendor": "linuxserver.io",
          "org.opencontainers.image.version": "ae51d24f-ls203"
        },
        "Volumes": {
          "/config": {}
        },
        "WorkingDir": "/"
      }
    }
  },
  "Results": [
    {
      "Target": "linuxserver/tvheadend:latest (alpine 3.18.6)",
      "Class": "os-pkgs",
      "Type": "alpine"
    }
  ]
}
