{
  "SchemaVersion": 2,
  "CreatedAt": "2024-02-25T11:21:43.671616052Z",
  "ArtifactName": "linuxserver/transmission:latest",
  "ArtifactType": "container_image",
  "Metadata": {
    "OS": {
      "Family": "alpine",
      "Name": "edge"
    },
    "ImageID": "sha256:4ee0c0f08b126de72ae2aab95889eb5d15f6857e13fcb90b83b5dc11b54b92f7",
    "DiffIDs": [
      "sha256:d24c1289a63be49228b33f8e5d2e4de44e179ae77eb18d5688e2859fdbc9afbd",
      "sha256:007aa6ae8e75e99bf4eca44fa9e2c9083892a745d07ff562fefa21660368c1d1",
      "sha256:c5a8264653d0068595d5e14185a69fcfed8ba7dd0956c33bd828d788b3e0b259",
      "sha256:da421345a9d94d069d10e8e1355d2356e0670872adb3525a06f2e7ed7501c04d",
      "sha256:e5a724f2a68b0461d3683a85c969f2c6a0674514d4f6ad4ea0df794164ee6729",
      "sha256:ec14747c4ec0fe25faf435d1b5a349422220c3d5085f0e4ea97454295a6e5425",
      "sha256:5db1d9486ae2409abdfc04339091af5377903b1b7212eb5724eed14b5137f3dd",
      "sha256:78967da4c4cacfe7ef02f9df52822fa1a8ac5aa5aca5983e20baab6c182f71c4"
    ],
    "RepoTags": [
      "linuxserver/transmission:latest"
    ],
    "RepoDigests": [
      "linuxserver/transmission@sha256:fbabdf7ac290d01bcca0bbb224e3185b6cd7e9bb5acba66c0805375ce343fa78"
    ],
    "ImageConfig": {
      "architecture": "amd64",
      "created": "2024-02-20T10:35:47.255073647Z",
      "history": [
        {
          "created": "2024-02-17T13:28:20Z",
          "created_by": "COPY /root-out/ / # buildkit",
          "comment": "buildkit.dockerfile.v0"
        },
        {
          "created": "2024-02-17T13:28:20Z",
          "created_by": "ARG BUILD_DATE",
          "comment": "buildkit.dockerfile.v0",
          "empty_layer": true
        },
        {
          "created": "2024-02-17T13:28:20Z",
          "created_by": "ARG VERSION",
          "comment": "buildkit.dockerfile.v0",
          "empty_layer": true
        },
        {
          "created": "2024-02-17T13:28:20Z",
          "created_by": "ARG MODS_VERSION=v3",
          "comment": "buildkit.dockerfile.v0",
          "empty_layer": true
        },
        {
          "created": "2024-02-17T13:28:20Z",
          "created_by": "ARG PKG_INST_VERSION=v1",
          "comment": "buildkit.dockerfile.v0",
          "empty_layer": true
        },
        {
          "created": "2024-02-17T13:28:20Z",
          "created_by": "LABEL build_version=Linuxserver.io version:- 73e35f25-ls127 Build-date:- 2024-02-17T13:27:02+00:00",
          "comment": "buildkit.dockerfile.v0",
          "empty_layer": true
        },
        {
          "created": "2024-02-17T13:28:20Z",
          "created_by": "LABEL maintainer=TheLamer",
          "comment": "buildkit.dockerfile.v0",
          "empty_layer": true
        },
        {
          "created": "2024-02-17T13:28:20Z",
          "created_by": "ADD https://raw.githubusercontent.com/linuxserver/docker-mods/mod-scripts/docker-mods.v3 /docker-mods # buildkit",
          "comment": "buildkit.dockerfile.v0"
        },
        {
          "created": "2024-02-17T13:28:20Z",
          "created_by": "ADD https://raw.githubusercontent.com/linuxserver/docker-mods/mod-scripts/package-install.v1 /etc/s6-overlay/s6-rc.d/init-mods-package-install/run # buildkit",
          "comment": "buildkit.dockerfile.v0"
        },
        {
          "created": "2024-02-17T13:28:20Z",
          "created_by": "ENV PS1=$(whoami)@$(hostname):$(pwd)\\$  HOME=/root TERM=xterm S6_CMD_WAIT_FOR_SERVICES_MAXTIME=0 S6_VERBOSITY=1 S6_STAGE2_HOOK=/docker-mods VIRTUAL_ENV=/lsiopy PATH=/lsiopy/bin:/usr/local/sbin:/usr/local/bin:/usr/sbin:/usr/bin:/sbin:/bin",
          "comment": "buildkit.dockerfile.v0",
          "empty_layer": true
        },
        {
          "created": "2024-02-17T13:28:22Z",
          "created_by": "RUN |4 BUILD_DATE=2024-02-17T13:27:02+00:00 VERSION=73e35f25-ls127 MODS_VERSION=v3 PKG_INST_VERSION=v1 /bin/sh -c echo \"**** install runtime packages ****\" \u0026\u0026   apk add --no-cache     bash     ca-certificates     coreutils     curl     jq     netcat-openbsd     procps-ng     shadow     tzdata \u0026\u0026   echo \"**** create abc user and make our folders ****\" \u0026\u0026   groupmod -g 1000 users \u0026\u0026   useradd -u 911 -U -d /config -s /bin/false abc \u0026\u0026   usermod -G users abc \u0026\u0026   mkdir -p     /app     /config     /defaults     /lsiopy \u0026\u0026   echo \"**** cleanup ****\" \u0026\u0026   rm -rf     /tmp/* # buildkit",
          "comment": "buildkit.dockerfile.v0"
        },
        {
          "created": "2024-02-17T13:28:22Z",
          "created_by": "COPY root/ / # buildkit",
          "comment": "buildkit.dockerfile.v0"
        },
        {
          "created": "2024-02-17T13:28:22Z",
          "created_by": "ENTRYPOINT [\"/init\"]",
          "comment": "buildkit.dockerfile.v0",
          "empty_layer": true
        },
        {
          "created": "2024-02-20T10:35:46Z",
          "created_by": "ENV LSIO_FIRST_PARTY=true",
          "comment": "buildkit.dockerfile.v0",
          "empty_layer": true
        },
        {
          "created": "2024-02-20T10:35:46Z",
          "created_by": "ARG BUILD_DATE",
          "comment": "buildkit.dockerfile.v0",
          "empty_layer": true
        },
        {
          "created": "2024-02-20T10:35:46Z",
          "created_by": "ARG VERSION",
          "comment": "buildkit.dockerfile.v0",
          "empty_layer": true
        },
        {
          "created": "2024-02-20T10:35:46Z",
          "created_by": "ARG TRANSMISSION_VERSION",
          "comment": "buildkit.dockerfile.v0",
          "empty_layer": true
        },
        {
          "created": "2024-02-20T10:35:46Z",
          "created_by": "LABEL build_version=Linuxserver.io version:- 4.0.5-r0-ls222 Build-date:- 2024-02-20T10:34:26+00:00",
          "comment": "buildkit.dockerfile.v0",
          "empty_layer": true
        },
        {
          "created": "2024-02-20T10:35:46Z",
          "created_by": "LABEL maintainer=aptalca",
          "comment": "buildkit.dockerfile.v0",
          "empty_layer": true
        },
        {
          "created": "2024-02-20T10:35:46Z",
          "created_by": "RUN |3 BUILD_DATE=2024-02-20T10:34:26+00:00 VERSION=4.0.5-r0-ls222 TRANSMISSION_VERSION=4.0.5-r0 /bin/sh -c echo \"**** install build packages ****\" \u0026\u0026   apk add --no-cache --virtual=build-dependencies     build-base \u0026\u0026   echo \"**** install packages ****\" \u0026\u0026   apk add --no-cache     findutils     p7zip     python3 \u0026\u0026   echo \"**** install transmission ****\" \u0026\u0026   if [ -z ${TRANSMISSION_VERSION+x} ]; then     TRANSMISSION_VERSION=$(curl -sL \"http://dl-cdn.alpinelinux.org/alpine/edge/community/x86_64/APKINDEX.tar.gz\" | tar -xz -C /tmp     \u0026\u0026 awk '/^P:transmission$/,/V:/' /tmp/APKINDEX | sed -n 2p | sed 's/^V://');   fi \u0026\u0026   apk add --no-cache     transmission-cli==${TRANSMISSION_VERSION}     transmission-daemon==${TRANSMISSION_VERSION}     transmission-extra==${TRANSMISSION_VERSION}     transmission-remote==${TRANSMISSION_VERSION} \u0026\u0026   echo \"**** cleanup ****\" \u0026\u0026   apk del --purge     build-dependencies \u0026\u0026   rm -rf     /tmp/*     $HOME/.cache # buildkit",
          "comment": "buildkit.dockerfile.v0"
        },
        {
          "created": "2024-02-20T10:35:47Z",
          "created_by": "COPY root/ / # buildkit",
          "comment": "buildkit.dockerfile.v0"
        },
        {
          "created": "2024-02-20T10:35:47Z",
          "created_by": "COPY /usr/bin/unrar-alpine /usr/bin/unrar # buildkit",
          "comment": "buildkit.dockerfile.v0"
        },
        {
          "created": "2024-02-20T10:35:47Z",
          "created_by": "EXPOSE map[51413/tcp:{} 51413/udp:{} 9091/tcp:{}]",
          "comment": "buildkit.dockerfile.v0",
          "empty_layer": true
        },
        {
          "created": "2024-02-20T10:35:47Z",
          "created_by": "VOLUME [/config]",
          "comment": "buildkit.dockerfile.v0",
          "empty_layer": true
        }
      ],
      "os": "linux",
      "rootfs": {
        "type": "layers",
        "diff_ids": [
          "sha256:d24c1289a63be49228b33f8e5d2e4de44e179ae77eb18d5688e2859fdbc9afbd",
          "sha256:007aa6ae8e75e99bf4eca44fa9e2c9083892a745d07ff562fefa21660368c1d1",
          "sha256:c5a8264653d0068595d5e14185a69fcfed8ba7dd0956c33bd828d788b3e0b259",
          "sha256:da421345a9d94d069d10e8e1355d2356e0670872adb3525a06f2e7ed7501c04d",
          "sha256:e5a724f2a68b0461d3683a85c969f2c6a0674514d4f6ad4ea0df794164ee6729",
          "sha256:ec14747c4ec0fe25faf435d1b5a349422220c3d5085f0e4ea97454295a6e5425",
          "sha256:5db1d9486ae2409abdfc04339091af5377903b1b7212eb5724eed14b5137f3dd",
          "sha256:78967da4c4cacfe7ef02f9df52822fa1a8ac5aa5aca5983e20baab6c182f71c4"
        ]
      },
      "config": {
        "Entrypoint": [
          "/init"
        ],
        "Env": [
          "PATH=/lsiopy/bin:/usr/local/sbin:/usr/local/bin:/usr/sbin:/usr/bin:/sbin:/bin",
          "PS1=$(whoami)@$(hostname):$(pwd)\\$ ",
          "HOME=/root",
          "TERM=xterm",
          "S6_CMD_WAIT_FOR_SERVICES_MAXTIME=0",
          "S6_VERBOSITY=1",
          "S6_STAGE2_HOOK=/docker-mods",
          "VIRTUAL_ENV=/lsiopy",
          "LSIO_FIRST_PARTY=true"
        ],
        "Labels": {
          "build_version": "Linuxserver.io version:- 4.0.5-r0-ls222 Build-date:- 2024-02-20T10:34:26+00:00",
          "maintainer": "aptalca",
          "org.opencontainers.image.authors": "linuxserver.io",
          "org.opencontainers.image.created": "2024-02-20T10:34:26+00:00",
          "org.opencontainers.image.description": "[Transmission](https://www.transmissionbt.com/) is designed for easy, powerful use. Transmission has the features you want from a BitTorrent client: encryption, a web interface, peer exchange, magnet links, DHT, µTP, UPnP and NAT-PMP port forwarding, webseed support, watch directories, tracker editing, global and per-torrent speed limits, and more.",
          "org.opencontainers.image.documentation": "https://docs.linuxserver.io/images/docker-transmission",
          "org.opencontainers.image.licenses": "GPL-3.0-only",
          "org.opencontainers.image.ref.name": "1d9d237ac6da4696632dc17e9ba648b2facc6bc0",
          "org.opencontainers.image.revision": "1d9d237ac6da4696632dc17e9ba648b2facc6bc0",
          "org.opencontainers.image.source": "https://github.com/linuxserver/docker-transmission",
          "org.opencontainers.image.title": "Transmission",
          "org.opencontainers.image.url": "https://github.com/linuxserver/docker-transmission/packages",
          "org.opencontainers.image.vendor": "linuxserver.io",
          "org.opencontainers.image.version": "4.0.5-r0-ls222"
        },
        "Volumes": {
          "/config": {}
        },
        "WorkingDir": "/"
      }
    }
  },
  "Results": [
    {
      "Target": "linuxserver/transmission:latest (alpine edge)",
      "Class": "os-pkgs",
      "Type": "alpine"
    }
  ]
}
