{
  "SchemaVersion": 2,
  "CreatedAt": "2024-02-25T11:27:23.837659001Z",
  "ArtifactName": "linuxserver/bazarr:latest",
  "ArtifactType": "container_image",
  "Metadata": {
    "OS": {
      "Family": "alpine",
      "Name": "3.19.1"
    },
    "ImageID": "sha256:c47aad60611f17d5c33105a46806c6245e1254212978e26f78b6c590a4d8e855",
    "DiffIDs": [
      "sha256:01fd502f0720e66d57cc0139ed6862b154bdd4a0429b2733670277dbfb968f3c",
      "sha256:bf27900f6443e5f1b530609ec5570e0256b1a20a5df38fdbdf1d17ffb6b826e6",
      "sha256:691621f13fd540a9fb87e2e9d4a9b87a84107bce3621bfdb0db2d7cbb05ec4b9",
      "sha256:1f34686be733fc4f868bf7a30c139ddee21200b847a45828e840f2a1e5117464",
      "sha256:fe56a5801ec1aef7b4797373f4df36285eb680d8a452e36eb8a966ba7b3d335d",
      "sha256:65465ae2d27e32767910993282ff50bacd23ae12921202660f04f46475bccb65",
      "sha256:1341c6900c3508baa0d22b3ee462bd454a60ac8782a4b148ce0834e71b3bee46",
      "sha256:f2590f4c47cb177c4e6345d6f55df1b5c76f2011b5c3673ab806f7ce6944dd79"
    ],
    "RepoTags": [
      "linuxserver/bazarr:latest"
    ],
    "RepoDigests": [
      "linuxserver/bazarr@sha256:f89c2ef6202252a2442061f47e68f33cb3b40902a9d0929659cb7447547e80da"
    ],
    "ImageConfig": {
      "architecture": "amd64",
      "created": "2024-02-20T01:26:16.345234263Z",
      "history": [
        {
          "created": "2024-02-03T13:30:21Z",
          "created_by": "COPY /root-out/ / # buildkit",
          "comment": "buildkit.dockerfile.v0"
        },
        {
          "created": "2024-02-03T13:30:21Z",
          "created_by": "ARG BUILD_DATE",
          "comment": "buildkit.dockerfile.v0",
          "empty_layer": true
        },
        {
          "created": "2024-02-03T13:30:21Z",
          "created_by": "ARG VERSION",
          "comment": "buildkit.dockerfile.v0",
          "empty_layer": true
        },
        {
          "created": "2024-02-03T13:30:21Z",
          "created_by": "ARG MODS_VERSION=v3",
          "comment": "buildkit.dockerfile.v0",
          "empty_layer": true
        },
        {
          "created": "2024-02-03T13:30:21Z",
          "created_by": "ARG PKG_INST_VERSION=v1",
          "comment": "buildkit.dockerfile.v0",
          "empty_layer": true
        },
        {
          "created": "2024-02-03T13:30:21Z",
          "created_by": "LABEL build_version=Linuxserver.io version:- 8da559a6-ls7 Build-date:- 2024-02-03T13:28:02+00:00",
          "comment": "buildkit.dockerfile.v0",
          "empty_layer": true
        },
        {
          "created": "2024-02-03T13:30:21Z",
          "created_by": "LABEL maintainer=TheLamer",
          "comment": "buildkit.dockerfile.v0",
          "empty_layer": true
        },
        {
          "created": "2024-02-03T13:30:21Z",
          "created_by": "ADD https://raw.githubusercontent.com/linuxserver/docker-mods/mod-scripts/docker-mods.v3 /docker-mods # buildkit",
          "comment": "buildkit.dockerfile.v0"
        },
        {
          "created": "2024-02-03T13:30:21Z",
          "created_by": "ADD https://raw.githubusercontent.com/linuxserver/docker-mods/mod-scripts/package-install.v1 /etc/s6-overlay/s6-rc.d/init-mods-package-install/run # buildkit",
          "comment": "buildkit.dockerfile.v0"
        },
        {
          "created": "2024-02-03T13:30:21Z",
          "created_by": "ENV PS1=$(whoami)@$(hostname):$(pwd)\\$  HOME=/root TERM=xterm S6_CMD_WAIT_FOR_SERVICES_MAXTIME=0 S6_VERBOSITY=1 S6_STAGE2_HOOK=/docker-mods VIRTUAL_ENV=/lsiopy PATH=/lsiopy/bin:/usr/local/sbin:/usr/local/bin:/usr/sbin:/usr/bin:/sbin:/bin",
          "comment": "buildkit.dockerfile.v0",
          "empty_layer": true
        },
        {
          "created": "2024-02-03T13:30:23Z",
          "created_by": "RUN |4 BUILD_DATE=2024-02-03T13:28:02+00:00 VERSION=8da559a6-ls7 MODS_VERSION=v3 PKG_INST_VERSION=v1 /bin/sh -c echo \"**** install runtime packages ****\" \u0026\u0026   apk add --no-cache     alpine-release     bash     ca-certificates     coreutils     curl     jq     netcat-openbsd     procps-ng     shadow     tzdata \u0026\u0026   echo \"**** create abc user and make our folders ****\" \u0026\u0026   groupmod -g 1000 users \u0026\u0026   useradd -u 911 -U -d /config -s /bin/false abc \u0026\u0026   usermod -G users abc \u0026\u0026   mkdir -p     /app     /config     /defaults     /lsiopy \u0026\u0026   echo \"**** cleanup ****\" \u0026\u0026   rm -rf     /tmp/* # buildkit",
          "comment": "buildkit.dockerfile.v0"
        },
        {
          "created": "2024-02-03T13:30:24Z",
          "created_by": "COPY root/ / # buildkit",
          "comment": "buildkit.dockerfile.v0"
        },
        {
          "created": "2024-02-03T13:30:24Z",
          "created_by": "ENTRYPOINT [\"/init\"]",
          "comment": "buildkit.dockerfile.v0",
          "empty_layer": true
        },
        {
          "created": "2024-02-20T01:26:15Z",
          "created_by": "ENV LSIO_FIRST_PARTY=true",
          "comment": "buildkit.dockerfile.v0",
          "empty_layer": true
        },
        {
          "created": "2024-02-20T01:26:15Z",
          "created_by": "ARG BUILD_DATE",
          "comment": "buildkit.dockerfile.v0",
          "empty_layer": true
        },
        {
          "created": "2024-02-20T01:26:15Z",
          "created_by": "ARG VERSION",
          "comment": "buildkit.dockerfile.v0",
          "empty_layer": true
        },
        {
          "created": "2024-02-20T01:26:15Z",
          "created_by": "ARG BAZARR_VERSION",
          "comment": "buildkit.dockerfile.v0",
          "empty_layer": true
        },
        {
          "created": "2024-02-20T01:26:15Z",
          "created_by": "LABEL build_version=Linuxserver.io version:- v1.4.2-ls239 Build-date:- 2024-02-20T01:24:41+00:00",
          "comment": "buildkit.dockerfile.v0",
          "empty_layer": true
        },
        {
          "created": "2024-02-20T01:26:15Z",
          "created_by": "LABEL maintainer=chbmb",
          "comment": "buildkit.dockerfile.v0",
          "empty_layer": true
        },
        {
          "created": "2024-02-20T01:26:15Z",
          "created_by": "ENV TZ=Etc/UTC",
          "comment": "buildkit.dockerfile.v0",
          "empty_layer": true
        },
        {
          "created": "2024-02-20T01:26:15Z",
          "created_by": "RUN |3 BUILD_DATE=2024-02-20T01:24:41+00:00 VERSION=v1.4.2-ls239 BAZARR_VERSION=v1.4.2 /bin/sh -c echo \"**** install build packages ****\" \u0026\u0026   apk add --no-cache --virtual=build-dependencies     build-base     cargo     libffi-dev     libpq-dev     libxml2-dev     libxslt-dev     python3-dev \u0026\u0026   echo \"**** install packages ****\" \u0026\u0026   apk add --no-cache     ffmpeg     libxml2     libxslt     mediainfo     python3 \u0026\u0026   echo \"**** install bazarr ****\" \u0026\u0026   mkdir -p     /app/bazarr/bin \u0026\u0026   if [ -z ${BAZARR_VERSION+x} ]; then     BAZARR_VERSION=$(curl -sX GET \"https://api.github.com/repos/morpheus65535/bazarr/releases/latest\"     | awk '/tag_name/{print $4;exit}' FS='[\"\"]');   fi \u0026\u0026   curl -o     /tmp/bazarr.zip -L     \"https://github.com/morpheus65535/bazarr/releases/download/${BAZARR_VERSION}/bazarr.zip\" \u0026\u0026   unzip     /tmp/bazarr.zip -d     /app/bazarr/bin \u0026\u0026   rm -Rf /app/bazarr/bin/bin \u0026\u0026   echo \"UpdateMethod=docker\\nBranch=master\\nPackageVersion=${VERSION}\\nPackageAuthor=linuxserver.io\" \u003e /app/bazarr/package_info \u0026\u0026   curl -o     /app/bazarr/bin/postgres-requirements.txt -L     \"https://raw.githubusercontent.com/morpheus65535/bazarr/${BAZARR_VERSION}/postgres-requirements.txt\" \u0026\u0026   echo \"**** Install requirements ****\" \u0026\u0026   python3 -m venv /lsiopy \u0026\u0026   pip install -U --no-cache-dir     pip     wheel \u0026\u0026   pip install -U --no-cache-dir --find-links https://wheel-index.linuxserver.io/alpine-3.19/     -r /app/bazarr/bin/requirements.txt     -r /app/bazarr/bin/postgres-requirements.txt \u0026\u0026   echo \"**** clean up ****\" \u0026\u0026   apk del --purge     build-dependencies \u0026\u0026   rm -rf     $HOME/.cache     $HOME/.cargo     /tmp/* # buildkit",
          "comment": "buildkit.dockerfile.v0"
        },
        {
          "created": "2024-02-20T01:26:16Z",
          "created_by": "COPY root/ / # buildkit",
          "comment": "buildkit.dockerfile.v0"
        },
        {
          "created": "2024-02-20T01:26:16Z",
          "created_by": "COPY /usr/bin/unrar-alpine /usr/bin/unrar # buildkit",
          "comment": "buildkit.dockerfile.v0"
        },
        {
          "created": "2024-02-20T01:26:16Z",
          "created_by": "EXPOSE map[6767/tcp:{}]",
          "comment": "buildkit.dockerfile.v0",
          "empty_layer": true
        },
        {
          "created": "2024-02-20T01:26:16Z",
          "created_by": "VOLUME [/config]",
          "comment": "buildkit.dockerfile.v0",
          "empty_layer": true
        }
      ],
      "os": "linux",
      "rootfs": {
        "type": "layers",
        "diff_ids": [
          "sha256:01fd502f0720e66d57cc0139ed6862b154bdd4a0429b2733670277dbfb968f3c",
          "sha256:bf27900f6443e5f1b530609ec5570e0256b1a20a5df38fdbdf1d17ffb6b826e6",
          "sha256:691621f13fd540a9fb87e2e9d4a9b87a84107bce3621bfdb0db2d7cbb05ec4b9",
          "sha256:1f34686be733fc4f868bf7a30c139ddee21200b847a45828e840f2a1e5117464",
          "sha256:fe56a5801ec1aef7b4797373f4df36285eb680d8a452e36eb8a966ba7b3d335d",
          "sha256:65465ae2d27e32767910993282ff50bacd23ae12921202660f04f46475bccb65",
          "sha256:1341c6900c3508baa0d22b3ee462bd454a60ac8782a4b148ce0834e71b3bee46",
          "sha256:f2590f4c47cb177c4e6345d6f55df1b5c76f2011b5c3673ab806f7ce6944dd79"
        ]
      },
      "config": {
        "Entrypoint": [
          "/init"
        ],
        "Env": [
          "PATH=/lsiopy/bin:/usr/local/sbin:/usr/local/bin:/usr/sbin:/usr/bin:/sbin:/bin",
          "PS1=$(whoami)@$(hostname):$(pwd)\\$ ",
          "HOME=/root",
          "TERM=xterm",
          "S6_CMD_WAIT_FOR_SERVICES_MAXTIME=0",
          "S6_VERBOSITY=1",
          "S6_STAGE2_HOOK=/docker-mods",
          "VIRTUAL_ENV=/lsiopy",
          "LSIO_FIRST_PARTY=true",
          "TZ=Etc/UTC"
        ],
        "Labels": {
          "build_version": "Linuxserver.io version:- v1.4.2-ls239 Build-date:- 2024-02-20T01:24:41+00:00",
          "maintainer": "chbmb",
          "org.opencontainers.image.authors": "linuxserver.io",
          "org.opencontainers.image.created": "2024-02-20T01:24:41+00:00",
          "org.opencontainers.image.description": "[Bazarr](https://www.bazarr.media/) is a companion application to Sonarr and Radarr. It can manage and download subtitles based on your requirements. You define your preferences by TV show or movie and Bazarr takes care of everything for you.",
          "org.opencontainers.image.documentation": "https://docs.linuxserver.io/images/docker-bazarr",
          "org.opencontainers.image.licenses": "GPL-3.0-only",
          "org.opencontainers.image.ref.name": "5ed486e9a7f9d570e05809de456b982591c0bfba",
          "org.opencontainers.image.revision": "5ed486e9a7f9d570e05809de456b982591c0bfba",
          "org.opencontainers.image.source": "https://github.com/linuxserver/docker-bazarr",
          "org.opencontainers.image.title": "Bazarr",
          "org.opencontainers.image.url": "https://github.com/linuxserver/docker-bazarr/packages",
          "org.opencontainers.image.vendor": "linuxserver.io",
          "org.opencontainers.image.version": "v1.4.2-ls239"
        },
        "Volumes": {
          "/config": {}
        },
        "WorkingDir": "/"
      }
    }
  },
  "Results": [
    {
      "Target": "linuxserver/bazarr:latest (alpine 3.19.1)",
      "Class": "os-pkgs",
      "Type": "alpine"
    },
    {
      "Target": "usr/lib/librav1e.so.0.6.6",
      "Class": "lang-pkgs",
      "Type": "rustbinary",
      "Vulnerabilities": [
        {
          "VulnerabilityID": "GHSA-c827-hfw6-qwvm",
          "PkgID": "rustix@0.37.19",
          "PkgName": "rustix",
          "PkgIdentifier": {
            "PURL": "pkg:cargo/rustix@0.37.19"
          },
          "InstalledVersion": "0.37.19",
          "FixedVersion": "0.35.15, 0.36.16, 0.37.25, 0.38.19",
          "Status": "fixed",
          "Layer": {
            "DiffID": "sha256:65465ae2d27e32767910993282ff50bacd23ae12921202660f04f46475bccb65"
          },
          "SeveritySource": "ghsa",
          "PrimaryURL": "https://github.com/advisories/GHSA-c827-hfw6-qwvm",
          "DataSource": {
            "ID": "ghsa",
            "Name": "GitHub Security Advisory Rust",
            "URL": "https://github.com/advisories?query=type%3Areviewed+ecosystem%3Arust"
          },
          "Title": "rustix's `rustix::fs::Dir` iterator with the `linux_raw` backend can cause memory explosion",
          "Description": "### Summary\n\nWhen using `rustix::fs::Dir` using the `linux_raw` backend, it's possible for the iterator to \"get stuck\" when an IO error is encountered. Combined with a memory over-allocation issue in `rustix::fs::Dir::read_more`, this can cause quick and unbounded memory explosion (gigabytes in a few seconds if used on a hot path) and eventually lead to an OOM crash of the application.\n\n### Details\n\n#### Discovery\n\nThe symptoms were initially discovered in https://github.com/imsnif/bandwhich/issues/284. That post has lots of details of our investigation. See [this post](https://github.com/imsnif/bandwhich/issues/284#issuecomment-1754321993) and the [Discord thread](https://discord.com/channels/273534239310479360/1161137828395237556) for details.\n\n#### Diagnosis\n\nThis issue is caused by the combination of two independent bugs:\n\n1. Stuck iterator\n- The `rustix::fs::Dir` iterator can fail to halt after encountering an IO error, causing the caller to be stuck in an infinite loop.\n2. Memory over-allocation\n- `Dir::read_more` incorrectly grows the read buffer unconditionally each time it is called, regardless of necessity.\n\nSince `\u003cDir as Iterator\u003e::next` calls `Dir::read`, which in turn calls `Dir::read_more`, this means an IO error encountered during reading a directory can lead to rapid and unbounded growth of memory use.\n\n### PoC\n\n```rust\nfn main() -\u003e Result\u003c(), Box\u003cdyn std::error::Error\u003e\u003e {\n    // create a directory, get a FD to it, then unlink the directory but keep the FD\n    std::fs::create_dir(\"tmp_dir\")?;\n    let dir_fd = rustix::fs::openat(\n        rustix::fs::CWD,\n        rustix::cstr!(\"tmp_dir\"),\n        rustix::fs::OFlags::RDONLY | rustix::fs::OFlags::CLOEXEC,\n        rustix::fs::Mode::empty(),\n    )?;\n    std::fs::remove_dir(\"tmp_dir\")?;\n\n    // iterator gets stuck in infinite loop and memory explodes\n    rustix::fs::Dir::read_from(dir_fd)?\n        // the iterator keeps returning `Some(Err(_))`, but never halts by returning `None`\n        // therefore if the implementation ignores the error (or otherwise continues\n        // after seeing the error instead of breaking), the loop will not halt\n        .filter_map(|dirent_maybe_error| dirent_maybe_error.ok())\n        .for_each(|dirent| {\n            // your happy path\n            println!(\"{dirent:?}\");\n        });\n\n    Ok(())\n}\n```\n\n### Impact\n\nIf a program tries to access a directory with its file descriptor after the file has been unlinked (or any other action that leaves the `Dir` iterator in the stuck state), and the implementation does not break after seeing an error, it can cause a memory explosion.\n\nAs an example, Linux's various virtual file systems (e.g. `/proc`, `/sys`) can contain directories that spontaneously pop in and out of existence. Attempting to iterate over them using `rustix::fs::Dir` directly or indirectly (e.g. with the `procfs` crate) can trigger this fault condition if the implementation decides to continue on errors.\n\nAn attacker knowledgeable about the implementation details of a vulnerable target can therefore try to trigger this fault condition via any one or a combination of several available APIs. If successful, the application host will quickly run out of memory, after which the application will likely be terminated by an OOM killer, leading to denial of service.",
          "Severity": "MEDIUM",
          "VendorSeverity": {
            "ghsa": 2
          },
          "CVSS": {
            "ghsa": {
              "V3Vector": "CVSS:3.1/AV:N/AC:L/PR:L/UI:N/S:U/C:N/I:N/A:H",
              "V3Score": 6.5
            }
          },
          "References": [
            "https://discord.com/channels/273534239310479360/1161137828395237556",
            "https://github.com/bytecodealliance/rustix",
            "https://github.com/bytecodealliance/rustix/commit/31fd98ca723b93cc6101a3e29843ea5cf094e159",
            "https://github.com/bytecodealliance/rustix/commit/87481a97f4364d12d5d6f30cdd025a0fc509b8ec",
            "https://github.com/bytecodealliance/rustix/commit/df3c3a192cf144af0da8a57417fb4addbdc611f6",
            "https://github.com/bytecodealliance/rustix/commit/eecece4a84fc58eafdc809cc2cedd374dee876a5",
            "https://github.com/bytecodealliance/rustix/security/advisories/GHSA-c827-hfw6-qwvm",
            "https://github.com/imsnif/bandwhich/issues/284",
            "https://github.com/imsnif/bandwhich/issues/284#issuecomment-1754321993"
          ]
        }
      ]
    }
  ]
}
