{
  "SchemaVersion": 2,
  "CreatedAt": "2024-02-25T13:35:55.957207238Z",
  "ArtifactName": "linuxkit/kernel:5.4.172",
  "ArtifactType": "container_image",
  "Metadata": {
    "ImageID": "sha256:ba39eff4e7f75ef2b48ff24b3a94fdc0480b138d343ac728b8e8a3cc6dfe1580",
    "DiffIDs": [
      "sha256:61c2239de64f44b05fadd7705590e7cf49b5329ae1dfe43271ceae28681b1d8a"
    ],
    "RepoTags": [
      "linuxkit/kernel:5.4.172"
    ],
    "RepoDigests": [
      "linuxkit/kernel@sha256:4209a43d5bbd4944bf06c43ba74d159878abc6b571ddbee0941d14f38141d4eb"
    ],
    "ImageConfig": {
      "architecture": "amd64",
      "created": "2024-01-25T15:51:51.60344876Z",
      "history": [
        {
          "created": "2024-01-25T15:51:51Z",
          "created_by": "ENTRYPOINT []",
          "comment": "buildkit.dockerfile.v0",
          "empty_layer": true
        },
        {
          "created": "2024-01-25T15:51:51Z",
          "created_by": "CMD []",
          "comment": "buildkit.dockerfile.v0",
          "empty_layer": true
        },
        {
          "created": "2024-01-25T15:51:51Z",
          "created_by": "WORKDIR /",
          "comment": "buildkit.dockerfile.v0",
          "empty_layer": true
        },
        {
          "created": "2024-01-25T15:51:51Z",
          "created_by": "COPY /out/* / # buildkit",
          "comment": "buildkit.dockerfile.v0"
        }
      ],
      "os": "linux",
      "rootfs": {
        "type": "layers",
        "diff_ids": [
          "sha256:61c2239de64f44b05fadd7705590e7cf49b5329ae1dfe43271ceae28681b1d8a"
        ]
      },
      "config": {
        "Env": [
          "PATH=/usr/local/sbin:/usr/local/bin:/usr/sbin:/usr/bin:/sbin:/bin"
        ],
        "Labels": {
          "org.mobyproject.linuxkit.kernel.buildimage": "linuxkit/alpine:2be490394653b7967c250e86fd42cef88de428ba",
          "org.opencontainers.image.revision": "ed7dacb72bc882e6ca764caf5e5286160b332123",
          "org.opencontainers.image.source": "https://github.com/linuxkit/linuxkit"
        },
        "WorkingDir": "/",
        "ArgsEscaped": true
      }
    }
  }
}
