{
  "SchemaVersion": 2,
  "CreatedAt": "2024-02-25T10:50:33.902406204Z",
  "ArtifactName": "linuxserver/tautulli:latest",
  "ArtifactType": "container_image",
  "Metadata": {
    "OS": {
      "Family": "alpine",
      "Name": "3.19.1"
    },
    "ImageID": "sha256:19eb9a70f905a895bb312bbde7b36412f0acac1ca90a49db976740c93f3222c1",
    "DiffIDs": [
      "sha256:01fd502f0720e66d57cc0139ed6862b154bdd4a0429b2733670277dbfb968f3c",
      "sha256:bf27900f6443e5f1b530609ec5570e0256b1a20a5df38fdbdf1d17ffb6b826e6",
      "sha256:691621f13fd540a9fb87e2e9d4a9b87a84107bce3621bfdb0db2d7cbb05ec4b9",
      "sha256:1f34686be733fc4f868bf7a30c139ddee21200b847a45828e840f2a1e5117464",
      "sha256:fe56a5801ec1aef7b4797373f4df36285eb680d8a452e36eb8a966ba7b3d335d",
      "sha256:643da4140ecc7d9e669504d87c200c0c0a9c794850942ffaa2ba0ee1e868fe8e",
      "sha256:bc996257ce151fbf8e2dd38575de22f690c40909abb87f70a1a2adc2d828e80e"
    ],
    "RepoTags": [
      "linuxserver/tautulli:latest"
    ],
    "RepoDigests": [
      "linuxserver/tautulli@sha256:85e41bfde7b0c13b4c68a20002429a4a5c57b4901dd42309b974edba86bbfad6"
    ],
    "ImageConfig": {
      "architecture": "amd64",
      "created": "2024-02-22T23:43:15.883905761Z",
      "history": [
        {
          "created": "2024-02-03T13:30:21Z",
          "created_by": "COPY /root-out/ / # buildkit",
          "comment": "buildkit.dockerfile.v0"
        },
        {
          "created": "2024-02-03T13:30:21Z",
          "created_by": "ARG BUILD_DATE",
          "comment": "buildkit.dockerfile.v0",
          "empty_layer": true
        },
        {
          "created": "2024-02-03T13:30:21Z",
          "created_by": "ARG VERSION",
          "comment": "buildkit.dockerfile.v0",
          "empty_layer": true
        },
        {
          "created": "2024-02-03T13:30:21Z",
          "created_by": "ARG MODS_VERSION=v3",
          "comment": "buildkit.dockerfile.v0",
          "empty_layer": true
        },
        {
          "created": "2024-02-03T13:30:21Z",
          "created_by": "ARG PKG_INST_VERSION=v1",
          "comment": "buildkit.dockerfile.v0",
          "empty_layer": true
        },
        {
          "created": "2024-02-03T13:30:21Z",
          "created_by": "LABEL build_version=Linuxserver.io version:- 8da559a6-ls7 Build-date:- 2024-02-03T13:28:02+00:00",
          "comment": "buildkit.dockerfile.v0",
          "empty_layer": true
        },
        {
          "created": "2024-02-03T13:30:21Z",
          "created_by": "LABEL maintainer=TheLamer",
          "comment": "buildkit.dockerfile.v0",
          "empty_layer": true
        },
        {
          "created": "2024-02-03T13:30:21Z",
          "created_by": "ADD https://raw.githubusercontent.com/linuxserver/docker-mods/mod-scripts/docker-mods.v3 /docker-mods # buildkit",
          "comment": "buildkit.dockerfile.v0"
        },
        {
          "created": "2024-02-03T13:30:21Z",
          "created_by": "ADD https://raw.githubusercontent.com/linuxserver/docker-mods/mod-scripts/package-install.v1 /etc/s6-overlay/s6-rc.d/init-mods-package-install/run # buildkit",
          "comment": "buildkit.dockerfile.v0"
        },
        {
          "created": "2024-02-03T13:30:21Z",
          "created_by": "ENV PS1=$(whoami)@$(hostname):$(pwd)\\$  HOME=/root TERM=xterm S6_CMD_WAIT_FOR_SERVICES_MAXTIME=0 S6_VERBOSITY=1 S6_STAGE2_HOOK=/docker-mods VIRTUAL_ENV=/lsiopy PATH=/lsiopy/bin:/usr/local/sbin:/usr/local/bin:/usr/sbin:/usr/bin:/sbin:/bin",
          "comment": "buildkit.dockerfile.v0",
          "empty_layer": true
        },
        {
          "created": "2024-02-03T13:30:23Z",
          "created_by": "RUN |4 BUILD_DATE=2024-02-03T13:28:02+00:00 VERSION=8da559a6-ls7 MODS_VERSION=v3 PKG_INST_VERSION=v1 /bin/sh -c echo \"**** install runtime packages ****\" \u0026\u0026   apk add --no-cache     alpine-release     bash     ca-certificates     coreutils     curl     jq     netcat-openbsd     procps-ng     shadow     tzdata \u0026\u0026   echo \"**** create abc user and make our folders ****\" \u0026\u0026   groupmod -g 1000 users \u0026\u0026   useradd -u 911 -U -d /config -s /bin/false abc \u0026\u0026   usermod -G users abc \u0026\u0026   mkdir -p     /app     /config     /defaults     /lsiopy \u0026\u0026   echo \"**** cleanup ****\" \u0026\u0026   rm -rf     /tmp/* # buildkit",
          "comment": "buildkit.dockerfile.v0"
        },
        {
          "created": "2024-02-03T13:30:24Z",
          "created_by": "COPY root/ / # buildkit",
          "comment": "buildkit.dockerfile.v0"
        },
        {
          "created": "2024-02-03T13:30:24Z",
          "created_by": "ENTRYPOINT [\"/init\"]",
          "comment": "buildkit.dockerfile.v0",
          "empty_layer": true
        },
        {
          "created": "2024-02-22T23:43:15Z",
          "created_by": "ENV LSIO_FIRST_PARTY=true",
          "comment": "buildkit.dockerfile.v0",
          "empty_layer": true
        },
        {
          "created": "2024-02-22T23:43:15Z",
          "created_by": "ARG BUILD_DATE",
          "comment": "buildkit.dockerfile.v0",
          "empty_layer": true
        },
        {
          "created": "2024-02-22T23:43:15Z",
          "created_by": "ARG VERSION",
          "comment": "buildkit.dockerfile.v0",
          "empty_layer": true
        },
        {
          "created": "2024-02-22T23:43:15Z",
          "created_by": "ARG TAUTULLI_RELEASE",
          "comment": "buildkit.dockerfile.v0",
          "empty_layer": true
        },
        {
          "created": "2024-02-22T23:43:15Z",
          "created_by": "LABEL build_version=Linuxserver.io version:- v2.13.4-ls121 Build-date:- 2024-02-22T23:38:37+00:00",
          "comment": "buildkit.dockerfile.v0",
          "empty_layer": true
        },
        {
          "created": "2024-02-22T23:43:15Z",
          "created_by": "LABEL maintainer=nemchik,thelamer",
          "comment": "buildkit.dockerfile.v0",
          "empty_layer": true
        },
        {
          "created": "2024-02-22T23:43:15Z",
          "created_by": "ENV TAUTULLI_DOCKER=True",
          "comment": "buildkit.dockerfile.v0",
          "empty_layer": true
        },
        {
          "created": "2024-02-22T23:43:15Z",
          "created_by": "RUN |3 BUILD_DATE=2024-02-22T23:38:37+00:00 VERSION=v2.13.4-ls121 TAUTULLI_RELEASE=v2.13.4 /bin/sh -c echo \"**** install build packages ****\" \u0026\u0026   apk add --no-cache --virtual=build-dependencies     build-base     cargo     python3-dev \u0026\u0026   echo \"**** install packages ****\" \u0026\u0026   apk add --no-cache     git     python3 \u0026\u0026   echo \"**** install tautulli ****\" \u0026\u0026   if [ -z ${TAUTULLI_RELEASE+x} ]; then     TAUTULLI_RELEASE=$(curl -sX GET \"https://api.github.com/repos/Tautulli/Tautulli/releases/latest\"     | jq -r '. | .tag_name');   fi \u0026\u0026   mkdir -p /app/tautulli \u0026\u0026   curl -o     /tmp/tautulli.tar.gz -L     \"https://github.com/Tautulli/Tautulli/archive/${TAUTULLI_RELEASE}.tar.gz\" \u0026\u0026   tar xf     /tmp/tautulli.tar.gz -C     /app/tautulli --strip-components=1 \u0026\u0026   cd /app/tautulli \u0026\u0026   python3 -m venv /lsiopy \u0026\u0026   pip install -U --no-cache-dir     pip     wheel \u0026\u0026   pip install -U --no-cache-dir --find-links https://wheel-index.linuxserver.io/alpine-3.19/     cryptography     pycryptodomex     pyopenssl \u0026\u0026   pip install -U --no-cache-dir --find-links https://wheel-index.linuxserver.io/alpine-3.19/     -r requirements.txt \u0026\u0026   echo \"**** Hard Coding versioning ****\" \u0026\u0026   echo \"${TAUTULLI_RELEASE}\" \u003e /app/tautulli/version.txt \u0026\u0026   echo \"master\" \u003e /app/tautulli/branch.txt \u0026\u0026   echo \"**** cleanup ****\" \u0026\u0026   apk del --purge     build-dependencies \u0026\u0026   rm -rf     /tmp/*     $HOME/.cache     $HOME/.cargo # buildkit",
          "comment": "buildkit.dockerfile.v0"
        },
        {
          "created": "2024-02-22T23:43:15Z",
          "created_by": "COPY root/ / # buildkit",
          "comment": "buildkit.dockerfile.v0"
        },
        {
          "created": "2024-02-22T23:43:15Z",
          "created_by": "EXPOSE map[8181/tcp:{}]",
          "comment": "buildkit.dockerfile.v0",
          "empty_layer": true
        },
        {
          "created": "2024-02-22T23:43:15Z",
          "created_by": "VOLUME [/config]",
          "comment": "buildkit.dockerfile.v0",
          "empty_layer": true
        }
      ],
      "os": "linux",
      "rootfs": {
        "type": "layers",
        "diff_ids": [
          "sha256:01fd502f0720e66d57cc0139ed6862b154bdd4a0429b2733670277dbfb968f3c",
          "sha256:bf27900f6443e5f1b530609ec5570e0256b1a20a5df38fdbdf1d17ffb6b826e6",
          "sha256:691621f13fd540a9fb87e2e9d4a9b87a84107bce3621bfdb0db2d7cbb05ec4b9",
          "sha256:1f34686be733fc4f868bf7a30c139ddee21200b847a45828e840f2a1e5117464",
          "sha256:fe56a5801ec1aef7b4797373f4df36285eb680d8a452e36eb8a966ba7b3d335d",
          "sha256:643da4140ecc7d9e669504d87c200c0c0a9c794850942ffaa2ba0ee1e868fe8e",
          "sha256:bc996257ce151fbf8e2dd38575de22f690c40909abb87f70a1a2adc2d828e80e"
        ]
      },
      "config": {
        "Entrypoint": [
          "/init"
        ],
        "Env": [
          "PATH=/lsiopy/bin:/usr/local/sbin:/usr/local/bin:/usr/sbin:/usr/bin:/sbin:/bin",
          "PS1=$(whoami)@$(hostname):$(pwd)\\$ ",
          "HOME=/root",
          "TERM=xterm",
          "S6_CMD_WAIT_FOR_SERVICES_MAXTIME=0",
          "S6_VERBOSITY=1",
          "S6_STAGE2_HOOK=/docker-mods",
          "VIRTUAL_ENV=/lsiopy",
          "LSIO_FIRST_PARTY=true",
          "TAUTULLI_DOCKER=True"
        ],
        "Labels": {
          "build_version": "Linuxserver.io version:- v2.13.4-ls121 Build-date:- 2024-02-22T23:38:37+00:00",
          "maintainer": "nemchik,thelamer",
          "org.opencontainers.image.authors": "linuxserver.io",
          "org.opencontainers.image.created": "2024-02-22T23:38:37+00:00",
          "org.opencontainers.image.description": "[Tautulli](http://tautulli.com) is a python based web application for monitoring, analytics and notifications for Plex Media Server.",
          "org.opencontainers.image.documentation": "https://docs.linuxserver.io/images/docker-tautulli",
          "org.opencontainers.image.licenses": "GPL-3.0-only",
          "org.opencontainers.image.ref.name": "accbf0dd2dd8bf98fdd6ed70e8078ffd90dd57a2",
          "org.opencontainers.image.revision": "accbf0dd2dd8bf98fdd6ed70e8078ffd90dd57a2",
          "org.opencontainers.image.source": "https://github.com/linuxserver/docker-tautulli",
          "org.opencontainers.image.title": "Tautulli",
          "org.opencontainers.image.url": "https://github.com/linuxserver/docker-tautulli/packages",
          "org.opencontainers.image.vendor": "linuxserver.io",
          "org.opencontainers.image.version": "v2.13.4-ls121"
        },
        "Volumes": {
          "/config": {}
        },
        "WorkingDir": "/"
      }
    }
  },
  "Results": [
    {
      "Target": "linuxserver/tautulli:latest (alpine 3.19.1)",
      "Class": "os-pkgs",
      "Type": "alpine"
    },
    {
      "Target": "Python",
      "Class": "lang-pkgs",
      "Type": "python-pkg",
      "Vulnerabilities": [
        {
          "VulnerabilityID": "CVE-2022-40897",
          "PkgName": "setuptools",
          "PkgPath": "lsiopy/lib/python3.11/site-packages/setuptools-65.5.0.dist-info/METADATA",
          "PkgIdentifier": {
            "PURL": "pkg:pypi/setuptools@65.5.0"
          },
          "InstalledVersion": "65.5.0",
          "FixedVersion": "65.5.1",
          "Status": "fixed",
          "Layer": {
            "DiffID": "sha256:643da4140ecc7d9e669504d87c200c0c0a9c794850942ffaa2ba0ee1e868fe8e"
          },
          "SeveritySource": "ghsa",
          "PrimaryURL": "https://avd.aquasec.com/nvd/cve-2022-40897",
          "DataSource": {
            "ID": "ghsa",
            "Name": "GitHub Security Advisory pip",
            "URL": "https://github.com/advisories?query=type%3Areviewed+ecosystem%3Apip"
          },
          "Title": "pypa-setuptools: Regular Expression Denial of Service (ReDoS) in package_index.py",
          "Description": "Python Packaging Authority (PyPA) setuptools before 65.5.1 allows remote attackers to cause a denial of service via HTML in a crafted package or custom PackageIndex page. There is a Regular Expression Denial of Service (ReDoS) in package_index.py.",
          "Severity": "HIGH",
          "CweIDs": [
            "CWE-1333"
          ],
          "VendorSeverity": {
            "alma": 2,
            "amazon": 2,
            "bitnami": 2,
            "cbl-mariner": 2,
            "ghsa": 3,
            "nvd": 2,
            "oracle-oval": 3,
            "photon": 2,
            "redhat": 2,
            "rocky": 2,
            "ubuntu": 2
          },
          "CVSS": {
            "bitnami": {
              "V3Vector": "CVSS:3.1/AV:N/AC:H/PR:N/UI:N/S:U/C:N/I:N/A:H",
              "V3Score": 5.9
            },
            "ghsa": {
              "V3Vector": "CVSS:3.1/AV:N/AC:L/PR:N/UI:N/S:U/C:N/I:N/A:H",
              "V3Score": 7.5
            },
            "nvd": {
              "V3Vector": "CVSS:3.1/AV:N/AC:H/PR:N/UI:N/S:U/C:N/I:N/A:H",
              "V3Score": 5.9
            },
            "redhat": {
              "V3Vector": "CVSS:3.1/AV:N/AC:H/PR:N/UI:N/S:U/C:N/I:N/A:H",
              "V3Score": 5.9
            }
          },
          "References": [
            "https://access.redhat.com/errata/RHSA-2023:0952",
            "https://access.redhat.com/security/cve/CVE-2022-40897",
            "https://bugzilla.redhat.com/2158559",
            "https://bugzilla.redhat.com/show_bug.cgi?id=2158559",
            "https://cve.mitre.org/cgi-bin/cvename.cgi?name=CVE-2022-40897",
            "https://errata.almalinux.org/9/ALSA-2023-0952.html",
            "https://errata.rockylinux.org/RLSA-2023:0952",
            "https://github.com/pypa/setuptools",
            "https://github.com/pypa/setuptools/blob/fe8a98e696241487ba6ac9f91faa38ade939ec5d/setuptools/package_index.py#L200",
            "https://github.com/pypa/setuptools/commit/43a9c9bfa6aa626ec2a22540bea28d2ca77964be",
            "https://github.com/pypa/setuptools/compare/v65.5.0...v65.5.1",
            "https://github.com/pypa/setuptools/issues/3659",
            "https://linux.oracle.com/cve/CVE-2022-40897.html",
            "https://linux.oracle.com/errata/ELSA-2023-12348.html",
            "https://lists.fedoraproject.org/archives/list/package-announce%40lists.fedoraproject.org/message/ADES3NLOE5QJKBLGNZNI2RGVOSQXA37R/",
            "https://lists.fedoraproject.org/archives/list/package-announce%40lists.fedoraproject.org/message/YNA2BAH2ACBZ4TVJZKFLCR7L23BG5C3H/",
            "https://lists.fedoraproject.org/archives/list/package-announce@lists.fedoraproject.org/message/ADES3NLOE5QJKBLGNZNI2RGVOSQXA37R",
            "https://lists.fedoraproject.org/archives/list/package-announce@lists.fedoraproject.org/message/YNA2BAH2ACBZ4TVJZKFLCR7L23BG5C3H",
            "https://nvd.nist.gov/vuln/detail/CVE-2022-40897",
            "https://pyup.io/posts/pyup-discovers-redos-vulnerabilities-in-top-python-packages",
            "https://pyup.io/posts/pyup-discovers-redos-vulnerabilities-in-top-python-packages/",
            "https://pyup.io/vulnerabilities/CVE-2022-40897/52495",
            "https://pyup.io/vulnerabilities/CVE-2022-40897/52495/",
            "https://security.netapp.com/advisory/ntap-20230214-0001",
            "https://security.netapp.com/advisory/ntap-20230214-0001/",
            "https://setuptools.pypa.io/en/latest",
            "https://ubuntu.com/security/notices/USN-5817-1",
            "https://www.cve.org/CVERecord?id=CVE-2022-40897"
          ],
          "PublishedDate": "2022-12-23T00:15:13.987Z",
          "LastModifiedDate": "2023-11-07T03:52:38.44Z"
        }
      ]
    },
    {
      "Target": "/lsiopy/lib/python3.11/site-packages/PyJWT-2.8.0.dist-info/METADATA",
      "Class": "secret",
      "Secrets": [
        {
          "RuleID": "jwt-token",
          "Category": "JWT",
          "Severity": "MEDIUM",
          "Title": "JWT token",
          "StartLine": 90,
          "EndLine": 90,
          "Code": {
            "Lines": [
              {
                "Number": 88,
                "Content": "    \u003e\u003e\u003e encoded = jwt.encode({\"some\": \"payload\"}, \"secret\", algorithm=\"HS256\")",
                "IsCause": false,
                "Annotation": "",
                "Truncated": false,
                "Highlighted": "    \u003e\u003e\u003e encoded = jwt.encode({\"some\": \"payload\"}, \"secret\", algorithm=\"HS256\")",
                "FirstCause": false,
                "LastCause": false
              },
              {
                "Number": 89,
                "Content": "    \u003e\u003e\u003e print(encoded)",
                "IsCause": false,
                "Annotation": "",
                "Truncated": false,
                "Highlighted": "    \u003e\u003e\u003e print(encoded)",
                "FirstCause": false,
                "LastCause": false
              },
              {
                "Number": 90,
                "Content": "    *********************************************************************************************************",
                "IsCause": true,
                "Annotation": "",
                "Truncated": false,
                "Highlighted": "    *********************************************************************************************************",
                "FirstCause": true,
                "LastCause": true
              },
              {
                "Number": 91,
                "Content": "    \u003e\u003e\u003e jwt.decode(encoded, \"secret\", algorithms=[\"HS256\"])",
                "IsCause": false,
                "Annotation": "",
                "Truncated": false,
                "Highlighted": "    \u003e\u003e\u003e jwt.decode(encoded, \"secret\", algorithms=[\"HS256\"])",
                "FirstCause": false,
                "LastCause": false
              }
            ]
          },
          "Match": "\")\n    \u003e\u003e\u003e print(encoded)\n    *********************************************************************************************************\n    \u003e\u003e\u003e jwt.decode(",
          "Layer": {
            "DiffID": "sha256:643da4140ecc7d9e669504d87c200c0c0a9c794850942ffaa2ba0ee1e868fe8e",
            "CreatedBy": "RUN |3 BUILD_DATE=2024-02-22T23:38:37+00:00 VERSION=v2.13.4-ls121 TAUTULLI_RELEASE=v2.13.4 /bin/sh -c echo \"**** install build packages ****\" \u0026\u0026   apk add --no-cache --virtual=build-dependencies     build-base     cargo     python3-dev \u0026\u0026   echo \"**** install packages ****\" \u0026\u0026   apk add --no-cache     git     python3 \u0026\u0026   echo \"**** install tautulli ****\" \u0026\u0026   if [ -z ${TAUTULLI_RELEASE+x} ]; then     TAUTULLI_RELEASE=$(curl -sX GET \"https://api.github.com/repos/Tautulli/Tautulli/releases/latest\"     | jq -r '. | .tag_name');   fi \u0026\u0026   mkdir -p /app/tautulli \u0026\u0026   curl -o     /tmp/tautulli.tar.gz -L     \"https://github.com/Tautulli/Tautulli/archive/${TAUTULLI_RELEASE}.tar.gz\" \u0026\u0026   tar xf     /tmp/tautulli.tar.gz -C     /app/tautulli --strip-components=1 \u0026\u0026   cd /app/tautulli \u0026\u0026   python3 -m venv /lsiopy \u0026\u0026   pip install -U --no-cache-dir     pip     wheel \u0026\u0026   pip install -U --no-cache-dir --find-links https://wheel-index.linuxserver.io/alpine-3.19/     cryptography     pycryptodomex     pyopenssl \u0026\u0026   pip install -U --no-cache-dir --find-links https://wheel-index.linuxserver.io/alpine-3.19/     -r requirements.txt \u0026\u0026   echo \"**** Hard Coding versioning ****\" \u0026\u0026   echo \"${TAUTULLI_RELEASE}\" \u003e /app/tautulli/version.txt \u0026\u0026   echo \"master\" \u003e /app/tautulli/branch.txt \u0026\u0026   echo \"**** cleanup ****\" \u0026\u0026   apk del --purge     build-dependencies \u0026\u0026   rm -rf     /tmp/*     $HOME/.cache     $HOME/.cargo # buildkit"
          }
        }
      ]
    }
  ]
}
