{
  "SchemaVersion": 2,
  "CreatedAt": "2024-02-25T11:03:28.4930871Z",
  "ArtifactName": "linuxserver/sabnzbd:latest",
  "ArtifactType": "container_image",
  "Metadata": {
    "OS": {
      "Family": "alpine",
      "Name": "3.19.1"
    },
    "ImageID": "sha256:28931ad521d83c1fa9ad7cbd26521f1328a8b9bb870715b0d5f3dc5fd6ce7705",
    "DiffIDs": [
      "sha256:01fd502f0720e66d57cc0139ed6862b154bdd4a0429b2733670277dbfb968f3c",
      "sha256:bf27900f6443e5f1b530609ec5570e0256b1a20a5df38fdbdf1d17ffb6b826e6",
      "sha256:691621f13fd540a9fb87e2e9d4a9b87a84107bce3621bfdb0db2d7cbb05ec4b9",
      "sha256:1f34686be733fc4f868bf7a30c139ddee21200b847a45828e840f2a1e5117464",
      "sha256:fe56a5801ec1aef7b4797373f4df36285eb680d8a452e36eb8a966ba7b3d335d",
      "sha256:140f4bce1aa0aa66ae00c301992f29353cb356cb7fe7fa32a50670b2f9ce4c7a",
      "sha256:59b43791d4c4ac5d51b3e7b97c9c10ad5bcdba3524c553babef67c18f3802aa6",
      "sha256:57dfe58a45c28bc7c2ec519c15db97b353e0b5b539a5ab2a2e7d6e6167535c53"
    ],
    "RepoTags": [
      "linuxserver/sabnzbd:latest"
    ],
    "RepoDigests": [
      "linuxserver/sabnzbd@sha256:308ab2ef35dc1a053dcd8ff760c3c6ca07043c71fa9ee0f63d8229a21f69d19f"
    ],
    "ImageConfig": {
      "architecture": "amd64",
      "created": "2024-02-22T01:34:11.970310415Z",
      "history": [
        {
          "created": "2024-02-03T13:30:21Z",
          "created_by": "COPY /root-out/ / # buildkit",
          "comment": "buildkit.dockerfile.v0"
        },
        {
          "created": "2024-02-03T13:30:21Z",
          "created_by": "ARG BUILD_DATE",
          "comment": "buildkit.dockerfile.v0",
          "empty_layer": true
        },
        {
          "created": "2024-02-03T13:30:21Z",
          "created_by": "ARG VERSION",
          "comment": "buildkit.dockerfile.v0",
          "empty_layer": true
        },
        {
          "created": "2024-02-03T13:30:21Z",
          "created_by": "ARG MODS_VERSION=v3",
          "comment": "buildkit.dockerfile.v0",
          "empty_layer": true
        },
        {
          "created": "2024-02-03T13:30:21Z",
          "created_by": "ARG PKG_INST_VERSION=v1",
          "comment": "buildkit.dockerfile.v0",
          "empty_layer": true
        },
        {
          "created": "2024-02-03T13:30:21Z",
          "created_by": "LABEL build_version=Linuxserver.io version:- 8da559a6-ls7 Build-date:- 2024-02-03T13:28:02+00:00",
          "comment": "buildkit.dockerfile.v0",
          "empty_layer": true
        },
        {
          "created": "2024-02-03T13:30:21Z",
          "created_by": "LABEL maintainer=TheLamer",
          "comment": "buildkit.dockerfile.v0",
          "empty_layer": true
        },
        {
          "created": "2024-02-03T13:30:21Z",
          "created_by": "ADD https://raw.githubusercontent.com/linuxserver/docker-mods/mod-scripts/docker-mods.v3 /docker-mods # buildkit",
          "comment": "buildkit.dockerfile.v0"
        },
        {
          "created": "2024-02-03T13:30:21Z",
          "created_by": "ADD https://raw.githubusercontent.com/linuxserver/docker-mods/mod-scripts/package-install.v1 /etc/s6-overlay/s6-rc.d/init-mods-package-install/run # buildkit",
          "comment": "buildkit.dockerfile.v0"
        },
        {
          "created": "2024-02-03T13:30:21Z",
          "created_by": "ENV PS1=$(whoami)@$(hostname):$(pwd)\\$  HOME=/root TERM=xterm S6_CMD_WAIT_FOR_SERVICES_MAXTIME=0 S6_VERBOSITY=1 S6_STAGE2_HOOK=/docker-mods VIRTUAL_ENV=/lsiopy PATH=/lsiopy/bin:/usr/local/sbin:/usr/local/bin:/usr/sbin:/usr/bin:/sbin:/bin",
          "comment": "buildkit.dockerfile.v0",
          "empty_layer": true
        },
        {
          "created": "2024-02-03T13:30:23Z",
          "created_by": "RUN |4 BUILD_DATE=2024-02-03T13:28:02+00:00 VERSION=8da559a6-ls7 MODS_VERSION=v3 PKG_INST_VERSION=v1 /bin/sh -c echo \"**** install runtime packages ****\" \u0026\u0026   apk add --no-cache     alpine-release     bash     ca-certificates     coreutils     curl     jq     netcat-openbsd     procps-ng     shadow     tzdata \u0026\u0026   echo \"**** create abc user and make our folders ****\" \u0026\u0026   groupmod -g 1000 users \u0026\u0026   useradd -u 911 -U -d /config -s /bin/false abc \u0026\u0026   usermod -G users abc \u0026\u0026   mkdir -p     /app     /config     /defaults     /lsiopy \u0026\u0026   echo \"**** cleanup ****\" \u0026\u0026   rm -rf     /tmp/* # buildkit",
          "comment": "buildkit.dockerfile.v0"
        },
        {
          "created": "2024-02-03T13:30:24Z",
          "created_by": "COPY root/ / # buildkit",
          "comment": "buildkit.dockerfile.v0"
        },
        {
          "created": "2024-02-03T13:30:24Z",
          "created_by": "ENTRYPOINT [\"/init\"]",
          "comment": "buildkit.dockerfile.v0",
          "empty_layer": true
        },
        {
          "created": "2024-02-22T01:34:11Z",
          "created_by": "ENV LSIO_FIRST_PARTY=true",
          "comment": "buildkit.dockerfile.v0",
          "empty_layer": true
        },
        {
          "created": "2024-02-22T01:34:11Z",
          "created_by": "ARG BUILD_DATE",
          "comment": "buildkit.dockerfile.v0",
          "empty_layer": true
        },
        {
          "created": "2024-02-22T01:34:11Z",
          "created_by": "ARG VERSION",
          "comment": "buildkit.dockerfile.v0",
          "empty_layer": true
        },
        {
          "created": "2024-02-22T01:34:11Z",
          "created_by": "ARG SABNZBD_VERSION",
          "comment": "buildkit.dockerfile.v0",
          "empty_layer": true
        },
        {
          "created": "2024-02-22T01:34:11Z",
          "created_by": "LABEL build_version=Linuxserver.io version:- 4.2.2-ls150 Build-date:- 2024-02-22T01:30:30+00:00",
          "comment": "buildkit.dockerfile.v0",
          "empty_layer": true
        },
        {
          "created": "2024-02-22T01:34:11Z",
          "created_by": "LABEL maintainer=thespad",
          "comment": "buildkit.dockerfile.v0",
          "empty_layer": true
        },
        {
          "created": "2024-02-22T01:34:11Z",
          "created_by": "ENV HOME=/config PYTHONIOENCODING=utf-8",
          "comment": "buildkit.dockerfile.v0",
          "empty_layer": true
        },
        {
          "created": "2024-02-22T01:34:11Z",
          "created_by": "RUN |3 BUILD_DATE=2024-02-22T01:30:30+00:00 VERSION=4.2.2-ls150 SABNZBD_VERSION=4.2.2 /bin/sh -c echo \"**** install packages ****\" \u0026\u0026   apk add -U --update --no-cache --virtual=build-dependencies     autoconf     automake     build-base     libffi-dev     openssl-dev     python3-dev \u0026\u0026   apk add  -U --update --no-cache     7zip     python3 \u0026\u0026   echo \"**** install sabnzbd ****\" \u0026\u0026   if [ -z ${SABNZBD_VERSION+x} ]; then     SABNZBD_VERSION=$(curl -s https://api.github.com/repos/sabnzbd/sabnzbd/releases/latest       | awk '/tag_name/{print $4;exit}' FS='[\"\"]');   fi \u0026\u0026   mkdir -p /app/sabnzbd \u0026\u0026   curl -o     /tmp/sabnzbd.tar.gz -L     \"https://github.com/sabnzbd/sabnzbd/releases/download/${SABNZBD_VERSION}/SABnzbd-${SABNZBD_VERSION}-src.tar.gz\" \u0026\u0026   tar xf     /tmp/sabnzbd.tar.gz -C     /app/sabnzbd --strip-components=1 \u0026\u0026   cd /app/sabnzbd \u0026\u0026   python3 -m venv /lsiopy \u0026\u0026   pip install -U --no-cache-dir     pip     wheel \u0026\u0026   pip install -U --no-cache-dir --find-links https://wheel-index.linuxserver.io/alpine-3.19/     apprise     pynzb     requests \u0026\u0026   pip install -U --no-cache-dir --find-links https://wheel-index.linuxserver.io/alpine-3.19/ -r requirements.txt \u0026\u0026   echo \"**** build sab translations ****\" \u0026\u0026   python3 tools/make_mo.py \u0026\u0026   echo \"**** install par2cmdline-turbo from source ****\" \u0026\u0026   PAR2_VERSION=$(curl -s https://api.github.com/repos/animetosho/par2cmdline-turbo/releases/latest     | awk '/tag_name/{print $4;exit}' FS='[\"\"]');   mkdir /tmp/par2cmdline \u0026\u0026   curl -o     /tmp/par2cmdline.tar.gz -L     \"https://github.com/animetosho/par2cmdline-turbo/archive/${PAR2_VERSION}.tar.gz\" \u0026\u0026   tar xf     /tmp/par2cmdline.tar.gz -C     /tmp/par2cmdline --strip-components=1 \u0026\u0026   cd /tmp/par2cmdline \u0026\u0026   ./automake.sh \u0026\u0026   ./configure \u0026\u0026   make \u0026\u0026   make check \u0026\u0026   make install \u0026\u0026   echo \"**** install nzb-notify ****\" \u0026\u0026   NZBNOTIFY_VERSION=$(curl -s https://api.github.com/repos/caronc/nzb-notify/releases/latest     | awk '/tag_name/{print $4;exit}' FS='[\"\"]') \u0026\u0026   mkdir -p /app/nzbnotify \u0026\u0026   curl -o     /tmp/nzbnotify.tar.gz -L     \"https://api.github.com/repos/caronc/nzb-notify/tarball/${NZBNOTIFY_VERSION}\" \u0026\u0026   tar xf     /tmp/nzbnotify.tar.gz -C     /app/nzbnotify --strip-components=1 \u0026\u0026   cd /app/nzbnotify \u0026\u0026   pip install -U --no-cache-dir --find-links https://wheel-index.linuxserver.io/alpine-3.19/ -r requirements.txt \u0026\u0026   echo \"**** cleanup ****\" \u0026\u0026   apk del --purge     build-dependencies \u0026\u0026   rm -rf     /tmp/*     $HOME/.cache # buildkit",
          "comment": "buildkit.dockerfile.v0"
        },
        {
          "created": "2024-02-22T01:34:11Z",
          "created_by": "COPY root/ / # buildkit",
          "comment": "buildkit.dockerfile.v0"
        },
        {
          "created": "2024-02-22T01:34:11Z",
          "created_by": "COPY /usr/bin/unrar-alpine /usr/bin/unrar # buildkit",
          "comment": "buildkit.dockerfile.v0"
        },
        {
          "created": "2024-02-22T01:34:11Z",
          "created_by": "EXPOSE map[8080/tcp:{}]",
          "comment": "buildkit.dockerfile.v0",
          "empty_layer": true
        },
        {
          "created": "2024-02-22T01:34:11Z",
          "created_by": "VOLUME [/config]",
          "comment": "buildkit.dockerfile.v0",
          "empty_layer": true
        }
      ],
      "os": "linux",
      "rootfs": {
        "type": "layers",
        "diff_ids": [
          "sha256:01fd502f0720e66d57cc0139ed6862b154bdd4a0429b2733670277dbfb968f3c",
          "sha256:bf27900f6443e5f1b530609ec5570e0256b1a20a5df38fdbdf1d17ffb6b826e6",
          "sha256:691621f13fd540a9fb87e2e9d4a9b87a84107bce3621bfdb0db2d7cbb05ec4b9",
          "sha256:1f34686be733fc4f868bf7a30c139ddee21200b847a45828e840f2a1e5117464",
          "sha256:fe56a5801ec1aef7b4797373f4df36285eb680d8a452e36eb8a966ba7b3d335d",
          "sha256:140f4bce1aa0aa66ae00c301992f29353cb356cb7fe7fa32a50670b2f9ce4c7a",
          "sha256:59b43791d4c4ac5d51b3e7b97c9c10ad5bcdba3524c553babef67c18f3802aa6",
          "sha256:57dfe58a45c28bc7c2ec519c15db97b353e0b5b539a5ab2a2e7d6e6167535c53"
        ]
      },
      "config": {
        "Entrypoint": [
          "/init"
        ],
        "Env": [
          "PATH=/lsiopy/bin:/usr/local/sbin:/usr/local/bin:/usr/sbin:/usr/bin:/sbin:/bin",
          "PS1=$(whoami)@$(hostname):$(pwd)\\$ ",
          "HOME=/config",
          "TERM=xterm",
          "S6_CMD_WAIT_FOR_SERVICES_MAXTIME=0",
          "S6_VERBOSITY=1",
          "S6_STAGE2_HOOK=/docker-mods",
          "VIRTUAL_ENV=/lsiopy",
          "LSIO_FIRST_PARTY=true",
          "PYTHONIOENCODING=utf-8"
        ],
        "Labels": {
          "build_version": "Linuxserver.io version:- 4.2.2-ls150 Build-date:- 2024-02-22T01:30:30+00:00",
          "maintainer": "thespad",
          "org.opencontainers.image.authors": "linuxserver.io",
          "org.opencontainers.image.created": "2024-02-22T01:30:30+00:00",
          "org.opencontainers.image.description": "[Sabnzbd](http://sabnzbd.org/) makes Usenet as simple and streamlined as possible by automating everything we can. All you have to do is add an .nzb. SABnzbd takes over from there, where it will be automatically downloaded, verified, repaired, extracted and filed away with zero human interaction.",
          "org.opencontainers.image.documentation": "https://docs.linuxserver.io/images/docker-sabnzbd",
          "org.opencontainers.image.licenses": "GPL-3.0-only",
          "org.opencontainers.image.ref.name": "b261c1ecf59718347afe2a9cd2c45af280251b85",
          "org.opencontainers.image.revision": "b261c1ecf59718347afe2a9cd2c45af280251b85",
          "org.opencontainers.image.source": "https://github.com/linuxserver/docker-sabnzbd",
          "org.opencontainers.image.title": "Sabnzbd",
          "org.opencontainers.image.url": "https://github.com/linuxserver/docker-sabnzbd/packages",
          "org.opencontainers.image.vendor": "linuxserver.io",
          "org.opencontainers.image.version": "4.2.2-ls150"
        },
        "Volumes": {
          "/config": {}
        },
        "WorkingDir": "/"
      }
    }
  },
  "Results": [
    {
      "Target": "linuxserver/sabnzbd:latest (alpine 3.19.1)",
      "Class": "os-pkgs",
      "Type": "alpine"
    },
    {
      "Target": "Python",
      "Class": "lang-pkgs",
      "Type": "python-pkg",
      "Vulnerabilities": [
        {
          "VulnerabilityID": "CVE-2023-26112",
          "PkgName": "configobj",
          "PkgPath": "lsiopy/lib/python3.11/site-packages/configobj-5.0.8.dist-info/METADATA",
          "PkgIdentifier": {
            "PURL": "pkg:pypi/configobj@5.0.8"
          },
          "InstalledVersion": "5.0.8",
          "Status": "affected",
          "Layer": {
            "DiffID": "sha256:140f4bce1aa0aa66ae00c301992f29353cb356cb7fe7fa32a50670b2f9ce4c7a"
          },
          "SeveritySource": "ghsa",
          "PrimaryURL": "https://avd.aquasec.com/nvd/cve-2023-26112",
          "DataSource": {
            "ID": "ghsa",
            "Name": "GitHub Security Advisory pip",
            "URL": "https://github.com/advisories?query=type%3Areviewed+ecosystem%3Apip"
          },
          "Title": "python-configobj: Regular expression denial of service exists in ./src/configobj/validate.py",
          "Description": "All versions of the package configobj are vulnerable to Regular Expression Denial of Service (ReDoS) via the validate function, using (.+?)\\((.*)\\).\r\r**Note:** This is only exploitable in the case of a developer, putting the offending value in a server side configuration file.\r\r",
          "Severity": "LOW",
          "CweIDs": [
            "CWE-1333"
          ],
          "VendorSeverity": {
            "amazon": 1,
            "ghsa": 1,
            "nvd": 2,
            "redhat": 2,
            "ubuntu": 1
          },
          "CVSS": {
            "ghsa": {
              "V3Vector": "CVSS:3.1/AV:N/AC:H/PR:N/UI:N/S:U/C:N/I:N/A:L",
              "V3Score": 3.7
            },
            "nvd": {
              "V3Vector": "CVSS:3.1/AV:N/AC:H/PR:N/UI:N/S:U/C:N/I:N/A:H",
              "V3Score": 5.9
            },
            "redhat": {
              "V3Vector": "CVSS:3.1/AV:N/AC:H/PR:N/UI:N/S:U/C:N/I:N/A:H",
              "V3Score": 5.9
            }
          },
          "References": [
            "https://access.redhat.com/security/cve/CVE-2023-26112",
            "https://cve.mitre.org/cgi-bin/cvename.cgi?name=CVE-2023-26112",
            "https://github.com/DiffSK/configobj",
            "https://github.com/DiffSK/configobj/issues/232",
            "https://lists.fedoraproject.org/archives/list/package-announce@lists.fedoraproject.org/message/6BO4RLMYEJODCNUE3DJIIUUFVTPAG6VN",
            "https://lists.fedoraproject.org/archives/list/package-announce@lists.fedoraproject.org/message/6BO4RLMYEJODCNUE3DJIIUUFVTPAG6VN/",
            "https://lists.fedoraproject.org/archives/list/package-announce@lists.fedoraproject.org/message/NZHY7B33EFY4LESP2NI4APQUPRROTAZK",
            "https://lists.fedoraproject.org/archives/list/package-announce@lists.fedoraproject.org/message/NZHY7B33EFY4LESP2NI4APQUPRROTAZK/",
            "https://lists.fedoraproject.org/archives/list/package-announce@lists.fedoraproject.org/message/PYU4IHVLOTYMFPH7KDOJGKZQR4GKWPFK",
            "https://lists.fedoraproject.org/archives/list/package-announce@lists.fedoraproject.org/message/PYU4IHVLOTYMFPH7KDOJGKZQR4GKWPFK/",
            "https://nvd.nist.gov/vuln/detail/CVE-2023-26112",
            "https://security.snyk.io/vuln/SNYK-PYTHON-CONFIGOBJ-3252494",
            "https://www.cve.org/CVERecord?id=CVE-2023-26112"
          ],
          "PublishedDate": "2023-04-03T05:15:07.753Z",
          "LastModifiedDate": "2023-11-07T04:09:21.94Z"
        },
        {
          "VulnerabilityID": "CVE-2023-50782",
          "PkgName": "cryptography",
          "PkgPath": "lsiopy/lib/python3.11/site-packages/cryptography-41.0.7.dist-info/METADATA",
          "PkgIdentifier": {
            "PURL": "pkg:pypi/cryptography@41.0.7"
          },
          "InstalledVersion": "41.0.7",
          "FixedVersion": "42.0.0",
          "Status": "fixed",
          "Layer": {
            "DiffID": "sha256:140f4bce1aa0aa66ae00c301992f29353cb356cb7fe7fa32a50670b2f9ce4c7a"
          },
          "SeveritySource": "ghsa",
          "PrimaryURL": "https://avd.aquasec.com/nvd/cve-2023-50782",
          "DataSource": {
            "ID": "ghsa",
            "Name": "GitHub Security Advisory pip",
            "URL": "https://github.com/advisories?query=type%3Areviewed+ecosystem%3Apip"
          },
          "Title": "python-cryptography: Bleichenbacher timing oracle attack against RSA decryption - incomplete fix for CVE-2020-25659",
          "Description": "A flaw was found in the python-cryptography package. This issue may allow a remote attacker to decrypt captured messages in TLS servers that use RSA key exchanges, which may lead to exposure of confidential or sensitive data.",
          "Severity": "HIGH",
          "CweIDs": [
            "CWE-203",
            "CWE-208"
          ],
          "VendorSeverity": {
            "ghsa": 3,
            "nvd": 3,
            "redhat": 2,
            "ubuntu": 2
          },
          "CVSS": {
            "ghsa": {
              "V3Vector": "CVSS:3.1/AV:N/AC:L/PR:N/UI:N/S:U/C:H/I:N/A:N",
              "V3Score": 7.5
            },
            "nvd": {
              "V3Vector": "CVSS:3.1/AV:N/AC:L/PR:N/UI:N/S:U/C:H/I:N/A:N",
              "V3Score": 7.5
            },
            "redhat": {
              "V3Vector": "CVSS:3.1/AV:N/AC:H/PR:N/UI:N/S:U/C:H/I:N/A:N",
              "V3Score": 5.9
            }
          },
          "References": [
            "https://access.redhat.com/security/cve/CVE-2023-50782",
            "https://bugzilla.redhat.com/show_bug.cgi?id=2254432",
            "https://cve.mitre.org/cgi-bin/cvename.cgi?name=CVE-2023-50782",
            "https://github.com/openssl/openssl/pull/13817",
            "https://github.com/pyca/cryptography",
            "https://github.com/pyca/cryptography/issues/9785",
            "https://nvd.nist.gov/vuln/detail/CVE-2023-50782",
            "https://people.redhat.com/~hkario/marvin/",
            "https://www.cve.org/CVERecord?id=CVE-2023-50782"
          ],
          "PublishedDate": "2024-02-05T21:15:11.183Z",
          "LastModifiedDate": "2024-02-14T17:52:10.027Z"
        },
        {
          "VulnerabilityID": "CVE-2024-26130",
          "PkgName": "cryptography",
          "PkgPath": "lsiopy/lib/python3.11/site-packages/cryptography-41.0.7.dist-info/METADATA",
          "PkgIdentifier": {
            "PURL": "pkg:pypi/cryptography@41.0.7"
          },
          "InstalledVersion": "41.0.7",
          "FixedVersion": "42.0.4",
          "Status": "fixed",
          "Layer": {
            "DiffID": "sha256:140f4bce1aa0aa66ae00c301992f29353cb356cb7fe7fa32a50670b2f9ce4c7a"
          },
          "SeveritySource": "ghsa",
          "PrimaryURL": "https://avd.aquasec.com/nvd/cve-2024-26130",
          "DataSource": {
            "ID": "ghsa",
            "Name": "GitHub Security Advisory pip",
            "URL": "https://github.com/advisories?query=type%3Areviewed+ecosystem%3Apip"
          },
          "Title": "cryptography is a package designed to expose cryptographic primitives  ...",
          "Description": "cryptography is a package designed to expose cryptographic primitives and recipes to Python developers. Starting in version 38.0.0 and prior to version 42.0.4, if `pkcs12.serialize_key_and_certificates` is called with both a certificate whose public key did not match the provided private key and an `encryption_algorithm` with `hmac_hash` set (via `PrivateFormat.PKCS12.encryption_builder().hmac_hash(...)`, then a NULL pointer dereference would occur, crashing the Python process. This has been resolved in version 42.0.4, the first version in which a `ValueError` is properly raised.",
          "Severity": "HIGH",
          "CweIDs": [
            "CWE-476"
          ],
          "VendorSeverity": {
            "ghsa": 3
          },
          "CVSS": {
            "ghsa": {
              "V3Vector": "CVSS:3.1/AV:N/AC:L/PR:N/UI:N/S:U/C:N/I:N/A:H",
              "V3Score": 7.5
            }
          },
          "References": [
            "https://github.com/pyca/cryptography",
            "https://github.com/pyca/cryptography/commit/97d231672763cdb5959a3b191e692a362f1b9e55",
            "https://github.com/pyca/cryptography/pull/10423",
            "https://github.com/pyca/cryptography/security/advisories/GHSA-6vqw-3v5j-54x4",
            "https://nvd.nist.gov/vuln/detail/CVE-2024-26130"
          ],
          "PublishedDate": "2024-02-21T17:15:09.863Z",
          "LastModifiedDate": "2024-02-22T19:07:27.197Z"
        },
        {
          "VulnerabilityID": "CVE-2024-0727",
          "PkgName": "cryptography",
          "PkgPath": "lsiopy/lib/python3.11/site-packages/cryptography-41.0.7.dist-info/METADATA",
          "PkgIdentifier": {
            "PURL": "pkg:pypi/cryptography@41.0.7"
          },
          "InstalledVersion": "41.0.7",
          "FixedVersion": "42.0.2",
          "Status": "fixed",
          "Layer": {
            "DiffID": "sha256:140f4bce1aa0aa66ae00c301992f29353cb356cb7fe7fa32a50670b2f9ce4c7a"
          },
          "SeveritySource": "ghsa",
          "PrimaryURL": "https://avd.aquasec.com/nvd/cve-2024-0727",
          "DataSource": {
            "ID": "ghsa",
            "Name": "GitHub Security Advisory pip",
            "URL": "https://github.com/advisories?query=type%3Areviewed+ecosystem%3Apip"
          },
          "Title": "openssl: denial of service via null dereference",
          "Description": "Issue summary: Processing a maliciously formatted PKCS12 file may lead OpenSSL\nto crash leading to a potential Denial of Service attack\n\nImpact summary: Applications loading files in the PKCS12 format from untrusted\nsources might terminate abruptly.\n\nA file in PKCS12 format can contain certificates and keys and may come from an\nuntrusted source. The PKCS12 specification allows certain fields to be NULL, but\nOpenSSL does not correctly check for this case. This can lead to a NULL pointer\ndereference that results in OpenSSL crashing. If an application processes PKCS12\nfiles from an untrusted source using the OpenSSL APIs then that application will\nbe vulnerable to this issue.\n\nOpenSSL APIs that are vulnerable to this are: PKCS12_parse(),\nPKCS12_unpack_p7data(), PKCS12_unpack_p7encdata(), PKCS12_unpack_authsafes()\nand PKCS12_newpass().\n\nWe have also fixed a similar issue in SMIME_write_PKCS7(). However since this\nfunction is related to writing data we do not consider it security significant.\n\nThe FIPS modules in 3.2, 3.1 and 3.0 are not affected by this issue.",
          "Severity": "MEDIUM",
          "VendorSeverity": {
            "amazon": 2,
            "ghsa": 2,
            "nvd": 2,
            "photon": 2,
            "redhat": 1,
            "ubuntu": 1
          },
          "CVSS": {
            "ghsa": {
              "V3Vector": "CVSS:3.1/AV:L/AC:L/PR:N/UI:R/S:U/C:N/I:N/A:H",
              "V3Score": 5.5
            },
            "nvd": {
              "V3Vector": "CVSS:3.1/AV:L/AC:L/PR:N/UI:R/S:U/C:N/I:N/A:H",
              "V3Score": 5.5
            },
            "redhat": {
              "V3Vector": "CVSS:3.1/AV:L/AC:L/PR:N/UI:R/S:U/C:N/I:N/A:L",
              "V3Score": 3.3
            }
          },
          "References": [
            "https://access.redhat.com/security/cve/CVE-2024-0727",
            "https://cve.mitre.org/cgi-bin/cvename.cgi?name=CVE-2024-0727",
            "https://github.com/alexcrichton/openssl-src-rs/commit/add20f73b6b42be7451af2e1044d4e0e778992b2",
            "https://github.com/github/advisory-database/pull/3472",
            "https://github.com/openssl/openssl/commit/09df4395b5071217b76dc7d3d2e630eb8c5a79c2",
            "https://github.com/openssl/openssl/commit/775acfdbd0c6af9ac855f34969cdab0c0c90844a",
            "https://github.com/openssl/openssl/commit/d135eeab8a5dbf72b3da5240bab9ddb7678dbd2c",
            "https://github.com/openssl/openssl/pull/23362",
            "https://github.com/pyca/cryptography/commit/3519591d255d4506fbcd0d04037d45271903c64d",
            "https://github.openssl.org/openssl/extended-releases/commit/03b3941d60c4bce58fab69a0c22377ab439bc0e8",
            "https://github.openssl.org/openssl/extended-releases/commit/aebaa5883e31122b404e450732dc833dc9dee539",
            "https://nvd.nist.gov/vuln/detail/CVE-2024-0727",
            "https://security.netapp.com/advisory/ntap-20240208-0006",
            "https://security.netapp.com/advisory/ntap-20240208-0006/",
            "https://ubuntu.com/security/notices/USN-6622-1",
            "https://ubuntu.com/security/notices/USN-6632-1",
            "https://www.cve.org/CVERecord?id=CVE-2024-0727",
            "https://www.openssl.org/news/secadv/20240125.txt"
          ],
          "PublishedDate": "2024-01-26T09:15:07.637Z",
          "LastModifiedDate": "2024-02-08T10:15:13.91Z"
        }
      ]
    }
  ]
}
