{
  "SchemaVersion": 2,
  "CreatedAt": "2024-02-25T14:18:55.223298597Z",
  "ArtifactName": "longhornio/longhorn-manager:v1.6.x-head",
  "ArtifactType": "container_image",
  "Metadata": {
    "OS": {
      "Family": "suse linux enterprise server",
      "Name": "15.5"
    },
    "ImageID": "sha256:89925d23f9d0db58c4b76a28cd77d1a6074815617b1caaaa5722c24976b1e3ed",
    "DiffIDs": [
      "sha256:cbcb3f96a15c95c01dffbfa00a57a21fc10d719eb5bfeddf67192560b9cfc7ae",
      "sha256:75225fad87b340510d7d74d330c121d6db5875e8d5cbecae4067279c8b5e3d0b",
      "sha256:1c2499237bc369489b0ea7aed9d8fa76f5c2bd22831d3a8aa7c9481d22277c34"
    ],
    "RepoTags": [
      "longhornio/longhorn-manager:v1.6.x-head"
    ],
    "RepoDigests": [
      "longhornio/longhorn-manager@sha256:cb13bda047fda465f0359a61cc0a6b68650f4c029f017d4f69173f761282d01a"
    ],
    "ImageConfig": {
      "architecture": "amd64",
      "container": "ccf1b25f998d3ba353dd89554d24c0bfa6c74533f3e331e1df3277939dd7ca46",
      "created": "2024-02-23T05:01:51.797968261Z",
      "docker_version": "20.10.14",
      "history": [
        {
          "created": "2024-02-15T11:56:13Z",
          "created_by": "KIWI 9.24.43"
        },
        {
          "created": "2024-02-23T05:01:40Z",
          "created_by": "/bin/sh -c zypper -n install iputils iproute2 nfs-client cifs-utils bind-utils e2fsprogs xfsprogs zip unzip \u0026\u0026     rm -rf /var/cache/zypp/*"
        },
        {
          "created": "2024-02-23T05:01:43Z",
          "created_by": "/bin/sh -c #(nop) COPY multi:ab2b98e1fed5dc9649758cc8ea6f096882fb15afcf33b9622df2a1ef5014da90 in /usr/local/sbin/ "
        },
        {
          "created": "2024-02-23T05:01:45Z",
          "created_by": "/bin/sh -c #(nop)  VOLUME [/usr/local/sbin]",
          "empty_layer": true
        },
        {
          "created": "2024-02-23T05:01:46Z",
          "created_by": "/bin/sh -c #(nop)  EXPOSE 9500",
          "empty_layer": true
        },
        {
          "created": "2024-02-23T05:01:47Z",
          "created_by": "/bin/sh -c #(nop)  CMD [\"launch-manager\"]",
          "empty_layer": true
        },
        {
          "created": "2024-02-23T05:01:48Z",
          "created_by": "/bin/sh -c #(nop)  LABEL org.opencontainers.image.created=2024-02-23T05:01:20Z",
          "empty_layer": true
        },
        {
          "created": "2024-02-23T05:01:49Z",
          "created_by": "/bin/sh -c #(nop)  LABEL org.opencontainers.image.revision=bf3edb2a4d867126ce05f8f3a240dc63e430cae7",
          "empty_layer": true
        },
        {
          "created": "2024-02-23T05:01:50Z",
          "created_by": "/bin/sh -c #(nop)  LABEL org.opencontainers.image.source=https://github.com/longhorn/longhorn-manager.git",
          "empty_layer": true
        },
        {
          "created": "2024-02-23T05:01:51Z",
          "created_by": "/bin/sh -c #(nop)  LABEL org.opencontainers.image.url=https://github.com/longhorn/longhorn-manager",
          "empty_layer": true
        }
      ],
      "os": "linux",
      "rootfs": {
        "type": "layers",
        "diff_ids": [
          "sha256:cbcb3f96a15c95c01dffbfa00a57a21fc10d719eb5bfeddf67192560b9cfc7ae",
          "sha256:75225fad87b340510d7d74d330c121d6db5875e8d5cbecae4067279c8b5e3d0b",
          "sha256:1c2499237bc369489b0ea7aed9d8fa76f5c2bd22831d3a8aa7c9481d22277c34"
        ]
      },
      "config": {
        "Cmd": [
          "launch-manager"
        ],
        "Env": [
          "PATH=/usr/local/sbin:/usr/local/bin:/usr/sbin:/usr/bin:/sbin:/bin"
        ],
        "Image": "sha256:711b94f94eff61c07fac5a22838aea0404d3e61c957aa36fb015ecf9c2ee8843",
        "Labels": {
          "com.suse.bci.base.created": "2024-02-15T11:55:58.971301513Z",
          "com.suse.bci.base.description": "Image for containers based on SUSE Linux Enterprise Server 15 SP5.",
          "com.suse.bci.base.disturl": "obs://build.suse.de/SUSE:SLE-15-SP5:Update:CR/images/603ef2195b0f6b8b5b3c9e012728aac2-sles15-image",
          "com.suse.bci.base.eula": "sle-bci",
          "com.suse.bci.base.image-type": "sle-bci",
          "com.suse.bci.base.lifecycle-url": "https://www.suse.com/lifecycle",
          "com.suse.bci.base.reference": "registry.suse.com/suse/sle15:15.5.36.11.4",
          "com.suse.bci.base.release-stage": "released",
          "com.suse.bci.base.source": "https://sources.suse.com/SUSE:SLE-15-SP5:Update:CR/sles15-image/603ef2195b0f6b8b5b3c9e012728aac2/",
          "com.suse.bci.base.supportlevel": "l3",
          "com.suse.bci.base.title": "SLE BCI 15 SP5 Base Container Image",
          "com.suse.bci.base.url": "https://www.suse.com/products/server/",
          "com.suse.bci.base.vendor": "SUSE LLC",
          "com.suse.bci.base.version": "15.5.36.11.4",
          "com.suse.eula": "sle-bci",
          "com.suse.image-type": "sle-bci",
          "com.suse.lifecycle-url": "https://www.suse.com/lifecycle",
          "com.suse.release-stage": "released",
          "com.suse.sle.base.created": "2024-02-15T11:55:58.971301513Z",
          "com.suse.sle.base.description": "Image for containers based on SUSE Linux Enterprise Server 15 SP5.",
          "com.suse.sle.base.disturl": "obs://build.suse.de/SUSE:SLE-15-SP5:Update:CR/images/603ef2195b0f6b8b5b3c9e012728aac2-sles15-image",
          "com.suse.sle.base.eula": "sle-bci",
          "com.suse.sle.base.image-type": "sle-bci",
          "com.suse.sle.base.lifecycle-url": "https://www.suse.com/lifecycle",
          "com.suse.sle.base.logo-url": "https://opensource.suse.com/bci/SLE_BCI_logomark_green.svg",
          "com.suse.sle.base.readme-url": "https://sources.suse.com/SUSE:SLE-15-SP5:Update:CR/sles15-image/603ef2195b0f6b8b5b3c9e012728aac2//README.md",
          "com.suse.sle.base.reference": "registry.suse.com/suse/sle15:15.5.36.11.4",
          "com.suse.sle.base.release-stage": "released",
          "com.suse.sle.base.source": "https://sources.suse.com/SUSE:SLE-15-SP5:Update:CR/sles15-image/603ef2195b0f6b8b5b3c9e012728aac2/",
          "com.suse.sle.base.supportlevel": "l3",
          "com.suse.sle.base.title": "SLE BCI 15 SP5 Base Container Image",
          "com.suse.sle.base.url": "https://www.suse.com/products/server/",
          "com.suse.sle.base.vendor": "SUSE LLC",
          "com.suse.sle.base.version": "15.5.36.11.4",
          "com.suse.supportlevel": "l3",
          "io.artifacthub.package.logo-url": "https://opensource.suse.com/bci/SLE_BCI_logomark_green.svg",
          "io.artifacthub.package.readme-url": "https://sources.suse.com/SUSE:SLE-15-SP5:Update:CR/sles15-image/603ef2195b0f6b8b5b3c9e012728aac2//README.md",
          "org.openbuildservice.disturl": "obs://build.suse.de/SUSE:SLE-15-SP5:Update:CR/images/603ef2195b0f6b8b5b3c9e012728aac2-sles15-image",
          "org.opencontainers.image.created": "2024-02-23T05:01:20Z",
          "org.opencontainers.image.description": "Image for containers based on SUSE Linux Enterprise Server 15 SP5.",
          "org.opencontainers.image.revision": "bf3edb2a4d867126ce05f8f3a240dc63e430cae7",
          "org.opencontainers.image.source": "https://github.com/longhorn/longhorn-manager.git",
          "org.opencontainers.image.title": "SLE BCI 15 SP5 Base Container Image",
          "org.opencontainers.image.url": "https://github.com/longhorn/longhorn-manager",
          "org.opencontainers.image.vendor": "SUSE LLC",
          "org.opencontainers.image.version": "15.5.36.11.4",
          "org.opensuse.reference": "registry.suse.com/suse/sle15:15.5.36.11.4"
        },
        "Volumes": {
          "/usr/local/sbin": {}
        }
      }
    }
  },
  "Results": [
    {
      "Target": "longhornio/longhorn-manager:v1.6.x-head (suse linux enterprise server 15.5)",
      "Class": "os-pkgs",
      "Type": "suse linux enterprise server",
      "Vulnerabilities": [
        {
          "VulnerabilityID": "SUSE-SU-2024:0549-1",
          "PkgID": "libopenssl1_1@1.1.1l-150500.17.22.1.x86_64",
          "PkgName": "libopenssl1_1",
          "PkgIdentifier": {
            "PURL": "pkg:rpm/sles/libopenssl1_1@1.1.1l-150500.17.22.1?arch=x86_64\u0026distro=sles-15.5"
          },
          "InstalledVersion": "1.1.1l-150500.17.22.1",
          "FixedVersion": "1.1.1l-150500.17.25.1",
          "Status": "fixed",
          "Layer": {
            "DiffID": "sha256:cbcb3f96a15c95c01dffbfa00a57a21fc10d719eb5bfeddf67192560b9cfc7ae"
          },
          "SeveritySource": "suse-cvrf",
          "DataSource": {
            "ID": "suse-cvrf",
            "Name": "SUSE CVRF",
            "URL": "https://ftp.suse.com/pub/projects/security/cvrf/"
          },
          "Title": "Security update for openssl-1_1",
          "Description": "This update for openssl-1_1 fixes the following issues:\n\n- CVE-2024-0727: Denial of service when processing a maliciously formatted PKCS12 file (bsc#1219243).\n",
          "Severity": "MEDIUM",
          "VendorSeverity": {
            "suse-cvrf": 2
          },
          "References": [
            "https://bugzilla.suse.com/1219243",
            "https://lists.suse.com/pipermail/sle-security-updates/2024-February/017969.html",
            "https://www.suse.com/security/cve/CVE-2024-0727/",
            "https://www.suse.com/support/security/rating/",
            "https://www.suse.com/support/update/announcement/2024/suse-su-20240549-1/"
          ]
        },
        {
          "VulnerabilityID": "SUSE-SU-2024:0549-1",
          "PkgID": "libopenssl1_1-hmac@1.1.1l-150500.17.22.1.x86_64",
          "PkgName": "libopenssl1_1-hmac",
          "PkgIdentifier": {
            "PURL": "pkg:rpm/sles/libopenssl1_1-hmac@1.1.1l-150500.17.22.1?arch=x86_64\u0026distro=sles-15.5"
          },
          "InstalledVersion": "1.1.1l-150500.17.22.1",
          "FixedVersion": "1.1.1l-150500.17.25.1",
          "Status": "fixed",
          "Layer": {
            "DiffID": "sha256:cbcb3f96a15c95c01dffbfa00a57a21fc10d719eb5bfeddf67192560b9cfc7ae"
          },
          "SeveritySource": "suse-cvrf",
          "DataSource": {
            "ID": "suse-cvrf",
            "Name": "SUSE CVRF",
            "URL": "https://ftp.suse.com/pub/projects/security/cvrf/"
          },
          "Title": "Security update for openssl-1_1",
          "Description": "This update for openssl-1_1 fixes the following issues:\n\n- CVE-2024-0727: Denial of service when processing a maliciously formatted PKCS12 file (bsc#1219243).\n",
          "Severity": "MEDIUM",
          "VendorSeverity": {
            "suse-cvrf": 2
          },
          "References": [
            "https://bugzilla.suse.com/1219243",
            "https://lists.suse.com/pipermail/sle-security-updates/2024-February/017969.html",
            "https://www.suse.com/security/cve/CVE-2024-0727/",
            "https://www.suse.com/support/security/rating/",
            "https://www.suse.com/support/update/announcement/2024/suse-su-20240549-1/"
          ]
        },
        {
          "VulnerabilityID": "SUSE-SU-2024:0555-1",
          "PkgID": "libxml2-2@2.10.3-150500.5.11.1.x86_64",
          "PkgName": "libxml2-2",
          "PkgIdentifier": {
            "PURL": "pkg:rpm/sles/libxml2-2@2.10.3-150500.5.11.1?arch=x86_64\u0026distro=sles-15.5"
          },
          "InstalledVersion": "2.10.3-150500.5.11.1",
          "FixedVersion": "2.10.3-150500.5.14.1",
          "Status": "fixed",
          "Layer": {
            "DiffID": "sha256:cbcb3f96a15c95c01dffbfa00a57a21fc10d719eb5bfeddf67192560b9cfc7ae"
          },
          "SeveritySource": "suse-cvrf",
          "DataSource": {
            "ID": "suse-cvrf",
            "Name": "SUSE CVRF",
            "URL": "https://ftp.suse.com/pub/projects/security/cvrf/"
          },
          "Title": "Security update for libxml2",
          "Description": "This update for libxml2 fixes the following issues:\n\n- CVE-2024-25062: Fixed use-after-free in XMLReader (bsc#1219576).\n",
          "Severity": "MEDIUM",
          "VendorSeverity": {
            "suse-cvrf": 2
          },
          "References": [
            "https://bugzilla.suse.com/1219576",
            "https://lists.suse.com/pipermail/sle-security-updates/2024-February/017963.html",
            "https://www.suse.com/security/cve/CVE-2024-25062/",
            "https://www.suse.com/support/security/rating/",
            "https://www.suse.com/support/update/announcement/2024/suse-su-20240555-1/"
          ]
        },
        {
          "VulnerabilityID": "SUSE-SU-2024:0549-1",
          "PkgID": "openssl-1_1@1.1.1l-150500.17.22.1.x86_64",
          "PkgName": "openssl-1_1",
          "PkgIdentifier": {
            "PURL": "pkg:rpm/sles/openssl-1_1@1.1.1l-150500.17.22.1?arch=x86_64\u0026distro=sles-15.5"
          },
          "InstalledVersion": "1.1.1l-150500.17.22.1",
          "FixedVersion": "1.1.1l-150500.17.25.1",
          "Status": "fixed",
          "Layer": {
            "DiffID": "sha256:cbcb3f96a15c95c01dffbfa00a57a21fc10d719eb5bfeddf67192560b9cfc7ae"
          },
          "SeveritySource": "suse-cvrf",
          "DataSource": {
            "ID": "suse-cvrf",
            "Name": "SUSE CVRF",
            "URL": "https://ftp.suse.com/pub/projects/security/cvrf/"
          },
          "Title": "Security update for openssl-1_1",
          "Description": "This update for openssl-1_1 fixes the following issues:\n\n- CVE-2024-0727: Denial of service when processing a maliciously formatted PKCS12 file (bsc#1219243).\n",
          "Severity": "MEDIUM",
          "VendorSeverity": {
            "suse-cvrf": 2
          },
          "References": [
            "https://bugzilla.suse.com/1219243",
            "https://lists.suse.com/pipermail/sle-security-updates/2024-February/017969.html",
            "https://www.suse.com/security/cve/CVE-2024-0727/",
            "https://www.suse.com/support/security/rating/",
            "https://www.suse.com/support/update/announcement/2024/suse-su-20240549-1/"
          ]
        }
      ]
    },
    {
      "Target": "usr/local/sbin/longhorn-manager",
      "Class": "lang-pkgs",
      "Type": "gobinary",
      "Vulnerabilities": [
        {
          "VulnerabilityID": "CVE-2023-47108",
          "PkgName": "go.opentelemetry.io/contrib/instrumentation/google.golang.org/grpc/otelgrpc",
          "PkgIdentifier": {
            "PURL": "pkg:golang/go.opentelemetry.io/contrib/instrumentation/google.golang.org/grpc/otelgrpc@v0.35.0"
          },
          "InstalledVersion": "v0.35.0",
          "FixedVersion": "0.46.0",
          "Status": "fixed",
          "Layer": {
            "DiffID": "sha256:1c2499237bc369489b0ea7aed9d8fa76f5c2bd22831d3a8aa7c9481d22277c34"
          },
          "SeveritySource": "ghsa",
          "PrimaryURL": "https://avd.aquasec.com/nvd/cve-2023-47108",
          "DataSource": {
            "ID": "ghsa",
            "Name": "GitHub Security Advisory Go",
            "URL": "https://github.com/advisories?query=type%3Areviewed+ecosystem%3Ago"
          },
          "Title": "opentelemetry-go-contrib: DoS vulnerability in otelgrpc due to unbound cardinality metrics",
          "Description": "OpenTelemetry-Go Contrib is a collection of third-party packages for OpenTelemetry-Go. Prior to version 0.46.0, the grpc Unary Server Interceptor out of the box adds labels `net.peer.sock.addr` and `net.peer.sock.port` that have unbound cardinality. It leads to the server's potential memory exhaustion when many malicious requests are sent. An attacker can easily flood the peer address and port for requests. Version 0.46.0 contains a fix for this issue. As a workaround to stop being affected, a view removing the attributes can be used. The other possibility is to disable grpc metrics instrumentation by passing `otelgrpc.WithMeterProvider` option with `noop.NewMeterProvider`.",
          "Severity": "HIGH",
          "CweIDs": [
            "CWE-770"
          ],
          "VendorSeverity": {
            "amazon": 3,
            "cbl-mariner": 3,
            "ghsa": 3,
            "nvd": 3,
            "redhat": 2
          },
          "CVSS": {
            "ghsa": {
              "V3Vector": "CVSS:3.1/AV:N/AC:L/PR:N/UI:N/S:U/C:N/I:N/A:H",
              "V3Score": 7.5
            },
            "nvd": {
              "V3Vector": "CVSS:3.1/AV:N/AC:L/PR:N/UI:N/S:U/C:N/I:N/A:H",
              "V3Score": 7.5
            },
            "redhat": {
              "V3Vector": "CVSS:3.1/AV:N/AC:L/PR:N/UI:N/S:U/C:N/I:N/A:H",
              "V3Score": 7.5
            }
          },
          "References": [
            "https://access.redhat.com/security/cve/CVE-2023-47108",
            "https://github.com/open-telemetry/opentelemetry-go-contrib",
            "https://github.com/open-telemetry/opentelemetry-go-contrib/blob/9d4eb7e7706038b07d33f83f76afbe13f53d171d/instrumentation/google.golang.org/grpc/otelgrpc/interceptor.go#L327",
            "https://github.com/open-telemetry/opentelemetry-go-contrib/blob/instrumentation/google.golang.org/grpc/otelgrpc/v0.45.0/instrumentation/google.golang.org/grpc/otelgrpc/config.go#L138",
            "https://github.com/open-telemetry/opentelemetry-go-contrib/commit/b44dfc9092b157625a5815cb437583cee663333b",
            "https://github.com/open-telemetry/opentelemetry-go-contrib/pull/4322",
            "https://github.com/open-telemetry/opentelemetry-go-contrib/security/advisories/GHSA-8pgv-569h-w5rw",
            "https://nvd.nist.gov/vuln/detail/CVE-2023-47108",
            "https://pkg.go.dev/go.opentelemetry.io/otel/metric/noop#NewMeterProvider",
            "https://www.cve.org/CVERecord?id=CVE-2023-47108"
          ],
          "PublishedDate": "2023-11-10T19:15:16.41Z",
          "LastModifiedDate": "2023-11-20T19:34:26.493Z"
        },
        {
          "VulnerabilityID": "CVE-2023-45142",
          "PkgName": "go.opentelemetry.io/contrib/instrumentation/net/http/otelhttp",
          "PkgIdentifier": {
            "PURL": "pkg:golang/go.opentelemetry.io/contrib/instrumentation/net/http/otelhttp@v0.35.1"
          },
          "InstalledVersion": "v0.35.1",
          "FixedVersion": "0.44.0",
          "Status": "fixed",
          "Layer": {
            "DiffID": "sha256:1c2499237bc369489b0ea7aed9d8fa76f5c2bd22831d3a8aa7c9481d22277c34"
          },
          "SeveritySource": "ghsa",
          "PrimaryURL": "https://avd.aquasec.com/nvd/cve-2023-45142",
          "DataSource": {
            "ID": "ghsa",
            "Name": "GitHub Security Advisory Go",
            "URL": "https://github.com/advisories?query=type%3Areviewed+ecosystem%3Ago"
          },
          "Title": "opentelemetry: DoS vulnerability in otelhttp",
          "Description": "OpenTelemetry-Go Contrib is a collection of third-party packages for OpenTelemetry-Go. A handler wrapper out of the box adds labels `http.user_agent` and `http.method` that have unbound cardinality. It leads to the server's potential memory exhaustion when many malicious requests are sent to it. HTTP header User-Agent or HTTP method for requests can be easily set by an attacker to be random and long. The library internally uses `httpconv.ServerRequest` that records every value for HTTP `method` and `User-Agent`. In order to be affected, a program has to use the `otelhttp.NewHandler` wrapper and not filter any unknown HTTP methods or User agents on the level of CDN, LB, previous middleware, etc. Version 0.44.0 fixed this issue when the values collected for attribute `http.request.method` were changed to be restricted to a set of well-known values and other high cardinality attributes were removed. As a workaround to stop being affected, `otelhttp.WithFilter()` can be used, but it requires manual careful configuration to not log certain requests entirely. For convenience and safe usage of this library, it should by default mark with the label `unknown` non-standard HTTP methods and User agents to show that such requests were made but do not increase cardinality. In case someone wants to stay with the current behavior, library API should allow to enable it.",
          "Severity": "HIGH",
          "CweIDs": [
            "CWE-770"
          ],
          "VendorSeverity": {
            "amazon": 3,
            "ghsa": 3,
            "nvd": 3,
            "redhat": 2
          },
          "CVSS": {
            "ghsa": {
              "V3Vector": "CVSS:3.1/AV:N/AC:L/PR:N/UI:N/S:U/C:N/I:N/A:H",
              "V3Score": 7.5
            },
            "nvd": {
              "V3Vector": "CVSS:3.1/AV:N/AC:L/PR:N/UI:N/S:U/C:N/I:N/A:H",
              "V3Score": 7.5
            },
            "redhat": {
              "V3Vector": "CVSS:3.1/AV:N/AC:L/PR:N/UI:N/S:U/C:N/I:N/A:H",
              "V3Score": 7.5
            }
          },
          "References": [
            "https://access.redhat.com/security/cve/CVE-2023-45142",
            "https://github.com/advisories/GHSA-cg3q-j54f-5p7p",
            "https://github.com/open-telemetry/opentelemetry-go-contrib",
            "https://github.com/open-telemetry/opentelemetry-go-contrib/blob/5f7e6ad5a49b45df45f61a1deb29d7f1158032df/instrumentation/net/http/otelhttp/handler.go#L63-L65",
            "https://github.com/open-telemetry/opentelemetry-go-contrib/pull/4277",
            "https://github.com/open-telemetry/opentelemetry-go-contrib/releases/tag/v1.19.0",
            "https://github.com/open-telemetry/opentelemetry-go-contrib/security/advisories/GHSA-5r5m-65gx-7vrh",
            "https://github.com/open-telemetry/opentelemetry-go-contrib/security/advisories/GHSA-rcjv-mgp8-qvmr",
            "https://github.com/open-telemetry/opentelemetry-go/blob/38e1b499c3da3107694ad2660b3888eee9c8b896/semconv/internal/v2/http.go#L223",
            "https://github.com/open-telemetry/opentelemetry-go/blob/v1.12.0/semconv/internal/v2/http.go#L159",
            "https://lists.fedoraproject.org/archives/list/package-announce@lists.fedoraproject.org/message/2UTRJ54INZG3OC2FTAN6AFB2RYNY2GAD",
            "https://lists.fedoraproject.org/archives/list/package-announce@lists.fedoraproject.org/message/2UTRJ54INZG3OC2FTAN6AFB2RYNY2GAD/",
            "https://nvd.nist.gov/vuln/detail/CVE-2023-45142",
            "https://www.cve.org/CVERecord?id=CVE-2023-45142"
          ],
          "PublishedDate": "2023-10-12T17:15:09.99Z",
          "LastModifiedDate": "2024-02-19T03:15:07.697Z"
        }
      ]
    }
  ]
}
