{
  "SchemaVersion": 2,
  "CreatedAt": "2024-02-25T15:30:00.273868817Z",
  "ArtifactName": "thanosio/thanos:v0.34.0",
  "ArtifactType": "container_image",
  "Metadata": {
    "ImageID": "sha256:c361a4e40d7351b37c8f468f851204ac1c012051e4b9c3bc2a09301f89838c7d",
    "DiffIDs": [
      "sha256:1e604deea57dbda554a168861cff1238f93b8c6c69c863c43aed37d9d99c5fed",
      "sha256:6b83872188a9e8912bee1d43add5e9bc518601b02a14a364c0da43b0d59acf33",
      "sha256:b798c8548e5cb8665c071c4e25e825dc073632ba6749ad7fd0b3f1f1e2b71513",
      "sha256:8d4c10b8e457ce9a13173b18f436b7bc638c35aff60a47bf0bc6091b80ec3da9"
    ],
    "RepoTags": [
      "thanosio/thanos:v0.34.0"
    ],
    "RepoDigests": [
      "thanosio/thanos@sha256:2356a5f131fd80965d7a0617b70b14e4facae1aee5ec43f117f8bfbe20d987fc"
    ],
    "ImageConfig": {
      "architecture": "amd64",
      "container": "5020acf6d0eb0860589e6961dbb29e1053f5fdcf37c96b2a9ccf6fcb04e7a272",
      "created": "2024-01-27T09:49:37.8487858Z",
      "docker_version": "20.10.12-200-c3730b83c1",
      "history": [
        {
          "created": "2023-12-05T20:23:06Z",
          "created_by": "/bin/sh -c #(nop) ADD file:ee9bb8755ccbdd689b434d9b4ac7518e972699604ecda33e4ddc2a15d2831443 in / "
        },
        {
          "created": "2023-12-05T20:23:06Z",
          "created_by": "/bin/sh -c #(nop)  CMD [\"sh\"]",
          "empty_layer": true
        },
        {
          "created": "2023-12-15T10:54:58Z",
          "created_by": "MAINTAINER The Prometheus Authors \u003cprometheus-developers@googlegroups.com\u003e",
          "comment": "buildkit.dockerfile.v0",
          "empty_layer": true
        },
        {
          "created": "2023-12-15T10:54:58Z",
          "created_by": "COPY /rootfs / # buildkit",
          "comment": "buildkit.dockerfile.v0"
        },
        {
          "created": "2024-01-27T09:49:35Z",
          "created_by": "/bin/sh -c #(nop)  LABEL maintainer=The Thanos Authors",
          "empty_layer": true
        },
        {
          "created": "2024-01-27T09:49:35Z",
          "created_by": "/bin/sh -c #(nop)  ARG ARCH=amd64",
          "empty_layer": true
        },
        {
          "created": "2024-01-27T09:49:35Z",
          "created_by": "/bin/sh -c #(nop)  ARG OS=linux",
          "empty_layer": true
        },
        {
          "created": "2024-01-27T09:49:36Z",
          "created_by": "/bin/sh -c #(nop) COPY file:c5ffde790eab45ae5ebdfa27ae2aabb3d394ac74f1e278e4c8742f8d458bfac5 in /bin/thanos "
        },
        {
          "created": "2024-01-27T09:49:37Z",
          "created_by": "|2 ARCH=amd64 OS=linux /bin/sh -c adduser     -D `#Dont assign a password`     -H `#Dont create home directory`     -u 1001 `#User id`    thanos \u0026\u0026     chown thanos /bin/thanos"
        },
        {
          "created": "2024-01-27T09:49:37Z",
          "created_by": "/bin/sh -c #(nop)  USER 1001",
          "empty_layer": true
        },
        {
          "created": "2024-01-27T09:49:37Z",
          "created_by": "/bin/sh -c #(nop)  ENTRYPOINT [\"/bin/thanos\"]",
          "empty_layer": true
        }
      ],
      "os": "linux",
      "rootfs": {
        "type": "layers",
        "diff_ids": [
          "sha256:1e604deea57dbda554a168861cff1238f93b8c6c69c863c43aed37d9d99c5fed",
          "sha256:6b83872188a9e8912bee1d43add5e9bc518601b02a14a364c0da43b0d59acf33",
          "sha256:b798c8548e5cb8665c071c4e25e825dc073632ba6749ad7fd0b3f1f1e2b71513",
          "sha256:8d4c10b8e457ce9a13173b18f436b7bc638c35aff60a47bf0bc6091b80ec3da9"
        ]
      },
      "config": {
        "Entrypoint": [
          "/bin/thanos"
        ],
        "Env": [
          "PATH=/usr/local/sbin:/usr/local/bin:/usr/sbin:/usr/bin:/sbin:/bin"
        ],
        "Image": "sha256:b5c96e7b1ee475351181373d2a746298268cec36dedd5fa650c96a4ddf7b82d6",
        "Labels": {
          "maintainer": "The Thanos Authors"
        },
        "User": "1001"
      }
    }
  },
  "Results": [
    {
      "Target": "bin/thanos",
      "Class": "lang-pkgs",
      "Type": "gobinary",
      "Vulnerabilities": [
        {
          "VulnerabilityID": "CVE-2023-48795",
          "PkgName": "golang.org/x/crypto",
          "PkgIdentifier": {
            "PURL": "pkg:golang/golang.org/x/crypto@v0.16.0"
          },
          "InstalledVersion": "v0.16.0",
          "FixedVersion": "0.17.0",
          "Status": "fixed",
          "Layer": {
            "DiffID": "sha256:b798c8548e5cb8665c071c4e25e825dc073632ba6749ad7fd0b3f1f1e2b71513"
          },
          "SeveritySource": "ghsa",
          "PrimaryURL": "https://avd.aquasec.com/nvd/cve-2023-48795",
          "DataSource": {
            "ID": "ghsa",
            "Name": "GitHub Security Advisory Go",
            "URL": "https://github.com/advisories?query=type%3Areviewed+ecosystem%3Ago"
          },
          "Title": "ssh: Prefix truncation attack on Binary Packet Protocol (BPP)",
          "Description": "The SSH transport protocol with certain OpenSSH extensions, found in OpenSSH before 9.6 and other products, allows remote attackers to bypass integrity checks such that some packets are omitted (from the extension negotiation message), and a client and server may consequently end up with a connection for which some security features have been downgraded or disabled, aka a Terrapin attack. This occurs because the SSH Binary Packet Protocol (BPP), implemented by these extensions, mishandles the handshake phase and mishandles use of sequence numbers. For example, there is an effective attack against SSH's use of ChaCha20-Poly1305 (and CBC with Encrypt-then-MAC). The bypass occurs in chacha20-poly1305@openssh.com and (if CBC is used) the -etm@openssh.com MAC algorithms. This also affects Maverick Synergy Java SSH API before 3.1.0-SNAPSHOT, Dropbear through 2022.83, Ssh before 5.1.1 in Erlang/OTP, PuTTY before 0.80, AsyncSSH before 2.14.2, golang.org/x/crypto before 0.17.0, libssh before 0.10.6, libssh2 through 1.11.0, Thorn Tech SFTP Gateway before 3.4.6, Tera Term before 5.1, Paramiko before 3.4.0, jsch before 0.2.15, SFTPGo before 2.5.6, Netgate pfSense Plus through 23.09.1, Netgate pfSense CE through 2.7.2, HPN-SSH through 18.2.0, ProFTPD before 1.3.8b (and before 1.3.9rc2), ORYX CycloneSSH before 2.3.4, NetSarang XShell 7 before Build 0144, CrushFTP before 10.6.0, ConnectBot SSH library before 2.2.22, Apache MINA sshd through 2.11.0, sshj through 0.37.0, TinySSH through 20230101, trilead-ssh2 6401, LANCOM LCOS and LANconfig, FileZilla before 3.66.4, Nova before 11.8, PKIX-SSH before 14.4, SecureCRT before 9.4.3, Transmit5 before 5.10.4, Win32-OpenSSH before 9.5.0.0p1-Beta, WinSCP before 6.2.2, Bitvise SSH Server before 9.32, Bitvise SSH Client before 9.33, KiTTY through 0.76.1.13, the net-ssh gem 7.2.0 for Ruby, the mscdex ssh2 module before 1.15.0 for Node.js, the thrussh library before 0.35.1 for Rust, and the Russh crate before 0.40.2 for Rust.",
          "Severity": "MEDIUM",
          "CweIDs": [
            "CWE-354"
          ],
          "VendorSeverity": {
            "alma": 2,
            "amazon": 2,
            "cbl-mariner": 2,
            "ghsa": 2,
            "nvd": 2,
            "oracle-oval": 2,
            "photon": 2,
            "redhat": 2,
            "rocky": 2,
            "ubuntu": 2
          },
          "CVSS": {
            "ghsa": {
              "V3Vector": "CVSS:3.1/AV:N/AC:H/PR:N/UI:N/S:U/C:N/I:H/A:N",
              "V3Score": 5.9
            },
            "nvd": {
              "V3Vector": "CVSS:3.1/AV:N/AC:H/PR:N/UI:N/S:U/C:N/I:H/A:N",
              "V3Score": 5.9
            },
            "redhat": {
              "V3Vector": "CVSS:3.1/AV:N/AC:H/PR:N/UI:N/S:U/C:N/I:H/A:N",
              "V3Score": 5.9
            }
          },
          "References": [
            "http://packetstormsecurity.com/files/176280/Terrapin-SSH-Connection-Weakening.html",
            "http://www.openwall.com/lists/oss-security/2023/12/18/3",
            "http://www.openwall.com/lists/oss-security/2023/12/19/5",
            "http://www.openwall.com/lists/oss-security/2023/12/20/3",
            "https://access.redhat.com/errata/RHSA-2024:0628",
            "https://access.redhat.com/security/cve/CVE-2023-48795",
            "https://access.redhat.com/security/cve/cve-2023-48795",
            "https://arstechnica.com/security/2023/12/hackers-can-break-ssh-channel-integrity-using-novel-data-corruption-attack",
            "https://arstechnica.com/security/2023/12/hackers-can-break-ssh-channel-integrity-using-novel-data-corruption-attack/",
            "https://bugs.gentoo.org/920280",
            "https://bugzilla.redhat.com/2254210",
            "https://bugzilla.redhat.com/show_bug.cgi?id=2254210",
            "https://bugzilla.suse.com/show_bug.cgi?id=1217950",
            "https://crates.io/crates/thrussh/versions",
            "https://cve.mitre.org/cgi-bin/cvename.cgi?name=CVE-2023-48795",
            "https://errata.almalinux.org/8/ALSA-2024-0628.html",
            "https://errata.rockylinux.org/RLSA-2024:0628",
            "https://filezilla-project.org/versions.php",
            "https://forum.netgate.com/topic/184941/terrapin-ssh-attack",
            "https://git.libssh.org/projects/libssh.git/commit/?h=stable-0.10\u0026id=10e09e273f69e149389b3e0e5d44b8c221c2e7f6",
            "https://github.com/NixOS/nixpkgs/pull/275249",
            "https://github.com/PowerShell/Win32-OpenSSH/issues/2189",
            "https://github.com/PowerShell/Win32-OpenSSH/releases/tag/v9.5.0.0p1-Beta",
            "https://github.com/TeraTermProject/teraterm/commit/7279fbd6ef4d0c8bdd6a90af4ada2899d786eec0",
            "https://github.com/TeraTermProject/teraterm/releases/tag/v5.1",
            "https://github.com/advisories/GHSA-45x7-px36-x8w8",
            "https://github.com/apache/mina-sshd/issues/445",
            "https://github.com/connectbot/sshlib/commit/5c8b534f6e97db7ac0e0e579331213aa25c173ab",
            "https://github.com/connectbot/sshlib/compare/2.2.21...2.2.22",
            "https://github.com/cyd01/KiTTY/issues/520",
            "https://github.com/drakkan/sftpgo/releases/tag/v2.5.6",
            "https://github.com/erlang/otp/blob/d1b43dc0f1361d2ad67601169e90a7fc50bb0369/lib/ssh/doc/src/notes.xml#L39-L42",
            "https://github.com/erlang/otp/releases/tag/OTP-26.2.1",
            "https://github.com/golang/crypto/commit/9d2ee975ef9fe627bf0a6f01c1f69e8ef1d4f05d",
            "https://github.com/hierynomus/sshj/issues/916",
            "https://github.com/janmojzis/tinyssh/issues/81",
            "https://github.com/jtesta/ssh-audit/commit/8e972c5e94b460379fe0c7d20209c16df81538a5",
            "https://github.com/libssh2/libssh2/pull/1291",
            "https://github.com/mkj/dropbear/blob/17657c36cce6df7716d5ff151ec09a665382d5dd/CHANGES#L25",
            "https://github.com/mscdex/ssh2/commit/97b223f8891b96d6fc054df5ab1d5a1a545da2a3",
            "https://github.com/mwiede/jsch/compare/jsch-0.2.14...jsch-0.2.15",
            "https://github.com/mwiede/jsch/issues/457",
            "https://github.com/mwiede/jsch/pull/461",
            "https://github.com/net-ssh/net-ssh/blob/2e65064a52d73396bfc3806c9196fc8108f33cd8/CHANGES.txt#L14-L16",
            "https://github.com/openssh/openssh-portable/commits/master",
            "https://github.com/paramiko/paramiko/issues/2337",
            "https://github.com/paramiko/paramiko/issues/2337#issuecomment-1887642773",
            "https://github.com/proftpd/proftpd/blob/0a7ea9b0ba9fcdf368374a226370d08f10397d99/RELEASE_NOTES",
            "https://github.com/proftpd/proftpd/blob/d21e7a2e47e9b38f709bec58e3fa711f759ad0e1/RELEASE_NOTES",
            "https://github.com/proftpd/proftpd/blob/master/RELEASE_NOTES",
            "https://github.com/proftpd/proftpd/issues/456",
            "https://github.com/rapier1/hpn-ssh/releases",
            "https://github.com/ronf/asyncssh/blob/develop/docs/changes.rst",
            "https://github.com/ronf/asyncssh/security/advisories/GHSA-hfmc-7525-mj55",
            "https://github.com/ronf/asyncssh/tags",
            "https://github.com/ssh-mitm/ssh-mitm/issues/165",
            "https://github.com/warp-tech/russh",
            "https://github.com/warp-tech/russh/commit/1aa340a7df1d5be1c0f4a9e247aade76dfdd2951",
            "https://github.com/warp-tech/russh/releases/tag/v0.40.2",
            "https://github.com/warp-tech/russh/security/advisories/GHSA-45x7-px36-x8w8",
            "https://gitlab.com/libssh/libssh-mirror/-/tags",
            "https://go.dev/cl/550715",
            "https://go.dev/issue/64784",
            "https://groups.google.com/g/golang-announce/c/-n5WqVC18LQ",
            "https://groups.google.com/g/golang-announce/c/qA3XtxvMUyg",
            "https://help.panic.com/releasenotes/transmit5",
            "https://help.panic.com/releasenotes/transmit5/",
            "https://jadaptive.com/important-java-ssh-security-update-new-ssh-vulnerability-discovered-cve-2023-48795",
            "https://jadaptive.com/important-java-ssh-security-update-new-ssh-vulnerability-discovered-cve-2023-48795/",
            "https://linux.oracle.com/cve/CVE-2023-48795.html",
            "https://linux.oracle.com/errata/ELSA-2024-12164.html",
            "https://lists.debian.org/debian-lts-announce/2023/12/msg00017.html",
            "https://lists.debian.org/debian-lts-announce/2024/01/msg00013.html",
            "https://lists.debian.org/debian-lts-announce/2024/01/msg00014.html",
            "https://lists.fedoraproject.org/archives/list/package-announce%40lists.fedoraproject.org/message/33XHJUB6ROFUOH2OQNENFROTVH6MHSHA",
            "https://lists.fedoraproject.org/archives/list/package-announce%40lists.fedoraproject.org/message/33XHJUB6ROFUOH2OQNENFROTVH6MHSHA/",
            "https://lists.fedoraproject.org/archives/list/package-announce%40lists.fedoraproject.org/message/3CAYYW35MUTNO65RVAELICTNZZFMT2XS",
            "https://lists.fedoraproject.org/archives/list/package-announce%40lists.fedoraproject.org/message/3CAYYW35MUTNO65RVAELICTNZZFMT2XS/",
            "https://lists.fedoraproject.org/archives/list/package-announce%40lists.fedoraproject.org/message/3JIMLVBDWOP4FUPXPTB4PGHHIOMGFLQE",
            "https://lists.fedoraproject.org/archives/list/package-announce%40lists.fedoraproject.org/message/3JIMLVBDWOP4FUPXPTB4PGHHIOMGFLQE/",
            "https://lists.fedoraproject.org/archives/list/package-announce%40lists.fedoraproject.org/message/3YQLUQWLIHDB5QCXQEX7HXHAWMOKPP5O",
            "https://lists.fedoraproject.org/archives/list/package-announce%40lists.fedoraproject.org/message/3YQLUQWLIHDB5QCXQEX7HXHAWMOKPP5O/",
            "https://lists.fedoraproject.org/archives/list/package-announce%40lists.fedoraproject.org/message/6Y74KVCPEPT4MVU3LHDWCNNOXOE5ZLUR",
            "https://lists.fedoraproject.org/archives/list/package-announce%40lists.fedoraproject.org/message/6Y74KVCPEPT4MVU3LHDWCNNOXOE5ZLUR/",
            "https://lists.fedoraproject.org/archives/list/package-announce%40lists.fedoraproject.org/message/APYIXIQOVDCRWLHTGB4VYMAUIAQLKYJ3",
            "https://lists.fedoraproject.org/archives/list/package-announce%40lists.fedoraproject.org/message/APYIXIQOVDCRWLHTGB4VYMAUIAQLKYJ3/",
            "https://lists.fedoraproject.org/archives/list/package-announce%40lists.fedoraproject.org/message/BL5KTLOSLH2KHRN4HCXJPK3JUVLDGEL6",
            "https://lists.fedoraproject.org/archives/list/package-announce%40lists.fedoraproject.org/message/BL5KTLOSLH2KHRN4HCXJPK3JUVLDGEL6/",
            "https://lists.fedoraproject.org/archives/list/package-announce%40lists.fedoraproject.org/message/C3AFMZ6MH2UHHOPIWT5YLSFV3D2VB3AC",
            "https://lists.fedoraproject.org/archives/list/package-announce%40lists.fedoraproject.org/message/C3AFMZ6MH2UHHOPIWT5YLSFV3D2VB3AC/",
            "https://lists.fedoraproject.org/archives/list/package-announce%40lists.fedoraproject.org/message/CHHITS4PUOZAKFIUBQAQZC7JWXMOYE4B",
            "https://lists.fedoraproject.org/archives/list/package-announce%40lists.fedoraproject.org/message/CHHITS4PUOZAKFIUBQAQZC7JWXMOYE4B/",
            "https://lists.fedoraproject.org/archives/list/package-announce%40lists.fedoraproject.org/message/F7EYCFQCTSGJXWO3ZZ44MGKFC5HA7G3Y",
            "https://lists.fedoraproject.org/archives/list/package-announce%40lists.fedoraproject.org/message/F7EYCFQCTSGJXWO3ZZ44MGKFC5HA7G3Y/",
            "https://lists.fedoraproject.org/archives/list/package-announce%40lists.fedoraproject.org/message/HYEDEXIKFKTUJIN43RG4B7T5ZS6MHUSP",
            "https://lists.fedoraproject.org/archives/list/package-announce%40lists.fedoraproject.org/message/HYEDEXIKFKTUJIN43RG4B7T5ZS6MHUSP/",
            "https://lists.fedoraproject.org/archives/list/package-announce%40lists.fedoraproject.org/message/I724O3LSRCPO4WNVIXTZCT4VVRMXMMSG",
            "https://lists.fedoraproject.org/archives/list/package-announce%40lists.fedoraproject.org/message/I724O3LSRCPO4WNVIXTZCT4VVRMXMMSG/",
            "https://lists.fedoraproject.org/archives/list/package-announce%40lists.fedoraproject.org/message/KEOTKBUPZXHE3F352JBYNTSNRXYLWD6P",
            "https://lists.fedoraproject.org/archives/list/package-announce%40lists.fedoraproject.org/message/KEOTKBUPZXHE3F352JBYNTSNRXYLWD6P/",
            "https://lists.fedoraproject.org/archives/list/package-announce%40lists.fedoraproject.org/message/KMZCVGUGJZZVDPCVDA7TEB22VUCNEXDD",
            "https://lists.fedoraproject.org/archives/list/package-announce%40lists.fedoraproject.org/message/KMZCVGUGJZZVDPCVDA7TEB22VUCNEXDD/",
            "https://lists.fedoraproject.org/archives/list/package-announce%40lists.fedoraproject.org/message/L5Y6MNNVAPIJSXJERQ6PKZVCIUXSNJK7",
            "https://lists.fedoraproject.org/archives/list/package-announce%40lists.fedoraproject.org/message/L5Y6MNNVAPIJSXJERQ6PKZVCIUXSNJK7/",
            "https://lists.fedoraproject.org/archives/list/package-announce%40lists.fedoraproject.org/message/LZQVUHWVWRH73YBXUQJOD6CKHDQBU3DM",
            "https://lists.fedoraproject.org/archives/list/package-announce%40lists.fedoraproject.org/message/LZQVUHWVWRH73YBXUQJOD6CKHDQBU3DM/",
            "https://lists.fedoraproject.org/archives/list/package-announce%40lists.fedoraproject.org/message/MKQRBF3DWMWPH36LBCOBUTSIZRTPEZXB",
            "https://lists.fedoraproject.org/archives/list/package-announce%40lists.fedoraproject.org/message/MKQRBF3DWMWPH36LBCOBUTSIZRTPEZXB/",
            "https://lists.fedoraproject.org/archives/list/package-announce%40lists.fedoraproject.org/message/QI3EHAHABFQK7OABNCSF5GMYP6TONTI7",
            "https://lists.fedoraproject.org/archives/list/package-announce%40lists.fedoraproject.org/message/QI3EHAHABFQK7OABNCSF5GMYP6TONTI7/",
            "https://matt.ucc.asn.au/dropbear/CHANGES",
            "https://nest.pijul.com/pijul/thrussh/changes/D6H7OWTTMHHX6BTB3B6MNBOBX2L66CBL4LGSEUSAI2MCRCJDQFRQC",
            "https://news.ycombinator.com/item?id=38684904",
            "https://news.ycombinator.com/item?id=38685286",
            "https://news.ycombinator.com/item?id=38732005",
            "https://nova.app/releases/#v11.8",
            "https://nvd.nist.gov/vuln/detail/CVE-2023-48795",
            "https://oryx-embedded.com/download/#changelog",
            "https://psirt.global.sonicwall.com/vuln-detail/SNWLID-2024-0002",
            "https://roumenpetrov.info/secsh/#news20231220",
            "https://security-tracker.debian.org/tracker/CVE-2023-48795",
            "https://security-tracker.debian.org/tracker/source-package/libssh2",
            "https://security-tracker.debian.org/tracker/source-package/proftpd-dfsg",
            "https://security-tracker.debian.org/tracker/source-package/trilead-ssh2",
            "https://security.gentoo.org/glsa/202312-16",
            "https://security.gentoo.org/glsa/202312-17",
            "https://security.netapp.com/advisory/ntap-20240105-0004",
            "https://security.netapp.com/advisory/ntap-20240105-0004/",
            "https://terrapin-attack.com/",
            "https://thorntech.com/cve-2023-48795-and-sftp-gateway",
            "https://thorntech.com/cve-2023-48795-and-sftp-gateway/",
            "https://twitter.com/TrueSkrillor/status/1736774389725565005",
            "https://ubuntu.com/security/CVE-2023-48795",
            "https://ubuntu.com/security/notices/USN-6560-1",
            "https://ubuntu.com/security/notices/USN-6560-2",
            "https://ubuntu.com/security/notices/USN-6561-1",
            "https://ubuntu.com/security/notices/USN-6585-1",
            "https://ubuntu.com/security/notices/USN-6589-1",
            "https://ubuntu.com/security/notices/USN-6598-1",
            "https://winscp.net/eng/docs/history#6.2.2",
            "https://www.bitvise.com/ssh-client-version-history#933",
            "https://www.bitvise.com/ssh-server-version-history",
            "https://www.chiark.greenend.org.uk/~sgtatham/putty/changes.html",
            "https://www.crushftp.com/crush10wiki/Wiki.jsp?page=Update",
            "https://www.cve.org/CVERecord?id=CVE-2023-48795",
            "https://www.debian.org/security/2023/dsa-5586",
            "https://www.debian.org/security/2023/dsa-5588",
            "https://www.freebsd.org/security/advisories/FreeBSD-SA-23:19.openssh.asc",
            "https://www.lancom-systems.de/service-support/allgemeine-sicherheitshinweise#c243508",
            "https://www.netsarang.com/en/xshell-update-history",
            "https://www.netsarang.com/en/xshell-update-history/",
            "https://www.openssh.com/openbsd.html",
            "https://www.openssh.com/txt/release-9.6",
            "https://www.openwall.com/lists/oss-security/2023/12/18/2",
            "https://www.openwall.com/lists/oss-security/2023/12/18/3",
            "https://www.openwall.com/lists/oss-security/2023/12/20/3",
            "https://www.paramiko.org/changelog.html",
            "https://www.reddit.com/r/sysadmin/comments/18idv52/cve202348795_why_is_this_cve_still_undisclosed",
            "https://www.reddit.com/r/sysadmin/comments/18idv52/cve202348795_why_is_this_cve_still_undisclosed/",
            "https://www.suse.com/c/suse-addresses-the-ssh-v2-protocol-terrapin-attack-aka-cve-2023-48795",
            "https://www.suse.com/c/suse-addresses-the-ssh-v2-protocol-terrapin-attack-aka-cve-2023-48795/",
            "https://www.terrapin-attack.com",
            "https://www.theregister.com/2023/12/20/terrapin_attack_ssh",
            "https://www.vandyke.com/products/securecrt/history.txt"
          ],
          "PublishedDate": "2023-12-18T16:15:10.897Z",
          "LastModifiedDate": "2024-01-29T09:15:42.687Z"
        },
        {
          "VulnerabilityID": "GHSA-m425-mq94-257g",
          "PkgName": "google.golang.org/grpc",
          "PkgIdentifier": {
            "PURL": "pkg:golang/google.golang.org/grpc@v1.45.0"
          },
          "InstalledVersion": "v1.45.0",
          "FixedVersion": "1.56.3, 1.57.1, 1.58.3",
          "Status": "fixed",
          "Layer": {
            "DiffID": "sha256:b798c8548e5cb8665c071c4e25e825dc073632ba6749ad7fd0b3f1f1e2b71513"
          },
          "SeveritySource": "ghsa",
          "PrimaryURL": "https://github.com/advisories/GHSA-m425-mq94-257g",
          "DataSource": {
            "ID": "ghsa",
            "Name": "GitHub Security Advisory Go",
            "URL": "https://github.com/advisories?query=type%3Areviewed+ecosystem%3Ago"
          },
          "Title": "gRPC-Go HTTP/2 Rapid Reset vulnerability",
          "Description": "### Impact\nIn affected releases of gRPC-Go, it is possible for an attacker to send HTTP/2 requests, cancel them, and send subsequent requests, which is valid by the HTTP/2 protocol, but would cause the gRPC-Go server to launch more concurrent method handlers than the configured maximum stream limit.\n\n### Patches\nThis vulnerability was addressed by #6703 and has been included in patch releases: 1.56.3, 1.57.1, 1.58.3.  It is also included in the latest release, 1.59.0.\n\nAlong with applying the patch, users should also ensure they are using the `grpc.MaxConcurrentStreams` server option to apply a limit to the server's resources used for any single connection.\n\n### Workarounds\nNone.\n\n### References\n#6703\n",
          "Severity": "HIGH",
          "VendorSeverity": {
            "ghsa": 3
          },
          "CVSS": {
            "ghsa": {
              "V3Vector": "CVSS:3.1/AV:N/AC:L/PR:N/UI:N/S:U/C:N/I:N/A:H",
              "V3Score": 7.5
            }
          },
          "References": [
            "https://github.com/grpc/grpc-go",
            "https://github.com/grpc/grpc-go/commit/f2180b4d5403d2210b30b93098eb7da31c05c721",
            "https://github.com/grpc/grpc-go/pull/6703",
            "https://github.com/grpc/grpc-go/security/advisories/GHSA-m425-mq94-257g"
          ]
        },
        {
          "VulnerabilityID": "CVE-2023-44487",
          "PkgName": "google.golang.org/grpc",
          "PkgIdentifier": {
            "PURL": "pkg:golang/google.golang.org/grpc@v1.45.0"
          },
          "InstalledVersion": "v1.45.0",
          "FixedVersion": "1.58.3, 1.57.1, 1.56.3",
          "Status": "fixed",
          "Layer": {
            "DiffID": "sha256:b798c8548e5cb8665c071c4e25e825dc073632ba6749ad7fd0b3f1f1e2b71513"
          },
          "SeveritySource": "ghsa",
          "PrimaryURL": "https://avd.aquasec.com/nvd/cve-2023-44487",
          "DataSource": {
            "ID": "ghsa",
            "Name": "GitHub Security Advisory Go",
            "URL": "https://github.com/advisories?query=type%3Areviewed+ecosystem%3Ago"
          },
          "Title": "HTTP/2: Multiple HTTP/2 enabled web servers are vulnerable to a DDoS attack (Rapid Reset Attack)",
          "Description": "The HTTP/2 protocol allows a denial of service (server resource consumption) because request cancellation can reset many streams quickly, as exploited in the wild in August through October 2023.",
          "Severity": "MEDIUM",
          "CweIDs": [
            "CWE-400"
          ],
          "VendorSeverity": {
            "alma": 3,
            "amazon": 3,
            "bitnami": 3,
            "cbl-mariner": 3,
            "ghsa": 2,
            "nvd": 3,
            "oracle-oval": 3,
            "photon": 3,
            "redhat": 3,
            "rocky": 3,
            "ubuntu": 2
          },
          "CVSS": {
            "bitnami": {
              "V3Vector": "CVSS:3.1/AV:N/AC:L/PR:N/UI:N/S:U/C:N/I:N/A:H",
              "V3Score": 7.5
            },
            "ghsa": {
              "V3Vector": "CVSS:3.1/AV:N/AC:L/PR:N/UI:N/S:U/C:N/I:N/A:L",
              "V3Score": 5.3
            },
            "nvd": {
              "V3Vector": "CVSS:3.1/AV:N/AC:L/PR:N/UI:N/S:U/C:N/I:N/A:H",
              "V3Score": 7.5
            },
            "redhat": {
              "V3Vector": "CVSS:3.1/AV:N/AC:L/PR:N/UI:N/S:U/C:N/I:N/A:H",
              "V3Score": 7.5
            }
          },
          "References": [
            "http://www.openwall.com/lists/oss-security/2023/10/13/4",
            "http://www.openwall.com/lists/oss-security/2023/10/13/9",
            "http://www.openwall.com/lists/oss-security/2023/10/18/4",
            "http://www.openwall.com/lists/oss-security/2023/10/18/8",
            "http://www.openwall.com/lists/oss-security/2023/10/19/6",
            "http://www.openwall.com/lists/oss-security/2023/10/20/8",
            "https://access.redhat.com/errata/RHSA-2023:6746",
            "https://access.redhat.com/security/cve/CVE-2023-44487",
            "https://access.redhat.com/security/cve/cve-2023-44487",
            "https://arstechnica.com/security/2023/10/how-ddosers-used-the-http-2-protocol-to-deliver-attacks-of-unprecedented-size",
            "https://arstechnica.com/security/2023/10/how-ddosers-used-the-http-2-protocol-to-deliver-attacks-of-unprecedented-size/",
            "https://aws.amazon.com/security/security-bulletins/AWS-2023-011",
            "https://aws.amazon.com/security/security-bulletins/AWS-2023-011/",
            "https://blog.cloudflare.com/technical-breakdown-http2-rapid-reset-ddos-attack",
            "https://blog.cloudflare.com/technical-breakdown-http2-rapid-reset-ddos-attack/",
            "https://blog.cloudflare.com/zero-day-rapid-reset-http2-record-breaking-ddos-attack",
            "https://blog.cloudflare.com/zero-day-rapid-reset-http2-record-breaking-ddos-attack/",
            "https://blog.litespeedtech.com/2023/10/11/rapid-reset-http-2-vulnerablilty",
            "https://blog.litespeedtech.com/2023/10/11/rapid-reset-http-2-vulnerablilty/",
            "https://blog.qualys.com/vulnerabilities-threat-research/2023/10/10/cve-2023-44487-http-2-rapid-reset-attack",
            "https://blog.vespa.ai/cve-2023-44487",
            "https://blog.vespa.ai/cve-2023-44487/",
            "https://bugzilla.proxmox.com/show_bug.cgi?id=4988",
            "https://bugzilla.redhat.com/2242803",
            "https://bugzilla.redhat.com/show_bug.cgi?id=2242803",
            "https://bugzilla.suse.com/show_bug.cgi?id=1216123",
            "https://cgit.freebsd.org/ports/commit/?id=c64c329c2c1752f46b73e3e6ce9f4329be6629f9",
            "https://chaos.social/@icing/111210915918780532",
            "https://cloud.google.com/blog/products/identity-security/google-cloud-mitigated-largest-ddos-attack-peaking-above-398-million-rps",
            "https://cloud.google.com/blog/products/identity-security/google-cloud-mitigated-largest-ddos-attack-peaking-above-398-million-rps/",
            "https://cloud.google.com/blog/products/identity-security/how-it-works-the-novel-http2-rapid-reset-ddos-attack",
            "https://community.traefik.io/t/is-traefik-vulnerable-to-cve-2023-44487/20125",
            "https://cve.mitre.org/cgi-bin/cvename.cgi?name=CVE-2023-44487",
            "https://devblogs.microsoft.com/dotnet/october-2023-updates/",
            "https://discuss.hashicorp.com/t/hcsec-2023-32-vault-consul-and-boundary-affected-by-http-2-rapid-reset-denial-of-service-vulnerability-cve-2023-44487/59715",
            "https://edg.io/lp/blog/resets-leaks-ddos-and-the-tale-of-a-hidden-cve",
            "https://errata.almalinux.org/9/ALSA-2023-6746.html",
            "https://errata.rockylinux.org/RLSA-2023:5838",
            "https://forums.swift.org/t/swift-nio-http2-security-update-cve-2023-44487-http-2-dos/67764",
            "https://gist.github.com/adulau/7c2bfb8e9cdbe4b35a5e131c66a0c088",
            "https://github.com/Azure/AKS/issues/3947",
            "https://github.com/Kong/kong/discussions/11741",
            "https://github.com/advisories/GHSA-qppj-fm5r-hxr3",
            "https://github.com/advisories/GHSA-vx74-f528-fxqg",
            "https://github.com/advisories/GHSA-xpw8-rcwv-8f8p",
            "https://github.com/akka/akka-http/issues/4323",
            "https://github.com/alibaba/tengine/issues/1872",
            "https://github.com/apache/apisix/issues/10320",
            "https://github.com/apache/httpd-site/pull/10",
            "https://github.com/apache/httpd/blob/afcdbeebbff4b0c50ea26cdd16e178c0d1f24152/modules/http2/h2_mplx.c#L1101-L1113",
            "https://github.com/apache/tomcat/tree/main/java/org/apache/coyote/http2",
            "https://github.com/apache/trafficserver/pull/10564",
            "https://github.com/apple/swift-nio-http2",
            "https://github.com/apple/swift-nio-http2/security/advisories/GHSA-qppj-fm5r-hxr3",
            "https://github.com/arkrwn/PoC/tree/main/CVE-2023-44487",
            "https://github.com/bcdannyboy/CVE-2023-44487",
            "https://github.com/caddyserver/caddy/issues/5877",
            "https://github.com/caddyserver/caddy/releases/tag/v2.7.5",
            "https://github.com/dotnet/announcements/issues/277",
            "https://github.com/dotnet/core/blob/e4613450ea0da7fd2fc6b61dfb2c1c1dec1ce9ec/release-notes/6.0/6.0.23/6.0.23.md?plain=1#L73",
            "https://github.com/eclipse/jetty.project/issues/10679",
            "https://github.com/envoyproxy/envoy/pull/30055",
            "https://github.com/etcd-io/etcd/issues/16740",
            "https://github.com/facebook/proxygen/pull/466",
            "https://github.com/golang/go/issues/63417",
            "https://github.com/grpc/grpc-go/pull/6703",
            "https://github.com/grpc/grpc-go/releases",
            "https://github.com/h2o/h2o/pull/3291",
            "https://github.com/h2o/h2o/security/advisories/GHSA-2m7v-gc89-fjqf",
            "https://github.com/haproxy/haproxy/issues/2312",
            "https://github.com/hyperium/hyper/issues/3337",
            "https://github.com/icing/mod_h2/blob/0a864782af0a942aa2ad4ed960a6b32cd35bcf0a/mod_http2/README.md?plain=1#L239-L244",
            "https://github.com/junkurihara/rust-rpxy/issues/97",
            "https://github.com/kazu-yamamoto/http2/commit/f61d41a502bd0f60eb24e1ce14edc7b6df6722a1",
            "https://github.com/kazu-yamamoto/http2/issues/93",
            "https://github.com/kubernetes/kubernetes/pull/121120",
            "https://github.com/line/armeria/pull/5232",
            "https://github.com/linkerd/website/pull/1695/commits/4b9c6836471bc8270ab48aae6fd2181bc73fd632",
            "https://github.com/micrictor/http2-rst-stream",
            "https://github.com/microsoft/CBL-Mariner/pull/6381",
            "https://github.com/netty/netty/commit/58f75f665aa81a8cbcf6ffa74820042a285c5e61",
            "https://github.com/nghttp2/nghttp2/pull/1961",
            "https://github.com/nghttp2/nghttp2/releases/tag/v1.57.0",
            "https://github.com/ninenines/cowboy/issues/1615",
            "https://github.com/nodejs/node/pull/50121",
            "https://github.com/openresty/openresty/issues/930",
            "https://github.com/opensearch-project/data-prepper/issues/3474",
            "https://github.com/oqtane/oqtane.framework/discussions/3367",
            "https://github.com/projectcontour/contour/pull/5826",
            "https://github.com/tempesta-tech/tempesta/issues/1986",
            "https://github.com/varnishcache/varnish-cache/issues/3996",
            "https://go.dev/cl/534215",
            "https://go.dev/cl/534235",
            "https://go.dev/issue/63417",
            "https://groups.google.com/g/golang-announce/c/iNNxDTCjZvo",
            "https://groups.google.com/g/golang-announce/c/iNNxDTCjZvo/m/UDd7VKQuAAAJ",
            "https://istio.io/latest/news/security/istio-security-2023-004",
            "https://istio.io/latest/news/security/istio-security-2023-004/",
            "https://linkerd.io/2023/10/12/linkerd-cve-2023-44487",
            "https://linkerd.io/2023/10/12/linkerd-cve-2023-44487/",
            "https://linux.oracle.com/cve/CVE-2023-44487.html",
            "https://linux.oracle.com/errata/ELSA-2023-7205.html",
            "https://lists.apache.org/thread/5py8h42mxfsn8l1wy6o41xwhsjlsd87q",
            "https://lists.debian.org/debian-lts-announce/2023/10/msg00020.html",
            "https://lists.debian.org/debian-lts-announce/2023/10/msg00023.html",
            "https://lists.debian.org/debian-lts-announce/2023/10/msg00024.html",
            "https://lists.debian.org/debian-lts-announce/2023/10/msg00045.html",
            "https://lists.debian.org/debian-lts-announce/2023/10/msg00047.html",
            "https://lists.debian.org/debian-lts-announce/2023/11/msg00001.html",
            "https://lists.debian.org/debian-lts-announce/2023/11/msg00012.html",
            "https://lists.fedoraproject.org/archives/list/package-announce%40lists.fedoraproject.org/message/2MBEPPC36UBVOZZNAXFHKLFGSLCMN5LI",
            "https://lists.fedoraproject.org/archives/list/package-announce%40lists.fedoraproject.org/message/2MBEPPC36UBVOZZNAXFHKLFGSLCMN5LI/",
            "https://lists.fedoraproject.org/archives/list/package-announce%40lists.fedoraproject.org/message/3N4NJ7FR4X4FPZUGNTQAPSTVB2HB2Y4A",
            "https://lists.fedoraproject.org/archives/list/package-announce%40lists.fedoraproject.org/message/3N4NJ7FR4X4FPZUGNTQAPSTVB2HB2Y4A/",
            "https://lists.fedoraproject.org/archives/list/package-announce%40lists.fedoraproject.org/message/BFQD3KUEMFBHPAPBGLWQC34L4OWL5HAZ",
            "https://lists.fedoraproject.org/archives/list/package-announce%40lists.fedoraproject.org/message/BFQD3KUEMFBHPAPBGLWQC34L4OWL5HAZ/",
            "https://lists.fedoraproject.org/archives/list/package-announce%40lists.fedoraproject.org/message/CLB4TW7KALB3EEQWNWCN7OUIWWVWWCG2",
            "https://lists.fedoraproject.org/archives/list/package-announce%40lists.fedoraproject.org/message/CLB4TW7KALB3EEQWNWCN7OUIWWVWWCG2/",
            "https://lists.fedoraproject.org/archives/list/package-announce%40lists.fedoraproject.org/message/E72T67UPDRXHIDLO3OROR25YAMN4GGW5",
            "https://lists.fedoraproject.org/archives/list/package-announce%40lists.fedoraproject.org/message/E72T67UPDRXHIDLO3OROR25YAMN4GGW5/",
            "https://lists.fedoraproject.org/archives/list/package-announce%40lists.fedoraproject.org/message/FNA62Q767CFAFHBCDKYNPBMZWB7TWYVU",
            "https://lists.fedoraproject.org/archives/list/package-announce%40lists.fedoraproject.org/message/FNA62Q767CFAFHBCDKYNPBMZWB7TWYVU/",
            "https://lists.fedoraproject.org/archives/list/package-announce%40lists.fedoraproject.org/message/HT7T2R4MQKLIF4ODV4BDLPARWFPCJ5CZ",
            "https://lists.fedoraproject.org/archives/list/package-announce%40lists.fedoraproject.org/message/HT7T2R4MQKLIF4ODV4BDLPARWFPCJ5CZ/",
            "https://lists.fedoraproject.org/archives/list/package-announce%40lists.fedoraproject.org/message/JIZSEFC3YKCGABA2BZW6ZJRMDZJMB7PJ",
            "https://lists.fedoraproject.org/archives/list/package-announce%40lists.fedoraproject.org/message/JIZSEFC3YKCGABA2BZW6ZJRMDZJMB7PJ/",
            "https://lists.fedoraproject.org/archives/list/package-announce%40lists.fedoraproject.org/message/JMEXY22BFG5Q64HQCM5CK2Q7KDKVV4TY",
            "https://lists.fedoraproject.org/archives/list/package-announce%40lists.fedoraproject.org/message/JMEXY22BFG5Q64HQCM5CK2Q7KDKVV4TY/",
            "https://lists.fedoraproject.org/archives/list/package-announce%40lists.fedoraproject.org/message/KSEGD2IWKNUO3DWY4KQGUQM5BISRWHQE",
            "https://lists.fedoraproject.org/archives/list/package-announce%40lists.fedoraproject.org/message/KSEGD2IWKNUO3DWY4KQGUQM5BISRWHQE/",
            "https://lists.fedoraproject.org/archives/list/package-announce%40lists.fedoraproject.org/message/LKYHSZQFDNR7RSA7LHVLLIAQMVYCUGBG",
            "https://lists.fedoraproject.org/archives/list/package-announce%40lists.fedoraproject.org/message/LKYHSZQFDNR7RSA7LHVLLIAQMVYCUGBG/",
            "https://lists.fedoraproject.org/archives/list/package-announce%40lists.fedoraproject.org/message/LNMZJCDHGLJJLXO4OXWJMTVQRNWOC7UL",
            "https://lists.fedoraproject.org/archives/list/package-announce%40lists.fedoraproject.org/message/LNMZJCDHGLJJLXO4OXWJMTVQRNWOC7UL/",
            "https://lists.fedoraproject.org/archives/list/package-announce%40lists.fedoraproject.org/message/VHUHTSXLXGXS7JYKBXTA3VINUPHTNGVU",
            "https://lists.fedoraproject.org/archives/list/package-announce%40lists.fedoraproject.org/message/VHUHTSXLXGXS7JYKBXTA3VINUPHTNGVU/",
            "https://lists.fedoraproject.org/archives/list/package-announce%40lists.fedoraproject.org/message/VSRDIV77HNKUSM7SJC5BKE5JSHLHU2NK",
            "https://lists.fedoraproject.org/archives/list/package-announce%40lists.fedoraproject.org/message/VSRDIV77HNKUSM7SJC5BKE5JSHLHU2NK/",
            "https://lists.fedoraproject.org/archives/list/package-announce%40lists.fedoraproject.org/message/WE2I52RHNNU42PX6NZ2RBUHSFFJ2LVZX",
            "https://lists.fedoraproject.org/archives/list/package-announce%40lists.fedoraproject.org/message/WE2I52RHNNU42PX6NZ2RBUHSFFJ2LVZX/",
            "https://lists.fedoraproject.org/archives/list/package-announce%40lists.fedoraproject.org/message/WLPRQ5TWUQQXYWBJM7ECYDAIL2YVKIUH",
            "https://lists.fedoraproject.org/archives/list/package-announce%40lists.fedoraproject.org/message/WLPRQ5TWUQQXYWBJM7ECYDAIL2YVKIUH/",
            "https://lists.fedoraproject.org/archives/list/package-announce%40lists.fedoraproject.org/message/X6QXN4ORIVF6XBW4WWFE7VNPVC74S45Y",
            "https://lists.fedoraproject.org/archives/list/package-announce%40lists.fedoraproject.org/message/X6QXN4ORIVF6XBW4WWFE7VNPVC74S45Y/",
            "https://lists.fedoraproject.org/archives/list/package-announce%40lists.fedoraproject.org/message/XFOIBB4YFICHDM7IBOP7PWXW3FX4HLL2",
            "https://lists.fedoraproject.org/archives/list/package-announce%40lists.fedoraproject.org/message/XFOIBB4YFICHDM7IBOP7PWXW3FX4HLL2/",
            "https://lists.fedoraproject.org/archives/list/package-announce%40lists.fedoraproject.org/message/ZB43REMKRQR62NJEI7I5NQ4FSXNLBKRT",
            "https://lists.fedoraproject.org/archives/list/package-announce%40lists.fedoraproject.org/message/ZB43REMKRQR62NJEI7I5NQ4FSXNLBKRT/",
            "https://lists.fedoraproject.org/archives/list/package-announce%40lists.fedoraproject.org/message/ZKQSIKIAT5TJ3WSLU3RDBQ35YX4GY4V3",
            "https://lists.fedoraproject.org/archives/list/package-announce%40lists.fedoraproject.org/message/ZKQSIKIAT5TJ3WSLU3RDBQ35YX4GY4V3/",
            "https://lists.fedoraproject.org/archives/list/package-announce%40lists.fedoraproject.org/message/ZLU6U2R2IC2K64NDPNMV55AUAO65MAF4",
            "https://lists.fedoraproject.org/archives/list/package-announce%40lists.fedoraproject.org/message/ZLU6U2R2IC2K64NDPNMV55AUAO65MAF4/",
            "https://lists.fedoraproject.org/archives/list/package-announce@lists.fedoraproject.org/message/3N4NJ7FR4X4FPZUGNTQAPSTVB2HB2Y4A",
            "https://lists.fedoraproject.org/archives/list/package-announce@lists.fedoraproject.org/message/BFQD3KUEMFBHPAPBGLWQC34L4OWL5HAZ",
            "https://lists.fedoraproject.org/archives/list/package-announce@lists.fedoraproject.org/message/CLB4TW7KALB3EEQWNWCN7OUIWWVWWCG2",
            "https://lists.fedoraproject.org/archives/list/package-announce@lists.fedoraproject.org/message/E72T67UPDRXHIDLO3OROR25YAMN4GGW5",
            "https://lists.fedoraproject.org/archives/list/package-announce@lists.fedoraproject.org/message/FNA62Q767CFAFHBCDKYNPBMZWB7TWYVU",
            "https://lists.fedoraproject.org/archives/list/package-announce@lists.fedoraproject.org/message/HT7T2R4MQKLIF4ODV4BDLPARWFPCJ5CZ",
            "https://lists.fedoraproject.org/archives/list/package-announce@lists.fedoraproject.org/message/JIZSEFC3YKCGABA2BZW6ZJRMDZJMB7PJ",
            "https://lists.fedoraproject.org/archives/list/package-announce@lists.fedoraproject.org/message/JMEXY22BFG5Q64HQCM5CK2Q7KDKVV4TY",
            "https://lists.fedoraproject.org/archives/list/package-announce@lists.fedoraproject.org/message/KSEGD2IWKNUO3DWY4KQGUQM5BISRWHQE",
            "https://lists.fedoraproject.org/archives/list/package-announce@lists.fedoraproject.org/message/LKYHSZQFDNR7RSA7LHVLLIAQMVYCUGBG",
            "https://lists.fedoraproject.org/archives/list/package-announce@lists.fedoraproject.org/message/LNMZJCDHGLJJLXO4OXWJMTVQRNWOC7UL",
            "https://lists.fedoraproject.org/archives/list/package-announce@lists.fedoraproject.org/message/VHUHTSXLXGXS7JYKBXTA3VINUPHTNGVU",
            "https://lists.fedoraproject.org/archives/list/package-announce@lists.fedoraproject.org/message/VSRDIV77HNKUSM7SJC5BKE5JSHLHU2NK",
            "https://lists.fedoraproject.org/archives/list/package-announce@lists.fedoraproject.org/message/WLPRQ5TWUQQXYWBJM7ECYDAIL2YVKIUH",
            "https://lists.fedoraproject.org/archives/list/package-announce@lists.fedoraproject.org/message/X6QXN4ORIVF6XBW4WWFE7VNPVC74S45Y",
            "https://lists.fedoraproject.org/archives/list/package-announce@lists.fedoraproject.org/message/XFOIBB4YFICHDM7IBOP7PWXW3FX4HLL2",
            "https://lists.fedoraproject.org/archives/list/package-announce@lists.fedoraproject.org/message/ZB43REMKRQR62NJEI7I5NQ4FSXNLBKRT",
            "https://lists.fedoraproject.org/archives/list/package-announce@lists.fedoraproject.org/message/ZKQSIKIAT5TJ3WSLU3RDBQ35YX4GY4V3",
            "https://lists.fedoraproject.org/archives/list/package-announce@lists.fedoraproject.org/message/ZLU6U2R2IC2K64NDPNMV55AUAO65MAF4",
            "https://lists.w3.org/Archives/Public/ietf-http-wg/2023OctDec/0025.html",
            "https://mailman.nginx.org/pipermail/nginx-devel/2023-October/S36Q5HBXR7CAIMPLLPRSSSYR4PCMWILK.html",
            "https://martinthomson.github.io/h2-stream-limits/draft-thomson-httpbis-h2-stream-limits.html",
            "https://msrc.microsoft.com/blog/2023/10/microsoft-response-to-distributed-denial-of-service-ddos-attacks-against-http/2",
            "https://msrc.microsoft.com/blog/2023/10/microsoft-response-to-distributed-denial-of-service-ddos-attacks-against-http/2/",
            "https://msrc.microsoft.com/update-guide/vulnerability/CVE-2023-44487",
            "https://my.f5.com/manage/s/article/K000137106",
            "https://netty.io/news/2023/10/10/4-1-100-Final.html",
            "https://news.ycombinator.com/item?id=37830987",
            "https://news.ycombinator.com/item?id=37830998",
            "https://news.ycombinator.com/item?id=37831062",
            "https://news.ycombinator.com/item?id=37837043",
            "https://nodejs.org/en/blog/vulnerability/october-2023-security-releases",
            "https://nvd.nist.gov/vuln/detail/CVE-2023-44487",
            "https://openssf.org/blog/2023/10/10/http-2-rapid-reset-vulnerability-highlights-need-for-rapid-response",
            "https://openssf.org/blog/2023/10/10/http-2-rapid-reset-vulnerability-highlights-need-for-rapid-response/",
            "https://pkg.go.dev/vuln/GO-2023-2102",
            "https://seanmonstar.com/post/730794151136935936/hyper-http2-rapid-reset-unaffected",
            "https://security.gentoo.org/glsa/202311-09",
            "https://security.netapp.com/advisory/ntap-20231016-0001",
            "https://security.netapp.com/advisory/ntap-20231016-0001/",
            "https://security.paloaltonetworks.com/CVE-2023-44487",
            "https://tomcat.apache.org/security-10.html#Fixed_in_Apache_Tomcat_10.1.14",
            "https://tomcat.apache.org/security-11.html#Fixed_in_Apache_Tomcat_11.0.0-M12",
            "https://tomcat.apache.org/security-8.html#Fixed_in_Apache_Tomcat_8.5.94",
            "https://tomcat.apache.org/security-9.html#Fixed_in_Apache_Tomcat_9.0.81",
            "https://ubuntu.com/security/CVE-2023-44487",
            "https://ubuntu.com/security/notices/USN-6427-1",
            "https://ubuntu.com/security/notices/USN-6427-2",
            "https://ubuntu.com/security/notices/USN-6438-1",
            "https://ubuntu.com/security/notices/USN-6505-1",
            "https://ubuntu.com/security/notices/USN-6574-1",
            "https://www.bleepingcomputer.com/news/security/new-http-2-rapid-reset-zero-day-attack-breaks-ddos-records",
            "https://www.bleepingcomputer.com/news/security/new-http-2-rapid-reset-zero-day-attack-breaks-ddos-records/",
            "https://www.cisa.gov/news-events/alerts/2023/10/10/http2-rapid-reset-vulnerability-cve-2023-44487",
            "https://www.cve.org/CVERecord?id=CVE-2023-44487",
            "https://www.darkreading.com/cloud/internet-wide-zero-day-bug-fuels-largest-ever-ddos-event",
            "https://www.debian.org/security/2023/dsa-5521",
            "https://www.debian.org/security/2023/dsa-5522",
            "https://www.debian.org/security/2023/dsa-5540",
            "https://www.debian.org/security/2023/dsa-5549",
            "https://www.debian.org/security/2023/dsa-5558",
            "https://www.debian.org/security/2023/dsa-5570",
            "https://www.haproxy.com/blog/haproxy-is-not-affected-by-the-http-2-rapid-reset-attack-cve-2023-44487",
            "https://www.mail-archive.com/haproxy@formilux.org/msg44134.html",
            "https://www.netlify.com/blog/netlify-successfully-mitigates-cve-2023-44487",
            "https://www.netlify.com/blog/netlify-successfully-mitigates-cve-2023-44487/",
            "https://www.nginx.com/blog/http-2-rapid-reset-attack-impacting-f5-nginx-products",
            "https://www.nginx.com/blog/http-2-rapid-reset-attack-impacting-f5-nginx-products/",
            "https://www.openwall.com/lists/oss-security/2023/10/10/6",
            "https://www.phoronix.com/news/HTTP2-Rapid-Reset-Attack",
            "https://www.theregister.com/2023/10/10/http2_rapid_reset_zeroday",
            "https://www.theregister.com/2023/10/10/http2_rapid_reset_zeroday/"
          ],
          "PublishedDate": "2023-10-10T14:15:10.883Z",
          "LastModifiedDate": "2024-02-02T15:40:23.61Z"
        }
      ]
    }
  ]
}
