{
  "SchemaVersion": 2,
  "CreatedAt": "2024-02-25T12:56:27.403951081Z",
  "ArtifactName": "verdaccio/verdaccio:latest",
  "ArtifactType": "container_image",
  "Metadata": {
    "OS": {
      "Family": "alpine",
      "Name": "3.19.1"
    },
    "ImageID": "sha256:35de7cba7b17d811258b7e922ce0f10d95be68fd71c8c40288729099ded0b9ac",
    "DiffIDs": [
      "sha256:d4fc045c9e3a848011de66f34b81f052d4f2c15a17bb196d637e526349601820",
      "sha256:7c4673abcb9d9d4d691c5657964f043e9a64f510292692bd43660fd5e4260d9f",
      "sha256:8abbad55477e533ed9d8174729741290cefb124bde784b8babeab481876c9d80",
      "sha256:4cbba91e00711b2284dab9ad945c393d938a8cd744f80a42178fa31242799562",
      "sha256:55cbea04d6a5b14db228c5c639d54ae8c6c1059ad2cb301cac5ac7ee6832e6e1",
      "sha256:4e25eedc0fdf4724f3a8bf0299f0e766142bc4956c359e2ead71c478618ece3d",
      "sha256:121e9f350ec918b6c4e6650b288b9fef43c3fe618a24e27b48a186843c4bb262",
      "sha256:6ff513c28f2f707cee9109dedac3809aa404b3c0539590e947af86a2955b250d",
      "sha256:771158a94e5004de401bdd7501dc973a781756431a2ad3bbfe51bfade89d4514",
      "sha256:632975f3c2d0b58543570bfe9bfea9da80959f7b8ed34e38a099cb5831303689",
      "sha256:0b526eff6e8a6f2bf26dc16b184a8320ab11988193741280975385aad09ff9d1",
      "sha256:3180cbe208fb648858a272af5a8009efac58c37be5b1bcded7a7900e0a1fd1be"
    ],
    "RepoTags": [
      "verdaccio/verdaccio:latest"
    ],
    "RepoDigests": [
      "verdaccio/verdaccio@sha256:f8fc03849caf15b365cf55989d5666ad91398cd32bf82495b2f86522011220af"
    ],
    "ImageConfig": {
      "architecture": "amd64",
      "created": "2024-02-21T19:57:44.885778019Z",
      "history": [
        {
          "created": "2024-01-27T00:30:48Z",
          "created_by": "/bin/sh -c #(nop) ADD file:37a76ec18f9887751cd8473744917d08b7431fc4085097bb6a09d81b41775473 in / "
        },
        {
          "created": "2024-01-27T00:30:48Z",
          "created_by": "/bin/sh -c #(nop)  CMD [\"/bin/sh\"]",
          "empty_layer": true
        },
        {
          "created": "2024-01-27T03:13:38Z",
          "created_by": "/bin/sh -c #(nop)  ENV NODE_VERSION=20.11.0",
          "empty_layer": true
        },
        {
          "created": "2024-01-27T03:13:46Z",
          "created_by": "/bin/sh -c addgroup -g 1000 node     \u0026\u0026 adduser -u 1000 -G node -s /bin/sh -D node     \u0026\u0026 apk add --no-cache         libstdc++     \u0026\u0026 apk add --no-cache --virtual .build-deps         curl     \u0026\u0026 ARCH= OPENSSL_ARCH='linux*' \u0026\u0026 alpineArch=\"$(apk --print-arch)\"       \u0026\u0026 case \"${alpineArch##*-}\" in         x86_64) ARCH='x64' CHECKSUM=\"a8bec39586538896715be7a2ca7ef08727a58ad94d25876c5db11cafacff4c37\" OPENSSL_ARCH=linux-x86_64;;         x86) OPENSSL_ARCH=linux-elf;;         aarch64) OPENSSL_ARCH=linux-aarch64;;         arm*) OPENSSL_ARCH=linux-armv4;;         ppc64le) OPENSSL_ARCH=linux-ppc64le;;         s390x) OPENSSL_ARCH=linux-s390x;;         *) ;;       esac   \u0026\u0026 if [ -n \"${CHECKSUM}\" ]; then     set -eu;     curl -fsSLO --compressed \"https://unofficial-builds.nodejs.org/download/release/v$NODE_VERSION/node-v$NODE_VERSION-linux-$ARCH-musl.tar.xz\";     echo \"$CHECKSUM  node-v$NODE_VERSION-linux-$ARCH-musl.tar.xz\" | sha256sum -c -       \u0026\u0026 tar -xJf \"node-v$NODE_VERSION-linux-$ARCH-musl.tar.xz\" -C /usr/local --strip-components=1 --no-same-owner       \u0026\u0026 ln -s /usr/local/bin/node /usr/local/bin/nodejs;   else     echo \"Building from source\"     \u0026\u0026 apk add --no-cache --virtual .build-deps-full         binutils-gold         g++         gcc         gnupg         libgcc         linux-headers         make         python3     \u0026\u0026 export GNUPGHOME=\"$(mktemp -d)\"     \u0026\u0026 for key in       4ED778F539E3634C779C87C6D7062848A1AB005C       141F07595B7B3FFE74309A937405533BE57C7D57       74F12602B6F1C4E913FAA37AD3A89613643B6201       DD792F5973C6DE52C432CBDAC77ABFA00DDBF2B7       61FC681DFB92A079F1685E77973F295594EC4689       8FCCA13FEF1D0C2E91008E09770F7A9A5AE15600       C4F0DFFF4E8C1A8236409D08E73BC641CC11F4C8       890C08DB8579162FEE0DF9DB8BEAB4DFCF555EF4       C82FA3AE1CBEDC6BE46B9360C43CEC45C17AB93C       108F52B48DB57BB0CC439B2997B01419BD92F80A       A363A499291CBBC940DD62E41F10027AF002F8B0     ; do       gpg --batch --keyserver hkps://keys.openpgp.org --recv-keys \"$key\" ||       gpg --batch --keyserver keyserver.ubuntu.com --recv-keys \"$key\" ;     done     \u0026\u0026 curl -fsSLO --compressed \"https://nodejs.org/dist/v$NODE_VERSION/node-v$NODE_VERSION.tar.xz\"     \u0026\u0026 curl -fsSLO --compressed \"https://nodejs.org/dist/v$NODE_VERSION/SHASUMS256.txt.asc\"     \u0026\u0026 gpg --batch --decrypt --output SHASUMS256.txt SHASUMS256.txt.asc     \u0026\u0026 gpgconf --kill all     \u0026\u0026 rm -rf \"$GNUPGHOME\"     \u0026\u0026 grep \" node-v$NODE_VERSION.tar.xz\\$\" SHASUMS256.txt | sha256sum -c -     \u0026\u0026 tar -xf \"node-v$NODE_VERSION.tar.xz\"     \u0026\u0026 cd \"node-v$NODE_VERSION\"     \u0026\u0026 ./configure     \u0026\u0026 make -j$(getconf _NPROCESSORS_ONLN) V=     \u0026\u0026 make install     \u0026\u0026 apk del .build-deps-full     \u0026\u0026 cd ..     \u0026\u0026 rm -Rf \"node-v$NODE_VERSION\"     \u0026\u0026 rm \"node-v$NODE_VERSION.tar.xz\" SHASUMS256.txt.asc SHASUMS256.txt;   fi   \u0026\u0026 rm -f \"node-v$NODE_VERSION-linux-$ARCH-musl.tar.xz\"   \u0026\u0026 find /usr/local/include/node/openssl/archs -mindepth 1 -maxdepth 1 ! -name \"$OPENSSL_ARCH\" -exec rm -rf {} \\;   \u0026\u0026 apk del .build-deps   \u0026\u0026 node --version   \u0026\u0026 npm --version"
        },
        {
          "created": "2024-01-27T03:13:46Z",
          "created_by": "/bin/sh -c #(nop)  ENV YARN_VERSION=1.22.19",
          "empty_layer": true
        },
        {
          "created": "2024-01-27T03:13:51Z",
          "created_by": "/bin/sh -c apk add --no-cache --virtual .build-deps-yarn curl gnupg tar   \u0026\u0026 export GNUPGHOME=\"$(mktemp -d)\"   \u0026\u0026 for key in     6A010C5166006599AA17F08146C2130DFD2497F5   ; do     gpg --batch --keyserver hkps://keys.openpgp.org --recv-keys \"$key\" ||     gpg --batch --keyserver keyserver.ubuntu.com --recv-keys \"$key\" ;   done   \u0026\u0026 curl -fsSLO --compressed \"https://yarnpkg.com/downloads/$YARN_VERSION/yarn-v$YARN_VERSION.tar.gz\"   \u0026\u0026 curl -fsSLO --compressed \"https://yarnpkg.com/downloads/$YARN_VERSION/yarn-v$YARN_VERSION.tar.gz.asc\"   \u0026\u0026 gpg --batch --verify yarn-v$YARN_VERSION.tar.gz.asc yarn-v$YARN_VERSION.tar.gz   \u0026\u0026 gpgconf --kill all   \u0026\u0026 rm -rf \"$GNUPGHOME\"   \u0026\u0026 mkdir -p /opt   \u0026\u0026 tar -xzf yarn-v$YARN_VERSION.tar.gz -C /opt/   \u0026\u0026 ln -s /opt/yarn-v$YARN_VERSION/bin/yarn /usr/local/bin/yarn   \u0026\u0026 ln -s /opt/yarn-v$YARN_VERSION/bin/yarnpkg /usr/local/bin/yarnpkg   \u0026\u0026 rm yarn-v$YARN_VERSION.tar.gz.asc yarn-v$YARN_VERSION.tar.gz   \u0026\u0026 apk del .build-deps-yarn   \u0026\u0026 yarn --version"
        },
        {
          "created": "2024-01-27T03:13:51Z",
          "created_by": "/bin/sh -c #(nop) COPY file:4d192565a7220e135cab6c77fbc1c73211b69f3d9fb37e62857b2c6eb9363d51 in /usr/local/bin/ "
        },
        {
          "created": "2024-01-27T03:13:51Z",
          "created_by": "/bin/sh -c #(nop)  ENTRYPOINT [\"docker-entrypoint.sh\"]",
          "empty_layer": true
        },
        {
          "created": "2024-01-27T03:13:51Z",
          "created_by": "/bin/sh -c #(nop)  CMD [\"node\"]",
          "empty_layer": true
        },
        {
          "created": "2024-02-21T19:56:42Z",
          "created_by": "LABEL maintainer=https://github.com/verdaccio/verdaccio",
          "comment": "buildkit.dockerfile.v0",
          "empty_layer": true
        },
        {
          "created": "2024-02-21T19:56:42Z",
          "created_by": "ENV VERDACCIO_APPDIR=/opt/verdaccio VERDACCIO_USER_NAME=verdaccio VERDACCIO_USER_UID=10001 VERDACCIO_PORT=4873 VERDACCIO_PROTOCOL=http",
          "comment": "buildkit.dockerfile.v0",
          "empty_layer": true
        },
        {
          "created": "2024-02-21T19:56:42Z",
          "created_by": "ENV PATH=/opt/verdaccio/docker-bin:/usr/local/sbin:/usr/local/bin:/usr/sbin:/usr/bin:/sbin:/bin HOME=/opt/verdaccio",
          "comment": "buildkit.dockerfile.v0",
          "empty_layer": true
        },
        {
          "created": "2024-02-21T19:56:42Z",
          "created_by": "WORKDIR /opt/verdaccio",
          "comment": "buildkit.dockerfile.v0"
        },
        {
          "created": "2024-02-21T19:56:43Z",
          "created_by": "RUN /bin/sh -c apk --no-cache add openssl dumb-init # buildkit",
          "comment": "buildkit.dockerfile.v0"
        },
        {
          "created": "2024-02-21T19:56:43Z",
          "created_by": "RUN /bin/sh -c mkdir -p /verdaccio/storage /verdaccio/plugins /verdaccio/conf # buildkit",
          "comment": "buildkit.dockerfile.v0"
        },
        {
          "created": "2024-02-21T19:57:34Z",
          "created_by": "COPY /opt/tarball . # buildkit",
          "comment": "buildkit.dockerfile.v0"
        },
        {
          "created": "2024-02-21T19:57:34Z",
          "created_by": "USER root",
          "comment": "buildkit.dockerfile.v0",
          "empty_layer": true
        },
        {
          "created": "2024-02-21T19:57:44Z",
          "created_by": "RUN /bin/sh -c npm install -g $VERDACCIO_APPDIR/verdaccio.tgz     \u0026\u0026 npm cache clean --force     \u0026\u0026 rm -Rf .npm/     \u0026\u0026 rm $VERDACCIO_APPDIR/verdaccio.tgz     \u0026\u0026 rm -Rf /opt/yarn-v1.22.19/ /usr/local/bin/yarn /usr/local/bin/yarnpkg # buildkit",
          "comment": "buildkit.dockerfile.v0"
        },
        {
          "created": "2024-02-21T19:57:44Z",
          "created_by": "ADD conf/docker.yaml /verdaccio/conf/config.yaml # buildkit",
          "comment": "buildkit.dockerfile.v0"
        },
        {
          "created": "2024-02-21T19:57:44Z",
          "created_by": "ADD docker-bin /opt/verdaccio/docker-bin # buildkit",
          "comment": "buildkit.dockerfile.v0"
        },
        {
          "created": "2024-02-21T19:57:44Z",
          "created_by": "RUN /bin/sh -c adduser -u $VERDACCIO_USER_UID -S -D -h $VERDACCIO_APPDIR -g \"$VERDACCIO_USER_NAME user\" -s /sbin/nologin $VERDACCIO_USER_NAME \u0026\u0026     chmod -R +x /usr/local/lib/node_modules/verdaccio/bin/verdaccio $VERDACCIO_APPDIR/docker-bin \u0026\u0026     chown -R $VERDACCIO_USER_UID:root /verdaccio/storage \u0026\u0026     chmod -R g=u /verdaccio/storage /etc/passwd # buildkit",
          "comment": "buildkit.dockerfile.v0"
        },
        {
          "created": "2024-02-21T19:57:44Z",
          "created_by": "USER 10001",
          "comment": "buildkit.dockerfile.v0",
          "empty_layer": true
        },
        {
          "created": "2024-02-21T19:57:44Z",
          "created_by": "EXPOSE map[4873/tcp:{}]",
          "comment": "buildkit.dockerfile.v0",
          "empty_layer": true
        },
        {
          "created": "2024-02-21T19:57:44Z",
          "created_by": "VOLUME [/verdaccio/storage]",
          "comment": "buildkit.dockerfile.v0",
          "empty_layer": true
        },
        {
          "created": "2024-02-21T19:57:44Z",
          "created_by": "ENTRYPOINT [\"uid_entrypoint\"]",
          "comment": "buildkit.dockerfile.v0",
          "empty_layer": true
        },
        {
          "created": "2024-02-21T19:57:44Z",
          "created_by": "CMD [\"/bin/sh\" \"-c\" \"verdaccio --config /verdaccio/conf/config.yaml --listen $VERDACCIO_PROTOCOL://0.0.0.0:$VERDACCIO_PORT\"]",
          "comment": "buildkit.dockerfile.v0",
          "empty_layer": true
        }
      ],
      "os": "linux",
      "rootfs": {
        "type": "layers",
        "diff_ids": [
          "sha256:d4fc045c9e3a848011de66f34b81f052d4f2c15a17bb196d637e526349601820",
          "sha256:7c4673abcb9d9d4d691c5657964f043e9a64f510292692bd43660fd5e4260d9f",
          "sha256:8abbad55477e533ed9d8174729741290cefb124bde784b8babeab481876c9d80",
          "sha256:4cbba91e00711b2284dab9ad945c393d938a8cd744f80a42178fa31242799562",
          "sha256:55cbea04d6a5b14db228c5c639d54ae8c6c1059ad2cb301cac5ac7ee6832e6e1",
          "sha256:4e25eedc0fdf4724f3a8bf0299f0e766142bc4956c359e2ead71c478618ece3d",
          "sha256:121e9f350ec918b6c4e6650b288b9fef43c3fe618a24e27b48a186843c4bb262",
          "sha256:6ff513c28f2f707cee9109dedac3809aa404b3c0539590e947af86a2955b250d",
          "sha256:771158a94e5004de401bdd7501dc973a781756431a2ad3bbfe51bfade89d4514",
          "sha256:632975f3c2d0b58543570bfe9bfea9da80959f7b8ed34e38a099cb5831303689",
          "sha256:0b526eff6e8a6f2bf26dc16b184a8320ab11988193741280975385aad09ff9d1",
          "sha256:3180cbe208fb648858a272af5a8009efac58c37be5b1bcded7a7900e0a1fd1be"
        ]
      },
      "config": {
        "Cmd": [
          "/bin/sh",
          "-c",
          "verdaccio --config /verdaccio/conf/config.yaml --listen $VERDACCIO_PROTOCOL://0.0.0.0:$VERDACCIO_PORT"
        ],
        "Entrypoint": [
          "uid_entrypoint"
        ],
        "Env": [
          "PATH=/opt/verdaccio/docker-bin:/usr/local/sbin:/usr/local/bin:/usr/sbin:/usr/bin:/sbin:/bin",
          "NODE_VERSION=20.11.0",
          "YARN_VERSION=1.22.19",
          "VERDACCIO_APPDIR=/opt/verdaccio",
          "VERDACCIO_USER_NAME=verdaccio",
          "VERDACCIO_USER_UID=10001",
          "VERDACCIO_PORT=4873",
          "VERDACCIO_PROTOCOL=http",
          "HOME=/opt/verdaccio"
        ],
        "Labels": {
          "maintainer": "https://github.com/verdaccio/verdaccio",
          "org.opencontainers.image.created": "2024-02-21T19:56:37.735Z",
          "org.opencontainers.image.description": "📦🔐 A lightweight Node.js private proxy registry",
          "org.opencontainers.image.licenses": "MIT",
          "org.opencontainers.image.revision": "b28a3ab7445c9f7d0cc81524a5d98fbf644cc8ac",
          "org.opencontainers.image.source": "https://github.com/verdaccio/verdaccio",
          "org.opencontainers.image.title": "verdaccio",
          "org.opencontainers.image.url": "https://github.com/verdaccio/verdaccio",
          "org.opencontainers.image.version": "5.29.2"
        },
        "User": "10001",
        "Volumes": {
          "/verdaccio/storage": {}
        },
        "WorkingDir": "/opt/verdaccio",
        "ArgsEscaped": true
      }
    }
  },
  "Results": [
    {
      "Target": "verdaccio/verdaccio:latest (alpine 3.19.1)",
      "Class": "os-pkgs",
      "Type": "alpine"
    },
    {
      "Target": "Node.js",
      "Class": "lang-pkgs",
      "Type": "node-pkg",
      "Vulnerabilities": [
        {
          "VulnerabilityID": "CVE-2023-42282",
          "PkgID": "ip@2.0.0",
          "PkgName": "ip",
          "PkgPath": "usr/local/lib/node_modules/npm/node_modules/ip/package.json",
          "PkgIdentifier": {
            "PURL": "pkg:npm/ip@2.0.0"
          },
          "InstalledVersion": "2.0.0",
          "FixedVersion": "2.0.1, 1.1.9",
          "Status": "fixed",
          "Layer": {
            "DiffID": "sha256:7c4673abcb9d9d4d691c5657964f043e9a64f510292692bd43660fd5e4260d9f"
          },
          "SeveritySource": "ghsa",
          "PrimaryURL": "https://avd.aquasec.com/nvd/cve-2023-42282",
          "DataSource": {
            "ID": "ghsa",
            "Name": "GitHub Security Advisory npm",
            "URL": "https://github.com/advisories?query=type%3Areviewed+ecosystem%3Anpm"
          },
          "Title": "nodejs-ip: arbitrary code execution via the isPublic() function",
          "Description": "An issue in NPM IP Package v.1.1.8 and before allows an attacker to execute arbitrary code and obtain sensitive information via the isPublic() function.",
          "Severity": "MEDIUM",
          "CweIDs": [
            "CWE-918"
          ],
          "VendorSeverity": {
            "ghsa": 2,
            "nvd": 4,
            "redhat": 4,
            "ubuntu": 2
          },
          "CVSS": {
            "nvd": {
              "V3Vector": "CVSS:3.1/AV:N/AC:L/PR:N/UI:N/S:U/C:H/I:H/A:H",
              "V3Score": 9.8
            },
            "redhat": {
              "V3Vector": "CVSS:3.1/AV:N/AC:L/PR:N/UI:N/S:U/C:H/I:H/A:H",
              "V3Score": 9.8
            }
          },
          "References": [
            "https://access.redhat.com/security/cve/CVE-2023-42282",
            "https://cosmosofcyberspace.github.io/npm_ip_cve/npm_ip_cve.html",
            "https://cve.mitre.org/cgi-bin/cvename.cgi?name=CVE-2023-42282",
            "https://github.com/JoshGlazebrook/socks/issues/93#issue-2128357447",
            "https://github.com/github/advisory-database/pull/3504#issuecomment-1937179999",
            "https://github.com/indutny/node-ip",
            "https://github.com/indutny/node-ip/commit/32f468f1245574785ec080705737a579be1223aa",
            "https://github.com/indutny/node-ip/commit/6a3ada9b471b09d5f0f5be264911ab564bf67894",
            "https://github.com/indutny/node-ip/pull/138",
            "https://huntr.com/bounties/bfc3b23f-ddc0-4ee7-afab-223b07115ed3/",
            "https://nvd.nist.gov/vuln/detail/CVE-2023-42282",
            "https://ubuntu.com/security/notices/USN-6643-1",
            "https://www.cve.org/CVERecord?id=CVE-2023-42282"
          ],
          "PublishedDate": "2024-02-08T17:15:10.84Z",
          "LastModifiedDate": "2024-02-15T03:27:05.997Z"
        }
      ]
    }
  ]
}
