{
  "vulnerabilities": [],
  "ok": true,
  "dependencyCount": 0,
  "org": "suleymanergen32",
  "policy": "# Snyk (https://snyk.io) policy file, patches or ignores known vulnerabilities.\nversion: v1.25.1\nignore: {}\npatch: {}\n",
  "isPrivate": true,
  "licensesPolicy": {
    "severities": {},
    "orgLicenseRules": {
      "AGPL-1.0": {
        "licenseType": "AGPL-1.0",
        "severity": "high",
        "instructions": ""
      },
      "AGPL-3.0": {
        "licenseType": "AGPL-3.0",
        "severity": "high",
        "instructions": ""
      },
      "Artistic-1.0": {
        "licenseType": "Artistic-1.0",
        "severity": "medium",
        "instructions": ""
      },
      "Artistic-2.0": {
        "licenseType": "Artistic-2.0",
        "severity": "medium",
        "instructions": ""
      },
      "CDDL-1.0": {
        "licenseType": "CDDL-1.0",
        "severity": "medium",
        "instructions": ""
      },
      "CPOL-1.02": {
        "licenseType": "CPOL-1.02",
        "severity": "high",
        "instructions": ""
      },
      "EPL-1.0": {
        "licenseType": "EPL-1.0",
        "severity": "medium",
        "instructions": ""
      },
      "GPL-2.0": {
        "licenseType": "GPL-2.0",
        "severity": "high",
        "instructions": ""
      },
      "GPL-3.0": {
        "licenseType": "GPL-3.0",
        "severity": "high",
        "instructions": ""
      },
      "LGPL-2.0": {
        "licenseType": "LGPL-2.0",
        "severity": "medium",
        "instructions": ""
      },
      "LGPL-2.1": {
        "licenseType": "LGPL-2.1",
        "severity": "medium",
        "instructions": ""
      },
      "LGPL-3.0": {
        "licenseType": "LGPL-3.0",
        "severity": "medium",
        "instructions": ""
      },
      "MPL-1.1": {
        "licenseType": "MPL-1.1",
        "severity": "medium",
        "instructions": ""
      },
      "MPL-2.0": {
        "licenseType": "MPL-2.0",
        "severity": "medium",
        "instructions": ""
      },
      "MS-RL": {
        "licenseType": "MS-RL",
        "severity": "medium",
        "instructions": ""
      },
      "SimPL-2.0": {
        "licenseType": "SimPL-2.0",
        "severity": "high",
        "instructions": ""
      }
    }
  },
  "packageManager": "linux",
  "ignoreSettings": {
    "adminOnly": false,
    "reasonRequired": false,
    "disregardFilesystemIgnores": false
  },
  "docker": {
    "baseImageRemediation": {
      "code": "SCRATCH_BASE_IMAGE",
      "advice": [
        {
          "message": "Note that we do not currently have vulnerability data for your image.",
          "bold": true,
          "color": "yellow"
        }
      ]
    }
  },
  "summary": "No known operating system vulnerabilities",
  "filesystemPolicy": false,
  "uniqueCount": 0,
  "projectName": "docker-image|library/nats",
  "platform": "linux/amd64",
  "hasUnknownVersions": false,
  "path": "library/nats:2.9.19/nats",
  "applications": [
    {
      "vulnerabilities": [
        {
          "id": "SNYK-GOLANG-GITHUBCOMNATSIONKEYS-6039720",
          "title": "Use of Hard-coded Cryptographic Key",
          "CVSSv3": "CVSS:3.1/AV:N/AC:L/PR:N/UI:N/S:U/C:H/I:N/A:N",
          "credit": [
            "Quentin Matillat"
          ],
          "semver": {
            "vulnerable": [
              ">=0.4.0 <0.4.6"
            ],
            "hashesRange": [
              ">=v0.4.0 <v0.4.6"
            ],
            "vulnerableHashes": [
              "58fb9d69f42ea73fffad1d14e5914dc666f3daa1",
              "ea9c86a83b1723e045a472b8836ef3c8e7ce0187",
              "d9358349661a09625246f07ba1c740fc41b63335",
              "cfb3517d626930fc5dd7ac9279ee68fcaa4249f4",
              "1df4156bc85a393f3b561beab73a50297691f1a7",
              "ff46c04281e96c6803712e0b8fc29257fa4bb7f6",
              "3e454c8ca12e8e8a15d4c058d380e1ec31399597",
              "1db678569c011b9a89c63f5c4c1ac1292ef446da",
              "53c07776673181060a391c9c7571a59f9c9412ac",
              "82f3ee74d6fe41314d33d7f9844cba0bbc982913",
              "c891293549c9d5838094c1347ee91532f16d489a",
              "0964691e97fb77793fe5866a2f08cd659d5fe6dd",
              "aa4c4785c282acb0456599b298ed4c5e902ca438",
              "73b08e02f4e8ed17521951fdf7542a6a61955ce6",
              "6b488b30789ff698e14eee0c6e3d1ab9c33638ec",
              "f5bec5b5afc6895c36b13469f0cff5dee4923fb7",
              "c4b09755ad4353874e23c174f4218ca3cf3de065",
              "9fb41511a902119995e7bc5df543d8091133be68",
              "96b5e5318d5bf787b1c98334688f6ee08105d5a1",
              "d2e442ebad85f339de307598dab4f461e0eb1603",
              "48b81be7a7d23898ad591a79ef4b1f7e05ea2c1e",
              "9fe76dadbe200ca76c87b79ec7227820da40d7de",
              "eea74f8b0c39c4f237a36479ba073dbff833ddca",
              "0876df1c60b6ae5b5a2ab90b3d571780f6a898ac",
              "4647ec0912596d816de574fdf641f94b576601e0",
              "30d809331f1a50935c286510ad9aea9e7a61dd08",
              "3018df5fee03e1234f7e2d401ccbf4f048d96f12",
              "64eab8058edfc05abba1f3ca9667ca4856e18e0e",
              "50e9b6de35e757c573239f041d73eccfba677357",
              "116833822a922a8b06ba536db1bc240b8eaa10b9"
            ]
          },
          "exploit": "Not Defined",
          "fixedIn": [
            "0.4.6"
          ],
          "patches": [],
          "insights": {
            "triageAdvice": null
          },
          "language": "golang",
          "severity": "high",
          "cvssScore": 7.5,
          "functions": [],
          "malicious": false,
          "isDisputed": false,
          "moduleName": "github.com/nats-io/nkeys",
          "references": [
            {
              "url": "https://github.com/nats-io/nkeys/commit/58fb9d69f42ea73fffad1d14e5914dc666f3daa1",
              "title": "GitHub Commit"
            }
          ],
          "cvssDetails": [
            {
              "assigner": "NVD",
              "severity": "high",
              "cvssV3Vector": "CVSS:3.1/AV:N/AC:L/PR:N/UI:N/S:U/C:H/I:N/A:N",
              "cvssV3BaseScore": 7.5,
              "modificationTime": "2023-11-09T01:10:58.858137Z"
            }
          ],
          "description": "## Overview\n\nAffected versions of this package are vulnerable to Use of Hard-coded Cryptographic Key in the `xkeys` encryption handling logic. This is due to the buffer being passed by value into an internal function, which results in all encryption being performed with an all-zeros key. \r\n\r\n**Note:**\r\nThis vulnerability affects encryption only, not signing.\n## Remediation\nUpgrade `github.com/nats-io/nkeys` to version 0.4.6 or higher.\n## References\n- [GitHub Commit](https://github.com/nats-io/nkeys/commit/58fb9d69f42ea73fffad1d14e5914dc666f3daa1)\n",
          "epssDetails": {
            "percentile": "0.17707",
            "probability": "0.00052",
            "modelVersion": "v2023.03.01"
          },
          "identifiers": {
            "CVE": [
              "CVE-2023-46129"
            ],
            "CWE": [
              "CWE-321"
            ],
            "GHSA": [
              "GHSA-mr45-rx8q-wcm9"
            ]
          },
          "packageName": "github.com/nats-io/nkeys",
          "proprietary": false,
          "creationTime": "2023-10-31T07:27:43.847793Z",
          "functions_new": [],
          "alternativeIds": [],
          "disclosureTime": "2023-10-31T00:46:52Z",
          "packageManager": "golang",
          "publicationTime": "2023-10-31T12:52:38.720087Z",
          "modificationTime": "2023-11-09T01:10:58.858137Z",
          "socialTrendAlert": false,
          "severityWithCritical": "high",
          "from": [
            "github.com/nats-io/nats-server/v2@*",
            "github.com/nats-io/nkeys@v0.4.4"
          ],
          "upgradePath": [],
          "isUpgradable": false,
          "isPatchable": false,
          "name": "github.com/nats-io/nkeys",
          "version": "v0.4.4"
        }
      ],
      "ok": false,
      "dependencyCount": 22,
      "org": "suleymanergen32",
      "policy": "# Snyk (https://snyk.io) policy file, patches or ignores known vulnerabilities.\nversion: v1.25.1\nignore: {}\npatch: {}\n",
      "isPrivate": true,
      "licensesPolicy": {
        "severities": {},
        "orgLicenseRules": {
          "AGPL-1.0": {
            "licenseType": "AGPL-1.0",
            "severity": "high",
            "instructions": ""
          },
          "AGPL-3.0": {
            "licenseType": "AGPL-3.0",
            "severity": "high",
            "instructions": ""
          },
          "Artistic-1.0": {
            "licenseType": "Artistic-1.0",
            "severity": "medium",
            "instructions": ""
          },
          "Artistic-2.0": {
            "licenseType": "Artistic-2.0",
            "severity": "medium",
            "instructions": ""
          },
          "CDDL-1.0": {
            "licenseType": "CDDL-1.0",
            "severity": "medium",
            "instructions": ""
          },
          "CPOL-1.02": {
            "licenseType": "CPOL-1.02",
            "severity": "high",
            "instructions": ""
          },
          "EPL-1.0": {
            "licenseType": "EPL-1.0",
            "severity": "medium",
            "instructions": ""
          },
          "GPL-2.0": {
            "licenseType": "GPL-2.0",
            "severity": "high",
            "instructions": ""
          },
          "GPL-3.0": {
            "licenseType": "GPL-3.0",
            "severity": "high",
            "instructions": ""
          },
          "LGPL-2.0": {
            "licenseType": "LGPL-2.0",
            "severity": "medium",
            "instructions": ""
          },
          "LGPL-2.1": {
            "licenseType": "LGPL-2.1",
            "severity": "medium",
            "instructions": ""
          },
          "LGPL-3.0": {
            "licenseType": "LGPL-3.0",
            "severity": "medium",
            "instructions": ""
          },
          "MPL-1.1": {
            "licenseType": "MPL-1.1",
            "severity": "medium",
            "instructions": ""
          },
          "MPL-2.0": {
            "licenseType": "MPL-2.0",
            "severity": "medium",
            "instructions": ""
          },
          "MS-RL": {
            "licenseType": "MS-RL",
            "severity": "medium",
            "instructions": ""
          },
          "SimPL-2.0": {
            "licenseType": "SimPL-2.0",
            "severity": "high",
            "instructions": ""
          }
        }
      },
      "packageManager": "gomodules",
      "ignoreSettings": {
        "adminOnly": false,
        "reasonRequired": false,
        "disregardFilesystemIgnores": false
      },
      "docker": {},
      "summary": "1 vulnerable dependency path",
      "filesystemPolicy": false,
      "filtered": {
        "ignore": [],
        "patch": []
      },
      "uniqueCount": 1,
      "targetFile": "/nats-server",
      "projectName": "github.com/nats-io/nats-server/v2",
      "displayTargetFile": "/nats-server",
      "hasUnknownVersions": false,
      "path": "library/nats:2.9.19/nats-io/nats-server/v2"
    }
  ]
}
