{
  "SchemaVersion": 2,
  "ArtifactName": "amazon/dynamodb-local:latest",
  "ArtifactType": "container_image",
  "Metadata": {
    "OS": {
      "Family": "amazon",
      "Name": "2023 (Amazon Linux)"
    },
    "ImageID": "sha256:75a74bcd31b3fa69d629961777235e5f62c8b8455f54af22aabbc3ddf790f5c9",
    "DiffIDs": [
      "sha256:a7f7129328323db861f7f603bab1728ce10de8c879090ba490e875d5987d3b2e",
      "sha256:aaa4ca6a0daf0ca4f50c9bc777460cf6adb9dd7d4085854f8b5b88549f3a1d2a",
      "sha256:5f70bf18a086007016e948b04aed3b82103a36bea41755b6cddfaf10ace3c6ef",
      "sha256:3b7ff0839715f84f65ef295bb18a449e07d52b1a38904aabd741689d60cfa24a"
    ],
    "RepoTags": [
      "amazon/dynamodb-local:latest"
    ],
    "RepoDigests": [
      "amazon/dynamodb-local@sha256:d091856813be818498869f339e9d7a635d5cded52fc89f39d1544f462549f67b"
    ],
    "ImageConfig": {
      "architecture": "amd64",
      "created": "2023-10-24T17:33:15.41537468Z",
      "history": [
        {
          "created": "2023-10-12T22:37:51Z",
          "created_by": "/bin/sh -c #(nop) COPY dir:73a08d9acd2707b5f429ab7e4f26f6f5880d94265654591f74d7102f20954c66 in / "
        },
        {
          "created": "2023-10-12T22:37:52Z",
          "created_by": "/bin/sh -c #(nop)  CMD [\"/bin/bash\"]",
          "empty_layer": true
        },
        {
          "created": "2023-10-24T17:33:15Z",
          "created_by": "RUN /bin/sh -c yum update --assumeyes --quiet --errorlevel=0     \u0026\u0026 yum upgrade --assumeyes --quiet --errorlevel=0     \u0026\u0026 yum install --assumeyes --quiet sqlite shadow-utils java-11-amazon-corretto-devel    \u0026\u0026 yum clean all     \u0026\u0026 rm -rf /var/cache/yum     \u0026\u0026 useradd -ms /bin/bash dynamodblocal # buildkit",
          "comment": "buildkit.dockerfile.v0"
        },
        {
          "created": "2023-10-24T17:33:15Z",
          "created_by": "USER dynamodblocal",
          "comment": "buildkit.dockerfile.v0",
          "empty_layer": true
        },
        {
          "created": "2023-10-24T17:33:15Z",
          "created_by": "WORKDIR /home/dynamodblocal",
          "comment": "buildkit.dockerfile.v0"
        },
        {
          "created": "2023-10-24T17:33:15Z",
          "created_by": "ARG date",
          "comment": "buildkit.dockerfile.v0",
          "empty_layer": true
        },
        {
          "created": "2023-10-24T17:33:15Z",
          "created_by": "ADD dynamodb_local_2023-10-24.tar.gz /home/dynamodblocal/ # buildkit",
          "comment": "buildkit.dockerfile.v0"
        },
        {
          "created": "2023-10-24T17:33:15Z",
          "created_by": "ARG sdk_version",
          "comment": "buildkit.dockerfile.v0",
          "empty_layer": true
        },
        {
          "created": "2023-10-24T17:33:15Z",
          "created_by": "LABEL aws.java.sdk.version=2.1.0",
          "comment": "buildkit.dockerfile.v0",
          "empty_layer": true
        },
        {
          "created": "2023-10-24T17:33:15Z",
          "created_by": "EXPOSE map[8000/tcp:{}]",
          "comment": "buildkit.dockerfile.v0",
          "empty_layer": true
        },
        {
          "created": "2023-10-24T17:33:15Z",
          "created_by": "ENTRYPOINT [\"java\"]",
          "comment": "buildkit.dockerfile.v0",
          "empty_layer": true
        },
        {
          "created": "2023-10-24T17:33:15Z",
          "created_by": "CMD [\"-jar\" \"DynamoDBLocal.jar\" \"-inMemory\"]",
          "comment": "buildkit.dockerfile.v0",
          "empty_layer": true
        }
      ],
      "os": "linux",
      "rootfs": {
        "type": "layers",
        "diff_ids": [
          "sha256:a7f7129328323db861f7f603bab1728ce10de8c879090ba490e875d5987d3b2e",
          "sha256:aaa4ca6a0daf0ca4f50c9bc777460cf6adb9dd7d4085854f8b5b88549f3a1d2a",
          "sha256:5f70bf18a086007016e948b04aed3b82103a36bea41755b6cddfaf10ace3c6ef",
          "sha256:3b7ff0839715f84f65ef295bb18a449e07d52b1a38904aabd741689d60cfa24a"
        ]
      },
      "config": {
        "Cmd": [
          "-jar",
          "DynamoDBLocal.jar",
          "-inMemory"
        ],
        "Entrypoint": [
          "java"
        ],
        "Env": [
          "PATH=/usr/local/sbin:/usr/local/bin:/usr/sbin:/usr/bin:/sbin:/bin"
        ],
        "Labels": {
          "aws.java.sdk.version": "2.1.0"
        },
        "User": "dynamodblocal",
        "WorkingDir": "/home/dynamodblocal",
        "ArgsEscaped": true
      }
    }
  },
  "Results": [
    {
      "Target": "amazon/dynamodb-local:latest (amazon 2023 (Amazon Linux))",
      "Class": "os-pkgs",
      "Type": "amazon",
      "Vulnerabilities": [
        {
          "VulnerabilityID": "CVE-2023-5156",
          "PkgID": "glibc@2.34-52.amzn2023.0.6.x86_64",
          "PkgName": "glibc",
          "InstalledVersion": "2.34-52.amzn2023.0.6",
          "FixedVersion": "2.34-52.amzn2023.0.7",
          "Status": "fixed",
          "Layer": {
            "DiffID": "sha256:a7f7129328323db861f7f603bab1728ce10de8c879090ba490e875d5987d3b2e"
          },
          "SeveritySource": "nvd",
          "PrimaryURL": "https://avd.aquasec.com/nvd/cve-2023-5156",
          "DataSource": {
            "ID": "amazon",
            "Name": "Amazon Linux Security Center",
            "URL": "https://alas.aws.amazon.com/"
          },
          "Title": "glibc: DoS due to memory leak in getaddrinfo.c",
          "Description": "A flaw was found in the GNU C Library. A recent fix for CVE-2023-4806 introduced the potential for a memory leak, which may result in an application crash.",
          "Severity": "HIGH",
          "CweIDs": [
            "CWE-401"
          ],
          "CVSS": {
            "nvd": {
              "V3Vector": "CVSS:3.1/AV:N/AC:L/PR:N/UI:N/S:U/C:N/I:N/A:H",
              "V3Score": 7.5
            },
            "redhat": {
              "V3Vector": "CVSS:3.1/AV:N/AC:L/PR:N/UI:N/S:U/C:N/I:N/A:L",
              "V3Score": 5.3
            }
          },
          "References": [
            "http://www.openwall.com/lists/oss-security/2023/10/03/4",
            "http://www.openwall.com/lists/oss-security/2023/10/03/5",
            "http://www.openwall.com/lists/oss-security/2023/10/03/6",
            "http://www.openwall.com/lists/oss-security/2023/10/03/8",
            "https://access.redhat.com/security/cve/CVE-2023-5156",
            "https://bugzilla.redhat.com/show_bug.cgi?id=2240541",
            "https://cve.mitre.org/cgi-bin/cvename.cgi?name=CVE-2023-5156",
            "https://nvd.nist.gov/vuln/detail/CVE-2023-5156",
            "https://sourceware.org/bugzilla/show_bug.cgi?id=30884",
            "https://sourceware.org/git/?p=glibc.git;a=commitdiff;h=ec6b95c3303c700eb89eebeda2d7264cc184a796",
            "https://sourceware.org/pipermail/libc-alpha/2023-September/151691.html",
            "https://www.cve.org/CVERecord?id=CVE-2023-5156"
          ],
          "PublishedDate": "2023-09-25T16:15:00Z",
          "LastModifiedDate": "2023-11-07T04:23:00Z"
        },
        {
          "VulnerabilityID": "CVE-2023-5156",
          "PkgID": "glibc-common@2.34-52.amzn2023.0.6.x86_64",
          "PkgName": "glibc-common",
          "InstalledVersion": "2.34-52.amzn2023.0.6",
          "FixedVersion": "2.34-52.amzn2023.0.7",
          "Status": "fixed",
          "Layer": {
            "DiffID": "sha256:a7f7129328323db861f7f603bab1728ce10de8c879090ba490e875d5987d3b2e"
          },
          "SeveritySource": "nvd",
          "PrimaryURL": "https://avd.aquasec.com/nvd/cve-2023-5156",
          "DataSource": {
            "ID": "amazon",
            "Name": "Amazon Linux Security Center",
            "URL": "https://alas.aws.amazon.com/"
          },
          "Title": "glibc: DoS due to memory leak in getaddrinfo.c",
          "Description": "A flaw was found in the GNU C Library. A recent fix for CVE-2023-4806 introduced the potential for a memory leak, which may result in an application crash.",
          "Severity": "HIGH",
          "CweIDs": [
            "CWE-401"
          ],
          "CVSS": {
            "nvd": {
              "V3Vector": "CVSS:3.1/AV:N/AC:L/PR:N/UI:N/S:U/C:N/I:N/A:H",
              "V3Score": 7.5
            },
            "redhat": {
              "V3Vector": "CVSS:3.1/AV:N/AC:L/PR:N/UI:N/S:U/C:N/I:N/A:L",
              "V3Score": 5.3
            }
          },
          "References": [
            "http://www.openwall.com/lists/oss-security/2023/10/03/4",
            "http://www.openwall.com/lists/oss-security/2023/10/03/5",
            "http://www.openwall.com/lists/oss-security/2023/10/03/6",
            "http://www.openwall.com/lists/oss-security/2023/10/03/8",
            "https://access.redhat.com/security/cve/CVE-2023-5156",
            "https://bugzilla.redhat.com/show_bug.cgi?id=2240541",
            "https://cve.mitre.org/cgi-bin/cvename.cgi?name=CVE-2023-5156",
            "https://nvd.nist.gov/vuln/detail/CVE-2023-5156",
            "https://sourceware.org/bugzilla/show_bug.cgi?id=30884",
            "https://sourceware.org/git/?p=glibc.git;a=commitdiff;h=ec6b95c3303c700eb89eebeda2d7264cc184a796",
            "https://sourceware.org/pipermail/libc-alpha/2023-September/151691.html",
            "https://www.cve.org/CVERecord?id=CVE-2023-5156"
          ],
          "PublishedDate": "2023-09-25T16:15:00Z",
          "LastModifiedDate": "2023-11-07T04:23:00Z"
        },
        {
          "VulnerabilityID": "CVE-2023-5156",
          "PkgID": "glibc-minimal-langpack@2.34-52.amzn2023.0.6.x86_64",
          "PkgName": "glibc-minimal-langpack",
          "InstalledVersion": "2.34-52.amzn2023.0.6",
          "FixedVersion": "2.34-52.amzn2023.0.7",
          "Status": "fixed",
          "Layer": {
            "DiffID": "sha256:a7f7129328323db861f7f603bab1728ce10de8c879090ba490e875d5987d3b2e"
          },
          "SeveritySource": "nvd",
          "PrimaryURL": "https://avd.aquasec.com/nvd/cve-2023-5156",
          "DataSource": {
            "ID": "amazon",
            "Name": "Amazon Linux Security Center",
            "URL": "https://alas.aws.amazon.com/"
          },
          "Title": "glibc: DoS due to memory leak in getaddrinfo.c",
          "Description": "A flaw was found in the GNU C Library. A recent fix for CVE-2023-4806 introduced the potential for a memory leak, which may result in an application crash.",
          "Severity": "HIGH",
          "CweIDs": [
            "CWE-401"
          ],
          "CVSS": {
            "nvd": {
              "V3Vector": "CVSS:3.1/AV:N/AC:L/PR:N/UI:N/S:U/C:N/I:N/A:H",
              "V3Score": 7.5
            },
            "redhat": {
              "V3Vector": "CVSS:3.1/AV:N/AC:L/PR:N/UI:N/S:U/C:N/I:N/A:L",
              "V3Score": 5.3
            }
          },
          "References": [
            "http://www.openwall.com/lists/oss-security/2023/10/03/4",
            "http://www.openwall.com/lists/oss-security/2023/10/03/5",
            "http://www.openwall.com/lists/oss-security/2023/10/03/6",
            "http://www.openwall.com/lists/oss-security/2023/10/03/8",
            "https://access.redhat.com/security/cve/CVE-2023-5156",
            "https://bugzilla.redhat.com/show_bug.cgi?id=2240541",
            "https://cve.mitre.org/cgi-bin/cvename.cgi?name=CVE-2023-5156",
            "https://nvd.nist.gov/vuln/detail/CVE-2023-5156",
            "https://sourceware.org/bugzilla/show_bug.cgi?id=30884",
            "https://sourceware.org/git/?p=glibc.git;a=commitdiff;h=ec6b95c3303c700eb89eebeda2d7264cc184a796",
            "https://sourceware.org/pipermail/libc-alpha/2023-September/151691.html",
            "https://www.cve.org/CVERecord?id=CVE-2023-5156"
          ],
          "PublishedDate": "2023-09-25T16:15:00Z",
          "LastModifiedDate": "2023-11-07T04:23:00Z"
        },
        {
          "VulnerabilityID": "CVE-2022-40433",
          "PkgID": "java-11-amazon-corretto-devel@11.0.20+9-1.amzn2023.x86_64",
          "PkgName": "java-11-amazon-corretto-devel",
          "InstalledVersion": "1:11.0.20+9-1.amzn2023",
          "FixedVersion": "1:11.0.21+9-1.amzn2023",
          "Status": "fixed",
          "Layer": {
            "DiffID": "sha256:aaa4ca6a0daf0ca4f50c9bc777460cf6adb9dd7d4085854f8b5b88549f3a1d2a"
          },
          "SeveritySource": "amazon",
          "PrimaryURL": "https://avd.aquasec.com/nvd/cve-2022-40433",
          "DataSource": {
            "ID": "amazon",
            "Name": "Amazon Linux Security Center",
            "URL": "https://alas.aws.amazon.com/"
          },
          "Title": "segmentation fault in ciMethodBlocks",
          "Description": "An issue was discovered in function ciMethodBlocks::make_block_at in Oracle JDK (HotSpot VM) 11, 17 and OpenJDK (HotSpot VM) 8, 11, 17, allows attackers to cause a denial of service.",
          "Severity": "HIGH",
          "CVSS": {
            "nvd": {
              "V3Vector": "CVSS:3.1/AV:N/AC:L/PR:H/UI:N/S:U/C:N/I:N/A:H",
              "V3Score": 4.9
            },
            "redhat": {
              "V3Vector": "CVSS:3.1/AV:N/AC:L/PR:H/UI:N/S:U/C:N/I:N/A:H",
              "V3Score": 4.9
            }
          },
          "References": [
            "https://access.redhat.com/errata/RHSA-2023:5731",
            "https://access.redhat.com/security/cve/CVE-2022-40433",
            "https://bugs.openjdk.org/browse/JDK-8283441",
            "https://bugzilla.redhat.com/2237709",
            "https://bugzilla.redhat.com/2243627",
            "https://bugzilla.redhat.com/2243637",
            "https://cve.mitre.org/cgi-bin/cvename.cgi?name=CVE-2022-40433",
            "https://errata.almalinux.org/8/ALSA-2023-5731.html",
            "https://github.com/openjdk/jdk11u-dev/pull/1183",
            "https://github.com/openjdk/jdk13u-dev/pull/394",
            "https://github.com/openjdk/jdk15u-dev/pull/261",
            "https://linux.oracle.com/cve/CVE-2022-40433.html",
            "https://linux.oracle.com/errata/ELSA-2023-5733.html",
            "https://nvd.nist.gov/vuln/detail/CVE-2022-40433",
            "https://www.cve.org/CVERecord?id=CVE-2022-40433"
          ],
          "PublishedDate": "2023-08-22T19:16:00Z",
          "LastModifiedDate": "2023-09-25T17:23:00Z"
        },
        {
          "VulnerabilityID": "CVE-2023-22081",
          "PkgID": "java-11-amazon-corretto-devel@11.0.20+9-1.amzn2023.x86_64",
          "PkgName": "java-11-amazon-corretto-devel",
          "InstalledVersion": "1:11.0.20+9-1.amzn2023",
          "FixedVersion": "1:11.0.21+9-1.amzn2023",
          "Status": "fixed",
          "Layer": {
            "DiffID": "sha256:aaa4ca6a0daf0ca4f50c9bc777460cf6adb9dd7d4085854f8b5b88549f3a1d2a"
          },
          "SeveritySource": "amazon",
          "PrimaryURL": "https://avd.aquasec.com/nvd/cve-2023-22081",
          "DataSource": {
            "ID": "amazon",
            "Name": "Amazon Linux Security Center",
            "URL": "https://alas.aws.amazon.com/"
          },
          "Title": "OpenJDK: certificate path validation issue during client authentication (8309966)",
          "Description": "Vulnerability in the Oracle Java SE, Oracle GraalVM for JDK, Oracle GraalVM Enterprise Edition product of Oracle Java SE (component: JSSE).  Supported versions that are affected are Oracle Java SE: 8u381, 8u381-perf, 11.0.20, 17.0.8, 21; Oracle GraalVM for JDK: 17.0.8, 21; Oracle GraalVM Enterprise Edition: 20.3.11, 21.3.7 and  22.3.3. Easily exploitable vulnerability allows unauthenticated attacker with network access via HTTPS to compromise Oracle Java SE, Oracle GraalVM for JDK, Oracle GraalVM Enterprise Edition.  Successful attacks of this vulnerability can result in unauthorized ability to cause a partial denial of service (partial DOS) of Oracle Java SE, Oracle GraalVM for JDK, Oracle GraalVM Enterprise Edition. Note: This vulnerability applies to Java deployments, typically in clients running sandboxed Java Web Start applications or sandboxed Java applets, that load and run untrusted code (e.g., code that comes from the internet) and rely on the Java sandbox for security. This vulnerability does not apply to Java deployments, typically in servers, that load and run only trusted code (e.g., code installed by an administrator). CVSS 3.1 Base Score 5.3 (Availability impacts).  CVSS Vector: (CVSS:3.1/AV:N/AC:L/PR:N/UI:N/S:U/C:N/I:N/A:L).",
          "Severity": "MEDIUM",
          "CVSS": {
            "nvd": {
              "V3Vector": "CVSS:3.1/AV:N/AC:L/PR:N/UI:N/S:U/C:N/I:N/A:L",
              "V3Score": 5.3
            },
            "redhat": {
              "V3Vector": "CVSS:3.1/AV:N/AC:L/PR:N/UI:N/S:U/C:N/I:N/A:L",
              "V3Score": 5.3
            }
          },
          "References": [
            "https://access.redhat.com/errata/RHSA-2023:5751",
            "https://access.redhat.com/security/cve/CVE-2023-22081",
            "https://bugzilla.redhat.com/2243627",
            "https://bugzilla.redhat.com/2243805",
            "https://bugzilla.redhat.com/show_bug.cgi?id=2237170",
            "https://bugzilla.redhat.com/show_bug.cgi?id=2243627",
            "https://cve.mitre.org/cgi-bin/cvename.cgi?name=CVE-2023-22081",
            "https://errata.almalinux.org/8/ALSA-2023-5751.html",
            "https://errata.rockylinux.org/RLSA-2023:5742",
            "https://linux.oracle.com/cve/CVE-2023-22081.html",
            "https://linux.oracle.com/errata/ELSA-2023-6887.html",
            "https://lists.debian.org/debian-lts-announce/2023/10/msg00041.html",
            "https://nvd.nist.gov/vuln/detail/CVE-2023-22081",
            "https://security.netapp.com/advisory/ntap-20231027-0006/",
            "https://www.cve.org/CVERecord?id=CVE-2023-22081",
            "https://www.debian.org/security/2023/dsa-5537",
            "https://www.debian.org/security/2023/dsa-5548",
            "https://www.oracle.com/security-alerts/cpuoct2023.html"
          ],
          "PublishedDate": "2023-10-17T22:15:00Z",
          "LastModifiedDate": "2023-11-08T05:15:00Z"
        },
        {
          "VulnerabilityID": "CVE-2022-40433",
          "PkgID": "java-11-amazon-corretto-headless@11.0.20+9-1.amzn2023.x86_64",
          "PkgName": "java-11-amazon-corretto-headless",
          "InstalledVersion": "1:11.0.20+9-1.amzn2023",
          "FixedVersion": "1:11.0.21+9-1.amzn2023",
          "Status": "fixed",
          "Layer": {
            "DiffID": "sha256:aaa4ca6a0daf0ca4f50c9bc777460cf6adb9dd7d4085854f8b5b88549f3a1d2a"
          },
          "SeveritySource": "amazon",
          "PrimaryURL": "https://avd.aquasec.com/nvd/cve-2022-40433",
          "DataSource": {
            "ID": "amazon",
            "Name": "Amazon Linux Security Center",
            "URL": "https://alas.aws.amazon.com/"
          },
          "Title": "segmentation fault in ciMethodBlocks",
          "Description": "An issue was discovered in function ciMethodBlocks::make_block_at in Oracle JDK (HotSpot VM) 11, 17 and OpenJDK (HotSpot VM) 8, 11, 17, allows attackers to cause a denial of service.",
          "Severity": "HIGH",
          "CVSS": {
            "nvd": {
              "V3Vector": "CVSS:3.1/AV:N/AC:L/PR:H/UI:N/S:U/C:N/I:N/A:H",
              "V3Score": 4.9
            },
            "redhat": {
              "V3Vector": "CVSS:3.1/AV:N/AC:L/PR:H/UI:N/S:U/C:N/I:N/A:H",
              "V3Score": 4.9
            }
          },
          "References": [
            "https://access.redhat.com/errata/RHSA-2023:5731",
            "https://access.redhat.com/security/cve/CVE-2022-40433",
            "https://bugs.openjdk.org/browse/JDK-8283441",
            "https://bugzilla.redhat.com/2237709",
            "https://bugzilla.redhat.com/2243627",
            "https://bugzilla.redhat.com/2243637",
            "https://cve.mitre.org/cgi-bin/cvename.cgi?name=CVE-2022-40433",
            "https://errata.almalinux.org/8/ALSA-2023-5731.html",
            "https://github.com/openjdk/jdk11u-dev/pull/1183",
            "https://github.com/openjdk/jdk13u-dev/pull/394",
            "https://github.com/openjdk/jdk15u-dev/pull/261",
            "https://linux.oracle.com/cve/CVE-2022-40433.html",
            "https://linux.oracle.com/errata/ELSA-2023-5733.html",
            "https://nvd.nist.gov/vuln/detail/CVE-2022-40433",
            "https://www.cve.org/CVERecord?id=CVE-2022-40433"
          ],
          "PublishedDate": "2023-08-22T19:16:00Z",
          "LastModifiedDate": "2023-09-25T17:23:00Z"
        },
        {
          "VulnerabilityID": "CVE-2023-22081",
          "PkgID": "java-11-amazon-corretto-headless@11.0.20+9-1.amzn2023.x86_64",
          "PkgName": "java-11-amazon-corretto-headless",
          "InstalledVersion": "1:11.0.20+9-1.amzn2023",
          "FixedVersion": "1:11.0.21+9-1.amzn2023",
          "Status": "fixed",
          "Layer": {
            "DiffID": "sha256:aaa4ca6a0daf0ca4f50c9bc777460cf6adb9dd7d4085854f8b5b88549f3a1d2a"
          },
          "SeveritySource": "amazon",
          "PrimaryURL": "https://avd.aquasec.com/nvd/cve-2023-22081",
          "DataSource": {
            "ID": "amazon",
            "Name": "Amazon Linux Security Center",
            "URL": "https://alas.aws.amazon.com/"
          },
          "Title": "OpenJDK: certificate path validation issue during client authentication (8309966)",
          "Description": "Vulnerability in the Oracle Java SE, Oracle GraalVM for JDK, Oracle GraalVM Enterprise Edition product of Oracle Java SE (component: JSSE).  Supported versions that are affected are Oracle Java SE: 8u381, 8u381-perf, 11.0.20, 17.0.8, 21; Oracle GraalVM for JDK: 17.0.8, 21; Oracle GraalVM Enterprise Edition: 20.3.11, 21.3.7 and  22.3.3. Easily exploitable vulnerability allows unauthenticated attacker with network access via HTTPS to compromise Oracle Java SE, Oracle GraalVM for JDK, Oracle GraalVM Enterprise Edition.  Successful attacks of this vulnerability can result in unauthorized ability to cause a partial denial of service (partial DOS) of Oracle Java SE, Oracle GraalVM for JDK, Oracle GraalVM Enterprise Edition. Note: This vulnerability applies to Java deployments, typically in clients running sandboxed Java Web Start applications or sandboxed Java applets, that load and run untrusted code (e.g., code that comes from the internet) and rely on the Java sandbox for security. This vulnerability does not apply to Java deployments, typically in servers, that load and run only trusted code (e.g., code installed by an administrator). CVSS 3.1 Base Score 5.3 (Availability impacts).  CVSS Vector: (CVSS:3.1/AV:N/AC:L/PR:N/UI:N/S:U/C:N/I:N/A:L).",
          "Severity": "MEDIUM",
          "CVSS": {
            "nvd": {
              "V3Vector": "CVSS:3.1/AV:N/AC:L/PR:N/UI:N/S:U/C:N/I:N/A:L",
              "V3Score": 5.3
            },
            "redhat": {
              "V3Vector": "CVSS:3.1/AV:N/AC:L/PR:N/UI:N/S:U/C:N/I:N/A:L",
              "V3Score": 5.3
            }
          },
          "References": [
            "https://access.redhat.com/errata/RHSA-2023:5751",
            "https://access.redhat.com/security/cve/CVE-2023-22081",
            "https://bugzilla.redhat.com/2243627",
            "https://bugzilla.redhat.com/2243805",
            "https://bugzilla.redhat.com/show_bug.cgi?id=2237170",
            "https://bugzilla.redhat.com/show_bug.cgi?id=2243627",
            "https://cve.mitre.org/cgi-bin/cvename.cgi?name=CVE-2023-22081",
            "https://errata.almalinux.org/8/ALSA-2023-5751.html",
            "https://errata.rockylinux.org/RLSA-2023:5742",
            "https://linux.oracle.com/cve/CVE-2023-22081.html",
            "https://linux.oracle.com/errata/ELSA-2023-6887.html",
            "https://lists.debian.org/debian-lts-announce/2023/10/msg00041.html",
            "https://nvd.nist.gov/vuln/detail/CVE-2023-22081",
            "https://security.netapp.com/advisory/ntap-20231027-0006/",
            "https://www.cve.org/CVERecord?id=CVE-2023-22081",
            "https://www.debian.org/security/2023/dsa-5537",
            "https://www.debian.org/security/2023/dsa-5548",
            "https://www.oracle.com/security-alerts/cpuoct2023.html"
          ],
          "PublishedDate": "2023-10-17T22:15:00Z",
          "LastModifiedDate": "2023-11-08T05:15:00Z"
        },
        {
          "VulnerabilityID": "CVE-2023-43785",
          "PkgID": "libX11@1.7.2-3.amzn2023.0.3.x86_64",
          "PkgName": "libX11",
          "InstalledVersion": "1.7.2-3.amzn2023.0.3",
          "FixedVersion": "1.7.2-3.amzn2023.0.4",
          "Status": "fixed",
          "Layer": {
            "DiffID": "sha256:aaa4ca6a0daf0ca4f50c9bc777460cf6adb9dd7d4085854f8b5b88549f3a1d2a"
          },
          "SeveritySource": "amazon",
          "PrimaryURL": "https://avd.aquasec.com/nvd/cve-2023-43785",
          "DataSource": {
            "ID": "amazon",
            "Name": "Amazon Linux Security Center",
            "URL": "https://alas.aws.amazon.com/"
          },
          "Title": "out-of-bounds memory access in _XkbReadKeySyms()",
          "Description": "A vulnerability was found in libX11 due to a boundary condition within the _XkbReadKeySyms() function. This flaw allows a local user to trigger an out-of-bounds read error and read the contents of memory on the system.",
          "Severity": "MEDIUM",
          "CweIDs": [
            "CWE-125"
          ],
          "CVSS": {
            "nvd": {
              "V3Vector": "CVSS:3.1/AV:L/AC:L/PR:L/UI:N/S:U/C:H/I:N/A:N",
              "V3Score": 5.5
            },
            "redhat": {
              "V3Vector": "CVSS:3.1/AV:N/AC:L/PR:N/UI:R/S:U/C:H/I:N/A:N",
              "V3Score": 6.5
            }
          },
          "References": [
            "https://access.redhat.com/security/cve/CVE-2023-43785",
            "https://bugzilla.redhat.com/show_bug.cgi?id=2242252",
            "https://cve.mitre.org/cgi-bin/cvename.cgi?name=CVE-2023-43785",
            "https://nvd.nist.gov/vuln/detail/CVE-2023-43785",
            "https://security.netapp.com/advisory/ntap-20231103-0006/",
            "https://ubuntu.com/security/notices/USN-6407-1",
            "https://ubuntu.com/security/notices/USN-6407-2",
            "https://www.cve.org/CVERecord?id=CVE-2023-43785"
          ],
          "PublishedDate": "2023-10-10T13:15:00Z",
          "LastModifiedDate": "2023-11-07T04:21:00Z"
        },
        {
          "VulnerabilityID": "CVE-2023-43786",
          "PkgID": "libX11@1.7.2-3.amzn2023.0.3.x86_64",
          "PkgName": "libX11",
          "InstalledVersion": "1.7.2-3.amzn2023.0.3",
          "FixedVersion": "1.7.2-3.amzn2023.0.4",
          "Status": "fixed",
          "Layer": {
            "DiffID": "sha256:aaa4ca6a0daf0ca4f50c9bc777460cf6adb9dd7d4085854f8b5b88549f3a1d2a"
          },
          "SeveritySource": "amazon",
          "PrimaryURL": "https://avd.aquasec.com/nvd/cve-2023-43786",
          "DataSource": {
            "ID": "amazon",
            "Name": "Amazon Linux Security Center",
            "URL": "https://alas.aws.amazon.com/"
          },
          "Title": "stack exhaustion from infinite recursion in PutSubImage()",
          "Description": "A vulnerability was found in libX11 due to an infinite loop within the PutSubImage() function. This flaw allows a local user to consume all available system resources and cause a denial of service condition.",
          "Severity": "MEDIUM",
          "CweIDs": [
            "CWE-835"
          ],
          "CVSS": {
            "nvd": {
              "V3Vector": "CVSS:3.1/AV:L/AC:L/PR:L/UI:N/S:U/C:N/I:N/A:H",
              "V3Score": 5.5
            },
            "redhat": {
              "V3Vector": "CVSS:3.1/AV:L/AC:L/PR:N/UI:R/S:U/C:N/I:N/A:H",
              "V3Score": 5.5
            }
          },
          "References": [
            "https://access.redhat.com/security/cve/CVE-2023-43786",
            "https://bugzilla.redhat.com/show_bug.cgi?id=2242253",
            "https://cve.mitre.org/cgi-bin/cvename.cgi?name=CVE-2023-43786",
            "https://lists.fedoraproject.org/archives/list/package-announce@lists.fedoraproject.org/message/63IBRFLQVZSMOAZBZOBKFWJP26ILRAGQ/",
            "https://nvd.nist.gov/vuln/detail/CVE-2023-43786",
            "https://security.netapp.com/advisory/ntap-20231103-0006/",
            "https://ubuntu.com/security/notices/USN-6407-1",
            "https://ubuntu.com/security/notices/USN-6407-2",
            "https://ubuntu.com/security/notices/USN-6408-1",
            "https://ubuntu.com/security/notices/USN-6408-2",
            "https://www.cve.org/CVERecord?id=CVE-2023-43786"
          ],
          "PublishedDate": "2023-10-10T13:15:00Z",
          "LastModifiedDate": "2023-11-07T04:21:00Z"
        },
        {
          "VulnerabilityID": "CVE-2023-43787",
          "PkgID": "libX11@1.7.2-3.amzn2023.0.3.x86_64",
          "PkgName": "libX11",
          "InstalledVersion": "1.7.2-3.amzn2023.0.3",
          "FixedVersion": "1.7.2-3.amzn2023.0.4",
          "Status": "fixed",
          "Layer": {
            "DiffID": "sha256:aaa4ca6a0daf0ca4f50c9bc777460cf6adb9dd7d4085854f8b5b88549f3a1d2a"
          },
          "SeveritySource": "amazon",
          "PrimaryURL": "https://avd.aquasec.com/nvd/cve-2023-43787",
          "DataSource": {
            "ID": "amazon",
            "Name": "Amazon Linux Security Center",
            "URL": "https://alas.aws.amazon.com/"
          },
          "Title": "integer overflow in XCreateImage() leading to a heap overflow",
          "Description": "A vulnerability was found in libX11 due to an integer overflow within the XCreateImage() function. This flaw allows a local user to trigger an integer overflow and execute arbitrary code with elevated privileges.",
          "Severity": "MEDIUM",
          "CweIDs": [
            "CWE-190"
          ],
          "CVSS": {
            "nvd": {
              "V3Vector": "CVSS:3.1/AV:L/AC:L/PR:L/UI:N/S:U/C:H/I:H/A:H",
              "V3Score": 7.8
            },
            "redhat": {
              "V3Vector": "CVSS:3.1/AV:L/AC:L/PR:N/UI:R/S:U/C:H/I:H/A:H",
              "V3Score": 7.8
            }
          },
          "References": [
            "https://access.redhat.com/security/cve/CVE-2023-43787",
            "https://bugzilla.redhat.com/show_bug.cgi?id=2242254",
            "https://cve.mitre.org/cgi-bin/cvename.cgi?name=CVE-2023-43787",
            "https://nvd.nist.gov/vuln/detail/CVE-2023-43787",
            "https://security.netapp.com/advisory/ntap-20231103-0006/",
            "https://ubuntu.com/security/notices/USN-6407-1",
            "https://ubuntu.com/security/notices/USN-6407-2",
            "https://ubuntu.com/security/notices/USN-6408-1",
            "https://ubuntu.com/security/notices/USN-6408-2",
            "https://www.cve.org/CVERecord?id=CVE-2023-43787"
          ],
          "PublishedDate": "2023-10-10T13:15:00Z",
          "LastModifiedDate": "2023-11-07T04:21:00Z"
        },
        {
          "VulnerabilityID": "CVE-2023-43785",
          "PkgID": "libX11-common@1.7.2-3.amzn2023.0.3.noarch",
          "PkgName": "libX11-common",
          "InstalledVersion": "1.7.2-3.amzn2023.0.3",
          "FixedVersion": "1.7.2-3.amzn2023.0.4",
          "Status": "fixed",
          "Layer": {
            "DiffID": "sha256:aaa4ca6a0daf0ca4f50c9bc777460cf6adb9dd7d4085854f8b5b88549f3a1d2a"
          },
          "SeveritySource": "amazon",
          "PrimaryURL": "https://avd.aquasec.com/nvd/cve-2023-43785",
          "DataSource": {
            "ID": "amazon",
            "Name": "Amazon Linux Security Center",
            "URL": "https://alas.aws.amazon.com/"
          },
          "Title": "out-of-bounds memory access in _XkbReadKeySyms()",
          "Description": "A vulnerability was found in libX11 due to a boundary condition within the _XkbReadKeySyms() function. This flaw allows a local user to trigger an out-of-bounds read error and read the contents of memory on the system.",
          "Severity": "MEDIUM",
          "CweIDs": [
            "CWE-125"
          ],
          "CVSS": {
            "nvd": {
              "V3Vector": "CVSS:3.1/AV:L/AC:L/PR:L/UI:N/S:U/C:H/I:N/A:N",
              "V3Score": 5.5
            },
            "redhat": {
              "V3Vector": "CVSS:3.1/AV:N/AC:L/PR:N/UI:R/S:U/C:H/I:N/A:N",
              "V3Score": 6.5
            }
          },
          "References": [
            "https://access.redhat.com/security/cve/CVE-2023-43785",
            "https://bugzilla.redhat.com/show_bug.cgi?id=2242252",
            "https://cve.mitre.org/cgi-bin/cvename.cgi?name=CVE-2023-43785",
            "https://nvd.nist.gov/vuln/detail/CVE-2023-43785",
            "https://security.netapp.com/advisory/ntap-20231103-0006/",
            "https://ubuntu.com/security/notices/USN-6407-1",
            "https://ubuntu.com/security/notices/USN-6407-2",
            "https://www.cve.org/CVERecord?id=CVE-2023-43785"
          ],
          "PublishedDate": "2023-10-10T13:15:00Z",
          "LastModifiedDate": "2023-11-07T04:21:00Z"
        },
        {
          "VulnerabilityID": "CVE-2023-43786",
          "PkgID": "libX11-common@1.7.2-3.amzn2023.0.3.noarch",
          "PkgName": "libX11-common",
          "InstalledVersion": "1.7.2-3.amzn2023.0.3",
          "FixedVersion": "1.7.2-3.amzn2023.0.4",
          "Status": "fixed",
          "Layer": {
            "DiffID": "sha256:aaa4ca6a0daf0ca4f50c9bc777460cf6adb9dd7d4085854f8b5b88549f3a1d2a"
          },
          "SeveritySource": "amazon",
          "PrimaryURL": "https://avd.aquasec.com/nvd/cve-2023-43786",
          "DataSource": {
            "ID": "amazon",
            "Name": "Amazon Linux Security Center",
            "URL": "https://alas.aws.amazon.com/"
          },
          "Title": "stack exhaustion from infinite recursion in PutSubImage()",
          "Description": "A vulnerability was found in libX11 due to an infinite loop within the PutSubImage() function. This flaw allows a local user to consume all available system resources and cause a denial of service condition.",
          "Severity": "MEDIUM",
          "CweIDs": [
            "CWE-835"
          ],
          "CVSS": {
            "nvd": {
              "V3Vector": "CVSS:3.1/AV:L/AC:L/PR:L/UI:N/S:U/C:N/I:N/A:H",
              "V3Score": 5.5
            },
            "redhat": {
              "V3Vector": "CVSS:3.1/AV:L/AC:L/PR:N/UI:R/S:U/C:N/I:N/A:H",
              "V3Score": 5.5
            }
          },
          "References": [
            "https://access.redhat.com/security/cve/CVE-2023-43786",
            "https://bugzilla.redhat.com/show_bug.cgi?id=2242253",
            "https://cve.mitre.org/cgi-bin/cvename.cgi?name=CVE-2023-43786",
            "https://lists.fedoraproject.org/archives/list/package-announce@lists.fedoraproject.org/message/63IBRFLQVZSMOAZBZOBKFWJP26ILRAGQ/",
            "https://nvd.nist.gov/vuln/detail/CVE-2023-43786",
            "https://security.netapp.com/advisory/ntap-20231103-0006/",
            "https://ubuntu.com/security/notices/USN-6407-1",
            "https://ubuntu.com/security/notices/USN-6407-2",
            "https://ubuntu.com/security/notices/USN-6408-1",
            "https://ubuntu.com/security/notices/USN-6408-2",
            "https://www.cve.org/CVERecord?id=CVE-2023-43786"
          ],
          "PublishedDate": "2023-10-10T13:15:00Z",
          "LastModifiedDate": "2023-11-07T04:21:00Z"
        },
        {
          "VulnerabilityID": "CVE-2023-43787",
          "PkgID": "libX11-common@1.7.2-3.amzn2023.0.3.noarch",
          "PkgName": "libX11-common",
          "InstalledVersion": "1.7.2-3.amzn2023.0.3",
          "FixedVersion": "1.7.2-3.amzn2023.0.4",
          "Status": "fixed",
          "Layer": {
            "DiffID": "sha256:aaa4ca6a0daf0ca4f50c9bc777460cf6adb9dd7d4085854f8b5b88549f3a1d2a"
          },
          "SeveritySource": "amazon",
          "PrimaryURL": "https://avd.aquasec.com/nvd/cve-2023-43787",
          "DataSource": {
            "ID": "amazon",
            "Name": "Amazon Linux Security Center",
            "URL": "https://alas.aws.amazon.com/"
          },
          "Title": "integer overflow in XCreateImage() leading to a heap overflow",
          "Description": "A vulnerability was found in libX11 due to an integer overflow within the XCreateImage() function. This flaw allows a local user to trigger an integer overflow and execute arbitrary code with elevated privileges.",
          "Severity": "MEDIUM",
          "CweIDs": [
            "CWE-190"
          ],
          "CVSS": {
            "nvd": {
              "V3Vector": "CVSS:3.1/AV:L/AC:L/PR:L/UI:N/S:U/C:H/I:H/A:H",
              "V3Score": 7.8
            },
            "redhat": {
              "V3Vector": "CVSS:3.1/AV:L/AC:L/PR:N/UI:R/S:U/C:H/I:H/A:H",
              "V3Score": 7.8
            }
          },
          "References": [
            "https://access.redhat.com/security/cve/CVE-2023-43787",
            "https://bugzilla.redhat.com/show_bug.cgi?id=2242254",
            "https://cve.mitre.org/cgi-bin/cvename.cgi?name=CVE-2023-43787",
            "https://nvd.nist.gov/vuln/detail/CVE-2023-43787",
            "https://security.netapp.com/advisory/ntap-20231103-0006/",
            "https://ubuntu.com/security/notices/USN-6407-1",
            "https://ubuntu.com/security/notices/USN-6407-2",
            "https://ubuntu.com/security/notices/USN-6408-1",
            "https://ubuntu.com/security/notices/USN-6408-2",
            "https://www.cve.org/CVERecord?id=CVE-2023-43787"
          ],
          "PublishedDate": "2023-10-10T13:15:00Z",
          "LastModifiedDate": "2023-11-07T04:21:00Z"
        },
        {
          "VulnerabilityID": "CVE-2023-44487",
          "PkgID": "libnghttp2@1.55.1-1.amzn2023.0.4.x86_64",
          "PkgName": "libnghttp2",
          "InstalledVersion": "1.55.1-1.amzn2023.0.4",
          "FixedVersion": "1.57.0-1.amzn2023.0.1",
          "Status": "fixed",
          "Layer": {
            "DiffID": "sha256:a7f7129328323db861f7f603bab1728ce10de8c879090ba490e875d5987d3b2e"
          },
          "SeveritySource": "amazon",
          "PrimaryURL": "https://avd.aquasec.com/nvd/cve-2023-44487",
          "DataSource": {
            "ID": "amazon",
            "Name": "Amazon Linux Security Center",
            "URL": "https://alas.aws.amazon.com/"
          },
          "Title": "HTTP/2: Multiple HTTP/2 enabled web servers are vulnerable to a DDoS attack (Rapid Reset Attack)",
          "Description": "The HTTP/2 protocol allows a denial of service (server resource consumption) because request cancellation can reset many streams quickly, as exploited in the wild in August through October 2023.",
          "Severity": "HIGH",
          "CweIDs": [
            "CWE-400"
          ],
          "CVSS": {
            "bitnami": {
              "V3Vector": "CVSS:3.1/AV:N/AC:L/PR:N/UI:N/S:U/C:N/I:N/A:H",
              "V3Score": 7.5
            },
            "ghsa": {
              "V3Vector": "CVSS:3.1/AV:N/AC:L/PR:N/UI:N/S:U/C:N/I:N/A:L",
              "V3Score": 5.3
            },
            "nvd": {
              "V3Vector": "CVSS:3.1/AV:N/AC:L/PR:N/UI:N/S:U/C:N/I:N/A:H",
              "V3Score": 7.5
            },
            "redhat": {
              "V3Vector": "CVSS:3.1/AV:N/AC:L/PR:N/UI:N/S:U/C:N/I:N/A:H",
              "V3Score": 7.5
            }
          },
          "References": [
            "http://www.openwall.com/lists/oss-security/2023/10/13/4",
            "http://www.openwall.com/lists/oss-security/2023/10/13/9",
            "http://www.openwall.com/lists/oss-security/2023/10/18/4",
            "http://www.openwall.com/lists/oss-security/2023/10/18/8",
            "http://www.openwall.com/lists/oss-security/2023/10/19/6",
            "http://www.openwall.com/lists/oss-security/2023/10/20/8",
            "https://access.redhat.com/errata/RHSA-2023:5989",
            "https://access.redhat.com/security/cve/CVE-2023-44487",
            "https://access.redhat.com/security/cve/cve-2023-44487",
            "https://arstechnica.com/security/2023/10/how-ddosers-used-the-http-2-protocol-to-deliver-attacks-of-unprecedented-size/",
            "https://aws.amazon.com/security/security-bulletins/AWS-2023-011/",
            "https://blog.cloudflare.com/technical-breakdown-http2-rapid-reset-ddos-attack/",
            "https://blog.cloudflare.com/zero-day-rapid-reset-http2-record-breaking-ddos-attack/",
            "https://blog.litespeedtech.com/2023/10/11/rapid-reset-http-2-vulnerablilty/",
            "https://blog.qualys.com/vulnerabilities-threat-research/2023/10/10/cve-2023-44487-http-2-rapid-reset-attack",
            "https://blog.vespa.ai/cve-2023-44487/",
            "https://bugzilla.proxmox.com/show_bug.cgi?id=4988",
            "https://bugzilla.redhat.com/2242803",
            "https://bugzilla.redhat.com/show_bug.cgi?id=2242803",
            "https://bugzilla.suse.com/show_bug.cgi?id=1216123",
            "https://cgit.freebsd.org/ports/commit/?id=c64c329c2c1752f46b73e3e6ce9f4329be6629f9",
            "https://chaos.social/@icing/111210915918780532",
            "https://cloud.google.com/blog/products/identity-security/google-cloud-mitigated-largest-ddos-attack-peaking-above-398-million-rps/",
            "https://cloud.google.com/blog/products/identity-security/how-it-works-the-novel-http2-rapid-reset-ddos-attack",
            "https://community.traefik.io/t/is-traefik-vulnerable-to-cve-2023-44487/20125",
            "https://cve.mitre.org/cgi-bin/cvename.cgi?name=CVE-2023-44487",
            "https://devblogs.microsoft.com/dotnet/october-2023-updates/",
            "https://discuss.hashicorp.com/t/hcsec-2023-32-vault-consul-and-boundary-affected-by-http-2-rapid-reset-denial-of-service-vulnerability-cve-2023-44487/59715",
            "https://edg.io/lp/blog/resets-leaks-ddos-and-the-tale-of-a-hidden-cve",
            "https://errata.almalinux.org/8/ALSA-2023-5989.html",
            "https://errata.rockylinux.org/RLSA-2023:5838",
            "https://forums.swift.org/t/swift-nio-http2-security-update-cve-2023-44487-http-2-dos/67764",
            "https://gist.github.com/adulau/7c2bfb8e9cdbe4b35a5e131c66a0c088",
            "https://github.com/Azure/AKS/issues/3947",
            "https://github.com/Kong/kong/discussions/11741",
            "https://github.com/advisories/GHSA-qppj-fm5r-hxr3",
            "https://github.com/advisories/GHSA-vx74-f528-fxqg",
            "https://github.com/advisories/GHSA-xpw8-rcwv-8f8p",
            "https://github.com/akka/akka-http/issues/4323",
            "https://github.com/alibaba/tengine/issues/1872",
            "https://github.com/apache/apisix/issues/10320",
            "https://github.com/apache/httpd-site/pull/10",
            "https://github.com/apache/httpd/blob/afcdbeebbff4b0c50ea26cdd16e178c0d1f24152/modules/http2/h2_mplx.c#L1101-L1113",
            "https://github.com/apache/tomcat/tree/main/java/org/apache/coyote/http2",
            "https://github.com/apache/trafficserver/pull/10564",
            "https://github.com/apple/swift-nio-http2",
            "https://github.com/apple/swift-nio-http2/security/advisories/GHSA-qppj-fm5r-hxr3",
            "https://github.com/arkrwn/PoC/tree/main/CVE-2023-44487",
            "https://github.com/bcdannyboy/CVE-2023-44487",
            "https://github.com/caddyserver/caddy/issues/5877",
            "https://github.com/caddyserver/caddy/releases/tag/v2.7.5",
            "https://github.com/dotnet/announcements/issues/277",
            "https://github.com/dotnet/core/blob/e4613450ea0da7fd2fc6b61dfb2c1c1dec1ce9ec/release-notes/6.0/6.0.23/6.0.23.md?plain=1#L73",
            "https://github.com/eclipse/jetty.project/issues/10679",
            "https://github.com/envoyproxy/envoy/pull/30055",
            "https://github.com/etcd-io/etcd/issues/16740",
            "https://github.com/facebook/proxygen/pull/466",
            "https://github.com/golang/go/issues/63417",
            "https://github.com/grpc/grpc-go/pull/6703",
            "https://github.com/grpc/grpc-go/releases",
            "https://github.com/h2o/h2o/pull/3291",
            "https://github.com/h2o/h2o/security/advisories/GHSA-2m7v-gc89-fjqf",
            "https://github.com/haproxy/haproxy/issues/2312",
            "https://github.com/hyperium/hyper/issues/3337",
            "https://github.com/icing/mod_h2/blob/0a864782af0a942aa2ad4ed960a6b32cd35bcf0a/mod_http2/README.md?plain=1#L239-L244",
            "https://github.com/junkurihara/rust-rpxy/issues/97",
            "https://github.com/kazu-yamamoto/http2/commit/f61d41a502bd0f60eb24e1ce14edc7b6df6722a1",
            "https://github.com/kazu-yamamoto/http2/issues/93",
            "https://github.com/kubernetes/kubernetes/pull/121120",
            "https://github.com/line/armeria/pull/5232",
            "https://github.com/linkerd/website/pull/1695/commits/4b9c6836471bc8270ab48aae6fd2181bc73fd632",
            "https://github.com/micrictor/http2-rst-stream",
            "https://github.com/microsoft/CBL-Mariner/pull/6381",
            "https://github.com/netty/netty/commit/58f75f665aa81a8cbcf6ffa74820042a285c5e61",
            "https://github.com/nghttp2/nghttp2/pull/1961",
            "https://github.com/nghttp2/nghttp2/releases/tag/v1.57.0",
            "https://github.com/ninenines/cowboy/issues/1615",
            "https://github.com/nodejs/node/pull/50121",
            "https://github.com/openresty/openresty/issues/930",
            "https://github.com/opensearch-project/data-prepper/issues/3474",
            "https://github.com/oqtane/oqtane.framework/discussions/3367",
            "https://github.com/projectcontour/contour/pull/5826",
            "https://github.com/tempesta-tech/tempesta/issues/1986",
            "https://github.com/varnishcache/varnish-cache/issues/3996",
            "https://go.dev/cl/534215",
            "https://go.dev/cl/534235",
            "https://go.dev/issue/63417",
            "https://groups.google.com/g/golang-announce/c/iNNxDTCjZvo",
            "https://groups.google.com/g/golang-announce/c/iNNxDTCjZvo/m/UDd7VKQuAAAJ",
            "https://istio.io/latest/news/security/istio-security-2023-004/",
            "https://linkerd.io/2023/10/12/linkerd-cve-2023-44487/",
            "https://linux.oracle.com/cve/CVE-2023-44487.html",
            "https://linux.oracle.com/errata/ELSA-2023-6746.html",
            "https://lists.apache.org/thread/5py8h42mxfsn8l1wy6o41xwhsjlsd87q",
            "https://lists.debian.org/debian-lts-announce/2023/10/msg00020.html",
            "https://lists.debian.org/debian-lts-announce/2023/10/msg00023.html",
            "https://lists.debian.org/debian-lts-announce/2023/10/msg00024.html",
            "https://lists.debian.org/debian-lts-announce/2023/10/msg00045.html",
            "https://lists.debian.org/debian-lts-announce/2023/10/msg00047.html",
            "https://lists.debian.org/debian-lts-announce/2023/11/msg00001.html",
            "https://lists.debian.org/debian-lts-announce/2023/11/msg00012.html",
            "https://lists.fedoraproject.org/archives/list/package-announce%40lists.fedoraproject.org/message/2MBEPPC36UBVOZZNAXFHKLFGSLCMN5LI/",
            "https://lists.fedoraproject.org/archives/list/package-announce%40lists.fedoraproject.org/message/3N4NJ7FR4X4FPZUGNTQAPSTVB2HB2Y4A/",
            "https://lists.fedoraproject.org/archives/list/package-announce%40lists.fedoraproject.org/message/BFQD3KUEMFBHPAPBGLWQC34L4OWL5HAZ/",
            "https://lists.fedoraproject.org/archives/list/package-announce%40lists.fedoraproject.org/message/CLB4TW7KALB3EEQWNWCN7OUIWWVWWCG2/",
            "https://lists.fedoraproject.org/archives/list/package-announce%40lists.fedoraproject.org/message/E72T67UPDRXHIDLO3OROR25YAMN4GGW5/",
            "https://lists.fedoraproject.org/archives/list/package-announce%40lists.fedoraproject.org/message/FNA62Q767CFAFHBCDKYNPBMZWB7TWYVU/",
            "https://lists.fedoraproject.org/archives/list/package-announce%40lists.fedoraproject.org/message/HT7T2R4MQKLIF4ODV4BDLPARWFPCJ5CZ/",
            "https://lists.fedoraproject.org/archives/list/package-announce%40lists.fedoraproject.org/message/JIZSEFC3YKCGABA2BZW6ZJRMDZJMB7PJ/",
            "https://lists.fedoraproject.org/archives/list/package-announce%40lists.fedoraproject.org/message/JMEXY22BFG5Q64HQCM5CK2Q7KDKVV4TY/",
            "https://lists.fedoraproject.org/archives/list/package-announce%40lists.fedoraproject.org/message/KSEGD2IWKNUO3DWY4KQGUQM5BISRWHQE/",
            "https://lists.fedoraproject.org/archives/list/package-announce%40lists.fedoraproject.org/message/LKYHSZQFDNR7RSA7LHVLLIAQMVYCUGBG/",
            "https://lists.fedoraproject.org/archives/list/package-announce%40lists.fedoraproject.org/message/LNMZJCDHGLJJLXO4OXWJMTVQRNWOC7UL/",
            "https://lists.fedoraproject.org/archives/list/package-announce%40lists.fedoraproject.org/message/VHUHTSXLXGXS7JYKBXTA3VINUPHTNGVU/",
            "https://lists.fedoraproject.org/archives/list/package-announce%40lists.fedoraproject.org/message/VSRDIV77HNKUSM7SJC5BKE5JSHLHU2NK/",
            "https://lists.fedoraproject.org/archives/list/package-announce%40lists.fedoraproject.org/message/WE2I52RHNNU42PX6NZ2RBUHSFFJ2LVZX/",
            "https://lists.fedoraproject.org/archives/list/package-announce%40lists.fedoraproject.org/message/WLPRQ5TWUQQXYWBJM7ECYDAIL2YVKIUH/",
            "https://lists.fedoraproject.org/archives/list/package-announce%40lists.fedoraproject.org/message/X6QXN4ORIVF6XBW4WWFE7VNPVC74S45Y/",
            "https://lists.fedoraproject.org/archives/list/package-announce%40lists.fedoraproject.org/message/XFOIBB4YFICHDM7IBOP7PWXW3FX4HLL2/",
            "https://lists.fedoraproject.org/archives/list/package-announce%40lists.fedoraproject.org/message/ZB43REMKRQR62NJEI7I5NQ4FSXNLBKRT/",
            "https://lists.fedoraproject.org/archives/list/package-announce%40lists.fedoraproject.org/message/ZKQSIKIAT5TJ3WSLU3RDBQ35YX4GY4V3/",
            "https://lists.fedoraproject.org/archives/list/package-announce%40lists.fedoraproject.org/message/ZLU6U2R2IC2K64NDPNMV55AUAO65MAF4/",
            "https://lists.fedoraproject.org/archives/list/package-announce@lists.fedoraproject.org/message/3N4NJ7FR4X4FPZUGNTQAPSTVB2HB2Y4A/",
            "https://lists.fedoraproject.org/archives/list/package-announce@lists.fedoraproject.org/message/BFQD3KUEMFBHPAPBGLWQC34L4OWL5HAZ/",
            "https://lists.fedoraproject.org/archives/list/package-announce@lists.fedoraproject.org/message/CLB4TW7KALB3EEQWNWCN7OUIWWVWWCG2/",
            "https://lists.fedoraproject.org/archives/list/package-announce@lists.fedoraproject.org/message/E72T67UPDRXHIDLO3OROR25YAMN4GGW5/",
            "https://lists.fedoraproject.org/archives/list/package-announce@lists.fedoraproject.org/message/FNA62Q767CFAFHBCDKYNPBMZWB7TWYVU/",
            "https://lists.fedoraproject.org/archives/list/package-announce@lists.fedoraproject.org/message/HT7T2R4MQKLIF4ODV4BDLPARWFPCJ5CZ/",
            "https://lists.fedoraproject.org/archives/list/package-announce@lists.fedoraproject.org/message/JIZSEFC3YKCGABA2BZW6ZJRMDZJMB7PJ/",
            "https://lists.fedoraproject.org/archives/list/package-announce@lists.fedoraproject.org/message/JMEXY22BFG5Q64HQCM5CK2Q7KDKVV4TY/",
            "https://lists.fedoraproject.org/archives/list/package-announce@lists.fedoraproject.org/message/KSEGD2IWKNUO3DWY4KQGUQM5BISRWHQE/",
            "https://lists.fedoraproject.org/archives/list/package-announce@lists.fedoraproject.org/message/LKYHSZQFDNR7RSA7LHVLLIAQMVYCUGBG/",
            "https://lists.fedoraproject.org/archives/list/package-announce@lists.fedoraproject.org/message/LNMZJCDHGLJJLXO4OXWJMTVQRNWOC7UL/",
            "https://lists.fedoraproject.org/archives/list/package-announce@lists.fedoraproject.org/message/VHUHTSXLXGXS7JYKBXTA3VINUPHTNGVU/",
            "https://lists.fedoraproject.org/archives/list/package-announce@lists.fedoraproject.org/message/VSRDIV77HNKUSM7SJC5BKE5JSHLHU2NK/",
            "https://lists.fedoraproject.org/archives/list/package-announce@lists.fedoraproject.org/message/WLPRQ5TWUQQXYWBJM7ECYDAIL2YVKIUH/",
            "https://lists.fedoraproject.org/archives/list/package-announce@lists.fedoraproject.org/message/X6QXN4ORIVF6XBW4WWFE7VNPVC74S45Y/",
            "https://lists.fedoraproject.org/archives/list/package-announce@lists.fedoraproject.org/message/XFOIBB4YFICHDM7IBOP7PWXW3FX4HLL2/",
            "https://lists.fedoraproject.org/archives/list/package-announce@lists.fedoraproject.org/message/ZB43REMKRQR62NJEI7I5NQ4FSXNLBKRT/",
            "https://lists.fedoraproject.org/archives/list/package-announce@lists.fedoraproject.org/message/ZKQSIKIAT5TJ3WSLU3RDBQ35YX4GY4V3/",
            "https://lists.fedoraproject.org/archives/list/package-announce@lists.fedoraproject.org/message/ZLU6U2R2IC2K64NDPNMV55AUAO65MAF4/",
            "https://lists.w3.org/Archives/Public/ietf-http-wg/2023OctDec/0025.html",
            "https://mailman.nginx.org/pipermail/nginx-devel/2023-October/S36Q5HBXR7CAIMPLLPRSSSYR4PCMWILK.html",
            "https://martinthomson.github.io/h2-stream-limits/draft-thomson-httpbis-h2-stream-limits.html",
            "https://msrc.microsoft.com/blog/2023/10/microsoft-response-to-distributed-denial-of-service-ddos-attacks-against-http/2/",
            "https://msrc.microsoft.com/update-guide/vulnerability/CVE-2023-44487",
            "https://my.f5.com/manage/s/article/K000137106",
            "https://netty.io/news/2023/10/10/4-1-100-Final.html",
            "https://news.ycombinator.com/item?id=37830987",
            "https://news.ycombinator.com/item?id=37830998",
            "https://news.ycombinator.com/item?id=37831062",
            "https://news.ycombinator.com/item?id=37837043",
            "https://nodejs.org/en/blog/vulnerability/october-2023-security-releases",
            "https://nvd.nist.gov/vuln/detail/CVE-2023-44487",
            "https://openssf.org/blog/2023/10/10/http-2-rapid-reset-vulnerability-highlights-need-for-rapid-response/",
            "https://pkg.go.dev/vuln/GO-2023-2102",
            "https://seanmonstar.com/post/730794151136935936/hyper-http2-rapid-reset-unaffected",
            "https://security.netapp.com/advisory/ntap-20231016-0001/",
            "https://security.paloaltonetworks.com/CVE-2023-44487",
            "https://tomcat.apache.org/security-10.html#Fixed_in_Apache_Tomcat_10.1.14",
            "https://ubuntu.com/security/CVE-2023-44487",
            "https://ubuntu.com/security/notices/USN-6427-1",
            "https://ubuntu.com/security/notices/USN-6427-2",
            "https://ubuntu.com/security/notices/USN-6438-1",
            "https://www.bleepingcomputer.com/news/security/new-http-2-rapid-reset-zero-day-attack-breaks-ddos-records/",
            "https://www.cisa.gov/news-events/alerts/2023/10/10/http2-rapid-reset-vulnerability-cve-2023-44487",
            "https://www.cve.org/CVERecord?id=CVE-2023-44487",
            "https://www.darkreading.com/cloud/internet-wide-zero-day-bug-fuels-largest-ever-ddos-event",
            "https://www.debian.org/security/2023/dsa-5521",
            "https://www.debian.org/security/2023/dsa-5522",
            "https://www.debian.org/security/2023/dsa-5540",
            "https://www.debian.org/security/2023/dsa-5549",
            "https://www.debian.org/security/2023/dsa-5558",
            "https://www.haproxy.com/blog/haproxy-is-not-affected-by-the-http-2-rapid-reset-attack-cve-2023-44487",
            "https://www.mail-archive.com/haproxy@formilux.org/msg44134.html",
            "https://www.netlify.com/blog/netlify-successfully-mitigates-cve-2023-44487/",
            "https://www.nginx.com/blog/http-2-rapid-reset-attack-impacting-f5-nginx-products/",
            "https://www.openwall.com/lists/oss-security/2023/10/10/6",
            "https://www.phoronix.com/news/HTTP2-Rapid-Reset-Attack",
            "https://www.theregister.com/2023/10/10/http2_rapid_reset_zeroday/"
          ],
          "PublishedDate": "2023-10-10T14:15:00Z",
          "LastModifiedDate": "2023-11-19T22:15:00Z"
        },
        {
          "VulnerabilityID": "CVE-2023-45322",
          "PkgID": "libxml2@2.10.4-1.amzn2023.0.5.x86_64",
          "PkgName": "libxml2",
          "InstalledVersion": "2.10.4-1.amzn2023.0.5",
          "FixedVersion": "2.10.4-1.amzn2023.0.6",
          "Status": "fixed",
          "Layer": {
            "DiffID": "sha256:a7f7129328323db861f7f603bab1728ce10de8c879090ba490e875d5987d3b2e"
          },
          "SeveritySource": "amazon",
          "PrimaryURL": "https://avd.aquasec.com/nvd/cve-2023-45322",
          "DataSource": {
            "ID": "amazon",
            "Name": "Amazon Linux Security Center",
            "URL": "https://alas.aws.amazon.com/"
          },
          "Title": "libxml2: use-after-free in xmlUnlinkNode() in tree.c",
          "Description": "libxml2 through 2.11.5 has a use-after-free that can only occur after a certain memory allocation fails. This occurs in xmlUnlinkNode in tree.c. NOTE: the vendor's position is \"I don't think these issues are critical enough to warrant a CVE ID ... because an attacker typically can't control when memory allocations fail.\"",
          "Severity": "HIGH",
          "CweIDs": [
            "CWE-416"
          ],
          "CVSS": {
            "nvd": {
              "V3Vector": "CVSS:3.1/AV:N/AC:L/PR:N/UI:R/S:U/C:N/I:N/A:H",
              "V3Score": 6.5
            },
            "redhat": {
              "V3Vector": "CVSS:3.1/AV:N/AC:H/PR:N/UI:N/S:U/C:N/I:N/A:H",
              "V3Score": 5.9
            }
          },
          "References": [
            "http://www.openwall.com/lists/oss-security/2023/10/06/5",
            "https://access.redhat.com/security/cve/CVE-2023-45322",
            "https://gitlab.gnome.org/GNOME/libxml2/-/issues/344",
            "https://gitlab.gnome.org/GNOME/libxml2/-/issues/583",
            "https://nvd.nist.gov/vuln/detail/CVE-2023-45322",
            "https://www.cve.org/CVERecord?id=CVE-2023-45322"
          ],
          "PublishedDate": "2023-10-06T22:15:00Z",
          "LastModifiedDate": "2023-11-07T04:21:00Z"
        },
        {
          "VulnerabilityID": "CVE-2023-5363",
          "PkgID": "openssl-libs@3.0.8-1.amzn2023.0.7.x86_64",
          "PkgName": "openssl-libs",
          "InstalledVersion": "1:3.0.8-1.amzn2023.0.7",
          "FixedVersion": "1:3.0.8-1.amzn2023.0.9",
          "Status": "fixed",
          "Layer": {
            "DiffID": "sha256:a7f7129328323db861f7f603bab1728ce10de8c879090ba490e875d5987d3b2e"
          },
          "SeveritySource": "nvd",
          "PrimaryURL": "https://avd.aquasec.com/nvd/cve-2023-5363",
          "DataSource": {
            "ID": "amazon",
            "Name": "Amazon Linux Security Center",
            "URL": "https://alas.aws.amazon.com/"
          },
          "Title": "openssl: Incorrect cipher key and IV length processing",
          "Description": "Issue summary: A bug has been identified in the processing of key and\ninitialisation vector (IV) lengths.  This can lead to potential truncation\nor overruns during the initialisation of some symmetric ciphers.\n\nImpact summary: A truncation in the IV can result in non-uniqueness,\nwhich could result in loss of confidentiality for some cipher modes.\n\nWhen calling EVP_EncryptInit_ex2(), EVP_DecryptInit_ex2() or\nEVP_CipherInit_ex2() the provided OSSL_PARAM array is processed after\nthe key and IV have been established.  Any alterations to the key length,\nvia the \"keylen\" parameter or the IV length, via the \"ivlen\" parameter,\nwithin the OSSL_PARAM array will not take effect as intended, potentially\ncausing truncation or overreading of these values.  The following ciphers\nand cipher modes are impacted: RC2, RC4, RC5, CCM, GCM and OCB.\n\nFor the CCM, GCM and OCB cipher modes, truncation of the IV can result in\nloss of confidentiality.  For example, when following NIST's SP 800-38D\nsection 8.2.1 guidance for constructing a deterministic IV for AES in\nGCM mode, truncation of the counter portion could lead to IV reuse.\n\nBoth truncations and overruns of the key and overruns of the IV will\nproduce incorrect results and could, in some cases, trigger a memory\nexception.  However, these issues are not currently assessed as security\ncritical.\n\nChanging the key and/or IV lengths is not considered to be a common operation\nand the vulnerable API was recently introduced. Furthermore it is likely that\napplication developers will have spotted this problem during testing since\ndecryption would fail unless both peers in the communication were similarly\nvulnerable. For these reasons we expect the probability of an application being\nvulnerable to this to be quite low. However if an application is vulnerable then\nthis issue is considered very serious. For these reasons we have assessed this\nissue as Moderate severity overall.\n\nThe OpenSSL SSL/TLS implementation is not affected by this issue.\n\nThe OpenSSL 3.0 and 3.1 FIPS providers are not affected by this because\nthe issue lies outside of the FIPS provider boundary.\n\nOpenSSL 3.1 and 3.0 are vulnerable to this issue.",
          "Severity": "HIGH",
          "CVSS": {
            "nvd": {
              "V3Vector": "CVSS:3.1/AV:N/AC:L/PR:N/UI:N/S:U/C:H/I:N/A:N",
              "V3Score": 7.5
            },
            "redhat": {
              "V3Vector": "CVSS:3.1/AV:N/AC:L/PR:N/UI:N/S:U/C:H/I:N/A:N",
              "V3Score": 7.5
            }
          },
          "References": [
            "http://www.openwall.com/lists/oss-security/2023/10/24/1",
            "https://access.redhat.com/security/cve/CVE-2023-5363",
            "https://cve.mitre.org/cgi-bin/cvename.cgi?name=CVE-2023-5363",
            "https://git.openssl.org/gitweb/?p=openssl.git;a=commitdiff;h=0df40630850fb2740e6be6890bb905d3fc623b2d",
            "https://git.openssl.org/gitweb/?p=openssl.git;a=commitdiff;h=5f69f5c65e483928c4b28ed16af6e5742929f1ee",
            "https://nvd.nist.gov/vuln/detail/CVE-2023-5363",
            "https://security.netapp.com/advisory/ntap-20231027-0010/",
            "https://ubuntu.com/security/notices/USN-6450-1",
            "https://www.cve.org/CVERecord?id=CVE-2023-5363",
            "https://www.debian.org/security/2023/dsa-5532",
            "https://www.openssl.org/news/secadv/20231024.txt"
          ],
          "PublishedDate": "2023-10-25T18:17:00Z",
          "LastModifiedDate": "2023-11-09T13:55:00Z"
        },
        {
          "VulnerabilityID": "CVE-2023-45853",
          "PkgID": "zlib@1.2.11-33.amzn2023.0.4.x86_64",
          "PkgName": "zlib",
          "InstalledVersion": "1.2.11-33.amzn2023.0.4",
          "FixedVersion": "1.2.11-33.amzn2023.0.5",
          "Status": "fixed",
          "Layer": {
            "DiffID": "sha256:a7f7129328323db861f7f603bab1728ce10de8c879090ba490e875d5987d3b2e"
          },
          "SeveritySource": "amazon",
          "PrimaryURL": "https://avd.aquasec.com/nvd/cve-2023-45853",
          "DataSource": {
            "ID": "amazon",
            "Name": "Amazon Linux Security Center",
            "URL": "https://alas.aws.amazon.com/"
          },
          "Title": "zlib: integer overflow and resultant heap-based buffer overflow in zipOpenNewFileInZip4_6",
          "Description": "MiniZip in zlib through 1.3 has an integer overflow and resultant heap-based buffer overflow in zipOpenNewFileInZip4_64 via a long filename, comment, or extra field. NOTE: MiniZip is not a supported part of the zlib product.",
          "Severity": "MEDIUM",
          "CweIDs": [
            "CWE-190"
          ],
          "CVSS": {
            "nvd": {
              "V3Vector": "CVSS:3.1/AV:N/AC:L/PR:N/UI:N/S:U/C:H/I:H/A:H",
              "V3Score": 9.8
            },
            "redhat": {
              "V3Vector": "CVSS:3.1/AV:L/AC:L/PR:N/UI:R/S:U/C:L/I:L/A:L",
              "V3Score": 5.3
            }
          },
          "References": [
            "http://www.openwall.com/lists/oss-security/2023/10/20/9",
            "https://access.redhat.com/security/cve/CVE-2023-45853",
            "https://chromium.googlesource.com/chromium/src/+/d709fb23806858847131027da95ef4c548813356",
            "https://chromium.googlesource.com/chromium/src/+/de29dd6c7151d3cd37cb4cf0036800ddfb1d8b61",
            "https://cve.mitre.org/cgi-bin/cvename.cgi?name=CVE-2023-45853",
            "https://github.com/madler/zlib/blob/ac8f12c97d1afd9bafa9c710f827d40a407d3266/contrib/README.contrib#L1-L4",
            "https://github.com/madler/zlib/pull/843",
            "https://nvd.nist.gov/vuln/detail/CVE-2023-45853",
            "https://www.cve.org/CVERecord?id=CVE-2023-45853",
            "https://www.winimage.com/zLibDll/minizip.html"
          ],
          "PublishedDate": "2023-10-14T02:15:00Z",
          "LastModifiedDate": "2023-10-20T21:15:00Z"
        }
      ]
    },
    {
      "Target": "Java",
      "Class": "lang-pkgs",
      "Type": "jar",
      "Vulnerabilities": [
        {
          "VulnerabilityID": "CVE-2022-1471",
          "PkgName": "org.yaml:snakeyaml",
          "PkgPath": "home/dynamodblocal/DynamoDBLocal_lib/Log4j-core-2.x.jar",
          "InstalledVersion": "1.33",
          "FixedVersion": "2.0",
          "Status": "fixed",
          "Layer": {
            "DiffID": "sha256:3b7ff0839715f84f65ef295bb18a449e07d52b1a38904aabd741689d60cfa24a"
          },
          "SeveritySource": "ghsa",
          "PrimaryURL": "https://avd.aquasec.com/nvd/cve-2022-1471",
          "DataSource": {
            "ID": "ghsa",
            "Name": "GitHub Security Advisory Maven",
            "URL": "https://github.com/advisories?query=type%3Areviewed+ecosystem%3Amaven"
          },
          "Title": "SnakeYaml: Constructor Deserialization Remote Code Execution",
          "Description": "SnakeYaml's Constructor() class does not restrict types which can be instantiated during deserialization. Deserializing yaml content provided by an attacker can lead to remote code execution. We recommend using SnakeYaml's SafeConsturctor when parsing untrusted content to restrict deserialization. We recommend upgrading to version 2.0 and beyond.\n",
          "Severity": "HIGH",
          "CweIDs": [
            "CWE-502"
          ],
          "CVSS": {
            "ghsa": {
              "V3Vector": "CVSS:3.1/AV:N/AC:L/PR:L/UI:N/S:U/C:H/I:H/A:L",
              "V3Score": 8.3
            },
            "nvd": {
              "V3Vector": "CVSS:3.1/AV:N/AC:L/PR:N/UI:N/S:U/C:H/I:H/A:H",
              "V3Score": 9.8
            },
            "redhat": {
              "V3Vector": "CVSS:3.1/AV:N/AC:L/PR:N/UI:N/S:U/C:H/I:H/A:H",
              "V3Score": 9.8
            }
          },
          "References": [
            "http://packetstormsecurity.com/files/175095/PyTorch-Model-Server-Registration-Deserialization-Remote-Code-Execution.html",
            "http://www.openwall.com/lists/oss-security/2023/11/19/1",
            "https://access.redhat.com/errata/RHSA-2022:9058",
            "https://access.redhat.com/security/cve/CVE-2022-1471",
            "https://bitbucket.org/snakeyaml/snakeyaml",
            "https://bitbucket.org/snakeyaml/snakeyaml/commits/5014df1a36f50aca54405bb8433bc99a8847f758",
            "https://bitbucket.org/snakeyaml/snakeyaml/commits/acc44099f5f4af26ff86b4e4e4cc1c874e2dc5c4",
            "https://bitbucket.org/snakeyaml/snakeyaml/issues/561/cve-2022-1471-vulnerability-in#comment-64581479",
            "https://bitbucket.org/snakeyaml/snakeyaml/issues/561/cve-2022-1471-vulnerability-in#comment-64634374",
            "https://bitbucket.org/snakeyaml/snakeyaml/issues/561/cve-2022-1471-vulnerability-in#comment-64876314",
            "https://bitbucket.org/snakeyaml/snakeyaml/wiki/CVE-2022-1471",
            "https://bugzilla.redhat.com/2150009",
            "https://bugzilla.redhat.com/show_bug.cgi?id=2150009",
            "https://cve.mitre.org/cgi-bin/cvename.cgi?name=CVE-2022-1471",
            "https://errata.almalinux.org/8/ALSA-2022-9058.html",
            "https://errata.rockylinux.org/RLSA-2022:9058",
            "https://github.com/google/security-research/security/advisories/GHSA-mjmj-j48q-9wg2",
            "https://github.com/mbechler/marshalsec",
            "https://groups.google.com/g/kubernetes-security-announce/c/mwrakFaEdnc",
            "https://linux.oracle.com/cve/CVE-2022-1471.html",
            "https://linux.oracle.com/errata/ELSA-2022-9058-1.html",
            "https://nvd.nist.gov/vuln/detail/CVE-2022-1471",
            "https://security.netapp.com/advisory/ntap-20230818-0015/",
            "https://snyk.io/blog/unsafe-deserialization-snakeyaml-java-cve-2022-1471/",
            "https://www.cve.org/CVERecord?id=CVE-2022-1471",
            "https://www.github.com/mbechler/marshalsec/blob/master/marshalsec.pdf?raw=true"
          ],
          "PublishedDate": "2022-12-01T11:15:00Z",
          "LastModifiedDate": "2023-11-19T15:15:00Z"
        }
      ]
    }
  ]
}
