{
  "SchemaVersion": 2,
  "ArtifactName": "docker/ecs-searchdomain-sidecar:latest",
  "ArtifactType": "container_image",
  "Metadata": {
    "ImageID": "sha256:1a73d28fcea3de8dd899677b4c0d1b91aa2a67da8d2a71e9ad64d0a364bde95e",
    "DiffIDs": [
      "sha256:d24e49d4b914c8de5cef8b6073b94afdf74a1b2c080c047cbd5fa5997983348e"
    ],
    "RepoTags": [
      "docker/ecs-searchdomain-sidecar:latest"
    ],
    "RepoDigests": [
      "docker/ecs-searchdomain-sidecar@sha256:1ed89ca51661772f80ac397b2ab7d41daa594e02cabd90a8246ed97f040cd7cd"
    ],
    "ImageConfig": {
      "architecture": "amd64",
      "created": "2023-08-02T17:22:04.744343497Z",
      "history": [
        {
          "created": "2023-08-02T17:22:04Z",
          "created_by": "COPY /go/bin/resolv /resolv # buildkit",
          "comment": "buildkit.dockerfile.v0"
        },
        {
          "created": "2023-08-02T17:22:04Z",
          "created_by": "ENTRYPOINT [\"/resolv\"]",
          "comment": "buildkit.dockerfile.v0",
          "empty_layer": true
        }
      ],
      "os": "linux",
      "rootfs": {
        "type": "layers",
        "diff_ids": [
          "sha256:d24e49d4b914c8de5cef8b6073b94afdf74a1b2c080c047cbd5fa5997983348e"
        ]
      },
      "config": {
        "Entrypoint": [
          "/resolv"
        ],
        "Env": [
          "PATH=/usr/local/sbin:/usr/local/bin:/usr/sbin:/usr/bin:/sbin:/bin"
        ],
        "WorkingDir": "/"
      }
    }
  }
}
