{
  "SchemaVersion": 2,
  "ArtifactName": "grafana/grafana:latest",
  "ArtifactType": "container_image",
  "Metadata": {
    "OS": {
      "Family": "alpine",
      "Name": "3.18.4"
    },
    "ImageID": "sha256:06e5d59b720d562ac6f2f8bff4dc7155862e5553ffce60423b593dce71de8d39",
    "DiffIDs": [
      "sha256:cc2447e1835a40530975ab80bb1f872fbab0f2a0faecf2ab16fbbb89b3589438",
      "sha256:692882a583725b53fc2529bdb5a71eedec32172f597f40d72e8547861ebae980",
      "sha256:b6225c35814eb48dbad54b4f851e20ab891f1d834a2205be4a2807ac8b3efba9",
      "sha256:ec7f853086e6e8692c622eb06499cc5f7677a350eba9342954708f3311fa22ff",
      "sha256:a51fbde842b2920eec212ef33eb08df36392daf5b9e1718cb918cbb579e55ec8",
      "sha256:40e6f3fe7a17091d1514afecf6922ee801ee82611829a75b855467ae2c6beb00",
      "sha256:46f2a47a660283fe88c57c6fd343bfa37932a37eccee01a8b135124cf28917d6",
      "sha256:af59f5110c6b8719d2ae4e641f1914d751ea9f82fde8baa714b98d6f38e7f07d",
      "sha256:e14a02087857705a37309c88abd26b7d1c709292223ad922beda6a88fe1365ea",
      "sha256:18384bc0d772a5ff31c85808f2a4ce7c72258ed5f3795b7b99823b8be7d034da"
    ],
    "RepoTags": [
      "grafana/grafana:latest"
    ],
    "RepoDigests": [
      "grafana/grafana@sha256:e3e9c2b5776fe3657f4954dfa91579224f98a0316f51d431989b15425e95530f"
    ],
    "ImageConfig": {
      "architecture": "amd64",
      "created": "2023-11-20T12:32:01.246947817Z",
      "history": [
        {
          "created": "2023-09-28T21:19:27Z",
          "created_by": "/bin/sh -c #(nop) ADD file:756183bba9c7f4593c2b216e98e4208b9163c4c962ea0837ef88bd917609d001 in / "
        },
        {
          "created": "2023-09-28T21:19:27Z",
          "created_by": "/bin/sh -c #(nop)  CMD [\"/bin/sh\"]",
          "empty_layer": true
        },
        {
          "created": "2023-11-20T11:12:12Z",
          "created_by": "LABEL maintainer=Grafana Labs \u003chello@grafana.com\u003e",
          "comment": "buildkit.dockerfile.v0",
          "empty_layer": true
        },
        {
          "created": "2023-11-20T11:12:12Z",
          "created_by": "ARG GF_UID=472",
          "comment": "buildkit.dockerfile.v0",
          "empty_layer": true
        },
        {
          "created": "2023-11-20T11:12:12Z",
          "created_by": "ARG GF_GID=0",
          "comment": "buildkit.dockerfile.v0",
          "empty_layer": true
        },
        {
          "created": "2023-11-20T11:12:12Z",
          "created_by": "ENV PATH=/usr/share/grafana/bin:/usr/local/sbin:/usr/local/bin:/usr/sbin:/usr/bin:/sbin:/bin GF_PATHS_CONFIG=/etc/grafana/grafana.ini GF_PATHS_DATA=/var/lib/grafana GF_PATHS_HOME=/usr/share/grafana GF_PATHS_LOGS=/var/log/grafana GF_PATHS_PLUGINS=/var/lib/grafana/plugins GF_PATHS_PROVISIONING=/etc/grafana/provisioning",
          "comment": "buildkit.dockerfile.v0",
          "empty_layer": true
        },
        {
          "created": "2023-11-20T11:12:12Z",
          "created_by": "WORKDIR /usr/share/grafana",
          "comment": "buildkit.dockerfile.v0"
        },
        {
          "created": "2023-11-20T11:12:13Z",
          "created_by": "RUN |2 GF_UID=472 GF_GID=0 /bin/sh -c if grep -i -q alpine /etc/issue; then       apk add --no-cache ca-certificates bash curl tzdata musl-utils \u0026\u0026       apk info -vv | sort;     elif grep -i -q ubuntu /etc/issue; then       DEBIAN_FRONTEND=noninteractive \u0026\u0026       apt-get update \u0026\u0026       apt-get install -y ca-certificates curl tzdata musl \u0026\u0026       apt-get autoremove -y \u0026\u0026       rm -rf /var/lib/apt/lists/*;     else       echo 'ERROR: Unsupported base image' \u0026\u0026 /bin/false;     fi # buildkit",
          "comment": "buildkit.dockerfile.v0"
        },
        {
          "created": "2023-11-20T11:12:15Z",
          "created_by": "RUN |2 GF_UID=472 GF_GID=0 /bin/sh -c if grep -i -q alpine /etc/issue \u0026\u0026 [ `arch` = \"x86_64\" ]; then       wget -q -O /etc/apk/keys/sgerrand.rsa.pub https://alpine-pkgs.sgerrand.com/sgerrand.rsa.pub \u0026\u0026       wget https://github.com/sgerrand/alpine-pkg-glibc/releases/download/2.35-r0/glibc-2.35-r0.apk         -O /tmp/glibc-2.35-r0.apk \u0026\u0026       wget https://github.com/sgerrand/alpine-pkg-glibc/releases/download/2.35-r0/glibc-bin-2.35-r0.apk         -O /tmp/glibc-bin-2.35-r0.apk \u0026\u0026       apk add --force-overwrite --no-cache /tmp/glibc-2.35-r0.apk /tmp/glibc-bin-2.35-r0.apk \u0026\u0026       rm -f /lib64/ld-linux-x86-64.so.2 \u0026\u0026       ln -s /usr/glibc-compat/lib64/ld-linux-x86-64.so.2 /lib64/ld-linux-x86-64.so.2 \u0026\u0026       rm -f /tmp/glibc-2.35-r0.apk \u0026\u0026       rm -f /tmp/glibc-bin-2.35-r0.apk \u0026\u0026       rm -f /lib/ld-linux-x86-64.so.2 \u0026\u0026       rm -f /etc/ld.so.cache;     fi # buildkit",
          "comment": "buildkit.dockerfile.v0"
        },
        {
          "created": "2023-11-20T12:31:59Z",
          "created_by": "COPY /tmp/grafana/conf ./conf # buildkit",
          "comment": "buildkit.dockerfile.v0"
        },
        {
          "created": "2023-11-20T12:31:59Z",
          "created_by": "RUN |2 GF_UID=472 GF_GID=0 /bin/sh -c if [ ! $(getent group \"$GF_GID\") ]; then       if grep -i -q alpine /etc/issue; then         addgroup -S -g $GF_GID grafana;       else         addgroup --system --gid $GF_GID grafana;       fi;     fi \u0026\u0026     GF_GID_NAME=$(getent group $GF_GID | cut -d':' -f1) \u0026\u0026     mkdir -p \"$GF_PATHS_HOME/.aws\" \u0026\u0026     if grep -i -q alpine /etc/issue; then       adduser -S -u $GF_UID -G \"$GF_GID_NAME\" grafana;     else       adduser --system --uid $GF_UID --ingroup \"$GF_GID_NAME\" grafana;     fi \u0026\u0026     mkdir -p \"$GF_PATHS_PROVISIONING/datasources\"              \"$GF_PATHS_PROVISIONING/dashboards\"              \"$GF_PATHS_PROVISIONING/notifiers\"              \"$GF_PATHS_PROVISIONING/plugins\"              \"$GF_PATHS_PROVISIONING/access-control\"              \"$GF_PATHS_PROVISIONING/alerting\"              \"$GF_PATHS_LOGS\"              \"$GF_PATHS_PLUGINS\"              \"$GF_PATHS_DATA\" \u0026\u0026     cp conf/sample.ini \"$GF_PATHS_CONFIG\" \u0026\u0026     cp conf/ldap.toml /etc/grafana/ldap.toml \u0026\u0026     chown -R \"grafana:$GF_GID_NAME\" \"$GF_PATHS_DATA\" \"$GF_PATHS_HOME/.aws\" \"$GF_PATHS_LOGS\" \"$GF_PATHS_PLUGINS\" \"$GF_PATHS_PROVISIONING\" \u0026\u0026     chmod -R 777 \"$GF_PATHS_DATA\" \"$GF_PATHS_HOME/.aws\" \"$GF_PATHS_LOGS\" \"$GF_PATHS_PLUGINS\" \"$GF_PATHS_PROVISIONING\" # buildkit",
          "comment": "buildkit.dockerfile.v0"
        },
        {
          "created": "2023-11-20T12:32:00Z",
          "created_by": "COPY /tmp/grafana/bin/grafana* /tmp/grafana/bin/*/grafana* ./bin/ # buildkit",
          "comment": "buildkit.dockerfile.v0"
        },
        {
          "created": "2023-11-20T12:32:01Z",
          "created_by": "COPY /tmp/grafana/public ./public # buildkit",
          "comment": "buildkit.dockerfile.v0"
        },
        {
          "created": "2023-11-20T12:32:01Z",
          "created_by": "COPY /tmp/grafana/LICENSE ./ # buildkit",
          "comment": "buildkit.dockerfile.v0"
        },
        {
          "created": "2023-11-20T12:32:01Z",
          "created_by": "EXPOSE map[3000/tcp:{}]",
          "comment": "buildkit.dockerfile.v0",
          "empty_layer": true
        },
        {
          "created": "2023-11-20T12:32:01Z",
          "created_by": "ARG RUN_SH=./packaging/docker/run.sh",
          "comment": "buildkit.dockerfile.v0",
          "empty_layer": true
        },
        {
          "created": "2023-11-20T12:32:01Z",
          "created_by": "COPY ./packaging/docker/run.sh /run.sh # buildkit",
          "comment": "buildkit.dockerfile.v0"
        },
        {
          "created": "2023-11-20T12:32:01Z",
          "created_by": "USER 472",
          "comment": "buildkit.dockerfile.v0",
          "empty_layer": true
        },
        {
          "created": "2023-11-20T12:32:01Z",
          "created_by": "ENTRYPOINT [\"/run.sh\"]",
          "comment": "buildkit.dockerfile.v0",
          "empty_layer": true
        }
      ],
      "os": "linux",
      "rootfs": {
        "type": "layers",
        "diff_ids": [
          "sha256:cc2447e1835a40530975ab80bb1f872fbab0f2a0faecf2ab16fbbb89b3589438",
          "sha256:692882a583725b53fc2529bdb5a71eedec32172f597f40d72e8547861ebae980",
          "sha256:b6225c35814eb48dbad54b4f851e20ab891f1d834a2205be4a2807ac8b3efba9",
          "sha256:ec7f853086e6e8692c622eb06499cc5f7677a350eba9342954708f3311fa22ff",
          "sha256:a51fbde842b2920eec212ef33eb08df36392daf5b9e1718cb918cbb579e55ec8",
          "sha256:40e6f3fe7a17091d1514afecf6922ee801ee82611829a75b855467ae2c6beb00",
          "sha256:46f2a47a660283fe88c57c6fd343bfa37932a37eccee01a8b135124cf28917d6",
          "sha256:af59f5110c6b8719d2ae4e641f1914d751ea9f82fde8baa714b98d6f38e7f07d",
          "sha256:e14a02087857705a37309c88abd26b7d1c709292223ad922beda6a88fe1365ea",
          "sha256:18384bc0d772a5ff31c85808f2a4ce7c72258ed5f3795b7b99823b8be7d034da"
        ]
      },
      "config": {
        "Entrypoint": [
          "/run.sh"
        ],
        "Env": [
          "PATH=/usr/share/grafana/bin:/usr/local/sbin:/usr/local/bin:/usr/sbin:/usr/bin:/sbin:/bin",
          "GF_PATHS_CONFIG=/etc/grafana/grafana.ini",
          "GF_PATHS_DATA=/var/lib/grafana",
          "GF_PATHS_HOME=/usr/share/grafana",
          "GF_PATHS_LOGS=/var/log/grafana",
          "GF_PATHS_PLUGINS=/var/lib/grafana/plugins",
          "GF_PATHS_PROVISIONING=/etc/grafana/provisioning"
        ],
        "Labels": {
          "maintainer": "Grafana Labs \u003chello@grafana.com\u003e"
        },
        "User": "472",
        "WorkingDir": "/usr/share/grafana"
      }
    }
  },
  "Results": [
    {
      "Target": "grafana/grafana:latest (alpine 3.18.4)",
      "Class": "os-pkgs",
      "Type": "alpine",
      "Vulnerabilities": [
        {
          "VulnerabilityID": "CVE-2023-5363",
          "PkgID": "libcrypto3@3.1.3-r0",
          "PkgName": "libcrypto3",
          "InstalledVersion": "3.1.3-r0",
          "FixedVersion": "3.1.4-r0",
          "Status": "fixed",
          "Layer": {
            "DiffID": "sha256:cc2447e1835a40530975ab80bb1f872fbab0f2a0faecf2ab16fbbb89b3589438"
          },
          "SeveritySource": "nvd",
          "PrimaryURL": "https://avd.aquasec.com/nvd/cve-2023-5363",
          "DataSource": {
            "ID": "alpine",
            "Name": "Alpine Secdb",
            "URL": "https://secdb.alpinelinux.org/"
          },
          "Title": "openssl: Incorrect cipher key and IV length processing",
          "Description": "Issue summary: A bug has been identified in the processing of key and\ninitialisation vector (IV) lengths.  This can lead to potential truncation\nor overruns during the initialisation of some symmetric ciphers.\n\nImpact summary: A truncation in the IV can result in non-uniqueness,\nwhich could result in loss of confidentiality for some cipher modes.\n\nWhen calling EVP_EncryptInit_ex2(), EVP_DecryptInit_ex2() or\nEVP_CipherInit_ex2() the provided OSSL_PARAM array is processed after\nthe key and IV have been established.  Any alterations to the key length,\nvia the \"keylen\" parameter or the IV length, via the \"ivlen\" parameter,\nwithin the OSSL_PARAM array will not take effect as intended, potentially\ncausing truncation or overreading of these values.  The following ciphers\nand cipher modes are impacted: RC2, RC4, RC5, CCM, GCM and OCB.\n\nFor the CCM, GCM and OCB cipher modes, truncation of the IV can result in\nloss of confidentiality.  For example, when following NIST's SP 800-38D\nsection 8.2.1 guidance for constructing a deterministic IV for AES in\nGCM mode, truncation of the counter portion could lead to IV reuse.\n\nBoth truncations and overruns of the key and overruns of the IV will\nproduce incorrect results and could, in some cases, trigger a memory\nexception.  However, these issues are not currently assessed as security\ncritical.\n\nChanging the key and/or IV lengths is not considered to be a common operation\nand the vulnerable API was recently introduced. Furthermore it is likely that\napplication developers will have spotted this problem during testing since\ndecryption would fail unless both peers in the communication were similarly\nvulnerable. For these reasons we expect the probability of an application being\nvulnerable to this to be quite low. However if an application is vulnerable then\nthis issue is considered very serious. For these reasons we have assessed this\nissue as Moderate severity overall.\n\nThe OpenSSL SSL/TLS implementation is not affected by this issue.\n\nThe OpenSSL 3.0 and 3.1 FIPS providers are not affected by this because\nthe issue lies outside of the FIPS provider boundary.\n\nOpenSSL 3.1 and 3.0 are vulnerable to this issue.",
          "Severity": "HIGH",
          "CVSS": {
            "nvd": {
              "V3Vector": "CVSS:3.1/AV:N/AC:L/PR:N/UI:N/S:U/C:H/I:N/A:N",
              "V3Score": 7.5
            },
            "redhat": {
              "V3Vector": "CVSS:3.1/AV:N/AC:L/PR:N/UI:N/S:U/C:H/I:N/A:N",
              "V3Score": 7.5
            }
          },
          "References": [
            "http://www.openwall.com/lists/oss-security/2023/10/24/1",
            "https://access.redhat.com/security/cve/CVE-2023-5363",
            "https://cve.mitre.org/cgi-bin/cvename.cgi?name=CVE-2023-5363",
            "https://git.openssl.org/gitweb/?p=openssl.git;a=commitdiff;h=0df40630850fb2740e6be6890bb905d3fc623b2d",
            "https://git.openssl.org/gitweb/?p=openssl.git;a=commitdiff;h=5f69f5c65e483928c4b28ed16af6e5742929f1ee",
            "https://nvd.nist.gov/vuln/detail/CVE-2023-5363",
            "https://security.netapp.com/advisory/ntap-20231027-0010/",
            "https://ubuntu.com/security/notices/USN-6450-1",
            "https://www.cve.org/CVERecord?id=CVE-2023-5363",
            "https://www.debian.org/security/2023/dsa-5532",
            "https://www.openssl.org/news/secadv/20231024.txt"
          ],
          "PublishedDate": "2023-10-25T18:17:00Z",
          "LastModifiedDate": "2023-11-09T13:55:00Z"
        },
        {
          "VulnerabilityID": "CVE-2023-5678",
          "PkgID": "libcrypto3@3.1.3-r0",
          "PkgName": "libcrypto3",
          "InstalledVersion": "3.1.3-r0",
          "FixedVersion": "3.1.4-r1",
          "Status": "fixed",
          "Layer": {
            "DiffID": "sha256:cc2447e1835a40530975ab80bb1f872fbab0f2a0faecf2ab16fbbb89b3589438"
          },
          "SeveritySource": "nvd",
          "PrimaryURL": "https://avd.aquasec.com/nvd/cve-2023-5678",
          "DataSource": {
            "ID": "alpine",
            "Name": "Alpine Secdb",
            "URL": "https://secdb.alpinelinux.org/"
          },
          "Title": "openssl: Generating excessively long X9.42 DH keys or checking excessively long X9.42 DH keys or parameters may be very slow",
          "Description": "Issue summary: Generating excessively long X9.42 DH keys or checking\nexcessively long X9.42 DH keys or parameters may be very slow.\n\nImpact summary: Applications that use the functions DH_generate_key() to\ngenerate an X9.42 DH key may experience long delays.  Likewise, applications\nthat use DH_check_pub_key(), DH_check_pub_key_ex() or EVP_PKEY_public_check()\nto check an X9.42 DH key or X9.42 DH parameters may experience long delays.\nWhere the key or parameters that are being checked have been obtained from\nan untrusted source this may lead to a Denial of Service.\n\nWhile DH_check() performs all the necessary checks (as of CVE-2023-3817),\nDH_check_pub_key() doesn't make any of these checks, and is therefore\nvulnerable for excessively large P and Q parameters.\n\nLikewise, while DH_generate_key() performs a check for an excessively large\nP, it doesn't check for an excessively large Q.\n\nAn application that calls DH_generate_key() or DH_check_pub_key() and\nsupplies a key or parameters obtained from an untrusted source could be\nvulnerable to a Denial of Service attack.\n\nDH_generate_key() and DH_check_pub_key() are also called by a number of\nother OpenSSL functions.  An application calling any of those other\nfunctions may similarly be affected.  The other functions affected by this\nare DH_check_pub_key_ex(), EVP_PKEY_public_check(), and EVP_PKEY_generate().\n\nAlso vulnerable are the OpenSSL pkey command line application when using the\n\"-pubcheck\" option, as well as the OpenSSL genpkey command line application.\n\nThe OpenSSL SSL/TLS implementation is not affected by this issue.\n\nThe OpenSSL 3.0 and 3.1 FIPS providers are not affected by this issue.\n\n",
          "Severity": "MEDIUM",
          "CweIDs": [
            "CWE-754"
          ],
          "CVSS": {
            "nvd": {
              "V3Vector": "CVSS:3.1/AV:N/AC:L/PR:N/UI:N/S:U/C:N/I:N/A:L",
              "V3Score": 5.3
            },
            "redhat": {
              "V3Vector": "CVSS:3.1/AV:N/AC:L/PR:N/UI:N/S:U/C:N/I:N/A:L",
              "V3Score": 5.3
            }
          },
          "References": [
            "https://access.redhat.com/security/cve/CVE-2023-5678",
            "https://cve.mitre.org/cgi-bin/cvename.cgi?name=CVE-2023-5678",
            "https://git.openssl.org/gitweb/?p=openssl.git;a=commitdiff;h=34efaef6c103d636ab507a0cc34dca4d3aecc055",
            "https://git.openssl.org/gitweb/?p=openssl.git;a=commitdiff;h=710fee740904b6290fef0dd5536fbcedbc38ff0c",
            "https://git.openssl.org/gitweb/?p=openssl.git;a=commitdiff;h=db925ae2e65d0d925adef429afc37f75bd1c2017",
            "https://git.openssl.org/gitweb/?p=openssl.git;a=commitdiff;h=ddeb4b6c6d527e54ce9a99cba785c0f7776e54b6",
            "https://nvd.nist.gov/vuln/detail/CVE-2023-5678",
            "https://www.cve.org/CVERecord?id=CVE-2023-5678",
            "https://www.openssl.org/news/secadv/20231106.txt"
          ],
          "PublishedDate": "2023-11-06T16:15:00Z",
          "LastModifiedDate": "2023-11-21T16:54:00Z"
        },
        {
          "VulnerabilityID": "CVE-2023-5363",
          "PkgID": "libssl3@3.1.3-r0",
          "PkgName": "libssl3",
          "InstalledVersion": "3.1.3-r0",
          "FixedVersion": "3.1.4-r0",
          "Status": "fixed",
          "Layer": {
            "DiffID": "sha256:cc2447e1835a40530975ab80bb1f872fbab0f2a0faecf2ab16fbbb89b3589438"
          },
          "SeveritySource": "nvd",
          "PrimaryURL": "https://avd.aquasec.com/nvd/cve-2023-5363",
          "DataSource": {
            "ID": "alpine",
            "Name": "Alpine Secdb",
            "URL": "https://secdb.alpinelinux.org/"
          },
          "Title": "openssl: Incorrect cipher key and IV length processing",
          "Description": "Issue summary: A bug has been identified in the processing of key and\ninitialisation vector (IV) lengths.  This can lead to potential truncation\nor overruns during the initialisation of some symmetric ciphers.\n\nImpact summary: A truncation in the IV can result in non-uniqueness,\nwhich could result in loss of confidentiality for some cipher modes.\n\nWhen calling EVP_EncryptInit_ex2(), EVP_DecryptInit_ex2() or\nEVP_CipherInit_ex2() the provided OSSL_PARAM array is processed after\nthe key and IV have been established.  Any alterations to the key length,\nvia the \"keylen\" parameter or the IV length, via the \"ivlen\" parameter,\nwithin the OSSL_PARAM array will not take effect as intended, potentially\ncausing truncation or overreading of these values.  The following ciphers\nand cipher modes are impacted: RC2, RC4, RC5, CCM, GCM and OCB.\n\nFor the CCM, GCM and OCB cipher modes, truncation of the IV can result in\nloss of confidentiality.  For example, when following NIST's SP 800-38D\nsection 8.2.1 guidance for constructing a deterministic IV for AES in\nGCM mode, truncation of the counter portion could lead to IV reuse.\n\nBoth truncations and overruns of the key and overruns of the IV will\nproduce incorrect results and could, in some cases, trigger a memory\nexception.  However, these issues are not currently assessed as security\ncritical.\n\nChanging the key and/or IV lengths is not considered to be a common operation\nand the vulnerable API was recently introduced. Furthermore it is likely that\napplication developers will have spotted this problem during testing since\ndecryption would fail unless both peers in the communication were similarly\nvulnerable. For these reasons we expect the probability of an application being\nvulnerable to this to be quite low. However if an application is vulnerable then\nthis issue is considered very serious. For these reasons we have assessed this\nissue as Moderate severity overall.\n\nThe OpenSSL SSL/TLS implementation is not affected by this issue.\n\nThe OpenSSL 3.0 and 3.1 FIPS providers are not affected by this because\nthe issue lies outside of the FIPS provider boundary.\n\nOpenSSL 3.1 and 3.0 are vulnerable to this issue.",
          "Severity": "HIGH",
          "CVSS": {
            "nvd": {
              "V3Vector": "CVSS:3.1/AV:N/AC:L/PR:N/UI:N/S:U/C:H/I:N/A:N",
              "V3Score": 7.5
            },
            "redhat": {
              "V3Vector": "CVSS:3.1/AV:N/AC:L/PR:N/UI:N/S:U/C:H/I:N/A:N",
              "V3Score": 7.5
            }
          },
          "References": [
            "http://www.openwall.com/lists/oss-security/2023/10/24/1",
            "https://access.redhat.com/security/cve/CVE-2023-5363",
            "https://cve.mitre.org/cgi-bin/cvename.cgi?name=CVE-2023-5363",
            "https://git.openssl.org/gitweb/?p=openssl.git;a=commitdiff;h=0df40630850fb2740e6be6890bb905d3fc623b2d",
            "https://git.openssl.org/gitweb/?p=openssl.git;a=commitdiff;h=5f69f5c65e483928c4b28ed16af6e5742929f1ee",
            "https://nvd.nist.gov/vuln/detail/CVE-2023-5363",
            "https://security.netapp.com/advisory/ntap-20231027-0010/",
            "https://ubuntu.com/security/notices/USN-6450-1",
            "https://www.cve.org/CVERecord?id=CVE-2023-5363",
            "https://www.debian.org/security/2023/dsa-5532",
            "https://www.openssl.org/news/secadv/20231024.txt"
          ],
          "PublishedDate": "2023-10-25T18:17:00Z",
          "LastModifiedDate": "2023-11-09T13:55:00Z"
        },
        {
          "VulnerabilityID": "CVE-2023-5678",
          "PkgID": "libssl3@3.1.3-r0",
          "PkgName": "libssl3",
          "InstalledVersion": "3.1.3-r0",
          "FixedVersion": "3.1.4-r1",
          "Status": "fixed",
          "Layer": {
            "DiffID": "sha256:cc2447e1835a40530975ab80bb1f872fbab0f2a0faecf2ab16fbbb89b3589438"
          },
          "SeveritySource": "nvd",
          "PrimaryURL": "https://avd.aquasec.com/nvd/cve-2023-5678",
          "DataSource": {
            "ID": "alpine",
            "Name": "Alpine Secdb",
            "URL": "https://secdb.alpinelinux.org/"
          },
          "Title": "openssl: Generating excessively long X9.42 DH keys or checking excessively long X9.42 DH keys or parameters may be very slow",
          "Description": "Issue summary: Generating excessively long X9.42 DH keys or checking\nexcessively long X9.42 DH keys or parameters may be very slow.\n\nImpact summary: Applications that use the functions DH_generate_key() to\ngenerate an X9.42 DH key may experience long delays.  Likewise, applications\nthat use DH_check_pub_key(), DH_check_pub_key_ex() or EVP_PKEY_public_check()\nto check an X9.42 DH key or X9.42 DH parameters may experience long delays.\nWhere the key or parameters that are being checked have been obtained from\nan untrusted source this may lead to a Denial of Service.\n\nWhile DH_check() performs all the necessary checks (as of CVE-2023-3817),\nDH_check_pub_key() doesn't make any of these checks, and is therefore\nvulnerable for excessively large P and Q parameters.\n\nLikewise, while DH_generate_key() performs a check for an excessively large\nP, it doesn't check for an excessively large Q.\n\nAn application that calls DH_generate_key() or DH_check_pub_key() and\nsupplies a key or parameters obtained from an untrusted source could be\nvulnerable to a Denial of Service attack.\n\nDH_generate_key() and DH_check_pub_key() are also called by a number of\nother OpenSSL functions.  An application calling any of those other\nfunctions may similarly be affected.  The other functions affected by this\nare DH_check_pub_key_ex(), EVP_PKEY_public_check(), and EVP_PKEY_generate().\n\nAlso vulnerable are the OpenSSL pkey command line application when using the\n\"-pubcheck\" option, as well as the OpenSSL genpkey command line application.\n\nThe OpenSSL SSL/TLS implementation is not affected by this issue.\n\nThe OpenSSL 3.0 and 3.1 FIPS providers are not affected by this issue.\n\n",
          "Severity": "MEDIUM",
          "CweIDs": [
            "CWE-754"
          ],
          "CVSS": {
            "nvd": {
              "V3Vector": "CVSS:3.1/AV:N/AC:L/PR:N/UI:N/S:U/C:N/I:N/A:L",
              "V3Score": 5.3
            },
            "redhat": {
              "V3Vector": "CVSS:3.1/AV:N/AC:L/PR:N/UI:N/S:U/C:N/I:N/A:L",
              "V3Score": 5.3
            }
          },
          "References": [
            "https://access.redhat.com/security/cve/CVE-2023-5678",
            "https://cve.mitre.org/cgi-bin/cvename.cgi?name=CVE-2023-5678",
            "https://git.openssl.org/gitweb/?p=openssl.git;a=commitdiff;h=34efaef6c103d636ab507a0cc34dca4d3aecc055",
            "https://git.openssl.org/gitweb/?p=openssl.git;a=commitdiff;h=710fee740904b6290fef0dd5536fbcedbc38ff0c",
            "https://git.openssl.org/gitweb/?p=openssl.git;a=commitdiff;h=db925ae2e65d0d925adef429afc37f75bd1c2017",
            "https://git.openssl.org/gitweb/?p=openssl.git;a=commitdiff;h=ddeb4b6c6d527e54ce9a99cba785c0f7776e54b6",
            "https://nvd.nist.gov/vuln/detail/CVE-2023-5678",
            "https://www.cve.org/CVERecord?id=CVE-2023-5678",
            "https://www.openssl.org/news/secadv/20231106.txt"
          ],
          "PublishedDate": "2023-11-06T16:15:00Z",
          "LastModifiedDate": "2023-11-21T16:54:00Z"
        }
      ]
    },
    {
      "Target": "usr/share/grafana/bin/grafana",
      "Class": "lang-pkgs",
      "Type": "gobinary",
      "Vulnerabilities": [
        {
          "VulnerabilityID": "GHSA-2c7c-3mj9-8fqh",
          "PkgName": "github.com/go-jose/go-jose/v3",
          "InstalledVersion": "v3.0.0",
          "FixedVersion": "3.0.1",
          "Status": "fixed",
          "Layer": {
            "DiffID": "sha256:46f2a47a660283fe88c57c6fd343bfa37932a37eccee01a8b135124cf28917d6"
          },
          "SeveritySource": "ghsa",
          "PrimaryURL": "https://github.com/advisories/GHSA-2c7c-3mj9-8fqh",
          "DataSource": {
            "ID": "ghsa",
            "Name": "GitHub Security Advisory Go",
            "URL": "https://github.com/advisories?query=type%3Areviewed+ecosystem%3Ago"
          },
          "Title": "Decryption of malicious PBES2 JWE objects can consume unbounded system resources",
          "Description": "The go-jose package is subject to a \"billion hashes attack\" causing denial-of-service when decrypting JWE inputs. This occurs when an attacker can provide a PBES2 encrypted JWE blob with a very large p2c value that, when decrypted, produces a denial-of-service.",
          "Severity": "MEDIUM",
          "References": [
            "https://github.com/go-jose/go-jose",
            "https://github.com/go-jose/go-jose/commit/65351c27657d58960c2e6c9fbb2b00f818e50568",
            "https://github.com/go-jose/go-jose/issues/64"
          ]
        },
        {
          "VulnerabilityID": "CVE-2023-47108",
          "PkgName": "go.opentelemetry.io/contrib/instrumentation/google.golang.org/grpc/otelgrpc",
          "InstalledVersion": "v0.45.0",
          "FixedVersion": "0.46.0",
          "Status": "fixed",
          "Layer": {
            "DiffID": "sha256:46f2a47a660283fe88c57c6fd343bfa37932a37eccee01a8b135124cf28917d6"
          },
          "SeveritySource": "ghsa",
          "PrimaryURL": "https://avd.aquasec.com/nvd/cve-2023-47108",
          "DataSource": {
            "ID": "ghsa",
            "Name": "GitHub Security Advisory Go",
            "URL": "https://github.com/advisories?query=type%3Areviewed+ecosystem%3Ago"
          },
          "Title": "otelgrpc DoS vulnerability due to unbound cardinality metrics ",
          "Description": "OpenTelemetry-Go Contrib is a collection of third-party packages for OpenTelemetry-Go. Prior to version 0.46.0, the grpc Unary Server Interceptor out of the box adds labels `net.peer.sock.addr` and `net.peer.sock.port` that have unbound cardinality. It leads to the server's potential memory exhaustion when many malicious requests are sent. An attacker can easily flood the peer address and port for requests. Version 0.46.0 contains a fix for this issue. As a workaround to stop being affected, a view removing the attributes can be used. The other possibility is to disable grpc metrics instrumentation by passing `otelgrpc.WithMeterProvider` option with `noop.NewMeterProvider`.",
          "Severity": "HIGH",
          "CVSS": {
            "ghsa": {
              "V3Vector": "CVSS:3.1/AV:N/AC:L/PR:N/UI:N/S:U/C:N/I:N/A:H",
              "V3Score": 7.5
            },
            "nvd": {
              "V3Vector": "CVSS:3.1/AV:N/AC:L/PR:N/UI:N/S:U/C:N/I:N/A:H",
              "V3Score": 7.5
            }
          },
          "References": [
            "https://github.com/open-telemetry/opentelemetry-go-contrib",
            "https://github.com/open-telemetry/opentelemetry-go-contrib/blob/9d4eb7e7706038b07d33f83f76afbe13f53d171d/instrumentation/google.golang.org/grpc/otelgrpc/interceptor.go#L327",
            "https://github.com/open-telemetry/opentelemetry-go-contrib/blob/instrumentation/google.golang.org/grpc/otelgrpc/v0.45.0/instrumentation/google.golang.org/grpc/otelgrpc/config.go#L138",
            "https://github.com/open-telemetry/opentelemetry-go-contrib/commit/b44dfc9092b157625a5815cb437583cee663333b",
            "https://github.com/open-telemetry/opentelemetry-go-contrib/pull/4322",
            "https://github.com/open-telemetry/opentelemetry-go-contrib/security/advisories/GHSA-8pgv-569h-w5rw",
            "https://nvd.nist.gov/vuln/detail/CVE-2023-47108",
            "https://pkg.go.dev/go.opentelemetry.io/otel/metric/noop#NewMeterProvider"
          ],
          "PublishedDate": "2023-11-10T19:15:00Z",
          "LastModifiedDate": "2023-11-20T19:34:00Z"
        }
      ]
    }
  ]
}
