{
  "SchemaVersion": 2,
  "ArtifactName": "grafana/loki:latest",
  "ArtifactType": "container_image",
  "Metadata": {
    "OS": {
      "Family": "alpine",
      "Name": "3.18.3"
    },
    "ImageID": "sha256:21fd806fed798241cd3d0257be95e895127906e925184c36fb1a3e6d5d525845",
    "DiffIDs": [
      "sha256:4693057ce2364720d39e57e85a5b8e0bd9ac3573716237736d6470ec5b7b7230",
      "sha256:1ccace4183d9e8ae0aa925e223632ed495b9330d9e9f6446834b40067c6d56c9",
      "sha256:57da7566068ddc18ea4e59465866af6bad01455f1806ee0d4f00d8dd13778df9",
      "sha256:d645ca94a02a282fd3e8ed91b9f3a940a8d64323ddab311392eecdd8d4a6640b",
      "sha256:6c07e6991c34d93dbe9ed7efb8aef46792fd93841d0c6654da572c914570e2fb",
      "sha256:01610f0ac55d2d6beae8dc2fd1a8c694b9fda3da8e59bf53bc073310837e8f9b"
    ],
    "RepoTags": [
      "grafana/loki:latest"
    ],
    "RepoDigests": [
      "grafana/loki@sha256:6074e01dbe03cbf8f848c478f7e98df326f984d263162eff5bd47db3970f7ffb"
    ],
    "ImageConfig": {
      "architecture": "amd64",
      "container": "d3c7c81725f3cf017e10547a1d56018943a6348332aa82ee95d52eb1005d1b34",
      "created": "2023-10-25T13:13:09.077477185Z",
      "docker_version": "20.10.14",
      "history": [
        {
          "created": "2023-08-07T19:20:20Z",
          "created_by": "/bin/sh -c #(nop) ADD file:32ff5e7a78b890996ee4681cc0a26185d3e9acdb4eb1e2aaccb2411f922fed6b in / "
        },
        {
          "created": "2023-08-07T19:20:20Z",
          "created_by": "/bin/sh -c #(nop)  CMD [\"/bin/sh\"]",
          "empty_layer": true
        },
        {
          "created": "2023-10-25T13:13:06Z",
          "created_by": "/bin/sh -c apk add --no-cache ca-certificates libcap"
        },
        {
          "created": "2023-10-25T13:13:07Z",
          "created_by": "/bin/sh -c #(nop) COPY file:959f61d54dba624e4d2d00bdde73d37f4476dc6581e2da5edc6d570d54dccb5d in /usr/bin/loki "
        },
        {
          "created": "2023-10-25T13:13:07Z",
          "created_by": "/bin/sh -c #(nop) COPY file:ed079c0716411ccb1f53714fcfb4b1b99f1c60806937b5264348720a1ae6f957 in /etc/loki/local-config.yaml "
        },
        {
          "created": "2023-10-25T13:13:08Z",
          "created_by": "/bin/sh -c addgroup -g 10001 -S loki \u0026\u0026     adduser -u 10001 -S loki -G loki"
        },
        {
          "created": "2023-10-25T13:13:08Z",
          "created_by": "/bin/sh -c mkdir -p /loki/rules \u0026\u0026     mkdir -p /loki/rules-temp \u0026\u0026     chown -R loki:loki /etc/loki /loki"
        },
        {
          "created": "2023-10-25T13:13:08Z",
          "created_by": "/bin/sh -c #(nop)  USER 10001",
          "empty_layer": true
        },
        {
          "created": "2023-10-25T13:13:08Z",
          "created_by": "/bin/sh -c #(nop)  EXPOSE 3100",
          "empty_layer": true
        },
        {
          "created": "2023-10-25T13:13:08Z",
          "created_by": "/bin/sh -c #(nop)  ENTRYPOINT [\"/usr/bin/loki\"]",
          "empty_layer": true
        },
        {
          "created": "2023-10-25T13:13:08Z",
          "created_by": "/bin/sh -c #(nop)  CMD [\"-config.file=/etc/loki/local-config.yaml\"]",
          "empty_layer": true
        },
        {
          "created": "2023-10-25T13:13:08Z",
          "created_by": "/bin/sh -c #(nop)  LABEL org.opencontainers.image.created=2023-10-25T13:12:04Z",
          "empty_layer": true
        },
        {
          "created": "2023-10-25T13:13:09Z",
          "created_by": "/bin/sh -c #(nop)  LABEL org.opencontainers.image.revision=a17308db6f24874a789bacb4b441b26831d638b5",
          "empty_layer": true
        },
        {
          "created": "2023-10-25T13:13:09Z",
          "created_by": "/bin/sh -c #(nop)  LABEL org.opencontainers.image.source=https://github.com/grafana/loki.git",
          "empty_layer": true
        },
        {
          "created": "2023-10-25T13:13:09Z",
          "created_by": "/bin/sh -c #(nop)  LABEL org.opencontainers.image.url=https://github.com/grafana/loki",
          "empty_layer": true
        }
      ],
      "os": "linux",
      "rootfs": {
        "type": "layers",
        "diff_ids": [
          "sha256:4693057ce2364720d39e57e85a5b8e0bd9ac3573716237736d6470ec5b7b7230",
          "sha256:1ccace4183d9e8ae0aa925e223632ed495b9330d9e9f6446834b40067c6d56c9",
          "sha256:57da7566068ddc18ea4e59465866af6bad01455f1806ee0d4f00d8dd13778df9",
          "sha256:d645ca94a02a282fd3e8ed91b9f3a940a8d64323ddab311392eecdd8d4a6640b",
          "sha256:6c07e6991c34d93dbe9ed7efb8aef46792fd93841d0c6654da572c914570e2fb",
          "sha256:01610f0ac55d2d6beae8dc2fd1a8c694b9fda3da8e59bf53bc073310837e8f9b"
        ]
      },
      "config": {
        "Cmd": [
          "-config.file=/etc/loki/local-config.yaml"
        ],
        "Entrypoint": [
          "/usr/bin/loki"
        ],
        "Env": [
          "PATH=/usr/local/sbin:/usr/local/bin:/usr/sbin:/usr/bin:/sbin:/bin"
        ],
        "Image": "sha256:fc1d64b8f349d87245be968b665cc23382befe356271f90e1f21e4b4c2a03af2",
        "Labels": {
          "org.opencontainers.image.created": "2023-10-25T13:12:04Z",
          "org.opencontainers.image.revision": "a17308db6f24874a789bacb4b441b26831d638b5",
          "org.opencontainers.image.source": "https://github.com/grafana/loki.git",
          "org.opencontainers.image.url": "https://github.com/grafana/loki"
        },
        "User": "10001"
      }
    }
  },
  "Results": [
    {
      "Target": "grafana/loki:latest (alpine 3.18.3)",
      "Class": "os-pkgs",
      "Type": "alpine",
      "Vulnerabilities": [
        {
          "VulnerabilityID": "CVE-2023-5363",
          "PkgID": "libcrypto3@3.1.2-r0",
          "PkgName": "libcrypto3",
          "InstalledVersion": "3.1.2-r0",
          "FixedVersion": "3.1.4-r0",
          "Status": "fixed",
          "Layer": {
            "DiffID": "sha256:4693057ce2364720d39e57e85a5b8e0bd9ac3573716237736d6470ec5b7b7230"
          },
          "SeveritySource": "nvd",
          "PrimaryURL": "https://avd.aquasec.com/nvd/cve-2023-5363",
          "DataSource": {
            "ID": "alpine",
            "Name": "Alpine Secdb",
            "URL": "https://secdb.alpinelinux.org/"
          },
          "Title": "openssl: Incorrect cipher key and IV length processing",
          "Description": "Issue summary: A bug has been identified in the processing of key and\ninitialisation vector (IV) lengths.  This can lead to potential truncation\nor overruns during the initialisation of some symmetric ciphers.\n\nImpact summary: A truncation in the IV can result in non-uniqueness,\nwhich could result in loss of confidentiality for some cipher modes.\n\nWhen calling EVP_EncryptInit_ex2(), EVP_DecryptInit_ex2() or\nEVP_CipherInit_ex2() the provided OSSL_PARAM array is processed after\nthe key and IV have been established.  Any alterations to the key length,\nvia the \"keylen\" parameter or the IV length, via the \"ivlen\" parameter,\nwithin the OSSL_PARAM array will not take effect as intended, potentially\ncausing truncation or overreading of these values.  The following ciphers\nand cipher modes are impacted: RC2, RC4, RC5, CCM, GCM and OCB.\n\nFor the CCM, GCM and OCB cipher modes, truncation of the IV can result in\nloss of confidentiality.  For example, when following NIST's SP 800-38D\nsection 8.2.1 guidance for constructing a deterministic IV for AES in\nGCM mode, truncation of the counter portion could lead to IV reuse.\n\nBoth truncations and overruns of the key and overruns of the IV will\nproduce incorrect results and could, in some cases, trigger a memory\nexception.  However, these issues are not currently assessed as security\ncritical.\n\nChanging the key and/or IV lengths is not considered to be a common operation\nand the vulnerable API was recently introduced. Furthermore it is likely that\napplication developers will have spotted this problem during testing since\ndecryption would fail unless both peers in the communication were similarly\nvulnerable. For these reasons we expect the probability of an application being\nvulnerable to this to be quite low. However if an application is vulnerable then\nthis issue is considered very serious. For these reasons we have assessed this\nissue as Moderate severity overall.\n\nThe OpenSSL SSL/TLS implementation is not affected by this issue.\n\nThe OpenSSL 3.0 and 3.1 FIPS providers are not affected by this because\nthe issue lies outside of the FIPS provider boundary.\n\nOpenSSL 3.1 and 3.0 are vulnerable to this issue.",
          "Severity": "HIGH",
          "CVSS": {
            "nvd": {
              "V3Vector": "CVSS:3.1/AV:N/AC:L/PR:N/UI:N/S:U/C:H/I:N/A:N",
              "V3Score": 7.5
            },
            "redhat": {
              "V3Vector": "CVSS:3.1/AV:N/AC:L/PR:N/UI:N/S:U/C:H/I:N/A:N",
              "V3Score": 7.5
            }
          },
          "References": [
            "http://www.openwall.com/lists/oss-security/2023/10/24/1",
            "https://access.redhat.com/security/cve/CVE-2023-5363",
            "https://cve.mitre.org/cgi-bin/cvename.cgi?name=CVE-2023-5363",
            "https://git.openssl.org/gitweb/?p=openssl.git;a=commitdiff;h=0df40630850fb2740e6be6890bb905d3fc623b2d",
            "https://git.openssl.org/gitweb/?p=openssl.git;a=commitdiff;h=5f69f5c65e483928c4b28ed16af6e5742929f1ee",
            "https://nvd.nist.gov/vuln/detail/CVE-2023-5363",
            "https://security.netapp.com/advisory/ntap-20231027-0010/",
            "https://ubuntu.com/security/notices/USN-6450-1",
            "https://www.cve.org/CVERecord?id=CVE-2023-5363",
            "https://www.debian.org/security/2023/dsa-5532",
            "https://www.openssl.org/news/secadv/20231024.txt"
          ],
          "PublishedDate": "2023-10-25T18:17:00Z",
          "LastModifiedDate": "2023-11-09T13:55:00Z"
        },
        {
          "VulnerabilityID": "CVE-2023-5678",
          "PkgID": "libcrypto3@3.1.2-r0",
          "PkgName": "libcrypto3",
          "InstalledVersion": "3.1.2-r0",
          "FixedVersion": "3.1.4-r1",
          "Status": "fixed",
          "Layer": {
            "DiffID": "sha256:4693057ce2364720d39e57e85a5b8e0bd9ac3573716237736d6470ec5b7b7230"
          },
          "SeveritySource": "nvd",
          "PrimaryURL": "https://avd.aquasec.com/nvd/cve-2023-5678",
          "DataSource": {
            "ID": "alpine",
            "Name": "Alpine Secdb",
            "URL": "https://secdb.alpinelinux.org/"
          },
          "Title": "openssl: Generating excessively long X9.42 DH keys or checking excessively long X9.42 DH keys or parameters may be very slow",
          "Description": "Issue summary: Generating excessively long X9.42 DH keys or checking\nexcessively long X9.42 DH keys or parameters may be very slow.\n\nImpact summary: Applications that use the functions DH_generate_key() to\ngenerate an X9.42 DH key may experience long delays.  Likewise, applications\nthat use DH_check_pub_key(), DH_check_pub_key_ex() or EVP_PKEY_public_check()\nto check an X9.42 DH key or X9.42 DH parameters may experience long delays.\nWhere the key or parameters that are being checked have been obtained from\nan untrusted source this may lead to a Denial of Service.\n\nWhile DH_check() performs all the necessary checks (as of CVE-2023-3817),\nDH_check_pub_key() doesn't make any of these checks, and is therefore\nvulnerable for excessively large P and Q parameters.\n\nLikewise, while DH_generate_key() performs a check for an excessively large\nP, it doesn't check for an excessively large Q.\n\nAn application that calls DH_generate_key() or DH_check_pub_key() and\nsupplies a key or parameters obtained from an untrusted source could be\nvulnerable to a Denial of Service attack.\n\nDH_generate_key() and DH_check_pub_key() are also called by a number of\nother OpenSSL functions.  An application calling any of those other\nfunctions may similarly be affected.  The other functions affected by this\nare DH_check_pub_key_ex(), EVP_PKEY_public_check(), and EVP_PKEY_generate().\n\nAlso vulnerable are the OpenSSL pkey command line application when using the\n\"-pubcheck\" option, as well as the OpenSSL genpkey command line application.\n\nThe OpenSSL SSL/TLS implementation is not affected by this issue.\n\nThe OpenSSL 3.0 and 3.1 FIPS providers are not affected by this issue.\n\n",
          "Severity": "MEDIUM",
          "CweIDs": [
            "CWE-754"
          ],
          "CVSS": {
            "nvd": {
              "V3Vector": "CVSS:3.1/AV:N/AC:L/PR:N/UI:N/S:U/C:N/I:N/A:L",
              "V3Score": 5.3
            },
            "redhat": {
              "V3Vector": "CVSS:3.1/AV:N/AC:L/PR:N/UI:N/S:U/C:N/I:N/A:L",
              "V3Score": 5.3
            }
          },
          "References": [
            "https://access.redhat.com/security/cve/CVE-2023-5678",
            "https://cve.mitre.org/cgi-bin/cvename.cgi?name=CVE-2023-5678",
            "https://git.openssl.org/gitweb/?p=openssl.git;a=commitdiff;h=34efaef6c103d636ab507a0cc34dca4d3aecc055",
            "https://git.openssl.org/gitweb/?p=openssl.git;a=commitdiff;h=710fee740904b6290fef0dd5536fbcedbc38ff0c",
            "https://git.openssl.org/gitweb/?p=openssl.git;a=commitdiff;h=db925ae2e65d0d925adef429afc37f75bd1c2017",
            "https://git.openssl.org/gitweb/?p=openssl.git;a=commitdiff;h=ddeb4b6c6d527e54ce9a99cba785c0f7776e54b6",
            "https://nvd.nist.gov/vuln/detail/CVE-2023-5678",
            "https://www.cve.org/CVERecord?id=CVE-2023-5678",
            "https://www.openssl.org/news/secadv/20231106.txt"
          ],
          "PublishedDate": "2023-11-06T16:15:00Z",
          "LastModifiedDate": "2023-11-21T16:54:00Z"
        },
        {
          "VulnerabilityID": "CVE-2023-5363",
          "PkgID": "libssl3@3.1.2-r0",
          "PkgName": "libssl3",
          "InstalledVersion": "3.1.2-r0",
          "FixedVersion": "3.1.4-r0",
          "Status": "fixed",
          "Layer": {
            "DiffID": "sha256:4693057ce2364720d39e57e85a5b8e0bd9ac3573716237736d6470ec5b7b7230"
          },
          "SeveritySource": "nvd",
          "PrimaryURL": "https://avd.aquasec.com/nvd/cve-2023-5363",
          "DataSource": {
            "ID": "alpine",
            "Name": "Alpine Secdb",
            "URL": "https://secdb.alpinelinux.org/"
          },
          "Title": "openssl: Incorrect cipher key and IV length processing",
          "Description": "Issue summary: A bug has been identified in the processing of key and\ninitialisation vector (IV) lengths.  This can lead to potential truncation\nor overruns during the initialisation of some symmetric ciphers.\n\nImpact summary: A truncation in the IV can result in non-uniqueness,\nwhich could result in loss of confidentiality for some cipher modes.\n\nWhen calling EVP_EncryptInit_ex2(), EVP_DecryptInit_ex2() or\nEVP_CipherInit_ex2() the provided OSSL_PARAM array is processed after\nthe key and IV have been established.  Any alterations to the key length,\nvia the \"keylen\" parameter or the IV length, via the \"ivlen\" parameter,\nwithin the OSSL_PARAM array will not take effect as intended, potentially\ncausing truncation or overreading of these values.  The following ciphers\nand cipher modes are impacted: RC2, RC4, RC5, CCM, GCM and OCB.\n\nFor the CCM, GCM and OCB cipher modes, truncation of the IV can result in\nloss of confidentiality.  For example, when following NIST's SP 800-38D\nsection 8.2.1 guidance for constructing a deterministic IV for AES in\nGCM mode, truncation of the counter portion could lead to IV reuse.\n\nBoth truncations and overruns of the key and overruns of the IV will\nproduce incorrect results and could, in some cases, trigger a memory\nexception.  However, these issues are not currently assessed as security\ncritical.\n\nChanging the key and/or IV lengths is not considered to be a common operation\nand the vulnerable API was recently introduced. Furthermore it is likely that\napplication developers will have spotted this problem during testing since\ndecryption would fail unless both peers in the communication were similarly\nvulnerable. For these reasons we expect the probability of an application being\nvulnerable to this to be quite low. However if an application is vulnerable then\nthis issue is considered very serious. For these reasons we have assessed this\nissue as Moderate severity overall.\n\nThe OpenSSL SSL/TLS implementation is not affected by this issue.\n\nThe OpenSSL 3.0 and 3.1 FIPS providers are not affected by this because\nthe issue lies outside of the FIPS provider boundary.\n\nOpenSSL 3.1 and 3.0 are vulnerable to this issue.",
          "Severity": "HIGH",
          "CVSS": {
            "nvd": {
              "V3Vector": "CVSS:3.1/AV:N/AC:L/PR:N/UI:N/S:U/C:H/I:N/A:N",
              "V3Score": 7.5
            },
            "redhat": {
              "V3Vector": "CVSS:3.1/AV:N/AC:L/PR:N/UI:N/S:U/C:H/I:N/A:N",
              "V3Score": 7.5
            }
          },
          "References": [
            "http://www.openwall.com/lists/oss-security/2023/10/24/1",
            "https://access.redhat.com/security/cve/CVE-2023-5363",
            "https://cve.mitre.org/cgi-bin/cvename.cgi?name=CVE-2023-5363",
            "https://git.openssl.org/gitweb/?p=openssl.git;a=commitdiff;h=0df40630850fb2740e6be6890bb905d3fc623b2d",
            "https://git.openssl.org/gitweb/?p=openssl.git;a=commitdiff;h=5f69f5c65e483928c4b28ed16af6e5742929f1ee",
            "https://nvd.nist.gov/vuln/detail/CVE-2023-5363",
            "https://security.netapp.com/advisory/ntap-20231027-0010/",
            "https://ubuntu.com/security/notices/USN-6450-1",
            "https://www.cve.org/CVERecord?id=CVE-2023-5363",
            "https://www.debian.org/security/2023/dsa-5532",
            "https://www.openssl.org/news/secadv/20231024.txt"
          ],
          "PublishedDate": "2023-10-25T18:17:00Z",
          "LastModifiedDate": "2023-11-09T13:55:00Z"
        },
        {
          "VulnerabilityID": "CVE-2023-5678",
          "PkgID": "libssl3@3.1.2-r0",
          "PkgName": "libssl3",
          "InstalledVersion": "3.1.2-r0",
          "FixedVersion": "3.1.4-r1",
          "Status": "fixed",
          "Layer": {
            "DiffID": "sha256:4693057ce2364720d39e57e85a5b8e0bd9ac3573716237736d6470ec5b7b7230"
          },
          "SeveritySource": "nvd",
          "PrimaryURL": "https://avd.aquasec.com/nvd/cve-2023-5678",
          "DataSource": {
            "ID": "alpine",
            "Name": "Alpine Secdb",
            "URL": "https://secdb.alpinelinux.org/"
          },
          "Title": "openssl: Generating excessively long X9.42 DH keys or checking excessively long X9.42 DH keys or parameters may be very slow",
          "Description": "Issue summary: Generating excessively long X9.42 DH keys or checking\nexcessively long X9.42 DH keys or parameters may be very slow.\n\nImpact summary: Applications that use the functions DH_generate_key() to\ngenerate an X9.42 DH key may experience long delays.  Likewise, applications\nthat use DH_check_pub_key(), DH_check_pub_key_ex() or EVP_PKEY_public_check()\nto check an X9.42 DH key or X9.42 DH parameters may experience long delays.\nWhere the key or parameters that are being checked have been obtained from\nan untrusted source this may lead to a Denial of Service.\n\nWhile DH_check() performs all the necessary checks (as of CVE-2023-3817),\nDH_check_pub_key() doesn't make any of these checks, and is therefore\nvulnerable for excessively large P and Q parameters.\n\nLikewise, while DH_generate_key() performs a check for an excessively large\nP, it doesn't check for an excessively large Q.\n\nAn application that calls DH_generate_key() or DH_check_pub_key() and\nsupplies a key or parameters obtained from an untrusted source could be\nvulnerable to a Denial of Service attack.\n\nDH_generate_key() and DH_check_pub_key() are also called by a number of\nother OpenSSL functions.  An application calling any of those other\nfunctions may similarly be affected.  The other functions affected by this\nare DH_check_pub_key_ex(), EVP_PKEY_public_check(), and EVP_PKEY_generate().\n\nAlso vulnerable are the OpenSSL pkey command line application when using the\n\"-pubcheck\" option, as well as the OpenSSL genpkey command line application.\n\nThe OpenSSL SSL/TLS implementation is not affected by this issue.\n\nThe OpenSSL 3.0 and 3.1 FIPS providers are not affected by this issue.\n\n",
          "Severity": "MEDIUM",
          "CweIDs": [
            "CWE-754"
          ],
          "CVSS": {
            "nvd": {
              "V3Vector": "CVSS:3.1/AV:N/AC:L/PR:N/UI:N/S:U/C:N/I:N/A:L",
              "V3Score": 5.3
            },
            "redhat": {
              "V3Vector": "CVSS:3.1/AV:N/AC:L/PR:N/UI:N/S:U/C:N/I:N/A:L",
              "V3Score": 5.3
            }
          },
          "References": [
            "https://access.redhat.com/security/cve/CVE-2023-5678",
            "https://cve.mitre.org/cgi-bin/cvename.cgi?name=CVE-2023-5678",
            "https://git.openssl.org/gitweb/?p=openssl.git;a=commitdiff;h=34efaef6c103d636ab507a0cc34dca4d3aecc055",
            "https://git.openssl.org/gitweb/?p=openssl.git;a=commitdiff;h=710fee740904b6290fef0dd5536fbcedbc38ff0c",
            "https://git.openssl.org/gitweb/?p=openssl.git;a=commitdiff;h=db925ae2e65d0d925adef429afc37f75bd1c2017",
            "https://git.openssl.org/gitweb/?p=openssl.git;a=commitdiff;h=ddeb4b6c6d527e54ce9a99cba785c0f7776e54b6",
            "https://nvd.nist.gov/vuln/detail/CVE-2023-5678",
            "https://www.cve.org/CVERecord?id=CVE-2023-5678",
            "https://www.openssl.org/news/secadv/20231106.txt"
          ],
          "PublishedDate": "2023-11-06T16:15:00Z",
          "LastModifiedDate": "2023-11-21T16:54:00Z"
        }
      ]
    },
    {
      "Target": "usr/bin/loki",
      "Class": "lang-pkgs",
      "Type": "gobinary",
      "Vulnerabilities": [
        {
          "VulnerabilityID": "CVE-2023-40577",
          "PkgName": "github.com/prometheus/alertmanager",
          "InstalledVersion": "v0.25.0",
          "FixedVersion": "0.25.1",
          "Status": "fixed",
          "Layer": {
            "DiffID": "sha256:57da7566068ddc18ea4e59465866af6bad01455f1806ee0d4f00d8dd13778df9"
          },
          "SeveritySource": "ghsa",
          "PrimaryURL": "https://avd.aquasec.com/nvd/cve-2023-40577",
          "DataSource": {
            "ID": "ghsa",
            "Name": "GitHub Security Advisory Go",
            "URL": "https://github.com/advisories?query=type%3Areviewed+ecosystem%3Ago"
          },
          "Title": "prometheus-alertmanager: UI is vulnerable to stored XSS via the /api/v1/alerts endpoint",
          "Description": "Alertmanager handles alerts sent by client applications such as the Prometheus server. An attacker with the permission to perform POST requests on the /api/v1/alerts endpoint could be able to execute arbitrary JavaScript code on the users of Prometheus Alertmanager. This issue has been fixed in Alertmanager version 0.2.51.",
          "Severity": "MEDIUM",
          "CweIDs": [
            "CWE-79"
          ],
          "CVSS": {
            "ghsa": {
              "V3Vector": "CVSS:3.1/AV:N/AC:L/PR:L/UI:R/S:C/C:L/I:L/A:N",
              "V3Score": 5.4
            },
            "nvd": {
              "V3Vector": "CVSS:3.1/AV:N/AC:L/PR:L/UI:R/S:C/C:L/I:L/A:N",
              "V3Score": 5.4
            },
            "redhat": {
              "V3Vector": "CVSS:3.1/AV:N/AC:L/PR:N/UI:N/S:U/C:H/I:N/A:N",
              "V3Score": 7.5
            }
          },
          "References": [
            "https://access.redhat.com/security/cve/CVE-2023-40577",
            "https://github.com/prometheus/alertmanager",
            "https://github.com/prometheus/alertmanager/security/advisories/GHSA-v86x-5fm3-5p7j",
            "https://lists.debian.org/debian-lts-announce/2023/10/msg00011.html",
            "https://nvd.nist.gov/vuln/detail/CVE-2023-40577",
            "https://www.cve.org/CVERecord?id=CVE-2023-40577"
          ],
          "PublishedDate": "2023-08-25T01:15:00Z",
          "LastModifiedDate": "2023-10-24T17:49:00Z"
        },
        {
          "VulnerabilityID": "CVE-2023-45142",
          "PkgName": "go.opentelemetry.io/contrib/instrumentation/net/http/otelhttp",
          "InstalledVersion": "v0.40.0",
          "FixedVersion": "0.44.0",
          "Status": "fixed",
          "Layer": {
            "DiffID": "sha256:57da7566068ddc18ea4e59465866af6bad01455f1806ee0d4f00d8dd13778df9"
          },
          "SeveritySource": "ghsa",
          "PrimaryURL": "https://avd.aquasec.com/nvd/cve-2023-45142",
          "DataSource": {
            "ID": "ghsa",
            "Name": "GitHub Security Advisory Go",
            "URL": "https://github.com/advisories?query=type%3Areviewed+ecosystem%3Ago"
          },
          "Title": "opentelemetry: DoS vulnerability in otelhttp",
          "Description": "OpenTelemetry-Go Contrib is a collection of third-party packages for OpenTelemetry-Go. A handler wrapper out of the box adds labels `http.user_agent` and `http.method` that have unbound cardinality. It leads to the server's potential memory exhaustion when many malicious requests are sent to it. HTTP header User-Agent or HTTP method for requests can be easily set by an attacker to be random and long. The library internally uses `httpconv.ServerRequest` that records every value for HTTP `method` and `User-Agent`. In order to be affected, a program has to use the `otelhttp.NewHandler` wrapper and not filter any unknown HTTP methods or User agents on the level of CDN, LB, previous middleware, etc. Version 0.44.0 fixed this issue when the values collected for attribute `http.request.method` were changed to be restricted to a set of well-known values and other high cardinality attributes were removed. As a workaround to stop being affected, `otelhttp.WithFilter()` can be used, but it requires manual careful configuration to not log certain requests entirely. For convenience and safe usage of this library, it should by default mark with the label `unknown` non-standard HTTP methods and User agents to show that such requests were made but do not increase cardinality. In case someone wants to stay with the current behavior, library API should allow to enable it.",
          "Severity": "HIGH",
          "CweIDs": [
            "CWE-770"
          ],
          "CVSS": {
            "ghsa": {
              "V3Vector": "CVSS:3.1/AV:N/AC:L/PR:N/UI:N/S:U/C:N/I:N/A:H",
              "V3Score": 7.5
            },
            "nvd": {
              "V3Vector": "CVSS:3.1/AV:N/AC:L/PR:N/UI:N/S:U/C:N/I:N/A:H",
              "V3Score": 7.5
            },
            "redhat": {
              "V3Vector": "CVSS:3.1/AV:N/AC:L/PR:N/UI:N/S:U/C:N/I:N/A:H",
              "V3Score": 7.5
            }
          },
          "References": [
            "https://access.redhat.com/security/cve/CVE-2023-45142",
            "https://github.com/advisories/GHSA-cg3q-j54f-5p7p",
            "https://github.com/open-telemetry/opentelemetry-go-contrib",
            "https://github.com/open-telemetry/opentelemetry-go-contrib/blob/5f7e6ad5a49b45df45f61a1deb29d7f1158032df/instrumentation/net/http/otelhttp/handler.go#L63-L65",
            "https://github.com/open-telemetry/opentelemetry-go-contrib/pull/4277",
            "https://github.com/open-telemetry/opentelemetry-go-contrib/releases/tag/v1.19.0",
            "https://github.com/open-telemetry/opentelemetry-go-contrib/security/advisories/GHSA-5r5m-65gx-7vrh",
            "https://github.com/open-telemetry/opentelemetry-go-contrib/security/advisories/GHSA-rcjv-mgp8-qvmr",
            "https://github.com/open-telemetry/opentelemetry-go/blob/38e1b499c3da3107694ad2660b3888eee9c8b896/semconv/internal/v2/http.go#L223",
            "https://github.com/open-telemetry/opentelemetry-go/blob/v1.12.0/semconv/internal/v2/http.go#L159",
            "https://nvd.nist.gov/vuln/detail/CVE-2023-45142",
            "https://www.cve.org/CVERecord?id=CVE-2023-45142"
          ],
          "PublishedDate": "2023-10-12T17:15:00Z",
          "LastModifiedDate": "2023-10-18T18:27:00Z"
        }
      ]
    }
  ]
}
