{
  "SchemaVersion": 2,
  "ArtifactName": "hashicorp/vault:latest",
  "ArtifactType": "container_image",
  "Metadata": {
    "OS": {
      "Family": "alpine",
      "Name": "3.18.4"
    },
    "ImageID": "sha256:45bebc58c44a7573a7566dff454de161e9cb3af475c99e7c36000bceb4a36ceb",
    "DiffIDs": [
      "sha256:cc2447e1835a40530975ab80bb1f872fbab0f2a0faecf2ab16fbbb89b3589438",
      "sha256:30dbdab6b43115dcf4225c681a87def222efe8b4b5ec2679b87ba459c0733b6b",
      "sha256:2c435c568c0dece1fdb822fa8a642f8e8d488876d2554f7f17d22524b2b9e615",
      "sha256:9b3a439ab6c552a62964baf4fc808901fc95b59fdff4368b848857b7af13b5b8",
      "sha256:dfcd31812a79810f01f1761bc4f3bd415ec493d5744425d1d6b489b86c2a3487",
      "sha256:b37c09caac42b91827cf8dc296263072f6268ce7001643245db9ddddcad9d597",
      "sha256:053d9f9ef4810714243fa0fd0185cac0bd22a8b6a128132fd0001281ad5c2746"
    ],
    "RepoTags": [
      "hashicorp/vault:latest"
    ],
    "RepoDigests": [
      "hashicorp/vault@sha256:6b4e5dadf082cb3587930ced09b52851c5ae9f8d1c7df31ed39f0085a3029f63"
    ],
    "ImageConfig": {
      "architecture": "amd64",
      "created": "2023-11-06T19:43:21.350525614Z",
      "history": [
        {
          "created": "2023-09-28T21:19:27Z",
          "created_by": "/bin/sh -c #(nop) ADD file:756183bba9c7f4593c2b216e98e4208b9163c4c962ea0837ef88bd917609d001 in / "
        },
        {
          "created": "2023-09-28T21:19:27Z",
          "created_by": "/bin/sh -c #(nop)  CMD [\"/bin/sh\"]",
          "empty_layer": true
        },
        {
          "created": "2023-11-06T19:43:19Z",
          "created_by": "ARG BIN_NAME",
          "comment": "buildkit.dockerfile.v0",
          "empty_layer": true
        },
        {
          "created": "2023-11-06T19:43:19Z",
          "created_by": "ARG NAME=vault",
          "comment": "buildkit.dockerfile.v0",
          "empty_layer": true
        },
        {
          "created": "2023-11-06T19:43:19Z",
          "created_by": "ARG PRODUCT_VERSION",
          "comment": "buildkit.dockerfile.v0",
          "empty_layer": true
        },
        {
          "created": "2023-11-06T19:43:19Z",
          "created_by": "ARG PRODUCT_REVISION",
          "comment": "buildkit.dockerfile.v0",
          "empty_layer": true
        },
        {
          "created": "2023-11-06T19:43:19Z",
          "created_by": "ARG TARGETOS TARGETARCH",
          "comment": "buildkit.dockerfile.v0",
          "empty_layer": true
        },
        {
          "created": "2023-11-06T19:43:19Z",
          "created_by": "LABEL name=Vault maintainer=Vault Team \u003cvault@hashicorp.com\u003e vendor=HashiCorp version=1.15.2 release=cf1b5cafa047bc8e4a3f93444fcb4011593b92cb revision=cf1b5cafa047bc8e4a3f93444fcb4011593b92cb summary=Vault is a tool for securely accessing secrets. description=Vault is a tool for securely accessing secrets. A secret is anything that you want to tightly control access to, such as API keys, passwords, certificates, and more. Vault provides a unified interface to any secret, while providing tight access control and recording a detailed audit log.",
          "comment": "buildkit.dockerfile.v0",
          "empty_layer": true
        },
        {
          "created": "2023-11-06T19:43:19Z",
          "created_by": "COPY LICENSE /licenses/mozilla.txt # buildkit",
          "comment": "buildkit.dockerfile.v0"
        },
        {
          "created": "2023-11-06T19:43:19Z",
          "created_by": "ENV NAME=vault",
          "comment": "buildkit.dockerfile.v0",
          "empty_layer": true
        },
        {
          "created": "2023-11-06T19:43:19Z",
          "created_by": "ENV VERSION=",
          "comment": "buildkit.dockerfile.v0",
          "empty_layer": true
        },
        {
          "created": "2023-11-06T19:43:19Z",
          "created_by": "RUN |6 BIN_NAME=vault NAME=vault PRODUCT_VERSION=1.15.2 PRODUCT_REVISION=cf1b5cafa047bc8e4a3f93444fcb4011593b92cb TARGETOS=linux TARGETARCH=amd64 /bin/sh -c addgroup ${NAME} \u0026\u0026 adduser -S -G ${NAME} ${NAME} # buildkit",
          "comment": "buildkit.dockerfile.v0"
        },
        {
          "created": "2023-11-06T19:43:20Z",
          "created_by": "RUN |6 BIN_NAME=vault NAME=vault PRODUCT_VERSION=1.15.2 PRODUCT_REVISION=cf1b5cafa047bc8e4a3f93444fcb4011593b92cb TARGETOS=linux TARGETARCH=amd64 /bin/sh -c apk add --no-cache libcap su-exec dumb-init tzdata # buildkit",
          "comment": "buildkit.dockerfile.v0"
        },
        {
          "created": "2023-11-06T19:43:21Z",
          "created_by": "COPY dist/linux/amd64/vault /bin/ # buildkit",
          "comment": "buildkit.dockerfile.v0"
        },
        {
          "created": "2023-11-06T19:43:21Z",
          "created_by": "RUN |6 BIN_NAME=vault NAME=vault PRODUCT_VERSION=1.15.2 PRODUCT_REVISION=cf1b5cafa047bc8e4a3f93444fcb4011593b92cb TARGETOS=linux TARGETARCH=amd64 /bin/sh -c mkdir -p /vault/logs \u0026\u0026     mkdir -p /vault/file \u0026\u0026     mkdir -p /vault/config \u0026\u0026     chown -R ${NAME}:${NAME} /vault # buildkit",
          "comment": "buildkit.dockerfile.v0"
        },
        {
          "created": "2023-11-06T19:43:21Z",
          "created_by": "VOLUME [/vault/logs]",
          "comment": "buildkit.dockerfile.v0",
          "empty_layer": true
        },
        {
          "created": "2023-11-06T19:43:21Z",
          "created_by": "VOLUME [/vault/file]",
          "comment": "buildkit.dockerfile.v0",
          "empty_layer": true
        },
        {
          "created": "2023-11-06T19:43:21Z",
          "created_by": "EXPOSE map[8200/tcp:{}]",
          "comment": "buildkit.dockerfile.v0",
          "empty_layer": true
        },
        {
          "created": "2023-11-06T19:43:21Z",
          "created_by": "COPY .release/docker/docker-entrypoint.sh /usr/local/bin/docker-entrypoint.sh # buildkit",
          "comment": "buildkit.dockerfile.v0"
        },
        {
          "created": "2023-11-06T19:43:21Z",
          "created_by": "ENTRYPOINT [\"docker-entrypoint.sh\"]",
          "comment": "buildkit.dockerfile.v0",
          "empty_layer": true
        },
        {
          "created": "2023-11-06T19:43:21Z",
          "created_by": "CMD [\"server\" \"-dev\"]",
          "comment": "buildkit.dockerfile.v0",
          "empty_layer": true
        }
      ],
      "os": "linux",
      "rootfs": {
        "type": "layers",
        "diff_ids": [
          "sha256:cc2447e1835a40530975ab80bb1f872fbab0f2a0faecf2ab16fbbb89b3589438",
          "sha256:30dbdab6b43115dcf4225c681a87def222efe8b4b5ec2679b87ba459c0733b6b",
          "sha256:2c435c568c0dece1fdb822fa8a642f8e8d488876d2554f7f17d22524b2b9e615",
          "sha256:9b3a439ab6c552a62964baf4fc808901fc95b59fdff4368b848857b7af13b5b8",
          "sha256:dfcd31812a79810f01f1761bc4f3bd415ec493d5744425d1d6b489b86c2a3487",
          "sha256:b37c09caac42b91827cf8dc296263072f6268ce7001643245db9ddddcad9d597",
          "sha256:053d9f9ef4810714243fa0fd0185cac0bd22a8b6a128132fd0001281ad5c2746"
        ]
      },
      "config": {
        "Cmd": [
          "server",
          "-dev"
        ],
        "Entrypoint": [
          "docker-entrypoint.sh"
        ],
        "Env": [
          "PATH=/usr/local/sbin:/usr/local/bin:/usr/sbin:/usr/bin:/sbin:/bin",
          "NAME=vault",
          "VERSION="
        ],
        "Labels": {
          "description": "Vault is a tool for securely accessing secrets. A secret is anything that you want to tightly control access to, such as API keys, passwords, certificates, and more. Vault provides a unified interface to any secret, while providing tight access control and recording a detailed audit log.",
          "maintainer": "Vault Team \u003cvault@hashicorp.com\u003e",
          "name": "Vault",
          "release": "cf1b5cafa047bc8e4a3f93444fcb4011593b92cb",
          "revision": "cf1b5cafa047bc8e4a3f93444fcb4011593b92cb",
          "summary": "Vault is a tool for securely accessing secrets.",
          "vendor": "HashiCorp",
          "version": "1.15.2"
        },
        "Volumes": {
          "/vault/file": {},
          "/vault/logs": {}
        },
        "ArgsEscaped": true
      }
    }
  },
  "Results": [
    {
      "Target": "hashicorp/vault:latest (alpine 3.18.4)",
      "Class": "os-pkgs",
      "Type": "alpine",
      "Vulnerabilities": [
        {
          "VulnerabilityID": "CVE-2023-5363",
          "PkgID": "libcrypto3@3.1.3-r0",
          "PkgName": "libcrypto3",
          "InstalledVersion": "3.1.3-r0",
          "FixedVersion": "3.1.4-r0",
          "Status": "fixed",
          "Layer": {
            "DiffID": "sha256:cc2447e1835a40530975ab80bb1f872fbab0f2a0faecf2ab16fbbb89b3589438"
          },
          "SeveritySource": "nvd",
          "PrimaryURL": "https://avd.aquasec.com/nvd/cve-2023-5363",
          "DataSource": {
            "ID": "alpine",
            "Name": "Alpine Secdb",
            "URL": "https://secdb.alpinelinux.org/"
          },
          "Title": "openssl: Incorrect cipher key and IV length processing",
          "Description": "Issue summary: A bug has been identified in the processing of key and\ninitialisation vector (IV) lengths.  This can lead to potential truncation\nor overruns during the initialisation of some symmetric ciphers.\n\nImpact summary: A truncation in the IV can result in non-uniqueness,\nwhich could result in loss of confidentiality for some cipher modes.\n\nWhen calling EVP_EncryptInit_ex2(), EVP_DecryptInit_ex2() or\nEVP_CipherInit_ex2() the provided OSSL_PARAM array is processed after\nthe key and IV have been established.  Any alterations to the key length,\nvia the \"keylen\" parameter or the IV length, via the \"ivlen\" parameter,\nwithin the OSSL_PARAM array will not take effect as intended, potentially\ncausing truncation or overreading of these values.  The following ciphers\nand cipher modes are impacted: RC2, RC4, RC5, CCM, GCM and OCB.\n\nFor the CCM, GCM and OCB cipher modes, truncation of the IV can result in\nloss of confidentiality.  For example, when following NIST's SP 800-38D\nsection 8.2.1 guidance for constructing a deterministic IV for AES in\nGCM mode, truncation of the counter portion could lead to IV reuse.\n\nBoth truncations and overruns of the key and overruns of the IV will\nproduce incorrect results and could, in some cases, trigger a memory\nexception.  However, these issues are not currently assessed as security\ncritical.\n\nChanging the key and/or IV lengths is not considered to be a common operation\nand the vulnerable API was recently introduced. Furthermore it is likely that\napplication developers will have spotted this problem during testing since\ndecryption would fail unless both peers in the communication were similarly\nvulnerable. For these reasons we expect the probability of an application being\nvulnerable to this to be quite low. However if an application is vulnerable then\nthis issue is considered very serious. For these reasons we have assessed this\nissue as Moderate severity overall.\n\nThe OpenSSL SSL/TLS implementation is not affected by this issue.\n\nThe OpenSSL 3.0 and 3.1 FIPS providers are not affected by this because\nthe issue lies outside of the FIPS provider boundary.\n\nOpenSSL 3.1 and 3.0 are vulnerable to this issue.",
          "Severity": "HIGH",
          "CVSS": {
            "nvd": {
              "V3Vector": "CVSS:3.1/AV:N/AC:L/PR:N/UI:N/S:U/C:H/I:N/A:N",
              "V3Score": 7.5
            },
            "redhat": {
              "V3Vector": "CVSS:3.1/AV:N/AC:L/PR:N/UI:N/S:U/C:H/I:N/A:N",
              "V3Score": 7.5
            }
          },
          "References": [
            "http://www.openwall.com/lists/oss-security/2023/10/24/1",
            "https://access.redhat.com/security/cve/CVE-2023-5363",
            "https://cve.mitre.org/cgi-bin/cvename.cgi?name=CVE-2023-5363",
            "https://git.openssl.org/gitweb/?p=openssl.git;a=commitdiff;h=0df40630850fb2740e6be6890bb905d3fc623b2d",
            "https://git.openssl.org/gitweb/?p=openssl.git;a=commitdiff;h=5f69f5c65e483928c4b28ed16af6e5742929f1ee",
            "https://nvd.nist.gov/vuln/detail/CVE-2023-5363",
            "https://security.netapp.com/advisory/ntap-20231027-0010/",
            "https://ubuntu.com/security/notices/USN-6450-1",
            "https://www.cve.org/CVERecord?id=CVE-2023-5363",
            "https://www.debian.org/security/2023/dsa-5532",
            "https://www.openssl.org/news/secadv/20231024.txt"
          ],
          "PublishedDate": "2023-10-25T18:17:00Z",
          "LastModifiedDate": "2023-11-09T13:55:00Z"
        },
        {
          "VulnerabilityID": "CVE-2023-5678",
          "PkgID": "libcrypto3@3.1.3-r0",
          "PkgName": "libcrypto3",
          "InstalledVersion": "3.1.3-r0",
          "FixedVersion": "3.1.4-r1",
          "Status": "fixed",
          "Layer": {
            "DiffID": "sha256:cc2447e1835a40530975ab80bb1f872fbab0f2a0faecf2ab16fbbb89b3589438"
          },
          "SeveritySource": "nvd",
          "PrimaryURL": "https://avd.aquasec.com/nvd/cve-2023-5678",
          "DataSource": {
            "ID": "alpine",
            "Name": "Alpine Secdb",
            "URL": "https://secdb.alpinelinux.org/"
          },
          "Title": "openssl: Generating excessively long X9.42 DH keys or checking excessively long X9.42 DH keys or parameters may be very slow",
          "Description": "Issue summary: Generating excessively long X9.42 DH keys or checking\nexcessively long X9.42 DH keys or parameters may be very slow.\n\nImpact summary: Applications that use the functions DH_generate_key() to\ngenerate an X9.42 DH key may experience long delays.  Likewise, applications\nthat use DH_check_pub_key(), DH_check_pub_key_ex() or EVP_PKEY_public_check()\nto check an X9.42 DH key or X9.42 DH parameters may experience long delays.\nWhere the key or parameters that are being checked have been obtained from\nan untrusted source this may lead to a Denial of Service.\n\nWhile DH_check() performs all the necessary checks (as of CVE-2023-3817),\nDH_check_pub_key() doesn't make any of these checks, and is therefore\nvulnerable for excessively large P and Q parameters.\n\nLikewise, while DH_generate_key() performs a check for an excessively large\nP, it doesn't check for an excessively large Q.\n\nAn application that calls DH_generate_key() or DH_check_pub_key() and\nsupplies a key or parameters obtained from an untrusted source could be\nvulnerable to a Denial of Service attack.\n\nDH_generate_key() and DH_check_pub_key() are also called by a number of\nother OpenSSL functions.  An application calling any of those other\nfunctions may similarly be affected.  The other functions affected by this\nare DH_check_pub_key_ex(), EVP_PKEY_public_check(), and EVP_PKEY_generate().\n\nAlso vulnerable are the OpenSSL pkey command line application when using the\n\"-pubcheck\" option, as well as the OpenSSL genpkey command line application.\n\nThe OpenSSL SSL/TLS implementation is not affected by this issue.\n\nThe OpenSSL 3.0 and 3.1 FIPS providers are not affected by this issue.\n\n",
          "Severity": "MEDIUM",
          "CweIDs": [
            "CWE-754"
          ],
          "CVSS": {
            "nvd": {
              "V3Vector": "CVSS:3.1/AV:N/AC:L/PR:N/UI:N/S:U/C:N/I:N/A:L",
              "V3Score": 5.3
            },
            "redhat": {
              "V3Vector": "CVSS:3.1/AV:N/AC:L/PR:N/UI:N/S:U/C:N/I:N/A:L",
              "V3Score": 5.3
            }
          },
          "References": [
            "https://access.redhat.com/security/cve/CVE-2023-5678",
            "https://cve.mitre.org/cgi-bin/cvename.cgi?name=CVE-2023-5678",
            "https://git.openssl.org/gitweb/?p=openssl.git;a=commitdiff;h=34efaef6c103d636ab507a0cc34dca4d3aecc055",
            "https://git.openssl.org/gitweb/?p=openssl.git;a=commitdiff;h=710fee740904b6290fef0dd5536fbcedbc38ff0c",
            "https://git.openssl.org/gitweb/?p=openssl.git;a=commitdiff;h=db925ae2e65d0d925adef429afc37f75bd1c2017",
            "https://git.openssl.org/gitweb/?p=openssl.git;a=commitdiff;h=ddeb4b6c6d527e54ce9a99cba785c0f7776e54b6",
            "https://nvd.nist.gov/vuln/detail/CVE-2023-5678",
            "https://www.cve.org/CVERecord?id=CVE-2023-5678",
            "https://www.openssl.org/news/secadv/20231106.txt"
          ],
          "PublishedDate": "2023-11-06T16:15:00Z",
          "LastModifiedDate": "2023-11-21T16:54:00Z"
        },
        {
          "VulnerabilityID": "CVE-2023-5363",
          "PkgID": "libssl3@3.1.3-r0",
          "PkgName": "libssl3",
          "InstalledVersion": "3.1.3-r0",
          "FixedVersion": "3.1.4-r0",
          "Status": "fixed",
          "Layer": {
            "DiffID": "sha256:cc2447e1835a40530975ab80bb1f872fbab0f2a0faecf2ab16fbbb89b3589438"
          },
          "SeveritySource": "nvd",
          "PrimaryURL": "https://avd.aquasec.com/nvd/cve-2023-5363",
          "DataSource": {
            "ID": "alpine",
            "Name": "Alpine Secdb",
            "URL": "https://secdb.alpinelinux.org/"
          },
          "Title": "openssl: Incorrect cipher key and IV length processing",
          "Description": "Issue summary: A bug has been identified in the processing of key and\ninitialisation vector (IV) lengths.  This can lead to potential truncation\nor overruns during the initialisation of some symmetric ciphers.\n\nImpact summary: A truncation in the IV can result in non-uniqueness,\nwhich could result in loss of confidentiality for some cipher modes.\n\nWhen calling EVP_EncryptInit_ex2(), EVP_DecryptInit_ex2() or\nEVP_CipherInit_ex2() the provided OSSL_PARAM array is processed after\nthe key and IV have been established.  Any alterations to the key length,\nvia the \"keylen\" parameter or the IV length, via the \"ivlen\" parameter,\nwithin the OSSL_PARAM array will not take effect as intended, potentially\ncausing truncation or overreading of these values.  The following ciphers\nand cipher modes are impacted: RC2, RC4, RC5, CCM, GCM and OCB.\n\nFor the CCM, GCM and OCB cipher modes, truncation of the IV can result in\nloss of confidentiality.  For example, when following NIST's SP 800-38D\nsection 8.2.1 guidance for constructing a deterministic IV for AES in\nGCM mode, truncation of the counter portion could lead to IV reuse.\n\nBoth truncations and overruns of the key and overruns of the IV will\nproduce incorrect results and could, in some cases, trigger a memory\nexception.  However, these issues are not currently assessed as security\ncritical.\n\nChanging the key and/or IV lengths is not considered to be a common operation\nand the vulnerable API was recently introduced. Furthermore it is likely that\napplication developers will have spotted this problem during testing since\ndecryption would fail unless both peers in the communication were similarly\nvulnerable. For these reasons we expect the probability of an application being\nvulnerable to this to be quite low. However if an application is vulnerable then\nthis issue is considered very serious. For these reasons we have assessed this\nissue as Moderate severity overall.\n\nThe OpenSSL SSL/TLS implementation is not affected by this issue.\n\nThe OpenSSL 3.0 and 3.1 FIPS providers are not affected by this because\nthe issue lies outside of the FIPS provider boundary.\n\nOpenSSL 3.1 and 3.0 are vulnerable to this issue.",
          "Severity": "HIGH",
          "CVSS": {
            "nvd": {
              "V3Vector": "CVSS:3.1/AV:N/AC:L/PR:N/UI:N/S:U/C:H/I:N/A:N",
              "V3Score": 7.5
            },
            "redhat": {
              "V3Vector": "CVSS:3.1/AV:N/AC:L/PR:N/UI:N/S:U/C:H/I:N/A:N",
              "V3Score": 7.5
            }
          },
          "References": [
            "http://www.openwall.com/lists/oss-security/2023/10/24/1",
            "https://access.redhat.com/security/cve/CVE-2023-5363",
            "https://cve.mitre.org/cgi-bin/cvename.cgi?name=CVE-2023-5363",
            "https://git.openssl.org/gitweb/?p=openssl.git;a=commitdiff;h=0df40630850fb2740e6be6890bb905d3fc623b2d",
            "https://git.openssl.org/gitweb/?p=openssl.git;a=commitdiff;h=5f69f5c65e483928c4b28ed16af6e5742929f1ee",
            "https://nvd.nist.gov/vuln/detail/CVE-2023-5363",
            "https://security.netapp.com/advisory/ntap-20231027-0010/",
            "https://ubuntu.com/security/notices/USN-6450-1",
            "https://www.cve.org/CVERecord?id=CVE-2023-5363",
            "https://www.debian.org/security/2023/dsa-5532",
            "https://www.openssl.org/news/secadv/20231024.txt"
          ],
          "PublishedDate": "2023-10-25T18:17:00Z",
          "LastModifiedDate": "2023-11-09T13:55:00Z"
        },
        {
          "VulnerabilityID": "CVE-2023-5678",
          "PkgID": "libssl3@3.1.3-r0",
          "PkgName": "libssl3",
          "InstalledVersion": "3.1.3-r0",
          "FixedVersion": "3.1.4-r1",
          "Status": "fixed",
          "Layer": {
            "DiffID": "sha256:cc2447e1835a40530975ab80bb1f872fbab0f2a0faecf2ab16fbbb89b3589438"
          },
          "SeveritySource": "nvd",
          "PrimaryURL": "https://avd.aquasec.com/nvd/cve-2023-5678",
          "DataSource": {
            "ID": "alpine",
            "Name": "Alpine Secdb",
            "URL": "https://secdb.alpinelinux.org/"
          },
          "Title": "openssl: Generating excessively long X9.42 DH keys or checking excessively long X9.42 DH keys or parameters may be very slow",
          "Description": "Issue summary: Generating excessively long X9.42 DH keys or checking\nexcessively long X9.42 DH keys or parameters may be very slow.\n\nImpact summary: Applications that use the functions DH_generate_key() to\ngenerate an X9.42 DH key may experience long delays.  Likewise, applications\nthat use DH_check_pub_key(), DH_check_pub_key_ex() or EVP_PKEY_public_check()\nto check an X9.42 DH key or X9.42 DH parameters may experience long delays.\nWhere the key or parameters that are being checked have been obtained from\nan untrusted source this may lead to a Denial of Service.\n\nWhile DH_check() performs all the necessary checks (as of CVE-2023-3817),\nDH_check_pub_key() doesn't make any of these checks, and is therefore\nvulnerable for excessively large P and Q parameters.\n\nLikewise, while DH_generate_key() performs a check for an excessively large\nP, it doesn't check for an excessively large Q.\n\nAn application that calls DH_generate_key() or DH_check_pub_key() and\nsupplies a key or parameters obtained from an untrusted source could be\nvulnerable to a Denial of Service attack.\n\nDH_generate_key() and DH_check_pub_key() are also called by a number of\nother OpenSSL functions.  An application calling any of those other\nfunctions may similarly be affected.  The other functions affected by this\nare DH_check_pub_key_ex(), EVP_PKEY_public_check(), and EVP_PKEY_generate().\n\nAlso vulnerable are the OpenSSL pkey command line application when using the\n\"-pubcheck\" option, as well as the OpenSSL genpkey command line application.\n\nThe OpenSSL SSL/TLS implementation is not affected by this issue.\n\nThe OpenSSL 3.0 and 3.1 FIPS providers are not affected by this issue.\n\n",
          "Severity": "MEDIUM",
          "CweIDs": [
            "CWE-754"
          ],
          "CVSS": {
            "nvd": {
              "V3Vector": "CVSS:3.1/AV:N/AC:L/PR:N/UI:N/S:U/C:N/I:N/A:L",
              "V3Score": 5.3
            },
            "redhat": {
              "V3Vector": "CVSS:3.1/AV:N/AC:L/PR:N/UI:N/S:U/C:N/I:N/A:L",
              "V3Score": 5.3
            }
          },
          "References": [
            "https://access.redhat.com/security/cve/CVE-2023-5678",
            "https://cve.mitre.org/cgi-bin/cvename.cgi?name=CVE-2023-5678",
            "https://git.openssl.org/gitweb/?p=openssl.git;a=commitdiff;h=34efaef6c103d636ab507a0cc34dca4d3aecc055",
            "https://git.openssl.org/gitweb/?p=openssl.git;a=commitdiff;h=710fee740904b6290fef0dd5536fbcedbc38ff0c",
            "https://git.openssl.org/gitweb/?p=openssl.git;a=commitdiff;h=db925ae2e65d0d925adef429afc37f75bd1c2017",
            "https://git.openssl.org/gitweb/?p=openssl.git;a=commitdiff;h=ddeb4b6c6d527e54ce9a99cba785c0f7776e54b6",
            "https://nvd.nist.gov/vuln/detail/CVE-2023-5678",
            "https://www.cve.org/CVERecord?id=CVE-2023-5678",
            "https://www.openssl.org/news/secadv/20231106.txt"
          ],
          "PublishedDate": "2023-11-06T16:15:00Z",
          "LastModifiedDate": "2023-11-21T16:54:00Z"
        }
      ]
    },
    {
      "Target": "bin/vault",
      "Class": "lang-pkgs",
      "Type": "gobinary",
      "Vulnerabilities": [
        {
          "VulnerabilityID": "GHSA-jq35-85cj-fj4p",
          "PkgName": "github.com/docker/docker",
          "InstalledVersion": "v24.0.5+incompatible",
          "FixedVersion": "24.0.7",
          "Status": "fixed",
          "Layer": {
            "DiffID": "sha256:dfcd31812a79810f01f1761bc4f3bd415ec493d5744425d1d6b489b86c2a3487"
          },
          "SeveritySource": "ghsa",
          "PrimaryURL": "https://github.com/advisories/GHSA-jq35-85cj-fj4p",
          "DataSource": {
            "ID": "ghsa",
            "Name": "GitHub Security Advisory Go",
            "URL": "https://github.com/advisories?query=type%3Areviewed+ecosystem%3Ago"
          },
          "Title": "/sys/devices/virtual/powercap accessible by default to containers",
          "Description": "Intel's RAPL (Running Average Power Limit) feature, introduced by the Sandy Bridge microarchitecture, provides software insights into hardware energy consumption. To facilitate this, Intel introduced the powercap framework in Linux kernel 3.13, which reads values via relevant MSRs (model specific registers) and provides unprivileged userspace access via `sysfs`. As RAPL is an interface to access a hardware feature, it is only available when running on bare metal with the module compiled into the kernel.\n\nBy 2019, it was realized that in some cases unprivileged access to RAPL readings could be exploited as a power-based side-channel against security features including AES-NI (potentially inside a SGX enclave) and KASLR (kernel address space layout randomization). Also known as the [PLATYPUS attack](https://platypusattack.com/), Intel assigned [CVE-2020-8694](https://cve.mitre.org/cgi-bin/cvename.cgi?name=CVE-2020-8694) and [CVE-2020-8695](https://cve.mitre.org/cgi-bin/cvename.cgi?name=CVE-2020-8695), and AMD assigned [CVE-2020-12912](https://cve.mitre.org/cgi-bin/cvename.cgi?name=CVE-2020-12912).\n\nSeveral mitigations were applied; Intel reduced the sampling resolution via a microcode update, and the Linux kernel [prevents access by non-root users](https://git.kernel.org/pub/scm/linux/kernel/git/torvalds/linux.git/commit/?id=949dd0104c496fa7c14991a23c03c62e44637e71) since 5.10. However, this kernel-based mitigation does not apply to many container-based scenarios:\n* Unless using user namespaces, root inside a container has the same level of privilege as root outside the container, but with a slightly more narrow view of the system\n* `sysfs` is mounted inside containers read-only; however only read access is needed to carry out this attack on an unpatched CPU\n\nWhile this is not a direct vulnerability in container runtimes, defense in depth and safe defaults are valuable and preferred, especially as this poses a risk to multi-tenant container environments running directly on affected hardware. This is provided by masking `/sys/devices/virtual/powercap` in the default mount configuration, and adding an additional set of rules to deny it in the default AppArmor profile.\n\nWhile `sysfs` is not the only way to read from the RAPL subsystem, other ways of accessing it require additional capabilities such as `CAP_SYS_RAWIO` which is not available to containers by default, or `perf` paranoia level less than 1, which is a non-default kernel tunable.\n\n## References\n\n* https://cve.mitre.org/cgi-bin/cvename.cgi?name=CVE-2020-8694\n* https://cve.mitre.org/cgi-bin/cvename.cgi?name=CVE-2020-8695\n* https://cve.mitre.org/cgi-bin/cvename.cgi?name=CVE-2020-12912\n* https://platypusattack.com/\n* https://git.kernel.org/pub/scm/linux/kernel/git/torvalds/linux.git/commit/?id=949dd0104c496fa7c14991a23c03c62e44637e71\n* https://web.eece.maine.edu/~vweaver/projects/rapl/",
          "Severity": "MEDIUM",
          "References": [
            "https://github.com/moby/moby",
            "https://github.com/moby/moby/security/advisories/GHSA-jq35-85cj-fj4p"
          ]
        },
        {
          "VulnerabilityID": "GHSA-2c7c-3mj9-8fqh",
          "PkgName": "github.com/go-jose/go-jose/v3",
          "InstalledVersion": "v3.0.0",
          "FixedVersion": "3.0.1",
          "Status": "fixed",
          "Layer": {
            "DiffID": "sha256:dfcd31812a79810f01f1761bc4f3bd415ec493d5744425d1d6b489b86c2a3487"
          },
          "SeveritySource": "ghsa",
          "PrimaryURL": "https://github.com/advisories/GHSA-2c7c-3mj9-8fqh",
          "DataSource": {
            "ID": "ghsa",
            "Name": "GitHub Security Advisory Go",
            "URL": "https://github.com/advisories?query=type%3Areviewed+ecosystem%3Ago"
          },
          "Title": "Decryption of malicious PBES2 JWE objects can consume unbounded system resources",
          "Description": "The go-jose package is subject to a \"billion hashes attack\" causing denial-of-service when decrypting JWE inputs. This occurs when an attacker can provide a PBES2 encrypted JWE blob with a very large p2c value that, when decrypted, produces a denial-of-service.",
          "Severity": "MEDIUM",
          "References": [
            "https://github.com/go-jose/go-jose",
            "https://github.com/go-jose/go-jose/commit/65351c27657d58960c2e6c9fbb2b00f818e50568",
            "https://github.com/go-jose/go-jose/issues/64"
          ]
        }
      ]
    }
  ]
}
