{
  "SchemaVersion": 2,
  "ArtifactName": "mirantis/ucp-auth:3.7.2",
  "ArtifactType": "container_image",
  "Metadata": {
    "OS": {
      "Family": "alpine",
      "Name": "3.17.5"
    },
    "ImageID": "sha256:67a0234921982ee1f93a63dad4777e535900b1521ad6be0c1581e3dc26c24625",
    "DiffIDs": [
      "sha256:36b50b131297b8860da51b2d2b24bb4c08dfbdf2789b08e3cc0f187c98637a19",
      "sha256:83f4be5366c2a95159e6db917a89f22cb280ebc485a90062fcab29a24cf626c5",
      "sha256:bb039819bdefeb0a5844aca37a020b61d4d111f1413f67358676ea3201ec0625",
      "sha256:1b334bbb05fece23e7319cf7562a242317bee6d1618de5b58ba132ecaa89683b",
      "sha256:ee210e7edcdae1c8ffa06d03929323fd3cfac3900840ea32721f074d34ee19fa"
    ],
    "RepoTags": [
      "mirantis/ucp-auth:3.7.2"
    ],
    "RepoDigests": [
      "mirantis/ucp-auth@sha256:79de8519243946d5c49ad99d434d5a2ba77ca31ff57bf21fa4426672a0fa9822"
    ],
    "ImageConfig": {
      "architecture": "amd64",
      "created": "2023-11-20T15:28:11.430330408Z",
      "history": [
        {
          "created": "2023-08-07T19:20:26Z",
          "created_by": "/bin/sh -c #(nop) ADD file:6dd87346b8be240b21b4f4d9296253bf0d28b6579aa52d2118872e3936963b6b in / "
        },
        {
          "created": "2023-08-07T19:20:26Z",
          "created_by": "/bin/sh -c #(nop)  CMD [\"/bin/sh\"]",
          "empty_layer": true
        },
        {
          "created": "2023-11-20T15:23:01Z",
          "created_by": "RUN /bin/sh -c apk update \u0026\u0026     apk upgrade \u0026\u0026     apk -v add ca-certificates \u0026\u0026     apk -v add curl \u0026\u0026     rm -rf /var/cache/apk/* # buildkit",
          "comment": "buildkit.dockerfile.v0"
        },
        {
          "created": "2023-11-20T15:28:09Z",
          "created_by": "COPY /go/bin/enzi /usr/local/bin/ # buildkit",
          "comment": "buildkit.dockerfile.v0"
        },
        {
          "created": "2023-11-20T15:28:10Z",
          "created_by": "COPY /go/src/github.com/Mirantis/enzi/ui /ui # buildkit",
          "comment": "buildkit.dockerfile.v0"
        },
        {
          "created": "2023-11-20T15:28:11Z",
          "created_by": "RUN /bin/sh -c mkdir -p /work \u0026\u0026 chown 65534 /work # buildkit",
          "comment": "buildkit.dockerfile.v0"
        },
        {
          "created": "2023-11-20T15:28:11Z",
          "created_by": "USER 65534",
          "comment": "buildkit.dockerfile.v0",
          "empty_layer": true
        },
        {
          "created": "2023-11-20T15:28:11Z",
          "created_by": "ENTRYPOINT [\"/usr/local/bin/enzi\"]",
          "comment": "buildkit.dockerfile.v0",
          "empty_layer": true
        },
        {
          "created": "2023-11-20T15:28:11Z",
          "created_by": "ARG UCP_VERSION",
          "comment": "buildkit.dockerfile.v0",
          "empty_layer": true
        },
        {
          "created": "2023-11-20T15:28:11Z",
          "created_by": "LABEL com.docker.ucp.version=3.7.2",
          "comment": "buildkit.dockerfile.v0",
          "empty_layer": true
        }
      ],
      "os": "linux",
      "rootfs": {
        "type": "layers",
        "diff_ids": [
          "sha256:36b50b131297b8860da51b2d2b24bb4c08dfbdf2789b08e3cc0f187c98637a19",
          "sha256:83f4be5366c2a95159e6db917a89f22cb280ebc485a90062fcab29a24cf626c5",
          "sha256:bb039819bdefeb0a5844aca37a020b61d4d111f1413f67358676ea3201ec0625",
          "sha256:1b334bbb05fece23e7319cf7562a242317bee6d1618de5b58ba132ecaa89683b",
          "sha256:ee210e7edcdae1c8ffa06d03929323fd3cfac3900840ea32721f074d34ee19fa"
        ]
      },
      "config": {
        "Entrypoint": [
          "/usr/local/bin/enzi"
        ],
        "Env": [
          "PATH=/usr/local/sbin:/usr/local/bin:/usr/sbin:/usr/bin:/sbin:/bin"
        ],
        "Labels": {
          "com.docker.ucp.version": "3.7.2"
        },
        "User": "65534"
      }
    }
  },
  "Results": [
    {
      "Target": "mirantis/ucp-auth:3.7.2 (alpine 3.17.5)",
      "Class": "os-pkgs",
      "Type": "alpine"
    }
  ]
}
