{
  "SchemaVersion": 2,
  "ArtifactName": "netdata/netdata:latest",
  "ArtifactType": "container_image",
  "Metadata": {
    "OS": {
      "Family": "alpine",
      "Name": "3.18.4"
    },
    "ImageID": "sha256:498003f94821af2b0138da98e0c05d379bf5afdd58742a30f50428ad00be2192",
    "DiffIDs": [
      "sha256:cc2447e1835a40530975ab80bb1f872fbab0f2a0faecf2ab16fbbb89b3589438",
      "sha256:c7151705edfcbb38ef0de585f18fc7d0f912d05b65d4c9854f4a460b4ada5f51",
      "sha256:843753b78d554996c507f929fd6a4253ce9f4d17d14cc8bb22b12fd3bcc25b21",
      "sha256:471542cfb7829e989937ea154c335771ead21cba3d57ebbc545fe1f550f33497",
      "sha256:338a1ae78d8068a6d16f57a382c1e51b7dc0ec9787c22b4d3b01230cacb46bee"
    ],
    "RepoTags": [
      "netdata/netdata:latest"
    ],
    "RepoDigests": [
      "netdata/netdata@sha256:1a9865ece99129ea0f3005eee66baebf6ead26c6cea18c26ecd6abbf696c6b28"
    ],
    "ImageConfig": {
      "architecture": "amd64",
      "created": "2023-11-22T00:41:48.026811459Z",
      "history": [
        {
          "created": "2023-09-28T21:19:27Z",
          "created_by": "/bin/sh -c #(nop) ADD file:756183bba9c7f4593c2b216e98e4208b9163c4c962ea0837ef88bd917609d001 in / "
        },
        {
          "created": "2023-09-28T21:19:27Z",
          "created_by": "/bin/sh -c #(nop)  CMD [\"/bin/sh\"]",
          "empty_layer": true
        },
        {
          "created": "2023-11-22T00:25:54Z",
          "created_by": "LABEL org.opencontainers.image.authors=Netdatabot \u003cbot@netdata.cloud\u003e",
          "comment": "buildkit.dockerfile.v0",
          "empty_layer": true
        },
        {
          "created": "2023-11-22T00:25:54Z",
          "created_by": "LABEL org.opencontainers.image.source=https://github.com/netdata/helper-images",
          "comment": "buildkit.dockerfile.v0",
          "empty_layer": true
        },
        {
          "created": "2023-11-22T00:25:54Z",
          "created_by": "LABEL org.opencontainers.image.title=Netdata Agent Docker Base Image",
          "comment": "buildkit.dockerfile.v0",
          "empty_layer": true
        },
        {
          "created": "2023-11-22T00:25:54Z",
          "created_by": "LABEL org.opencontainers.image.description=Base image for official Netdata Agent Docker images.",
          "comment": "buildkit.dockerfile.v0",
          "empty_layer": true
        },
        {
          "created": "2023-11-22T00:25:54Z",
          "created_by": "LABEL org.opencontainers.image.vendor=Netdata Inc.",
          "comment": "buildkit.dockerfile.v0",
          "empty_layer": true
        },
        {
          "created": "2023-11-22T00:25:54Z",
          "created_by": "RUN /bin/sh -c apk --no-cache add apcupsd                        curl                        curl-dev                        fping                        iproute2                        jq                        json-c                        libelogind                        libgcrypt                        libmnl                        libuuid                        libuv                        libvirt-daemon                        lm-sensors                        lz4                        lz4-libs                        mongo-c-driver                        msmtp                        ncurses                        netcat-openbsd                        nut                        openssl                        postgresql-client                        protobuf                        py3-pip                        python3                        shadow                        snappy                        util-linux                        yaml                        zlib                        zstd-libs \u0026\u0026     if [ \"$(uname -m)\" != \"ppc64le\" ]; then         apk --no-cache add freeipmi freeipmi-libs || exit 1 ;     fi # buildkit",
          "comment": "buildkit.dockerfile.v0"
        },
        {
          "created": "2023-11-22T00:32:08Z",
          "created_by": "LABEL org.opencontainers.image.authors=Netdatabot \u003cbot@netdata.cloud\u003e",
          "comment": "buildkit.dockerfile.v0",
          "empty_layer": true
        },
        {
          "created": "2023-11-22T00:32:08Z",
          "created_by": "LABEL org.opencontainers.image.url=https://netdata.cloud",
          "comment": "buildkit.dockerfile.v0",
          "empty_layer": true
        },
        {
          "created": "2023-11-22T00:32:08Z",
          "created_by": "LABEL org.opencontainers.image.documentation=https://learn.netdata.cloud",
          "comment": "buildkit.dockerfile.v0",
          "empty_layer": true
        },
        {
          "created": "2023-11-22T00:32:08Z",
          "created_by": "LABEL org.opencontainers.image.source=https://github.com/netdata/netdata",
          "comment": "buildkit.dockerfile.v0",
          "empty_layer": true
        },
        {
          "created": "2023-11-22T00:32:08Z",
          "created_by": "LABEL org.opencontainers.image.title=Netdata Agent",
          "comment": "buildkit.dockerfile.v0",
          "empty_layer": true
        },
        {
          "created": "2023-11-22T00:32:08Z",
          "created_by": "LABEL org.opencontainers.image.description=Official Netdata Agent Docker Image",
          "comment": "buildkit.dockerfile.v0",
          "empty_layer": true
        },
        {
          "created": "2023-11-22T00:32:08Z",
          "created_by": "LABEL org.opencontainers.image.vendor=Netdata Inc.",
          "comment": "buildkit.dockerfile.v0",
          "empty_layer": true
        },
        {
          "created": "2023-11-22T00:32:08Z",
          "created_by": "ARG OFFICIAL_IMAGE=false",
          "comment": "buildkit.dockerfile.v0",
          "empty_layer": true
        },
        {
          "created": "2023-11-22T00:32:08Z",
          "created_by": "ENV NETDATA_OFFICIAL_IMAGE=true",
          "comment": "buildkit.dockerfile.v0",
          "empty_layer": true
        },
        {
          "created": "2023-11-22T00:32:08Z",
          "created_by": "ARG NETDATA_UID=201",
          "comment": "buildkit.dockerfile.v0",
          "empty_layer": true
        },
        {
          "created": "2023-11-22T00:32:08Z",
          "created_by": "ARG NETDATA_GID=201",
          "comment": "buildkit.dockerfile.v0",
          "empty_layer": true
        },
        {
          "created": "2023-11-22T00:32:08Z",
          "created_by": "ENV DOCKER_GRP=netdata",
          "comment": "buildkit.dockerfile.v0",
          "empty_layer": true
        },
        {
          "created": "2023-11-22T00:32:08Z",
          "created_by": "ENV DOCKER_USR=netdata",
          "comment": "buildkit.dockerfile.v0",
          "empty_layer": true
        },
        {
          "created": "2023-11-22T00:32:08Z",
          "created_by": "ENV NETDATA_LISTENER_PORT=19999",
          "comment": "buildkit.dockerfile.v0",
          "empty_layer": true
        },
        {
          "created": "2023-11-22T00:32:08Z",
          "created_by": "EXPOSE map[19999/tcp:{}]",
          "comment": "buildkit.dockerfile.v0",
          "empty_layer": true
        },
        {
          "created": "2023-11-22T00:32:08Z",
          "created_by": "ENV NETDATA_EXTRA_APK_PACKAGES=",
          "comment": "buildkit.dockerfile.v0",
          "empty_layer": true
        },
        {
          "created": "2023-11-22T00:32:08Z",
          "created_by": "RUN |3 OFFICIAL_IMAGE=true NETDATA_UID=201 NETDATA_GID=201 /bin/sh -c mkdir -p /opt/src /var/log/netdata \u0026\u0026     ln -sf /dev/stdout /var/log/netdata/access.log \u0026\u0026     ln -sf /dev/stdout /var/log/netdata/debug.log \u0026\u0026     ln -sf /dev/stderr /var/log/netdata/error.log \u0026\u0026     ln -sf /dev/stdout /var/log/netdata/collector.log \u0026\u0026     ln -sf /dev/stdout /var/log/netdata/health.log \u0026\u0026     addgroup -g ${NETDATA_GID} -S \"${DOCKER_GRP}\" \u0026\u0026     adduser -S -H -s /usr/sbin/nologin -u ${NETDATA_GID} -h /etc/netdata -G \"${DOCKER_GRP}\" \"${DOCKER_USR}\" # buildkit",
          "comment": "buildkit.dockerfile.v0"
        },
        {
          "created": "2023-11-22T00:41:46Z",
          "created_by": "COPY /app / # buildkit",
          "comment": "buildkit.dockerfile.v0"
        },
        {
          "created": "2023-11-22T00:41:48Z",
          "created_by": "RUN |3 OFFICIAL_IMAGE=true NETDATA_UID=201 NETDATA_GID=201 /bin/sh -c chown -R root:root         /etc/netdata         /usr/share/netdata         /usr/libexec/netdata \u0026\u0026     chown -R netdata:root         /usr/lib/netdata         /var/cache/netdata         /var/lib/netdata         /var/log/netdata \u0026\u0026     chown -R netdata:netdata /var/lib/netdata/cloud.d \u0026\u0026     chmod 0700 /var/lib/netdata/cloud.d \u0026\u0026     chmod 0755 /usr/libexec/netdata/plugins.d/*.plugin \u0026\u0026     chmod 4755         /usr/libexec/netdata/plugins.d/cgroup-network         /usr/libexec/netdata/plugins.d/local-listeners         /usr/libexec/netdata/plugins.d/apps.plugin         /usr/libexec/netdata/plugins.d/debugfs.plugin \u0026\u0026     if [ -f /usr/libexec/netdata/plugins.d/freeipmi.plugin ]; then         chmod 4755 /usr/libexec/netdata/plugins.d/freeipmi.plugin;     fi \u0026\u0026     if [ -f /usr/libexec/netdata/plugins.d/go.d.plugin ]; then         chmod 4755 /usr/libexec/netdata/plugins.d/go.d.plugin;     fi \u0026\u0026     find /var/lib/netdata /var/cache/netdata -type d -exec chmod 0770 {} \\; \u0026\u0026     find /var/lib/netdata /var/cache/netdata -type f -exec chmod 0660 {} \\; \u0026\u0026     cp -va /etc/netdata /etc/netdata.stock # buildkit",
          "comment": "buildkit.dockerfile.v0"
        },
        {
          "created": "2023-11-22T00:41:48Z",
          "created_by": "ENTRYPOINT [\"/usr/sbin/run.sh\"]",
          "comment": "buildkit.dockerfile.v0",
          "empty_layer": true
        },
        {
          "created": "2023-11-22T00:41:48Z",
          "created_by": "HEALTHCHECK \u0026{[\"CMD-SHELL\" \"/usr/sbin/health.sh\"] \"1m0s\" \"10s\" \"0s\" \"0s\" '\\x03'}",
          "comment": "buildkit.dockerfile.v0",
          "empty_layer": true
        }
      ],
      "os": "linux",
      "rootfs": {
        "type": "layers",
        "diff_ids": [
          "sha256:cc2447e1835a40530975ab80bb1f872fbab0f2a0faecf2ab16fbbb89b3589438",
          "sha256:c7151705edfcbb38ef0de585f18fc7d0f912d05b65d4c9854f4a460b4ada5f51",
          "sha256:843753b78d554996c507f929fd6a4253ce9f4d17d14cc8bb22b12fd3bcc25b21",
          "sha256:471542cfb7829e989937ea154c335771ead21cba3d57ebbc545fe1f550f33497",
          "sha256:338a1ae78d8068a6d16f57a382c1e51b7dc0ec9787c22b4d3b01230cacb46bee"
        ]
      },
      "config": {
        "Healthcheck": {
          "Test": [
            "CMD-SHELL",
            "/usr/sbin/health.sh"
          ],
          "Interval": 60000000000,
          "Timeout": 10000000000,
          "Retries": 3
        },
        "Entrypoint": [
          "/usr/sbin/run.sh"
        ],
        "Env": [
          "PATH=/usr/local/sbin:/usr/local/bin:/usr/sbin:/usr/bin:/sbin:/bin",
          "NETDATA_OFFICIAL_IMAGE=true",
          "DOCKER_GRP=netdata",
          "DOCKER_USR=netdata",
          "NETDATA_LISTENER_PORT=19999",
          "NETDATA_EXTRA_APK_PACKAGES="
        ],
        "Labels": {
          "org.opencontainers.image.authors": "Netdatabot \u003cbot@netdata.cloud\u003e",
          "org.opencontainers.image.description": "Official Netdata Agent Docker Image",
          "org.opencontainers.image.documentation": "https://learn.netdata.cloud",
          "org.opencontainers.image.source": "https://github.com/netdata/netdata",
          "org.opencontainers.image.title": "Netdata Agent",
          "org.opencontainers.image.url": "https://netdata.cloud",
          "org.opencontainers.image.vendor": "Netdata Inc."
        },
        "OnBuild": [
          "ENV NETDATA_OFFICIAL_IMAGE=false"
        ]
      }
    }
  },
  "Results": [
    {
      "Target": "netdata/netdata:latest (alpine 3.18.4)",
      "Class": "os-pkgs",
      "Type": "alpine"
    }
  ]
}
