{
  "SchemaVersion": 2,
  "ArtifactName": "newrelic/k8s-events-forwarder:latest",
  "ArtifactType": "container_image",
  "Metadata": {
    "OS": {
      "Family": "alpine",
      "Name": "3.18.4"
    },
    "ImageID": "sha256:a2dd4275c0e6faccabdea56c80a3094f552bc1cc4126d442ac002c153f88c5b6",
    "DiffIDs": [
      "sha256:cc2447e1835a40530975ab80bb1f872fbab0f2a0faecf2ab16fbbb89b3589438",
      "sha256:d9cf0f5eb3f5a47f41174b023a41e51859787e34b11676adbba7a589f8c85032",
      "sha256:ac223b4ec49d0800006e48a0fda95232fb2adb096028e6d38f1b370023109225",
      "sha256:120d8cf21c79729be89b01d3ecccf8e81b48d5b7e13ef77e17d14eb158fbe010",
      "sha256:bd68ef85a8cc7b0a07651c2ec82a34bbffc11aa64a752774e4d863a1f8ae00be",
      "sha256:857d2242cdba1785cea3cf655f102f4eb9f6e560e6beaeed2b19673beb315b1f",
      "sha256:3d3a3ac574a85ae884ad693852289b643f7fdf71cbd49833252ee1262c16f461",
      "sha256:534935ee9a880e0c49b71a4b05ebadcd1227a7b01d95808cc0bc3608b02964c5",
      "sha256:46fb24b040cf696993fecf708649323696a84a9a88769bf1907b8098248eb1b9",
      "sha256:b2cca0bb402fdd34f3bbda642498dd4a4f9c3cac277d8c76bea0bd7f5180d379"
    ],
    "RepoTags": [
      "newrelic/k8s-events-forwarder:latest"
    ],
    "RepoDigests": [
      "newrelic/k8s-events-forwarder@sha256:bed01250c5970fb711c3ba74d25d73f446344578eaf0d1dd2f8de2967523e23c"
    ],
    "ImageConfig": {
      "architecture": "amd64",
      "created": "2023-11-02T16:50:17.970113434Z",
      "history": [
        {
          "created": "2023-09-28T21:19:27Z",
          "created_by": "/bin/sh -c #(nop) ADD file:756183bba9c7f4593c2b216e98e4208b9163c4c962ea0837ef88bd917609d001 in / "
        },
        {
          "created": "2023-09-28T21:19:27Z",
          "created_by": "/bin/sh -c #(nop)  CMD [\"/bin/sh\"]",
          "empty_layer": true
        },
        {
          "created": "2023-11-02T16:50:15Z",
          "created_by": "ARG image_version=0.0",
          "comment": "buildkit.dockerfile.v0",
          "empty_layer": true
        },
        {
          "created": "2023-11-02T16:50:15Z",
          "created_by": "ARG agent_version=0.0",
          "comment": "buildkit.dockerfile.v0",
          "empty_layer": true
        },
        {
          "created": "2023-11-02T16:50:15Z",
          "created_by": "ARG version_file=VERSION",
          "comment": "buildkit.dockerfile.v0",
          "empty_layer": true
        },
        {
          "created": "2023-11-02T16:50:15Z",
          "created_by": "ARG agent_bin=newrelic-infra",
          "comment": "buildkit.dockerfile.v0",
          "empty_layer": true
        },
        {
          "created": "2023-11-02T16:50:15Z",
          "created_by": "COPY newrelic-infra /usr/bin/newrelic-infra # buildkit",
          "comment": "buildkit.dockerfile.v0"
        },
        {
          "created": "2023-11-02T16:50:15Z",
          "created_by": "COPY newrelic-infra-ctl /usr/bin/newrelic-infra-ctl # buildkit",
          "comment": "buildkit.dockerfile.v0"
        },
        {
          "created": "2023-11-02T16:50:15Z",
          "created_by": "COPY newrelic-infra-service /usr/bin/newrelic-infra-service # buildkit",
          "comment": "buildkit.dockerfile.v0"
        },
        {
          "created": "2023-11-02T16:50:15Z",
          "created_by": "COPY assets /newrelic # buildkit",
          "comment": "buildkit.dockerfile.v0"
        },
        {
          "created": "2023-11-02T16:50:15Z",
          "created_by": "COPY VERSION /newrelic/VERSION # buildkit",
          "comment": "buildkit.dockerfile.v0"
        },
        {
          "created": "2023-11-02T16:50:15Z",
          "created_by": "LABEL com.newrelic.image.version=1.48.1-rc com.newrelic.infra-agent.version=1.48.1 com.newrelic.maintainer=infrastructure-eng@newrelic.com com.newrelic.description=New Relic Infrastructure agent for monitoring the underlying host.",
          "comment": "buildkit.dockerfile.v0",
          "empty_layer": true
        },
        {
          "created": "2023-11-02T16:50:15Z",
          "created_by": "ENV NRIA_IS_CONTAINERIZED=true",
          "comment": "buildkit.dockerfile.v0",
          "empty_layer": true
        },
        {
          "created": "2023-11-02T16:50:15Z",
          "created_by": "ENV NRIA_OVERRIDE_HOST_ROOT=/host",
          "comment": "buildkit.dockerfile.v0",
          "empty_layer": true
        },
        {
          "created": "2023-11-02T16:50:16Z",
          "created_by": "RUN |4 image_version=1.48.1-rc agent_version=1.48.1 version_file=VERSION agent_bin=newrelic-infra /bin/sh -c apk --no-cache upgrade # buildkit",
          "comment": "buildkit.dockerfile.v0"
        },
        {
          "created": "2023-11-02T16:50:17Z",
          "created_by": "RUN |4 image_version=1.48.1-rc agent_version=1.48.1 version_file=VERSION agent_bin=newrelic-infra /bin/sh -c apk add --no-cache --upgrade     ca-certificates     \u0026\u0026 mkdir /lib64     \u0026\u0026 ln -s /lib/libc.musl-x86_64.so.1 /lib64/ld-linux-x86-64.so.2     \u0026\u0026 apk add --no-cache tini # buildkit",
          "comment": "buildkit.dockerfile.v0"
        },
        {
          "created": "2023-11-02T16:50:17Z",
          "created_by": "ENTRYPOINT [\"/sbin/tini\" \"--\"]",
          "comment": "buildkit.dockerfile.v0",
          "empty_layer": true
        },
        {
          "created": "2023-11-02T16:50:17Z",
          "created_by": "CMD [\"/usr/bin/newrelic-infra-service\"]",
          "comment": "buildkit.dockerfile.v0",
          "empty_layer": true
        },
        {
          "created": "2023-11-02T16:50:17Z",
          "created_by": "RUN /bin/sh -c apk add --no-cache         curl # buildkit",
          "comment": "buildkit.dockerfile.v0"
        },
        {
          "created": "2023-11-02T16:50:17Z",
          "created_by": "RUN /bin/sh -c addgroup -g 2000 nri-agent \u0026\u0026 adduser -D -H -u 1000 -G nri-agent nri-agent # buildkit",
          "comment": "buildkit.dockerfile.v0"
        },
        {
          "created": "2023-11-02T16:50:17Z",
          "created_by": "USER nri-agent",
          "comment": "buildkit.dockerfile.v0",
          "empty_layer": true
        },
        {
          "created": "2023-11-02T16:50:17Z",
          "created_by": "ENV NRIA_OVERRIDE_HOST_ROOT=",
          "comment": "buildkit.dockerfile.v0",
          "empty_layer": true
        },
        {
          "created": "2023-11-02T16:50:17Z",
          "created_by": "ENV NRIA_IS_SECURE_FORWARD_ONLY=true",
          "comment": "buildkit.dockerfile.v0",
          "empty_layer": true
        },
        {
          "created": "2023-11-02T16:50:17Z",
          "created_by": "ENV NRIA_HTTP_SERVER_ENABLED=true",
          "comment": "buildkit.dockerfile.v0",
          "empty_layer": true
        }
      ],
      "os": "linux",
      "rootfs": {
        "type": "layers",
        "diff_ids": [
          "sha256:cc2447e1835a40530975ab80bb1f872fbab0f2a0faecf2ab16fbbb89b3589438",
          "sha256:d9cf0f5eb3f5a47f41174b023a41e51859787e34b11676adbba7a589f8c85032",
          "sha256:ac223b4ec49d0800006e48a0fda95232fb2adb096028e6d38f1b370023109225",
          "sha256:120d8cf21c79729be89b01d3ecccf8e81b48d5b7e13ef77e17d14eb158fbe010",
          "sha256:bd68ef85a8cc7b0a07651c2ec82a34bbffc11aa64a752774e4d863a1f8ae00be",
          "sha256:857d2242cdba1785cea3cf655f102f4eb9f6e560e6beaeed2b19673beb315b1f",
          "sha256:3d3a3ac574a85ae884ad693852289b643f7fdf71cbd49833252ee1262c16f461",
          "sha256:534935ee9a880e0c49b71a4b05ebadcd1227a7b01d95808cc0bc3608b02964c5",
          "sha256:46fb24b040cf696993fecf708649323696a84a9a88769bf1907b8098248eb1b9",
          "sha256:b2cca0bb402fdd34f3bbda642498dd4a4f9c3cac277d8c76bea0bd7f5180d379"
        ]
      },
      "config": {
        "Cmd": [
          "/usr/bin/newrelic-infra-service"
        ],
        "Entrypoint": [
          "/sbin/tini",
          "--"
        ],
        "Env": [
          "PATH=/usr/local/sbin:/usr/local/bin:/usr/sbin:/usr/bin:/sbin:/bin",
          "NRIA_IS_CONTAINERIZED=true",
          "NRIA_OVERRIDE_HOST_ROOT=",
          "NRIA_IS_SECURE_FORWARD_ONLY=true",
          "NRIA_HTTP_SERVER_ENABLED=true"
        ],
        "Labels": {
          "com.newrelic.description": "New Relic Infrastructure agent for monitoring the underlying host.",
          "com.newrelic.image.version": "1.48.1-rc",
          "com.newrelic.infra-agent.version": "1.48.1",
          "com.newrelic.maintainer": "infrastructure-eng@newrelic.com"
        },
        "User": "nri-agent",
        "ArgsEscaped": true
      }
    }
  },
  "Results": [
    {
      "Target": "newrelic/k8s-events-forwarder:latest (alpine 3.18.4)",
      "Class": "os-pkgs",
      "Type": "alpine",
      "Vulnerabilities": [
        {
          "VulnerabilityID": "CVE-2023-5678",
          "PkgID": "libcrypto3@3.1.4-r0",
          "PkgName": "libcrypto3",
          "InstalledVersion": "3.1.4-r0",
          "FixedVersion": "3.1.4-r1",
          "Status": "fixed",
          "Layer": {
            "DiffID": "sha256:3d3a3ac574a85ae884ad693852289b643f7fdf71cbd49833252ee1262c16f461"
          },
          "SeveritySource": "nvd",
          "PrimaryURL": "https://avd.aquasec.com/nvd/cve-2023-5678",
          "DataSource": {
            "ID": "alpine",
            "Name": "Alpine Secdb",
            "URL": "https://secdb.alpinelinux.org/"
          },
          "Title": "openssl: Generating excessively long X9.42 DH keys or checking excessively long X9.42 DH keys or parameters may be very slow",
          "Description": "Issue summary: Generating excessively long X9.42 DH keys or checking\nexcessively long X9.42 DH keys or parameters may be very slow.\n\nImpact summary: Applications that use the functions DH_generate_key() to\ngenerate an X9.42 DH key may experience long delays.  Likewise, applications\nthat use DH_check_pub_key(), DH_check_pub_key_ex() or EVP_PKEY_public_check()\nto check an X9.42 DH key or X9.42 DH parameters may experience long delays.\nWhere the key or parameters that are being checked have been obtained from\nan untrusted source this may lead to a Denial of Service.\n\nWhile DH_check() performs all the necessary checks (as of CVE-2023-3817),\nDH_check_pub_key() doesn't make any of these checks, and is therefore\nvulnerable for excessively large P and Q parameters.\n\nLikewise, while DH_generate_key() performs a check for an excessively large\nP, it doesn't check for an excessively large Q.\n\nAn application that calls DH_generate_key() or DH_check_pub_key() and\nsupplies a key or parameters obtained from an untrusted source could be\nvulnerable to a Denial of Service attack.\n\nDH_generate_key() and DH_check_pub_key() are also called by a number of\nother OpenSSL functions.  An application calling any of those other\nfunctions may similarly be affected.  The other functions affected by this\nare DH_check_pub_key_ex(), EVP_PKEY_public_check(), and EVP_PKEY_generate().\n\nAlso vulnerable are the OpenSSL pkey command line application when using the\n\"-pubcheck\" option, as well as the OpenSSL genpkey command line application.\n\nThe OpenSSL SSL/TLS implementation is not affected by this issue.\n\nThe OpenSSL 3.0 and 3.1 FIPS providers are not affected by this issue.\n\n",
          "Severity": "MEDIUM",
          "CweIDs": [
            "CWE-754"
          ],
          "CVSS": {
            "nvd": {
              "V3Vector": "CVSS:3.1/AV:N/AC:L/PR:N/UI:N/S:U/C:N/I:N/A:L",
              "V3Score": 5.3
            },
            "redhat": {
              "V3Vector": "CVSS:3.1/AV:N/AC:L/PR:N/UI:N/S:U/C:N/I:N/A:L",
              "V3Score": 5.3
            }
          },
          "References": [
            "https://access.redhat.com/security/cve/CVE-2023-5678",
            "https://cve.mitre.org/cgi-bin/cvename.cgi?name=CVE-2023-5678",
            "https://git.openssl.org/gitweb/?p=openssl.git;a=commitdiff;h=34efaef6c103d636ab507a0cc34dca4d3aecc055",
            "https://git.openssl.org/gitweb/?p=openssl.git;a=commitdiff;h=710fee740904b6290fef0dd5536fbcedbc38ff0c",
            "https://git.openssl.org/gitweb/?p=openssl.git;a=commitdiff;h=db925ae2e65d0d925adef429afc37f75bd1c2017",
            "https://git.openssl.org/gitweb/?p=openssl.git;a=commitdiff;h=ddeb4b6c6d527e54ce9a99cba785c0f7776e54b6",
            "https://nvd.nist.gov/vuln/detail/CVE-2023-5678",
            "https://www.cve.org/CVERecord?id=CVE-2023-5678",
            "https://www.openssl.org/news/secadv/20231106.txt"
          ],
          "PublishedDate": "2023-11-06T16:15:00Z",
          "LastModifiedDate": "2023-11-21T16:54:00Z"
        },
        {
          "VulnerabilityID": "CVE-2023-5678",
          "PkgID": "libssl3@3.1.4-r0",
          "PkgName": "libssl3",
          "InstalledVersion": "3.1.4-r0",
          "FixedVersion": "3.1.4-r1",
          "Status": "fixed",
          "Layer": {
            "DiffID": "sha256:3d3a3ac574a85ae884ad693852289b643f7fdf71cbd49833252ee1262c16f461"
          },
          "SeveritySource": "nvd",
          "PrimaryURL": "https://avd.aquasec.com/nvd/cve-2023-5678",
          "DataSource": {
            "ID": "alpine",
            "Name": "Alpine Secdb",
            "URL": "https://secdb.alpinelinux.org/"
          },
          "Title": "openssl: Generating excessively long X9.42 DH keys or checking excessively long X9.42 DH keys or parameters may be very slow",
          "Description": "Issue summary: Generating excessively long X9.42 DH keys or checking\nexcessively long X9.42 DH keys or parameters may be very slow.\n\nImpact summary: Applications that use the functions DH_generate_key() to\ngenerate an X9.42 DH key may experience long delays.  Likewise, applications\nthat use DH_check_pub_key(), DH_check_pub_key_ex() or EVP_PKEY_public_check()\nto check an X9.42 DH key or X9.42 DH parameters may experience long delays.\nWhere the key or parameters that are being checked have been obtained from\nan untrusted source this may lead to a Denial of Service.\n\nWhile DH_check() performs all the necessary checks (as of CVE-2023-3817),\nDH_check_pub_key() doesn't make any of these checks, and is therefore\nvulnerable for excessively large P and Q parameters.\n\nLikewise, while DH_generate_key() performs a check for an excessively large\nP, it doesn't check for an excessively large Q.\n\nAn application that calls DH_generate_key() or DH_check_pub_key() and\nsupplies a key or parameters obtained from an untrusted source could be\nvulnerable to a Denial of Service attack.\n\nDH_generate_key() and DH_check_pub_key() are also called by a number of\nother OpenSSL functions.  An application calling any of those other\nfunctions may similarly be affected.  The other functions affected by this\nare DH_check_pub_key_ex(), EVP_PKEY_public_check(), and EVP_PKEY_generate().\n\nAlso vulnerable are the OpenSSL pkey command line application when using the\n\"-pubcheck\" option, as well as the OpenSSL genpkey command line application.\n\nThe OpenSSL SSL/TLS implementation is not affected by this issue.\n\nThe OpenSSL 3.0 and 3.1 FIPS providers are not affected by this issue.\n\n",
          "Severity": "MEDIUM",
          "CweIDs": [
            "CWE-754"
          ],
          "CVSS": {
            "nvd": {
              "V3Vector": "CVSS:3.1/AV:N/AC:L/PR:N/UI:N/S:U/C:N/I:N/A:L",
              "V3Score": 5.3
            },
            "redhat": {
              "V3Vector": "CVSS:3.1/AV:N/AC:L/PR:N/UI:N/S:U/C:N/I:N/A:L",
              "V3Score": 5.3
            }
          },
          "References": [
            "https://access.redhat.com/security/cve/CVE-2023-5678",
            "https://cve.mitre.org/cgi-bin/cvename.cgi?name=CVE-2023-5678",
            "https://git.openssl.org/gitweb/?p=openssl.git;a=commitdiff;h=34efaef6c103d636ab507a0cc34dca4d3aecc055",
            "https://git.openssl.org/gitweb/?p=openssl.git;a=commitdiff;h=710fee740904b6290fef0dd5536fbcedbc38ff0c",
            "https://git.openssl.org/gitweb/?p=openssl.git;a=commitdiff;h=db925ae2e65d0d925adef429afc37f75bd1c2017",
            "https://git.openssl.org/gitweb/?p=openssl.git;a=commitdiff;h=ddeb4b6c6d527e54ce9a99cba785c0f7776e54b6",
            "https://nvd.nist.gov/vuln/detail/CVE-2023-5678",
            "https://www.cve.org/CVERecord?id=CVE-2023-5678",
            "https://www.openssl.org/news/secadv/20231106.txt"
          ],
          "PublishedDate": "2023-11-06T16:15:00Z",
          "LastModifiedDate": "2023-11-21T16:54:00Z"
        }
      ]
    },
    {
      "Target": "usr/bin/newrelic-infra",
      "Class": "lang-pkgs",
      "Type": "gobinary",
      "Vulnerabilities": [
        {
          "VulnerabilityID": "GHSA-jq35-85cj-fj4p",
          "PkgName": "github.com/docker/docker",
          "InstalledVersion": "v24.0.1+incompatible",
          "FixedVersion": "24.0.7",
          "Status": "fixed",
          "Layer": {
            "DiffID": "sha256:d9cf0f5eb3f5a47f41174b023a41e51859787e34b11676adbba7a589f8c85032"
          },
          "SeveritySource": "ghsa",
          "PrimaryURL": "https://github.com/advisories/GHSA-jq35-85cj-fj4p",
          "DataSource": {
            "ID": "ghsa",
            "Name": "GitHub Security Advisory Go",
            "URL": "https://github.com/advisories?query=type%3Areviewed+ecosystem%3Ago"
          },
          "Title": "/sys/devices/virtual/powercap accessible by default to containers",
          "Description": "Intel's RAPL (Running Average Power Limit) feature, introduced by the Sandy Bridge microarchitecture, provides software insights into hardware energy consumption. To facilitate this, Intel introduced the powercap framework in Linux kernel 3.13, which reads values via relevant MSRs (model specific registers) and provides unprivileged userspace access via `sysfs`. As RAPL is an interface to access a hardware feature, it is only available when running on bare metal with the module compiled into the kernel.\n\nBy 2019, it was realized that in some cases unprivileged access to RAPL readings could be exploited as a power-based side-channel against security features including AES-NI (potentially inside a SGX enclave) and KASLR (kernel address space layout randomization). Also known as the [PLATYPUS attack](https://platypusattack.com/), Intel assigned [CVE-2020-8694](https://cve.mitre.org/cgi-bin/cvename.cgi?name=CVE-2020-8694) and [CVE-2020-8695](https://cve.mitre.org/cgi-bin/cvename.cgi?name=CVE-2020-8695), and AMD assigned [CVE-2020-12912](https://cve.mitre.org/cgi-bin/cvename.cgi?name=CVE-2020-12912).\n\nSeveral mitigations were applied; Intel reduced the sampling resolution via a microcode update, and the Linux kernel [prevents access by non-root users](https://git.kernel.org/pub/scm/linux/kernel/git/torvalds/linux.git/commit/?id=949dd0104c496fa7c14991a23c03c62e44637e71) since 5.10. However, this kernel-based mitigation does not apply to many container-based scenarios:\n* Unless using user namespaces, root inside a container has the same level of privilege as root outside the container, but with a slightly more narrow view of the system\n* `sysfs` is mounted inside containers read-only; however only read access is needed to carry out this attack on an unpatched CPU\n\nWhile this is not a direct vulnerability in container runtimes, defense in depth and safe defaults are valuable and preferred, especially as this poses a risk to multi-tenant container environments running directly on affected hardware. This is provided by masking `/sys/devices/virtual/powercap` in the default mount configuration, and adding an additional set of rules to deny it in the default AppArmor profile.\n\nWhile `sysfs` is not the only way to read from the RAPL subsystem, other ways of accessing it require additional capabilities such as `CAP_SYS_RAWIO` which is not available to containers by default, or `perf` paranoia level less than 1, which is a non-default kernel tunable.\n\n## References\n\n* https://cve.mitre.org/cgi-bin/cvename.cgi?name=CVE-2020-8694\n* https://cve.mitre.org/cgi-bin/cvename.cgi?name=CVE-2020-8695\n* https://cve.mitre.org/cgi-bin/cvename.cgi?name=CVE-2020-12912\n* https://platypusattack.com/\n* https://git.kernel.org/pub/scm/linux/kernel/git/torvalds/linux.git/commit/?id=949dd0104c496fa7c14991a23c03c62e44637e71\n* https://web.eece.maine.edu/~vweaver/projects/rapl/",
          "Severity": "MEDIUM",
          "References": [
            "https://github.com/moby/moby",
            "https://github.com/moby/moby/security/advisories/GHSA-jq35-85cj-fj4p"
          ]
        }
      ]
    },
    {
      "Target": "usr/bin/newrelic-infra-ctl",
      "Class": "lang-pkgs",
      "Type": "gobinary",
      "Vulnerabilities": [
        {
          "VulnerabilityID": "GHSA-jq35-85cj-fj4p",
          "PkgName": "github.com/docker/docker",
          "InstalledVersion": "v24.0.1+incompatible",
          "FixedVersion": "24.0.7",
          "Status": "fixed",
          "Layer": {
            "DiffID": "sha256:ac223b4ec49d0800006e48a0fda95232fb2adb096028e6d38f1b370023109225"
          },
          "SeveritySource": "ghsa",
          "PrimaryURL": "https://github.com/advisories/GHSA-jq35-85cj-fj4p",
          "DataSource": {
            "ID": "ghsa",
            "Name": "GitHub Security Advisory Go",
            "URL": "https://github.com/advisories?query=type%3Areviewed+ecosystem%3Ago"
          },
          "Title": "/sys/devices/virtual/powercap accessible by default to containers",
          "Description": "Intel's RAPL (Running Average Power Limit) feature, introduced by the Sandy Bridge microarchitecture, provides software insights into hardware energy consumption. To facilitate this, Intel introduced the powercap framework in Linux kernel 3.13, which reads values via relevant MSRs (model specific registers) and provides unprivileged userspace access via `sysfs`. As RAPL is an interface to access a hardware feature, it is only available when running on bare metal with the module compiled into the kernel.\n\nBy 2019, it was realized that in some cases unprivileged access to RAPL readings could be exploited as a power-based side-channel against security features including AES-NI (potentially inside a SGX enclave) and KASLR (kernel address space layout randomization). Also known as the [PLATYPUS attack](https://platypusattack.com/), Intel assigned [CVE-2020-8694](https://cve.mitre.org/cgi-bin/cvename.cgi?name=CVE-2020-8694) and [CVE-2020-8695](https://cve.mitre.org/cgi-bin/cvename.cgi?name=CVE-2020-8695), and AMD assigned [CVE-2020-12912](https://cve.mitre.org/cgi-bin/cvename.cgi?name=CVE-2020-12912).\n\nSeveral mitigations were applied; Intel reduced the sampling resolution via a microcode update, and the Linux kernel [prevents access by non-root users](https://git.kernel.org/pub/scm/linux/kernel/git/torvalds/linux.git/commit/?id=949dd0104c496fa7c14991a23c03c62e44637e71) since 5.10. However, this kernel-based mitigation does not apply to many container-based scenarios:\n* Unless using user namespaces, root inside a container has the same level of privilege as root outside the container, but with a slightly more narrow view of the system\n* `sysfs` is mounted inside containers read-only; however only read access is needed to carry out this attack on an unpatched CPU\n\nWhile this is not a direct vulnerability in container runtimes, defense in depth and safe defaults are valuable and preferred, especially as this poses a risk to multi-tenant container environments running directly on affected hardware. This is provided by masking `/sys/devices/virtual/powercap` in the default mount configuration, and adding an additional set of rules to deny it in the default AppArmor profile.\n\nWhile `sysfs` is not the only way to read from the RAPL subsystem, other ways of accessing it require additional capabilities such as `CAP_SYS_RAWIO` which is not available to containers by default, or `perf` paranoia level less than 1, which is a non-default kernel tunable.\n\n## References\n\n* https://cve.mitre.org/cgi-bin/cvename.cgi?name=CVE-2020-8694\n* https://cve.mitre.org/cgi-bin/cvename.cgi?name=CVE-2020-8695\n* https://cve.mitre.org/cgi-bin/cvename.cgi?name=CVE-2020-12912\n* https://platypusattack.com/\n* https://git.kernel.org/pub/scm/linux/kernel/git/torvalds/linux.git/commit/?id=949dd0104c496fa7c14991a23c03c62e44637e71\n* https://web.eece.maine.edu/~vweaver/projects/rapl/",
          "Severity": "MEDIUM",
          "References": [
            "https://github.com/moby/moby",
            "https://github.com/moby/moby/security/advisories/GHSA-jq35-85cj-fj4p"
          ]
        }
      ]
    }
  ]
}
