{
  "SchemaVersion": 2,
  "ArtifactName": "newrelic/php-daemon:latest",
  "ArtifactType": "container_image",
  "Metadata": {
    "OS": {
      "Family": "alpine",
      "Name": "3.13.12",
      "EOSL": true
    },
    "ImageID": "sha256:e2e7065d813713f6d044f464f24fbb0978c4464426ef9c7847f94ffaaeb98e8d",
    "DiffIDs": [
      "sha256:7df5bd7bd26203cecd71c9f1a6e04ddf8a22a4440f2388a13c86f87f40d2d992",
      "sha256:b13afbeff2ae725b9ee61d6a7687415f85eeeb71b22b6fa9e3b944264c385a1d",
      "sha256:84f3ae1928b1768e385d46f6abd6e8b781495e979429fce29d2b957b8dbf68df",
      "sha256:0dbfe9f80f35816a8f13e0b39942048aec5597cc3d7998b43fd3b25c5793eae0",
      "sha256:56173df38313589780694d119838ffc8b2a2ff79e21717015e229daf9faac936"
    ],
    "RepoTags": [
      "newrelic/php-daemon:latest"
    ],
    "RepoDigests": [
      "newrelic/php-daemon@sha256:8079aa680009f9f2067ac4574f068081dbdd5c93a9be8829a54b30c9faa6f338"
    ],
    "ImageConfig": {
      "architecture": "amd64",
      "created": "2023-11-13T18:54:08.212819827Z",
      "history": [
        {
          "created": "2022-08-09T17:20:14Z",
          "created_by": "/bin/sh -c #(nop) ADD file:7fd90c097e2c4587dee91726d71abc02fa1aa6a3a3395c862206a4e14e0c299c in / "
        },
        {
          "created": "2022-08-09T17:20:14Z",
          "created_by": "/bin/sh -c #(nop)  CMD [\"/bin/sh\"]",
          "empty_layer": true
        },
        {
          "created": "2023-11-13T18:54:07Z",
          "created_by": "RUN /bin/sh -c apk add --no-cache                     ca-certificates # buildkit",
          "comment": "buildkit.dockerfile.v0"
        },
        {
          "created": "2023-11-13T18:54:07Z",
          "created_by": "RUN /bin/sh -c set -ex;           mkdir /var/log/newrelic # buildkit",
          "comment": "buildkit.dockerfile.v0"
        },
        {
          "created": "2023-11-13T18:54:07Z",
          "created_by": "COPY docker-entrypoint.sh /usr/bin/docker-entrypoint.sh # buildkit",
          "comment": "buildkit.dockerfile.v0"
        },
        {
          "created": "2023-11-13T18:54:08Z",
          "created_by": "COPY /usr/bin/newrelic-daemon /usr/bin/newrelic-daemon # buildkit",
          "comment": "buildkit.dockerfile.v0"
        },
        {
          "created": "2023-11-13T18:54:08Z",
          "created_by": "EXPOSE map[31339/tcp:{}]",
          "comment": "buildkit.dockerfile.v0",
          "empty_layer": true
        },
        {
          "created": "2023-11-13T18:54:08Z",
          "created_by": "ENTRYPOINT [\"sh\" \"/usr/bin/docker-entrypoint.sh\"]",
          "comment": "buildkit.dockerfile.v0",
          "empty_layer": true
        },
        {
          "created": "2023-11-13T18:54:08Z",
          "created_by": "CMD [\"/usr/bin/newrelic-daemon\"]",
          "comment": "buildkit.dockerfile.v0",
          "empty_layer": true
        }
      ],
      "os": "linux",
      "rootfs": {
        "type": "layers",
        "diff_ids": [
          "sha256:7df5bd7bd26203cecd71c9f1a6e04ddf8a22a4440f2388a13c86f87f40d2d992",
          "sha256:b13afbeff2ae725b9ee61d6a7687415f85eeeb71b22b6fa9e3b944264c385a1d",
          "sha256:84f3ae1928b1768e385d46f6abd6e8b781495e979429fce29d2b957b8dbf68df",
          "sha256:0dbfe9f80f35816a8f13e0b39942048aec5597cc3d7998b43fd3b25c5793eae0",
          "sha256:56173df38313589780694d119838ffc8b2a2ff79e21717015e229daf9faac936"
        ]
      },
      "config": {
        "Cmd": [
          "/usr/bin/newrelic-daemon"
        ],
        "Entrypoint": [
          "sh",
          "/usr/bin/docker-entrypoint.sh"
        ],
        "Env": [
          "PATH=/usr/local/sbin:/usr/local/bin:/usr/sbin:/usr/bin:/sbin:/bin"
        ],
        "ArgsEscaped": true
      }
    }
  },
  "Results": [
    {
      "Target": "newrelic/php-daemon:latest (alpine 3.13.12)",
      "Class": "os-pkgs",
      "Type": "alpine"
    }
  ]
}
