{
  "SchemaVersion": 2,
  "ArtifactName": "rancher/nginx-ingress-controller:nginx-1.9.4-rancher1",
  "ArtifactType": "container_image",
  "Metadata": {
    "OS": {
      "Family": "alpine",
      "Name": "3.18.4"
    },
    "ImageID": "sha256:624f4d875b4181e6c92d7ad15f695cbcc6d2d2ea406738ecf18238f7f5540835",
    "DiffIDs": [
      "sha256:cc2447e1835a40530975ab80bb1f872fbab0f2a0faecf2ab16fbbb89b3589438",
      "sha256:78ff06882b9f8da2c77d2e8a6e76dac5bff5d79d3d322a539e83ed4a7214433f",
      "sha256:b512e5705c877bcdd585ee2e8658967f901d2692170e76d7d2b0e183de17b8b7",
      "sha256:95822e6111845f4d41b09ae5d5421ddc3955ecf15427976919cf8a156167589c",
      "sha256:86995fdf83572933be05f9f43e200a8a12c7500c96f7bfa7948b897ad454dcd2",
      "sha256:5f70bf18a086007016e948b04aed3b82103a36bea41755b6cddfaf10ace3c6ef",
      "sha256:4c094bd11e5a7409b3b2d169fa0187c5ab07b5603f8ab27ae1455ea735fdb16a",
      "sha256:05b7bb947e5f05e0cb9e82c0409e1b0a86f21365ad9029af4349efe98be7c1da",
      "sha256:cba16f9ef3aaafcc89879faeef065fcd98e3dad3af8bcea5200187e26825089f",
      "sha256:c06020f823ce047d44ddb23587294a2c73fbffc69ec5d61df43cd669b4550d9f",
      "sha256:7da136100100fbea580e150a0fbf5b3557b7b1482d12e924a78165925cccc2df",
      "sha256:813eab88f868b054449896bd83ee24aa50af31cc2eca7fa2b31d9bdbbe4e9b9b",
      "sha256:058d8de2ed4f0e2c7317ca6a5797193ba81987e0f7ca471551ed929c05980e38",
      "sha256:8a711468914d1fb9af23534506d59679dd26c49d37bf1863b74671460ab95611"
    ],
    "RepoTags": [
      "rancher/nginx-ingress-controller:nginx-1.9.4-rancher1"
    ],
    "RepoDigests": [
      "rancher/nginx-ingress-controller@sha256:95d9d5b622c3ad9b3b1b8289f089674366db4b9dfdbde5eadbc4ec801a646a88"
    ],
    "ImageConfig": {
      "architecture": "amd64",
      "created": "2023-11-07T07:47:38.650922517Z",
      "history": [
        {
          "created": "2023-09-28T21:19:27Z",
          "created_by": "/bin/sh -c #(nop) ADD file:756183bba9c7f4593c2b216e98e4208b9163c4c962ea0837ef88bd917609d001 in / "
        },
        {
          "created": "2023-09-28T21:19:27Z",
          "created_by": "/bin/sh -c #(nop)  CMD [\"/bin/sh\"]",
          "empty_layer": true
        },
        {
          "created": "2023-10-11T14:27:36Z",
          "created_by": "ENV PATH=/usr/local/sbin:/usr/local/bin:/usr/sbin:/usr/bin:/sbin:/bin:/usr/local/luajit/bin:/usr/local/nginx/sbin:/usr/local/nginx/bin",
          "comment": "buildkit.dockerfile.v0",
          "empty_layer": true
        },
        {
          "created": "2023-10-11T14:27:36Z",
          "created_by": "ENV LUA_PATH=/usr/local/share/luajit-2.1.0-beta3/?.lua;/usr/local/share/lua/5.1/?.lua;/usr/local/lib/lua/?.lua;;",
          "comment": "buildkit.dockerfile.v0",
          "empty_layer": true
        },
        {
          "created": "2023-10-11T14:27:36Z",
          "created_by": "ENV LUA_CPATH=/usr/local/lib/lua/?/?.so;/usr/local/lib/lua/?.so;;",
          "comment": "buildkit.dockerfile.v0",
          "empty_layer": true
        },
        {
          "created": "2023-10-11T14:27:36Z",
          "created_by": "COPY /usr/local /usr/local # buildkit",
          "comment": "buildkit.dockerfile.v0"
        },
        {
          "created": "2023-10-11T14:27:36Z",
          "created_by": "COPY /opt /opt # buildkit",
          "comment": "buildkit.dockerfile.v0"
        },
        {
          "created": "2023-10-11T14:27:36Z",
          "created_by": "COPY /etc/nginx /etc/nginx # buildkit",
          "comment": "buildkit.dockerfile.v0"
        },
        {
          "created": "2023-10-11T14:27:40Z",
          "created_by": "RUN /bin/sh -c apk update   \u0026\u0026 apk upgrade   \u0026\u0026 apk add -U --no-cache   bash   openssl   pcre   zlib   geoip   ca-certificates   patch   yajl   lmdb   libxml2   libmaxminddb   yaml-cpp   dumb-init   tzdata   \u0026\u0026 ln -s /usr/local/nginx/sbin/nginx /sbin/nginx   \u0026\u0026 adduser -S -D -H -u 101 -h /usr/local/nginx   -s /sbin/nologin -G www-data -g www-data www-data   \u0026\u0026 bash -eu -c '   writeDirs=(   /var/log/nginx   /var/lib/nginx/body   /var/lib/nginx/fastcgi   /var/lib/nginx/proxy   /var/lib/nginx/scgi   /var/lib/nginx/uwsgi   /var/log/audit   );   for dir in \"${writeDirs[@]}\"; do   mkdir -p ${dir};   chown -R www-data.www-data ${dir};   done' # buildkit",
          "comment": "buildkit.dockerfile.v0"
        },
        {
          "created": "2023-10-11T14:27:40Z",
          "created_by": "EXPOSE map[443/tcp:{} 80/tcp:{}]",
          "comment": "buildkit.dockerfile.v0",
          "empty_layer": true
        },
        {
          "created": "2023-10-11T14:27:40Z",
          "created_by": "CMD [\"nginx\" \"-g\" \"daemon off;\"]",
          "comment": "buildkit.dockerfile.v0",
          "empty_layer": true
        },
        {
          "created": "2023-11-07T07:47:32Z",
          "created_by": "ARG TARGETARCH",
          "comment": "buildkit.dockerfile.v0",
          "empty_layer": true
        },
        {
          "created": "2023-11-07T07:47:32Z",
          "created_by": "ARG VERSION",
          "comment": "buildkit.dockerfile.v0",
          "empty_layer": true
        },
        {
          "created": "2023-11-07T07:47:32Z",
          "created_by": "ARG COMMIT_SHA",
          "comment": "buildkit.dockerfile.v0",
          "empty_layer": true
        },
        {
          "created": "2023-11-07T07:47:32Z",
          "created_by": "ARG BUILD_ID=UNSET",
          "comment": "buildkit.dockerfile.v0",
          "empty_layer": true
        },
        {
          "created": "2023-11-07T07:47:32Z",
          "created_by": "LABEL org.opencontainers.image.title=NGINX Ingress Controller for Kubernetes",
          "comment": "buildkit.dockerfile.v0",
          "empty_layer": true
        },
        {
          "created": "2023-11-07T07:47:32Z",
          "created_by": "LABEL org.opencontainers.image.documentation=https://kubernetes.github.io/ingress-nginx/",
          "comment": "buildkit.dockerfile.v0",
          "empty_layer": true
        },
        {
          "created": "2023-11-07T07:47:32Z",
          "created_by": "LABEL org.opencontainers.image.source=https://github.com/kubernetes/ingress-nginx",
          "comment": "buildkit.dockerfile.v0",
          "empty_layer": true
        },
        {
          "created": "2023-11-07T07:47:32Z",
          "created_by": "LABEL org.opencontainers.image.vendor=The Kubernetes Authors",
          "comment": "buildkit.dockerfile.v0",
          "empty_layer": true
        },
        {
          "created": "2023-11-07T07:47:32Z",
          "created_by": "LABEL org.opencontainers.image.licenses=Apache-2.0",
          "comment": "buildkit.dockerfile.v0",
          "empty_layer": true
        },
        {
          "created": "2023-11-07T07:47:32Z",
          "created_by": "LABEL org.opencontainers.image.version=nginx-1.9.4-rancher1",
          "comment": "buildkit.dockerfile.v0",
          "empty_layer": true
        },
        {
          "created": "2023-11-07T07:47:32Z",
          "created_by": "LABEL org.opencontainers.image.revision=git-cbfe7327e",
          "comment": "buildkit.dockerfile.v0",
          "empty_layer": true
        },
        {
          "created": "2023-11-07T07:47:32Z",
          "created_by": "LABEL build_id=UNSET",
          "comment": "buildkit.dockerfile.v0",
          "empty_layer": true
        },
        {
          "created": "2023-11-07T07:47:32Z",
          "created_by": "WORKDIR /etc/nginx",
          "comment": "buildkit.dockerfile.v0"
        },
        {
          "created": "2023-11-07T07:47:33Z",
          "created_by": "RUN |4 TARGETARCH=amd64 VERSION=nginx-1.9.4-rancher1 COMMIT_SHA=git-cbfe7327e BUILD_ID=UNSET /bin/sh -c apk update   \u0026\u0026 apk upgrade   \u0026\u0026 apk add --no-cache     diffutils   \u0026\u0026 rm -rf /var/cache/apk/* # buildkit",
          "comment": "buildkit.dockerfile.v0"
        },
        {
          "created": "2023-11-07T07:47:33Z",
          "created_by": "COPY etc /etc # buildkit",
          "comment": "buildkit.dockerfile.v0"
        },
        {
          "created": "2023-11-07T07:47:34Z",
          "created_by": "COPY bin/amd64/dbg / # buildkit",
          "comment": "buildkit.dockerfile.v0"
        },
        {
          "created": "2023-11-07T07:47:35Z",
          "created_by": "COPY bin/amd64/nginx-ingress-controller / # buildkit",
          "comment": "buildkit.dockerfile.v0"
        },
        {
          "created": "2023-11-07T07:47:35Z",
          "created_by": "COPY bin/amd64/wait-shutdown / # buildkit",
          "comment": "buildkit.dockerfile.v0"
        },
        {
          "created": "2023-11-07T07:47:35Z",
          "created_by": "RUN |4 TARGETARCH=amd64 VERSION=nginx-1.9.4-rancher1 COMMIT_SHA=git-cbfe7327e BUILD_ID=UNSET /bin/sh -c bash -xeu -c '   writeDirs=(     /etc/ingress-controller     /etc/ingress-controller/ssl     /etc/ingress-controller/auth     /var/log     /var/log/nginx     /tmp/nginx   );   for dir in \"${writeDirs[@]}\"; do     mkdir -p ${dir};     chown -R www-data.www-data ${dir};   done'   \u0026\u0026 echo \"/lib:/usr/lib:/usr/local/lib:/modules_mount/etc/nginx/modules/otel\" \u003e /etc/ld-musl-x86_64.path # buildkit",
          "comment": "buildkit.dockerfile.v0"
        },
        {
          "created": "2023-11-07T07:47:38Z",
          "created_by": "RUN |4 TARGETARCH=amd64 VERSION=nginx-1.9.4-rancher1 COMMIT_SHA=git-cbfe7327e BUILD_ID=UNSET /bin/sh -c apk add --no-cache libcap   \u0026\u0026 setcap    cap_net_bind_service=+ep /nginx-ingress-controller   \u0026\u0026 setcap -v cap_net_bind_service=+ep /nginx-ingress-controller   \u0026\u0026 setcap    cap_net_bind_service=+ep /usr/local/nginx/sbin/nginx   \u0026\u0026 setcap -v cap_net_bind_service=+ep /usr/local/nginx/sbin/nginx   \u0026\u0026 setcap    cap_net_bind_service=+ep /usr/bin/dumb-init   \u0026\u0026 setcap -v cap_net_bind_service=+ep /usr/bin/dumb-init   \u0026\u0026 apk del libcap   \u0026\u0026 ln -sf /usr/local/nginx/sbin/nginx /usr/bin/nginx # buildkit",
          "comment": "buildkit.dockerfile.v0"
        },
        {
          "created": "2023-11-07T07:47:38Z",
          "created_by": "USER www-data",
          "comment": "buildkit.dockerfile.v0",
          "empty_layer": true
        },
        {
          "created": "2023-11-07T07:47:38Z",
          "created_by": "RUN |4 TARGETARCH=amd64 VERSION=nginx-1.9.4-rancher1 COMMIT_SHA=git-cbfe7327e BUILD_ID=UNSET /bin/sh -c ln -sf /dev/stdout /var/log/nginx/access.log   \u0026\u0026 ln -sf /dev/stderr /var/log/nginx/error.log # buildkit",
          "comment": "buildkit.dockerfile.v0"
        },
        {
          "created": "2023-11-07T07:47:38Z",
          "created_by": "ENTRYPOINT [\"/usr/bin/dumb-init\" \"--\"]",
          "comment": "buildkit.dockerfile.v0",
          "empty_layer": true
        },
        {
          "created": "2023-11-07T07:47:38Z",
          "created_by": "CMD [\"/nginx-ingress-controller\"]",
          "comment": "buildkit.dockerfile.v0",
          "empty_layer": true
        }
      ],
      "os": "linux",
      "rootfs": {
        "type": "layers",
        "diff_ids": [
          "sha256:cc2447e1835a40530975ab80bb1f872fbab0f2a0faecf2ab16fbbb89b3589438",
          "sha256:78ff06882b9f8da2c77d2e8a6e76dac5bff5d79d3d322a539e83ed4a7214433f",
          "sha256:b512e5705c877bcdd585ee2e8658967f901d2692170e76d7d2b0e183de17b8b7",
          "sha256:95822e6111845f4d41b09ae5d5421ddc3955ecf15427976919cf8a156167589c",
          "sha256:86995fdf83572933be05f9f43e200a8a12c7500c96f7bfa7948b897ad454dcd2",
          "sha256:5f70bf18a086007016e948b04aed3b82103a36bea41755b6cddfaf10ace3c6ef",
          "sha256:4c094bd11e5a7409b3b2d169fa0187c5ab07b5603f8ab27ae1455ea735fdb16a",
          "sha256:05b7bb947e5f05e0cb9e82c0409e1b0a86f21365ad9029af4349efe98be7c1da",
          "sha256:cba16f9ef3aaafcc89879faeef065fcd98e3dad3af8bcea5200187e26825089f",
          "sha256:c06020f823ce047d44ddb23587294a2c73fbffc69ec5d61df43cd669b4550d9f",
          "sha256:7da136100100fbea580e150a0fbf5b3557b7b1482d12e924a78165925cccc2df",
          "sha256:813eab88f868b054449896bd83ee24aa50af31cc2eca7fa2b31d9bdbbe4e9b9b",
          "sha256:058d8de2ed4f0e2c7317ca6a5797193ba81987e0f7ca471551ed929c05980e38",
          "sha256:8a711468914d1fb9af23534506d59679dd26c49d37bf1863b74671460ab95611"
        ]
      },
      "config": {
        "Cmd": [
          "/nginx-ingress-controller"
        ],
        "Entrypoint": [
          "/usr/bin/dumb-init",
          "--"
        ],
        "Env": [
          "PATH=/usr/local/sbin:/usr/local/bin:/usr/sbin:/usr/bin:/sbin:/bin:/usr/local/luajit/bin:/usr/local/nginx/sbin:/usr/local/nginx/bin",
          "LUA_PATH=/usr/local/share/luajit-2.1.0-beta3/?.lua;/usr/local/share/lua/5.1/?.lua;/usr/local/lib/lua/?.lua;;",
          "LUA_CPATH=/usr/local/lib/lua/?/?.so;/usr/local/lib/lua/?.so;;"
        ],
        "Labels": {
          "build_id": "UNSET",
          "org.opencontainers.image.documentation": "https://kubernetes.github.io/ingress-nginx/",
          "org.opencontainers.image.licenses": "Apache-2.0",
          "org.opencontainers.image.revision": "git-cbfe7327e",
          "org.opencontainers.image.source": "https://github.com/kubernetes/ingress-nginx",
          "org.opencontainers.image.title": "NGINX Ingress Controller for Kubernetes",
          "org.opencontainers.image.vendor": "The Kubernetes Authors",
          "org.opencontainers.image.version": "nginx-1.9.4-rancher1"
        },
        "User": "www-data",
        "WorkingDir": "/etc/nginx",
        "ArgsEscaped": true
      }
    }
  },
  "Results": [
    {
      "Target": "rancher/nginx-ingress-controller:nginx-1.9.4-rancher1 (alpine 3.18.4)",
      "Class": "os-pkgs",
      "Type": "alpine",
      "Vulnerabilities": [
        {
          "VulnerabilityID": "CVE-2023-5678",
          "PkgID": "libcrypto3@3.1.4-r0",
          "PkgName": "libcrypto3",
          "InstalledVersion": "3.1.4-r0",
          "FixedVersion": "3.1.4-r1",
          "Status": "fixed",
          "Layer": {
            "DiffID": "sha256:4c094bd11e5a7409b3b2d169fa0187c5ab07b5603f8ab27ae1455ea735fdb16a"
          },
          "SeveritySource": "nvd",
          "PrimaryURL": "https://avd.aquasec.com/nvd/cve-2023-5678",
          "DataSource": {
            "ID": "alpine",
            "Name": "Alpine Secdb",
            "URL": "https://secdb.alpinelinux.org/"
          },
          "Title": "openssl: Generating excessively long X9.42 DH keys or checking excessively long X9.42 DH keys or parameters may be very slow",
          "Description": "Issue summary: Generating excessively long X9.42 DH keys or checking\nexcessively long X9.42 DH keys or parameters may be very slow.\n\nImpact summary: Applications that use the functions DH_generate_key() to\ngenerate an X9.42 DH key may experience long delays.  Likewise, applications\nthat use DH_check_pub_key(), DH_check_pub_key_ex() or EVP_PKEY_public_check()\nto check an X9.42 DH key or X9.42 DH parameters may experience long delays.\nWhere the key or parameters that are being checked have been obtained from\nan untrusted source this may lead to a Denial of Service.\n\nWhile DH_check() performs all the necessary checks (as of CVE-2023-3817),\nDH_check_pub_key() doesn't make any of these checks, and is therefore\nvulnerable for excessively large P and Q parameters.\n\nLikewise, while DH_generate_key() performs a check for an excessively large\nP, it doesn't check for an excessively large Q.\n\nAn application that calls DH_generate_key() or DH_check_pub_key() and\nsupplies a key or parameters obtained from an untrusted source could be\nvulnerable to a Denial of Service attack.\n\nDH_generate_key() and DH_check_pub_key() are also called by a number of\nother OpenSSL functions.  An application calling any of those other\nfunctions may similarly be affected.  The other functions affected by this\nare DH_check_pub_key_ex(), EVP_PKEY_public_check(), and EVP_PKEY_generate().\n\nAlso vulnerable are the OpenSSL pkey command line application when using the\n\"-pubcheck\" option, as well as the OpenSSL genpkey command line application.\n\nThe OpenSSL SSL/TLS implementation is not affected by this issue.\n\nThe OpenSSL 3.0 and 3.1 FIPS providers are not affected by this issue.\n\n",
          "Severity": "MEDIUM",
          "CweIDs": [
            "CWE-754"
          ],
          "CVSS": {
            "nvd": {
              "V3Vector": "CVSS:3.1/AV:N/AC:L/PR:N/UI:N/S:U/C:N/I:N/A:L",
              "V3Score": 5.3
            },
            "redhat": {
              "V3Vector": "CVSS:3.1/AV:N/AC:L/PR:N/UI:N/S:U/C:N/I:N/A:L",
              "V3Score": 5.3
            }
          },
          "References": [
            "https://access.redhat.com/security/cve/CVE-2023-5678",
            "https://cve.mitre.org/cgi-bin/cvename.cgi?name=CVE-2023-5678",
            "https://git.openssl.org/gitweb/?p=openssl.git;a=commitdiff;h=34efaef6c103d636ab507a0cc34dca4d3aecc055",
            "https://git.openssl.org/gitweb/?p=openssl.git;a=commitdiff;h=710fee740904b6290fef0dd5536fbcedbc38ff0c",
            "https://git.openssl.org/gitweb/?p=openssl.git;a=commitdiff;h=db925ae2e65d0d925adef429afc37f75bd1c2017",
            "https://git.openssl.org/gitweb/?p=openssl.git;a=commitdiff;h=ddeb4b6c6d527e54ce9a99cba785c0f7776e54b6",
            "https://nvd.nist.gov/vuln/detail/CVE-2023-5678",
            "https://www.cve.org/CVERecord?id=CVE-2023-5678",
            "https://www.openssl.org/news/secadv/20231106.txt"
          ],
          "PublishedDate": "2023-11-06T16:15:00Z",
          "LastModifiedDate": "2023-11-21T16:54:00Z"
        },
        {
          "VulnerabilityID": "CVE-2023-5678",
          "PkgID": "libssl3@3.1.4-r0",
          "PkgName": "libssl3",
          "InstalledVersion": "3.1.4-r0",
          "FixedVersion": "3.1.4-r1",
          "Status": "fixed",
          "Layer": {
            "DiffID": "sha256:4c094bd11e5a7409b3b2d169fa0187c5ab07b5603f8ab27ae1455ea735fdb16a"
          },
          "SeveritySource": "nvd",
          "PrimaryURL": "https://avd.aquasec.com/nvd/cve-2023-5678",
          "DataSource": {
            "ID": "alpine",
            "Name": "Alpine Secdb",
            "URL": "https://secdb.alpinelinux.org/"
          },
          "Title": "openssl: Generating excessively long X9.42 DH keys or checking excessively long X9.42 DH keys or parameters may be very slow",
          "Description": "Issue summary: Generating excessively long X9.42 DH keys or checking\nexcessively long X9.42 DH keys or parameters may be very slow.\n\nImpact summary: Applications that use the functions DH_generate_key() to\ngenerate an X9.42 DH key may experience long delays.  Likewise, applications\nthat use DH_check_pub_key(), DH_check_pub_key_ex() or EVP_PKEY_public_check()\nto check an X9.42 DH key or X9.42 DH parameters may experience long delays.\nWhere the key or parameters that are being checked have been obtained from\nan untrusted source this may lead to a Denial of Service.\n\nWhile DH_check() performs all the necessary checks (as of CVE-2023-3817),\nDH_check_pub_key() doesn't make any of these checks, and is therefore\nvulnerable for excessively large P and Q parameters.\n\nLikewise, while DH_generate_key() performs a check for an excessively large\nP, it doesn't check for an excessively large Q.\n\nAn application that calls DH_generate_key() or DH_check_pub_key() and\nsupplies a key or parameters obtained from an untrusted source could be\nvulnerable to a Denial of Service attack.\n\nDH_generate_key() and DH_check_pub_key() are also called by a number of\nother OpenSSL functions.  An application calling any of those other\nfunctions may similarly be affected.  The other functions affected by this\nare DH_check_pub_key_ex(), EVP_PKEY_public_check(), and EVP_PKEY_generate().\n\nAlso vulnerable are the OpenSSL pkey command line application when using the\n\"-pubcheck\" option, as well as the OpenSSL genpkey command line application.\n\nThe OpenSSL SSL/TLS implementation is not affected by this issue.\n\nThe OpenSSL 3.0 and 3.1 FIPS providers are not affected by this issue.\n\n",
          "Severity": "MEDIUM",
          "CweIDs": [
            "CWE-754"
          ],
          "CVSS": {
            "nvd": {
              "V3Vector": "CVSS:3.1/AV:N/AC:L/PR:N/UI:N/S:U/C:N/I:N/A:L",
              "V3Score": 5.3
            },
            "redhat": {
              "V3Vector": "CVSS:3.1/AV:N/AC:L/PR:N/UI:N/S:U/C:N/I:N/A:L",
              "V3Score": 5.3
            }
          },
          "References": [
            "https://access.redhat.com/security/cve/CVE-2023-5678",
            "https://cve.mitre.org/cgi-bin/cvename.cgi?name=CVE-2023-5678",
            "https://git.openssl.org/gitweb/?p=openssl.git;a=commitdiff;h=34efaef6c103d636ab507a0cc34dca4d3aecc055",
            "https://git.openssl.org/gitweb/?p=openssl.git;a=commitdiff;h=710fee740904b6290fef0dd5536fbcedbc38ff0c",
            "https://git.openssl.org/gitweb/?p=openssl.git;a=commitdiff;h=db925ae2e65d0d925adef429afc37f75bd1c2017",
            "https://git.openssl.org/gitweb/?p=openssl.git;a=commitdiff;h=ddeb4b6c6d527e54ce9a99cba785c0f7776e54b6",
            "https://nvd.nist.gov/vuln/detail/CVE-2023-5678",
            "https://www.cve.org/CVERecord?id=CVE-2023-5678",
            "https://www.openssl.org/news/secadv/20231106.txt"
          ],
          "PublishedDate": "2023-11-06T16:15:00Z",
          "LastModifiedDate": "2023-11-21T16:54:00Z"
        },
        {
          "VulnerabilityID": "CVE-2023-5678",
          "PkgID": "openssl@3.1.4-r0",
          "PkgName": "openssl",
          "InstalledVersion": "3.1.4-r0",
          "FixedVersion": "3.1.4-r1",
          "Status": "fixed",
          "Layer": {
            "DiffID": "sha256:4c094bd11e5a7409b3b2d169fa0187c5ab07b5603f8ab27ae1455ea735fdb16a"
          },
          "SeveritySource": "nvd",
          "PrimaryURL": "https://avd.aquasec.com/nvd/cve-2023-5678",
          "DataSource": {
            "ID": "alpine",
            "Name": "Alpine Secdb",
            "URL": "https://secdb.alpinelinux.org/"
          },
          "Title": "openssl: Generating excessively long X9.42 DH keys or checking excessively long X9.42 DH keys or parameters may be very slow",
          "Description": "Issue summary: Generating excessively long X9.42 DH keys or checking\nexcessively long X9.42 DH keys or parameters may be very slow.\n\nImpact summary: Applications that use the functions DH_generate_key() to\ngenerate an X9.42 DH key may experience long delays.  Likewise, applications\nthat use DH_check_pub_key(), DH_check_pub_key_ex() or EVP_PKEY_public_check()\nto check an X9.42 DH key or X9.42 DH parameters may experience long delays.\nWhere the key or parameters that are being checked have been obtained from\nan untrusted source this may lead to a Denial of Service.\n\nWhile DH_check() performs all the necessary checks (as of CVE-2023-3817),\nDH_check_pub_key() doesn't make any of these checks, and is therefore\nvulnerable for excessively large P and Q parameters.\n\nLikewise, while DH_generate_key() performs a check for an excessively large\nP, it doesn't check for an excessively large Q.\n\nAn application that calls DH_generate_key() or DH_check_pub_key() and\nsupplies a key or parameters obtained from an untrusted source could be\nvulnerable to a Denial of Service attack.\n\nDH_generate_key() and DH_check_pub_key() are also called by a number of\nother OpenSSL functions.  An application calling any of those other\nfunctions may similarly be affected.  The other functions affected by this\nare DH_check_pub_key_ex(), EVP_PKEY_public_check(), and EVP_PKEY_generate().\n\nAlso vulnerable are the OpenSSL pkey command line application when using the\n\"-pubcheck\" option, as well as the OpenSSL genpkey command line application.\n\nThe OpenSSL SSL/TLS implementation is not affected by this issue.\n\nThe OpenSSL 3.0 and 3.1 FIPS providers are not affected by this issue.\n\n",
          "Severity": "MEDIUM",
          "CweIDs": [
            "CWE-754"
          ],
          "CVSS": {
            "nvd": {
              "V3Vector": "CVSS:3.1/AV:N/AC:L/PR:N/UI:N/S:U/C:N/I:N/A:L",
              "V3Score": 5.3
            },
            "redhat": {
              "V3Vector": "CVSS:3.1/AV:N/AC:L/PR:N/UI:N/S:U/C:N/I:N/A:L",
              "V3Score": 5.3
            }
          },
          "References": [
            "https://access.redhat.com/security/cve/CVE-2023-5678",
            "https://cve.mitre.org/cgi-bin/cvename.cgi?name=CVE-2023-5678",
            "https://git.openssl.org/gitweb/?p=openssl.git;a=commitdiff;h=34efaef6c103d636ab507a0cc34dca4d3aecc055",
            "https://git.openssl.org/gitweb/?p=openssl.git;a=commitdiff;h=710fee740904b6290fef0dd5536fbcedbc38ff0c",
            "https://git.openssl.org/gitweb/?p=openssl.git;a=commitdiff;h=db925ae2e65d0d925adef429afc37f75bd1c2017",
            "https://git.openssl.org/gitweb/?p=openssl.git;a=commitdiff;h=ddeb4b6c6d527e54ce9a99cba785c0f7776e54b6",
            "https://nvd.nist.gov/vuln/detail/CVE-2023-5678",
            "https://www.cve.org/CVERecord?id=CVE-2023-5678",
            "https://www.openssl.org/news/secadv/20231106.txt"
          ],
          "PublishedDate": "2023-11-06T16:15:00Z",
          "LastModifiedDate": "2023-11-21T16:54:00Z"
        }
      ]
    }
  ]
}
