{
  "vulnerabilities": [
    {
      "id": "SNYK-AMZN2-VIMDATA-6062292",
      "cpes": [],
      "title": "Integer Overflow or Wraparound",
      "CVSSv3": "CVSS:3.1/AV:L/AC:L/PR:N/UI:N/S:U/C:N/I:N/A:L",
      "credit": [
        ""
      ],
      "semver": {
        "vulnerable": [
          "<2:9.0.2081-1.amzn2.0.1"
        ]
      },
      "exploit": "Not Defined",
      "fixedIn": [
        "2:9.0.2081-1.amzn2.0.1"
      ],
      "patches": [],
      "insights": {
        "triageAdvice": null
      },
      "language": "linux",
      "severity": "medium",
      "cvssScore": 4,
      "malicious": false,
      "isDisputed": false,
      "references": [
        {
          "url": "http://cve.mitre.org/cgi-bin/cvename.cgi?name=CVE-2023-46246",
          "title": "http://cve.mitre.org/cgi-bin/cvename.cgi?name=CVE-2023-46246"
        },
        {
          "url": "https://github.com/vim/vim/commit/9198c1f2b1ddecde22af918541e0de2a32f0f45a",
          "title": "https://github.com/vim/vim/commit/9198c1f2b1ddecde22af918541e0de2a32f0f45a"
        },
        {
          "url": "https://github.com/vim/vim/security/advisories/GHSA-q22m-h7m2-9mgm",
          "title": "https://github.com/vim/vim/security/advisories/GHSA-q22m-h7m2-9mgm"
        }
      ],
      "cvssDetails": [
        {
          "assigner": "NVD",
          "severity": "medium",
          "cvssV3Vector": "CVSS:3.1/AV:L/AC:L/PR:L/UI:N/S:U/C:N/I:N/A:H",
          "cvssV3BaseScore": 5.5,
          "modificationTime": "2023-11-08T01:18:22.979100Z"
        },
        {
          "assigner": "Red Hat",
          "severity": "medium",
          "cvssV3Vector": "CVSS:3.1/AV:L/AC:L/PR:N/UI:N/S:U/C:N/I:N/A:L",
          "cvssV3BaseScore": 4,
          "modificationTime": "2023-11-08T09:44:04.286242Z"
        }
      ],
      "description": "## NVD Description\n**_Note:_** _Versions mentioned in the description apply only to the upstream `vim-data` package and not the `vim-data` package as distributed by `Amazon-Linux`._\n_See `How to fix?` for `Amazon-Linux:2` relevant fixed versions and status._\n\nVim is an improved version of the good old UNIX editor Vi. Heap-use-after-free in memory allocated in the function `ga_grow_inner` in in the file `src/alloc.c` at line 748, which is freed in the file `src/ex_docmd.c` in the function `do_cmdline` at line 1010 and then used again in `src/cmdhist.c` at line 759. When using the `:history` command, it&#39;s possible that the provided argument overflows the accepted value. Causing an Integer Overflow and potentially later an use-after-free. This vulnerability has been patched in version 9.0.2068.\n\n## Remediation\nUpgrade `Amazon-Linux:2` `vim-data` to version 2:9.0.2081-1.amzn2.0.1 or higher.  \nThis issue was patched in `ALAS2-2023-2338`.\n## References\n- [CVE-2023-46246](http://cve.mitre.org/cgi-bin/cvename.cgi?name=CVE-2023-46246)\n- [security-advisories@github.com](https://github.com/vim/vim/commit/9198c1f2b1ddecde22af918541e0de2a32f0f45a)\n- [security-advisories@github.com](https://github.com/vim/vim/security/advisories/GHSA-q22m-h7m2-9mgm)\n",
      "epssDetails": {
        "percentile": "0.07341",
        "probability": "0.00043",
        "modelVersion": "v2023.03.01"
      },
      "identifiers": {
        "CVE": [
          "CVE-2023-46246"
        ],
        "CWE": [
          "CWE-190"
        ],
        "ALAS2": [
          "ALAS2-2023-2338"
        ],
        "ALTERNATIVE": []
      },
      "nvdSeverity": "medium",
      "packageName": "vim-data",
      "creationTime": "2023-11-16T10:32:47.142494Z",
      "disclosureTime": "2023-10-27T19:15:41.417000Z",
      "packageManager": "amzn:2",
      "publicationTime": "2023-11-16T10:32:47.146656Z",
      "modificationTime": "2023-11-16T10:32:47.150245Z",
      "socialTrendAlert": false,
      "relativeImportance": "medium",
      "severityWithCritical": "medium",
      "from": [
        "docker-image|amazoncorretto@latest",
        "vim-data@2:9.0.1882-1.amzn2.0.3"
      ],
      "upgradePath": [
        false,
        "vim-data@2:9.0.2081-1.amzn2.0.1"
      ],
      "isUpgradable": true,
      "isPatchable": false,
      "name": "vim-data",
      "version": "2:9.0.1882-1.amzn2.0.3",
      "nearestFixedInVersion": "2:9.0.2081-1.amzn2.0.1"
    },
    {
      "id": "SNYK-AMZN2-VIMMINIMAL-6062273",
      "cpes": [],
      "title": "Integer Overflow or Wraparound",
      "CVSSv3": "CVSS:3.1/AV:L/AC:L/PR:N/UI:N/S:U/C:N/I:N/A:L",
      "credit": [
        ""
      ],
      "semver": {
        "vulnerable": [
          "<2:9.0.2081-1.amzn2.0.1"
        ]
      },
      "exploit": "Not Defined",
      "fixedIn": [
        "2:9.0.2081-1.amzn2.0.1"
      ],
      "patches": [],
      "insights": {
        "triageAdvice": null
      },
      "language": "linux",
      "severity": "medium",
      "cvssScore": 4,
      "malicious": false,
      "isDisputed": false,
      "references": [
        {
          "url": "http://cve.mitre.org/cgi-bin/cvename.cgi?name=CVE-2023-46246",
          "title": "http://cve.mitre.org/cgi-bin/cvename.cgi?name=CVE-2023-46246"
        },
        {
          "url": "https://github.com/vim/vim/commit/9198c1f2b1ddecde22af918541e0de2a32f0f45a",
          "title": "https://github.com/vim/vim/commit/9198c1f2b1ddecde22af918541e0de2a32f0f45a"
        },
        {
          "url": "https://github.com/vim/vim/security/advisories/GHSA-q22m-h7m2-9mgm",
          "title": "https://github.com/vim/vim/security/advisories/GHSA-q22m-h7m2-9mgm"
        }
      ],
      "cvssDetails": [
        {
          "assigner": "NVD",
          "severity": "medium",
          "cvssV3Vector": "CVSS:3.1/AV:L/AC:L/PR:L/UI:N/S:U/C:N/I:N/A:H",
          "cvssV3BaseScore": 5.5,
          "modificationTime": "2023-11-08T01:18:22.979100Z"
        },
        {
          "assigner": "Red Hat",
          "severity": "medium",
          "cvssV3Vector": "CVSS:3.1/AV:L/AC:L/PR:N/UI:N/S:U/C:N/I:N/A:L",
          "cvssV3BaseScore": 4,
          "modificationTime": "2023-11-08T09:44:04.286242Z"
        }
      ],
      "description": "## NVD Description\n**_Note:_** _Versions mentioned in the description apply only to the upstream `vim-minimal` package and not the `vim-minimal` package as distributed by `Amazon-Linux`._\n_See `How to fix?` for `Amazon-Linux:2` relevant fixed versions and status._\n\nVim is an improved version of the good old UNIX editor Vi. Heap-use-after-free in memory allocated in the function `ga_grow_inner` in in the file `src/alloc.c` at line 748, which is freed in the file `src/ex_docmd.c` in the function `do_cmdline` at line 1010 and then used again in `src/cmdhist.c` at line 759. When using the `:history` command, it&#39;s possible that the provided argument overflows the accepted value. Causing an Integer Overflow and potentially later an use-after-free. This vulnerability has been patched in version 9.0.2068.\n\n## Remediation\nUpgrade `Amazon-Linux:2` `vim-minimal` to version 2:9.0.2081-1.amzn2.0.1 or higher.  \nThis issue was patched in `ALAS2-2023-2338`.\n## References\n- [CVE-2023-46246](http://cve.mitre.org/cgi-bin/cvename.cgi?name=CVE-2023-46246)\n- [security-advisories@github.com](https://github.com/vim/vim/commit/9198c1f2b1ddecde22af918541e0de2a32f0f45a)\n- [security-advisories@github.com](https://github.com/vim/vim/security/advisories/GHSA-q22m-h7m2-9mgm)\n",
      "epssDetails": {
        "percentile": "0.07341",
        "probability": "0.00043",
        "modelVersion": "v2023.03.01"
      },
      "identifiers": {
        "CVE": [
          "CVE-2023-46246"
        ],
        "CWE": [
          "CWE-190"
        ],
        "ALAS2": [
          "ALAS2-2023-2338"
        ],
        "ALTERNATIVE": []
      },
      "nvdSeverity": "medium",
      "packageName": "vim-minimal",
      "creationTime": "2023-11-16T10:31:42.059770Z",
      "disclosureTime": "2023-10-27T19:15:41.417000Z",
      "packageManager": "amzn:2",
      "publicationTime": "2023-11-16T10:31:42.064455Z",
      "modificationTime": "2023-11-16T10:32:47.150245Z",
      "socialTrendAlert": false,
      "relativeImportance": "medium",
      "severityWithCritical": "medium",
      "from": [
        "docker-image|amazoncorretto@latest",
        "vim-minimal@2:9.0.1882-1.amzn2.0.3"
      ],
      "upgradePath": [
        false,
        "vim-minimal@2:9.0.2081-1.amzn2.0.1"
      ],
      "isUpgradable": true,
      "isPatchable": false,
      "name": "vim-minimal",
      "version": "2:9.0.1882-1.amzn2.0.3",
      "nearestFixedInVersion": "2:9.0.2081-1.amzn2.0.1"
    }
  ],
  "ok": false,
  "dependencyCount": 112,
  "org": "intman32",
  "policy": "# Snyk (https://snyk.io) policy file, patches or ignores known vulnerabilities.\nversion: v1.25.1\nignore: {}\npatch: {}\n",
  "isPrivate": true,
  "licensesPolicy": {
    "severities": {},
    "orgLicenseRules": {
      "AGPL-1.0": {
        "licenseType": "AGPL-1.0",
        "severity": "high",
        "instructions": ""
      },
      "AGPL-3.0": {
        "licenseType": "AGPL-3.0",
        "severity": "high",
        "instructions": ""
      },
      "Artistic-1.0": {
        "licenseType": "Artistic-1.0",
        "severity": "medium",
        "instructions": ""
      },
      "Artistic-2.0": {
        "licenseType": "Artistic-2.0",
        "severity": "medium",
        "instructions": ""
      },
      "CDDL-1.0": {
        "licenseType": "CDDL-1.0",
        "severity": "medium",
        "instructions": ""
      },
      "CPOL-1.02": {
        "licenseType": "CPOL-1.02",
        "severity": "high",
        "instructions": ""
      },
      "EPL-1.0": {
        "licenseType": "EPL-1.0",
        "severity": "medium",
        "instructions": ""
      },
      "GPL-2.0": {
        "licenseType": "GPL-2.0",
        "severity": "high",
        "instructions": ""
      },
      "GPL-3.0": {
        "licenseType": "GPL-3.0",
        "severity": "high",
        "instructions": ""
      },
      "LGPL-2.0": {
        "licenseType": "LGPL-2.0",
        "severity": "medium",
        "instructions": ""
      },
      "LGPL-2.1": {
        "licenseType": "LGPL-2.1",
        "severity": "medium",
        "instructions": ""
      },
      "LGPL-3.0": {
        "licenseType": "LGPL-3.0",
        "severity": "medium",
        "instructions": ""
      },
      "MPL-1.1": {
        "licenseType": "MPL-1.1",
        "severity": "medium",
        "instructions": ""
      },
      "MPL-2.0": {
        "licenseType": "MPL-2.0",
        "severity": "medium",
        "instructions": ""
      },
      "MS-RL": {
        "licenseType": "MS-RL",
        "severity": "medium",
        "instructions": ""
      },
      "SimPL-2.0": {
        "licenseType": "SimPL-2.0",
        "severity": "high",
        "instructions": ""
      }
    }
  },
  "packageManager": "rpm",
  "ignoreSettings": {
    "adminOnly": false,
    "reasonRequired": false,
    "disregardFilesystemIgnores": false
  },
  "docker": {
    "baseImage": "amazoncorretto:8u392-al2-generic",
    "baseImageRemediation": {
      "code": "REMEDIATION_AVAILABLE",
      "advice": [
        {
          "message": "Base Image                        Vulnerabilities  Severity\namazoncorretto:8u392-al2-generic  2                0 critical, 0 high, 2 medium, 0 low\n"
        },
        {
          "message": "Recommendations for base image upgrade:\n",
          "bold": true
        },
        {
          "message": "Alternative image types",
          "bold": true
        },
        {
          "message": "Base Image                                Vulnerabilities  Severity\namazoncorretto:11-al2022-jdk              0                0 critical, 0 high, 0 medium, 0 low\namazoncorretto:11.0.18-al2022-RC-headful  0                0 critical, 0 high, 0 medium, 0 low\namazoncorretto:11-al2022-RC-headless      0                0 critical, 0 high, 0 medium, 0 low\namazoncorretto:17-al2022-RC               0                0 critical, 0 high, 0 medium, 0 low\n"
        }
      ]
    },
    "binariesVulns": {
      "issuesData": {},
      "affectedPkgs": {}
    }
  },
  "summary": "2 vulnerable dependency paths",
  "filesystemPolicy": false,
  "filtered": {
    "ignore": [],
    "patch": []
  },
  "uniqueCount": 2,
  "projectName": "docker-image|amazoncorretto",
  "platform": "linux/amd64",
  "hasUnknownVersions": false,
  "path": "amazoncorretto"
}
