{
  "vulnerabilities": [
    {
      "id": "SNYK-ALPINE311-ZLIB-2977081",
      "cpes": [],
      "title": "Out-of-bounds Write",
      "CVSSv3": "CVSS:3.1/AV:N/AC:L/PR:N/UI:N/S:U/C:H/I:H/A:H",
      "credit": [
        ""
      ],
      "semver": {
        "vulnerable": [
          "<1.2.11-r4"
        ]
      },
      "exploit": "Not Defined",
      "fixedIn": [
        "1.2.11-r4"
      ],
      "patches": [],
      "insights": {
        "triageAdvice": null
      },
      "language": "linux",
      "severity": "critical",
      "cvssScore": 9.8,
      "malicious": false,
      "isDisputed": false,
      "references": [
        {
          "url": "https://github.com/nodejs/node/blob/75b68c6e4db515f76df73af476eccf382bbcb00a/deps/zlib/inflate.c%23L762-L764",
          "title": "https://github.com/nodejs/node/blob/75b68c6e4db515f76df73af476eccf382bbcb00a/deps/zlib/inflate.c%23L762-L764"
        },
        {
          "url": "https://github.com/ivd38/zlib_overflow",
          "title": "https://github.com/ivd38/zlib_overflow"
        },
        {
          "url": "https://github.com/madler/zlib/commit/eff308af425b67093bab25f80f1ae950166bece1",
          "title": "https://github.com/madler/zlib/commit/eff308af425b67093bab25f80f1ae950166bece1"
        },
        {
          "url": "https://github.com/madler/zlib/blob/21767c654d31d2dccdde4330529775c6c5fd5389/zlib.h%23L1062-L1063",
          "title": "https://github.com/madler/zlib/blob/21767c654d31d2dccdde4330529775c6c5fd5389/zlib.h%23L1062-L1063"
        },
        {
          "url": "http://www.openwall.com/lists/oss-security/2022/08/05/2",
          "title": "http://www.openwall.com/lists/oss-security/2022/08/05/2"
        },
        {
          "url": "https://github.com/curl/curl/issues/9271",
          "title": "https://github.com/curl/curl/issues/9271"
        },
        {
          "url": "http://www.openwall.com/lists/oss-security/2022/08/09/1",
          "title": "http://www.openwall.com/lists/oss-security/2022/08/09/1"
        },
        {
          "url": "https://lists.fedoraproject.org/archives/list/package-announce@lists.fedoraproject.org/message/YRQAI7H4M4RQZ2IWZUEEXECBE5D56BH2/",
          "title": "https://lists.fedoraproject.org/archives/list/package-announce@lists.fedoraproject.org/message/YRQAI7H4M4RQZ2IWZUEEXECBE5D56BH2/"
        },
        {
          "url": "https://www.debian.org/security/2022/dsa-5218",
          "title": "https://www.debian.org/security/2022/dsa-5218"
        },
        {
          "url": "https://lists.fedoraproject.org/archives/list/package-announce@lists.fedoraproject.org/message/NMBOJ77A7T7PQCARMDUK75TE6LLESZ3O/",
          "title": "https://lists.fedoraproject.org/archives/list/package-announce@lists.fedoraproject.org/message/NMBOJ77A7T7PQCARMDUK75TE6LLESZ3O/"
        },
        {
          "url": "https://security.netapp.com/advisory/ntap-20220901-0005/",
          "title": "https://security.netapp.com/advisory/ntap-20220901-0005/"
        },
        {
          "url": "https://lists.fedoraproject.org/archives/list/package-announce@lists.fedoraproject.org/message/JWN4VE3JQR4O2SOUS5TXNLANRPMHWV4I/",
          "title": "https://lists.fedoraproject.org/archives/list/package-announce@lists.fedoraproject.org/message/JWN4VE3JQR4O2SOUS5TXNLANRPMHWV4I/"
        },
        {
          "url": "https://lists.debian.org/debian-lts-announce/2022/09/msg00012.html",
          "title": "https://lists.debian.org/debian-lts-announce/2022/09/msg00012.html"
        },
        {
          "url": "https://lists.fedoraproject.org/archives/list/package-announce@lists.fedoraproject.org/message/X5U7OTKZSHY2I3ZFJSR2SHFHW72RKGDK/",
          "title": "https://lists.fedoraproject.org/archives/list/package-announce@lists.fedoraproject.org/message/X5U7OTKZSHY2I3ZFJSR2SHFHW72RKGDK/"
        },
        {
          "url": "https://lists.fedoraproject.org/archives/list/package-announce@lists.fedoraproject.org/message/PAVPQNCG3XRLCLNSQRM3KAN5ZFMVXVTY/",
          "title": "https://lists.fedoraproject.org/archives/list/package-announce@lists.fedoraproject.org/message/PAVPQNCG3XRLCLNSQRM3KAN5ZFMVXVTY/"
        },
        {
          "url": "https://support.apple.com/kb/HT213490",
          "title": "https://support.apple.com/kb/HT213490"
        },
        {
          "url": "https://support.apple.com/kb/HT213493",
          "title": "https://support.apple.com/kb/HT213493"
        },
        {
          "url": "https://support.apple.com/kb/HT213494",
          "title": "https://support.apple.com/kb/HT213494"
        },
        {
          "url": "https://support.apple.com/kb/HT213491",
          "title": "https://support.apple.com/kb/HT213491"
        },
        {
          "url": "https://support.apple.com/kb/HT213488",
          "title": "https://support.apple.com/kb/HT213488"
        },
        {
          "url": "https://support.apple.com/kb/HT213489",
          "title": "https://support.apple.com/kb/HT213489"
        },
        {
          "url": "http://seclists.org/fulldisclosure/2022/Oct/41",
          "title": "http://seclists.org/fulldisclosure/2022/Oct/41"
        },
        {
          "url": "http://seclists.org/fulldisclosure/2022/Oct/37",
          "title": "http://seclists.org/fulldisclosure/2022/Oct/37"
        },
        {
          "url": "http://seclists.org/fulldisclosure/2022/Oct/38",
          "title": "http://seclists.org/fulldisclosure/2022/Oct/38"
        },
        {
          "url": "http://seclists.org/fulldisclosure/2022/Oct/42",
          "title": "http://seclists.org/fulldisclosure/2022/Oct/42"
        },
        {
          "url": "https://lists.fedoraproject.org/archives/list/package-announce%40lists.fedoraproject.org/message/JWN4VE3JQR4O2SOUS5TXNLANRPMHWV4I/",
          "title": "https://lists.fedoraproject.org/archives/list/package-announce%40lists.fedoraproject.org/message/JWN4VE3JQR4O2SOUS5TXNLANRPMHWV4I/"
        },
        {
          "url": "https://lists.fedoraproject.org/archives/list/package-announce%40lists.fedoraproject.org/message/NMBOJ77A7T7PQCARMDUK75TE6LLESZ3O/",
          "title": "https://lists.fedoraproject.org/archives/list/package-announce%40lists.fedoraproject.org/message/NMBOJ77A7T7PQCARMDUK75TE6LLESZ3O/"
        },
        {
          "url": "https://lists.fedoraproject.org/archives/list/package-announce%40lists.fedoraproject.org/message/PAVPQNCG3XRLCLNSQRM3KAN5ZFMVXVTY/",
          "title": "https://lists.fedoraproject.org/archives/list/package-announce%40lists.fedoraproject.org/message/PAVPQNCG3XRLCLNSQRM3KAN5ZFMVXVTY/"
        },
        {
          "url": "https://lists.fedoraproject.org/archives/list/package-announce%40lists.fedoraproject.org/message/X5U7OTKZSHY2I3ZFJSR2SHFHW72RKGDK/",
          "title": "https://lists.fedoraproject.org/archives/list/package-announce%40lists.fedoraproject.org/message/X5U7OTKZSHY2I3ZFJSR2SHFHW72RKGDK/"
        },
        {
          "url": "https://lists.fedoraproject.org/archives/list/package-announce%40lists.fedoraproject.org/message/YRQAI7H4M4RQZ2IWZUEEXECBE5D56BH2/",
          "title": "https://lists.fedoraproject.org/archives/list/package-announce%40lists.fedoraproject.org/message/YRQAI7H4M4RQZ2IWZUEEXECBE5D56BH2/"
        },
        {
          "url": "https://security.netapp.com/advisory/ntap-20230427-0007/",
          "title": "https://security.netapp.com/advisory/ntap-20230427-0007/"
        }
      ],
      "cvssDetails": [
        {
          "assigner": "NVD",
          "severity": "critical",
          "cvssV3Vector": "CVSS:3.1/AV:N/AC:L/PR:N/UI:N/S:U/C:H/I:H/A:H",
          "cvssV3BaseScore": 9.8,
          "modificationTime": "2022-11-17T01:11:14.816208Z"
        },
        {
          "assigner": "SUSE",
          "severity": "high",
          "cvssV3Vector": "CVSS:3.1/AV:N/AC:H/PR:N/UI:N/S:U/C:H/I:H/A:H",
          "cvssV3BaseScore": 8.1,
          "modificationTime": "2022-09-01T11:41:04.286968Z"
        },
        {
          "assigner": "Red Hat",
          "severity": "high",
          "cvssV3Vector": "CVSS:3.1/AV:N/AC:H/PR:N/UI:N/S:U/C:L/I:L/A:H",
          "cvssV3BaseScore": 7,
          "modificationTime": "2023-11-08T09:42:50.476509Z"
        }
      ],
      "description": "## NVD Description\n**_Note:_** _Versions mentioned in the description apply only to the upstream `zlib` package and not the `zlib` package as distributed by `Alpine`._\n_See `How to fix?` for `Alpine:3.11` relevant fixed versions and status._\n\nzlib through 1.2.12 has a heap-based buffer over-read or buffer overflow in inflate in inflate.c via a large gzip header extra field. NOTE: only applications that call inflateGetHeader are affected. Some common applications bundle the affected zlib source code but may be unable to call inflateGetHeader (e.g., see the nodejs/node reference).\n## Remediation\nUpgrade `Alpine:3.11` `zlib` to version 1.2.11-r4 or higher.\n## References\n- [cve@mitre.org](https://github.com/nodejs/node/blob/75b68c6e4db515f76df73af476eccf382bbcb00a/deps/zlib/inflate.c#L762-L764)\n- [cve@mitre.org](https://github.com/ivd38/zlib_overflow)\n- [cve@mitre.org](https://github.com/madler/zlib/commit/eff308af425b67093bab25f80f1ae950166bece1)\n- [cve@mitre.org](https://github.com/madler/zlib/blob/21767c654d31d2dccdde4330529775c6c5fd5389/zlib.h#L1062-L1063)\n- [cve@mitre.org](http://www.openwall.com/lists/oss-security/2022/08/05/2)\n- [cve@mitre.org](https://github.com/curl/curl/issues/9271)\n- [cve@mitre.org](http://www.openwall.com/lists/oss-security/2022/08/09/1)\n- [cve@mitre.org](https://lists.fedoraproject.org/archives/list/package-announce@lists.fedoraproject.org/message/YRQAI7H4M4RQZ2IWZUEEXECBE5D56BH2/)\n- [cve@mitre.org](https://www.debian.org/security/2022/dsa-5218)\n- [cve@mitre.org](https://lists.fedoraproject.org/archives/list/package-announce@lists.fedoraproject.org/message/NMBOJ77A7T7PQCARMDUK75TE6LLESZ3O/)\n- [cve@mitre.org](https://security.netapp.com/advisory/ntap-20220901-0005/)\n- [cve@mitre.org](https://lists.fedoraproject.org/archives/list/package-announce@lists.fedoraproject.org/message/JWN4VE3JQR4O2SOUS5TXNLANRPMHWV4I/)\n- [cve@mitre.org](https://lists.debian.org/debian-lts-announce/2022/09/msg00012.html)\n- [cve@mitre.org](https://lists.fedoraproject.org/archives/list/package-announce@lists.fedoraproject.org/message/X5U7OTKZSHY2I3ZFJSR2SHFHW72RKGDK/)\n- [cve@mitre.org](https://lists.fedoraproject.org/archives/list/package-announce@lists.fedoraproject.org/message/PAVPQNCG3XRLCLNSQRM3KAN5ZFMVXVTY/)\n- [cve@mitre.org](https://support.apple.com/kb/HT213490)\n- [cve@mitre.org](https://support.apple.com/kb/HT213493)\n- [cve@mitre.org](https://support.apple.com/kb/HT213494)\n- [cve@mitre.org](https://support.apple.com/kb/HT213491)\n- [cve@mitre.org](https://support.apple.com/kb/HT213488)\n- [cve@mitre.org](https://support.apple.com/kb/HT213489)\n- [cve@mitre.org](http://seclists.org/fulldisclosure/2022/Oct/41)\n- [cve@mitre.org](http://seclists.org/fulldisclosure/2022/Oct/37)\n- [cve@mitre.org](http://seclists.org/fulldisclosure/2022/Oct/38)\n- [cve@mitre.org](http://seclists.org/fulldisclosure/2022/Oct/42)\n- [cve@mitre.org](https://lists.fedoraproject.org/archives/list/package-announce%40lists.fedoraproject.org/message/JWN4VE3JQR4O2SOUS5TXNLANRPMHWV4I/)\n- [cve@mitre.org](https://lists.fedoraproject.org/archives/list/package-announce%40lists.fedoraproject.org/message/NMBOJ77A7T7PQCARMDUK75TE6LLESZ3O/)\n- [cve@mitre.org](https://lists.fedoraproject.org/archives/list/package-announce%40lists.fedoraproject.org/message/PAVPQNCG3XRLCLNSQRM3KAN5ZFMVXVTY/)\n- [cve@mitre.org](https://lists.fedoraproject.org/archives/list/package-announce%40lists.fedoraproject.org/message/X5U7OTKZSHY2I3ZFJSR2SHFHW72RKGDK/)\n- [cve@mitre.org](https://lists.fedoraproject.org/archives/list/package-announce%40lists.fedoraproject.org/message/YRQAI7H4M4RQZ2IWZUEEXECBE5D56BH2/)\n- [cve@mitre.org](https://security.netapp.com/advisory/ntap-20230427-0007/)\n",
      "epssDetails": {
        "percentile": "0.69068",
        "probability": "0.00360",
        "modelVersion": "v2023.03.01"
      },
      "identifiers": {
        "CVE": [
          "CVE-2022-37434"
        ],
        "CWE": [
          "CWE-787"
        ],
        "ALTERNATIVE": []
      },
      "nvdSeverity": "critical",
      "packageName": "zlib",
      "creationTime": "2022-08-09T14:30:21.348518Z",
      "disclosureTime": "2022-08-05T07:15:07.240000Z",
      "packageManager": "alpine:3.11",
      "publicationTime": "2022-08-06T14:21:13.389533Z",
      "modificationTime": "2023-11-08T09:42:50.476509Z",
      "socialTrendAlert": false,
      "relativeImportance": null,
      "severityWithCritical": "critical",
      "from": [
        "docker-image|jobber@latest",
        "zlib/zlib@1.2.11-r3"
      ],
      "upgradePath": [
        false,
        "zlib/zlib@1.2.11-r4"
      ],
      "isUpgradable": true,
      "isPatchable": false,
      "name": "zlib/zlib",
      "version": "1.2.11-r3",
      "nearestFixedInVersion": "1.2.11-r4",
      "dockerBaseImage": "alpine:3.11.13"
    },
    {
      "id": "SNYK-ALPINE311-ZLIB-2977081",
      "cpes": [],
      "title": "Out-of-bounds Write",
      "CVSSv3": "CVSS:3.1/AV:N/AC:L/PR:N/UI:N/S:U/C:H/I:H/A:H",
      "credit": [
        ""
      ],
      "semver": {
        "vulnerable": [
          "<1.2.11-r4"
        ]
      },
      "exploit": "Not Defined",
      "fixedIn": [
        "1.2.11-r4"
      ],
      "patches": [],
      "insights": {
        "triageAdvice": null
      },
      "language": "linux",
      "severity": "critical",
      "cvssScore": 9.8,
      "malicious": false,
      "isDisputed": false,
      "references": [
        {
          "url": "https://github.com/nodejs/node/blob/75b68c6e4db515f76df73af476eccf382bbcb00a/deps/zlib/inflate.c%23L762-L764",
          "title": "https://github.com/nodejs/node/blob/75b68c6e4db515f76df73af476eccf382bbcb00a/deps/zlib/inflate.c%23L762-L764"
        },
        {
          "url": "https://github.com/ivd38/zlib_overflow",
          "title": "https://github.com/ivd38/zlib_overflow"
        },
        {
          "url": "https://github.com/madler/zlib/commit/eff308af425b67093bab25f80f1ae950166bece1",
          "title": "https://github.com/madler/zlib/commit/eff308af425b67093bab25f80f1ae950166bece1"
        },
        {
          "url": "https://github.com/madler/zlib/blob/21767c654d31d2dccdde4330529775c6c5fd5389/zlib.h%23L1062-L1063",
          "title": "https://github.com/madler/zlib/blob/21767c654d31d2dccdde4330529775c6c5fd5389/zlib.h%23L1062-L1063"
        },
        {
          "url": "http://www.openwall.com/lists/oss-security/2022/08/05/2",
          "title": "http://www.openwall.com/lists/oss-security/2022/08/05/2"
        },
        {
          "url": "https://github.com/curl/curl/issues/9271",
          "title": "https://github.com/curl/curl/issues/9271"
        },
        {
          "url": "http://www.openwall.com/lists/oss-security/2022/08/09/1",
          "title": "http://www.openwall.com/lists/oss-security/2022/08/09/1"
        },
        {
          "url": "https://lists.fedoraproject.org/archives/list/package-announce@lists.fedoraproject.org/message/YRQAI7H4M4RQZ2IWZUEEXECBE5D56BH2/",
          "title": "https://lists.fedoraproject.org/archives/list/package-announce@lists.fedoraproject.org/message/YRQAI7H4M4RQZ2IWZUEEXECBE5D56BH2/"
        },
        {
          "url": "https://www.debian.org/security/2022/dsa-5218",
          "title": "https://www.debian.org/security/2022/dsa-5218"
        },
        {
          "url": "https://lists.fedoraproject.org/archives/list/package-announce@lists.fedoraproject.org/message/NMBOJ77A7T7PQCARMDUK75TE6LLESZ3O/",
          "title": "https://lists.fedoraproject.org/archives/list/package-announce@lists.fedoraproject.org/message/NMBOJ77A7T7PQCARMDUK75TE6LLESZ3O/"
        },
        {
          "url": "https://security.netapp.com/advisory/ntap-20220901-0005/",
          "title": "https://security.netapp.com/advisory/ntap-20220901-0005/"
        },
        {
          "url": "https://lists.fedoraproject.org/archives/list/package-announce@lists.fedoraproject.org/message/JWN4VE3JQR4O2SOUS5TXNLANRPMHWV4I/",
          "title": "https://lists.fedoraproject.org/archives/list/package-announce@lists.fedoraproject.org/message/JWN4VE3JQR4O2SOUS5TXNLANRPMHWV4I/"
        },
        {
          "url": "https://lists.debian.org/debian-lts-announce/2022/09/msg00012.html",
          "title": "https://lists.debian.org/debian-lts-announce/2022/09/msg00012.html"
        },
        {
          "url": "https://lists.fedoraproject.org/archives/list/package-announce@lists.fedoraproject.org/message/X5U7OTKZSHY2I3ZFJSR2SHFHW72RKGDK/",
          "title": "https://lists.fedoraproject.org/archives/list/package-announce@lists.fedoraproject.org/message/X5U7OTKZSHY2I3ZFJSR2SHFHW72RKGDK/"
        },
        {
          "url": "https://lists.fedoraproject.org/archives/list/package-announce@lists.fedoraproject.org/message/PAVPQNCG3XRLCLNSQRM3KAN5ZFMVXVTY/",
          "title": "https://lists.fedoraproject.org/archives/list/package-announce@lists.fedoraproject.org/message/PAVPQNCG3XRLCLNSQRM3KAN5ZFMVXVTY/"
        },
        {
          "url": "https://support.apple.com/kb/HT213490",
          "title": "https://support.apple.com/kb/HT213490"
        },
        {
          "url": "https://support.apple.com/kb/HT213493",
          "title": "https://support.apple.com/kb/HT213493"
        },
        {
          "url": "https://support.apple.com/kb/HT213494",
          "title": "https://support.apple.com/kb/HT213494"
        },
        {
          "url": "https://support.apple.com/kb/HT213491",
          "title": "https://support.apple.com/kb/HT213491"
        },
        {
          "url": "https://support.apple.com/kb/HT213488",
          "title": "https://support.apple.com/kb/HT213488"
        },
        {
          "url": "https://support.apple.com/kb/HT213489",
          "title": "https://support.apple.com/kb/HT213489"
        },
        {
          "url": "http://seclists.org/fulldisclosure/2022/Oct/41",
          "title": "http://seclists.org/fulldisclosure/2022/Oct/41"
        },
        {
          "url": "http://seclists.org/fulldisclosure/2022/Oct/37",
          "title": "http://seclists.org/fulldisclosure/2022/Oct/37"
        },
        {
          "url": "http://seclists.org/fulldisclosure/2022/Oct/38",
          "title": "http://seclists.org/fulldisclosure/2022/Oct/38"
        },
        {
          "url": "http://seclists.org/fulldisclosure/2022/Oct/42",
          "title": "http://seclists.org/fulldisclosure/2022/Oct/42"
        },
        {
          "url": "https://lists.fedoraproject.org/archives/list/package-announce%40lists.fedoraproject.org/message/JWN4VE3JQR4O2SOUS5TXNLANRPMHWV4I/",
          "title": "https://lists.fedoraproject.org/archives/list/package-announce%40lists.fedoraproject.org/message/JWN4VE3JQR4O2SOUS5TXNLANRPMHWV4I/"
        },
        {
          "url": "https://lists.fedoraproject.org/archives/list/package-announce%40lists.fedoraproject.org/message/NMBOJ77A7T7PQCARMDUK75TE6LLESZ3O/",
          "title": "https://lists.fedoraproject.org/archives/list/package-announce%40lists.fedoraproject.org/message/NMBOJ77A7T7PQCARMDUK75TE6LLESZ3O/"
        },
        {
          "url": "https://lists.fedoraproject.org/archives/list/package-announce%40lists.fedoraproject.org/message/PAVPQNCG3XRLCLNSQRM3KAN5ZFMVXVTY/",
          "title": "https://lists.fedoraproject.org/archives/list/package-announce%40lists.fedoraproject.org/message/PAVPQNCG3XRLCLNSQRM3KAN5ZFMVXVTY/"
        },
        {
          "url": "https://lists.fedoraproject.org/archives/list/package-announce%40lists.fedoraproject.org/message/X5U7OTKZSHY2I3ZFJSR2SHFHW72RKGDK/",
          "title": "https://lists.fedoraproject.org/archives/list/package-announce%40lists.fedoraproject.org/message/X5U7OTKZSHY2I3ZFJSR2SHFHW72RKGDK/"
        },
        {
          "url": "https://lists.fedoraproject.org/archives/list/package-announce%40lists.fedoraproject.org/message/YRQAI7H4M4RQZ2IWZUEEXECBE5D56BH2/",
          "title": "https://lists.fedoraproject.org/archives/list/package-announce%40lists.fedoraproject.org/message/YRQAI7H4M4RQZ2IWZUEEXECBE5D56BH2/"
        },
        {
          "url": "https://security.netapp.com/advisory/ntap-20230427-0007/",
          "title": "https://security.netapp.com/advisory/ntap-20230427-0007/"
        }
      ],
      "cvssDetails": [
        {
          "assigner": "NVD",
          "severity": "critical",
          "cvssV3Vector": "CVSS:3.1/AV:N/AC:L/PR:N/UI:N/S:U/C:H/I:H/A:H",
          "cvssV3BaseScore": 9.8,
          "modificationTime": "2022-11-17T01:11:14.816208Z"
        },
        {
          "assigner": "SUSE",
          "severity": "high",
          "cvssV3Vector": "CVSS:3.1/AV:N/AC:H/PR:N/UI:N/S:U/C:H/I:H/A:H",
          "cvssV3BaseScore": 8.1,
          "modificationTime": "2022-09-01T11:41:04.286968Z"
        },
        {
          "assigner": "Red Hat",
          "severity": "high",
          "cvssV3Vector": "CVSS:3.1/AV:N/AC:H/PR:N/UI:N/S:U/C:L/I:L/A:H",
          "cvssV3BaseScore": 7,
          "modificationTime": "2023-11-08T09:42:50.476509Z"
        }
      ],
      "description": "## NVD Description\n**_Note:_** _Versions mentioned in the description apply only to the upstream `zlib` package and not the `zlib` package as distributed by `Alpine`._\n_See `How to fix?` for `Alpine:3.11` relevant fixed versions and status._\n\nzlib through 1.2.12 has a heap-based buffer over-read or buffer overflow in inflate in inflate.c via a large gzip header extra field. NOTE: only applications that call inflateGetHeader are affected. Some common applications bundle the affected zlib source code but may be unable to call inflateGetHeader (e.g., see the nodejs/node reference).\n## Remediation\nUpgrade `Alpine:3.11` `zlib` to version 1.2.11-r4 or higher.\n## References\n- [cve@mitre.org](https://github.com/nodejs/node/blob/75b68c6e4db515f76df73af476eccf382bbcb00a/deps/zlib/inflate.c#L762-L764)\n- [cve@mitre.org](https://github.com/ivd38/zlib_overflow)\n- [cve@mitre.org](https://github.com/madler/zlib/commit/eff308af425b67093bab25f80f1ae950166bece1)\n- [cve@mitre.org](https://github.com/madler/zlib/blob/21767c654d31d2dccdde4330529775c6c5fd5389/zlib.h#L1062-L1063)\n- [cve@mitre.org](http://www.openwall.com/lists/oss-security/2022/08/05/2)\n- [cve@mitre.org](https://github.com/curl/curl/issues/9271)\n- [cve@mitre.org](http://www.openwall.com/lists/oss-security/2022/08/09/1)\n- [cve@mitre.org](https://lists.fedoraproject.org/archives/list/package-announce@lists.fedoraproject.org/message/YRQAI7H4M4RQZ2IWZUEEXECBE5D56BH2/)\n- [cve@mitre.org](https://www.debian.org/security/2022/dsa-5218)\n- [cve@mitre.org](https://lists.fedoraproject.org/archives/list/package-announce@lists.fedoraproject.org/message/NMBOJ77A7T7PQCARMDUK75TE6LLESZ3O/)\n- [cve@mitre.org](https://security.netapp.com/advisory/ntap-20220901-0005/)\n- [cve@mitre.org](https://lists.fedoraproject.org/archives/list/package-announce@lists.fedoraproject.org/message/JWN4VE3JQR4O2SOUS5TXNLANRPMHWV4I/)\n- [cve@mitre.org](https://lists.debian.org/debian-lts-announce/2022/09/msg00012.html)\n- [cve@mitre.org](https://lists.fedoraproject.org/archives/list/package-announce@lists.fedoraproject.org/message/X5U7OTKZSHY2I3ZFJSR2SHFHW72RKGDK/)\n- [cve@mitre.org](https://lists.fedoraproject.org/archives/list/package-announce@lists.fedoraproject.org/message/PAVPQNCG3XRLCLNSQRM3KAN5ZFMVXVTY/)\n- [cve@mitre.org](https://support.apple.com/kb/HT213490)\n- [cve@mitre.org](https://support.apple.com/kb/HT213493)\n- [cve@mitre.org](https://support.apple.com/kb/HT213494)\n- [cve@mitre.org](https://support.apple.com/kb/HT213491)\n- [cve@mitre.org](https://support.apple.com/kb/HT213488)\n- [cve@mitre.org](https://support.apple.com/kb/HT213489)\n- [cve@mitre.org](http://seclists.org/fulldisclosure/2022/Oct/41)\n- [cve@mitre.org](http://seclists.org/fulldisclosure/2022/Oct/37)\n- [cve@mitre.org](http://seclists.org/fulldisclosure/2022/Oct/38)\n- [cve@mitre.org](http://seclists.org/fulldisclosure/2022/Oct/42)\n- [cve@mitre.org](https://lists.fedoraproject.org/archives/list/package-announce%40lists.fedoraproject.org/message/JWN4VE3JQR4O2SOUS5TXNLANRPMHWV4I/)\n- [cve@mitre.org](https://lists.fedoraproject.org/archives/list/package-announce%40lists.fedoraproject.org/message/NMBOJ77A7T7PQCARMDUK75TE6LLESZ3O/)\n- [cve@mitre.org](https://lists.fedoraproject.org/archives/list/package-announce%40lists.fedoraproject.org/message/PAVPQNCG3XRLCLNSQRM3KAN5ZFMVXVTY/)\n- [cve@mitre.org](https://lists.fedoraproject.org/archives/list/package-announce%40lists.fedoraproject.org/message/X5U7OTKZSHY2I3ZFJSR2SHFHW72RKGDK/)\n- [cve@mitre.org](https://lists.fedoraproject.org/archives/list/package-announce%40lists.fedoraproject.org/message/YRQAI7H4M4RQZ2IWZUEEXECBE5D56BH2/)\n- [cve@mitre.org](https://security.netapp.com/advisory/ntap-20230427-0007/)\n",
      "epssDetails": {
        "percentile": "0.69068",
        "probability": "0.00360",
        "modelVersion": "v2023.03.01"
      },
      "identifiers": {
        "CVE": [
          "CVE-2022-37434"
        ],
        "CWE": [
          "CWE-787"
        ],
        "ALTERNATIVE": []
      },
      "nvdSeverity": "critical",
      "packageName": "zlib",
      "creationTime": "2022-08-09T14:30:21.348518Z",
      "disclosureTime": "2022-08-05T07:15:07.240000Z",
      "packageManager": "alpine:3.11",
      "publicationTime": "2022-08-06T14:21:13.389533Z",
      "modificationTime": "2023-11-08T09:42:50.476509Z",
      "socialTrendAlert": false,
      "relativeImportance": null,
      "severityWithCritical": "critical",
      "from": [
        "docker-image|jobber@latest",
        "apk-tools/apk-tools@2.10.8-r0",
        "zlib/zlib@1.2.11-r3"
      ],
      "upgradePath": [],
      "isUpgradable": false,
      "isPatchable": false,
      "name": "zlib/zlib",
      "version": "1.2.11-r3",
      "nearestFixedInVersion": "1.2.11-r4",
      "dockerBaseImage": "alpine:3.11.13"
    }
  ],
  "ok": false,
  "dependencyCount": 15,
  "org": "intman32",
  "policy": "# Snyk (https://snyk.io) policy file, patches or ignores known vulnerabilities.\nversion: v1.25.1\nignore: {}\npatch: {}\n",
  "isPrivate": true,
  "licensesPolicy": {
    "severities": {},
    "orgLicenseRules": {
      "AGPL-1.0": {
        "licenseType": "AGPL-1.0",
        "severity": "high",
        "instructions": ""
      },
      "AGPL-3.0": {
        "licenseType": "AGPL-3.0",
        "severity": "high",
        "instructions": ""
      },
      "Artistic-1.0": {
        "licenseType": "Artistic-1.0",
        "severity": "medium",
        "instructions": ""
      },
      "Artistic-2.0": {
        "licenseType": "Artistic-2.0",
        "severity": "medium",
        "instructions": ""
      },
      "CDDL-1.0": {
        "licenseType": "CDDL-1.0",
        "severity": "medium",
        "instructions": ""
      },
      "CPOL-1.02": {
        "licenseType": "CPOL-1.02",
        "severity": "high",
        "instructions": ""
      },
      "EPL-1.0": {
        "licenseType": "EPL-1.0",
        "severity": "medium",
        "instructions": ""
      },
      "GPL-2.0": {
        "licenseType": "GPL-2.0",
        "severity": "high",
        "instructions": ""
      },
      "GPL-3.0": {
        "licenseType": "GPL-3.0",
        "severity": "high",
        "instructions": ""
      },
      "LGPL-2.0": {
        "licenseType": "LGPL-2.0",
        "severity": "medium",
        "instructions": ""
      },
      "LGPL-2.1": {
        "licenseType": "LGPL-2.1",
        "severity": "medium",
        "instructions": ""
      },
      "LGPL-3.0": {
        "licenseType": "LGPL-3.0",
        "severity": "medium",
        "instructions": ""
      },
      "MPL-1.1": {
        "licenseType": "MPL-1.1",
        "severity": "medium",
        "instructions": ""
      },
      "MPL-2.0": {
        "licenseType": "MPL-2.0",
        "severity": "medium",
        "instructions": ""
      },
      "MS-RL": {
        "licenseType": "MS-RL",
        "severity": "medium",
        "instructions": ""
      },
      "SimPL-2.0": {
        "licenseType": "SimPL-2.0",
        "severity": "high",
        "instructions": ""
      }
    }
  },
  "packageManager": "apk",
  "ignoreSettings": {
    "adminOnly": false,
    "reasonRequired": false,
    "disregardFilesystemIgnores": false
  },
  "docker": {
    "baseImage": "alpine:3.11.13",
    "baseImageRemediation": {
      "code": "REMEDIATION_AVAILABLE",
      "advice": [
        {
          "message": "Base Image      Vulnerabilities  Severity\nalpine:3.11.13  1                1 critical, 0 high, 0 medium, 0 low\n"
        },
        {
          "message": "Recommendations for base image upgrade:\n",
          "bold": true
        },
        {
          "message": "Minor upgrades",
          "bold": true
        },
        {
          "message": "Base Image     Vulnerabilities  Severity\nalpine:3.16.7  0                0 critical, 0 high, 0 medium, 0 low\n"
        },
        {
          "message": "Alpine 3.11.13 is no longer supported by the Alpine maintainers. Vulnerability detection may be affected by a lack of security updates.",
          "bold": true,
          "color": "yellow"
        }
      ]
    }
  },
  "summary": "2 vulnerable dependency paths",
  "filesystemPolicy": false,
  "filtered": {
    "ignore": [],
    "patch": []
  },
  "uniqueCount": 1,
  "projectName": "docker-image|jobber",
  "platform": "linux/amd64",
  "hasUnknownVersions": false,
  "path": "jobber"
}
