{
  "vulnerabilities": [],
  "ok": true,
  "dependencyCount": 169,
  "org": "intman32",
  "policy": "# Snyk (https://snyk.io) policy file, patches or ignores known vulnerabilities.\nversion: v1.25.1\nignore: {}\npatch: {}\n",
  "isPrivate": true,
  "licensesPolicy": {
    "severities": {},
    "orgLicenseRules": {
      "AGPL-1.0": {
        "licenseType": "AGPL-1.0",
        "severity": "high",
        "instructions": ""
      },
      "AGPL-3.0": {
        "licenseType": "AGPL-3.0",
        "severity": "high",
        "instructions": ""
      },
      "Artistic-1.0": {
        "licenseType": "Artistic-1.0",
        "severity": "medium",
        "instructions": ""
      },
      "Artistic-2.0": {
        "licenseType": "Artistic-2.0",
        "severity": "medium",
        "instructions": ""
      },
      "CDDL-1.0": {
        "licenseType": "CDDL-1.0",
        "severity": "medium",
        "instructions": ""
      },
      "CPOL-1.02": {
        "licenseType": "CPOL-1.02",
        "severity": "high",
        "instructions": ""
      },
      "EPL-1.0": {
        "licenseType": "EPL-1.0",
        "severity": "medium",
        "instructions": ""
      },
      "GPL-2.0": {
        "licenseType": "GPL-2.0",
        "severity": "high",
        "instructions": ""
      },
      "GPL-3.0": {
        "licenseType": "GPL-3.0",
        "severity": "high",
        "instructions": ""
      },
      "LGPL-2.0": {
        "licenseType": "LGPL-2.0",
        "severity": "medium",
        "instructions": ""
      },
      "LGPL-2.1": {
        "licenseType": "LGPL-2.1",
        "severity": "medium",
        "instructions": ""
      },
      "LGPL-3.0": {
        "licenseType": "LGPL-3.0",
        "severity": "medium",
        "instructions": ""
      },
      "MPL-1.1": {
        "licenseType": "MPL-1.1",
        "severity": "medium",
        "instructions": ""
      },
      "MPL-2.0": {
        "licenseType": "MPL-2.0",
        "severity": "medium",
        "instructions": ""
      },
      "MS-RL": {
        "licenseType": "MS-RL",
        "severity": "medium",
        "instructions": ""
      },
      "SimPL-2.0": {
        "licenseType": "SimPL-2.0",
        "severity": "high",
        "instructions": ""
      }
    }
  },
  "packageManager": "deb",
  "ignoreSettings": {
    "adminOnly": false,
    "reasonRequired": false,
    "disregardFilesystemIgnores": false
  },
  "docker": {
    "baseImage": "php:5.6.40-fpm-stretch",
    "baseImageRemediation": {
      "code": "NO_REMEDIATION_AVAILABLE",
      "advice": [
        {
          "message": "According to our scan, you are currently using the most secure version of the selected base image",
          "bold": true
        },
        {
          "message": "Debian 9 is no longer supported by the Debian maintainers. Vulnerability detection may be affected by a lack of security updates.",
          "bold": true,
          "color": "yellow"
        }
      ]
    }
  },
  "summary": "No known operating system vulnerabilities",
  "filesystemPolicy": false,
  "uniqueCount": 0,
  "projectName": "docker-image|known",
  "platform": "linux/amd64",
  "hasUnknownVersions": false,
  "path": "known",
  "applications": [
    {
      "vulnerabilities": [
        {
          "id": "SNYK-JAVA-COMGOOGLEPROTOBUF-173761",
          "title": "Integer Overflow",
          "CVSSv3": "CVSS:3.1/AV:N/AC:L/PR:L/UI:N/S:U/C:H/I:H/A:H",
          "credit": [
            "Unknown"
          ],
          "semver": {
            "vulnerable": [
              "[,3.4.0)"
            ]
          },
          "exploit": "Not Defined",
          "fixedIn": [
            "3.4.0"
          ],
          "patches": [],
          "insights": {
            "triageAdvice": null
          },
          "language": "java",
          "severity": "high",
          "cvssScore": 8.8,
          "functions": [],
          "malicious": false,
          "isDisputed": false,
          "moduleName": "com.google.protobuf:protobuf-java",
          "references": [
            {
              "url": "https://github.com/protocolbuffers/protobuf/issues/760",
              "title": "GitHub Issue"
            }
          ],
          "cvssDetails": [
            {
              "assigner": "NVD",
              "severity": "high",
              "cvssV3Vector": "CVSS:3.1/AV:N/AC:L/PR:L/UI:N/S:U/C:H/I:H/A:H",
              "cvssV3BaseScore": 8.8,
              "modificationTime": "2022-01-03T17:40:55.460309Z"
            },
            {
              "assigner": "Red Hat",
              "severity": "low",
              "cvssV3Vector": "CVSS:3.1/AV:N/AC:H/PR:N/UI:N/S:U/C:N/I:N/A:L",
              "cvssV3BaseScore": 3.7,
              "modificationTime": "2023-02-09T11:24:54.250656Z"
            }
          ],
          "description": "## Overview\n[com.google.protobuf:protobuf-java](https://mvnrepository.com/artifact/com.google.protobuf/protobuf-java) is a Google's language-neutral, platform-neutral, extensible mechanism for serializing structured data.\n\nAffected versions of this package are vulnerable to Integer Overflow by allowing remote authenticated attackers to cause a heap-based buffer overflow in serialisation process.\n## Remediation\nUpgrade `com.google.protobuf:protobuf-java` to version 3.4.0 or higher.\n## References\n- [GitHub Issue](https://github.com/protocolbuffers/protobuf/issues/760)\n",
          "epssDetails": {
            "percentile": "0.85943",
            "probability": "0.01682",
            "modelVersion": "v2023.03.01"
          },
          "identifiers": {
            "CVE": [
              "CVE-2015-5237"
            ],
            "CWE": [
              "CWE-119"
            ]
          },
          "packageName": "com.google.protobuf:protobuf-java",
          "proprietary": false,
          "creationTime": "2019-03-10T12:35:11.866116Z",
          "functions_new": [],
          "alternativeIds": [],
          "disclosureTime": "2017-09-25T12:33:59Z",
          "packageManager": "maven",
          "mavenModuleName": {
            "groupId": "com.google.protobuf",
            "artifactId": "protobuf-java"
          },
          "publicationTime": "2019-03-10T12:33:58Z",
          "modificationTime": "2023-02-09T11:24:54.250656Z",
          "socialTrendAlert": false,
          "severityWithCritical": "high",
          "from": [
            "known:latest:/usr/src/known/external/mediaelement/src@*",
            "unknown:/usr/src/known/external/mediaelement/src/compiler.jar@unknown",
            "com.google.protobuf:protobuf-java@2.3.0"
          ],
          "upgradePath": [],
          "isUpgradable": false,
          "isPatchable": false,
          "name": "com.google.protobuf:protobuf-java",
          "version": "2.3.0"
        },
        {
          "id": "SNYK-JAVA-COMGOOGLEPROTOBUF-2331703",
          "title": "Denial of Service (DoS)",
          "CVSSv3": "CVSS:3.1/AV:N/AC:L/PR:N/UI:N/S:U/C:N/I:N/A:H",
          "credit": [
            "OSS-Fuzz"
          ],
          "semver": {
            "vulnerable": [
              "[,3.16.1)",
              "[3.17.0,3.18.2)",
              "[3.19.0,3.19.2)"
            ]
          },
          "exploit": "Not Defined",
          "fixedIn": [
            "3.16.1",
            "3.18.2",
            "3.19.2"
          ],
          "patches": [],
          "insights": {
            "triageAdvice": null
          },
          "language": "java",
          "severity": "high",
          "cvssScore": 7.5,
          "functions": [],
          "malicious": false,
          "isDisputed": false,
          "moduleName": "com.google.protobuf:protobuf-java",
          "references": [
            {
              "url": "https://bugs.chromium.org/p/oss-fuzz/issues/detail?id=39330",
              "title": "Chromium Bugs"
            },
            {
              "url": "https://github.com/protocolbuffers/protobuf/commit/36a2fe60090a277e0e740c8498ae715e87f6b9b7",
              "title": "GitHub Commit"
            },
            {
              "url": "https://github.com/protocolbuffers/protobuf/commit/9638a5e5315bf73f5e7148c16181676372321892",
              "title": "GitHub Commit"
            },
            {
              "url": "https://github.com/protocolbuffers/protobuf/commit/f554ccaa514967232cc494cf22947e1c73ca747f",
              "title": "GitHub Commit"
            },
            {
              "url": "https://cloud.google.com/support/bulletins%23gcp-2022-001",
              "title": "Google Cloud Security Bulletin"
            }
          ],
          "cvssDetails": [
            {
              "assigner": "NVD",
              "severity": "medium",
              "cvssV3Vector": "CVSS:3.1/AV:L/AC:L/PR:N/UI:R/S:U/C:N/I:N/A:H",
              "cvssV3BaseScore": 5.5,
              "modificationTime": "2022-05-11T01:11:08.076404Z"
            },
            {
              "assigner": "SUSE",
              "severity": "medium",
              "cvssV3Vector": "CVSS:3.1/AV:L/AC:L/PR:N/UI:R/S:U/C:N/I:N/A:H",
              "cvssV3BaseScore": 5.5,
              "modificationTime": "2022-11-10T11:02:14.067012Z"
            },
            {
              "assigner": "Red Hat",
              "severity": "medium",
              "cvssV3Vector": "CVSS:3.1/AV:L/AC:L/PR:N/UI:R/S:U/C:N/I:N/A:H",
              "cvssV3BaseScore": 5.5,
              "modificationTime": "2023-03-26T21:07:34.011076Z"
            }
          ],
          "description": "## Overview\n[com.google.protobuf:protobuf-java](https://mvnrepository.com/artifact/com.google.protobuf/protobuf-java) is a Google's language-neutral, platform-neutral, extensible mechanism for serializing structured data.\n\nAffected versions of this package are vulnerable to Denial of Service (DoS). An issue in protobuf-java allowed the interleaving of `com.google.protobuf.UnknownFieldSet` fields in such a way that would be processed out of order. A small malicious payload can occupy the parser for several minutes by creating large numbers of short-lived objects that cause frequent, repeated pauses.\r\n\r\n**Note:** Protobuf `javalite` users are not affected.\n\n## Details\n\nDenial of Service (DoS) describes a family of attacks, all aimed at making a system inaccessible to its intended and legitimate users.\n\nUnlike other vulnerabilities, DoS attacks usually do not aim at breaching security. Rather, they are focused on making websites and services unavailable to genuine users resulting in downtime.\n\nOne popular Denial of Service vulnerability is DDoS (a Distributed Denial of Service), an attack that attempts to clog network pipes to the system by generating a large volume of traffic from many machines.\n\nWhen it comes to open source libraries, DoS vulnerabilities allow attackers to trigger such a crash or crippling of the service by using a flaw either in the application code or from the use of open source libraries.\n\nTwo common types of DoS vulnerabilities:\n\n* High CPU/Memory Consumption- An attacker sending crafted requests that could cause the system to take a disproportionate amount of time to process. For example, [commons-fileupload:commons-fileupload](SNYK-JAVA-COMMONSFILEUPLOAD-30082).\n\n* Crash - An attacker sending crafted requests that could cause the system to crash. For Example,  [npm `ws` package](https://snyk.io/vuln/npm:ws:20171108)\n\n## Remediation\nUpgrade `com.google.protobuf:protobuf-java` to version 3.16.1, 3.18.2, 3.19.2 or higher.\n## References\n- [Chromium Bugs](https://bugs.chromium.org/p/oss-fuzz/issues/detail?id=39330)\n- [GitHub Commit](https://github.com/protocolbuffers/protobuf/commit/36a2fe60090a277e0e740c8498ae715e87f6b9b7)\n- [GitHub Commit](https://github.com/protocolbuffers/protobuf/commit/9638a5e5315bf73f5e7148c16181676372321892)\n- [GitHub Commit](https://github.com/protocolbuffers/protobuf/commit/f554ccaa514967232cc494cf22947e1c73ca747f)\n- [Google Cloud Security Bulletin](https://cloud.google.com/support/bulletins#gcp-2022-001)\n",
          "epssDetails": {
            "percentile": "0.29051",
            "probability": "0.00071",
            "modelVersion": "v2023.03.01"
          },
          "identifiers": {
            "CVE": [
              "CVE-2021-22569"
            ],
            "CWE": [
              "CWE-696"
            ]
          },
          "packageName": "com.google.protobuf:protobuf-java",
          "proprietary": false,
          "creationTime": "2022-01-07T14:28:02.877755Z",
          "functions_new": [],
          "alternativeIds": [],
          "disclosureTime": "2022-01-07T14:20:30Z",
          "packageManager": "maven",
          "mavenModuleName": {
            "groupId": "com.google.protobuf",
            "artifactId": "protobuf-java"
          },
          "publicationTime": "2022-01-07T17:14:55.813588Z",
          "modificationTime": "2023-04-14T13:50:01.922854Z",
          "socialTrendAlert": false,
          "severityWithCritical": "high",
          "from": [
            "known:latest:/usr/src/known/external/mediaelement/src@*",
            "unknown:/usr/src/known/external/mediaelement/src/compiler.jar@unknown",
            "com.google.protobuf:protobuf-java@2.3.0"
          ],
          "upgradePath": [],
          "isUpgradable": false,
          "isPatchable": false,
          "name": "com.google.protobuf:protobuf-java",
          "version": "2.3.0"
        },
        {
          "id": "SNYK-JAVA-COMGOOGLEPROTOBUF-3040284",
          "title": "Denial of Service (DoS)",
          "CVSSv3": "CVSS:3.1/AV:A/AC:L/PR:L/UI:N/S:U/C:N/I:N/A:H",
          "credit": [
            "OSS Fuzz Team"
          ],
          "semver": {
            "vulnerable": [
              "[,3.16.3)",
              "[3.17.0-rc-1,3.19.6)",
              "[3.20.0-rc-1,3.20.3)",
              "[3.21.0-rc-1,3.21.7)"
            ]
          },
          "exploit": "Not Defined",
          "fixedIn": [
            "3.16.3",
            "3.19.6",
            "3.20.3",
            "3.21.7"
          ],
          "patches": [],
          "insights": {
            "triageAdvice": null
          },
          "language": "java",
          "severity": "medium",
          "cvssScore": 5.7,
          "functions": [],
          "malicious": false,
          "isDisputed": false,
          "moduleName": "com.google.protobuf:protobuf-java",
          "references": [
            {
              "url": "https://bugs.chromium.org/p/oss-fuzz/issues/detail?id=48771",
              "title": "Chromium Bugs"
            },
            {
              "url": "https://github.com/protocolbuffers/protobuf/commit/24b65038cfe36191268fda355aca0e43d3ecbcbe",
              "title": "GitHub Commit"
            },
            {
              "url": "https://github.com/protocolbuffers/protobuf/pull/10674",
              "title": "GitHub PR"
            },
            {
              "url": "https://github.com/protocolbuffers/protobuf/releases/tag/v21.7",
              "title": "GitHub Release"
            },
            {
              "url": "https://github.com/protocolbuffers/protobuf/releases/tag/v3.16.3",
              "title": "GitHub Release"
            },
            {
              "url": "https://github.com/protocolbuffers/protobuf/releases/tag/v3.19.6",
              "title": "GitHub Release"
            },
            {
              "url": "https://github.com/protocolbuffers/protobuf/releases/tag/v3.20.3",
              "title": "GitHub Release"
            }
          ],
          "cvssDetails": [
            {
              "assigner": "NVD",
              "severity": "high",
              "cvssV3Vector": "CVSS:3.1/AV:N/AC:L/PR:N/UI:N/S:U/C:N/I:N/A:H",
              "cvssV3BaseScore": 7.5,
              "modificationTime": "2022-10-14T01:10:28.733957Z"
            },
            {
              "assigner": "SUSE",
              "severity": "high",
              "cvssV3Vector": "CVSS:3.1/AV:N/AC:L/PR:N/UI:N/S:U/C:N/I:N/A:H",
              "cvssV3BaseScore": 7.5,
              "modificationTime": "2022-11-10T11:03:15.219017Z"
            }
          ],
          "description": "## Overview\n[com.google.protobuf:protobuf-java](https://mvnrepository.com/artifact/com.google.protobuf/protobuf-java) is a Google's language-neutral, platform-neutral, extensible mechanism for serializing structured data.\n\nAffected versions of this package are vulnerable to Denial of Service (DoS) via the parsing procedure for binary and text format data. Input streams containing multiple instances of non-repeated [embedded messages](http://developers.google.com/protocol-buffers/docs/encoding#embedded) with repeated or unknown fields cause objects to be converted back and forth between mutable and immutable forms, resulting in potentially long garbage collection pauses.\n\n## Details\n\nDenial of Service (DoS) describes a family of attacks, all aimed at making a system inaccessible to its intended and legitimate users.\n\nUnlike other vulnerabilities, DoS attacks usually do not aim at breaching security. Rather, they are focused on making websites and services unavailable to genuine users resulting in downtime.\n\nOne popular Denial of Service vulnerability is DDoS (a Distributed Denial of Service), an attack that attempts to clog network pipes to the system by generating a large volume of traffic from many machines.\n\nWhen it comes to open source libraries, DoS vulnerabilities allow attackers to trigger such a crash or crippling of the service by using a flaw either in the application code or from the use of open source libraries.\n\nTwo common types of DoS vulnerabilities:\n\n* High CPU/Memory Consumption- An attacker sending crafted requests that could cause the system to take a disproportionate amount of time to process. For example, [commons-fileupload:commons-fileupload](SNYK-JAVA-COMMONSFILEUPLOAD-30082).\n\n* Crash - An attacker sending crafted requests that could cause the system to crash. For Example,  [npm `ws` package](https://snyk.io/vuln/npm:ws:20171108)\n\n## Remediation\nUpgrade `com.google.protobuf:protobuf-java` to version 3.16.3, 3.19.6, 3.20.3, 3.21.7 or higher.\n## References\n- [Chromium Bugs](https://bugs.chromium.org/p/oss-fuzz/issues/detail?id=48771)\n- [GitHub Commit](https://github.com/protocolbuffers/protobuf/commit/24b65038cfe36191268fda355aca0e43d3ecbcbe)\n- [GitHub PR](https://github.com/protocolbuffers/protobuf/pull/10674)\n- [GitHub Release](https://github.com/protocolbuffers/protobuf/releases/tag/v21.7)\n- [GitHub Release](https://github.com/protocolbuffers/protobuf/releases/tag/v3.16.3)\n- [GitHub Release](https://github.com/protocolbuffers/protobuf/releases/tag/v3.19.6)\n- [GitHub Release](https://github.com/protocolbuffers/protobuf/releases/tag/v3.20.3)\n",
          "epssDetails": {
            "percentile": "0.19982",
            "probability": "0.00054",
            "modelVersion": "v2023.03.01"
          },
          "identifiers": {
            "CVE": [
              "CVE-2022-3171"
            ],
            "CWE": [
              "CWE-400"
            ],
            "GHSA": [
              "GHSA-h4h5-3hr4-j3g2"
            ]
          },
          "packageName": "com.google.protobuf:protobuf-java",
          "proprietary": false,
          "creationTime": "2022-10-05T07:33:08.856834Z",
          "functions_new": [],
          "alternativeIds": [],
          "disclosureTime": "2022-10-04T22:17:15Z",
          "packageManager": "maven",
          "mavenModuleName": {
            "groupId": "com.google.protobuf",
            "artifactId": "protobuf-java"
          },
          "publicationTime": "2022-10-05T07:34:19Z",
          "modificationTime": "2022-11-10T11:03:15.219017Z",
          "socialTrendAlert": false,
          "severityWithCritical": "medium",
          "from": [
            "known:latest:/usr/src/known/external/mediaelement/src@*",
            "unknown:/usr/src/known/external/mediaelement/src/compiler.jar@unknown",
            "com.google.protobuf:protobuf-java@2.3.0"
          ],
          "upgradePath": [],
          "isUpgradable": false,
          "isPatchable": false,
          "name": "com.google.protobuf:protobuf-java",
          "version": "2.3.0"
        },
        {
          "id": "SNYK-JAVA-COMGOOGLEPROTOBUF-3167772",
          "title": "Denial of Service (DoS)",
          "CVSSv3": "CVSS:3.1/AV:N/AC:L/PR:N/UI:N/S:U/C:N/I:N/A:H",
          "credit": [
            "Unknown"
          ],
          "semver": {
            "vulnerable": [
              "[,3.16.3)",
              "[3.17.0,3.19.6)",
              "[3.20.0,3.20.3)",
              "[3.21.0,3.21.7)"
            ]
          },
          "exploit": "Not Defined",
          "fixedIn": [
            "3.16.3",
            "3.19.6",
            "3.20.3",
            "3.21.7"
          ],
          "patches": [],
          "insights": {
            "triageAdvice": null
          },
          "language": "java",
          "severity": "high",
          "cvssScore": 7.5,
          "functions": [],
          "malicious": false,
          "isDisputed": false,
          "moduleName": "com.google.protobuf:protobuf-java",
          "references": [
            {
              "url": "https://github.com/protocolbuffers/protobuf/commit/a3888f53317a8018e7a439bac4abeb8f3425d5e9",
              "title": "GitHub Commit"
            },
            {
              "url": "https://github.com/protocolbuffers/protobuf/pull/10673",
              "title": "GitHub PR"
            }
          ],
          "cvssDetails": [
            {
              "assigner": "NVD",
              "severity": "high",
              "cvssV3Vector": "CVSS:3.1/AV:N/AC:L/PR:N/UI:N/S:U/C:N/I:N/A:H",
              "cvssV3BaseScore": 7.5,
              "modificationTime": "2022-12-16T01:10:45.487487Z"
            },
            {
              "assigner": "Red Hat",
              "severity": "medium",
              "cvssV3Vector": "CVSS:3.1/AV:N/AC:H/PR:L/UI:N/S:U/C:N/I:N/A:H",
              "cvssV3BaseScore": 5.3,
              "modificationTime": "2023-11-08T09:43:38.410901Z"
            }
          ],
          "description": "## Overview\n[com.google.protobuf:protobuf-java](https://mvnrepository.com/artifact/com.google.protobuf/protobuf-java) is a Google's language-neutral, platform-neutral, extensible mechanism for serializing structured data.\n\nAffected versions of this package are vulnerable to Denial of Service (DoS) in `MessageReflection.java` due to a text format parsing issue. Inputs containing multiple instances of non-repeated embedded messages with repeated or unknown fields causes objects to be converted back and forth between mutable and immutable forms, resulting in potentially long garbage collection pauses.\n\n## Details\n\nDenial of Service (DoS) describes a family of attacks, all aimed at making a system inaccessible to its intended and legitimate users.\n\nUnlike other vulnerabilities, DoS attacks usually do not aim at breaching security. Rather, they are focused on making websites and services unavailable to genuine users resulting in downtime.\n\nOne popular Denial of Service vulnerability is DDoS (a Distributed Denial of Service), an attack that attempts to clog network pipes to the system by generating a large volume of traffic from many machines.\n\nWhen it comes to open source libraries, DoS vulnerabilities allow attackers to trigger such a crash or crippling of the service by using a flaw either in the application code or from the use of open source libraries.\n\nTwo common types of DoS vulnerabilities:\n\n* High CPU/Memory Consumption- An attacker sending crafted requests that could cause the system to take a disproportionate amount of time to process. For example, [commons-fileupload:commons-fileupload](SNYK-JAVA-COMMONSFILEUPLOAD-30082).\n\n* Crash - An attacker sending crafted requests that could cause the system to crash. For Example,  [npm `ws` package](https://snyk.io/vuln/npm:ws:20171108)\n\n## Remediation\nUpgrade `com.google.protobuf:protobuf-java` to version 3.16.3, 3.19.6, 3.20.3, 3.21.7 or higher.\n## References\n- [GitHub Commit](https://github.com/protocolbuffers/protobuf/commit/a3888f53317a8018e7a439bac4abeb8f3425d5e9)\n- [GitHub PR](https://github.com/protocolbuffers/protobuf/pull/10673)\n",
          "epssDetails": {
            "percentile": "0.31176",
            "probability": "0.00075",
            "modelVersion": "v2023.03.01"
          },
          "identifiers": {
            "CVE": [
              "CVE-2022-3509"
            ],
            "CWE": [
              "CWE-400"
            ],
            "GHSA": [
              "GHSA-g5ww-5jh7-63cx"
            ]
          },
          "packageName": "com.google.protobuf:protobuf-java",
          "proprietary": false,
          "creationTime": "2022-12-13T07:55:56.406684Z",
          "functions_new": [],
          "alternativeIds": [],
          "disclosureTime": "2022-12-12T15:30:33Z",
          "packageManager": "maven",
          "mavenModuleName": {
            "groupId": "com.google.protobuf",
            "artifactId": "protobuf-java"
          },
          "publicationTime": "2022-12-13T09:25:58.427325Z",
          "modificationTime": "2023-11-08T09:43:38.410901Z",
          "socialTrendAlert": false,
          "severityWithCritical": "high",
          "from": [
            "known:latest:/usr/src/known/external/mediaelement/src@*",
            "unknown:/usr/src/known/external/mediaelement/src/compiler.jar@unknown",
            "com.google.protobuf:protobuf-java@2.3.0"
          ],
          "upgradePath": [],
          "isUpgradable": false,
          "isPatchable": false,
          "name": "com.google.protobuf:protobuf-java",
          "version": "2.3.0"
        }
      ],
      "ok": false,
      "dependencyCount": 2,
      "org": "intman32",
      "policy": "# Snyk (https://snyk.io) policy file, patches or ignores known vulnerabilities.\nversion: v1.25.1\nignore: {}\npatch: {}\n",
      "isPrivate": true,
      "licensesPolicy": {
        "severities": {},
        "orgLicenseRules": {
          "AGPL-1.0": {
            "licenseType": "AGPL-1.0",
            "severity": "high",
            "instructions": ""
          },
          "AGPL-3.0": {
            "licenseType": "AGPL-3.0",
            "severity": "high",
            "instructions": ""
          },
          "Artistic-1.0": {
            "licenseType": "Artistic-1.0",
            "severity": "medium",
            "instructions": ""
          },
          "Artistic-2.0": {
            "licenseType": "Artistic-2.0",
            "severity": "medium",
            "instructions": ""
          },
          "CDDL-1.0": {
            "licenseType": "CDDL-1.0",
            "severity": "medium",
            "instructions": ""
          },
          "CPOL-1.02": {
            "licenseType": "CPOL-1.02",
            "severity": "high",
            "instructions": ""
          },
          "EPL-1.0": {
            "licenseType": "EPL-1.0",
            "severity": "medium",
            "instructions": ""
          },
          "GPL-2.0": {
            "licenseType": "GPL-2.0",
            "severity": "high",
            "instructions": ""
          },
          "GPL-3.0": {
            "licenseType": "GPL-3.0",
            "severity": "high",
            "instructions": ""
          },
          "LGPL-2.0": {
            "licenseType": "LGPL-2.0",
            "severity": "medium",
            "instructions": ""
          },
          "LGPL-2.1": {
            "licenseType": "LGPL-2.1",
            "severity": "medium",
            "instructions": ""
          },
          "LGPL-3.0": {
            "licenseType": "LGPL-3.0",
            "severity": "medium",
            "instructions": ""
          },
          "MPL-1.1": {
            "licenseType": "MPL-1.1",
            "severity": "medium",
            "instructions": ""
          },
          "MPL-2.0": {
            "licenseType": "MPL-2.0",
            "severity": "medium",
            "instructions": ""
          },
          "MS-RL": {
            "licenseType": "MS-RL",
            "severity": "medium",
            "instructions": ""
          },
          "SimPL-2.0": {
            "licenseType": "SimPL-2.0",
            "severity": "high",
            "instructions": ""
          }
        }
      },
      "packageManager": "maven",
      "ignoreSettings": {
        "adminOnly": false,
        "reasonRequired": false,
        "disregardFilesystemIgnores": false
      },
      "docker": {},
      "summary": "4 vulnerable dependency paths",
      "remediation": {
        "unresolved": [
          {
            "id": "SNYK-JAVA-COMGOOGLEPROTOBUF-173761",
            "title": "Integer Overflow",
            "CVSSv3": "CVSS:3.1/AV:N/AC:L/PR:L/UI:N/S:U/C:H/I:H/A:H",
            "credit": [
              "Unknown"
            ],
            "semver": {
              "vulnerable": [
                "[,3.4.0)"
              ]
            },
            "exploit": "Not Defined",
            "fixedIn": [
              "3.4.0"
            ],
            "patches": [],
            "insights": {
              "triageAdvice": null
            },
            "language": "java",
            "severity": "high",
            "cvssScore": 8.8,
            "functions": [],
            "malicious": false,
            "isDisputed": false,
            "moduleName": "com.google.protobuf:protobuf-java",
            "references": [
              {
                "url": "https://github.com/protocolbuffers/protobuf/issues/760",
                "title": "GitHub Issue"
              }
            ],
            "cvssDetails": [
              {
                "assigner": "NVD",
                "severity": "high",
                "cvssV3Vector": "CVSS:3.1/AV:N/AC:L/PR:L/UI:N/S:U/C:H/I:H/A:H",
                "cvssV3BaseScore": 8.8,
                "modificationTime": "2022-01-03T17:40:55.460309Z"
              },
              {
                "assigner": "Red Hat",
                "severity": "low",
                "cvssV3Vector": "CVSS:3.1/AV:N/AC:H/PR:N/UI:N/S:U/C:N/I:N/A:L",
                "cvssV3BaseScore": 3.7,
                "modificationTime": "2023-02-09T11:24:54.250656Z"
              }
            ],
            "description": "## Overview\n[com.google.protobuf:protobuf-java](https://mvnrepository.com/artifact/com.google.protobuf/protobuf-java) is a Google's language-neutral, platform-neutral, extensible mechanism for serializing structured data.\n\nAffected versions of this package are vulnerable to Integer Overflow by allowing remote authenticated attackers to cause a heap-based buffer overflow in serialisation process.\n## Remediation\nUpgrade `com.google.protobuf:protobuf-java` to version 3.4.0 or higher.\n## References\n- [GitHub Issue](https://github.com/protocolbuffers/protobuf/issues/760)\n",
            "epssDetails": {
              "percentile": "0.85943",
              "probability": "0.01682",
              "modelVersion": "v2023.03.01"
            },
            "identifiers": {
              "CVE": [
                "CVE-2015-5237"
              ],
              "CWE": [
                "CWE-119"
              ]
            },
            "packageName": "com.google.protobuf:protobuf-java",
            "proprietary": false,
            "creationTime": "2019-03-10T12:35:11.866116Z",
            "functions_new": [],
            "alternativeIds": [],
            "disclosureTime": "2017-09-25T12:33:59Z",
            "packageManager": "maven",
            "mavenModuleName": {
              "groupId": "com.google.protobuf",
              "artifactId": "protobuf-java"
            },
            "publicationTime": "2019-03-10T12:33:58Z",
            "modificationTime": "2023-02-09T11:24:54.250656Z",
            "socialTrendAlert": false,
            "packagePopularityRank": 99,
            "from": [
              "known:latest:/usr/src/known/external/mediaelement/src@*",
              "unknown:/usr/src/known/external/mediaelement/src/compiler.jar@unknown",
              "com.google.protobuf:protobuf-java@2.3.0"
            ],
            "upgradePath": [],
            "isUpgradable": false,
            "isPatchable": false,
            "isPinnable": false,
            "isRuntime": false,
            "name": "com.google.protobuf:protobuf-java",
            "version": "2.3.0",
            "severityWithCritical": "high"
          },
          {
            "id": "SNYK-JAVA-COMGOOGLEPROTOBUF-2331703",
            "title": "Denial of Service (DoS)",
            "CVSSv3": "CVSS:3.1/AV:N/AC:L/PR:N/UI:N/S:U/C:N/I:N/A:H",
            "credit": [
              "OSS-Fuzz"
            ],
            "semver": {
              "vulnerable": [
                "[,3.16.1)",
                "[3.17.0,3.18.2)",
                "[3.19.0,3.19.2)"
              ]
            },
            "exploit": "Not Defined",
            "fixedIn": [
              "3.16.1",
              "3.18.2",
              "3.19.2"
            ],
            "patches": [],
            "insights": {
              "triageAdvice": null
            },
            "language": "java",
            "severity": "high",
            "cvssScore": 7.5,
            "functions": [],
            "malicious": false,
            "isDisputed": false,
            "moduleName": "com.google.protobuf:protobuf-java",
            "references": [
              {
                "url": "https://bugs.chromium.org/p/oss-fuzz/issues/detail?id=39330",
                "title": "Chromium Bugs"
              },
              {
                "url": "https://github.com/protocolbuffers/protobuf/commit/36a2fe60090a277e0e740c8498ae715e87f6b9b7",
                "title": "GitHub Commit"
              },
              {
                "url": "https://github.com/protocolbuffers/protobuf/commit/9638a5e5315bf73f5e7148c16181676372321892",
                "title": "GitHub Commit"
              },
              {
                "url": "https://github.com/protocolbuffers/protobuf/commit/f554ccaa514967232cc494cf22947e1c73ca747f",
                "title": "GitHub Commit"
              },
              {
                "url": "https://cloud.google.com/support/bulletins%23gcp-2022-001",
                "title": "Google Cloud Security Bulletin"
              }
            ],
            "cvssDetails": [
              {
                "assigner": "NVD",
                "severity": "medium",
                "cvssV3Vector": "CVSS:3.1/AV:L/AC:L/PR:N/UI:R/S:U/C:N/I:N/A:H",
                "cvssV3BaseScore": 5.5,
                "modificationTime": "2022-05-11T01:11:08.076404Z"
              },
              {
                "assigner": "SUSE",
                "severity": "medium",
                "cvssV3Vector": "CVSS:3.1/AV:L/AC:L/PR:N/UI:R/S:U/C:N/I:N/A:H",
                "cvssV3BaseScore": 5.5,
                "modificationTime": "2022-11-10T11:02:14.067012Z"
              },
              {
                "assigner": "Red Hat",
                "severity": "medium",
                "cvssV3Vector": "CVSS:3.1/AV:L/AC:L/PR:N/UI:R/S:U/C:N/I:N/A:H",
                "cvssV3BaseScore": 5.5,
                "modificationTime": "2023-03-26T21:07:34.011076Z"
              }
            ],
            "description": "## Overview\n[com.google.protobuf:protobuf-java](https://mvnrepository.com/artifact/com.google.protobuf/protobuf-java) is a Google's language-neutral, platform-neutral, extensible mechanism for serializing structured data.\n\nAffected versions of this package are vulnerable to Denial of Service (DoS). An issue in protobuf-java allowed the interleaving of `com.google.protobuf.UnknownFieldSet` fields in such a way that would be processed out of order. A small malicious payload can occupy the parser for several minutes by creating large numbers of short-lived objects that cause frequent, repeated pauses.\r\n\r\n**Note:** Protobuf `javalite` users are not affected.\n\n## Details\n\nDenial of Service (DoS) describes a family of attacks, all aimed at making a system inaccessible to its intended and legitimate users.\n\nUnlike other vulnerabilities, DoS attacks usually do not aim at breaching security. Rather, they are focused on making websites and services unavailable to genuine users resulting in downtime.\n\nOne popular Denial of Service vulnerability is DDoS (a Distributed Denial of Service), an attack that attempts to clog network pipes to the system by generating a large volume of traffic from many machines.\n\nWhen it comes to open source libraries, DoS vulnerabilities allow attackers to trigger such a crash or crippling of the service by using a flaw either in the application code or from the use of open source libraries.\n\nTwo common types of DoS vulnerabilities:\n\n* High CPU/Memory Consumption- An attacker sending crafted requests that could cause the system to take a disproportionate amount of time to process. For example, [commons-fileupload:commons-fileupload](SNYK-JAVA-COMMONSFILEUPLOAD-30082).\n\n* Crash - An attacker sending crafted requests that could cause the system to crash. For Example,  [npm `ws` package](https://snyk.io/vuln/npm:ws:20171108)\n\n## Remediation\nUpgrade `com.google.protobuf:protobuf-java` to version 3.16.1, 3.18.2, 3.19.2 or higher.\n## References\n- [Chromium Bugs](https://bugs.chromium.org/p/oss-fuzz/issues/detail?id=39330)\n- [GitHub Commit](https://github.com/protocolbuffers/protobuf/commit/36a2fe60090a277e0e740c8498ae715e87f6b9b7)\n- [GitHub Commit](https://github.com/protocolbuffers/protobuf/commit/9638a5e5315bf73f5e7148c16181676372321892)\n- [GitHub Commit](https://github.com/protocolbuffers/protobuf/commit/f554ccaa514967232cc494cf22947e1c73ca747f)\n- [Google Cloud Security Bulletin](https://cloud.google.com/support/bulletins#gcp-2022-001)\n",
            "epssDetails": {
              "percentile": "0.29051",
              "probability": "0.00071",
              "modelVersion": "v2023.03.01"
            },
            "identifiers": {
              "CVE": [
                "CVE-2021-22569"
              ],
              "CWE": [
                "CWE-696"
              ]
            },
            "packageName": "com.google.protobuf:protobuf-java",
            "proprietary": false,
            "creationTime": "2022-01-07T14:28:02.877755Z",
            "functions_new": [],
            "alternativeIds": [],
            "disclosureTime": "2022-01-07T14:20:30Z",
            "packageManager": "maven",
            "mavenModuleName": {
              "groupId": "com.google.protobuf",
              "artifactId": "protobuf-java"
            },
            "publicationTime": "2022-01-07T17:14:55.813588Z",
            "modificationTime": "2023-04-14T13:50:01.922854Z",
            "socialTrendAlert": false,
            "packagePopularityRank": 99,
            "from": [
              "known:latest:/usr/src/known/external/mediaelement/src@*",
              "unknown:/usr/src/known/external/mediaelement/src/compiler.jar@unknown",
              "com.google.protobuf:protobuf-java@2.3.0"
            ],
            "upgradePath": [],
            "isUpgradable": false,
            "isPatchable": false,
            "isPinnable": false,
            "isRuntime": false,
            "name": "com.google.protobuf:protobuf-java",
            "version": "2.3.0",
            "severityWithCritical": "high"
          },
          {
            "id": "SNYK-JAVA-COMGOOGLEPROTOBUF-3040284",
            "title": "Denial of Service (DoS)",
            "CVSSv3": "CVSS:3.1/AV:A/AC:L/PR:L/UI:N/S:U/C:N/I:N/A:H",
            "credit": [
              "OSS Fuzz Team"
            ],
            "semver": {
              "vulnerable": [
                "[,3.16.3)",
                "[3.17.0-rc-1,3.19.6)",
                "[3.20.0-rc-1,3.20.3)",
                "[3.21.0-rc-1,3.21.7)"
              ]
            },
            "exploit": "Not Defined",
            "fixedIn": [
              "3.16.3",
              "3.19.6",
              "3.20.3",
              "3.21.7"
            ],
            "patches": [],
            "insights": {
              "triageAdvice": null
            },
            "language": "java",
            "severity": "medium",
            "cvssScore": 5.7,
            "functions": [],
            "malicious": false,
            "isDisputed": false,
            "moduleName": "com.google.protobuf:protobuf-java",
            "references": [
              {
                "url": "https://bugs.chromium.org/p/oss-fuzz/issues/detail?id=48771",
                "title": "Chromium Bugs"
              },
              {
                "url": "https://github.com/protocolbuffers/protobuf/commit/24b65038cfe36191268fda355aca0e43d3ecbcbe",
                "title": "GitHub Commit"
              },
              {
                "url": "https://github.com/protocolbuffers/protobuf/pull/10674",
                "title": "GitHub PR"
              },
              {
                "url": "https://github.com/protocolbuffers/protobuf/releases/tag/v21.7",
                "title": "GitHub Release"
              },
              {
                "url": "https://github.com/protocolbuffers/protobuf/releases/tag/v3.16.3",
                "title": "GitHub Release"
              },
              {
                "url": "https://github.com/protocolbuffers/protobuf/releases/tag/v3.19.6",
                "title": "GitHub Release"
              },
              {
                "url": "https://github.com/protocolbuffers/protobuf/releases/tag/v3.20.3",
                "title": "GitHub Release"
              }
            ],
            "cvssDetails": [
              {
                "assigner": "NVD",
                "severity": "high",
                "cvssV3Vector": "CVSS:3.1/AV:N/AC:L/PR:N/UI:N/S:U/C:N/I:N/A:H",
                "cvssV3BaseScore": 7.5,
                "modificationTime": "2022-10-14T01:10:28.733957Z"
              },
              {
                "assigner": "SUSE",
                "severity": "high",
                "cvssV3Vector": "CVSS:3.1/AV:N/AC:L/PR:N/UI:N/S:U/C:N/I:N/A:H",
                "cvssV3BaseScore": 7.5,
                "modificationTime": "2022-11-10T11:03:15.219017Z"
              }
            ],
            "description": "## Overview\n[com.google.protobuf:protobuf-java](https://mvnrepository.com/artifact/com.google.protobuf/protobuf-java) is a Google's language-neutral, platform-neutral, extensible mechanism for serializing structured data.\n\nAffected versions of this package are vulnerable to Denial of Service (DoS) via the parsing procedure for binary and text format data. Input streams containing multiple instances of non-repeated [embedded messages](http://developers.google.com/protocol-buffers/docs/encoding#embedded) with repeated or unknown fields cause objects to be converted back and forth between mutable and immutable forms, resulting in potentially long garbage collection pauses.\n\n## Details\n\nDenial of Service (DoS) describes a family of attacks, all aimed at making a system inaccessible to its intended and legitimate users.\n\nUnlike other vulnerabilities, DoS attacks usually do not aim at breaching security. Rather, they are focused on making websites and services unavailable to genuine users resulting in downtime.\n\nOne popular Denial of Service vulnerability is DDoS (a Distributed Denial of Service), an attack that attempts to clog network pipes to the system by generating a large volume of traffic from many machines.\n\nWhen it comes to open source libraries, DoS vulnerabilities allow attackers to trigger such a crash or crippling of the service by using a flaw either in the application code or from the use of open source libraries.\n\nTwo common types of DoS vulnerabilities:\n\n* High CPU/Memory Consumption- An attacker sending crafted requests that could cause the system to take a disproportionate amount of time to process. For example, [commons-fileupload:commons-fileupload](SNYK-JAVA-COMMONSFILEUPLOAD-30082).\n\n* Crash - An attacker sending crafted requests that could cause the system to crash. For Example,  [npm `ws` package](https://snyk.io/vuln/npm:ws:20171108)\n\n## Remediation\nUpgrade `com.google.protobuf:protobuf-java` to version 3.16.3, 3.19.6, 3.20.3, 3.21.7 or higher.\n## References\n- [Chromium Bugs](https://bugs.chromium.org/p/oss-fuzz/issues/detail?id=48771)\n- [GitHub Commit](https://github.com/protocolbuffers/protobuf/commit/24b65038cfe36191268fda355aca0e43d3ecbcbe)\n- [GitHub PR](https://github.com/protocolbuffers/protobuf/pull/10674)\n- [GitHub Release](https://github.com/protocolbuffers/protobuf/releases/tag/v21.7)\n- [GitHub Release](https://github.com/protocolbuffers/protobuf/releases/tag/v3.16.3)\n- [GitHub Release](https://github.com/protocolbuffers/protobuf/releases/tag/v3.19.6)\n- [GitHub Release](https://github.com/protocolbuffers/protobuf/releases/tag/v3.20.3)\n",
            "epssDetails": {
              "percentile": "0.19982",
              "probability": "0.00054",
              "modelVersion": "v2023.03.01"
            },
            "identifiers": {
              "CVE": [
                "CVE-2022-3171"
              ],
              "CWE": [
                "CWE-400"
              ],
              "GHSA": [
                "GHSA-h4h5-3hr4-j3g2"
              ]
            },
            "packageName": "com.google.protobuf:protobuf-java",
            "proprietary": false,
            "creationTime": "2022-10-05T07:33:08.856834Z",
            "functions_new": [],
            "alternativeIds": [],
            "disclosureTime": "2022-10-04T22:17:15Z",
            "packageManager": "maven",
            "mavenModuleName": {
              "groupId": "com.google.protobuf",
              "artifactId": "protobuf-java"
            },
            "publicationTime": "2022-10-05T07:34:19Z",
            "modificationTime": "2022-11-10T11:03:15.219017Z",
            "socialTrendAlert": false,
            "packagePopularityRank": 99,
            "from": [
              "known:latest:/usr/src/known/external/mediaelement/src@*",
              "unknown:/usr/src/known/external/mediaelement/src/compiler.jar@unknown",
              "com.google.protobuf:protobuf-java@2.3.0"
            ],
            "upgradePath": [],
            "isUpgradable": false,
            "isPatchable": false,
            "isPinnable": false,
            "isRuntime": false,
            "name": "com.google.protobuf:protobuf-java",
            "version": "2.3.0",
            "severityWithCritical": "medium"
          },
          {
            "id": "SNYK-JAVA-COMGOOGLEPROTOBUF-3167772",
            "title": "Denial of Service (DoS)",
            "CVSSv3": "CVSS:3.1/AV:N/AC:L/PR:N/UI:N/S:U/C:N/I:N/A:H",
            "credit": [
              "Unknown"
            ],
            "semver": {
              "vulnerable": [
                "[,3.16.3)",
                "[3.17.0,3.19.6)",
                "[3.20.0,3.20.3)",
                "[3.21.0,3.21.7)"
              ]
            },
            "exploit": "Not Defined",
            "fixedIn": [
              "3.16.3",
              "3.19.6",
              "3.20.3",
              "3.21.7"
            ],
            "patches": [],
            "insights": {
              "triageAdvice": null
            },
            "language": "java",
            "severity": "high",
            "cvssScore": 7.5,
            "functions": [],
            "malicious": false,
            "isDisputed": false,
            "moduleName": "com.google.protobuf:protobuf-java",
            "references": [
              {
                "url": "https://github.com/protocolbuffers/protobuf/commit/a3888f53317a8018e7a439bac4abeb8f3425d5e9",
                "title": "GitHub Commit"
              },
              {
                "url": "https://github.com/protocolbuffers/protobuf/pull/10673",
                "title": "GitHub PR"
              }
            ],
            "cvssDetails": [
              {
                "assigner": "NVD",
                "severity": "high",
                "cvssV3Vector": "CVSS:3.1/AV:N/AC:L/PR:N/UI:N/S:U/C:N/I:N/A:H",
                "cvssV3BaseScore": 7.5,
                "modificationTime": "2022-12-16T01:10:45.487487Z"
              },
              {
                "assigner": "Red Hat",
                "severity": "medium",
                "cvssV3Vector": "CVSS:3.1/AV:N/AC:H/PR:L/UI:N/S:U/C:N/I:N/A:H",
                "cvssV3BaseScore": 5.3,
                "modificationTime": "2023-11-08T09:43:38.410901Z"
              }
            ],
            "description": "## Overview\n[com.google.protobuf:protobuf-java](https://mvnrepository.com/artifact/com.google.protobuf/protobuf-java) is a Google's language-neutral, platform-neutral, extensible mechanism for serializing structured data.\n\nAffected versions of this package are vulnerable to Denial of Service (DoS) in `MessageReflection.java` due to a text format parsing issue. Inputs containing multiple instances of non-repeated embedded messages with repeated or unknown fields causes objects to be converted back and forth between mutable and immutable forms, resulting in potentially long garbage collection pauses.\n\n## Details\n\nDenial of Service (DoS) describes a family of attacks, all aimed at making a system inaccessible to its intended and legitimate users.\n\nUnlike other vulnerabilities, DoS attacks usually do not aim at breaching security. Rather, they are focused on making websites and services unavailable to genuine users resulting in downtime.\n\nOne popular Denial of Service vulnerability is DDoS (a Distributed Denial of Service), an attack that attempts to clog network pipes to the system by generating a large volume of traffic from many machines.\n\nWhen it comes to open source libraries, DoS vulnerabilities allow attackers to trigger such a crash or crippling of the service by using a flaw either in the application code or from the use of open source libraries.\n\nTwo common types of DoS vulnerabilities:\n\n* High CPU/Memory Consumption- An attacker sending crafted requests that could cause the system to take a disproportionate amount of time to process. For example, [commons-fileupload:commons-fileupload](SNYK-JAVA-COMMONSFILEUPLOAD-30082).\n\n* Crash - An attacker sending crafted requests that could cause the system to crash. For Example,  [npm `ws` package](https://snyk.io/vuln/npm:ws:20171108)\n\n## Remediation\nUpgrade `com.google.protobuf:protobuf-java` to version 3.16.3, 3.19.6, 3.20.3, 3.21.7 or higher.\n## References\n- [GitHub Commit](https://github.com/protocolbuffers/protobuf/commit/a3888f53317a8018e7a439bac4abeb8f3425d5e9)\n- [GitHub PR](https://github.com/protocolbuffers/protobuf/pull/10673)\n",
            "epssDetails": {
              "percentile": "0.31176",
              "probability": "0.00075",
              "modelVersion": "v2023.03.01"
            },
            "identifiers": {
              "CVE": [
                "CVE-2022-3509"
              ],
              "CWE": [
                "CWE-400"
              ],
              "GHSA": [
                "GHSA-g5ww-5jh7-63cx"
              ]
            },
            "packageName": "com.google.protobuf:protobuf-java",
            "proprietary": false,
            "creationTime": "2022-12-13T07:55:56.406684Z",
            "functions_new": [],
            "alternativeIds": [],
            "disclosureTime": "2022-12-12T15:30:33Z",
            "packageManager": "maven",
            "mavenModuleName": {
              "groupId": "com.google.protobuf",
              "artifactId": "protobuf-java"
            },
            "publicationTime": "2022-12-13T09:25:58.427325Z",
            "modificationTime": "2023-11-08T09:43:38.410901Z",
            "socialTrendAlert": false,
            "packagePopularityRank": 99,
            "from": [
              "known:latest:/usr/src/known/external/mediaelement/src@*",
              "unknown:/usr/src/known/external/mediaelement/src/compiler.jar@unknown",
              "com.google.protobuf:protobuf-java@2.3.0"
            ],
            "upgradePath": [],
            "isUpgradable": false,
            "isPatchable": false,
            "isPinnable": false,
            "isRuntime": false,
            "name": "com.google.protobuf:protobuf-java",
            "version": "2.3.0",
            "severityWithCritical": "high"
          }
        ],
        "upgrade": {},
        "patch": {},
        "ignore": {},
        "pin": {}
      },
      "filesystemPolicy": false,
      "filtered": {
        "ignore": [],
        "patch": []
      },
      "uniqueCount": 4,
      "targetFile": "/usr/src/known/external/mediaelement/src",
      "projectName": "known:latest:/usr/src/known/external/mediaelement/src",
      "displayTargetFile": "/usr/src/known/external/mediaelement/src",
      "hasUnknownVersions": true,
      "path": "known/usr/src/known/external/mediaelement/src"
    }
  ]
}
