{
  "vulnerabilities": [],
  "ok": true,
  "dependencyCount": 173,
  "org": "intman32",
  "policy": "# Snyk (https://snyk.io) policy file, patches or ignores known vulnerabilities.\nversion: v1.25.1\nignore: {}\npatch: {}\n",
  "isPrivate": true,
  "licensesPolicy": {
    "severities": {},
    "orgLicenseRules": {
      "AGPL-1.0": {
        "licenseType": "AGPL-1.0",
        "severity": "high",
        "instructions": ""
      },
      "AGPL-3.0": {
        "licenseType": "AGPL-3.0",
        "severity": "high",
        "instructions": ""
      },
      "Artistic-1.0": {
        "licenseType": "Artistic-1.0",
        "severity": "medium",
        "instructions": ""
      },
      "Artistic-2.0": {
        "licenseType": "Artistic-2.0",
        "severity": "medium",
        "instructions": ""
      },
      "CDDL-1.0": {
        "licenseType": "CDDL-1.0",
        "severity": "medium",
        "instructions": ""
      },
      "CPOL-1.02": {
        "licenseType": "CPOL-1.02",
        "severity": "high",
        "instructions": ""
      },
      "EPL-1.0": {
        "licenseType": "EPL-1.0",
        "severity": "medium",
        "instructions": ""
      },
      "GPL-2.0": {
        "licenseType": "GPL-2.0",
        "severity": "high",
        "instructions": ""
      },
      "GPL-3.0": {
        "licenseType": "GPL-3.0",
        "severity": "high",
        "instructions": ""
      },
      "LGPL-2.0": {
        "licenseType": "LGPL-2.0",
        "severity": "medium",
        "instructions": ""
      },
      "LGPL-2.1": {
        "licenseType": "LGPL-2.1",
        "severity": "medium",
        "instructions": ""
      },
      "LGPL-3.0": {
        "licenseType": "LGPL-3.0",
        "severity": "medium",
        "instructions": ""
      },
      "MPL-1.1": {
        "licenseType": "MPL-1.1",
        "severity": "medium",
        "instructions": ""
      },
      "MPL-2.0": {
        "licenseType": "MPL-2.0",
        "severity": "medium",
        "instructions": ""
      },
      "MS-RL": {
        "licenseType": "MS-RL",
        "severity": "medium",
        "instructions": ""
      },
      "SimPL-2.0": {
        "licenseType": "SimPL-2.0",
        "severity": "high",
        "instructions": ""
      }
    }
  },
  "packageManager": "deb",
  "ignoreSettings": {
    "adminOnly": false,
    "reasonRequired": false,
    "disregardFilesystemIgnores": false
  },
  "docker": {
    "baseImage": "php:7.1.22-apache-stretch",
    "baseImageRemediation": {
      "code": "NO_REMEDIATION_AVAILABLE",
      "advice": [
        {
          "message": "According to our scan, you are currently using the most secure version of the selected base image",
          "bold": true
        },
        {
          "message": "Debian 9 is no longer supported by the Debian maintainers. Vulnerability detection may be affected by a lack of security updates.",
          "bold": true,
          "color": "yellow"
        }
      ]
    }
  },
  "summary": "No known operating system vulnerabilities",
  "filesystemPolicy": false,
  "uniqueCount": 0,
  "projectName": "docker-image|piwik",
  "platform": "linux/amd64",
  "hasUnknownVersions": false,
  "path": "piwik",
  "applications": [
    {
      "vulnerabilities": [],
      "ok": true,
      "dependencyCount": 0,
      "org": "intman32",
      "policy": "# Snyk (https://snyk.io) policy file, patches or ignores known vulnerabilities.\nversion: v1.25.1\nignore: {}\npatch: {}\n",
      "isPrivate": true,
      "licensesPolicy": {
        "severities": {},
        "orgLicenseRules": {
          "AGPL-1.0": {
            "licenseType": "AGPL-1.0",
            "severity": "high",
            "instructions": ""
          },
          "AGPL-3.0": {
            "licenseType": "AGPL-3.0",
            "severity": "high",
            "instructions": ""
          },
          "Artistic-1.0": {
            "licenseType": "Artistic-1.0",
            "severity": "medium",
            "instructions": ""
          },
          "Artistic-2.0": {
            "licenseType": "Artistic-2.0",
            "severity": "medium",
            "instructions": ""
          },
          "CDDL-1.0": {
            "licenseType": "CDDL-1.0",
            "severity": "medium",
            "instructions": ""
          },
          "CPOL-1.02": {
            "licenseType": "CPOL-1.02",
            "severity": "high",
            "instructions": ""
          },
          "EPL-1.0": {
            "licenseType": "EPL-1.0",
            "severity": "medium",
            "instructions": ""
          },
          "GPL-2.0": {
            "licenseType": "GPL-2.0",
            "severity": "high",
            "instructions": ""
          },
          "GPL-3.0": {
            "licenseType": "GPL-3.0",
            "severity": "high",
            "instructions": ""
          },
          "LGPL-2.0": {
            "licenseType": "LGPL-2.0",
            "severity": "medium",
            "instructions": ""
          },
          "LGPL-2.1": {
            "licenseType": "LGPL-2.1",
            "severity": "medium",
            "instructions": ""
          },
          "LGPL-3.0": {
            "licenseType": "LGPL-3.0",
            "severity": "medium",
            "instructions": ""
          },
          "MPL-1.1": {
            "licenseType": "MPL-1.1",
            "severity": "medium",
            "instructions": ""
          },
          "MPL-2.0": {
            "licenseType": "MPL-2.0",
            "severity": "medium",
            "instructions": ""
          },
          "MS-RL": {
            "licenseType": "MS-RL",
            "severity": "medium",
            "instructions": ""
          },
          "SimPL-2.0": {
            "licenseType": "SimPL-2.0",
            "severity": "high",
            "instructions": ""
          }
        }
      },
      "packageManager": "yarn",
      "ignoreSettings": {
        "adminOnly": false,
        "reasonRequired": false,
        "disregardFilesystemIgnores": false
      },
      "docker": {},
      "summary": "No known vulnerabilities",
      "filesystemPolicy": false,
      "uniqueCount": 0,
      "targetFile": "/usr/src/piwik/libs/bower_components/ngDialog/package.json",
      "projectName": "ng-dialog",
      "displayTargetFile": "/usr/src/piwik/libs/bower_components/ngDialog/package.json",
      "hasUnknownVersions": false,
      "path": "piwik"
    },
    {
      "vulnerabilities": [
        {
          "id": "SNYK-PHP-PEARARCHIVETAR-1042147",
          "title": "Deserialization of Untrusted Data",
          "CVSSv3": "CVSS:3.1/AV:N/AC:H/PR:N/UI:N/S:U/C:H/I:H/A:H/E:P/RL:O/RC:C",
          "credit": [
            "xorathustra"
          ],
          "semver": {
            "vulnerable": [
              "<1.4.11"
            ]
          },
          "exploit": "Proof of Concept",
          "fixedIn": [
            "1.4.11"
          ],
          "patches": [],
          "insights": {
            "triageAdvice": null
          },
          "language": "php",
          "severity": "high",
          "cvssScore": 8.1,
          "functions": [],
          "malicious": false,
          "isDisputed": false,
          "moduleName": "pear/archive_tar",
          "references": [
            {
              "url": "https://github.com/pear/Archive_Tar/issues/33",
              "title": "GitHub Issue"
            },
            {
              "url": "https://github.com/0x240x23elu/CVE-2020-28948-and-CVE-2020-28949/blob/main/exploit.zip",
              "title": "PoC"
            }
          ],
          "cvssDetails": [
            {
              "assigner": "NVD",
              "severity": "high",
              "cvssV3Vector": "CVSS:3.1/AV:L/AC:L/PR:N/UI:R/S:U/C:H/I:H/A:H",
              "cvssV3BaseScore": 7.8,
              "modificationTime": "2022-03-31T01:11:28.416948Z"
            },
            {
              "assigner": "Red Hat",
              "severity": "high",
              "cvssV3Vector": "CVSS:3.1/AV:L/AC:L/PR:N/UI:R/S:U/C:H/I:H/A:H",
              "cvssV3BaseScore": 7.8,
              "modificationTime": "2022-11-03T19:07:56.635274Z"
            }
          ],
          "description": "## Overview\n[pear/archive_tar](https://github.com/pear/Archive_Tar) is a Tar file management class with compression support (gzip, bzip2, lzma2)\n\nAffected versions of this package are vulnerable to Deserialization of Untrusted Data because the `PHAR:` (as opposed to `phar:`) is not blacklisted.\n\n## Details\n\nSerialization is a process of converting an object into a sequence of bytes which can be persisted to a disk or database or can be sent through streams. The reverse process of creating object from sequence of bytes is called deserialization. Serialization is commonly used for communication (sharing objects between multiple hosts) and persistence (store the object state in a file or a database). It is an integral part of popular protocols like _Remote Method Invocation (RMI)_, _Java Management Extension (JMX)_, _Java Messaging System (JMS)_, _Action Message Format (AMF)_, _Java Server Faces (JSF) ViewState_, etc.\n\n_Deserialization of untrusted data_ ([CWE-502](https://cwe.mitre.org/data/definitions/502.html)), is when the application deserializes untrusted data without sufficiently verifying that the resulting data will be valid, letting the attacker to control the state or the flow of the execution.\n\nJava deserialization issues have been known for years. However, interest in the issue intensified greatly in 2015, when classes that could be abused to achieve remote code execution were found in a [popular library (Apache Commons Collection)](https://snyk.io/vuln/SNYK-JAVA-COMMONSCOLLECTIONS-30078). These classes were used in zero-days affecting IBM WebSphere, Oracle WebLogic and many other products.\n\n  \nAn attacker just needs to identify a piece of software that has both a vulnerable class on its path, and performs deserialization on untrusted data. Then all they need to do is send the payload into the deserializer, getting the command executed.\n  \n\n> Developers put too much trust in Java Object Serialization. Some even de-serialize objects pre-authentication. When deserializing an Object in Java you typically cast it to an expected type, and therefore Java's strict type system will ensure you only get valid object trees. Unfortunately, by the time the type checking happens, platform code has already created and executed significant logic. So, before the final type is checked a lot of code is executed from the readObject() methods of various objects, all of which is out of the developer's control. By combining the readObject() methods of various classes which are available on the classpath of the vulnerable application an attacker can execute functions (including calling Runtime.exec() to execute local OS commands).\n\n- Apache Blog\n  \n## Remediation\nUpgrade `pear/archive_tar` to version 1.4.11 or higher.\n## References\n- [GitHub Issue](https://github.com/pear/Archive_Tar/issues/33)\n- [PoC](https://github.com/0x240x23elu/CVE-2020-28948-and-CVE-2020-28949/blob/main/exploit.zip)\n",
          "epssDetails": {
            "percentile": "0.95432",
            "probability": "0.18133",
            "modelVersion": "v2023.03.01"
          },
          "identifiers": {
            "CVE": [
              "CVE-2020-28948"
            ],
            "CWE": [
              "CWE-502"
            ]
          },
          "packageName": "pear/archive_tar",
          "proprietary": false,
          "creationTime": "2020-11-20T13:44:34.126495Z",
          "functions_new": [],
          "alternativeIds": [],
          "disclosureTime": "2020-11-20T13:38:08Z",
          "packageManager": "composer",
          "publicationTime": "2020-11-20T16:24:18Z",
          "modificationTime": "2022-11-03T19:07:56.635274Z",
          "socialTrendAlert": false,
          "severityWithCritical": "high",
          "from": [
            "piwik/piwik@0.0.0",
            "piwik/decompress@1.2.2",
            "pear/archive_tar@1.4.3"
          ],
          "upgradePath": [],
          "isUpgradable": false,
          "isPatchable": false,
          "name": "pear/archive_tar",
          "version": "1.4.3"
        },
        {
          "id": "SNYK-PHP-PEARARCHIVETAR-1042148",
          "title": "Arbitrary File Write via Archive Extraction (Zip Slip)",
          "CVSSv3": "CVSS:3.1/AV:N/AC:H/PR:N/UI:N/S:U/C:H/I:H/A:H/E:H/RL:O/RC:C",
          "credit": [
            "xorathustra"
          ],
          "semver": {
            "vulnerable": [
              "<1.4.11"
            ]
          },
          "exploit": "High",
          "fixedIn": [
            "1.4.11"
          ],
          "patches": [],
          "insights": {
            "triageAdvice": null
          },
          "language": "php",
          "severity": "high",
          "cvssScore": 8.1,
          "functions": [],
          "malicious": false,
          "isDisputed": false,
          "moduleName": "pear/archive_tar",
          "references": [
            {
              "url": "https://github.com/pear/Archive_Tar/issues/33",
              "title": "GitHub Issue"
            },
            {
              "url": "https://github.com/0x240x23elu/CVE-2020-28948-and-CVE-2020-28949/blob/main/exploit.zip",
              "title": "PoC"
            },
            {
              "url": "https://www.cisa.gov/known-exploited-vulnerabilities-catalog",
              "title": "CISA - Known Exploited Vulnerabilities"
            }
          ],
          "cvssDetails": [
            {
              "assigner": "NVD",
              "severity": "high",
              "cvssV3Vector": "CVSS:3.1/AV:L/AC:L/PR:N/UI:R/S:U/C:H/I:H/A:H",
              "cvssV3BaseScore": 7.8,
              "modificationTime": "2022-01-06T16:10:18.935573Z"
            },
            {
              "assigner": "Red Hat",
              "severity": "high",
              "cvssV3Vector": "CVSS:3.1/AV:L/AC:L/PR:N/UI:R/S:U/C:N/I:H/A:H",
              "cvssV3BaseScore": 7.1,
              "modificationTime": "2023-02-01T13:55:59.924793Z"
            }
          ],
          "description": "## Overview\n[pear/archive_tar](https://github.com/pear/Archive_Tar) is a Tar file management class with compression support (gzip, bzip2, lzma2)\n\nAffected versions of this package are vulnerable to Arbitrary File Write via Archive Extraction (Zip Slip). It has `://` filename sanitisation only to address PHAR attacks, and thus any other stream-wrapper attack (such as `file://` to overwrite files) can still succeed.\n\n## Details\n\nIt is exploited using a specially crafted zip archive, that holds path traversal filenames. When exploited, a filename in a malicious archive is concatenated to the target extraction directory, which results in the final path ending up outside of the target folder. For instance, a zip may hold a file with a \"../../file.exe\" location and thus break out of the target folder. If an executable or a configuration file is overwritten with a file containing malicious code, the problem can turn into an arbitrary code execution issue quite easily.\n\nThe following is an example of a zip archive with one benign file and one malicious file. Extracting the malicous file will result in traversing out of the target folder, ending up in `/root/.ssh/` overwriting the `authorized_keys` file:\n\n```\n\n+2018-04-15 22:04:29 ..... 19 19 good.txt\n\n+2018-04-15 22:04:42 ..... 20 20 ../../../../../../root/.ssh/authorized_keys\n\n```\n\n## Remediation\nUpgrade `pear/archive_tar` to version 1.4.11 or higher.\n## References\n- [GitHub Issue](https://github.com/pear/Archive_Tar/issues/33)\n- [PoC](https://github.com/0x240x23elu/CVE-2020-28948-and-CVE-2020-28949/blob/main/exploit.zip)\n- [CISA - Known Exploited Vulnerabilities](https://www.cisa.gov/known-exploited-vulnerabilities-catalog)\n",
          "epssDetails": {
            "percentile": "0.99758",
            "probability": "0.97267",
            "modelVersion": "v2023.03.01"
          },
          "identifiers": {
            "CVE": [
              "CVE-2020-28949"
            ],
            "CWE": [
              "CWE-29"
            ],
            "GHSA": [
              "GHSA-75c5-f4gw-38r9"
            ]
          },
          "packageName": "pear/archive_tar",
          "proprietary": false,
          "creationTime": "2020-11-20T13:46:46.110575Z",
          "functions_new": [],
          "alternativeIds": [],
          "disclosureTime": "2020-11-20T13:44:36Z",
          "packageManager": "composer",
          "publicationTime": "2020-11-20T16:24:18Z",
          "modificationTime": "2023-02-01T13:55:59.924793Z",
          "socialTrendAlert": false,
          "severityWithCritical": "high",
          "from": [
            "piwik/piwik@0.0.0",
            "piwik/decompress@1.2.2",
            "pear/archive_tar@1.4.3"
          ],
          "upgradePath": [],
          "isUpgradable": false,
          "isPatchable": false,
          "name": "pear/archive_tar",
          "version": "1.4.3"
        },
        {
          "id": "SNYK-PHP-PEARARCHIVETAR-1061987",
          "title": "Directory Traversal",
          "CVSSv3": "CVSS:3.1/AV:N/AC:L/PR:L/UI:N/S:U/C:H/I:L/A:N/E:H",
          "credit": [
            "Unknown"
          ],
          "semver": {
            "vulnerable": [
              "<1.4.12"
            ]
          },
          "exploit": "High",
          "fixedIn": [
            "1.4.12"
          ],
          "patches": [],
          "insights": {
            "triageAdvice": null
          },
          "language": "php",
          "severity": "high",
          "cvssScore": 7.1,
          "functions": [],
          "malicious": false,
          "isDisputed": false,
          "moduleName": "pear/archive_tar",
          "references": [
            {
              "url": "https://github.com/pear/Archive_Tar/commit/cde460582ff389404b5b3ccb59374e9b389de916",
              "title": "GitHub Commit"
            },
            {
              "url": "https://www.cisa.gov/known-exploited-vulnerabilities-catalog",
              "title": "CISA - Known Exploited Vulnerabilities"
            }
          ],
          "cvssDetails": [
            {
              "assigner": "NVD",
              "severity": "high",
              "cvssV3Vector": "CVSS:3.1/AV:N/AC:L/PR:N/UI:N/S:U/C:N/I:H/A:N",
              "cvssV3BaseScore": 7.5,
              "modificationTime": "2022-01-03T18:08:47.831642Z"
            },
            {
              "assigner": "SUSE",
              "severity": "high",
              "cvssV3Vector": "CVSS:3.1/AV:N/AC:L/PR:N/UI:N/S:U/C:N/I:H/A:N",
              "cvssV3BaseScore": 7.5,
              "modificationTime": "2022-05-03T21:43:39.751095Z"
            },
            {
              "assigner": "Red Hat",
              "severity": "high",
              "cvssV3Vector": "CVSS:3.1/AV:N/AC:L/PR:N/UI:N/S:U/C:N/I:H/A:N",
              "cvssV3BaseScore": 7.5,
              "modificationTime": "2022-11-03T19:12:02.872763Z"
            }
          ],
          "description": "## Overview\n[pear/archive_tar](https://github.com/pear/Archive_Tar) is a Tar file management class with compression support (gzip, bzip2, lzma2)\n\nAffected versions of this package are vulnerable to Directory Traversal due to inadequate checking of symbolic links.\n\n## Details\n\nA Directory Traversal attack (also known as path traversal) aims to access files and directories that are stored outside the intended folder. By manipulating files with \"dot-dot-slash (../)\" sequences and its variations, or by using absolute file paths, it may be possible to access arbitrary files and directories stored on file system, including application source code, configuration, and other critical system files.\n\nDirectory Traversal vulnerabilities can be generally divided into two types:\n\n- **Information Disclosure**: Allows the attacker to gain information about the folder structure or read the contents of sensitive files on the system.\n\n`st` is a module for serving static files on web pages, and contains a [vulnerability of this type](https://snyk.io/vuln/npm:st:20140206). In our example, we will serve files from the `public` route.\n\nIf an attacker requests the following URL from our server, it will in turn leak the sensitive private key of the root user.\n\n```\ncurl http://localhost:8080/public/%2e%2e/%2e%2e/%2e%2e/%2e%2e/%2e%2e/root/.ssh/id_rsa\n```\n**Note** `%2e` is the URL encoded version of `.` (dot).\n\n- **Writing arbitrary files**: Allows the attacker to create or replace existing files. This type of vulnerability is also known as `Zip-Slip`. \n\nOne way to achieve this is by using a malicious `zip` archive that holds path traversal filenames. When each filename in the zip archive gets concatenated to the target extraction folder, without validation, the final path ends up outside of the target folder. If an executable or a configuration file is overwritten with a file containing malicious code, the problem can turn into an arbitrary code execution issue quite easily.\n\nThe following is an example of a `zip` archive with one benign file and one malicious file. Extracting the malicious file will result in traversing out of the target folder, ending up in `/root/.ssh/` overwriting the `authorized_keys` file:\n\n```\n2018-04-15 22:04:29 .....           19           19  good.txt\n2018-04-15 22:04:42 .....           20           20  ../../../../../../root/.ssh/authorized_keys\n```\n\n## Remediation\nUpgrade `pear/archive_tar` to version 1.4.12 or higher.\n## References\n- [GitHub Commit](https://github.com/pear/Archive_Tar/commit/cde460582ff389404b5b3ccb59374e9b389de916)\n- [CISA - Known Exploited Vulnerabilities](https://www.cisa.gov/known-exploited-vulnerabilities-catalog)\n",
          "epssDetails": {
            "percentile": "0.99840",
            "probability": "0.97371",
            "modelVersion": "v2023.03.01"
          },
          "identifiers": {
            "CVE": [
              "CVE-2020-36193"
            ],
            "CWE": [
              "CWE-22"
            ],
            "GHSA": [
              "GHSA-rpw6-9xfx-jvcx"
            ]
          },
          "packageName": "pear/archive_tar",
          "proprietary": false,
          "creationTime": "2021-01-19T10:24:42.996093Z",
          "functions_new": [],
          "alternativeIds": [],
          "disclosureTime": "2021-01-19T10:06:18Z",
          "packageManager": "composer",
          "publicationTime": "2021-01-19T16:02:36.143883Z",
          "modificationTime": "2022-11-03T19:12:02.872763Z",
          "socialTrendAlert": false,
          "severityWithCritical": "high",
          "from": [
            "piwik/piwik@0.0.0",
            "piwik/decompress@1.2.2",
            "pear/archive_tar@1.4.3"
          ],
          "upgradePath": [],
          "isUpgradable": false,
          "isPatchable": false,
          "name": "pear/archive_tar",
          "version": "1.4.3"
        },
        {
          "id": "SNYK-PHP-PEARARCHIVETAR-1535215",
          "title": "Directory Traversal",
          "CVSSv3": "CVSS:3.1/AV:N/AC:L/PR:L/UI:R/S:U/C:H/I:H/A:N",
          "credit": [
            "Unknown"
          ],
          "semver": {
            "vulnerable": [
              "<1.4.14"
            ]
          },
          "exploit": "Not Defined",
          "fixedIn": [
            "1.4.14"
          ],
          "patches": [],
          "insights": {
            "triageAdvice": null
          },
          "language": "php",
          "severity": "high",
          "cvssScore": 7.3,
          "functions": [],
          "malicious": false,
          "isDisputed": false,
          "moduleName": "pear/archive_tar",
          "references": [
            {
              "url": "https://lists.debian.org/debian-lts-announce/2021/07/msg00023.html",
              "title": "Debian Security Announcement"
            },
            {
              "url": "https://www.drupal.org/sa-core-2021-004",
              "title": "Drupal"
            },
            {
              "url": "https://github.com/pear/Archive_Tar/commit/b5832439b1f37331fb4f87e67fe4f",
              "title": "GitHub Commit"
            },
            {
              "url": "https://github.com/pear/Archive_Tar/releases/tag/1.4.14",
              "title": "GitHub Release"
            }
          ],
          "cvssDetails": [
            {
              "assigner": "NVD",
              "severity": "high",
              "cvssV3Vector": "CVSS:3.1/AV:L/AC:L/PR:L/UI:N/S:U/C:H/I:H/A:N",
              "cvssV3BaseScore": 7.1,
              "modificationTime": "2022-01-03T16:42:22.217529Z"
            },
            {
              "assigner": "Red Hat",
              "severity": "high",
              "cvssV3Vector": "CVSS:3.1/AV:N/AC:H/PR:N/UI:N/S:U/C:H/I:H/A:N",
              "cvssV3BaseScore": 7.4,
              "modificationTime": "2022-11-08T18:52:28.344975Z"
            },
            {
              "assigner": "SUSE",
              "severity": "high",
              "cvssV3Vector": "CVSS:3.1/AV:L/AC:L/PR:L/UI:N/S:U/C:H/I:H/A:N",
              "cvssV3BaseScore": 7.1,
              "modificationTime": "2022-09-09T11:01:04.435511Z"
            }
          ],
          "description": "## Overview\n[pear/archive_tar](https://github.com/pear/Archive_Tar) is a Tar file management class with compression support (gzip, bzip2, lzma2)\n\nAffected versions of this package are vulnerable to Directory Traversal as symlinks can refer to targets outside of the extracted archive.\n\n## Details\n\nA Directory Traversal attack (also known as path traversal) aims to access files and directories that are stored outside the intended folder. By manipulating files with \"dot-dot-slash (../)\" sequences and its variations, or by using absolute file paths, it may be possible to access arbitrary files and directories stored on file system, including application source code, configuration, and other critical system files.\n\nDirectory Traversal vulnerabilities can be generally divided into two types:\n\n- **Information Disclosure**: Allows the attacker to gain information about the folder structure or read the contents of sensitive files on the system.\n\n`st` is a module for serving static files on web pages, and contains a [vulnerability of this type](https://snyk.io/vuln/npm:st:20140206). In our example, we will serve files from the `public` route.\n\nIf an attacker requests the following URL from our server, it will in turn leak the sensitive private key of the root user.\n\n```\ncurl http://localhost:8080/public/%2e%2e/%2e%2e/%2e%2e/%2e%2e/%2e%2e/root/.ssh/id_rsa\n```\n**Note** `%2e` is the URL encoded version of `.` (dot).\n\n- **Writing arbitrary files**: Allows the attacker to create or replace existing files. This type of vulnerability is also known as `Zip-Slip`. \n\nOne way to achieve this is by using a malicious `zip` archive that holds path traversal filenames. When each filename in the zip archive gets concatenated to the target extraction folder, without validation, the final path ends up outside of the target folder. If an executable or a configuration file is overwritten with a file containing malicious code, the problem can turn into an arbitrary code execution issue quite easily.\n\nThe following is an example of a `zip` archive with one benign file and one malicious file. Extracting the malicious file will result in traversing out of the target folder, ending up in `/root/.ssh/` overwriting the `authorized_keys` file:\n\n```\n2018-04-15 22:04:29 .....           19           19  good.txt\n2018-04-15 22:04:42 .....           20           20  ../../../../../../root/.ssh/authorized_keys\n```\n\n## Remediation\nUpgrade `pear/archive_tar` to version 1.4.14 or higher.\n## References\n- [Debian Security Announcement](https://lists.debian.org/debian-lts-announce/2021/07/msg00023.html)\n- [Drupal](https://www.drupal.org/sa-core-2021-004)\n- [GitHub Commit](https://github.com/pear/Archive_Tar/commit/b5832439b1f37331fb4f87e67fe4f)\n- [GitHub Release](https://github.com/pear/Archive_Tar/releases/tag/1.4.14)\n",
          "epssDetails": {
            "percentile": "0.78322",
            "probability": "0.00744",
            "modelVersion": "v2023.03.01"
          },
          "identifiers": {
            "CVE": [
              "CVE-2021-32610"
            ],
            "CWE": [
              "CWE-22"
            ]
          },
          "packageName": "pear/archive_tar",
          "proprietary": false,
          "creationTime": "2021-07-30T15:48:45.234990Z",
          "functions_new": [],
          "alternativeIds": [],
          "disclosureTime": "2021-07-30T15:38:37Z",
          "packageManager": "composer",
          "publicationTime": "2021-07-30T15:52:19.686222Z",
          "modificationTime": "2022-11-08T18:52:28.344975Z",
          "socialTrendAlert": false,
          "severityWithCritical": "high",
          "from": [
            "piwik/piwik@0.0.0",
            "piwik/decompress@1.2.2",
            "pear/archive_tar@1.4.3"
          ],
          "upgradePath": [],
          "isUpgradable": false,
          "isPatchable": false,
          "name": "pear/archive_tar",
          "version": "1.4.3"
        },
        {
          "id": "SNYK-PHP-PEARARCHIVETAR-73509",
          "title": "Remote Code Execution (RCE)",
          "CVSSv3": "CVSS:3.1/AV:N/AC:H/PR:N/UI:N/S:U/C:L/I:L/A:L/E:F/RL:O/RC:R",
          "credit": [
            "mrook"
          ],
          "semver": {
            "vulnerable": [
              "<1.4.4"
            ]
          },
          "exploit": "Functional",
          "fixedIn": [
            "1.4.4"
          ],
          "patches": [],
          "insights": {
            "triageAdvice": null
          },
          "language": "php",
          "severity": "medium",
          "cvssScore": 5.6,
          "functions": [],
          "malicious": false,
          "isDisputed": false,
          "moduleName": "pear/archive_tar",
          "references": [
            {
              "url": "https://www.exploit-db.com/exploits/46108",
              "title": "Exploit DB"
            },
            {
              "url": "https://github.com/pear/Archive_Tar/commit/59ace120ac5ceb5f0d36e40e48e1884de1badf76",
              "title": "GitHub Commit"
            },
            {
              "url": "https://pear.php.net/bugs/bug.php?id=23782",
              "title": "Pear Bug Report"
            }
          ],
          "cvssDetails": [
            {
              "assigner": "NVD",
              "severity": "high",
              "cvssV3Vector": "CVSS:3.0/AV:N/AC:L/PR:N/UI:R/S:U/C:H/I:H/A:H",
              "cvssV3BaseScore": 8.8,
              "modificationTime": "2022-01-03T16:12:50.061794Z"
            },
            {
              "assigner": "Red Hat",
              "severity": "high",
              "cvssV3Vector": "CVSS:3.0/AV:N/AC:H/PR:N/UI:N/S:U/C:H/I:H/A:H",
              "cvssV3BaseScore": 8.1,
              "modificationTime": "2022-10-25T18:53:55.382004Z"
            }
          ],
          "description": "## Overview\n[pear/archive_tar](https://github.com/pear/Archive_Tar) is a Tar file management class with compression support (gzip, bzip2, lzma2)\n\nAffected versions of this package are vulnerable to Remote Code Execution (RCE). Filenames that start with `phar://` are vulnerable.\n## Remediation\nUpgrade `pear/archive_tar` to version 1.4.4 or higher.\n## References\n- [Exploit DB](https://www.exploit-db.com/exploits/46108)\n- [GitHub Commit](https://github.com/pear/Archive_Tar/commit/59ace120ac5ceb5f0d36e40e48e1884de1badf76)\n- [Pear Bug Report](https://pear.php.net/bugs/bug.php?id=23782)\n",
          "epssDetails": {
            "percentile": "0.65750",
            "probability": "0.00309",
            "modelVersion": "v2023.03.01"
          },
          "identifiers": {
            "CVE": [
              "CVE-2018-1000888"
            ],
            "CWE": [
              "CWE-94"
            ]
          },
          "packageName": "pear/archive_tar",
          "proprietary": false,
          "creationTime": "2019-01-15T11:54:26.547160Z",
          "functions_new": [],
          "alternativeIds": [],
          "disclosureTime": "2018-12-28T16:29:00Z",
          "packageManager": "composer",
          "publicationTime": "2019-01-15T04:35:57Z",
          "modificationTime": "2022-10-25T18:53:55.382004Z",
          "socialTrendAlert": false,
          "severityWithCritical": "medium",
          "from": [
            "piwik/piwik@0.0.0",
            "piwik/decompress@1.2.2",
            "pear/archive_tar@1.4.3"
          ],
          "upgradePath": [],
          "isUpgradable": false,
          "isPatchable": false,
          "name": "pear/archive_tar",
          "version": "1.4.3"
        },
        {
          "id": "SNYK-PHP-TECNICKCOMTCPDF-72368",
          "title": "Deserialization of Untrusted Data",
          "CVSSv3": "CVSS:3.1/AV:N/AC:L/PR:N/UI:N/S:U/C:H/I:H/A:H/E:F",
          "credit": [
            "Unknown"
          ],
          "semver": {
            "vulnerable": [
              "<6.2.22"
            ]
          },
          "exploit": "Functional",
          "fixedIn": [
            "6.2.22"
          ],
          "patches": [],
          "insights": {
            "triageAdvice": null
          },
          "language": "php",
          "severity": "critical",
          "cvssScore": 9.8,
          "functions": [],
          "malicious": false,
          "isDisputed": false,
          "moduleName": "tecnickcom/tcpdf",
          "references": [
            {
              "url": "https://www.exploit-db.com/exploits/46634",
              "title": "Exploit DB"
            },
            {
              "url": "https://github.com/tecnickcom/TCPDF/commit/1861e33fe05f653b67d070f7c106463e7a5c26ed",
              "title": "GitHub Commit"
            }
          ],
          "cvssDetails": [
            {
              "assigner": "NVD",
              "severity": "critical",
              "cvssV3Vector": "CVSS:3.0/AV:N/AC:L/PR:N/UI:N/S:U/C:H/I:H/A:H",
              "cvssV3BaseScore": 9.8,
              "modificationTime": "2022-01-03T16:22:54.714118Z"
            }
          ],
          "description": "## Overview\n[tecnickcom/tcpdf](https://packagist.org/packages/tecnickcom/tcpdf) is a PHP class for generating PDF documents and barcodes.\r\n\r\nAffected versions of this package are vulnerable to Deserialization of Untrusted Data. An attacker could trigger deserialization of arbitrary data via the `phar://` wrapper.\r\n\r\n## Remediation\r\nUpgrade `tecnickcom/tcpdf` to version 6.2.22 or higher.\n\n## References\n- [Exploit DB](https://www.exploit-db.com/exploits/46634)\n- [GitHub Commit](https://github.com/tecnickcom/TCPDF/commit/1861e33fe05f653b67d070f7c106463e7a5c26ed)\n",
          "epssDetails": {
            "percentile": "0.98161",
            "probability": "0.87933",
            "modelVersion": "v2023.03.01"
          },
          "identifiers": {
            "CVE": [
              "CVE-2018-17057"
            ],
            "CWE": [
              "CWE-502"
            ]
          },
          "packageName": "tecnickcom/tcpdf",
          "proprietary": false,
          "creationTime": "2018-09-16T09:53:25.279602Z",
          "functions_new": [],
          "alternativeIds": [],
          "disclosureTime": "2018-09-14T20:15:01Z",
          "packageManager": "composer",
          "publicationTime": "2018-09-16T20:15:01Z",
          "modificationTime": "2022-06-15T04:10:00.633235Z",
          "socialTrendAlert": false,
          "severityWithCritical": "critical",
          "from": [
            "piwik/piwik@0.0.0",
            "tecnickcom/tcpdf@6.2.12"
          ],
          "upgradePath": [],
          "isUpgradable": false,
          "isPatchable": false,
          "name": "tecnickcom/tcpdf",
          "version": "6.2.12"
        },
        {
          "id": "SNYK-PHP-TWIGTWIG-173776",
          "title": "Information Exposure",
          "CVSSv3": "CVSS:3.1/AV:N/AC:H/PR:L/UI:R/S:U/C:H/I:N/A:N/RL:O",
          "credit": [
            "Fabien Potencier"
          ],
          "semver": {
            "vulnerable": [
              ">=1.0.0, <1.38.0",
              ">=2.0.0, <2.7.0"
            ]
          },
          "exploit": "Not Defined",
          "fixedIn": [
            "1.38.0",
            "2.7.0"
          ],
          "patches": [],
          "insights": {
            "triageAdvice": null
          },
          "language": "php",
          "severity": "medium",
          "cvssScore": 4.8,
          "functions": [],
          "malicious": false,
          "isDisputed": false,
          "moduleName": "twig/twig",
          "references": [
            {
              "url": "https://github.com/twigphp/Twig/commit/0f3af98ef6e71929ad67fb6e5f3ad65777c1c4c5",
              "title": "GitHub Commit"
            },
            {
              "url": "https://symfony.com/blog/twig-sandbox-information-disclosure",
              "title": "Twig Security Advisory"
            }
          ],
          "cvssDetails": [
            {
              "assigner": "NVD",
              "severity": "low",
              "cvssV3Vector": "CVSS:3.1/AV:N/AC:H/PR:N/UI:N/S:U/C:L/I:N/A:N",
              "cvssV3BaseScore": 3.7,
              "modificationTime": "2022-04-06T01:11:23.712159Z"
            }
          ],
          "description": "## Overview\n[twig/twig](https://packagist.org/packages/twig/twig) is a flexible, fast, and secure template language for PHP.\n\nAffected versions of this package are vulnerable to Information Exposure due to allowing the evaluation of non-trusted templates in a sandbox, where everything is forbidden if not explicitly allowed by a sandbox policy (tags, filters, functions, method calls, ...).\r\n\r\n*Note: If you are not using the sandbox, your code is not affected.*\n## Remediation\nUpgrade `twig/twig` to version 1.38.0, 2.7.0 or higher.\n## References\n- [GitHub Commit](https://github.com/twigphp/Twig/commit/0f3af98ef6e71929ad67fb6e5f3ad65777c1c4c5)\n- [Twig Security Advisory](https://symfony.com/blog/twig-sandbox-information-disclosure)\n",
          "epssDetails": {
            "percentile": "0.56993",
            "probability": "0.00202",
            "modelVersion": "v2023.03.01"
          },
          "identifiers": {
            "CVE": [
              "CVE-2019-9942"
            ],
            "CWE": [
              "CWE-200"
            ]
          },
          "packageName": "twig/twig",
          "proprietary": false,
          "creationTime": "2019-03-13T08:41:12.518511Z",
          "functions_new": [],
          "alternativeIds": [],
          "disclosureTime": "2019-03-12T13:58:49Z",
          "packageManager": "composer",
          "publicationTime": "2019-03-12T13:58:49Z",
          "modificationTime": "2022-04-06T01:11:23.712159Z",
          "socialTrendAlert": false,
          "severityWithCritical": "medium",
          "from": [
            "piwik/piwik@0.0.0",
            "twig/twig@1.34.3"
          ],
          "upgradePath": [],
          "isUpgradable": false,
          "isPatchable": false,
          "name": "twig/twig",
          "version": "1.34.3"
        },
        {
          "id": "SNYK-PHP-TWIGTWIG-3034911",
          "title": "Directory Traversal",
          "CVSSv3": "CVSS:3.1/AV:N/AC:L/PR:N/UI:N/S:U/C:H/I:N/A:N",
          "credit": [
            "Dariusz Tytko",
            "Fabien Potencier"
          ],
          "semver": {
            "vulnerable": [
              "<1.44.7",
              ">=2.0.0, <2.15.3",
              ">=3.0.0, <3.4.3"
            ]
          },
          "exploit": "Not Defined",
          "fixedIn": [
            "1.44.7",
            "2.15.3",
            "3.4.3"
          ],
          "patches": [],
          "insights": {
            "triageAdvice": null
          },
          "language": "php",
          "severity": "high",
          "cvssScore": 7.5,
          "functions": [],
          "malicious": false,
          "isDisputed": false,
          "moduleName": "twig/twig",
          "references": [
            {
              "url": "https://github.com/twigphp/Twig/commit/f8009347c438bef22ef0603ab3d3ccb44bb10bed",
              "title": "GitHub Commit"
            },
            {
              "url": "https://github.com/twigphp/Twig/pull/3745",
              "title": "GitHub PR"
            },
            {
              "url": "https://symfony.com/blog/twig-security-release-possibility-to-load-a-template-outside-a-configured-directory-when-using-the-filesystem-loader",
              "title": "Symfony Blog"
            }
          ],
          "cvssDetails": [
            {
              "assigner": "NVD",
              "severity": "high",
              "cvssV3Vector": "CVSS:3.1/AV:N/AC:L/PR:N/UI:N/S:U/C:H/I:N/A:N",
              "cvssV3BaseScore": 7.5,
              "modificationTime": "2022-11-22T01:10:47.719816Z"
            }
          ],
          "description": "## Overview\n[twig/twig](https://packagist.org/packages/twig/twig) is a flexible, fast, and secure template language for PHP.\n\nAffected versions of this package are vulnerable to Directory Traversal due to improper user input sanitization in `FilesystemLoader.php`. Exploiting this vulnerability is possible by using a `source` or `include` statement to read files outside the intended directory by using a namespace like `@somewhere/../some.file`.\n\n## Details\n\nA Directory Traversal attack (also known as path traversal) aims to access files and directories that are stored outside the intended folder. By manipulating files with \"dot-dot-slash (../)\" sequences and its variations, or by using absolute file paths, it may be possible to access arbitrary files and directories stored on file system, including application source code, configuration, and other critical system files.\n\nDirectory Traversal vulnerabilities can be generally divided into two types:\n\n- **Information Disclosure**: Allows the attacker to gain information about the folder structure or read the contents of sensitive files on the system.\n\n`st` is a module for serving static files on web pages, and contains a [vulnerability of this type](https://snyk.io/vuln/npm:st:20140206). In our example, we will serve files from the `public` route.\n\nIf an attacker requests the following URL from our server, it will in turn leak the sensitive private key of the root user.\n\n```\ncurl http://localhost:8080/public/%2e%2e/%2e%2e/%2e%2e/%2e%2e/%2e%2e/root/.ssh/id_rsa\n```\n**Note** `%2e` is the URL encoded version of `.` (dot).\n\n- **Writing arbitrary files**: Allows the attacker to create or replace existing files. This type of vulnerability is also known as `Zip-Slip`. \n\nOne way to achieve this is by using a malicious `zip` archive that holds path traversal filenames. When each filename in the zip archive gets concatenated to the target extraction folder, without validation, the final path ends up outside of the target folder. If an executable or a configuration file is overwritten with a file containing malicious code, the problem can turn into an arbitrary code execution issue quite easily.\n\nThe following is an example of a `zip` archive with one benign file and one malicious file. Extracting the malicious file will result in traversing out of the target folder, ending up in `/root/.ssh/` overwriting the `authorized_keys` file:\n\n```\n2018-04-15 22:04:29 .....           19           19  good.txt\n2018-04-15 22:04:42 .....           20           20  ../../../../../../root/.ssh/authorized_keys\n```\n\n## Remediation\nUpgrade `twig/twig` to version 1.44.7, 2.15.3, 3.4.3 or higher.\n## References\n- [GitHub Commit](https://github.com/twigphp/Twig/commit/f8009347c438bef22ef0603ab3d3ccb44bb10bed)\n- [GitHub PR](https://github.com/twigphp/Twig/pull/3745)\n- [Symfony Blog](https://symfony.com/blog/twig-security-release-possibility-to-load-a-template-outside-a-configured-directory-when-using-the-filesystem-loader)\n",
          "epssDetails": {
            "percentile": "0.49202",
            "probability": "0.00144",
            "modelVersion": "v2023.03.01"
          },
          "identifiers": {
            "CVE": [
              "CVE-2022-39261"
            ],
            "CWE": [
              "CWE-22"
            ]
          },
          "packageName": "twig/twig",
          "proprietary": false,
          "creationTime": "2022-09-28T14:20:29.382231Z",
          "functions_new": [],
          "alternativeIds": [],
          "disclosureTime": "2022-09-28T14:11:25Z",
          "packageManager": "composer",
          "publicationTime": "2022-09-28T14:51:47Z",
          "modificationTime": "2022-11-22T01:10:47.719816Z",
          "socialTrendAlert": false,
          "severityWithCritical": "high",
          "from": [
            "piwik/piwik@0.0.0",
            "twig/twig@1.34.3"
          ],
          "upgradePath": [],
          "isUpgradable": false,
          "isPatchable": false,
          "name": "twig/twig",
          "version": "1.34.3"
        }
      ],
      "ok": false,
      "dependencyCount": 51,
      "org": "intman32",
      "policy": "# Snyk (https://snyk.io) policy file, patches or ignores known vulnerabilities.\nversion: v1.25.1\nignore: {}\npatch: {}\n",
      "isPrivate": true,
      "licensesPolicy": {
        "severities": {},
        "orgLicenseRules": {
          "AGPL-1.0": {
            "licenseType": "AGPL-1.0",
            "severity": "high",
            "instructions": ""
          },
          "AGPL-3.0": {
            "licenseType": "AGPL-3.0",
            "severity": "high",
            "instructions": ""
          },
          "Artistic-1.0": {
            "licenseType": "Artistic-1.0",
            "severity": "medium",
            "instructions": ""
          },
          "Artistic-2.0": {
            "licenseType": "Artistic-2.0",
            "severity": "medium",
            "instructions": ""
          },
          "CDDL-1.0": {
            "licenseType": "CDDL-1.0",
            "severity": "medium",
            "instructions": ""
          },
          "CPOL-1.02": {
            "licenseType": "CPOL-1.02",
            "severity": "high",
            "instructions": ""
          },
          "EPL-1.0": {
            "licenseType": "EPL-1.0",
            "severity": "medium",
            "instructions": ""
          },
          "GPL-2.0": {
            "licenseType": "GPL-2.0",
            "severity": "high",
            "instructions": ""
          },
          "GPL-3.0": {
            "licenseType": "GPL-3.0",
            "severity": "high",
            "instructions": ""
          },
          "LGPL-2.0": {
            "licenseType": "LGPL-2.0",
            "severity": "medium",
            "instructions": ""
          },
          "LGPL-2.1": {
            "licenseType": "LGPL-2.1",
            "severity": "medium",
            "instructions": ""
          },
          "LGPL-3.0": {
            "licenseType": "LGPL-3.0",
            "severity": "medium",
            "instructions": ""
          },
          "MPL-1.1": {
            "licenseType": "MPL-1.1",
            "severity": "medium",
            "instructions": ""
          },
          "MPL-2.0": {
            "licenseType": "MPL-2.0",
            "severity": "medium",
            "instructions": ""
          },
          "MS-RL": {
            "licenseType": "MS-RL",
            "severity": "medium",
            "instructions": ""
          },
          "SimPL-2.0": {
            "licenseType": "SimPL-2.0",
            "severity": "high",
            "instructions": ""
          }
        }
      },
      "packageManager": "composer",
      "ignoreSettings": {
        "adminOnly": false,
        "reasonRequired": false,
        "disregardFilesystemIgnores": false
      },
      "docker": {},
      "summary": "8 vulnerable dependency paths",
      "filesystemPolicy": false,
      "filtered": {
        "ignore": [],
        "patch": []
      },
      "uniqueCount": 8,
      "targetFile": "/usr/src/piwik/composer.lock",
      "projectName": "piwik/piwik",
      "displayTargetFile": "/usr/src/piwik/composer.lock",
      "hasUnknownVersions": false,
      "path": "piwik/piwik"
    },
    {
      "vulnerabilities": [],
      "ok": true,
      "dependencyCount": 3,
      "org": "intman32",
      "policy": "# Snyk (https://snyk.io) policy file, patches or ignores known vulnerabilities.\nversion: v1.25.1\nignore: {}\npatch: {}\n",
      "isPrivate": true,
      "licensesPolicy": {
        "severities": {},
        "orgLicenseRules": {
          "AGPL-1.0": {
            "licenseType": "AGPL-1.0",
            "severity": "high",
            "instructions": ""
          },
          "AGPL-3.0": {
            "licenseType": "AGPL-3.0",
            "severity": "high",
            "instructions": ""
          },
          "Artistic-1.0": {
            "licenseType": "Artistic-1.0",
            "severity": "medium",
            "instructions": ""
          },
          "Artistic-2.0": {
            "licenseType": "Artistic-2.0",
            "severity": "medium",
            "instructions": ""
          },
          "CDDL-1.0": {
            "licenseType": "CDDL-1.0",
            "severity": "medium",
            "instructions": ""
          },
          "CPOL-1.02": {
            "licenseType": "CPOL-1.02",
            "severity": "high",
            "instructions": ""
          },
          "EPL-1.0": {
            "licenseType": "EPL-1.0",
            "severity": "medium",
            "instructions": ""
          },
          "GPL-2.0": {
            "licenseType": "GPL-2.0",
            "severity": "high",
            "instructions": ""
          },
          "GPL-3.0": {
            "licenseType": "GPL-3.0",
            "severity": "high",
            "instructions": ""
          },
          "LGPL-2.0": {
            "licenseType": "LGPL-2.0",
            "severity": "medium",
            "instructions": ""
          },
          "LGPL-2.1": {
            "licenseType": "LGPL-2.1",
            "severity": "medium",
            "instructions": ""
          },
          "LGPL-3.0": {
            "licenseType": "LGPL-3.0",
            "severity": "medium",
            "instructions": ""
          },
          "MPL-1.1": {
            "licenseType": "MPL-1.1",
            "severity": "medium",
            "instructions": ""
          },
          "MPL-2.0": {
            "licenseType": "MPL-2.0",
            "severity": "medium",
            "instructions": ""
          },
          "MS-RL": {
            "licenseType": "MS-RL",
            "severity": "medium",
            "instructions": ""
          },
          "SimPL-2.0": {
            "licenseType": "SimPL-2.0",
            "severity": "high",
            "instructions": ""
          }
        }
      },
      "packageManager": "composer",
      "ignoreSettings": {
        "adminOnly": false,
        "reasonRequired": false,
        "disregardFilesystemIgnores": false
      },
      "docker": {},
      "summary": "No known vulnerabilities",
      "filesystemPolicy": false,
      "uniqueCount": 0,
      "targetFile": "/usr/src/piwik/vendor/piwik/cache/composer.lock",
      "projectName": "piwik/cache",
      "displayTargetFile": "/usr/src/piwik/vendor/piwik/cache/composer.lock",
      "hasUnknownVersions": false,
      "path": "piwik/cache"
    },
    {
      "vulnerabilities": [
        {
          "id": "SNYK-PHP-PEARARCHIVETAR-1042147",
          "title": "Deserialization of Untrusted Data",
          "CVSSv3": "CVSS:3.1/AV:N/AC:H/PR:N/UI:N/S:U/C:H/I:H/A:H/E:P/RL:O/RC:C",
          "credit": [
            "xorathustra"
          ],
          "semver": {
            "vulnerable": [
              "<1.4.11"
            ]
          },
          "exploit": "Proof of Concept",
          "fixedIn": [
            "1.4.11"
          ],
          "patches": [],
          "insights": {
            "triageAdvice": null
          },
          "language": "php",
          "severity": "high",
          "cvssScore": 8.1,
          "functions": [],
          "malicious": false,
          "isDisputed": false,
          "moduleName": "pear/archive_tar",
          "references": [
            {
              "url": "https://github.com/pear/Archive_Tar/issues/33",
              "title": "GitHub Issue"
            },
            {
              "url": "https://github.com/0x240x23elu/CVE-2020-28948-and-CVE-2020-28949/blob/main/exploit.zip",
              "title": "PoC"
            }
          ],
          "cvssDetails": [
            {
              "assigner": "NVD",
              "severity": "high",
              "cvssV3Vector": "CVSS:3.1/AV:L/AC:L/PR:N/UI:R/S:U/C:H/I:H/A:H",
              "cvssV3BaseScore": 7.8,
              "modificationTime": "2022-03-31T01:11:28.416948Z"
            },
            {
              "assigner": "Red Hat",
              "severity": "high",
              "cvssV3Vector": "CVSS:3.1/AV:L/AC:L/PR:N/UI:R/S:U/C:H/I:H/A:H",
              "cvssV3BaseScore": 7.8,
              "modificationTime": "2022-11-03T19:07:56.635274Z"
            }
          ],
          "description": "## Overview\n[pear/archive_tar](https://github.com/pear/Archive_Tar) is a Tar file management class with compression support (gzip, bzip2, lzma2)\n\nAffected versions of this package are vulnerable to Deserialization of Untrusted Data because the `PHAR:` (as opposed to `phar:`) is not blacklisted.\n\n## Details\n\nSerialization is a process of converting an object into a sequence of bytes which can be persisted to a disk or database or can be sent through streams. The reverse process of creating object from sequence of bytes is called deserialization. Serialization is commonly used for communication (sharing objects between multiple hosts) and persistence (store the object state in a file or a database). It is an integral part of popular protocols like _Remote Method Invocation (RMI)_, _Java Management Extension (JMX)_, _Java Messaging System (JMS)_, _Action Message Format (AMF)_, _Java Server Faces (JSF) ViewState_, etc.\n\n_Deserialization of untrusted data_ ([CWE-502](https://cwe.mitre.org/data/definitions/502.html)), is when the application deserializes untrusted data without sufficiently verifying that the resulting data will be valid, letting the attacker to control the state or the flow of the execution.\n\nJava deserialization issues have been known for years. However, interest in the issue intensified greatly in 2015, when classes that could be abused to achieve remote code execution were found in a [popular library (Apache Commons Collection)](https://snyk.io/vuln/SNYK-JAVA-COMMONSCOLLECTIONS-30078). These classes were used in zero-days affecting IBM WebSphere, Oracle WebLogic and many other products.\n\n  \nAn attacker just needs to identify a piece of software that has both a vulnerable class on its path, and performs deserialization on untrusted data. Then all they need to do is send the payload into the deserializer, getting the command executed.\n  \n\n> Developers put too much trust in Java Object Serialization. Some even de-serialize objects pre-authentication. When deserializing an Object in Java you typically cast it to an expected type, and therefore Java's strict type system will ensure you only get valid object trees. Unfortunately, by the time the type checking happens, platform code has already created and executed significant logic. So, before the final type is checked a lot of code is executed from the readObject() methods of various objects, all of which is out of the developer's control. By combining the readObject() methods of various classes which are available on the classpath of the vulnerable application an attacker can execute functions (including calling Runtime.exec() to execute local OS commands).\n\n- Apache Blog\n  \n## Remediation\nUpgrade `pear/archive_tar` to version 1.4.11 or higher.\n## References\n- [GitHub Issue](https://github.com/pear/Archive_Tar/issues/33)\n- [PoC](https://github.com/0x240x23elu/CVE-2020-28948-and-CVE-2020-28949/blob/main/exploit.zip)\n",
          "epssDetails": {
            "percentile": "0.95432",
            "probability": "0.18133",
            "modelVersion": "v2023.03.01"
          },
          "identifiers": {
            "CVE": [
              "CVE-2020-28948"
            ],
            "CWE": [
              "CWE-502"
            ]
          },
          "packageName": "pear/archive_tar",
          "proprietary": false,
          "creationTime": "2020-11-20T13:44:34.126495Z",
          "functions_new": [],
          "alternativeIds": [],
          "disclosureTime": "2020-11-20T13:38:08Z",
          "packageManager": "composer",
          "publicationTime": "2020-11-20T16:24:18Z",
          "modificationTime": "2022-11-03T19:07:56.635274Z",
          "socialTrendAlert": false,
          "severityWithCritical": "high",
          "from": [
            "piwik/decompress@0.0.0",
            "pear/archive_tar@1.4.2"
          ],
          "upgradePath": [],
          "isUpgradable": false,
          "isPatchable": false,
          "name": "pear/archive_tar",
          "version": "1.4.2"
        },
        {
          "id": "SNYK-PHP-PEARARCHIVETAR-1042148",
          "title": "Arbitrary File Write via Archive Extraction (Zip Slip)",
          "CVSSv3": "CVSS:3.1/AV:N/AC:H/PR:N/UI:N/S:U/C:H/I:H/A:H/E:H/RL:O/RC:C",
          "credit": [
            "xorathustra"
          ],
          "semver": {
            "vulnerable": [
              "<1.4.11"
            ]
          },
          "exploit": "High",
          "fixedIn": [
            "1.4.11"
          ],
          "patches": [],
          "insights": {
            "triageAdvice": null
          },
          "language": "php",
          "severity": "high",
          "cvssScore": 8.1,
          "functions": [],
          "malicious": false,
          "isDisputed": false,
          "moduleName": "pear/archive_tar",
          "references": [
            {
              "url": "https://github.com/pear/Archive_Tar/issues/33",
              "title": "GitHub Issue"
            },
            {
              "url": "https://github.com/0x240x23elu/CVE-2020-28948-and-CVE-2020-28949/blob/main/exploit.zip",
              "title": "PoC"
            },
            {
              "url": "https://www.cisa.gov/known-exploited-vulnerabilities-catalog",
              "title": "CISA - Known Exploited Vulnerabilities"
            }
          ],
          "cvssDetails": [
            {
              "assigner": "NVD",
              "severity": "high",
              "cvssV3Vector": "CVSS:3.1/AV:L/AC:L/PR:N/UI:R/S:U/C:H/I:H/A:H",
              "cvssV3BaseScore": 7.8,
              "modificationTime": "2022-01-06T16:10:18.935573Z"
            },
            {
              "assigner": "Red Hat",
              "severity": "high",
              "cvssV3Vector": "CVSS:3.1/AV:L/AC:L/PR:N/UI:R/S:U/C:N/I:H/A:H",
              "cvssV3BaseScore": 7.1,
              "modificationTime": "2023-02-01T13:55:59.924793Z"
            }
          ],
          "description": "## Overview\n[pear/archive_tar](https://github.com/pear/Archive_Tar) is a Tar file management class with compression support (gzip, bzip2, lzma2)\n\nAffected versions of this package are vulnerable to Arbitrary File Write via Archive Extraction (Zip Slip). It has `://` filename sanitisation only to address PHAR attacks, and thus any other stream-wrapper attack (such as `file://` to overwrite files) can still succeed.\n\n## Details\n\nIt is exploited using a specially crafted zip archive, that holds path traversal filenames. When exploited, a filename in a malicious archive is concatenated to the target extraction directory, which results in the final path ending up outside of the target folder. For instance, a zip may hold a file with a \"../../file.exe\" location and thus break out of the target folder. If an executable or a configuration file is overwritten with a file containing malicious code, the problem can turn into an arbitrary code execution issue quite easily.\n\nThe following is an example of a zip archive with one benign file and one malicious file. Extracting the malicous file will result in traversing out of the target folder, ending up in `/root/.ssh/` overwriting the `authorized_keys` file:\n\n```\n\n+2018-04-15 22:04:29 ..... 19 19 good.txt\n\n+2018-04-15 22:04:42 ..... 20 20 ../../../../../../root/.ssh/authorized_keys\n\n```\n\n## Remediation\nUpgrade `pear/archive_tar` to version 1.4.11 or higher.\n## References\n- [GitHub Issue](https://github.com/pear/Archive_Tar/issues/33)\n- [PoC](https://github.com/0x240x23elu/CVE-2020-28948-and-CVE-2020-28949/blob/main/exploit.zip)\n- [CISA - Known Exploited Vulnerabilities](https://www.cisa.gov/known-exploited-vulnerabilities-catalog)\n",
          "epssDetails": {
            "percentile": "0.99758",
            "probability": "0.97267",
            "modelVersion": "v2023.03.01"
          },
          "identifiers": {
            "CVE": [
              "CVE-2020-28949"
            ],
            "CWE": [
              "CWE-29"
            ],
            "GHSA": [
              "GHSA-75c5-f4gw-38r9"
            ]
          },
          "packageName": "pear/archive_tar",
          "proprietary": false,
          "creationTime": "2020-11-20T13:46:46.110575Z",
          "functions_new": [],
          "alternativeIds": [],
          "disclosureTime": "2020-11-20T13:44:36Z",
          "packageManager": "composer",
          "publicationTime": "2020-11-20T16:24:18Z",
          "modificationTime": "2023-02-01T13:55:59.924793Z",
          "socialTrendAlert": false,
          "severityWithCritical": "high",
          "from": [
            "piwik/decompress@0.0.0",
            "pear/archive_tar@1.4.2"
          ],
          "upgradePath": [],
          "isUpgradable": false,
          "isPatchable": false,
          "name": "pear/archive_tar",
          "version": "1.4.2"
        },
        {
          "id": "SNYK-PHP-PEARARCHIVETAR-1061987",
          "title": "Directory Traversal",
          "CVSSv3": "CVSS:3.1/AV:N/AC:L/PR:L/UI:N/S:U/C:H/I:L/A:N/E:H",
          "credit": [
            "Unknown"
          ],
          "semver": {
            "vulnerable": [
              "<1.4.12"
            ]
          },
          "exploit": "High",
          "fixedIn": [
            "1.4.12"
          ],
          "patches": [],
          "insights": {
            "triageAdvice": null
          },
          "language": "php",
          "severity": "high",
          "cvssScore": 7.1,
          "functions": [],
          "malicious": false,
          "isDisputed": false,
          "moduleName": "pear/archive_tar",
          "references": [
            {
              "url": "https://github.com/pear/Archive_Tar/commit/cde460582ff389404b5b3ccb59374e9b389de916",
              "title": "GitHub Commit"
            },
            {
              "url": "https://www.cisa.gov/known-exploited-vulnerabilities-catalog",
              "title": "CISA - Known Exploited Vulnerabilities"
            }
          ],
          "cvssDetails": [
            {
              "assigner": "NVD",
              "severity": "high",
              "cvssV3Vector": "CVSS:3.1/AV:N/AC:L/PR:N/UI:N/S:U/C:N/I:H/A:N",
              "cvssV3BaseScore": 7.5,
              "modificationTime": "2022-01-03T18:08:47.831642Z"
            },
            {
              "assigner": "SUSE",
              "severity": "high",
              "cvssV3Vector": "CVSS:3.1/AV:N/AC:L/PR:N/UI:N/S:U/C:N/I:H/A:N",
              "cvssV3BaseScore": 7.5,
              "modificationTime": "2022-05-03T21:43:39.751095Z"
            },
            {
              "assigner": "Red Hat",
              "severity": "high",
              "cvssV3Vector": "CVSS:3.1/AV:N/AC:L/PR:N/UI:N/S:U/C:N/I:H/A:N",
              "cvssV3BaseScore": 7.5,
              "modificationTime": "2022-11-03T19:12:02.872763Z"
            }
          ],
          "description": "## Overview\n[pear/archive_tar](https://github.com/pear/Archive_Tar) is a Tar file management class with compression support (gzip, bzip2, lzma2)\n\nAffected versions of this package are vulnerable to Directory Traversal due to inadequate checking of symbolic links.\n\n## Details\n\nA Directory Traversal attack (also known as path traversal) aims to access files and directories that are stored outside the intended folder. By manipulating files with \"dot-dot-slash (../)\" sequences and its variations, or by using absolute file paths, it may be possible to access arbitrary files and directories stored on file system, including application source code, configuration, and other critical system files.\n\nDirectory Traversal vulnerabilities can be generally divided into two types:\n\n- **Information Disclosure**: Allows the attacker to gain information about the folder structure or read the contents of sensitive files on the system.\n\n`st` is a module for serving static files on web pages, and contains a [vulnerability of this type](https://snyk.io/vuln/npm:st:20140206). In our example, we will serve files from the `public` route.\n\nIf an attacker requests the following URL from our server, it will in turn leak the sensitive private key of the root user.\n\n```\ncurl http://localhost:8080/public/%2e%2e/%2e%2e/%2e%2e/%2e%2e/%2e%2e/root/.ssh/id_rsa\n```\n**Note** `%2e` is the URL encoded version of `.` (dot).\n\n- **Writing arbitrary files**: Allows the attacker to create or replace existing files. This type of vulnerability is also known as `Zip-Slip`. \n\nOne way to achieve this is by using a malicious `zip` archive that holds path traversal filenames. When each filename in the zip archive gets concatenated to the target extraction folder, without validation, the final path ends up outside of the target folder. If an executable or a configuration file is overwritten with a file containing malicious code, the problem can turn into an arbitrary code execution issue quite easily.\n\nThe following is an example of a `zip` archive with one benign file and one malicious file. Extracting the malicious file will result in traversing out of the target folder, ending up in `/root/.ssh/` overwriting the `authorized_keys` file:\n\n```\n2018-04-15 22:04:29 .....           19           19  good.txt\n2018-04-15 22:04:42 .....           20           20  ../../../../../../root/.ssh/authorized_keys\n```\n\n## Remediation\nUpgrade `pear/archive_tar` to version 1.4.12 or higher.\n## References\n- [GitHub Commit](https://github.com/pear/Archive_Tar/commit/cde460582ff389404b5b3ccb59374e9b389de916)\n- [CISA - Known Exploited Vulnerabilities](https://www.cisa.gov/known-exploited-vulnerabilities-catalog)\n",
          "epssDetails": {
            "percentile": "0.99840",
            "probability": "0.97371",
            "modelVersion": "v2023.03.01"
          },
          "identifiers": {
            "CVE": [
              "CVE-2020-36193"
            ],
            "CWE": [
              "CWE-22"
            ],
            "GHSA": [
              "GHSA-rpw6-9xfx-jvcx"
            ]
          },
          "packageName": "pear/archive_tar",
          "proprietary": false,
          "creationTime": "2021-01-19T10:24:42.996093Z",
          "functions_new": [],
          "alternativeIds": [],
          "disclosureTime": "2021-01-19T10:06:18Z",
          "packageManager": "composer",
          "publicationTime": "2021-01-19T16:02:36.143883Z",
          "modificationTime": "2022-11-03T19:12:02.872763Z",
          "socialTrendAlert": false,
          "severityWithCritical": "high",
          "from": [
            "piwik/decompress@0.0.0",
            "pear/archive_tar@1.4.2"
          ],
          "upgradePath": [],
          "isUpgradable": false,
          "isPatchable": false,
          "name": "pear/archive_tar",
          "version": "1.4.2"
        },
        {
          "id": "SNYK-PHP-PEARARCHIVETAR-1535215",
          "title": "Directory Traversal",
          "CVSSv3": "CVSS:3.1/AV:N/AC:L/PR:L/UI:R/S:U/C:H/I:H/A:N",
          "credit": [
            "Unknown"
          ],
          "semver": {
            "vulnerable": [
              "<1.4.14"
            ]
          },
          "exploit": "Not Defined",
          "fixedIn": [
            "1.4.14"
          ],
          "patches": [],
          "insights": {
            "triageAdvice": null
          },
          "language": "php",
          "severity": "high",
          "cvssScore": 7.3,
          "functions": [],
          "malicious": false,
          "isDisputed": false,
          "moduleName": "pear/archive_tar",
          "references": [
            {
              "url": "https://lists.debian.org/debian-lts-announce/2021/07/msg00023.html",
              "title": "Debian Security Announcement"
            },
            {
              "url": "https://www.drupal.org/sa-core-2021-004",
              "title": "Drupal"
            },
            {
              "url": "https://github.com/pear/Archive_Tar/commit/b5832439b1f37331fb4f87e67fe4f",
              "title": "GitHub Commit"
            },
            {
              "url": "https://github.com/pear/Archive_Tar/releases/tag/1.4.14",
              "title": "GitHub Release"
            }
          ],
          "cvssDetails": [
            {
              "assigner": "NVD",
              "severity": "high",
              "cvssV3Vector": "CVSS:3.1/AV:L/AC:L/PR:L/UI:N/S:U/C:H/I:H/A:N",
              "cvssV3BaseScore": 7.1,
              "modificationTime": "2022-01-03T16:42:22.217529Z"
            },
            {
              "assigner": "Red Hat",
              "severity": "high",
              "cvssV3Vector": "CVSS:3.1/AV:N/AC:H/PR:N/UI:N/S:U/C:H/I:H/A:N",
              "cvssV3BaseScore": 7.4,
              "modificationTime": "2022-11-08T18:52:28.344975Z"
            },
            {
              "assigner": "SUSE",
              "severity": "high",
              "cvssV3Vector": "CVSS:3.1/AV:L/AC:L/PR:L/UI:N/S:U/C:H/I:H/A:N",
              "cvssV3BaseScore": 7.1,
              "modificationTime": "2022-09-09T11:01:04.435511Z"
            }
          ],
          "description": "## Overview\n[pear/archive_tar](https://github.com/pear/Archive_Tar) is a Tar file management class with compression support (gzip, bzip2, lzma2)\n\nAffected versions of this package are vulnerable to Directory Traversal as symlinks can refer to targets outside of the extracted archive.\n\n## Details\n\nA Directory Traversal attack (also known as path traversal) aims to access files and directories that are stored outside the intended folder. By manipulating files with \"dot-dot-slash (../)\" sequences and its variations, or by using absolute file paths, it may be possible to access arbitrary files and directories stored on file system, including application source code, configuration, and other critical system files.\n\nDirectory Traversal vulnerabilities can be generally divided into two types:\n\n- **Information Disclosure**: Allows the attacker to gain information about the folder structure or read the contents of sensitive files on the system.\n\n`st` is a module for serving static files on web pages, and contains a [vulnerability of this type](https://snyk.io/vuln/npm:st:20140206). In our example, we will serve files from the `public` route.\n\nIf an attacker requests the following URL from our server, it will in turn leak the sensitive private key of the root user.\n\n```\ncurl http://localhost:8080/public/%2e%2e/%2e%2e/%2e%2e/%2e%2e/%2e%2e/root/.ssh/id_rsa\n```\n**Note** `%2e` is the URL encoded version of `.` (dot).\n\n- **Writing arbitrary files**: Allows the attacker to create or replace existing files. This type of vulnerability is also known as `Zip-Slip`. \n\nOne way to achieve this is by using a malicious `zip` archive that holds path traversal filenames. When each filename in the zip archive gets concatenated to the target extraction folder, without validation, the final path ends up outside of the target folder. If an executable or a configuration file is overwritten with a file containing malicious code, the problem can turn into an arbitrary code execution issue quite easily.\n\nThe following is an example of a `zip` archive with one benign file and one malicious file. Extracting the malicious file will result in traversing out of the target folder, ending up in `/root/.ssh/` overwriting the `authorized_keys` file:\n\n```\n2018-04-15 22:04:29 .....           19           19  good.txt\n2018-04-15 22:04:42 .....           20           20  ../../../../../../root/.ssh/authorized_keys\n```\n\n## Remediation\nUpgrade `pear/archive_tar` to version 1.4.14 or higher.\n## References\n- [Debian Security Announcement](https://lists.debian.org/debian-lts-announce/2021/07/msg00023.html)\n- [Drupal](https://www.drupal.org/sa-core-2021-004)\n- [GitHub Commit](https://github.com/pear/Archive_Tar/commit/b5832439b1f37331fb4f87e67fe4f)\n- [GitHub Release](https://github.com/pear/Archive_Tar/releases/tag/1.4.14)\n",
          "epssDetails": {
            "percentile": "0.78322",
            "probability": "0.00744",
            "modelVersion": "v2023.03.01"
          },
          "identifiers": {
            "CVE": [
              "CVE-2021-32610"
            ],
            "CWE": [
              "CWE-22"
            ]
          },
          "packageName": "pear/archive_tar",
          "proprietary": false,
          "creationTime": "2021-07-30T15:48:45.234990Z",
          "functions_new": [],
          "alternativeIds": [],
          "disclosureTime": "2021-07-30T15:38:37Z",
          "packageManager": "composer",
          "publicationTime": "2021-07-30T15:52:19.686222Z",
          "modificationTime": "2022-11-08T18:52:28.344975Z",
          "socialTrendAlert": false,
          "severityWithCritical": "high",
          "from": [
            "piwik/decompress@0.0.0",
            "pear/archive_tar@1.4.2"
          ],
          "upgradePath": [],
          "isUpgradable": false,
          "isPatchable": false,
          "name": "pear/archive_tar",
          "version": "1.4.2"
        },
        {
          "id": "SNYK-PHP-PEARARCHIVETAR-73509",
          "title": "Remote Code Execution (RCE)",
          "CVSSv3": "CVSS:3.1/AV:N/AC:H/PR:N/UI:N/S:U/C:L/I:L/A:L/E:F/RL:O/RC:R",
          "credit": [
            "mrook"
          ],
          "semver": {
            "vulnerable": [
              "<1.4.4"
            ]
          },
          "exploit": "Functional",
          "fixedIn": [
            "1.4.4"
          ],
          "patches": [],
          "insights": {
            "triageAdvice": null
          },
          "language": "php",
          "severity": "medium",
          "cvssScore": 5.6,
          "functions": [],
          "malicious": false,
          "isDisputed": false,
          "moduleName": "pear/archive_tar",
          "references": [
            {
              "url": "https://www.exploit-db.com/exploits/46108",
              "title": "Exploit DB"
            },
            {
              "url": "https://github.com/pear/Archive_Tar/commit/59ace120ac5ceb5f0d36e40e48e1884de1badf76",
              "title": "GitHub Commit"
            },
            {
              "url": "https://pear.php.net/bugs/bug.php?id=23782",
              "title": "Pear Bug Report"
            }
          ],
          "cvssDetails": [
            {
              "assigner": "NVD",
              "severity": "high",
              "cvssV3Vector": "CVSS:3.0/AV:N/AC:L/PR:N/UI:R/S:U/C:H/I:H/A:H",
              "cvssV3BaseScore": 8.8,
              "modificationTime": "2022-01-03T16:12:50.061794Z"
            },
            {
              "assigner": "Red Hat",
              "severity": "high",
              "cvssV3Vector": "CVSS:3.0/AV:N/AC:H/PR:N/UI:N/S:U/C:H/I:H/A:H",
              "cvssV3BaseScore": 8.1,
              "modificationTime": "2022-10-25T18:53:55.382004Z"
            }
          ],
          "description": "## Overview\n[pear/archive_tar](https://github.com/pear/Archive_Tar) is a Tar file management class with compression support (gzip, bzip2, lzma2)\n\nAffected versions of this package are vulnerable to Remote Code Execution (RCE). Filenames that start with `phar://` are vulnerable.\n## Remediation\nUpgrade `pear/archive_tar` to version 1.4.4 or higher.\n## References\n- [Exploit DB](https://www.exploit-db.com/exploits/46108)\n- [GitHub Commit](https://github.com/pear/Archive_Tar/commit/59ace120ac5ceb5f0d36e40e48e1884de1badf76)\n- [Pear Bug Report](https://pear.php.net/bugs/bug.php?id=23782)\n",
          "epssDetails": {
            "percentile": "0.65750",
            "probability": "0.00309",
            "modelVersion": "v2023.03.01"
          },
          "identifiers": {
            "CVE": [
              "CVE-2018-1000888"
            ],
            "CWE": [
              "CWE-94"
            ]
          },
          "packageName": "pear/archive_tar",
          "proprietary": false,
          "creationTime": "2019-01-15T11:54:26.547160Z",
          "functions_new": [],
          "alternativeIds": [],
          "disclosureTime": "2018-12-28T16:29:00Z",
          "packageManager": "composer",
          "publicationTime": "2019-01-15T04:35:57Z",
          "modificationTime": "2022-10-25T18:53:55.382004Z",
          "socialTrendAlert": false,
          "severityWithCritical": "medium",
          "from": [
            "piwik/decompress@0.0.0",
            "pear/archive_tar@1.4.2"
          ],
          "upgradePath": [],
          "isUpgradable": false,
          "isPatchable": false,
          "name": "pear/archive_tar",
          "version": "1.4.2"
        }
      ],
      "ok": false,
      "dependencyCount": 7,
      "org": "intman32",
      "policy": "# Snyk (https://snyk.io) policy file, patches or ignores known vulnerabilities.\nversion: v1.25.1\nignore: {}\npatch: {}\n",
      "isPrivate": true,
      "licensesPolicy": {
        "severities": {},
        "orgLicenseRules": {
          "AGPL-1.0": {
            "licenseType": "AGPL-1.0",
            "severity": "high",
            "instructions": ""
          },
          "AGPL-3.0": {
            "licenseType": "AGPL-3.0",
            "severity": "high",
            "instructions": ""
          },
          "Artistic-1.0": {
            "licenseType": "Artistic-1.0",
            "severity": "medium",
            "instructions": ""
          },
          "Artistic-2.0": {
            "licenseType": "Artistic-2.0",
            "severity": "medium",
            "instructions": ""
          },
          "CDDL-1.0": {
            "licenseType": "CDDL-1.0",
            "severity": "medium",
            "instructions": ""
          },
          "CPOL-1.02": {
            "licenseType": "CPOL-1.02",
            "severity": "high",
            "instructions": ""
          },
          "EPL-1.0": {
            "licenseType": "EPL-1.0",
            "severity": "medium",
            "instructions": ""
          },
          "GPL-2.0": {
            "licenseType": "GPL-2.0",
            "severity": "high",
            "instructions": ""
          },
          "GPL-3.0": {
            "licenseType": "GPL-3.0",
            "severity": "high",
            "instructions": ""
          },
          "LGPL-2.0": {
            "licenseType": "LGPL-2.0",
            "severity": "medium",
            "instructions": ""
          },
          "LGPL-2.1": {
            "licenseType": "LGPL-2.1",
            "severity": "medium",
            "instructions": ""
          },
          "LGPL-3.0": {
            "licenseType": "LGPL-3.0",
            "severity": "medium",
            "instructions": ""
          },
          "MPL-1.1": {
            "licenseType": "MPL-1.1",
            "severity": "medium",
            "instructions": ""
          },
          "MPL-2.0": {
            "licenseType": "MPL-2.0",
            "severity": "medium",
            "instructions": ""
          },
          "MS-RL": {
            "licenseType": "MS-RL",
            "severity": "medium",
            "instructions": ""
          },
          "SimPL-2.0": {
            "licenseType": "SimPL-2.0",
            "severity": "high",
            "instructions": ""
          }
        }
      },
      "packageManager": "composer",
      "ignoreSettings": {
        "adminOnly": false,
        "reasonRequired": false,
        "disregardFilesystemIgnores": false
      },
      "docker": {},
      "summary": "5 vulnerable dependency paths",
      "filesystemPolicy": false,
      "filtered": {
        "ignore": [],
        "patch": []
      },
      "uniqueCount": 5,
      "targetFile": "/usr/src/piwik/vendor/piwik/decompress/composer.lock",
      "projectName": "piwik/decompress",
      "displayTargetFile": "/usr/src/piwik/vendor/piwik/decompress/composer.lock",
      "hasUnknownVersions": false,
      "path": "piwik/decompress"
    }
  ]
}
