{
  "SchemaVersion": 2,
  "CreatedAt": "2024-02-24T14:40:41.161299177Z",
  "ArtifactName": "google/cadvisor:v0.33.0",
  "ArtifactType": "container_image",
  "Metadata": {
    "OS": {
      "Family": "alpine",
      "Name": "3.8.2",
      "EOSL": true
    },
    "ImageID": "sha256:752d61707eac173cfe56a23aa9de051597444286163667d60f8e6d4c63306472",
    "DiffIDs": [
      "sha256:767f936afb51c8a3ad9a96592a4be092048bb70f2ca410028a0b3f64b826acbb",
      "sha256:6a395a55089d2d886fdc814cf412e20d9d279110a3eb5768550b01f61e7b9cdb",
      "sha256:09c65671850474d73700a2943d1564b60036dcc84122f8ffcd6cb34a2d2f9479"
    ],
    "RepoTags": [
      "google/cadvisor:v0.33.0"
    ],
    "RepoDigests": [
      "google/cadvisor@sha256:47f1f8c02a3acfab77e74e2ec7acc0d475adc180ddff428503a4ce63f3d6061b"
    ],
    "ImageConfig": {
      "architecture": "amd64",
      "author": "dengnan@google.com vmarmol@google.com vishnuk@google.com jimmidyson@gmail.com stclair@google.com",
      "container": "60b721dff23e41eee7d1728fdf0d62deff5c0ee053e29ba5da556b8b4fae93fa",
      "created": "2019-02-27T18:40:08.005242894Z",
      "docker_version": "18.06.2-ce",
      "history": [
        {
          "created": "2019-01-30T22:19:46Z",
          "created_by": "/bin/sh -c #(nop) ADD file:91fb97ea3549e52e7b6e22b93a6736cf915c756f3d13348406d8ad5f1a872680 in / "
        },
        {
          "created": "2019-01-30T22:19:47Z",
          "created_by": "/bin/sh -c #(nop)  CMD [\"/bin/sh\"]",
          "empty_layer": true
        },
        {
          "created": "2019-02-27T18:39:57Z",
          "created_by": "/bin/sh -c #(nop)  MAINTAINER dengnan@google.com vmarmol@google.com vishnuk@google.com jimmidyson@gmail.com stclair@google.com",
          "empty_layer": true
        },
        {
          "created": "2019-02-27T18:39:58Z",
          "created_by": "/bin/sh -c #(nop)  ENV GLIBC_VERSION=2.28-r0",
          "empty_layer": true
        },
        {
          "created": "2019-02-27T18:40:05Z",
          "created_by": "/bin/sh -c apk --no-cache add ca-certificates curl device-mapper findutils \u0026\u0026     apk --no-cache add zfs --repository http://dl-3.alpinelinux.org/alpine/edge/main/ \u0026\u0026     apk --no-cache add thin-provisioning-tools --repository http://dl-3.alpinelinux.org/alpine/edge/main/ \u0026\u0026     curl -f -L -o  /etc/apk/keys/sgerrand.rsa.pub https://alpine-pkgs.sgerrand.com/sgerrand.rsa.pub \u0026\u0026     curl -f -L -o  glibc-${GLIBC_VERSION}.apk https://github.com/sgerrand/alpine-pkg-glibc/releases/download/${GLIBC_VERSION}/glibc-${GLIBC_VERSION}.apk \u0026\u0026     curl -f -L -o  glibc-bin-${GLIBC_VERSION}.apk https://github.com/sgerrand/alpine-pkg-glibc/releases/download/${GLIBC_VERSION}/glibc-bin-${GLIBC_VERSION}.apk \u0026\u0026     apk add glibc-${GLIBC_VERSION}.apk glibc-bin-${GLIBC_VERSION}.apk \u0026\u0026     /usr/glibc-compat/sbin/ldconfig /lib /usr/glibc-compat/lib \u0026\u0026     rm glibc-${GLIBC_VERSION}.apk glibc-bin-${GLIBC_VERSION}.apk \u0026\u0026     echo 'hosts: files mdns4_minimal [NOTFOUND=return] dns mdns4' \u003e\u003e /etc/nsswitch.conf \u0026\u0026     rm -rf /var/cache/apk/*"
        },
        {
          "created": "2019-02-27T18:40:06Z",
          "created_by": "/bin/sh -c #(nop) ADD file:3031cfd7b5f2f52413379475bbbac385e6f8ea15b077ecef5b295957ca1045bf in /usr/bin/cadvisor "
        },
        {
          "created": "2019-02-27T18:40:07Z",
          "created_by": "/bin/sh -c #(nop)  EXPOSE 8080",
          "empty_layer": true
        },
        {
          "created": "2019-02-27T18:40:07Z",
          "created_by": "/bin/sh -c #(nop)  HEALTHCHECK \u0026{[\"CMD-SHELL\" \"curl -f http://localhost:8080/healthz || exit 1\"] \"30s\" \"3s\" \"0s\" '\\x00'}",
          "empty_layer": true
        },
        {
          "created": "2019-02-27T18:40:08Z",
          "created_by": "/bin/sh -c #(nop)  ENTRYPOINT [\"/usr/bin/cadvisor\" \"-logtostderr\"]",
          "empty_layer": true
        }
      ],
      "os": "linux",
      "rootfs": {
        "type": "layers",
        "diff_ids": [
          "sha256:767f936afb51c8a3ad9a96592a4be092048bb70f2ca410028a0b3f64b826acbb",
          "sha256:6a395a55089d2d886fdc814cf412e20d9d279110a3eb5768550b01f61e7b9cdb",
          "sha256:09c65671850474d73700a2943d1564b60036dcc84122f8ffcd6cb34a2d2f9479"
        ]
      },
      "config": {
        "Healthcheck": {
          "Test": [
            "CMD-SHELL",
            "curl -f http://localhost:8080/healthz || exit 1"
          ],
          "Interval": 30000000000,
          "Timeout": 3000000000
        },
        "Entrypoint": [
          "/usr/bin/cadvisor",
          "-logtostderr"
        ],
        "Env": [
          "PATH=/usr/local/sbin:/usr/local/bin:/usr/sbin:/usr/bin:/sbin:/bin",
          "GLIBC_VERSION=2.28-r0"
        ],
        "Image": "sha256:338328de3ca3663d600e94c0a2b3aee1df611f293c858b63d2fa9fa44bd53329",
        "ArgsEscaped": true
      }
    }
  },
  "Results": [
    {
      "Target": "google/cadvisor:v0.33.0 (alpine 3.8.2)",
      "Class": "os-pkgs",
      "Type": "alpine",
      "Vulnerabilities": [
        {
          "VulnerabilityID": "CVE-2019-3822",
          "PkgID": "curl@7.61.1-r1",
          "PkgName": "curl",
          "PkgIdentifier": {
            "PURL": "pkg:apk/alpine/curl@7.61.1-r1?arch=x86_64\u0026distro=3.8.2"
          },
          "InstalledVersion": "7.61.1-r1",
          "FixedVersion": "7.61.1-r2",
          "Status": "fixed",
          "Layer": {
            "DiffID": "sha256:6a395a55089d2d886fdc814cf412e20d9d279110a3eb5768550b01f61e7b9cdb"
          },
          "SeveritySource": "nvd",
          "PrimaryURL": "https://avd.aquasec.com/nvd/cve-2019-3822",
          "DataSource": {
            "ID": "alpine",
            "Name": "Alpine Secdb",
            "URL": "https://secdb.alpinelinux.org/"
          },
          "Title": "curl: NTLMv2 type-3 header stack buffer overflow",
          "Description": "libcurl versions from 7.36.0 to before 7.64.0 are vulnerable to a stack-based buffer overflow. The function creating an outgoing NTLM type-3 header (`lib/vauth/ntlm.c:Curl_auth_create_ntlm_type3_message()`), generates the request HTTP header contents based on previously received data. The check that exists to prevent the local buffer from getting overflowed is implemented wrongly (using unsigned math) and as such it does not prevent the overflow from happening. This output data can grow larger than the local buffer if very large 'nt response' data is extracted from a previous NTLMv2 header provided by the malicious or broken HTTP server. Such a 'large value' needs to be around 1000 bytes or more. The actual payload data copied to the target buffer comes from the NTLMv2 type-2 response header.",
          "Severity": "CRITICAL",
          "CweIDs": [
            "CWE-787",
            "CWE-121"
          ],
          "VendorSeverity": {
            "amazon": 2,
            "nvd": 4,
            "oracle-oval": 2,
            "photon": 4,
            "redhat": 2,
            "ubuntu": 2
          },
          "CVSS": {
            "nvd": {
              "V2Vector": "AV:N/AC:L/Au:N/C:P/I:P/A:P",
              "V3Vector": "CVSS:3.1/AV:N/AC:L/PR:N/UI:N/S:U/C:H/I:H/A:H",
              "V2Score": 7.5,
              "V3Score": 9.8
            },
            "redhat": {
              "V3Vector": "CVSS:3.0/AV:N/AC:H/PR:N/UI:R/S:U/C:N/I:N/A:H",
              "V3Score": 5.3
            }
          },
          "References": [
            "http://www.securityfocus.com/bid/106950",
            "https://access.redhat.com/errata/RHSA-2019:3701",
            "https://access.redhat.com/security/cve/CVE-2019-3822",
            "https://bugzilla.redhat.com/show_bug.cgi?id=CVE-2019-3822",
            "https://cert-portal.siemens.com/productcert/pdf/ssa-436177.pdf",
            "https://curl.haxx.se/docs/CVE-2019-3822.html",
            "https://cve.mitre.org/cgi-bin/cvename.cgi?name=CVE-2019-3822",
            "https://linux.oracle.com/cve/CVE-2019-3822.html",
            "https://linux.oracle.com/errata/ELSA-2019-3701.html",
            "https://lists.apache.org/thread.html/8338a0f605bdbb3a6098bb76f666a95fc2b2f53f37fa1ecc89f1146f%40%3Cdevnull.infra.apache.org%3E",
            "https://nvd.nist.gov/vuln/detail/CVE-2019-3822",
            "https://security.gentoo.org/glsa/201903-03",
            "https://security.netapp.com/advisory/ntap-20190315-0001/",
            "https://security.netapp.com/advisory/ntap-20190719-0004/",
            "https://support.f5.com/csp/article/K84141449",
            "https://support.f5.com/csp/article/K84141449?utm_source=f5support\u0026amp%3Butm_medium=RSS",
            "https://ubuntu.com/security/notices/USN-3882-1",
            "https://usn.ubuntu.com/3882-1/",
            "https://www.cve.org/CVERecord?id=CVE-2019-3822",
            "https://www.debian.org/security/2019/dsa-4386",
            "https://www.oracle.com/technetwork/security-advisory/cpuapr2019-5072813.html",
            "https://www.oracle.com/technetwork/security-advisory/cpujul2019-5072835.html"
          ],
          "PublishedDate": "2019-02-06T20:29:00.353Z",
          "LastModifiedDate": "2023-11-07T03:10:12.823Z"
        },
        {
          "VulnerabilityID": "CVE-2019-5481",
          "PkgID": "curl@7.61.1-r1",
          "PkgName": "curl",
          "PkgIdentifier": {
            "PURL": "pkg:apk/alpine/curl@7.61.1-r1?arch=x86_64\u0026distro=3.8.2"
          },
          "InstalledVersion": "7.61.1-r1",
          "FixedVersion": "7.61.1-r3",
          "Status": "fixed",
          "Layer": {
            "DiffID": "sha256:6a395a55089d2d886fdc814cf412e20d9d279110a3eb5768550b01f61e7b9cdb"
          },
          "SeveritySource": "nvd",
          "PrimaryURL": "https://avd.aquasec.com/nvd/cve-2019-5481",
          "DataSource": {
            "ID": "alpine",
            "Name": "Alpine Secdb",
            "URL": "https://secdb.alpinelinux.org/"
          },
          "Title": "curl: double free due to subsequent call of realloc()",
          "Description": "Double-free vulnerability in the FTP-kerberos code in cURL 7.52.0 to 7.65.3.",
          "Severity": "CRITICAL",
          "CweIDs": [
            "CWE-415"
          ],
          "VendorSeverity": {
            "amazon": 2,
            "nvd": 4,
            "oracle-oval": 2,
            "photon": 4,
            "redhat": 2,
            "ubuntu": 2
          },
          "CVSS": {
            "nvd": {
              "V2Vector": "AV:N/AC:L/Au:N/C:P/I:P/A:P",
              "V3Vector": "CVSS:3.1/AV:N/AC:L/PR:N/UI:N/S:U/C:H/I:H/A:H",
              "V2Score": 7.5,
              "V3Score": 9.8
            },
            "redhat": {
              "V3Vector": "CVSS:3.0/AV:N/AC:L/PR:L/UI:R/S:U/C:N/I:N/A:H",
              "V3Score": 5.7
            }
          },
          "References": [
            "http://lists.opensuse.org/opensuse-security-announce/2019-09/msg00048.html",
            "http://lists.opensuse.org/opensuse-security-announce/2019-09/msg00055.html",
            "https://access.redhat.com/security/cve/CVE-2019-5481",
            "https://curl.haxx.se/docs/CVE-2019-5481.html",
            "https://cve.mitre.org/cgi-bin/cvename.cgi?name=CVE-2019-5481",
            "https://linux.oracle.com/cve/CVE-2019-5481.html",
            "https://linux.oracle.com/errata/ELSA-2020-1792.html",
            "https://lists.fedoraproject.org/archives/list/package-announce%40lists.fedoraproject.org/message/6CI4QQ2RSZX4VCFM76SIWGKY6BY7UWIC/",
            "https://lists.fedoraproject.org/archives/list/package-announce%40lists.fedoraproject.org/message/RGDVKSLY5JUNJRLYRUA6CXGQ2LM63XC3/",
            "https://lists.fedoraproject.org/archives/list/package-announce%40lists.fedoraproject.org/message/UA7KDM2WPM5CJDDGOEGFV6SSGD2J7RNT/",
            "https://nvd.nist.gov/vuln/detail/CVE-2019-5481",
            "https://seclists.org/bugtraq/2020/Feb/36",
            "https://security.gentoo.org/glsa/202003-29",
            "https://security.netapp.com/advisory/ntap-20191004-0003/",
            "https://ubuntu.com/security/notices/USN-4129-1",
            "https://www.cve.org/CVERecord?id=CVE-2019-5481",
            "https://www.debian.org/security/2020/dsa-4633",
            "https://www.oracle.com/security-alerts/cpuapr2020.html",
            "https://www.oracle.com/security-alerts/cpujan2020.html",
            "https://www.oracle.com/security-alerts/cpuoct2020.html"
          ],
          "PublishedDate": "2019-09-16T19:15:10.587Z",
          "LastModifiedDate": "2023-11-07T03:11:36.08Z"
        },
        {
          "VulnerabilityID": "CVE-2019-5482",
          "PkgID": "curl@7.61.1-r1",
          "PkgName": "curl",
          "PkgIdentifier": {
            "PURL": "pkg:apk/alpine/curl@7.61.1-r1?arch=x86_64\u0026distro=3.8.2"
          },
          "InstalledVersion": "7.61.1-r1",
          "FixedVersion": "7.61.1-r3",
          "Status": "fixed",
          "Layer": {
            "DiffID": "sha256:6a395a55089d2d886fdc814cf412e20d9d279110a3eb5768550b01f61e7b9cdb"
          },
          "SeveritySource": "nvd",
          "PrimaryURL": "https://avd.aquasec.com/nvd/cve-2019-5482",
          "DataSource": {
            "ID": "alpine",
            "Name": "Alpine Secdb",
            "URL": "https://secdb.alpinelinux.org/"
          },
          "Title": "heap buffer overflow in function tftp_receive_packet()",
          "Description": "Heap buffer overflow in the TFTP protocol handler in cURL 7.19.4 to 7.65.3.",
          "Severity": "CRITICAL",
          "CweIDs": [
            "CWE-787",
            "CWE-122"
          ],
          "VendorSeverity": {
            "amazon": 2,
            "nvd": 4,
            "oracle-oval": 3,
            "photon": 4,
            "redhat": 2,
            "ubuntu": 2
          },
          "CVSS": {
            "nvd": {
              "V2Vector": "AV:N/AC:L/Au:N/C:P/I:P/A:P",
              "V3Vector": "CVSS:3.1/AV:N/AC:L/PR:N/UI:N/S:U/C:H/I:H/A:H",
              "V2Score": 7.5,
              "V3Score": 9.8
            },
            "redhat": {
              "V3Vector": "CVSS:3.0/AV:A/AC:L/PR:N/UI:N/S:U/C:L/I:L/A:L",
              "V3Score": 6.3
            }
          },
          "References": [
            "http://lists.opensuse.org/opensuse-security-announce/2019-09/msg00048.html",
            "http://lists.opensuse.org/opensuse-security-announce/2019-09/msg00055.html",
            "https://access.redhat.com/security/cve/CVE-2019-5482",
            "https://curl.haxx.se/docs/CVE-2019-5482.html",
            "https://cve.mitre.org/cgi-bin/cvename.cgi?name=CVE-2019-5482",
            "https://linux.oracle.com/cve/CVE-2019-5482.html",
            "https://linux.oracle.com/errata/ELSA-2020-5562.html",
            "https://lists.fedoraproject.org/archives/list/package-announce%40lists.fedoraproject.org/message/6CI4QQ2RSZX4VCFM76SIWGKY6BY7UWIC/",
            "https://lists.fedoraproject.org/archives/list/package-announce%40lists.fedoraproject.org/message/RGDVKSLY5JUNJRLYRUA6CXGQ2LM63XC3/",
            "https://lists.fedoraproject.org/archives/list/package-announce%40lists.fedoraproject.org/message/UA7KDM2WPM5CJDDGOEGFV6SSGD2J7RNT/",
            "https://nvd.nist.gov/vuln/detail/CVE-2019-5482",
            "https://seclists.org/bugtraq/2020/Feb/36",
            "https://security.gentoo.org/glsa/202003-29",
            "https://security.netapp.com/advisory/ntap-20191004-0003/",
            "https://security.netapp.com/advisory/ntap-20200416-0003/",
            "https://ubuntu.com/security/notices/USN-4129-1",
            "https://ubuntu.com/security/notices/USN-4129-2",
            "https://www.cve.org/CVERecord?id=CVE-2019-5482",
            "https://www.debian.org/security/2020/dsa-4633",
            "https://www.oracle.com/security-alerts/cpuapr2020.html",
            "https://www.oracle.com/security-alerts/cpujan2020.html",
            "https://www.oracle.com/security-alerts/cpuoct2020.html"
          ],
          "PublishedDate": "2019-09-16T19:15:10.633Z",
          "LastModifiedDate": "2023-11-07T03:11:36.173Z"
        },
        {
          "VulnerabilityID": "CVE-2018-16890",
          "PkgID": "curl@7.61.1-r1",
          "PkgName": "curl",
          "PkgIdentifier": {
            "PURL": "pkg:apk/alpine/curl@7.61.1-r1?arch=x86_64\u0026distro=3.8.2"
          },
          "InstalledVersion": "7.61.1-r1",
          "FixedVersion": "7.61.1-r2",
          "Status": "fixed",
          "Layer": {
            "DiffID": "sha256:6a395a55089d2d886fdc814cf412e20d9d279110a3eb5768550b01f61e7b9cdb"
          },
          "SeveritySource": "nvd",
          "PrimaryURL": "https://avd.aquasec.com/nvd/cve-2018-16890",
          "DataSource": {
            "ID": "alpine",
            "Name": "Alpine Secdb",
            "URL": "https://secdb.alpinelinux.org/"
          },
          "Title": "curl: NTLM type-2 heap out-of-bounds buffer read",
          "Description": "libcurl versions from 7.36.0 to before 7.64.0 is vulnerable to a heap buffer out-of-bounds read. The function handling incoming NTLM type-2 messages (`lib/vauth/ntlm.c:ntlm_decode_type2_target`) does not validate incoming data correctly and is subject to an integer overflow vulnerability. Using that overflow, a malicious or broken NTLM server could trick libcurl to accept a bad length + offset combination that would lead to a buffer read out-of-bounds.",
          "Severity": "HIGH",
          "CweIDs": [
            "CWE-125",
            "CWE-190"
          ],
          "VendorSeverity": {
            "amazon": 2,
            "nvd": 3,
            "oracle-oval": 2,
            "photon": 3,
            "redhat": 2,
            "ubuntu": 2
          },
          "CVSS": {
            "nvd": {
              "V2Vector": "AV:N/AC:L/Au:N/C:N/I:N/A:P",
              "V3Vector": "CVSS:3.1/AV:N/AC:L/PR:N/UI:N/S:U/C:N/I:N/A:H",
              "V2Score": 5,
              "V3Score": 7.5
            },
            "redhat": {
              "V3Vector": "CVSS:3.0/AV:N/AC:L/PR:N/UI:R/S:U/C:N/I:N/A:L",
              "V3Score": 4.3
            }
          },
          "References": [
            "http://www.securityfocus.com/bid/106947",
            "https://access.redhat.com/errata/RHSA-2019:3701",
            "https://access.redhat.com/security/cve/CVE-2018-16890",
            "https://bugzilla.redhat.com/show_bug.cgi?id=CVE-2018-16890",
            "https://cert-portal.siemens.com/productcert/pdf/ssa-436177.pdf",
            "https://curl.haxx.se/docs/CVE-2018-16890.html",
            "https://cve.mitre.org/cgi-bin/cvename.cgi?name=CVE-2018-16890",
            "https://linux.oracle.com/cve/CVE-2018-16890.html",
            "https://linux.oracle.com/errata/ELSA-2019-3701.html",
            "https://lists.apache.org/thread.html/8338a0f605bdbb3a6098bb76f666a95fc2b2f53f37fa1ecc89f1146f%40%3Cdevnull.infra.apache.org%3E",
            "https://nvd.nist.gov/vuln/detail/CVE-2018-16890",
            "https://security.netapp.com/advisory/ntap-20190315-0001/",
            "https://support.f5.com/csp/article/K03314397?utm_source=f5support\u0026amp%3Butm_medium=RSS",
            "https://ubuntu.com/security/notices/USN-3882-1",
            "https://usn.ubuntu.com/3882-1/",
            "https://www.cve.org/CVERecord?id=CVE-2018-16890",
            "https://www.debian.org/security/2019/dsa-4386",
            "https://www.oracle.com/technetwork/security-advisory/cpuapr2019-5072813.html",
            "https://www.oracle.com/technetwork/security-advisory/cpujul2019-5072835.html"
          ],
          "PublishedDate": "2019-02-06T20:29:00.243Z",
          "LastModifiedDate": "2023-11-07T02:53:57.803Z"
        },
        {
          "VulnerabilityID": "CVE-2019-3823",
          "PkgID": "curl@7.61.1-r1",
          "PkgName": "curl",
          "PkgIdentifier": {
            "PURL": "pkg:apk/alpine/curl@7.61.1-r1?arch=x86_64\u0026distro=3.8.2"
          },
          "InstalledVersion": "7.61.1-r1",
          "FixedVersion": "7.61.1-r2",
          "Status": "fixed",
          "Layer": {
            "DiffID": "sha256:6a395a55089d2d886fdc814cf412e20d9d279110a3eb5768550b01f61e7b9cdb"
          },
          "SeveritySource": "nvd",
          "PrimaryURL": "https://avd.aquasec.com/nvd/cve-2019-3823",
          "DataSource": {
            "ID": "alpine",
            "Name": "Alpine Secdb",
            "URL": "https://secdb.alpinelinux.org/"
          },
          "Title": "curl: SMTP end-of-response out-of-bounds read",
          "Description": "libcurl versions from 7.34.0 to before 7.64.0 are vulnerable to a heap out-of-bounds read in the code handling the end-of-response for SMTP. If the buffer passed to `smtp_endofresp()` isn't NUL terminated and contains no character ending the parsed number, and `len` is set to 5, then the `strtol()` call reads beyond the allocated buffer. The read contents will not be returned to the caller.",
          "Severity": "HIGH",
          "CweIDs": [
            "CWE-125"
          ],
          "VendorSeverity": {
            "amazon": 2,
            "nvd": 3,
            "oracle-oval": 2,
            "photon": 3,
            "redhat": 1,
            "ubuntu": 1
          },
          "CVSS": {
            "nvd": {
              "V2Vector": "AV:N/AC:L/Au:N/C:N/I:N/A:P",
              "V3Vector": "CVSS:3.0/AV:N/AC:L/PR:N/UI:N/S:U/C:N/I:N/A:H",
              "V2Score": 5,
              "V3Score": 7.5
            },
            "redhat": {
              "V3Vector": "CVSS:3.0/AV:N/AC:L/PR:N/UI:R/S:U/C:N/I:N/A:L",
              "V3Score": 4.3
            }
          },
          "References": [
            "http://www.securityfocus.com/bid/106950",
            "https://access.redhat.com/errata/RHSA-2019:3701",
            "https://access.redhat.com/security/cve/CVE-2019-3823",
            "https://bugzilla.redhat.com/show_bug.cgi?id=CVE-2019-3823",
            "https://cert-portal.siemens.com/productcert/pdf/ssa-936080.pdf",
            "https://curl.haxx.se/docs/CVE-2019-3823.html",
            "https://cve.mitre.org/cgi-bin/cvename.cgi?name=CVE-2019-3823",
            "https://linux.oracle.com/cve/CVE-2019-3823.html",
            "https://linux.oracle.com/errata/ELSA-2019-3701.html",
            "https://lists.apache.org/thread.html/8338a0f605bdbb3a6098bb76f666a95fc2b2f53f37fa1ecc89f1146f%40%3Cdevnull.infra.apache.org%3E",
            "https://nvd.nist.gov/vuln/detail/CVE-2019-3823",
            "https://security.gentoo.org/glsa/201903-03",
            "https://security.netapp.com/advisory/ntap-20190315-0001/",
            "https://ubuntu.com/security/notices/USN-3882-1",
            "https://usn.ubuntu.com/3882-1/",
            "https://www.cve.org/CVERecord?id=CVE-2019-3823",
            "https://www.debian.org/security/2019/dsa-4386",
            "https://www.oracle.com/technetwork/security-advisory/cpuapr2019-5072813.html",
            "https://www.oracle.com/technetwork/security-advisory/cpujul2019-5072835.html"
          ],
          "PublishedDate": "2019-02-06T20:29:00.4Z",
          "LastModifiedDate": "2023-11-07T03:10:12.93Z"
        },
        {
          "VulnerabilityID": "CVE-2018-20843",
          "PkgID": "expat@2.2.6-r0",
          "PkgName": "expat",
          "PkgIdentifier": {
            "PURL": "pkg:apk/alpine/expat@2.2.6-r0?arch=x86_64\u0026distro=3.8.2"
          },
          "InstalledVersion": "2.2.6-r0",
          "FixedVersion": "2.2.7-r0",
          "Status": "fixed",
          "Layer": {
            "DiffID": "sha256:6a395a55089d2d886fdc814cf412e20d9d279110a3eb5768550b01f61e7b9cdb"
          },
          "SeveritySource": "nvd",
          "PrimaryURL": "https://avd.aquasec.com/nvd/cve-2018-20843",
          "DataSource": {
            "ID": "alpine",
            "Name": "Alpine Secdb",
            "URL": "https://secdb.alpinelinux.org/"
          },
          "Title": "expat: large number of colons in input makes parser consume high amount of resources, leading to DoS",
          "Description": "In libexpat in Expat before 2.2.7, XML input including XML names that contain a large number of colons could make the XML parser consume a high amount of RAM and CPU resources while processing (enough to be usable for denial-of-service attacks).",
          "Severity": "HIGH",
          "CweIDs": [
            "CWE-611"
          ],
          "VendorSeverity": {
            "alma": 2,
            "amazon": 2,
            "cbl-mariner": 3,
            "nvd": 3,
            "oracle-oval": 2,
            "photon": 3,
            "redhat": 2,
            "ubuntu": 1
          },
          "CVSS": {
            "nvd": {
              "V2Vector": "AV:N/AC:L/Au:N/C:N/I:N/A:C",
              "V3Vector": "CVSS:3.1/AV:N/AC:L/PR:N/UI:N/S:U/C:N/I:N/A:H",
              "V2Score": 7.8,
              "V3Score": 7.5
            },
            "redhat": {
              "V3Vector": "CVSS:3.1/AV:N/AC:L/PR:N/UI:N/S:U/C:N/I:N/A:H",
              "V3Score": 7.5
            }
          },
          "References": [
            "http://lists.opensuse.org/opensuse-security-announce/2019-07/msg00039.html",
            "https://access.redhat.com/security/cve/CVE-2018-20843",
            "https://bugs.chromium.org/p/oss-fuzz/issues/detail?id=5226",
            "https://bugs.debian.org/cgi-bin/bugreport.cgi?bug=931031",
            "https://cve.mitre.org/cgi-bin/cvename.cgi?name=CVE-2018-20843",
            "https://github.com/libexpat/libexpat/blob/R_2_2_7/expat/Changes",
            "https://github.com/libexpat/libexpat/issues/186",
            "https://github.com/libexpat/libexpat/pull/262",
            "https://github.com/libexpat/libexpat/pull/262/commits/11f8838bf99ea0a6f0b76f9760c43704d00c4ff6",
            "https://linux.oracle.com/cve/CVE-2018-20843.html",
            "https://linux.oracle.com/errata/ELSA-2020-4484.html",
            "https://lists.debian.org/debian-lts-announce/2019/06/msg00028.html",
            "https://lists.fedoraproject.org/archives/list/package-announce%40lists.fedoraproject.org/message/CEJJSQSG3KSUQY4FPVHZ7ZTT7FORMFVD/",
            "https://lists.fedoraproject.org/archives/list/package-announce%40lists.fedoraproject.org/message/IDAUGEB3TUP6NEKJDBUBZX7N5OAUOOOK/",
            "https://nvd.nist.gov/vuln/detail/CVE-2018-20843",
            "https://seclists.org/bugtraq/2019/Jun/39",
            "https://security.gentoo.org/glsa/201911-08",
            "https://security.netapp.com/advisory/ntap-20190703-0001/",
            "https://support.f5.com/csp/article/K51011533",
            "https://ubuntu.com/security/notices/USN-4040-1",
            "https://ubuntu.com/security/notices/USN-4040-2",
            "https://ubuntu.com/security/notices/USN-4852-1",
            "https://ubuntu.com/security/notices/USN-5455-1",
            "https://usn.ubuntu.com/4040-1/",
            "https://usn.ubuntu.com/4040-2/",
            "https://www.cve.org/CVERecord?id=CVE-2018-20843",
            "https://www.debian.org/security/2019/dsa-4472",
            "https://www.oracle.com/security-alerts/cpuApr2021.html",
            "https://www.oracle.com/security-alerts/cpuapr2020.html",
            "https://www.oracle.com/security-alerts/cpuoct2020.html",
            "https://www.oracle.com/security-alerts/cpuoct2021.html",
            "https://www.tenable.com/security/tns-2021-11"
          ],
          "PublishedDate": "2019-06-24T17:15:09.98Z",
          "LastModifiedDate": "2023-11-07T02:56:21.553Z"
        },
        {
          "VulnerabilityID": "CVE-2019-15903",
          "PkgID": "expat@2.2.6-r0",
          "PkgName": "expat",
          "PkgIdentifier": {
            "PURL": "pkg:apk/alpine/expat@2.2.6-r0?arch=x86_64\u0026distro=3.8.2"
          },
          "InstalledVersion": "2.2.6-r0",
          "FixedVersion": "2.2.7-r1",
          "Status": "fixed",
          "Layer": {
            "DiffID": "sha256:6a395a55089d2d886fdc814cf412e20d9d279110a3eb5768550b01f61e7b9cdb"
          },
          "SeveritySource": "nvd",
          "PrimaryURL": "https://avd.aquasec.com/nvd/cve-2019-15903",
          "DataSource": {
            "ID": "alpine",
            "Name": "Alpine Secdb",
            "URL": "https://secdb.alpinelinux.org/"
          },
          "Title": "expat: heap-based buffer over-read via crafted XML input",
          "Description": "In libexpat before 2.2.8, crafted XML input could fool the parser into changing from DTD parsing to document parsing too early; a consecutive call to XML_GetCurrentLineNumber (or XML_GetCurrentColumnNumber) then resulted in a heap-based buffer over-read.",
          "Severity": "HIGH",
          "CweIDs": [
            "CWE-125",
            "CWE-776"
          ],
          "VendorSeverity": {
            "amazon": 2,
            "cbl-mariner": 3,
            "nvd": 3,
            "oracle-oval": 2,
            "photon": 3,
            "redhat": 1,
            "ubuntu": 2
          },
          "CVSS": {
            "nvd": {
              "V2Vector": "AV:N/AC:L/Au:N/C:N/I:N/A:P",
              "V3Vector": "CVSS:3.1/AV:N/AC:L/PR:N/UI:N/S:U/C:N/I:N/A:H",
              "V2Score": 5,
              "V3Score": 7.5
            },
            "redhat": {
              "V3Vector": "CVSS:3.0/AV:N/AC:L/PR:N/UI:N/S:U/C:N/I:N/A:H",
              "V3Score": 7.5
            }
          },
          "References": [
            "http://lists.opensuse.org/opensuse-security-announce/2019-09/msg00080.html",
            "http://lists.opensuse.org/opensuse-security-announce/2019-09/msg00081.html",
            "http://lists.opensuse.org/opensuse-security-announce/2019-11/msg00000.html",
            "http://lists.opensuse.org/opensuse-security-announce/2019-11/msg00002.html",
            "http://lists.opensuse.org/opensuse-security-announce/2019-11/msg00003.html",
            "http://lists.opensuse.org/opensuse-security-announce/2019-11/msg00013.html",
            "http://lists.opensuse.org/opensuse-security-announce/2019-11/msg00016.html",
            "http://lists.opensuse.org/opensuse-security-announce/2019-11/msg00017.html",
            "http://lists.opensuse.org/opensuse-security-announce/2019-11/msg00018.html",
            "http://lists.opensuse.org/opensuse-security-announce/2019-11/msg00019.html",
            "http://lists.opensuse.org/opensuse-security-announce/2020-01/msg00008.html",
            "http://lists.opensuse.org/opensuse-security-announce/2020-01/msg00040.html",
            "http://packetstormsecurity.com/files/154503/Slackware-Security-Advisory-expat-Updates.html",
            "http://packetstormsecurity.com/files/154927/Slackware-Security-Advisory-python-Updates.html",
            "http://packetstormsecurity.com/files/154947/Slackware-Security-Advisory-mozilla-firefox-Updates.html",
            "http://seclists.org/fulldisclosure/2019/Dec/23",
            "http://seclists.org/fulldisclosure/2019/Dec/26",
            "http://seclists.org/fulldisclosure/2019/Dec/27",
            "http://seclists.org/fulldisclosure/2019/Dec/30",
            "https://access.redhat.com/errata/RHSA-2019:3210",
            "https://access.redhat.com/errata/RHSA-2019:3237",
            "https://access.redhat.com/errata/RHSA-2019:3756",
            "https://access.redhat.com/security/cve/CVE-2019-15903",
            "https://cve.mitre.org/cgi-bin/cvename.cgi?name=CVE-2019-15903",
            "https://github.com/libexpat/libexpat/commit/c20b758c332d9a13afbbb276d30db1d183a85d43",
            "https://github.com/libexpat/libexpat/issues/317",
            "https://github.com/libexpat/libexpat/issues/342",
            "https://github.com/libexpat/libexpat/pull/318",
            "https://linux.oracle.com/cve/CVE-2019-15903.html",
            "https://linux.oracle.com/errata/ELSA-2020-4484.html",
            "https://lists.debian.org/debian-lts-announce/2019/11/msg00006.html",
            "https://lists.debian.org/debian-lts-announce/2019/11/msg00017.html",
            "https://lists.fedoraproject.org/archives/list/package-announce%40lists.fedoraproject.org/message/A4TZKPJFTURRLXIGLB34WVKQ5HGY6JJA/",
            "https://lists.fedoraproject.org/archives/list/package-announce%40lists.fedoraproject.org/message/BDUTI5TVQWIGGQXPEVI4T2ENHFSBMIBP/",
            "https://lists.fedoraproject.org/archives/list/package-announce%40lists.fedoraproject.org/message/S26LGXXQ7YF2BP3RGOWELBFKM6BHF6UG/",
            "https://nvd.nist.gov/vuln/detail/CVE-2019-15903",
            "https://seclists.org/bugtraq/2019/Dec/17",
            "https://seclists.org/bugtraq/2019/Dec/21",
            "https://seclists.org/bugtraq/2019/Dec/23",
            "https://seclists.org/bugtraq/2019/Nov/1",
            "https://seclists.org/bugtraq/2019/Nov/24",
            "https://seclists.org/bugtraq/2019/Oct/29",
            "https://seclists.org/bugtraq/2019/Sep/30",
            "https://seclists.org/bugtraq/2019/Sep/37",
            "https://security.gentoo.org/glsa/201911-08",
            "https://security.netapp.com/advisory/ntap-20190926-0004/",
            "https://support.apple.com/kb/HT210785",
            "https://support.apple.com/kb/HT210788",
            "https://support.apple.com/kb/HT210789",
            "https://support.apple.com/kb/HT210790",
            "https://support.apple.com/kb/HT210793",
            "https://support.apple.com/kb/HT210794",
            "https://support.apple.com/kb/HT210795",
            "https://ubuntu.com/security/notices/USN-4132-1",
            "https://ubuntu.com/security/notices/USN-4132-2",
            "https://ubuntu.com/security/notices/USN-4165-1",
            "https://ubuntu.com/security/notices/USN-4202-1",
            "https://ubuntu.com/security/notices/USN-4335-1",
            "https://ubuntu.com/security/notices/USN-4852-1",
            "https://ubuntu.com/security/notices/USN-5455-1",
            "https://usn.ubuntu.com/4132-1/",
            "https://usn.ubuntu.com/4132-2/",
            "https://usn.ubuntu.com/4165-1/",
            "https://usn.ubuntu.com/4202-1/",
            "https://usn.ubuntu.com/4335-1/",
            "https://www.cve.org/CVERecord?id=CVE-2019-15903",
            "https://www.debian.org/security/2019/dsa-4530",
            "https://www.debian.org/security/2019/dsa-4549",
            "https://www.debian.org/security/2019/dsa-4571",
            "https://www.mozilla.org/en-US/security/advisories/mfsa2019-34/#CVE-2019-15903",
            "https://www.oracle.com/security-alerts/cpuapr2020.html",
            "https://www.oracle.com/security-alerts/cpuoct2020.html",
            "https://www.tenable.com/security/tns-2021-11"
          ],
          "PublishedDate": "2019-09-04T06:15:10.877Z",
          "LastModifiedDate": "2023-11-07T03:05:35.773Z"
        },
        {
          "VulnerabilityID": "CVE-2019-3822",
          "PkgID": "libcurl@7.61.1-r1",
          "PkgName": "libcurl",
          "PkgIdentifier": {
            "PURL": "pkg:apk/alpine/libcurl@7.61.1-r1?arch=x86_64\u0026distro=3.8.2"
          },
          "InstalledVersion": "7.61.1-r1",
          "FixedVersion": "7.61.1-r2",
          "Status": "fixed",
          "Layer": {
            "DiffID": "sha256:6a395a55089d2d886fdc814cf412e20d9d279110a3eb5768550b01f61e7b9cdb"
          },
          "SeveritySource": "nvd",
          "PrimaryURL": "https://avd.aquasec.com/nvd/cve-2019-3822",
          "DataSource": {
            "ID": "alpine",
            "Name": "Alpine Secdb",
            "URL": "https://secdb.alpinelinux.org/"
          },
          "Title": "curl: NTLMv2 type-3 header stack buffer overflow",
          "Description": "libcurl versions from 7.36.0 to before 7.64.0 are vulnerable to a stack-based buffer overflow. The function creating an outgoing NTLM type-3 header (`lib/vauth/ntlm.c:Curl_auth_create_ntlm_type3_message()`), generates the request HTTP header contents based on previously received data. The check that exists to prevent the local buffer from getting overflowed is implemented wrongly (using unsigned math) and as such it does not prevent the overflow from happening. This output data can grow larger than the local buffer if very large 'nt response' data is extracted from a previous NTLMv2 header provided by the malicious or broken HTTP server. Such a 'large value' needs to be around 1000 bytes or more. The actual payload data copied to the target buffer comes from the NTLMv2 type-2 response header.",
          "Severity": "CRITICAL",
          "CweIDs": [
            "CWE-787",
            "CWE-121"
          ],
          "VendorSeverity": {
            "amazon": 2,
            "nvd": 4,
            "oracle-oval": 2,
            "photon": 4,
            "redhat": 2,
            "ubuntu": 2
          },
          "CVSS": {
            "nvd": {
              "V2Vector": "AV:N/AC:L/Au:N/C:P/I:P/A:P",
              "V3Vector": "CVSS:3.1/AV:N/AC:L/PR:N/UI:N/S:U/C:H/I:H/A:H",
              "V2Score": 7.5,
              "V3Score": 9.8
            },
            "redhat": {
              "V3Vector": "CVSS:3.0/AV:N/AC:H/PR:N/UI:R/S:U/C:N/I:N/A:H",
              "V3Score": 5.3
            }
          },
          "References": [
            "http://www.securityfocus.com/bid/106950",
            "https://access.redhat.com/errata/RHSA-2019:3701",
            "https://access.redhat.com/security/cve/CVE-2019-3822",
            "https://bugzilla.redhat.com/show_bug.cgi?id=CVE-2019-3822",
            "https://cert-portal.siemens.com/productcert/pdf/ssa-436177.pdf",
            "https://curl.haxx.se/docs/CVE-2019-3822.html",
            "https://cve.mitre.org/cgi-bin/cvename.cgi?name=CVE-2019-3822",
            "https://linux.oracle.com/cve/CVE-2019-3822.html",
            "https://linux.oracle.com/errata/ELSA-2019-3701.html",
            "https://lists.apache.org/thread.html/8338a0f605bdbb3a6098bb76f666a95fc2b2f53f37fa1ecc89f1146f%40%3Cdevnull.infra.apache.org%3E",
            "https://nvd.nist.gov/vuln/detail/CVE-2019-3822",
            "https://security.gentoo.org/glsa/201903-03",
            "https://security.netapp.com/advisory/ntap-20190315-0001/",
            "https://security.netapp.com/advisory/ntap-20190719-0004/",
            "https://support.f5.com/csp/article/K84141449",
            "https://support.f5.com/csp/article/K84141449?utm_source=f5support\u0026amp%3Butm_medium=RSS",
            "https://ubuntu.com/security/notices/USN-3882-1",
            "https://usn.ubuntu.com/3882-1/",
            "https://www.cve.org/CVERecord?id=CVE-2019-3822",
            "https://www.debian.org/security/2019/dsa-4386",
            "https://www.oracle.com/technetwork/security-advisory/cpuapr2019-5072813.html",
            "https://www.oracle.com/technetwork/security-advisory/cpujul2019-5072835.html"
          ],
          "PublishedDate": "2019-02-06T20:29:00.353Z",
          "LastModifiedDate": "2023-11-07T03:10:12.823Z"
        },
        {
          "VulnerabilityID": "CVE-2019-5481",
          "PkgID": "libcurl@7.61.1-r1",
          "PkgName": "libcurl",
          "PkgIdentifier": {
            "PURL": "pkg:apk/alpine/libcurl@7.61.1-r1?arch=x86_64\u0026distro=3.8.2"
          },
          "InstalledVersion": "7.61.1-r1",
          "FixedVersion": "7.61.1-r3",
          "Status": "fixed",
          "Layer": {
            "DiffID": "sha256:6a395a55089d2d886fdc814cf412e20d9d279110a3eb5768550b01f61e7b9cdb"
          },
          "SeveritySource": "nvd",
          "PrimaryURL": "https://avd.aquasec.com/nvd/cve-2019-5481",
          "DataSource": {
            "ID": "alpine",
            "Name": "Alpine Secdb",
            "URL": "https://secdb.alpinelinux.org/"
          },
          "Title": "curl: double free due to subsequent call of realloc()",
          "Description": "Double-free vulnerability in the FTP-kerberos code in cURL 7.52.0 to 7.65.3.",
          "Severity": "CRITICAL",
          "CweIDs": [
            "CWE-415"
          ],
          "VendorSeverity": {
            "amazon": 2,
            "nvd": 4,
            "oracle-oval": 2,
            "photon": 4,
            "redhat": 2,
            "ubuntu": 2
          },
          "CVSS": {
            "nvd": {
              "V2Vector": "AV:N/AC:L/Au:N/C:P/I:P/A:P",
              "V3Vector": "CVSS:3.1/AV:N/AC:L/PR:N/UI:N/S:U/C:H/I:H/A:H",
              "V2Score": 7.5,
              "V3Score": 9.8
            },
            "redhat": {
              "V3Vector": "CVSS:3.0/AV:N/AC:L/PR:L/UI:R/S:U/C:N/I:N/A:H",
              "V3Score": 5.7
            }
          },
          "References": [
            "http://lists.opensuse.org/opensuse-security-announce/2019-09/msg00048.html",
            "http://lists.opensuse.org/opensuse-security-announce/2019-09/msg00055.html",
            "https://access.redhat.com/security/cve/CVE-2019-5481",
            "https://curl.haxx.se/docs/CVE-2019-5481.html",
            "https://cve.mitre.org/cgi-bin/cvename.cgi?name=CVE-2019-5481",
            "https://linux.oracle.com/cve/CVE-2019-5481.html",
            "https://linux.oracle.com/errata/ELSA-2020-1792.html",
            "https://lists.fedoraproject.org/archives/list/package-announce%40lists.fedoraproject.org/message/6CI4QQ2RSZX4VCFM76SIWGKY6BY7UWIC/",
            "https://lists.fedoraproject.org/archives/list/package-announce%40lists.fedoraproject.org/message/RGDVKSLY5JUNJRLYRUA6CXGQ2LM63XC3/",
            "https://lists.fedoraproject.org/archives/list/package-announce%40lists.fedoraproject.org/message/UA7KDM2WPM5CJDDGOEGFV6SSGD2J7RNT/",
            "https://nvd.nist.gov/vuln/detail/CVE-2019-5481",
            "https://seclists.org/bugtraq/2020/Feb/36",
            "https://security.gentoo.org/glsa/202003-29",
            "https://security.netapp.com/advisory/ntap-20191004-0003/",
            "https://ubuntu.com/security/notices/USN-4129-1",
            "https://www.cve.org/CVERecord?id=CVE-2019-5481",
            "https://www.debian.org/security/2020/dsa-4633",
            "https://www.oracle.com/security-alerts/cpuapr2020.html",
            "https://www.oracle.com/security-alerts/cpujan2020.html",
            "https://www.oracle.com/security-alerts/cpuoct2020.html"
          ],
          "PublishedDate": "2019-09-16T19:15:10.587Z",
          "LastModifiedDate": "2023-11-07T03:11:36.08Z"
        },
        {
          "VulnerabilityID": "CVE-2019-5482",
          "PkgID": "libcurl@7.61.1-r1",
          "PkgName": "libcurl",
          "PkgIdentifier": {
            "PURL": "pkg:apk/alpine/libcurl@7.61.1-r1?arch=x86_64\u0026distro=3.8.2"
          },
          "InstalledVersion": "7.61.1-r1",
          "FixedVersion": "7.61.1-r3",
          "Status": "fixed",
          "Layer": {
            "DiffID": "sha256:6a395a55089d2d886fdc814cf412e20d9d279110a3eb5768550b01f61e7b9cdb"
          },
          "SeveritySource": "nvd",
          "PrimaryURL": "https://avd.aquasec.com/nvd/cve-2019-5482",
          "DataSource": {
            "ID": "alpine",
            "Name": "Alpine Secdb",
            "URL": "https://secdb.alpinelinux.org/"
          },
          "Title": "heap buffer overflow in function tftp_receive_packet()",
          "Description": "Heap buffer overflow in the TFTP protocol handler in cURL 7.19.4 to 7.65.3.",
          "Severity": "CRITICAL",
          "CweIDs": [
            "CWE-787",
            "CWE-122"
          ],
          "VendorSeverity": {
            "amazon": 2,
            "nvd": 4,
            "oracle-oval": 3,
            "photon": 4,
            "redhat": 2,
            "ubuntu": 2
          },
          "CVSS": {
            "nvd": {
              "V2Vector": "AV:N/AC:L/Au:N/C:P/I:P/A:P",
              "V3Vector": "CVSS:3.1/AV:N/AC:L/PR:N/UI:N/S:U/C:H/I:H/A:H",
              "V2Score": 7.5,
              "V3Score": 9.8
            },
            "redhat": {
              "V3Vector": "CVSS:3.0/AV:A/AC:L/PR:N/UI:N/S:U/C:L/I:L/A:L",
              "V3Score": 6.3
            }
          },
          "References": [
            "http://lists.opensuse.org/opensuse-security-announce/2019-09/msg00048.html",
            "http://lists.opensuse.org/opensuse-security-announce/2019-09/msg00055.html",
            "https://access.redhat.com/security/cve/CVE-2019-5482",
            "https://curl.haxx.se/docs/CVE-2019-5482.html",
            "https://cve.mitre.org/cgi-bin/cvename.cgi?name=CVE-2019-5482",
            "https://linux.oracle.com/cve/CVE-2019-5482.html",
            "https://linux.oracle.com/errata/ELSA-2020-5562.html",
            "https://lists.fedoraproject.org/archives/list/package-announce%40lists.fedoraproject.org/message/6CI4QQ2RSZX4VCFM76SIWGKY6BY7UWIC/",
            "https://lists.fedoraproject.org/archives/list/package-announce%40lists.fedoraproject.org/message/RGDVKSLY5JUNJRLYRUA6CXGQ2LM63XC3/",
            "https://lists.fedoraproject.org/archives/list/package-announce%40lists.fedoraproject.org/message/UA7KDM2WPM5CJDDGOEGFV6SSGD2J7RNT/",
            "https://nvd.nist.gov/vuln/detail/CVE-2019-5482",
            "https://seclists.org/bugtraq/2020/Feb/36",
            "https://security.gentoo.org/glsa/202003-29",
            "https://security.netapp.com/advisory/ntap-20191004-0003/",
            "https://security.netapp.com/advisory/ntap-20200416-0003/",
            "https://ubuntu.com/security/notices/USN-4129-1",
            "https://ubuntu.com/security/notices/USN-4129-2",
            "https://www.cve.org/CVERecord?id=CVE-2019-5482",
            "https://www.debian.org/security/2020/dsa-4633",
            "https://www.oracle.com/security-alerts/cpuapr2020.html",
            "https://www.oracle.com/security-alerts/cpujan2020.html",
            "https://www.oracle.com/security-alerts/cpuoct2020.html"
          ],
          "PublishedDate": "2019-09-16T19:15:10.633Z",
          "LastModifiedDate": "2023-11-07T03:11:36.173Z"
        },
        {
          "VulnerabilityID": "CVE-2018-16890",
          "PkgID": "libcurl@7.61.1-r1",
          "PkgName": "libcurl",
          "PkgIdentifier": {
            "PURL": "pkg:apk/alpine/libcurl@7.61.1-r1?arch=x86_64\u0026distro=3.8.2"
          },
          "InstalledVersion": "7.61.1-r1",
          "FixedVersion": "7.61.1-r2",
          "Status": "fixed",
          "Layer": {
            "DiffID": "sha256:6a395a55089d2d886fdc814cf412e20d9d279110a3eb5768550b01f61e7b9cdb"
          },
          "SeveritySource": "nvd",
          "PrimaryURL": "https://avd.aquasec.com/nvd/cve-2018-16890",
          "DataSource": {
            "ID": "alpine",
            "Name": "Alpine Secdb",
            "URL": "https://secdb.alpinelinux.org/"
          },
          "Title": "curl: NTLM type-2 heap out-of-bounds buffer read",
          "Description": "libcurl versions from 7.36.0 to before 7.64.0 is vulnerable to a heap buffer out-of-bounds read. The function handling incoming NTLM type-2 messages (`lib/vauth/ntlm.c:ntlm_decode_type2_target`) does not validate incoming data correctly and is subject to an integer overflow vulnerability. Using that overflow, a malicious or broken NTLM server could trick libcurl to accept a bad length + offset combination that would lead to a buffer read out-of-bounds.",
          "Severity": "HIGH",
          "CweIDs": [
            "CWE-125",
            "CWE-190"
          ],
          "VendorSeverity": {
            "amazon": 2,
            "nvd": 3,
            "oracle-oval": 2,
            "photon": 3,
            "redhat": 2,
            "ubuntu": 2
          },
          "CVSS": {
            "nvd": {
              "V2Vector": "AV:N/AC:L/Au:N/C:N/I:N/A:P",
              "V3Vector": "CVSS:3.1/AV:N/AC:L/PR:N/UI:N/S:U/C:N/I:N/A:H",
              "V2Score": 5,
              "V3Score": 7.5
            },
            "redhat": {
              "V3Vector": "CVSS:3.0/AV:N/AC:L/PR:N/UI:R/S:U/C:N/I:N/A:L",
              "V3Score": 4.3
            }
          },
          "References": [
            "http://www.securityfocus.com/bid/106947",
            "https://access.redhat.com/errata/RHSA-2019:3701",
            "https://access.redhat.com/security/cve/CVE-2018-16890",
            "https://bugzilla.redhat.com/show_bug.cgi?id=CVE-2018-16890",
            "https://cert-portal.siemens.com/productcert/pdf/ssa-436177.pdf",
            "https://curl.haxx.se/docs/CVE-2018-16890.html",
            "https://cve.mitre.org/cgi-bin/cvename.cgi?name=CVE-2018-16890",
            "https://linux.oracle.com/cve/CVE-2018-16890.html",
            "https://linux.oracle.com/errata/ELSA-2019-3701.html",
            "https://lists.apache.org/thread.html/8338a0f605bdbb3a6098bb76f666a95fc2b2f53f37fa1ecc89f1146f%40%3Cdevnull.infra.apache.org%3E",
            "https://nvd.nist.gov/vuln/detail/CVE-2018-16890",
            "https://security.netapp.com/advisory/ntap-20190315-0001/",
            "https://support.f5.com/csp/article/K03314397?utm_source=f5support\u0026amp%3Butm_medium=RSS",
            "https://ubuntu.com/security/notices/USN-3882-1",
            "https://usn.ubuntu.com/3882-1/",
            "https://www.cve.org/CVERecord?id=CVE-2018-16890",
            "https://www.debian.org/security/2019/dsa-4386",
            "https://www.oracle.com/technetwork/security-advisory/cpuapr2019-5072813.html",
            "https://www.oracle.com/technetwork/security-advisory/cpujul2019-5072835.html"
          ],
          "PublishedDate": "2019-02-06T20:29:00.243Z",
          "LastModifiedDate": "2023-11-07T02:53:57.803Z"
        },
        {
          "VulnerabilityID": "CVE-2019-3823",
          "PkgID": "libcurl@7.61.1-r1",
          "PkgName": "libcurl",
          "PkgIdentifier": {
            "PURL": "pkg:apk/alpine/libcurl@7.61.1-r1?arch=x86_64\u0026distro=3.8.2"
          },
          "InstalledVersion": "7.61.1-r1",
          "FixedVersion": "7.61.1-r2",
          "Status": "fixed",
          "Layer": {
            "DiffID": "sha256:6a395a55089d2d886fdc814cf412e20d9d279110a3eb5768550b01f61e7b9cdb"
          },
          "SeveritySource": "nvd",
          "PrimaryURL": "https://avd.aquasec.com/nvd/cve-2019-3823",
          "DataSource": {
            "ID": "alpine",
            "Name": "Alpine Secdb",
            "URL": "https://secdb.alpinelinux.org/"
          },
          "Title": "curl: SMTP end-of-response out-of-bounds read",
          "Description": "libcurl versions from 7.34.0 to before 7.64.0 are vulnerable to a heap out-of-bounds read in the code handling the end-of-response for SMTP. If the buffer passed to `smtp_endofresp()` isn't NUL terminated and contains no character ending the parsed number, and `len` is set to 5, then the `strtol()` call reads beyond the allocated buffer. The read contents will not be returned to the caller.",
          "Severity": "HIGH",
          "CweIDs": [
            "CWE-125"
          ],
          "VendorSeverity": {
            "amazon": 2,
            "nvd": 3,
            "oracle-oval": 2,
            "photon": 3,
            "redhat": 1,
            "ubuntu": 1
          },
          "CVSS": {
            "nvd": {
              "V2Vector": "AV:N/AC:L/Au:N/C:N/I:N/A:P",
              "V3Vector": "CVSS:3.0/AV:N/AC:L/PR:N/UI:N/S:U/C:N/I:N/A:H",
              "V2Score": 5,
              "V3Score": 7.5
            },
            "redhat": {
              "V3Vector": "CVSS:3.0/AV:N/AC:L/PR:N/UI:R/S:U/C:N/I:N/A:L",
              "V3Score": 4.3
            }
          },
          "References": [
            "http://www.securityfocus.com/bid/106950",
            "https://access.redhat.com/errata/RHSA-2019:3701",
            "https://access.redhat.com/security/cve/CVE-2019-3823",
            "https://bugzilla.redhat.com/show_bug.cgi?id=CVE-2019-3823",
            "https://cert-portal.siemens.com/productcert/pdf/ssa-936080.pdf",
            "https://curl.haxx.se/docs/CVE-2019-3823.html",
            "https://cve.mitre.org/cgi-bin/cvename.cgi?name=CVE-2019-3823",
            "https://linux.oracle.com/cve/CVE-2019-3823.html",
            "https://linux.oracle.com/errata/ELSA-2019-3701.html",
            "https://lists.apache.org/thread.html/8338a0f605bdbb3a6098bb76f666a95fc2b2f53f37fa1ecc89f1146f%40%3Cdevnull.infra.apache.org%3E",
            "https://nvd.nist.gov/vuln/detail/CVE-2019-3823",
            "https://security.gentoo.org/glsa/201903-03",
            "https://security.netapp.com/advisory/ntap-20190315-0001/",
            "https://ubuntu.com/security/notices/USN-3882-1",
            "https://usn.ubuntu.com/3882-1/",
            "https://www.cve.org/CVERecord?id=CVE-2019-3823",
            "https://www.debian.org/security/2019/dsa-4386",
            "https://www.oracle.com/technetwork/security-advisory/cpuapr2019-5072813.html",
            "https://www.oracle.com/technetwork/security-advisory/cpujul2019-5072835.html"
          ],
          "PublishedDate": "2019-02-06T20:29:00.4Z",
          "LastModifiedDate": "2023-11-07T03:10:12.93Z"
        },
        {
          "VulnerabilityID": "CVE-2019-14697",
          "PkgID": "musl@1.1.19-r10",
          "PkgName": "musl",
          "PkgIdentifier": {
            "PURL": "pkg:apk/alpine/musl@1.1.19-r10?arch=x86_64\u0026distro=3.8.2"
          },
          "InstalledVersion": "1.1.19-r10",
          "FixedVersion": "1.1.19-r11",
          "Status": "fixed",
          "Layer": {
            "DiffID": "sha256:767f936afb51c8a3ad9a96592a4be092048bb70f2ca410028a0b3f64b826acbb"
          },
          "SeveritySource": "nvd",
          "PrimaryURL": "https://avd.aquasec.com/nvd/cve-2019-14697",
          "DataSource": {
            "ID": "alpine",
            "Name": "Alpine Secdb",
            "URL": "https://secdb.alpinelinux.org/"
          },
          "Title": "musl libc through 1.1.23 has an x87 floating-point stack adjustment im ...",
          "Description": "musl libc through 1.1.23 has an x87 floating-point stack adjustment imbalance, related to the math/i386/ directory. In some cases, use of this library could introduce out-of-bounds writes that are not present in an application's source code.",
          "Severity": "CRITICAL",
          "CweIDs": [
            "CWE-787"
          ],
          "VendorSeverity": {
            "nvd": 4,
            "ubuntu": 2
          },
          "CVSS": {
            "nvd": {
              "V2Vector": "AV:N/AC:L/Au:N/C:P/I:P/A:P",
              "V3Vector": "CVSS:3.1/AV:N/AC:L/PR:N/UI:N/S:U/C:H/I:H/A:H",
              "V2Score": 7.5,
              "V3Score": 9.8
            }
          },
          "References": [
            "http://www.openwall.com/lists/oss-security/2019/08/06/4",
            "https://cve.mitre.org/cgi-bin/cvename.cgi?name=CVE-2019-14697",
            "https://git.musl-libc.org/cgit/musl/patch/?id=6818c31c9bc4bbad5357f1de14bedf781e5b349e",
            "https://git.musl-libc.org/cgit/musl/patch/?id=f3ed8bfe8a82af1870ddc8696ed4cc1d5aa6b441",
            "https://security.gentoo.org/glsa/202003-13",
            "https://ubuntu.com/security/notices/USN-5990-1",
            "https://www.openwall.com/lists/musl/2019/08/06/1",
            "https://www.openwall.com/lists/oss-security/2019/08/06/1"
          ],
          "PublishedDate": "2019-08-06T16:15:11.72Z",
          "LastModifiedDate": "2023-03-03T17:43:22.227Z"
        },
        {
          "VulnerabilityID": "CVE-2019-14697",
          "PkgID": "musl-utils@1.1.19-r10",
          "PkgName": "musl-utils",
          "PkgIdentifier": {
            "PURL": "pkg:apk/alpine/musl-utils@1.1.19-r10?arch=x86_64\u0026distro=3.8.2"
          },
          "InstalledVersion": "1.1.19-r10",
          "FixedVersion": "1.1.19-r11",
          "Status": "fixed",
          "Layer": {
            "DiffID": "sha256:767f936afb51c8a3ad9a96592a4be092048bb70f2ca410028a0b3f64b826acbb"
          },
          "SeveritySource": "nvd",
          "PrimaryURL": "https://avd.aquasec.com/nvd/cve-2019-14697",
          "DataSource": {
            "ID": "alpine",
            "Name": "Alpine Secdb",
            "URL": "https://secdb.alpinelinux.org/"
          },
          "Title": "musl libc through 1.1.23 has an x87 floating-point stack adjustment im ...",
          "Description": "musl libc through 1.1.23 has an x87 floating-point stack adjustment imbalance, related to the math/i386/ directory. In some cases, use of this library could introduce out-of-bounds writes that are not present in an application's source code.",
          "Severity": "CRITICAL",
          "CweIDs": [
            "CWE-787"
          ],
          "VendorSeverity": {
            "nvd": 4,
            "ubuntu": 2
          },
          "CVSS": {
            "nvd": {
              "V2Vector": "AV:N/AC:L/Au:N/C:P/I:P/A:P",
              "V3Vector": "CVSS:3.1/AV:N/AC:L/PR:N/UI:N/S:U/C:H/I:H/A:H",
              "V2Score": 7.5,
              "V3Score": 9.8
            }
          },
          "References": [
            "http://www.openwall.com/lists/oss-security/2019/08/06/4",
            "https://cve.mitre.org/cgi-bin/cvename.cgi?name=CVE-2019-14697",
            "https://git.musl-libc.org/cgit/musl/patch/?id=6818c31c9bc4bbad5357f1de14bedf781e5b349e",
            "https://git.musl-libc.org/cgit/musl/patch/?id=f3ed8bfe8a82af1870ddc8696ed4cc1d5aa6b441",
            "https://security.gentoo.org/glsa/202003-13",
            "https://ubuntu.com/security/notices/USN-5990-1",
            "https://www.openwall.com/lists/musl/2019/08/06/1",
            "https://www.openwall.com/lists/oss-security/2019/08/06/1"
          ],
          "PublishedDate": "2019-08-06T16:15:11.72Z",
          "LastModifiedDate": "2023-03-03T17:43:22.227Z"
        },
        {
          "VulnerabilityID": "CVE-2019-9511",
          "PkgID": "nghttp2-libs@1.32.0-r0",
          "PkgName": "nghttp2-libs",
          "PkgIdentifier": {
            "PURL": "pkg:apk/alpine/nghttp2-libs@1.32.0-r0?arch=x86_64\u0026distro=3.8.2"
          },
          "InstalledVersion": "1.32.0-r0",
          "FixedVersion": "1.39.2-r0",
          "Status": "fixed",
          "Layer": {
            "DiffID": "sha256:6a395a55089d2d886fdc814cf412e20d9d279110a3eb5768550b01f61e7b9cdb"
          },
          "SeveritySource": "nvd",
          "PrimaryURL": "https://avd.aquasec.com/nvd/cve-2019-9511",
          "DataSource": {
            "ID": "alpine",
            "Name": "Alpine Secdb",
            "URL": "https://secdb.alpinelinux.org/"
          },
          "Title": "HTTP/2: large amount of data requests leads to denial of service",
          "Description": "Some HTTP/2 implementations are vulnerable to window size manipulation and stream prioritization manipulation, potentially leading to a denial of service. The attacker requests a large amount of data from a specified resource over multiple streams. They manipulate window size and stream priority to force the server to queue the data in 1-byte chunks. Depending on how efficiently this data is queued, this can consume excess CPU, memory, or both.",
          "Severity": "HIGH",
          "CweIDs": [
            "CWE-770",
            "CWE-400"
          ],
          "VendorSeverity": {
            "alma": 3,
            "amazon": 3,
            "cbl-mariner": 3,
            "nvd": 3,
            "oracle-oval": 3,
            "photon": 3,
            "redhat": 3,
            "ubuntu": 2
          },
          "CVSS": {
            "nvd": {
              "V2Vector": "AV:N/AC:L/Au:N/C:N/I:N/A:C",
              "V3Vector": "CVSS:3.1/AV:N/AC:L/PR:N/UI:N/S:U/C:N/I:N/A:H",
              "V2Score": 7.8,
              "V3Score": 7.5
            },
            "redhat": {
              "V3Vector": "CVSS:3.0/AV:N/AC:L/PR:L/UI:N/S:U/C:N/I:N/A:H",
              "V3Score": 6.5
            }
          },
          "References": [
            "http://lists.opensuse.org/opensuse-security-announce/2019-09/msg00031.html",
            "http://lists.opensuse.org/opensuse-security-announce/2019-09/msg00032.html",
            "http://lists.opensuse.org/opensuse-security-announce/2019-09/msg00035.html",
            "http://lists.opensuse.org/opensuse-security-announce/2019-10/msg00003.html",
            "http://lists.opensuse.org/opensuse-security-announce/2019-10/msg00005.html",
            "http://lists.opensuse.org/opensuse-security-announce/2019-10/msg00014.html",
            "https://access.redhat.com/errata/RHSA-2019:2692",
            "https://access.redhat.com/errata/RHSA-2019:2745",
            "https://access.redhat.com/errata/RHSA-2019:2746",
            "https://access.redhat.com/errata/RHSA-2019:2775",
            "https://access.redhat.com/errata/RHSA-2019:2799",
            "https://access.redhat.com/errata/RHSA-2019:2925",
            "https://access.redhat.com/errata/RHSA-2019:2939",
            "https://access.redhat.com/errata/RHSA-2019:2949",
            "https://access.redhat.com/errata/RHSA-2019:2955",
            "https://access.redhat.com/errata/RHSA-2019:2966",
            "https://access.redhat.com/errata/RHSA-2019:3041",
            "https://access.redhat.com/errata/RHSA-2019:3932",
            "https://access.redhat.com/errata/RHSA-2019:3933",
            "https://access.redhat.com/errata/RHSA-2019:3935",
            "https://access.redhat.com/errata/RHSA-2019:4018",
            "https://access.redhat.com/errata/RHSA-2019:4019",
            "https://access.redhat.com/errata/RHSA-2019:4020",
            "https://access.redhat.com/errata/RHSA-2019:4021",
            "https://access.redhat.com/security/cve/CVE-2019-9511",
            "https://cve.mitre.org/cgi-bin/cvename.cgi?name=CVE-2019-9511",
            "https://errata.almalinux.org/8/ALSA-2019-2925.html",
            "https://github.com/Netflix/security-bulletins/blob/master/advisories/third-party/2019-002.md",
            "https://github.com/nodejs/node/pull/29133",
            "https://github.com/nodejs/node/pull/29148",
            "https://github.com/nodejs/node/pull/29152",
            "https://kb.cert.org/vuls/id/605641/",
            "https://kc.mcafee.com/corporate/index?page=content\u0026id=SB10296",
            "https://linux.oracle.com/cve/CVE-2019-9511.html",
            "https://linux.oracle.com/errata/ELSA-2020-5862.html",
            "https://lists.fedoraproject.org/archives/list/package-announce%40lists.fedoraproject.org/message/BP556LEG3WENHZI5TAQ6ZEBFTJB4E2IS/",
            "https://lists.fedoraproject.org/archives/list/package-announce%40lists.fedoraproject.org/message/JUBYAF6ED3O4XCHQ5C2HYENJLXYXZC4M/",
            "https://lists.fedoraproject.org/archives/list/package-announce%40lists.fedoraproject.org/message/LZLUYPYY3RX4ZJDWZRJIKSULYRJ4PXW7/",
            "https://lists.fedoraproject.org/archives/list/package-announce%40lists.fedoraproject.org/message/POPAEC4FWL4UU4LDEGPY5NPALU24FFQD/",
            "https://lists.fedoraproject.org/archives/list/package-announce%40lists.fedoraproject.org/message/TAZZEVTCN2B4WT6AIBJ7XGYJMBTORJU5/",
            "https://lists.fedoraproject.org/archives/list/package-announce%40lists.fedoraproject.org/message/XHTKU7YQ5EEP2XNSAV4M4VJ7QCBOJMOD/",
            "https://nodejs.org/en/blog/vulnerability/aug-2019-security-releases/",
            "https://nvd.nist.gov/vuln/detail/CVE-2019-9511",
            "https://seclists.org/bugtraq/2019/Aug/40",
            "https://seclists.org/bugtraq/2019/Sep/1",
            "https://security.netapp.com/advisory/ntap-20190823-0002/",
            "https://security.netapp.com/advisory/ntap-20190823-0005/",
            "https://support.f5.com/csp/article/K02591030",
            "https://support.f5.com/csp/article/K02591030?utm_source=f5support\u0026amp%3Butm_medium=RSS",
            "https://ubuntu.com/security/notices/USN-4099-1",
            "https://usn.ubuntu.com/4099-1/",
            "https://www.cve.org/CVERecord?id=CVE-2019-9511",
            "https://www.debian.org/security/2019/dsa-4505",
            "https://www.debian.org/security/2019/dsa-4511",
            "https://www.debian.org/security/2020/dsa-4669",
            "https://www.nginx.com/blog/nginx-updates-mitigate-august-2019-http-2-vulnerabilities/",
            "https://www.oracle.com/security-alerts/cpujan2021.html",
            "https://www.oracle.com/security-alerts/cpuoct2020.html",
            "https://www.oracle.com/technetwork/security-advisory/cpuoct2019-5072832.html",
            "https://www.synology.com/security/advisory/Synology_SA_19_33"
          ],
          "PublishedDate": "2019-08-13T21:15:12.223Z",
          "LastModifiedDate": "2023-11-07T03:13:41.61Z"
        },
        {
          "VulnerabilityID": "CVE-2019-9513",
          "PkgID": "nghttp2-libs@1.32.0-r0",
          "PkgName": "nghttp2-libs",
          "PkgIdentifier": {
            "PURL": "pkg:apk/alpine/nghttp2-libs@1.32.0-r0?arch=x86_64\u0026distro=3.8.2"
          },
          "InstalledVersion": "1.32.0-r0",
          "FixedVersion": "1.39.2-r0",
          "Status": "fixed",
          "Layer": {
            "DiffID": "sha256:6a395a55089d2d886fdc814cf412e20d9d279110a3eb5768550b01f61e7b9cdb"
          },
          "SeveritySource": "nvd",
          "PrimaryURL": "https://avd.aquasec.com/nvd/cve-2019-9513",
          "DataSource": {
            "ID": "alpine",
            "Name": "Alpine Secdb",
            "URL": "https://secdb.alpinelinux.org/"
          },
          "Title": "HTTP/2: flood using PRIORITY frames results in excessive resource consumption",
          "Description": "Some HTTP/2 implementations are vulnerable to resource loops, potentially leading to a denial of service. The attacker creates multiple request streams and continually shuffles the priority of the streams in a way that causes substantial churn to the priority tree. This can consume excess CPU.",
          "Severity": "HIGH",
          "CweIDs": [
            "CWE-400"
          ],
          "VendorSeverity": {
            "alma": 3,
            "amazon": 3,
            "cbl-mariner": 3,
            "nvd": 3,
            "oracle-oval": 3,
            "photon": 3,
            "redhat": 3,
            "ubuntu": 2
          },
          "CVSS": {
            "nvd": {
              "V2Vector": "AV:N/AC:L/Au:N/C:N/I:N/A:C",
              "V3Vector": "CVSS:3.1/AV:N/AC:L/PR:N/UI:N/S:U/C:N/I:N/A:H",
              "V2Score": 7.8,
              "V3Score": 7.5
            },
            "redhat": {
              "V3Vector": "CVSS:3.0/AV:N/AC:L/PR:N/UI:N/S:U/C:N/I:N/A:H",
              "V3Score": 7.5
            }
          },
          "References": [
            "http://lists.opensuse.org/opensuse-security-announce/2019-09/msg00031.html",
            "http://lists.opensuse.org/opensuse-security-announce/2019-09/msg00032.html",
            "http://lists.opensuse.org/opensuse-security-announce/2019-09/msg00035.html",
            "http://lists.opensuse.org/opensuse-security-announce/2019-10/msg00003.html",
            "http://lists.opensuse.org/opensuse-security-announce/2019-10/msg00005.html",
            "http://lists.opensuse.org/opensuse-security-announce/2019-10/msg00014.html",
            "https://access.redhat.com/errata/RHSA-2019:2692",
            "https://access.redhat.com/errata/RHSA-2019:2745",
            "https://access.redhat.com/errata/RHSA-2019:2746",
            "https://access.redhat.com/errata/RHSA-2019:2775",
            "https://access.redhat.com/errata/RHSA-2019:2799",
            "https://access.redhat.com/errata/RHSA-2019:2925",
            "https://access.redhat.com/errata/RHSA-2019:2939",
            "https://access.redhat.com/errata/RHSA-2019:2949",
            "https://access.redhat.com/errata/RHSA-2019:2955",
            "https://access.redhat.com/errata/RHSA-2019:2966",
            "https://access.redhat.com/errata/RHSA-2019:3041",
            "https://access.redhat.com/errata/RHSA-2019:3932",
            "https://access.redhat.com/errata/RHSA-2019:3933",
            "https://access.redhat.com/errata/RHSA-2019:3935",
            "https://access.redhat.com/security/cve/CVE-2019-9513",
            "https://cve.mitre.org/cgi-bin/cvename.cgi?name=CVE-2019-9513",
            "https://errata.almalinux.org/8/ALSA-2019-2925.html",
            "https://github.com/Netflix/security-bulletins/blob/master/advisories/third-party/2019-002.md",
            "https://github.com/nodejs/node/pull/29133",
            "https://github.com/nodejs/node/pull/29148",
            "https://github.com/nodejs/node/pull/29152",
            "https://kb.cert.org/vuls/id/605641/",
            "https://kc.mcafee.com/corporate/index?page=content\u0026id=SB10296",
            "https://linux.oracle.com/cve/CVE-2019-9513.html",
            "https://linux.oracle.com/errata/ELSA-2019-2925.html",
            "https://lists.fedoraproject.org/archives/list/package-announce%40lists.fedoraproject.org/message/4ZQGHE3WTYLYAYJEIDJVF2FIGQTAYPMC/",
            "https://lists.fedoraproject.org/archives/list/package-announce%40lists.fedoraproject.org/message/CMNFX5MNYRWWIMO4BTKYQCGUDMHO3AXP/",
            "https://lists.fedoraproject.org/archives/list/package-announce%40lists.fedoraproject.org/message/JUBYAF6ED3O4XCHQ5C2HYENJLXYXZC4M/",
            "https://lists.fedoraproject.org/archives/list/package-announce%40lists.fedoraproject.org/message/LZLUYPYY3RX4ZJDWZRJIKSULYRJ4PXW7/",
            "https://lists.fedoraproject.org/archives/list/package-announce%40lists.fedoraproject.org/message/POPAEC4FWL4UU4LDEGPY5NPALU24FFQD/",
            "https://lists.fedoraproject.org/archives/list/package-announce%40lists.fedoraproject.org/message/TAZZEVTCN2B4WT6AIBJ7XGYJMBTORJU5/",
            "https://nghttp2.org/blog/2019/08/19/nghttp2-v1-39-2/",
            "https://nodejs.org/en/blog/vulnerability/aug-2019-security-releases/",
            "https://nvd.nist.gov/vuln/detail/CVE-2019-9513",
            "https://seclists.org/bugtraq/2019/Aug/40",
            "https://seclists.org/bugtraq/2019/Sep/1",
            "https://security.netapp.com/advisory/ntap-20190823-0002/",
            "https://security.netapp.com/advisory/ntap-20190823-0005/",
            "https://support.f5.com/csp/article/K02591030",
            "https://support.f5.com/csp/article/K02591030?utm_source=f5support\u0026amp%3Butm_medium=RSS",
            "https://ubuntu.com/security/notices/USN-4099-1",
            "https://usn.ubuntu.com/4099-1/",
            "https://www.cve.org/CVERecord?id=CVE-2019-9513",
            "https://www.debian.org/security/2019/dsa-4505",
            "https://www.debian.org/security/2019/dsa-4511",
            "https://www.debian.org/security/2020/dsa-4669",
            "https://www.nginx.com/blog/nginx-updates-mitigate-august-2019-http-2-vulnerabilities/",
            "https://www.oracle.com/security-alerts/cpujan2021.html",
            "https://www.oracle.com/security-alerts/cpuoct2020.html",
            "https://www.synology.com/security/advisory/Synology_SA_19_33"
          ],
          "PublishedDate": "2019-08-13T21:15:12.38Z",
          "LastModifiedDate": "2023-11-07T03:13:42.177Z"
        }
      ]
    }
  ]
}
