{
  "SchemaVersion": 2,
  "CreatedAt": "2024-02-24T17:42:21.905987977Z",
  "ArtifactName": "newrelic/php-daemon:10.11.0",
  "ArtifactType": "container_image",
  "Metadata": {
    "OS": {
      "Family": "alpine",
      "Name": "3.13.12",
      "EOSL": true
    },
    "ImageID": "sha256:841fbc93dfadd4bc97fe409112be3be7cdea105b7b97c19bbadf1cf58fa9344d",
    "DiffIDs": [
      "sha256:7df5bd7bd26203cecd71c9f1a6e04ddf8a22a4440f2388a13c86f87f40d2d992",
      "sha256:70d3dbfcbab2e842e7bfb15fb3f1ea7e89b98786f55de51970e0e6e7faa08600",
      "sha256:d2aa60a1e97d528c50149bd36eaae198ab3018e1cea0e91443bdb56284cfdf9a",
      "sha256:b5abbdca1ea9a18f41e2d882504cd26dc7c855e0ffd79791f277b4395dde7ada",
      "sha256:cf5bf47605b1cf76d1cb42343ac88085f5c63a60aeaddb086e35e7440afb6d33"
    ],
    "RepoTags": [
      "newrelic/php-daemon:10.11.0"
    ],
    "RepoDigests": [
      "newrelic/php-daemon@sha256:694517759d1d424deb55e910ce6be0d27886f6871703fb6915aa77eb031f8424"
    ],
    "ImageConfig": {
      "architecture": "amd64",
      "created": "2023-06-20T16:13:56.516912575Z",
      "history": [
        {
          "created": "2022-08-09T17:20:14Z",
          "created_by": "/bin/sh -c #(nop) ADD file:7fd90c097e2c4587dee91726d71abc02fa1aa6a3a3395c862206a4e14e0c299c in / "
        },
        {
          "created": "2022-08-09T17:20:14Z",
          "created_by": "/bin/sh -c #(nop)  CMD [\"/bin/sh\"]",
          "empty_layer": true
        },
        {
          "created": "2023-06-20T16:13:55Z",
          "created_by": "RUN /bin/sh -c apk add --no-cache                     ca-certificates # buildkit",
          "comment": "buildkit.dockerfile.v0"
        },
        {
          "created": "2023-06-20T16:13:55Z",
          "created_by": "RUN /bin/sh -c set -ex;           mkdir /var/log/newrelic # buildkit",
          "comment": "buildkit.dockerfile.v0"
        },
        {
          "created": "2023-06-20T16:13:55Z",
          "created_by": "COPY docker-entrypoint.sh /usr/bin/docker-entrypoint.sh # buildkit",
          "comment": "buildkit.dockerfile.v0"
        },
        {
          "created": "2023-06-20T16:13:56Z",
          "created_by": "COPY /usr/bin/newrelic-daemon /usr/bin/newrelic-daemon # buildkit",
          "comment": "buildkit.dockerfile.v0"
        },
        {
          "created": "2023-06-20T16:13:56Z",
          "created_by": "EXPOSE map[31339/tcp:{}]",
          "comment": "buildkit.dockerfile.v0",
          "empty_layer": true
        },
        {
          "created": "2023-06-20T16:13:56Z",
          "created_by": "ENTRYPOINT [\"sh\" \"/usr/bin/docker-entrypoint.sh\"]",
          "comment": "buildkit.dockerfile.v0",
          "empty_layer": true
        },
        {
          "created": "2023-06-20T16:13:56Z",
          "created_by": "CMD [\"/usr/bin/newrelic-daemon\"]",
          "comment": "buildkit.dockerfile.v0",
          "empty_layer": true
        }
      ],
      "os": "linux",
      "rootfs": {
        "type": "layers",
        "diff_ids": [
          "sha256:7df5bd7bd26203cecd71c9f1a6e04ddf8a22a4440f2388a13c86f87f40d2d992",
          "sha256:70d3dbfcbab2e842e7bfb15fb3f1ea7e89b98786f55de51970e0e6e7faa08600",
          "sha256:d2aa60a1e97d528c50149bd36eaae198ab3018e1cea0e91443bdb56284cfdf9a",
          "sha256:b5abbdca1ea9a18f41e2d882504cd26dc7c855e0ffd79791f277b4395dde7ada",
          "sha256:cf5bf47605b1cf76d1cb42343ac88085f5c63a60aeaddb086e35e7440afb6d33"
        ]
      },
      "config": {
        "Cmd": [
          "/usr/bin/newrelic-daemon"
        ],
        "Entrypoint": [
          "sh",
          "/usr/bin/docker-entrypoint.sh"
        ],
        "Env": [
          "PATH=/usr/local/sbin:/usr/local/bin:/usr/sbin:/usr/bin:/sbin:/bin"
        ],
        "ArgsEscaped": true
      }
    }
  },
  "Results": [
    {
      "Target": "newrelic/php-daemon:10.11.0 (alpine 3.13.12)",
      "Class": "os-pkgs",
      "Type": "alpine"
    }
  ]
}
