{
  "SchemaVersion": 2,
  "CreatedAt": "2024-02-24T20:05:53.684212224Z",
  "ArtifactName": "nginx/nginx-prometheus-exporter:0.11.0",
  "ArtifactType": "container_image",
  "Metadata": {
    "ImageID": "sha256:327638d88d714ae141f2d870cdaa1fbcf696e22350f6d9fa6508c9c0bc8e24ba",
    "DiffIDs": [
      "sha256:b9586406270630f519fbbbd92e9c4c0310eca7a0f88c7b2323517983815cc2ea",
      "sha256:09e9505482ec02a81b0c4d5178e918886b43284b16b6a903f7e40f1ab5de4020"
    ],
    "RepoTags": [
      "nginx/nginx-prometheus-exporter:0.11.0"
    ],
    "RepoDigests": [
      "nginx/nginx-prometheus-exporter@sha256:131c2c2963296bbae7e9fcb52f77a1202f1d87d5d85e8e6cd7bcbccad799bc01"
    ],
    "ImageConfig": {
      "architecture": "amd64",
      "created": "2022-09-07T21:36:00.633979311Z",
      "history": [
        {
          "created": "2022-09-07T07:50:08Z",
          "created_by": "COPY /etc/ssl/certs/ca-certificates.crt /etc/ssl/certs/ # buildkit",
          "comment": "buildkit.dockerfile.v0"
        },
        {
          "created": "2022-09-07T21:36:00Z",
          "created_by": "USER 1001:1001",
          "comment": "buildkit.dockerfile.v0",
          "empty_layer": true
        },
        {
          "created": "2022-09-07T21:36:00Z",
          "created_by": "ENTRYPOINT [\"/usr/bin/nginx-prometheus-exporter\"]",
          "comment": "buildkit.dockerfile.v0",
          "empty_layer": true
        },
        {
          "created": "2022-09-07T21:36:00Z",
          "created_by": "ARG TARGETARCH",
          "comment": "buildkit.dockerfile.v0",
          "empty_layer": true
        },
        {
          "created": "2022-09-07T21:36:00Z",
          "created_by": "ARG TARGETVARIANT",
          "comment": "buildkit.dockerfile.v0",
          "empty_layer": true
        },
        {
          "created": "2022-09-07T21:36:00Z",
          "created_by": "ARG TARGETPLATFORM",
          "comment": "buildkit.dockerfile.v0",
          "empty_layer": true
        },
        {
          "created": "2022-09-07T21:36:00Z",
          "created_by": "LABEL org.nginx.exporter.image.build.target=linux/amd64",
          "comment": "buildkit.dockerfile.v0",
          "empty_layer": true
        },
        {
          "created": "2022-09-07T21:36:00Z",
          "created_by": "LABEL org.nginx.exporter.image.build.version=goreleaser",
          "comment": "buildkit.dockerfile.v0",
          "empty_layer": true
        },
        {
          "created": "2022-09-07T21:36:00Z",
          "created_by": "COPY dist/nginx-prometheus-exporter_linux_amd64*/nginx-prometheus-exporter /usr/bin/ # buildkit",
          "comment": "buildkit.dockerfile.v0"
        }
      ],
      "os": "linux",
      "rootfs": {
        "type": "layers",
        "diff_ids": [
          "sha256:b9586406270630f519fbbbd92e9c4c0310eca7a0f88c7b2323517983815cc2ea",
          "sha256:09e9505482ec02a81b0c4d5178e918886b43284b16b6a903f7e40f1ab5de4020"
        ]
      },
      "config": {
        "Entrypoint": [
          "/usr/bin/nginx-prometheus-exporter"
        ],
        "Env": [
          "PATH=/usr/local/sbin:/usr/local/bin:/usr/sbin:/usr/bin:/sbin:/bin"
        ],
        "Labels": {
          "org.nginx.exporter.image.build.target": "linux/amd64",
          "org.nginx.exporter.image.build.version": "goreleaser",
          "org.opencontainers.image.created": "2022-09-07T21:30:30.353Z",
          "org.opencontainers.image.description": "NGINX Prometheus Exporter for NGINX and NGINX Plus",
          "org.opencontainers.image.licenses": "Apache-2.0",
          "org.opencontainers.image.revision": "e4a6810d4f0b776f7fde37fea1d84e4c7284b72a",
          "org.opencontainers.image.source": "https://github.com/nginxinc/nginx-prometheus-exporter",
          "org.opencontainers.image.title": "nginx-prometheus-exporter",
          "org.opencontainers.image.url": "https://github.com/nginxinc/nginx-prometheus-exporter",
          "org.opencontainers.image.vendor": "NGINX Inc \u003cintegrations@nginx.com\u003e",
          "org.opencontainers.image.version": "0.11.0"
        },
        "User": "1001:1001",
        "WorkingDir": "/"
      }
    }
  }
}
