{
  "SchemaVersion": 2,
  "CreatedAt": "2024-02-24T10:19:34.839416693Z",
  "ArtifactName": "amir20/dozzle:v4.10.17",
  "ArtifactType": "container_image",
  "Metadata": {
    "ImageID": "sha256:b1791c975e815699b71f1089365496d6f86ad1e991d8a9881743ea24af04324f",
    "DiffIDs": [
      "sha256:0180e86ccb80410bd6cb7cb5a78f6b70262e98cbff8864b2d174680a227efabb",
      "sha256:d4184e886c5ba64683a67300ea5437f54e39216e018fdac80e9109d43946ea3f"
    ],
    "RepoTags": [
      "amir20/dozzle:v4.10.17"
    ],
    "RepoDigests": [
      "amir20/dozzle@sha256:db17a8ea0758be48deefa28b2db7129b76c36628fdb60e09bb2f56100c2b2c63"
    ],
    "ImageConfig": {
      "architecture": "amd64",
      "created": "2023-06-27T22:48:22.480634578Z",
      "history": [
        {
          "created": "2023-05-22T18:35:46Z",
          "created_by": "ENV PATH=/bin",
          "comment": "buildkit.dockerfile.v0",
          "empty_layer": true
        },
        {
          "created": "2023-05-22T18:35:46Z",
          "created_by": "COPY /etc/ssl/certs/ca-certificates.crt /etc/ssl/certs/ca-certificates.crt # buildkit",
          "comment": "buildkit.dockerfile.v0"
        },
        {
          "created": "2023-06-27T22:48:22Z",
          "created_by": "COPY /dozzle/dozzle /dozzle # buildkit",
          "comment": "buildkit.dockerfile.v0"
        },
        {
          "created": "2023-06-27T22:48:22Z",
          "created_by": "EXPOSE map[8080/tcp:{}]",
          "comment": "buildkit.dockerfile.v0",
          "empty_layer": true
        },
        {
          "created": "2023-06-27T22:48:22Z",
          "created_by": "ENTRYPOINT [\"/dozzle\"]",
          "comment": "buildkit.dockerfile.v0",
          "empty_layer": true
        }
      ],
      "os": "linux",
      "rootfs": {
        "type": "layers",
        "diff_ids": [
          "sha256:0180e86ccb80410bd6cb7cb5a78f6b70262e98cbff8864b2d174680a227efabb",
          "sha256:d4184e886c5ba64683a67300ea5437f54e39216e018fdac80e9109d43946ea3f"
        ]
      },
      "config": {
        "Entrypoint": [
          "/dozzle"
        ],
        "Env": [
          "PATH=/bin"
        ],
        "Labels": {
          "org.opencontainers.image.created": "2023-06-27T22:46:40.557Z",
          "org.opencontainers.image.description": "Realtime log viewer for docker containers.",
          "org.opencontainers.image.licenses": "MIT",
          "org.opencontainers.image.revision": "f6807db592d5e9ca7bf3291a1dff87622ca14fca",
          "org.opencontainers.image.source": "https://github.com/amir20/dozzle",
          "org.opencontainers.image.title": "dozzle",
          "org.opencontainers.image.url": "https://github.com/amir20/dozzle",
          "org.opencontainers.image.version": "v4.10.17"
        },
        "WorkingDir": "/"
      }
    }
  },
  "Results": [
    {
      "Target": "dozzle",
      "Class": "lang-pkgs",
      "Type": "gobinary",
      "Vulnerabilities": [
        {
          "VulnerabilityID": "GHSA-jq35-85cj-fj4p",
          "PkgName": "github.com/docker/docker",
          "PkgIdentifier": {
            "PURL": "pkg:golang/github.com/docker/docker@v24.0.2%2Bincompatible"
          },
          "InstalledVersion": "v24.0.2+incompatible",
          "FixedVersion": "24.0.7, 23.0.8, 20.10.27",
          "Status": "fixed",
          "Layer": {
            "DiffID": "sha256:d4184e886c5ba64683a67300ea5437f54e39216e018fdac80e9109d43946ea3f"
          },
          "SeveritySource": "ghsa",
          "PrimaryURL": "https://github.com/advisories/GHSA-jq35-85cj-fj4p",
          "DataSource": {
            "ID": "ghsa",
            "Name": "GitHub Security Advisory Go",
            "URL": "https://github.com/advisories?query=type%3Areviewed+ecosystem%3Ago"
          },
          "Title": "/sys/devices/virtual/powercap accessible by default to containers",
          "Description": "Intel's RAPL (Running Average Power Limit) feature, introduced by the Sandy Bridge microarchitecture, provides software insights into hardware energy consumption. To facilitate this, Intel introduced the powercap framework in Linux kernel 3.13, which reads values via relevant MSRs (model specific registers) and provides unprivileged userspace access via `sysfs`. As RAPL is an interface to access a hardware feature, it is only available when running on bare metal with the module compiled into the kernel.\n\nBy 2019, it was realized that in some cases unprivileged access to RAPL readings could be exploited as a power-based side-channel against security features including AES-NI (potentially inside a SGX enclave) and KASLR (kernel address space layout randomization). Also known as the [PLATYPUS attack](https://platypusattack.com/), Intel assigned [CVE-2020-8694](https://cve.mitre.org/cgi-bin/cvename.cgi?name=CVE-2020-8694) and [CVE-2020-8695](https://cve.mitre.org/cgi-bin/cvename.cgi?name=CVE-2020-8695), and AMD assigned [CVE-2020-12912](https://cve.mitre.org/cgi-bin/cvename.cgi?name=CVE-2020-12912).\n\nSeveral mitigations were applied; Intel reduced the sampling resolution via a microcode update, and the Linux kernel [prevents access by non-root users](https://git.kernel.org/pub/scm/linux/kernel/git/torvalds/linux.git/commit/?id=949dd0104c496fa7c14991a23c03c62e44637e71) since 5.10. However, this kernel-based mitigation does not apply to many container-based scenarios:\n* Unless using user namespaces, root inside a container has the same level of privilege as root outside the container, but with a slightly more narrow view of the system\n* `sysfs` is mounted inside containers read-only; however only read access is needed to carry out this attack on an unpatched CPU\n\nWhile this is not a direct vulnerability in container runtimes, defense in depth and safe defaults are valuable and preferred, especially as this poses a risk to multi-tenant container environments running directly on affected hardware. This is provided by masking `/sys/devices/virtual/powercap` in the default mount configuration, and adding an additional set of rules to deny it in the default AppArmor profile.\n\nWhile `sysfs` is not the only way to read from the RAPL subsystem, other ways of accessing it require additional capabilities such as `CAP_SYS_RAWIO` which is not available to containers by default, or `perf` paranoia level less than 1, which is a non-default kernel tunable.\n\n## References\n\n* https://cve.mitre.org/cgi-bin/cvename.cgi?name=CVE-2020-8694\n* https://cve.mitre.org/cgi-bin/cvename.cgi?name=CVE-2020-8695\n* https://cve.mitre.org/cgi-bin/cvename.cgi?name=CVE-2020-12912\n* https://platypusattack.com/\n* https://git.kernel.org/pub/scm/linux/kernel/git/torvalds/linux.git/commit/?id=949dd0104c496fa7c14991a23c03c62e44637e71\n* https://web.eece.maine.edu/~vweaver/projects/rapl/",
          "Severity": "MEDIUM",
          "VendorSeverity": {
            "ghsa": 2
          },
          "References": [
            "https://github.com/moby/moby",
            "https://github.com/moby/moby/commit/48ebe353e49a9def5e6679f6e386b0efb1c95f0e",
            "https://github.com/moby/moby/commit/81ebe71275768629689a23bc3bca34b3b374a6a6",
            "https://github.com/moby/moby/commit/c9ccbfad11a60e703e91b6cca4f48927828c7e35",
            "https://github.com/moby/moby/releases/tag/v20.10.27",
            "https://github.com/moby/moby/releases/tag/v23.0.8",
            "https://github.com/moby/moby/releases/tag/v24.0.7",
            "https://github.com/moby/moby/security/advisories/GHSA-jq35-85cj-fj4p"
          ]
        },
        {
          "VulnerabilityID": "CVE-2023-39325",
          "PkgName": "golang.org/x/net",
          "PkgIdentifier": {
            "PURL": "pkg:golang/golang.org/x/net@v0.10.0"
          },
          "InstalledVersion": "v0.10.0",
          "FixedVersion": "0.17.0",
          "Status": "fixed",
          "Layer": {
            "DiffID": "sha256:d4184e886c5ba64683a67300ea5437f54e39216e018fdac80e9109d43946ea3f"
          },
          "SeveritySource": "ghsa",
          "PrimaryURL": "https://avd.aquasec.com/nvd/cve-2023-39325",
          "DataSource": {
            "ID": "ghsa",
            "Name": "GitHub Security Advisory Go",
            "URL": "https://github.com/advisories?query=type%3Areviewed+ecosystem%3Ago"
          },
          "Title": "golang: net/http, x/net/http2: rapid stream resets can cause excessive work (CVE-2023-44487)",
          "Description": "A malicious HTTP/2 client which rapidly creates requests and immediately resets them can cause excessive server resource consumption. While the total number of requests is bounded by the http2.Server.MaxConcurrentStreams setting, resetting an in-progress request allows the attacker to create a new request while the existing one is still executing. With the fix applied, HTTP/2 servers now bound the number of simultaneously executing handler goroutines to the stream concurrency limit (MaxConcurrentStreams). New requests arriving when at the limit (which can only happen after the client has reset an existing, in-flight request) will be queued until a handler exits. If the request queue grows too large, the server will terminate the connection. This issue is also fixed in golang.org/x/net/http2 for users manually configuring HTTP/2. The default stream concurrency limit is 250 streams (requests) per HTTP/2 connection. This value may be adjusted using the golang.org/x/net/http2 package; see the Server.MaxConcurrentStreams setting and the ConfigureServer function.",
          "Severity": "HIGH",
          "CweIDs": [
            "CWE-770"
          ],
          "VendorSeverity": {
            "alma": 2,
            "amazon": 3,
            "bitnami": 3,
            "cbl-mariner": 3,
            "ghsa": 3,
            "nvd": 3,
            "oracle-oval": 2,
            "redhat": 3,
            "rocky": 2,
            "ubuntu": 2
          },
          "CVSS": {
            "bitnami": {
              "V3Vector": "CVSS:3.1/AV:N/AC:L/PR:N/UI:N/S:U/C:N/I:N/A:H",
              "V3Score": 7.5
            },
            "ghsa": {
              "V3Vector": "CVSS:3.1/AV:N/AC:L/PR:N/UI:N/S:U/C:N/I:N/A:H",
              "V3Score": 7.5
            },
            "nvd": {
              "V3Vector": "CVSS:3.1/AV:N/AC:L/PR:N/UI:N/S:U/C:N/I:N/A:H",
              "V3Score": 7.5
            },
            "redhat": {
              "V3Vector": "CVSS:3.1/AV:N/AC:L/PR:N/UI:N/S:U/C:N/I:N/A:H",
              "V3Score": 7.5
            }
          },
          "References": [
            "golang.org/x/net",
            "https://access.redhat.com/errata/RHSA-2023:6077",
            "https://access.redhat.com/security/cve/CVE-2023-39325",
            "https://access.redhat.com/security/cve/CVE-2023-44487",
            "https://access.redhat.com/security/vulnerabilities/RHSB-2023-003",
            "https://bugzilla.redhat.com/2242803",
            "https://bugzilla.redhat.com/2243296",
            "https://bugzilla.redhat.com/show_bug.cgi?id=2242803",
            "https://bugzilla.redhat.com/show_bug.cgi?id=2243296",
            "https://cve.mitre.org/cgi-bin/cvename.cgi?name=CVE-2023-39325",
            "https://cve.mitre.org/cgi-bin/cvename.cgi?name=CVE-2023-44487",
            "https://errata.almalinux.org/9/ALSA-2023-6077.html",
            "https://errata.rockylinux.org/RLSA-2023:6077",
            "https://github.com/golang/go/commit/24ae2d927285c697440fdde3ad7f26028354bcf3 [golang- 1.21]",
            "https://github.com/golang/go/commit/e175f27f58aa7b9cd4d79607ae65d2cd5baaee68 [golang-1.20]",
            "https://github.com/golang/go/issues/63417",
            "https://go.dev/cl/534215",
            "https://go.dev/cl/534235",
            "https://go.dev/issue/63417",
            "https://groups.google.com/g/golang-announce/c/iNNxDTCjZvo/m/UDd7VKQuAAAJ",
            "https://linux.oracle.com/cve/CVE-2023-39325.html",
            "https://linux.oracle.com/errata/ELSA-2023-5867.html",
            "https://lists.fedoraproject.org/archives/list/package-announce@lists.fedoraproject.org/message/3OVW5V2DM5K5IC3H7O42YDUGNJ74J35O",
            "https://lists.fedoraproject.org/archives/list/package-announce@lists.fedoraproject.org/message/3OVW5V2DM5K5IC3H7O42YDUGNJ74J35O/",
            "https://lists.fedoraproject.org/archives/list/package-announce@lists.fedoraproject.org/message/3SZN67IL7HMGMNAVLOTIXLIHUDXZK4LH",
            "https://lists.fedoraproject.org/archives/list/package-announce@lists.fedoraproject.org/message/3SZN67IL7HMGMNAVLOTIXLIHUDXZK4LH/",
            "https://lists.fedoraproject.org/archives/list/package-announce@lists.fedoraproject.org/message/4BUK2ZIAGCULOOYDNH25JPU6JBES5NF2",
            "https://lists.fedoraproject.org/archives/list/package-announce@lists.fedoraproject.org/message/4BUK2ZIAGCULOOYDNH25JPU6JBES5NF2/",
            "https://lists.fedoraproject.org/archives/list/package-announce@lists.fedoraproject.org/message/5RSKA2II6QTD4YUKUNDVJQSRYSFC4VFR",
            "https://lists.fedoraproject.org/archives/list/package-announce@lists.fedoraproject.org/message/5RSKA2II6QTD4YUKUNDVJQSRYSFC4VFR/",
            "https://lists.fedoraproject.org/archives/list/package-announce@lists.fedoraproject.org/message/AVZDNSMVDAQJ64LJC5I5U5LDM5753647",
            "https://lists.fedoraproject.org/archives/list/package-announce@lists.fedoraproject.org/message/AVZDNSMVDAQJ64LJC5I5U5LDM5753647/",
            "https://lists.fedoraproject.org/archives/list/package-announce@lists.fedoraproject.org/message/CHHITS4PUOZAKFIUBQAQZC7JWXMOYE4B",
            "https://lists.fedoraproject.org/archives/list/package-announce@lists.fedoraproject.org/message/CHHITS4PUOZAKFIUBQAQZC7JWXMOYE4B/",
            "https://lists.fedoraproject.org/archives/list/package-announce@lists.fedoraproject.org/message/CLB4TW7KALB3EEQWNWCN7OUIWWVWWCG2",
            "https://lists.fedoraproject.org/archives/list/package-announce@lists.fedoraproject.org/message/CLB4TW7KALB3EEQWNWCN7OUIWWVWWCG2/",
            "https://lists.fedoraproject.org/archives/list/package-announce@lists.fedoraproject.org/message/D2BBIDR2ZMB3X5BC7SR4SLQMHRMVPY6L",
            "https://lists.fedoraproject.org/archives/list/package-announce@lists.fedoraproject.org/message/D2BBIDR2ZMB3X5BC7SR4SLQMHRMVPY6L/",
            "https://lists.fedoraproject.org/archives/list/package-announce@lists.fedoraproject.org/message/ECRC75BQJP6FJN2L7KCKYZW4DSBD7QSD",
            "https://lists.fedoraproject.org/archives/list/package-announce@lists.fedoraproject.org/message/ECRC75BQJP6FJN2L7KCKYZW4DSBD7QSD/",
            "https://lists.fedoraproject.org/archives/list/package-announce@lists.fedoraproject.org/message/FTMJ3NJIDAZFWJQQSP3L22MUFJ3UP2PT",
            "https://lists.fedoraproject.org/archives/list/package-announce@lists.fedoraproject.org/message/FTMJ3NJIDAZFWJQQSP3L22MUFJ3UP2PT/",
            "https://lists.fedoraproject.org/archives/list/package-announce@lists.fedoraproject.org/message/GSY7SXFFTPZFWDM6XELSDSHZLVW3AHK7",
            "https://lists.fedoraproject.org/archives/list/package-announce@lists.fedoraproject.org/message/GSY7SXFFTPZFWDM6XELSDSHZLVW3AHK7/",
            "https://lists.fedoraproject.org/archives/list/package-announce@lists.fedoraproject.org/message/HZQIELEIRSZUYTFFH5KTH2YJ4IIQG2KE",
            "https://lists.fedoraproject.org/archives/list/package-announce@lists.fedoraproject.org/message/HZQIELEIRSZUYTFFH5KTH2YJ4IIQG2KE/",
            "https://lists.fedoraproject.org/archives/list/package-announce@lists.fedoraproject.org/message/IPWCNYB5PQ5PCVZ4NJT6G56ZYFZ5QBU6",
            "https://lists.fedoraproject.org/archives/list/package-announce@lists.fedoraproject.org/message/IPWCNYB5PQ5PCVZ4NJT6G56ZYFZ5QBU6/",
            "https://lists.fedoraproject.org/archives/list/package-announce@lists.fedoraproject.org/message/KEOTKBUPZXHE3F352JBYNTSNRXYLWD6P",
            "https://lists.fedoraproject.org/archives/list/package-announce@lists.fedoraproject.org/message/KEOTKBUPZXHE3F352JBYNTSNRXYLWD6P/",
            "https://lists.fedoraproject.org/archives/list/package-announce@lists.fedoraproject.org/message/KSEGD2IWKNUO3DWY4KQGUQM5BISRWHQE",
            "https://lists.fedoraproject.org/archives/list/package-announce@lists.fedoraproject.org/message/KSEGD2IWKNUO3DWY4KQGUQM5BISRWHQE/",
            "https://lists.fedoraproject.org/archives/list/package-announce@lists.fedoraproject.org/message/MZQYOOKHQDQ57LV2IAG6NRFOVXKHJJ3Z",
            "https://lists.fedoraproject.org/archives/list/package-announce@lists.fedoraproject.org/message/MZQYOOKHQDQ57LV2IAG6NRFOVXKHJJ3Z/",
            "https://lists.fedoraproject.org/archives/list/package-announce@lists.fedoraproject.org/message/NG7IMPL55MVWU3LCI4JQJT3K2U5CHDV7",
            "https://lists.fedoraproject.org/archives/list/package-announce@lists.fedoraproject.org/message/NG7IMPL55MVWU3LCI4JQJT3K2U5CHDV7/",
            "https://lists.fedoraproject.org/archives/list/package-announce@lists.fedoraproject.org/message/OXGWPQOJ3JNDW2XIYKIVJ7N7QUIFNM2Q",
            "https://lists.fedoraproject.org/archives/list/package-announce@lists.fedoraproject.org/message/OXGWPQOJ3JNDW2XIYKIVJ7N7QUIFNM2Q/",
            "https://lists.fedoraproject.org/archives/list/package-announce@lists.fedoraproject.org/message/QF5QSYAOPDOWLY6DUHID56Q4HQFYB45I",
            "https://lists.fedoraproject.org/archives/list/package-announce@lists.fedoraproject.org/message/QF5QSYAOPDOWLY6DUHID56Q4HQFYB45I/",
            "https://lists.fedoraproject.org/archives/list/package-announce@lists.fedoraproject.org/message/R3UETKPUB3V5JS5TLZOF3SMTGT5K5APS",
            "https://lists.fedoraproject.org/archives/list/package-announce@lists.fedoraproject.org/message/R3UETKPUB3V5JS5TLZOF3SMTGT5K5APS/",
            "https://lists.fedoraproject.org/archives/list/package-announce@lists.fedoraproject.org/message/REMHVVIBDNKSRKNOTV7EQSB7CYQWOUOU",
            "https://lists.fedoraproject.org/archives/list/package-announce@lists.fedoraproject.org/message/REMHVVIBDNKSRKNOTV7EQSB7CYQWOUOU/",
            "https://lists.fedoraproject.org/archives/list/package-announce@lists.fedoraproject.org/message/T7N5GV4CHH6WAGX3GFMDD3COEOVCZ4RI",
            "https://lists.fedoraproject.org/archives/list/package-announce@lists.fedoraproject.org/message/T7N5GV4CHH6WAGX3GFMDD3COEOVCZ4RI/",
            "https://lists.fedoraproject.org/archives/list/package-announce@lists.fedoraproject.org/message/ULQQONMSCQSH5Z5OWFFQHCGEZ3NL4DRJ",
            "https://lists.fedoraproject.org/archives/list/package-announce@lists.fedoraproject.org/message/ULQQONMSCQSH5Z5OWFFQHCGEZ3NL4DRJ/",
            "https://lists.fedoraproject.org/archives/list/package-announce@lists.fedoraproject.org/message/UTT7DG3QOF5ZNJLUGHDNLRUIN6OWZARP",
            "https://lists.fedoraproject.org/archives/list/package-announce@lists.fedoraproject.org/message/UTT7DG3QOF5ZNJLUGHDNLRUIN6OWZARP/",
            "https://lists.fedoraproject.org/archives/list/package-announce@lists.fedoraproject.org/message/WCNCBYKZXLDFGAJUB7ZP5VLC3YTHJNVH",
            "https://lists.fedoraproject.org/archives/list/package-announce@lists.fedoraproject.org/message/WCNCBYKZXLDFGAJUB7ZP5VLC3YTHJNVH/",
            "https://lists.fedoraproject.org/archives/list/package-announce@lists.fedoraproject.org/message/XFOIBB4YFICHDM7IBOP7PWXW3FX4HLL2",
            "https://lists.fedoraproject.org/archives/list/package-announce@lists.fedoraproject.org/message/XFOIBB4YFICHDM7IBOP7PWXW3FX4HLL2/",
            "https://lists.fedoraproject.org/archives/list/package-announce@lists.fedoraproject.org/message/XTNLSL44Y5FB6JWADSZH6DCV4JJAAEQY",
            "https://lists.fedoraproject.org/archives/list/package-announce@lists.fedoraproject.org/message/XTNLSL44Y5FB6JWADSZH6DCV4JJAAEQY/",
            "https://lists.fedoraproject.org/archives/list/package-announce@lists.fedoraproject.org/message/YRKEXKANQ7BKJW2YTAMP625LJUJZLJ4P",
            "https://lists.fedoraproject.org/archives/list/package-announce@lists.fedoraproject.org/message/YRKEXKANQ7BKJW2YTAMP625LJUJZLJ4P/",
            "https://lists.fedoraproject.org/archives/list/package-announce@lists.fedoraproject.org/message/ZSVEMQV5ROY5YW5QE3I57HT3ITWG5GCV",
            "https://lists.fedoraproject.org/archives/list/package-announce@lists.fedoraproject.org/message/ZSVEMQV5ROY5YW5QE3I57HT3ITWG5GCV/",
            "https://nvd.nist.gov/vuln/detail/CVE-2023-39325",
            "https://pkg.go.dev/vuln/GO-2023-2102",
            "https://security.gentoo.org/glsa/202311-09",
            "https://security.netapp.com/advisory/ntap-20231110-0008",
            "https://security.netapp.com/advisory/ntap-20231110-0008/",
            "https://ubuntu.com/security/notices/USN-6574-1",
            "https://www.cisa.gov/news-events/alerts/2023/10/10/http2-rapid-reset-vulnerability-cve-2023-44487",
            "https://www.cve.org/CVERecord?id=CVE-2023-39325"
          ],
          "PublishedDate": "2023-10-11T22:15:09.88Z",
          "LastModifiedDate": "2024-01-21T02:02:56.727Z"
        },
        {
          "VulnerabilityID": "CVE-2023-3978",
          "PkgName": "golang.org/x/net",
          "PkgIdentifier": {
            "PURL": "pkg:golang/golang.org/x/net@v0.10.0"
          },
          "InstalledVersion": "v0.10.0",
          "FixedVersion": "0.13.0",
          "Status": "fixed",
          "Layer": {
            "DiffID": "sha256:d4184e886c5ba64683a67300ea5437f54e39216e018fdac80e9109d43946ea3f"
          },
          "SeveritySource": "ghsa",
          "PrimaryURL": "https://avd.aquasec.com/nvd/cve-2023-3978",
          "DataSource": {
            "ID": "ghsa",
            "Name": "GitHub Security Advisory Go",
            "URL": "https://github.com/advisories?query=type%3Areviewed+ecosystem%3Ago"
          },
          "Title": "golang.org/x/net/html: Cross site scripting",
          "Description": "Text nodes not in the HTML namespace are incorrectly literally rendered, causing text which should be escaped to not be. This could lead to an XSS attack.",
          "Severity": "MEDIUM",
          "CweIDs": [
            "CWE-79"
          ],
          "VendorSeverity": {
            "alma": 2,
            "amazon": 2,
            "cbl-mariner": 2,
            "ghsa": 2,
            "nvd": 2,
            "oracle-oval": 2,
            "redhat": 2
          },
          "CVSS": {
            "ghsa": {
              "V3Vector": "CVSS:3.1/AV:N/AC:L/PR:N/UI:R/S:C/C:L/I:L/A:N",
              "V3Score": 6.1
            },
            "nvd": {
              "V3Vector": "CVSS:3.1/AV:N/AC:L/PR:N/UI:R/S:C/C:L/I:L/A:N",
              "V3Score": 6.1
            },
            "redhat": {
              "V3Vector": "CVSS:3.1/AV:N/AC:L/PR:N/UI:R/S:C/C:L/I:L/A:N",
              "V3Score": 6.1
            }
          },
          "References": [
            "https://access.redhat.com/errata/RHSA-2023:6474",
            "https://access.redhat.com/security/cve/CVE-2023-3978",
            "https://bugzilla.redhat.com/2174485",
            "https://bugzilla.redhat.com/2178358",
            "https://bugzilla.redhat.com/2178488",
            "https://bugzilla.redhat.com/2178492",
            "https://bugzilla.redhat.com/2184481",
            "https://bugzilla.redhat.com/2184482",
            "https://bugzilla.redhat.com/2184483",
            "https://bugzilla.redhat.com/2184484",
            "https://bugzilla.redhat.com/2196026",
            "https://bugzilla.redhat.com/2196027",
            "https://bugzilla.redhat.com/2196029",
            "https://bugzilla.redhat.com/2222167",
            "https://bugzilla.redhat.com/2228689",
            "https://errata.almalinux.org/9/ALSA-2023-6474.html",
            "https://go.dev/cl/514896",
            "https://go.dev/issue/61615",
            "https://linux.oracle.com/cve/CVE-2023-3978.html",
            "https://linux.oracle.com/errata/ELSA-2023-6939.html",
            "https://nvd.nist.gov/vuln/detail/CVE-2023-3978",
            "https://pkg.go.dev/vuln/GO-2023-1988",
            "https://www.cve.org/CVERecord?id=CVE-2023-3978"
          ],
          "PublishedDate": "2023-08-02T20:15:12.097Z",
          "LastModifiedDate": "2023-11-07T04:20:03.647Z"
        },
        {
          "VulnerabilityID": "CVE-2023-44487",
          "PkgName": "golang.org/x/net",
          "PkgIdentifier": {
            "PURL": "pkg:golang/golang.org/x/net@v0.10.0"
          },
          "InstalledVersion": "v0.10.0",
          "FixedVersion": "0.17.0",
          "Status": "fixed",
          "Layer": {
            "DiffID": "sha256:d4184e886c5ba64683a67300ea5437f54e39216e018fdac80e9109d43946ea3f"
          },
          "SeveritySource": "ghsa",
          "PrimaryURL": "https://avd.aquasec.com/nvd/cve-2023-44487",
          "DataSource": {
            "ID": "ghsa",
            "Name": "GitHub Security Advisory Go",
            "URL": "https://github.com/advisories?query=type%3Areviewed+ecosystem%3Ago"
          },
          "Title": "HTTP/2: Multiple HTTP/2 enabled web servers are vulnerable to a DDoS attack (Rapid Reset Attack)",
          "Description": "The HTTP/2 protocol allows a denial of service (server resource consumption) because request cancellation can reset many streams quickly, as exploited in the wild in August through October 2023.",
          "Severity": "MEDIUM",
          "CweIDs": [
            "CWE-400"
          ],
          "VendorSeverity": {
            "alma": 3,
            "amazon": 3,
            "bitnami": 3,
            "cbl-mariner": 3,
            "ghsa": 2,
            "nvd": 3,
            "oracle-oval": 3,
            "photon": 3,
            "redhat": 3,
            "rocky": 3,
            "ubuntu": 2
          },
          "CVSS": {
            "bitnami": {
              "V3Vector": "CVSS:3.1/AV:N/AC:L/PR:N/UI:N/S:U/C:N/I:N/A:H",
              "V3Score": 7.5
            },
            "ghsa": {
              "V3Vector": "CVSS:3.1/AV:N/AC:L/PR:N/UI:N/S:U/C:N/I:N/A:L",
              "V3Score": 5.3
            },
            "nvd": {
              "V3Vector": "CVSS:3.1/AV:N/AC:L/PR:N/UI:N/S:U/C:N/I:N/A:H",
              "V3Score": 7.5
            },
            "redhat": {
              "V3Vector": "CVSS:3.1/AV:N/AC:L/PR:N/UI:N/S:U/C:N/I:N/A:H",
              "V3Score": 7.5
            }
          },
          "References": [
            "http://www.openwall.com/lists/oss-security/2023/10/13/4",
            "http://www.openwall.com/lists/oss-security/2023/10/13/9",
            "http://www.openwall.com/lists/oss-security/2023/10/18/4",
            "http://www.openwall.com/lists/oss-security/2023/10/18/8",
            "http://www.openwall.com/lists/oss-security/2023/10/19/6",
            "http://www.openwall.com/lists/oss-security/2023/10/20/8",
            "https://access.redhat.com/errata/RHSA-2023:6746",
            "https://access.redhat.com/security/cve/CVE-2023-44487",
            "https://access.redhat.com/security/cve/cve-2023-44487",
            "https://arstechnica.com/security/2023/10/how-ddosers-used-the-http-2-protocol-to-deliver-attacks-of-unprecedented-size",
            "https://arstechnica.com/security/2023/10/how-ddosers-used-the-http-2-protocol-to-deliver-attacks-of-unprecedented-size/",
            "https://aws.amazon.com/security/security-bulletins/AWS-2023-011",
            "https://aws.amazon.com/security/security-bulletins/AWS-2023-011/",
            "https://blog.cloudflare.com/technical-breakdown-http2-rapid-reset-ddos-attack",
            "https://blog.cloudflare.com/technical-breakdown-http2-rapid-reset-ddos-attack/",
            "https://blog.cloudflare.com/zero-day-rapid-reset-http2-record-breaking-ddos-attack",
            "https://blog.cloudflare.com/zero-day-rapid-reset-http2-record-breaking-ddos-attack/",
            "https://blog.litespeedtech.com/2023/10/11/rapid-reset-http-2-vulnerablilty",
            "https://blog.litespeedtech.com/2023/10/11/rapid-reset-http-2-vulnerablilty/",
            "https://blog.qualys.com/vulnerabilities-threat-research/2023/10/10/cve-2023-44487-http-2-rapid-reset-attack",
            "https://blog.vespa.ai/cve-2023-44487",
            "https://blog.vespa.ai/cve-2023-44487/",
            "https://bugzilla.proxmox.com/show_bug.cgi?id=4988",
            "https://bugzilla.redhat.com/2242803",
            "https://bugzilla.redhat.com/show_bug.cgi?id=2242803",
            "https://bugzilla.suse.com/show_bug.cgi?id=1216123",
            "https://cgit.freebsd.org/ports/commit/?id=c64c329c2c1752f46b73e3e6ce9f4329be6629f9",
            "https://chaos.social/@icing/111210915918780532",
            "https://cloud.google.com/blog/products/identity-security/google-cloud-mitigated-largest-ddos-attack-peaking-above-398-million-rps",
            "https://cloud.google.com/blog/products/identity-security/google-cloud-mitigated-largest-ddos-attack-peaking-above-398-million-rps/",
            "https://cloud.google.com/blog/products/identity-security/how-it-works-the-novel-http2-rapid-reset-ddos-attack",
            "https://community.traefik.io/t/is-traefik-vulnerable-to-cve-2023-44487/20125",
            "https://cve.mitre.org/cgi-bin/cvename.cgi?name=CVE-2023-44487",
            "https://devblogs.microsoft.com/dotnet/october-2023-updates/",
            "https://discuss.hashicorp.com/t/hcsec-2023-32-vault-consul-and-boundary-affected-by-http-2-rapid-reset-denial-of-service-vulnerability-cve-2023-44487/59715",
            "https://edg.io/lp/blog/resets-leaks-ddos-and-the-tale-of-a-hidden-cve",
            "https://errata.almalinux.org/9/ALSA-2023-6746.html",
            "https://errata.rockylinux.org/RLSA-2023:5838",
            "https://forums.swift.org/t/swift-nio-http2-security-update-cve-2023-44487-http-2-dos/67764",
            "https://gist.github.com/adulau/7c2bfb8e9cdbe4b35a5e131c66a0c088",
            "https://github.com/Azure/AKS/issues/3947",
            "https://github.com/Kong/kong/discussions/11741",
            "https://github.com/advisories/GHSA-qppj-fm5r-hxr3",
            "https://github.com/advisories/GHSA-vx74-f528-fxqg",
            "https://github.com/advisories/GHSA-xpw8-rcwv-8f8p",
            "https://github.com/akka/akka-http/issues/4323",
            "https://github.com/alibaba/tengine/issues/1872",
            "https://github.com/apache/apisix/issues/10320",
            "https://github.com/apache/httpd-site/pull/10",
            "https://github.com/apache/httpd/blob/afcdbeebbff4b0c50ea26cdd16e178c0d1f24152/modules/http2/h2_mplx.c#L1101-L1113",
            "https://github.com/apache/tomcat/tree/main/java/org/apache/coyote/http2",
            "https://github.com/apache/trafficserver/pull/10564",
            "https://github.com/apple/swift-nio-http2",
            "https://github.com/apple/swift-nio-http2/security/advisories/GHSA-qppj-fm5r-hxr3",
            "https://github.com/arkrwn/PoC/tree/main/CVE-2023-44487",
            "https://github.com/bcdannyboy/CVE-2023-44487",
            "https://github.com/caddyserver/caddy/issues/5877",
            "https://github.com/caddyserver/caddy/releases/tag/v2.7.5",
            "https://github.com/dotnet/announcements/issues/277",
            "https://github.com/dotnet/core/blob/e4613450ea0da7fd2fc6b61dfb2c1c1dec1ce9ec/release-notes/6.0/6.0.23/6.0.23.md?plain=1#L73",
            "https://github.com/eclipse/jetty.project/issues/10679",
            "https://github.com/envoyproxy/envoy/pull/30055",
            "https://github.com/etcd-io/etcd/issues/16740",
            "https://github.com/facebook/proxygen/pull/466",
            "https://github.com/golang/go/issues/63417",
            "https://github.com/grpc/grpc-go/pull/6703",
            "https://github.com/grpc/grpc-go/releases",
            "https://github.com/h2o/h2o/pull/3291",
            "https://github.com/h2o/h2o/security/advisories/GHSA-2m7v-gc89-fjqf",
            "https://github.com/haproxy/haproxy/issues/2312",
            "https://github.com/hyperium/hyper/issues/3337",
            "https://github.com/icing/mod_h2/blob/0a864782af0a942aa2ad4ed960a6b32cd35bcf0a/mod_http2/README.md?plain=1#L239-L244",
            "https://github.com/junkurihara/rust-rpxy/issues/97",
            "https://github.com/kazu-yamamoto/http2/commit/f61d41a502bd0f60eb24e1ce14edc7b6df6722a1",
            "https://github.com/kazu-yamamoto/http2/issues/93",
            "https://github.com/kubernetes/kubernetes/pull/121120",
            "https://github.com/line/armeria/pull/5232",
            "https://github.com/linkerd/website/pull/1695/commits/4b9c6836471bc8270ab48aae6fd2181bc73fd632",
            "https://github.com/micrictor/http2-rst-stream",
            "https://github.com/microsoft/CBL-Mariner/pull/6381",
            "https://github.com/netty/netty/commit/58f75f665aa81a8cbcf6ffa74820042a285c5e61",
            "https://github.com/nghttp2/nghttp2/pull/1961",
            "https://github.com/nghttp2/nghttp2/releases/tag/v1.57.0",
            "https://github.com/ninenines/cowboy/issues/1615",
            "https://github.com/nodejs/node/pull/50121",
            "https://github.com/openresty/openresty/issues/930",
            "https://github.com/opensearch-project/data-prepper/issues/3474",
            "https://github.com/oqtane/oqtane.framework/discussions/3367",
            "https://github.com/projectcontour/contour/pull/5826",
            "https://github.com/tempesta-tech/tempesta/issues/1986",
            "https://github.com/varnishcache/varnish-cache/issues/3996",
            "https://go.dev/cl/534215",
            "https://go.dev/cl/534235",
            "https://go.dev/issue/63417",
            "https://groups.google.com/g/golang-announce/c/iNNxDTCjZvo",
            "https://groups.google.com/g/golang-announce/c/iNNxDTCjZvo/m/UDd7VKQuAAAJ",
            "https://istio.io/latest/news/security/istio-security-2023-004",
            "https://istio.io/latest/news/security/istio-security-2023-004/",
            "https://linkerd.io/2023/10/12/linkerd-cve-2023-44487",
            "https://linkerd.io/2023/10/12/linkerd-cve-2023-44487/",
            "https://linux.oracle.com/cve/CVE-2023-44487.html",
            "https://linux.oracle.com/errata/ELSA-2023-7205.html",
            "https://lists.apache.org/thread/5py8h42mxfsn8l1wy6o41xwhsjlsd87q",
            "https://lists.debian.org/debian-lts-announce/2023/10/msg00020.html",
            "https://lists.debian.org/debian-lts-announce/2023/10/msg00023.html",
            "https://lists.debian.org/debian-lts-announce/2023/10/msg00024.html",
            "https://lists.debian.org/debian-lts-announce/2023/10/msg00045.html",
            "https://lists.debian.org/debian-lts-announce/2023/10/msg00047.html",
            "https://lists.debian.org/debian-lts-announce/2023/11/msg00001.html",
            "https://lists.debian.org/debian-lts-announce/2023/11/msg00012.html",
            "https://lists.fedoraproject.org/archives/list/package-announce%40lists.fedoraproject.org/message/2MBEPPC36UBVOZZNAXFHKLFGSLCMN5LI",
            "https://lists.fedoraproject.org/archives/list/package-announce%40lists.fedoraproject.org/message/2MBEPPC36UBVOZZNAXFHKLFGSLCMN5LI/",
            "https://lists.fedoraproject.org/archives/list/package-announce%40lists.fedoraproject.org/message/3N4NJ7FR4X4FPZUGNTQAPSTVB2HB2Y4A",
            "https://lists.fedoraproject.org/archives/list/package-announce%40lists.fedoraproject.org/message/3N4NJ7FR4X4FPZUGNTQAPSTVB2HB2Y4A/",
            "https://lists.fedoraproject.org/archives/list/package-announce%40lists.fedoraproject.org/message/BFQD3KUEMFBHPAPBGLWQC34L4OWL5HAZ",
            "https://lists.fedoraproject.org/archives/list/package-announce%40lists.fedoraproject.org/message/BFQD3KUEMFBHPAPBGLWQC34L4OWL5HAZ/",
            "https://lists.fedoraproject.org/archives/list/package-announce%40lists.fedoraproject.org/message/CLB4TW7KALB3EEQWNWCN7OUIWWVWWCG2",
            "https://lists.fedoraproject.org/archives/list/package-announce%40lists.fedoraproject.org/message/CLB4TW7KALB3EEQWNWCN7OUIWWVWWCG2/",
            "https://lists.fedoraproject.org/archives/list/package-announce%40lists.fedoraproject.org/message/E72T67UPDRXHIDLO3OROR25YAMN4GGW5",
            "https://lists.fedoraproject.org/archives/list/package-announce%40lists.fedoraproject.org/message/E72T67UPDRXHIDLO3OROR25YAMN4GGW5/",
            "https://lists.fedoraproject.org/archives/list/package-announce%40lists.fedoraproject.org/message/FNA62Q767CFAFHBCDKYNPBMZWB7TWYVU",
            "https://lists.fedoraproject.org/archives/list/package-announce%40lists.fedoraproject.org/message/FNA62Q767CFAFHBCDKYNPBMZWB7TWYVU/",
            "https://lists.fedoraproject.org/archives/list/package-announce%40lists.fedoraproject.org/message/HT7T2R4MQKLIF4ODV4BDLPARWFPCJ5CZ",
            "https://lists.fedoraproject.org/archives/list/package-announce%40lists.fedoraproject.org/message/HT7T2R4MQKLIF4ODV4BDLPARWFPCJ5CZ/",
            "https://lists.fedoraproject.org/archives/list/package-announce%40lists.fedoraproject.org/message/JIZSEFC3YKCGABA2BZW6ZJRMDZJMB7PJ",
            "https://lists.fedoraproject.org/archives/list/package-announce%40lists.fedoraproject.org/message/JIZSEFC3YKCGABA2BZW6ZJRMDZJMB7PJ/",
            "https://lists.fedoraproject.org/archives/list/package-announce%40lists.fedoraproject.org/message/JMEXY22BFG5Q64HQCM5CK2Q7KDKVV4TY",
            "https://lists.fedoraproject.org/archives/list/package-announce%40lists.fedoraproject.org/message/JMEXY22BFG5Q64HQCM5CK2Q7KDKVV4TY/",
            "https://lists.fedoraproject.org/archives/list/package-announce%40lists.fedoraproject.org/message/KSEGD2IWKNUO3DWY4KQGUQM5BISRWHQE",
            "https://lists.fedoraproject.org/archives/list/package-announce%40lists.fedoraproject.org/message/KSEGD2IWKNUO3DWY4KQGUQM5BISRWHQE/",
            "https://lists.fedoraproject.org/archives/list/package-announce%40lists.fedoraproject.org/message/LKYHSZQFDNR7RSA7LHVLLIAQMVYCUGBG",
            "https://lists.fedoraproject.org/archives/list/package-announce%40lists.fedoraproject.org/message/LKYHSZQFDNR7RSA7LHVLLIAQMVYCUGBG/",
            "https://lists.fedoraproject.org/archives/list/package-announce%40lists.fedoraproject.org/message/LNMZJCDHGLJJLXO4OXWJMTVQRNWOC7UL",
            "https://lists.fedoraproject.org/archives/list/package-announce%40lists.fedoraproject.org/message/LNMZJCDHGLJJLXO4OXWJMTVQRNWOC7UL/",
            "https://lists.fedoraproject.org/archives/list/package-announce%40lists.fedoraproject.org/message/VHUHTSXLXGXS7JYKBXTA3VINUPHTNGVU",
            "https://lists.fedoraproject.org/archives/list/package-announce%40lists.fedoraproject.org/message/VHUHTSXLXGXS7JYKBXTA3VINUPHTNGVU/",
            "https://lists.fedoraproject.org/archives/list/package-announce%40lists.fedoraproject.org/message/VSRDIV77HNKUSM7SJC5BKE5JSHLHU2NK",
            "https://lists.fedoraproject.org/archives/list/package-announce%40lists.fedoraproject.org/message/VSRDIV77HNKUSM7SJC5BKE5JSHLHU2NK/",
            "https://lists.fedoraproject.org/archives/list/package-announce%40lists.fedoraproject.org/message/WE2I52RHNNU42PX6NZ2RBUHSFFJ2LVZX",
            "https://lists.fedoraproject.org/archives/list/package-announce%40lists.fedoraproject.org/message/WE2I52RHNNU42PX6NZ2RBUHSFFJ2LVZX/",
            "https://lists.fedoraproject.org/archives/list/package-announce%40lists.fedoraproject.org/message/WLPRQ5TWUQQXYWBJM7ECYDAIL2YVKIUH",
            "https://lists.fedoraproject.org/archives/list/package-announce%40lists.fedoraproject.org/message/WLPRQ5TWUQQXYWBJM7ECYDAIL2YVKIUH/",
            "https://lists.fedoraproject.org/archives/list/package-announce%40lists.fedoraproject.org/message/X6QXN4ORIVF6XBW4WWFE7VNPVC74S45Y",
            "https://lists.fedoraproject.org/archives/list/package-announce%40lists.fedoraproject.org/message/X6QXN4ORIVF6XBW4WWFE7VNPVC74S45Y/",
            "https://lists.fedoraproject.org/archives/list/package-announce%40lists.fedoraproject.org/message/XFOIBB4YFICHDM7IBOP7PWXW3FX4HLL2",
            "https://lists.fedoraproject.org/archives/list/package-announce%40lists.fedoraproject.org/message/XFOIBB4YFICHDM7IBOP7PWXW3FX4HLL2/",
            "https://lists.fedoraproject.org/archives/list/package-announce%40lists.fedoraproject.org/message/ZB43REMKRQR62NJEI7I5NQ4FSXNLBKRT",
            "https://lists.fedoraproject.org/archives/list/package-announce%40lists.fedoraproject.org/message/ZB43REMKRQR62NJEI7I5NQ4FSXNLBKRT/",
            "https://lists.fedoraproject.org/archives/list/package-announce%40lists.fedoraproject.org/message/ZKQSIKIAT5TJ3WSLU3RDBQ35YX4GY4V3",
            "https://lists.fedoraproject.org/archives/list/package-announce%40lists.fedoraproject.org/message/ZKQSIKIAT5TJ3WSLU3RDBQ35YX4GY4V3/",
            "https://lists.fedoraproject.org/archives/list/package-announce%40lists.fedoraproject.org/message/ZLU6U2R2IC2K64NDPNMV55AUAO65MAF4",
            "https://lists.fedoraproject.org/archives/list/package-announce%40lists.fedoraproject.org/message/ZLU6U2R2IC2K64NDPNMV55AUAO65MAF4/",
            "https://lists.fedoraproject.org/archives/list/package-announce@lists.fedoraproject.org/message/3N4NJ7FR4X4FPZUGNTQAPSTVB2HB2Y4A",
            "https://lists.fedoraproject.org/archives/list/package-announce@lists.fedoraproject.org/message/BFQD3KUEMFBHPAPBGLWQC34L4OWL5HAZ",
            "https://lists.fedoraproject.org/archives/list/package-announce@lists.fedoraproject.org/message/CLB4TW7KALB3EEQWNWCN7OUIWWVWWCG2",
            "https://lists.fedoraproject.org/archives/list/package-announce@lists.fedoraproject.org/message/E72T67UPDRXHIDLO3OROR25YAMN4GGW5",
            "https://lists.fedoraproject.org/archives/list/package-announce@lists.fedoraproject.org/message/FNA62Q767CFAFHBCDKYNPBMZWB7TWYVU",
            "https://lists.fedoraproject.org/archives/list/package-announce@lists.fedoraproject.org/message/HT7T2R4MQKLIF4ODV4BDLPARWFPCJ5CZ",
            "https://lists.fedoraproject.org/archives/list/package-announce@lists.fedoraproject.org/message/JIZSEFC3YKCGABA2BZW6ZJRMDZJMB7PJ",
            "https://lists.fedoraproject.org/archives/list/package-announce@lists.fedoraproject.org/message/JMEXY22BFG5Q64HQCM5CK2Q7KDKVV4TY",
            "https://lists.fedoraproject.org/archives/list/package-announce@lists.fedoraproject.org/message/KSEGD2IWKNUO3DWY4KQGUQM5BISRWHQE",
            "https://lists.fedoraproject.org/archives/list/package-announce@lists.fedoraproject.org/message/LKYHSZQFDNR7RSA7LHVLLIAQMVYCUGBG",
            "https://lists.fedoraproject.org/archives/list/package-announce@lists.fedoraproject.org/message/LNMZJCDHGLJJLXO4OXWJMTVQRNWOC7UL",
            "https://lists.fedoraproject.org/archives/list/package-announce@lists.fedoraproject.org/message/VHUHTSXLXGXS7JYKBXTA3VINUPHTNGVU",
            "https://lists.fedoraproject.org/archives/list/package-announce@lists.fedoraproject.org/message/VSRDIV77HNKUSM7SJC5BKE5JSHLHU2NK",
            "https://lists.fedoraproject.org/archives/list/package-announce@lists.fedoraproject.org/message/WLPRQ5TWUQQXYWBJM7ECYDAIL2YVKIUH",
            "https://lists.fedoraproject.org/archives/list/package-announce@lists.fedoraproject.org/message/X6QXN4ORIVF6XBW4WWFE7VNPVC74S45Y",
            "https://lists.fedoraproject.org/archives/list/package-announce@lists.fedoraproject.org/message/XFOIBB4YFICHDM7IBOP7PWXW3FX4HLL2",
            "https://lists.fedoraproject.org/archives/list/package-announce@lists.fedoraproject.org/message/ZB43REMKRQR62NJEI7I5NQ4FSXNLBKRT",
            "https://lists.fedoraproject.org/archives/list/package-announce@lists.fedoraproject.org/message/ZKQSIKIAT5TJ3WSLU3RDBQ35YX4GY4V3",
            "https://lists.fedoraproject.org/archives/list/package-announce@lists.fedoraproject.org/message/ZLU6U2R2IC2K64NDPNMV55AUAO65MAF4",
            "https://lists.w3.org/Archives/Public/ietf-http-wg/2023OctDec/0025.html",
            "https://mailman.nginx.org/pipermail/nginx-devel/2023-October/S36Q5HBXR7CAIMPLLPRSSSYR4PCMWILK.html",
            "https://martinthomson.github.io/h2-stream-limits/draft-thomson-httpbis-h2-stream-limits.html",
            "https://msrc.microsoft.com/blog/2023/10/microsoft-response-to-distributed-denial-of-service-ddos-attacks-against-http/2",
            "https://msrc.microsoft.com/blog/2023/10/microsoft-response-to-distributed-denial-of-service-ddos-attacks-against-http/2/",
            "https://msrc.microsoft.com/update-guide/vulnerability/CVE-2023-44487",
            "https://my.f5.com/manage/s/article/K000137106",
            "https://netty.io/news/2023/10/10/4-1-100-Final.html",
            "https://news.ycombinator.com/item?id=37830987",
            "https://news.ycombinator.com/item?id=37830998",
            "https://news.ycombinator.com/item?id=37831062",
            "https://news.ycombinator.com/item?id=37837043",
            "https://nodejs.org/en/blog/vulnerability/october-2023-security-releases",
            "https://nvd.nist.gov/vuln/detail/CVE-2023-44487",
            "https://openssf.org/blog/2023/10/10/http-2-rapid-reset-vulnerability-highlights-need-for-rapid-response",
            "https://openssf.org/blog/2023/10/10/http-2-rapid-reset-vulnerability-highlights-need-for-rapid-response/",
            "https://pkg.go.dev/vuln/GO-2023-2102",
            "https://seanmonstar.com/post/730794151136935936/hyper-http2-rapid-reset-unaffected",
            "https://security.gentoo.org/glsa/202311-09",
            "https://security.netapp.com/advisory/ntap-20231016-0001",
            "https://security.netapp.com/advisory/ntap-20231016-0001/",
            "https://security.paloaltonetworks.com/CVE-2023-44487",
            "https://tomcat.apache.org/security-10.html#Fixed_in_Apache_Tomcat_10.1.14",
            "https://tomcat.apache.org/security-11.html#Fixed_in_Apache_Tomcat_11.0.0-M12",
            "https://tomcat.apache.org/security-8.html#Fixed_in_Apache_Tomcat_8.5.94",
            "https://tomcat.apache.org/security-9.html#Fixed_in_Apache_Tomcat_9.0.81",
            "https://ubuntu.com/security/CVE-2023-44487",
            "https://ubuntu.com/security/notices/USN-6427-1",
            "https://ubuntu.com/security/notices/USN-6427-2",
            "https://ubuntu.com/security/notices/USN-6438-1",
            "https://ubuntu.com/security/notices/USN-6505-1",
            "https://ubuntu.com/security/notices/USN-6574-1",
            "https://www.bleepingcomputer.com/news/security/new-http-2-rapid-reset-zero-day-attack-breaks-ddos-records",
            "https://www.bleepingcomputer.com/news/security/new-http-2-rapid-reset-zero-day-attack-breaks-ddos-records/",
            "https://www.cisa.gov/news-events/alerts/2023/10/10/http2-rapid-reset-vulnerability-cve-2023-44487",
            "https://www.cve.org/CVERecord?id=CVE-2023-44487",
            "https://www.darkreading.com/cloud/internet-wide-zero-day-bug-fuels-largest-ever-ddos-event",
            "https://www.debian.org/security/2023/dsa-5521",
            "https://www.debian.org/security/2023/dsa-5522",
            "https://www.debian.org/security/2023/dsa-5540",
            "https://www.debian.org/security/2023/dsa-5549",
            "https://www.debian.org/security/2023/dsa-5558",
            "https://www.debian.org/security/2023/dsa-5570",
            "https://www.haproxy.com/blog/haproxy-is-not-affected-by-the-http-2-rapid-reset-attack-cve-2023-44487",
            "https://www.mail-archive.com/haproxy@formilux.org/msg44134.html",
            "https://www.netlify.com/blog/netlify-successfully-mitigates-cve-2023-44487",
            "https://www.netlify.com/blog/netlify-successfully-mitigates-cve-2023-44487/",
            "https://www.nginx.com/blog/http-2-rapid-reset-attack-impacting-f5-nginx-products",
            "https://www.nginx.com/blog/http-2-rapid-reset-attack-impacting-f5-nginx-products/",
            "https://www.openwall.com/lists/oss-security/2023/10/10/6",
            "https://www.phoronix.com/news/HTTP2-Rapid-Reset-Attack",
            "https://www.theregister.com/2023/10/10/http2_rapid_reset_zeroday",
            "https://www.theregister.com/2023/10/10/http2_rapid_reset_zeroday/"
          ],
          "PublishedDate": "2023-10-10T14:15:10.883Z",
          "LastModifiedDate": "2024-02-02T15:40:23.61Z"
        }
      ]
    }
  ]
}
