{
  "SchemaVersion": 2,
  "CreatedAt": "2024-02-24T12:51:23.20047017Z",
  "ArtifactName": "clearlinux/iperf:3.12",
  "ArtifactType": "container_image",
  "Metadata": {
    "ImageID": "sha256:d5cae9f09be0974d740816862e241c5ab3f7a6c6bf1f16d5e992bee6b46f8eb1",
    "DiffIDs": [
      "sha256:03377844cfdcd8741329bab98e7b655102a257d43e64a06070bb19dac380c43c",
      "sha256:87cc2bd14cf48725bb388ebdf11e589cf75f9e4ee4f3ba801a12f063f4e6124c"
    ],
    "RepoTags": [
      "clearlinux/iperf:3.12"
    ],
    "RepoDigests": [
      "clearlinux/iperf@sha256:6c92179fb4f9616faa5887a4363a22669318694423bff1773de0222b3bb3482d"
    ],
    "ImageConfig": {
      "architecture": "amd64",
      "created": "2023-03-01T08:47:33.92316525Z",
      "history": [
        {
          "created": "2023-02-22T08:47:47Z",
          "created_by": "COPY /install_root / # buildkit",
          "comment": "buildkit.dockerfile.v0"
        },
        {
          "created": "2023-02-22T08:47:47Z",
          "created_by": "CMD [\"/bin/bash\"]",
          "comment": "buildkit.dockerfile.v0",
          "empty_layer": true
        },
        {
          "created": "2023-03-01T08:47:33Z",
          "created_by": "COPY /install_root / # buildkit",
          "comment": "buildkit.dockerfile.v0"
        },
        {
          "created": "2023-03-01T08:47:33Z",
          "created_by": "ENTRYPOINT [\"iperf3\"]",
          "comment": "buildkit.dockerfile.v0",
          "empty_layer": true
        },
        {
          "created": "2023-03-01T08:47:33Z",
          "created_by": "EXPOSE map[5201/tcp:{}]",
          "comment": "buildkit.dockerfile.v0",
          "empty_layer": true
        }
      ],
      "os": "linux",
      "rootfs": {
        "type": "layers",
        "diff_ids": [
          "sha256:03377844cfdcd8741329bab98e7b655102a257d43e64a06070bb19dac380c43c",
          "sha256:87cc2bd14cf48725bb388ebdf11e589cf75f9e4ee4f3ba801a12f063f4e6124c"
        ]
      },
      "config": {
        "Entrypoint": [
          "iperf3"
        ],
        "Env": [
          "PATH=/usr/local/sbin:/usr/local/bin:/usr/sbin:/usr/bin:/sbin:/bin"
        ],
        "WorkingDir": "/",
        "ArgsEscaped": true
      }
    }
  }
}
