{
  "SchemaVersion": 2,
  "CreatedAt": "2024-02-24T10:38:21.415904019Z",
  "ArtifactName": "linuxkit/kernel:5.15.27",
  "ArtifactType": "container_image",
  "Metadata": {
    "ImageID": "sha256:f69a367a8e0f29666fed83daa563f0bab57a42062fc869bfea5e950bf3fdcd2e",
    "DiffIDs": [
      "sha256:69735722a8c94f308478c56f20c102cb71107752cb18425d6891f59f3df818c7"
    ],
    "RepoTags": [
      "linuxkit/kernel:5.15.27"
    ],
    "RepoDigests": [
      "linuxkit/kernel@sha256:35794d5e68a643e2340ad06daad4ab2e4f021a7990fe0e5baf8b75252cedf01c"
    ],
    "ImageConfig": {
      "architecture": "amd64",
      "created": "2024-01-25T15:12:56.492834331Z",
      "history": [
        {
          "created": "2024-01-25T15:12:56Z",
          "created_by": "ENTRYPOINT []",
          "comment": "buildkit.dockerfile.v0",
          "empty_layer": true
        },
        {
          "created": "2024-01-25T15:12:56Z",
          "created_by": "CMD []",
          "comment": "buildkit.dockerfile.v0",
          "empty_layer": true
        },
        {
          "created": "2024-01-25T15:12:56Z",
          "created_by": "WORKDIR /",
          "comment": "buildkit.dockerfile.v0",
          "empty_layer": true
        },
        {
          "created": "2024-01-25T15:12:56Z",
          "created_by": "COPY /out/* / # buildkit",
          "comment": "buildkit.dockerfile.v0"
        }
      ],
      "os": "linux",
      "rootfs": {
        "type": "layers",
        "diff_ids": [
          "sha256:69735722a8c94f308478c56f20c102cb71107752cb18425d6891f59f3df818c7"
        ]
      },
      "config": {
        "Env": [
          "PATH=/usr/local/sbin:/usr/local/bin:/usr/sbin:/usr/bin:/sbin:/bin"
        ],
        "Labels": {
          "org.mobyproject.linuxkit.kernel.buildimage": "linuxkit/alpine:2be490394653b7967c250e86fd42cef88de428ba",
          "org.opencontainers.image.revision": "ed7dacb72bc882e6ca764caf5e5286160b332123",
          "org.opencontainers.image.source": "https://github.com/linuxkit/linuxkit"
        },
        "WorkingDir": "/",
        "ArgsEscaped": true
      }
    }
  }
}
