[{"creator": 82803, "id": 15504578, "images": [{"architecture": "amd64", "features": "", "variant": null, "digest": "sha256:ad73406b7a9c67c7f8bb7bfafa8b1f0faf5b591af4a7275c28d57c07f9557c40", "os": "linux", "os_features": "", "os_version": null, "size": 89638144, "status": "active", "last_pulled": "2024-01-20T09:00:51.190693Z", "last_pushed": "2023-12-05T20:09:20.899067Z"}, {"architecture": "arm64", "features": "", "variant": null, "digest": "sha256:78032a83b681851fd45d06e93c27deecbadb89d90246d54860fbb3b36a7d40ad", "os": "linux", "os_features": "", "os_version": null, "size": 88079335, "status": "active", "last_pulled": "2024-01-20T06:19:13.295529Z", "last_pushed": "2023-12-05T20:09:19.346669Z"}, {"architecture": "ppc64le", "features": "", "variant": null, "digest": "sha256:4947e17a680a1a118e2153c066af6ebc2188fcd584d23a0f5c00c984737e1d85", "os": "linux", "os_features": "", "os_version": null, "size": 95366943, "status": "active", "last_pulled": "2024-01-19T10:19:35.627047Z", "last_pushed": "2023-12-05T20:09:19.986466Z"}, {"architecture": "s390x", "features": "", "variant": null, "digest": "sha256:0f2e64355369d4605d82dcc19e97020cca15d947c18981d3a75b097d5e3be56e", "os": "linux", "os_features": "", "os_version": null, "size": 86380397, "status": "active", "last_pulled": "2024-01-19T10:19:35.979448Z", "last_pushed": "2023-12-05T20:09:21.398624Z"}, {"architecture": "unknown", "features": "", "variant": null, "digest": "sha256:c783a4c0ad395d2b58aa4122c92f4c1dfb6cca9afa83c6041cd60266f4852074", "os": "unknown", "os_features": "", "os_version": null, "size": 1127, "status": "active", "last_pulled": "2024-01-19T10:19:36.431449Z", "last_pushed": "2023-12-05T20:09:21.808483Z"}, {"architecture": "unknown", "features": "", "variant": null, "digest": "sha256:ddae2472b5c54192dbe527e907a06b3de969fb9a3cd7a0e155be539211e2a756", "os": "unknown", "os_features": "", "os_version": null, "size": 1127, "status": "active", "last_pulled": "2024-01-19T10:19:36.620357Z", "last_pushed": "2023-12-05T20:09:19.649617Z"}, {"architecture": "unknown", "features": "", "variant": null, "digest": "sha256:de7bbdbcac6b6f0409317e39a7769e8edd7e5f28d543c58644c3d489982ca0a4", "os": "unknown", "os_features": "", "os_version": null, "size": 1131, "status": "active", "last_pulled": "2024-01-19T10:19:36.968041Z", "last_pushed": "2023-12-05T20:09:22.235844Z"}, {"architecture": "unknown", "features": "", "variant": null, "digest": "sha256:deb75ccad6fa9ed87616536897b22eef4cc175e8b5faba8f76e6df433d8d433c", "os": "unknown", "os_features": "", "os_version": null, "size": 1127, "status": "active", "last_pulled": "2024-01-19T10:19:37.268055Z", "last_pushed": "2023-12-05T20:09:22.454594Z"}], "last_updated": "2023-12-05T20:09:22.857621Z", "last_updater": 11798945, "last_updater_username": "vatamane", "name": "latest", "repository": 1680764, "full_size": 89638144, "v2": true, "tag_status": "active", "tag_last_pulled": "2024-01-20T09:21:38.805517Z", "tag_last_pushed": "2023-12-05T20:09:22.857621Z", "media_type": "application/vnd.oci.image.index.v1+json", "content_type": "image", "digest": "sha256:c469b850d7bc5b648662aacae80abec905e34de7c5ab4fd3075989b799d7d13f"}, {"creator": 82803, "id": 88267500, "images": [{"architecture": "amd64", "features": "", "variant": null, "digest": "sha256:ca8b3ac23835cd458ca26f6678068b41a7cfc091d56ca2b353aec64531c6a800", "os": "linux", "os_features": "", "os_version": null, "size": 89638458, "status": "active", "last_pulled": "2024-01-19T21:23:42.042677Z", "last_pushed": "2023-12-05T19:56:46.535699Z"}, {"architecture": "arm64", "features": "", "variant": null, "digest": "sha256:6d84ebd10a0a8bd4e5ab073d35e145e21944d11d09f837cb698cc105e4c4142d", "os": "linux", "os_features": "", "os_version": null, "size": 88078999, "status": "active", "last_pulled": "2024-01-19T03:26:23.397958Z", "last_pushed": "2023-12-05T19:56:47.186245Z"}, {"architecture": "ppc64le", "features": "", "variant": null, "digest": "sha256:e16d7fca99843910ecc2a7b7e0bd87b6b227daed0f0a8f314c9f1456f6588d02", "os": "linux", "os_features": "", "os_version": null, "size": 95366446, "status": "active", "last_pulled": "2024-01-08T23:24:19.016642Z", "last_pushed": "2023-12-05T19:56:46.16327Z"}, {"architecture": "s390x", "features": "", "variant": null, "digest": "sha256:7835d252d78b5e5f70e48acee5a3cd7cb4514797b00242920ba1d9f4e6495809", "os": "linux", "os_features": "", "os_version": null, "size": 86380731, "status": "active", "last_pulled": "2024-01-08T23:24:18.898549Z", "last_pushed": "2023-12-05T19:56:45.876276Z"}, {"architecture": "unknown", "features": "", "variant": null, "digest": "sha256:8b16e40efca044249c73de3bcb09a4db9b76b118e55aef645e286a8c76c305e3", "os": "unknown", "os_features": "", "os_version": null, "size": 1120, "status": "active", "last_pulled": "2024-01-08T23:24:19.145088Z", "last_pushed": "2023-12-05T19:56:47.503316Z"}, {"architecture": "unknown", "features": "", "variant": null, "digest": "sha256:a3627f751d1854f926b932522cc89362b76cbe5dbf0a015591b24e3097354eee", "os": "unknown", "os_features": "", "os_version": null, "size": 1120, "status": "inactive", "last_pulled": "2023-12-07T16:46:50.916285Z", "last_pushed": "2023-12-05T19:56:47.987564Z"}, {"architecture": "unknown", "features": "", "variant": null, "digest": "sha256:97ef2d366b2d2a9d0129f57b40042c8007cee9a90a58f3721477a94f089275a6", "os": "unknown", "os_features": "", "os_version": null, "size": 1124, "status": "inactive", "last_pulled": "2023-12-07T16:46:51.304254Z", "last_pushed": "2023-12-05T19:56:47.723338Z"}, {"architecture": "unknown", "features": "", "variant": null, "digest": "sha256:065ca28c331ef71d5d57bd2ea7bed8e7659100c6179d541eeadbaa70df7f493f", "os": "unknown", "os_features": "", "os_version": null, "size": 1120, "status": "inactive", "last_pulled": "2023-12-07T16:46:51.69492Z", "last_pushed": "2023-12-05T19:56:48.380078Z"}], "last_updated": "2023-12-05T19:56:48.918585Z", "last_updater": 11798945, "last_updater_username": "vatamane", "name": "3", "repository": 1680764, "full_size": 89638458, "v2": true, "tag_status": "active", "tag_last_pulled": "2024-01-20T08:00:05.877926Z", "tag_last_pushed": "2023-12-05T19:56:48.918585Z", "media_type": "application/vnd.oci.image.index.v1+json", "content_type": "image", "digest": "sha256:bff3182d5773ef8ed0ecbb426b4773314b34b6dce1c7d63d5dfc45ffa82fcf0f"}, {"creator": 1997355, "id": 360422951, "images": [{"architecture": "amd64", "features": "", "variant": null, "digest": "sha256:d8ddd52cd4be22da48038ffe05538f0c4a453049c3b9bc2ef575fb3211aefb77", "os": "linux", "os_features": "", "os_version": null, "size": 89638155, "status": "active", "last_pulled": "2024-01-19T21:24:43.014067Z", "last_pushed": "2023-12-05T19:39:24.310691Z"}, {"architecture": "arm64", "features": "", "variant": null, "digest": "sha256:1058504c2662af1285f0220060eca09f4a3b749096161866d12b3b08775151bb", "os": "linux", "os_features": "", "os_version": null, "size": 88079545, "status": "active", "last_pulled": "2024-01-14T14:44:40.586311Z", "last_pushed": "2023-12-05T19:39:25.065042Z"}, {"architecture": "ppc64le", "features": "", "variant": null, "digest": "sha256:af2ff0183b1166eaf3a021e851efd37899acdeb901372a852f8e568231e634cb", "os": "linux", "os_features": "", "os_version": null, "size": 95366649, "status": "active", "last_pulled": "2024-01-08T23:23:49.198552Z", "last_pushed": "2023-12-05T19:39:24.693933Z"}, {"architecture": "s390x", "features": "", "variant": null, "digest": "sha256:624113cb21224f65868ce66ab806026266476f91d80b6e813d1bfa963c1c0026", "os": "linux", "os_features": "", "os_version": null, "size": 86380479, "status": "active", "last_pulled": "2024-01-08T23:23:49.082216Z", "last_pushed": "2023-12-05T19:39:25.297346Z"}, {"architecture": "unknown", "features": "", "variant": null, "digest": "sha256:7b4c42b88e257a6632f353b621b48800c5b6388652dd3dd066f5e1d685a298e5", "os": "unknown", "os_features": "", "os_version": null, "size": 1124, "status": "active", "last_pulled": "2024-01-08T23:23:50.458029Z", "last_pushed": "2023-12-05T19:39:26.051406Z"}, {"architecture": "unknown", "features": "", "variant": null, "digest": "sha256:64f1238c1d0a984b45bdb3cdb9045b30d99af381d9505baae822d06017d0ed0a", "os": "unknown", "os_features": "", "os_version": null, "size": 1124, "status": "inactive", "last_pulled": "2023-12-07T16:46:54.01763Z", "last_pushed": "2023-12-05T19:39:25.573266Z"}, {"architecture": "unknown", "features": "", "variant": null, "digest": "sha256:b66a498e0132479fce8a99911535620a1747db619d65695bf264ad9b1ae2aeb2", "os": "unknown", "os_features": "", "os_version": null, "size": 1128, "status": "inactive", "last_pulled": "2023-12-07T16:46:54.368874Z", "last_pushed": "2023-12-05T19:39:26.339407Z"}, {"architecture": "unknown", "features": "", "variant": null, "digest": "sha256:fb251f1a959c18b867d9f13c77fb652e19402c001b7bb383f49c3034e54124e2", "os": "unknown", "os_features": "", "os_version": null, "size": 1124, "status": "inactive", "last_pulled": "2023-12-07T16:46:54.90529Z", "last_pushed": "2023-12-05T19:39:26.509767Z"}], "last_updated": "2023-12-05T19:39:27.273186Z", "last_updater": 11798945, "last_updater_username": "vatamane", "name": "3.3", "repository": 1680764, "full_size": 89638155, "v2": true, "tag_status": "active", "tag_last_pulled": "2024-01-19T21:24:43.014067Z", "tag_last_pushed": "2023-12-05T19:39:27.273186Z", "media_type": "application/vnd.oci.image.index.v1+json", "content_type": "image", "digest": "sha256:f32eb400a5867b3984826f21a3d239ffc513aa6e85fcea167214e076d9acd62a"}, {"creator": 11798945, "id": 561937563, "images": [{"architecture": "amd64", "features": "", "variant": null, "digest": "sha256:982d410b5e7eb76eb55128a4555bf8e44be5c02620f039d31da85555669432ee", "os": "linux", "os_features": "", "os_version": null, "size": 89638441, "status": "active", "last_pulled": "2024-01-18T21:24:39.442392Z", "last_pushed": "2023-12-05T18:07:49.877176Z"}, {"architecture": "arm64", "features": "", "variant": null, "digest": "sha256:ce1ba3f228c84264386a7bdb7affdcc1f5b6d8623e950db0e578ebba55fed6ee", "os": "linux", "os_features": "", "os_version": null, "size": 88079786, "status": "active", "last_pulled": "2024-01-08T23:23:52.086487Z", "last_pushed": "2023-12-05T18:07:50.095597Z"}, {"architecture": "ppc64le", "features": "", "variant": null, "digest": "sha256:cd5821556aec4971ce4d24350cb128ff4b665d4863dad939349c74465936e5db", "os": "linux", "os_features": "", "os_version": null, "size": 95366563, "status": "active", "last_pulled": "2024-01-08T23:23:52.265113Z", "last_pushed": "2023-12-05T18:07:49.652885Z"}, {"architecture": "s390x", "features": "", "variant": null, "digest": "sha256:31f05a8a235cb5a005465d0babf679954c269b52101ad5cf8ea0432e89af2dd7", "os": "linux", "os_features": "", "os_version": null, "size": 86380498, "status": "active", "last_pulled": "2024-01-08T23:23:52.50307Z", "last_pushed": "2023-12-05T18:07:50.59096Z"}, {"architecture": "unknown", "features": "", "variant": null, "digest": "sha256:3d671438d9eb2638179f73f24676bd650b5da1302963400fd17aba2b5980565b", "os": "unknown", "os_features": "", "os_version": null, "size": 1126, "status": "active", "last_pulled": "2024-01-08T23:23:53.723423Z", "last_pushed": "2023-12-05T18:07:51.006992Z"}, {"architecture": "unknown", "features": "", "variant": null, "digest": "sha256:176eefaeb498130966bd633548d6862a9e241dba868abd8977e09ea80a74eaef", "os": "unknown", "os_features": "", "os_version": null, "size": 1126, "status": "inactive", "last_pulled": "2023-12-07T16:46:57.366153Z", "last_pushed": "2023-12-05T18:07:50.288086Z"}, {"architecture": "unknown", "features": "", "variant": null, "digest": "sha256:f999dff820cc54bd9651e24408f6000b1709ebc1bdfdc95a3ae1f676392aeebc", "os": "unknown", "os_features": "", "os_version": null, "size": 1130, "status": "inactive", "last_pulled": "2023-12-07T16:46:57.715768Z", "last_pushed": "2023-12-05T18:07:51.317477Z"}, {"architecture": "unknown", "features": "", "variant": null, "digest": "sha256:6c9ad59649e2a4e0f5f4eae67c80ba8663a913ab645bde98e83daf90ca8b10dc", "os": "unknown", "os_features": "", "os_version": null, "size": 1126, "status": "inactive", "last_pulled": "2023-12-07T16:46:58.066902Z", "last_pushed": "2023-12-05T18:07:51.748043Z"}], "last_updated": "2023-12-05T18:07:52.769368Z", "last_updater": 11798945, "last_updater_username": "vatamane", "name": "3.3.3", "repository": 1680764, "full_size": 89638441, "v2": true, "tag_status": "active", "tag_last_pulled": "2024-01-20T08:22:00.768755Z", "tag_last_pushed": "2023-12-05T18:07:52.769368Z", "media_type": "application/vnd.oci.image.index.v1+json", "content_type": "image", "digest": "sha256:c6bd0f44d0a516c3fdcde28835c2138f0549103008943a1a8970f833c6f3178d"}, {"creator": 11798945, "id": 427621178, "images": [{"architecture": "amd64", "features": "", "variant": null, "digest": "sha256:baaee312b4e4f02fb43eeafe1d53cd41230a593cad68542b00a483cb12f68e30", "os": "linux", "os_features": "", "os_version": null, "size": 89806495, "status": "active", "last_pulled": "2024-01-20T00:22:05.776704Z", "last_pushed": "2023-04-25T07:26:53.326861Z"}, {"architecture": "arm64", "features": "", "variant": null, "digest": "sha256:dacd5061237a849d6ce6715a7ec4831c69313886b78599f5972f82c2c8f0ff94", "os": "linux", "os_features": "", "os_version": null, "size": 88249662, "status": "active", "last_pulled": "2024-01-18T17:25:47.180285Z", "last_pushed": "2023-04-25T07:26:53.689165Z"}, {"architecture": "ppc64le", "features": "", "variant": null, "digest": "sha256:aeccb0ee494ee9e6eff06a5ff6159125e12dc13f9bd7ecbfcbe9f094c30c8de0", "os": "linux", "os_features": "", "os_version": null, "size": 95528465, "status": "active", "last_pulled": "2024-01-08T23:23:55.213767Z", "last_pushed": "2023-04-25T07:26:53.506274Z"}, {"architecture": "unknown", "features": "", "variant": null, "digest": "sha256:7b47a991c3cfe4561def43d759d943f5ad4d707b4824044b532de425f2182414", "os": "unknown", "os_features": "", "os_version": null, "size": 1126, "status": "active", "last_pulled": "2024-01-08T23:23:55.329017Z", "last_pushed": "2023-04-25T07:26:53.836762Z"}, {"architecture": "unknown", "features": "", "variant": null, "digest": "sha256:d10fef3a9cfe7703836ad22365b3f42d65f6e72987b65f9c8b5d172ef65b2ca4", "os": "unknown", "os_features": "", "os_version": null, "size": 1126, "status": "inactive", "last_pulled": "2023-12-05T15:32:07.511199Z", "last_pushed": "2023-04-25T07:26:54.045386Z"}, {"architecture": "unknown", "features": "", "variant": null, "digest": "sha256:530e3b0988c34a5f03a266fbbb6c4c5de6e1feaffecac4daea79195741bafed8", "os": "unknown", "os_features": "", "os_version": null, "size": 1130, "status": "inactive", "last_pulled": "2023-12-05T15:32:07.919145Z", "last_pushed": "2023-04-25T07:26:54.200933Z"}], "last_updated": "2023-04-25T07:26:54.732698Z", "last_updater": 11798945, "last_updater_username": "vatamane", "name": "3.3.2", "repository": 1680764, "full_size": 89806495, "v2": true, "tag_status": "active", "tag_last_pulled": "2024-01-20T08:26:01.193574Z", "tag_last_pushed": "2023-04-25T07:26:54.732698Z", "media_type": "application/vnd.oci.image.index.v1+json", "content_type": "image", "digest": "sha256:8e7f35841e19ada4ac56a4f671f7951c767e31afeb0f8ac4204bf5a491c6b9b7"}, {"creator": 82803, "id": 171222197, "images": [{"architecture": "amd64", "features": "", "variant": null, "digest": "sha256:fe6c12edee7f0e015ce49acde7166efc7343a018e63998438509c76b02058372", "os": "linux", "os_features": "", "os_version": null, "size": 89304824, "status": "active", "last_pulled": "2024-01-19T21:24:42.266455Z", "last_pushed": "2023-04-25T07:13:22.141435Z"}, {"architecture": "unknown", "features": "", "variant": null, "digest": "sha256:afb9fe64613993af91779b3f13d381dc5c0c27e3de6ce4a8b50ecea212ed3c48", "os": "unknown", "os_features": "", "os_version": null, "size": 1123, "status": "active", "last_pulled": "2024-01-08T23:23:56.955518Z", "last_pushed": "2023-04-25T07:13:22.295651Z"}], "last_updated": "2023-04-25T07:13:22.64082Z", "last_updater": 11798945, "last_updater_username": "vatamane", "name": "3.2", "repository": 1680764, "full_size": 89304824, "v2": true, "tag_status": "active", "tag_last_pulled": "2024-01-19T21:24:42.266455Z", "tag_last_pushed": "2023-04-25T07:13:22.64082Z", "media_type": "application/vnd.oci.image.index.v1+json", "content_type": "image", "digest": "sha256:618b77fe732788c7a58c48fa44758971fb5872cd9642ff5cc6afdb0f31cd8771"}, {"creator": 11798945, "id": 427612496, "images": [{"architecture": "amd64", "features": "", "variant": null, "digest": "sha256:99e479831d0bf61bc2d54031d711343bfc9a732792b6c04bf00e4d5290569dc9", "os": "linux", "os_features": "", "os_version": null, "size": 89304739, "status": "active", "last_pulled": "2024-01-19T21:24:42.476584Z", "last_pushed": "2023-04-25T07:07:53.203137Z"}, {"architecture": "unknown", "features": "", "variant": null, "digest": "sha256:bbbd62097d514043850e5d0642c3793c3515c180cc8f4ce07328c7580ff7b3a0", "os": "unknown", "os_features": "", "os_version": null, "size": 1126, "status": "active", "last_pulled": "2024-01-08T23:23:58.259395Z", "last_pushed": "2023-04-25T07:07:53.362898Z"}], "last_updated": "2023-04-25T07:07:53.700454Z", "last_updater": 11798945, "last_updater_username": "vatamane", "name": "3.2.3", "repository": 1680764, "full_size": 89304739, "v2": true, "tag_status": "active", "tag_last_pulled": "2024-01-19T21:24:42.476584Z", "tag_last_pushed": "2023-04-25T07:07:53.700454Z", "media_type": "application/vnd.oci.image.index.v1+json", "content_type": "image", "digest": "sha256:deecf5d08239b496b1f52f4d9b9020e37de74c673b5ec276fadf5b0401445d36"}, {"creator": 11798945, "id": 219878080, "images": [{"architecture": "amd64", "features": "", "variant": null, "digest": "sha256:78456f1cd344fa22333319554fc641f91fbf3921e6842fc0ebea883efd1b26c8", "os": "linux", "os_features": "", "os_version": null, "size": 85953864, "status": "active", "last_pulled": "2024-01-18T21:24:39.585926Z", "last_pushed": "2023-03-28T16:21:52.094036Z"}, {"architecture": "arm64", "features": "", "variant": null, "digest": "sha256:8dbfea799fb1ad79807855a3b1449b0d25f96f394262b8b1dd46f1ad42372c04", "os": "linux", "os_features": "", "os_version": null, "size": 84565349, "status": "active", "last_pulled": "2024-01-08T23:23:58.483268Z", "last_pushed": "2023-03-28T16:21:51.790139Z"}, {"architecture": "ppc64le", "features": "", "variant": null, "digest": "sha256:d85e75c4b7df99ef573877866b50c64e66d76803d87d540eb3bea6afb832ec43", "os": "linux", "os_features": "", "os_version": null, "size": 91741997, "status": "active", "last_pulled": "2024-01-08T23:23:59.740621Z", "last_pushed": "2023-03-28T16:21:52.649827Z"}, {"architecture": "unknown", "features": "", "variant": null, "digest": "sha256:1b1152e0c163f184384db102d6a98e0744552f9c29fed1112f68e03fe32a395b", "os": "unknown", "os_features": "", "os_version": null, "size": 1126, "status": "active", "last_pulled": "2024-01-08T23:23:59.882647Z", "last_pushed": "2023-03-28T16:21:52.871241Z"}, {"architecture": "unknown", "features": "", "variant": null, "digest": "sha256:ac102633eddcaa9cf785746d5b34a0ecbd69c0fc4ab9e55358ba0c3da634ee1b", "os": "unknown", "os_features": "", "os_version": null, "size": 1126, "status": "inactive", "last_pulled": "2023-12-05T15:32:11.898856Z", "last_pushed": "2023-03-28T16:21:52.475247Z"}, {"architecture": "unknown", "features": "", "variant": null, "digest": "sha256:f6a091e2960651fa94a228e7bd965251c42efed4b8ee28bd8f53e6acf496b9fb", "os": "unknown", "os_features": "", "os_version": null, "size": 1130, "status": "inactive", "last_pulled": "2023-12-05T15:32:12.360443Z", "last_pushed": "2023-03-28T16:21:53.082305Z"}], "last_updated": "2023-03-28T16:21:53.461445Z", "last_updater": 11798945, "last_updater_username": "vatamane", "name": "3.2.2", "repository": 1680764, "full_size": 85953864, "v2": true, "tag_status": "active", "tag_last_pulled": "2024-01-18T21:24:39.585926Z", "tag_last_pushed": "2023-03-28T16:21:53.461445Z", "media_type": "application/vnd.oci.image.index.v1+json", "content_type": "image", "digest": "sha256:612b7282b48775db0db4963615d7f0ba222b0834e101a95ea12e502f0e409db9"}, {"creator": 11798945, "id": 365389794, "images": [{"architecture": "amd64", "features": "", "variant": null, "digest": "sha256:fe6e3a3c903a0fa4f02afaf12f935995b9545f2f55025ddf48c25fd2719361db", "os": "linux", "os_features": "", "os_version": null, "size": 89584055, "status": "active", "last_pulled": "2024-01-20T06:55:56.354343Z", "last_pushed": "2023-03-27T15:54:09.083137Z"}, {"architecture": "arm64", "features": "", "variant": null, "digest": "sha256:0d1fd17fe83f7222d91d9f2dd814bca570fd99ecfbe3e84c7df6fb4119623231", "os": "linux", "os_features": "", "os_version": null, "size": 88032624, "status": "active", "last_pulled": "2024-01-08T23:24:03.902572Z", "last_pushed": "2023-03-27T15:54:08.554013Z"}, {"architecture": "ppc64le", "features": "", "variant": null, "digest": "sha256:4ed672d20e37cd1e237c25a510590dd1990a50066a018ea9d9c01741447a071f", "os": "linux", "os_features": "", "os_version": null, "size": 95192578, "status": "active", "last_pulled": "2024-01-08T23:24:03.596638Z", "last_pushed": "2023-03-27T15:54:08.884206Z"}, {"architecture": "unknown", "features": "", "variant": null, "digest": "sha256:8a06ba2d04b69df279c6e0c4db935069202723034bbad74c1221a6969bedb9aa", "os": "unknown", "os_features": "", "os_version": null, "size": 1126, "status": "active", "last_pulled": "2024-01-08T23:24:03.576764Z", "last_pushed": "2023-03-27T15:54:09.265163Z"}, {"architecture": "unknown", "features": "", "variant": null, "digest": "sha256:c1d8f8081842306b9c76059a98603364a07d08b0240b84aa674bbb82a5e12c8d", "os": "unknown", "os_features": "", "os_version": null, "size": 1126, "status": "inactive", "last_pulled": "2023-12-05T15:32:14.561048Z", "last_pushed": "2023-03-27T15:54:08.313089Z"}, {"architecture": "unknown", "features": "", "variant": null, "digest": "sha256:c026ebf236b71e5fa9b2b16876f237926e9d75e6b840809aa3d2c55f27592199", "os": "unknown", "os_features": "", "os_version": null, "size": 1130, "status": "inactive", "last_pulled": "2023-12-05T15:32:15.165897Z", "last_pushed": "2023-03-27T15:54:09.423703Z"}], "last_updated": "2023-03-27T15:54:09.759483Z", "last_updater": 11798945, "last_updater_username": "vatamane", "name": "3.3.1", "repository": 1680764, "full_size": 89584055, "v2": true, "tag_status": "active", "tag_last_pulled": "2024-01-20T06:55:56.354343Z", "tag_last_pushed": "2023-03-27T15:54:09.759483Z", "media_type": "application/vnd.oci.image.index.v1+json", "content_type": "image", "digest": "sha256:5feffbf523c5da85261ee76131c038696c1d48e7af3a7203acc280bb49f4d71a"}, {"creator": 1997355, "id": 360422882, "images": [{"architecture": "amd64", "features": "", "variant": null, "digest": "sha256:30a34a73c4a66c316b90e296a7153a180e7e49af0c76a3eddcce6749e5185aea", "os": "linux", "os_features": "", "os_version": null, "size": 91170659, "status": "active", "last_pulled": "2024-01-19T21:24:48.141726Z", "last_pushed": "2023-01-03T13:40:25.862984Z"}], "last_updated": "2023-01-03T13:40:07.684431Z", "last_updater": 1997355, "last_updater_username": "janlehnardt", "name": "3.3.0", "repository": 1680764, "full_size": 91170659, "v2": true, "tag_status": "active", "tag_last_pulled": "2024-01-19T21:24:48.141726Z", "tag_last_pushed": "2023-01-03T13:40:07.684431Z", "media_type": "application/vnd.docker.container.image.v1+json", "content_type": "image", "digest": "sha256:30a34a73c4a66c316b90e296a7153a180e7e49af0c76a3eddcce6749e5185aea"}, {"creator": 11798945, "id": 177253277, "images": [{"architecture": "amd64", "features": "", "variant": null, "digest": "sha256:09727197ccc7ecd841f6b58948d29183e8da40d562ec5d7660bf29fe91f43516", "os": "linux", "os_features": "", "os_version": null, "size": 87003165, "status": "active", "last_pulled": "2024-01-19T21:24:42.255265Z", "last_pushed": "2022-02-25T21:37:05.380803Z"}, {"architecture": "arm64", "features": "", "variant": null, "digest": "sha256:009625fc5fbb7389e055eda49830667c891559d2e8cfeb390d6048b599d0eeed", "os": "linux", "os_features": "", "os_version": null, "size": 85590306, "status": "active", "last_pulled": "2024-01-15T02:18:01.002575Z", "last_pushed": "2022-02-25T21:37:05.167946Z"}, {"architecture": "ppc64le", "features": "", "variant": null, "digest": "sha256:8610bb3ae9377f74deade23a330665c0afba1e8b477ba32c5502a105c3ac1845", "os": "linux", "os_features": "", "os_version": null, "size": 92722141, "status": "active", "last_pulled": "2024-01-08T23:24:06.488317Z", "last_pushed": "2022-02-25T21:37:05.627916Z"}], "last_updated": "2022-02-25T21:37:05.942242Z", "last_updater": 698177, "last_updater_username": "kocolosk", "name": "3.2.1", "repository": 1680764, "full_size": 87003165, "v2": true, "tag_status": "active", "tag_last_pulled": "2024-01-19T21:24:42.255265Z", "tag_last_pushed": "2022-02-25T21:37:05.942242Z", "media_type": "application/vnd.docker.distribution.manifest.list.v2+json", "content_type": "image"}, {"creator": 82803, "id": 171221764, "images": [{"architecture": "arm64", "features": "", "variant": null, "digest": "sha256:708b18c530de902e5cd090a471a619581b32e09c6af50257b0bdff9003e561e9", "os": "linux", "os_features": "", "os_version": null, "size": 75222279, "status": "active", "last_pulled": "2024-01-08T23:24:06.928187Z", "last_pushed": "2021-10-08T23:00:32.039192Z"}, {"architecture": "amd64", "features": "", "variant": null, "digest": "sha256:3b8d6a619b01307e5c7121b5006ba156b3ffdfc5de630b8fd1ace57b39a68f40", "os": "linux", "os_features": "", "os_version": null, "size": 80123015, "status": "active", "last_pulled": "2024-01-19T21:24:42.44719Z", "last_pushed": "2021-10-08T23:00:31.87856Z"}], "last_updated": "2021-10-08T23:00:32.24848Z", "last_updater": 82803, "last_updater_username": "wohali", "name": "3.2.0", "repository": 1680764, "full_size": 80123015, "v2": true, "tag_status": "active", "tag_last_pulled": "2024-01-19T21:24:42.44719Z", "tag_last_pushed": "2021-10-08T23:00:32.24848Z", "media_type": "application/vnd.docker.distribution.manifest.list.v2+json", "content_type": "image"}, {"creator": 82803, "id": 98846332, "images": [{"architecture": "amd64", "features": "", "variant": null, "digest": "sha256:10ecc47217e4607f896cbc0e81321ae1a6cd0fef6e69a690a54aff4b574734c1", "os": "linux", "os_features": "", "os_version": null, "size": 79568169, "status": "active", "last_pulled": "2024-01-19T21:24:42.184787Z", "last_pushed": "2021-09-30T23:26:52.028228Z"}, {"architecture": "arm64", "features": "", "variant": null, "digest": "sha256:69a4ad061871bc3edf95651994f598774e85f295df14072338b34162cab353cb", "os": "linux", "os_features": "", "os_version": null, "size": 74605076, "status": "active", "last_pulled": "2024-01-16T00:03:18.17887Z", "last_pushed": "2021-09-30T23:26:52.231763Z"}], "last_updated": "2021-09-30T23:26:53.009013Z", "last_updater": 82803, "last_updater_username": "wohali", "name": "3.1", "repository": 1680764, "full_size": 79568169, "v2": true, "tag_status": "active", "tag_last_pulled": "2024-01-19T21:24:42.184787Z", "tag_last_pushed": "2021-09-30T23:26:53.009013Z", "media_type": "application/vnd.docker.distribution.manifest.list.v2+json", "content_type": "image"}, {"creator": 82803, "id": 169857965, "images": [{"architecture": "amd64", "features": "", "variant": null, "digest": "sha256:d3cf69e90e8bc65049eee004937af408407872b83de5bc366154043888a924e0", "os": "linux", "os_features": "", "os_version": null, "size": 79568351, "status": "active", "last_pulled": "2024-01-18T21:24:38.976641Z", "last_pushed": "2021-09-30T23:02:42.923988Z"}, {"architecture": "arm64", "features": "", "variant": null, "digest": "sha256:b01ab277be6c0d36fc793f20acaf9868b5212a1c389a42726e10d2c9f213ba85", "os": "linux", "os_features": "", "os_version": null, "size": 74604817, "status": "active", "last_pulled": "2024-01-08T23:24:08.48971Z", "last_pushed": "2021-09-30T23:02:43.110738Z"}], "last_updated": "2021-09-30T23:02:43.324898Z", "last_updater": 82803, "last_updater_username": "wohali", "name": "3.1.2", "repository": 1680764, "full_size": 79568351, "v2": true, "tag_status": "active", "tag_last_pulled": "2024-01-18T21:24:38.976641Z", "tag_last_pushed": "2021-09-30T23:02:43.324898Z", "media_type": "application/vnd.docker.distribution.manifest.list.v2+json", "content_type": "image"}, {"creator": 82803, "id": 49404609, "images": [{"architecture": "amd64", "features": "", "variant": null, "digest": "sha256:e489acfc5f01f4117fae00427b6eed671538fd54e6851176ab015e3fb5e1ca91", "os": "linux", "os_features": "", "os_version": null, "size": 83961620, "status": "active", "last_pulled": "2024-01-19T21:24:42.56359Z", "last_pushed": "2021-03-22T22:59:29.422331Z"}, {"architecture": "arm64", "features": "", "variant": null, "digest": "sha256:5f5b3ca249c83043f404147c89fa96bc452370e8759b5fa6559730871e125339", "os": "linux", "os_features": "", "os_version": null, "size": 72379690, "status": "active", "last_pulled": "2024-01-08T23:24:09.974113Z", "last_pushed": "2021-03-22T22:59:29.655287Z"}], "last_updated": "2021-03-22T22:59:29.940925Z", "last_updater": 82803, "last_updater_username": "wohali", "name": "2.3.1", "repository": 1680764, "full_size": 83961620, "v2": true, "tag_status": "active", "tag_last_pulled": "2024-01-19T21:24:42.56359Z", "tag_last_pushed": "2021-03-22T22:59:29.940925Z", "media_type": "application/vnd.docker.distribution.manifest.list.v2+json", "content_type": "image"}, {"creator": 82803, "id": 15505374, "images": [{"architecture": "ppc64le", "features": "", "variant": null, "digest": "sha256:bb3dacabe0c307a45fc96cc8915ddb1d0cb285ccf0c65588a7acdc41dc054113", "os": "linux", "os_features": "", "os_version": null, "size": 81029538, "status": "active", "last_pulled": "2024-01-08T23:24:10.134674Z", "last_pushed": null}, {"architecture": "arm64", "features": "", "variant": null, "digest": "sha256:376c305bd6c6b5378baba72b2a4c717a2c72cdf7b5b5e1d69497bb374fefb8bf", "os": "linux", "os_features": "", "os_version": null, "size": 76774296, "status": "active", "last_pulled": "2024-01-08T23:24:10.850448Z", "last_pushed": null}, {"architecture": "amd64", "features": "", "variant": null, "digest": "sha256:e9f9f546b66ae834661d9841a09bc263b161214a8f6bfe3ea2be754431c16ecf", "os": "linux", "os_features": "", "os_version": null, "size": 82243901, "status": "active", "last_pulled": "2024-01-19T23:06:34.918862Z", "last_pushed": null}], "last_updated": "2020-02-25T23:13:59.464548Z", "last_updater": 82803, "last_updater_username": "wohali", "name": "2", "repository": 1680764, "full_size": 76774296, "v2": true, "tag_status": "active", "tag_last_pulled": "2024-01-19T23:06:34.918862Z", "tag_last_pushed": "2020-02-25T23:13:59.464548Z", "media_type": "application/vnd.docker.distribution.manifest.list.v2+json", "content_type": "image"}, {"creator": 82803, "id": 41632873, "images": [{"architecture": "ppc64le", "features": "", "variant": null, "digest": "sha256:e698bb3a9cb9b6c6162cbe2350ffdf132bb33a2db2fd5ab95f035fa5c2149194", "os": "linux", "os_features": "", "os_version": null, "size": 81029407, "status": "active", "last_pulled": "2024-01-08T23:24:11.492752Z", "last_pushed": null}, {"architecture": "amd64", "features": "", "variant": null, "digest": "sha256:b773c9ee615bbc0427c521c5bec327f1a81cdfcf4afa74dfc2ffd11ee59a356e", "os": "linux", "os_features": "", "os_version": null, "size": 82243880, "status": "active", "last_pulled": "2024-01-20T08:59:37.027284Z", "last_pushed": null}, {"architecture": "arm64", "features": "", "variant": null, "digest": "sha256:90fc5e725557186696477f5363459aacc08edeedf62d066693aefebc9ad6a116", "os": "linux", "os_features": "", "os_version": null, "size": 76774301, "status": "active", "last_pulled": "2024-01-19T15:19:45.897546Z", "last_pushed": null}], "last_updated": "2020-02-25T23:07:08.362115Z", "last_updater": 82803, "last_updater_username": "wohali", "name": "2.3", "repository": 1680764, "full_size": 82243880, "v2": true, "tag_status": "active", "tag_last_pulled": "2024-01-20T08:59:37.027284Z", "tag_last_pushed": "2020-02-25T23:07:08.362115Z", "media_type": "application/vnd.docker.distribution.manifest.list.v2+json", "content_type": "image"}, {"creator": 82803, "id": 15505412, "images": [{"architecture": "amd64", "features": "", "variant": null, "digest": "sha256:e4794f08773ba8e3ba5ef49f7df98a1cccca5ff7187486acdb0b6a18e05c3be4", "os": "linux", "os_features": "", "os_version": null, "size": 115592328, "status": "active", "last_pulled": "2024-01-19T21:24:42.089261Z", "last_pushed": null}], "last_updated": "2019-04-30T21:34:34.431271Z", "last_updater": 82803, "last_updater_username": "wohali", "name": "1-couchperuser", "repository": 1680764, "full_size": 115592328, "v2": true, "tag_status": "active", "tag_last_pulled": "2024-01-19T21:24:42.089261Z", "tag_last_pushed": "2019-04-30T21:34:34.431271Z", "media_type": "application/vnd.docker.container.image.v1+json", "content_type": "image"}, {"creator": 82803, "id": 17613500, "images": [{"architecture": "amd64", "features": "", "variant": null, "digest": "sha256:e4794f08773ba8e3ba5ef49f7df98a1cccca5ff7187486acdb0b6a18e05c3be4", "os": "linux", "os_features": "", "os_version": null, "size": 115592328, "status": "active", "last_pulled": "2024-01-19T21:24:42.089261Z", "last_pushed": null}], "last_updated": "2019-04-30T21:34:31.145714Z", "last_updater": 82803, "last_updater_username": "wohali", "name": "1.7-couchperuser", "repository": 1680764, "full_size": 115592328, "v2": true, "tag_status": "active", "tag_last_pulled": "2024-01-19T21:24:42.089261Z", "tag_last_pushed": "2019-04-30T21:34:31.145714Z", "media_type": "application/vnd.docker.container.image.v1+json", "content_type": "image"}, {"creator": 82803, "id": 15505396, "images": [{"architecture": "amd64", "features": "", "variant": null, "digest": "sha256:d5e312cc79fbcd4bb4bf6c302272e8a8ac100c35683ae16e1b1e075381acb4fb", "os": "linux", "os_features": "", "os_version": null, "size": 105023109, "status": "active", "last_pulled": "2024-01-20T04:00:06.789923Z", "last_pushed": null}], "last_updated": "2019-04-30T21:33:57.656313Z", "last_updater": 82803, "last_updater_username": "wohali", "name": "1", "repository": 1680764, "full_size": 105023109, "v2": true, "tag_status": "active", "tag_last_pulled": "2024-01-20T04:00:06.789923Z", "tag_last_pushed": "2019-04-30T21:33:57.656313Z", "media_type": "application/vnd.docker.container.image.v1+json", "content_type": "image"}, {"creator": 82803, "id": 17613457, "images": [{"architecture": "amd64", "features": "", "variant": null, "digest": "sha256:d5e312cc79fbcd4bb4bf6c302272e8a8ac100c35683ae16e1b1e075381acb4fb", "os": "linux", "os_features": "", "os_version": null, "size": 105023109, "status": "active", "last_pulled": "2024-01-20T04:00:06.789923Z", "last_pushed": null}], "last_updated": "2019-04-30T21:33:54.319225Z", "last_updater": 82803, "last_updater_username": "wohali", "name": "1.7", "repository": 1680764, "full_size": 105023109, "v2": true, "tag_status": "active", "tag_last_pulled": "2024-01-20T04:00:06.789923Z", "tag_last_pushed": "2019-04-30T21:33:54.319225Z", "media_type": "application/vnd.docker.container.image.v1+json", "content_type": "image"}, {"creator": 82803, "id": 30748992, "images": [{"architecture": "amd64", "features": "", "variant": null, "digest": "sha256:e4794f08773ba8e3ba5ef49f7df98a1cccca5ff7187486acdb0b6a18e05c3be4", "os": "linux", "os_features": "", "os_version": null, "size": 115592328, "status": "active", "last_pulled": "2024-01-19T21:24:42.089261Z", "last_pushed": null}], "last_updated": "2019-04-30T21:33:27.731365Z", "last_updater": 82803, "last_updater_username": "wohali", "name": "1.7.2-couchperuser", "repository": 1680764, "full_size": 115592328, "v2": true, "tag_status": "active", "tag_last_pulled": "2024-01-19T21:24:42.089261Z", "tag_last_pushed": "2019-04-30T21:33:27.731365Z", "media_type": "application/vnd.docker.container.image.v1+json", "content_type": "image"}, {"creator": 82803, "id": 30748575, "images": [{"architecture": "amd64", "features": "", "variant": null, "digest": "sha256:d5e312cc79fbcd4bb4bf6c302272e8a8ac100c35683ae16e1b1e075381acb4fb", "os": "linux", "os_features": "", "os_version": null, "size": 105023109, "status": "active", "last_pulled": "2024-01-20T04:00:06.789923Z", "last_pushed": null}], "last_updated": "2019-04-30T21:32:53.284144Z", "last_updater": 82803, "last_updater_username": "wohali", "name": "1.7.2", "repository": 1680764, "full_size": 105023109, "v2": true, "tag_status": "active", "tag_last_pulled": "2024-01-20T04:00:06.789923Z", "tag_last_pushed": "2019-04-30T21:32:53.284144Z", "media_type": "application/vnd.docker.container.image.v1+json", "content_type": "image"}]