[{"creator": 5419288, "id": 55461743, "images": [{"architecture": "arm64", "features": "", "variant": null, "digest": "sha256:e8d70b49ec4873fae760b08c3e51bc4416fd590bd3ac5aa2f53f8baa35a53339", "os": "linux", "os_features": "", "os_version": null, "size": 73539095, "status": "active", "last_pulled": "2024-01-20T07:43:43.694183Z", "last_pushed": "2022-01-30T22:56:19.308596Z"}, {"architecture": "amd64", "features": "", "variant": null, "digest": "sha256:23d5d836c9e2506f542564b83b85c8e687151480666d88f912a89aef85ea3cf3", "os": "linux", "os_features": "", "os_version": null, "size": 62159380, "status": "active", "last_pulled": "2024-01-20T08:37:02.48223Z", "last_pushed": "2022-01-30T22:56:19.168389Z"}, {"architecture": "arm", "features": "", "variant": "v6", "digest": "sha256:5084c5751c0a2fa79587d0907297241ba51d20dbb1c6792b1c1c6930d4093f57", "os": "linux", "os_features": "", "os_version": null, "size": 96086833, "status": "active", "last_pulled": "2024-01-20T06:15:54.711385Z", "last_pushed": "2022-01-30T22:56:19.028203Z"}, {"architecture": "arm", "features": "", "variant": "v7", "digest": "sha256:da75ae3893a562a9e7f3ffd4a4aa69ef76822d90496ac315fad2fdab6d643fa8", "os": "linux", "os_features": "", "os_version": null, "size": 67224329, "status": "active", "last_pulled": "2024-01-20T09:00:05.00207Z", "last_pushed": "2022-01-30T22:56:19.462757Z"}], "last_updated": "2022-01-30T22:56:20.49342Z", "last_updater": 5419288, "last_updater_username": "bitwardenrs", "name": "latest", "repository": 7106473, "full_size": 62159380, "v2": true, "tag_status": "active", "tag_last_pulled": "2024-01-20T09:00:05.00207Z", "tag_last_pushed": "2022-01-30T22:56:20.49342Z", "media_type": "application/vnd.docker.distribution.manifest.list.v2+json", "content_type": "image"}, {"creator": 5419288, "id": 110331258, "images": [{"architecture": "arm", "features": "", "variant": "v6", "digest": "sha256:96b0bcaa854c4ddfe631f9895d6f38263ed8054e0e527e609328a543010f9c32", "os": "linux", "os_features": "", "os_version": null, "size": 97786668, "status": "active", "last_pulled": "2024-01-20T08:00:08.803684Z", "last_pushed": "2022-04-24T18:08:10.611902Z"}], "last_updated": "2022-04-24T18:08:10.611902Z", "last_updater": 5419288, "last_updater_username": "bitwardenrs", "name": "testing-arm32v6", "repository": 7106473, "full_size": 97786668, "v2": true, "tag_status": "active", "tag_last_pulled": "2024-01-20T08:00:08.803684Z", "tag_last_pushed": "2022-04-24T18:08:10.611902Z", "media_type": "application/vnd.docker.container.image.v1+json", "content_type": "image"}, {"creator": 5419288, "id": 109232388, "images": [{"architecture": "amd64", "features": "", "variant": null, "digest": "sha256:ec3cfc5670707cb8d24d830093b53e7688d0b3dd6cccd28d0566102b0992a3f5", "os": "linux", "os_features": "", "os_version": null, "size": 63122903, "status": "active", "last_pulled": "2024-01-16T11:22:31.775352Z", "last_pushed": "2022-04-24T18:08:08.039354Z"}, {"architecture": "arm", "features": "", "variant": "v6", "digest": "sha256:e68a7f2ffe28e6909a614a3e70f4e44ae180c8de299a17a39d8798270da6eedd", "os": "linux", "os_features": "", "os_version": null, "size": 97786668, "status": "inactive", "last_pulled": "2023-05-18T19:37:45.704511Z", "last_pushed": "2022-04-24T18:08:08.361566Z"}, {"architecture": "arm", "features": "", "variant": "v7", "digest": "sha256:50b112f9542fe2413c2e2e699536f89044b75a1c12cfb1eb29ceaef45a38a01a", "os": "linux", "os_features": "", "os_version": null, "size": 70075368, "status": "active", "last_pulled": "2024-01-08T22:13:00.028527Z", "last_pushed": "2022-04-24T18:08:08.216089Z"}, {"architecture": "arm64", "features": "", "variant": null, "digest": "sha256:29185929934f9cc4bbf5a7ed007d5b0e2d1381a59158eff3b95f7b30778a7193", "os": "linux", "os_features": "", "os_version": null, "size": 76045367, "status": "active", "last_pulled": "2024-01-08T22:13:01.033401Z", "last_pushed": "2022-04-24T18:08:08.543058Z"}], "last_updated": "2022-04-24T18:08:08.817285Z", "last_updater": 5419288, "last_updater_username": "bitwardenrs", "name": "testing", "repository": 7106473, "full_size": 63122903, "v2": true, "tag_status": "active", "tag_last_pulled": "2024-01-16T11:22:31.775352Z", "tag_last_pushed": "2022-04-24T18:08:08.817285Z", "media_type": "application/vnd.docker.distribution.manifest.list.v2+json", "content_type": "image"}, {"creator": 5419288, "id": 109755530, "images": [{"architecture": "amd64", "features": "", "variant": null, "digest": "sha256:40a1a5fc5bcd761bdaa5b90f06544ce2c22111f5a210308c98ff1f74dd74d95a", "os": "linux", "os_features": "", "os_version": null, "size": 27679912, "status": "active", "last_pulled": "2024-01-16T11:22:31.830963Z", "last_pushed": "2022-04-23T17:49:48.526838Z"}, {"architecture": "arm", "features": "", "variant": "v6", "digest": "sha256:3f361aeb4c51d3f7fc37f40e05151e7890e701f8f3dfbc3a46b79cc3fdcd55de", "os": "linux", "os_features": "", "os_version": null, "size": 39363361, "status": "inactive", "last_pulled": "2023-05-18T19:39:29.45065Z", "last_pushed": "2022-04-23T17:49:48.703801Z"}, {"architecture": "arm", "features": "", "variant": "v7", "digest": "sha256:a657a91a7d08a1db4c3f32020bb2738d446859edc1acbe45c4992091e74ec50a", "os": "linux", "os_features": "", "os_version": null, "size": 38118877, "status": "active", "last_pulled": "2024-01-08T22:13:01.6723Z", "last_pushed": "2022-04-23T17:49:48.395148Z"}, {"architecture": "arm64", "features": "", "variant": null, "digest": "sha256:ce4b1c17bc2cd4dbea062ac3d5706f656f327c25600ed3d722bc62bb917a477e", "os": "linux", "os_features": "", "os_version": null, "size": 39853218, "status": "active", "last_pulled": "2024-01-08T22:13:02.391773Z", "last_pushed": "2022-04-23T17:49:48.856595Z"}], "last_updated": "2022-04-23T17:49:49.13522Z", "last_updater": 5419288, "last_updater_username": "bitwardenrs", "name": "testing-alpine", "repository": 7106473, "full_size": 27679912, "v2": true, "tag_status": "active", "tag_last_pulled": "2024-01-16T11:22:31.830963Z", "tag_last_pushed": "2022-04-23T17:49:49.13522Z", "media_type": "application/vnd.docker.distribution.manifest.list.v2+json", "content_type": "image"}, {"creator": 3472216, "id": 110778678, "images": [{"architecture": "arm", "features": "", "variant": null, "digest": "sha256:cd0d5e95381bcac4a711cb67390a4dd94d11aeb8eb469dda6e5e839b35f56206", "os": "linux", "os_features": "", "os_version": null, "size": 96086833, "status": "active", "last_pulled": "2024-01-20T08:00:09.287661Z", "last_pushed": "2022-01-30T22:56:23.026475Z"}], "last_updated": "2022-01-30T22:56:23.026475Z", "last_updater": 5419288, "last_updater_username": "bitwardenrs", "name": "latest-arm32v6", "repository": 7106473, "full_size": 96086833, "v2": true, "tag_status": "active", "tag_last_pulled": "2024-01-20T08:00:09.287661Z", "tag_last_pushed": "2022-01-30T22:56:23.026475Z", "media_type": "application/vnd.docker.container.image.v1+json", "content_type": "image"}, {"creator": 5419288, "id": 189806231, "images": [{"architecture": "arm", "features": "", "variant": null, "digest": "sha256:cd0d5e95381bcac4a711cb67390a4dd94d11aeb8eb469dda6e5e839b35f56206", "os": "linux", "os_features": "", "os_version": null, "size": 96086833, "status": "active", "last_pulled": "2024-01-20T08:00:09.287661Z", "last_pushed": "2022-01-30T22:56:23.026475Z"}], "last_updated": "2022-01-30T22:56:22.380226Z", "last_updater": 5419288, "last_updater_username": "bitwardenrs", "name": "1.24.0-arm32v6", "repository": 7106473, "full_size": 96086833, "v2": true, "tag_status": "active", "tag_last_pulled": "2024-01-20T08:00:09.287661Z", "tag_last_pushed": "2022-01-30T22:56:22.380226Z", "media_type": "application/vnd.docker.container.image.v1+json", "content_type": "image"}, {"creator": 5419288, "id": 189806230, "images": [{"architecture": "amd64", "features": "", "variant": null, "digest": "sha256:23d5d836c9e2506f542564b83b85c8e687151480666d88f912a89aef85ea3cf3", "os": "linux", "os_features": "", "os_version": null, "size": 62159380, "status": "active", "last_pulled": "2024-01-20T08:37:02.48223Z", "last_pushed": "2022-01-30T22:56:19.168389Z"}, {"architecture": "arm", "features": "", "variant": "v6", "digest": "sha256:5084c5751c0a2fa79587d0907297241ba51d20dbb1c6792b1c1c6930d4093f57", "os": "linux", "os_features": "", "os_version": null, "size": 96086833, "status": "active", "last_pulled": "2024-01-20T06:15:54.711385Z", "last_pushed": "2022-01-30T22:56:19.028203Z"}, {"architecture": "arm64", "features": "", "variant": null, "digest": "sha256:e8d70b49ec4873fae760b08c3e51bc4416fd590bd3ac5aa2f53f8baa35a53339", "os": "linux", "os_features": "", "os_version": null, "size": 73539095, "status": "active", "last_pulled": "2024-01-20T07:43:43.694183Z", "last_pushed": "2022-01-30T22:56:19.308596Z"}, {"architecture": "arm", "features": "", "variant": "v7", "digest": "sha256:da75ae3893a562a9e7f3ffd4a4aa69ef76822d90496ac315fad2fdab6d643fa8", "os": "linux", "os_features": "", "os_version": null, "size": 67224329, "status": "active", "last_pulled": "2024-01-20T09:00:05.00207Z", "last_pushed": "2022-01-30T22:56:19.462757Z"}], "last_updated": "2022-01-30T22:56:19.658856Z", "last_updater": 5419288, "last_updater_username": "bitwardenrs", "name": "1.24.0", "repository": 7106473, "full_size": 62159380, "v2": true, "tag_status": "active", "tag_last_pulled": "2024-01-20T09:00:05.00207Z", "tag_last_pushed": "2022-01-30T22:56:19.658856Z", "media_type": "application/vnd.docker.distribution.manifest.list.v2+json", "content_type": "image"}, {"creator": 5419288, "id": 55447382, "images": [{"architecture": "arm", "features": "", "variant": "v7", "digest": "sha256:d70ae8be8c00edfa3466c780fa47909b2c397f2f6586e2aecfefe41519ff14d8", "os": "linux", "os_features": "", "os_version": null, "size": 33269728, "status": "active", "last_pulled": "2024-01-08T22:13:04.504005Z", "last_pushed": "2022-01-30T22:52:46.775364Z"}, {"architecture": "amd64", "features": "", "variant": null, "digest": "sha256:c022a4c3e67e8dfb7567e5bf23996d83377c9ed356a157680005121f5932b6a3", "os": "linux", "os_features": "", "os_version": null, "size": 23667161, "status": "active", "last_pulled": "2024-01-20T08:01:53.784749Z", "last_pushed": "2022-01-30T22:52:47.08614Z"}, {"architecture": "arm64", "features": "", "variant": null, "digest": "sha256:c1bb5e3f2f506aca041acf62f71c64d12dd851fb10b8f30fb30184de9ef15de7", "os": "linux", "os_features": "", "os_version": null, "size": 35320580, "status": "active", "last_pulled": "2024-01-08T22:13:05.169201Z", "last_pushed": "2022-01-30T22:52:47.236759Z"}, {"architecture": "arm", "features": "", "variant": "v6", "digest": "sha256:62efaae0b6d8cb2b7890ea1e0f54adc14efc8c2cd8a5765f66f224cadf8759a7", "os": "linux", "os_features": "", "os_version": null, "size": 34545674, "status": "inactive", "last_pulled": "2023-10-06T03:01:06.7847Z", "last_pushed": "2022-01-30T22:52:46.926257Z"}], "last_updated": "2022-01-30T22:52:48.33475Z", "last_updater": 5419288, "last_updater_username": "bitwardenrs", "name": "alpine", "repository": 7106473, "full_size": 23667161, "v2": true, "tag_status": "active", "tag_last_pulled": "2024-01-20T08:01:53.784749Z", "tag_last_pushed": "2022-01-30T22:52:48.33475Z", "media_type": "application/vnd.docker.distribution.manifest.list.v2+json", "content_type": "image"}, {"creator": 5419288, "id": 189806095, "images": [{"architecture": "amd64", "features": "", "variant": null, "digest": "sha256:c022a4c3e67e8dfb7567e5bf23996d83377c9ed356a157680005121f5932b6a3", "os": "linux", "os_features": "", "os_version": null, "size": 23667161, "status": "active", "last_pulled": "2024-01-20T08:01:53.784749Z", "last_pushed": "2022-01-30T22:52:47.08614Z"}, {"architecture": "arm", "features": "", "variant": "v7", "digest": "sha256:d70ae8be8c00edfa3466c780fa47909b2c397f2f6586e2aecfefe41519ff14d8", "os": "linux", "os_features": "", "os_version": null, "size": 33269728, "status": "active", "last_pulled": "2024-01-08T22:13:04.504005Z", "last_pushed": "2022-01-30T22:52:46.775364Z"}, {"architecture": "arm64", "features": "", "variant": null, "digest": "sha256:c1bb5e3f2f506aca041acf62f71c64d12dd851fb10b8f30fb30184de9ef15de7", "os": "linux", "os_features": "", "os_version": null, "size": 35320580, "status": "active", "last_pulled": "2024-01-08T22:13:05.169201Z", "last_pushed": "2022-01-30T22:52:47.236759Z"}, {"architecture": "arm", "features": "", "variant": "v6", "digest": "sha256:62efaae0b6d8cb2b7890ea1e0f54adc14efc8c2cd8a5765f66f224cadf8759a7", "os": "linux", "os_features": "", "os_version": null, "size": 34545674, "status": "inactive", "last_pulled": "2023-10-06T03:01:06.7847Z", "last_pushed": "2022-01-30T22:52:46.926257Z"}], "last_updated": "2022-01-30T22:52:47.520677Z", "last_updater": 5419288, "last_updater_username": "bitwardenrs", "name": "1.24.0-alpine", "repository": 7106473, "full_size": 23667161, "v2": true, "tag_status": "active", "tag_last_pulled": "2024-01-20T08:01:53.784749Z", "tag_last_pushed": "2022-01-30T22:52:47.520677Z", "media_type": "application/vnd.docker.distribution.manifest.list.v2+json", "content_type": "image"}, {"creator": 5419288, "id": 182543475, "images": [{"architecture": "arm", "features": "", "variant": null, "digest": "sha256:bf04881fc9cbcf178ecb78926c17f023de85f2ad35e6b5703719eb63f95a0c22", "os": "linux", "os_features": "", "os_version": null, "size": 96315703, "status": "active", "last_pulled": "2024-01-20T08:00:09.432674Z", "last_pushed": "2021-12-14T21:58:42.282031Z"}], "last_updated": "2021-12-14T21:58:41.701393Z", "last_updater": 5419288, "last_updater_username": "bitwardenrs", "name": "1.23.1-arm32v6", "repository": 7106473, "full_size": 96315703, "v2": true, "tag_status": "active", "tag_last_pulled": "2024-01-20T08:00:09.432674Z", "tag_last_pushed": "2021-12-14T21:58:41.701393Z", "media_type": "application/vnd.docker.container.image.v1+json", "content_type": "image"}, {"creator": 5419288, "id": 182543462, "images": [{"architecture": "arm", "features": "", "variant": "v6", "digest": "sha256:5c392fdc8fec7f951a17c9561960c5f789870043b16992a1b3c1e97438d52eda", "os": "linux", "os_features": "", "os_version": null, "size": 96315703, "status": "inactive", "last_pulled": "2023-10-06T03:02:51.77076Z", "last_pushed": "2021-12-14T21:58:38.216335Z"}, {"architecture": "amd64", "features": "", "variant": null, "digest": "sha256:cd6b34c265b71402b4d1be26c706ad46072b981c6c3b5ae3895205c2a63b8ad6", "os": "linux", "os_features": "", "os_version": null, "size": 62435219, "status": "active", "last_pulled": "2024-01-20T09:00:05.964482Z", "last_pushed": "2021-12-14T21:58:38.069961Z"}, {"architecture": "arm", "features": "", "variant": "v7", "digest": "sha256:e978e6765cc3b1ab0bbe98aefa1eeee6860deee7c9fad09a8857ac912bfc156f", "os": "linux", "os_features": "", "os_version": null, "size": 67436736, "status": "active", "last_pulled": "2024-01-08T22:13:06.080794Z", "last_pushed": "2021-12-14T21:58:37.941643Z"}, {"architecture": "arm64", "features": "", "variant": null, "digest": "sha256:1599423e91b92dc6d55ed498cf13d3dd87d07e4365e0989e50418660bb7c0367", "os": "linux", "os_features": "", "os_version": null, "size": 73800600, "status": "active", "last_pulled": "2024-01-16T17:00:44.196135Z", "last_pushed": "2021-12-14T21:58:38.413478Z"}], "last_updated": "2021-12-14T21:58:38.615967Z", "last_updater": 5419288, "last_updater_username": "bitwardenrs", "name": "1.23.1", "repository": 7106473, "full_size": 62435219, "v2": true, "tag_status": "active", "tag_last_pulled": "2024-01-20T09:00:05.964482Z", "tag_last_pushed": "2021-12-14T21:58:38.615967Z", "media_type": "application/vnd.docker.distribution.manifest.list.v2+json", "content_type": "image"}, {"creator": 5419288, "id": 182536879, "images": [{"architecture": "amd64", "features": "", "variant": null, "digest": "sha256:51fef57b3beadd93960c69b843ea4d607536af84b70117cab11a3ea3c7c83c36", "os": "linux", "os_features": "", "os_version": null, "size": 23628732, "status": "active", "last_pulled": "2024-01-16T11:22:31.795584Z", "last_pushed": "2021-12-14T21:22:52.866889Z"}, {"architecture": "arm", "features": "", "variant": "v7", "digest": "sha256:1784f250d946f61f44709d1df594d5b7e4c8c9b1388701c64fdcf60990883187", "os": "linux", "os_features": "", "os_version": null, "size": 34703637, "status": "active", "last_pulled": "2024-01-08T22:13:08.081847Z", "last_pushed": "2021-12-14T21:22:52.732369Z"}], "last_updated": "2021-12-14T21:22:53.06152Z", "last_updater": 5419288, "last_updater_username": "bitwardenrs", "name": "1.23.1-alpine", "repository": 7106473, "full_size": 23628732, "v2": true, "tag_status": "active", "tag_last_pulled": "2024-01-16T11:22:31.795584Z", "tag_last_pushed": "2021-12-14T21:22:53.06152Z", "media_type": "application/vnd.docker.distribution.manifest.list.v2+json", "content_type": "image"}, {"creator": 5419288, "id": 173202941, "images": [{"architecture": "arm", "features": "", "variant": null, "digest": "sha256:e995649cdaa5353a8a2948be07ff9b4ac240ce17873364d113acd26f5ac7b30c", "os": "linux", "os_features": "", "os_version": null, "size": 95200447, "status": "active", "last_pulled": "2024-01-20T08:00:06.778842Z", "last_pushed": "2021-10-20T22:06:10.530815Z"}], "last_updated": "2021-10-20T22:06:10.000667Z", "last_updater": 5419288, "last_updater_username": "bitwardenrs", "name": "1.23.0-arm32v6", "repository": 7106473, "full_size": 95200447, "v2": true, "tag_status": "active", "tag_last_pulled": "2024-01-20T08:00:06.778842Z", "tag_last_pushed": "2021-10-20T22:06:10.000667Z", "media_type": "application/vnd.docker.container.image.v1+json", "content_type": "image"}, {"creator": 5419288, "id": 173202938, "images": [{"architecture": "arm", "features": "", "variant": "v6", "digest": "sha256:d4a26b564eb5985ea6fe8497fee73042187ba5331738233202a1076e8a7fd031", "os": "linux", "os_features": "", "os_version": null, "size": 95200447, "status": "inactive", "last_pulled": "2023-10-06T03:03:46.865462Z", "last_pushed": "2021-10-20T22:06:06.5222Z"}, {"architecture": "amd64", "features": "", "variant": null, "digest": "sha256:f1b868eb8ece1b4cb594404a7786d77fe605c6f526e99e7df0dee3a4998298ec", "os": "linux", "os_features": "", "os_version": null, "size": 61311009, "status": "active", "last_pulled": "2024-01-16T11:22:31.766229Z", "last_pushed": "2021-10-20T22:06:07.19275Z"}, {"architecture": "arm", "features": "", "variant": "v7", "digest": "sha256:376ed821fc867552747f4a37abaac73d61dc247412fd5aaccc53ac273342a924", "os": "linux", "os_features": "", "os_version": null, "size": 66316562, "status": "active", "last_pulled": "2024-01-08T22:13:09.205353Z", "last_pushed": "2021-10-20T22:06:06.913051Z"}, {"architecture": "arm64", "features": "", "variant": null, "digest": "sha256:31a0d6266638d23c45667cb61df50a3ae25e62948854da9f704944d223304923", "os": "linux", "os_features": "", "os_version": null, "size": 72666444, "status": "active", "last_pulled": "2024-01-08T22:13:10.290891Z", "last_pushed": "2021-10-20T22:06:06.707913Z"}], "last_updated": "2021-10-20T22:06:07.444434Z", "last_updater": 5419288, "last_updater_username": "bitwardenrs", "name": "1.23.0", "repository": 7106473, "full_size": 61311009, "v2": true, "tag_status": "active", "tag_last_pulled": "2024-01-16T11:22:31.766229Z", "tag_last_pushed": "2021-10-20T22:06:07.444434Z", "media_type": "application/vnd.docker.distribution.manifest.list.v2+json", "content_type": "image"}, {"creator": 5419288, "id": 173197100, "images": [{"architecture": "amd64", "features": "", "variant": null, "digest": "sha256:fb789d39880bda0c463d02597531ef820ec70b423d0fa3b246e67a82b0b353f6", "os": "linux", "os_features": "", "os_version": null, "size": 22595541, "status": "active", "last_pulled": "2024-01-16T11:22:31.811969Z", "last_pushed": "2021-10-20T21:30:13.730033Z"}, {"architecture": "arm", "features": "", "variant": "v7", "digest": "sha256:bc44fc4fe57b953cee8cc78ab0ecc316dd141667f4f139ef352e0e04eff8d750", "os": "linux", "os_features": "", "os_version": null, "size": 33448708, "status": "active", "last_pulled": "2024-01-08T22:13:10.850282Z", "last_pushed": "2021-10-20T21:30:13.95228Z"}], "last_updated": "2021-10-20T21:30:14.134257Z", "last_updater": 5419288, "last_updater_username": "bitwardenrs", "name": "1.23.0-alpine", "repository": 7106473, "full_size": 22595541, "v2": true, "tag_status": "active", "tag_last_pulled": "2024-01-16T11:22:31.811969Z", "tag_last_pushed": "2021-10-20T21:30:14.134257Z", "media_type": "application/vnd.docker.distribution.manifest.list.v2+json", "content_type": "image"}, {"creator": 5419288, "id": 159738622, "images": [{"architecture": "arm", "features": "", "variant": null, "digest": "sha256:667d0303b5cdf2254df39785ca5968aece6ee2343e3335a58f2e28193808b5ae", "os": "linux", "os_features": "", "os_version": null, "size": 91434120, "status": "active", "last_pulled": "2024-01-20T08:00:08.923791Z", "last_pushed": "2021-07-26T00:14:20.75911Z"}], "last_updated": "2021-07-26T00:14:20.221074Z", "last_updater": 5419288, "last_updater_username": "bitwardenrs", "name": "1.22.2-arm32v6", "repository": 7106473, "full_size": 91434120, "v2": true, "tag_status": "active", "tag_last_pulled": "2024-01-20T08:00:08.923791Z", "tag_last_pushed": "2021-07-26T00:14:20.221074Z", "media_type": "application/vnd.docker.container.image.v1+json", "content_type": "image"}, {"creator": 5419288, "id": 159738621, "images": [{"architecture": "arm", "features": "", "variant": "v6", "digest": "sha256:fdad6f51a272f0dbc926b033fddceaee6227d74b61316521d318a0ec0620a5dd", "os": "linux", "os_features": "", "os_version": null, "size": 91434120, "status": "inactive", "last_pulled": "2023-11-28T09:59:51.85075Z", "last_pushed": "2021-07-26T00:14:16.633612Z"}, {"architecture": "arm64", "features": "", "variant": null, "digest": "sha256:8050bc04ed111c4dff5f043590bed33a15ad4b562dacd62e8263a51ebbcb2d07", "os": "linux", "os_features": "", "os_version": null, "size": 71762929, "status": "active", "last_pulled": "2024-01-08T22:13:12.447761Z", "last_pushed": "2021-07-26T00:14:16.846871Z"}, {"architecture": "amd64", "features": "", "variant": null, "digest": "sha256:7fc807a99cb300a710fa321a7c65de7af1520262d9c9168faffafcdf1fbb468d", "os": "linux", "os_features": "", "os_version": null, "size": 60571658, "status": "active", "last_pulled": "2024-01-16T11:22:31.766096Z", "last_pushed": "2021-07-26T00:14:17.01595Z"}, {"architecture": "arm", "features": "", "variant": "v7", "digest": "sha256:9389032e0311f69429709d6cac1ce3ebf74aaa994ef3a86a00e30838f6d0692e", "os": "linux", "os_features": "", "os_version": null, "size": 65571423, "status": "active", "last_pulled": "2024-01-08T22:13:11.897507Z", "last_pushed": "2021-07-26T00:14:16.490588Z"}], "last_updated": "2021-07-26T00:14:17.250504Z", "last_updater": 5419288, "last_updater_username": "bitwardenrs", "name": "1.22.2", "repository": 7106473, "full_size": 60571658, "v2": true, "tag_status": "active", "tag_last_pulled": "2024-01-16T11:22:31.766096Z", "tag_last_pushed": "2021-07-26T00:14:17.250504Z", "media_type": "application/vnd.docker.distribution.manifest.list.v2+json", "content_type": "image"}, {"creator": 5419288, "id": 159737040, "images": [{"architecture": "amd64", "features": "", "variant": null, "digest": "sha256:fa0e53d5a0524d2e94dcb2472d6f1b1edbcc1afe5b6a4ea37fbe714229771720", "os": "linux", "os_features": "", "os_version": null, "size": 21341721, "status": "active", "last_pulled": "2024-01-16T11:22:31.829993Z", "last_pushed": "2021-07-25T23:31:52.134333Z"}, {"architecture": "arm", "features": "", "variant": "v7", "digest": "sha256:0819c76525af809aae1b80164750462e516a4ad1670e15abf18f137080c5b5c8", "os": "linux", "os_features": "", "os_version": null, "size": 32428456, "status": "active", "last_pulled": "2024-01-08T22:13:13.925575Z", "last_pushed": "2021-07-25T23:31:51.921347Z"}], "last_updated": "2021-07-25T23:31:52.352955Z", "last_updater": 5419288, "last_updater_username": "bitwardenrs", "name": "1.22.2-alpine", "repository": 7106473, "full_size": 21341721, "v2": true, "tag_status": "active", "tag_last_pulled": "2024-01-16T11:22:31.829993Z", "tag_last_pushed": "2021-07-25T23:31:52.352955Z", "media_type": "application/vnd.docker.distribution.manifest.list.v2+json", "content_type": "image"}, {"creator": 5419288, "id": 156223752, "images": [{"architecture": "amd64", "features": "", "variant": null, "digest": "sha256:727ae9c184bd2fa4d4e3c82f583609686716761c6a6b77ea14eff1f9ccf3b815", "os": "linux", "os_features": "", "os_version": null, "size": 21026360, "status": "active", "last_pulled": "2024-01-16T11:22:31.809438Z", "last_pushed": "2021-06-29T17:36:53.091531Z"}, {"architecture": "arm", "features": "", "variant": "v7", "digest": "sha256:4fd229206170afd686feddc71e863e09317331284c355bae72ea110a45a6ba63", "os": "linux", "os_features": "", "os_version": null, "size": 32135194, "status": "active", "last_pulled": "2024-01-08T22:13:14.099629Z", "last_pushed": "2021-06-29T17:36:52.930504Z"}], "last_updated": "2021-06-29T17:36:52.465698Z", "last_updater": 5419288, "last_updater_username": "bitwardenrs", "name": "1.22.1-alpine", "repository": 7106473, "full_size": 21026360, "v2": true, "tag_status": "active", "tag_last_pulled": "2024-01-16T11:22:31.809438Z", "tag_last_pushed": "2021-06-29T17:36:52.465698Z", "media_type": "application/vnd.docker.distribution.manifest.list.v2+json", "content_type": "image"}, {"creator": 5419288, "id": 156216525, "images": [{"architecture": "arm", "features": "", "variant": null, "digest": "sha256:0de8b283cb14059b1bd84eaea0902e8aabc5d7ab4f316bd1065a57d0b28818a0", "os": "linux", "os_features": "", "os_version": null, "size": 91129360, "status": "active", "last_pulled": "2024-01-20T08:00:08.783967Z", "last_pushed": "2021-06-29T16:51:46.383437Z"}], "last_updated": "2021-06-29T16:51:45.808006Z", "last_updater": 5419288, "last_updater_username": "bitwardenrs", "name": "1.22.1-arm32v6", "repository": 7106473, "full_size": 91129360, "v2": true, "tag_status": "active", "tag_last_pulled": "2024-01-20T08:00:08.783967Z", "tag_last_pushed": "2021-06-29T16:51:45.808006Z", "media_type": "application/vnd.docker.container.image.v1+json", "content_type": "image"}, {"creator": 5419288, "id": 156216516, "images": [{"architecture": "amd64", "features": "", "variant": null, "digest": "sha256:05efdff013f216c88216ab56976f445f735cbb51e6cbb4f967303b75d50c494b", "os": "linux", "os_features": "", "os_version": null, "size": 60252045, "status": "active", "last_pulled": "2024-01-16T11:22:31.824184Z", "last_pushed": "2021-06-29T16:51:43.636764Z"}, {"architecture": "arm", "features": "", "variant": "v6", "digest": "sha256:0876324a77856c589ca0f4a3ef24bd103c88ab936b44144047e7e5473d38a2cc", "os": "linux", "os_features": "", "os_version": null, "size": 91129360, "status": "inactive", "last_pulled": "2023-10-06T03:05:43.142594Z", "last_pushed": "2021-06-29T16:51:43.909608Z"}, {"architecture": "arm64", "features": "", "variant": null, "digest": "sha256:e22cd8531c0b17013f17edeff781750c4fa35511bd37785acf5cbdff1019b38d", "os": "linux", "os_features": "", "os_version": null, "size": 72534813, "status": "active", "last_pulled": "2024-01-08T22:13:15.843396Z", "last_pushed": "2021-06-29T16:51:43.447329Z"}, {"architecture": "arm", "features": "", "variant": "v7", "digest": "sha256:49b1309e27f4e79faed6d1e5240e0c026bb938691b85d3d3d1d17c39aa77bc4e", "os": "linux", "os_features": "", "os_version": null, "size": 66268986, "status": "active", "last_pulled": "2024-01-08T22:13:15.805415Z", "last_pushed": "2021-06-29T16:51:43.283754Z"}], "last_updated": "2021-06-29T16:51:42.791133Z", "last_updater": 5419288, "last_updater_username": "bitwardenrs", "name": "1.22.1", "repository": 7106473, "full_size": 60252045, "v2": true, "tag_status": "active", "tag_last_pulled": "2024-01-16T11:22:31.824184Z", "tag_last_pushed": "2021-06-29T16:51:42.791133Z", "media_type": "application/vnd.docker.distribution.manifest.list.v2+json", "content_type": "image"}, {"creator": 5419288, "id": 156032899, "images": [{"architecture": "arm", "features": "", "variant": null, "digest": "sha256:1969f5cc95544ee1a3e5eefc867f39c27c302ff52048ac68f1c5c17c02ed48f3", "os": "linux", "os_features": "", "os_version": null, "size": 91129789, "status": "active", "last_pulled": "2024-01-20T08:00:09.806061Z", "last_pushed": "2021-06-28T17:28:46.764543Z"}], "last_updated": "2021-06-28T17:28:46.187188Z", "last_updater": 5419288, "last_updater_username": "bitwardenrs", "name": "1.22.0-arm32v6", "repository": 7106473, "full_size": 91129789, "v2": true, "tag_status": "active", "tag_last_pulled": "2024-01-20T08:00:09.806061Z", "tag_last_pushed": "2021-06-28T17:28:46.187188Z", "media_type": "application/vnd.docker.container.image.v1+json", "content_type": "image"}, {"creator": 5419288, "id": 156032883, "images": [{"architecture": "amd64", "features": "", "variant": null, "digest": "sha256:ad6a3dd74b25187da54996a57ff4106e039cef4298060472aaba5a1767f6b23f", "os": "linux", "os_features": "", "os_version": null, "size": 60251695, "status": "active", "last_pulled": "2024-01-16T11:22:31.793035Z", "last_pushed": "2021-06-28T17:28:43.677372Z"}, {"architecture": "arm64", "features": "", "variant": null, "digest": "sha256:e4930ed9bcf7ca20f18d36e691aa3cd6bbb8569924237d799d35c5e40104c041", "os": "linux", "os_features": "", "os_version": null, "size": 72534561, "status": "active", "last_pulled": "2024-01-08T22:13:18.113066Z", "last_pushed": "2021-06-28T17:28:44.130257Z"}, {"architecture": "arm", "features": "", "variant": "v6", "digest": "sha256:f41cfb5c041d013ee279e535e45abe209f61cfb3849391f5c71e2bbaa0d62e76", "os": "linux", "os_features": "", "os_version": null, "size": 91129789, "status": "inactive", "last_pulled": "2023-10-06T03:06:10.821573Z", "last_pushed": "2021-06-28T17:28:43.916045Z"}, {"architecture": "arm", "features": "", "variant": "v7", "digest": "sha256:aef85bf59b12496b4c745f3711b6b52b6839db35b627936fa0f54e9538049fa6", "os": "linux", "os_features": "", "os_version": null, "size": 66268391, "status": "active", "last_pulled": "2024-01-08T22:13:18.527137Z", "last_pushed": "2021-06-28T17:28:43.510036Z"}], "last_updated": "2021-06-28T17:28:42.748671Z", "last_updater": 5419288, "last_updater_username": "bitwardenrs", "name": "1.22.0", "repository": 7106473, "full_size": 60251695, "v2": true, "tag_status": "active", "tag_last_pulled": "2024-01-16T11:22:31.793035Z", "tag_last_pushed": "2021-06-28T17:28:42.748671Z", "media_type": "application/vnd.docker.distribution.manifest.list.v2+json", "content_type": "image"}, {"creator": 5419288, "id": 147774358, "images": [{"architecture": "amd64", "features": "", "variant": null, "digest": "sha256:23c0615f1356b01bc1dd5ecdb422f41d2c150cd935c9f17b9e931856a14e2014", "os": "linux", "os_features": "", "os_version": null, "size": 20416166, "status": "active", "last_pulled": "2024-01-16T11:22:31.818444Z", "last_pushed": "2021-04-30T16:14:22.53134Z"}, {"architecture": "arm", "features": "", "variant": "v7", "digest": "sha256:ad9b69f0faea8abfe62d24782bae6b46b61db6208ee87c0da59b40b7f56ea18d", "os": "linux", "os_features": "", "os_version": null, "size": 31811657, "status": "active", "last_pulled": "2024-01-08T22:13:19.678082Z", "last_pushed": "2021-04-30T16:14:22.676159Z"}], "last_updated": "2021-04-30T16:14:21.866655Z", "last_updater": 5419288, "last_updater_username": "bitwardenrs", "name": "1.21.0-alpine", "repository": 7106473, "full_size": 31811657, "v2": true, "tag_status": "active", "tag_last_pulled": "2024-01-16T11:22:31.818444Z", "tag_last_pushed": "2021-04-30T16:14:21.866655Z", "media_type": "application/vnd.docker.distribution.manifest.list.v2+json", "content_type": "image"}, {"creator": 5419288, "id": 147748013, "images": [{"architecture": "arm", "features": "", "variant": null, "digest": "sha256:effcc5d44d59fdb6bc7a9e3367e1a173223fd79331350cdb1b3a43ab920b9f03", "os": "linux", "os_features": "", "os_version": null, "size": 89661500, "status": "active", "last_pulled": "2024-01-20T08:00:09.200555Z", "last_pushed": "2021-04-30T15:32:49.617276Z"}], "last_updated": "2021-04-30T15:32:48.922247Z", "last_updater": 5419288, "last_updater_username": "bitwardenrs", "name": "1.21.0-arm32v6", "repository": 7106473, "full_size": 89661500, "v2": true, "tag_status": "active", "tag_last_pulled": "2024-01-20T08:00:09.200555Z", "tag_last_pushed": "2021-04-30T15:32:48.922247Z", "media_type": "application/vnd.docker.container.image.v1+json", "content_type": "image"}, {"creator": 5419288, "id": 147748005, "images": [{"architecture": "amd64", "features": "", "variant": null, "digest": "sha256:74f60b33c7ab6a75e2ea82991f1949f872d04425a5ec2bcb1c0178b3195e83f4", "os": "linux", "os_features": "", "os_version": null, "size": 59555858, "status": "active", "last_pulled": "2024-01-16T11:22:31.809605Z", "last_pushed": "2021-04-30T15:32:46.242669Z"}, {"architecture": "arm", "features": "", "variant": "v6", "digest": "sha256:5d9796cd5bbd37bf882aa95228623eab960183af0a50746ef01975d3f3458ad4", "os": "linux", "os_features": "", "os_version": null, "size": 89661500, "status": "inactive", "last_pulled": "2023-10-06T03:07:10.03185Z", "last_pushed": "2021-04-30T15:32:46.459909Z"}, {"architecture": "arm64", "features": "", "variant": null, "digest": "sha256:eb1fadb375c38c9723eaa520f319e3d5eb485e39c04d356aafc073d69e32c87c", "os": "linux", "os_features": "", "os_version": null, "size": 71972089, "status": "active", "last_pulled": "2024-01-08T22:13:21.443699Z", "last_pushed": "2021-04-30T15:32:46.891954Z"}, {"architecture": "arm", "features": "", "variant": "v7", "digest": "sha256:3b4eafac1ca047ecf1590be89803ef5bb8f891aa89e1e0b53ae5ccfaceebc462", "os": "linux", "os_features": "", "os_version": null, "size": 65690096, "status": "active", "last_pulled": "2024-01-08T22:13:21.041315Z", "last_pushed": "2021-04-30T15:32:46.671153Z"}], "last_updated": "2021-04-30T15:32:45.839505Z", "last_updater": 5419288, "last_updater_username": "bitwardenrs", "name": "1.21.0", "repository": 7106473, "full_size": 59555858, "v2": true, "tag_status": "active", "tag_last_pulled": "2024-01-16T11:22:31.809605Z", "tag_last_pushed": "2021-04-30T15:32:45.839505Z", "media_type": "application/vnd.docker.distribution.manifest.list.v2+json", "content_type": "image"}, {"creator": 5419288, "id": 143308070, "images": [{"architecture": "amd64", "features": "", "variant": null, "digest": "sha256:a1493e55fdf68a2dfb479f582e5f17c6c710c633c0aa80709471accbc5968da7", "os": "linux", "os_features": "", "os_version": null, "size": 21299892, "status": "active", "last_pulled": "2024-01-16T11:22:31.808144Z", "last_pushed": "2021-03-28T21:57:56.591313Z"}, {"architecture": "arm", "features": "", "variant": "v7", "digest": "sha256:278b087d4a8d36ea575ac0140a8266787427811ff2e73eb3c89cdde2c4c73cc8", "os": "linux", "os_features": "", "os_version": null, "size": 32216601, "status": "active", "last_pulled": "2024-01-08T22:12:46.704862Z", "last_pushed": "2021-03-28T21:57:56.758866Z"}], "last_updated": "2021-03-28T21:57:56.256277Z", "last_updater": 5419288, "last_updater_username": "bitwardenrs", "name": "1.20.0-alpine", "repository": 7106473, "full_size": 21299892, "v2": true, "tag_status": "active", "tag_last_pulled": "2024-01-16T11:22:31.808144Z", "tag_last_pushed": "2021-03-28T21:57:56.256277Z", "media_type": "application/vnd.docker.distribution.manifest.list.v2+json", "content_type": "image"}, {"creator": 5419288, "id": 143306942, "images": [{"architecture": "arm", "features": "", "variant": null, "digest": "sha256:c9fc747ee9a455cbe35496a38e0c59508b531d53257867dc3f36fdb38bccd060", "os": "linux", "os_features": "", "os_version": null, "size": 90748472, "status": "active", "last_pulled": "2024-01-20T08:00:11.130425Z", "last_pushed": "2021-03-28T21:16:02.279576Z"}], "last_updated": "2021-03-28T21:16:01.454958Z", "last_updater": 5419288, "last_updater_username": "bitwardenrs", "name": "1.20.0-arm32v6", "repository": 7106473, "full_size": 90748472, "v2": true, "tag_status": "active", "tag_last_pulled": "2024-01-20T08:00:11.130425Z", "tag_last_pushed": "2021-03-28T21:16:01.454958Z", "media_type": "application/vnd.docker.container.image.v1+json", "content_type": "image"}, {"creator": 5419288, "id": 143306939, "images": [{"architecture": "amd64", "features": "", "variant": null, "digest": "sha256:20dfe5e0abf10febf01510a8a97a639372b933bfcb215b6a3a46fc09246b5f77", "os": "linux", "os_features": "", "os_version": null, "size": 61632131, "status": "active", "last_pulled": "2024-01-20T08:24:07.34849Z", "last_pushed": "2021-03-28T21:15:58.286474Z"}, {"architecture": "arm", "features": "", "variant": "v6", "digest": "sha256:410ba5392e0b3c75c153a09981d219a6bf2091b482a73a0fc821911852b2bf8d", "os": "linux", "os_features": "", "os_version": null, "size": 90748472, "status": "inactive", "last_pulled": "2023-10-06T03:07:55.99192Z", "last_pushed": "2021-03-28T21:15:58.534408Z"}, {"architecture": "arm", "features": "", "variant": "v7", "digest": "sha256:beb239f01a56460d32c36cd91530ae8ac1bcfb4c180d2dea1aa75630426923ad", "os": "linux", "os_features": "", "os_version": null, "size": 66394980, "status": "active", "last_pulled": "2024-01-08T22:12:48.153019Z", "last_pushed": "2021-03-28T21:15:57.99068Z"}, {"architecture": "arm64", "features": "", "variant": null, "digest": "sha256:18e1fbc10974a55df4001f3b61835abfdde62f00d2485e9c6e58be16a43156e7", "os": "linux", "os_features": "", "os_version": null, "size": 72867667, "status": "active", "last_pulled": "2024-01-08T22:12:48.355334Z", "last_pushed": "2021-03-28T21:15:58.749999Z"}], "last_updated": "2021-03-28T21:15:57.232697Z", "last_updater": 5419288, "last_updater_username": "bitwardenrs", "name": "1.20.0", "repository": 7106473, "full_size": 61632131, "v2": true, "tag_status": "active", "tag_last_pulled": "2024-01-20T08:24:07.34849Z", "tag_last_pushed": "2021-03-28T21:15:57.232697Z", "media_type": "application/vnd.docker.distribution.manifest.list.v2+json", "content_type": "image"}, {"creator": 5419288, "id": 136531925, "images": [{"architecture": "amd64", "features": "", "variant": null, "digest": "sha256:8e5d7847a888237ebcf653b6d5fd3b28dc66841adab7f201e6d299162ff6c99b", "os": "linux", "os_features": "", "os_version": null, "size": 21639151, "status": "active", "last_pulled": "2024-01-20T00:52:00.108237Z", "last_pushed": "2021-02-07T06:05:38.650179Z"}, {"architecture": "arm", "features": "", "variant": "v7", "digest": "sha256:ef129de113bec3409b6370c37a6e5573a1dacc051a3aae2a8a3339323ae63623", "os": "linux", "os_features": "", "os_version": null, "size": 31982614, "status": "active", "last_pulled": "2024-01-08T22:12:49.723623Z", "last_pushed": "2021-02-07T06:05:38.421373Z"}], "last_updated": "2021-02-07T06:05:38.015332Z", "last_updater": 5419288, "last_updater_username": "bitwardenrs", "name": "1.19.0-alpine", "repository": 7106473, "full_size": 21639151, "v2": true, "tag_status": "active", "tag_last_pulled": "2024-01-20T00:52:00.108237Z", "tag_last_pushed": "2021-02-07T06:05:38.015332Z", "media_type": "application/vnd.docker.distribution.manifest.list.v2+json", "content_type": "image"}, {"creator": 5419288, "id": 136530547, "images": [{"architecture": "arm", "features": "", "variant": null, "digest": "sha256:b6cab820b677912b59e75305edeedf796b3b1a01c52c1863d30f75404982fc87", "os": "linux", "os_features": "", "os_version": null, "size": 91964142, "status": "active", "last_pulled": "2024-01-20T08:00:11.268243Z", "last_pushed": "2021-02-07T05:21:48.715825Z"}], "last_updated": "2021-02-07T05:21:48.089189Z", "last_updater": 5419288, "last_updater_username": "bitwardenrs", "name": "1.19.0-arm32v6", "repository": 7106473, "full_size": 91964142, "v2": true, "tag_status": "active", "tag_last_pulled": "2024-01-20T08:00:11.268243Z", "tag_last_pushed": "2021-02-07T05:21:48.089189Z", "media_type": "application/vnd.docker.container.image.v1+json", "content_type": "image"}, {"creator": 5419288, "id": 136530544, "images": [{"architecture": "amd64", "features": "", "variant": null, "digest": "sha256:b1e0050de65d5ca0cf232806b5f6cf3aefd27d664d3bb2331ad61ee65f98dd7a", "os": "linux", "os_features": "", "os_version": null, "size": 62609388, "status": "active", "last_pulled": "2024-01-20T04:00:27.212809Z", "last_pushed": "2021-02-07T05:21:45.357664Z"}, {"architecture": "arm64", "features": "", "variant": null, "digest": "sha256:200534287a2b3aff7eee8eaa8be2ba87198c9f0a331ae1f3fbc15e57f6933072", "os": "linux", "os_features": "", "os_version": null, "size": 73693437, "status": "active", "last_pulled": "2024-01-08T22:12:50.253648Z", "last_pushed": "2021-02-07T05:21:45.672789Z"}, {"architecture": "arm", "features": "", "variant": "v6", "digest": "sha256:8694ad0c301dc44a558f7c563b65a09c4ba5e09a689549253f705643c6b9a120", "os": "linux", "os_features": "", "os_version": null, "size": 91964142, "status": "inactive", "last_pulled": "2023-10-06T03:08:44.863413Z", "last_pushed": "2021-02-07T05:21:44.897841Z"}, {"architecture": "arm", "features": "", "variant": "v7", "digest": "sha256:77a08166afa041e55a9d5ef05d3cc3dfe1b1f67c77a056d9e4c8b73d0eca1768", "os": "linux", "os_features": "", "os_version": null, "size": 67148109, "status": "active", "last_pulled": "2024-01-08T22:12:51.156902Z", "last_pushed": "2021-02-07T05:21:45.09245Z"}], "last_updated": "2021-02-07T05:21:44.345219Z", "last_updater": 5419288, "last_updater_username": "bitwardenrs", "name": "1.19.0", "repository": 7106473, "full_size": 62609388, "v2": true, "tag_status": "active", "tag_last_pulled": "2024-01-20T04:00:27.212809Z", "tag_last_pushed": "2021-02-07T05:21:44.345219Z", "media_type": "application/vnd.docker.distribution.manifest.list.v2+json", "content_type": "image"}, {"creator": 5419288, "id": 131522592, "images": [{"architecture": "arm", "features": "", "variant": "v7", "digest": "sha256:ec23a24bbdce88bfcf0f376c9cc8d655f8bb7cc01d495348466967fa3fc6876f", "os": "linux", "os_features": "", "os_version": null, "size": 31779204, "status": "active", "last_pulled": "2024-01-08T22:12:51.811502Z", "last_pushed": "2020-12-29T01:58:03.067875Z"}, {"architecture": "amd64", "features": "", "variant": null, "digest": "sha256:970020a8328231bc9b0b61f55a930c2b4c5da9e6ca24e5a6a5b2dc0edb5d1e6b", "os": "linux", "os_features": "", "os_version": null, "size": 21337124, "status": "active", "last_pulled": "2024-01-16T11:22:31.794366Z", "last_pushed": "2020-12-29T01:58:09.393108Z"}], "last_updated": "2020-12-29T01:58:12.705561Z", "last_updater": 5419288, "last_updater_username": "bitwardenrs", "name": "1.18.0-alpine", "repository": 7106473, "full_size": 21337124, "v2": true, "tag_status": "active", "tag_last_pulled": "2024-01-16T11:22:31.794366Z", "tag_last_pushed": "2020-12-29T01:58:12.705561Z", "media_type": "application/vnd.docker.distribution.manifest.list.v2+json", "content_type": "image"}, {"creator": 5419288, "id": 131517023, "images": [{"architecture": "arm64", "features": "", "variant": "v8", "digest": "sha256:c81987c1cd590b644ddee48717b18b889efc2dd23b99e7d92b1b53615a045f66", "os": "linux", "os_features": "", "os_version": null, "size": 72851789, "status": "active", "last_pulled": "2024-01-08T22:12:52.751083Z", "last_pushed": "2020-12-28T23:39:56.651049Z"}, {"architecture": "arm", "features": "", "variant": "v7", "digest": "sha256:80ad5d840d386c798daa6ae52473b27483ba568370139cc66fedf6e6fcc67536", "os": "linux", "os_features": "", "os_version": null, "size": 65454823, "status": "active", "last_pulled": "2024-01-08T22:12:53.297354Z", "last_pushed": "2020-12-28T23:39:23.729093Z"}, {"architecture": "amd64", "features": "", "variant": null, "digest": "sha256:ce46ac4b799930e5e85792fb64c259963aaec983711fc42a6a9110b9ab5568a0", "os": "linux", "os_features": "", "os_version": null, "size": 61264654, "status": "active", "last_pulled": "2024-01-20T07:45:41.511942Z", "last_pushed": "2020-12-28T23:39:44.362699Z"}, {"architecture": "arm", "features": "", "variant": "v6", "digest": "sha256:1b79d977114335e6f5bd3ac620f9e63c7321dae2aecdc3e8a43d3afea0637bb4", "os": "linux", "os_features": "", "os_version": null, "size": 89772141, "status": "active", "last_pulled": "2024-01-20T08:00:09.636401Z", "last_pushed": "2020-12-28T23:39:57.290506Z"}], "last_updated": "2020-12-28T23:39:59.096597Z", "last_updater": 5419288, "last_updater_username": "bitwardenrs", "name": "1.18.0", "repository": 7106473, "full_size": 61264654, "v2": true, "tag_status": "active", "tag_last_pulled": "2024-01-20T08:00:09.636401Z", "tag_last_pushed": "2020-12-28T23:39:59.096597Z", "media_type": "application/vnd.docker.distribution.manifest.list.v2+json", "content_type": "image"}, {"creator": 5419288, "id": 131517004, "images": [{"architecture": "amd64", "features": "", "variant": null, "digest": "sha256:1b79d977114335e6f5bd3ac620f9e63c7321dae2aecdc3e8a43d3afea0637bb4", "os": "linux", "os_features": "", "os_version": null, "size": 89772141, "status": "active", "last_pulled": "2024-01-20T08:00:09.636401Z", "last_pushed": "2020-12-28T23:39:57.290506Z"}], "last_updated": "2020-12-28T23:39:33.569278Z", "last_updater": 5419288, "last_updater_username": "bitwardenrs", "name": "1.18.0-arm32v6", "repository": 7106473, "full_size": 89772141, "v2": true, "tag_status": "active", "tag_last_pulled": "2024-01-20T08:00:09.636401Z", "tag_last_pushed": "2020-12-28T23:39:33.569278Z", "media_type": "application/vnd.docker.container.image.v1+json", "content_type": "image"}, {"creator": 5419288, "id": 120911846, "images": [{"architecture": "arm", "features": "", "variant": "v7", "digest": "sha256:31c9faa917887a8ea81193ec7ba0cf59b8031c57a27d6cc14a7750da1eee146a", "os": "linux", "os_features": "", "os_version": null, "size": 30969073, "status": "active", "last_pulled": "2024-01-08T22:12:54.302229Z", "last_pushed": "2020-10-11T00:27:33.733283Z"}, {"architecture": "amd64", "features": "", "variant": null, "digest": "sha256:898b75c3cfdc46eb6f41e2add39249a77742cf8afd9dc09bbc7965fe0368aef6", "os": "linux", "os_features": "", "os_version": null, "size": 18390652, "status": "active", "last_pulled": "2024-01-17T11:17:33.927241Z", "last_pushed": "2020-10-11T00:27:38.427842Z"}], "last_updated": "2020-10-11T00:27:39.39778Z", "last_updater": 5419288, "last_updater_username": "bitwardenrs", "name": "1.17.0-alpine", "repository": 7106473, "full_size": 18390652, "v2": true, "tag_status": "active", "tag_last_pulled": "2024-01-17T11:17:33.927241Z", "tag_last_pushed": "2020-10-11T00:27:39.39778Z", "media_type": "application/vnd.docker.distribution.manifest.list.v2+json", "content_type": "image"}, {"creator": 5419288, "id": 120907046, "images": [{"architecture": "arm", "features": "", "variant": "v6", "digest": "sha256:8cc247fd1c5e81ffaf6bdbab73c0e002e8344580521079a487c2c85c99eebdb2", "os": "linux", "os_features": "", "os_version": null, "size": 90081373, "status": "active", "last_pulled": "2024-01-20T08:00:09.71341Z", "last_pushed": "2020-10-10T21:28:15.606815Z"}, {"architecture": "arm", "features": "", "variant": "v7", "digest": "sha256:94bed2b1a678d4370e03bd9808c76bada92330bab7da23031e92ed2d46930316", "os": "linux", "os_features": "", "os_version": null, "size": 64971982, "status": "active", "last_pulled": "2024-01-08T22:12:54.909822Z", "last_pushed": "2020-10-10T21:27:49.505921Z"}, {"architecture": "arm64", "features": "", "variant": "v8", "digest": "sha256:f1d6319c730fc5b9866ddc09d7cbe98361e65f01ed3065ab4aec6d97caaaed06", "os": "linux", "os_features": "", "os_version": null, "size": 71392460, "status": "active", "last_pulled": "2024-01-08T22:12:55.787682Z", "last_pushed": "2020-10-10T21:28:14.792128Z"}, {"architecture": "amd64", "features": "", "variant": null, "digest": "sha256:ed89e52078a02fe4c0d04ef2fcaab8c9f01db05aa29e73d6e41440ec69a50285", "os": "linux", "os_features": "", "os_version": null, "size": 60713459, "status": "active", "last_pulled": "2024-01-19T17:54:44.379017Z", "last_pushed": "2020-10-10T21:28:07.053871Z"}], "last_updated": "2020-10-10T21:28:17.235541Z", "last_updater": 5419288, "last_updater_username": "bitwardenrs", "name": "1.17.0", "repository": 7106473, "full_size": 60713459, "v2": true, "tag_status": "active", "tag_last_pulled": "2024-01-20T08:00:09.71341Z", "tag_last_pushed": "2020-10-10T21:28:17.235541Z", "media_type": "application/vnd.docker.distribution.manifest.list.v2+json", "content_type": "image"}, {"creator": 5419288, "id": 120907029, "images": [{"architecture": "amd64", "features": "", "variant": null, "digest": "sha256:8cc247fd1c5e81ffaf6bdbab73c0e002e8344580521079a487c2c85c99eebdb2", "os": "linux", "os_features": "", "os_version": null, "size": 90081373, "status": "active", "last_pulled": "2024-01-20T08:00:09.71341Z", "last_pushed": "2020-10-10T21:28:15.606815Z"}], "last_updated": "2020-10-10T21:27:57.505109Z", "last_updater": 5419288, "last_updater_username": "bitwardenrs", "name": "1.17.0-arm32v6", "repository": 7106473, "full_size": 90081373, "v2": true, "tag_status": "active", "tag_last_pulled": "2024-01-20T08:00:09.71341Z", "tag_last_pushed": "2020-10-10T21:27:57.505109Z", "media_type": "application/vnd.docker.container.image.v1+json", "content_type": "image"}, {"creator": 5419288, "id": 112507706, "images": [{"architecture": "amd64", "features": "", "variant": null, "digest": "sha256:55ac2a1fbf782960f9fee304d34a865c4158ef9ea432f2cc661ad828159291ac", "os": "linux", "os_features": "", "os_version": null, "size": 18850005, "status": "active", "last_pulled": "2024-01-19T10:23:15.976099Z", "last_pushed": null}], "last_updated": "2020-08-09T03:15:48.734365Z", "last_updater": 5419288, "last_updater_username": "bitwardenrs", "name": "1.16.3-alpine", "repository": 7106473, "full_size": 18850005, "v2": true, "tag_status": "active", "tag_last_pulled": "2024-01-19T10:23:15.976099Z", "tag_last_pushed": "2020-08-09T03:15:48.734365Z", "media_type": "application/vnd.docker.distribution.manifest.list.v2+json", "content_type": "image"}, {"creator": 5419288, "id": 112505698, "images": [{"architecture": "arm64", "features": "", "variant": "v8", "digest": "sha256:33ce55878db536d6cb8eb9badcf784b4c5fba4a34b0381f6c7687ca7633498e8", "os": "linux", "os_features": "", "os_version": null, "size": 60435420, "status": "active", "last_pulled": "2024-01-08T22:12:56.471135Z", "last_pushed": null}, {"architecture": "arm", "features": "", "variant": "v6", "digest": "sha256:10a4631f022f55325d6ea97005ce8a42ee23ccab27bc4d981b0fd4ee2cc7e792", "os": "linux", "os_features": "", "os_version": null, "size": 79209754, "status": "active", "last_pulled": "2024-01-20T08:00:11.42412Z", "last_pushed": null}, {"architecture": "amd64", "features": "", "variant": null, "digest": "sha256:456264d7c03415b94878d211346191b0fab162b6006d3e2d1f6063d34c043f61", "os": "linux", "os_features": "", "os_version": null, "size": 48761442, "status": "active", "last_pulled": "2024-01-19T17:12:28.763421Z", "last_pushed": null}, {"architecture": "arm", "features": "", "variant": "v7", "digest": "sha256:09f71fc05ffb312d38b35498fc1f71007ecd47bf0c145d3259918cf218d8be0a", "os": "linux", "os_features": "", "os_version": null, "size": 55077890, "status": "active", "last_pulled": "2024-01-08T22:12:57.701444Z", "last_pushed": null}], "last_updated": "2020-08-09T01:44:35.249374Z", "last_updater": 5419288, "last_updater_username": "bitwardenrs", "name": "1.16.3", "repository": 7106473, "full_size": 48761442, "v2": true, "tag_status": "active", "tag_last_pulled": "2024-01-20T08:00:11.42412Z", "tag_last_pushed": "2020-08-09T01:44:35.249374Z", "media_type": "application/vnd.docker.distribution.manifest.list.v2+json", "content_type": "image"}, {"creator": 5419288, "id": 112505692, "images": [{"architecture": "amd64", "features": "", "variant": null, "digest": "sha256:10a4631f022f55325d6ea97005ce8a42ee23ccab27bc4d981b0fd4ee2cc7e792", "os": "linux", "os_features": "", "os_version": null, "size": 79209754, "status": "active", "last_pulled": "2024-01-20T08:00:11.42412Z", "last_pushed": null}], "last_updated": "2020-08-09T01:44:20.269836Z", "last_updater": 5419288, "last_updater_username": "bitwardenrs", "name": "1.16.3-arm32v6", "repository": 7106473, "full_size": 79209754, "v2": true, "tag_status": "active", "tag_last_pulled": "2024-01-20T08:00:11.42412Z", "tag_last_pushed": "2020-08-09T01:44:20.269836Z", "media_type": "application/vnd.docker.container.image.v1+json", "content_type": "image"}, {"creator": 5419288, "id": 112246466, "images": [{"architecture": "amd64", "features": "", "variant": null, "digest": "sha256:71018e91648ea7ae350995f9ae82fef29f049ca689a5bfc2ea61973f886883e7", "os": "linux", "os_features": "", "os_version": null, "size": 48760317, "status": "active", "last_pulled": "2024-01-16T11:22:31.949846Z", "last_pushed": null}, {"architecture": "arm", "features": "", "variant": "v7", "digest": "sha256:7fa49718260b642379b226c5eb417aff8ab37dc8724ba5d25babeb334ec706b1", "os": "linux", "os_features": "", "os_version": null, "size": 55075559, "status": "active", "last_pulled": "2024-01-08T22:12:59.004359Z", "last_pushed": null}, {"architecture": "arm", "features": "", "variant": "v6", "digest": "sha256:25658490d791f6b7b696aafe3b4e30c5d3559e1a245accd1a2f67b1401ab6b58", "os": "linux", "os_features": "", "os_version": null, "size": 79207617, "status": "active", "last_pulled": "2024-01-20T08:00:11.047789Z", "last_pushed": null}, {"architecture": "arm64", "features": "", "variant": "v8", "digest": "sha256:c906c6a1f237866100570256a7fe15e894b18529f8de60cdf83f9e5fa0669538", "os": "linux", "os_features": "", "os_version": null, "size": 60430194, "status": "active", "last_pulled": "2024-01-08T22:12:59.47633Z", "last_pushed": null}], "last_updated": "2020-08-06T19:45:22.457302Z", "last_updater": 5419288, "last_updater_username": "bitwardenrs", "name": "1.16.2", "repository": 7106473, "full_size": 48760317, "v2": true, "tag_status": "active", "tag_last_pulled": "2024-01-20T08:00:11.047789Z", "tag_last_pushed": "2020-08-06T19:45:22.457302Z", "media_type": "application/vnd.docker.distribution.manifest.list.v2+json", "content_type": "image"}, {"creator": 5419288, "id": 112246434, "images": [{"architecture": "amd64", "features": "", "variant": null, "digest": "sha256:25658490d791f6b7b696aafe3b4e30c5d3559e1a245accd1a2f67b1401ab6b58", "os": "linux", "os_features": "", "os_version": null, "size": 79207617, "status": "active", "last_pulled": "2024-01-20T08:00:11.047789Z", "last_pushed": null}], "last_updated": "2020-08-06T19:45:07.579379Z", "last_updater": 5419288, "last_updater_username": "bitwardenrs", "name": "1.16.2-arm32v6", "repository": 7106473, "full_size": 79207617, "v2": true, "tag_status": "active", "tag_last_pulled": "2024-01-20T08:00:11.047789Z", "tag_last_pushed": "2020-08-06T19:45:07.579379Z", "media_type": "application/vnd.docker.container.image.v1+json", "content_type": "image"}, {"creator": 5419288, "id": 112227085, "images": [{"architecture": "amd64", "features": "", "variant": null, "digest": "sha256:7743f9a9fc4f4256d444470bb0e7245d51b02bd8987a08930ab4ca988365a012", "os": "linux", "os_features": "", "os_version": null, "size": 18848457, "status": "active", "last_pulled": "2024-01-16T11:22:31.987224Z", "last_pushed": null}], "last_updated": "2020-08-06T17:32:30.566837Z", "last_updater": 5419288, "last_updater_username": "bitwardenrs", "name": "1.16.2-alpine", "repository": 7106473, "full_size": 18848457, "v2": true, "tag_status": "active", "tag_last_pulled": "2024-01-16T11:22:31.987224Z", "tag_last_pushed": "2020-08-06T17:32:30.566837Z", "media_type": "application/vnd.docker.distribution.manifest.list.v2+json", "content_type": "image"}, {"creator": 5419288, "id": 110442685, "images": [{"architecture": "amd64", "features": "", "variant": null, "digest": "sha256:9cd91976f13b126958e54fc74c2a4ee91642b50dae7776fe606f89fc09cbff4d", "os": "linux", "os_features": "", "os_version": null, "size": 18838015, "status": "active", "last_pulled": "2024-01-16T11:22:31.901314Z", "last_pushed": null}], "last_updated": "2020-07-26T15:51:21.335196Z", "last_updater": 5419288, "last_updater_username": "bitwardenrs", "name": "1.16.1-alpine", "repository": 7106473, "full_size": 18838015, "v2": true, "tag_status": "active", "tag_last_pulled": "2024-01-16T11:22:31.901314Z", "tag_last_pushed": "2020-07-26T15:51:21.335196Z", "media_type": "application/vnd.docker.distribution.manifest.list.v2+json", "content_type": "image"}, {"creator": 5419288, "id": 110441170, "images": [{"architecture": "arm64", "features": "", "variant": "v8", "digest": "sha256:9c5739575d08add8b6306a573589e4428faaa3ee51db11d3da6898fadc7a4786", "os": "linux", "os_features": "", "os_version": null, "size": 60430068, "status": "active", "last_pulled": "2024-01-08T22:13:00.646241Z", "last_pushed": null}, {"architecture": "amd64", "features": "", "variant": null, "digest": "sha256:255014d11f35e36c1d38ccaa67e7af25356554c4c331c0a6c52747048fc2bfee", "os": "linux", "os_features": "", "os_version": null, "size": 48759878, "status": "active", "last_pulled": "2024-01-16T11:22:31.897305Z", "last_pushed": null}, {"architecture": "arm", "features": "", "variant": "v7", "digest": "sha256:099da0ae190ef815acc43cf43b93d5d1d4010b07fe63cf7f2b87cdd431e1548a", "os": "linux", "os_features": "", "os_version": null, "size": 55074296, "status": "active", "last_pulled": "2024-01-08T22:13:01.557544Z", "last_pushed": null}, {"architecture": "arm", "features": "", "variant": "v6", "digest": "sha256:8da70df204e9be62dfaf05ee8a91d131815a03d7e644e17413a5895388802fae", "os": "linux", "os_features": "", "os_version": null, "size": 79147763, "status": "active", "last_pulled": "2024-01-20T08:00:11.861844Z", "last_pushed": null}], "last_updated": "2020-07-26T15:18:01.279254Z", "last_updater": 5419288, "last_updater_username": "bitwardenrs", "name": "1.16.1", "repository": 7106473, "full_size": 48759878, "v2": true, "tag_status": "active", "tag_last_pulled": "2024-01-20T08:00:11.861844Z", "tag_last_pushed": "2020-07-26T15:18:01.279254Z", "media_type": "application/vnd.docker.distribution.manifest.list.v2+json", "content_type": "image"}, {"creator": 5419288, "id": 110441156, "images": [{"architecture": "amd64", "features": "", "variant": null, "digest": "sha256:8da70df204e9be62dfaf05ee8a91d131815a03d7e644e17413a5895388802fae", "os": "linux", "os_features": "", "os_version": null, "size": 79147763, "status": "active", "last_pulled": "2024-01-20T08:00:11.861844Z", "last_pushed": null}], "last_updated": "2020-07-26T15:17:46.958334Z", "last_updater": 5419288, "last_updater_username": "bitwardenrs", "name": "1.16.1-arm32v6", "repository": 7106473, "full_size": 79147763, "v2": true, "tag_status": "active", "tag_last_pulled": "2024-01-20T08:00:11.861844Z", "tag_last_pushed": "2020-07-26T15:17:46.958334Z", "media_type": "application/vnd.docker.container.image.v1+json", "content_type": "image"}, {"creator": 5419288, "id": 109789549, "images": [{"architecture": "amd64", "features": "", "variant": null, "digest": "sha256:dfce9340c34beec686fd35a491eb1b24a178371d39139f6db36a75c2b11e76f3", "os": "linux", "os_features": "", "os_version": null, "size": 18835063, "status": "active", "last_pulled": "2024-01-16T11:22:31.879068Z", "last_pushed": null}], "last_updated": "2020-07-21T22:17:05.644367Z", "last_updater": 5419288, "last_updater_username": "bitwardenrs", "name": "1.16.0-alpine", "repository": 7106473, "full_size": 18835063, "v2": true, "tag_status": "active", "tag_last_pulled": "2024-01-16T11:22:31.879068Z", "tag_last_pushed": "2020-07-21T22:17:05.644367Z", "media_type": "application/vnd.docker.distribution.manifest.list.v2+json", "content_type": "image"}, {"creator": 5419288, "id": 109781409, "images": [{"architecture": "arm64", "features": "", "variant": "v8", "digest": "sha256:ae37276f9447ec56239be3ab8fbbed4de8d324ac56038357c331e1aa1c788514", "os": "linux", "os_features": "", "os_version": null, "size": 60437714, "status": "active", "last_pulled": "2024-01-08T22:13:02.476522Z", "last_pushed": null}, {"architecture": "arm", "features": "", "variant": "v6", "digest": "sha256:f654605a7a79a43bcac2f3c75749f627ba1cc418624523c12cedd0da20506dfa", "os": "linux", "os_features": "", "os_version": null, "size": 79153781, "status": "inactive", "last_pulled": "2023-10-06T03:13:47.084423Z", "last_pushed": null}, {"architecture": "arm", "features": "", "variant": "v7", "digest": "sha256:751c30f2111bff29033255c8621ffa5426cf584c20a943e2acd9bfde8b6786c2", "os": "linux", "os_features": "", "os_version": null, "size": 55080416, "status": "active", "last_pulled": "2024-01-08T22:13:03.599214Z", "last_pushed": null}, {"architecture": "amd64", "features": "", "variant": null, "digest": "sha256:45cf35e5aa860735649529d39bd572a9d4f5e8abfab16fe3a48c9e85cb6498cc", "os": "linux", "os_features": "", "os_version": null, "size": 48755351, "status": "active", "last_pulled": "2024-01-16T11:22:31.947367Z", "last_pushed": null}], "last_updated": "2020-07-21T21:16:50.006212Z", "last_updater": 5419288, "last_updater_username": "bitwardenrs", "name": "1.16.0", "repository": 7106473, "full_size": 48755351, "v2": true, "tag_status": "active", "tag_last_pulled": "2024-01-16T11:22:31.947367Z", "tag_last_pushed": "2020-07-21T21:16:50.006212Z", "media_type": "application/vnd.docker.distribution.manifest.list.v2+json", "content_type": "image"}, {"creator": 5419288, "id": 103906832, "images": [{"architecture": "amd64", "features": "", "variant": null, "digest": "sha256:24ea9338ac2f034fea908ec704b937b038f55310f7433a11d018605170da769a", "os": "linux", "os_features": "", "os_version": null, "size": 79212679, "status": "active", "last_pulled": "2024-01-20T08:00:12.044012Z", "last_pushed": null}], "last_updated": "2020-06-08T01:17:19.778104Z", "last_updater": 5419288, "last_updater_username": "bitwardenrs", "name": "1.15.1-armv6", "repository": 7106473, "full_size": 79212679, "v2": true, "tag_status": "active", "tag_last_pulled": "2024-01-20T08:00:12.044012Z", "tag_last_pushed": "2020-06-08T01:17:19.778104Z", "media_type": "application/vnd.docker.container.image.v1+json", "content_type": "image"}, {"creator": 5419288, "id": 103902040, "images": [{"architecture": "amd64", "features": "", "variant": null, "digest": "sha256:acdd4aa457af81b548719fc503214c90555394dd683867eda4df6bb3868873d0", "os": "linux", "os_features": "", "os_version": null, "size": 48183652, "status": "active", "last_pulled": "2024-01-20T08:00:12.204346Z", "last_pushed": null}], "last_updated": "2020-06-08T00:07:23.463676Z", "last_updater": 5419288, "last_updater_username": "bitwardenrs", "name": "1.15.1", "repository": 7106473, "full_size": 48183652, "v2": true, "tag_status": "active", "tag_last_pulled": "2024-01-20T08:00:12.204346Z", "tag_last_pushed": "2020-06-08T00:07:23.463676Z", "media_type": "application/vnd.docker.container.image.v1+json", "content_type": "image"}, {"creator": 5419288, "id": 103901183, "images": [{"architecture": "amd64", "features": "", "variant": null, "digest": "sha256:47d6ed9b556982cfee6b26bcb93b05b1357113fec4561913a46be39e814ce6f8", "os": "linux", "os_features": "", "os_version": null, "size": 18426727, "status": "active", "last_pulled": "2024-01-20T08:00:12.223879Z", "last_pushed": null}], "last_updated": "2020-06-07T23:39:16.491806Z", "last_updater": 5419288, "last_updater_username": "bitwardenrs", "name": "1.15.1-alpine", "repository": 7106473, "full_size": 18426727, "v2": true, "tag_status": "active", "tag_last_pulled": "2024-01-20T08:00:12.223879Z", "tag_last_pushed": "2020-06-07T23:39:16.491806Z", "media_type": "application/vnd.docker.container.image.v1+json", "content_type": "image"}, {"creator": 5419288, "id": 103899422, "images": [{"architecture": "amd64", "features": "", "variant": null, "digest": "sha256:e397c98222fc955b6903edfb7ca1b674f760b2b5b91030f76bf03ce02d57a603", "os": "linux", "os_features": "", "os_version": null, "size": 55142553, "status": "active", "last_pulled": "2024-01-20T08:00:11.722234Z", "last_pushed": null}], "last_updated": "2020-06-07T22:39:21.417526Z", "last_updater": 5419288, "last_updater_username": "bitwardenrs", "name": "1.15.1-raspberry", "repository": 7106473, "full_size": 55142553, "v2": true, "tag_status": "active", "tag_last_pulled": "2024-01-20T08:00:11.722234Z", "tag_last_pushed": "2020-06-07T22:39:21.417526Z", "media_type": "application/vnd.docker.container.image.v1+json", "content_type": "image"}, {"creator": 5419288, "id": 103898137, "images": [{"architecture": "amd64", "features": "", "variant": null, "digest": "sha256:f80787798b603ae532f5c32b18a8d96f85d99f400a6e7cee1f646060169b80ce", "os": "linux", "os_features": "", "os_version": null, "size": 60323816, "status": "active", "last_pulled": "2024-01-20T08:00:10.444832Z", "last_pushed": null}], "last_updated": "2020-06-07T21:57:44.992667Z", "last_updater": 5419288, "last_updater_username": "bitwardenrs", "name": "1.15.1-aarch64", "repository": 7106473, "full_size": 60323816, "v2": true, "tag_status": "active", "tag_last_pulled": "2024-01-20T08:00:10.444832Z", "tag_last_pushed": "2020-06-07T21:57:44.992667Z", "media_type": "application/vnd.docker.container.image.v1+json", "content_type": "image"}, {"creator": 5419288, "id": 103055654, "images": [{"architecture": "amd64", "features": "", "variant": null, "digest": "sha256:0046d284be00b2f31fd2594ef409aec2f12f61f439c8d73e8d3bf6fd57c28833", "os": "linux", "os_features": "", "os_version": null, "size": 79839916, "status": "active", "last_pulled": "2024-01-20T08:00:11.081034Z", "last_pushed": null}], "last_updated": "2020-06-02T17:17:01.197652Z", "last_updater": 5419288, "last_updater_username": "bitwardenrs", "name": "1.15.0-armv6", "repository": 7106473, "full_size": 79839916, "v2": true, "tag_status": "active", "tag_last_pulled": "2024-01-20T08:00:11.081034Z", "tag_last_pushed": "2020-06-02T17:17:01.197652Z", "media_type": "application/vnd.docker.container.image.v1+json", "content_type": "image"}, {"creator": 5419288, "id": 103039916, "images": [{"architecture": "amd64", "features": "", "variant": null, "digest": "sha256:2a80283153f7c427ddae71cdd5a289186da660f85727e0de9a1b822f6b34c042", "os": "linux", "os_features": "", "os_version": null, "size": 54640497, "status": "active", "last_pulled": "2024-01-20T08:00:12.244221Z", "last_pushed": null}], "last_updated": "2020-06-02T15:40:37.644744Z", "last_updater": 5419288, "last_updater_username": "bitwardenrs", "name": "1.15.0-raspberry", "repository": 7106473, "full_size": 54640497, "v2": true, "tag_status": "active", "tag_last_pulled": "2024-01-20T08:00:12.244221Z", "tag_last_pushed": "2020-06-02T15:40:37.644744Z", "media_type": "application/vnd.docker.container.image.v1+json", "content_type": "image"}, {"creator": 5419288, "id": 103033176, "images": [{"architecture": "amd64", "features": "", "variant": null, "digest": "sha256:2b9d102364729a127b03bea642082a37399aff61832ef62a1d67180b138405fd", "os": "linux", "os_features": "", "os_version": null, "size": 59830489, "status": "active", "last_pulled": "2024-01-20T08:00:11.257841Z", "last_pushed": null}], "last_updated": "2020-06-02T15:01:04.048466Z", "last_updater": 5419288, "last_updater_username": "bitwardenrs", "name": "1.15.0-aarch64", "repository": 7106473, "full_size": 59830489, "v2": true, "tag_status": "active", "tag_last_pulled": "2024-01-20T08:00:11.257841Z", "tag_last_pushed": "2020-06-02T15:01:04.048466Z", "media_type": "application/vnd.docker.container.image.v1+json", "content_type": "image"}, {"creator": 5419288, "id": 103026600, "images": [{"architecture": "amd64", "features": "", "variant": null, "digest": "sha256:659eae7fc79af7126737625e766fa33b175a6c3e8c414d693f0a39c0b1ea2728", "os": "linux", "os_features": "", "os_version": null, "size": 18423290, "status": "active", "last_pulled": "2024-01-20T08:00:11.072705Z", "last_pushed": null}], "last_updated": "2020-06-02T14:22:02.560882Z", "last_updater": 5419288, "last_updater_username": "bitwardenrs", "name": "1.15.0-alpine", "repository": 7106473, "full_size": 18423290, "v2": true, "tag_status": "active", "tag_last_pulled": "2024-01-20T08:00:11.072705Z", "tag_last_pushed": "2020-06-02T14:22:02.560882Z", "media_type": "application/vnd.docker.container.image.v1+json", "content_type": "image"}, {"creator": 5419288, "id": 103020586, "images": [{"architecture": "amd64", "features": "", "variant": null, "digest": "sha256:492449f054bfaf30d6fe3144ad88de70dc197e65a29743fb1a12f357188e55fa", "os": "linux", "os_features": "", "os_version": null, "size": 48176606, "status": "active", "last_pulled": "2024-01-20T08:00:12.492559Z", "last_pushed": null}], "last_updated": "2020-06-02T13:47:47.034664Z", "last_updater": 5419288, "last_updater_username": "bitwardenrs", "name": "1.15.0", "repository": 7106473, "full_size": 48176606, "v2": true, "tag_status": "active", "tag_last_pulled": "2024-01-20T08:00:12.492559Z", "tag_last_pushed": "2020-06-02T13:47:47.034664Z", "media_type": "application/vnd.docker.container.image.v1+json", "content_type": "image"}, {"creator": 5419288, "id": 95198243, "images": [{"architecture": "amd64", "features": "", "variant": null, "digest": "sha256:51151806ead01e08ffea29d3d64769fd25e68690a459ac718ed1b2ef6ce33afb", "os": "linux", "os_features": "", "os_version": null, "size": 18322508, "status": "active", "last_pulled": "2024-01-20T08:00:12.98046Z", "last_pushed": null}], "last_updated": "2020-04-12T19:18:03.617575Z", "last_updater": 5419288, "last_updater_username": "bitwardenrs", "name": "1.14.2-alpine", "repository": 7106473, "full_size": 18322508, "v2": true, "tag_status": "active", "tag_last_pulled": "2024-01-20T08:00:12.98046Z", "tag_last_pushed": "2020-04-12T19:18:03.617575Z", "media_type": "application/vnd.docker.container.image.v1+json", "content_type": "image"}, {"creator": 5419288, "id": 95192572, "images": [{"architecture": "amd64", "features": "", "variant": null, "digest": "sha256:0bb0f07be6d4727e81f19ab4a8360ef5334d2bc918e0e1e9b4e5ce2e0167c145", "os": "linux", "os_features": "", "os_version": null, "size": 47882090, "status": "active", "last_pulled": "2024-01-20T08:00:11.567876Z", "last_pushed": null}], "last_updated": "2020-04-12T16:23:37.291699Z", "last_updater": 5419288, "last_updater_username": "bitwardenrs", "name": "1.14.2", "repository": 7106473, "full_size": 47882090, "v2": true, "tag_status": "active", "tag_last_pulled": "2024-01-20T08:00:11.567876Z", "tag_last_pushed": "2020-04-12T16:23:37.291699Z", "media_type": "application/vnd.docker.container.image.v1+json", "content_type": "image"}, {"creator": 5419288, "id": 95189848, "images": [{"architecture": "amd64", "features": "", "variant": null, "digest": "sha256:827548ce01db17a50d7fda2895bb311bca268757396bd60c221e3391613e5b49", "os": "linux", "os_features": "", "os_version": null, "size": 54084321, "status": "active", "last_pulled": "2024-01-20T08:00:11.499103Z", "last_pushed": null}], "last_updated": "2020-04-12T15:00:22.626644Z", "last_updater": 5419288, "last_updater_username": "bitwardenrs", "name": "1.14.2-raspberry", "repository": 7106473, "full_size": 54084321, "v2": true, "tag_status": "active", "tag_last_pulled": "2024-01-20T08:00:11.499103Z", "tag_last_pushed": "2020-04-12T15:00:22.626644Z", "media_type": "application/vnd.docker.container.image.v1+json", "content_type": "image"}, {"creator": 5419288, "id": 95185421, "images": [{"architecture": "amd64", "features": "", "variant": null, "digest": "sha256:362ce4ca7b8fa8c00304330d47b08bb1e2d385391897d43f84f8a4548e1d3ad9", "os": "linux", "os_features": "", "os_version": null, "size": 79235958, "status": "active", "last_pulled": "2024-01-20T08:00:11.479265Z", "last_pushed": null}], "last_updated": "2020-04-12T13:04:30.940873Z", "last_updater": 5419288, "last_updater_username": "bitwardenrs", "name": "1.14.2-armv6", "repository": 7106473, "full_size": 79235958, "v2": true, "tag_status": "active", "tag_last_pulled": "2024-01-20T08:00:11.479265Z", "tag_last_pushed": "2020-04-12T13:04:30.940873Z", "media_type": "application/vnd.docker.container.image.v1+json", "content_type": "image"}, {"creator": 5419288, "id": 95182532, "images": [{"architecture": "amd64", "features": "", "variant": null, "digest": "sha256:81dfc74509904f2416b2e77b5d97f34738ab376acf08625f6e36d84a8509916d", "os": "linux", "os_features": "", "os_version": null, "size": 59348366, "status": "active", "last_pulled": "2024-01-20T08:00:11.541037Z", "last_pushed": null}], "last_updated": "2020-04-12T11:08:57.365768Z", "last_updater": 5419288, "last_updater_username": "bitwardenrs", "name": "1.14.2-aarch64", "repository": 7106473, "full_size": 59348366, "v2": true, "tag_status": "active", "tag_last_pulled": "2024-01-20T08:00:11.541037Z", "tag_last_pushed": "2020-04-12T11:08:57.365768Z", "media_type": "application/vnd.docker.container.image.v1+json", "content_type": "image"}, {"creator": 5419288, "id": 91746829, "images": [{"architecture": "amd64", "features": "", "variant": null, "digest": "sha256:55039911363713f70ba6c89b0dcd0d41c337e7587c86f32eb268d62814692773", "os": "linux", "os_features": "", "os_version": null, "size": 19991001, "status": "active", "last_pulled": "2024-01-20T08:00:11.682322Z", "last_pushed": null}], "last_updated": "2020-03-22T17:15:17.232471Z", "last_updater": 5419288, "last_updater_username": "bitwardenrs", "name": "1.14.1-alpine", "repository": 7106473, "full_size": 19991001, "v2": true, "tag_status": "active", "tag_last_pulled": "2024-01-20T08:00:11.682322Z", "tag_last_pushed": "2020-03-22T17:15:17.232471Z", "media_type": "application/vnd.docker.container.image.v1+json", "content_type": "image"}, {"creator": 5419288, "id": 91742689, "images": [{"architecture": "amd64", "features": "", "variant": null, "digest": "sha256:169494291cee513ae359dd94cdb5b3e184b2eaa3f8582773be85be0425fbcfaa", "os": "linux", "os_features": "", "os_version": null, "size": 54060254, "status": "active", "last_pulled": "2024-01-20T08:00:12.819813Z", "last_pushed": null}], "last_updated": "2020-03-22T14:19:13.74035Z", "last_updater": 5419288, "last_updater_username": "bitwardenrs", "name": "1.14.1-raspberry", "repository": 7106473, "full_size": 54060254, "v2": true, "tag_status": "active", "tag_last_pulled": "2024-01-20T08:00:12.819813Z", "tag_last_pushed": "2020-03-22T14:19:13.74035Z", "media_type": "application/vnd.docker.container.image.v1+json", "content_type": "image"}, {"creator": 5419288, "id": 91737331, "images": [{"architecture": "amd64", "features": "", "variant": null, "digest": "sha256:04a7782e2f9df0de20368de6dc9b977645fa190e3a25923b6a9e7554b433aa7e", "os": "linux", "os_features": "", "os_version": null, "size": 59343511, "status": "active", "last_pulled": "2024-01-20T08:00:13.17468Z", "last_pushed": null}], "last_updated": "2020-03-22T12:17:16.604925Z", "last_updater": 5419288, "last_updater_username": "bitwardenrs", "name": "1.14.1-aarch64", "repository": 7106473, "full_size": 59343511, "v2": true, "tag_status": "active", "tag_last_pulled": "2024-01-20T08:00:13.17468Z", "tag_last_pushed": "2020-03-22T12:17:16.604925Z", "media_type": "application/vnd.docker.container.image.v1+json", "content_type": "image"}, {"creator": 5419288, "id": 91731913, "images": [{"architecture": "amd64", "features": "", "variant": null, "digest": "sha256:077a924cbddc5e90f919600b2d92910af4fcb37ddaf753aa9c8bd753e25f233d", "os": "linux", "os_features": "", "os_version": null, "size": 47889030, "status": "active", "last_pulled": "2024-01-20T08:00:13.537922Z", "last_pushed": null}], "last_updated": "2020-03-22T08:56:12.63312Z", "last_updater": 5419288, "last_updater_username": "bitwardenrs", "name": "1.14.1", "repository": 7106473, "full_size": 47889030, "v2": true, "tag_status": "active", "tag_last_pulled": "2024-01-20T08:00:13.537922Z", "tag_last_pushed": "2020-03-22T08:56:12.63312Z", "media_type": "application/vnd.docker.container.image.v1+json", "content_type": "image"}, {"creator": 5419288, "id": 91729322, "images": [{"architecture": "amd64", "features": "", "variant": null, "digest": "sha256:d9579fe69b515a52f1fe330e2156e99b25bc6d998777a8f293401ca6dd3dca5c", "os": "linux", "os_features": "", "os_version": null, "size": 79187803, "status": "active", "last_pulled": "2024-01-20T08:00:13.079763Z", "last_pushed": null}], "last_updated": "2020-03-22T07:31:36.635653Z", "last_updater": 5419288, "last_updater_username": "bitwardenrs", "name": "1.14.1-armv6", "repository": 7106473, "full_size": 79187803, "v2": true, "tag_status": "active", "tag_last_pulled": "2024-01-20T08:00:13.079763Z", "tag_last_pushed": "2020-03-22T07:31:36.635653Z", "media_type": "application/vnd.docker.container.image.v1+json", "content_type": "image"}, {"creator": 5419288, "id": 90646639, "images": [{"architecture": "amd64", "features": "", "variant": null, "digest": "sha256:8950f56d1989a9df55468a99c9a9ad57dcdeffebe1dfa6510be5ab42e7b1487e", "os": "linux", "os_features": "", "os_version": null, "size": 79105225, "status": "active", "last_pulled": "2024-01-20T08:00:12.75143Z", "last_pushed": null}], "last_updated": "2020-03-14T03:35:21.511372Z", "last_updater": 5419288, "last_updater_username": "bitwardenrs", "name": "1.14-armv6", "repository": 7106473, "full_size": 79105225, "v2": true, "tag_status": "active", "tag_last_pulled": "2024-01-20T08:00:12.75143Z", "tag_last_pushed": "2020-03-14T03:35:21.511372Z", "media_type": "application/vnd.docker.container.image.v1+json", "content_type": "image"}, {"creator": 5419288, "id": 90628509, "images": [{"architecture": "amd64", "features": "", "variant": null, "digest": "sha256:33563bccaefd989ca96a4913e01aba93c7ed576520023b965c80dd9a92d73036", "os": "linux", "os_features": "", "os_version": null, "size": 59278116, "status": "active", "last_pulled": "2024-01-20T08:00:11.98242Z", "last_pushed": null}], "last_updated": "2020-03-14T00:19:00.551679Z", "last_updater": 5419288, "last_updater_username": "bitwardenrs", "name": "1.14-aarch64", "repository": 7106473, "full_size": 59278116, "v2": true, "tag_status": "active", "tag_last_pulled": "2024-01-20T08:00:11.98242Z", "tag_last_pushed": "2020-03-14T00:19:00.551679Z", "media_type": "application/vnd.docker.container.image.v1+json", "content_type": "image"}, {"creator": 5419288, "id": 90612976, "images": [{"architecture": "amd64", "features": "", "variant": null, "digest": "sha256:091351242ea73fc4a822cc7af79dfa4d353621bbdcf1c3a5cea448bf363dafad", "os": "linux", "os_features": "", "os_version": null, "size": 19931312, "status": "active", "last_pulled": "2024-01-20T08:00:14.324664Z", "last_pushed": null}], "last_updated": "2020-03-13T22:23:09.619088Z", "last_updater": 5419288, "last_updater_username": "bitwardenrs", "name": "1.14-alpine", "repository": 7106473, "full_size": 19931312, "v2": true, "tag_status": "active", "tag_last_pulled": "2024-01-20T08:00:14.324664Z", "tag_last_pushed": "2020-03-13T22:23:09.619088Z", "media_type": "application/vnd.docker.container.image.v1+json", "content_type": "image"}, {"creator": 5419288, "id": 90600000, "images": [{"architecture": "amd64", "features": "", "variant": null, "digest": "sha256:69eb891f3a557fb74b0d45f76de0f2b0a4ca14e634ee72854d2b271251044ace", "os": "linux", "os_features": "", "os_version": null, "size": 53968578, "status": "active", "last_pulled": "2024-01-20T08:00:12.967391Z", "last_pushed": null}], "last_updated": "2020-03-13T20:54:45.646754Z", "last_updater": 5419288, "last_updater_username": "bitwardenrs", "name": "1.14-raspberry", "repository": 7106473, "full_size": 53968578, "v2": true, "tag_status": "active", "tag_last_pulled": "2024-01-20T08:00:12.967391Z", "tag_last_pushed": "2020-03-13T20:54:45.646754Z", "media_type": "application/vnd.docker.container.image.v1+json", "content_type": "image"}, {"creator": 5419288, "id": 90566290, "images": [{"architecture": "amd64", "features": "", "variant": null, "digest": "sha256:c239d4984e9561ec4f39380672bf3f63365d2034ec0029b46b02782d3858ec37", "os": "linux", "os_features": "", "os_version": null, "size": 47814699, "status": "active", "last_pulled": "2024-01-20T08:00:12.097863Z", "last_pushed": null}], "last_updated": "2020-03-13T17:35:40.362944Z", "last_updater": 5419288, "last_updater_username": "bitwardenrs", "name": "1.14", "repository": 7106473, "full_size": 47814699, "v2": true, "tag_status": "active", "tag_last_pulled": "2024-01-20T08:00:12.097863Z", "tag_last_pushed": "2020-03-13T17:35:40.362944Z", "media_type": "application/vnd.docker.container.image.v1+json", "content_type": "image"}, {"creator": 5419288, "id": 81599940, "images": [{"architecture": "amd64", "features": "", "variant": null, "digest": "sha256:8493b17c652255a525e66eb191588c18464f2ed1985aa3e2912f8ff0e6a97b01", "os": "linux", "os_features": "", "os_version": null, "size": 78779155, "status": "active", "last_pulled": "2024-01-20T08:00:13.468617Z", "last_pushed": null}], "last_updated": "2020-01-06T07:45:01.026128Z", "last_updater": 5419288, "last_updater_username": "bitwardenrs", "name": "1.13.1-armv6", "repository": 7106473, "full_size": 78779155, "v2": true, "tag_status": "active", "tag_last_pulled": "2024-01-20T08:00:13.468617Z", "tag_last_pushed": "2020-01-06T07:45:01.026128Z", "media_type": "application/vnd.docker.container.image.v1+json", "content_type": "image"}, {"creator": 5419288, "id": 81589540, "images": [{"architecture": "amd64", "features": "", "variant": null, "digest": "sha256:d744704184c1c7b7d283d9d282057638de0839ff53f80720a542f4c1e72fd890", "os": "linux", "os_features": "", "os_version": null, "size": 20111864, "status": "active", "last_pulled": "2024-01-20T08:00:12.20242Z", "last_pushed": null}], "last_updated": "2020-01-06T04:47:19.425372Z", "last_updater": 5419288, "last_updater_username": "bitwardenrs", "name": "1.13.1-alpine", "repository": 7106473, "full_size": 20111864, "v2": true, "tag_status": "active", "tag_last_pulled": "2024-01-20T08:00:12.20242Z", "tag_last_pushed": "2020-01-06T04:47:19.425372Z", "media_type": "application/vnd.docker.container.image.v1+json", "content_type": "image"}, {"creator": 5419288, "id": 81586137, "images": [{"architecture": "amd64", "features": "", "variant": null, "digest": "sha256:9763d19437db2d1f365dfd29cced7ffcd82409fbda5da6fed0db2fb2586931e0", "os": "linux", "os_features": "", "os_version": null, "size": 59069303, "status": "active", "last_pulled": "2024-01-20T08:00:12.267923Z", "last_pushed": null}], "last_updated": "2020-01-06T03:18:30.86952Z", "last_updater": 5419288, "last_updater_username": "bitwardenrs", "name": "1.13.1-aarch64", "repository": 7106473, "full_size": 59069303, "v2": true, "tag_status": "active", "tag_last_pulled": "2024-01-20T08:00:12.267923Z", "tag_last_pushed": "2020-01-06T03:18:30.86952Z", "media_type": "application/vnd.docker.container.image.v1+json", "content_type": "image"}, {"creator": 5419288, "id": 81583344, "images": [{"architecture": "amd64", "features": "", "variant": null, "digest": "sha256:771aa023585102c77fc817d676cb0705c63b56b2ecc2b3d520c7f7e6f8736c0c", "os": "linux", "os_features": "", "os_version": null, "size": 53750106, "status": "active", "last_pulled": "2024-01-20T08:00:13.62759Z", "last_pushed": null}], "last_updated": "2020-01-06T01:39:39.032455Z", "last_updater": 5419288, "last_updater_username": "bitwardenrs", "name": "1.13.1-raspberry", "repository": 7106473, "full_size": 53750106, "v2": true, "tag_status": "active", "tag_last_pulled": "2024-01-20T08:00:13.62759Z", "tag_last_pushed": "2020-01-06T01:39:39.032455Z", "media_type": "application/vnd.docker.container.image.v1+json", "content_type": "image"}, {"creator": 5419288, "id": 81580931, "images": [{"architecture": "amd64", "features": "", "variant": null, "digest": "sha256:f2c23dff528d0b67f8ca8fae54c28c6c157501382155769c1097bf87a2821136", "os": "linux", "os_features": "", "os_version": null, "size": 47591603, "status": "active", "last_pulled": "2024-01-20T08:00:13.444755Z", "last_pushed": null}], "last_updated": "2020-01-06T00:05:42.800899Z", "last_updater": 5419288, "last_updater_username": "bitwardenrs", "name": "1.13.1", "repository": 7106473, "full_size": 47591603, "v2": true, "tag_status": "active", "tag_last_pulled": "2024-01-20T08:00:13.444755Z", "tag_last_pushed": "2020-01-06T00:05:42.800899Z", "media_type": "application/vnd.docker.container.image.v1+json", "content_type": "image"}, {"creator": 5419288, "id": 78277480, "images": [{"architecture": "amd64", "features": "", "variant": null, "digest": "sha256:50cbd9d10f12bb6f82f0698f21a9ecdd3cdf4a6178d549bfea1bc027d41ba82f", "os": "linux", "os_features": "", "os_version": null, "size": 78726105, "status": "active", "last_pulled": "2024-01-20T08:00:13.621483Z", "last_pushed": null}], "last_updated": "2019-11-30T22:13:41.606981Z", "last_updater": 5419288, "last_updater_username": "bitwardenrs", "name": "1.13.0-armv6", "repository": 7106473, "full_size": 78726105, "v2": true, "tag_status": "active", "tag_last_pulled": "2024-01-20T08:00:13.621483Z", "tag_last_pushed": "2019-11-30T22:13:41.606981Z", "media_type": "application/vnd.docker.container.image.v1+json", "content_type": "image"}, {"creator": 5419288, "id": 78275874, "images": [{"architecture": "amd64", "features": "", "variant": null, "digest": "sha256:13cc8e7f60f4421104b1ed82ee170ddef6bf3bf409291ca984e1a82fe3d38b76", "os": "linux", "os_features": "", "os_version": null, "size": 59393751, "status": "active", "last_pulled": "2024-01-20T08:00:13.473973Z", "last_pushed": null}], "last_updated": "2019-11-30T20:37:28.002183Z", "last_updater": 5419288, "last_updater_username": "bitwardenrs", "name": "1.13.0-aarch64", "repository": 7106473, "full_size": 59393751, "v2": true, "tag_status": "active", "tag_last_pulled": "2024-01-20T08:00:13.473973Z", "tag_last_pushed": "2019-11-30T20:37:28.002183Z", "media_type": "application/vnd.docker.container.image.v1+json", "content_type": "image"}, {"creator": 5419288, "id": 78274197, "images": [{"architecture": "amd64", "features": "", "variant": null, "digest": "sha256:b9e32fae9e781419a11028836bca488907ce38298fdb928ff9f4e3d6cf800b6d", "os": "linux", "os_features": "", "os_version": null, "size": 20062876, "status": "active", "last_pulled": "2024-01-20T08:00:12.526848Z", "last_pushed": null}], "last_updated": "2019-11-30T18:56:35.489171Z", "last_updater": 5419288, "last_updater_username": "bitwardenrs", "name": "1.13.0-alpine", "repository": 7106473, "full_size": 20062876, "v2": true, "tag_status": "active", "tag_last_pulled": "2024-01-20T08:00:12.526848Z", "tag_last_pushed": "2019-11-30T18:56:35.489171Z", "media_type": "application/vnd.docker.container.image.v1+json", "content_type": "image"}, {"creator": 5419288, "id": 78272651, "images": [{"architecture": "amd64", "features": "", "variant": null, "digest": "sha256:3d62b274571846067ad216c889538841f69f7e17a9e4a3b93dfd0a8b12a3d56c", "os": "linux", "os_features": "", "os_version": null, "size": 53988507, "status": "active", "last_pulled": "2024-01-20T08:00:12.423229Z", "last_pushed": null}], "last_updated": "2019-11-30T17:28:12.121884Z", "last_updater": 5419288, "last_updater_username": "bitwardenrs", "name": "1.13.0-raspberry", "repository": 7106473, "full_size": 53988507, "v2": true, "tag_status": "active", "tag_last_pulled": "2024-01-20T08:00:12.423229Z", "tag_last_pushed": "2019-11-30T17:28:12.121884Z", "media_type": "application/vnd.docker.container.image.v1+json", "content_type": "image"}, {"creator": 5419288, "id": 78271258, "images": [{"architecture": "amd64", "features": "", "variant": null, "digest": "sha256:eb69eb2ed3830175752a1a7415fe8231a482f1fd935aac9bc1472f78ad27088e", "os": "linux", "os_features": "", "os_version": null, "size": 47567194, "status": "active", "last_pulled": "2024-01-20T08:00:14.047834Z", "last_pushed": null}], "last_updated": "2019-11-30T15:52:14.505486Z", "last_updater": 5419288, "last_updater_username": "bitwardenrs", "name": "1.13.0", "repository": 7106473, "full_size": 47567194, "v2": true, "tag_status": "active", "tag_last_pulled": "2024-01-20T08:00:14.047834Z", "tag_last_pushed": "2019-11-30T15:52:14.505486Z", "media_type": "application/vnd.docker.container.image.v1+json", "content_type": "image"}, {"creator": 5419288, "id": 77049841, "images": [{"architecture": "amd64", "features": "", "variant": null, "digest": "sha256:2218c762b723ce91cc4945a6aa1794547965466ff94347a50127502003316139", "os": "linux", "os_features": "", "os_version": null, "size": 53925041, "status": "active", "last_pulled": "2024-01-20T08:00:12.639386Z", "last_pushed": null}], "last_updated": "2019-11-22T03:37:42.337199Z", "last_updater": 5419288, "last_updater_username": "bitwardenrs", "name": "1.12.0-raspberry", "repository": 7106473, "full_size": 53925041, "v2": true, "tag_status": "active", "tag_last_pulled": "2024-01-20T08:00:12.639386Z", "tag_last_pushed": "2019-11-22T03:37:42.337199Z", "media_type": "application/vnd.docker.container.image.v1+json", "content_type": "image"}, {"creator": 5419288, "id": 77075550, "images": [{"architecture": "amd64", "features": "", "variant": null, "digest": "sha256:41a76008b0a0c2f3dadaf4a0887e947dcff5a7a7e97c768662a31204b6f6756b", "os": "linux", "os_features": "", "os_version": null, "size": 78909485, "status": "active", "last_pulled": "2024-01-20T08:00:12.684795Z", "last_pushed": null}], "last_updated": "2019-11-22T01:59:59.508923Z", "last_updater": 5419288, "last_updater_username": "bitwardenrs", "name": "1.12.0-armv6", "repository": 7106473, "full_size": 78909485, "v2": true, "tag_status": "active", "tag_last_pulled": "2024-01-20T08:00:12.684795Z", "tag_last_pushed": "2019-11-22T01:59:59.508923Z", "media_type": "application/vnd.docker.container.image.v1+json", "content_type": "image"}, {"creator": 5419288, "id": 77022916, "images": [{"architecture": "amd64", "features": "", "variant": null, "digest": "sha256:7323c931cd834375c59b8b1b038a64b49b2eb211c8e9c9a6ec032ca49fdd2306", "os": "linux", "os_features": "", "os_version": null, "size": 59325819, "status": "active", "last_pulled": "2024-01-20T08:00:13.683421Z", "last_pushed": null}], "last_updated": "2019-11-21T22:59:55.813944Z", "last_updater": 5419288, "last_updater_username": "bitwardenrs", "name": "1.12.0-aarch64", "repository": 7106473, "full_size": 59325819, "v2": true, "tag_status": "active", "tag_last_pulled": "2024-01-20T08:00:13.683421Z", "tag_last_pushed": "2019-11-21T22:59:55.813944Z", "media_type": "application/vnd.docker.container.image.v1+json", "content_type": "image"}, {"creator": 5419288, "id": 77060565, "images": [{"architecture": "amd64", "features": "", "variant": null, "digest": "sha256:a3e55ff0b13195591d600450e49688b60d1299c1a3fdb8755e614b182cbdad8f", "os": "linux", "os_features": "", "os_version": null, "size": 19989791, "status": "active", "last_pulled": "2024-01-20T08:00:13.253641Z", "last_pushed": null}], "last_updated": "2019-11-21T21:14:48.464813Z", "last_updater": 5419288, "last_updater_username": "bitwardenrs", "name": "1.12.0-alpine", "repository": 7106473, "full_size": 19989791, "v2": true, "tag_status": "active", "tag_last_pulled": "2024-01-20T08:00:13.253641Z", "tag_last_pushed": "2019-11-21T21:14:48.464813Z", "media_type": "application/vnd.docker.container.image.v1+json", "content_type": "image"}, {"creator": 5419288, "id": 77035455, "images": [{"architecture": "amd64", "features": "", "variant": null, "digest": "sha256:ce362d684426ca73932474ecaf74175186f79f546b19e9941ed61b102589ec9b", "os": "linux", "os_features": "", "os_version": null, "size": 47515470, "status": "active", "last_pulled": "2024-01-20T08:00:13.05501Z", "last_pushed": null}], "last_updated": "2019-11-21T19:47:27.344201Z", "last_updater": 5419288, "last_updater_username": "bitwardenrs", "name": "1.12.0", "repository": 7106473, "full_size": 47515470, "v2": true, "tag_status": "active", "tag_last_pulled": "2024-01-20T08:00:13.05501Z", "tag_last_pushed": "2019-11-21T19:47:27.344201Z", "media_type": "application/vnd.docker.container.image.v1+json", "content_type": "image"}, {"creator": 5419288, "id": 71914334, "images": [{"architecture": "amd64", "features": "", "variant": null, "digest": "sha256:d303da44768340ab1855fc8b15c20f9392138deae959997a934fc7ae9c3a31c2", "os": "linux", "os_features": "", "os_version": null, "size": 50859772, "status": "active", "last_pulled": "2024-01-20T08:00:12.940831Z", "last_pushed": null}], "last_updated": "2019-10-09T10:34:50.790597Z", "last_updater": 5419288, "last_updater_username": "bitwardenrs", "name": "1.11.0-raspberry", "repository": 7106473, "full_size": 50859772, "v2": true, "tag_status": "active", "tag_last_pulled": "2024-01-20T08:00:12.940831Z", "tag_last_pushed": "2019-10-09T10:34:50.790597Z", "media_type": "application/vnd.docker.container.image.v1+json", "content_type": "image"}, {"creator": 5419288, "id": 71900603, "images": [{"architecture": "amd64", "features": "", "variant": null, "digest": "sha256:4e4b12b220858380b8eafda4fced8ec6131ba031461f3ec952f8ea7adf2031ba", "os": "linux", "os_features": "", "os_version": null, "size": 73371258, "status": "active", "last_pulled": "2024-01-20T08:00:13.075589Z", "last_pushed": null}], "last_updated": "2019-10-09T08:58:16.226432Z", "last_updater": 5419288, "last_updater_username": "bitwardenrs", "name": "1.11.0-armv6", "repository": 7106473, "full_size": 73371258, "v2": true, "tag_status": "active", "tag_last_pulled": "2024-01-20T08:00:13.075589Z", "tag_last_pushed": "2019-10-09T08:58:16.226432Z", "media_type": "application/vnd.docker.container.image.v1+json", "content_type": "image"}, {"creator": 5419288, "id": 71879468, "images": [{"architecture": "amd64", "features": "", "variant": null, "digest": "sha256:24d055e1421916933b5ec733ca958abad3e827a490bbaec7890547450f4dfcc2", "os": "linux", "os_features": "", "os_version": null, "size": 52589832, "status": "active", "last_pulled": "2024-01-20T08:00:13.227535Z", "last_pushed": null}], "last_updated": "2019-10-09T06:00:13.869109Z", "last_updater": 5419288, "last_updater_username": "bitwardenrs", "name": "1.11.0-aarch64", "repository": 7106473, "full_size": 52589832, "v2": true, "tag_status": "active", "tag_last_pulled": "2024-01-20T08:00:13.227535Z", "tag_last_pushed": "2019-10-09T06:00:13.869109Z", "media_type": "application/vnd.docker.container.image.v1+json", "content_type": "image"}, {"creator": 5419288, "id": 71867768, "images": [{"architecture": "amd64", "features": "", "variant": null, "digest": "sha256:f3eee2fe0dc1910beaa6fe4768d61a7ee9dcfa267687ea5dfd4739d0596c636e", "os": "linux", "os_features": "", "os_version": null, "size": 45882543, "status": "active", "last_pulled": "2024-01-20T08:00:13.917761Z", "last_pushed": null}], "last_updated": "2019-10-09T04:23:39.087562Z", "last_updater": 5419288, "last_updater_username": "bitwardenrs", "name": "1.11.0", "repository": 7106473, "full_size": 45882543, "v2": true, "tag_status": "active", "tag_last_pulled": "2024-01-20T08:00:13.917761Z", "tag_last_pushed": "2019-10-09T04:23:39.087562Z", "media_type": "application/vnd.docker.container.image.v1+json", "content_type": "image"}, {"creator": 5419288, "id": 71858723, "images": [{"architecture": "amd64", "features": "", "variant": null, "digest": "sha256:340cbb484b5353552441c267c304c5237b23b52bf9bec2561c2792c9c9e01005", "os": "linux", "os_features": "", "os_version": null, "size": 19945724, "status": "active", "last_pulled": "2024-01-20T08:00:13.187712Z", "last_pushed": null}], "last_updated": "2019-10-09T02:59:23.349947Z", "last_updater": 5419288, "last_updater_username": "bitwardenrs", "name": "1.11.0-alpine", "repository": 7106473, "full_size": 19945724, "v2": true, "tag_status": "active", "tag_last_pulled": "2024-01-20T08:00:13.187712Z", "tag_last_pushed": "2019-10-09T02:59:23.349947Z", "media_type": "application/vnd.docker.container.image.v1+json", "content_type": "image"}, {"creator": 5419288, "id": 67406629, "images": [{"architecture": "amd64", "features": "", "variant": null, "digest": "sha256:b45dea10c6f5e6a06f2762a92accd53524773f5dfce6decb102cfe0f724689d6", "os": "linux", "os_features": "", "os_version": null, "size": 47812436, "status": "active", "last_pulled": "2024-01-20T08:00:14.50103Z", "last_pushed": null}], "last_updated": "2019-08-30T16:25:55.380351Z", "last_updater": 5419288, "last_updater_username": "bitwardenrs", "name": "1.10.0", "repository": 7106473, "full_size": 47812436, "v2": true, "tag_status": "active", "tag_last_pulled": "2024-01-20T08:00:14.50103Z", "tag_last_pushed": "2019-08-30T16:25:55.380351Z", "media_type": "application/vnd.docker.container.image.v1+json", "content_type": "image"}, {"creator": 5419288, "id": 67398267, "images": [{"architecture": "amd64", "features": "", "variant": null, "digest": "sha256:bdbb392b3f50c3692bdb0d01f41580c36c37670ac229bbfab9ed6db148c884a0", "os": "linux", "os_features": "", "os_version": null, "size": 59655204, "status": "active", "last_pulled": "2024-01-20T08:00:13.543565Z", "last_pushed": null}], "last_updated": "2019-08-30T15:03:26.87403Z", "last_updater": 5419288, "last_updater_username": "bitwardenrs", "name": "1.10.0-aarch64", "repository": 7106473, "full_size": 59655204, "v2": true, "tag_status": "active", "tag_last_pulled": "2024-01-20T08:00:13.543565Z", "tag_last_pushed": "2019-08-30T15:03:26.87403Z", "media_type": "application/vnd.docker.container.image.v1+json", "content_type": "image"}, {"creator": 5419288, "id": 67387040, "images": [{"architecture": "amd64", "features": "", "variant": null, "digest": "sha256:cf4d4a5a3132e6f64a4fcf04a9f1f51b310809460d167cbfe5dc937303e02127", "os": "linux", "os_features": "", "os_version": null, "size": 79667858, "status": "active", "last_pulled": "2024-01-20T08:00:14.30736Z", "last_pushed": null}], "last_updated": "2019-08-30T13:26:13.842054Z", "last_updater": 5419288, "last_updater_username": "bitwardenrs", "name": "1.10.0-armv6", "repository": 7106473, "full_size": 79667858, "v2": true, "tag_status": "active", "tag_last_pulled": "2024-01-20T08:00:14.30736Z", "tag_last_pushed": "2019-08-30T13:26:13.842054Z", "media_type": "application/vnd.docker.container.image.v1+json", "content_type": "image"}, {"creator": 5419288, "id": 67376909, "images": [{"architecture": "amd64", "features": "", "variant": null, "digest": "sha256:0dc74e24e2fe41deba8fdadfa365094f8bec6d4d3779065bcbb994c7599b137c", "os": "linux", "os_features": "", "os_version": null, "size": 18128505, "status": "active", "last_pulled": "2024-01-20T08:00:13.503882Z", "last_pushed": null}], "last_updated": "2019-08-30T11:49:54.621894Z", "last_updater": 5419288, "last_updater_username": "bitwardenrs", "name": "1.10.0-alpine", "repository": 7106473, "full_size": 18128505, "v2": true, "tag_status": "active", "tag_last_pulled": "2024-01-20T08:00:13.503882Z", "tag_last_pushed": "2019-08-30T11:49:54.621894Z", "media_type": "application/vnd.docker.container.image.v1+json", "content_type": "image"}, {"creator": 5419288, "id": 67368764, "images": [{"architecture": "amd64", "features": "", "variant": null, "digest": "sha256:cf4ac88f0ed262883e20268fbb14e2d8de96a9dbb74788e51814d3be87ea27b6", "os": "linux", "os_features": "", "os_version": null, "size": 57368018, "status": "active", "last_pulled": "2024-01-20T08:00:13.409401Z", "last_pushed": null}], "last_updated": "2019-08-30T10:17:06.973135Z", "last_updater": 5419288, "last_updater_username": "bitwardenrs", "name": "1.10.0-raspberry", "repository": 7106473, "full_size": 57368018, "v2": true, "tag_status": "active", "tag_last_pulled": "2024-01-20T08:00:13.409401Z", "tag_last_pushed": "2019-08-30T10:17:06.973135Z", "media_type": "application/vnd.docker.container.image.v1+json", "content_type": "image"}]