[{"creator": 1039448, "id": 54679158, "images": [{"architecture": "amd64", "features": "", "variant": null, "digest": "sha256:92bbb0a57e6d8984376bb53503d83679d4ca5f6b59759310396933101bb5b621", "os": "linux", "os_features": "", "os_version": null, "size": 35355696, "status": "active", "last_pulled": "2024-01-20T08:50:03.915616Z", "last_pushed": "2023-11-01T07:47:39.906251Z"}], "last_updated": "2023-11-01T07:47:35.813472Z", "last_updater": 1039448, "last_updater_username": "clearlinux", "name": "latest", "repository": 7077380, "full_size": 35355696, "v2": true, "tag_status": "active", "tag_last_pulled": "2024-01-20T08:50:03.915616Z", "tag_last_pushed": "2023-11-01T07:47:35.813472Z", "media_type": "application/vnd.docker.container.image.v1+json", "content_type": "image", "digest": "sha256:92bbb0a57e6d8984376bb53503d83679d4ca5f6b59759310396933101bb5b621"}, {"creator": 1039448, "id": 76334545, "images": [{"architecture": "amd64", "features": "", "variant": null, "digest": "sha256:92bbb0a57e6d8984376bb53503d83679d4ca5f6b59759310396933101bb5b621", "os": "linux", "os_features": "", "os_version": null, "size": 35355696, "status": "active", "last_pulled": "2024-01-20T08:50:03.915616Z", "last_pushed": "2023-11-01T07:47:39.906251Z"}], "last_updated": "2023-11-01T07:47:39.906251Z", "last_updater": 1039448, "last_updater_username": "clearlinux", "name": "3", "repository": 7077380, "full_size": 35355696, "v2": true, "tag_status": "active", "tag_last_pulled": "2024-01-20T08:50:03.915616Z", "tag_last_pushed": "2023-11-01T07:47:39.906251Z", "media_type": "application/vnd.docker.container.image.v1+json", "content_type": "image", "digest": "sha256:92bbb0a57e6d8984376bb53503d83679d4ca5f6b59759310396933101bb5b621"}, {"creator": 1039448, "id": 519260649, "images": [{"architecture": "amd64", "features": "", "variant": null, "digest": "sha256:92bbb0a57e6d8984376bb53503d83679d4ca5f6b59759310396933101bb5b621", "os": "linux", "os_features": "", "os_version": null, "size": 35355696, "status": "active", "last_pulled": "2024-01-20T08:50:03.915616Z", "last_pushed": "2023-11-01T07:47:39.906251Z"}], "last_updated": "2023-11-01T07:47:39.182724Z", "last_updater": 1039448, "last_updater_username": "clearlinux", "name": "3.15", "repository": 7077380, "full_size": 35355696, "v2": true, "tag_status": "active", "tag_last_pulled": "2024-01-20T08:50:03.915616Z", "tag_last_pushed": "2023-11-01T07:47:39.182724Z", "media_type": "application/vnd.docker.container.image.v1+json", "content_type": "image", "digest": "sha256:92bbb0a57e6d8984376bb53503d83679d4ca5f6b59759310396933101bb5b621"}, {"creator": 1039448, "id": 477715019, "images": [{"architecture": "amd64", "features": "", "variant": null, "digest": "sha256:e24bc06503aa39979732be5486bbb36a4a0103493e4a7c84f154bc9acaae823a", "os": "linux", "os_features": "", "os_version": null, "size": 43083548, "status": "active", "last_pulled": "2024-01-20T07:13:42.002497Z", "last_pushed": "2023-09-20T07:47:40.04808Z"}], "last_updated": "2023-09-20T07:47:39.400089Z", "last_updater": 1039448, "last_updater_username": "clearlinux", "name": "3.14", "repository": 7077380, "full_size": 43083548, "v2": true, "tag_status": "active", "tag_last_pulled": "2024-01-20T07:13:42.002497Z", "tag_last_pushed": "2023-09-20T07:47:39.400089Z", "media_type": "application/vnd.docker.container.image.v1+json", "content_type": "image", "digest": "sha256:e24bc06503aa39979732be5486bbb36a4a0103493e4a7c84f154bc9acaae823a"}, {"creator": 1039448, "id": 400808692, "images": [{"architecture": "amd64", "features": "", "variant": null, "digest": "sha256:1e55df955b25976ac1e9c618862c80588c73def860ccbf02fed960c65b0cad96", "os": "linux", "os_features": "", "os_version": null, "size": 37597813, "status": "active", "last_pulled": "2024-01-08T23:17:32.81342Z", "last_pushed": "2023-07-12T07:47:30.973646Z"}], "last_updated": "2023-07-12T07:47:30.330902Z", "last_updater": 1039448, "last_updater_username": "clearlinux", "name": "3.13", "repository": 7077380, "full_size": 37597813, "v2": true, "tag_status": "active", "tag_last_pulled": "2024-01-08T23:17:32.81342Z", "tag_last_pushed": "2023-07-12T07:47:30.330902Z", "media_type": "application/vnd.docker.container.image.v1+json", "content_type": "image", "digest": "sha256:1e55df955b25976ac1e9c618862c80588c73def860ccbf02fed960c65b0cad96"}, {"creator": 1039448, "id": 307935003, "images": [{"architecture": "amd64", "features": "", "variant": null, "digest": "sha256:6c92179fb4f9616faa5887a4363a22669318694423bff1773de0222b3bb3482d", "os": "linux", "os_features": "", "os_version": null, "size": 42935526, "status": "active", "last_pulled": "2024-01-19T18:54:50.988661Z", "last_pushed": "2023-03-01T08:47:39.843828Z"}], "last_updated": "2023-03-01T08:47:39.244335Z", "last_updater": 1039448, "last_updater_username": "clearlinux", "name": "3.12", "repository": 7077380, "full_size": 42935526, "v2": true, "tag_status": "active", "tag_last_pulled": "2024-01-19T18:54:50.988661Z", "tag_last_pushed": "2023-03-01T08:47:39.244335Z", "media_type": "application/vnd.docker.container.image.v1+json", "content_type": "image", "digest": "sha256:6c92179fb4f9616faa5887a4363a22669318694423bff1773de0222b3bb3482d"}, {"creator": 1039448, "id": 152336099, "images": [{"architecture": "amd64", "features": "", "variant": null, "digest": "sha256:3e60aad2eaaa10c555fedb76af1d3006d9504a15ac535abdb562f7332545e85a", "os": "linux", "os_features": "", "os_version": null, "size": 36469264, "status": "active", "last_pulled": "2024-01-19T19:41:02.679025Z", "last_pushed": "2022-10-05T07:47:59.852762Z"}], "last_updated": "2022-10-05T07:47:59.540913Z", "last_updater": 1039448, "last_updater_username": "clearlinux", "name": "3.10", "repository": 7077380, "full_size": 36469264, "v2": true, "tag_status": "active", "tag_last_pulled": "2024-01-19T19:41:02.679025Z", "tag_last_pushed": "2022-10-05T07:47:59.540913Z", "media_type": "application/vnd.docker.container.image.v1+json", "content_type": "image", "digest": "sha256:3e60aad2eaaa10c555fedb76af1d3006d9504a15ac535abdb562f7332545e85a"}, {"creator": 1039448, "id": 153275211, "images": [{"architecture": "amd64", "features": "", "variant": null, "digest": "sha256:3e60aad2eaaa10c555fedb76af1d3006d9504a15ac535abdb562f7332545e85a", "os": "linux", "os_features": "", "os_version": null, "size": 36469264, "status": "active", "last_pulled": "2024-01-19T19:41:02.679025Z", "last_pushed": "2022-10-05T07:47:59.852762Z"}], "last_updated": "2022-10-05T07:47:59.205603Z", "last_updater": 1039448, "last_updater_username": "clearlinux", "name": "3.10.1", "repository": 7077380, "full_size": 36469264, "v2": true, "tag_status": "active", "tag_last_pulled": "2024-01-19T19:41:02.679025Z", "tag_last_pushed": "2022-10-05T07:47:59.205603Z", "media_type": "application/vnd.docker.container.image.v1+json", "content_type": "image", "digest": "sha256:3e60aad2eaaa10c555fedb76af1d3006d9504a15ac535abdb562f7332545e85a"}, {"creator": 1039448, "id": 113402596, "images": [{"architecture": "amd64", "features": "", "variant": null, "digest": "sha256:10f50f75f4fe4731c516bc7450a097ec896c890333fd6368efaacbfd71eeccea", "os": "linux", "os_features": "", "os_version": null, "size": 31330613, "status": "active", "last_pulled": "2024-01-19T21:41:12.38664Z", "last_pushed": "2021-06-02T08:40:41.239084Z"}], "last_updated": "2021-06-02T08:40:40.891706Z", "last_updater": 1039448, "last_updater_username": "clearlinux", "name": "3.8", "repository": 7077380, "full_size": 31330613, "v2": true, "tag_status": "active", "tag_last_pulled": "2024-01-19T21:41:12.38664Z", "tag_last_pushed": "2021-06-02T08:40:40.891706Z", "media_type": "application/vnd.docker.container.image.v1+json", "content_type": "image"}, {"creator": 1039448, "id": 113402595, "images": [{"architecture": "amd64", "features": "", "variant": null, "digest": "sha256:10f50f75f4fe4731c516bc7450a097ec896c890333fd6368efaacbfd71eeccea", "os": "linux", "os_features": "", "os_version": null, "size": 31330613, "status": "active", "last_pulled": "2024-01-19T21:41:12.38664Z", "last_pushed": "2021-06-02T08:40:41.239084Z"}], "last_updated": "2021-06-02T08:40:40.54905Z", "last_updater": 1039448, "last_updater_username": "clearlinux", "name": "3.8.1", "repository": 7077380, "full_size": 31330613, "v2": true, "tag_status": "active", "tag_last_pulled": "2024-01-19T21:41:12.38664Z", "tag_last_pushed": "2021-06-02T08:40:40.54905Z", "media_type": "application/vnd.docker.container.image.v1+json", "content_type": "image"}, {"creator": 1039448, "id": 83152653, "images": [{"architecture": "amd64", "features": "", "variant": null, "digest": "sha256:4714c2cb060600506b9a17c3e1590b374a930f4902a1acca34d1e20f097abf07", "os": "linux", "os_features": "", "os_version": null, "size": 25731866, "status": "active", "last_pulled": "2024-01-08T23:17:34.178829Z", "last_pushed": null}], "last_updated": "2020-08-14T21:39:20.708853Z", "last_updater": 1039448, "last_updater_username": "clearlinux", "name": "3.7", "repository": 7077380, "full_size": 25731866, "v2": true, "tag_status": "active", "tag_last_pulled": "2024-01-08T23:17:34.178829Z", "tag_last_pushed": "2020-08-14T21:39:20.708853Z", "media_type": "application/vnd.docker.container.image.v1+json", "content_type": "image"}, {"creator": 1039448, "id": 76334543, "images": [{"architecture": "amd64", "features": "", "variant": null, "digest": "sha256:97530af2e97bdab7417f627a9c10e7f7f49ca441dd32eac58d0061aed0434995", "os": "linux", "os_features": "", "os_version": null, "size": 25883017, "status": "active", "last_pulled": "2024-01-08T23:17:34.458779Z", "last_pushed": null}], "last_updated": "2020-01-18T00:07:41.002384Z", "last_updater": 1039448, "last_updater_username": "clearlinux", "name": "3.6", "repository": 7077380, "full_size": 25883017, "v2": true, "tag_status": "active", "tag_last_pulled": "2024-01-08T23:17:34.458779Z", "tag_last_pushed": "2020-01-18T00:07:41.002384Z", "media_type": "application/vnd.docker.container.image.v1+json", "content_type": "image"}]