[{"creator": 293260, "id": 13353824, "images": [{"architecture": "amd64", "features": "", "variant": null, "digest": "sha256:2169b3b96af988cf69d7dd69efbcc59433eb027320eb185c6110e0850b997870", "os": "linux", "os_features": "", "os_version": null, "size": 18175567, "status": "active", "last_pulled": "2024-01-20T08:48:59.315726Z", "last_pushed": "2023-08-15T20:01:36.816661Z"}, {"architecture": "arm", "features": "", "variant": "v7", "digest": "sha256:1e0b3b23599809c54c444db6df780a7e8b6e04d8b156ea7d118ee34aa10036a3", "os": "linux", "os_features": "", "os_version": null, "size": 17250397, "status": "active", "last_pulled": "2024-01-20T06:29:40.463451Z", "last_pushed": "2023-08-15T20:01:41.986082Z"}, {"architecture": "arm64", "features": "", "variant": null, "digest": "sha256:ba9e70dbdf0ff8a77ea63451bb1241d08819471730fe7a35a218a8db2ef7890c", "os": "linux", "os_features": "", "os_version": null, "size": 16475177, "status": "active", "last_pulled": "2024-01-20T08:55:45.361589Z", "last_pushed": "2023-08-15T20:01:47.891303Z"}, {"architecture": "ppc64le", "features": "", "variant": null, "digest": "sha256:55438191862f069b0f27558c25968c09dc6b4693ee022900f3a145a68dd79c36", "os": "linux", "os_features": "", "os_version": null, "size": 15956051, "status": "active", "last_pulled": "2024-01-20T06:29:40.786926Z", "last_pushed": "2023-08-15T20:01:52.990453Z"}, {"architecture": "riscv64", "features": "", "variant": null, "digest": "sha256:fc2616d7a5598c0a6bee87a5a94556bf5e34074d64f7fccdfa4b7095b4accc0c", "os": "linux", "os_features": "", "os_version": null, "size": 17067221, "status": "active", "last_pulled": "2024-01-20T06:29:40.949648Z", "last_pushed": "2023-08-15T20:02:03.460027Z"}, {"architecture": "s390x", "features": "", "variant": null, "digest": "sha256:ed771cc7d4108f86eb18b0a34c6af0490d3bd9b8b55a420b2d68b5b51f458947", "os": "linux", "os_features": "", "os_version": null, "size": 17547195, "status": "active", "last_pulled": "2024-01-20T06:29:41.123148Z", "last_pushed": "2023-08-15T20:01:58.408703Z"}], "last_updated": "2023-08-15T20:02:06.763988Z", "last_updater": 358708, "last_updater_username": "yongtang", "name": "latest", "repository": 1683600, "full_size": 18175567, "v2": true, "tag_status": "active", "tag_last_pulled": "2024-01-20T08:55:45.361589Z", "tag_last_pushed": "2023-08-15T20:02:06.763988Z", "media_type": "application/vnd.docker.distribution.manifest.list.v2+json", "content_type": "image", "digest": "sha256:1eeb4c7316bacb1d4c8ead65571cd92dd21e27359f0d4917f1a5822a73b75db1"}, {"creator": 358708, "id": 494042089, "images": [{"architecture": "amd64", "features": "", "variant": null, "digest": "sha256:2169b3b96af988cf69d7dd69efbcc59433eb027320eb185c6110e0850b997870", "os": "linux", "os_features": "", "os_version": null, "size": 18175567, "status": "active", "last_pulled": "2024-01-20T08:48:59.315726Z", "last_pushed": "2023-08-15T20:01:36.816661Z"}, {"architecture": "arm", "features": "", "variant": "v7", "digest": "sha256:1e0b3b23599809c54c444db6df780a7e8b6e04d8b156ea7d118ee34aa10036a3", "os": "linux", "os_features": "", "os_version": null, "size": 17250397, "status": "active", "last_pulled": "2024-01-20T06:29:40.463451Z", "last_pushed": "2023-08-15T20:01:41.986082Z"}, {"architecture": "arm64", "features": "", "variant": null, "digest": "sha256:ba9e70dbdf0ff8a77ea63451bb1241d08819471730fe7a35a218a8db2ef7890c", "os": "linux", "os_features": "", "os_version": null, "size": 16475177, "status": "active", "last_pulled": "2024-01-20T08:55:45.361589Z", "last_pushed": "2023-08-15T20:01:47.891303Z"}, {"architecture": "ppc64le", "features": "", "variant": null, "digest": "sha256:55438191862f069b0f27558c25968c09dc6b4693ee022900f3a145a68dd79c36", "os": "linux", "os_features": "", "os_version": null, "size": 15956051, "status": "active", "last_pulled": "2024-01-20T06:29:40.786926Z", "last_pushed": "2023-08-15T20:01:52.990453Z"}, {"architecture": "riscv64", "features": "", "variant": null, "digest": "sha256:fc2616d7a5598c0a6bee87a5a94556bf5e34074d64f7fccdfa4b7095b4accc0c", "os": "linux", "os_features": "", "os_version": null, "size": 17067221, "status": "active", "last_pulled": "2024-01-20T06:29:40.949648Z", "last_pushed": "2023-08-15T20:02:03.460027Z"}, {"architecture": "s390x", "features": "", "variant": null, "digest": "sha256:ed771cc7d4108f86eb18b0a34c6af0490d3bd9b8b55a420b2d68b5b51f458947", "os": "linux", "os_features": "", "os_version": null, "size": 17547195, "status": "active", "last_pulled": "2024-01-20T06:29:41.123148Z", "last_pushed": "2023-08-15T20:01:58.408703Z"}], "last_updated": "2023-08-15T20:02:06.775216Z", "last_updater": 358708, "last_updater_username": "yongtang", "name": "1.11.1", "repository": 1683600, "full_size": 18175567, "v2": true, "tag_status": "active", "tag_last_pulled": "2024-01-20T08:55:45.361589Z", "tag_last_pushed": "2023-08-15T20:02:06.775216Z", "media_type": "application/vnd.docker.distribution.manifest.list.v2+json", "content_type": "image", "digest": "sha256:1eeb4c7316bacb1d4c8ead65571cd92dd21e27359f0d4917f1a5822a73b75db1"}, {"creator": 358708, "id": 490354367, "images": [{"architecture": "amd64", "features": "", "variant": null, "digest": "sha256:28cccdd25b4d971951d50fd6e08ab5fe9a894d04db03557f2713bdf0347e7ddc", "os": "linux", "os_features": "", "os_version": null, "size": 18166459, "status": "active", "last_pulled": "2024-01-20T08:23:02.798717Z", "last_pushed": "2023-08-09T01:15:08.8836Z"}, {"architecture": "arm", "features": "", "variant": "v7", "digest": "sha256:6dc11435ab9d6c85b5450420088d20e5dc0820a35f28fd91348ebe2712c76294", "os": "linux", "os_features": "", "os_version": null, "size": 17235416, "status": "active", "last_pulled": "2024-01-20T02:18:55.792035Z", "last_pushed": "2023-08-09T01:15:17.050659Z"}, {"architecture": "arm64", "features": "", "variant": null, "digest": "sha256:9932da0e73740822b5eb472053c274f5b5033c05f7b2cb6c04431cfba6e94884", "os": "linux", "os_features": "", "os_version": null, "size": 16459866, "status": "active", "last_pulled": "2024-01-20T05:34:47.903163Z", "last_pushed": "2023-08-09T01:15:24.457141Z"}, {"architecture": "ppc64le", "features": "", "variant": null, "digest": "sha256:d0946f31de38a68d7d4ca09bf870d512a86bc084489e53b4ce4f914733caa7f3", "os": "linux", "os_features": "", "os_version": null, "size": 15944318, "status": "active", "last_pulled": "2024-01-20T02:18:56.352915Z", "last_pushed": "2023-08-09T01:15:32.901326Z"}, {"architecture": "riscv64", "features": "", "variant": null, "digest": "sha256:3096b13a7afc6a6e8377639d613bfe94e3320680635717f6beb06c1eb77643e4", "os": "linux", "os_features": "", "os_version": null, "size": 17050639, "status": "active", "last_pulled": "2024-01-20T02:18:56.639291Z", "last_pushed": "2023-08-09T01:15:49.333761Z"}, {"architecture": "s390x", "features": "", "variant": null, "digest": "sha256:d0a0e23aee1fecc39f4ee41d266f6df1a4c195e74348823720b32c9b252cc759", "os": "linux", "os_features": "", "os_version": null, "size": 17530515, "status": "active", "last_pulled": "2024-01-20T02:18:56.900271Z", "last_pushed": "2023-08-09T01:15:41.267504Z"}], "last_updated": "2023-08-09T01:16:04.231474Z", "last_updater": 358708, "last_updater_username": "yongtang", "name": "1.11.0", "repository": 1683600, "full_size": 18166459, "v2": true, "tag_status": "active", "tag_last_pulled": "2024-01-20T08:41:59.458928Z", "tag_last_pushed": "2023-08-09T01:16:04.231474Z", "media_type": "application/vnd.docker.distribution.manifest.list.v2+json", "content_type": "image", "digest": "sha256:cc3ebb05fbdba439d2d69813f162aa204b027098c8244fb3156e6e7c0f31c548"}, {"creator": 358708, "id": 381961949, "images": [{"architecture": "amd64", "features": "", "variant": null, "digest": "sha256:be7652ce0b43b1339f3d14d9b14af9f588578011092c1f7893bd55432d83a378", "os": "linux", "os_features": "", "os_version": null, "size": 16186974, "status": "active", "last_pulled": "2024-01-20T08:24:03.454269Z", "last_pushed": "2023-02-06T18:31:15.870859Z"}, {"architecture": "arm", "features": "", "variant": "v7", "digest": "sha256:fdb67d8f420a66b89baa7ba03c5428f6b4f49f6d3ef0e81a223f9708020a6b00", "os": "linux", "os_features": "", "os_version": null, "size": 15277548, "status": "active", "last_pulled": "2024-01-20T04:03:04.221944Z", "last_pushed": "2023-02-06T18:31:22.192428Z"}, {"architecture": "arm64", "features": "", "variant": null, "digest": "sha256:74130b944396a0b0ca9af923ee6e03b08a35d98fc1bbaef4e35cf9acc5599105", "os": "linux", "os_features": "", "os_version": null, "size": 14553687, "status": "active", "last_pulled": "2024-01-20T08:29:47.646603Z", "last_pushed": "2023-02-06T18:31:29.332279Z"}, {"architecture": "mips64le", "features": "", "variant": null, "digest": "sha256:7c8b276747b861f0b3189fd04539ad81251a6e93c302769ae92652ca3195f81c", "os": "linux", "os_features": "", "os_version": null, "size": 12952522, "status": "active", "last_pulled": "2024-01-20T04:03:04.50536Z", "last_pushed": "2023-02-06T18:31:35.383061Z"}, {"architecture": "ppc64le", "features": "", "variant": null, "digest": "sha256:a99ae9fbc272116bc0d01ed2fc1b81ada0672cfae518055adf724db6c830af49", "os": "linux", "os_features": "", "os_version": null, "size": 14073156, "status": "active", "last_pulled": "2024-01-20T04:03:04.682479Z", "last_pushed": "2023-02-06T18:31:41.288144Z"}, {"architecture": "s390x", "features": "", "variant": null, "digest": "sha256:3a565a4859bafd3d2497021d1ad646c27d3bcf810e6486a25ab15990b1cb9e01", "os": "linux", "os_features": "", "os_version": null, "size": 15572026, "status": "active", "last_pulled": "2024-01-20T04:03:04.832174Z", "last_pushed": "2023-02-06T18:31:47.878616Z"}], "last_updated": "2023-02-06T18:31:57.310992Z", "last_updater": 358708, "last_updater_username": "yongtang", "name": "1.10.1", "repository": 1683600, "full_size": 16186974, "v2": true, "tag_status": "active", "tag_last_pulled": "2024-01-20T08:45:05.133565Z", "tag_last_pushed": "2023-02-06T18:31:57.310992Z", "media_type": "application/vnd.docker.distribution.manifest.list.v2+json", "content_type": "image", "digest": "sha256:a0ead06651cf580044aeb0a0feba63591858fb2e43ade8c9dea45a6a89ae7e5e"}, {"creator": 358708, "id": 293175292, "images": [{"architecture": "amd64", "features": "", "variant": null, "digest": "sha256:2720fd1828a477889a1ec9d7315c13e75fcc2ad40d99eed089440ecc565b34c4", "os": "linux", "os_features": "", "os_version": null, "size": 12256477, "status": "active", "last_pulled": "2024-01-20T02:18:56.494037Z", "last_pushed": "2022-09-19T12:50:44.279287Z"}, {"architecture": "amd64", "features": "", "variant": null, "digest": "sha256:d722c98f2168f112a73d9afbd75fafe4c1fabbcb55a3cb44e414c738dcd9336b", "os": "linux", "os_features": "", "os_version": null, "size": 13285403, "status": "active", "last_pulled": "2024-01-20T02:18:56.750562Z", "last_pushed": "2022-09-19T12:50:52.71132Z"}, {"architecture": "amd64", "features": "", "variant": null, "digest": "sha256:bd46ba8d550f7cd5b7f365e127aa9acffff0c4c1896474eb67d0dd265a452a67", "os": "linux", "os_features": "", "os_version": null, "size": 14682669, "status": "active", "last_pulled": "2024-01-20T02:18:57.029872Z", "last_pushed": "2022-09-19T12:51:03.428573Z"}, {"architecture": "amd64", "features": "", "variant": null, "digest": "sha256:12fa9b2b130df04d58cc01e117b4ac91d6657e0ca0a6c71bd7da8f4f475b925a", "os": "linux", "os_features": "", "os_version": null, "size": 15268387, "status": "active", "last_pulled": "2024-01-20T08:41:59.622193Z", "last_pushed": "2022-09-19T12:50:14.051732Z"}, {"architecture": "amd64", "features": "", "variant": null, "digest": "sha256:8bde154851ede54e4415ce5f7648c12657d1e7191d40945683e4d74281137d27", "os": "linux", "os_features": "", "os_version": null, "size": 14469071, "status": "active", "last_pulled": "2024-01-20T02:18:55.945555Z", "last_pushed": "2022-09-19T12:50:24.075236Z"}, {"architecture": "amd64", "features": "", "variant": null, "digest": "sha256:7c08553af640aba900c5898abe72819412074299cff70567204f2b62e95861e8", "os": "linux", "os_features": "", "os_version": null, "size": 13761563, "status": "active", "last_pulled": "2024-01-20T06:02:37.54096Z", "last_pushed": "2022-09-19T12:50:33.969661Z"}], "last_updated": "2022-09-19T12:51:27.748782Z", "last_updater": 358708, "last_updater_username": "yongtang", "name": "1.10.0", "repository": 1683600, "full_size": 15268387, "v2": true, "tag_status": "active", "tag_last_pulled": "2024-01-20T08:41:59.622193Z", "tag_last_pushed": "2022-09-19T12:51:27.748782Z", "media_type": "application/vnd.docker.distribution.manifest.list.v2+json", "content_type": "image", "digest": "sha256:017727efcfeb7d053af68e51436ce8e65edbc6ca573720afb4f79c8594036955"}, {"creator": 358708, "id": 286559447, "images": [{"architecture": "amd64", "features": "", "variant": null, "digest": "sha256:490711c06f083f563700f181b52529dab526ef36fdac7401f11c04eb1adfe4fd", "os": "linux", "os_features": "", "os_version": null, "size": 15117049, "status": "active", "last_pulled": "2024-01-20T08:25:01.507685Z", "last_pushed": "2022-09-08T17:53:21.577085Z"}, {"architecture": "amd64", "features": "", "variant": null, "digest": "sha256:61dd039991a1794bf15b02e61e610952962bee7892035fc718d2781b9cd2eb53", "os": "linux", "os_features": "", "os_version": null, "size": 14319097, "status": "active", "last_pulled": "2024-01-20T02:20:05.258737Z", "last_pushed": "2022-09-08T17:53:28.571347Z"}, {"architecture": "amd64", "features": "", "variant": null, "digest": "sha256:9f500a71b8a9d21753279136c124fc5119ddee27698e1a2b65b952c73fc9da1b", "os": "linux", "os_features": "", "os_version": null, "size": 13627514, "status": "active", "last_pulled": "2024-01-20T02:20:05.531239Z", "last_pushed": "2022-09-08T17:53:35.555093Z"}, {"architecture": "amd64", "features": "", "variant": null, "digest": "sha256:b4b5ce0be82cb4444eee10345150cac49679c3e1e8c0bb4ee5bb5825b9aa6310", "os": "linux", "os_features": "", "os_version": null, "size": 12128385, "status": "active", "last_pulled": "2024-01-20T02:20:05.829898Z", "last_pushed": "2022-09-08T17:53:43.766025Z"}, {"architecture": "amd64", "features": "", "variant": null, "digest": "sha256:400fc9d16f9b32d9281f058ae0869d915abffb5ae28e64153d9f4f98ca3fe142", "os": "linux", "os_features": "", "os_version": null, "size": 13158677, "status": "active", "last_pulled": "2024-01-20T02:20:06.103252Z", "last_pushed": "2022-09-08T17:53:50.370008Z"}, {"architecture": "amd64", "features": "", "variant": null, "digest": "sha256:40650d22f0f903bc1dff8756213259cdf8166bc130fd5f82665e0ef6dae982f3", "os": "linux", "os_features": "", "os_version": null, "size": 14531668, "status": "active", "last_pulled": "2024-01-20T02:20:06.385248Z", "last_pushed": "2022-09-08T17:53:57.399871Z"}], "last_updated": "2022-09-08T17:54:09.305593Z", "last_updater": 358708, "last_updater_username": "yongtang", "name": "1.9.4", "repository": 1683600, "full_size": 15117049, "v2": true, "tag_status": "active", "tag_last_pulled": "2024-01-20T08:25:01.507685Z", "tag_last_pushed": "2022-09-08T17:54:09.305593Z", "media_type": "application/vnd.docker.distribution.manifest.list.v2+json", "content_type": "image", "digest": "sha256:b82e294de6be763f73ae71266c8f5466e7e03c69f3a1de96efd570284d35bb18"}, {"creator": 293260, "id": 222475375, "images": [{"architecture": "amd64", "features": "", "variant": null, "digest": "sha256:bdb36ee882c13135669cfc2bb91c808a33926ad1a411fee07bd2dc344bb8f782", "os": "linux", "os_features": "", "os_version": null, "size": 14833190, "status": "active", "last_pulled": "2024-01-20T08:41:56.560092Z", "last_pushed": "2022-05-27T17:31:54.389705Z"}, {"architecture": "amd64", "features": "", "variant": null, "digest": "sha256:dd78574bb17edbcd25e38ca838ddfb41de0c61817b47c1c272cc44b7764dc522", "os": "linux", "os_features": "", "os_version": null, "size": 14048961, "status": "active", "last_pulled": "2024-01-20T04:12:02.804739Z", "last_pushed": "2022-05-27T17:32:03.338424Z"}, {"architecture": "amd64", "features": "", "variant": null, "digest": "sha256:85c4677668f548da72cc0194663ae9d412cac8f239551ca90c0941c9c1ad8685", "os": "linux", "os_features": "", "os_version": null, "size": 13418489, "status": "active", "last_pulled": "2024-01-20T04:12:03.407551Z", "last_pushed": "2022-05-27T17:32:11.891056Z"}, {"architecture": "amd64", "features": "", "variant": null, "digest": "sha256:c4b9183dd354a96fd47706fb19194276f14736e968dd8f397a626762f877c53a", "os": "linux", "os_features": "", "os_version": null, "size": 11906302, "status": "active", "last_pulled": "2024-01-20T04:12:03.83643Z", "last_pushed": "2022-05-27T17:32:20.717469Z"}, {"architecture": "amd64", "features": "", "variant": null, "digest": "sha256:014cb3c58efd5482ab058492d2759e14f4a75ed492887153ddd1f5d15705e412", "os": "linux", "os_features": "", "os_version": null, "size": 12837894, "status": "active", "last_pulled": "2024-01-20T04:12:04.215107Z", "last_pushed": "2022-05-27T17:32:35.423084Z"}, {"architecture": "amd64", "features": "", "variant": null, "digest": "sha256:9cd6d03210d91f7f33b801a96d451ef9faca93191ee7822699f8285e066df08b", "os": "linux", "os_features": "", "os_version": null, "size": 14190865, "status": "active", "last_pulled": "2024-01-20T04:12:04.658868Z", "last_pushed": "2022-05-27T17:32:45.061856Z"}], "last_updated": "2022-05-27T17:33:07.505416Z", "last_updater": 293260, "last_updater_username": "miek", "name": "1.9.3", "repository": 1683600, "full_size": 14833190, "v2": true, "tag_status": "active", "tag_last_pulled": "2024-01-20T08:41:56.560092Z", "tag_last_pushed": "2022-05-27T17:33:07.505416Z", "media_type": "application/vnd.docker.distribution.manifest.list.v2+json", "content_type": "image"}, {"creator": 293260, "id": 211415588, "images": [{"architecture": "amd64", "features": "", "variant": null, "digest": "sha256:3fa2914bf332e50058af0286d4a9fa8bf499b28c46a9dafef883bf26cab9b770", "os": "linux", "os_features": "", "os_version": null, "size": 14816634, "status": "active", "last_pulled": "2024-01-20T08:32:53.443063Z", "last_pushed": "2022-05-10T15:55:34.118704Z"}, {"architecture": "amd64", "features": "", "variant": null, "digest": "sha256:a2f6dc58e786babc508cc790b41a5a81d38ffd6b0d4ece41c764f78e0909f9ba", "os": "linux", "os_features": "", "os_version": null, "size": 14033550, "status": "active", "last_pulled": "2024-01-20T02:20:00.321148Z", "last_pushed": "2022-05-10T15:55:44.203301Z"}, {"architecture": "amd64", "features": "", "variant": null, "digest": "sha256:a495d76cacb549950e352cbd108e48e922ba4ffc8aee32b011ad030700489ec1", "os": "linux", "os_features": "", "os_version": null, "size": 13397346, "status": "active", "last_pulled": "2024-01-20T02:20:00.877151Z", "last_pushed": "2022-05-10T15:55:53.411534Z"}, {"architecture": "amd64", "features": "", "variant": null, "digest": "sha256:3eb54f1071128e07149cd816d0f90f187ca7e14714d10e2cd2d89a99b9c5ec0b", "os": "linux", "os_features": "", "os_version": null, "size": 11897365, "status": "active", "last_pulled": "2024-01-20T02:20:01.141269Z", "last_pushed": "2022-05-10T15:56:02.335804Z"}, {"architecture": "amd64", "features": "", "variant": null, "digest": "sha256:2721db655c53aacd25caa8e0bd8bd0abb368527ed703b91e74a84f4f389c2015", "os": "linux", "os_features": "", "os_version": null, "size": 12825495, "status": "active", "last_pulled": "2024-01-20T02:20:01.425139Z", "last_pushed": "2022-05-10T15:56:11.421808Z"}, {"architecture": "amd64", "features": "", "variant": null, "digest": "sha256:f8a09c505b08b1c0efe923de48b9d3e61591a427c232b97c6ba4e00cfcca9a8a", "os": "linux", "os_features": "", "os_version": null, "size": 14171513, "status": "active", "last_pulled": "2024-01-20T02:20:01.773374Z", "last_pushed": "2022-05-10T15:56:26.444936Z"}], "last_updated": "2022-05-10T15:56:48.496997Z", "last_updater": 293260, "last_updater_username": "miek", "name": "1.9.2", "repository": 1683600, "full_size": 14816634, "v2": true, "tag_status": "active", "tag_last_pulled": "2024-01-20T08:32:53.443063Z", "tag_last_pushed": "2022-05-10T15:56:48.496997Z", "media_type": "application/vnd.docker.distribution.manifest.list.v2+json", "content_type": "image"}, {"creator": 293260, "id": 196881239, "images": [{"architecture": "amd64", "features": "", "variant": null, "digest": "sha256:74e2b0dbc6c9d7747231230ec2e4d9efcb475f8f3b27b285d73f82404dcc91c6", "os": "linux", "os_features": "", "os_version": null, "size": 13223525, "status": "active", "last_pulled": "2024-01-20T02:19:55.988941Z", "last_pushed": "2022-03-11T18:50:30.61479Z"}, {"architecture": "amd64", "features": "", "variant": null, "digest": "sha256:582dd63b4f3846f805a453abf74b64b852a9a46e5caea3cbb8081e121caae044", "os": "linux", "os_features": "", "os_version": null, "size": 12816761, "status": "active", "last_pulled": "2024-01-20T02:19:56.261497Z", "last_pushed": "2022-03-11T18:50:39.485116Z"}, {"architecture": "amd64", "features": "", "variant": null, "digest": "sha256:05d8086ab86069f8fdd043b2bc52c9397f5c6f8eba57946cd77757d786822ef2", "os": "linux", "os_features": "", "os_version": null, "size": 11159060, "status": "active", "last_pulled": "2024-01-20T02:19:56.549501Z", "last_pushed": "2022-03-11T18:50:48.569128Z"}, {"architecture": "amd64", "features": "", "variant": null, "digest": "sha256:bde552a948be64907cbff62e8d333addbbff3ea2be3a0738971c32b6956a3057", "os": "linux", "os_features": "", "os_version": null, "size": 14107336, "status": "active", "last_pulled": "2024-01-20T08:42:02.265007Z", "last_pushed": "2022-03-11T18:50:21.320332Z"}, {"architecture": "amd64", "features": "", "variant": null, "digest": "sha256:a484daba73a3a7dc976818560bdc557cf7fb31c384af477b8b46eb89cb35599d", "os": "linux", "os_features": "", "os_version": null, "size": 12131815, "status": "active", "last_pulled": "2024-01-20T02:19:56.822276Z", "last_pushed": "2022-03-11T18:50:57.894308Z"}, {"architecture": "amd64", "features": "", "variant": null, "digest": "sha256:22069035eb3493d81d22d2d8c25830808180b88532b885206082945c248b66f4", "os": "linux", "os_features": "", "os_version": null, "size": 13493093, "status": "active", "last_pulled": "2024-01-20T02:19:57.071569Z", "last_pushed": "2022-03-11T18:51:07.255117Z"}], "last_updated": "2022-03-11T18:51:29.856273Z", "last_updater": 293260, "last_updater_username": "miek", "name": "1.9.1", "repository": 1683600, "full_size": 14107336, "v2": true, "tag_status": "active", "tag_last_pulled": "2024-01-20T08:42:02.265007Z", "tag_last_pushed": "2022-03-11T18:51:29.856273Z", "media_type": "application/vnd.docker.distribution.manifest.list.v2+json", "content_type": "image"}, {"creator": 293260, "id": 191592754, "images": [{"architecture": "amd64", "features": "", "variant": null, "digest": "sha256:0ea13057996255e8785ffa4750fae5efd982f2c4976e58590616f5448f580c12", "os": "linux", "os_features": "", "os_version": null, "size": 14095877, "status": "active", "last_pulled": "2024-01-20T08:58:37.050981Z", "last_pushed": "2022-02-09T19:48:57.450907Z"}, {"architecture": "amd64", "features": "", "variant": null, "digest": "sha256:287fbb15b6021b3b6f7d2be1cd4ed0b4a197f90f7fa74a28b615cbaeb3c0c2f7", "os": "linux", "os_features": "", "os_version": null, "size": 13212076, "status": "active", "last_pulled": "2024-01-20T02:19:53.802894Z", "last_pushed": "2022-02-09T19:48:58.672868Z"}, {"architecture": "amd64", "features": "", "variant": null, "digest": "sha256:224c4ecc9d9eea3765d0beee0e624e6cf837230c370440bd38a7d9901dd04dc4", "os": "linux", "os_features": "", "os_version": null, "size": 12808981, "status": "active", "last_pulled": "2024-01-20T02:19:54.063357Z", "last_pushed": "2022-02-09T19:48:59.889276Z"}, {"architecture": "amd64", "features": "", "variant": null, "digest": "sha256:a2d1dfb89cb11574f40eab8693446291e632d76703f6255db544cf2734474829", "os": "linux", "os_features": "", "os_version": null, "size": 11147771, "status": "active", "last_pulled": "2024-01-20T02:19:54.33357Z", "last_pushed": "2022-02-09T19:49:01.106291Z"}, {"architecture": "amd64", "features": "", "variant": null, "digest": "sha256:e57db1026905ced2d7993a02f603c11d2383529fdcdff33b5cf8ac67fa444875", "os": "linux", "os_features": "", "os_version": null, "size": 12121966, "status": "active", "last_pulled": "2024-01-20T02:19:54.600175Z", "last_pushed": "2022-02-09T19:49:02.314853Z"}, {"architecture": "amd64", "features": "", "variant": null, "digest": "sha256:bee80d4d88da0dd4b8d040d4b23ac16a29b9bb8222d000cf0b47e95e4e158890", "os": "linux", "os_features": "", "os_version": null, "size": 13482209, "status": "active", "last_pulled": "2024-01-20T02:19:54.880377Z", "last_pushed": "2022-02-09T19:49:03.524503Z"}], "last_updated": "2022-02-09T19:48:19.309968Z", "last_updater": 293260, "last_updater_username": "miek", "name": "1.9.0", "repository": 1683600, "full_size": 14095877, "v2": true, "tag_status": "active", "tag_last_pulled": "2024-01-20T08:58:37.050981Z", "tag_last_pushed": "2022-02-09T19:48:19.309968Z", "media_type": "application/vnd.docker.distribution.manifest.list.v2+json", "content_type": "image"}, {"creator": 293260, "id": 186992036, "images": [{"architecture": "amd64", "features": "", "variant": null, "digest": "sha256:e90ea19b9922d4365d4c56d9e66707d3884421d24421dba667b8e8f2ca87be33", "os": "linux", "os_features": "", "os_version": null, "size": 13912189, "status": "active", "last_pulled": "2024-01-20T07:58:16.4244Z", "last_pushed": "2022-01-14T14:47:27.460702Z"}, {"architecture": "arm", "features": "", "variant": null, "digest": "sha256:2cfa9bcff1f0248cd7d48db667f33e246f8605bd974540fada36fba90f3bc95c", "os": "linux", "os_features": "", "os_version": null, "size": 13033487, "status": "active", "last_pulled": "2024-01-20T02:19:43.345125Z", "last_pushed": "2022-01-14T14:47:28.514482Z"}, {"architecture": "s390x", "features": "", "variant": null, "digest": "sha256:f0e3a58d915247790be08df97acd1195daeb81191331858d0b73dd78a964d396", "os": "linux", "os_features": "", "os_version": null, "size": 13303170, "status": "active", "last_pulled": "2024-01-20T02:19:44.441481Z", "last_pushed": "2022-01-14T14:47:32.901732Z"}, {"architecture": "mips64le", "features": "", "variant": null, "digest": "sha256:9d61014b667b25d56c469cf56232813a149c4b10cc834ebcb6421a51f9e7ed09", "os": "linux", "os_features": "", "os_version": null, "size": 10991835, "status": "active", "last_pulled": "2024-01-20T02:19:43.914986Z", "last_pushed": "2022-01-14T14:47:30.721759Z"}, {"architecture": "ppc64le", "features": "", "variant": null, "digest": "sha256:58e2d19b94a2abe6eced00b6811e0dddcb40d387bb985defdd366b208f1fad2c", "os": "linux", "os_features": "", "os_version": null, "size": 11959327, "status": "active", "last_pulled": "2024-01-20T02:19:44.174327Z", "last_pushed": "2022-01-14T14:47:31.839096Z"}, {"architecture": "arm64", "features": "", "variant": null, "digest": "sha256:4e933d6cddac196cd3fa6f6bcf9cdccbab6d09f21291c219b2f5717421e5cc66", "os": "linux", "os_features": "", "os_version": null, "size": 12643202, "status": "active", "last_pulled": "2024-01-20T02:19:43.623605Z", "last_pushed": "2022-01-14T14:47:29.624996Z"}], "last_updated": "2022-01-14T14:46:52.393025Z", "last_updater": 293260, "last_updater_username": "miek", "name": "1.8.7", "repository": 1683600, "full_size": 13912189, "v2": true, "tag_status": "active", "tag_last_pulled": "2024-01-20T07:58:16.4244Z", "tag_last_pushed": "2022-01-14T14:46:52.393025Z", "media_type": "application/vnd.docker.distribution.manifest.list.v2+json", "content_type": "image"}, {"creator": 293260, "id": 170927347, "images": [{"architecture": "arm", "features": "", "variant": null, "digest": "sha256:9320c447635d7bdea719d44d79f28e2d5a30b330e8949a530a1d232c92b1c8a4", "os": "linux", "os_features": "", "os_version": null, "size": 12664508, "status": "active", "last_pulled": "2024-01-20T02:19:31.985711Z", "last_pushed": "2021-10-07T13:18:27.636758Z"}, {"architecture": "s390x", "features": "", "variant": null, "digest": "sha256:54f5aa025e279efabf533730a5b2e476602a1bb50e6b8aa3fb8bf64a3ec7ab6e", "os": "linux", "os_features": "", "os_version": null, "size": 12967997, "status": "active", "last_pulled": "2024-01-20T02:19:33.158369Z", "last_pushed": "2021-10-07T13:18:31.891027Z"}, {"architecture": "amd64", "features": "", "variant": null, "digest": "sha256:8916c89e1538ea3941b58847e448a2c6d940c01b8e716b20423d2d8b189d3972", "os": "linux", "os_features": "", "os_version": null, "size": 13580447, "status": "active", "last_pulled": "2024-01-20T08:04:59.538027Z", "last_pushed": "2021-10-07T13:18:26.573677Z"}, {"architecture": "ppc64le", "features": "", "variant": null, "digest": "sha256:32b9dccca5504374c1121a9514cc3751175ddaaa8939f15735bda09358a9734c", "os": "linux", "os_features": "", "os_version": null, "size": 11658318, "status": "active", "last_pulled": "2024-01-20T02:19:32.907347Z", "last_pushed": "2021-10-07T13:18:30.850908Z"}, {"architecture": "arm64", "features": "", "variant": null, "digest": "sha256:7847ada4d72bc8b479122ad9963fbe073f563f1a982f5b76dbfc872184a4f518", "os": "linux", "os_features": "", "os_version": null, "size": 12313047, "status": "active", "last_pulled": "2024-01-20T02:19:32.353829Z", "last_pushed": "2021-10-07T13:18:28.693202Z"}, {"architecture": "mips64le", "features": "", "variant": null, "digest": "sha256:a8eeb4ce5d88b019f12d3ccca0e98622a32dfd300cf280d2f92e497e5f4e28ee", "os": "linux", "os_features": "", "os_version": null, "size": 10728439, "status": "active", "last_pulled": "2024-01-20T02:19:32.625647Z", "last_pushed": "2021-10-07T13:18:29.760237Z"}], "last_updated": "2021-10-07T13:17:52.533556Z", "last_updater": 293260, "last_updater_username": "miek", "name": "1.8.6", "repository": 1683600, "full_size": 13580447, "v2": true, "tag_status": "active", "tag_last_pulled": "2024-01-20T08:04:59.538027Z", "tag_last_pushed": "2021-10-07T13:17:52.533556Z", "media_type": "application/vnd.docker.distribution.manifest.list.v2+json", "content_type": "image"}, {"creator": 293260, "id": 168258242, "images": [{"architecture": "amd64", "features": "", "variant": null, "digest": "sha256:c042d4d242312b4b6e8c314c1a6d5f79b7de6a69829849883708b1e306f0ec1b", "os": "linux", "os_features": "", "os_version": null, "size": 13576680, "status": "active", "last_pulled": "2024-01-20T08:54:54.153987Z", "last_pushed": "2021-09-21T15:22:42.554516Z"}, {"architecture": "ppc64le", "features": "", "variant": null, "digest": "sha256:0d075d53caf128edc2aea7785bc9b40f521d522eb7927d63233b8408f2f87bf0", "os": "linux", "os_features": "", "os_version": null, "size": 11656683, "status": "active", "last_pulled": "2024-01-20T02:19:37.027036Z", "last_pushed": "2021-09-21T15:22:46.95532Z"}, {"architecture": "mips64le", "features": "", "variant": null, "digest": "sha256:0d3120b2e1fe92a74974c73b522de7634a4cd014e2eeb13a71b760f894a8bbf2", "os": "linux", "os_features": "", "os_version": null, "size": 10725374, "status": "active", "last_pulled": "2024-01-20T02:19:36.73638Z", "last_pushed": "2021-09-21T15:22:45.819185Z"}, {"architecture": "arm64", "features": "", "variant": null, "digest": "sha256:8ce545320d8c7bc92a065d8b3d3320cf0109410f68d4e794cad790fc3490105f", "os": "linux", "os_features": "", "os_version": null, "size": 12311119, "status": "active", "last_pulled": "2024-01-20T02:19:36.469495Z", "last_pushed": "2021-09-21T15:22:44.759552Z"}, {"architecture": "s390x", "features": "", "variant": null, "digest": "sha256:390ed45b8810fa7c470ff2fcf442bff3bd4101ae019f041452d82acae2493603", "os": "linux", "os_features": "", "os_version": null, "size": 12965511, "status": "active", "last_pulled": "2024-01-20T02:19:37.289883Z", "last_pushed": "2021-09-21T15:22:48.073063Z"}, {"architecture": "arm", "features": "", "variant": null, "digest": "sha256:7a23020924bbf06426bdaa53040958532a8bcf6170867e54ed31df019ec21f65", "os": "linux", "os_features": "", "os_version": null, "size": 12664003, "status": "active", "last_pulled": "2024-01-20T02:19:36.199421Z", "last_pushed": "2021-09-21T15:22:43.674224Z"}], "last_updated": "2021-09-21T15:22:08.561033Z", "last_updater": 293260, "last_updater_username": "miek", "name": "1.8.5", "repository": 1683600, "full_size": 13576680, "v2": true, "tag_status": "active", "tag_last_pulled": "2024-01-20T08:54:54.153987Z", "tag_last_pushed": "2021-09-21T15:22:08.561033Z", "media_type": "application/vnd.docker.distribution.manifest.list.v2+json", "content_type": "image"}, {"creator": 293260, "id": 151684763, "images": [{"architecture": "amd64", "features": "", "variant": null, "digest": "sha256:10683d82b024a58cc248c468c2632f9d1b260500f7cd9bb8e73f751048d7d6d4", "os": "linux", "os_features": "", "os_version": null, "size": 13702589, "status": "active", "last_pulled": "2024-01-20T08:43:55.777314Z", "last_pushed": "2021-05-28T10:38:27.183801Z"}, {"architecture": "mips64le", "features": "", "variant": null, "digest": "sha256:4470f1ffe48a687e9db495d4eb05fa5193df4be498c4235b7fbc553b5876b23d", "os": "linux", "os_features": "", "os_version": null, "size": 10797900, "status": "active", "last_pulled": "2024-01-20T02:19:42.760615Z", "last_pushed": "2021-05-28T10:38:30.311623Z"}, {"architecture": "arm64", "features": "", "variant": null, "digest": "sha256:bed4a2847d4f6d0a7d4e1aeba1aba8776401c838e349e2ddc027ea603204ddb5", "os": "linux", "os_features": "", "os_version": null, "size": 12258779, "status": "active", "last_pulled": "2024-01-20T02:19:42.430878Z", "last_pushed": "2021-05-28T10:38:29.276286Z"}, {"architecture": "s390x", "features": "", "variant": null, "digest": "sha256:48eff54acd96f22721ee933e242011d6f8e2f53e63112cb8157604eee01b30d1", "os": "linux", "os_features": "", "os_version": null, "size": 12986680, "status": "active", "last_pulled": "2024-01-20T02:19:43.277963Z", "last_pushed": "2021-05-28T10:38:32.448482Z"}, {"architecture": "arm", "features": "", "variant": null, "digest": "sha256:4daaba8d7eaa02d56b8b4b4ce345fb206975628744afa31e2d72eb58e1492dc6", "os": "linux", "os_features": "", "os_version": null, "size": 12640904, "status": "active", "last_pulled": "2024-01-20T02:19:42.128122Z", "last_pushed": "2021-05-28T10:38:28.231867Z"}, {"architecture": "ppc64le", "features": "", "variant": null, "digest": "sha256:ec1ddd4276c0fa3ee3908e91bcfe8608856b391a441b135145a79e632d79510e", "os": "linux", "os_features": "", "os_version": null, "size": 11624513, "status": "active", "last_pulled": "2024-01-20T02:19:43.015573Z", "last_pushed": "2021-05-28T10:38:31.348177Z"}], "last_updated": "2021-05-28T10:37:54.541324Z", "last_updater": 293260, "last_updater_username": "miek", "name": "1.8.4", "repository": 1683600, "full_size": 13702589, "v2": true, "tag_status": "active", "tag_last_pulled": "2024-01-20T08:43:55.777314Z", "tag_last_pushed": "2021-05-28T10:37:54.541324Z", "media_type": "application/vnd.docker.distribution.manifest.list.v2+json", "content_type": "image"}, {"creator": 293260, "id": 138860403, "images": [{"architecture": "arm", "features": "", "variant": null, "digest": "sha256:dfc241eae22da74dd378535b69d7927f897acf48424cdcb90991b33f412cb7ae", "os": "linux", "os_features": "", "os_version": null, "size": 11925771, "status": "active", "last_pulled": "2024-01-20T02:19:49.190719Z", "last_pushed": "2021-02-24T14:02:36.911353Z"}, {"architecture": "arm64", "features": "", "variant": null, "digest": "sha256:95552cb6e83c78034bf6112a8e014932fb58e617aacf602997b10e80228fd697", "os": "linux", "os_features": "", "os_version": null, "size": 11522126, "status": "active", "last_pulled": "2024-01-20T02:05:05.8191Z", "last_pushed": "2021-02-24T14:02:37.974749Z"}, {"architecture": "amd64", "features": "", "variant": null, "digest": "sha256:db4f1c57978d7372b50f416d1058beb60cebff9a0d5b8bee02bfe70302e1cb2f", "os": "linux", "os_features": "", "os_version": null, "size": 12888690, "status": "active", "last_pulled": "2024-01-20T08:19:57.048057Z", "last_pushed": "2021-02-24T14:02:35.855663Z"}, {"architecture": "ppc64le", "features": "", "variant": null, "digest": "sha256:ee748b5611225caa7f90217a73a8cd505ac55c5cd8c9c8a1e6d21289829866d5", "os": "linux", "os_features": "", "os_version": null, "size": 10930084, "status": "active", "last_pulled": "2024-01-20T02:19:50.050662Z", "last_pushed": "2021-02-24T14:02:40.145143Z"}, {"architecture": "s390x", "features": "", "variant": null, "digest": "sha256:2c67c4c415afd0d98bbdeafcc3586465afda8c0c7139b79093283564a181a69d", "os": "linux", "os_features": "", "os_version": null, "size": 12193566, "status": "active", "last_pulled": "2024-01-20T02:19:50.311216Z", "last_pushed": "2021-02-24T14:02:41.357611Z"}, {"architecture": "mips64le", "features": "", "variant": null, "digest": "sha256:38f7b5883dcd597f6de5fb18921082e0dca805f5cad7fd1edb6f73a42aae0d54", "os": "linux", "os_features": "", "os_version": null, "size": 10206684, "status": "active", "last_pulled": "2024-01-20T02:19:49.780419Z", "last_pushed": "2021-02-24T14:02:39.081717Z"}], "last_updated": "2021-02-24T14:02:00.888263Z", "last_updater": 293260, "last_updater_username": "miek", "name": "1.8.3", "repository": 1683600, "full_size": 12888690, "v2": true, "tag_status": "active", "tag_last_pulled": "2024-01-20T08:19:57.048057Z", "tag_last_pushed": "2021-02-24T14:02:00.888263Z", "media_type": "application/vnd.docker.distribution.manifest.list.v2+json", "content_type": "image"}, {"creator": 293260, "id": 17510299, "images": [{"architecture": "amd64", "features": "", "variant": null, "digest": "sha256:4befe265724bcb8fdbd475451d26ac8f68597de626243f28294cb3e620f932dc", "os": "linux", "os_features": "", "os_version": null, "size": 12506424, "status": "active", "last_pulled": "2024-01-20T08:12:08.024796Z", "last_pushed": "2021-01-21T08:40:42.389816Z"}], "last_updated": "2021-01-21T08:40:42.389816Z", "last_updater": 293260, "last_updater_username": "miek", "name": "coredns-s390x", "repository": 1683600, "full_size": 12506424, "v2": true, "tag_status": "active", "tag_last_pulled": "2024-01-20T08:12:08.024796Z", "tag_last_pushed": "2021-01-21T08:40:42.389816Z", "media_type": "application/vnd.docker.container.image.v1+json", "content_type": "image"}, {"creator": 293260, "id": 17510281, "images": [{"architecture": "amd64", "features": "", "variant": null, "digest": "sha256:f38ba8ff0f38d84a6381106ce8a187232a1e3c6b6c851546e8c8b7a13efb9b9b", "os": "linux", "os_features": "", "os_version": null, "size": 11271235, "status": "active", "last_pulled": "2024-01-20T09:01:31.855857Z", "last_pushed": "2021-01-21T08:40:29.653105Z"}], "last_updated": "2021-01-21T08:40:29.653105Z", "last_updater": 293260, "last_updater_username": "miek", "name": "coredns-ppc64le", "repository": 1683600, "full_size": 11271235, "v2": true, "tag_status": "active", "tag_last_pulled": "2024-01-20T09:01:31.855857Z", "tag_last_pushed": "2021-01-21T08:40:29.653105Z", "media_type": "application/vnd.docker.container.image.v1+json", "content_type": "image"}, {"creator": 293260, "id": 17510267, "images": [{"architecture": "amd64", "features": "", "variant": null, "digest": "sha256:8f50c3cfb9de7707b988d4e00d56fe9aa35ceec5246f5891a9e82b5f5aa26897", "os": "linux", "os_features": "", "os_version": null, "size": 11804872, "status": "active", "last_pulled": "2024-01-20T08:12:05.739466Z", "last_pushed": "2021-01-21T08:40:17.468693Z"}], "last_updated": "2021-01-21T08:40:17.468693Z", "last_updater": 293260, "last_updater_username": "miek", "name": "coredns-arm64", "repository": 1683600, "full_size": 11804872, "v2": true, "tag_status": "active", "tag_last_pulled": "2024-01-20T08:12:05.739466Z", "tag_last_pushed": "2021-01-21T08:40:17.468693Z", "media_type": "application/vnd.docker.container.image.v1+json", "content_type": "image"}, {"creator": 293260, "id": 17510250, "images": [{"architecture": "amd64", "features": "", "variant": null, "digest": "sha256:c508a98f881b41a96ea014795e9b5dd6b32085c5dcfc59bbf48ae66e7123b52b", "os": "linux", "os_features": "", "os_version": null, "size": 12092437, "status": "active", "last_pulled": "2024-01-20T08:12:04.711317Z", "last_pushed": "2021-01-21T08:40:05.10045Z"}], "last_updated": "2021-01-21T08:40:05.10045Z", "last_updater": 293260, "last_updater_username": "miek", "name": "coredns-arm", "repository": 1683600, "full_size": 12092437, "v2": true, "tag_status": "active", "tag_last_pulled": "2024-01-20T08:12:04.711317Z", "tag_last_pushed": "2021-01-21T08:40:05.10045Z", "media_type": "application/vnd.docker.container.image.v1+json", "content_type": "image"}, {"creator": 293260, "id": 17510229, "images": [{"architecture": "amd64", "features": "", "variant": null, "digest": "sha256:5cf05bc6da0ededf39fe562695a7915247c287f34e86bbe46efeec08fd5a1a45", "os": "linux", "os_features": "", "os_version": null, "size": 13146427, "status": "active", "last_pulled": "2024-01-20T08:12:03.639276Z", "last_pushed": "2021-01-21T08:39:51.696111Z"}], "last_updated": "2021-01-21T08:39:51.696111Z", "last_updater": 293260, "last_updater_username": "miek", "name": "coredns-amd64", "repository": 1683600, "full_size": 13146427, "v2": true, "tag_status": "active", "tag_last_pulled": "2024-01-20T08:12:03.639276Z", "tag_last_pushed": "2021-01-21T08:39:51.696111Z", "media_type": "application/vnd.docker.container.image.v1+json", "content_type": "image"}, {"creator": 293260, "id": 122679197, "images": [{"architecture": "amd64", "features": "", "variant": null, "digest": "sha256:10ecc12177735e5a6fd6fa0127202776128d860ed7ab0341780ddaeb1f6dfe61", "os": "linux", "os_features": "", "os_version": null, "size": 12940806, "status": "active", "last_pulled": "2024-01-20T08:30:14.205891Z", "last_pushed": "2020-10-22T08:59:51.188907Z"}, {"architecture": "ppc64le", "features": "", "variant": null, "digest": "sha256:0142f162a31427090e6713bfcf60eafecdd996623538ee73f39a2a2e75bf0944", "os": "linux", "os_features": "", "os_version": null, "size": 11104600, "status": "active", "last_pulled": "2024-01-20T02:19:51.504985Z", "last_pushed": "2020-10-22T09:00:23.358877Z"}, {"architecture": "arm", "features": "", "variant": null, "digest": "sha256:3bf466c28bbd8075d57f6201d9a8615a22c928ee6e0e7cbbea68233fcc2d65c3", "os": "linux", "os_features": "", "os_version": null, "size": 11905546, "status": "active", "last_pulled": "2024-01-20T02:19:50.944035Z", "last_pushed": "2020-10-22T09:00:02.46727Z"}, {"architecture": "s390x", "features": "", "variant": null, "digest": "sha256:95d9bdc00b3683e62627d6cd3b48b6507ec76d1d8c41d4109dd6cf1f13eefcfa", "os": "linux", "os_features": "", "os_version": null, "size": 12316340, "status": "active", "last_pulled": "2024-01-20T02:19:51.774619Z", "last_pushed": "2020-10-22T09:00:33.75823Z"}, {"architecture": "arm64", "features": "", "variant": null, "digest": "sha256:919b800fed6eaf6c9a55c3017c0aa3187bfe5d81abefbe49bb27f968458b94cc", "os": "linux", "os_features": "", "os_version": null, "size": 11626170, "status": "active", "last_pulled": "2024-01-20T08:00:54.1215Z", "last_pushed": "2020-10-22T09:00:13.557221Z"}], "last_updated": "2020-10-22T09:00:42.869523Z", "last_updater": 293260, "last_updater_username": "miek", "name": "1.8.0", "repository": 1683600, "full_size": 12940806, "v2": true, "tag_status": "active", "tag_last_pulled": "2024-01-20T08:30:14.205891Z", "tag_last_pushed": "2020-10-22T09:00:42.869523Z", "media_type": "application/vnd.docker.distribution.manifest.list.v2+json", "content_type": "image"}, {"creator": 293260, "id": 118249504, "images": [{"architecture": "amd64", "features": "", "variant": null, "digest": "sha256:d6f7ed5b44eee2623d58162cef14a3d937cf99d203effb4c1d71edba70313f24", "os": "linux", "os_features": "", "os_version": null, "size": 12931354, "status": "active", "last_pulled": "2024-01-20T08:42:01.600985Z", "last_pushed": "2020-09-21T15:23:58.687928Z"}, {"architecture": "arm", "features": "", "variant": null, "digest": "sha256:720ee6a863495204cd494411e270aa95772b4d4acb7b2fb26e3183f09f23fb03", "os": "linux", "os_features": "", "os_version": null, "size": 11894040, "status": "active", "last_pulled": "2024-01-20T02:19:40.87255Z", "last_pushed": "2020-09-21T15:24:10.262145Z"}, {"architecture": "arm64", "features": "", "variant": null, "digest": "sha256:e98e05b50afc6606d3e0a66e264175910651746262e4a4823299ec6c827ef72a", "os": "linux", "os_features": "", "os_version": null, "size": 11610738, "status": "active", "last_pulled": "2024-01-20T02:19:41.175192Z", "last_pushed": "2020-09-21T15:24:20.639655Z"}, {"architecture": "s390x", "features": "", "variant": null, "digest": "sha256:e6ee248c5f36a12890c03a38ae74d89778b4817be3317f6a77c07a7d79fe9477", "os": "linux", "os_features": "", "os_version": null, "size": 12299674, "status": "active", "last_pulled": "2024-01-20T02:19:41.719927Z", "last_pushed": "2020-09-21T15:24:44.216976Z"}, {"architecture": "ppc64le", "features": "", "variant": null, "digest": "sha256:6d4c0f067b74b9a7b30494c6bc7d978ae7f3a2a110dddd5a205fa83ae74168f1", "os": "linux", "os_features": "", "os_version": null, "size": 11093096, "status": "active", "last_pulled": "2024-01-20T02:19:41.44565Z", "last_pushed": "2020-09-21T15:24:33.660531Z"}], "last_updated": "2020-09-21T15:24:55.190771Z", "last_updater": 293260, "last_updater_username": "miek", "name": "1.7.1", "repository": 1683600, "full_size": 12931354, "v2": true, "tag_status": "active", "tag_last_pulled": "2024-01-20T08:42:01.600985Z", "tag_last_pushed": "2020-09-21T15:24:55.190771Z", "media_type": "application/vnd.docker.distribution.manifest.list.v2+json", "content_type": "image"}, {"creator": 293260, "id": 105355870, "images": [{"architecture": "ppc64le", "features": "", "variant": null, "digest": "sha256:d48ab94a7c7c5399be7dd8c42884f51eba96539d0b909d72721cca7a03b1928c", "os": "linux", "os_features": "", "os_version": null, "size": 12348094, "status": "active", "last_pulled": "2024-01-20T02:19:31.786324Z", "last_pushed": null}, {"architecture": "arm64", "features": "", "variant": null, "digest": "sha256:969a21696cff473cb4d36854b15118885fd414394d09444cfd111213fabcd982", "os": "linux", "os_features": "", "os_version": null, "size": 12751327, "status": "active", "last_pulled": "2024-01-20T02:19:31.485636Z", "last_pushed": null}, {"architecture": "amd64", "features": "", "variant": null, "digest": "sha256:242d440e3192ffbcecd40e9536891f4d9be46a650363f3a004497c2070f96f5a", "os": "linux", "os_features": "", "os_version": null, "size": 13978001, "status": "active", "last_pulled": "2024-01-20T08:17:07.040395Z", "last_pushed": null}, {"architecture": "arm", "features": "", "variant": null, "digest": "sha256:e9e08bce9d74a48723518a476f67ada25d00ed69dd3719c3fde41b10d390b0d0", "os": "linux", "os_features": "", "os_version": null, "size": 13061465, "status": "active", "last_pulled": "2024-01-20T02:19:31.21874Z", "last_pushed": null}, {"architecture": "s390x", "features": "", "variant": null, "digest": "sha256:a54747a80973587b1988fb9cf4bcc06034db0636818fc0fb763884de5e4a82a4", "os": "linux", "os_features": "", "os_version": null, "size": 13516813, "status": "active", "last_pulled": "2024-01-20T02:19:32.032485Z", "last_pushed": null}], "last_updated": "2020-06-18T00:57:23.836154Z", "last_updater": 293260, "last_updater_username": "miek", "name": "1.7.0", "repository": 1683600, "full_size": 13978001, "v2": true, "tag_status": "active", "tag_last_pulled": "2024-01-20T08:17:07.040395Z", "tag_last_pushed": "2020-06-18T00:57:23.836154Z", "media_type": "application/vnd.docker.distribution.manifest.list.v2+json", "content_type": "image"}, {"creator": 293260, "id": 92058343, "images": [{"architecture": "arm64", "features": "", "variant": null, "digest": "sha256:0b24ee66a96fb4142d4d0d7014f78507dda2a8da28567e858461eef5a0734402", "os": "linux", "os_features": "", "os_version": null, "size": 12213931, "status": "active", "last_pulled": "2024-01-20T02:19:26.507516Z", "last_pushed": null}, {"architecture": "amd64", "features": "", "variant": null, "digest": "sha256:2044ffefe18e2dd3d6781e532119603ee4e8622b6ba38884dc7ab53325435151", "os": "linux", "os_features": "", "os_version": null, "size": 13398749, "status": "active", "last_pulled": "2024-01-20T08:02:20.103321Z", "last_pushed": null}, {"architecture": "s390x", "features": "", "variant": null, "digest": "sha256:813e32be78a70066f549320acea67d48688e822a4debd3f2e360e442cfff27ab", "os": "linux", "os_features": "", "os_version": null, "size": 12954006, "status": "active", "last_pulled": "2024-01-20T02:19:27.050177Z", "last_pushed": null}, {"architecture": "arm", "features": "", "variant": null, "digest": "sha256:73190a0af4323b4556e2ffb54f0ee7def39e3bdbe6f15c1b43cb36f30789a6be", "os": "linux", "os_features": "", "os_version": null, "size": 12524538, "status": "active", "last_pulled": "2024-01-20T02:19:26.202145Z", "last_pushed": null}, {"architecture": "ppc64le", "features": "", "variant": null, "digest": "sha256:beb11740e2d9ce15dc7e9312eab435f6f197de5126bf677751151360a76f8fc7", "os": "linux", "os_features": "", "os_version": null, "size": 11848967, "status": "active", "last_pulled": "2024-01-20T02:19:26.773211Z", "last_pushed": null}], "last_updated": "2020-03-24T15:39:06.516513Z", "last_updater": 293260, "last_updater_username": "miek", "name": "1.6.9", "repository": 1683600, "full_size": 13398749, "v2": true, "tag_status": "active", "tag_last_pulled": "2024-01-20T08:02:20.103321Z", "tag_last_pushed": "2020-03-24T15:39:06.516513Z", "media_type": "application/vnd.docker.distribution.manifest.list.v2+json", "content_type": "image"}, {"creator": 293260, "id": 84380238, "images": [{"architecture": "amd64", "features": "", "variant": null, "digest": "sha256:695a5e109604331f843d2c435f488bf3f239a88aec49112d452c1cbf87e88405", "os": "linux", "os_features": "", "os_version": null, "size": 13594166, "status": "active", "last_pulled": "2024-01-20T08:49:37.332625Z", "last_pushed": null}, {"architecture": "arm", "features": "", "variant": null, "digest": "sha256:a8be13d1f9fbd24d75dbc2013bb37f810cd1aa217d135173dab6cdbef652485e", "os": "linux", "os_features": "", "os_version": null, "size": 12665907, "status": "active", "last_pulled": "2024-01-20T02:19:31.175474Z", "last_pushed": null}, {"architecture": "arm64", "features": "", "variant": null, "digest": "sha256:a46c07fa2a502040e5e7fe0cc7169165f09f348ee178b22d1fe4aa4cb959523e", "os": "linux", "os_features": "", "os_version": null, "size": 12363387, "status": "active", "last_pulled": "2024-01-20T02:19:31.435527Z", "last_pushed": null}, {"architecture": "s390x", "features": "", "variant": null, "digest": "sha256:fa01cc8aca57664cfd42e1a9b8188bccf1032dfc3485f0141623e461f6517a35", "os": "linux", "os_features": "", "os_version": null, "size": 13132271, "status": "active", "last_pulled": "2024-01-20T02:19:32.055622Z", "last_pushed": null}, {"architecture": "ppc64le", "features": "", "variant": null, "digest": "sha256:cf6908fdfa864f4243f4df8117da2b83355588e3c990d056110fc618b990980b", "os": "linux", "os_features": "", "os_version": null, "size": 11985788, "status": "active", "last_pulled": "2024-01-20T02:19:31.749263Z", "last_pushed": null}], "last_updated": "2020-01-28T19:20:00.683416Z", "last_updater": 293260, "last_updater_username": "miek", "name": "1.6.7", "repository": 1683600, "full_size": 13594166, "v2": true, "tag_status": "active", "tag_last_pulled": "2024-01-20T08:49:37.332625Z", "tag_last_pushed": "2020-01-28T19:20:00.683416Z", "media_type": "application/vnd.docker.distribution.manifest.list.v2+json", "content_type": "image"}, {"creator": 293260, "id": 79662379, "images": [{"architecture": "arm", "features": "", "variant": null, "digest": "sha256:4253b8a6d611d3f4bca6bda3d6b42a18c62f53ded86ffc90fcf899c0b2418beb", "os": "linux", "os_features": "", "os_version": null, "size": 12052530, "status": "active", "last_pulled": "2024-01-20T02:19:21.483458Z", "last_pushed": null}, {"architecture": "ppc64le", "features": "", "variant": null, "digest": "sha256:9b8c4f312f7de2aabf0f185def7aab0e2c2d94b6031865a6cb8e59cb6deff9c0", "os": "linux", "os_features": "", "os_version": null, "size": 11417946, "status": "active", "last_pulled": "2024-01-20T02:19:22.024447Z", "last_pushed": null}, {"architecture": "s390x", "features": "", "variant": null, "digest": "sha256:1f9c4e54674a55dd999fcc579edd50352650982201f2e5fff89463d4c54d637b", "os": "linux", "os_features": "", "os_version": null, "size": 12494473, "status": "active", "last_pulled": "2024-01-20T02:19:22.321565Z", "last_pushed": null}, {"architecture": "arm64", "features": "", "variant": null, "digest": "sha256:ecd504bb914da02ad98f1b7f3ef0a8a9686f3e6a793c7c2a0acd7578b362d753", "os": "linux", "os_features": "", "os_version": null, "size": 11771702, "status": "active", "last_pulled": "2024-01-20T02:19:21.750299Z", "last_pushed": null}, {"architecture": "amd64", "features": "", "variant": null, "digest": "sha256:46b237764fee52288a7ab075353c77d4e0de55e374c87474409091bd94e442af", "os": "linux", "os_features": "", "os_version": null, "size": 12927820, "status": "active", "last_pulled": "2024-01-20T08:42:01.35636Z", "last_pushed": null}], "last_updated": "2019-12-12T15:52:24.619966Z", "last_updater": 293260, "last_updater_username": "miek", "name": "1.6.6", "repository": 1683600, "full_size": 12927820, "v2": true, "tag_status": "active", "tag_last_pulled": "2024-01-20T08:42:01.35636Z", "tag_last_pushed": "2019-12-12T15:52:24.619966Z", "media_type": "application/vnd.docker.distribution.manifest.list.v2+json", "content_type": "image"}, {"creator": 293260, "id": 75102831, "images": [{"architecture": "s390x", "features": "", "variant": null, "digest": "sha256:a74672cb43e2f0189e18b0d585d5869ae819d7b9e3382f2cf5cac9aa1d8492e4", "os": "linux", "os_features": "", "os_version": null, "size": 12790707, "status": "active", "last_pulled": "2024-01-20T02:19:22.26217Z", "last_pushed": null}, {"architecture": "arm64", "features": "", "variant": null, "digest": "sha256:8e2f327692ba0ac4acb5bb4562ba25b949e0014a4a29462afe177d704d785f03", "os": "linux", "os_features": "", "os_version": null, "size": 12053059, "status": "active", "last_pulled": "2024-01-20T02:19:21.695418Z", "last_pushed": null}, {"architecture": "amd64", "features": "", "variant": null, "digest": "sha256:608ac7ccba5ce41c6941fca13bc67059c1eef927fd968b554b790e21cc92543c", "os": "linux", "os_features": "", "os_version": null, "size": 13235611, "status": "active", "last_pulled": "2024-01-20T08:02:16.304541Z", "last_pushed": null}, {"architecture": "arm", "features": "", "variant": null, "digest": "sha256:940ee9dbac91461fec810cfe2ba7253b91c93ee80cf217a6a233db3ac7532c9c", "os": "linux", "os_features": "", "os_version": null, "size": 12337918, "status": "active", "last_pulled": "2024-01-20T02:19:21.405048Z", "last_pushed": null}, {"architecture": "ppc64le", "features": "", "variant": null, "digest": "sha256:d7e8326e88e7c2035f4db77ad0859bd91ebd318715ee2155d3de299b782811de", "os": "linux", "os_features": "", "os_version": null, "size": 11700990, "status": "active", "last_pulled": "2024-01-20T02:19:21.984079Z", "last_pushed": null}], "last_updated": "2019-11-05T14:01:35.728121Z", "last_updater": 293260, "last_updater_username": "miek", "name": "1.6.5", "repository": 1683600, "full_size": 13235611, "v2": true, "tag_status": "active", "tag_last_pulled": "2024-01-20T08:02:16.304541Z", "tag_last_pushed": "2019-11-05T14:01:35.728121Z", "media_type": "application/vnd.docker.distribution.manifest.list.v2+json", "content_type": "image"}, {"creator": 293260, "id": 70421795, "images": [{"architecture": "arm", "features": "", "variant": null, "digest": "sha256:58c0954fe4f2020f61007a343c3b7fa6051f597772301ac086812c4228a5178c", "os": "linux", "os_features": "", "os_version": null, "size": 12257805, "status": "active", "last_pulled": "2024-01-20T02:19:21.079678Z", "last_pushed": null}, {"architecture": "amd64", "features": "", "variant": null, "digest": "sha256:22f830f19251e1c1a6e6a8dc237a4e3be7176d231237d397babae3aafaf78ed7", "os": "linux", "os_features": "", "os_version": null, "size": 13161791, "status": "active", "last_pulled": "2024-01-20T08:42:01.29755Z", "last_pushed": null}, {"architecture": "s390x", "features": "", "variant": null, "digest": "sha256:2d54fbb1611387793d6cfccfc07372b0ec766c7481819a110d4da4d60b79ec01", "os": "linux", "os_features": "", "os_version": null, "size": 12720002, "status": "active", "last_pulled": "2024-01-20T02:19:21.879949Z", "last_pushed": null}, {"architecture": "arm64", "features": "", "variant": null, "digest": "sha256:d46d3b81ae852f1cbac624d9df33f7463d1a03f90c69f66d5af165c58cae2141", "os": "linux", "os_features": "", "os_version": null, "size": 11977927, "status": "active", "last_pulled": "2024-01-20T02:19:21.348453Z", "last_pushed": null}, {"architecture": "ppc64le", "features": "", "variant": null, "digest": "sha256:1ab2a4b759dff3a1fc6a8de262e6632ab52804e61ea93cea9fae41f894f5c364", "os": "linux", "os_features": "", "os_version": null, "size": 11630590, "status": "active", "last_pulled": "2024-01-20T02:19:21.610241Z", "last_pushed": null}], "last_updated": "2019-09-27T13:54:25.359179Z", "last_updater": 293260, "last_updater_username": "miek", "name": "1.6.4", "repository": 1683600, "full_size": 13161791, "v2": true, "tag_status": "active", "tag_last_pulled": "2024-01-20T08:42:01.29755Z", "tag_last_pushed": "2019-09-27T13:54:25.359179Z", "media_type": "application/vnd.docker.distribution.manifest.list.v2+json", "content_type": "image"}, {"creator": 293260, "id": 67453399, "images": [{"architecture": "s390x", "features": "", "variant": null, "digest": "sha256:0f422d13366da733c3bbc249a1b4f1cc95fd36c4768483ca4f65090e3c63b9b4", "os": "linux", "os_features": "", "os_version": null, "size": 13805346, "status": "active", "last_pulled": "2024-01-20T02:19:17.299563Z", "last_pushed": null}, {"architecture": "arm", "features": "", "variant": null, "digest": "sha256:5333c6546b4753695e9524029480864f0f8bbf97abf53c5bcffd527e4f39c088", "os": "linux", "os_features": "", "os_version": null, "size": 13267608, "status": "active", "last_pulled": "2024-01-20T02:19:16.449518Z", "last_pushed": null}, {"architecture": "arm64", "features": "", "variant": null, "digest": "sha256:7eb40906c31a1610d9c1aeb5c818da5f68029f3e772ac226e2eac67965537017", "os": "linux", "os_features": "", "os_version": null, "size": 12955005, "status": "active", "last_pulled": "2024-01-20T02:19:16.699839Z", "last_pushed": null}, {"architecture": "amd64", "features": "", "variant": null, "digest": "sha256:ef941660dead21452320242f6849448cf95573549f6dcdf11efc4e67fffe7314", "os": "linux", "os_features": "", "os_version": null, "size": 14186654, "status": "active", "last_pulled": "2024-01-20T07:45:21.23016Z", "last_pushed": null}, {"architecture": "ppc64le", "features": "", "variant": null, "digest": "sha256:88fe8dd89a0a4cabd599f37b63cb699f60951f9984e07f662bc8dae9774c363e", "os": "linux", "os_features": "", "os_version": null, "size": 12586284, "status": "active", "last_pulled": "2024-01-20T02:19:16.984057Z", "last_pushed": null}], "last_updated": "2019-08-31T09:31:12.417589Z", "last_updater": 293260, "last_updater_username": "miek", "name": "1.6.3", "repository": 1683600, "full_size": 14186654, "v2": true, "tag_status": "active", "tag_last_pulled": "2024-01-20T07:45:21.23016Z", "tag_last_pushed": "2019-08-31T09:31:12.417589Z", "media_type": "application/vnd.docker.distribution.manifest.list.v2+json", "content_type": "image"}, {"creator": 293260, "id": 65356836, "images": [{"architecture": "arm64", "features": "", "variant": null, "digest": "sha256:71d5fc11f8fc9c1ed2484ca66109f5b7d9d3ece630110ff148b549d71f4a0d20", "os": "linux", "os_features": "", "os_version": null, "size": 12908810, "status": "active", "last_pulled": "2024-01-20T02:19:11.99825Z", "last_pushed": null}, {"architecture": "arm", "features": "", "variant": null, "digest": "sha256:be71a3f402740e6bd0ab7c2775f601290cb284c878b306ee82c36515c025e5bb", "os": "linux", "os_features": "", "os_version": null, "size": 13215031, "status": "active", "last_pulled": "2024-01-20T02:19:11.697541Z", "last_pushed": null}, {"architecture": "s390x", "features": "", "variant": null, "digest": "sha256:70584133afc25e13c84232f1762e16793ee90693768a22342b738f28f8a1eff3", "os": "linux", "os_features": "", "os_version": null, "size": 13749488, "status": "active", "last_pulled": "2024-01-20T02:19:12.529406Z", "last_pushed": null}, {"architecture": "amd64", "features": "", "variant": null, "digest": "sha256:4dd4d0e5bcc9bd0e8189f6fa4d4965ffa81207d8d99d29391f28cbd1a70a0163", "os": "linux", "os_features": "", "os_version": null, "size": 14119671, "status": "active", "last_pulled": "2024-01-20T08:28:45.231512Z", "last_pushed": null}, {"architecture": "ppc64le", "features": "", "variant": null, "digest": "sha256:a934605eb163dee97bc62c36440e4a3c6f1aeee077fcd8fe9326e6bb97023b37", "os": "linux", "os_features": "", "os_version": null, "size": 12549079, "status": "active", "last_pulled": "2024-01-20T02:19:12.282106Z", "last_pushed": null}], "last_updated": "2019-08-14T08:36:18.086061Z", "last_updater": 293260, "last_updater_username": "miek", "name": "1.6.2", "repository": 1683600, "full_size": 14119671, "v2": true, "tag_status": "active", "tag_last_pulled": "2024-01-20T08:28:45.231512Z", "tag_last_pushed": "2019-08-14T08:36:18.086061Z", "media_type": "application/vnd.docker.distribution.manifest.list.v2+json", "content_type": "image"}, {"creator": 293260, "id": 64186320, "images": [{"architecture": "s390x", "features": "", "variant": null, "digest": "sha256:a769233dd646e170f31846c3da37a30995a7cd88182c6597f2ef5c5ce4b9636e", "os": "linux", "os_features": "", "os_version": null, "size": 13110102, "status": "active", "last_pulled": "2024-01-20T02:19:12.100004Z", "last_pushed": null}, {"architecture": "amd64", "features": "", "variant": null, "digest": "sha256:c7bf0ce4123212c87db74050d4cbab77d8f7e0b49c041e894a35ef15827cf938", "os": "linux", "os_features": "", "os_version": null, "size": 13470360, "status": "active", "last_pulled": "2024-01-20T08:42:00.860081Z", "last_pushed": null}, {"architecture": "arm64", "features": "", "variant": null, "digest": "sha256:d4d5af826e11450294e453fdd6133cdbce0106a7e8727c2608abca46437dd50e", "os": "linux", "os_features": "", "os_version": null, "size": 12296634, "status": "active", "last_pulled": "2024-01-20T02:19:11.568263Z", "last_pushed": null}, {"architecture": "ppc64le", "features": "", "variant": null, "digest": "sha256:e6ba0eb47db539a3b9ac31f3d0eb42cb8f5253c9a014569deef7567609457060", "os": "linux", "os_features": "", "os_version": null, "size": 11953883, "status": "active", "last_pulled": "2024-01-20T02:19:11.836031Z", "last_pushed": null}, {"architecture": "arm", "features": "", "variant": null, "digest": "sha256:3bdda316be1099965d93d5f387751d8fa0a41340829bb30a9bab1318f4cdae00", "os": "linux", "os_features": "", "os_version": null, "size": 12591529, "status": "active", "last_pulled": "2024-01-20T02:19:11.2633Z", "last_pushed": null}], "last_updated": "2019-08-01T13:59:03.432635Z", "last_updater": 293260, "last_updater_username": "miek", "name": "1.6.1", "repository": 1683600, "full_size": 13470360, "v2": true, "tag_status": "active", "tag_last_pulled": "2024-01-20T08:42:00.860081Z", "tag_last_pushed": "2019-08-01T13:59:03.432635Z", "media_type": "application/vnd.docker.distribution.manifest.list.v2+json", "content_type": "image"}, {"creator": 293260, "id": 63781624, "images": [{"architecture": "amd64", "features": "", "variant": null, "digest": "sha256:43e0eb3ecf3731e69cd600f0480a3454e63973c72899a4cde6fc5a191f23f3bb", "os": "linux", "os_features": "", "os_version": null, "size": 13466764, "status": "active", "last_pulled": "2024-01-20T08:30:31.335168Z", "last_pushed": null}, {"architecture": "s390x", "features": "", "variant": null, "digest": "sha256:79b07fe67513dff2cc191d23921e514c319a54ed41898112729d16c3de5c90b4", "os": "linux", "os_features": "", "os_version": null, "size": 13106442, "status": "active", "last_pulled": "2024-01-20T02:19:02.396661Z", "last_pushed": null}, {"architecture": "arm64", "features": "", "variant": null, "digest": "sha256:9a86212158292e04a2bf677e2b4f514ec3c77c992e65cdf44819da153b6fded4", "os": "linux", "os_features": "", "os_version": null, "size": 12295382, "status": "active", "last_pulled": "2024-01-20T02:19:01.788519Z", "last_pushed": null}, {"architecture": "arm", "features": "", "variant": null, "digest": "sha256:395f9d50aad6645873824d47b3539a07dc316de42dfaa5cd9d070582b71f82aa", "os": "linux", "os_features": "", "os_version": null, "size": 12590278, "status": "active", "last_pulled": "2024-01-20T02:19:01.479809Z", "last_pushed": null}, {"architecture": "ppc64le", "features": "", "variant": null, "digest": "sha256:a4cfe41934a0ef34ba32f7d6ccbe3c9a4165b5cbc1ae333c590cb6f82e43d749", "os": "linux", "os_features": "", "os_version": null, "size": 11952904, "status": "active", "last_pulled": "2024-01-20T02:19:02.113782Z", "last_pushed": null}], "last_updated": "2019-07-28T20:26:21.123523Z", "last_updater": 293260, "last_updater_username": "miek", "name": "1.6.0", "repository": 1683600, "full_size": 13466764, "v2": true, "tag_status": "active", "tag_last_pulled": "2024-01-20T08:30:31.335168Z", "tag_last_pushed": "2019-07-28T20:26:21.123523Z", "media_type": "application/vnd.docker.distribution.manifest.list.v2+json", "content_type": "image"}, {"creator": 293260, "id": 60919433, "images": [{"architecture": "amd64", "features": "", "variant": null, "digest": "sha256:60ac1599b1f1609eebc3e3d045ddd124743f50889a972ba9b3e824b681dc051b", "os": "linux", "os_features": "", "os_version": null, "size": 13398426, "status": "active", "last_pulled": "2024-01-20T08:42:00.699678Z", "last_pushed": null}, {"architecture": "arm", "features": "", "variant": null, "digest": "sha256:e0d8e23778e8f0308555c5b49c16a2453bb8cd85029da88dc04ed1afbeaec416", "os": "linux", "os_features": "", "os_version": null, "size": 12529312, "status": "active", "last_pulled": "2024-01-20T02:19:02.064915Z", "last_pushed": null}, {"architecture": "ppc64le", "features": "", "variant": null, "digest": "sha256:95ece69a80ce85caa38b912d5657bb49136432f07a0fd13f0d83f6631b18cf8d", "os": "linux", "os_features": "", "os_version": null, "size": 11894129, "status": "active", "last_pulled": "2024-01-20T02:19:02.614315Z", "last_pushed": null}, {"architecture": "arm64", "features": "", "variant": null, "digest": "sha256:e45a35c68b94f1dbcf46da664c702785d8b3422391c77f1fb00720edebec0b0f", "os": "linux", "os_features": "", "os_version": null, "size": 12235579, "status": "active", "last_pulled": "2024-01-20T02:19:02.340149Z", "last_pushed": null}, {"architecture": "s390x", "features": "", "variant": null, "digest": "sha256:2807a8a003a7fc4fb896e87375f1a8563e95715467c2100e6e7418d68c9e87fe", "os": "linux", "os_features": "", "os_version": null, "size": 13038723, "status": "active", "last_pulled": "2024-01-20T02:19:02.915546Z", "last_pushed": null}], "last_updated": "2019-07-03T18:58:47.224998Z", "last_updater": 293260, "last_updater_username": "miek", "name": "1.5.2", "repository": 1683600, "full_size": 13398426, "v2": true, "tag_status": "active", "tag_last_pulled": "2024-01-20T08:42:00.699678Z", "tag_last_pushed": "2019-07-03T18:58:47.224998Z", "media_type": "application/vnd.docker.distribution.manifest.list.v2+json", "content_type": "image"}, {"creator": 293260, "id": 60144418, "images": [{"architecture": "amd64", "features": "", "variant": null, "digest": "sha256:cb0bd6967acc8d9f3f6f215e58e127b3cb01ff038b014485fcf6fe92f247cd24", "os": "linux", "os_features": "", "os_version": null, "size": 13015497, "status": "active", "last_pulled": "2024-01-20T08:32:33.662529Z", "last_pushed": null}, {"architecture": "s390x", "features": "", "variant": null, "digest": "sha256:3b09a144dde5b1d6dccae3d1444287c7ec8281385fc28133b36790f0623529bc", "os": "linux", "os_features": "", "os_version": null, "size": 12677205, "status": "active", "last_pulled": "2024-01-20T02:20:02.098161Z", "last_pushed": null}, {"architecture": "ppc64le", "features": "", "variant": null, "digest": "sha256:1602660866003ebc0163f14e9f765c4a11f7b7d96bd64a2a066eeb1f53e30f55", "os": "linux", "os_features": "", "os_version": null, "size": 11554890, "status": "active", "last_pulled": "2024-01-20T02:20:01.775492Z", "last_pushed": null}, {"architecture": "arm", "features": "", "variant": null, "digest": "sha256:878b7d415265aa37f3eb03d592079358c8be9fc0a81bb35fde1ac77bbda69d8e", "os": "linux", "os_features": "", "os_version": null, "size": 12179712, "status": "active", "last_pulled": "2024-01-20T02:20:01.07399Z", "last_pushed": null}, {"architecture": "arm64", "features": "", "variant": null, "digest": "sha256:ad065eb4f03b7e4108007947f928434f7de3f0ffa0f2ed729198d5f49329c56e", "os": "linux", "os_features": "", "os_version": null, "size": 11888926, "status": "active", "last_pulled": "2024-01-20T02:20:01.501908Z", "last_pushed": null}], "last_updated": "2019-06-26T12:23:55.61702Z", "last_updater": 293260, "last_updater_username": "miek", "name": "1.5.1", "repository": 1683600, "full_size": 13015497, "v2": true, "tag_status": "active", "tag_last_pulled": "2024-01-20T08:32:33.662529Z", "tag_last_pushed": "2019-06-26T12:23:55.61702Z", "media_type": "application/vnd.docker.distribution.manifest.list.v2+json", "content_type": "image"}, {"creator": 293260, "id": 52096089, "images": [{"architecture": "amd64", "features": "", "variant": null, "digest": "sha256:7987f0908caf347ac98bc23ef590eaf659dcdca661d57fdada563ccfe7edb043", "os": "linux", "os_features": "", "os_version": null, "size": 13337486, "status": "inactive", "last_pulled": null, "last_pushed": null}, {"architecture": "arm", "features": "", "variant": null, "digest": "sha256:7bb21dd904a1894381226107440d28b0d398d85aedfeb1731784669d8e349ad1", "os": "linux", "os_features": "", "os_version": null, "size": 12479050, "status": "inactive", "last_pulled": null, "last_pushed": null}, {"architecture": "arm64", "features": "", "variant": null, "digest": "sha256:72d0e7cdb16457fc0c90af7169fa98c66546aab290875a65aca26a496a39c122", "os": "linux", "os_features": "", "os_version": null, "size": 12177665, "status": "inactive", "last_pulled": null, "last_pushed": null}, {"architecture": "ppc64le", "features": "", "variant": null, "digest": "sha256:b5d44e93e395776ebe72daf82c0e4503a51ebf3eb945d3910d9b8e8ead213b20", "os": "linux", "os_features": "", "os_version": null, "size": 11850067, "status": "inactive", "last_pulled": null, "last_pushed": null}, {"architecture": "s390x", "features": "", "variant": null, "digest": "sha256:59af440c0450fcad7e1e91f8339b8327bcf5c321b4acd5c33e1f049234b073b2", "os": "linux", "os_features": "", "os_version": null, "size": 12991448, "status": "inactive", "last_pulled": null, "last_pushed": null}], "last_updated": "2019-04-07T12:53:23.164848Z", "last_updater": 293260, "last_updater_username": "miek", "name": "1.5.0", "repository": 1683600, "full_size": 13337486, "v2": true, "tag_status": "inactive", "tag_last_pulled": null, "tag_last_pushed": "2019-04-07T12:53:23.164848Z", "media_type": "application/vnd.docker.distribution.manifest.list.v2+json", "content_type": "image"}, {"creator": 293260, "id": 48535871, "images": [{"architecture": "amd64", "features": "", "variant": null, "digest": "sha256:a9e015907f63653e004cdd4141fd7ca388451839081024133861586aa43613a3", "os": "linux", "os_features": "", "os_version": null, "size": 12843361, "status": "inactive", "last_pulled": null, "last_pushed": null}], "last_updated": "2019-03-03T10:46:50.701116Z", "last_updater": 293260, "last_updater_username": "miek", "name": "1.4.0", "repository": 1683600, "full_size": 13189646, "v2": true, "tag_status": "inactive", "tag_last_pulled": null, "tag_last_pushed": "2019-03-03T10:46:50.701116Z", "media_type": "application/vnd.docker.distribution.manifest.list.v2+json", "content_type": "image"}, {"creator": 293260, "id": 44074776, "images": [{"architecture": "amd64", "features": "", "variant": null, "digest": "sha256:eb516548c180f8a6e0235034ccee2428027896af16a509786da13022fe95fe8c", "os": "linux", "os_features": "", "os_version": null, "size": 10932753, "status": "inactive", "last_pulled": null, "last_pushed": null}], "last_updated": "2019-01-13T14:55:12.636035Z", "last_updater": 293260, "last_updater_username": "miek", "name": "1.3.1", "repository": 1683600, "full_size": 12300583, "v2": true, "tag_status": "inactive", "tag_last_pulled": null, "tag_last_pushed": "2019-01-13T14:55:12.636035Z", "media_type": "application/vnd.docker.distribution.manifest.list.v2+json", "content_type": "image"}, {"creator": 293260, "id": 42579589, "images": [{"architecture": "amd64", "features": "", "variant": null, "digest": "sha256:2ee68ed074c6e06374666ad34098fb5a3a9602ac32c803acbdcc563523a902e1", "os": "linux", "os_features": "", "os_version": null, "size": 10931258, "status": "inactive", "last_pulled": null, "last_pushed": null}], "last_updated": "2018-12-15T15:55:24.850584Z", "last_updater": 293260, "last_updater_username": "miek", "name": "1.3.0", "repository": 1683600, "full_size": 12282468, "v2": true, "tag_status": "inactive", "tag_last_pulled": null, "tag_last_pushed": "2018-12-15T15:55:24.850584Z", "media_type": "application/vnd.docker.distribution.manifest.list.v2+json", "content_type": "image"}, {"creator": 293260, "id": 39182503, "images": [{"architecture": "amd64", "features": "", "variant": null, "digest": "sha256:f59dcacceff45b5474d1385cd5f500d0c019ed9ca50ed5b814ac0c5fcec8699e", "os": "linux", "os_features": "", "os_version": null, "size": 11046258, "status": "inactive", "last_pulled": null, "last_pushed": null}], "last_updated": "2018-11-04T18:11:41.962512Z", "last_updater": 293260, "last_updater_username": "miek", "name": "1.2.6", "repository": 1683600, "full_size": 12198970, "v2": true, "tag_status": "inactive", "tag_last_pulled": null, "tag_last_pushed": "2018-11-04T18:11:41.962512Z", "media_type": "application/vnd.docker.distribution.manifest.list.v2+json", "content_type": "image"}, {"creator": 293260, "id": 38266652, "images": [{"architecture": "amd64", "features": "", "variant": null, "digest": "sha256:bd254cf7211182cc29b420382b769c2a0228f5ef0bc27d5690db62afb2bf6ad3", "os": "linux", "os_features": "", "os_version": null, "size": 12199091, "status": "inactive", "last_pulled": null, "last_pushed": null}], "last_updated": "2018-10-24T20:13:24.327247Z", "last_updater": 293260, "last_updater_username": "miek", "name": "1.2.5", "repository": 1683600, "full_size": 12199091, "v2": true, "tag_status": "inactive", "tag_last_pulled": null, "tag_last_pushed": "2018-10-24T20:13:24.327247Z", "media_type": "application/vnd.docker.distribution.manifest.list.v2+json", "content_type": "image"}, {"creator": 293260, "id": 37750961, "images": [{"architecture": "amd64", "features": "", "variant": null, "digest": "sha256:d35fe8670379d749764757bc2ea43f7f7dac013ee04a2440be8607dadc8e83dd", "os": "linux", "os_features": "", "os_version": null, "size": 12186737, "status": "inactive", "last_pulled": null, "last_pushed": null}], "last_updated": "2018-10-17T21:57:55.147334Z", "last_updater": 293260, "last_updater_username": "miek", "name": "1.2.4", "repository": 1683600, "full_size": 12186737, "v2": true, "tag_status": "inactive", "tag_last_pulled": null, "tag_last_pushed": "2018-10-17T21:57:55.147334Z", "media_type": "application/vnd.docker.distribution.manifest.list.v2+json", "content_type": "image"}, {"creator": 293260, "id": 37569378, "images": [{"architecture": "amd64", "features": "", "variant": null, "digest": "sha256:d46263e07d7a31da97f7ae39e06de2dd9b395b2dca71a6fcf050f0129f99e432", "os": "linux", "os_features": "", "os_version": null, "size": 11817364, "status": "inactive", "last_pulled": null, "last_pushed": null}], "last_updated": "2018-10-16T06:42:15.612679Z", "last_updater": 293260, "last_updater_username": "miek", "name": "1.2.3", "repository": 1683600, "full_size": 12186730, "v2": true, "tag_status": "inactive", "tag_last_pulled": null, "tag_last_pushed": "2018-10-16T06:42:15.612679Z", "media_type": "application/vnd.docker.distribution.manifest.list.v2+json", "content_type": "image"}, {"creator": 293260, "id": 34124302, "images": [{"architecture": "amd64", "features": "", "variant": null, "digest": "sha256:367cdc8433a4581c3c9d01501b92ecd79666d23c41232013a7b11e5f7acb7eed", "os": "linux", "os_features": "", "os_version": null, "size": 11925648, "status": "inactive", "last_pulled": null, "last_pushed": null}], "last_updated": "2018-08-29T06:56:58.95769Z", "last_updater": 293260, "last_updater_username": "miek", "name": "1.2.2", "repository": 1683600, "full_size": 11925648, "v2": true, "tag_status": "inactive", "tag_last_pulled": null, "tag_last_pushed": "2018-08-29T06:56:58.95769Z", "media_type": "application/vnd.docker.distribution.manifest.list.v2+json", "content_type": "image"}, {"creator": 293260, "id": 33991612, "images": [{"architecture": "amd64", "features": "", "variant": null, "digest": "sha256:a575d86d4058a0215034e3f6bf7c7655c92efda9c5df1463faf8581fa0b99842", "os": "linux", "os_features": "", "os_version": null, "size": 10609654, "status": "inactive", "last_pulled": null, "last_pushed": null}], "last_updated": "2018-08-29T06:38:47.714295Z", "last_updater": 293260, "last_updater_username": "miek", "name": "1.2.1", "repository": 1683600, "full_size": 11925648, "v2": true, "tag_status": "inactive", "tag_last_pulled": null, "tag_last_pushed": "2018-08-29T06:38:47.714295Z", "media_type": "application/vnd.docker.distribution.manifest.list.v2+json", "content_type": "image"}, {"creator": 293260, "id": 30779287, "images": [{"architecture": "amd64", "features": "", "variant": null, "digest": "sha256:da1adafc0e78df1d69f96309da7d35f807f447fec75313d5580d290b2e806ea7", "os": "linux", "os_features": "", "os_version": null, "size": 10022643, "status": "inactive", "last_pulled": null, "last_pushed": null}], "last_updated": "2018-07-11T09:17:34.917014Z", "last_updater": 293260, "last_updater_username": "miek", "name": "1.2.0", "repository": 1683600, "full_size": 10135519, "v2": true, "tag_status": "inactive", "tag_last_pulled": null, "tag_last_pushed": "2018-07-11T09:17:34.917014Z", "media_type": "application/vnd.docker.distribution.manifest.list.v2+json", "content_type": "image"}, {"creator": 293260, "id": 29473344, "images": [{"architecture": "amd64", "features": "", "variant": null, "digest": "sha256:9919f856602659c1053375c6e6a6fe15172b96c7eadc14b41db2edd33a6922a9", "os": "linux", "os_features": "", "os_version": null, "size": 9771460, "status": "inactive", "last_pulled": null, "last_pushed": null}], "last_updated": "2018-06-19T17:31:12.746993Z", "last_updater": 293260, "last_updater_username": "miek", "name": "1.1.4", "repository": 1683600, "full_size": 9771460, "v2": true, "tag_status": "inactive", "tag_last_pulled": null, "tag_last_pushed": "2018-06-19T17:31:12.746993Z", "media_type": "application/vnd.docker.distribution.manifest.list.v2+json", "content_type": "image"}, {"creator": 293260, "id": 27917323, "images": [{"architecture": "amd64", "features": "", "variant": null, "digest": "sha256:b3b94275d97cb24e34af9bb70e8582c312596eaa33716b98b46e0dffdab2f6a4", "os": "linux", "os_features": "", "os_version": null, "size": 11200719, "status": "inactive", "last_pulled": null, "last_pushed": null}], "last_updated": "2018-05-24T07:44:29.31778Z", "last_updater": 293260, "last_updater_username": "miek", "name": "1.1.3", "repository": 1683600, "full_size": 15574927, "v2": true, "tag_status": "inactive", "tag_last_pulled": null, "tag_last_pushed": "2018-05-24T07:44:29.31778Z", "media_type": "application/vnd.docker.distribution.manifest.list.v2+json", "content_type": "image"}, {"creator": 293260, "id": 26100256, "images": [{"architecture": "amd64", "features": "", "variant": null, "digest": "sha256:8558f8c47fd76c05e4e9182e06a39a7d71453fd2c43a0c4d1a1817ba7c19e6d7", "os": "linux", "os_features": "", "os_version": null, "size": 10869528, "status": "inactive", "last_pulled": null, "last_pushed": null}], "last_updated": "2018-04-23T13:19:30.903492Z", "last_updater": 293260, "last_updater_username": "miek", "name": "1.1.2", "repository": 1683600, "full_size": 15709274, "v2": true, "tag_status": "inactive", "tag_last_pulled": null, "tag_last_pushed": "2018-04-23T13:19:30.903492Z", "media_type": "application/vnd.docker.distribution.manifest.list.v2+json", "content_type": "image"}, {"creator": 293260, "id": 24473673, "images": [{"architecture": "amd64", "features": "", "variant": null, "digest": "sha256:68af89c45ded625f2b38d729dd81eae53f5f18798d680a579d77798213bab7b4", "os": "linux", "os_features": "", "os_version": null, "size": 10865049, "status": "inactive", "last_pulled": null, "last_pushed": null}], "last_updated": "2018-03-25T16:55:16.267415Z", "last_updater": 293260, "last_updater_username": "miek", "name": "1.1.1", "repository": 1683600, "full_size": 15698036, "v2": true, "tag_status": "inactive", "tag_last_pulled": null, "tag_last_pushed": "2018-03-25T16:55:16.267415Z", "media_type": "application/vnd.docker.distribution.manifest.list.v2+json", "content_type": "image"}, {"creator": 293260, "id": 23771493, "images": [{"architecture": "amd64", "features": "", "variant": null, "digest": "sha256:0b63f082070473d03aebdbd137822d69f4040575d3e7379ad98e7799e878b1d7", "os": "linux", "os_features": "", "os_version": null, "size": 10865807, "status": "inactive", "last_pulled": null, "last_pushed": null}], "last_updated": "2018-03-13T15:24:28.598852Z", "last_updater": 293260, "last_updater_username": "miek", "name": "1.1.0", "repository": 1683600, "full_size": 15697502, "v2": true, "tag_status": "inactive", "tag_last_pulled": null, "tag_last_pushed": "2018-03-13T15:24:28.598852Z", "media_type": "application/vnd.docker.distribution.manifest.list.v2+json", "content_type": "image"}, {"creator": 293260, "id": 22681082, "images": [{"architecture": "amd64", "features": "", "variant": null, "digest": "sha256:d4b7466213fed89f316e35038c42ceefe21b51b63d17f01e06216f18293cd5d7", "os": "linux", "os_features": "", "os_version": null, "size": 10395366, "status": "inactive", "last_pulled": null, "last_pushed": null}], "last_updated": "2018-02-22T09:18:54.038107Z", "last_updater": 293260, "last_updater_username": "miek", "name": "1.0.6", "repository": 1683600, "full_size": 13447951, "v2": true, "tag_status": "inactive", "tag_last_pulled": null, "tag_last_pushed": "2018-02-22T09:18:54.038107Z", "media_type": "application/vnd.docker.distribution.manifest.list.v2+json", "content_type": "image"}, {"creator": 293260, "id": 21249394, "images": [{"architecture": "amd64", "features": "", "variant": null, "digest": "sha256:7f826e7d393d9e436e4a44682ff3bf3c841794215901702351fadfc04a700c55", "os": "linux", "os_features": "", "os_version": null, "size": 10670904, "status": "inactive", "last_pulled": null, "last_pushed": null}], "last_updated": "2018-01-25T21:07:06.313715Z", "last_updater": 293260, "last_updater_username": "miek", "name": "1.0.5", "repository": 1683600, "full_size": 15268116, "v2": true, "tag_status": "inactive", "tag_last_pulled": null, "tag_last_pushed": "2018-01-25T21:07:06.313715Z", "media_type": "application/vnd.docker.distribution.manifest.list.v2+json", "content_type": "image"}, {"creator": 293260, "id": 20843910, "images": [{"architecture": "amd64", "features": "", "variant": null, "digest": "sha256:7329b911e52a9debcace9090c373015ce3226af130ae4966d06693baeccc1dee", "os": "linux", "os_features": "", "os_version": null, "size": 13008433, "status": "inactive", "last_pulled": null, "last_pushed": null}], "last_updated": "2018-01-18T15:22:19.779978Z", "last_updater": 293260, "last_updater_username": "miek", "name": "1.0.4", "repository": 1683600, "full_size": 13008433, "v2": true, "tag_status": "inactive", "tag_last_pulled": null, "tag_last_pushed": "2018-01-18T15:22:19.779978Z", "media_type": "application/vnd.docker.distribution.manifest.list.v2+json", "content_type": "image"}, {"creator": 293260, "id": 20437979, "images": [{"architecture": "amd64", "features": "", "variant": null, "digest": "sha256:52df76dbe2a4a1313c8212d75a0e3cdd88d211208e7c1439cdff4218efdba139", "os": "linux", "os_features": "", "os_version": null, "size": 14646868, "status": "active", "last_pulled": "2024-01-20T08:41:58.889574Z", "last_pushed": null}, {"architecture": "ppc64le", "features": "", "variant": null, "digest": "sha256:d594b0af60227445c76caa56504774c7ce4c867077c59fabbab9e146c9546447", "os": "linux", "os_features": "", "os_version": null, "size": 9679948, "status": "active", "last_pulled": "2024-01-20T01:11:26.612736Z", "last_pushed": null}, {"architecture": "s390x", "features": "", "variant": null, "digest": "sha256:c425daf976c18e01e2a993584f191be993348c219a0d166f1e0e8c4d06a249fa", "os": "linux", "os_features": "", "os_version": null, "size": 10480932, "status": "active", "last_pulled": "2024-01-20T01:11:26.887818Z", "last_pushed": null}, {"architecture": "arm64", "features": "", "variant": null, "digest": "sha256:8dc4fca4eaad7649e1c5a8d69241af3296c349f72469b2d22a9dcfef6af18107", "os": "linux", "os_features": "", "os_version": null, "size": 9786431, "status": "active", "last_pulled": "2024-01-20T01:11:26.319136Z", "last_pushed": null}, {"architecture": "arm", "features": "", "variant": null, "digest": "sha256:c5e14fd758e4a237a11e629dacbe69ce5cb8cefe7982ceda346b27fe781154de", "os": "linux", "os_features": "", "os_version": null, "size": 10090224, "status": "active", "last_pulled": "2024-01-20T01:11:26.002237Z", "last_pushed": null}], "last_updated": "2018-01-10T20:16:29.629242Z", "last_updater": 293260, "last_updater_username": "miek", "name": "1.0.3", "repository": 1683600, "full_size": 14646868, "v2": true, "tag_status": "active", "tag_last_pulled": "2024-01-20T08:41:58.889574Z", "tag_last_pushed": "2018-01-10T20:16:29.629242Z", "media_type": "application/vnd.docker.distribution.manifest.list.v2+json", "content_type": "image"}, {"creator": 293260, "id": 20015157, "images": [{"architecture": "amd64", "features": "", "variant": null, "digest": "sha256:c69b86591dc0ffdc89a8b1ee8663e8f612b1b479a6d81e35df0454b05ed7f248", "os": "linux", "os_features": "", "os_version": null, "size": 15470366, "status": "active", "last_pulled": "2024-01-20T08:41:58.835814Z", "last_pushed": null}, {"architecture": "ppc64le", "features": "", "variant": null, "digest": "sha256:365ba3180bef700710c2e69050f3b0997d06ae5993a6cb7a66d07f6b581abe5d", "os": "linux", "os_features": "", "os_version": null, "size": 10447193, "status": "active", "last_pulled": "2024-01-20T01:11:24.774086Z", "last_pushed": null}, {"architecture": "arm64", "features": "", "variant": null, "digest": "sha256:8e935a34cf3095d6b4498f078fcec73269d0deb7f31d2a10b1c72ad7110a8bd3", "os": "linux", "os_features": "", "os_version": null, "size": 10524418, "status": "active", "last_pulled": "2024-01-20T01:11:24.30504Z", "last_pushed": null}, {"architecture": "s390x", "features": "", "variant": null, "digest": "sha256:a8c114dba527998a4b0cf309b88ecbb0220abe20dbc9af352f37bd2ae82775cd", "os": "linux", "os_features": "", "os_version": null, "size": 11282545, "status": "active", "last_pulled": "2024-01-20T01:11:25.064087Z", "last_pushed": null}, {"architecture": "arm", "features": "", "variant": null, "digest": "sha256:aef8f59c60214671676477da5aab955f42137a8d17bd7f000b43275a4e64314d", "os": "linux", "os_features": "", "os_version": null, "size": 10890108, "status": "active", "last_pulled": "2024-01-20T01:11:24.011125Z", "last_pushed": null}], "last_updated": "2017-12-31T09:44:53.603374Z", "last_updater": 293260, "last_updater_username": "miek", "name": "1.0.2", "repository": 1683600, "full_size": 15470366, "v2": true, "tag_status": "active", "tag_last_pulled": "2024-01-20T08:41:58.835814Z", "tag_last_pushed": "2017-12-31T09:44:53.603374Z", "media_type": "application/vnd.docker.distribution.manifest.list.v2+json", "content_type": "image"}, {"creator": 293260, "id": 19239787, "images": [{"architecture": "amd64", "features": "", "variant": null, "digest": "sha256:ecbd6e6aab5731bd219ac203f336ad0c15a4cf9507716af00cb64a9facf2c867", "os": "linux", "os_features": "", "os_version": null, "size": 15379751, "status": "active", "last_pulled": "2024-01-20T08:41:58.403035Z", "last_pushed": null}, {"architecture": "s390x", "features": "", "variant": null, "digest": "sha256:07e5d9f0f7aae897196dbc467c93135be227cbbab8043c84fce86888fe1fb097", "os": "linux", "os_features": "", "os_version": null, "size": 11197214, "status": "active", "last_pulled": "2024-01-20T01:11:24.901761Z", "last_pushed": null}, {"architecture": "arm", "features": "", "variant": null, "digest": "sha256:169a48ec5b9db660025e96f1c70823b6020f480dce8695dba8a1e38f72168d8c", "os": "linux", "os_features": "", "os_version": null, "size": 10809728, "status": "active", "last_pulled": "2024-01-20T01:11:24.053868Z", "last_pushed": null}, {"architecture": "arm64", "features": "", "variant": null, "digest": "sha256:f2ef33cebcbbe7128fd7da0c86d080eb750c3a3dd2866a67bc189e09222c7d3b", "os": "linux", "os_features": "", "os_version": null, "size": 10447268, "status": "active", "last_pulled": "2024-01-20T01:11:24.338531Z", "last_pushed": null}, {"architecture": "ppc64le", "features": "", "variant": null, "digest": "sha256:ea2b2687bdcd054d742ca3d759356c115889a07d20f11fdbcf8e1bb62a5bf056", "os": "linux", "os_features": "", "os_version": null, "size": 10370644, "status": "active", "last_pulled": "2024-01-20T01:11:24.633252Z", "last_pushed": null}], "last_updated": "2017-12-11T17:27:38.546392Z", "last_updater": 293260, "last_updater_username": "miek", "name": "1.0.1", "repository": 1683600, "full_size": 15379751, "v2": true, "tag_status": "active", "tag_last_pulled": "2024-01-20T08:41:58.403035Z", "tag_last_pushed": "2017-12-11T17:27:38.546392Z", "media_type": "application/vnd.docker.distribution.manifest.list.v2+json", "content_type": "image"}, {"creator": 293260, "id": 18830414, "images": [{"architecture": "amd64", "features": "", "variant": null, "digest": "sha256:040e9d0e23b7a1e75689d641bdb085e7e835ae036a15b0ec400f077687621d69", "os": "linux", "os_features": "", "os_version": null, "size": 15290624, "status": "active", "last_pulled": "2024-01-20T08:41:58.45514Z", "last_pushed": null}, {"architecture": "arm64", "features": "", "variant": null, "digest": "sha256:485caff6053c79993d5f21222569fe340f5d39c491cd92425aca2df08998347e", "os": "linux", "os_features": "", "os_version": null, "size": 10362890, "status": "active", "last_pulled": "2024-01-20T01:11:24.135558Z", "last_pushed": null}, {"architecture": "ppc64le", "features": "", "variant": null, "digest": "sha256:9440b316b071af962b30422ae3afe5699dcd5300645519f127cc6416c29b5fb5", "os": "linux", "os_features": "", "os_version": null, "size": 10287616, "status": "active", "last_pulled": "2024-01-20T01:11:24.452137Z", "last_pushed": null}, {"architecture": "arm", "features": "", "variant": null, "digest": "sha256:66e46adaef4c83672a721399262f5c8c88121a1cdc92f80abc965f64c9d0b6c3", "os": "linux", "os_features": "", "os_version": null, "size": 10724251, "status": "active", "last_pulled": "2024-01-20T01:11:23.833976Z", "last_pushed": null}, {"architecture": "s390x", "features": "", "variant": null, "digest": "sha256:1d9a3aefb071ecaacf8ad3ab96847f5ba02e701b8fe004d19c6418ce87b52678", "os": "linux", "os_features": "", "os_version": null, "size": 11102034, "status": "active", "last_pulled": "2024-01-20T01:11:24.71128Z", "last_pushed": null}], "last_updated": "2017-12-02T00:04:17.860894Z", "last_updater": 293260, "last_updater_username": "miek", "name": "1.0.0", "repository": 1683600, "full_size": 15290624, "v2": true, "tag_status": "active", "tag_last_pulled": "2024-01-20T08:41:58.45514Z", "tag_last_pushed": "2017-12-02T00:04:17.860894Z", "media_type": "application/vnd.docker.distribution.manifest.list.v2+json", "content_type": "image"}, {"creator": 293260, "id": 17510669, "images": [{"architecture": "amd64", "features": "", "variant": null, "digest": "sha256:6f2b9f28577e7c4becf09e9f57a70deddd9f83d8352a5c828566d720bc22f949", "os": "linux", "os_features": "", "os_version": null, "size": 15236471, "status": "active", "last_pulled": "2024-01-20T08:41:58.42637Z", "last_pushed": null}, {"architecture": "arm", "features": "", "variant": null, "digest": "sha256:13648f8cba2e014f84646c11b15ba47a1936bc211a9fea809c63987028da92f0", "os": "linux", "os_features": "", "os_version": null, "size": 10647311, "status": "active", "last_pulled": "2024-01-20T01:11:22.575712Z", "last_pushed": null}, {"architecture": "ppc64le", "features": "", "variant": null, "digest": "sha256:513ecad8c8929550a94ca428e08ddc968ef5db4c0a3aaa9e9c013ce24b2f6e57", "os": "linux", "os_features": "", "os_version": null, "size": 10233850, "status": "active", "last_pulled": "2024-01-20T01:11:23.142243Z", "last_pushed": null}, {"architecture": "arm64", "features": "", "variant": null, "digest": "sha256:9c452da7932696d082468fe3c5ffcb976259eef77650bb170eadb6c1b6f2c3fe", "os": "linux", "os_features": "", "os_version": null, "size": 10307256, "status": "active", "last_pulled": "2024-01-20T01:11:22.849814Z", "last_pushed": null}, {"architecture": "s390x", "features": "", "variant": null, "digest": "sha256:5b32b70ede943df782e0e72f3079e7eb16d2bef824bdd1cb7d553c669d729ca1", "os": "linux", "os_features": "", "os_version": null, "size": 11047636, "status": "active", "last_pulled": "2024-01-20T01:11:23.444112Z", "last_pushed": null}], "last_updated": "2017-11-03T22:05:47.47105Z", "last_updater": 293260, "last_updater_username": "miek", "name": "0.9.10", "repository": 1683600, "full_size": 15236471, "v2": true, "tag_status": "active", "tag_last_pulled": "2024-01-20T08:41:58.42637Z", "tag_last_pushed": "2017-11-03T22:05:47.47105Z", "media_type": "application/vnd.docker.distribution.manifest.list.v2+json", "content_type": "image"}, {"creator": 293260, "id": 16782281, "images": [{"architecture": "amd64", "features": "", "variant": null, "digest": "sha256:df5c2ebd6203d7ba62b91c24cc7c1c663efb4556c145083b5048bdc38bade44a", "os": "linux", "os_features": "", "os_version": null, "size": 15189577, "status": "active", "last_pulled": "2024-01-20T08:29:30.353663Z", "last_pushed": null}], "last_updated": "2017-10-19T06:35:15.164066Z", "last_updater": 293260, "last_updater_username": "miek", "name": "0.9.9", "repository": 1683600, "full_size": 15189577, "v2": true, "tag_status": "active", "tag_last_pulled": "2024-01-20T08:29:30.353663Z", "tag_last_pushed": "2017-10-19T06:35:15.164066Z", "media_type": "application/vnd.docker.container.image.v1+json", "content_type": "image"}, {"creator": 293260, "id": 15084315, "images": [{"architecture": "amd64", "features": "", "variant": null, "digest": "sha256:d3596431680bfa0220599c11f59d4c567408ac21af57d9ec6f2328f0bea8fd46", "os": "linux", "os_features": "", "os_version": null, "size": 14907429, "status": "active", "last_pulled": "2024-01-20T08:26:49.992373Z", "last_pushed": null}], "last_updated": "2017-09-10T18:36:38.443663Z", "last_updater": 293260, "last_updater_username": "miek", "name": "011", "repository": 1683600, "full_size": 14907429, "v2": true, "tag_status": "active", "tag_last_pulled": "2024-01-20T08:26:49.992373Z", "tag_last_pushed": "2017-09-10T18:36:38.443663Z", "media_type": "application/vnd.docker.container.image.v1+json", "content_type": "image"}, {"creator": 293260, "id": 13427451, "images": [{"architecture": "amd64", "features": "", "variant": null, "digest": "sha256:b010831452297a91ede477429d93371aad2c18a3c75b977eb1c60535f27dbd9f", "os": "linux", "os_features": "", "os_version": null, "size": 12883008, "status": "active", "last_pulled": "2024-01-20T08:19:00.526425Z", "last_pushed": null}], "last_updated": "2017-07-27T19:14:35.799406Z", "last_updater": 293260, "last_updater_username": "miek", "name": "007", "repository": 1683600, "full_size": 12883008, "v2": true, "tag_status": "active", "tag_last_pulled": "2024-01-20T08:19:00.526425Z", "tag_last_pushed": "2017-07-27T19:14:35.799406Z", "media_type": "application/vnd.docker.container.image.v1+json", "content_type": "image"}, {"creator": 258318, "id": 13368261, "images": [{"architecture": "amd64", "features": "", "variant": null, "digest": "sha256:45772ece0316b989bac28d4d8be0fb7d05f7455f38b3221590417a07abe10208", "os": "linux", "os_features": "", "os_version": null, "size": 12937221, "status": "active", "last_pulled": "2024-01-20T08:10:53.808318Z", "last_pushed": null}], "last_updated": "2017-07-26T15:55:05.299584Z", "last_updater": 258318, "last_updater_username": "johnbelamaric", "name": "006", "repository": 1683600, "full_size": 12937221, "v2": true, "tag_status": "active", "tag_last_pulled": "2024-01-20T08:10:53.808318Z", "tag_last_pushed": "2017-07-26T15:55:05.299584Z", "media_type": "application/vnd.docker.container.image.v1+json", "content_type": "image"}, {"creator": 293260, "id": 13353826, "images": [{"architecture": "amd64", "features": "", "variant": null, "digest": "sha256:b86904e36dd0a567155669131f2c5129fbcf3b0d3ae7640f52f3d62256eebc08", "os": "linux", "os_features": "", "os_version": null, "size": 14795425, "status": "active", "last_pulled": "2024-01-20T08:21:05.230524Z", "last_pushed": null}], "last_updated": "2017-07-26T15:26:28.083832Z", "last_updater": 293260, "last_updater_username": "miek", "name": "010", "repository": 1683600, "full_size": 14795425, "v2": true, "tag_status": "active", "tag_last_pulled": "2024-01-20T08:21:05.230524Z", "tag_last_pushed": "2017-07-26T15:26:28.083832Z", "media_type": "application/vnd.docker.container.image.v1+json", "content_type": "image"}, {"creator": 258318, "id": 13363645, "images": [{"architecture": "amd64", "features": "", "variant": null, "digest": "sha256:b13367ea8432f8528b2e5ff224cff9b9120fc9069fcc1c99c133b7951c819979", "os": "linux", "os_features": "", "os_version": null, "size": 12911206, "status": "active", "last_pulled": "2024-01-20T07:59:53.623577Z", "last_pushed": null}], "last_updated": "2017-07-26T14:25:21.107508Z", "last_updater": 258318, "last_updater_username": "johnbelamaric", "name": "008", "repository": 1683600, "full_size": 12911206, "v2": true, "tag_status": "active", "tag_last_pulled": "2024-01-20T07:59:53.623577Z", "tag_last_pushed": "2017-07-26T14:25:21.107508Z", "media_type": "application/vnd.docker.container.image.v1+json", "content_type": "image"}, {"creator": 258318, "id": 13363622, "images": [{"architecture": "amd64", "features": "", "variant": null, "digest": "sha256:3114cd283a764582e8e8230a2b233b6fa31efccc2448a3400ad3f2fa50406525", "os": "linux", "os_features": "", "os_version": null, "size": 14771780, "status": "active", "last_pulled": "2024-01-20T08:00:23.703964Z", "last_pushed": null}], "last_updated": "2017-07-26T14:24:57.441378Z", "last_updater": 258318, "last_updater_username": "johnbelamaric", "name": "009", "repository": 1683600, "full_size": 14771780, "v2": true, "tag_status": "active", "tag_last_pulled": "2024-01-20T08:00:23.703964Z", "tag_last_pushed": "2017-07-26T14:24:57.441378Z", "media_type": "application/vnd.docker.container.image.v1+json", "content_type": "image"}]