[{"creator": 5182594, "id": 78219147, "images": [{"architecture": "amd64", "features": "", "variant": null, "digest": "sha256:fe554df6c86aa3832ce47a3a74f56d70aa8a6166dc4ff07f578363759f7fa3f7", "os": "linux", "os_features": "", "os_version": null, "size": 106745511, "status": "active", "last_pulled": "2024-01-08T22:40:49.040331Z", "last_pushed": null}], "last_updated": "2019-12-09T22:23:40.228103Z", "last_updater": 5182594, "last_updater_username": "eclipsechebot", "name": "7.3.3", "repository": 4658192, "full_size": 106745511, "v2": true, "tag_status": "active", "tag_last_pulled": "2024-01-08T22:40:49.040331Z", "tag_last_pushed": "2019-12-09T22:23:40.228103Z", "media_type": "application/vnd.docker.container.image.v1+json", "content_type": "image"}, {"creator": 5182594, "id": 78348652, "images": [{"architecture": "amd64", "features": "", "variant": null, "digest": "sha256:be2f2df6178dcc2598453c7bf9dc878c06e4830f9c948f5ea5c2fcb0140bb5f0", "os": "linux", "os_features": "", "os_version": null, "size": 106657422, "status": "active", "last_pulled": "2024-01-08T22:40:49.074385Z", "last_pushed": null}], "last_updated": "2019-12-02T12:40:02.237527Z", "last_updater": 5182594, "last_updater_username": "eclipsechebot", "name": "7.5.1", "repository": 4658192, "full_size": 106657422, "v2": true, "tag_status": "active", "tag_last_pulled": "2024-01-08T22:40:49.074385Z", "tag_last_pushed": "2019-12-02T12:40:02.237527Z", "media_type": "application/vnd.docker.container.image.v1+json", "content_type": "image"}, {"creator": 5182594, "id": 77973498, "images": [{"architecture": "amd64", "features": "", "variant": null, "digest": "sha256:f7dd1fb78444d561239c6bf371999f5e13c2db199a87fafdd2198b9186f439eb", "os": "linux", "os_features": "", "os_version": null, "size": 106658205, "status": "active", "last_pulled": "2024-01-08T22:40:49.057044Z", "last_pushed": null}], "last_updated": "2019-11-27T15:26:34.462926Z", "last_updater": 5182594, "last_updater_username": "eclipsechebot", "name": "7.5.0", "repository": 4658192, "full_size": 106658205, "v2": true, "tag_status": "active", "tag_last_pulled": "2024-01-08T22:40:49.057044Z", "tag_last_pushed": "2019-11-27T15:26:34.462926Z", "media_type": "application/vnd.docker.container.image.v1+json", "content_type": "image"}, {"creator": 5182594, "id": 76349173, "images": [{"architecture": "amd64", "features": "", "variant": null, "digest": "sha256:b91e3c2ab5420f7e783ab41585fe3fd5fa24e0a1008bf779dfc2eb8bda001912", "os": "linux", "os_features": "", "os_version": null, "size": 106247265, "status": "active", "last_pulled": "2024-01-08T22:40:49.12638Z", "last_pushed": null}], "last_updated": "2019-11-19T16:04:56.530488Z", "last_updater": 5182594, "last_updater_username": "eclipsechebot", "name": "7.3.2", "repository": 4658192, "full_size": 106247265, "v2": true, "tag_status": "active", "tag_last_pulled": "2024-01-08T22:40:49.12638Z", "tag_last_pushed": "2019-11-19T16:04:56.530488Z", "media_type": "application/vnd.docker.container.image.v1+json", "content_type": "image"}, {"creator": 5182594, "id": 75264201, "images": [{"architecture": "amd64", "features": "", "variant": null, "digest": "sha256:cb39ccfdecb00ae3ff75d85987d145f7826c1905b7a2aa23e8c6ca7a9b9473aa", "os": "linux", "os_features": "", "os_version": null, "size": 106378297, "status": "active", "last_pulled": "2024-01-08T22:40:50.482304Z", "last_pushed": null}], "last_updated": "2019-11-06T13:23:06.866467Z", "last_updater": 5182594, "last_updater_username": "eclipsechebot", "name": "7.4.0", "repository": 4658192, "full_size": 106378297, "v2": true, "tag_status": "active", "tag_last_pulled": "2024-01-08T22:40:50.482304Z", "tag_last_pushed": "2019-11-06T13:23:06.866467Z", "media_type": "application/vnd.docker.container.image.v1+json", "content_type": "image"}, {"creator": 5182594, "id": 74071080, "images": [{"architecture": "amd64", "features": "", "variant": null, "digest": "sha256:37c49db6be66a2a11c9a2dba6c5105e2c7f6947c2965f7d237d1367e0334ad8f", "os": "linux", "os_features": "", "os_version": null, "size": 106167502, "status": "active", "last_pulled": "2024-01-08T22:40:50.516963Z", "last_pushed": null}], "last_updated": "2019-10-28T14:28:18.35113Z", "last_updater": 5182594, "last_updater_username": "eclipsechebot", "name": "7.3.1", "repository": 4658192, "full_size": 106167502, "v2": true, "tag_status": "active", "tag_last_pulled": "2024-01-08T22:40:50.516963Z", "tag_last_pushed": "2019-10-28T14:28:18.35113Z", "media_type": "application/vnd.docker.container.image.v1+json", "content_type": "image"}, {"creator": 5182594, "id": 72791586, "images": [{"architecture": "amd64", "features": "", "variant": null, "digest": "sha256:b838ca40fe97ef6429a1246ce4da54b5a35fe33171f65a2079348b238a63cfa8", "os": "linux", "os_features": "", "os_version": null, "size": 102753129, "status": "active", "last_pulled": "2024-01-18T18:51:15.083614Z", "last_pushed": null}], "last_updated": "2019-10-18T09:44:37.750404Z", "last_updater": 5182594, "last_updater_username": "eclipsechebot", "name": "7.3.0", "repository": 4658192, "full_size": 102753129, "v2": true, "tag_status": "active", "tag_last_pulled": "2024-01-18T18:51:15.083614Z", "tag_last_pushed": "2019-10-18T09:44:37.750404Z", "media_type": "application/vnd.docker.container.image.v1+json", "content_type": "image"}, {"creator": 5182594, "id": 70307607, "images": [{"architecture": "amd64", "features": "", "variant": null, "digest": "sha256:2ce0bd770cb9f305946f5cf568c65d773b4d2a12c5da62182faab45e329765a8", "os": "linux", "os_features": "", "os_version": null, "size": 89548923, "status": "active", "last_pulled": "2024-01-08T22:40:50.944417Z", "last_pushed": null}], "last_updated": "2019-09-26T18:52:17.22453Z", "last_updater": 5182594, "last_updater_username": "eclipsechebot", "name": "7.2.0", "repository": 4658192, "full_size": 89548923, "v2": true, "tag_status": "active", "tag_last_pulled": "2024-01-08T22:40:50.944417Z", "tag_last_pushed": "2019-09-26T18:52:17.22453Z", "media_type": "application/vnd.docker.container.image.v1+json", "content_type": "image"}, {"creator": 730844, "id": 67601119, "images": [{"architecture": "amd64", "features": "", "variant": null, "digest": "sha256:011b5cff61a6700bd85e4f003c9d33c25e0a461d12e57d4722069320b6f870ec", "os": "linux", "os_features": "", "os_version": null, "size": 89218096, "status": "active", "last_pulled": "2024-01-08T22:40:51.745418Z", "last_pushed": null}], "last_updated": "2019-09-03T17:40:26.783818Z", "last_updater": 730844, "last_updater_username": "riuvshin", "name": "7.1.0", "repository": 4658192, "full_size": 89218096, "v2": true, "tag_status": "active", "tag_last_pulled": "2024-01-08T22:40:51.745418Z", "tag_last_pushed": "2019-09-03T17:40:26.783818Z", "media_type": "application/vnd.docker.container.image.v1+json", "content_type": "image"}, {"creator": 730844, "id": 62403181, "images": [{"architecture": "amd64", "features": "", "variant": null, "digest": "sha256:743ef1ad7c7f74a96bcaaac3df178a069afe62c9b2a30ec18a3f84353df23fc7", "os": "linux", "os_features": "", "os_version": null, "size": 88469518, "status": "active", "last_pulled": "2024-01-08T22:40:51.888366Z", "last_pushed": null}], "last_updated": "2019-08-14T13:57:47.113108Z", "last_updater": 730844, "last_updater_username": "riuvshin", "name": "7.0.0-next", "repository": 4658192, "full_size": 88469518, "v2": true, "tag_status": "active", "tag_last_pulled": "2024-01-08T22:40:51.888366Z", "tag_last_pushed": "2019-08-14T13:57:47.113108Z", "media_type": "application/vnd.docker.container.image.v1+json", "content_type": "image"}, {"creator": 730844, "id": 65355545, "images": [{"architecture": "amd64", "features": "", "variant": null, "digest": "sha256:743ef1ad7c7f74a96bcaaac3df178a069afe62c9b2a30ec18a3f84353df23fc7", "os": "linux", "os_features": "", "os_version": null, "size": 88469518, "status": "active", "last_pulled": "2024-01-08T22:40:51.888366Z", "last_pushed": null}], "last_updated": "2019-08-14T08:27:04.598584Z", "last_updater": 730844, "last_updater_username": "riuvshin", "name": "7.0.0", "repository": 4658192, "full_size": 88469518, "v2": true, "tag_status": "active", "tag_last_pulled": "2024-01-08T22:40:51.888366Z", "tag_last_pushed": "2019-08-14T08:27:04.598584Z", "media_type": "application/vnd.docker.container.image.v1+json", "content_type": "image"}, {"creator": 730844, "id": 63336637, "images": [{"architecture": "amd64", "features": "", "variant": null, "digest": "sha256:752c89b1a02b732792df4d55e4d096ec304602f294e88eb49e2d45bc6b700577", "os": "linux", "os_features": "", "os_version": null, "size": 88151855, "status": "active", "last_pulled": "2024-01-08T22:40:52.151501Z", "last_pushed": null}], "last_updated": "2019-07-25T12:09:38.54552Z", "last_updater": 730844, "last_updater_username": "riuvshin", "name": "7.0.0-rc-4.0", "repository": 4658192, "full_size": 88151855, "v2": true, "tag_status": "active", "tag_last_pulled": "2024-01-08T22:40:52.151501Z", "tag_last_pushed": "2019-07-25T12:09:38.54552Z", "media_type": "application/vnd.docker.container.image.v1+json", "content_type": "image"}, {"creator": 730844, "id": 60701892, "images": [{"architecture": "amd64", "features": "", "variant": null, "digest": "sha256:03833982a58592d13a8d74900ee5df1fb4ed7eafe81890e626b189abe8b053d3", "os": "linux", "os_features": "", "os_version": null, "size": 87870370, "status": "active", "last_pulled": "2024-01-08T22:40:52.403657Z", "last_pushed": null}], "last_updated": "2019-07-16T11:42:34.72596Z", "last_updater": 730844, "last_updater_username": "riuvshin", "name": "7.0.0-rc-3.0", "repository": 4658192, "full_size": 87870370, "v2": true, "tag_status": "active", "tag_last_pulled": "2024-01-08T22:40:52.403657Z", "tag_last_pushed": "2019-07-16T11:42:34.72596Z", "media_type": "application/vnd.docker.container.image.v1+json", "content_type": "image"}, {"creator": 730844, "id": 62364012, "images": [{"architecture": "amd64", "features": "", "variant": null, "digest": "sha256:03833982a58592d13a8d74900ee5df1fb4ed7eafe81890e626b189abe8b053d3", "os": "linux", "os_features": "", "os_version": null, "size": 87870370, "status": "active", "last_pulled": "2024-01-08T22:40:52.403657Z", "last_pushed": null}], "last_updated": "2019-07-16T07:41:48.674527Z", "last_updater": 730844, "last_updater_username": "riuvshin", "name": "7.0.0-rc-4.0-SNAPSHOT", "repository": 4658192, "full_size": 87870370, "v2": true, "tag_status": "active", "tag_last_pulled": "2024-01-08T22:40:52.403657Z", "tag_last_pushed": "2019-07-16T07:41:48.674527Z", "media_type": "application/vnd.docker.container.image.v1+json", "content_type": "image"}, {"creator": 730844, "id": 57605672, "images": [{"architecture": "amd64", "features": "", "variant": null, "digest": "sha256:3eae931a88af7af09c8fad9d19d593773e7ca9e4164742628745f84ec2df2e64", "os": "linux", "os_features": "", "os_version": null, "size": 84847676, "status": "active", "last_pulled": "2024-01-08T22:40:53.150405Z", "last_pushed": null}], "last_updated": "2019-05-31T14:53:28.168819Z", "last_updater": 730844, "last_updater_username": "riuvshin", "name": "0.7.0", "repository": 4658192, "full_size": 84847676, "v2": true, "tag_status": "active", "tag_last_pulled": "2024-01-08T22:40:53.150405Z", "tag_last_pushed": "2019-05-31T14:53:28.168819Z", "media_type": "application/vnd.docker.container.image.v1+json", "content_type": "image"}, {"creator": 730844, "id": 51451235, "images": [{"architecture": "amd64", "features": "", "variant": null, "digest": "sha256:bd0866fe255756d3b71e15255705fd47139ab1f91b1b9b7b1884eea52b0d7fff", "os": "linux", "os_features": "", "os_version": null, "size": 82503746, "status": "active", "last_pulled": "2024-01-08T22:40:53.261429Z", "last_pushed": null}], "last_updated": "2019-04-01T16:04:37.504757Z", "last_updater": 730844, "last_updater_username": "riuvshin", "name": "0.5.0", "repository": 4658192, "full_size": 82503746, "v2": true, "tag_status": "active", "tag_last_pulled": "2024-01-08T22:40:53.261429Z", "tag_last_pushed": "2019-04-01T16:04:37.504757Z", "media_type": "application/vnd.docker.container.image.v1+json", "content_type": "image"}, {"creator": 730844, "id": 48903151, "images": [{"architecture": "amd64", "features": "", "variant": null, "digest": "sha256:7886b1c2c246d3765176c66aefc26871d364e8e010f3115ef91f32c11464041b", "os": "linux", "os_features": "", "os_version": null, "size": 82082688, "status": "active", "last_pulled": "2024-01-08T22:40:53.645678Z", "last_pushed": null}], "last_updated": "2019-04-01T07:55:09.961191Z", "last_updater": 730844, "last_updater_username": "riuvshin", "name": "0.4.0", "repository": 4658192, "full_size": 82082688, "v2": true, "tag_status": "active", "tag_last_pulled": "2024-01-08T22:40:53.645678Z", "tag_last_pushed": "2019-04-01T07:55:09.961191Z", "media_type": "application/vnd.docker.container.image.v1+json", "content_type": "image"}, {"creator": 5182594, "id": 46681219, "images": [{"architecture": "amd64", "features": "", "variant": null, "digest": "sha256:805b8df98f6cf8419975819b92da31932c9e0cd23081aec953d697a7ab0c6d81", "os": "linux", "os_features": "", "os_version": null, "size": 81687835, "status": "active", "last_pulled": "2024-01-20T09:08:30.098362Z", "last_pushed": null}], "last_updated": "2019-03-07T08:50:58.462177Z", "last_updater": 730844, "last_updater_username": "riuvshin", "name": "master", "repository": 4658192, "full_size": 81687835, "v2": true, "tag_status": "active", "tag_last_pulled": "2024-01-20T09:08:30.098362Z", "tag_last_pushed": "2019-03-07T08:50:58.462177Z", "media_type": "application/vnd.docker.container.image.v1+json", "content_type": "image"}, {"creator": 5182594, "id": 46445720, "images": [{"architecture": "amd64", "features": "", "variant": null, "digest": "sha256:5b694efa52b3ae99cbdf782f452b66d66ccb22795d563e538cd1eff74481fa97", "os": "linux", "os_features": "", "os_version": null, "size": 165146605, "status": "active", "last_pulled": "2024-01-08T22:40:54.546791Z", "last_pushed": null}], "last_updated": "2019-02-10T14:11:47.258636Z", "last_updater": 5182594, "last_updater_username": "eclipsechebot", "name": "0.3.19-nightly", "repository": 4658192, "full_size": 165146605, "v2": true, "tag_status": "active", "tag_last_pulled": "2024-01-08T22:40:54.546791Z", "tag_last_pushed": "2019-02-10T14:11:47.258636Z", "media_type": "application/vnd.docker.container.image.v1+json", "content_type": "image"}, {"creator": 730844, "id": 43021756, "images": [{"architecture": "amd64", "features": "", "variant": null, "digest": "sha256:1c5773fd69228c1c7994a79b040c5bc38fa75c202d05304e99e7b303e509d300", "os": "linux", "os_features": "", "os_version": null, "size": 165059037, "status": "active", "last_pulled": "2024-01-08T22:40:54.68957Z", "last_pushed": null}], "last_updated": "2019-02-07T17:33:35.34398Z", "last_updater": 5182594, "last_updater_username": "eclipsechebot", "name": "0.3.18-nightly", "repository": 4658192, "full_size": 165059037, "v2": true, "tag_status": "active", "tag_last_pulled": "2024-01-08T22:40:54.68957Z", "tag_last_pushed": "2019-02-07T17:33:35.34398Z", "media_type": "application/vnd.docker.container.image.v1+json", "content_type": "image"}, {"creator": 730844, "id": 44751157, "images": [{"architecture": "amd64", "features": "", "variant": null, "digest": "sha256:74ad8c61883231d648d68440848befbd2d5d8d1a97ef6a71eb3704e1536e092e", "os": "linux", "os_features": "", "os_version": null, "size": 164652017, "status": "active", "last_pulled": "2024-01-08T22:40:55.049015Z", "last_pushed": null}], "last_updated": "2019-01-22T13:53:44.469672Z", "last_updater": 730844, "last_updater_username": "riuvshin", "name": "0.3.18-6.17.1", "repository": 4658192, "full_size": 164652017, "v2": true, "tag_status": "active", "tag_last_pulled": "2024-01-08T22:40:55.049015Z", "tag_last_pushed": "2019-01-22T13:53:44.469672Z", "media_type": "application/vnd.docker.container.image.v1+json", "content_type": "image"}, {"creator": 730844, "id": 44647658, "images": [{"architecture": "amd64", "features": "", "variant": null, "digest": "sha256:74ad8c61883231d648d68440848befbd2d5d8d1a97ef6a71eb3704e1536e092e", "os": "linux", "os_features": "", "os_version": null, "size": 164652017, "status": "active", "last_pulled": "2024-01-08T22:40:55.049015Z", "last_pushed": null}], "last_updated": "2019-01-21T10:21:43.845623Z", "last_updater": 730844, "last_updater_username": "riuvshin", "name": "0.3.18-6.17.0", "repository": 4658192, "full_size": 164652017, "v2": true, "tag_status": "active", "tag_last_pulled": "2024-01-08T22:40:55.049015Z", "tag_last_pushed": "2019-01-21T10:21:43.845623Z", "media_type": "application/vnd.docker.container.image.v1+json", "content_type": "image"}, {"creator": 730844, "id": 43143507, "images": [{"architecture": "amd64", "features": "", "variant": null, "digest": "sha256:55801a7c59489344dd79af9055aba452f63ad214a5ec147b52d7e224de44e2a6", "os": "linux", "os_features": "", "os_version": null, "size": 164932349, "status": "active", "last_pulled": "2024-01-08T22:40:55.365867Z", "last_pushed": null}], "last_updated": "2019-01-15T17:22:14.316842Z", "last_updater": 730844, "last_updater_username": "riuvshin", "name": "0.3.18-rc", "repository": 4658192, "full_size": 164932349, "v2": true, "tag_status": "active", "tag_last_pulled": "2024-01-08T22:40:55.365867Z", "tag_last_pushed": "2019-01-15T17:22:14.316842Z", "media_type": "application/vnd.docker.container.image.v1+json", "content_type": "image"}, {"creator": 730844, "id": 43200858, "images": [{"architecture": "amd64", "features": "", "variant": null, "digest": "sha256:86eddf04ef86be1813cf39f4ebdcec8a2656d646579992f209390c0931e59f58", "os": "linux", "os_features": "", "os_version": null, "size": 165029133, "status": "active", "last_pulled": "2024-01-08T22:40:56.148591Z", "last_pushed": null}], "last_updated": "2018-12-27T14:05:18.81494Z", "last_updater": 730844, "last_updater_username": "riuvshin", "name": "0.3.18-6.16.0", "repository": 4658192, "full_size": 165029133, "v2": true, "tag_status": "active", "tag_last_pulled": "2024-01-08T22:40:56.148591Z", "tag_last_pushed": "2018-12-27T14:05:18.81494Z", "media_type": "application/vnd.docker.container.image.v1+json", "content_type": "image"}, {"creator": 730844, "id": 42083735, "images": [{"architecture": "amd64", "features": "", "variant": null, "digest": "sha256:c44b6af5c9f77cbda0e30dbbf9c3b04bf15fe759c3cb60991c5b8b8343f7b838", "os": "linux", "os_features": "", "os_version": null, "size": 166789422, "status": "active", "last_pulled": "2024-01-08T22:40:56.09769Z", "last_pushed": null}], "last_updated": "2018-12-20T20:18:18.017412Z", "last_updater": 730844, "last_updater_username": "riuvshin", "name": "0.3.17-nightly", "repository": 4658192, "full_size": 166789422, "v2": true, "tag_status": "active", "tag_last_pulled": "2024-01-08T22:40:56.09769Z", "tag_last_pushed": "2018-12-20T20:18:18.017412Z", "media_type": "application/vnd.docker.container.image.v1+json", "content_type": "image"}, {"creator": 730844, "id": 38680548, "images": [{"architecture": "amd64", "features": "", "variant": null, "digest": "sha256:6e69db24606cc81b7eff43a41e5cceda565921146d6178bebac9d7de20c900f1", "os": "linux", "os_features": "", "os_version": null, "size": 166108662, "status": "active", "last_pulled": "2024-01-08T22:40:56.470169Z", "last_pushed": null}], "last_updated": "2018-12-09T20:16:03.20116Z", "last_updater": 730844, "last_updater_username": "riuvshin", "name": "0.3.16-nightly", "repository": 4658192, "full_size": 166108662, "v2": true, "tag_status": "active", "tag_last_pulled": "2024-01-08T22:40:56.470169Z", "tag_last_pushed": "2018-12-09T20:16:03.20116Z", "media_type": "application/vnd.docker.container.image.v1+json", "content_type": "image"}, {"creator": 730844, "id": 41568130, "images": [{"architecture": "amd64", "features": "", "variant": null, "digest": "sha256:17cf35815e8999616d9846cef72a4658b93a7a6b2114869a0e0545c6e56bab7c", "os": "linux", "os_features": "", "os_version": null, "size": 166117278, "status": "active", "last_pulled": "2024-01-08T22:40:56.725857Z", "last_pushed": null}], "last_updated": "2018-12-05T16:51:36.518309Z", "last_updater": 730844, "last_updater_username": "riuvshin", "name": "0.3.16-6.15.0", "repository": 4658192, "full_size": 166117278, "v2": true, "tag_status": "active", "tag_last_pulled": "2024-01-08T22:40:56.725857Z", "tag_last_pushed": "2018-12-05T16:51:36.518309Z", "media_type": "application/vnd.docker.container.image.v1+json", "content_type": "image"}, {"creator": 730844, "id": 39839912, "images": [{"architecture": "amd64", "features": "", "variant": null, "digest": "sha256:7506a1bc51aaccb4ad668b26812e2cc168f6c522ab622af9a1ab3e39cfc17a7b", "os": "linux", "os_features": "", "os_version": null, "size": 166107163, "status": "active", "last_pulled": "2024-01-08T22:40:57.709482Z", "last_pushed": null}], "last_updated": "2018-12-04T21:16:15.987458Z", "last_updater": 730844, "last_updater_username": "riuvshin", "name": "0.3.16-rc", "repository": 4658192, "full_size": 166107163, "v2": true, "tag_status": "active", "tag_last_pulled": "2024-01-08T22:40:57.709482Z", "tag_last_pushed": "2018-12-04T21:16:15.987458Z", "media_type": "application/vnd.docker.container.image.v1+json", "content_type": "image"}, {"creator": 730844, "id": 40627466, "images": [{"architecture": "amd64", "features": "", "variant": null, "digest": "sha256:fc0829aadef52946d4e78ccffc1e748d41577d2e14f53998d32685e4b218b452", "os": "linux", "os_features": "", "os_version": null, "size": 164994314, "status": "active", "last_pulled": "2024-01-08T22:40:57.505388Z", "last_pushed": null}], "last_updated": "2018-11-23T12:21:33.032154Z", "last_updater": 730844, "last_updater_username": "riuvshin", "name": "0.3.16-6.14.2", "repository": 4658192, "full_size": 164994314, "v2": true, "tag_status": "active", "tag_last_pulled": "2024-01-08T22:40:57.505388Z", "tag_last_pushed": "2018-11-23T12:21:33.032154Z", "media_type": "application/vnd.docker.container.image.v1+json", "content_type": "image"}, {"creator": 730844, "id": 40141110, "images": [{"architecture": "amd64", "features": "", "variant": null, "digest": "sha256:fc0829aadef52946d4e78ccffc1e748d41577d2e14f53998d32685e4b218b452", "os": "linux", "os_features": "", "os_version": null, "size": 164994314, "status": "active", "last_pulled": "2024-01-08T22:40:57.505388Z", "last_pushed": null}], "last_updated": "2018-11-16T12:49:19.437951Z", "last_updater": 730844, "last_updater_username": "riuvshin", "name": "0.3.16-6.14.1", "repository": 4658192, "full_size": 164994314, "v2": true, "tag_status": "active", "tag_last_pulled": "2024-01-08T22:40:57.505388Z", "tag_last_pushed": "2018-11-16T12:49:19.437951Z", "media_type": "application/vnd.docker.container.image.v1+json", "content_type": "image"}, {"creator": 730844, "id": 39998927, "images": [{"architecture": "amd64", "features": "", "variant": null, "digest": "sha256:fc0829aadef52946d4e78ccffc1e748d41577d2e14f53998d32685e4b218b452", "os": "linux", "os_features": "", "os_version": null, "size": 164994314, "status": "active", "last_pulled": "2024-01-08T22:40:57.505388Z", "last_pushed": null}], "last_updated": "2018-11-14T22:53:38.536902Z", "last_updater": 730844, "last_updater_username": "riuvshin", "name": "0.3.16-6.14.0", "repository": 4658192, "full_size": 164994314, "v2": true, "tag_status": "active", "tag_last_pulled": "2024-01-08T22:40:57.505388Z", "tag_last_pushed": "2018-11-14T22:53:38.536902Z", "media_type": "application/vnd.docker.container.image.v1+json", "content_type": "image"}, {"creator": 730844, "id": 39544569, "images": [{"architecture": "amd64", "features": "", "variant": null, "digest": "sha256:4ce57fac7e9c8c3001067a5a7f045d0e5fd6f6560092e376c83c032f3dd4c1c8", "os": "linux", "os_features": "", "os_version": null, "size": 614273859, "status": "active", "last_pulled": "2024-01-08T22:40:57.846544Z", "last_pushed": null}], "last_updated": "2018-11-08T16:04:11.35782Z", "last_updater": 730844, "last_updater_username": "riuvshin", "name": "plugin-id-6.13.1", "repository": 4658192, "full_size": 614273859, "v2": true, "tag_status": "active", "tag_last_pulled": "2024-01-08T22:40:57.846544Z", "tag_last_pushed": "2018-11-08T16:04:11.35782Z", "media_type": "application/vnd.docker.container.image.v1+json", "content_type": "image"}, {"creator": 730844, "id": 37053982, "images": [{"architecture": "amd64", "features": "", "variant": null, "digest": "sha256:cc9f4b99534936dce95631003c12454de2b8f443a5c9eef6379ae6439064eab3", "os": "linux", "os_features": "", "os_version": null, "size": 615327576, "status": "active", "last_pulled": "2024-01-08T22:40:58.092057Z", "last_pushed": null}], "last_updated": "2018-10-28T20:13:34.278423Z", "last_updater": 730844, "last_updater_username": "riuvshin", "name": "plugin-id-nightly", "repository": 4658192, "full_size": 615327576, "v2": true, "tag_status": "active", "tag_last_pulled": "2024-01-08T22:40:58.092057Z", "tag_last_pushed": "2018-10-28T20:13:34.278423Z", "media_type": "application/vnd.docker.container.image.v1+json", "content_type": "image"}, {"creator": 730844, "id": 38267756, "images": [{"architecture": "amd64", "features": "", "variant": null, "digest": "sha256:4ce57fac7e9c8c3001067a5a7f045d0e5fd6f6560092e376c83c032f3dd4c1c8", "os": "linux", "os_features": "", "os_version": null, "size": 614273859, "status": "active", "last_pulled": "2024-01-08T22:40:57.846544Z", "last_pushed": null}], "last_updated": "2018-10-24T20:17:30.160154Z", "last_updater": 730844, "last_updater_username": "riuvshin", "name": "plugin-id-6.13.0", "repository": 4658192, "full_size": 614273859, "v2": true, "tag_status": "active", "tag_last_pulled": "2024-01-08T22:40:57.846544Z", "tag_last_pushed": "2018-10-24T20:17:30.160154Z", "media_type": "application/vnd.docker.container.image.v1+json", "content_type": "image"}, {"creator": 730844, "id": 38125956, "images": [{"architecture": "amd64", "features": "", "variant": null, "digest": "sha256:b1822eebc68fc5042a8904dba989db16d368227980917ad54459bb84c341c503", "os": "linux", "os_features": "", "os_version": null, "size": 612949058, "status": "active", "last_pulled": "2024-01-08T22:40:59.049666Z", "last_pushed": null}], "last_updated": "2018-10-23T14:36:12.622548Z", "last_updater": 730844, "last_updater_username": "riuvshin", "name": "plugin-id-rc", "repository": 4658192, "full_size": 612949058, "v2": true, "tag_status": "active", "tag_last_pulled": "2024-01-08T22:40:59.049666Z", "tag_last_pushed": "2018-10-23T14:36:12.622548Z", "media_type": "application/vnd.docker.container.image.v1+json", "content_type": "image"}, {"creator": 730844, "id": 37690012, "images": [{"architecture": "amd64", "features": "", "variant": null, "digest": "sha256:b1fd86a0a769588ed028f0c62e49f3020d5b14a7e1438fba205c7e371f3623f8", "os": "linux", "os_features": "", "os_version": null, "size": 544484004, "status": "active", "last_pulled": "2024-01-08T22:40:59.122265Z", "last_pushed": null}], "last_updated": "2018-10-17T10:09:09.608996Z", "last_updater": 730844, "last_updater_username": "riuvshin", "name": "0.3.14-6.12.2", "repository": 4658192, "full_size": 544484004, "v2": true, "tag_status": "active", "tag_last_pulled": "2024-01-08T22:40:59.122265Z", "tag_last_pushed": "2018-10-17T10:09:09.608996Z", "media_type": "application/vnd.docker.container.image.v1+json", "content_type": "image"}, {"creator": 730844, "id": 36664183, "images": [{"architecture": "amd64", "features": "", "variant": null, "digest": "sha256:022b42108abe4030b95f6913214281c673ecb4b5de612a48390e756e3d5084e3", "os": "linux", "os_features": "", "os_version": null, "size": 543661988, "status": "active", "last_pulled": "2024-01-08T22:40:59.273398Z", "last_pushed": null}], "last_updated": "2018-10-16T09:07:39.762269Z", "last_updater": 730844, "last_updater_username": "riuvshin", "name": "0.3.14-rc", "repository": 4658192, "full_size": 543661988, "v2": true, "tag_status": "active", "tag_last_pulled": "2024-01-08T22:40:59.273398Z", "tag_last_pushed": "2018-10-16T09:07:39.762269Z", "media_type": "application/vnd.docker.container.image.v1+json", "content_type": "image"}, {"creator": 730844, "id": 34584257, "images": [{"architecture": "amd64", "features": "", "variant": null, "digest": "sha256:8c331de2469361fecc091d9df78832e4052a7eb0cb88f2e530863f4615f4098a", "os": "linux", "os_features": "", "os_version": null, "size": 579713768, "status": "active", "last_pulled": "2024-01-08T22:40:59.546472Z", "last_pushed": null}], "last_updated": "2018-10-08T19:38:05.234209Z", "last_updater": 730844, "last_updater_username": "riuvshin", "name": "0.3.14-nightly", "repository": 4658192, "full_size": 579713768, "v2": true, "tag_status": "active", "tag_last_pulled": "2024-01-08T22:40:59.546472Z", "tag_last_pushed": "2018-10-08T19:38:05.234209Z", "media_type": "application/vnd.docker.container.image.v1+json", "content_type": "image"}, {"creator": 730844, "id": 36972178, "images": [{"architecture": "amd64", "features": "", "variant": null, "digest": "sha256:b1fd86a0a769588ed028f0c62e49f3020d5b14a7e1438fba205c7e371f3623f8", "os": "linux", "os_features": "", "os_version": null, "size": 544484004, "status": "active", "last_pulled": "2024-01-08T22:40:59.122265Z", "last_pushed": null}], "last_updated": "2018-10-08T14:42:09.88179Z", "last_updater": 730844, "last_updater_username": "riuvshin", "name": "0.3.14-6.12.1", "repository": 4658192, "full_size": 544484004, "v2": true, "tag_status": "active", "tag_last_pulled": "2024-01-08T22:40:59.122265Z", "tag_last_pushed": "2018-10-08T14:42:09.88179Z", "media_type": "application/vnd.docker.container.image.v1+json", "content_type": "image"}, {"creator": 730844, "id": 36816998, "images": [{"architecture": "amd64", "features": "", "variant": null, "digest": "sha256:b1fd86a0a769588ed028f0c62e49f3020d5b14a7e1438fba205c7e371f3623f8", "os": "linux", "os_features": "", "os_version": null, "size": 544484004, "status": "active", "last_pulled": "2024-01-08T22:40:59.122265Z", "last_pushed": null}], "last_updated": "2018-10-05T12:31:57.081672Z", "last_updater": 730844, "last_updater_username": "riuvshin", "name": "0.3.14-6.12.0", "repository": 4658192, "full_size": 544484004, "v2": true, "tag_status": "active", "tag_last_pulled": "2024-01-08T22:40:59.122265Z", "tag_last_pushed": "2018-10-05T12:31:57.081672Z", "media_type": "application/vnd.docker.container.image.v1+json", "content_type": "image"}, {"creator": 730844, "id": 35715284, "images": [{"architecture": "amd64", "features": "", "variant": null, "digest": "sha256:8f4250ad781e3e598605a039807493e3c8c0dc2af627800286b21ff82c3da5b5", "os": "linux", "os_features": "", "os_version": null, "size": 536770777, "status": "active", "last_pulled": "2024-01-08T22:41:00.501359Z", "last_pushed": null}], "last_updated": "2018-09-20T16:26:40.377207Z", "last_updater": 730844, "last_updater_username": "riuvshin", "name": "0.3.14-6.11.1", "repository": 4658192, "full_size": 536770777, "v2": true, "tag_status": "active", "tag_last_pulled": "2024-01-08T22:41:00.501359Z", "tag_last_pushed": "2018-09-20T16:26:40.377207Z", "media_type": "application/vnd.docker.container.image.v1+json", "content_type": "image"}, {"creator": 730844, "id": 35114161, "images": [{"architecture": "amd64", "features": "", "variant": null, "digest": "sha256:8f4250ad781e3e598605a039807493e3c8c0dc2af627800286b21ff82c3da5b5", "os": "linux", "os_features": "", "os_version": null, "size": 536770777, "status": "active", "last_pulled": "2024-01-08T22:41:00.501359Z", "last_pushed": null}], "last_updated": "2018-09-12T16:37:16.63989Z", "last_updater": 730844, "last_updater_username": "riuvshin", "name": "0.3.14-6.11.0", "repository": 4658192, "full_size": 536770777, "v2": true, "tag_status": "active", "tag_last_pulled": "2024-01-08T22:41:00.501359Z", "tag_last_pushed": "2018-09-12T16:37:16.63989Z", "media_type": "application/vnd.docker.container.image.v1+json", "content_type": "image"}, {"creator": 730844, "id": 32076610, "images": [{"architecture": "amd64", "features": "", "variant": null, "digest": "sha256:4947358f739f58d7ee58147af94f63a518d97651d46eee9b3034e5e1214ab8a1", "os": "linux", "os_features": "", "os_version": null, "size": 588124458, "status": "active", "last_pulled": "2024-01-08T22:41:00.483019Z", "last_pushed": null}], "last_updated": "2018-09-04T19:10:02.453316Z", "last_updater": 730844, "last_updater_username": "riuvshin", "name": "0.3.13-nightly", "repository": 4658192, "full_size": 588124458, "v2": true, "tag_status": "active", "tag_last_pulled": "2024-01-08T22:41:00.483019Z", "tag_last_pushed": "2018-09-04T19:10:02.453316Z", "media_type": "application/vnd.docker.container.image.v1+json", "content_type": "image"}, {"creator": 730844, "id": 33594305, "images": [{"architecture": "amd64", "features": "", "variant": null, "digest": "sha256:25ed5fa7610d32717e7381765fe0052ab790a82f64f6de3e7111f43143545c1f", "os": "linux", "os_features": "", "os_version": null, "size": 588566883, "status": "active", "last_pulled": "2024-01-08T22:41:00.63845Z", "last_pushed": null}], "last_updated": "2018-08-21T19:55:50.408855Z", "last_updater": 730844, "last_updater_username": "riuvshin", "name": "0.3.13-6.10.0", "repository": 4658192, "full_size": 588566883, "v2": true, "tag_status": "active", "tag_last_pulled": "2024-01-08T22:41:00.63845Z", "tag_last_pushed": "2018-08-21T19:55:50.408855Z", "media_type": "application/vnd.docker.container.image.v1+json", "content_type": "image"}, {"creator": 730844, "id": 32256495, "images": [{"architecture": "amd64", "features": "", "variant": null, "digest": "sha256:a54403b20b46b488b6c178a50a690e381e3a37288c2fc2e6a7560caa8edd42bb", "os": "linux", "os_features": "", "os_version": null, "size": 542337328, "status": "active", "last_pulled": "2024-01-08T22:41:00.951016Z", "last_pushed": null}], "last_updated": "2018-08-02T12:39:56.628829Z", "last_updater": 730844, "last_updater_username": "riuvshin", "name": "0.3.13-6.9.0", "repository": 4658192, "full_size": 542337328, "v2": true, "tag_status": "active", "tag_last_pulled": "2024-01-08T22:41:00.951016Z", "tag_last_pushed": "2018-08-02T12:39:56.628829Z", "media_type": "application/vnd.docker.container.image.v1+json", "content_type": "image"}, {"creator": 730844, "id": 29901499, "images": [{"architecture": "amd64", "features": "", "variant": null, "digest": "sha256:1bddc617f98f13d3ce25063b0ac51d8cbbfe0eb976810778469ee326d21e46d3", "os": "linux", "os_features": "", "os_version": null, "size": 331896094, "status": "active", "last_pulled": "2024-01-08T22:41:01.895911Z", "last_pushed": null}], "last_updated": "2018-07-30T18:41:03.243081Z", "last_updater": 730844, "last_updater_username": "riuvshin", "name": "0.4.0-next.b17727c1-nightly", "repository": 4658192, "full_size": 331896094, "v2": true, "tag_status": "active", "tag_last_pulled": "2024-01-08T22:41:01.895911Z", "tag_last_pushed": "2018-07-30T18:41:03.243081Z", "media_type": "application/vnd.docker.container.image.v1+json", "content_type": "image"}, {"creator": 730844, "id": 30739909, "images": [{"architecture": "amd64", "features": "", "variant": null, "digest": "sha256:032ce2cff695b21e0bfe7c3916409da32d9972b4b3efce397a85bb29d3d110d6", "os": "linux", "os_features": "", "os_version": null, "size": 626279367, "status": "active", "last_pulled": "2024-01-08T22:41:01.921844Z", "last_pushed": null}], "last_updated": "2018-07-10T19:25:56.779649Z", "last_updater": 730844, "last_updater_username": "riuvshin", "name": "0.4.0-next.b17727c1-6.8.0", "repository": 4658192, "full_size": 626279367, "v2": true, "tag_status": "active", "tag_last_pulled": "2024-01-08T22:41:01.921844Z", "tag_last_pushed": "2018-07-10T19:25:56.779649Z", "media_type": "application/vnd.docker.container.image.v1+json", "content_type": "image"}, {"creator": 730844, "id": 29945490, "images": [{"architecture": "amd64", "features": "", "variant": null, "digest": "sha256:29ea673ed40a740e4ad9b66d971d1b1c25def240c55ed3b46066db9a5d186e15", "os": "linux", "os_features": "", "os_version": null, "size": 448192353, "status": "active", "last_pulled": "2024-01-08T22:41:02.054108Z", "last_pushed": null}], "last_updated": "2018-06-27T09:58:11.504568Z", "last_updater": 730844, "last_updater_username": "riuvshin", "name": "0.3.10-6.7.1", "repository": 4658192, "full_size": 448192353, "v2": true, "tag_status": "active", "tag_last_pulled": "2024-01-08T22:41:02.054108Z", "tag_last_pushed": "2018-06-27T09:58:11.504568Z", "media_type": "application/vnd.docker.container.image.v1+json", "content_type": "image"}, {"creator": 730844, "id": 28164801, "images": [{"architecture": "amd64", "features": "", "variant": null, "digest": "sha256:8b466ac22cffe9513c0bfeb1d2701dd6a75deae879ed93b1562d4b8143bcaed9", "os": "linux", "os_features": "", "os_version": null, "size": 467821537, "status": "active", "last_pulled": "2024-01-08T22:41:02.327532Z", "last_pushed": null}], "last_updated": "2018-06-25T19:11:17.101529Z", "last_updater": 730844, "last_updater_username": "riuvshin", "name": "0.3.10-nightly", "repository": 4658192, "full_size": 467821537, "v2": true, "tag_status": "active", "tag_last_pulled": "2024-01-08T22:41:02.327532Z", "tag_last_pushed": "2018-06-25T19:11:17.101529Z", "media_type": "application/vnd.docker.container.image.v1+json", "content_type": "image"}, {"creator": 730844, "id": 29519479, "images": [{"architecture": "amd64", "features": "", "variant": null, "digest": "sha256:29ea673ed40a740e4ad9b66d971d1b1c25def240c55ed3b46066db9a5d186e15", "os": "linux", "os_features": "", "os_version": null, "size": 448192353, "status": "active", "last_pulled": "2024-01-08T22:41:02.054108Z", "last_pushed": null}], "last_updated": "2018-06-20T09:14:15.508402Z", "last_updater": 730844, "last_updater_username": "riuvshin", "name": "0.3.10-6.7.0", "repository": 4658192, "full_size": 448192353, "v2": true, "tag_status": "active", "tag_last_pulled": "2024-01-08T22:41:02.054108Z", "tag_last_pushed": "2018-06-20T09:14:15.508402Z", "media_type": "application/vnd.docker.container.image.v1+json", "content_type": "image"}, {"creator": 730844, "id": 29209070, "images": [{"architecture": "amd64", "features": "", "variant": null, "digest": "sha256:29ea673ed40a740e4ad9b66d971d1b1c25def240c55ed3b46066db9a5d186e15", "os": "linux", "os_features": "", "os_version": null, "size": 448192353, "status": "active", "last_pulled": "2024-01-08T22:41:02.054108Z", "last_pushed": null}], "last_updated": "2018-06-14T15:53:46.649058Z", "last_updater": 730844, "last_updater_username": "riuvshin", "name": "0.3.10-6.6.2", "repository": 4658192, "full_size": 448192353, "v2": true, "tag_status": "active", "tag_last_pulled": "2024-01-08T22:41:02.054108Z", "tag_last_pushed": "2018-06-14T15:53:46.649058Z", "media_type": "application/vnd.docker.container.image.v1+json", "content_type": "image"}, {"creator": 730844, "id": 29102918, "images": [{"architecture": "amd64", "features": "", "variant": null, "digest": "sha256:29ea673ed40a740e4ad9b66d971d1b1c25def240c55ed3b46066db9a5d186e15", "os": "linux", "os_features": "", "os_version": null, "size": 448192353, "status": "active", "last_pulled": "2024-01-08T22:41:02.054108Z", "last_pushed": null}], "last_updated": "2018-06-13T09:06:43.236142Z", "last_updater": 730844, "last_updater_username": "riuvshin", "name": "0.3.10-6.6.1", "repository": 4658192, "full_size": 448192353, "v2": true, "tag_status": "active", "tag_last_pulled": "2024-01-08T22:41:02.054108Z", "tag_last_pushed": "2018-06-13T09:06:43.236142Z", "media_type": "application/vnd.docker.container.image.v1+json", "content_type": "image"}, {"creator": 730844, "id": 28667752, "images": [{"architecture": "amd64", "features": "", "variant": null, "digest": "sha256:7fe7261f59ec9db4e6b065f693cab25acfe9228149b67bad9c76f72ad40f7f6e", "os": "linux", "os_features": "", "os_version": null, "size": 745354255, "status": "active", "last_pulled": "2024-01-08T22:41:03.338636Z", "last_pushed": null}], "last_updated": "2018-06-06T09:54:52.283086Z", "last_updater": 730844, "last_updater_username": "riuvshin", "name": "6.5.3", "repository": 4658192, "full_size": 745354255, "v2": true, "tag_status": "active", "tag_last_pulled": "2024-01-08T22:41:03.338636Z", "tag_last_pushed": "2018-06-06T09:54:52.283086Z", "media_type": "application/vnd.docker.container.image.v1+json", "content_type": "image"}, {"creator": 730844, "id": 28317951, "images": [{"architecture": "amd64", "features": "", "variant": null, "digest": "sha256:7fe7261f59ec9db4e6b065f693cab25acfe9228149b67bad9c76f72ad40f7f6e", "os": "linux", "os_features": "", "os_version": null, "size": 745354255, "status": "active", "last_pulled": "2024-01-08T22:41:03.338636Z", "last_pushed": null}], "last_updated": "2018-05-31T11:17:09.752443Z", "last_updater": 730844, "last_updater_username": "riuvshin", "name": "6.5.2", "repository": 4658192, "full_size": 745354255, "v2": true, "tag_status": "active", "tag_last_pulled": "2024-01-08T22:41:03.338636Z", "tag_last_pushed": "2018-05-31T11:17:09.752443Z", "media_type": "application/vnd.docker.container.image.v1+json", "content_type": "image"}, {"creator": 730844, "id": 28236976, "images": [{"architecture": "amd64", "features": "", "variant": null, "digest": "sha256:29ea673ed40a740e4ad9b66d971d1b1c25def240c55ed3b46066db9a5d186e15", "os": "linux", "os_features": "", "os_version": null, "size": 448192353, "status": "active", "last_pulled": "2024-01-08T22:41:02.054108Z", "last_pushed": null}], "last_updated": "2018-05-30T12:13:10.32435Z", "last_updater": 730844, "last_updater_username": "riuvshin", "name": "0.3.10-6.6.0", "repository": 4658192, "full_size": 448192353, "v2": true, "tag_status": "active", "tag_last_pulled": "2024-01-08T22:41:02.054108Z", "tag_last_pushed": "2018-05-30T12:13:10.32435Z", "media_type": "application/vnd.docker.container.image.v1+json", "content_type": "image"}, {"creator": 730844, "id": 23624727, "images": [{"architecture": "amd64", "features": "", "variant": null, "digest": "sha256:585498b9158a664df7b1b36c53b8ff5681f2edde5198eaa7eb834093f9ad69be", "os": "linux", "os_features": "", "os_version": null, "size": 448221296, "status": "active", "last_pulled": "2024-01-08T22:41:03.571044Z", "last_pushed": null}], "last_updated": "2018-05-29T13:02:45.267968Z", "last_updater": 730844, "last_updater_username": "riuvshin", "name": "nightly", "repository": 4658192, "full_size": 448221296, "v2": true, "tag_status": "active", "tag_last_pulled": "2024-01-08T22:41:03.571044Z", "tag_last_pushed": "2018-05-29T13:02:45.267968Z", "media_type": "application/vnd.docker.container.image.v1+json", "content_type": "image"}, {"creator": 730844, "id": 27933908, "images": [{"architecture": "amd64", "features": "", "variant": null, "digest": "sha256:7fe7261f59ec9db4e6b065f693cab25acfe9228149b67bad9c76f72ad40f7f6e", "os": "linux", "os_features": "", "os_version": null, "size": 745354255, "status": "active", "last_pulled": "2024-01-08T22:41:03.338636Z", "last_pushed": null}], "last_updated": "2018-05-24T12:30:31.993261Z", "last_updater": 730844, "last_updater_username": "riuvshin", "name": "6.5.1", "repository": 4658192, "full_size": 745354255, "v2": true, "tag_status": "active", "tag_last_pulled": "2024-01-08T22:41:03.338636Z", "tag_last_pushed": "2018-05-24T12:30:31.993261Z", "media_type": "application/vnd.docker.container.image.v1+json", "content_type": "image"}, {"creator": 730844, "id": 27182217, "images": [{"architecture": "amd64", "features": "", "variant": null, "digest": "sha256:7fe7261f59ec9db4e6b065f693cab25acfe9228149b67bad9c76f72ad40f7f6e", "os": "linux", "os_features": "", "os_version": null, "size": 745354255, "status": "active", "last_pulled": "2024-01-08T22:41:03.338636Z", "last_pushed": null}], "last_updated": "2018-05-11T08:23:18.375746Z", "last_updater": 730844, "last_updater_username": "riuvshin", "name": "6.5.0", "repository": 4658192, "full_size": 745354255, "v2": true, "tag_status": "active", "tag_last_pulled": "2024-01-08T22:41:03.338636Z", "tag_last_pushed": "2018-05-11T08:23:18.375746Z", "media_type": "application/vnd.docker.container.image.v1+json", "content_type": "image"}, {"creator": 730844, "id": 26360105, "images": [{"architecture": "amd64", "features": "", "variant": null, "digest": "sha256:db3f391bf4e7d3a4307b5db09b80425a6aaca393ce86885fbeee13217f91e899", "os": "linux", "os_features": "", "os_version": null, "size": 559986133, "status": "active", "last_pulled": "2024-01-08T22:41:03.595969Z", "last_pushed": null}], "last_updated": "2018-04-26T17:24:05.595679Z", "last_updater": 730844, "last_updater_username": "riuvshin", "name": "6.4.1", "repository": 4658192, "full_size": 559986133, "v2": true, "tag_status": "active", "tag_last_pulled": "2024-01-08T22:41:03.595969Z", "tag_last_pushed": "2018-04-26T17:24:05.595679Z", "media_type": "application/vnd.docker.container.image.v1+json", "content_type": "image"}, {"creator": 730844, "id": 25829093, "images": [{"architecture": "amd64", "features": "", "variant": null, "digest": "sha256:db3f391bf4e7d3a4307b5db09b80425a6aaca393ce86885fbeee13217f91e899", "os": "linux", "os_features": "", "os_version": null, "size": 559986133, "status": "active", "last_pulled": "2024-01-08T22:41:03.595969Z", "last_pushed": null}], "last_updated": "2018-04-18T10:02:56.211337Z", "last_updater": 730844, "last_updater_username": "riuvshin", "name": "6.4.0", "repository": 4658192, "full_size": 559986133, "v2": true, "tag_status": "active", "tag_last_pulled": "2024-01-08T22:41:03.595969Z", "tag_last_pushed": "2018-04-18T10:02:56.211337Z", "media_type": "application/vnd.docker.container.image.v1+json", "content_type": "image"}, {"creator": 730844, "id": 24650853, "images": [{"architecture": "amd64", "features": "", "variant": null, "digest": "sha256:ea460a8ea18257a238921f09ebae9a738117f854a295d1ba3215fcc8bdeb86c1", "os": "linux", "os_features": "", "os_version": null, "size": 559986002, "status": "active", "last_pulled": "2024-01-08T22:41:03.774177Z", "last_pushed": null}], "last_updated": "2018-03-28T11:06:53.667421Z", "last_updater": 730844, "last_updater_username": "riuvshin", "name": "6.3.0", "repository": 4658192, "full_size": 559986002, "v2": true, "tag_status": "active", "tag_last_pulled": "2024-01-08T22:41:03.774177Z", "tag_last_pushed": "2018-03-28T11:06:53.667421Z", "media_type": "application/vnd.docker.container.image.v1+json", "content_type": "image"}]