[{"creator": 6874667, "id": 282178030, "images": [{"architecture": "amd64", "features": "", "variant": null, "digest": "sha256:833c2f29dbfc6fa8477ed987ad4b64d51ef69c24fb48972a65eb6ff1a7913cb7", "os": "linux", "os_features": "", "os_version": null, "size": 80976499, "status": "active", "last_pulled": "2024-01-20T08:11:25.526046Z", "last_pushed": "2022-09-01T10:12:52.718586Z"}], "last_updated": "2022-09-01T10:12:52.823867Z", "last_updater": 6874667, "last_updater_username": "fluxcdbot", "name": "1.4.4", "repository": 7348967, "full_size": 80976499, "v2": true, "tag_status": "active", "tag_last_pulled": "2024-01-20T08:11:25.526046Z", "tag_last_pushed": "2022-09-01T10:12:52.823867Z", "media_type": "application/vnd.docker.container.image.v1+json", "content_type": "image", "digest": "sha256:833c2f29dbfc6fa8477ed987ad4b64d51ef69c24fb48972a65eb6ff1a7913cb7"}, {"creator": 6874667, "id": 261464735, "images": [{"architecture": "amd64", "features": "", "variant": null, "digest": "sha256:24342561418b8e4daee8945c984fa475cebbe05a219a9b43dc67350ef4b394be", "os": "linux", "os_features": "", "os_version": null, "size": 80809093, "status": "active", "last_pulled": "2024-01-20T08:19:18.454155Z", "last_pushed": "2022-07-27T16:57:44.153944Z"}], "last_updated": "2022-07-27T16:57:44.272617Z", "last_updater": 6874667, "last_updater_username": "fluxcdbot", "name": "1.4.3", "repository": 7348967, "full_size": 80809093, "v2": true, "tag_status": "active", "tag_last_pulled": "2024-01-20T08:19:18.454155Z", "tag_last_pushed": "2022-07-27T16:57:44.272617Z", "media_type": "application/vnd.docker.container.image.v1+json", "content_type": "image", "digest": "sha256:24342561418b8e4daee8945c984fa475cebbe05a219a9b43dc67350ef4b394be"}, {"creator": 6874667, "id": 183293341, "images": [{"architecture": "amd64", "features": "", "variant": null, "digest": "sha256:ff1507247832757c527a13d88e9e7ffecfb6745811c49980635fe7eb30e8c665", "os": "linux", "os_features": "", "os_version": null, "size": 84358968, "status": "active", "last_pulled": "2024-01-20T08:19:42.033289Z", "last_pushed": "2021-12-18T00:39:48.319047Z"}], "last_updated": "2021-12-18T00:39:48.319047Z", "last_updater": 6874667, "last_updater_username": "fluxcdbot", "name": "1.4.2", "repository": 7348967, "full_size": 84358968, "v2": true, "tag_status": "active", "tag_last_pulled": "2024-01-20T08:19:42.033289Z", "tag_last_pushed": "2021-12-18T00:39:48.319047Z", "media_type": "application/vnd.docker.container.image.v1+json", "content_type": "image"}, {"creator": 6874667, "id": 179431259, "images": [{"architecture": "amd64", "features": "", "variant": null, "digest": "sha256:73cbe96cdc8c7a1af04ad7ce255bf42d17f86d05851937af74b97b7f8433920f", "os": "linux", "os_features": "", "os_version": null, "size": 84358927, "status": "active", "last_pulled": "2024-01-20T08:28:38.370024Z", "last_pushed": "2021-11-27T00:31:05.581167Z"}], "last_updated": "2021-11-27T00:31:05.581167Z", "last_updater": 6874667, "last_updater_username": "fluxcdbot", "name": "1.4.1", "repository": 7348967, "full_size": 84358927, "v2": true, "tag_status": "active", "tag_last_pulled": "2024-01-20T08:28:38.370024Z", "tag_last_pushed": "2021-11-27T00:31:05.581167Z", "media_type": "application/vnd.docker.container.image.v1+json", "content_type": "image"}, {"creator": 6874667, "id": 157547390, "images": [{"architecture": "amd64", "features": "", "variant": null, "digest": "sha256:8e63dcdbe0ce672215e1946bd64c88a362194dad901420632f529a295c2b8068", "os": "linux", "os_features": "", "os_version": null, "size": 77247290, "status": "active", "last_pulled": "2024-01-20T08:21:08.704275Z", "last_pushed": "2021-07-08T17:58:33.767495Z"}], "last_updated": "2021-07-08T17:58:33.767495Z", "last_updater": 6874667, "last_updater_username": "fluxcdbot", "name": "1.4.0", "repository": 7348967, "full_size": 77247290, "v2": true, "tag_status": "active", "tag_last_pulled": "2024-01-20T08:21:08.704275Z", "tag_last_pushed": "2021-07-08T17:58:33.767495Z", "media_type": "application/vnd.docker.container.image.v1+json", "content_type": "image"}, {"creator": 6874667, "id": 157299030, "images": [{"architecture": "amd64", "features": "", "variant": null, "digest": "sha256:63c1b72f3db16f7eed9d33c13186c38c2446b8db1b54aef4c3b5b2f5e35cc80f", "os": "linux", "os_features": "", "os_version": null, "size": 77241418, "status": "active", "last_pulled": "2024-01-20T08:14:56.281154Z", "last_pushed": "2021-07-07T13:04:57.869239Z"}], "last_updated": "2021-07-07T13:04:57.869239Z", "last_updater": 6874667, "last_updater_username": "fluxcdbot", "name": "1.3.0", "repository": 7348967, "full_size": 77241418, "v2": true, "tag_status": "active", "tag_last_pulled": "2024-01-20T08:14:56.281154Z", "tag_last_pushed": "2021-07-07T13:04:57.869239Z", "media_type": "application/vnd.docker.container.image.v1+json", "content_type": "image"}, {"creator": 6874667, "id": 155458653, "images": [{"architecture": "amd64", "features": "", "variant": null, "digest": "sha256:294437d79a3b9ba7d6020d9a4ffbc2f4fa06599f397cf5002706485701092b1b", "os": "linux", "os_features": "", "os_version": null, "size": 77247279, "status": "active", "last_pulled": "2024-01-20T08:27:03.499539Z", "last_pushed": "2021-06-24T00:12:12.570832Z"}], "last_updated": "2021-06-24T00:12:12.570832Z", "last_updater": 6874667, "last_updater_username": "fluxcdbot", "name": "1.4.0-rc1", "repository": 7348967, "full_size": 77247279, "v2": true, "tag_status": "active", "tag_last_pulled": "2024-01-20T08:27:03.499539Z", "tag_last_pushed": "2021-06-24T00:12:12.570832Z", "media_type": "application/vnd.docker.container.image.v1+json", "content_type": "image"}, {"creator": 6874667, "id": 155435250, "images": [{"architecture": "amd64", "features": "", "variant": null, "digest": "sha256:4ff2b1fe133bbfccb8d00c19fb21d7dfd32e8864d408b5de575cd49ecf7b44d5", "os": "linux", "os_features": "", "os_version": null, "size": 77241386, "status": "active", "last_pulled": "2024-01-20T08:28:38.157755Z", "last_pushed": "2021-06-23T20:30:16.788972Z"}], "last_updated": "2021-06-23T20:30:16.788972Z", "last_updater": 6874667, "last_updater_username": "fluxcdbot", "name": "1.3.0-rc1", "repository": 7348967, "full_size": 77241386, "v2": true, "tag_status": "active", "tag_last_pulled": "2024-01-20T08:28:38.157755Z", "tag_last_pushed": "2021-06-23T20:30:16.788972Z", "media_type": "application/vnd.docker.container.image.v1+json", "content_type": "image"}, {"creator": 6874667, "id": 110983814, "images": [{"architecture": "amd64", "features": "", "variant": null, "digest": "sha256:91dc5e42f9aed503e4eae8663b43ecbc1bab9164dd8a5ad3e1421db4656e1c62", "os": "linux", "os_features": "", "os_version": null, "size": 75893951, "status": "active", "last_pulled": "2024-01-20T08:18:48.821688Z", "last_pushed": null}], "last_updated": "2020-07-29T15:48:44.311807Z", "last_updater": 6874667, "last_updater_username": "fluxcdbot", "name": "1.2.0", "repository": 7348967, "full_size": 75893951, "v2": true, "tag_status": "active", "tag_last_pulled": "2024-01-20T08:18:48.821688Z", "tag_last_pushed": "2020-07-29T15:48:44.311807Z", "media_type": "application/vnd.docker.container.image.v1+json", "content_type": "image"}, {"creator": 6874667, "id": 101535032, "images": [{"architecture": "amd64", "features": "", "variant": null, "digest": "sha256:78ac7ba7f9d2e21a751ba20793b1e051e3849b94f3df268fed6d40eec57ebe55", "os": "linux", "os_features": "", "os_version": null, "size": 75337248, "status": "active", "last_pulled": "2024-01-20T08:30:35.743644Z", "last_pushed": null}], "last_updated": "2020-05-21T22:15:30.499755Z", "last_updater": 6874667, "last_updater_username": "fluxcdbot", "name": "1.1.0", "repository": 7348967, "full_size": 75337248, "v2": true, "tag_status": "active", "tag_last_pulled": "2024-01-20T08:30:35.743644Z", "tag_last_pushed": "2020-05-21T22:15:30.499755Z", "media_type": "application/vnd.docker.container.image.v1+json", "content_type": "image"}, {"creator": 6874667, "id": 95620290, "images": [{"architecture": "amd64", "features": "", "variant": null, "digest": "sha256:a2a8bf7538458291ebde17a1f9e5ec0d711f6c9f0a3011e6eb9da680e5b82f61", "os": "linux", "os_features": "", "os_version": null, "size": 75075743, "status": "active", "last_pulled": "2024-01-20T08:39:23.228076Z", "last_pushed": null}], "last_updated": "2020-04-15T17:38:15.334762Z", "last_updater": 6874667, "last_updater_username": "fluxcdbot", "name": "1.0.1", "repository": 7348967, "full_size": 75075743, "v2": true, "tag_status": "active", "tag_last_pulled": "2024-01-20T08:39:23.228076Z", "tag_last_pushed": "2020-04-15T17:38:15.334762Z", "media_type": "application/vnd.docker.container.image.v1+json", "content_type": "image"}, {"creator": 6874667, "id": 94429878, "images": [{"architecture": "amd64", "features": "", "variant": null, "digest": "sha256:b284e781c7b040e63a837bdc0da53139904d9ebd27b92f65253c2f875f41beda", "os": "linux", "os_features": "", "os_version": null, "size": 75064931, "status": "active", "last_pulled": "2024-01-20T07:54:29.877382Z", "last_pushed": null}], "last_updated": "2020-04-07T14:37:33.25199Z", "last_updater": 6874667, "last_updater_username": "fluxcdbot", "name": "1.0.0", "repository": 7348967, "full_size": 75064931, "v2": true, "tag_status": "active", "tag_last_pulled": "2024-01-20T07:54:29.877382Z", "tag_last_pushed": "2020-04-07T14:37:33.25199Z", "media_type": "application/vnd.docker.container.image.v1+json", "content_type": "image"}, {"creator": 6874667, "id": 86556951, "images": [{"architecture": "amd64", "features": "", "variant": null, "digest": "sha256:88f5fe8c6690384f472d6d3512a75e6bd7ded2c4080405df675b3125a4019565", "os": "linux", "os_features": "", "os_version": null, "size": 74990871, "status": "active", "last_pulled": "2024-01-20T08:31:24.74309Z", "last_pushed": null}], "last_updated": "2020-02-13T15:45:35.056819Z", "last_updater": 6874667, "last_updater_username": "fluxcdbot", "name": "1.0.0-rc9", "repository": 7348967, "full_size": 74990871, "v2": true, "tag_status": "active", "tag_last_pulled": "2024-01-20T08:31:24.74309Z", "tag_last_pushed": "2020-02-13T15:45:35.056819Z", "media_type": "application/vnd.docker.container.image.v1+json", "content_type": "image"}, {"creator": 6874667, "id": 84093516, "images": [{"architecture": "amd64", "features": "", "variant": null, "digest": "sha256:5e38cd97aea1e6783382bfe94996fe96c722b3dd255ce73a1d2efada58edaa4c", "os": "linux", "os_features": "", "os_version": null, "size": 74414342, "status": "active", "last_pulled": "2024-01-20T08:19:42.025248Z", "last_pushed": null}], "last_updated": "2020-01-25T22:27:41.33209Z", "last_updater": 6874667, "last_updater_username": "fluxcdbot", "name": "1.0.0-rc8", "repository": 7348967, "full_size": 74414342, "v2": true, "tag_status": "active", "tag_last_pulled": "2024-01-20T08:19:42.025248Z", "tag_last_pushed": "2020-01-25T22:27:41.33209Z", "media_type": "application/vnd.docker.container.image.v1+json", "content_type": "image"}, {"creator": 6874667, "id": 82204949, "images": [{"architecture": "amd64", "features": "", "variant": null, "digest": "sha256:e919c80c248afb932477be5a75c719fdb1018d838a216e45466e2adec8cf029a", "os": "linux", "os_features": "", "os_version": null, "size": 74406500, "status": "active", "last_pulled": "2024-01-20T08:16:44.878181Z", "last_pushed": null}], "last_updated": "2020-01-10T15:08:18.923366Z", "last_updater": 6874667, "last_updater_username": "fluxcdbot", "name": "1.0.0-rc7", "repository": 7348967, "full_size": 74406500, "v2": true, "tag_status": "active", "tag_last_pulled": "2024-01-20T08:16:44.878181Z", "tag_last_pushed": "2020-01-10T15:08:18.923366Z", "media_type": "application/vnd.docker.container.image.v1+json", "content_type": "image"}, {"creator": 6874667, "id": 81941011, "images": [{"architecture": "amd64", "features": "", "variant": null, "digest": "sha256:574d3aa6ba4cf09859327efafdd6f59ef8d7df7e412e4f80f4dcde8850298126", "os": "linux", "os_features": "", "os_version": null, "size": 74421556, "status": "active", "last_pulled": "2024-01-20T08:14:43.172431Z", "last_pushed": null}], "last_updated": "2020-01-08T20:03:09.534427Z", "last_updater": 6874667, "last_updater_username": "fluxcdbot", "name": "1.0.0-rc6", "repository": 7348967, "full_size": 74421556, "v2": true, "tag_status": "active", "tag_last_pulled": "2024-01-20T08:14:43.172431Z", "tag_last_pushed": "2020-01-08T20:03:09.534427Z", "media_type": "application/vnd.docker.container.image.v1+json", "content_type": "image"}, {"creator": 6874667, "id": 80657556, "images": [{"architecture": "amd64", "features": "", "variant": null, "digest": "sha256:264a0175c4d6c8de95d79149aebf89664870e1bfff8f27aedc6e94e399c608e4", "os": "linux", "os_features": "", "os_version": null, "size": 74356826, "status": "active", "last_pulled": "2024-01-20T08:08:58.780089Z", "last_pushed": null}], "last_updated": "2019-12-23T14:57:54.405068Z", "last_updater": 6874667, "last_updater_username": "fluxcdbot", "name": "1.0.0-rc5", "repository": 7348967, "full_size": 74356826, "v2": true, "tag_status": "active", "tag_last_pulled": "2024-01-20T08:08:58.780089Z", "tag_last_pushed": "2019-12-23T14:57:54.405068Z", "media_type": "application/vnd.docker.container.image.v1+json", "content_type": "image"}, {"creator": 6874667, "id": 77268171, "images": [{"architecture": "amd64", "features": "", "variant": null, "digest": "sha256:c970c5a30c14155c61d5efe4c0af761c0b9e1142d464d204b3ec4045685a9d9b", "os": "linux", "os_features": "", "os_version": null, "size": 58914052, "status": "active", "last_pulled": "2024-01-20T08:36:15.412422Z", "last_pushed": null}], "last_updated": "2019-11-22T09:57:04.000983Z", "last_updater": 6874667, "last_updater_username": "fluxcdbot", "name": "1.0.0-rc4", "repository": 7348967, "full_size": 58914052, "v2": true, "tag_status": "active", "tag_last_pulled": "2024-01-20T08:36:15.412422Z", "tag_last_pushed": "2019-11-22T09:57:04.000983Z", "media_type": "application/vnd.docker.container.image.v1+json", "content_type": "image"}, {"creator": 6874667, "id": 73059828, "images": [{"architecture": "amd64", "features": "", "variant": null, "digest": "sha256:c2f490702c27088a392c43b33c596bc7020a1115d634935771eefaa6120a8159", "os": "linux", "os_features": "", "os_version": null, "size": 59461915, "status": "active", "last_pulled": "2024-01-20T08:09:29.626825Z", "last_pushed": null}], "last_updated": "2019-10-18T13:25:16.769873Z", "last_updater": 6874667, "last_updater_username": "fluxcdbot", "name": "1.0.0-rc3", "repository": 7348967, "full_size": 59461915, "v2": true, "tag_status": "active", "tag_last_pulled": "2024-01-20T08:09:29.626825Z", "tag_last_pushed": "2019-10-18T13:25:16.769873Z", "media_type": "application/vnd.docker.container.image.v1+json", "content_type": "image"}, {"creator": 6874667, "id": 71023104, "images": [{"architecture": "amd64", "features": "", "variant": null, "digest": "sha256:aa35b7ec3f6fe3838a44c69cdc84fe4bc245877982a15c38ff839f18cb2ac6fd", "os": "linux", "os_features": "", "os_version": null, "size": 56370928, "status": "active", "last_pulled": "2024-01-20T08:52:24.182651Z", "last_pushed": null}], "last_updated": "2019-10-02T17:11:22.113359Z", "last_updater": 6874667, "last_updater_username": "fluxcdbot", "name": "1.0.0-rc2", "repository": 7348967, "full_size": 56370928, "v2": true, "tag_status": "active", "tag_last_pulled": "2024-01-20T08:52:24.182651Z", "tag_last_pushed": "2019-10-02T17:11:22.113359Z", "media_type": "application/vnd.docker.container.image.v1+json", "content_type": "image"}, {"creator": 510391, "id": 68570009, "images": [{"architecture": "amd64", "features": "", "variant": null, "digest": "sha256:58492fbaf976ea7fd36a45c787202aa3545e61ed8c8dbffb78cfd7ecc3bdbf25", "os": "linux", "os_features": "", "os_version": null, "size": 61350237, "status": "active", "last_pulled": "2024-01-20T08:04:09.200286Z", "last_pushed": null}], "last_updated": "2019-09-11T08:18:37.752517Z", "last_updater": 510391, "last_updater_username": "hiddeco", "name": "helm-v3-9908b258", "repository": 7348967, "full_size": 61350237, "v2": true, "tag_status": "active", "tag_last_pulled": "2024-01-20T08:04:09.200286Z", "tag_last_pushed": "2019-09-11T08:18:37.752517Z", "media_type": "application/vnd.docker.container.image.v1+json", "content_type": "image"}, {"creator": 6874667, "id": 65391249, "images": [{"architecture": "amd64", "features": "", "variant": null, "digest": "sha256:5c2ebf998fea0902f12b9badbe4c6fb6cbe6cac8d82edbd674944fa42646e609", "os": "linux", "os_features": "", "os_version": null, "size": 55786014, "status": "active", "last_pulled": "2024-01-20T08:26:19.331302Z", "last_pushed": null}], "last_updated": "2019-08-14T13:06:15.811567Z", "last_updater": 6874667, "last_updater_username": "fluxcdbot", "name": "1.0.0-rc1", "repository": 7348967, "full_size": 55786014, "v2": true, "tag_status": "active", "tag_last_pulled": "2024-01-20T08:26:19.331302Z", "tag_last_pushed": "2019-08-14T13:06:15.811567Z", "media_type": "application/vnd.docker.container.image.v1+json", "content_type": "image"}, {"creator": 6874667, "id": 64659567, "images": [{"architecture": "amd64", "features": "", "variant": null, "digest": "sha256:1d50c9a65b2b37614d6c0366f43056c862dbc1c5471f72dfe1f3e223fea19eb1", "os": "linux", "os_features": "", "os_version": null, "size": 57590040, "status": "active", "last_pulled": "2024-01-20T08:25:02.015047Z", "last_pushed": null}], "last_updated": "2019-08-07T14:36:52.490583Z", "last_updater": 6874667, "last_updater_username": "fluxcdbot", "name": "0.10.1", "repository": 7348967, "full_size": 57590040, "v2": true, "tag_status": "active", "tag_last_pulled": "2024-01-20T08:25:02.015047Z", "tag_last_pushed": "2019-08-07T14:36:52.490583Z", "media_type": "application/vnd.docker.container.image.v1+json", "content_type": "image"}, {"creator": 6874667, "id": 61715781, "images": [{"architecture": "amd64", "features": "", "variant": null, "digest": "sha256:8ca5c1801da315fcd171c3adbb3730322eca99868d85d3ba4dcd197e2bd290e3", "os": "linux", "os_features": "", "os_version": null, "size": 57282760, "status": "active", "last_pulled": "2024-01-20T08:42:01.705598Z", "last_pushed": null}], "last_updated": "2019-07-10T12:20:01.060585Z", "last_updater": 6874667, "last_updater_username": "fluxcdbot", "name": "0.10.0", "repository": 7348967, "full_size": 57282760, "v2": true, "tag_status": "active", "tag_last_pulled": "2024-01-20T08:42:01.705598Z", "tag_last_pushed": "2019-07-10T12:20:01.060585Z", "media_type": "application/vnd.docker.container.image.v1+json", "content_type": "image"}, {"creator": 510391, "id": 60760038, "images": [{"architecture": "amd64", "features": "", "variant": null, "digest": "sha256:a3ddb17e3af08873ac899916af8e6720848fce71c30a1f93dd4e1ed8044f17c9", "os": "linux", "os_features": "", "os_version": null, "size": 57257187, "status": "active", "last_pulled": "2024-01-20T08:39:27.001454Z", "last_pushed": null}], "last_updated": "2019-07-02T17:52:10.720966Z", "last_updater": 510391, "last_updater_username": "hiddeco", "name": "0.9.2", "repository": 7348967, "full_size": 57257187, "v2": true, "tag_status": "active", "tag_last_pulled": "2024-01-20T08:39:27.001454Z", "tag_last_pushed": "2019-07-02T17:52:10.720966Z", "media_type": "application/vnd.docker.container.image.v1+json", "content_type": "image"}, {"creator": 510391, "id": 60759983, "images": [{"architecture": "amd64", "features": "", "variant": null, "digest": "sha256:497280204eb2ba60f37daffe084d764d0e92e569d9b85aa271b0f97b14321e66", "os": "linux", "os_features": "", "os_version": null, "size": 50771468, "status": "active", "last_pulled": "2024-01-20T08:48:47.63166Z", "last_pushed": null}], "last_updated": "2019-07-02T17:51:42.472368Z", "last_updater": 510391, "last_updater_username": "hiddeco", "name": "0.9.1", "repository": 7348967, "full_size": 50771468, "v2": true, "tag_status": "active", "tag_last_pulled": "2024-01-20T08:48:47.63166Z", "tag_last_pushed": "2019-07-02T17:51:42.472368Z", "media_type": "application/vnd.docker.container.image.v1+json", "content_type": "image"}, {"creator": 510391, "id": 60759943, "images": [{"architecture": "amd64", "features": "", "variant": null, "digest": "sha256:5b1efe434bc0de77c242019adff69e8b9a79eee20872a5fc81ee123d6c284904", "os": "linux", "os_features": "", "os_version": null, "size": 50772115, "status": "active", "last_pulled": "2024-01-20T08:47:16.271559Z", "last_pushed": null}], "last_updated": "2019-07-02T17:51:16.144006Z", "last_updater": 510391, "last_updater_username": "hiddeco", "name": "0.9.0", "repository": 7348967, "full_size": 50772115, "v2": true, "tag_status": "active", "tag_last_pulled": "2024-01-20T08:47:16.271559Z", "tag_last_pushed": "2019-07-02T17:51:16.144006Z", "media_type": "application/vnd.docker.container.image.v1+json", "content_type": "image"}, {"creator": 510391, "id": 60759897, "images": [{"architecture": "amd64", "features": "", "variant": null, "digest": "sha256:171060b513237f153ec4411d7c8acb4d65c4021f4cc59a624e9ab547b15db623", "os": "linux", "os_features": "", "os_version": null, "size": 50035407, "status": "active", "last_pulled": "2024-01-20T08:03:21.535265Z", "last_pushed": null}], "last_updated": "2019-07-02T17:50:49.108819Z", "last_updater": 510391, "last_updater_username": "hiddeco", "name": "0.8.0", "repository": 7348967, "full_size": 50035407, "v2": true, "tag_status": "active", "tag_last_pulled": "2024-01-20T08:03:21.535265Z", "tag_last_pushed": "2019-07-02T17:50:49.108819Z", "media_type": "application/vnd.docker.container.image.v1+json", "content_type": "image"}, {"creator": 510391, "id": 60759838, "images": [{"architecture": "amd64", "features": "", "variant": null, "digest": "sha256:1852551c0890dcb6963e781769d023bf73cefb89003a4cc0ff350fcd55052e4f", "os": "linux", "os_features": "", "os_version": null, "size": 48683301, "status": "active", "last_pulled": "2024-01-20T08:24:16.282096Z", "last_pushed": null}], "last_updated": "2019-07-02T17:50:21.347543Z", "last_updater": 510391, "last_updater_username": "hiddeco", "name": "0.7.1-rebuild", "repository": 7348967, "full_size": 48683301, "v2": true, "tag_status": "active", "tag_last_pulled": "2024-01-20T08:24:16.282096Z", "tag_last_pushed": "2019-07-02T17:50:21.347543Z", "media_type": "application/vnd.docker.container.image.v1+json", "content_type": "image"}, {"creator": 510391, "id": 60759792, "images": [{"architecture": "amd64", "features": "", "variant": null, "digest": "sha256:f18e61533868bc13ed396be005791aa7079ddbfdd4f5a3d9bac09936fac7d2b0", "os": "linux", "os_features": "", "os_version": null, "size": 48681018, "status": "active", "last_pulled": "2024-01-20T08:39:52.350107Z", "last_pushed": null}], "last_updated": "2019-07-02T17:49:51.948973Z", "last_updater": 510391, "last_updater_username": "hiddeco", "name": "0.7.1", "repository": 7348967, "full_size": 48681018, "v2": true, "tag_status": "active", "tag_last_pulled": "2024-01-20T08:39:52.350107Z", "tag_last_pushed": "2019-07-02T17:49:51.948973Z", "media_type": "application/vnd.docker.container.image.v1+json", "content_type": "image"}, {"creator": 510391, "id": 60759767, "images": [{"architecture": "amd64", "features": "", "variant": null, "digest": "sha256:ce101015ab48f957bf04c318ce36609881bedb485812cf74d39a91c2783d8a38", "os": "linux", "os_features": "", "os_version": null, "size": 48681024, "status": "active", "last_pulled": "2024-01-20T07:54:03.322741Z", "last_pushed": null}], "last_updated": "2019-07-02T17:49:24.173369Z", "last_updater": 510391, "last_updater_username": "hiddeco", "name": "0.7.0", "repository": 7348967, "full_size": 48681024, "v2": true, "tag_status": "active", "tag_last_pulled": "2024-01-20T07:54:03.322741Z", "tag_last_pushed": "2019-07-02T17:49:24.173369Z", "media_type": "application/vnd.docker.container.image.v1+json", "content_type": "image"}, {"creator": 510391, "id": 60759719, "images": [{"architecture": "amd64", "features": "", "variant": null, "digest": "sha256:a0ba403b449ceb4a99d5ed38c988e6408afc697ae008a135dac43d0b0817f3af", "os": "linux", "os_features": "", "os_version": null, "size": 46353560, "status": "active", "last_pulled": "2024-01-20T08:20:48.737175Z", "last_pushed": null}], "last_updated": "2019-07-02T17:48:56.305234Z", "last_updater": 510391, "last_updater_username": "hiddeco", "name": "0.6.0", "repository": 7348967, "full_size": 46353560, "v2": true, "tag_status": "active", "tag_last_pulled": "2024-01-20T08:20:48.737175Z", "tag_last_pushed": "2019-07-02T17:48:56.305234Z", "media_type": "application/vnd.docker.container.image.v1+json", "content_type": "image"}, {"creator": 510391, "id": 60759675, "images": [{"architecture": "amd64", "features": "", "variant": null, "digest": "sha256:53740cc9abda07c41c8bbf22f9ff624902e21649989153f802edf04582654c00", "os": "linux", "os_features": "", "os_version": null, "size": 46351850, "status": "active", "last_pulled": "2024-01-20T08:47:54.908166Z", "last_pushed": null}], "last_updated": "2019-07-02T17:48:28.305522Z", "last_updater": 510391, "last_updater_username": "hiddeco", "name": "0.5.3", "repository": 7348967, "full_size": 46351850, "v2": true, "tag_status": "active", "tag_last_pulled": "2024-01-20T08:47:54.908166Z", "tag_last_pushed": "2019-07-02T17:48:28.305522Z", "media_type": "application/vnd.docker.container.image.v1+json", "content_type": "image"}, {"creator": 510391, "id": 60759638, "images": [{"architecture": "amd64", "features": "", "variant": null, "digest": "sha256:bd57dd40155dbc5cbb4be7f75ef3916c77cad422ee13a5a92846360de6f86c5d", "os": "linux", "os_features": "", "os_version": null, "size": 45895016, "status": "active", "last_pulled": "2024-01-20T08:19:42.030548Z", "last_pushed": null}], "last_updated": "2019-07-02T17:48:00.670964Z", "last_updater": 510391, "last_updater_username": "hiddeco", "name": "0.5.2", "repository": 7348967, "full_size": 45895016, "v2": true, "tag_status": "active", "tag_last_pulled": "2024-01-20T08:19:42.030548Z", "tag_last_pushed": "2019-07-02T17:48:00.670964Z", "media_type": "application/vnd.docker.container.image.v1+json", "content_type": "image"}, {"creator": 510391, "id": 60759595, "images": [{"architecture": "amd64", "features": "", "variant": null, "digest": "sha256:f09195fcb93de2c780183ebf1ad4c2c85d16b1727eec0325de8d320cc59c1c54", "os": "linux", "os_features": "", "os_version": null, "size": 47698405, "status": "active", "last_pulled": "2024-01-20T08:14:50.986985Z", "last_pushed": null}], "last_updated": "2019-07-02T17:47:32.854516Z", "last_updater": 510391, "last_updater_username": "hiddeco", "name": "0.5.1", "repository": 7348967, "full_size": 47698405, "v2": true, "tag_status": "active", "tag_last_pulled": "2024-01-20T08:14:50.986985Z", "tag_last_pushed": "2019-07-02T17:47:32.854516Z", "media_type": "application/vnd.docker.container.image.v1+json", "content_type": "image"}, {"creator": 510391, "id": 60759556, "images": [{"architecture": "amd64", "features": "", "variant": null, "digest": "sha256:f4273c63cbc76fe7fe81be9713924a8698a13e7955529c8e78338cda8c6d01e1", "os": "linux", "os_features": "", "os_version": null, "size": 47696763, "status": "active", "last_pulled": "2024-01-20T08:04:23.294366Z", "last_pushed": null}], "last_updated": "2019-07-02T17:47:05.010947Z", "last_updater": 510391, "last_updater_username": "hiddeco", "name": "0.5.0", "repository": 7348967, "full_size": 47696763, "v2": true, "tag_status": "active", "tag_last_pulled": "2024-01-20T08:04:23.294366Z", "tag_last_pushed": "2019-07-02T17:47:05.010947Z", "media_type": "application/vnd.docker.container.image.v1+json", "content_type": "image"}, {"creator": 510391, "id": 60756716, "images": [{"architecture": "amd64", "features": "", "variant": null, "digest": "sha256:d3e3f43a22795524fd310ed932a34cfa548acfb46bda299172e2673609865078", "os": "linux", "os_features": "", "os_version": null, "size": 47526678, "status": "active", "last_pulled": "2024-01-20T08:13:04.206085Z", "last_pushed": null}], "last_updated": "2019-07-02T17:46:37.756098Z", "last_updater": 510391, "last_updater_username": "hiddeco", "name": "0.4.0", "repository": 7348967, "full_size": 47526678, "v2": true, "tag_status": "active", "tag_last_pulled": "2024-01-20T08:13:04.206085Z", "tag_last_pushed": "2019-07-02T17:46:37.756098Z", "media_type": "application/vnd.docker.container.image.v1+json", "content_type": "image"}, {"creator": 510391, "id": 60756664, "images": [{"architecture": "amd64", "features": "", "variant": null, "digest": "sha256:050362ff0197c7d793c012bc2e9a86cb53ba6f716be0e03f291432e27d88b48b", "os": "linux", "os_features": "", "os_version": null, "size": 46328044, "status": "active", "last_pulled": "2024-01-20T07:58:05.122748Z", "last_pushed": null}], "last_updated": "2019-07-02T17:46:24.150361Z", "last_updater": 510391, "last_updater_username": "hiddeco", "name": "0.3.0", "repository": 7348967, "full_size": 46328044, "v2": true, "tag_status": "active", "tag_last_pulled": "2024-01-20T07:58:05.122748Z", "tag_last_pushed": "2019-07-02T17:46:24.150361Z", "media_type": "application/vnd.docker.container.image.v1+json", "content_type": "image"}, {"creator": 510391, "id": 60756612, "images": [{"architecture": "amd64", "features": "", "variant": null, "digest": "sha256:c791e493883bd5a6273ac156490db92f4eb3779379bc7307f9a7c401c8eadbe2", "os": "linux", "os_features": "", "os_version": null, "size": 37025030, "status": "active", "last_pulled": "2024-01-20T08:36:26.956627Z", "last_pushed": null}], "last_updated": "2019-07-02T17:46:09.679164Z", "last_updater": 510391, "last_updater_username": "hiddeco", "name": "0.2.1", "repository": 7348967, "full_size": 37025030, "v2": true, "tag_status": "active", "tag_last_pulled": "2024-01-20T08:36:26.956627Z", "tag_last_pushed": "2019-07-02T17:46:09.679164Z", "media_type": "application/vnd.docker.container.image.v1+json", "content_type": "image"}, {"creator": 510391, "id": 60756533, "images": [{"architecture": "amd64", "features": "", "variant": null, "digest": "sha256:72080b0a538fe3ca2776c1469dbc5216df525fb19edeb50128912291e1531fba", "os": "linux", "os_features": "", "os_version": null, "size": 37023926, "status": "active", "last_pulled": "2024-01-20T08:28:28.084445Z", "last_pushed": null}], "last_updated": "2019-07-02T17:45:56.631304Z", "last_updater": 510391, "last_updater_username": "hiddeco", "name": "0.2.0", "repository": 7348967, "full_size": 37023926, "v2": true, "tag_status": "active", "tag_last_pulled": "2024-01-20T08:28:28.084445Z", "tag_last_pushed": "2019-07-02T17:45:56.631304Z", "media_type": "application/vnd.docker.container.image.v1+json", "content_type": "image"}, {"creator": 510391, "id": 60756486, "images": [{"architecture": "amd64", "features": "", "variant": null, "digest": "sha256:5e12f57a48f3d15d791fe7c75c6455e5a6f75d3c773a365f79d39e737ad5ada1", "os": "linux", "os_features": "", "os_version": null, "size": 38471778, "status": "active", "last_pulled": "2024-01-20T08:38:13.311749Z", "last_pushed": null}], "last_updated": "2019-07-02T17:45:44.864755Z", "last_updater": 510391, "last_updater_username": "hiddeco", "name": "0.1.1-alpha", "repository": 7348967, "full_size": 38471778, "v2": true, "tag_status": "active", "tag_last_pulled": "2024-01-20T08:38:13.311749Z", "tag_last_pushed": "2019-07-02T17:45:44.864755Z", "media_type": "application/vnd.docker.container.image.v1+json", "content_type": "image"}, {"creator": 510391, "id": 60756436, "images": [{"architecture": "amd64", "features": "", "variant": null, "digest": "sha256:df946396909e92dcd8fe0f04994a12def86c7544c29d24488ea79045354b9f72", "os": "linux", "os_features": "", "os_version": null, "size": 37081822, "status": "active", "last_pulled": "2024-01-20T08:11:05.568499Z", "last_pushed": null}], "last_updated": "2019-07-02T17:45:32.909697Z", "last_updater": 510391, "last_updater_username": "hiddeco", "name": "0.1.0-alpha", "repository": 7348967, "full_size": 37081822, "v2": true, "tag_status": "active", "tag_last_pulled": "2024-01-20T08:11:05.568499Z", "tag_last_pushed": "2019-07-02T17:45:32.909697Z", "media_type": "application/vnd.docker.container.image.v1+json", "content_type": "image"}]