[{"creator": 6874667, "id": 280841416, "images": [{"architecture": "amd64", "features": "", "variant": null, "digest": "sha256:c18e0c96fbb510fffa27ca0fb2561c2124e74f975a8a826d1f33cd4c82552db1", "os": "linux", "os_features": "", "os_version": null, "size": 98027313, "status": "active", "last_pulled": "2024-01-20T08:20:48.377661Z", "last_pushed": "2022-08-30T11:30:26.401405Z"}], "last_updated": "2022-08-30T11:30:26.512282Z", "last_updater": 6874667, "last_updater_username": "fluxcdbot", "name": "1.25.4", "repository": 7348718, "full_size": 98027313, "v2": true, "tag_status": "active", "tag_last_pulled": "2024-01-20T08:20:48.377661Z", "tag_last_pushed": "2022-08-30T11:30:26.512282Z", "media_type": "application/vnd.docker.container.image.v1+json", "content_type": "image", "digest": "sha256:c18e0c96fbb510fffa27ca0fb2561c2124e74f975a8a826d1f33cd4c82552db1"}, {"creator": 6874667, "id": 261236364, "images": [{"architecture": "amd64", "features": "", "variant": null, "digest": "sha256:b216556b6d3b64622818ea37c982e8820c8ede8523e7a27529c2d0e3f2ab4143", "os": "linux", "os_features": "", "os_version": null, "size": 98042754, "status": "active", "last_pulled": "2024-01-20T08:46:38.439735Z", "last_pushed": "2022-07-27T10:26:54.392063Z"}], "last_updated": "2022-07-27T10:26:54.485905Z", "last_updater": 6874667, "last_updater_username": "fluxcdbot", "name": "1.25.3", "repository": 7348718, "full_size": 98042754, "v2": true, "tag_status": "active", "tag_last_pulled": "2024-01-20T08:46:38.439735Z", "tag_last_pushed": "2022-07-27T10:26:54.485905Z", "media_type": "application/vnd.docker.container.image.v1+json", "content_type": "image", "digest": "sha256:b216556b6d3b64622818ea37c982e8820c8ede8523e7a27529c2d0e3f2ab4143"}, {"creator": 6874667, "id": 221691823, "images": [{"architecture": "amd64", "features": "", "variant": null, "digest": "sha256:3cd541f9f306d1ff41f24ea85066b1c1935167aba783e2847590fdb8f533328a", "os": "linux", "os_features": "", "os_version": null, "size": 96782438, "status": "active", "last_pulled": "2024-01-20T08:10:21.918186Z", "last_pushed": "2022-05-26T16:18:30.374223Z"}], "last_updated": "2022-05-26T16:18:30.374223Z", "last_updater": 6874667, "last_updater_username": "fluxcdbot", "name": "1.25.2", "repository": 7348718, "full_size": 96782438, "v2": true, "tag_status": "active", "tag_last_pulled": "2024-01-20T08:10:21.918186Z", "tag_last_pushed": "2022-05-26T16:18:30.374223Z", "media_type": "application/vnd.docker.container.image.v1+json", "content_type": "image"}, {"creator": 6874667, "id": 207066132, "images": [{"architecture": "amd64", "features": "", "variant": null, "digest": "sha256:81f8fb01e7e3df801b4e10a0e3725685223be740579b62cb57b89077f4a9a95c", "os": "linux", "os_features": "", "os_version": null, "size": 96782434, "status": "active", "last_pulled": "2024-01-20T08:32:58.703271Z", "last_pushed": "2022-05-03T18:54:35.022312Z"}], "last_updated": "2022-05-03T18:54:35.138359Z", "last_updater": 6874667, "last_updater_username": "fluxcdbot", "name": "1.25.1", "repository": 7348718, "full_size": 96782434, "v2": true, "tag_status": "active", "tag_last_pulled": "2024-01-20T08:32:58.703271Z", "tag_last_pushed": "2022-05-03T18:54:35.138359Z", "media_type": "application/vnd.docker.container.image.v1+json", "content_type": "image"}, {"creator": 6874667, "id": 200385530, "images": [{"architecture": "amd64", "features": "", "variant": null, "digest": "sha256:556a7f292bc5371136744f4e5d0b364d49e88f7799bce99d298d184024f0481a", "os": "linux", "os_features": "", "os_version": null, "size": 96717398, "status": "active", "last_pulled": "2024-01-20T07:56:15.196537Z", "last_pushed": "2022-03-30T18:32:50.86014Z"}], "last_updated": "2022-03-30T18:32:50.981483Z", "last_updater": 6874667, "last_updater_username": "fluxcdbot", "name": "1.25.0", "repository": 7348718, "full_size": 96717398, "v2": true, "tag_status": "active", "tag_last_pulled": "2024-01-20T07:56:15.196537Z", "tag_last_pushed": "2022-03-30T18:32:50.981483Z", "media_type": "application/vnd.docker.container.image.v1+json", "content_type": "image"}, {"creator": 6874667, "id": 179022891, "images": [{"architecture": "amd64", "features": "", "variant": null, "digest": "sha256:6205652d99facaa56bf0263869530f121ea41e9cd54a5211af0df051d3fa8a61", "os": "linux", "os_features": "", "os_version": null, "size": 98450239, "status": "active", "last_pulled": "2024-01-20T08:05:16.737173Z", "last_pushed": "2021-11-24T14:03:12.071121Z"}], "last_updated": "2021-11-24T14:03:12.071121Z", "last_updater": 6874667, "last_updater_username": "fluxcdbot", "name": "1.24.3", "repository": 7348718, "full_size": 98450239, "v2": true, "tag_status": "active", "tag_last_pulled": "2024-01-20T08:05:16.737173Z", "tag_last_pushed": "2021-11-24T14:03:12.071121Z", "media_type": "application/vnd.docker.container.image.v1+json", "content_type": "image"}, {"creator": 6874667, "id": 175203795, "images": [{"architecture": "amd64", "features": "", "variant": null, "digest": "sha256:edfc7f4d1bed91e552799ad2ab475a96259049fb494021aaecd96ffcfc716f95", "os": "linux", "os_features": "", "os_version": null, "size": 98438315, "status": "active", "last_pulled": "2024-01-20T08:34:46.308308Z", "last_pushed": "2021-11-02T10:39:10.630184Z"}], "last_updated": "2021-11-02T10:39:10.630184Z", "last_updater": 6874667, "last_updater_username": "fluxcdbot", "name": "1.24.2", "repository": 7348718, "full_size": 98438315, "v2": true, "tag_status": "active", "tag_last_pulled": "2024-01-20T08:34:46.308308Z", "tag_last_pushed": "2021-11-02T10:39:10.630184Z", "media_type": "application/vnd.docker.container.image.v1+json", "content_type": "image"}, {"creator": 6874667, "id": 166506400, "images": [{"architecture": "amd64", "features": "", "variant": null, "digest": "sha256:a9382379deb874f94b01f39c1bd42523e2480c11fa4b3ca68ebbc7176ce0c291", "os": "linux", "os_features": "", "os_version": null, "size": 98394637, "status": "active", "last_pulled": "2024-01-20T08:30:24.906623Z", "last_pushed": "2021-09-09T14:02:13.848229Z"}], "last_updated": "2021-09-09T14:02:13.848229Z", "last_updater": 6874667, "last_updater_username": "fluxcdbot", "name": "1.24.1", "repository": 7348718, "full_size": 98394637, "v2": true, "tag_status": "active", "tag_last_pulled": "2024-01-20T08:30:24.906623Z", "tag_last_pushed": "2021-09-09T14:02:13.848229Z", "media_type": "application/vnd.docker.container.image.v1+json", "content_type": "image"}, {"creator": 6874667, "id": 163590132, "images": [{"architecture": "amd64", "features": "", "variant": null, "digest": "sha256:8f977134df8bb009102c310310d7194851b3d6b894e69976ff480f5eca80fad6", "os": "linux", "os_features": "", "os_version": null, "size": 98393055, "status": "active", "last_pulled": "2024-01-20T08:32:25.873304Z", "last_pushed": "2021-08-20T13:50:44.69615Z"}], "last_updated": "2021-08-20T13:50:44.69615Z", "last_updater": 6874667, "last_updater_username": "fluxcdbot", "name": "1.24.0", "repository": 7348718, "full_size": 98393055, "v2": true, "tag_status": "active", "tag_last_pulled": "2024-01-20T08:32:25.873304Z", "tag_last_pushed": "2021-08-20T13:50:44.69615Z", "media_type": "application/vnd.docker.container.image.v1+json", "content_type": "image"}, {"creator": 6874667, "id": 161219409, "images": [{"architecture": "amd64", "features": "", "variant": null, "digest": "sha256:2233f73f5dca23e49cc4d3e637db31bfa329c7337a311b6b50c55e934a8216fa", "os": "linux", "os_features": "", "os_version": null, "size": 98399712, "status": "active", "last_pulled": "2024-01-20T07:50:23.36172Z", "last_pushed": "2021-08-04T16:55:06.838472Z"}], "last_updated": "2021-08-04T16:55:06.838472Z", "last_updater": 6874667, "last_updater_username": "fluxcdbot", "name": "1.23.2", "repository": 7348718, "full_size": 98399712, "v2": true, "tag_status": "active", "tag_last_pulled": "2024-01-20T07:50:23.36172Z", "tag_last_pushed": "2021-08-04T16:55:06.838472Z", "media_type": "application/vnd.docker.container.image.v1+json", "content_type": "image"}, {"creator": 6874667, "id": 159514515, "images": [{"architecture": "amd64", "features": "", "variant": null, "digest": "sha256:d2a7dfcb2dc897343c4f003c580ee8563a6986a028cc980d81d3fab022514782", "os": "linux", "os_features": "", "os_version": null, "size": 98400285, "status": "active", "last_pulled": "2024-01-20T08:10:55.351915Z", "last_pushed": "2021-07-23T02:50:16.605594Z"}], "last_updated": "2021-07-23T02:50:16.605594Z", "last_updater": 6874667, "last_updater_username": "fluxcdbot", "name": "1.23.1", "repository": 7348718, "full_size": 98400285, "v2": true, "tag_status": "active", "tag_last_pulled": "2024-01-20T08:10:55.351915Z", "tag_last_pushed": "2021-07-23T02:50:16.605594Z", "media_type": "application/vnd.docker.container.image.v1+json", "content_type": "image"}, {"creator": 6874667, "id": 155749907, "images": [{"architecture": "amd64", "features": "", "variant": null, "digest": "sha256:8e52359b851b15bfc78f6020b61af7d2314b069822181348cb3410cd24f0a4ee", "os": "linux", "os_features": "", "os_version": null, "size": 98032656, "status": "active", "last_pulled": "2024-01-20T08:32:25.799822Z", "last_pushed": "2021-06-25T17:25:05.280958Z"}], "last_updated": "2021-06-25T17:25:05.280958Z", "last_updater": 6874667, "last_updater_username": "fluxcdbot", "name": "1.23.0", "repository": 7348718, "full_size": 98032656, "v2": true, "tag_status": "active", "tag_last_pulled": "2024-01-20T08:32:25.799822Z", "tag_last_pushed": "2021-06-25T17:25:05.280958Z", "media_type": "application/vnd.docker.container.image.v1+json", "content_type": "image"}, {"creator": 6874667, "id": 155463848, "images": [{"architecture": "amd64", "features": "", "variant": null, "digest": "sha256:cc61bfa3dd8c97677791bb89d118c6c1599fd0dbf920250c7ad6af12c86b99c1", "os": "linux", "os_features": "", "os_version": null, "size": 98032744, "status": "active", "last_pulled": "2024-01-20T08:43:58.582743Z", "last_pushed": "2021-06-24T01:14:23.455322Z"}], "last_updated": "2021-06-24T01:14:23.455322Z", "last_updater": 6874667, "last_updater_username": "fluxcdbot", "name": "1.23.0-rc1", "repository": 7348718, "full_size": 98032744, "v2": true, "tag_status": "active", "tag_last_pulled": "2024-01-20T08:43:58.582743Z", "tag_last_pushed": "2021-06-24T01:14:23.455322Z", "media_type": "application/vnd.docker.container.image.v1+json", "content_type": "image"}, {"creator": 6874667, "id": 146902827, "images": [{"architecture": "amd64", "features": "", "variant": null, "digest": "sha256:06f4670a5c02c9d39ea3d532ea1191aa32acf948dd54db5ff41fed4aac7140db", "os": "linux", "os_features": "", "os_version": null, "size": 98027099, "status": "active", "last_pulled": "2024-01-20T08:19:56.124128Z", "last_pushed": "2021-04-23T18:04:27.884234Z"}], "last_updated": "2021-04-23T18:04:27.884234Z", "last_updater": 6874667, "last_updater_username": "fluxcdbot", "name": "1.22.2", "repository": 7348718, "full_size": 98027099, "v2": true, "tag_status": "active", "tag_last_pulled": "2024-01-20T08:19:56.124128Z", "tag_last_pushed": "2021-04-23T18:04:27.884234Z", "media_type": "application/vnd.docker.container.image.v1+json", "content_type": "image"}, {"creator": 6874667, "id": 143806734, "images": [{"architecture": "amd64", "features": "", "variant": null, "digest": "sha256:47d48181569bf1a9e6026ee7b2bf7516c3ce98c157b5867defca889d1f93da34", "os": "linux", "os_features": "", "os_version": null, "size": 99165057, "status": "active", "last_pulled": "2024-01-20T07:51:40.984438Z", "last_pushed": "2021-03-31T17:34:38.70566Z"}], "last_updated": "2021-03-31T17:34:38.70566Z", "last_updater": 6874667, "last_updater_username": "fluxcdbot", "name": "1.22.1", "repository": 7348718, "full_size": 99165057, "v2": true, "tag_status": "active", "tag_last_pulled": "2024-01-20T07:51:40.984438Z", "tag_last_pushed": "2021-03-31T17:34:38.70566Z", "media_type": "application/vnd.docker.container.image.v1+json", "content_type": "image"}, {"creator": 6874667, "id": 141905902, "images": [{"architecture": "amd64", "features": "", "variant": null, "digest": "sha256:d0f680a9f6922ca9accf476331a0dd689351cbe573fbc918aefe6497d99e0ecf", "os": "linux", "os_features": "", "os_version": null, "size": 99164765, "status": "active", "last_pulled": "2024-01-20T08:33:46.295244Z", "last_pushed": "2021-03-17T17:23:21.185856Z"}], "last_updated": "2021-03-17T17:23:21.185856Z", "last_updater": 6874667, "last_updater_username": "fluxcdbot", "name": "1.22.0", "repository": 7348718, "full_size": 99164765, "v2": true, "tag_status": "active", "tag_last_pulled": "2024-01-20T08:33:46.295244Z", "tag_last_pushed": "2021-03-17T17:23:21.185856Z", "media_type": "application/vnd.docker.container.image.v1+json", "content_type": "image"}, {"creator": 6874667, "id": 137771841, "images": [{"architecture": "amd64", "features": "", "variant": null, "digest": "sha256:99973141471631d569a89338b700fef1d1396b5bba728fcf6bd67e3da1a8c319", "os": "linux", "os_features": "", "os_version": null, "size": 98691403, "status": "active", "last_pulled": "2024-01-20T08:20:36.118555Z", "last_pushed": "2021-02-16T16:32:42.728373Z"}], "last_updated": "2021-02-16T16:32:42.728373Z", "last_updater": 6874667, "last_updater_username": "fluxcdbot", "name": "1.21.2", "repository": 7348718, "full_size": 98691403, "v2": true, "tag_status": "active", "tag_last_pulled": "2024-01-20T08:20:36.118555Z", "tag_last_pushed": "2021-02-16T16:32:42.728373Z", "media_type": "application/vnd.docker.container.image.v1+json", "content_type": "image"}, {"creator": 6874667, "id": 132222315, "images": [{"architecture": "amd64", "features": "", "variant": null, "digest": "sha256:9d0879f2f1fd033051c0f02048b012e406277e198586462e66faafe862ff09da", "os": "linux", "os_features": "", "os_version": null, "size": 98516895, "status": "active", "last_pulled": "2024-01-20T08:04:21.153652Z", "last_pushed": "2021-01-06T16:01:40.214472Z"}], "last_updated": "2021-01-06T16:01:40.214472Z", "last_updater": 6874667, "last_updater_username": "fluxcdbot", "name": "1.21.1", "repository": 7348718, "full_size": 98516895, "v2": true, "tag_status": "active", "tag_last_pulled": "2024-01-20T08:04:21.153652Z", "tag_last_pushed": "2021-01-06T16:01:40.214472Z", "media_type": "application/vnd.docker.container.image.v1+json", "content_type": "image"}, {"creator": 6874667, "id": 119677273, "images": [{"architecture": "amd64", "features": "", "variant": null, "digest": "sha256:fbfb4e5ddbe28789e76fa645140c48cb9b4c3c39cf5d955ac1ace0256a11dfa2", "os": "linux", "os_features": "", "os_version": null, "size": 98510018, "status": "active", "last_pulled": "2024-01-20T08:49:05.489501Z", "last_pushed": "2020-10-01T12:34:59.59094Z"}], "last_updated": "2020-10-01T12:34:59.59094Z", "last_updater": 6874667, "last_updater_username": "fluxcdbot", "name": "1.21.0", "repository": 7348718, "full_size": 98510018, "v2": true, "tag_status": "active", "tag_last_pulled": "2024-01-20T08:49:05.489501Z", "tag_last_pushed": "2020-10-01T12:34:59.59094Z", "media_type": "application/vnd.docker.container.image.v1+json", "content_type": "image"}, {"creator": 6874667, "id": 113962019, "images": [{"architecture": "amd64", "features": "", "variant": null, "digest": "sha256:57dac3608bcb50dc0a42c5675f6b574e9068ae564332942160d894131f934d31", "os": "linux", "os_features": "", "os_version": null, "size": 100332159, "status": "active", "last_pulled": "2024-01-20T08:10:21.932587Z", "last_pushed": null}], "last_updated": "2020-08-19T14:03:30.988077Z", "last_updater": 6874667, "last_updater_username": "fluxcdbot", "name": "1.20.2", "repository": 7348718, "full_size": 100332159, "v2": true, "tag_status": "active", "tag_last_pulled": "2024-01-20T08:10:21.932587Z", "tag_last_pushed": "2020-08-19T14:03:30.988077Z", "media_type": "application/vnd.docker.container.image.v1+json", "content_type": "image"}, {"creator": 6874667, "id": 111996150, "images": [{"architecture": "amd64", "features": "", "variant": null, "digest": "sha256:6991ecdf2c2592730e1ee4ebc4e85d5ef945f02903e13f2ae10f5bd9c4356bd0", "os": "linux", "os_features": "", "os_version": null, "size": 99546191, "status": "active", "last_pulled": "2024-01-20T08:10:21.90154Z", "last_pushed": null}], "last_updated": "2020-08-05T12:47:15.472779Z", "last_updater": 6874667, "last_updater_username": "fluxcdbot", "name": "1.20.1", "repository": 7348718, "full_size": 99546191, "v2": true, "tag_status": "active", "tag_last_pulled": "2024-01-20T08:10:21.90154Z", "tag_last_pushed": "2020-08-05T12:47:15.472779Z", "media_type": "application/vnd.docker.container.image.v1+json", "content_type": "image"}, {"creator": 6874667, "id": 107754392, "images": [{"architecture": "amd64", "features": "", "variant": null, "digest": "sha256:9f6ce4bfe9f9f1e743bc1e15c524f20c5e07bbd9c1d49f0709c0b73a134789c2", "os": "linux", "os_features": "", "os_version": null, "size": 99548385, "status": "active", "last_pulled": "2024-01-20T07:53:03.881589Z", "last_pushed": null}], "last_updated": "2020-07-08T14:02:36.047213Z", "last_updater": 6874667, "last_updater_username": "fluxcdbot", "name": "1.20.0", "repository": 7348718, "full_size": 99548385, "v2": true, "tag_status": "active", "tag_last_pulled": "2024-01-20T07:53:03.881589Z", "tag_last_pushed": "2020-07-08T14:02:36.047213Z", "media_type": "application/vnd.docker.container.image.v1+json", "content_type": "image"}, {"creator": 6874667, "id": 93610230, "images": [{"architecture": "amd64", "features": "", "variant": null, "digest": "sha256:736ec7fd3d8def8ea249e82fac0c4e92f64b726adbb7a01cae0e9b5b82083d5d", "os": "linux", "os_features": "", "os_version": null, "size": 97815895, "status": "active", "last_pulled": "2024-01-20T08:10:21.851581Z", "last_pushed": null}], "last_updated": "2020-04-02T14:58:18.976348Z", "last_updater": 6874667, "last_updater_username": "fluxcdbot", "name": "1.19.0", "repository": 7348718, "full_size": 97815895, "v2": true, "tag_status": "active", "tag_last_pulled": "2024-01-20T08:10:21.851581Z", "tag_last_pushed": "2020-04-02T14:58:18.976348Z", "media_type": "application/vnd.docker.container.image.v1+json", "content_type": "image"}, {"creator": 363212, "id": 88977262, "images": [{"architecture": "amd64", "features": "", "variant": null, "digest": "sha256:f51b8a64d34d9e8de490e6c1ad18098fc7af4e1376aef626afaeb105b0d045a4", "os": "linux", "os_features": "", "os_version": null, "size": 102295837, "status": "active", "last_pulled": "2024-01-20T08:34:50.601675Z", "last_pushed": null}], "last_updated": "2020-03-02T10:09:01.525754Z", "last_updater": 363212, "last_updater_username": "2opremio", "name": "gitops-engine-903b4f82", "repository": 7348718, "full_size": 102295837, "v2": true, "tag_status": "active", "tag_last_pulled": "2024-01-20T08:34:50.601675Z", "tag_last_pushed": "2020-03-02T10:09:01.525754Z", "media_type": "application/vnd.docker.container.image.v1+json", "content_type": "image"}, {"creator": 363212, "id": 88939858, "images": [{"architecture": "amd64", "features": "", "variant": null, "digest": "sha256:e3b6e66b3e2fde1972e1dd04133a01e4c96b8857f0dc7b96918b55822cac6749", "os": "linux", "os_features": "", "os_version": null, "size": 102295833, "status": "active", "last_pulled": "2024-01-20T08:45:23.134501Z", "last_pushed": null}], "last_updated": "2020-03-01T19:16:27.087135Z", "last_updater": 363212, "last_updater_username": "2opremio", "name": "gitops-engine-8b0f4f6b", "repository": 7348718, "full_size": 102295833, "v2": true, "tag_status": "active", "tag_last_pulled": "2024-01-20T08:45:23.134501Z", "tag_last_pushed": "2020-03-01T19:16:27.087135Z", "media_type": "application/vnd.docker.container.image.v1+json", "content_type": "image"}, {"creator": 363212, "id": 88939414, "images": [{"architecture": "amd64", "features": "", "variant": null, "digest": "sha256:f6daf0d07e2547b9f74b59f23ca57d44648ba4154fda91738d939c68111a7ff0", "os": "linux", "os_features": "", "os_version": null, "size": 102295827, "status": "active", "last_pulled": "2024-01-20T08:42:31.165008Z", "last_pushed": null}], "last_updated": "2020-03-01T18:55:36.282263Z", "last_updater": 363212, "last_updater_username": "2opremio", "name": "gitops-engine-72d7b5e2", "repository": 7348718, "full_size": 102295827, "v2": true, "tag_status": "active", "tag_last_pulled": "2024-01-20T08:42:31.165008Z", "tag_last_pushed": "2020-03-01T18:55:36.282263Z", "media_type": "application/vnd.docker.container.image.v1+json", "content_type": "image"}, {"creator": 6874667, "id": 85484232, "images": [{"architecture": "amd64", "features": "", "variant": null, "digest": "sha256:8fcf24dccd7774b87a33d87e42fa0d9233b5c11481c8414fe93a8bdc870b4f5b", "os": "linux", "os_features": "", "os_version": null, "size": 98060511, "status": "active", "last_pulled": "2024-01-20T08:22:56.722579Z", "last_pushed": null}], "last_updated": "2020-02-06T15:02:59.217874Z", "last_updater": 6874667, "last_updater_username": "fluxcdbot", "name": "1.18.0", "repository": 7348718, "full_size": 98060511, "v2": true, "tag_status": "active", "tag_last_pulled": "2024-01-20T08:22:56.722579Z", "tag_last_pushed": "2020-02-06T15:02:59.217874Z", "media_type": "application/vnd.docker.container.image.v1+json", "content_type": "image"}, {"creator": 6874667, "id": 82434666, "images": [{"architecture": "amd64", "features": "", "variant": null, "digest": "sha256:3a660bf1f3d2f442752203d4ffbd38b18374accdbfeafb46cc26df3477ec0c96", "os": "linux", "os_features": "", "os_version": null, "size": 92626413, "status": "active", "last_pulled": "2024-01-20T08:45:43.615751Z", "last_pushed": null}], "last_updated": "2020-01-13T16:10:50.093915Z", "last_updater": 6874667, "last_updater_username": "fluxcdbot", "name": "1.17.1", "repository": 7348718, "full_size": 92626413, "v2": true, "tag_status": "active", "tag_last_pulled": "2024-01-20T08:45:43.615751Z", "tag_last_pushed": "2020-01-13T16:10:50.093915Z", "media_type": "application/vnd.docker.container.image.v1+json", "content_type": "image"}, {"creator": 6874667, "id": 79992830, "images": [{"architecture": "amd64", "features": "", "variant": null, "digest": "sha256:7577685a6ece009dd741e3df6653f732515406014393dc218a7d405cbfda57c2", "os": "linux", "os_features": "", "os_version": null, "size": 92616158, "status": "active", "last_pulled": "2024-01-20T08:13:17.752202Z", "last_pushed": null}], "last_updated": "2019-12-16T17:47:09.769982Z", "last_updater": 6874667, "last_updater_username": "fluxcdbot", "name": "1.17.0", "repository": 7348718, "full_size": 92616158, "v2": true, "tag_status": "active", "tag_last_pulled": "2024-01-20T08:13:17.752202Z", "tag_last_pushed": "2019-12-16T17:47:09.769982Z", "media_type": "application/vnd.docker.container.image.v1+json", "content_type": "image"}, {"creator": 6874667, "id": 77327563, "images": [{"architecture": "amd64", "features": "", "variant": null, "digest": "sha256:0134a02c8983b08d6e3b25eb73f0b758b146af7ea913c7b53f4b21553991217d", "os": "linux", "os_features": "", "os_version": null, "size": 77177724, "status": "active", "last_pulled": "2024-01-20T08:47:05.477987Z", "last_pushed": null}], "last_updated": "2019-11-22T18:09:35.31662Z", "last_updater": 6874667, "last_updater_username": "fluxcdbot", "name": "1.16.0", "repository": 7348718, "full_size": 77177724, "v2": true, "tag_status": "active", "tag_last_pulled": "2024-01-20T08:47:05.477987Z", "tag_last_pushed": "2019-11-22T18:09:35.31662Z", "media_type": "application/vnd.docker.container.image.v1+json", "content_type": "image"}, {"creator": 510391, "id": 75938634, "images": [{"architecture": "amd64", "features": "", "variant": null, "digest": "sha256:c790f8a65299a3c2e79df73c87d2f7dd20f80c0f5dfe90c88108941b3bd880f0", "os": "linux", "os_features": "", "os_version": null, "size": 81480110, "status": "active", "last_pulled": "2024-01-20T08:19:23.321243Z", "last_pushed": null}], "last_updated": "2019-11-11T20:12:10.333177Z", "last_updater": 510391, "last_updater_username": "hiddeco", "name": "gitops-poc-b4cc9b6a", "repository": 7348718, "full_size": 81480110, "v2": true, "tag_status": "active", "tag_last_pulled": "2024-01-20T08:19:23.321243Z", "tag_last_pushed": "2019-11-11T20:12:10.333177Z", "media_type": "application/vnd.docker.container.image.v1+json", "content_type": "image"}, {"creator": 6874667, "id": 70964103, "images": [{"architecture": "amd64", "features": "", "variant": null, "digest": "sha256:ba4bd9ed8ea13ba4aa94d97b6ca285b6f3831fc5861369110dc19f238ac13201", "os": "linux", "os_features": "", "os_version": null, "size": 74574385, "status": "active", "last_pulled": "2024-01-20T08:00:37.526569Z", "last_pushed": null}], "last_updated": "2019-10-02T11:44:57.794321Z", "last_updater": 6874667, "last_updater_username": "fluxcdbot", "name": "1.15.0", "repository": 7348718, "full_size": 74574385, "v2": true, "tag_status": "active", "tag_last_pulled": "2024-01-20T08:00:37.526569Z", "tag_last_pushed": "2019-10-02T11:44:57.794321Z", "media_type": "application/vnd.docker.container.image.v1+json", "content_type": "image"}, {"creator": 6874667, "id": 67549837, "images": [{"architecture": "amd64", "features": "", "variant": null, "digest": "sha256:1d7070a5fe5628764afe24bc298acc805db81ecc7cd01ac9941271633e00d012", "os": "linux", "os_features": "", "os_version": null, "size": 74316111, "status": "active", "last_pulled": "2024-01-20T08:05:33.525928Z", "last_pushed": null}], "last_updated": "2019-09-02T12:44:47.604411Z", "last_updater": 6874667, "last_updater_username": "fluxcdbot", "name": "1.14.2", "repository": 7348718, "full_size": 74316111, "v2": true, "tag_status": "active", "tag_last_pulled": "2024-01-20T08:05:33.525928Z", "tag_last_pushed": "2019-09-02T12:44:47.604411Z", "media_type": "application/vnd.docker.container.image.v1+json", "content_type": "image"}, {"creator": 6874667, "id": 66459338, "images": [{"architecture": "amd64", "features": "", "variant": null, "digest": "sha256:3edafe223ede2c7bfdb58b846e2788a908d70694999fae84d16b1b8daa91e252", "os": "linux", "os_features": "", "os_version": null, "size": 74274141, "status": "active", "last_pulled": "2024-01-20T08:12:10.338688Z", "last_pushed": null}], "last_updated": "2019-08-22T16:50:33.672599Z", "last_updater": 6874667, "last_updater_username": "fluxcdbot", "name": "1.14.1", "repository": 7348718, "full_size": 74274141, "v2": true, "tag_status": "active", "tag_last_pulled": "2024-01-20T08:12:10.338688Z", "tag_last_pushed": "2019-08-22T16:50:33.672599Z", "media_type": "application/vnd.docker.container.image.v1+json", "content_type": "image"}, {"creator": 6874667, "id": 66253696, "images": [{"architecture": "amd64", "features": "", "variant": null, "digest": "sha256:59bd731ac9245a9dd1067504f436f0f51353e6d2737cc70ba0dad22d999e3ea7", "os": "linux", "os_features": "", "os_version": null, "size": 74274775, "status": "active", "last_pulled": "2024-01-20T08:05:38.320741Z", "last_pushed": null}], "last_updated": "2019-08-21T14:56:23.886991Z", "last_updater": 6874667, "last_updater_username": "fluxcdbot", "name": "1.14.0", "repository": 7348718, "full_size": 74274775, "v2": true, "tag_status": "active", "tag_last_pulled": "2024-01-20T08:05:38.320741Z", "tag_last_pushed": "2019-08-21T14:56:23.886991Z", "media_type": "application/vnd.docker.container.image.v1+json", "content_type": "image"}, {"creator": 6874667, "id": 63519127, "images": [{"architecture": "amd64", "features": "", "variant": null, "digest": "sha256:3fd90df19c470909c692d2d5bfcbcacca62810a6c9e609493cccd8ae916b0916", "os": "linux", "os_features": "", "os_version": null, "size": 67271038, "status": "active", "last_pulled": "2024-01-20T08:32:43.44855Z", "last_pushed": null}], "last_updated": "2019-07-25T16:52:00.740346Z", "last_updater": 6874667, "last_updater_username": "fluxcdbot", "name": "1.13.3", "repository": 7348718, "full_size": 67271038, "v2": true, "tag_status": "active", "tag_last_pulled": "2024-01-20T08:32:43.44855Z", "tag_last_pushed": "2019-07-25T16:52:00.740346Z", "media_type": "application/vnd.docker.container.image.v1+json", "content_type": "image"}, {"creator": 6874667, "id": 61715432, "images": [{"architecture": "amd64", "features": "", "variant": null, "digest": "sha256:bafd68a66417e659f77a73701797f7c7f4ee214a4e2a94237849be8ab4bf86cd", "os": "linux", "os_features": "", "os_version": null, "size": 67277994, "status": "active", "last_pulled": "2024-01-20T08:11:36.010579Z", "last_pushed": null}], "last_updated": "2019-07-10T12:16:38.935443Z", "last_updater": 6874667, "last_updater_username": "fluxcdbot", "name": "1.13.2", "repository": 7348718, "full_size": 67277994, "v2": true, "tag_status": "active", "tag_last_pulled": "2024-01-20T08:11:36.010579Z", "tag_last_pushed": "2019-07-10T12:16:38.935443Z", "media_type": "application/vnd.docker.container.image.v1+json", "content_type": "image"}, {"creator": 510391, "id": 60754666, "images": [{"architecture": "amd64", "features": "", "variant": null, "digest": "sha256:4b4d670fc755572708f6c30629697bbf663e844b31b6d33f7e90387428683fea", "os": "linux", "os_features": "", "os_version": null, "size": 67278591, "status": "active", "last_pulled": "2024-01-20T07:51:57.098813Z", "last_pushed": null}], "last_updated": "2019-07-02T17:11:25.975135Z", "last_updater": 510391, "last_updater_username": "hiddeco", "name": "1.13.1", "repository": 7348718, "full_size": 67278591, "v2": true, "tag_status": "active", "tag_last_pulled": "2024-01-20T07:51:57.098813Z", "tag_last_pushed": "2019-07-02T17:11:25.975135Z", "media_type": "application/vnd.docker.container.image.v1+json", "content_type": "image"}, {"creator": 510391, "id": 60754618, "images": [{"architecture": "amd64", "features": "", "variant": null, "digest": "sha256:2017fc760d9246657c0205165c3b1984acd76c7009535defb449da4bb2c1bd51", "os": "linux", "os_features": "", "os_version": null, "size": 67272896, "status": "active", "last_pulled": "2024-01-20T08:14:34.871701Z", "last_pushed": null}], "last_updated": "2019-07-02T17:11:17.898287Z", "last_updater": 510391, "last_updater_username": "hiddeco", "name": "1.13.0", "repository": 7348718, "full_size": 67272896, "v2": true, "tag_status": "active", "tag_last_pulled": "2024-01-20T08:14:34.871701Z", "tag_last_pushed": "2019-07-02T17:11:17.898287Z", "media_type": "application/vnd.docker.container.image.v1+json", "content_type": "image"}, {"creator": 510391, "id": 60754548, "images": [{"architecture": "amd64", "features": "", "variant": null, "digest": "sha256:9ecac585f6c0b6fbbadf5e1926eeee9bd6e483d8ef2019d7552af160086f96eb", "os": "linux", "os_features": "", "os_version": null, "size": 61550623, "status": "active", "last_pulled": "2024-01-20T08:31:49.660908Z", "last_pushed": null}], "last_updated": "2019-07-02T17:11:09.57004Z", "last_updater": 510391, "last_updater_username": "hiddeco", "name": "1.12.3", "repository": 7348718, "full_size": 61550623, "v2": true, "tag_status": "active", "tag_last_pulled": "2024-01-20T08:31:49.660908Z", "tag_last_pushed": "2019-07-02T17:11:09.57004Z", "media_type": "application/vnd.docker.container.image.v1+json", "content_type": "image"}, {"creator": 510391, "id": 60754497, "images": [{"architecture": "amd64", "features": "", "variant": null, "digest": "sha256:368bc5b219feffb1fe00c73cd0f1be7754591f86e17f57bc20371ecba62f524f", "os": "linux", "os_features": "", "os_version": null, "size": 54148044, "status": "active", "last_pulled": "2024-01-20T08:26:15.613728Z", "last_pushed": null}], "last_updated": "2019-07-02T17:11:01.334862Z", "last_updater": 510391, "last_updater_username": "hiddeco", "name": "1.12.2", "repository": 7348718, "full_size": 54148044, "v2": true, "tag_status": "active", "tag_last_pulled": "2024-01-20T08:26:15.613728Z", "tag_last_pushed": "2019-07-02T17:11:01.334862Z", "media_type": "application/vnd.docker.container.image.v1+json", "content_type": "image"}, {"creator": 510391, "id": 60754425, "images": [{"architecture": "amd64", "features": "", "variant": null, "digest": "sha256:b0d391083bc55ad497b2d7ab3d8fbbe822df93846928c76a55117ce334430c82", "os": "linux", "os_features": "", "os_version": null, "size": 54147386, "status": "active", "last_pulled": "2024-01-20T08:00:54.429012Z", "last_pushed": null}], "last_updated": "2019-07-02T17:10:52.689298Z", "last_updater": 510391, "last_updater_username": "hiddeco", "name": "1.12.1", "repository": 7348718, "full_size": 54147386, "v2": true, "tag_status": "active", "tag_last_pulled": "2024-01-20T08:00:54.429012Z", "tag_last_pushed": "2019-07-02T17:10:52.689298Z", "media_type": "application/vnd.docker.container.image.v1+json", "content_type": "image"}, {"creator": 510391, "id": 60754382, "images": [{"architecture": "amd64", "features": "", "variant": null, "digest": "sha256:cbcb91a7b59e5bb11743505de66dc3a951af2b313dd7dcfee66a2c31e81578ee", "os": "linux", "os_features": "", "os_version": null, "size": 53036580, "status": "active", "last_pulled": "2024-01-20T08:14:22.050031Z", "last_pushed": null}], "last_updated": "2019-07-02T17:10:43.693326Z", "last_updater": 510391, "last_updater_username": "hiddeco", "name": "1.12.0", "repository": 7348718, "full_size": 53036580, "v2": true, "tag_status": "active", "tag_last_pulled": "2024-01-20T08:14:22.050031Z", "tag_last_pushed": "2019-07-02T17:10:43.693326Z", "media_type": "application/vnd.docker.container.image.v1+json", "content_type": "image"}, {"creator": 510391, "id": 60754314, "images": [{"architecture": "amd64", "features": "", "variant": null, "digest": "sha256:c533804645e529e814266d309ec7a21103aec35a45a009bbf46b3e5e86c2a8b9", "os": "linux", "os_features": "", "os_version": null, "size": 53027051, "status": "active", "last_pulled": "2024-01-20T08:21:34.648563Z", "last_pushed": null}], "last_updated": "2019-07-02T17:10:35.91205Z", "last_updater": 510391, "last_updater_username": "hiddeco", "name": "1.11.1", "repository": 7348718, "full_size": 53027051, "v2": true, "tag_status": "active", "tag_last_pulled": "2024-01-20T08:21:34.648563Z", "tag_last_pushed": "2019-07-02T17:10:35.91205Z", "media_type": "application/vnd.docker.container.image.v1+json", "content_type": "image"}, {"creator": 510391, "id": 60754257, "images": [{"architecture": "amd64", "features": "", "variant": null, "digest": "sha256:f5cd11fe508a3f0a5236ecabddd210be67124b2e35a8bac87984cfac8bb2a4d0", "os": "linux", "os_features": "", "os_version": null, "size": 53023612, "status": "active", "last_pulled": "2024-01-20T08:03:45.926566Z", "last_pushed": null}], "last_updated": "2019-07-02T17:10:29.512137Z", "last_updater": 510391, "last_updater_username": "hiddeco", "name": "1.11.0", "repository": 7348718, "full_size": 53023612, "v2": true, "tag_status": "active", "tag_last_pulled": "2024-01-20T08:03:45.926566Z", "tag_last_pushed": "2019-07-02T17:10:29.512137Z", "media_type": "application/vnd.docker.container.image.v1+json", "content_type": "image"}, {"creator": 510391, "id": 60754193, "images": [{"architecture": "amd64", "features": "", "variant": null, "digest": "sha256:463076d14fe27e8ac4ccfcc4589bfd581f23bddef279e1f8759ff42902f6ae5c", "os": "linux", "os_features": "", "os_version": null, "size": 44029309, "status": "active", "last_pulled": "2024-01-20T07:58:20.342228Z", "last_pushed": null}], "last_updated": "2019-07-02T17:10:23.142374Z", "last_updater": 510391, "last_updater_username": "hiddeco", "name": "1.10.1", "repository": 7348718, "full_size": 44029309, "v2": true, "tag_status": "active", "tag_last_pulled": "2024-01-20T07:58:20.342228Z", "tag_last_pushed": "2019-07-02T17:10:23.142374Z", "media_type": "application/vnd.docker.container.image.v1+json", "content_type": "image"}, {"creator": 510391, "id": 60754131, "images": [{"architecture": "amd64", "features": "", "variant": null, "digest": "sha256:2f1c45d9a7278fdf866ba65b1b3192de8bde6588586db475d942f6c479c1fd82", "os": "linux", "os_features": "", "os_version": null, "size": 44013900, "status": "active", "last_pulled": "2024-01-20T08:21:14.39117Z", "last_pushed": null}], "last_updated": "2019-07-02T17:10:14.61246Z", "last_updater": 510391, "last_updater_username": "hiddeco", "name": "1.10.0", "repository": 7348718, "full_size": 44013900, "v2": true, "tag_status": "active", "tag_last_pulled": "2024-01-20T08:21:14.39117Z", "tag_last_pushed": "2019-07-02T17:10:14.61246Z", "media_type": "application/vnd.docker.container.image.v1+json", "content_type": "image"}, {"creator": 510391, "id": 60754079, "images": [{"architecture": "amd64", "features": "", "variant": null, "digest": "sha256:23e1bdaff6ad3f93db86d89a4c71016e7c09c09a5edef933ded214f00b548421", "os": "linux", "os_features": "", "os_version": null, "size": 44008961, "status": "active", "last_pulled": "2024-01-20T07:53:05.870688Z", "last_pushed": null}], "last_updated": "2019-07-02T17:10:07.638201Z", "last_updater": 510391, "last_updater_username": "hiddeco", "name": "1.9.0", "repository": 7348718, "full_size": 44008961, "v2": true, "tag_status": "active", "tag_last_pulled": "2024-01-20T07:53:05.870688Z", "tag_last_pushed": "2019-07-02T17:10:07.638201Z", "media_type": "application/vnd.docker.container.image.v1+json", "content_type": "image"}, {"creator": 510391, "id": 60754033, "images": [{"architecture": "amd64", "features": "", "variant": null, "digest": "sha256:44f4d416a52227d89ea33e56345128c85fafac1513306042870086a617cb87b9", "os": "linux", "os_features": "", "os_version": null, "size": 43211433, "status": "active", "last_pulled": "2024-01-20T08:02:01.59785Z", "last_pushed": null}], "last_updated": "2019-07-02T17:10:00.896886Z", "last_updater": 510391, "last_updater_username": "hiddeco", "name": "1.8.2", "repository": 7348718, "full_size": 43211433, "v2": true, "tag_status": "active", "tag_last_pulled": "2024-01-20T08:02:01.59785Z", "tag_last_pushed": "2019-07-02T17:10:00.896886Z", "media_type": "application/vnd.docker.container.image.v1+json", "content_type": "image"}, {"creator": 510391, "id": 60753999, "images": [{"architecture": "amd64", "features": "", "variant": null, "digest": "sha256:67eb17343051363bb3b4419de5f749c974c099687ff89a2f1451615089ca4a98", "os": "linux", "os_features": "", "os_version": null, "size": 43209654, "status": "active", "last_pulled": "2024-01-20T07:58:23.931326Z", "last_pushed": null}], "last_updated": "2019-07-02T17:09:54.790055Z", "last_updater": 510391, "last_updater_username": "hiddeco", "name": "1.8.1", "repository": 7348718, "full_size": 43209654, "v2": true, "tag_status": "active", "tag_last_pulled": "2024-01-20T07:58:23.931326Z", "tag_last_pushed": "2019-07-02T17:09:54.790055Z"}, {"creator": 510391, "id": 60753949, "images": [{"architecture": "amd64", "features": "", "variant": null, "digest": "sha256:7b3d9218294ec67d1a4aa81aed6661afa2dd0475941508dcd38ca6693ad30863", "os": "linux", "os_features": "", "os_version": null, "size": 44967251, "status": "active", "last_pulled": "2024-01-20T08:42:34.628745Z", "last_pushed": null}], "last_updated": "2019-07-02T17:09:48.345866Z", "last_updater": 510391, "last_updater_username": "hiddeco", "name": "1.8.0", "repository": 7348718, "full_size": 44967251, "v2": true, "tag_status": "active", "tag_last_pulled": "2024-01-20T08:42:34.628745Z", "tag_last_pushed": "2019-07-02T17:09:48.345866Z", "media_type": "application/vnd.docker.container.image.v1+json", "content_type": "image"}, {"creator": 510391, "id": 60753910, "images": [{"architecture": "amd64", "features": "", "variant": null, "digest": "sha256:164ed0c27a3df02a9d928e4a0dfb24f91a48e64be4e133d4d36d57ee6e000340", "os": "linux", "os_features": "", "os_version": null, "size": 44954889, "status": "active", "last_pulled": "2024-01-20T08:45:23.144366Z", "last_pushed": null}], "last_updated": "2019-07-02T17:09:41.925874Z", "last_updater": 510391, "last_updater_username": "hiddeco", "name": "1.7.1", "repository": 7348718, "full_size": 44954889, "v2": true, "tag_status": "active", "tag_last_pulled": "2024-01-20T08:45:23.144366Z", "tag_last_pushed": "2019-07-02T17:09:41.925874Z", "media_type": "application/vnd.docker.container.image.v1+json", "content_type": "image"}, {"creator": 510391, "id": 60753865, "images": [{"architecture": "amd64", "features": "", "variant": null, "digest": "sha256:ac64c95699615a637d9f260759085541ab19916d8b796764141598130ee4542c", "os": "linux", "os_features": "", "os_version": null, "size": 44932339, "status": "active", "last_pulled": "2024-01-20T08:05:41.439716Z", "last_pushed": null}], "last_updated": "2019-07-02T17:09:35.295544Z", "last_updater": 510391, "last_updater_username": "hiddeco", "name": "1.7.0", "repository": 7348718, "full_size": 44932339, "v2": true, "tag_status": "active", "tag_last_pulled": "2024-01-20T08:05:41.439716Z", "tag_last_pushed": "2019-07-02T17:09:35.295544Z", "media_type": "application/vnd.docker.container.image.v1+json", "content_type": "image"}, {"creator": 510391, "id": 60753818, "images": [{"architecture": "amd64", "features": "", "variant": null, "digest": "sha256:28c5b4e61215ebf09e76aafd767402004901ca0ab72dc70b5a0bdc5512f2f040", "os": "linux", "os_features": "", "os_version": null, "size": 44930722, "status": "active", "last_pulled": "2024-01-20T08:42:32.071817Z", "last_pushed": null}], "last_updated": "2019-07-02T17:09:27.09382Z", "last_updater": 510391, "last_updater_username": "hiddeco", "name": "1.6.0", "repository": 7348718, "full_size": 44930722, "v2": true, "tag_status": "active", "tag_last_pulled": "2024-01-20T08:42:32.071817Z", "tag_last_pushed": "2019-07-02T17:09:27.09382Z", "media_type": "application/vnd.docker.container.image.v1+json", "content_type": "image"}, {"creator": 510391, "id": 60753767, "images": [{"architecture": "amd64", "features": "", "variant": null, "digest": "sha256:7e6a2ead7b12bfa36b5e18ca16c504fd0a35b4e22de96bf16dd1488fef7c93d4", "os": "linux", "os_features": "", "os_version": null, "size": 44930226, "status": "active", "last_pulled": "2024-01-20T08:37:24.60391Z", "last_pushed": null}], "last_updated": "2019-07-02T17:09:18.771948Z", "last_updater": 510391, "last_updater_username": "hiddeco", "name": "1.5.0", "repository": 7348718, "full_size": 44930226, "v2": true, "tag_status": "active", "tag_last_pulled": "2024-01-20T08:37:24.60391Z", "tag_last_pushed": "2019-07-02T17:09:18.771948Z", "media_type": "application/vnd.docker.container.image.v1+json", "content_type": "image"}, {"creator": 510391, "id": 60753729, "images": [{"architecture": "amd64", "features": "", "variant": null, "digest": "sha256:dccda1a6e97ffc1648c18a5217e0cc2e1d17b6189e81be952442428bdd170ed7", "os": "linux", "os_features": "", "os_version": null, "size": 44927310, "status": "active", "last_pulled": "2024-01-20T08:29:02.712649Z", "last_pushed": null}], "last_updated": "2019-07-02T17:09:11.505471Z", "last_updater": 510391, "last_updater_username": "hiddeco", "name": "1.4.2", "repository": 7348718, "full_size": 44927310, "v2": true, "tag_status": "active", "tag_last_pulled": "2024-01-20T08:29:02.712649Z", "tag_last_pushed": "2019-07-02T17:09:11.505471Z", "media_type": "application/vnd.docker.container.image.v1+json", "content_type": "image"}, {"creator": 510391, "id": 60753692, "images": [{"architecture": "amd64", "features": "", "variant": null, "digest": "sha256:85980e44d4eb0b03caa37d4ec7cf4da5996692a176c8506d88e58e5def23caf1", "os": "linux", "os_features": "", "os_version": null, "size": 44508278, "status": "active", "last_pulled": "2024-01-20T08:29:02.726826Z", "last_pushed": null}], "last_updated": "2019-07-02T17:09:04.682698Z", "last_updater": 510391, "last_updater_username": "hiddeco", "name": "1.4.1", "repository": 7348718, "full_size": 44508278, "v2": true, "tag_status": "active", "tag_last_pulled": "2024-01-20T08:29:02.726826Z", "tag_last_pushed": "2019-07-02T17:09:04.682698Z", "media_type": "application/vnd.docker.container.image.v1+json", "content_type": "image"}, {"creator": 510391, "id": 60753654, "images": [{"architecture": "amd64", "features": "", "variant": null, "digest": "sha256:0ce3cbed72d36cf7ea90edd403c735b407adf0699abc6120387308b608f13ea9", "os": "linux", "os_features": "", "os_version": null, "size": 44094915, "status": "active", "last_pulled": "2024-01-20T08:21:37.916875Z", "last_pushed": null}], "last_updated": "2019-07-02T17:08:57.798842Z", "last_updater": 510391, "last_updater_username": "hiddeco", "name": "1.4.0", "repository": 7348718, "full_size": 44094915, "v2": true, "tag_status": "active", "tag_last_pulled": "2024-01-20T08:21:37.916875Z", "tag_last_pushed": "2019-07-02T17:08:57.798842Z", "media_type": "application/vnd.docker.container.image.v1+json", "content_type": "image"}, {"creator": 510391, "id": 60749877, "images": [{"architecture": "amd64", "features": "", "variant": null, "digest": "sha256:12b3662f337122bee0943aed15617798bdc77a2961b1bb7521df1160ba0b8584", "os": "linux", "os_features": "", "os_version": null, "size": 36377156, "status": "active", "last_pulled": "2024-01-20T08:06:07.194436Z", "last_pushed": null}], "last_updated": "2019-07-02T17:08:50.041044Z", "last_updater": 510391, "last_updater_username": "hiddeco", "name": "1.3.1", "repository": 7348718, "full_size": 36377156, "v2": true, "tag_status": "active", "tag_last_pulled": "2024-01-20T08:06:07.194436Z", "tag_last_pushed": "2019-07-02T17:08:50.041044Z", "media_type": "application/vnd.docker.container.image.v1+json", "content_type": "image"}, {"creator": 510391, "id": 60749838, "images": [{"architecture": "amd64", "features": "", "variant": null, "digest": "sha256:b80f6d955261374c30f535efe972358b3d6b99268e70f1c3ad4f1109f2f6bd8f", "os": "linux", "os_features": "", "os_version": null, "size": 36359198, "status": "active", "last_pulled": "2024-01-20T08:45:49.549916Z", "last_pushed": null}], "last_updated": "2019-07-02T17:08:42.639185Z", "last_updater": 510391, "last_updater_username": "hiddeco", "name": "1.3.0", "repository": 7348718, "full_size": 36359198, "v2": true, "tag_status": "active", "tag_last_pulled": "2024-01-20T08:45:49.549916Z", "tag_last_pushed": "2019-07-02T17:08:42.639185Z", "media_type": "application/vnd.docker.container.image.v1+json", "content_type": "image"}, {"creator": 510391, "id": 60749794, "images": [{"architecture": "amd64", "features": "", "variant": null, "digest": "sha256:3f9cfc4a6f2ddefed9ff62354cd6bf76f3867a7279631dc2e7717625e4981401", "os": "linux", "os_features": "", "os_version": null, "size": 36358067, "status": "active", "last_pulled": "2024-01-20T08:01:29.238991Z", "last_pushed": null}], "last_updated": "2019-07-02T17:08:35.144361Z", "last_updater": 510391, "last_updater_username": "hiddeco", "name": "1.2.5", "repository": 7348718, "full_size": 36358067, "v2": true, "tag_status": "active", "tag_last_pulled": "2024-01-20T08:01:29.238991Z", "tag_last_pushed": "2019-07-02T17:08:35.144361Z", "media_type": "application/vnd.docker.container.image.v1+json", "content_type": "image"}, {"creator": 510391, "id": 60749749, "images": [{"architecture": "amd64", "features": "", "variant": null, "digest": "sha256:e51eac68a807bff08461766579a8f953aeda5aecf606526494765d099597ff94", "os": "linux", "os_features": "", "os_version": null, "size": 36358107, "status": "active", "last_pulled": "2024-01-20T07:50:34.758196Z", "last_pushed": null}], "last_updated": "2019-07-02T17:08:27.278627Z", "last_updater": 510391, "last_updater_username": "hiddeco", "name": "1.2.4", "repository": 7348718, "full_size": 36358107, "v2": true, "tag_status": "active", "tag_last_pulled": "2024-01-20T07:50:34.758196Z", "tag_last_pushed": "2019-07-02T17:08:27.278627Z", "media_type": "application/vnd.docker.container.image.v1+json", "content_type": "image"}, {"creator": 510391, "id": 60749689, "images": [{"architecture": "amd64", "features": "", "variant": null, "digest": "sha256:97f4a0e189c2493e978af6d0aa1587193291e764a9f5e9b2364dd948860c1f4d", "os": "linux", "os_features": "", "os_version": null, "size": 37031245, "status": "active", "last_pulled": "2024-01-20T08:17:36.090652Z", "last_pushed": null}], "last_updated": "2019-07-02T17:08:20.700054Z", "last_updater": 510391, "last_updater_username": "hiddeco", "name": "1.2.3", "repository": 7348718, "full_size": 37031245, "v2": true, "tag_status": "active", "tag_last_pulled": "2024-01-20T08:17:36.090652Z", "tag_last_pushed": "2019-07-02T17:08:20.700054Z", "media_type": "application/vnd.docker.container.image.v1+json", "content_type": "image"}, {"creator": 510391, "id": 60749650, "images": [{"architecture": "amd64", "features": "", "variant": null, "digest": "sha256:8dce7896eedd91c36ec6b7ed48f363fbea5176c6bdb69ddbdaba02953cd8c02c", "os": "linux", "os_features": "", "os_version": null, "size": 37028764, "status": "active", "last_pulled": "2024-01-20T08:36:02.715094Z", "last_pushed": null}], "last_updated": "2019-07-02T17:08:13.150875Z", "last_updater": 510391, "last_updater_username": "hiddeco", "name": "1.2.2", "repository": 7348718, "full_size": 37028764, "v2": true, "tag_status": "active", "tag_last_pulled": "2024-01-20T08:36:02.715094Z", "tag_last_pushed": "2019-07-02T17:08:13.150875Z", "media_type": "application/vnd.docker.container.image.v1+json", "content_type": "image"}, {"creator": 510391, "id": 60749602, "images": [{"architecture": "amd64", "features": "", "variant": null, "digest": "sha256:1b5f934c82b59985051fdfb2780314411a5051301ba9d63b9856b68c54cb88bb", "os": "linux", "os_features": "", "os_version": null, "size": 37025772, "status": "active", "last_pulled": "2024-01-20T07:53:21.73184Z", "last_pushed": null}], "last_updated": "2019-07-02T17:08:06.379836Z", "last_updater": 510391, "last_updater_username": "hiddeco", "name": "1.2.1", "repository": 7348718, "full_size": 37025772, "v2": true, "tag_status": "active", "tag_last_pulled": "2024-01-20T07:53:21.73184Z", "tag_last_pushed": "2019-07-02T17:08:06.379836Z", "media_type": "application/vnd.docker.container.image.v1+json", "content_type": "image"}, {"creator": 510391, "id": 60749541, "images": [{"architecture": "amd64", "features": "", "variant": null, "digest": "sha256:81258de9106cf85d28826a3c05aebe44e091b52cf44e635ef927a5cf72fdb9ef", "os": "linux", "os_features": "", "os_version": null, "size": 37024714, "status": "active", "last_pulled": "2024-01-20T08:01:21.552378Z", "last_pushed": null}], "last_updated": "2019-07-02T17:07:58.359785Z", "last_updater": 510391, "last_updater_username": "hiddeco", "name": "1.2.0", "repository": 7348718, "full_size": 37024714, "v2": true, "tag_status": "active", "tag_last_pulled": "2024-01-20T08:01:21.552378Z", "tag_last_pushed": "2019-07-02T17:07:58.359785Z", "media_type": "application/vnd.docker.container.image.v1+json", "content_type": "image"}, {"creator": 510391, "id": 60749484, "images": [{"architecture": "amd64", "features": "", "variant": null, "digest": "sha256:e5ac3944b44556916df9b97d78c28cf8e6b6ef419614a70e87b39f84c17428dd", "os": "linux", "os_features": "", "os_version": null, "size": 38764364, "status": "active", "last_pulled": "2024-01-20T07:57:11.18427Z", "last_pushed": null}], "last_updated": "2019-07-02T17:07:50.953164Z", "last_updater": 510391, "last_updater_username": "hiddeco", "name": "1.1.0", "repository": 7348718, "full_size": 38764364, "v2": true, "tag_status": "active", "tag_last_pulled": "2024-01-20T07:57:11.18427Z", "tag_last_pushed": "2019-07-02T17:07:50.953164Z", "media_type": "application/vnd.docker.container.image.v1+json", "content_type": "image"}, {"creator": 510391, "id": 60749431, "images": [{"architecture": "amd64", "features": "", "variant": null, "digest": "sha256:ade31fa1f54dd3bb51b710ed0c56995a6166b5f6040bfc6d03dd76da89eeee8b", "os": "linux", "os_features": "", "os_version": null, "size": 41685224, "status": "active", "last_pulled": "2024-01-20T08:10:33.070047Z", "last_pushed": null}], "last_updated": "2019-07-02T17:07:43.764591Z", "last_updater": 510391, "last_updater_username": "hiddeco", "name": "1.0.2", "repository": 7348718, "full_size": 41685224, "v2": true, "tag_status": "active", "tag_last_pulled": "2024-01-20T08:10:33.070047Z", "tag_last_pushed": "2019-07-02T17:07:43.764591Z", "media_type": "application/vnd.docker.container.image.v1+json", "content_type": "image"}, {"creator": 510391, "id": 60749389, "images": [{"architecture": "amd64", "features": "", "variant": null, "digest": "sha256:619f7faaffbc4e37b172fecc7f0accd130fcbd4c0d1304fa876394869009cd4a", "os": "linux", "os_features": "", "os_version": null, "size": 41676771, "status": "active", "last_pulled": "2024-01-20T08:21:38.112834Z", "last_pushed": null}], "last_updated": "2019-07-02T17:07:36.139692Z", "last_updater": 510391, "last_updater_username": "hiddeco", "name": "1.0.1", "repository": 7348718, "full_size": 41676771, "v2": true, "tag_status": "active", "tag_last_pulled": "2024-01-20T08:21:38.112834Z", "tag_last_pushed": "2019-07-02T17:07:36.139692Z", "media_type": "application/vnd.docker.container.image.v1+json", "content_type": "image"}, {"creator": 510391, "id": 60749329, "images": [{"architecture": "amd64", "features": "", "variant": null, "digest": "sha256:00c5ba8068b9c32817bc04a72c541c6cd43d2cb7e0aabc1eb3bda747ec4806fc", "os": "linux", "os_features": "", "os_version": null, "size": 41671532, "status": "active", "last_pulled": "2024-01-20T08:10:27.384749Z", "last_pushed": null}], "last_updated": "2019-07-02T17:07:29.105462Z", "last_updater": 510391, "last_updater_username": "hiddeco", "name": "1.0.0", "repository": 7348718, "full_size": 41671532, "v2": true, "tag_status": "active", "tag_last_pulled": "2024-01-20T08:10:27.384749Z", "tag_last_pushed": "2019-07-02T17:07:29.105462Z", "media_type": "application/vnd.docker.container.image.v1+json", "content_type": "image"}]