[{"creator": 16950, "id": 751334, "images": [{"architecture": "amd64", "features": "", "variant": null, "digest": "sha256:a0da14d3151fdca61f96d6348c4413fd8c5d2d7a4a1b7b4b9eb50b184fc534e5", "os": "linux", "os_features": "", "os_version": null, "size": 45231701, "status": "active", "last_pulled": "2024-01-20T08:16:48.810569Z", "last_pushed": "2024-01-01T19:15:03.870188Z"}, {"architecture": "arm64", "features": "", "variant": null, "digest": "sha256:287a158ab0dca622cb27f53cfaed97a9ea1e57cf8dde058be862d04a884a3493", "os": "linux", "os_features": "", "os_version": null, "size": 43813285, "status": "active", "last_pulled": "2024-01-20T08:14:13.035574Z", "last_pushed": "2024-01-01T19:15:03.111683Z"}, {"architecture": "arm", "features": "", "variant": "v7", "digest": "sha256:1f09aa7f28857eb36f31b69803a101c8399fb5b21e9be10c69bccb538edb7e10", "os": "linux", "os_features": "", "os_version": null, "size": 42465626, "status": "active", "last_pulled": "2024-01-20T09:08:20.186366Z", "last_pushed": "2024-01-01T19:15:03.625486Z"}, {"architecture": "unknown", "features": "", "variant": null, "digest": "sha256:e85fe0891d680c52369cc775b0c05f32ea54b9bd8709420bb732b76ccd3458da", "os": "unknown", "os_features": "", "os_version": null, "size": 17080, "status": "active", "last_pulled": "2024-01-20T09:08:20.58384Z", "last_pushed": "2024-01-01T19:15:04.110061Z"}, {"architecture": "unknown", "features": "", "variant": null, "digest": "sha256:10b8228ed73addf8dd2c3c26f1fe8d194c9a0751e0d627a94b525fd749c61146", "os": "unknown", "os_features": "", "os_version": null, "size": 17080, "status": "active", "last_pulled": "2024-01-20T09:08:21.329083Z", "last_pushed": "2024-01-01T19:15:03.450713Z"}, {"architecture": "unknown", "features": "", "variant": null, "digest": "sha256:fc55f080ccff83b1e4d401c41711185a3db620585f4b944b61da2e500feb62f5", "os": "unknown", "os_features": "", "os_version": null, "size": 17183, "status": "active", "last_pulled": "2024-01-20T09:08:21.64105Z", "last_pushed": "2024-01-01T19:15:04.285322Z"}], "last_updated": "2024-01-01T19:15:04.682481Z", "last_updater": 16950, "last_updater_username": "unknwon", "name": "latest", "repository": 288820, "full_size": 45231701, "v2": true, "tag_status": "active", "tag_last_pulled": "2024-01-20T09:08:21.64105Z", "tag_last_pushed": "2024-01-01T19:15:04.682481Z", "media_type": "application/vnd.oci.image.index.v1+json", "content_type": "image", "digest": "sha256:354a1c058e98446d21e73735006925dc50419768a18f6eec9d3ced5caf519f0b"}, {"creator": 16950, "id": 394078371, "images": [{"architecture": "amd64", "features": "", "variant": null, "digest": "sha256:ba4b17f75f8d34ce4d8d4255ace3c62e602f8290a17e395d1b17afee511fe088", "os": "linux", "os_features": "", "os_version": null, "size": 44996129, "status": "active", "last_pulled": "2024-01-20T09:12:57.915623Z", "last_pushed": "2023-02-25T14:11:54.445263Z"}, {"architecture": "arm64", "features": "", "variant": null, "digest": "sha256:cedcd4e9b2bc4cf5da6e3c8411a10c3efcb88f9b272ef5f4fb856852edad6680", "os": "linux", "os_features": "", "os_version": null, "size": 43555861, "status": "active", "last_pulled": "2024-01-20T08:00:29.457103Z", "last_pushed": "2023-02-25T14:12:22.213658Z"}, {"architecture": "arm", "features": "", "variant": "v7", "digest": "sha256:bbe5d0b47b1acb5d83fac13929d8394d70f44b63ff3233cc9d6574f5b7ff245c", "os": "linux", "os_features": "", "os_version": null, "size": 42607449, "status": "active", "last_pulled": "2024-01-20T08:00:29.485228Z", "last_pushed": "2023-02-25T14:12:46.818216Z"}], "last_updated": "2023-02-25T14:13:12.544456Z", "last_updater": 16950, "last_updater_username": "unknwon", "name": "0.13", "repository": 288820, "full_size": 44996129, "v2": true, "tag_status": "active", "tag_last_pulled": "2024-01-20T09:12:57.915623Z", "tag_last_pushed": "2023-02-25T14:13:12.544456Z", "media_type": "application/vnd.docker.distribution.manifest.list.v2+json", "content_type": "image", "digest": "sha256:89af001c006d137b9695e7f763a78cd6cc25a7ec715e431dca95d1e5285a03e1"}, {"creator": 16950, "id": 394078298, "images": [{"architecture": "arm", "features": "", "variant": "v7", "digest": "sha256:bbe5d0b47b1acb5d83fac13929d8394d70f44b63ff3233cc9d6574f5b7ff245c", "os": "linux", "os_features": "", "os_version": null, "size": 42607449, "status": "active", "last_pulled": "2024-01-20T08:00:29.485228Z", "last_pushed": "2023-02-25T14:12:46.818216Z"}], "last_updated": "2023-02-25T14:12:46.980688Z", "last_updater": 16950, "last_updater_username": "unknwon", "name": "0.13-armv7", "repository": 288820, "full_size": 42607449, "v2": true, "tag_status": "active", "tag_last_pulled": "2024-01-20T08:00:29.485228Z", "tag_last_pushed": "2023-02-25T14:12:46.980688Z", "media_type": "application/vnd.docker.container.image.v1+json", "content_type": "image", "digest": "sha256:bbe5d0b47b1acb5d83fac13929d8394d70f44b63ff3233cc9d6574f5b7ff245c"}, {"creator": 16950, "id": 394078209, "images": [{"architecture": "arm64", "features": "", "variant": null, "digest": "sha256:cedcd4e9b2bc4cf5da6e3c8411a10c3efcb88f9b272ef5f4fb856852edad6680", "os": "linux", "os_features": "", "os_version": null, "size": 43555861, "status": "active", "last_pulled": "2024-01-20T08:00:29.457103Z", "last_pushed": "2023-02-25T14:12:22.213658Z"}], "last_updated": "2023-02-25T14:12:22.302048Z", "last_updater": 16950, "last_updater_username": "unknwon", "name": "0.13-arm64", "repository": 288820, "full_size": 43555861, "v2": true, "tag_status": "active", "tag_last_pulled": "2024-01-20T08:00:29.457103Z", "tag_last_pushed": "2023-02-25T14:12:22.302048Z", "media_type": "application/vnd.docker.container.image.v1+json", "content_type": "image", "digest": "sha256:cedcd4e9b2bc4cf5da6e3c8411a10c3efcb88f9b272ef5f4fb856852edad6680"}, {"creator": 16950, "id": 394078135, "images": [{"architecture": "amd64", "features": "", "variant": null, "digest": "sha256:ba4b17f75f8d34ce4d8d4255ace3c62e602f8290a17e395d1b17afee511fe088", "os": "linux", "os_features": "", "os_version": null, "size": 44996129, "status": "active", "last_pulled": "2024-01-20T09:12:57.915623Z", "last_pushed": "2023-02-25T14:11:54.445263Z"}], "last_updated": "2023-02-25T14:11:54.530428Z", "last_updater": 16950, "last_updater_username": "unknwon", "name": "0.13-amd64", "repository": 288820, "full_size": 44996129, "v2": true, "tag_status": "active", "tag_last_pulled": "2024-01-20T09:12:57.915623Z", "tag_last_pushed": "2023-02-25T14:11:54.530428Z", "media_type": "application/vnd.docker.container.image.v1+json", "content_type": "image", "digest": "sha256:ba4b17f75f8d34ce4d8d4255ace3c62e602f8290a17e395d1b17afee511fe088"}, {"creator": 16950, "id": 394077496, "images": [{"architecture": "amd64", "features": "", "variant": null, "digest": "sha256:b7b0f5eb440eff620165cfe0bee6735ba218d7a6f01460c44839975d6cad8b85", "os": "linux", "os_features": "", "os_version": null, "size": 44996129, "status": "active", "last_pulled": "2024-01-20T08:02:03.877261Z", "last_pushed": "2023-02-25T14:08:39.878935Z"}, {"architecture": "arm64", "features": "", "variant": null, "digest": "sha256:a18a7f83bfc5ccd89954f2c78631520ab2dee8ea06b6561444bf41a960cb0011", "os": "linux", "os_features": "", "os_version": null, "size": 43555861, "status": "active", "last_pulled": "2024-01-18T06:02:45.637259Z", "last_pushed": "2023-02-25T14:08:39.67686Z"}, {"architecture": "arm", "features": "", "variant": "v7", "digest": "sha256:845f01777b04eb2b5d8ad26faff69f62edeb400a7a283e7e035e4bfd0d142bb2", "os": "linux", "os_features": "", "os_version": null, "size": 42607449, "status": "active", "last_pulled": "2024-01-14T05:09:48.394932Z", "last_pushed": "2023-02-25T14:08:40.503215Z"}, {"architecture": "unknown", "features": "", "variant": null, "digest": "sha256:331a5bc86014235a0d0679890745bc0ecc6cd9067ce6dc850963e6537a71625e", "os": "unknown", "os_features": "", "os_version": null, "size": 1402, "status": "active", "last_pulled": "2024-01-14T05:09:48.386412Z", "last_pushed": "2023-02-25T14:08:40.28784Z"}, {"architecture": "unknown", "features": "", "variant": null, "digest": "sha256:2873b35004ba42a380b26c3702faad298dd46342fd87932aced4d2152dc35aca", "os": "unknown", "os_features": "", "os_version": null, "size": 1402, "status": "active", "last_pulled": "2024-01-14T05:09:48.392218Z", "last_pushed": "2023-02-25T14:08:40.092825Z"}, {"architecture": "unknown", "features": "", "variant": null, "digest": "sha256:520e62113c989c36243d6d81883b0171f174e6af2f7cb5d0fe96225ba1228088", "os": "unknown", "os_features": "", "os_version": null, "size": 1414, "status": "active", "last_pulled": "2024-01-14T05:09:48.456903Z", "last_pushed": "2023-02-25T14:08:40.739556Z"}], "last_updated": "2023-02-25T14:08:41.35978Z", "last_updater": 16950, "last_updater_username": "unknwon", "name": "0.13.0", "repository": 288820, "full_size": 44996129, "v2": true, "tag_status": "active", "tag_last_pulled": "2024-01-20T08:05:47.483999Z", "tag_last_pushed": "2023-02-25T14:08:41.35978Z", "media_type": "application/vnd.oci.image.index.v1+json", "content_type": "image", "digest": "sha256:730c521a280c0c6acd18f7b4335acc1a6ffc5ad31f872d5a193317b47a62eb90"}, {"creator": 16950, "id": 394068647, "images": [{"architecture": "amd64", "features": "", "variant": null, "digest": "sha256:59950409dcdd189b612c190550b25886bf458c249dd0dda8120052f4fdba64d5", "os": "linux", "os_features": "", "os_version": null, "size": 44996272, "status": "active", "last_pulled": "2024-01-20T07:12:33.617098Z", "last_pushed": "2023-02-25T13:33:26.632728Z"}, {"architecture": "arm64", "features": "", "variant": null, "digest": "sha256:330fb97d60b95ff3b4b75855f87264de96b4055d0971dd594809649f936d921b", "os": "linux", "os_features": "", "os_version": null, "size": 43555908, "status": "active", "last_pulled": "2024-01-14T05:09:49.605607Z", "last_pushed": "2023-02-25T13:33:25.694811Z"}, {"architecture": "arm", "features": "", "variant": "v7", "digest": "sha256:481f3279b52df62830a9a11d7ab47976851b458ee46e3c4be1fdd6a047ad29d6", "os": "linux", "os_features": "", "os_version": null, "size": 42607450, "status": "active", "last_pulled": "2024-01-14T05:09:49.530882Z", "last_pushed": "2023-02-25T13:33:26.905075Z"}, {"architecture": "unknown", "features": "", "variant": null, "digest": "sha256:18651b6340787326d2d64b3f812e0e4d56e3cdcd6bb9f0831b0b87ce6cdfda05", "os": "unknown", "os_features": "", "os_version": null, "size": 1413, "status": "active", "last_pulled": "2024-01-14T05:09:49.50896Z", "last_pushed": "2023-02-25T13:33:26.313384Z"}, {"architecture": "unknown", "features": "", "variant": null, "digest": "sha256:162dad255b54af8207a130da3c95fc5dab1a1830e807d40a4545b75fa3e350c1", "os": "unknown", "os_features": "", "os_version": null, "size": 1413, "status": "active", "last_pulled": "2024-01-14T05:09:49.576038Z", "last_pushed": "2023-02-25T13:33:26.042893Z"}, {"architecture": "unknown", "features": "", "variant": null, "digest": "sha256:c4b188dfdc88b3a8657f8a95f0db950e57fd84f0cd08c27df584059ea86c9f2b", "os": "unknown", "os_features": "", "os_version": null, "size": 1425, "status": "active", "last_pulled": "2024-01-14T05:09:49.508272Z", "last_pushed": "2023-02-25T13:33:27.17326Z"}], "last_updated": "2023-02-25T13:33:27.851432Z", "last_updater": 16950, "last_updater_username": "unknwon", "name": "0.13.0-rc.1", "repository": 288820, "full_size": 44996272, "v2": true, "tag_status": "active", "tag_last_pulled": "2024-01-20T09:00:14.607064Z", "tag_last_pushed": "2023-02-25T13:33:27.851432Z", "media_type": "application/vnd.oci.image.index.v1+json", "content_type": "image", "digest": "sha256:5231c2f9508c987a187655d6e0b46f79a4c0acf7a0e47b134a6b4a191d99980d"}, {"creator": 16950, "id": 187989945, "images": [{"architecture": "amd64", "features": "", "variant": null, "digest": "sha256:cdf5086b7e59d56469f62c6e63c5339c48568111297353049d19733c1ea92426", "os": "linux", "os_features": "", "os_version": null, "size": 43784092, "status": "active", "last_pulled": "2024-01-20T07:39:36.080983Z", "last_pushed": "2023-02-25T07:00:20.171021Z"}, {"architecture": "arm64", "features": "", "variant": null, "digest": "sha256:56784611e4dd721a7090a92871e5c1160f1c5c6df2a244cd6bab95c4e994494b", "os": "linux", "os_features": "", "os_version": null, "size": 42639929, "status": "active", "last_pulled": "2024-01-19T23:35:28.908886Z", "last_pushed": "2023-02-25T07:00:42.942762Z"}, {"architecture": "arm", "features": "", "variant": "v7", "digest": "sha256:4cc92e3acd50c78729fde492cee467754ccaa3abb1937c573f27cf8d3c98e95d", "os": "linux", "os_features": "", "os_version": null, "size": 41141039, "status": "active", "last_pulled": "2024-01-14T05:09:47.010842Z", "last_pushed": "2023-02-25T07:01:12.122683Z"}], "last_updated": "2023-02-25T07:01:37.056842Z", "last_updater": 16950, "last_updater_username": "unknwon", "name": "0.12", "repository": 288820, "full_size": 43784092, "v2": true, "tag_status": "active", "tag_last_pulled": "2024-01-20T09:00:16.583156Z", "tag_last_pushed": "2023-02-25T07:01:37.056842Z", "media_type": "application/vnd.docker.distribution.manifest.list.v2+json", "content_type": "image", "digest": "sha256:961626a09aef1ac2c5714efa53fed6c7e48be456c9e4e2c90b18ba3169f5cf9f"}, {"creator": 16950, "id": 394004276, "images": [{"architecture": "amd64", "features": "", "variant": null, "digest": "sha256:88ae178d155333e565f3bc7e7a707afe877bfe85df71b481ce6f34a3fe430af1", "os": "linux", "os_features": "", "os_version": null, "size": 43784092, "status": "active", "last_pulled": "2024-01-19T19:45:00.576371Z", "last_pushed": "2023-02-25T06:57:43.650177Z"}, {"architecture": "arm64", "features": "", "variant": null, "digest": "sha256:46ed42479fc06e6d4538f5b67575c443ad290949ef3e788f0652b51e570d5901", "os": "linux", "os_features": "", "os_version": null, "size": 42639929, "status": "active", "last_pulled": "2024-01-14T05:09:49.758807Z", "last_pushed": "2023-02-25T06:57:43.375694Z"}, {"architecture": "arm", "features": "", "variant": "v7", "digest": "sha256:e08c709b9aa973e03bfae8f4b664b682998c2e138da7627b7912f1b672ea33a3", "os": "linux", "os_features": "", "os_version": null, "size": 41141039, "status": "active", "last_pulled": "2024-01-14T05:09:49.742481Z", "last_pushed": "2023-02-25T06:57:43.935546Z"}, {"architecture": "unknown", "features": "", "variant": null, "digest": "sha256:bf1fe6657532668678a1b91406fe5b7ffa7b21ae5cce4398f9932e2e3879f743", "os": "unknown", "os_features": "", "os_version": null, "size": 1405, "status": "active", "last_pulled": "2024-01-14T05:09:49.75314Z", "last_pushed": "2023-02-25T06:57:43.78602Z"}, {"architecture": "unknown", "features": "", "variant": null, "digest": "sha256:40bd6fb64598ae9d8d97b90d3eff81022db6f2bcfa4d77790fc94add54a8bde9", "os": "unknown", "os_features": "", "os_version": null, "size": 1405, "status": "active", "last_pulled": "2024-01-14T05:09:49.747021Z", "last_pushed": "2023-02-25T06:57:43.49048Z"}, {"architecture": "unknown", "features": "", "variant": null, "digest": "sha256:98176dcf79998c525c7d4bad7bcd2bfba212ca44326f33ac30d4703601b0932b", "os": "unknown", "os_features": "", "os_version": null, "size": 1417, "status": "active", "last_pulled": "2024-01-14T05:09:49.903341Z", "last_pushed": "2023-02-25T06:57:44.067243Z"}], "last_updated": "2023-02-25T06:57:44.530515Z", "last_updater": 16950, "last_updater_username": "unknwon", "name": "0.12.11", "repository": 288820, "full_size": 43784092, "v2": true, "tag_status": "active", "tag_last_pulled": "2024-01-20T08:00:31.443579Z", "tag_last_pushed": "2023-02-25T06:57:44.530515Z", "media_type": "application/vnd.oci.image.index.v1+json", "content_type": "image", "digest": "sha256:7a1aa9a44781c7e101042dd505c6d9d6284afffe1ac9fa1fd013b3c16aa2e29d"}, {"creator": 16950, "id": 393995366, "images": [{"architecture": "amd64", "features": "", "variant": null, "digest": "sha256:745ef25803698c1f6f9e5e5ec5276c52a92d7976527817c926488cfbff7329a9", "os": "linux", "os_features": "", "os_version": null, "size": 43784074, "status": "active", "last_pulled": "2024-01-14T05:09:48.578467Z", "last_pushed": "2023-02-25T06:17:09.943539Z"}, {"architecture": "arm64", "features": "", "variant": null, "digest": "sha256:3248838cafb58a8094ca8c4f05b35b28f98876086244be11fb1756bcebaf70c5", "os": "linux", "os_features": "", "os_version": null, "size": 42639965, "status": "active", "last_pulled": "2024-01-14T05:09:48.57612Z", "last_pushed": "2023-02-25T06:17:09.813108Z"}, {"architecture": "arm", "features": "", "variant": "v7", "digest": "sha256:fb78d6ee1bded123a2dab9695511a6902287af1280d98602b6b7756264ba4080", "os": "linux", "os_features": "", "os_version": null, "size": 41140978, "status": "active", "last_pulled": "2024-01-14T05:09:48.574757Z", "last_pushed": "2023-02-25T06:17:10.069833Z"}, {"architecture": "unknown", "features": "", "variant": null, "digest": "sha256:541ab362c1bd4dfcd5731146dd8194cf3097d61cf8928a378bd64ce689856b81", "os": "unknown", "os_features": "", "os_version": null, "size": 1415, "status": "active", "last_pulled": "2024-01-14T05:09:48.513535Z", "last_pushed": "2023-02-25T06:17:09.478046Z"}, {"architecture": "unknown", "features": "", "variant": null, "digest": "sha256:3fe06cca7d7b4c4b00b2dfe13babc9b7fc2549160c05ec251bf7ad7765b79a8a", "os": "unknown", "os_features": "", "os_version": null, "size": 1415, "status": "active", "last_pulled": "2024-01-14T05:09:48.542787Z", "last_pushed": "2023-02-25T06:17:09.641035Z"}, {"architecture": "unknown", "features": "", "variant": null, "digest": "sha256:a5e24a563cd738002ed964c566b43d5fba8e56648e7bac52f1f527eca78fc273", "os": "unknown", "os_features": "", "os_version": null, "size": 1427, "status": "active", "last_pulled": "2024-01-14T05:09:48.604669Z", "last_pushed": "2023-02-25T06:17:10.195186Z"}], "last_updated": "2023-02-25T06:17:10.788378Z", "last_updater": 16950, "last_updater_username": "unknwon", "name": "0.12.11-rc.1", "repository": 288820, "full_size": 43784074, "v2": true, "tag_status": "active", "tag_last_pulled": "2024-01-20T08:00:31.479783Z", "tag_last_pushed": "2023-02-25T06:17:10.788378Z", "media_type": "application/vnd.oci.image.index.v1+json", "content_type": "image", "digest": "sha256:f197622553f8b3465b2aa04cee01064f11dda0c64b00e864a3797c2881cc0074"}, {"creator": 16950, "id": 264362618, "images": [{"architecture": "amd64", "features": "", "variant": null, "digest": "sha256:a791aed48a964db11f78095d154e74aaaa14e1a40de16900bfd1383ca071bdac", "os": "linux", "os_features": "", "os_version": null, "size": 43737120, "status": "active", "last_pulled": "2024-01-20T05:29:25.308197Z", "last_pushed": "2022-08-02T04:17:09.626959Z"}, {"architecture": "arm64", "features": "", "variant": null, "digest": "sha256:fc243ba1401ace8f2d54125088b09ca90d7f9192adfc656c6b8bd947e52a7387", "os": "linux", "os_features": "", "os_version": null, "size": 42587699, "status": "active", "last_pulled": "2024-01-14T05:09:51.392808Z", "last_pushed": "2022-08-02T04:17:09.896189Z"}, {"architecture": "arm", "features": "", "variant": "v7", "digest": "sha256:ecef15f67bb433d94e67e7e8271ca65a62691a90fc28b9d38f473499a905f632", "os": "linux", "os_features": "", "os_version": null, "size": 41097458, "status": "active", "last_pulled": "2024-01-14T05:09:51.416394Z", "last_pushed": "2022-08-02T04:17:10.095992Z"}], "last_updated": "2022-08-02T04:17:10.668967Z", "last_updater": 16950, "last_updater_username": "unknwon", "name": "0.12.10", "repository": 288820, "full_size": 43737120, "v2": true, "tag_status": "active", "tag_last_pulled": "2024-01-20T05:29:25.308197Z", "tag_last_pushed": "2022-08-02T04:17:10.668967Z", "media_type": "application/vnd.docker.distribution.manifest.list.v2+json", "content_type": "image"}, {"creator": 16950, "id": 264338512, "images": [{"architecture": "amd64", "features": "", "variant": null, "digest": "sha256:cd8b22c3df63eb69877001926358e455215641200e887408914f26d45016d126", "os": "linux", "os_features": "", "os_version": null, "size": 43737103, "status": "active", "last_pulled": "2024-01-19T08:35:45.833642Z", "last_pushed": "2022-08-02T03:39:48.307392Z"}, {"architecture": "arm64", "features": "", "variant": null, "digest": "sha256:cfe4a128c91b2cd631c6c7d47fbace7dad3a7023f787383dfc2d12145e00532a", "os": "linux", "os_features": "", "os_version": null, "size": 42587690, "status": "active", "last_pulled": "2024-01-14T05:09:49.760583Z", "last_pushed": "2022-08-02T03:39:48.036973Z"}, {"architecture": "arm", "features": "", "variant": "v7", "digest": "sha256:cde80e7c540f5acae1705162f2f3c2d7957b2359861a1503b5bb470c6841418e", "os": "linux", "os_features": "", "os_version": null, "size": 41097446, "status": "active", "last_pulled": "2024-01-14T05:09:49.74674Z", "last_pushed": "2022-08-02T03:39:48.583758Z"}], "last_updated": "2022-08-02T03:39:49.157906Z", "last_updater": 16950, "last_updater_username": "unknwon", "name": "0.12.10-rc.1", "repository": 288820, "full_size": 43737103, "v2": true, "tag_status": "active", "tag_last_pulled": "2024-01-19T08:35:45.833642Z", "tag_last_pushed": "2022-08-02T03:39:49.157906Z", "media_type": "application/vnd.docker.distribution.manifest.list.v2+json", "content_type": "image"}, {"creator": 16950, "id": 229606321, "images": [{"architecture": "arm", "features": "", "variant": "v7", "digest": "sha256:950f4b72e491c36c40ff716621620343cc4b13ae8726927c5011d8de7c9ad37e", "os": "linux", "os_features": "", "os_version": null, "size": 41084601, "status": "active", "last_pulled": "2024-01-14T05:09:48.875258Z", "last_pushed": "2022-06-07T16:12:52.15235Z"}, {"architecture": "amd64", "features": "", "variant": null, "digest": "sha256:10234a9df60fba3dcc2c3c6801077353d792067a68462d738f9e6e0161a96594", "os": "linux", "os_features": "", "os_version": null, "size": 43723493, "status": "active", "last_pulled": "2024-01-19T16:18:06.432916Z", "last_pushed": "2022-06-07T16:12:51.910512Z"}, {"architecture": "arm64", "features": "", "variant": null, "digest": "sha256:893899e98aa9c25a581f5c3fdd9e6b8bd92f0d777ae2e75b9780df9fe8ebd2c0", "os": "linux", "os_features": "", "os_version": null, "size": 42571512, "status": "active", "last_pulled": "2024-01-19T22:31:31.438953Z", "last_pushed": "2022-06-07T16:12:51.697727Z"}], "last_updated": "2022-06-07T16:12:52.600966Z", "last_updater": 16950, "last_updater_username": "unknwon", "name": "0.12.9", "repository": 288820, "full_size": 43723493, "v2": true, "tag_status": "active", "tag_last_pulled": "2024-01-19T22:31:31.438953Z", "tag_last_pushed": "2022-06-07T16:12:52.600966Z", "media_type": "application/vnd.docker.distribution.manifest.list.v2+json", "content_type": "image"}, {"creator": 16950, "id": 229568012, "images": [{"architecture": "amd64", "features": "", "variant": null, "digest": "sha256:fed513e05aa77da6cf8a1afd3f1acccc709dda52350c6f35080ce4e40fb65786", "os": "linux", "os_features": "", "os_version": null, "size": 43723581, "status": "active", "last_pulled": "2024-01-19T08:35:46.250392Z", "last_pushed": "2022-06-07T15:11:48.240769Z"}, {"architecture": "arm64", "features": "", "variant": null, "digest": "sha256:7cc632a0d8ce0898fe11f707b2eea73521b41ce77e7071e6b5bc8b186264158b", "os": "linux", "os_features": "", "os_version": null, "size": 42571510, "status": "active", "last_pulled": "2024-01-14T05:09:48.380264Z", "last_pushed": "2022-06-07T15:11:48.117527Z"}, {"architecture": "arm", "features": "", "variant": "v7", "digest": "sha256:f1ec6521724fd3cde3eed78ae440c7bfa3febc93dde022fcdb8d9d618e13c388", "os": "linux", "os_features": "", "os_version": null, "size": 41084673, "status": "active", "last_pulled": "2024-01-14T05:09:48.388134Z", "last_pushed": "2022-06-07T15:11:48.415102Z"}], "last_updated": "2022-06-07T15:11:48.88379Z", "last_updater": 16950, "last_updater_username": "unknwon", "name": "0.12.9-rc.1", "repository": 288820, "full_size": 43723581, "v2": true, "tag_status": "active", "tag_last_pulled": "2024-01-19T08:35:46.250392Z", "tag_last_pushed": "2022-06-07T15:11:48.88379Z", "media_type": "application/vnd.docker.distribution.manifest.list.v2+json", "content_type": "image"}, {"creator": 16950, "id": 224408435, "images": [{"architecture": "amd64", "features": "", "variant": null, "digest": "sha256:c4856beb6a6773da54849b5a1bbc9a77f745c548d0f64ae3896b879331d0be71", "os": "linux", "os_features": "", "os_version": null, "size": 43722555, "status": "active", "last_pulled": "2024-01-20T06:43:12.414014Z", "last_pushed": "2022-05-31T10:13:35.303194Z"}, {"architecture": "arm64", "features": "", "variant": null, "digest": "sha256:f5df4b7399bca5d8011ffb4d6a39cdf9d03e161b123bbaf5bd5dd769e0f61eeb", "os": "linux", "os_features": "", "os_version": null, "size": 42572350, "status": "active", "last_pulled": "2024-01-20T06:43:12.924663Z", "last_pushed": "2022-05-31T10:13:35.023841Z"}, {"architecture": "arm", "features": "", "variant": "v7", "digest": "sha256:fd9f2a7c1b37212560aacdd00b43f17f4a14311d90f38e02060bd83cd517d402", "os": "linux", "os_features": "", "os_version": null, "size": 41083429, "status": "active", "last_pulled": "2024-01-20T06:43:13.427881Z", "last_pushed": "2022-05-31T10:13:35.586007Z"}], "last_updated": "2022-05-31T10:13:36.146734Z", "last_updater": 16950, "last_updater_username": "unknwon", "name": "0.12.8", "repository": 288820, "full_size": 43722555, "v2": true, "tag_status": "active", "tag_last_pulled": "2024-01-20T06:43:13.427881Z", "tag_last_pushed": "2022-05-31T10:13:36.146734Z", "media_type": "application/vnd.docker.distribution.manifest.list.v2+json", "content_type": "image"}, {"creator": 16950, "id": 224385749, "images": [{"architecture": "amd64", "features": "", "variant": null, "digest": "sha256:bcf44d0db652251c1d7aa3dd4b20000dfa496aaee4d71c799b4740b52891296d", "os": "linux", "os_features": "", "os_version": null, "size": 43722564, "status": "active", "last_pulled": "2024-01-19T08:35:46.653291Z", "last_pushed": "2022-05-31T09:23:44.189624Z"}, {"architecture": "arm64", "features": "", "variant": null, "digest": "sha256:32f4a555fccfc715c858a826fd0dc4c71d46ce0085219a51c2cacfd3a5d57274", "os": "linux", "os_features": "", "os_version": null, "size": 42572389, "status": "active", "last_pulled": "2024-01-14T05:09:47.485642Z", "last_pushed": "2022-05-31T09:23:44.023397Z"}, {"architecture": "arm", "features": "", "variant": "v7", "digest": "sha256:64cba23b56b107eb993c686d86ad710af45cefea6a70e361079b815583d175f2", "os": "linux", "os_features": "", "os_version": null, "size": 41083399, "status": "active", "last_pulled": "2024-01-14T05:09:47.519032Z", "last_pushed": "2022-05-31T09:23:44.360952Z"}], "last_updated": "2022-05-31T09:23:44.852842Z", "last_updater": 16950, "last_updater_username": "unknwon", "name": "0.12.8-rc.1", "repository": 288820, "full_size": 43722564, "v2": true, "tag_status": "active", "tag_last_pulled": "2024-01-19T08:35:46.653291Z", "tag_last_pushed": "2022-05-31T09:23:44.852842Z", "media_type": "application/vnd.docker.distribution.manifest.list.v2+json", "content_type": "image"}, {"creator": 16950, "id": 208436728, "images": [{"architecture": "amd64", "features": "", "variant": null, "digest": "sha256:99dc6271c0d2a1e5a0e640780d7c58d087132f98bbb00180080ba35c466576bf", "os": "linux", "os_features": "", "os_version": null, "size": 43711939, "status": "active", "last_pulled": "2024-01-19T13:14:02.271216Z", "last_pushed": "2022-05-05T09:54:22.728385Z"}, {"architecture": "arm64", "features": "", "variant": null, "digest": "sha256:fbae902a7d6f0d6524501ffbe7555488d664d457fbf7d46eba1eb2373ae24fee", "os": "linux", "os_features": "", "os_version": null, "size": 42557071, "status": "active", "last_pulled": "2024-01-14T05:09:46.977213Z", "last_pushed": "2022-05-05T09:54:22.477635Z"}, {"architecture": "arm", "features": "", "variant": "v7", "digest": "sha256:4324161ac62e77165bfb6ef38daf7b145683ab5d4426381abda8b2fdbca372c1", "os": "linux", "os_features": "", "os_version": null, "size": 41068567, "status": "active", "last_pulled": "2024-01-14T05:09:47.033001Z", "last_pushed": "2022-05-05T09:54:22.971131Z"}], "last_updated": "2022-05-05T09:54:23.492651Z", "last_updater": 16950, "last_updater_username": "unknwon", "name": "0.12.7", "repository": 288820, "full_size": 43711939, "v2": true, "tag_status": "active", "tag_last_pulled": "2024-01-19T13:14:02.271216Z", "tag_last_pushed": "2022-05-05T09:54:23.492651Z", "media_type": "application/vnd.docker.distribution.manifest.list.v2+json", "content_type": "image"}, {"creator": 16950, "id": 208418467, "images": [{"architecture": "amd64", "features": "", "variant": null, "digest": "sha256:fc98c7842afeb74563e4f36e23658001d6b96b90f5285d440d73b5e806b98d9d", "os": "linux", "os_features": "", "os_version": null, "size": 43711998, "status": "active", "last_pulled": "2024-01-19T08:35:47.104652Z", "last_pushed": "2022-05-05T09:11:45.495966Z"}, {"architecture": "arm64", "features": "", "variant": null, "digest": "sha256:5e507a3166abffb195dd555ace8c8331d21b968510769c329d144d60123d4e21", "os": "linux", "os_features": "", "os_version": null, "size": 42557041, "status": "active", "last_pulled": "2024-01-14T05:09:47.796048Z", "last_pushed": "2022-05-05T09:11:45.645392Z"}, {"architecture": "arm", "features": "", "variant": "v7", "digest": "sha256:d2c12b2e16e077adbecf55c3f1a93c031f58fa741c7c76fbc6d4421e8e6f1400", "os": "linux", "os_features": "", "os_version": null, "size": 41068523, "status": "active", "last_pulled": "2024-01-14T05:09:47.77453Z", "last_pushed": "2022-05-05T09:11:45.271688Z"}], "last_updated": "2022-05-05T09:11:46.166827Z", "last_updater": 16950, "last_updater_username": "unknwon", "name": "0.12.7-rc.1", "repository": 288820, "full_size": 43711998, "v2": true, "tag_status": "active", "tag_last_pulled": "2024-01-19T08:35:47.104652Z", "tag_last_pushed": "2022-05-05T09:11:46.166827Z", "media_type": "application/vnd.docker.distribution.manifest.list.v2+json", "content_type": "image"}, {"creator": 16950, "id": 198263005, "images": [{"architecture": "amd64", "features": "", "variant": null, "digest": "sha256:b7b3812e58b76c0ec85b531168fbe2978b843bad2527b0534949e7247cb0c3e3", "os": "linux", "os_features": "", "os_version": null, "size": 43700799, "status": "active", "last_pulled": "2024-01-19T11:44:42.975224Z", "last_pushed": "2022-03-19T07:57:21.227447Z"}, {"architecture": "arm64", "features": "", "variant": null, "digest": "sha256:0e9d3cdd2f174909254eeec98ea3fc07f5302368233f74d15cac08717c8e1fef", "os": "linux", "os_features": "", "os_version": null, "size": 42541230, "status": "active", "last_pulled": "2024-01-14T05:09:47.733Z", "last_pushed": "2022-03-19T07:57:21.451197Z"}, {"architecture": "arm", "features": "", "variant": "v7", "digest": "sha256:864bec1ae3f9c0edd5ac8d868d6e30d01cd6c0acfb4b9c263ec0418d674f502e", "os": "linux", "os_features": "", "os_version": null, "size": 41083942, "status": "active", "last_pulled": "2024-01-14T05:09:47.725058Z", "last_pushed": "2022-03-19T07:57:21.007777Z"}], "last_updated": "2022-03-19T07:57:21.932579Z", "last_updater": 16950, "last_updater_username": "unknwon", "name": "0.12.6", "repository": 288820, "full_size": 43700799, "v2": true, "tag_status": "active", "tag_last_pulled": "2024-01-19T11:44:42.975224Z", "tag_last_pushed": "2022-03-19T07:57:21.932579Z", "media_type": "application/vnd.docker.distribution.manifest.list.v2+json", "content_type": "image"}, {"creator": 16950, "id": 198261034, "images": [{"architecture": "amd64", "features": "", "variant": null, "digest": "sha256:1f26ed55a7fbb32c2c3b6716b51573eb6c2d2672c651da76686d98980259fe99", "os": "linux", "os_features": "", "os_version": null, "size": 43701004, "status": "active", "last_pulled": "2024-01-19T08:35:47.504479Z", "last_pushed": "2022-03-19T07:16:17.049029Z"}, {"architecture": "arm64", "features": "", "variant": null, "digest": "sha256:71bb6e271d0e59551a3a2fd4aa60ea71aae0b00f984066858351aa501b87acd3", "os": "linux", "os_features": "", "os_version": null, "size": 42541214, "status": "active", "last_pulled": "2024-01-14T05:09:47.091044Z", "last_pushed": "2022-03-19T07:16:16.885486Z"}, {"architecture": "arm", "features": "", "variant": "v7", "digest": "sha256:21abea3df10a18ac479568a02645ae1de868b39cf4a9edc72a1f3fbfd7a8610a", "os": "linux", "os_features": "", "os_version": null, "size": 41083930, "status": "active", "last_pulled": "2024-01-14T05:09:47.009997Z", "last_pushed": "2022-03-19T07:16:17.22651Z"}], "last_updated": "2022-03-19T07:16:17.689794Z", "last_updater": 16950, "last_updater_username": "unknwon", "name": "0.12.6-rc.1", "repository": 288820, "full_size": 43701004, "v2": true, "tag_status": "active", "tag_last_pulled": "2024-01-19T08:35:47.504479Z", "tag_last_pushed": "2022-03-19T07:16:17.689794Z", "media_type": "application/vnd.docker.distribution.manifest.list.v2+json", "content_type": "image"}, {"creator": 16950, "id": 196776829, "images": [{"architecture": "amd64", "features": "", "variant": null, "digest": "sha256:fbfe019640639e97ffd961cee320899c71b8de150f1ec628a0b3307f36885fa3", "os": "linux", "os_features": "", "os_version": null, "size": 43072956, "status": "active", "last_pulled": "2024-01-19T08:35:48.284062Z", "last_pushed": "2022-03-11T08:41:48.982699Z"}, {"architecture": "arm64", "features": "", "variant": null, "digest": "sha256:725fce7ae0a0972bf3ad103bf83ccebc4618120473b8043749eee690de9fe029", "os": "linux", "os_features": "", "os_version": null, "size": 41863251, "status": "active", "last_pulled": "2024-01-16T12:03:09.637097Z", "last_pushed": "2022-03-11T08:41:48.696536Z"}, {"architecture": "arm", "features": "", "variant": "v7", "digest": "sha256:015126a80422e3a29ab50b7dce3a6bd33dd6b1b0b9561038f444db83ceea01e7", "os": "linux", "os_features": "", "os_version": null, "size": 40163598, "status": "active", "last_pulled": "2024-01-14T05:09:47.973068Z", "last_pushed": "2022-03-11T08:41:48.428179Z"}], "last_updated": "2022-03-11T08:41:49.618621Z", "last_updater": 16950, "last_updater_username": "unknwon", "name": "0.12.5", "repository": 288820, "full_size": 43072956, "v2": true, "tag_status": "active", "tag_last_pulled": "2024-01-19T08:35:48.284062Z", "tag_last_pushed": "2022-03-11T08:41:49.618621Z", "media_type": "application/vnd.docker.distribution.manifest.list.v2+json", "content_type": "image"}, {"creator": 16950, "id": 196769293, "images": [{"architecture": "amd64", "features": "", "variant": null, "digest": "sha256:a3249aeb0f16559a39211043014419d2a76f52cedfec391584d07c5228e0603e", "os": "linux", "os_features": "", "os_version": null, "size": 43072904, "status": "active", "last_pulled": "2024-01-19T08:35:48.089167Z", "last_pushed": "2022-03-11T07:36:52.768498Z"}, {"architecture": "arm64", "features": "", "variant": null, "digest": "sha256:ab03d3b321ca4eb55fc57792ace616bee9c2d6327af20f954855d57af84d4798", "os": "linux", "os_features": "", "os_version": null, "size": 41863207, "status": "active", "last_pulled": "2024-01-14T05:09:47.0021Z", "last_pushed": "2022-03-11T07:36:52.648457Z"}, {"architecture": "arm", "features": "", "variant": "v7", "digest": "sha256:146a7962b5651cfa9c505bf36d0de3809ae4b6b67e3a575f0afd2f6edb660292", "os": "linux", "os_features": "", "os_version": null, "size": 40163513, "status": "active", "last_pulled": "2024-01-14T05:09:47.06073Z", "last_pushed": "2022-03-11T07:36:52.895989Z"}], "last_updated": "2022-03-11T07:36:53.464622Z", "last_updater": 16950, "last_updater_username": "unknwon", "name": "0.12.5-rc.1", "repository": 288820, "full_size": 43072904, "v2": true, "tag_status": "active", "tag_last_pulled": "2024-01-19T08:35:48.089167Z", "tag_last_pushed": "2022-03-11T07:36:53.464622Z", "media_type": "application/vnd.docker.distribution.manifest.list.v2+json", "content_type": "image"}, {"creator": 16950, "id": 187279603, "images": [{"architecture": "amd64", "features": "", "variant": null, "digest": "sha256:055c8d98c757fee5e519e43ee54c1909627ca351a9e1dfe0e5a792baa3967628", "os": "linux", "os_features": "", "os_version": null, "size": 43072697, "status": "active", "last_pulled": "2024-01-19T16:37:45.085087Z", "last_pushed": "2022-01-17T14:01:20.760145Z"}, {"architecture": "arm64", "features": "", "variant": null, "digest": "sha256:e72d8db9b5d55122296c846502933018ac832f5e5b56690fd877eaa153e7f99e", "os": "linux", "os_features": "", "os_version": null, "size": 41864640, "status": "active", "last_pulled": "2024-01-14T05:09:49.484427Z", "last_pushed": "2022-01-17T14:01:20.616209Z"}, {"architecture": "arm", "features": "", "variant": "v7", "digest": "sha256:68a83121a81b2d18b8e7ea75300f86cc99f732c2717a22fea7a25e0c5346a93f", "os": "linux", "os_features": "", "os_version": null, "size": 40168612, "status": "active", "last_pulled": "2024-01-14T05:09:49.512738Z", "last_pushed": "2022-01-17T14:01:20.905139Z"}], "last_updated": "2022-01-17T14:01:21.157817Z", "last_updater": 16950, "last_updater_username": "unknwon", "name": "0.12.4", "repository": 288820, "full_size": 43072697, "v2": true, "tag_status": "active", "tag_last_pulled": "2024-01-19T16:37:45.085087Z", "tag_last_pushed": "2022-01-17T14:01:21.157817Z", "media_type": "application/vnd.docker.distribution.manifest.list.v2+json", "content_type": "image"}, {"creator": 16950, "id": 187276207, "images": [{"architecture": "arm", "features": "", "variant": "v7", "digest": "sha256:de871393f626e1deed1f784f7bde31881e3d724f174e0c8d02730eb1cd080d69", "os": "linux", "os_features": "", "os_version": null, "size": 40168624, "status": "active", "last_pulled": "2024-01-14T05:09:49.496019Z", "last_pushed": "2022-01-17T02:59:10.821053Z"}, {"architecture": "amd64", "features": "", "variant": null, "digest": "sha256:41e53e04c3f852f1472d65b16500e3e482eef521b5234d60b7623bdce8d5834c", "os": "linux", "os_features": "", "os_version": null, "size": 43072768, "status": "active", "last_pulled": "2024-01-20T00:16:25.81579Z", "last_pushed": "2022-01-17T02:59:10.530671Z"}, {"architecture": "arm64", "features": "", "variant": null, "digest": "sha256:dc0dd08557435c245b3472bff344338d134466fb1c3f3207fcbdb12855f79578", "os": "linux", "os_features": "", "os_version": null, "size": 41864519, "status": "active", "last_pulled": "2024-01-14T05:09:49.481448Z", "last_pushed": "2022-01-17T02:59:10.241938Z"}], "last_updated": "2022-01-17T02:59:11.175882Z", "last_updater": 16950, "last_updater_username": "unknwon", "name": "0.12.4-rc.1", "repository": 288820, "full_size": 43072768, "v2": true, "tag_status": "active", "tag_last_pulled": "2024-01-20T00:16:25.81579Z", "tag_last_pushed": "2022-01-17T02:59:11.175882Z", "media_type": "application/vnd.docker.distribution.manifest.list.v2+json", "content_type": "image"}, {"creator": 16951, "id": 120458133, "images": [{"architecture": "amd64", "features": "", "variant": null, "digest": "sha256:0195b095d0b29e5fd9fd44c0e4a544c981f8c8b2b7fb18ca61824694e31d279e", "os": "linux", "os_features": "", "os_version": null, "size": 46769489, "status": "active", "last_pulled": "2024-01-20T08:38:22.693603Z", "last_pushed": "2020-10-07T15:21:29.541559Z"}], "last_updated": "2020-10-07T15:19:41.895952Z", "last_updater": 16951, "last_updater_username": "gogs", "name": "0.12.3", "repository": 288820, "full_size": 46769489, "v2": true, "tag_status": "active", "tag_last_pulled": "2024-01-20T08:38:22.693603Z", "tag_last_pushed": "2020-10-07T15:19:41.895952Z", "media_type": "application/vnd.docker.container.image.v1+json", "content_type": "image"}, {"creator": 16951, "id": 119035491, "images": [{"architecture": "amd64", "features": "", "variant": null, "digest": "sha256:1104aca8e0fc1e6ab4d1d705b35eb05ee808e9e5eead0c6cbfadf64b0dec13ff", "os": "linux", "os_features": "", "os_version": null, "size": 46764865, "status": "active", "last_pulled": "2024-01-20T08:00:31.500401Z", "last_pushed": "2020-10-07T15:13:18.83975Z"}], "last_updated": "2020-09-26T10:39:44.631943Z", "last_updater": 16950, "last_updater_username": "unknwon", "name": "0.12.2", "repository": 288820, "full_size": 46764865, "v2": true, "tag_status": "active", "tag_last_pulled": "2024-01-20T08:00:31.500401Z", "tag_last_pushed": "2020-09-26T10:39:44.631943Z", "media_type": "application/vnd.docker.container.image.v1+json", "content_type": "image"}, {"creator": 16951, "id": 114919775, "images": [{"architecture": "amd64", "features": "", "variant": null, "digest": "sha256:420d53bb7277c7033231976c7981a3f15de6fe670f12bb9bfdbb6d9cd73bdd44", "os": "linux", "os_features": "", "os_version": null, "size": 46766033, "status": "active", "last_pulled": "2024-01-20T08:00:31.475056Z", "last_pushed": null}], "last_updated": "2020-08-27T07:03:32.698293Z", "last_updater": 16951, "last_updater_username": "gogs", "name": "0.12.1", "repository": 288820, "full_size": 46766033, "v2": true, "tag_status": "active", "tag_last_pulled": "2024-01-20T08:00:31.475056Z", "tag_last_pushed": "2020-08-27T07:03:32.698293Z", "media_type": "application/vnd.docker.container.image.v1+json", "content_type": "image"}, {"creator": 16951, "id": 114357403, "images": [{"architecture": "amd64", "features": "", "variant": null, "digest": "sha256:ca3020658a4da75135ddf3d21242035ffe8a21229c109c63d6c1c97ecff42e20", "os": "linux", "os_features": "", "os_version": null, "size": 46766012, "status": "active", "last_pulled": "2024-01-20T08:00:31.514315Z", "last_pushed": null}], "last_updated": "2020-08-22T10:05:16.494619Z", "last_updater": 16951, "last_updater_username": "gogs", "name": "0.12.0", "repository": 288820, "full_size": 46766012, "v2": true, "tag_status": "active", "tag_last_pulled": "2024-01-20T08:00:31.514315Z", "tag_last_pushed": "2020-08-22T10:05:16.494619Z", "media_type": "application/vnd.docker.container.image.v1+json", "content_type": "image"}, {"creator": 16950, "id": 751276, "images": [{"architecture": "amd64", "features": "", "variant": null, "digest": "sha256:a8de502fe03fb4173c20972bef76f2d6fb7e484dfbd995ecadbb21cb492c4b45", "os": "linux", "os_features": "", "os_version": null, "size": 47670245, "status": "active", "last_pulled": "2024-01-20T08:00:29.471527Z", "last_pushed": null}], "last_updated": "2019-10-24T09:16:57.461353Z", "last_updater": 16951, "last_updater_username": "gogs", "name": "develop", "repository": 288820, "full_size": 47670245, "v2": true, "tag_status": "active", "tag_last_pulled": "2024-01-20T08:00:29.471527Z", "tag_last_pushed": "2019-10-24T09:16:57.461353Z", "media_type": "application/vnd.docker.container.image.v1+json", "content_type": "image", "digest": "sha256:a8de502fe03fb4173c20972bef76f2d6fb7e484dfbd995ecadbb21cb492c4b45"}, {"creator": 16951, "id": 64994723, "images": [{"architecture": "amd64", "features": "", "variant": null, "digest": "sha256:5d2c19df2eb154ea088e35081f6549851440aace1d49c8089d48ff2adeb97c71", "os": "linux", "os_features": "", "os_version": null, "size": 46487930, "status": "active", "last_pulled": "2024-01-20T09:00:16.902401Z", "last_pushed": null}], "last_updated": "2019-08-12T02:38:24.034159Z", "last_updater": 16951, "last_updater_username": "gogs", "name": "0.11.91", "repository": 288820, "full_size": 46487930, "v2": true, "tag_status": "active", "tag_last_pulled": "2024-01-20T09:00:16.902401Z", "tag_last_pushed": "2019-08-12T02:38:24.034159Z", "media_type": "application/vnd.docker.container.image.v1+json", "content_type": "image"}, {"creator": 16951, "id": 45715386, "images": [{"architecture": "amd64", "features": "", "variant": null, "digest": "sha256:f72e0b3e0681b688edffd8f6cfb1e0ed5e6061cd16ce3b3fdffeb1450ccfe219", "os": "linux", "os_features": "", "os_version": null, "size": 43871333, "status": "inactive", "last_pulled": null, "last_pushed": null}], "last_updated": "2019-01-31T03:44:27.991168Z", "last_updater": 16951, "last_updater_username": "gogs", "name": "0.11.86", "repository": 288820, "full_size": 43871333, "v2": true, "tag_status": "inactive", "tag_last_pulled": null, "tag_last_pushed": "2019-01-31T03:44:27.991168Z", "media_type": "application/vnd.docker.container.image.v1+json", "content_type": "image"}, {"creator": 16951, "id": 42279097, "images": [{"architecture": "amd64", "features": "", "variant": null, "digest": "sha256:0688786a8635516ef01f3d78ee5b8376e4249c3b739307c085a9a3647f110542", "os": "linux", "os_features": "", "os_version": null, "size": 42787076, "status": "inactive", "last_pulled": null, "last_pushed": null}], "last_updated": "2018-12-12T04:02:33.465166Z", "last_updater": 16951, "last_updater_username": "gogs", "name": "0.11.79", "repository": 288820, "full_size": 42787076, "v2": true, "tag_status": "inactive", "tag_last_pulled": null, "tag_last_pushed": "2018-12-12T04:02:33.465166Z", "media_type": "application/vnd.docker.container.image.v1+json", "content_type": "image"}, {"creator": 16950, "id": 35369615, "images": [{"architecture": "amd64", "features": "", "variant": null, "digest": "sha256:54a063c8920b77d550c53169259ef5b1912ce57245d96c101122a36e453dc60f", "os": "linux", "os_features": "", "os_version": null, "size": 42765902, "status": "inactive", "last_pulled": null, "last_pushed": null}], "last_updated": "2018-09-16T16:20:52.226065Z", "last_updater": 16950, "last_updater_username": "unknwon", "name": "0.11.66", "repository": 288820, "full_size": 42765902, "v2": true, "tag_status": "inactive", "tag_last_pulled": null, "tag_last_pushed": "2018-09-16T16:20:52.226065Z", "media_type": "application/vnd.docker.container.image.v1+json", "content_type": "image"}, {"creator": 16950, "id": 28560383, "images": [{"architecture": "amd64", "features": "", "variant": null, "digest": "sha256:c4cb61cecc982a8be45f9fdc398be00af8f052c4ea3dcafbcea0af6932234d00", "os": "linux", "os_features": "", "os_version": null, "size": 64137773, "status": "inactive", "last_pulled": null, "last_pushed": null}], "last_updated": "2018-06-05T00:06:58.261466Z", "last_updater": 16950, "last_updater_username": "unknwon", "name": "0.11.53", "repository": 288820, "full_size": 64137773, "v2": true, "tag_status": "inactive", "tag_last_pulled": null, "tag_last_pushed": "2018-06-05T00:06:58.261466Z", "media_type": "application/vnd.docker.container.image.v1+json", "content_type": "image"}, {"creator": 16951, "id": 24848375, "images": [{"architecture": "amd64", "features": "", "variant": null, "digest": "sha256:33f11f92aaa0fc5954752e4114befcc56d9106a4c89b40064ccfa32c42b3a535", "os": "linux", "os_features": "", "os_version": null, "size": 63581413, "status": "inactive", "last_pulled": null, "last_pushed": null}], "last_updated": "2018-03-31T07:00:49.506106Z", "last_updater": 16951, "last_updater_username": "gogs", "name": "0.11.43", "repository": 288820, "full_size": 63581413, "v2": true, "tag_status": "inactive", "tag_last_pulled": null, "tag_last_pushed": "2018-03-31T07:00:49.506106Z", "media_type": "application/vnd.docker.container.image.v1+json", "content_type": "image"}, {"creator": 16951, "id": 18393761, "images": [{"architecture": "amd64", "features": "", "variant": null, "digest": "sha256:290bc4df94f2650db0c92a4ef6699633063b159dfcbfc0fca01f2fa82d5127f9", "os": "linux", "os_features": "", "os_version": null, "size": 55140995, "status": "inactive", "last_pulled": null, "last_pushed": null}], "last_updated": "2017-11-22T20:39:55.446489Z", "last_updater": 16951, "last_updater_username": "gogs", "name": "0.11.34", "repository": 288820, "full_size": 55140995, "v2": true, "tag_status": "inactive", "tag_last_pulled": null, "tag_last_pushed": "2017-11-22T20:39:55.446489Z", "media_type": "application/vnd.docker.container.image.v1+json", "content_type": "image"}, {"creator": 16951, "id": 14120992, "images": [{"architecture": "amd64", "features": "", "variant": null, "digest": "sha256:ef46d39abfced55c5f022d5fa021af6d63067f3c41e66688468800e6997c8312", "os": "linux", "os_features": "", "os_version": null, "size": 54401394, "status": "inactive", "last_pulled": null, "last_pushed": null}], "last_updated": "2017-08-15T22:43:55.269324Z", "last_updater": 16951, "last_updater_username": "gogs", "name": "0.11.29", "repository": 288820, "full_size": 54401394, "v2": true, "tag_status": "inactive", "tag_last_pulled": null, "tag_last_pushed": "2017-08-15T22:43:55.269324Z", "media_type": "application/vnd.docker.container.image.v1+json", "content_type": "image"}, {"creator": 16951, "id": 11762321, "images": [{"architecture": "amd64", "features": "", "variant": null, "digest": "sha256:bac6ce22648f93f1621f092d0cbcb5fcbf243a5292a10b7ddf78a1a04da81990", "os": "linux", "os_features": "", "os_version": null, "size": 50833380, "status": "inactive", "last_pulled": null, "last_pushed": null}], "last_updated": "2017-06-10T19:59:00.651377Z", "last_updater": 16951, "last_updater_username": "gogs", "name": "0.11.19", "repository": 288820, "full_size": 50833380, "v2": true, "tag_status": "inactive", "tag_last_pulled": null, "tag_last_pushed": "2017-06-10T19:59:00.651377Z", "media_type": "application/vnd.docker.container.image.v1+json", "content_type": "image"}, {"creator": 16951, "id": 9715839, "images": [{"architecture": "amd64", "features": "", "variant": null, "digest": "sha256:cd36c8b94b349b92ebf89587ea272bd7912c69b598eda7097a436926f621758f", "os": "linux", "os_features": "", "os_version": null, "size": 49761096, "status": "inactive", "last_pulled": null, "last_pushed": null}], "last_updated": "2017-04-05T17:53:31.907079Z", "last_updater": 16951, "last_updater_username": "gogs", "name": "0.11.4", "repository": 288820, "full_size": 49761096, "v2": true, "tag_status": "inactive", "tag_last_pulled": null, "tag_last_pushed": "2017-04-05T17:53:31.907079Z", "media_type": "application/vnd.docker.container.image.v1+json", "content_type": "image"}, {"creator": 16951, "id": 9647771, "images": [{"architecture": "amd64", "features": "", "variant": null, "digest": "sha256:65db721b3b26b36cc3939a2699dcc71ad1fc001c671f3be5da6012f6596c2ab3", "os": "linux", "os_features": "", "os_version": null, "size": 49639235, "status": "inactive", "last_pulled": null, "last_pushed": null}], "last_updated": "2017-04-04T00:41:57.22785Z", "last_updater": 16951, "last_updater_username": "gogs", "name": "0.11", "repository": 288820, "full_size": 49639235, "v2": true, "tag_status": "inactive", "tag_last_pulled": null, "tag_last_pushed": "2017-04-04T00:41:57.22785Z", "media_type": "application/vnd.docker.container.image.v1+json", "content_type": "image"}, {"creator": 16951, "id": 8985882, "images": [{"architecture": "amd64", "features": "", "variant": null, "digest": "sha256:6c48f330a5f6563b07811b688553abd1a30cdd228102305b730dc2f018e1ff28", "os": "linux", "os_features": "", "os_version": null, "size": 44699176, "status": "inactive", "last_pulled": null, "last_pushed": null}], "last_updated": "2017-03-14T17:17:45.525764Z", "last_updater": 16951, "last_updater_username": "gogs", "name": "0.10.18", "repository": 288820, "full_size": 44699176, "v2": true, "tag_status": "inactive", "tag_last_pulled": null, "tag_last_pushed": "2017-03-14T17:17:45.525764Z", "media_type": "application/vnd.docker.container.image.v1+json", "content_type": "image"}, {"creator": 16951, "id": 8546257, "images": [{"architecture": "amd64", "features": "", "variant": null, "digest": "sha256:386a62ab37f70275926c9a43ec7029e59e52e48d1576dd963e126a0145f20811", "os": "linux", "os_features": "", "os_version": null, "size": 44949217, "status": "inactive", "last_pulled": null, "last_pushed": null}], "last_updated": "2017-02-28T11:42:35.958866Z", "last_updater": 16951, "last_updater_username": "gogs", "name": "0.10.1", "repository": 288820, "full_size": 44949217, "v2": true, "tag_status": "inactive", "tag_last_pulled": null, "tag_last_pushed": "2017-02-28T11:42:35.958866Z", "media_type": "application/vnd.docker.container.image.v1+json", "content_type": "image"}, {"creator": 16951, "id": 8098669, "images": [{"architecture": "amd64", "features": "", "variant": null, "digest": "sha256:0efbc5cc2550ec758b91415c68a3cf5fda9e650eaaeb13a2aaaba293fd489b0a", "os": "linux", "os_features": "", "os_version": null, "size": 35325021, "status": "inactive", "last_pulled": null, "last_pushed": null}], "last_updated": "2017-02-11T09:16:22.97962Z", "last_updater": 16951, "last_updater_username": "gogs", "name": "0.9.141", "repository": 288820, "full_size": 35325021, "v2": true, "tag_status": "inactive", "tag_last_pulled": null, "tag_last_pushed": "2017-02-11T09:16:22.97962Z", "media_type": "application/vnd.docker.container.image.v1+json", "content_type": "image"}]