[{"creator": 633, "id": 3121688, "images": [{"architecture": "amd64", "features": "", "variant": null, "os": "", "os_features": "", "os_version": null, "size": 0, "status": "inactive", "last_pulled": null, "last_pushed": null}], "last_updated": "2016-05-23T12:50:44.912419Z", "last_updater": 633, "last_updater_username": "justinsb", "name": "latest", "repository": 702769, "full_size": 74353753, "v2": true, "tag_status": "inactive", "tag_last_pulled": null, "tag_last_pushed": "2016-05-23T12:50:44.912419Z", "media_type": "application/vnd.docker.distribution.manifest.v1+prettyjws", "content_type": "image"}, {"creator": 633, "id": 149542247, "images": [{"architecture": "amd64", "features": "", "variant": null, "digest": "sha256:99d55b5b2c0f1d951ac8a7301bd45efc388e0e2716eeb7b975002bcaf2eb43f4", "os": "linux", "os_features": "", "os_version": null, "size": 39012056, "status": "active", "last_pulled": "2024-01-20T08:58:00.080593Z", "last_pushed": "2021-05-13T03:43:48.297353Z"}, {"architecture": "arm64", "features": "", "variant": null, "digest": "sha256:71199ee888cb3226266f4376ce29075a1455ec0103614e66b7464a6cc16f5023", "os": "linux", "os_features": "", "os_version": null, "size": 36005848, "status": "inactive", "last_pulled": "2023-12-11T14:16:50.878243Z", "last_pushed": "2021-05-13T03:43:49.752976Z"}], "last_updated": "2021-05-13T03:43:49.910272Z", "last_updater": 633, "last_updater_username": "justinsb", "name": "1.20.1", "repository": 702769, "full_size": 39012056, "v2": true, "tag_status": "active", "tag_last_pulled": "2024-01-20T08:58:00.080593Z", "tag_last_pushed": "2021-05-13T03:43:49.910272Z", "media_type": "application/vnd.docker.distribution.manifest.list.v2+json", "content_type": "image"}, {"creator": 633, "id": 149538596, "images": [{"architecture": "amd64", "features": "", "variant": null, "digest": "sha256:509405051cf8b0fb741787ca28cb39f72dc2f712f470b5d3fe459813ef68b8dd", "os": "linux", "os_features": "", "os_version": null, "size": 24734464, "status": "active", "last_pulled": "2024-01-16T00:46:33.98677Z", "last_pushed": "2021-05-13T02:48:59.86563Z"}, {"architecture": "arm64", "features": "", "variant": null, "digest": "sha256:4446cb33f724049f700cca2547264c3a27f880cc202ee9de45b77b43e812dee5", "os": "linux", "os_features": "", "os_version": null, "size": 23072177, "status": "inactive", "last_pulled": "2023-12-05T13:46:37.179761Z", "last_pushed": "2021-05-13T02:49:01.36953Z"}], "last_updated": "2021-05-13T02:49:01.866414Z", "last_updater": 633, "last_updater_username": "justinsb", "name": "1.19.3", "repository": 702769, "full_size": 24734464, "v2": true, "tag_status": "active", "tag_last_pulled": "2024-01-16T00:46:33.98677Z", "tag_last_pushed": "2021-05-13T02:49:01.866414Z", "media_type": "application/vnd.docker.distribution.manifest.list.v2+json", "content_type": "image"}, {"creator": 633, "id": 145055288, "images": [{"architecture": "amd64", "features": "", "variant": null, "digest": "sha256:b6774aca7fc90ecad95bcbc34e138281f05dcd8e48dd21590d1fde519ad86a79", "os": "linux", "os_features": "", "os_version": null, "size": 39012056, "status": "active", "last_pulled": "2024-01-20T08:57:40.066499Z", "last_pushed": "2021-04-10T13:47:32.287808Z"}, {"architecture": "arm64", "features": "", "variant": null, "digest": "sha256:a874418a5afc43e4e2164efeffd1688fede3e51d3509f9d4ca8725a7a0c1f05d", "os": "linux", "os_features": "", "os_version": null, "size": 36005848, "status": "inactive", "last_pulled": "2023-12-05T13:46:37.541529Z", "last_pushed": "2021-04-10T13:47:35.320636Z"}], "last_updated": "2021-04-10T13:47:35.500124Z", "last_updater": 633, "last_updater_username": "justinsb", "name": "1.20.0", "repository": 702769, "full_size": 39012056, "v2": true, "tag_status": "active", "tag_last_pulled": "2024-01-20T08:57:40.066499Z", "tag_last_pushed": "2021-04-10T13:47:35.500124Z", "media_type": "application/vnd.docker.distribution.manifest.list.v2+json", "content_type": "image"}, {"creator": 633, "id": 144977403, "images": [{"architecture": "amd64", "features": "", "variant": null, "digest": "sha256:6b661ee47504dad3309f79ecbe59ef0a3eb477c5e4988586f1b2a2f1b3a5ed7a", "os": "linux", "os_features": "", "os_version": null, "size": 24734464, "status": "active", "last_pulled": "2024-01-20T08:57:50.06403Z", "last_pushed": "2021-04-09T15:35:50.19517Z"}, {"architecture": "arm64", "features": "", "variant": null, "digest": "sha256:5aee49454b0851d44a5d9e5cbde9518357d48fc16beddd9bac66e256a801d0f9", "os": "linux", "os_features": "", "os_version": null, "size": 23072177, "status": "inactive", "last_pulled": "2023-12-05T13:46:37.882217Z", "last_pushed": "2021-04-09T15:35:53.293689Z"}], "last_updated": "2021-04-09T15:35:53.466835Z", "last_updater": 633, "last_updater_username": "justinsb", "name": "1.19.2", "repository": 702769, "full_size": 24734464, "v2": true, "tag_status": "active", "tag_last_pulled": "2024-01-20T08:57:50.06403Z", "tag_last_pushed": "2021-04-09T15:35:53.466835Z", "media_type": "application/vnd.docker.distribution.manifest.list.v2+json", "content_type": "image"}, {"creator": 633, "id": 138268158, "images": [{"architecture": "amd64", "features": "", "variant": null, "digest": "sha256:2b66fab8ffcec1ea7edb3b53ad59a64f241062a059504be836516ea578307524", "os": "linux", "os_features": "", "os_version": null, "size": 24732034, "status": "active", "last_pulled": "2024-01-16T00:46:34.052415Z", "last_pushed": "2021-02-19T13:54:22.722262Z"}, {"architecture": "arm64", "features": "", "variant": null, "digest": "sha256:fa064db599ec18095c7ba2ff7dd019f5029244e694b76fe2b0b8bd9dda7cf966", "os": "linux", "os_features": "", "os_version": null, "size": 23073614, "status": "inactive", "last_pulled": "2023-12-05T13:46:38.317389Z", "last_pushed": "2021-02-19T13:54:26.038764Z"}], "last_updated": "2021-02-19T13:54:26.202046Z", "last_updater": 633, "last_updater_username": "justinsb", "name": "1.19.1", "repository": 702769, "full_size": 24732034, "v2": true, "tag_status": "active", "tag_last_pulled": "2024-01-16T00:46:34.052415Z", "tag_last_pushed": "2021-02-19T13:54:26.202046Z", "media_type": "application/vnd.docker.distribution.manifest.list.v2+json", "content_type": "image"}, {"creator": 633, "id": 135307162, "images": [{"architecture": "amd64", "features": "", "variant": null, "digest": "sha256:beb0c6946a776870197f70619db17515e968b5634a40204dae8737213d606e47", "os": "linux", "os_features": "", "os_version": null, "size": 24726036, "status": "active", "last_pulled": "2024-01-19T08:36:16.884378Z", "last_pushed": "2021-01-29T16:31:06.213929Z"}, {"architecture": "arm64", "features": "", "variant": null, "digest": "sha256:eea1190f05e8cbf0c6817f9e37ceb11ed360d58967341fcb45d9c108cf6ecd46", "os": "linux", "os_features": "", "os_version": null, "size": 23058853, "status": "inactive", "last_pulled": "2023-12-05T13:46:38.637736Z", "last_pushed": "2021-01-29T16:31:08.569713Z"}], "last_updated": "2021-01-29T16:31:08.758229Z", "last_updater": 633, "last_updater_username": "justinsb", "name": "1.19.0", "repository": 702769, "full_size": 24726036, "v2": true, "tag_status": "active", "tag_last_pulled": "2024-01-19T08:36:16.884378Z", "tag_last_pushed": "2021-01-29T16:31:08.758229Z", "media_type": "application/vnd.docker.distribution.manifest.list.v2+json", "content_type": "image"}, {"creator": 633, "id": 135141218, "images": [{"architecture": "amd64", "features": "", "variant": null, "digest": "sha256:bc8b6909a0a7c6454c14daa57b055e3561d2fa4e795a8ad3da14281285444b8e", "os": "linux", "os_features": "", "os_version": null, "size": 25352734, "status": "active", "last_pulled": "2024-01-20T08:56:35.044847Z", "last_pushed": "2021-01-28T15:21:53.950927Z"}], "last_updated": "2021-01-28T15:21:53.950927Z", "last_updater": 633, "last_updater_username": "justinsb", "name": "1.18.3", "repository": 702769, "full_size": 25352734, "v2": true, "tag_status": "active", "tag_last_pulled": "2024-01-20T08:56:35.044847Z", "tag_last_pushed": "2021-01-28T15:21:53.950927Z", "media_type": "application/vnd.docker.container.image.v1+json", "content_type": "image"}, {"creator": 633, "id": 123005733, "images": [{"architecture": "amd64", "features": "", "variant": null, "digest": "sha256:ad0f2562cef00e77bb5c0ff255b682e25b14d24723e1e37057d349e39c7ff28d", "os": "linux", "os_features": "", "os_version": null, "size": 25352734, "status": "active", "last_pulled": "2024-01-20T06:11:42.791728Z", "last_pushed": "2020-11-22T23:11:44.011326Z"}], "last_updated": "2020-11-22T23:11:44.011326Z", "last_updater": 633, "last_updater_username": "justinsb", "name": "1.18.2", "repository": 702769, "full_size": 25352734, "v2": true, "tag_status": "active", "tag_last_pulled": "2024-01-20T06:11:42.791728Z", "tag_last_pushed": "2020-11-22T23:11:44.011326Z", "media_type": "application/vnd.docker.container.image.v1+json", "content_type": "image"}, {"creator": 633, "id": 122632365, "images": [{"architecture": "amd64", "features": "", "variant": null, "digest": "sha256:faf89ddba11b71d02f2faffc5f0ba703c0519bd03da027acef1042b062d1c346", "os": "linux", "os_features": "", "os_version": null, "size": 24670502, "status": "active", "last_pulled": "2024-01-20T08:40:50.295896Z", "last_pushed": "2020-10-22T00:55:03.556339Z"}], "last_updated": "2020-10-22T00:55:03.556339Z", "last_updater": 633, "last_updater_username": "justinsb", "name": "1.19.0-alpha.5", "repository": 702769, "full_size": 24670502, "v2": true, "tag_status": "active", "tag_last_pulled": "2024-01-20T08:40:50.295896Z", "tag_last_pushed": "2020-10-22T00:55:03.556339Z", "media_type": "application/vnd.docker.container.image.v1+json", "content_type": "image"}, {"creator": 633, "id": 118092434, "images": [{"architecture": "amd64", "features": "", "variant": null, "digest": "sha256:7ed0dd7a3107f1b6027b23a692c59bd7dba033a7a2911c8281e7ca9a33127224", "os": "linux", "os_features": "", "os_version": null, "size": 24670502, "status": "active", "last_pulled": "2024-01-20T08:40:30.027096Z", "last_pushed": "2020-09-19T14:24:01.586141Z"}], "last_updated": "2020-09-19T14:24:01.586141Z", "last_updater": 633, "last_updater_username": "justinsb", "name": "1.19.0-alpha.4", "repository": 702769, "full_size": 24670502, "v2": true, "tag_status": "active", "tag_last_pulled": "2024-01-20T08:40:30.027096Z", "tag_last_pushed": "2020-09-19T14:24:01.586141Z", "media_type": "application/vnd.docker.container.image.v1+json", "content_type": "image"}, {"creator": 633, "id": 116661303, "images": [{"architecture": "amd64", "features": "", "variant": null, "digest": "sha256:1df57184ec694b5a5839d2f59b54cc2a2857b34d94b3011063b3bc7caf8afb6d", "os": "linux", "os_features": "", "os_version": null, "size": 25352734, "status": "active", "last_pulled": "2024-01-19T08:19:36.853989Z", "last_pushed": null}], "last_updated": "2020-09-09T16:19:36.287077Z", "last_updater": 633, "last_updater_username": "justinsb", "name": "1.18.1", "repository": 702769, "full_size": 25352734, "v2": true, "tag_status": "active", "tag_last_pulled": "2024-01-19T08:19:36.853989Z", "tag_last_pushed": "2020-09-09T16:19:36.287077Z", "media_type": "application/vnd.docker.container.image.v1+json", "content_type": "image"}, {"creator": 633, "id": 116650615, "images": [{"architecture": "amd64", "features": "", "variant": null, "digest": "sha256:e16ca44b81cb4f9d56f7741429b88380272e771f401478d8d0d6e39c3921c16c", "os": "linux", "os_features": "", "os_version": null, "size": 45438717, "status": "active", "last_pulled": "2024-01-20T08:38:30.086411Z", "last_pushed": null}], "last_updated": "2020-09-09T15:28:14.321276Z", "last_updater": 633, "last_updater_username": "justinsb", "name": "1.17.2", "repository": 702769, "full_size": 45438717, "v2": true, "tag_status": "active", "tag_last_pulled": "2024-01-20T08:38:30.086411Z", "tag_last_pushed": "2020-09-09T15:28:14.321276Z", "media_type": "application/vnd.docker.container.image.v1+json", "content_type": "image"}, {"creator": 633, "id": 116389094, "images": [{"architecture": "amd64", "features": "", "variant": null, "digest": "sha256:8facdc404761ecdaf63dde844d1d3793dd5a3936fa11cf5554f2a1b528fbf3bd", "os": "linux", "os_features": "", "os_version": null, "size": 24668248, "status": "active", "last_pulled": "2024-01-20T08:40:10.077995Z", "last_pushed": null}], "last_updated": "2020-09-07T21:55:11.463061Z", "last_updater": 633, "last_updater_username": "justinsb", "name": "1.19.0-alpha.3", "repository": 702769, "full_size": 24668248, "v2": true, "tag_status": "active", "tag_last_pulled": "2024-01-20T08:40:10.077995Z", "tag_last_pushed": "2020-09-07T21:55:11.463061Z", "media_type": "application/vnd.docker.container.image.v1+json", "content_type": "image"}, {"creator": 633, "id": 111519658, "images": [{"architecture": "amd64", "features": "", "variant": null, "digest": "sha256:db11380ebbe55dc3e1495f7cd04e5de1c77a158ca2fda428bec468880311457f", "os": "linux", "os_features": "", "os_version": null, "size": 25347313, "status": "active", "last_pulled": "2024-01-20T05:23:29.492641Z", "last_pushed": null}], "last_updated": "2020-08-02T21:04:04.951123Z", "last_updater": 633, "last_updater_username": "justinsb", "name": "1.18.0", "repository": 702769, "full_size": 25347313, "v2": true, "tag_status": "active", "tag_last_pulled": "2024-01-20T05:23:29.492641Z", "tag_last_pushed": "2020-08-02T21:04:04.951123Z", "media_type": "application/vnd.docker.container.image.v1+json", "content_type": "image"}, {"creator": 633, "id": 111298798, "images": [{"architecture": "amd64", "features": "", "variant": null, "digest": "sha256:77fc6667f8abf1ef6678fa453ac08b67db7fc229d0434f9c05ebebef447a45e7", "os": "linux", "os_features": "", "os_version": null, "size": 24040290, "status": "active", "last_pulled": "2024-01-20T08:39:50.07465Z", "last_pushed": null}], "last_updated": "2020-07-31T13:30:37.116855Z", "last_updater": 633, "last_updater_username": "justinsb", "name": "1.19.0-alpha.2", "repository": 702769, "full_size": 24040290, "v2": true, "tag_status": "active", "tag_last_pulled": "2024-01-20T08:39:50.07465Z", "tag_last_pushed": "2020-07-31T13:30:37.116855Z", "media_type": "application/vnd.docker.container.image.v1+json", "content_type": "image"}, {"creator": 633, "id": 108306998, "images": [{"architecture": "amd64", "features": "", "variant": null, "digest": "sha256:7ced9934393433216b7e1927fb5031df25e60216c2cd224118a86de4eb65c934", "os": "linux", "os_features": "", "os_version": null, "size": 25347282, "status": "active", "last_pulled": "2024-01-19T14:31:04.920789Z", "last_pushed": null}], "last_updated": "2020-07-13T16:23:39.52819Z", "last_updater": 633, "last_updater_username": "justinsb", "name": "1.18.0-beta.2", "repository": 702769, "full_size": 25347282, "v2": true, "tag_status": "active", "tag_last_pulled": "2024-01-19T14:31:04.920789Z", "tag_last_pushed": "2020-07-13T16:23:39.52819Z", "media_type": "application/vnd.docker.container.image.v1+json", "content_type": "image"}, {"creator": 633, "id": 107390253, "images": [{"architecture": "amd64", "features": "", "variant": null, "digest": "sha256:3f72c0fb333a738de3ca1f7af4a2f67bf327c9ef35575e4e1076dd46765fc838", "os": "linux", "os_features": "", "os_version": null, "size": 45398580, "status": "active", "last_pulled": "2024-01-20T08:00:10.115469Z", "last_pushed": null}], "last_updated": "2020-07-06T02:46:18.766556Z", "last_updater": 633, "last_updater_username": "justinsb", "name": "1.17.1", "repository": 702769, "full_size": 45398580, "v2": true, "tag_status": "active", "tag_last_pulled": "2024-01-20T08:00:10.115469Z", "tag_last_pushed": "2020-07-06T02:46:18.766556Z", "media_type": "application/vnd.docker.container.image.v1+json", "content_type": "image"}, {"creator": 633, "id": 107386653, "images": [{"architecture": "amd64", "features": "", "variant": null, "digest": "sha256:bd71560ec7509211cf7c5cbebf75795da937d174bd2e13bfd9b9607565c2e71e", "os": "linux", "os_features": "", "os_version": null, "size": 46827510, "status": "active", "last_pulled": "2024-01-20T03:36:16.356219Z", "last_pushed": null}], "last_updated": "2020-07-06T00:44:52.443271Z", "last_updater": 633, "last_updater_username": "justinsb", "name": "1.16.4", "repository": 702769, "full_size": 46827510, "v2": true, "tag_status": "active", "tag_last_pulled": "2024-01-20T03:36:16.356219Z", "tag_last_pushed": "2020-07-06T00:44:52.443271Z", "media_type": "application/vnd.docker.container.image.v1+json", "content_type": "image"}, {"creator": 633, "id": 107378620, "images": [{"architecture": "amd64", "features": "", "variant": null, "digest": "sha256:73b5f528da74d43d798e388902fde23fcd692a77ecfb6dad75bcdad73e3f7f1e", "os": "linux", "os_features": "", "os_version": null, "size": 25347525, "status": "active", "last_pulled": "2024-01-20T08:39:30.112654Z", "last_pushed": null}], "last_updated": "2020-07-05T18:29:11.841793Z", "last_updater": 633, "last_updater_username": "justinsb", "name": "1.19.0-alpha.1", "repository": 702769, "full_size": 25347525, "v2": true, "tag_status": "active", "tag_last_pulled": "2024-01-20T08:39:30.112654Z", "tag_last_pushed": "2020-07-05T18:29:11.841793Z", "media_type": "application/vnd.docker.container.image.v1+json", "content_type": "image"}, {"creator": 633, "id": 102950053, "images": [{"architecture": "amd64", "features": "", "variant": null, "digest": "sha256:5d2396319bcc69b618173e57f4d7604ead40e46f0eca181c9ddb1df66eba291a", "os": "linux", "os_features": "", "os_version": null, "size": 25347282, "status": "active", "last_pulled": "2024-01-19T13:37:30.256282Z", "last_pushed": null}], "last_updated": "2020-06-02T03:41:38.492057Z", "last_updater": 633, "last_updater_username": "justinsb", "name": "1.18.0-beta.1", "repository": 702769, "full_size": 25347282, "v2": true, "tag_status": "active", "tag_last_pulled": "2024-01-19T13:37:30.256282Z", "tag_last_pushed": "2020-06-02T03:41:38.492057Z", "media_type": "application/vnd.docker.container.image.v1+json", "content_type": "image"}, {"creator": 633, "id": 102759554, "images": [{"architecture": "amd64", "features": "", "variant": null, "digest": "sha256:7295a4ab275fdfa4c88955d7909e347ee27a1ae90dfe1bf6d0326f1256f83701", "os": "linux", "os_features": "", "os_version": null, "size": 45438610, "status": "active", "last_pulled": "2024-01-19T19:39:15.246476Z", "last_pushed": null}], "last_updated": "2020-05-31T15:20:23.463324Z", "last_updater": 633, "last_updater_username": "justinsb", "name": "1.17.0", "repository": 702769, "full_size": 45438610, "v2": true, "tag_status": "active", "tag_last_pulled": "2024-01-19T19:39:15.246476Z", "tag_last_pushed": "2020-05-31T15:20:23.463324Z", "media_type": "application/vnd.docker.container.image.v1+json", "content_type": "image"}, {"creator": 633, "id": 102736228, "images": [{"architecture": "amd64", "features": "", "variant": null, "digest": "sha256:5f2324f4ce7f1888535608033f09f3f877bcfaacf14170937b23459f6ee1f782", "os": "linux", "os_features": "", "os_version": null, "size": 46867534, "status": "active", "last_pulled": "2024-01-19T23:40:59.312962Z", "last_pushed": null}], "last_updated": "2020-05-30T23:40:23.54465Z", "last_updater": 633, "last_updater_username": "justinsb", "name": "1.16.3", "repository": 702769, "full_size": 46867534, "v2": true, "tag_status": "active", "tag_last_pulled": "2024-01-19T23:40:59.312962Z", "tag_last_pushed": "2020-05-30T23:40:23.54465Z", "media_type": "application/vnd.docker.container.image.v1+json", "content_type": "image"}, {"creator": 633, "id": 99105516, "images": [{"architecture": "amd64", "features": "", "variant": null, "digest": "sha256:282b5a85c3812a99a7b36027dabaab0cf295a6c5040a9ced23909948cfe962f2", "os": "linux", "os_features": "", "os_version": null, "size": 25344911, "status": "active", "last_pulled": "2024-01-19T08:18:26.862668Z", "last_pushed": null}], "last_updated": "2020-05-06T12:26:42.371496Z", "last_updater": 633, "last_updater_username": "justinsb", "name": "1.18.0-alpha.3", "repository": 702769, "full_size": 25344911, "v2": true, "tag_status": "active", "tag_last_pulled": "2024-01-19T08:18:26.862668Z", "tag_last_pushed": "2020-05-06T12:26:42.371496Z", "media_type": "application/vnd.docker.container.image.v1+json", "content_type": "image"}, {"creator": 633, "id": 99098596, "images": [{"architecture": "amd64", "features": "", "variant": null, "digest": "sha256:97df2474907febd4ca08dea446f8a2a7640dd65005d471fa449c6522db901e81", "os": "linux", "os_features": "", "os_version": null, "size": 45438058, "status": "active", "last_pulled": "2024-01-20T08:37:10.060733Z", "last_pushed": null}], "last_updated": "2020-05-06T11:32:39.338307Z", "last_updater": 633, "last_updater_username": "justinsb", "name": "1.17.0-beta.2", "repository": 702769, "full_size": 45438058, "v2": true, "tag_status": "active", "tag_last_pulled": "2024-01-20T08:37:10.060733Z", "tag_last_pushed": "2020-05-06T11:32:39.338307Z", "media_type": "application/vnd.docker.container.image.v1+json", "content_type": "image"}, {"creator": 633, "id": 99050916, "images": [{"architecture": "amd64", "features": "", "variant": null, "digest": "sha256:a13e2485f68bad4c5348a65c85a744815bd9e1ea16ecdf47a9cfae4a8fff9f27", "os": "linux", "os_features": "", "os_version": null, "size": 46867603, "status": "active", "last_pulled": "2024-01-19T20:07:19.308902Z", "last_pushed": null}], "last_updated": "2020-05-06T04:49:02.050799Z", "last_updater": 633, "last_updater_username": "justinsb", "name": "1.16.2", "repository": 702769, "full_size": 46867603, "v2": true, "tag_status": "active", "tag_last_pulled": "2024-01-19T20:07:19.308902Z", "tag_last_pushed": "2020-05-06T04:49:02.050799Z", "media_type": "application/vnd.docker.container.image.v1+json", "content_type": "image"}, {"creator": 633, "id": 99043249, "images": [{"architecture": "amd64", "features": "", "variant": null, "digest": "sha256:2ff61286d89ad671529ee2077a8593d2d69ab073ec1e0c5e0911a7c1f2318c47", "os": "linux", "os_features": "", "os_version": null, "size": 45356533, "status": "active", "last_pulled": "2024-01-19T23:27:58.902657Z", "last_pushed": null}], "last_updated": "2020-05-06T03:16:24.928888Z", "last_updater": 633, "last_updater_username": "justinsb", "name": "1.15.3", "repository": 702769, "full_size": 45356533, "v2": true, "tag_status": "active", "tag_last_pulled": "2024-01-19T23:27:58.902657Z", "tag_last_pushed": "2020-05-06T03:16:24.928888Z", "media_type": "application/vnd.docker.container.image.v1+json", "content_type": "image"}, {"creator": 633, "id": 97008551, "images": [{"architecture": "amd64", "features": "", "variant": null, "digest": "sha256:99ac20ecc92e4ed3d711a3bb4288b3edf45550a95b4529ef68745bfa723427c7", "os": "linux", "os_features": "", "os_version": null, "size": 46867536, "status": "active", "last_pulled": "2024-01-19T21:06:48.335702Z", "last_pushed": null}], "last_updated": "2020-04-23T16:42:11.038621Z", "last_updater": 633, "last_updater_username": "justinsb", "name": "1.16.1", "repository": 702769, "full_size": 46867536, "v2": true, "tag_status": "active", "tag_last_pulled": "2024-01-19T21:06:48.335702Z", "tag_last_pushed": "2020-04-23T16:42:11.038621Z", "media_type": "application/vnd.docker.container.image.v1+json", "content_type": "image"}, {"creator": 633, "id": 88556262, "images": [{"architecture": "amd64", "features": "", "variant": null, "digest": "sha256:deb8716b9be887812546070a39240ea75f38cf90b703a8aeae84f32dafa021f6", "os": "linux", "os_features": "", "os_version": null, "size": 45374387, "status": "active", "last_pulled": "2024-01-20T02:33:20.35047Z", "last_pushed": null}], "last_updated": "2020-02-27T10:24:58.601871Z", "last_updater": 633, "last_updater_username": "justinsb", "name": "1.17.0-beta.1", "repository": 702769, "full_size": 45374387, "v2": true, "tag_status": "active", "tag_last_pulled": "2024-01-20T02:33:20.35047Z", "tag_last_pushed": "2020-02-27T10:24:58.601871Z", "media_type": "application/vnd.docker.container.image.v1+json", "content_type": "image"}, {"creator": 633, "id": 88510595, "images": [{"architecture": "amd64", "features": "", "variant": null, "digest": "sha256:384beca99af919c22fa147d983e73bb95557c2cfc25a7652fcae4fce46ec7f0e", "os": "linux", "os_features": "", "os_version": null, "size": 46866517, "status": "active", "last_pulled": "2024-01-20T05:36:54.913958Z", "last_pushed": null}], "last_updated": "2020-02-27T02:50:26.081154Z", "last_updater": 633, "last_updater_username": "justinsb", "name": "1.16.0", "repository": 702769, "full_size": 46866517, "v2": true, "tag_status": "active", "tag_last_pulled": "2024-01-20T05:36:54.913958Z", "tag_last_pushed": "2020-02-27T02:50:26.081154Z", "media_type": "application/vnd.docker.container.image.v1+json", "content_type": "image"}, {"creator": 633, "id": 86054937, "images": [{"architecture": "amd64", "features": "", "variant": null, "digest": "sha256:518ecf7f235ec7c502f0047fafc0f242061f60f343a1274825ce5e31c5128efe", "os": "linux", "os_features": "", "os_version": null, "size": 45374407, "status": "active", "last_pulled": "2024-01-20T06:14:40.262986Z", "last_pushed": null}], "last_updated": "2020-02-11T02:57:59.980012Z", "last_updater": 633, "last_updater_username": "justinsb", "name": "1.17.0-alpha.4", "repository": 702769, "full_size": 45374407, "v2": true, "tag_status": "active", "tag_last_pulled": "2024-01-20T06:14:40.262986Z", "tag_last_pushed": "2020-02-11T02:57:59.980012Z", "media_type": "application/vnd.docker.container.image.v1+json", "content_type": "image"}, {"creator": 633, "id": 85981695, "images": [{"architecture": "amd64", "features": "", "variant": null, "digest": "sha256:37ed9ef04f7dbc2dbacb281a3971a9bcc29a63c1c0e71e1ebfb8a7869b1c3248", "os": "linux", "os_features": "", "os_version": null, "size": 46866473, "status": "active", "last_pulled": "2024-01-19T21:06:28.328864Z", "last_pushed": null}], "last_updated": "2020-02-10T16:20:51.870184Z", "last_updater": 633, "last_updater_username": "justinsb", "name": "1.16.0-beta.2", "repository": 702769, "full_size": 46866473, "v2": true, "tag_status": "active", "tag_last_pulled": "2024-01-19T21:06:28.328864Z", "tag_last_pushed": "2020-02-10T16:20:51.870184Z", "media_type": "application/vnd.docker.container.image.v1+json", "content_type": "image"}, {"creator": 633, "id": 85651065, "images": [{"architecture": "amd64", "features": "", "variant": null, "digest": "sha256:1aa3003b88a50a6f56e57fe60e3469ffc99b7c15e25a17a8559c424e64e5a0eb", "os": "linux", "os_features": "", "os_version": null, "size": 45355465, "status": "active", "last_pulled": "2024-01-19T06:30:58.038873Z", "last_pushed": null}], "last_updated": "2020-02-07T16:54:30.148972Z", "last_updater": 633, "last_updater_username": "justinsb", "name": "1.15.2", "repository": 702769, "full_size": 45355465, "v2": true, "tag_status": "active", "tag_last_pulled": "2024-01-19T06:30:58.038873Z", "tag_last_pushed": "2020-02-07T16:54:30.148972Z", "media_type": "application/vnd.docker.container.image.v1+json", "content_type": "image"}, {"creator": 633, "id": 85494981, "images": [{"architecture": "amd64", "features": "", "variant": null, "digest": "sha256:bb0a0c7cc3d0ea98c6e951e9e2d7ec2d107cbc61b40d0bf27a4f7a53f94995be", "os": "linux", "os_features": "", "os_version": null, "size": 45374401, "status": "active", "last_pulled": "2024-01-20T07:00:52.739569Z", "last_pushed": null}], "last_updated": "2020-02-06T16:16:21.047829Z", "last_updater": 633, "last_updater_username": "justinsb", "name": "1.17.0-alpha.3", "repository": 702769, "full_size": 45374401, "v2": true, "tag_status": "active", "tag_last_pulled": "2024-01-20T07:00:52.739569Z", "tag_last_pushed": "2020-02-06T16:16:21.047829Z", "media_type": "application/vnd.docker.container.image.v1+json", "content_type": "image"}, {"creator": 633, "id": 85418229, "images": [{"architecture": "amd64", "features": "", "variant": null, "digest": "sha256:fd69c96d55e1f832855bce9d8297de8f052fd0c03f17020d7fae43c4ff57e203", "os": "linux", "os_features": "", "os_version": null, "size": 24234589, "status": "active", "last_pulled": "2024-01-19T21:06:08.345141Z", "last_pushed": null}], "last_updated": "2020-02-06T03:05:48.188633Z", "last_updater": 633, "last_updater_username": "justinsb", "name": "1.18.0-alpha.2", "repository": 702769, "full_size": 24234589, "v2": true, "tag_status": "active", "tag_last_pulled": "2024-01-19T21:06:08.345141Z", "tag_last_pushed": "2020-02-06T03:05:48.188633Z", "media_type": "application/vnd.docker.container.image.v1+json", "content_type": "image"}, {"creator": 633, "id": 84764988, "images": [{"architecture": "amd64", "features": "", "variant": null, "digest": "sha256:919bfd53323187fbc009dd02ae119c862195337c1d950c30441f57e2bf4b663c", "os": "linux", "os_features": "", "os_version": null, "size": 24234589, "status": "active", "last_pulled": "2024-01-19T21:05:08.31146Z", "last_pushed": null}], "last_updated": "2020-01-31T12:55:53.46639Z", "last_updater": 633, "last_updater_username": "justinsb", "name": "1.18.0-alpha.1", "repository": 702769, "full_size": 24234589, "v2": true, "tag_status": "active", "tag_last_pulled": "2024-01-19T21:05:08.31146Z", "tag_last_pushed": "2020-01-31T12:55:53.46639Z", "media_type": "application/vnd.docker.container.image.v1+json", "content_type": "image"}, {"creator": 633, "id": 84566557, "images": [{"architecture": "amd64", "features": "", "variant": null, "digest": "sha256:7d4c7e9b9b61171e808ea63ab217454688f845fedf5a840f1c310d62d8775dc8", "os": "linux", "os_features": "", "os_version": null, "size": 45355445, "status": "active", "last_pulled": "2024-01-19T05:13:32.153564Z", "last_pushed": null}], "last_updated": "2020-01-30T02:05:21.603278Z", "last_updater": 633, "last_updater_username": "justinsb", "name": "1.15.1", "repository": 702769, "full_size": 45355445, "v2": true, "tag_status": "active", "tag_last_pulled": "2024-01-19T05:13:32.153564Z", "tag_last_pushed": "2020-01-30T02:05:21.603278Z", "media_type": "application/vnd.docker.container.image.v1+json", "content_type": "image"}, {"creator": 633, "id": 84562837, "images": [{"architecture": "amd64", "features": "", "variant": null, "digest": "sha256:1aa185d99ed04b9be1f032c0e14a4e7ad8d649f64203776de7e4c3bbcca3cac3", "os": "linux", "os_features": "", "os_version": null, "size": 46866485, "status": "active", "last_pulled": "2024-01-20T04:15:44.919685Z", "last_pushed": null}], "last_updated": "2020-01-30T01:10:40.39186Z", "last_updater": 633, "last_updater_username": "justinsb", "name": "1.16.0-beta.1", "repository": 702769, "full_size": 46866485, "v2": true, "tag_status": "active", "tag_last_pulled": "2024-01-20T04:15:44.919685Z", "tag_last_pushed": "2020-01-30T01:10:40.39186Z", "media_type": "application/vnd.docker.container.image.v1+json", "content_type": "image"}, {"creator": 633, "id": 84493174, "images": [{"architecture": "amd64", "features": "", "variant": null, "digest": "sha256:cb6c199198fd60f0f62c4fc1f64a97e86245c6549beb419d047df16ed4062f60", "os": "linux", "os_features": "", "os_version": null, "size": 45374414, "status": "active", "last_pulled": "2024-01-19T16:17:58.588828Z", "last_pushed": null}], "last_updated": "2020-01-29T15:28:59.410059Z", "last_updater": 633, "last_updater_username": "justinsb", "name": "1.17.0-alpha.2", "repository": 702769, "full_size": 45374414, "v2": true, "tag_status": "active", "tag_last_pulled": "2024-01-19T16:17:58.588828Z", "tag_last_pushed": "2020-01-29T15:28:59.410059Z", "media_type": "application/vnd.docker.container.image.v1+json", "content_type": "image"}, {"creator": 633, "id": 77740029, "images": [{"architecture": "amd64", "features": "", "variant": null, "digest": "sha256:17f03e4cb5727796f323fd69486229a6653b12c8bca6753be18f502fb8a8a077", "os": "linux", "os_features": "", "os_version": null, "size": 45386825, "status": "active", "last_pulled": "2024-01-20T06:33:39.266696Z", "last_pushed": null}], "last_updated": "2019-11-26T04:05:40.329354Z", "last_updater": 633, "last_updater_username": "justinsb", "name": "1.17.0-alpha.1", "repository": 702769, "full_size": 45386825, "v2": true, "tag_status": "active", "tag_last_pulled": "2024-01-20T06:33:39.266696Z", "tag_last_pushed": "2019-11-26T04:05:40.329354Z", "media_type": "application/vnd.docker.container.image.v1+json", "content_type": "image"}, {"creator": 633, "id": 76895790, "images": [{"architecture": "amd64", "features": "", "variant": null, "digest": "sha256:8096574ed62560647fcd8590198b56d66c59bc6acfb0da117d7f2db394d3fa00", "os": "linux", "os_features": "", "os_version": null, "size": 45355475, "status": "active", "last_pulled": "2024-01-20T01:24:54.932695Z", "last_pushed": null}], "last_updated": "2019-11-20T01:23:06.2522Z", "last_updater": 633, "last_updater_username": "justinsb", "name": "1.15.0", "repository": 702769, "full_size": 45355475, "v2": true, "tag_status": "active", "tag_last_pulled": "2024-01-20T01:24:54.932695Z", "tag_last_pushed": "2019-11-20T01:23:06.2522Z", "media_type": "application/vnd.docker.container.image.v1+json", "content_type": "image"}, {"creator": 633, "id": 76891061, "images": [{"architecture": "amd64", "features": "", "variant": null, "digest": "sha256:46379a43bfe1168dcdd1331aab3a967abeaa4312925264d43aab4315ca413065", "os": "linux", "os_features": "", "os_version": null, "size": 46866327, "status": "active", "last_pulled": "2024-01-19T22:59:29.291873Z", "last_pushed": null}], "last_updated": "2019-11-20T00:33:53.697465Z", "last_updater": 633, "last_updater_username": "justinsb", "name": "1.16.0-alpha.2", "repository": 702769, "full_size": 46866327, "v2": true, "tag_status": "active", "tag_last_pulled": "2024-01-19T22:59:29.291873Z", "tag_last_pushed": "2019-11-20T00:33:53.697465Z", "media_type": "application/vnd.docker.container.image.v1+json", "content_type": "image"}, {"creator": 633, "id": 75536574, "images": [{"architecture": "amd64", "features": "", "variant": null, "digest": "sha256:f5f6fe527adce70942542af15b8fff9ecfa622ab8faf83769ec892fdf61e2449", "os": "linux", "os_features": "", "os_version": null, "size": 46866310, "status": "active", "last_pulled": "2024-01-19T19:41:59.278267Z", "last_pushed": null}], "last_updated": "2019-11-08T05:36:04.341216Z", "last_updater": 633, "last_updater_username": "justinsb", "name": "1.16.0-alpha.1", "repository": 702769, "full_size": 46866310, "v2": true, "tag_status": "active", "tag_last_pulled": "2024-01-19T19:41:59.278267Z", "tag_last_pushed": "2019-11-08T05:36:04.341216Z", "media_type": "application/vnd.docker.container.image.v1+json", "content_type": "image"}, {"creator": 633, "id": 75529291, "images": [{"architecture": "amd64", "features": "", "variant": null, "digest": "sha256:97e29a91ae6bab26af6bff4a41d36aeafbbec618cd8f275f2b208c8028830974", "os": "linux", "os_features": "", "os_version": null, "size": 46265680, "status": "active", "last_pulled": "2024-01-20T04:58:12.172757Z", "last_pushed": null}], "last_updated": "2019-11-08T03:26:08.941579Z", "last_updater": 633, "last_updater_username": "justinsb", "name": "1.14.1", "repository": 702769, "full_size": 46265680, "v2": true, "tag_status": "active", "tag_last_pulled": "2024-01-20T04:58:12.172757Z", "tag_last_pushed": "2019-11-08T03:26:08.941579Z", "media_type": "application/vnd.docker.container.image.v1+json", "content_type": "image"}, {"creator": 633, "id": 72620144, "images": [{"architecture": "amd64", "features": "", "variant": null, "digest": "sha256:60b0abc252ff57d1ce5413956a564e4ff951438c7410bb64ef6b06007bd9b6e4", "os": "linux", "os_features": "", "os_version": null, "size": 45356590, "status": "active", "last_pulled": "2024-01-20T07:25:49.46309Z", "last_pushed": null}], "last_updated": "2019-10-15T15:41:02.106619Z", "last_updater": 633, "last_updater_username": "justinsb", "name": "1.15.0-beta.1", "repository": 702769, "full_size": 45356590, "v2": true, "tag_status": "active", "tag_last_pulled": "2024-01-20T07:25:49.46309Z", "tag_last_pushed": "2019-10-15T15:41:02.106619Z", "media_type": "application/vnd.docker.container.image.v1+json", "content_type": "image"}, {"creator": 633, "id": 70781885, "images": [{"architecture": "amd64", "features": "", "variant": null, "digest": "sha256:893d40b92ed32a8cf563d9061e29af003ccfbec42e2f3df6e584f32dae86937b", "os": "linux", "os_features": "", "os_version": null, "size": 46265679, "status": "active", "last_pulled": "2024-01-20T09:06:38.78607Z", "last_pushed": null}], "last_updated": "2019-10-01T14:57:59.043474Z", "last_updater": 633, "last_updater_username": "justinsb", "name": "1.14.0", "repository": 702769, "full_size": 46265679, "v2": true, "tag_status": "active", "tag_last_pulled": "2024-01-20T09:06:38.78607Z", "tag_last_pushed": "2019-10-01T14:57:59.043474Z", "media_type": "application/vnd.docker.container.image.v1+json", "content_type": "image"}, {"creator": 633, "id": 70110775, "images": [{"architecture": "amd64", "features": "", "variant": null, "digest": "sha256:ac28bcf3c2f42f95276a024c573da4162fa77ae7c05ed680456b66a40567d28b", "os": "linux", "os_features": "", "os_version": null, "size": 43087004, "status": "active", "last_pulled": "2024-01-20T08:30:59.510455Z", "last_pushed": null}], "last_updated": "2019-09-25T20:19:32.190495Z", "last_updater": 633, "last_updater_username": "justinsb", "name": "1.13.2", "repository": 702769, "full_size": 43087004, "v2": true, "tag_status": "active", "tag_last_pulled": "2024-01-20T08:30:59.510455Z", "tag_last_pushed": "2019-09-25T20:19:32.190495Z", "media_type": "application/vnd.docker.container.image.v1+json", "content_type": "image"}, {"creator": 633, "id": 69953308, "images": [{"architecture": "amd64", "features": "", "variant": null, "digest": "sha256:2b085f1b5f90563933de654d8b78bae165741c79fd94654d4aced01964657aea", "os": "linux", "os_features": "", "os_version": null, "size": 43087006, "status": "active", "last_pulled": "2024-01-20T08:41:50.06746Z", "last_pushed": null}], "last_updated": "2019-09-25T03:38:49.849916Z", "last_updater": 633, "last_updater_username": "justinsb", "name": "1.13.1", "repository": 702769, "full_size": 43087006, "v2": true, "tag_status": "active", "tag_last_pulled": "2024-01-20T08:41:50.06746Z", "tag_last_pushed": "2019-09-25T03:38:49.849916Z", "media_type": "application/vnd.docker.container.image.v1+json", "content_type": "image"}, {"creator": 633, "id": 68285543, "images": [{"architecture": "amd64", "features": "", "variant": null, "digest": "sha256:aca3878acdac85716e1317dd2fc85b235551068d667e578fceb9b0e8c3561324", "os": "linux", "os_features": "", "os_version": null, "size": 45356598, "status": "active", "last_pulled": "2024-01-20T06:01:39.296852Z", "last_pushed": null}], "last_updated": "2019-09-08T18:50:24.754673Z", "last_updater": 633, "last_updater_username": "justinsb", "name": "1.15.0-alpha.1", "repository": 702769, "full_size": 45356598, "v2": true, "tag_status": "active", "tag_last_pulled": "2024-01-20T06:01:39.296852Z", "tag_last_pushed": "2019-09-08T18:50:24.754673Z", "media_type": "application/vnd.docker.container.image.v1+json", "content_type": "image"}, {"creator": 633, "id": 66520249, "images": [{"architecture": "amd64", "features": "", "variant": null, "digest": "sha256:0ebcf793480436fac6ef9af42b465447c1e03b3fac9c258e8292c10063d3dee3", "os": "linux", "os_features": "", "os_version": null, "size": 46180838, "status": "active", "last_pulled": "2024-01-19T21:01:18.318029Z", "last_pushed": null}], "last_updated": "2019-08-23T01:48:21.512023Z", "last_updater": 633, "last_updater_username": "justinsb", "name": "1.14.0-beta.2", "repository": 702769, "full_size": 46180838, "v2": true, "tag_status": "active", "tag_last_pulled": "2024-01-19T21:01:18.318029Z", "tag_last_pushed": "2019-08-23T01:48:21.512023Z", "media_type": "application/vnd.docker.container.image.v1+json", "content_type": "image"}, {"creator": 633, "id": 66247507, "images": [{"architecture": "amd64", "features": "", "variant": null, "digest": "sha256:26c4c1c21a0345ff68cf8d431edcba637bdc2636686ecd106a1eb3e6553b786c", "os": "linux", "os_features": "", "os_version": null, "size": 46180830, "status": "active", "last_pulled": "2024-01-20T04:18:40.523818Z", "last_pushed": null}], "last_updated": "2019-08-21T14:16:56.939792Z", "last_updater": 633, "last_updater_username": "justinsb", "name": "1.14.0-beta.1", "repository": 702769, "full_size": 46180830, "v2": true, "tag_status": "active", "tag_last_pulled": "2024-01-20T04:18:40.523818Z", "tag_last_pushed": "2019-08-21T14:16:56.939792Z", "media_type": "application/vnd.docker.container.image.v1+json", "content_type": "image"}, {"creator": 633, "id": 64301263, "images": [{"architecture": "amd64", "features": "", "variant": null, "digest": "sha256:83868b2f3e049d07af5ab0d9b335ca62ec44b6ed7bf43688daa2d4b67c7a962d", "os": "linux", "os_features": "", "os_version": null, "size": 36975744, "status": "active", "last_pulled": "2024-01-20T08:39:40.052072Z", "last_pushed": null}], "last_updated": "2019-08-02T15:41:01.050466Z", "last_updater": 633, "last_updater_username": "justinsb", "name": "1.12.3", "repository": 702769, "full_size": 36975744, "v2": true, "tag_status": "active", "tag_last_pulled": "2024-01-20T08:39:40.052072Z", "tag_last_pushed": "2019-08-02T15:41:01.050466Z", "media_type": "application/vnd.docker.container.image.v1+json", "content_type": "image"}, {"creator": 633, "id": 64288691, "images": [{"architecture": "amd64", "features": "", "variant": null, "digest": "sha256:61c39de0866a1086a7ec2957af48aac470708a8bbe2f779335eb058717cb4381", "os": "linux", "os_features": "", "os_version": null, "size": 43078445, "status": "active", "last_pulled": "2024-01-20T08:20:40.306693Z", "last_pushed": null}], "last_updated": "2019-08-02T13:37:40.269105Z", "last_updater": 633, "last_updater_username": "justinsb", "name": "1.13.0", "repository": 702769, "full_size": 43078445, "v2": true, "tag_status": "active", "tag_last_pulled": "2024-01-20T08:20:40.306693Z", "tag_last_pushed": "2019-08-02T13:37:40.269105Z", "media_type": "application/vnd.docker.container.image.v1+json", "content_type": "image"}, {"creator": 633, "id": 59616765, "images": [{"architecture": "amd64", "features": "", "variant": null, "digest": "sha256:b1bed0adaa4a1a71129e381bd7b09e55b77ff7534fe038511660af56f76e0478", "os": "linux", "os_features": "", "os_version": null, "size": 36974108, "status": "active", "last_pulled": "2024-01-20T07:50:10.293362Z", "last_pushed": null}], "last_updated": "2019-06-21T03:08:56.36032Z", "last_updater": 633, "last_updater_username": "justinsb", "name": "1.12.2", "repository": 702769, "full_size": 36974108, "v2": true, "tag_status": "active", "tag_last_pulled": "2024-01-20T07:50:10.293362Z", "tag_last_pushed": "2019-06-21T03:08:56.36032Z", "media_type": "application/vnd.docker.container.image.v1+json", "content_type": "image"}, {"creator": 633, "id": 59615197, "images": [{"architecture": "amd64", "features": "", "variant": null, "digest": "sha256:f9314c9a95f452eaf06badb8378a86705605e238a95ae69778b2caf080b6af2b", "os": "linux", "os_features": "", "os_version": null, "size": 43076830, "status": "active", "last_pulled": "2024-01-20T08:41:00.036867Z", "last_pushed": null}], "last_updated": "2019-06-21T02:39:42.428906Z", "last_updater": 633, "last_updater_username": "justinsb", "name": "1.13.0-beta.2", "repository": 702769, "full_size": 43076830, "v2": true, "tag_status": "active", "tag_last_pulled": "2024-01-20T08:41:00.036867Z", "tag_last_pushed": "2019-06-21T02:39:42.428906Z", "media_type": "application/vnd.docker.container.image.v1+json", "content_type": "image"}, {"creator": 633, "id": 59612515, "images": [{"architecture": "amd64", "features": "", "variant": null, "digest": "sha256:ddd23a5b5865f3329d470c1e644b5e686b2a67f99d730b1f56f696c6c6a5b29f", "os": "linux", "os_features": "", "os_version": null, "size": 46180709, "status": "active", "last_pulled": "2024-01-20T08:56:59.100754Z", "last_pushed": null}], "last_updated": "2019-06-21T01:59:37.905694Z", "last_updater": 633, "last_updater_username": "justinsb", "name": "1.14.0-alpha.3", "repository": 702769, "full_size": 46180709, "v2": true, "tag_status": "active", "tag_last_pulled": "2024-01-20T08:56:59.100754Z", "tag_last_pushed": "2019-06-21T01:59:37.905694Z", "media_type": "application/vnd.docker.container.image.v1+json", "content_type": "image"}, {"creator": 633, "id": 56200860, "images": [{"architecture": "amd64", "features": "", "variant": null, "digest": "sha256:e7fa9379fbe5facff10b7cadd0d9bfd0ba73d151c07916cd3dbadaf7fcc637cf", "os": "linux", "os_features": "", "os_version": null, "size": 43076833, "status": "inactive", "last_pulled": null, "last_pushed": null}], "last_updated": "2019-05-19T19:59:22.071991Z", "last_updater": 633, "last_updater_username": "justinsb", "name": "1.13.0-beta.1", "repository": 702769, "full_size": 43076833, "v2": true, "tag_status": "inactive", "tag_last_pulled": null, "tag_last_pushed": "2019-05-19T19:59:22.071991Z", "media_type": "application/vnd.docker.container.image.v1+json", "content_type": "image"}, {"creator": 633, "id": 56200398, "images": [{"architecture": "amd64", "features": "", "variant": null, "digest": "sha256:74c2a4ad86463cc93dd5edc2c491692e25f5f353dca592909e1757ad45b78ec8", "os": "linux", "os_features": "", "os_version": null, "size": 46184853, "status": "inactive", "last_pulled": null, "last_pushed": null}], "last_updated": "2019-05-19T19:39:13.027663Z", "last_updater": 633, "last_updater_username": "justinsb", "name": "1.14.0-alpha.2", "repository": 702769, "full_size": 46184853, "v2": true, "tag_status": "inactive", "tag_last_pulled": null, "tag_last_pushed": "2019-05-19T19:39:13.027663Z", "media_type": "application/vnd.docker.container.image.v1+json", "content_type": "image"}, {"creator": 633, "id": 56057968, "images": [{"architecture": "amd64", "features": "", "variant": null, "digest": "sha256:28ff50c725b4fdd093c634f67ca4aae2bda60d4a9b779000f1c9e7ea25627e4b", "os": "linux", "os_features": "", "os_version": null, "size": 36974112, "status": "inactive", "last_pulled": null, "last_pushed": null}], "last_updated": "2019-05-17T09:13:32.127178Z", "last_updater": 633, "last_updater_username": "justinsb", "name": "1.12.1", "repository": 702769, "full_size": 36974112, "v2": true, "tag_status": "inactive", "tag_last_pulled": null, "tag_last_pushed": "2019-05-17T09:13:32.127178Z", "media_type": "application/vnd.docker.container.image.v1+json", "content_type": "image"}, {"creator": 633, "id": 55763982, "images": [{"architecture": "amd64", "features": "", "variant": null, "digest": "sha256:f2b96ddac37ca102e25eb681b4dd2f1bb082041d6baeba0a55e0a5d188dff046", "os": "linux", "os_features": "", "os_version": null, "size": 36974109, "status": "inactive", "last_pulled": null, "last_pushed": null}], "last_updated": "2019-05-14T21:58:07.604221Z", "last_updater": 633, "last_updater_username": "justinsb", "name": "1.12.0", "repository": 702769, "full_size": 36974109, "v2": true, "tag_status": "inactive", "tag_last_pulled": null, "tag_last_pushed": "2019-05-14T21:58:07.604221Z", "media_type": "application/vnd.docker.container.image.v1+json", "content_type": "image"}, {"creator": 633, "id": 52705945, "images": [{"architecture": "amd64", "features": "", "variant": null, "digest": "sha256:f116bb704c242cfec773af0768ce5e938b24b258fc833cbd896c6033fa828783", "os": "linux", "os_features": "", "os_version": null, "size": 36949151, "status": "inactive", "last_pulled": null, "last_pushed": null}], "last_updated": "2019-04-14T19:39:46.699468Z", "last_updater": 633, "last_updater_username": "justinsb", "name": "1.14.0-alpha.1", "repository": 702769, "full_size": 36949151, "v2": true, "tag_status": "inactive", "tag_last_pulled": null, "tag_last_pushed": "2019-04-14T19:39:46.699468Z", "media_type": "application/vnd.docker.container.image.v1+json", "content_type": "image"}, {"creator": 633, "id": 52624943, "images": [{"architecture": "amd64", "features": "", "variant": null, "digest": "sha256:f5ca0ca70be963b06ac22eb9287b033aebcf264fdaade4e5ebf37369ceb8939f", "os": "linux", "os_features": "", "os_version": null, "size": 36948840, "status": "inactive", "last_pulled": null, "last_pushed": null}], "last_updated": "2019-04-12T15:52:04.285785Z", "last_updater": 633, "last_updater_username": "justinsb", "name": "1.12.0-beta.2", "repository": 702769, "full_size": 36948840, "v2": true, "tag_status": "inactive", "tag_last_pulled": null, "tag_last_pushed": "2019-04-12T15:52:04.285785Z", "media_type": "application/vnd.docker.container.image.v1+json", "content_type": "image"}, {"creator": 633, "id": 52622235, "images": [{"architecture": "amd64", "features": "", "variant": null, "digest": "sha256:74c1f903e7183be99bf031d81e633a040e8b11d06d9734f82f20937a1a4ec8fc", "os": "linux", "os_features": "", "os_version": null, "size": 36949152, "status": "inactive", "last_pulled": null, "last_pushed": null}], "last_updated": "2019-04-12T15:19:33.517438Z", "last_updater": 633, "last_updater_username": "justinsb", "name": "1.13.0-alpha.1", "repository": 702769, "full_size": 36949152, "v2": true, "tag_status": "inactive", "tag_last_pulled": null, "tag_last_pushed": "2019-04-12T15:19:33.517438Z", "media_type": "application/vnd.docker.container.image.v1+json", "content_type": "image"}, {"creator": 633, "id": 52108002, "images": [{"architecture": "amd64", "features": "", "variant": null, "digest": "sha256:5ee91a393e9dcad829571e332e3c0e3b87ceb75eff73404ec374fd14b567b044", "os": "linux", "os_features": "", "os_version": null, "size": 36948850, "status": "inactive", "last_pulled": null, "last_pushed": null}], "last_updated": "2019-04-07T23:15:32.794696Z", "last_updater": 633, "last_updater_username": "justinsb", "name": "1.12.0-beta.1", "repository": 702769, "full_size": 36948850, "v2": true, "tag_status": "inactive", "tag_last_pulled": null, "tag_last_pushed": "2019-04-07T23:15:32.794696Z", "media_type": "application/vnd.docker.container.image.v1+json", "content_type": "image"}, {"creator": 633, "id": 51072991, "images": [{"architecture": "amd64", "features": "", "variant": null, "digest": "sha256:e65e141633b8b0fb4a3fdf14224f6718e74190042397c14550df955d0d1ff348", "os": "linux", "os_features": "", "os_version": null, "size": 36934682, "status": "inactive", "last_pulled": null, "last_pushed": null}], "last_updated": "2019-03-28T14:48:49.785421Z", "last_updater": 633, "last_updater_username": "justinsb", "name": "1.12.0-alpha.3", "repository": 702769, "full_size": 36934682, "v2": true, "tag_status": "inactive", "tag_last_pulled": null, "tag_last_pushed": "2019-03-28T14:48:49.785421Z", "media_type": "application/vnd.docker.container.image.v1+json", "content_type": "image"}, {"creator": 633, "id": 50815751, "images": [{"architecture": "amd64", "features": "", "variant": null, "digest": "sha256:31655f49aeaee775687fb286fea23e99d71995e7402f1efbb442b033bb7719de", "os": "linux", "os_features": "", "os_version": null, "size": 36934684, "status": "inactive", "last_pulled": null, "last_pushed": null}], "last_updated": "2019-03-26T14:30:39.462685Z", "last_updater": 633, "last_updater_username": "justinsb", "name": "1.12.0-alpha.2", "repository": 702769, "full_size": 36934684, "v2": true, "tag_status": "inactive", "tag_last_pulled": null, "tag_last_pushed": "2019-03-26T14:30:39.462685Z", "media_type": "application/vnd.docker.container.image.v1+json", "content_type": "image"}, {"creator": 633, "id": 43401821, "images": [{"architecture": "amd64", "features": "", "variant": null, "digest": "sha256:c116fe16a47d1c2ec7a8b27ff66dd40d899c957f463b3c3ef85d475157d27c2d", "os": "linux", "os_features": "", "os_version": null, "size": 36935481, "status": "inactive", "last_pulled": null, "last_pushed": null}], "last_updated": "2019-01-02T23:10:08.444949Z", "last_updater": 633, "last_updater_username": "justinsb", "name": "1.12.0-alpha.1", "repository": 702769, "full_size": 36935481, "v2": true, "tag_status": "inactive", "tag_last_pulled": null, "tag_last_pushed": "2019-01-02T23:10:08.444949Z", "media_type": "application/vnd.docker.container.image.v1+json", "content_type": "image"}, {"creator": 633, "id": 43111247, "images": [{"architecture": "amd64", "features": "", "variant": null, "digest": "sha256:4fd1bcaae0c1c1c49e44646e59287a422e9dc623c71e863e48681987c6e3b472", "os": "linux", "os_features": "", "os_version": null, "size": 36621763, "status": "inactive", "last_pulled": null, "last_pushed": null}], "last_updated": "2018-12-28T17:32:15.10439Z", "last_updater": 633, "last_updater_username": "justinsb", "name": "1.11.0", "repository": 702769, "full_size": 36621763, "v2": true, "tag_status": "inactive", "tag_last_pulled": null, "tag_last_pushed": "2018-12-28T17:32:15.10439Z", "media_type": "application/vnd.docker.container.image.v1+json", "content_type": "image"}, {"creator": 633, "id": 43109597, "images": [{"architecture": "amd64", "features": "", "variant": null, "digest": "sha256:835b66d61a45f4e19afda889a1acac4fb1b41fa9079838a8859ddccfd9e3cc70", "os": "linux", "os_features": "", "os_version": null, "size": 35388430, "status": "active", "last_pulled": "2024-01-20T07:49:58.527025Z", "last_pushed": null}], "last_updated": "2018-12-24T18:34:52.327508Z", "last_updater": 633, "last_updater_username": "justinsb", "name": "1.10.1", "repository": 702769, "full_size": 35388430, "v2": true, "tag_status": "active", "tag_last_pulled": "2024-01-20T07:49:58.527025Z", "tag_last_pushed": "2018-12-24T18:34:52.327508Z", "media_type": "application/vnd.docker.container.image.v1+json", "content_type": "image"}, {"creator": 633, "id": 40832005, "images": [{"architecture": "amd64", "features": "", "variant": null, "digest": "sha256:73a437329a872b940175a32f7e427b945f45624edc0f9a6de14d2c99a5614a5b", "os": "linux", "os_features": "", "os_version": null, "size": 36621758, "status": "active", "last_pulled": "2024-01-20T09:07:18.782104Z", "last_pushed": null}], "last_updated": "2018-11-27T12:02:15.07532Z", "last_updater": 633, "last_updater_username": "justinsb", "name": "1.11.0-beta.1", "repository": 702769, "full_size": 36621758, "v2": true, "tag_status": "active", "tag_last_pulled": "2024-01-20T09:07:18.782104Z", "tag_last_pushed": "2018-11-27T12:02:15.07532Z", "media_type": "application/vnd.docker.container.image.v1+json", "content_type": "image"}, {"creator": 633, "id": 37534589, "images": [{"architecture": "amd64", "features": "", "variant": null, "digest": "sha256:fe90348f06830c9449c13c4cf9dfbf76d00bb710524610a852d78de4c5834400", "os": "linux", "os_features": "", "os_version": null, "size": 36621756, "status": "active", "last_pulled": "2024-01-20T08:37:20.067268Z", "last_pushed": null}], "last_updated": "2018-10-16T16:17:44.648229Z", "last_updater": 633, "last_updater_username": "justinsb", "name": "1.11.0-alpha.1", "repository": 702769, "full_size": 36621756, "v2": true, "tag_status": "active", "tag_last_pulled": "2024-01-20T08:37:20.067268Z", "tag_last_pushed": "2018-10-16T16:17:44.648229Z", "media_type": "application/vnd.docker.container.image.v1+json", "content_type": "image"}, {"creator": 633, "id": 33198569, "images": [{"architecture": "amd64", "features": "", "variant": null, "digest": "sha256:a4f5c5490b23e6bad32028d223b172f3fc9a6d4251cc5eea6e5e389c8dc12024", "os": "linux", "os_features": "", "os_version": null, "size": 35388420, "status": "active", "last_pulled": "2024-01-20T09:08:29.225488Z", "last_pushed": null}], "last_updated": "2018-08-16T00:19:02.800437Z", "last_updater": 633, "last_updater_username": "justinsb", "name": "1.10.0", "repository": 702769, "full_size": 35388420, "v2": true, "tag_status": "active", "tag_last_pulled": "2024-01-20T09:08:29.225488Z", "tag_last_pushed": "2018-08-16T00:19:02.800437Z", "media_type": "application/vnd.docker.container.image.v1+json", "content_type": "image"}, {"creator": 633, "id": 31529397, "images": [{"architecture": "amd64", "features": "", "variant": null, "digest": "sha256:b176b696f0740b361801ea3d2d1d420c54d386409d3e07ffb0dfa2da1aaf9fe7", "os": "linux", "os_features": "", "os_version": null, "size": 34527084, "status": "active", "last_pulled": "2024-01-20T08:01:00.296299Z", "last_pushed": null}], "last_updated": "2018-07-23T15:20:25.634481Z", "last_updater": 633, "last_updater_username": "justinsb", "name": "1.10.0-beta.1", "repository": 702769, "full_size": 34527084, "v2": true, "tag_status": "active", "tag_last_pulled": "2024-01-20T08:01:00.296299Z", "tag_last_pushed": "2018-07-23T15:20:25.634481Z", "media_type": "application/vnd.docker.container.image.v1+json", "content_type": "image"}, {"creator": 633, "id": 29664801, "images": [{"architecture": "amd64", "features": "", "variant": null, "digest": "sha256:cc42532fddf2a8e8ba6c02115a1d1d91187f5f801f473edea8a1fe8bd338a364", "os": "linux", "os_features": "", "os_version": null, "size": 34527162, "status": "active", "last_pulled": "2024-01-20T09:16:24.161418Z", "last_pushed": null}], "last_updated": "2018-06-22T03:23:14.762857Z", "last_updater": 633, "last_updater_username": "justinsb", "name": "1.10.0-alpha.1", "repository": 702769, "full_size": 34527162, "v2": true, "tag_status": "active", "tag_last_pulled": "2024-01-20T09:16:24.161418Z", "tag_last_pushed": "2018-06-22T03:23:14.762857Z", "media_type": "application/vnd.docker.container.image.v1+json", "content_type": "image"}, {"creator": 633, "id": 28063072, "images": [{"architecture": "amd64", "features": "", "variant": null, "digest": "sha256:686971140c4db4a3a677e1fa1561d5ec2ecb407a39d8c186b0ccde1a09c92801", "os": "linux", "os_features": "", "os_version": null, "size": 34173536, "status": "active", "last_pulled": "2024-01-20T08:39:39.031383Z", "last_pushed": null}], "last_updated": "2018-05-26T21:58:34.742381Z", "last_updater": 633, "last_updater_username": "justinsb", "name": "1.9.1", "repository": 702769, "full_size": 34173536, "v2": true, "tag_status": "active", "tag_last_pulled": "2024-01-20T08:39:39.031383Z", "tag_last_pushed": "2018-05-26T21:58:34.742381Z", "media_type": "application/vnd.docker.container.image.v1+json", "content_type": "image"}, {"creator": 633, "id": 25434730, "images": [{"architecture": "amd64", "features": "", "variant": null, "digest": "sha256:372fe0bf934718ba78d4053db377799b9ba1cad0a3ee52406fcaf1c6084aa30e", "os": "linux", "os_features": "", "os_version": null, "size": 34173549, "status": "active", "last_pulled": "2024-01-18T22:00:28.545909Z", "last_pushed": null}], "last_updated": "2018-04-11T14:17:28.628636Z", "last_updater": 633, "last_updater_username": "justinsb", "name": "1.9.0", "repository": 702769, "full_size": 34173549, "v2": true, "tag_status": "active", "tag_last_pulled": "2024-01-18T22:00:28.545909Z", "tag_last_pushed": "2018-04-11T14:17:28.628636Z", "media_type": "application/vnd.docker.container.image.v1+json", "content_type": "image"}, {"creator": 633, "id": 25038380, "images": [{"architecture": "amd64", "features": "", "variant": null, "digest": "sha256:7748255bcc77faf6bf20dabd3d0064de74203db5c4fa2cb1f5acdbcf1ff6d5ba", "os": "linux", "os_features": "", "os_version": null, "size": 34171476, "status": "active", "last_pulled": "2024-01-19T05:33:32.375809Z", "last_pushed": null}], "last_updated": "2018-04-04T13:34:41.616331Z", "last_updater": 633, "last_updater_username": "justinsb", "name": "1.9.0-beta.2", "repository": 702769, "full_size": 34171476, "v2": true, "tag_status": "active", "tag_last_pulled": "2024-01-19T05:33:32.375809Z", "tag_last_pushed": "2018-04-04T13:34:41.616331Z", "media_type": "application/vnd.docker.container.image.v1+json", "content_type": "image"}, {"creator": 633, "id": 24899898, "images": [{"architecture": "amd64", "features": "", "variant": null, "digest": "sha256:1c47808f66bfd0ba8912cb8d0564ac667181f5fa50c85aec15a967aaaf25fb5a", "os": "linux", "os_features": "", "os_version": null, "size": 34172679, "status": "active", "last_pulled": "2024-01-18T15:21:35.267974Z", "last_pushed": null}], "last_updated": "2018-04-02T13:22:03.332909Z", "last_updater": 633, "last_updater_username": "justinsb", "name": "1.9.0-beta.1", "repository": 702769, "full_size": 34172679, "v2": true, "tag_status": "active", "tag_last_pulled": "2024-01-18T15:21:35.267974Z", "tag_last_pushed": "2018-04-02T13:22:03.332909Z", "media_type": "application/vnd.docker.container.image.v1+json", "content_type": "image"}, {"creator": 633, "id": 24524623, "images": [{"architecture": "amd64", "features": "", "variant": null, "digest": "sha256:ef0c6c2ef75f56cdda43ee5aa59549c73ade5733798001be225b295abb23637c", "os": "linux", "os_features": "", "os_version": null, "size": 33982560, "status": "active", "last_pulled": "2024-01-20T01:30:29.313876Z", "last_pushed": null}], "last_updated": "2018-03-26T18:06:33.020612Z", "last_updater": 633, "last_updater_username": "justinsb", "name": "1.9.0-alpha.3", "repository": 702769, "full_size": 33982560, "v2": true, "tag_status": "active", "tag_last_pulled": "2024-01-20T01:30:29.313876Z", "tag_last_pushed": "2018-03-26T18:06:33.020612Z", "media_type": "application/vnd.docker.container.image.v1+json", "content_type": "image"}, {"creator": 633, "id": 24300504, "images": [{"architecture": "amd64", "features": "", "variant": null, "digest": "sha256:e7c42503c8c3e1bd8ab7d3dba97dd7f0e64e97711ebb744d41df7e72974071e5", "os": "linux", "os_features": "", "os_version": null, "size": 33982545, "status": "active", "last_pulled": "2024-01-19T15:46:19.330892Z", "last_pushed": null}], "last_updated": "2018-03-22T04:17:13.567622Z", "last_updater": 633, "last_updater_username": "justinsb", "name": "1.9.0-alpha.2", "repository": 702769, "full_size": 33982545, "v2": true, "tag_status": "active", "tag_last_pulled": "2024-01-19T15:46:19.330892Z", "tag_last_pushed": "2018-03-22T04:17:13.567622Z", "media_type": "application/vnd.docker.container.image.v1+json", "content_type": "image"}, {"creator": 633, "id": 23077043, "images": [{"architecture": "amd64", "features": "", "variant": null, "digest": "sha256:95431134742f1d37a01da92cffa6ee94d5f585d418ecc5f97b6f43ef762d0548", "os": "linux", "os_features": "", "os_version": null, "size": 33982550, "status": "active", "last_pulled": "2024-01-19T05:14:58.824898Z", "last_pushed": null}], "last_updated": "2018-03-01T06:10:06.682682Z", "last_updater": 633, "last_updater_username": "justinsb", "name": "1.9.0-alpha.1", "repository": 702769, "full_size": 33982550, "v2": true, "tag_status": "active", "tag_last_pulled": "2024-01-19T05:14:58.824898Z", "tag_last_pushed": "2018-03-01T06:10:06.682682Z", "media_type": "application/vnd.docker.container.image.v1+json", "content_type": "image"}, {"creator": 633, "id": 16371698, "images": [{"architecture": "amd64", "features": "", "variant": null, "digest": "sha256:97f80ad43ff833b254907a0341c7fe34748e007515004cf0da09727c5442f53b", "os": "linux", "os_features": "", "os_version": null, "size": 33228978, "status": "active", "last_pulled": "2024-01-19T12:24:06.025171Z", "last_pushed": null}], "last_updated": "2017-12-03T06:42:00.554347Z", "last_updater": 633, "last_updater_username": "justinsb", "name": "1.8.0", "repository": 702769, "full_size": 33228978, "v2": true, "tag_status": "active", "tag_last_pulled": "2024-01-19T12:24:06.025171Z", "tag_last_pushed": "2017-12-03T06:42:00.554347Z", "media_type": "application/vnd.docker.container.image.v1+json", "content_type": "image"}, {"creator": 633, "id": 18609697, "images": [{"architecture": "amd64", "features": "", "variant": null, "digest": "sha256:22a27d05f508a21dbfa37c164f53c63cfb341349b4e8eb24a361020b567e4f22", "os": "linux", "os_features": "", "os_version": null, "size": 33229058, "status": "active", "last_pulled": "2024-01-19T05:14:32.171301Z", "last_pushed": null}], "last_updated": "2017-11-28T17:37:19.732063Z", "last_updater": 633, "last_updater_username": "justinsb", "name": "1.8.0-beta.2", "repository": 702769, "full_size": 33229058, "v2": true, "tag_status": "active", "tag_last_pulled": "2024-01-19T05:14:32.171301Z", "tag_last_pushed": "2017-11-28T17:37:19.732063Z", "media_type": "application/vnd.docker.container.image.v1+json", "content_type": "image"}, {"creator": 633, "id": 17549236, "images": [{"architecture": "amd64", "features": "", "variant": null, "digest": "sha256:fa0fad5fe686d7329cf6ae22b63a39f06e3615d535a3d23eb2d4f2e4d2198fe3", "os": "linux", "os_features": "", "os_version": null, "size": 32202227, "status": "active", "last_pulled": "2024-01-20T07:21:45.570866Z", "last_pushed": null}], "last_updated": "2017-11-07T04:27:42.438635Z", "last_updater": 633, "last_updater_username": "justinsb", "name": "1.8.0-beta.1", "repository": 702769, "full_size": 32202227, "v2": true, "tag_status": "active", "tag_last_pulled": "2024-01-20T07:21:45.570866Z", "tag_last_pushed": "2017-11-07T04:27:42.438635Z", "media_type": "application/vnd.docker.container.image.v1+json", "content_type": "image"}, {"creator": 633, "id": 12992463, "images": [{"architecture": "amd64", "features": "", "variant": null, "digest": "sha256:3d2f1ed56fbc555b703d3039f9f1b327cba4b25094c60534502558d14aebf9b5", "os": "linux", "os_features": "", "os_version": null, "size": 34977396, "status": "active", "last_pulled": "2024-01-19T19:59:07.86225Z", "last_pushed": null}], "last_updated": "2017-07-18T14:04:33.458401Z", "last_updater": 633, "last_updater_username": "justinsb", "name": "1.7.1", "repository": 702769, "full_size": 34977396, "v2": true, "tag_status": "active", "tag_last_pulled": "2024-01-19T19:59:07.86225Z", "tag_last_pushed": "2017-07-18T14:04:33.458401Z", "media_type": "application/vnd.docker.container.image.v1+json", "content_type": "image"}, {"creator": 633, "id": 12687729, "images": [{"architecture": "amd64", "features": "", "variant": null, "digest": "sha256:4fffc8d31762e37611e71783691d4653f02bf82be4c0bb5252f55c0260d5fff2", "os": "linux", "os_features": "", "os_version": null, "size": 81578525, "status": "active", "last_pulled": "2024-01-19T12:51:39.362777Z", "last_pushed": null}], "last_updated": "2017-07-07T06:15:00.347368Z", "last_updater": 633, "last_updater_username": "justinsb", "name": "1.7.0", "repository": 702769, "full_size": 81578525, "v2": true, "tag_status": "active", "tag_last_pulled": "2024-01-19T12:51:39.362777Z", "tag_last_pushed": "2017-07-07T06:15:00.347368Z", "media_type": "application/vnd.docker.container.image.v1+json", "content_type": "image"}, {"creator": 633, "id": 12052153, "images": [{"architecture": "amd64", "features": "", "variant": null, "digest": "sha256:6ff7ec307088bc0356989b11db7dc205c42b68dcba4db45916463572cf3f0718", "os": "linux", "os_features": "", "os_version": null, "size": 79903555, "status": "active", "last_pulled": "2024-01-19T14:23:30.695006Z", "last_pushed": null}], "last_updated": "2017-06-20T20:53:14.092715Z", "last_updater": 633, "last_updater_username": "justinsb", "name": "1.6.2", "repository": 702769, "full_size": 79903555, "v2": true, "tag_status": "active", "tag_last_pulled": "2024-01-19T14:23:30.695006Z", "tag_last_pushed": "2017-06-20T20:53:14.092715Z", "media_type": "application/vnd.docker.container.image.v1+json", "content_type": "image"}, {"creator": 633, "id": 10506745, "images": [{"architecture": "amd64", "features": "", "variant": null, "digest": "sha256:6f52ee835565042fbaa98b7cdd4a74cfe2e5a8e6a06d5b160799de2f858bb705", "os": "linux", "os_features": "", "os_version": null, "size": 79904012, "status": "active", "last_pulled": "2024-01-20T07:43:49.268001Z", "last_pushed": null}], "last_updated": "2017-05-02T15:01:15.450286Z", "last_updater": 633, "last_updater_username": "justinsb", "name": "1.6.1", "repository": 702769, "full_size": 79904012, "v2": true, "tag_status": "active", "tag_last_pulled": "2024-01-20T07:43:49.268001Z", "tag_last_pushed": "2017-05-02T15:01:15.450286Z", "media_type": "application/vnd.docker.container.image.v1+json", "content_type": "image"}, {"creator": 633, "id": 9825817, "images": [{"architecture": "amd64", "features": "", "variant": null, "digest": "sha256:6cce2a5c552ead9d5a3bc51cf286fe19a03a1e0caab884734420c2ab93de008f", "os": "linux", "os_features": "", "os_version": null, "size": 79506127, "status": "active", "last_pulled": "2024-01-19T22:33:29.274532Z", "last_pushed": null}], "last_updated": "2017-04-09T05:34:26.86832Z", "last_updater": 633, "last_updater_username": "justinsb", "name": "1.6.1-alpha.1", "repository": 702769, "full_size": 79506127, "v2": true, "tag_status": "active", "tag_last_pulled": "2024-01-19T22:33:29.274532Z", "tag_last_pushed": "2017-04-09T05:34:26.86832Z", "media_type": "application/vnd.docker.container.image.v1+json", "content_type": "image"}, {"creator": 633, "id": 9501490, "images": [{"architecture": "amd64", "features": "", "variant": null, "digest": "sha256:cf34c95516f54dae6e0808ef2b3512fcd2440f1e0b33627b4122cdfcf4c5ac37", "os": "linux", "os_features": "", "os_version": null, "size": 79311799, "status": "active", "last_pulled": "2024-01-20T07:21:35.592897Z", "last_pushed": null}], "last_updated": "2017-03-30T02:52:04.086742Z", "last_updater": 633, "last_updater_username": "justinsb", "name": "1.6.0", "repository": 702769, "full_size": 79311799, "v2": true, "tag_status": "active", "tag_last_pulled": "2024-01-20T07:21:35.592897Z", "tag_last_pushed": "2017-03-30T02:52:04.086742Z", "media_type": "application/vnd.docker.container.image.v1+json", "content_type": "image"}, {"creator": 633, "id": 8917885, "images": [{"architecture": "amd64", "features": "", "variant": null, "digest": "sha256:9832f59e256f25907e49e9d6fa651f540e8a64088ea983ebee7fd0026539ed29", "os": "linux", "os_features": "", "os_version": null, "size": 79307360, "status": "active", "last_pulled": "2024-01-19T15:25:04.915677Z", "last_pushed": null}], "last_updated": "2017-03-19T16:03:11.245355Z", "last_updater": 633, "last_updater_username": "justinsb", "name": "1.6.0-alpha.1", "repository": 702769, "full_size": 79307360, "v2": true, "tag_status": "active", "tag_last_pulled": "2024-01-19T15:25:04.915677Z", "tag_last_pushed": "2017-03-19T16:03:11.245355Z", "media_type": "application/vnd.docker.container.image.v1+json", "content_type": "image"}, {"creator": 633, "id": 8493865, "images": [{"architecture": "amd64", "features": "", "variant": null, "digest": "sha256:9d985b65c9af17f78c7ecab3e5ffd15169da2601f96ecaaf467eac18d14aa47f", "os": "linux", "os_features": "", "os_version": null, "size": 74788393, "status": "active", "last_pulled": "2024-01-19T05:12:25.506937Z", "last_pushed": null}], "last_updated": "2017-02-26T07:10:48.395685Z", "last_updater": 633, "last_updater_username": "justinsb", "name": "1.5.3", "repository": 702769, "full_size": 74788393, "v2": true, "tag_status": "active", "tag_last_pulled": "2024-01-19T05:12:25.506937Z", "tag_last_pushed": "2017-02-26T07:10:48.395685Z", "media_type": "application/vnd.docker.container.image.v1+json", "content_type": "image"}, {"creator": 633, "id": 7863687, "images": [{"architecture": "amd64", "features": "", "variant": null, "digest": "sha256:0243c3163f1ebbe8a4ad9194e4b09fa2213df3a3e1a62a79208ec400a971607e", "os": "linux", "os_features": "", "os_version": null, "size": 74788239, "status": "active", "last_pulled": "2024-01-19T08:25:19.33798Z", "last_pushed": null}], "last_updated": "2017-02-23T14:58:38.336866Z", "last_updater": 633, "last_updater_username": "justinsb", "name": "1.5.2", "repository": 702769, "full_size": 74788239, "v2": true, "tag_status": "active", "tag_last_pulled": "2024-01-19T08:25:19.33798Z", "tag_last_pushed": "2017-02-23T14:58:38.336866Z", "media_type": "application/vnd.docker.container.image.v1+json", "content_type": "image"}, {"creator": 633, "id": 7435532, "images": [{"architecture": "amd64", "features": "", "variant": null, "digest": "sha256:953cac5829b1260a34d0bfa61ec1ebf435fbe8a2d580f9d087c17e256747347b", "os": "linux", "os_features": "", "os_version": null, "size": 74640018, "status": "active", "last_pulled": "2024-01-19T21:06:18.347796Z", "last_pushed": null}], "last_updated": "2017-01-21T20:21:42.268815Z", "last_updater": 633, "last_updater_username": "justinsb", "name": "1.5.1", "repository": 702769, "full_size": 74640018, "v2": true, "tag_status": "active", "tag_last_pulled": "2024-01-19T21:06:18.347796Z", "tag_last_pushed": "2017-01-21T20:21:42.268815Z", "media_type": "application/vnd.docker.container.image.v1+json", "content_type": "image"}, {"creator": 633, "id": 7273463, "images": [{"architecture": "amd64", "features": "", "variant": null, "digest": "sha256:00f4b7fc9564d87287c25101b7f498f4165ea8d74ae22d30f67728f38e11e4c3", "os": "linux", "os_features": "", "os_version": null, "size": 74633186, "status": "active", "last_pulled": "2024-01-19T21:05:18.327447Z", "last_pushed": null}], "last_updated": "2017-01-10T04:05:20.430302Z", "last_updater": 633, "last_updater_username": "justinsb", "name": "1.5.0", "repository": 702769, "full_size": 74633186, "v2": true, "tag_status": "active", "tag_last_pulled": "2024-01-19T21:05:18.327447Z", "tag_last_pushed": "2017-01-10T04:05:20.430302Z", "media_type": "application/vnd.docker.container.image.v1+json", "content_type": "image"}, {"creator": 633, "id": 5241193, "images": [{"architecture": "amd64", "features": "", "variant": null, "digest": "sha256:e998165d0fc4deb461faacf3ed657f1a01a4b610dad66113e8fa7ac05eb538bf", "os": "linux", "os_features": "", "os_version": null, "size": 76597982, "status": "active", "last_pulled": "2024-01-19T21:03:58.333483Z", "last_pushed": null}], "last_updated": "2016-10-07T06:25:45.34822Z", "last_updater": 633, "last_updater_username": "justinsb", "name": "1.4.1", "repository": 702769, "full_size": 76598014, "v2": true, "tag_status": "active", "tag_last_pulled": "2024-01-19T21:03:58.333483Z", "tag_last_pushed": "2016-10-07T06:25:45.34822Z", "media_type": "application/vnd.docker.container.image.v1+json", "content_type": "image"}, {"creator": 633, "id": 5186106, "images": [{"architecture": "amd64", "features": "", "variant": null, "digest": "sha256:8b6a0527163bdf0ca006a109e53718e06470274641fd778c12bd76db1eb5cc43", "os": "linux", "os_features": "", "os_version": null, "size": 76596052, "status": "active", "last_pulled": "2024-01-19T21:03:08.316423Z", "last_pushed": null}], "last_updated": "2016-10-01T21:28:21.23553Z", "last_updater": 633, "last_updater_username": "justinsb", "name": "1.4.0", "repository": 702769, "full_size": 76596084, "v2": true, "tag_status": "active", "tag_last_pulled": "2024-01-19T21:03:08.316423Z", "tag_last_pushed": "2016-10-01T21:28:21.23553Z", "media_type": "application/vnd.docker.container.image.v1+json", "content_type": "image"}, {"creator": 633, "id": 3916831, "images": [{"architecture": "amd64", "features": "", "variant": null, "digest": "sha256:dee55fd0f688962e38873823cb663f2ec9fc8297b9fcd84647ced36a5b8c5fe1", "os": "linux", "os_features": "", "os_version": null, "size": 75771625, "status": "active", "last_pulled": "2024-01-20T08:42:00.065914Z", "last_pushed": null}], "last_updated": "2016-07-27T05:09:33.010924Z", "last_updater": 633, "last_updater_username": "justinsb", "name": "1.3", "repository": 702769, "full_size": 75771657, "v2": true, "tag_status": "active", "tag_last_pulled": "2024-01-20T08:42:00.065914Z", "tag_last_pushed": "2016-07-27T05:09:33.010924Z", "media_type": "application/vnd.docker.container.image.v1+json", "content_type": "image"}]