[{"creator": 6892619, "id": 73664160, "images": [{"architecture": "amd64", "features": "", "variant": null, "digest": "sha256:59a17f60fa8366a510273dee7bd8ede7a3a8e1f7207445efb658dacf0e41f9f0", "os": "linux", "os_features": "", "os_version": null, "size": 17128548, "status": "active", "last_pulled": "2024-01-20T08:44:05.100681Z", "last_pushed": "2023-12-26T09:15:29.107647Z"}, {"architecture": "arm64", "features": "", "variant": null, "digest": "sha256:c33f51cb534368b589a54513eecd0e6b058ef99fd08a90a836669bb99d1e1324", "os": "linux", "os_features": "", "os_version": null, "size": 15653128, "status": "active", "last_pulled": "2024-01-20T08:24:58.480355Z", "last_pushed": "2023-12-26T09:15:27.77503Z"}, {"architecture": "arm", "features": "", "variant": "v7", "digest": "sha256:99936ecae3ac00b206edfdd3feb697c64b823a1da1e6330317088983ecd2e2db", "os": "linux", "os_features": "", "os_version": null, "size": 15046617, "status": "active", "last_pulled": "2024-01-20T07:07:37.811394Z", "last_pushed": "2023-12-26T09:15:28.293178Z"}, {"architecture": "ppc64le", "features": "", "variant": null, "digest": "sha256:19e89bea5ce0dc207f31d040c6bb87697314537547e270d63332110fcc31560e", "os": "linux", "os_features": "", "os_version": null, "size": 15427275, "status": "active", "last_pulled": "2024-01-20T07:07:38.15912Z", "last_pushed": "2023-12-26T09:15:28.066538Z"}, {"architecture": "s390x", "features": "", "variant": null, "digest": "sha256:4f02857493e2fb786a7213e167543a0b8043031bff4f6462f82dec3641fe1187", "os": "linux", "os_features": "", "os_version": null, "size": 15709635, "status": "active", "last_pulled": "2024-01-20T07:07:38.469513Z", "last_pushed": "2023-12-26T09:15:29.327484Z"}, {"architecture": "unknown", "features": "", "variant": null, "digest": "sha256:a1f0aa779b27e1210ba8550c40d337dab2cceaf7edcc55c6f9b35863a8909d61", "os": "unknown", "os_features": "", "os_version": null, "size": 1127, "status": "active", "last_pulled": "2024-01-20T07:07:38.86375Z", "last_pushed": "2023-12-26T09:15:28.61672Z"}, {"architecture": "unknown", "features": "", "variant": null, "digest": "sha256:c928965b510284d1dd469336012d118dcd99c7241b7181ba5c918dc628b88f86", "os": "unknown", "os_features": "", "os_version": null, "size": 1127, "status": "active", "last_pulled": "2024-01-20T07:07:39.183884Z", "last_pushed": "2023-12-26T09:15:28.863264Z"}, {"architecture": "unknown", "features": "", "variant": null, "digest": "sha256:0dccf0c56334949dd98dfb371f919d03128f3fcdc5e81e1139201328dc371275", "os": "unknown", "os_features": "", "os_version": null, "size": 1133, "status": "active", "last_pulled": "2024-01-20T07:07:39.486877Z", "last_pushed": "2023-12-26T09:15:27.526708Z"}, {"architecture": "unknown", "features": "", "variant": null, "digest": "sha256:5aae432acfd8fdbf3dae8db83463d8c28af05f167edf6c7214b345c9a8a7ac76", "os": "unknown", "os_features": "", "os_version": null, "size": 1131, "status": "active", "last_pulled": "2024-01-20T07:07:39.820017Z", "last_pushed": "2023-12-26T09:15:27.260638Z"}, {"architecture": "unknown", "features": "", "variant": null, "digest": "sha256:498bcc920f3eb005c8ee395d5442519f39b3c4c1203c48f6c7212732fb73e50c", "os": "unknown", "os_features": "", "os_version": null, "size": 1127, "status": "active", "last_pulled": "2024-01-20T07:07:40.142022Z", "last_pushed": "2023-12-26T09:15:29.603486Z"}], "last_updated": "2023-12-26T09:15:30.211231Z", "last_updater": 6892619, "last_updater_username": "kubernetesuibot", "name": "latest", "repository": 7359616, "full_size": 17128548, "v2": true, "tag_status": "active", "tag_last_pulled": "2024-01-20T08:44:05.100681Z", "tag_last_pushed": "2023-12-26T09:15:30.211231Z", "media_type": "application/vnd.oci.image.index.v1+json", "content_type": "image", "digest": "sha256:794db4be8ac60d15204a25fa5bd2292f2ad2dab4f7fa732d5f5a2e2878bb441c"}, {"creator": 903083, "id": 406208201, "images": [{"architecture": "amd64", "features": "", "variant": null, "digest": "sha256:9b599f50dc7bfdfe71f021a4859fe19f74baf2135a8538ba1c1013832b7a66b4", "os": "linux", "os_features": "", "os_version": null, "size": 19744019, "status": "active", "last_pulled": "2024-01-20T08:52:20.494611Z", "last_pushed": "2023-03-17T13:47:40.029904Z"}, {"architecture": "arm", "features": "", "variant": "v7", "digest": "sha256:073b024f8fb4f3b4abada385400cdf60c938242666ec588f0cabb15dec55c23f", "os": "linux", "os_features": "", "os_version": null, "size": 18634292, "status": "active", "last_pulled": "2024-01-20T09:04:49.758828Z", "last_pushed": "2023-03-17T13:47:40.425577Z"}, {"architecture": "arm64", "features": "", "variant": null, "digest": "sha256:c1093d18f67a8b20efbcd45ca4d9b174dcc5716ab4014106a94471bb9775101f", "os": "linux", "os_features": "", "os_version": null, "size": 18300518, "status": "active", "last_pulled": "2024-01-20T09:04:50.128657Z", "last_pushed": "2023-03-17T13:47:40.803392Z"}, {"architecture": "ppc64le", "features": "", "variant": null, "digest": "sha256:5d1084661e7d5ff51dc547eb2bf6bbb59f3a31b04c5b1fdf9634fe3ca75f9581", "os": "linux", "os_features": "", "os_version": null, "size": 18179535, "status": "active", "last_pulled": "2024-01-20T09:04:50.530559Z", "last_pushed": "2023-03-17T13:47:39.315388Z"}, {"architecture": "s390x", "features": "", "variant": null, "digest": "sha256:0abade90643a1e872a56bcb621d3e18dd0c21b61d6b83ce76e4f07e758a84cf8", "os": "linux", "os_features": "", "os_version": null, "size": 19532379, "status": "active", "last_pulled": "2024-01-20T09:04:50.907598Z", "last_pushed": "2023-03-17T13:47:38.901354Z"}, {"architecture": "unknown", "features": "", "variant": null, "digest": "sha256:9cf39127fa7bbe7275a04ce77a2b6e598ec379b0f519031fadf40415e07ad344", "os": "unknown", "os_features": "", "os_version": null, "size": 1162, "status": "active", "last_pulled": "2024-01-20T09:04:51.249826Z", "last_pushed": "2023-03-17T13:47:38.506272Z"}, {"architecture": "unknown", "features": "", "variant": null, "digest": "sha256:f7f488ad3d63a619ef7d4fe16caa2101c93eae184b8e754c9f0d6797ab6e955a", "os": "unknown", "os_features": "", "os_version": null, "size": 1165, "status": "active", "last_pulled": "2024-01-20T09:04:51.566729Z", "last_pushed": "2023-03-17T13:47:38.124664Z"}, {"architecture": "unknown", "features": "", "variant": null, "digest": "sha256:7cbe7bb70f49b2677e743239660a40a9bd1ee964c768e70f7b7e67ba47974232", "os": "unknown", "os_features": "", "os_version": null, "size": 1162, "status": "active", "last_pulled": "2024-01-20T09:04:51.918548Z", "last_pushed": "2023-03-17T13:47:37.759557Z"}, {"architecture": "unknown", "features": "", "variant": null, "digest": "sha256:9aa3fb4fab1e0e314236115a0255362d8b0e91c1bcdb987c292db9cc7facd46c", "os": "unknown", "os_features": "", "os_version": null, "size": 1164, "status": "active", "last_pulled": "2024-01-20T09:04:52.282134Z", "last_pushed": "2023-03-17T13:47:37.393737Z"}, {"architecture": "unknown", "features": "", "variant": null, "digest": "sha256:bdd586ae12d4f8e1e0ba9ce7e8763a52cb27503c40ac821ce8b3fcbbea81c29e", "os": "unknown", "os_features": "", "os_version": null, "size": 1162, "status": "active", "last_pulled": "2024-01-20T09:04:52.63565Z", "last_pushed": "2023-03-17T13:47:39.67134Z"}], "last_updated": "2023-03-17T13:47:41.723209Z", "last_updater": 903083, "last_updater_username": "floreks", "name": "v1.0.9", "repository": 7359616, "full_size": 19744019, "v2": true, "tag_status": "active", "tag_last_pulled": "2024-01-20T09:04:52.63565Z", "tag_last_pushed": "2023-03-17T13:47:41.723209Z", "media_type": "application/vnd.oci.image.index.v1+json", "content_type": "image", "digest": "sha256:92a7659b554e32faaf357e7db712407c4e1f1d710e2070d1461946a8607d551a"}, {"creator": 903083, "id": 223709327, "images": [{"architecture": "amd64", "features": "", "variant": null, "digest": "sha256:43227e8286fd379ee0415a5e2156a9439c4056807e3caa38e1dd413b0644807a", "os": "linux", "os_features": "", "os_version": null, "size": 19742829, "status": "active", "last_pulled": "2024-01-20T09:04:33.483903Z", "last_pushed": "2022-05-30T06:59:43.785491Z"}, {"architecture": "amd64", "features": "", "variant": null, "digest": "sha256:48d2d9995fd36238cc7061e4f1e4d334db91597ce9fe228bf6668acc8cccb282", "os": "linux", "os_features": "", "os_version": null, "size": 18631241, "status": "active", "last_pulled": "2024-01-20T02:26:28.100856Z", "last_pushed": "2022-05-30T06:59:45.4786Z"}, {"architecture": "amd64", "features": "", "variant": null, "digest": "sha256:853c43f3cced687cb211708aa0024304a5adb33ec45ebf5915d318358822e09a", "os": "linux", "os_features": "", "os_version": null, "size": 18302539, "status": "active", "last_pulled": "2024-01-20T08:35:26.347181Z", "last_pushed": "2022-05-30T06:59:47.134008Z"}, {"architecture": "amd64", "features": "", "variant": null, "digest": "sha256:e6776a02530095491852687fc2aea369a9446017ccdc11800ec884bac3e63919", "os": "linux", "os_features": "", "os_version": null, "size": 18180088, "status": "active", "last_pulled": "2024-01-20T02:26:31.888383Z", "last_pushed": "2022-05-30T06:59:48.830677Z"}, {"architecture": "amd64", "features": "", "variant": null, "digest": "sha256:a8a4f13158fef2725272152321c122dc85ebcb3a6a62a97623c5fd4251b5dd62", "os": "linux", "os_features": "", "os_version": null, "size": 19533461, "status": "active", "last_pulled": "2024-01-20T02:26:28.252922Z", "last_pushed": "2022-05-30T06:59:50.512093Z"}], "last_updated": "2022-05-30T06:59:52.698972Z", "last_updater": 903083, "last_updater_username": "floreks", "name": "v1.0.8", "repository": 7359616, "full_size": 19742829, "v2": true, "tag_status": "active", "tag_last_pulled": "2024-01-20T09:04:33.483903Z", "tag_last_pushed": "2022-05-30T06:59:52.698972Z", "media_type": "application/vnd.docker.distribution.manifest.list.v2+json", "content_type": "image"}, {"creator": 6892619, "id": 153532079, "images": [{"architecture": "amd64", "features": "", "variant": null, "digest": "sha256:76eb73afa0198ac457c760887ed7ebfa2f58adc09205bd9667b3f76652077a71", "os": "linux", "os_features": "", "os_version": null, "size": 15024652, "status": "active", "last_pulled": "2024-01-20T08:10:24.780641Z", "last_pushed": "2021-06-10T14:11:32.361134Z"}, {"architecture": "ppc64le", "features": "", "variant": null, "digest": "sha256:c5949c5ce196a9f2354c5ba9935a22216fb3b9d608cca20ff4fbda60c76a5f5b", "os": "linux", "os_features": "", "os_version": null, "size": 13897348, "status": "active", "last_pulled": "2024-01-20T04:30:35.456968Z", "last_pushed": "2021-06-10T14:11:34.311409Z"}, {"architecture": "arm64", "features": "", "variant": null, "digest": "sha256:547ef3ac8fcc702c32df65c8d1d3732be926e99efbe13c84d5b569cd6b7da54d", "os": "linux", "os_features": "", "os_version": null, "size": 13963647, "status": "active", "last_pulled": "2024-01-20T09:02:05.409209Z", "last_pushed": "2021-06-10T14:11:33.669761Z"}, {"architecture": "s390x", "features": "", "variant": null, "digest": "sha256:102782e08645a913e8fcbcf38cdbaf9888d1dd81e4b157bc974ab142d128cbbf", "os": "linux", "os_features": "", "os_version": null, "size": 14930994, "status": "active", "last_pulled": "2024-01-20T03:05:06.807877Z", "last_pushed": "2021-06-10T14:11:34.895201Z"}, {"architecture": "arm", "features": "", "variant": null, "digest": "sha256:3104b6af71d1ab9ca91ab2949395557dca49fdf11a1bdcceb8e87afc9e879995", "os": "linux", "os_features": "", "os_version": null, "size": 13851661, "status": "active", "last_pulled": "2024-01-20T03:05:03.598464Z", "last_pushed": "2021-06-10T14:11:33.034486Z"}], "last_updated": "2021-06-10T14:11:35.624945Z", "last_updater": 6892619, "last_updater_username": "kubernetesuibot", "name": "v1.0.7", "repository": 7359616, "full_size": 15024652, "v2": true, "tag_status": "active", "tag_last_pulled": "2024-01-20T09:02:05.409209Z", "tag_last_pushed": "2021-06-10T14:11:35.624945Z", "media_type": "application/vnd.docker.distribution.manifest.list.v2+json", "content_type": "image"}, {"creator": 6892619, "id": 122479573, "images": [{"architecture": "ppc64le", "features": "", "variant": null, "digest": "sha256:126021b52b54cd0ebd265baf895387a96ca467b9542ee245986dd2057ca9fd7e", "os": "linux", "os_features": "", "os_version": null, "size": 13949334, "status": "active", "last_pulled": "2024-01-20T03:05:11.816525Z", "last_pushed": "2020-10-21T08:34:05.904858Z"}, {"architecture": "arm", "features": "", "variant": null, "digest": "sha256:7a89680249b4c9a0116afd4abaeb2432c2dd6b8a478842c055b1241901e30af9", "os": "linux", "os_features": "", "os_version": null, "size": 13897475, "status": "active", "last_pulled": "2024-01-20T03:05:09.749969Z", "last_pushed": "2020-10-21T08:34:05.285548Z"}, {"architecture": "s390x", "features": "", "variant": null, "digest": "sha256:f6dcfec71039fe663f9cf748e961daf231757d8adec8d1451a481850c90e0831", "os": "linux", "os_features": "", "os_version": null, "size": 14985351, "status": "active", "last_pulled": "2024-01-20T03:05:12.92572Z", "last_pushed": "2020-10-21T08:34:06.164676Z"}, {"architecture": "arm64", "features": "", "variant": null, "digest": "sha256:fcfe994ba8dcfbfe8b166649b290de3cd2170bf1a6db02856393530c0c3430aa", "os": "linux", "os_features": "", "os_version": null, "size": 14007254, "status": "active", "last_pulled": "2024-01-20T07:57:59.04476Z", "last_pushed": "2020-10-21T08:34:05.653285Z"}, {"architecture": "amd64", "features": "", "variant": null, "digest": "sha256:c09adb7f46e1a9b5b0bde058713c5cb47e9e7f647d38a37027cd94ef558f0612", "os": "linux", "os_features": "", "os_version": null, "size": 15075368, "status": "active", "last_pulled": "2024-01-20T08:51:36.397654Z", "last_pushed": "2020-10-21T08:34:04.941937Z"}], "last_updated": "2020-10-21T08:34:06.724762Z", "last_updater": 6892619, "last_updater_username": "kubernetesuibot", "name": "v1.0.6", "repository": 7359616, "full_size": 15075368, "v2": true, "tag_status": "active", "tag_last_pulled": "2024-01-20T08:51:36.397654Z", "tag_last_pushed": "2020-10-21T08:34:06.724762Z", "media_type": "application/vnd.docker.distribution.manifest.list.v2+json", "content_type": "image"}, {"creator": 6892619, "id": 103449064, "images": [{"architecture": "amd64", "features": "", "variant": null, "digest": "sha256:2fab031ec7d5a8cbaa2153e35223cacd7b56695232318871f6a5769692c4511b", "os": "linux", "os_features": "", "os_version": null, "size": 15882088, "status": "active", "last_pulled": "2024-01-20T08:36:09.573024Z", "last_pushed": null}, {"architecture": "arm64", "features": "", "variant": null, "digest": "sha256:600d0630bbd64bd7cb89dd94b8c5689ce8b7328d50d7e8c07ea93533244ce86a", "os": "linux", "os_features": "", "os_version": null, "size": 14719616, "status": "active", "last_pulled": "2024-01-20T03:05:16.947357Z", "last_pushed": null}, {"architecture": "arm", "features": "", "variant": null, "digest": "sha256:9234a19a5cf84178198d0782cf4bac5162626e808de8b3c94a14078ed4fcff4b", "os": "linux", "os_features": "", "os_version": null, "size": 14634113, "status": "active", "last_pulled": "2024-01-20T03:05:15.890179Z", "last_pushed": null}, {"architecture": "s390x", "features": "", "variant": null, "digest": "sha256:a095a5b07d557943488f5bc93061467c31e6ded10df4c6e8e8a2ef38beedf123", "os": "linux", "os_features": "", "os_version": null, "size": 15805757, "status": "active", "last_pulled": "2024-01-20T03:05:19.646518Z", "last_pushed": null}, {"architecture": "ppc64le", "features": "", "variant": null, "digest": "sha256:d4bda88dfba1dcb4ab9342a7f740015c14a7a842f70f4eca53ef4dcb048377c8", "os": "linux", "os_features": "", "os_version": null, "size": 14659223, "status": "active", "last_pulled": "2024-01-20T03:05:18.557522Z", "last_pushed": null}], "last_updated": "2020-06-04T10:22:10.357783Z", "last_updater": 6892619, "last_updater_username": "kubernetesuibot", "name": "v1.0.5", "repository": 7359616, "full_size": 15882088, "v2": true, "tag_status": "active", "tag_last_pulled": "2024-01-20T08:36:09.573024Z", "tag_last_pushed": "2020-06-04T10:22:10.357783Z", "media_type": "application/vnd.docker.distribution.manifest.list.v2+json", "content_type": "image"}, {"creator": 6892619, "id": 92398118, "images": [{"architecture": "s390x", "features": "", "variant": null, "digest": "sha256:adda681e4a5975a4a5f53f1015c4cb68fe5f8260d138c1c02cd607a783ccecef", "os": "linux", "os_features": "", "os_version": null, "size": 15938936, "status": "active", "last_pulled": "2024-01-20T02:37:37.496813Z", "last_pushed": null}, {"architecture": "ppc64le", "features": "", "variant": null, "digest": "sha256:ee40489f70ce37300621acf6c94cdc7fb924b9a25944df80422b8a6afeb21161", "os": "linux", "os_features": "", "os_version": null, "size": 13177270, "status": "active", "last_pulled": "2024-01-20T02:37:36.977803Z", "last_pushed": null}, {"architecture": "arm64", "features": "", "variant": null, "digest": "sha256:afbc4844447571d1a2c85c2d8be2601387f99ac25db697adb8167de4e7d21909", "os": "linux", "os_features": "", "os_version": null, "size": 14852803, "status": "active", "last_pulled": "2024-01-20T02:37:36.613227Z", "last_pushed": null}, {"architecture": "amd64", "features": "", "variant": null, "digest": "sha256:d78f995c07124874c2a2e9b404cffa6bc6233668d63d6c6210574971f3d5914b", "os": "linux", "os_features": "", "os_version": null, "size": 16015268, "status": "active", "last_pulled": "2024-01-20T08:09:44.232573Z", "last_pushed": null}, {"architecture": "arm", "features": "", "variant": null, "digest": "sha256:ec1ddf3bdb9c02a5f33b9f513bad8646c6710e702eacc9fbf29de9503fca34f9", "os": "linux", "os_features": "", "os_version": null, "size": 14767296, "status": "active", "last_pulled": "2024-01-20T02:37:35.392118Z", "last_pushed": null}], "last_updated": "2020-03-26T10:55:36.561182Z", "last_updater": 6892619, "last_updater_username": "kubernetesuibot", "name": "v1.0.4", "repository": 7359616, "full_size": 16015268, "v2": true, "tag_status": "active", "tag_last_pulled": "2024-01-20T08:09:44.232573Z", "tag_last_pushed": "2020-03-26T10:55:36.561182Z", "media_type": "application/vnd.docker.distribution.manifest.list.v2+json", "content_type": "image"}, {"creator": 6892619, "id": 84657675, "images": [{"architecture": "ppc64le", "features": "", "variant": null, "digest": "sha256:11b781f14d81a83a9ce63f754121f438ace58a48997af027f0c9fc565222f3e1", "os": "linux", "os_features": "", "os_version": null, "size": 13269105, "status": "active", "last_pulled": "2024-01-20T03:05:31.14742Z", "last_pushed": null}, {"architecture": "amd64", "features": "", "variant": null, "digest": "sha256:e24a74b3b1cdc84d6285d507a12eb06907fd8c457b3e8ae9baa9418eca43efc4", "os": "linux", "os_features": "", "os_version": null, "size": 16115358, "status": "active", "last_pulled": "2024-01-20T08:34:24.821313Z", "last_pushed": null}, {"architecture": "s390x", "features": "", "variant": null, "digest": "sha256:19e6ff639e625bec78e4e2528f8af936ddcf1bf6c93eb764af420f13725b84b4", "os": "linux", "os_features": "", "os_version": null, "size": 14470904, "status": "active", "last_pulled": "2024-01-20T03:05:32.148Z", "last_pushed": null}, {"architecture": "arm64", "features": "", "variant": null, "digest": "sha256:603ff8e0cb500048ad3d1985ec8d3b72e6e5c71e57a634aa9f26a06def2720a5", "os": "linux", "os_features": "", "os_version": null, "size": 14941405, "status": "active", "last_pulled": "2024-01-20T03:05:30.056154Z", "last_pushed": null}, {"architecture": "arm", "features": "", "variant": null, "digest": "sha256:4fbaf3e395843873235d3bf5a9e22d1de036e73a30b8322b46f48b09247969fa", "os": "linux", "os_features": "", "os_version": null, "size": 14861396, "status": "active", "last_pulled": "2024-01-20T03:05:28.939196Z", "last_pushed": null}], "last_updated": "2020-01-30T17:42:49.11681Z", "last_updater": 6892619, "last_updater_username": "kubernetesuibot", "name": "v1.0.3", "repository": 7359616, "full_size": 16115358, "v2": true, "tag_status": "active", "tag_last_pulled": "2024-01-20T08:34:24.821313Z", "tag_last_pushed": "2020-01-30T17:42:49.11681Z", "media_type": "application/vnd.docker.distribution.manifest.list.v2+json", "content_type": "image"}, {"creator": 6892619, "id": 73664915, "images": [{"architecture": "amd64", "features": "", "variant": null, "digest": "sha256:625f6db35197845a92d7ff9c134de08ec35a98ec087d7edbf804ea2f71af065f", "os": "linux", "os_features": "", "os_version": null, "size": 16116176, "status": "active", "last_pulled": "2024-01-20T08:30:29.941714Z", "last_pushed": null}, {"architecture": "arm", "features": "", "variant": null, "digest": "sha256:6de22992e9b1b33ef7b0207426722a5dd3be473c87780de724a6be51191a03fa", "os": "linux", "os_features": "", "os_version": null, "size": 14862757, "status": "active", "last_pulled": "2024-01-20T03:05:35.492989Z", "last_pushed": null}, {"architecture": "s390x", "features": "", "variant": null, "digest": "sha256:2f3fc3a811d4a4e841916dba20479df02a9eee1854d8b2831015fc3ca608eda8", "os": "linux", "os_features": "", "os_version": null, "size": 14441876, "status": "active", "last_pulled": "2024-01-20T03:05:38.61833Z", "last_pushed": null}, {"architecture": "arm64", "features": "", "variant": null, "digest": "sha256:ab0992930db431da4fada952de662c077a4e5e5b73680b51d1d1459bff40dd97", "os": "linux", "os_features": "", "os_version": null, "size": 14943349, "status": "active", "last_pulled": "2024-01-20T03:05:36.541492Z", "last_pushed": null}, {"architecture": "ppc64le", "features": "", "variant": null, "digest": "sha256:8824fca2b9db78cedbddc671996d9dc09810e83231fa8073fa8e84d4784825e3", "os": "linux", "os_features": "", "os_version": null, "size": 13271694, "status": "active", "last_pulled": "2024-01-20T03:05:37.576016Z", "last_pushed": null}], "last_updated": "2019-10-24T10:27:03.228346Z", "last_updater": 6892619, "last_updater_username": "kubernetesuibot", "name": "v1.0.2", "repository": 7359616, "full_size": 16116176, "v2": true, "tag_status": "active", "tag_last_pulled": "2024-01-20T08:30:29.941714Z", "tag_last_pushed": "2019-10-24T10:27:03.228346Z", "media_type": "application/vnd.docker.distribution.manifest.list.v2+json", "content_type": "image"}, {"creator": 903083, "id": 62728208, "images": [{"architecture": "amd64", "features": "", "variant": null, "digest": "sha256:3b1cb436dbc2c02aabd7d29e3d9b3f8b4dfc1eb50dbcc63640213ef1139235dd", "os": "linux", "os_features": "", "os_version": null, "size": 16114581, "status": "active", "last_pulled": "2024-01-20T08:47:02.511598Z", "last_pushed": null}, {"architecture": "arm64", "features": "", "variant": null, "digest": "sha256:8b8ea05ec11221af468fee6a168fc9d8289d86b7a678c225b629928810a6f26b", "os": "linux", "os_features": "", "os_version": null, "size": 13420317, "status": "active", "last_pulled": "2024-01-20T02:51:15.092232Z", "last_pushed": null}, {"architecture": "s390x", "features": "", "variant": null, "digest": "sha256:1c71805ca8ffeadadc03c8ef6e556527c4d1434d86cd78d9f63b57495d74d666", "os": "linux", "os_features": "", "os_version": null, "size": 14442720, "status": "active", "last_pulled": "2024-01-20T02:51:15.982574Z", "last_pushed": null}, {"architecture": "arm", "features": "", "variant": null, "digest": "sha256:a8a9a89fdbd025fab5922895ed337e90194734106add8c847d9783238b6ada3b", "os": "linux", "os_features": "", "os_version": null, "size": 14863024, "status": "active", "last_pulled": "2024-01-20T02:51:14.623059Z", "last_pushed": null}, {"architecture": "ppc64le", "features": "", "variant": null, "digest": "sha256:0b9b8ffdfc6a310b9b6363354eda149f30bb2c123a02adc161484150c8c3f77b", "os": "linux", "os_features": "", "os_version": null, "size": 13269806, "status": "active", "last_pulled": "2024-01-20T02:51:15.530495Z", "last_pushed": null}], "last_updated": "2019-07-18T15:55:00.603946Z", "last_updater": 903083, "last_updater_username": "floreks", "name": "v1.0.1", "repository": 7359616, "full_size": 16114581, "v2": true, "tag_status": "active", "tag_last_pulled": "2024-01-20T08:47:02.511598Z", "tag_last_pushed": "2019-07-18T15:55:00.603946Z", "media_type": "application/vnd.docker.distribution.manifest.list.v2+json", "content_type": "image"}, {"creator": 903083, "id": 61041140, "images": [{"architecture": "arm", "features": "", "variant": null, "digest": "sha256:539254c208b18178d8c8a9d2db10c6143b7a5097ef854aa053b74ec10f7939af", "os": "linux", "os_features": "", "os_version": null, "size": 11985845, "status": "active", "last_pulled": "2024-01-20T03:05:41.797444Z", "last_pushed": null}, {"architecture": "s390x", "features": "", "variant": null, "digest": "sha256:e05a344bb6141cf20c0822d9451f04a9ebb4f2cf3feca8178680aadfdad5f9e9", "os": "linux", "os_features": "", "os_version": null, "size": 12841608, "status": "active", "last_pulled": "2024-01-20T03:05:44.933601Z", "last_pushed": null}, {"architecture": "amd64", "features": "", "variant": null, "digest": "sha256:6b1528c92a0a187beea422b05be95c36c71f6e0876ca4f2a9f1624975d611ddc", "os": "linux", "os_features": "", "os_version": null, "size": 14679331, "status": "active", "last_pulled": "2024-01-20T08:36:09.600224Z", "last_pushed": null}, {"architecture": "ppc64le", "features": "", "variant": null, "digest": "sha256:f9090e6a811540f0721be9233d698236e2a9ca78541e0f1ae7534ce9f5e87b20", "os": "linux", "os_features": "", "os_version": null, "size": 11791174, "status": "active", "last_pulled": "2024-01-20T03:05:43.895091Z", "last_pushed": null}, {"architecture": "arm64", "features": "", "variant": null, "digest": "sha256:0ead9b94decae3e8e4cbcf3b49d01314664f7232380764325720650a7c2c1308", "os": "linux", "os_features": "", "os_version": null, "size": 11873953, "status": "active", "last_pulled": "2024-01-20T03:05:42.889776Z", "last_pushed": null}], "last_updated": "2019-07-04T15:38:22.792304Z", "last_updater": 903083, "last_updater_username": "floreks", "name": "v1.0.0", "repository": 7359616, "full_size": 14679331, "v2": true, "tag_status": "active", "tag_last_pulled": "2024-01-20T08:36:09.600224Z", "tag_last_pushed": "2019-07-04T15:38:22.792304Z", "media_type": "application/vnd.docker.distribution.manifest.list.v2+json", "content_type": "image"}]