[{"creator": 21563, "id": 575194, "images": [{"architecture": "amd64", "features": "", "variant": null, "digest": "sha256:d1144487eb12e3bf5249c202ec9cd436794e793576a4053f57003ec95e6e227c", "os": "linux", "os_features": "", "os_version": null, "size": 126931245, "status": "inactive", "last_pulled": null, "last_pushed": null}], "last_updated": "2018-03-09T23:12:58.659761Z", "last_updater": 936126, "last_updater_username": "linuxserverci", "name": "latest", "repository": 257156, "full_size": 126931245, "v2": true, "tag_status": "inactive", "tag_last_pulled": "2024-01-20T08:25:55.633824Z", "tag_last_pushed": "2018-03-09T23:12:58.659761Z", "media_type": "application/vnd.docker.container.image.v1+json", "content_type": "image", "digest": "sha256:6b942e1b7dc0abb9ca6ee2111237afff6eaaef75f0e983632d19a5dcb35e7e76"}, {"creator": 936126, "id": 23619655, "images": [{"architecture": "amd64", "features": "", "variant": null, "digest": "sha256:d1144487eb12e3bf5249c202ec9cd436794e793576a4053f57003ec95e6e227c", "os": "linux", "os_features": "", "os_version": null, "size": 126931245, "status": "inactive", "last_pulled": null, "last_pushed": null}], "last_updated": "2018-03-09T23:12:56.32086Z", "last_updater": 936126, "last_updater_username": "linuxserverci", "name": "113", "repository": 257156, "full_size": 126931245, "v2": true, "tag_status": "inactive", "tag_last_pulled": null, "tag_last_pushed": "2018-03-09T23:12:56.32086Z", "media_type": "application/vnd.docker.container.image.v1+json", "content_type": "image"}, {"creator": 936126, "id": 23194741, "images": [{"architecture": "amd64", "features": "", "variant": null, "digest": "sha256:aff2f2f28de268cd265402e115dd0a337a8c3bd47900ecbde2915d8662a1c15c", "os": "linux", "os_features": "", "os_version": null, "size": 126861808, "status": "inactive", "last_pulled": null, "last_pushed": null}], "last_updated": "2018-03-02T23:11:46.263379Z", "last_updater": 936126, "last_updater_username": "linuxserverci", "name": "112", "repository": 257156, "full_size": 126861808, "v2": true, "tag_status": "inactive", "tag_last_pulled": null, "tag_last_pushed": "2018-03-02T23:11:46.263379Z", "media_type": "application/vnd.docker.container.image.v1+json", "content_type": "image"}, {"creator": 936126, "id": 22799821, "images": [{"architecture": "amd64", "features": "", "variant": null, "digest": "sha256:924baaa33e6a88ae294c7e508224b38f32ad9bda701b26bf22d448a11609cbcb", "os": "linux", "os_features": "", "os_version": null, "size": 126772591, "status": "inactive", "last_pulled": null, "last_pushed": null}], "last_updated": "2018-02-23T23:11:38.950515Z", "last_updater": 936126, "last_updater_username": "linuxserverci", "name": "111", "repository": 257156, "full_size": 126772591, "v2": true, "tag_status": "inactive", "tag_last_pulled": null, "tag_last_pushed": "2018-02-23T23:11:38.950515Z", "media_type": "application/vnd.docker.container.image.v1+json", "content_type": "image"}, {"creator": 936126, "id": 22433226, "images": [{"architecture": "amd64", "features": "", "variant": null, "digest": "sha256:7897b111b97bc1269417f22874b762f2eb0aa1d19265a60a5b3a262127e6f6c0", "os": "linux", "os_features": "", "os_version": null, "size": 125551799, "status": "inactive", "last_pulled": null, "last_pushed": null}], "last_updated": "2018-02-16T23:12:19.147539Z", "last_updater": 936126, "last_updater_username": "linuxserverci", "name": "110", "repository": 257156, "full_size": 125551799, "v2": true, "tag_status": "inactive", "tag_last_pulled": null, "tag_last_pushed": "2018-02-16T23:12:19.147539Z", "media_type": "application/vnd.docker.container.image.v1+json", "content_type": "image"}, {"creator": 936126, "id": 22136894, "images": [{"architecture": "amd64", "features": "", "variant": null, "digest": "sha256:618d9e03ef5367c05a7473bf51bcfe7d654883c6c5a30877723478c9b14cfc21", "os": "linux", "os_features": "", "os_version": null, "size": 125551995, "status": "inactive", "last_pulled": null, "last_pushed": null}], "last_updated": "2018-02-12T16:04:07.81208Z", "last_updater": 936126, "last_updater_username": "linuxserverci", "name": "109", "repository": 257156, "full_size": 125551995, "v2": true, "tag_status": "inactive", "tag_last_pulled": null, "tag_last_pushed": "2018-02-12T16:04:07.81208Z", "media_type": "application/vnd.docker.container.image.v1+json", "content_type": "image"}, {"creator": 936126, "id": 22065586, "images": [{"architecture": "amd64", "features": "", "variant": null, "digest": "sha256:a7b94c55271062f9bac31fbb4d12276afa7064eaa295c4ccda128c47776734ea", "os": "linux", "os_features": "", "os_version": null, "size": 125551635, "status": "inactive", "last_pulled": null, "last_pushed": null}], "last_updated": "2018-02-09T23:11:08.022095Z", "last_updater": 936126, "last_updater_username": "linuxserverci", "name": "108", "repository": 257156, "full_size": 125551635, "v2": true, "tag_status": "inactive", "tag_last_pulled": null, "tag_last_pushed": "2018-02-09T23:11:08.022095Z", "media_type": "application/vnd.docker.container.image.v1+json", "content_type": "image"}, {"creator": 936126, "id": 21696798, "images": [{"architecture": "amd64", "features": "", "variant": null, "digest": "sha256:7818a368c2306b281f1636cae022aa4083ebf55aae5de91698e08ec34756ff7b", "os": "linux", "os_features": "", "os_version": null, "size": 125633968, "status": "inactive", "last_pulled": null, "last_pushed": null}], "last_updated": "2018-02-02T23:12:18.407471Z", "last_updater": 936126, "last_updater_username": "linuxserverci", "name": "107", "repository": 257156, "full_size": 125633968, "v2": true, "tag_status": "inactive", "tag_last_pulled": null, "tag_last_pushed": "2018-02-02T23:12:18.407471Z", "media_type": "application/vnd.docker.container.image.v1+json", "content_type": "image"}, {"creator": 936126, "id": 21319577, "images": [{"architecture": "amd64", "features": "", "variant": null, "digest": "sha256:1897ee9e2d12ad6ee0e4c0013be32107db5a30410c5655615dc0778628ed4308", "os": "linux", "os_features": "", "os_version": null, "size": 125607853, "status": "inactive", "last_pulled": null, "last_pushed": null}], "last_updated": "2018-01-26T23:11:16.806126Z", "last_updater": 936126, "last_updater_username": "linuxserverci", "name": "106", "repository": 257156, "full_size": 125607853, "v2": true, "tag_status": "inactive", "tag_last_pulled": null, "tag_last_pushed": "2018-01-26T23:11:16.806126Z", "media_type": "application/vnd.docker.container.image.v1+json", "content_type": "image"}, {"creator": 936126, "id": 20934895, "images": [{"architecture": "amd64", "features": "", "variant": null, "digest": "sha256:164cbcac05e35c6e9a88039157bec0f1b6f6ed849c1253d9da391f28d003b0f6", "os": "linux", "os_features": "", "os_version": null, "size": 125603951, "status": "inactive", "last_pulled": null, "last_pushed": null}], "last_updated": "2018-01-20T00:12:08.010633Z", "last_updater": 936126, "last_updater_username": "linuxserverci", "name": "105", "repository": 257156, "full_size": 125603951, "v2": true, "tag_status": "inactive", "tag_last_pulled": null, "tag_last_pushed": "2018-01-20T00:12:08.010633Z", "media_type": "application/vnd.docker.container.image.v1+json", "content_type": "image"}, {"creator": 936126, "id": 20583516, "images": [{"architecture": "amd64", "features": "", "variant": null, "digest": "sha256:d514b596da76dbefffdac02d7a5da6466d588c2f1eb4425b61f80449b1efd0d6", "os": "linux", "os_features": "", "os_version": null, "size": 125779972, "status": "active", "last_pulled": "2024-01-08T22:49:09.34119Z", "last_pushed": null}], "last_updated": "2018-01-13T00:11:56.685206Z", "last_updater": 936126, "last_updater_username": "linuxserverci", "name": "104", "repository": 257156, "full_size": 125779972, "v2": true, "tag_status": "active", "tag_last_pulled": "2024-01-08T22:49:09.34119Z", "tag_last_pushed": "2018-01-13T00:11:56.685206Z", "media_type": "application/vnd.docker.container.image.v1+json", "content_type": "image"}, {"creator": 936126, "id": 20238344, "images": [{"architecture": "amd64", "features": "", "variant": null, "digest": "sha256:7d93040016f914c582cc25218a0f7acfa4175182cde952cafbe7e1ebaebf7d97", "os": "linux", "os_features": "", "os_version": null, "size": 125779563, "status": "active", "last_pulled": "2024-01-08T22:49:09.196393Z", "last_pushed": null}], "last_updated": "2018-01-06T00:10:49.080719Z", "last_updater": 936126, "last_updater_username": "linuxserverci", "name": "103", "repository": 257156, "full_size": 125779563, "v2": true, "tag_status": "active", "tag_last_pulled": "2024-01-08T22:49:09.196393Z", "tag_last_pushed": "2018-01-06T00:10:49.080719Z", "media_type": "application/vnd.docker.container.image.v1+json", "content_type": "image"}, {"creator": 936126, "id": 19995479, "images": [{"architecture": "amd64", "features": "", "variant": null, "digest": "sha256:4f54676b5f7fede0dde5d21f2e787a4623ff25f36e92076e50cb767d4373f539", "os": "linux", "os_features": "", "os_version": null, "size": 125829071, "status": "active", "last_pulled": "2024-01-08T22:49:09.274647Z", "last_pushed": null}], "last_updated": "2017-12-30T00:13:40.997184Z", "last_updater": 936126, "last_updater_username": "linuxserverci", "name": "102", "repository": 257156, "full_size": 125829071, "v2": true, "tag_status": "active", "tag_last_pulled": "2024-01-08T22:49:09.274647Z", "tag_last_pushed": "2017-12-30T00:13:40.997184Z", "media_type": "application/vnd.docker.container.image.v1+json", "content_type": "image"}, {"creator": 936126, "id": 19822395, "images": [{"architecture": "amd64", "features": "", "variant": null, "digest": "sha256:59308a6c716ddfcf9eae8b6f77710c3917edec19738e551bdcf4bca3d54487b7", "os": "linux", "os_features": "", "os_version": null, "size": 125829129, "status": "active", "last_pulled": "2024-01-08T22:49:09.368502Z", "last_pushed": null}], "last_updated": "2017-12-23T00:14:40.084234Z", "last_updater": 936126, "last_updater_username": "linuxserverci", "name": "101", "repository": 257156, "full_size": 125829129, "v2": true, "tag_status": "active", "tag_last_pulled": "2024-01-08T22:49:09.368502Z", "tag_last_pushed": "2017-12-23T00:14:40.084234Z", "media_type": "application/vnd.docker.container.image.v1+json", "content_type": "image"}, {"creator": 936126, "id": 19524184, "images": [{"architecture": "amd64", "features": "", "variant": null, "digest": "sha256:1b5973beac48a82b0e044af66d1bd407dca73fefa29bcfc72b12700170bddff9", "os": "linux", "os_features": "", "os_version": null, "size": 125829318, "status": "active", "last_pulled": "2024-01-08T22:48:36.888717Z", "last_pushed": null}], "last_updated": "2017-12-16T17:54:12.85168Z", "last_updater": 936126, "last_updater_username": "linuxserverci", "name": "100", "repository": 257156, "full_size": 125829318, "v2": true, "tag_status": "active", "tag_last_pulled": "2024-01-08T22:48:36.888717Z", "tag_last_pushed": "2017-12-16T17:54:12.85168Z", "media_type": "application/vnd.docker.container.image.v1+json", "content_type": "image"}, {"creator": 936126, "id": 19508044, "images": [{"architecture": "amd64", "features": "", "variant": null, "digest": "sha256:fbb7704346ba7f4523a8c98853be443bae9fe89b9efc493ca4ef59e29fd24c27", "os": "linux", "os_features": "", "os_version": null, "size": 128784424, "status": "active", "last_pulled": "2024-01-08T22:48:36.948951Z", "last_pushed": null}], "last_updated": "2017-12-16T00:13:19.543067Z", "last_updater": 936126, "last_updater_username": "linuxserverci", "name": "99", "repository": 257156, "full_size": 128784424, "v2": true, "tag_status": "active", "tag_last_pulled": "2024-01-08T22:48:36.948951Z", "tag_last_pushed": "2017-12-16T00:13:19.543067Z", "media_type": "application/vnd.docker.container.image.v1+json", "content_type": "image"}, {"creator": 936126, "id": 19176523, "images": [{"architecture": "amd64", "features": "", "variant": null, "digest": "sha256:9b0c74a686de70c6c07caf631740110b0676889e87dac1023788863646015418", "os": "linux", "os_features": "", "os_version": null, "size": 128775363, "status": "active", "last_pulled": "2024-01-08T22:48:36.87103Z", "last_pushed": null}], "last_updated": "2017-12-08T23:59:14.242067Z", "last_updater": 936126, "last_updater_username": "linuxserverci", "name": "98", "repository": 257156, "full_size": 128775363, "v2": true, "tag_status": "active", "tag_last_pulled": "2024-01-08T22:48:36.87103Z", "tag_last_pushed": "2017-12-08T23:59:14.242067Z", "media_type": "application/vnd.docker.container.image.v1+json", "content_type": "image"}, {"creator": 936126, "id": 18830262, "images": [{"architecture": "amd64", "features": "", "variant": null, "digest": "sha256:e8856da77732ae31e2ff273e0f9e0538718ef9d2e974ca6edca6ba33cd78fd93", "os": "linux", "os_features": "", "os_version": null, "size": 128767387, "status": "active", "last_pulled": "2024-01-08T22:48:36.876604Z", "last_pushed": null}], "last_updated": "2017-12-02T00:01:20.379982Z", "last_updater": 936126, "last_updater_username": "linuxserverci", "name": "97", "repository": 257156, "full_size": 128767387, "v2": true, "tag_status": "active", "tag_last_pulled": "2024-01-08T22:48:36.876604Z", "tag_last_pushed": "2017-12-02T00:01:20.379982Z", "media_type": "application/vnd.docker.container.image.v1+json", "content_type": "image"}, {"creator": 936126, "id": 18481965, "images": [{"architecture": "amd64", "features": "", "variant": null, "digest": "sha256:98a6081d080c197bca38129fec813bbca88d37835ed2e41fa320ec58debb4c1a", "os": "linux", "os_features": "", "os_version": null, "size": 128754004, "status": "active", "last_pulled": "2024-01-08T22:48:38.806818Z", "last_pushed": null}], "last_updated": "2017-11-24T23:59:26.202894Z", "last_updater": 936126, "last_updater_username": "linuxserverci", "name": "96", "repository": 257156, "full_size": 128754004, "v2": true, "tag_status": "active", "tag_last_pulled": "2024-01-08T22:48:38.806818Z", "tag_last_pushed": "2017-11-24T23:59:26.202894Z", "media_type": "application/vnd.docker.container.image.v1+json", "content_type": "image"}, {"creator": 936126, "id": 18192442, "images": [{"architecture": "amd64", "features": "", "variant": null, "digest": "sha256:e0b78f11a2439bf6bcb06819cb83230ed351473875bb5d8e62a8a7011b17dea9", "os": "linux", "os_features": "", "os_version": null, "size": 128740243, "status": "active", "last_pulled": "2024-01-08T22:48:38.797069Z", "last_pushed": null}], "last_updated": "2017-11-17T23:59:43.738796Z", "last_updater": 936126, "last_updater_username": "linuxserverci", "name": "95", "repository": 257156, "full_size": 128740243, "v2": true, "tag_status": "active", "tag_last_pulled": "2024-01-08T22:48:38.797069Z", "tag_last_pushed": "2017-11-17T23:59:43.738796Z", "media_type": "application/vnd.docker.container.image.v1+json", "content_type": "image"}, {"creator": 936126, "id": 17851585, "images": [{"architecture": "amd64", "features": "", "variant": null, "digest": "sha256:6858d741a816bfd8556fe6277dacf225603bef5077791aeec580940b7cd51989", "os": "linux", "os_features": "", "os_version": null, "size": 128732244, "status": "active", "last_pulled": "2024-01-08T22:48:38.839074Z", "last_pushed": null}], "last_updated": "2017-11-10T23:59:54.13129Z", "last_updater": 936126, "last_updater_username": "linuxserverci", "name": "94", "repository": 257156, "full_size": 128732244, "v2": true, "tag_status": "active", "tag_last_pulled": "2024-01-08T22:48:38.839074Z", "tag_last_pushed": "2017-11-10T23:59:54.13129Z", "media_type": "application/vnd.docker.container.image.v1+json", "content_type": "image"}, {"creator": 936126, "id": 17518606, "images": [{"architecture": "amd64", "features": "", "variant": null, "digest": "sha256:4c513413681d3f409bf4c82d7b52d7a30de481dde3c74a4d55e363f224999496", "os": "linux", "os_features": "", "os_version": null, "size": 128745011, "status": "active", "last_pulled": "2024-01-08T22:48:38.890475Z", "last_pushed": null}], "last_updated": "2017-11-04T00:01:30.180795Z", "last_updater": 936126, "last_updater_username": "linuxserverci", "name": "93", "repository": 257156, "full_size": 128745011, "v2": true, "tag_status": "active", "tag_last_pulled": "2024-01-08T22:48:38.890475Z", "tag_last_pushed": "2017-11-04T00:01:30.180795Z", "media_type": "application/vnd.docker.container.image.v1+json", "content_type": "image"}, {"creator": 936126, "id": 17194312, "images": [{"architecture": "amd64", "features": "", "variant": null, "digest": "sha256:3d99eb530618a42f5da7b8c1a63189d34aaae2ae06badfc3d5ec531097fc8f1a", "os": "linux", "os_features": "", "os_version": null, "size": 128604303, "status": "active", "last_pulled": "2024-01-08T22:48:40.773413Z", "last_pushed": null}], "last_updated": "2017-10-27T22:59:37.81613Z", "last_updater": 936126, "last_updater_username": "linuxserverci", "name": "92", "repository": 257156, "full_size": 128604303, "v2": true, "tag_status": "active", "tag_last_pulled": "2024-01-08T22:48:40.773413Z", "tag_last_pushed": "2017-10-27T22:59:37.81613Z", "media_type": "application/vnd.docker.container.image.v1+json", "content_type": "image"}, {"creator": 936126, "id": 16881575, "images": [{"architecture": "amd64", "features": "", "variant": null, "digest": "sha256:e467ebae311d9e2ae8995fef0349153dbfc4f5bede91da7b78cc9fdd6db3c1ab", "os": "linux", "os_features": "", "os_version": null, "size": 128606102, "status": "active", "last_pulled": "2024-01-08T22:48:40.756797Z", "last_pushed": null}], "last_updated": "2017-10-20T22:59:40.907066Z", "last_updater": 936126, "last_updater_username": "linuxserverci", "name": "91", "repository": 257156, "full_size": 128606102, "v2": true, "tag_status": "active", "tag_last_pulled": "2024-01-08T22:48:40.756797Z", "tag_last_pushed": "2017-10-20T22:59:40.907066Z", "media_type": "application/vnd.docker.container.image.v1+json", "content_type": "image"}, {"creator": 936126, "id": 16561523, "images": [{"architecture": "amd64", "features": "", "variant": null, "digest": "sha256:c35af76166854d92a3e8efe70b2e7144486a78f9107f388d0f3b6923ee3c5699", "os": "linux", "os_features": "", "os_version": null, "size": 128606048, "status": "active", "last_pulled": "2024-01-08T22:48:40.74967Z", "last_pushed": null}], "last_updated": "2017-10-13T22:59:30.344713Z", "last_updater": 936126, "last_updater_username": "linuxserverci", "name": "90", "repository": 257156, "full_size": 128606048, "v2": true, "tag_status": "active", "tag_last_pulled": "2024-01-08T22:48:40.74967Z", "tag_last_pushed": "2017-10-13T22:59:30.344713Z", "media_type": "application/vnd.docker.container.image.v1+json", "content_type": "image"}, {"creator": 936126, "id": 16276703, "images": [{"architecture": "amd64", "features": "", "variant": null, "digest": "sha256:8d157e1847b8bb21399e5a8a6c9ec24523249872568a9c1d8c034e3d7c17cd13", "os": "linux", "os_features": "", "os_version": null, "size": 128556706, "status": "active", "last_pulled": "2024-01-08T22:48:40.821189Z", "last_pushed": null}], "last_updated": "2017-10-06T23:00:08.486137Z", "last_updater": 936126, "last_updater_username": "linuxserverci", "name": "89", "repository": 257156, "full_size": 128556706, "v2": true, "tag_status": "active", "tag_last_pulled": "2024-01-08T22:48:40.821189Z", "tag_last_pushed": "2017-10-06T23:00:08.486137Z", "media_type": "application/vnd.docker.container.image.v1+json", "content_type": "image"}, {"creator": 936126, "id": 15975022, "images": [{"architecture": "amd64", "features": "", "variant": null, "digest": "sha256:9d4254f436e03810f0f672f3449e17e8ebe356b62c86ad0eb939f4e67f4fb249", "os": "linux", "os_features": "", "os_version": null, "size": 128491843, "status": "active", "last_pulled": "2024-01-08T22:48:42.668147Z", "last_pushed": null}], "last_updated": "2017-09-30T06:42:45.720253Z", "last_updater": 936126, "last_updater_username": "linuxserverci", "name": "88", "repository": 257156, "full_size": 128491843, "v2": true, "tag_status": "active", "tag_last_pulled": "2024-01-08T22:48:42.668147Z", "tag_last_pushed": "2017-09-30T06:42:45.720253Z", "media_type": "application/vnd.docker.container.image.v1+json", "content_type": "image"}, {"creator": 936126, "id": 15660078, "images": [{"architecture": "amd64", "features": "", "variant": null, "digest": "sha256:7f71fee3f57ffeb7a923088e9a758ab7ada09cdd67656f32c05626bc9c26da09", "os": "linux", "os_features": "", "os_version": null, "size": 128491828, "status": "active", "last_pulled": "2024-01-08T22:48:42.681058Z", "last_pushed": null}], "last_updated": "2017-09-22T23:01:09.028874Z", "last_updater": 936126, "last_updater_username": "linuxserverci", "name": "87", "repository": 257156, "full_size": 128491828, "v2": true, "tag_status": "active", "tag_last_pulled": "2024-01-08T22:48:42.681058Z", "tag_last_pushed": "2017-09-22T23:01:09.028874Z", "media_type": "application/vnd.docker.container.image.v1+json", "content_type": "image"}, {"creator": 936126, "id": 15355999, "images": [{"architecture": "amd64", "features": "", "variant": null, "digest": "sha256:7918e48ef3c19d5cc67c406a053156ad31c124b995dce11a90ee86caa5bddc88", "os": "linux", "os_features": "", "os_version": null, "size": 128439382, "status": "active", "last_pulled": "2024-01-08T22:48:42.729311Z", "last_pushed": null}], "last_updated": "2017-09-15T23:00:09.38372Z", "last_updater": 936126, "last_updater_username": "linuxserverci", "name": "86", "repository": 257156, "full_size": 128439382, "v2": true, "tag_status": "active", "tag_last_pulled": "2024-01-08T22:48:42.729311Z", "tag_last_pushed": "2017-09-15T23:00:09.38372Z"}, {"creator": 936126, "id": 15054104, "images": [{"architecture": "amd64", "features": "", "variant": null, "digest": "sha256:d8c8eef7498fb8fb506dd6541a22ff2b10868e695e923a74f314b6257d791c1a", "os": "linux", "os_features": "", "os_version": null, "size": 128437026, "status": "active", "last_pulled": "2024-01-08T22:48:42.766273Z", "last_pushed": null}], "last_updated": "2017-09-08T22:59:21.825414Z", "last_updater": 936126, "last_updater_username": "linuxserverci", "name": "85", "repository": 257156, "full_size": 128437026, "v2": true, "tag_status": "active", "tag_last_pulled": "2024-01-08T22:48:42.766273Z", "tag_last_pushed": "2017-09-08T22:59:21.825414Z", "media_type": "application/vnd.docker.container.image.v1+json", "content_type": "image"}, {"creator": 936126, "id": 14798061, "images": [{"architecture": "amd64", "features": "", "variant": null, "digest": "sha256:b2abe6afed800588b1b1df507f6c213c301ccbf29e29f21d0f355d97e2020b66", "os": "linux", "os_features": "", "os_version": null, "size": 128435340, "status": "active", "last_pulled": "2024-01-08T22:48:44.587503Z", "last_pushed": null}], "last_updated": "2017-09-01T23:11:02.998289Z", "last_updater": 936126, "last_updater_username": "linuxserverci", "name": "84", "repository": 257156, "full_size": 128435340, "v2": true, "tag_status": "active", "tag_last_pulled": "2024-01-08T22:48:44.587503Z", "tag_last_pushed": "2017-09-01T23:11:02.998289Z", "media_type": "application/vnd.docker.container.image.v1+json", "content_type": "image"}, {"creator": 936126, "id": 14521359, "images": [{"architecture": "amd64", "features": "", "variant": null, "digest": "sha256:e1822c0ff93a00cc1056ff468df194e55b3cc8c701b7b10c40b75c74c5a1407b", "os": "linux", "os_features": "", "os_version": null, "size": 128380903, "status": "active", "last_pulled": "2024-01-08T22:48:44.681822Z", "last_pushed": null}], "last_updated": "2017-08-25T23:17:30.031354Z", "last_updater": 936126, "last_updater_username": "linuxserverci", "name": "83", "repository": 257156, "full_size": 128380903, "v2": true, "tag_status": "active", "tag_last_pulled": "2024-01-08T22:48:44.681822Z", "tag_last_pushed": "2017-08-25T23:17:30.031354Z", "media_type": "application/vnd.docker.container.image.v1+json", "content_type": "image"}, {"creator": 936126, "id": 14259900, "images": [{"architecture": "amd64", "features": "", "variant": null, "digest": "sha256:9db9889db0160e0ce72d88d82511e6084ac86d0cfaa9f6abef4fed3e067578d8", "os": "linux", "os_features": "", "os_version": null, "size": 128381213, "status": "active", "last_pulled": "2024-01-08T22:48:44.705924Z", "last_pushed": null}], "last_updated": "2017-08-18T23:00:38.036853Z", "last_updater": 936126, "last_updater_username": "linuxserverci", "name": "82", "repository": 257156, "full_size": 128381213, "v2": true, "tag_status": "active", "tag_last_pulled": "2024-01-08T22:48:44.705924Z", "tag_last_pushed": "2017-08-18T23:00:38.036853Z", "media_type": "application/vnd.docker.container.image.v1+json", "content_type": "image"}, {"creator": 936126, "id": 14006032, "images": [{"architecture": "amd64", "features": "", "variant": null, "digest": "sha256:a68edc365798dedf3e928fcfa06f571fae96945b04c886cc5ea80fdead79202b", "os": "linux", "os_features": "", "os_version": null, "size": 128380092, "status": "active", "last_pulled": "2024-01-08T22:48:45.106118Z", "last_pushed": null}], "last_updated": "2017-08-11T22:59:53.059686Z", "last_updater": 936126, "last_updater_username": "linuxserverci", "name": "81", "repository": 257156, "full_size": 128380092, "v2": true, "tag_status": "active", "tag_last_pulled": "2024-01-08T22:48:45.106118Z", "tag_last_pushed": "2017-08-11T22:59:53.059686Z", "media_type": "application/vnd.docker.container.image.v1+json", "content_type": "image"}, {"creator": 936126, "id": 13742491, "images": [{"architecture": "amd64", "features": "", "variant": null, "digest": "sha256:c07fe9f5604ed7469cc5a23ed57a7077f814b9e6abdd5f6429511c04ed8c5b0f", "os": "linux", "os_features": "", "os_version": null, "size": 128347208, "status": "active", "last_pulled": "2024-01-08T22:48:46.571091Z", "last_pushed": null}], "last_updated": "2017-08-04T23:00:05.341707Z", "last_updater": 936126, "last_updater_username": "linuxserverci", "name": "80", "repository": 257156, "full_size": 128347208, "v2": true, "tag_status": "active", "tag_last_pulled": "2024-01-08T22:48:46.571091Z", "tag_last_pushed": "2017-08-04T23:00:05.341707Z", "media_type": "application/vnd.docker.container.image.v1+json", "content_type": "image"}, {"creator": 936126, "id": 13477674, "images": [{"architecture": "amd64", "features": "", "variant": null, "digest": "sha256:d98291de22743c9bbf96a112cc1aae0351076dc626e7b52b1496163ab89079b2", "os": "linux", "os_features": "", "os_version": null, "size": 128344356, "status": "active", "last_pulled": "2024-01-08T22:48:46.832866Z", "last_pushed": null}], "last_updated": "2017-07-28T22:59:37.29974Z", "last_updater": 936126, "last_updater_username": "linuxserverci", "name": "79", "repository": 257156, "full_size": 128344356, "v2": true, "tag_status": "active", "tag_last_pulled": "2024-01-08T22:48:46.832866Z", "tag_last_pushed": "2017-07-28T22:59:37.29974Z", "media_type": "application/vnd.docker.container.image.v1+json", "content_type": "image"}, {"creator": 936126, "id": 13221824, "images": [{"architecture": "amd64", "features": "", "variant": null, "digest": "sha256:331636c9587ee8afeaf4c2ea88e0d42f398ef2c0dc8d69ff818b9384a80d84d0", "os": "linux", "os_features": "", "os_version": null, "size": 128357777, "status": "active", "last_pulled": "2024-01-08T22:48:46.722919Z", "last_pushed": null}], "last_updated": "2017-07-22T14:44:57.588857Z", "last_updater": 936126, "last_updater_username": "linuxserverci", "name": "78", "repository": 257156, "full_size": 128357777, "v2": true, "tag_status": "active", "tag_last_pulled": "2024-01-08T22:48:46.722919Z", "tag_last_pushed": "2017-07-22T14:44:57.588857Z", "media_type": "application/vnd.docker.container.image.v1+json", "content_type": "image"}, {"creator": 936126, "id": 13210800, "images": [{"architecture": "amd64", "features": "", "variant": null, "digest": "sha256:3c8f8951b952476fc6b3cb003ef9b4424af222b8982bf2dc2156395ab611e5d0", "os": "linux", "os_features": "", "os_version": null, "size": 56734181, "status": "active", "last_pulled": "2024-01-08T22:48:47.10633Z", "last_pushed": null}], "last_updated": "2017-07-21T22:59:12.621171Z", "last_updater": 936126, "last_updater_username": "linuxserverci", "name": "77", "repository": 257156, "full_size": 56734181, "v2": true, "tag_status": "active", "tag_last_pulled": "2024-01-08T22:48:47.10633Z", "tag_last_pushed": "2017-07-21T22:59:12.621171Z", "media_type": "application/vnd.docker.container.image.v1+json", "content_type": "image"}, {"creator": 936126, "id": 12967550, "images": [{"architecture": "amd64", "features": "", "variant": null, "digest": "sha256:cb94ec072fb0e447261456143ccb10903cbb000d416d9d8153e13bc94417fd36", "os": "linux", "os_features": "", "os_version": null, "size": 56710672, "status": "active", "last_pulled": "2024-01-08T22:48:48.516731Z", "last_pushed": null}], "last_updated": "2017-07-14T22:58:38.556048Z", "last_updater": 936126, "last_updater_username": "linuxserverci", "name": "76", "repository": 257156, "full_size": 56710672, "v2": true, "tag_status": "active", "tag_last_pulled": "2024-01-08T22:48:48.516731Z", "tag_last_pushed": "2017-07-14T22:58:38.556048Z", "media_type": "application/vnd.docker.container.image.v1+json", "content_type": "image"}, {"creator": 936126, "id": 12856250, "images": [{"architecture": "amd64", "features": "", "variant": null, "digest": "sha256:ababc0df8a6311dc9ecfb139759ba642982bacc6e84a093a1d591f160273dff5", "os": "linux", "os_features": "", "os_version": null, "size": 56720068, "status": "active", "last_pulled": "2024-01-08T22:48:48.735858Z", "last_pushed": null}], "last_updated": "2017-07-12T12:38:57.275804Z", "last_updater": 936126, "last_updater_username": "linuxserverci", "name": "75", "repository": 257156, "full_size": 56720068, "v2": true, "tag_status": "active", "tag_last_pulled": "2024-01-08T22:48:48.735858Z", "tag_last_pushed": "2017-07-12T12:38:57.275804Z", "media_type": "application/vnd.docker.container.image.v1+json", "content_type": "image"}]