[{"creator": 65981, "id": 95633, "images": [{"architecture": "amd64", "features": "", "variant": null, "digest": "sha256:88c90fd9ca342a7b66ecb8853150b6e4763b56186c30d6c6254aeda3c50caf8f", "os": "linux", "os_features": "", "os_version": null, "size": 1083713461, "status": "active", "last_pulled": "2024-01-20T09:01:27.021807Z", "last_pushed": "2024-01-03T16:43:37.170107Z"}, {"architecture": "arm64", "features": "", "variant": null, "digest": "sha256:449cf2a448b41e32871bf2a65a695fb03e24590f34e48c72b7c6b58b4bd2c558", "os": "linux", "os_features": "", "os_version": null, "size": 1047714667, "status": "active", "last_pulled": "2024-01-20T09:04:58.187879Z", "last_pushed": "2024-01-03T16:43:37.493777Z"}], "last_updated": "2024-01-03T16:43:45.370985Z", "last_updater": 10519896, "last_updater_username": "zapbot", "name": "latest", "repository": 65919, "full_size": 1083713461, "v2": true, "tag_status": "active", "tag_last_pulled": "2024-01-20T09:04:58.187879Z", "tag_last_pushed": "2024-01-03T16:43:45.370985Z", "media_type": "application/vnd.oci.image.index.v1+json", "content_type": "image", "digest": "sha256:3bab2978aaf980abffbb7c4382fc87073ca01cd3880662afcc4a3bde9e7b2d84"}, {"creator": 10519896, "id": 529452009, "images": [{"architecture": "amd64", "features": "", "variant": null, "digest": "sha256:88c90fd9ca342a7b66ecb8853150b6e4763b56186c30d6c6254aeda3c50caf8f", "os": "linux", "os_features": "", "os_version": null, "size": 1083713461, "status": "active", "last_pulled": "2024-01-20T09:01:27.021807Z", "last_pushed": "2024-01-03T16:43:37.170107Z"}, {"architecture": "arm64", "features": "", "variant": null, "digest": "sha256:449cf2a448b41e32871bf2a65a695fb03e24590f34e48c72b7c6b58b4bd2c558", "os": "linux", "os_features": "", "os_version": null, "size": 1047714667, "status": "active", "last_pulled": "2024-01-20T09:04:58.187879Z", "last_pushed": "2024-01-03T16:43:37.493777Z"}], "last_updated": "2024-01-03T16:43:40.93964Z", "last_updater": 10519896, "last_updater_username": "zapbot", "name": "2.14.0", "repository": 65919, "full_size": 1083713461, "v2": true, "tag_status": "active", "tag_last_pulled": "2024-01-20T09:04:58.187879Z", "tag_last_pushed": "2024-01-03T16:43:40.93964Z", "media_type": "application/vnd.oci.image.index.v1+json", "content_type": "image", "digest": "sha256:3bab2978aaf980abffbb7c4382fc87073ca01cd3880662afcc4a3bde9e7b2d84"}, {"creator": 10519896, "id": 578006549, "images": [{"architecture": "amd64", "features": "", "variant": null, "digest": "sha256:88c90fd9ca342a7b66ecb8853150b6e4763b56186c30d6c6254aeda3c50caf8f", "os": "linux", "os_features": "", "os_version": null, "size": 1083713461, "status": "active", "last_pulled": "2024-01-20T09:01:27.021807Z", "last_pushed": "2024-01-03T16:43:37.170107Z"}, {"architecture": "arm64", "features": "", "variant": null, "digest": "sha256:449cf2a448b41e32871bf2a65a695fb03e24590f34e48c72b7c6b58b4bd2c558", "os": "linux", "os_features": "", "os_version": null, "size": 1047714667, "status": "active", "last_pulled": "2024-01-20T09:04:58.187879Z", "last_pushed": "2024-01-03T16:43:37.493777Z"}], "last_updated": "2024-01-03T16:43:37.953983Z", "last_updater": 10519896, "last_updater_username": "zapbot", "name": "s2024-01-03", "repository": 65919, "full_size": 1083713461, "v2": true, "tag_status": "active", "tag_last_pulled": "2024-01-20T09:04:58.187879Z", "tag_last_pushed": "2024-01-03T16:43:37.953983Z", "media_type": "application/vnd.oci.image.index.v1+json", "content_type": "image", "digest": "sha256:3bab2978aaf980abffbb7c4382fc87073ca01cd3880662afcc4a3bde9e7b2d84"}, {"creator": 10519896, "id": 570401980, "images": [{"architecture": "amd64", "features": "", "variant": null, "digest": "sha256:5691dca5fd2ce446721c2e95c3f30ba01fbc182d37bcda18e0b7150999ded99b", "os": "linux", "os_features": "", "os_version": null, "size": 1053532412, "status": "active", "last_pulled": "2024-01-20T08:16:43.974554Z", "last_pushed": "2023-12-18T15:49:26.068166Z"}, {"architecture": "arm64", "features": "", "variant": null, "digest": "sha256:3d72a254969a55e2402832bf34f281aa4b014d279ddd4159b1a43bcbeb16c203", "os": "linux", "os_features": "", "os_version": null, "size": 1017503728, "status": "active", "last_pulled": "2024-01-08T22:36:17.370974Z", "last_pushed": "2023-12-18T15:49:26.259334Z"}], "last_updated": "2023-12-18T15:49:26.61206Z", "last_updater": 10519896, "last_updater_username": "zapbot", "name": "s2023-12-18", "repository": 65919, "full_size": 1053532412, "v2": true, "tag_status": "active", "tag_last_pulled": "2024-01-20T08:16:43.974554Z", "tag_last_pushed": "2023-12-18T15:49:26.61206Z", "media_type": "application/vnd.oci.image.index.v1+json", "content_type": "image", "digest": "sha256:78db926654779c7a9605f57b1114dd5a06bc2e622f6336237c58ec3791372650"}, {"creator": 10519896, "id": 561016233, "images": [{"architecture": "amd64", "features": "", "variant": null, "digest": "sha256:dce9cc8cc99259b5366b8a9d35a95318531ac8834732f4b8f8e0a4844c87d3b1", "os": "linux", "os_features": "", "os_version": null, "size": 1065985534, "status": "active", "last_pulled": "2024-01-20T08:16:35.672367Z", "last_pushed": "2023-12-04T16:12:58.223092Z"}, {"architecture": "arm64", "features": "", "variant": null, "digest": "sha256:04848628e4ac1769f66f128e114ca4300a97c3cbd4c9e024c2ecc8383fd39a17", "os": "linux", "os_features": "", "os_version": null, "size": 1029947689, "status": "active", "last_pulled": "2024-01-08T22:36:17.75551Z", "last_pushed": "2023-12-04T16:12:58.707306Z"}], "last_updated": "2023-12-04T16:12:59.25162Z", "last_updater": 10519896, "last_updater_username": "zapbot", "name": "s2023-12-04", "repository": 65919, "full_size": 1065985534, "v2": true, "tag_status": "active", "tag_last_pulled": "2024-01-20T08:16:35.672367Z", "tag_last_pushed": "2023-12-04T16:12:59.25162Z", "media_type": "application/vnd.oci.image.index.v1+json", "content_type": "image", "digest": "sha256:e45cb5bdd7c5808dda95210f6b4ffce6d480d6e5b65fc46f54a8e0f7ad77e33c"}, {"creator": 10519896, "id": 544705703, "images": [{"architecture": "amd64", "features": "", "variant": null, "digest": "sha256:47a1dd6371bcbf477d5bf828e84392650c81c064135910bdaca2447b1e8b8327", "os": "linux", "os_features": "", "os_version": null, "size": 982788831, "status": "active", "last_pulled": "2024-01-20T08:45:03.991912Z", "last_pushed": "2023-11-07T11:17:53.615044Z"}, {"architecture": "arm64", "features": "", "variant": null, "digest": "sha256:4daf79be8fd8eb43cece27b6e7288735fb2294f0976ab2e7938fbaf2e1828800", "os": "linux", "os_features": "", "os_version": null, "size": 946770484, "status": "active", "last_pulled": "2024-01-08T22:36:18.800731Z", "last_pushed": "2023-11-07T11:17:53.986629Z"}], "last_updated": "2023-11-07T11:17:54.502447Z", "last_updater": 10519896, "last_updater_username": "zapbot", "name": "s2023-11-07", "repository": 65919, "full_size": 982788831, "v2": true, "tag_status": "active", "tag_last_pulled": "2024-01-20T08:45:03.991912Z", "tag_last_pushed": "2023-11-07T11:17:54.502447Z", "media_type": "application/vnd.oci.image.index.v1+json", "content_type": "image", "digest": "sha256:68a533aa7cd671404c17a3454f6e3f46aa38c75477941ce1db9c4ff04dd546af"}, {"creator": 10519896, "id": 529451967, "images": [{"architecture": "amd64", "features": "", "variant": null, "digest": "sha256:f6b2559c7d6299db8c41855119f84bc4b5f16a04ada75614063b8fef110abd79", "os": "linux", "os_features": "", "os_version": null, "size": 953033261, "status": "active", "last_pulled": "2024-01-20T09:09:15.762558Z", "last_pushed": "2023-10-12T17:16:22.057489Z"}, {"architecture": "arm64", "features": "", "variant": null, "digest": "sha256:d2cec03305db4b6711759140f344513a82f1987a5b9fd565ed9876d6281d758d", "os": "linux", "os_features": "", "os_version": null, "size": 917017658, "status": "active", "last_pulled": "2024-01-08T22:36:19.664623Z", "last_pushed": "2023-10-12T17:16:22.437536Z"}], "last_updated": "2023-10-12T17:16:22.977826Z", "last_updater": 10519896, "last_updater_username": "zapbot", "name": "s2023-10-12", "repository": 65919, "full_size": 953033261, "v2": true, "tag_status": "active", "tag_last_pulled": "2024-01-20T09:09:15.762558Z", "tag_last_pushed": "2023-10-12T17:16:22.977826Z", "media_type": "application/vnd.oci.image.index.v1+json", "content_type": "image", "digest": "sha256:5302ff795ef31f8e28a180c37f86b1a197a4652a075e68649c908c6a385689c9"}, {"creator": 10519896, "id": 473634372, "images": [{"architecture": "amd64", "features": "", "variant": null, "digest": "sha256:23227f79bd9bd94ee208db052dfc2fbc0e0870aeebf875d957b20d4e1a0a27d3", "os": "linux", "os_features": "", "os_version": null, "size": 1082169505, "status": "active", "last_pulled": "2024-01-20T08:45:02.418581Z", "last_pushed": "2023-10-02T15:01:20.864148Z"}, {"architecture": "arm64", "features": "", "variant": null, "digest": "sha256:3f7563a7c05ea7fe9a2de0a4a9811c2688cb050d8cc0fec9ce1a52a175cea3a4", "os": "linux", "os_features": "", "os_version": null, "size": 1046160617, "status": "active", "last_pulled": "2024-01-18T13:20:49.00587Z", "last_pushed": "2023-10-02T15:01:21.179352Z"}], "last_updated": "2023-10-02T15:01:24.527463Z", "last_updater": 10519896, "last_updater_username": "zapbot", "name": "2.13.0", "repository": 65919, "full_size": 1082169505, "v2": true, "tag_status": "active", "tag_last_pulled": "2024-01-20T08:45:02.418581Z", "tag_last_pushed": "2023-10-02T15:01:24.527463Z", "media_type": "application/vnd.oci.image.index.v1+json", "content_type": "image", "digest": "sha256:acdf3ce515184716a35aa565167f24ad9a4de001b1241bb25b6840b77cb65195"}, {"creator": 10519896, "id": 522957639, "images": [{"architecture": "amd64", "features": "", "variant": null, "digest": "sha256:23227f79bd9bd94ee208db052dfc2fbc0e0870aeebf875d957b20d4e1a0a27d3", "os": "linux", "os_features": "", "os_version": null, "size": 1082169505, "status": "active", "last_pulled": "2024-01-20T08:45:02.418581Z", "last_pushed": "2023-10-02T15:01:20.864148Z"}, {"architecture": "arm64", "features": "", "variant": null, "digest": "sha256:3f7563a7c05ea7fe9a2de0a4a9811c2688cb050d8cc0fec9ce1a52a175cea3a4", "os": "linux", "os_features": "", "os_version": null, "size": 1046160617, "status": "active", "last_pulled": "2024-01-18T13:20:49.00587Z", "last_pushed": "2023-10-02T15:01:21.179352Z"}], "last_updated": "2023-10-02T15:01:21.697006Z", "last_updater": 10519896, "last_updater_username": "zapbot", "name": "s2023-10-02", "repository": 65919, "full_size": 1082169505, "v2": true, "tag_status": "active", "tag_last_pulled": "2024-01-20T08:45:02.418581Z", "tag_last_pushed": "2023-10-02T15:01:21.697006Z", "media_type": "application/vnd.oci.image.index.v1+json", "content_type": "image", "digest": "sha256:acdf3ce515184716a35aa565167f24ad9a4de001b1241bb25b6840b77cb65195"}, {"creator": 10519896, "id": 506109165, "images": [{"architecture": "amd64", "features": "", "variant": null, "digest": "sha256:a36a5966affb68f48179073d4ddbf54dfd6b0dbdf0361025f17fe8e729a9d795", "os": "linux", "os_features": "", "os_version": null, "size": 973082614, "status": "active", "last_pulled": "2024-01-20T09:10:31.972142Z", "last_pushed": "2023-09-04T15:00:52.511706Z"}, {"architecture": "arm64", "features": "", "variant": null, "digest": "sha256:f217a35641ea2509eb07d5efa5ca8390edd736b5615e48c6206645ae32949fd2", "os": "linux", "os_features": "", "os_version": null, "size": 937145493, "status": "active", "last_pulled": "2024-01-12T07:34:19.324865Z", "last_pushed": "2023-09-04T15:00:52.295885Z"}], "last_updated": "2023-09-04T15:00:52.987104Z", "last_updater": 10519896, "last_updater_username": "zapbot", "name": "s2023-09-04", "repository": 65919, "full_size": 973082614, "v2": true, "tag_status": "active", "tag_last_pulled": "2024-01-20T09:10:31.972142Z", "tag_last_pushed": "2023-09-04T15:00:52.987104Z", "media_type": "application/vnd.oci.image.index.v1+json", "content_type": "image", "digest": "sha256:c9cbb567d750bed3dea159c00976c09505721d4eca6274bb237f2327cc55caed"}, {"creator": 10519896, "id": 489265738, "images": [{"architecture": "amd64", "features": "", "variant": null, "digest": "sha256:99f2167201008090c8aa2c414f743cae445e0164530439ee0592f7f3e16f632a", "os": "linux", "os_features": "", "os_version": null, "size": 1082638690, "status": "active", "last_pulled": "2024-01-20T07:45:19.371228Z", "last_pushed": "2023-08-07T15:42:22.736917Z"}, {"architecture": "arm64", "features": "", "variant": null, "digest": "sha256:b548e208990bf6b3130e04102de96f10af8ccefad253cbc413200ac80e4b6f87", "os": "linux", "os_features": "", "os_version": null, "size": 1037188159, "status": "active", "last_pulled": "2024-01-08T22:36:22.105084Z", "last_pushed": "2023-08-07T15:42:22.898533Z"}], "last_updated": "2023-08-07T15:42:23.31805Z", "last_updater": 10519896, "last_updater_username": "zapbot", "name": "s2023-08-07", "repository": 65919, "full_size": 1082638690, "v2": true, "tag_status": "active", "tag_last_pulled": "2024-01-20T07:45:19.371228Z", "tag_last_pushed": "2023-08-07T15:42:23.31805Z", "media_type": "application/vnd.oci.image.index.v1+json", "content_type": "image", "digest": "sha256:3afa3da9d7b26c6c187fb8c30115ae5f5fd0a076b6c6c89351915f8c529440d9"}, {"creator": 10519896, "id": 473627879, "images": [{"architecture": "amd64", "features": "", "variant": null, "digest": "sha256:e5f54d223cba8aad4b1e55b42136b43c18d2cf0544eee642864c1d96ab999afe", "os": "linux", "os_features": "", "os_version": null, "size": 1081922387, "status": "active", "last_pulled": "2024-01-20T08:44:31.354379Z", "last_pushed": "2023-07-12T08:00:39.127222Z"}, {"architecture": "arm64", "features": "", "variant": null, "digest": "sha256:aa3111d9056816f44310775e7477caba121e2c9c5d98e166e8a75a978da81dd7", "os": "linux", "os_features": "", "os_version": null, "size": 1036642165, "status": "active", "last_pulled": "2024-01-08T22:36:22.736319Z", "last_pushed": "2023-07-12T08:00:39.312373Z"}], "last_updated": "2023-07-12T08:00:39.577031Z", "last_updater": 10519896, "last_updater_username": "zapbot", "name": "s2023-07-12", "repository": 65919, "full_size": 1081922387, "v2": true, "tag_status": "active", "tag_last_pulled": "2024-01-20T08:44:31.354379Z", "tag_last_pushed": "2023-07-12T08:00:39.577031Z", "media_type": "application/vnd.oci.image.index.v1+json", "content_type": "image", "digest": "sha256:1a8a85d9d1c87b2a3e49885e578eeacb976459da8c006fc0e21fbb7556f89c9d"}, {"creator": 10519896, "id": 318011137, "images": [{"architecture": "amd64", "features": "", "variant": null, "digest": "sha256:852211d043d30290cf7881ee5b9b7d3692cacd2d369139945fbcf2902b3f9e84", "os": "linux", "os_features": "", "os_version": null, "size": 1136628977, "status": "active", "last_pulled": "2024-01-20T08:44:56.941698Z", "last_pushed": "2023-07-12T07:48:18.075177Z"}, {"architecture": "arm64", "features": "", "variant": null, "digest": "sha256:61c220847dddd822a95afa3189078c0512d8d1d74a4435fa84cd961402f0a992", "os": "linux", "os_features": "", "os_version": null, "size": 1091347765, "status": "active", "last_pulled": "2024-01-20T05:10:02.307658Z", "last_pushed": "2023-07-12T07:48:18.249098Z"}], "last_updated": "2023-07-12T07:48:19.762562Z", "last_updater": 10519896, "last_updater_username": "zapbot", "name": "2.12.0", "repository": 65919, "full_size": 1136628977, "v2": true, "tag_status": "active", "tag_last_pulled": "2024-01-20T08:44:56.941698Z", "tag_last_pushed": "2023-07-12T07:48:19.762562Z", "media_type": "application/vnd.oci.image.index.v1+json", "content_type": "image", "digest": "sha256:844ec3ed0c5381a0ca7bc25690ec3e9cc8d2119fe34b6333ac5ba3d3e1aeb54a"}, {"creator": 10519896, "id": 454620113, "images": [{"architecture": "amd64", "features": "", "variant": null, "digest": "sha256:c61eee1e04ac6a9f4da501ba5d904a2528914d246c1387f4ac6dff7974a6bfcd", "os": "linux", "os_features": "", "os_version": null, "size": 1136239622, "status": "active", "last_pulled": "2024-01-20T08:45:19.337693Z", "last_pushed": "2023-06-09T09:45:43.188274Z"}, {"architecture": "arm64", "features": "", "variant": null, "digest": "sha256:56b07a69c669c7ecaf23e2cd2bd02134a57aef3e10a8f573a3cd857c576e948e", "os": "linux", "os_features": "", "os_version": null, "size": 1090951329, "status": "active", "last_pulled": "2024-01-08T22:36:24.382519Z", "last_pushed": "2023-06-09T09:45:43.387348Z"}], "last_updated": "2023-06-09T09:45:43.595839Z", "last_updater": 10519896, "last_updater_username": "zapbot", "name": "s2023-06-09", "repository": 65919, "full_size": 1136239622, "v2": true, "tag_status": "active", "tag_last_pulled": "2024-01-20T08:45:19.337693Z", "tag_last_pushed": "2023-06-09T09:45:43.595839Z", "media_type": "application/vnd.oci.image.index.v1+json", "content_type": "image", "digest": "sha256:9ba70bc54497cf55b39f9f20a29702a92787d9ce0cddf216bcb162818f1b23f4"}, {"creator": 10519896, "id": 452512517, "images": [{"architecture": "amd64", "features": "", "variant": null, "digest": "sha256:9918ef98522e98ffe0277adab73235fb41c9596f16a11d4d3538227ca3249b04", "os": "linux", "os_features": "", "os_version": null, "size": 1136188858, "status": "active", "last_pulled": "2024-01-20T08:44:41.755576Z", "last_pushed": "2023-06-06T14:41:47.401879Z"}, {"architecture": "arm64", "features": "", "variant": null, "digest": "sha256:4d7cab2dc34f68d7f31a6e095ba14f26e174e3fb48d164c97323beed338a5d61", "os": "linux", "os_features": "", "os_version": null, "size": 1090896904, "status": "active", "last_pulled": "2024-01-08T22:36:25.081064Z", "last_pushed": "2023-06-06T14:41:47.567082Z"}], "last_updated": "2023-06-06T14:41:47.881717Z", "last_updater": 10519896, "last_updater_username": "zapbot", "name": "s2023-06-06", "repository": 65919, "full_size": 1136188858, "v2": true, "tag_status": "active", "tag_last_pulled": "2024-01-20T08:44:41.755576Z", "tag_last_pushed": "2023-06-06T14:41:47.881717Z", "media_type": "application/vnd.docker.distribution.manifest.list.v2+json", "content_type": "image", "digest": "sha256:3e5ebe86eca6f657e46d5814544adc657abdacd90763f3b27a46ae2dfe79b952"}, {"creator": 10519896, "id": 433276648, "images": [{"architecture": "amd64", "features": "", "variant": null, "digest": "sha256:072670c616a33c5a5d985a8790738de76191d4e3222e19dc19f50026b5440436", "os": "linux", "os_features": "", "os_version": null, "size": 1135880964, "status": "active", "last_pulled": "2024-01-20T08:54:10.999586Z", "last_pushed": "2023-05-04T12:16:21.231226Z"}, {"architecture": "arm64", "features": "", "variant": null, "digest": "sha256:00d41af6c85db9959d2483813df427630f010409ee777b88cc17d64b34138661", "os": "linux", "os_features": "", "os_version": null, "size": 1090594911, "status": "active", "last_pulled": "2024-01-08T22:36:25.899585Z", "last_pushed": "2023-05-04T12:16:21.463005Z"}], "last_updated": "2023-05-04T12:16:21.847973Z", "last_updater": 10519896, "last_updater_username": "zapbot", "name": "s2023-05-04", "repository": 65919, "full_size": 1135880964, "v2": true, "tag_status": "active", "tag_last_pulled": "2024-01-20T08:54:10.999586Z", "tag_last_pushed": "2023-05-04T12:16:21.847973Z", "media_type": "application/vnd.docker.distribution.manifest.list.v2+json", "content_type": "image", "digest": "sha256:718916d023d87e774e8eb7093ea066bcd15192902c6a4c81eb32f9cc7200e109"}, {"creator": 10519896, "id": 432206516, "images": [{"architecture": "amd64", "features": "", "variant": null, "digest": "sha256:609ad8463ca5ade4e9add7777e0775673faa505230204178c57a73f40c926568", "os": "linux", "os_features": "", "os_version": null, "size": 1135548239, "status": "active", "last_pulled": "2024-01-20T07:45:24.922012Z", "last_pushed": "2023-05-03T15:25:25.05575Z"}, {"architecture": "arm64", "features": "", "variant": null, "digest": "sha256:29e7b5b9a347edd0f1fa9b8e19675c7265bf6a171e652f24bdb61299d04c4d03", "os": "linux", "os_features": "", "os_version": null, "size": 1090261047, "status": "active", "last_pulled": "2024-01-08T22:36:27.040418Z", "last_pushed": "2023-05-03T15:25:25.213203Z"}], "last_updated": "2023-05-03T15:25:25.433233Z", "last_updater": 10519896, "last_updater_username": "zapbot", "name": "s2023-05-03", "repository": 65919, "full_size": 1135548239, "v2": true, "tag_status": "active", "tag_last_pulled": "2024-01-20T07:45:24.922012Z", "tag_last_pushed": "2023-05-03T15:25:25.433233Z", "media_type": "application/vnd.docker.distribution.manifest.list.v2+json", "content_type": "image", "digest": "sha256:9ddd399270d4529017806691f0a02da22b7cb73087cad27230f72c416094ebd7"}, {"creator": 10519896, "id": 419755990, "images": [{"architecture": "amd64", "features": "", "variant": null, "digest": "sha256:533ec24b6d1f6c144be87c385e27d945d96479aa9aba05178b99fe169e9dc583", "os": "linux", "os_features": "", "os_version": null, "size": 1135462799, "status": "active", "last_pulled": "2024-01-20T08:54:14.100109Z", "last_pushed": "2023-04-10T13:37:40.003715Z"}, {"architecture": "arm64", "features": "", "variant": null, "digest": "sha256:19d02eafc4413341e6c920890ca72b472af95ee7c41ba021628e61f2b2c5021d", "os": "linux", "os_features": "", "os_version": null, "size": 1090197557, "status": "active", "last_pulled": "2024-01-08T22:35:50.887118Z", "last_pushed": "2023-04-10T13:37:39.689892Z"}], "last_updated": "2023-04-10T13:37:40.520679Z", "last_updater": 10519896, "last_updater_username": "zapbot", "name": "s2023-04-10", "repository": 65919, "full_size": 1135462799, "v2": true, "tag_status": "active", "tag_last_pulled": "2024-01-20T08:54:14.100109Z", "tag_last_pushed": "2023-04-10T13:37:40.520679Z", "media_type": "application/vnd.docker.distribution.manifest.list.v2+json", "content_type": "image", "digest": "sha256:58fc221e9db954a1188a49592774310a5def902536f2ad0e24bf7d4d72a4981c"}, {"creator": 10519896, "id": 416231608, "images": [{"architecture": "amd64", "features": "", "variant": null, "digest": "sha256:be3c42b088e758c5ca70f38bf24af7d775f6ca6498ba2cd7914f856121c76943", "os": "linux", "os_features": "", "os_version": null, "size": 1135601335, "status": "active", "last_pulled": "2024-01-20T08:44:49.712785Z", "last_pushed": "2023-04-04T10:16:08.035442Z"}, {"architecture": "arm64", "features": "", "variant": null, "digest": "sha256:9199db025d7c1c24812014a34686724f2d3f7f2e29f6704d1c510970c0df9a8a", "os": "linux", "os_features": "", "os_version": null, "size": 1090335390, "status": "active", "last_pulled": "2024-01-08T22:35:50.86116Z", "last_pushed": "2023-04-04T10:16:08.355074Z"}], "last_updated": "2023-04-04T10:16:08.816744Z", "last_updater": 10519896, "last_updater_username": "zapbot", "name": "s2023-04-04", "repository": 65919, "full_size": 1135601335, "v2": true, "tag_status": "active", "tag_last_pulled": "2024-01-20T08:44:49.712785Z", "tag_last_pushed": "2023-04-04T10:16:08.816744Z", "media_type": "application/vnd.docker.distribution.manifest.list.v2+json", "content_type": "image", "digest": "sha256:fb12357d131200b2bdddc85acd4550729b07cc6d53832e1256bd7c860a281851"}, {"creator": 10519896, "id": 398015340, "images": [{"architecture": "amd64", "features": "", "variant": null, "digest": "sha256:f20ddbf82c41aa560fb3a30f52ef06e53a7e66f50cbe0149256c3d57fef2d7e3", "os": "linux", "os_features": "", "os_version": null, "size": 1135429962, "status": "active", "last_pulled": "2024-01-20T08:44:31.726415Z", "last_pushed": "2023-03-03T14:44:01.872474Z"}, {"architecture": "arm64", "features": "", "variant": null, "digest": "sha256:8008924a8b136fefddf2c1c2cbea68377d73519099ea300d8492a54d0166575c", "os": "linux", "os_features": "", "os_version": null, "size": 1090112906, "status": "active", "last_pulled": "2024-01-08T22:35:52.340458Z", "last_pushed": "2023-03-03T14:44:01.693892Z"}], "last_updated": "2023-03-03T14:44:02.307193Z", "last_updater": 10519896, "last_updater_username": "zapbot", "name": "s2023-03-03", "repository": 65919, "full_size": 1135429962, "v2": true, "tag_status": "active", "tag_last_pulled": "2024-01-20T08:44:31.726415Z", "tag_last_pushed": "2023-03-03T14:44:02.307193Z", "media_type": "application/vnd.docker.distribution.manifest.list.v2+json", "content_type": "image", "digest": "sha256:479cfb4dc3de273ed3d47f6a1a1a2dead4b257756e1d547455f3e779a39bad66"}, {"creator": 10519896, "id": 381913096, "images": [{"architecture": "amd64", "features": "", "variant": null, "digest": "sha256:7eafedf6d7e15cf98b38aa501f63d13bed6b471027755c8a5fdb2631b5060f57", "os": "linux", "os_features": "", "os_version": null, "size": 1134541370, "status": "active", "last_pulled": "2024-01-20T08:49:41.903954Z", "last_pushed": "2023-02-06T18:03:22.457033Z"}, {"architecture": "arm64", "features": "", "variant": null, "digest": "sha256:677bc97b569e56b45273ca50e53b089c50b721118695946bf3c6c88ae47205da", "os": "linux", "os_features": "", "os_version": null, "size": 1089261810, "status": "active", "last_pulled": "2024-01-08T22:35:52.448924Z", "last_pushed": "2023-02-06T18:03:22.612332Z"}], "last_updated": "2023-02-06T18:03:22.805885Z", "last_updater": 10519896, "last_updater_username": "zapbot", "name": "s2023-02-06", "repository": 65919, "full_size": 1134541370, "v2": true, "tag_status": "active", "tag_last_pulled": "2024-01-20T08:49:41.903954Z", "tag_last_pushed": "2023-02-06T18:03:22.805885Z", "media_type": "application/vnd.docker.distribution.manifest.list.v2+json", "content_type": "image", "digest": "sha256:7d806312b1102499d9be2e0b516ff06629809c241b23f9dde01283c75b5ce9f8"}, {"creator": 10519896, "id": 360560105, "images": [{"architecture": "amd64", "features": "", "variant": null, "digest": "sha256:215795fee30319d4d46007e1d9bb0999d9bafdfa423bcfb690de3d40e642f302", "os": "linux", "os_features": "", "os_version": null, "size": 1149253409, "status": "active", "last_pulled": "2024-01-20T08:44:48.793533Z", "last_pushed": "2023-01-03T17:44:38.378972Z"}], "last_updated": "2023-01-03T17:44:35.882302Z", "last_updater": 10519896, "last_updater_username": "zapbot", "name": "s2023-01-03", "repository": 65919, "full_size": 1149253409, "v2": true, "tag_status": "active", "tag_last_pulled": "2024-01-20T08:44:48.793533Z", "tag_last_pushed": "2023-01-03T17:44:35.882302Z", "media_type": "application/vnd.docker.container.image.v1+json", "content_type": "image", "digest": "sha256:215795fee30319d4d46007e1d9bb0999d9bafdfa423bcfb690de3d40e642f302"}, {"creator": 10519896, "id": 181915154, "images": [{"architecture": "amd64", "features": "", "variant": null, "digest": "sha256:47ba18f36de06f253e655d26ad78945c6dc24404e58f1c0758293a583bb99ce5", "os": "linux", "os_features": "", "os_version": null, "size": 1025478842, "status": "active", "last_pulled": "2024-01-20T08:12:47.664345Z", "last_pushed": "2022-10-03T10:37:30.418192Z"}], "last_updated": "2022-10-03T10:37:28.472134Z", "last_updater": 10519896, "last_updater_username": "zapbot", "name": "2.11.1", "repository": 65919, "full_size": 1025478842, "v2": true, "tag_status": "active", "tag_last_pulled": "2024-01-20T08:12:47.664345Z", "tag_last_pushed": "2022-10-03T10:37:28.472134Z", "media_type": "application/vnd.docker.container.image.v1+json", "content_type": "image", "digest": "sha256:47ba18f36de06f253e655d26ad78945c6dc24404e58f1c0758293a583bb99ce5"}, {"creator": 10519896, "id": 170909954, "images": [{"architecture": "amd64", "features": "", "variant": null, "digest": "sha256:b59774fd93f003fe1c2de873e2c1bc1467d8495017cc5f6a253900ac35a90c7e", "os": "linux", "os_features": "", "os_version": null, "size": 927270520, "status": "active", "last_pulled": "2024-01-20T09:00:42.463329Z", "last_pushed": "2021-12-06T11:48:02.787954Z"}], "last_updated": "2021-12-06T11:48:02.193527Z", "last_updater": 10519896, "last_updater_username": "zapbot", "name": "2.11.0", "repository": 65919, "full_size": 927270520, "v2": true, "tag_status": "active", "tag_last_pulled": "2024-01-20T09:00:42.463329Z", "tag_last_pushed": "2021-12-06T11:48:02.193527Z", "media_type": "application/vnd.docker.container.image.v1+json", "content_type": "image"}, {"creator": 10519896, "id": 130533747, "images": [{"architecture": "amd64", "features": "", "variant": null, "digest": "sha256:fa9c69ef7b4b5c6395df2fa50b40146651b87b6a0b019f97d930532bb4e79214", "os": "linux", "os_features": "", "os_version": null, "size": 845267651, "status": "active", "last_pulled": "2024-01-20T08:59:14.898388Z", "last_pushed": "2021-02-02T12:38:09.655285Z"}], "last_updated": "2021-02-02T12:38:08.958358Z", "last_updater": 10519896, "last_updater_username": "zapbot", "name": "2.10.0", "repository": 65919, "full_size": 845267651, "v2": true, "tag_status": "active", "tag_last_pulled": "2024-01-20T08:59:14.898388Z", "tag_last_pushed": "2021-02-02T12:38:08.958358Z", "media_type": "application/vnd.docker.container.image.v1+json", "content_type": "image"}, {"creator": 105048, "id": 83270314, "images": [{"architecture": "amd64", "features": "", "variant": null, "digest": "sha256:3563ecc53448ad224262ccea185cff8360c999c52d9c4b78630d9344dc1c3fd6", "os": "linux", "os_features": "", "os_version": null, "size": 640433268, "status": "active", "last_pulled": "2024-01-20T08:08:59.884188Z", "last_pushed": null}], "last_updated": "2020-03-19T12:28:50.747609Z", "last_updater": 105048, "last_updater_username": "psiinon", "name": "2.9.0", "repository": 65919, "full_size": 640433268, "v2": true, "tag_status": "active", "tag_last_pulled": "2024-01-20T08:08:59.884188Z", "tag_last_pushed": "2020-03-19T12:28:50.747609Z", "media_type": "application/vnd.docker.container.image.v1+json", "content_type": "image"}]