[{"creator": 659811, "id": 103764696, "images": [{"architecture": "amd64", "features": "", "variant": null, "digest": "sha256:b2762871bff62df9bfcec62609da821803a575e06d74aa7ce1654ded208cc7c5", "os": "linux", "os_features": "", "os_version": null, "size": 5473628, "status": "active", "last_pulled": "2024-01-20T08:43:52.301594Z", "last_pushed": "2020-12-02T17:06:53.077666Z"}], "last_updated": "2020-12-02T17:06:53.077666Z", "last_updater": 659811, "last_updater_username": "testcontainers", "name": "latest", "repository": 9197539, "full_size": 5473628, "v2": true, "tag_status": "active", "tag_last_pulled": "2024-01-20T08:43:52.301594Z", "tag_last_pushed": "2020-12-02T17:06:53.077666Z", "media_type": "application/vnd.docker.container.image.v1+json", "content_type": "image"}, {"creator": 11539943, "id": 572535311, "images": [{"architecture": "arm", "features": "", "variant": "v7", "digest": "sha256:63babdcb3f6f0111cadc96f2d3710c68d670e10ef77a1bc633006b009f18fcbf", "os": "linux", "os_features": "", "os_version": null, "size": 6003137, "status": "active", "last_pulled": "2024-01-20T00:23:43.348074Z", "last_pushed": "2023-12-21T14:41:30.864618Z"}, {"architecture": "arm64", "features": "", "variant": null, "digest": "sha256:cbfe594689a556c332611df3d65852e5ad863dd10db3fc5d82772185e5583566", "os": "linux", "os_features": "", "os_version": null, "size": 6350394, "status": "active", "last_pulled": "2024-01-20T08:54:51.492419Z", "last_pushed": "2023-12-21T14:41:30.596173Z"}, {"architecture": "ppc64le", "features": "", "variant": null, "digest": "sha256:6752603e23df2ec23cc16f0f772b5b77d6ac0b24a8c59a4b55a7ffe8fb74661e", "os": "linux", "os_features": "", "os_version": null, "size": 6344328, "status": "active", "last_pulled": "2024-01-20T00:23:43.408061Z", "last_pushed": "2023-12-21T14:41:29.997025Z"}, {"architecture": "s390x", "features": "", "variant": null, "digest": "sha256:a8eb9ecb1343d38740749298293b19a683e79e728b855283fca1a8de1e3dbf78", "os": "linux", "os_features": "", "os_version": null, "size": 6387191, "status": "active", "last_pulled": "2024-01-20T00:23:43.475135Z", "last_pushed": "2023-12-21T14:41:31.140238Z"}, {"architecture": "amd64", "features": "", "variant": null, "digest": "sha256:f03cae9c786f82e04d5a82783193212cfdcc768a5eb44e5e1b935cfc841d5424", "os": "linux", "os_features": "", "os_version": null, "size": 6648099, "status": "active", "last_pulled": "2024-01-20T08:28:27.624809Z", "last_pushed": "2023-12-21T14:41:30.309759Z"}], "last_updated": "2023-12-21T14:41:31.831457Z", "last_updater": 11539943, "last_updater_username": "testcontainersbuild", "name": "0.6.0", "repository": 9197539, "full_size": 6648099, "v2": true, "tag_status": "active", "tag_last_pulled": "2024-01-20T08:54:51.492419Z", "tag_last_pushed": "2023-12-21T14:41:31.831457Z", "media_type": "application/vnd.docker.distribution.manifest.list.v2+json", "content_type": "image", "digest": "sha256:739f19eb83b1710f22ff452d7bec9cdd3f53d0ba5ff4096c6516a85de88eba0c"}, {"creator": 11539943, "id": 440808118, "images": [{"architecture": "amd64", "features": "", "variant": null, "digest": "sha256:bc3ffe275ad9092cabf6ba3a44692a3cb092efce4a5712062afb63fca928153f", "os": "linux", "os_features": "", "os_version": null, "size": 5868474, "status": "active", "last_pulled": "2024-01-20T09:03:03.643618Z", "last_pushed": "2023-05-17T15:15:45.620022Z"}, {"architecture": "arm", "features": "", "variant": "v7", "digest": "sha256:73cbf6f15af9dac365734180baa0a0a23d8340fe0f3474afe49bbc6637f64e66", "os": "linux", "os_features": "", "os_version": null, "size": 5326204, "status": "active", "last_pulled": "2024-01-20T02:14:48.490246Z", "last_pushed": "2023-05-17T15:15:45.896674Z"}, {"architecture": "arm64", "features": "", "variant": null, "digest": "sha256:2aadccc29a9a9bafcf985a60b0d991fe52af9276d4945d45fe223184a4987956", "os": "linux", "os_features": "", "os_version": null, "size": 5541120, "status": "active", "last_pulled": "2024-01-20T08:28:13.213235Z", "last_pushed": "2023-05-17T15:15:45.36191Z"}, {"architecture": "ppc64le", "features": "", "variant": null, "digest": "sha256:022a0f4761a8771430441a0f0c4daf4cef1d43d7e012ee1aff96d96bedfd3115", "os": "linux", "os_features": "", "os_version": null, "size": 5498545, "status": "active", "last_pulled": "2024-01-20T02:14:48.586217Z", "last_pushed": "2023-05-17T15:15:45.09301Z"}, {"architecture": "s390x", "features": "", "variant": null, "digest": "sha256:8266378fa95ac2163017cdd3bd423c3ac21b2bb1034fcf1fa588ee2dca5b358d", "os": "linux", "os_features": "", "os_version": null, "size": 5477556, "status": "active", "last_pulled": "2024-01-20T02:14:48.559506Z", "last_pushed": "2023-05-17T15:15:46.212545Z"}], "last_updated": "2023-05-17T15:15:46.762813Z", "last_updater": 11539943, "last_updater_username": "testcontainersbuild", "name": "0.5.1", "repository": 9197539, "full_size": 5868474, "v2": true, "tag_status": "active", "tag_last_pulled": "2024-01-20T09:03:03.643618Z", "tag_last_pushed": "2023-05-17T15:15:46.762813Z", "media_type": "application/vnd.docker.distribution.manifest.list.v2+json", "content_type": "image", "digest": "sha256:533abc56c07b52a26c955d1e7ae428d810582ab01c156384ae79960eb5fa0775"}, {"creator": 11539943, "id": 440657805, "images": [{"architecture": "amd64", "features": "", "variant": null, "digest": "sha256:40adf9fcbbe846a6e8f058eabca02b364d40a900a5215deae0b9d7128fd10a90", "os": "linux", "os_features": "", "os_version": null, "size": 5868466, "status": "active", "last_pulled": "2024-01-20T03:05:10.713992Z", "last_pushed": "2023-05-17T10:57:59.377072Z"}, {"architecture": "arm", "features": "", "variant": "v7", "digest": "sha256:0212e3a081959b9cd6c8bbfebc7b8f5cc9d1a0da0e58852061a9fd6c12f5dce2", "os": "linux", "os_features": "", "os_version": null, "size": 5326123, "status": "active", "last_pulled": "2024-01-19T17:07:07.483037Z", "last_pushed": "2023-05-17T10:57:59.51212Z"}, {"architecture": "arm64", "features": "", "variant": null, "digest": "sha256:25a5caeb073f871722e9ac997f621fbadeae41f46c59adc1f5b697d52335d6aa", "os": "linux", "os_features": "", "os_version": null, "size": 5541202, "status": "active", "last_pulled": "2024-01-19T17:07:08.47968Z", "last_pushed": "2023-05-17T10:57:59.204784Z"}, {"architecture": "ppc64le", "features": "", "variant": null, "digest": "sha256:d2abfed8d7959f03a7617fcef4d5256d7b2fb3033ae77542256504d008c0408b", "os": "linux", "os_features": "", "os_version": null, "size": 5498562, "status": "active", "last_pulled": "2024-01-19T17:07:09.329826Z", "last_pushed": "2023-05-17T10:57:59.050236Z"}, {"architecture": "s390x", "features": "", "variant": null, "digest": "sha256:f1c4945a133bf6ae9266f0615e1762f2993e4d4fabe5a26a26732ed5dccb85c7", "os": "linux", "os_features": "", "os_version": null, "size": 5477573, "status": "active", "last_pulled": "2024-01-19T17:07:10.070091Z", "last_pushed": "2023-05-17T10:57:58.900559Z"}], "last_updated": "2023-05-17T10:58:00.101712Z", "last_updater": 11539943, "last_updater_username": "testcontainersbuild", "name": "0.5.0", "repository": 9197539, "full_size": 5868466, "v2": true, "tag_status": "active", "tag_last_pulled": "2024-01-20T09:03:52.399989Z", "tag_last_pushed": "2023-05-17T10:58:00.101712Z", "media_type": "application/vnd.docker.distribution.manifest.list.v2+json", "content_type": "image", "digest": "sha256:354fc6983e7f47002b37575ea1d94aec318520b5752fafb40b6c2e0d465f5b2f"}, {"creator": 11539943, "id": 402158802, "images": [{"architecture": "amd64", "features": "", "variant": null, "digest": "sha256:b156d460c104207e326f5cb62fa46ea49e56f4f417fe8837df6aa4beb4fd2550", "os": "linux", "os_features": "", "os_version": null, "size": 5865238, "status": "active", "last_pulled": "2024-01-20T08:16:51.762864Z", "last_pushed": "2023-03-10T08:58:33.182558Z"}, {"architecture": "arm", "features": "", "variant": "v7", "digest": "sha256:d95902787ba51034df5a22cd6622d7ff32793d33f419b9b1cdbe0b297493ffae", "os": "linux", "os_features": "", "os_version": null, "size": 5322252, "status": "active", "last_pulled": "2024-01-19T23:04:51.107978Z", "last_pushed": "2023-03-10T08:58:33.038209Z"}, {"architecture": "arm64", "features": "", "variant": null, "digest": "sha256:3477a5dc6fcb76bf6d241750a2a05bbf7c5b1612e3737471bfc27cad8e5b046d", "os": "linux", "os_features": "", "os_version": null, "size": 5538653, "status": "active", "last_pulled": "2024-01-20T05:17:37.084176Z", "last_pushed": "2023-03-10T08:58:32.8745Z"}, {"architecture": "ppc64le", "features": "", "variant": null, "digest": "sha256:8f1b63be7b92a9e723d219956a5cd481b2aa95d9cef9f8e7e93e12a0ad124565", "os": "linux", "os_features": "", "os_version": null, "size": 5495375, "status": "active", "last_pulled": "2024-01-19T23:04:52.13053Z", "last_pushed": "2023-03-10T08:58:32.744092Z"}, {"architecture": "s390x", "features": "", "variant": null, "digest": "sha256:06f15d2b0d422cd43bb2cffd572e357abbd0a3016b091ba13143dd483a487eac", "os": "linux", "os_features": "", "os_version": null, "size": 5475010, "status": "active", "last_pulled": "2024-01-19T23:04:52.630422Z", "last_pushed": "2023-03-10T08:58:33.322827Z"}], "last_updated": "2023-03-10T08:58:33.885696Z", "last_updater": 11539943, "last_updater_username": "testcontainersbuild", "name": "0.4.0", "repository": 9197539, "full_size": 5865238, "v2": true, "tag_status": "active", "tag_last_pulled": "2024-01-20T08:18:51.77989Z", "tag_last_pushed": "2023-03-10T08:58:33.885696Z", "media_type": "application/vnd.docker.distribution.manifest.list.v2+json", "content_type": "image", "digest": "sha256:b874cc015594f275ad3ffb6a135c015c52ce04a2eba377c963abe25a84628167"}, {"creator": 11539943, "id": 262064639, "images": [{"architecture": "amd64", "features": "", "variant": null, "digest": "sha256:1e3656c83cbebeb1f7a8d68c7a88932dff59c4a235d564cae76b1a903107b2f8", "os": "linux", "os_features": "", "os_version": null, "size": 5492185, "status": "active", "last_pulled": "2024-01-20T09:04:19.593673Z", "last_pushed": "2022-07-28T14:13:23.529878Z"}, {"architecture": "arm", "features": "", "variant": "v7", "digest": "sha256:b703245be3a25423ede3a9842b79da988ac09d84b51936744753b1b27ac23e63", "os": "linux", "os_features": "", "os_version": null, "size": 4966533, "status": "active", "last_pulled": "2024-01-20T01:00:25.738936Z", "last_pushed": "2022-07-28T14:13:23.786801Z"}, {"architecture": "arm64", "features": "", "variant": null, "digest": "sha256:711335868022c6a1fcfd699eee0d5f05452c0cd7561f6d4f153c164f9d7005c0", "os": "linux", "os_features": "", "os_version": null, "size": 5201894, "status": "active", "last_pulled": "2024-01-20T06:58:27.784225Z", "last_pushed": "2022-07-28T14:13:23.229579Z"}, {"architecture": "ppc64le", "features": "", "variant": null, "digest": "sha256:0c6919cd09240ca9d8b4ad64380ec8de5afc37b8dcecc58307b4e6acaadcc88b", "os": "linux", "os_features": "", "os_version": null, "size": 5272426, "status": "active", "last_pulled": "2024-01-20T01:00:26.206896Z", "last_pushed": "2022-07-28T14:13:23.001123Z"}, {"architecture": "s390x", "features": "", "variant": null, "digest": "sha256:cef4965b1b7f87e79a19f966e7f147420f273ded5808ce0d3b1721df28c75acb", "os": "linux", "os_features": "", "os_version": null, "size": 5243973, "status": "active", "last_pulled": "2024-01-20T01:00:26.393895Z", "last_pushed": "2022-07-28T14:13:24.064516Z"}], "last_updated": "2022-07-28T14:13:24.803504Z", "last_updater": 11539943, "last_updater_username": "testcontainersbuild", "name": "0.3.4", "repository": 9197539, "full_size": 5492185, "v2": true, "tag_status": "active", "tag_last_pulled": "2024-01-20T09:04:19.593673Z", "tag_last_pushed": "2022-07-28T14:13:24.803504Z", "media_type": "application/vnd.docker.distribution.manifest.list.v2+json", "content_type": "image", "digest": "sha256:0c8faa0a3ad1e154f9d8d5d78627b40d7359ff3f7d3f98556aa32157ad8fd924"}, {"creator": 11539943, "id": 172013735, "images": [{"architecture": "amd64", "features": "", "variant": null, "digest": "sha256:f849edfec8a337c4d0e13b4d9583cf804dfa0b21fc83388a70e25fbcf1ad70e1", "os": "linux", "os_features": "", "os_version": null, "size": 5494533, "status": "active", "last_pulled": "2024-01-20T09:00:42.512965Z", "last_pushed": "2021-10-14T08:41:50.327791Z"}, {"architecture": "s390x", "features": "", "variant": null, "digest": "sha256:a32b378f07910f082584437193a2fe47d85b821d9373f3e55ae1463bf6ca9546", "os": "linux", "os_features": "", "os_version": null, "size": 5245514, "status": "active", "last_pulled": "2024-01-20T01:00:37.284527Z", "last_pushed": "2021-10-14T08:41:50.607532Z"}, {"architecture": "arm", "features": "", "variant": "v7", "digest": "sha256:a401b28c0b4beff55650a79409769cb889bb3723343f27471862665657c77cde", "os": "linux", "os_features": "", "os_version": null, "size": 4970006, "status": "active", "last_pulled": "2024-01-20T01:00:36.60101Z", "last_pushed": "2021-10-14T08:41:50.458537Z"}, {"architecture": "arm64", "features": "", "variant": null, "digest": "sha256:9c527d296bac0e8007a77a8a6e7f3044b91dec2db3727558d565a9680f37040b", "os": "linux", "os_features": "", "os_version": null, "size": 5203292, "status": "active", "last_pulled": "2024-01-20T08:20:38.185722Z", "last_pushed": "2021-10-14T08:41:50.201568Z"}, {"architecture": "ppc64le", "features": "", "variant": null, "digest": "sha256:5e3ad0ee5b36dad7b7f9dbc1744c9d3b9a99a7bf83c0d65fa1796cd7fb366089", "os": "linux", "os_features": "", "os_version": null, "size": 5274246, "status": "active", "last_pulled": "2024-01-20T01:00:37.109264Z", "last_pushed": "2021-10-14T08:41:50.046151Z"}], "last_updated": "2021-10-14T08:41:50.890672Z", "last_updater": 11539943, "last_updater_username": "testcontainersbuild", "name": "0.3.3", "repository": 9197539, "full_size": 5494533, "v2": true, "tag_status": "active", "tag_last_pulled": "2024-01-20T09:00:42.512965Z", "tag_last_pushed": "2021-10-14T08:41:50.890672Z", "media_type": "application/vnd.docker.distribution.manifest.list.v2+json", "content_type": "image"}, {"creator": 11539943, "id": 160958165, "images": [{"architecture": "arm", "features": "", "variant": "v7", "digest": "sha256:1e19373cd2528df14087000a9ca15139106cabc68ec8b5b515b37580bc7214d8", "os": "linux", "os_features": "", "os_version": null, "size": 4918175, "status": "active", "last_pulled": "2024-01-19T23:05:17.096735Z", "last_pushed": "2021-08-03T09:14:28.894491Z"}, {"architecture": "amd64", "features": "", "variant": null, "digest": "sha256:effeda5dca1e26e2207487d49e2853fc9d84dcf4a09d564fbc72767b06cdc39e", "os": "linux", "os_features": "", "os_version": null, "size": 5472101, "status": "active", "last_pulled": "2024-01-20T08:20:23.449353Z", "last_pushed": "2021-08-03T09:14:28.597472Z"}, {"architecture": "arm64", "features": "", "variant": null, "digest": "sha256:0b4825a1b4ec4eaeb1419288bd08a4d7b9c5844bf47a2b256225b6bb67295c27", "os": "linux", "os_features": "", "os_version": null, "size": 5203330, "status": "active", "last_pulled": "2024-01-19T23:05:17.56713Z", "last_pushed": "2021-08-03T09:14:28.329769Z"}, {"architecture": "s390x", "features": "", "variant": null, "digest": "sha256:54b2d8bfb5fb37f7736eb478917d3d7549fc5bac6e7fc04715fe07a3c566d1bd", "os": "linux", "os_features": "", "os_version": null, "size": 5209809, "status": "active", "last_pulled": "2024-01-19T23:05:18.943559Z", "last_pushed": "2021-08-03T09:14:29.223783Z"}, {"architecture": "ppc64le", "features": "", "variant": null, "digest": "sha256:395812c0fafd3680efd79fac48076b6b8a4e834745453d9f67030e5877d36c1d", "os": "linux", "os_features": "", "os_version": null, "size": 5266231, "status": "active", "last_pulled": "2024-01-19T23:05:18.127994Z", "last_pushed": "2021-08-03T09:14:27.994825Z"}], "last_updated": "2021-08-03T09:14:29.648669Z", "last_updater": 11539943, "last_updater_username": "testcontainersbuild", "name": "0.3.2", "repository": 9197539, "full_size": 5472101, "v2": true, "tag_status": "active", "tag_last_pulled": "2024-01-20T08:20:23.449353Z", "tag_last_pushed": "2021-08-03T09:14:29.648669Z", "media_type": "application/vnd.docker.distribution.manifest.list.v2+json", "content_type": "image"}, {"creator": 11539943, "id": 131213403, "images": [{"architecture": "arm", "features": "", "variant": "v7", "digest": "sha256:0650051bfdce19804f115ce18bf1eb0b8e661e17151c3ed1be9d65972524ddd9", "os": "linux", "os_features": "", "os_version": null, "size": 4917573, "status": "active", "last_pulled": "2024-01-19T23:05:25.564313Z", "last_pushed": "2020-12-23T12:26:10.318886Z"}, {"architecture": "ppc64le", "features": "", "variant": null, "digest": "sha256:a91c2edbadf4694219631a47a8a9bf20f7aba77c55e6cc5193023246a910b299", "os": "linux", "os_features": "", "os_version": null, "size": 5265825, "status": "active", "last_pulled": "2024-01-19T23:05:26.481159Z", "last_pushed": "2020-12-23T12:26:09.390563Z"}, {"architecture": "s390x", "features": "", "variant": null, "digest": "sha256:ed4d6ad8f09000dd351026f00db4ae91ff9f60be5052b71883e161461102a1ff", "os": "linux", "os_features": "", "os_version": null, "size": 5209431, "status": "active", "last_pulled": "2024-01-19T23:05:27.373249Z", "last_pushed": "2020-12-23T12:26:10.670016Z"}, {"architecture": "arm64", "features": "", "variant": null, "digest": "sha256:0d4ad31cc4479e989ecc9d4ff71300ab1935ff633fa02ef7ddfa76034ca17949", "os": "linux", "os_features": "", "os_version": null, "size": 5203108, "status": "active", "last_pulled": "2024-01-20T07:13:35.107227Z", "last_pushed": "2020-12-23T12:26:09.743293Z"}, {"architecture": "amd64", "features": "", "variant": null, "digest": "sha256:2b31d4174722cd12f75556e02c8e70bc16985cd5a29390a7d2664621cfe77de3", "os": "linux", "os_features": "", "os_version": null, "size": 5471890, "status": "active", "last_pulled": "2024-01-20T08:34:07.053398Z", "last_pushed": "2020-12-23T12:26:10.126115Z"}], "last_updated": "2020-12-23T12:26:11.387356Z", "last_updater": 11539943, "last_updater_username": "testcontainersbuild", "name": "0.3.1", "repository": 9197539, "full_size": 5471890, "v2": true, "tag_status": "active", "tag_last_pulled": "2024-01-20T08:34:07.053398Z", "tag_last_pushed": "2020-12-23T12:26:11.387356Z", "media_type": "application/vnd.docker.distribution.manifest.list.v2+json", "content_type": "image"}, {"creator": 659811, "id": 103837594, "images": [{"architecture": "amd64", "features": "", "variant": null, "digest": "sha256:539addd152cc4fc2b6b5bba7fd15b32086e82f558ca09402a75b02f8d80374cb", "os": "linux", "os_features": "", "os_version": null, "size": 5472773, "status": "active", "last_pulled": "2024-01-20T08:58:42.588945Z", "last_pushed": null}], "last_updated": "2020-06-06T07:29:09.482823Z", "last_updater": 659811, "last_updater_username": "testcontainers", "name": "0.3.0", "repository": 9197539, "full_size": 5472773, "v2": true, "tag_status": "active", "tag_last_pulled": "2024-01-20T08:58:42.588945Z", "tag_last_pushed": "2020-06-06T07:29:09.482823Z", "media_type": "application/vnd.docker.container.image.v1+json", "content_type": "image"}]