[{"creator": 21614, "id": 162165, "images": [{"architecture": "amd64", "features": "", "variant": null, "digest": "sha256:36c7b282abd0186e01419f2e58743e1bf635808231049bbc9d77e59e3a8e4914", "os": "linux", "os_features": "", "os_version": null, "size": 161060278, "status": "active", "last_pulled": "2024-01-20T09:04:15.991826Z", "last_pushed": null}], "last_updated": "2019-07-02T18:27:57.149146Z", "last_updater": 281612, "last_updater_username": "nathanpeck", "name": "latest", "repository": 153493, "full_size": 161060278, "v2": true, "tag_status": "active", "tag_last_pulled": "2024-01-20T09:04:15.991826Z", "tag_last_pushed": "2019-07-02T18:27:57.149146Z", "media_type": "application/vnd.docker.container.image.v1+json", "content_type": "image", "digest": "sha256:36c7b282abd0186e01419f2e58743e1bf635808231049bbc9d77e59e3a8e4914"}]