[{"creator": 3696426, "id": 33667051, "images": [{"architecture": "arm64", "features": "", "variant": null, "digest": "sha256:01cbd040783f30a54965fd0e75495832fac11eed508a22402cb84f8c649701f5", "os": "linux", "os_features": "", "os_version": null, "size": 239293629, "status": "active", "last_pulled": "2024-01-20T09:04:31.777657Z", "last_pushed": "2024-01-04T16:08:29.300122Z"}, {"architecture": "amd64", "features": "", "variant": null, "digest": "sha256:a5004db87d3e9acc13ccc27989bac786bb37ba20ed675ee41991b6c97296190a", "os": "linux", "os_features": "", "os_version": null, "size": 240918332, "status": "active", "last_pulled": "2024-01-20T09:10:13.214384Z", "last_pushed": "2024-01-04T16:08:28.968955Z"}, {"architecture": "unknown", "features": "", "variant": null, "digest": "sha256:d506cdb05e16b931402d5f50f67918c4a9ca129fc4b2e88a7034310b085c0f56", "os": "unknown", "os_features": "", "os_version": null, "size": 1176, "status": "active", "last_pulled": "2024-01-20T09:06:25.320516Z", "last_pushed": "2024-01-04T16:08:29.639778Z"}, {"architecture": "unknown", "features": "", "variant": null, "digest": "sha256:ddacc81c9d967be799cd0f1add8d48d77c734bcd13461bc9b0ad286dda5a135a", "os": "unknown", "os_features": "", "os_version": null, "size": 1176, "status": "active", "last_pulled": "2024-01-20T09:06:25.578493Z", "last_pushed": "2024-01-04T16:08:29.980615Z"}], "last_updated": "2024-01-04T16:08:32.23386Z", "last_updater": 3696426, "last_updater_username": "amazondynamodb", "name": "latest", "repository": 5921406, "full_size": 239293629, "v2": true, "tag_status": "active", "tag_last_pulled": "2024-01-20T09:25:22.136273Z", "tag_last_pushed": "2024-01-04T16:08:32.23386Z", "media_type": "application/vnd.oci.image.index.v1+json", "content_type": "image", "digest": "sha256:eb8d4a591efddfc7b9976dfacd90993433e6ed6a02bd64c7a1345f110c87cfd6"}, {"creator": 3696426, "id": 578843876, "images": [{"architecture": "arm64", "features": "", "variant": null, "digest": "sha256:01cbd040783f30a54965fd0e75495832fac11eed508a22402cb84f8c649701f5", "os": "linux", "os_features": "", "os_version": null, "size": 239293629, "status": "active", "last_pulled": "2024-01-20T09:04:31.777657Z", "last_pushed": "2024-01-04T16:08:29.300122Z"}, {"architecture": "amd64", "features": "", "variant": null, "digest": "sha256:a5004db87d3e9acc13ccc27989bac786bb37ba20ed675ee41991b6c97296190a", "os": "linux", "os_features": "", "os_version": null, "size": 240918332, "status": "active", "last_pulled": "2024-01-20T09:10:13.214384Z", "last_pushed": "2024-01-04T16:08:28.968955Z"}, {"architecture": "unknown", "features": "", "variant": null, "digest": "sha256:d506cdb05e16b931402d5f50f67918c4a9ca129fc4b2e88a7034310b085c0f56", "os": "unknown", "os_features": "", "os_version": null, "size": 1176, "status": "active", "last_pulled": "2024-01-20T09:06:25.320516Z", "last_pushed": "2024-01-04T16:08:29.639778Z"}, {"architecture": "unknown", "features": "", "variant": null, "digest": "sha256:ddacc81c9d967be799cd0f1add8d48d77c734bcd13461bc9b0ad286dda5a135a", "os": "unknown", "os_features": "", "os_version": null, "size": 1176, "status": "active", "last_pulled": "2024-01-20T09:06:25.578493Z", "last_pushed": "2024-01-04T16:08:29.980615Z"}], "last_updated": "2024-01-04T16:08:30.577371Z", "last_updater": 3696426, "last_updater_username": "amazondynamodb", "name": "2.2.1", "repository": 5921406, "full_size": 239293629, "v2": true, "tag_status": "active", "tag_last_pulled": "2024-01-20T09:25:22.136273Z", "tag_last_pushed": "2024-01-04T16:08:30.577371Z", "media_type": "application/vnd.oci.image.index.v1+json", "content_type": "image", "digest": "sha256:eb8d4a591efddfc7b9976dfacd90993433e6ed6a02bd64c7a1345f110c87cfd6"}, {"creator": 3696426, "id": 570444814, "images": [{"architecture": "arm64", "features": "", "variant": null, "digest": "sha256:69ef3df1e62549f3d41244b9e63d0fe92cac2b9600a85434d543df0fa8a4420b", "os": "linux", "os_features": "", "os_version": null, "size": 238599492, "status": "active", "last_pulled": "2024-01-19T18:34:12.984977Z", "last_pushed": "2023-12-18T17:00:33.915236Z"}, {"architecture": "amd64", "features": "", "variant": null, "digest": "sha256:36a8b363d046b0f72eedac3f112f034c0457dc9cc2d57ac6c2807d264d43fbf0", "os": "linux", "os_features": "", "os_version": null, "size": 240228521, "status": "active", "last_pulled": "2024-01-20T06:45:29.881332Z", "last_pushed": "2023-12-18T17:00:34.768629Z"}, {"architecture": "unknown", "features": "", "variant": null, "digest": "sha256:1808ce7bee09739c124bceca42ea25f595240bfc115eef913aff488566ef93ab", "os": "unknown", "os_features": "", "os_version": null, "size": 1016, "status": "active", "last_pulled": "2024-01-05T15:08:32.403717Z", "last_pushed": "2023-12-18T17:00:34.35707Z"}, {"architecture": "unknown", "features": "", "variant": null, "digest": "sha256:63af1dfaa37fd2c5d6ddbd5901f642ccc825c213a24ec9b31ea071eb37e559be", "os": "unknown", "os_features": "", "os_version": null, "size": 1016, "status": "inactive", "last_pulled": "2023-12-19T04:50:38.694928Z", "last_pushed": "2023-12-18T17:00:35.267493Z"}], "last_updated": "2023-12-18T17:00:35.944272Z", "last_updater": 3696426, "last_updater_username": "amazondynamodb", "name": "1.25.0", "repository": 5921406, "full_size": 238599492, "v2": true, "tag_status": "active", "tag_last_pulled": "2024-01-20T06:45:29.881332Z", "tag_last_pushed": "2023-12-18T17:00:35.944272Z", "media_type": "application/vnd.oci.image.index.v1+json", "content_type": "image", "digest": "sha256:9d33dd90ac1fdf9cb95101b08f1882007f25da2c8b010196d228b841bbd6e435"}, {"creator": 3696426, "id": 568289685, "images": [{"architecture": "arm64", "features": "", "variant": null, "digest": "sha256:e676825ec23d476c878ac656951ef4b26276d1338911ba342364ac1fc74c92b3", "os": "linux", "os_features": "", "os_version": null, "size": 239282905, "status": "active", "last_pulled": "2024-01-19T18:36:43.99121Z", "last_pushed": "2023-12-14T17:01:04.506955Z"}, {"architecture": "amd64", "features": "", "variant": null, "digest": "sha256:eda319b4b90ec0bedf8221fc4fbfe3287e72bf0e9fd0c8763fb27539bcc833ee", "os": "linux", "os_features": "", "os_version": null, "size": 240904349, "status": "active", "last_pulled": "2024-01-20T07:22:17.32665Z", "last_pushed": "2023-12-14T17:01:04.835709Z"}, {"architecture": "unknown", "features": "", "variant": null, "digest": "sha256:fcd75412f308272bf0f11819c3bc312fc75fe17edb2c003731bf2ca4ebec87aa", "os": "unknown", "os_features": "", "os_version": null, "size": 1176, "status": "active", "last_pulled": "2024-01-05T14:55:24.064605Z", "last_pushed": "2023-12-14T17:01:04.108589Z"}, {"architecture": "unknown", "features": "", "variant": null, "digest": "sha256:62c8e5362b889e63a37f2a8c5b52c706f4e1f3cec9f836435b2d15bc3cfbdd26", "os": "unknown", "os_features": "", "os_version": null, "size": 1176, "status": "active", "last_pulled": "2024-01-05T14:55:24.799548Z", "last_pushed": "2023-12-14T17:01:05.137739Z"}], "last_updated": "2023-12-14T17:01:05.541104Z", "last_updater": 3696426, "last_updater_username": "amazondynamodb", "name": "2.2.0", "repository": 5921406, "full_size": 239282905, "v2": true, "tag_status": "active", "tag_last_pulled": "2024-01-20T07:22:17.32665Z", "tag_last_pushed": "2023-12-14T17:01:05.541104Z", "media_type": "application/vnd.oci.image.index.v1+json", "content_type": "image", "digest": "sha256:ed363532eadde172cbd170ee2f752302814936c6e2579ad1ad87cb0c0e1ad130"}, {"creator": 3696426, "id": 536466053, "images": [{"architecture": "arm64", "features": "", "variant": null, "digest": "sha256:967f53bed4aeff18aae8b76edb23d08ab6b94ac520e80e38917a726567269912", "os": "linux", "os_features": "", "os_version": null, "size": 238245263, "status": "active", "last_pulled": "2024-01-19T18:33:19.599165Z", "last_pushed": "2023-10-25T14:49:27.243544Z"}, {"architecture": "amd64", "features": "", "variant": null, "digest": "sha256:4dc19d6143b9eb2a8d1ad9be9c9026776c377764ba004573695aba1f0230eb5f", "os": "linux", "os_features": "", "os_version": null, "size": 239879674, "status": "active", "last_pulled": "2024-01-20T05:35:44.035618Z", "last_pushed": "2023-10-25T14:49:28.062793Z"}, {"architecture": "unknown", "features": "", "variant": null, "digest": "sha256:f53dd42040c4660503a8dd5846b25cfb97c7fd44eed48df7888f577d2b123b41", "os": "unknown", "os_features": "", "os_version": null, "size": 1016, "status": "active", "last_pulled": "2024-01-05T15:08:35.253814Z", "last_pushed": "2023-10-25T14:49:27.645501Z"}, {"architecture": "unknown", "features": "", "variant": null, "digest": "sha256:dcfbe9f5b28087cb9fbd7ff303892d3e2033666cd5c70aeac2a2bd9d84255f1b", "os": "unknown", "os_features": "", "os_version": null, "size": 1016, "status": "inactive", "last_pulled": "2023-10-25T16:16:28.111879Z", "last_pushed": "2023-10-25T14:49:28.565304Z"}], "last_updated": "2023-10-25T14:49:29.192156Z", "last_updater": 3696426, "last_updater_username": "amazondynamodb", "name": "1.24.0", "repository": 5921406, "full_size": 238245263, "v2": true, "tag_status": "active", "tag_last_pulled": "2024-01-20T07:27:22.411089Z", "tag_last_pushed": "2023-10-25T14:49:29.192156Z", "media_type": "application/vnd.oci.image.index.v1+json", "content_type": "image", "digest": "sha256:8abd672d88a9b870d9ddda6bd26fb506b05f9a862f120589dde162a9afa7ea76"}, {"creator": 3696426, "id": 535899188, "images": [{"architecture": "amd64", "features": "", "variant": null, "digest": "sha256:26a474015455758d13f08461d9a72b005007ddaa0145297bed8341ee0d5b2139", "os": "linux", "os_features": "", "os_version": null, "size": 240521971, "status": "active", "last_pulled": "2024-01-20T09:42:04.045128Z", "last_pushed": "2023-10-24T17:33:45.35044Z"}, {"architecture": "arm64", "features": "", "variant": null, "digest": "sha256:58f4e9675634a325211b5a8df71e988412c4f9c46b9f823bb45bfe533890a01e", "os": "linux", "os_features": "", "os_version": null, "size": 238876653, "status": "active", "last_pulled": "2024-01-20T01:10:56.834753Z", "last_pushed": "2023-10-24T17:33:46.278878Z"}, {"architecture": "unknown", "features": "", "variant": null, "digest": "sha256:9eb6142b545353f6d744d6248cbbfadaab9015c7623c1aaebec0600a477f75b6", "os": "unknown", "os_features": "", "os_version": null, "size": 1176, "status": "active", "last_pulled": "2024-01-17T09:42:05.947345Z", "last_pushed": "2023-10-24T17:33:45.852496Z"}, {"architecture": "unknown", "features": "", "variant": null, "digest": "sha256:4d4dc85880eec2d2aa306d6abd1830d8f14de9405b9dda9ee2bd6df87c0159d4", "os": "unknown", "os_features": "", "os_version": null, "size": 1176, "status": "active", "last_pulled": "2024-01-17T09:42:06.136672Z", "last_pushed": "2023-10-24T17:33:46.73553Z"}], "last_updated": "2023-10-24T17:33:47.365769Z", "last_updater": 3696426, "last_updater_username": "amazondynamodb", "name": "2.1.0", "repository": 5921406, "full_size": 240521971, "v2": true, "tag_status": "active", "tag_last_pulled": "2024-01-20T09:42:04.045128Z", "tag_last_pushed": "2023-10-24T17:33:47.365769Z", "media_type": "application/vnd.oci.image.index.v1+json", "content_type": "image", "digest": "sha256:d091856813be818498869f339e9d7a635d5cded52fc89f39d1544f462549f67b"}, {"creator": 3696426, "id": 465445211, "images": [{"architecture": "arm64", "features": "", "variant": null, "digest": "sha256:a49a048f396542e22e251a1179dffecf8a1854c70d8e0cf7b521153c7abf327d", "os": "linux", "os_features": "", "os_version": null, "size": 227719246, "status": "active", "last_pulled": "2024-01-20T03:50:32.578608Z", "last_pushed": "2023-06-28T20:28:42.335994Z"}, {"architecture": "amd64", "features": "", "variant": null, "digest": "sha256:c2db9811130d65dbf8feb8cd5e823e55a1c918adf1bf73c76215379acd5be9f4", "os": "linux", "os_features": "", "os_version": null, "size": 229365938, "status": "active", "last_pulled": "2024-01-20T09:28:37.749645Z", "last_pushed": "2023-06-28T20:28:42.705342Z"}, {"architecture": "unknown", "features": "", "variant": null, "digest": "sha256:d9203adce9cb3a36686f6bee8524d7a94fbd6e8cbb5c939c4914890f45c7f7cc", "os": "unknown", "os_features": "", "os_version": null, "size": 1176, "status": "active", "last_pulled": "2024-01-05T15:08:38.30978Z", "last_pushed": "2023-06-28T20:28:43.062475Z"}, {"architecture": "unknown", "features": "", "variant": null, "digest": "sha256:5076941eb2ef8a6acc6f83d4d55e46d6e8e3bd2a220068ebf4bb15b55b032249", "os": "unknown", "os_features": "", "os_version": null, "size": 1176, "status": "inactive", "last_pulled": "2023-12-02T05:39:22.564902Z", "last_pushed": "2023-06-28T20:28:43.392505Z"}], "last_updated": "2023-06-28T20:28:44.00485Z", "last_updater": 3696426, "last_updater_username": "amazondynamodb", "name": "2.0.0", "repository": 5921406, "full_size": 227719246, "v2": true, "tag_status": "active", "tag_last_pulled": "2024-01-20T09:28:37.749645Z", "tag_last_pushed": "2023-06-28T20:28:44.00485Z", "media_type": "application/vnd.oci.image.index.v1+json", "content_type": "image", "digest": "sha256:c8702bde709520b90930c20ee430d4123cd731da8e544cc4ccae0e2a78ee4fce"}, {"creator": 3696426, "id": 454913793, "images": [{"architecture": "arm64", "features": "", "variant": null, "digest": "sha256:1d62e2990abdc943aa9105e03a71b828d11207c2bb030136c5b3870218218035", "os": "linux", "os_features": "", "os_version": null, "size": 226631542, "status": "active", "last_pulled": "2024-01-19T18:06:24.452513Z", "last_pushed": "2023-06-09T18:19:18.284832Z"}, {"architecture": "amd64", "features": "", "variant": null, "digest": "sha256:b8bd332634fcdf11479945408f409ddf6494baae5b16d70559804ca259855ac7", "os": "linux", "os_features": "", "os_version": null, "size": 228296120, "status": "active", "last_pulled": "2024-01-20T09:25:28.618344Z", "last_pushed": "2023-06-09T18:19:18.936635Z"}, {"architecture": "unknown", "features": "", "variant": null, "digest": "sha256:d7b27521ba08f69c3a3f8b5b119646c29dabf822facf45fd4d48c7f88781d64e", "os": "unknown", "os_features": "", "os_version": null, "size": 1176, "status": "active", "last_pulled": "2024-01-05T15:08:39.533898Z", "last_pushed": "2023-06-09T18:19:18.621948Z"}, {"architecture": "unknown", "features": "", "variant": null, "digest": "sha256:5f4528ba5d892fa430fa4019ea5edc70793b9baff39eeebecffce21e9ec279d7", "os": "unknown", "os_features": "", "os_version": null, "size": 1176, "status": "inactive", "last_pulled": "2023-12-02T05:39:23.920799Z", "last_pushed": "2023-06-09T18:19:19.296105Z"}], "last_updated": "2023-06-09T18:19:19.83879Z", "last_updater": 3696426, "last_updater_username": "amazondynamodb", "name": "1.22.0", "repository": 5921406, "full_size": 226631542, "v2": true, "tag_status": "active", "tag_last_pulled": "2024-01-20T09:25:28.618344Z", "tag_last_pushed": "2023-06-09T18:19:19.83879Z", "media_type": "application/vnd.oci.image.index.v1+json", "content_type": "image", "digest": "sha256:2f27c0d54589009b0acb275116398addeed75f4301c51d724ed8bad655bc017d"}, {"creator": 3696426, "id": 379320234, "images": [{"architecture": "arm64", "features": "", "variant": null, "digest": "sha256:ceffe76d02bb2c6534fa9f7c3fc367c3e25cf533eca330396bea2c55d8eb1206", "os": "linux", "os_features": "", "os_version": null, "size": 207736776, "status": "active", "last_pulled": "2024-01-20T05:12:38.946318Z", "last_pushed": "2023-02-02T18:25:18.844861Z"}, {"architecture": "amd64", "features": "", "variant": null, "digest": "sha256:f02384481c5133136cfd7edc82c6aed431e85a27bf5886fd637b889bdc0af6d5", "os": "linux", "os_features": "", "os_version": null, "size": 205314055, "status": "active", "last_pulled": "2024-01-20T09:06:03.763007Z", "last_pushed": "2023-02-02T18:25:18.199858Z"}, {"architecture": "unknown", "features": "", "variant": null, "digest": "sha256:ae8ca693ae999b765c628c1b63c635c96d6c17694733b36f7a9d3ed41593eb95", "os": "unknown", "os_features": "", "os_version": null, "size": 1176, "status": "active", "last_pulled": "2024-01-17T04:02:13.9955Z", "last_pushed": "2023-02-02T18:25:18.494273Z"}, {"architecture": "unknown", "features": "", "variant": null, "digest": "sha256:7f0658681ff16fcae04e0f59cb450fd3b94563cd1994fceaf8ef94aef8e7a187", "os": "unknown", "os_features": "", "os_version": null, "size": 1176, "status": "active", "last_pulled": "2024-01-17T04:02:14.973869Z", "last_pushed": "2023-02-02T18:25:19.127075Z"}], "last_updated": "2023-02-02T18:25:19.677628Z", "last_updater": 3696426, "last_updater_username": "amazondynamodb", "name": "1.21.0", "repository": 5921406, "full_size": 207736776, "v2": true, "tag_status": "active", "tag_last_pulled": "2024-01-20T09:06:03.763007Z", "tag_last_pushed": "2023-02-02T18:25:19.677628Z", "media_type": "application/vnd.oci.image.index.v1+json", "content_type": "image", "digest": "sha256:bd10279256d657b3637862ab813b3b7f1c3438395ac318ccd99b62c17f35d2d3"}, {"creator": 3696426, "id": 288916420, "images": [{"architecture": "arm64", "features": "", "variant": null, "digest": "sha256:ba8d8489ab2d68434b53cd3f2d13a6d05db8b3a295572957104a2e4851812e21", "os": "linux", "os_features": "", "os_version": null, "size": 211058188, "status": "active", "last_pulled": "2024-01-20T08:01:32.266515Z", "last_pushed": "2022-09-12T22:28:06.453547Z"}, {"architecture": "amd64", "features": "", "variant": null, "digest": "sha256:aed85599f5000979c28c8b2fea7d685a0f2c60810df819973b1fb8e8dc5d7206", "os": "linux", "os_features": "", "os_version": null, "size": 211241146, "status": "active", "last_pulled": "2024-01-20T09:36:48.267497Z", "last_pushed": "2022-09-12T22:28:06.165131Z"}], "last_updated": "2022-09-12T22:28:06.940321Z", "last_updater": 3696426, "last_updater_username": "amazondynamodb", "name": "1.20.0", "repository": 5921406, "full_size": 211058188, "v2": true, "tag_status": "active", "tag_last_pulled": "2024-01-20T09:36:48.267497Z", "tag_last_pushed": "2022-09-12T22:28:06.940321Z", "media_type": "application/vnd.docker.distribution.manifest.list.v2+json", "content_type": "image", "digest": "sha256:1ed00881c937310f68f1e556b016af4f3bde711673ced3fbee355941b4c92151"}, {"creator": 3696426, "id": 269620554, "images": [{"architecture": "arm64", "features": "", "variant": null, "digest": "sha256:f76a8918c3075148dd502dc6579216ea16ffa0c0f3dd6d3ff622fe34727bdea5", "os": "linux", "os_features": "", "os_version": null, "size": 222414136, "status": "active", "last_pulled": "2024-01-19T22:07:31.640472Z", "last_pushed": "2022-08-10T06:08:51.73983Z"}, {"architecture": "amd64", "features": "", "variant": null, "digest": "sha256:675b05566ff1b4f978ce756e1a981f62064296115bf1b4c201e4820941743174", "os": "linux", "os_features": "", "os_version": null, "size": 222304153, "status": "active", "last_pulled": "2024-01-20T07:17:47.697766Z", "last_pushed": "2022-08-10T06:08:52.094804Z"}], "last_updated": "2022-08-10T06:08:52.645318Z", "last_updater": 3696426, "last_updater_username": "amazondynamodb", "name": "1.19.0", "repository": 5921406, "full_size": 222414136, "v2": true, "tag_status": "active", "tag_last_pulled": "2024-01-20T08:54:35.77327Z", "tag_last_pushed": "2022-08-10T06:08:52.645318Z", "media_type": "application/vnd.docker.distribution.manifest.list.v2+json", "content_type": "image", "digest": "sha256:b0e6d35e4a783a6a7e86a26085b1f05e35910e5ca84c9c807f3164ec2da286e3"}, {"creator": 3696426, "id": 186178636, "images": [{"architecture": "amd64", "features": "", "variant": null, "digest": "sha256:083b4cb70bd24421db50271342405a8879cc931cc58cdffe4e96259a13a933a5", "os": "linux", "os_features": "", "os_version": null, "size": 208559873, "status": "active", "last_pulled": "2024-01-20T09:42:27.386337Z", "last_pushed": "2022-01-12T20:12:45.684002Z"}, {"architecture": "arm64", "features": "", "variant": null, "digest": "sha256:5bd3bc1374ef417603769c3b1956f8b400c8f32fffb4fb4cfa9ff152c7c4bb9d", "os": "linux", "os_features": "", "os_version": null, "size": 208330357, "status": "active", "last_pulled": "2024-01-20T01:46:29.621015Z", "last_pushed": "2022-01-12T20:12:46.093253Z"}], "last_updated": "2022-01-12T20:12:46.414605Z", "last_updater": 3696426, "last_updater_username": "amazondynamodb", "name": "1.18.0", "repository": 5921406, "full_size": 208330357, "v2": true, "tag_status": "active", "tag_last_pulled": "2024-01-20T09:42:27.386337Z", "tag_last_pushed": "2022-01-12T20:12:46.414605Z", "media_type": "application/vnd.docker.distribution.manifest.list.v2+json", "content_type": "image"}, {"creator": 3696426, "id": 183261757, "images": [{"architecture": "arm64", "features": "", "variant": null, "digest": "sha256:4bbd91dcdb90b65147660e9271201ee7c03bfa8c8f86bc8f685643b5ff799fbd", "os": "linux", "os_features": "", "os_version": null, "size": 255968221, "status": "active", "last_pulled": "2024-01-19T18:29:34.694036Z", "last_pushed": "2021-12-17T21:57:30.987819Z"}, {"architecture": "amd64", "features": "", "variant": null, "digest": "sha256:5efdd6f2f2e5b6d6a723e4791b7f32e30445357242b19ef2bb7bacbe3486a14a", "os": "linux", "os_features": "", "os_version": null, "size": 255192977, "status": "active", "last_pulled": "2024-01-20T04:08:13.694407Z", "last_pushed": "2021-12-17T21:57:30.714986Z"}], "last_updated": "2021-12-17T21:57:31.255553Z", "last_updater": 3696426, "last_updater_username": "amazondynamodb", "name": "1.17.2", "repository": 5921406, "full_size": 255968221, "v2": true, "tag_status": "active", "tag_last_pulled": "2024-01-20T04:08:13.694407Z", "tag_last_pushed": "2021-12-17T21:57:31.255553Z", "media_type": "application/vnd.docker.distribution.manifest.list.v2+json", "content_type": "image"}, {"creator": 3696426, "id": 181926285, "images": [{"architecture": "arm64", "features": "", "variant": null, "digest": "sha256:94c43d9ec73267e7e332e4b6f99acf3c24a70e5031a70266ead9805747dac4a6", "os": "linux", "os_features": "", "os_version": null, "size": 250663532, "status": "active", "last_pulled": "2024-01-19T18:28:50.177448Z", "last_pushed": "2021-12-10T22:37:20.207214Z"}, {"architecture": "amd64", "features": "", "variant": null, "digest": "sha256:af7dee9951a8d2755154bca4d92d796fdda55455f47598acbe47cca2f8ff752d", "os": "linux", "os_features": "", "os_version": null, "size": 249888311, "status": "active", "last_pulled": "2024-01-20T04:12:24.01835Z", "last_pushed": "2021-12-10T22:37:20.339296Z"}], "last_updated": "2021-12-10T22:37:20.540249Z", "last_updater": 3696426, "last_updater_username": "amazondynamodb", "name": "1.17.1", "repository": 5921406, "full_size": 250663532, "v2": true, "tag_status": "active", "tag_last_pulled": "2024-01-20T04:12:24.01835Z", "tag_last_pushed": "2021-12-10T22:37:20.540249Z", "media_type": "application/vnd.docker.distribution.manifest.list.v2+json", "content_type": "image"}, {"creator": 3696426, "id": 171534715, "images": [{"architecture": "amd64", "features": "", "variant": null, "digest": "sha256:9d9253af53bfbf74df53715a36327a9b75881b6bde8d624614ae4e8f0ee8a73d", "os": "linux", "os_features": "", "os_version": null, "size": 249660642, "status": "active", "last_pulled": "2024-01-20T04:12:16.338929Z", "last_pushed": "2021-10-12T00:30:33.394929Z"}, {"architecture": "arm64", "features": "", "variant": null, "digest": "sha256:05f57e42b5c1e82a3774615c44e416fff72a6ab1b73def03a4733d87b4cf137a", "os": "linux", "os_features": "", "os_version": null, "size": 250581045, "status": "active", "last_pulled": "2024-01-19T18:28:00.59623Z", "last_pushed": "2021-10-12T00:30:33.156357Z"}], "last_updated": "2021-10-12T00:30:33.636859Z", "last_updater": 3696426, "last_updater_username": "amazondynamodb", "name": "1.17.0", "repository": 5921406, "full_size": 250581045, "v2": true, "tag_status": "active", "tag_last_pulled": "2024-01-20T04:12:16.338929Z", "tag_last_pushed": "2021-10-12T00:30:33.636859Z", "media_type": "application/vnd.docker.distribution.manifest.list.v2+json", "content_type": "image"}, {"creator": 3696426, "id": 148145686, "images": [{"architecture": "amd64", "features": "", "variant": null, "digest": "sha256:aa3128debb782f5ad08cf540455b067c8da50a711d34e91d0683cde2050efd47", "os": "linux", "os_features": "", "os_version": null, "size": 251369461, "status": "active", "last_pulled": "2024-01-20T09:26:35.677623Z", "last_pushed": "2021-05-03T19:15:14.469269Z"}, {"architecture": "arm64", "features": "", "variant": null, "digest": "sha256:0c8f11e69ccf895c7ec97a7c9991d4654971f0e5e3ae42292de1c514f3e03cfa", "os": "linux", "os_features": "", "os_version": null, "size": 252403682, "status": "active", "last_pulled": "2024-01-20T03:25:06.716977Z", "last_pushed": "2021-05-03T19:15:14.736609Z"}], "last_updated": "2021-05-03T19:15:13.743969Z", "last_updater": 3696426, "last_updater_username": "amazondynamodb", "name": "1.16.0", "repository": 5921406, "full_size": 252403682, "v2": true, "tag_status": "active", "tag_last_pulled": "2024-01-20T09:26:35.677623Z", "tag_last_pushed": "2021-05-03T19:15:13.743969Z", "media_type": "application/vnd.docker.distribution.manifest.list.v2+json", "content_type": "image"}, {"creator": 3696426, "id": 136731003, "images": [{"architecture": "amd64", "features": "", "variant": null, "digest": "sha256:24e20c943856246cf5b0d75aa893faec0bd69dbbfbb501de897ad3c366636d6e", "os": "linux", "os_features": "", "os_version": null, "size": 243157836, "status": "active", "last_pulled": "2024-01-20T08:14:42.989759Z", "last_pushed": "2021-02-08T21:02:57.793302Z"}, {"architecture": "arm64", "features": "", "variant": null, "digest": "sha256:093aeb28ba4391224c986aad5371950ff2e363fa46262c7d3f3e40f95bbf0c92", "os": "linux", "os_features": "", "os_version": null, "size": 244207750, "status": "active", "last_pulled": "2024-01-19T23:55:41.622664Z", "last_pushed": "2021-02-08T21:02:57.542147Z"}], "last_updated": "2021-02-08T21:02:56.701437Z", "last_updater": 3696426, "last_updater_username": "amazondynamodb", "name": "1.15.0", "repository": 5921406, "full_size": 244207750, "v2": true, "tag_status": "active", "tag_last_pulled": "2024-01-20T08:14:42.989759Z", "tag_last_pushed": "2021-02-08T21:02:56.701437Z", "media_type": "application/vnd.docker.distribution.manifest.list.v2+json", "content_type": "image"}, {"creator": 3696426, "id": 130999879, "images": [{"architecture": "arm64", "features": "", "variant": null, "digest": "sha256:ad616c74610a98fc57ea6fff9ee48ae77bc14a9b1f58321c23186289fd82acf3", "os": "linux", "os_features": "", "os_version": null, "size": 231635565, "status": "active", "last_pulled": "2024-01-19T18:26:26.147016Z", "last_pushed": "2020-12-21T20:32:08.103432Z"}, {"architecture": "amd64", "features": "", "variant": null, "digest": "sha256:062f2620baad38a11f871b657c1182534a3be0127d3bb69e1fb7c1b765dffd89", "os": "linux", "os_features": "", "os_version": null, "size": 230585642, "status": "active", "last_pulled": "2024-01-20T07:18:33.793442Z", "last_pushed": "2020-12-21T20:32:08.464113Z"}], "last_updated": "2020-12-21T20:32:07.154904Z", "last_updater": 3696426, "last_updater_username": "amazondynamodb", "name": "1.13.6", "repository": 5921406, "full_size": 231635565, "v2": true, "tag_status": "active", "tag_last_pulled": "2024-01-20T07:18:33.793442Z", "tag_last_pushed": "2020-12-21T20:32:07.154904Z", "media_type": "application/vnd.docker.distribution.manifest.list.v2+json", "content_type": "image"}, {"creator": 3696426, "id": 121636101, "images": [{"architecture": "arm64", "features": "", "variant": null, "digest": "sha256:d39583bcf1a5aab6e9276e15ff681c83f2dac055e1d6604bc0dcd0092c305911", "os": "linux", "os_features": "", "os_version": null, "size": 227325749, "status": "active", "last_pulled": "2024-01-20T08:06:39.811808Z", "last_pushed": "2020-10-15T22:27:26.63638Z"}, {"architecture": "amd64", "features": "", "variant": null, "digest": "sha256:b845d71a32c6b3b404c14426d86885cd3879f5b93d0f5d8c4e9d28f5c33cd4b5", "os": "linux", "os_features": "", "os_version": null, "size": 226501175, "status": "active", "last_pulled": "2024-01-20T08:44:58.003579Z", "last_pushed": "2020-10-15T22:27:25.190466Z"}], "last_updated": "2020-10-15T21:51:45.092526Z", "last_updater": 3696426, "last_updater_username": "amazondynamodb", "name": "1.13.5", "repository": 5921406, "full_size": 227325749, "v2": true, "tag_status": "active", "tag_last_pulled": "2024-01-20T08:44:58.003579Z", "tag_last_pushed": "2020-10-15T21:51:45.092526Z", "media_type": "application/vnd.docker.distribution.manifest.list.v2+json", "content_type": "image"}, {"creator": 3696426, "id": 117294166, "images": [{"architecture": "amd64", "features": "", "variant": null, "digest": "sha256:7d2178aa20b7a87a05af38cad98b06eedab9dcd4842c8d5290959e4732e63bf2", "os": "linux", "os_features": "", "os_version": null, "size": 241696803, "status": "active", "last_pulled": "2024-01-20T08:38:15.502048Z", "last_pushed": "2020-09-14T23:47:39.159792Z"}], "last_updated": "2020-09-14T23:47:32.043505Z", "last_updater": 3696426, "last_updater_username": "amazondynamodb", "name": "1.13.4", "repository": 5921406, "full_size": 241696803, "v2": true, "tag_status": "active", "tag_last_pulled": "2024-01-20T08:38:15.502048Z", "tag_last_pushed": "2020-09-14T23:47:32.043505Z", "media_type": "application/vnd.docker.container.image.v1+json", "content_type": "image"}, {"creator": 3696426, "id": 114527695, "images": [{"architecture": "amd64", "features": "", "variant": null, "digest": "sha256:3bf539a420178b89f9dc696f5883cf889f11e381ffb25a7e18f01ba685f4f752", "os": "linux", "os_features": "", "os_version": null, "size": 241709405, "status": "active", "last_pulled": "2024-01-20T06:16:47.971868Z", "last_pushed": null}], "last_updated": "2020-08-24T20:23:28.668671Z", "last_updater": 3696426, "last_updater_username": "amazondynamodb", "name": "1.13.3", "repository": 5921406, "full_size": 241709405, "v2": true, "tag_status": "active", "tag_last_pulled": "2024-01-20T06:16:47.971868Z", "tag_last_pushed": "2020-08-24T20:23:28.668671Z", "media_type": "application/vnd.docker.container.image.v1+json", "content_type": "image"}, {"creator": 3696426, "id": 110617694, "images": [{"architecture": "amd64", "features": "", "variant": null, "digest": "sha256:c8aeb014edfff8b93d7f14054cb9d2a1be214d62b7c5b61eb7fb40893a8404bb", "os": "linux", "os_features": "", "os_version": null, "size": 241583255, "status": "active", "last_pulled": "2024-01-20T08:14:00.792375Z", "last_pushed": null}], "last_updated": "2020-07-27T19:54:05.571942Z", "last_updater": 3696426, "last_updater_username": "amazondynamodb", "name": "1.13.2", "repository": 5921406, "full_size": 241583255, "v2": true, "tag_status": "active", "tag_last_pulled": "2024-01-20T08:14:00.792375Z", "tag_last_pushed": "2020-07-27T19:54:05.571942Z", "media_type": "application/vnd.docker.container.image.v1+json", "content_type": "image"}, {"creator": 3696426, "id": 102738107, "images": [{"architecture": "amd64", "features": "", "variant": null, "digest": "sha256:648d5f0a5eb96b789040dcc56256a5b16a4097722327e7c8e1598daaa2fde385", "os": "linux", "os_features": "", "os_version": null, "size": 241585141, "status": "active", "last_pulled": "2024-01-20T08:47:02.099077Z", "last_pushed": null}], "last_updated": "2020-05-31T01:09:52.72771Z", "last_updater": 3696426, "last_updater_username": "amazondynamodb", "name": "1.13.1", "repository": 5921406, "full_size": 241585141, "v2": true, "tag_status": "active", "tag_last_pulled": "2024-01-20T08:47:02.099077Z", "tag_last_pushed": "2020-05-31T01:09:52.72771Z", "media_type": "application/vnd.docker.container.image.v1+json", "content_type": "image"}, {"creator": 3696426, "id": 101356206, "images": [{"architecture": "amd64", "features": "", "variant": null, "digest": "sha256:df8bdbc5c809834f143bde4f94f8ef41a96014f0838f670bb66c6b614aa0df35", "os": "linux", "os_features": "", "os_version": null, "size": 241554875, "status": "active", "last_pulled": "2024-01-20T08:43:02.549554Z", "last_pushed": null}], "last_updated": "2020-05-20T23:28:25.248769Z", "last_updater": 3696426, "last_updater_username": "amazondynamodb", "name": "1.13.0", "repository": 5921406, "full_size": 241554875, "v2": true, "tag_status": "active", "tag_last_pulled": "2024-01-20T08:43:02.549554Z", "tag_last_pushed": "2020-05-20T23:28:25.248769Z", "media_type": "application/vnd.docker.container.image.v1+json", "content_type": "image"}, {"creator": 3696426, "id": 84056018, "images": [{"architecture": "amd64", "features": "", "variant": null, "digest": "sha256:8414d80019b0502742c98e66ea22780f99c9d7c118696dc78eef7867a705e7bb", "os": "linux", "os_features": "", "os_version": null, "size": 238817565, "status": "active", "last_pulled": "2024-01-20T06:55:43.308315Z", "last_pushed": null}], "last_updated": "2020-01-25T05:15:08.053889Z", "last_updater": 3696426, "last_updater_username": "amazondynamodb", "name": "1.12.0", "repository": 5921406, "full_size": 238817565, "v2": true, "tag_status": "active", "tag_last_pulled": "2024-01-20T06:55:43.308315Z", "tag_last_pushed": "2020-01-25T05:15:08.053889Z", "media_type": "application/vnd.docker.container.image.v1+json", "content_type": "image"}, {"creator": 3696426, "id": 46425898, "images": [{"architecture": "amd64", "features": "", "variant": null, "digest": "sha256:d0e7e8b4a50ae240e50888f4efe46bbad5583ff1f384e522717aeb981d417e10", "os": "linux", "os_features": "", "os_version": null, "size": 200513326, "status": "inactive", "last_pulled": null, "last_pushed": null}], "last_updated": "2019-02-08T00:50:49.254926Z", "last_updater": 3696426, "last_updater_username": "amazondynamodb", "name": "1.11.477", "repository": 5921406, "full_size": 200513326, "v2": true, "tag_status": "inactive", "tag_last_pulled": null, "tag_last_pushed": "2019-02-08T00:50:49.254926Z", "media_type": "application/vnd.docker.container.image.v1+json", "content_type": "image"}, {"creator": 3696426, "id": 46112191, "images": [{"architecture": "amd64", "features": "", "variant": null, "digest": "sha256:cb25ff0800daac4feb86fc70dd1731903f91f2c2243e131e83e4e6e6a3f623b4", "os": "linux", "os_features": "", "os_version": null, "size": 200512642, "status": "inactive", "last_pulled": null, "last_pushed": null}], "last_updated": "2019-02-04T21:50:57.579897Z", "last_updater": 3696426, "last_updater_username": "amazondynamodb", "name": "1.11.475", "repository": 5921406, "full_size": 200512642, "v2": true, "tag_status": "inactive", "tag_last_pulled": null, "tag_last_pushed": "2019-02-04T21:50:57.579897Z", "media_type": "application/vnd.docker.container.image.v1+json", "content_type": "image"}, {"creator": 3696426, "id": 33667105, "images": [{"architecture": "amd64", "features": "", "variant": null, "digest": "sha256:1ed323ca0f03839ee8495e6a86bd4d97e1048ac832acf9e6a16af7ec77d3d423", "os": "linux", "os_features": "", "os_version": null, "size": 542022730, "status": "inactive", "last_pulled": null, "last_pushed": null}], "last_updated": "2018-08-22T16:30:18.165873Z", "last_updater": 3696426, "last_updater_username": "amazondynamodb", "name": "1.11.119-sources", "repository": 5921406, "full_size": 542022730, "v2": true, "tag_status": "inactive", "tag_last_pulled": null, "tag_last_pushed": "2018-08-22T16:30:18.165873Z", "media_type": "application/vnd.docker.container.image.v1+json", "content_type": "image"}, {"creator": 3696426, "id": 33667043, "images": [{"architecture": "amd64", "features": "", "variant": null, "digest": "sha256:26ea09a4a6804345876fe3403c1113f6596f63e027baca54b98c91f60bfc4e4d", "os": "linux", "os_features": "", "os_version": null, "size": 176831119, "status": "inactive", "last_pulled": null, "last_pushed": null}], "last_updated": "2018-08-22T16:29:28.433111Z", "last_updater": 3696426, "last_updater_username": "amazondynamodb", "name": "1.11.119", "repository": 5921406, "full_size": 176831119, "v2": true, "tag_status": "inactive", "tag_last_pulled": null, "tag_last_pushed": "2018-08-22T16:29:28.433111Z", "media_type": "application/vnd.docker.container.image.v1+json", "content_type": "image"}]