[{"creator": 434552, "id": 5059471, "images": [{"architecture": "amd64", "features": "", "variant": null, "digest": "sha256:0ef6f3828e7b6d88c47483fe698b5315fb55f4eb060b2ba92cabd62e95d93fff", "os": "linux", "os_features": "", "os_version": null, "size": 25486395, "status": "active", "last_pulled": "2024-01-20T08:53:56.728819Z", "last_pushed": null}], "last_updated": "2016-11-17T22:34:36.735499Z", "last_updater": 434552, "last_updater_username": "bitbucketci", "name": "latest", "repository": 939479, "full_size": 25486395, "v2": true, "tag_status": "active", "tag_last_pulled": "2024-01-20T08:53:56.728819Z", "tag_last_pushed": "2016-11-17T22:34:36.735499Z", "media_type": "application/vnd.docker.container.image.v1+json", "content_type": "image"}, {"creator": 434552, "id": 15093141, "images": [{"architecture": "amd64", "features": "", "variant": null, "digest": "sha256:d8c602d6ed2a63d3656a63fe60ecc99f51bb8b2b0ffcb9413edcc6dbb950f286", "os": "linux", "os_features": "", "os_version": null, "size": 28470227, "status": "active", "last_pulled": "2024-01-05T20:55:26.214722Z", "last_pushed": null}], "last_updated": "2019-11-07T23:44:38.622451Z", "last_updater": 434552, "last_updater_username": "bitbucketci", "name": "prod-stable", "repository": 939479, "full_size": 28470227, "v2": true, "tag_status": "active", "tag_last_pulled": "2024-01-05T20:55:26.214722Z", "tag_last_pushed": "2019-11-07T23:44:38.622451Z", "media_type": "application/vnd.docker.container.image.v1+json", "content_type": "image"}, {"creator": 434552, "id": 15093140, "images": [{"architecture": "amd64", "features": "", "variant": null, "digest": "sha256:d8c602d6ed2a63d3656a63fe60ecc99f51bb8b2b0ffcb9413edcc6dbb950f286", "os": "linux", "os_features": "", "os_version": null, "size": 28470227, "status": "active", "last_pulled": "2024-01-05T20:55:26.214722Z", "last_pushed": null}], "last_updated": "2019-11-07T23:44:34.993046Z", "last_updater": 434552, "last_updater_username": "bitbucketci", "name": "prod-beta", "repository": 939479, "full_size": 28470227, "v2": true, "tag_status": "active", "tag_last_pulled": "2024-01-05T20:55:26.214722Z", "tag_last_pushed": "2019-11-07T23:44:34.993046Z", "media_type": "application/vnd.docker.container.image.v1+json", "content_type": "image"}, {"creator": 434552, "id": 15093031, "images": [{"architecture": "amd64", "features": "", "variant": null, "digest": "sha256:d8c602d6ed2a63d3656a63fe60ecc99f51bb8b2b0ffcb9413edcc6dbb950f286", "os": "linux", "os_features": "", "os_version": null, "size": 28470227, "status": "active", "last_pulled": "2024-01-05T20:55:26.214722Z", "last_pushed": null}], "last_updated": "2019-11-07T23:43:19.214785Z", "last_updater": 434552, "last_updater_username": "bitbucketci", "name": "stg-stable", "repository": 939479, "full_size": 28470227, "v2": true, "tag_status": "active", "tag_last_pulled": "2024-01-05T20:55:26.214722Z", "tag_last_pushed": "2019-11-07T23:43:19.214785Z", "media_type": "application/vnd.docker.container.image.v1+json", "content_type": "image"}, {"creator": 434552, "id": 15093030, "images": [{"architecture": "amd64", "features": "", "variant": null, "digest": "sha256:d8c602d6ed2a63d3656a63fe60ecc99f51bb8b2b0ffcb9413edcc6dbb950f286", "os": "linux", "os_features": "", "os_version": null, "size": 28470227, "status": "active", "last_pulled": "2024-01-05T20:55:26.214722Z", "last_pushed": null}], "last_updated": "2019-11-07T23:43:15.967739Z", "last_updater": 434552, "last_updater_username": "bitbucketci", "name": "stg-beta", "repository": 939479, "full_size": 28470227, "v2": true, "tag_status": "active", "tag_last_pulled": "2024-01-05T20:55:26.214722Z", "tag_last_pushed": "2019-11-07T23:43:15.967739Z", "media_type": "application/vnd.docker.container.image.v1+json", "content_type": "image"}, {"creator": 434552, "id": 15092996, "images": [{"architecture": "amd64", "features": "", "variant": null, "digest": "sha256:d8c602d6ed2a63d3656a63fe60ecc99f51bb8b2b0ffcb9413edcc6dbb950f286", "os": "linux", "os_features": "", "os_version": null, "size": 28470227, "status": "active", "last_pulled": "2024-01-05T20:55:26.214722Z", "last_pushed": null}], "last_updated": "2019-11-07T23:41:25.785459Z", "last_updater": 434552, "last_updater_username": "bitbucketci", "name": "ddev-stable", "repository": 939479, "full_size": 28470227, "v2": true, "tag_status": "active", "tag_last_pulled": "2024-01-05T20:55:26.214722Z", "tag_last_pushed": "2019-11-07T23:41:25.785459Z", "media_type": "application/vnd.docker.container.image.v1+json", "content_type": "image"}, {"creator": 434552, "id": 15092995, "images": [{"architecture": "amd64", "features": "", "variant": null, "digest": "sha256:d8c602d6ed2a63d3656a63fe60ecc99f51bb8b2b0ffcb9413edcc6dbb950f286", "os": "linux", "os_features": "", "os_version": null, "size": 28470227, "status": "active", "last_pulled": "2024-01-05T20:55:26.214722Z", "last_pushed": null}], "last_updated": "2019-11-07T23:41:16.328168Z", "last_updater": 434552, "last_updater_username": "bitbucketci", "name": "ddev-beta", "repository": 939479, "full_size": 28470227, "v2": true, "tag_status": "active", "tag_last_pulled": "2024-01-05T20:55:26.214722Z", "tag_last_pushed": "2019-11-07T23:41:16.328168Z", "media_type": "application/vnd.docker.container.image.v1+json", "content_type": "image"}, {"creator": 434552, "id": 6210585, "images": [{"architecture": "amd64", "features": "", "variant": null, "digest": "sha256:0ef6f3828e7b6d88c47483fe698b5315fb55f4eb060b2ba92cabd62e95d93fff", "os": "linux", "os_features": "", "os_version": null, "size": 25486395, "status": "active", "last_pulled": "2024-01-20T08:53:56.728819Z", "last_pushed": null}], "last_updated": "2016-11-17T22:34:35.79521Z", "last_updater": 434552, "last_updater_username": "bitbucketci", "name": "1.13", "repository": 939479, "full_size": 25486395, "v2": true, "tag_status": "active", "tag_last_pulled": "2024-01-20T08:53:56.728819Z", "tag_last_pushed": "2016-11-17T22:34:35.79521Z", "media_type": "application/vnd.docker.container.image.v1+json", "content_type": "image"}, {"creator": 434552, "id": 5059470, "images": [{"architecture": "amd64", "features": "", "variant": null, "digest": "sha256:6591112cd8765295d1c44f4bd8be655a4033eb42297071bb882fdf6213338bac", "os": "linux", "os_features": "", "os_version": null, "size": 25486586, "status": "active", "last_pulled": "2024-01-05T20:55:27.265753Z", "last_pushed": null}], "last_updated": "2016-09-26T04:38:25.94946Z", "last_updater": 434552, "last_updater_username": "bitbucketci", "name": "latest-stg-west", "repository": 939479, "full_size": 25486586, "v2": true, "tag_status": "active", "tag_last_pulled": "2024-01-05T20:55:27.265753Z", "tag_last_pushed": "2016-09-26T04:38:25.94946Z", "media_type": "application/vnd.docker.container.image.v1+json", "content_type": "image"}, {"creator": 434552, "id": 5059172, "images": [{"architecture": "amd64", "features": "", "variant": null, "digest": "sha256:6591112cd8765295d1c44f4bd8be655a4033eb42297071bb882fdf6213338bac", "os": "linux", "os_features": "", "os_version": null, "size": 25486586, "status": "active", "last_pulled": "2024-01-05T20:55:27.265753Z", "last_pushed": null}], "last_updated": "2016-09-26T04:34:00.555598Z", "last_updater": 434552, "last_updater_username": "bitbucketci", "name": "latest-ddev", "repository": 939479, "full_size": 25486586, "v2": true, "tag_status": "active", "tag_last_pulled": "2024-01-05T20:55:27.265753Z", "tag_last_pushed": "2016-09-26T04:34:00.555598Z", "media_type": "application/vnd.docker.container.image.v1+json", "content_type": "image"}, {"creator": 434552, "id": 5059439, "images": [{"architecture": "amd64", "features": "", "variant": null, "digest": "sha256:6591112cd8765295d1c44f4bd8be655a4033eb42297071bb882fdf6213338bac", "os": "linux", "os_features": "", "os_version": null, "size": 25486586, "status": "active", "last_pulled": "2024-01-05T20:55:27.265753Z", "last_pushed": null}], "last_updated": "2016-09-26T04:34:00.114177Z", "last_updater": 434552, "last_updater_username": "bitbucketci", "name": "1.12", "repository": 939479, "full_size": 25486586, "v2": true, "tag_status": "active", "tag_last_pulled": "2024-01-05T20:55:27.265753Z", "tag_last_pushed": "2016-09-26T04:34:00.114177Z", "media_type": "application/vnd.docker.container.image.v1+json", "content_type": "image"}]