[{"creator": 11638, "id": 119316935, "images": [{"architecture": "amd64", "features": "", "variant": null, "digest": "sha256:f460b9c94be6f82f7cb3d9e2ee2c48dbfcd978847c3250c89a7f4e4567cbcbda", "os": "linux", "os_features": "", "os_version": null, "size": 560696, "status": "active", "last_pulled": "2024-01-20T08:45:30.400224Z", "last_pushed": "2023-11-27T11:15:17.141964Z"}], "last_updated": "2023-11-27T11:15:17.141964Z", "last_updater": 28240, "last_updater_username": "docker", "name": "latest", "repository": 9928643, "full_size": 560696, "v2": true, "tag_status": "active", "tag_last_pulled": "2024-01-20T08:45:30.400224Z", "tag_last_pushed": "2023-11-27T11:15:17.141964Z", "media_type": "application/vnd.docker.container.image.v1+json", "content_type": "image", "digest": "sha256:f460b9c94be6f82f7cb3d9e2ee2c48dbfcd978847c3250c89a7f4e4567cbcbda"}, {"creator": 788441, "id": 123855210, "images": [{"architecture": "amd64", "features": "", "variant": null, "digest": "sha256:d7fb297faf83229eb460a595d9fa316899cb6c09564927ca2be827ec153f736c", "os": "linux", "os_features": "", "os_version": null, "size": 582732, "status": "active", "last_pulled": "2024-01-20T09:30:15.626485Z", "last_pushed": "2020-10-30T17:32:40.091284Z"}], "last_updated": "2020-10-30T17:32:40.091284Z", "last_updater": 788441, "last_updater_username": "gtardif", "name": "1.0", "repository": 9928643, "full_size": 582732, "v2": true, "tag_status": "active", "tag_last_pulled": "2024-01-20T09:30:15.626485Z", "tag_last_pushed": "2020-10-30T17:32:40.091284Z", "media_type": "application/vnd.docker.container.image.v1+json", "content_type": "image"}]