[{"creator": 4362, "id": 26126, "images": [{"architecture": "amd64", "features": "", "variant": null, "digest": "sha256:eb12107075737019dce2d795dd82f5a72197eb3c64b2140392eaad3ba3b8a34e", "os": "linux", "os_features": "", "os_version": null, "size": 30525033, "status": "inactive", "last_pulled": null, "last_pushed": null}], "last_updated": "2019-01-10T21:14:25.424359Z", "last_updater": 101120, "last_updater_username": "googleninja", "name": "latest", "repository": 22405, "full_size": 30525033, "v2": true, "tag_status": "inactive", "tag_last_pulled": "2024-01-20T08:57:49.727345Z", "tag_last_pushed": "2019-01-10T21:14:25.424359Z", "media_type": "application/vnd.docker.container.image.v1+json", "content_type": "image", "digest": "sha256:815386ebbe9a3490f38785ab11bda34ec8dacf4634af77b8912832d4f85dca04"}, {"creator": 4362, "id": 25975, "images": [{"architecture": "amd64", "features": "", "variant": null, "digest": "sha256:0f619c8d416ef2c9dc39ed468951f4d3e2020ce15ca7e5ac87fdfbd195187d5d", "os": "linux", "os_features": "", "os_version": null, "size": 734514861, "status": "active", "last_pulled": "2024-01-20T09:10:15.582987Z", "last_pushed": "2021-08-16T02:57:03.725493Z"}], "last_updated": "2021-08-16T02:57:03.725493Z", "last_updater": 213125, "last_updater_username": "cadvisorjenkinsbot", "name": "canary", "repository": 22405, "full_size": 734514861, "v2": true, "tag_status": "active", "tag_last_pulled": "2024-01-20T09:10:15.582987Z", "tag_last_pushed": "2021-08-16T02:57:03.725493Z", "media_type": "application/vnd.docker.container.image.v1+json", "content_type": "image", "digest": "sha256:0f619c8d416ef2c9dc39ed468951f4d3e2020ce15ca7e5ac87fdfbd195187d5d"}, {"creator": 101120, "id": 48178791, "images": [{"architecture": "amd64", "features": "", "variant": null, "digest": "sha256:752d61707eac173cfe56a23aa9de051597444286163667d60f8e6d4c63306472", "os": "linux", "os_features": "", "os_version": null, "size": 28316886, "status": "inactive", "last_pulled": null, "last_pushed": null}], "last_updated": "2019-02-27T18:41:52.963342Z", "last_updater": 101120, "last_updater_username": "googleninja", "name": "v0.33.0", "repository": 22405, "full_size": 28316886, "v2": true, "tag_status": "inactive", "tag_last_pulled": null, "tag_last_pushed": "2019-02-27T18:41:52.963342Z", "media_type": "application/vnd.docker.container.image.v1+json", "content_type": "image"}, {"creator": 101120, "id": 39794765, "images": [{"architecture": "amd64", "features": "", "variant": null, "digest": "sha256:eb12107075737019dce2d795dd82f5a72197eb3c64b2140392eaad3ba3b8a34e", "os": "linux", "os_features": "", "os_version": null, "size": 30525033, "status": "inactive", "last_pulled": null, "last_pushed": null}], "last_updated": "2018-11-12T21:59:29.903903Z", "last_updater": 101120, "last_updater_username": "googleninja", "name": "v0.32.0", "repository": 22405, "full_size": 30525033, "v2": true, "tag_status": "inactive", "tag_last_pulled": null, "tag_last_pushed": "2018-11-12T21:59:29.903903Z", "media_type": "application/vnd.docker.container.image.v1+json", "content_type": "image"}, {"creator": 101120, "id": 34802409, "images": [{"architecture": "amd64", "features": "", "variant": null, "digest": "sha256:a38f1319a42019efcad7c61e69d57fba5aa50b2c8300eb26158db443030eebca", "os": "linux", "os_features": "", "os_version": null, "size": 27440558, "status": "inactive", "last_pulled": null, "last_pushed": null}], "last_updated": "2018-09-07T23:10:05.948017Z", "last_updater": 101120, "last_updater_username": "googleninja", "name": "v0.31.0", "repository": 22405, "full_size": 27440558, "v2": true, "tag_status": "inactive", "tag_last_pulled": null, "tag_last_pushed": "2018-09-07T23:10:05.948017Z", "media_type": "application/vnd.docker.container.image.v1+json", "content_type": "image"}, {"creator": 101120, "id": 29634669, "images": [{"architecture": "amd64", "features": "", "variant": null, "digest": "sha256:683b9b4d200ed5aa91b9c7b97e60c65d04f51d75a2962dabb1454c2d50837da8", "os": "linux", "os_features": "", "os_version": null, "size": 24816240, "status": "inactive", "last_pulled": null, "last_pushed": null}], "last_updated": "2018-06-21T17:19:43.942213Z", "last_updater": 101120, "last_updater_username": "googleninja", "name": "v0.28.5", "repository": 22405, "full_size": 24816240, "v2": true, "tag_status": "inactive", "tag_last_pulled": null, "tag_last_pushed": "2018-06-21T17:19:43.942213Z", "media_type": "application/vnd.docker.container.image.v1+json", "content_type": "image"}, {"creator": 101120, "id": 29633857, "images": [{"architecture": "amd64", "features": "", "variant": null, "digest": "sha256:80e8c78a19c07f03cfcfc020c8f2691d969fa847745eafe366b3ac6f6d199d5c", "os": "linux", "os_features": "", "os_version": null, "size": 24823606, "status": "inactive", "last_pulled": null, "last_pushed": null}], "last_updated": "2018-06-21T17:05:30.838608Z", "last_updater": 101120, "last_updater_username": "googleninja", "name": "v0.29.2", "repository": 22405, "full_size": 24823606, "v2": true, "tag_status": "inactive", "tag_last_pulled": null, "tag_last_pushed": "2018-06-21T17:05:30.838608Z", "media_type": "application/vnd.docker.container.image.v1+json", "content_type": "image"}, {"creator": 101120, "id": 29633053, "images": [{"architecture": "amd64", "features": "", "variant": null, "digest": "sha256:d32c4e2daa0c42930c26bd276653712270400fdc527895af78a932eff86b2cc8", "os": "linux", "os_features": "", "os_version": null, "size": 25743519, "status": "inactive", "last_pulled": null, "last_pushed": null}], "last_updated": "2018-06-21T16:52:55.262894Z", "last_updater": 101120, "last_updater_username": "googleninja", "name": "v0.30.2", "repository": 22405, "full_size": 25743519, "v2": true, "tag_status": "inactive", "tag_last_pulled": null, "tag_last_pushed": "2018-06-21T16:52:55.262894Z", "media_type": "application/vnd.docker.container.image.v1+json", "content_type": "image"}, {"creator": 101120, "id": 28621287, "images": [{"architecture": "amd64", "features": "", "variant": null, "digest": "sha256:cbf0dc77fda8378b8c6ca1325c839c619f918eabe4e939e6e8f75c6b78964352", "os": "linux", "os_features": "", "os_version": null, "size": 25750312, "status": "inactive", "last_pulled": null, "last_pushed": null}], "last_updated": "2018-06-05T18:30:08.04396Z", "last_updater": 101120, "last_updater_username": "googleninja", "name": "v0.30.0", "repository": 22405, "full_size": 25750312, "v2": true, "tag_status": "inactive", "tag_last_pulled": null, "tag_last_pushed": "2018-06-05T18:30:08.04396Z", "media_type": "application/vnd.docker.container.image.v1+json", "content_type": "image"}, {"creator": 101120, "id": 22586805, "images": [{"architecture": "amd64", "features": "", "variant": null, "digest": "sha256:4623226ef052e4cc20358b2880e6d35c6d90671aa27a013bf629c69a3e57db51", "os": "linux", "os_features": "", "os_version": null, "size": 24420506, "status": "inactive", "last_pulled": null, "last_pushed": null}], "last_updated": "2018-02-20T23:02:27.89054Z", "last_updater": 101120, "last_updater_username": "googleninja", "name": "v0.29.0", "repository": 22405, "full_size": 24420506, "v2": true, "tag_status": "inactive", "tag_last_pulled": null, "tag_last_pushed": "2018-02-20T23:02:27.89054Z", "media_type": "application/vnd.docker.container.image.v1+json", "content_type": "image"}, {"creator": 101120, "id": 20387093, "images": [{"architecture": "amd64", "features": "", "variant": null, "digest": "sha256:e77c6e4b8f70d304bc97fa227cddc3e6f03e079162ae63185d340cffa1133383", "os": "linux", "os_features": "", "os_version": null, "size": 23878124, "status": "inactive", "last_pulled": null, "last_pushed": null}], "last_updated": "2018-01-10T00:03:40.08242Z", "last_updater": 101120, "last_updater_username": "googleninja", "name": "v0.27.4", "repository": 22405, "full_size": 23878124, "v2": true, "tag_status": "inactive", "tag_last_pulled": null, "tag_last_pushed": "2018-01-10T00:03:40.08242Z", "media_type": "application/vnd.docker.container.image.v1+json", "content_type": "image"}, {"creator": 101120, "id": 19102441, "images": [{"architecture": "amd64", "features": "", "variant": null, "digest": "sha256:75f88e3ec333cbb410297e4f40297ac615e076b4a50aeeae49f287093ff01ab1", "os": "linux", "os_features": "", "os_version": null, "size": 24329610, "status": "inactive", "last_pulled": null, "last_pushed": null}], "last_updated": "2017-12-07T17:57:31.97253Z", "last_updater": 101120, "last_updater_username": "googleninja", "name": "v0.28.3", "repository": 22405, "full_size": 24329610, "v2": true, "tag_status": "inactive", "tag_last_pulled": null, "tag_last_pushed": "2017-12-07T17:57:31.97253Z", "media_type": "application/vnd.docker.container.image.v1+json", "content_type": "image"}, {"creator": 101120, "id": 17381098, "images": [{"architecture": "amd64", "features": "", "variant": null, "digest": "sha256:f3dc47cb6e70b933835eb9e4a8634eb8aabf1aee90f33570370c0a883400753b", "os": "linux", "os_features": "", "os_version": null, "size": 23556511, "status": "inactive", "last_pulled": null, "last_pushed": null}], "last_updated": "2017-11-27T18:11:39.223009Z", "last_updater": 101120, "last_updater_username": "googleninja", "name": "v0.26.3", "repository": 22405, "full_size": 23556511, "v2": true, "tag_status": "inactive", "tag_last_pulled": null, "tag_last_pushed": "2017-11-27T18:11:39.223009Z", "media_type": "application/vnd.docker.container.image.v1+json", "content_type": "image"}, {"creator": 101120, "id": 18546918, "images": [{"architecture": "amd64", "features": "", "variant": null, "digest": "sha256:64aa5b3694b28d45debd25f3d60d5bc689a99516d0219d30cbed08b8a843cb5f", "os": "linux", "os_features": "", "os_version": null, "size": 23873745, "status": "inactive", "last_pulled": null, "last_pushed": null}], "last_updated": "2017-11-27T18:06:51.977547Z", "last_updater": 101120, "last_updater_username": "googleninja", "name": "v0.27.3", "repository": 22405, "full_size": 23873745, "v2": true, "tag_status": "inactive", "tag_last_pulled": null, "tag_last_pushed": "2017-11-27T18:06:51.977547Z", "media_type": "application/vnd.docker.container.image.v1+json", "content_type": "image"}, {"creator": 101120, "id": 18341638, "images": [{"architecture": "amd64", "features": "", "variant": null, "digest": "sha256:73dc073220f61f0c5fe2822cd54c995027654ea6d9e146899436576ad586694c", "os": "linux", "os_features": "", "os_version": null, "size": 24324565, "status": "inactive", "last_pulled": null, "last_pushed": null}], "last_updated": "2017-11-22T00:36:09.824072Z", "last_updater": 101120, "last_updater_username": "googleninja", "name": "v0.28.2", "repository": 22405, "full_size": 24324565, "v2": true, "tag_status": "inactive", "tag_last_pulled": null, "tag_last_pushed": "2017-11-22T00:36:09.824072Z", "media_type": "application/vnd.docker.container.image.v1+json", "content_type": "image"}, {"creator": 101120, "id": 18277313, "images": [{"architecture": "amd64", "features": "", "variant": null, "digest": "sha256:5d5770903cdf5092e34663cf2b88f2cf251dbc64125b0fb4aed985ceaca5b244", "os": "linux", "os_features": "", "os_version": null, "size": 24323536, "status": "inactive", "last_pulled": null, "last_pushed": null}], "last_updated": "2017-11-20T23:17:56.893849Z", "last_updater": 101120, "last_updater_username": "googleninja", "name": "v0.28.1", "repository": 22405, "full_size": 24323536, "v2": true, "tag_status": "inactive", "tag_last_pulled": null, "tag_last_pushed": "2017-11-20T23:17:56.893849Z", "media_type": "application/vnd.docker.container.image.v1+json", "content_type": "image"}, {"creator": 101120, "id": 17598291, "images": [{"architecture": "amd64", "features": "", "variant": null, "digest": "sha256:d60fd8aeb74ccfc7a8916e1c6427163897421676a54dbad298e4b9f13173c69f", "os": "linux", "os_features": "", "os_version": null, "size": 23683209, "status": "inactive", "last_pulled": null, "last_pushed": null}], "last_updated": "2017-11-06T23:11:23.641736Z", "last_updater": 101120, "last_updater_username": "googleninja", "name": "v0.28.0", "repository": 22405, "full_size": 23683209, "v2": true, "tag_status": "inactive", "tag_last_pulled": null, "tag_last_pushed": "2017-11-06T23:11:23.641736Z", "media_type": "application/vnd.docker.container.image.v1+json", "content_type": "image"}, {"creator": 101120, "id": 16945467, "images": [{"architecture": "amd64", "features": "", "variant": null, "digest": "sha256:aee3090515dace7cfa9272b7e15e81e4b947eaa765b9c64036c9518c2d3dbca8", "os": "linux", "os_features": "", "os_version": null, "size": 23810679, "status": "inactive", "last_pulled": null, "last_pushed": null}], "last_updated": "2017-10-23T17:51:07.385643Z", "last_updater": 101120, "last_updater_username": "googleninja", "name": "v0.27.2", "repository": 22405, "full_size": 23810679, "v2": true, "tag_status": "inactive", "tag_last_pulled": null, "tag_last_pushed": "2017-10-23T17:51:07.385643Z", "media_type": "application/vnd.docker.container.image.v1+json", "content_type": "image"}, {"creator": 101120, "id": 14955588, "images": [{"architecture": "amd64", "features": "", "variant": null, "digest": "sha256:d572217243e9ece7df62bc56b982fb80febbfaee341c8a7f74b4a8c7b31f6986", "os": "linux", "os_features": "", "os_version": null, "size": 23419220, "status": "inactive", "last_pulled": null, "last_pushed": null}], "last_updated": "2017-09-06T23:39:37.714327Z", "last_updater": 101120, "last_updater_username": "googleninja", "name": "v0.27.1", "repository": 22405, "full_size": 23419220, "v2": true, "tag_status": "inactive", "tag_last_pulled": null, "tag_last_pushed": "2017-09-06T23:39:37.714327Z", "media_type": "application/vnd.docker.container.image.v1+json", "content_type": "image"}, {"creator": 101120, "id": 14790334, "images": [{"architecture": "amd64", "features": "", "variant": null, "digest": "sha256:bc11ca438489645fa6e25e9fe2b623afbdea21180e26e5627358842e2ab2f950", "os": "linux", "os_features": "", "os_version": null, "size": 23376053, "status": "inactive", "last_pulled": null, "last_pushed": null}], "last_updated": "2017-09-01T19:06:16.866728Z", "last_updater": 101120, "last_updater_username": "googleninja", "name": "v0.27.0", "repository": 22405, "full_size": 23376053, "v2": true, "tag_status": "inactive", "tag_last_pulled": null, "tag_last_pushed": "2017-09-01T19:06:16.866728Z", "media_type": "application/vnd.docker.container.image.v1+json", "content_type": "image"}, {"creator": 101120, "id": 12167014, "images": [{"architecture": "amd64", "features": "", "variant": null, "digest": "sha256:73eceaae464de9390bdb9837544f151bf8babd5e008ecd15d7f2353afbed5220", "os": "linux", "os_features": "", "os_version": null, "size": 23079851, "status": "inactive", "last_pulled": null, "last_pushed": null}], "last_updated": "2017-06-22T00:22:53.629258Z", "last_updater": 101120, "last_updater_username": "googleninja", "name": "v0.26.1", "repository": 22405, "full_size": 23079851, "v2": true, "tag_status": "inactive", "tag_last_pulled": null, "tag_last_pushed": "2017-06-22T00:22:53.629258Z", "media_type": "application/vnd.docker.container.image.v1+json", "content_type": "image"}, {"creator": 101120, "id": 8850030, "images": [{"architecture": "amd64", "features": "", "variant": null, "digest": "sha256:f9ba08bafdeaf8158b0c6dee1398bf023e7cb8f8505c0db0a65c1f7dd3dd8232", "os": "linux", "os_features": "", "os_version": null, "size": 22874995, "status": "inactive", "last_pulled": null, "last_pushed": null}], "last_updated": "2017-03-10T00:28:12.011979Z", "last_updater": 101120, "last_updater_username": "googleninja", "name": "v0.25.0", "repository": 22405, "full_size": 22874995, "v2": true, "tag_status": "inactive", "tag_last_pulled": null, "tag_last_pushed": "2017-03-10T00:28:12.011979Z", "media_type": "application/vnd.docker.container.image.v1+json", "content_type": "image"}, {"creator": 213125, "id": 6238856, "images": [{"architecture": "amd64", "features": "", "variant": null, "digest": "sha256:fe153dd2defc8db5582252b23dd48876341d0c5d520dd0e92cb8d2a8df41a79e", "os": "linux", "os_features": "", "os_version": null, "size": 290622803, "status": "inactive", "last_pulled": null, "last_pushed": null}], "last_updated": "2016-11-18T23:29:07.112573Z", "last_updater": 213125, "last_updater_username": "cadvisorjenkinsbot", "name": "fejta", "repository": 22405, "full_size": 290622803, "v2": true, "tag_status": "inactive", "tag_last_pulled": null, "tag_last_pushed": "2016-11-18T23:29:07.112573Z", "media_type": "application/vnd.docker.container.image.v1+json", "content_type": "image"}, {"creator": 101120, "id": 5358669, "images": [{"architecture": "amd64", "features": "", "variant": null, "digest": "sha256:cc8254dd08c6ff3e6521fab4fdd9cc361c704f2fa51007ce230035f0b391f118", "os": "linux", "os_features": "", "os_version": null, "size": 18761280, "status": "inactive", "last_pulled": null, "last_pushed": null}], "last_updated": "2016-10-10T20:43:25.045153Z", "last_updater": 101120, "last_updater_username": "googleninja", "name": "v0.24.1", "repository": 22405, "full_size": 18761280, "v2": true, "tag_status": "inactive", "tag_last_pulled": null, "tag_last_pushed": "2016-10-10T20:43:25.045153Z", "media_type": "application/vnd.docker.container.image.v1+json", "content_type": "image"}, {"creator": 101120, "id": 4934329, "images": [{"architecture": "amd64", "features": "", "variant": null, "digest": "sha256:106e303be3a42f4b896da911ff5d78700be093d8a74b8f3018245a6e46f91b38", "os": "linux", "os_features": "", "os_version": null, "size": 18755692, "status": "inactive", "last_pulled": null, "last_pushed": null}], "last_updated": "2016-09-19T21:26:39.534047Z", "last_updater": 101120, "last_updater_username": "googleninja", "name": "v0.24.0", "repository": 22405, "full_size": 18755692, "v2": true, "tag_status": "inactive", "tag_last_pulled": null, "tag_last_pushed": "2016-09-19T21:26:39.534047Z", "media_type": "application/vnd.docker.container.image.v1+json", "content_type": "image"}, {"creator": 101120, "id": 4445482, "images": [{"architecture": "amd64", "features": "", "variant": null, "digest": "sha256:2179f1b9c1e3d984d9c214c894264c9dba80d1517e3081a25a9be1664246003f", "os": "linux", "os_features": "", "os_version": null, "size": 18756322, "status": "inactive", "last_pulled": null, "last_pushed": null}], "last_updated": "2016-08-22T18:32:17.68678Z", "last_updater": 101120, "last_updater_username": "googleninja", "name": "v0.24.0-alpha1", "repository": 22405, "full_size": 18756322, "v2": true, "tag_status": "inactive", "tag_last_pulled": null, "tag_last_pushed": "2016-08-22T18:32:17.68678Z", "media_type": "application/vnd.docker.container.image.v1+json", "content_type": "image"}, {"creator": 101120, "id": 4121419, "images": [{"architecture": "amd64", "features": "", "variant": null, "digest": "sha256:533a7b5c4db62b7c861061fa15657ea5ef44bdba7e0326259c497270b96cdb27", "os": "linux", "os_features": "", "os_version": null, "size": 18703802, "status": "inactive", "last_pulled": null, "last_pushed": null}], "last_updated": "2016-08-02T21:40:24.468237Z", "last_updater": 101120, "last_updater_username": "googleninja", "name": "v0.23.8", "repository": 22405, "full_size": 18703802, "v2": true, "tag_status": "inactive", "tag_last_pulled": null, "tag_last_pushed": "2016-08-02T21:40:24.468237Z", "media_type": "application/vnd.docker.container.image.v1+json", "content_type": "image"}, {"creator": 101120, "id": 3090551, "images": [{"architecture": "amd64", "features": "", "variant": null, "os": "", "os_features": "", "os_version": null, "size": 19477984, "status": "inactive", "last_pulled": null, "last_pushed": null}], "last_updated": "2016-05-20T00:09:29.528186Z", "last_updater": 101120, "last_updater_username": "googleninja", "name": "v0.23.2", "repository": 22405, "full_size": 19477984, "v2": true, "tag_status": "inactive", "tag_last_pulled": null, "tag_last_pushed": "2016-05-20T00:09:29.528186Z", "media_type": "application/vnd.docker.distribution.manifest.v1+prettyjws", "content_type": "image"}, {"creator": 101120, "id": 2999554, "images": [{"architecture": "amd64", "features": "", "variant": null, "os": "", "os_features": "", "os_version": null, "size": 19446427, "status": "inactive", "last_pulled": null, "last_pushed": null}], "last_updated": "2016-05-12T18:55:39.537041Z", "last_updater": 101120, "last_updater_username": "googleninja", "name": "v0.23.1", "repository": 22405, "full_size": 19446427, "v2": true, "tag_status": "inactive", "tag_last_pulled": null, "tag_last_pushed": "2016-05-12T18:55:39.537041Z", "media_type": "application/vnd.docker.distribution.manifest.v1+prettyjws", "content_type": "image"}, {"creator": 20865, "id": 2857521, "images": [{"architecture": "amd64", "features": "", "variant": null, "digest": "sha256:3c1c4ac4e7a5fb30065af005b33248999f9c0bb0f5305b29ba8073b04d30d823", "os": "", "os_features": "", "os_version": null, "size": 19463088, "status": "active", "last_pulled": "2024-01-20T08:10:33.405186Z", "last_pushed": null}], "last_updated": "2016-05-01T23:15:21.249617Z", "last_updater": 20865, "last_updater_username": "vish", "name": "v0.23.0", "repository": 22405, "full_size": 19462992, "v2": true, "tag_status": "active", "tag_last_pulled": "2024-01-20T08:10:33.405186Z", "tag_last_pushed": "2016-05-01T23:15:21.249617Z", "media_type": "application/vnd.docker.distribution.manifest.v1+prettyjws", "content_type": "image"}, {"creator": 20865, "id": 2154541, "images": [{"architecture": "amd64", "features": "", "variant": null, "digest": "sha256:8380374ff13c38c86d14f469e26836a4a31c00c67c6ad2a28260f74d800191dc", "os": "", "os_features": "", "os_version": null, "size": 18779014, "status": "active", "last_pulled": "2024-01-20T08:10:34.320606Z", "last_pushed": null}], "last_updated": "2016-03-01T01:40:21.916366Z", "last_updater": 20865, "last_updater_username": "vish", "name": "v0.22.0", "repository": 22405, "full_size": 18778918, "v2": true, "tag_status": "active", "tag_last_pulled": "2024-01-20T08:10:34.320606Z", "tag_last_pushed": "2016-03-01T01:40:21.916366Z", "media_type": "application/vnd.docker.distribution.manifest.v1+prettyjws", "content_type": "image"}, {"creator": 20865, "id": 1911311, "images": [{"architecture": "amd64", "features": "", "variant": null, "digest": "sha256:8ab34c1acee901e2714eae19706707de34c83cb69ec2449d84091ef70210c632", "os": "", "os_features": "", "os_version": null, "size": 17422960, "status": "active", "last_pulled": "2024-01-20T08:10:35.14391Z", "last_pushed": null}], "last_updated": "2016-02-04T02:22:51.475377Z", "last_updater": 20865, "last_updater_username": "vish", "name": "v0.21.0", "repository": 22405, "full_size": 17422896, "v2": true, "tag_status": "active", "tag_last_pulled": "2024-01-20T08:10:35.14391Z", "tag_last_pushed": "2016-02-04T02:22:51.475377Z", "media_type": "application/vnd.docker.distribution.manifest.v1+prettyjws", "content_type": "image"}, {"creator": 20865, "id": 1374101, "images": [{"architecture": "amd64", "features": "", "variant": null, "digest": "sha256:c804795ff98fa5614b9064dc0c461daca83550ddeaddbb5b46adef49c7bd0ddb", "os": "", "os_features": "", "os_version": null, "size": 14558575, "status": "active", "last_pulled": "2024-01-20T08:10:36.257481Z", "last_pushed": null}], "last_updated": "2016-02-03T21:04:24.39291Z", "last_updater": 20865, "last_updater_username": "vish", "name": "0.19.3", "repository": 22405, "full_size": 14558511, "v2": true, "tag_status": "active", "tag_last_pulled": "2024-01-20T08:10:36.257481Z", "tag_last_pushed": "2016-02-03T21:04:24.39291Z", "media_type": "application/vnd.docker.distribution.manifest.v1+prettyjws", "content_type": "image", "digest": "sha256:c804795ff98fa5614b9064dc0c461daca83550ddeaddbb5b46adef49c7bd0ddb"}, {"creator": 20865, "id": 1908009, "images": [{"architecture": "amd64", "features": "", "variant": null, "digest": "sha256:e4fc8a6ec2b5ae1e5c2a011e6b6f78a09601dc505ab2eaf6bc1057fe495b555e", "os": "", "os_features": "", "os_version": null, "size": 17218457, "status": "active", "last_pulled": "2024-01-20T08:10:37.061732Z", "last_pushed": null}], "last_updated": "2016-02-03T20:50:34.149635Z", "last_updater": 20865, "last_updater_username": "vish", "name": "v0.20.5", "repository": 22405, "full_size": 17218393, "v2": true, "tag_status": "active", "tag_last_pulled": "2024-01-20T08:10:37.061732Z", "tag_last_pushed": "2016-02-03T20:50:34.149635Z", "media_type": "application/vnd.docker.distribution.manifest.v1+prettyjws", "content_type": "image"}, {"creator": 20865, "id": 1817908, "images": [{"architecture": "amd64", "features": "", "variant": null, "digest": "sha256:af2346d4ac0d7f4f02998471487e38079bd22e4f7ef0931890c2c27e982dce8a", "os": "", "os_features": "", "os_version": null, "size": 17216058, "status": "active", "last_pulled": "2024-01-20T08:10:38.49107Z", "last_pushed": null}], "last_updated": "2016-01-26T19:06:46.859381Z", "last_updater": 20865, "last_updater_username": "vish", "name": "v0.20.4", "repository": 22405, "full_size": 17215994, "v2": true, "tag_status": "active", "tag_last_pulled": "2024-01-20T08:10:38.49107Z", "tag_last_pushed": "2016-01-26T19:06:46.859381Z", "media_type": "application/vnd.docker.distribution.manifest.v1+prettyjws", "content_type": "image"}, {"creator": 20865, "id": 1818400, "images": [{"architecture": "amd64", "features": "", "variant": null, "digest": "sha256:6061c32b758a60991ac2cb4c95e1e14f09ba0019fb21af84f0f5e6b67ffa8bf5", "os": "", "os_features": "", "os_version": null, "size": 14614335, "status": "active", "last_pulled": "2024-01-20T08:10:38.928317Z", "last_pushed": null}], "last_updated": "2016-01-25T22:10:27.345062Z", "last_updater": 20865, "last_updater_username": "vish", "name": "v0.20.1", "repository": 22405, "full_size": 14614271, "v2": true, "tag_status": "active", "tag_last_pulled": "2024-01-20T08:10:38.928317Z", "tag_last_pushed": "2016-01-25T22:10:27.345062Z", "media_type": "application/vnd.docker.distribution.manifest.v1+prettyjws", "content_type": "image"}, {"creator": 4362, "id": 25971, "images": [{"architecture": "amd64", "features": "", "variant": null, "digest": "sha256:1d8c3b3af1f660c067e7c9722e4e166851cacff25c31180b0580e02d909129d8", "os": "", "os_features": "", "os_version": null, "size": 6055018, "status": "active", "last_pulled": "2024-01-20T08:10:39.692135Z", "last_pushed": null}], "last_updated": "2015-11-14T15:32:21.751097Z", "last_updater": 249422, "last_updater_username": "whesse", "name": "0.9.0", "repository": 22405, "full_size": 6054826, "v2": true, "tag_status": "active", "tag_last_pulled": "2024-01-20T08:10:39.692135Z", "tag_last_pushed": "2015-11-14T15:32:21.751097Z", "media_type": "application/vnd.docker.distribution.manifest.v1+prettyjws", "content_type": "image", "digest": "sha256:1d8c3b3af1f660c067e7c9722e4e166851cacff25c31180b0580e02d909129d8"}, {"creator": 4362, "id": 25980, "images": [{"architecture": "amd64", "features": "", "variant": null, "digest": "sha256:e398fa4d1b243d6d9c6461323c5b2baf6b371d7396df2999d653c6226598d312", "os": "", "os_features": "", "os_version": null, "size": 283902633, "status": "active", "last_pulled": "2024-01-20T08:10:40.402648Z", "last_pushed": null}], "last_updated": "2015-11-14T15:32:11.864791Z", "last_updater": 249422, "last_updater_username": "whesse", "name": "0.1.0", "repository": 22405, "full_size": 283902377, "v2": true, "tag_status": "active", "tag_last_pulled": "2024-01-20T08:10:40.402648Z", "tag_last_pushed": "2015-11-14T15:32:11.864791Z", "media_type": "application/vnd.docker.distribution.manifest.v1+prettyjws", "content_type": "image", "digest": "sha256:e398fa4d1b243d6d9c6461323c5b2baf6b371d7396df2999d653c6226598d312"}, {"creator": 4362, "id": 25988, "images": [{"architecture": "amd64", "features": "", "variant": null, "digest": "sha256:ca2d0107f4343b7efca21d667e8b1f84fcd5b6e35e071a9481ac5e6733c7d625", "os": "", "os_features": "", "os_version": null, "size": 253206079, "status": "active", "last_pulled": "2024-01-20T08:10:40.898266Z", "last_pushed": null}], "last_updated": "2015-11-14T15:29:20.608433Z", "last_updater": 249422, "last_updater_username": "whesse", "name": "0.1.1", "repository": 22405, "full_size": 245530047, "v2": true, "tag_status": "active", "tag_last_pulled": "2024-01-20T08:10:40.898266Z", "tag_last_pushed": "2015-11-14T15:29:20.608433Z", "media_type": "application/vnd.docker.distribution.manifest.v1+prettyjws", "content_type": "image", "digest": "sha256:ca2d0107f4343b7efca21d667e8b1f84fcd5b6e35e071a9481ac5e6733c7d625"}, {"creator": 4362, "id": 25997, "images": [{"architecture": "amd64", "features": "", "variant": null, "digest": "sha256:3a9222205e683be5304ce0e3173350469a2fdbbb49d462da4c4dd24558e1548b", "os": "", "os_features": "", "os_version": null, "size": 100920005, "status": "active", "last_pulled": "2024-01-20T08:10:41.766368Z", "last_pushed": null}], "last_updated": "2015-11-14T15:25:59.263996Z", "last_updater": 249422, "last_updater_username": "whesse", "name": "0.1.2", "repository": 22405, "full_size": 100919877, "v2": true, "tag_status": "active", "tag_last_pulled": "2024-01-20T08:10:41.766368Z", "tag_last_pushed": "2015-11-14T15:25:59.263996Z", "media_type": "application/vnd.docker.distribution.manifest.v1+prettyjws", "content_type": "image", "digest": "sha256:3a9222205e683be5304ce0e3173350469a2fdbbb49d462da4c4dd24558e1548b"}, {"creator": 4362, "id": 26059, "images": [{"architecture": "amd64", "features": "", "variant": null, "digest": "sha256:f91f5057231d170326e35c8160f7bbf25300754d8c739a65d1f730a7d3edf50b", "os": "", "os_features": "", "os_version": null, "size": 5893705, "status": "active", "last_pulled": "2024-01-20T08:10:42.295694Z", "last_pushed": null}], "last_updated": "2015-11-14T15:25:34.634861Z", "last_updater": 249422, "last_updater_username": "whesse", "name": "0.6.0", "repository": 22405, "full_size": 5893513, "v2": true, "tag_status": "active", "tag_last_pulled": "2024-01-20T08:10:42.295694Z", "tag_last_pushed": "2015-11-14T15:25:34.634861Z", "media_type": "application/vnd.docker.distribution.manifest.v1+prettyjws", "content_type": "image", "digest": "sha256:f91f5057231d170326e35c8160f7bbf25300754d8c739a65d1f730a7d3edf50b"}, {"creator": 4362, "id": 26029, "images": [{"architecture": "amd64", "features": "", "variant": null, "digest": "sha256:8355416b025891839d69b57f365a0a37dfff4c02860041cacd6dc1d6dd2a5c9f", "os": "", "os_features": "", "os_version": null, "size": 6093346, "status": "active", "last_pulled": "2024-01-20T08:10:42.799845Z", "last_pushed": null}], "last_updated": "2015-11-14T15:25:19.279842Z", "last_updater": 249422, "last_updater_username": "whesse", "name": "0.10.0", "repository": 22405, "full_size": 6093154, "v2": true, "tag_status": "active", "tag_last_pulled": "2024-01-20T08:10:42.799845Z", "tag_last_pushed": "2015-11-14T15:25:19.279842Z", "media_type": "application/vnd.docker.distribution.manifest.v1+prettyjws", "content_type": "image", "digest": "sha256:8355416b025891839d69b57f365a0a37dfff4c02860041cacd6dc1d6dd2a5c9f"}, {"creator": 4362, "id": 26039, "images": [{"architecture": "amd64", "features": "", "variant": null, "digest": "sha256:5b6c1cf69cc274e32034767d350a706271f5dcb17e870ced04eefdaacda0e588", "os": "", "os_features": "", "os_version": null, "size": 114515146, "status": "active", "last_pulled": "2024-01-20T08:10:43.243616Z", "last_pushed": null}], "last_updated": "2015-11-14T15:25:04.545751Z", "last_updater": 249422, "last_updater_username": "whesse", "name": "0.0.1", "repository": 22405, "full_size": 114514986, "v2": true, "tag_status": "active", "tag_last_pulled": "2024-01-20T08:10:43.243616Z", "tag_last_pushed": "2015-11-14T15:25:04.545751Z", "media_type": "application/vnd.docker.distribution.manifest.v1+prettyjws", "content_type": "image", "digest": "sha256:5b6c1cf69cc274e32034767d350a706271f5dcb17e870ced04eefdaacda0e588"}, {"creator": 4362, "id": 26078, "images": [{"architecture": "amd64", "features": "", "variant": null, "digest": "sha256:cbd7306cbbfa412269996f01f5219e482e7d46486a404b7fdd1a069fd23cc1f7", "os": "", "os_features": "", "os_version": null, "size": 5944735, "status": "active", "last_pulled": "2024-01-20T08:10:43.704007Z", "last_pushed": null}], "last_updated": "2015-11-14T15:23:22.83659Z", "last_updater": 249422, "last_updater_username": "whesse", "name": "0.7.1", "repository": 22405, "full_size": 5944543, "v2": true, "tag_status": "active", "tag_last_pulled": "2024-01-20T08:10:43.704007Z", "tag_last_pushed": "2015-11-14T15:23:22.83659Z", "media_type": "application/vnd.docker.distribution.manifest.v1+prettyjws", "content_type": "image", "digest": "sha256:cbd7306cbbfa412269996f01f5219e482e7d46486a404b7fdd1a069fd23cc1f7"}, {"creator": 4362, "id": 26022, "images": [{"architecture": "amd64", "features": "", "variant": null, "digest": "sha256:75ed3a4aa808ef757bdffb1650dc669cebea0f6e947285c7c5999b1119b71d7b", "os": "", "os_features": "", "os_version": null, "size": 6097098, "status": "active", "last_pulled": "2024-01-20T08:10:44.411146Z", "last_pushed": null}], "last_updated": "2015-11-14T15:23:10.196746Z", "last_updater": 249422, "last_updater_username": "whesse", "name": "0.10.1", "repository": 22405, "full_size": 6096906, "v2": true, "tag_status": "active", "tag_last_pulled": "2024-01-20T08:10:44.411146Z", "tag_last_pushed": "2015-11-14T15:23:10.196746Z", "media_type": "application/vnd.docker.distribution.manifest.v1+prettyjws", "content_type": "image", "digest": "sha256:75ed3a4aa808ef757bdffb1650dc669cebea0f6e947285c7c5999b1119b71d7b"}, {"creator": 4362, "id": 26072, "images": [{"architecture": "amd64", "features": "", "variant": null, "digest": "sha256:9f4e99263edc39a3f85cf064055e50d2e5921e4668d4d38bb911cfe3b5f4782f", "os": "", "os_features": "", "os_version": null, "size": 5930752, "status": "active", "last_pulled": "2024-01-20T08:10:45.119587Z", "last_pushed": null}], "last_updated": "2015-11-14T15:22:56.362955Z", "last_updater": 249422, "last_updater_username": "whesse", "name": "0.7.0", "repository": 22405, "full_size": 5930560, "v2": true, "tag_status": "active", "tag_last_pulled": "2024-01-20T08:10:45.119587Z", "tag_last_pushed": "2015-11-14T15:22:56.362955Z", "media_type": "application/vnd.docker.distribution.manifest.v1+prettyjws", "content_type": "image", "digest": "sha256:9f4e99263edc39a3f85cf064055e50d2e5921e4668d4d38bb911cfe3b5f4782f"}, {"creator": 4362, "id": 26098, "images": [{"architecture": "amd64", "features": "", "variant": null, "digest": "sha256:440644de49dda24a25a261572b14653102804a6cfec55563ddd090973936275d", "os": "", "os_features": "", "os_version": null, "size": 5549531, "status": "active", "last_pulled": "2024-01-20T08:10:45.638373Z", "last_pushed": null}], "last_updated": "2015-11-14T15:22:45.613837Z", "last_updater": 249422, "last_updater_username": "whesse", "name": "0.5.0", "repository": 22405, "full_size": 5549339, "v2": true, "tag_status": "active", "tag_last_pulled": "2024-01-20T08:10:45.638373Z", "tag_last_pushed": "2015-11-14T15:22:45.613837Z", "media_type": "application/vnd.docker.distribution.manifest.v1+prettyjws", "content_type": "image", "digest": "sha256:440644de49dda24a25a261572b14653102804a6cfec55563ddd090973936275d"}, {"creator": 4362, "id": 26088, "images": [{"architecture": "amd64", "features": "", "variant": null, "digest": "sha256:86763cb9ecb0c98d4eb639a629141cdf89fc8ec970be1a1ddfbaa70e39b5eac4", "os": "", "os_features": "", "os_version": null, "size": 5471545, "status": "active", "last_pulled": "2024-01-20T08:10:46.115466Z", "last_pushed": null}], "last_updated": "2015-11-14T15:22:25.995716Z", "last_updater": 249422, "last_updater_username": "whesse", "name": "0.4.1", "repository": 22405, "full_size": 5471353, "v2": true, "tag_status": "active", "tag_last_pulled": "2024-01-20T08:10:46.115466Z", "tag_last_pushed": "2015-11-14T15:22:25.995716Z", "media_type": "application/vnd.docker.distribution.manifest.v1+prettyjws", "content_type": "image", "digest": "sha256:86763cb9ecb0c98d4eb639a629141cdf89fc8ec970be1a1ddfbaa70e39b5eac4"}, {"creator": 4362, "id": 26049, "images": [{"architecture": "amd64", "features": "", "variant": null, "digest": "sha256:02410c87db14ad7f0993352839c98ce34b1b5e20fc93ff81d3cb6bca8f9843db", "os": "", "os_features": "", "os_version": null, "size": 5894455, "status": "active", "last_pulled": "2024-01-20T08:10:46.814747Z", "last_pushed": null}], "last_updated": "2015-11-14T15:22:20.294314Z", "last_updater": 249422, "last_updater_username": "whesse", "name": "0.6.2", "repository": 22405, "full_size": 5894263, "v2": true, "tag_status": "active", "tag_last_pulled": "2024-01-20T08:10:46.814747Z", "tag_last_pushed": "2015-11-14T15:22:20.294314Z", "media_type": "application/vnd.docker.distribution.manifest.v1+prettyjws", "content_type": "image", "digest": "sha256:02410c87db14ad7f0993352839c98ce34b1b5e20fc93ff81d3cb6bca8f9843db"}, {"creator": 4362, "id": 26002, "images": [{"architecture": "amd64", "features": "", "variant": null, "digest": "sha256:a2b82cc5a9f5d98dc5f2f4ac4d49b3e32ebab6581c3e72f2639f2acceefc0447", "os": "", "os_features": "", "os_version": null, "size": 101247153, "status": "active", "last_pulled": "2024-01-20T08:10:47.491938Z", "last_pushed": null}], "last_updated": "2015-11-14T15:22:00.931603Z", "last_updater": 249422, "last_updater_username": "whesse", "name": "0.1.3", "repository": 22405, "full_size": 101247025, "v2": true, "tag_status": "active", "tag_last_pulled": "2024-01-20T08:10:47.491938Z", "tag_last_pushed": "2015-11-14T15:22:00.931603Z", "media_type": "application/vnd.docker.distribution.manifest.v1+prettyjws", "content_type": "image", "digest": "sha256:a2b82cc5a9f5d98dc5f2f4ac4d49b3e32ebab6581c3e72f2639f2acceefc0447"}, {"creator": 4362, "id": 26013, "images": [{"architecture": "amd64", "features": "", "variant": null, "digest": "sha256:eff4f72b5e7b876cfd611a8c1e458fd0e6e2aea43b2baa1b7727b243f03265be", "os": "", "os_features": "", "os_version": null, "size": 3658050, "status": "active", "last_pulled": "2024-01-20T08:10:47.732305Z", "last_pushed": null}], "last_updated": "2015-11-14T15:20:39.649106Z", "last_updater": 249422, "last_updater_username": "whesse", "name": "0.1.4", "repository": 22405, "full_size": 3657890, "v2": true, "tag_status": "active", "tag_last_pulled": "2024-01-20T08:10:47.732305Z", "tag_last_pushed": "2015-11-14T15:20:39.649106Z", "media_type": "application/vnd.docker.distribution.manifest.v1+prettyjws", "content_type": "image", "digest": "sha256:eff4f72b5e7b876cfd611a8c1e458fd0e6e2aea43b2baa1b7727b243f03265be"}, {"creator": 4362, "id": 26056, "images": [{"architecture": "amd64", "features": "", "variant": null, "digest": "sha256:d54cdb43f4af544d932475f582d2768909d6f0fdb9fb45e9b626536d69ea2ef5", "os": "", "os_features": "", "os_version": null, "size": 3535283, "status": "active", "last_pulled": "2024-01-20T08:10:47.965343Z", "last_pushed": null}], "last_updated": "2015-11-14T15:20:19.416768Z", "last_updater": 249422, "last_updater_username": "whesse", "name": "0.3.0", "repository": 22405, "full_size": 3535123, "v2": true, "tag_status": "active", "tag_last_pulled": "2024-01-20T08:10:47.965343Z", "tag_last_pushed": "2015-11-14T15:20:19.416768Z", "media_type": "application/vnd.docker.distribution.manifest.v1+prettyjws", "content_type": "image", "digest": "sha256:d54cdb43f4af544d932475f582d2768909d6f0fdb9fb45e9b626536d69ea2ef5"}, {"creator": 4362, "id": 25977, "images": [{"architecture": "amd64", "features": "", "variant": null, "digest": "sha256:f8387897457fffa0a4e6e297156161055f682042e3a27de83242ce095c09a124", "os": "", "os_features": "", "os_version": null, "size": 3658062, "status": "active", "last_pulled": "2024-01-20T08:10:48.496529Z", "last_pushed": null}], "last_updated": "2015-11-14T15:20:07.277652Z", "last_updater": 249422, "last_updater_username": "whesse", "name": "0.2.2", "repository": 22405, "full_size": 3657902, "v2": true, "tag_status": "active", "tag_last_pulled": "2024-01-20T08:10:48.496529Z", "tag_last_pushed": "2015-11-14T15:20:07.277652Z", "media_type": "application/vnd.docker.distribution.manifest.v1+prettyjws", "content_type": "image", "digest": "sha256:f8387897457fffa0a4e6e297156161055f682042e3a27de83242ce095c09a124"}, {"creator": 4362, "id": 26066, "images": [{"architecture": "amd64", "features": "", "variant": null, "digest": "sha256:4a51d442f69cc9de97285329b0448e1f8316f45a911d0f8b42d784e339387f17", "os": "", "os_features": "", "os_version": null, "size": 6392920, "status": "active", "last_pulled": "2024-01-20T08:10:49.022429Z", "last_pushed": null}], "last_updated": "2015-11-14T15:19:53.503011Z", "last_updater": 249422, "last_updater_username": "whesse", "name": "0.11.0", "repository": 22405, "full_size": 6392728, "v2": true, "tag_status": "active", "tag_last_pulled": "2024-01-20T08:10:49.022429Z", "tag_last_pushed": "2015-11-14T15:19:53.503011Z", "media_type": "application/vnd.docker.distribution.manifest.v1+prettyjws", "content_type": "image", "digest": "sha256:4a51d442f69cc9de97285329b0448e1f8316f45a911d0f8b42d784e339387f17"}, {"creator": 4362, "id": 26123, "images": [{"architecture": "amd64", "features": "", "variant": null, "digest": "sha256:6b1982d6550842d6745c2b807ec29feafc50024d4356e0d3e490aec63712ec8f", "os": "", "os_features": "", "os_version": null, "size": 5894130, "status": "active", "last_pulled": "2024-01-20T08:10:49.341261Z", "last_pushed": null}], "last_updated": "2015-11-14T15:19:40.229855Z", "last_updater": 249422, "last_updater_username": "whesse", "name": "0.6.1", "repository": 22405, "full_size": 5893938, "v2": true, "tag_status": "active", "tag_last_pulled": "2024-01-20T08:10:49.341261Z", "tag_last_pushed": "2015-11-14T15:19:40.229855Z", "media_type": "application/vnd.docker.distribution.manifest.v1+prettyjws", "content_type": "image", "digest": "sha256:6b1982d6550842d6745c2b807ec29feafc50024d4356e0d3e490aec63712ec8f"}, {"creator": 4362, "id": 26091, "images": [{"architecture": "amd64", "features": "", "variant": null, "digest": "sha256:14a32b2495f6d657f5b01473f8b411c49ca8c539a5be37412a5c7e1cb68c0f5d", "os": "", "os_features": "", "os_version": null, "size": 5481156, "status": "active", "last_pulled": "2024-01-20T08:10:49.675997Z", "last_pushed": null}], "last_updated": "2015-11-14T15:19:01.509146Z", "last_updater": 249422, "last_updater_username": "whesse", "name": "0.4.0", "repository": 22405, "full_size": 5480964, "v2": true, "tag_status": "active", "tag_last_pulled": "2024-01-20T08:10:49.675997Z", "tag_last_pushed": "2015-11-14T15:19:01.509146Z", "media_type": "application/vnd.docker.distribution.manifest.v1+prettyjws", "content_type": "image", "digest": "sha256:14a32b2495f6d657f5b01473f8b411c49ca8c539a5be37412a5c7e1cb68c0f5d"}, {"creator": 4362, "id": 26118, "images": [{"architecture": "amd64", "features": "", "variant": null, "digest": "sha256:c23a5ddff69f0a01dc267fe29d1c930fe9369843aed0fe86cb8ee1834643e6f3", "os": "", "os_features": "", "os_version": null, "size": 5952355, "status": "active", "last_pulled": "2024-01-20T08:10:49.957237Z", "last_pushed": null}], "last_updated": "2015-11-14T15:18:38.201012Z", "last_updater": 249422, "last_updater_username": "whesse", "name": "0.8.0", "repository": 22405, "full_size": 5952163, "v2": true, "tag_status": "active", "tag_last_pulled": "2024-01-20T08:10:49.957237Z", "tag_last_pushed": "2015-11-14T15:18:38.201012Z", "media_type": "application/vnd.docker.distribution.manifest.v1+prettyjws", "content_type": "image", "digest": "sha256:c23a5ddff69f0a01dc267fe29d1c930fe9369843aed0fe86cb8ee1834643e6f3"}, {"creator": 4362, "id": 26083, "images": [{"architecture": "amd64", "features": "", "variant": null, "digest": "sha256:50e48c2b368031c7197af63b07cc38ee9b6823ed54454376291851ccf0abdb51", "os": "", "os_features": "", "os_version": null, "size": 6436578, "status": "active", "last_pulled": "2024-01-20T08:10:50.435553Z", "last_pushed": null}], "last_updated": "2015-11-14T15:18:03.022433Z", "last_updater": 249422, "last_updater_username": "whesse", "name": "0.12.0", "repository": 22405, "full_size": 6436386, "v2": true, "tag_status": "active", "tag_last_pulled": "2024-01-20T08:10:50.435553Z", "tag_last_pushed": "2015-11-14T15:18:03.022433Z", "media_type": "application/vnd.docker.distribution.manifest.v1+prettyjws", "content_type": "image", "digest": "sha256:50e48c2b368031c7197af63b07cc38ee9b6823ed54454376291851ccf0abdb51"}, {"creator": 21176, "id": 968563, "images": [{"architecture": "amd64", "features": "", "variant": null, "digest": "sha256:31d3f38281857e0adaa2af5936daf68b2c5bb8cacbfc499f948b6684db333258", "os": "", "os_features": "", "os_version": null, "size": 7092073, "status": "active", "last_pulled": "2024-01-20T08:10:50.828337Z", "last_pushed": null}], "last_updated": "2015-10-13T01:52:07Z", "last_updater": 249422, "last_updater_username": "whesse", "name": "0.18.0", "repository": 22405, "full_size": 7091945, "v2": true, "tag_status": "active", "tag_last_pulled": "2024-01-20T08:10:50.828337Z", "tag_last_pushed": "2015-10-13T01:52:07Z", "media_type": "application/vnd.docker.distribution.manifest.v1+prettyjws", "content_type": "image", "digest": "sha256:31d3f38281857e0adaa2af5936daf68b2c5bb8cacbfc499f948b6684db333258"}, {"creator": 22714, "id": 483752, "images": [{"architecture": "amd64", "features": "", "variant": null, "digest": "sha256:82e290d05e7f163b90a3db451f6a73b2c07ed93b1dbde0f0f6cddd90cb520ac8", "os": "", "os_features": "", "os_version": null, "size": 6553626, "status": "active", "last_pulled": "2024-01-20T08:10:51.238127Z", "last_pushed": null}], "last_updated": "2015-07-02T00:09:05Z", "last_updater": 249422, "last_updater_username": "whesse", "name": "0.16.0", "repository": 22405, "full_size": 6553434, "v2": true, "tag_status": "active", "tag_last_pulled": "2024-01-20T08:10:51.238127Z", "tag_last_pushed": "2015-07-02T00:09:05Z", "media_type": "application/vnd.docker.distribution.manifest.v1+prettyjws", "content_type": "image", "digest": "sha256:82e290d05e7f163b90a3db451f6a73b2c07ed93b1dbde0f0f6cddd90cb520ac8"}, {"creator": 4362, "id": 26120, "images": [{"architecture": "amd64", "features": "", "variant": null, "digest": "sha256:ac697c3185fb28f2159d2dba1869e0ce7ee42cc5f59cb13f944016241a8fd2d4", "os": "", "os_features": "", "os_version": null, "size": 6553626, "status": "active", "last_pulled": "2024-01-20T06:31:19.931205Z", "last_pushed": null}], "last_updated": "2015-07-02T00:08:31Z", "last_updater": 249422, "last_updater_username": "whesse", "name": "beta", "repository": 22405, "full_size": 6553434, "v2": true, "tag_status": "active", "tag_last_pulled": "2024-01-20T06:31:19.931205Z", "tag_last_pushed": "2015-07-02T00:08:31Z", "media_type": "application/vnd.docker.distribution.manifest.v1+prettyjws", "content_type": "image", "digest": "sha256:ac697c3185fb28f2159d2dba1869e0ce7ee42cc5f59cb13f944016241a8fd2d4"}, {"creator": 4362, "id": 26113, "images": [{"architecture": "amd64", "features": "", "variant": null, "digest": "sha256:230bbfad75c94bade583c1dbd28d5ec0ca7c3e87c823bb29d79eba2bd5cf6dcf", "os": "", "os_features": "", "os_version": null, "size": 6543024, "status": "active", "last_pulled": "2024-01-20T08:10:51.655918Z", "last_pushed": null}], "last_updated": "2015-06-10T17:20:13Z", "last_updater": 249422, "last_updater_username": "whesse", "name": "0.15.1", "repository": 22405, "full_size": 6542832, "v2": true, "tag_status": "active", "tag_last_pulled": "2024-01-20T08:10:51.655918Z", "tag_last_pushed": "2015-06-10T17:20:13Z", "media_type": "application/vnd.docker.distribution.manifest.v1+prettyjws", "content_type": "image", "digest": "sha256:230bbfad75c94bade583c1dbd28d5ec0ca7c3e87c823bb29d79eba2bd5cf6dcf"}, {"creator": 4362, "id": 26106, "images": [{"architecture": "amd64", "features": "", "variant": null, "digest": "sha256:a59675805e7d85aad1ede5703914ef6f07a79ca8819a9f428757d46d2be7c9c4", "os": "", "os_features": "", "os_version": null, "size": 6538176, "status": "active", "last_pulled": "2024-01-20T08:10:52.22368Z", "last_pushed": null}], "last_updated": "2015-06-09T17:38:45Z", "last_updater": 249422, "last_updater_username": "whesse", "name": "0.15.0", "repository": 22405, "full_size": 6537984, "v2": true, "tag_status": "active", "tag_last_pulled": "2024-01-20T08:10:52.22368Z", "tag_last_pushed": "2015-06-09T17:38:45Z", "media_type": "application/vnd.docker.distribution.manifest.v1+prettyjws", "content_type": "image", "digest": "sha256:a59675805e7d85aad1ede5703914ef6f07a79ca8819a9f428757d46d2be7c9c4"}, {"creator": 4362, "id": 26117, "images": [{"architecture": "amd64", "features": "", "variant": null, "digest": "sha256:b5275e955784e2472c28ab33d7b428b0b4cd0bff27d0d6e646c9c485e26075e1", "os": "", "os_features": "", "os_version": null, "size": 6623455, "status": "active", "last_pulled": "2024-01-20T08:10:52.956327Z", "last_pushed": null}], "last_updated": "2015-05-21T18:51:01Z", "last_updater": 249422, "last_updater_username": "whesse", "name": "0.14.0", "repository": 22405, "full_size": 6623263, "v2": true, "tag_status": "active", "tag_last_pulled": "2024-01-20T08:10:52.956327Z", "tag_last_pushed": "2015-05-21T18:51:01Z", "media_type": "application/vnd.docker.distribution.manifest.v1+prettyjws", "content_type": "image", "digest": "sha256:b5275e955784e2472c28ab33d7b428b0b4cd0bff27d0d6e646c9c485e26075e1"}, {"creator": 4362, "id": 26102, "images": [{"architecture": "amd64", "features": "", "variant": null, "digest": "sha256:ca067938a7ef57acc069f6847aebd6b1082c9ea8e34b80a050cd05936ef3a490", "os": "", "os_features": "", "os_version": null, "size": 6573065, "status": "active", "last_pulled": "2024-01-20T08:10:53.544331Z", "last_pushed": null}], "last_updated": "2015-05-02T02:02:19Z", "last_updater": 249422, "last_updater_username": "whesse", "name": "0.13.0", "repository": 22405, "full_size": 6572873, "v2": true, "tag_status": "active", "tag_last_pulled": "2024-01-20T08:10:53.544331Z", "tag_last_pushed": "2015-05-02T02:02:19Z", "media_type": "application/vnd.docker.distribution.manifest.v1+prettyjws", "content_type": "image", "digest": "sha256:ca067938a7ef57acc069f6847aebd6b1082c9ea8e34b80a050cd05936ef3a490"}]