[{"creator": 39525, "id": 11271040, "images": [{"architecture": "386", "features": "", "variant": null, "digest": "sha256:0d7f4b0071eb6394c30891e17ed6c478bf935fd53ee547d066d5b3242419bafc", "os": "linux", "os_features": "", "os_version": null, "size": 7856584, "status": "active", "last_pulled": "2024-01-20T09:07:44.283626Z", "last_pushed": "2024-01-03T15:32:32.529968Z"}, {"architecture": "amd64", "features": "", "variant": null, "digest": "sha256:64eb5ca182e2431523c1f2e910985c753c534f1bbf35ebcf466ee579ef4d61c7", "os": "linux", "os_features": "", "os_version": null, "size": 8307563, "status": "active", "last_pulled": "2024-01-20T09:23:13.010804Z", "last_pushed": "2024-01-03T15:32:45.561867Z"}, {"architecture": "arm", "features": "", "variant": "v6", "digest": "sha256:b1ec93db4911225713715f96cdf09a6e9601e3e1cbf89caa556cac02add832b0", "os": "linux", "os_features": "", "os_version": null, "size": 7779751, "status": "active", "last_pulled": "2024-01-20T07:15:39.345586Z", "last_pushed": "2024-01-03T15:32:39.439994Z"}, {"architecture": "arm64", "features": "", "variant": null, "digest": "sha256:d8a5aef9e6327114d2d0933cb51b5e7e01e26c4af5ea4e2b24a92df929600104", "os": "linux", "os_features": "", "os_version": null, "size": 7854592, "status": "active", "last_pulled": "2024-01-20T07:15:39.53059Z", "last_pushed": "2024-01-03T15:32:26.329231Z"}], "last_updated": "2024-01-03T15:33:04.080127Z", "last_updater": 15167002, "last_updater_username": "hashicorpcrt", "name": "latest", "repository": 1518597, "full_size": 7856584, "v2": true, "tag_status": "active", "tag_last_pulled": "2024-01-20T09:25:49.06443Z", "tag_last_pushed": "2024-01-03T15:33:04.080127Z", "media_type": "application/vnd.docker.distribution.manifest.list.v2+json", "content_type": "image", "digest": "sha256:dc35e6267a36f1f08e9b7d15372fd2bde07cb7def287d20eb9a6b05d0a0852e6"}, {"creator": 15167002, "id": 577957591, "images": [{"architecture": "386", "features": "", "variant": null, "digest": "sha256:0d7f4b0071eb6394c30891e17ed6c478bf935fd53ee547d066d5b3242419bafc", "os": "linux", "os_features": "", "os_version": null, "size": 7856584, "status": "active", "last_pulled": "2024-01-20T09:07:44.283626Z", "last_pushed": "2024-01-03T15:32:32.529968Z"}, {"architecture": "amd64", "features": "", "variant": null, "digest": "sha256:64eb5ca182e2431523c1f2e910985c753c534f1bbf35ebcf466ee579ef4d61c7", "os": "linux", "os_features": "", "os_version": null, "size": 8307563, "status": "active", "last_pulled": "2024-01-20T09:23:13.010804Z", "last_pushed": "2024-01-03T15:32:45.561867Z"}, {"architecture": "arm", "features": "", "variant": "v6", "digest": "sha256:b1ec93db4911225713715f96cdf09a6e9601e3e1cbf89caa556cac02add832b0", "os": "linux", "os_features": "", "os_version": null, "size": 7779751, "status": "active", "last_pulled": "2024-01-20T07:15:39.345586Z", "last_pushed": "2024-01-03T15:32:39.439994Z"}, {"architecture": "arm64", "features": "", "variant": null, "digest": "sha256:d8a5aef9e6327114d2d0933cb51b5e7e01e26c4af5ea4e2b24a92df929600104", "os": "linux", "os_features": "", "os_version": null, "size": 7854592, "status": "active", "last_pulled": "2024-01-20T07:15:39.53059Z", "last_pushed": "2024-01-03T15:32:26.329231Z"}], "last_updated": "2024-01-03T15:32:59.64293Z", "last_updater": 15167002, "last_updater_username": "hashicorpcrt", "name": "0.36", "repository": 1518597, "full_size": 7856584, "v2": true, "tag_status": "active", "tag_last_pulled": "2024-01-20T09:25:49.06443Z", "tag_last_pushed": "2024-01-03T15:32:59.64293Z", "media_type": "application/vnd.docker.distribution.manifest.list.v2+json", "content_type": "image", "digest": "sha256:dc35e6267a36f1f08e9b7d15372fd2bde07cb7def287d20eb9a6b05d0a0852e6"}, {"creator": 15167002, "id": 577957017, "images": [{"architecture": "386", "features": "", "variant": null, "digest": "sha256:0d7f4b0071eb6394c30891e17ed6c478bf935fd53ee547d066d5b3242419bafc", "os": "linux", "os_features": "", "os_version": null, "size": 7856584, "status": "active", "last_pulled": "2024-01-20T09:07:44.283626Z", "last_pushed": "2024-01-03T15:32:32.529968Z"}, {"architecture": "amd64", "features": "", "variant": null, "digest": "sha256:64eb5ca182e2431523c1f2e910985c753c534f1bbf35ebcf466ee579ef4d61c7", "os": "linux", "os_features": "", "os_version": null, "size": 8307563, "status": "active", "last_pulled": "2024-01-20T09:23:13.010804Z", "last_pushed": "2024-01-03T15:32:45.561867Z"}, {"architecture": "arm", "features": "", "variant": "v6", "digest": "sha256:b1ec93db4911225713715f96cdf09a6e9601e3e1cbf89caa556cac02add832b0", "os": "linux", "os_features": "", "os_version": null, "size": 7779751, "status": "active", "last_pulled": "2024-01-20T07:15:39.345586Z", "last_pushed": "2024-01-03T15:32:39.439994Z"}, {"architecture": "arm64", "features": "", "variant": null, "digest": "sha256:d8a5aef9e6327114d2d0933cb51b5e7e01e26c4af5ea4e2b24a92df929600104", "os": "linux", "os_features": "", "os_version": null, "size": 7854592, "status": "active", "last_pulled": "2024-01-20T07:15:39.53059Z", "last_pushed": "2024-01-03T15:32:26.329231Z"}], "last_updated": "2024-01-03T15:32:51.322133Z", "last_updater": 15167002, "last_updater_username": "hashicorpcrt", "name": "0.36.0", "repository": 1518597, "full_size": 7856584, "v2": true, "tag_status": "active", "tag_last_pulled": "2024-01-20T09:25:49.06443Z", "tag_last_pushed": "2024-01-03T15:32:51.322133Z", "media_type": "application/vnd.docker.distribution.manifest.list.v2+json", "content_type": "image", "digest": "sha256:dc35e6267a36f1f08e9b7d15372fd2bde07cb7def287d20eb9a6b05d0a0852e6"}, {"creator": 15167002, "id": 545555414, "images": [{"architecture": "arm", "features": "", "variant": "v6", "digest": "sha256:838d60f1555827f8ae9d0a6ab7bb6713b285d68fa6c1136a87943a13aeeb3bf5", "os": "linux", "os_features": "", "os_version": null, "size": 7761975, "status": "active", "last_pulled": "2024-01-05T18:55:24.895754Z", "last_pushed": "2023-11-08T13:52:06.763508Z"}, {"architecture": "arm64", "features": "", "variant": null, "digest": "sha256:bf3e92a30f42c7a3af5da7f21208a11b8bf22b513ba8a1446980234eff691482", "os": "linux", "os_features": "", "os_version": null, "size": 7841488, "status": "active", "last_pulled": "2024-01-19T12:11:31.019209Z", "last_pushed": "2023-11-08T13:52:13.410633Z"}, {"architecture": "amd64", "features": "", "variant": null, "digest": "sha256:d225c7b0a7d2e26c475cb078935e02076fcf51887c5b7b3c2ed40ad3c03b720d", "os": "linux", "os_features": "", "os_version": null, "size": 8306140, "status": "active", "last_pulled": "2024-01-19T23:38:12.058276Z", "last_pushed": "2023-11-08T13:52:00.013861Z"}, {"architecture": "386", "features": "", "variant": null, "digest": "sha256:d755fc21fb65375de6be2c8dcc7f926c3356bf80f3095b3418b31b80cce513f9", "os": "linux", "os_features": "", "os_version": null, "size": 7851710, "status": "active", "last_pulled": "2024-01-19T16:22:42.412099Z", "last_pushed": "2023-11-08T13:51:53.603403Z"}], "last_updated": "2023-11-08T13:52:28.16602Z", "last_updater": 15167002, "last_updater_username": "hashicorpcrt", "name": "0.35", "repository": 1518597, "full_size": 7761975, "v2": true, "tag_status": "active", "tag_last_pulled": "2024-01-20T07:33:43.1195Z", "tag_last_pushed": "2023-11-08T13:52:28.16602Z", "media_type": "application/vnd.docker.distribution.manifest.list.v2+json", "content_type": "image", "digest": "sha256:35a5aa1f3bbb82d7f3a6359ae48639e0839e2a6a756be46695ec72d052e6c409"}, {"creator": 15167002, "id": 545555089, "images": [{"architecture": "arm", "features": "", "variant": "v6", "digest": "sha256:838d60f1555827f8ae9d0a6ab7bb6713b285d68fa6c1136a87943a13aeeb3bf5", "os": "linux", "os_features": "", "os_version": null, "size": 7761975, "status": "active", "last_pulled": "2024-01-05T18:55:24.895754Z", "last_pushed": "2023-11-08T13:52:06.763508Z"}, {"architecture": "arm64", "features": "", "variant": null, "digest": "sha256:bf3e92a30f42c7a3af5da7f21208a11b8bf22b513ba8a1446980234eff691482", "os": "linux", "os_features": "", "os_version": null, "size": 7841488, "status": "active", "last_pulled": "2024-01-19T12:11:31.019209Z", "last_pushed": "2023-11-08T13:52:13.410633Z"}, {"architecture": "amd64", "features": "", "variant": null, "digest": "sha256:d225c7b0a7d2e26c475cb078935e02076fcf51887c5b7b3c2ed40ad3c03b720d", "os": "linux", "os_features": "", "os_version": null, "size": 8306140, "status": "active", "last_pulled": "2024-01-19T23:38:12.058276Z", "last_pushed": "2023-11-08T13:52:00.013861Z"}, {"architecture": "386", "features": "", "variant": null, "digest": "sha256:d755fc21fb65375de6be2c8dcc7f926c3356bf80f3095b3418b31b80cce513f9", "os": "linux", "os_features": "", "os_version": null, "size": 7851710, "status": "active", "last_pulled": "2024-01-19T16:22:42.412099Z", "last_pushed": "2023-11-08T13:51:53.603403Z"}], "last_updated": "2023-11-08T13:52:19.515359Z", "last_updater": 15167002, "last_updater_username": "hashicorpcrt", "name": "0.35.0", "repository": 1518597, "full_size": 7761975, "v2": true, "tag_status": "active", "tag_last_pulled": "2024-01-20T07:33:43.1195Z", "tag_last_pushed": "2023-11-08T13:52:19.515359Z", "media_type": "application/vnd.docker.distribution.manifest.list.v2+json", "content_type": "image", "digest": "sha256:35a5aa1f3bbb82d7f3a6359ae48639e0839e2a6a756be46695ec72d052e6c409"}, {"creator": 15167002, "id": 528544425, "images": [{"architecture": "amd64", "features": "", "variant": null, "digest": "sha256:19c0e93f671b98934963d3ed7070ff89c3a50bd9c12dba0a7a257d215a060a21", "os": "linux", "os_features": "", "os_version": null, "size": 8297844, "status": "active", "last_pulled": "2024-01-19T20:35:54.802983Z", "last_pushed": "2023-10-11T13:17:28.214349Z"}, {"architecture": "arm", "features": "", "variant": "v6", "digest": "sha256:571829038e3ad5850cae825b3829cf192dc899acb65061d55b047f12011bd5a2", "os": "linux", "os_features": "", "os_version": null, "size": 7754391, "status": "active", "last_pulled": "2024-01-16T22:45:18.643612Z", "last_pushed": "2023-10-11T13:17:40.496996Z"}, {"architecture": "386", "features": "", "variant": null, "digest": "sha256:b25555a14916a692bcf2a50aee337619c6398d6c68e92683c47a1ac4f2731630", "os": "linux", "os_features": "", "os_version": null, "size": 7844261, "status": "active", "last_pulled": "2024-01-19T12:03:01.423307Z", "last_pushed": "2023-10-11T13:17:34.533469Z"}, {"architecture": "arm64", "features": "", "variant": null, "digest": "sha256:cccf694ce4a4abd2afff9be2840c88082ca974ac784f1deb60e5367c057c4be9", "os": "linux", "os_features": "", "os_version": null, "size": 7834484, "status": "active", "last_pulled": "2024-01-10T17:11:14.22891Z", "last_pushed": "2023-10-11T13:17:22.202154Z"}], "last_updated": "2023-10-11T13:17:54.977491Z", "last_updater": 15167002, "last_updater_username": "hashicorpcrt", "name": "0.34", "repository": 1518597, "full_size": 8297844, "v2": true, "tag_status": "active", "tag_last_pulled": "2024-01-20T03:39:59.789423Z", "tag_last_pushed": "2023-10-11T13:17:54.977491Z", "media_type": "application/vnd.docker.distribution.manifest.list.v2+json", "content_type": "image", "digest": "sha256:27c01883b4e4be23ad516b3c57ae7af51d2ddae9f0d4cb949bad0a74d7c7ba27"}, {"creator": 15167002, "id": 528544108, "images": [{"architecture": "amd64", "features": "", "variant": null, "digest": "sha256:19c0e93f671b98934963d3ed7070ff89c3a50bd9c12dba0a7a257d215a060a21", "os": "linux", "os_features": "", "os_version": null, "size": 8297844, "status": "active", "last_pulled": "2024-01-19T20:35:54.802983Z", "last_pushed": "2023-10-11T13:17:28.214349Z"}, {"architecture": "arm", "features": "", "variant": "v6", "digest": "sha256:571829038e3ad5850cae825b3829cf192dc899acb65061d55b047f12011bd5a2", "os": "linux", "os_features": "", "os_version": null, "size": 7754391, "status": "active", "last_pulled": "2024-01-16T22:45:18.643612Z", "last_pushed": "2023-10-11T13:17:40.496996Z"}, {"architecture": "386", "features": "", "variant": null, "digest": "sha256:b25555a14916a692bcf2a50aee337619c6398d6c68e92683c47a1ac4f2731630", "os": "linux", "os_features": "", "os_version": null, "size": 7844261, "status": "active", "last_pulled": "2024-01-19T12:03:01.423307Z", "last_pushed": "2023-10-11T13:17:34.533469Z"}, {"architecture": "arm64", "features": "", "variant": null, "digest": "sha256:cccf694ce4a4abd2afff9be2840c88082ca974ac784f1deb60e5367c057c4be9", "os": "linux", "os_features": "", "os_version": null, "size": 7834484, "status": "active", "last_pulled": "2024-01-10T17:11:14.22891Z", "last_pushed": "2023-10-11T13:17:22.202154Z"}], "last_updated": "2023-10-11T13:17:46.426079Z", "last_updater": 15167002, "last_updater_username": "hashicorpcrt", "name": "0.34.0", "repository": 1518597, "full_size": 8297844, "v2": true, "tag_status": "active", "tag_last_pulled": "2024-01-20T03:39:59.789423Z", "tag_last_pushed": "2023-10-11T13:17:46.426079Z", "media_type": "application/vnd.docker.distribution.manifest.list.v2+json", "content_type": "image", "digest": "sha256:27c01883b4e4be23ad516b3c57ae7af51d2ddae9f0d4cb949bad0a74d7c7ba27"}, {"creator": 15167002, "id": 490994466, "images": [{"architecture": "amd64", "features": "", "variant": null, "digest": "sha256:a4e6e1b6511b011774114ea402a5133928e6fec9fa8058a517db65957f4e04f8", "os": "linux", "os_features": "", "os_version": null, "size": 8310528, "status": "active", "last_pulled": "2024-01-19T13:03:37.048915Z", "last_pushed": "2023-08-09T21:26:12.809267Z"}, {"architecture": "arm64", "features": "", "variant": null, "digest": "sha256:a9974f1e1e4a8966e0345f015366c443c936c5664234ba103eef8bfc5d6638ef", "os": "linux", "os_features": "", "os_version": null, "size": 7798294, "status": "active", "last_pulled": "2024-01-05T18:55:29.117314Z", "last_pushed": "2023-08-09T21:26:06.761972Z"}, {"architecture": "arm", "features": "", "variant": "v6", "digest": "sha256:186d580b641199bd5c9857441cc9252d5eefae5861d0176554e946c4e1ffdb06", "os": "linux", "os_features": "", "os_version": null, "size": 7778458, "status": "active", "last_pulled": "2024-01-05T18:55:29.059994Z", "last_pushed": "2023-08-09T21:25:53.688225Z"}, {"architecture": "386", "features": "", "variant": null, "digest": "sha256:71ea5be9ef851b411ddece4d8b9527e85fa4c871752a6aa8eb1fceb17d1bbb82", "os": "linux", "os_features": "", "os_version": null, "size": 7880819, "status": "active", "last_pulled": "2024-01-15T00:24:21.290715Z", "last_pushed": "2023-08-09T21:26:00.028374Z"}], "last_updated": "2023-08-09T21:26:27.916461Z", "last_updater": 15167002, "last_updater_username": "hashicorpcrt", "name": "0.33", "repository": 1518597, "full_size": 7778458, "v2": true, "tag_status": "active", "tag_last_pulled": "2024-01-19T16:18:44.799108Z", "tag_last_pushed": "2023-08-09T21:26:27.916461Z", "media_type": "application/vnd.docker.distribution.manifest.list.v2+json", "content_type": "image", "digest": "sha256:e1d40e9a99d70f4b520b0b48f606c255ea3fb7ee479280e3b82ae7e0df5d69d1"}, {"creator": 15167002, "id": 490994221, "images": [{"architecture": "arm", "features": "", "variant": "v6", "digest": "sha256:186d580b641199bd5c9857441cc9252d5eefae5861d0176554e946c4e1ffdb06", "os": "linux", "os_features": "", "os_version": null, "size": 7778458, "status": "active", "last_pulled": "2024-01-05T18:55:29.059994Z", "last_pushed": "2023-08-09T21:25:53.688225Z"}, {"architecture": "386", "features": "", "variant": null, "digest": "sha256:71ea5be9ef851b411ddece4d8b9527e85fa4c871752a6aa8eb1fceb17d1bbb82", "os": "linux", "os_features": "", "os_version": null, "size": 7880819, "status": "active", "last_pulled": "2024-01-15T00:24:21.290715Z", "last_pushed": "2023-08-09T21:26:00.028374Z"}, {"architecture": "amd64", "features": "", "variant": null, "digest": "sha256:a4e6e1b6511b011774114ea402a5133928e6fec9fa8058a517db65957f4e04f8", "os": "linux", "os_features": "", "os_version": null, "size": 8310528, "status": "active", "last_pulled": "2024-01-19T13:03:37.048915Z", "last_pushed": "2023-08-09T21:26:12.809267Z"}, {"architecture": "arm64", "features": "", "variant": null, "digest": "sha256:a9974f1e1e4a8966e0345f015366c443c936c5664234ba103eef8bfc5d6638ef", "os": "linux", "os_features": "", "os_version": null, "size": 7798294, "status": "active", "last_pulled": "2024-01-05T18:55:29.117314Z", "last_pushed": "2023-08-09T21:26:06.761972Z"}], "last_updated": "2023-08-09T21:26:18.70298Z", "last_updater": 15167002, "last_updater_username": "hashicorpcrt", "name": "0.33.0", "repository": 1518597, "full_size": 7778458, "v2": true, "tag_status": "active", "tag_last_pulled": "2024-01-19T16:18:44.799108Z", "tag_last_pushed": "2023-08-09T21:26:18.70298Z", "media_type": "application/vnd.docker.distribution.manifest.list.v2+json", "content_type": "image", "digest": "sha256:e1d40e9a99d70f4b520b0b48f606c255ea3fb7ee479280e3b82ae7e0df5d69d1"}, {"creator": 15167002, "id": 441624229, "images": [{"architecture": "arm64", "features": "", "variant": null, "digest": "sha256:030ea0fcb371e3deac029b038ddd6061b8031718c0b9582b37224f04e0916df1", "os": "linux", "os_features": "", "os_version": null, "size": 7736205, "status": "active", "last_pulled": "2024-01-12T03:13:46.791192Z", "last_pushed": "2023-05-18T20:49:30.033605Z"}, {"architecture": "386", "features": "", "variant": null, "digest": "sha256:22cc6d345415c5b45864bec2d20f6af1e423834582674661726d5c0864867d1f", "os": "linux", "os_features": "", "os_version": null, "size": 7843659, "status": "active", "last_pulled": "2024-01-19T15:07:10.83316Z", "last_pushed": "2023-05-18T20:49:22.813663Z"}, {"architecture": "amd64", "features": "", "variant": null, "digest": "sha256:2bf5da71429412106a5f9409a55de7ac8a5081025326e3317251b5032de9c46c", "os": "linux", "os_features": "", "os_version": null, "size": 8205045, "status": "active", "last_pulled": "2024-01-20T09:32:08.787032Z", "last_pushed": "2023-05-18T20:49:10.713131Z"}, {"architecture": "arm", "features": "", "variant": "v6", "digest": "sha256:80cf71e8287cee2eb6967f4c7974a847eda4879293417f5b74670e977844114f", "os": "linux", "os_features": "", "os_version": null, "size": 7712544, "status": "active", "last_pulled": "2024-01-18T14:43:56.410314Z", "last_pushed": "2023-05-18T20:49:16.516056Z"}], "last_updated": "2023-05-18T20:49:45.083483Z", "last_updater": 15167002, "last_updater_username": "hashicorpcrt", "name": "0.32", "repository": 1518597, "full_size": 7736205, "v2": true, "tag_status": "active", "tag_last_pulled": "2024-01-20T09:32:08.787032Z", "tag_last_pushed": "2023-05-18T20:49:45.083483Z", "media_type": "application/vnd.docker.distribution.manifest.list.v2+json", "content_type": "image", "digest": "sha256:033d9f9a6eed45459fe5ceb6642ddc2f47b7898d2eef0721a037ce9f766b9032"}, {"creator": 15167002, "id": 441623969, "images": [{"architecture": "arm64", "features": "", "variant": null, "digest": "sha256:030ea0fcb371e3deac029b038ddd6061b8031718c0b9582b37224f04e0916df1", "os": "linux", "os_features": "", "os_version": null, "size": 7736205, "status": "active", "last_pulled": "2024-01-12T03:13:46.791192Z", "last_pushed": "2023-05-18T20:49:30.033605Z"}, {"architecture": "386", "features": "", "variant": null, "digest": "sha256:22cc6d345415c5b45864bec2d20f6af1e423834582674661726d5c0864867d1f", "os": "linux", "os_features": "", "os_version": null, "size": 7843659, "status": "active", "last_pulled": "2024-01-19T15:07:10.83316Z", "last_pushed": "2023-05-18T20:49:22.813663Z"}, {"architecture": "amd64", "features": "", "variant": null, "digest": "sha256:2bf5da71429412106a5f9409a55de7ac8a5081025326e3317251b5032de9c46c", "os": "linux", "os_features": "", "os_version": null, "size": 8205045, "status": "active", "last_pulled": "2024-01-20T09:32:08.787032Z", "last_pushed": "2023-05-18T20:49:10.713131Z"}, {"architecture": "arm", "features": "", "variant": "v6", "digest": "sha256:80cf71e8287cee2eb6967f4c7974a847eda4879293417f5b74670e977844114f", "os": "linux", "os_features": "", "os_version": null, "size": 7712544, "status": "active", "last_pulled": "2024-01-18T14:43:56.410314Z", "last_pushed": "2023-05-18T20:49:16.516056Z"}], "last_updated": "2023-05-18T20:49:35.830337Z", "last_updater": 15167002, "last_updater_username": "hashicorpcrt", "name": "0.32.0", "repository": 1518597, "full_size": 7736205, "v2": true, "tag_status": "active", "tag_last_pulled": "2024-01-20T09:32:08.787032Z", "tag_last_pushed": "2023-05-18T20:49:35.830337Z", "media_type": "application/vnd.docker.distribution.manifest.list.v2+json", "content_type": "image", "digest": "sha256:033d9f9a6eed45459fe5ceb6642ddc2f47b7898d2eef0721a037ce9f766b9032"}, {"creator": 15167002, "id": 418266716, "images": [{"architecture": "arm", "features": "", "variant": "v6", "digest": "sha256:6145fdf657d76925d73e49b745859f38cfe943231932267e8362cf9dc5622493", "os": "linux", "os_features": "", "os_version": null, "size": 8765717, "status": "active", "last_pulled": "2024-01-05T18:55:31.84988Z", "last_pushed": "2023-04-06T16:38:17.838496Z"}, {"architecture": "amd64", "features": "", "variant": null, "digest": "sha256:94ec8c6c2f644ea1034a8595dc6322d1484596ea92990da64bcbefca4444ab1a", "os": "linux", "os_features": "", "os_version": null, "size": 9355029, "status": "active", "last_pulled": "2024-01-20T09:13:03.276906Z", "last_pushed": "2023-04-06T16:37:57.301473Z"}, {"architecture": "arm64", "features": "", "variant": null, "digest": "sha256:ad47040bc4533b2765cd90ff8a5b34fa5f5fe6523bc97a567bdfef485ebbdcef", "os": "linux", "os_features": "", "os_version": null, "size": 8738089, "status": "active", "last_pulled": "2024-01-19T12:10:57.411802Z", "last_pushed": "2023-04-06T16:38:10.878766Z"}, {"architecture": "386", "features": "", "variant": null, "digest": "sha256:be8686177c7db543c2ef1ba577f706c96d8c9af542ca23cad958f7a9335b633e", "os": "linux", "os_features": "", "os_version": null, "size": 9107420, "status": "active", "last_pulled": "2024-01-19T02:47:52.293942Z", "last_pushed": "2023-04-06T16:38:04.178547Z"}], "last_updated": "2023-04-06T16:38:32.885643Z", "last_updater": 15167002, "last_updater_username": "hashicorpcrt", "name": "0.31", "repository": 1518597, "full_size": 8765717, "v2": true, "tag_status": "active", "tag_last_pulled": "2024-01-20T09:13:03.276906Z", "tag_last_pushed": "2023-04-06T16:38:32.885643Z", "media_type": "application/vnd.docker.distribution.manifest.list.v2+json", "content_type": "image", "digest": "sha256:4337b13e55d2281deaedb0c2135ab0e1c99128706aaf2e49b6aade322aa9d7f5"}, {"creator": 15167002, "id": 418266375, "images": [{"architecture": "arm", "features": "", "variant": "v6", "digest": "sha256:6145fdf657d76925d73e49b745859f38cfe943231932267e8362cf9dc5622493", "os": "linux", "os_features": "", "os_version": null, "size": 8765717, "status": "active", "last_pulled": "2024-01-05T18:55:31.84988Z", "last_pushed": "2023-04-06T16:38:17.838496Z"}, {"architecture": "amd64", "features": "", "variant": null, "digest": "sha256:94ec8c6c2f644ea1034a8595dc6322d1484596ea92990da64bcbefca4444ab1a", "os": "linux", "os_features": "", "os_version": null, "size": 9355029, "status": "active", "last_pulled": "2024-01-20T09:13:03.276906Z", "last_pushed": "2023-04-06T16:37:57.301473Z"}, {"architecture": "arm64", "features": "", "variant": null, "digest": "sha256:ad47040bc4533b2765cd90ff8a5b34fa5f5fe6523bc97a567bdfef485ebbdcef", "os": "linux", "os_features": "", "os_version": null, "size": 8738089, "status": "active", "last_pulled": "2024-01-19T12:10:57.411802Z", "last_pushed": "2023-04-06T16:38:10.878766Z"}, {"architecture": "386", "features": "", "variant": null, "digest": "sha256:be8686177c7db543c2ef1ba577f706c96d8c9af542ca23cad958f7a9335b633e", "os": "linux", "os_features": "", "os_version": null, "size": 9107420, "status": "active", "last_pulled": "2024-01-19T02:47:52.293942Z", "last_pushed": "2023-04-06T16:38:04.178547Z"}], "last_updated": "2023-04-06T16:38:24.05438Z", "last_updater": 15167002, "last_updater_username": "hashicorpcrt", "name": "0.31.0", "repository": 1518597, "full_size": 8765717, "v2": true, "tag_status": "active", "tag_last_pulled": "2024-01-20T09:13:03.276906Z", "tag_last_pushed": "2023-04-06T16:38:24.05438Z", "media_type": "application/vnd.docker.distribution.manifest.list.v2+json", "content_type": "image", "digest": "sha256:4337b13e55d2281deaedb0c2135ab0e1c99128706aaf2e49b6aade322aa9d7f5"}, {"creator": 15167002, "id": 364442732, "images": [{"architecture": "arm", "features": "", "variant": "v6", "digest": "sha256:7e32ffa38f93629f5cb2bb76e264d2fabbd2f6e29ffe292d5f57b703b42c0fa7", "os": "linux", "os_features": "", "os_version": null, "size": 8710364, "status": "active", "last_pulled": "2024-01-12T18:18:07.900184Z", "last_pushed": "2023-01-09T21:03:03.606738Z"}, {"architecture": "amd64", "features": "", "variant": null, "digest": "sha256:cf5f8b8b8e315a4fb5c60257c12f29cf35f7ddfafcd0db9c2ee0b56968432076", "os": "linux", "os_features": "", "os_version": null, "size": 9300045, "status": "active", "last_pulled": "2024-01-19T15:00:55.044969Z", "last_pushed": "2023-01-09T21:02:49.887831Z"}, {"architecture": "arm64", "features": "", "variant": null, "digest": "sha256:dbf3a543cc7bccc30ce438dc6392e38cbbc3da4db7cbaf81a23e87ca95d296df", "os": "linux", "os_features": "", "os_version": null, "size": 8689611, "status": "active", "last_pulled": "2024-01-19T13:33:10.342003Z", "last_pushed": "2023-01-09T21:02:56.980342Z"}, {"architecture": "386", "features": "", "variant": null, "digest": "sha256:e36d0f0502b5b3e751d0aeb6a0527f58ae33e0470c8b0be0b3cddc5f5361907a", "os": "linux", "os_features": "", "os_version": null, "size": 9054988, "status": "active", "last_pulled": "2024-01-12T19:18:02.290634Z", "last_pushed": "2023-01-09T21:03:10.148589Z"}], "last_updated": "2023-01-09T21:03:24.48816Z", "last_updater": 15167002, "last_updater_username": "hashicorpcrt", "name": "0.30", "repository": 1518597, "full_size": 8710364, "v2": true, "tag_status": "active", "tag_last_pulled": "2024-01-20T03:26:40.801638Z", "tag_last_pushed": "2023-01-09T21:03:24.48816Z", "media_type": "application/vnd.docker.distribution.manifest.list.v2+json", "content_type": "image", "digest": "sha256:4e8bb505bb1152d423d1329122c7d3719ec139a50a08c5db67994169e4d02763"}, {"creator": 15167002, "id": 364442368, "images": [{"architecture": "arm", "features": "", "variant": "v6", "digest": "sha256:7e32ffa38f93629f5cb2bb76e264d2fabbd2f6e29ffe292d5f57b703b42c0fa7", "os": "linux", "os_features": "", "os_version": null, "size": 8710364, "status": "active", "last_pulled": "2024-01-12T18:18:07.900184Z", "last_pushed": "2023-01-09T21:03:03.606738Z"}, {"architecture": "amd64", "features": "", "variant": null, "digest": "sha256:cf5f8b8b8e315a4fb5c60257c12f29cf35f7ddfafcd0db9c2ee0b56968432076", "os": "linux", "os_features": "", "os_version": null, "size": 9300045, "status": "active", "last_pulled": "2024-01-19T15:00:55.044969Z", "last_pushed": "2023-01-09T21:02:49.887831Z"}, {"architecture": "arm64", "features": "", "variant": null, "digest": "sha256:dbf3a543cc7bccc30ce438dc6392e38cbbc3da4db7cbaf81a23e87ca95d296df", "os": "linux", "os_features": "", "os_version": null, "size": 8689611, "status": "active", "last_pulled": "2024-01-19T13:33:10.342003Z", "last_pushed": "2023-01-09T21:02:56.980342Z"}, {"architecture": "386", "features": "", "variant": null, "digest": "sha256:e36d0f0502b5b3e751d0aeb6a0527f58ae33e0470c8b0be0b3cddc5f5361907a", "os": "linux", "os_features": "", "os_version": null, "size": 9054988, "status": "active", "last_pulled": "2024-01-12T19:18:02.290634Z", "last_pushed": "2023-01-09T21:03:10.148589Z"}], "last_updated": "2023-01-09T21:03:16.086443Z", "last_updater": 15167002, "last_updater_username": "hashicorpcrt", "name": "0.30.0", "repository": 1518597, "full_size": 8710364, "v2": true, "tag_status": "active", "tag_last_pulled": "2024-01-20T03:26:40.801638Z", "tag_last_pushed": "2023-01-09T21:03:16.086443Z", "media_type": "application/vnd.docker.distribution.manifest.list.v2+json", "content_type": "image", "digest": "sha256:4e8bb505bb1152d423d1329122c7d3719ec139a50a08c5db67994169e4d02763"}, {"creator": 15167002, "id": 204056189, "images": [{"architecture": "386", "features": "", "variant": null, "digest": "sha256:4b22f01763a88c07a477f76d04b9ab8d29162fae1e7c531e2f4b4169d82d3736", "os": "linux", "os_features": "", "os_version": null, "size": 8853544, "status": "active", "last_pulled": "2024-01-16T19:53:07.066534Z", "last_pushed": "2022-11-30T21:29:10.576902Z"}, {"architecture": "arm", "features": "", "variant": "v6", "digest": "sha256:76cf68014dc629eda6b996b6cb513f364fe882461745fe427b17d92a1526bfa6", "os": "linux", "os_features": "", "os_version": null, "size": 8507627, "status": "active", "last_pulled": "2024-01-19T13:32:55.703559Z", "last_pushed": "2022-11-30T21:29:23.232583Z"}, {"architecture": "arm64", "features": "", "variant": null, "digest": "sha256:a34441937abf7223ec968c86a3fab417e90cd3a3dfabe3fecd49f8838578ba07", "os": "linux", "os_features": "", "os_version": null, "size": 8488966, "status": "active", "last_pulled": "2024-01-20T04:25:36.92728Z", "last_pushed": "2022-11-30T21:29:29.024422Z"}, {"architecture": "amd64", "features": "", "variant": null, "digest": "sha256:ea1a71c10be0f0501f9668b0184338a7cbf2d0dac6da536ef13fa8545b3af83c", "os": "linux", "os_features": "", "os_version": null, "size": 9087178, "status": "active", "last_pulled": "2024-01-20T07:41:02.927585Z", "last_pushed": "2022-11-30T21:29:16.724224Z"}], "last_updated": "2022-11-30T21:29:43.330768Z", "last_updater": 15167002, "last_updater_username": "hashicorpcrt", "name": "0.29", "repository": 1518597, "full_size": 8853544, "v2": true, "tag_status": "active", "tag_last_pulled": "2024-01-20T08:33:54.131872Z", "tag_last_pushed": "2022-11-30T21:29:43.330768Z", "media_type": "application/vnd.docker.distribution.manifest.list.v2+json", "content_type": "image", "digest": "sha256:a22c1ebe64af1810994754f34fd1e8b4e95828a36482cfce776170e95e8840fd"}, {"creator": 15167002, "id": 339579665, "images": [{"architecture": "386", "features": "", "variant": null, "digest": "sha256:4b22f01763a88c07a477f76d04b9ab8d29162fae1e7c531e2f4b4169d82d3736", "os": "linux", "os_features": "", "os_version": null, "size": 8853544, "status": "active", "last_pulled": "2024-01-16T19:53:07.066534Z", "last_pushed": "2022-11-30T21:29:10.576902Z"}, {"architecture": "arm", "features": "", "variant": "v6", "digest": "sha256:76cf68014dc629eda6b996b6cb513f364fe882461745fe427b17d92a1526bfa6", "os": "linux", "os_features": "", "os_version": null, "size": 8507627, "status": "active", "last_pulled": "2024-01-19T13:32:55.703559Z", "last_pushed": "2022-11-30T21:29:23.232583Z"}, {"architecture": "arm64", "features": "", "variant": null, "digest": "sha256:a34441937abf7223ec968c86a3fab417e90cd3a3dfabe3fecd49f8838578ba07", "os": "linux", "os_features": "", "os_version": null, "size": 8488966, "status": "active", "last_pulled": "2024-01-20T04:25:36.92728Z", "last_pushed": "2022-11-30T21:29:29.024422Z"}, {"architecture": "amd64", "features": "", "variant": null, "digest": "sha256:ea1a71c10be0f0501f9668b0184338a7cbf2d0dac6da536ef13fa8545b3af83c", "os": "linux", "os_features": "", "os_version": null, "size": 9087178, "status": "active", "last_pulled": "2024-01-20T07:41:02.927585Z", "last_pushed": "2022-11-30T21:29:16.724224Z"}], "last_updated": "2022-11-30T21:29:34.901635Z", "last_updater": 15167002, "last_updater_username": "hashicorpcrt", "name": "0.29.6", "repository": 1518597, "full_size": 8853544, "v2": true, "tag_status": "active", "tag_last_pulled": "2024-01-20T08:33:54.131872Z", "tag_last_pushed": "2022-11-30T21:29:34.901635Z", "media_type": "application/vnd.docker.distribution.manifest.list.v2+json", "content_type": "image", "digest": "sha256:a22c1ebe64af1810994754f34fd1e8b4e95828a36482cfce776170e95e8840fd"}, {"creator": 15167002, "id": 303273326, "images": [{"architecture": "386", "features": "", "variant": null, "digest": "sha256:32f8ffb8db51809d93488527d63f97d267e2a10c0cbe96dfa5cbc408266211ab", "os": "linux", "os_features": "", "os_version": null, "size": 7802063, "status": "active", "last_pulled": "2024-01-12T17:04:56.551647Z", "last_pushed": "2022-10-04T20:40:46.999265Z"}, {"architecture": "arm64", "features": "", "variant": null, "digest": "sha256:4a843e80a506727d8fc1cf89361e17ad19c889f2e51d82b7123910004bfd8d97", "os": "linux", "os_features": "", "os_version": null, "size": 7609370, "status": "active", "last_pulled": "2024-01-05T18:55:37.618319Z", "last_pushed": "2022-10-04T20:40:32.742928Z"}, {"architecture": "amd64", "features": "", "variant": null, "digest": "sha256:96b798a3f7eceb45b020adc3a1211d545cb74ff6519d26d759d78c92d714944b", "os": "linux", "os_features": "", "os_version": null, "size": 8159784, "status": "active", "last_pulled": "2024-01-17T22:21:54.873095Z", "last_pushed": "2022-10-04T20:40:25.055926Z"}, {"architecture": "arm", "features": "", "variant": "v6", "digest": "sha256:e716a55ba28c790b03b6ac6091017c15ebebefb96359bf63132b21f6c9779fb4", "os": "linux", "os_features": "", "os_version": null, "size": 7577469, "status": "active", "last_pulled": "2024-01-12T13:41:07.227186Z", "last_pushed": "2022-10-04T20:40:40.260967Z"}], "last_updated": "2022-10-04T20:40:54.385402Z", "last_updater": 15167002, "last_updater_username": "hashicorpcrt", "name": "0.29.5", "repository": 1518597, "full_size": 7802063, "v2": true, "tag_status": "active", "tag_last_pulled": "2024-01-20T00:07:54.848961Z", "tag_last_pushed": "2022-10-04T20:40:54.385402Z", "media_type": "application/vnd.docker.distribution.manifest.list.v2+json", "content_type": "image", "digest": "sha256:66325e7452888d1da3b4e96a7042af4e9489c110eee25d0f2651ce702b4b7e49"}, {"creator": 15167002, "id": 300934171, "images": [{"architecture": "arm64", "features": "", "variant": null, "digest": "sha256:3084ba4499fff3ee380c065de91aef7f34fca004d6663f78b7749bb9c1b27071", "os": "linux", "os_features": "", "os_version": null, "size": 7609369, "status": "active", "last_pulled": "2024-01-05T18:55:39.19684Z", "last_pushed": "2022-09-30T23:16:54.766187Z"}, {"architecture": "amd64", "features": "", "variant": null, "digest": "sha256:3a19cfae9fed0cd44e62bba055333c237ce5f564dd9b494257daeeb6b1eb7e91", "os": "linux", "os_features": "", "os_version": null, "size": 8159781, "status": "active", "last_pulled": "2024-01-15T09:55:03.390411Z", "last_pushed": "2022-09-30T23:17:01.605475Z"}, {"architecture": "386", "features": "", "variant": null, "digest": "sha256:873bf9439bdfa5bc553804efdbf707fd9f86e271dc4a47a88d1cd71ab9186636", "os": "linux", "os_features": "", "os_version": null, "size": 7802065, "status": "active", "last_pulled": "2024-01-05T18:55:39.191642Z", "last_pushed": "2022-09-30T23:17:08.724694Z"}, {"architecture": "arm", "features": "", "variant": "v6", "digest": "sha256:cb275f81391beebd3724be548f2313b86b6a48dae195830503246f2999aa20b4", "os": "linux", "os_features": "", "os_version": null, "size": 7577418, "status": "active", "last_pulled": "2024-01-05T18:55:39.543307Z", "last_pushed": "2022-09-30T23:17:15.884446Z"}], "last_updated": "2022-09-30T23:17:22.936301Z", "last_updater": 15167002, "last_updater_username": "hashicorpcrt", "name": "0.29.4", "repository": 1518597, "full_size": 7609369, "v2": true, "tag_status": "active", "tag_last_pulled": "2024-01-18T17:22:48.949798Z", "tag_last_pushed": "2022-09-30T23:17:22.936301Z", "media_type": "application/vnd.docker.distribution.manifest.list.v2+json", "content_type": "image", "digest": "sha256:db03e5b36030dec539b3b1ce724aaa032588721e501e3f1abf94955ec60033dd"}, {"creator": 15167002, "id": 300886644, "images": [{"architecture": "amd64", "features": "", "variant": null, "digest": "sha256:330f8a13c053a070d8a7c23bed4b0a7717d60946740d474bc4d14ca72dd0307a", "os": "linux", "os_features": "", "os_version": null, "size": 8159776, "status": "active", "last_pulled": "2024-01-15T09:55:03.287193Z", "last_pushed": "2022-09-30T20:48:51.448498Z"}, {"architecture": "386", "features": "", "variant": null, "digest": "sha256:94d063aec08afb15d77b9e4d9c0c8e2b7e2d7ca7f0b10699badbf459fd4f3193", "os": "linux", "os_features": "", "os_version": null, "size": 7802053, "status": "active", "last_pulled": "2024-01-05T18:55:40.831828Z", "last_pushed": "2022-09-30T20:48:31.078542Z"}, {"architecture": "arm", "features": "", "variant": "v6", "digest": "sha256:bf74e2a91fc08d0a1789e01617248238fb4a3f97d4652bed853c52876e33954d", "os": "linux", "os_features": "", "os_version": null, "size": 7577366, "status": "active", "last_pulled": "2024-01-05T18:55:40.772109Z", "last_pushed": "2022-09-30T20:48:38.147293Z"}, {"architecture": "arm64", "features": "", "variant": null, "digest": "sha256:e6d874c28d8611a7b1bf679f9351259cc6430aa7e9bfbbe0f2e41f5464f88004", "os": "linux", "os_features": "", "os_version": null, "size": 7609361, "status": "active", "last_pulled": "2024-01-05T18:55:41.146877Z", "last_pushed": "2022-09-30T20:48:44.940798Z"}], "last_updated": "2022-09-30T20:48:57.96531Z", "last_updater": 15167002, "last_updater_username": "hashicorpcrt", "name": "0.29.3", "repository": 1518597, "full_size": 8159776, "v2": true, "tag_status": "active", "tag_last_pulled": "2024-01-16T19:32:29.306091Z", "tag_last_pushed": "2022-09-30T20:48:57.96531Z", "media_type": "application/vnd.docker.distribution.manifest.list.v2+json", "content_type": "image", "digest": "sha256:3ea7fb2bcf4903242b06ad086b37c70a648ed10e833828fd52c0567bc2f63fee"}, {"creator": 15167002, "id": 273210508, "images": [{"architecture": "arm64", "features": "", "variant": null, "digest": "sha256:28710f7bb0277f979ce46b52833ce44faa3bb89aa535ccbc77b4447a19c02a56", "os": "linux", "os_features": "", "os_version": null, "size": 7601054, "status": "active", "last_pulled": "2024-01-19T13:33:35.501647Z", "last_pushed": "2022-08-16T21:51:51.189915Z"}, {"architecture": "amd64", "features": "", "variant": null, "digest": "sha256:87ef53e415e33cbc3b18feba49943ed9cfa34de8c05b3aa56e1ec80a7bdd201c", "os": "linux", "os_features": "", "os_version": null, "size": 8146335, "status": "active", "last_pulled": "2024-01-20T02:00:03.470319Z", "last_pushed": "2022-08-16T21:51:28.235226Z"}, {"architecture": "arm", "features": "", "variant": "v6", "digest": "sha256:93c32694c88efad69c324b5e256cf3e0df296acf95fc11aa11b306a2f22ce4b6", "os": "linux", "os_features": "", "os_version": null, "size": 7565892, "status": "active", "last_pulled": "2024-01-05T18:55:42.701777Z", "last_pushed": "2022-08-16T21:51:20.395417Z"}, {"architecture": "386", "features": "", "variant": null, "digest": "sha256:c4ddb2669583928928c3d419a334dbeaaee7130f72b79d53c63d335e879ec4cb", "os": "linux", "os_features": "", "os_version": null, "size": 7790896, "status": "active", "last_pulled": "2024-01-05T18:55:42.805552Z", "last_pushed": "2022-08-16T21:51:12.958728Z"}], "last_updated": "2022-08-16T21:51:43.248131Z", "last_updater": 15167002, "last_updater_username": "hashicorpcrt", "name": "0.29.2", "repository": 1518597, "full_size": 7601054, "v2": true, "tag_status": "active", "tag_last_pulled": "2024-01-20T09:05:18.657468Z", "tag_last_pushed": "2022-08-16T21:51:43.248131Z", "media_type": "application/vnd.docker.distribution.manifest.list.v2+json", "content_type": "image", "digest": "sha256:a1c00e9eb5de00ebbd1bbd86aaeada6ac644c4ab376b595eb1d02131ff42ffa7"}, {"creator": 15167002, "id": 241584510, "images": [{"architecture": "arm", "features": "", "variant": "v6", "digest": "sha256:20c9a77b5aa8344730cf6e567edd14983ef18fd0d6887f283a01fdbb3676fbdc", "os": "linux", "os_features": "", "os_version": null, "size": 7465193, "status": "active", "last_pulled": "2024-01-18T13:31:31.789895Z", "last_pushed": "2022-06-24T21:24:57.346582Z"}, {"architecture": "arm64", "features": "", "variant": null, "digest": "sha256:3e2ef69f82124de157fe6a934bc597b5c1cb00698d74c28547af0b6d2f5a8929", "os": "linux", "os_features": "", "os_version": null, "size": 7494322, "status": "active", "last_pulled": "2024-01-19T12:55:23.25678Z", "last_pushed": "2022-06-24T21:25:02.161323Z"}, {"architecture": "386", "features": "", "variant": null, "digest": "sha256:5fba8167553eee5aa519895563a4c43ae696b3b49a168934daff98fa16c2ef9f", "os": "linux", "os_features": "", "os_version": null, "size": 7693199, "status": "active", "last_pulled": "2024-01-05T18:55:44.576254Z", "last_pushed": "2022-06-24T21:25:06.596229Z"}, {"architecture": "amd64", "features": "", "variant": null, "digest": "sha256:e3b4337708e7d01ff42ba8627095d3a4933c01f8bce7bbd06cdf2439fb4322cf", "os": "linux", "os_features": "", "os_version": null, "size": 8038816, "status": "active", "last_pulled": "2024-01-20T01:52:16.137766Z", "last_pushed": "2022-06-24T21:24:52.31606Z"}], "last_updated": "2022-06-24T21:24:21.221656Z", "last_updater": 15167002, "last_updater_username": "hashicorpcrt", "name": "0.29.1", "repository": 1518597, "full_size": 7465193, "v2": true, "tag_status": "active", "tag_last_pulled": "2024-01-20T01:52:16.137766Z", "tag_last_pushed": "2022-06-24T21:24:21.221656Z", "media_type": "application/vnd.docker.distribution.manifest.list.v2+json", "content_type": "image"}, {"creator": 15167002, "id": 204056057, "images": [{"architecture": "amd64", "features": "", "variant": null, "digest": "sha256:21ed91ff4d4a8da3296d7788ba8914735f0d37e606f453df570e72aac1253b08", "os": "linux", "os_features": "", "os_version": null, "size": 6945250, "status": "active", "last_pulled": "2024-01-19T23:48:23.391787Z", "last_pushed": "2022-04-20T23:56:16.964508Z"}, {"architecture": "386", "features": "", "variant": null, "digest": "sha256:3415f1a1f169cf9141e7119e3178f2ec907afb0a258c273d023f8e8cbe197f2a", "os": "linux", "os_features": "", "os_version": null, "size": 6648661, "status": "active", "last_pulled": "2024-01-10T09:56:36.872057Z", "last_pushed": "2022-04-20T23:56:08.410764Z"}, {"architecture": "arm64", "features": "", "variant": null, "digest": "sha256:6f43808fc2db33b714fa5a20bcda02440bcfce737ee0b53c558d2965a060dfeb", "os": "linux", "os_features": "", "os_version": null, "size": 6491494, "status": "active", "last_pulled": "2024-01-10T09:43:28.895305Z", "last_pushed": "2022-04-20T23:56:12.712764Z"}, {"architecture": "arm", "features": "", "variant": "v6", "digest": "sha256:74739b500ac76ebe256ff30035d465009c22d80c6c4561d794e617aa333823d3", "os": "linux", "os_features": "", "os_version": null, "size": 6443493, "status": "active", "last_pulled": "2024-01-10T09:43:28.75919Z", "last_pushed": "2022-04-20T23:56:21.351367Z"}], "last_updated": "2022-04-20T23:55:41.379541Z", "last_updater": 15167002, "last_updater_username": "hashicorpcrt", "name": "0.29.0", "repository": 1518597, "full_size": 6945250, "v2": true, "tag_status": "active", "tag_last_pulled": "2024-01-19T23:48:23.391787Z", "tag_last_pushed": "2022-04-20T23:55:41.379541Z", "media_type": "application/vnd.docker.distribution.manifest.list.v2+json", "content_type": "image"}, {"creator": 6194909, "id": 201208545, "images": [{"architecture": "amd64", "features": "", "variant": null, "digest": "sha256:3bbda2a8e670061f7f5a91deac968942c0fe29e87e2f75880bf3e46cf9efd456", "os": "linux", "os_features": "", "os_version": null, "size": 10396303, "status": "active", "last_pulled": "2024-01-15T09:55:00.746599Z", "last_pushed": "2022-04-04T20:09:38.804044Z"}, {"architecture": "arm64", "features": "", "variant": null, "digest": "sha256:6ff198163713345f657074d16679b091804529b800951134c2680f1db1eebb0c", "os": "linux", "os_features": "", "os_version": null, "size": 9667756, "status": "active", "last_pulled": "2024-01-05T18:55:47.764092Z", "last_pushed": "2022-04-04T20:09:39.116668Z"}, {"architecture": "386", "features": "", "variant": null, "digest": "sha256:1fc7eb22bdd1f7bb5a701b9a6935a7099c04a64f6edcba43b447d568f06c27d6", "os": "linux", "os_features": "", "os_version": null, "size": 9994284, "status": "active", "last_pulled": "2024-01-05T18:55:48.241014Z", "last_pushed": "2022-04-04T20:09:38.96498Z"}, {"architecture": "arm", "features": "", "variant": "v6", "digest": "sha256:c66bc44c63b410626b8e8d1e90d76da7855c3b34f87861fa29fc4d35c4baeb24", "os": "linux", "os_features": "", "os_version": null, "size": 9577076, "status": "active", "last_pulled": "2024-01-05T18:55:48.327319Z", "last_pushed": "2022-04-04T20:09:39.283979Z"}], "last_updated": "2022-04-04T20:09:39.791053Z", "last_updater": 6194909, "last_updater_username": "hashicorpconsul", "name": "0.28.1", "repository": 1518597, "full_size": 10396303, "v2": true, "tag_status": "active", "tag_last_pulled": "2024-01-15T09:55:00.746599Z", "tag_last_pushed": "2022-04-04T20:09:39.791053Z", "media_type": "application/vnd.docker.distribution.manifest.list.v2+json", "content_type": "image"}, {"creator": 6194909, "id": 195494265, "images": [{"architecture": "amd64", "features": "", "variant": null, "digest": "sha256:385913e282b7bb5056900aaec9d62d1b2fc4a4c49d3cc9047c5931a9f6d573e3", "os": "linux", "os_features": "", "os_version": null, "size": 10392352, "status": "active", "last_pulled": "2024-01-17T21:51:53.277966Z", "last_pushed": "2022-03-03T22:50:04.917836Z"}, {"architecture": "arm64", "features": "", "variant": null, "digest": "sha256:f141bb46b8d1f9e005bc7ff66354750138cfb3d4a5c19501b2f72f7ed0ddb510", "os": "linux", "os_features": "", "os_version": null, "size": 9661724, "status": "active", "last_pulled": "2024-01-05T18:55:49.301375Z", "last_pushed": "2022-03-03T22:50:05.072699Z"}, {"architecture": "386", "features": "", "variant": null, "digest": "sha256:7914e82c84a29c9315241ded24c5fa6169977e5dfb08aba150a5077f87faaf2a", "os": "linux", "os_features": "", "os_version": null, "size": 9996309, "status": "active", "last_pulled": "2024-01-12T18:10:55.755598Z", "last_pushed": "2022-03-03T22:50:04.741896Z"}, {"architecture": "arm", "features": "", "variant": "v6", "digest": "sha256:6f054d925f7ef37c0acae05f4718dabfdc6663064bcf95329f5b3b5d4120119f", "os": "linux", "os_features": "", "os_version": null, "size": 9580005, "status": "active", "last_pulled": "2024-01-15T15:42:49.387441Z", "last_pushed": "2022-03-03T22:50:05.283994Z"}], "last_updated": "2022-03-03T22:50:05.955033Z", "last_updater": 6194909, "last_updater_username": "hashicorpconsul", "name": "0.28.0", "repository": 1518597, "full_size": 10392352, "v2": true, "tag_status": "active", "tag_last_pulled": "2024-01-17T21:51:53.277966Z", "tag_last_pushed": "2022-03-03T22:50:05.955033Z", "media_type": "application/vnd.docker.distribution.manifest.list.v2+json", "content_type": "image"}, {"creator": 6194909, "id": 175973277, "images": [{"architecture": "amd64", "features": "", "variant": null, "digest": "sha256:52dfd640f39f0a14fcf8665d13980ea7fe6b69d56fada2f279d6a9d46d865ddc", "os": "linux", "os_features": "", "os_version": null, "size": 9957392, "status": "active", "last_pulled": "2024-01-20T05:01:04.378472Z", "last_pushed": "2021-11-05T17:51:56.208721Z"}, {"architecture": "arm64", "features": "", "variant": null, "digest": "sha256:abb8f5a989103c11dc54da5af11fe477a4d503a2e3953bf1513f9f6b858b01c4", "os": "linux", "os_features": "", "os_version": null, "size": 9399984, "status": "active", "last_pulled": "2024-01-20T05:01:04.688983Z", "last_pushed": "2021-11-05T17:51:56.348036Z"}, {"architecture": "386", "features": "", "variant": null, "digest": "sha256:cde45d410ded97b0895f0840f99c3b285a06c9b3e5214de0f04603570bc64030", "os": "linux", "os_features": "", "os_version": null, "size": 9781651, "status": "active", "last_pulled": "2024-01-20T05:01:04.969683Z", "last_pushed": "2021-11-05T17:51:56.042394Z"}, {"architecture": "arm", "features": "", "variant": "v6", "digest": "sha256:c31dbcd4ec0e55490f17cabae757227de6cccd906f314ba565195fb56511a759", "os": "linux", "os_features": "", "os_version": null, "size": 9360973, "status": "active", "last_pulled": "2024-01-20T05:01:05.339845Z", "last_pushed": "2021-11-05T17:51:56.49621Z"}], "last_updated": "2021-11-05T17:51:56.727435Z", "last_updater": 6194909, "last_updater_username": "hashicorpconsul", "name": "0.27.2", "repository": 1518597, "full_size": 9957392, "v2": true, "tag_status": "active", "tag_last_pulled": "2024-01-20T05:01:05.339845Z", "tag_last_pushed": "2021-11-05T17:51:56.727435Z", "media_type": "application/vnd.docker.distribution.manifest.list.v2+json", "content_type": "image"}, {"creator": 6194909, "id": 168542836, "images": [{"architecture": "arm", "features": "", "variant": "v6", "digest": "sha256:7e33187485f011ed56f536f9e1c3b3e23cc3d72c4c9e2f6c252b6ca0b870f5d9", "os": "linux", "os_features": "", "os_version": null, "size": 9330299, "status": "active", "last_pulled": "2024-01-05T18:55:51.986864Z", "last_pushed": "2021-09-22T23:23:52.953233Z"}, {"architecture": "amd64", "features": "", "variant": null, "digest": "sha256:bd4598eacef071efd88b6fd15cef985ab1ef7986db73e8af17645381c50c83b4", "os": "linux", "os_features": "", "os_version": null, "size": 9920659, "status": "active", "last_pulled": "2024-01-15T09:55:00.252954Z", "last_pushed": "2021-09-22T23:23:53.168317Z"}, {"architecture": "386", "features": "", "variant": null, "digest": "sha256:eeaa8e4428cdefdd54fb17f0c2ed10cc7d4151c099f30d2a1ff83ff576e45a0a", "os": "linux", "os_features": "", "os_version": null, "size": 9747461, "status": "active", "last_pulled": "2024-01-05T18:55:53.224236Z", "last_pushed": "2021-09-22T23:23:52.756506Z"}, {"architecture": "arm64", "features": "", "variant": null, "digest": "sha256:98d30df7777a11a3200f04d252dfa9fbe03a156a78783b7c899426edcdfad70e", "os": "linux", "os_features": "", "os_version": null, "size": 9368279, "status": "active", "last_pulled": "2024-01-05T18:55:53.284015Z", "last_pushed": "2021-09-22T23:23:53.363063Z"}], "last_updated": "2021-09-22T23:23:53.655428Z", "last_updater": 6194909, "last_updater_username": "hashicorpconsul", "name": "0.27.1", "repository": 1518597, "full_size": 9920659, "v2": true, "tag_status": "active", "tag_last_pulled": "2024-01-15T09:55:00.252954Z", "tag_last_pushed": "2021-09-22T23:23:53.655428Z", "media_type": "application/vnd.docker.distribution.manifest.list.v2+json", "content_type": "image"}, {"creator": 6194909, "id": 162937919, "images": [{"architecture": "amd64", "features": "", "variant": null, "digest": "sha256:122585921f650b7742fa801e4d10a6fe73145fc9f656a5b56d46bde0aa50d731", "os": "linux", "os_features": "", "os_version": null, "size": 9910112, "status": "active", "last_pulled": "2024-01-17T09:15:48.736002Z", "last_pushed": "2021-08-17T00:13:13.973728Z"}, {"architecture": "386", "features": "", "variant": null, "digest": "sha256:a684d3161d3d6ecf8c250f72a9a5edbacc5840c9522bc2ecd1aab36ca4ab0984", "os": "linux", "os_features": "", "os_version": null, "size": 9734796, "status": "active", "last_pulled": "2024-01-05T18:55:53.948068Z", "last_pushed": "2021-08-17T00:13:13.79084Z"}, {"architecture": "arm64", "features": "", "variant": null, "digest": "sha256:3c1c4b4df88c75714993157e5e92803cb50544fb3cd35fab82c4bc245f66e340", "os": "linux", "os_features": "", "os_version": null, "size": 9385707, "status": "active", "last_pulled": "2024-01-05T18:55:54.813637Z", "last_pushed": "2021-08-17T00:13:14.190321Z"}, {"architecture": "arm", "features": "", "variant": "v6", "digest": "sha256:f3b5d32be2d1eee40ace9e3836c280a613fcf99397be0a06a13b7ca2e12f6e2b", "os": "linux", "os_features": "", "os_version": null, "size": 9324993, "status": "active", "last_pulled": "2024-01-05T18:55:54.936656Z", "last_pushed": "2021-08-17T00:13:14.476292Z"}], "last_updated": "2021-08-17T00:13:14.82927Z", "last_updater": 6194909, "last_updater_username": "hashicorpconsul", "name": "0.27.0", "repository": 1518597, "full_size": 9910112, "v2": true, "tag_status": "active", "tag_last_pulled": "2024-01-17T09:15:48.736002Z", "tag_last_pushed": "2021-08-17T00:13:14.82927Z", "media_type": "application/vnd.docker.distribution.manifest.list.v2+json", "content_type": "image"}, {"creator": 6194909, "id": 153770441, "images": [{"architecture": "arm64", "features": "", "variant": null, "digest": "sha256:dee4d15f16c01f45cadd2d864f57d600ad08fa91e6857ddd754bff63b9622411", "os": "linux", "os_features": "", "os_version": null, "size": 11126152, "status": "active", "last_pulled": "2024-01-10T10:38:46.777566Z", "last_pushed": "2021-06-11T17:57:26.371787Z"}, {"architecture": "386", "features": "", "variant": null, "digest": "sha256:ce91935984b8e18fd1d65a0dfd6a9019882f66ac88bc5d2196cfb321576ddb7c", "os": "linux", "os_features": "", "os_version": null, "size": 11545854, "status": "active", "last_pulled": "2024-01-10T10:43:32.945947Z", "last_pushed": "2021-06-11T17:57:25.876039Z"}, {"architecture": "amd64", "features": "", "variant": null, "digest": "sha256:81f586a6ee188772e3a7babfe65f0eab882fe9c20906b2a8c99093965bda4cdd", "os": "linux", "os_features": "", "os_version": null, "size": 11635004, "status": "active", "last_pulled": "2024-01-19T19:21:49.70185Z", "last_pushed": "2021-06-11T17:57:26.134822Z"}, {"architecture": "arm", "features": "", "variant": "v6", "digest": "sha256:f1b790d2db92a29dfd360e0d9ae68fce470a18357959a399d4edded9aaa5a3f4", "os": "linux", "os_features": "", "os_version": null, "size": 10989665, "status": "active", "last_pulled": "2024-01-10T10:38:47.007769Z", "last_pushed": "2021-06-11T17:57:25.661007Z"}], "last_updated": "2021-06-11T17:57:22.462721Z", "last_updater": 6194909, "last_updater_username": "hashicorpconsul", "name": "0.26.0", "repository": 1518597, "full_size": 11635004, "v2": true, "tag_status": "active", "tag_last_pulled": "2024-01-19T19:21:49.70185Z", "tag_last_pushed": "2021-06-11T17:57:22.462721Z", "media_type": "application/vnd.docker.distribution.manifest.list.v2+json", "content_type": "image"}, {"creator": 6194909, "id": 138354006, "images": [{"architecture": "amd64", "features": "", "variant": null, "digest": "sha256:f8ed4039c010d906f21ea5a75b49d63da43d351cd0539e0e0a1a7caa685ac774", "os": "linux", "os_features": "", "os_version": null, "size": 4421922, "status": "active", "last_pulled": "2024-01-20T09:05:38.775924Z", "last_pushed": "2021-02-20T01:05:22.118023Z"}], "last_updated": "2021-02-20T01:05:22.118023Z", "last_updater": 6194909, "last_updater_username": "hashicorpconsul", "name": "0.25.2-scratch", "repository": 1518597, "full_size": 4421922, "v2": true, "tag_status": "active", "tag_last_pulled": "2024-01-20T09:05:38.775924Z", "tag_last_pushed": "2021-02-20T01:05:22.118023Z", "media_type": "application/vnd.docker.container.image.v1+json", "content_type": "image"}, {"creator": 39525, "id": 17574144, "images": [{"architecture": "amd64", "features": "", "variant": null, "digest": "sha256:f8ed4039c010d906f21ea5a75b49d63da43d351cd0539e0e0a1a7caa685ac774", "os": "linux", "os_features": "", "os_version": null, "size": 4421922, "status": "active", "last_pulled": "2024-01-20T09:05:38.775924Z", "last_pushed": "2021-02-20T01:05:22.118023Z"}], "last_updated": "2021-02-20T01:05:20.147753Z", "last_updater": 6194909, "last_updater_username": "hashicorpconsul", "name": "scratch", "repository": 1518597, "full_size": 4421922, "v2": true, "tag_status": "active", "tag_last_pulled": "2024-01-20T09:05:38.775924Z", "tag_last_pushed": "2021-02-20T01:05:20.147753Z", "media_type": "application/vnd.docker.container.image.v1+json", "content_type": "image"}, {"creator": 6194909, "id": 138353999, "images": [{"architecture": "amd64", "features": "", "variant": null, "digest": "sha256:b0f95cdfa9f773c4ffed80b86dbbbded51370ded88f76f683d88c25fd6ed3277", "os": "linux", "os_features": "", "os_version": null, "size": 7406895, "status": "active", "last_pulled": "2024-01-20T05:56:16.518567Z", "last_pushed": "2021-02-20T01:05:09.282822Z"}], "last_updated": "2021-02-20T01:05:09.282822Z", "last_updater": 6194909, "last_updater_username": "hashicorpconsul", "name": "0.25.2-light", "repository": 1518597, "full_size": 7406895, "v2": true, "tag_status": "active", "tag_last_pulled": "2024-01-20T05:56:16.518567Z", "tag_last_pushed": "2021-02-20T01:05:09.282822Z"}, {"creator": 1520973, "id": 48326665, "images": [{"architecture": "amd64", "features": "", "variant": null, "digest": "sha256:b0f95cdfa9f773c4ffed80b86dbbbded51370ded88f76f683d88c25fd6ed3277", "os": "linux", "os_features": "", "os_version": null, "size": 7406895, "status": "active", "last_pulled": "2024-01-20T05:56:16.518567Z", "last_pushed": "2021-02-20T01:05:09.282822Z"}], "last_updated": "2021-02-20T01:05:07.208351Z", "last_updater": 6194909, "last_updater_username": "hashicorpconsul", "name": "light", "repository": 1518597, "full_size": 7406895, "v2": true, "tag_status": "active", "tag_last_pulled": "2024-01-20T05:56:16.518567Z", "tag_last_pushed": "2021-02-20T01:05:07.208351Z", "media_type": "application/vnd.docker.container.image.v1+json", "content_type": "image"}, {"creator": 6194909, "id": 138353989, "images": [{"architecture": "amd64", "features": "", "variant": null, "digest": "sha256:c04a62f4849e0f1a487acacd6a12a380a45f1c40050ac528342148dd35a5045a", "os": "linux", "os_features": "", "os_version": null, "size": 7436090, "status": "active", "last_pulled": "2024-01-20T09:31:11.739771Z", "last_pushed": "2021-02-20T01:04:57.564637Z"}], "last_updated": "2021-02-20T01:04:57.564637Z", "last_updater": 6194909, "last_updater_username": "hashicorpconsul", "name": "0.25.2-alpine", "repository": 1518597, "full_size": 7436090, "v2": true, "tag_status": "active", "tag_last_pulled": "2024-01-20T09:31:11.739771Z", "tag_last_pushed": "2021-02-20T01:04:57.564637Z", "media_type": "application/vnd.docker.container.image.v1+json", "content_type": "image"}, {"creator": 39525, "id": 12429713, "images": [{"architecture": "amd64", "features": "", "variant": null, "digest": "sha256:c04a62f4849e0f1a487acacd6a12a380a45f1c40050ac528342148dd35a5045a", "os": "linux", "os_features": "", "os_version": null, "size": 7436090, "status": "active", "last_pulled": "2024-01-20T09:31:11.739771Z", "last_pushed": "2021-02-20T01:04:57.564637Z"}], "last_updated": "2021-02-20T01:04:55.140047Z", "last_updater": 6194909, "last_updater_username": "hashicorpconsul", "name": "alpine", "repository": 1518597, "full_size": 7436090, "v2": true, "tag_status": "active", "tag_last_pulled": "2024-01-20T09:31:11.739771Z", "tag_last_pushed": "2021-02-20T01:04:55.140047Z", "media_type": "application/vnd.docker.container.image.v1+json", "content_type": "image"}, {"creator": 6428149, "id": 110621679, "images": [{"architecture": "amd64", "features": "", "variant": null, "digest": "sha256:13710309c7c4d3e5c660af925a4e65056b5461981a399c03081866bb92025724", "os": "linux", "os_features": "", "os_version": null, "size": 4403673, "status": "active", "last_pulled": "2024-01-19T23:05:08.312991Z", "last_pushed": null}], "last_updated": "2020-07-27T20:15:06.127705Z", "last_updater": 6428149, "last_updater_username": "eikenb", "name": "0.25.1-scratch", "repository": 1518597, "full_size": 4403673, "v2": true, "tag_status": "active", "tag_last_pulled": "2024-01-19T23:05:08.312991Z", "tag_last_pushed": "2020-07-27T20:15:06.127705Z", "media_type": "application/vnd.docker.container.image.v1+json", "content_type": "image"}, {"creator": 6428149, "id": 110621593, "images": [{"architecture": "amd64", "features": "", "variant": null, "digest": "sha256:a2d4b2eb181af486c93718417d6091248cbe14024594833e99455311afb42b15", "os": "linux", "os_features": "", "os_version": null, "size": 7410451, "status": "active", "last_pulled": "2024-01-19T18:00:12.71093Z", "last_pushed": null}], "last_updated": "2020-07-27T20:14:51.074806Z", "last_updater": 6428149, "last_updater_username": "eikenb", "name": "0.25.1-alpine", "repository": 1518597, "full_size": 7410451, "v2": true, "tag_status": "active", "tag_last_pulled": "2024-01-19T18:00:12.71093Z", "tag_last_pushed": "2020-07-27T20:14:51.074806Z", "media_type": "application/vnd.docker.container.image.v1+json", "content_type": "image"}, {"creator": 6428149, "id": 110621625, "images": [{"architecture": "amd64", "features": "", "variant": null, "digest": "sha256:f2b2b6d3779f7099aa1e78ca77ebbb144b595963c69c4c66716cabea4342c907", "os": "linux", "os_features": "", "os_version": null, "size": 7381267, "status": "active", "last_pulled": "2024-01-19T02:35:10.199222Z", "last_pushed": null}], "last_updated": "2020-07-27T20:14:50.888633Z", "last_updater": 6428149, "last_updater_username": "eikenb", "name": "0.25.1-light", "repository": 1518597, "full_size": 7381267, "v2": true, "tag_status": "active", "tag_last_pulled": "2024-01-19T02:35:10.199222Z", "tag_last_pushed": "2020-07-27T20:14:50.888633Z", "media_type": "application/vnd.docker.container.image.v1+json", "content_type": "image"}, {"creator": 6428149, "id": 97605153, "images": [{"architecture": "amd64", "features": "", "variant": null, "digest": "sha256:203bcb5454b733b06cc4dae00ecf92f1b9a0db7a1ef97d2372d8ee122b1e0b54", "os": "linux", "os_features": "", "os_version": null, "size": 4405248, "status": "active", "last_pulled": "2024-01-20T09:23:29.789237Z", "last_pushed": null}], "last_updated": "2020-04-27T21:17:06.188494Z", "last_updater": 6428149, "last_updater_username": "eikenb", "name": "0.25.0-scratch", "repository": 1518597, "full_size": 4405248, "v2": true, "tag_status": "active", "tag_last_pulled": "2024-01-20T09:23:29.789237Z", "tag_last_pushed": "2020-04-27T21:17:06.188494Z", "media_type": "application/vnd.docker.container.image.v1+json", "content_type": "image"}, {"creator": 6428149, "id": 97605103, "images": [{"architecture": "amd64", "features": "", "variant": null, "digest": "sha256:3b66eb2c7ad69cbe5545dbdde530a65cbf05018028abba07f16d72f548b8f6ee", "os": "linux", "os_features": "", "os_version": null, "size": 7383414, "status": "active", "last_pulled": "2024-01-20T09:10:59.588094Z", "last_pushed": null}], "last_updated": "2020-04-27T21:16:50.929578Z", "last_updater": 6428149, "last_updater_username": "eikenb", "name": "0.25.0-light", "repository": 1518597, "full_size": 7383414, "v2": true, "tag_status": "active", "tag_last_pulled": "2024-01-20T09:10:59.588094Z", "tag_last_pushed": "2020-04-27T21:16:50.929578Z", "media_type": "application/vnd.docker.container.image.v1+json", "content_type": "image"}, {"creator": 6428149, "id": 97605082, "images": [{"architecture": "amd64", "features": "", "variant": null, "digest": "sha256:0f9e89ea4ec14e71cf43b490ac43f767521239443e31831ebf9176949b3cdd26", "os": "linux", "os_features": "", "os_version": null, "size": 7412528, "status": "active", "last_pulled": "2024-01-20T09:34:31.550859Z", "last_pushed": null}], "last_updated": "2020-04-27T21:16:49.615985Z", "last_updater": 6428149, "last_updater_username": "eikenb", "name": "0.25.0-alpine", "repository": 1518597, "full_size": 7412528, "v2": true, "tag_status": "active", "tag_last_pulled": "2024-01-20T09:34:31.550859Z", "tag_last_pushed": "2020-04-27T21:16:49.615985Z", "media_type": "application/vnd.docker.container.image.v1+json", "content_type": "image"}, {"creator": 6428149, "id": 81947923, "images": [{"architecture": "amd64", "features": "", "variant": null, "digest": "sha256:4cbf6348eb00f3d857239847d0f8d4a3ea224b6e7369f23a4ab9f14b8ba08d1a", "os": "linux", "os_features": "", "os_version": null, "size": 7264698, "status": "active", "last_pulled": "2024-01-18T02:24:10.768709Z", "last_pushed": null}], "last_updated": "2020-04-27T21:16:48.405345Z", "last_updater": 6428149, "last_updater_username": "eikenb", "name": "0.24.0-alpine", "repository": 1518597, "full_size": 7264698, "v2": true, "tag_status": "active", "tag_last_pulled": "2024-01-18T02:24:10.768709Z", "tag_last_pushed": "2020-04-27T21:16:48.405345Z", "media_type": "application/vnd.docker.container.image.v1+json", "content_type": "image"}, {"creator": 6428149, "id": 84048680, "images": [{"architecture": "amd64", "features": "", "variant": null, "digest": "sha256:33c58ce188ac12616a83829bf18230beb40aeb535f637370b99cec65fa1cb3fa", "os": "linux", "os_features": "", "os_version": null, "size": 4257287, "status": "active", "last_pulled": "2024-01-20T08:23:39.589025Z", "last_pushed": null}], "last_updated": "2020-01-25T00:46:32.510354Z", "last_updater": 6428149, "last_updater_username": "eikenb", "name": "0.24.1-scratch", "repository": 1518597, "full_size": 4257287, "v2": true, "tag_status": "active", "tag_last_pulled": "2024-01-20T08:23:39.589025Z", "tag_last_pushed": "2020-01-25T00:46:32.510354Z", "media_type": "application/vnd.docker.container.image.v1+json", "content_type": "image"}, {"creator": 6428149, "id": 84048664, "images": [{"architecture": "amd64", "features": "", "variant": null, "digest": "sha256:7aa19be2822b7795aa5c349881ac766361d71883184a804987ad29e3dfed1dcf", "os": "linux", "os_features": "", "os_version": null, "size": 7235406, "status": "active", "last_pulled": "2024-01-20T08:23:29.581672Z", "last_pushed": null}], "last_updated": "2020-01-25T00:46:17.529525Z", "last_updater": 6428149, "last_updater_username": "eikenb", "name": "0.24.1-light", "repository": 1518597, "full_size": 7235406, "v2": true, "tag_status": "active", "tag_last_pulled": "2024-01-20T08:23:29.581672Z", "tag_last_pushed": "2020-01-25T00:46:17.529525Z", "media_type": "application/vnd.docker.container.image.v1+json", "content_type": "image"}, {"creator": 6428149, "id": 84048661, "images": [{"architecture": "amd64", "features": "", "variant": null, "digest": "sha256:3f1962a18dcf9de0af25640387a63e5a32b1f5c49650a4789510ce58bdd43c74", "os": "linux", "os_features": "", "os_version": null, "size": 7992626, "status": "active", "last_pulled": "2024-01-20T09:37:34.4128Z", "last_pushed": null}], "last_updated": "2020-01-25T00:46:16.304534Z", "last_updater": 6428149, "last_updater_username": "eikenb", "name": "0.24.1-alpine", "repository": 1518597, "full_size": 7992626, "v2": true, "tag_status": "active", "tag_last_pulled": "2024-01-20T09:37:34.4128Z", "tag_last_pushed": "2020-01-25T00:46:16.304534Z", "media_type": "application/vnd.docker.container.image.v1+json", "content_type": "image"}, {"creator": 6428149, "id": 81947968, "images": [{"architecture": "amd64", "features": "", "variant": null, "digest": "sha256:6a75658ebd2f4a207d69293743cc70e71ae230f7dd0988314aa2b509770d986b", "os": "linux", "os_features": "", "os_version": null, "size": 4257285, "status": "active", "last_pulled": "2024-01-19T08:10:08.92068Z", "last_pushed": null}], "last_updated": "2020-01-25T00:46:14.907815Z", "last_updater": 6428149, "last_updater_username": "eikenb", "name": "0.24.0-scratch", "repository": 1518597, "full_size": 4257285, "v2": true, "tag_status": "active", "tag_last_pulled": "2024-01-19T08:10:08.92068Z", "tag_last_pushed": "2020-01-25T00:46:14.907815Z", "media_type": "application/vnd.docker.container.image.v1+json", "content_type": "image"}, {"creator": 6428149, "id": 81947942, "images": [{"architecture": "amd64", "features": "", "variant": null, "digest": "sha256:2a26dfaa3a647cda8c6c414d713b29f8ef019e2225422a2353511b4f76173d63", "os": "linux", "os_features": "", "os_version": null, "size": 7235392, "status": "active", "last_pulled": "2024-01-19T22:19:49.814465Z", "last_pushed": null}], "last_updated": "2020-01-25T00:46:13.036884Z", "last_updater": 6428149, "last_updater_username": "eikenb", "name": "0.24.0-light", "repository": 1518597, "full_size": 7235392, "v2": true, "tag_status": "active", "tag_last_pulled": "2024-01-19T22:19:49.814465Z", "tag_last_pushed": "2020-01-25T00:46:13.036884Z", "media_type": "application/vnd.docker.container.image.v1+json", "content_type": "image"}, {"creator": 6428149, "id": 76276643, "images": [{"architecture": "amd64", "features": "", "variant": null, "digest": "sha256:2e7720e0b8ed257bf37936e590c09c6e0131baa843cff376a1858820d81fcccf", "os": "linux", "os_features": "", "os_version": null, "size": 7977140, "status": "active", "last_pulled": "2024-01-20T02:00:05.134064Z", "last_pushed": null}], "last_updated": "2020-01-08T21:15:01.081798Z", "last_updater": 6428149, "last_updater_username": "eikenb", "name": "0.23.0-alpine", "repository": 1518597, "full_size": 7977140, "v2": true, "tag_status": "active", "tag_last_pulled": "2024-01-20T02:00:05.134064Z", "tag_last_pushed": "2020-01-08T21:15:01.081798Z", "media_type": "application/vnd.docker.container.image.v1+json", "content_type": "image"}, {"creator": 6428149, "id": 76276793, "images": [{"architecture": "amd64", "features": "", "variant": null, "digest": "sha256:eea827f0998602b27345ba9dbe6cc8d5887965dfe8dd6ce3a579c1a240d30f38", "os": "linux", "os_features": "", "os_version": null, "size": 4256229, "status": "active", "last_pulled": "2024-01-20T07:46:29.572868Z", "last_pushed": null}], "last_updated": "2019-11-14T01:17:44.715474Z", "last_updater": 6428149, "last_updater_username": "eikenb", "name": "0.23.0-scratch", "repository": 1518597, "full_size": 4256229, "v2": true, "tag_status": "active", "tag_last_pulled": "2024-01-20T07:46:29.572868Z", "tag_last_pushed": "2019-11-14T01:17:44.715474Z", "media_type": "application/vnd.docker.container.image.v1+json", "content_type": "image"}, {"creator": 6428149, "id": 76276654, "images": [{"architecture": "amd64", "features": "", "variant": null, "digest": "sha256:a8fb9a50f40cb5acbb1701ea5b13817fac3bb21430f1fc54c6aab3c985865f5d", "os": "linux", "os_features": "", "os_version": null, "size": 7220316, "status": "active", "last_pulled": "2024-01-20T00:04:09.831616Z", "last_pushed": null}], "last_updated": "2019-11-14T01:17:35.27605Z", "last_updater": 6428149, "last_updater_username": "eikenb", "name": "0.23.0-light", "repository": 1518597, "full_size": 7220316, "v2": true, "tag_status": "active", "tag_last_pulled": "2024-01-20T00:04:09.831616Z", "tag_last_pushed": "2019-11-14T01:17:35.27605Z", "media_type": "application/vnd.docker.container.image.v1+json", "content_type": "image"}, {"creator": 6428149, "id": 75658519, "images": [{"architecture": "amd64", "features": "", "variant": null, "digest": "sha256:dca60a6a7656ee09c5bd845ce297c00ea422b0a84a22c6aee3e02988046ac0d0", "os": "linux", "os_features": "", "os_version": null, "size": 4252892, "status": "active", "last_pulled": "2024-01-19T11:35:40.050987Z", "last_pushed": null}], "last_updated": "2019-11-14T01:17:32.453351Z", "last_updater": 6428149, "last_updater_username": "eikenb", "name": "0.22.1-scratch", "repository": 1518597, "full_size": 4252892, "v2": true, "tag_status": "active", "tag_last_pulled": "2024-01-19T11:35:40.050987Z", "tag_last_pushed": "2019-11-14T01:17:32.453351Z", "media_type": "application/vnd.docker.container.image.v1+json", "content_type": "image"}, {"creator": 6428149, "id": 75658486, "images": [{"architecture": "amd64", "features": "", "variant": null, "digest": "sha256:6fa1485457310ad425255fb4538a451a2b657364f11ea285e05d5c42aaae9a88", "os": "linux", "os_features": "", "os_version": null, "size": 7216986, "status": "active", "last_pulled": "2024-01-18T14:53:30.661276Z", "last_pushed": null}], "last_updated": "2019-11-14T01:17:31.206336Z", "last_updater": 6428149, "last_updater_username": "eikenb", "name": "0.22.1-light", "repository": 1518597, "full_size": 7216986, "v2": true, "tag_status": "active", "tag_last_pulled": "2024-01-18T14:53:30.661276Z", "tag_last_pushed": "2019-11-14T01:17:31.206336Z", "media_type": "application/vnd.docker.container.image.v1+json", "content_type": "image"}, {"creator": 6428149, "id": 75658459, "images": [{"architecture": "amd64", "features": "", "variant": null, "digest": "sha256:1f923b2247ba4b2a83c062b9d4c7910c49f5f8610b1868cb47387c9d562ab11f", "os": "linux", "os_features": "", "os_version": null, "size": 8794173, "status": "active", "last_pulled": "2024-01-19T19:11:54.234135Z", "last_pushed": null}], "last_updated": "2019-11-14T01:17:29.760557Z", "last_updater": 6428149, "last_updater_username": "eikenb", "name": "0.22.1-alpine", "repository": 1518597, "full_size": 8794173, "v2": true, "tag_status": "active", "tag_last_pulled": "2024-01-19T19:11:54.234135Z", "tag_last_pushed": "2019-11-14T01:17:29.760557Z", "media_type": "application/vnd.docker.container.image.v1+json", "content_type": "image"}, {"creator": 6428149, "id": 68546268, "images": [{"architecture": "amd64", "features": "", "variant": null, "digest": "sha256:1289c79ffc6f481ae8d2ef857eed05b594eb8a4287ae605e2bf26ff95c661a61", "os": "linux", "os_features": "", "os_version": null, "size": 4244082, "status": "active", "last_pulled": "2024-01-19T19:43:40.069144Z", "last_pushed": null}], "last_updated": "2019-09-11T00:35:45.639755Z", "last_updater": 6428149, "last_updater_username": "eikenb", "name": "0.22.0-scratch", "repository": 1518597, "full_size": 4244082, "v2": true, "tag_status": "active", "tag_last_pulled": "2024-01-19T19:43:40.069144Z", "tag_last_pushed": "2019-09-11T00:35:45.639755Z", "media_type": "application/vnd.docker.container.image.v1+json", "content_type": "image"}, {"creator": 6428149, "id": 68546248, "images": [{"architecture": "amd64", "features": "", "variant": null, "digest": "sha256:7279a7bf3b7d372fd33b8242d60f26965926488477153e9f44a4303e71e1aa41", "os": "linux", "os_features": "", "os_version": null, "size": 7209170, "status": "active", "last_pulled": "2024-01-20T09:07:49.563579Z", "last_pushed": null}], "last_updated": "2019-09-11T00:35:25.706977Z", "last_updater": 6428149, "last_updater_username": "eikenb", "name": "0.22.0-light", "repository": 1518597, "full_size": 7209170, "v2": true, "tag_status": "active", "tag_last_pulled": "2024-01-20T09:07:49.563579Z", "tag_last_pushed": "2019-09-11T00:35:25.706977Z", "media_type": "application/vnd.docker.container.image.v1+json", "content_type": "image"}, {"creator": 6428149, "id": 68546236, "images": [{"architecture": "amd64", "features": "", "variant": null, "digest": "sha256:c922ca6d5cd1a4b4603ab0b91e8ee8080a2c472e03245bd4aff63243ec5add93", "os": "linux", "os_features": "", "os_version": null, "size": 8782825, "status": "active", "last_pulled": "2024-01-20T09:18:36.810213Z", "last_pushed": null}], "last_updated": "2019-09-11T00:35:24.255002Z", "last_updater": 6428149, "last_updater_username": "eikenb", "name": "0.22.0-alpine", "repository": 1518597, "full_size": 8782825, "v2": true, "tag_status": "active", "tag_last_pulled": "2024-01-20T09:18:36.810213Z", "tag_last_pushed": "2019-09-11T00:35:24.255002Z", "media_type": "application/vnd.docker.container.image.v1+json", "content_type": "image"}, {"creator": 6428149, "id": 68045414, "images": [{"architecture": "amd64", "features": "", "variant": null, "digest": "sha256:91eed6a2b3e4b15619c43c4a9cd36f1d8160cc8412d5d18a1eefa5c8449c5dab", "os": "linux", "os_features": "", "os_version": null, "size": 4203434, "status": "active", "last_pulled": "2024-01-19T21:40:58.988053Z", "last_pushed": null}], "last_updated": "2019-09-05T20:36:57.170586Z", "last_updater": 6428149, "last_updater_username": "eikenb", "name": "0.21.3-scratch", "repository": 1518597, "full_size": 4203434, "v2": true, "tag_status": "active", "tag_last_pulled": "2024-01-19T21:40:58.988053Z", "tag_last_pushed": "2019-09-05T20:36:57.170586Z", "media_type": "application/vnd.docker.container.image.v1+json", "content_type": "image"}, {"creator": 6428149, "id": 68045372, "images": [{"architecture": "amd64", "features": "", "variant": null, "digest": "sha256:1a06f98c9117559f06b96cc8bbec8e30a3eb836bc76c7a9ae37e165b65dda7b9", "os": "linux", "os_features": "", "os_version": null, "size": 7168578, "status": "active", "last_pulled": "2024-01-19T21:40:38.933587Z", "last_pushed": null}], "last_updated": "2019-09-05T20:36:41.496048Z", "last_updater": 6428149, "last_updater_username": "eikenb", "name": "0.21.3-light", "repository": 1518597, "full_size": 7168578, "v2": true, "tag_status": "active", "tag_last_pulled": "2024-01-19T21:40:38.933587Z", "tag_last_pushed": "2019-09-05T20:36:41.496048Z", "media_type": "application/vnd.docker.container.image.v1+json", "content_type": "image"}, {"creator": 6428149, "id": 68045353, "images": [{"architecture": "amd64", "features": "", "variant": null, "digest": "sha256:6791c12d9f8dce7ff6d808510262d3f9c7bffcd9f32b45f3b9026d14608faa30", "os": "linux", "os_features": "", "os_version": null, "size": 8742249, "status": "active", "last_pulled": "2024-01-20T09:06:18.801334Z", "last_pushed": null}], "last_updated": "2019-09-05T20:36:40.098882Z", "last_updater": 6428149, "last_updater_username": "eikenb", "name": "0.21.3-alpine", "repository": 1518597, "full_size": 8742249, "v2": true, "tag_status": "active", "tag_last_pulled": "2024-01-20T09:06:18.801334Z", "tag_last_pushed": "2019-09-05T20:36:40.098882Z", "media_type": "application/vnd.docker.container.image.v1+json", "content_type": "image"}, {"creator": 6428149, "id": 67473944, "images": [{"architecture": "amd64", "features": "", "variant": null, "digest": "sha256:bcc6e7fe58fca72297f0828c2c428b9af6bb8ffd42b39fee7e14dfdf5292161a", "os": "linux", "os_features": "", "os_version": null, "size": 4203251, "status": "active", "last_pulled": "2024-01-20T02:16:08.904657Z", "last_pushed": null}], "last_updated": "2019-09-05T20:36:38.621801Z", "last_updater": 6428149, "last_updater_username": "eikenb", "name": "0.21.2-scratch", "repository": 1518597, "full_size": 4203251, "v2": true, "tag_status": "active", "tag_last_pulled": "2024-01-20T02:16:08.904657Z", "tag_last_pushed": "2019-09-05T20:36:38.621801Z", "media_type": "application/vnd.docker.container.image.v1+json", "content_type": "image"}, {"creator": 6428149, "id": 67473939, "images": [{"architecture": "amd64", "features": "", "variant": null, "digest": "sha256:ba069ab8939b0733e4f084c21960dec130b56dc682625a0bbf20b9cd7f35e699", "os": "linux", "os_features": "", "os_version": null, "size": 7168402, "status": "active", "last_pulled": "2024-01-20T09:05:58.776907Z", "last_pushed": null}], "last_updated": "2019-09-05T20:36:36.706694Z", "last_updater": 6428149, "last_updater_username": "eikenb", "name": "0.21.2-light", "repository": 1518597, "full_size": 7168402, "v2": true, "tag_status": "active", "tag_last_pulled": "2024-01-20T09:05:58.776907Z", "tag_last_pushed": "2019-09-05T20:36:36.706694Z", "media_type": "application/vnd.docker.container.image.v1+json", "content_type": "image"}, {"creator": 6428149, "id": 67473933, "images": [{"architecture": "amd64", "features": "", "variant": null, "digest": "sha256:d584b7a50ca3014ac8c7e901ef341554d40445af421d7fdc31d46b9b6e92ded0", "os": "linux", "os_features": "", "os_version": null, "size": 8742072, "status": "active", "last_pulled": "2024-01-20T09:05:28.806509Z", "last_pushed": null}], "last_updated": "2019-09-05T20:36:34.894666Z", "last_updater": 6428149, "last_updater_username": "eikenb", "name": "0.21.2-alpine", "repository": 1518597, "full_size": 8742072, "v2": true, "tag_status": "active", "tag_last_pulled": "2024-01-20T09:05:28.806509Z", "tag_last_pushed": "2019-09-05T20:36:34.894666Z", "media_type": "application/vnd.docker.container.image.v1+json", "content_type": "image"}, {"creator": 6428149, "id": 67424505, "images": [{"architecture": "amd64", "features": "", "variant": null, "digest": "sha256:be6f8e563be1ef9931eff4a49b686b4485c4095534b61686b358e658edb81651", "os": "linux", "os_features": "", "os_version": null, "size": 4202972, "status": "active", "last_pulled": "2024-01-20T05:51:58.935981Z", "last_pushed": null}], "last_updated": "2019-08-30T19:54:19.04233Z", "last_updater": 6428149, "last_updater_username": "eikenb", "name": "0.21.1-scratch", "repository": 1518597, "full_size": 4202972, "v2": true, "tag_status": "active", "tag_last_pulled": "2024-01-20T05:51:58.935981Z", "tag_last_pushed": "2019-08-30T19:54:19.04233Z", "media_type": "application/vnd.docker.container.image.v1+json", "content_type": "image"}, {"creator": 6428149, "id": 67424497, "images": [{"architecture": "amd64", "features": "", "variant": null, "digest": "sha256:b51625fd36c6e1ecdde1fd3d5f23a920b4e15655aaf11f370846fdf4aa175a99", "os": "linux", "os_features": "", "os_version": null, "size": 7168208, "status": "active", "last_pulled": "2024-01-20T07:11:38.925265Z", "last_pushed": null}], "last_updated": "2019-08-30T19:54:04.163285Z", "last_updater": 6428149, "last_updater_username": "eikenb", "name": "0.21.1-light", "repository": 1518597, "full_size": 7168208, "v2": true, "tag_status": "active", "tag_last_pulled": "2024-01-20T07:11:38.925265Z", "tag_last_pushed": "2019-08-30T19:54:04.163285Z", "media_type": "application/vnd.docker.container.image.v1+json", "content_type": "image"}, {"creator": 6428149, "id": 67424485, "images": [{"architecture": "amd64", "features": "", "variant": null, "digest": "sha256:7cd6ca0ee6def938140c5a444ee47269e039a938f93e7a274e37fd9ff4d2daf1", "os": "linux", "os_features": "", "os_version": null, "size": 8741886, "status": "active", "last_pulled": "2024-01-19T21:04:39.803522Z", "last_pushed": null}], "last_updated": "2019-08-30T19:54:02.73482Z", "last_updater": 6428149, "last_updater_username": "eikenb", "name": "0.21.1-alpine", "repository": 1518597, "full_size": 8741886, "v2": true, "tag_status": "active", "tag_last_pulled": "2024-01-19T21:04:39.803522Z", "tag_last_pushed": "2019-08-30T19:54:02.73482Z", "media_type": "application/vnd.docker.container.image.v1+json", "content_type": "image"}, {"creator": 6428149, "id": 64474475, "images": [{"architecture": "amd64", "features": "", "variant": null, "digest": "sha256:c0df89bb9344cf529ae185c07bd156d7e1476ed1947146bc1df5ff615ff03a42", "os": "linux", "os_features": "", "os_version": null, "size": 4197765, "status": "active", "last_pulled": "2024-01-20T05:19:39.569611Z", "last_pushed": null}], "last_updated": "2019-08-05T22:14:29.896288Z", "last_updater": 6428149, "last_updater_username": "eikenb", "name": "0.21.0-scratch", "repository": 1518597, "full_size": 4197765, "v2": true, "tag_status": "active", "tag_last_pulled": "2024-01-20T05:19:39.569611Z", "tag_last_pushed": "2019-08-05T22:14:29.896288Z", "media_type": "application/vnd.docker.container.image.v1+json", "content_type": "image"}, {"creator": 6428149, "id": 64474455, "images": [{"architecture": "amd64", "features": "", "variant": null, "digest": "sha256:938ce312c81f73e57b6d0269749d016f67be14415936fae75e4217d8ed382318", "os": "linux", "os_features": "", "os_version": null, "size": 7161772, "status": "active", "last_pulled": "2024-01-20T04:18:48.891169Z", "last_pushed": null}], "last_updated": "2019-08-05T22:14:13.3439Z", "last_updater": 6428149, "last_updater_username": "eikenb", "name": "0.21.0-light", "repository": 1518597, "full_size": 7161772, "v2": true, "tag_status": "active", "tag_last_pulled": "2024-01-20T04:18:48.891169Z", "tag_last_pushed": "2019-08-05T22:14:13.3439Z", "media_type": "application/vnd.docker.container.image.v1+json", "content_type": "image"}, {"creator": 6428149, "id": 64474445, "images": [{"architecture": "amd64", "features": "", "variant": null, "digest": "sha256:7e2f78d18ea696ab418323abf8b49852015fcf1daaacc306384779d705221fc1", "os": "linux", "os_features": "", "os_version": null, "size": 8735317, "status": "active", "last_pulled": "2024-01-20T04:18:28.880889Z", "last_pushed": null}], "last_updated": "2019-08-05T22:14:11.925054Z", "last_updater": 6428149, "last_updater_username": "eikenb", "name": "0.21.0-alpine", "repository": 1518597, "full_size": 8735317, "v2": true, "tag_status": "active", "tag_last_pulled": "2024-01-20T04:18:28.880889Z", "tag_last_pushed": "2019-08-05T22:14:11.925054Z", "media_type": "application/vnd.docker.container.image.v1+json", "content_type": "image"}, {"creator": 6428149, "id": 64007245, "images": [{"architecture": "amd64", "features": "", "variant": null, "digest": "sha256:0f46de6de0b1473d25e65d79fca0bfd8a0eaf71f7941b2179aba3545530a484f", "os": "linux", "os_features": "", "os_version": null, "size": 4060646, "status": "active", "last_pulled": "2024-01-20T04:37:29.593314Z", "last_pushed": null}], "last_updated": "2019-07-31T22:50:45.239492Z", "last_updater": 6428149, "last_updater_username": "eikenb", "name": "0.20.1-scratch", "repository": 1518597, "full_size": 4060646, "v2": true, "tag_status": "active", "tag_last_pulled": "2024-01-20T04:37:29.593314Z", "tag_last_pushed": "2019-07-31T22:50:45.239492Z", "media_type": "application/vnd.docker.container.image.v1+json", "content_type": "image"}, {"creator": 6428149, "id": 64007202, "images": [{"architecture": "amd64", "features": "", "variant": null, "digest": "sha256:7f6bd565dcd967061632a1c1afc67418a5e0ef880904be857a2b768a9eccd044", "os": "linux", "os_features": "", "os_version": null, "size": 7024549, "status": "active", "last_pulled": "2024-01-20T08:20:38.793335Z", "last_pushed": null}], "last_updated": "2019-07-30T22:18:20.726574Z", "last_updater": 6428149, "last_updater_username": "eikenb", "name": "0.20.1-light", "repository": 1518597, "full_size": 7024549, "v2": true, "tag_status": "active", "tag_last_pulled": "2024-01-20T08:20:38.793335Z", "tag_last_pushed": "2019-07-30T22:18:20.726574Z", "media_type": "application/vnd.docker.container.image.v1+json", "content_type": "image"}, {"creator": 6428149, "id": 64007222, "images": [{"architecture": "amd64", "features": "", "variant": null, "digest": "sha256:50ab5c992787c95d217992c6482a783c908073f9e2a4eede8f9a58a6730471d1", "os": "linux", "os_features": "", "os_version": null, "size": 8598146, "status": "active", "last_pulled": "2024-01-20T08:20:08.757797Z", "last_pushed": null}], "last_updated": "2019-07-30T22:18:19.346062Z", "last_updater": 6428149, "last_updater_username": "eikenb", "name": "0.20.1-dev-alpine", "repository": 1518597, "full_size": 8598146, "v2": true, "tag_status": "active", "tag_last_pulled": "2024-01-20T08:20:08.757797Z", "tag_last_pushed": "2019-07-30T22:18:19.346062Z", "media_type": "application/vnd.docker.container.image.v1+json", "content_type": "image"}, {"creator": 6428149, "id": 64007167, "images": [{"architecture": "amd64", "features": "", "variant": null, "digest": "sha256:5a0c80bc9cc6450e04597e4bca78b1740fbc7ee1cb702b6299d8b0449dde756a", "os": "linux", "os_features": "", "os_version": null, "size": 8598167, "status": "active", "last_pulled": "2024-01-20T08:19:48.756493Z", "last_pushed": null}], "last_updated": "2019-07-30T22:18:10.760458Z", "last_updater": 6428149, "last_updater_username": "eikenb", "name": "0.20.1-alpine", "repository": 1518597, "full_size": 8598167, "v2": true, "tag_status": "active", "tag_last_pulled": "2024-01-20T08:19:48.756493Z", "tag_last_pushed": "2019-07-30T22:18:10.760458Z", "media_type": "application/vnd.docker.container.image.v1+json", "content_type": "image"}, {"creator": 1520973, "id": 48326681, "images": [{"architecture": "amd64", "features": "", "variant": null, "digest": "sha256:5cfdc201f2d8dc0693db9859987c3ecf95677d9a9ae50ef1b86c359c02e8e82c", "os": "linux", "os_features": "", "os_version": null, "size": 3717913, "status": "active", "last_pulled": "2024-01-20T07:44:09.606014Z", "last_pushed": null}], "last_updated": "2019-03-01T04:38:13.632745Z", "last_updater": 1520973, "last_updater_username": "pearkes", "name": "0.20.0-scratch", "repository": 1518597, "full_size": 3717913, "v2": true, "tag_status": "active", "tag_last_pulled": "2024-01-20T07:44:09.606014Z", "tag_last_pushed": "2019-03-01T04:38:13.632745Z", "media_type": "application/vnd.docker.container.image.v1+json", "content_type": "image"}, {"creator": 1520973, "id": 48326677, "images": [{"architecture": "amd64", "features": "", "variant": null, "digest": "sha256:1e35ec64c6ac97affe853436a588317ae7f308ff1b82bb9452b310455876d842", "os": "linux", "os_features": "", "os_version": null, "size": 6348369, "status": "active", "last_pulled": "2024-01-20T07:43:49.553681Z", "last_pushed": null}], "last_updated": "2019-03-01T04:38:06.503995Z", "last_updater": 1520973, "last_updater_username": "pearkes", "name": "0.20.0-light", "repository": 1518597, "full_size": 6348369, "v2": true, "tag_status": "active", "tag_last_pulled": "2024-01-20T07:43:49.553681Z", "tag_last_pushed": "2019-03-01T04:38:06.503995Z", "media_type": "application/vnd.docker.container.image.v1+json", "content_type": "image"}, {"creator": 1520973, "id": 48326675, "images": [{"architecture": "amd64", "features": "", "variant": null, "digest": "sha256:597815ee6f134f893c4303553c37d804d84a6c6e3c73a6aaad4d2465c83917e6", "os": "linux", "os_features": "", "os_version": null, "size": 8322629, "status": "active", "last_pulled": "2024-01-20T09:25:39.152774Z", "last_pushed": null}], "last_updated": "2019-03-01T04:38:05.253019Z", "last_updater": 1520973, "last_updater_username": "pearkes", "name": "0.20.0-alpine", "repository": 1518597, "full_size": 8322629, "v2": true, "tag_status": "active", "tag_last_pulled": "2024-01-20T09:25:39.152774Z", "tag_last_pushed": "2019-03-01T04:38:05.253019Z", "media_type": "application/vnd.docker.container.image.v1+json", "content_type": "image"}, {"creator": 3503235, "id": 30969547, "images": [{"architecture": "amd64", "features": "", "variant": null, "digest": "sha256:10231a7bcab9c2a5d054cd3e862b5c200afd14176c262172f3ba4289a9b21e55", "os": "linux", "os_features": "", "os_version": null, "size": 2995555, "status": "active", "last_pulled": "2024-01-20T09:01:49.529782Z", "last_pushed": null}], "last_updated": "2018-07-13T19:42:35.525588Z", "last_updater": 3503235, "last_updater_username": "pbanks", "name": "0.19.5-scratch", "repository": 1518597, "full_size": 2995555, "v2": true, "tag_status": "active", "tag_last_pulled": "2024-01-20T09:01:49.529782Z", "tag_last_pushed": "2018-07-13T19:42:35.525588Z", "media_type": "application/vnd.docker.container.image.v1+json", "content_type": "image"}, {"creator": 3503235, "id": 30969589, "images": [{"architecture": "amd64", "features": "", "variant": null, "digest": "sha256:1c13ba0ad84b762c747ad963a93f532ffe734812c64cf6e215b32b375ee405ad", "os": "linux", "os_features": "", "os_version": null, "size": 2995555, "status": "active", "last_pulled": "2024-01-20T09:08:19.560042Z", "last_pushed": null}], "last_updated": "2018-07-13T19:42:26.274745Z", "last_updater": 3503235, "last_updater_username": "pbanks", "name": "0.19.6-dev-scratch", "repository": 1518597, "full_size": 2995555, "v2": true, "tag_status": "active", "tag_last_pulled": "2024-01-20T09:08:19.560042Z", "tag_last_pushed": "2018-07-13T19:42:26.274745Z", "media_type": "application/vnd.docker.container.image.v1+json", "content_type": "image"}, {"creator": 3503235, "id": 30969580, "images": [{"architecture": "amd64", "features": "", "variant": null, "digest": "sha256:1f86dd0f38626ecb211d00505fb1993b525590fabbbb734ab9722cd50728bf7d", "os": "linux", "os_features": "", "os_version": null, "size": 6822106, "status": "active", "last_pulled": "2024-01-20T09:02:34.057311Z", "last_pushed": null}], "last_updated": "2018-07-13T19:42:16.510337Z", "last_updater": 3503235, "last_updater_username": "pbanks", "name": "0.19.6-dev-alpine", "repository": 1518597, "full_size": 6822106, "v2": true, "tag_status": "active", "tag_last_pulled": "2024-01-20T09:02:34.057311Z", "tag_last_pushed": "2018-07-13T19:42:16.510337Z", "media_type": "application/vnd.docker.container.image.v1+json", "content_type": "image"}, {"creator": 3503235, "id": 30969561, "images": [{"architecture": "amd64", "features": "", "variant": null, "digest": "sha256:35952c86e6323421b6b166191af004ffdf698df1293e9da1e9aa3cbc4e5cb498", "os": "linux", "os_features": "", "os_version": null, "size": 6819394, "status": "active", "last_pulled": "2024-01-20T09:07:39.571944Z", "last_pushed": null}], "last_updated": "2018-07-13T19:42:00.985581Z", "last_updater": 3503235, "last_updater_username": "pbanks", "name": "0.19.5.dev-alpine", "repository": 1518597, "full_size": 6819394, "v2": true, "tag_status": "active", "tag_last_pulled": "2024-01-20T09:07:39.571944Z", "tag_last_pushed": "2018-07-13T19:42:00.985581Z", "media_type": "application/vnd.docker.container.image.v1+json", "content_type": "image"}, {"creator": 3503235, "id": 30969537, "images": [{"architecture": "amd64", "features": "", "variant": null, "digest": "sha256:35bf9a24a68d8fa089a78c1b13f76260f5daf511e427f872ba392a9e6ee99041", "os": "linux", "os_features": "", "os_version": null, "size": 6826253, "status": "active", "last_pulled": "2024-01-20T09:47:49.555789Z", "last_pushed": null}], "last_updated": "2018-07-13T19:41:35.544975Z", "last_updater": 3503235, "last_updater_username": "pbanks", "name": "0.19.5-alpine", "repository": 1518597, "full_size": 6826253, "v2": true, "tag_status": "active", "tag_last_pulled": "2024-01-20T09:47:49.555789Z", "tag_last_pushed": "2018-07-13T19:41:35.544975Z", "media_type": "application/vnd.docker.container.image.v1+json", "content_type": "image"}, {"creator": 39525, "id": 17574140, "images": [{"architecture": "amd64", "features": "", "variant": null, "digest": "sha256:6d02b1b7e9b1a6a5a0beb09ef9afbb1dccbf73400f11fca3300455160d76a473", "os": "linux", "os_features": "", "os_version": null, "size": 6754116, "status": "active", "last_pulled": "2024-01-20T07:55:58.748192Z", "last_pushed": null}], "last_updated": "2018-07-13T19:41:33.742636Z", "last_updater": 3503235, "last_updater_username": "pbanks", "name": "0.19.4-alpine", "repository": 1518597, "full_size": 6754116, "v2": true, "tag_status": "active", "tag_last_pulled": "2024-01-20T07:55:58.748192Z", "tag_last_pushed": "2018-07-13T19:41:33.742636Z", "media_type": "application/vnd.docker.container.image.v1+json", "content_type": "image"}, {"creator": 39525, "id": 17574147, "images": [{"architecture": "amd64", "features": "", "variant": null, "digest": "sha256:6a3a015801b242b4c439ffca49a1666cc39d6d956f6df300c3c19a8ffc371b54", "os": "linux", "os_features": "", "os_version": null, "size": 2981345, "status": "active", "last_pulled": "2024-01-20T08:50:39.570862Z", "last_pushed": null}], "last_updated": "2017-11-06T15:07:04.622117Z", "last_updater": 39525, "last_updater_username": "sethvargo", "name": "0.19.4-scratch", "repository": 1518597, "full_size": 2981345, "v2": true, "tag_status": "active", "tag_last_pulled": "2024-01-20T08:50:39.570862Z", "tag_last_pushed": "2017-11-06T15:07:04.622117Z", "media_type": "application/vnd.docker.container.image.v1+json", "content_type": "image"}, {"creator": 39525, "id": 12429720, "images": [{"architecture": "amd64", "features": "", "variant": null, "digest": "sha256:2ed93948fd5f5d2c8019d81034637f2077878fbbdbcd953a706a347c978d8f68", "os": "linux", "os_features": "", "os_version": null, "size": 6597543, "status": "active", "last_pulled": "2024-01-20T09:01:29.528556Z", "last_pushed": null}], "last_updated": "2017-06-29T10:32:41.074868Z", "last_updater": 39525, "last_updater_username": "sethvargo", "name": "0.19.0-alpine", "repository": 1518597, "full_size": 6597543, "v2": true, "tag_status": "active", "tag_last_pulled": "2024-01-20T09:01:29.528556Z", "tag_last_pushed": "2017-06-29T10:32:41.074868Z", "media_type": "application/vnd.docker.container.image.v1+json", "content_type": "image"}, {"creator": 39525, "id": 12429716, "images": [{"architecture": "amd64", "features": "", "variant": null, "digest": "sha256:06ea8e28499162ce5968413f49ce0e8417ec9f487da2881a7c0daa10b2930393", "os": "linux", "os_features": "", "os_version": null, "size": 2853040, "status": "active", "last_pulled": "2024-01-20T09:24:19.524399Z", "last_pushed": null}], "last_updated": "2017-06-29T10:32:33.729389Z", "last_updater": 39525, "last_updater_username": "sethvargo", "name": "0.19.0", "repository": 1518597, "full_size": 2853040, "v2": true, "tag_status": "active", "tag_last_pulled": "2024-01-20T09:24:19.524399Z", "tag_last_pushed": "2017-06-29T10:32:33.729389Z", "media_type": "application/vnd.docker.container.image.v1+json", "content_type": "image"}, {"creator": 39525, "id": 11271041, "images": [{"architecture": "amd64", "features": "", "variant": null, "digest": "sha256:5521bcaae3d3c2ae6ad9099ed2a6f72776bdc02666ba8efe5150f7facd0c574e", "os": "linux", "os_features": "", "os_version": null, "size": 2565125, "status": "active", "last_pulled": "2024-01-20T09:24:49.579752Z", "last_pushed": null}], "last_updated": "2017-05-25T16:34:13.456007Z", "last_updater": 39525, "last_updater_username": "sethvargo", "name": "0.18.5", "repository": 1518597, "full_size": 2565125, "v2": true, "tag_status": "active", "tag_last_pulled": "2024-01-20T09:24:49.579752Z", "tag_last_pushed": "2017-05-25T16:34:13.456007Z", "media_type": "application/vnd.docker.container.image.v1+json", "content_type": "image"}]