[{"creator": 8064215, "id": 73755920, "images": [{"architecture": "amd64", "features": "", "variant": null, "digest": "sha256:4e1d3de8e43cea7be20208d20006b381ceb7bd4a85341e6a2ca44abdebe8e4b6", "os": "linux", "os_features": "", "os_version": null, "size": 11778162, "status": "active", "last_pulled": "2024-01-20T09:08:17.737509Z", "last_pushed": "2023-12-20T19:33:40.660153Z"}, {"architecture": "unknown", "features": "", "variant": null, "digest": "sha256:7b7e3fb4968a145c70fc38d69801e144feb9b125163df4e4be62b6b6f1652a94", "os": "unknown", "os_features": "", "os_version": null, "size": 11066, "status": "active", "last_pulled": "2024-01-20T07:31:28.196597Z", "last_pushed": "2023-12-20T19:33:40.795741Z"}], "last_updated": "2023-12-20T19:33:40.977327Z", "last_updater": 8064215, "last_updater_username": "newrelicphp", "name": "latest", "repository": 7910629, "full_size": 11778162, "v2": true, "tag_status": "active", "tag_last_pulled": "2024-01-20T09:08:17.737509Z", "tag_last_pushed": "2023-12-20T19:33:40.977327Z", "media_type": "application/vnd.oci.image.index.v1+json", "content_type": "image", "digest": "sha256:7a744fb90884a3af35041a4c9a10e57c7f9def1df40f99e400110c73f9093e7f"}, {"creator": 8064215, "id": 572021076, "images": [{"architecture": "amd64", "features": "", "variant": null, "digest": "sha256:4e1d3de8e43cea7be20208d20006b381ceb7bd4a85341e6a2ca44abdebe8e4b6", "os": "linux", "os_features": "", "os_version": null, "size": 11778162, "status": "active", "last_pulled": "2024-01-20T09:08:17.737509Z", "last_pushed": "2023-12-20T19:33:40.660153Z"}, {"architecture": "unknown", "features": "", "variant": null, "digest": "sha256:7b7e3fb4968a145c70fc38d69801e144feb9b125163df4e4be62b6b6f1652a94", "os": "unknown", "os_features": "", "os_version": null, "size": 11066, "status": "active", "last_pulled": "2024-01-20T07:31:28.196597Z", "last_pushed": "2023-12-20T19:33:40.795741Z"}], "last_updated": "2023-12-20T19:33:43.620947Z", "last_updater": 8064215, "last_updater_username": "newrelicphp", "name": "10.15.0", "repository": 7910629, "full_size": 11778162, "v2": true, "tag_status": "active", "tag_last_pulled": "2024-01-20T09:08:17.737509Z", "tag_last_pushed": "2023-12-20T19:33:43.620947Z", "media_type": "application/vnd.oci.image.index.v1+json", "content_type": "image", "digest": "sha256:7a744fb90884a3af35041a4c9a10e57c7f9def1df40f99e400110c73f9093e7f"}, {"creator": 8064215, "id": 548216431, "images": [{"architecture": "amd64", "features": "", "variant": null, "digest": "sha256:06ccd6d3f3d1c1c4a7c07570da347859e080983323df98512b1204ae6b5944cc", "os": "linux", "os_features": "", "os_version": null, "size": 11777590, "status": "active", "last_pulled": "2024-01-20T08:00:29.636978Z", "last_pushed": "2023-11-13T18:54:11.214499Z"}, {"architecture": "unknown", "features": "", "variant": null, "digest": "sha256:a7a25ef10b503bab78cb6af96a79cf06409345932fa152dbdccf64ea8c71e3cf", "os": "unknown", "os_features": "", "os_version": null, "size": 11066, "status": "active", "last_pulled": "2024-01-05T19:45:29.143271Z", "last_pushed": "2023-11-13T18:54:11.409055Z"}], "last_updated": "2023-11-13T18:54:13.405948Z", "last_updater": 8064215, "last_updater_username": "newrelicphp", "name": "10.14.0", "repository": 7910629, "full_size": 11777590, "v2": true, "tag_status": "active", "tag_last_pulled": "2024-01-20T09:33:24.838106Z", "tag_last_pushed": "2023-11-13T18:54:13.405948Z", "media_type": "application/vnd.oci.image.index.v1+json", "content_type": "image", "digest": "sha256:8079aa680009f9f2067ac4574f068081dbdd5c93a9be8829a54b30c9faa6f338"}, {"creator": 8064215, "id": 523790174, "images": [{"architecture": "amd64", "features": "", "variant": null, "digest": "sha256:10576ecf1781938d6f8df247b530a8b75d1280921b97bdd9c1a0a798b0ddc347", "os": "linux", "os_features": "", "os_version": null, "size": 11593797, "status": "active", "last_pulled": "2024-01-20T07:54:00.887622Z", "last_pushed": "2023-10-03T15:52:55.275458Z"}, {"architecture": "unknown", "features": "", "variant": null, "digest": "sha256:348e3b6e6e2d858182620180f575ca279bbc3515048451edd49b9f891eadfff6", "os": "unknown", "os_features": "", "os_version": null, "size": 11065, "status": "active", "last_pulled": "2024-01-20T07:54:06.684407Z", "last_pushed": "2023-10-03T15:52:55.48961Z"}], "last_updated": "2023-10-03T15:52:56.692723Z", "last_updater": 8064215, "last_updater_username": "newrelicphp", "name": "10.13.0", "repository": 7910629, "full_size": 11593797, "v2": true, "tag_status": "active", "tag_last_pulled": "2024-01-20T09:45:39.729579Z", "tag_last_pushed": "2023-10-03T15:52:56.692723Z", "media_type": "application/vnd.oci.image.index.v1+json", "content_type": "image", "digest": "sha256:b73cc6a9d452a2dc4908fd1f7562f8704d97c5a7e1a6ad7fc827e526e4329ff6"}, {"creator": 8064215, "id": 516787558, "images": [{"architecture": "amd64", "features": "", "variant": null, "digest": "sha256:335fe700c6eda0e12f7473dc3942e7f8b4d02d357b2b3de5575bfeb61f1ae578", "os": "linux", "os_features": "", "os_version": null, "size": 11593793, "status": "active", "last_pulled": "2024-01-20T04:05:37.213226Z", "last_pushed": "2023-09-20T19:32:40.220422Z"}, {"architecture": "unknown", "features": "", "variant": null, "digest": "sha256:61c65b40e76855c114680a069a7e9b49f9270de97e100b184912b85e00c59fe0", "os": "unknown", "os_features": "", "os_version": null, "size": 11064, "status": "active", "last_pulled": "2024-01-05T19:45:30.745061Z", "last_pushed": "2023-09-20T19:32:39.940678Z"}], "last_updated": "2023-09-20T19:32:41.868419Z", "last_updater": 8064215, "last_updater_username": "newrelicphp", "name": "10.12.0", "repository": 7910629, "full_size": 11593793, "v2": true, "tag_status": "active", "tag_last_pulled": "2024-01-20T04:05:37.213226Z", "tag_last_pushed": "2023-09-20T19:32:41.868419Z", "media_type": "application/vnd.oci.image.index.v1+json", "content_type": "image", "digest": "sha256:dbd512d2beb28f150589031725e6588a76825b7940e4a95cfa40fd676d7edd6e"}, {"creator": 8064215, "id": 460666330, "images": [{"architecture": "amd64", "features": "", "variant": null, "digest": "sha256:aee6328e333e682defa2710ab3eb2f5de3e71899cc731cc1665cf575a5c28039", "os": "linux", "os_features": "", "os_version": null, "size": 11593793, "status": "active", "last_pulled": "2024-01-20T09:33:27.08399Z", "last_pushed": "2023-06-20T16:13:59.230677Z"}, {"architecture": "unknown", "features": "", "variant": null, "digest": "sha256:af40d86f9250c23c9bc7393124d0c8f57267da7854ea3c2189210b13b31ee43f", "os": "unknown", "os_features": "", "os_version": null, "size": 11140, "status": "active", "last_pulled": "2024-01-05T19:45:31.612Z", "last_pushed": "2023-06-20T16:13:59.049932Z"}], "last_updated": "2023-06-20T16:14:00.272797Z", "last_updater": 8064215, "last_updater_username": "newrelicphp", "name": "10.11.0", "repository": 7910629, "full_size": 11593793, "v2": true, "tag_status": "active", "tag_last_pulled": "2024-01-20T09:33:27.08399Z", "tag_last_pushed": "2023-06-20T16:14:00.272797Z", "media_type": "application/vnd.oci.image.index.v1+json", "content_type": "image", "digest": "sha256:694517759d1d424deb55e910ce6be0d27886f6871703fb6915aa77eb031f8424"}, {"creator": 8064215, "id": 448079521, "images": [{"architecture": "amd64", "features": "", "variant": null, "digest": "sha256:195d06fd1b54c4c8d7087473580e863bdb8916621224ed2916ba492c5e17eac8", "os": "linux", "os_features": "", "os_version": null, "size": 11593806, "status": "active", "last_pulled": "2024-01-20T09:43:41.672347Z", "last_pushed": "2023-05-30T20:34:17.572632Z"}, {"architecture": "unknown", "features": "", "variant": null, "digest": "sha256:179ca942a30cdddd57a3cbe79c7ee191f15bf49cd094539b292ce02ad335a93e", "os": "unknown", "os_features": "", "os_version": null, "size": 11140, "status": "active", "last_pulled": "2024-01-05T19:45:32.141097Z", "last_pushed": "2023-05-30T20:34:17.76374Z"}], "last_updated": "2023-05-30T20:34:19.059765Z", "last_updater": 8064215, "last_updater_username": "newrelicphp", "name": "10.10.0", "repository": 7910629, "full_size": 11593806, "v2": true, "tag_status": "active", "tag_last_pulled": "2024-01-20T09:43:41.672347Z", "tag_last_pushed": "2023-05-30T20:34:19.059765Z", "media_type": "application/vnd.oci.image.index.v1+json", "content_type": "image", "digest": "sha256:a0440036bc32a084c7e15acf923a19bd9618fa2cf128700274fa1bda6223f14d"}, {"creator": 8064215, "id": 417365356, "images": [{"architecture": "amd64", "features": "", "variant": null, "digest": "sha256:aa1cf58265fe93fd57b91c2329630a25aad138418e8b7c2a8e0c5f67f5fc7334", "os": "linux", "os_features": "", "os_version": null, "size": 11596187, "status": "active", "last_pulled": "2024-01-20T02:56:33.930233Z", "last_pushed": "2023-04-05T16:52:34.75343Z"}], "last_updated": "2023-04-05T16:52:33.895171Z", "last_updater": 8064215, "last_updater_username": "newrelicphp", "name": "10.9.0", "repository": 7910629, "full_size": 11596187, "v2": true, "tag_status": "active", "tag_last_pulled": "2024-01-20T02:56:33.930233Z", "tag_last_pushed": "2023-04-05T16:52:33.895171Z", "media_type": "application/vnd.docker.container.image.v1+json", "content_type": "image", "digest": "sha256:aa1cf58265fe93fd57b91c2329630a25aad138418e8b7c2a8e0c5f67f5fc7334"}, {"creator": 8064215, "id": 411225113, "images": [{"architecture": "amd64", "features": "", "variant": null, "digest": "sha256:5998dea6828003b8047aad9119c62c9726ca6c111ca3411441bf6d1b5f378514", "os": "linux", "os_features": "", "os_version": null, "size": 8007284, "status": "active", "last_pulled": "2024-01-20T08:57:07.247049Z", "last_pushed": "2023-03-27T16:41:30.901511Z"}], "last_updated": "2023-03-27T16:41:30.10426Z", "last_updater": 8064215, "last_updater_username": "newrelicphp", "name": "10.8.0", "repository": 7910629, "full_size": 8007284, "v2": true, "tag_status": "active", "tag_last_pulled": "2024-01-20T08:57:07.247049Z", "tag_last_pushed": "2023-03-27T16:41:30.10426Z", "media_type": "application/vnd.docker.container.image.v1+json", "content_type": "image", "digest": "sha256:5998dea6828003b8047aad9119c62c9726ca6c111ca3411441bf6d1b5f378514"}, {"creator": 8064215, "id": 401091384, "images": [{"architecture": "amd64", "features": "", "variant": null, "digest": "sha256:94755804c9bba30d3e3feb086bf073b7f008887a52d13bc0765ce1516793da34", "os": "linux", "os_features": "", "os_version": null, "size": 8006474, "status": "active", "last_pulled": "2024-01-20T09:01:18.46773Z", "last_pushed": "2023-03-08T17:02:54.478455Z"}], "last_updated": "2023-03-08T17:02:53.880167Z", "last_updater": 8064215, "last_updater_username": "newrelicphp", "name": "10.7.0", "repository": 7910629, "full_size": 8006474, "v2": true, "tag_status": "active", "tag_last_pulled": "2024-01-20T09:01:18.46773Z", "tag_last_pushed": "2023-03-08T17:02:53.880167Z", "media_type": "application/vnd.docker.container.image.v1+json", "content_type": "image", "digest": "sha256:94755804c9bba30d3e3feb086bf073b7f008887a52d13bc0765ce1516793da34"}, {"creator": 8064215, "id": 386520736, "images": [{"architecture": "amd64", "features": "", "variant": null, "digest": "sha256:22d44ef59b26dce557d545194f8620e262c86c92c8a91b9c8600733dc5b45173", "os": "linux", "os_features": "", "os_version": null, "size": 8006478, "status": "active", "last_pulled": "2024-01-20T02:56:37.313259Z", "last_pushed": "2023-02-13T17:49:25.465891Z"}], "last_updated": "2023-02-13T17:49:24.811548Z", "last_updater": 8064215, "last_updater_username": "newrelicphp", "name": "10.6.0", "repository": 7910629, "full_size": 8006478, "v2": true, "tag_status": "active", "tag_last_pulled": "2024-01-20T02:56:37.313259Z", "tag_last_pushed": "2023-02-13T17:49:24.811548Z", "media_type": "application/vnd.docker.container.image.v1+json", "content_type": "image", "digest": "sha256:22d44ef59b26dce557d545194f8620e262c86c92c8a91b9c8600733dc5b45173"}, {"creator": 8064215, "id": 369961194, "images": [{"architecture": "amd64", "features": "", "variant": null, "digest": "sha256:64b4a705f20854b548484dc39774112bafcb6187cdd7121f3d64bb811d01af35", "os": "linux", "os_features": "", "os_version": null, "size": 8006487, "status": "active", "last_pulled": "2024-01-20T02:56:38.451476Z", "last_pushed": "2023-01-18T16:08:29.572541Z"}], "last_updated": "2023-01-18T16:08:29.006492Z", "last_updater": 8064215, "last_updater_username": "newrelicphp", "name": "10.5.0", "repository": 7910629, "full_size": 8006487, "v2": true, "tag_status": "active", "tag_last_pulled": "2024-01-20T02:56:38.451476Z", "tag_last_pushed": "2023-01-18T16:08:29.006492Z", "media_type": "application/vnd.docker.container.image.v1+json", "content_type": "image", "digest": "sha256:64b4a705f20854b548484dc39774112bafcb6187cdd7121f3d64bb811d01af35"}, {"creator": 8064215, "id": 347456751, "images": [{"architecture": "amd64", "features": "", "variant": null, "digest": "sha256:a1cf9c3ef42bf5ec1755f1506ad274055e84f8fb08b2d0364e443de336e81501", "os": "linux", "os_features": "", "os_version": null, "size": 8006483, "status": "active", "last_pulled": "2024-01-20T02:56:39.597673Z", "last_pushed": "2022-12-12T19:42:34.317393Z"}], "last_updated": "2022-12-12T19:42:33.713425Z", "last_updater": 8064215, "last_updater_username": "newrelicphp", "name": "10.4.0", "repository": 7910629, "full_size": 8006483, "v2": true, "tag_status": "active", "tag_last_pulled": "2024-01-20T02:56:39.597673Z", "tag_last_pushed": "2022-12-12T19:42:33.713425Z", "media_type": "application/vnd.docker.container.image.v1+json", "content_type": "image", "digest": "sha256:a1cf9c3ef42bf5ec1755f1506ad274055e84f8fb08b2d0364e443de336e81501"}, {"creator": 8064215, "id": 321834802, "images": [{"architecture": "amd64", "features": "", "variant": null, "digest": "sha256:52908ea5d09a7c25e0c669c169f6b585680dd95f2dfd7e078b5fde0f867a7710", "os": "linux", "os_features": "", "os_version": null, "size": 8005796, "status": "active", "last_pulled": "2024-01-20T09:01:57.870235Z", "last_pushed": "2022-11-02T21:42:41.631879Z"}], "last_updated": "2022-11-02T21:42:40.899874Z", "last_updater": 8064215, "last_updater_username": "newrelicphp", "name": "10.3.0", "repository": 7910629, "full_size": 8005796, "v2": true, "tag_status": "active", "tag_last_pulled": "2024-01-20T09:01:57.870235Z", "tag_last_pushed": "2022-11-02T21:42:40.899874Z", "media_type": "application/vnd.docker.container.image.v1+json", "content_type": "image", "digest": "sha256:52908ea5d09a7c25e0c669c169f6b585680dd95f2dfd7e078b5fde0f867a7710"}, {"creator": 8064215, "id": 302371385, "images": [{"architecture": "amd64", "features": "", "variant": null, "digest": "sha256:6a8d20923e1bfe9428ef559d2999e0eaeb6ffa5dcf55f7ea3bf03ee29979ec17", "os": "linux", "os_features": "", "os_version": null, "size": 7998926, "status": "active", "last_pulled": "2024-01-20T07:09:33.797573Z", "last_pushed": "2022-10-03T17:58:49.566356Z"}], "last_updated": "2022-10-03T17:58:48.95419Z", "last_updater": 8064215, "last_updater_username": "newrelicphp", "name": "10.2.0", "repository": 7910629, "full_size": 7998926, "v2": true, "tag_status": "active", "tag_last_pulled": "2024-01-20T07:09:33.797573Z", "tag_last_pushed": "2022-10-03T17:58:48.95419Z", "media_type": "application/vnd.docker.container.image.v1+json", "content_type": "image", "digest": "sha256:6a8d20923e1bfe9428ef559d2999e0eaeb6ffa5dcf55f7ea3bf03ee29979ec17"}, {"creator": 8064215, "id": 293302340, "images": [{"architecture": "amd64", "features": "", "variant": null, "digest": "sha256:c4c70a8a38086c302777a16e99923b624ff98369e530b2e53ceca9df92c595ac", "os": "linux", "os_features": "", "os_version": null, "size": 7998536, "status": "active", "last_pulled": "2024-01-20T02:56:42.998541Z", "last_pushed": "2022-09-19T16:11:18.755623Z"}], "last_updated": "2022-09-19T16:11:18.178128Z", "last_updater": 8064215, "last_updater_username": "newrelicphp", "name": "10.1.0", "repository": 7910629, "full_size": 7998536, "v2": true, "tag_status": "active", "tag_last_pulled": "2024-01-20T02:56:42.998541Z", "tag_last_pushed": "2022-09-19T16:11:18.178128Z", "media_type": "application/vnd.docker.container.image.v1+json", "content_type": "image", "digest": "sha256:c4c70a8a38086c302777a16e99923b624ff98369e530b2e53ceca9df92c595ac"}, {"creator": 8064215, "id": 244542307, "images": [{"architecture": "amd64", "features": "", "variant": null, "digest": "sha256:0769cce4e8a9a044156924db28677ae6ed821379dcc68bdd78fb24f492893ebe", "os": "linux", "os_features": "", "os_version": null, "size": 7969389, "status": "active", "last_pulled": "2024-01-20T09:15:28.193821Z", "last_pushed": "2022-06-29T20:20:05.933799Z"}], "last_updated": "2022-06-29T20:20:05.224466Z", "last_updater": 8064215, "last_updater_username": "newrelicphp", "name": "10.0.0", "repository": 7910629, "full_size": 7969389, "v2": true, "tag_status": "active", "tag_last_pulled": "2024-01-20T09:15:28.193821Z", "tag_last_pushed": "2022-06-29T20:20:05.224466Z", "media_type": "application/vnd.docker.container.image.v1+json", "content_type": "image"}, {"creator": 8064215, "id": 205005429, "images": [{"architecture": "amd64", "features": "", "variant": null, "digest": "sha256:aaf3a4f30024040035bce295d78797dff0ae9f5abb585b5aea546f3365971b83", "os": "linux", "os_features": "", "os_version": null, "size": 7961152, "status": "active", "last_pulled": "2024-01-20T09:37:42.228815Z", "last_pushed": "2022-04-26T16:00:34.896634Z"}], "last_updated": "2022-04-26T16:00:34.283535Z", "last_updater": 8064215, "last_updater_username": "newrelicphp", "name": "9.21.0", "repository": 7910629, "full_size": 7961152, "v2": true, "tag_status": "active", "tag_last_pulled": "2024-01-20T09:37:42.228815Z", "tag_last_pushed": "2022-04-26T16:00:34.283535Z", "media_type": "application/vnd.docker.container.image.v1+json", "content_type": "image"}, {"creator": 8064215, "id": 197263019, "images": [{"architecture": "amd64", "features": "", "variant": null, "digest": "sha256:3bd47470e857c3b8c03c65a6f44b385727139f4d563938956686e9fafad00251", "os": "linux", "os_features": "", "os_version": null, "size": 7963188, "status": "active", "last_pulled": "2024-01-20T09:43:43.807324Z", "last_pushed": "2022-03-14T17:49:56.620232Z"}], "last_updated": "2022-03-14T17:49:55.987548Z", "last_updater": 8064215, "last_updater_username": "newrelicphp", "name": "9.20.0", "repository": 7910629, "full_size": 7963188, "v2": true, "tag_status": "active", "tag_last_pulled": "2024-01-20T09:43:43.807324Z", "tag_last_pushed": "2022-03-14T17:49:55.987548Z", "media_type": "application/vnd.docker.container.image.v1+json", "content_type": "image"}, {"creator": 8064215, "id": 195215472, "images": [{"architecture": "amd64", "features": "", "variant": null, "digest": "sha256:e7eaa00696be315685b44d00f785b5607b918b1c6f39df92cc14cf749152fa7b", "os": "linux", "os_features": "", "os_version": null, "size": 7962498, "status": "active", "last_pulled": "2024-01-20T02:56:47.601785Z", "last_pushed": "2022-03-02T18:32:23.086277Z"}], "last_updated": "2022-03-02T18:32:22.415044Z", "last_updater": 8064215, "last_updater_username": "newrelicphp", "name": "9.19.0", "repository": 7910629, "full_size": 7962498, "v2": true, "tag_status": "active", "tag_last_pulled": "2024-01-20T02:56:47.601785Z", "tag_last_pushed": "2022-03-02T18:32:22.415044Z", "media_type": "application/vnd.docker.container.image.v1+json", "content_type": "image"}, {"creator": 8064215, "id": 163906950, "images": [{"architecture": "amd64", "features": "", "variant": null, "digest": "sha256:d54f693fbdfdda8c69b2ede7b88b5fb628ce62eb93c2c0aa0311049d1be0e1dd", "os": "linux", "os_features": "", "os_version": null, "size": 7961736, "status": "active", "last_pulled": "2024-01-20T09:34:14.407717Z", "last_pushed": "2021-08-23T20:15:37.353534Z"}], "last_updated": "2021-08-23T20:15:36.422547Z", "last_updater": 8064215, "last_updater_username": "newrelicphp", "name": "9.18.1", "repository": 7910629, "full_size": 7961736, "v2": true, "tag_status": "active", "tag_last_pulled": "2024-01-20T09:34:14.407717Z", "tag_last_pushed": "2021-08-23T20:15:36.422547Z", "media_type": "application/vnd.docker.container.image.v1+json", "content_type": "image"}, {"creator": 8064215, "id": 163281676, "images": [{"architecture": "amd64", "features": "", "variant": null, "digest": "sha256:9f30848ecbcf33800f099fea9da6490b5f2b6ce5a9e216b917935226c6419cda", "os": "linux", "os_features": "", "os_version": null, "size": 7961748, "status": "active", "last_pulled": "2024-01-20T09:07:06.021837Z", "last_pushed": "2021-08-18T20:00:26.640666Z"}], "last_updated": "2021-08-18T20:00:25.836796Z", "last_updater": 8064215, "last_updater_username": "newrelicphp", "name": "9.18.0", "repository": 7910629, "full_size": 7961748, "v2": true, "tag_status": "active", "tag_last_pulled": "2024-01-20T09:07:06.021837Z", "tag_last_pushed": "2021-08-18T20:00:25.836796Z", "media_type": "application/vnd.docker.container.image.v1+json", "content_type": "image"}, {"creator": 8064215, "id": 147520030, "images": [{"architecture": "amd64", "features": "", "variant": null, "digest": "sha256:6004346e9ae13a5c4aeb23d58007e96704334c8f8237c63804634d5b5b2e969e", "os": "linux", "os_features": "", "os_version": null, "size": 7961746, "status": "active", "last_pulled": "2024-01-20T09:00:27.679734Z", "last_pushed": "2021-04-28T18:03:33.256133Z"}], "last_updated": "2021-04-28T18:03:31.278634Z", "last_updater": 8064215, "last_updater_username": "newrelicphp", "name": "9.17.1", "repository": 7910629, "full_size": 7961746, "v2": true, "tag_status": "active", "tag_last_pulled": "2024-01-20T09:00:27.679734Z", "tag_last_pushed": "2021-04-28T18:03:31.278634Z", "media_type": "application/vnd.docker.container.image.v1+json", "content_type": "image"}, {"creator": 8064215, "id": 146559776, "images": [{"architecture": "amd64", "features": "", "variant": null, "digest": "sha256:7d339d7bcb079eb19672facfa7513d6db524b02ce9bc0275fae59641b10e6831", "os": "linux", "os_features": "", "os_version": null, "size": 7961741, "status": "active", "last_pulled": "2024-01-20T02:56:52.231783Z", "last_pushed": "2021-04-21T18:44:20.161816Z"}], "last_updated": "2021-04-21T18:44:19.374997Z", "last_updater": 8064215, "last_updater_username": "newrelicphp", "name": "9.17.0", "repository": 7910629, "full_size": 7961741, "v2": true, "tag_status": "active", "tag_last_pulled": "2024-01-20T02:56:52.231783Z", "tag_last_pushed": "2021-04-21T18:44:19.374997Z", "media_type": "application/vnd.docker.container.image.v1+json", "content_type": "image"}, {"creator": 8064215, "id": 134605150, "images": [{"architecture": "amd64", "features": "", "variant": null, "digest": "sha256:35f6580cd770f4f5fff7c379c7e3e4502cae71bb7c87f3e73e1c5db7f874959a", "os": "linux", "os_features": "", "os_version": null, "size": 7961435, "status": "active", "last_pulled": "2024-01-20T09:46:50.319782Z", "last_pushed": "2021-03-04T18:17:02.047773Z"}], "last_updated": "2021-03-04T18:17:01.260998Z", "last_updater": 8064215, "last_updater_username": "newrelicphp", "name": "9.16.0", "repository": 7910629, "full_size": 7961435, "v2": true, "tag_status": "active", "tag_last_pulled": "2024-01-20T09:46:50.319782Z", "tag_last_pushed": "2021-03-04T18:17:01.260998Z", "media_type": "application/vnd.docker.container.image.v1+json", "content_type": "image"}, {"creator": 8064215, "id": 129084043, "images": [{"architecture": "amd64", "features": "", "variant": null, "digest": "sha256:f39d7d642b3050107b4e730b8655e25e41a729ad2db52c9292c48ef71f2e7dde", "os": "linux", "os_features": "", "os_version": null, "size": 7963428, "status": "active", "last_pulled": "2024-01-20T09:43:18.462412Z", "last_pushed": "2020-12-07T23:54:21.088812Z"}], "last_updated": "2020-12-07T23:54:20.018839Z", "last_updater": 8064215, "last_updater_username": "newrelicphp", "name": "9.15.0", "repository": 7910629, "full_size": 7963428, "v2": true, "tag_status": "active", "tag_last_pulled": "2024-01-20T09:43:18.462412Z", "tag_last_pushed": "2020-12-07T23:54:20.018839Z", "media_type": "application/vnd.docker.container.image.v1+json", "content_type": "image"}, {"creator": 8064215, "id": 123682471, "images": [{"architecture": "amd64", "features": "", "variant": null, "digest": "sha256:d737849b3105545b2b7f94d2f1ab07284d49d7a4cf1da5122e0d85715592464f", "os": "linux", "os_features": "", "os_version": null, "size": 7962587, "status": "active", "last_pulled": "2024-01-20T08:52:12.976117Z", "last_pushed": "2020-10-29T16:00:59.315977Z"}], "last_updated": "2020-10-29T16:00:57.526796Z", "last_updater": 8064215, "last_updater_username": "newrelicphp", "name": "9.14.0", "repository": 7910629, "full_size": 7962587, "v2": true, "tag_status": "active", "tag_last_pulled": "2024-01-20T08:52:12.976117Z", "tag_last_pushed": "2020-10-29T16:00:57.526796Z", "media_type": "application/vnd.docker.container.image.v1+json", "content_type": "image"}, {"creator": 8064215, "id": 113689469, "images": [{"architecture": "amd64", "features": "", "variant": null, "digest": "sha256:bb7aca202baa5aa8ef8269546a1289ac6c1a655a5a9c3ff20f017514e97ac77f", "os": "linux", "os_features": "", "os_version": null, "size": 7962596, "status": "active", "last_pulled": "2024-01-20T08:18:31.043077Z", "last_pushed": null}], "last_updated": "2020-08-17T21:20:12.248299Z", "last_updater": 8064215, "last_updater_username": "newrelicphp", "name": "9.13.0", "repository": 7910629, "full_size": 7962596, "v2": true, "tag_status": "active", "tag_last_pulled": "2024-01-20T08:18:31.043077Z", "tag_last_pushed": "2020-08-17T21:20:12.248299Z", "media_type": "application/vnd.docker.container.image.v1+json", "content_type": "image"}, {"creator": 8064215, "id": 109769785, "images": [{"architecture": "amd64", "features": "", "variant": null, "digest": "sha256:00af2aa71142190f8acd72ea8183bdda9593e697e3bfc94c7bb85553cf024e20", "os": "linux", "os_features": "", "os_version": null, "size": 7962601, "status": "active", "last_pulled": "2024-01-20T02:56:58.071098Z", "last_pushed": null}], "last_updated": "2020-07-21T20:00:42.111501Z", "last_updater": 8064215, "last_updater_username": "newrelicphp", "name": "9.12.0", "repository": 7910629, "full_size": 7962601, "v2": true, "tag_status": "active", "tag_last_pulled": "2024-01-20T02:56:58.071098Z", "tag_last_pushed": "2020-07-21T20:00:42.111501Z", "media_type": "application/vnd.docker.container.image.v1+json", "content_type": "image"}, {"creator": 8064215, "id": 105169856, "images": [{"architecture": "amd64", "features": "", "variant": null, "digest": "sha256:112593a23cc7b31d971d90ee38f75e001d1f2585c8a6e1bfd1d973633ca02697", "os": "linux", "os_features": "", "os_version": null, "size": 7962592, "status": "active", "last_pulled": "2024-01-20T09:20:29.392463Z", "last_pushed": null}], "last_updated": "2020-06-16T21:12:43.541964Z", "last_updater": 8064215, "last_updater_username": "newrelicphp", "name": "9.11.0", "repository": 7910629, "full_size": 7962592, "v2": true, "tag_status": "active", "tag_last_pulled": "2024-01-20T09:20:29.392463Z", "tag_last_pushed": "2020-06-16T21:12:43.541964Z", "media_type": "application/vnd.docker.container.image.v1+json", "content_type": "image"}, {"creator": 8064215, "id": 99003330, "images": [{"architecture": "amd64", "features": "", "variant": null, "digest": "sha256:8c54feb76a0acfc133b1e6e06849f6aa6d777d8976e753fcc98b9535b31fb2b6", "os": "linux", "os_features": "", "os_version": null, "size": 6637839, "status": "active", "last_pulled": "2024-01-20T09:28:14.013155Z", "last_pushed": null}], "last_updated": "2020-05-05T20:45:11.168609Z", "last_updater": 8064215, "last_updater_username": "newrelicphp", "name": "9.10.1", "repository": 7910629, "full_size": 6637839, "v2": true, "tag_status": "active", "tag_last_pulled": "2024-01-20T09:28:14.013155Z", "tag_last_pushed": "2020-05-05T20:45:11.168609Z", "media_type": "application/vnd.docker.container.image.v1+json", "content_type": "image"}, {"creator": 8064215, "id": 98015865, "images": [{"architecture": "amd64", "features": "", "variant": null, "digest": "sha256:16f39f9089c4e4ef82bd9ba653262c79e7dba043d69b7435e4f5b635c4da5b6e", "os": "linux", "os_features": "", "os_version": null, "size": 6637839, "status": "active", "last_pulled": "2024-01-20T02:57:01.698368Z", "last_pushed": null}], "last_updated": "2020-04-29T19:49:38.579143Z", "last_updater": 8064215, "last_updater_username": "newrelicphp", "name": "9.10.0", "repository": 7910629, "full_size": 6637839, "v2": true, "tag_status": "active", "tag_last_pulled": "2024-01-20T02:57:01.698368Z", "tag_last_pushed": "2020-04-29T19:49:38.579143Z", "media_type": "application/vnd.docker.container.image.v1+json", "content_type": "image"}, {"creator": 8064215, "id": 93439641, "images": [{"architecture": "amd64", "features": "", "variant": null, "digest": "sha256:3369cef196469837623fa635f36e342a2dc609dad7d4d7039e7a4c82c5f2110d", "os": "linux", "os_features": "", "os_version": null, "size": 6628755, "status": "active", "last_pulled": "2024-01-20T09:08:49.046831Z", "last_pushed": null}], "last_updated": "2020-04-01T18:09:11.344776Z", "last_updater": 8064215, "last_updater_username": "newrelicphp", "name": "9.9.0", "repository": 7910629, "full_size": 6628755, "v2": true, "tag_status": "active", "tag_last_pulled": "2024-01-20T09:08:49.046831Z", "tag_last_pushed": "2020-04-01T18:09:11.344776Z", "media_type": "application/vnd.docker.container.image.v1+json", "content_type": "image"}, {"creator": 8064215, "id": 92306747, "images": [{"architecture": "amd64", "features": "", "variant": null, "digest": "sha256:7c8ecf5b6c48b7cda84fcfea2954c73c7ec9790abbd2f4c6489157d12c8b860c", "os": "linux", "os_features": "", "os_version": null, "size": 6628739, "status": "active", "last_pulled": "2024-01-20T02:57:04.119791Z", "last_pushed": null}], "last_updated": "2020-03-25T20:37:23.498842Z", "last_updater": 8064215, "last_updater_username": "newrelicphp", "name": "9.8.0", "repository": 7910629, "full_size": 6628739, "v2": true, "tag_status": "active", "tag_last_pulled": "2024-01-20T02:57:04.119791Z", "tag_last_pushed": "2020-03-25T20:37:23.498842Z", "media_type": "application/vnd.docker.container.image.v1+json", "content_type": "image"}, {"creator": 8064215, "id": 86167602, "images": [{"architecture": "amd64", "features": "", "variant": null, "digest": "sha256:a85cfcb17c8e1653ebd0f7e19e1bf60d060c38572dc625e3307c4cdc593b7746", "os": "linux", "os_features": "", "os_version": null, "size": 6628748, "status": "active", "last_pulled": "2024-01-20T02:57:05.277918Z", "last_pushed": null}], "last_updated": "2020-02-11T19:40:21.496468Z", "last_updater": 8064215, "last_updater_username": "newrelicphp", "name": "9.7.0", "repository": 7910629, "full_size": 6628748, "v2": true, "tag_status": "active", "tag_last_pulled": "2024-01-20T02:57:05.277918Z", "tag_last_pushed": "2020-02-11T19:40:21.496468Z", "media_type": "application/vnd.docker.container.image.v1+json", "content_type": "image"}, {"creator": 8064215, "id": 83700327, "images": [{"architecture": "amd64", "features": "", "variant": null, "digest": "sha256:5d214edef80bb32f366082984fbf472c97b98f2e016fae5ead9609c47c9aabf5", "os": "linux", "os_features": "", "os_version": null, "size": 6628914, "status": "active", "last_pulled": "2024-01-20T02:57:06.488108Z", "last_pushed": null}], "last_updated": "2020-01-22T18:12:51.909342Z", "last_updater": 8064215, "last_updater_username": "newrelicphp", "name": "9.6.1", "repository": 7910629, "full_size": 6628914, "v2": true, "tag_status": "active", "tag_last_pulled": "2024-01-20T02:57:06.488108Z", "tag_last_pushed": "2020-01-22T18:12:51.909342Z", "media_type": "application/vnd.docker.container.image.v1+json", "content_type": "image"}, {"creator": 8064215, "id": 82926594, "images": [{"architecture": "amd64", "features": "", "variant": null, "digest": "sha256:ba4e832b9c52f34fbe8d1ff4b2a61f404508364e34fd21131d126496192e2076", "os": "linux", "os_features": "", "os_version": null, "size": 6628915, "status": "active", "last_pulled": "2024-01-20T02:57:07.69739Z", "last_pushed": null}], "last_updated": "2020-01-16T19:07:45.57168Z", "last_updater": 8064215, "last_updater_username": "newrelicphp", "name": "9.6.0", "repository": 7910629, "full_size": 6628915, "v2": true, "tag_status": "active", "tag_last_pulled": "2024-01-20T02:57:07.69739Z", "tag_last_pushed": "2020-01-16T19:07:45.57168Z", "media_type": "application/vnd.docker.container.image.v1+json", "content_type": "image"}, {"creator": 8064215, "id": 81692402, "images": [{"architecture": "amd64", "features": "", "variant": null, "digest": "sha256:cb08a5d77505cf3b75cfc6e2fa16accac3c08bf14c0ba13de926c2f77abe6f79", "os": "linux", "os_features": "", "os_version": null, "size": 6628851, "status": "active", "last_pulled": "2024-01-20T02:57:08.897853Z", "last_pushed": null}], "last_updated": "2020-01-06T22:10:27.414922Z", "last_updater": 8064215, "last_updater_username": "newrelicphp", "name": "9.5.0", "repository": 7910629, "full_size": 6628851, "v2": true, "tag_status": "active", "tag_last_pulled": "2024-01-20T02:57:08.897853Z", "tag_last_pushed": "2020-01-06T22:10:27.414922Z", "media_type": "application/vnd.docker.container.image.v1+json", "content_type": "image"}, {"creator": 8064215, "id": 79546522, "images": [{"architecture": "amd64", "features": "", "variant": null, "digest": "sha256:b759903e0fc845f969f74091e8f182da351ac01a9749d5ec3115c82ab9c90510", "os": "linux", "os_features": "", "os_version": null, "size": 6626288, "status": "active", "last_pulled": "2024-01-20T02:57:10.13706Z", "last_pushed": null}], "last_updated": "2019-12-11T19:31:45.937737Z", "last_updater": 8064215, "last_updater_username": "newrelicphp", "name": "9.4.1", "repository": 7910629, "full_size": 6626288, "v2": true, "tag_status": "active", "tag_last_pulled": "2024-01-20T02:57:10.13706Z", "tag_last_pushed": "2019-12-11T19:31:45.937737Z", "media_type": "application/vnd.docker.container.image.v1+json", "content_type": "image"}, {"creator": 8064215, "id": 78913682, "images": [{"architecture": "amd64", "features": "", "variant": null, "digest": "sha256:280fec05077135c0e108dbfb47bcbcb9ef2d3021cf448f80db51ed9e56459ad4", "os": "linux", "os_features": "", "os_version": null, "size": 6626281, "status": "active", "last_pulled": "2024-01-20T02:57:11.353976Z", "last_pushed": null}], "last_updated": "2019-12-05T18:31:31.788775Z", "last_updater": 8064215, "last_updater_username": "newrelicphp", "name": "9.4.0", "repository": 7910629, "full_size": 6626281, "v2": true, "tag_status": "active", "tag_last_pulled": "2024-01-20T02:57:11.353976Z", "tag_last_pushed": "2019-12-05T18:31:31.788775Z", "media_type": "application/vnd.docker.container.image.v1+json", "content_type": "image"}, {"creator": 8064215, "id": 75960719, "images": [{"architecture": "amd64", "features": "", "variant": null, "digest": "sha256:9b125a65c7cd92fbfaceb6b64c78d7805aa5de7c6d941723c91ccab7b39ea283", "os": "linux", "os_features": "", "os_version": null, "size": 6523968, "status": "active", "last_pulled": "2024-01-20T02:57:12.548567Z", "last_pushed": null}], "last_updated": "2019-11-11T23:19:14.426675Z", "last_updater": 8064215, "last_updater_username": "newrelicphp", "name": "9.3.0", "repository": 7910629, "full_size": 6523968, "v2": true, "tag_status": "active", "tag_last_pulled": "2024-01-20T02:57:12.548567Z", "tag_last_pushed": "2019-11-11T23:19:14.426675Z", "media_type": "application/vnd.docker.container.image.v1+json", "content_type": "image"}, {"creator": 8064215, "id": 74634805, "images": [{"architecture": "amd64", "features": "", "variant": null, "digest": "sha256:32774d283a37fb17120fc1aaf0ce1798ba9af54172d76a14cea5ef6578e7d61e", "os": "linux", "os_features": "", "os_version": null, "size": 6524119, "status": "active", "last_pulled": "2024-01-20T02:57:13.71799Z", "last_pushed": null}], "last_updated": "2019-10-31T23:41:23.779526Z", "last_updater": 8064215, "last_updater_username": "newrelicphp", "name": "9.2.0", "repository": 7910629, "full_size": 6524119, "v2": true, "tag_status": "active", "tag_last_pulled": "2024-01-20T02:57:13.71799Z", "tag_last_pushed": "2019-10-31T23:41:23.779526Z", "media_type": "application/vnd.docker.container.image.v1+json", "content_type": "image"}]