[{"creator": 6259615, "id": 294698605, "images": [{"architecture": "amd64", "features": "", "variant": null, "digest": "sha256:7cbcb69520197257f1fa0145c3002f4b3148eaaf4718bdedffbcc2a7a9d1a19a", "os": "linux", "os_features": "", "os_version": null, "size": 12752339, "status": "active", "last_pulled": "2024-01-20T09:21:44.447765Z", "last_pushed": "2024-01-15T12:02:57.755035Z"}, {"architecture": "arm64", "features": "", "variant": null, "digest": "sha256:f498ad320038821b762597b156bd75d29695c073487f4d4c9edc1982956285c2", "os": "linux", "os_features": "", "os_version": null, "size": 12536036, "status": "active", "last_pulled": "2024-01-20T08:53:59.048739Z", "last_pushed": "2024-01-15T12:02:57.424043Z"}, {"architecture": "arm", "features": "", "variant": "v7", "digest": "sha256:6fee47d2f2cd394449cba7a7aeb20fa52747775d82096e6e7c4ec782cc645ca8", "os": "linux", "os_features": "", "os_version": null, "size": 11586999, "status": "active", "last_pulled": "2024-01-20T08:53:59.340694Z", "last_pushed": "2024-01-15T12:02:58.44059Z"}, {"architecture": "unknown", "features": "", "variant": null, "digest": "sha256:6f0ce5855b3f4d5b842378ba24e5af882afdae93a6438be302c5d740e9cdd70f", "os": "unknown", "os_features": "", "os_version": null, "size": 1345, "status": "active", "last_pulled": "2024-01-20T08:53:59.788422Z", "last_pushed": "2024-01-15T12:02:58.136395Z"}, {"architecture": "unknown", "features": "", "variant": null, "digest": "sha256:a27cfc1f04a1e9dedae340ddf3995e1e3bb5a7a0aa7d348e6032a2e0aa810cd9", "os": "unknown", "os_features": "", "os_version": null, "size": 1345, "status": "active", "last_pulled": "2024-01-20T08:54:00.000628Z", "last_pushed": "2024-01-15T12:02:57.090084Z"}, {"architecture": "unknown", "features": "", "variant": null, "digest": "sha256:c69ff5a94c51320c3536edcdec57ab4028804454ac0ddee7a9f59554b05662f4", "os": "unknown", "os_features": "", "os_version": null, "size": 1354, "status": "active", "last_pulled": "2024-01-20T08:54:00.374233Z", "last_pushed": "2024-01-15T12:02:58.725639Z"}], "last_updated": "2024-01-15T12:03:02.931202Z", "last_updater": 6259615, "last_updater_username": "fsiops", "name": "latest", "repository": 17902546, "full_size": 12752339, "v2": true, "tag_status": "active", "tag_last_pulled": "2024-01-20T09:21:44.447765Z", "tag_last_pushed": "2024-01-15T12:03:02.931202Z", "media_type": "application/vnd.oci.image.index.v1+json", "content_type": "image", "digest": "sha256:ce154916c7a5ba295ac3cd37faab187aa64c04f71634794b23510cf0052eafbf"}, {"creator": 6259615, "id": 279435630, "images": [{"architecture": "amd64", "features": "", "variant": null, "digest": "sha256:b4d77615dcc3635c25d345f68c9a4d527c79931d0044fa9d75b7641dd6b93e20", "os": "linux", "os_features": "", "os_version": null, "size": 12752319, "status": "active", "last_pulled": "2024-01-20T09:02:40.479262Z", "last_pushed": "2024-01-20T04:02:22.887184Z"}, {"architecture": "arm64", "features": "", "variant": null, "digest": "sha256:6297e655b0e3ac20134b11ec282ae30705427c4c704bbd24eef8bd3d1b81bc51", "os": "linux", "os_features": "", "os_version": null, "size": 12536130, "status": "active", "last_pulled": "2024-01-20T08:53:57.197964Z", "last_pushed": "2024-01-20T04:02:22.688199Z"}, {"architecture": "arm", "features": "", "variant": "v7", "digest": "sha256:6bbc5417ab8cfa51e50c5044cf20d1c26198b86d1fcdca3e19f77f45ca9106a4", "os": "linux", "os_features": "", "os_version": null, "size": 11587045, "status": "active", "last_pulled": "2024-01-20T08:53:57.531082Z", "last_pushed": "2024-01-20T04:02:23.034905Z"}, {"architecture": "unknown", "features": "", "variant": null, "digest": "sha256:a6ef353e3968f6c3455ad6f9820b791841f5495c2e9fb2be048ad9ee9d5ab609", "os": "unknown", "os_features": "", "os_version": null, "size": 1164, "status": "active", "last_pulled": "2024-01-20T08:53:57.840971Z", "last_pushed": "2024-01-20T04:02:23.252692Z"}, {"architecture": "unknown", "features": "", "variant": null, "digest": "sha256:65b30b94d8bc1734e1d76e882eb9ad6d17aba1dbf3a6b0ec1fc11b4f5dea8ade", "os": "unknown", "os_features": "", "os_version": null, "size": 1164, "status": "active", "last_pulled": "2024-01-20T08:53:58.134245Z", "last_pushed": "2024-01-20T04:02:23.420338Z"}, {"architecture": "unknown", "features": "", "variant": null, "digest": "sha256:fae36e6de4827b59df0f1dc938d783e538e6229e36b8a432d25832fe335fc24c", "os": "unknown", "os_features": "", "os_version": null, "size": 1170, "status": "active", "last_pulled": "2024-01-20T08:53:58.454525Z", "last_pushed": "2024-01-20T04:02:23.600475Z"}], "last_updated": "2024-01-20T04:02:24.686096Z", "last_updater": 6259615, "last_updater_username": "fsiops", "name": "nightly", "repository": 17902546, "full_size": 12752319, "v2": true, "tag_status": "active", "tag_last_pulled": "2024-01-20T09:03:05.379292Z", "tag_last_pushed": "2024-01-20T04:02:24.686096Z", "media_type": "application/vnd.oci.image.index.v1+json", "content_type": "image", "digest": "sha256:6a98f3423d86616a32a873b02b575a5f6ea5daab0e4007de18418dfa87e63347"}, {"creator": 6259615, "id": 278537428, "images": [{"architecture": "amd64", "features": "", "variant": null, "digest": "sha256:c0fa082dd7a24d5e8c69a1781fe679f8c5010b9584298d1cc87a2b6193c11d0b", "os": "linux", "os_features": "", "os_version": null, "size": 12752298, "status": "active", "last_pulled": "2024-01-20T09:25:58.999229Z", "last_pushed": "2024-01-15T12:05:10.914642Z"}, {"architecture": "arm64", "features": "", "variant": null, "digest": "sha256:5a3640f1ecf81fba27b73a7380c40b9397695b12a4d65de04fb1d5cc93e26e62", "os": "linux", "os_features": "", "os_version": null, "size": 12536089, "status": "active", "last_pulled": "2024-01-17T23:32:25.830873Z", "last_pushed": "2024-01-15T12:05:11.226992Z"}, {"architecture": "arm", "features": "", "variant": "v7", "digest": "sha256:2628a51425ef4f34ee91fcbd1544288d1a3d4a3048254a06ef612b4ac52de454", "os": "linux", "os_features": "", "os_version": null, "size": 11587016, "status": "active", "last_pulled": "2024-01-16T05:02:19.225282Z", "last_pushed": "2024-01-15T12:05:10.324022Z"}, {"architecture": "unknown", "features": "", "variant": null, "digest": "sha256:68a1bc36959fbb72ed17e92d5bf9c5a0efa286fd69a3d03627cbb045b9a9df9d", "os": "unknown", "os_features": "", "os_version": null, "size": 1160, "status": "active", "last_pulled": "2024-01-17T22:59:36.299447Z", "last_pushed": "2024-01-15T12:05:10.060676Z"}, {"architecture": "unknown", "features": "", "variant": null, "digest": "sha256:1a4c7c144d65bec791a74d40021c1d139fee991069eeabddbc09b5b7fe2f7135", "os": "unknown", "os_features": "", "os_version": null, "size": 1160, "status": "active", "last_pulled": "2024-01-16T05:02:19.742416Z", "last_pushed": "2024-01-15T12:05:10.669344Z"}, {"architecture": "unknown", "features": "", "variant": null, "digest": "sha256:4b688b4c64fa81bfe5e7d0d48f2779f70b66cf387d9433ec82978cc7680148b8", "os": "unknown", "os_features": "", "os_version": null, "size": 1166, "status": "active", "last_pulled": "2024-01-16T05:02:20.208821Z", "last_pushed": "2024-01-15T12:05:11.485626Z"}], "last_updated": "2024-01-15T12:05:11.89824Z", "last_updater": 6259615, "last_updater_username": "fsiops", "name": "main", "repository": 17902546, "full_size": 12752298, "v2": true, "tag_status": "active", "tag_last_pulled": "2024-01-20T09:25:58.999229Z", "tag_last_pushed": "2024-01-15T12:05:11.89824Z", "media_type": "application/vnd.oci.image.index.v1+json", "content_type": "image", "digest": "sha256:acfd515019df9102d47c4918a7cbcf1ea1d46e383a9de7e3aafef2ad2fa362d6"}, {"creator": 6259615, "id": 585056164, "images": [{"architecture": "amd64", "features": "", "variant": null, "digest": "sha256:7cbcb69520197257f1fa0145c3002f4b3148eaaf4718bdedffbcc2a7a9d1a19a", "os": "linux", "os_features": "", "os_version": null, "size": 12752339, "status": "active", "last_pulled": "2024-01-20T09:21:44.447765Z", "last_pushed": "2024-01-15T12:02:57.755035Z"}, {"architecture": "arm64", "features": "", "variant": null, "digest": "sha256:f498ad320038821b762597b156bd75d29695c073487f4d4c9edc1982956285c2", "os": "linux", "os_features": "", "os_version": null, "size": 12536036, "status": "active", "last_pulled": "2024-01-20T08:53:59.048739Z", "last_pushed": "2024-01-15T12:02:57.424043Z"}, {"architecture": "arm", "features": "", "variant": "v7", "digest": "sha256:6fee47d2f2cd394449cba7a7aeb20fa52747775d82096e6e7c4ec782cc645ca8", "os": "linux", "os_features": "", "os_version": null, "size": 11586999, "status": "active", "last_pulled": "2024-01-20T08:53:59.340694Z", "last_pushed": "2024-01-15T12:02:58.44059Z"}, {"architecture": "unknown", "features": "", "variant": null, "digest": "sha256:6f0ce5855b3f4d5b842378ba24e5af882afdae93a6438be302c5d740e9cdd70f", "os": "unknown", "os_features": "", "os_version": null, "size": 1345, "status": "active", "last_pulled": "2024-01-20T08:53:59.788422Z", "last_pushed": "2024-01-15T12:02:58.136395Z"}, {"architecture": "unknown", "features": "", "variant": null, "digest": "sha256:a27cfc1f04a1e9dedae340ddf3995e1e3bb5a7a0aa7d348e6032a2e0aa810cd9", "os": "unknown", "os_features": "", "os_version": null, "size": 1345, "status": "active", "last_pulled": "2024-01-20T08:54:00.000628Z", "last_pushed": "2024-01-15T12:02:57.090084Z"}, {"architecture": "unknown", "features": "", "variant": null, "digest": "sha256:c69ff5a94c51320c3536edcdec57ab4028804454ac0ddee7a9f59554b05662f4", "os": "unknown", "os_features": "", "os_version": null, "size": 1354, "status": "active", "last_pulled": "2024-01-20T08:54:00.374233Z", "last_pushed": "2024-01-15T12:02:58.725639Z"}], "last_updated": "2024-01-15T12:02:59.395547Z", "last_updater": 6259615, "last_updater_username": "fsiops", "name": "1.12.0", "repository": 17902546, "full_size": 12752339, "v2": true, "tag_status": "active", "tag_last_pulled": "2024-01-20T09:21:44.447765Z", "tag_last_pushed": "2024-01-15T12:02:59.395547Z", "media_type": "application/vnd.oci.image.index.v1+json", "content_type": "image", "digest": "sha256:ce154916c7a5ba295ac3cd37faab187aa64c04f71634794b23510cf0052eafbf"}, {"creator": 6259615, "id": 581581568, "images": [{"architecture": "amd64", "features": "", "variant": null, "digest": "sha256:2e71ccfc1710486a167e50427daab18441177b4ee776fd7bb828114fc9d0d122", "os": "linux", "os_features": "", "os_version": null, "size": 12744457, "status": "active", "last_pulled": "2024-01-20T09:49:00.631778Z", "last_pushed": "2024-01-09T02:07:37.550396Z"}, {"architecture": "arm64", "features": "", "variant": null, "digest": "sha256:8f3103db878c5de83aabb8cdab41fcd05928f5267354b0f29f1dea7c69bc1294", "os": "linux", "os_features": "", "os_version": null, "size": 12531340, "status": "active", "last_pulled": "2024-01-16T18:24:56.051293Z", "last_pushed": "2024-01-09T02:07:38.411483Z"}, {"architecture": "arm", "features": "", "variant": "v7", "digest": "sha256:92412b9a6eee9c14163385d6a320ad556369ea98630142dea207a68f26754d60", "os": "linux", "os_features": "", "os_version": null, "size": 11583877, "status": "active", "last_pulled": "2024-01-15T05:01:53.491551Z", "last_pushed": "2024-01-09T02:07:37.873714Z"}, {"architecture": "unknown", "features": "", "variant": null, "digest": "sha256:73fbd66bb97d74d77a28903069f9e335db996d1c8cab0aaa1870eb2c3f3d110b", "os": "unknown", "os_features": "", "os_version": null, "size": 1345, "status": "active", "last_pulled": "2024-01-15T05:01:53.682094Z", "last_pushed": "2024-01-09T02:07:38.149281Z"}, {"architecture": "unknown", "features": "", "variant": null, "digest": "sha256:14270c7e16777c51fe00f90075c6789ab2f38c5fccd666a37838fffe1d78f4c4", "os": "unknown", "os_features": "", "os_version": null, "size": 1345, "status": "active", "last_pulled": "2024-01-15T05:01:54.123085Z", "last_pushed": "2024-01-09T02:07:38.669664Z"}, {"architecture": "unknown", "features": "", "variant": null, "digest": "sha256:e1086ccb774af75fa591f6725a1e5129d8eaa17c4bc0f9db37be61c36f4edaa8", "os": "unknown", "os_features": "", "os_version": null, "size": 1354, "status": "active", "last_pulled": "2024-01-15T05:01:54.447165Z", "last_pushed": "2024-01-09T02:07:38.97878Z"}], "last_updated": "2024-01-09T02:07:39.57691Z", "last_updater": 6259615, "last_updater_username": "fsiops", "name": "1.11.3", "repository": 17902546, "full_size": 12744457, "v2": true, "tag_status": "active", "tag_last_pulled": "2024-01-20T09:49:00.631778Z", "tag_last_pushed": "2024-01-09T02:07:39.57691Z", "media_type": "application/vnd.oci.image.index.v1+json", "content_type": "image", "digest": "sha256:39e218fb51bbc97b7caed7479232584ef2fd8a888aa5e0642f1c6ef8e727b69d"}, {"creator": 6259615, "id": 581576175, "images": [{"architecture": "amd64", "features": "", "variant": null, "digest": "sha256:14c7fc50be4daa499250d97c8f0ff56c85f0559140ca49db71a73c5962cc388e", "os": "linux", "os_features": "", "os_version": null, "size": 12744452, "status": "active", "last_pulled": "2024-01-20T09:49:00.450553Z", "last_pushed": "2024-01-09T02:00:29.454581Z"}, {"architecture": "arm64", "features": "", "variant": null, "digest": "sha256:1263e40bf83f03f69708478cc695aa0f0ebfd939f37eb4fc27186fc0d088587e", "os": "linux", "os_features": "", "os_version": null, "size": 12531289, "status": "active", "last_pulled": "2024-01-19T13:16:36.694824Z", "last_pushed": "2024-01-09T02:00:29.007641Z"}, {"architecture": "arm", "features": "", "variant": "v7", "digest": "sha256:41f5a88d6b0ff948723f3abd99a8d422f74f82ca17fe957d752dc1ba789911bf", "os": "linux", "os_features": "", "os_version": null, "size": 11583891, "status": "active", "last_pulled": "2024-01-19T17:00:00.18469Z", "last_pushed": "2024-01-09T02:00:29.331928Z"}, {"architecture": "unknown", "features": "", "variant": null, "digest": "sha256:c082b314701e9a2e76ebc535c5dce218de928a7bd6ddb288683bbc51286aade4", "os": "unknown", "os_features": "", "os_version": null, "size": 1168, "status": "active", "last_pulled": "2024-01-19T01:18:23.085966Z", "last_pushed": "2024-01-09T02:00:28.806103Z"}, {"architecture": "unknown", "features": "", "variant": null, "digest": "sha256:5e83d889321800b35269a8141fc268e400944791b6a26c8efdbbce39adbed9c1", "os": "unknown", "os_features": "", "os_version": null, "size": 1168, "status": "active", "last_pulled": "2024-01-09T06:50:44.453291Z", "last_pushed": "2024-01-09T02:00:29.180495Z"}, {"architecture": "unknown", "features": "", "variant": null, "digest": "sha256:2b2345a4a396300a05c8233de7beaae0023c4724e51952f4a71dcdee8131806d", "os": "unknown", "os_features": "", "os_version": null, "size": 1174, "status": "active", "last_pulled": "2024-01-09T06:50:44.74252Z", "last_pushed": "2024-01-09T02:00:29.658662Z"}], "last_updated": "2024-01-09T02:00:30.283067Z", "last_updater": 6259615, "last_updater_username": "fsiops", "name": "1.11.3-pre", "repository": 17902546, "full_size": 12744452, "v2": true, "tag_status": "active", "tag_last_pulled": "2024-01-20T09:49:00.450553Z", "tag_last_pushed": "2024-01-09T02:00:30.283067Z", "media_type": "application/vnd.oci.image.index.v1+json", "content_type": "image", "digest": "sha256:d73d79cf6af5209694d2110b261abe4b0a421d9bed0d6f3ffac7e1e6ec968462"}, {"creator": 6259615, "id": 570263991, "images": [{"architecture": "amd64", "features": "", "variant": null, "digest": "sha256:832de77e48ab81b3495622ee6f49a58968092c04adf43c753333e560f429d9b6", "os": "linux", "os_features": "", "os_version": null, "size": 12744446, "status": "active", "last_pulled": "2024-01-20T09:08:38.608926Z", "last_pushed": "2023-12-18T12:02:41.1201Z"}, {"architecture": "arm64", "features": "", "variant": null, "digest": "sha256:1910922331c60007381305ef84da5ae5bad8eacde1b6e9a159be6783ed395a13", "os": "linux", "os_features": "", "os_version": null, "size": 12531334, "status": "active", "last_pulled": "2024-01-06T01:04:57.190624Z", "last_pushed": "2023-12-18T12:02:40.59928Z"}, {"architecture": "arm", "features": "", "variant": "v7", "digest": "sha256:aba65b8f141aa3eb8f6a4bdbf147eda214acd0de10ff0a84931e5d75c31812c9", "os": "linux", "os_features": "", "os_version": null, "size": 11583876, "status": "active", "last_pulled": "2024-01-06T01:04:57.506974Z", "last_pushed": "2023-12-18T12:02:41.427874Z"}, {"architecture": "unknown", "features": "", "variant": null, "digest": "sha256:5803b0e599bff49ed599579d99c1b47659b14d7dc0a73110edfc589a7e391b31", "os": "unknown", "os_features": "", "os_version": null, "size": 1168, "status": "active", "last_pulled": "2024-01-06T01:04:57.635599Z", "last_pushed": "2023-12-18T12:02:41.703948Z"}, {"architecture": "unknown", "features": "", "variant": null, "digest": "sha256:898302538f6234e2e627fa29d57adb86aa3ab8598dc775e4b618ac985f4e7c85", "os": "unknown", "os_features": "", "os_version": null, "size": 1168, "status": "inactive", "last_pulled": "2023-12-19T06:01:27.028798Z", "last_pushed": "2023-12-18T12:02:42.047531Z"}, {"architecture": "unknown", "features": "", "variant": null, "digest": "sha256:d45842693ce4d0f346243db24e05ff0bce0f1abd7cf85329a1822812bebac37a", "os": "unknown", "os_features": "", "os_version": null, "size": 1174, "status": "inactive", "last_pulled": "2023-12-19T06:01:27.385227Z", "last_pushed": "2023-12-18T12:02:42.291424Z"}], "last_updated": "2023-12-18T12:02:42.977599Z", "last_updater": 6259615, "last_updater_username": "fsiops", "name": "1.11.2-pre", "repository": 17902546, "full_size": 12744446, "v2": true, "tag_status": "active", "tag_last_pulled": "2024-01-20T09:08:38.608926Z", "tag_last_pushed": "2023-12-18T12:02:42.977599Z", "media_type": "application/vnd.oci.image.index.v1+json", "content_type": "image", "digest": "sha256:54d7113598ca921b5e93eb139a34dab1634e95bd61636c825222daff92fa25d2"}, {"creator": 6259615, "id": 566219825, "images": [{"architecture": "amd64", "features": "", "variant": null, "digest": "sha256:4259026135033e34b9cf1b67b4d22969cfc784cabfd65a0482b49f38071fdca1", "os": "linux", "os_features": "", "os_version": null, "size": 12661182, "status": "active", "last_pulled": "2024-01-20T09:52:14.484674Z", "last_pushed": "2023-12-12T00:30:40.239796Z"}, {"architecture": "arm64", "features": "", "variant": null, "digest": "sha256:d1904f69961ccb395d0879d21cc565daaf25bee9bc7910f020313bd5de2df8e5", "os": "linux", "os_features": "", "os_version": null, "size": 12371374, "status": "active", "last_pulled": "2024-01-17T07:19:33.014468Z", "last_pushed": "2023-12-12T00:30:39.91491Z"}, {"architecture": "arm", "features": "", "variant": "v7", "digest": "sha256:f913077e6a776328fa59665f63aa6e914a6b0e9ecd517375c8ecc62fd55eda0a", "os": "linux", "os_features": "", "os_version": null, "size": 11431715, "status": "active", "last_pulled": "2024-01-08T04:37:10.409482Z", "last_pushed": "2023-12-12T00:30:39.219713Z"}, {"architecture": "unknown", "features": "", "variant": null, "digest": "sha256:6335ef3f4db6ff439193e3db40247469ea25397fdf55c7ba408898a0b64c9a1b", "os": "unknown", "os_features": "", "os_version": null, "size": 1345, "status": "active", "last_pulled": "2024-01-08T04:37:10.751973Z", "last_pushed": "2023-12-12T00:30:40.557726Z"}, {"architecture": "unknown", "features": "", "variant": null, "digest": "sha256:0a2ed4a49cc90e71ff288048c7217a7c90534aa3a990afe76dd19fbaea007f58", "os": "unknown", "os_features": "", "os_version": null, "size": 1345, "status": "active", "last_pulled": "2024-01-08T04:37:11.071845Z", "last_pushed": "2023-12-12T00:30:39.553233Z"}, {"architecture": "unknown", "features": "", "variant": null, "digest": "sha256:08d44bd3e2f154d144dd322152540c238855a8eb77adba8402bdc0691f03a4a4", "os": "unknown", "os_features": "", "os_version": null, "size": 1354, "status": "active", "last_pulled": "2024-01-08T04:37:11.395434Z", "last_pushed": "2023-12-12T00:30:40.857451Z"}], "last_updated": "2023-12-12T00:30:41.439197Z", "last_updater": 6259615, "last_updater_username": "fsiops", "name": "1.11.1", "repository": 17902546, "full_size": 12661182, "v2": true, "tag_status": "active", "tag_last_pulled": "2024-01-20T09:52:14.484674Z", "tag_last_pushed": "2023-12-12T00:30:41.439197Z", "media_type": "application/vnd.oci.image.index.v1+json", "content_type": "image", "digest": "sha256:be6610798a9714aa9d64cb0be1c1adf2240161e4c424bce7f043795949a15483"}, {"creator": 6259615, "id": 565798933, "images": [{"architecture": "amd64", "features": "", "variant": null, "digest": "sha256:565160d78152a0f81d25b2c645fd7969508ddef6f46de7ae2820e69b4389740f", "os": "linux", "os_features": "", "os_version": null, "size": 12661205, "status": "active", "last_pulled": "2024-01-20T09:49:00.643651Z", "last_pushed": "2023-12-11T12:03:22.345883Z"}, {"architecture": "arm64", "features": "", "variant": null, "digest": "sha256:5d7a0ba99b916119b7d78e8ff61e95e38f2a83a412d5b4211bfb0390cdb834b3", "os": "linux", "os_features": "", "os_version": null, "size": 12371344, "status": "active", "last_pulled": "2024-01-06T01:05:01.24963Z", "last_pushed": "2023-12-11T12:03:22.069596Z"}, {"architecture": "arm", "features": "", "variant": "v7", "digest": "sha256:80d94606ebc492e84d1331a954cea56ce40bd9b0a8dd61c9bb85265c2aee24c2", "os": "linux", "os_features": "", "os_version": null, "size": 11431699, "status": "active", "last_pulled": "2024-01-06T01:05:01.276954Z", "last_pushed": "2023-12-11T12:03:21.611373Z"}, {"architecture": "unknown", "features": "", "variant": null, "digest": "sha256:d0d15d3f7eb5e6bd0209a93079d6df8c99c295d915088f303f42c57af5f39b81", "os": "unknown", "os_features": "", "os_version": null, "size": 1168, "status": "active", "last_pulled": "2024-01-06T01:05:02.038007Z", "last_pushed": "2023-12-11T12:03:22.632292Z"}, {"architecture": "unknown", "features": "", "variant": null, "digest": "sha256:431cb49878c8d82772537fc192a60a429e1eb650829f0f0763ff2b8449279446", "os": "unknown", "os_features": "", "os_version": null, "size": 1168, "status": "inactive", "last_pulled": "2023-12-11T21:33:58.455362Z", "last_pushed": "2023-12-11T12:03:21.83594Z"}, {"architecture": "unknown", "features": "", "variant": null, "digest": "sha256:a543636fa75e7d5e3dfc675363a08a242136491247cc1e22ce8a2f6082c0e297", "os": "unknown", "os_features": "", "os_version": null, "size": 1174, "status": "inactive", "last_pulled": "2023-12-11T21:33:58.861659Z", "last_pushed": "2023-12-11T12:03:22.89089Z"}], "last_updated": "2023-12-11T12:03:23.457765Z", "last_updater": 6259615, "last_updater_username": "fsiops", "name": "1.11.1-pre", "repository": 17902546, "full_size": 12661205, "v2": true, "tag_status": "active", "tag_last_pulled": "2024-01-20T09:49:00.643651Z", "tag_last_pushed": "2023-12-11T12:03:23.457765Z", "media_type": "application/vnd.oci.image.index.v1+json", "content_type": "image", "digest": "sha256:df864b34336936938ef5c448ebcbbc82a3c3d4d0c448ac90e6b34afdf4c037a0"}, {"creator": 6259615, "id": 562323027, "images": [{"architecture": "amd64", "features": "", "variant": null, "digest": "sha256:3621382a868163245609236aace353c78722d3e91098cd86f4fc41f41652a3c9", "os": "linux", "os_features": "", "os_version": null, "size": 12659164, "status": "active", "last_pulled": "2024-01-20T09:43:37.034956Z", "last_pushed": "2023-12-06T03:32:22.086757Z"}, {"architecture": "arm64", "features": "", "variant": null, "digest": "sha256:093045cbe8cc19309dcd7b7e8089dd74f27e545df3a527e8a587ed889f34b14e", "os": "linux", "os_features": "", "os_version": null, "size": 12372732, "status": "active", "last_pulled": "2024-01-20T09:36:43.669379Z", "last_pushed": "2023-12-06T03:32:21.767865Z"}, {"architecture": "arm", "features": "", "variant": "v7", "digest": "sha256:43393e19779cea143c3c625f00ffacfd1e746a5462e49c124f300a192a947942", "os": "linux", "os_features": "", "os_version": null, "size": 11431281, "status": "active", "last_pulled": "2024-01-06T01:05:04.242002Z", "last_pushed": "2023-12-06T03:32:22.68357Z"}, {"architecture": "unknown", "features": "", "variant": null, "digest": "sha256:e31fb827d374bbfa51a1e1bb9598b1e9b50b23bb7a511a35beb7e626bacdbb08", "os": "unknown", "os_features": "", "os_version": null, "size": 1345, "status": "active", "last_pulled": "2024-01-06T01:05:04.0559Z", "last_pushed": "2023-12-06T03:32:22.936002Z"}, {"architecture": "unknown", "features": "", "variant": null, "digest": "sha256:d58fa6e6712c1140187fbfd0b38c1fbf671bdeaa21f5d6081afc6a983f95a2f6", "os": "unknown", "os_features": "", "os_version": null, "size": 1345, "status": "inactive", "last_pulled": "2023-12-11T21:34:04.781071Z", "last_pushed": "2023-12-06T03:32:21.937144Z"}, {"architecture": "unknown", "features": "", "variant": null, "digest": "sha256:4119ffc979380d0b0c51172a888ca95544990573420e8ad0889000e46d981297", "os": "unknown", "os_features": "", "os_version": null, "size": 1354, "status": "inactive", "last_pulled": "2023-12-11T21:34:05.277115Z", "last_pushed": "2023-12-06T03:32:23.152607Z"}], "last_updated": "2023-12-06T03:32:23.707502Z", "last_updater": 6259615, "last_updater_username": "fsiops", "name": "1.11.0", "repository": 17902546, "full_size": 12659164, "v2": true, "tag_status": "active", "tag_last_pulled": "2024-01-20T09:43:37.034956Z", "tag_last_pushed": "2023-12-06T03:32:23.707502Z", "media_type": "application/vnd.oci.image.index.v1+json", "content_type": "image", "digest": "sha256:a66618ecdd371c2ccbbfbf45e11c6f098e8c0fd514157be97ee6e214fb176e2f"}, {"creator": 6259615, "id": 562283509, "images": [{"architecture": "amd64", "features": "", "variant": null, "digest": "sha256:4079afedd12e6ccdda8515e12217a4a4c1b126f54729c84a9229035b34d75f71", "os": "linux", "os_features": "", "os_version": null, "size": 12659153, "status": "active", "last_pulled": "2024-01-20T08:55:05.970928Z", "last_pushed": "2023-12-06T01:50:50.37602Z"}, {"architecture": "arm64", "features": "", "variant": null, "digest": "sha256:4281681c660537963c73efffd0b872519541cea61be86213312cb4be84e3bdda", "os": "linux", "os_features": "", "os_version": null, "size": 12372799, "status": "active", "last_pulled": "2024-01-06T01:05:05.566644Z", "last_pushed": "2023-12-06T01:50:49.404776Z"}, {"architecture": "arm", "features": "", "variant": "v7", "digest": "sha256:e5f96d3557440bfe0d9d05ca372e5f485f66badafcd8ee5d0b85b3400c93faa0", "os": "linux", "os_features": "", "os_version": null, "size": 11431196, "status": "active", "last_pulled": "2024-01-06T01:05:05.814393Z", "last_pushed": "2023-12-06T01:50:49.740087Z"}, {"architecture": "unknown", "features": "", "variant": null, "digest": "sha256:cb5350a02eedf02992c85a06a41d1fe87bd88467ea951a99e10e23b61728598b", "os": "unknown", "os_features": "", "os_version": null, "size": 1168, "status": "active", "last_pulled": "2024-01-06T01:05:06.250842Z", "last_pushed": "2023-12-06T01:50:50.886062Z"}, {"architecture": "unknown", "features": "", "variant": null, "digest": "sha256:172a776b1149594ef68887f2539078cfce926af215722e23a81312b081d2f2bf", "os": "unknown", "os_features": "", "os_version": null, "size": 1168, "status": "inactive", "last_pulled": "2023-12-07T16:18:54.842121Z", "last_pushed": "2023-12-06T01:50:50.05709Z"}, {"architecture": "unknown", "features": "", "variant": null, "digest": "sha256:5ef56a3b9aa4943e0af2a9955f2acb732773f56da9a4b20617ae741f760fc2dc", "os": "unknown", "os_features": "", "os_version": null, "size": 1174, "status": "inactive", "last_pulled": "2023-12-07T16:18:55.257605Z", "last_pushed": "2023-12-06T01:50:51.175573Z"}], "last_updated": "2023-12-06T01:50:51.847353Z", "last_updater": 6259615, "last_updater_username": "fsiops", "name": "1.11.0-pre", "repository": 17902546, "full_size": 12659153, "v2": true, "tag_status": "active", "tag_last_pulled": "2024-01-20T09:41:32.230879Z", "tag_last_pushed": "2023-12-06T01:50:51.847353Z", "media_type": "application/vnd.oci.image.index.v1+json", "content_type": "image", "digest": "sha256:f1393e89fe4183b23313ddd74ecae8cba37b5d155920e560533adf365cf7178a"}, {"creator": 6259615, "id": 548342671, "images": [{"architecture": "amd64", "features": "", "variant": null, "digest": "sha256:b420d287d1510dc858d896cbc574ef5e5f1b356ce8cd49b34e5f1581251b3979", "os": "linux", "os_features": "", "os_version": null, "size": 12661272, "status": "active", "last_pulled": "2024-01-20T09:44:59.45097Z", "last_pushed": "2023-11-13T23:28:24.571049Z"}, {"architecture": "arm64", "features": "", "variant": null, "digest": "sha256:42d3f99e689d309cd1c6b9be227d529053d42e3435b65df8391414f0e9e62e7c", "os": "linux", "os_features": "", "os_version": null, "size": 12377071, "status": "active", "last_pulled": "2024-01-15T05:57:47.854338Z", "last_pushed": "2023-11-13T23:28:24.107273Z"}, {"architecture": "arm", "features": "", "variant": "v7", "digest": "sha256:579fec976e25904db289aab48cb9b3cd84eed9ab20154db9d44acabd385178c1", "os": "linux", "os_features": "", "os_version": null, "size": 11433716, "status": "active", "last_pulled": "2024-01-15T05:57:49.723061Z", "last_pushed": "2023-11-13T23:28:24.988642Z"}, {"architecture": "unknown", "features": "", "variant": null, "digest": "sha256:f7d032dc9064a0ee179ab1cc0b822e27f8501082dae196ea41b3df542f2b8463", "os": "unknown", "os_features": "", "os_version": null, "size": 1345, "status": "active", "last_pulled": "2024-01-15T05:57:52.118757Z", "last_pushed": "2023-11-13T23:28:24.739071Z"}, {"architecture": "unknown", "features": "", "variant": null, "digest": "sha256:00d22d36de421448567b745a50925c9fef8eca395c334193d084227e4b12a942", "os": "unknown", "os_features": "", "os_version": null, "size": 1345, "status": "active", "last_pulled": "2024-01-15T05:57:59.842534Z", "last_pushed": "2023-11-13T23:28:24.405446Z"}, {"architecture": "unknown", "features": "", "variant": null, "digest": "sha256:d9fa70a2f3f3af4f14b4e9c7cc65086ce1d604b2a2288fa20d562612a0db37a4", "os": "unknown", "os_features": "", "os_version": null, "size": 1354, "status": "active", "last_pulled": "2024-01-15T05:58:04.216221Z", "last_pushed": "2023-11-13T23:28:25.140664Z"}], "last_updated": "2023-11-13T23:28:25.725072Z", "last_updater": 6259615, "last_updater_username": "fsiops", "name": "1.10.0", "repository": 17902546, "full_size": 12661272, "v2": true, "tag_status": "active", "tag_last_pulled": "2024-01-20T09:44:59.45097Z", "tag_last_pushed": "2023-11-13T23:28:25.725072Z", "media_type": "application/vnd.oci.image.index.v1+json", "content_type": "image", "digest": "sha256:8263dfd92934bd176dc406ff89c51dce486c42e5d7d3a3982b95220776766e48"}, {"creator": 6259615, "id": 548112343, "images": [{"architecture": "amd64", "features": "", "variant": null, "digest": "sha256:547ed6d497be0553cab82b2f161a31f59fe5cc955227af6fe82057900f43e994", "os": "linux", "os_features": "", "os_version": null, "size": 12661247, "status": "active", "last_pulled": "2024-01-20T09:06:12.562004Z", "last_pushed": "2023-11-13T15:58:39.085428Z"}, {"architecture": "arm64", "features": "", "variant": null, "digest": "sha256:c79f3e988b0fc54584b748bf81436ae4d761b8da60e094e8faa1cee3c34bce25", "os": "linux", "os_features": "", "os_version": null, "size": 12377094, "status": "active", "last_pulled": "2024-01-06T01:05:10.99448Z", "last_pushed": "2023-11-13T15:58:38.855228Z"}, {"architecture": "arm", "features": "", "variant": "v7", "digest": "sha256:9318aa020b400415c7d5315c6a874747f41d9e9da1485ed79db5afd268266bf8", "os": "linux", "os_features": "", "os_version": null, "size": 11433717, "status": "active", "last_pulled": "2024-01-06T01:05:11.049607Z", "last_pushed": "2023-11-13T15:58:39.266233Z"}, {"architecture": "unknown", "features": "", "variant": null, "digest": "sha256:52485bf51f33a722915a498d7e51eed650fe5b9f5e7f11b6367ac9539e8749a3", "os": "unknown", "os_features": "", "os_version": null, "size": 1168, "status": "active", "last_pulled": "2024-01-06T01:05:12.221401Z", "last_pushed": "2023-11-13T15:58:38.413426Z"}, {"architecture": "unknown", "features": "", "variant": null, "digest": "sha256:6267a771513b8c52d9154f00356ef2747fdb4cf1992bbe3daf2bb3aa368899d0", "os": "unknown", "os_features": "", "os_version": null, "size": 1168, "status": "inactive", "last_pulled": "2023-12-05T07:51:11.927034Z", "last_pushed": "2023-11-13T15:58:38.617585Z"}, {"architecture": "unknown", "features": "", "variant": null, "digest": "sha256:e5f356de0229dea4d369a4cc5bf68a1ad6b1f7fc04469f851ef2cc16e8eb3f47", "os": "unknown", "os_features": "", "os_version": null, "size": 1174, "status": "inactive", "last_pulled": "2023-12-05T07:51:12.13488Z", "last_pushed": "2023-11-13T15:58:39.48499Z"}], "last_updated": "2023-11-13T15:58:39.981368Z", "last_updater": 6259615, "last_updater_username": "fsiops", "name": "1.10.0-pre", "repository": 17902546, "full_size": 12661247, "v2": true, "tag_status": "active", "tag_last_pulled": "2024-01-20T09:27:40.197913Z", "tag_last_pushed": "2023-11-13T15:58:39.981368Z", "media_type": "application/vnd.oci.image.index.v1+json", "content_type": "image", "digest": "sha256:3656a1a1733138b6d7076624cacc8011ff3dfaeacd554d4d0012ebca0717746b"}, {"creator": 6259615, "id": 539388319, "images": [{"architecture": "amd64", "features": "", "variant": null, "digest": "sha256:cfe9d8f910ba8c9aef7b1529a896429ca38fce034d5833e8a99eccf05d19b9f9", "os": "linux", "os_features": "", "os_version": null, "size": 12661273, "status": "active", "last_pulled": "2024-01-20T09:42:04.062903Z", "last_pushed": "2023-10-31T04:56:37.891568Z"}, {"architecture": "arm64", "features": "", "variant": null, "digest": "sha256:838ab32dc764f3edcf1806b1aa39f4685a71b1cda6675671189e04600d3ce7ea", "os": "linux", "os_features": "", "os_version": null, "size": 12377081, "status": "active", "last_pulled": "2024-01-18T18:52:17.310555Z", "last_pushed": "2023-10-31T04:56:37.704307Z"}, {"architecture": "arm", "features": "", "variant": "v7", "digest": "sha256:11550aa87462012ab71511e6fa5899c87e7d5d4399d916cf3cf144803b1c428f", "os": "linux", "os_features": "", "os_version": null, "size": 11433769, "status": "active", "last_pulled": "2024-01-06T01:05:13.505075Z", "last_pushed": "2023-10-31T04:56:38.05882Z"}, {"architecture": "unknown", "features": "", "variant": null, "digest": "sha256:78dfaddd44bc4b07d87d1c33f7ffbbac3136cc84ed3ede08db95584e8783ea9e", "os": "unknown", "os_features": "", "os_version": null, "size": 1344, "status": "active", "last_pulled": "2024-01-06T01:05:13.57159Z", "last_pushed": "2023-10-31T04:56:36.991081Z"}, {"architecture": "unknown", "features": "", "variant": null, "digest": "sha256:a82c141adf5b03b35afd46fc9ef8714c45cd47f05a9e31f71925ae7e3c7f0df8", "os": "unknown", "os_features": "", "os_version": null, "size": 1344, "status": "inactive", "last_pulled": "2023-12-05T07:51:13.813967Z", "last_pushed": "2023-10-31T04:56:37.513744Z"}, {"architecture": "unknown", "features": "", "variant": null, "digest": "sha256:d9e6fa2cf2c8bffbdad9046e3033d9c1b5f88c6feec531a10a1ab6c69bb7ebf9", "os": "unknown", "os_features": "", "os_version": null, "size": 1353, "status": "inactive", "last_pulled": "2023-12-05T07:51:14.172536Z", "last_pushed": "2023-10-31T04:56:38.238432Z"}], "last_updated": "2023-10-31T04:56:38.767664Z", "last_updater": 6259615, "last_updater_username": "fsiops", "name": "1.9.0", "repository": 17902546, "full_size": 12661273, "v2": true, "tag_status": "active", "tag_last_pulled": "2024-01-20T09:42:04.062903Z", "tag_last_pushed": "2023-10-31T04:56:38.767664Z", "media_type": "application/vnd.oci.image.index.v1+json", "content_type": "image", "digest": "sha256:aea79cde62ea6da1c119c6733bdc1d23d917cc73febbe665a34f697455780beb"}, {"creator": 6259615, "id": 538867880, "images": [{"architecture": "amd64", "features": "", "variant": null, "digest": "sha256:d0ef4f9ee170fc6fda2780b7b0495576f04243af3bbec56e6b9e311062f50017", "os": "linux", "os_features": "", "os_version": null, "size": 12661242, "status": "active", "last_pulled": "2024-01-20T09:04:18.803123Z", "last_pushed": "2023-10-30T12:03:03.606306Z"}, {"architecture": "arm64", "features": "", "variant": null, "digest": "sha256:526b2c1a4a428373b053db429c14d1eb0eef50eee6f7acd6cc8df85c26d5912a", "os": "linux", "os_features": "", "os_version": null, "size": 12377079, "status": "active", "last_pulled": "2024-01-06T01:05:15.050054Z", "last_pushed": "2023-10-30T12:03:03.345478Z"}, {"architecture": "arm", "features": "", "variant": "v7", "digest": "sha256:1fb9df0f67831fa98e9fa96ed69d38a2b9c95bfb333caedae6e85b1d688ab0c6", "os": "linux", "os_features": "", "os_version": null, "size": 11433739, "status": "active", "last_pulled": "2024-01-06T01:05:15.343866Z", "last_pushed": "2023-10-30T12:03:03.965338Z"}, {"architecture": "unknown", "features": "", "variant": null, "digest": "sha256:2fdd853dc028215d5dc4aa17671f83e5ab33f4ea470e0a60051a1c2d99eeff5e", "os": "unknown", "os_features": "", "os_version": null, "size": 1166, "status": "active", "last_pulled": "2024-01-06T01:05:16.05341Z", "last_pushed": "2023-10-30T12:03:03.086643Z"}, {"architecture": "unknown", "features": "", "variant": null, "digest": "sha256:5ddbf26e60ecfe060aab27d0a5f9c23b38a77a9279d6015ae306c56c46056579", "os": "unknown", "os_features": "", "os_version": null, "size": 1166, "status": "inactive", "last_pulled": "2023-12-05T07:51:16.456804Z", "last_pushed": "2023-10-30T12:03:02.747206Z"}, {"architecture": "unknown", "features": "", "variant": null, "digest": "sha256:2c82384c37244506df3d1cfc896fe9a0bd9761269de7c20ad01fcfe9072e863d", "os": "unknown", "os_features": "", "os_version": null, "size": 1172, "status": "inactive", "last_pulled": "2023-12-05T07:51:16.801672Z", "last_pushed": "2023-10-30T12:03:02.47691Z"}], "last_updated": "2023-10-30T12:03:04.57768Z", "last_updater": 6259615, "last_updater_username": "fsiops", "name": "1.9.0-pre", "repository": 17902546, "full_size": 12661242, "v2": true, "tag_status": "active", "tag_last_pulled": "2024-01-20T09:41:33.40292Z", "tag_last_pushed": "2023-10-30T12:03:04.57768Z", "media_type": "application/vnd.oci.image.index.v1+json", "content_type": "image", "digest": "sha256:02971095373cf45bfcd14b26b876ecaa73445b220a10934e9fbca9c39f4ce4c1"}, {"creator": 6259615, "id": 535296767, "images": [{"architecture": "amd64", "features": "", "variant": null, "digest": "sha256:fbcc5413d5b4bdc287d82c1a35248b3960282f81672f63e9538200edfc2f2094", "os": "linux", "os_features": "", "os_version": null, "size": 12661268, "status": "active", "last_pulled": "2024-01-20T09:08:38.540955Z", "last_pushed": "2023-10-23T19:33:09.58252Z"}, {"architecture": "arm64", "features": "", "variant": null, "digest": "sha256:c63441906f04b8ad2f2aa6bac17bf7bd42971b4ad7b0f00cfac6b254a7b4a5e7", "os": "linux", "os_features": "", "os_version": null, "size": 12376937, "status": "active", "last_pulled": "2024-01-17T09:33:49.386689Z", "last_pushed": "2023-10-23T19:33:09.39991Z"}, {"architecture": "arm", "features": "", "variant": "v7", "digest": "sha256:8b7e60ad6fb151b85e7750095ef34e7f922e04159f3f1e5270d1a223a5c64d97", "os": "linux", "os_features": "", "os_version": null, "size": 11433787, "status": "active", "last_pulled": "2024-01-06T01:05:17.483178Z", "last_pushed": "2023-10-23T19:33:10.455171Z"}, {"architecture": "unknown", "features": "", "variant": null, "digest": "sha256:39e023d551214aa606ca7bf967788844601861e233f0858ea10e0cf4c67c6575", "os": "unknown", "os_features": "", "os_version": null, "size": 1344, "status": "active", "last_pulled": "2024-01-06T01:05:17.794421Z", "last_pushed": "2023-10-23T19:33:09.96401Z"}, {"architecture": "unknown", "features": "", "variant": null, "digest": "sha256:af3aec162dc082d37196f686c2db5a51b8f019bf40f652fd002ed0aa7632fa0e", "os": "unknown", "os_features": "", "os_version": null, "size": 1344, "status": "inactive", "last_pulled": "2023-12-05T07:51:18.616479Z", "last_pushed": "2023-10-23T19:33:09.076835Z"}, {"architecture": "unknown", "features": "", "variant": null, "digest": "sha256:5b81c23b7ade8950e6dcbcb2437c1119dc8272d9901954c7d1fa23fbb355e78a", "os": "unknown", "os_features": "", "os_version": null, "size": 1353, "status": "inactive", "last_pulled": "2023-12-05T07:51:18.947602Z", "last_pushed": "2023-10-23T19:33:10.638599Z"}], "last_updated": "2023-10-23T19:33:11.23376Z", "last_updater": 6259615, "last_updater_username": "fsiops", "name": "1.8.1", "repository": 17902546, "full_size": 12661268, "v2": true, "tag_status": "active", "tag_last_pulled": "2024-01-20T09:21:44.401372Z", "tag_last_pushed": "2023-10-23T19:33:11.23376Z", "media_type": "application/vnd.oci.image.index.v1+json", "content_type": "image", "digest": "sha256:31a1e3c5313fc19d1d57de824a821281ae629b1b4acb64ed9b88554ca6cd71ac"}, {"creator": 6259615, "id": 535256726, "images": [{"architecture": "amd64", "features": "", "variant": null, "digest": "sha256:79399b8c459a9c48882b8c4b3702e53ca9e95b6f951d52ad1a69de99cbe49799", "os": "linux", "os_features": "", "os_version": null, "size": 12661335, "status": "active", "last_pulled": "2024-01-20T09:49:01.481495Z", "last_pushed": "2023-10-23T18:02:51.781196Z"}, {"architecture": "arm64", "features": "", "variant": null, "digest": "sha256:e814cbe0dd8dc8d45ec56ebc61871773e7f471e5c7f3aff1356d9d2033fa062a", "os": "linux", "os_features": "", "os_version": null, "size": 12376999, "status": "active", "last_pulled": "2024-01-06T01:05:19.188559Z", "last_pushed": "2023-10-23T18:02:51.183524Z"}, {"architecture": "arm", "features": "", "variant": "v7", "digest": "sha256:09981fb75b56b9f08245e154f97ac8e971e127e4a1444081372e8d86210e169c", "os": "linux", "os_features": "", "os_version": null, "size": 11433807, "status": "active", "last_pulled": "2024-01-06T01:05:19.758751Z", "last_pushed": "2023-10-23T18:02:50.435768Z"}, {"architecture": "unknown", "features": "", "variant": null, "digest": "sha256:7e275c7bd0add978e90c4ca1be1dd52e649b1e1d910def09e4c67a066859f51d", "os": "unknown", "os_features": "", "os_version": null, "size": 1167, "status": "active", "last_pulled": "2024-01-06T01:05:19.925036Z", "last_pushed": "2023-10-23T18:02:51.498145Z"}, {"architecture": "unknown", "features": "", "variant": null, "digest": "sha256:410912becd8a96c6b9f70644a5527861b450c5517ad6ea60c620db0ed2e5e305", "os": "unknown", "os_features": "", "os_version": null, "size": 1167, "status": "inactive", "last_pulled": "2023-12-05T07:51:20.552509Z", "last_pushed": "2023-10-23T18:02:50.798333Z"}, {"architecture": "unknown", "features": "", "variant": null, "digest": "sha256:898509a3bca888f21b4598ed3cb73eb1914ef858160668e15434bae0a4fae80a", "os": "unknown", "os_features": "", "os_version": null, "size": 1173, "status": "inactive", "last_pulled": "2023-12-05T07:51:20.974539Z", "last_pushed": "2023-10-23T18:02:52.12605Z"}], "last_updated": "2023-10-23T18:02:52.804896Z", "last_updater": 6259615, "last_updater_username": "fsiops", "name": "1.8.1-pre", "repository": 17902546, "full_size": 12661335, "v2": true, "tag_status": "active", "tag_last_pulled": "2024-01-20T09:49:01.481495Z", "tag_last_pushed": "2023-10-23T18:02:52.804896Z", "media_type": "application/vnd.oci.image.index.v1+json", "content_type": "image", "digest": "sha256:dbf6f7aff983ebc7bb330966e72c85a0a23cd4343ce1759f7c15c2d25c6b3de1"}, {"creator": 6259615, "id": 531376404, "images": [{"architecture": "amd64", "features": "", "variant": null, "digest": "sha256:2e66592ddfd5e5d5ff11fe0295ff76b52f363f673490ffedfa87006cbdc42084", "os": "linux", "os_features": "", "os_version": null, "size": 12661620, "status": "active", "last_pulled": "2024-01-20T09:44:39.739255Z", "last_pushed": "2023-10-16T19:56:11.050764Z"}, {"architecture": "arm64", "features": "", "variant": null, "digest": "sha256:63f5c6150a641d317eb046891c709056252e3be7ddc2f28d660aafe7d67afda4", "os": "linux", "os_features": "", "os_version": null, "size": 12376805, "status": "active", "last_pulled": "2024-01-19T04:18:52.680849Z", "last_pushed": "2023-10-16T19:56:10.222297Z"}, {"architecture": "arm", "features": "", "variant": "v7", "digest": "sha256:24e321257eec50dae30121194374bf50f2d6c4146955e784f9d391e5ec10aa77", "os": "linux", "os_features": "", "os_version": null, "size": 11433526, "status": "active", "last_pulled": "2024-01-06T01:05:21.495185Z", "last_pushed": "2023-10-16T19:56:11.575134Z"}, {"architecture": "unknown", "features": "", "variant": null, "digest": "sha256:49d577cbfe55f44353e7efd742fe9c6ee7d16f0e6dc3532eaf96cac4dd366c79", "os": "unknown", "os_features": "", "os_version": null, "size": 1344, "status": "active", "last_pulled": "2024-01-06T01:05:21.999681Z", "last_pushed": "2023-10-16T19:56:11.269801Z"}, {"architecture": "unknown", "features": "", "variant": null, "digest": "sha256:9a938a4d960dd4b829b951151a318fe5c6d8058cd3210eb66037b332b2db9371", "os": "unknown", "os_features": "", "os_version": null, "size": 1344, "status": "inactive", "last_pulled": "2023-12-05T07:51:22.745998Z", "last_pushed": "2023-10-16T19:56:10.780997Z"}, {"architecture": "unknown", "features": "", "variant": null, "digest": "sha256:60bb513e920e691b07d3b885b14715e15ca2cc3b8d1abf367c4cb9574187928e", "os": "unknown", "os_features": "", "os_version": null, "size": 1353, "status": "inactive", "last_pulled": "2023-12-05T07:51:23.146372Z", "last_pushed": "2023-10-16T19:56:11.907245Z"}], "last_updated": "2023-10-16T19:56:12.494504Z", "last_updater": 6259615, "last_updater_username": "fsiops", "name": "1.8.0", "repository": 17902546, "full_size": 12661620, "v2": true, "tag_status": "active", "tag_last_pulled": "2024-01-20T09:49:01.184834Z", "tag_last_pushed": "2023-10-16T19:56:12.494504Z", "media_type": "application/vnd.oci.image.index.v1+json", "content_type": "image", "digest": "sha256:0c67a1e70e34f9c40bb1305d8bba6e70a2282283f34bc922719d0f6a7ff50c6e"}, {"creator": 6259615, "id": 531373887, "images": [{"architecture": "amd64", "features": "", "variant": null, "digest": "sha256:550c030cbc7a8aa7287df0711560553f0536578742fd41d041041a7b65e89327", "os": "linux", "os_features": "", "os_version": null, "size": 12661608, "status": "active", "last_pulled": "2024-01-20T09:49:01.43418Z", "last_pushed": "2023-10-16T19:52:36.586898Z"}, {"architecture": "arm64", "features": "", "variant": null, "digest": "sha256:fd0e1e0c6957577a55dcd398c8d00e1c1cede7449285f8472eb537a9ec19fa5f", "os": "linux", "os_features": "", "os_version": null, "size": 12376785, "status": "active", "last_pulled": "2024-01-06T01:05:23.399109Z", "last_pushed": "2023-10-16T19:52:36.31811Z"}, {"architecture": "arm", "features": "", "variant": "v7", "digest": "sha256:68e43b2fe2d1b58d222c113398995ca228843dbba482ccee9f719158026fdf45", "os": "linux", "os_features": "", "os_version": null, "size": 11433500, "status": "active", "last_pulled": "2024-01-06T01:05:23.686316Z", "last_pushed": "2023-10-16T19:52:36.840633Z"}, {"architecture": "unknown", "features": "", "variant": null, "digest": "sha256:27fff172a7c25b0622897bd57ba46a1bc46075deb0faa8cdb89e295be3974320", "os": "unknown", "os_features": "", "os_version": null, "size": 1167, "status": "active", "last_pulled": "2024-01-06T01:05:24.593778Z", "last_pushed": "2023-10-16T19:52:36.033645Z"}, {"architecture": "unknown", "features": "", "variant": null, "digest": "sha256:e0f6627b083c43c928762ce30506e0e23d6ad0e61d659cb49b9a0c91476fe613", "os": "unknown", "os_features": "", "os_version": null, "size": 1167, "status": "inactive", "last_pulled": "2023-12-05T07:51:25.014365Z", "last_pushed": "2023-10-16T19:52:35.753202Z"}, {"architecture": "unknown", "features": "", "variant": null, "digest": "sha256:efbb1cee47cf00d72309005449187ed9dfdb6eea42724908e7d1e407e44035d5", "os": "unknown", "os_features": "", "os_version": null, "size": 1173, "status": "inactive", "last_pulled": "2023-12-05T07:51:25.372982Z", "last_pushed": "2023-10-16T19:52:37.093564Z"}], "last_updated": "2023-10-16T19:52:37.908605Z", "last_updater": 6259615, "last_updater_username": "fsiops", "name": "1.8.0-pre", "repository": 17902546, "full_size": 12661608, "v2": true, "tag_status": "active", "tag_last_pulled": "2024-01-20T09:51:47.505205Z", "tag_last_pushed": "2023-10-16T19:52:37.908605Z", "media_type": "application/vnd.oci.image.index.v1+json", "content_type": "image", "digest": "sha256:d3d47835643bd95446734f5c95f72f0ea0b5826a89398bce5bd2db55cc58a7c9"}, {"creator": 6259615, "id": 529546241, "images": [{"architecture": "amd64", "features": "", "variant": null, "digest": "sha256:3ac4395e3c79376c321d6fd4a19702fdf5354a85c03d400ee47cae281d63a9a6", "os": "linux", "os_features": "", "os_version": null, "size": 12661061, "status": "active", "last_pulled": "2024-01-20T09:44:39.726362Z", "last_pushed": "2023-10-12T20:26:50.542238Z"}, {"architecture": "arm64", "features": "", "variant": null, "digest": "sha256:6838104ce03d55823768461364a866b89d8e6a3d6e14c25c1395caf7611fc5e1", "os": "linux", "os_features": "", "os_version": null, "size": 12375759, "status": "active", "last_pulled": "2024-01-06T01:05:25.817697Z", "last_pushed": "2023-10-12T20:26:50.186119Z"}, {"architecture": "arm", "features": "", "variant": "v7", "digest": "sha256:34811f191d85f0ac82f0093af490fd2fc17ca9ad2ea121e800193a6ace63288b", "os": "linux", "os_features": "", "os_version": null, "size": 11433363, "status": "active", "last_pulled": "2024-01-06T01:05:26.045248Z", "last_pushed": "2023-10-12T20:26:51.155743Z"}, {"architecture": "unknown", "features": "", "variant": null, "digest": "sha256:8b868bb0df3d03c2f4f6cd5d65be29c03976023b40c50b9f3eab2919b2a4bb2f", "os": "unknown", "os_features": "", "os_version": null, "size": 1344, "status": "active", "last_pulled": "2024-01-06T01:05:28.144971Z", "last_pushed": "2023-10-12T20:26:49.851614Z"}, {"architecture": "unknown", "features": "", "variant": null, "digest": "sha256:5dfd8b3a5f77895ce6b6f09b785497aa43ec63f478ff47f47e98d10a2dd9d81a", "os": "unknown", "os_features": "", "os_version": null, "size": 1344, "status": "inactive", "last_pulled": "2023-12-05T07:51:26.949511Z", "last_pushed": "2023-10-12T20:26:50.856113Z"}, {"architecture": "unknown", "features": "", "variant": null, "digest": "sha256:b5988b63c9414d2bf23e7a02c07864e01430ffce49794329ecb56d48bfb5a745", "os": "unknown", "os_features": "", "os_version": null, "size": 1353, "status": "inactive", "last_pulled": "2023-12-05T07:51:27.332251Z", "last_pushed": "2023-10-12T20:26:51.469557Z"}], "last_updated": "2023-10-12T20:26:52.05543Z", "last_updater": 6259615, "last_updater_username": "fsiops", "name": "1.7.1", "repository": 17902546, "full_size": 12661061, "v2": true, "tag_status": "active", "tag_last_pulled": "2024-01-20T09:44:39.726362Z", "tag_last_pushed": "2023-10-12T20:26:52.05543Z", "media_type": "application/vnd.oci.image.index.v1+json", "content_type": "image", "digest": "sha256:8f572b43a81e292cf841fc1ac2125e88a488c3a55b9790247355e23197bde487"}, {"creator": 6259615, "id": 529521374, "images": [{"architecture": "amd64", "features": "", "variant": null, "digest": "sha256:def1dc11045babfdb77a90bc869d19c078e1267b9dcce5c29f7dbf7444dbe2c9", "os": "linux", "os_features": "", "os_version": null, "size": 12660957, "status": "active", "last_pulled": "2024-01-20T09:44:39.732672Z", "last_pushed": "2023-10-12T19:33:27.902471Z"}, {"architecture": "arm64", "features": "", "variant": null, "digest": "sha256:f7e9cf6df54f116e9371eb57222d4a04f23f3663769472137d5dfbdb88feeb2a", "os": "linux", "os_features": "", "os_version": null, "size": 12375595, "status": "active", "last_pulled": "2024-01-06T01:05:29.342762Z", "last_pushed": "2023-10-12T19:33:27.672459Z"}, {"architecture": "arm", "features": "", "variant": "v7", "digest": "sha256:1da31996afe5044c7c2f3d92f72253f36e36fb76519b5e9e47124bf3a033efa4", "os": "linux", "os_features": "", "os_version": null, "size": 11433333, "status": "active", "last_pulled": "2024-01-06T01:05:29.491933Z", "last_pushed": "2023-10-12T19:33:28.489363Z"}, {"architecture": "unknown", "features": "", "variant": null, "digest": "sha256:a89e2c95e5406e474928697aa7bfee439a20d872c0d185895c95f141219a653a", "os": "unknown", "os_features": "", "os_version": null, "size": 1167, "status": "active", "last_pulled": "2024-01-06T01:05:29.514628Z", "last_pushed": "2023-10-12T19:33:28.279985Z"}, {"architecture": "unknown", "features": "", "variant": null, "digest": "sha256:16187b476336cb8f7b1331bdd4a730d56c71888af8dfb6e7c1197579993f01f2", "os": "unknown", "os_features": "", "os_version": null, "size": 1167, "status": "inactive", "last_pulled": "2023-12-05T07:51:28.949043Z", "last_pushed": "2023-10-12T19:33:28.106212Z"}, {"architecture": "unknown", "features": "", "variant": null, "digest": "sha256:715dfb78a0103d51206bb7a9b0fdc3d0ba61548ba6f5b100861152ac6cb6d8e1", "os": "unknown", "os_features": "", "os_version": null, "size": 1173, "status": "inactive", "last_pulled": "2023-12-05T07:51:29.303009Z", "last_pushed": "2023-10-12T19:33:28.668829Z"}], "last_updated": "2023-10-12T19:33:29.232531Z", "last_updater": 6259615, "last_updater_username": "fsiops", "name": "1.7.1-pre", "repository": 17902546, "full_size": 12660957, "v2": true, "tag_status": "active", "tag_last_pulled": "2024-01-20T09:44:39.732672Z", "tag_last_pushed": "2023-10-12T19:33:29.232531Z", "media_type": "application/vnd.oci.image.index.v1+json", "content_type": "image", "digest": "sha256:8e28324ac93c05638071c78fab7d947ac27d706e9f1fd87b628351811d89c12c"}, {"creator": 6259615, "id": 528641479, "images": [{"architecture": "amd64", "features": "", "variant": null, "digest": "sha256:2c9b397f5e092b78f1c37dc742c3aac3e40b7af88dd35df6acb9cd62a9b4bb16", "os": "linux", "os_features": "", "os_version": null, "size": 12516648, "status": "active", "last_pulled": "2024-01-20T09:48:38.127633Z", "last_pushed": "2023-10-11T19:25:14.073509Z"}, {"architecture": "arm64", "features": "", "variant": null, "digest": "sha256:5875815f38bd3889bf516430f1635edfc676ddb687ed7d9a1c58f00e934622de", "os": "linux", "os_features": "", "os_version": null, "size": 12219651, "status": "active", "last_pulled": "2024-01-06T01:05:30.955764Z", "last_pushed": "2023-10-11T19:25:13.564277Z"}, {"architecture": "arm", "features": "", "variant": "v7", "digest": "sha256:5c3e4584ea3ef7f9e0ee0899f37eec0aed6d774a389b94ef21283cb14922cd5c", "os": "linux", "os_features": "", "os_version": null, "size": 11409931, "status": "active", "last_pulled": "2024-01-06T01:05:31.268721Z", "last_pushed": "2023-10-11T19:25:14.631853Z"}, {"architecture": "unknown", "features": "", "variant": null, "digest": "sha256:9db8479770ee977cae7c95608c9b29b41fcd0f8a9fc960f4db2a35434141cc79", "os": "unknown", "os_features": "", "os_version": null, "size": 1344, "status": "active", "last_pulled": "2024-01-06T01:05:31.668332Z", "last_pushed": "2023-10-11T19:25:14.364343Z"}, {"architecture": "unknown", "features": "", "variant": null, "digest": "sha256:7fecbb259635376fa9bdaee7a681984d7ca89036205dd02fcae64188f6235bd8", "os": "unknown", "os_features": "", "os_version": null, "size": 1344, "status": "inactive", "last_pulled": "2023-12-05T07:51:31.269015Z", "last_pushed": "2023-10-11T19:25:13.790041Z"}, {"architecture": "unknown", "features": "", "variant": null, "digest": "sha256:54c0fef71902a7baf39e182b2f0c2e46ce6d6ef65eef631418e0f7f45d949e2c", "os": "unknown", "os_features": "", "os_version": null, "size": 1353, "status": "inactive", "last_pulled": "2023-12-05T07:51:31.587302Z", "last_pushed": "2023-10-11T19:25:14.894931Z"}], "last_updated": "2023-10-11T19:25:15.267785Z", "last_updater": 6259615, "last_updater_username": "fsiops", "name": "1.7.0", "repository": 17902546, "full_size": 12516648, "v2": true, "tag_status": "active", "tag_last_pulled": "2024-01-20T09:48:38.127633Z", "tag_last_pushed": "2023-10-11T19:25:15.267785Z", "media_type": "application/vnd.oci.image.index.v1+json", "content_type": "image", "digest": "sha256:57444be7ee5faad5683f7b9b3d4d653accf05190a81fa6174ddc896a35ec1d56"}, {"creator": 6259615, "id": 528636813, "images": [{"architecture": "amd64", "features": "", "variant": null, "digest": "sha256:80a5dd1d88ce614329c932315462b391594a9f643ec1d86173bfbe319c46510a", "os": "linux", "os_features": "", "os_version": null, "size": 12516621, "status": "active", "last_pulled": "2024-01-20T09:40:54.115969Z", "last_pushed": "2023-10-11T19:23:13.281706Z"}, {"architecture": "arm64", "features": "", "variant": null, "digest": "sha256:ec7310c274a06dc4221d11d6bc7ae82cda7266daec108e99bd2eb3a4b16f4d20", "os": "linux", "os_features": "", "os_version": null, "size": 12219631, "status": "active", "last_pulled": "2024-01-06T01:05:32.847353Z", "last_pushed": "2023-10-11T19:23:13.023388Z"}, {"architecture": "arm", "features": "", "variant": "v7", "digest": "sha256:f8be9cccb76d87f59caf37bfa8477366d58e8a64703ef085b1da9bff1e7edf02", "os": "linux", "os_features": "", "os_version": null, "size": 11409940, "status": "active", "last_pulled": "2024-01-06T01:05:33.675163Z", "last_pushed": "2023-10-11T19:23:13.946624Z"}, {"architecture": "unknown", "features": "", "variant": null, "digest": "sha256:5606f9c6aba1a599f2667dc74daef6314b9d3d98e05110b992121395a6662dd1", "os": "unknown", "os_features": "", "os_version": null, "size": 1167, "status": "active", "last_pulled": "2024-01-06T01:05:33.778484Z", "last_pushed": "2023-10-11T19:23:12.777741Z"}, {"architecture": "unknown", "features": "", "variant": null, "digest": "sha256:be8f1a38e8b60013beae1a8c5de9064ef2fc6af1ece5330725d509e022b04f21", "os": "unknown", "os_features": "", "os_version": null, "size": 1167, "status": "inactive", "last_pulled": "2023-12-05T07:51:33.365545Z", "last_pushed": "2023-10-11T19:23:13.592575Z"}, {"architecture": "unknown", "features": "", "variant": null, "digest": "sha256:cd133f7c7915093c80471b1447d791b1dc929ea82b93ee78dfd09a68cff070ab", "os": "unknown", "os_features": "", "os_version": null, "size": 1173, "status": "inactive", "last_pulled": "2023-12-05T07:51:33.737973Z", "last_pushed": "2023-10-11T19:23:14.230188Z"}], "last_updated": "2023-10-11T19:23:14.699692Z", "last_updater": 6259615, "last_updater_username": "fsiops", "name": "1.7.0-pre", "repository": 17902546, "full_size": 12516621, "v2": true, "tag_status": "active", "tag_last_pulled": "2024-01-20T09:40:54.115969Z", "tag_last_pushed": "2023-10-11T19:23:14.699692Z", "media_type": "application/vnd.oci.image.index.v1+json", "content_type": "image", "digest": "sha256:d471701879e5f79967f5c2288e467ede6908157e1db0ec3fae8e175fdc11f11c"}, {"creator": 6259615, "id": 513729697, "images": [{"architecture": "amd64", "features": "", "variant": null, "digest": "sha256:77e2706e1c2bdd07ef278d32dd8b6570bcc60ce49b1bd2a87a6d94642bfa2bfd", "os": "linux", "os_features": "", "os_version": null, "size": 12501887, "status": "active", "last_pulled": "2024-01-20T09:49:01.075695Z", "last_pushed": "2023-09-14T23:28:59.452954Z"}, {"architecture": "arm64", "features": "", "variant": null, "digest": "sha256:cac1eb773b4e5032569377c376dc7139d68eeaf3c16858cb59969431090a74bb", "os": "linux", "os_features": "", "os_version": null, "size": 12203931, "status": "active", "last_pulled": "2024-01-18T03:00:30.207132Z", "last_pushed": "2023-09-14T23:28:59.154324Z"}, {"architecture": "arm", "features": "", "variant": "v7", "digest": "sha256:321e49766b02ea3da42335d9e93ad9f7d4a507999d46fd89466aadbdd6d3770f", "os": "linux", "os_features": "", "os_version": null, "size": 11398467, "status": "active", "last_pulled": "2024-01-06T01:05:39.687946Z", "last_pushed": "2023-09-14T23:28:59.607728Z"}, {"architecture": "unknown", "features": "", "variant": null, "digest": "sha256:fcb33dae509a4c71ae082a703983b987c416e98859f75c8f6fbaa2840a152486", "os": "unknown", "os_features": "", "os_version": null, "size": 1343, "status": "active", "last_pulled": "2024-01-06T01:05:35.540512Z", "last_pushed": "2023-09-14T23:28:59.275509Z"}, {"architecture": "unknown", "features": "", "variant": null, "digest": "sha256:c8a08342f400e4e14c7b4d49abc3b3d9e18d8efdf5114d3c56a6c8f657477783", "os": "unknown", "os_features": "", "os_version": null, "size": 1343, "status": "inactive", "last_pulled": "2023-12-05T07:51:35.598317Z", "last_pushed": "2023-09-14T23:28:58.96073Z"}, {"architecture": "unknown", "features": "", "variant": null, "digest": "sha256:811036db9b3719d0330b60cd74c40fafed7c21fdffdd45a59ad41bd9d30f97ce", "os": "unknown", "os_features": "", "os_version": null, "size": 1352, "status": "inactive", "last_pulled": "2023-12-05T07:51:35.947318Z", "last_pushed": "2023-09-14T23:28:59.762641Z"}], "last_updated": "2023-09-14T23:29:00.302397Z", "last_updater": 6259615, "last_updater_username": "fsiops", "name": "1.6.0", "repository": 17902546, "full_size": 12501887, "v2": true, "tag_status": "active", "tag_last_pulled": "2024-01-20T09:49:01.075695Z", "tag_last_pushed": "2023-09-14T23:29:00.302397Z", "media_type": "application/vnd.oci.image.index.v1+json", "content_type": "image", "digest": "sha256:783f7584a5e5840a242d1d9526a9cffaf2e13e05a9e6518e2497fe432bc2ca7e"}, {"creator": 6259615, "id": 497639696, "images": [{"architecture": "amd64", "features": "", "variant": null, "digest": "sha256:94aeb9f2bdb82d741fb90d90534503126a882975a56db2e566820d36d9de7b92", "os": "linux", "os_features": "", "os_version": null, "size": 12501881, "status": "active", "last_pulled": "2024-01-20T09:08:38.563767Z", "last_pushed": "2023-08-21T21:53:12.749677Z"}, {"architecture": "arm64", "features": "", "variant": null, "digest": "sha256:02ffa494133b4f200e0ff30ed2081c9667326ffaf101301ffa6a1523479cb508", "os": "linux", "os_features": "", "os_version": null, "size": 12203777, "status": "active", "last_pulled": "2024-01-19T01:12:09.285832Z", "last_pushed": "2023-08-21T21:53:12.624939Z"}, {"architecture": "arm", "features": "", "variant": "v7", "digest": "sha256:126064f49c3243bcfdf36d865bc1a788cab2d90ea3651b71745cb08fb9fe62bd", "os": "linux", "os_features": "", "os_version": null, "size": 11398329, "status": "active", "last_pulled": "2024-01-06T01:05:38.122636Z", "last_pushed": "2023-08-21T21:53:12.926525Z"}, {"architecture": "unknown", "features": "", "variant": null, "digest": "sha256:d49f62149eb97f1a24c6e713f585c1181843c51f108d8cc2fd840553dba93fc6", "os": "unknown", "os_features": "", "os_version": null, "size": 1343, "status": "active", "last_pulled": "2024-01-06T01:05:38.752702Z", "last_pushed": "2023-08-21T21:53:12.457982Z"}, {"architecture": "unknown", "features": "", "variant": null, "digest": "sha256:c8d2e9c43766e3dd08198f69c0454369893db5507de598adaf5c00fccec5c1fb", "os": "unknown", "os_features": "", "os_version": null, "size": 1343, "status": "inactive", "last_pulled": "2023-12-19T09:24:41.474552Z", "last_pushed": "2023-08-21T21:53:12.302515Z"}, {"architecture": "unknown", "features": "", "variant": null, "digest": "sha256:765189a564dbd0690fd2255106c61e83dd5e1051774b36ad672e38f955d8edf0", "os": "unknown", "os_features": "", "os_version": null, "size": 1352, "status": "inactive", "last_pulled": "2023-12-19T09:24:41.665686Z", "last_pushed": "2023-08-21T21:53:13.164333Z"}], "last_updated": "2023-08-21T21:53:13.70274Z", "last_updater": 6259615, "last_updater_username": "fsiops", "name": "1.5.0", "repository": 17902546, "full_size": 12501881, "v2": true, "tag_status": "active", "tag_last_pulled": "2024-01-20T09:33:55.928643Z", "tag_last_pushed": "2023-08-21T21:53:13.70274Z", "media_type": "application/vnd.oci.image.index.v1+json", "content_type": "image", "digest": "sha256:1f8271b5050d0dd13e2981db65842d9f91e5e35dc037301f900342642bb87d76"}, {"creator": 6259615, "id": 458489006, "images": [{"architecture": "amd64", "features": "", "variant": null, "digest": "sha256:7dc3bd297442e7402ab7ab51d8a8ea7a98503e8ff8e967dce28a9e1c0c88f238", "os": "linux", "os_features": "", "os_version": null, "size": 12492929, "status": "active", "last_pulled": "2024-01-20T09:25:58.944701Z", "last_pushed": "2023-06-15T22:05:51.064885Z"}, {"architecture": "arm64", "features": "", "variant": null, "digest": "sha256:2f9a7d8efe40aa70135003c54fc52b94a6228ef4d051fb44c64d7d413926c572", "os": "linux", "os_features": "", "os_version": null, "size": 12196309, "status": "active", "last_pulled": "2024-01-19T02:52:55.871248Z", "last_pushed": "2023-06-15T22:05:50.240667Z"}, {"architecture": "arm", "features": "", "variant": "v7", "digest": "sha256:aeb5cd81c4e5d4e3666313e0412bab77544d8594dbb625415645704ae7ea87c7", "os": "linux", "os_features": "", "os_version": null, "size": 11389976, "status": "active", "last_pulled": "2024-01-06T01:05:40.725957Z", "last_pushed": "2023-06-15T22:05:51.274136Z"}, {"architecture": "unknown", "features": "", "variant": null, "digest": "sha256:f74426b8b3be7a1ad2ca47aa15b66e657fd976020b98f66f1b1e98ffd0c0e255", "os": "unknown", "os_features": "", "os_version": null, "size": 1343, "status": "active", "last_pulled": "2024-01-06T01:05:40.99123Z", "last_pushed": "2023-06-15T22:05:50.815804Z"}, {"architecture": "unknown", "features": "", "variant": null, "digest": "sha256:fe20bc68469c5610687cb0214a1418e2d872a6c79bbba653f94a46dac56a8cbe", "os": "unknown", "os_features": "", "os_version": null, "size": 1343, "status": "inactive", "last_pulled": "2023-12-05T07:51:40.736654Z", "last_pushed": "2023-06-15T22:05:50.568561Z"}, {"architecture": "unknown", "features": "", "variant": null, "digest": "sha256:f798314fd91669f258cb71634a0d3baca842a524f2b48dba0856ee63a5a31cc6", "os": "unknown", "os_features": "", "os_version": null, "size": 1352, "status": "inactive", "last_pulled": "2023-12-05T07:51:41.331995Z", "last_pushed": "2023-06-15T22:05:51.556843Z"}], "last_updated": "2023-06-15T22:05:52.121139Z", "last_updater": 6259615, "last_updater_username": "fsiops", "name": "1.4.2", "repository": 17902546, "full_size": 12492929, "v2": true, "tag_status": "active", "tag_last_pulled": "2024-01-20T09:25:58.944701Z", "tag_last_pushed": "2023-06-15T22:05:52.121139Z", "media_type": "application/vnd.oci.image.index.v1+json", "content_type": "image", "digest": "sha256:b6009126c7fd6d511be5611ae3f5e83b77d8e0df40dcb891e97d978f31b19aea"}, {"creator": 6259615, "id": 450490647, "images": [{"architecture": "amd64", "features": "", "variant": null, "digest": "sha256:df5a91681a8781ff0c0a9cea0704fe0dd86fa30cd0289c8647c9b7c5c9e55d88", "os": "linux", "os_features": "", "os_version": null, "size": 12488873, "status": "active", "last_pulled": "2024-01-20T09:49:01.042103Z", "last_pushed": "2023-06-03T06:25:42.949105Z"}, {"architecture": "arm64", "features": "", "variant": null, "digest": "sha256:d515205fec3c0b176d011f4f6213848eb5c61c87ef0851d29edfaeb798709f7b", "os": "linux", "os_features": "", "os_version": null, "size": 12207490, "status": "active", "last_pulled": "2024-01-11T04:08:37.989364Z", "last_pushed": "2023-06-03T06:25:42.680901Z"}, {"architecture": "arm", "features": "", "variant": "v7", "digest": "sha256:d9b42f335eba5ca1f4d0a8fe8c6b6421ea6e65244313757e953e117f11462f5e", "os": "linux", "os_features": "", "os_version": null, "size": 11400693, "status": "active", "last_pulled": "2024-01-06T01:05:42.93132Z", "last_pushed": "2023-06-03T06:25:43.269017Z"}, {"architecture": "unknown", "features": "", "variant": null, "digest": "sha256:4309afcfa5158aec5dcb2f2643c64b977a16e699e31aeb8c2578a247e0dbec2a", "os": "unknown", "os_features": "", "os_version": null, "size": 1340, "status": "active", "last_pulled": "2024-01-06T01:05:43.348053Z", "last_pushed": "2023-06-03T06:25:43.147866Z"}, {"architecture": "unknown", "features": "", "variant": null, "digest": "sha256:8fe493b60a1693a0ee6a3e14522baf7c2103b0adcfdd047b41cf0a2a077cb69e", "os": "unknown", "os_features": "", "os_version": null, "size": 1340, "status": "inactive", "last_pulled": "2023-12-05T07:51:44.051255Z", "last_pushed": "2023-06-03T06:25:42.819023Z"}, {"architecture": "unknown", "features": "", "variant": null, "digest": "sha256:3a5761450ba8d02afb14e652a7cabff9e7c0b33aa2aefa743f04e65dbf71f5c5", "os": "unknown", "os_features": "", "os_version": null, "size": 1349, "status": "inactive", "last_pulled": "2023-12-05T07:51:45.064426Z", "last_pushed": "2023-06-03T06:25:43.427211Z"}], "last_updated": "2023-06-03T06:25:43.965543Z", "last_updater": 6259615, "last_updater_username": "fsiops", "name": "1.4.1", "repository": 17902546, "full_size": 12488873, "v2": true, "tag_status": "active", "tag_last_pulled": "2024-01-20T09:49:01.042103Z", "tag_last_pushed": "2023-06-03T06:25:43.965543Z", "media_type": "application/vnd.oci.image.index.v1+json", "content_type": "image", "digest": "sha256:89e05835e6fe5ff6ab08de36f182617f43d25482a23eb4667a2ef211d0b17bc9"}, {"creator": 6259615, "id": 437840897, "images": [{"architecture": "amd64", "features": "", "variant": null, "digest": "sha256:b6f6178e30f7b47fbf990eb70d1a09ef75c1eaf4f93fcbba980897f08c1ce87c", "os": "linux", "os_features": "", "os_version": null, "size": 12474256, "status": "active", "last_pulled": "2024-01-20T09:44:39.743885Z", "last_pushed": "2023-05-11T23:15:03.974724Z"}, {"architecture": "arm64", "features": "", "variant": null, "digest": "sha256:88227ad02d6e7f171ea0d09d1867b4c929ecfa4ac1a49b49c2364e413d6a94fc", "os": "linux", "os_features": "", "os_version": null, "size": 12192306, "status": "active", "last_pulled": "2024-01-06T01:05:44.786242Z", "last_pushed": "2023-05-11T23:15:03.524639Z"}, {"architecture": "arm", "features": "", "variant": "v7", "digest": "sha256:1660600369b2bcb04ed2b117496a8caa83a70471a06a7c4df5adac5ef0e51d80", "os": "linux", "os_features": "", "os_version": null, "size": 11391297, "status": "active", "last_pulled": "2024-01-06T01:05:45.343596Z", "last_pushed": "2023-05-11T23:15:04.69577Z"}, {"architecture": "unknown", "features": "", "variant": null, "digest": "sha256:b5a350176a3ba227434baf3631c3943c9707071cda8f1058908ee55efcfb52f5", "os": "unknown", "os_features": "", "os_version": null, "size": 1341, "status": "active", "last_pulled": "2024-01-06T01:05:45.350816Z", "last_pushed": "2023-05-11T23:15:04.524582Z"}, {"architecture": "unknown", "features": "", "variant": null, "digest": "sha256:180732c5637d14af664bc2046104f6d91f1b1a6bfcfdab162efa6636165c22d1", "os": "unknown", "os_features": "", "os_version": null, "size": 1341, "status": "inactive", "last_pulled": "2023-12-05T07:51:46.837663Z", "last_pushed": "2023-05-11T23:15:04.239004Z"}, {"architecture": "unknown", "features": "", "variant": null, "digest": "sha256:9bb69503fcdceeda82cd7da9f0af6d734894f8c30a16384dd331b8a2694552f5", "os": "unknown", "os_features": "", "os_version": null, "size": 1350, "status": "inactive", "last_pulled": "2023-12-05T07:51:47.237747Z", "last_pushed": "2023-05-11T23:15:04.947784Z"}], "last_updated": "2023-05-11T23:15:05.685901Z", "last_updater": 6259615, "last_updater_username": "fsiops", "name": "1.4.0", "repository": 17902546, "full_size": 12474256, "v2": true, "tag_status": "active", "tag_last_pulled": "2024-01-20T09:44:39.743885Z", "tag_last_pushed": "2023-05-11T23:15:05.685901Z", "media_type": "application/vnd.oci.image.index.v1+json", "content_type": "image", "digest": "sha256:6e5d4ab7d6adea052132cb02852b9f0c115ed362e34d3a7167082cff3c866ba5"}, {"creator": 6259615, "id": 407426742, "images": [{"architecture": "amd64", "features": "", "variant": null, "digest": "sha256:7eb416e489126baa6f12e97660f62fbfe3c55b44436829eb6829a9ba72d59ade", "os": "linux", "os_features": "", "os_version": null, "size": 11710284, "status": "active", "last_pulled": "2024-01-20T09:41:33.162735Z", "last_pushed": "2023-03-20T17:30:48.509454Z"}, {"architecture": "arm64", "features": "", "variant": null, "digest": "sha256:ceca461608ddf20297ced9f4a2a15985857361d3916c68c0c296b6a985d1990b", "os": "linux", "os_features": "", "os_version": null, "size": 11303534, "status": "active", "last_pulled": "2024-01-10T17:18:06.485487Z", "last_pushed": "2023-03-20T17:30:48.084004Z"}, {"architecture": "arm", "features": "", "variant": "v7", "digest": "sha256:4feac8af630f3eee48e144a8988fad1434f151ad8221bc334fb6ea26ec6c354c", "os": "linux", "os_features": "", "os_version": null, "size": 10595751, "status": "active", "last_pulled": "2024-01-06T01:05:48.334222Z", "last_pushed": "2023-03-20T17:30:48.938839Z"}, {"architecture": "unknown", "features": "", "variant": null, "digest": "sha256:46dcd5cb9c0cf18a8ab89ae1cd9e6e8b19e1a18df536eb7175bfda190bf9a6c5", "os": "unknown", "os_features": "", "os_version": null, "size": 1340, "status": "active", "last_pulled": "2024-01-06T01:05:49.606751Z", "last_pushed": "2023-03-20T17:30:48.721283Z"}, {"architecture": "unknown", "features": "", "variant": null, "digest": "sha256:c56eb6e6e4b7b54a94b429c0de326667c72f1230b3b0dab01e5369da415aa60d", "os": "unknown", "os_features": "", "os_version": null, "size": 1340, "status": "inactive", "last_pulled": "2023-12-05T07:51:49.646294Z", "last_pushed": "2023-03-20T17:30:48.272576Z"}, {"architecture": "unknown", "features": "", "variant": null, "digest": "sha256:133caa8c1e968d00f1ff4e2c0b68e4d427c5991a12057e8998d734804a8788b7", "os": "unknown", "os_features": "", "os_version": null, "size": 1349, "status": "inactive", "last_pulled": "2023-12-05T07:51:50.004265Z", "last_pushed": "2023-03-20T17:30:49.16746Z"}], "last_updated": "2023-03-20T17:30:49.772238Z", "last_updater": 6259615, "last_updater_username": "fsiops", "name": "1.3.0", "repository": 17902546, "full_size": 11710284, "v2": true, "tag_status": "active", "tag_last_pulled": "2024-01-20T09:41:33.162735Z", "tag_last_pushed": "2023-03-20T17:30:49.772238Z", "media_type": "application/vnd.oci.image.index.v1+json", "content_type": "image", "digest": "sha256:81bcb1efec7fe43a2c3381c7496ad9eef3c1b5397b551d2b5158e35ca35c808e"}, {"creator": 6259615, "id": 375091518, "images": [{"architecture": "amd64", "features": "", "variant": null, "digest": "sha256:1b2d055504cf6a757dfa8aa9f28d73c4d9ffaf01f5e27dd30bb9bbb1a3c9131f", "os": "linux", "os_features": "", "os_version": null, "size": 11695323, "status": "active", "last_pulled": "2024-01-20T09:08:38.611122Z", "last_pushed": "2023-01-26T16:37:25.780556Z"}, {"architecture": "arm64", "features": "", "variant": null, "digest": "sha256:2877c1c2127a14c2c49451dbe08bf46679be7cd05b58724a0a632da5141993ad", "os": "linux", "os_features": "", "os_version": null, "size": 11292616, "status": "active", "last_pulled": "2024-01-06T01:05:50.777385Z", "last_pushed": "2023-01-26T16:37:25.268419Z"}, {"architecture": "arm", "features": "", "variant": "v7", "digest": "sha256:d96fc02c0e9fc2bb241f1d9c1b75e4ae699e2141c81d065e5563016120c8eec8", "os": "linux", "os_features": "", "os_version": null, "size": 10580212, "status": "active", "last_pulled": "2024-01-06T01:05:50.954104Z", "last_pushed": "2023-01-26T16:37:26.343111Z"}, {"architecture": "unknown", "features": "", "variant": null, "digest": "sha256:801fd37160d133ac19fed91145ce7256599128dee7b53cec50226f2100115973", "os": "unknown", "os_features": "", "os_version": null, "size": 1347, "status": "active", "last_pulled": "2024-01-06T01:05:50.999627Z", "last_pushed": "2023-01-26T16:37:26.09907Z"}, {"architecture": "unknown", "features": "", "variant": null, "digest": "sha256:6051ca6c08c100f28ae4ca39fec33cd0b6e8bdb7164d5a1620bf536b404c1703", "os": "unknown", "os_features": "", "os_version": null, "size": 1347, "status": "inactive", "last_pulled": "2023-12-05T07:51:51.869355Z", "last_pushed": "2023-01-26T16:37:25.540036Z"}, {"architecture": "unknown", "features": "", "variant": null, "digest": "sha256:d5ca0df62dced088fe966a4dc300102505887b832b859ee13a7aaf60dc2e65c2", "os": "unknown", "os_features": "", "os_version": null, "size": 1356, "status": "inactive", "last_pulled": "2023-12-05T07:51:52.312218Z", "last_pushed": "2023-01-26T16:37:26.604901Z"}], "last_updated": "2023-01-26T16:37:27.284773Z", "last_updater": 6259615, "last_updater_username": "fsiops", "name": "1.2.0", "repository": 17902546, "full_size": 11695323, "v2": true, "tag_status": "active", "tag_last_pulled": "2024-01-20T09:21:44.380718Z", "tag_last_pushed": "2023-01-26T16:37:27.284773Z", "media_type": "application/vnd.oci.image.index.v1+json", "content_type": "image", "digest": "sha256:919e2a78650464dd9e983f71ff1debbab98a70a42574acd9ae3df7588d6a12db"}, {"creator": 6259615, "id": 374870024, "images": [{"architecture": "unknown", "features": "", "variant": null, "digest": "sha256:8a68cc2697d128db8766b46ade38c0ff43052828bf8d841292bf20feb8baa1d0", "os": "unknown", "os_features": "", "os_version": null, "size": 1356, "status": "inactive", "last_pulled": "2023-12-05T07:51:52.671039Z", "last_pushed": "2023-01-26T10:32:57.214854Z"}, {"architecture": "amd64", "features": "", "variant": null, "digest": "sha256:f245fc024f4ca6451eea4caf0f598cc3bdcdf6440d5845de06cdc178119dd3e7", "os": "linux", "os_features": "", "os_version": null, "size": 11696261, "status": "active", "last_pulled": "2024-01-20T09:04:17.94307Z", "last_pushed": "2023-01-26T10:32:56.802707Z"}, {"architecture": "arm64", "features": "", "variant": null, "digest": "sha256:1f3961b6ad218813c0466a0627255fa0053acb2c821fac73fef772d7688fe11d", "os": "linux", "os_features": "", "os_version": null, "size": 11298880, "status": "active", "last_pulled": "2024-01-06T01:05:53.558685Z", "last_pushed": "2023-01-26T10:32:56.541353Z"}, {"architecture": "arm", "features": "", "variant": "v7", "digest": "sha256:357a45ff2f4ef46c498baf989496d981ac9ffdd299608fde63db9c66815f5759", "os": "linux", "os_features": "", "os_version": null, "size": 10580390, "status": "active", "last_pulled": "2024-01-06T01:05:53.653109Z", "last_pushed": "2023-01-26T10:32:56.314042Z"}, {"architecture": "unknown", "features": "", "variant": null, "digest": "sha256:5e88dd292e2328e6b37b80865789d115630c1f75739b3838238b82f311c033e3", "os": "unknown", "os_features": "", "os_version": null, "size": 1347, "status": "active", "last_pulled": "2024-01-06T01:05:52.40877Z", "last_pushed": "2023-01-26T10:32:56.085304Z"}, {"architecture": "unknown", "features": "", "variant": null, "digest": "sha256:41489b3a7c7c52a7187ba5f9d676a5b610284b2531c54b299066c11ba78226c1", "os": "unknown", "os_features": "", "os_version": null, "size": 1347, "status": "inactive", "last_pulled": "2023-12-05T07:51:54.707222Z", "last_pushed": "2023-01-26T10:32:57.022788Z"}], "last_updated": "2023-01-26T10:32:57.789202Z", "last_updater": 6259615, "last_updater_username": "fsiops", "name": "1.1.0", "repository": 17902546, "full_size": 11696261, "v2": true, "tag_status": "active", "tag_last_pulled": "2024-01-20T09:48:53.072805Z", "tag_last_pushed": "2023-01-26T10:32:57.789202Z", "media_type": "application/vnd.oci.image.index.v1+json", "content_type": "image", "digest": "sha256:e529f8159477b01e8c6d5f52c4af2017637506b3efec232c2106f85d6c97598e"}, {"creator": 6259615, "id": 338447483, "images": [{"architecture": "amd64", "features": "", "variant": null, "digest": "sha256:0c5371135a6e895bd1bc3e0051c49619bb3a4f2a86b375f650251d89e92501b7", "os": "linux", "os_features": "", "os_version": null, "size": 11686310, "status": "active", "last_pulled": "2024-01-20T09:07:52.452415Z", "last_pushed": "2022-11-29T08:42:52.069654Z"}, {"architecture": "arm64", "features": "", "variant": null, "digest": "sha256:084492cf97345deefe1b541de815d8aeacd09d6597fdd7d45f22bcc0cf9de689", "os": "linux", "os_features": "", "os_version": null, "size": 11286635, "status": "active", "last_pulled": "2024-01-19T19:41:51.696321Z", "last_pushed": "2022-11-29T08:42:51.940158Z"}, {"architecture": "arm", "features": "", "variant": "v7", "digest": "sha256:221db139d62c2fcdc1bcc39f9adc69ff24124fb784464caf4e8211c516872dc2", "os": "linux", "os_features": "", "os_version": null, "size": 10574126, "status": "active", "last_pulled": "2024-01-06T01:05:55.198654Z", "last_pushed": "2022-11-29T08:42:52.228494Z"}], "last_updated": "2022-11-29T08:42:52.63415Z", "last_updater": 6259615, "last_updater_username": "fsiops", "name": "1.0.0", "repository": 17902546, "full_size": 11686310, "v2": true, "tag_status": "active", "tag_last_pulled": "2024-01-20T09:07:52.452415Z", "tag_last_pushed": "2022-11-29T08:42:52.63415Z", "media_type": "application/vnd.docker.distribution.manifest.list.v2+json", "content_type": "image", "digest": "sha256:dcd155d8fc19f3459db9e1832542242d056c2d5f04042fec3fffe00f5fb40790"}, {"creator": 6259615, "id": 322285141, "images": [{"architecture": "amd64", "features": "", "variant": null, "digest": "sha256:87252da0f813c962884d4f4249182462197cefc4d27d78e16ff700132a11351a", "os": "linux", "os_features": "", "os_version": null, "size": 11067620, "status": "active", "last_pulled": "2024-01-20T08:47:41.709561Z", "last_pushed": "2022-11-03T10:05:13.217987Z"}, {"architecture": "arm64", "features": "", "variant": null, "digest": "sha256:bb86854a4cc8128877eeed34c5682450e200283b1fea80023482448c9795f41e", "os": "linux", "os_features": "", "os_version": null, "size": 10681363, "status": "active", "last_pulled": "2024-01-06T01:05:56.369333Z", "last_pushed": "2022-11-03T10:05:12.919922Z"}, {"architecture": "arm", "features": "", "variant": "v7", "digest": "sha256:a1cd110b64ff4ed4ac9bb38d0ca75c5dbf9928e06fde729008336aaae2bf9e4c", "os": "linux", "os_features": "", "os_version": null, "size": 10064560, "status": "active", "last_pulled": "2024-01-06T01:05:56.654854Z", "last_pushed": "2022-11-03T10:05:13.521319Z"}], "last_updated": "2022-11-03T10:05:14.064023Z", "last_updater": 6259615, "last_updater_username": "fsiops", "name": "0.2.0", "repository": 17902546, "full_size": 11067620, "v2": true, "tag_status": "active", "tag_last_pulled": "2024-01-20T09:52:18.326669Z", "tag_last_pushed": "2022-11-03T10:05:14.064023Z", "media_type": "application/vnd.docker.distribution.manifest.list.v2+json", "content_type": "image", "digest": "sha256:a99e591ba06a51ae00d40b6847703a11165c886361f7598be7efd9a79c9b97b3"}, {"creator": 6259615, "id": 313075900, "images": [{"architecture": "amd64", "features": "", "variant": null, "digest": "sha256:9e4c565f6891f3d2831730e082d38b34bd4e2d794a1cb29227fdad01c7bdb38c", "os": "linux", "os_features": "", "os_version": null, "size": 11055364, "status": "active", "last_pulled": "2024-01-20T08:47:52.8424Z", "last_pushed": "2022-10-20T07:28:09.662672Z"}, {"architecture": "arm64", "features": "", "variant": null, "digest": "sha256:27016807e1cf45ce98155f22b79bd86a67607e18f12298a017e87a4cdcd02864", "os": "linux", "os_features": "", "os_version": null, "size": 10668014, "status": "active", "last_pulled": "2024-01-06T01:05:57.065577Z", "last_pushed": "2022-10-20T07:28:09.4115Z"}, {"architecture": "arm", "features": "", "variant": "v7", "digest": "sha256:e793493a5b744a55453220ebdb08807c1a898e0ab79da737271197397deff69c", "os": "linux", "os_features": "", "os_version": null, "size": 10055642, "status": "active", "last_pulled": "2024-01-06T01:05:57.662851Z", "last_pushed": "2022-10-20T07:28:09.917486Z"}], "last_updated": "2022-10-20T07:28:10.385484Z", "last_updater": 6259615, "last_updater_username": "fsiops", "name": "0.1.0", "repository": 17902546, "full_size": 11055364, "v2": true, "tag_status": "active", "tag_last_pulled": "2024-01-20T09:06:35.893017Z", "tag_last_pushed": "2022-10-20T07:28:10.385484Z", "media_type": "application/vnd.docker.distribution.manifest.list.v2+json", "content_type": "image", "digest": "sha256:1f3a8e15f7659be1e256a3d22e110feb6e7f1695c31ecbe786beaf2315569c1b"}, {"creator": 6259615, "id": 304624446, "images": [{"architecture": "amd64", "features": "", "variant": null, "digest": "sha256:53b4454456891b64df81e9da5e3e22768c5ff143adcf2fc021722c23666d1c85", "os": "linux", "os_features": "", "os_version": null, "size": 10933241, "status": "active", "last_pulled": "2024-01-20T08:26:56.289719Z", "last_pushed": "2022-10-06T09:50:48.203984Z"}, {"architecture": "arm64", "features": "", "variant": null, "digest": "sha256:60eae922016f463d50ade87783f058d0eb649a464272706599ec95d9dd35340a", "os": "linux", "os_features": "", "os_version": null, "size": 10564177, "status": "active", "last_pulled": "2024-01-06T01:05:58.323043Z", "last_pushed": "2022-10-06T09:50:47.960589Z"}, {"architecture": "arm", "features": "", "variant": "v7", "digest": "sha256:be5b29979a352836f024369b2c1e07314f2378df35f5b664a3a9212d4d73f3d3", "os": "linux", "os_features": "", "os_version": null, "size": 9931630, "status": "active", "last_pulled": "2024-01-06T01:05:58.599345Z", "last_pushed": "2022-10-06T09:50:48.448239Z"}], "last_updated": "2022-10-06T09:50:48.920721Z", "last_updater": 6259615, "last_updater_username": "fsiops", "name": "0.0.2", "repository": 17902546, "full_size": 10933241, "v2": true, "tag_status": "active", "tag_last_pulled": "2024-01-20T08:52:52.854306Z", "tag_last_pushed": "2022-10-06T09:50:48.920721Z", "media_type": "application/vnd.docker.distribution.manifest.list.v2+json", "content_type": "image", "digest": "sha256:4d54f6da92c82d4c34207e271a6d1fd3e33204646eb5f1813cbcb044e470c4db"}, {"creator": 6259615, "id": 294698596, "images": [{"architecture": "amd64", "features": "", "variant": null, "digest": "sha256:cec0f1d87b38e2577eed05f376000ddd19ee46bf44373aaae70f73eef7134942", "os": "linux", "os_features": "", "os_version": null, "size": 10932971, "status": "active", "last_pulled": "2024-01-20T08:47:40.548487Z", "last_pushed": "2022-09-21T09:54:48.159789Z"}, {"architecture": "arm64", "features": "", "variant": null, "digest": "sha256:8801ea49a2fd60ac02ecc65b3505536298ccb5da9d91c8399d7e8a2be1599ae9", "os": "linux", "os_features": "", "os_version": null, "size": 10562928, "status": "active", "last_pulled": "2024-01-06T01:05:59.381355Z", "last_pushed": "2022-09-21T09:54:47.931309Z"}, {"architecture": "arm", "features": "", "variant": "v7", "digest": "sha256:7309710212afb2242bfbd82ad4733c81ce195a11f49844ab66033c0232c966e6", "os": "linux", "os_features": "", "os_version": null, "size": 9929276, "status": "active", "last_pulled": "2024-01-06T01:06:00.042234Z", "last_pushed": "2022-09-21T09:54:48.402131Z"}], "last_updated": "2022-09-21T09:54:48.864176Z", "last_updater": 6259615, "last_updater_username": "fsiops", "name": "0.0.1", "repository": 17902546, "full_size": 10932971, "v2": true, "tag_status": "active", "tag_last_pulled": "2024-01-20T09:30:31.663349Z", "tag_last_pushed": "2022-09-21T09:54:48.864176Z", "media_type": "application/vnd.docker.distribution.manifest.list.v2+json", "content_type": "image", "digest": "sha256:a902ae1255ebdddf8ee22a08a59d524230dfbd8efab65de0ad313c701d223cc5"}, {"creator": 6259615, "id": 294633978, "images": [{"architecture": "amd64", "features": "", "variant": null, "digest": "sha256:cc2b5c6a18121023d8ab96be01f3877b437dde6277b634e073a7c72f2892960f", "os": "linux", "os_features": "", "os_version": null, "size": 10932968, "status": "active", "last_pulled": "2024-01-20T08:02:35.973785Z", "last_pushed": "2022-09-21T07:59:14.530641Z"}, {"architecture": "arm64", "features": "", "variant": null, "digest": "sha256:e3a790c8a8646ee895bf9f096fff9edb8026c0075c5d59861faf292f00185a9e", "os": "linux", "os_features": "", "os_version": null, "size": 10562916, "status": "active", "last_pulled": "2024-01-06T01:06:00.596679Z", "last_pushed": "2022-09-21T07:59:14.329606Z"}, {"architecture": "arm", "features": "", "variant": "v7", "digest": "sha256:929690face07e663e1b143c7763f280fdf18d9174005340e5db16a11c19e6549", "os": "linux", "os_features": "", "os_version": null, "size": 9929286, "status": "active", "last_pulled": "2024-01-06T01:06:00.923644Z", "last_pushed": "2022-09-21T07:59:14.765144Z"}], "last_updated": "2022-09-21T07:59:15.272513Z", "last_updater": 6259615, "last_updater_username": "fsiops", "name": "0.0.1-pre", "repository": 17902546, "full_size": 10932968, "v2": true, "tag_status": "active", "tag_last_pulled": "2024-01-20T09:09:00.666144Z", "tag_last_pushed": "2022-09-21T07:59:15.272513Z", "media_type": "application/vnd.docker.distribution.manifest.list.v2+json", "content_type": "image", "digest": "sha256:7495e0fa33f79c51873b3998ae3c39e1e5aac578c35e02cc7292f7606a6f3bdc"}]