[{"creator": 2317379, "id": 28416408, "images": [{"architecture": "amd64", "features": "", "variant": null, "digest": "sha256:825236935f963e89097ca0ae2c27ca52445576b365d00846079b592f9a5ef541", "os": "linux", "os_features": "", "os_version": null, "size": 264696092, "status": "active", "last_pulled": "2024-01-20T09:57:16.818851Z", "last_pushed": null}], "last_updated": "2020-01-23T22:01:04.066937Z", "last_updater": 3200958, "last_updater_username": "ziaunys", "name": "latest", "repository": 5554771, "full_size": 264696092, "v2": true, "tag_status": "active", "tag_last_pulled": "2024-01-20T09:57:16.818851Z", "tag_last_pushed": "2020-01-23T22:01:04.066937Z", "media_type": "application/vnd.docker.container.image.v1+json", "content_type": "image"}, {"creator": 2084307, "id": 79541982, "images": [{"architecture": "amd64", "features": "", "variant": null, "digest": "sha256:9bc3c27122860ee8296bb9cc5c77794df46b6bf521b56d20b38914693e6db1d0", "os": "linux", "os_features": "", "os_version": null, "size": 348891186, "status": "active", "last_pulled": "2024-01-20T09:48:15.924023Z", "last_pushed": "2021-09-01T16:36:02.02976Z"}], "last_updated": "2021-09-01T16:36:02.02976Z", "last_updater": 3200958, "last_updater_username": "ziaunys", "name": "3.x", "repository": 5554771, "full_size": 348891186, "v2": true, "tag_status": "active", "tag_last_pulled": "2024-01-20T09:48:15.924023Z", "tag_last_pushed": "2021-09-01T16:36:02.02976Z", "media_type": "application/vnd.docker.container.image.v1+json", "content_type": "image"}, {"creator": 3200958, "id": 165383905, "images": [{"architecture": "amd64", "features": "", "variant": null, "digest": "sha256:9bc3c27122860ee8296bb9cc5c77794df46b6bf521b56d20b38914693e6db1d0", "os": "linux", "os_features": "", "os_version": null, "size": 348891186, "status": "active", "last_pulled": "2024-01-20T09:48:15.924023Z", "last_pushed": "2021-09-01T16:36:02.02976Z"}], "last_updated": "2021-09-01T16:35:59.219831Z", "last_updater": 3200958, "last_updater_username": "ziaunys", "name": "3.13.8", "repository": 5554771, "full_size": 348891186, "v2": true, "tag_status": "active", "tag_last_pulled": "2024-01-20T09:48:15.924023Z", "tag_last_pushed": "2021-09-01T16:35:59.219831Z", "media_type": "application/vnd.docker.container.image.v1+json", "content_type": "image"}, {"creator": 3268636, "id": 147124536, "images": [{"architecture": "amd64", "features": "", "variant": null, "digest": "sha256:067819d4195c9971dc29b50114b60afad0efcc779bf4dc54a7d433c81f0b087c", "os": "linux", "os_features": "", "os_version": null, "size": 348373634, "status": "active", "last_pulled": "2024-01-15T19:52:05.880816Z", "last_pushed": "2021-04-26T16:21:31.818561Z"}], "last_updated": "2021-04-26T16:21:29.728435Z", "last_updater": 3268636, "last_updater_username": "ericputnam", "name": "3.13.7", "repository": 5554771, "full_size": 348373634, "v2": true, "tag_status": "active", "tag_last_pulled": "2024-01-15T19:52:05.880816Z", "tag_last_pushed": "2021-04-26T16:21:29.728435Z", "media_type": "application/vnd.docker.container.image.v1+json", "content_type": "image"}, {"creator": 3268636, "id": 142682539, "images": [{"architecture": "amd64", "features": "", "variant": null, "digest": "sha256:7fb99ae2b63a434d5917fafba38640d5f8769e184e33d0664fd0e3a335740e56", "os": "linux", "os_features": "", "os_version": null, "size": 348369985, "status": "active", "last_pulled": "2024-01-15T19:52:05.871683Z", "last_pushed": "2021-03-23T20:35:36.450441Z"}], "last_updated": "2021-03-23T20:35:34.671505Z", "last_updater": 3268636, "last_updater_username": "ericputnam", "name": "3.13.6", "repository": 5554771, "full_size": 348369985, "v2": true, "tag_status": "active", "tag_last_pulled": "2024-01-15T19:52:05.871683Z", "tag_last_pushed": "2021-03-23T20:35:34.671505Z", "media_type": "application/vnd.docker.container.image.v1+json", "content_type": "image"}, {"creator": 3783690, "id": 138763704, "images": [{"architecture": "amd64", "features": "", "variant": null, "digest": "sha256:3924b7edcfd7ea7a9664bb6eb173f5a39d3db64721a5399262ae23f56ea94fcc", "os": "linux", "os_features": "", "os_version": null, "size": 311464743, "status": "active", "last_pulled": "2024-01-15T19:52:05.732535Z", "last_pushed": "2021-02-23T23:21:32.668836Z"}], "last_updated": "2021-02-23T23:21:32.668836Z", "last_updater": 3783690, "last_updater_username": "cleicester", "name": "4.3.3", "repository": 5554771, "full_size": 311464743, "v2": true, "tag_status": "active", "tag_last_pulled": "2024-01-15T19:52:05.732535Z", "tag_last_pushed": "2021-02-23T23:21:32.668836Z", "media_type": "application/vnd.docker.container.image.v1+json", "content_type": "image"}, {"creator": 2084307, "id": 138180786, "images": [{"architecture": "amd64", "features": "", "variant": null, "digest": "sha256:7be35115281f7de52f1c4687aa8647ab467b9b9fd64417b8128017043c12ae0e", "os": "linux", "os_features": "", "os_version": null, "size": 347448645, "status": "active", "last_pulled": "2024-01-15T19:52:06.071657Z", "last_pushed": "2021-02-18T22:51:00.675673Z"}], "last_updated": "2021-02-18T22:50:57.328816Z", "last_updater": 2084307, "last_updater_username": "ewilliamson", "name": "3.13.5", "repository": 5554771, "full_size": 347448645, "v2": true, "tag_status": "active", "tag_last_pulled": "2024-01-15T19:52:06.071657Z", "tag_last_pushed": "2021-02-18T22:50:57.328816Z", "media_type": "application/vnd.docker.container.image.v1+json", "content_type": "image"}, {"creator": 3200958, "id": 136009482, "images": [{"architecture": "amd64", "features": "", "variant": null, "digest": "sha256:0a8fdf171637a2d92099c17fd4cb57421ffb36002715b8f5bb9e0860570b7247", "os": "linux", "os_features": "", "os_version": null, "size": 308756301, "status": "active", "last_pulled": "2024-01-15T19:52:05.72425Z", "last_pushed": "2021-02-03T18:34:22.504395Z"}], "last_updated": "2021-02-03T18:34:22.504395Z", "last_updater": 3200958, "last_updater_username": "ziaunys", "name": "4.3.2", "repository": 5554771, "full_size": 308756301, "v2": true, "tag_status": "active", "tag_last_pulled": "2024-01-15T19:52:05.72425Z", "tag_last_pushed": "2021-02-03T18:34:22.504395Z", "media_type": "application/vnd.docker.container.image.v1+json", "content_type": "image"}, {"creator": 3200958, "id": 134802915, "images": [{"architecture": "amd64", "features": "", "variant": null, "digest": "sha256:334c3fc88cb021cec399cfce3ef30fdd881ee429f7297ffecbb617fd1395d30d", "os": "linux", "os_features": "", "os_version": null, "size": 308737482, "status": "active", "last_pulled": "2024-01-15T19:52:05.71227Z", "last_pushed": "2021-01-26T17:45:02.604064Z"}], "last_updated": "2021-01-26T17:45:02.604064Z", "last_updater": 3200958, "last_updater_username": "ziaunys", "name": "4.3.1", "repository": 5554771, "full_size": 308737482, "v2": true, "tag_status": "active", "tag_last_pulled": "2024-01-15T19:52:05.71227Z", "tag_last_pushed": "2021-01-26T17:45:02.604064Z", "media_type": "application/vnd.docker.container.image.v1+json", "content_type": "image"}, {"creator": 3200958, "id": 130595446, "images": [{"architecture": "amd64", "features": "", "variant": null, "digest": "sha256:6aacd90eb2c891846c758f3ccdaa6f2e012a7d7fa41369a65fe448e445654f1e", "os": "linux", "os_features": "", "os_version": null, "size": 308001986, "status": "active", "last_pulled": "2024-01-15T19:52:05.751436Z", "last_pushed": "2020-12-17T19:02:04.150734Z"}], "last_updated": "2020-12-17T19:02:04.150734Z", "last_updater": 3200958, "last_updater_username": "ziaunys", "name": "4.2.4", "repository": 5554771, "full_size": 308001986, "v2": true, "tag_status": "active", "tag_last_pulled": "2024-01-15T19:52:05.751436Z", "tag_last_pushed": "2020-12-17T19:02:04.150734Z", "media_type": "application/vnd.docker.container.image.v1+json", "content_type": "image"}, {"creator": 3200958, "id": 130212173, "images": [{"architecture": "amd64", "features": "", "variant": null, "digest": "sha256:9942e8cc817a8b9b1b7ec0303269450b13bc07f83558274d6a2c06c2c659042a", "os": "linux", "os_features": "", "os_version": null, "size": 308701431, "status": "active", "last_pulled": "2024-01-15T19:52:05.747865Z", "last_pushed": "2020-12-15T19:06:44.355915Z"}], "last_updated": "2020-12-15T19:06:44.355915Z", "last_updater": 3200958, "last_updater_username": "ziaunys", "name": "4.3.0", "repository": 5554771, "full_size": 308701431, "v2": true, "tag_status": "active", "tag_last_pulled": "2024-01-15T19:52:05.747865Z", "tag_last_pushed": "2020-12-15T19:06:44.355915Z", "media_type": "application/vnd.docker.container.image.v1+json", "content_type": "image"}, {"creator": 3200958, "id": 126335895, "images": [{"architecture": "amd64", "features": "", "variant": null, "digest": "sha256:b6cd2b2428d080d4638595f0b3e4da73b865c2a11d8b81f467c8b78b70a7fa2a", "os": "linux", "os_features": "", "os_version": null, "size": 308848336, "status": "active", "last_pulled": "2024-01-15T19:52:05.723049Z", "last_pushed": "2020-11-17T18:53:14.373132Z"}], "last_updated": "2020-11-17T18:53:14.373132Z", "last_updater": 3200958, "last_updater_username": "ziaunys", "name": "4.2.3", "repository": 5554771, "full_size": 308848336, "v2": true, "tag_status": "active", "tag_last_pulled": "2024-01-15T19:52:05.723049Z", "tag_last_pushed": "2020-11-17T18:53:14.373132Z", "media_type": "application/vnd.docker.container.image.v1+json", "content_type": "image"}, {"creator": 3200958, "id": 125698034, "images": [{"architecture": "amd64", "features": "", "variant": null, "digest": "sha256:4ac37dfc948746d7d1c5dc2bb08029f01a8b6799fd4ff0adfd29a5bfda221ea0", "os": "linux", "os_features": "", "os_version": null, "size": 308846081, "status": "active", "last_pulled": "2024-01-15T19:52:05.730532Z", "last_pushed": "2020-11-12T18:37:49.463216Z"}], "last_updated": "2020-11-12T18:37:49.463216Z", "last_updater": 3200958, "last_updater_username": "ziaunys", "name": "4.2.2", "repository": 5554771, "full_size": 308846081, "v2": true, "tag_status": "active", "tag_last_pulled": "2024-01-15T19:52:05.730532Z", "tag_last_pushed": "2020-11-12T18:37:49.463216Z", "media_type": "application/vnd.docker.container.image.v1+json", "content_type": "image"}, {"creator": 3200958, "id": 124761041, "images": [{"architecture": "amd64", "features": "", "variant": null, "digest": "sha256:e10cb3d8ece5948f310928aca2708177ba07f41a61b2dbeb8ab0161ada94450c", "os": "linux", "os_features": "", "os_version": null, "size": 348050951, "status": "active", "last_pulled": "2024-01-15T19:52:05.867149Z", "last_pushed": "2020-11-05T23:18:49.947186Z"}], "last_updated": "2020-11-05T23:18:46.893433Z", "last_updater": 3200958, "last_updater_username": "ziaunys", "name": "3.13.4", "repository": 5554771, "full_size": 348050951, "v2": true, "tag_status": "active", "tag_last_pulled": "2024-01-15T19:52:05.867149Z", "tag_last_pushed": "2020-11-05T23:18:46.893433Z", "media_type": "application/vnd.docker.container.image.v1+json", "content_type": "image"}, {"creator": 3783690, "id": 124747712, "images": [{"architecture": "amd64", "features": "", "variant": null, "digest": "sha256:8f0038944d1351a9e172f33ab60437c2c2c90584dced738b448c588c480b2541", "os": "linux", "os_features": "", "os_version": null, "size": 308845930, "status": "active", "last_pulled": "2024-01-15T19:52:05.754716Z", "last_pushed": "2020-11-05T21:50:38.692012Z"}], "last_updated": "2020-11-05T21:50:38.692012Z", "last_updater": 3783690, "last_updater_username": "cleicester", "name": "4.2.1", "repository": 5554771, "full_size": 308845930, "v2": true, "tag_status": "active", "tag_last_pulled": "2024-01-15T19:52:05.754716Z", "tag_last_pushed": "2020-11-05T21:50:38.692012Z", "media_type": "application/vnd.docker.container.image.v1+json", "content_type": "image"}, {"creator": 3783690, "id": 124326512, "images": [{"architecture": "amd64", "features": "", "variant": null, "digest": "sha256:53c1c33b17edb97512adfd5eb188995fc8f294a7f76da5ed9dc0422a580a90b4", "os": "linux", "os_features": "", "os_version": null, "size": 308846430, "status": "active", "last_pulled": "2024-01-15T19:52:05.737573Z", "last_pushed": "2020-11-03T21:22:29.157141Z"}], "last_updated": "2020-11-03T21:22:29.157141Z", "last_updater": 3783690, "last_updater_username": "cleicester", "name": "4.2.0", "repository": 5554771, "full_size": 308846430, "v2": true, "tag_status": "active", "tag_last_pulled": "2024-01-15T19:52:05.737573Z", "tag_last_pushed": "2020-11-03T21:22:29.157141Z", "media_type": "application/vnd.docker.container.image.v1+json", "content_type": "image"}, {"creator": 3268636, "id": 123380257, "images": [{"architecture": "amd64", "features": "", "variant": null, "digest": "sha256:948cee1f4287974aa8867d3993455159bfda7cda4973e84ea3fb87c66c6eefcc", "os": "linux", "os_features": "", "os_version": null, "size": 348048529, "status": "active", "last_pulled": "2024-01-15T19:52:05.862965Z", "last_pushed": "2020-10-27T21:05:03.729956Z"}], "last_updated": "2020-10-27T21:04:59.845098Z", "last_updater": 3268636, "last_updater_username": "ericputnam", "name": "3.13.3", "repository": 5554771, "full_size": 348048529, "v2": true, "tag_status": "active", "tag_last_pulled": "2024-01-15T19:52:05.862965Z", "tag_last_pushed": "2020-10-27T21:04:59.845098Z", "media_type": "application/vnd.docker.container.image.v1+json", "content_type": "image"}, {"creator": 3783690, "id": 121621308, "images": [{"architecture": "amd64", "features": "", "variant": null, "digest": "sha256:420aa2d72e7d2d3f229aaec16cc7412afbb4e0a7ae38e8d568c236fd32a8df8f", "os": "linux", "os_features": "", "os_version": null, "size": 303899117, "status": "active", "last_pulled": "2024-01-15T19:52:05.726003Z", "last_pushed": "2020-10-15T20:03:04.408091Z"}], "last_updated": "2020-10-15T20:03:04.408091Z", "last_updater": 3783690, "last_updater_username": "cleicester", "name": "4.1.3", "repository": 5554771, "full_size": 303899117, "v2": true, "tag_status": "active", "tag_last_pulled": "2024-01-15T19:52:05.726003Z", "tag_last_pushed": "2020-10-15T20:03:04.408091Z", "media_type": "application/vnd.docker.container.image.v1+json", "content_type": "image"}, {"creator": 2084307, "id": 119900506, "images": [{"architecture": "amd64", "features": "", "variant": null, "digest": "sha256:b6f7adcec931f2a038119f4b8787683b0a58968f41ced505b010ad89a75c481b", "os": "linux", "os_features": "", "os_version": null, "size": 453960040, "status": "active", "last_pulled": "2024-01-15T19:52:05.878364Z", "last_pushed": "2020-10-02T21:35:44.884131Z"}], "last_updated": "2020-10-02T21:35:44.884131Z", "last_updater": 2084307, "last_updater_username": "ewilliamson", "name": "3.10.2", "repository": 5554771, "full_size": 453960040, "v2": true, "tag_status": "active", "tag_last_pulled": "2024-01-15T19:52:05.878364Z", "tag_last_pushed": "2020-10-02T21:35:44.884131Z", "media_type": "application/vnd.docker.container.image.v1+json", "content_type": "image"}, {"creator": 2084307, "id": 119388117, "images": [{"architecture": "amd64", "features": "", "variant": null, "digest": "sha256:084b92edb65d07473085e6c9436bfdbe9adf12e9c831a1e7b571cb15f53fea87", "os": "linux", "os_features": "", "os_version": null, "size": 303829302, "status": "active", "last_pulled": "2024-01-15T19:52:05.709131Z", "last_pushed": "2020-09-29T17:38:20.06733Z"}], "last_updated": "2020-09-29T17:38:20.06733Z", "last_updater": 2084307, "last_updater_username": "ewilliamson", "name": "4.1.1", "repository": 5554771, "full_size": 303829302, "v2": true, "tag_status": "active", "tag_last_pulled": "2024-01-15T19:52:05.709131Z", "tag_last_pushed": "2020-09-29T17:38:20.06733Z", "media_type": "application/vnd.docker.container.image.v1+json", "content_type": "image"}, {"creator": 2084307, "id": 119373260, "images": [{"architecture": "amd64", "features": "", "variant": null, "digest": "sha256:601b1666582f8630ac067c2aa6caf90d77804ee8bc3ee1a6ee5d777b473ecdea", "os": "linux", "os_features": "", "os_version": null, "size": 303824998, "status": "active", "last_pulled": "2024-01-15T19:52:05.731674Z", "last_pushed": "2020-09-29T16:06:38.570546Z"}], "last_updated": "2020-09-29T16:06:38.570546Z", "last_updater": 2084307, "last_updater_username": "ewilliamson", "name": "4.1.0", "repository": 5554771, "full_size": 303824998, "v2": true, "tag_status": "active", "tag_last_pulled": "2024-01-15T19:52:05.731674Z", "tag_last_pushed": "2020-09-29T16:06:38.570546Z", "media_type": "application/vnd.docker.container.image.v1+json", "content_type": "image"}, {"creator": 2084307, "id": 117266173, "images": [{"architecture": "amd64", "features": "", "variant": null, "digest": "sha256:9dade8c5e27d6a8c5a49ca1a5d2662e209dbf7d07ff56dda9c3cc39a3d4f6901", "os": "linux", "os_features": "", "os_version": null, "size": 327795795, "status": "active", "last_pulled": "2024-01-15T19:52:05.921827Z", "last_pushed": null}], "last_updated": "2020-09-14T19:53:07.17432Z", "last_updater": 2084307, "last_updater_username": "ewilliamson", "name": "4.0.1", "repository": 5554771, "full_size": 327795795, "v2": true, "tag_status": "active", "tag_last_pulled": "2024-01-15T19:52:05.921827Z", "tag_last_pushed": "2020-09-14T19:53:07.17432Z", "media_type": "application/vnd.docker.container.image.v1+json", "content_type": "image"}, {"creator": 3200958, "id": 115042188, "images": [{"architecture": "amd64", "features": "", "variant": null, "digest": "sha256:e24b4b2f4188e372f709bf8bfc4f832c61595d981cd58d0835e54d80ad31b368", "os": "linux", "os_features": "", "os_version": null, "size": 348577740, "status": "active", "last_pulled": "2024-01-15T19:52:05.855013Z", "last_pushed": null}], "last_updated": "2020-08-27T21:47:05.617116Z", "last_updater": 3200958, "last_updater_username": "ziaunys", "name": "3.13.2", "repository": 5554771, "full_size": 348577740, "v2": true, "tag_status": "active", "tag_last_pulled": "2024-01-15T19:52:05.855013Z", "tag_last_pushed": "2020-08-27T21:47:05.617116Z", "media_type": "application/vnd.docker.container.image.v1+json", "content_type": "image"}, {"creator": 3200958, "id": 114718481, "images": [{"architecture": "amd64", "features": "", "variant": null, "digest": "sha256:6b22f7f27a1293f4fea9885394165c87f77720aedaeec9d7dcaa9af2f8d7e2c6", "os": "linux", "os_features": "", "os_version": null, "size": 348577677, "status": "active", "last_pulled": "2024-01-15T19:52:05.867071Z", "last_pushed": null}], "last_updated": "2020-08-25T23:11:33.736814Z", "last_updater": 3200958, "last_updater_username": "ziaunys", "name": "3.13.1", "repository": 5554771, "full_size": 348577677, "v2": true, "tag_status": "active", "tag_last_pulled": "2024-01-15T19:52:05.867071Z", "tag_last_pushed": "2020-08-25T23:11:33.736814Z", "media_type": "application/vnd.docker.container.image.v1+json", "content_type": "image"}, {"creator": 2084307, "id": 114659905, "images": [{"architecture": "amd64", "features": "", "variant": null, "digest": "sha256:c7b162ef5e5b0d1b19df7a7e80c357b218b50ed52faf190cceb0ae14d0efef49", "os": "linux", "os_features": "", "os_version": null, "size": 327797398, "status": "active", "last_pulled": "2024-01-15T19:52:05.8332Z", "last_pushed": null}], "last_updated": "2020-08-25T16:38:06.564206Z", "last_updater": 2084307, "last_updater_username": "ewilliamson", "name": "4.0.0", "repository": 5554771, "full_size": 327797398, "v2": true, "tag_status": "active", "tag_last_pulled": "2024-01-15T19:52:05.8332Z", "tag_last_pushed": "2020-08-25T16:38:06.564206Z", "media_type": "application/vnd.docker.container.image.v1+json", "content_type": "image"}, {"creator": 2084307, "id": 114659016, "images": [{"architecture": "amd64", "features": "", "variant": null, "digest": "sha256:293d8b14e85004a20c29eb84db40d9a8f1fac143c24dc3ddcf7963bff7fd52b2", "os": "linux", "os_features": "", "os_version": null, "size": 348580043, "status": "active", "last_pulled": "2024-01-15T19:52:05.850988Z", "last_pushed": null}], "last_updated": "2020-08-25T16:34:08.218659Z", "last_updater": 2084307, "last_updater_username": "ewilliamson", "name": "3.13.0", "repository": 5554771, "full_size": 348580043, "v2": true, "tag_status": "active", "tag_last_pulled": "2024-01-15T19:52:05.850988Z", "tag_last_pushed": "2020-08-25T16:34:08.218659Z", "media_type": "application/vnd.docker.container.image.v1+json", "content_type": "image"}, {"creator": 3783690, "id": 113844531, "images": [{"architecture": "amd64", "features": "", "variant": null, "digest": "sha256:5ea3fb40b75be6dfe58feb989cf9c4364d16ff2c43c92f57d7846ddcf59cce8b", "os": "linux", "os_features": "", "os_version": null, "size": 366927587, "status": "active", "last_pulled": "2024-01-15T19:52:05.842849Z", "last_pushed": null}], "last_updated": "2020-08-18T19:20:00.405155Z", "last_updater": 3783690, "last_updater_username": "cleicester", "name": "3.12.4", "repository": 5554771, "full_size": 366927587, "v2": true, "tag_status": "active", "tag_last_pulled": "2024-01-15T19:52:05.842849Z", "tag_last_pushed": "2020-08-18T19:20:00.405155Z", "media_type": "application/vnd.docker.container.image.v1+json", "content_type": "image"}, {"creator": 3268636, "id": 112079156, "images": [{"architecture": "amd64", "features": "", "variant": null, "digest": "sha256:a34b5de72cf15e365c080b5b44516107dbf7941c00163cbdb8d79042b93e2c49", "os": "linux", "os_features": "", "os_version": null, "size": 371318447, "status": "active", "last_pulled": "2024-01-15T19:52:05.90678Z", "last_pushed": null}], "last_updated": "2020-08-05T21:28:35.632019Z", "last_updater": 3268636, "last_updater_username": "ericputnam", "name": "3.12.3", "repository": 5554771, "full_size": 371318447, "v2": true, "tag_status": "active", "tag_last_pulled": "2024-01-15T19:52:05.90678Z", "tag_last_pushed": "2020-08-05T21:28:35.632019Z", "media_type": "application/vnd.docker.container.image.v1+json", "content_type": "image"}, {"creator": 3200958, "id": 109623911, "images": [{"architecture": "amd64", "features": "", "variant": null, "digest": "sha256:698f4231415b6ec509da9fa7e272a35b333378b31fea10c4d3c12e65dd459e90", "os": "linux", "os_features": "", "os_version": null, "size": 369723096, "status": "active", "last_pulled": "2024-01-15T19:52:05.863299Z", "last_pushed": null}], "last_updated": "2020-07-20T23:26:13.604541Z", "last_updater": 3200958, "last_updater_username": "ziaunys", "name": "3.12.2", "repository": 5554771, "full_size": 369723096, "v2": true, "tag_status": "active", "tag_last_pulled": "2024-01-15T19:52:05.863299Z", "tag_last_pushed": "2020-07-20T23:26:13.604541Z", "media_type": "application/vnd.docker.container.image.v1+json", "content_type": "image"}, {"creator": 3268636, "id": 109612872, "images": [{"architecture": "amd64", "features": "", "variant": null, "digest": "sha256:5267e2f52a2fbfc616960dc22118f95d276b8ec6e00503b2303248b59dc91230", "os": "linux", "os_features": "", "os_version": null, "size": 369721811, "status": "active", "last_pulled": "2024-01-15T19:52:05.87581Z", "last_pushed": null}], "last_updated": "2020-07-20T21:58:31.261999Z", "last_updater": 3268636, "last_updater_username": "ericputnam", "name": "3.12.1", "repository": 5554771, "full_size": 369721811, "v2": true, "tag_status": "active", "tag_last_pulled": "2024-01-15T19:52:05.87581Z", "tag_last_pushed": "2020-07-20T21:58:31.261999Z", "media_type": "application/vnd.docker.container.image.v1+json", "content_type": "image"}, {"creator": 3268636, "id": 108834860, "images": [{"architecture": "amd64", "features": "", "variant": null, "digest": "sha256:0032b05a8b3be4c250c730ee336a43b7fc81de0f123a80a54a61c9df7032dd5e", "os": "linux", "os_features": "", "os_version": null, "size": 369703279, "status": "active", "last_pulled": "2024-01-15T19:52:05.86291Z", "last_pushed": null}], "last_updated": "2020-07-15T21:33:58.532161Z", "last_updater": 3268636, "last_updater_username": "ericputnam", "name": "3.12.0", "repository": 5554771, "full_size": 369703279, "v2": true, "tag_status": "active", "tag_last_pulled": "2024-01-15T19:52:05.86291Z", "tag_last_pushed": "2020-07-15T21:33:58.532161Z", "media_type": "application/vnd.docker.container.image.v1+json", "content_type": "image"}, {"creator": 3783690, "id": 106388005, "images": [{"architecture": "amd64", "features": "", "variant": null, "digest": "sha256:12f9bfce71b5fc3f531cd9cf0e19a10d6ad55bda8e65c3790bf0f2ce2a12caea", "os": "linux", "os_features": "", "os_version": null, "size": 358765423, "status": "active", "last_pulled": "2024-01-15T19:52:05.873443Z", "last_pushed": null}], "last_updated": "2020-06-25T22:58:16.286362Z", "last_updater": 3783690, "last_updater_username": "cleicester", "name": "3.11.1", "repository": 5554771, "full_size": 358765423, "v2": true, "tag_status": "active", "tag_last_pulled": "2024-01-15T19:52:05.873443Z", "tag_last_pushed": "2020-06-25T22:58:16.286362Z", "media_type": "application/vnd.docker.container.image.v1+json", "content_type": "image"}, {"creator": 3783690, "id": 106214255, "images": [{"architecture": "amd64", "features": "", "variant": null, "digest": "sha256:d0ba31d178317026dff05aca1832424f6c20adf75234783186aa9bf63fa3fcfe", "os": "linux", "os_features": "", "os_version": null, "size": 358765472, "status": "active", "last_pulled": "2024-01-15T19:52:05.884903Z", "last_pushed": null}], "last_updated": "2020-06-24T21:43:04.633539Z", "last_updater": 3783690, "last_updater_username": "cleicester", "name": "3.11.0", "repository": 5554771, "full_size": 358765472, "v2": true, "tag_status": "active", "tag_last_pulled": "2024-01-15T19:52:05.884903Z", "tag_last_pushed": "2020-06-24T21:43:04.633539Z", "media_type": "application/vnd.docker.container.image.v1+json", "content_type": "image"}, {"creator": 3783690, "id": 105178557, "images": [{"architecture": "amd64", "features": "", "variant": null, "digest": "sha256:8e881a57000c6e0760e48b969a3ec6279fd41a82eb69c674df95d496b245ef7a", "os": "linux", "os_features": "", "os_version": null, "size": 453683127, "status": "active", "last_pulled": "2024-01-15T19:52:05.88594Z", "last_pushed": null}], "last_updated": "2020-06-16T22:20:06.783729Z", "last_updater": 3783690, "last_updater_username": "cleicester", "name": "3.10.1", "repository": 5554771, "full_size": 453683127, "v2": true, "tag_status": "active", "tag_last_pulled": "2024-01-15T19:52:05.88594Z", "tag_last_pushed": "2020-06-16T22:20:06.783729Z", "media_type": "application/vnd.docker.container.image.v1+json", "content_type": "image"}, {"creator": 3268636, "id": 104420726, "images": [{"architecture": "amd64", "features": "", "variant": null, "digest": "sha256:60eb1dfe60f5afa753cc2010a3ca5e5c20ea13e98d985ed16d8e22d382cbd789", "os": "linux", "os_features": "", "os_version": null, "size": 453671789, "status": "active", "last_pulled": "2024-01-15T19:52:06.274842Z", "last_pushed": null}], "last_updated": "2020-06-10T21:33:13.350679Z", "last_updater": 3268636, "last_updater_username": "ericputnam", "name": "3.10.0", "repository": 5554771, "full_size": 453671789, "v2": true, "tag_status": "active", "tag_last_pulled": "2024-01-15T19:52:06.274842Z", "tag_last_pushed": "2020-06-10T21:33:13.350679Z", "media_type": "application/vnd.docker.container.image.v1+json", "content_type": "image"}, {"creator": 3783690, "id": 103774316, "images": [{"architecture": "amd64", "features": "", "variant": null, "digest": "sha256:91c51c6f78eb3b8eb637b849be5840055b176234205e5ca7c125e6ea23784fc6", "os": "linux", "os_features": "", "os_version": null, "size": 432280837, "status": "active", "last_pulled": "2024-01-15T19:52:06.08245Z", "last_pushed": null}], "last_updated": "2020-06-05T20:25:47.349453Z", "last_updater": 3783690, "last_updater_username": "cleicester", "name": "3.9.3", "repository": 5554771, "full_size": 432280837, "v2": true, "tag_status": "active", "tag_last_pulled": "2024-01-15T19:52:06.08245Z", "tag_last_pushed": "2020-06-05T20:25:47.349453Z", "media_type": "application/vnd.docker.container.image.v1+json", "content_type": "image"}, {"creator": 3268636, "id": 103538241, "images": [{"architecture": "amd64", "features": "", "variant": null, "digest": "sha256:fdbff308661ba9b2f03ea5cb677376e490991a4360d75e5802646e565de09893", "os": "linux", "os_features": "", "os_version": null, "size": 432271962, "status": "active", "last_pulled": "2024-01-15T19:52:05.869337Z", "last_pushed": null}], "last_updated": "2020-06-04T18:28:44.35602Z", "last_updater": 3268636, "last_updater_username": "ericputnam", "name": "3.9.2", "repository": 5554771, "full_size": 432271962, "v2": true, "tag_status": "active", "tag_last_pulled": "2024-01-15T19:52:05.869337Z", "tag_last_pushed": "2020-06-04T18:28:44.35602Z", "media_type": "application/vnd.docker.container.image.v1+json", "content_type": "image"}, {"creator": 3268636, "id": 103094956, "images": [{"architecture": "amd64", "features": "", "variant": null, "digest": "sha256:1fa0ecefb890df8ba011514545653c5c622625d40780ef6510b12220a9d740ee", "os": "linux", "os_features": "", "os_version": null, "size": 432303726, "status": "active", "last_pulled": "2024-01-15T19:52:05.859212Z", "last_pushed": null}], "last_updated": "2020-06-02T21:26:18.596898Z", "last_updater": 3268636, "last_updater_username": "ericputnam", "name": "3.9.1", "repository": 5554771, "full_size": 432303726, "v2": true, "tag_status": "active", "tag_last_pulled": "2024-01-15T19:52:05.859212Z", "tag_last_pushed": "2020-06-02T21:26:18.596898Z", "media_type": "application/vnd.docker.container.image.v1+json", "content_type": "image"}, {"creator": 3268636, "id": 102473138, "images": [{"architecture": "amd64", "features": "", "variant": null, "digest": "sha256:8eb1640f55652572410afb2cee45eb6e82e522473e28c2afd5729094a1bfd584", "os": "linux", "os_features": "", "os_version": null, "size": 432290266, "status": "active", "last_pulled": "2024-01-15T19:52:05.862968Z", "last_pushed": null}], "last_updated": "2020-05-28T21:58:35.768454Z", "last_updater": 3268636, "last_updater_username": "ericputnam", "name": "3.9.0", "repository": 5554771, "full_size": 432290266, "v2": true, "tag_status": "active", "tag_last_pulled": "2024-01-15T19:52:05.862968Z", "tag_last_pushed": "2020-05-28T21:58:35.768454Z", "media_type": "application/vnd.docker.container.image.v1+json", "content_type": "image"}, {"creator": 3268636, "id": 100154283, "images": [{"architecture": "amd64", "features": "", "variant": null, "digest": "sha256:3005ae27d12f40342168d397dc4a15db6bcdf108929f351c1c53c394f3987e30", "os": "linux", "os_features": "", "os_version": null, "size": 430914481, "status": "active", "last_pulled": "2024-01-15T19:52:05.889234Z", "last_pushed": null}], "last_updated": "2020-05-13T17:05:38.7139Z", "last_updater": 3268636, "last_updater_username": "ericputnam", "name": "3.8.0", "repository": 5554771, "full_size": 430914481, "v2": true, "tag_status": "active", "tag_last_pulled": "2024-01-15T19:52:05.889234Z", "tag_last_pushed": "2020-05-13T17:05:38.7139Z", "media_type": "application/vnd.docker.container.image.v1+json", "content_type": "image"}, {"creator": 3268636, "id": 99010758, "images": [{"architecture": "amd64", "features": "", "variant": null, "digest": "sha256:ae44ed77f3f839ba5810257fc3ce5b15ed36b97f03a772d9414ea92cace3536a", "os": "linux", "os_features": "", "os_version": null, "size": 430535923, "status": "active", "last_pulled": "2024-01-15T19:52:05.84335Z", "last_pushed": null}], "last_updated": "2020-05-05T21:31:50.712366Z", "last_updater": 3268636, "last_updater_username": "ericputnam", "name": "3.7.1", "repository": 5554771, "full_size": 430535923, "v2": true, "tag_status": "active", "tag_last_pulled": "2024-01-15T19:52:05.84335Z", "tag_last_pushed": "2020-05-05T21:31:50.712366Z", "media_type": "application/vnd.docker.container.image.v1+json", "content_type": "image"}, {"creator": 3268636, "id": 97802588, "images": [{"architecture": "amd64", "features": "", "variant": null, "digest": "sha256:a5fd9a1c411b5e6d0b28c61e9e41924ad52512eb49fe5ce45422b8fbe734324c", "os": "linux", "os_features": "", "os_version": null, "size": 430527402, "status": "active", "last_pulled": "2024-01-15T19:52:05.88239Z", "last_pushed": null}], "last_updated": "2020-04-28T21:31:08.481266Z", "last_updater": 3268636, "last_updater_username": "ericputnam", "name": "3.7.0", "repository": 5554771, "full_size": 430527402, "v2": true, "tag_status": "active", "tag_last_pulled": "2024-01-15T19:52:05.88239Z", "tag_last_pushed": "2020-04-28T21:31:08.481266Z", "media_type": "application/vnd.docker.container.image.v1+json", "content_type": "image"}, {"creator": 3268636, "id": 95835270, "images": [{"architecture": "amd64", "features": "", "variant": null, "digest": "sha256:a99b9b00ef0ecafb76c7e9503e3206f30bf0277ba95e75d2dbff3eb7be2939f3", "os": "linux", "os_features": "", "os_version": null, "size": 425528381, "status": "active", "last_pulled": "2024-01-15T19:52:05.899463Z", "last_pushed": null}], "last_updated": "2020-04-16T22:07:48.302533Z", "last_updater": 3268636, "last_updater_username": "ericputnam", "name": "3.6.1", "repository": 5554771, "full_size": 425528381, "v2": true, "tag_status": "active", "tag_last_pulled": "2024-01-15T19:52:05.899463Z", "tag_last_pushed": "2020-04-16T22:07:48.302533Z", "media_type": "application/vnd.docker.container.image.v1+json", "content_type": "image"}, {"creator": 3268636, "id": 95483210, "images": [{"architecture": "amd64", "features": "", "variant": null, "digest": "sha256:5f6065bc4b196141626e984b7b5cfcc16cd69a969d3619ffae536445a29d8e6f", "os": "linux", "os_features": "", "os_version": null, "size": 425508884, "status": "active", "last_pulled": "2024-01-15T19:52:05.876995Z", "last_pushed": null}], "last_updated": "2020-04-14T21:31:57.472207Z", "last_updater": 3268636, "last_updater_username": "ericputnam", "name": "3.6.0", "repository": 5554771, "full_size": 425508884, "v2": true, "tag_status": "active", "tag_last_pulled": "2024-01-15T19:52:05.876995Z", "tag_last_pushed": "2020-04-14T21:31:57.472207Z", "media_type": "application/vnd.docker.container.image.v1+json", "content_type": "image"}, {"creator": 3268636, "id": 93633773, "images": [{"architecture": "amd64", "features": "", "variant": null, "digest": "sha256:e5b20d344491a9b6f5dad0417204f0f4be3f8a6791df4a56769f8eb7743b96bc", "os": "linux", "os_features": "", "os_version": null, "size": 421914911, "status": "active", "last_pulled": "2024-01-15T19:52:05.853548Z", "last_pushed": null}], "last_updated": "2020-04-02T16:41:28.307378Z", "last_updater": 3268636, "last_updater_username": "ericputnam", "name": "3.5.0", "repository": 5554771, "full_size": 421914911, "v2": true, "tag_status": "active", "tag_last_pulled": "2024-01-15T19:52:05.853548Z", "tag_last_pushed": "2020-04-02T16:41:28.307378Z", "media_type": "application/vnd.docker.container.image.v1+json", "content_type": "image"}, {"creator": 3268636, "id": 91910666, "images": [{"architecture": "amd64", "features": "", "variant": null, "digest": "sha256:0469384d8919ba94b64e3a741466da1557500b2afdbbece3b3c88fc9974c01ed", "os": "linux", "os_features": "", "os_version": null, "size": 460298797, "status": "active", "last_pulled": "2024-01-15T19:52:05.855511Z", "last_pushed": null}], "last_updated": "2020-03-23T17:25:24.715466Z", "last_updater": 3268636, "last_updater_username": "ericputnam", "name": "3.4.1", "repository": 5554771, "full_size": 460298797, "v2": true, "tag_status": "active", "tag_last_pulled": "2024-01-15T19:52:05.855511Z", "tag_last_pushed": "2020-03-23T17:25:24.715466Z", "media_type": "application/vnd.docker.container.image.v1+json", "content_type": "image"}, {"creator": 3268636, "id": 91276748, "images": [{"architecture": "amd64", "features": "", "variant": null, "digest": "sha256:bc799df9425760988cef92dd1bdd208729325913c70921be524c68302d50c4ee", "os": "linux", "os_features": "", "os_version": null, "size": 460296113, "status": "active", "last_pulled": "2024-01-15T19:52:05.839566Z", "last_pushed": null}], "last_updated": "2020-03-18T21:11:36.367869Z", "last_updater": 3268636, "last_updater_username": "ericputnam", "name": "3.4.0", "repository": 5554771, "full_size": 460296113, "v2": true, "tag_status": "active", "tag_last_pulled": "2024-01-15T19:52:05.839566Z", "tag_last_pushed": "2020-03-18T21:11:36.367869Z", "media_type": "application/vnd.docker.container.image.v1+json", "content_type": "image"}, {"creator": 3268636, "id": 87423794, "images": [{"architecture": "amd64", "features": "", "variant": null, "digest": "sha256:158606ed6745a56e30e4b11825a8d60cf64c59f7524d66c9db4ab4be8497368e", "os": "linux", "os_features": "", "os_version": null, "size": 458693369, "status": "active", "last_pulled": "2024-01-15T19:52:05.894389Z", "last_pushed": null}], "last_updated": "2020-02-19T18:35:09.892501Z", "last_updater": 3268636, "last_updater_username": "ericputnam", "name": "3.3.0", "repository": 5554771, "full_size": 458693369, "v2": true, "tag_status": "active", "tag_last_pulled": "2024-01-15T19:52:05.894389Z", "tag_last_pushed": "2020-02-19T18:35:09.892501Z", "media_type": "application/vnd.docker.container.image.v1+json", "content_type": "image"}, {"creator": 3268636, "id": 85354996, "images": [{"architecture": "amd64", "features": "", "variant": null, "digest": "sha256:a16023eda44ba0f0eb74c4a8770f308001fdbaa7c00f78c1eae68c9a1ed75cc2", "os": "linux", "os_features": "", "os_version": null, "size": 451940156, "status": "active", "last_pulled": "2024-01-15T19:52:05.824006Z", "last_pushed": null}], "last_updated": "2020-02-05T22:32:08.046347Z", "last_updater": 3268636, "last_updater_username": "ericputnam", "name": "3.2.1", "repository": 5554771, "full_size": 451940156, "v2": true, "tag_status": "active", "tag_last_pulled": "2024-01-15T19:52:05.824006Z", "tag_last_pushed": "2020-02-05T22:32:08.046347Z", "media_type": "application/vnd.docker.container.image.v1+json", "content_type": "image"}, {"creator": 3268636, "id": 85215943, "images": [{"architecture": "amd64", "features": "", "variant": null, "digest": "sha256:2e6e4d435d375095633dd391314a66b6bcacb49f6d39e0a6cf74bb2f9ababbf3", "os": "linux", "os_features": "", "os_version": null, "size": 451937273, "status": "active", "last_pulled": "2024-01-15T19:52:05.848451Z", "last_pushed": null}], "last_updated": "2020-02-05T17:43:56.329354Z", "last_updater": 3268636, "last_updater_username": "ericputnam", "name": "3.2.0", "repository": 5554771, "full_size": 451937273, "v2": true, "tag_status": "active", "tag_last_pulled": "2024-01-15T19:52:05.848451Z", "tag_last_pushed": "2020-02-05T17:43:56.329354Z", "media_type": "application/vnd.docker.container.image.v1+json", "content_type": "image"}, {"creator": 3268636, "id": 84394148, "images": [{"architecture": "amd64", "features": "", "variant": null, "digest": "sha256:defac2d5a641e5c19649224d5da8a9e640b80b09d156c19f87ac6c2d21c4dfe3", "os": "linux", "os_features": "", "os_version": null, "size": 451680435, "status": "active", "last_pulled": "2024-01-15T19:52:05.879127Z", "last_pushed": null}], "last_updated": "2020-01-28T21:17:31.862761Z", "last_updater": 3268636, "last_updater_username": "ericputnam", "name": "3.1.1", "repository": 5554771, "full_size": 451680435, "v2": true, "tag_status": "active", "tag_last_pulled": "2024-01-15T19:52:05.879127Z", "tag_last_pushed": "2020-01-28T21:17:31.862761Z", "media_type": "application/vnd.docker.container.image.v1+json", "content_type": "image"}, {"creator": 3200958, "id": 83887007, "images": [{"architecture": "amd64", "features": "", "variant": null, "digest": "sha256:825236935f963e89097ca0ae2c27ca52445576b365d00846079b592f9a5ef541", "os": "linux", "os_features": "", "os_version": null, "size": 264696092, "status": "active", "last_pulled": "2024-01-20T09:57:16.818851Z", "last_pushed": null}], "last_updated": "2020-01-23T22:01:02.091978Z", "last_updater": 3200958, "last_updater_username": "ziaunys", "name": "2.18.4", "repository": 5554771, "full_size": 264696092, "v2": true, "tag_status": "active", "tag_last_pulled": "2024-01-20T09:57:16.818851Z", "tag_last_pushed": "2020-01-23T22:01:02.091978Z", "media_type": "application/vnd.docker.container.image.v1+json", "content_type": "image"}, {"creator": 2084307, "id": 83711109, "images": [{"architecture": "amd64", "features": "", "variant": null, "digest": "sha256:9a5fd1e05fefc89db2f2448ec84309613d6bb66edb38d53300f179c6e7adc1a5", "os": "linux", "os_features": "", "os_version": null, "size": 451350958, "status": "active", "last_pulled": "2024-01-15T19:52:05.853457Z", "last_pushed": null}], "last_updated": "2020-01-22T19:24:39.441846Z", "last_updater": 2084307, "last_updater_username": "ewilliamson", "name": "3.1.0", "repository": 5554771, "full_size": 451350958, "v2": true, "tag_status": "active", "tag_last_pulled": "2024-01-15T19:52:05.853457Z", "tag_last_pushed": "2020-01-22T19:24:39.441846Z", "media_type": "application/vnd.docker.container.image.v1+json", "content_type": "image"}, {"creator": 3268636, "id": 80442331, "images": [{"architecture": "amd64", "features": "", "variant": null, "digest": "sha256:318b7e83e92dd7d449ae0bead11b7b504bad5b5d522961ff3c8fc53d278a4eb6", "os": "linux", "os_features": "", "os_version": null, "size": 492176949, "status": "active", "last_pulled": "2024-01-15T19:52:05.952358Z", "last_pushed": null}], "last_updated": "2019-12-19T23:02:18.530094Z", "last_updater": 3268636, "last_updater_username": "ericputnam", "name": "3.0.2", "repository": 5554771, "full_size": 492176949, "v2": true, "tag_status": "active", "tag_last_pulled": "2024-01-15T19:52:05.952358Z", "tag_last_pushed": "2019-12-19T23:02:18.530094Z", "media_type": "application/vnd.docker.container.image.v1+json", "content_type": "image"}, {"creator": 3268636, "id": 80037789, "images": [{"architecture": "amd64", "features": "", "variant": null, "digest": "sha256:85ac5a36b8eb7c3128e437c5e82ec1e1c4e892b3c88bbe400d99b7336a72f972", "os": "linux", "os_features": "", "os_version": null, "size": 492171337, "status": "active", "last_pulled": "2024-01-15T19:52:05.878981Z", "last_pushed": null}], "last_updated": "2019-12-17T00:20:55.94946Z", "last_updater": 3268636, "last_updater_username": "ericputnam", "name": "3.0.1", "repository": 5554771, "full_size": 492171337, "v2": true, "tag_status": "active", "tag_last_pulled": "2024-01-15T19:52:05.878981Z", "tag_last_pushed": "2019-12-17T00:20:55.94946Z", "media_type": "application/vnd.docker.container.image.v1+json", "content_type": "image"}, {"creator": 2084307, "id": 79541977, "images": [{"architecture": "amd64", "features": "", "variant": null, "digest": "sha256:4cb2072104f666199476677d0eaee6dd3a2d4141d442f8bc22b35f2e705d405b", "os": "linux", "os_features": "", "os_version": null, "size": 492171110, "status": "active", "last_pulled": "2024-01-15T19:52:05.90469Z", "last_pushed": null}], "last_updated": "2019-12-11T18:53:07.850972Z", "last_updater": 2084307, "last_updater_username": "ewilliamson", "name": "3.0.0", "repository": 5554771, "full_size": 492171110, "v2": true, "tag_status": "active", "tag_last_pulled": "2024-01-15T19:52:05.90469Z", "tag_last_pushed": "2019-12-11T18:53:07.850972Z", "media_type": "application/vnd.docker.container.image.v1+json", "content_type": "image"}, {"creator": 2084307, "id": 74575929, "images": [{"architecture": "amd64", "features": "", "variant": null, "digest": "sha256:86d95a26553a1d3f6e37cfd3e2694d1b2dbfd1bd53552625e5de780afce5cee4", "os": "linux", "os_features": "", "os_version": null, "size": 264170005, "status": "active", "last_pulled": "2024-01-15T19:52:05.980003Z", "last_pushed": null}], "last_updated": "2019-10-31T17:04:50.442785Z", "last_updater": 2084307, "last_updater_username": "ewilliamson", "name": "2.18.3", "repository": 5554771, "full_size": 264170005, "v2": true, "tag_status": "active", "tag_last_pulled": "2024-01-15T19:52:05.980003Z", "tag_last_pushed": "2019-10-31T17:04:50.442785Z", "media_type": "application/vnd.docker.container.image.v1+json", "content_type": "image"}, {"creator": 2084307, "id": 73388536, "images": [{"architecture": "amd64", "features": "", "variant": null, "digest": "sha256:7e00b636e5a2ccb4d3b1205cf1135c2bdd387fccfcb011d9f246b0d9e4e57545", "os": "linux", "os_features": "", "os_version": null, "size": 264310567, "status": "active", "last_pulled": "2024-01-15T19:52:05.966876Z", "last_pushed": null}], "last_updated": "2019-10-22T15:53:15.330593Z", "last_updater": 2084307, "last_updater_username": "ewilliamson", "name": "2.18.2", "repository": 5554771, "full_size": 264310567, "v2": true, "tag_status": "active", "tag_last_pulled": "2024-01-15T19:52:05.966876Z", "tag_last_pushed": "2019-10-22T15:53:15.330593Z", "media_type": "application/vnd.docker.container.image.v1+json", "content_type": "image"}, {"creator": 2084307, "id": 72823355, "images": [{"architecture": "amd64", "features": "", "variant": null, "digest": "sha256:ba4be7c87d8516511de09c4fd9623298ea6de8f6ea6fa94473296eaad411a816", "os": "linux", "os_features": "", "os_version": null, "size": 264622085, "status": "active", "last_pulled": "2024-01-15T19:52:05.977093Z", "last_pushed": null}], "last_updated": "2019-10-16T22:16:48.459797Z", "last_updater": 2084307, "last_updater_username": "ewilliamson", "name": "2.18.1", "repository": 5554771, "full_size": 264622085, "v2": true, "tag_status": "active", "tag_last_pulled": "2024-01-15T19:52:05.977093Z", "tag_last_pushed": "2019-10-16T22:16:48.459797Z", "media_type": "application/vnd.docker.container.image.v1+json", "content_type": "image"}, {"creator": 3268636, "id": 69060966, "images": [{"architecture": "amd64", "features": "", "variant": null, "digest": "sha256:e33bac60d4cf6876ca97442d5ab37aafd9803ae323224207fb2a0a8f06f55dc2", "os": "linux", "os_features": "", "os_version": null, "size": 264621757, "status": "active", "last_pulled": "2024-01-15T19:52:05.964041Z", "last_pushed": null}], "last_updated": "2019-09-16T21:31:21.592116Z", "last_updater": 3268636, "last_updater_username": "ericputnam", "name": "2.18.0", "repository": 5554771, "full_size": 264621757, "v2": true, "tag_status": "active", "tag_last_pulled": "2024-01-15T19:52:05.964041Z", "tag_last_pushed": "2019-09-16T21:31:21.592116Z", "media_type": "application/vnd.docker.container.image.v1+json", "content_type": "image"}, {"creator": 3268636, "id": 67718874, "images": [{"architecture": "amd64", "features": "", "variant": null, "digest": "sha256:7f05a819aee4b2bb1ed5742729802e5c5f205ebebcca86ecca18b06bd70f1915", "os": "linux", "os_features": "", "os_version": null, "size": 264177055, "status": "active", "last_pulled": "2024-01-15T19:52:05.469284Z", "last_pushed": null}], "last_updated": "2019-09-04T00:25:58.885172Z", "last_updater": 3268636, "last_updater_username": "ericputnam", "name": "2.17.1", "repository": 5554771, "full_size": 264177055, "v2": true, "tag_status": "active", "tag_last_pulled": "2024-01-15T19:52:05.469284Z", "tag_last_pushed": "2019-09-04T00:25:58.885172Z", "media_type": "application/vnd.docker.container.image.v1+json", "content_type": "image"}, {"creator": 3268636, "id": 67682184, "images": [{"architecture": "amd64", "features": "", "variant": null, "digest": "sha256:18fde7a9806d4a9539b828f868259828801acd90c22c9d7b05cb7c9549f65b71", "os": "linux", "os_features": "", "os_version": null, "size": 264176309, "status": "active", "last_pulled": "2024-01-15T19:52:05.575672Z", "last_pushed": null}], "last_updated": "2019-09-03T18:58:36.466108Z", "last_updater": 3268636, "last_updater_username": "ericputnam", "name": "2.17.0", "repository": 5554771, "full_size": 264176309, "v2": true, "tag_status": "active", "tag_last_pulled": "2024-01-15T19:52:05.575672Z", "tag_last_pushed": "2019-09-03T18:58:36.466108Z", "media_type": "application/vnd.docker.container.image.v1+json", "content_type": "image"}, {"creator": 2084307, "id": 65917720, "images": [{"architecture": "amd64", "features": "", "variant": null, "digest": "sha256:bcc8876bbbfa42efba9fe2cf3aca43888e3307ce0817a94038a6c79438dfc5a4", "os": "linux", "os_features": "", "os_version": null, "size": 263866825, "status": "active", "last_pulled": "2024-01-15T19:52:05.609298Z", "last_pushed": null}], "last_updated": "2019-08-19T18:00:39.383193Z", "last_updater": 2084307, "last_updater_username": "ewilliamson", "name": "2.16.0", "repository": 5554771, "full_size": 263866825, "v2": true, "tag_status": "active", "tag_last_pulled": "2024-01-15T19:52:05.609298Z", "tag_last_pushed": "2019-08-19T18:00:39.383193Z", "media_type": "application/vnd.docker.container.image.v1+json", "content_type": "image"}, {"creator": 3268636, "id": 64566166, "images": [{"architecture": "amd64", "features": "", "variant": null, "digest": "sha256:400f2387464579e7d9f49ffa4d0619686bb7bdcd65ff262f2eb1eac23d9ff7b4", "os": "linux", "os_features": "", "os_version": null, "size": 258271821, "status": "active", "last_pulled": "2024-01-15T19:52:05.613185Z", "last_pushed": null}], "last_updated": "2019-08-06T18:21:30.19298Z", "last_updater": 3268636, "last_updater_username": "ericputnam", "name": "2.15.1", "repository": 5554771, "full_size": 258271821, "v2": true, "tag_status": "active", "tag_last_pulled": "2024-01-15T19:52:05.613185Z", "tag_last_pushed": "2019-08-06T18:21:30.19298Z", "media_type": "application/vnd.docker.container.image.v1+json", "content_type": "image"}, {"creator": 2084307, "id": 64444526, "images": [{"architecture": "amd64", "features": "", "variant": null, "digest": "sha256:e97954dcc69bd606288d47e09b794782a2052e26b7eb4822ea68594575800651", "os": "linux", "os_features": "", "os_version": null, "size": 258273082, "status": "active", "last_pulled": "2024-01-15T19:52:05.601909Z", "last_pushed": null}], "last_updated": "2019-08-05T17:09:01.297887Z", "last_updater": 2084307, "last_updater_username": "ewilliamson", "name": "2.15.0", "repository": 5554771, "full_size": 258273082, "v2": true, "tag_status": "active", "tag_last_pulled": "2024-01-15T19:52:05.601909Z", "tag_last_pushed": "2019-08-05T17:09:01.297887Z", "media_type": "application/vnd.docker.container.image.v1+json", "content_type": "image"}, {"creator": 2084307, "id": 63886330, "images": [{"architecture": "amd64", "features": "", "variant": null, "digest": "sha256:dcd0c6273bfa4b5b3618f5ead949577afe1b072f449f08164895bf72f89f7c21", "os": "linux", "os_features": "", "os_version": null, "size": 257503226, "status": "active", "last_pulled": "2024-01-15T19:52:05.602103Z", "last_pushed": null}], "last_updated": "2019-07-29T21:59:43.860647Z", "last_updater": 2084307, "last_updater_username": "ewilliamson", "name": "2.14.2", "repository": 5554771, "full_size": 257503226, "v2": true, "tag_status": "active", "tag_last_pulled": "2024-01-15T19:52:05.602103Z", "tag_last_pushed": "2019-07-29T21:59:43.860647Z", "media_type": "application/vnd.docker.container.image.v1+json", "content_type": "image"}, {"creator": 2084307, "id": 63401384, "images": [{"architecture": "amd64", "features": "", "variant": null, "digest": "sha256:834a9f7ac537da9597f83a553b8c99332e2911a447bdee31cb0d8a422cef4c65", "os": "linux", "os_features": "", "os_version": null, "size": 257502565, "status": "active", "last_pulled": "2024-01-15T19:52:05.572567Z", "last_pushed": null}], "last_updated": "2019-07-24T17:48:55.068446Z", "last_updater": 2084307, "last_updater_username": "ewilliamson", "name": "2.14.1", "repository": 5554771, "full_size": 257502565, "v2": true, "tag_status": "active", "tag_last_pulled": "2024-01-15T19:52:05.572567Z", "tag_last_pushed": "2019-07-24T17:48:55.068446Z", "media_type": "application/vnd.docker.container.image.v1+json", "content_type": "image"}, {"creator": 2084307, "id": 63140617, "images": [{"architecture": "amd64", "features": "", "variant": null, "digest": "sha256:f9e6567a3885164c5c551ba924ae01fd8984ab3e3d8aebd39ca386a449a1340d", "os": "linux", "os_features": "", "os_version": null, "size": 257499760, "status": "active", "last_pulled": "2024-01-15T19:52:05.731653Z", "last_pushed": null}], "last_updated": "2019-07-22T17:12:41.983536Z", "last_updater": 2084307, "last_updater_username": "ewilliamson", "name": "2.14.0", "repository": 5554771, "full_size": 257499760, "v2": true, "tag_status": "active", "tag_last_pulled": "2024-01-15T19:52:05.731653Z", "tag_last_pushed": "2019-07-22T17:12:41.983536Z", "media_type": "application/vnd.docker.container.image.v1+json", "content_type": "image"}, {"creator": 2084307, "id": 62467896, "images": [{"architecture": "amd64", "features": "", "variant": null, "digest": "sha256:38a9dea931962c6e8f7410b6015874d4d769bebf5806a677619afb9066c0f7a4", "os": "linux", "os_features": "", "os_version": null, "size": 257278750, "status": "active", "last_pulled": "2024-01-15T19:52:05.724591Z", "last_pushed": null}], "last_updated": "2019-07-16T22:14:07.420302Z", "last_updater": 2084307, "last_updater_username": "ewilliamson", "name": "2.13.4", "repository": 5554771, "full_size": 257278750, "v2": true, "tag_status": "active", "tag_last_pulled": "2024-01-15T19:52:05.724591Z", "tag_last_pushed": "2019-07-16T22:14:07.420302Z", "media_type": "application/vnd.docker.container.image.v1+json", "content_type": "image"}, {"creator": 2084307, "id": 62454061, "images": [{"architecture": "amd64", "features": "", "variant": null, "digest": "sha256:9d4327e8ac903a9bb6be42f17856a39979a2dfdcc663bf1cdcef3ca4fc25b49f", "os": "linux", "os_features": "", "os_version": null, "size": 257278262, "status": "active", "last_pulled": "2024-01-15T19:52:05.74494Z", "last_pushed": null}], "last_updated": "2019-07-16T20:13:00.026697Z", "last_updater": 2084307, "last_updater_username": "ewilliamson", "name": "2.13.3", "repository": 5554771, "full_size": 257278262, "v2": true, "tag_status": "active", "tag_last_pulled": "2024-01-15T19:52:05.74494Z", "tag_last_pushed": "2019-07-16T20:13:00.026697Z", "media_type": "application/vnd.docker.container.image.v1+json", "content_type": "image"}, {"creator": 2084307, "id": 62317293, "images": [{"architecture": "amd64", "features": "", "variant": null, "digest": "sha256:a31ba39d5f01d9f876c015eeb96c84b7c4ab55cb54858e093904c78f7491f742", "os": "linux", "os_features": "", "os_version": null, "size": 257278269, "status": "active", "last_pulled": "2024-01-15T19:52:05.741026Z", "last_pushed": null}], "last_updated": "2019-07-15T20:52:36.298582Z", "last_updater": 2084307, "last_updater_username": "ewilliamson", "name": "2.13.2", "repository": 5554771, "full_size": 257278269, "v2": true, "tag_status": "active", "tag_last_pulled": "2024-01-15T19:52:05.741026Z", "tag_last_pushed": "2019-07-15T20:52:36.298582Z", "media_type": "application/vnd.docker.container.image.v1+json", "content_type": "image"}, {"creator": 2084307, "id": 62067556, "images": [{"architecture": "amd64", "features": "", "variant": null, "digest": "sha256:78efd54d23486c8b03b81b705505ecf711c4184e88862f682f375653ec7bad06", "os": "linux", "os_features": "", "os_version": null, "size": 257279860, "status": "active", "last_pulled": "2024-01-15T19:52:05.731603Z", "last_pushed": null}], "last_updated": "2019-07-12T22:15:04.730106Z", "last_updater": 2084307, "last_updater_username": "ewilliamson", "name": "2.13.1", "repository": 5554771, "full_size": 257279860, "v2": true, "tag_status": "active", "tag_last_pulled": "2024-01-15T19:52:05.731603Z", "tag_last_pushed": "2019-07-12T22:15:04.730106Z", "media_type": "application/vnd.docker.container.image.v1+json", "content_type": "image"}, {"creator": 2084307, "id": 61923190, "images": [{"architecture": "amd64", "features": "", "variant": null, "digest": "sha256:154d5b105fcb352136b54cab8d2341099b9ff6c5b76405de66417f12ad8a4e1e", "os": "linux", "os_features": "", "os_version": null, "size": 257264676, "status": "active", "last_pulled": "2024-01-15T19:52:05.746089Z", "last_pushed": null}], "last_updated": "2019-07-11T20:32:50.733953Z", "last_updater": 2084307, "last_updater_username": "ewilliamson", "name": "2.13.0", "repository": 5554771, "full_size": 257264676, "v2": true, "tag_status": "active", "tag_last_pulled": "2024-01-15T19:52:05.746089Z", "tag_last_pushed": "2019-07-11T20:32:50.733953Z", "media_type": "application/vnd.docker.container.image.v1+json", "content_type": "image"}, {"creator": 2084307, "id": 59706743, "images": [{"architecture": "amd64", "features": "", "variant": null, "digest": "sha256:5429d7276e818cdc877ee1e3d91ece6af861f834ed546d3eacb16165f32c6567", "os": "linux", "os_features": "", "os_version": null, "size": 249676918, "status": "active", "last_pulled": "2024-01-15T19:52:05.744847Z", "last_pushed": null}], "last_updated": "2019-06-21T18:05:57.323788Z", "last_updater": 2084307, "last_updater_username": "ewilliamson", "name": "2.12.2", "repository": 5554771, "full_size": 249676918, "v2": true, "tag_status": "active", "tag_last_pulled": "2024-01-15T19:52:05.744847Z", "tag_last_pushed": "2019-06-21T18:05:57.323788Z", "media_type": "application/vnd.docker.container.image.v1+json", "content_type": "image"}, {"creator": 2084307, "id": 59394211, "images": [{"architecture": "amd64", "features": "", "variant": null, "digest": "sha256:42c126478e4b3a99d24f4a96c04022f1cd98fd3df3afadb95e97a03125b9344c", "os": "linux", "os_features": "", "os_version": null, "size": 249466059, "status": "active", "last_pulled": "2024-01-15T19:52:05.728229Z", "last_pushed": null}], "last_updated": "2019-06-19T16:57:18.731024Z", "last_updater": 2084307, "last_updater_username": "ewilliamson", "name": "2.12.1", "repository": 5554771, "full_size": 249466059, "v2": true, "tag_status": "active", "tag_last_pulled": "2024-01-15T19:52:05.728229Z", "tag_last_pushed": "2019-06-19T16:57:18.731024Z", "media_type": "application/vnd.docker.container.image.v1+json", "content_type": "image"}, {"creator": 2084307, "id": 59114592, "images": [{"architecture": "amd64", "features": "", "variant": null, "digest": "sha256:3eddc7698b462880003d8d4aa42fc92120093e33c0b85e64ab004e6076812647", "os": "linux", "os_features": "", "os_version": null, "size": 249462922, "status": "active", "last_pulled": "2024-01-15T19:52:05.743811Z", "last_pushed": null}], "last_updated": "2019-06-17T20:12:33.256555Z", "last_updater": 2084307, "last_updater_username": "ewilliamson", "name": "2.12.0", "repository": 5554771, "full_size": 249462922, "v2": true, "tag_status": "active", "tag_last_pulled": "2024-01-15T19:52:05.743811Z", "tag_last_pushed": "2019-06-17T20:12:33.256555Z", "media_type": "application/vnd.docker.container.image.v1+json", "content_type": "image"}, {"creator": 2084307, "id": 58499017, "images": [{"architecture": "amd64", "features": "", "variant": null, "digest": "sha256:50de0792285bc254d8a0f1a8e6b716b4a01e32358ded3ca7c0749ac2189c41bb", "os": "linux", "os_features": "", "os_version": null, "size": 235527353, "status": "active", "last_pulled": "2024-01-15T19:52:05.733665Z", "last_pushed": null}], "last_updated": "2019-06-10T20:35:00.0628Z", "last_updater": 2084307, "last_updater_username": "ewilliamson", "name": "2.11.1", "repository": 5554771, "full_size": 235527353, "v2": true, "tag_status": "active", "tag_last_pulled": "2024-01-15T19:52:05.733665Z", "tag_last_pushed": "2019-06-10T20:35:00.0628Z", "media_type": "application/vnd.docker.container.image.v1+json", "content_type": "image"}, {"creator": 2084307, "id": 57182651, "images": [{"architecture": "amd64", "features": "", "variant": null, "digest": "sha256:a3fa7877495cda72cd531b271a96fec3f1dc5ee4db9fb01cbf1dbecab38bd410", "os": "linux", "os_features": "", "os_version": null, "size": 235514946, "status": "active", "last_pulled": "2024-01-15T19:52:05.760025Z", "last_pushed": null}], "last_updated": "2019-05-28T18:55:47.461388Z", "last_updater": 2084307, "last_updater_username": "ewilliamson", "name": "2.11.0", "repository": 5554771, "full_size": 235514946, "v2": true, "tag_status": "active", "tag_last_pulled": "2024-01-15T19:52:05.760025Z", "tag_last_pushed": "2019-05-28T18:55:47.461388Z", "media_type": "application/vnd.docker.container.image.v1+json", "content_type": "image"}, {"creator": 3268636, "id": 56308441, "images": [{"architecture": "amd64", "features": "", "variant": null, "digest": "sha256:aedad2cdbe3a9e091e6a1c450fed55157b13ad228f9e0b515684435dae20716a", "os": "linux", "os_features": "", "os_version": null, "size": 235236263, "status": "inactive", "last_pulled": null, "last_pushed": null}], "last_updated": "2019-05-20T21:12:09.458312Z", "last_updater": 3268636, "last_updater_username": "ericputnam", "name": "2.10.1", "repository": 5554771, "full_size": 235236263, "v2": true, "tag_status": "inactive", "tag_last_pulled": null, "tag_last_pushed": "2019-05-20T21:12:09.458312Z", "media_type": "application/vnd.docker.container.image.v1+json", "content_type": "image"}, {"creator": 2084307, "id": 55601129, "images": [{"architecture": "amd64", "features": "", "variant": null, "digest": "sha256:e54fb7c4ad8a3c49bcee48265889235ccdb259ca2c8a9d70f3e4f1e4a93e5d63", "os": "linux", "os_features": "", "os_version": null, "size": 235240729, "status": "inactive", "last_pulled": null, "last_pushed": null}], "last_updated": "2019-05-13T21:30:03.630418Z", "last_updater": 2084307, "last_updater_username": "ewilliamson", "name": "2.10.0", "repository": 5554771, "full_size": 235240729, "v2": true, "tag_status": "inactive", "tag_last_pulled": null, "tag_last_pushed": "2019-05-13T21:30:03.630418Z", "media_type": "application/vnd.docker.container.image.v1+json", "content_type": "image"}, {"creator": 3200958, "id": 54181394, "images": [{"architecture": "amd64", "features": "", "variant": null, "digest": "sha256:90e90ba666bacf61cf55621249083e8ef2f9e786edfd5d2dd1f8be12b8a2b068", "os": "linux", "os_features": "", "os_version": null, "size": 234427071, "status": "inactive", "last_pulled": null, "last_pushed": null}], "last_updated": "2019-04-30T22:48:18.675816Z", "last_updater": 3200958, "last_updater_username": "ziaunys", "name": "2.9.1", "repository": 5554771, "full_size": 234427071, "v2": true, "tag_status": "inactive", "tag_last_pulled": null, "tag_last_pushed": "2019-04-30T22:48:18.675816Z", "media_type": "application/vnd.docker.container.image.v1+json", "content_type": "image"}, {"creator": 2084307, "id": 54134050, "images": [{"architecture": "amd64", "features": "", "variant": null, "digest": "sha256:d993c001dab46dec92e0a80ecb501db5312049d8741bc5247db873f00f56424c", "os": "linux", "os_features": "", "os_version": null, "size": 234428587, "status": "inactive", "last_pulled": null, "last_pushed": null}], "last_updated": "2019-04-30T14:34:44.964416Z", "last_updater": 2084307, "last_updater_username": "ewilliamson", "name": "2.9.0", "repository": 5554771, "full_size": 234428587, "v2": true, "tag_status": "inactive", "tag_last_pulled": null, "tag_last_pushed": "2019-04-30T14:34:44.964416Z", "media_type": "application/vnd.docker.container.image.v1+json", "content_type": "image"}, {"creator": 2084307, "id": 53802488, "images": [{"architecture": "amd64", "features": "", "variant": null, "digest": "sha256:39b0a683b7e59cf22d8ccec630b7c7c8e6e3b991d9adb9fd8c4aa3ec96965032", "os": "linux", "os_features": "", "os_version": null, "size": 232774064, "status": "inactive", "last_pulled": null, "last_pushed": null}], "last_updated": "2019-04-25T20:46:01.600631Z", "last_updater": 2084307, "last_updater_username": "ewilliamson", "name": "2.8.2", "repository": 5554771, "full_size": 232774064, "v2": true, "tag_status": "inactive", "tag_last_pulled": null, "tag_last_pushed": "2019-04-25T20:46:01.600631Z", "media_type": "application/vnd.docker.container.image.v1+json", "content_type": "image"}, {"creator": 2084307, "id": 53123953, "images": [{"architecture": "amd64", "features": "", "variant": null, "digest": "sha256:b590ef6d01ebfb8162a4f1710318fa539a8ba1e5ee3585f8bbf9401280908a2a", "os": "linux", "os_features": "", "os_version": null, "size": 232772394, "status": "inactive", "last_pulled": null, "last_pushed": null}], "last_updated": "2019-04-18T20:25:17.492302Z", "last_updater": 2084307, "last_updater_username": "ewilliamson", "name": "2.8.1", "repository": 5554771, "full_size": 232772394, "v2": true, "tag_status": "inactive", "tag_last_pulled": null, "tag_last_pushed": "2019-04-18T20:25:17.492302Z", "media_type": "application/vnd.docker.container.image.v1+json", "content_type": "image"}, {"creator": 2084307, "id": 52776594, "images": [{"architecture": "amd64", "features": "", "variant": null, "digest": "sha256:7fa1144652b17e677f5881bc720a0748959216eae3dae0bcf3f8340cf7033968", "os": "linux", "os_features": "", "os_version": null, "size": 232767383, "status": "inactive", "last_pulled": null, "last_pushed": null}], "last_updated": "2019-04-15T17:23:58.141557Z", "last_updater": 2084307, "last_updater_username": "ewilliamson", "name": "2.8.0", "repository": 5554771, "full_size": 232767383, "v2": true, "tag_status": "inactive", "tag_last_pulled": null, "tag_last_pushed": "2019-04-15T17:23:58.141557Z", "media_type": "application/vnd.docker.container.image.v1+json", "content_type": "image"}, {"creator": 3268636, "id": 51708872, "images": [{"architecture": "amd64", "features": "", "variant": null, "digest": "sha256:31f4e5e22d636dc17cea74f16317f4d72a4f7d09aaa5d14c2b027732d2f7dd1b", "os": "linux", "os_features": "", "os_version": null, "size": 229722546, "status": "inactive", "last_pulled": null, "last_pushed": null}], "last_updated": "2019-04-02T23:58:48.155511Z", "last_updater": 3268636, "last_updater_username": "ericputnam", "name": "2.7.1", "repository": 5554771, "full_size": 229722546, "v2": true, "tag_status": "inactive", "tag_last_pulled": null, "tag_last_pushed": "2019-04-02T23:58:48.155511Z", "media_type": "application/vnd.docker.container.image.v1+json", "content_type": "image"}, {"creator": 2084307, "id": 51506488, "images": [{"architecture": "amd64", "features": "", "variant": null, "digest": "sha256:1196f59951847c1d9866fb884f4c4b283bd784b01ac680e2e8a85758d48b1818", "os": "linux", "os_features": "", "os_version": null, "size": 230354808, "status": "inactive", "last_pulled": null, "last_pushed": null}], "last_updated": "2019-04-01T18:54:03.980325Z", "last_updater": 2084307, "last_updater_username": "ewilliamson", "name": "2.7.0", "repository": 5554771, "full_size": 230354808, "v2": true, "tag_status": "inactive", "tag_last_pulled": null, "tag_last_pushed": "2019-04-01T18:54:03.980325Z", "media_type": "application/vnd.docker.container.image.v1+json", "content_type": "image"}, {"creator": 2317379, "id": 50014414, "images": [{"architecture": "amd64", "features": "", "variant": null, "digest": "sha256:634c6f3dd2aaf65a59439158a64da59cbcb6f545cb0c86f69fb3224da37820d1", "os": "linux", "os_features": "", "os_version": null, "size": 229883095, "status": "inactive", "last_pulled": null, "last_pushed": null}], "last_updated": "2019-03-18T20:33:01.139972Z", "last_updater": 2317379, "last_updater_username": "borisveltmanpuppet", "name": "2.6.0", "repository": 5554771, "full_size": 229883095, "v2": true, "tag_status": "inactive", "tag_last_pulled": null, "tag_last_pushed": "2019-03-18T20:33:01.139972Z", "media_type": "application/vnd.docker.container.image.v1+json", "content_type": "image"}, {"creator": 2084307, "id": 48661746, "images": [{"architecture": "amd64", "features": "", "variant": null, "digest": "sha256:06dcd5ae2079b83772a221dcac75670693106ab340d1586158f4b69f260f5bf6", "os": "linux", "os_features": "", "os_version": null, "size": 262675981, "status": "inactive", "last_pulled": null, "last_pushed": null}], "last_updated": "2019-03-04T21:56:44.075629Z", "last_updater": 2084307, "last_updater_username": "ewilliamson", "name": "2.5.0", "repository": 5554771, "full_size": 262675981, "v2": true, "tag_status": "inactive", "tag_last_pulled": null, "tag_last_pushed": "2019-03-04T21:56:44.075629Z", "media_type": "application/vnd.docker.container.image.v1+json", "content_type": "image"}, {"creator": 2084307, "id": 47705841, "images": [{"architecture": "amd64", "features": "", "variant": null, "digest": "sha256:1a2055d1dc6ad55c308910dab466dfb866d38b3b9461dab979a7a6a373675159", "os": "linux", "os_features": "", "os_version": null, "size": 259540382, "status": "inactive", "last_pulled": null, "last_pushed": null}], "last_updated": "2019-02-21T17:31:32.383185Z", "last_updater": 2084307, "last_updater_username": "ewilliamson", "name": "2.4.0", "repository": 5554771, "full_size": 259540382, "v2": true, "tag_status": "inactive", "tag_last_pulled": null, "tag_last_pushed": "2019-02-21T17:31:32.383185Z", "media_type": "application/vnd.docker.container.image.v1+json", "content_type": "image"}, {"creator": 5336589, "id": 46106498, "images": [{"architecture": "amd64", "features": "", "variant": null, "digest": "sha256:5962b8945938901763742c87a40e557ef2805c549cf2079b18f8f1aa4245620b", "os": "linux", "os_features": "", "os_version": null, "size": 258851573, "status": "inactive", "last_pulled": null, "last_pushed": null}], "last_updated": "2019-02-04T20:44:41.087292Z", "last_updater": 5336589, "last_updater_username": "puppetleicester", "name": "2.3.0", "repository": 5554771, "full_size": 258851573, "v2": true, "tag_status": "inactive", "tag_last_pulled": null, "tag_last_pushed": "2019-02-04T20:44:41.087292Z", "media_type": "application/vnd.docker.container.image.v1+json", "content_type": "image"}, {"creator": 2317379, "id": 42880535, "images": [{"architecture": "amd64", "features": "", "variant": null, "digest": "sha256:a41c31a31a4fa27277646a6027b691073d6e5669caaa1499daa97acb4d59804e", "os": "linux", "os_features": "", "os_version": null, "size": 238127687, "status": "inactive", "last_pulled": null, "last_pushed": null}], "last_updated": "2018-12-19T21:53:12.241238Z", "last_updater": 2317379, "last_updater_username": "borisveltmanpuppet", "name": "2.2.1", "repository": 5554771, "full_size": 238127687, "v2": true, "tag_status": "inactive", "tag_last_pulled": null, "tag_last_pushed": "2018-12-19T21:53:12.241238Z", "media_type": "application/vnd.docker.container.image.v1+json", "content_type": "image"}, {"creator": 2317379, "id": 42692570, "images": [{"architecture": "amd64", "features": "", "variant": null, "digest": "sha256:c98bc70b066876e20aaf2390f7bc18f724eec1194865e8f3684c091f2b754b9a", "os": "linux", "os_features": "", "os_version": null, "size": 238015518, "status": "inactive", "last_pulled": null, "last_pushed": null}], "last_updated": "2018-12-17T22:50:22.969081Z", "last_updater": 2317379, "last_updater_username": "borisveltmanpuppet", "name": "2.2.0", "repository": 5554771, "full_size": 238015518, "v2": true, "tag_status": "inactive", "tag_last_pulled": null, "tag_last_pushed": "2018-12-17T22:50:22.969081Z", "media_type": "application/vnd.docker.container.image.v1+json", "content_type": "image"}, {"creator": 2084307, "id": 41776539, "images": [{"architecture": "amd64", "features": "", "variant": null, "digest": "sha256:6efb826bf069ea0e7f8246392313dcdf23e20f8973c2bf057b75044fb2c2c1ba", "os": "linux", "os_features": "", "os_version": null, "size": 237174284, "status": "inactive", "last_pulled": null, "last_pushed": null}], "last_updated": "2018-12-07T18:52:56.844942Z", "last_updater": 2084307, "last_updater_username": "ewilliamson", "name": "2.1.1", "repository": 5554771, "full_size": 237174284, "v2": true, "tag_status": "inactive", "tag_last_pulled": null, "tag_last_pushed": "2018-12-07T18:52:56.844942Z", "media_type": "application/vnd.docker.container.image.v1+json", "content_type": "image"}, {"creator": 2084307, "id": 41086800, "images": [{"architecture": "amd64", "features": "", "variant": null, "digest": "sha256:972b487fb06369722f14b39bdd1a549cb72a99dc4b2f05748303278f3b9708c1", "os": "linux", "os_features": "", "os_version": null, "size": 226168496, "status": "inactive", "last_pulled": null, "last_pushed": null}], "last_updated": "2018-11-29T22:21:27.253546Z", "last_updater": 2084307, "last_updater_username": "ewilliamson", "name": "2.1.0", "repository": 5554771, "full_size": 226168496, "v2": true, "tag_status": "inactive", "tag_last_pulled": null, "tag_last_pushed": "2018-11-29T22:21:27.253546Z", "media_type": "application/vnd.docker.container.image.v1+json", "content_type": "image"}, {"creator": 4547829, "id": 39580925, "images": [{"architecture": "amd64", "features": "", "variant": null, "digest": "sha256:b33d7072c795a1c8104c74ea7b5e4a08321ec0e1ec07b4aa19f0d53fa959f528", "os": "linux", "os_features": "", "os_version": null, "size": 183737407, "status": "inactive", "last_pulled": null, "last_pushed": null}], "last_updated": "2018-11-08T23:10:41.292405Z", "last_updater": 4547829, "last_updater_username": "vitac123", "name": "2.0.3", "repository": 5554771, "full_size": 183737407, "v2": true, "tag_status": "inactive", "tag_last_pulled": null, "tag_last_pushed": "2018-11-08T23:10:41.292405Z", "media_type": "application/vnd.docker.container.image.v1+json", "content_type": "image"}, {"creator": 2084307, "id": 38908981, "images": [{"architecture": "amd64", "features": "", "variant": null, "digest": "sha256:4d29486cb4033498e4891ee88b797574c9aa02c23ce8d84b6d528a9b89d0d483", "os": "linux", "os_features": "", "os_version": null, "size": 182322558, "status": "inactive", "last_pulled": null, "last_pushed": null}], "last_updated": "2018-10-31T16:52:52.125197Z", "last_updater": 2084307, "last_updater_username": "ewilliamson", "name": "2.0.2", "repository": 5554771, "full_size": 182322558, "v2": true, "tag_status": "inactive", "tag_last_pulled": null, "tag_last_pushed": "2018-10-31T16:52:52.125197Z", "media_type": "application/vnd.docker.container.image.v1+json", "content_type": "image"}, {"creator": 2084307, "id": 38348135, "images": [{"architecture": "amd64", "features": "", "variant": null, "digest": "sha256:6d5aa2e49c956238e177b7048a2b67205d68c87ec82c24dd8dae0667360c8104", "os": "linux", "os_features": "", "os_version": null, "size": 182307094, "status": "inactive", "last_pulled": null, "last_pushed": null}], "last_updated": "2018-10-25T18:07:17.477495Z", "last_updater": 2084307, "last_updater_username": "ewilliamson", "name": "2.0.1", "repository": 5554771, "full_size": 182307094, "v2": true, "tag_status": "inactive", "tag_last_pulled": null, "tag_last_pushed": "2018-10-25T18:07:17.477495Z", "media_type": "application/vnd.docker.container.image.v1+json", "content_type": "image"}, {"creator": 2084307, "id": 37013456, "images": [{"architecture": "amd64", "features": "", "variant": null, "digest": "sha256:55d833275a94fa668adf3045e92faff51c041f0df0ddbffdac2acdfc87e866ed", "os": "linux", "os_features": "", "os_version": null, "size": 182012162, "status": "inactive", "last_pulled": null, "last_pushed": null}], "last_updated": "2018-10-08T23:41:11.211637Z", "last_updater": 2084307, "last_updater_username": "ewilliamson", "name": "2.0.0", "repository": 5554771, "full_size": 182012162, "v2": true, "tag_status": "inactive", "tag_last_pulled": null, "tag_last_pushed": "2018-10-08T23:41:11.211637Z", "media_type": "application/vnd.docker.container.image.v1+json", "content_type": "image"}, {"creator": 2317379, "id": 32612613, "images": [{"architecture": "amd64", "features": "", "variant": null, "digest": "sha256:694afc86c1cd75fae7b439840dfb4dd708da3b246a4cc4347ca4c0f56b725195", "os": "linux", "os_features": "", "os_version": null, "size": 172592073, "status": "inactive", "last_pulled": null, "last_pushed": null}], "last_updated": "2018-08-07T22:34:01.442503Z", "last_updater": 2317379, "last_updater_username": "borisveltmanpuppet", "name": "1.4.1", "repository": 5554771, "full_size": 172592073, "v2": true, "tag_status": "inactive", "tag_last_pulled": null, "tag_last_pushed": "2018-08-07T22:34:01.442503Z", "media_type": "application/vnd.docker.container.image.v1+json", "content_type": "image"}, {"creator": 2084307, "id": 32588178, "images": [{"architecture": "amd64", "features": "", "variant": null, "digest": "sha256:5a9626c3868f130d3e76ff2073e973528b410b8e0ac6141114c90e0e5b5cbcb3", "os": "linux", "os_features": "", "os_version": null, "size": 172592450, "status": "inactive", "last_pulled": null, "last_pushed": null}], "last_updated": "2018-08-07T17:30:17.238405Z", "last_updater": 2084307, "last_updater_username": "ewilliamson", "name": "1.4.0", "repository": 5554771, "full_size": 172592450, "v2": true, "tag_status": "inactive", "tag_last_pulled": null, "tag_last_pushed": "2018-08-07T17:30:17.238405Z", "media_type": "application/vnd.docker.container.image.v1+json", "content_type": "image"}, {"creator": 2084307, "id": 31910302, "images": [{"architecture": "amd64", "features": "", "variant": null, "digest": "sha256:b125529b830f23f2352bcef37172c7c1a7c5364d85bddb841337de2348960102", "os": "linux", "os_features": "", "os_version": null, "size": 172381731, "status": "inactive", "last_pulled": null, "last_pushed": null}], "last_updated": "2018-07-27T21:57:01.249733Z", "last_updater": 2084307, "last_updater_username": "ewilliamson", "name": "1.3.2", "repository": 5554771, "full_size": 172381731, "v2": true, "tag_status": "inactive", "tag_last_pulled": null, "tag_last_pushed": "2018-07-27T21:57:01.249733Z", "media_type": "application/vnd.docker.container.image.v1+json", "content_type": "image"}, {"creator": 1953377, "id": 31730077, "images": [{"architecture": "amd64", "features": "", "variant": null, "digest": "sha256:99226e51753e1f2f8a89c4114a8f33b346bbbd302764b2a26f190d58e93b2b0e", "os": "linux", "os_features": "", "os_version": null, "size": 172369944, "status": "active", "last_pulled": "2024-01-15T19:52:05.86514Z", "last_pushed": null}], "last_updated": "2018-07-25T19:04:45.468258Z", "last_updater": 1953377, "last_updater_username": "nw01fe", "name": "1.3.1", "repository": 5554771, "full_size": 172369944, "v2": true, "tag_status": "active", "tag_last_pulled": "2024-01-15T19:52:05.86514Z", "tag_last_pushed": "2018-07-25T19:04:45.468258Z", "media_type": "application/vnd.docker.container.image.v1+json", "content_type": "image"}, {"creator": 2084307, "id": 31347256, "images": [{"architecture": "amd64", "features": "", "variant": null, "digest": "sha256:93511cb0f19286535749fbf98b17ea1d5d216040beddcdf1aee1a1ff012f56bb", "os": "linux", "os_features": "", "os_version": null, "size": 172294547, "status": "active", "last_pulled": "2024-01-15T19:52:05.858533Z", "last_pushed": null}], "last_updated": "2018-07-19T22:21:08.812654Z", "last_updater": 2084307, "last_updater_username": "ewilliamson", "name": "1.3.0", "repository": 5554771, "full_size": 172294547, "v2": true, "tag_status": "active", "tag_last_pulled": "2024-01-15T19:52:05.858533Z", "tag_last_pushed": "2018-07-19T22:21:08.812654Z", "media_type": "application/vnd.docker.container.image.v1+json", "content_type": "image"}, {"creator": 2084307, "id": 30557460, "images": [{"architecture": "amd64", "features": "", "variant": null, "digest": "sha256:fb6ac24d1597db2105632abdf24d42f442a0cc6fa08b46e19cfd573bf7683b3e", "os": "linux", "os_features": "", "os_version": null, "size": 171637452, "status": "active", "last_pulled": "2024-01-15T19:52:05.891957Z", "last_pushed": null}], "last_updated": "2018-07-06T22:53:02.365694Z", "last_updater": 2084307, "last_updater_username": "ewilliamson", "name": "1.2.1", "repository": 5554771, "full_size": 171637452, "v2": true, "tag_status": "active", "tag_last_pulled": "2024-01-15T19:52:05.891957Z", "tag_last_pushed": "2018-07-06T22:53:02.365694Z", "media_type": "application/vnd.docker.container.image.v1+json", "content_type": "image"}, {"creator": 2317379, "id": 30464202, "images": [{"architecture": "amd64", "features": "", "variant": null, "digest": "sha256:5ef97ae7e5dc1704fe2f8f10f91ec08a6b8a5f87e449c5b64b8e1401bdb71964", "os": "linux", "os_features": "", "os_version": null, "size": 171189321, "status": "active", "last_pulled": "2024-01-15T19:52:05.841491Z", "last_pushed": null}], "last_updated": "2018-07-05T17:08:04.169339Z", "last_updater": 2317379, "last_updater_username": "borisveltmanpuppet", "name": "1.2.0", "repository": 5554771, "full_size": 171189321, "v2": true, "tag_status": "active", "tag_last_pulled": "2024-01-15T19:52:05.841491Z", "tag_last_pushed": "2018-07-05T17:08:04.169339Z", "media_type": "application/vnd.docker.container.image.v1+json", "content_type": "image"}, {"creator": 2317379, "id": 29634848, "images": [{"architecture": "amd64", "features": "", "variant": null, "digest": "sha256:0048a31b3cdf912ce959d56bd6dbcc23d32ecac3558d2c9aa5151ae988fc8827", "os": "linux", "os_features": "", "os_version": null, "size": 171012009, "status": "active", "last_pulled": "2024-01-15T19:52:05.887104Z", "last_pushed": null}], "last_updated": "2018-06-21T17:22:50.473668Z", "last_updater": 2317379, "last_updater_username": "borisveltmanpuppet", "name": "1.1.0", "repository": 5554771, "full_size": 171012009, "v2": true, "tag_status": "active", "tag_last_pulled": "2024-01-15T19:52:05.887104Z", "tag_last_pushed": "2018-06-21T17:22:50.473668Z", "media_type": "application/vnd.docker.container.image.v1+json", "content_type": "image"}, {"creator": 2317379, "id": 29134883, "images": [{"architecture": "amd64", "features": "", "variant": null, "digest": "sha256:55508e6504327d0dfd601dfe7146fd18b1c1d073824071bd8f529cf9ddd7b6b5", "os": "linux", "os_features": "", "os_version": null, "size": 154775165, "status": "active", "last_pulled": "2024-01-15T19:52:05.871267Z", "last_pushed": null}], "last_updated": "2018-06-13T16:37:30.671506Z", "last_updater": 2317379, "last_updater_username": "borisveltmanpuppet", "name": "1.0.2", "repository": 5554771, "full_size": 154775165, "v2": true, "tag_status": "active", "tag_last_pulled": "2024-01-15T19:52:05.871267Z", "tag_last_pushed": "2018-06-13T16:37:30.671506Z", "media_type": "application/vnd.docker.container.image.v1+json", "content_type": "image"}, {"creator": 2317379, "id": 28622608, "images": [{"architecture": "amd64", "features": "", "variant": null, "digest": "sha256:99e0d03e1a313b21e9e6d92e99426d873e2a03c51b17b66e173816aa47695566", "os": "linux", "os_features": "", "os_version": null, "size": 154011248, "status": "active", "last_pulled": "2024-01-15T19:52:05.865387Z", "last_pushed": null}], "last_updated": "2018-06-05T18:45:34.568903Z", "last_updater": 2317379, "last_updater_username": "borisveltmanpuppet", "name": "1.0.1", "repository": 5554771, "full_size": 154011248, "v2": true, "tag_status": "active", "tag_last_pulled": "2024-01-15T19:52:05.865387Z", "tag_last_pushed": "2018-06-05T18:45:34.568903Z", "media_type": "application/vnd.docker.container.image.v1+json", "content_type": "image"}, {"creator": 2317379, "id": 28414651, "images": [{"architecture": "amd64", "features": "", "variant": null, "digest": "sha256:dcaded33d421061962c84eb41c40dbd53491a5482755b33a56d405df45d473f7", "os": "linux", "os_features": "", "os_version": null, "size": 154002718, "status": "active", "last_pulled": "2024-01-15T19:52:05.896654Z", "last_pushed": null}], "last_updated": "2018-06-01T16:34:07.076055Z", "last_updater": 2317379, "last_updater_username": "borisveltmanpuppet", "name": "1.0.0", "repository": 5554771, "full_size": 154002718, "v2": true, "tag_status": "active", "tag_last_pulled": "2024-01-15T19:52:05.896654Z", "tag_last_pushed": "2018-06-01T16:34:07.076055Z", "media_type": "application/vnd.docker.container.image.v1+json", "content_type": "image"}]