[{"creator": 601605, "id": 134968352, "images": [{"architecture": "amd64", "features": "", "variant": null, "digest": "sha256:2009bb9ca86e8bdfc035a37561cf062f3e051c35823a5481fbd13533ce402fac", "os": "linux", "os_features": "", "os_version": null, "size": 25159526, "status": "active", "last_pulled": "2024-01-20T09:27:59.730302Z", "last_pushed": "2021-01-27T14:37:19.181863Z"}, {"architecture": "amd64", "features": "", "variant": null, "digest": "sha256:14583f8881ac17e96c736be39f6281d8344a2001af2aeaad695d011f623303f5", "os": "linux", "os_features": "", "os_version": null, "size": 23568604, "status": "active", "last_pulled": "2024-01-20T09:11:45.498511Z", "last_pushed": "2021-01-27T14:37:23.329738Z"}, {"architecture": "amd64", "features": "", "variant": null, "digest": "sha256:08d60c68441e79443bedf42faf2e51b2f75a7c24a8f916c4de442d8f9b70c6cf", "os": "linux", "os_features": "", "os_version": null, "size": 23617467, "status": "active", "last_pulled": "2024-01-20T08:58:50.528124Z", "last_pushed": "2021-01-27T14:37:27.730422Z"}, {"architecture": "amd64", "features": "", "variant": null, "digest": "sha256:c8b2ca0f39344b5705b1b9db32c3e627de8d63e156a61798a156bf5ce8dc9f8f", "os": "linux", "os_features": "", "os_version": null, "size": 25095723, "status": "active", "last_pulled": "2024-01-20T09:42:56.772022Z", "last_pushed": "2021-11-12T17:38:30.232718Z"}], "last_updated": "2022-02-17T18:42:20.006342Z", "last_updater": 601605, "last_updater_username": "rancheriodhci", "name": "v0.4.1", "repository": 6793203, "full_size": 25159526, "v2": true, "tag_status": "active", "tag_last_pulled": "2024-01-20T09:42:56.772022Z", "tag_last_pushed": "2022-02-17T18:42:20.006342Z", "media_type": "application/vnd.docker.distribution.manifest.list.v2+json", "content_type": "image"}, {"creator": 601605, "id": 177144721, "images": [{"architecture": "amd64", "features": "", "variant": null, "digest": "sha256:c8b2ca0f39344b5705b1b9db32c3e627de8d63e156a61798a156bf5ce8dc9f8f", "os": "linux", "os_features": "", "os_version": null, "size": 25095723, "status": "active", "last_pulled": "2024-01-20T09:42:56.772022Z", "last_pushed": "2021-11-12T17:38:30.232718Z"}], "last_updated": "2021-11-12T17:38:30.232718Z", "last_updater": 601605, "last_updater_username": "rancheriodhci", "name": "v0.4.1-s390x", "repository": 6793203, "full_size": 25095723, "v2": true, "tag_status": "active", "tag_last_pulled": "2024-01-20T09:42:56.772022Z", "tag_last_pushed": "2021-11-12T17:38:30.232718Z", "media_type": "application/vnd.docker.container.image.v1+json", "content_type": "image"}, {"creator": 601605, "id": 134968376, "images": [{"architecture": "amd64", "features": "", "variant": null, "digest": "sha256:08d60c68441e79443bedf42faf2e51b2f75a7c24a8f916c4de442d8f9b70c6cf", "os": "linux", "os_features": "", "os_version": null, "size": 23617467, "status": "active", "last_pulled": "2024-01-20T08:58:50.528124Z", "last_pushed": "2021-01-27T14:37:27.730422Z"}], "last_updated": "2021-01-27T14:37:27.730422Z", "last_updater": 601605, "last_updater_username": "rancheriodhci", "name": "v0.4.1-arm", "repository": 6793203, "full_size": 23617467, "v2": true, "tag_status": "active", "tag_last_pulled": "2024-01-20T08:58:50.528124Z", "tag_last_pushed": "2021-01-27T14:37:27.730422Z", "media_type": "application/vnd.docker.container.image.v1+json", "content_type": "image"}, {"creator": 601605, "id": 134968363, "images": [{"architecture": "amd64", "features": "", "variant": null, "digest": "sha256:14583f8881ac17e96c736be39f6281d8344a2001af2aeaad695d011f623303f5", "os": "linux", "os_features": "", "os_version": null, "size": 23568604, "status": "active", "last_pulled": "2024-01-20T09:11:45.498511Z", "last_pushed": "2021-01-27T14:37:23.329738Z"}], "last_updated": "2021-01-27T14:37:23.329738Z", "last_updater": 601605, "last_updater_username": "rancheriodhci", "name": "v0.4.1-arm64", "repository": 6793203, "full_size": 23568604, "v2": true, "tag_status": "active", "tag_last_pulled": "2024-01-20T09:11:45.498511Z", "tag_last_pushed": "2021-01-27T14:37:23.329738Z", "media_type": "application/vnd.docker.container.image.v1+json", "content_type": "image"}, {"creator": 601605, "id": 134968388, "images": [{"architecture": "amd64", "features": "", "variant": null, "digest": "sha256:2009bb9ca86e8bdfc035a37561cf062f3e051c35823a5481fbd13533ce402fac", "os": "linux", "os_features": "", "os_version": null, "size": 25159526, "status": "active", "last_pulled": "2024-01-20T09:27:59.730302Z", "last_pushed": "2021-01-27T14:37:19.181863Z"}], "last_updated": "2021-01-27T14:37:19.181863Z", "last_updater": 601605, "last_updater_username": "rancheriodhci", "name": "v0.4.1-amd64", "repository": 6793203, "full_size": 25159526, "v2": true, "tag_status": "active", "tag_last_pulled": "2024-01-20T09:27:59.730302Z", "tag_last_pushed": "2021-01-27T14:37:19.181863Z", "media_type": "application/vnd.docker.container.image.v1+json", "content_type": "image"}, {"creator": 139332, "id": 74554471, "images": [{"architecture": "amd64", "features": "", "variant": null, "digest": "sha256:c9c4e95068b51d6b33a9dccc61875df07dc650abbf4ac1a19d58b4628f89288b", "os": "linux", "os_features": "", "os_version": null, "size": 10540308, "status": "active", "last_pulled": "2024-01-20T09:13:59.265637Z", "last_pushed": null}, {"architecture": "arm64", "features": "", "variant": null, "digest": "sha256:448e86a5914d1de95741aaa71009dac84843e460c13b393fc157b7bc657c2fdf", "os": "linux", "os_features": "", "os_version": null, "size": 9862454, "status": "active", "last_pulled": "2024-01-20T09:05:44.694006Z", "last_pushed": null}, {"architecture": "arm", "features": "", "variant": null, "digest": "sha256:065a2b2824cf86e6deacdb4e81f77b1e14ad336db4012722d2d407605e275a9f", "os": "linux", "os_features": "", "os_version": null, "size": 10155227, "status": "active", "last_pulled": "2024-01-20T09:44:11.367434Z", "last_pushed": null}], "last_updated": "2019-12-12T16:07:54.834405Z", "last_updater": 139332, "last_updater_username": "cjellick", "name": "v0.3.6", "repository": 6793203, "full_size": 10540308, "v2": true, "tag_status": "active", "tag_last_pulled": "2024-01-20T09:44:11.367434Z", "tag_last_pushed": "2019-12-12T16:07:54.834405Z", "media_type": "application/vnd.docker.distribution.manifest.list.v2+json", "content_type": "image"}, {"creator": 139332, "id": 74554457, "images": [{"architecture": "amd64", "features": "", "variant": null, "digest": "sha256:065a2b2824cf86e6deacdb4e81f77b1e14ad336db4012722d2d407605e275a9f", "os": "linux", "os_features": "", "os_version": null, "size": 10155227, "status": "active", "last_pulled": "2024-01-20T09:44:11.367434Z", "last_pushed": null}], "last_updated": "2019-12-12T16:07:53.172542Z", "last_updater": 139332, "last_updater_username": "cjellick", "name": "v0.3.6-arm", "repository": 6793203, "full_size": 10155227, "v2": true, "tag_status": "active", "tag_last_pulled": "2024-01-20T09:44:11.367434Z", "tag_last_pushed": "2019-12-12T16:07:53.172542Z", "media_type": "application/vnd.docker.container.image.v1+json", "content_type": "image"}, {"creator": 139332, "id": 74554437, "images": [{"architecture": "amd64", "features": "", "variant": null, "digest": "sha256:448e86a5914d1de95741aaa71009dac84843e460c13b393fc157b7bc657c2fdf", "os": "linux", "os_features": "", "os_version": null, "size": 9862454, "status": "active", "last_pulled": "2024-01-20T09:05:44.694006Z", "last_pushed": null}], "last_updated": "2019-12-12T16:07:49.386685Z", "last_updater": 139332, "last_updater_username": "cjellick", "name": "v0.3.6-arm64", "repository": 6793203, "full_size": 9862454, "v2": true, "tag_status": "active", "tag_last_pulled": "2024-01-20T09:05:44.694006Z", "tag_last_pushed": "2019-12-12T16:07:49.386685Z", "media_type": "application/vnd.docker.container.image.v1+json", "content_type": "image"}, {"creator": 139332, "id": 74554409, "images": [{"architecture": "amd64", "features": "", "variant": null, "digest": "sha256:c9c4e95068b51d6b33a9dccc61875df07dc650abbf4ac1a19d58b4628f89288b", "os": "linux", "os_features": "", "os_version": null, "size": 10540308, "status": "active", "last_pulled": "2024-01-20T09:13:59.265637Z", "last_pushed": null}], "last_updated": "2019-12-12T16:07:47.554392Z", "last_updater": 139332, "last_updater_username": "cjellick", "name": "v0.3.6-amd64", "repository": 6793203, "full_size": 10540308, "v2": true, "tag_status": "active", "tag_last_pulled": "2024-01-20T09:13:59.265637Z", "tag_last_pushed": "2019-12-12T16:07:47.554392Z", "media_type": "application/vnd.docker.container.image.v1+json", "content_type": "image"}, {"creator": 424512, "id": 68862605, "images": [{"architecture": "arm64", "features": "", "variant": null, "digest": "sha256:47f2e1346b2eeec43480b5ac209fdaa91302340892c5a38ed0a1c9c508aea2f2", "os": "linux", "os_features": "", "os_version": null, "size": 9862290, "status": "active", "last_pulled": "2024-01-20T08:55:52.527828Z", "last_pushed": null}, {"architecture": "amd64", "features": "", "variant": null, "digest": "sha256:e51071a0670e003e3936190cfda74cfd6edaa39e0d16fc0b5a5f09dbf09dd1ff", "os": "linux", "os_features": "", "os_version": null, "size": 10540081, "status": "active", "last_pulled": "2024-01-20T08:48:45.460679Z", "last_pushed": null}], "last_updated": "2019-09-13T15:20:21.099446Z", "last_updater": 424512, "last_updater_username": "alena1108", "name": "v0.3.4", "repository": 6793203, "full_size": 10540081, "v2": true, "tag_status": "active", "tag_last_pulled": "2024-01-20T08:55:52.527828Z", "tag_last_pushed": "2019-09-13T15:20:21.099446Z", "media_type": "application/vnd.docker.distribution.manifest.list.v2+json", "content_type": "image"}, {"creator": 424512, "id": 68862599, "images": [{"architecture": "amd64", "features": "", "variant": null, "digest": "sha256:47f2e1346b2eeec43480b5ac209fdaa91302340892c5a38ed0a1c9c508aea2f2", "os": "linux", "os_features": "", "os_version": null, "size": 9862290, "status": "active", "last_pulled": "2024-01-20T08:55:52.527828Z", "last_pushed": null}], "last_updated": "2019-09-13T15:20:16.080057Z", "last_updater": 424512, "last_updater_username": "alena1108", "name": "v0.3.4-arm64", "repository": 6793203, "full_size": 9862290, "v2": true, "tag_status": "active", "tag_last_pulled": "2024-01-20T08:55:52.527828Z", "tag_last_pushed": "2019-09-13T15:20:16.080057Z", "media_type": "application/vnd.docker.container.image.v1+json", "content_type": "image"}, {"creator": 424512, "id": 68862577, "images": [{"architecture": "amd64", "features": "", "variant": null, "digest": "sha256:e51071a0670e003e3936190cfda74cfd6edaa39e0d16fc0b5a5f09dbf09dd1ff", "os": "linux", "os_features": "", "os_version": null, "size": 10540081, "status": "active", "last_pulled": "2024-01-20T08:48:45.460679Z", "last_pushed": null}], "last_updated": "2019-09-13T15:20:05.46185Z", "last_updater": 424512, "last_updater_username": "alena1108", "name": "v0.3.4-amd64", "repository": 6793203, "full_size": 10540081, "v2": true, "tag_status": "active", "tag_last_pulled": "2024-01-20T08:48:45.460679Z", "tag_last_pushed": "2019-09-13T15:20:05.46185Z", "media_type": "application/vnd.docker.container.image.v1+json", "content_type": "image"}, {"creator": 424512, "id": 59964649, "images": [{"architecture": "amd64", "features": "", "variant": null, "digest": "sha256:4ca116565ff6a46e582bada50ba3550f95b368db1d2415829241a565a6c38e2a", "os": "linux", "os_features": "", "os_version": null, "size": 10535987, "status": "active", "last_pulled": "2024-01-20T09:09:57.894768Z", "last_pushed": null}], "last_updated": "2019-06-24T21:57:53.364279Z", "last_updater": 424512, "last_updater_username": "alena1108", "name": "v0.3.3", "repository": 6793203, "full_size": 10535987, "v2": true, "tag_status": "active", "tag_last_pulled": "2024-01-20T09:09:57.894768Z", "tag_last_pushed": "2019-06-24T21:57:53.364279Z", "media_type": "application/vnd.docker.container.image.v1+json", "content_type": "image"}, {"creator": 139332, "id": 49079121, "images": [{"architecture": "amd64", "features": "", "variant": null, "digest": "sha256:78938f933822856f443e6827fe5b37d6cc2f74ae888ac8b33d06fdbe5f8c658b", "os": "linux", "os_features": "", "os_version": null, "size": 11071118, "status": "active", "last_pulled": "2024-01-20T09:09:46.280802Z", "last_pushed": null}, {"architecture": "arm64", "features": "", "variant": null, "digest": "sha256:b469165fac985f71a114a8fe1ce2642051115a0e4cd0adc7c6d4bf1aa88504bd", "os": "linux", "os_features": "", "os_version": null, "size": 10426603, "status": "active", "last_pulled": "2024-01-20T09:42:36.768173Z", "last_pushed": null}], "last_updated": "2019-03-08T00:15:17.891536Z", "last_updater": 139332, "last_updater_username": "cjellick", "name": "v0.3.1", "repository": 6793203, "full_size": 11071118, "v2": true, "tag_status": "active", "tag_last_pulled": "2024-01-20T09:42:36.768173Z", "tag_last_pushed": "2019-03-08T00:15:17.891536Z", "media_type": "application/vnd.docker.distribution.manifest.list.v2+json", "content_type": "image"}, {"creator": 139332, "id": 49079113, "images": [{"architecture": "amd64", "features": "", "variant": null, "digest": "sha256:b469165fac985f71a114a8fe1ce2642051115a0e4cd0adc7c6d4bf1aa88504bd", "os": "linux", "os_features": "", "os_version": null, "size": 10426603, "status": "active", "last_pulled": "2024-01-20T09:42:36.768173Z", "last_pushed": null}], "last_updated": "2019-03-08T00:15:13.154645Z", "last_updater": 139332, "last_updater_username": "cjellick", "name": "v0.3.1-arm64", "repository": 6793203, "full_size": 10426603, "v2": true, "tag_status": "active", "tag_last_pulled": "2024-01-20T09:42:36.768173Z", "tag_last_pushed": "2019-03-08T00:15:13.154645Z", "media_type": "application/vnd.docker.container.image.v1+json", "content_type": "image"}, {"creator": 139332, "id": 49079086, "images": [{"architecture": "amd64", "features": "", "variant": null, "digest": "sha256:78938f933822856f443e6827fe5b37d6cc2f74ae888ac8b33d06fdbe5f8c658b", "os": "linux", "os_features": "", "os_version": null, "size": 11071118, "status": "active", "last_pulled": "2024-01-20T09:09:46.280802Z", "last_pushed": null}], "last_updated": "2019-03-08T00:15:00.247091Z", "last_updater": 139332, "last_updater_username": "cjellick", "name": "v0.3.1-amd64", "repository": 6793203, "full_size": 11071118, "v2": true, "tag_status": "active", "tag_last_pulled": "2024-01-20T09:09:46.280802Z", "tag_last_pushed": "2019-03-08T00:15:00.247091Z", "media_type": "application/vnd.docker.container.image.v1+json", "content_type": "image"}]