[{"creator": 601605, "id": 199510006, "images": [{"architecture": "amd64", "features": "", "variant": null, "digest": "sha256:8ccb1f9af3db4c103a176f87e3db9d90050da5ae5387981316ac4ec72cd1c8a5", "os": "linux", "os_features": "", "os_version": null, "size": 17480023, "status": "active", "last_pulled": "2024-01-20T09:47:07.009961Z", "last_pushed": "2024-01-10T03:43:12.197998Z"}], "last_updated": "2024-01-10T03:43:12.197998Z", "last_updater": 601605, "last_updater_username": "rancheriodhci", "name": "master-head-amd64", "repository": 6098335, "full_size": 17480023, "v2": true, "tag_status": "active", "tag_last_pulled": "2024-01-20T09:47:07.009961Z", "tag_last_pushed": "2024-01-10T03:43:12.197998Z", "media_type": "application/vnd.docker.container.image.v1+json", "content_type": "image", "digest": "sha256:8ccb1f9af3db4c103a176f87e3db9d90050da5ae5387981316ac4ec72cd1c8a5"}, {"creator": 601605, "id": 199508826, "images": [{"architecture": "arm", "features": "", "variant": null, "digest": "sha256:01a58f685750b349bc34c50d48d910888ea694de77940e396d4eda8ee623bdcb", "os": "linux", "os_features": "", "os_version": null, "size": 16124792, "status": "active", "last_pulled": "2024-01-20T09:49:16.42461Z", "last_pushed": "2024-01-10T03:39:12.356756Z"}], "last_updated": "2024-01-10T03:39:12.356756Z", "last_updater": 601605, "last_updater_username": "rancheriodhci", "name": "master-head-arm", "repository": 6098335, "full_size": 16124792, "v2": true, "tag_status": "active", "tag_last_pulled": "2024-01-20T09:49:16.42461Z", "tag_last_pushed": "2024-01-10T03:39:12.356756Z", "media_type": "application/vnd.docker.container.image.v1+json", "content_type": "image", "digest": "sha256:01a58f685750b349bc34c50d48d910888ea694de77940e396d4eda8ee623bdcb"}, {"creator": 601605, "id": 199508273, "images": [{"architecture": "arm64", "features": "", "variant": "v8", "digest": "sha256:cb3a17a874a0a273bb4f1e0f8b348ff3403ea1ff5d3e7805d299ddae2b14e45f", "os": "linux", "os_features": "", "os_version": null, "size": 16238831, "status": "active", "last_pulled": "2024-01-20T09:49:16.765415Z", "last_pushed": "2024-01-10T03:36:46.008454Z"}], "last_updated": "2024-01-10T03:36:46.008454Z", "last_updater": 601605, "last_updater_username": "rancheriodhci", "name": "master-head-arm64", "repository": 6098335, "full_size": 16238831, "v2": true, "tag_status": "active", "tag_last_pulled": "2024-01-20T09:49:16.765415Z", "tag_last_pushed": "2024-01-10T03:36:46.008454Z", "media_type": "application/vnd.docker.container.image.v1+json", "content_type": "image", "digest": "sha256:cb3a17a874a0a273bb4f1e0f8b348ff3403ea1ff5d3e7805d299ddae2b14e45f"}, {"creator": 601605, "id": 199510042, "images": [{"architecture": "amd64", "features": "", "variant": null, "digest": "sha256:2b23877d4595eac2903c9ec1712a2579b784c20481fced683d2b0cef8d8c7be9", "os": "linux", "os_features": "", "os_version": null, "size": 17175969, "status": "active", "last_pulled": "2024-01-20T08:51:16.462242Z", "last_pushed": "2023-12-03T01:09:11.245704Z"}, {"architecture": "arm64", "features": "", "variant": "v8", "digest": "sha256:ba4c3080b7515ef9140242260e4658551f94af14c0844c19a3e3aee69bf166e2", "os": "linux", "os_features": "", "os_version": null, "size": 15927811, "status": "active", "last_pulled": "2024-01-20T01:16:35.921138Z", "last_pushed": "2023-12-03T00:58:43.069182Z"}, {"architecture": "arm", "features": "", "variant": null, "digest": "sha256:54cec96de6f7769902671b9b5705582c296bebd37e8316d13f23c84879209191", "os": "linux", "os_features": "", "os_version": null, "size": 15873092, "status": "active", "last_pulled": "2024-01-11T23:58:11.242879Z", "last_pushed": "2023-12-03T01:03:47.872701Z"}, {"architecture": "s390x", "features": "", "variant": null, "digest": "sha256:3fbe8f9796968d19da6f5e526aad2c53eebcc1b1e907e3355586daa9d9860777", "os": "linux", "os_features": "", "os_version": null, "size": 16401118, "status": "active", "last_pulled": "2024-01-20T09:47:37.048443Z", "last_pushed": "2023-12-03T00:58:29.092218Z"}], "last_updated": "2023-12-03T01:09:19.70028Z", "last_updater": 601605, "last_updater_username": "rancheriodhci", "name": "master-head", "repository": 6098335, "full_size": 17175969, "v2": true, "tag_status": "active", "tag_last_pulled": "2024-01-20T09:47:37.048443Z", "tag_last_pushed": "2023-12-03T01:09:19.70028Z", "media_type": "application/vnd.docker.distribution.manifest.list.v2+json", "content_type": "image", "digest": "sha256:ad40581f52bc1b8717ddfae5a33257110f11698a11751a95afc48e62d35abefc"}, {"creator": 601605, "id": 559918813, "images": [{"architecture": "amd64", "features": "", "variant": null, "digest": "sha256:9325057706239e408ed417b19356cd892ee67b046ee08ff11798777d67288bd5", "os": "linux", "os_features": "", "os_version": null, "size": 17175983, "status": "active", "last_pulled": "2024-01-20T09:15:16.645134Z", "last_pushed": "2023-12-03T01:06:30.725557Z"}, {"architecture": "arm64", "features": "", "variant": "v8", "digest": "sha256:5402f6afca9e5db9310553cc6bfd17bb4634e70172d82ce59bab240e409d9369", "os": "linux", "os_features": "", "os_version": null, "size": 15927825, "status": "active", "last_pulled": "2024-01-20T09:15:17.676649Z", "last_pushed": "2023-12-03T00:57:02.041938Z"}, {"architecture": "arm", "features": "", "variant": null, "digest": "sha256:a71b2ab72c70352586013b6544050b774e7952582a216bf6a3a31d520ef52daf", "os": "linux", "os_features": "", "os_version": null, "size": 15873090, "status": "active", "last_pulled": "2024-01-20T09:15:17.027135Z", "last_pushed": "2023-12-03T00:59:38.558722Z"}, {"architecture": "s390x", "features": "", "variant": null, "digest": "sha256:b46044c6533c0ebe4a37554eb127af1d9a5921d87d7fb6a6dd2ec2e4a7cf7b34", "os": "linux", "os_features": "", "os_version": null, "size": 16401120, "status": "active", "last_pulled": "2024-01-20T09:15:18.034297Z", "last_pushed": "2023-12-03T00:55:07.839826Z"}], "last_updated": "2023-12-03T01:06:40.379916Z", "last_updater": 601605, "last_updater_username": "rancheriodhci", "name": "v0.0.26", "repository": 6098335, "full_size": 17175983, "v2": true, "tag_status": "active", "tag_last_pulled": "2024-01-20T09:49:17.383266Z", "tag_last_pushed": "2023-12-03T01:06:40.379916Z", "media_type": "application/vnd.docker.distribution.manifest.list.v2+json", "content_type": "image", "digest": "sha256:aee53cadc62bd023911e7f077877d047c5b3c269f9bba25724d558654f43cea0"}, {"creator": 601605, "id": 559918719, "images": [{"architecture": "amd64", "features": "", "variant": null, "digest": "sha256:9325057706239e408ed417b19356cd892ee67b046ee08ff11798777d67288bd5", "os": "linux", "os_features": "", "os_version": null, "size": 17175983, "status": "active", "last_pulled": "2024-01-20T09:15:16.645134Z", "last_pushed": "2023-12-03T01:06:30.725557Z"}], "last_updated": "2023-12-03T01:06:30.814503Z", "last_updater": 601605, "last_updater_username": "rancheriodhci", "name": "v0.0.26-amd64", "repository": 6098335, "full_size": 17175983, "v2": true, "tag_status": "active", "tag_last_pulled": "2024-01-20T09:15:16.645134Z", "tag_last_pushed": "2023-12-03T01:06:30.814503Z", "media_type": "application/vnd.docker.container.image.v1+json", "content_type": "image", "digest": "sha256:9325057706239e408ed417b19356cd892ee67b046ee08ff11798777d67288bd5"}, {"creator": 601605, "id": 559912672, "images": [{"architecture": "arm", "features": "", "variant": null, "digest": "sha256:a71b2ab72c70352586013b6544050b774e7952582a216bf6a3a31d520ef52daf", "os": "linux", "os_features": "", "os_version": null, "size": 15873090, "status": "active", "last_pulled": "2024-01-20T09:15:17.027135Z", "last_pushed": "2023-12-03T00:59:38.558722Z"}], "last_updated": "2023-12-03T00:59:38.664925Z", "last_updater": 601605, "last_updater_username": "rancheriodhci", "name": "v0.0.26-arm", "repository": 6098335, "full_size": 15873090, "v2": true, "tag_status": "active", "tag_last_pulled": "2024-01-20T09:15:17.027135Z", "tag_last_pushed": "2023-12-03T00:59:38.664925Z", "media_type": "application/vnd.docker.container.image.v1+json", "content_type": "image", "digest": "sha256:a71b2ab72c70352586013b6544050b774e7952582a216bf6a3a31d520ef52daf"}, {"creator": 601605, "id": 199507728, "images": [{"architecture": "s390x", "features": "", "variant": null, "digest": "sha256:3fbe8f9796968d19da6f5e526aad2c53eebcc1b1e907e3355586daa9d9860777", "os": "linux", "os_features": "", "os_version": null, "size": 16401118, "status": "active", "last_pulled": "2024-01-20T09:47:37.048443Z", "last_pushed": "2023-12-03T00:58:29.092218Z"}], "last_updated": "2023-12-03T00:58:29.092218Z", "last_updater": 601605, "last_updater_username": "rancheriodhci", "name": "master-head-s390x", "repository": 6098335, "full_size": 16401118, "v2": true, "tag_status": "active", "tag_last_pulled": "2024-01-20T09:47:37.048443Z", "tag_last_pushed": "2023-12-03T00:58:29.092218Z", "media_type": "application/vnd.docker.container.image.v1+json", "content_type": "image", "digest": "sha256:3fbe8f9796968d19da6f5e526aad2c53eebcc1b1e907e3355586daa9d9860777"}, {"creator": 601605, "id": 559910563, "images": [{"architecture": "arm64", "features": "", "variant": "v8", "digest": "sha256:5402f6afca9e5db9310553cc6bfd17bb4634e70172d82ce59bab240e409d9369", "os": "linux", "os_features": "", "os_version": null, "size": 15927825, "status": "active", "last_pulled": "2024-01-20T09:15:17.676649Z", "last_pushed": "2023-12-03T00:57:02.041938Z"}], "last_updated": "2023-12-03T00:57:02.27177Z", "last_updater": 601605, "last_updater_username": "rancheriodhci", "name": "v0.0.26-arm64", "repository": 6098335, "full_size": 15927825, "v2": true, "tag_status": "active", "tag_last_pulled": "2024-01-20T09:15:17.676649Z", "tag_last_pushed": "2023-12-03T00:57:02.27177Z", "media_type": "application/vnd.docker.container.image.v1+json", "content_type": "image", "digest": "sha256:5402f6afca9e5db9310553cc6bfd17bb4634e70172d82ce59bab240e409d9369"}, {"creator": 601605, "id": 559908257, "images": [{"architecture": "s390x", "features": "", "variant": null, "digest": "sha256:b46044c6533c0ebe4a37554eb127af1d9a5921d87d7fb6a6dd2ec2e4a7cf7b34", "os": "linux", "os_features": "", "os_version": null, "size": 16401120, "status": "active", "last_pulled": "2024-01-20T09:15:18.034297Z", "last_pushed": "2023-12-03T00:55:07.839826Z"}], "last_updated": "2023-12-03T00:55:08.025141Z", "last_updater": 601605, "last_updater_username": "rancheriodhci", "name": "v0.0.26-s390x", "repository": 6098335, "full_size": 16401120, "v2": true, "tag_status": "active", "tag_last_pulled": "2024-01-20T09:15:18.034297Z", "tag_last_pushed": "2023-12-03T00:55:08.025141Z", "media_type": "application/vnd.docker.container.image.v1+json", "content_type": "image", "digest": "sha256:b46044c6533c0ebe4a37554eb127af1d9a5921d87d7fb6a6dd2ec2e4a7cf7b34"}, {"creator": 601605, "id": 200272092, "images": [{"architecture": "amd64", "features": "", "variant": null, "digest": "sha256:b8bd4229b677565344faa51fff7b952ecc1cefb14115f7fe1378819e8ac3d1d4", "os": "linux", "os_features": "", "os_version": null, "size": 17175965, "status": "active", "last_pulled": "2024-01-20T09:49:20.356842Z", "last_pushed": "2023-12-02T15:21:06.124096Z"}, {"architecture": "arm64", "features": "", "variant": "v8", "digest": "sha256:03f6385e5c97a05042175bcc30877233b2d8fa234130d8d91068c19fdcb2f9c8", "os": "linux", "os_features": "", "os_version": null, "size": 15927814, "status": "active", "last_pulled": "2024-01-20T09:49:21.272475Z", "last_pushed": "2023-12-02T15:10:36.530193Z"}, {"architecture": "arm", "features": "", "variant": null, "digest": "sha256:07ed7f265bfa1e44860fb8c5fc6c96d6706c01df37f861408c323a674cdc913b", "os": "linux", "os_features": "", "os_version": null, "size": 15873100, "status": "active", "last_pulled": "2024-01-20T09:49:20.868522Z", "last_pushed": "2023-12-02T15:13:37.96061Z"}, {"architecture": "s390x", "features": "", "variant": null, "digest": "sha256:1cfb800e4114aa560731502aca5eb4fff707698ff728c26b9cc4a818cc0d603f", "os": "linux", "os_features": "", "os_version": null, "size": 16401126, "status": "active", "last_pulled": "2024-01-20T09:49:19.998833Z", "last_pushed": "2023-12-02T15:39:49.399412Z"}], "last_updated": "2023-12-02T15:41:45.58723Z", "last_updater": 601605, "last_updater_username": "rancheriodhci", "name": "v0.0.x-head", "repository": 6098335, "full_size": 17175965, "v2": true, "tag_status": "active", "tag_last_pulled": "2024-01-20T09:49:21.272475Z", "tag_last_pushed": "2023-12-02T15:41:45.58723Z", "media_type": "application/vnd.docker.distribution.manifest.list.v2+json", "content_type": "image", "digest": "sha256:1f7fcc6eb82b9f51413989d1073dd8c2ba74b443772f681747e3221af6202607"}, {"creator": 601605, "id": 200270486, "images": [{"architecture": "s390x", "features": "", "variant": null, "digest": "sha256:1cfb800e4114aa560731502aca5eb4fff707698ff728c26b9cc4a818cc0d603f", "os": "linux", "os_features": "", "os_version": null, "size": 16401126, "status": "active", "last_pulled": "2024-01-20T09:49:19.998833Z", "last_pushed": "2023-12-02T15:39:49.399412Z"}], "last_updated": "2023-12-02T15:39:49.399412Z", "last_updater": 601605, "last_updater_username": "rancheriodhci", "name": "v0.0.x-head-s390x", "repository": 6098335, "full_size": 16401126, "v2": true, "tag_status": "active", "tag_last_pulled": "2024-01-20T09:49:19.998833Z", "tag_last_pushed": "2023-12-02T15:39:49.399412Z", "media_type": "application/vnd.docker.container.image.v1+json", "content_type": "image", "digest": "sha256:1cfb800e4114aa560731502aca5eb4fff707698ff728c26b9cc4a818cc0d603f"}, {"creator": 601605, "id": 200272062, "images": [{"architecture": "amd64", "features": "", "variant": null, "digest": "sha256:b8bd4229b677565344faa51fff7b952ecc1cefb14115f7fe1378819e8ac3d1d4", "os": "linux", "os_features": "", "os_version": null, "size": 17175965, "status": "active", "last_pulled": "2024-01-20T09:49:20.356842Z", "last_pushed": "2023-12-02T15:21:06.124096Z"}], "last_updated": "2023-12-02T15:21:06.124096Z", "last_updater": 601605, "last_updater_username": "rancheriodhci", "name": "v0.0.x-head-amd64", "repository": 6098335, "full_size": 17175965, "v2": true, "tag_status": "active", "tag_last_pulled": "2024-01-20T09:49:20.356842Z", "tag_last_pushed": "2023-12-02T15:21:06.124096Z", "media_type": "application/vnd.docker.container.image.v1+json", "content_type": "image", "digest": "sha256:b8bd4229b677565344faa51fff7b952ecc1cefb14115f7fe1378819e8ac3d1d4"}, {"creator": 601605, "id": 200271078, "images": [{"architecture": "arm", "features": "", "variant": null, "digest": "sha256:07ed7f265bfa1e44860fb8c5fc6c96d6706c01df37f861408c323a674cdc913b", "os": "linux", "os_features": "", "os_version": null, "size": 15873100, "status": "active", "last_pulled": "2024-01-20T09:49:20.868522Z", "last_pushed": "2023-12-02T15:13:37.96061Z"}], "last_updated": "2023-12-02T15:13:37.96061Z", "last_updater": 601605, "last_updater_username": "rancheriodhci", "name": "v0.0.x-head-arm", "repository": 6098335, "full_size": 15873100, "v2": true, "tag_status": "active", "tag_last_pulled": "2024-01-20T09:49:20.868522Z", "tag_last_pushed": "2023-12-02T15:13:37.96061Z", "media_type": "application/vnd.docker.container.image.v1+json", "content_type": "image", "digest": "sha256:07ed7f265bfa1e44860fb8c5fc6c96d6706c01df37f861408c323a674cdc913b"}, {"creator": 601605, "id": 200270764, "images": [{"architecture": "arm64", "features": "", "variant": "v8", "digest": "sha256:03f6385e5c97a05042175bcc30877233b2d8fa234130d8d91068c19fdcb2f9c8", "os": "linux", "os_features": "", "os_version": null, "size": 15927814, "status": "active", "last_pulled": "2024-01-20T09:49:21.272475Z", "last_pushed": "2023-12-02T15:10:36.530193Z"}], "last_updated": "2023-12-02T15:10:36.530193Z", "last_updater": 601605, "last_updater_username": "rancheriodhci", "name": "v0.0.x-head-arm64", "repository": 6098335, "full_size": 15927814, "v2": true, "tag_status": "active", "tag_last_pulled": "2024-01-20T09:49:21.272475Z", "tag_last_pushed": "2023-12-02T15:10:36.530193Z", "media_type": "application/vnd.docker.container.image.v1+json", "content_type": "image", "digest": "sha256:03f6385e5c97a05042175bcc30877233b2d8fa234130d8d91068c19fdcb2f9c8"}, {"creator": 601605, "id": 551782124, "images": [{"architecture": "amd64", "features": "", "variant": null, "digest": "sha256:357d5656e61330bcc5562a5bbb86d5537378e92858313081802bc7ec0ed29d64", "os": "linux", "os_features": "", "os_version": null, "size": 15757267, "status": "active", "last_pulled": "2024-01-20T09:15:20.838074Z", "last_pushed": "2023-11-20T02:12:59.747189Z"}, {"architecture": "arm64", "features": "", "variant": "v8", "digest": "sha256:72394c84606a623533516c42650301a6d2c158d0001b830db6094c5ed596dac4", "os": "linux", "os_features": "", "os_version": null, "size": 14705262, "status": "active", "last_pulled": "2024-01-20T09:49:22.73122Z", "last_pushed": "2023-11-20T02:03:39.105674Z"}, {"architecture": "arm", "features": "", "variant": null, "digest": "sha256:2f3e13cdf35bb93044e80b84c29dd0af4b4efbb8c9ebeaa4053b67a420ca9931", "os": "linux", "os_features": "", "os_version": null, "size": 14569330, "status": "active", "last_pulled": "2024-01-20T09:49:22.347262Z", "last_pushed": "2023-11-20T02:04:34.420521Z"}, {"architecture": "s390x", "features": "", "variant": null, "digest": "sha256:426fbf26c0b28bcfa718b33dd4e4319abf427f6b296af62db1ceab11174edc0a", "os": "linux", "os_features": "", "os_version": null, "size": 14901110, "status": "active", "last_pulled": "2024-01-20T09:49:23.087179Z", "last_pushed": "2023-11-20T01:59:54.651301Z"}], "last_updated": "2023-11-20T02:13:07.43187Z", "last_updater": 601605, "last_updater_username": "rancheriodhci", "name": "v0.0.25", "repository": 6098335, "full_size": 15757267, "v2": true, "tag_status": "active", "tag_last_pulled": "2024-01-20T09:49:23.087179Z", "tag_last_pushed": "2023-11-20T02:13:07.43187Z", "media_type": "application/vnd.docker.distribution.manifest.list.v2+json", "content_type": "image", "digest": "sha256:ae8bbedd61a2c1d12381e837751a0f69bbf13ce7cbd5808b586a92232579393d"}, {"creator": 601605, "id": 551782082, "images": [{"architecture": "amd64", "features": "", "variant": null, "digest": "sha256:357d5656e61330bcc5562a5bbb86d5537378e92858313081802bc7ec0ed29d64", "os": "linux", "os_features": "", "os_version": null, "size": 15757267, "status": "active", "last_pulled": "2024-01-20T09:15:20.838074Z", "last_pushed": "2023-11-20T02:12:59.747189Z"}], "last_updated": "2023-11-20T02:12:59.851567Z", "last_updater": 601605, "last_updater_username": "rancheriodhci", "name": "v0.0.25-amd64", "repository": 6098335, "full_size": 15757267, "v2": true, "tag_status": "active", "tag_last_pulled": "2024-01-20T09:15:20.838074Z", "tag_last_pushed": "2023-11-20T02:12:59.851567Z", "media_type": "application/vnd.docker.container.image.v1+json", "content_type": "image", "digest": "sha256:357d5656e61330bcc5562a5bbb86d5537378e92858313081802bc7ec0ed29d64"}, {"creator": 601605, "id": 551780152, "images": [{"architecture": "arm", "features": "", "variant": null, "digest": "sha256:2f3e13cdf35bb93044e80b84c29dd0af4b4efbb8c9ebeaa4053b67a420ca9931", "os": "linux", "os_features": "", "os_version": null, "size": 14569330, "status": "active", "last_pulled": "2024-01-20T09:49:22.347262Z", "last_pushed": "2023-11-20T02:04:34.420521Z"}], "last_updated": "2023-11-20T02:04:34.525479Z", "last_updater": 601605, "last_updater_username": "rancheriodhci", "name": "v0.0.25-arm", "repository": 6098335, "full_size": 14569330, "v2": true, "tag_status": "active", "tag_last_pulled": "2024-01-20T09:49:22.347262Z", "tag_last_pushed": "2023-11-20T02:04:34.525479Z", "media_type": "application/vnd.docker.container.image.v1+json", "content_type": "image", "digest": "sha256:2f3e13cdf35bb93044e80b84c29dd0af4b4efbb8c9ebeaa4053b67a420ca9931"}, {"creator": 601605, "id": 551779847, "images": [{"architecture": "arm64", "features": "", "variant": "v8", "digest": "sha256:72394c84606a623533516c42650301a6d2c158d0001b830db6094c5ed596dac4", "os": "linux", "os_features": "", "os_version": null, "size": 14705262, "status": "active", "last_pulled": "2024-01-20T09:49:22.73122Z", "last_pushed": "2023-11-20T02:03:39.105674Z"}], "last_updated": "2023-11-20T02:03:39.201464Z", "last_updater": 601605, "last_updater_username": "rancheriodhci", "name": "v0.0.25-arm64", "repository": 6098335, "full_size": 14705262, "v2": true, "tag_status": "active", "tag_last_pulled": "2024-01-20T09:49:22.73122Z", "tag_last_pushed": "2023-11-20T02:03:39.201464Z", "media_type": "application/vnd.docker.container.image.v1+json", "content_type": "image", "digest": "sha256:72394c84606a623533516c42650301a6d2c158d0001b830db6094c5ed596dac4"}, {"creator": 601605, "id": 551778245, "images": [{"architecture": "s390x", "features": "", "variant": null, "digest": "sha256:426fbf26c0b28bcfa718b33dd4e4319abf427f6b296af62db1ceab11174edc0a", "os": "linux", "os_features": "", "os_version": null, "size": 14901110, "status": "active", "last_pulled": "2024-01-20T09:49:23.087179Z", "last_pushed": "2023-11-20T01:59:54.651301Z"}], "last_updated": "2023-11-20T01:59:54.736399Z", "last_updater": 601605, "last_updater_username": "rancheriodhci", "name": "v0.0.25-s390x", "repository": 6098335, "full_size": 14901110, "v2": true, "tag_status": "active", "tag_last_pulled": "2024-01-20T09:49:23.087179Z", "tag_last_pushed": "2023-11-20T01:59:54.736399Z", "media_type": "application/vnd.docker.container.image.v1+json", "content_type": "image", "digest": "sha256:426fbf26c0b28bcfa718b33dd4e4319abf427f6b296af62db1ceab11174edc0a"}, {"creator": 601605, "id": 408986861, "images": [{"architecture": "amd64", "features": "", "variant": null, "digest": "sha256:b7dea5221f06f6feed7788db0ad6b024a433c8f55533bd6cc792dc2079ff9ad2", "os": "linux", "os_features": "", "os_version": null, "size": 14881506, "status": "active", "last_pulled": "2024-01-20T09:26:12.470394Z", "last_pushed": "2023-03-23T03:27:55.264692Z"}, {"architecture": "arm64", "features": "", "variant": "v8", "digest": "sha256:4397c18a33dce22f6f6cd4cb37836285a4f81d74c033054f6cdcb41c5dc4181a", "os": "linux", "os_features": "", "os_version": null, "size": 13878049, "status": "active", "last_pulled": "2024-01-20T09:20:44.553575Z", "last_pushed": "2023-03-23T03:18:38.316083Z"}, {"architecture": "arm", "features": "", "variant": null, "digest": "sha256:601dfd8ee2290da8ad0e07c9c97b31e4cdcefd9cacce67110a29f9fd0bbed197", "os": "linux", "os_features": "", "os_version": null, "size": 13615920, "status": "active", "last_pulled": "2024-01-20T09:10:52.897622Z", "last_pushed": "2023-03-23T03:21:09.337051Z"}, {"architecture": "s390x", "features": "", "variant": null, "digest": "sha256:9fc77f9b7a03b7bec7b36fff8c0b13a8ff9e8e9ca86de94f83c26d5e5700563d", "os": "linux", "os_features": "", "os_version": null, "size": 13902422, "status": "active", "last_pulled": "2024-01-20T09:10:53.019033Z", "last_pushed": "2023-03-23T03:33:32.695749Z"}], "last_updated": "2023-03-23T03:34:32.930344Z", "last_updater": 601605, "last_updater_username": "rancheriodhci", "name": "v0.0.24", "repository": 6098335, "full_size": 14881506, "v2": true, "tag_status": "active", "tag_last_pulled": "2024-01-20T09:47:31.319831Z", "tag_last_pushed": "2023-03-23T03:34:32.930344Z", "media_type": "application/vnd.docker.distribution.manifest.list.v2+json", "content_type": "image", "digest": "sha256:5bb33992a4ec3034c28b5e0b3c4c2ac35d3613b25b79455eb4b1a95adc82cdc0"}, {"creator": 601605, "id": 408977654, "images": [{"architecture": "s390x", "features": "", "variant": null, "digest": "sha256:9fc77f9b7a03b7bec7b36fff8c0b13a8ff9e8e9ca86de94f83c26d5e5700563d", "os": "linux", "os_features": "", "os_version": null, "size": 13902422, "status": "active", "last_pulled": "2024-01-20T09:10:53.019033Z", "last_pushed": "2023-03-23T03:33:32.695749Z"}], "last_updated": "2023-03-23T03:33:32.695749Z", "last_updater": 601605, "last_updater_username": "rancheriodhci", "name": "v0.0.24-s390x", "repository": 6098335, "full_size": 13902422, "v2": true, "tag_status": "active", "tag_last_pulled": "2024-01-20T09:10:53.019033Z", "tag_last_pushed": "2023-03-23T03:33:32.695749Z", "media_type": "application/vnd.docker.container.image.v1+json", "content_type": "image", "digest": "sha256:9fc77f9b7a03b7bec7b36fff8c0b13a8ff9e8e9ca86de94f83c26d5e5700563d"}, {"creator": 601605, "id": 408978434, "images": [{"architecture": "amd64", "features": "", "variant": null, "digest": "sha256:b7dea5221f06f6feed7788db0ad6b024a433c8f55533bd6cc792dc2079ff9ad2", "os": "linux", "os_features": "", "os_version": null, "size": 14881506, "status": "active", "last_pulled": "2024-01-20T09:26:12.470394Z", "last_pushed": "2023-03-23T03:27:55.264692Z"}], "last_updated": "2023-03-23T03:27:55.264692Z", "last_updater": 601605, "last_updater_username": "rancheriodhci", "name": "v0.0.24-amd64", "repository": 6098335, "full_size": 14881506, "v2": true, "tag_status": "active", "tag_last_pulled": "2024-01-20T09:26:12.470394Z", "tag_last_pushed": "2023-03-23T03:27:55.264692Z", "media_type": "application/vnd.docker.container.image.v1+json", "content_type": "image", "digest": "sha256:b7dea5221f06f6feed7788db0ad6b024a433c8f55533bd6cc792dc2079ff9ad2"}, {"creator": 601605, "id": 408983606, "images": [{"architecture": "arm", "features": "", "variant": null, "digest": "sha256:601dfd8ee2290da8ad0e07c9c97b31e4cdcefd9cacce67110a29f9fd0bbed197", "os": "linux", "os_features": "", "os_version": null, "size": 13615920, "status": "active", "last_pulled": "2024-01-20T09:10:52.897622Z", "last_pushed": "2023-03-23T03:21:09.337051Z"}], "last_updated": "2023-03-23T03:21:09.469919Z", "last_updater": 601605, "last_updater_username": "rancheriodhci", "name": "v0.0.24-arm", "repository": 6098335, "full_size": 13615920, "v2": true, "tag_status": "active", "tag_last_pulled": "2024-01-20T09:10:52.897622Z", "tag_last_pushed": "2023-03-23T03:21:09.469919Z", "media_type": "application/vnd.docker.container.image.v1+json", "content_type": "image", "digest": "sha256:601dfd8ee2290da8ad0e07c9c97b31e4cdcefd9cacce67110a29f9fd0bbed197"}, {"creator": 601605, "id": 408976802, "images": [{"architecture": "arm64", "features": "", "variant": "v8", "digest": "sha256:4397c18a33dce22f6f6cd4cb37836285a4f81d74c033054f6cdcb41c5dc4181a", "os": "linux", "os_features": "", "os_version": null, "size": 13878049, "status": "active", "last_pulled": "2024-01-20T09:20:44.553575Z", "last_pushed": "2023-03-23T03:18:38.316083Z"}], "last_updated": "2023-03-23T03:18:38.316083Z", "last_updater": 601605, "last_updater_username": "rancheriodhci", "name": "v0.0.24-arm64", "repository": 6098335, "full_size": 13878049, "v2": true, "tag_status": "active", "tag_last_pulled": "2024-01-20T09:20:44.553575Z", "tag_last_pushed": "2023-03-23T03:18:38.316083Z", "media_type": "application/vnd.docker.container.image.v1+json", "content_type": "image", "digest": "sha256:4397c18a33dce22f6f6cd4cb37836285a4f81d74c033054f6cdcb41c5dc4181a"}, {"creator": 601605, "id": 316263084, "images": [{"architecture": "amd64", "features": "", "variant": null, "digest": "sha256:28d2ba23942b3eab7bc9c1d21abe645e903063e0ab333f02139d7c7b5d983a52", "os": "linux", "os_features": "", "os_version": null, "size": 13894852, "status": "active", "last_pulled": "2024-01-20T09:04:47.229991Z", "last_pushed": "2022-10-25T11:46:26.779427Z"}, {"architecture": "arm64", "features": "", "variant": "v8", "digest": "sha256:89492f27530ee8c5feadb768bdb7ad640537d1332fe0ca384c1895609117a051", "os": "linux", "os_features": "", "os_version": null, "size": 12812021, "status": "active", "last_pulled": "2024-01-20T09:23:37.436545Z", "last_pushed": "2022-10-25T11:41:01.748815Z"}, {"architecture": "arm", "features": "", "variant": null, "digest": "sha256:3ec812155196343fac924d0c306e2a7420f2eef91c178ef093e91567d2528ea1", "os": "linux", "os_features": "", "os_version": null, "size": 12669163, "status": "active", "last_pulled": "2024-01-20T09:49:26.173878Z", "last_pushed": "2022-10-25T11:43:12.48192Z"}, {"architecture": "s390x", "features": "", "variant": null, "digest": "sha256:dd3592676723e6d71a0ec934c6775364650dd5cc6514e6903b8da27b2e404e0f", "os": "linux", "os_features": "", "os_version": null, "size": 12702244, "status": "active", "last_pulled": "2024-01-20T09:49:26.830423Z", "last_pushed": "2022-10-25T11:38:55.997857Z"}], "last_updated": "2022-10-25T11:46:33.434988Z", "last_updater": 601605, "last_updater_username": "rancheriodhci", "name": "v0.0.23", "repository": 6098335, "full_size": 13894852, "v2": true, "tag_status": "active", "tag_last_pulled": "2024-01-20T09:49:26.830423Z", "tag_last_pushed": "2022-10-25T11:46:33.434988Z", "media_type": "application/vnd.docker.distribution.manifest.list.v2+json", "content_type": "image", "digest": "sha256:db1a3225290dd8be481a1965fc7040954d0aa0e1f86a77c92816d7c62a02ae5c"}, {"creator": 601605, "id": 316263019, "images": [{"architecture": "amd64", "features": "", "variant": null, "digest": "sha256:28d2ba23942b3eab7bc9c1d21abe645e903063e0ab333f02139d7c7b5d983a52", "os": "linux", "os_features": "", "os_version": null, "size": 13894852, "status": "active", "last_pulled": "2024-01-20T09:04:47.229991Z", "last_pushed": "2022-10-25T11:46:26.779427Z"}], "last_updated": "2022-10-25T11:46:26.890288Z", "last_updater": 601605, "last_updater_username": "rancheriodhci", "name": "v0.0.23-amd64", "repository": 6098335, "full_size": 13894852, "v2": true, "tag_status": "active", "tag_last_pulled": "2024-01-20T09:04:47.229991Z", "tag_last_pushed": "2022-10-25T11:46:26.890288Z", "media_type": "application/vnd.docker.container.image.v1+json", "content_type": "image", "digest": "sha256:28d2ba23942b3eab7bc9c1d21abe645e903063e0ab333f02139d7c7b5d983a52"}, {"creator": 601605, "id": 316260813, "images": [{"architecture": "arm", "features": "", "variant": null, "digest": "sha256:3ec812155196343fac924d0c306e2a7420f2eef91c178ef093e91567d2528ea1", "os": "linux", "os_features": "", "os_version": null, "size": 12669163, "status": "active", "last_pulled": "2024-01-20T09:49:26.173878Z", "last_pushed": "2022-10-25T11:43:12.48192Z"}], "last_updated": "2022-10-25T11:43:12.599771Z", "last_updater": 601605, "last_updater_username": "rancheriodhci", "name": "v0.0.23-arm", "repository": 6098335, "full_size": 12669163, "v2": true, "tag_status": "active", "tag_last_pulled": "2024-01-20T09:49:26.173878Z", "tag_last_pushed": "2022-10-25T11:43:12.599771Z", "media_type": "application/vnd.docker.container.image.v1+json", "content_type": "image", "digest": "sha256:3ec812155196343fac924d0c306e2a7420f2eef91c178ef093e91567d2528ea1"}, {"creator": 601605, "id": 316259680, "images": [{"architecture": "arm64", "features": "", "variant": "v8", "digest": "sha256:89492f27530ee8c5feadb768bdb7ad640537d1332fe0ca384c1895609117a051", "os": "linux", "os_features": "", "os_version": null, "size": 12812021, "status": "active", "last_pulled": "2024-01-20T09:23:37.436545Z", "last_pushed": "2022-10-25T11:41:01.748815Z"}], "last_updated": "2022-10-25T11:41:01.866493Z", "last_updater": 601605, "last_updater_username": "rancheriodhci", "name": "v0.0.23-arm64", "repository": 6098335, "full_size": 12812021, "v2": true, "tag_status": "active", "tag_last_pulled": "2024-01-20T09:23:37.436545Z", "tag_last_pushed": "2022-10-25T11:41:01.866493Z", "media_type": "application/vnd.docker.container.image.v1+json", "content_type": "image", "digest": "sha256:89492f27530ee8c5feadb768bdb7ad640537d1332fe0ca384c1895609117a051"}, {"creator": 601605, "id": 316258635, "images": [{"architecture": "s390x", "features": "", "variant": null, "digest": "sha256:dd3592676723e6d71a0ec934c6775364650dd5cc6514e6903b8da27b2e404e0f", "os": "linux", "os_features": "", "os_version": null, "size": 12702244, "status": "active", "last_pulled": "2024-01-20T09:49:26.830423Z", "last_pushed": "2022-10-25T11:38:55.997857Z"}], "last_updated": "2022-10-25T11:38:56.108834Z", "last_updater": 601605, "last_updater_username": "rancheriodhci", "name": "v0.0.23-s390x", "repository": 6098335, "full_size": 12702244, "v2": true, "tag_status": "active", "tag_last_pulled": "2024-01-20T09:49:26.830423Z", "tag_last_pushed": "2022-10-25T11:38:56.108834Z", "media_type": "application/vnd.docker.container.image.v1+json", "content_type": "image", "digest": "sha256:dd3592676723e6d71a0ec934c6775364650dd5cc6514e6903b8da27b2e404e0f"}, {"creator": 601605, "id": 200308154, "images": [{"architecture": "amd64", "features": "", "variant": null, "digest": "sha256:73f712e7af12b06720c35ce75217f904f00e4bd96de79f8db1cf160112e667ef", "os": "linux", "os_features": "", "os_version": null, "size": 11428800, "status": "active", "last_pulled": "2024-01-20T09:03:03.706517Z", "last_pushed": "2022-03-30T13:18:44.70513Z"}, {"architecture": "arm64", "features": "", "variant": "v8", "digest": "sha256:689a2489a24e74426e4a4666e611c988202c5fa995908b0c60133aca3eb87d98", "os": "linux", "os_features": "", "os_version": null, "size": 10366872, "status": "active", "last_pulled": "2024-01-20T09:15:27.584947Z", "last_pushed": "2022-03-30T13:14:56.251126Z"}, {"architecture": "arm", "features": "", "variant": null, "digest": "sha256:62804500c07a90aa61d5af7c606685937a03d4e06f32be94b23b9108883df070", "os": "linux", "os_features": "", "os_version": null, "size": 10542258, "status": "active", "last_pulled": "2024-01-20T09:49:28.077516Z", "last_pushed": "2022-03-30T13:15:19.806441Z"}, {"architecture": "s390x", "features": "", "variant": null, "digest": "sha256:2d184da5b7d2efeb350bfd4cf5a693a9592cb96de94d3d260f6fd4221f0f03e7", "os": "linux", "os_features": "", "os_version": null, "size": 10753669, "status": "active", "last_pulled": "2024-01-20T09:49:28.735918Z", "last_pushed": "2022-03-30T13:11:20.181683Z"}], "last_updated": "2022-03-30T13:18:51.624492Z", "last_updater": 601605, "last_updater_username": "rancheriodhci", "name": "v0.0.22", "repository": 6098335, "full_size": 11428800, "v2": true, "tag_status": "active", "tag_last_pulled": "2024-01-20T09:49:28.735918Z", "tag_last_pushed": "2022-03-30T13:18:51.624492Z", "media_type": "application/vnd.docker.distribution.manifest.list.v2+json", "content_type": "image"}, {"creator": 601605, "id": 200308119, "images": [{"architecture": "amd64", "features": "", "variant": null, "digest": "sha256:73f712e7af12b06720c35ce75217f904f00e4bd96de79f8db1cf160112e667ef", "os": "linux", "os_features": "", "os_version": null, "size": 11428800, "status": "active", "last_pulled": "2024-01-20T09:03:03.706517Z", "last_pushed": "2022-03-30T13:18:44.70513Z"}], "last_updated": "2022-03-30T13:18:44.70513Z", "last_updater": 601605, "last_updater_username": "rancheriodhci", "name": "v0.0.22-amd64", "repository": 6098335, "full_size": 11428800, "v2": true, "tag_status": "active", "tag_last_pulled": "2024-01-20T09:03:03.706517Z", "tag_last_pushed": "2022-03-30T13:18:44.70513Z", "media_type": "application/vnd.docker.container.image.v1+json", "content_type": "image"}, {"creator": 601605, "id": 200307348, "images": [{"architecture": "arm", "features": "", "variant": null, "digest": "sha256:62804500c07a90aa61d5af7c606685937a03d4e06f32be94b23b9108883df070", "os": "linux", "os_features": "", "os_version": null, "size": 10542258, "status": "active", "last_pulled": "2024-01-20T09:49:28.077516Z", "last_pushed": "2022-03-30T13:15:19.806441Z"}], "last_updated": "2022-03-30T13:15:19.806441Z", "last_updater": 601605, "last_updater_username": "rancheriodhci", "name": "v0.0.22-arm", "repository": 6098335, "full_size": 10542258, "v2": true, "tag_status": "active", "tag_last_pulled": "2024-01-20T09:49:28.077516Z", "tag_last_pushed": "2022-03-30T13:15:19.806441Z", "media_type": "application/vnd.docker.container.image.v1+json", "content_type": "image"}, {"creator": 601605, "id": 200307003, "images": [{"architecture": "arm64", "features": "", "variant": "v8", "digest": "sha256:689a2489a24e74426e4a4666e611c988202c5fa995908b0c60133aca3eb87d98", "os": "linux", "os_features": "", "os_version": null, "size": 10366872, "status": "active", "last_pulled": "2024-01-20T09:15:27.584947Z", "last_pushed": "2022-03-30T13:14:56.251126Z"}], "last_updated": "2022-03-30T13:14:56.251126Z", "last_updater": 601605, "last_updater_username": "rancheriodhci", "name": "v0.0.22-arm64", "repository": 6098335, "full_size": 10366872, "v2": true, "tag_status": "active", "tag_last_pulled": "2024-01-20T09:15:27.584947Z", "tag_last_pushed": "2022-03-30T13:14:56.251126Z", "media_type": "application/vnd.docker.container.image.v1+json", "content_type": "image"}, {"creator": 601605, "id": 200306571, "images": [{"architecture": "s390x", "features": "", "variant": null, "digest": "sha256:2d184da5b7d2efeb350bfd4cf5a693a9592cb96de94d3d260f6fd4221f0f03e7", "os": "linux", "os_features": "", "os_version": null, "size": 10753669, "status": "active", "last_pulled": "2024-01-20T09:49:28.735918Z", "last_pushed": "2022-03-30T13:11:20.181683Z"}], "last_updated": "2022-03-30T13:11:20.181683Z", "last_updater": 601605, "last_updater_username": "rancheriodhci", "name": "v0.0.22-s390x", "repository": 6098335, "full_size": 10753669, "v2": true, "tag_status": "active", "tag_last_pulled": "2024-01-20T09:49:28.735918Z", "tag_last_pushed": "2022-03-30T13:11:20.181683Z", "media_type": "application/vnd.docker.container.image.v1+json", "content_type": "image"}, {"creator": 601605, "id": 183722793, "images": [{"architecture": "arm64", "features": "", "variant": null, "digest": "sha256:239ed0c6c28dcb217088f4e52b9759bad1dd44e9bdd5a9cf3d655cb7a2a950de", "os": "linux", "os_features": "", "os_version": null, "size": 10359583, "status": "active", "last_pulled": "2024-01-20T09:49:30.220274Z", "last_pushed": "2021-12-21T07:26:05.033326Z"}, {"architecture": "arm", "features": "", "variant": null, "digest": "sha256:42f79a6523c49b68e0445c2552c29b1a58c220ead8fba5b3acf4beb12778e379", "os": "linux", "os_features": "", "os_version": null, "size": 10544926, "status": "active", "last_pulled": "2024-01-20T09:49:29.837462Z", "last_pushed": "2021-12-21T07:27:35.445564Z"}, {"architecture": "amd64", "features": "", "variant": null, "digest": "sha256:cf7422ac6e9bc9a5cb9ae913bdc8b0f20db8db6f5b77ea5a6446338ea3acd8fc", "os": "linux", "os_features": "", "os_version": null, "size": 11429519, "status": "active", "last_pulled": "2024-01-20T09:31:58.152629Z", "last_pushed": "2021-12-21T07:32:10.622606Z"}, {"architecture": "s390x", "features": "", "variant": null, "digest": "sha256:82a4f1a459ac41d27a97a14e1a0694cc158a922461c4d932761da4475080c7c3", "os": "linux", "os_features": "", "os_version": null, "size": 10751505, "status": "active", "last_pulled": "2024-01-20T09:49:30.568632Z", "last_pushed": "2021-12-21T07:23:10.577258Z"}], "last_updated": "2021-12-21T07:32:16.84637Z", "last_updater": 601605, "last_updater_username": "rancheriodhci", "name": "v0.0.21", "repository": 6098335, "full_size": 11429519, "v2": true, "tag_status": "active", "tag_last_pulled": "2024-01-20T09:49:30.568632Z", "tag_last_pushed": "2021-12-21T07:32:16.84637Z", "media_type": "application/vnd.docker.distribution.manifest.list.v2+json", "content_type": "image"}, {"creator": 601605, "id": 183722781, "images": [{"architecture": "amd64", "features": "", "variant": null, "digest": "sha256:cf7422ac6e9bc9a5cb9ae913bdc8b0f20db8db6f5b77ea5a6446338ea3acd8fc", "os": "linux", "os_features": "", "os_version": null, "size": 11429519, "status": "active", "last_pulled": "2024-01-20T09:31:58.152629Z", "last_pushed": "2021-12-21T07:32:10.622606Z"}], "last_updated": "2021-12-21T07:32:10.622606Z", "last_updater": 601605, "last_updater_username": "rancheriodhci", "name": "v0.0.21-amd64", "repository": 6098335, "full_size": 11429519, "v2": true, "tag_status": "active", "tag_last_pulled": "2024-01-20T09:31:58.152629Z", "tag_last_pushed": "2021-12-21T07:32:10.622606Z", "media_type": "application/vnd.docker.container.image.v1+json", "content_type": "image"}, {"creator": 601605, "id": 183722264, "images": [{"architecture": "arm", "features": "", "variant": null, "digest": "sha256:42f79a6523c49b68e0445c2552c29b1a58c220ead8fba5b3acf4beb12778e379", "os": "linux", "os_features": "", "os_version": null, "size": 10544926, "status": "active", "last_pulled": "2024-01-20T09:49:29.837462Z", "last_pushed": "2021-12-21T07:27:35.445564Z"}], "last_updated": "2021-12-21T07:27:35.445564Z", "last_updater": 601605, "last_updater_username": "rancheriodhci", "name": "v0.0.21-arm", "repository": 6098335, "full_size": 10544926, "v2": true, "tag_status": "active", "tag_last_pulled": "2024-01-20T09:49:29.837462Z", "tag_last_pushed": "2021-12-21T07:27:35.445564Z", "media_type": "application/vnd.docker.container.image.v1+json", "content_type": "image"}, {"creator": 601605, "id": 183722067, "images": [{"architecture": "arm64", "features": "", "variant": null, "digest": "sha256:239ed0c6c28dcb217088f4e52b9759bad1dd44e9bdd5a9cf3d655cb7a2a950de", "os": "linux", "os_features": "", "os_version": null, "size": 10359583, "status": "active", "last_pulled": "2024-01-20T09:49:30.220274Z", "last_pushed": "2021-12-21T07:26:05.033326Z"}], "last_updated": "2021-12-21T07:26:05.033326Z", "last_updater": 601605, "last_updater_username": "rancheriodhci", "name": "v0.0.21-arm64", "repository": 6098335, "full_size": 10359583, "v2": true, "tag_status": "active", "tag_last_pulled": "2024-01-20T09:49:30.220274Z", "tag_last_pushed": "2021-12-21T07:26:05.033326Z", "media_type": "application/vnd.docker.container.image.v1+json", "content_type": "image"}, {"creator": 601605, "id": 183721603, "images": [{"architecture": "s390x", "features": "", "variant": null, "digest": "sha256:82a4f1a459ac41d27a97a14e1a0694cc158a922461c4d932761da4475080c7c3", "os": "linux", "os_features": "", "os_version": null, "size": 10751505, "status": "active", "last_pulled": "2024-01-20T09:49:30.568632Z", "last_pushed": "2021-12-21T07:23:10.577258Z"}], "last_updated": "2021-12-21T07:23:10.577258Z", "last_updater": 601605, "last_updater_username": "rancheriodhci", "name": "v0.0.21-s390x", "repository": 6098335, "full_size": 10751505, "v2": true, "tag_status": "active", "tag_last_pulled": "2024-01-20T09:49:30.568632Z", "tag_last_pushed": "2021-12-21T07:23:10.577258Z", "media_type": "application/vnd.docker.container.image.v1+json", "content_type": "image"}, {"creator": 601605, "id": 159986568, "images": [{"architecture": "arm", "features": "", "variant": null, "digest": "sha256:1d388deeb3885d7c94e620562d7e2034e5f9ed2b3df5fe22e8011a17d48efae7", "os": "linux", "os_features": "", "os_version": null, "size": 10530980, "status": "active", "last_pulled": "2024-01-20T09:49:31.865229Z", "last_pushed": "2021-07-28T02:37:25.862786Z"}, {"architecture": "arm64", "features": "", "variant": null, "digest": "sha256:4460e7a6d68e0f194b9e60c206b88363a449c28846c3498ec011e2bbbbe1801a", "os": "linux", "os_features": "", "os_version": null, "size": 10345889, "status": "active", "last_pulled": "2024-01-20T09:49:32.254523Z", "last_pushed": "2021-07-28T02:35:25.196239Z"}, {"architecture": "amd64", "features": "", "variant": null, "digest": "sha256:999cd4cf1d5dbe27d331413fd0c313d30ace67607c962d1c94da03d1b568da95", "os": "linux", "os_features": "", "os_version": null, "size": 11416115, "status": "active", "last_pulled": "2024-01-20T09:15:30.633033Z", "last_pushed": "2021-07-28T02:43:03.88617Z"}], "last_updated": "2021-07-28T02:43:11.009761Z", "last_updater": 601605, "last_updater_username": "rancheriodhci", "name": "v0.0.20", "repository": 6098335, "full_size": 11416115, "v2": true, "tag_status": "active", "tag_last_pulled": "2024-01-20T09:49:32.254523Z", "tag_last_pushed": "2021-07-28T02:43:11.009761Z", "media_type": "application/vnd.docker.distribution.manifest.list.v2+json", "content_type": "image"}, {"creator": 601605, "id": 159986557, "images": [{"architecture": "amd64", "features": "", "variant": null, "digest": "sha256:999cd4cf1d5dbe27d331413fd0c313d30ace67607c962d1c94da03d1b568da95", "os": "linux", "os_features": "", "os_version": null, "size": 11416115, "status": "active", "last_pulled": "2024-01-20T09:15:30.633033Z", "last_pushed": "2021-07-28T02:43:03.88617Z"}], "last_updated": "2021-07-28T02:43:03.88617Z", "last_updater": 601605, "last_updater_username": "rancheriodhci", "name": "v0.0.20-amd64", "repository": 6098335, "full_size": 11416115, "v2": true, "tag_status": "active", "tag_last_pulled": "2024-01-20T09:15:30.633033Z", "tag_last_pushed": "2021-07-28T02:43:03.88617Z", "media_type": "application/vnd.docker.container.image.v1+json", "content_type": "image"}, {"creator": 601605, "id": 159986071, "images": [{"architecture": "arm", "features": "", "variant": null, "digest": "sha256:1d388deeb3885d7c94e620562d7e2034e5f9ed2b3df5fe22e8011a17d48efae7", "os": "linux", "os_features": "", "os_version": null, "size": 10530980, "status": "active", "last_pulled": "2024-01-20T09:49:31.865229Z", "last_pushed": "2021-07-28T02:37:25.862786Z"}], "last_updated": "2021-07-28T02:37:25.862786Z", "last_updater": 601605, "last_updater_username": "rancheriodhci", "name": "v0.0.20-arm", "repository": 6098335, "full_size": 10530980, "v2": true, "tag_status": "active", "tag_last_pulled": "2024-01-20T09:49:31.865229Z", "tag_last_pushed": "2021-07-28T02:37:25.862786Z", "media_type": "application/vnd.docker.container.image.v1+json", "content_type": "image"}, {"creator": 601605, "id": 159985798, "images": [{"architecture": "arm64", "features": "", "variant": null, "digest": "sha256:4460e7a6d68e0f194b9e60c206b88363a449c28846c3498ec011e2bbbbe1801a", "os": "linux", "os_features": "", "os_version": null, "size": 10345889, "status": "active", "last_pulled": "2024-01-20T09:49:32.254523Z", "last_pushed": "2021-07-28T02:35:25.196239Z"}], "last_updated": "2021-07-28T02:35:25.196239Z", "last_updater": 601605, "last_updater_username": "rancheriodhci", "name": "v0.0.20-arm64", "repository": 6098335, "full_size": 10345889, "v2": true, "tag_status": "active", "tag_last_pulled": "2024-01-20T09:49:32.254523Z", "tag_last_pushed": "2021-07-28T02:35:25.196239Z", "media_type": "application/vnd.docker.container.image.v1+json", "content_type": "image"}, {"creator": 601605, "id": 128132294, "images": [{"architecture": "arm64", "features": "", "variant": null, "digest": "sha256:5a4ea3a0d1a99faf5e8b0e5c95e5983117fc0f2680446970fece9b2016d2cba7", "os": "linux", "os_features": "", "os_version": null, "size": 12518492, "status": "active", "last_pulled": "2024-01-20T09:49:33.54972Z", "last_pushed": "2020-11-30T19:31:48.328688Z"}, {"architecture": "amd64", "features": "", "variant": null, "digest": "sha256:0b0af2baa827c1a3afb35f881eb264c5b8483ad834bae3eb7882b72ebf434a07", "os": "linux", "os_features": "", "os_version": null, "size": 13580783, "status": "active", "last_pulled": "2024-01-20T09:07:09.67196Z", "last_pushed": "2020-11-30T20:05:25.096752Z"}, {"architecture": "arm", "features": "", "variant": null, "digest": "sha256:8ac52d489d675e2cc3eee2240abb7a94afa6f425c4955d855c935897c5cd6297", "os": "linux", "os_features": "", "os_version": null, "size": 12649093, "status": "active", "last_pulled": "2024-01-20T09:49:33.215355Z", "last_pushed": "2020-11-30T19:37:30.626278Z"}], "last_updated": "2020-11-30T20:05:34.50761Z", "last_updater": 601605, "last_updater_username": "rancheriodhci", "name": "v0.0.19", "repository": 6098335, "full_size": 13580783, "v2": true, "tag_status": "active", "tag_last_pulled": "2024-01-20T09:49:33.54972Z", "tag_last_pushed": "2020-11-30T20:05:34.50761Z", "media_type": "application/vnd.docker.distribution.manifest.list.v2+json", "content_type": "image"}, {"creator": 601605, "id": 128132265, "images": [{"architecture": "amd64", "features": "", "variant": null, "digest": "sha256:0b0af2baa827c1a3afb35f881eb264c5b8483ad834bae3eb7882b72ebf434a07", "os": "linux", "os_features": "", "os_version": null, "size": 13580783, "status": "active", "last_pulled": "2024-01-20T09:07:09.67196Z", "last_pushed": "2020-11-30T20:05:25.096752Z"}], "last_updated": "2020-11-30T20:05:25.096752Z", "last_updater": 601605, "last_updater_username": "rancheriodhci", "name": "v0.0.19-amd64", "repository": 6098335, "full_size": 13580783, "v2": true, "tag_status": "active", "tag_last_pulled": "2024-01-20T09:07:09.67196Z", "tag_last_pushed": "2020-11-30T20:05:25.096752Z", "media_type": "application/vnd.docker.container.image.v1+json", "content_type": "image"}, {"creator": 601605, "id": 128128176, "images": [{"architecture": "arm", "features": "", "variant": null, "digest": "sha256:8ac52d489d675e2cc3eee2240abb7a94afa6f425c4955d855c935897c5cd6297", "os": "linux", "os_features": "", "os_version": null, "size": 12649093, "status": "active", "last_pulled": "2024-01-20T09:49:33.215355Z", "last_pushed": "2020-11-30T19:37:30.626278Z"}], "last_updated": "2020-11-30T19:37:30.626278Z", "last_updater": 601605, "last_updater_username": "rancheriodhci", "name": "v0.0.19-arm", "repository": 6098335, "full_size": 12649093, "v2": true, "tag_status": "active", "tag_last_pulled": "2024-01-20T09:49:33.215355Z", "tag_last_pushed": "2020-11-30T19:37:30.626278Z", "media_type": "application/vnd.docker.container.image.v1+json", "content_type": "image"}, {"creator": 601605, "id": 128127459, "images": [{"architecture": "arm64", "features": "", "variant": null, "digest": "sha256:5a4ea3a0d1a99faf5e8b0e5c95e5983117fc0f2680446970fece9b2016d2cba7", "os": "linux", "os_features": "", "os_version": null, "size": 12518492, "status": "active", "last_pulled": "2024-01-20T09:49:33.54972Z", "last_pushed": "2020-11-30T19:31:48.328688Z"}], "last_updated": "2020-11-30T19:31:48.328688Z", "last_updater": 601605, "last_updater_username": "rancheriodhci", "name": "v0.0.19-arm64", "repository": 6098335, "full_size": 12518492, "v2": true, "tag_status": "active", "tag_last_pulled": "2024-01-20T09:49:33.54972Z", "tag_last_pushed": "2020-11-30T19:31:48.328688Z", "media_type": "application/vnd.docker.container.image.v1+json", "content_type": "image"}, {"creator": 601605, "id": 121813529, "images": [{"architecture": "arm64", "features": "", "variant": null, "digest": "sha256:44c1f32350003d31c31a57e6ac561c7e521f36fa1a2fe909e41f17160da5b9be", "os": "linux", "os_features": "", "os_version": null, "size": 12519386, "status": "active", "last_pulled": "2024-01-20T09:49:34.879145Z", "last_pushed": "2020-10-17T00:59:35.294172Z"}, {"architecture": "arm", "features": "", "variant": null, "digest": "sha256:5964df859c1cdc8b928791473a1323c2fb359992a61ee803e86babda17ca6202", "os": "linux", "os_features": "", "os_version": null, "size": 12650461, "status": "active", "last_pulled": "2024-01-20T09:49:34.260265Z", "last_pushed": "2020-10-17T01:02:07.25667Z"}, {"architecture": "amd64", "features": "", "variant": null, "digest": "sha256:c2a5cbcc6a92a2ce5377f447eca6b69e922d8237460a208cd2c8b7830c33d917", "os": "linux", "os_features": "", "os_version": null, "size": 13581372, "status": "active", "last_pulled": "2024-01-20T09:09:55.118801Z", "last_pushed": "2020-10-17T00:59:34.304914Z"}], "last_updated": "2020-10-17T01:02:15.028316Z", "last_updater": 601605, "last_updater_username": "rancheriodhci", "name": "v0.0.18", "repository": 6098335, "full_size": 13581372, "v2": true, "tag_status": "active", "tag_last_pulled": "2024-01-20T09:49:34.879145Z", "tag_last_pushed": "2020-10-17T01:02:15.028316Z", "media_type": "application/vnd.docker.distribution.manifest.list.v2+json", "content_type": "image"}, {"creator": 601605, "id": 121813523, "images": [{"architecture": "arm", "features": "", "variant": null, "digest": "sha256:5964df859c1cdc8b928791473a1323c2fb359992a61ee803e86babda17ca6202", "os": "linux", "os_features": "", "os_version": null, "size": 12650461, "status": "active", "last_pulled": "2024-01-20T09:49:34.260265Z", "last_pushed": "2020-10-17T01:02:07.25667Z"}], "last_updated": "2020-10-17T01:02:07.25667Z", "last_updater": 601605, "last_updater_username": "rancheriodhci", "name": "v0.0.18-arm", "repository": 6098335, "full_size": 12650461, "v2": true, "tag_status": "active", "tag_last_pulled": "2024-01-20T09:49:34.260265Z", "tag_last_pushed": "2020-10-17T01:02:07.25667Z", "media_type": "application/vnd.docker.container.image.v1+json", "content_type": "image"}, {"creator": 601605, "id": 121813239, "images": [{"architecture": "arm64", "features": "", "variant": null, "digest": "sha256:44c1f32350003d31c31a57e6ac561c7e521f36fa1a2fe909e41f17160da5b9be", "os": "linux", "os_features": "", "os_version": null, "size": 12519386, "status": "active", "last_pulled": "2024-01-20T09:49:34.879145Z", "last_pushed": "2020-10-17T00:59:35.294172Z"}], "last_updated": "2020-10-17T00:59:35.294172Z", "last_updater": 601605, "last_updater_username": "rancheriodhci", "name": "v0.0.18-arm64", "repository": 6098335, "full_size": 12519386, "v2": true, "tag_status": "active", "tag_last_pulled": "2024-01-20T09:49:34.879145Z", "tag_last_pushed": "2020-10-17T00:59:35.294172Z", "media_type": "application/vnd.docker.container.image.v1+json", "content_type": "image"}, {"creator": 601605, "id": 121813264, "images": [{"architecture": "amd64", "features": "", "variant": null, "digest": "sha256:c2a5cbcc6a92a2ce5377f447eca6b69e922d8237460a208cd2c8b7830c33d917", "os": "linux", "os_features": "", "os_version": null, "size": 13581372, "status": "active", "last_pulled": "2024-01-20T09:09:55.118801Z", "last_pushed": "2020-10-17T00:59:34.304914Z"}], "last_updated": "2020-10-17T00:59:34.304914Z", "last_updater": 601605, "last_updater_username": "rancheriodhci", "name": "v0.0.18-amd64", "repository": 6098335, "full_size": 13581372, "v2": true, "tag_status": "active", "tag_last_pulled": "2024-01-20T09:09:55.118801Z", "tag_last_pushed": "2020-10-17T00:59:34.304914Z", "media_type": "application/vnd.docker.container.image.v1+json", "content_type": "image"}, {"creator": 601605, "id": 113190300, "images": [{"architecture": "amd64", "features": "", "variant": null, "digest": "sha256:b41a024cb48ea5a2afee889e565c1b48e6b57aab762dec5f194f057e7f11a224", "os": "linux", "os_features": "", "os_version": null, "size": 13577086, "status": "active", "last_pulled": "2024-01-20T09:49:36.289337Z", "last_pushed": null}, {"architecture": "arm", "features": "", "variant": null, "digest": "sha256:dff538e0a9d8743d2decd27429446ec7a373de9338a12c0698de925dd2b7ab7e", "os": "linux", "os_features": "", "os_version": null, "size": 12647837, "status": "active", "last_pulled": "2024-01-20T09:49:35.922381Z", "last_pushed": null}, {"architecture": "arm64", "features": "", "variant": null, "digest": "sha256:9d7c3831d4e5d35e9ee689a800f1b5a69893249c86d9b393e7e371d41871ad18", "os": "linux", "os_features": "", "os_version": null, "size": 12516667, "status": "active", "last_pulled": "2024-01-20T09:49:36.654602Z", "last_pushed": null}], "last_updated": "2020-08-13T23:03:15.204194Z", "last_updater": 601605, "last_updater_username": "rancheriodhci", "name": "v0.0.17", "repository": 6098335, "full_size": 13577086, "v2": true, "tag_status": "active", "tag_last_pulled": "2024-01-20T09:49:36.654602Z", "tag_last_pushed": "2020-08-13T23:03:15.204194Z", "media_type": "application/vnd.docker.distribution.manifest.list.v2+json", "content_type": "image"}, {"creator": 601605, "id": 113190290, "images": [{"architecture": "arm", "features": "", "variant": null, "digest": "sha256:dff538e0a9d8743d2decd27429446ec7a373de9338a12c0698de925dd2b7ab7e", "os": "linux", "os_features": "", "os_version": null, "size": 12647837, "status": "active", "last_pulled": "2024-01-20T09:49:35.922381Z", "last_pushed": null}], "last_updated": "2020-08-13T23:03:09.076149Z", "last_updater": 601605, "last_updater_username": "rancheriodhci", "name": "v0.0.17-arm", "repository": 6098335, "full_size": 12647837, "v2": true, "tag_status": "active", "tag_last_pulled": "2024-01-20T09:49:35.922381Z", "tag_last_pushed": "2020-08-13T23:03:09.076149Z", "media_type": "application/vnd.docker.container.image.v1+json", "content_type": "image"}, {"creator": 601605, "id": 113189761, "images": [{"architecture": "amd64", "features": "", "variant": null, "digest": "sha256:b41a024cb48ea5a2afee889e565c1b48e6b57aab762dec5f194f057e7f11a224", "os": "linux", "os_features": "", "os_version": null, "size": 13577086, "status": "active", "last_pulled": "2024-01-20T09:49:36.289337Z", "last_pushed": null}], "last_updated": "2020-08-13T22:58:13.208686Z", "last_updater": 601605, "last_updater_username": "rancheriodhci", "name": "v0.0.17-amd64", "repository": 6098335, "full_size": 13577086, "v2": true, "tag_status": "active", "tag_last_pulled": "2024-01-20T09:49:36.289337Z", "tag_last_pushed": "2020-08-13T22:58:13.208686Z", "media_type": "application/vnd.docker.container.image.v1+json", "content_type": "image"}, {"creator": 601605, "id": 113189749, "images": [{"architecture": "arm64", "features": "", "variant": null, "digest": "sha256:9d7c3831d4e5d35e9ee689a800f1b5a69893249c86d9b393e7e371d41871ad18", "os": "linux", "os_features": "", "os_version": null, "size": 12516667, "status": "active", "last_pulled": "2024-01-20T09:49:36.654602Z", "last_pushed": null}], "last_updated": "2020-08-13T22:58:05.67736Z", "last_updater": 601605, "last_updater_username": "rancheriodhci", "name": "v0.0.17-arm64", "repository": 6098335, "full_size": 12516667, "v2": true, "tag_status": "active", "tag_last_pulled": "2024-01-20T09:49:36.654602Z", "tag_last_pushed": "2020-08-13T22:58:05.67736Z", "media_type": "application/vnd.docker.container.image.v1+json", "content_type": "image"}, {"creator": 601605, "id": 113172462, "images": [{"architecture": "arm64", "features": "", "variant": null, "digest": "sha256:82d38e3939b6cc3c2ba2cc7c55684a7e4aac9c55ff0f8e46feab4da46287c2ae", "os": "linux", "os_features": "", "os_version": null, "size": 12516674, "status": "active", "last_pulled": "2024-01-20T09:15:37.612219Z", "last_pushed": null}, {"architecture": "arm", "features": "", "variant": null, "digest": "sha256:9b3d6cea5a0921aabf2f1e57bd86d3816dc86e35ca0f2e8d02a9fa7872139a05", "os": "linux", "os_features": "", "os_version": null, "size": 12647837, "status": "active", "last_pulled": "2024-01-20T09:49:37.488447Z", "last_pushed": null}, {"architecture": "amd64", "features": "", "variant": null, "digest": "sha256:b1deddb9378e647b82a39ecd096e424727582808a55e14f10a01a4ff4adf773b", "os": "linux", "os_features": "", "os_version": null, "size": 13577087, "status": "active", "last_pulled": "2024-01-20T09:49:37.854747Z", "last_pushed": null}], "last_updated": "2020-08-13T20:37:43.832727Z", "last_updater": 601605, "last_updater_username": "rancheriodhci", "name": "v0.0.16", "repository": 6098335, "full_size": 13577087, "v2": true, "tag_status": "active", "tag_last_pulled": "2024-01-20T09:49:37.854747Z", "tag_last_pushed": "2020-08-13T20:37:43.832727Z", "media_type": "application/vnd.docker.distribution.manifest.list.v2+json", "content_type": "image"}, {"creator": 601605, "id": 113172444, "images": [{"architecture": "arm", "features": "", "variant": null, "digest": "sha256:9b3d6cea5a0921aabf2f1e57bd86d3816dc86e35ca0f2e8d02a9fa7872139a05", "os": "linux", "os_features": "", "os_version": null, "size": 12647837, "status": "active", "last_pulled": "2024-01-20T09:49:37.488447Z", "last_pushed": null}], "last_updated": "2020-08-13T20:37:38.594543Z", "last_updater": 601605, "last_updater_username": "rancheriodhci", "name": "v0.0.16-arm", "repository": 6098335, "full_size": 12647837, "v2": true, "tag_status": "active", "tag_last_pulled": "2024-01-20T09:49:37.488447Z", "tag_last_pushed": "2020-08-13T20:37:38.594543Z", "media_type": "application/vnd.docker.container.image.v1+json", "content_type": "image"}, {"creator": 601605, "id": 113172118, "images": [{"architecture": "amd64", "features": "", "variant": null, "digest": "sha256:b1deddb9378e647b82a39ecd096e424727582808a55e14f10a01a4ff4adf773b", "os": "linux", "os_features": "", "os_version": null, "size": 13577087, "status": "active", "last_pulled": "2024-01-20T09:49:37.854747Z", "last_pushed": null}], "last_updated": "2020-08-13T20:35:21.817005Z", "last_updater": 601605, "last_updater_username": "rancheriodhci", "name": "v0.0.16-amd64", "repository": 6098335, "full_size": 13577087, "v2": true, "tag_status": "active", "tag_last_pulled": "2024-01-20T09:49:37.854747Z", "tag_last_pushed": "2020-08-13T20:35:21.817005Z", "media_type": "application/vnd.docker.container.image.v1+json", "content_type": "image"}, {"creator": 601605, "id": 113172106, "images": [{"architecture": "arm64", "features": "", "variant": null, "digest": "sha256:82d38e3939b6cc3c2ba2cc7c55684a7e4aac9c55ff0f8e46feab4da46287c2ae", "os": "linux", "os_features": "", "os_version": null, "size": 12516674, "status": "active", "last_pulled": "2024-01-20T09:15:37.612219Z", "last_pushed": null}], "last_updated": "2020-08-13T20:35:18.478803Z", "last_updater": 601605, "last_updater_username": "rancheriodhci", "name": "v0.0.16-arm64", "repository": 6098335, "full_size": 12516674, "v2": true, "tag_status": "active", "tag_last_pulled": "2024-01-20T09:15:37.612219Z", "tag_last_pushed": "2020-08-13T20:35:18.478803Z", "media_type": "application/vnd.docker.container.image.v1+json", "content_type": "image"}, {"creator": 601605, "id": 112678211, "images": [{"architecture": "arm64", "features": "", "variant": null, "digest": "sha256:b446c47cdb2aa1e74883d8c1fbbda40cc85e498248d8cb9d414953bbec1c005c", "os": "linux", "os_features": "", "os_version": null, "size": 12515940, "status": "active", "last_pulled": "2024-01-20T09:49:39.76424Z", "last_pushed": null}, {"architecture": "arm", "features": "", "variant": null, "digest": "sha256:27c0c8b73141c7fa88f30122b2526c45efaccd5dfbb0dfa999cf461c49ee0600", "os": "linux", "os_features": "", "os_version": null, "size": 12646955, "status": "active", "last_pulled": "2024-01-20T09:49:39.100782Z", "last_pushed": null}, {"architecture": "amd64", "features": "", "variant": null, "digest": "sha256:a674d218e385fcc25a6ca8a2cb83cca34f0589a59aa2a3634aa0ece6d4fa1b20", "os": "linux", "os_features": "", "os_version": null, "size": 13578057, "status": "active", "last_pulled": "2024-01-20T09:49:39.428871Z", "last_pushed": null}], "last_updated": "2020-08-10T21:31:43.729473Z", "last_updater": 601605, "last_updater_username": "rancheriodhci", "name": "v0.0.15", "repository": 6098335, "full_size": 13578057, "v2": true, "tag_status": "active", "tag_last_pulled": "2024-01-20T09:49:39.76424Z", "tag_last_pushed": "2020-08-10T21:31:43.729473Z", "media_type": "application/vnd.docker.distribution.manifest.list.v2+json", "content_type": "image"}, {"creator": 601605, "id": 112678176, "images": [{"architecture": "arm", "features": "", "variant": null, "digest": "sha256:27c0c8b73141c7fa88f30122b2526c45efaccd5dfbb0dfa999cf461c49ee0600", "os": "linux", "os_features": "", "os_version": null, "size": 12646955, "status": "active", "last_pulled": "2024-01-20T09:49:39.100782Z", "last_pushed": null}], "last_updated": "2020-08-10T21:31:24.598835Z", "last_updater": 601605, "last_updater_username": "rancheriodhci", "name": "v0.0.15-arm", "repository": 6098335, "full_size": 12646955, "v2": true, "tag_status": "active", "tag_last_pulled": "2024-01-20T09:49:39.100782Z", "tag_last_pushed": "2020-08-10T21:31:24.598835Z", "media_type": "application/vnd.docker.container.image.v1+json", "content_type": "image"}, {"creator": 601605, "id": 112678150, "images": [{"architecture": "amd64", "features": "", "variant": null, "digest": "sha256:a674d218e385fcc25a6ca8a2cb83cca34f0589a59aa2a3634aa0ece6d4fa1b20", "os": "linux", "os_features": "", "os_version": null, "size": 13578057, "status": "active", "last_pulled": "2024-01-20T09:49:39.428871Z", "last_pushed": null}], "last_updated": "2020-08-10T21:31:10.42027Z", "last_updater": 601605, "last_updater_username": "rancheriodhci", "name": "v0.0.15-amd64", "repository": 6098335, "full_size": 13578057, "v2": true, "tag_status": "active", "tag_last_pulled": "2024-01-20T09:49:39.428871Z", "tag_last_pushed": "2020-08-10T21:31:10.42027Z", "media_type": "application/vnd.docker.container.image.v1+json", "content_type": "image"}, {"creator": 601605, "id": 112677794, "images": [{"architecture": "arm64", "features": "", "variant": null, "digest": "sha256:b446c47cdb2aa1e74883d8c1fbbda40cc85e498248d8cb9d414953bbec1c005c", "os": "linux", "os_features": "", "os_version": null, "size": 12515940, "status": "active", "last_pulled": "2024-01-20T09:49:39.76424Z", "last_pushed": null}], "last_updated": "2020-08-10T21:28:03.895461Z", "last_updater": 601605, "last_updater_username": "rancheriodhci", "name": "v0.0.15-arm64", "repository": 6098335, "full_size": 12515940, "v2": true, "tag_status": "active", "tag_last_pulled": "2024-01-20T09:49:39.76424Z", "tag_last_pushed": "2020-08-10T21:28:03.895461Z", "media_type": "application/vnd.docker.container.image.v1+json", "content_type": "image"}, {"creator": 601605, "id": 102850460, "images": [{"architecture": "amd64", "features": "", "variant": null, "digest": "sha256:f6d0af671a11e6e96737d0c0b4981e5592cf3168054f0be5d14fef411de1d385", "os": "linux", "os_features": "", "os_version": null, "size": 13363077, "status": "active", "last_pulled": "2024-01-20T09:15:40.685328Z", "last_pushed": null}, {"architecture": "arm64", "features": "", "variant": null, "digest": "sha256:ad3c54996f8ee609ff87f008601e59af04b18f85da6a0219c4eae2e5660bacce", "os": "linux", "os_features": "", "os_version": null, "size": 12320818, "status": "active", "last_pulled": "2024-01-20T09:49:40.925507Z", "last_pushed": null}, {"architecture": "arm", "features": "", "variant": null, "digest": "sha256:f765650ed1b3e178d42aa80187eea2af4c1d2db73e62ea0b033122afe8bf38df", "os": "linux", "os_features": "", "os_version": null, "size": 12457556, "status": "active", "last_pulled": "2024-01-20T09:49:40.597104Z", "last_pushed": null}], "last_updated": "2020-06-01T15:45:04.299877Z", "last_updater": 601605, "last_updater_username": "rancheriodhci", "name": "v0.0.14", "repository": 6098335, "full_size": 13363077, "v2": true, "tag_status": "active", "tag_last_pulled": "2024-01-20T09:49:40.925507Z", "tag_last_pushed": "2020-06-01T15:45:04.299877Z", "media_type": "application/vnd.docker.distribution.manifest.list.v2+json", "content_type": "image"}, {"creator": 601605, "id": 102850423, "images": [{"architecture": "arm", "features": "", "variant": null, "digest": "sha256:f765650ed1b3e178d42aa80187eea2af4c1d2db73e62ea0b033122afe8bf38df", "os": "linux", "os_features": "", "os_version": null, "size": 12457556, "status": "active", "last_pulled": "2024-01-20T09:49:40.597104Z", "last_pushed": null}], "last_updated": "2020-06-01T15:44:52.735786Z", "last_updater": 601605, "last_updater_username": "rancheriodhci", "name": "v0.0.14-arm", "repository": 6098335, "full_size": 12457556, "v2": true, "tag_status": "active", "tag_last_pulled": "2024-01-20T09:49:40.597104Z", "tag_last_pushed": "2020-06-01T15:44:52.735786Z", "media_type": "application/vnd.docker.container.image.v1+json", "content_type": "image"}, {"creator": 601605, "id": 102850316, "images": [{"architecture": "arm64", "features": "", "variant": null, "digest": "sha256:ad3c54996f8ee609ff87f008601e59af04b18f85da6a0219c4eae2e5660bacce", "os": "linux", "os_features": "", "os_version": null, "size": 12320818, "status": "active", "last_pulled": "2024-01-20T09:49:40.925507Z", "last_pushed": null}], "last_updated": "2020-06-01T15:44:17.424358Z", "last_updater": 601605, "last_updater_username": "rancheriodhci", "name": "v0.0.14-arm64", "repository": 6098335, "full_size": 12320818, "v2": true, "tag_status": "active", "tag_last_pulled": "2024-01-20T09:49:40.925507Z", "tag_last_pushed": "2020-06-01T15:44:17.424358Z", "media_type": "application/vnd.docker.container.image.v1+json", "content_type": "image"}, {"creator": 601605, "id": 102850234, "images": [{"architecture": "amd64", "features": "", "variant": null, "digest": "sha256:f6d0af671a11e6e96737d0c0b4981e5592cf3168054f0be5d14fef411de1d385", "os": "linux", "os_features": "", "os_version": null, "size": 13363077, "status": "active", "last_pulled": "2024-01-20T09:15:40.685328Z", "last_pushed": null}], "last_updated": "2020-06-01T15:43:47.631249Z", "last_updater": 601605, "last_updater_username": "rancheriodhci", "name": "v0.0.14-amd64", "repository": 6098335, "full_size": 13363077, "v2": true, "tag_status": "active", "tag_last_pulled": "2024-01-20T09:15:40.685328Z", "tag_last_pushed": "2020-06-01T15:43:47.631249Z", "media_type": "application/vnd.docker.container.image.v1+json", "content_type": "image"}, {"creator": 601605, "id": 101396766, "images": [{"architecture": "amd64", "features": "", "variant": null, "digest": "sha256:2ef17ecb82c3796252a23b4fe510169d60e82eae8c8ba18f188d2e85ee925ac2", "os": "linux", "os_features": "", "os_version": null, "size": 13378331, "status": "active", "last_pulled": "2024-01-20T09:49:42.948217Z", "last_pushed": null}, {"architecture": "arm", "features": "", "variant": null, "digest": "sha256:e453c651354adbe17acb75bd6b4e05fc2fa4bc77219c8397a3be826e9068dce8", "os": "linux", "os_features": "", "os_version": null, "size": 12474547, "status": "active", "last_pulled": "2024-01-20T09:49:42.052114Z", "last_pushed": null}, {"architecture": "arm64", "features": "", "variant": null, "digest": "sha256:a60a7e17c33d98441e0de804e72d65e6b8fbc4d71db5afd1bfe61f958bf93918", "os": "linux", "os_features": "", "os_version": null, "size": 12337327, "status": "active", "last_pulled": "2024-01-20T09:15:42.099874Z", "last_pushed": null}], "last_updated": "2020-05-21T06:00:31.961591Z", "last_updater": 601605, "last_updater_username": "rancheriodhci", "name": "v0.0.13", "repository": 6098335, "full_size": 13378331, "v2": true, "tag_status": "active", "tag_last_pulled": "2024-01-20T09:49:42.948217Z", "tag_last_pushed": "2020-05-21T06:00:31.961591Z", "media_type": "application/vnd.docker.distribution.manifest.list.v2+json", "content_type": "image"}, {"creator": 601605, "id": 101396740, "images": [{"architecture": "arm", "features": "", "variant": null, "digest": "sha256:e453c651354adbe17acb75bd6b4e05fc2fa4bc77219c8397a3be826e9068dce8", "os": "linux", "os_features": "", "os_version": null, "size": 12474547, "status": "active", "last_pulled": "2024-01-20T09:49:42.052114Z", "last_pushed": null}], "last_updated": "2020-05-21T06:00:15.591453Z", "last_updater": 601605, "last_updater_username": "rancheriodhci", "name": "v0.0.13-arm", "repository": 6098335, "full_size": 12474547, "v2": true, "tag_status": "active", "tag_last_pulled": "2024-01-20T09:49:42.052114Z", "tag_last_pushed": "2020-05-21T06:00:15.591453Z", "media_type": "application/vnd.docker.container.image.v1+json", "content_type": "image"}, {"creator": 601605, "id": 101396728, "images": [{"architecture": "arm64", "features": "", "variant": null, "digest": "sha256:a60a7e17c33d98441e0de804e72d65e6b8fbc4d71db5afd1bfe61f958bf93918", "os": "linux", "os_features": "", "os_version": null, "size": 12337327, "status": "active", "last_pulled": "2024-01-20T09:15:42.099874Z", "last_pushed": null}], "last_updated": "2020-05-21T06:00:05.787931Z", "last_updater": 601605, "last_updater_username": "rancheriodhci", "name": "v0.0.13-arm64", "repository": 6098335, "full_size": 12337327, "v2": true, "tag_status": "active", "tag_last_pulled": "2024-01-20T09:15:42.099874Z", "tag_last_pushed": "2020-05-21T06:00:05.787931Z", "media_type": "application/vnd.docker.container.image.v1+json", "content_type": "image"}, {"creator": 601605, "id": 101396813, "images": [{"architecture": "amd64", "features": "", "variant": null, "digest": "sha256:2ef17ecb82c3796252a23b4fe510169d60e82eae8c8ba18f188d2e85ee925ac2", "os": "linux", "os_features": "", "os_version": null, "size": 13378331, "status": "active", "last_pulled": "2024-01-20T09:49:42.948217Z", "last_pushed": null}], "last_updated": "2020-05-21T05:59:44.625205Z", "last_updater": 601605, "last_updater_username": "rancheriodhci", "name": "v0.0.13-amd64", "repository": 6098335, "full_size": 13378331, "v2": true, "tag_status": "active", "tag_last_pulled": "2024-01-20T09:49:42.948217Z", "tag_last_pushed": "2020-05-21T05:59:44.625205Z", "media_type": "application/vnd.docker.container.image.v1+json", "content_type": "image"}, {"creator": 601605, "id": 82787307, "images": [{"architecture": "amd64", "features": "", "variant": null, "digest": "sha256:8457485b3101a3b87eabb7435bd82544478211f966de1f8b4784c2f0579575cb", "os": "linux", "os_features": "", "os_version": null, "size": 13366643, "status": "active", "last_pulled": "2024-01-20T09:21:54.416178Z", "last_pushed": null}, {"architecture": "arm64", "features": "", "variant": null, "digest": "sha256:91a1d09a2aad69660a186f8c91eb2a4f955313129c081941d9211ffcec648ccc", "os": "linux", "os_features": "", "os_version": null, "size": 12331875, "status": "active", "last_pulled": "2024-01-20T09:15:43.444935Z", "last_pushed": null}, {"architecture": "arm", "features": "", "variant": null, "digest": "sha256:fe95135fe001d0da6864056ce47b707d992d8af3f513019854b6550b341960b7", "os": "linux", "os_features": "", "os_version": null, "size": 12466647, "status": "active", "last_pulled": "2024-01-20T09:49:43.653648Z", "last_pushed": null}], "last_updated": "2020-01-16T01:57:37.77673Z", "last_updater": 601605, "last_updater_username": "rancheriodhci", "name": "v0.0.12", "repository": 6098335, "full_size": 13366643, "v2": true, "tag_status": "active", "tag_last_pulled": "2024-01-20T09:49:43.653648Z", "tag_last_pushed": "2020-01-16T01:57:37.77673Z", "media_type": "application/vnd.docker.distribution.manifest.list.v2+json", "content_type": "image"}, {"creator": 601605, "id": 82787246, "images": [{"architecture": "arm", "features": "", "variant": null, "digest": "sha256:fe95135fe001d0da6864056ce47b707d992d8af3f513019854b6550b341960b7", "os": "linux", "os_features": "", "os_version": null, "size": 12466647, "status": "active", "last_pulled": "2024-01-20T09:49:43.653648Z", "last_pushed": null}], "last_updated": "2020-01-16T01:57:26.117134Z", "last_updater": 601605, "last_updater_username": "rancheriodhci", "name": "v0.0.12-arm", "repository": 6098335, "full_size": 12466647, "v2": true, "tag_status": "active", "tag_last_pulled": "2024-01-20T09:49:43.653648Z", "tag_last_pushed": "2020-01-16T01:57:26.117134Z", "media_type": "application/vnd.docker.container.image.v1+json", "content_type": "image"}, {"creator": 601605, "id": 82787073, "images": [{"architecture": "arm64", "features": "", "variant": null, "digest": "sha256:91a1d09a2aad69660a186f8c91eb2a4f955313129c081941d9211ffcec648ccc", "os": "linux", "os_features": "", "os_version": null, "size": 12331875, "status": "active", "last_pulled": "2024-01-20T09:15:43.444935Z", "last_pushed": null}], "last_updated": "2020-01-16T01:56:01.593219Z", "last_updater": 601605, "last_updater_username": "rancheriodhci", "name": "v0.0.12-arm64", "repository": 6098335, "full_size": 12331875, "v2": true, "tag_status": "active", "tag_last_pulled": "2024-01-20T09:15:43.444935Z", "tag_last_pushed": "2020-01-16T01:56:01.593219Z", "media_type": "application/vnd.docker.container.image.v1+json", "content_type": "image"}, {"creator": 601605, "id": 82787024, "images": [{"architecture": "amd64", "features": "", "variant": null, "digest": "sha256:8457485b3101a3b87eabb7435bd82544478211f966de1f8b4784c2f0579575cb", "os": "linux", "os_features": "", "os_version": null, "size": 13366643, "status": "active", "last_pulled": "2024-01-20T09:21:54.416178Z", "last_pushed": null}], "last_updated": "2020-01-16T01:55:28.890408Z", "last_updater": 601605, "last_updater_username": "rancheriodhci", "name": "v0.0.12-amd64", "repository": 6098335, "full_size": 13366643, "v2": true, "tag_status": "active", "tag_last_pulled": "2024-01-20T09:21:54.416178Z", "tag_last_pushed": "2020-01-16T01:55:28.890408Z", "media_type": "application/vnd.docker.container.image.v1+json", "content_type": "image"}, {"creator": 601605, "id": 70472882, "images": [{"architecture": "arm", "features": "", "variant": null, "digest": "sha256:9dd2061d130356dcc98294064923e373b18b2cd32e5607a1ae09414023c63320", "os": "linux", "os_features": "", "os_version": null, "size": 11142978, "status": "active", "last_pulled": "2024-01-20T09:49:45.019315Z", "last_pushed": null}, {"architecture": "amd64", "features": "", "variant": null, "digest": "sha256:ac1dbca1c2db506e68a4855fb23311e0459ac9c6e2e33ac52a5549787ef40b7b", "os": "linux", "os_features": "", "os_version": null, "size": 11994903, "status": "active", "last_pulled": "2024-01-20T09:23:17.391459Z", "last_pushed": null}, {"architecture": "arm64", "features": "", "variant": null, "digest": "sha256:4f09dc48706073002cbc89a5129ff97f050237be65be7dc2955f746399166213", "os": "linux", "os_features": "", "os_version": null, "size": 11098135, "status": "active", "last_pulled": "2024-01-20T09:49:45.391895Z", "last_pushed": null}], "last_updated": "2019-09-27T20:38:39.570431Z", "last_updater": 601605, "last_updater_username": "rancheriodhci", "name": "v0.0.11", "repository": 6098335, "full_size": 11994903, "v2": true, "tag_status": "active", "tag_last_pulled": "2024-01-20T09:49:45.391895Z", "tag_last_pushed": "2019-09-27T20:38:39.570431Z", "media_type": "application/vnd.docker.distribution.manifest.list.v2+json", "content_type": "image"}, {"creator": 601605, "id": 70472857, "images": [{"architecture": "arm", "features": "", "variant": null, "digest": "sha256:9dd2061d130356dcc98294064923e373b18b2cd32e5607a1ae09414023c63320", "os": "linux", "os_features": "", "os_version": null, "size": 11142978, "status": "active", "last_pulled": "2024-01-20T09:49:45.019315Z", "last_pushed": null}], "last_updated": "2019-09-27T20:38:22.486653Z", "last_updater": 601605, "last_updater_username": "rancheriodhci", "name": "v0.0.11-arm", "repository": 6098335, "full_size": 11142978, "v2": true, "tag_status": "active", "tag_last_pulled": "2024-01-20T09:49:45.019315Z", "tag_last_pushed": "2019-09-27T20:38:22.486653Z", "media_type": "application/vnd.docker.container.image.v1+json", "content_type": "image"}, {"creator": 601605, "id": 70472850, "images": [{"architecture": "arm64", "features": "", "variant": null, "digest": "sha256:4f09dc48706073002cbc89a5129ff97f050237be65be7dc2955f746399166213", "os": "linux", "os_features": "", "os_version": null, "size": 11098135, "status": "active", "last_pulled": "2024-01-20T09:49:45.391895Z", "last_pushed": null}], "last_updated": "2019-09-27T20:38:18.068216Z", "last_updater": 601605, "last_updater_username": "rancheriodhci", "name": "v0.0.11-arm64", "repository": 6098335, "full_size": 11098135, "v2": true, "tag_status": "active", "tag_last_pulled": "2024-01-20T09:49:45.391895Z", "tag_last_pushed": "2019-09-27T20:38:18.068216Z", "media_type": "application/vnd.docker.container.image.v1+json", "content_type": "image"}, {"creator": 601605, "id": 70472827, "images": [{"architecture": "amd64", "features": "", "variant": null, "digest": "sha256:ac1dbca1c2db506e68a4855fb23311e0459ac9c6e2e33ac52a5549787ef40b7b", "os": "linux", "os_features": "", "os_version": null, "size": 11994903, "status": "active", "last_pulled": "2024-01-20T09:23:17.391459Z", "last_pushed": null}], "last_updated": "2019-09-27T20:38:01.754894Z", "last_updater": 601605, "last_updater_username": "rancheriodhci", "name": "v0.0.11-amd64", "repository": 6098335, "full_size": 11994903, "v2": true, "tag_status": "active", "tag_last_pulled": "2024-01-20T09:23:17.391459Z", "tag_last_pushed": "2019-09-27T20:38:01.754894Z", "media_type": "application/vnd.docker.container.image.v1+json", "content_type": "image"}, {"creator": 601605, "id": 70471218, "images": [{"architecture": "amd64", "features": "", "variant": null, "digest": "sha256:8e1c1f95907c7f06070bc97da59956548ea172589413882317d819e266dcc698", "os": "linux", "os_features": "", "os_version": null, "size": 11995138, "status": "active", "last_pulled": "2024-01-20T09:49:46.941196Z", "last_pushed": null}, {"architecture": "arm64", "features": "", "variant": null, "digest": "sha256:a5d7da26446eb34597cc0cbf783d9b3e1c320b80e46cd0840f0029add8e95b7a", "os": "linux", "os_features": "", "os_version": null, "size": 11098843, "status": "active", "last_pulled": "2024-01-20T09:49:47.304913Z", "last_pushed": null}, {"architecture": "arm", "features": "", "variant": null, "digest": "sha256:e0b9ba9acf695a2f9a640a5521ecce16eb140951d74023b9ef220a132fe8163d", "os": "linux", "os_features": "", "os_version": null, "size": 11142691, "status": "active", "last_pulled": "2024-01-20T09:48:10.561337Z", "last_pushed": null}], "last_updated": "2019-09-27T20:24:49.932303Z", "last_updater": 601605, "last_updater_username": "rancheriodhci", "name": "v0.0.11-rc2", "repository": 6098335, "full_size": 11995138, "v2": true, "tag_status": "active", "tag_last_pulled": "2024-01-20T09:49:47.304913Z", "tag_last_pushed": "2019-09-27T20:24:49.932303Z", "media_type": "application/vnd.docker.distribution.manifest.list.v2+json", "content_type": "image"}, {"creator": 601605, "id": 70471182, "images": [{"architecture": "arm", "features": "", "variant": null, "digest": "sha256:e0b9ba9acf695a2f9a640a5521ecce16eb140951d74023b9ef220a132fe8163d", "os": "linux", "os_features": "", "os_version": null, "size": 11142691, "status": "active", "last_pulled": "2024-01-20T09:48:10.561337Z", "last_pushed": null}], "last_updated": "2019-09-27T20:24:32.681968Z", "last_updater": 601605, "last_updater_username": "rancheriodhci", "name": "v0.0.11-rc2-arm", "repository": 6098335, "full_size": 11142691, "v2": true, "tag_status": "active", "tag_last_pulled": "2024-01-20T09:48:10.561337Z", "tag_last_pushed": "2019-09-27T20:24:32.681968Z", "media_type": "application/vnd.docker.container.image.v1+json", "content_type": "image"}, {"creator": 601605, "id": 70471146, "images": [{"architecture": "amd64", "features": "", "variant": null, "digest": "sha256:8e1c1f95907c7f06070bc97da59956548ea172589413882317d819e266dcc698", "os": "linux", "os_features": "", "os_version": null, "size": 11995138, "status": "active", "last_pulled": "2024-01-20T09:49:46.941196Z", "last_pushed": null}], "last_updated": "2019-09-27T20:24:21.836123Z", "last_updater": 601605, "last_updater_username": "rancheriodhci", "name": "v0.0.11-rc2-amd64", "repository": 6098335, "full_size": 11995138, "v2": true, "tag_status": "active", "tag_last_pulled": "2024-01-20T09:49:46.941196Z", "tag_last_pushed": "2019-09-27T20:24:21.836123Z", "media_type": "application/vnd.docker.container.image.v1+json", "content_type": "image"}, {"creator": 601605, "id": 70471147, "images": [{"architecture": "arm64", "features": "", "variant": null, "digest": "sha256:a5d7da26446eb34597cc0cbf783d9b3e1c320b80e46cd0840f0029add8e95b7a", "os": "linux", "os_features": "", "os_version": null, "size": 11098843, "status": "active", "last_pulled": "2024-01-20T09:49:47.304913Z", "last_pushed": null}], "last_updated": "2019-09-27T20:24:21.734885Z", "last_updater": 601605, "last_updater_username": "rancheriodhci", "name": "v0.0.11-rc2-arm64", "repository": 6098335, "full_size": 11098843, "v2": true, "tag_status": "active", "tag_last_pulled": "2024-01-20T09:49:47.304913Z", "tag_last_pushed": "2019-09-27T20:24:21.734885Z", "media_type": "application/vnd.docker.container.image.v1+json", "content_type": "image"}, {"creator": 601605, "id": 70367917, "images": [{"architecture": "arm", "features": "", "variant": null, "digest": "sha256:5ae359be351b0087a39bbc1738ea945951840143d088dbcac319ed6a4889fd0b", "os": "linux", "os_features": "", "os_version": null, "size": 11143140, "status": "active", "last_pulled": "2024-01-20T09:49:48.038162Z", "last_pushed": null}, {"architecture": "arm64", "features": "", "variant": null, "digest": "sha256:6d2350d7e8fb1e5a69d34a8808c77fc9d39ce6a3d54b1c8f2fe94bc1b0545475", "os": "linux", "os_features": "", "os_version": null, "size": 11099153, "status": "active", "last_pulled": "2024-01-20T09:15:48.153533Z", "last_pushed": null}, {"architecture": "amd64", "features": "", "variant": null, "digest": "sha256:92c613061a68ab67d2c3e2c71762feff7ecf5377cd68943d8def66628650874e", "os": "linux", "os_features": "", "os_version": null, "size": 11995264, "status": "active", "last_pulled": "2024-01-20T09:49:48.696232Z", "last_pushed": null}], "last_updated": "2019-09-27T04:50:13.654143Z", "last_updater": 601605, "last_updater_username": "rancheriodhci", "name": "v0.0.11-rc1", "repository": 6098335, "full_size": 11995264, "v2": true, "tag_status": "active", "tag_last_pulled": "2024-01-20T09:49:48.696232Z", "tag_last_pushed": "2019-09-27T04:50:13.654143Z", "media_type": "application/vnd.docker.distribution.manifest.list.v2+json", "content_type": "image"}, {"creator": 601605, "id": 70367735, "images": [{"architecture": "arm", "features": "", "variant": null, "digest": "sha256:5ae359be351b0087a39bbc1738ea945951840143d088dbcac319ed6a4889fd0b", "os": "linux", "os_features": "", "os_version": null, "size": 11143140, "status": "active", "last_pulled": "2024-01-20T09:49:48.038162Z", "last_pushed": null}], "last_updated": "2019-09-27T04:49:59.815429Z", "last_updater": 601605, "last_updater_username": "rancheriodhci", "name": "v0.0.11-rc1-arm", "repository": 6098335, "full_size": 11143140, "v2": true, "tag_status": "active", "tag_last_pulled": "2024-01-20T09:49:48.038162Z", "tag_last_pushed": "2019-09-27T04:49:59.815429Z", "media_type": "application/vnd.docker.container.image.v1+json", "content_type": "image"}, {"creator": 601605, "id": 70367831, "images": [{"architecture": "arm64", "features": "", "variant": null, "digest": "sha256:6d2350d7e8fb1e5a69d34a8808c77fc9d39ce6a3d54b1c8f2fe94bc1b0545475", "os": "linux", "os_features": "", "os_version": null, "size": 11099153, "status": "active", "last_pulled": "2024-01-20T09:15:48.153533Z", "last_pushed": null}], "last_updated": "2019-09-27T04:48:44.194368Z", "last_updater": 601605, "last_updater_username": "rancheriodhci", "name": "v0.0.11-rc1-arm64", "repository": 6098335, "full_size": 11099153, "v2": true, "tag_status": "active", "tag_last_pulled": "2024-01-20T09:15:48.153533Z", "tag_last_pushed": "2019-09-27T04:48:44.194368Z", "media_type": "application/vnd.docker.container.image.v1+json", "content_type": "image"}, {"creator": 601605, "id": 70367813, "images": [{"architecture": "amd64", "features": "", "variant": null, "digest": "sha256:92c613061a68ab67d2c3e2c71762feff7ecf5377cd68943d8def66628650874e", "os": "linux", "os_features": "", "os_version": null, "size": 11995264, "status": "active", "last_pulled": "2024-01-20T09:49:48.696232Z", "last_pushed": null}], "last_updated": "2019-09-27T04:48:32.246486Z", "last_updater": 601605, "last_updater_username": "rancheriodhci", "name": "v0.0.11-rc1-amd64", "repository": 6098335, "full_size": 11995264, "v2": true, "tag_status": "active", "tag_last_pulled": "2024-01-20T09:49:48.696232Z", "tag_last_pushed": "2019-09-27T04:48:32.246486Z", "media_type": "application/vnd.docker.container.image.v1+json", "content_type": "image"}, {"creator": 129202, "id": 70090890, "images": [{"architecture": "amd64", "features": "", "variant": null, "digest": "sha256:6969da421353b1b15db0563b54a0b3fb1645fedd405cc85c6c4f0b6b9e03c3c0", "os": "linux", "os_features": "", "os_version": null, "size": 53344733, "status": "active", "last_pulled": "2024-01-20T09:49:49.034227Z", "last_pushed": null}], "last_updated": "2019-09-25T18:34:40.336355Z", "last_updater": 129202, "last_updater_username": "yasker", "name": "v0.0.10", "repository": 6098335, "full_size": 53344733, "v2": true, "tag_status": "active", "tag_last_pulled": "2024-01-20T09:49:49.034227Z", "tag_last_pushed": "2019-09-25T18:34:40.336355Z", "media_type": "application/vnd.docker.container.image.v1+json", "content_type": "image"}, {"creator": 129202, "id": 56395223, "images": [{"architecture": "amd64", "features": "", "variant": null, "digest": "sha256:90d415b6f33615ca2d7428b8ab46f1762f34ecb57437ba6d57e12d5f43cffb9d", "os": "linux", "os_features": "", "os_version": null, "size": 11631502, "status": "active", "last_pulled": "2024-01-20T09:02:09.453083Z", "last_pushed": null}], "last_updated": "2019-05-21T16:05:13.278889Z", "last_updater": 129202, "last_updater_username": "yasker", "name": "v0.0.9", "repository": 6098335, "full_size": 11631502, "v2": true, "tag_status": "active", "tag_last_pulled": "2024-01-20T09:02:09.453083Z", "tag_last_pushed": "2019-05-21T16:05:13.278889Z", "media_type": "application/vnd.docker.container.image.v1+json", "content_type": "image"}, {"creator": 129202, "id": 54374372, "images": [{"architecture": "amd64", "features": "", "variant": null, "digest": "sha256:39cbb5c34926b03d5223c65912c1b0c32c998e225cd576c4712876f4a01b4066", "os": "linux", "os_features": "", "os_version": null, "size": 11631691, "status": "active", "last_pulled": "2024-01-20T09:49:49.910147Z", "last_pushed": null}], "last_updated": "2019-05-02T21:04:34.612016Z", "last_updater": 129202, "last_updater_username": "yasker", "name": "v0.0.8", "repository": 6098335, "full_size": 11631691, "v2": true, "tag_status": "active", "tag_last_pulled": "2024-01-20T09:49:49.910147Z", "tag_last_pushed": "2019-05-02T21:04:34.612016Z", "media_type": "application/vnd.docker.container.image.v1+json", "content_type": "image"}, {"creator": 129202, "id": 53906713, "images": [{"architecture": "amd64", "features": "", "variant": null, "digest": "sha256:1d3661aa0c7ba3c8a81219ab86a7fe4cfbd13c1b97e2622d034e66900f9e106d", "os": "linux", "os_features": "", "os_version": null, "size": 11631691, "status": "active", "last_pulled": "2024-01-20T09:49:50.269483Z", "last_pushed": null}], "last_updated": "2019-04-26T20:21:55.015943Z", "last_updater": 129202, "last_updater_username": "yasker", "name": "v0.0.7", "repository": 6098335, "full_size": 11631691, "v2": true, "tag_status": "active", "tag_last_pulled": "2024-01-20T09:49:50.269483Z", "tag_last_pushed": "2019-04-26T20:21:55.015943Z", "media_type": "application/vnd.docker.container.image.v1+json", "content_type": "image"}, {"creator": 129202, "id": 53038023, "images": [{"architecture": "amd64", "features": "", "variant": null, "digest": "sha256:c313acf66d0f03f5879a5b2f1809408cf20ac58a18ad1f60fbbc8d90e8fa7635", "os": "linux", "os_features": "", "os_version": null, "size": 11630387, "status": "active", "last_pulled": "2024-01-20T09:49:50.606943Z", "last_pushed": null}], "last_updated": "2019-04-18T02:13:18.256309Z", "last_updater": 129202, "last_updater_username": "yasker", "name": "v0.0.6", "repository": 6098335, "full_size": 11630387, "v2": true, "tag_status": "active", "tag_last_pulled": "2024-01-20T09:49:50.606943Z", "tag_last_pushed": "2019-04-18T02:13:18.256309Z", "media_type": "application/vnd.docker.container.image.v1+json", "content_type": "image"}, {"creator": 129202, "id": 49754727, "images": [{"architecture": "amd64", "features": "", "variant": null, "digest": "sha256:e66f32d19eb9d15eb7c0ed49d2ac258d7cfc98902ead6972447ad5c5ee13a5fe", "os": "linux", "os_features": "", "os_version": null, "size": 134811417, "status": "active", "last_pulled": "2024-01-20T09:49:50.947014Z", "last_pushed": null}], "last_updated": "2019-03-14T22:03:57.719196Z", "last_updater": 129202, "last_updater_username": "yasker", "name": "v0.0.5", "repository": 6098335, "full_size": 134811417, "v2": true, "tag_status": "active", "tag_last_pulled": "2024-01-20T09:49:50.947014Z", "tag_last_pushed": "2019-03-14T22:03:57.719196Z", "media_type": "application/vnd.docker.container.image.v1+json", "content_type": "image"}, {"creator": 129202, "id": 48465032, "images": [{"architecture": "amd64", "features": "", "variant": null, "digest": "sha256:c05058b217b9a6a5edc4ad7c36a951f3fa8503828eb58b164f3153f39ecc0a5a", "os": "linux", "os_features": "", "os_version": null, "size": 134812329, "status": "active", "last_pulled": "2024-01-20T09:49:51.343194Z", "last_pushed": null}], "last_updated": "2019-03-02T07:31:00.680426Z", "last_updater": 129202, "last_updater_username": "yasker", "name": "v0.0.4", "repository": 6098335, "full_size": 134812329, "v2": true, "tag_status": "active", "tag_last_pulled": "2024-01-20T09:49:51.343194Z", "tag_last_pushed": "2019-03-02T07:31:00.680426Z", "media_type": "application/vnd.docker.container.image.v1+json", "content_type": "image"}, {"creator": 129202, "id": 48464460, "images": [{"architecture": "amd64", "features": "", "variant": null, "digest": "sha256:eaa7394e54d2aecd9cbe7db28d50f36b28587eadc5c124bfe186a616c7912759", "os": "linux", "os_features": "", "os_version": null, "size": 134812319, "status": "active", "last_pulled": "2024-01-20T09:24:16.988324Z", "last_pushed": null}], "last_updated": "2019-03-02T07:18:52.970069Z", "last_updater": 129202, "last_updater_username": "yasker", "name": "b8bd3b1", "repository": 6098335, "full_size": 134812319, "v2": true, "tag_status": "active", "tag_last_pulled": "2024-01-20T09:24:16.988324Z", "tag_last_pushed": "2019-03-02T07:18:52.970069Z", "media_type": "application/vnd.docker.container.image.v1+json", "content_type": "image"}, {"creator": 129202, "id": 47994390, "images": [{"architecture": "amd64", "features": "", "variant": null, "digest": "sha256:3f7b7fa2ece3f0c0628d8d54018b15d040259afa7d0ec945f72350c20e74101b", "os": "linux", "os_features": "", "os_version": null, "size": 134812308, "status": "active", "last_pulled": "2024-01-20T09:15:52.305641Z", "last_pushed": null}], "last_updated": "2019-02-26T01:56:35.761334Z", "last_updater": 129202, "last_updater_username": "yasker", "name": "v0.0.3", "repository": 6098335, "full_size": 134812308, "v2": true, "tag_status": "active", "tag_last_pulled": "2024-01-20T09:15:52.305641Z", "tag_last_pushed": "2019-02-26T01:56:35.761334Z", "media_type": "application/vnd.docker.container.image.v1+json", "content_type": "image"}, {"creator": 129202, "id": 37545122, "images": [{"architecture": "amd64", "features": "", "variant": null, "digest": "sha256:78261ceb644c520ee24268b9124dd62ef5dfbd6479ea9db8a0154a0f484a5da4", "os": "linux", "os_features": "", "os_version": null, "size": 134812415, "status": "active", "last_pulled": "2024-01-20T09:49:52.413357Z", "last_pushed": null}], "last_updated": "2018-10-15T23:17:09.21116Z", "last_updater": 129202, "last_updater_username": "yasker", "name": "v0.0.2", "repository": 6098335, "full_size": 134812415, "v2": true, "tag_status": "active", "tag_last_pulled": "2024-01-20T09:49:52.413357Z", "tag_last_pushed": "2018-10-15T23:17:09.21116Z", "media_type": "application/vnd.docker.container.image.v1+json", "content_type": "image"}, {"creator": 129202, "id": 36606869, "images": [{"architecture": "amd64", "features": "", "variant": null, "digest": "sha256:33b9dba74949c99c78dcf658ef72af0e221b7ef5f6c7eefd080163e4c7c16c89", "os": "linux", "os_features": "", "os_version": null, "size": 134421905, "status": "active", "last_pulled": "2024-01-20T08:52:37.082133Z", "last_pushed": null}], "last_updated": "2018-10-03T07:39:36.706125Z", "last_updater": 129202, "last_updater_username": "yasker", "name": "v0.0.1", "repository": 6098335, "full_size": 134421905, "v2": true, "tag_status": "active", "tag_last_pulled": "2024-01-20T08:52:37.082133Z", "tag_last_pushed": "2018-10-03T07:39:36.706125Z", "media_type": "application/vnd.docker.container.image.v1+json", "content_type": "image"}, {"creator": 129202, "id": 36606737, "images": [{"architecture": "amd64", "features": "", "variant": null, "digest": "sha256:d5b23dfa20faf2987d216c8bd7b263fc2d5c75a9f5ea050f4344cfcf3aff56c5", "os": "linux", "os_features": "", "os_version": null, "size": 134421907, "status": "active", "last_pulled": "2024-01-20T09:24:46.975627Z", "last_pushed": null}], "last_updated": "2018-10-03T07:35:51.705209Z", "last_updater": 129202, "last_updater_username": "yasker", "name": "6b6d653", "repository": 6098335, "full_size": 134421907, "v2": true, "tag_status": "active", "tag_last_pulled": "2024-01-20T09:24:46.975627Z", "tag_last_pushed": "2018-10-03T07:35:51.705209Z", "media_type": "application/vnd.docker.container.image.v1+json", "content_type": "image"}]