[{"creator": 601605, "id": 431601072, "images": [{"architecture": "amd64", "features": "", "variant": null, "digest": "sha256:8d4106c88ec0bd28001e34c975d65175d994072d65341f62a8ab0754b0fafe10", "os": "linux", "os_features": "", "os_version": null, "size": 317616, "status": "active", "last_pulled": "2024-01-20T08:56:05.938359Z", "last_pushed": "2024-01-19T22:20:47.832493Z"}], "last_updated": "2024-01-19T22:20:47.832493Z", "last_updater": 601605, "last_updater_username": "rancheriodhci", "name": "3.9-amd64", "repository": 11844321, "full_size": 317616, "v2": true, "tag_status": "active", "tag_last_pulled": "2024-01-20T08:56:05.938359Z", "tag_last_pushed": "2024-01-19T22:20:47.832493Z", "media_type": "application/vnd.docker.container.image.v1+json", "content_type": "image", "digest": "sha256:8d4106c88ec0bd28001e34c975d65175d994072d65341f62a8ab0754b0fafe10"}, {"creator": 601605, "id": 424883485, "images": [{"architecture": "amd64", "features": "", "variant": null, "digest": "sha256:f5944f2d1daf66463768a1503d0c8c5e8dde7c1674d3f85abc70cef9c7e32e95", "os": "linux", "os_features": "", "os_version": null, "size": 307026, "status": "active", "last_pulled": "2024-01-20T08:56:05.993513Z", "last_pushed": "2024-01-19T22:20:43.578722Z"}], "last_updated": "2024-01-19T22:20:43.578722Z", "last_updater": 601605, "last_updater_username": "rancheriodhci", "name": "3.8-amd64", "repository": 11844321, "full_size": 307026, "v2": true, "tag_status": "active", "tag_last_pulled": "2024-01-20T08:56:05.993513Z", "tag_last_pushed": "2024-01-19T22:20:43.578722Z", "media_type": "application/vnd.docker.container.image.v1+json", "content_type": "image", "digest": "sha256:f5944f2d1daf66463768a1503d0c8c5e8dde7c1674d3f85abc70cef9c7e32e95"}, {"creator": 601605, "id": 424883071, "images": [{"architecture": "amd64", "features": "", "variant": null, "digest": "sha256:f81611a21cf91214c1ea751c5b525931a0e2ebabe62b3937b6158039ff6f922d", "os": "linux", "os_features": "", "os_version": null, "size": 307023, "status": "active", "last_pulled": "2024-01-20T09:35:50.614971Z", "last_pushed": "2024-01-19T22:19:59.553278Z"}], "last_updated": "2024-01-19T22:19:59.553278Z", "last_updater": 601605, "last_updater_username": "rancheriodhci", "name": "3.7-amd64", "repository": 11844321, "full_size": 307023, "v2": true, "tag_status": "active", "tag_last_pulled": "2024-01-20T09:35:50.614971Z", "tag_last_pushed": "2024-01-19T22:19:59.553278Z", "media_type": "application/vnd.docker.container.image.v1+json", "content_type": "image", "digest": "sha256:f81611a21cf91214c1ea751c5b525931a0e2ebabe62b3937b6158039ff6f922d"}, {"creator": 601605, "id": 176368734, "images": [{"architecture": "amd64", "features": "", "variant": null, "digest": "sha256:c2280d2f5f56cf9c9a01bb64b2db4651e35efd6d62a54dcfc12049fe6449c5e4", "os": "linux", "os_features": "", "os_version": null, "size": 296517, "status": "active", "last_pulled": "2024-01-20T09:29:58.404517Z", "last_pushed": "2024-01-19T22:19:54.757417Z"}], "last_updated": "2024-01-19T22:19:54.757417Z", "last_updater": 601605, "last_updater_username": "rancheriodhci", "name": "3.6-amd64", "repository": 11844321, "full_size": 296517, "v2": true, "tag_status": "active", "tag_last_pulled": "2024-01-20T09:29:58.404517Z", "tag_last_pushed": "2024-01-19T22:19:54.757417Z", "media_type": "application/vnd.docker.container.image.v1+json", "content_type": "image", "digest": "sha256:c2280d2f5f56cf9c9a01bb64b2db4651e35efd6d62a54dcfc12049fe6449c5e4"}, {"creator": 601605, "id": 154610279, "images": [{"architecture": "amd64", "features": "", "variant": null, "digest": "sha256:369201a612f7b2b585a8e6ca99f77a36bcdbd032463d815388a96800b63ef2c8", "os": "linux", "os_features": "", "os_version": null, "size": 296517, "status": "active", "last_pulled": "2024-01-20T09:19:44.039092Z", "last_pushed": "2024-01-19T22:19:47.541054Z"}], "last_updated": "2024-01-19T22:19:47.541054Z", "last_updater": 601605, "last_updater_username": "rancheriodhci", "name": "3.5-amd64", "repository": 11844321, "full_size": 296517, "v2": true, "tag_status": "active", "tag_last_pulled": "2024-01-20T09:19:44.039092Z", "tag_last_pushed": "2024-01-19T22:19:47.541054Z", "media_type": "application/vnd.docker.container.image.v1+json", "content_type": "image", "digest": "sha256:369201a612f7b2b585a8e6ca99f77a36bcdbd032463d815388a96800b63ef2c8"}, {"creator": 601605, "id": 149138393, "images": [{"architecture": "amd64", "features": "", "variant": null, "digest": "sha256:914e745e524aa94315a25b49a7fafc0aa395e332126930593225d7a513f5a6b2", "os": "linux", "os_features": "", "os_version": null, "size": 296521, "status": "active", "last_pulled": "2024-01-20T08:56:36.843434Z", "last_pushed": "2024-01-19T22:19:40.965216Z"}], "last_updated": "2024-01-19T22:19:40.965216Z", "last_updater": 601605, "last_updater_username": "rancheriodhci", "name": "3.4.1-amd64", "repository": 11844321, "full_size": 296521, "v2": true, "tag_status": "active", "tag_last_pulled": "2024-01-20T08:56:36.843434Z", "tag_last_pushed": "2024-01-19T22:19:40.965216Z", "media_type": "application/vnd.docker.container.image.v1+json", "content_type": "image", "digest": "sha256:914e745e524aa94315a25b49a7fafc0aa395e332126930593225d7a513f5a6b2"}, {"creator": 601605, "id": 424883907, "images": [{"architecture": "s390x", "features": "", "variant": null, "digest": "sha256:7eaeb31509d7f370599ef78d55956e170eafb7f4a75b8dc14b5c06071d13aae0", "os": "linux", "os_features": "", "os_version": null, "size": 253186, "status": "active", "last_pulled": "2024-01-20T06:17:21.490312Z", "last_pushed": "2023-06-26T18:18:29.341145Z"}], "last_updated": "2023-06-26T18:18:29.341145Z", "last_updater": 601605, "last_updater_username": "rancheriodhci", "name": "3.8-s390x", "repository": 11844321, "full_size": 253186, "v2": true, "tag_status": "active", "tag_last_pulled": "2024-01-20T06:17:21.490312Z", "tag_last_pushed": "2023-06-26T18:18:29.341145Z", "media_type": "application/vnd.docker.container.image.v1+json", "content_type": "image", "digest": "sha256:7eaeb31509d7f370599ef78d55956e170eafb7f4a75b8dc14b5c06071d13aae0"}, {"creator": 601605, "id": 431601217, "images": [{"architecture": "s390x", "features": "", "variant": null, "digest": "sha256:313c244fbd9e5c29d41089a388c5768112a74cb02ce3328f2424b43981bd7602", "os": "linux", "os_features": "", "os_version": null, "size": 253186, "status": "active", "last_pulled": "2024-01-20T06:17:20.706906Z", "last_pushed": "2023-05-02T15:13:58.422587Z"}], "last_updated": "2023-05-02T15:13:58.569213Z", "last_updater": 601605, "last_updater_username": "rancheriodhci", "name": "3.9-s390x", "repository": 11844321, "full_size": 253186, "v2": true, "tag_status": "active", "tag_last_pulled": "2024-01-20T06:17:20.706906Z", "tag_last_pushed": "2023-05-02T15:13:58.569213Z", "media_type": "application/vnd.docker.container.image.v1+json", "content_type": "image", "digest": "sha256:313c244fbd9e5c29d41089a388c5768112a74cb02ce3328f2424b43981bd7602"}, {"creator": 601605, "id": 431601191, "images": [{"architecture": "arm", "features": "", "variant": "v7", "digest": "sha256:cad97be0e860c5499b2970d7dd163c43cd08150b8551d3b7cbfa5f760ca69757", "os": "linux", "os_features": "", "os_version": null, "size": 204386, "status": "active", "last_pulled": "2024-01-20T06:17:21.464293Z", "last_pushed": "2023-05-02T15:13:56.013941Z"}], "last_updated": "2023-05-02T15:13:56.156301Z", "last_updater": 601605, "last_updater_username": "rancheriodhci", "name": "3.9-arm", "repository": 11844321, "full_size": 204386, "v2": true, "tag_status": "active", "tag_last_pulled": "2024-01-20T06:17:21.464293Z", "tag_last_pushed": "2023-05-02T15:13:56.156301Z", "media_type": "application/vnd.docker.container.image.v1+json", "content_type": "image", "digest": "sha256:cad97be0e860c5499b2970d7dd163c43cd08150b8551d3b7cbfa5f760ca69757"}, {"creator": 601605, "id": 431601165, "images": [{"architecture": "arm64", "features": "", "variant": null, "digest": "sha256:3ec98b8452dc8ae265a6917dfb81587ac78849e520d5dbba6de524851d20eca6", "os": "linux", "os_features": "", "os_version": null, "size": 264147, "status": "active", "last_pulled": "2024-01-20T06:17:21.452486Z", "last_pushed": "2023-05-02T15:13:53.666177Z"}], "last_updated": "2023-05-02T15:13:53.792797Z", "last_updater": 601605, "last_updater_username": "rancheriodhci", "name": "3.9-arm64", "repository": 11844321, "full_size": 264147, "v2": true, "tag_status": "active", "tag_last_pulled": "2024-01-20T06:17:21.452486Z", "tag_last_pushed": "2023-05-02T15:13:53.792797Z", "media_type": "application/vnd.docker.container.image.v1+json", "content_type": "image", "digest": "sha256:3ec98b8452dc8ae265a6917dfb81587ac78849e520d5dbba6de524851d20eca6"}, {"creator": 601605, "id": 424883872, "images": [{"architecture": "arm", "features": "", "variant": "v7", "digest": "sha256:27295ffe5a75328e8230ff9bcabe2b54ebb9079ff70344d73a7b7c7e163ee1a6", "os": "linux", "os_features": "", "os_version": null, "size": 204387, "status": "active", "last_pulled": "2024-01-20T06:17:20.667029Z", "last_pushed": "2023-04-19T15:05:47.582349Z"}], "last_updated": "2023-04-19T15:05:47.755955Z", "last_updater": 601605, "last_updater_username": "rancheriodhci", "name": "3.8-arm", "repository": 11844321, "full_size": 204387, "v2": true, "tag_status": "active", "tag_last_pulled": "2024-01-20T06:17:20.667029Z", "tag_last_pushed": "2023-04-19T15:05:47.755955Z", "media_type": "application/vnd.docker.container.image.v1+json", "content_type": "image", "digest": "sha256:27295ffe5a75328e8230ff9bcabe2b54ebb9079ff70344d73a7b7c7e163ee1a6"}, {"creator": 601605, "id": 424883834, "images": [{"architecture": "arm64", "features": "", "variant": null, "digest": "sha256:566af08540f378a70a03588f3963b035f33c49ebab3e4e13a4f5edbcd78c6689", "os": "linux", "os_features": "", "os_version": null, "size": 264143, "status": "active", "last_pulled": "2024-01-20T06:17:21.078991Z", "last_pushed": "2023-04-19T15:05:45.123496Z"}], "last_updated": "2023-04-19T15:05:45.22943Z", "last_updater": 601605, "last_updater_username": "rancheriodhci", "name": "3.8-arm64", "repository": 11844321, "full_size": 264143, "v2": true, "tag_status": "active", "tag_last_pulled": "2024-01-20T06:17:21.078991Z", "tag_last_pushed": "2023-04-19T15:05:45.22943Z", "media_type": "application/vnd.docker.container.image.v1+json", "content_type": "image", "digest": "sha256:566af08540f378a70a03588f3963b035f33c49ebab3e4e13a4f5edbcd78c6689"}, {"creator": 601605, "id": 424883312, "images": [{"architecture": "amd64", "features": "", "variant": null, "digest": "sha256:85cfebc79dccc7a0e56680778a614b29a0b1c2ae98d4b1efc746764c04d5656c", "os": "windows", "os_features": "", "os_version": "10.0.20348.587", "size": 118909801, "status": "active", "last_pulled": "2024-01-19T22:19:57.140559Z", "last_pushed": "2024-01-19T22:19:56.907845Z"}, {"architecture": "amd64", "features": "", "variant": null, "digest": "sha256:54cd03c37f2e87826e4c7f1baf500ac6e70fa5fcebadd6254789c80f9268a2f0", "os": "windows", "os_features": "", "os_version": "10.0.19042.1586", "size": 106987509, "status": "active", "last_pulled": "2024-01-19T22:19:58.0649Z", "last_pushed": "2024-01-19T22:19:57.697649Z"}, {"architecture": "amd64", "features": "", "variant": null, "digest": "sha256:778127f16f3d75c810f1928dc6bb474eb22b55ff6e0d703eaff251faa8ab5eec", "os": "windows", "os_features": "", "os_version": "10.0.17763.2686", "size": 104478858, "status": "active", "last_pulled": "2024-01-19T22:19:59.153994Z", "last_pushed": "2024-01-19T22:19:58.74664Z"}, {"architecture": "amd64", "features": "", "variant": null, "digest": "sha256:f81611a21cf91214c1ea751c5b525931a0e2ebabe62b3937b6158039ff6f922d", "os": "linux", "os_features": "", "os_version": null, "size": 307023, "status": "active", "last_pulled": "2024-01-20T09:35:50.614971Z", "last_pushed": "2024-01-19T22:19:59.553278Z"}, {"architecture": "arm64", "features": "", "variant": null, "digest": "sha256:daff8f62d8a9446b88b0806d7f2bece15c5182b4bd9a327597ecde60cf19efb1", "os": "linux", "os_features": "", "os_version": null, "size": 264145, "status": "active", "last_pulled": "2024-01-20T06:17:21.097637Z", "last_pushed": "2023-04-19T15:04:55.303811Z"}, {"architecture": "arm", "features": "", "variant": "v7", "digest": "sha256:be47ea44f3699337ec9aced948758293f76336bba0900d383623d85c4a88e2d4", "os": "linux", "os_features": "", "os_version": null, "size": 204385, "status": "active", "last_pulled": "2024-01-20T06:17:20.970354Z", "last_pushed": "2023-04-19T15:04:58.070444Z"}, {"architecture": "s390x", "features": "", "variant": null, "digest": "sha256:779c511730521a030b80471064b9a2b4f531575144574882148bf25716031a0f", "os": "linux", "os_features": "", "os_version": null, "size": 253186, "status": "active", "last_pulled": "2024-01-20T06:17:20.63463Z", "last_pushed": "2023-04-19T15:05:00.668325Z"}], "last_updated": "2023-04-19T15:05:02.128296Z", "last_updater": 601605, "last_updater_username": "rancheriodhci", "name": "3.7", "repository": 11844321, "full_size": 118909801, "v2": true, "tag_status": "active", "tag_last_pulled": "2024-01-20T09:39:16.222011Z", "tag_last_pushed": "2023-04-19T15:05:02.128296Z", "media_type": "application/vnd.docker.distribution.manifest.list.v2+json", "content_type": "image", "digest": "sha256:fffa273bb7fc173c5cde1f414b2d2369b8b1ccb05dee92550f61a331f21fb32c"}, {"creator": 601605, "id": 424883298, "images": [{"architecture": "s390x", "features": "", "variant": null, "digest": "sha256:779c511730521a030b80471064b9a2b4f531575144574882148bf25716031a0f", "os": "linux", "os_features": "", "os_version": null, "size": 253186, "status": "active", "last_pulled": "2024-01-20T06:17:20.63463Z", "last_pushed": "2023-04-19T15:05:00.668325Z"}], "last_updated": "2023-04-19T15:05:00.836797Z", "last_updater": 601605, "last_updater_username": "rancheriodhci", "name": "3.7-s390x", "repository": 11844321, "full_size": 253186, "v2": true, "tag_status": "active", "tag_last_pulled": "2024-01-20T06:17:20.63463Z", "tag_last_pushed": "2023-04-19T15:05:00.836797Z", "media_type": "application/vnd.docker.container.image.v1+json", "content_type": "image", "digest": "sha256:779c511730521a030b80471064b9a2b4f531575144574882148bf25716031a0f"}, {"creator": 601605, "id": 424883252, "images": [{"architecture": "arm", "features": "", "variant": "v7", "digest": "sha256:be47ea44f3699337ec9aced948758293f76336bba0900d383623d85c4a88e2d4", "os": "linux", "os_features": "", "os_version": null, "size": 204385, "status": "active", "last_pulled": "2024-01-20T06:17:20.970354Z", "last_pushed": "2023-04-19T15:04:58.070444Z"}], "last_updated": "2023-04-19T15:04:58.213589Z", "last_updater": 601605, "last_updater_username": "rancheriodhci", "name": "3.7-arm", "repository": 11844321, "full_size": 204385, "v2": true, "tag_status": "active", "tag_last_pulled": "2024-01-20T06:17:20.970354Z", "tag_last_pushed": "2023-04-19T15:04:58.213589Z", "media_type": "application/vnd.docker.container.image.v1+json", "content_type": "image", "digest": "sha256:be47ea44f3699337ec9aced948758293f76336bba0900d383623d85c4a88e2d4"}, {"creator": 601605, "id": 424883209, "images": [{"architecture": "arm64", "features": "", "variant": null, "digest": "sha256:daff8f62d8a9446b88b0806d7f2bece15c5182b4bd9a327597ecde60cf19efb1", "os": "linux", "os_features": "", "os_version": null, "size": 264145, "status": "active", "last_pulled": "2024-01-20T06:17:21.097637Z", "last_pushed": "2023-04-19T15:04:55.303811Z"}], "last_updated": "2023-04-19T15:04:55.461958Z", "last_updater": 601605, "last_updater_username": "rancheriodhci", "name": "3.7-arm64", "repository": 11844321, "full_size": 264145, "v2": true, "tag_status": "active", "tag_last_pulled": "2024-01-20T06:17:21.097637Z", "tag_last_pushed": "2023-04-19T15:04:55.461958Z", "media_type": "application/vnd.docker.container.image.v1+json", "content_type": "image", "digest": "sha256:daff8f62d8a9446b88b0806d7f2bece15c5182b4bd9a327597ecde60cf19efb1"}, {"creator": 601605, "id": 176368735, "images": [{"architecture": "amd64", "features": "", "variant": null, "digest": "sha256:0fe79da57a2637b5644b904fa5436fbf09acfed4e9ccb28c08ecb651d26e2a13", "os": "windows", "os_features": "", "os_version": null, "size": 119391124, "status": "active", "last_pulled": "2024-01-20T05:55:36.285753Z", "last_pushed": "2024-01-19T22:19:49.821086Z"}, {"architecture": "amd64", "features": "", "variant": null, "digest": "sha256:3de70473affc7c64046ebfd5933f986810ec791062169463b9208dd29bc3f64f", "os": "windows", "os_features": "", "os_version": null, "size": 106701410, "status": "active", "last_pulled": "2024-01-20T05:55:38.821361Z", "last_pushed": "2024-01-19T22:19:50.595497Z"}, {"architecture": "amd64", "features": "", "variant": null, "digest": "sha256:52cf31e3e72d7f39430c5f627c334dc27b14d90c39f06397e310082bd1bab8e0", "os": "windows", "os_features": "", "os_version": null, "size": 106667390, "status": "active", "last_pulled": "2024-01-20T05:55:40.774517Z", "last_pushed": "2024-01-19T22:19:51.417174Z"}, {"architecture": "amd64", "features": "", "variant": null, "digest": "sha256:68152fc548cf9eba6974d607691dea45837bd939ddfe23758f73e55411abeb8d", "os": "windows", "os_features": "", "os_version": null, "size": 103555455, "status": "active", "last_pulled": "2024-01-20T05:55:42.600784Z", "last_pushed": "2024-01-19T22:19:52.16835Z"}, {"architecture": "amd64", "features": "", "variant": null, "digest": "sha256:1d54a4311989cea19b8c22d87c2e8d63311c9677d4776a1c7197782c1f9a7717", "os": "windows", "os_features": "", "os_version": null, "size": 104279834, "status": "active", "last_pulled": "2024-01-20T05:55:44.452925Z", "last_pushed": "2024-01-19T22:19:53.15619Z"}, {"architecture": "amd64", "features": "", "variant": null, "digest": "sha256:5772746bf2e9851e12ed01e4fa3b7ef6577cedaaf5665aedec589f4503f9e929", "os": "windows", "os_features": "", "os_version": null, "size": 104152309, "status": "active", "last_pulled": "2024-01-20T05:55:46.634587Z", "last_pushed": "2024-01-19T22:19:53.988298Z"}, {"architecture": "amd64", "features": "", "variant": null, "digest": "sha256:c2280d2f5f56cf9c9a01bb64b2db4651e35efd6d62a54dcfc12049fe6449c5e4", "os": "linux", "os_features": "", "os_version": null, "size": 296517, "status": "active", "last_pulled": "2024-01-20T09:29:58.404517Z", "last_pushed": "2024-01-19T22:19:54.757417Z"}, {"architecture": "arm64", "features": "", "variant": null, "digest": "sha256:fd05cc99606e9180b261362fb625dc3759fc57cbb6f6bd4fecccec64cc85ddfd", "os": "linux", "os_features": "", "os_version": null, "size": 248297, "status": "active", "last_pulled": "2024-01-20T09:24:43.827797Z", "last_pushed": "2021-11-08T21:24:08.538773Z"}, {"architecture": "arm", "features": "", "variant": "v7", "digest": "sha256:1a5a920c09b7af153b7ab8240b25db38a07ddc8c479b54186a2a7a7635259aa3", "os": "linux", "os_features": "", "os_version": null, "size": 197251, "status": "active", "last_pulled": "2024-01-20T05:55:49.228153Z", "last_pushed": "2021-11-08T21:24:11.903723Z"}, {"architecture": "s390x", "features": "", "variant": null, "digest": "sha256:afdb0ff883edd576639aca0139c0159902eb20a605477eb18a76491a7b794864", "os": "linux", "os_features": "", "os_version": null, "size": 244777, "status": "active", "last_pulled": "2024-01-20T05:55:49.855492Z", "last_pushed": "2021-11-12T17:39:46.744287Z"}], "last_updated": "2022-02-17T18:43:26.710736Z", "last_updater": 601605, "last_updater_username": "rancheriodhci", "name": "3.6", "repository": 11844321, "full_size": 119391124, "v2": true, "tag_status": "active", "tag_last_pulled": "2024-01-20T09:29:58.404517Z", "tag_last_pushed": "2022-02-17T18:43:26.710736Z", "media_type": "application/vnd.docker.distribution.manifest.list.v2+json", "content_type": "image"}, {"creator": 601605, "id": 154610281, "images": [{"architecture": "amd64", "features": "", "variant": null, "digest": "sha256:b88a926ee1a2938c4b00fd608c2c50c8940a773ec6da2efae607094cc1cfe630", "os": "windows", "os_features": "", "os_version": null, "size": 106123661, "status": "active", "last_pulled": "2024-01-19T22:19:43.696997Z", "last_pushed": "2024-01-19T22:19:43.447399Z"}, {"architecture": "amd64", "features": "", "variant": null, "digest": "sha256:125398e3148d6038354f8d623b9005ede3a3f83d0c685a8bd9b669a03d52639a", "os": "windows", "os_features": "", "os_version": null, "size": 106111096, "status": "active", "last_pulled": "2024-01-19T22:19:44.640952Z", "last_pushed": "2024-01-19T22:19:44.424455Z"}, {"architecture": "amd64", "features": "", "variant": null, "digest": "sha256:8c0853e6c27bb685dd2ff57616c122dd7265e150502ea8083010281621d404cb", "os": "windows", "os_features": "", "os_version": null, "size": 103552771, "status": "active", "last_pulled": "2024-01-19T22:19:45.516982Z", "last_pushed": "2024-01-19T22:19:45.225421Z"}, {"architecture": "amd64", "features": "", "variant": null, "digest": "sha256:40ba27d6c61be49daebcd869d86d4f9f2b499b4d1feb606ee530dd4f86dedf6c", "os": "windows", "os_features": "", "os_version": null, "size": 104275474, "status": "active", "last_pulled": "2024-01-19T22:19:46.344296Z", "last_pushed": "2024-01-19T22:19:46.004167Z"}, {"architecture": "amd64", "features": "", "variant": null, "digest": "sha256:f3c77e5959c2e376825fc9b7cb5e591f5837792d1bf18de0119a46b6a98ea9d9", "os": "windows", "os_features": "", "os_version": null, "size": 102796718, "status": "active", "last_pulled": "2024-01-19T22:19:47.123904Z", "last_pushed": "2024-01-19T22:19:46.805456Z"}, {"architecture": "amd64", "features": "", "variant": null, "digest": "sha256:369201a612f7b2b585a8e6ca99f77a36bcdbd032463d815388a96800b63ef2c8", "os": "linux", "os_features": "", "os_version": null, "size": 296517, "status": "active", "last_pulled": "2024-01-20T09:19:44.039092Z", "last_pushed": "2024-01-19T22:19:47.541054Z"}, {"architecture": "arm64", "features": "", "variant": null, "digest": "sha256:76ca2030ac3433ab5bbcfdea286b0876b129fc276e0f9d2811674141ea7bab6b", "os": "linux", "os_features": "", "os_version": null, "size": 248297, "status": "active", "last_pulled": "2024-01-20T06:17:20.619944Z", "last_pushed": "2021-06-17T18:56:51.336078Z"}, {"architecture": "arm", "features": "", "variant": "v7", "digest": "sha256:94ee124c4b0ca7c1315c06c31532f78a929051ae8da7f122f905b2cbbfb1ecba", "os": "linux", "os_features": "", "os_version": null, "size": 197250, "status": "active", "last_pulled": "2024-01-20T06:17:21.525554Z", "last_pushed": "2021-06-17T18:56:54.582167Z"}, {"architecture": "s390x", "features": "", "variant": null, "digest": "sha256:fc5aae77765f7f26f729bad7bfb3cef1bf4e9260d616d173af4506b4f9fc63d3", "os": "linux", "os_features": "", "os_version": null, "size": 244775, "status": "active", "last_pulled": "2024-01-20T06:17:21.07294Z", "last_pushed": "2021-11-12T17:39:27.309756Z"}], "last_updated": "2022-02-17T18:43:11.094129Z", "last_updater": 601605, "last_updater_username": "rancheriodhci", "name": "3.5", "repository": 11844321, "full_size": 106123661, "v2": true, "tag_status": "active", "tag_last_pulled": "2024-01-20T09:19:44.039092Z", "tag_last_pushed": "2022-02-17T18:43:11.094129Z", "media_type": "application/vnd.docker.distribution.manifest.list.v2+json", "content_type": "image"}, {"creator": 601605, "id": 149138396, "images": [{"architecture": "amd64", "features": "", "variant": null, "digest": "sha256:bcf4eed258b46d55c344ab6415adf123570e7fe1e295812a52e8c4dacc8d8eca", "os": "windows", "os_features": "", "os_version": null, "size": 106979569, "status": "active", "last_pulled": "2024-01-19T22:19:36.866246Z", "last_pushed": "2024-01-19T22:19:36.59185Z"}, {"architecture": "amd64", "features": "", "variant": null, "digest": "sha256:3d668206a76bd80c36f3b07baf255b69fb6d7643393b64605a06e9d1ac62f606", "os": "windows", "os_features": "", "os_version": null, "size": 106953355, "status": "active", "last_pulled": "2024-01-19T22:19:37.838273Z", "last_pushed": "2024-01-19T22:19:37.602812Z"}, {"architecture": "amd64", "features": "", "variant": null, "digest": "sha256:3748d142b1fdceb3a1ce232c67030d9216fed186f09764630bbafd5c5feaa6f7", "os": "windows", "os_features": "", "os_version": null, "size": 104395214, "status": "active", "last_pulled": "2024-01-19T22:19:38.832629Z", "last_pushed": "2024-01-19T22:19:38.497772Z"}, {"architecture": "amd64", "features": "", "variant": null, "digest": "sha256:bba23c4f756569ec5ff446bbcebd015f6e5ab97e53b853b0fdf23a0ef07560cd", "os": "windows", "os_features": "", "os_version": null, "size": 104275458, "status": "active", "last_pulled": "2024-01-19T22:19:39.670877Z", "last_pushed": "2024-01-19T22:19:39.313177Z"}, {"architecture": "amd64", "features": "", "variant": null, "digest": "sha256:184010fdf8d44317f68c617f2f35a0a443a43d1eb765b1bf432f2a098c229b4c", "os": "windows", "os_features": "", "os_version": null, "size": 102746828, "status": "active", "last_pulled": "2024-01-19T22:19:40.368027Z", "last_pushed": "2024-01-19T22:19:40.16901Z"}, {"architecture": "amd64", "features": "", "variant": null, "digest": "sha256:914e745e524aa94315a25b49a7fafc0aa395e332126930593225d7a513f5a6b2", "os": "linux", "os_features": "", "os_version": null, "size": 296521, "status": "active", "last_pulled": "2024-01-20T08:56:36.843434Z", "last_pushed": "2024-01-19T22:19:40.965216Z"}, {"architecture": "arm64", "features": "", "variant": null, "digest": "sha256:e3da12d02952a9f87ffe8d193f8a5d85a218cf728bc4dc713b055c2c05d8b370", "os": "linux", "os_features": "", "os_version": null, "size": 248302, "status": "active", "last_pulled": "2024-01-20T06:17:21.696662Z", "last_pushed": "2021-05-10T21:30:56.936857Z"}, {"architecture": "arm", "features": "", "variant": "v7", "digest": "sha256:7e75794fddb9fd40d97beda78e59d52dc36a19f4eac4907ba7c223c33411f9b3", "os": "linux", "os_features": "", "os_version": null, "size": 197251, "status": "active", "last_pulled": "2024-01-20T06:17:20.611262Z", "last_pushed": "2021-05-10T21:31:00.571694Z"}, {"architecture": "s390x", "features": "", "variant": null, "digest": "sha256:7d0ee58b885765e7c0adde811dc95f25daa76c5650046e157aca72ce5ced9973", "os": "linux", "os_features": "", "os_version": null, "size": 244779, "status": "active", "last_pulled": "2024-01-20T06:17:21.022872Z", "last_pushed": "2021-11-12T17:39:10.404788Z"}], "last_updated": "2022-02-17T18:42:57.119627Z", "last_updater": 601605, "last_updater_username": "rancheriodhci", "name": "3.4.1", "repository": 11844321, "full_size": 106979569, "v2": true, "tag_status": "active", "tag_last_pulled": "2024-01-20T08:56:36.843434Z", "tag_last_pushed": "2022-02-17T18:42:57.119627Z", "media_type": "application/vnd.docker.distribution.manifest.list.v2+json", "content_type": "image"}, {"creator": 601605, "id": 144161764, "images": [{"architecture": "amd64", "features": "", "variant": null, "digest": "sha256:4a1c4b21597c1b4415bdbecb28a3296c6b5e23ca4f9feeb599860a1dac6a0108", "os": "linux", "os_features": "", "os_version": null, "size": 296534, "status": "active", "last_pulled": "2024-01-20T09:11:34.741435Z", "last_pushed": "2021-04-03T23:58:08.460709Z"}, {"architecture": "arm64", "features": "", "variant": null, "digest": "sha256:31d3efd12022ffeffb3146bc10ae8beb890c80ed2f07363515580add7ed47636", "os": "linux", "os_features": "", "os_version": null, "size": 248295, "status": "active", "last_pulled": "2024-01-20T06:17:21.342343Z", "last_pushed": "2021-04-03T23:58:11.788812Z"}, {"architecture": "arm", "features": "", "variant": "v7", "digest": "sha256:bbb7780ca6592cfc98e601f2a5e94bbf748a232f9116518643905aa30fc01642", "os": "linux", "os_features": "", "os_version": null, "size": 197266, "status": "active", "last_pulled": "2024-01-20T06:17:21.320036Z", "last_pushed": "2021-04-03T23:58:15.106583Z"}, {"architecture": "s390x", "features": "", "variant": null, "digest": "sha256:1175fd4d728641115e2802be80abab108b8d9306442ce35425a4e8707ca60521", "os": "linux", "os_features": "", "os_version": null, "size": 244808, "status": "active", "last_pulled": "2024-01-20T06:17:20.611516Z", "last_pushed": "2021-11-12T17:31:52.741842Z"}], "last_updated": "2022-02-17T18:36:34.503342Z", "last_updater": 601605, "last_updater_username": "rancheriodhci", "name": "3.2", "repository": 11844321, "full_size": 296534, "v2": true, "tag_status": "active", "tag_last_pulled": "2024-01-20T09:11:34.741435Z", "tag_last_pushed": "2022-02-17T18:36:34.503342Z", "media_type": "application/vnd.docker.distribution.manifest.list.v2+json", "content_type": "image"}, {"creator": 601605, "id": 144161756, "images": [{"architecture": "amd64", "features": "", "variant": null, "digest": "sha256:59eec8837a4d942cc19a52b8c09ea75121acc38114a2c68b98983ce9356b8610", "os": "linux", "os_features": "", "os_version": null, "size": 313363, "status": "active", "last_pulled": "2024-01-20T08:58:05.585313Z", "last_pushed": "2021-04-03T23:57:56.994321Z"}, {"architecture": "amd64", "features": "", "variant": null, "digest": "sha256:f365626a556e58189fc21d099fc64603db0f440bff07f77c740989515c544a39", "os": "linux", "os_features": "", "os_version": null, "size": 260843, "status": "active", "last_pulled": "2024-01-20T06:17:21.104259Z", "last_pushed": "2021-04-03T23:58:00.424054Z"}, {"architecture": "amd64", "features": "", "variant": null, "digest": "sha256:c84b0a3a07b628bc4d62e5047d0f8dff80f7c00979e1e28a821a033ecda8fe53", "os": "linux", "os_features": "", "os_version": null, "size": 220035, "status": "active", "last_pulled": "2024-01-20T07:30:08.628999Z", "last_pushed": "2021-04-03T23:58:04.513374Z"}, {"architecture": "amd64", "features": "", "variant": null, "digest": "sha256:882a20ee0df7399a445285361d38b711c299ca093af978217112c73803546d5e", "os": "linux", "os_features": "", "os_version": null, "size": 291012, "status": "active", "last_pulled": "2024-01-20T06:17:20.59494Z", "last_pushed": "2021-11-12T17:31:45.396828Z"}], "last_updated": "2022-02-17T18:36:30.14052Z", "last_updater": 601605, "last_updater_username": "rancheriodhci", "name": "3.1", "repository": 11844321, "full_size": 313363, "v2": true, "tag_status": "active", "tag_last_pulled": "2024-01-20T08:58:05.585313Z", "tag_last_pushed": "2022-02-17T18:36:30.14052Z", "media_type": "application/vnd.docker.distribution.manifest.list.v2+json", "content_type": "image"}, {"creator": 601605, "id": 177144901, "images": [{"architecture": "s390x", "features": "", "variant": null, "digest": "sha256:afdb0ff883edd576639aca0139c0159902eb20a605477eb18a76491a7b794864", "os": "linux", "os_features": "", "os_version": null, "size": 244777, "status": "active", "last_pulled": "2024-01-20T05:55:49.855492Z", "last_pushed": "2021-11-12T17:39:46.744287Z"}], "last_updated": "2021-11-12T17:39:46.744287Z", "last_updater": 601605, "last_updater_username": "rancheriodhci", "name": "3.6-s390x", "repository": 11844321, "full_size": 244777, "v2": true, "tag_status": "active", "tag_last_pulled": "2024-01-20T05:55:49.855492Z", "tag_last_pushed": "2021-11-12T17:39:46.744287Z", "media_type": "application/vnd.docker.container.image.v1+json", "content_type": "image"}, {"creator": 601605, "id": 177144860, "images": [{"architecture": "s390x", "features": "", "variant": null, "digest": "sha256:fc5aae77765f7f26f729bad7bfb3cef1bf4e9260d616d173af4506b4f9fc63d3", "os": "linux", "os_features": "", "os_version": null, "size": 244775, "status": "active", "last_pulled": "2024-01-20T06:17:21.07294Z", "last_pushed": "2021-11-12T17:39:27.309756Z"}], "last_updated": "2021-11-12T17:39:27.309756Z", "last_updater": 601605, "last_updater_username": "rancheriodhci", "name": "3.5-s390x", "repository": 11844321, "full_size": 244775, "v2": true, "tag_status": "active", "tag_last_pulled": "2024-01-20T06:17:21.07294Z", "tag_last_pushed": "2021-11-12T17:39:27.309756Z", "media_type": "application/vnd.docker.container.image.v1+json", "content_type": "image"}, {"creator": 601605, "id": 177144812, "images": [{"architecture": "s390x", "features": "", "variant": null, "digest": "sha256:7d0ee58b885765e7c0adde811dc95f25daa76c5650046e157aca72ce5ced9973", "os": "linux", "os_features": "", "os_version": null, "size": 244779, "status": "active", "last_pulled": "2024-01-20T06:17:21.022872Z", "last_pushed": "2021-11-12T17:39:10.404788Z"}], "last_updated": "2021-11-12T17:39:10.404788Z", "last_updater": 601605, "last_updater_username": "rancheriodhci", "name": "3.4.1-s390x", "repository": 11844321, "full_size": 244779, "v2": true, "tag_status": "active", "tag_last_pulled": "2024-01-20T06:17:21.022872Z", "tag_last_pushed": "2021-11-12T17:39:10.404788Z", "media_type": "application/vnd.docker.container.image.v1+json", "content_type": "image"}, {"creator": 601605, "id": 177143722, "images": [{"architecture": "s390x", "features": "", "variant": null, "digest": "sha256:1175fd4d728641115e2802be80abab108b8d9306442ce35425a4e8707ca60521", "os": "linux", "os_features": "", "os_version": null, "size": 244808, "status": "active", "last_pulled": "2024-01-20T06:17:20.611516Z", "last_pushed": "2021-11-12T17:31:52.741842Z"}], "last_updated": "2021-11-12T17:31:52.741842Z", "last_updater": 601605, "last_updater_username": "rancheriodhci", "name": "3.2-s390x", "repository": 11844321, "full_size": 244808, "v2": true, "tag_status": "active", "tag_last_pulled": "2024-01-20T06:17:20.611516Z", "tag_last_pushed": "2021-11-12T17:31:52.741842Z", "media_type": "application/vnd.docker.container.image.v1+json", "content_type": "image"}, {"creator": 601605, "id": 177143702, "images": [{"architecture": "amd64", "features": "", "variant": null, "digest": "sha256:882a20ee0df7399a445285361d38b711c299ca093af978217112c73803546d5e", "os": "linux", "os_features": "", "os_version": null, "size": 291012, "status": "active", "last_pulled": "2024-01-20T06:17:20.59494Z", "last_pushed": "2021-11-12T17:31:45.396828Z"}], "last_updated": "2021-11-12T17:31:45.396828Z", "last_updater": 601605, "last_updater_username": "rancheriodhci", "name": "3.1-s390x", "repository": 11844321, "full_size": 291012, "v2": true, "tag_status": "active", "tag_last_pulled": "2024-01-20T06:17:20.59494Z", "tag_last_pushed": "2021-11-12T17:31:45.396828Z", "media_type": "application/vnd.docker.container.image.v1+json", "content_type": "image"}, {"creator": 601605, "id": 176368877, "images": [{"architecture": "arm", "features": "", "variant": null, "digest": "sha256:1a5a920c09b7af153b7ab8240b25db38a07ddc8c479b54186a2a7a7635259aa3", "os": "linux", "os_features": "", "os_version": null, "size": 197251, "status": "active", "last_pulled": "2024-01-20T05:55:49.228153Z", "last_pushed": "2021-11-08T21:24:11.903723Z"}], "last_updated": "2021-11-08T21:24:11.903723Z", "last_updater": 601605, "last_updater_username": "rancheriodhci", "name": "3.6-arm", "repository": 11844321, "full_size": 197251, "v2": true, "tag_status": "active", "tag_last_pulled": "2024-01-20T05:55:49.228153Z", "tag_last_pushed": "2021-11-08T21:24:11.903723Z", "media_type": "application/vnd.docker.container.image.v1+json", "content_type": "image"}, {"creator": 601605, "id": 176368868, "images": [{"architecture": "arm64", "features": "", "variant": null, "digest": "sha256:fd05cc99606e9180b261362fb625dc3759fc57cbb6f6bd4fecccec64cc85ddfd", "os": "linux", "os_features": "", "os_version": null, "size": 248297, "status": "active", "last_pulled": "2024-01-20T09:24:43.827797Z", "last_pushed": "2021-11-08T21:24:08.538773Z"}], "last_updated": "2021-11-08T21:24:08.538773Z", "last_updater": 601605, "last_updater_username": "rancheriodhci", "name": "3.6-arm64", "repository": 11844321, "full_size": 248297, "v2": true, "tag_status": "active", "tag_last_pulled": "2024-01-20T09:24:43.827797Z", "tag_last_pushed": "2021-11-08T21:24:08.538773Z", "media_type": "application/vnd.docker.container.image.v1+json", "content_type": "image"}, {"creator": 601605, "id": 154610351, "images": [{"architecture": "arm", "features": "", "variant": null, "digest": "sha256:94ee124c4b0ca7c1315c06c31532f78a929051ae8da7f122f905b2cbbfb1ecba", "os": "linux", "os_features": "", "os_version": null, "size": 197250, "status": "active", "last_pulled": "2024-01-20T06:17:21.525554Z", "last_pushed": "2021-06-17T18:56:54.582167Z"}], "last_updated": "2021-06-17T18:56:54.582167Z", "last_updater": 601605, "last_updater_username": "rancheriodhci", "name": "3.5-arm", "repository": 11844321, "full_size": 197250, "v2": true, "tag_status": "active", "tag_last_pulled": "2024-01-20T06:17:21.525554Z", "tag_last_pushed": "2021-06-17T18:56:54.582167Z", "media_type": "application/vnd.docker.container.image.v1+json", "content_type": "image"}, {"creator": 601605, "id": 154610343, "images": [{"architecture": "arm64", "features": "", "variant": null, "digest": "sha256:76ca2030ac3433ab5bbcfdea286b0876b129fc276e0f9d2811674141ea7bab6b", "os": "linux", "os_features": "", "os_version": null, "size": 248297, "status": "active", "last_pulled": "2024-01-20T06:17:20.619944Z", "last_pushed": "2021-06-17T18:56:51.336078Z"}], "last_updated": "2021-06-17T18:56:51.336078Z", "last_updater": 601605, "last_updater_username": "rancheriodhci", "name": "3.5-arm64", "repository": 11844321, "full_size": 248297, "v2": true, "tag_status": "active", "tag_last_pulled": "2024-01-20T06:17:20.619944Z", "tag_last_pushed": "2021-06-17T18:56:51.336078Z", "media_type": "application/vnd.docker.container.image.v1+json", "content_type": "image"}, {"creator": 601605, "id": 149138546, "images": [{"architecture": "arm", "features": "", "variant": null, "digest": "sha256:7e75794fddb9fd40d97beda78e59d52dc36a19f4eac4907ba7c223c33411f9b3", "os": "linux", "os_features": "", "os_version": null, "size": 197251, "status": "active", "last_pulled": "2024-01-20T06:17:20.611262Z", "last_pushed": "2021-05-10T21:31:00.571694Z"}], "last_updated": "2021-05-10T21:31:00.571694Z", "last_updater": 601605, "last_updater_username": "rancheriodhci", "name": "3.4.1-arm", "repository": 11844321, "full_size": 197251, "v2": true, "tag_status": "active", "tag_last_pulled": "2024-01-20T06:17:20.611262Z", "tag_last_pushed": "2021-05-10T21:31:00.571694Z", "media_type": "application/vnd.docker.container.image.v1+json", "content_type": "image"}, {"creator": 601605, "id": 149138536, "images": [{"architecture": "arm64", "features": "", "variant": null, "digest": "sha256:e3da12d02952a9f87ffe8d193f8a5d85a218cf728bc4dc713b055c2c05d8b370", "os": "linux", "os_features": "", "os_version": null, "size": 248302, "status": "active", "last_pulled": "2024-01-20T06:17:21.696662Z", "last_pushed": "2021-05-10T21:30:56.936857Z"}], "last_updated": "2021-05-10T21:30:56.936857Z", "last_updater": 601605, "last_updater_username": "rancheriodhci", "name": "3.4.1-arm64", "repository": 11844321, "full_size": 248302, "v2": true, "tag_status": "active", "tag_last_pulled": "2024-01-20T06:17:21.696662Z", "tag_last_pushed": "2021-05-10T21:30:56.936857Z", "media_type": "application/vnd.docker.container.image.v1+json", "content_type": "image"}, {"creator": 601605, "id": 144161767, "images": [{"architecture": "arm", "features": "", "variant": null, "digest": "sha256:bbb7780ca6592cfc98e601f2a5e94bbf748a232f9116518643905aa30fc01642", "os": "linux", "os_features": "", "os_version": null, "size": 197266, "status": "active", "last_pulled": "2024-01-20T06:17:21.320036Z", "last_pushed": "2021-04-03T23:58:15.106583Z"}], "last_updated": "2021-04-03T23:58:15.106583Z", "last_updater": 601605, "last_updater_username": "rancheriodhci", "name": "3.2-arm", "repository": 11844321, "full_size": 197266, "v2": true, "tag_status": "active", "tag_last_pulled": "2024-01-20T06:17:21.320036Z", "tag_last_pushed": "2021-04-03T23:58:15.106583Z", "media_type": "application/vnd.docker.container.image.v1+json", "content_type": "image"}, {"creator": 601605, "id": 144161765, "images": [{"architecture": "arm64", "features": "", "variant": null, "digest": "sha256:31d3efd12022ffeffb3146bc10ae8beb890c80ed2f07363515580add7ed47636", "os": "linux", "os_features": "", "os_version": null, "size": 248295, "status": "active", "last_pulled": "2024-01-20T06:17:21.342343Z", "last_pushed": "2021-04-03T23:58:11.788812Z"}], "last_updated": "2021-04-03T23:58:11.788812Z", "last_updater": 601605, "last_updater_username": "rancheriodhci", "name": "3.2-arm64", "repository": 11844321, "full_size": 248295, "v2": true, "tag_status": "active", "tag_last_pulled": "2024-01-20T06:17:21.342343Z", "tag_last_pushed": "2021-04-03T23:58:11.788812Z", "media_type": "application/vnd.docker.container.image.v1+json", "content_type": "image"}, {"creator": 601605, "id": 144161763, "images": [{"architecture": "amd64", "features": "", "variant": null, "digest": "sha256:4a1c4b21597c1b4415bdbecb28a3296c6b5e23ca4f9feeb599860a1dac6a0108", "os": "linux", "os_features": "", "os_version": null, "size": 296534, "status": "active", "last_pulled": "2024-01-20T09:11:34.741435Z", "last_pushed": "2021-04-03T23:58:08.460709Z"}], "last_updated": "2021-04-03T23:58:08.460709Z", "last_updater": 601605, "last_updater_username": "rancheriodhci", "name": "3.2-amd64", "repository": 11844321, "full_size": 296534, "v2": true, "tag_status": "active", "tag_last_pulled": "2024-01-20T09:11:34.741435Z", "tag_last_pushed": "2021-04-03T23:58:08.460709Z", "media_type": "application/vnd.docker.container.image.v1+json", "content_type": "image"}, {"creator": 601605, "id": 144161762, "images": [{"architecture": "amd64", "features": "", "variant": null, "digest": "sha256:c84b0a3a07b628bc4d62e5047d0f8dff80f7c00979e1e28a821a033ecda8fe53", "os": "linux", "os_features": "", "os_version": null, "size": 220035, "status": "active", "last_pulled": "2024-01-20T07:30:08.628999Z", "last_pushed": "2021-04-03T23:58:04.513374Z"}], "last_updated": "2021-04-03T23:58:04.513374Z", "last_updater": 601605, "last_updater_username": "rancheriodhci", "name": "3.1-arm", "repository": 11844321, "full_size": 220035, "v2": true, "tag_status": "active", "tag_last_pulled": "2024-01-20T07:30:08.628999Z", "tag_last_pushed": "2021-04-03T23:58:04.513374Z", "media_type": "application/vnd.docker.container.image.v1+json", "content_type": "image"}, {"creator": 601605, "id": 144161761, "images": [{"architecture": "amd64", "features": "", "variant": null, "digest": "sha256:f365626a556e58189fc21d099fc64603db0f440bff07f77c740989515c544a39", "os": "linux", "os_features": "", "os_version": null, "size": 260843, "status": "active", "last_pulled": "2024-01-20T06:17:21.104259Z", "last_pushed": "2021-04-03T23:58:00.424054Z"}], "last_updated": "2021-04-03T23:58:00.424054Z", "last_updater": 601605, "last_updater_username": "rancheriodhci", "name": "3.1-arm64", "repository": 11844321, "full_size": 260843, "v2": true, "tag_status": "active", "tag_last_pulled": "2024-01-20T06:17:21.104259Z", "tag_last_pushed": "2021-04-03T23:58:00.424054Z", "media_type": "application/vnd.docker.container.image.v1+json", "content_type": "image"}, {"creator": 601605, "id": 144161754, "images": [{"architecture": "amd64", "features": "", "variant": null, "digest": "sha256:59eec8837a4d942cc19a52b8c09ea75121acc38114a2c68b98983ce9356b8610", "os": "linux", "os_features": "", "os_version": null, "size": 313363, "status": "active", "last_pulled": "2024-01-20T08:58:05.585313Z", "last_pushed": "2021-04-03T23:57:56.994321Z"}], "last_updated": "2021-04-03T23:57:56.994321Z", "last_updater": 601605, "last_updater_username": "rancheriodhci", "name": "3.1-amd64", "repository": 11844321, "full_size": 313363, "v2": true, "tag_status": "active", "tag_last_pulled": "2024-01-20T08:58:05.585313Z", "tag_last_pushed": "2021-04-03T23:57:56.994321Z", "media_type": "application/vnd.docker.container.image.v1+json", "content_type": "image"}]