[{"creator": 601605, "id": 147855316, "images": [{"architecture": "amd64", "features": "", "variant": null, "digest": "sha256:0a02d75339eaca89fcca3a8f39b69afba2cff13964c6d3a6a470e508ab4b43e4", "os": "linux", "os_features": "", "os_version": null, "size": 60498763, "status": "active", "last_pulled": "2024-01-20T09:04:30.057025Z", "last_pushed": "2021-04-30T14:28:50.98476Z"}], "last_updated": "2021-04-30T14:28:51.574063Z", "last_updater": 601605, "last_updater_username": "rancheriodhci", "name": "v3.18.1", "repository": 3817593, "full_size": 60498763, "v2": true, "tag_status": "active", "tag_last_pulled": "2024-01-20T09:04:30.057025Z", "tag_last_pushed": "2021-04-30T14:28:51.574063Z", "media_type": "application/vnd.docker.distribution.manifest.list.v2+json", "content_type": "image"}, {"creator": 601605, "id": 147855313, "images": [{"architecture": "amd64", "features": "", "variant": null, "digest": "sha256:0a02d75339eaca89fcca3a8f39b69afba2cff13964c6d3a6a470e508ab4b43e4", "os": "linux", "os_features": "", "os_version": null, "size": 60498763, "status": "active", "last_pulled": "2024-01-20T09:04:30.057025Z", "last_pushed": "2021-04-30T14:28:50.98476Z"}], "last_updated": "2021-04-30T14:28:50.98476Z", "last_updater": 601605, "last_updater_username": "rancheriodhci", "name": "v3.18.1-amd64", "repository": 3817593, "full_size": 60498763, "v2": true, "tag_status": "active", "tag_last_pulled": "2024-01-20T09:04:30.057025Z", "tag_last_pushed": "2021-04-30T14:28:50.98476Z", "media_type": "application/vnd.docker.container.image.v1+json", "content_type": "image"}, {"creator": 601605, "id": 136409309, "images": [{"architecture": "amd64", "features": "", "variant": null, "digest": "sha256:38194d0279f76e1272133d250cca767555347efb5d4a1732fbe7581ed5338314", "os": "linux", "os_features": "", "os_version": null, "size": 58414962, "status": "active", "last_pulled": "2024-01-20T09:04:29.953355Z", "last_pushed": "2021-02-05T17:39:56.33332Z"}], "last_updated": "2021-02-05T17:39:56.885753Z", "last_updater": 601605, "last_updater_username": "rancheriodhci", "name": "v3.17.2", "repository": 3817593, "full_size": 58414962, "v2": true, "tag_status": "active", "tag_last_pulled": "2024-01-20T09:04:29.953355Z", "tag_last_pushed": "2021-02-05T17:39:56.885753Z", "media_type": "application/vnd.docker.distribution.manifest.list.v2+json", "content_type": "image"}, {"creator": 601605, "id": 136409304, "images": [{"architecture": "amd64", "features": "", "variant": null, "digest": "sha256:38194d0279f76e1272133d250cca767555347efb5d4a1732fbe7581ed5338314", "os": "linux", "os_features": "", "os_version": null, "size": 58414962, "status": "active", "last_pulled": "2024-01-20T09:04:29.953355Z", "last_pushed": "2021-02-05T17:39:56.33332Z"}], "last_updated": "2021-02-05T17:39:56.33332Z", "last_updater": 601605, "last_updater_username": "rancheriodhci", "name": "v3.17.2-amd64", "repository": 3817593, "full_size": 58414962, "v2": true, "tag_status": "active", "tag_last_pulled": "2024-01-20T09:04:29.953355Z", "tag_last_pushed": "2021-02-05T17:39:56.33332Z", "media_type": "application/vnd.docker.container.image.v1+json", "content_type": "image"}, {"creator": 601605, "id": 134968654, "images": [{"architecture": "amd64", "features": "", "variant": null, "digest": "sha256:10fbd29f90158a0280f626a729212668f15310e35c8e2f70ca3281f86a5bb5ce", "os": "linux", "os_features": "", "os_version": null, "size": 58869274, "status": "active", "last_pulled": "2024-01-20T08:58:29.443466Z", "last_pushed": "2021-02-05T17:39:49.227177Z"}], "last_updated": "2021-02-05T17:39:49.759067Z", "last_updater": 601605, "last_updater_username": "rancheriodhci", "name": "v3.16.6", "repository": 3817593, "full_size": 58869274, "v2": true, "tag_status": "active", "tag_last_pulled": "2024-01-20T08:58:29.443466Z", "tag_last_pushed": "2021-02-05T17:39:49.759067Z", "media_type": "application/vnd.docker.distribution.manifest.list.v2+json", "content_type": "image"}, {"creator": 601605, "id": 134968651, "images": [{"architecture": "amd64", "features": "", "variant": null, "digest": "sha256:10fbd29f90158a0280f626a729212668f15310e35c8e2f70ca3281f86a5bb5ce", "os": "linux", "os_features": "", "os_version": null, "size": 58869274, "status": "active", "last_pulled": "2024-01-20T08:58:29.443466Z", "last_pushed": "2021-02-05T17:39:49.227177Z"}], "last_updated": "2021-02-05T17:39:49.227177Z", "last_updater": 601605, "last_updater_username": "rancheriodhci", "name": "v3.16.6-amd64", "repository": 3817593, "full_size": 58869274, "v2": true, "tag_status": "active", "tag_last_pulled": "2024-01-20T08:58:29.443466Z", "tag_last_pushed": "2021-02-05T17:39:49.227177Z", "media_type": "application/vnd.docker.container.image.v1+json", "content_type": "image"}, {"creator": 601605, "id": 135196414, "images": [{"architecture": "amd64", "features": "", "variant": null, "digest": "sha256:304dd23bcda5216026f1601cb61395792249f1c58c98771198f6e517b0f5c96b", "os": "linux", "os_features": "", "os_version": null, "size": 58415278, "status": "active", "last_pulled": "2024-01-20T08:58:59.480717Z", "last_pushed": "2021-01-28T21:40:42.48551Z"}], "last_updated": "2021-01-28T21:40:43.028776Z", "last_updater": 601605, "last_updater_username": "rancheriodhci", "name": "v3.17.1", "repository": 3817593, "full_size": 58415278, "v2": true, "tag_status": "active", "tag_last_pulled": "2024-01-20T08:58:59.480717Z", "tag_last_pushed": "2021-01-28T21:40:43.028776Z", "media_type": "application/vnd.docker.distribution.manifest.list.v2+json", "content_type": "image"}, {"creator": 601605, "id": 135196412, "images": [{"architecture": "amd64", "features": "", "variant": null, "digest": "sha256:304dd23bcda5216026f1601cb61395792249f1c58c98771198f6e517b0f5c96b", "os": "linux", "os_features": "", "os_version": null, "size": 58415278, "status": "active", "last_pulled": "2024-01-20T08:58:59.480717Z", "last_pushed": "2021-01-28T21:40:42.48551Z"}], "last_updated": "2021-01-28T21:40:42.48551Z", "last_updater": 601605, "last_updater_username": "rancheriodhci", "name": "v3.17.1-amd64", "repository": 3817593, "full_size": 58415278, "v2": true, "tag_status": "active", "tag_last_pulled": "2024-01-20T08:58:59.480717Z", "tag_last_pushed": "2021-01-28T21:40:42.48551Z", "media_type": "application/vnd.docker.container.image.v1+json", "content_type": "image"}, {"creator": 601605, "id": 129086263, "images": [{"architecture": "amd64", "features": "", "variant": null, "digest": "sha256:5d83d54ef95d7353c49a5b9ec7cbf2955692085e168eedd34a019a5b880f2fea", "os": "linux", "os_features": "", "os_version": null, "size": 57264593, "status": "active", "last_pulled": "2024-01-20T09:28:01.539825Z", "last_pushed": "2020-12-08T00:18:52.668576Z"}], "last_updated": "2020-12-08T00:18:53.311685Z", "last_updater": 601605, "last_updater_username": "rancheriodhci", "name": "v3.16.5", "repository": 3817593, "full_size": 57264593, "v2": true, "tag_status": "active", "tag_last_pulled": "2024-01-20T09:28:01.539825Z", "tag_last_pushed": "2020-12-08T00:18:53.311685Z", "media_type": "application/vnd.docker.distribution.manifest.list.v2+json", "content_type": "image"}, {"creator": 601605, "id": 129086260, "images": [{"architecture": "amd64", "features": "", "variant": null, "digest": "sha256:5d83d54ef95d7353c49a5b9ec7cbf2955692085e168eedd34a019a5b880f2fea", "os": "linux", "os_features": "", "os_version": null, "size": 57264593, "status": "active", "last_pulled": "2024-01-20T09:28:01.539825Z", "last_pushed": "2020-12-08T00:18:52.668576Z"}], "last_updated": "2020-12-08T00:18:52.668576Z", "last_updater": 601605, "last_updater_username": "rancheriodhci", "name": "v3.16.5-amd64", "repository": 3817593, "full_size": 57264593, "v2": true, "tag_status": "active", "tag_last_pulled": "2024-01-20T09:28:01.539825Z", "tag_last_pushed": "2020-12-08T00:18:52.668576Z", "media_type": "application/vnd.docker.container.image.v1+json", "content_type": "image"}, {"creator": 601605, "id": 116684395, "images": [{"architecture": "amd64", "features": "", "variant": null, "digest": "sha256:8f7ae199f9f00e03527c515008aa1dbc21f8a27eaefe4b00ca789f732b0f0aef", "os": "linux", "os_features": "", "os_version": null, "size": 57767947, "status": "active", "last_pulled": "2024-01-20T09:13:59.79851Z", "last_pushed": null}], "last_updated": "2020-09-11T23:20:04.870026Z", "last_updater": 601605, "last_updater_username": "rancheriodhci", "name": "v3.16.1", "repository": 3817593, "full_size": 57767947, "v2": true, "tag_status": "active", "tag_last_pulled": "2024-01-20T09:13:59.79851Z", "tag_last_pushed": "2020-09-11T23:20:04.870026Z", "media_type": "application/vnd.docker.container.image.v1+json", "content_type": "image"}, {"creator": 601605, "id": 115949500, "images": [{"architecture": "amd64", "features": "", "variant": null, "digest": "sha256:b090fe8e3e8fc70cc8a86ede50bc148b9f31db642f6434b801407cd81bd1beb7", "os": "linux", "os_features": "", "os_version": null, "size": 57761850, "status": "active", "last_pulled": "2024-01-20T09:01:57.089005Z", "last_pushed": null}], "last_updated": "2020-09-11T23:20:00.804967Z", "last_updater": 601605, "last_updater_username": "rancheriodhci", "name": "v3.16.0", "repository": 3817593, "full_size": 57761850, "v2": true, "tag_status": "active", "tag_last_pulled": "2024-01-20T09:01:57.089005Z", "tag_last_pushed": "2020-09-11T23:20:00.804967Z", "media_type": "application/vnd.docker.container.image.v1+json", "content_type": "image"}, {"creator": 601605, "id": 102310866, "images": [{"architecture": "amd64", "features": "", "variant": null, "digest": "sha256:2656efc741e90750282ad89b9ec078588b98909e5cd0b8d1256f2059466e1717", "os": "linux", "os_features": "", "os_version": null, "size": 88893700, "status": "active", "last_pulled": "2024-01-20T09:45:13.78118Z", "last_pushed": null}], "last_updated": "2020-09-11T23:19:44.715695Z", "last_updater": 601605, "last_updater_username": "rancheriodhci", "name": "v3.13.4", "repository": 3817593, "full_size": 88893700, "v2": true, "tag_status": "active", "tag_last_pulled": "2024-01-20T09:45:13.78118Z", "tag_last_pushed": "2020-09-11T23:19:44.715695Z", "media_type": "application/vnd.docker.container.image.v1+json", "content_type": "image"}, {"creator": 601605, "id": 89798291, "images": [{"architecture": "amd64", "features": "", "variant": null, "digest": "sha256:a7c4a36eb9e71be6f007013e74b2f795d8f659eb232516df84af6f75c97fb7b1", "os": "linux", "os_features": "", "os_version": null, "size": 88876845, "status": "active", "last_pulled": "2024-01-20T09:36:46.069099Z", "last_pushed": null}], "last_updated": "2020-06-09T02:09:40.605564Z", "last_updater": 601605, "last_updater_username": "rancheriodhci", "name": "v3.13.0", "repository": 3817593, "full_size": 88876845, "v2": true, "tag_status": "active", "tag_last_pulled": "2024-01-20T09:36:46.069099Z", "tag_last_pushed": "2020-06-09T02:09:40.605564Z", "media_type": "application/vnd.docker.container.image.v1+json", "content_type": "image"}, {"creator": 601605, "id": 102308853, "images": [{"architecture": "amd64", "features": "", "variant": null, "digest": "sha256:3fb37df8742ee01f4aa624947d92243604fe73c9347597dd7d803666b5cd6abd", "os": "linux", "os_features": "", "os_version": null, "size": 85919407, "status": "active", "last_pulled": "2024-01-20T09:18:01.364295Z", "last_pushed": null}], "last_updated": "2020-05-28T03:31:23.281638Z", "last_updater": 601605, "last_updater_username": "rancheriodhci", "name": "v3.8.9", "repository": 3817593, "full_size": 85919407, "v2": true, "tag_status": "active", "tag_last_pulled": "2024-01-20T09:18:01.364295Z", "tag_last_pushed": "2020-05-28T03:31:23.281638Z", "media_type": "application/vnd.docker.container.image.v1+json", "content_type": "image"}, {"creator": 601605, "id": 80419643, "images": [{"architecture": "amd64", "features": "", "variant": null, "digest": "sha256:e0581c644669c2ca6a6c75629d721dfaae1443dc6624d9b3f641dd488f3261e8", "os": "linux", "os_features": "", "os_version": null, "size": 88075414, "status": "active", "last_pulled": "2024-01-20T09:27:39.428431Z", "last_pushed": null}], "last_updated": "2020-03-08T19:19:20.0776Z", "last_updater": 601605, "last_updater_username": "rancheriodhci", "name": "v3.10.2", "repository": 3817593, "full_size": 88075414, "v2": true, "tag_status": "active", "tag_last_pulled": "2024-01-20T09:27:39.428431Z", "tag_last_pushed": "2020-03-08T19:19:20.0776Z", "media_type": "application/vnd.docker.container.image.v1+json", "content_type": "image"}, {"creator": 141469, "id": 64208939, "images": [{"architecture": "amd64", "features": "", "variant": null, "digest": "sha256:cabbb4afe88508f0d785d7922142db891d9fb6541b6ccb4b6cf21d2d75b84fa0", "os": "linux", "os_features": "", "os_version": null, "size": 84514006, "status": "active", "last_pulled": "2024-01-20T09:27:18.375069Z", "last_pushed": null}], "last_updated": "2019-08-01T17:39:01.244869Z", "last_updater": 141469, "last_updater_username": "husseingalal", "name": "v3.8.1", "repository": 3817593, "full_size": 84514006, "v2": true, "tag_status": "active", "tag_last_pulled": "2024-01-20T09:27:18.375069Z", "tag_last_pushed": "2019-08-01T17:39:01.244869Z", "media_type": "application/vnd.docker.container.image.v1+json", "content_type": "image"}, {"creator": 30086, "id": 61919633, "images": [{"architecture": "amd64", "features": "", "variant": null, "digest": "sha256:03b19df015ec51dafaf864f222b7b328bf7fb58db16574cc6bbff0ed38e0d936", "os": "linux", "os_features": "", "os_version": null, "size": 65944665, "status": "active", "last_pulled": "2024-01-20T08:35:22.546421Z", "last_pushed": null}], "last_updated": "2019-07-11T20:02:21.010121Z", "last_updater": 30086, "last_updater_username": "superseb", "name": "v3.7.4", "repository": 3817593, "full_size": 65944665, "v2": true, "tag_status": "active", "tag_last_pulled": "2024-01-20T08:35:22.546421Z", "tag_last_pushed": "2019-07-11T20:02:21.010121Z", "media_type": "application/vnd.docker.container.image.v1+json", "content_type": "image"}, {"creator": 424512, "id": 59958266, "images": [{"architecture": "amd64", "features": "", "variant": null, "digest": "sha256:fd9cba650a738594440f584f1351951ca4ac2860018db8a9f49f58bf76f9f985", "os": "linux", "os_features": "", "os_version": null, "size": 66570601, "status": "active", "last_pulled": "2024-01-20T09:04:30.163989Z", "last_pushed": null}], "last_updated": "2019-06-24T20:57:26.277668Z", "last_updater": 424512, "last_updater_username": "alena1108", "name": "v3.7.3", "repository": 3817593, "full_size": 66570601, "v2": true, "tag_status": "active", "tag_last_pulled": "2024-01-20T09:04:30.163989Z", "tag_last_pushed": "2019-06-24T20:57:26.277668Z", "media_type": "application/vnd.docker.container.image.v1+json", "content_type": "image"}, {"creator": 424512, "id": 43643465, "images": [{"architecture": "amd64", "features": "", "variant": null, "digest": "sha256:a89b45f36d5efdd396386cd83031dc402e46329fc70627b1260955e552498093", "os": "linux", "os_features": "", "os_version": null, "size": 20744508, "status": "inactive", "last_pulled": null, "last_pushed": null}], "last_updated": "2019-01-07T21:26:43.500595Z", "last_updater": 424512, "last_updater_username": "alena1108", "name": "v3.4.0", "repository": 3817593, "full_size": 20744508, "v2": true, "tag_status": "inactive", "tag_last_pulled": null, "tag_last_pushed": "2019-01-07T21:26:43.500595Z", "media_type": "application/vnd.docker.container.image.v1+json", "content_type": "image"}, {"creator": 1843608, "id": 34287896, "images": [{"architecture": "amd64", "features": "", "variant": null, "digest": "sha256:7eca10056c8e43ea42b317e55e873b41f4a38ddc098d9abf0b9e867e295ee322", "os": "linux", "os_features": "", "os_version": null, "size": 64237154, "status": "inactive", "last_pulled": null, "last_pushed": null}], "last_updated": "2018-08-30T21:55:06.15918Z", "last_updater": 1843608, "last_updater_username": "melsayed", "name": "v3.1.3", "repository": 3817593, "full_size": 64237154, "v2": true, "tag_status": "inactive", "tag_last_pulled": null, "tag_last_pushed": "2018-08-30T21:55:06.15918Z", "media_type": "application/vnd.docker.container.image.v1+json", "content_type": "image"}, {"creator": 240909, "id": 26312506, "images": [{"architecture": "amd64", "features": "", "variant": null, "digest": "sha256:d94b64ac210d86e339204d6f5987aebfbd44f5ccf9fcaf60a0219294ccd5166e", "os": "linux", "os_features": "", "os_version": null, "size": 64229587, "status": "inactive", "last_pulled": null, "last_pushed": null}], "last_updated": "2018-04-26T03:03:12.720259Z", "last_updater": 240909, "last_updater_username": "deniseschannon", "name": "v3.1.1", "repository": 3817593, "full_size": 64229587, "v2": true, "tag_status": "inactive", "tag_last_pulled": null, "tag_last_pushed": "2018-04-26T03:03:12.720259Z", "media_type": "application/vnd.docker.container.image.v1+json", "content_type": "image"}, {"creator": 240909, "id": 22799783, "images": [{"architecture": "amd64", "features": "", "variant": null, "digest": "sha256:489049b929b5cb684e9c37642afb9b7308f8d7a33e4f800144a1a1f9a82376b7", "os": "linux", "os_features": "", "os_version": null, "size": 71725479, "status": "inactive", "last_pulled": null, "last_pushed": null}], "last_updated": "2018-04-25T06:32:13.931723Z", "last_updater": 3576, "last_updater_username": "ibuildthecloud", "name": "v3.0.2", "repository": 3817593, "full_size": 71725479, "v2": true, "tag_status": "inactive", "tag_last_pulled": null, "tag_last_pushed": "2018-04-25T06:32:13.931723Z", "media_type": "application/vnd.docker.container.image.v1+json", "content_type": "image"}, {"creator": 240909, "id": 21718272, "images": [{"architecture": "amd64", "features": "", "variant": null, "digest": "sha256:6763a667e3bae71c21cf1e64b6b143ea6a26472dcabd21cfc500c26098c97e62", "os": "linux", "os_features": "", "os_version": null, "size": 71005881, "status": "inactive", "last_pulled": null, "last_pushed": null}], "last_updated": "2018-04-25T06:32:10.676192Z", "last_updater": 3576, "last_updater_username": "ibuildthecloud", "name": "v2.6.2", "repository": 3817593, "full_size": 71005881, "v2": true, "tag_status": "inactive", "tag_last_pulled": null, "tag_last_pushed": "2018-04-25T06:32:10.676192Z", "media_type": "application/vnd.docker.container.image.v1+json", "content_type": "image"}]