[{"creator": 424512, "id": 31332382, "images": [{"architecture": "amd64", "features": "", "variant": null, "digest": "sha256:f170c38e3763dde9eb4e756cf5691b75cb56e6252391e86bc75632abf38dda18", "os": "linux", "os_features": "", "os_version": null, "size": 114561247, "status": "inactive", "last_pulled": null, "last_pushed": null}], "last_updated": "2018-07-19T18:33:02.537608Z", "last_updater": 424512, "last_updater_username": "alena1108", "name": "v0.13.17", "repository": 1018649, "full_size": 114561247, "v2": true, "tag_status": "inactive", "tag_last_pulled": null, "tag_last_pushed": "2018-07-19T18:33:02.537608Z", "media_type": "application/vnd.docker.container.image.v1+json", "content_type": "image"}, {"creator": 424512, "id": 31158609, "images": [{"architecture": "amd64", "features": "", "variant": null, "digest": "sha256:10b600f4f14020e4fe6e5ae6c1e6a7de65d141a29918e66d0ed7d7d2cee13f9b", "os": "linux", "os_features": "", "os_version": null, "size": 114561348, "status": "inactive", "last_pulled": null, "last_pushed": null}], "last_updated": "2018-07-17T17:16:32.955348Z", "last_updater": 424512, "last_updater_username": "alena1108", "name": "v0.13.16", "repository": 1018649, "full_size": 114561348, "v2": true, "tag_status": "inactive", "tag_last_pulled": null, "tag_last_pushed": "2018-07-17T17:16:32.955348Z", "media_type": "application/vnd.docker.container.image.v1+json", "content_type": "image"}, {"creator": 833165, "id": 30826243, "images": [{"architecture": "amd64", "features": "", "variant": null, "digest": "sha256:d6693fd31e1fe30a8bee91a0ac4c26c66de1b2854d4ed175bf792f46d44753de", "os": "linux", "os_features": "", "os_version": null, "size": 113885241, "status": "inactive", "last_pulled": null, "last_pushed": null}], "last_updated": "2018-07-11T20:50:25.722705Z", "last_updater": 833165, "last_updater_username": "leodotcloud", "name": "v0.13.15", "repository": 1018649, "full_size": 113885241, "v2": true, "tag_status": "inactive", "tag_last_pulled": null, "tag_last_pushed": "2018-07-11T20:50:25.722705Z", "media_type": "application/vnd.docker.container.image.v1+json", "content_type": "image"}, {"creator": 833165, "id": 30660616, "images": [{"architecture": "amd64", "features": "", "variant": null, "digest": "sha256:ed4bf0b1c18bc62e08b26e795f82cbe7e4cf4989f2c8b1f558450940ef494055", "os": "linux", "os_features": "", "os_version": null, "size": 113884798, "status": "inactive", "last_pulled": null, "last_pushed": null}], "last_updated": "2018-07-09T19:49:16.146885Z", "last_updater": 833165, "last_updater_username": "leodotcloud", "name": "v0.13.14", "repository": 1018649, "full_size": 113884798, "v2": true, "tag_status": "inactive", "tag_last_pulled": null, "tag_last_pushed": "2018-07-09T19:49:16.146885Z", "media_type": "application/vnd.docker.container.image.v1+json", "content_type": "image"}, {"creator": 833165, "id": 26957765, "images": [{"architecture": "amd64", "features": "", "variant": null, "digest": "sha256:5a271da7cb72658f41f6846c4002712138e6f933f348af7c81b8625d29415b03", "os": "linux", "os_features": "", "os_version": null, "size": 113883967, "status": "inactive", "last_pulled": null, "last_pushed": null}], "last_updated": "2018-05-08T03:04:40.294091Z", "last_updater": 833165, "last_updater_username": "leodotcloud", "name": "v0.13.13", "repository": 1018649, "full_size": 113883967, "v2": true, "tag_status": "inactive", "tag_last_pulled": null, "tag_last_pushed": "2018-05-08T03:04:40.294091Z", "media_type": "application/vnd.docker.container.image.v1+json", "content_type": "image"}, {"creator": 833165, "id": 26949784, "images": [{"architecture": "amd64", "features": "", "variant": null, "digest": "sha256:2f0d961b518ce5d56938941a7398dfe4781c2aca986e843d4f4589e25b41b8a6", "os": "linux", "os_features": "", "os_version": null, "size": 113883674, "status": "inactive", "last_pulled": null, "last_pushed": null}], "last_updated": "2018-05-07T23:14:23.288196Z", "last_updater": 833165, "last_updater_username": "leodotcloud", "name": "v0.13.12", "repository": 1018649, "full_size": 113883674, "v2": true, "tag_status": "inactive", "tag_last_pulled": null, "tag_last_pushed": "2018-05-07T23:14:23.288196Z", "media_type": "application/vnd.docker.container.image.v1+json", "content_type": "image"}, {"creator": 240909, "id": 23533096, "images": [{"architecture": "amd64", "features": "", "variant": null, "digest": "sha256:fde12dd0d0586eec3a7a1c39ce196502368e7d7fe5b24cb444954b75275aa364", "os": "linux", "os_features": "", "os_version": null, "size": 114558984, "status": "inactive", "last_pulled": null, "last_pushed": null}], "last_updated": "2018-03-08T19:04:33.920661Z", "last_updater": 240909, "last_updater_username": "deniseschannon", "name": "v0.13.11", "repository": 1018649, "full_size": 114558984, "v2": true, "tag_status": "inactive", "tag_last_pulled": null, "tag_last_pushed": "2018-03-08T19:04:33.920661Z", "media_type": "application/vnd.docker.container.image.v1+json", "content_type": "image"}, {"creator": 240909, "id": 23530581, "images": [{"architecture": "amd64", "features": "", "variant": null, "digest": "sha256:71ab2f6caf2987441cb5216104fa9edc5bd46d588336d8c53f2287baad5c1747", "os": "linux", "os_features": "", "os_version": null, "size": 107958883, "status": "inactive", "last_pulled": null, "last_pushed": null}], "last_updated": "2018-03-08T18:22:15.583523Z", "last_updater": 240909, "last_updater_username": "deniseschannon", "name": "v0.13.10", "repository": 1018649, "full_size": 107958883, "v2": true, "tag_status": "inactive", "tag_last_pulled": null, "tag_last_pushed": "2018-03-08T18:22:15.583523Z", "media_type": "application/vnd.docker.container.image.v1+json", "content_type": "image"}, {"creator": 833165, "id": 20579593, "images": [{"architecture": "amd64", "features": "", "variant": null, "digest": "sha256:8af43a9893d1e29463c7a190e596fa069bd68dcffd553423f7cdcb1f2cb66b9b", "os": "linux", "os_features": "", "os_version": null, "size": 113882163, "status": "inactive", "last_pulled": null, "last_pushed": null}], "last_updated": "2018-01-12T22:35:00.130054Z", "last_updater": 833165, "last_updater_username": "leodotcloud", "name": "v0.13.9", "repository": 1018649, "full_size": 113882163, "v2": true, "tag_status": "inactive", "tag_last_pulled": null, "tag_last_pushed": "2018-01-12T22:35:00.130054Z", "media_type": "application/vnd.docker.container.image.v1+json", "content_type": "image"}, {"creator": 833165, "id": 20526397, "images": [{"architecture": "amd64", "features": "", "variant": null, "digest": "sha256:855913db834071151ae1ba12ad5eb9270afd491502ef31316e91dd3d622b4f0f", "os": "linux", "os_features": "", "os_version": null, "size": 113882188, "status": "inactive", "last_pulled": null, "last_pushed": null}], "last_updated": "2018-01-12T01:29:33.757834Z", "last_updater": 833165, "last_updater_username": "leodotcloud", "name": "v0.13.8", "repository": 1018649, "full_size": 113882188, "v2": true, "tag_status": "inactive", "tag_last_pulled": null, "tag_last_pushed": "2018-01-12T01:29:33.757834Z", "media_type": "application/vnd.docker.container.image.v1+json", "content_type": "image"}, {"creator": 833165, "id": 19509834, "images": [{"architecture": "amd64", "features": "", "variant": null, "digest": "sha256:1d3351fae706513b94c283e975f6f67a46ca83e43f45c4ed66fbe03aa5bee921", "os": "linux", "os_features": "", "os_version": null, "size": 113872502, "status": "inactive", "last_pulled": null, "last_pushed": null}], "last_updated": "2017-12-16T00:59:58.898588Z", "last_updater": 833165, "last_updater_username": "leodotcloud", "name": "v0.13.7", "repository": 1018649, "full_size": 113872502, "v2": true, "tag_status": "inactive", "tag_last_pulled": null, "tag_last_pushed": "2017-12-16T00:59:58.898588Z", "media_type": "application/vnd.docker.container.image.v1+json", "content_type": "image"}, {"creator": 833165, "id": 19394404, "images": [{"architecture": "amd64", "features": "", "variant": null, "digest": "sha256:156b945c80718309128b89962569e94738b59625e13502557d736f82ffa49308", "os": "linux", "os_features": "", "os_version": null, "size": 113871251, "status": "inactive", "last_pulled": null, "last_pushed": null}], "last_updated": "2017-12-14T00:35:42.874758Z", "last_updater": 833165, "last_updater_username": "leodotcloud", "name": "v0.13.6", "repository": 1018649, "full_size": 113871251, "v2": true, "tag_status": "inactive", "tag_last_pulled": null, "tag_last_pushed": "2017-12-14T00:35:42.874758Z", "media_type": "application/vnd.docker.container.image.v1+json", "content_type": "image"}, {"creator": 833165, "id": 18830774, "images": [{"architecture": "amd64", "features": "", "variant": null, "digest": "sha256:94e2d4a2cdd585dbef2a50a71cc27a5fb840fb427f7bb6640c5e01ee8be361d4", "os": "linux", "os_features": "", "os_version": null, "size": 111471728, "status": "inactive", "last_pulled": null, "last_pushed": null}], "last_updated": "2017-12-02T00:11:38.764167Z", "last_updater": 833165, "last_updater_username": "leodotcloud", "name": "testdrone12", "repository": 1018649, "full_size": 111471728, "v2": true, "tag_status": "inactive", "tag_last_pulled": null, "tag_last_pushed": "2017-12-02T00:11:38.764167Z", "media_type": "application/vnd.docker.container.image.v1+json", "content_type": "image"}, {"creator": 833165, "id": 18830368, "images": [{"architecture": "amd64", "features": "", "variant": null, "digest": "sha256:94e2d4a2cdd585dbef2a50a71cc27a5fb840fb427f7bb6640c5e01ee8be361d4", "os": "linux", "os_features": "", "os_version": null, "size": 111471728, "status": "inactive", "last_pulled": null, "last_pushed": null}], "last_updated": "2017-12-02T00:03:14.997794Z", "last_updater": 833165, "last_updater_username": "leodotcloud", "name": "testdrone11", "repository": 1018649, "full_size": 111471728, "v2": true, "tag_status": "inactive", "tag_last_pulled": null, "tag_last_pushed": "2017-12-02T00:03:14.997794Z", "media_type": "application/vnd.docker.container.image.v1+json", "content_type": "image"}, {"creator": 833165, "id": 18829971, "images": [{"architecture": "amd64", "features": "", "variant": null, "digest": "sha256:94e2d4a2cdd585dbef2a50a71cc27a5fb840fb427f7bb6640c5e01ee8be361d4", "os": "linux", "os_features": "", "os_version": null, "size": 111471728, "status": "inactive", "last_pulled": null, "last_pushed": null}], "last_updated": "2017-12-01T23:55:04.121838Z", "last_updater": 833165, "last_updater_username": "leodotcloud", "name": "testdrone10", "repository": 1018649, "full_size": 111471728, "v2": true, "tag_status": "inactive", "tag_last_pulled": null, "tag_last_pushed": "2017-12-01T23:55:04.121838Z", "media_type": "application/vnd.docker.container.image.v1+json", "content_type": "image"}, {"creator": 833165, "id": 18554280, "images": [{"architecture": "amd64", "features": "", "variant": null, "digest": "sha256:b8483c391885236ddf4cc9a528acc7093f885a9678ccbc8a66f1fbe5101b4f28", "os": "linux", "os_features": "", "os_version": null, "size": 111471751, "status": "inactive", "last_pulled": null, "last_pushed": null}], "last_updated": "2017-11-27T20:41:56.840111Z", "last_updater": 833165, "last_updater_username": "leodotcloud", "name": "v0.13.5", "repository": 1018649, "full_size": 111471751, "v2": true, "tag_status": "inactive", "tag_last_pulled": null, "tag_last_pushed": "2017-11-27T20:41:56.840111Z", "media_type": "application/vnd.docker.container.image.v1+json", "content_type": "image"}, {"creator": 833165, "id": 17093283, "images": [{"architecture": "amd64", "features": "", "variant": null, "digest": "sha256:a5f0a2319107c6b033153600d1c64dc357ce6c71970dd21e2da5021baef66f51", "os": "linux", "os_features": "", "os_version": null, "size": 109314914, "status": "inactive", "last_pulled": null, "last_pushed": null}], "last_updated": "2017-10-26T02:37:42.228833Z", "last_updater": 833165, "last_updater_username": "leodotcloud", "name": "v0.13.4", "repository": 1018649, "full_size": 109314914, "v2": true, "tag_status": "inactive", "tag_last_pulled": null, "tag_last_pushed": "2017-10-26T02:37:42.228833Z", "media_type": "application/vnd.docker.container.image.v1+json", "content_type": "image"}, {"creator": 833165, "id": 16969874, "images": [{"architecture": "amd64", "features": "", "variant": null, "digest": "sha256:ac6604ce00547409f18fc2032a34c3032876845939ac10584723fcda7d8c91bc", "os": "linux", "os_features": "", "os_version": null, "size": 107417736, "status": "inactive", "last_pulled": null, "last_pushed": null}], "last_updated": "2017-10-24T01:55:33.559375Z", "last_updater": 833165, "last_updater_username": "leodotcloud", "name": "v0.13.3", "repository": 1018649, "full_size": 107417736, "v2": true, "tag_status": "inactive", "tag_last_pulled": null, "tag_last_pushed": "2017-10-24T01:55:33.559375Z", "media_type": "application/vnd.docker.container.image.v1+json", "content_type": "image"}, {"creator": 833165, "id": 16914401, "images": [{"architecture": "amd64", "features": "", "variant": null, "digest": "sha256:85c279a81d2b38717dbf0ad7e4ba619bf2a1abd78808e47880c5c41968ec3658", "os": "linux", "os_features": "", "os_version": null, "size": 107417431, "status": "inactive", "last_pulled": null, "last_pushed": null}], "last_updated": "2017-10-23T02:13:15.279135Z", "last_updater": 833165, "last_updater_username": "leodotcloud", "name": "v0.13.2", "repository": 1018649, "full_size": 107417431, "v2": true, "tag_status": "inactive", "tag_last_pulled": null, "tag_last_pushed": "2017-10-23T02:13:15.279135Z", "media_type": "application/vnd.docker.container.image.v1+json", "content_type": "image"}, {"creator": 833165, "id": 16658209, "images": [{"architecture": "amd64", "features": "", "variant": null, "digest": "sha256:9b9eba2ab010f70250c0fcc56f8ed6d73cdbf7abd571e79c0d1168fc139da1d2", "os": "linux", "os_features": "", "os_version": null, "size": 107413281, "status": "inactive", "last_pulled": null, "last_pushed": null}], "last_updated": "2017-10-16T22:30:04.117657Z", "last_updater": 833165, "last_updater_username": "leodotcloud", "name": "v0.13.1", "repository": 1018649, "full_size": 107413281, "v2": true, "tag_status": "inactive", "tag_last_pulled": null, "tag_last_pushed": "2017-10-16T22:30:04.117657Z", "media_type": "application/vnd.docker.container.image.v1+json", "content_type": "image"}, {"creator": 833165, "id": 15850983, "images": [{"architecture": "amd64", "features": "", "variant": null, "digest": "sha256:07e6594a82c1769b430102c92243b62cfa424476e6a32670ff213c9c35a15c89", "os": "linux", "os_features": "", "os_version": null, "size": 107412264, "status": "inactive", "last_pulled": null, "last_pushed": null}], "last_updated": "2017-09-27T21:36:39.237671Z", "last_updater": 833165, "last_updater_username": "leodotcloud", "name": "v0.13.0", "repository": 1018649, "full_size": 107412264, "v2": true, "tag_status": "inactive", "tag_last_pulled": null, "tag_last_pushed": "2017-09-27T21:36:39.237671Z", "media_type": "application/vnd.docker.container.image.v1+json", "content_type": "image"}, {"creator": 833165, "id": 15811479, "images": [{"architecture": "amd64", "features": "", "variant": null, "digest": "sha256:600d6bf2868d963b0b9323e04965758f053d04bab86fe03a1972bb83bdb22b0e", "os": "linux", "os_features": "", "os_version": null, "size": 105518706, "status": "inactive", "last_pulled": null, "last_pushed": null}], "last_updated": "2017-09-27T07:42:47.243345Z", "last_updater": 833165, "last_updater_username": "leodotcloud", "name": "v0.12.4", "repository": 1018649, "full_size": 105518706, "v2": true, "tag_status": "inactive", "tag_last_pulled": null, "tag_last_pushed": "2017-09-27T07:42:47.243345Z", "media_type": "application/vnd.docker.container.image.v1+json", "content_type": "image"}, {"creator": 240909, "id": 15749594, "images": [{"architecture": "amd64", "features": "", "variant": null, "digest": "sha256:ec83c9e03142e3a482c303113596b5476f2d559d091c05d8ed7405ab97bd90c6", "os": "linux", "os_features": "", "os_version": null, "size": 103088376, "status": "inactive", "last_pulled": null, "last_pushed": null}], "last_updated": "2017-09-26T03:24:36.31796Z", "last_updater": 240909, "last_updater_username": "deniseschannon", "name": "v0.12.3", "repository": 1018649, "full_size": 103088376, "v2": true, "tag_status": "inactive", "tag_last_pulled": null, "tag_last_pushed": "2017-09-26T03:24:36.31796Z", "media_type": "application/vnd.docker.container.image.v1+json", "content_type": "image"}, {"creator": 240909, "id": 15447846, "images": [{"architecture": "amd64", "features": "", "variant": null, "digest": "sha256:23ffa2b5e2d64070ee9e26cbb0f3a4c9112fa7b0fba9549760b7d79cee67796f", "os": "linux", "os_features": "", "os_version": null, "size": 103087500, "status": "inactive", "last_pulled": null, "last_pushed": null}], "last_updated": "2017-09-19T07:28:41.605007Z", "last_updater": 240909, "last_updater_username": "deniseschannon", "name": "v0.12.2", "repository": 1018649, "full_size": 103087500, "v2": true, "tag_status": "inactive", "tag_last_pulled": null, "tag_last_pushed": "2017-09-19T07:28:41.605007Z", "media_type": "application/vnd.docker.container.image.v1+json", "content_type": "image"}, {"creator": 3576, "id": 15370351, "images": [{"architecture": "amd64", "features": "", "variant": null, "digest": "sha256:2382548506e7b37aeb7f7d51878bfee9bfbe78d86525ec24e9b5b83337e07f0d", "os": "linux", "os_features": "", "os_version": null, "size": 100651523, "status": "inactive", "last_pulled": null, "last_pushed": null}], "last_updated": "2017-09-16T16:36:32.592725Z", "last_updater": 3576, "last_updater_username": "ibuildthecloud", "name": "v0.12.1", "repository": 1018649, "full_size": 100651523, "v2": true, "tag_status": "inactive", "tag_last_pulled": null, "tag_last_pushed": "2017-09-16T16:36:32.592725Z", "media_type": "application/vnd.docker.container.image.v1+json", "content_type": "image"}, {"creator": 833165, "id": 15045421, "images": [{"architecture": "amd64", "features": "", "variant": null, "digest": "sha256:3ef76802143cb427de7918efa5881bc76ad10d791231afabe2ca753c0ae1607e", "os": "linux", "os_features": "", "os_version": null, "size": 100435870, "status": "inactive", "last_pulled": null, "last_pushed": null}], "last_updated": "2017-09-08T18:52:49.375158Z", "last_updater": 833165, "last_updater_username": "leodotcloud", "name": "v0.12.0", "repository": 1018649, "full_size": 100435870, "v2": true, "tag_status": "inactive", "tag_last_pulled": null, "tag_last_pushed": "2017-09-08T18:52:49.375158Z", "media_type": "application/vnd.docker.container.image.v1+json", "content_type": "image"}, {"creator": 833165, "id": 15020217, "images": [{"architecture": "amd64", "features": "", "variant": null, "digest": "sha256:3ef76802143cb427de7918efa5881bc76ad10d791231afabe2ca753c0ae1607e", "os": "linux", "os_features": "", "os_version": null, "size": 100435870, "status": "inactive", "last_pulled": null, "last_pushed": null}], "last_updated": "2017-09-08T07:31:27.137086Z", "last_updater": 833165, "last_updater_username": "leodotcloud", "name": "v0.11.10", "repository": 1018649, "full_size": 100435870, "v2": true, "tag_status": "inactive", "tag_last_pulled": null, "tag_last_pushed": "2017-09-08T07:31:27.137086Z", "media_type": "application/vnd.docker.container.image.v1+json", "content_type": "image"}, {"creator": 833165, "id": 14325603, "images": [{"architecture": "amd64", "features": "", "variant": null, "digest": "sha256:e8c5234872e1daf80dca55291b88f66f59e0fa898c3a74eb74407825c4e0b4d6", "os": "linux", "os_features": "", "os_version": null, "size": 97719815, "status": "inactive", "last_pulled": null, "last_pushed": null}], "last_updated": "2017-08-21T22:06:56.476538Z", "last_updater": 833165, "last_updater_username": "leodotcloud", "name": "v0.11.9", "repository": 1018649, "full_size": 97719815, "v2": true, "tag_status": "inactive", "tag_last_pulled": null, "tag_last_pushed": "2017-08-21T22:06:56.476538Z", "media_type": "application/vnd.docker.container.image.v1+json", "content_type": "image"}, {"creator": 833165, "id": 14215622, "images": [{"architecture": "amd64", "features": "", "variant": null, "digest": "sha256:38ffa0cbf9fb23c30e11f95cb297f3f212522de9f43116a0bfe944d122c4c645", "os": "linux", "os_features": "", "os_version": null, "size": 97717390, "status": "inactive", "last_pulled": null, "last_pushed": null}], "last_updated": "2017-08-17T22:16:52.656772Z", "last_updater": 833165, "last_updater_username": "leodotcloud", "name": "v0.11.8", "repository": 1018649, "full_size": 97717390, "v2": true, "tag_status": "inactive", "tag_last_pulled": null, "tag_last_pushed": "2017-08-17T22:16:52.656772Z", "media_type": "application/vnd.docker.container.image.v1+json", "content_type": "image"}, {"creator": 139332, "id": 13741726, "images": [{"architecture": "amd64", "features": "", "variant": null, "digest": "sha256:d31f231b09a22e7ecdfedd67df802f9a0f673852e6b2e56118db0b6d757be555", "os": "linux", "os_features": "", "os_version": null, "size": 97880231, "status": "inactive", "last_pulled": null, "last_pushed": null}], "last_updated": "2017-08-04T22:34:33.257407Z", "last_updater": 139332, "last_updater_username": "cjellick", "name": "v0.11.7", "repository": 1018649, "full_size": 97880231, "v2": true, "tag_status": "inactive", "tag_last_pulled": null, "tag_last_pushed": "2017-08-04T22:34:33.257407Z", "media_type": "application/vnd.docker.container.image.v1+json", "content_type": "image"}, {"creator": 240909, "id": 13659127, "images": [{"architecture": "amd64", "features": "", "variant": null, "digest": "sha256:91782b410f1f9814133b134d3c27b742204ee250938cbf433825da973a66a6d1", "os": "linux", "os_features": "", "os_version": null, "size": 97863046, "status": "inactive", "last_pulled": null, "last_pushed": null}], "last_updated": "2017-08-03T05:05:28.395722Z", "last_updater": 240909, "last_updater_username": "deniseschannon", "name": "v0.11.6", "repository": 1018649, "full_size": 97863046, "v2": true, "tag_status": "inactive", "tag_last_pulled": null, "tag_last_pushed": "2017-08-03T05:05:28.395722Z", "media_type": "application/vnd.docker.container.image.v1+json", "content_type": "image"}, {"creator": 139332, "id": 13510158, "images": [{"architecture": "amd64", "features": "", "variant": null, "digest": "sha256:2f825f683e1ad040da890d365c8f78030c3644fd2d524964083507e6d947e1a4", "os": "linux", "os_features": "", "os_version": null, "size": 97861962, "status": "inactive", "last_pulled": null, "last_pushed": null}], "last_updated": "2017-07-30T21:25:52.484941Z", "last_updater": 139332, "last_updater_username": "cjellick", "name": "v0.11.5", "repository": 1018649, "full_size": 97861962, "v2": true, "tag_status": "inactive", "tag_last_pulled": null, "tag_last_pushed": "2017-07-30T21:25:52.484941Z", "media_type": "application/vnd.docker.container.image.v1+json", "content_type": "image"}, {"creator": 240909, "id": 12992693, "images": [{"architecture": "amd64", "features": "", "variant": null, "digest": "sha256:169509b3f91594ba4375933b34e84d33f8db8667e6b7c31b91aee588782e51c5", "os": "linux", "os_features": "", "os_version": null, "size": 97854133, "status": "inactive", "last_pulled": null, "last_pushed": null}], "last_updated": "2017-07-17T03:40:30.562313Z", "last_updater": 240909, "last_updater_username": "deniseschannon", "name": "v0.11.4", "repository": 1018649, "full_size": 97854133, "v2": true, "tag_status": "inactive", "tag_last_pulled": null, "tag_last_pushed": "2017-07-17T03:40:30.562313Z", "media_type": "application/vnd.docker.container.image.v1+json", "content_type": "image"}, {"creator": 240909, "id": 11982248, "images": [{"architecture": "amd64", "features": "", "variant": null, "digest": "sha256:9495baae8fafce702a68dc58ce03330072fe501b52514b48d3b3cd1d67b3cf9f", "os": "linux", "os_features": "", "os_version": null, "size": 97842515, "status": "inactive", "last_pulled": null, "last_pushed": null}], "last_updated": "2017-06-16T18:12:44.654755Z", "last_updater": 240909, "last_updater_username": "deniseschannon", "name": "v0.11.3", "repository": 1018649, "full_size": 97842515, "v2": true, "tag_status": "inactive", "tag_last_pulled": null, "tag_last_pushed": "2017-06-16T18:12:44.654755Z", "media_type": "application/vnd.docker.container.image.v1+json", "content_type": "image"}, {"creator": 3576, "id": 9836514, "images": [{"architecture": "amd64", "features": "", "variant": null, "digest": "sha256:539baa0467fc5387ae14b2978679712a234bc45f9fee3d40feb58795dde95b84", "os": "linux", "os_features": "", "os_version": null, "size": 97815200, "status": "inactive", "last_pulled": null, "last_pushed": null}], "last_updated": "2017-04-10T07:06:27.302209Z", "last_updater": 3576, "last_updater_username": "ibuildthecloud", "name": "v0.11.2", "repository": 1018649, "full_size": 97815200, "v2": true, "tag_status": "inactive", "tag_last_pulled": null, "tag_last_pushed": "2017-04-10T07:06:27.302209Z", "media_type": "application/vnd.docker.container.image.v1+json", "content_type": "image"}, {"creator": 3576, "id": 9776032, "images": [{"architecture": "amd64", "features": "", "variant": null, "digest": "sha256:5e324eedfa40bb9a04f1e6c31c7fafeee4ac0c87b800b0c797cf5c16ce2be6cf", "os": "linux", "os_features": "", "os_version": null, "size": 97815006, "status": "inactive", "last_pulled": null, "last_pushed": null}], "last_updated": "2017-04-07T01:18:54.264052Z", "last_updater": 3576, "last_updater_username": "ibuildthecloud", "name": "v0.11.1", "repository": 1018649, "full_size": 97815006, "v2": true, "tag_status": "inactive", "tag_last_pulled": null, "tag_last_pushed": "2017-04-07T01:18:54.264052Z", "media_type": "application/vnd.docker.container.image.v1+json", "content_type": "image"}, {"creator": 3576, "id": 7097697, "images": [{"architecture": "amd64", "features": "", "variant": null, "digest": "sha256:665d9f6e8cc1ec3fa1181398d0661715cf71134db65666072998c54dbeeb7072", "os": "linux", "os_features": "", "os_version": null, "size": 97814352, "status": "inactive", "last_pulled": null, "last_pushed": null}], "last_updated": "2017-04-05T04:34:50.772752Z", "last_updater": 3576, "last_updater_username": "ibuildthecloud", "name": "holder", "repository": 1018649, "full_size": 97814352, "v2": true, "tag_status": "inactive", "tag_last_pulled": null, "tag_last_pushed": "2017-04-05T04:34:50.772752Z", "media_type": "application/vnd.docker.container.image.v1+json", "content_type": "image"}, {"creator": 3576, "id": 9693882, "images": [{"architecture": "amd64", "features": "", "variant": null, "digest": "sha256:665d9f6e8cc1ec3fa1181398d0661715cf71134db65666072998c54dbeeb7072", "os": "linux", "os_features": "", "os_version": null, "size": 97814352, "status": "inactive", "last_pulled": null, "last_pushed": null}], "last_updated": "2017-04-05T04:34:38.235523Z", "last_updater": 3576, "last_updater_username": "ibuildthecloud", "name": "v0.11.0", "repository": 1018649, "full_size": 97814352, "v2": true, "tag_status": "inactive", "tag_last_pulled": null, "tag_last_pushed": "2017-04-05T04:34:38.235523Z", "media_type": "application/vnd.docker.container.image.v1+json", "content_type": "image"}, {"creator": 139332, "id": 9041628, "images": [{"architecture": "amd64", "features": "", "variant": null, "digest": "sha256:3727a5f2156bdfbcadd578ff12d55fe31ca793414c5b9eea2520a7fc87c6fec8", "os": "linux", "os_features": "", "os_version": null, "size": 96860194, "status": "inactive", "last_pulled": null, "last_pushed": null}], "last_updated": "2017-03-16T00:27:12.223662Z", "last_updater": 139332, "last_updater_username": "cjellick", "name": "v0.10.0", "repository": 1018649, "full_size": 96860194, "v2": true, "tag_status": "inactive", "tag_last_pulled": null, "tag_last_pushed": "2017-03-16T00:27:12.223662Z", "media_type": "application/vnd.docker.container.image.v1+json", "content_type": "image"}, {"creator": 3576, "id": 8531772, "images": [{"architecture": "amd64", "features": "", "variant": null, "digest": "sha256:5ac4ae5d7fa4e6acdd2c3758a9354e121d2f8e85422b5c5ca454ccc309405303", "os": "linux", "os_features": "", "os_version": null, "size": 96858981, "status": "inactive", "last_pulled": null, "last_pushed": null}], "last_updated": "2017-02-28T00:39:22.926348Z", "last_updater": 3576, "last_updater_username": "ibuildthecloud", "name": "v0.9.4", "repository": 1018649, "full_size": 96858981, "v2": true, "tag_status": "inactive", "tag_last_pulled": null, "tag_last_pushed": "2017-02-28T00:39:22.926348Z", "media_type": "application/vnd.docker.container.image.v1+json", "content_type": "image"}, {"creator": 424512, "id": 8474018, "images": [{"architecture": "amd64", "features": "", "variant": null, "digest": "sha256:a59e121330f2d968ed2db4cb8aa00120464206eb8644320cab0da941f5293901", "os": "linux", "os_features": "", "os_version": null, "size": 96708982, "status": "inactive", "last_pulled": null, "last_pushed": null}], "last_updated": "2017-02-24T21:21:22.04738Z", "last_updater": 424512, "last_updater_username": "alena1108", "name": "v0.9.3", "repository": 1018649, "full_size": 96708982, "v2": true, "tag_status": "inactive", "tag_last_pulled": null, "tag_last_pushed": "2017-02-24T21:21:22.04738Z", "media_type": "application/vnd.docker.container.image.v1+json", "content_type": "image"}, {"creator": 139332, "id": 8404589, "images": [{"architecture": "amd64", "features": "", "variant": null, "digest": "sha256:c2854c9b2fdf2a3e8626689cc0b762fd85bf79c9ba8516878fedca9f22e6f823", "os": "linux", "os_features": "", "os_version": null, "size": 96857737, "status": "inactive", "last_pulled": null, "last_pushed": null}], "last_updated": "2017-02-22T23:09:53.942251Z", "last_updater": 139332, "last_updater_username": "cjellick", "name": "v0.9.2", "repository": 1018649, "full_size": 96857737, "v2": true, "tag_status": "inactive", "tag_last_pulled": null, "tag_last_pushed": "2017-02-22T23:09:53.942251Z", "media_type": "application/vnd.docker.container.image.v1+json", "content_type": "image"}, {"creator": 3576, "id": 8403556, "images": [{"architecture": "amd64", "features": "", "variant": null, "digest": "sha256:cbaa6597ca4f8ef07502f9778dda326365e164780220984a7a86d0c6972b40ba", "os": "linux", "os_features": "", "os_version": null, "size": 96890575, "status": "inactive", "last_pulled": null, "last_pushed": null}], "last_updated": "2017-02-22T22:33:29.230328Z", "last_updater": 3576, "last_updater_username": "ibuildthecloud", "name": "v0.9.1", "repository": 1018649, "full_size": 96890575, "v2": true, "tag_status": "inactive", "tag_last_pulled": null, "tag_last_pushed": "2017-02-22T22:33:29.230328Z", "media_type": "application/vnd.docker.container.image.v1+json", "content_type": "image"}, {"creator": 3576, "id": 8202012, "images": [{"architecture": "amd64", "features": "", "variant": null, "digest": "sha256:1372e482a8514227ffd4148d61f73bcbbc574f052842683352d73506bbbd3271", "os": "linux", "os_features": "", "os_version": null, "size": 96886721, "status": "inactive", "last_pulled": null, "last_pushed": null}], "last_updated": "2017-02-15T22:29:18.084362Z", "last_updater": 3576, "last_updater_username": "ibuildthecloud", "name": "v0.9.0", "repository": 1018649, "full_size": 96886721, "v2": true, "tag_status": "inactive", "tag_last_pulled": null, "tag_last_pushed": "2017-02-15T22:29:18.084362Z", "media_type": "application/vnd.docker.container.image.v1+json", "content_type": "image"}, {"creator": 424512, "id": 7744505, "images": [{"architecture": "amd64", "features": "", "variant": null, "digest": "sha256:332e26ab5cbaabbdbc5e67658192bc54e5f42d0f1b394b1c95bd549c3113d092", "os": "linux", "os_features": "", "os_version": null, "size": 96734220, "status": "inactive", "last_pulled": null, "last_pushed": null}], "last_updated": "2017-01-28T02:37:29.939876Z", "last_updater": 424512, "last_updater_username": "alena1108", "name": "v0.8.7", "repository": 1018649, "full_size": 96734220, "v2": true, "tag_status": "inactive", "tag_last_pulled": null, "tag_last_pushed": "2017-01-28T02:37:29.939876Z", "media_type": "application/vnd.docker.container.image.v1+json", "content_type": "image"}, {"creator": 424512, "id": 7657682, "images": [{"architecture": "amd64", "features": "", "variant": null, "digest": "sha256:c6f848f9ac49b89cfc01cf50cfded8caf0dcb5b4f6689df499b65200bc8762f0", "os": "linux", "os_features": "", "os_version": null, "size": 96733840, "status": "inactive", "last_pulled": null, "last_pushed": null}], "last_updated": "2017-01-24T22:44:28.719468Z", "last_updater": 424512, "last_updater_username": "alena1108", "name": "v0.8.6", "repository": 1018649, "full_size": 96733840, "v2": true, "tag_status": "inactive", "tag_last_pulled": null, "tag_last_pushed": "2017-01-24T22:44:28.719468Z", "media_type": "application/vnd.docker.container.image.v1+json", "content_type": "image"}, {"creator": 424512, "id": 7557515, "images": [{"architecture": "amd64", "features": "", "variant": null, "digest": "sha256:7ebe7eb5af54cef2a7dc9d1e5fbe8294e1c2857d4a389c9a2832b90c6537fe1f", "os": "linux", "os_features": "", "os_version": null, "size": 96732491, "status": "inactive", "last_pulled": null, "last_pushed": null}], "last_updated": "2017-01-20T00:41:32.817309Z", "last_updater": 424512, "last_updater_username": "alena1108", "name": "v0.8.5", "repository": 1018649, "full_size": 96732491, "v2": true, "tag_status": "inactive", "tag_last_pulled": null, "tag_last_pushed": "2017-01-20T00:41:32.817309Z", "media_type": "application/vnd.docker.container.image.v1+json", "content_type": "image"}, {"creator": 424512, "id": 7517146, "images": [{"architecture": "amd64", "features": "", "variant": null, "digest": "sha256:fbb8d6c9569e300f568a3aef797807cda7fec6a41a5676c83f8a622093b6340b", "os": "linux", "os_features": "", "os_version": null, "size": 96732585, "status": "inactive", "last_pulled": null, "last_pushed": null}], "last_updated": "2017-01-18T18:58:29.574943Z", "last_updater": 424512, "last_updater_username": "alena1108", "name": "v0.8.4", "repository": 1018649, "full_size": 96732585, "v2": true, "tag_status": "inactive", "tag_last_pulled": null, "tag_last_pushed": "2017-01-18T18:58:29.574943Z", "media_type": "application/vnd.docker.container.image.v1+json", "content_type": "image"}, {"creator": 424512, "id": 7415892, "images": [{"architecture": "amd64", "features": "", "variant": null, "digest": "sha256:2ca6a441038579aa7b483f6d957167785025d9629d333f0d616925f438f7e47d", "os": "linux", "os_features": "", "os_version": null, "size": 96732060, "status": "inactive", "last_pulled": null, "last_pushed": null}], "last_updated": "2017-01-13T22:51:37.724488Z", "last_updater": 424512, "last_updater_username": "alena1108", "name": "v0.8.3", "repository": 1018649, "full_size": 96732060, "v2": true, "tag_status": "inactive", "tag_last_pulled": null, "tag_last_pushed": "2017-01-13T22:51:37.724488Z", "media_type": "application/vnd.docker.container.image.v1+json", "content_type": "image"}, {"creator": 424512, "id": 7296249, "images": [{"architecture": "amd64", "features": "", "variant": null, "digest": "sha256:a01de04652eb352bc243b11ac6affb7bd5ccafb0bf08d43a092c05a587e97c11", "os": "linux", "os_features": "", "os_version": null, "size": 96731130, "status": "inactive", "last_pulled": null, "last_pushed": null}], "last_updated": "2017-01-10T00:31:04.159459Z", "last_updater": 424512, "last_updater_username": "alena1108", "name": "v0.8.2", "repository": 1018649, "full_size": 96731130, "v2": true, "tag_status": "inactive", "tag_last_pulled": null, "tag_last_pushed": "2017-01-10T00:31:04.159459Z", "media_type": "application/vnd.docker.container.image.v1+json", "content_type": "image"}, {"creator": 139332, "id": 7127304, "images": [{"architecture": "amd64", "features": "", "variant": null, "digest": "sha256:dd859dcb7c97105f609acea6e8f3ef9a632df650c61febdad85784384e263694", "os": "linux", "os_features": "", "os_version": null, "size": 95932063, "status": "inactive", "last_pulled": null, "last_pushed": null}], "last_updated": "2016-12-30T04:23:38.883952Z", "last_updater": 139332, "last_updater_username": "cjellick", "name": "v0.8.1", "repository": 1018649, "full_size": 95932063, "v2": true, "tag_status": "inactive", "tag_last_pulled": null, "tag_last_pushed": "2016-12-30T04:23:38.883952Z", "media_type": "application/vnd.docker.container.image.v1+json", "content_type": "image"}, {"creator": 3576, "id": 7050456, "images": [{"architecture": "amd64", "features": "", "variant": null, "digest": "sha256:bb516596ce5a2438aa01d58482ece4425ae224e651aec4f5c44a48697c716f95", "os": "linux", "os_features": "", "os_version": null, "size": 95932040, "status": "inactive", "last_pulled": null, "last_pushed": null}], "last_updated": "2016-12-23T06:14:36.84684Z", "last_updater": 3576, "last_updater_username": "ibuildthecloud", "name": "v0.8.0", "repository": 1018649, "full_size": 95932040, "v2": true, "tag_status": "inactive", "tag_last_pulled": null, "tag_last_pushed": "2016-12-23T06:14:36.84684Z", "media_type": "application/vnd.docker.container.image.v1+json", "content_type": "image"}, {"creator": 3576, "id": 6466640, "images": [{"architecture": "amd64", "features": "", "variant": null, "digest": "sha256:1236043acf62f87835af19cbf2998cdec62299cf5a9879bc2deed9b113ab3cab", "os": "linux", "os_features": "", "os_version": null, "size": 95426353, "status": "inactive", "last_pulled": null, "last_pushed": null}], "last_updated": "2016-11-29T21:01:36.131302Z", "last_updater": 3576, "last_updater_username": "ibuildthecloud", "name": "v0.7.5", "repository": 1018649, "full_size": 95426353, "v2": true, "tag_status": "inactive", "tag_last_pulled": null, "tag_last_pushed": "2016-11-29T21:01:36.131302Z", "media_type": "application/vnd.docker.container.image.v1+json", "content_type": "image"}, {"creator": 3576, "id": 6434812, "images": [{"architecture": "amd64", "features": "", "variant": null, "digest": "sha256:d6a87cf2f294c3b1095ecc29ffdc15ef24b2f9f9b2c8bfe9f0b08f15ad9d073a", "os": "linux", "os_features": "", "os_version": null, "size": 97604629, "status": "inactive", "last_pulled": null, "last_pushed": null}], "last_updated": "2016-11-28T22:23:56.779581Z", "last_updater": 3576, "last_updater_username": "ibuildthecloud", "name": "v0.7.4", "repository": 1018649, "full_size": 97604629, "v2": true, "tag_status": "inactive", "tag_last_pulled": null, "tag_last_pushed": "2016-11-28T22:23:56.779581Z", "media_type": "application/vnd.docker.container.image.v1+json", "content_type": "image"}, {"creator": 3576, "id": 6332589, "images": [{"architecture": "amd64", "features": "", "variant": null, "digest": "sha256:fd7b5cf0e44b55b6d2cbbb242d0e7de9d5e7a81bdf4d71f4a29a90392932047d", "os": "linux", "os_features": "", "os_version": null, "size": 97604577, "status": "inactive", "last_pulled": null, "last_pushed": null}], "last_updated": "2016-11-23T17:12:44.781264Z", "last_updater": 3576, "last_updater_username": "ibuildthecloud", "name": "v0.7.3", "repository": 1018649, "full_size": 97604577, "v2": true, "tag_status": "inactive", "tag_last_pulled": null, "tag_last_pushed": "2016-11-23T17:12:44.781264Z", "media_type": "application/vnd.docker.container.image.v1+json", "content_type": "image"}, {"creator": 3576, "id": 6318123, "images": [{"architecture": "amd64", "features": "", "variant": null, "digest": "sha256:d4ed53d034cb5aadf149ee1db40daa3e24f7b7bd76ae995cbc6cde5cca9c0455", "os": "linux", "os_features": "", "os_version": null, "size": 97405705, "status": "inactive", "last_pulled": null, "last_pushed": null}], "last_updated": "2016-11-23T07:09:33.326037Z", "last_updater": 3576, "last_updater_username": "ibuildthecloud", "name": "v0.7.2", "repository": 1018649, "full_size": 97405705, "v2": true, "tag_status": "inactive", "tag_last_pulled": null, "tag_last_pushed": "2016-11-23T07:09:33.326037Z", "media_type": "application/vnd.docker.container.image.v1+json", "content_type": "image"}, {"creator": 3576, "id": 6274352, "images": [{"architecture": "amd64", "features": "", "variant": null, "digest": "sha256:61854ca7ec179dd6b3fc2b0c916dcb9b6fe95d8804eafd7e26f644902fa01353", "os": "linux", "os_features": "", "os_version": null, "size": 97405660, "status": "inactive", "last_pulled": null, "last_pushed": null}], "last_updated": "2016-11-21T20:43:04.484942Z", "last_updater": 3576, "last_updater_username": "ibuildthecloud", "name": "v0.7.1", "repository": 1018649, "full_size": 97405660, "v2": true, "tag_status": "inactive", "tag_last_pulled": null, "tag_last_pushed": "2016-11-21T20:43:04.484942Z", "media_type": "application/vnd.docker.container.image.v1+json", "content_type": "image"}, {"creator": 3576, "id": 6034817, "images": [{"architecture": "amd64", "features": "", "variant": null, "digest": "sha256:ca32df47cc8a639f28f92a4fe4b87fdcb8587d3366d0e750d849fb142e6b5c04", "os": "linux", "os_features": "", "os_version": null, "size": 97385980, "status": "inactive", "last_pulled": null, "last_pushed": null}], "last_updated": "2016-11-10T16:13:52.772891Z", "last_updater": 3576, "last_updater_username": "ibuildthecloud", "name": "v0.7.0", "repository": 1018649, "full_size": 97385980, "v2": true, "tag_status": "inactive", "tag_last_pulled": null, "tag_last_pushed": "2016-11-10T16:13:52.772891Z", "media_type": "application/vnd.docker.container.image.v1+json", "content_type": "image"}, {"creator": 3576, "id": 6017887, "images": [{"architecture": "amd64", "features": "", "variant": null, "digest": "sha256:2421ceff9e0b99b0b5d37519c37350f439f8aa62da23aca0cc7bc074c7e18e96", "os": "linux", "os_features": "", "os_version": null, "size": 97374717, "status": "inactive", "last_pulled": null, "last_pushed": null}], "last_updated": "2016-11-10T00:15:45.457587Z", "last_updater": 3576, "last_updater_username": "ibuildthecloud", "name": "v0.6.3", "repository": 1018649, "full_size": 97374717, "v2": true, "tag_status": "inactive", "tag_last_pulled": null, "tag_last_pushed": "2016-11-10T00:15:45.457587Z", "media_type": "application/vnd.docker.container.image.v1+json", "content_type": "image"}, {"creator": 3576, "id": 5955562, "images": [{"architecture": "amd64", "features": "", "variant": null, "digest": "sha256:a15a2cbfe4ecfce6f24871b008d2054a63bd34ef47180759124dfc7a5b35e3fe", "os": "linux", "os_features": "", "os_version": null, "size": 97374646, "status": "inactive", "last_pulled": null, "last_pushed": null}], "last_updated": "2016-11-07T20:06:52.496349Z", "last_updater": 3576, "last_updater_username": "ibuildthecloud", "name": "v0.6.2", "repository": 1018649, "full_size": 97374646, "v2": true, "tag_status": "inactive", "tag_last_pulled": null, "tag_last_pushed": "2016-11-07T20:06:52.496349Z", "media_type": "application/vnd.docker.container.image.v1+json", "content_type": "image"}, {"creator": 3576, "id": 5915002, "images": [{"architecture": "amd64", "features": "", "variant": null, "digest": "sha256:30d4d78b5c0cd0adb1d669a1957588ad0595b8015ecdfd5d75bba14d80c8f726", "os": "linux", "os_features": "", "os_version": null, "size": 97228710, "status": "inactive", "last_pulled": null, "last_pushed": null}], "last_updated": "2016-11-04T19:48:15.309633Z", "last_updater": 3576, "last_updater_username": "ibuildthecloud", "name": "v0.6.1", "repository": 1018649, "full_size": 97228710, "v2": true, "tag_status": "inactive", "tag_last_pulled": null, "tag_last_pushed": "2016-11-04T19:48:15.309633Z", "media_type": "application/vnd.docker.container.image.v1+json", "content_type": "image"}, {"creator": 3576, "id": 5830795, "images": [{"architecture": "amd64", "features": "", "variant": null, "digest": "sha256:b0f987061e329ceaaf3840640d5f5e8f08d2f2a902068f712fecc103003cfdb4", "os": "linux", "os_features": "", "os_version": null, "size": 97226263, "status": "inactive", "last_pulled": null, "last_pushed": null}], "last_updated": "2016-11-01T20:24:46.712546Z", "last_updater": 3576, "last_updater_username": "ibuildthecloud", "name": "v0.6.0", "repository": 1018649, "full_size": 97226263, "v2": true, "tag_status": "inactive", "tag_last_pulled": null, "tag_last_pushed": "2016-11-01T20:24:46.712546Z", "media_type": "application/vnd.docker.container.image.v1+json", "content_type": "image"}]