[
    {
        "creator": 9681471,
        "id": 388165504,
        "images": [
            {
                "architecture": "amd64",
                "features": "",
                "variant": null,
                "digest": "sha256:ced4564abb522248555441a39194057f054b4ac58c78cbce5eca7ef23cae3fa7",
                "os": "linux",
                "os_features": "",
                "os_version": null,
                "size": 114204706,
                "status": "active",
                "last_pulled": "2024-01-20T07:10:33.179473Z",
                "last_pushed": "2023-02-15T19:36:13.77758Z"
            },
            {
                "architecture": "arm64",
                "features": "",
                "variant": "v8",
                "digest": "sha256:3a5531856c64d80a6f6111f41488cce68a426696dad9fc67f0b53fc2072f6763",
                "os": "linux",
                "os_features": "",
                "os_version": null,
                "size": 114405067,
                "status": "active",
                "last_pulled": "2024-01-10T00:14:37.786657Z",
                "last_pushed": "2023-02-15T19:27:41.102345Z"
            }
        ],
        "last_updated": "2023-02-15T19:36:19.752747Z",
        "last_updater": 9681471,
        "last_updater_username": "awscliautomation",
        "name": "2.10.0",
        "repository": 8718954,
        "full_size": 114204706,
        "v2": true,
        "tag_status": "active",
        "tag_last_pulled": "2024-01-20T09:31:31.782748Z",
        "tag_last_pushed": "2023-02-15T19:36:19.752747Z",
        "media_type": "application/vnd.docker.distribution.manifest.list.v2+json",
        "content_type": "image",
        "digest": "sha256:4ae7d2fb1faf0b31047c13a2ab5b5345925ce9813eaf54bd8c77ef835baeb9e8"
    },
    {
        "creator": 9681471,
        "id": 389670966,
        "images": [
            {
                "architecture": "amd64",
                "features": "",
                "variant": null,
                "digest": "sha256:c1e2eb985c2cc1ccdbda3b4e39de1c2ef4e52f9f5d00f73b0b85cb36b0f61737",
                "os": "linux",
                "os_features": "",
                "os_version": null,
                "size": 114220798,
                "status": "active",
                "last_pulled": "2024-01-20T09:34:33.833847Z",
                "last_pushed": "2023-02-17T22:01:57.08683Z"
            },
            {
                "architecture": "arm64",
                "features": "",
                "variant": "v8",
                "digest": "sha256:9a19153696025cc73373fc6fb90b8532d0110ea9e769b1a3ab7bab510ed2cc85",
                "os": "linux",
                "os_features": "",
                "os_version": null,
                "size": 114427193,
                "status": "active",
                "last_pulled": "2024-01-18T23:13:37.993171Z",
                "last_pushed": "2023-02-17T21:54:05.21469Z"
            }
        ],
        "last_updated": "2023-02-17T22:02:02.965987Z",
        "last_updater": 9681471,
        "last_updater_username": "awscliautomation",
        "name": "2.10.1",
        "repository": 8718954,
        "full_size": 114220798,
        "v2": true,
        "tag_status": "active",
        "tag_last_pulled": "2024-01-20T09:34:33.833847Z",
        "tag_last_pushed": "2023-02-17T22:02:02.965987Z",
        "media_type": "application/vnd.docker.distribution.manifest.list.v2+json",
        "content_type": "image",
        "digest": "sha256:46a55d57bd97ea04b04ff977ea1411dd37062765e857cc3dafa2d400f8ac4811"
    },
    {
        "creator": 9681471,
        "id": 392415886,
        "images": [
            {
                "architecture": "amd64",
                "features": "",
                "variant": null,
                "digest": "sha256:75f8cf2ad8e18e6da8fa3698dcdefd5d0a0f0db6a3fb9f9bf2a7bc563a9ce367",
                "os": "linux",
                "os_features": "",
                "os_version": null,
                "size": 115623818,
                "status": "active",
                "last_pulled": "2024-01-20T07:10:34.982168Z",
                "last_pushed": "2023-02-22T21:16:09.295409Z"
            },
            {
                "architecture": "arm64",
                "features": "",
                "variant": "v8",
                "digest": "sha256:2fa601f1fa7c531465d7f7e83fc3a672896d97a5805317b8fd86d097c4236d72",
                "os": "linux",
                "os_features": "",
                "os_version": null,
                "size": 115824760,
                "status": "active",
                "last_pulled": "2024-01-17T00:13:47.604083Z",
                "last_pushed": "2023-02-22T21:07:56.308394Z"
            }
        ],
        "last_updated": "2023-02-22T21:16:18.199049Z",
        "last_updater": 9681471,
        "last_updater_username": "awscliautomation",
        "name": "2.10.2",
        "repository": 8718954,
        "full_size": 115623818,
        "v2": true,
        "tag_status": "active",
        "tag_last_pulled": "2024-01-20T09:32:41.825865Z",
        "tag_last_pushed": "2023-02-22T21:16:18.199049Z",
        "media_type": "application/vnd.docker.distribution.manifest.list.v2+json",
        "content_type": "image",
        "digest": "sha256:5a31503b40680b7b580aff797c04a305b900533427b098305db9fb88177b469b"
    },
    {
        "creator": 9681471,
        "id": 393778847,
        "images": [
            {
                "architecture": "amd64",
                "features": "",
                "variant": null,
                "digest": "sha256:cc88a899352965db6f6862e30d2639d4254fd8172df8c0c6a943d7e3b5ac50b4",
                "os": "linux",
                "os_features": "",
                "os_version": null,
                "size": 115632696,
                "status": "active",
                "last_pulled": "2024-01-20T07:10:57.453022Z",
                "last_pushed": "2023-02-24T20:22:39.801992Z"
            },
            {
                "architecture": "arm64",
                "features": "",
                "variant": "v8",
                "digest": "sha256:b61f14721c0ca1d95e11a26fe25e023db27bb8708ed396093e97e3bd0b1a4847",
                "os": "linux",
                "os_features": "",
                "os_version": null,
                "size": 115830092,
                "status": "active",
                "last_pulled": "2024-01-19T00:14:01.830226Z",
                "last_pushed": "2023-02-24T20:14:40.355274Z"
            }
        ],
        "last_updated": "2023-02-24T20:22:45.983139Z",
        "last_updater": 9681471,
        "last_updater_username": "awscliautomation",
        "name": "2.10.3",
        "repository": 8718954,
        "full_size": 115632696,
        "v2": true,
        "tag_status": "active",
        "tag_last_pulled": "2024-01-20T09:33:11.782679Z",
        "tag_last_pushed": "2023-02-24T20:22:45.983139Z",
        "media_type": "application/vnd.docker.distribution.manifest.list.v2+json",
        "content_type": "image",
        "digest": "sha256:77606beb4000a4bc206744f1ed2666474c9c572dd6e39c97e3fa1a711190674c"
    },
    {
        "creator": 9681471,
        "id": 396692249,
        "images": [
            {
                "architecture": "amd64",
                "features": "",
                "variant": null,
                "digest": "sha256:c7efc066a0eb4d5a9b0c2b51dd8a779a2b7c4badde49c53688d54ca3633a8702",
                "os": "linux",
                "os_features": "",
                "os_version": null,
                "size": 114313435,
                "status": "active",
                "last_pulled": "2024-01-20T09:06:05.813997Z",
                "last_pushed": "2023-03-01T22:55:01.1533Z"
            },
            {
                "architecture": "arm64",
                "features": "",
                "variant": "v8",
                "digest": "sha256:2fe7b97d0cd363ff19089256c6e028a859bf668078075c35f3b3756d23139d16",
                "os": "linux",
                "os_features": "",
                "os_version": null,
                "size": 114486798,
                "status": "active",
                "last_pulled": "2024-01-20T00:14:18.656734Z",
                "last_pushed": "2023-03-01T22:47:33.137778Z"
            }
        ],
        "last_updated": "2023-03-01T22:55:07.160892Z",
        "last_updater": 9681471,
        "last_updater_username": "awscliautomation",
        "name": "2.10.4",
        "repository": 8718954,
        "full_size": 114313435,
        "v2": true,
        "tag_status": "active",
        "tag_last_pulled": "2024-01-20T09:21:03.505312Z",
        "tag_last_pushed": "2023-03-01T22:55:07.160892Z",
        "media_type": "application/vnd.docker.distribution.manifest.list.v2+json",
        "content_type": "image",
        "digest": "sha256:45f2942c594385e11599742835fc83b74061865a67b488c23b19474bfaecf4bd"
    },
    {
        "creator": 9681471,
        "id": 397635358,
        "images": [
            {
                "architecture": "amd64",
                "features": "",
                "variant": null,
                "digest": "sha256:b85193aad394e3563e2f45388f076b543b1426f9e464c9d236be7ca5d509d5ff",
                "os": "linux",
                "os_features": "",
                "os_version": null,
                "size": 122367739,
                "status": "active",
                "last_pulled": "2024-01-20T07:11:02.858619Z",
                "last_pushed": "2023-03-03T01:11:12.902841Z"
            },
            {
                "architecture": "arm64",
                "features": "",
                "variant": "v8",
                "digest": "sha256:1e847544b9e110904ac941a099360d332207f228b7bfd6d6f2b08993052aa343",
                "os": "linux",
                "os_features": "",
                "os_version": null,
                "size": 123491138,
                "status": "active",
                "last_pulled": "2024-01-20T00:14:44.639106Z",
                "last_pushed": "2023-03-03T01:03:18.429358Z"
            }
        ],
        "last_updated": "2023-03-03T01:11:18.889539Z",
        "last_updater": 9681471,
        "last_updater_username": "awscliautomation",
        "name": "2.11.0",
        "repository": 8718954,
        "full_size": 122367739,
        "v2": true,
        "tag_status": "active",
        "tag_last_pulled": "2024-01-20T09:33:34.777559Z",
        "tag_last_pushed": "2023-03-03T01:11:18.889539Z",
        "media_type": "application/vnd.docker.distribution.manifest.list.v2+json",
        "content_type": "image",
        "digest": "sha256:8b44d15609bdda5af0b17c7ee7c82f0b8b16cf9ff2ebb095d6815906deba30e7"
    },
    {
        "creator": 9681471,
        "id": 401226834,
        "images": [
            {
                "architecture": "amd64",
                "features": "",
                "variant": null,
                "digest": "sha256:b6b0245c81ee8757f3139d223dc3cbd73fcc9fc1ee82f573406114b05cb4ea37",
                "os": "linux",
                "os_features": "",
                "os_version": null,
                "size": 134963727,
                "status": "active",
                "last_pulled": "2024-01-20T07:11:03.73132Z",
                "last_pushed": "2023-03-08T21:46:24.738447Z"
            },
            {
                "architecture": "arm64",
                "features": "",
                "variant": "v8",
                "digest": "sha256:ca3be2f69f143efaad0eda33a3bdd9278fbeba7cf4c3d0896c5b4552db950a02",
                "os": "linux",
                "os_features": "",
                "os_version": null,
                "size": 136445426,
                "status": "active",
                "last_pulled": "2024-01-20T00:15:07.010077Z",
                "last_pushed": "2023-03-08T21:38:15.116955Z"
            }
        ],
        "last_updated": "2023-03-08T21:46:30.737463Z",
        "last_updater": 9681471,
        "last_updater_username": "awscliautomation",
        "name": "2.11.1",
        "repository": 8718954,
        "full_size": 134963727,
        "v2": true,
        "tag_status": "active",
        "tag_last_pulled": "2024-01-20T09:33:35.163596Z",
        "tag_last_pushed": "2023-03-08T21:46:30.737463Z",
        "media_type": "application/vnd.docker.distribution.manifest.list.v2+json",
        "content_type": "image",
        "digest": "sha256:a48320fae17db0b59a50bad502bae9ac07bb48a22a9d430b2043d38ef622f976"
    },
    {
        "creator": 9681471,
        "id": 417643789,
        "images": [
            {
                "architecture": "amd64",
                "features": "",
                "variant": null,
                "digest": "sha256:6163425c67be6aba87a819a11a7e7bd74b8013628e619358d8de6cfef1f666c3",
                "os": "linux",
                "os_features": "",
                "os_version": null,
                "size": 123523592,
                "status": "active",
                "last_pulled": "2024-01-20T07:11:04.616614Z",
                "last_pushed": "2023-04-06T00:24:16.449881Z"
            },
            {
                "architecture": "arm64",
                "features": "",
                "variant": "v8",
                "digest": "sha256:375233f8ea42507c89b50dc47e596655019cf2d77ed51490d1e6bb52c332ea71",
                "os": "linux",
                "os_features": "",
                "os_version": null,
                "size": 124273610,
                "status": "active",
                "last_pulled": "2024-01-20T00:15:33.798429Z",
                "last_pushed": "2023-04-06T00:15:26.194859Z"
            }
        ],
        "last_updated": "2023-04-06T00:24:22.090956Z",
        "last_updater": 9681471,
        "last_updater_username": "awscliautomation",
        "name": "2.11.10",
        "repository": 8718954,
        "full_size": 123523592,
        "v2": true,
        "tag_status": "active",
        "tag_last_pulled": "2024-01-20T09:24:08.778495Z",
        "tag_last_pushed": "2023-04-06T00:24:22.090956Z",
        "media_type": "application/vnd.docker.distribution.manifest.list.v2+json",
        "content_type": "image",
        "digest": "sha256:55ffb44c2aefa30f6ff689dba7eb1c06139534a531826c01b52c8715f6050d65"
    },
    {
        "creator": 9681471,
        "id": 418886792,
        "images": [
            {
                "architecture": "amd64",
                "features": "",
                "variant": null,
                "digest": "sha256:13897df3293b72fd8ffadd4a11293377c537ea51868db8ef860f715ac2127308",
                "os": "linux",
                "os_features": "",
                "os_version": null,
                "size": 122716029,
                "status": "active",
                "last_pulled": "2024-01-20T07:11:05.526639Z",
                "last_pushed": "2023-04-07T18:15:11.611685Z"
            },
            {
                "architecture": "arm64",
                "features": "",
                "variant": "v8",
                "digest": "sha256:ecf643d230e3d425c6827cde17e685eba4e4f6a1bacdcebc8848ccd40a43135f",
                "os": "linux",
                "os_features": "",
                "os_version": null,
                "size": 123416899,
                "status": "active",
                "last_pulled": "2024-01-20T00:16:17.61401Z",
                "last_pushed": "2023-04-07T18:06:03.136104Z"
            }
        ],
        "last_updated": "2023-04-07T18:15:17.696371Z",
        "last_updater": 9681471,
        "last_updater_username": "awscliautomation",
        "name": "2.11.11",
        "repository": 8718954,
        "full_size": 122716029,
        "v2": true,
        "tag_status": "active",
        "tag_last_pulled": "2024-01-20T09:33:35.926541Z",
        "tag_last_pushed": "2023-04-07T18:15:17.696371Z",
        "media_type": "application/vnd.docker.distribution.manifest.list.v2+json",
        "content_type": "image",
        "digest": "sha256:8084d9198015f545bfab2dc0b947a3f9add21a321ec385a41247debadc7775d6"
    },
    {
        "creator": 9681471,
        "id": 421352165,
        "images": [
            {
                "architecture": "amd64",
                "features": "",
                "variant": null,
                "digest": "sha256:fceef12565a12f9d75d040af711a6fcb1e43eaf67a7c11e97f21d596eb2e9d5b",
                "os": "linux",
                "os_features": "",
                "os_version": null,
                "size": 122811121,
                "status": "active",
                "last_pulled": "2024-01-20T07:11:08.200397Z",
                "last_pushed": "2023-04-12T21:52:24.506431Z"
            },
            {
                "architecture": "arm64",
                "features": "",
                "variant": "v8",
                "digest": "sha256:09cad563aeea1ce6bd9e78afd6cc97201bf65156acbe0c695665b41041a66c4f",
                "os": "linux",
                "os_features": "",
                "os_version": null,
                "size": 123428888,
                "status": "active",
                "last_pulled": "2024-01-05T12:27:52.290937Z",
                "last_pushed": "2023-04-12T21:43:38.247843Z"
            }
        ],
        "last_updated": "2023-04-12T21:52:30.587747Z",
        "last_updater": 9681471,
        "last_updater_username": "awscliautomation",
        "name": "2.11.12",
        "repository": 8718954,
        "full_size": 122811121,
        "v2": true,
        "tag_status": "active",
        "tag_last_pulled": "2024-01-20T09:28:03.662299Z",
        "tag_last_pushed": "2023-04-12T21:52:30.587747Z",
        "media_type": "application/vnd.docker.distribution.manifest.list.v2+json",
        "content_type": "image",
        "digest": "sha256:2a787834535e0e7fb1c558d88da92d66727126c9d8dacd131a73dd4a1d939f4d"
    },
    {
        "creator": 9681471,
        "id": 422651114,
        "images": [
            {
                "architecture": "amd64",
                "features": "",
                "variant": null,
                "digest": "sha256:a2624216fe80fc3e05e1b0594c938c0fbc311240aba01143ec842d3087565d03",
                "os": "linux",
                "os_features": "",
                "os_version": null,
                "size": 122828369,
                "status": "active",
                "last_pulled": "2024-01-20T07:11:09.143553Z",
                "last_pushed": "2023-04-14T22:31:34.880963Z"
            },
            {
                "architecture": "arm64",
                "features": "",
                "variant": "v8",
                "digest": "sha256:0b5101d3d252c05b8341e2070659b6916a32c8cb23d2e2f3adf1cdc5ada64434",
                "os": "linux",
                "os_features": "",
                "os_version": null,
                "size": 123412668,
                "status": "active",
                "last_pulled": "2024-01-19T17:47:10.614026Z",
                "last_pushed": "2023-04-14T22:23:05.533903Z"
            }
        ],
        "last_updated": "2023-04-14T22:31:40.820425Z",
        "last_updater": 9681471,
        "last_updater_username": "awscliautomation",
        "name": "2.11.13",
        "repository": 8718954,
        "full_size": 122828369,
        "v2": true,
        "tag_status": "active",
        "tag_last_pulled": "2024-01-20T09:33:36.630907Z",
        "tag_last_pushed": "2023-04-14T22:31:40.820425Z",
        "media_type": "application/vnd.docker.distribution.manifest.list.v2+json",
        "content_type": "image",
        "digest": "sha256:fe837ae423bc6cb3092cb6ea66735fe2b4e52ca430bd4596c859596f81ae069d"
    },
    {
        "creator": 9681471,
        "id": 425198869,
        "images": [
            {
                "architecture": "amd64",
                "features": "",
                "variant": null,
                "digest": "sha256:dd6538b7a4d21ca05b85c47e6c41589b8e200eb57e3afbcec1e0a94c5afc4f4e",
                "os": "linux",
                "os_features": "",
                "os_version": null,
                "size": 122766835,
                "status": "active",
                "last_pulled": "2024-01-20T07:11:10.036862Z",
                "last_pushed": "2023-04-20T02:16:57.757595Z"
            },
            {
                "architecture": "arm64",
                "features": "",
                "variant": "v8",
                "digest": "sha256:f35425bdb2a2ba58aedb48f17d8fa3fa54d323a596363179d2e493bad4a83304",
                "os": "linux",
                "os_features": "",
                "os_version": null,
                "size": 123355443,
                "status": "active",
                "last_pulled": "2024-01-05T12:27:49.98839Z",
                "last_pushed": "2023-04-20T02:08:33.70722Z"
            }
        ],
        "last_updated": "2023-04-20T02:17:03.546049Z",
        "last_updater": 9681471,
        "last_updater_username": "awscliautomation",
        "name": "2.11.14",
        "repository": 8718954,
        "full_size": 122766835,
        "v2": true,
        "tag_status": "active",
        "tag_last_pulled": "2024-01-20T09:33:36.986734Z",
        "tag_last_pushed": "2023-04-20T02:17:03.546049Z",
        "media_type": "application/vnd.docker.distribution.manifest.list.v2+json",
        "content_type": "image",
        "digest": "sha256:de3691506525e20d6d25caeba5b46aa7d5dcc52a1980be819aa7e39e82039c8f"
    },
    {
        "creator": 9681471,
        "id": 426262273,
        "images": [
            {
                "architecture": "amd64",
                "features": "",
                "variant": null,
                "digest": "sha256:4b9294d8547a0fdab4e88618ea93a556d87c3bd6dc8c8e62a2c0ea8115840c7c",
                "os": "linux",
                "os_features": "",
                "os_version": null,
                "size": 131652183,
                "status": "active",
                "last_pulled": "2024-01-20T09:30:05.200299Z",
                "last_pushed": "2023-04-21T18:43:57.544218Z"
            },
            {
                "architecture": "arm64",
                "features": "",
                "variant": "v8",
                "digest": "sha256:ddf1d2c5d221f4b9b2df49891c8a005fcee8dd3bb613f94c7a6ac310cdd0d8fb",
                "os": "linux",
                "os_features": "",
                "os_version": null,
                "size": 132702246,
                "status": "active",
                "last_pulled": "2024-01-17T14:32:30.53363Z",
                "last_pushed": "2023-04-21T18:35:06.874925Z"
            }
        ],
        "last_updated": "2023-04-21T18:44:03.534669Z",
        "last_updater": 9681471,
        "last_updater_username": "awscliautomation",
        "name": "2.11.15",
        "repository": 8718954,
        "full_size": 131652183,
        "v2": true,
        "tag_status": "active",
        "tag_last_pulled": "2024-01-20T09:30:05.200299Z",
        "tag_last_pushed": "2023-04-21T18:44:03.534669Z",
        "media_type": "application/vnd.docker.distribution.manifest.list.v2+json",
        "content_type": "image",
        "digest": "sha256:7e95483098e337ff348e1695ecb7a8efa8c8cc3b69dba322b7d752fc10123b2b"
    },
    {
        "creator": 9681471,
        "id": 430052276,
        "images": [
            {
                "architecture": "amd64",
                "features": "",
                "variant": null,
                "digest": "sha256:8afe56daeec69073e269799181c9143660cfe892cf06cf79ddbcbbbb1fbd4bbf",
                "os": "linux",
                "os_features": "",
                "os_version": null,
                "size": 122843357,
                "status": "active",
                "last_pulled": "2024-01-20T07:11:33.455734Z",
                "last_pushed": "2023-04-28T21:27:21.221286Z"
            },
            {
                "architecture": "arm64",
                "features": "",
                "variant": "v8",
                "digest": "sha256:104bcd521e683095074e6c646c1e5ff37f0e520c04ed913ea4c0df06909530ff",
                "os": "linux",
                "os_features": "",
                "os_version": null,
                "size": 123430399,
                "status": "active",
                "last_pulled": "2024-01-19T11:46:56.157107Z",
                "last_pushed": "2023-04-28T21:18:39.570517Z"
            }
        ],
        "last_updated": "2023-04-28T21:27:27.028818Z",
        "last_updater": 9681471,
        "last_updater_username": "awscliautomation",
        "name": "2.11.16",
        "repository": 8718954,
        "full_size": 122843357,
        "v2": true,
        "tag_status": "active",
        "tag_last_pulled": "2024-01-20T09:33:37.695752Z",
        "tag_last_pushed": "2023-04-28T21:27:27.028818Z",
        "media_type": "application/vnd.docker.distribution.manifest.list.v2+json",
        "content_type": "image",
        "digest": "sha256:b3cb20eb88efa5d5042de22dbaeb7089ef47b7ec5c0639a0e222d90dbc5b9ec1"
    },
    {
        "creator": 9681471,
        "id": 432684686,
        "images": [
            {
                "architecture": "amd64",
                "features": "",
                "variant": null,
                "digest": "sha256:e27ba6e91735902c4374b8dd79f8feecbeec81a35b95feac1802cf5b8c44fbdb",
                "os": "linux",
                "os_features": "",
                "os_version": null,
                "size": 122852806,
                "status": "active",
                "last_pulled": "2024-01-20T07:11:34.296467Z",
                "last_pushed": "2023-05-03T20:48:54.153515Z"
            },
            {
                "architecture": "arm64",
                "features": "",
                "variant": "v8",
                "digest": "sha256:ac399460916ba9298fd27d0e6bb323dbb9b5511812cd33d2bea4dfb08a7c1f84",
                "os": "linux",
                "os_features": "",
                "os_version": null,
                "size": 123441415,
                "status": "active",
                "last_pulled": "2024-01-05T12:27:47.417166Z",
                "last_pushed": "2023-05-03T20:40:15.180742Z"
            }
        ],
        "last_updated": "2023-05-03T20:48:59.896226Z",
        "last_updater": 9681471,
        "last_updater_username": "awscliautomation",
        "name": "2.11.17",
        "repository": 8718954,
        "full_size": 122852806,
        "v2": true,
        "tag_status": "active",
        "tag_last_pulled": "2024-01-20T09:33:38.065332Z",
        "tag_last_pushed": "2023-05-03T20:48:59.896226Z",
        "media_type": "application/vnd.docker.distribution.manifest.list.v2+json",
        "content_type": "image",
        "digest": "sha256:0982bbbf4c3fbf9185c0e514fec713594514f05c306dced8f73a6adcc86dc485"
    },
    {
        "creator": 9681471,
        "id": 434428635,
        "images": [
            {
                "architecture": "amd64",
                "features": "",
                "variant": null,
                "digest": "sha256:dae150234970e52a3a6d4242e425f947c0575f85043c8fe1a39b97b97c88e20e",
                "os": "linux",
                "os_features": "",
                "os_version": null,
                "size": 127618119,
                "status": "active",
                "last_pulled": "2024-01-20T09:30:11.744381Z",
                "last_pushed": "2023-05-05T22:16:12.127128Z"
            },
            {
                "architecture": "arm64",
                "features": "",
                "variant": "v8",
                "digest": "sha256:15598ee1c3b2b5af244c8f31ee963fe40a267db740c7c16329b6624b5ed4e86c",
                "os": "linux",
                "os_features": "",
                "os_version": null,
                "size": 128334329,
                "status": "active",
                "last_pulled": "2024-01-19T13:40:26.735162Z",
                "last_pushed": "2023-05-05T22:07:29.274527Z"
            }
        ],
        "last_updated": "2023-05-05T22:16:18.24023Z",
        "last_updater": 9681471,
        "last_updater_username": "awscliautomation",
        "name": "2.11.18",
        "repository": 8718954,
        "full_size": 127618119,
        "v2": true,
        "tag_status": "active",
        "tag_last_pulled": "2024-01-20T09:30:11.744381Z",
        "tag_last_pushed": "2023-05-05T22:16:18.24023Z",
        "media_type": "application/vnd.docker.distribution.manifest.list.v2+json",
        "content_type": "image",
        "digest": "sha256:638747206912db9e08285620054b1c84d0d25345ecef78996f009b509d491708"
    },
    {
        "creator": 9681471,
        "id": 437105283,
        "images": [
            {
                "architecture": "amd64",
                "features": "",
                "variant": null,
                "digest": "sha256:cd75feb2e3481a62e370a3fb6e3ef19f22750763f94361f11c6269189965892b",
                "os": "linux",
                "os_features": "",
                "os_version": null,
                "size": 127618817,
                "status": "active",
                "last_pulled": "2024-01-20T09:26:55.412658Z",
                "last_pushed": "2023-05-10T21:36:23.794991Z"
            },
            {
                "architecture": "arm64",
                "features": "",
                "variant": "v8",
                "digest": "sha256:368fcc6bcc7730f969e951f20052e057e10e0bd5addfa69b6f82fb6cc2e6ff22",
                "os": "linux",
                "os_features": "",
                "os_version": null,
                "size": 128340172,
                "status": "active",
                "last_pulled": "2024-01-05T12:27:46.153103Z",
                "last_pushed": "2023-05-10T21:27:58.484246Z"
            }
        ],
        "last_updated": "2023-05-10T21:36:29.834628Z",
        "last_updater": 9681471,
        "last_updater_username": "awscliautomation",
        "name": "2.11.19",
        "repository": 8718954,
        "full_size": 127618817,
        "v2": true,
        "tag_status": "active",
        "tag_last_pulled": "2024-01-20T09:33:38.724024Z",
        "tag_last_pushed": "2023-05-10T21:36:29.834628Z",
        "media_type": "application/vnd.docker.distribution.manifest.list.v2+json",
        "content_type": "image",
        "digest": "sha256:9cada5a63754638c3d76399aee70fee73d4d35cad065825cc15d0fae40cb722e"
    },
    {
        "creator": 9681471,
        "id": 402506007,
        "images": [
            {
                "architecture": "amd64",
                "features": "",
                "variant": null,
                "digest": "sha256:133ced7f3dfa0bfee379b3037ced6f488a1f8be2ab5b9789b35cf69159cae5cb",
                "os": "linux",
                "os_features": "",
                "os_version": null,
                "size": 122566898,
                "status": "active",
                "last_pulled": "2024-01-20T09:08:25.083343Z",
                "last_pushed": "2023-03-10T21:27:30.435049Z"
            },
            {
                "architecture": "arm64",
                "features": "",
                "variant": "v8",
                "digest": "sha256:03842d98212ee800586d982c9367b2f59bc5f341142d91b61c1a101a3e50a54a",
                "os": "linux",
                "os_features": "",
                "os_version": null,
                "size": 123793799,
                "status": "active",
                "last_pulled": "2024-01-06T11:24:17.699412Z",
                "last_pushed": "2023-03-10T21:19:43.405364Z"
            }
        ],
        "last_updated": "2023-03-10T21:27:36.179169Z",
        "last_updater": 9681471,
        "last_updater_username": "awscliautomation",
        "name": "2.11.2",
        "repository": 8718954,
        "full_size": 122566898,
        "v2": true,
        "tag_status": "active",
        "tag_last_pulled": "2024-01-20T09:08:25.083343Z",
        "tag_last_pushed": "2023-03-10T21:27:36.179169Z",
        "media_type": "application/vnd.docker.distribution.manifest.list.v2+json",
        "content_type": "image",
        "digest": "sha256:e03e6014e00aa9cd41f97189ba6eda9cbc15b9c57cd0a763e19ad6bbfda4e6a7"
    },
    {
        "creator": 9681471,
        "id": 438417866,
        "images": [
            {
                "architecture": "amd64",
                "features": "",
                "variant": null,
                "digest": "sha256:4e26d4e3312681831fdfe42bddd22e19b2d1ce01d0e85d4d03b5f6c72eb245a8",
                "os": "linux",
                "os_features": "",
                "os_version": null,
                "size": 122840803,
                "status": "active",
                "last_pulled": "2024-01-20T09:25:34.189081Z",
                "last_pushed": "2023-05-12T19:36:34.88098Z"
            },
            {
                "architecture": "arm64",
                "features": "",
                "variant": "v8",
                "digest": "sha256:5ac5afcc96998506ab8c439195358e07678a51f92d627158f9bb93c974b482bb",
                "os": "linux",
                "os_features": "",
                "os_version": null,
                "size": 123488336,
                "status": "active",
                "last_pulled": "2024-01-15T16:11:25.159456Z",
                "last_pushed": "2023-05-12T19:28:05.953351Z"
            }
        ],
        "last_updated": "2023-05-12T19:36:40.634681Z",
        "last_updater": 9681471,
        "last_updater_username": "awscliautomation",
        "name": "2.11.20",
        "repository": 8718954,
        "full_size": 122840803,
        "v2": true,
        "tag_status": "active",
        "tag_last_pulled": "2024-01-20T09:25:34.189081Z",
        "tag_last_pushed": "2023-05-12T19:36:40.634681Z",
        "media_type": "application/vnd.docker.distribution.manifest.list.v2+json",
        "content_type": "image",
        "digest": "sha256:cefec004967ccb89dd12b246eeac96203ee3c88bebc51f3b1eb4b245e93dad8d"
    },
    {
        "creator": 9681471,
        "id": 442240321,
        "images": [
            {
                "architecture": "amd64",
                "features": "",
                "variant": null,
                "digest": "sha256:f1be2d5a13a182657000b9aae46c8fd2f7edaf6be6e9331149f9c6bd4a0139c3",
                "os": "linux",
                "os_features": "",
                "os_version": null,
                "size": 127195647,
                "status": "active",
                "last_pulled": "2024-01-20T09:24:48.311452Z",
                "last_pushed": "2023-05-19T22:57:03.951564Z"
            },
            {
                "architecture": "arm64",
                "features": "",
                "variant": "v8",
                "digest": "sha256:28e99d5e3c3ab6a96b5657a397b712660e813636d733f3651fe40fecd2332136",
                "os": "linux",
                "os_features": "",
                "os_version": null,
                "size": 127908090,
                "status": "active",
                "last_pulled": "2024-01-15T15:34:39.605784Z",
                "last_pushed": "2023-05-19T22:48:19.875646Z"
            }
        ],
        "last_updated": "2023-05-19T22:57:09.88353Z",
        "last_updater": 9681471,
        "last_updater_username": "awscliautomation",
        "name": "2.11.21",
        "repository": 8718954,
        "full_size": 127195647,
        "v2": true,
        "tag_status": "active",
        "tag_last_pulled": "2024-01-20T09:24:48.311452Z",
        "tag_last_pushed": "2023-05-19T22:57:09.88353Z",
        "media_type": "application/vnd.docker.distribution.manifest.list.v2+json",
        "content_type": "image",
        "digest": "sha256:00b031048fa641e3a99a806eaa6bc23b7403ba39e0c1d77369e8834cb96c9864"
    },
    {
        "creator": 9681471,
        "id": 445159177,
        "images": [
            {
                "architecture": "amd64",
                "features": "",
                "variant": null,
                "digest": "sha256:5a6340e7924d7cfd2050a9d51c40b60327717277143aafdc9b7d74eabedc5688",
                "os": "linux",
                "os_features": "",
                "os_version": null,
                "size": 122904878,
                "status": "active",
                "last_pulled": "2024-01-20T09:30:13.72296Z",
                "last_pushed": "2023-05-24T23:23:18.437212Z"
            },
            {
                "architecture": "arm64",
                "features": "",
                "variant": "v8",
                "digest": "sha256:d863d720f9dd51691a55927cf61a6f7e35d432633f4afb5c42678193a2c55913",
                "os": "linux",
                "os_features": "",
                "os_version": null,
                "size": 123547245,
                "status": "active",
                "last_pulled": "2024-01-17T20:51:36.327718Z",
                "last_pushed": "2023-05-24T23:14:16.27628Z"
            }
        ],
        "last_updated": "2023-05-24T23:23:24.463416Z",
        "last_updater": 9681471,
        "last_updater_username": "awscliautomation",
        "name": "2.11.22",
        "repository": 8718954,
        "full_size": 122904878,
        "v2": true,
        "tag_status": "active",
        "tag_last_pulled": "2024-01-20T09:30:13.72296Z",
        "tag_last_pushed": "2023-05-24T23:23:24.463416Z",
        "media_type": "application/vnd.docker.distribution.manifest.list.v2+json",
        "content_type": "image",
        "digest": "sha256:96bdfe7dc44567fe796cdd7d9d9f3d11f2ae91ab6e1e280a27a2d4e350ffd752"
    },
    {
        "creator": 9681471,
        "id": 446338143,
        "images": [
            {
                "architecture": "amd64",
                "features": "",
                "variant": null,
                "digest": "sha256:0b8d2a457263fcd41e9a90f9f62ad5f523b4bcddce3777c3b6811ba869f71223",
                "os": "linux",
                "os_features": "",
                "os_version": null,
                "size": 122907723,
                "status": "active",
                "last_pulled": "2024-01-20T09:27:40.023345Z",
                "last_pushed": "2023-05-26T17:34:15.998123Z"
            },
            {
                "architecture": "arm64",
                "features": "",
                "variant": "v8",
                "digest": "sha256:468da1ffe8dd40b03c9d99b56a82d398799ae62e2116ab6539cb41013ae65df9",
                "os": "linux",
                "os_features": "",
                "os_version": null,
                "size": 123551955,
                "status": "active",
                "last_pulled": "2024-01-17T13:03:38.374017Z",
                "last_pushed": "2023-05-26T17:25:07.727289Z"
            }
        ],
        "last_updated": "2023-05-26T17:34:22.420315Z",
        "last_updater": 9681471,
        "last_updater_username": "awscliautomation",
        "name": "2.11.23",
        "repository": 8718954,
        "full_size": 122907723,
        "v2": true,
        "tag_status": "active",
        "tag_last_pulled": "2024-01-20T09:27:40.023345Z",
        "tag_last_pushed": "2023-05-26T17:34:22.420315Z",
        "media_type": "application/vnd.docker.distribution.manifest.list.v2+json",
        "content_type": "image",
        "digest": "sha256:21e6273f0025755abfc842ca39e8ef4fed3d9d2ce61d93bb16ce86a6c1668ae5"
    },
    {
        "creator": 9681471,
        "id": 448666322,
        "images": [
            {
                "architecture": "amd64",
                "features": "",
                "variant": null,
                "digest": "sha256:d67f7974a70c900f2d49d6ca89b214c52135b24e7d0e940d5f7f81c72e7e6f27",
                "os": "linux",
                "os_features": "",
                "os_version": null,
                "size": 122909027,
                "status": "active",
                "last_pulled": "2024-01-20T09:29:52.902589Z",
                "last_pushed": "2023-05-31T17:48:25.394133Z"
            },
            {
                "architecture": "arm64",
                "features": "",
                "variant": "v8",
                "digest": "sha256:4eefd18e9392e5d06ade90c4f5d0d65fa7196b010d24dd6a379a264ef2b6bfd8",
                "os": "linux",
                "os_features": "",
                "os_version": null,
                "size": 122985406,
                "status": "active",
                "last_pulled": "2024-01-19T21:00:39.164616Z",
                "last_pushed": "2023-05-31T17:39:24.205265Z"
            }
        ],
        "last_updated": "2023-05-31T17:48:31.257325Z",
        "last_updater": 9681471,
        "last_updater_username": "awscliautomation",
        "name": "2.11.24",
        "repository": 8718954,
        "full_size": 122909027,
        "v2": true,
        "tag_status": "active",
        "tag_last_pulled": "2024-01-20T09:33:40.782838Z",
        "tag_last_pushed": "2023-05-31T17:48:31.257325Z",
        "media_type": "application/vnd.docker.distribution.manifest.list.v2+json",
        "content_type": "image",
        "digest": "sha256:a21eb7f00ed3873b2520ee273c068d04052b06bef06b1ef7b666bb6880b28953"
    },
    {
        "creator": 9681471,
        "id": 450165933,
        "images": [
            {
                "architecture": "amd64",
                "features": "",
                "variant": null,
                "digest": "sha256:fa3b88281b1107b6ebe6719adf69110d73ac8c02fdf21764b8b5233c0cdd9604",
                "os": "linux",
                "os_features": "",
                "os_version": null,
                "size": 127121501,
                "status": "active",
                "last_pulled": "2024-01-20T09:01:53.071507Z",
                "last_pushed": "2023-06-02T18:22:13.772357Z"
            },
            {
                "architecture": "arm64",
                "features": "",
                "variant": "v8",
                "digest": "sha256:0489368b0ec53243a7d288152d821c1a03889d18d0a645eb56dbddc5fb492d16",
                "os": "linux",
                "os_features": "",
                "os_version": null,
                "size": 127241503,
                "status": "active",
                "last_pulled": "2024-01-05T12:27:41.498506Z",
                "last_pushed": "2023-06-02T18:13:01.05118Z"
            }
        ],
        "last_updated": "2023-06-02T18:22:20.63665Z",
        "last_updater": 9681471,
        "last_updater_username": "awscliautomation",
        "name": "2.11.25",
        "repository": 8718954,
        "full_size": 127121501,
        "v2": true,
        "tag_status": "active",
        "tag_last_pulled": "2024-01-20T09:01:53.071507Z",
        "tag_last_pushed": "2023-06-02T18:22:20.63665Z",
        "media_type": "application/vnd.docker.distribution.manifest.list.v2+json",
        "content_type": "image",
        "digest": "sha256:221ff6588005667221ff7e5e3b6cde2e1d2dd04fbe124652292e5fac652a8234"
    },
    {
        "creator": 9681471,
        "id": 453418809,
        "images": [
            {
                "architecture": "amd64",
                "features": "",
                "variant": null,
                "digest": "sha256:0c8c57c72c23d8f40e7c1836bf5e7b9714aad3532a2755aee3245fc6fca339e3",
                "os": "linux",
                "os_features": "",
                "os_version": null,
                "size": 122981589,
                "status": "active",
                "last_pulled": "2024-01-20T09:27:41.101732Z",
                "last_pushed": "2023-06-07T18:46:45.910392Z"
            },
            {
                "architecture": "arm64",
                "features": "",
                "variant": "v8",
                "digest": "sha256:2e28b56ae700bf85dc03b5101db7e4a1c1870f4ee1438f2be6279bcd725df6a3",
                "os": "linux",
                "os_features": "",
                "os_version": null,
                "size": 123042183,
                "status": "active",
                "last_pulled": "2024-01-05T12:27:40.994617Z",
                "last_pushed": "2023-06-07T18:37:05.289417Z"
            }
        ],
        "last_updated": "2023-06-07T18:46:51.811394Z",
        "last_updater": 9681471,
        "last_updater_username": "awscliautomation",
        "name": "2.11.26",
        "repository": 8718954,
        "full_size": 122981589,
        "v2": true,
        "tag_status": "active",
        "tag_last_pulled": "2024-01-20T09:33:41.450883Z",
        "tag_last_pushed": "2023-06-07T18:46:51.811394Z",
        "media_type": "application/vnd.docker.distribution.manifest.list.v2+json",
        "content_type": "image",
        "digest": "sha256:7e5616500b530233012d66648106a61165d2192db4c4afb74078388ad284c32e"
    },
    {
        "creator": 9681471,
        "id": 454921191,
        "images": [
            {
                "architecture": "amd64",
                "features": "",
                "variant": null,
                "digest": "sha256:4f03cda080d493ebad302f279a7ac6f667bd77df4425be935eee71a161135600",
                "os": "linux",
                "os_features": "",
                "os_version": null,
                "size": 125755125,
                "status": "active",
                "last_pulled": "2024-01-20T09:12:15.114028Z",
                "last_pushed": "2023-06-09T18:34:50.895311Z"
            },
            {
                "architecture": "arm64",
                "features": "",
                "variant": "v8",
                "digest": "sha256:ebd1929afb106c9134d9d75c33347ad6074a988d1b4d033534163453df8cdacf",
                "os": "linux",
                "os_features": "",
                "os_version": null,
                "size": 125544612,
                "status": "active",
                "last_pulled": "2024-01-19T10:13:23.005853Z",
                "last_pushed": "2023-06-09T18:25:42.765484Z"
            }
        ],
        "last_updated": "2023-06-09T18:34:56.9276Z",
        "last_updater": 9681471,
        "last_updater_username": "awscliautomation",
        "name": "2.11.27",
        "repository": 8718954,
        "full_size": 125755125,
        "v2": true,
        "tag_status": "active",
        "tag_last_pulled": "2024-01-20T09:26:44.509145Z",
        "tag_last_pushed": "2023-06-09T18:34:56.9276Z",
        "media_type": "application/vnd.docker.distribution.manifest.list.v2+json",
        "content_type": "image",
        "digest": "sha256:bd04c97127800ea6fe16be963a5715ec367b37edccf4af6d459c152cc14a7ae3"
    },
    {
        "creator": 9681471,
        "id": 405060532,
        "images": [
            {
                "architecture": "amd64",
                "features": "",
                "variant": null,
                "digest": "sha256:45c78323d8d874f8eba70fbdbb2c5db450bae3631f0341b14412b2271b1256c2",
                "os": "linux",
                "os_features": "",
                "os_version": null,
                "size": 122588772,
                "status": "active",
                "last_pulled": "2024-01-20T07:12:15.83269Z",
                "last_pushed": "2023-03-15T22:27:55.258615Z"
            },
            {
                "architecture": "arm64",
                "features": "",
                "variant": "v8",
                "digest": "sha256:210b0c6bf9798de29d084bf9c13f2f54eaad5a7bac38d987c3bfc6492ab77512",
                "os": "linux",
                "os_features": "",
                "os_version": null,
                "size": 123816078,
                "status": "active",
                "last_pulled": "2024-01-17T12:54:14.968265Z",
                "last_pushed": "2023-03-15T22:19:23.640838Z"
            }
        ],
        "last_updated": "2023-03-15T22:28:01.048512Z",
        "last_updater": 9681471,
        "last_updater_username": "awscliautomation",
        "name": "2.11.3",
        "repository": 8718954,
        "full_size": 122588772,
        "v2": true,
        "tag_status": "active",
        "tag_last_pulled": "2024-01-20T09:33:42.166338Z",
        "tag_last_pushed": "2023-03-15T22:28:01.048512Z",
        "media_type": "application/vnd.docker.distribution.manifest.list.v2+json",
        "content_type": "image",
        "digest": "sha256:91776b54f1415d6fa9e5bc947af0dc2f0ac627d5b8f78c6f3c0b15cc4d15b932"
    },
    {
        "creator": 9681471,
        "id": 406422641,
        "images": [
            {
                "architecture": "amd64",
                "features": "",
                "variant": null,
                "digest": "sha256:9702416b8d632a56a149584fbda482f131c61bd00857619e9ae1b56af213556b",
                "os": "linux",
                "os_features": "",
                "os_version": null,
                "size": 122610196,
                "status": "active",
                "last_pulled": "2024-01-20T09:15:48.872222Z",
                "last_pushed": "2023-03-17T20:37:16.391844Z"
            },
            {
                "architecture": "arm64",
                "features": "",
                "variant": "v8",
                "digest": "sha256:febed1030037e87bd7c9c822d67f1c179e5276ebf9aa6dc6c4e24da579e61109",
                "os": "linux",
                "os_features": "",
                "os_version": null,
                "size": 123836347,
                "status": "active",
                "last_pulled": "2024-01-19T00:20:24.202122Z",
                "last_pushed": "2023-03-17T20:28:48.267892Z"
            }
        ],
        "last_updated": "2023-03-17T20:37:22.496875Z",
        "last_updater": 9681471,
        "last_updater_username": "awscliautomation",
        "name": "2.11.4",
        "repository": 8718954,
        "full_size": 122610196,
        "v2": true,
        "tag_status": "active",
        "tag_last_pulled": "2024-01-20T09:15:48.872222Z",
        "tag_last_pushed": "2023-03-17T20:37:22.496875Z",
        "media_type": "application/vnd.docker.distribution.manifest.list.v2+json",
        "content_type": "image",
        "digest": "sha256:c4e1731396458560a5c0cf7c58b48a246b08fc05dc5fdab8f4d74a10c0f7f0b8"
    },
    {
        "creator": 9681471,
        "id": 408837102,
        "images": [
            {
                "architecture": "amd64",
                "features": "",
                "variant": null,
                "digest": "sha256:b5704933079acabfba41e9746051b52c85b622d02fa68dbd74dd30cb432a83be",
                "os": "linux",
                "os_features": "",
                "os_version": null,
                "size": 126326726,
                "status": "active",
                "last_pulled": "2024-01-20T09:05:32.609943Z",
                "last_pushed": "2023-03-22T21:10:35.290837Z"
            },
            {
                "architecture": "arm64",
                "features": "",
                "variant": "v8",
                "digest": "sha256:42545e17580463fe40b8886a443b3e5c8ec8a8f0c78202bd17f735c5050960cc",
                "os": "linux",
                "os_features": "",
                "os_version": null,
                "size": 127798043,
                "status": "active",
                "last_pulled": "2024-01-13T02:20:27.910609Z",
                "last_pushed": "2023-03-22T21:02:11.137544Z"
            }
        ],
        "last_updated": "2023-03-22T21:10:41.31589Z",
        "last_updater": 9681471,
        "last_updater_username": "awscliautomation",
        "name": "2.11.5",
        "repository": 8718954,
        "full_size": 126326726,
        "v2": true,
        "tag_status": "active",
        "tag_last_pulled": "2024-01-20T09:05:32.609943Z",
        "tag_last_pushed": "2023-03-22T21:10:41.31589Z",
        "media_type": "application/vnd.docker.distribution.manifest.list.v2+json",
        "content_type": "image",
        "digest": "sha256:8f2cf58e15b2fd937e4e58da4dfee360cc02423002abb30cce495220a6f11b5a"
    },
    {
        "creator": 9681471,
        "id": 410132825,
        "images": [
            {
                "architecture": "amd64",
                "features": "",
                "variant": null,
                "digest": "sha256:07dbbc78774184acac88038c41fc1d519d0b6889a75f3b37a0873613ca61bdd0",
                "os": "linux",
                "os_features": "",
                "os_version": null,
                "size": 122652530,
                "status": "active",
                "last_pulled": "2024-01-20T08:32:26.27597Z",
                "last_pushed": "2023-03-24T19:35:56.347151Z"
            },
            {
                "architecture": "arm64",
                "features": "",
                "variant": "v8",
                "digest": "sha256:b5c87b51878b06620cfb56fe64e4caadfb75185cc0278e423cb327a3428608e1",
                "os": "linux",
                "os_features": "",
                "os_version": null,
                "size": 123866892,
                "status": "active",
                "last_pulled": "2024-01-19T11:31:19.54255Z",
                "last_pushed": "2023-03-24T19:27:46.313622Z"
            }
        ],
        "last_updated": "2023-03-24T19:36:02.534821Z",
        "last_updater": 9681471,
        "last_updater_username": "awscliautomation",
        "name": "2.11.6",
        "repository": 8718954,
        "full_size": 122652530,
        "v2": true,
        "tag_status": "active",
        "tag_last_pulled": "2024-01-20T09:33:43.193901Z",
        "tag_last_pushed": "2023-03-24T19:36:02.534821Z",
        "media_type": "application/vnd.docker.distribution.manifest.list.v2+json",
        "content_type": "image",
        "digest": "sha256:454cbc88bdba6e328c44236a6962d991f7a16e7862c7cef7d0d9aaa4e3a76cff"
    },
    {
        "creator": 9681471,
        "id": 412744710,
        "images": [
            {
                "architecture": "amd64",
                "features": "",
                "variant": null,
                "digest": "sha256:1409e6ed02fd9f9d0709251b674a2bf6706bdd65959469831fa165ca0b3c9d85",
                "os": "linux",
                "os_features": "",
                "os_version": null,
                "size": 122681285,
                "status": "active",
                "last_pulled": "2024-01-20T07:12:21.0637Z",
                "last_pushed": "2023-03-29T19:03:38.959558Z"
            },
            {
                "architecture": "arm64",
                "features": "",
                "variant": "v8",
                "digest": "sha256:5ea7566f41aa37b269d7cec4b4fa9eef3625505026b8b83adbf57acf166f9933",
                "os": "linux",
                "os_features": "",
                "os_version": null,
                "size": 123388444,
                "status": "active",
                "last_pulled": "2024-01-19T11:41:48.680971Z",
                "last_pushed": "2023-03-29T18:55:06.010214Z"
            }
        ],
        "last_updated": "2023-03-29T19:03:44.632163Z",
        "last_updater": 9681471,
        "last_updater_username": "awscliautomation",
        "name": "2.11.7",
        "repository": 8718954,
        "full_size": 122681285,
        "v2": true,
        "tag_status": "active",
        "tag_last_pulled": "2024-01-20T09:33:43.554943Z",
        "tag_last_pushed": "2023-03-29T19:03:44.632163Z",
        "media_type": "application/vnd.docker.distribution.manifest.list.v2+json",
        "content_type": "image",
        "digest": "sha256:4c1e485d2de000ad679e6fdcefa885c6b9320549d1f206273d78dd59643b4ac9"
    },
    {
        "creator": 9681471,
        "id": 414126229,
        "images": [
            {
                "architecture": "amd64",
                "features": "",
                "variant": null,
                "digest": "sha256:f340ca40985094b8b232898e34cdbb64fe6fb03cd3c8ede8efd0c3cb4c04f5db",
                "os": "linux",
                "os_features": "",
                "os_version": null,
                "size": 122721647,
                "status": "active",
                "last_pulled": "2024-01-20T07:12:21.951596Z",
                "last_pushed": "2023-03-31T16:13:39.707328Z"
            },
            {
                "architecture": "arm64",
                "features": "",
                "variant": "v8",
                "digest": "sha256:43c2c43b013d5de91f9ccfb203c8298051b1c4ef2fdb572e83541680dcc119d2",
                "os": "linux",
                "os_features": "",
                "os_version": null,
                "size": 123410946,
                "status": "active",
                "last_pulled": "2024-01-05T12:27:55.387688Z",
                "last_pushed": "2023-03-31T16:04:54.309604Z"
            }
        ],
        "last_updated": "2023-03-31T16:13:45.762397Z",
        "last_updater": 9681471,
        "last_updater_username": "awscliautomation",
        "name": "2.11.8",
        "repository": 8718954,
        "full_size": 122721647,
        "v2": true,
        "tag_status": "active",
        "tag_last_pulled": "2024-01-20T09:33:43.917349Z",
        "tag_last_pushed": "2023-03-31T16:13:45.762397Z",
        "media_type": "application/vnd.docker.distribution.manifest.list.v2+json",
        "content_type": "image",
        "digest": "sha256:d45aa3af1658102feaa2a95329e0ff8de9a282065da98f5a98e520b5465ade5f"
    },
    {
        "creator": 9681471,
        "id": 415872411,
        "images": [
            {
                "architecture": "amd64",
                "features": "",
                "variant": null,
                "digest": "sha256:e465ef15112cfbd5a23cd828fc259710c7dd07fb0dcb3ea76b4edb28f5d12d61",
                "os": "linux",
                "os_features": "",
                "os_version": null,
                "size": 122723768,
                "status": "active",
                "last_pulled": "2024-01-20T07:12:22.840851Z",
                "last_pushed": "2023-04-03T23:41:17.58635Z"
            },
            {
                "architecture": "arm64",
                "features": "",
                "variant": "v8",
                "digest": "sha256:42adc9d395fd96a9d124f4389b6a92d57a450f7fec1157ae63cc351518883df9",
                "os": "linux",
                "os_features": "",
                "os_version": null,
                "size": 123426930,
                "status": "active",
                "last_pulled": "2024-01-09T18:00:39.895052Z",
                "last_pushed": "2023-04-03T23:32:49.692182Z"
            }
        ],
        "last_updated": "2023-04-03T23:41:23.257668Z",
        "last_updater": 9681471,
        "last_updater_username": "awscliautomation",
        "name": "2.11.9",
        "repository": 8718954,
        "full_size": 122723768,
        "v2": true,
        "tag_status": "active",
        "tag_last_pulled": "2024-01-20T09:33:44.982221Z",
        "tag_last_pushed": "2023-04-03T23:41:23.257668Z",
        "media_type": "application/vnd.docker.distribution.manifest.list.v2+json",
        "content_type": "image",
        "digest": "sha256:29f33f58ed98235d6eeaf12754cd272157e90bd9f920f7325fbe0e35e5b7f3bc"
    },
    {
        "creator": 9681471,
        "id": 457518994,
        "images": [
            {
                "architecture": "amd64",
                "features": "",
                "variant": null,
                "digest": "sha256:df308a773ef85f85909075867a03acab1f674204c700057347cc55b2f23c0ae4",
                "os": "linux",
                "os_features": "",
                "os_version": null,
                "size": 126726043,
                "status": "active",
                "last_pulled": "2024-01-20T09:29:02.860371Z",
                "last_pushed": "2023-06-14T17:11:21.913047Z"
            },
            {
                "architecture": "arm64",
                "features": "",
                "variant": "v8",
                "digest": "sha256:d0e5dca5ae7fd33d727804a106b1833819aa4f139da18474555c1eb038ad2deb",
                "os": "linux",
                "os_features": "",
                "os_version": null,
                "size": 126532171,
                "status": "active",
                "last_pulled": "2024-01-17T06:02:54.683739Z",
                "last_pushed": "2023-06-14T17:01:32.827503Z"
            }
        ],
        "last_updated": "2023-06-14T17:11:28.001127Z",
        "last_updater": 9681471,
        "last_updater_username": "awscliautomation",
        "name": "2.12.0",
        "repository": 8718954,
        "full_size": 126726043,
        "v2": true,
        "tag_status": "active",
        "tag_last_pulled": "2024-01-20T09:33:45.347903Z",
        "tag_last_pushed": "2023-06-14T17:11:28.001127Z",
        "media_type": "application/vnd.docker.distribution.manifest.list.v2+json",
        "content_type": "image",
        "digest": "sha256:bbac0b91dd0d871b40f96277f7030fb4a8f715060d0033819698097b1438ba58"
    },
    {
        "creator": 9681471,
        "id": 459058954,
        "images": [
            {
                "architecture": "amd64",
                "features": "",
                "variant": null,
                "digest": "sha256:49e7dcab358936113c348d27d091f2c1471e0c8643ea218420b00f54b8ca8787",
                "os": "linux",
                "os_features": "",
                "os_version": null,
                "size": 123150051,
                "status": "active",
                "last_pulled": "2024-01-20T08:27:55.653241Z",
                "last_pushed": "2023-06-16T18:16:40.790612Z"
            },
            {
                "architecture": "arm64",
                "features": "",
                "variant": "v8",
                "digest": "sha256:a69eb52fd0d84fec539c821c60aaf6dbe6c54c5696834d2c8c674454e7cb7c9a",
                "os": "linux",
                "os_features": "",
                "os_version": null,
                "size": 123214224,
                "status": "active",
                "last_pulled": "2024-01-19T20:32:15.067625Z",
                "last_pushed": "2023-06-16T18:06:44.867564Z"
            }
        ],
        "last_updated": "2023-06-16T18:16:46.737997Z",
        "last_updater": 9681471,
        "last_updater_username": "awscliautomation",
        "name": "2.12.1",
        "repository": 8718954,
        "full_size": 123150051,
        "v2": true,
        "tag_status": "active",
        "tag_last_pulled": "2024-01-20T09:33:45.713092Z",
        "tag_last_pushed": "2023-06-16T18:16:46.737997Z",
        "media_type": "application/vnd.docker.distribution.manifest.list.v2+json",
        "content_type": "image",
        "digest": "sha256:8a52394e8102a38e364684504e7f5d2eff7dd5fa8e568b46faa89aabebbc67f7"
    },
    {
        "creator": 9681471,
        "id": 461397489,
        "images": [
            {
                "architecture": "amd64",
                "features": "",
                "variant": null,
                "digest": "sha256:bd3f5117bdbe4e3aebf820ccd6ea014afc4061b7157ee87bdebb6f1bfc920cea",
                "os": "linux",
                "os_features": "",
                "os_version": null,
                "size": 123178923,
                "status": "active",
                "last_pulled": "2024-01-20T09:24:45.128125Z",
                "last_pushed": "2023-06-21T17:47:40.581863Z"
            },
            {
                "architecture": "arm64",
                "features": "",
                "variant": "v8",
                "digest": "sha256:197e65a19929093f01095c5389cb3b97cbd5548a72bba8c72f6b9c076ce06751",
                "os": "linux",
                "os_features": "",
                "os_version": null,
                "size": 123164967,
                "status": "active",
                "last_pulled": "2024-01-19T19:02:03.450239Z",
                "last_pushed": "2023-06-21T17:37:54.785704Z"
            }
        ],
        "last_updated": "2023-06-21T17:47:46.371909Z",
        "last_updater": 9681471,
        "last_updater_username": "awscliautomation",
        "name": "2.12.2",
        "repository": 8718954,
        "full_size": 123178923,
        "v2": true,
        "tag_status": "active",
        "tag_last_pulled": "2024-01-20T09:30:03.155259Z",
        "tag_last_pushed": "2023-06-21T17:47:46.371909Z",
        "media_type": "application/vnd.docker.distribution.manifest.list.v2+json",
        "content_type": "image",
        "digest": "sha256:f6259b8368202598e51521dd8d4c1e06d185c7d31a72fcd6e1e8e77939d2e8cf"
    },
    {
        "creator": 9681471,
        "id": 462671242,
        "images": [
            {
                "architecture": "amd64",
                "features": "",
                "variant": null,
                "digest": "sha256:8f2ea6cedd0b6499c38bb6f2071b614f088062fe5784cf55a33656ab725ab154",
                "os": "linux",
                "os_features": "",
                "os_version": null,
                "size": 123202314,
                "status": "active",
                "last_pulled": "2024-01-20T09:25:49.197285Z",
                "last_pushed": "2023-06-23T18:02:52.793025Z"
            },
            {
                "architecture": "arm64",
                "features": "",
                "variant": "v8",
                "digest": "sha256:55718b3e0fbaf65689ea69bfeec889b9faf74a9e828e3d0e529647b5e07502d4",
                "os": "linux",
                "os_features": "",
                "os_version": null,
                "size": 123182706,
                "status": "active",
                "last_pulled": "2024-01-12T02:00:16.726993Z",
                "last_pushed": "2023-06-23T17:53:30.519686Z"
            }
        ],
        "last_updated": "2023-06-23T18:02:58.589078Z",
        "last_updater": 9681471,
        "last_updater_username": "awscliautomation",
        "name": "2.12.3",
        "repository": 8718954,
        "full_size": 123202314,
        "v2": true,
        "tag_status": "active",
        "tag_last_pulled": "2024-01-20T09:33:46.363505Z",
        "tag_last_pushed": "2023-06-23T18:02:58.589078Z",
        "media_type": "application/vnd.docker.distribution.manifest.list.v2+json",
        "content_type": "image",
        "digest": "sha256:e8f8957ca7db2cc0b93d198ca9a6bf1a0bdfa297745e7c5693b811f24bc137a1"
    },
    {
        "creator": 9681471,
        "id": 465404579,
        "images": [
            {
                "architecture": "amd64",
                "features": "",
                "variant": null,
                "digest": "sha256:fff67ecfb551236ba96586a229765c8563015285d00001edfb0436efacbcf339",
                "os": "linux",
                "os_features": "",
                "os_version": null,
                "size": 128695361,
                "status": "active",
                "last_pulled": "2024-01-20T09:25:30.116118Z",
                "last_pushed": "2023-06-28T18:57:42.209575Z"
            },
            {
                "architecture": "arm64",
                "features": "",
                "variant": "v8",
                "digest": "sha256:44c55621e6d5bd7c4ad8599cb72c39562866079848134353d9e70b10e10fa337",
                "os": "linux",
                "os_features": "",
                "os_version": null,
                "size": 128798641,
                "status": "active",
                "last_pulled": "2024-01-20T00:24:51.742904Z",
                "last_pushed": "2023-06-28T18:48:12.66511Z"
            }
        ],
        "last_updated": "2023-06-28T18:57:48.029908Z",
        "last_updater": 9681471,
        "last_updater_username": "awscliautomation",
        "name": "2.12.4",
        "repository": 8718954,
        "full_size": 128695361,
        "v2": true,
        "tag_status": "active",
        "tag_last_pulled": "2024-01-20T09:33:46.720743Z",
        "tag_last_pushed": "2023-06-28T18:57:48.029908Z",
        "media_type": "application/vnd.docker.distribution.manifest.list.v2+json",
        "content_type": "image",
        "digest": "sha256:c8fc50fc27bd4dfa5af5a7de8d69a1e3e143f94c8734421fd824074c396b7a6e"
    },
    {
        "creator": 9681471,
        "id": 466044003,
        "images": [
            {
                "architecture": "amd64",
                "features": "",
                "variant": null,
                "digest": "sha256:e6fb16d001bb37f7396d3a15f81d465691b958cca2bba1918c9e281b0c4130a8",
                "os": "linux",
                "os_features": "",
                "os_version": null,
                "size": 128699955,
                "status": "active",
                "last_pulled": "2024-01-20T09:30:14.86827Z",
                "last_pushed": "2023-06-29T17:48:50.434849Z"
            },
            {
                "architecture": "arm64",
                "features": "",
                "variant": "v8",
                "digest": "sha256:45ab501794b2044b402f5bbdaa0f0c2cb1c07911c5f4d4d75db70bd2cf20da82",
                "os": "linux",
                "os_features": "",
                "os_version": null,
                "size": 128806190,
                "status": "active",
                "last_pulled": "2024-01-18T14:26:14.510156Z",
                "last_pushed": "2023-06-29T17:39:20.778434Z"
            }
        ],
        "last_updated": "2023-06-29T17:48:56.601215Z",
        "last_updater": 9681471,
        "last_updater_username": "awscliautomation",
        "name": "2.12.5",
        "repository": 8718954,
        "full_size": 128699955,
        "v2": true,
        "tag_status": "active",
        "tag_last_pulled": "2024-01-20T09:30:14.86827Z",
        "tag_last_pushed": "2023-06-29T17:48:56.601215Z",
        "media_type": "application/vnd.docker.distribution.manifest.list.v2+json",
        "content_type": "image",
        "digest": "sha256:707805dad827258deef210b68963a3f0b4b34f335c8ba1743eaedbe8a769d7cc"
    },
    {
        "creator": 9681471,
        "id": 466688712,
        "images": [
            {
                "architecture": "amd64",
                "features": "",
                "variant": null,
                "digest": "sha256:5d6d462180dfb85219a47f1a25a2a7fff4b3287dcf14124f6ac9a5524432e7ab",
                "os": "linux",
                "os_features": "",
                "os_version": null,
                "size": 123241512,
                "status": "active",
                "last_pulled": "2024-01-20T08:39:04.257577Z",
                "last_pushed": "2023-06-30T17:47:17.258456Z"
            },
            {
                "architecture": "arm64",
                "features": "",
                "variant": "v8",
                "digest": "sha256:9c9a157629038b4a681cc62ed751fc3a26ca7f28ae4c644103c4c570bd11c4a3",
                "os": "linux",
                "os_features": "",
                "os_version": null,
                "size": 123230826,
                "status": "active",
                "last_pulled": "2024-01-18T07:50:32.461324Z",
                "last_pushed": "2023-06-30T17:38:09.4055Z"
            }
        ],
        "last_updated": "2023-06-30T17:47:23.557162Z",
        "last_updater": 9681471,
        "last_updater_username": "awscliautomation",
        "name": "2.12.6",
        "repository": 8718954,
        "full_size": 123241512,
        "v2": true,
        "tag_status": "active",
        "tag_last_pulled": "2024-01-20T09:13:17.514739Z",
        "tag_last_pushed": "2023-06-30T17:47:23.557162Z",
        "media_type": "application/vnd.docker.distribution.manifest.list.v2+json",
        "content_type": "image",
        "digest": "sha256:76073fb39c6c903ec849a29234d098105ee2bff4a391513ddae80578c1247191"
    },
    {
        "creator": 9681471,
        "id": 362261185,
        "images": [
            {
                "architecture": "amd64",
                "features": "",
                "variant": null,
                "digest": "sha256:713a1cd293064ed13b10e49d93e1baf92866af619cc6bd8754833c5e6057871e",
                "os": "linux",
                "os_features": "",
                "os_version": null,
                "size": 113234748,
                "status": "active",
                "last_pulled": "2024-01-20T07:26:01.798223Z",
                "last_pushed": "2023-01-06T01:20:55.982344Z"
            },
            {
                "architecture": "arm64",
                "features": "",
                "variant": "v8",
                "digest": "sha256:dcd81b4f81d435c735da8b384301872f870da47fcfb98743058c43607719cf32",
                "os": "linux",
                "os_features": "",
                "os_version": null,
                "size": 113656506,
                "status": "active",
                "last_pulled": "2024-01-09T18:46:42.319716Z",
                "last_pushed": "2023-01-06T01:20:07.491879Z"
            }
        ],
        "last_updated": "2023-01-06T01:28:06.485964Z",
        "last_updater": 9681471,
        "last_updater_username": "awscliautomation",
        "name": "2.9.13",
        "repository": 8718954,
        "full_size": 113234748,
        "v2": true,
        "tag_status": "active",
        "tag_last_pulled": "2024-01-20T09:35:16.641765Z",
        "tag_last_pushed": "2023-01-06T01:28:06.485964Z",
        "media_type": "application/vnd.docker.distribution.manifest.list.v2+json",
        "content_type": "image",
        "digest": "sha256:b795e1ec8607f51fdf5a745ac976559f723a527f51a2c98c7d3ada547ab4def2"
    },
    {
        "creator": 9681471,
        "id": 366016252,
        "images": [
            {
                "architecture": "amd64",
                "features": "",
                "variant": null,
                "digest": "sha256:42fecbe6a48cee285cfda17ac79b58c327627b8c393d30ac6ddd98c36c283a3a",
                "os": "linux",
                "os_features": "",
                "os_version": null,
                "size": 113261499,
                "status": "active",
                "last_pulled": "2024-01-20T07:26:02.697621Z",
                "last_pushed": "2023-01-11T21:47:35.718995Z"
            },
            {
                "architecture": "arm64",
                "features": "",
                "variant": "v8",
                "digest": "sha256:d08bac7b508c27d1a9d0433217d034f016a6320b7421c525ad60cd3af74b68d6",
                "os": "linux",
                "os_features": "",
                "os_version": null,
                "size": 113678176,
                "status": "active",
                "last_pulled": "2024-01-20T03:21:40.234618Z",
                "last_pushed": "2023-01-11T21:46:46.251906Z"
            }
        ],
        "last_updated": "2023-01-11T21:55:04.317903Z",
        "last_updater": 9681471,
        "last_updater_username": "awscliautomation",
        "name": "2.9.14",
        "repository": 8718954,
        "full_size": 113261499,
        "v2": true,
        "tag_status": "active",
        "tag_last_pulled": "2024-01-20T09:35:16.985444Z",
        "tag_last_pushed": "2023-01-11T21:55:04.317903Z",
        "media_type": "application/vnd.docker.distribution.manifest.list.v2+json",
        "content_type": "image",
        "digest": "sha256:9c8e4b351a2b50467222561ccd537d70be9e2f626e29fbe79a4c88cf96d463bb"
    },
    {
        "creator": 9681471,
        "id": 367450946,
        "images": [
            {
                "architecture": "amd64",
                "features": "",
                "variant": null,
                "digest": "sha256:ab1412e285fb51c1cb33d04d1964fbd5b7743543478342e6f00c0033d5d934cf",
                "os": "linux",
                "os_features": "",
                "os_version": null,
                "size": 113296359,
                "status": "active",
                "last_pulled": "2024-01-20T07:26:03.63373Z",
                "last_pushed": "2023-01-13T21:11:48.71873Z"
            },
            {
                "architecture": "arm64",
                "features": "",
                "variant": "v8",
                "digest": "sha256:e488587431820cab29f9ae06a9972937d546a36c1f8183f49fb2ca6a749b1070",
                "os": "linux",
                "os_features": "",
                "os_version": null,
                "size": 113719698,
                "status": "active",
                "last_pulled": "2024-01-19T14:00:10.487863Z",
                "last_pushed": "2023-01-13T21:11:11.501124Z"
            }
        ],
        "last_updated": "2023-01-13T21:18:31.881073Z",
        "last_updater": 9681471,
        "last_updater_username": "awscliautomation",
        "name": "2.9.15",
        "repository": 8718954,
        "full_size": 113296359,
        "v2": true,
        "tag_status": "active",
        "tag_last_pulled": "2024-01-20T09:35:17.318897Z",
        "tag_last_pushed": "2023-01-13T21:18:31.881073Z",
        "media_type": "application/vnd.docker.distribution.manifest.list.v2+json",
        "content_type": "image",
        "digest": "sha256:db4ef958902a64ff3a0b5f73d014b6386c66adb2736161b4c809e58fc505904c"
    },
    {
        "creator": 9681471,
        "id": 370177599,
        "images": [
            {
                "architecture": "amd64",
                "features": "",
                "variant": null,
                "digest": "sha256:60068fc3b68082ecab44a0e93e76ff3641247f5c4f12f3a80366ba053a45ed8d",
                "os": "linux",
                "os_features": "",
                "os_version": null,
                "size": 113307098,
                "status": "active",
                "last_pulled": "2024-01-20T07:26:13.502132Z",
                "last_pushed": "2023-01-18T22:45:34.560085Z"
            },
            {
                "architecture": "arm64",
                "features": "",
                "variant": "v8",
                "digest": "sha256:e9c2e17aa9a00cbf9b4549e2517e990061c6f2781fa7c906b034e8fa7ca9b58f",
                "os": "linux",
                "os_features": "",
                "os_version": null,
                "size": 113724784,
                "status": "active",
                "last_pulled": "2024-01-05T12:28:11.03007Z",
                "last_pushed": "2023-01-18T22:44:55.840115Z"
            }
        ],
        "last_updated": "2023-01-18T22:52:46.781351Z",
        "last_updater": 9681471,
        "last_updater_username": "awscliautomation",
        "name": "2.9.16",
        "repository": 8718954,
        "full_size": 113307098,
        "v2": true,
        "tag_status": "active",
        "tag_last_pulled": "2024-01-20T09:35:17.641018Z",
        "tag_last_pushed": "2023-01-18T22:52:46.781351Z",
        "media_type": "application/vnd.docker.distribution.manifest.list.v2+json",
        "content_type": "image",
        "digest": "sha256:ac0c0b894d32bf503069d4d5ca1eb4c4fb50ba99e4a6cdae75677ff7cbfb611a"
    },
    {
        "creator": 9681471,
        "id": 371571340,
        "images": [
            {
                "architecture": "amd64",
                "features": "",
                "variant": null,
                "digest": "sha256:e0cbdd06cb6583be1c5a62c3339756e1f43b9b348298c1989beba44228d12503",
                "os": "linux",
                "os_features": "",
                "os_version": null,
                "size": 113278886,
                "status": "active",
                "last_pulled": "2024-01-20T07:26:14.387437Z",
                "last_pushed": "2023-01-20T20:44:50.075806Z"
            },
            {
                "architecture": "arm64",
                "features": "",
                "variant": "v8",
                "digest": "sha256:3f2f590ec42b40856a9a64ac8a2826f461fb56e564f9594fc932fd76c3f6658e",
                "os": "linux",
                "os_features": "",
                "os_version": null,
                "size": 113705018,
                "status": "active",
                "last_pulled": "2024-01-19T11:49:50.318216Z",
                "last_pushed": "2023-01-20T20:44:11.719486Z"
            }
        ],
        "last_updated": "2023-01-20T20:51:40.931734Z",
        "last_updater": 9681471,
        "last_updater_username": "awscliautomation",
        "name": "2.9.17",
        "repository": 8718954,
        "full_size": 113278886,
        "v2": true,
        "tag_status": "active",
        "tag_last_pulled": "2024-01-20T09:35:18.003165Z",
        "tag_last_pushed": "2023-01-20T20:51:40.931734Z",
        "media_type": "application/vnd.docker.distribution.manifest.list.v2+json",
        "content_type": "image",
        "digest": "sha256:c49fe07a8fe58042a4b7897f4c8ff9c66c8a9ad0ef77734db0a4d4fba1df205a"
    },
    {
        "creator": 9681471,
        "id": 374571439,
        "images": [
            {
                "architecture": "amd64",
                "features": "",
                "variant": null,
                "digest": "sha256:64b2a5a9b8a5a821eb70cd12b4d51b3524f1d67262ebfd939178051205a942ad",
                "os": "linux",
                "os_features": "",
                "os_version": null,
                "size": 116583675,
                "status": "active",
                "last_pulled": "2024-01-20T09:20:23.764239Z",
                "last_pushed": "2023-01-25T21:26:57.518358Z"
            },
            {
                "architecture": "arm64",
                "features": "",
                "variant": "v8",
                "digest": "sha256:380d15b785d6686d503401927b42478db72982068632687f9f3d2566395b7036",
                "os": "linux",
                "os_features": "",
                "os_version": null,
                "size": 117149020,
                "status": "active",
                "last_pulled": "2024-01-05T12:28:09.414637Z",
                "last_pushed": "2023-01-25T21:26:09.704799Z"
            }
        ],
        "last_updated": "2023-01-25T21:34:30.431764Z",
        "last_updater": 9681471,
        "last_updater_username": "awscliautomation",
        "name": "2.9.18",
        "repository": 8718954,
        "full_size": 116583675,
        "v2": true,
        "tag_status": "active",
        "tag_last_pulled": "2024-01-20T09:20:23.764239Z",
        "tag_last_pushed": "2023-01-25T21:34:30.431764Z",
        "media_type": "application/vnd.docker.distribution.manifest.list.v2+json",
        "content_type": "image",
        "digest": "sha256:c8f1590c793221c3940215a1c6ac8d9048191c4d0581de85e9332a712673b74f"
    },
    {
        "creator": 9681471,
        "id": 375876643,
        "images": [
            {
                "architecture": "amd64",
                "features": "",
                "variant": null,
                "digest": "sha256:af813f043ec63a82a1359b81ae2219e90e787e5049704bb70d01a03e12dd3ee5",
                "os": "linux",
                "os_features": "",
                "os_version": null,
                "size": 114087187,
                "status": "active",
                "last_pulled": "2024-01-20T07:26:16.240726Z",
                "last_pushed": "2023-01-27T20:45:01.164627Z"
            },
            {
                "architecture": "arm64",
                "features": "",
                "variant": "v8",
                "digest": "sha256:5fa4610a4e5769ce16140dc854823d4b8d61c58fa68a89d5b98d39ded7896b6f",
                "os": "linux",
                "os_features": "",
                "os_version": null,
                "size": 114272683,
                "status": "active",
                "last_pulled": "2024-01-19T11:00:09.78539Z",
                "last_pushed": "2023-01-27T20:44:20.838051Z"
            }
        ],
        "last_updated": "2023-01-27T20:52:16.180727Z",
        "last_updater": 9681471,
        "last_updater_username": "awscliautomation",
        "name": "2.9.19",
        "repository": 8718954,
        "full_size": 114087187,
        "v2": true,
        "tag_status": "active",
        "tag_last_pulled": "2024-01-20T09:35:18.700366Z",
        "tag_last_pushed": "2023-01-27T20:52:16.180727Z",
        "media_type": "application/vnd.docker.distribution.manifest.list.v2+json",
        "content_type": "image",
        "digest": "sha256:be02e9168c14870600569f3997a20654e5703ab500ad48c554a90b352347a0d2"
    },
    {
        "creator": 9681471,
        "id": 378481559,
        "images": [
            {
                "architecture": "amd64",
                "features": "",
                "variant": null,
                "digest": "sha256:82624dceb558b76dc2005ef5b52a066c07d82b5518d0d1cf040af63e4e54436c",
                "os": "linux",
                "os_features": "",
                "os_version": null,
                "size": 114117438,
                "status": "active",
                "last_pulled": "2024-01-20T09:25:15.20982Z",
                "last_pushed": "2023-02-01T18:58:02.983985Z"
            },
            {
                "architecture": "arm64",
                "features": "",
                "variant": "v8",
                "digest": "sha256:124daeb78f2d439467a10b486e2010ae27cbfb924d62d0e9bb6558f3c0a5638b",
                "os": "linux",
                "os_features": "",
                "os_version": null,
                "size": 114308459,
                "status": "active",
                "last_pulled": "2024-01-18T09:00:04.351519Z",
                "last_pushed": "2023-02-01T18:49:59.000876Z"
            }
        ],
        "last_updated": "2023-02-01T18:58:09.009169Z",
        "last_updater": 9681471,
        "last_updater_username": "awscliautomation",
        "name": "2.9.20",
        "repository": 8718954,
        "full_size": 114117438,
        "v2": true,
        "tag_status": "active",
        "tag_last_pulled": "2024-01-20T09:25:15.20982Z",
        "tag_last_pushed": "2023-02-01T18:58:09.009169Z",
        "media_type": "application/vnd.docker.distribution.manifest.list.v2+json",
        "content_type": "image",
        "digest": "sha256:6d89c1f99705f4840e3bf9a0570000db172072c0cc20e0724cb37015c3cb70e3"
    },
    {
        "creator": 9681471,
        "id": 380200418,
        "images": [
            {
                "architecture": "amd64",
                "features": "",
                "variant": null,
                "digest": "sha256:2fc3cfce5fd8bfe6914b36e4712f0ed2a52d1f61d1fb7bfa5b46019923a89549",
                "os": "linux",
                "os_features": "",
                "os_version": null,
                "size": 114122431,
                "status": "active",
                "last_pulled": "2024-01-20T09:12:59.45236Z",
                "last_pushed": "2023-02-03T21:14:06.014168Z"
            },
            {
                "architecture": "arm64",
                "features": "",
                "variant": "v8",
                "digest": "sha256:892d20af2d721008bb9003a0daedbc426c4d60b2c2a5506b8f2d78c9680d8059",
                "os": "linux",
                "os_features": "",
                "os_version": null,
                "size": 114314837,
                "status": "active",
                "last_pulled": "2024-01-19T18:03:27.443761Z",
                "last_pushed": "2023-02-03T21:06:07.8812Z"
            }
        ],
        "last_updated": "2023-02-03T21:14:11.917104Z",
        "last_updater": 9681471,
        "last_updater_username": "awscliautomation",
        "name": "2.9.21",
        "repository": 8718954,
        "full_size": 114122431,
        "v2": true,
        "tag_status": "active",
        "tag_last_pulled": "2024-01-20T09:35:19.757498Z",
        "tag_last_pushed": "2023-02-03T21:14:11.917104Z",
        "media_type": "application/vnd.docker.distribution.manifest.list.v2+json",
        "content_type": "image",
        "digest": "sha256:8ae1328b124c859de164c0f51866a0e72e56e19495cf25b4b026d728fb860e6b"
    },
    {
        "creator": 9681471,
        "id": 383547153,
        "images": [
            {
                "architecture": "amd64",
                "features": "",
                "variant": null,
                "digest": "sha256:ca1a27e0ab25c541bb9354d33da8a35132a2cedbc7e4e17095c0fdb1206976dc",
                "os": "linux",
                "os_features": "",
                "os_version": null,
                "size": 117478861,
                "status": "active",
                "last_pulled": "2024-01-20T07:26:37.758767Z",
                "last_pushed": "2023-02-08T19:38:29.127597Z"
            },
            {
                "architecture": "arm64",
                "features": "",
                "variant": "v8",
                "digest": "sha256:0c2332acc100d820ac959500d9fdc011765e22ab23b357877ff4d52eaa2a97d7",
                "os": "linux",
                "os_features": "",
                "os_version": null,
                "size": 117621764,
                "status": "active",
                "last_pulled": "2024-01-18T13:56:20.145857Z",
                "last_pushed": "2023-02-08T19:29:59.934619Z"
            }
        ],
        "last_updated": "2023-02-08T19:38:35.073137Z",
        "last_updater": 9681471,
        "last_updater_username": "awscliautomation",
        "name": "2.9.22",
        "repository": 8718954,
        "full_size": 117478861,
        "v2": true,
        "tag_status": "active",
        "tag_last_pulled": "2024-01-20T09:18:22.92439Z",
        "tag_last_pushed": "2023-02-08T19:38:35.073137Z",
        "media_type": "application/vnd.docker.distribution.manifest.list.v2+json",
        "content_type": "image",
        "digest": "sha256:ec1e7e147e760d2d0b265a920013845c7532d5d88cf3b1e57c1a411a07df8470"
    },
    {
        "creator": 9681471,
        "id": 385066360,
        "images": [
            {
                "architecture": "amd64",
                "features": "",
                "variant": null,
                "digest": "sha256:30934fe7799c810c7939660609ae960b58b39eed5c3b0aa33a28943b22943e91",
                "os": "linux",
                "os_features": "",
                "os_version": null,
                "size": 117496171,
                "status": "active",
                "last_pulled": "2024-01-20T09:03:11.591631Z",
                "last_pushed": "2023-02-10T20:03:52.10407Z"
            },
            {
                "architecture": "arm64",
                "features": "",
                "variant": "v8",
                "digest": "sha256:736e14d12e3cf7cac2e16fc90a3f153e853460dd8b64cd09c626f37a1abc1823",
                "os": "linux",
                "os_features": "",
                "os_version": null,
                "size": 117642748,
                "status": "active",
                "last_pulled": "2024-01-05T12:28:05.264935Z",
                "last_pushed": "2023-02-10T19:55:54.470427Z"
            }
        ],
        "last_updated": "2023-02-10T20:03:58.005452Z",
        "last_updater": 9681471,
        "last_updater_username": "awscliautomation",
        "name": "2.9.23",
        "repository": 8718954,
        "full_size": 117496171,
        "v2": true,
        "tag_status": "active",
        "tag_last_pulled": "2024-01-20T09:35:20.44722Z",
        "tag_last_pushed": "2023-02-10T20:03:58.005452Z",
        "media_type": "application/vnd.docker.distribution.manifest.list.v2+json",
        "content_type": "image",
        "digest": "sha256:84114374870c5b827672562e1bdbe1eab6c731453574a2c422237c3866864f50"
    }
]