[
    {
        "creator": 3696426,
        "id": 379320234,
        "images": [
            {
                "architecture": "arm64",
                "features": "",
                "variant": null,
                "digest": "sha256:ceffe76d02bb2c6534fa9f7c3fc367c3e25cf533eca330396bea2c55d8eb1206",
                "os": "linux",
                "os_features": "",
                "os_version": null,
                "size": 207736776,
                "status": "active",
                "last_pulled": "2024-01-20T05:12:38.946318Z",
                "last_pushed": "2023-02-02T18:25:18.844861Z"
            },
            {
                "architecture": "amd64",
                "features": "",
                "variant": null,
                "digest": "sha256:f02384481c5133136cfd7edc82c6aed431e85a27bf5886fd637b889bdc0af6d5",
                "os": "linux",
                "os_features": "",
                "os_version": null,
                "size": 205314055,
                "status": "active",
                "last_pulled": "2024-01-20T09:06:03.763007Z",
                "last_pushed": "2023-02-02T18:25:18.199858Z"
            },
            {
                "architecture": "unknown",
                "features": "",
                "variant": null,
                "digest": "sha256:ae8ca693ae999b765c628c1b63c635c96d6c17694733b36f7a9d3ed41593eb95",
                "os": "unknown",
                "os_features": "",
                "os_version": null,
                "size": 1176,
                "status": "active",
                "last_pulled": "2024-01-17T04:02:13.9955Z",
                "last_pushed": "2023-02-02T18:25:18.494273Z"
            },
            {
                "architecture": "unknown",
                "features": "",
                "variant": null,
                "digest": "sha256:7f0658681ff16fcae04e0f59cb450fd3b94563cd1994fceaf8ef94aef8e7a187",
                "os": "unknown",
                "os_features": "",
                "os_version": null,
                "size": 1176,
                "status": "active",
                "last_pulled": "2024-01-17T04:02:14.973869Z",
                "last_pushed": "2023-02-02T18:25:19.127075Z"
            }
        ],
        "last_updated": "2023-02-02T18:25:19.677628Z",
        "last_updater": 3696426,
        "last_updater_username": "amazondynamodb",
        "name": "1.21.0",
        "repository": 5921406,
        "full_size": 207736776,
        "v2": true,
        "tag_status": "active",
        "tag_last_pulled": "2024-01-20T09:06:03.763007Z",
        "tag_last_pushed": "2023-02-02T18:25:19.677628Z",
        "media_type": "application/vnd.oci.image.index.v1+json",
        "content_type": "image",
        "digest": "sha256:bd10279256d657b3637862ab813b3b7f1c3438395ac318ccd99b62c17f35d2d3"
    },
    {
        "creator": 3696426,
        "id": 454913793,
        "images": [
            {
                "architecture": "arm64",
                "features": "",
                "variant": null,
                "digest": "sha256:1d62e2990abdc943aa9105e03a71b828d11207c2bb030136c5b3870218218035",
                "os": "linux",
                "os_features": "",
                "os_version": null,
                "size": 226631542,
                "status": "active",
                "last_pulled": "2024-01-19T18:06:24.452513Z",
                "last_pushed": "2023-06-09T18:19:18.284832Z"
            },
            {
                "architecture": "amd64",
                "features": "",
                "variant": null,
                "digest": "sha256:b8bd332634fcdf11479945408f409ddf6494baae5b16d70559804ca259855ac7",
                "os": "linux",
                "os_features": "",
                "os_version": null,
                "size": 228296120,
                "status": "active",
                "last_pulled": "2024-01-20T09:25:28.618344Z",
                "last_pushed": "2023-06-09T18:19:18.936635Z"
            },
            {
                "architecture": "unknown",
                "features": "",
                "variant": null,
                "digest": "sha256:d7b27521ba08f69c3a3f8b5b119646c29dabf822facf45fd4d48c7f88781d64e",
                "os": "unknown",
                "os_features": "",
                "os_version": null,
                "size": 1176,
                "status": "active",
                "last_pulled": "2024-01-05T15:08:39.533898Z",
                "last_pushed": "2023-06-09T18:19:18.621948Z"
            },
            {
                "architecture": "unknown",
                "features": "",
                "variant": null,
                "digest": "sha256:5f4528ba5d892fa430fa4019ea5edc70793b9baff39eeebecffce21e9ec279d7",
                "os": "unknown",
                "os_features": "",
                "os_version": null,
                "size": 1176,
                "status": "inactive",
                "last_pulled": "2023-12-02T05:39:23.920799Z",
                "last_pushed": "2023-06-09T18:19:19.296105Z"
            }
        ],
        "last_updated": "2023-06-09T18:19:19.83879Z",
        "last_updater": 3696426,
        "last_updater_username": "amazondynamodb",
        "name": "1.22.0",
        "repository": 5921406,
        "full_size": 226631542,
        "v2": true,
        "tag_status": "active",
        "tag_last_pulled": "2024-01-20T09:25:28.618344Z",
        "tag_last_pushed": "2023-06-09T18:19:19.83879Z",
        "media_type": "application/vnd.oci.image.index.v1+json",
        "content_type": "image",
        "digest": "sha256:2f27c0d54589009b0acb275116398addeed75f4301c51d724ed8bad655bc017d"
    },
    {
        "creator": 3696426,
        "id": 465445211,
        "images": [
            {
                "architecture": "arm64",
                "features": "",
                "variant": null,
                "digest": "sha256:a49a048f396542e22e251a1179dffecf8a1854c70d8e0cf7b521153c7abf327d",
                "os": "linux",
                "os_features": "",
                "os_version": null,
                "size": 227719246,
                "status": "active",
                "last_pulled": "2024-01-20T03:50:32.578608Z",
                "last_pushed": "2023-06-28T20:28:42.335994Z"
            },
            {
                "architecture": "amd64",
                "features": "",
                "variant": null,
                "digest": "sha256:c2db9811130d65dbf8feb8cd5e823e55a1c918adf1bf73c76215379acd5be9f4",
                "os": "linux",
                "os_features": "",
                "os_version": null,
                "size": 229365938,
                "status": "active",
                "last_pulled": "2024-01-20T09:28:37.749645Z",
                "last_pushed": "2023-06-28T20:28:42.705342Z"
            },
            {
                "architecture": "unknown",
                "features": "",
                "variant": null,
                "digest": "sha256:d9203adce9cb3a36686f6bee8524d7a94fbd6e8cbb5c939c4914890f45c7f7cc",
                "os": "unknown",
                "os_features": "",
                "os_version": null,
                "size": 1176,
                "status": "active",
                "last_pulled": "2024-01-05T15:08:38.30978Z",
                "last_pushed": "2023-06-28T20:28:43.062475Z"
            },
            {
                "architecture": "unknown",
                "features": "",
                "variant": null,
                "digest": "sha256:5076941eb2ef8a6acc6f83d4d55e46d6e8e3bd2a220068ebf4bb15b55b032249",
                "os": "unknown",
                "os_features": "",
                "os_version": null,
                "size": 1176,
                "status": "inactive",
                "last_pulled": "2023-12-02T05:39:22.564902Z",
                "last_pushed": "2023-06-28T20:28:43.392505Z"
            }
        ],
        "last_updated": "2023-06-28T20:28:44.00485Z",
        "last_updater": 3696426,
        "last_updater_username": "amazondynamodb",
        "name": "2.0.0",
        "repository": 5921406,
        "full_size": 227719246,
        "v2": true,
        "tag_status": "active",
        "tag_last_pulled": "2024-01-20T09:28:37.749645Z",
        "tag_last_pushed": "2023-06-28T20:28:44.00485Z",
        "media_type": "application/vnd.oci.image.index.v1+json",
        "content_type": "image",
        "digest": "sha256:c8702bde709520b90930c20ee430d4123cd731da8e544cc4ccae0e2a78ee4fce"
    }
]