[
    {
        "creator": 434552,
        "id": 174648568,
        "images": [
            {
                "architecture": "amd64",
                "features": "",
                "variant": null,
                "digest": "sha256:c1940075e0f212ba459f6afa50743376a9dd0b57453fa4c46e89658a1ba31902",
                "os": "linux",
                "os_features": "",
                "os_version": null,
                "size": 378980429,
                "status": "active",
                "last_pulled": "2024-01-20T09:23:22.980293Z",
                "last_pushed": "2023-01-20T04:42:37.527761Z"
            }
        ],
        "last_updated": "2023-01-20T04:42:37.276116Z",
        "last_updater": 12801896,
        "last_updater_username": "rtcentraluploader",
        "name": "3",
        "repository": 401368,
        "full_size": 378980429,
        "v2": true,
        "tag_status": "active",
        "tag_last_pulled": "2024-01-20T09:23:22.980293Z",
        "tag_last_pushed": "2023-01-20T04:42:37.276116Z",
        "media_type": "application/vnd.docker.container.image.v1+json",
        "content_type": "image",
        "digest": "sha256:c1940075e0f212ba459f6afa50743376a9dd0b57453fa4c46e89658a1ba31902"
    },
    {
        "creator": 12801896,
        "id": 371091204,
        "images": [
            {
                "architecture": "amd64",
                "features": "",
                "variant": null,
                "digest": "sha256:c1940075e0f212ba459f6afa50743376a9dd0b57453fa4c46e89658a1ba31902",
                "os": "linux",
                "os_features": "",
                "os_version": null,
                "size": 378980429,
                "status": "active",
                "last_pulled": "2024-01-20T09:23:22.980293Z",
                "last_pushed": "2023-01-20T04:42:37.527761Z"
            }
        ],
        "last_updated": "2023-01-20T04:42:37.527761Z",
        "last_updater": 12801896,
        "last_updater_username": "rtcentraluploader",
        "name": "3.20230120",
        "repository": 401368,
        "full_size": 378980429,
        "v2": true,
        "tag_status": "active",
        "tag_last_pulled": "2024-01-20T09:23:22.980293Z",
        "tag_last_pushed": "2023-01-20T04:42:37.527761Z",
        "media_type": "application/vnd.docker.container.image.v1+json",
        "content_type": "image",
        "digest": "sha256:c1940075e0f212ba459f6afa50743376a9dd0b57453fa4c46e89658a1ba31902"
    },
    {
        "creator": 12801896,
        "id": 377274134,
        "images": [
            {
                "architecture": "amd64",
                "features": "",
                "variant": null,
                "digest": "sha256:7505122f66ec19595a45897364a1cf363a97a0852df424019ef789e355ffac91",
                "os": "linux",
                "os_features": "",
                "os_version": null,
                "size": 401572914,
                "status": "active",
                "last_pulled": "2024-01-16T01:25:01.675089Z",
                "last_pushed": "2023-01-31T22:11:38.568433Z"
            },
            {
                "architecture": "arm64",
                "features": "",
                "variant": null,
                "digest": "sha256:3be15c2d89efd6804b8dec5ced307ebd66a3db83bb7f07a462985cb649ef727a",
                "os": "linux",
                "os_features": "",
                "os_version": null,
                "size": 384495048,
                "status": "active",
                "last_pulled": "2024-01-16T01:25:05.68525Z",
                "last_pushed": "2023-01-31T22:11:37.752791Z"
            }
        ],
        "last_updated": "2023-01-31T22:12:22.0024Z",
        "last_updater": 12801896,
        "last_updater_username": "rtcentraluploader",
        "name": "4.20230131",
        "repository": 401368,
        "full_size": 401572914,
        "v2": true,
        "tag_status": "active",
        "tag_last_pulled": "2024-01-19T16:46:36.385256Z",
        "tag_last_pushed": "2023-01-31T22:12:22.0024Z",
        "media_type": "application/vnd.docker.distribution.manifest.list.v2+json",
        "content_type": "image",
        "digest": "sha256:929bab9de7fc52550e9c8223b6fc9f01ee5ccdeef8b7a358d187b893f741bbb7"
    },
    {
        "creator": 12801896,
        "id": 377273893,
        "images": [
            {
                "architecture": "amd64",
                "features": "",
                "variant": null,
                "digest": "sha256:7505122f66ec19595a45897364a1cf363a97a0852df424019ef789e355ffac91",
                "os": "linux",
                "os_features": "",
                "os_version": null,
                "size": 401572914,
                "status": "active",
                "last_pulled": "2024-01-16T01:25:01.675089Z",
                "last_pushed": "2023-01-31T22:11:38.568433Z"
            }
        ],
        "last_updated": "2023-01-31T22:11:38.420786Z",
        "last_updater": 12801896,
        "last_updater_username": "rtcentraluploader",
        "name": "4.20230131-linux-amd64",
        "repository": 401368,
        "full_size": 401572914,
        "v2": true,
        "tag_status": "active",
        "tag_last_pulled": "2024-01-16T01:25:01.675089Z",
        "tag_last_pushed": "2023-01-31T22:11:38.420786Z",
        "media_type": "application/vnd.docker.container.image.v1+json",
        "content_type": "image",
        "digest": "sha256:7505122f66ec19595a45897364a1cf363a97a0852df424019ef789e355ffac91"
    },
    {
        "creator": 12801896,
        "id": 377273891,
        "images": [
            {
                "architecture": "arm64",
                "features": "",
                "variant": null,
                "digest": "sha256:3be15c2d89efd6804b8dec5ced307ebd66a3db83bb7f07a462985cb649ef727a",
                "os": "linux",
                "os_features": "",
                "os_version": null,
                "size": 384495048,
                "status": "active",
                "last_pulled": "2024-01-16T01:25:05.68525Z",
                "last_pushed": "2023-01-31T22:11:37.752791Z"
            }
        ],
        "last_updated": "2023-01-31T22:11:37.752791Z",
        "last_updater": 12801896,
        "last_updater_username": "rtcentraluploader",
        "name": "4.20230131-linux-arm64",
        "repository": 401368,
        "full_size": 384495048,
        "v2": true,
        "tag_status": "active",
        "tag_last_pulled": "2024-01-16T01:25:05.68525Z",
        "tag_last_pushed": "2023-01-31T22:11:37.752791Z",
        "media_type": "application/vnd.docker.container.image.v1+json",
        "content_type": "image",
        "digest": "sha256:3be15c2d89efd6804b8dec5ced307ebd66a3db83bb7f07a462985cb649ef727a"
    },
    {
        "creator": 12801896,
        "id": 394579334,
        "images": [
            {
                "architecture": "amd64",
                "features": "",
                "variant": null,
                "digest": "sha256:c19281f0e99ad01ad4d411c8441703d3fdd595eb1b24d8c03da88c229724e8cb",
                "os": "linux",
                "os_features": "",
                "os_version": null,
                "size": 402409306,
                "status": "active",
                "last_pulled": "2024-01-16T01:25:07.190027Z",
                "last_pushed": "2023-02-27T04:32:36.870563Z"
            },
            {
                "architecture": "arm64",
                "features": "",
                "variant": null,
                "digest": "sha256:c505ae2252ffa13ca6f39ccf098f15a3f0113044beebb997aac6615b0fd01432",
                "os": "linux",
                "os_features": "",
                "os_version": null,
                "size": 385193505,
                "status": "active",
                "last_pulled": "2024-01-16T01:25:10.050953Z",
                "last_pushed": "2023-02-27T04:32:37.046323Z"
            }
        ],
        "last_updated": "2023-02-27T04:33:38.444054Z",
        "last_updater": 12801896,
        "last_updater_username": "rtcentraluploader",
        "name": "4.20230227",
        "repository": 401368,
        "full_size": 402409306,
        "v2": true,
        "tag_status": "active",
        "tag_last_pulled": "2024-01-19T14:00:51.131377Z",
        "tag_last_pushed": "2023-02-27T04:33:38.444054Z",
        "media_type": "application/vnd.docker.distribution.manifest.list.v2+json",
        "content_type": "image",
        "digest": "sha256:36a8487b36693722388c061d7c16c6dad6fa5e421794ad70f2679ef1307cac8d"
    },
    {
        "creator": 12801896,
        "id": 394579112,
        "images": [
            {
                "architecture": "amd64",
                "features": "",
                "variant": null,
                "digest": "sha256:c19281f0e99ad01ad4d411c8441703d3fdd595eb1b24d8c03da88c229724e8cb",
                "os": "linux",
                "os_features": "",
                "os_version": null,
                "size": 402409306,
                "status": "active",
                "last_pulled": "2024-01-16T01:25:07.190027Z",
                "last_pushed": "2023-02-27T04:32:36.870563Z"
            }
        ],
        "last_updated": "2023-02-27T04:32:36.461601Z",
        "last_updater": 12801896,
        "last_updater_username": "rtcentraluploader",
        "name": "4.20230227-linux-amd64",
        "repository": 401368,
        "full_size": 402409306,
        "v2": true,
        "tag_status": "active",
        "tag_last_pulled": "2024-01-16T01:25:07.190027Z",
        "tag_last_pushed": "2023-02-27T04:32:36.461601Z",
        "media_type": "application/vnd.docker.container.image.v1+json",
        "content_type": "image",
        "digest": "sha256:c19281f0e99ad01ad4d411c8441703d3fdd595eb1b24d8c03da88c229724e8cb"
    },
    {
        "creator": 12801896,
        "id": 394579110,
        "images": [
            {
                "architecture": "arm64",
                "features": "",
                "variant": null,
                "digest": "sha256:c505ae2252ffa13ca6f39ccf098f15a3f0113044beebb997aac6615b0fd01432",
                "os": "linux",
                "os_features": "",
                "os_version": null,
                "size": 385193505,
                "status": "active",
                "last_pulled": "2024-01-16T01:25:10.050953Z",
                "last_pushed": "2023-02-27T04:32:37.046323Z"
            }
        ],
        "last_updated": "2023-02-27T04:32:35.114397Z",
        "last_updater": 12801896,
        "last_updater_username": "rtcentraluploader",
        "name": "4.20230227-linux-arm64",
        "repository": 401368,
        "full_size": 385193505,
        "v2": true,
        "tag_status": "active",
        "tag_last_pulled": "2024-01-16T01:25:10.050953Z",
        "tag_last_pushed": "2023-02-27T04:32:35.114397Z",
        "media_type": "application/vnd.docker.container.image.v1+json",
        "content_type": "image",
        "digest": "sha256:c505ae2252ffa13ca6f39ccf098f15a3f0113044beebb997aac6615b0fd01432"
    },
    {
        "creator": 12801896,
        "id": 400750795,
        "images": [
            {
                "architecture": "amd64",
                "features": "",
                "variant": null,
                "digest": "sha256:07b4477486e0ff88680da7435fdf927f9841bb78f642b121bd6cd2e54d88a9b1",
                "os": "linux",
                "os_features": "",
                "os_version": null,
                "size": 402807241,
                "status": "active",
                "last_pulled": "2024-01-18T04:22:49.280599Z",
                "last_pushed": "2023-03-08T05:52:11.227402Z"
            },
            {
                "architecture": "arm64",
                "features": "",
                "variant": null,
                "digest": "sha256:99865c1c90803abc3cf375497644bcc885ce99a790c3e42bfbeaeb7ab4631251",
                "os": "linux",
                "os_features": "",
                "os_version": null,
                "size": 385583400,
                "status": "active",
                "last_pulled": "2024-01-16T01:25:14.527634Z",
                "last_pushed": "2023-03-08T05:52:10.387666Z"
            }
        ],
        "last_updated": "2023-03-08T05:53:13.640324Z",
        "last_updater": 12801896,
        "last_updater_username": "rtcentraluploader",
        "name": "4.20230308",
        "repository": 401368,
        "full_size": 402807241,
        "v2": true,
        "tag_status": "active",
        "tag_last_pulled": "2024-01-20T05:40:29.792606Z",
        "tag_last_pushed": "2023-03-08T05:53:13.640324Z",
        "media_type": "application/vnd.docker.distribution.manifest.list.v2+json",
        "content_type": "image",
        "digest": "sha256:e8d76a39727aaba7d772011784380b7807bf546561678ace28ab9cebb9c81b0e"
    },
    {
        "creator": 12801896,
        "id": 400750217,
        "images": [
            {
                "architecture": "amd64",
                "features": "",
                "variant": null,
                "digest": "sha256:07b4477486e0ff88680da7435fdf927f9841bb78f642b121bd6cd2e54d88a9b1",
                "os": "linux",
                "os_features": "",
                "os_version": null,
                "size": 402807241,
                "status": "active",
                "last_pulled": "2024-01-18T04:22:49.280599Z",
                "last_pushed": "2023-03-08T05:52:11.227402Z"
            }
        ],
        "last_updated": "2023-03-08T05:52:11.227402Z",
        "last_updater": 12801896,
        "last_updater_username": "rtcentraluploader",
        "name": "4.20230308-linux-amd64",
        "repository": 401368,
        "full_size": 402807241,
        "v2": true,
        "tag_status": "active",
        "tag_last_pulled": "2024-01-18T04:22:49.280599Z",
        "tag_last_pushed": "2023-03-08T05:52:11.227402Z",
        "media_type": "application/vnd.docker.container.image.v1+json",
        "content_type": "image",
        "digest": "sha256:07b4477486e0ff88680da7435fdf927f9841bb78f642b121bd6cd2e54d88a9b1"
    },
    {
        "creator": 12801896,
        "id": 400750218,
        "images": [
            {
                "architecture": "arm64",
                "features": "",
                "variant": null,
                "digest": "sha256:99865c1c90803abc3cf375497644bcc885ce99a790c3e42bfbeaeb7ab4631251",
                "os": "linux",
                "os_features": "",
                "os_version": null,
                "size": 385583400,
                "status": "active",
                "last_pulled": "2024-01-16T01:25:14.527634Z",
                "last_pushed": "2023-03-08T05:52:10.387666Z"
            }
        ],
        "last_updated": "2023-03-08T05:52:08.857821Z",
        "last_updater": 12801896,
        "last_updater_username": "rtcentraluploader",
        "name": "4.20230308-linux-arm64",
        "repository": 401368,
        "full_size": 385583400,
        "v2": true,
        "tag_status": "active",
        "tag_last_pulled": "2024-01-16T01:25:14.527634Z",
        "tag_last_pushed": "2023-03-08T05:52:08.857821Z",
        "media_type": "application/vnd.docker.container.image.v1+json",
        "content_type": "image",
        "digest": "sha256:99865c1c90803abc3cf375497644bcc885ce99a790c3e42bfbeaeb7ab4631251"
    }
]