[
    {
        "creator": 3074230,
        "id": 359807838,
        "images": [
            {
                "architecture": "amd64",
                "features": "",
                "variant": null,
                "digest": "sha256:57fb07d483da91e2744e08e53394df0c471469591486a1d6945333112d8f42be",
                "os": "linux",
                "os_features": "",
                "os_version": null,
                "size": 404817307,
                "status": "active",
                "last_pulled": "2024-01-20T09:44:58.249185Z",
                "last_pushed": "2023-01-23T21:09:28.607877Z"
            },
            {
                "architecture": "arm64",
                "features": "",
                "variant": null,
                "digest": "sha256:71dc892e91f9a01a1264786bb66daed726915258f635a4ac4b281865d6aa9285",
                "os": "linux",
                "os_features": "",
                "os_version": null,
                "size": 368641350,
                "status": "active",
                "last_pulled": "2024-01-10T12:31:52.782075Z",
                "last_pushed": "2023-01-23T21:09:28.75716Z"
            }
        ],
        "last_updated": "2023-01-23T21:09:29.336058Z",
        "last_updater": 3074230,
        "last_updater_username": "circlecipublicimage",
        "name": "2023.01",
        "repository": 7189771,
        "full_size": 404817307,
        "v2": true,
        "tag_status": "active",
        "tag_last_pulled": "2024-01-20T09:44:58.249185Z",
        "tag_last_pushed": "2023-01-23T21:09:29.336058Z",
        "media_type": "application/vnd.docker.distribution.manifest.list.v2+json",
        "content_type": "image",
        "digest": "sha256:1803633e108a4e5928149691d03bb3fffd2fe697c9fcdccf77975312a89added"
    },
    {
        "creator": 3074230,
        "id": 359800065,
        "images": [
            {
                "architecture": "amd64",
                "features": "",
                "variant": null,
                "digest": "sha256:3029778e2a36578b0d9530fb0bb3c6b3d926595d5b521071c04f82ce3cbca35e",
                "os": "linux",
                "os_features": "",
                "os_version": null,
                "size": 370617890,
                "status": "active",
                "last_pulled": "2024-01-20T08:08:58.926563Z",
                "last_pushed": "2023-01-23T20:48:52.985646Z"
            },
            {
                "architecture": "arm64",
                "features": "",
                "variant": null,
                "digest": "sha256:10860cf1f2e6e58435ac2ec4eeb5e8f37d70f7b47c5037683fcc60a06e9e9b22",
                "os": "linux",
                "os_features": "",
                "os_version": null,
                "size": 324550851,
                "status": "active",
                "last_pulled": "2024-01-05T18:53:48.962925Z",
                "last_pushed": "2023-01-23T20:48:53.108579Z"
            }
        ],
        "last_updated": "2023-01-23T20:48:53.371023Z",
        "last_updater": 3074230,
        "last_updater_username": "circlecipublicimage",
        "name": "2023.01-18.04",
        "repository": 7189771,
        "full_size": 370617890,
        "v2": true,
        "tag_status": "active",
        "tag_last_pulled": "2024-01-20T08:08:58.926563Z",
        "tag_last_pushed": "2023-01-23T20:48:53.371023Z",
        "media_type": "application/vnd.docker.distribution.manifest.list.v2+json",
        "content_type": "image",
        "digest": "sha256:6e2b70e80996ab8265241bbdc6296982e905f6a0bd7cff3fa0e7a123def76f80"
    },
    {
        "creator": 3074230,
        "id": 359803905,
        "images": [
            {
                "architecture": "amd64",
                "features": "",
                "variant": null,
                "digest": "sha256:306dd387c75ee8445a935028736616c542b7788b92002d5334c78925e8ad8a05",
                "os": "linux",
                "os_features": "",
                "os_version": null,
                "size": 395461608,
                "status": "active",
                "last_pulled": "2024-01-20T09:30:56.901653Z",
                "last_pushed": "2023-01-23T20:59:14.893956Z"
            },
            {
                "architecture": "arm64",
                "features": "",
                "variant": null,
                "digest": "sha256:7ad3788f7d5324979ac99415ddf87a25e406cad0dd4a977566f7ffcccdf755da",
                "os": "linux",
                "os_features": "",
                "os_version": null,
                "size": 354131296,
                "status": "active",
                "last_pulled": "2024-01-05T18:53:47.304752Z",
                "last_pushed": "2023-01-23T20:59:15.046747Z"
            }
        ],
        "last_updated": "2023-01-23T20:59:15.235141Z",
        "last_updater": 3074230,
        "last_updater_username": "circlecipublicimage",
        "name": "2023.01-20.04",
        "repository": 7189771,
        "full_size": 395461608,
        "v2": true,
        "tag_status": "active",
        "tag_last_pulled": "2024-01-20T09:30:56.901653Z",
        "tag_last_pushed": "2023-01-23T20:59:15.235141Z",
        "media_type": "application/vnd.docker.distribution.manifest.list.v2+json",
        "content_type": "image",
        "digest": "sha256:6586f742e7e7cb609cb6774653a7a0cd2ab54280ff04c05c35d3e00e707cc21c"
    },
    {
        "creator": 3074230,
        "id": 359807833,
        "images": [
            {
                "architecture": "amd64",
                "features": "",
                "variant": null,
                "digest": "sha256:57fb07d483da91e2744e08e53394df0c471469591486a1d6945333112d8f42be",
                "os": "linux",
                "os_features": "",
                "os_version": null,
                "size": 404817307,
                "status": "active",
                "last_pulled": "2024-01-20T09:44:58.249185Z",
                "last_pushed": "2023-01-23T21:09:28.607877Z"
            },
            {
                "architecture": "arm64",
                "features": "",
                "variant": null,
                "digest": "sha256:71dc892e91f9a01a1264786bb66daed726915258f635a4ac4b281865d6aa9285",
                "os": "linux",
                "os_features": "",
                "os_version": null,
                "size": 368641350,
                "status": "active",
                "last_pulled": "2024-01-10T12:31:52.782075Z",
                "last_pushed": "2023-01-23T21:09:28.75716Z"
            }
        ],
        "last_updated": "2023-01-23T21:09:28.959099Z",
        "last_updater": 3074230,
        "last_updater_username": "circlecipublicimage",
        "name": "2023.01-22.04",
        "repository": 7189771,
        "full_size": 404817307,
        "v2": true,
        "tag_status": "active",
        "tag_last_pulled": "2024-01-20T09:44:58.249185Z",
        "tag_last_pushed": "2023-01-23T21:09:28.959099Z",
        "media_type": "application/vnd.docker.distribution.manifest.list.v2+json",
        "content_type": "image",
        "digest": "sha256:1803633e108a4e5928149691d03bb3fffd2fe697c9fcdccf77975312a89added"
    },
    {
        "creator": 3074230,
        "id": 379068811,
        "images": [
            {
                "architecture": "amd64",
                "features": "",
                "variant": null,
                "digest": "sha256:49774f1eee0c9f76bd6154666f523a4224d10d8a86258d4a42a9d723f4cf8845",
                "os": "linux",
                "os_features": "",
                "os_version": null,
                "size": 408034197,
                "status": "active",
                "last_pulled": "2024-01-20T08:31:15.275199Z",
                "last_pushed": "2023-02-07T19:22:11.459368Z"
            },
            {
                "architecture": "arm64",
                "features": "",
                "variant": null,
                "digest": "sha256:f53a1987f30f00f7f49fe4a6d9a80edcbefe4c0b60a96a346ae318320c7e9ab1",
                "os": "linux",
                "os_features": "",
                "os_version": null,
                "size": 371406245,
                "status": "active",
                "last_pulled": "2024-01-05T18:53:44.091161Z",
                "last_pushed": "2023-02-07T19:22:11.594326Z"
            }
        ],
        "last_updated": "2023-02-07T19:22:12.28322Z",
        "last_updater": 3074230,
        "last_updater_username": "circlecipublicimage",
        "name": "2023.02",
        "repository": 7189771,
        "full_size": 408034197,
        "v2": true,
        "tag_status": "active",
        "tag_last_pulled": "2024-01-20T08:31:15.275199Z",
        "tag_last_pushed": "2023-02-07T19:22:12.28322Z",
        "media_type": "application/vnd.docker.distribution.manifest.list.v2+json",
        "content_type": "image",
        "digest": "sha256:3f869249fb044d6a8282b4e1193f95dbef0bb6daddf5ddaa96c63ad19617dd18"
    },
    {
        "creator": 3074230,
        "id": 379057587,
        "images": [
            {
                "architecture": "amd64",
                "features": "",
                "variant": null,
                "digest": "sha256:3998ec3c9f79a547c743082dfd8be623d334d28d49668c590f23859cdcc7966c",
                "os": "linux",
                "os_features": "",
                "os_version": null,
                "size": 371410995,
                "status": "active",
                "last_pulled": "2024-01-20T08:09:00.469441Z",
                "last_pushed": "2023-02-07T18:56:52.934444Z"
            },
            {
                "architecture": "arm64",
                "features": "",
                "variant": null,
                "digest": "sha256:5a3e31f87941e6defc2ca30d319e9e3bbee47eec6dc99c463bec423776e8941e",
                "os": "linux",
                "os_features": "",
                "os_version": null,
                "size": 325185313,
                "status": "active",
                "last_pulled": "2024-01-05T18:53:45.749215Z",
                "last_pushed": "2023-02-07T18:56:53.050159Z"
            }
        ],
        "last_updated": "2023-02-07T18:56:53.24693Z",
        "last_updater": 3074230,
        "last_updater_username": "circlecipublicimage",
        "name": "2023.02-18.04",
        "repository": 7189771,
        "full_size": 371410995,
        "v2": true,
        "tag_status": "active",
        "tag_last_pulled": "2024-01-20T08:09:00.469441Z",
        "tag_last_pushed": "2023-02-07T18:56:53.24693Z",
        "media_type": "application/vnd.docker.distribution.manifest.list.v2+json",
        "content_type": "image",
        "digest": "sha256:3d8bb6cc15f31a40aa221a365b617979cbb6b6bebd15472b4448d998eddf9e81"
    },
    {
        "creator": 3074230,
        "id": 379063476,
        "images": [
            {
                "architecture": "amd64",
                "features": "",
                "variant": null,
                "digest": "sha256:7940b28cbc390d682c236cf43ddb88bdb880f853df69dbfb402bc6c3c6bf1bee",
                "os": "linux",
                "os_features": "",
                "os_version": null,
                "size": 396228946,
                "status": "active",
                "last_pulled": "2024-01-20T08:09:00.898253Z",
                "last_pushed": "2023-02-07T19:09:45.606389Z"
            },
            {
                "architecture": "arm64",
                "features": "",
                "variant": null,
                "digest": "sha256:2a684e1700c28a3d9668ecc0a26320f5fb1466e238a8cacbdb363d4fb5d79195",
                "os": "linux",
                "os_features": "",
                "os_version": null,
                "size": 354572121,
                "status": "active",
                "last_pulled": "2024-01-05T18:53:45.505408Z",
                "last_pushed": "2023-02-07T19:09:45.792103Z"
            }
        ],
        "last_updated": "2023-02-07T19:09:46.028682Z",
        "last_updater": 3074230,
        "last_updater_username": "circlecipublicimage",
        "name": "2023.02-20.04",
        "repository": 7189771,
        "full_size": 396228946,
        "v2": true,
        "tag_status": "active",
        "tag_last_pulled": "2024-01-20T08:09:00.898253Z",
        "tag_last_pushed": "2023-02-07T19:09:46.028682Z",
        "media_type": "application/vnd.docker.distribution.manifest.list.v2+json",
        "content_type": "image",
        "digest": "sha256:7c716e74e7324b2a7d344317986d6dd1db372b1082b552d7a9e4c67f16162e37"
    },
    {
        "creator": 3074230,
        "id": 379068804,
        "images": [
            {
                "architecture": "amd64",
                "features": "",
                "variant": null,
                "digest": "sha256:49774f1eee0c9f76bd6154666f523a4224d10d8a86258d4a42a9d723f4cf8845",
                "os": "linux",
                "os_features": "",
                "os_version": null,
                "size": 408034197,
                "status": "active",
                "last_pulled": "2024-01-20T08:31:15.275199Z",
                "last_pushed": "2023-02-07T19:22:11.459368Z"
            },
            {
                "architecture": "arm64",
                "features": "",
                "variant": null,
                "digest": "sha256:f53a1987f30f00f7f49fe4a6d9a80edcbefe4c0b60a96a346ae318320c7e9ab1",
                "os": "linux",
                "os_features": "",
                "os_version": null,
                "size": 371406245,
                "status": "active",
                "last_pulled": "2024-01-05T18:53:44.091161Z",
                "last_pushed": "2023-02-07T19:22:11.594326Z"
            }
        ],
        "last_updated": "2023-02-07T19:22:11.824372Z",
        "last_updater": 3074230,
        "last_updater_username": "circlecipublicimage",
        "name": "2023.02-22.04",
        "repository": 7189771,
        "full_size": 408034197,
        "v2": true,
        "tag_status": "active",
        "tag_last_pulled": "2024-01-20T08:31:15.275199Z",
        "tag_last_pushed": "2023-02-07T19:22:11.824372Z",
        "media_type": "application/vnd.docker.distribution.manifest.list.v2+json",
        "content_type": "image",
        "digest": "sha256:3f869249fb044d6a8282b4e1193f95dbef0bb6daddf5ddaa96c63ad19617dd18"
    },
    {
        "creator": 3074230,
        "id": 397193641,
        "images": [
            {
                "architecture": "amd64",
                "features": "",
                "variant": null,
                "digest": "sha256:bf554337eac75ca1fc5beec663d6e3569d19971a2490da42976084527caeab33",
                "os": "linux",
                "os_features": "",
                "os_version": null,
                "size": 406995187,
                "status": "active",
                "last_pulled": "2024-01-20T09:13:14.093327Z",
                "last_pushed": "2023-03-03T05:59:47.973594Z"
            },
            {
                "architecture": "arm64",
                "features": "",
                "variant": null,
                "digest": "sha256:bcf7c00e44001948bd546d85633783eb49af6e586c3bb320d7eb17ac8ac6cef3",
                "os": "linux",
                "os_features": "",
                "os_version": null,
                "size": 370212124,
                "status": "active",
                "last_pulled": "2024-01-05T18:53:42.386734Z",
                "last_pushed": "2023-03-03T05:59:48.113927Z"
            }
        ],
        "last_updated": "2023-03-03T05:59:48.693236Z",
        "last_updater": 3074230,
        "last_updater_username": "circlecipublicimage",
        "name": "2023.03",
        "repository": 7189771,
        "full_size": 406995187,
        "v2": true,
        "tag_status": "active",
        "tag_last_pulled": "2024-01-20T09:24:47.05499Z",
        "tag_last_pushed": "2023-03-03T05:59:48.693236Z",
        "media_type": "application/vnd.docker.distribution.manifest.list.v2+json",
        "content_type": "image",
        "digest": "sha256:68af73c4cea34e9132e5c4caa6684b07228d0a7aafe2a32e57c0d187c6e33da1"
    },
    {
        "creator": 3074230,
        "id": 397181853,
        "images": [
            {
                "architecture": "amd64",
                "features": "",
                "variant": null,
                "digest": "sha256:0d9ec82110dbec585a700e5492175850b0c472ffdb5a2b59171b498391fe9cfe",
                "os": "linux",
                "os_features": "",
                "os_version": null,
                "size": 372677960,
                "status": "active",
                "last_pulled": "2024-01-20T09:40:58.92554Z",
                "last_pushed": "2023-03-03T05:38:34.193429Z"
            },
            {
                "architecture": "arm64",
                "features": "",
                "variant": null,
                "digest": "sha256:9ea2bc35e9ceef010d994e6f6615fb21b870a0852376c655c4b4a70c1d54726b",
                "os": "linux",
                "os_features": "",
                "os_version": null,
                "size": 326137900,
                "status": "active",
                "last_pulled": "2024-01-18T08:08:23.085362Z",
                "last_pushed": "2023-03-03T05:38:34.328015Z"
            }
        ],
        "last_updated": "2023-03-03T05:38:34.53135Z",
        "last_updater": 3074230,
        "last_updater_username": "circlecipublicimage",
        "name": "2023.03-18.04",
        "repository": 7189771,
        "full_size": 372677960,
        "v2": true,
        "tag_status": "active",
        "tag_last_pulled": "2024-01-20T09:40:58.92554Z",
        "tag_last_pushed": "2023-03-03T05:38:34.53135Z",
        "media_type": "application/vnd.docker.distribution.manifest.list.v2+json",
        "content_type": "image",
        "digest": "sha256:66d2f7b6f542f2d1804290a6a2c7f571689a6fd8f0f83694643caab345fc72c1"
    },
    {
        "creator": 3074230,
        "id": 397187713,
        "images": [
            {
                "architecture": "amd64",
                "features": "",
                "variant": null,
                "digest": "sha256:2a71c8a2fee40d02c9ba4d82604af249a8b4286ae6b8b7758b4a88e3dc06d840",
                "os": "linux",
                "os_features": "",
                "os_version": null,
                "size": 397468958,
                "status": "active",
                "last_pulled": "2024-01-20T08:09:02.970365Z",
                "last_pushed": "2023-03-03T05:49:22.317834Z"
            },
            {
                "architecture": "arm64",
                "features": "",
                "variant": null,
                "digest": "sha256:cac459ed4dc04eae6973b662b10e92f83fb539dd968c0093e9b2c011e1f362b7",
                "os": "linux",
                "os_features": "",
                "os_version": null,
                "size": 355499093,
                "status": "active",
                "last_pulled": "2024-01-18T05:05:20.6329Z",
                "last_pushed": "2023-03-03T05:49:22.447547Z"
            }
        ],
        "last_updated": "2023-03-03T05:49:22.688609Z",
        "last_updater": 3074230,
        "last_updater_username": "circlecipublicimage",
        "name": "2023.03-20.04",
        "repository": 7189771,
        "full_size": 397468958,
        "v2": true,
        "tag_status": "active",
        "tag_last_pulled": "2024-01-20T08:09:02.970365Z",
        "tag_last_pushed": "2023-03-03T05:49:22.688609Z",
        "media_type": "application/vnd.docker.distribution.manifest.list.v2+json",
        "content_type": "image",
        "digest": "sha256:9448db268d489b5e1e916911f98db243225edb1456db3bcededd9d673eea3a89"
    },
    {
        "creator": 3074230,
        "id": 397193638,
        "images": [
            {
                "architecture": "amd64",
                "features": "",
                "variant": null,
                "digest": "sha256:bf554337eac75ca1fc5beec663d6e3569d19971a2490da42976084527caeab33",
                "os": "linux",
                "os_features": "",
                "os_version": null,
                "size": 406995187,
                "status": "active",
                "last_pulled": "2024-01-20T09:13:14.093327Z",
                "last_pushed": "2023-03-03T05:59:47.973594Z"
            },
            {
                "architecture": "arm64",
                "features": "",
                "variant": null,
                "digest": "sha256:bcf7c00e44001948bd546d85633783eb49af6e586c3bb320d7eb17ac8ac6cef3",
                "os": "linux",
                "os_features": "",
                "os_version": null,
                "size": 370212124,
                "status": "active",
                "last_pulled": "2024-01-05T18:53:42.386734Z",
                "last_pushed": "2023-03-03T05:59:48.113927Z"
            }
        ],
        "last_updated": "2023-03-03T05:59:48.303466Z",
        "last_updater": 3074230,
        "last_updater_username": "circlecipublicimage",
        "name": "2023.03-22.04",
        "repository": 7189771,
        "full_size": 406995187,
        "v2": true,
        "tag_status": "active",
        "tag_last_pulled": "2024-01-20T09:24:47.05499Z",
        "tag_last_pushed": "2023-03-03T05:59:48.303466Z",
        "media_type": "application/vnd.docker.distribution.manifest.list.v2+json",
        "content_type": "image",
        "digest": "sha256:68af73c4cea34e9132e5c4caa6684b07228d0a7aafe2a32e57c0d187c6e33da1"
    },
    {
        "creator": 3074230,
        "id": 414886701,
        "images": [
            {
                "architecture": "amd64",
                "features": "",
                "variant": null,
                "digest": "sha256:fcdd9f94256a92b92b53ad2223266bd2841c313f58685ed30368c10e09ba939a",
                "os": "linux",
                "os_features": "",
                "os_version": null,
                "size": 407158149,
                "status": "active",
                "last_pulled": "2024-01-20T09:39:44.188698Z",
                "last_pushed": "2023-04-02T11:54:25.227489Z"
            },
            {
                "architecture": "arm64",
                "features": "",
                "variant": null,
                "digest": "sha256:7af6835f80f144be80938f6bf83829e8009c8e15c5481c9facba65056ed9c5d6",
                "os": "linux",
                "os_features": "",
                "os_version": null,
                "size": 370337989,
                "status": "active",
                "last_pulled": "2024-01-14T14:44:00.011152Z",
                "last_pushed": "2023-04-02T11:54:25.342464Z"
            }
        ],
        "last_updated": "2023-04-02T11:54:26.115191Z",
        "last_updater": 3074230,
        "last_updater_username": "circlecipublicimage",
        "name": "2023.04",
        "repository": 7189771,
        "full_size": 407158149,
        "v2": true,
        "tag_status": "active",
        "tag_last_pulled": "2024-01-20T09:39:44.188698Z",
        "tag_last_pushed": "2023-04-02T11:54:26.115191Z",
        "media_type": "application/vnd.docker.distribution.manifest.list.v2+json",
        "content_type": "image",
        "digest": "sha256:3460d41b9ad6276b9df0e54e3c22e5e28310ad832cc4627a178de5f7097da82d"
    },
    {
        "creator": 3074230,
        "id": 414884719,
        "images": [
            {
                "architecture": "amd64",
                "features": "",
                "variant": null,
                "digest": "sha256:e2ed41e0981c232b9934a226273e7e26da42cc9af79641c806bbbefaea402969",
                "os": "linux",
                "os_features": "",
                "os_version": null,
                "size": 397667881,
                "status": "active",
                "last_pulled": "2024-01-20T08:09:04.17884Z",
                "last_pushed": "2023-04-02T11:43:53.680715Z"
            },
            {
                "architecture": "arm64",
                "features": "",
                "variant": null,
                "digest": "sha256:3ad4f4230816bbe150baae122098d560e20a8a8e6fbd6936c5716607e8453385",
                "os": "linux",
                "os_features": "",
                "os_version": null,
                "size": 355667497,
                "status": "active",
                "last_pulled": "2024-01-05T18:53:41.023937Z",
                "last_pushed": "2023-04-02T11:43:53.873516Z"
            }
        ],
        "last_updated": "2023-04-02T11:43:54.165686Z",
        "last_updater": 3074230,
        "last_updater_username": "circlecipublicimage",
        "name": "2023.04-20.04",
        "repository": 7189771,
        "full_size": 397667881,
        "v2": true,
        "tag_status": "active",
        "tag_last_pulled": "2024-01-20T08:09:04.17884Z",
        "tag_last_pushed": "2023-04-02T11:43:54.165686Z",
        "media_type": "application/vnd.docker.distribution.manifest.list.v2+json",
        "content_type": "image",
        "digest": "sha256:bd56ca190103a5edc82859a898612ca99afa69c5a72ec472df23730f8ae71aa8"
    },
    {
        "creator": 3074230,
        "id": 414886700,
        "images": [
            {
                "architecture": "amd64",
                "features": "",
                "variant": null,
                "digest": "sha256:fcdd9f94256a92b92b53ad2223266bd2841c313f58685ed30368c10e09ba939a",
                "os": "linux",
                "os_features": "",
                "os_version": null,
                "size": 407158149,
                "status": "active",
                "last_pulled": "2024-01-20T09:39:44.188698Z",
                "last_pushed": "2023-04-02T11:54:25.227489Z"
            },
            {
                "architecture": "arm64",
                "features": "",
                "variant": null,
                "digest": "sha256:7af6835f80f144be80938f6bf83829e8009c8e15c5481c9facba65056ed9c5d6",
                "os": "linux",
                "os_features": "",
                "os_version": null,
                "size": 370337989,
                "status": "active",
                "last_pulled": "2024-01-14T14:44:00.011152Z",
                "last_pushed": "2023-04-02T11:54:25.342464Z"
            }
        ],
        "last_updated": "2023-04-02T11:54:25.700696Z",
        "last_updater": 3074230,
        "last_updater_username": "circlecipublicimage",
        "name": "2023.04-22.04",
        "repository": 7189771,
        "full_size": 407158149,
        "v2": true,
        "tag_status": "active",
        "tag_last_pulled": "2024-01-20T09:39:44.188698Z",
        "tag_last_pushed": "2023-04-02T11:54:25.700696Z",
        "media_type": "application/vnd.docker.distribution.manifest.list.v2+json",
        "content_type": "image",
        "digest": "sha256:3460d41b9ad6276b9df0e54e3c22e5e28310ad832cc4627a178de5f7097da82d"
    },
    {
        "creator": 3074230,
        "id": 432600324,
        "images": [
            {
                "architecture": "amd64",
                "features": "",
                "variant": null,
                "digest": "sha256:2c393363a4d5af134254ac9b23ef91602d165167ac7eec9a89f017c7d789d162",
                "os": "linux",
                "os_features": "",
                "os_version": null,
                "size": 408436489,
                "status": "active",
                "last_pulled": "2024-01-20T07:48:47.296735Z",
                "last_pushed": "2023-05-03T18:28:55.150232Z"
            },
            {
                "architecture": "arm64",
                "features": "",
                "variant": null,
                "digest": "sha256:4ea5858b2a544c6ac550fc16e45168b5e3021cbd460e35a625870d0bc83f8fc3",
                "os": "linux",
                "os_features": "",
                "os_version": null,
                "size": 371595547,
                "status": "active",
                "last_pulled": "2024-01-05T18:53:39.050152Z",
                "last_pushed": "2023-05-03T18:28:55.32272Z"
            }
        ],
        "last_updated": "2023-05-03T18:28:56.063968Z",
        "last_updater": 3074230,
        "last_updater_username": "circlecipublicimage",
        "name": "2023.05",
        "repository": 7189771,
        "full_size": 408436489,
        "v2": true,
        "tag_status": "active",
        "tag_last_pulled": "2024-01-20T07:48:47.296735Z",
        "tag_last_pushed": "2023-05-03T18:28:56.063968Z",
        "media_type": "application/vnd.docker.distribution.manifest.list.v2+json",
        "content_type": "image",
        "digest": "sha256:6a428205b5323279319ca9ff73e81b3e78135dceff6aa84aa8609771f139040b"
    },
    {
        "creator": 3074230,
        "id": 432590815,
        "images": [
            {
                "architecture": "amd64",
                "features": "",
                "variant": null,
                "digest": "sha256:9b6adea277b968d9a5da9707e38df4bd3be97aebe82f09d23ceb906252b8c8fc",
                "os": "linux",
                "os_features": "",
                "os_version": null,
                "size": 399119297,
                "status": "active",
                "last_pulled": "2024-01-20T08:09:05.597523Z",
                "last_pushed": "2023-05-03T18:18:21.062296Z"
            },
            {
                "architecture": "arm64",
                "features": "",
                "variant": null,
                "digest": "sha256:95387456afa35d94df10e316e152d3377ca78b95af6e9e3ab3cb1e3c939ebbeb",
                "os": "linux",
                "os_features": "",
                "os_version": null,
                "size": 357229272,
                "status": "active",
                "last_pulled": "2024-01-05T18:53:39.260128Z",
                "last_pushed": "2023-05-03T18:18:21.254964Z"
            }
        ],
        "last_updated": "2023-05-03T18:18:21.550872Z",
        "last_updater": 3074230,
        "last_updater_username": "circlecipublicimage",
        "name": "2023.05-20.04",
        "repository": 7189771,
        "full_size": 399119297,
        "v2": true,
        "tag_status": "active",
        "tag_last_pulled": "2024-01-20T08:09:05.597523Z",
        "tag_last_pushed": "2023-05-03T18:18:21.550872Z",
        "media_type": "application/vnd.docker.distribution.manifest.list.v2+json",
        "content_type": "image",
        "digest": "sha256:f2ca091bd429522fccad0d67dab385a9a8af6b5fa480a2cd17cb4648feb2b5a9"
    },
    {
        "creator": 3074230,
        "id": 432600317,
        "images": [
            {
                "architecture": "amd64",
                "features": "",
                "variant": null,
                "digest": "sha256:2c393363a4d5af134254ac9b23ef91602d165167ac7eec9a89f017c7d789d162",
                "os": "linux",
                "os_features": "",
                "os_version": null,
                "size": 408436489,
                "status": "active",
                "last_pulled": "2024-01-20T07:48:47.296735Z",
                "last_pushed": "2023-05-03T18:28:55.150232Z"
            },
            {
                "architecture": "arm64",
                "features": "",
                "variant": null,
                "digest": "sha256:4ea5858b2a544c6ac550fc16e45168b5e3021cbd460e35a625870d0bc83f8fc3",
                "os": "linux",
                "os_features": "",
                "os_version": null,
                "size": 371595547,
                "status": "active",
                "last_pulled": "2024-01-05T18:53:39.050152Z",
                "last_pushed": "2023-05-03T18:28:55.32272Z"
            }
        ],
        "last_updated": "2023-05-03T18:28:55.662431Z",
        "last_updater": 3074230,
        "last_updater_username": "circlecipublicimage",
        "name": "2023.05-22.04",
        "repository": 7189771,
        "full_size": 408436489,
        "v2": true,
        "tag_status": "active",
        "tag_last_pulled": "2024-01-20T07:48:47.296735Z",
        "tag_last_pushed": "2023-05-03T18:28:55.662431Z",
        "media_type": "application/vnd.docker.distribution.manifest.list.v2+json",
        "content_type": "image",
        "digest": "sha256:6a428205b5323279319ca9ff73e81b3e78135dceff6aa84aa8609771f139040b"
    },
    {
        "creator": 3074230,
        "id": 449944561,
        "images": [
            {
                "architecture": "amd64",
                "features": "",
                "variant": null,
                "digest": "sha256:0279e35f2a2e7eeaa7831f9fcbc3200b53e6a75c6809adc30c0ec8ee5b45a351",
                "os": "linux",
                "os_features": "",
                "os_version": null,
                "size": 410961193,
                "status": "active",
                "last_pulled": "2024-01-20T09:28:52.976257Z",
                "last_pushed": "2023-06-02T11:58:30.088916Z"
            },
            {
                "architecture": "arm64",
                "features": "",
                "variant": null,
                "digest": "sha256:082a85f933c195792b09149ee4024454e18b7cda4b3b461bb46ef4377ce47195",
                "os": "linux",
                "os_features": "",
                "os_version": null,
                "size": 373923320,
                "status": "active",
                "last_pulled": "2024-01-19T20:30:39.093347Z",
                "last_pushed": "2023-06-02T11:58:30.288046Z"
            }
        ],
        "last_updated": "2023-06-02T11:58:31.031211Z",
        "last_updater": 3074230,
        "last_updater_username": "circlecipublicimage",
        "name": "2023.06",
        "repository": 7189771,
        "full_size": 410961193,
        "v2": true,
        "tag_status": "active",
        "tag_last_pulled": "2024-01-20T09:28:52.976257Z",
        "tag_last_pushed": "2023-06-02T11:58:31.031211Z",
        "media_type": "application/vnd.docker.distribution.manifest.list.v2+json",
        "content_type": "image",
        "digest": "sha256:7c9cba6d9a23ee7ed8b10919b478d4243661878dd240b2b68865b984f40b7b75"
    },
    {
        "creator": 3074230,
        "id": 449940136,
        "images": [
            {
                "architecture": "amd64",
                "features": "",
                "variant": null,
                "digest": "sha256:d43d7a799ba83f9ab374f3e3f7e9f48cd3b1c4312080cb5654e77a10d4e0717d",
                "os": "linux",
                "os_features": "",
                "os_version": null,
                "size": 399398006,
                "status": "active",
                "last_pulled": "2024-01-20T09:24:54.496739Z",
                "last_pushed": "2023-06-02T11:47:56.258338Z"
            },
            {
                "architecture": "arm64",
                "features": "",
                "variant": null,
                "digest": "sha256:e68ba9f4a48036238db1d6e82b0ecdc909999695082b583e4bfbaf0ad8dea22f",
                "os": "linux",
                "os_features": "",
                "os_version": null,
                "size": 357447635,
                "status": "active",
                "last_pulled": "2024-01-05T18:53:37.68231Z",
                "last_pushed": "2023-06-02T11:47:56.392023Z"
            }
        ],
        "last_updated": "2023-06-02T11:47:56.772835Z",
        "last_updater": 3074230,
        "last_updater_username": "circlecipublicimage",
        "name": "2023.06-20.04",
        "repository": 7189771,
        "full_size": 399398006,
        "v2": true,
        "tag_status": "active",
        "tag_last_pulled": "2024-01-20T09:24:54.496739Z",
        "tag_last_pushed": "2023-06-02T11:47:56.772835Z",
        "media_type": "application/vnd.docker.distribution.manifest.list.v2+json",
        "content_type": "image",
        "digest": "sha256:5c5fe7964de99cc06cd94162e28991003108a7fb43dcc7dd1d0759cc19d723ee"
    },
    {
        "creator": 3074230,
        "id": 449944559,
        "images": [
            {
                "architecture": "amd64",
                "features": "",
                "variant": null,
                "digest": "sha256:0279e35f2a2e7eeaa7831f9fcbc3200b53e6a75c6809adc30c0ec8ee5b45a351",
                "os": "linux",
                "os_features": "",
                "os_version": null,
                "size": 410961193,
                "status": "active",
                "last_pulled": "2024-01-20T09:28:52.976257Z",
                "last_pushed": "2023-06-02T11:58:30.088916Z"
            },
            {
                "architecture": "arm64",
                "features": "",
                "variant": null,
                "digest": "sha256:082a85f933c195792b09149ee4024454e18b7cda4b3b461bb46ef4377ce47195",
                "os": "linux",
                "os_features": "",
                "os_version": null,
                "size": 373923320,
                "status": "active",
                "last_pulled": "2024-01-19T20:30:39.093347Z",
                "last_pushed": "2023-06-02T11:58:30.288046Z"
            }
        ],
        "last_updated": "2023-06-02T11:58:30.630672Z",
        "last_updater": 3074230,
        "last_updater_username": "circlecipublicimage",
        "name": "2023.06-22.04",
        "repository": 7189771,
        "full_size": 410961193,
        "v2": true,
        "tag_status": "active",
        "tag_last_pulled": "2024-01-20T09:28:52.976257Z",
        "tag_last_pushed": "2023-06-02T11:58:30.630672Z",
        "media_type": "application/vnd.docker.distribution.manifest.list.v2+json",
        "content_type": "image",
        "digest": "sha256:7c9cba6d9a23ee7ed8b10919b478d4243661878dd240b2b68865b984f40b7b75"
    },
    {
        "creator": 3074230,
        "id": 190433868,
        "images": [
            {
                "architecture": "amd64",
                "features": "",
                "variant": null,
                "digest": "sha256:0d9ec82110dbec585a700e5492175850b0c472ffdb5a2b59171b498391fe9cfe",
                "os": "linux",
                "os_features": "",
                "os_version": null,
                "size": 372677960,
                "status": "active",
                "last_pulled": "2024-01-20T09:40:58.92554Z",
                "last_pushed": "2023-03-03T05:38:34.193429Z"
            },
            {
                "architecture": "arm64",
                "features": "",
                "variant": null,
                "digest": "sha256:9ea2bc35e9ceef010d994e6f6615fb21b870a0852376c655c4b4a70c1d54726b",
                "os": "linux",
                "os_features": "",
                "os_version": null,
                "size": 326137900,
                "status": "active",
                "last_pulled": "2024-01-18T08:08:23.085362Z",
                "last_pushed": "2023-03-03T05:38:34.328015Z"
            }
        ],
        "last_updated": "2023-03-03T05:38:35.009572Z",
        "last_updater": 3074230,
        "last_updater_username": "circlecipublicimage",
        "name": "current-18.04",
        "repository": 7189771,
        "full_size": 372677960,
        "v2": true,
        "tag_status": "active",
        "tag_last_pulled": "2024-01-20T09:40:58.92554Z",
        "tag_last_pushed": "2023-03-03T05:38:35.009572Z",
        "media_type": "application/vnd.docker.distribution.manifest.list.v2+json",
        "content_type": "image",
        "digest": "sha256:66d2f7b6f542f2d1804290a6a2c7f571689a6fd8f0f83694643caab345fc72c1"
    }
]