[
    {
        "creator": 2476636,
        "id": 452348623,
        "images": [
            {
                "architecture": "amd64",
                "features": "",
                "variant": null,
                "digest": "sha256:e4a19005a1b325fb65475255c7621a9cd479103750fed46441262d117bb76c38",
                "os": "linux",
                "os_features": "",
                "os_version": null,
                "size": 5015525,
                "status": "active",
                "last_pulled": "2024-01-16T10:15:07.328117Z",
                "last_pushed": "2023-06-06T10:46:59.346647Z"
            },
            {
                "architecture": "arm64",
                "features": "",
                "variant": null,
                "digest": "sha256:92ee8892cf5e5367f817df6dd262b2859ff96cc2b67d0ff6a8dde7ac8d6c0745",
                "os": "linux",
                "os_features": "",
                "os_version": null,
                "size": 4596076,
                "status": "inactive",
                "last_pulled": "2023-08-27T06:30:37.637348Z",
                "last_pushed": "2023-06-06T10:46:59.519058Z"
            }
        ],
        "last_updated": "2023-06-06T10:46:59.84298Z",
        "last_updater": 2476636,
        "last_updater_username": "circlecisre",
        "name": "0.2.1174-branch-6ee9294",
        "repository": 9135704,
        "full_size": 5015525,
        "v2": true,
        "tag_status": "active",
        "tag_last_pulled": "2024-01-16T10:15:07.328117Z",
        "tag_last_pushed": "2023-06-06T10:46:59.84298Z",
        "media_type": "application/vnd.docker.distribution.manifest.list.v2+json",
        "content_type": "image",
        "digest": "sha256:a728e7eafd99c24e5d19f42c017084531a75c21320385eed8d3116d9fb566fa8"
    },
    {
        "creator": 2476636,
        "id": 452430424,
        "images": [
            {
                "architecture": "amd64",
                "features": "",
                "variant": null,
                "digest": "sha256:1713596f8aab269dfc73bd7214ca5c1ebf1609971afab99cb7644332ced7efa5",
                "os": "linux",
                "os_features": "",
                "os_version": null,
                "size": 5015531,
                "status": "active",
                "last_pulled": "2024-01-16T10:15:07.353981Z",
                "last_pushed": "2023-06-06T12:50:12.997844Z"
            },
            {
                "architecture": "arm64",
                "features": "",
                "variant": null,
                "digest": "sha256:ad1f80e506ec7573c1adebcf6d0ef1694675ec7320cd78da9ce8cd2b3bab237b",
                "os": "linux",
                "os_features": "",
                "os_version": null,
                "size": 4596068,
                "status": "inactive",
                "last_pulled": "2023-08-27T06:30:35.560769Z",
                "last_pushed": "2023-06-06T12:50:13.16938Z"
            }
        ],
        "last_updated": "2023-06-06T12:50:13.445988Z",
        "last_updater": 2476636,
        "last_updater_username": "circlecisre",
        "name": "0.2.1184-branch-c45389e",
        "repository": 9135704,
        "full_size": 5015531,
        "v2": true,
        "tag_status": "active",
        "tag_last_pulled": "2024-01-16T10:15:07.353981Z",
        "tag_last_pushed": "2023-06-06T12:50:13.445988Z",
        "media_type": "application/vnd.docker.distribution.manifest.list.v2+json",
        "content_type": "image",
        "digest": "sha256:c6bd109c3eab44b32072e3c29edd37cf65693d9831c686fe17b57fb65234cb16"
    },
    {
        "creator": 2476636,
        "id": 453972419,
        "images": [
            {
                "architecture": "amd64",
                "features": "",
                "variant": null,
                "digest": "sha256:11db3882567e162ed483f07e774ec9a4dfd001d8a1f50b9db6533d9afffbf7d8",
                "os": "linux",
                "os_features": "",
                "os_version": null,
                "size": 5138934,
                "status": "active",
                "last_pulled": "2024-01-16T10:15:07.48326Z",
                "last_pushed": "2023-06-08T13:19:29.215962Z"
            },
            {
                "architecture": "arm64",
                "features": "",
                "variant": null,
                "digest": "sha256:8dc0c100d1b556f25a322ce0b87b8ae7f1c3a7178a009bd1aeb1918546dfc1fe",
                "os": "linux",
                "os_features": "",
                "os_version": null,
                "size": 4706601,
                "status": "inactive",
                "last_pulled": "2023-08-27T06:30:55.644572Z",
                "last_pushed": "2023-06-08T13:19:29.337155Z"
            }
        ],
        "last_updated": "2023-06-08T13:19:29.664108Z",
        "last_updater": 2476636,
        "last_updater_username": "circlecisre",
        "name": "0.2.1192-branch-a94499e",
        "repository": 9135704,
        "full_size": 5138934,
        "v2": true,
        "tag_status": "active",
        "tag_last_pulled": "2024-01-16T10:15:07.48326Z",
        "tag_last_pushed": "2023-06-08T13:19:29.664108Z",
        "media_type": "application/vnd.docker.distribution.manifest.list.v2+json",
        "content_type": "image",
        "digest": "sha256:c3e3a4c7a899572d4c99c45ec8f5de91c148644d1ad5308bac1196229d940c75"
    },
    {
        "creator": 2476636,
        "id": 455643095,
        "images": [
            {
                "architecture": "amd64",
                "features": "",
                "variant": null,
                "digest": "sha256:f6a4c8fbf21ddb3cb4b7dacd66fbaad4a6a12ebab595fa0291e140270411ac0c",
                "os": "linux",
                "os_features": "",
                "os_version": null,
                "size": 5139695,
                "status": "active",
                "last_pulled": "2024-01-16T10:15:07.415158Z",
                "last_pushed": "2023-06-12T03:00:46.768364Z"
            },
            {
                "architecture": "arm64",
                "features": "",
                "variant": null,
                "digest": "sha256:1a6a51a87fcc571314598706e1bc61cc2f5d878c4b10a6c4856194801e0ece8f",
                "os": "linux",
                "os_features": "",
                "os_version": null,
                "size": 4706512,
                "status": "inactive",
                "last_pulled": "2023-08-27T06:31:00.998123Z",
                "last_pushed": "2023-06-12T03:00:46.623707Z"
            }
        ],
        "last_updated": "2023-06-12T03:00:47.134381Z",
        "last_updater": 2476636,
        "last_updater_username": "circlecisre",
        "name": "0.2.1194-branch-4418a2a",
        "repository": 9135704,
        "full_size": 5139695,
        "v2": true,
        "tag_status": "active",
        "tag_last_pulled": "2024-01-16T10:15:07.415158Z",
        "tag_last_pushed": "2023-06-12T03:00:47.134381Z",
        "media_type": "application/vnd.docker.distribution.manifest.list.v2+json",
        "content_type": "image",
        "digest": "sha256:d9fc15ff2c67faf6137695aeaee86f2202db6f9cfbb8fe12ec6ec5a68f6aacf0"
    },
    {
        "creator": 2476636,
        "id": 459755891,
        "images": [
            {
                "architecture": "amd64",
                "features": "",
                "variant": null,
                "digest": "sha256:db0bcc6fa5d2b766daccbbfafe2887a03a202c51cb8ad7f75bb005dbd25710f7",
                "os": "linux",
                "os_features": "",
                "os_version": null,
                "size": 5016178,
                "status": "active",
                "last_pulled": "2024-01-16T10:15:07.378929Z",
                "last_pushed": "2023-06-19T03:00:35.695826Z"
            },
            {
                "architecture": "arm64",
                "features": "",
                "variant": null,
                "digest": "sha256:e3ba91ddc8d4936ce36fd5f1210ff55b80c9e52f9b2f6437c0120c9e5080c768",
                "os": "linux",
                "os_features": "",
                "os_version": null,
                "size": 4596326,
                "status": "inactive",
                "last_pulled": "2023-08-27T06:32:11.554107Z",
                "last_pushed": "2023-06-19T03:00:35.351771Z"
            }
        ],
        "last_updated": "2023-06-19T03:00:36.077121Z",
        "last_updater": 2476636,
        "last_updater_username": "circlecisre",
        "name": "0.2.1197-branch-c35e8e6",
        "repository": 9135704,
        "full_size": 5016178,
        "v2": true,
        "tag_status": "active",
        "tag_last_pulled": "2024-01-16T10:15:07.378929Z",
        "tag_last_pushed": "2023-06-19T03:00:36.077121Z",
        "media_type": "application/vnd.docker.distribution.manifest.list.v2+json",
        "content_type": "image",
        "digest": "sha256:80964944e2fc2cb8de630ac874b830eacd8a24e523ea0e0ee43425bd67a41699"
    },
    {
        "creator": 2476636,
        "id": 459755943,
        "images": [
            {
                "architecture": "amd64",
                "features": "",
                "variant": null,
                "digest": "sha256:7e349fcd388541ea41c08b1af1d3c27970931674be7689535db0195d5613da1f",
                "os": "linux",
                "os_features": "",
                "os_version": null,
                "size": 5125169,
                "status": "active",
                "last_pulled": "2024-01-16T10:15:07.332433Z",
                "last_pushed": "2023-06-19T03:00:51.848215Z"
            },
            {
                "architecture": "arm64",
                "features": "",
                "variant": null,
                "digest": "sha256:987528cfa5c928111258a96362ba8aa111689fd4175474904df4fcf62fb099df",
                "os": "linux",
                "os_features": "",
                "os_version": null,
                "size": 4704681,
                "status": "inactive",
                "last_pulled": "2023-08-27T06:31:22.833987Z",
                "last_pushed": "2023-06-19T03:00:52.152861Z"
            }
        ],
        "last_updated": "2023-06-19T03:00:52.461685Z",
        "last_updater": 2476636,
        "last_updater_username": "circlecisre",
        "name": "0.2.1198-branch-343bccb",
        "repository": 9135704,
        "full_size": 5125169,
        "v2": true,
        "tag_status": "active",
        "tag_last_pulled": "2024-01-16T10:15:07.332433Z",
        "tag_last_pushed": "2023-06-19T03:00:52.461685Z",
        "media_type": "application/vnd.docker.distribution.manifest.list.v2+json",
        "content_type": "image",
        "digest": "sha256:8bebc4a9091acd9242c54cef418615635965032878f473a5451969e4361b8170"
    },
    {
        "creator": 2476636,
        "id": 462296124,
        "images": [
            {
                "architecture": "amd64",
                "features": "",
                "variant": null,
                "digest": "sha256:bcd5a46dbc2d664784c8782b61029cb85f5e5ab8f8994968e53d07a62aea368f",
                "os": "linux",
                "os_features": "",
                "os_version": null,
                "size": 5125299,
                "status": "active",
                "last_pulled": "2024-01-16T10:15:07.408817Z",
                "last_pushed": "2023-06-23T03:00:59.662484Z"
            },
            {
                "architecture": "arm64",
                "features": "",
                "variant": null,
                "digest": "sha256:f0d7e13922b665b51fa686b8002e2de3d892d91097e859e19759baa75bdc8bc7",
                "os": "linux",
                "os_features": "",
                "os_version": null,
                "size": 4704750,
                "status": "inactive",
                "last_pulled": "2023-12-05T15:03:21.132192Z",
                "last_pushed": "2023-06-23T03:00:59.808905Z"
            }
        ],
        "last_updated": "2023-06-23T03:01:00.105724Z",
        "last_updater": 2476636,
        "last_updater_username": "circlecisre",
        "name": "0.2.1200-branch-a7cf1f1",
        "repository": 9135704,
        "full_size": 5125299,
        "v2": true,
        "tag_status": "active",
        "tag_last_pulled": "2024-01-16T10:15:07.408817Z",
        "tag_last_pushed": "2023-06-23T03:01:00.105724Z",
        "media_type": "application/vnd.docker.distribution.manifest.list.v2+json",
        "content_type": "image",
        "digest": "sha256:1e91555e381c2db2cd35aab06393331a34fe8ffe26f59e8e5aafecda0b74d847"
    },
    {
        "creator": 2476636,
        "id": 464932597,
        "images": [
            {
                "architecture": "amd64",
                "features": "",
                "variant": null,
                "digest": "sha256:092cc7c3931935cee9caf6773345f11c50d1fdc5c77344ed6fcbd5679eee8694",
                "os": "linux",
                "os_features": "",
                "os_version": null,
                "size": 5125727,
                "status": "active",
                "last_pulled": "2024-01-16T10:15:07.395284Z",
                "last_pushed": "2023-06-28T03:01:45.985104Z"
            },
            {
                "architecture": "arm64",
                "features": "",
                "variant": null,
                "digest": "sha256:71a7d704b732b3a9d8920ac9c51c460958f43d7be6514d4d43c6dc8e84e4ab97",
                "os": "linux",
                "os_features": "",
                "os_version": null,
                "size": 4704908,
                "status": "inactive",
                "last_pulled": "2023-12-05T15:03:20.761908Z",
                "last_pushed": "2023-06-28T03:01:46.115668Z"
            }
        ],
        "last_updated": "2023-06-28T03:01:46.46078Z",
        "last_updater": 2476636,
        "last_updater_username": "circlecisre",
        "name": "0.2.1202-branch-ff66025",
        "repository": 9135704,
        "full_size": 5125727,
        "v2": true,
        "tag_status": "active",
        "tag_last_pulled": "2024-01-16T10:15:07.395284Z",
        "tag_last_pushed": "2023-06-28T03:01:46.46078Z",
        "media_type": "application/vnd.docker.distribution.manifest.list.v2+json",
        "content_type": "image",
        "digest": "sha256:4f55adc9aed8ed4900dc971848da1ea12d238fa1f32c53175e881d1c1e636ffc"
    },
    {
        "creator": 2476636,
        "id": 392177409,
        "images": [
            {
                "architecture": "amd64",
                "features": "",
                "variant": null,
                "digest": "sha256:be227b13affb0da04f3043c5a0732c0121738bce6852ea9a4f0684606e8afceb",
                "os": "linux",
                "os_features": "",
                "os_version": null,
                "size": 5008518,
                "status": "active",
                "last_pulled": "2024-01-16T10:15:07.161433Z",
                "last_pushed": "2023-02-22T14:51:50.9843Z"
            }
        ],
        "last_updated": "2023-02-22T14:51:50.83044Z",
        "last_updater": 2476636,
        "last_updater_username": "circlecisre",
        "name": "2.0.1001-eab231f",
        "repository": 9135704,
        "full_size": 5008518,
        "v2": true,
        "tag_status": "active",
        "tag_last_pulled": "2024-01-16T10:15:07.161433Z",
        "tag_last_pushed": "2023-02-22T14:51:50.83044Z",
        "media_type": "application/vnd.docker.container.image.v1+json",
        "content_type": "image",
        "digest": "sha256:be227b13affb0da04f3043c5a0732c0121738bce6852ea9a4f0684606e8afceb"
    },
    {
        "creator": 2476636,
        "id": 392180148,
        "images": [
            {
                "architecture": "amd64",
                "features": "",
                "variant": null,
                "digest": "sha256:2a13457b3c308b96991c63f25ffd011bf4515c0ffa37438b16472f2373a9ec9f",
                "os": "linux",
                "os_features": "",
                "os_version": null,
                "size": 5008573,
                "status": "active",
                "last_pulled": "2024-01-16T10:15:07.561478Z",
                "last_pushed": "2023-02-22T14:56:32.727877Z"
            }
        ],
        "last_updated": "2023-02-22T14:56:32.482791Z",
        "last_updater": 2476636,
        "last_updater_username": "circlecisre",
        "name": "2.0.1005-8836f3f",
        "repository": 9135704,
        "full_size": 5008573,
        "v2": true,
        "tag_status": "active",
        "tag_last_pulled": "2024-01-16T10:15:07.561478Z",
        "tag_last_pushed": "2023-02-22T14:56:32.482791Z",
        "media_type": "application/vnd.docker.container.image.v1+json",
        "content_type": "image",
        "digest": "sha256:2a13457b3c308b96991c63f25ffd011bf4515c0ffa37438b16472f2373a9ec9f"
    },
    {
        "creator": 2476636,
        "id": 401742592,
        "images": [
            {
                "architecture": "amd64",
                "features": "",
                "variant": null,
                "digest": "sha256:6d2376da9e7fe3424b5e9b12585537586f5cd264bef67b0ea5bcab11a036676f",
                "os": "linux",
                "os_features": "",
                "os_version": null,
                "size": 5009093,
                "status": "active",
                "last_pulled": "2024-01-16T10:15:07.13811Z",
                "last_pushed": "2023-03-09T16:23:18.750922Z"
            }
        ],
        "last_updated": "2023-03-09T16:23:18.537474Z",
        "last_updater": 2476636,
        "last_updater_username": "circlecisre",
        "name": "2.0.1025-e1b45fc",
        "repository": 9135704,
        "full_size": 5009093,
        "v2": true,
        "tag_status": "active",
        "tag_last_pulled": "2024-01-16T10:15:07.13811Z",
        "tag_last_pushed": "2023-03-09T16:23:18.537474Z",
        "media_type": "application/vnd.docker.container.image.v1+json",
        "content_type": "image",
        "digest": "sha256:6d2376da9e7fe3424b5e9b12585537586f5cd264bef67b0ea5bcab11a036676f"
    },
    {
        "creator": 2476636,
        "id": 407193328,
        "images": [
            {
                "architecture": "amd64",
                "features": "",
                "variant": null,
                "digest": "sha256:cf68f6fdf9140dbdd1d07397f177d66b9f6930ca1a1f979d09268a81ccd5272b",
                "os": "linux",
                "os_features": "",
                "os_version": null,
                "size": 5013981,
                "status": "active",
                "last_pulled": "2024-01-16T10:15:07.18469Z",
                "last_pushed": "2023-03-20T10:56:37.120182Z"
            }
        ],
        "last_updated": "2023-03-20T10:56:36.99364Z",
        "last_updater": 2476636,
        "last_updater_username": "circlecisre",
        "name": "2.0.1033-95499d3",
        "repository": 9135704,
        "full_size": 5013981,
        "v2": true,
        "tag_status": "active",
        "tag_last_pulled": "2024-01-16T10:15:07.18469Z",
        "tag_last_pushed": "2023-03-20T10:56:36.99364Z",
        "media_type": "application/vnd.docker.container.image.v1+json",
        "content_type": "image",
        "digest": "sha256:cf68f6fdf9140dbdd1d07397f177d66b9f6930ca1a1f979d09268a81ccd5272b"
    },
    {
        "creator": 2476636,
        "id": 408586087,
        "images": [
            {
                "architecture": "amd64",
                "features": "",
                "variant": null,
                "digest": "sha256:8212aed8876814de1bba028f63d1db8a89960bdc491f43f54d46e5546c92bda7",
                "os": "linux",
                "os_features": "",
                "os_version": null,
                "size": 5013969,
                "status": "active",
                "last_pulled": "2024-01-16T10:15:07.175171Z",
                "last_pushed": "2023-03-22T13:40:26.996063Z"
            }
        ],
        "last_updated": "2023-03-22T13:40:26.729061Z",
        "last_updater": 2476636,
        "last_updater_username": "circlecisre",
        "name": "2.0.1039-7715826",
        "repository": 9135704,
        "full_size": 5013969,
        "v2": true,
        "tag_status": "active",
        "tag_last_pulled": "2024-01-16T10:15:07.175171Z",
        "tag_last_pushed": "2023-03-22T13:40:26.729061Z",
        "media_type": "application/vnd.docker.container.image.v1+json",
        "content_type": "image",
        "digest": "sha256:8212aed8876814de1bba028f63d1db8a89960bdc491f43f54d46e5546c92bda7"
    },
    {
        "creator": 2476636,
        "id": 416375817,
        "images": [
            {
                "architecture": "amd64",
                "features": "",
                "variant": null,
                "digest": "sha256:6fca678080bce7f8f444d61d5a1040f516aa78e17927e2f5c1a298f4df21d431",
                "os": "linux",
                "os_features": "",
                "os_version": null,
                "size": 5013959,
                "status": "active",
                "last_pulled": "2024-01-16T10:15:07.114707Z",
                "last_pushed": "2023-04-04T14:05:19.820296Z"
            }
        ],
        "last_updated": "2023-04-04T14:05:19.5734Z",
        "last_updater": 2476636,
        "last_updater_username": "circlecisre",
        "name": "2.0.1051-c468233",
        "repository": 9135704,
        "full_size": 5013959,
        "v2": true,
        "tag_status": "active",
        "tag_last_pulled": "2024-01-16T10:15:07.114707Z",
        "tag_last_pushed": "2023-04-04T14:05:19.5734Z",
        "media_type": "application/vnd.docker.container.image.v1+json",
        "content_type": "image",
        "digest": "sha256:6fca678080bce7f8f444d61d5a1040f516aa78e17927e2f5c1a298f4df21d431"
    },
    {
        "creator": 2476636,
        "id": 417244569,
        "images": [
            {
                "architecture": "amd64",
                "features": "",
                "variant": null,
                "digest": "sha256:1f0cff65da02b9ef38e2e17bb720507806248df1d731db047597360bca8de166",
                "os": "linux",
                "os_features": "",
                "os_version": null,
                "size": 5015095,
                "status": "active",
                "last_pulled": "2024-01-16T10:15:07.119098Z",
                "last_pushed": "2023-04-05T13:42:14.49506Z"
            }
        ],
        "last_updated": "2023-04-05T13:42:14.230234Z",
        "last_updater": 2476636,
        "last_updater_username": "circlecisre",
        "name": "2.0.1059-0c48287",
        "repository": 9135704,
        "full_size": 5015095,
        "v2": true,
        "tag_status": "active",
        "tag_last_pulled": "2024-01-16T10:15:07.119098Z",
        "tag_last_pushed": "2023-04-05T13:42:14.230234Z",
        "media_type": "application/vnd.docker.container.image.v1+json",
        "content_type": "image",
        "digest": "sha256:1f0cff65da02b9ef38e2e17bb720507806248df1d731db047597360bca8de166"
    },
    {
        "creator": 2476636,
        "id": 424144477,
        "images": [
            {
                "architecture": "amd64",
                "features": "",
                "variant": null,
                "digest": "sha256:442686609941ceec801c6ca97bb453a971638b7c00ae7e9ef5935ea4f3510939",
                "os": "linux",
                "os_features": "",
                "os_version": null,
                "size": 5015103,
                "status": "active",
                "last_pulled": "2024-01-16T10:15:07.19779Z",
                "last_pushed": "2023-04-18T12:36:47.108834Z"
            }
        ],
        "last_updated": "2023-04-18T12:36:46.913655Z",
        "last_updater": 2476636,
        "last_updater_username": "circlecisre",
        "name": "2.0.1069-bef81e3",
        "repository": 9135704,
        "full_size": 5015103,
        "v2": true,
        "tag_status": "active",
        "tag_last_pulled": "2024-01-16T10:15:07.19779Z",
        "tag_last_pushed": "2023-04-18T12:36:46.913655Z",
        "media_type": "application/vnd.docker.container.image.v1+json",
        "content_type": "image",
        "digest": "sha256:442686609941ceec801c6ca97bb453a971638b7c00ae7e9ef5935ea4f3510939"
    },
    {
        "creator": 2476636,
        "id": 424148683,
        "images": [
            {
                "architecture": "amd64",
                "features": "",
                "variant": null,
                "digest": "sha256:3dc0e2dc1161cee808d7b76877b1de001bf8a5468ceaeb14f965e2b99c40f4bd",
                "os": "linux",
                "os_features": "",
                "os_version": null,
                "size": 5013920,
                "status": "active",
                "last_pulled": "2024-01-16T10:15:07.136348Z",
                "last_pushed": "2023-04-18T12:44:32.819357Z"
            }
        ],
        "last_updated": "2023-04-18T12:44:32.649061Z",
        "last_updater": 2476636,
        "last_updater_username": "circlecisre",
        "name": "2.0.1073-b72044d",
        "repository": 9135704,
        "full_size": 5013920,
        "v2": true,
        "tag_status": "active",
        "tag_last_pulled": "2024-01-16T10:15:07.136348Z",
        "tag_last_pushed": "2023-04-18T12:44:32.649061Z",
        "media_type": "application/vnd.docker.container.image.v1+json",
        "content_type": "image",
        "digest": "sha256:3dc0e2dc1161cee808d7b76877b1de001bf8a5468ceaeb14f965e2b99c40f4bd"
    },
    {
        "creator": 2476636,
        "id": 432436564,
        "images": [
            {
                "architecture": "amd64",
                "features": "",
                "variant": null,
                "digest": "sha256:869547c5e19578db9b4db35ca3b8deca0d5caac78c6a46a32c1a4f10d0f9b9ed",
                "os": "linux",
                "os_features": "",
                "os_version": null,
                "size": 5014009,
                "status": "active",
                "last_pulled": "2024-01-16T10:15:07.18205Z",
                "last_pushed": "2023-05-03T14:52:56.698735Z"
            }
        ],
        "last_updated": "2023-05-03T14:52:52.784731Z",
        "last_updater": 2476636,
        "last_updater_username": "circlecisre",
        "name": "2.0.1086-eea3f02",
        "repository": 9135704,
        "full_size": 5014009,
        "v2": true,
        "tag_status": "active",
        "tag_last_pulled": "2024-01-16T10:15:07.18205Z",
        "tag_last_pushed": "2023-05-03T14:52:52.784731Z",
        "media_type": "application/vnd.docker.container.image.v1+json",
        "content_type": "image",
        "digest": "sha256:869547c5e19578db9b4db35ca3b8deca0d5caac78c6a46a32c1a4f10d0f9b9ed"
    },
    {
        "creator": 2476636,
        "id": 432440728,
        "images": [
            {
                "architecture": "amd64",
                "features": "",
                "variant": null,
                "digest": "sha256:697df307efe9c6fba5630e5b61856dc870015c4d48eb94d444242e937585133c",
                "os": "linux",
                "os_features": "",
                "os_version": null,
                "size": 5014011,
                "status": "active",
                "last_pulled": "2024-01-16T10:15:07.137799Z",
                "last_pushed": "2023-05-03T14:58:52.941356Z"
            }
        ],
        "last_updated": "2023-05-03T14:58:52.736941Z",
        "last_updater": 2476636,
        "last_updater_username": "circlecisre",
        "name": "2.0.1091-fa79949",
        "repository": 9135704,
        "full_size": 5014011,
        "v2": true,
        "tag_status": "active",
        "tag_last_pulled": "2024-01-16T10:15:07.137799Z",
        "tag_last_pushed": "2023-05-03T14:58:52.736941Z",
        "media_type": "application/vnd.docker.container.image.v1+json",
        "content_type": "image",
        "digest": "sha256:697df307efe9c6fba5630e5b61856dc870015c4d48eb94d444242e937585133c"
    },
    {
        "creator": 2476636,
        "id": 436221886,
        "images": [
            {
                "architecture": "amd64",
                "features": "",
                "variant": null,
                "digest": "sha256:7d9ac96a6b981105a7c2e49a80fd69d4fe5b6b270383d545714813eb261f2c9b",
                "os": "linux",
                "os_features": "",
                "os_version": null,
                "size": 5014128,
                "status": "active",
                "last_pulled": "2024-01-16T10:15:07.128222Z",
                "last_pushed": "2023-05-09T13:39:46.540323Z"
            }
        ],
        "last_updated": "2023-05-09T13:39:46.336494Z",
        "last_updater": 2476636,
        "last_updater_username": "circlecisre",
        "name": "2.0.1103-a880ae5",
        "repository": 9135704,
        "full_size": 5014128,
        "v2": true,
        "tag_status": "active",
        "tag_last_pulled": "2024-01-16T10:15:07.128222Z",
        "tag_last_pushed": "2023-05-09T13:39:46.336494Z",
        "media_type": "application/vnd.docker.container.image.v1+json",
        "content_type": "image",
        "digest": "sha256:7d9ac96a6b981105a7c2e49a80fd69d4fe5b6b270383d545714813eb261f2c9b"
    },
    {
        "creator": 2476636,
        "id": 436387930,
        "images": [
            {
                "architecture": "amd64",
                "features": "",
                "variant": null,
                "digest": "sha256:e4a0bb0daa1b10e01968151dca4cf6b34d2441dd1d22fbe841f9d9cde375991b",
                "os": "linux",
                "os_features": "",
                "os_version": null,
                "size": 5014114,
                "status": "active",
                "last_pulled": "2024-01-16T10:15:07.162624Z",
                "last_pushed": "2023-05-09T18:13:18.059698Z"
            }
        ],
        "last_updated": "2023-05-09T18:13:17.799113Z",
        "last_updater": 2476636,
        "last_updater_username": "circlecisre",
        "name": "2.0.1107-b365dc5",
        "repository": 9135704,
        "full_size": 5014114,
        "v2": true,
        "tag_status": "active",
        "tag_last_pulled": "2024-01-16T10:15:07.162624Z",
        "tag_last_pushed": "2023-05-09T18:13:17.799113Z",
        "media_type": "application/vnd.docker.container.image.v1+json",
        "content_type": "image",
        "digest": "sha256:e4a0bb0daa1b10e01968151dca4cf6b34d2441dd1d22fbe841f9d9cde375991b"
    },
    {
        "creator": 2476636,
        "id": 445319768,
        "images": [
            {
                "architecture": "amd64",
                "features": "",
                "variant": null,
                "digest": "sha256:7406b7d989fbc0e607190532179efc1c1a1415b80043d3fb8acb2c7764a36397",
                "os": "linux",
                "os_features": "",
                "os_version": null,
                "size": 5014119,
                "status": "active",
                "last_pulled": "2024-01-16T10:15:07.129122Z",
                "last_pushed": "2023-05-25T06:46:24.765438Z"
            }
        ],
        "last_updated": "2023-05-25T06:46:24.561335Z",
        "last_updater": 2476636,
        "last_updater_username": "circlecisre",
        "name": "2.0.1116-9a6b94c",
        "repository": 9135704,
        "full_size": 5014119,
        "v2": true,
        "tag_status": "active",
        "tag_last_pulled": "2024-01-16T10:15:07.129122Z",
        "tag_last_pushed": "2023-05-25T06:46:24.561335Z",
        "media_type": "application/vnd.docker.container.image.v1+json",
        "content_type": "image",
        "digest": "sha256:7406b7d989fbc0e607190532179efc1c1a1415b80043d3fb8acb2c7764a36397"
    },
    {
        "creator": 2476636,
        "id": 448530657,
        "images": [
            {
                "architecture": "amd64",
                "features": "",
                "variant": null,
                "digest": "sha256:65132a1fd5c9a32d9a570722fb8174071616d7485f6765ab747ddb166596a825",
                "os": "linux",
                "os_features": "",
                "os_version": null,
                "size": 5014119,
                "status": "active",
                "last_pulled": "2024-01-16T10:15:07.17883Z",
                "last_pushed": "2023-05-31T14:27:54.940951Z"
            }
        ],
        "last_updated": "2023-05-31T14:27:54.760941Z",
        "last_updater": 2476636,
        "last_updater_username": "circlecisre",
        "name": "2.0.1126-0fd4b97",
        "repository": 9135704,
        "full_size": 5014119,
        "v2": true,
        "tag_status": "active",
        "tag_last_pulled": "2024-01-16T10:15:07.17883Z",
        "tag_last_pushed": "2023-05-31T14:27:54.760941Z",
        "media_type": "application/vnd.docker.container.image.v1+json",
        "content_type": "image",
        "digest": "sha256:65132a1fd5c9a32d9a570722fb8174071616d7485f6765ab747ddb166596a825"
    },
    {
        "creator": 2476636,
        "id": 448534111,
        "images": [
            {
                "architecture": "amd64",
                "features": "",
                "variant": null,
                "digest": "sha256:fc7e1c1117cb78162d047a19e2798dbc7f72db77994fc29d4f74eca73613b2b9",
                "os": "linux",
                "os_features": "",
                "os_version": null,
                "size": 5014116,
                "status": "active",
                "last_pulled": "2024-01-16T10:15:07.177459Z",
                "last_pushed": "2023-05-31T14:32:57.150127Z"
            }
        ],
        "last_updated": "2023-05-31T14:32:55.663606Z",
        "last_updater": 2476636,
        "last_updater_username": "circlecisre",
        "name": "2.0.1134-d1bce19",
        "repository": 9135704,
        "full_size": 5014116,
        "v2": true,
        "tag_status": "active",
        "tag_last_pulled": "2024-01-16T10:15:07.177459Z",
        "tag_last_pushed": "2023-05-31T14:32:55.663606Z",
        "media_type": "application/vnd.docker.container.image.v1+json",
        "content_type": "image",
        "digest": "sha256:fc7e1c1117cb78162d047a19e2798dbc7f72db77994fc29d4f74eca73613b2b9"
    },
    {
        "creator": 2476636,
        "id": 448549436,
        "images": [
            {
                "architecture": "amd64",
                "features": "",
                "variant": null,
                "digest": "sha256:d9f005b62759cb1b90d57538ce5d570907ffb21dda5965c784cbe3229b465e4d",
                "os": "linux",
                "os_features": "",
                "os_version": null,
                "size": 5015508,
                "status": "active",
                "last_pulled": "2024-01-16T10:15:06.994605Z",
                "last_pushed": "2023-05-31T14:55:11.90931Z"
            }
        ],
        "last_updated": "2023-05-31T14:55:11.793451Z",
        "last_updater": 2476636,
        "last_updater_username": "circlecisre",
        "name": "2.0.1137-9005946",
        "repository": 9135704,
        "full_size": 5015508,
        "v2": true,
        "tag_status": "active",
        "tag_last_pulled": "2024-01-16T10:15:06.994605Z",
        "tag_last_pushed": "2023-05-31T14:55:11.793451Z",
        "media_type": "application/vnd.docker.container.image.v1+json",
        "content_type": "image",
        "digest": "sha256:d9f005b62759cb1b90d57538ce5d570907ffb21dda5965c784cbe3229b465e4d"
    },
    {
        "creator": 2476636,
        "id": 448570916,
        "images": [
            {
                "architecture": "amd64",
                "features": "",
                "variant": null,
                "digest": "sha256:2b40f516ab4235fd833afb35b85504a4b077209c11564d09406baf4129f78172",
                "os": "linux",
                "os_features": "",
                "os_version": null,
                "size": 5015493,
                "status": "active",
                "last_pulled": "2024-01-16T10:15:07.014994Z",
                "last_pushed": "2023-05-31T15:28:22.998481Z"
            }
        ],
        "last_updated": "2023-05-31T15:28:22.780779Z",
        "last_updater": 2476636,
        "last_updater_username": "circlecisre",
        "name": "2.0.1143-89693c9",
        "repository": 9135704,
        "full_size": 5015493,
        "v2": true,
        "tag_status": "active",
        "tag_last_pulled": "2024-01-16T10:15:07.014994Z",
        "tag_last_pushed": "2023-05-31T15:28:22.780779Z",
        "media_type": "application/vnd.docker.container.image.v1+json",
        "content_type": "image",
        "digest": "sha256:2b40f516ab4235fd833afb35b85504a4b077209c11564d09406baf4129f78172"
    },
    {
        "creator": 2476636,
        "id": 452436015,
        "images": [
            {
                "architecture": "amd64",
                "features": "",
                "variant": null,
                "digest": "sha256:753c4d4550d8bbe7dfe3847bf9cae5513b22c665d06c2c7b9e4be7c10cc453ed",
                "os": "linux",
                "os_features": "",
                "os_version": null,
                "size": 5015504,
                "status": "active",
                "last_pulled": "2024-01-16T10:15:07.108284Z",
                "last_pushed": "2023-06-06T12:58:24.598023Z"
            },
            {
                "architecture": "arm64",
                "features": "",
                "variant": null,
                "digest": "sha256:b667e676c91de32d0e1ad8e00e63fac788070706022ca843aec5c78a35913e16",
                "os": "linux",
                "os_features": "",
                "os_version": null,
                "size": 4596143,
                "status": "inactive",
                "last_pulled": "2023-08-27T06:30:52.241291Z",
                "last_pushed": "2023-06-06T12:58:24.484684Z"
            }
        ],
        "last_updated": "2023-06-06T12:58:24.932215Z",
        "last_updater": 2476636,
        "last_updater_username": "circlecisre",
        "name": "2.0.1186-4ff0536",
        "repository": 9135704,
        "full_size": 5015504,
        "v2": true,
        "tag_status": "active",
        "tag_last_pulled": "2024-01-16T10:15:07.108284Z",
        "tag_last_pushed": "2023-06-06T12:58:24.932215Z",
        "media_type": "application/vnd.docker.distribution.manifest.list.v2+json",
        "content_type": "image",
        "digest": "sha256:6f57ac13b2d58acda08ddd3335046f54d55d27d69fcddab54889913ec2d70ca7"
    },
    {
        "creator": 2476636,
        "id": 453971544,
        "images": [
            {
                "architecture": "amd64",
                "features": "",
                "variant": null,
                "digest": "sha256:539e6dc8abf78914cec878639abfc79a8717ed3eff62d1013a8058921a9d5ff8",
                "os": "linux",
                "os_features": "",
                "os_version": null,
                "size": 5016200,
                "status": "active",
                "last_pulled": "2024-01-16T10:15:07.135886Z",
                "last_pushed": "2023-06-08T13:17:59.70932Z"
            },
            {
                "architecture": "arm64",
                "features": "",
                "variant": null,
                "digest": "sha256:37d017b30a442fa0c79cc69c2d600c5f2a4e8b9d948d81baadcceac3c26ec92a",
                "os": "linux",
                "os_features": "",
                "os_version": null,
                "size": 4596450,
                "status": "inactive",
                "last_pulled": "2023-08-27T06:31:18.052222Z",
                "last_pushed": "2023-06-08T13:17:59.833224Z"
            }
        ],
        "last_updated": "2023-06-08T13:18:00.196916Z",
        "last_updater": 2476636,
        "last_updater_username": "circlecisre",
        "name": "2.0.1190-f698c76",
        "repository": 9135704,
        "full_size": 5016200,
        "v2": true,
        "tag_status": "active",
        "tag_last_pulled": "2024-01-16T10:15:07.135886Z",
        "tag_last_pushed": "2023-06-08T13:18:00.196916Z",
        "media_type": "application/vnd.docker.distribution.manifest.list.v2+json",
        "content_type": "image",
        "digest": "sha256:439f9be316d6d07f7a7ac742f17adfe1a8386afeae01208542836ebc243f032c"
    },
    {
        "creator": 2476636,
        "id": 465327349,
        "images": [
            {
                "architecture": "amd64",
                "features": "",
                "variant": null,
                "digest": "sha256:bab72da99a910f670aa913b683a56ef1ae802680f88c3316ee4f030f2552cf9e",
                "os": "linux",
                "os_features": "",
                "os_version": null,
                "size": 5125731,
                "status": "active",
                "last_pulled": "2024-01-16T10:15:07.122644Z",
                "last_pushed": "2023-06-28T16:29:26.175216Z"
            },
            {
                "architecture": "arm64",
                "features": "",
                "variant": null,
                "digest": "sha256:91ac290f8e4444bacf504d8b2fc0a26d11dc5034b8a982e26a8650680a170220",
                "os": "linux",
                "os_features": "",
                "os_version": null,
                "size": 4704890,
                "status": "inactive",
                "last_pulled": "2023-12-05T15:03:20.402452Z",
                "last_pushed": "2023-06-28T16:29:25.934706Z"
            }
        ],
        "last_updated": "2023-06-28T16:29:26.483488Z",
        "last_updater": 2476636,
        "last_updater_username": "circlecisre",
        "name": "2.0.1204-19f284b",
        "repository": 9135704,
        "full_size": 5125731,
        "v2": true,
        "tag_status": "active",
        "tag_last_pulled": "2024-01-16T10:15:07.122644Z",
        "tag_last_pushed": "2023-06-28T16:29:26.483488Z",
        "media_type": "application/vnd.docker.distribution.manifest.list.v2+json",
        "content_type": "image",
        "digest": "sha256:7810c530b9225bde506c24e341c78bcd31a490419410ec6791f9a8ae1ffc69dc"
    },
    {
        "creator": 2476636,
        "id": 370754537,
        "images": [
            {
                "architecture": "amd64",
                "features": "",
                "variant": null,
                "digest": "sha256:b60fbd64572ccbde8c2ecd9095165072c7dde7200cabcbd8dd43cf7ad7afdeec",
                "os": "linux",
                "os_features": "",
                "os_version": null,
                "size": 5017544,
                "status": "active",
                "last_pulled": "2024-01-16T10:15:06.996292Z",
                "last_pushed": "2023-01-19T17:47:00.050901Z"
            }
        ],
        "last_updated": "2023-01-19T17:46:59.844746Z",
        "last_updater": 2476636,
        "last_updater_username": "circlecisre",
        "name": "2.0.945-12362c9",
        "repository": 9135704,
        "full_size": 5017544,
        "v2": true,
        "tag_status": "active",
        "tag_last_pulled": "2024-01-16T10:15:06.996292Z",
        "tag_last_pushed": "2023-01-19T17:46:59.844746Z",
        "media_type": "application/vnd.docker.container.image.v1+json",
        "content_type": "image",
        "digest": "sha256:b60fbd64572ccbde8c2ecd9095165072c7dde7200cabcbd8dd43cf7ad7afdeec"
    },
    {
        "creator": 2476636,
        "id": 380218886,
        "images": [
            {
                "architecture": "amd64",
                "features": "",
                "variant": null,
                "digest": "sha256:50417c08fdd9a5c8dd4ab78e7018d470d3d49967a12dfaa1890b2446e57c8a54",
                "os": "linux",
                "os_features": "",
                "os_version": null,
                "size": 5017541,
                "status": "active",
                "last_pulled": "2024-01-16T10:15:06.98986Z",
                "last_pushed": "2023-02-03T21:59:25.308384Z"
            }
        ],
        "last_updated": "2023-02-03T21:59:25.153372Z",
        "last_updater": 2476636,
        "last_updater_username": "circlecisre",
        "name": "2.0.959-c4ea164",
        "repository": 9135704,
        "full_size": 5017541,
        "v2": true,
        "tag_status": "active",
        "tag_last_pulled": "2024-01-16T10:15:06.98986Z",
        "tag_last_pushed": "2023-02-03T21:59:25.153372Z",
        "media_type": "application/vnd.docker.container.image.v1+json",
        "content_type": "image",
        "digest": "sha256:50417c08fdd9a5c8dd4ab78e7018d470d3d49967a12dfaa1890b2446e57c8a54"
    },
    {
        "creator": 2476636,
        "id": 383950640,
        "images": [
            {
                "architecture": "amd64",
                "features": "",
                "variant": null,
                "digest": "sha256:63c8bf67220a8d29f10c542c84692021e8224a9e6ad0f897602dd039970e6fb3",
                "os": "linux",
                "os_features": "",
                "os_version": null,
                "size": 5017540,
                "status": "active",
                "last_pulled": "2024-01-16T10:15:07.008606Z",
                "last_pushed": "2023-02-09T09:30:15.7313Z"
            }
        ],
        "last_updated": "2023-02-09T09:30:15.523357Z",
        "last_updater": 2476636,
        "last_updater_username": "circlecisre",
        "name": "2.0.969-6f90edf",
        "repository": 9135704,
        "full_size": 5017540,
        "v2": true,
        "tag_status": "active",
        "tag_last_pulled": "2024-01-16T10:15:07.008606Z",
        "tag_last_pushed": "2023-02-09T09:30:15.523357Z",
        "media_type": "application/vnd.docker.container.image.v1+json",
        "content_type": "image",
        "digest": "sha256:63c8bf67220a8d29f10c542c84692021e8224a9e6ad0f897602dd039970e6fb3"
    },
    {
        "creator": 2476636,
        "id": 383963336,
        "images": [
            {
                "architecture": "amd64",
                "features": "",
                "variant": null,
                "digest": "sha256:433651b85acf553231740bba387a77ee38898a3e23583f2297f68a1d8039e50b",
                "os": "linux",
                "os_features": "",
                "os_version": null,
                "size": 5018092,
                "status": "active",
                "last_pulled": "2024-01-16T10:15:06.980829Z",
                "last_pushed": "2023-02-09T09:51:35.872992Z"
            }
        ],
        "last_updated": "2023-02-09T09:51:35.695643Z",
        "last_updater": 2476636,
        "last_updater_username": "circlecisre",
        "name": "2.0.972-369b3ed",
        "repository": 9135704,
        "full_size": 5018092,
        "v2": true,
        "tag_status": "active",
        "tag_last_pulled": "2024-01-16T10:15:06.980829Z",
        "tag_last_pushed": "2023-02-09T09:51:35.695643Z",
        "media_type": "application/vnd.docker.container.image.v1+json",
        "content_type": "image",
        "digest": "sha256:433651b85acf553231740bba387a77ee38898a3e23583f2297f68a1d8039e50b"
    },
    {
        "creator": 2476636,
        "id": 392174076,
        "images": [
            {
                "architecture": "amd64",
                "features": "",
                "variant": null,
                "digest": "sha256:658fb0732d3dbc243ffcb5c4919f157e7be339b9469a6a7cc26c80fdc985b0b3",
                "os": "linux",
                "os_features": "",
                "os_version": null,
                "size": 5041420,
                "status": "active",
                "last_pulled": "2024-01-16T10:15:07.040936Z",
                "last_pushed": "2023-02-22T14:45:49.362314Z"
            }
        ],
        "last_updated": "2023-02-22T14:45:49.187653Z",
        "last_updater": 2476636,
        "last_updater_username": "circlecisre",
        "name": "2.0.993-fb6d467",
        "repository": 9135704,
        "full_size": 5041420,
        "v2": true,
        "tag_status": "active",
        "tag_last_pulled": "2024-01-16T10:15:07.040936Z",
        "tag_last_pushed": "2023-02-22T14:45:49.187653Z",
        "media_type": "application/vnd.docker.container.image.v1+json",
        "content_type": "image",
        "digest": "sha256:658fb0732d3dbc243ffcb5c4919f157e7be339b9469a6a7cc26c80fdc985b0b3"
    }
]