[
    {
        "creator": 11323676,
        "id": 364861432,
        "images": [
            {
                "architecture": "amd64",
                "features": "",
                "variant": null,
                "digest": "sha256:cc2a481bdba1e210760d10795616eabcc93660aa45fbb712203d0b38b1a0e37f",
                "os": "linux",
                "os_features": "",
                "os_version": null,
                "size": 847592652,
                "status": "active",
                "last_pulled": "2024-01-19T23:55:00.956985Z",
                "last_pushed": "2023-01-10T13:11:21.074862Z"
            }
        ],
        "last_updated": "2023-01-10T12:13:01.838528Z",
        "last_updater": 11323676,
        "last_updater_username": "etiennelefebvre",
        "name": "1.31.1",
        "repository": 7525603,
        "full_size": 847592652,
        "v2": true,
        "tag_status": "active",
        "tag_last_pulled": "2024-01-19T23:55:00.956985Z",
        "tag_last_pushed": "2023-01-10T12:13:01.838528Z",
        "media_type": "application/vnd.docker.container.image.v1+json",
        "content_type": "image",
        "digest": "sha256:cc2a481bdba1e210760d10795616eabcc93660aa45fbb712203d0b38b1a0e37f"
    },
    {
        "creator": 11323676,
        "id": 362605783,
        "images": [
            {
                "architecture": "amd64",
                "features": "",
                "variant": null,
                "digest": "sha256:4757fbbea03cd63765885cc284db792339eb8b8fd866e566ce8d5cbc080f0c99",
                "os": "linux",
                "os_features": "",
                "os_version": null,
                "size": 847508431,
                "status": "active",
                "last_pulled": "2024-01-18T16:54:59.911009Z",
                "last_pushed": "2023-01-06T13:30:42.623165Z"
            }
        ],
        "last_updated": "2023-01-06T13:30:42.718036Z",
        "last_updater": 11323676,
        "last_updater_username": "etiennelefebvre",
        "name": "1.31.1-rc.1",
        "repository": 7525603,
        "full_size": 847508431,
        "v2": true,
        "tag_status": "active",
        "tag_last_pulled": "2024-01-18T16:54:59.911009Z",
        "tag_last_pushed": "2023-01-06T13:30:42.718036Z",
        "media_type": "application/vnd.docker.container.image.v1+json",
        "content_type": "image",
        "digest": "sha256:4757fbbea03cd63765885cc284db792339eb8b8fd866e566ce8d5cbc080f0c99"
    },
    {
        "creator": 11323676,
        "id": 364229891,
        "images": [
            {
                "architecture": "amd64",
                "features": "",
                "variant": null,
                "digest": "sha256:cc2a481bdba1e210760d10795616eabcc93660aa45fbb712203d0b38b1a0e37f",
                "os": "linux",
                "os_features": "",
                "os_version": null,
                "size": 847592652,
                "status": "active",
                "last_pulled": "2024-01-19T23:55:00.956985Z",
                "last_pushed": "2023-01-10T13:11:21.074862Z"
            }
        ],
        "last_updated": "2023-01-09T15:27:40.830378Z",
        "last_updater": 11323676,
        "last_updater_username": "etiennelefebvre",
        "name": "1.31.1-rc.2",
        "repository": 7525603,
        "full_size": 847592652,
        "v2": true,
        "tag_status": "active",
        "tag_last_pulled": "2024-01-19T23:55:00.956985Z",
        "tag_last_pushed": "2023-01-09T15:27:40.830378Z",
        "media_type": "application/vnd.docker.container.image.v1+json",
        "content_type": "image",
        "digest": "sha256:cc2a481bdba1e210760d10795616eabcc93660aa45fbb712203d0b38b1a0e37f"
    },
    {
        "creator": 17301642,
        "id": 371310835,
        "images": [
            {
                "architecture": "amd64",
                "features": "",
                "variant": null,
                "digest": "sha256:95cea9c5ac02a2246b0da6b71209b9dd2cc0b9c58b365cc7636e4d6063ad36ca",
                "os": "linux",
                "os_features": "",
                "os_version": null,
                "size": 872646462,
                "status": "active",
                "last_pulled": "2024-01-19T23:01:44.367914Z",
                "last_pushed": "2023-01-30T10:54:56.001237Z"
            }
        ],
        "last_updated": "2023-01-20T13:12:08.773014Z",
        "last_updater": 17301642,
        "last_updater_username": "ruizbdd",
        "name": "1.32.0",
        "repository": 7525603,
        "full_size": 872646462,
        "v2": true,
        "tag_status": "active",
        "tag_last_pulled": "2024-01-19T23:01:44.367914Z",
        "tag_last_pushed": "2023-01-20T13:12:08.773014Z",
        "media_type": "application/vnd.docker.container.image.v1+json",
        "content_type": "image",
        "digest": "sha256:95cea9c5ac02a2246b0da6b71209b9dd2cc0b9c58b365cc7636e4d6063ad36ca"
    },
    {
        "creator": 17301642,
        "id": 369269444,
        "images": [
            {
                "architecture": "amd64",
                "features": "",
                "variant": null,
                "digest": "sha256:95cea9c5ac02a2246b0da6b71209b9dd2cc0b9c58b365cc7636e4d6063ad36ca",
                "os": "linux",
                "os_features": "",
                "os_version": null,
                "size": 872646462,
                "status": "active",
                "last_pulled": "2024-01-19T23:01:44.367914Z",
                "last_pushed": "2023-01-30T10:54:56.001237Z"
            }
        ],
        "last_updated": "2023-01-17T17:12:47.894027Z",
        "last_updater": 17301642,
        "last_updater_username": "ruizbdd",
        "name": "1.32.0-rc.1",
        "repository": 7525603,
        "full_size": 872646462,
        "v2": true,
        "tag_status": "active",
        "tag_last_pulled": "2024-01-19T23:01:44.367914Z",
        "tag_last_pushed": "2023-01-17T17:12:47.894027Z",
        "media_type": "application/vnd.docker.container.image.v1+json",
        "content_type": "image",
        "digest": "sha256:95cea9c5ac02a2246b0da6b71209b9dd2cc0b9c58b365cc7636e4d6063ad36ca"
    },
    {
        "creator": 20863255,
        "id": 386450295,
        "images": [
            {
                "architecture": "amd64",
                "features": "",
                "variant": null,
                "digest": "sha256:e4d19e02e7c6501cdd894073c665fa58e568ecb62a6b83fba57c45ef198cb9be",
                "os": "linux",
                "os_features": "",
                "os_version": null,
                "size": 898352180,
                "status": "active",
                "last_pulled": "2024-01-19T23:01:40.86766Z",
                "last_pushed": "2023-02-13T16:09:04.080768Z"
            }
        ],
        "last_updated": "2023-02-13T16:07:37.345276Z",
        "last_updater": 20863255,
        "last_updater_username": "corentingirard089",
        "name": "1.33.0",
        "repository": 7525603,
        "full_size": 898352180,
        "v2": true,
        "tag_status": "active",
        "tag_last_pulled": "2024-01-19T23:01:40.86766Z",
        "tag_last_pushed": "2023-02-13T16:07:37.345276Z",
        "media_type": "application/vnd.docker.container.image.v1+json",
        "content_type": "image",
        "digest": "sha256:e4d19e02e7c6501cdd894073c665fa58e568ecb62a6b83fba57c45ef198cb9be"
    },
    {
        "creator": 20863255,
        "id": 384049995,
        "images": [
            {
                "architecture": "amd64",
                "features": "",
                "variant": null,
                "digest": "sha256:e4d19e02e7c6501cdd894073c665fa58e568ecb62a6b83fba57c45ef198cb9be",
                "os": "linux",
                "os_features": "",
                "os_version": null,
                "size": 898352180,
                "status": "active",
                "last_pulled": "2024-01-19T23:01:40.86766Z",
                "last_pushed": "2023-02-13T16:09:04.080768Z"
            }
        ],
        "last_updated": "2023-02-09T12:38:04.772434Z",
        "last_updater": 20863255,
        "last_updater_username": "corentingirard089",
        "name": "1.33.0-rc.1",
        "repository": 7525603,
        "full_size": 898352180,
        "v2": true,
        "tag_status": "active",
        "tag_last_pulled": "2024-01-19T23:01:40.86766Z",
        "tag_last_pushed": "2023-02-09T12:38:04.772434Z",
        "media_type": "application/vnd.docker.container.image.v1+json",
        "content_type": "image",
        "digest": "sha256:e4d19e02e7c6501cdd894073c665fa58e568ecb62a6b83fba57c45ef198cb9be"
    },
    {
        "creator": 21398703,
        "id": 420200433,
        "images": [
            {
                "architecture": "amd64",
                "features": "",
                "variant": null,
                "digest": "sha256:5a5324226d84a1bae01b79c36b76f106d13239f5a3d3ec4bff6eeb9d319eeb5a",
                "os": "linux",
                "os_features": "",
                "os_version": null,
                "size": 905334358,
                "status": "active",
                "last_pulled": "2024-01-19T23:02:12.094178Z",
                "last_pushed": "2023-04-11T09:02:03.117252Z"
            }
        ],
        "last_updated": "2023-04-11T08:53:44.996978Z",
        "last_updater": 21398703,
        "last_updater_username": "noortsdd",
        "name": "1.34.0",
        "repository": 7525603,
        "full_size": 905334358,
        "v2": true,
        "tag_status": "active",
        "tag_last_pulled": "2024-01-19T23:02:12.094178Z",
        "tag_last_pushed": "2023-04-11T08:53:44.996978Z",
        "media_type": "application/vnd.docker.container.image.v1+json",
        "content_type": "image",
        "digest": "sha256:5a5324226d84a1bae01b79c36b76f106d13239f5a3d3ec4bff6eeb9d319eeb5a"
    },
    {
        "creator": 21398703,
        "id": 413987073,
        "images": [
            {
                "architecture": "amd64",
                "features": "",
                "variant": null,
                "digest": "sha256:f8a38ef066f1f2f8169d0fa91eab4ee1fe37a638a23e5921b3935113e76afc7e",
                "os": "linux",
                "os_features": "",
                "os_version": null,
                "size": 902919696,
                "status": "active",
                "last_pulled": "2024-01-18T16:55:00.624691Z",
                "last_pushed": "2023-03-31T11:37:00.361508Z"
            }
        ],
        "last_updated": "2023-03-31T11:37:00.457248Z",
        "last_updater": 21398703,
        "last_updater_username": "noortsdd",
        "name": "1.34.0-rc.1",
        "repository": 7525603,
        "full_size": 902919696,
        "v2": true,
        "tag_status": "active",
        "tag_last_pulled": "2024-01-18T16:55:00.624691Z",
        "tag_last_pushed": "2023-03-31T11:37:00.457248Z",
        "media_type": "application/vnd.docker.container.image.v1+json",
        "content_type": "image",
        "digest": "sha256:f8a38ef066f1f2f8169d0fa91eab4ee1fe37a638a23e5921b3935113e76afc7e"
    },
    {
        "creator": 21398703,
        "id": 418078472,
        "images": [
            {
                "architecture": "amd64",
                "features": "",
                "variant": null,
                "digest": "sha256:1355638a16295217ea5808c8bb5740958dcb1a1a5ffa0a5d3f453ecb9f4f077e",
                "os": "linux",
                "os_features": "",
                "os_version": null,
                "size": 905334883,
                "status": "active",
                "last_pulled": "2024-01-18T16:55:00.744653Z",
                "last_pushed": "2023-04-06T10:36:42.155561Z"
            }
        ],
        "last_updated": "2023-04-06T10:36:42.269243Z",
        "last_updater": 21398703,
        "last_updater_username": "noortsdd",
        "name": "1.34.0-rc.2",
        "repository": 7525603,
        "full_size": 905334883,
        "v2": true,
        "tag_status": "active",
        "tag_last_pulled": "2024-01-18T16:55:00.744653Z",
        "tag_last_pushed": "2023-04-06T10:36:42.269243Z",
        "media_type": "application/vnd.docker.container.image.v1+json",
        "content_type": "image",
        "digest": "sha256:1355638a16295217ea5808c8bb5740958dcb1a1a5ffa0a5d3f453ecb9f4f077e"
    },
    {
        "creator": 11323676,
        "id": 418190887,
        "images": [
            {
                "architecture": "amd64",
                "features": "",
                "variant": null,
                "digest": "sha256:5a5324226d84a1bae01b79c36b76f106d13239f5a3d3ec4bff6eeb9d319eeb5a",
                "os": "linux",
                "os_features": "",
                "os_version": null,
                "size": 905334358,
                "status": "active",
                "last_pulled": "2024-01-19T23:02:12.094178Z",
                "last_pushed": "2023-04-11T09:02:03.117252Z"
            }
        ],
        "last_updated": "2023-04-06T14:17:13.415321Z",
        "last_updater": 11323676,
        "last_updater_username": "etiennelefebvre",
        "name": "1.34.0-rc.3",
        "repository": 7525603,
        "full_size": 905334358,
        "v2": true,
        "tag_status": "active",
        "tag_last_pulled": "2024-01-19T23:02:12.094178Z",
        "tag_last_pushed": "2023-04-06T14:17:13.415321Z",
        "media_type": "application/vnd.docker.container.image.v1+json",
        "content_type": "image",
        "digest": "sha256:5a5324226d84a1bae01b79c36b76f106d13239f5a3d3ec4bff6eeb9d319eeb5a"
    },
    {
        "creator": 17301642,
        "id": 422263854,
        "images": [
            {
                "architecture": "amd64",
                "features": "",
                "variant": null,
                "digest": "sha256:a48f4f96618979246db8ea96c5ee9d1ff9bae5256a3d20b877ef70c878bf6556",
                "os": "linux",
                "os_features": "",
                "os_version": null,
                "size": 905337684,
                "status": "active",
                "last_pulled": "2024-01-19T23:01:36.187319Z",
                "last_pushed": "2023-04-14T09:28:35.60714Z"
            }
        ],
        "last_updated": "2023-04-14T09:24:23.44695Z",
        "last_updater": 17301642,
        "last_updater_username": "ruizbdd",
        "name": "1.34.1",
        "repository": 7525603,
        "full_size": 905337684,
        "v2": true,
        "tag_status": "active",
        "tag_last_pulled": "2024-01-19T23:01:36.187319Z",
        "tag_last_pushed": "2023-04-14T09:24:23.44695Z",
        "media_type": "application/vnd.docker.container.image.v1+json",
        "content_type": "image",
        "digest": "sha256:a48f4f96618979246db8ea96c5ee9d1ff9bae5256a3d20b877ef70c878bf6556"
    },
    {
        "creator": 17301642,
        "id": 421843003,
        "images": [
            {
                "architecture": "amd64",
                "features": "",
                "variant": null,
                "digest": "sha256:a48f4f96618979246db8ea96c5ee9d1ff9bae5256a3d20b877ef70c878bf6556",
                "os": "linux",
                "os_features": "",
                "os_version": null,
                "size": 905337684,
                "status": "active",
                "last_pulled": "2024-01-19T23:01:36.187319Z",
                "last_pushed": "2023-04-14T09:28:35.60714Z"
            }
        ],
        "last_updated": "2023-04-13T16:11:03.935935Z",
        "last_updater": 17301642,
        "last_updater_username": "ruizbdd",
        "name": "1.34.1-rc.1",
        "repository": 7525603,
        "full_size": 905337684,
        "v2": true,
        "tag_status": "active",
        "tag_last_pulled": "2024-01-19T23:01:36.187319Z",
        "tag_last_pushed": "2023-04-13T16:11:03.935935Z",
        "media_type": "application/vnd.docker.container.image.v1+json",
        "content_type": "image",
        "digest": "sha256:a48f4f96618979246db8ea96c5ee9d1ff9bae5256a3d20b877ef70c878bf6556"
    },
    {
        "creator": 17301642,
        "id": 434030221,
        "images": [
            {
                "architecture": "amd64",
                "features": "",
                "variant": null,
                "digest": "sha256:cee05e265d9fb78049b028feb8770bebac8775a4c5921447d269450bc614bf15",
                "os": "linux",
                "os_features": "",
                "os_version": null,
                "size": 915492640,
                "status": "active",
                "last_pulled": "2024-01-19T23:02:09.064455Z",
                "last_pushed": "2023-05-05T09:51:25.004198Z"
            }
        ],
        "last_updated": "2023-05-05T09:13:45.609023Z",
        "last_updater": 17301642,
        "last_updater_username": "ruizbdd",
        "name": "1.35.0",
        "repository": 7525603,
        "full_size": 915492640,
        "v2": true,
        "tag_status": "active",
        "tag_last_pulled": "2024-01-19T23:02:09.064455Z",
        "tag_last_pushed": "2023-05-05T09:13:45.609023Z",
        "media_type": "application/vnd.docker.container.image.v1+json",
        "content_type": "image",
        "digest": "sha256:cee05e265d9fb78049b028feb8770bebac8775a4c5921447d269450bc614bf15"
    },
    {
        "creator": 17301642,
        "id": 433328159,
        "images": [
            {
                "architecture": "amd64",
                "features": "",
                "variant": null,
                "digest": "sha256:b2e5e2ba38367eccf7a5a860588f7567eaa57aa61c675fc159cc22ba4da76c9a",
                "os": "linux",
                "os_features": "",
                "os_version": null,
                "size": 914272000,
                "status": "active",
                "last_pulled": "2024-01-18T16:55:05.360013Z",
                "last_pushed": "2023-05-04T13:27:46.729259Z"
            }
        ],
        "last_updated": "2023-05-04T13:27:46.830308Z",
        "last_updater": 17301642,
        "last_updater_username": "ruizbdd",
        "name": "1.35.0-rc.1",
        "repository": 7525603,
        "full_size": 914272000,
        "v2": true,
        "tag_status": "active",
        "tag_last_pulled": "2024-01-18T16:55:05.360013Z",
        "tag_last_pushed": "2023-05-04T13:27:46.830308Z",
        "media_type": "application/vnd.docker.container.image.v1+json",
        "content_type": "image",
        "digest": "sha256:b2e5e2ba38367eccf7a5a860588f7567eaa57aa61c675fc159cc22ba4da76c9a"
    },
    {
        "creator": 17301642,
        "id": 433989269,
        "images": [
            {
                "architecture": "amd64",
                "features": "",
                "variant": null,
                "digest": "sha256:cee05e265d9fb78049b028feb8770bebac8775a4c5921447d269450bc614bf15",
                "os": "linux",
                "os_features": "",
                "os_version": null,
                "size": 915492640,
                "status": "active",
                "last_pulled": "2024-01-19T23:02:09.064455Z",
                "last_pushed": "2023-05-05T09:51:25.004198Z"
            }
        ],
        "last_updated": "2023-05-05T07:53:12.614407Z",
        "last_updater": 17301642,
        "last_updater_username": "ruizbdd",
        "name": "1.35.0-rc.2",
        "repository": 7525603,
        "full_size": 915492640,
        "v2": true,
        "tag_status": "active",
        "tag_last_pulled": "2024-01-19T23:02:09.064455Z",
        "tag_last_pushed": "2023-05-05T07:53:12.614407Z",
        "media_type": "application/vnd.docker.container.image.v1+json",
        "content_type": "image",
        "digest": "sha256:cee05e265d9fb78049b028feb8770bebac8775a4c5921447d269450bc614bf15"
    },
    {
        "creator": 17301642,
        "id": 447669907,
        "images": [
            {
                "architecture": "amd64",
                "features": "",
                "variant": null,
                "digest": "sha256:943b8f5d67d933519d0fe68c7765e42b0e2cc867cb7432a824ba721ecb43ae4b",
                "os": "linux",
                "os_features": "",
                "os_version": null,
                "size": 913765762,
                "status": "active",
                "last_pulled": "2024-01-19T23:55:03.264486Z",
                "last_pushed": "2023-11-21T17:33:02.839888Z"
            }
        ],
        "last_updated": "2023-05-30T08:31:35.816778Z",
        "last_updater": 17301642,
        "last_updater_username": "ruizbdd",
        "name": "1.36.0",
        "repository": 7525603,
        "full_size": 913765762,
        "v2": true,
        "tag_status": "active",
        "tag_last_pulled": "2024-01-19T23:55:03.264486Z",
        "tag_last_pushed": "2023-05-30T08:31:35.816778Z",
        "media_type": "application/vnd.docker.container.image.v1+json",
        "content_type": "image",
        "digest": "sha256:943b8f5d67d933519d0fe68c7765e42b0e2cc867cb7432a824ba721ecb43ae4b"
    },
    {
        "creator": 11323676,
        "id": 446075079,
        "images": [
            {
                "architecture": "amd64",
                "features": "",
                "variant": null,
                "digest": "sha256:943b8f5d67d933519d0fe68c7765e42b0e2cc867cb7432a824ba721ecb43ae4b",
                "os": "linux",
                "os_features": "",
                "os_version": null,
                "size": 913765762,
                "status": "active",
                "last_pulled": "2024-01-19T23:55:03.264486Z",
                "last_pushed": "2023-11-21T17:33:02.839888Z"
            }
        ],
        "last_updated": "2023-05-26T08:52:52.464572Z",
        "last_updater": 11323676,
        "last_updater_username": "etiennelefebvre",
        "name": "1.36.0-rc.1",
        "repository": 7525603,
        "full_size": 913765762,
        "v2": true,
        "tag_status": "active",
        "tag_last_pulled": "2024-01-19T23:55:03.264486Z",
        "tag_last_pushed": "2023-05-26T08:52:52.464572Z",
        "media_type": "application/vnd.docker.container.image.v1+json",
        "content_type": "image",
        "digest": "sha256:943b8f5d67d933519d0fe68c7765e42b0e2cc867cb7432a824ba721ecb43ae4b"
    }
]