[
    {
        "creator": 1022548,
        "id": 361213409,
        "images": [
            {
                "architecture": "amd64",
                "features": "",
                "variant": null,
                "digest": "sha256:48dbb8ae5b0d0fa63424e2eedffd92751ed8d0f2640db4e1dcaa7efc0771dc41",
                "os": "linux",
                "os_features": "",
                "os_version": null,
                "size": 29978321,
                "status": "active",
                "last_pulled": "2024-01-20T08:47:42.271053Z",
                "last_pushed": "2023-01-10T15:44:13.564674Z"
            }
        ],
        "last_updated": "2023-01-10T15:44:08.514111Z",
        "last_updater": 1022548,
        "last_updater_username": "hashicorpterraform",
        "name": "1.3.7",
        "repository": 646700,
        "full_size": 29978321,
        "v2": true,
        "tag_status": "active",
        "tag_last_pulled": "2024-01-20T08:47:42.271053Z",
        "tag_last_pushed": "2023-01-10T15:44:08.514111Z",
        "media_type": "application/vnd.docker.container.image.v1+json",
        "content_type": "image",
        "digest": "sha256:48dbb8ae5b0d0fa63424e2eedffd92751ed8d0f2640db4e1dcaa7efc0771dc41"
    },
    {
        "creator": 1022548,
        "id": 384383305,
        "images": [
            {
                "architecture": "amd64",
                "features": "",
                "variant": null,
                "digest": "sha256:e581888de7fc094f49186fad27d9e0f216bf1d0a5a12d13ff940b509adbf7f19",
                "os": "linux",
                "os_features": "",
                "os_version": null,
                "size": 29984184,
                "status": "active",
                "last_pulled": "2024-01-20T09:37:45.048598Z",
                "last_pushed": "2023-02-09T19:52:32.529182Z"
            }
        ],
        "last_updated": "2023-02-09T19:52:29.113783Z",
        "last_updater": 1022548,
        "last_updater_username": "hashicorpterraform",
        "name": "1.3.8",
        "repository": 646700,
        "full_size": 29984184,
        "v2": true,
        "tag_status": "active",
        "tag_last_pulled": "2024-01-20T09:37:45.048598Z",
        "tag_last_pushed": "2023-02-09T19:52:29.113783Z",
        "media_type": "application/vnd.docker.container.image.v1+json",
        "content_type": "image",
        "digest": "sha256:e581888de7fc094f49186fad27d9e0f216bf1d0a5a12d13ff940b509adbf7f19"
    },
    {
        "creator": 1022548,
        "id": 388108296,
        "images": [
            {
                "architecture": "amd64",
                "features": "",
                "variant": null,
                "digest": "sha256:cacd8e966b8190c0f68593c903e5904ef9f4bfaae860a2eac4d1ff7bfb6653a5",
                "os": "linux",
                "os_features": "",
                "os_version": null,
                "size": 29989927,
                "status": "active",
                "last_pulled": "2024-01-20T09:04:38.373583Z",
                "last_pushed": "2023-02-15T17:32:41.491311Z"
            }
        ],
        "last_updated": "2023-02-15T17:32:38.446011Z",
        "last_updater": 1022548,
        "last_updater_username": "hashicorpterraform",
        "name": "1.3.9",
        "repository": 646700,
        "full_size": 29989927,
        "v2": true,
        "tag_status": "active",
        "tag_last_pulled": "2024-01-20T09:04:38.373583Z",
        "tag_last_pushed": "2023-02-15T17:32:38.446011Z",
        "media_type": "application/vnd.docker.container.image.v1+json",
        "content_type": "image",
        "digest": "sha256:cacd8e966b8190c0f68593c903e5904ef9f4bfaae860a2eac4d1ff7bfb6653a5"
    },
    {
        "creator": 1022548,
        "id": 401126355,
        "images": [
            {
                "architecture": "amd64",
                "features": "",
                "variant": null,
                "digest": "sha256:9a5faac856d51836b1fbd865ade5067c3bdd653679d0aa93d356102faec5bfea",
                "os": "linux",
                "os_features": "",
                "os_version": null,
                "size": 30685079,
                "status": "active",
                "last_pulled": "2024-01-20T09:30:13.958606Z",
                "last_pushed": "2023-03-08T18:14:57.678099Z"
            }
        ],
        "last_updated": "2023-03-08T18:14:52.967772Z",
        "last_updater": 1022548,
        "last_updater_username": "hashicorpterraform",
        "name": "1.4.0",
        "repository": 646700,
        "full_size": 30685079,
        "v2": true,
        "tag_status": "active",
        "tag_last_pulled": "2024-01-20T09:30:13.958606Z",
        "tag_last_pushed": "2023-03-08T18:14:52.967772Z",
        "media_type": "application/vnd.docker.container.image.v1+json",
        "content_type": "image",
        "digest": "sha256:9a5faac856d51836b1fbd865ade5067c3bdd653679d0aa93d356102faec5bfea"
    },
    {
        "creator": 1022548,
        "id": 384355750,
        "images": [
            {
                "architecture": "amd64",
                "features": "",
                "variant": null,
                "digest": "sha256:ff07ac31b686385b4002ef8701b1458a8396269f16a212cd373de14a84e8e996",
                "os": "linux",
                "os_features": "",
                "os_version": null,
                "size": 30586010,
                "status": "active",
                "last_pulled": "2024-01-20T09:29:43.845922Z",
                "last_pushed": "2023-02-09T19:01:16.86775Z"
            }
        ],
        "last_updated": "2023-02-09T19:01:17.013368Z",
        "last_updater": 1022548,
        "last_updater_username": "hashicorpterraform",
        "name": "1.4.0-beta1",
        "repository": 646700,
        "full_size": 30586010,
        "v2": true,
        "tag_status": "active",
        "tag_last_pulled": "2024-01-20T09:29:43.845922Z",
        "tag_last_pushed": "2023-02-09T19:01:17.013368Z",
        "media_type": "application/vnd.docker.container.image.v1+json",
        "content_type": "image",
        "digest": "sha256:ff07ac31b686385b4002ef8701b1458a8396269f16a212cd373de14a84e8e996"
    },
    {
        "creator": 1022548,
        "id": 388023011,
        "images": [
            {
                "architecture": "amd64",
                "features": "",
                "variant": null,
                "digest": "sha256:bf24f6a73c7e3a1f36870ebc4ca4ac3808a4d86eb23a5a261a32db82050aba91",
                "os": "linux",
                "os_features": "",
                "os_version": null,
                "size": 30668575,
                "status": "active",
                "last_pulled": "2024-01-20T09:29:45.299663Z",
                "last_pushed": "2023-02-15T15:35:52.004125Z"
            }
        ],
        "last_updated": "2023-02-15T15:35:52.095196Z",
        "last_updater": 1022548,
        "last_updater_username": "hashicorpterraform",
        "name": "1.4.0-beta2",
        "repository": 646700,
        "full_size": 30668575,
        "v2": true,
        "tag_status": "active",
        "tag_last_pulled": "2024-01-20T09:29:45.299663Z",
        "tag_last_pushed": "2023-02-15T15:35:52.095196Z",
        "media_type": "application/vnd.docker.container.image.v1+json",
        "content_type": "image",
        "digest": "sha256:bf24f6a73c7e3a1f36870ebc4ca4ac3808a4d86eb23a5a261a32db82050aba91"
    },
    {
        "creator": 1022548,
        "id": 393750830,
        "images": [
            {
                "architecture": "amd64",
                "features": "",
                "variant": null,
                "digest": "sha256:cc4039076562748416b5a25a71c0695754dde66b85161bc57a400975d9a15d69",
                "os": "linux",
                "os_features": "",
                "os_version": null,
                "size": 30674283,
                "status": "active",
                "last_pulled": "2024-01-20T09:29:40.370674Z",
                "last_pushed": "2023-02-24T19:21:33.738847Z"
            }
        ],
        "last_updated": "2023-02-24T19:21:33.834653Z",
        "last_updater": 1022548,
        "last_updater_username": "hashicorpterraform",
        "name": "1.4.0-rc1",
        "repository": 646700,
        "full_size": 30674283,
        "v2": true,
        "tag_status": "active",
        "tag_last_pulled": "2024-01-20T09:29:40.370674Z",
        "tag_last_pushed": "2023-02-24T19:21:33.834653Z",
        "media_type": "application/vnd.docker.container.image.v1+json",
        "content_type": "image",
        "digest": "sha256:cc4039076562748416b5a25a71c0695754dde66b85161bc57a400975d9a15d69"
    },
    {
        "creator": 1022548,
        "id": 404816625,
        "images": [
            {
                "architecture": "amd64",
                "features": "",
                "variant": null,
                "digest": "sha256:9da6a7569a59c1ea4bc4b0f5ad137aec31af360f48b65ca0bf4e1ff1763a06ce",
                "os": "linux",
                "os_features": "",
                "os_version": null,
                "size": 30822268,
                "status": "active",
                "last_pulled": "2024-01-20T09:30:13.247746Z",
                "last_pushed": "2023-03-15T14:54:16.188612Z"
            }
        ],
        "last_updated": "2023-03-15T14:54:11.354491Z",
        "last_updater": 1022548,
        "last_updater_username": "hashicorpterraform",
        "name": "1.4.1",
        "repository": 646700,
        "full_size": 30822268,
        "v2": true,
        "tag_status": "active",
        "tag_last_pulled": "2024-01-20T09:30:13.247746Z",
        "tag_last_pushed": "2023-03-15T14:54:11.354491Z",
        "media_type": "application/vnd.docker.container.image.v1+json",
        "content_type": "image",
        "digest": "sha256:9da6a7569a59c1ea4bc4b0f5ad137aec31af360f48b65ca0bf4e1ff1763a06ce"
    },
    {
        "creator": 1022548,
        "id": 405507026,
        "images": [
            {
                "architecture": "amd64",
                "features": "",
                "variant": null,
                "digest": "sha256:2734886211a482abaff7efbbfd8bdb32295c9c35dda124092d46f39b69f47c42",
                "os": "linux",
                "os_features": "",
                "os_version": null,
                "size": 30776251,
                "status": "active",
                "last_pulled": "2024-01-20T09:13:23.862465Z",
                "last_pushed": "2023-03-30T17:48:33.363053Z"
            }
        ],
        "last_updated": "2023-03-16T13:44:06.783948Z",
        "last_updater": 1022548,
        "last_updater_username": "hashicorpterraform",
        "name": "1.4.2",
        "repository": 646700,
        "full_size": 30776251,
        "v2": true,
        "tag_status": "active",
        "tag_last_pulled": "2024-01-20T09:13:23.862465Z",
        "tag_last_pushed": "2023-03-16T13:44:06.783948Z",
        "media_type": "application/vnd.docker.container.image.v1+json",
        "content_type": "image",
        "digest": "sha256:2734886211a482abaff7efbbfd8bdb32295c9c35dda124092d46f39b69f47c42"
    },
    {
        "creator": 15167002,
        "id": 413469293,
        "images": [
            {
                "architecture": "arm64",
                "features": "",
                "variant": null,
                "digest": "sha256:9f461d2b4a4d9dbf95c56d1a2fcc815b2d7045de8db6a366a650de8901cf5c00",
                "os": "linux",
                "os_features": "",
                "os_version": null,
                "size": 28770969,
                "status": "active",
                "last_pulled": "2024-01-19T17:18:01.972839Z",
                "last_pushed": "2023-03-30T16:16:00.086389Z"
            },
            {
                "architecture": "arm",
                "features": "",
                "variant": "v6",
                "digest": "sha256:b5e02c4963f0fec76842d4a7db19f695e1fe0d6f52c2baa25d8a634f2fe18bfa",
                "os": "linux",
                "os_features": "",
                "os_version": null,
                "size": 29438045,
                "status": "active",
                "last_pulled": "2024-01-19T17:18:02.10491Z",
                "last_pushed": "2023-03-30T16:15:49.391011Z"
            },
            {
                "architecture": "386",
                "features": "",
                "variant": null,
                "digest": "sha256:37eefe297c1286e55c794e522e645ac03f1af7a5066eb112787556b0ea21d267",
                "os": "linux",
                "os_features": "",
                "os_version": null,
                "size": 30052304,
                "status": "active",
                "last_pulled": "2024-01-19T23:07:22.484899Z",
                "last_pushed": "2023-03-30T16:15:37.832277Z"
            },
            {
                "architecture": "amd64",
                "features": "",
                "variant": null,
                "digest": "sha256:46971f4d749ae0c0cc14a5da3c981282686e3e5a2113a6705f56994a6e638903",
                "os": "linux",
                "os_features": "",
                "os_version": null,
                "size": 30788627,
                "status": "active",
                "last_pulled": "2024-01-20T09:37:20.636889Z",
                "last_pushed": "2023-03-30T16:15:27.255518Z"
            }
        ],
        "last_updated": "2023-03-30T16:16:09.131037Z",
        "last_updater": 15167002,
        "last_updater_username": "hashicorpcrt",
        "name": "1.4.3",
        "repository": 646700,
        "full_size": 30052304,
        "v2": true,
        "tag_status": "active",
        "tag_last_pulled": "2024-01-20T09:37:20.636889Z",
        "tag_last_pushed": "2023-03-30T16:16:09.131037Z",
        "media_type": "application/vnd.docker.distribution.manifest.list.v2+json",
        "content_type": "image",
        "digest": "sha256:3f339b531c95cadbcfafbe0e1940683dbf5f36c7575522fc1eef44cd25375770"
    },
    {
        "creator": 15167002,
        "id": 413592364,
        "images": [
            {
                "architecture": "arm64",
                "features": "",
                "variant": null,
                "digest": "sha256:1bf0ebce9902090a53b6ae344eb0a0008a1b815e0abced77e97a94e911c5d9ab",
                "os": "linux",
                "os_features": "",
                "os_version": null,
                "size": 28770956,
                "status": "active",
                "last_pulled": "2024-01-19T17:18:02.402916Z",
                "last_pushed": "2023-03-30T19:55:09.741013Z"
            },
            {
                "architecture": "386",
                "features": "",
                "variant": null,
                "digest": "sha256:38c85aabb3ca0aff62db1d936a164f81183245de34b3e95518190e0c23be5db2",
                "os": "linux",
                "os_features": "",
                "os_version": null,
                "size": 30052271,
                "status": "active",
                "last_pulled": "2024-01-20T00:50:44.214719Z",
                "last_pushed": "2023-03-30T19:54:57.600975Z"
            },
            {
                "architecture": "amd64",
                "features": "",
                "variant": null,
                "digest": "sha256:8216dc29a1d2bde5b51bfda25335f00ec9faa36070fbd9cdccd8228a496b997e",
                "os": "linux",
                "os_features": "",
                "os_version": null,
                "size": 30776678,
                "status": "active",
                "last_pulled": "2024-01-20T09:29:36.155907Z",
                "last_pushed": "2023-03-30T19:54:35.483038Z"
            },
            {
                "architecture": "arm",
                "features": "",
                "variant": "v6",
                "digest": "sha256:a61bd0f032026bf25322047f54b39fa341318c38008cc7ac141aa148405ab458",
                "os": "linux",
                "os_features": "",
                "os_version": null,
                "size": 29438092,
                "status": "active",
                "last_pulled": "2024-01-20T03:48:29.618201Z",
                "last_pushed": "2023-03-30T19:54:46.750599Z"
            }
        ],
        "last_updated": "2023-03-30T19:55:17.065214Z",
        "last_updater": 15167002,
        "last_updater_username": "hashicorpcrt",
        "name": "1.4.4",
        "repository": 646700,
        "full_size": 28770956,
        "v2": true,
        "tag_status": "active",
        "tag_last_pulled": "2024-01-20T09:40:08.464372Z",
        "tag_last_pushed": "2023-03-30T19:55:17.065214Z",
        "media_type": "application/vnd.docker.distribution.manifest.list.v2+json",
        "content_type": "image",
        "digest": "sha256:ae02539998f078b7c0b635ada1e80473a0e9d2d9c41224197ed9a0549650c759"
    },
    {
        "creator": 15167002,
        "id": 421243186,
        "images": [
            {
                "architecture": "arm",
                "features": "",
                "variant": "v6",
                "digest": "sha256:1f64a3e43ed16ea1f98253813634168b2fff64c81704112f2fabda7835a226f7",
                "os": "linux",
                "os_features": "",
                "os_version": null,
                "size": 29438286,
                "status": "active",
                "last_pulled": "2024-01-19T17:18:02.812055Z",
                "last_pushed": "2023-04-12T18:24:21.731328Z"
            },
            {
                "architecture": "amd64",
                "features": "",
                "variant": null,
                "digest": "sha256:2a787682bbddc6add1627c25ea59f075e8351e3a2734ff49d7309a51322d1af0",
                "os": "linux",
                "os_features": "",
                "os_version": null,
                "size": 30775822,
                "status": "active",
                "last_pulled": "2024-01-20T09:37:20.740736Z",
                "last_pushed": "2023-04-12T18:24:32.728907Z"
            },
            {
                "architecture": "386",
                "features": "",
                "variant": null,
                "digest": "sha256:5ca7188b7566703fd96c6f84c27d8e7aa4fe1c690803157264b8569580a99712",
                "os": "linux",
                "os_features": "",
                "os_version": null,
                "size": 30051385,
                "status": "active",
                "last_pulled": "2024-01-20T04:16:31.995849Z",
                "last_pushed": "2023-04-12T18:24:43.09807Z"
            },
            {
                "architecture": "arm64",
                "features": "",
                "variant": null,
                "digest": "sha256:e0a72aba0361de21456ee673470d26df114498553a58738ea0a385667cab399e",
                "os": "linux",
                "os_features": "",
                "os_version": null,
                "size": 28769474,
                "status": "active",
                "last_pulled": "2024-01-19T17:18:02.914294Z",
                "last_pushed": "2023-04-12T18:24:11.04696Z"
            }
        ],
        "last_updated": "2023-04-12T18:24:50.2599Z",
        "last_updater": 15167002,
        "last_updater_username": "hashicorpcrt",
        "name": "1.4.5",
        "repository": 646700,
        "full_size": 29438286,
        "v2": true,
        "tag_status": "active",
        "tag_last_pulled": "2024-01-20T09:37:20.740736Z",
        "tag_last_pushed": "2023-04-12T18:24:50.2599Z",
        "media_type": "application/vnd.docker.distribution.manifest.list.v2+json",
        "content_type": "image",
        "digest": "sha256:60b868ece50a2282cfd05d1203e8a8291b3258dbab4c5323696e555c1d86a2fa"
    },
    {
        "creator": 15167002,
        "id": 428603623,
        "images": [
            {
                "architecture": "amd64",
                "features": "",
                "variant": null,
                "digest": "sha256:1dd96bd77801daa3880ab4943c5cb9d55ad5af51b803dcf6152b8bf8901a0a82",
                "os": "linux",
                "os_features": "",
                "os_version": null,
                "size": 30787070,
                "status": "active",
                "last_pulled": "2024-01-20T09:37:16.978191Z",
                "last_pushed": "2023-04-26T18:29:16.562254Z"
            },
            {
                "architecture": "arm",
                "features": "",
                "variant": "v6",
                "digest": "sha256:57de5c5c06b0e581dd84355203b5f2533b4e6e412350ff7f18e39757007636c8",
                "os": "linux",
                "os_features": "",
                "os_version": null,
                "size": 29459791,
                "status": "active",
                "last_pulled": "2024-01-19T16:24:12.57421Z",
                "last_pushed": "2023-04-26T18:29:26.145337Z"
            },
            {
                "architecture": "arm64",
                "features": "",
                "variant": null,
                "digest": "sha256:c1dcc506f6baeb29ffc10dbed9cf34000703512486dd80fc1f43df59cda43a34",
                "os": "linux",
                "os_features": "",
                "os_version": null,
                "size": 28786117,
                "status": "active",
                "last_pulled": "2024-01-19T20:22:22.105149Z",
                "last_pushed": "2023-04-26T18:29:44.951627Z"
            },
            {
                "architecture": "386",
                "features": "",
                "variant": null,
                "digest": "sha256:ee6fb39830bb3c29e0013b913059b96609474cbbc5c41cbfa1910cd173d48212",
                "os": "linux",
                "os_features": "",
                "os_version": null,
                "size": 30063045,
                "status": "active",
                "last_pulled": "2024-01-20T06:03:39.175139Z",
                "last_pushed": "2023-04-26T18:29:35.755241Z"
            }
        ],
        "last_updated": "2023-04-26T18:29:50.907466Z",
        "last_updater": 15167002,
        "last_updater_username": "hashicorpcrt",
        "name": "1.4.6",
        "repository": 646700,
        "full_size": 30787070,
        "v2": true,
        "tag_status": "active",
        "tag_last_pulled": "2024-01-20T09:37:16.978191Z",
        "tag_last_pushed": "2023-04-26T18:29:50.907466Z",
        "media_type": "application/vnd.docker.distribution.manifest.list.v2+json",
        "content_type": "image",
        "digest": "sha256:1ab70aa9b5dcc007d1d908c972405e2623490a51843a500682809013a4d21699"
    },
    {
        "creator": 15167002,
        "id": 455799949,
        "images": [
            {
                "architecture": "arm64",
                "features": "",
                "variant": null,
                "digest": "sha256:0707da485a406765d4e5bd7a065f4012f45ea9eec01964107f7dce57143bf338",
                "os": "linux",
                "os_features": "",
                "os_version": null,
                "size": 29846258,
                "status": "active",
                "last_pulled": "2024-01-19T19:37:52.323341Z",
                "last_pushed": "2023-06-12T10:19:02.098472Z"
            },
            {
                "architecture": "amd64",
                "features": "",
                "variant": null,
                "digest": "sha256:8d8e2ca99343a8717ccb6f3d07ebd73f198ec2191c20fe202749f6fe10ea2fe1",
                "os": "linux",
                "os_features": "",
                "os_version": null,
                "size": 31689277,
                "status": "active",
                "last_pulled": "2024-01-20T09:37:16.978078Z",
                "last_pushed": "2023-06-12T10:18:52.856848Z"
            },
            {
                "architecture": "arm",
                "features": "",
                "variant": "v6",
                "digest": "sha256:a30eb7eb20c57e52768f7ef3c8268394e7412ebbe3d29dde4c2df9be80c41b8b",
                "os": "linux",
                "os_features": "",
                "os_version": null,
                "size": 30387670,
                "status": "active",
                "last_pulled": "2024-01-19T17:18:05.923676Z",
                "last_pushed": "2023-06-12T10:18:43.388033Z"
            },
            {
                "architecture": "386",
                "features": "",
                "variant": null,
                "digest": "sha256:e92ea045da588a6001c444b974cf362690d9592ae89564316ec8554b49337871",
                "os": "linux",
                "os_features": "",
                "os_version": null,
                "size": 30245510,
                "status": "active",
                "last_pulled": "2024-01-19T20:55:58.127634Z",
                "last_pushed": "2023-06-12T10:19:10.819389Z"
            }
        ],
        "last_updated": "2023-06-12T10:19:16.83669Z",
        "last_updater": 15167002,
        "last_updater_username": "hashicorpcrt",
        "name": "1.5.0",
        "repository": 646700,
        "full_size": 29846258,
        "v2": true,
        "tag_status": "active",
        "tag_last_pulled": "2024-01-20T09:37:16.978078Z",
        "tag_last_pushed": "2023-06-12T10:19:16.83669Z",
        "media_type": "application/vnd.docker.distribution.manifest.list.v2+json",
        "content_type": "image",
        "digest": "sha256:9771ed388877ad208d596b895918b0ea068587e3f72a01ec0215cf972619df75"
    },
    {
        "creator": 15167002,
        "id": 417378590,
        "images": [
            {
                "architecture": "386",
                "features": "",
                "variant": null,
                "digest": "sha256:75db763f4e2d3e3c738bd3c6eae9f1ceb5a8fed51f81aed31c441cc535da8ab4",
                "os": "linux",
                "os_features": "",
                "os_version": null,
                "size": 30137692,
                "status": "active",
                "last_pulled": "2024-01-19T17:18:24.601645Z",
                "last_pushed": "2023-04-05T17:06:51.83409Z"
            },
            {
                "architecture": "amd64",
                "features": "",
                "variant": null,
                "digest": "sha256:df2ac8cadd0eca56a0c5d948a3ab56f01101f59536200a7b60a9f1af687b7869",
                "os": "linux",
                "os_features": "",
                "os_version": null,
                "size": 30914033,
                "status": "active",
                "last_pulled": "2024-01-20T09:37:20.688578Z",
                "last_pushed": "2023-04-05T17:07:02.463624Z"
            },
            {
                "architecture": "arm",
                "features": "",
                "variant": "v6",
                "digest": "sha256:f360f0276f912032d03c4e70a64d17aa30b088f31295ffc94f6fa45af3d32ce8",
                "os": "linux",
                "os_features": "",
                "os_version": null,
                "size": 29517857,
                "status": "active",
                "last_pulled": "2024-01-19T17:18:24.417922Z",
                "last_pushed": "2023-04-05T17:07:12.601464Z"
            },
            {
                "architecture": "arm64",
                "features": "",
                "variant": null,
                "digest": "sha256:f5720a8d68ca73ad98fdcdf02b47411ac486263fb9be69214e95fada97bb73c3",
                "os": "linux",
                "os_features": "",
                "os_version": null,
                "size": 28917460,
                "status": "active",
                "last_pulled": "2024-01-19T17:18:24.405263Z",
                "last_pushed": "2023-04-05T17:07:23.134463Z"
            }
        ],
        "last_updated": "2023-04-05T17:07:29.804964Z",
        "last_updater": 15167002,
        "last_updater_username": "hashicorpcrt",
        "name": "1.5.0-alpha20230405",
        "repository": 646700,
        "full_size": 30137692,
        "v2": true,
        "tag_status": "active",
        "tag_last_pulled": "2024-01-20T09:37:20.688578Z",
        "tag_last_pushed": "2023-04-05T17:07:29.804964Z",
        "media_type": "application/vnd.docker.distribution.manifest.list.v2+json",
        "content_type": "image",
        "digest": "sha256:1f11579826b9364f00b68454f06701e3acb722d34e9c7d9dcf2173eba54110c7"
    },
    {
        "creator": 15167002,
        "id": 433503724,
        "images": [
            {
                "architecture": "386",
                "features": "",
                "variant": null,
                "digest": "sha256:35466dbf9d427b3987fc6c5f58f569d65cef5176b8cb0b4bd885cf5de7b6db87",
                "os": "linux",
                "os_features": "",
                "os_version": null,
                "size": 30124898,
                "status": "active",
                "last_pulled": "2024-01-19T17:18:06.144043Z",
                "last_pushed": "2023-05-04T17:19:32.114441Z"
            },
            {
                "architecture": "arm",
                "features": "",
                "variant": "v6",
                "digest": "sha256:4ebc996e6d575786f062967b46b76969bc2d421f3624da106377f0ce9580983b",
                "os": "linux",
                "os_features": "",
                "os_version": null,
                "size": 29513826,
                "status": "active",
                "last_pulled": "2024-01-19T17:18:06.130897Z",
                "last_pushed": "2023-05-04T17:20:02.530678Z"
            },
            {
                "architecture": "amd64",
                "features": "",
                "variant": null,
                "digest": "sha256:920113944b4bd69f4d1e2bc4cd31d5b55918c19aa7eae57b4f24298f013638ef",
                "os": "linux",
                "os_features": "",
                "os_version": null,
                "size": 30903939,
                "status": "active",
                "last_pulled": "2024-01-20T09:37:17.725639Z",
                "last_pushed": "2023-05-04T17:19:51.950173Z"
            },
            {
                "architecture": "arm64",
                "features": "",
                "variant": null,
                "digest": "sha256:9c8fc52d8be2ab93a74fb6c778aecd5bc80d379f3cfa08a3d235b7949dc19205",
                "os": "linux",
                "os_features": "",
                "os_version": null,
                "size": 28910825,
                "status": "active",
                "last_pulled": "2024-01-19T17:18:06.599698Z",
                "last_pushed": "2023-05-04T17:19:41.386559Z"
            }
        ],
        "last_updated": "2023-05-04T17:20:09.137963Z",
        "last_updater": 15167002,
        "last_updater_username": "hashicorpcrt",
        "name": "1.5.0-alpha20230504",
        "repository": 646700,
        "full_size": 30124898,
        "v2": true,
        "tag_status": "active",
        "tag_last_pulled": "2024-01-20T09:37:17.725639Z",
        "tag_last_pushed": "2023-05-04T17:20:09.137963Z",
        "media_type": "application/vnd.docker.distribution.manifest.list.v2+json",
        "content_type": "image",
        "digest": "sha256:00c773e6e927424ee487fcf524fa485f415a2cfe52bbbf7257dd99fb76a5ffd8"
    },
    {
        "creator": 15167002,
        "id": 439433500,
        "images": [
            {
                "architecture": "amd64",
                "features": "",
                "variant": null,
                "digest": "sha256:852910bec954a1ab8d096848affece42132a31daae41a29586b73867b8f0e428",
                "os": "linux",
                "os_features": "",
                "os_version": null,
                "size": 31671288,
                "status": "active",
                "last_pulled": "2024-01-20T09:37:19.235575Z",
                "last_pushed": "2023-05-15T15:34:44.86194Z"
            },
            {
                "architecture": "arm64",
                "features": "",
                "variant": null,
                "digest": "sha256:926562c8fd3cbf151aa71e6d4e4204119d799b1a5282aaa09134dc8c2d8d185d",
                "os": "linux",
                "os_features": "",
                "os_version": null,
                "size": 29822202,
                "status": "active",
                "last_pulled": "2024-01-19T17:18:06.576204Z",
                "last_pushed": "2023-05-15T15:34:24.086598Z"
            },
            {
                "architecture": "386",
                "features": "",
                "variant": null,
                "digest": "sha256:050d6dd7410f27178f2e06234c7c6f99e443acc071082d474e93760abf017674",
                "os": "linux",
                "os_features": "",
                "os_version": null,
                "size": 30218628,
                "status": "active",
                "last_pulled": "2024-01-19T17:18:06.309427Z",
                "last_pushed": "2023-05-15T15:34:34.399493Z"
            },
            {
                "architecture": "arm",
                "features": "",
                "variant": "v6",
                "digest": "sha256:1dbd7ebeb4ac9b324959e466b6453793d5cbc8fad89061debdb3f5c86481006a",
                "os": "linux",
                "os_features": "",
                "os_version": null,
                "size": 30363402,
                "status": "active",
                "last_pulled": "2024-01-19T17:18:06.428156Z",
                "last_pushed": "2023-05-15T15:34:54.66075Z"
            }
        ],
        "last_updated": "2023-05-15T15:35:00.812118Z",
        "last_updater": 15167002,
        "last_updater_username": "hashicorpcrt",
        "name": "1.5.0-beta1",
        "repository": 646700,
        "full_size": 30218628,
        "v2": true,
        "tag_status": "active",
        "tag_last_pulled": "2024-01-20T09:37:19.235575Z",
        "tag_last_pushed": "2023-05-15T15:35:00.812118Z",
        "media_type": "application/vnd.docker.distribution.manifest.list.v2+json",
        "content_type": "image",
        "digest": "sha256:18adae9b46ebb7a1403f9b43a1503e536d64f83f06a7b5d932d03223082b15b7"
    },
    {
        "creator": 15167002,
        "id": 444765006,
        "images": [
            {
                "architecture": "arm",
                "features": "",
                "variant": "v6",
                "digest": "sha256:70c8077e7cc3ee770912fa32f62080ffba8220ec46f300430c6ded6226c9436f",
                "os": "linux",
                "os_features": "",
                "os_version": null,
                "size": 30386870,
                "status": "active",
                "last_pulled": "2024-01-19T17:18:00.151073Z",
                "last_pushed": "2023-05-24T12:46:26.731058Z"
            },
            {
                "architecture": "arm64",
                "features": "",
                "variant": null,
                "digest": "sha256:97b8ab33ba6639c756b90508250054b2674e430a959455db9c38d0bdf23311c8",
                "os": "linux",
                "os_features": "",
                "os_version": null,
                "size": 29837323,
                "status": "active",
                "last_pulled": "2024-01-19T17:18:00.259724Z",
                "last_pushed": "2023-05-24T12:46:09.48577Z"
            },
            {
                "architecture": "386",
                "features": "",
                "variant": null,
                "digest": "sha256:d60321050698281ee2ad386ab597b0492885ecfb02601aab3a678a677cd21064",
                "os": "linux",
                "os_features": "",
                "os_version": null,
                "size": 30240992,
                "status": "active",
                "last_pulled": "2024-01-19T17:18:00.392696Z",
                "last_pushed": "2023-05-24T12:46:18.099752Z"
            },
            {
                "architecture": "amd64",
                "features": "",
                "variant": null,
                "digest": "sha256:e72a4eae63dea49a9c4dd78cc8dc7a1e07a2ee3ecc18ec1d7256ae3649520057",
                "os": "linux",
                "os_features": "",
                "os_version": null,
                "size": 31684324,
                "status": "active",
                "last_pulled": "2024-01-20T09:37:16.827862Z",
                "last_pushed": "2023-05-24T12:46:00.909152Z"
            }
        ],
        "last_updated": "2023-05-24T12:46:32.230318Z",
        "last_updater": 15167002,
        "last_updater_username": "hashicorpcrt",
        "name": "1.5.0-beta2",
        "repository": 646700,
        "full_size": 30386870,
        "v2": true,
        "tag_status": "active",
        "tag_last_pulled": "2024-01-20T09:37:16.827862Z",
        "tag_last_pushed": "2023-05-24T12:46:32.230318Z",
        "media_type": "application/vnd.docker.distribution.manifest.list.v2+json",
        "content_type": "image",
        "digest": "sha256:4897493df38643c0ee8014d36359b67be6c36de0f432edcc85abd1ba3460699f"
    },
    {
        "creator": 15167002,
        "id": 448757617,
        "images": [
            {
                "architecture": "amd64",
                "features": "",
                "variant": null,
                "digest": "sha256:33c3fcd5446cf253b7b128caa4d76f66b244ce298c4e274973a9bde41607b4c1",
                "os": "linux",
                "os_features": "",
                "os_version": null,
                "size": 31688069,
                "status": "active",
                "last_pulled": "2024-01-20T09:37:17.270016Z",
                "last_pushed": "2023-05-31T20:53:15.496646Z"
            },
            {
                "architecture": "arm",
                "features": "",
                "variant": "v6",
                "digest": "sha256:5a4d40f054d9afa136099650d46acbb05d0af48845f365f6f19aa0cd5c9d6c5a",
                "os": "linux",
                "os_features": "",
                "os_version": null,
                "size": 30387720,
                "status": "active",
                "last_pulled": "2024-01-19T17:18:00.052742Z",
                "last_pushed": "2023-05-31T20:53:06.115217Z"
            },
            {
                "architecture": "386",
                "features": "",
                "variant": null,
                "digest": "sha256:d5f1356df4a49bef84d568040d7fbde9ce94c2701a961cd7510cf4886ad5d04d",
                "os": "linux",
                "os_features": "",
                "os_version": null,
                "size": 30240016,
                "status": "active",
                "last_pulled": "2024-01-19T17:18:00.122692Z",
                "last_pushed": "2023-05-31T20:53:24.123005Z"
            },
            {
                "architecture": "arm64",
                "features": "",
                "variant": null,
                "digest": "sha256:ea5bc68d3a37fa2e8a427ae64869abfead0506cf2e89c006b3b5b0a7a90deb41",
                "os": "linux",
                "os_features": "",
                "os_version": null,
                "size": 29843239,
                "status": "active",
                "last_pulled": "2024-01-19T17:18:00.10316Z",
                "last_pushed": "2023-05-31T20:52:57.366415Z"
            }
        ],
        "last_updated": "2023-05-31T20:53:30.007222Z",
        "last_updater": 15167002,
        "last_updater_username": "hashicorpcrt",
        "name": "1.5.0-rc1",
        "repository": 646700,
        "full_size": 31688069,
        "v2": true,
        "tag_status": "active",
        "tag_last_pulled": "2024-01-20T09:37:17.270016Z",
        "tag_last_pushed": "2023-05-31T20:53:30.007222Z",
        "media_type": "application/vnd.docker.distribution.manifest.list.v2+json",
        "content_type": "image",
        "digest": "sha256:e2b15c7ddeec7cdba9b62cb9f38e8743e8259f733c6060ac11f508952fda1891"
    },
    {
        "creator": 15167002,
        "id": 451803284,
        "images": [
            {
                "architecture": "arm",
                "features": "",
                "variant": "v6",
                "digest": "sha256:1d5a8432ea65f84d125bed8325eb04062bb322e79ef6c8edd4cd1a0e919d6f77",
                "os": "linux",
                "os_features": "",
                "os_version": null,
                "size": 30387941,
                "status": "active",
                "last_pulled": "2024-01-19T17:18:00.427594Z",
                "last_pushed": "2023-06-05T18:15:24.990631Z"
            },
            {
                "architecture": "386",
                "features": "",
                "variant": null,
                "digest": "sha256:9a9e7653a343e586f996343c3774d99e4753c748f031619da6d2f8d020e6b64e",
                "os": "linux",
                "os_features": "",
                "os_version": null,
                "size": 30245650,
                "status": "active",
                "last_pulled": "2024-01-19T17:18:00.457723Z",
                "last_pushed": "2023-06-05T18:15:14.806019Z"
            },
            {
                "architecture": "amd64",
                "features": "",
                "variant": null,
                "digest": "sha256:9d813b03953933df542cb6f65500902feed08770e806c5d7631fe4487bdb2476",
                "os": "linux",
                "os_features": "",
                "os_version": null,
                "size": 31689275,
                "status": "active",
                "last_pulled": "2024-01-20T09:37:22.236682Z",
                "last_pushed": "2023-06-05T18:15:03.852331Z"
            },
            {
                "architecture": "arm64",
                "features": "",
                "variant": null,
                "digest": "sha256:f80fc2ae5b042d03db0efbf91802666bc5556d06feb992585374946e855f42e3",
                "os": "linux",
                "os_features": "",
                "os_version": null,
                "size": 29847479,
                "status": "active",
                "last_pulled": "2024-01-19T17:18:00.981295Z",
                "last_pushed": "2023-06-05T18:14:53.89159Z"
            }
        ],
        "last_updated": "2023-06-05T18:15:30.534449Z",
        "last_updater": 15167002,
        "last_updater_username": "hashicorpcrt",
        "name": "1.5.0-rc2",
        "repository": 646700,
        "full_size": 30387941,
        "v2": true,
        "tag_status": "active",
        "tag_last_pulled": "2024-01-20T09:37:22.236682Z",
        "tag_last_pushed": "2023-06-05T18:15:30.534449Z",
        "media_type": "application/vnd.docker.distribution.manifest.list.v2+json",
        "content_type": "image",
        "digest": "sha256:bb3c6924bc24dd7254f8b21e0368ce2e5b57c79ee182abeffda8639db769a99d"
    },
    {
        "creator": 15167002,
        "id": 461152748,
        "images": [
            {
                "architecture": "amd64",
                "features": "",
                "variant": null,
                "digest": "sha256:522b6807c40467ea9851b0aa83bc09c4da6bf1902df53b34fd59171631473534",
                "os": "linux",
                "os_features": "",
                "os_version": null,
                "size": 31689608,
                "status": "active",
                "last_pulled": "2024-01-20T09:37:18.235554Z",
                "last_pushed": "2023-06-21T10:48:17.949845Z"
            },
            {
                "architecture": "arm64",
                "features": "",
                "variant": null,
                "digest": "sha256:66f8b392b5fd9d22f52682a78c06b39851eaabf6b34ca520b26ced18c2de7e8e",
                "os": "linux",
                "os_features": "",
                "os_version": null,
                "size": 29834097,
                "status": "active",
                "last_pulled": "2024-01-19T21:30:07.930722Z",
                "last_pushed": "2023-06-21T10:47:58.651426Z"
            },
            {
                "architecture": "arm",
                "features": "",
                "variant": "v6",
                "digest": "sha256:6bffddb88e534b68680d8ee7e80a274c1585bf19182292cbb2ab29916ed2798a",
                "os": "linux",
                "os_features": "",
                "os_version": null,
                "size": 30375099,
                "status": "active",
                "last_pulled": "2024-01-19T17:18:00.974352Z",
                "last_pushed": "2023-06-21T10:48:27.033547Z"
            },
            {
                "architecture": "386",
                "features": "",
                "variant": null,
                "digest": "sha256:c070337102b6f835d1b25313327b753ed34837c5d1419d8c8323dbbf5c7f0d71",
                "os": "linux",
                "os_features": "",
                "os_version": null,
                "size": 30216600,
                "status": "active",
                "last_pulled": "2024-01-19T22:33:49.896857Z",
                "last_pushed": "2023-06-21T10:48:08.294217Z"
            }
        ],
        "last_updated": "2023-06-21T10:48:32.953442Z",
        "last_updater": 15167002,
        "last_updater_username": "hashicorpcrt",
        "name": "1.5.1",
        "repository": 646700,
        "full_size": 31689608,
        "v2": true,
        "tag_status": "active",
        "tag_last_pulled": "2024-01-20T09:37:18.235554Z",
        "tag_last_pushed": "2023-06-21T10:48:32.953442Z",
        "media_type": "application/vnd.docker.distribution.manifest.list.v2+json",
        "content_type": "image",
        "digest": "sha256:d767e1a3797afa7989f662756eb18b1a8d0b953d1b492c40a630b9a4d65f8957"
    },
    {
        "creator": 15167002,
        "id": 465283461,
        "images": [
            {
                "architecture": "arm64",
                "features": "",
                "variant": null,
                "digest": "sha256:48986f4c4b9076a3d7b9847db65c36235cc52e0c6834ea2ef0f06df38372a43d",
                "os": "linux",
                "os_features": "",
                "os_version": null,
                "size": 29833059,
                "status": "active",
                "last_pulled": "2024-01-20T05:07:29.323927Z",
                "last_pushed": "2023-06-28T15:34:35.542252Z"
            },
            {
                "architecture": "386",
                "features": "",
                "variant": null,
                "digest": "sha256:55258ab82eb9ea6eb9cf11b2f7a8886067a1927a51ebf774d008f2928e088eb4",
                "os": "linux",
                "os_features": "",
                "os_version": null,
                "size": 30212298,
                "status": "active",
                "last_pulled": "2024-01-20T05:07:30.077657Z",
                "last_pushed": "2023-06-28T15:35:05.576414Z"
            },
            {
                "architecture": "arm",
                "features": "",
                "variant": "v6",
                "digest": "sha256:8d5e74175da4a2834df36f621f47558729b7aa3194f4733095c247a3b4406615",
                "os": "linux",
                "os_features": "",
                "os_version": null,
                "size": 30375900,
                "status": "active",
                "last_pulled": "2024-01-20T05:07:30.777322Z",
                "last_pushed": "2023-06-28T15:34:44.93752Z"
            },
            {
                "architecture": "amd64",
                "features": "",
                "variant": null,
                "digest": "sha256:a708a5908a84005b763fa5f5ed593c2e04cca5f5554739b1e7c1c854256e21d4",
                "os": "linux",
                "os_features": "",
                "os_version": null,
                "size": 31687427,
                "status": "active",
                "last_pulled": "2024-01-20T09:19:02.64243Z",
                "last_pushed": "2023-06-28T15:34:56.055671Z"
            }
        ],
        "last_updated": "2023-06-28T15:35:11.497628Z",
        "last_updater": 15167002,
        "last_updater_username": "hashicorpcrt",
        "name": "1.5.2",
        "repository": 646700,
        "full_size": 29833059,
        "v2": true,
        "tag_status": "active",
        "tag_last_pulled": "2024-01-20T09:19:02.64243Z",
        "tag_last_pushed": "2023-06-28T15:35:11.497628Z",
        "media_type": "application/vnd.docker.distribution.manifest.list.v2+json",
        "content_type": "image",
        "digest": "sha256:b34c85767fb33628d4c90efc35770bae1196bb76de887a7ccc32a24cac315adb"
    },
    {
        "creator": 1522,
        "id": 2733971,
        "images": [
            {
                "architecture": "amd64",
                "features": "",
                "variant": null,
                "digest": "sha256:2734886211a482abaff7efbbfd8bdb32295c9c35dda124092d46f39b69f47c42",
                "os": "linux",
                "os_features": "",
                "os_version": null,
                "size": 30776251,
                "status": "active",
                "last_pulled": "2024-01-20T09:13:23.862465Z",
                "last_pushed": "2023-03-30T17:48:33.363053Z"
            }
        ],
        "last_updated": "2023-03-16T13:44:09.945215Z",
        "last_updater": 1022548,
        "last_updater_username": "hashicorpterraform",
        "name": "light",
        "repository": 646700,
        "full_size": 30776251,
        "v2": true,
        "tag_status": "active",
        "tag_last_pulled": "2024-01-20T09:13:23.862465Z",
        "tag_last_pushed": "2023-03-16T13:44:09.945215Z",
        "media_type": "application/vnd.docker.container.image.v1+json",
        "content_type": "image",
        "digest": "sha256:2734886211a482abaff7efbbfd8bdb32295c9c35dda124092d46f39b69f47c42"
    }
]