[
    {
        "creator": 15167002,
        "id": 203993415,
        "images": [
            {
                "architecture": "arm64",
                "features": "",
                "variant": null,
                "digest": "sha256:0097779682500ffd170818838240bfac3d3fc7e605811efe17267097e7787fee",
                "os": "linux",
                "os_features": "",
                "os_version": null,
                "size": 53824095,
                "status": "active",
                "last_pulled": "2024-01-20T00:01:41.054994Z",
                "last_pushed": "2023-01-26T19:56:47.321818Z"
            },
            {
                "architecture": "amd64",
                "features": "",
                "variant": null,
                "digest": "sha256:609cce8f5e22953c89e284ca3a763e1dfff0bae6a6169e4e0a0ce23dce82faa2",
                "os": "linux",
                "os_features": "",
                "os_version": null,
                "size": 56414891,
                "status": "active",
                "last_pulled": "2024-01-20T00:01:41.831433Z",
                "last_pushed": "2023-01-26T19:56:59.699318Z"
            },
            {
                "architecture": "386",
                "features": "",
                "variant": null,
                "digest": "sha256:9a66c8a9744e70c82bfdc53ff590559f19ad7e87b341a0d2ca2fdd8611c01c9d",
                "os": "linux",
                "os_features": "",
                "os_version": null,
                "size": 55721949,
                "status": "active",
                "last_pulled": "2024-01-20T00:01:42.579663Z",
                "last_pushed": "2023-01-26T19:56:36.784482Z"
            },
            {
                "architecture": "arm",
                "features": "",
                "variant": "v6",
                "digest": "sha256:dd4710429c0736ceef1daf1a9efce61dbd99d0660309166c917a67c39b353543",
                "os": "linux",
                "os_features": "",
                "os_version": null,
                "size": 53940337,
                "status": "active",
                "last_pulled": "2024-01-20T00:01:43.418091Z",
                "last_pushed": "2023-01-26T19:56:25.793882Z"
            }
        ],
        "last_updated": "2023-01-26T19:57:42.996419Z",
        "last_updater": 15167002,
        "last_updater_username": "hashicorpcrt",
        "name": "1.12",
        "repository": 646668,
        "full_size": 53824095,
        "v2": true,
        "tag_status": "active",
        "tag_last_pulled": "2024-01-20T00:39:54.557333Z",
        "tag_last_pushed": "2023-01-26T19:57:42.996419Z",
        "media_type": "application/vnd.docker.distribution.manifest.list.v2+json",
        "content_type": "image",
        "digest": "sha256:e7ae13f211f34b14a514716cd88f8c33702deb03dfea24fa15298e2f4fcbf1b1"
    },
    {
        "creator": 15167002,
        "id": 375191299,
        "images": [
            {
                "architecture": "arm64",
                "features": "",
                "variant": null,
                "digest": "sha256:0097779682500ffd170818838240bfac3d3fc7e605811efe17267097e7787fee",
                "os": "linux",
                "os_features": "",
                "os_version": null,
                "size": 53824095,
                "status": "active",
                "last_pulled": "2024-01-20T00:01:41.054994Z",
                "last_pushed": "2023-01-26T19:56:47.321818Z"
            },
            {
                "architecture": "amd64",
                "features": "",
                "variant": null,
                "digest": "sha256:609cce8f5e22953c89e284ca3a763e1dfff0bae6a6169e4e0a0ce23dce82faa2",
                "os": "linux",
                "os_features": "",
                "os_version": null,
                "size": 56414891,
                "status": "active",
                "last_pulled": "2024-01-20T00:01:41.831433Z",
                "last_pushed": "2023-01-26T19:56:59.699318Z"
            },
            {
                "architecture": "386",
                "features": "",
                "variant": null,
                "digest": "sha256:9a66c8a9744e70c82bfdc53ff590559f19ad7e87b341a0d2ca2fdd8611c01c9d",
                "os": "linux",
                "os_features": "",
                "os_version": null,
                "size": 55721949,
                "status": "active",
                "last_pulled": "2024-01-20T00:01:42.579663Z",
                "last_pushed": "2023-01-26T19:56:36.784482Z"
            },
            {
                "architecture": "arm",
                "features": "",
                "variant": "v6",
                "digest": "sha256:dd4710429c0736ceef1daf1a9efce61dbd99d0660309166c917a67c39b353543",
                "os": "linux",
                "os_features": "",
                "os_version": null,
                "size": 53940337,
                "status": "active",
                "last_pulled": "2024-01-20T00:01:43.418091Z",
                "last_pushed": "2023-01-26T19:56:25.793882Z"
            }
        ],
        "last_updated": "2023-01-26T19:57:05.723162Z",
        "last_updater": 15167002,
        "last_updater_username": "hashicorpcrt",
        "name": "1.12.9",
        "repository": 646668,
        "full_size": 53824095,
        "v2": true,
        "tag_status": "active",
        "tag_last_pulled": "2024-01-20T00:39:54.557333Z",
        "tag_last_pushed": "2023-01-26T19:57:05.723162Z",
        "media_type": "application/vnd.docker.distribution.manifest.list.v2+json",
        "content_type": "image",
        "digest": "sha256:e7ae13f211f34b14a514716cd88f8c33702deb03dfea24fa15298e2f4fcbf1b1"
    },
    {
        "creator": 15167002,
        "id": 375192048,
        "images": [
            {
                "architecture": "amd64",
                "features": "",
                "variant": null,
                "digest": "sha256:0c64d4aaa3a379de9284843e19d7d9e807234652d713a5967da7f92d88b53a18",
                "os": "linux",
                "os_features": "",
                "os_version": null,
                "size": 93510922,
                "status": "active",
                "last_pulled": "2024-01-20T09:25:17.486349Z",
                "last_pushed": "2023-01-26T19:57:32.398919Z"
            }
        ],
        "last_updated": "2023-01-26T19:57:32.549634Z",
        "last_updater": 15167002,
        "last_updater_username": "hashicorpcrt",
        "name": "1.12.9-ubi",
        "repository": 646668,
        "full_size": 93510922,
        "v2": true,
        "tag_status": "active",
        "tag_last_pulled": "2024-01-20T09:25:17.486349Z",
        "tag_last_pushed": "2023-01-26T19:57:32.549634Z",
        "media_type": "application/vnd.docker.container.image.v1+json",
        "content_type": "image",
        "digest": "sha256:0c64d4aaa3a379de9284843e19d7d9e807234652d713a5967da7f92d88b53a18"
    },
    {
        "creator": 15167002,
        "id": 269385657,
        "images": [
            {
                "architecture": "386",
                "features": "",
                "variant": null,
                "digest": "sha256:26caa78d4552eff9de85a2fab2b73b7b6418e87784b3dd337f78cd4d81024e92",
                "os": "linux",
                "os_features": "",
                "os_version": null,
                "size": 59395305,
                "status": "active",
                "last_pulled": "2024-01-20T00:01:04.447929Z",
                "last_pushed": "2023-06-26T19:18:03.229249Z"
            },
            {
                "architecture": "arm64",
                "features": "",
                "variant": null,
                "digest": "sha256:5661a5ac3f0b2b36079ff35fa8a956a14a691772246bd810b4422c6e1d75da43",
                "os": "linux",
                "os_features": "",
                "os_version": null,
                "size": 57212570,
                "status": "active",
                "last_pulled": "2024-01-20T00:01:05.432538Z",
                "last_pushed": "2023-06-26T19:18:14.278918Z"
            },
            {
                "architecture": "arm",
                "features": "",
                "variant": "v6",
                "digest": "sha256:d437f7fdbf81301a561732cabc078c737dcbada7167e92f1fe9cd6f5a8941276",
                "os": "linux",
                "os_features": "",
                "os_version": null,
                "size": 57506996,
                "status": "active",
                "last_pulled": "2024-01-20T00:01:06.374752Z",
                "last_pushed": "2023-06-26T19:18:24.464238Z"
            },
            {
                "architecture": "amd64",
                "features": "",
                "variant": null,
                "digest": "sha256:e19606b953ac6212010208cfd822262ad10870c8fb3a6f84ba7ec148e1414a0e",
                "os": "linux",
                "os_features": "",
                "os_version": null,
                "size": 60196265,
                "status": "active",
                "last_pulled": "2024-01-20T09:04:00.259571Z",
                "last_pushed": "2023-06-26T19:17:52.373907Z"
            }
        ],
        "last_updated": "2023-06-26T19:18:38.487327Z",
        "last_updater": 15167002,
        "last_updater_username": "hashicorpcrt",
        "name": "1.13",
        "repository": 646668,
        "full_size": 59395305,
        "v2": true,
        "tag_status": "active",
        "tag_last_pulled": "2024-01-20T09:04:00.259571Z",
        "tag_last_pushed": "2023-06-26T19:18:38.487327Z",
        "media_type": "application/vnd.docker.distribution.manifest.list.v2+json",
        "content_type": "image",
        "digest": "sha256:6e5a8c4b337e01ce42aad09bf67579988a45e23ca397d7eb267f5cc04b2c8550"
    },
    {
        "creator": 15167002,
        "id": 375187598,
        "images": [
            {
                "architecture": "386",
                "features": "",
                "variant": null,
                "digest": "sha256:34834dc293a2a25b4b454c4cfd0e6a9401ef67d0241d5af19744c4024f6dfdb5",
                "os": "linux",
                "os_features": "",
                "os_version": null,
                "size": 57929082,
                "status": "active",
                "last_pulled": "2024-01-19T07:04:26.626997Z",
                "last_pushed": "2023-01-26T19:50:49.503568Z"
            },
            {
                "architecture": "arm64",
                "features": "",
                "variant": null,
                "digest": "sha256:56453cff6c98a355d68749be84fcbca4ec51626b095d7683d26af42c2a3f27eb",
                "os": "linux",
                "os_features": "",
                "os_version": null,
                "size": 55853998,
                "status": "active",
                "last_pulled": "2024-01-20T00:11:58.068943Z",
                "last_pushed": "2023-01-26T19:51:09.984535Z"
            },
            {
                "architecture": "arm",
                "features": "",
                "variant": "v6",
                "digest": "sha256:5eb33d272a3b2b44bb00d9ac779176d97cd60608e6f2aa0799e8151955e8bb66",
                "os": "linux",
                "os_features": "",
                "os_version": null,
                "size": 56268647,
                "status": "active",
                "last_pulled": "2024-01-19T07:04:27.925819Z",
                "last_pushed": "2023-01-26T19:51:19.761223Z"
            },
            {
                "architecture": "amd64",
                "features": "",
                "variant": null,
                "digest": "sha256:bb14b7ddee82dc3b6ecaabd2255cd61b8b56903e040255db18d622135b3d84ad",
                "os": "linux",
                "os_features": "",
                "os_version": null,
                "size": 58788283,
                "status": "active",
                "last_pulled": "2024-01-20T09:04:44.657229Z",
                "last_pushed": "2023-01-26T19:50:59.75876Z"
            }
        ],
        "last_updated": "2023-01-26T19:51:25.028458Z",
        "last_updater": 15167002,
        "last_updater_username": "hashicorpcrt",
        "name": "1.13.6",
        "repository": 646668,
        "full_size": 57929082,
        "v2": true,
        "tag_status": "active",
        "tag_last_pulled": "2024-01-20T09:04:44.657229Z",
        "tag_last_pushed": "2023-01-26T19:51:25.028458Z",
        "media_type": "application/vnd.docker.distribution.manifest.list.v2+json",
        "content_type": "image",
        "digest": "sha256:d66aeb51ffce42cb2bf110f2cb54f33ad8cb28378b8345fc09c744a4922644d0"
    },
    {
        "creator": 15167002,
        "id": 375187423,
        "images": [
            {
                "architecture": "amd64",
                "features": "",
                "variant": null,
                "digest": "sha256:160af6b65e73074e2a3954846588418feb0b1f745f9e9f2fd620469572c2d0ce",
                "os": "linux",
                "os_features": "",
                "os_version": null,
                "size": 95884485,
                "status": "active",
                "last_pulled": "2024-01-20T06:48:29.004393Z",
                "last_pushed": "2023-01-26T19:50:33.402355Z"
            }
        ],
        "last_updated": "2023-01-26T19:50:33.580552Z",
        "last_updater": 15167002,
        "last_updater_username": "hashicorpcrt",
        "name": "1.13.6-ubi",
        "repository": 646668,
        "full_size": 95884485,
        "v2": true,
        "tag_status": "active",
        "tag_last_pulled": "2024-01-20T06:48:29.004393Z",
        "tag_last_pushed": "2023-01-26T19:50:33.580552Z",
        "media_type": "application/vnd.docker.container.image.v1+json",
        "content_type": "image",
        "digest": "sha256:160af6b65e73074e2a3954846588418feb0b1f745f9e9f2fd620469572c2d0ce"
    },
    {
        "creator": 15167002,
        "id": 401084103,
        "images": [
            {
                "architecture": "arm",
                "features": "",
                "variant": "v6",
                "digest": "sha256:74aa15bf57dde350184c1aace57e55ee05c44d2e139aa2380d58358a2ec4b355",
                "os": "linux",
                "os_features": "",
                "os_version": null,
                "size": 57675745,
                "status": "active",
                "last_pulled": "2024-01-20T05:15:42.82497Z",
                "last_pushed": "2023-03-08T16:52:33.396615Z"
            },
            {
                "architecture": "amd64",
                "features": "",
                "variant": null,
                "digest": "sha256:a70ba2d4cb01d47f00108c11e2d467f91b02c8e564cb7d73b87e8f9ceab80df9",
                "os": "linux",
                "os_features": "",
                "os_version": null,
                "size": 60268317,
                "status": "active",
                "last_pulled": "2024-01-20T08:27:45.819709Z",
                "last_pushed": "2023-03-08T16:52:56.340194Z"
            },
            {
                "architecture": "arm64",
                "features": "",
                "variant": null,
                "digest": "sha256:ab2a394ac74c9869137cfbe6a9e30898419d214f497868548dbae3d4c9af0ef4",
                "os": "linux",
                "os_features": "",
                "os_version": null,
                "size": 57275818,
                "status": "active",
                "last_pulled": "2024-01-20T05:15:43.529918Z",
                "last_pushed": "2023-03-08T16:52:21.635532Z"
            },
            {
                "architecture": "386",
                "features": "",
                "variant": null,
                "digest": "sha256:bd9c61484852726229919fd5c39bbbca8bac7fa576df54f7d326dce9a72005de",
                "os": "linux",
                "os_features": "",
                "os_version": null,
                "size": 59589136,
                "status": "active",
                "last_pulled": "2024-01-20T05:15:43.828558Z",
                "last_pushed": "2023-03-08T16:52:44.394052Z"
            }
        ],
        "last_updated": "2023-03-08T16:53:03.172051Z",
        "last_updater": 15167002,
        "last_updater_username": "hashicorpcrt",
        "name": "1.13.7",
        "repository": 646668,
        "full_size": 57675745,
        "v2": true,
        "tag_status": "active",
        "tag_last_pulled": "2024-01-20T09:38:12.419054Z",
        "tag_last_pushed": "2023-03-08T16:53:03.172051Z",
        "media_type": "application/vnd.docker.distribution.manifest.list.v2+json",
        "content_type": "image",
        "digest": "sha256:4b135cf530d5fb5be19a780408b335f2474cc300ff3c88574e2044778c5bde25"
    },
    {
        "creator": 15167002,
        "id": 401083844,
        "images": [
            {
                "architecture": "amd64",
                "features": "",
                "variant": null,
                "digest": "sha256:35dad8f5fbb057841ed9a384f5c503258dc479a7f50a06a8ea62d8d9e5681c96",
                "os": "linux",
                "os_features": "",
                "os_version": null,
                "size": 96518271,
                "status": "active",
                "last_pulled": "2024-01-20T09:12:27.282664Z",
                "last_pushed": "2023-03-08T16:52:00.021563Z"
            }
        ],
        "last_updated": "2023-03-08T16:52:00.133611Z",
        "last_updater": 15167002,
        "last_updater_username": "hashicorpcrt",
        "name": "1.13.7-ubi",
        "repository": 646668,
        "full_size": 96518271,
        "v2": true,
        "tag_status": "active",
        "tag_last_pulled": "2024-01-20T09:12:27.282664Z",
        "tag_last_pushed": "2023-03-08T16:52:00.133611Z",
        "media_type": "application/vnd.docker.container.image.v1+json",
        "content_type": "image",
        "digest": "sha256:35dad8f5fbb057841ed9a384f5c503258dc479a7f50a06a8ea62d8d9e5681c96"
    },
    {
        "creator": 15167002,
        "id": 440174017,
        "images": [
            {
                "architecture": "arm",
                "features": "",
                "variant": "v6",
                "digest": "sha256:001a3b1d59297ccfd4aa4f5de7d5236f10100055eecd434f40052bbb1b717c2e",
                "os": "linux",
                "os_features": "",
                "os_version": null,
                "size": 57489234,
                "status": "active",
                "last_pulled": "2024-01-20T00:01:13.157861Z",
                "last_pushed": "2023-05-16T16:51:13.4422Z"
            },
            {
                "architecture": "amd64",
                "features": "",
                "variant": null,
                "digest": "sha256:932b96221020123ea16f9b41f88bfa33173f5b1a8650e72914713cd787aed7a6",
                "os": "linux",
                "os_features": "",
                "os_version": null,
                "size": 60185592,
                "status": "active",
                "last_pulled": "2024-01-20T01:21:16.052941Z",
                "last_pushed": "2023-05-16T16:51:03.581623Z"
            },
            {
                "architecture": "arm64",
                "features": "",
                "variant": null,
                "digest": "sha256:9f7240d5a98ca93a077d0032da00ea480a22cd84386f6ad1dfb0c7e78bf3df8e",
                "os": "linux",
                "os_features": "",
                "os_version": null,
                "size": 57198167,
                "status": "active",
                "last_pulled": "2024-01-20T00:01:14.762602Z",
                "last_pushed": "2023-05-16T16:51:33.339863Z"
            },
            {
                "architecture": "386",
                "features": "",
                "variant": null,
                "digest": "sha256:c55f09513c279ce75f2f614948f23659c10367443e96ce9451f1bce54bef9f35",
                "os": "linux",
                "os_features": "",
                "os_version": null,
                "size": 59383369,
                "status": "active",
                "last_pulled": "2024-01-20T00:01:15.656272Z",
                "last_pushed": "2023-05-16T16:51:23.56817Z"
            }
        ],
        "last_updated": "2023-05-16T16:51:38.723212Z",
        "last_updater": 15167002,
        "last_updater_username": "hashicorpcrt",
        "name": "1.13.8",
        "repository": 646668,
        "full_size": 57489234,
        "v2": true,
        "tag_status": "active",
        "tag_last_pulled": "2024-01-20T06:50:29.144664Z",
        "tag_last_pushed": "2023-05-16T16:51:38.723212Z",
        "media_type": "application/vnd.docker.distribution.manifest.list.v2+json",
        "content_type": "image",
        "digest": "sha256:f4071b87c1cc8dd9f09292d0d0cd9f2d6cf512dad86a1e593f88a23ca2536839"
    },
    {
        "creator": 15167002,
        "id": 440173777,
        "images": [
            {
                "architecture": "amd64",
                "features": "",
                "variant": null,
                "digest": "sha256:b065b176d3b8985d749b3ea3c0b4eb39daf9430ebc53596b186e998db502adfb",
                "os": "linux",
                "os_features": "",
                "os_version": null,
                "size": 100314343,
                "status": "active",
                "last_pulled": "2024-01-20T06:51:19.131867Z",
                "last_pushed": "2023-05-16T16:50:44.713579Z"
            }
        ],
        "last_updated": "2023-05-16T16:50:44.909517Z",
        "last_updater": 15167002,
        "last_updater_username": "hashicorpcrt",
        "name": "1.13.8-ubi",
        "repository": 646668,
        "full_size": 100314343,
        "v2": true,
        "tag_status": "active",
        "tag_last_pulled": "2024-01-20T06:51:19.131867Z",
        "tag_last_pushed": "2023-05-16T16:50:44.909517Z",
        "media_type": "application/vnd.docker.container.image.v1+json",
        "content_type": "image",
        "digest": "sha256:b065b176d3b8985d749b3ea3c0b4eb39daf9430ebc53596b186e998db502adfb"
    },
    {
        "creator": 15167002,
        "id": 463916009,
        "images": [
            {
                "architecture": "386",
                "features": "",
                "variant": null,
                "digest": "sha256:26caa78d4552eff9de85a2fab2b73b7b6418e87784b3dd337f78cd4d81024e92",
                "os": "linux",
                "os_features": "",
                "os_version": null,
                "size": 59395305,
                "status": "active",
                "last_pulled": "2024-01-20T00:01:04.447929Z",
                "last_pushed": "2023-06-26T19:18:03.229249Z"
            },
            {
                "architecture": "arm64",
                "features": "",
                "variant": null,
                "digest": "sha256:5661a5ac3f0b2b36079ff35fa8a956a14a691772246bd810b4422c6e1d75da43",
                "os": "linux",
                "os_features": "",
                "os_version": null,
                "size": 57212570,
                "status": "active",
                "last_pulled": "2024-01-20T00:01:05.432538Z",
                "last_pushed": "2023-06-26T19:18:14.278918Z"
            },
            {
                "architecture": "arm",
                "features": "",
                "variant": "v6",
                "digest": "sha256:d437f7fdbf81301a561732cabc078c737dcbada7167e92f1fe9cd6f5a8941276",
                "os": "linux",
                "os_features": "",
                "os_version": null,
                "size": 57506996,
                "status": "active",
                "last_pulled": "2024-01-20T00:01:06.374752Z",
                "last_pushed": "2023-06-26T19:18:24.464238Z"
            },
            {
                "architecture": "amd64",
                "features": "",
                "variant": null,
                "digest": "sha256:e19606b953ac6212010208cfd822262ad10870c8fb3a6f84ba7ec148e1414a0e",
                "os": "linux",
                "os_features": "",
                "os_version": null,
                "size": 60196265,
                "status": "active",
                "last_pulled": "2024-01-20T09:04:00.259571Z",
                "last_pushed": "2023-06-26T19:17:52.373907Z"
            }
        ],
        "last_updated": "2023-06-26T19:18:29.820909Z",
        "last_updater": 15167002,
        "last_updater_username": "hashicorpcrt",
        "name": "1.13.9",
        "repository": 646668,
        "full_size": 59395305,
        "v2": true,
        "tag_status": "active",
        "tag_last_pulled": "2024-01-20T09:04:00.259571Z",
        "tag_last_pushed": "2023-06-26T19:18:29.820909Z",
        "media_type": "application/vnd.docker.distribution.manifest.list.v2+json",
        "content_type": "image",
        "digest": "sha256:6e5a8c4b337e01ce42aad09bf67579988a45e23ca397d7eb267f5cc04b2c8550"
    },
    {
        "creator": 15167002,
        "id": 463915850,
        "images": [
            {
                "architecture": "amd64",
                "features": "",
                "variant": null,
                "digest": "sha256:3414ce740cdc520064207e44029a1a46e60dcae77bc4780019ae7af58a89f9e4",
                "os": "linux",
                "os_features": "",
                "os_version": null,
                "size": 97002997,
                "status": "active",
                "last_pulled": "2024-01-20T06:51:29.200288Z",
                "last_pushed": "2023-06-26T19:17:34.05931Z"
            }
        ],
        "last_updated": "2023-06-26T19:17:34.201975Z",
        "last_updater": 15167002,
        "last_updater_username": "hashicorpcrt",
        "name": "1.13.9-ubi",
        "repository": 646668,
        "full_size": 97002997,
        "v2": true,
        "tag_status": "active",
        "tag_last_pulled": "2024-01-20T06:51:29.200288Z",
        "tag_last_pushed": "2023-06-26T19:17:34.201975Z",
        "media_type": "application/vnd.docker.container.image.v1+json",
        "content_type": "image",
        "digest": "sha256:3414ce740cdc520064207e44029a1a46e60dcae77bc4780019ae7af58a89f9e4"
    },
    {
        "creator": 15167002,
        "id": 375187028,
        "images": [
            {
                "architecture": "arm",
                "features": "",
                "variant": "v6",
                "digest": "sha256:47cfbe4f59ca5aaa27d4d1382d494514fd7a7915c62b33d258c5c182876fcccc",
                "os": "linux",
                "os_features": "",
                "os_version": null,
                "size": 59990558,
                "status": "active",
                "last_pulled": "2024-01-19T22:47:45.416178Z",
                "last_pushed": "2023-01-26T19:50:01.659437Z"
            },
            {
                "architecture": "amd64",
                "features": "",
                "variant": null,
                "digest": "sha256:6cabd7023b12556ecb63d07df07cfd6d6e35f2d7426f1d0f0ec7c3caf3f193cf",
                "os": "linux",
                "os_features": "",
                "os_version": null,
                "size": 62842195,
                "status": "active",
                "last_pulled": "2024-01-20T09:08:59.875103Z",
                "last_pushed": "2023-01-26T19:50:15.24589Z"
            },
            {
                "architecture": "arm64",
                "features": "",
                "variant": null,
                "digest": "sha256:9b44aac2203797b88aae8d5e1c3dbe9ddc2768257b433039d02e802beca02158",
                "os": "linux",
                "os_features": "",
                "os_version": null,
                "size": 59516792,
                "status": "active",
                "last_pulled": "2024-01-20T05:12:39.120651Z",
                "last_pushed": "2023-01-26T19:49:50.240191Z"
            },
            {
                "architecture": "386",
                "features": "",
                "variant": null,
                "digest": "sha256:f9970f64a594584956dcf2a8c172ec371c46e0b4abde41d8056142db4d7a3fc7",
                "os": "linux",
                "os_features": "",
                "os_version": null,
                "size": 61932509,
                "status": "active",
                "last_pulled": "2024-01-19T22:47:46.58693Z",
                "last_pushed": "2023-01-26T19:49:38.420901Z"
            }
        ],
        "last_updated": "2023-01-26T19:50:20.883886Z",
        "last_updater": 15167002,
        "last_updater_username": "hashicorpcrt",
        "name": "1.14.4",
        "repository": 646668,
        "full_size": 59990558,
        "v2": true,
        "tag_status": "active",
        "tag_last_pulled": "2024-01-20T09:14:10.779115Z",
        "tag_last_pushed": "2023-01-26T19:50:20.883886Z",
        "media_type": "application/vnd.docker.distribution.manifest.list.v2+json",
        "content_type": "image",
        "digest": "sha256:fd528c13fa4711843283836688a541d97f783ceeee3bc1bee06500d3064294e3"
    },
    {
        "creator": 15167002,
        "id": 375187640,
        "images": [
            {
                "architecture": "amd64",
                "features": "",
                "variant": null,
                "digest": "sha256:39d0d14312ca58d8556a0032e41f1fc41350bde47b1192a675a6d466ea910f46",
                "os": "linux",
                "os_features": "",
                "os_version": null,
                "size": 99938458,
                "status": "active",
                "last_pulled": "2024-01-20T01:00:17.361518Z",
                "last_pushed": "2023-01-26T19:50:52.089732Z"
            }
        ],
        "last_updated": "2023-01-26T19:50:52.302189Z",
        "last_updater": 15167002,
        "last_updater_username": "hashicorpcrt",
        "name": "1.14.4-ubi",
        "repository": 646668,
        "full_size": 99938458,
        "v2": true,
        "tag_status": "active",
        "tag_last_pulled": "2024-01-20T01:00:17.361518Z",
        "tag_last_pushed": "2023-01-26T19:50:52.302189Z",
        "media_type": "application/vnd.docker.container.image.v1+json",
        "content_type": "image",
        "digest": "sha256:39d0d14312ca58d8556a0032e41f1fc41350bde47b1192a675a6d466ea910f46"
    },
    {
        "creator": 15167002,
        "id": 401070689,
        "images": [
            {
                "architecture": "arm",
                "features": "",
                "variant": "v6",
                "digest": "sha256:05f5a6d2df60e19c261dd40177da1fc9b91e6f9532b71f1784d67be95e32fa05",
                "os": "linux",
                "os_features": "",
                "os_version": null,
                "size": 60727548,
                "status": "active",
                "last_pulled": "2024-01-20T00:01:28.604587Z",
                "last_pushed": "2023-03-08T16:29:09.370294Z"
            },
            {
                "architecture": "386",
                "features": "",
                "variant": null,
                "digest": "sha256:403ddb2c2b887b1188b51207263318bcf000d7227b964609ab3ab6bc48bed482",
                "os": "linux",
                "os_features": "",
                "os_version": null,
                "size": 62677375,
                "status": "active",
                "last_pulled": "2024-01-20T00:01:29.534866Z",
                "last_pushed": "2023-03-08T16:29:33.272482Z"
            },
            {
                "architecture": "arm64",
                "features": "",
                "variant": null,
                "digest": "sha256:57267f64c8717c8a31f883106eae8515ac27859443fa9412fca1297654f241ec",
                "os": "linux",
                "os_features": "",
                "os_version": null,
                "size": 60442492,
                "status": "active",
                "last_pulled": "2024-01-20T00:01:30.443398Z",
                "last_pushed": "2023-03-08T16:29:21.074479Z"
            },
            {
                "architecture": "amd64",
                "features": "",
                "variant": null,
                "digest": "sha256:9ed7f78a38041752b0243399b0c3847616f5910582001d378c181a8449d2789e",
                "os": "linux",
                "os_features": "",
                "os_version": null,
                "size": 63643334,
                "status": "active",
                "last_pulled": "2024-01-20T08:54:51.453129Z",
                "last_pushed": "2023-03-08T16:28:57.051199Z"
            }
        ],
        "last_updated": "2023-03-08T16:29:39.907758Z",
        "last_updater": 15167002,
        "last_updater_username": "hashicorpcrt",
        "name": "1.14.5",
        "repository": 646668,
        "full_size": 60727548,
        "v2": true,
        "tag_status": "active",
        "tag_last_pulled": "2024-01-20T08:54:51.453129Z",
        "tag_last_pushed": "2023-03-08T16:29:39.907758Z",
        "media_type": "application/vnd.docker.distribution.manifest.list.v2+json",
        "content_type": "image",
        "digest": "sha256:bc42042d6b821ecdac6c71e062c2cd499a5de3dd868d353add60621348d86368"
    },
    {
        "creator": 15167002,
        "id": 401070385,
        "images": [
            {
                "architecture": "amd64",
                "features": "",
                "variant": null,
                "digest": "sha256:2a8a9febfb07e48a14e6534e8faaed73458fa5033e821c6b9ec790d59aaf263f",
                "os": "linux",
                "os_features": "",
                "os_version": null,
                "size": 99893364,
                "status": "active",
                "last_pulled": "2024-01-20T01:00:15.37462Z",
                "last_pushed": "2023-03-08T16:28:34.421544Z"
            }
        ],
        "last_updated": "2023-03-08T16:28:34.629589Z",
        "last_updater": 15167002,
        "last_updater_username": "hashicorpcrt",
        "name": "1.14.5-ubi",
        "repository": 646668,
        "full_size": 99893364,
        "v2": true,
        "tag_status": "active",
        "tag_last_pulled": "2024-01-20T01:00:15.37462Z",
        "tag_last_pushed": "2023-03-08T16:28:34.629589Z",
        "media_type": "application/vnd.docker.container.image.v1+json",
        "content_type": "image",
        "digest": "sha256:2a8a9febfb07e48a14e6534e8faaed73458fa5033e821c6b9ec790d59aaf263f"
    },
    {
        "creator": 15167002,
        "id": 413729913,
        "images": [
            {
                "architecture": "386",
                "features": "",
                "variant": null,
                "digest": "sha256:04d7aeb753ca995a1fde89f5002ed2ddcf91c0bd5899568661aeb7a46bb49394",
                "os": "linux",
                "os_features": "",
                "os_version": null,
                "size": 62603662,
                "status": "active",
                "last_pulled": "2024-01-20T00:01:21.108045Z",
                "last_pushed": "2023-03-31T01:08:41.866011Z"
            },
            {
                "architecture": "arm64",
                "features": "",
                "variant": null,
                "digest": "sha256:2e0e3117fa6d9e2e1921929819db3c0332aef32c2a0db717473af4f9dab75f96",
                "os": "linux",
                "os_features": "",
                "os_version": null,
                "size": 60370739,
                "status": "active",
                "last_pulled": "2024-01-20T00:00:28.6594Z",
                "last_pushed": "2023-03-31T01:08:58.40869Z"
            },
            {
                "architecture": "amd64",
                "features": "",
                "variant": null,
                "digest": "sha256:a11b7048b5ddc325f3979705e8f8e8be3961f5098d6d3434803896a16429b6dd",
                "os": "linux",
                "os_features": "",
                "os_version": null,
                "size": 63562929,
                "status": "active",
                "last_pulled": "2024-01-20T00:01:22.578162Z",
                "last_pushed": "2023-03-31T01:09:24.023575Z"
            },
            {
                "architecture": "arm",
                "features": "",
                "variant": "v6",
                "digest": "sha256:c9f0a89d139692cd2d74885aa9b5a7ba82aa02990db279093f1a37566b1b75f2",
                "os": "linux",
                "os_features": "",
                "os_version": null,
                "size": 60658990,
                "status": "active",
                "last_pulled": "2024-01-20T00:01:23.3686Z",
                "last_pushed": "2023-03-31T01:09:09.378746Z"
            }
        ],
        "last_updated": "2023-03-31T01:09:30.753994Z",
        "last_updater": 15167002,
        "last_updater_username": "hashicorpcrt",
        "name": "1.14.6",
        "repository": 646668,
        "full_size": 62603662,
        "v2": true,
        "tag_status": "active",
        "tag_last_pulled": "2024-01-20T02:29:26.996502Z",
        "tag_last_pushed": "2023-03-31T01:09:30.753994Z",
        "media_type": "application/vnd.docker.distribution.manifest.list.v2+json",
        "content_type": "image",
        "digest": "sha256:6f2619fe2522f367f207432b759ffe5f8275a54b12488549b9892e08a5bd988a"
    },
    {
        "creator": 15167002,
        "id": 413730400,
        "images": [
            {
                "architecture": "amd64",
                "features": "",
                "variant": null,
                "digest": "sha256:14c5b6a1c97d9597e4c6657a413be2051d1e29594552b5a4f6fa66666c10bccb",
                "os": "linux",
                "os_features": "",
                "os_version": null,
                "size": 99811013,
                "status": "active",
                "last_pulled": "2024-01-20T01:00:14.271741Z",
                "last_pushed": "2023-03-31T01:09:58.847239Z"
            }
        ],
        "last_updated": "2023-03-31T01:09:59.048572Z",
        "last_updater": 15167002,
        "last_updater_username": "hashicorpcrt",
        "name": "1.14.6-ubi",
        "repository": 646668,
        "full_size": 99811013,
        "v2": true,
        "tag_status": "active",
        "tag_last_pulled": "2024-01-20T01:00:14.271741Z",
        "tag_last_pushed": "2023-03-31T01:09:59.048572Z",
        "media_type": "application/vnd.docker.container.image.v1+json",
        "content_type": "image",
        "digest": "sha256:14c5b6a1c97d9597e4c6657a413be2051d1e29594552b5a4f6fa66666c10bccb"
    },
    {
        "creator": 15167002,
        "id": 440174859,
        "images": [
            {
                "architecture": "arm64",
                "features": "",
                "variant": null,
                "digest": "sha256:04542dc6ff53174404f6375e64da4e4ff9f31433e739511b4720ad2be4b17443",
                "os": "linux",
                "os_features": "",
                "os_version": null,
                "size": 60785247,
                "status": "active",
                "last_pulled": "2024-01-19T22:47:47.205266Z",
                "last_pushed": "2023-05-16T16:52:18.514799Z"
            },
            {
                "architecture": "amd64",
                "features": "",
                "variant": null,
                "digest": "sha256:81ea3f546cc7e62f547d3f82eaa4721c9e2d39deb5dd85bf5d7f505d0da4193f",
                "os": "linux",
                "os_features": "",
                "os_version": null,
                "size": 63974658,
                "status": "active",
                "last_pulled": "2024-01-20T07:01:24.50147Z",
                "last_pushed": "2023-05-16T16:51:53.947339Z"
            },
            {
                "architecture": "386",
                "features": "",
                "variant": null,
                "digest": "sha256:fcc025bd93ae328d4346bba9072819b0f512b6ed52ffffcc311ce14920777096",
                "os": "linux",
                "os_features": "",
                "os_version": null,
                "size": 62993195,
                "status": "active",
                "last_pulled": "2024-01-19T22:47:47.846785Z",
                "last_pushed": "2023-05-16T16:52:06.267183Z"
            },
            {
                "architecture": "arm",
                "features": "",
                "variant": "v6",
                "digest": "sha256:ffd2a2174189d5b3d82ea529bb344c22e1965a8769adaac91d17d078c0cb2d27",
                "os": "linux",
                "os_features": "",
                "os_version": null,
                "size": 61051872,
                "status": "active",
                "last_pulled": "2024-01-19T22:47:48.177771Z",
                "last_pushed": "2023-05-16T16:52:29.512678Z"
            }
        ],
        "last_updated": "2023-05-16T16:52:35.386429Z",
        "last_updater": 15167002,
        "last_updater_username": "hashicorpcrt",
        "name": "1.14.7",
        "repository": 646668,
        "full_size": 60785247,
        "v2": true,
        "tag_status": "active",
        "tag_last_pulled": "2024-01-20T07:01:24.50147Z",
        "tag_last_pushed": "2023-05-16T16:52:35.386429Z",
        "media_type": "application/vnd.docker.distribution.manifest.list.v2+json",
        "content_type": "image",
        "digest": "sha256:828ec60e4af95882c2ddec12d6868d7b871b79bea8ee2b66f17ca416bd43825d"
    },
    {
        "creator": 15167002,
        "id": 440174397,
        "images": [
            {
                "architecture": "amd64",
                "features": "",
                "variant": null,
                "digest": "sha256:79c4f4a739b86c9404aa32f649b00ffaaacef06fae202df78a02599ea419e83b",
                "os": "linux",
                "os_features": "",
                "os_version": null,
                "size": 104103317,
                "status": "active",
                "last_pulled": "2024-01-20T01:00:13.407259Z",
                "last_pushed": "2023-05-16T16:51:31.545261Z"
            }
        ],
        "last_updated": "2023-05-16T16:51:31.696953Z",
        "last_updater": 15167002,
        "last_updater_username": "hashicorpcrt",
        "name": "1.14.7-ubi",
        "repository": 646668,
        "full_size": 104103317,
        "v2": true,
        "tag_status": "active",
        "tag_last_pulled": "2024-01-20T01:00:13.407259Z",
        "tag_last_pushed": "2023-05-16T16:51:31.696953Z",
        "media_type": "application/vnd.docker.container.image.v1+json",
        "content_type": "image",
        "digest": "sha256:79c4f4a739b86c9404aa32f649b00ffaaacef06fae202df78a02599ea419e83b"
    },
    {
        "creator": 15167002,
        "id": 463916276,
        "images": [
            {
                "architecture": "arm",
                "features": "",
                "variant": "v6",
                "digest": "sha256:8534c9ff2397cbd802f96e0a7dadf18292731b218a14a9f38604b679fd6651b8",
                "os": "linux",
                "os_features": "",
                "os_version": null,
                "size": 61098417,
                "status": "active",
                "last_pulled": "2024-01-20T00:00:59.664653Z",
                "last_pushed": "2023-06-26T19:18:30.474193Z"
            },
            {
                "architecture": "arm64",
                "features": "",
                "variant": null,
                "digest": "sha256:994415ca98445beaf4e3861cc424ac4553fe06ead0ae01a09b865a303e461da1",
                "os": "linux",
                "os_features": "",
                "os_version": null,
                "size": 60835757,
                "status": "active",
                "last_pulled": "2024-01-20T00:01:00.585515Z",
                "last_pushed": "2023-06-26T19:18:41.247875Z"
            },
            {
                "architecture": "amd64",
                "features": "",
                "variant": null,
                "digest": "sha256:ae1ccc19dd96d19f9664ce367b1f4f0dfdb03bd4c34374f777ab035530a73d41",
                "os": "linux",
                "os_features": "",
                "os_version": null,
                "size": 63999274,
                "status": "active",
                "last_pulled": "2024-01-20T04:36:55.056441Z",
                "last_pushed": "2023-06-26T19:19:03.891408Z"
            },
            {
                "architecture": "386",
                "features": "",
                "variant": null,
                "digest": "sha256:d528d26561a035d141da09f54344654ae773f7e2bb6b55a0825df11ee22e6e88",
                "os": "linux",
                "os_features": "",
                "os_version": null,
                "size": 63053039,
                "status": "active",
                "last_pulled": "2024-01-20T00:01:02.422356Z",
                "last_pushed": "2023-06-26T19:18:52.615083Z"
            }
        ],
        "last_updated": "2023-06-26T19:19:09.641655Z",
        "last_updater": 15167002,
        "last_updater_username": "hashicorpcrt",
        "name": "1.14.8",
        "repository": 646668,
        "full_size": 61098417,
        "v2": true,
        "tag_status": "active",
        "tag_last_pulled": "2024-01-20T04:36:55.056441Z",
        "tag_last_pushed": "2023-06-26T19:19:09.641655Z",
        "media_type": "application/vnd.docker.distribution.manifest.list.v2+json",
        "content_type": "image",
        "digest": "sha256:0e0437e4b46a02c8c9790d6f36e46d63b04ab0a5654aa1864295357416edb94d"
    },
    {
        "creator": 15167002,
        "id": 463916146,
        "images": [
            {
                "architecture": "amd64",
                "features": "",
                "variant": null,
                "digest": "sha256:b2914c528304b127d78f110f721880319f00a22c222d4d6a815f30b0e486b629",
                "os": "linux",
                "os_features": "",
                "os_version": null,
                "size": 100806095,
                "status": "active",
                "last_pulled": "2024-01-20T01:00:11.460878Z",
                "last_pushed": "2023-06-26T19:18:10.447997Z"
            }
        ],
        "last_updated": "2023-06-26T19:18:10.592374Z",
        "last_updater": 15167002,
        "last_updater_username": "hashicorpcrt",
        "name": "1.14.8-ubi",
        "repository": 646668,
        "full_size": 100806095,
        "v2": true,
        "tag_status": "active",
        "tag_last_pulled": "2024-01-20T01:00:11.460878Z",
        "tag_last_pushed": "2023-06-26T19:18:10.592374Z",
        "media_type": "application/vnd.docker.container.image.v1+json",
        "content_type": "image",
        "digest": "sha256:b2914c528304b127d78f110f721880319f00a22c222d4d6a815f30b0e486b629"
    },
    {
        "creator": 15167002,
        "id": 393695678,
        "images": [
            {
                "architecture": "amd64",
                "features": "",
                "variant": null,
                "digest": "sha256:0605479ff0f8774f89be73f80823ad8734f4060994c33c9cea3c9baef89b5deb",
                "os": "linux",
                "os_features": "",
                "os_version": null,
                "size": 65208213,
                "status": "active",
                "last_pulled": "2024-01-20T09:52:29.793132Z",
                "last_pushed": "2023-02-24T17:19:39.654829Z"
            },
            {
                "architecture": "arm",
                "features": "",
                "variant": "v6",
                "digest": "sha256:12a69ba6a2f661c69e508cb11975c93f2391e382a7a72fdb630ca84d37d44869",
                "os": "linux",
                "os_features": "",
                "os_version": null,
                "size": 62216448,
                "status": "active",
                "last_pulled": "2024-01-20T00:01:37.893273Z",
                "last_pushed": "2023-02-24T17:19:16.216737Z"
            },
            {
                "architecture": "386",
                "features": "",
                "variant": null,
                "digest": "sha256:18ec34e19c3d55e097973947bc8ee11da6803cfbb60db8ab2b4af1cf70fb9853",
                "os": "linux",
                "os_features": "",
                "os_version": null,
                "size": 64198602,
                "status": "active",
                "last_pulled": "2024-01-20T00:01:38.674558Z",
                "last_pushed": "2023-02-24T17:19:27.627537Z"
            },
            {
                "architecture": "arm64",
                "features": "",
                "variant": null,
                "digest": "sha256:e723b2bfc893d1da1fd44fdece1db2def26dc86459e1d7a856ac6b5b43058744",
                "os": "linux",
                "os_features": "",
                "os_version": null,
                "size": 61919801,
                "status": "active",
                "last_pulled": "2024-01-20T00:01:39.539094Z",
                "last_pushed": "2023-02-24T17:19:51.153553Z"
            }
        ],
        "last_updated": "2023-02-24T17:19:57.252736Z",
        "last_updater": 15167002,
        "last_updater_username": "hashicorpcrt",
        "name": "1.15.0",
        "repository": 646668,
        "full_size": 65208213,
        "v2": true,
        "tag_status": "active",
        "tag_last_pulled": "2024-01-20T09:52:29.793132Z",
        "tag_last_pushed": "2023-02-24T17:19:57.252736Z",
        "media_type": "application/vnd.docker.distribution.manifest.list.v2+json",
        "content_type": "image",
        "digest": "sha256:d513fa20ea34e99446c2ac5f92b4d76ec2cf95849863f128d859b51da6d36da1"
    },
    {
        "creator": 15167002,
        "id": 393696225,
        "images": [
            {
                "architecture": "amd64",
                "features": "",
                "variant": null,
                "digest": "sha256:07fb1977e069910da1391e32dc61bbc0b56ab627843a91076bcfdb1125cecbde",
                "os": "linux",
                "os_features": "",
                "os_version": null,
                "size": 101474284,
                "status": "active",
                "last_pulled": "2024-01-20T06:51:59.154267Z",
                "last_pushed": "2023-02-24T17:20:23.519636Z"
            }
        ],
        "last_updated": "2023-02-24T17:20:23.674558Z",
        "last_updater": 15167002,
        "last_updater_username": "hashicorpcrt",
        "name": "1.15.0-ubi",
        "repository": 646668,
        "full_size": 101474284,
        "v2": true,
        "tag_status": "active",
        "tag_last_pulled": "2024-01-20T06:51:59.154267Z",
        "tag_last_pushed": "2023-02-24T17:20:23.674558Z",
        "media_type": "application/vnd.docker.container.image.v1+json",
        "content_type": "image",
        "digest": "sha256:07fb1977e069910da1391e32dc61bbc0b56ab627843a91076bcfdb1125cecbde"
    },
    {
        "creator": 15167002,
        "id": 400582554,
        "images": [
            {
                "architecture": "386",
                "features": "",
                "variant": null,
                "digest": "sha256:034e8b20215638b656d5f9bd2a72ae75553381e6c02ef3fffaef8189087f784f",
                "os": "linux",
                "os_features": "",
                "os_version": null,
                "size": 64217431,
                "status": "active",
                "last_pulled": "2024-01-20T00:01:32.912675Z",
                "last_pushed": "2023-03-07T23:18:48.684551Z"
            },
            {
                "architecture": "arm64",
                "features": "",
                "variant": null,
                "digest": "sha256:07fbc057911bacc5f36f4e512e7b718526562de0ce709bae8a010600a620a422",
                "os": "linux",
                "os_features": "",
                "os_version": null,
                "size": 61933435,
                "status": "active",
                "last_pulled": "2024-01-20T00:01:33.798981Z",
                "last_pushed": "2023-03-07T23:19:00.463937Z"
            },
            {
                "architecture": "amd64",
                "features": "",
                "variant": null,
                "digest": "sha256:0dbed1016b01639c1e5308ce3c302c4e5dd47d0861088298a82c4ece3602feac",
                "os": "linux",
                "os_features": "",
                "os_version": null,
                "size": 65231199,
                "status": "active",
                "last_pulled": "2024-01-20T09:42:21.040468Z",
                "last_pushed": "2023-03-07T23:19:13.082464Z"
            },
            {
                "architecture": "arm",
                "features": "",
                "variant": "v6",
                "digest": "sha256:5bb6fd8105b781c36c4edb95a4b8ba53666f2d934f76d0baca0840fa2e0a076f",
                "os": "linux",
                "os_features": "",
                "os_version": null,
                "size": 62233064,
                "status": "active",
                "last_pulled": "2024-01-20T00:01:35.474063Z",
                "last_pushed": "2023-03-07T23:19:24.884558Z"
            }
        ],
        "last_updated": "2023-03-07T23:19:31.268222Z",
        "last_updater": 15167002,
        "last_updater_username": "hashicorpcrt",
        "name": "1.15.1",
        "repository": 646668,
        "full_size": 64217431,
        "v2": true,
        "tag_status": "active",
        "tag_last_pulled": "2024-01-20T09:42:21.040468Z",
        "tag_last_pushed": "2023-03-07T23:19:31.268222Z",
        "media_type": "application/vnd.docker.distribution.manifest.list.v2+json",
        "content_type": "image",
        "digest": "sha256:a4ae6aa13e1c621148f43cb5c1576c994a740b7535d7aad7070cd328acc1209a"
    },
    {
        "creator": 15167002,
        "id": 400582366,
        "images": [
            {
                "architecture": "amd64",
                "features": "",
                "variant": null,
                "digest": "sha256:943ce4530de514a8b61a5c71b8d543fdd4cb58ab93f68392b2bee190131ea42b",
                "os": "linux",
                "os_features": "",
                "os_version": null,
                "size": 101481408,
                "status": "active",
                "last_pulled": "2024-01-20T06:52:49.173618Z",
                "last_pushed": "2023-03-07T23:18:20.042597Z"
            }
        ],
        "last_updated": "2023-03-07T23:18:20.180834Z",
        "last_updater": 15167002,
        "last_updater_username": "hashicorpcrt",
        "name": "1.15.1-ubi",
        "repository": 646668,
        "full_size": 101481408,
        "v2": true,
        "tag_status": "active",
        "tag_last_pulled": "2024-01-20T06:52:49.173618Z",
        "tag_last_pushed": "2023-03-07T23:18:20.180834Z",
        "media_type": "application/vnd.docker.container.image.v1+json",
        "content_type": "image",
        "digest": "sha256:943ce4530de514a8b61a5c71b8d543fdd4cb58ab93f68392b2bee190131ea42b"
    },
    {
        "creator": 15167002,
        "id": 413733770,
        "images": [
            {
                "architecture": "amd64",
                "features": "",
                "variant": null,
                "digest": "sha256:c60d8d42f8d77bf74b1f154e9479d3632484cfa9fbc8e4f4611eec92e546ea1e",
                "os": "linux",
                "os_features": "",
                "os_version": null,
                "size": 65250197,
                "status": "active",
                "last_pulled": "2024-01-20T09:26:07.212521Z",
                "last_pushed": "2023-03-31T10:59:20.744127Z"
            },
            {
                "architecture": "arm64",
                "features": "",
                "variant": null,
                "digest": "sha256:eade80704e7cd841d797fc98eb85c62e1b6dbf12304fa7201c70993e46069238",
                "os": "linux",
                "os_features": "",
                "os_version": null,
                "size": 61973928,
                "status": "active",
                "last_pulled": "2024-01-20T05:21:53.318813Z",
                "last_pushed": "2023-03-31T10:58:45.134191Z"
            },
            {
                "architecture": "386",
                "features": "",
                "variant": null,
                "digest": "sha256:f623b9d6398ca4276bba088ff869e9e742cae6b3e05982067154b37fb5026585",
                "os": "linux",
                "os_features": "",
                "os_version": null,
                "size": 64234008,
                "status": "active",
                "last_pulled": "2024-01-20T00:01:18.669659Z",
                "last_pushed": "2023-03-31T10:59:09.531961Z"
            },
            {
                "architecture": "arm",
                "features": "",
                "variant": "v6",
                "digest": "sha256:f89671b36a538a8dbc5fbfdb6975f2ae0d445f83c73e5ae41635f839266eaa00",
                "os": "linux",
                "os_features": "",
                "os_version": null,
                "size": 62243562,
                "status": "active",
                "last_pulled": "2024-01-20T00:01:19.508135Z",
                "last_pushed": "2023-03-31T10:58:55.94965Z"
            }
        ],
        "last_updated": "2023-03-31T10:59:27.716706Z",
        "last_updater": 15167002,
        "last_updater_username": "hashicorpcrt",
        "name": "1.15.2",
        "repository": 646668,
        "full_size": 65250197,
        "v2": true,
        "tag_status": "active",
        "tag_last_pulled": "2024-01-20T09:38:06.16386Z",
        "tag_last_pushed": "2023-03-31T10:59:27.716706Z",
        "media_type": "application/vnd.docker.distribution.manifest.list.v2+json",
        "content_type": "image",
        "digest": "sha256:c2169f3bb18dd947ae8eb5f6766896695c71fb439f050a3343e0007d895615b8"
    },
    {
        "creator": 15167002,
        "id": 413734597,
        "images": [
            {
                "architecture": "amd64",
                "features": "",
                "variant": null,
                "digest": "sha256:6d75d8a465c9df811990f21fa5656335387a330c57a8fef01a88d5294c044083",
                "os": "linux",
                "os_features": "",
                "os_version": null,
                "size": 101497837,
                "status": "active",
                "last_pulled": "2024-01-20T02:38:20.803842Z",
                "last_pushed": "2023-03-31T10:59:52.809936Z"
            }
        ],
        "last_updated": "2023-03-31T10:59:52.809936Z",
        "last_updater": 15167002,
        "last_updater_username": "hashicorpcrt",
        "name": "1.15.2-ubi",
        "repository": 646668,
        "full_size": 101497837,
        "v2": true,
        "tag_status": "active",
        "tag_last_pulled": "2024-01-20T02:38:20.803842Z",
        "tag_last_pushed": "2023-03-31T10:59:52.809936Z",
        "media_type": "application/vnd.docker.container.image.v1+json",
        "content_type": "image",
        "digest": "sha256:6d75d8a465c9df811990f21fa5656335387a330c57a8fef01a88d5294c044083"
    },
    {
        "creator": 15167002,
        "id": 449467423,
        "images": [
            {
                "architecture": "arm64",
                "features": "",
                "variant": null,
                "digest": "sha256:2215cbfe77904bf0825feec752855e8d3ce9dd2526281aa179466b2b76eef675",
                "os": "linux",
                "os_features": "",
                "os_version": null,
                "size": 63299291,
                "status": "active",
                "last_pulled": "2024-01-20T08:52:58.943876Z",
                "last_pushed": "2023-06-01T22:28:22.839901Z"
            },
            {
                "architecture": "arm",
                "features": "",
                "variant": "v6",
                "digest": "sha256:5963e5eaf25ca30124b323276a83101459cc7a6fdf32c423aef22e1b35dcbdf3",
                "os": "linux",
                "os_features": "",
                "os_version": null,
                "size": 63546900,
                "status": "active",
                "last_pulled": "2024-01-20T00:01:09.641656Z",
                "last_pushed": "2023-06-01T22:28:12.648652Z"
            },
            {
                "architecture": "386",
                "features": "",
                "variant": null,
                "digest": "sha256:99a44646c359f2f59ff839e64b43c9ac8a4364ed26b7a4a28fa39b77387bd6ee",
                "os": "linux",
                "os_features": "",
                "os_version": null,
                "size": 67582838,
                "status": "active",
                "last_pulled": "2024-01-20T00:01:10.431334Z",
                "last_pushed": "2023-06-01T22:28:45.019509Z"
            },
            {
                "architecture": "amd64",
                "features": "",
                "variant": null,
                "digest": "sha256:a573d874ffe622fa9da562a6cba44cd586d632276117ebc7d349f3dceca2d26e",
                "os": "linux",
                "os_features": "",
                "os_version": null,
                "size": 68638892,
                "status": "active",
                "last_pulled": "2024-01-20T09:41:20.724032Z",
                "last_pushed": "2023-06-01T22:28:34.138911Z"
            }
        ],
        "last_updated": "2023-06-01T22:28:50.162654Z",
        "last_updater": 15167002,
        "last_updater_username": "hashicorpcrt",
        "name": "1.15.3",
        "repository": 646668,
        "full_size": 63299291,
        "v2": true,
        "tag_status": "active",
        "tag_last_pulled": "2024-01-20T09:57:32.448596Z",
        "tag_last_pushed": "2023-06-01T22:28:50.162654Z",
        "media_type": "application/vnd.docker.distribution.manifest.list.v2+json",
        "content_type": "image",
        "digest": "sha256:ddff34041c5c7cda3ef8ab4c6cb48ccf81797f73b5e5677d10a6dbf009101b10"
    },
    {
        "creator": 15167002,
        "id": 449467308,
        "images": [
            {
                "architecture": "amd64",
                "features": "",
                "variant": null,
                "digest": "sha256:5260e684adebc0e8c9a20cce5d9d306ad1b63f402ab3cc85ee49bed70ba3f8e9",
                "os": "linux",
                "os_features": "",
                "os_version": null,
                "size": 102909522,
                "status": "active",
                "last_pulled": "2024-01-20T03:16:10.811707Z",
                "last_pushed": "2023-06-01T22:27:53.327219Z"
            }
        ],
        "last_updated": "2023-06-01T22:27:53.472908Z",
        "last_updater": 15167002,
        "last_updater_username": "hashicorpcrt",
        "name": "1.15.3-ubi",
        "repository": 646668,
        "full_size": 102909522,
        "v2": true,
        "tag_status": "active",
        "tag_last_pulled": "2024-01-20T03:16:10.811707Z",
        "tag_last_pushed": "2023-06-01T22:27:53.472908Z",
        "media_type": "application/vnd.docker.container.image.v1+json",
        "content_type": "image",
        "digest": "sha256:5260e684adebc0e8c9a20cce5d9d306ad1b63f402ab3cc85ee49bed70ba3f8e9"
    },
    {
        "creator": 15167002,
        "id": 463916485,
        "images": [
            {
                "architecture": "386",
                "features": "",
                "variant": null,
                "digest": "sha256:4a0a6aca1c02958c8e1362dca12b3b72e4e2019c5df3aaa99c694a6bf2437053",
                "os": "linux",
                "os_features": "",
                "os_version": null,
                "size": 65134380,
                "status": "active",
                "last_pulled": "2024-01-20T00:00:56.134051Z",
                "last_pushed": "2023-06-26T19:19:07.177983Z"
            },
            {
                "architecture": "arm",
                "features": "",
                "variant": "v6",
                "digest": "sha256:5ef05a1418f930606ca985f22c64cc3ae23ef58019c3f3b4fa08098183a18cd6",
                "os": "linux",
                "os_features": "",
                "os_version": null,
                "size": 63169522,
                "status": "active",
                "last_pulled": "2024-01-20T00:00:56.955602Z",
                "last_pushed": "2023-06-26T19:19:17.756036Z"
            },
            {
                "architecture": "arm64",
                "features": "",
                "variant": null,
                "digest": "sha256:98f5ecc2c7c4ca54dfc9c5d3c2839114df276547ba206a6f36377b56e939bfd5",
                "os": "linux",
                "os_features": "",
                "os_version": null,
                "size": 62928075,
                "status": "active",
                "last_pulled": "2024-01-20T00:00:57.68491Z",
                "last_pushed": "2023-06-26T19:18:45.106163Z"
            },
            {
                "architecture": "amd64",
                "features": "",
                "variant": null,
                "digest": "sha256:afc44998dc5ac84bdaea58c3aae34122a59c9fa042ae9615e6641b96a744af2f",
                "os": "linux",
                "os_features": "",
                "os_version": null,
                "size": 66203033,
                "status": "active",
                "last_pulled": "2024-01-20T04:43:08.163859Z",
                "last_pushed": "2023-06-26T19:18:56.883865Z"
            }
        ],
        "last_updated": "2023-06-26T19:19:23.836022Z",
        "last_updater": 15167002,
        "last_updater_username": "hashicorpcrt",
        "name": "1.15.4",
        "repository": 646668,
        "full_size": 65134380,
        "v2": true,
        "tag_status": "active",
        "tag_last_pulled": "2024-01-20T09:18:32.977875Z",
        "tag_last_pushed": "2023-06-26T19:19:23.836022Z",
        "media_type": "application/vnd.docker.distribution.manifest.list.v2+json",
        "content_type": "image",
        "digest": "sha256:3687a77458411c20dc099c5b955d221669b0b7c2fc8c8a2673eca4047df2c3cd"
    },
    {
        "creator": 15167002,
        "id": 463916238,
        "images": [
            {
                "architecture": "amd64",
                "features": "",
                "variant": null,
                "digest": "sha256:439b9eaba811bc0b14cb22d2275fea7c9a3d7069851eb8ba538d7c32dcff3d7c",
                "os": "linux",
                "os_features": "",
                "os_version": null,
                "size": 103009671,
                "status": "active",
                "last_pulled": "2024-01-20T03:16:19.714005Z",
                "last_pushed": "2023-06-26T19:18:25.724519Z"
            }
        ],
        "last_updated": "2023-06-26T19:18:25.937911Z",
        "last_updater": 15167002,
        "last_updater_username": "hashicorpcrt",
        "name": "1.15.4-ubi",
        "repository": 646668,
        "full_size": 103009671,
        "v2": true,
        "tag_status": "active",
        "tag_last_pulled": "2024-01-20T03:16:19.714005Z",
        "tag_last_pushed": "2023-06-26T19:18:25.937911Z",
        "media_type": "application/vnd.docker.container.image.v1+json",
        "content_type": "image",
        "digest": "sha256:439b9eaba811bc0b14cb22d2275fea7c9a3d7069851eb8ba538d7c32dcff3d7c"
    },
    {
        "creator": 15167002,
        "id": 464023087,
        "images": [
            {
                "architecture": "amd64",
                "features": "",
                "variant": null,
                "digest": "sha256:483db7326a4072988db10da2bc07e8476c879887063b1b01c4a2e926de2743f1",
                "os": "linux",
                "os_features": "",
                "os_version": null,
                "size": 72485072,
                "status": "active",
                "last_pulled": "2024-01-20T09:12:56.309518Z",
                "last_pushed": "2023-06-26T23:15:12.878633Z"
            },
            {
                "architecture": "arm",
                "features": "",
                "variant": "v6",
                "digest": "sha256:6fac0016bb28c66f327b67f35c293958b7dd860cf268c8fb2bfd0ef3436416aa",
                "os": "linux",
                "os_features": "",
                "os_version": null,
                "size": 69186240,
                "status": "active",
                "last_pulled": "2024-01-20T00:00:53.131445Z",
                "last_pushed": "2023-06-26T23:14:37.587118Z"
            },
            {
                "architecture": "386",
                "features": "",
                "variant": null,
                "digest": "sha256:88fa2f2817eea04f5f50ce617e864fefcaf079482603a9c255d39eb5b1e4972b",
                "os": "linux",
                "os_features": "",
                "os_version": null,
                "size": 70380103,
                "status": "active",
                "last_pulled": "2024-01-20T00:00:53.930111Z",
                "last_pushed": "2023-06-26T23:14:59.77015Z"
            },
            {
                "architecture": "arm64",
                "features": "",
                "variant": null,
                "digest": "sha256:d72fa13cde4e992a04c46b919941c945e463747e47a3f4a4f9298dde5bcaf60a",
                "os": "linux",
                "os_features": "",
                "os_version": null,
                "size": 69034335,
                "status": "active",
                "last_pulled": "2024-01-20T00:00:54.683706Z",
                "last_pushed": "2023-06-26T23:14:48.70986Z"
            }
        ],
        "last_updated": "2023-06-26T23:15:18.821796Z",
        "last_updater": 15167002,
        "last_updater_username": "hashicorpcrt",
        "name": "1.16.0",
        "repository": 646668,
        "full_size": 72485072,
        "v2": true,
        "tag_status": "active",
        "tag_last_pulled": "2024-01-20T09:12:56.309518Z",
        "tag_last_pushed": "2023-06-26T23:15:18.821796Z",
        "media_type": "application/vnd.docker.distribution.manifest.list.v2+json",
        "content_type": "image",
        "digest": "sha256:31818010adabea72f1263552270c436113415ecdf856b2020f81e809d0f987e6"
    },
    {
        "creator": 15167002,
        "id": 455873903,
        "images": [
            {
                "architecture": "386",
                "features": "",
                "variant": null,
                "digest": "sha256:3d7e92c82d866c25e804dc0b27bdd339690a2edcd61c36eb73f0a90fccc5a11b",
                "os": "linux",
                "os_features": "",
                "os_version": null,
                "size": 73361372,
                "status": "active",
                "last_pulled": "2024-01-11T13:04:59.038601Z",
                "last_pushed": "2023-06-12T12:28:49.393912Z"
            },
            {
                "architecture": "amd64",
                "features": "",
                "variant": null,
                "digest": "sha256:8cc6af12e41db566ef5e297680250140de12292eb7d838fcad5198ef7d09b832",
                "os": "linux",
                "os_features": "",
                "os_version": null,
                "size": 74642147,
                "status": "active",
                "last_pulled": "2024-01-19T10:23:25.696949Z",
                "last_pushed": "2023-06-12T12:28:37.542765Z"
            },
            {
                "architecture": "arm",
                "features": "",
                "variant": "v6",
                "digest": "sha256:cebc4e7c3f3e8827aa83a1e65615902aa4ab11fb7b2d4a64cd9ca3c23bf63c84",
                "os": "linux",
                "os_features": "",
                "os_version": null,
                "size": 69282882,
                "status": "active",
                "last_pulled": "2024-01-11T13:04:59.405476Z",
                "last_pushed": "2023-06-12T12:28:24.601451Z"
            },
            {
                "architecture": "arm64",
                "features": "",
                "variant": null,
                "digest": "sha256:e03dc54ce8c30b7bc25fe260d32f5757899777fd4c5e735201dca0ed84c97ca2",
                "os": "linux",
                "os_features": "",
                "os_version": null,
                "size": 68957616,
                "status": "active",
                "last_pulled": "2024-01-11T13:04:59.599629Z",
                "last_pushed": "2023-06-12T12:29:01.001315Z"
            }
        ],
        "last_updated": "2023-06-12T12:29:06.319656Z",
        "last_updater": 15167002,
        "last_updater_username": "hashicorpcrt",
        "name": "1.16.0-rc1",
        "repository": 646668,
        "full_size": 73361372,
        "v2": true,
        "tag_status": "active",
        "tag_last_pulled": "2024-01-20T01:00:11.888984Z",
        "tag_last_pushed": "2023-06-12T12:29:06.319656Z",
        "media_type": "application/vnd.docker.distribution.manifest.list.v2+json",
        "content_type": "image",
        "digest": "sha256:85df03e7b2e4dcdf844f822dcf8625ce27962982ac3858c88eda6605261dc2a1"
    },
    {
        "creator": 15167002,
        "id": 455873802,
        "images": [
            {
                "architecture": "amd64",
                "features": "",
                "variant": null,
                "digest": "sha256:695da38ea34796a2013a02cbcd7d27ef17af91e69b6a5e3441f7059cae271442",
                "os": "linux",
                "os_features": "",
                "os_version": null,
                "size": 108912610,
                "status": "active",
                "last_pulled": "2024-01-20T01:00:12.153166Z",
                "last_pushed": "2023-06-12T12:28:12.845321Z"
            }
        ],
        "last_updated": "2023-06-12T12:28:13.014132Z",
        "last_updater": 15167002,
        "last_updater_username": "hashicorpcrt",
        "name": "1.16.0-rc1-ubi",
        "repository": 646668,
        "full_size": 108912610,
        "v2": true,
        "tag_status": "active",
        "tag_last_pulled": "2024-01-20T01:00:12.153166Z",
        "tag_last_pushed": "2023-06-12T12:28:13.014132Z",
        "media_type": "application/vnd.docker.container.image.v1+json",
        "content_type": "image",
        "digest": "sha256:695da38ea34796a2013a02cbcd7d27ef17af91e69b6a5e3441f7059cae271442"
    },
    {
        "creator": 15167002,
        "id": 464022969,
        "images": [
            {
                "architecture": "amd64",
                "features": "",
                "variant": null,
                "digest": "sha256:013479c7b837330bb867be416a71799e91fb7b8997ea4f7159397490ff2d67f0",
                "os": "linux",
                "os_features": "",
                "os_version": null,
                "size": 109053751,
                "status": "active",
                "last_pulled": "2024-01-20T01:00:10.23757Z",
                "last_pushed": "2023-06-26T23:14:17.52541Z"
            }
        ],
        "last_updated": "2023-06-26T23:14:17.653999Z",
        "last_updater": 15167002,
        "last_updater_username": "hashicorpcrt",
        "name": "1.16.0-ubi",
        "repository": 646668,
        "full_size": 109053751,
        "v2": true,
        "tag_status": "active",
        "tag_last_pulled": "2024-01-20T01:00:10.23757Z",
        "tag_last_pushed": "2023-06-26T23:14:17.653999Z",
        "media_type": "application/vnd.docker.container.image.v1+json",
        "content_type": "image",
        "digest": "sha256:013479c7b837330bb867be416a71799e91fb7b8997ea4f7159397490ff2d67f0"
    }
]