[
    {
        "creator": 15167002,
        "id": 199010550,
        "images": [
            {
                "architecture": "386",
                "features": "",
                "variant": null,
                "digest": "sha256:4da4f761d2e9542b755c81eba366de9c4562164241d4c2ffc6497184c7da432b",
                "os": "linux",
                "os_features": "",
                "os_version": null,
                "size": 81810695,
                "status": "active",
                "last_pulled": "2024-01-19T11:48:10.787638Z",
                "last_pushed": "2023-03-01T21:13:14.194165Z"
            },
            {
                "architecture": "amd64",
                "features": "",
                "variant": null,
                "digest": "sha256:874726e77ada561e767ad064ef74b334d2e0accd2a4dc988f6388dc2d7e1677f",
                "os": "linux",
                "os_features": "",
                "os_version": null,
                "size": 85050408,
                "status": "active",
                "last_pulled": "2024-01-20T02:55:48.598401Z",
                "last_pushed": "2023-03-01T21:13:59.787194Z"
            },
            {
                "architecture": "arm",
                "features": "",
                "variant": "v6",
                "digest": "sha256:91322eeb756d421dd103df6ca35c8060e3eed0fce7f85876f1f1c5eeaf46db6b",
                "os": "linux",
                "os_features": "",
                "os_version": null,
                "size": 80162954,
                "status": "active",
                "last_pulled": "2024-01-19T11:48:12.709537Z",
                "last_pushed": "2023-03-01T21:13:43.311432Z"
            },
            {
                "architecture": "arm64",
                "features": "",
                "variant": null,
                "digest": "sha256:98ac48d2d3247ec64427a7fcbbceacf4403ba01b71c46f66b8a301679c2831ba",
                "os": "linux",
                "os_features": "",
                "os_version": null,
                "size": 80166360,
                "status": "active",
                "last_pulled": "2024-01-19T11:48:13.792903Z",
                "last_pushed": "2023-03-01T21:13:29.098538Z"
            }
        ],
        "last_updated": "2023-03-01T21:14:20.58484Z",
        "last_updater": 15167002,
        "last_updater_username": "hashicorpcrt",
        "name": "1.10",
        "repository": 783490,
        "full_size": 81810695,
        "v2": true,
        "tag_status": "active",
        "tag_last_pulled": "2024-01-20T09:27:59.92111Z",
        "tag_last_pushed": "2023-03-01T21:14:20.58484Z",
        "media_type": "application/vnd.docker.distribution.manifest.list.v2+json",
        "content_type": "image",
        "digest": "sha256:93ffc961e66dd2bc052e5b91bc7e7d97a64f79387f9e4cf796ed09c03ad89623"
    },
    {
        "creator": 15167002,
        "id": 381849758,
        "images": [
            {
                "architecture": "386",
                "features": "",
                "variant": null,
                "digest": "sha256:357cdd34d4fc9bbbd725b827030a6c290c1deb0999d0eaa17c047bc0b39f0796",
                "os": "linux",
                "os_features": "",
                "os_version": null,
                "size": 81797835,
                "status": "active",
                "last_pulled": "2024-01-19T11:48:34.622553Z",
                "last_pushed": "2023-02-06T15:42:06.384781Z"
            },
            {
                "architecture": "amd64",
                "features": "",
                "variant": null,
                "digest": "sha256:95c5e8c2d1ef43c1c61e48ca38c0c82178d4835d5c512dbacae3b00500f049ed",
                "os": "linux",
                "os_features": "",
                "os_version": null,
                "size": 85054600,
                "status": "active",
                "last_pulled": "2024-01-20T01:30:08.65149Z",
                "last_pushed": "2023-02-06T15:42:23.211446Z"
            },
            {
                "architecture": "arm64",
                "features": "",
                "variant": null,
                "digest": "sha256:bd30310f390738b448e5ee945f3bee3ec14c925b4c3021d718d8e76ab50d2558",
                "os": "linux",
                "os_features": "",
                "os_version": null,
                "size": 80150591,
                "status": "active",
                "last_pulled": "2024-01-19T11:48:37.388619Z",
                "last_pushed": "2023-02-06T15:41:51.113993Z"
            },
            {
                "architecture": "arm",
                "features": "",
                "variant": "v6",
                "digest": "sha256:c359ee0d896065be88e4fa86e9a668e59b3f36f7dc0b9e12ccc5ff3bd4f82c29",
                "os": "linux",
                "os_features": "",
                "os_version": null,
                "size": 80150688,
                "status": "active",
                "last_pulled": "2024-01-19T11:48:38.32423Z",
                "last_pushed": "2023-02-06T15:41:35.71786Z"
            }
        ],
        "last_updated": "2023-02-06T15:42:29.545114Z",
        "last_updater": 15167002,
        "last_updater_username": "hashicorpcrt",
        "name": "1.10.10",
        "repository": 783490,
        "full_size": 81797835,
        "v2": true,
        "tag_status": "active",
        "tag_last_pulled": "2024-01-20T08:55:41.940785Z",
        "tag_last_pushed": "2023-02-06T15:42:29.545114Z",
        "media_type": "application/vnd.docker.distribution.manifest.list.v2+json",
        "content_type": "image",
        "digest": "sha256:386e2d62c1d18c933889e2c7fd34a3fb2cd38baac5ac59ed75eb66462b2b10a4"
    },
    {
        "creator": 15167002,
        "id": 396637776,
        "images": [
            {
                "architecture": "386",
                "features": "",
                "variant": null,
                "digest": "sha256:4da4f761d2e9542b755c81eba366de9c4562164241d4c2ffc6497184c7da432b",
                "os": "linux",
                "os_features": "",
                "os_version": null,
                "size": 81810695,
                "status": "active",
                "last_pulled": "2024-01-19T11:48:10.787638Z",
                "last_pushed": "2023-03-01T21:13:14.194165Z"
            },
            {
                "architecture": "amd64",
                "features": "",
                "variant": null,
                "digest": "sha256:874726e77ada561e767ad064ef74b334d2e0accd2a4dc988f6388dc2d7e1677f",
                "os": "linux",
                "os_features": "",
                "os_version": null,
                "size": 85050408,
                "status": "active",
                "last_pulled": "2024-01-20T02:55:48.598401Z",
                "last_pushed": "2023-03-01T21:13:59.787194Z"
            },
            {
                "architecture": "arm",
                "features": "",
                "variant": "v6",
                "digest": "sha256:91322eeb756d421dd103df6ca35c8060e3eed0fce7f85876f1f1c5eeaf46db6b",
                "os": "linux",
                "os_features": "",
                "os_version": null,
                "size": 80162954,
                "status": "active",
                "last_pulled": "2024-01-19T11:48:12.709537Z",
                "last_pushed": "2023-03-01T21:13:43.311432Z"
            },
            {
                "architecture": "arm64",
                "features": "",
                "variant": null,
                "digest": "sha256:98ac48d2d3247ec64427a7fcbbceacf4403ba01b71c46f66b8a301679c2831ba",
                "os": "linux",
                "os_features": "",
                "os_version": null,
                "size": 80166360,
                "status": "active",
                "last_pulled": "2024-01-19T11:48:13.792903Z",
                "last_pushed": "2023-03-01T21:13:29.098538Z"
            }
        ],
        "last_updated": "2023-03-01T21:14:07.079488Z",
        "last_updater": 15167002,
        "last_updater_username": "hashicorpcrt",
        "name": "1.10.11",
        "repository": 783490,
        "full_size": 81810695,
        "v2": true,
        "tag_status": "active",
        "tag_last_pulled": "2024-01-20T09:27:59.92111Z",
        "tag_last_pushed": "2023-03-01T21:14:07.079488Z",
        "media_type": "application/vnd.docker.distribution.manifest.list.v2+json",
        "content_type": "image",
        "digest": "sha256:93ffc961e66dd2bc052e5b91bc7e7d97a64f79387f9e4cf796ed09c03ad89623"
    },
    {
        "creator": 15167002,
        "id": 238276102,
        "images": [
            {
                "architecture": "amd64",
                "features": "",
                "variant": null,
                "digest": "sha256:0c73a516b447b4e7817c8e81d1615fc01b54b326156b2678f1614bc3de847a93",
                "os": "linux",
                "os_features": "",
                "os_version": null,
                "size": 81097548,
                "status": "active",
                "last_pulled": "2024-01-20T09:20:48.745488Z",
                "last_pushed": "2023-06-20T16:40:05.818172Z"
            },
            {
                "architecture": "arm",
                "features": "",
                "variant": "v6",
                "digest": "sha256:965ff9e6778c13a91c11fff7ea2d46eeb9249749d268414d32178989426a97c7",
                "os": "linux",
                "os_features": "",
                "os_version": null,
                "size": 76191964,
                "status": "active",
                "last_pulled": "2024-01-19T18:58:25.845327Z",
                "last_pushed": "2023-06-20T16:40:33.373633Z"
            },
            {
                "architecture": "386",
                "features": "",
                "variant": null,
                "digest": "sha256:c3717913ad80d89b64b9028a4eb81322007af0e696d192f86bde2728d9faaf93",
                "os": "linux",
                "os_features": "",
                "os_version": null,
                "size": 77916217,
                "status": "active",
                "last_pulled": "2024-01-20T09:23:29.637262Z",
                "last_pushed": "2023-06-20T16:40:19.729439Z"
            },
            {
                "architecture": "arm64",
                "features": "",
                "variant": null,
                "digest": "sha256:c9e3f689c7b3481030c83987b5ba3020dd8c87d1f38f0b4984ff5f34ff447e51",
                "os": "linux",
                "os_features": "",
                "os_version": null,
                "size": 76382407,
                "status": "active",
                "last_pulled": "2024-01-20T02:00:18.070413Z",
                "last_pushed": "2023-06-20T16:40:47.012001Z"
            }
        ],
        "last_updated": "2023-06-20T16:41:04.776058Z",
        "last_updater": 15167002,
        "last_updater_username": "hashicorpcrt",
        "name": "1.11",
        "repository": 783490,
        "full_size": 81097548,
        "v2": true,
        "tag_status": "active",
        "tag_last_pulled": "2024-01-20T09:23:29.637262Z",
        "tag_last_pushed": "2023-06-20T16:41:04.776058Z",
        "media_type": "application/vnd.docker.distribution.manifest.list.v2+json",
        "content_type": "image",
        "digest": "sha256:727a0c96bdb0cc848c75df2d49a41e5b7a3ae6df8f454fa5823c06c595e3b2e5"
    },
    {
        "creator": 15167002,
        "id": 428468470,
        "images": [
            {
                "architecture": "arm",
                "features": "",
                "variant": "v6",
                "digest": "sha256:2f89f02134d077412eeab975fcf207340bf25282b2e6528513534cecf3329be9",
                "os": "linux",
                "os_features": "",
                "os_version": null,
                "size": 76123461,
                "status": "active",
                "last_pulled": "2024-01-19T11:49:52.687636Z",
                "last_pushed": "2023-04-26T14:58:25.093105Z"
            },
            {
                "architecture": "386",
                "features": "",
                "variant": null,
                "digest": "sha256:44a172c7fbe9390fc9f7d13f6fa818a91166e46873a6467f999c70224d767d76",
                "os": "linux",
                "os_features": "",
                "os_version": null,
                "size": 77836973,
                "status": "active",
                "last_pulled": "2024-01-19T11:49:53.714052Z",
                "last_pushed": "2023-04-26T14:57:37.538866Z"
            },
            {
                "architecture": "amd64",
                "features": "",
                "variant": null,
                "digest": "sha256:6aadd99310d8953d5d3ad941e829282677821a3b6fe3eada10c871610499e229",
                "os": "linux",
                "os_features": "",
                "os_version": null,
                "size": 81010815,
                "status": "active",
                "last_pulled": "2024-01-19T11:49:54.709419Z",
                "last_pushed": "2023-04-26T14:58:11.589966Z"
            },
            {
                "architecture": "arm64",
                "features": "",
                "variant": null,
                "digest": "sha256:95caf7775dbe1c29a00f3d42fc78507e6faea8d312a942c1ae16f7aca5e717ec",
                "os": "linux",
                "os_features": "",
                "os_version": null,
                "size": 76288488,
                "status": "active",
                "last_pulled": "2024-01-19T11:49:55.642353Z",
                "last_pushed": "2023-04-26T14:57:51.336624Z"
            }
        ],
        "last_updated": "2023-04-26T14:58:31.190146Z",
        "last_updater": 15167002,
        "last_updater_username": "hashicorpcrt",
        "name": "1.11.10",
        "repository": 783490,
        "full_size": 76123461,
        "v2": true,
        "tag_status": "active",
        "tag_last_pulled": "2024-01-20T08:53:03.20543Z",
        "tag_last_pushed": "2023-04-26T14:58:31.190146Z",
        "media_type": "application/vnd.docker.distribution.manifest.list.v2+json",
        "content_type": "image",
        "digest": "sha256:cd8b68c0e30c0f76284a0fe2189103e5148e6cd8339e27b4dd0fcaf3ac0bb8e3"
    },
    {
        "creator": 15167002,
        "id": 453501855,
        "images": [
            {
                "architecture": "arm64",
                "features": "",
                "variant": null,
                "digest": "sha256:05fc35da9d06e42d96f18078001ebf7451841dfb1814682e843ff17921d628ed",
                "os": "linux",
                "os_features": "",
                "os_version": null,
                "size": 76291448,
                "status": "active",
                "last_pulled": "2024-01-19T11:49:58.105116Z",
                "last_pushed": "2023-06-07T21:20:03.088388Z"
            },
            {
                "architecture": "amd64",
                "features": "",
                "variant": null,
                "digest": "sha256:10a192dadb0fdb5c45ea2fe0cd44284f6ed17b5a2a0283a3e2bd145df9fe6917",
                "os": "linux",
                "os_features": "",
                "os_version": null,
                "size": 81017086,
                "status": "active",
                "last_pulled": "2024-01-19T11:49:59.12513Z",
                "last_pushed": "2023-06-07T21:19:21.694279Z"
            },
            {
                "architecture": "386",
                "features": "",
                "variant": null,
                "digest": "sha256:8e63e1c72eb5452f4c8472745ba485eaf846d3c03409fb4f37a8bc387b2f758d",
                "os": "linux",
                "os_features": "",
                "os_version": null,
                "size": 77831912,
                "status": "active",
                "last_pulled": "2024-01-19T11:50:00.149599Z",
                "last_pushed": "2023-06-07T21:19:35.333816Z"
            },
            {
                "architecture": "arm",
                "features": "",
                "variant": "v6",
                "digest": "sha256:b469d70a9b2d34c3dfaf9b88d85301a70ddf62b6f3a7a931603979cd2cc921bb",
                "os": "linux",
                "os_features": "",
                "os_version": null,
                "size": 76128622,
                "status": "active",
                "last_pulled": "2024-01-19T11:50:01.481138Z",
                "last_pushed": "2023-06-07T21:19:49.129727Z"
            }
        ],
        "last_updated": "2023-06-07T21:20:09.160924Z",
        "last_updater": 15167002,
        "last_updater_username": "hashicorpcrt",
        "name": "1.11.11",
        "repository": 783490,
        "full_size": 76291448,
        "v2": true,
        "tag_status": "active",
        "tag_last_pulled": "2024-01-20T08:53:04.643895Z",
        "tag_last_pushed": "2023-06-07T21:20:09.160924Z",
        "media_type": "application/vnd.docker.distribution.manifest.list.v2+json",
        "content_type": "image",
        "digest": "sha256:2b9b60997f825d9eb9923eb3364bcfd2c2a212edf13f8d33618dc4091aca8303"
    },
    {
        "creator": 15167002,
        "id": 460680687,
        "images": [
            {
                "architecture": "amd64",
                "features": "",
                "variant": null,
                "digest": "sha256:0c73a516b447b4e7817c8e81d1615fc01b54b326156b2678f1614bc3de847a93",
                "os": "linux",
                "os_features": "",
                "os_version": null,
                "size": 81097548,
                "status": "active",
                "last_pulled": "2024-01-20T09:20:48.745488Z",
                "last_pushed": "2023-06-20T16:40:05.818172Z"
            },
            {
                "architecture": "arm",
                "features": "",
                "variant": "v6",
                "digest": "sha256:965ff9e6778c13a91c11fff7ea2d46eeb9249749d268414d32178989426a97c7",
                "os": "linux",
                "os_features": "",
                "os_version": null,
                "size": 76191964,
                "status": "active",
                "last_pulled": "2024-01-19T18:58:25.845327Z",
                "last_pushed": "2023-06-20T16:40:33.373633Z"
            },
            {
                "architecture": "386",
                "features": "",
                "variant": null,
                "digest": "sha256:c3717913ad80d89b64b9028a4eb81322007af0e696d192f86bde2728d9faaf93",
                "os": "linux",
                "os_features": "",
                "os_version": null,
                "size": 77916217,
                "status": "active",
                "last_pulled": "2024-01-20T09:23:29.637262Z",
                "last_pushed": "2023-06-20T16:40:19.729439Z"
            },
            {
                "architecture": "arm64",
                "features": "",
                "variant": null,
                "digest": "sha256:c9e3f689c7b3481030c83987b5ba3020dd8c87d1f38f0b4984ff5f34ff447e51",
                "os": "linux",
                "os_features": "",
                "os_version": null,
                "size": 76382407,
                "status": "active",
                "last_pulled": "2024-01-20T02:00:18.070413Z",
                "last_pushed": "2023-06-20T16:40:47.012001Z"
            }
        ],
        "last_updated": "2023-06-20T16:40:52.785201Z",
        "last_updater": 15167002,
        "last_updater_username": "hashicorpcrt",
        "name": "1.11.12",
        "repository": 783490,
        "full_size": 81097548,
        "v2": true,
        "tag_status": "active",
        "tag_last_pulled": "2024-01-20T09:23:29.637262Z",
        "tag_last_pushed": "2023-06-20T16:40:52.785201Z",
        "media_type": "application/vnd.docker.distribution.manifest.list.v2+json",
        "content_type": "image",
        "digest": "sha256:727a0c96bdb0cc848c75df2d49a41e5b7a3ae6df8f454fa5823c06c595e3b2e5"
    },
    {
        "creator": 15167002,
        "id": 381902321,
        "images": [
            {
                "architecture": "amd64",
                "features": "",
                "variant": null,
                "digest": "sha256:4a256fd28eb0a532b728064bd4847318700002340d01a0a9183f37020af65c14",
                "os": "linux",
                "os_features": "",
                "os_version": null,
                "size": 80981966,
                "status": "active",
                "last_pulled": "2024-01-20T05:14:26.852818Z",
                "last_pushed": "2023-02-06T16:49:43.390344Z"
            },
            {
                "architecture": "386",
                "features": "",
                "variant": null,
                "digest": "sha256:91203a2a33350cbed7988d6e32b583e490fedea6c0e7efed450e958a5366067c",
                "os": "linux",
                "os_features": "",
                "os_version": null,
                "size": 77773097,
                "status": "active",
                "last_pulled": "2024-01-20T05:14:27.80768Z",
                "last_pushed": "2023-02-06T16:49:19.945489Z"
            },
            {
                "architecture": "arm64",
                "features": "",
                "variant": null,
                "digest": "sha256:e0bf678ac27bbebb31e579603bb99ce87ad2bf693140c20d24b86283545fc418",
                "os": "linux",
                "os_features": "",
                "os_version": null,
                "size": 76264789,
                "status": "active",
                "last_pulled": "2024-01-20T05:14:28.606038Z",
                "last_pushed": "2023-02-06T16:49:57.646066Z"
            },
            {
                "architecture": "arm",
                "features": "",
                "variant": "v6",
                "digest": "sha256:fc61f220ce02c6bb4246a35dd5944cb105c0127e6122e4df2b1bce54595c98d6",
                "os": "linux",
                "os_features": "",
                "os_version": null,
                "size": 76064084,
                "status": "active",
                "last_pulled": "2024-01-20T05:14:29.46823Z",
                "last_pushed": "2023-02-06T16:49:05.768395Z"
            }
        ],
        "last_updated": "2023-02-06T16:50:04.147288Z",
        "last_updater": 15167002,
        "last_updater_username": "hashicorpcrt",
        "name": "1.11.7",
        "repository": 783490,
        "full_size": 80981966,
        "v2": true,
        "tag_status": "active",
        "tag_last_pulled": "2024-01-20T09:32:47.991084Z",
        "tag_last_pushed": "2023-02-06T16:50:04.147288Z",
        "media_type": "application/vnd.docker.distribution.manifest.list.v2+json",
        "content_type": "image",
        "digest": "sha256:97fca552e98152298e9503486889a35aae64d17acda14380be400d07cc459e1b"
    },
    {
        "creator": 15167002,
        "id": 396661093,
        "images": [
            {
                "architecture": "arm",
                "features": "",
                "variant": "v6",
                "digest": "sha256:5be358078dd46d41517f992545cd28ef9688c776c20becbd5f9ecf8f5e3d2107",
                "os": "linux",
                "os_features": "",
                "os_version": null,
                "size": 76076795,
                "status": "active",
                "last_pulled": "2024-01-20T05:14:30.957057Z",
                "last_pushed": "2023-03-01T21:48:03.62948Z"
            },
            {
                "architecture": "amd64",
                "features": "",
                "variant": null,
                "digest": "sha256:790922e4dbae0ec29302129508fbff6a7cbdd9684d66cd63fc1e4276dc6831e2",
                "os": "linux",
                "os_features": "",
                "os_version": null,
                "size": 80990867,
                "status": "active",
                "last_pulled": "2024-01-20T09:03:11.425039Z",
                "last_pushed": "2023-03-01T21:47:35.032767Z"
            },
            {
                "architecture": "386",
                "features": "",
                "variant": null,
                "digest": "sha256:8c128ca657396b324554030329a6e45b9bc51f60a94576acef8a735b5e3b2c6e",
                "os": "linux",
                "os_features": "",
                "os_version": null,
                "size": 77795554,
                "status": "active",
                "last_pulled": "2024-01-20T05:14:32.645262Z",
                "last_pushed": "2023-03-01T21:47:19.98819Z"
            },
            {
                "architecture": "arm64",
                "features": "",
                "variant": null,
                "digest": "sha256:fed186dac71ca0591dde2ddc0a9c26db1b2f2081090ec7ebce538856a3cade6a",
                "os": "linux",
                "os_features": "",
                "os_version": null,
                "size": 76269106,
                "status": "active",
                "last_pulled": "2024-01-20T05:14:33.450651Z",
                "last_pushed": "2023-03-01T21:47:49.134894Z"
            }
        ],
        "last_updated": "2023-03-01T21:48:09.964293Z",
        "last_updater": 15167002,
        "last_updater_username": "hashicorpcrt",
        "name": "1.11.8",
        "repository": 783490,
        "full_size": 76076795,
        "v2": true,
        "tag_status": "active",
        "tag_last_pulled": "2024-01-20T09:32:48.546728Z",
        "tag_last_pushed": "2023-03-01T21:48:09.964293Z",
        "media_type": "application/vnd.docker.distribution.manifest.list.v2+json",
        "content_type": "image",
        "digest": "sha256:b97731906a5b5b3f4a30ab0108c26d01b6b85adf58414e2a41dc8a4626d45f13"
    },
    {
        "creator": 15167002,
        "id": 412778591,
        "images": [
            {
                "architecture": "386",
                "features": "",
                "variant": null,
                "digest": "sha256:0cf8581c8dda0dff70c0891ca44b05b3217ad700fcb6252d4a9989e06b94d87b",
                "os": "linux",
                "os_features": "",
                "os_version": null,
                "size": 77808732,
                "status": "active",
                "last_pulled": "2024-01-20T05:14:34.982696Z",
                "last_pushed": "2023-03-29T19:58:48.223869Z"
            },
            {
                "architecture": "amd64",
                "features": "",
                "variant": null,
                "digest": "sha256:c37eca443867092725725a828d1d68ae5e219830e5a2f253b466af43afd704e2",
                "os": "linux",
                "os_features": "",
                "os_version": null,
                "size": 80997894,
                "status": "active",
                "last_pulled": "2024-01-20T05:14:35.930184Z",
                "last_pushed": "2023-03-29T19:58:33.641235Z"
            },
            {
                "architecture": "arm64",
                "features": "",
                "variant": null,
                "digest": "sha256:cad33ad10735aaf588bf7f7ede6ebab6db652cc808a2e4f1c906ebe62d5ab6f1",
                "os": "linux",
                "os_features": "",
                "os_version": null,
                "size": 76285154,
                "status": "active",
                "last_pulled": "2024-01-20T05:14:36.789663Z",
                "last_pushed": "2023-03-29T19:59:02.106284Z"
            },
            {
                "architecture": "arm",
                "features": "",
                "variant": "v6",
                "digest": "sha256:d0fb0f85926f1af3d19788734265dc088988b1313a7bf2bb20558d6c5bc5dd3e",
                "os": "linux",
                "os_features": "",
                "os_version": null,
                "size": 76099353,
                "status": "active",
                "last_pulled": "2024-01-20T05:14:37.807565Z",
                "last_pushed": "2023-03-29T19:58:17.569608Z"
            }
        ],
        "last_updated": "2023-03-29T19:59:09.03617Z",
        "last_updater": 15167002,
        "last_updater_username": "hashicorpcrt",
        "name": "1.11.9",
        "repository": 783490,
        "full_size": 77808732,
        "v2": true,
        "tag_status": "active",
        "tag_last_pulled": "2024-01-20T09:32:48.910816Z",
        "tag_last_pushed": "2023-03-29T19:59:09.03617Z",
        "media_type": "application/vnd.docker.distribution.manifest.list.v2+json",
        "content_type": "image",
        "digest": "sha256:b571ac28d31658821ffefb18e052ebad856c897e159ec3bd303c86761141c4be"
    },
    {
        "creator": 15167002,
        "id": 381960649,
        "images": [
            {
                "architecture": "amd64",
                "features": "",
                "variant": null,
                "digest": "sha256:457711535a7dde3b71c8095fb6b635a855b16e0b988d42857928fe26e9b7ea1b",
                "os": "linux",
                "os_features": "",
                "os_version": null,
                "size": 85715325,
                "status": "active",
                "last_pulled": "2024-01-20T08:06:54.826198Z",
                "last_pushed": "2023-02-06T18:29:34.430624Z"
            },
            {
                "architecture": "arm64",
                "features": "",
                "variant": null,
                "digest": "sha256:7e77643fcb5c55bbd4b9ca16093597ddf56816c4835eb68c9b09ea2d1f18af1e",
                "os": "linux",
                "os_features": "",
                "os_version": null,
                "size": 80761106,
                "status": "active",
                "last_pulled": "2024-01-20T04:36:36.158533Z",
                "last_pushed": "2023-02-06T18:30:21.428099Z"
            },
            {
                "architecture": "arm",
                "features": "",
                "variant": "v6",
                "digest": "sha256:8749179508e795ff8ef175e09ab97da989dd6b48ca918c607bf8f4770e75f404",
                "os": "linux",
                "os_features": "",
                "os_version": null,
                "size": 80418713,
                "status": "active",
                "last_pulled": "2024-01-20T04:36:36.195852Z",
                "last_pushed": "2023-02-06T18:30:05.090005Z"
            },
            {
                "architecture": "386",
                "features": "",
                "variant": null,
                "digest": "sha256:90980d580b1183712b853810ff306f507aa42a01e371af5d782545521f3cd0c3",
                "os": "linux",
                "os_features": "",
                "os_version": null,
                "size": 82168371,
                "status": "active",
                "last_pulled": "2024-01-20T04:36:36.175558Z",
                "last_pushed": "2023-02-06T18:29:49.367374Z"
            }
        ],
        "last_updated": "2023-02-06T18:30:27.629862Z",
        "last_updater": 15167002,
        "last_updater_username": "hashicorpcrt",
        "name": "1.12.3",
        "repository": 783490,
        "full_size": 85715325,
        "v2": true,
        "tag_status": "active",
        "tag_last_pulled": "2024-01-20T08:53:27.218697Z",
        "tag_last_pushed": "2023-02-06T18:30:27.629862Z",
        "media_type": "application/vnd.docker.distribution.manifest.list.v2+json",
        "content_type": "image",
        "digest": "sha256:db6c4a7dcf4ea9fcb62fb07d8e2328fd61138eaaa4df2e9174eae7a7dd3d8623"
    },
    {
        "creator": 15167002,
        "id": 396747701,
        "images": [
            {
                "architecture": "386",
                "features": "",
                "variant": null,
                "digest": "sha256:11823860dd1c7903f5148d227ff99862c422b3d333473fd9a08710a31520bac8",
                "os": "linux",
                "os_features": "",
                "os_version": null,
                "size": 82193892,
                "status": "active",
                "last_pulled": "2024-01-20T05:14:54.019281Z",
                "last_pushed": "2023-03-02T00:07:25.572784Z"
            },
            {
                "architecture": "amd64",
                "features": "",
                "variant": null,
                "digest": "sha256:2c213eac88ca5c5bd398c7903922ba0a53d5bbb7059e5ada4df6dc8703ef53ff",
                "os": "linux",
                "os_features": "",
                "os_version": null,
                "size": 85724351,
                "status": "active",
                "last_pulled": "2024-01-20T09:13:07.562507Z",
                "last_pushed": "2023-03-02T00:06:32.118298Z"
            },
            {
                "architecture": "arm",
                "features": "",
                "variant": "v6",
                "digest": "sha256:ba1903b7600169daa0ffdd0dd8f1c1b1e963dd06bf8e3403a2fca88bd04ba8d4",
                "os": "linux",
                "os_features": "",
                "os_version": null,
                "size": 80444971,
                "status": "active",
                "last_pulled": "2024-01-20T05:14:55.567396Z",
                "last_pushed": "2023-03-02T00:06:48.292412Z"
            },
            {
                "architecture": "arm64",
                "features": "",
                "variant": null,
                "digest": "sha256:c427148d9210ea8a38e0f9f91baf4eb88fb93f655bb8d653445ae9d8949e9940",
                "os": "linux",
                "os_features": "",
                "os_version": null,
                "size": 80770783,
                "status": "active",
                "last_pulled": "2024-01-20T05:14:56.297924Z",
                "last_pushed": "2023-03-02T00:07:10.449698Z"
            }
        ],
        "last_updated": "2023-03-02T00:07:32.464802Z",
        "last_updater": 15167002,
        "last_updater_username": "hashicorpcrt",
        "name": "1.12.4",
        "repository": 783490,
        "full_size": 82193892,
        "v2": true,
        "tag_status": "active",
        "tag_last_pulled": "2024-01-20T09:13:07.562507Z",
        "tag_last_pushed": "2023-03-02T00:07:32.464802Z",
        "media_type": "application/vnd.docker.distribution.manifest.list.v2+json",
        "content_type": "image",
        "digest": "sha256:0317d1595cda525a4b28ba019f9c67639b2aef6949cfeb2eadba3ac06ff78f63"
    },
    {
        "creator": 15167002,
        "id": 412783557,
        "images": [
            {
                "architecture": "386",
                "features": "",
                "variant": null,
                "digest": "sha256:a9ad85f86dad2617b082c61406d55edb133e65172d06842ff3a6d1c0d1bd0d60",
                "os": "linux",
                "os_features": "",
                "os_version": null,
                "size": 82204748,
                "status": "active",
                "last_pulled": "2024-01-20T05:14:57.609974Z",
                "last_pushed": "2023-03-29T20:05:15.080182Z"
            },
            {
                "architecture": "arm",
                "features": "",
                "variant": "v6",
                "digest": "sha256:d781945474c5652bbeb3bfeaacb12a3772d19a659a9f02de4afef6078f51d2cb",
                "os": "linux",
                "os_features": "",
                "os_version": null,
                "size": 80448099,
                "status": "active",
                "last_pulled": "2024-01-20T05:14:58.381432Z",
                "last_pushed": "2023-03-29T20:06:02.081338Z"
            },
            {
                "architecture": "arm64",
                "features": "",
                "variant": null,
                "digest": "sha256:dd1a8d9012f7942b07664e889eb113a63c3b5da49c56e2c75214a7bb313fb3f5",
                "os": "linux",
                "os_features": "",
                "os_version": null,
                "size": 80800342,
                "status": "active",
                "last_pulled": "2024-01-20T05:14:59.148628Z",
                "last_pushed": "2023-03-29T20:05:31.2248Z"
            },
            {
                "architecture": "amd64",
                "features": "",
                "variant": null,
                "digest": "sha256:e51767cdb550142f4d4101fa8196cfea5c8334c856b13a1eadd0d620015b2482",
                "os": "linux",
                "os_features": "",
                "os_version": null,
                "size": 85734539,
                "status": "active",
                "last_pulled": "2024-01-20T05:14:59.960005Z",
                "last_pushed": "2023-03-29T20:05:47.469886Z"
            }
        ],
        "last_updated": "2023-03-29T20:06:09.569822Z",
        "last_updater": 15167002,
        "last_updater_username": "hashicorpcrt",
        "name": "1.12.5",
        "repository": 783490,
        "full_size": 82204748,
        "v2": true,
        "tag_status": "active",
        "tag_last_pulled": "2024-01-20T08:53:29.870457Z",
        "tag_last_pushed": "2023-03-29T20:06:09.569822Z",
        "media_type": "application/vnd.docker.distribution.manifest.list.v2+json",
        "content_type": "image",
        "digest": "sha256:bdf328596ee84ce2621eaaef89e83dd8fa8d8e5a2c75cd84365862666eadddaf"
    },
    {
        "creator": 15167002,
        "id": 428564889,
        "images": [
            {
                "architecture": "amd64",
                "features": "",
                "variant": null,
                "digest": "sha256:e9cdb070226b350346fead052fb4773983f7c3cbbd1b6198cb0453ce3e53403e",
                "os": "linux",
                "os_features": "",
                "os_version": null,
                "size": 85760327,
                "status": "active",
                "last_pulled": "2024-01-19T14:33:18.172511Z",
                "last_pushed": "2023-04-26T17:23:10.164621Z"
            },
            {
                "architecture": "386",
                "features": "",
                "variant": null,
                "digest": "sha256:58518181f532c95102b880169ad3bec7888ebd89d3236197501c3f1f8f6d1402",
                "os": "linux",
                "os_features": "",
                "os_version": null,
                "size": 82212816,
                "status": "active",
                "last_pulled": "2024-01-19T14:33:15.996613Z",
                "last_pushed": "2023-04-26T17:23:24.484949Z"
            },
            {
                "architecture": "arm",
                "features": "",
                "variant": "v6",
                "digest": "sha256:e0f2ef13e23d627e630b3b9d0459333e99816e5a4be743c68e7a3b5de9a86e06",
                "os": "linux",
                "os_features": "",
                "os_version": null,
                "size": 80480226,
                "status": "active",
                "last_pulled": "2024-01-19T14:33:17.158473Z",
                "last_pushed": "2023-04-26T17:23:38.512244Z"
            },
            {
                "architecture": "arm64",
                "features": "",
                "variant": null,
                "digest": "sha256:f87017274b5cc5fc939d239dda5eaecdbac6bd740412659d7efa263ca7bc8b48",
                "os": "linux",
                "os_features": "",
                "os_version": null,
                "size": 80799616,
                "status": "active",
                "last_pulled": "2024-01-19T14:33:19.364123Z",
                "last_pushed": "2023-04-26T17:22:54.197631Z"
            }
        ],
        "last_updated": "2023-04-26T17:23:44.397958Z",
        "last_updater": 15167002,
        "last_updater_username": "hashicorpcrt",
        "name": "1.12.6",
        "repository": 783490,
        "full_size": 82212816,
        "v2": true,
        "tag_status": "active",
        "tag_last_pulled": "2024-01-20T09:32:52.79822Z",
        "tag_last_pushed": "2023-04-26T17:23:44.397958Z",
        "media_type": "application/vnd.docker.distribution.manifest.list.v2+json",
        "content_type": "image",
        "digest": "sha256:2517235f0600a66f0817756253c50c739232a3237340f385ff22e2b3f53f609f"
    },
    {
        "creator": 15167002,
        "id": 453554550,
        "images": [
            {
                "architecture": "386",
                "features": "",
                "variant": null,
                "digest": "sha256:20664ab4cb46146c4035206a21521f00f86ad3a77562c66e846a8719a67e726a",
                "os": "linux",
                "os_features": "",
                "os_version": null,
                "size": 82217698,
                "status": "active",
                "last_pulled": "2024-01-19T14:33:22.242802Z",
                "last_pushed": "2023-06-07T23:14:28.569059Z"
            },
            {
                "architecture": "arm",
                "features": "",
                "variant": "v6",
                "digest": "sha256:d415539aaa769f40c62f4d7ce00a7f6e5c23500c2330f2478af8ce946124735a",
                "os": "linux",
                "os_features": "",
                "os_version": null,
                "size": 80488235,
                "status": "active",
                "last_pulled": "2024-01-19T14:33:23.329806Z",
                "last_pushed": "2023-06-07T23:14:14.063632Z"
            },
            {
                "architecture": "arm64",
                "features": "",
                "variant": null,
                "digest": "sha256:dc2aa6c56a0e4073231c2278e27422bbb4324b2a73123d44ad282a1257fb8cec",
                "os": "linux",
                "os_features": "",
                "os_version": null,
                "size": 80823111,
                "status": "active",
                "last_pulled": "2024-01-19T14:33:24.330222Z",
                "last_pushed": "2023-06-07T23:14:42.746813Z"
            },
            {
                "architecture": "amd64",
                "features": "",
                "variant": null,
                "digest": "sha256:eb1632700ddbdfe3af7c1a8deb91cca1b7d55c3aff36f857e0936b33d405896b",
                "os": "linux",
                "os_features": "",
                "os_version": null,
                "size": 85762931,
                "status": "active",
                "last_pulled": "2024-01-20T02:51:36.850991Z",
                "last_pushed": "2023-06-07T23:14:58.412012Z"
            }
        ],
        "last_updated": "2023-06-07T23:15:03.952765Z",
        "last_updater": 15167002,
        "last_updater_username": "hashicorpcrt",
        "name": "1.12.7",
        "repository": 783490,
        "full_size": 82217698,
        "v2": true,
        "tag_status": "active",
        "tag_last_pulled": "2024-01-20T09:32:53.210919Z",
        "tag_last_pushed": "2023-06-07T23:15:03.952765Z",
        "media_type": "application/vnd.docker.distribution.manifest.list.v2+json",
        "content_type": "image",
        "digest": "sha256:678025b44c518590d149e14af4ae337d6e0567c16cb4f3bfd5bf4e67e381f327"
    },
    {
        "creator": 15167002,
        "id": 460734264,
        "images": [
            {
                "architecture": "arm64",
                "features": "",
                "variant": null,
                "digest": "sha256:3850dd5edfa8aa9833831c64001518bf08e9b51f6049f81ac759f1862dee4533",
                "os": "linux",
                "os_features": "",
                "os_version": null,
                "size": 80838674,
                "status": "active",
                "last_pulled": "2024-01-19T14:33:29.458479Z",
                "last_pushed": "2023-06-20T18:33:40.793051Z"
            },
            {
                "architecture": "386",
                "features": "",
                "variant": null,
                "digest": "sha256:2cbe5a38bdd18e270949baa926a4938fe0185b808c080a38c751fee701ff9e59",
                "os": "linux",
                "os_features": "",
                "os_version": null,
                "size": 82259652,
                "status": "active",
                "last_pulled": "2024-01-19T14:33:28.250507Z",
                "last_pushed": "2023-06-20T18:34:25.069097Z"
            },
            {
                "architecture": "amd64",
                "features": "",
                "variant": null,
                "digest": "sha256:818d07acf18e2180ff7a49ec9c7be5065734770681c94e98abef41207aa3f0e2",
                "os": "linux",
                "os_features": "",
                "os_version": null,
                "size": 85794158,
                "status": "active",
                "last_pulled": "2024-01-19T14:33:30.506731Z",
                "last_pushed": "2023-06-20T18:33:56.585748Z"
            },
            {
                "architecture": "arm",
                "features": "",
                "variant": "v6",
                "digest": "sha256:bb872d194e55a05efe234cec159fcaa1f7b95ad9d035323c8e24ec5df2a2b743",
                "os": "linux",
                "os_features": "",
                "os_version": null,
                "size": 80528713,
                "status": "active",
                "last_pulled": "2024-01-19T14:33:31.457187Z",
                "last_pushed": "2023-06-20T18:34:10.848586Z"
            }
        ],
        "last_updated": "2023-06-20T18:34:30.843189Z",
        "last_updater": 15167002,
        "last_updater_username": "hashicorpcrt",
        "name": "1.12.8",
        "repository": 783490,
        "full_size": 82259652,
        "v2": true,
        "tag_status": "active",
        "tag_last_pulled": "2024-01-20T09:32:53.567833Z",
        "tag_last_pushed": "2023-06-20T18:34:30.843189Z",
        "media_type": "application/vnd.docker.distribution.manifest.list.v2+json",
        "content_type": "image",
        "digest": "sha256:4cb2917baca0f0e6806e7d8aab148e4674c72edd1c359ddf0f2bd7258aa5738a"
    },
    {
        "creator": 15167002,
        "id": 396595358,
        "images": [
            {
                "architecture": "amd64",
                "features": "",
                "variant": null,
                "digest": "sha256:851f613fbd74904bde108d22b244dc4877dedd1b0e641c926fbbcd123b21ec71",
                "os": "linux",
                "os_features": "",
                "os_version": null,
                "size": 52871582,
                "status": "active",
                "last_pulled": "2024-01-20T09:14:03.564629Z",
                "last_pushed": "2023-03-01T20:10:35.144079Z"
            },
            {
                "architecture": "386",
                "features": "",
                "variant": null,
                "digest": "sha256:ca2f12c8f14d792f13076c08671f452ce825d03c31d913146a56381e74f8226d",
                "os": "linux",
                "os_features": "",
                "os_version": null,
                "size": 49546761,
                "status": "active",
                "last_pulled": "2024-01-20T05:15:06.288711Z",
                "last_pushed": "2023-03-01T20:10:09.488359Z"
            },
            {
                "architecture": "arm64",
                "features": "",
                "variant": null,
                "digest": "sha256:d6d8117e19712ad7f7de5b3b817d134119c612e7436f4f6bbc7ae46c39172f0a",
                "os": "linux",
                "os_features": "",
                "os_version": null,
                "size": 48693952,
                "status": "active",
                "last_pulled": "2024-01-20T05:15:06.957353Z",
                "last_pushed": "2023-03-01T20:09:51.540279Z"
            },
            {
                "architecture": "arm",
                "features": "",
                "variant": "v6",
                "digest": "sha256:d7bb8c3ea5356621d3acdaaafb624c3ba2e47b557b7d1ec5fed8c28c8e35e4a7",
                "os": "linux",
                "os_features": "",
                "os_version": null,
                "size": 49927585,
                "status": "active",
                "last_pulled": "2024-01-20T05:15:08.270255Z",
                "last_pushed": "2023-03-01T20:09:34.490844Z"
            }
        ],
        "last_updated": "2023-03-01T20:10:43.633798Z",
        "last_updater": 15167002,
        "last_updater_username": "hashicorpcrt",
        "name": "1.13.0",
        "repository": 783490,
        "full_size": 52871582,
        "v2": true,
        "tag_status": "active",
        "tag_last_pulled": "2024-01-20T09:14:03.564629Z",
        "tag_last_pushed": "2023-03-01T20:10:43.633798Z",
        "media_type": "application/vnd.docker.distribution.manifest.list.v2+json",
        "content_type": "image",
        "digest": "sha256:d8b2e46fa1d03e417e96a40fb7362444eb484d5df29d6030367477271063b4ac"
    },
    {
        "creator": 15167002,
        "id": 388237802,
        "images": [
            {
                "architecture": "arm",
                "features": "",
                "variant": "v6",
                "digest": "sha256:49585b66d7e6d245aba5b1d71b979d99b6709b039ec904dc081792c9acdad9ec",
                "os": "linux",
                "os_features": "",
                "os_version": null,
                "size": 49903756,
                "status": "active",
                "last_pulled": "2024-01-19T11:53:07.879582Z",
                "last_pushed": "2023-02-15T21:58:27.897465Z"
            },
            {
                "architecture": "amd64",
                "features": "",
                "variant": null,
                "digest": "sha256:8c8738810a76b6c906449cb9962d1bb9642b01cfbf006f93f1e618073d4ef5ed",
                "os": "linux",
                "os_features": "",
                "os_version": null,
                "size": 52831929,
                "status": "active",
                "last_pulled": "2024-01-19T11:53:10.03725Z",
                "last_pushed": "2023-02-15T21:57:59.389261Z"
            },
            {
                "architecture": "arm64",
                "features": "",
                "variant": null,
                "digest": "sha256:96ce2f0531f8c1aa43552d39b3829ea468a9b636d860dca1a15e316455d17088",
                "os": "linux",
                "os_features": "",
                "os_version": null,
                "size": 48669440,
                "status": "active",
                "last_pulled": "2024-01-19T11:53:11.197543Z",
                "last_pushed": "2023-02-15T21:58:41.431389Z"
            },
            {
                "architecture": "386",
                "features": "",
                "variant": null,
                "digest": "sha256:e7f63badd15864c19c508d27e664c38de283e958160158c752f5f96374c46319",
                "os": "linux",
                "os_features": "",
                "os_version": null,
                "size": 49525729,
                "status": "active",
                "last_pulled": "2024-01-19T11:53:13.083518Z",
                "last_pushed": "2023-02-15T21:58:14.157365Z"
            }
        ],
        "last_updated": "2023-02-15T21:58:47.651031Z",
        "last_updater": 15167002,
        "last_updater_username": "hashicorpcrt",
        "name": "1.13.0-rc1",
        "repository": 783490,
        "full_size": 49903756,
        "v2": true,
        "tag_status": "active",
        "tag_last_pulled": "2024-01-20T09:00:18.603925Z",
        "tag_last_pushed": "2023-02-15T21:58:47.651031Z",
        "media_type": "application/vnd.docker.distribution.manifest.list.v2+json",
        "content_type": "image",
        "digest": "sha256:b7857ceb36e7307576f3c140840438ad8d780dcdb2198054d8f96b663b535d37"
    },
    {
        "creator": 15167002,
        "id": 412849602,
        "images": [
            {
                "architecture": "386",
                "features": "",
                "variant": null,
                "digest": "sha256:291eaf27981fee270dd523e4d5f9096491802f5edd539da6b7038d6378146f75",
                "os": "linux",
                "os_features": "",
                "os_version": null,
                "size": 49555849,
                "status": "active",
                "last_pulled": "2024-01-20T06:59:27.353768Z",
                "last_pushed": "2023-03-29T22:08:54.018321Z"
            },
            {
                "architecture": "amd64",
                "features": "",
                "variant": null,
                "digest": "sha256:46b978105f46fa5c28851b1ea679f74c2ecbd24a6f92e6c7611c558e44f3baab",
                "os": "linux",
                "os_features": "",
                "os_version": null,
                "size": 52875288,
                "status": "active",
                "last_pulled": "2024-01-20T08:55:51.322298Z",
                "last_pushed": "2023-03-29T22:08:40.248884Z"
            },
            {
                "architecture": "arm64",
                "features": "",
                "variant": null,
                "digest": "sha256:77a343a0cc93281fc4d476afbe65c2f39d7878c0a2bdc9e513ec3d19461828c5",
                "os": "linux",
                "os_features": "",
                "os_version": null,
                "size": 48698149,
                "status": "active",
                "last_pulled": "2024-01-20T09:37:04.724633Z",
                "last_pushed": "2023-03-29T22:08:08.934808Z"
            },
            {
                "architecture": "arm",
                "features": "",
                "variant": "v6",
                "digest": "sha256:9e8ef6d50976c0fcfb76c16821a0a31d7978ede70244640f4af4edded06490a5",
                "os": "linux",
                "os_features": "",
                "os_version": null,
                "size": 49931197,
                "status": "active",
                "last_pulled": "2024-01-20T06:59:27.801901Z",
                "last_pushed": "2023-03-29T22:08:24.433812Z"
            }
        ],
        "last_updated": "2023-03-29T22:09:01.565387Z",
        "last_updater": 15167002,
        "last_updater_username": "hashicorpcrt",
        "name": "1.13.1",
        "repository": 783490,
        "full_size": 49555849,
        "v2": true,
        "tag_status": "active",
        "tag_last_pulled": "2024-01-20T09:44:03.190089Z",
        "tag_last_pushed": "2023-03-29T22:09:01.565387Z",
        "media_type": "application/vnd.docker.distribution.manifest.list.v2+json",
        "content_type": "image",
        "digest": "sha256:b888abc3fc0529550d4a6c87884419e86b8cb736fe556e3e717a6bc50888b3b8"
    },
    {
        "creator": 15167002,
        "id": 428635870,
        "images": [
            {
                "architecture": "amd64",
                "features": "",
                "variant": null,
                "digest": "sha256:05929f692a3fcae567b477262cf1b5c8aaa3ede39de5f48387181345f9e2026e",
                "os": "linux",
                "os_features": "",
                "os_version": null,
                "size": 52677965,
                "status": "active",
                "last_pulled": "2024-01-20T09:22:24.514347Z",
                "last_pushed": "2023-04-26T19:37:14.802866Z"
            },
            {
                "architecture": "arm64",
                "features": "",
                "variant": null,
                "digest": "sha256:569faf266ab9f88c282cc89609014567f7d178c820c26c796a568277fb22d211",
                "os": "linux",
                "os_features": "",
                "os_version": null,
                "size": 48533272,
                "status": "active",
                "last_pulled": "2024-01-20T04:01:45.778444Z",
                "last_pushed": "2023-04-26T19:36:59.186483Z"
            },
            {
                "architecture": "arm",
                "features": "",
                "variant": "v6",
                "digest": "sha256:8d6f4229bfd5c732d214804fd3125d3fde4aa92d91a8daf4ae3bc4e12213a204",
                "os": "linux",
                "os_features": "",
                "os_version": null,
                "size": 49755554,
                "status": "active",
                "last_pulled": "2024-01-20T04:01:47.046389Z",
                "last_pushed": "2023-04-26T19:37:42.467377Z"
            },
            {
                "architecture": "386",
                "features": "",
                "variant": null,
                "digest": "sha256:9483f4a88ce8e7af0b667e91fb5f80510a674d41663888d906ec471a62033d5a",
                "os": "linux",
                "os_features": "",
                "os_version": null,
                "size": 49369565,
                "status": "active",
                "last_pulled": "2024-01-20T04:01:47.836821Z",
                "last_pushed": "2023-04-26T19:37:29.106085Z"
            }
        ],
        "last_updated": "2023-04-26T19:37:48.348313Z",
        "last_updater": 15167002,
        "last_updater_username": "hashicorpcrt",
        "name": "1.13.2",
        "repository": 783490,
        "full_size": 52677965,
        "v2": true,
        "tag_status": "active",
        "tag_last_pulled": "2024-01-20T09:35:13.394732Z",
        "tag_last_pushed": "2023-04-26T19:37:48.348313Z",
        "media_type": "application/vnd.docker.distribution.manifest.list.v2+json",
        "content_type": "image",
        "digest": "sha256:c186e9bff2db0bd61dad70e7733cbfa5a0f8ddee3a6a061f3753060689aa81ab"
    },
    {
        "creator": 15167002,
        "id": 453602540,
        "images": [
            {
                "architecture": "386",
                "features": "",
                "variant": null,
                "digest": "sha256:4ae5db972c9959e344dc64493b4684f75692ce4f8431177f358c66e6905244fd",
                "os": "linux",
                "os_features": "",
                "os_version": null,
                "size": 92631188,
                "status": "active",
                "last_pulled": "2024-01-19T14:33:59.563195Z",
                "last_pushed": "2023-06-08T01:03:12.005052Z"
            },
            {
                "architecture": "arm",
                "features": "",
                "variant": "v6",
                "digest": "sha256:59d23fef586ce174045ca248b207dcc93f6d5ec6bb79a007e3d2462e63370bfc",
                "os": "linux",
                "os_features": "",
                "os_version": null,
                "size": 90896471,
                "status": "active",
                "last_pulled": "2024-01-19T14:34:00.715226Z",
                "last_pushed": "2023-06-08T01:03:43.409164Z"
            },
            {
                "architecture": "amd64",
                "features": "",
                "variant": null,
                "digest": "sha256:820bd0930e073d2e07248b4d19b2b05abd32713bfebeef594bfd9720a044a266",
                "os": "linux",
                "os_features": "",
                "os_version": null,
                "size": 96805073,
                "status": "active",
                "last_pulled": "2024-01-20T09:20:43.326505Z",
                "last_pushed": "2023-06-08T01:03:28.257797Z"
            },
            {
                "architecture": "arm64",
                "features": "",
                "variant": null,
                "digest": "sha256:db4308a372fac70b9e1e79635c40c7924379f54913e5961102826bb1bc0d3c61",
                "os": "linux",
                "os_features": "",
                "os_version": null,
                "size": 91311046,
                "status": "active",
                "last_pulled": "2024-01-19T21:16:45.502689Z",
                "last_pushed": "2023-06-08T01:02:56.157562Z"
            }
        ],
        "last_updated": "2023-06-08T01:03:49.101131Z",
        "last_updater": 15167002,
        "last_updater_username": "hashicorpcrt",
        "name": "1.13.3",
        "repository": 783490,
        "full_size": 92631188,
        "v2": true,
        "tag_status": "active",
        "tag_last_pulled": "2024-01-20T09:20:43.326505Z",
        "tag_last_pushed": "2023-06-08T01:03:49.101131Z",
        "media_type": "application/vnd.docker.distribution.manifest.list.v2+json",
        "content_type": "image",
        "digest": "sha256:5eba321fbeb624163a45c1aee5379caf6ec16fe6f644cc89f203a209eafba5eb"
    },
    {
        "creator": 15167002,
        "id": 460800535,
        "images": [
            {
                "architecture": "amd64",
                "features": "",
                "variant": null,
                "digest": "sha256:22baa122568629710c616e88e732b0791fe9990a5f20b866b7f75548a5e727ec",
                "os": "linux",
                "os_features": "",
                "os_version": null,
                "size": 96848680,
                "status": "active",
                "last_pulled": "2024-01-20T08:58:57.466545Z",
                "last_pushed": "2023-06-20T21:11:13.775375Z"
            },
            {
                "architecture": "386",
                "features": "",
                "variant": null,
                "digest": "sha256:2e6684094a352129276ad886fac6dd6cadfa9384f8b3039ffc3fc25e239a1de0",
                "os": "linux",
                "os_features": "",
                "os_version": null,
                "size": 92646985,
                "status": "active",
                "last_pulled": "2024-01-19T14:34:06.955671Z",
                "last_pushed": "2023-06-20T21:10:56.754452Z"
            },
            {
                "architecture": "arm64",
                "features": "",
                "variant": null,
                "digest": "sha256:6cdb36d010dd70c0d7dab10c5a4ffe82be76acdaabf6d826b291cfda5eb7521a",
                "os": "linux",
                "os_features": "",
                "os_version": null,
                "size": 91324568,
                "status": "active",
                "last_pulled": "2024-01-20T01:34:45.09922Z",
                "last_pushed": "2023-06-20T21:10:41.572415Z"
            },
            {
                "architecture": "arm",
                "features": "",
                "variant": "v6",
                "digest": "sha256:948a1bdd811556bcb6c6954c0a7fb2ecd9ac5a29a8d76c3194ef0c70864756e5",
                "os": "linux",
                "os_features": "",
                "os_version": null,
                "size": 90910190,
                "status": "active",
                "last_pulled": "2024-01-19T14:34:10.037519Z",
                "last_pushed": "2023-06-20T21:10:26.577362Z"
            }
        ],
        "last_updated": "2023-06-20T21:11:19.572783Z",
        "last_updater": 15167002,
        "last_updater_username": "hashicorpcrt",
        "name": "1.13.4",
        "repository": 783490,
        "full_size": 96848680,
        "v2": true,
        "tag_status": "active",
        "tag_last_pulled": "2024-01-20T09:10:08.174109Z",
        "tag_last_pushed": "2023-06-20T21:11:19.572783Z",
        "media_type": "application/vnd.docker.distribution.manifest.list.v2+json",
        "content_type": "image",
        "digest": "sha256:88ec4f3f43ae027ebbf690b8ff40924e978d38f89397e2508f537aa29b95ebd9"
    },
    {
        "creator": 15167002,
        "id": 460840503,
        "images": [
            {
                "architecture": "386",
                "features": "",
                "variant": null,
                "digest": "sha256:c38e8ef6b3f9c656cc809ff545cde275deaede0faca32dab9abfd374f6a1be13",
                "os": "linux",
                "os_features": "",
                "os_version": null,
                "size": 97998215,
                "status": "active",
                "last_pulled": "2024-01-20T09:09:36.9046Z",
                "last_pushed": "2023-06-20T23:01:17.322649Z"
            },
            {
                "architecture": "arm64",
                "features": "",
                "variant": null,
                "digest": "sha256:d66c5c3cc90ba12c4510ccee49c5deec64459004596c0786f1a26e5df1d61690",
                "os": "linux",
                "os_features": "",
                "os_version": null,
                "size": 96559080,
                "status": "active",
                "last_pulled": "2024-01-20T08:56:29.596075Z",
                "last_pushed": "2023-06-20T23:02:05.467251Z"
            },
            {
                "architecture": "amd64",
                "features": "",
                "variant": null,
                "digest": "sha256:f12381f0b2dad4b42fe5e1f4858979f0977f4c567cd6fe77c350aebf0affe1b1",
                "os": "linux",
                "os_features": "",
                "os_version": null,
                "size": 102488163,
                "status": "active",
                "last_pulled": "2024-01-20T09:50:05.782793Z",
                "last_pushed": "2023-06-20T23:01:34.139014Z"
            },
            {
                "architecture": "arm",
                "features": "",
                "variant": "v6",
                "digest": "sha256:f4d98fc036e66f00d5a2815f907fbc64b09cc008322e92891648e66beece27b4",
                "os": "linux",
                "os_features": "",
                "os_version": null,
                "size": 96214219,
                "status": "active",
                "last_pulled": "2024-01-20T09:43:09.542434Z",
                "last_pushed": "2023-06-20T23:01:49.500781Z"
            }
        ],
        "last_updated": "2023-06-20T23:02:11.547718Z",
        "last_updater": 15167002,
        "last_updater_username": "hashicorpcrt",
        "name": "1.14.0",
        "repository": 783490,
        "full_size": 97998215,
        "v2": true,
        "tag_status": "active",
        "tag_last_pulled": "2024-01-20T09:50:05.782793Z",
        "tag_last_pushed": "2023-06-20T23:02:11.547718Z",
        "media_type": "application/vnd.docker.distribution.manifest.list.v2+json",
        "content_type": "image",
        "digest": "sha256:b2177a8bfe85f89ff403c9f51b8a00a6efd1be8e475bc2637390c36977df994d"
    },
    {
        "creator": 15167002,
        "id": 453685536,
        "images": [
            {
                "architecture": "386",
                "features": "",
                "variant": null,
                "digest": "sha256:c8623cbaef7eed655a882ba90d33d54330e199eef0d6d4ed1afc662a0bc6f412",
                "os": "linux",
                "os_features": "",
                "os_version": null,
                "size": 97988475,
                "status": "active",
                "last_pulled": "2024-01-19T11:54:41.887129Z",
                "last_pushed": "2023-06-08T04:24:33.105692Z"
            },
            {
                "architecture": "arm64",
                "features": "",
                "variant": null,
                "digest": "sha256:cc1e959180f0f42d92495c2699b23473af2e3bf524b16ca6317bb7a402cd5141",
                "os": "linux",
                "os_features": "",
                "os_version": null,
                "size": 96532005,
                "status": "active",
                "last_pulled": "2024-01-19T11:54:43.121739Z",
                "last_pushed": "2023-06-08T04:25:21.304072Z"
            },
            {
                "architecture": "amd64",
                "features": "",
                "variant": null,
                "digest": "sha256:e71fc40698b9f0d9ded89eb58011e8d2a6c2bdb4ecdf48c21fd0bbf3954a618b",
                "os": "linux",
                "os_features": "",
                "os_version": null,
                "size": 102471234,
                "status": "active",
                "last_pulled": "2024-01-19T11:54:44.255291Z",
                "last_pushed": "2023-06-08T04:24:49.834895Z"
            },
            {
                "architecture": "arm",
                "features": "",
                "variant": "v6",
                "digest": "sha256:fc32d717a0704c740b6998950b22fec8a5b2b4453f7cc7450ae382958880b10c",
                "os": "linux",
                "os_features": "",
                "os_version": null,
                "size": 96203902,
                "status": "active",
                "last_pulled": "2024-01-19T11:54:45.241925Z",
                "last_pushed": "2023-06-08T04:25:05.630426Z"
            }
        ],
        "last_updated": "2023-06-08T04:25:27.382099Z",
        "last_updater": 15167002,
        "last_updater_username": "hashicorpcrt",
        "name": "1.14.0-rc1",
        "repository": 783490,
        "full_size": 97988475,
        "v2": true,
        "tag_status": "active",
        "tag_last_pulled": "2024-01-20T09:33:00.397422Z",
        "tag_last_pushed": "2023-06-08T04:25:27.382099Z",
        "media_type": "application/vnd.docker.distribution.manifest.list.v2+json",
        "content_type": "image",
        "digest": "sha256:ad087f8b6af39c1f30cf1d60fcd5f230ac66b40830ec7c2d6b6d16e665360be7"
    }
]