[
    {
        "creator": 11381844,
        "id": 451423669,
        "images": [
            {
                "architecture": "amd64",
                "features": "",
                "variant": null,
                "digest": "sha256:8712a241d1ceb03bd1e0049f8fe21bc649569d74821362f764776b5b3a9c22f3",
                "os": "linux",
                "os_features": "",
                "os_version": null,
                "size": 15138728,
                "status": "active",
                "last_pulled": "2024-01-20T09:07:05.047681Z",
                "last_pushed": "2023-06-09T20:45:41.528445Z"
            },
            {
                "architecture": "arm64",
                "features": "",
                "variant": null,
                "digest": "sha256:9c13a305c885abe91fb5de22dd053e95b1f9e2b15972b80c51c5bace7653e231",
                "os": "linux",
                "os_features": "",
                "os_version": null,
                "size": 13680768,
                "status": "active",
                "last_pulled": "2024-01-16T00:50:53.722279Z",
                "last_pushed": "2023-06-09T20:45:42.063648Z"
            },
            {
                "architecture": "unknown",
                "features": "",
                "variant": null,
                "digest": "sha256:aa55030875a072fa9c42bcea25f44671910115253166e247f855a35f40840703",
                "os": "unknown",
                "os_features": "",
                "os_version": null,
                "size": 47337,
                "status": "active",
                "last_pulled": "2024-01-16T00:50:53.723887Z",
                "last_pushed": "2023-06-09T20:45:42.650363Z"
            },
            {
                "architecture": "unknown",
                "features": "",
                "variant": null,
                "digest": "sha256:be48947e6be88a645a966eb6356c65f3f383994c2e267c87a24ac048976c51df",
                "os": "unknown",
                "os_features": "",
                "os_version": null,
                "size": 48643,
                "status": "active",
                "last_pulled": "2024-01-16T00:50:53.758889Z",
                "last_pushed": "2023-06-09T20:45:43.166355Z"
            }
        ],
        "last_updated": "2023-06-05T08:04:03.434692Z",
        "last_updater": 11381844,
        "last_updater_username": "kongcloudpush",
        "name": "2.10.0",
        "repository": 12100721,
        "full_size": 15138728,
        "v2": true,
        "tag_status": "active",
        "tag_last_pulled": "2024-01-20T09:07:05.047681Z",
        "tag_last_pushed": "2023-06-05T08:04:03.434692Z",
        "media_type": "application/vnd.oci.image.index.v1+json",
        "content_type": "image",
        "digest": "sha256:64137bca17029d06ad2cac030a3faacdacc2828069c57650f3e55787f80b0cbf"
    },
    {
        "creator": 11381844,
        "id": 464316808,
        "images": [
            {
                "architecture": "arm64",
                "features": "",
                "variant": null,
                "digest": "sha256:f8e53c1992c43597100360cecc375bfcbe2c00290744f504ac37b6bc950d949a",
                "os": "linux",
                "os_features": "",
                "os_version": null,
                "size": 13695920,
                "status": "active",
                "last_pulled": "2024-01-16T00:50:53.731456Z",
                "last_pushed": "2023-06-27T10:05:00.371897Z"
            },
            {
                "architecture": "unknown",
                "features": "",
                "variant": null,
                "digest": "sha256:a1c56229a928fbb1628d584acb1cd01a543620deed5445f66092c9afe7b0d180",
                "os": "unknown",
                "os_features": "",
                "os_version": null,
                "size": 48835,
                "status": "active",
                "last_pulled": "2024-01-16T00:50:53.832267Z",
                "last_pushed": "2023-06-27T10:05:00.991575Z"
            },
            {
                "architecture": "unknown",
                "features": "",
                "variant": null,
                "digest": "sha256:d0dca13bc26f86587ea57f2497d88587c76f74907213a47c3a6118196a74eff4",
                "os": "unknown",
                "os_features": "",
                "os_version": null,
                "size": 48817,
                "status": "active",
                "last_pulled": "2024-01-16T00:50:53.798026Z",
                "last_pushed": "2023-06-27T10:05:01.226814Z"
            },
            {
                "architecture": "amd64",
                "features": "",
                "variant": null,
                "digest": "sha256:f02e2ccda93026257c8b2c3e830a6ac90323501c7ae9b3ba436598b97144130d",
                "os": "linux",
                "os_features": "",
                "os_version": null,
                "size": 15161872,
                "status": "active",
                "last_pulled": "2024-01-20T08:49:17.790608Z",
                "last_pushed": "2023-06-27T10:05:00.854957Z"
            }
        ],
        "last_updated": "2023-06-27T10:05:01.639238Z",
        "last_updater": 11381844,
        "last_updater_username": "kongcloudpush",
        "name": "2.10.1",
        "repository": 12100721,
        "full_size": 15161872,
        "v2": true,
        "tag_status": "active",
        "tag_last_pulled": "2024-01-20T09:40:47.001135Z",
        "tag_last_pushed": "2023-06-27T10:05:01.639238Z",
        "media_type": "application/vnd.oci.image.index.v1+json",
        "content_type": "image",
        "digest": "sha256:41a046de6837d878cc4f4d8ca68f4bd0faa3d74ddace88bf9ba9e6f348fd8164"
    },
    {
        "creator": 11381844,
        "id": 352209866,
        "images": [
            {
                "architecture": "arm64",
                "features": "",
                "variant": null,
                "digest": "sha256:9e170e1cc666949dc2aa29f1a9af1f5eab1d5105338fee5f0232ea33ab3ece13",
                "os": "linux",
                "os_features": "",
                "os_version": null,
                "size": 13173412,
                "status": "active",
                "last_pulled": "2024-01-20T07:28:58.556027Z",
                "last_pushed": "2023-03-30T02:21:19.100318Z"
            },
            {
                "architecture": "amd64",
                "features": "",
                "variant": null,
                "digest": "sha256:6a1eda0340a360d5630d97163e2cc48c2fc367dffaba693ece104cdd69cf7604",
                "os": "linux",
                "os_features": "",
                "os_version": null,
                "size": 14601648,
                "status": "active",
                "last_pulled": "2024-01-20T08:54:34.287712Z",
                "last_pushed": "2023-03-30T02:21:18.856076Z"
            }
        ],
        "last_updated": "2023-03-30T02:21:20.103901Z",
        "last_updater": 11381844,
        "last_updater_username": "kongcloudpush",
        "name": "2.8",
        "repository": 12100721,
        "full_size": 14601648,
        "v2": true,
        "tag_status": "active",
        "tag_last_pulled": "2024-01-20T09:27:24.182021Z",
        "tag_last_pushed": "2023-03-30T02:21:20.103901Z",
        "media_type": "application/vnd.docker.distribution.manifest.list.v2+json",
        "content_type": "image",
        "digest": "sha256:795f841318df367c6ab0d71cc7772f554d43ca9778f0c39eb7b1cad88d0e350b"
    },
    {
        "creator": 11381844,
        "id": 352210304,
        "images": [
            {
                "architecture": "amd64",
                "features": "",
                "variant": null,
                "digest": "sha256:830335cf12df183322f5cb0e2383b4ed27c04341c1ec4a75e5d8577669bbca8b",
                "os": "linux",
                "os_features": "",
                "os_version": null,
                "size": 105379446,
                "status": "active",
                "last_pulled": "2024-01-20T06:47:25.906011Z",
                "last_pushed": "2023-03-30T02:21:57.612071Z"
            },
            {
                "architecture": "arm64",
                "features": "",
                "variant": null,
                "digest": "sha256:fc993c5bfdc4b01dff94e72e475f5353bc82de8c3f0633e9fda90be381b35c17",
                "os": "linux",
                "os_features": "",
                "os_version": null,
                "size": 100340584,
                "status": "inactive",
                "last_pulled": "2023-12-05T12:22:15.083905Z",
                "last_pushed": "2023-03-30T02:21:57.843619Z"
            }
        ],
        "last_updated": "2023-03-30T02:21:59.119637Z",
        "last_updater": 11381844,
        "last_updater_username": "kongcloudpush",
        "name": "2.8-redhat",
        "repository": 12100721,
        "full_size": 105379446,
        "v2": true,
        "tag_status": "active",
        "tag_last_pulled": "2024-01-20T06:47:25.906011Z",
        "tag_last_pushed": "2023-03-30T02:21:59.119637Z",
        "media_type": "application/vnd.docker.distribution.manifest.list.v2+json",
        "content_type": "image",
        "digest": "sha256:36de4a6fc05aef38f984c7fee41ea068c032d012dade70a0bd1d37edf58d18b8"
    },
    {
        "creator": 11381844,
        "id": 361401965,
        "images": [
            {
                "architecture": "arm64",
                "features": "",
                "variant": null,
                "digest": "sha256:6242a57fa1bd505c86669a22215bfa4dc02a12312c09c8a0fbbb8278c5bbe759",
                "os": "linux",
                "os_features": "",
                "os_version": null,
                "size": 12812707,
                "status": "active",
                "last_pulled": "2024-01-19T07:48:22.335296Z",
                "last_pushed": "2023-01-05T18:14:37.24048Z"
            },
            {
                "architecture": "amd64",
                "features": "",
                "variant": null,
                "digest": "sha256:ee00bc2f3f07d00fa9ce95623f0e164dfdb0c0213f8237f9e8ffcdc48716754e",
                "os": "linux",
                "os_features": "",
                "os_version": null,
                "size": 14192946,
                "status": "active",
                "last_pulled": "2024-01-20T06:13:32.063758Z",
                "last_pushed": "2023-01-05T18:14:37.092921Z"
            }
        ],
        "last_updated": "2023-01-05T18:14:37.457439Z",
        "last_updater": 11381844,
        "last_updater_username": "kongcloudpush",
        "name": "2.8.1",
        "repository": 12100721,
        "full_size": 14192946,
        "v2": true,
        "tag_status": "active",
        "tag_last_pulled": "2024-01-20T09:33:47.742694Z",
        "tag_last_pushed": "2023-01-05T18:14:37.457439Z",
        "media_type": "application/vnd.docker.distribution.manifest.list.v2+json",
        "content_type": "image",
        "digest": "sha256:a897ae1d3a0fde00797b3333e1b61572773d5c835093a12e0e6be7664b537ab5"
    },
    {
        "creator": 11381844,
        "id": 361402188,
        "images": [
            {
                "architecture": "amd64",
                "features": "",
                "variant": null,
                "digest": "sha256:ec5e35eac977ce037846ebe7b50888a8cb85d2f73f4f1c529e3632c8d4dd32a8",
                "os": "linux",
                "os_features": "",
                "os_version": null,
                "size": 104650354,
                "status": "active",
                "last_pulled": "2024-01-20T09:44:15.408993Z",
                "last_pushed": "2023-01-05T18:15:12.52567Z"
            },
            {
                "architecture": "arm64",
                "features": "",
                "variant": null,
                "digest": "sha256:fef07b0b01aa2a9d172d61495787ec1071369130da617b4784a0c9e3f9d6c77d",
                "os": "linux",
                "os_features": "",
                "os_version": null,
                "size": 99634658,
                "status": "inactive",
                "last_pulled": "2023-12-02T07:54:19.307127Z",
                "last_pushed": "2023-01-05T18:15:12.68961Z"
            }
        ],
        "last_updated": "2023-01-05T18:15:12.916267Z",
        "last_updater": 11381844,
        "last_updater_username": "kongcloudpush",
        "name": "2.8.1-redhat",
        "repository": 12100721,
        "full_size": 104650354,
        "v2": true,
        "tag_status": "active",
        "tag_last_pulled": "2024-01-20T09:44:15.408993Z",
        "tag_last_pushed": "2023-01-05T18:15:12.916267Z",
        "media_type": "application/vnd.docker.distribution.manifest.list.v2+json",
        "content_type": "image",
        "digest": "sha256:5277bedf4cb4a2df4a55a89f0b8dd4ab0667e3eb87e3769c6655d9e754f3cf2c"
    },
    {
        "creator": 11381844,
        "id": 412925914,
        "images": [
            {
                "architecture": "arm64",
                "features": "",
                "variant": null,
                "digest": "sha256:9e170e1cc666949dc2aa29f1a9af1f5eab1d5105338fee5f0232ea33ab3ece13",
                "os": "linux",
                "os_features": "",
                "os_version": null,
                "size": 13173412,
                "status": "active",
                "last_pulled": "2024-01-20T07:28:58.556027Z",
                "last_pushed": "2023-03-30T02:21:19.100318Z"
            },
            {
                "architecture": "amd64",
                "features": "",
                "variant": null,
                "digest": "sha256:6a1eda0340a360d5630d97163e2cc48c2fc367dffaba693ece104cdd69cf7604",
                "os": "linux",
                "os_features": "",
                "os_version": null,
                "size": 14601648,
                "status": "active",
                "last_pulled": "2024-01-20T08:54:34.287712Z",
                "last_pushed": "2023-03-30T02:21:18.856076Z"
            }
        ],
        "last_updated": "2023-03-30T02:21:19.361463Z",
        "last_updater": 11381844,
        "last_updater_username": "kongcloudpush",
        "name": "2.8.2",
        "repository": 12100721,
        "full_size": 14601648,
        "v2": true,
        "tag_status": "active",
        "tag_last_pulled": "2024-01-20T09:27:24.182021Z",
        "tag_last_pushed": "2023-03-30T02:21:19.361463Z",
        "media_type": "application/vnd.docker.distribution.manifest.list.v2+json",
        "content_type": "image",
        "digest": "sha256:795f841318df367c6ab0d71cc7772f554d43ca9778f0c39eb7b1cad88d0e350b"
    },
    {
        "creator": 11381844,
        "id": 412926254,
        "images": [
            {
                "architecture": "amd64",
                "features": "",
                "variant": null,
                "digest": "sha256:830335cf12df183322f5cb0e2383b4ed27c04341c1ec4a75e5d8577669bbca8b",
                "os": "linux",
                "os_features": "",
                "os_version": null,
                "size": 105379446,
                "status": "active",
                "last_pulled": "2024-01-20T06:47:25.906011Z",
                "last_pushed": "2023-03-30T02:21:57.612071Z"
            },
            {
                "architecture": "arm64",
                "features": "",
                "variant": null,
                "digest": "sha256:fc993c5bfdc4b01dff94e72e475f5353bc82de8c3f0633e9fda90be381b35c17",
                "os": "linux",
                "os_features": "",
                "os_version": null,
                "size": 100340584,
                "status": "inactive",
                "last_pulled": "2023-12-05T12:22:15.083905Z",
                "last_pushed": "2023-03-30T02:21:57.843619Z"
            }
        ],
        "last_updated": "2023-03-30T02:21:58.118643Z",
        "last_updater": 11381844,
        "last_updater_username": "kongcloudpush",
        "name": "2.8.2-redhat",
        "repository": 12100721,
        "full_size": 105379446,
        "v2": true,
        "tag_status": "active",
        "tag_last_pulled": "2024-01-20T06:47:25.906011Z",
        "tag_last_pushed": "2023-03-30T02:21:58.118643Z",
        "media_type": "application/vnd.docker.distribution.manifest.list.v2+json",
        "content_type": "image",
        "digest": "sha256:36de4a6fc05aef38f984c7fee41ea068c032d012dade70a0bd1d37edf58d18b8"
    },
    {
        "creator": 11381844,
        "id": 411553414,
        "images": [
            {
                "architecture": "amd64",
                "features": "",
                "variant": null,
                "digest": "sha256:3e6a34c36e6f36e58d5446d704cee23e1505bb45f15d2c68fb5be7e0fee2bb11",
                "os": "linux",
                "os_features": "",
                "os_version": null,
                "size": 14935962,
                "status": "active",
                "last_pulled": "2024-01-20T09:30:47.771088Z",
                "last_pushed": "2023-03-28T03:48:51.510691Z"
            },
            {
                "architecture": "arm64",
                "features": "",
                "variant": null,
                "digest": "sha256:fe526a89f65cf04bcf69a7de357524c663b3dd577ae211b1fc239c3bdf432283",
                "os": "linux",
                "os_features": "",
                "os_version": null,
                "size": 13482076,
                "status": "active",
                "last_pulled": "2024-01-16T00:50:53.590116Z",
                "last_pushed": "2023-03-28T03:48:51.762405Z"
            },
            {
                "architecture": "unknown",
                "features": "",
                "variant": null,
                "digest": "sha256:22a01cc6324a0fa8ffc95a93c7a82ecae4e5dc09c32c4075850ad2e3511d1ed7",
                "os": "unknown",
                "os_features": "",
                "os_version": null,
                "size": 51750,
                "status": "active",
                "last_pulled": "2024-01-16T00:50:53.62342Z",
                "last_pushed": "2023-03-28T03:48:51.279659Z"
            },
            {
                "architecture": "unknown",
                "features": "",
                "variant": null,
                "digest": "sha256:57ad3e1fbf95c42bc99cf9be3293ddd7ef9d8fe85c88795601cd89a72d2c78df",
                "os": "unknown",
                "os_features": "",
                "os_version": null,
                "size": 51732,
                "status": "active",
                "last_pulled": "2024-01-16T00:50:53.677121Z",
                "last_pushed": "2023-03-28T03:48:51.1012Z"
            }
        ],
        "last_updated": "2023-03-28T03:48:52.223291Z",
        "last_updater": 11381844,
        "last_updater_username": "kongcloudpush",
        "name": "2.9.0",
        "repository": 12100721,
        "full_size": 14935962,
        "v2": true,
        "tag_status": "active",
        "tag_last_pulled": "2024-01-20T09:30:47.771088Z",
        "tag_last_pushed": "2023-03-28T03:48:52.223291Z",
        "media_type": "application/vnd.oci.image.index.v1+json",
        "content_type": "image",
        "digest": "sha256:9cac1923e39053b340ab38b19290bc6ffdc0270bbc9e503bf32d90e23409d580"
    },
    {
        "creator": 11381844,
        "id": 401607581,
        "images": [
            {
                "architecture": "amd64",
                "features": "",
                "variant": null,
                "digest": "sha256:996a4459a252d63b122ac80da65211f5be8fcf644646091b4c692b23f132b57a",
                "os": "linux",
                "os_features": "",
                "os_version": null,
                "size": 14750555,
                "status": "active",
                "last_pulled": "2024-01-20T09:22:11.492584Z",
                "last_pushed": "2023-03-09T12:56:19.672118Z"
            },
            {
                "architecture": "arm64",
                "features": "",
                "variant": null,
                "digest": "sha256:728cb00da95c0eeb46ad65120de38dd53791f8ed9f073e7d0faa042141d9fb66",
                "os": "linux",
                "os_features": "",
                "os_version": null,
                "size": 13296334,
                "status": "active",
                "last_pulled": "2024-01-16T00:50:54.079638Z",
                "last_pushed": "2023-03-09T12:56:19.966492Z"
            },
            {
                "architecture": "unknown",
                "features": "",
                "variant": null,
                "digest": "sha256:8c25715c4214de597ffa91486722599e5b667c66d18e3dd6f3d1bf62cf7afdb9",
                "os": "unknown",
                "os_features": "",
                "os_version": null,
                "size": 47718,
                "status": "active",
                "last_pulled": "2024-01-16T00:50:53.583314Z",
                "last_pushed": "2023-03-09T12:56:19.827024Z"
            },
            {
                "architecture": "unknown",
                "features": "",
                "variant": null,
                "digest": "sha256:cd904f947525c80be79b20b7377491c8f59409effb49ab04bbba10efb4539dab",
                "os": "unknown",
                "os_features": "",
                "os_version": null,
                "size": 47700,
                "status": "active",
                "last_pulled": "2024-01-16T00:50:53.797952Z",
                "last_pushed": "2023-03-09T12:56:20.092196Z"
            }
        ],
        "last_updated": "2023-03-09T12:56:20.510039Z",
        "last_updater": 11381844,
        "last_updater_username": "kongcloudpush",
        "name": "2.9.0-rc.1",
        "repository": 12100721,
        "full_size": 14750555,
        "v2": true,
        "tag_status": "active",
        "tag_last_pulled": "2024-01-20T09:27:49.197098Z",
        "tag_last_pushed": "2023-03-09T12:56:20.510039Z",
        "media_type": "application/vnd.oci.image.index.v1+json",
        "content_type": "image",
        "digest": "sha256:3877ce9111a987dcb3e930002a762f2cc4d1dfe67b1cea3bace94616ddf57443"
    },
    {
        "creator": 11381844,
        "id": 412509644,
        "images": [
            {
                "architecture": "amd64",
                "features": "",
                "variant": null,
                "digest": "sha256:07c12a2afc4f62574a8e8483b7d00857950bd8b1445d4c1df76994920b4ae81f",
                "os": "linux",
                "os_features": "",
                "os_version": null,
                "size": 14941782,
                "status": "active",
                "last_pulled": "2024-01-20T09:20:41.614273Z",
                "last_pushed": "2023-03-29T12:48:32.189722Z"
            },
            {
                "architecture": "arm64",
                "features": "",
                "variant": null,
                "digest": "sha256:9736dbb1b1a2d7542ea2dccac5bd368e63e255f89c24f2bd20446e629d99941a",
                "os": "linux",
                "os_features": "",
                "os_version": null,
                "size": 13487910,
                "status": "active",
                "last_pulled": "2024-01-16T00:50:53.552725Z",
                "last_pushed": "2023-03-29T12:48:32.699593Z"
            },
            {
                "architecture": "unknown",
                "features": "",
                "variant": null,
                "digest": "sha256:ece3d52fea7bc3c82e0bfa7affdad63f3fe848d8f3a2588f4dfcf460b3395877",
                "os": "unknown",
                "os_features": "",
                "os_version": null,
                "size": 51749,
                "status": "active",
                "last_pulled": "2024-01-16T00:50:53.611595Z",
                "last_pushed": "2023-03-29T12:48:32.444533Z"
            },
            {
                "architecture": "unknown",
                "features": "",
                "variant": null,
                "digest": "sha256:6665f79a77e67c603c77f16d25873fd405256c5494f04d0c95a36202670eabf9",
                "os": "unknown",
                "os_features": "",
                "os_version": null,
                "size": 51731,
                "status": "active",
                "last_pulled": "2024-01-16T00:50:53.621579Z",
                "last_pushed": "2023-03-29T12:48:32.947982Z"
            }
        ],
        "last_updated": "2023-03-29T12:48:33.441885Z",
        "last_updater": 11381844,
        "last_updater_username": "kongcloudpush",
        "name": "2.9.1",
        "repository": 12100721,
        "full_size": 14941782,
        "v2": true,
        "tag_status": "active",
        "tag_last_pulled": "2024-01-20T09:29:01.353816Z",
        "tag_last_pushed": "2023-03-29T12:48:33.441885Z",
        "media_type": "application/vnd.oci.image.index.v1+json",
        "content_type": "image",
        "digest": "sha256:db5d820a1c8c9bbd471db21bba22291df4429e9b3e5771e178b95b0ef0cdddd3"
    },
    {
        "creator": 11381844,
        "id": 415504153,
        "images": [
            {
                "architecture": "amd64",
                "features": "",
                "variant": null,
                "digest": "sha256:25d00b38b7bbe030f6a092cfd2f0159cfbb7f62dbdc9c72a835bf5b91ca3f550",
                "os": "linux",
                "os_features": "",
                "os_version": null,
                "size": 14941696,
                "status": "active",
                "last_pulled": "2024-01-20T09:16:39.129226Z",
                "last_pushed": "2023-04-03T13:30:16.329746Z"
            },
            {
                "architecture": "arm64",
                "features": "",
                "variant": null,
                "digest": "sha256:aab9d137c5e1dc1f290706c9abdff3a60ee30ffc8f6c966c18a54273378fd985",
                "os": "linux",
                "os_features": "",
                "os_version": null,
                "size": 13488208,
                "status": "active",
                "last_pulled": "2024-01-19T15:41:05.698811Z",
                "last_pushed": "2023-04-03T13:30:16.105523Z"
            },
            {
                "architecture": "unknown",
                "features": "",
                "variant": null,
                "digest": "sha256:7368a5d7edeaa3b95469a4110a17f157a53a1afea8052be99307c900d11c1d6a",
                "os": "unknown",
                "os_features": "",
                "os_version": null,
                "size": 51750,
                "status": "active",
                "last_pulled": "2024-01-16T00:50:53.66302Z",
                "last_pushed": "2023-04-03T13:30:15.860719Z"
            },
            {
                "architecture": "unknown",
                "features": "",
                "variant": null,
                "digest": "sha256:2247cb3e8d398baf2729f33d651cd88403374730412866e41d26dee5087615ab",
                "os": "unknown",
                "os_features": "",
                "os_version": null,
                "size": 51732,
                "status": "active",
                "last_pulled": "2024-01-16T00:50:53.658412Z",
                "last_pushed": "2023-04-03T13:30:16.608563Z"
            }
        ],
        "last_updated": "2023-04-03T13:30:17.100669Z",
        "last_updater": 11381844,
        "last_updater_username": "kongcloudpush",
        "name": "2.9.2",
        "repository": 12100721,
        "full_size": 14941696,
        "v2": true,
        "tag_status": "active",
        "tag_last_pulled": "2024-01-20T09:17:43.461911Z",
        "tag_last_pushed": "2023-04-03T13:30:17.100669Z",
        "media_type": "application/vnd.oci.image.index.v1+json",
        "content_type": "image",
        "digest": "sha256:6625910b206941e19df692caa60553507c5b1da2033a04f1f96d802d3f18dbbe"
    },
    {
        "creator": 11381844,
        "id": 423592904,
        "images": [
            {
                "architecture": "arm64",
                "features": "",
                "variant": null,
                "digest": "sha256:e5f712bf67f756b6743586665aaf91d23f56ca262bd8345dda6c09084443dd38",
                "os": "linux",
                "os_features": "",
                "os_version": null,
                "size": 13485972,
                "status": "active",
                "last_pulled": "2024-01-17T10:10:19.25943Z",
                "last_pushed": "2023-04-17T16:20:33.860053Z"
            },
            {
                "architecture": "unknown",
                "features": "",
                "variant": null,
                "digest": "sha256:231c86e2be2ffa3df6b488a9bf41212d43fd567be44cda8f7c435c6a8e19b70c",
                "os": "unknown",
                "os_features": "",
                "os_version": null,
                "size": 51750,
                "status": "active",
                "last_pulled": "2024-01-16T00:50:53.688981Z",
                "last_pushed": "2023-04-17T16:20:34.327584Z"
            },
            {
                "architecture": "unknown",
                "features": "",
                "variant": null,
                "digest": "sha256:e40f220c183b4eb9d156ccb7bf07e0625c61ac7b27419cc0301183ed594e5ba9",
                "os": "unknown",
                "os_features": "",
                "os_version": null,
                "size": 51732,
                "status": "active",
                "last_pulled": "2024-01-16T00:50:53.59476Z",
                "last_pushed": "2023-04-17T16:20:34.185519Z"
            },
            {
                "architecture": "amd64",
                "features": "",
                "variant": null,
                "digest": "sha256:debe488e0f1ac0019f5f36d8185476526cdcec972486886a5e23e27e00960814",
                "os": "linux",
                "os_features": "",
                "os_version": null,
                "size": 14941573,
                "status": "active",
                "last_pulled": "2024-01-20T09:13:27.152701Z",
                "last_pushed": "2023-04-17T16:20:34.025217Z"
            }
        ],
        "last_updated": "2023-04-17T16:20:34.735968Z",
        "last_updater": 11381844,
        "last_updater_username": "kongcloudpush",
        "name": "2.9.3",
        "repository": 12100721,
        "full_size": 14941573,
        "v2": true,
        "tag_status": "active",
        "tag_last_pulled": "2024-01-20T09:15:04.223598Z",
        "tag_last_pushed": "2023-04-17T16:20:34.735968Z",
        "media_type": "application/vnd.oci.image.index.v1+json",
        "content_type": "image",
        "digest": "sha256:e32a9e13d2a05049a995566582233005ab27ee0ca3e616c0a24708b5ab3a6e14"
    }
]