[
    {
        "creator": 4120166,
        "id": 381867974,
        "images": [
            {
                "architecture": "amd64",
                "features": "",
                "variant": null,
                "digest": "sha256:3539005de0d7b2d266ea91caeb54665c2ea4a24ce227cefd2dc729b405c7c843",
                "os": "linux",
                "os_features": "",
                "os_version": null,
                "size": 135242950,
                "status": "active",
                "last_pulled": "2024-01-20T07:28:41.43105Z",
                "last_pushed": "2023-02-13T16:14:26.449032Z"
            },
            {
                "architecture": "386",
                "features": "",
                "variant": null,
                "digest": "sha256:c69f4777f22492160f3bd3bccd09572257ad149c7238b8dcc222209524112236",
                "os": "linux",
                "os_features": "",
                "os_version": null,
                "size": 137202858,
                "status": "active",
                "last_pulled": "2024-01-19T08:02:06.189613Z",
                "last_pushed": "2023-02-13T16:14:26.71187Z"
            },
            {
                "architecture": "arm",
                "features": "",
                "variant": "v7",
                "digest": "sha256:0dc989a6c6fc3c0ef524f1de5c363e14a9e34b7ccd58dee2395f3608a5d06a0e",
                "os": "linux",
                "os_features": "",
                "os_version": null,
                "size": 126014539,
                "status": "active",
                "last_pulled": "2024-01-19T08:02:07.324498Z",
                "last_pushed": "2023-02-13T16:14:26.208873Z"
            },
            {
                "architecture": "arm64",
                "features": "",
                "variant": null,
                "digest": "sha256:c0ef6059810f7e750b82247f06914f330e14e5465f938b1f79ef507568e923d3",
                "os": "linux",
                "os_features": "",
                "os_version": null,
                "size": 131219567,
                "status": "active",
                "last_pulled": "2024-01-19T08:02:08.696378Z",
                "last_pushed": "2023-02-13T16:14:25.973067Z"
            },
            {
                "architecture": "ppc64le",
                "features": "",
                "variant": null,
                "digest": "sha256:3157607fa1d271fadde7522a1c9df70bad956fcd19ee1a5e8bb2c3d1fac7724c",
                "os": "linux",
                "os_features": "",
                "os_version": null,
                "size": 117324230,
                "status": "active",
                "last_pulled": "2024-01-19T08:02:09.853887Z",
                "last_pushed": "2023-02-13T16:14:26.930045Z"
            }
        ],
        "last_updated": "2023-02-13T16:15:22.215683Z",
        "last_updater": 4120166,
        "last_updater_username": "netdatabot",
        "name": "v1.38",
        "repository": 6046254,
        "full_size": 135242950,
        "v2": true,
        "tag_status": "active",
        "tag_last_pulled": "2024-01-20T08:50:46.526904Z",
        "tag_last_pushed": "2023-02-13T16:15:22.215683Z",
        "media_type": "application/vnd.docker.distribution.manifest.list.v2+json",
        "content_type": "image",
        "digest": "sha256:a85154c3c1aa28e5dd7a22974db2332cee03f834bc5e84be4d9283d8acc2c1c9"
    },
    {
        "creator": 4120166,
        "id": 381868003,
        "images": [
            {
                "architecture": "amd64",
                "features": "",
                "variant": null,
                "digest": "sha256:c82951cddcf23085074a7d233ca7061555a01135abbeed4a0052b7e3225c74d0",
                "os": "linux",
                "os_features": "",
                "os_version": null,
                "size": 135227318,
                "status": "active",
                "last_pulled": "2024-01-19T09:04:57.485256Z",
                "last_pushed": "2023-02-06T15:56:22.625896Z"
            },
            {
                "architecture": "386",
                "features": "",
                "variant": null,
                "digest": "sha256:fb3bac68b39619d899e0c7630a06142ffdf9c3cdb4aba40f4bbe02a45bfc072a",
                "os": "linux",
                "os_features": "",
                "os_version": null,
                "size": 137182205,
                "status": "active",
                "last_pulled": "2024-01-07T06:13:10.498233Z",
                "last_pushed": "2023-02-06T15:56:22.824318Z"
            },
            {
                "architecture": "arm",
                "features": "",
                "variant": "v7",
                "digest": "sha256:4d53851019e1daf2bd2cedeed14d10f2d63fa30b7dd2807cd9868ff89816e8f6",
                "os": "linux",
                "os_features": "",
                "os_version": null,
                "size": 126009678,
                "status": "active",
                "last_pulled": "2024-01-16T11:10:15.082637Z",
                "last_pushed": "2023-02-06T15:56:22.312251Z"
            },
            {
                "architecture": "arm64",
                "features": "",
                "variant": null,
                "digest": "sha256:aa8bd2eca2a7274dfc8a0004240cdbde2801ee4e105617e9a1430ec8427714e5",
                "os": "linux",
                "os_features": "",
                "os_version": null,
                "size": 131193127,
                "status": "active",
                "last_pulled": "2024-01-16T11:10:14.863438Z",
                "last_pushed": "2023-02-06T15:56:22.051815Z"
            },
            {
                "architecture": "ppc64le",
                "features": "",
                "variant": null,
                "digest": "sha256:2a4c27e4e445b056bd2d574934b50f58fea3aabc260a65973b5bc861aa100cf0",
                "os": "linux",
                "os_features": "",
                "os_version": null,
                "size": 117297394,
                "status": "active",
                "last_pulled": "2024-01-07T06:13:08.494129Z",
                "last_pushed": "2023-02-06T15:56:23.033123Z"
            }
        ],
        "last_updated": "2023-02-06T15:57:21.775414Z",
        "last_updater": 4120166,
        "last_updater_username": "netdatabot",
        "name": "v1.38.0",
        "repository": 6046254,
        "full_size": 135227318,
        "v2": true,
        "tag_status": "active",
        "tag_last_pulled": "2024-01-20T09:34:49.7972Z",
        "tag_last_pushed": "2023-02-06T15:57:21.775414Z",
        "media_type": "application/vnd.docker.distribution.manifest.list.v2+json",
        "content_type": "image",
        "digest": "sha256:74a934c0e18c867c62516cb0df5bf7e7f9dc65b9000f30abba15703adb0821a0"
    },
    {
        "creator": 4120166,
        "id": 386457822,
        "images": [
            {
                "architecture": "amd64",
                "features": "",
                "variant": null,
                "digest": "sha256:3539005de0d7b2d266ea91caeb54665c2ea4a24ce227cefd2dc729b405c7c843",
                "os": "linux",
                "os_features": "",
                "os_version": null,
                "size": 135242950,
                "status": "active",
                "last_pulled": "2024-01-20T07:28:41.43105Z",
                "last_pushed": "2023-02-13T16:14:26.449032Z"
            },
            {
                "architecture": "386",
                "features": "",
                "variant": null,
                "digest": "sha256:c69f4777f22492160f3bd3bccd09572257ad149c7238b8dcc222209524112236",
                "os": "linux",
                "os_features": "",
                "os_version": null,
                "size": 137202858,
                "status": "active",
                "last_pulled": "2024-01-19T08:02:06.189613Z",
                "last_pushed": "2023-02-13T16:14:26.71187Z"
            },
            {
                "architecture": "arm",
                "features": "",
                "variant": "v7",
                "digest": "sha256:0dc989a6c6fc3c0ef524f1de5c363e14a9e34b7ccd58dee2395f3608a5d06a0e",
                "os": "linux",
                "os_features": "",
                "os_version": null,
                "size": 126014539,
                "status": "active",
                "last_pulled": "2024-01-19T08:02:07.324498Z",
                "last_pushed": "2023-02-13T16:14:26.208873Z"
            },
            {
                "architecture": "arm64",
                "features": "",
                "variant": null,
                "digest": "sha256:c0ef6059810f7e750b82247f06914f330e14e5465f938b1f79ef507568e923d3",
                "os": "linux",
                "os_features": "",
                "os_version": null,
                "size": 131219567,
                "status": "active",
                "last_pulled": "2024-01-19T08:02:08.696378Z",
                "last_pushed": "2023-02-13T16:14:25.973067Z"
            },
            {
                "architecture": "ppc64le",
                "features": "",
                "variant": null,
                "digest": "sha256:3157607fa1d271fadde7522a1c9df70bad956fcd19ee1a5e8bb2c3d1fac7724c",
                "os": "linux",
                "os_features": "",
                "os_version": null,
                "size": 117324230,
                "status": "active",
                "last_pulled": "2024-01-19T08:02:09.853887Z",
                "last_pushed": "2023-02-13T16:14:26.930045Z"
            }
        ],
        "last_updated": "2023-02-13T16:15:24.007867Z",
        "last_updater": 4120166,
        "last_updater_username": "netdatabot",
        "name": "v1.38.1",
        "repository": 6046254,
        "full_size": 135242950,
        "v2": true,
        "tag_status": "active",
        "tag_last_pulled": "2024-01-20T08:50:46.526904Z",
        "tag_last_pushed": "2023-02-13T16:15:24.007867Z",
        "media_type": "application/vnd.docker.distribution.manifest.list.v2+json",
        "content_type": "image",
        "digest": "sha256:a85154c3c1aa28e5dd7a22974db2332cee03f834bc5e84be4d9283d8acc2c1c9"
    },
    {
        "creator": 4120166,
        "id": 435551376,
        "images": [
            {
                "architecture": "amd64",
                "features": "",
                "variant": null,
                "digest": "sha256:c7806ce4586aa7461b14451ba53ea32b840ffc44227ebeb1ec5e834247389ee9",
                "os": "linux",
                "os_features": "",
                "os_version": null,
                "size": 120098217,
                "status": "active",
                "last_pulled": "2024-01-19T16:16:07.168152Z",
                "last_pushed": "2023-05-18T13:52:58.302184Z"
            },
            {
                "architecture": "386",
                "features": "",
                "variant": null,
                "digest": "sha256:7cf3943085fcc31af65aba29f349fe0684a834a63aa1f922a223d11ae3c01786",
                "os": "linux",
                "os_features": "",
                "os_version": null,
                "size": 123144367,
                "status": "active",
                "last_pulled": "2024-01-07T06:13:08.652289Z",
                "last_pushed": "2023-05-18T13:52:58.05006Z"
            },
            {
                "architecture": "arm",
                "features": "",
                "variant": "v7",
                "digest": "sha256:43996b5d1aac312f3f89c697dc1dc71abd9f921078aaeec20cd608a930b94310",
                "os": "linux",
                "os_features": "",
                "os_version": null,
                "size": 111905624,
                "status": "active",
                "last_pulled": "2024-01-11T04:20:25.088917Z",
                "last_pushed": "2023-05-18T13:52:57.347123Z"
            },
            {
                "architecture": "arm64",
                "features": "",
                "variant": null,
                "digest": "sha256:37b46eec0d2e3c7f29f2d2f7d288445ec2ad2769a9114cbaf1f9f310c581c058",
                "os": "linux",
                "os_features": "",
                "os_version": null,
                "size": 116214388,
                "status": "active",
                "last_pulled": "2024-01-18T06:34:43.050459Z",
                "last_pushed": "2023-05-18T13:52:58.986219Z"
            },
            {
                "architecture": "ppc64le",
                "features": "",
                "variant": null,
                "digest": "sha256:74055f7a5afbf4055eb7042e41d739f18fc027147632ccc1f81b623e18e0533d",
                "os": "linux",
                "os_features": "",
                "os_version": null,
                "size": 114100043,
                "status": "active",
                "last_pulled": "2024-01-07T06:13:12.16616Z",
                "last_pushed": "2023-05-18T13:52:58.772837Z"
            },
            {
                "architecture": "unknown",
                "features": "",
                "variant": null,
                "digest": "sha256:b843e18166bef1fab46b6c338f780ee2ea54a04e5cb3187d28e15a5555b9f8c9",
                "os": "unknown",
                "os_features": "",
                "os_version": null,
                "size": 25186,
                "status": "active",
                "last_pulled": "2024-01-07T06:13:09.667814Z",
                "last_pushed": "2023-05-18T13:52:58.521432Z"
            },
            {
                "architecture": "unknown",
                "features": "",
                "variant": null,
                "digest": "sha256:85004b6c9ca1f1e387d9822821d3dd9ef7ce99e7288afca13f0c3d4a648a1276",
                "os": "unknown",
                "os_features": "",
                "os_version": null,
                "size": 25134,
                "status": "active",
                "last_pulled": "2024-01-07T06:13:11.665325Z",
                "last_pushed": "2023-05-18T13:52:57.76857Z"
            },
            {
                "architecture": "unknown",
                "features": "",
                "variant": null,
                "digest": "sha256:fd6dd2512ed86c4737cede6c7e6ea603dd01c5913bc4f6f38698690159b11ec4",
                "os": "unknown",
                "os_features": "",
                "os_version": null,
                "size": 25354,
                "status": "active",
                "last_pulled": "2024-01-07T06:13:09.9024Z",
                "last_pushed": "2023-05-18T13:52:57.540018Z"
            },
            {
                "architecture": "unknown",
                "features": "",
                "variant": null,
                "digest": "sha256:68a6044baf065169c15dfe3d519bbca2f56b0decb7e1896af31f68399115788d",
                "os": "unknown",
                "os_features": "",
                "os_version": null,
                "size": 25186,
                "status": "active",
                "last_pulled": "2024-01-07T06:13:10.256939Z",
                "last_pushed": "2023-05-18T13:52:57.133735Z"
            },
            {
                "architecture": "unknown",
                "features": "",
                "variant": null,
                "digest": "sha256:d425d2a3fac58067edabec39b53b8a6970a4f97a55943bf2b29a71b0acc8133c",
                "os": "unknown",
                "os_features": "",
                "os_version": null,
                "size": 25238,
                "status": "active",
                "last_pulled": "2024-01-07T06:13:08.751491Z",
                "last_pushed": "2023-05-18T13:52:59.196968Z"
            }
        ],
        "last_updated": "2023-05-18T13:53:39.446758Z",
        "last_updater": 4120166,
        "last_updater_username": "netdatabot",
        "name": "v1.39",
        "repository": 6046254,
        "full_size": 120098217,
        "v2": true,
        "tag_status": "active",
        "tag_last_pulled": "2024-01-20T09:05:47.973684Z",
        "tag_last_pushed": "2023-05-18T13:53:39.446758Z",
        "media_type": "application/vnd.oci.image.index.v1+json",
        "content_type": "image",
        "digest": "sha256:8209dbe90c6a5cfda4b13ccb8e37fcce3e0c29dae02cb7b97719e8a6ad234b62"
    },
    {
        "creator": 4120166,
        "id": 435551379,
        "images": [
            {
                "architecture": "amd64",
                "features": "",
                "variant": null,
                "digest": "sha256:9c1b277ec309994e8c18a9a94fd870fc0ad4a78a58eb232044a52b467925bb74",
                "os": "linux",
                "os_features": "",
                "os_version": null,
                "size": 120088848,
                "status": "active",
                "last_pulled": "2024-01-19T09:01:04.80522Z",
                "last_pushed": "2023-05-08T14:12:00.203584Z"
            },
            {
                "architecture": "386",
                "features": "",
                "variant": null,
                "digest": "sha256:dc7c4ac66f3860d18ab37e77af2945dd268df0d87acfd285b7482d3b575270e0",
                "os": "linux",
                "os_features": "",
                "os_version": null,
                "size": 123133333,
                "status": "active",
                "last_pulled": "2024-01-07T06:13:08.664016Z",
                "last_pushed": "2023-05-08T14:11:59.636705Z"
            },
            {
                "architecture": "arm",
                "features": "",
                "variant": "v7",
                "digest": "sha256:9e39b950fa7522b2a0ef1b3746ce17a0c586aa6c01c201266477fa19f43d353a",
                "os": "linux",
                "os_features": "",
                "os_version": null,
                "size": 111894011,
                "status": "active",
                "last_pulled": "2024-01-07T06:13:08.828685Z",
                "last_pushed": "2023-05-08T14:11:59.29985Z"
            },
            {
                "architecture": "arm64",
                "features": "",
                "variant": null,
                "digest": "sha256:b8f0201c11b970d5ff3013a4238624aefc49ad0e75a98a9166aae407d04b7fe1",
                "os": "linux",
                "os_features": "",
                "os_version": null,
                "size": 116198736,
                "status": "active",
                "last_pulled": "2024-01-07T06:13:10.879166Z",
                "last_pushed": "2023-05-08T14:11:59.17228Z"
            },
            {
                "architecture": "ppc64le",
                "features": "",
                "variant": null,
                "digest": "sha256:de307a980ff5373c99aafe6a8a85041bf4554a5263e459159f47ad10adc2c621",
                "os": "linux",
                "os_features": "",
                "os_version": null,
                "size": 114100579,
                "status": "active",
                "last_pulled": "2024-01-07T06:13:10.636419Z",
                "last_pushed": "2023-05-08T14:12:00.623782Z"
            },
            {
                "architecture": "unknown",
                "features": "",
                "variant": null,
                "digest": "sha256:172ab86c50902bf8e4289e6adc5b35405f00e558fbf23bbaf3006d4c0274502d",
                "os": "unknown",
                "os_features": "",
                "os_version": null,
                "size": 25187,
                "status": "active",
                "last_pulled": "2024-01-07T06:13:08.335598Z",
                "last_pushed": "2023-05-08T14:12:00.450584Z"
            },
            {
                "architecture": "unknown",
                "features": "",
                "variant": null,
                "digest": "sha256:b0f62d7b3e1d251f8dacbdc89a4e908d838cdd0b8db34270c63e9dd9f31f447d",
                "os": "unknown",
                "os_features": "",
                "os_version": null,
                "size": 25135,
                "status": "active",
                "last_pulled": "2024-01-07T06:13:06.798962Z",
                "last_pushed": "2023-05-08T14:11:59.991669Z"
            },
            {
                "architecture": "unknown",
                "features": "",
                "variant": null,
                "digest": "sha256:b3cc4cc9b4b7f2c81ef4ee41101798039107c658076fb9326c106a4c1dd4fe5b",
                "os": "unknown",
                "os_features": "",
                "os_version": null,
                "size": 25355,
                "status": "active",
                "last_pulled": "2024-01-07T06:13:11.303764Z",
                "last_pushed": "2023-05-08T14:11:59.847155Z"
            },
            {
                "architecture": "unknown",
                "features": "",
                "variant": null,
                "digest": "sha256:4f2e32135204982e0bd4cec31aa13964ed2e2a8c723ae9a25a5749da07eb1744",
                "os": "unknown",
                "os_features": "",
                "os_version": null,
                "size": 25187,
                "status": "active",
                "last_pulled": "2024-01-07T06:13:11.424497Z",
                "last_pushed": "2023-05-08T14:11:59.439987Z"
            },
            {
                "architecture": "unknown",
                "features": "",
                "variant": null,
                "digest": "sha256:c71db265abfa78e036a84c7b02f1e6a6fa4a12056902ddea868875a2010e96b3",
                "os": "unknown",
                "os_features": "",
                "os_version": null,
                "size": 25239,
                "status": "active",
                "last_pulled": "2024-01-07T06:13:10.828668Z",
                "last_pushed": "2023-05-08T14:12:00.784656Z"
            }
        ],
        "last_updated": "2023-05-08T14:12:32.179092Z",
        "last_updater": 4120166,
        "last_updater_username": "netdatabot",
        "name": "v1.39.0",
        "repository": 6046254,
        "full_size": 120088848,
        "v2": true,
        "tag_status": "active",
        "tag_last_pulled": "2024-01-20T09:34:31.442042Z",
        "tag_last_pushed": "2023-05-08T14:12:32.179092Z",
        "media_type": "application/vnd.oci.image.index.v1+json",
        "content_type": "image",
        "digest": "sha256:4fa77c879e4ab8e366b1bcbab00dd1aee1d1af4334eda4ffe640d3cdbce9eb09"
    },
    {
        "creator": 4120166,
        "id": 441387224,
        "images": [
            {
                "architecture": "amd64",
                "features": "",
                "variant": null,
                "digest": "sha256:c7806ce4586aa7461b14451ba53ea32b840ffc44227ebeb1ec5e834247389ee9",
                "os": "linux",
                "os_features": "",
                "os_version": null,
                "size": 120098217,
                "status": "active",
                "last_pulled": "2024-01-19T16:16:07.168152Z",
                "last_pushed": "2023-05-18T13:52:58.302184Z"
            },
            {
                "architecture": "386",
                "features": "",
                "variant": null,
                "digest": "sha256:7cf3943085fcc31af65aba29f349fe0684a834a63aa1f922a223d11ae3c01786",
                "os": "linux",
                "os_features": "",
                "os_version": null,
                "size": 123144367,
                "status": "active",
                "last_pulled": "2024-01-07T06:13:08.652289Z",
                "last_pushed": "2023-05-18T13:52:58.05006Z"
            },
            {
                "architecture": "arm",
                "features": "",
                "variant": "v7",
                "digest": "sha256:43996b5d1aac312f3f89c697dc1dc71abd9f921078aaeec20cd608a930b94310",
                "os": "linux",
                "os_features": "",
                "os_version": null,
                "size": 111905624,
                "status": "active",
                "last_pulled": "2024-01-11T04:20:25.088917Z",
                "last_pushed": "2023-05-18T13:52:57.347123Z"
            },
            {
                "architecture": "arm64",
                "features": "",
                "variant": null,
                "digest": "sha256:37b46eec0d2e3c7f29f2d2f7d288445ec2ad2769a9114cbaf1f9f310c581c058",
                "os": "linux",
                "os_features": "",
                "os_version": null,
                "size": 116214388,
                "status": "active",
                "last_pulled": "2024-01-18T06:34:43.050459Z",
                "last_pushed": "2023-05-18T13:52:58.986219Z"
            },
            {
                "architecture": "ppc64le",
                "features": "",
                "variant": null,
                "digest": "sha256:74055f7a5afbf4055eb7042e41d739f18fc027147632ccc1f81b623e18e0533d",
                "os": "linux",
                "os_features": "",
                "os_version": null,
                "size": 114100043,
                "status": "active",
                "last_pulled": "2024-01-07T06:13:12.16616Z",
                "last_pushed": "2023-05-18T13:52:58.772837Z"
            },
            {
                "architecture": "unknown",
                "features": "",
                "variant": null,
                "digest": "sha256:b843e18166bef1fab46b6c338f780ee2ea54a04e5cb3187d28e15a5555b9f8c9",
                "os": "unknown",
                "os_features": "",
                "os_version": null,
                "size": 25186,
                "status": "active",
                "last_pulled": "2024-01-07T06:13:09.667814Z",
                "last_pushed": "2023-05-18T13:52:58.521432Z"
            },
            {
                "architecture": "unknown",
                "features": "",
                "variant": null,
                "digest": "sha256:85004b6c9ca1f1e387d9822821d3dd9ef7ce99e7288afca13f0c3d4a648a1276",
                "os": "unknown",
                "os_features": "",
                "os_version": null,
                "size": 25134,
                "status": "active",
                "last_pulled": "2024-01-07T06:13:11.665325Z",
                "last_pushed": "2023-05-18T13:52:57.76857Z"
            },
            {
                "architecture": "unknown",
                "features": "",
                "variant": null,
                "digest": "sha256:fd6dd2512ed86c4737cede6c7e6ea603dd01c5913bc4f6f38698690159b11ec4",
                "os": "unknown",
                "os_features": "",
                "os_version": null,
                "size": 25354,
                "status": "active",
                "last_pulled": "2024-01-07T06:13:09.9024Z",
                "last_pushed": "2023-05-18T13:52:57.540018Z"
            },
            {
                "architecture": "unknown",
                "features": "",
                "variant": null,
                "digest": "sha256:68a6044baf065169c15dfe3d519bbca2f56b0decb7e1896af31f68399115788d",
                "os": "unknown",
                "os_features": "",
                "os_version": null,
                "size": 25186,
                "status": "active",
                "last_pulled": "2024-01-07T06:13:10.256939Z",
                "last_pushed": "2023-05-18T13:52:57.133735Z"
            },
            {
                "architecture": "unknown",
                "features": "",
                "variant": null,
                "digest": "sha256:d425d2a3fac58067edabec39b53b8a6970a4f97a55943bf2b29a71b0acc8133c",
                "os": "unknown",
                "os_features": "",
                "os_version": null,
                "size": 25238,
                "status": "active",
                "last_pulled": "2024-01-07T06:13:08.751491Z",
                "last_pushed": "2023-05-18T13:52:59.196968Z"
            }
        ],
        "last_updated": "2023-05-18T13:53:41.702965Z",
        "last_updater": 4120166,
        "last_updater_username": "netdatabot",
        "name": "v1.39.1",
        "repository": 6046254,
        "full_size": 120098217,
        "v2": true,
        "tag_status": "active",
        "tag_last_pulled": "2024-01-20T09:05:47.973684Z",
        "tag_last_pushed": "2023-05-18T13:53:41.702965Z",
        "media_type": "application/vnd.oci.image.index.v1+json",
        "content_type": "image",
        "digest": "sha256:8209dbe90c6a5cfda4b13ccb8e37fcce3e0c29dae02cb7b97719e8a6ad234b62"
    },
    {
        "creator": 4120166,
        "id": 457518513,
        "images": [
            {
                "architecture": "amd64",
                "features": "",
                "variant": null,
                "digest": "sha256:d985b4c92951812188f7b587dbb85c609501127fefb2c17442b81dc4c36bfe44",
                "os": "linux",
                "os_features": "",
                "os_version": null,
                "size": 120653838,
                "status": "active",
                "last_pulled": "2024-01-20T09:21:26.434142Z",
                "last_pushed": "2023-06-27T16:19:29.578065Z"
            },
            {
                "architecture": "386",
                "features": "",
                "variant": null,
                "digest": "sha256:2a9c72ede73fe11ad4b8b6a979375d53beb1ae0058872e0a5eef48cf3a5d87ae",
                "os": "linux",
                "os_features": "",
                "os_version": null,
                "size": 115033691,
                "status": "active",
                "last_pulled": "2024-01-07T06:13:09.53984Z",
                "last_pushed": "2023-06-27T16:19:28.984318Z"
            },
            {
                "architecture": "arm",
                "features": "",
                "variant": "v7",
                "digest": "sha256:918a9163e8f3dabd7033a999416b0a468edf0eb8d4901852bd9227acc2cc9002",
                "os": "linux",
                "os_features": "",
                "os_version": null,
                "size": 107199586,
                "status": "active",
                "last_pulled": "2024-01-20T03:43:55.51883Z",
                "last_pushed": "2023-06-27T16:19:28.655497Z"
            },
            {
                "architecture": "arm64",
                "features": "",
                "variant": null,
                "digest": "sha256:594eeec5fc6189a4bb79d38ad0fd9e9a74541fde78cfec294a43332c4ad96e4f",
                "os": "linux",
                "os_features": "",
                "os_version": null,
                "size": 117973666,
                "status": "active",
                "last_pulled": "2024-01-17T11:04:04.215088Z",
                "last_pushed": "2023-06-27T16:19:27.999268Z"
            },
            {
                "architecture": "ppc64le",
                "features": "",
                "variant": null,
                "digest": "sha256:2802e2d23129a55545c664ac404e7c1bc724b39f4678aebba3316a14d6c2e6f8",
                "os": "linux",
                "os_features": "",
                "os_version": null,
                "size": 115237064,
                "status": "active",
                "last_pulled": "2024-01-07T06:13:12.451619Z",
                "last_pushed": "2023-06-27T16:19:30.567752Z"
            },
            {
                "architecture": "unknown",
                "features": "",
                "variant": null,
                "digest": "sha256:c8509e71dd8cd6b5319f2cccae3169a93636d7137767411a7cb93687ee3e3e48",
                "os": "unknown",
                "os_features": "",
                "os_version": null,
                "size": 25174,
                "status": "active",
                "last_pulled": "2024-01-07T06:13:11.659722Z",
                "last_pushed": "2023-06-27T16:19:30.282496Z"
            },
            {
                "architecture": "unknown",
                "features": "",
                "variant": null,
                "digest": "sha256:d2922f34bd210b23551154dc09b19a8d7337a3ac0c271e7aae191b20ca3ea914",
                "os": "unknown",
                "os_features": "",
                "os_version": null,
                "size": 25122,
                "status": "active",
                "last_pulled": "2024-01-07T06:13:08.633622Z",
                "last_pushed": "2023-06-27T16:19:28.301392Z"
            },
            {
                "architecture": "unknown",
                "features": "",
                "variant": null,
                "digest": "sha256:e696208c55ad9b20b8f5b6e028b9854ea9c7cd38987ee3e292424976aab03ee3",
                "os": "unknown",
                "os_features": "",
                "os_version": null,
                "size": 25342,
                "status": "active",
                "last_pulled": "2024-01-07T06:13:11.522979Z",
                "last_pushed": "2023-06-27T16:19:29.944687Z"
            },
            {
                "architecture": "unknown",
                "features": "",
                "variant": null,
                "digest": "sha256:bed6986063b2ba00863b430e2a15e20e0b496f4f22492f891a9a25af88b28a12",
                "os": "unknown",
                "os_features": "",
                "os_version": null,
                "size": 25174,
                "status": "active",
                "last_pulled": "2024-01-07T06:13:06.826945Z",
                "last_pushed": "2023-06-27T16:19:29.31112Z"
            },
            {
                "architecture": "unknown",
                "features": "",
                "variant": null,
                "digest": "sha256:40603d22d6ea1706963248fab3e6356236d0510f97b4d98e4c1ab025a2ae3154",
                "os": "unknown",
                "os_features": "",
                "os_version": null,
                "size": 25226,
                "status": "active",
                "last_pulled": "2024-01-07T06:13:09.643279Z",
                "last_pushed": "2023-06-27T16:19:30.854608Z"
            }
        ],
        "last_updated": "2023-06-27T16:20:22.919188Z",
        "last_updater": 4120166,
        "last_updater_username": "netdatabot",
        "name": "v1.40",
        "repository": 6046254,
        "full_size": 120653838,
        "v2": true,
        "tag_status": "active",
        "tag_last_pulled": "2024-01-20T09:21:26.434142Z",
        "tag_last_pushed": "2023-06-27T16:20:22.919188Z",
        "media_type": "application/vnd.oci.image.index.v1+json",
        "content_type": "image",
        "digest": "sha256:1ea7e10a6f11846105bc4576e125c27809b40d940e0bc8a014fc173943928ad5"
    },
    {
        "creator": 4120166,
        "id": 457518524,
        "images": [
            {
                "architecture": "amd64",
                "features": "",
                "variant": null,
                "digest": "sha256:9f05dc3d628135b7ba3749ef4828a21ad9eff05b625c03f589da061b9f8bb863",
                "os": "linux",
                "os_features": "",
                "os_version": null,
                "size": 122713435,
                "status": "active",
                "last_pulled": "2024-01-20T09:22:52.853766Z",
                "last_pushed": "2023-06-14T16:54:00.783965Z"
            },
            {
                "architecture": "386",
                "features": "",
                "variant": null,
                "digest": "sha256:a3783ead72d63138e561b907115aeb9fdfb86860a84a9d2fe3f49afb54f86cef",
                "os": "linux",
                "os_features": "",
                "os_version": null,
                "size": 116947810,
                "status": "active",
                "last_pulled": "2024-01-07T06:13:11.405935Z",
                "last_pushed": "2023-06-14T16:54:00.595092Z"
            },
            {
                "architecture": "arm",
                "features": "",
                "variant": "v7",
                "digest": "sha256:e95836cb6a728a8ae7ac5240b0363bb4174a9d5008c2c7972d48f28052d3467b",
                "os": "linux",
                "os_features": "",
                "os_version": null,
                "size": 108833063,
                "status": "active",
                "last_pulled": "2024-01-07T06:13:10.92434Z",
                "last_pushed": "2023-06-14T16:54:00.44575Z"
            },
            {
                "architecture": "arm64",
                "features": "",
                "variant": null,
                "digest": "sha256:9b3890b2190cb488b4d60183abef51619a128fae468c6f5a8877c9fa4db798a9",
                "os": "linux",
                "os_features": "",
                "os_version": null,
                "size": 119930916,
                "status": "active",
                "last_pulled": "2024-01-20T09:25:23.113721Z",
                "last_pushed": "2023-06-14T16:54:00.284417Z"
            },
            {
                "architecture": "ppc64le",
                "features": "",
                "variant": null,
                "digest": "sha256:0af0e0780ffe061eba467fa8534a567ef4238f1757af07d4edb5873d9f01aba1",
                "os": "linux",
                "os_features": "",
                "os_version": null,
                "size": 117219255,
                "status": "active",
                "last_pulled": "2024-01-07T06:13:11.161585Z",
                "last_pushed": "2023-06-14T16:54:01.522263Z"
            },
            {
                "architecture": "unknown",
                "features": "",
                "variant": null,
                "digest": "sha256:9df2144471222176bdae82c3d0874592352d6f5161640218772124eddd5ee09c",
                "os": "unknown",
                "os_features": "",
                "os_version": null,
                "size": 25175,
                "status": "active",
                "last_pulled": "2024-01-07T06:13:11.917688Z",
                "last_pushed": "2023-06-14T16:54:01.711459Z"
            },
            {
                "architecture": "unknown",
                "features": "",
                "variant": null,
                "digest": "sha256:f6085c949a98899cf49a29e7ed9f470fa145f44d6a39ce178f2c6a88436a22e7",
                "os": "unknown",
                "os_features": "",
                "os_version": null,
                "size": 25123,
                "status": "active",
                "last_pulled": "2024-01-07T06:13:10.704101Z",
                "last_pushed": "2023-06-14T16:54:01.340828Z"
            },
            {
                "architecture": "unknown",
                "features": "",
                "variant": null,
                "digest": "sha256:1d743f2078bae273f486ddf3ba4dcebe936c7085ad3440e7d0bef1996c4a68ef",
                "os": "unknown",
                "os_features": "",
                "os_version": null,
                "size": 25343,
                "status": "active",
                "last_pulled": "2024-01-07T06:13:09.165198Z",
                "last_pushed": "2023-06-14T16:54:01.193837Z"
            },
            {
                "architecture": "unknown",
                "features": "",
                "variant": null,
                "digest": "sha256:5f482cacb40eb39f840425c031c2a332d52fff0f71800ca22577dda1084430ee",
                "os": "unknown",
                "os_features": "",
                "os_version": null,
                "size": 25175,
                "status": "active",
                "last_pulled": "2024-01-07T06:13:12.583444Z",
                "last_pushed": "2023-06-14T16:54:00.970379Z"
            },
            {
                "architecture": "unknown",
                "features": "",
                "variant": null,
                "digest": "sha256:4e787afe795f1cc443c53a74f00b123507b40db1b8a27c5bcb5f57e3b8b6ac40",
                "os": "unknown",
                "os_features": "",
                "os_version": null,
                "size": 25227,
                "status": "active",
                "last_pulled": "2024-01-07T06:13:11.741872Z",
                "last_pushed": "2023-06-14T16:54:00.115756Z"
            }
        ],
        "last_updated": "2023-06-14T17:10:33.365285Z",
        "last_updater": 4120166,
        "last_updater_username": "netdatabot",
        "name": "v1.40.0",
        "repository": 6046254,
        "full_size": 122713435,
        "v2": true,
        "tag_status": "active",
        "tag_last_pulled": "2024-01-20T09:25:23.113721Z",
        "tag_last_pushed": "2023-06-14T17:10:33.365285Z",
        "media_type": "application/vnd.oci.image.index.v1+json",
        "content_type": "image",
        "digest": "sha256:94b76866531a8c4580421b662fe53968785efe852ef1ffb6509a6cef13ec5898"
    },
    {
        "creator": 4120166,
        "id": 464599873,
        "images": [
            {
                "architecture": "unknown",
                "features": "",
                "variant": null,
                "digest": "sha256:c8509e71dd8cd6b5319f2cccae3169a93636d7137767411a7cb93687ee3e3e48",
                "os": "unknown",
                "os_features": "",
                "os_version": null,
                "size": 25174,
                "status": "active",
                "last_pulled": "2024-01-07T06:13:11.659722Z",
                "last_pushed": "2023-06-27T16:19:30.282496Z"
            },
            {
                "architecture": "unknown",
                "features": "",
                "variant": null,
                "digest": "sha256:d2922f34bd210b23551154dc09b19a8d7337a3ac0c271e7aae191b20ca3ea914",
                "os": "unknown",
                "os_features": "",
                "os_version": null,
                "size": 25122,
                "status": "active",
                "last_pulled": "2024-01-07T06:13:08.633622Z",
                "last_pushed": "2023-06-27T16:19:28.301392Z"
            },
            {
                "architecture": "unknown",
                "features": "",
                "variant": null,
                "digest": "sha256:e696208c55ad9b20b8f5b6e028b9854ea9c7cd38987ee3e292424976aab03ee3",
                "os": "unknown",
                "os_features": "",
                "os_version": null,
                "size": 25342,
                "status": "active",
                "last_pulled": "2024-01-07T06:13:11.522979Z",
                "last_pushed": "2023-06-27T16:19:29.944687Z"
            },
            {
                "architecture": "unknown",
                "features": "",
                "variant": null,
                "digest": "sha256:bed6986063b2ba00863b430e2a15e20e0b496f4f22492f891a9a25af88b28a12",
                "os": "unknown",
                "os_features": "",
                "os_version": null,
                "size": 25174,
                "status": "active",
                "last_pulled": "2024-01-07T06:13:06.826945Z",
                "last_pushed": "2023-06-27T16:19:29.31112Z"
            },
            {
                "architecture": "unknown",
                "features": "",
                "variant": null,
                "digest": "sha256:40603d22d6ea1706963248fab3e6356236d0510f97b4d98e4c1ab025a2ae3154",
                "os": "unknown",
                "os_features": "",
                "os_version": null,
                "size": 25226,
                "status": "active",
                "last_pulled": "2024-01-07T06:13:09.643279Z",
                "last_pushed": "2023-06-27T16:19:30.854608Z"
            },
            {
                "architecture": "amd64",
                "features": "",
                "variant": null,
                "digest": "sha256:d985b4c92951812188f7b587dbb85c609501127fefb2c17442b81dc4c36bfe44",
                "os": "linux",
                "os_features": "",
                "os_version": null,
                "size": 120653838,
                "status": "active",
                "last_pulled": "2024-01-20T09:21:26.434142Z",
                "last_pushed": "2023-06-27T16:19:29.578065Z"
            },
            {
                "architecture": "386",
                "features": "",
                "variant": null,
                "digest": "sha256:2a9c72ede73fe11ad4b8b6a979375d53beb1ae0058872e0a5eef48cf3a5d87ae",
                "os": "linux",
                "os_features": "",
                "os_version": null,
                "size": 115033691,
                "status": "active",
                "last_pulled": "2024-01-07T06:13:09.53984Z",
                "last_pushed": "2023-06-27T16:19:28.984318Z"
            },
            {
                "architecture": "arm",
                "features": "",
                "variant": "v7",
                "digest": "sha256:918a9163e8f3dabd7033a999416b0a468edf0eb8d4901852bd9227acc2cc9002",
                "os": "linux",
                "os_features": "",
                "os_version": null,
                "size": 107199586,
                "status": "active",
                "last_pulled": "2024-01-20T03:43:55.51883Z",
                "last_pushed": "2023-06-27T16:19:28.655497Z"
            },
            {
                "architecture": "arm64",
                "features": "",
                "variant": null,
                "digest": "sha256:594eeec5fc6189a4bb79d38ad0fd9e9a74541fde78cfec294a43332c4ad96e4f",
                "os": "linux",
                "os_features": "",
                "os_version": null,
                "size": 117973666,
                "status": "active",
                "last_pulled": "2024-01-17T11:04:04.215088Z",
                "last_pushed": "2023-06-27T16:19:27.999268Z"
            },
            {
                "architecture": "ppc64le",
                "features": "",
                "variant": null,
                "digest": "sha256:2802e2d23129a55545c664ac404e7c1bc724b39f4678aebba3316a14d6c2e6f8",
                "os": "linux",
                "os_features": "",
                "os_version": null,
                "size": 115237064,
                "status": "active",
                "last_pulled": "2024-01-07T06:13:12.451619Z",
                "last_pushed": "2023-06-27T16:19:30.567752Z"
            }
        ],
        "last_updated": "2023-06-27T16:20:26.281542Z",
        "last_updater": 4120166,
        "last_updater_username": "netdatabot",
        "name": "v1.40.1",
        "repository": 6046254,
        "full_size": 120653838,
        "v2": true,
        "tag_status": "active",
        "tag_last_pulled": "2024-01-20T09:21:26.434142Z",
        "tag_last_pushed": "2023-06-27T16:20:26.281542Z",
        "media_type": "application/vnd.oci.image.index.v1+json",
        "content_type": "image",
        "digest": "sha256:1ea7e10a6f11846105bc4576e125c27809b40d940e0bc8a014fc173943928ad5"
    }
]