[
    {
        "creator": 6259615,
        "id": 432742170,
        "images": [
            {
                "architecture": "amd64",
                "features": "",
                "variant": null,
                "digest": "sha256:a0bb2aa5ef0a93f392b39740e5a337b78ecc4fb0407ad112c416aec192e21641",
                "os": "linux",
                "os_features": "",
                "os_version": null,
                "size": 23771011,
                "status": "active",
                "last_pulled": "2024-01-20T08:59:36.907186Z",
                "last_pushed": "2023-05-03T22:35:31.198719Z"
            },
            {
                "architecture": "arm64",
                "features": "",
                "variant": null,
                "digest": "sha256:6a9e5714dde63d049720271e89e6bd838eda7b3fbe5de8a18b4b8a4d5dbc904e",
                "os": "linux",
                "os_features": "",
                "os_version": null,
                "size": 22134710,
                "status": "active",
                "last_pulled": "2024-01-19T16:30:11.52388Z",
                "last_pushed": "2023-05-03T22:35:30.793765Z"
            },
            {
                "architecture": "arm",
                "features": "",
                "variant": "v7",
                "digest": "sha256:babb53e07dee93b7ad65b95ed716bd077b53c06914efd0bdf226d4e2bec412bf",
                "os": "linux",
                "os_features": "",
                "os_version": null,
                "size": 22345046,
                "status": "active",
                "last_pulled": "2024-01-19T16:30:13.855361Z",
                "last_pushed": "2023-05-03T22:35:30.982773Z"
            },
            {
                "architecture": "unknown",
                "features": "",
                "variant": null,
                "digest": "sha256:91740fe46ff4fea1244c7349b544577957eaf24efaf31719045a798061829240",
                "os": "unknown",
                "os_features": "",
                "os_version": null,
                "size": 1314,
                "status": "active",
                "last_pulled": "2024-01-19T16:30:15.45115Z",
                "last_pushed": "2023-05-03T22:35:31.423747Z"
            },
            {
                "architecture": "unknown",
                "features": "",
                "variant": null,
                "digest": "sha256:12744a643d6ecd7ed10554963f3b83d36ac9a05595dc03c5bbf9463006c39b26",
                "os": "unknown",
                "os_features": "",
                "os_version": null,
                "size": 1314,
                "status": "active",
                "last_pulled": "2024-01-19T16:30:17.185373Z",
                "last_pushed": "2023-05-03T22:35:31.605452Z"
            },
            {
                "architecture": "unknown",
                "features": "",
                "variant": null,
                "digest": "sha256:b9342812bec48dd68cdce221c8bcaebaca11cfbc9349d542e43ddaf7086d6ce7",
                "os": "unknown",
                "os_features": "",
                "os_version": null,
                "size": 1323,
                "status": "active",
                "last_pulled": "2024-01-19T16:30:18.82521Z",
                "last_pushed": "2023-05-03T22:35:31.811433Z"
            }
        ],
        "last_updated": "2023-05-03T22:35:32.359457Z",
        "last_updater": 6259615,
        "last_updater_username": "fsiops",
        "name": "1.10.0",
        "repository": 6596079,
        "full_size": 23771011,
        "v2": true,
        "tag_status": "active",
        "tag_last_pulled": "2024-01-20T09:14:44.110115Z",
        "tag_last_pushed": "2023-05-03T22:35:32.359457Z",
        "media_type": "application/vnd.oci.image.index.v1+json",
        "content_type": "image",
        "digest": "sha256:49530e2d50489c226478f0670f78f1fe498a3a59ac4078ba29e64bfcfcff3ef5"
    },
    {
        "creator": 6259615,
        "id": 432734666,
        "images": [
            {
                "architecture": "amd64",
                "features": "",
                "variant": null,
                "digest": "sha256:ff66ac4e42ca014d9fff0c0025eb9dc0da3dd099b04ba2a74b1406477615339a",
                "os": "linux",
                "os_features": "",
                "os_version": null,
                "size": 23771006,
                "status": "active",
                "last_pulled": "2024-01-20T08:59:36.912752Z",
                "last_pushed": "2023-05-03T22:20:41.481478Z"
            },
            {
                "architecture": "arm64",
                "features": "",
                "variant": null,
                "digest": "sha256:e16fa83c1d2f83b00dd9e6f0e6d14d4e33533810a6d0554084cec270f7a4aa8c",
                "os": "linux",
                "os_features": "",
                "os_version": null,
                "size": 22134710,
                "status": "active",
                "last_pulled": "2024-01-05T14:00:09.384442Z",
                "last_pushed": "2023-05-03T22:20:41.287158Z"
            },
            {
                "architecture": "arm",
                "features": "",
                "variant": "v7",
                "digest": "sha256:d7d8d018b8359fb165a0861afab926bd08f1f50e84f35e0c3701259a6efcb8d9",
                "os": "linux",
                "os_features": "",
                "os_version": null,
                "size": 22345044,
                "status": "active",
                "last_pulled": "2024-01-05T14:00:13.00075Z",
                "last_pushed": "2023-05-03T22:20:42.116513Z"
            },
            {
                "architecture": "unknown",
                "features": "",
                "variant": null,
                "digest": "sha256:120ff817575c722063e110c65130a8ff8a166c9d9b760a1efcedc2a2b36f0efa",
                "os": "unknown",
                "os_features": "",
                "os_version": null,
                "size": 1146,
                "status": "active",
                "last_pulled": "2024-01-05T14:00:11.163043Z",
                "last_pushed": "2023-05-03T22:20:41.89047Z"
            },
            {
                "architecture": "unknown",
                "features": "",
                "variant": null,
                "digest": "sha256:a9d3b8665508e885537b7068f816bb22777d9bd57abaf14b8c1dddfc15fe29b3",
                "os": "unknown",
                "os_features": "",
                "os_version": null,
                "size": 1146,
                "status": "inactive",
                "last_pulled": "2023-12-02T04:09:00.020348Z",
                "last_pushed": "2023-05-03T22:20:41.689165Z"
            },
            {
                "architecture": "unknown",
                "features": "",
                "variant": null,
                "digest": "sha256:198e1a06f1a640f31117a97bcad7a0a4f7719965751763b20471a6dad2af1fba",
                "os": "unknown",
                "os_features": "",
                "os_version": null,
                "size": 1152,
                "status": "inactive",
                "last_pulled": "2023-12-02T04:09:00.324548Z",
                "last_pushed": "2023-05-03T22:20:42.351652Z"
            }
        ],
        "last_updated": "2023-05-03T22:20:42.931313Z",
        "last_updater": 6259615,
        "last_updater_username": "fsiops",
        "name": "1.10.0-pre",
        "repository": 6596079,
        "full_size": 23771006,
        "v2": true,
        "tag_status": "active",
        "tag_last_pulled": "2024-01-20T09:26:21.29625Z",
        "tag_last_pushed": "2023-05-03T22:20:42.931313Z",
        "media_type": "application/vnd.oci.image.index.v1+json",
        "content_type": "image",
        "digest": "sha256:1946ecf251c3870f8cc288e993fb383d0eb8b99f49f7120d218d863caecb8f1c"
    },
    {
        "creator": 6259615,
        "id": 450436304,
        "images": [
            {
                "architecture": "amd64",
                "features": "",
                "variant": null,
                "digest": "sha256:af654572791b654e2f61da9d8c2cbdea099c1f7be3b201256d737e62174574f8",
                "os": "linux",
                "os_features": "",
                "os_version": null,
                "size": 23806923,
                "status": "active",
                "last_pulled": "2024-01-20T09:38:34.265672Z",
                "last_pushed": "2023-06-03T03:11:07.944192Z"
            },
            {
                "architecture": "arm64",
                "features": "",
                "variant": null,
                "digest": "sha256:285acb0b29e8c7a0ba65d6940f67ea1a62d2f191b17b8acc2001c77466f06e00",
                "os": "linux",
                "os_features": "",
                "os_version": null,
                "size": 22226533,
                "status": "active",
                "last_pulled": "2024-01-20T08:37:27.225768Z",
                "last_pushed": "2023-06-03T03:11:07.743042Z"
            },
            {
                "architecture": "arm",
                "features": "",
                "variant": "v7",
                "digest": "sha256:a2281bb9a693fc4bed9caa30d7afd9a7c137681e47a68e278250fbb00c1d79a5",
                "os": "linux",
                "os_features": "",
                "os_version": null,
                "size": 22388200,
                "status": "active",
                "last_pulled": "2024-01-05T13:59:57.58842Z",
                "last_pushed": "2023-06-03T03:11:07.567145Z"
            },
            {
                "architecture": "unknown",
                "features": "",
                "variant": null,
                "digest": "sha256:afa9b6eeb5223add576795a73e2015629a96d94b7a5a2f638391e64b2498b31f",
                "os": "unknown",
                "os_features": "",
                "os_version": null,
                "size": 1313,
                "status": "active",
                "last_pulled": "2024-01-05T13:59:57.920871Z",
                "last_pushed": "2023-06-03T03:11:07.393092Z"
            },
            {
                "architecture": "unknown",
                "features": "",
                "variant": null,
                "digest": "sha256:0e02f4952fc8764422bd11f103401dad1e3040943e82e32beff9b3ddbd69d0e4",
                "os": "unknown",
                "os_features": "",
                "os_version": null,
                "size": 1313,
                "status": "inactive",
                "last_pulled": "2023-12-02T04:08:52.660119Z",
                "last_pushed": "2023-06-03T03:11:07.219161Z"
            },
            {
                "architecture": "unknown",
                "features": "",
                "variant": null,
                "digest": "sha256:a1b7cb26ea39ac3043f41fd15f178a1a75a8955ab6e856ca014182e37e3f9cc1",
                "os": "unknown",
                "os_features": "",
                "os_version": null,
                "size": 1322,
                "status": "inactive",
                "last_pulled": "2023-12-02T04:08:53.21739Z",
                "last_pushed": "2023-06-03T03:11:08.145246Z"
            }
        ],
        "last_updated": "2023-06-03T03:11:08.685268Z",
        "last_updater": 6259615,
        "last_updater_username": "fsiops",
        "name": "1.10.1",
        "repository": 6596079,
        "full_size": 23806923,
        "v2": true,
        "tag_status": "active",
        "tag_last_pulled": "2024-01-20T09:38:34.265672Z",
        "tag_last_pushed": "2023-06-03T03:11:08.685268Z",
        "media_type": "application/vnd.oci.image.index.v1+json",
        "content_type": "image",
        "digest": "sha256:eb8d7d9f842a61a3b64a7ce9c198373e66d7a3c096901b77174685146697f75b"
    },
    {
        "creator": 6259615,
        "id": 450428203,
        "images": [
            {
                "architecture": "arm64",
                "features": "",
                "variant": null,
                "digest": "sha256:ab6080a3b81cb5fa8cbef95c4f3233690a027dcd279182603e638579ae9743ec",
                "os": "linux",
                "os_features": "",
                "os_version": null,
                "size": 22226540,
                "status": "active",
                "last_pulled": "2024-01-05T13:59:59.084679Z",
                "last_pushed": "2023-06-03T02:53:59.564953Z"
            },
            {
                "architecture": "arm",
                "features": "",
                "variant": "v7",
                "digest": "sha256:f8a8f0a05613488f835cc5b7cff3ac091cd918bab69ba09a92f346d3071b3004",
                "os": "linux",
                "os_features": "",
                "os_version": null,
                "size": 22388210,
                "status": "active",
                "last_pulled": "2024-01-05T13:59:59.42671Z",
                "last_pushed": "2023-06-03T02:53:59.4216Z"
            },
            {
                "architecture": "unknown",
                "features": "",
                "variant": null,
                "digest": "sha256:8871fc8dbb2b581bf6a5e83c5ac1e15b32fff8b09b6202266fd419df24f4e6a0",
                "os": "unknown",
                "os_features": "",
                "os_version": null,
                "size": 1147,
                "status": "active",
                "last_pulled": "2024-01-05T13:59:59.44744Z",
                "last_pushed": "2023-06-03T02:53:59.25138Z"
            },
            {
                "architecture": "unknown",
                "features": "",
                "variant": null,
                "digest": "sha256:e02ba41978c36ae5e0c6bee751fb567345265e5599e5d43ee3721b3c46d6eda0",
                "os": "unknown",
                "os_features": "",
                "os_version": null,
                "size": 1147,
                "status": "inactive",
                "last_pulled": "2023-12-02T04:08:55.450807Z",
                "last_pushed": "2023-06-03T02:53:59.949658Z"
            },
            {
                "architecture": "unknown",
                "features": "",
                "variant": null,
                "digest": "sha256:ad4102f0b1c36df432731306e9fc9385cd08ec9b3a9df0dbe511b78578b2f3bb",
                "os": "unknown",
                "os_features": "",
                "os_version": null,
                "size": 1153,
                "status": "inactive",
                "last_pulled": "2023-12-02T04:08:55.643637Z",
                "last_pushed": "2023-06-03T02:54:00.124399Z"
            },
            {
                "architecture": "amd64",
                "features": "",
                "variant": null,
                "digest": "sha256:3ac8750f48f8d0d07842c7f0d65154556e2b7ac6b7af6ddeda3e1585be5f9339",
                "os": "linux",
                "os_features": "",
                "os_version": null,
                "size": 23806920,
                "status": "active",
                "last_pulled": "2024-01-20T09:14:44.289522Z",
                "last_pushed": "2023-06-03T02:53:59.78712Z"
            }
        ],
        "last_updated": "2023-06-03T02:54:00.680955Z",
        "last_updater": 6259615,
        "last_updater_username": "fsiops",
        "name": "1.10.1-pre",
        "repository": 6596079,
        "full_size": 23806920,
        "v2": true,
        "tag_status": "active",
        "tag_last_pulled": "2024-01-20T09:31:04.38313Z",
        "tag_last_pushed": "2023-06-03T02:54:00.680955Z",
        "media_type": "application/vnd.oci.image.index.v1+json",
        "content_type": "image",
        "digest": "sha256:6b572f5f75f50d025ad1036251b1c99c3c3eab8dbfbda47a36668f5e8f764efe"
    },
    {
        "creator": 6259615,
        "id": 461527078,
        "images": [
            {
                "architecture": "amd64",
                "features": "",
                "variant": null,
                "digest": "sha256:ef1199391bd3b0dfdb22d363022556a3379023dab4edd3a3aa55167be55f9f5f",
                "os": "linux",
                "os_features": "",
                "os_version": null,
                "size": 24287468,
                "status": "active",
                "last_pulled": "2024-01-20T09:22:37.713883Z",
                "last_pushed": "2023-06-21T22:00:58.705637Z"
            },
            {
                "architecture": "arm64",
                "features": "",
                "variant": null,
                "digest": "sha256:cb86c57a9661ff023f351e3e2162de5575ef64fdf0b0b4edf60c0e180e0a46ed",
                "os": "linux",
                "os_features": "",
                "os_version": null,
                "size": 22578104,
                "status": "active",
                "last_pulled": "2024-01-20T05:45:40.977687Z",
                "last_pushed": "2023-06-21T22:00:58.119465Z"
            },
            {
                "architecture": "arm",
                "features": "",
                "variant": "v7",
                "digest": "sha256:5478d4837b27bbca7d5da578e1d864bfb9b72470a4254f8a0b39b8dfe0a23ac8",
                "os": "linux",
                "os_features": "",
                "os_version": null,
                "size": 22697716,
                "status": "active",
                "last_pulled": "2024-01-20T00:25:03.95173Z",
                "last_pushed": "2023-06-21T22:00:59.036377Z"
            },
            {
                "architecture": "unknown",
                "features": "",
                "variant": null,
                "digest": "sha256:b50ab659c2bcbde224c065a76d9bf1ddf0c43ff3d9939a2661a4f7821efa2c92",
                "os": "unknown",
                "os_features": "",
                "os_version": null,
                "size": 1314,
                "status": "active",
                "last_pulled": "2024-01-20T00:25:04.111338Z",
                "last_pushed": "2023-06-21T22:00:59.33062Z"
            },
            {
                "architecture": "unknown",
                "features": "",
                "variant": null,
                "digest": "sha256:aab0dcc1047b99e7b7fade7b12e59583a45e9e487be7f5e2c2a811d805483382",
                "os": "unknown",
                "os_features": "",
                "os_version": null,
                "size": 1314,
                "status": "active",
                "last_pulled": "2024-01-20T00:25:04.202702Z",
                "last_pushed": "2023-06-21T22:00:58.416562Z"
            },
            {
                "architecture": "unknown",
                "features": "",
                "variant": null,
                "digest": "sha256:f97ab0b9c6d00f3def0f9bbfbabf62f20262d0d0c5611cbd451254d90ae08ab1",
                "os": "unknown",
                "os_features": "",
                "os_version": null,
                "size": 1323,
                "status": "active",
                "last_pulled": "2024-01-20T00:25:04.372205Z",
                "last_pushed": "2023-06-21T22:00:57.767376Z"
            }
        ],
        "last_updated": "2023-06-21T22:00:59.915842Z",
        "last_updater": 6259615,
        "last_updater_username": "fsiops",
        "name": "1.10.2",
        "repository": 6596079,
        "full_size": 24287468,
        "v2": true,
        "tag_status": "active",
        "tag_last_pulled": "2024-01-20T09:22:37.713883Z",
        "tag_last_pushed": "2023-06-21T22:00:59.915842Z",
        "media_type": "application/vnd.oci.image.index.v1+json",
        "content_type": "image",
        "digest": "sha256:d31fd10f5300b839c70701a1f5e6e06ac5eef1746dfacd450d4e13d22f4a6c62"
    },
    {
        "creator": 6259615,
        "id": 461524335,
        "images": [
            {
                "architecture": "amd64",
                "features": "",
                "variant": null,
                "digest": "sha256:abe1bf71fd79d67a15b8d846cd404568446efbd661098dfbf77eab924dba2e8a",
                "os": "linux",
                "os_features": "",
                "os_version": null,
                "size": 24287470,
                "status": "active",
                "last_pulled": "2024-01-20T08:48:00.603Z",
                "last_pushed": "2023-06-21T21:54:32.360508Z"
            },
            {
                "architecture": "arm64",
                "features": "",
                "variant": null,
                "digest": "sha256:025ea66a7ae5953d0d5534df2a26a0106274d442820b661d24cb8816b241eced",
                "os": "linux",
                "os_features": "",
                "os_version": null,
                "size": 22578094,
                "status": "active",
                "last_pulled": "2024-01-05T13:59:55.101819Z",
                "last_pushed": "2023-06-21T21:54:32.560866Z"
            },
            {
                "architecture": "arm",
                "features": "",
                "variant": "v7",
                "digest": "sha256:43bce3c2d25c2ce992d3827d094cab0b20eb72d0901b74725d241fcb83d5b9e0",
                "os": "linux",
                "os_features": "",
                "os_version": null,
                "size": 22697698,
                "status": "active",
                "last_pulled": "2024-01-05T13:59:55.352593Z",
                "last_pushed": "2023-06-21T21:54:32.115124Z"
            },
            {
                "architecture": "unknown",
                "features": "",
                "variant": null,
                "digest": "sha256:56d9bdf04e4775d067095d8b2b3b7cbf5544007107fa28f261ab29bdca93c8d0",
                "os": "unknown",
                "os_features": "",
                "os_version": null,
                "size": 1145,
                "status": "active",
                "last_pulled": "2024-01-05T13:59:55.62329Z",
                "last_pushed": "2023-06-21T21:54:31.927919Z"
            },
            {
                "architecture": "unknown",
                "features": "",
                "variant": null,
                "digest": "sha256:f17e7340671a90e2cd06324436b883d51207944f2672712da0f46f8bf70a6e17",
                "os": "unknown",
                "os_features": "",
                "os_version": null,
                "size": 1145,
                "status": "inactive",
                "last_pulled": "2023-12-02T04:08:50.718664Z",
                "last_pushed": "2023-06-21T21:54:31.764677Z"
            },
            {
                "architecture": "unknown",
                "features": "",
                "variant": null,
                "digest": "sha256:13f8772b36e95b674a666c0fdfe53f01d88f4e4daf82402d3c75e4388e1d114f",
                "os": "unknown",
                "os_features": "",
                "os_version": null,
                "size": 1151,
                "status": "inactive",
                "last_pulled": "2023-12-02T04:08:50.925804Z",
                "last_pushed": "2023-06-21T21:54:32.736691Z"
            }
        ],
        "last_updated": "2023-06-21T21:54:33.235019Z",
        "last_updater": 6259615,
        "last_updater_username": "fsiops",
        "name": "1.10.2-pre",
        "repository": 6596079,
        "full_size": 24287470,
        "v2": true,
        "tag_status": "active",
        "tag_last_pulled": "2024-01-20T09:02:54.027883Z",
        "tag_last_pushed": "2023-06-21T21:54:33.235019Z",
        "media_type": "application/vnd.oci.image.index.v1+json",
        "content_type": "image",
        "digest": "sha256:70acb52eef4dba584c88cf64364ce737cfe2bf4df8986d6e7b981042fc9ce556"
    },
    {
        "creator": 6259615,
        "id": 396523643,
        "images": [
            {
                "architecture": "amd64",
                "features": "",
                "variant": null,
                "digest": "sha256:8c3950aab39670778279f1ed8ec2e5ec755159ae5aacf6bffe831132040c4815",
                "os": "linux",
                "os_features": "",
                "os_version": null,
                "size": 23707668,
                "status": "active",
                "last_pulled": "2024-01-20T09:14:46.513164Z",
                "last_pushed": "2023-03-01T18:10:00.258318Z"
            },
            {
                "architecture": "arm64",
                "features": "",
                "variant": null,
                "digest": "sha256:bd115843156f14068d3e7e539af38f16ea77e607bc69596ea47a68fea9e14a84",
                "os": "linux",
                "os_features": "",
                "os_version": null,
                "size": 22090776,
                "status": "active",
                "last_pulled": "2024-01-20T00:46:42.692454Z",
                "last_pushed": "2023-03-01T18:09:59.938037Z"
            },
            {
                "architecture": "arm",
                "features": "",
                "variant": "v7",
                "digest": "sha256:f5cc14741648c615d93ffe0370a35ab217f17b11d463ef7d14a98f4da770e37b",
                "os": "linux",
                "os_features": "",
                "os_version": null,
                "size": 22281690,
                "status": "active",
                "last_pulled": "2024-01-20T00:46:42.920927Z",
                "last_pushed": "2023-03-01T18:09:59.66847Z"
            },
            {
                "architecture": "unknown",
                "features": "",
                "variant": null,
                "digest": "sha256:2b07090b3511405b9da7f9c512b92bfb198bad391255255f0ca65742292105fc",
                "os": "unknown",
                "os_features": "",
                "os_version": null,
                "size": 1319,
                "status": "active",
                "last_pulled": "2024-01-20T00:46:43.151188Z",
                "last_pushed": "2023-03-01T18:09:59.395706Z"
            },
            {
                "architecture": "unknown",
                "features": "",
                "variant": null,
                "digest": "sha256:ebecf016680844a4d9978f4c24f4c42db0b08f6ec17d00dca88a331d9acf3eb4",
                "os": "unknown",
                "os_features": "",
                "os_version": null,
                "size": 1319,
                "status": "active",
                "last_pulled": "2024-01-20T00:46:43.367375Z",
                "last_pushed": "2023-03-01T18:09:59.069722Z"
            },
            {
                "architecture": "unknown",
                "features": "",
                "variant": null,
                "digest": "sha256:ca77139f4e3aa06b0175a9055c00a12f9bc2e28eb8e19550bfed95c50f44799f",
                "os": "unknown",
                "os_features": "",
                "os_version": null,
                "size": 1328,
                "status": "active",
                "last_pulled": "2024-01-20T00:46:43.588332Z",
                "last_pushed": "2023-03-01T18:10:00.575294Z"
            }
        ],
        "last_updated": "2023-03-01T18:10:01.208471Z",
        "last_updater": 6259615,
        "last_updater_username": "fsiops",
        "name": "1.8.0",
        "repository": 6596079,
        "full_size": 23707668,
        "v2": true,
        "tag_status": "active",
        "tag_last_pulled": "2024-01-20T09:14:46.513164Z",
        "tag_last_pushed": "2023-03-01T18:10:01.208471Z",
        "media_type": "application/vnd.oci.image.index.v1+json",
        "content_type": "image",
        "digest": "sha256:19cf8ddd67e722f7ab8406e2525670d03163d02dfaddc048f4f096dfeb1a5870"
    },
    {
        "creator": 6259615,
        "id": 396520954,
        "images": [
            {
                "architecture": "amd64",
                "features": "",
                "variant": null,
                "digest": "sha256:d5a53a03b8ebff8ebc475241a16f3a3b9873e8af69e2befb954cf305303bae76",
                "os": "linux",
                "os_features": "",
                "os_version": null,
                "size": 23707661,
                "status": "active",
                "last_pulled": "2024-01-20T09:14:02.859629Z",
                "last_pushed": "2023-03-01T18:05:44.278297Z"
            },
            {
                "architecture": "arm64",
                "features": "",
                "variant": null,
                "digest": "sha256:68d2d110e47efebfc28048c923783fd2a3c1dcad927ca72b184ca3580ac5e947",
                "os": "linux",
                "os_features": "",
                "os_version": null,
                "size": 22090781,
                "status": "active",
                "last_pulled": "2024-01-05T14:00:20.481975Z",
                "last_pushed": "2023-03-01T18:05:44.129938Z"
            },
            {
                "architecture": "arm",
                "features": "",
                "variant": "v7",
                "digest": "sha256:3346901c7db888a030af99eb1fea2a1836856d9a8c1a002316f442a9f91dd77d",
                "os": "linux",
                "os_features": "",
                "os_version": null,
                "size": 22281694,
                "status": "active",
                "last_pulled": "2024-01-05T14:00:21.078011Z",
                "last_pushed": "2023-03-01T18:05:44.703362Z"
            },
            {
                "architecture": "unknown",
                "features": "",
                "variant": null,
                "digest": "sha256:b4a2639fd404b0cb69354d18269e6f32e574a90c9b8e2c1bed344a59e25b3526",
                "os": "unknown",
                "os_features": "",
                "os_version": null,
                "size": 1152,
                "status": "active",
                "last_pulled": "2024-01-05T14:00:22.08944Z",
                "last_pushed": "2023-03-01T18:05:44.552525Z"
            },
            {
                "architecture": "unknown",
                "features": "",
                "variant": null,
                "digest": "sha256:0491f538dc71f2cd6b1608f78361a805f4f0546cff75270ae8a133f16b5fff1f",
                "os": "unknown",
                "os_features": "",
                "os_version": null,
                "size": 1152,
                "status": "inactive",
                "last_pulled": "2023-12-02T04:09:08.748252Z",
                "last_pushed": "2023-03-01T18:05:44.399407Z"
            },
            {
                "architecture": "unknown",
                "features": "",
                "variant": null,
                "digest": "sha256:1191aa502af0db5ac215b34cb24f22ad3bb924f0fbdefa7828556f2ef8e839ac",
                "os": "unknown",
                "os_features": "",
                "os_version": null,
                "size": 1158,
                "status": "inactive",
                "last_pulled": "2023-12-02T04:09:09.124363Z",
                "last_pushed": "2023-03-01T18:05:44.887834Z"
            }
        ],
        "last_updated": "2023-03-01T18:05:45.324106Z",
        "last_updater": 6259615,
        "last_updater_username": "fsiops",
        "name": "1.8.0-pre",
        "repository": 6596079,
        "full_size": 23707661,
        "v2": true,
        "tag_status": "active",
        "tag_last_pulled": "2024-01-20T09:14:46.336519Z",
        "tag_last_pushed": "2023-03-01T18:05:45.324106Z",
        "media_type": "application/vnd.oci.image.index.v1+json",
        "content_type": "image",
        "digest": "sha256:30899c83cf265a54dda8ecd6696628bdf14414e39b33794bf81399ecdfc464c8"
    },
    {
        "creator": 6259615,
        "id": 406458824,
        "images": [
            {
                "architecture": "amd64",
                "features": "",
                "variant": null,
                "digest": "sha256:9b781a6799e1ce2c8c7341fdf4ab0db4a67b0896832c4c6d1933db205807a8eb",
                "os": "linux",
                "os_features": "",
                "os_version": null,
                "size": 23710318,
                "status": "active",
                "last_pulled": "2024-01-20T09:05:18.21936Z",
                "last_pushed": "2023-03-17T22:39:40.042767Z"
            },
            {
                "architecture": "arm64",
                "features": "",
                "variant": null,
                "digest": "sha256:1009327a4defa11457348a898d7df05118e0a6baaf6c51ffc18d23c554db0d3a",
                "os": "linux",
                "os_features": "",
                "os_version": null,
                "size": 22091832,
                "status": "active",
                "last_pulled": "2024-01-20T04:22:19.944009Z",
                "last_pushed": "2023-03-17T22:39:39.733413Z"
            },
            {
                "architecture": "arm",
                "features": "",
                "variant": "v7",
                "digest": "sha256:44643353d2b507c7cf045650370877add89bdca14403173f3992633345ee79f8",
                "os": "linux",
                "os_features": "",
                "os_version": null,
                "size": 22282625,
                "status": "active",
                "last_pulled": "2024-01-20T04:22:21.677103Z",
                "last_pushed": "2023-03-17T22:39:40.354651Z"
            },
            {
                "architecture": "unknown",
                "features": "",
                "variant": null,
                "digest": "sha256:ed4b231defecf86650dc576be6111e677206b575eb031c67cb00b749f889b003",
                "os": "unknown",
                "os_features": "",
                "os_version": null,
                "size": 1313,
                "status": "active",
                "last_pulled": "2024-01-20T04:22:23.420725Z",
                "last_pushed": "2023-03-17T22:39:40.201104Z"
            },
            {
                "architecture": "unknown",
                "features": "",
                "variant": null,
                "digest": "sha256:f0e6f0a765e9bc1e0f2ef2d079d08ca949c183f85b3257d7dd779e6d3eba37e0",
                "os": "unknown",
                "os_features": "",
                "os_version": null,
                "size": 1313,
                "status": "active",
                "last_pulled": "2024-01-20T04:22:25.107069Z",
                "last_pushed": "2023-03-17T22:39:39.875748Z"
            },
            {
                "architecture": "unknown",
                "features": "",
                "variant": null,
                "digest": "sha256:ad4f6267d2e41f4023db73c9cc252395190a10a4b91b943813402d274a10366c",
                "os": "unknown",
                "os_features": "",
                "os_version": null,
                "size": 1322,
                "status": "active",
                "last_pulled": "2024-01-20T04:22:26.491044Z",
                "last_pushed": "2023-03-17T22:39:40.500075Z"
            }
        ],
        "last_updated": "2023-03-17T22:39:41.023981Z",
        "last_updater": 6259615,
        "last_updater_username": "fsiops",
        "name": "1.9.0",
        "repository": 6596079,
        "full_size": 23710318,
        "v2": true,
        "tag_status": "active",
        "tag_last_pulled": "2024-01-20T09:05:18.21936Z",
        "tag_last_pushed": "2023-03-17T22:39:41.023981Z",
        "media_type": "application/vnd.oci.image.index.v1+json",
        "content_type": "image",
        "digest": "sha256:698d9a8e3b3a10e02f4c118f8532ab0f9decf6443e5004c989c9bb96c3614371"
    },
    {
        "creator": 6259615,
        "id": 406451390,
        "images": [
            {
                "architecture": "amd64",
                "features": "",
                "variant": null,
                "digest": "sha256:a0372fc2e7ba682d002a2797b4980b98af9cf4f14c25e3cbeb909e2b8bcdab33",
                "os": "linux",
                "os_features": "",
                "os_version": null,
                "size": 23710327,
                "status": "active",
                "last_pulled": "2024-01-20T09:14:46.620984Z",
                "last_pushed": "2023-03-17T22:09:40.317582Z"
            },
            {
                "architecture": "arm64",
                "features": "",
                "variant": null,
                "digest": "sha256:4cedffd9268583bcdb64f33c7e3bba5748f65989cce02bf71c3c547c78e89e63",
                "os": "linux",
                "os_features": "",
                "os_version": null,
                "size": 22091799,
                "status": "active",
                "last_pulled": "2024-01-05T14:00:15.90777Z",
                "last_pushed": "2023-03-17T22:09:39.871706Z"
            },
            {
                "architecture": "arm",
                "features": "",
                "variant": "v7",
                "digest": "sha256:81aae1fb6202ff05eb74f0fe1d71d99c68c9bb847f7211f108affee36b566e9a",
                "os": "linux",
                "os_features": "",
                "os_version": null,
                "size": 22282619,
                "status": "active",
                "last_pulled": "2024-01-05T14:00:16.532152Z",
                "last_pushed": "2023-03-17T22:09:40.773295Z"
            },
            {
                "architecture": "unknown",
                "features": "",
                "variant": null,
                "digest": "sha256:4280e88d473a82b55e4ace9beeb7dff2b9c8e7fdc0cdf407bf27e6d0ebd9f9f7",
                "os": "unknown",
                "os_features": "",
                "os_version": null,
                "size": 1145,
                "status": "active",
                "last_pulled": "2024-01-05T14:00:17.412168Z",
                "last_pushed": "2023-03-17T22:09:40.56474Z"
            },
            {
                "architecture": "unknown",
                "features": "",
                "variant": null,
                "digest": "sha256:cb7f2264906cb8593be209586e48a91559f4c60ee250c65fd4a6bbf9efbab10e",
                "os": "unknown",
                "os_features": "",
                "os_version": null,
                "size": 1145,
                "status": "inactive",
                "last_pulled": "2023-12-02T04:09:04.394989Z",
                "last_pushed": "2023-03-17T22:09:40.088704Z"
            },
            {
                "architecture": "unknown",
                "features": "",
                "variant": null,
                "digest": "sha256:8aa3c6a3db7923508f4a164bfbb2c50799f1c176af747b0382bb2bde0cd6014c",
                "os": "unknown",
                "os_features": "",
                "os_version": null,
                "size": 1151,
                "status": "inactive",
                "last_pulled": "2023-12-02T04:09:04.843151Z",
                "last_pushed": "2023-03-17T22:09:41.018131Z"
            }
        ],
        "last_updated": "2023-03-17T22:09:41.515863Z",
        "last_updater": 6259615,
        "last_updater_username": "fsiops",
        "name": "1.9.0-pre",
        "repository": 6596079,
        "full_size": 23710327,
        "v2": true,
        "tag_status": "active",
        "tag_last_pulled": "2024-01-20T09:14:46.620984Z",
        "tag_last_pushed": "2023-03-17T22:09:41.515863Z",
        "media_type": "application/vnd.oci.image.index.v1+json",
        "content_type": "image",
        "digest": "sha256:64f114b4cd8d4818505bfe8646cae43db9270d732e5a528ce118d182541e8464"
    }
]