[
    {
        "creator": 6259615,
        "id": 440029086,
        "images": [
            {
                "architecture": "amd64",
                "features": "",
                "variant": null,
                "digest": "sha256:3caaafe34a767dcfcccddf7b92292a823dff4e5b6cb70078c25abaf64aae4db9",
                "os": "linux",
                "os_features": "",
                "os_version": null,
                "size": 193804613,
                "status": "active",
                "last_pulled": "2024-01-20T03:01:56.890421Z",
                "last_pushed": "2023-05-16T13:05:32.714385Z"
            },
            {
                "architecture": "arm64",
                "features": "",
                "variant": null,
                "digest": "sha256:7f697f210e96ed1a71dd7bbb2ef292978491bb4196a544c6ba601580da9fcea8",
                "os": "linux",
                "os_features": "",
                "os_version": null,
                "size": 184608243,
                "status": "active",
                "last_pulled": "2024-01-05T17:52:07.145219Z",
                "last_pushed": "2023-05-16T13:05:32.470824Z"
            },
            {
                "architecture": "arm",
                "features": "",
                "variant": "v7",
                "digest": "sha256:14ef980134d87cbbbb7aabd661643e131bfa8a2deb8327ef2212af9024ac7236",
                "os": "linux",
                "os_features": "",
                "os_version": null,
                "size": 183331376,
                "status": "active",
                "last_pulled": "2024-01-05T17:52:07.203593Z",
                "last_pushed": "2023-05-16T13:05:32.904609Z"
            },
            {
                "architecture": "unknown",
                "features": "",
                "variant": null,
                "digest": "sha256:838ff56110fa95bc58b69b536baf8a0748b2477bcf9605efdada8feb0992da82",
                "os": "unknown",
                "os_features": "",
                "os_version": null,
                "size": 1136,
                "status": "active",
                "last_pulled": "2024-01-05T17:52:07.357738Z",
                "last_pushed": "2023-05-16T13:05:33.090304Z"
            },
            {
                "architecture": "unknown",
                "features": "",
                "variant": null,
                "digest": "sha256:9dcee7c3cb09278fd24611da2e77b6e1300e8bb7d9ee535f7bf356ed101c890d",
                "os": "unknown",
                "os_features": "",
                "os_version": null,
                "size": 1136,
                "status": "inactive",
                "last_pulled": "2023-12-02T08:31:30.531203Z",
                "last_pushed": "2023-05-16T13:05:33.30421Z"
            },
            {
                "architecture": "unknown",
                "features": "",
                "variant": null,
                "digest": "sha256:d24bb326bb475e5f2959860dd2c42a9fa8ffa970a80f69a61edbba29d1e065e0",
                "os": "unknown",
                "os_features": "",
                "os_version": null,
                "size": 1142,
                "status": "inactive",
                "last_pulled": "2023-12-02T08:31:30.762201Z",
                "last_pushed": "2023-05-16T13:05:33.517843Z"
            }
        ],
        "last_updated": "2023-05-16T13:05:34.076304Z",
        "last_updater": 6259615,
        "last_updater_username": "fsiops",
        "name": "1.10.0",
        "repository": 8739628,
        "full_size": 193804613,
        "v2": true,
        "tag_status": "active",
        "tag_last_pulled": "2024-01-20T03:01:56.890421Z",
        "tag_last_pushed": "2023-05-16T13:05:34.076304Z",
        "media_type": "application/vnd.oci.image.index.v1+json",
        "content_type": "image",
        "digest": "sha256:9d35941c788e8bd10854d553ba520540dae3188a5e1e80d00cdfd85ecd30d926"
    },
    {
        "creator": 6259615,
        "id": 440020176,
        "images": [
            {
                "architecture": "amd64",
                "features": "",
                "variant": null,
                "digest": "sha256:753263418fc69045247b7ed59eebcaa3f0328b500b3f5911aaafb49d71b7fb6e",
                "os": "linux",
                "os_features": "",
                "os_version": null,
                "size": 193804612,
                "status": "active",
                "last_pulled": "2024-01-20T03:01:58.194253Z",
                "last_pushed": "2023-05-16T12:53:17.123202Z"
            },
            {
                "architecture": "arm64",
                "features": "",
                "variant": null,
                "digest": "sha256:2eef7e11b7b24e8f03b8d17f6b3cc8824626faff47c2f326546350a2821e3f44",
                "os": "linux",
                "os_features": "",
                "os_version": null,
                "size": 184608234,
                "status": "active",
                "last_pulled": "2024-01-05T17:52:08.890218Z",
                "last_pushed": "2023-05-16T12:53:16.838178Z"
            },
            {
                "architecture": "arm",
                "features": "",
                "variant": "v7",
                "digest": "sha256:870ba6f3669764f094e6caa1d67dbe81e0edfa38bf7a8888d56aa8e279382194",
                "os": "linux",
                "os_features": "",
                "os_version": null,
                "size": 183331374,
                "status": "active",
                "last_pulled": "2024-01-05T17:52:09.474362Z",
                "last_pushed": "2023-05-16T12:53:17.974776Z"
            },
            {
                "architecture": "unknown",
                "features": "",
                "variant": null,
                "digest": "sha256:861f37d98301be7084640c370dc58d05ed0c260e67ef7e3a372f62bdab2a250c",
                "os": "unknown",
                "os_features": "",
                "os_version": null,
                "size": 1140,
                "status": "active",
                "last_pulled": "2024-01-05T17:52:09.876699Z",
                "last_pushed": "2023-05-16T12:53:17.681984Z"
            },
            {
                "architecture": "unknown",
                "features": "",
                "variant": null,
                "digest": "sha256:a1a9fd876c86b1821b4c7e9607823f18ea2e1e78205b4b0056f00058707c5f89",
                "os": "unknown",
                "os_features": "",
                "os_version": null,
                "size": 1140,
                "status": "inactive",
                "last_pulled": "2023-12-02T08:31:32.565763Z",
                "last_pushed": "2023-05-16T12:53:17.416387Z"
            },
            {
                "architecture": "unknown",
                "features": "",
                "variant": null,
                "digest": "sha256:f770f07964496636da494865f55165499978640c5c463a4716c55728c900de6d",
                "os": "unknown",
                "os_features": "",
                "os_version": null,
                "size": 1146,
                "status": "inactive",
                "last_pulled": "2023-12-02T08:31:32.905923Z",
                "last_pushed": "2023-05-16T12:53:18.251699Z"
            }
        ],
        "last_updated": "2023-05-16T12:53:18.872399Z",
        "last_updater": 6259615,
        "last_updater_username": "fsiops",
        "name": "1.10.0-pre",
        "repository": 8739628,
        "full_size": 193804612,
        "v2": true,
        "tag_status": "active",
        "tag_last_pulled": "2024-01-20T03:01:58.194253Z",
        "tag_last_pushed": "2023-05-16T12:53:18.872399Z",
        "media_type": "application/vnd.oci.image.index.v1+json",
        "content_type": "image",
        "digest": "sha256:c0c8712cff191cb0d878386e596cf6998466eb516717ba215d537962c5a394df"
    },
    {
        "creator": 6259615,
        "id": 441430204,
        "images": [
            {
                "architecture": "amd64",
                "features": "",
                "variant": null,
                "digest": "sha256:d0bb29f2eb490d70fff29018ffd26c2b345412c0397c2406a47e93c9bdd5ec8c",
                "os": "linux",
                "os_features": "",
                "os_version": null,
                "size": 193292476,
                "status": "active",
                "last_pulled": "2024-01-20T08:57:07.629157Z",
                "last_pushed": "2023-05-18T15:07:22.970656Z"
            },
            {
                "architecture": "arm64",
                "features": "",
                "variant": null,
                "digest": "sha256:f9278e4aba6cc905c9a573c007a8d5dcdffc2d4106330359d2210cf59998ed00",
                "os": "linux",
                "os_features": "",
                "os_version": null,
                "size": 183901072,
                "status": "active",
                "last_pulled": "2024-01-05T17:52:02.433112Z",
                "last_pushed": "2023-05-18T15:07:22.669671Z"
            },
            {
                "architecture": "arm",
                "features": "",
                "variant": "v7",
                "digest": "sha256:e6b981a9d57b4b78b8227763f80315ef30e328ec75b11ca0352c6d043103fd36",
                "os": "linux",
                "os_features": "",
                "os_version": null,
                "size": 181303732,
                "status": "active",
                "last_pulled": "2024-01-05T17:52:02.433455Z",
                "last_pushed": "2023-05-18T15:07:23.255111Z"
            },
            {
                "architecture": "unknown",
                "features": "",
                "variant": null,
                "digest": "sha256:946ba7919c5d0dc499f13e99b4829d03e3e6fc6e3e8ceae5b74798143d86d725",
                "os": "unknown",
                "os_features": "",
                "os_version": null,
                "size": 1136,
                "status": "active",
                "last_pulled": "2024-01-05T17:52:02.672602Z",
                "last_pushed": "2023-05-18T15:07:23.134004Z"
            },
            {
                "architecture": "unknown",
                "features": "",
                "variant": null,
                "digest": "sha256:da57ca29a6add843e1d209ec1370c7b5da00bb4e72cc28b25b631247a176cca9",
                "os": "unknown",
                "os_features": "",
                "os_version": null,
                "size": 1136,
                "status": "inactive",
                "last_pulled": "2023-12-02T08:31:26.19878Z",
                "last_pushed": "2023-05-18T15:07:22.799024Z"
            },
            {
                "architecture": "unknown",
                "features": "",
                "variant": null,
                "digest": "sha256:39e8a7088b13952266f78fa4ff84245bc5c8a7792149380567e4d316e0987150",
                "os": "unknown",
                "os_features": "",
                "os_version": null,
                "size": 1142,
                "status": "inactive",
                "last_pulled": "2023-12-02T08:31:26.56211Z",
                "last_pushed": "2023-05-18T15:07:23.391479Z"
            }
        ],
        "last_updated": "2023-05-18T15:07:23.952855Z",
        "last_updater": 6259615,
        "last_updater_username": "fsiops",
        "name": "1.10.1",
        "repository": 8739628,
        "full_size": 193292476,
        "v2": true,
        "tag_status": "active",
        "tag_last_pulled": "2024-01-20T08:57:07.629157Z",
        "tag_last_pushed": "2023-05-18T15:07:23.952855Z",
        "media_type": "application/vnd.oci.image.index.v1+json",
        "content_type": "image",
        "digest": "sha256:37c7509b680eb856414390c431c390b2ec7b6f715c24fc45a26370fd2d5747ab"
    },
    {
        "creator": 6259615,
        "id": 441428340,
        "images": [
            {
                "architecture": "amd64",
                "features": "",
                "variant": null,
                "digest": "sha256:7312a8be951ecb69a75adf83ae3cf1b1c013b006a296fdf4ea1a01226cad06b0",
                "os": "linux",
                "os_features": "",
                "os_version": null,
                "size": 193292463,
                "status": "active",
                "last_pulled": "2024-01-20T03:01:55.601436Z",
                "last_pushed": "2023-05-18T15:04:21.967954Z"
            },
            {
                "architecture": "arm64",
                "features": "",
                "variant": null,
                "digest": "sha256:07bf1f299f161668c5a0f18c4a2ce88c960df3946c33156ffe1f5c2ff8f193a1",
                "os": "linux",
                "os_features": "",
                "os_version": null,
                "size": 183901070,
                "status": "active",
                "last_pulled": "2024-01-05T17:52:04.163506Z",
                "last_pushed": "2023-05-18T15:04:23.469029Z"
            },
            {
                "architecture": "arm",
                "features": "",
                "variant": "v7",
                "digest": "sha256:565b29637d084fa2bb10e6e9061fe622a4244fa8982dbc1f4d9eacc9650546b1",
                "os": "linux",
                "os_features": "",
                "os_version": null,
                "size": 181303734,
                "status": "active",
                "last_pulled": "2024-01-05T17:52:04.411711Z",
                "last_pushed": "2023-05-18T15:04:23.11832Z"
            },
            {
                "architecture": "unknown",
                "features": "",
                "variant": null,
                "digest": "sha256:088ed1062c642dc7997f1a50c3ba46ea7ad85a1964aba7e2ccba4a085d92876b",
                "os": "unknown",
                "os_features": "",
                "os_version": null,
                "size": 1139,
                "status": "active",
                "last_pulled": "2024-01-05T17:52:05.595259Z",
                "last_pushed": "2023-05-18T15:04:22.635485Z"
            },
            {
                "architecture": "unknown",
                "features": "",
                "variant": null,
                "digest": "sha256:0c39b7b2cd3469484e059b978f439b04eda47b6445b94d8a6f986a251b240741",
                "os": "unknown",
                "os_features": "",
                "os_version": null,
                "size": 1139,
                "status": "inactive",
                "last_pulled": "2023-12-02T08:31:28.365385Z",
                "last_pushed": "2023-05-18T15:04:22.43172Z"
            },
            {
                "architecture": "unknown",
                "features": "",
                "variant": null,
                "digest": "sha256:55932a7e1a0feddbc0357bef21a16c475069459ba7cc1292cfc1a2c190b5ace4",
                "os": "unknown",
                "os_features": "",
                "os_version": null,
                "size": 1145,
                "status": "inactive",
                "last_pulled": "2023-12-02T08:31:28.68411Z",
                "last_pushed": "2023-05-18T15:04:22.190454Z"
            }
        ],
        "last_updated": "2023-05-18T15:04:24.062151Z",
        "last_updater": 6259615,
        "last_updater_username": "fsiops",
        "name": "1.10.1-pre",
        "repository": 8739628,
        "full_size": 193292463,
        "v2": true,
        "tag_status": "active",
        "tag_last_pulled": "2024-01-20T03:01:55.601436Z",
        "tag_last_pushed": "2023-05-18T15:04:24.062151Z",
        "media_type": "application/vnd.oci.image.index.v1+json",
        "content_type": "image",
        "digest": "sha256:b5dbfc88beb7029ebc63967857bdf14d4b0c63aae0fe71979540cfafb3c0d27c"
    },
    {
        "creator": 6259615,
        "id": 447769399,
        "images": [
            {
                "architecture": "amd64",
                "features": "",
                "variant": null,
                "digest": "sha256:d35fa818baf81b006bb0d1507ef93116f2674770990beeafa05a8ac501a9436b",
                "os": "linux",
                "os_features": "",
                "os_version": null,
                "size": 195340009,
                "status": "active",
                "last_pulled": "2024-01-20T09:18:00.942402Z",
                "last_pushed": "2023-05-30T11:33:41.77767Z"
            },
            {
                "architecture": "arm64",
                "features": "",
                "variant": null,
                "digest": "sha256:dda4e2fc63c238c5d90342bd70f38df02f14f27a3a397d226f87f2c93a308ae3",
                "os": "linux",
                "os_features": "",
                "os_version": null,
                "size": 181322102,
                "status": "active",
                "last_pulled": "2024-01-20T05:05:09.631018Z",
                "last_pushed": "2023-05-30T11:33:41.362705Z"
            },
            {
                "architecture": "arm",
                "features": "",
                "variant": "v7",
                "digest": "sha256:948f32b6b581a01f22a893ec4934ddaec22c76c69a70eb9071d0d44a6733f3ea",
                "os": "linux",
                "os_features": "",
                "os_version": null,
                "size": 178779796,
                "status": "active",
                "last_pulled": "2024-01-19T18:39:59.744117Z",
                "last_pushed": "2023-05-30T11:33:42.256711Z"
            },
            {
                "architecture": "unknown",
                "features": "",
                "variant": null,
                "digest": "sha256:bb71b4289c640150fb471f0ca042adbe7113f746835b4e3a43bb3c6afc6b3c8e",
                "os": "unknown",
                "os_features": "",
                "os_version": null,
                "size": 1136,
                "status": "active",
                "last_pulled": "2024-01-19T18:40:00.27747Z",
                "last_pushed": "2023-05-30T11:33:42.045989Z"
            },
            {
                "architecture": "unknown",
                "features": "",
                "variant": null,
                "digest": "sha256:eb2f27aff7271a44b7fdcadcf1ee68a003101a88d75a7878d9b4198d5e40a32e",
                "os": "unknown",
                "os_features": "",
                "os_version": null,
                "size": 1136,
                "status": "active",
                "last_pulled": "2024-01-19T18:40:00.856061Z",
                "last_pushed": "2023-05-30T11:33:41.566886Z"
            },
            {
                "architecture": "unknown",
                "features": "",
                "variant": null,
                "digest": "sha256:ba70e89c0a354fe24b9d6b7d1d9482319c3140aa1276a13f522906a4f2e09d23",
                "os": "unknown",
                "os_features": "",
                "os_version": null,
                "size": 1142,
                "status": "active",
                "last_pulled": "2024-01-19T18:40:01.400021Z",
                "last_pushed": "2023-05-30T11:33:42.469423Z"
            }
        ],
        "last_updated": "2023-05-30T11:33:43.03203Z",
        "last_updater": 6259615,
        "last_updater_username": "fsiops",
        "name": "1.10.2",
        "repository": 8739628,
        "full_size": 195340009,
        "v2": true,
        "tag_status": "active",
        "tag_last_pulled": "2024-01-20T09:18:00.942402Z",
        "tag_last_pushed": "2023-05-30T11:33:43.03203Z",
        "media_type": "application/vnd.oci.image.index.v1+json",
        "content_type": "image",
        "digest": "sha256:ab9da273be93a018f15cb66fb6323c4f67d6a321b22d90cb3721e2e71eeb37ab"
    },
    {
        "creator": 6259615,
        "id": 445596195,
        "images": [
            {
                "architecture": "amd64",
                "features": "",
                "variant": null,
                "digest": "sha256:d5aca4cff2c24528b41dce9d1b1b8a4b97e4ace98320f641eca9401031a31449",
                "os": "linux",
                "os_features": "",
                "os_version": null,
                "size": 195340015,
                "status": "active",
                "last_pulled": "2024-01-20T03:01:53.09362Z",
                "last_pushed": "2023-05-25T15:04:03.701913Z"
            },
            {
                "architecture": "arm64",
                "features": "",
                "variant": null,
                "digest": "sha256:6dcb34690f4f8b621e0a8d9abc53defde029cf5c53803de9a33e1054a082c4bc",
                "os": "linux",
                "os_features": "",
                "os_version": null,
                "size": 181322095,
                "status": "active",
                "last_pulled": "2024-01-05T17:51:59.645863Z",
                "last_pushed": "2023-05-25T15:04:03.916331Z"
            },
            {
                "architecture": "arm",
                "features": "",
                "variant": "v7",
                "digest": "sha256:017fb086ee023934736e793436e7bb71baec7f22f0eaecd4fe825672184d31e6",
                "os": "linux",
                "os_features": "",
                "os_version": null,
                "size": 178779790,
                "status": "active",
                "last_pulled": "2024-01-05T17:51:59.71921Z",
                "last_pushed": "2023-05-25T15:04:04.620952Z"
            },
            {
                "architecture": "unknown",
                "features": "",
                "variant": null,
                "digest": "sha256:76ebfea38009397c4cefe6e8c5ef22505f8bde644de2c01a6aae079844cf4342",
                "os": "unknown",
                "os_features": "",
                "os_version": null,
                "size": 1139,
                "status": "active",
                "last_pulled": "2024-01-05T17:52:00.915658Z",
                "last_pushed": "2023-05-25T15:04:04.367575Z"
            },
            {
                "architecture": "unknown",
                "features": "",
                "variant": null,
                "digest": "sha256:4cd76b34a4a28ec4082edc8defa6e3ce6971660964217a184a50fe0f5bb082a6",
                "os": "unknown",
                "os_features": "",
                "os_version": null,
                "size": 1139,
                "status": "inactive",
                "last_pulled": "2023-12-02T08:31:23.926093Z",
                "last_pushed": "2023-05-25T15:04:04.144465Z"
            },
            {
                "architecture": "unknown",
                "features": "",
                "variant": null,
                "digest": "sha256:30b8416381f7d90d59d73d911f195f092d637913ddc977270ef9066e2c1ce0a4",
                "os": "unknown",
                "os_features": "",
                "os_version": null,
                "size": 1145,
                "status": "inactive",
                "last_pulled": "2023-12-02T08:31:24.300114Z",
                "last_pushed": "2023-05-25T15:04:04.883053Z"
            }
        ],
        "last_updated": "2023-05-25T15:04:05.434568Z",
        "last_updater": 6259615,
        "last_updater_username": "fsiops",
        "name": "1.10.2-pre",
        "repository": 8739628,
        "full_size": 195340015,
        "v2": true,
        "tag_status": "active",
        "tag_last_pulled": "2024-01-20T03:01:53.09362Z",
        "tag_last_pushed": "2023-05-25T15:04:05.434568Z",
        "media_type": "application/vnd.oci.image.index.v1+json",
        "content_type": "image",
        "digest": "sha256:a97fde5d6cc9d71d49d153fc2f2227bc79996d89495ce75927a5b67885f09630"
    },
    {
        "creator": 6259615,
        "id": 465936403,
        "images": [
            {
                "architecture": "amd64",
                "features": "",
                "variant": null,
                "digest": "sha256:9682f3ad65522f0d532de6313090755d939d543c4a575356ebfd4d83b4024128",
                "os": "linux",
                "os_features": "",
                "os_version": null,
                "size": 196980649,
                "status": "active",
                "last_pulled": "2024-01-20T03:01:50.637794Z",
                "last_pushed": "2023-06-29T15:04:27.415327Z"
            },
            {
                "architecture": "arm64",
                "features": "",
                "variant": null,
                "digest": "sha256:55fd699d320b3db85460b0e71e1e5c45a9d53a57e9d28734d8c522848ec8a14a",
                "os": "linux",
                "os_features": "",
                "os_version": null,
                "size": 182679731,
                "status": "active",
                "last_pulled": "2024-01-05T17:51:54.978164Z",
                "last_pushed": "2023-06-29T15:04:27.838093Z"
            },
            {
                "architecture": "arm",
                "features": "",
                "variant": "v7",
                "digest": "sha256:423fe33bd699c2db03fe812475ca6cc8131d14cf03c54efdd8623147b870718d",
                "os": "linux",
                "os_features": "",
                "os_version": null,
                "size": 180411921,
                "status": "active",
                "last_pulled": "2024-01-05T17:51:55.154262Z",
                "last_pushed": "2023-06-29T15:04:26.838143Z"
            },
            {
                "architecture": "unknown",
                "features": "",
                "variant": null,
                "digest": "sha256:eadffb2503aa8fcb336899e3bac9cb96fbc1aea3364ecf07a4fe7034770167a1",
                "os": "unknown",
                "os_features": "",
                "os_version": null,
                "size": 1140,
                "status": "active",
                "last_pulled": "2024-01-05T17:51:55.295921Z",
                "last_pushed": "2023-06-29T15:04:26.447219Z"
            },
            {
                "architecture": "unknown",
                "features": "",
                "variant": null,
                "digest": "sha256:2e60b8c0c904cf6648e7a8fbdc2f4166202c41cf2e53e5ac8165fcdb8f426495",
                "os": "unknown",
                "os_features": "",
                "os_version": null,
                "size": 1140,
                "status": "inactive",
                "last_pulled": "2023-12-02T08:31:19.879376Z",
                "last_pushed": "2023-06-29T15:04:26.159029Z"
            },
            {
                "architecture": "unknown",
                "features": "",
                "variant": null,
                "digest": "sha256:a350abfa16d4a1cb72559fcfc3666aa8ce16b2ff4eaa8a24810e282d8ce5f866",
                "os": "unknown",
                "os_features": "",
                "os_version": null,
                "size": 1146,
                "status": "inactive",
                "last_pulled": "2023-12-02T08:31:20.187823Z",
                "last_pushed": "2023-06-29T15:04:28.120935Z"
            }
        ],
        "last_updated": "2023-06-29T15:04:28.820304Z",
        "last_updater": 6259615,
        "last_updater_username": "fsiops",
        "name": "1.10.3-pre",
        "repository": 8739628,
        "full_size": 196980649,
        "v2": true,
        "tag_status": "active",
        "tag_last_pulled": "2024-01-20T03:01:50.637794Z",
        "tag_last_pushed": "2023-06-29T15:04:28.820304Z",
        "media_type": "application/vnd.oci.image.index.v1+json",
        "content_type": "image",
        "digest": "sha256:33e21a52f4d1dd0620bc1ca9836ce7cd454576b4210402f981af0c1c61e7510a"
    },
    {
        "creator": 6259615,
        "id": 407132785,
        "images": [
            {
                "architecture": "amd64",
                "features": "",
                "variant": null,
                "digest": "sha256:8207c7b7822682cf9fb3f32e5fd1e0a05ddb7068caff78ad72b8347ff27eed18",
                "os": "linux",
                "os_features": "",
                "os_version": null,
                "size": 193827261,
                "status": "active",
                "last_pulled": "2024-01-20T08:37:37.100555Z",
                "last_pushed": "2023-03-20T08:58:44.69803Z"
            },
            {
                "architecture": "arm64",
                "features": "",
                "variant": null,
                "digest": "sha256:9e86a641b770d314e77ceaef39f06b6b465a70991c07c8c8874b16938b990f27",
                "os": "linux",
                "os_features": "",
                "os_version": null,
                "size": 184573941,
                "status": "active",
                "last_pulled": "2024-01-19T09:44:12.399613Z",
                "last_pushed": "2023-03-20T08:58:44.496639Z"
            },
            {
                "architecture": "arm",
                "features": "",
                "variant": "v7",
                "digest": "sha256:6f0d2889caa3fa2559547344bf3482a966730515948d734e0aa72c9ae1dcd2b3",
                "os": "linux",
                "os_features": "",
                "os_version": null,
                "size": 183283771,
                "status": "active",
                "last_pulled": "2024-01-05T17:52:16.153609Z",
                "last_pushed": "2023-03-20T08:58:44.336997Z"
            },
            {
                "architecture": "unknown",
                "features": "",
                "variant": null,
                "digest": "sha256:6f9bebe3755654c482d06f190b90d26f0ad4afaaa854217468d2e8006ebbe233",
                "os": "unknown",
                "os_features": "",
                "os_version": null,
                "size": 1135,
                "status": "active",
                "last_pulled": "2024-01-05T17:52:16.259256Z",
                "last_pushed": "2023-03-20T08:58:44.201866Z"
            },
            {
                "architecture": "unknown",
                "features": "",
                "variant": null,
                "digest": "sha256:28f295ac2b28ef22998e9eb9cfb3cf07e5fc36caa385c3fd1ec9c38262917ecb",
                "os": "unknown",
                "os_features": "",
                "os_version": null,
                "size": 1135,
                "status": "inactive",
                "last_pulled": "2023-12-02T08:31:38.8614Z",
                "last_pushed": "2023-03-20T08:58:44.85417Z"
            },
            {
                "architecture": "unknown",
                "features": "",
                "variant": null,
                "digest": "sha256:8e7ec706d7bbd8ad3d69560e5b37e2fe6cb92b4c9360cba6c9ace9ec5ead2fd8",
                "os": "unknown",
                "os_features": "",
                "os_version": null,
                "size": 1141,
                "status": "inactive",
                "last_pulled": "2023-12-02T08:31:39.220161Z",
                "last_pushed": "2023-03-20T08:58:44.992959Z"
            }
        ],
        "last_updated": "2023-03-20T08:58:45.654471Z",
        "last_updater": 6259615,
        "last_updater_username": "fsiops",
        "name": "1.9.8",
        "repository": 8739628,
        "full_size": 193827261,
        "v2": true,
        "tag_status": "active",
        "tag_last_pulled": "2024-01-20T09:17:30.001371Z",
        "tag_last_pushed": "2023-03-20T08:58:45.654471Z",
        "media_type": "application/vnd.oci.image.index.v1+json",
        "content_type": "image",
        "digest": "sha256:e9d977ae224623997cad3e0cde348e0c1322057632c130223bff4fd557d9f7cc"
    },
    {
        "creator": 6259615,
        "id": 407131297,
        "images": [
            {
                "architecture": "amd64",
                "features": "",
                "variant": null,
                "digest": "sha256:a8de31176687e56cbbc957312a2770116c4637a6a84c43e61abec74e0b34347e",
                "os": "linux",
                "os_features": "",
                "os_version": null,
                "size": 193827266,
                "status": "active",
                "last_pulled": "2024-01-20T03:02:03.447528Z",
                "last_pushed": "2023-03-20T08:54:57.841948Z"
            },
            {
                "architecture": "arm64",
                "features": "",
                "variant": null,
                "digest": "sha256:e45b5cd7680f307dab26d07d23d41fb62e1f4a7fd32c957dc4b2626946c60eb4",
                "os": "linux",
                "os_features": "",
                "os_version": null,
                "size": 184573954,
                "status": "active",
                "last_pulled": "2024-01-05T17:52:19.091125Z",
                "last_pushed": "2023-03-20T08:54:57.319172Z"
            },
            {
                "architecture": "arm",
                "features": "",
                "variant": "v7",
                "digest": "sha256:70226c6d74f05233636239ea952bc583f43f0040f09febdd7b3bf58d3a439ee4",
                "os": "linux",
                "os_features": "",
                "os_version": null,
                "size": 183283781,
                "status": "active",
                "last_pulled": "2024-01-05T17:52:19.065662Z",
                "last_pushed": "2023-03-20T08:54:58.363479Z"
            },
            {
                "architecture": "unknown",
                "features": "",
                "variant": null,
                "digest": "sha256:5d4234f17ac728fa6eff820960b04df26cd01154b7b2726770741e90d1f67a50",
                "os": "unknown",
                "os_features": "",
                "os_version": null,
                "size": 1139,
                "status": "active",
                "last_pulled": "2024-01-05T17:52:19.165973Z",
                "last_pushed": "2023-03-20T08:54:58.111219Z"
            },
            {
                "architecture": "unknown",
                "features": "",
                "variant": null,
                "digest": "sha256:00a30f33b74928366b569082ea0b492c8a6724a3e765aaaf3a8a6c6b5ee39513",
                "os": "unknown",
                "os_features": "",
                "os_version": null,
                "size": 1139,
                "status": "inactive",
                "last_pulled": "2023-12-02T08:31:41.080339Z",
                "last_pushed": "2023-03-20T08:54:57.580385Z"
            },
            {
                "architecture": "unknown",
                "features": "",
                "variant": null,
                "digest": "sha256:c8f297237a899ae6fe946cc3832e0c6e098daf6fce855f841954191ec2bffdc1",
                "os": "unknown",
                "os_features": "",
                "os_version": null,
                "size": 1145,
                "status": "inactive",
                "last_pulled": "2023-12-02T08:31:41.390638Z",
                "last_pushed": "2023-03-20T08:54:58.604099Z"
            }
        ],
        "last_updated": "2023-03-20T08:54:59.109296Z",
        "last_updater": 6259615,
        "last_updater_username": "fsiops",
        "name": "1.9.8-pre",
        "repository": 8739628,
        "full_size": 193827266,
        "v2": true,
        "tag_status": "active",
        "tag_last_pulled": "2024-01-20T03:02:03.447528Z",
        "tag_last_pushed": "2023-03-20T08:54:59.109296Z",
        "media_type": "application/vnd.oci.image.index.v1+json",
        "content_type": "image",
        "digest": "sha256:56769271a2279f017ab17411008bf00564553061d3675f631b5f902c3673c83e"
    },
    {
        "creator": 6259615,
        "id": 407780573,
        "images": [
            {
                "architecture": "amd64",
                "features": "",
                "variant": null,
                "digest": "sha256:f9bc54d734407698e43fb02088b747e34037ed43dfc7512f1d4ad1d578c5403c",
                "os": "linux",
                "os_features": "",
                "os_version": null,
                "size": 193820501,
                "status": "active",
                "last_pulled": "2024-01-20T09:17:40.284885Z",
                "last_pushed": "2023-03-21T08:50:39.457707Z"
            },
            {
                "architecture": "arm64",
                "features": "",
                "variant": null,
                "digest": "sha256:a9c4bdd755ce57558dcda2105bb6ffead0346f8caa913a9cd14efc6803fe7ead",
                "os": "linux",
                "os_features": "",
                "os_version": null,
                "size": 184573860,
                "status": "active",
                "last_pulled": "2024-01-05T17:52:11.752194Z",
                "last_pushed": "2023-03-21T08:50:40.240218Z"
            },
            {
                "architecture": "arm",
                "features": "",
                "variant": "v7",
                "digest": "sha256:77884fefc7d94c204c66bb1f63aaa51ce5ed48360a3c0908d2c8bd7757b8e8ff",
                "os": "linux",
                "os_features": "",
                "os_version": null,
                "size": 183283822,
                "status": "active",
                "last_pulled": "2024-01-05T17:52:11.69493Z",
                "last_pushed": "2023-03-21T08:50:39.946145Z"
            },
            {
                "architecture": "unknown",
                "features": "",
                "variant": null,
                "digest": "sha256:0170d8d3a692936597255b82f30e5245fc907cf06cd81bbdc31d9cd8fd732729",
                "os": "unknown",
                "os_features": "",
                "os_version": null,
                "size": 1135,
                "status": "active",
                "last_pulled": "2024-01-05T17:52:11.798669Z",
                "last_pushed": "2023-03-21T08:50:39.711719Z"
            },
            {
                "architecture": "unknown",
                "features": "",
                "variant": null,
                "digest": "sha256:afee06050bf874d446d1a352a9adbce72f12f5c77f0969174dc26ee7c70d0dc4",
                "os": "unknown",
                "os_features": "",
                "os_version": null,
                "size": 1135,
                "status": "inactive",
                "last_pulled": "2023-12-02T08:31:34.743338Z",
                "last_pushed": "2023-03-21T08:50:39.208178Z"
            },
            {
                "architecture": "unknown",
                "features": "",
                "variant": null,
                "digest": "sha256:931e66ed7ec4238bdcd7bba23fca5929a78be1e809228f8f2f22cb73f45531ad",
                "os": "unknown",
                "os_features": "",
                "os_version": null,
                "size": 1141,
                "status": "inactive",
                "last_pulled": "2023-12-02T08:31:35.088426Z",
                "last_pushed": "2023-03-21T08:50:40.503775Z"
            }
        ],
        "last_updated": "2023-03-21T08:50:41.076672Z",
        "last_updater": 6259615,
        "last_updater_username": "fsiops",
        "name": "1.9.9",
        "repository": 8739628,
        "full_size": 193820501,
        "v2": true,
        "tag_status": "active",
        "tag_last_pulled": "2024-01-20T09:35:29.083707Z",
        "tag_last_pushed": "2023-03-21T08:50:41.076672Z",
        "media_type": "application/vnd.oci.image.index.v1+json",
        "content_type": "image",
        "digest": "sha256:3357c66cba4ddf60ce4aaf0088e7f96cc56ba0c1a381597785813f844a20185a"
    },
    {
        "creator": 6259615,
        "id": 407778621,
        "images": [
            {
                "architecture": "amd64",
                "features": "",
                "variant": null,
                "digest": "sha256:fcdc7cd5196b3e05c90123bcf867c2ddfedefde0d57f5cea84178928c5c52a2c",
                "os": "linux",
                "os_features": "",
                "os_version": null,
                "size": 193820494,
                "status": "active",
                "last_pulled": "2024-01-20T03:02:00.722918Z",
                "last_pushed": "2023-03-21T08:45:50.847172Z"
            },
            {
                "architecture": "arm64",
                "features": "",
                "variant": null,
                "digest": "sha256:c49b550a97c033072a413bdaab1f02b0c251ba257db72d52210ac1ed9abdd087",
                "os": "linux",
                "os_features": "",
                "os_version": null,
                "size": 184573859,
                "status": "active",
                "last_pulled": "2024-01-05T17:52:13.331843Z",
                "last_pushed": "2023-03-21T08:45:50.555783Z"
            },
            {
                "architecture": "arm",
                "features": "",
                "variant": "v7",
                "digest": "sha256:5cb82c1dcd4ed59e28cad74a9b970a26870ecf34572f92c2d1941061b8aa2464",
                "os": "linux",
                "os_features": "",
                "os_version": null,
                "size": 183283817,
                "status": "active",
                "last_pulled": "2024-01-05T17:52:13.660119Z",
                "last_pushed": "2023-03-21T08:45:51.610567Z"
            },
            {
                "architecture": "unknown",
                "features": "",
                "variant": null,
                "digest": "sha256:bebef3d57926d17e9247be73c7274d991cead6c24a3e700e0e2dc21d56c54bb9",
                "os": "unknown",
                "os_features": "",
                "os_version": null,
                "size": 1139,
                "status": "active",
                "last_pulled": "2024-01-05T17:52:14.477595Z",
                "last_pushed": "2023-03-21T08:45:51.35726Z"
            },
            {
                "architecture": "unknown",
                "features": "",
                "variant": null,
                "digest": "sha256:0a62a39119dab4fa98dc53f031d49ecce2915d5971b17d4edee2a44ff0a5289f",
                "os": "unknown",
                "os_features": "",
                "os_version": null,
                "size": 1139,
                "status": "inactive",
                "last_pulled": "2023-12-02T08:31:36.832537Z",
                "last_pushed": "2023-03-21T08:45:51.102844Z"
            },
            {
                "architecture": "unknown",
                "features": "",
                "variant": null,
                "digest": "sha256:95ab52502e65b8225006b493333db0190a17f9afcdf8b50dcd842c1bbb78ee40",
                "os": "unknown",
                "os_features": "",
                "os_version": null,
                "size": 1145,
                "status": "inactive",
                "last_pulled": "2023-12-02T08:31:37.157405Z",
                "last_pushed": "2023-03-21T08:45:51.833755Z"
            }
        ],
        "last_updated": "2023-03-21T08:45:52.380474Z",
        "last_updater": 6259615,
        "last_updater_username": "fsiops",
        "name": "1.9.9-pre",
        "repository": 8739628,
        "full_size": 193820494,
        "v2": true,
        "tag_status": "active",
        "tag_last_pulled": "2024-01-20T03:02:00.722918Z",
        "tag_last_pushed": "2023-03-21T08:45:52.380474Z",
        "media_type": "application/vnd.oci.image.index.v1+json",
        "content_type": "image",
        "digest": "sha256:a8fca7690e7c93ef5a73f3da626db89cd4adfc7b30f97d9d8663862462316c2b"
    }
]