[
    {
        "creator": 401255,
        "id": 377464852,
        "images": [
            {
                "architecture": "amd64",
                "features": "",
                "variant": null,
                "digest": "sha256:f8992567198f110db754ab9ae9e8c30ca2ec0af584ac6c254d8b255b4e59e3e7",
                "os": "linux",
                "os_features": "",
                "os_version": null,
                "size": 985413498,
                "status": "active",
                "last_pulled": "2024-01-20T09:37:35.343094Z",
                "last_pushed": "2023-04-19T07:44:32.436403Z"
            },
            {
                "architecture": "arm64",
                "features": "",
                "variant": null,
                "digest": "sha256:76720f8dcdbb253a08b70ba03cf9786593fdfc999e6847961d921de068b13533",
                "os": "linux",
                "os_features": "",
                "os_version": null,
                "size": 970511725,
                "status": "active",
                "last_pulled": "2024-01-20T07:04:18.416167Z",
                "last_pushed": "2023-04-19T07:44:32.240208Z"
            },
            {
                "architecture": "unknown",
                "features": "",
                "variant": null,
                "digest": "sha256:b47af2c57dd7e6c6164a1d62c82a790506367c108e0daa89183ab370053f9764",
                "os": "unknown",
                "os_features": "",
                "os_version": null,
                "size": 1714,
                "status": "active",
                "last_pulled": "2024-01-20T07:04:21.321529Z",
                "last_pushed": "2023-04-19T07:44:31.984403Z"
            },
            {
                "architecture": "unknown",
                "features": "",
                "variant": null,
                "digest": "sha256:f3a5d60ca026e5062d5058ab3614a25cd980049127b0a3095fb0a03dab0cb016",
                "os": "unknown",
                "os_features": "",
                "os_version": null,
                "size": 1714,
                "status": "active",
                "last_pulled": "2024-01-20T07:04:22.293095Z",
                "last_pushed": "2023-04-19T07:44:32.629876Z"
            }
        ],
        "last_updated": "2023-04-19T07:44:35.35809Z",
        "last_updater": 401255,
        "last_updater_username": "agolybev",
        "name": "7.3",
        "repository": 767979,
        "full_size": 985413498,
        "v2": true,
        "tag_status": "active",
        "tag_last_pulled": "2024-01-20T09:37:35.343094Z",
        "tag_last_pushed": "2023-04-19T07:44:35.35809Z",
        "media_type": "application/vnd.oci.image.index.v1+json",
        "content_type": "image",
        "digest": "sha256:1e254eee17380a63dec421fb77f3cb1c1131feeadbd31a2e7c01c21e1cf1335f"
    },
    {
        "creator": 401255,
        "id": 377464845,
        "images": [
            {
                "architecture": "amd64",
                "features": "",
                "variant": null,
                "digest": "sha256:445e15929fbea41364fd3748e60da00879f8fd8c549bb7834610e9b22041ebc7",
                "os": "linux",
                "os_features": "",
                "os_version": null,
                "size": 987104993,
                "status": "active",
                "last_pulled": "2024-01-20T07:04:22.698928Z",
                "last_pushed": "2023-01-31T12:21:17.433587Z"
            },
            {
                "architecture": "arm64",
                "features": "",
                "variant": null,
                "digest": "sha256:cd4964ea25eda906aac192d9d35bc4803e083b9272f08b996d8a8d7de88b03c9",
                "os": "linux",
                "os_features": "",
                "os_version": null,
                "size": 970168234,
                "status": "active",
                "last_pulled": "2024-01-20T07:04:24.359636Z",
                "last_pushed": "2023-01-31T12:21:17.138398Z"
            },
            {
                "architecture": "unknown",
                "features": "",
                "variant": null,
                "digest": "sha256:dc1e450ece9de055ba8ee27d1926ce1d3bd33a021256451cdfb5c9acc964e208",
                "os": "unknown",
                "os_features": "",
                "os_version": null,
                "size": 1717,
                "status": "active",
                "last_pulled": "2024-01-20T07:04:22.936647Z",
                "last_pushed": "2023-02-01T08:35:11.740771Z"
            },
            {
                "architecture": "unknown",
                "features": "",
                "variant": null,
                "digest": "sha256:a633de1e7bc0fcf010cebdeb9cfdfd5e14c7f0e829a177f24552537f4e4c7c8b",
                "os": "unknown",
                "os_features": "",
                "os_version": null,
                "size": 1717,
                "status": "active",
                "last_pulled": "2024-01-20T07:04:22.811921Z",
                "last_pushed": "2023-02-01T08:35:11.489426Z"
            }
        ],
        "last_updated": "2023-02-01T08:35:13.562586Z",
        "last_updater": 401255,
        "last_updater_username": "agolybev",
        "name": "7.3.0",
        "repository": 767979,
        "full_size": 987104993,
        "v2": true,
        "tag_status": "active",
        "tag_last_pulled": "2024-01-20T07:04:24.359636Z",
        "tag_last_pushed": "2023-02-01T08:35:13.562586Z",
        "media_type": "application/vnd.oci.image.index.v1+json",
        "content_type": "image",
        "digest": "sha256:933616c07ee2ef14fcfa90e81af8677e24e945654fe082b0a04ed3d27e5ec47e"
    },
    {
        "creator": 401255,
        "id": 377464837,
        "images": [
            {
                "architecture": "amd64",
                "features": "",
                "variant": null,
                "digest": "sha256:445e15929fbea41364fd3748e60da00879f8fd8c549bb7834610e9b22041ebc7",
                "os": "linux",
                "os_features": "",
                "os_version": null,
                "size": 987104993,
                "status": "active",
                "last_pulled": "2024-01-20T07:04:22.698928Z",
                "last_pushed": "2023-01-31T12:21:17.433587Z"
            },
            {
                "architecture": "arm64",
                "features": "",
                "variant": null,
                "digest": "sha256:cd4964ea25eda906aac192d9d35bc4803e083b9272f08b996d8a8d7de88b03c9",
                "os": "linux",
                "os_features": "",
                "os_version": null,
                "size": 970168234,
                "status": "active",
                "last_pulled": "2024-01-20T07:04:24.359636Z",
                "last_pushed": "2023-01-31T12:21:17.138398Z"
            },
            {
                "architecture": "unknown",
                "features": "",
                "variant": null,
                "digest": "sha256:dc1e450ece9de055ba8ee27d1926ce1d3bd33a021256451cdfb5c9acc964e208",
                "os": "unknown",
                "os_features": "",
                "os_version": null,
                "size": 1717,
                "status": "active",
                "last_pulled": "2024-01-20T07:04:22.936647Z",
                "last_pushed": "2023-02-01T08:35:11.740771Z"
            },
            {
                "architecture": "unknown",
                "features": "",
                "variant": null,
                "digest": "sha256:a633de1e7bc0fcf010cebdeb9cfdfd5e14c7f0e829a177f24552537f4e4c7c8b",
                "os": "unknown",
                "os_features": "",
                "os_version": null,
                "size": 1717,
                "status": "active",
                "last_pulled": "2024-01-20T07:04:22.811921Z",
                "last_pushed": "2023-02-01T08:35:11.489426Z"
            }
        ],
        "last_updated": "2023-02-01T08:35:12.321043Z",
        "last_updater": 401255,
        "last_updater_username": "agolybev",
        "name": "7.3.0.184",
        "repository": 767979,
        "full_size": 987104993,
        "v2": true,
        "tag_status": "active",
        "tag_last_pulled": "2024-01-20T07:04:24.359636Z",
        "tag_last_pushed": "2023-02-01T08:35:12.321043Z",
        "media_type": "application/vnd.oci.image.index.v1+json",
        "content_type": "image",
        "digest": "sha256:933616c07ee2ef14fcfa90e81af8677e24e945654fe082b0a04ed3d27e5ec47e"
    },
    {
        "creator": 401255,
        "id": 387023720,
        "images": [
            {
                "architecture": "amd64",
                "features": "",
                "variant": null,
                "digest": "sha256:8488e8be3c664f22dd8dddba3dd1945c635fa72cf978dc3ca6fb127528e6e843",
                "os": "linux",
                "os_features": "",
                "os_version": null,
                "size": 983681693,
                "status": "active",
                "last_pulled": "2024-01-20T09:00:08.910311Z",
                "last_pushed": "2023-02-14T08:26:58.723968Z"
            },
            {
                "architecture": "arm64",
                "features": "",
                "variant": null,
                "digest": "sha256:97b72123daa27d5265797588e40026ff67f165e8d23aedbb92e9cb0456384775",
                "os": "linux",
                "os_features": "",
                "os_version": null,
                "size": 968711073,
                "status": "active",
                "last_pulled": "2024-01-20T07:04:19.979519Z",
                "last_pushed": "2023-02-14T08:26:58.377259Z"
            },
            {
                "architecture": "unknown",
                "features": "",
                "variant": null,
                "digest": "sha256:59366ac9b2a7093454e2fa57260d24d7c03f859579d6e2ebf0d8bfad2fb00cc8",
                "os": "unknown",
                "os_features": "",
                "os_version": null,
                "size": 1713,
                "status": "active",
                "last_pulled": "2024-01-20T07:04:21.382704Z",
                "last_pushed": "2023-02-14T08:26:58.972235Z"
            },
            {
                "architecture": "unknown",
                "features": "",
                "variant": null,
                "digest": "sha256:90a58c6c125eb821b6e61fd470dc80e4b17f6096c04767c6a2a8f0e6acb2b527",
                "os": "unknown",
                "os_features": "",
                "os_version": null,
                "size": 1713,
                "status": "active",
                "last_pulled": "2024-01-20T07:04:21.850259Z",
                "last_pushed": "2023-02-14T08:26:59.189759Z"
            }
        ],
        "last_updated": "2023-02-14T08:27:01.590681Z",
        "last_updater": 401255,
        "last_updater_username": "agolybev",
        "name": "7.3.2",
        "repository": 767979,
        "full_size": 983681693,
        "v2": true,
        "tag_status": "active",
        "tag_last_pulled": "2024-01-20T09:00:08.910311Z",
        "tag_last_pushed": "2023-02-14T08:27:01.590681Z",
        "media_type": "application/vnd.oci.image.index.v1+json",
        "content_type": "image",
        "digest": "sha256:4fac2ef37dad8b7780268859e950323f8ae11ed9fcf2a34fe97359a49ce400b2"
    },
    {
        "creator": 401255,
        "id": 387023700,
        "images": [
            {
                "architecture": "amd64",
                "features": "",
                "variant": null,
                "digest": "sha256:8488e8be3c664f22dd8dddba3dd1945c635fa72cf978dc3ca6fb127528e6e843",
                "os": "linux",
                "os_features": "",
                "os_version": null,
                "size": 983681693,
                "status": "active",
                "last_pulled": "2024-01-20T09:00:08.910311Z",
                "last_pushed": "2023-02-14T08:26:58.723968Z"
            },
            {
                "architecture": "arm64",
                "features": "",
                "variant": null,
                "digest": "sha256:97b72123daa27d5265797588e40026ff67f165e8d23aedbb92e9cb0456384775",
                "os": "linux",
                "os_features": "",
                "os_version": null,
                "size": 968711073,
                "status": "active",
                "last_pulled": "2024-01-20T07:04:19.979519Z",
                "last_pushed": "2023-02-14T08:26:58.377259Z"
            },
            {
                "architecture": "unknown",
                "features": "",
                "variant": null,
                "digest": "sha256:59366ac9b2a7093454e2fa57260d24d7c03f859579d6e2ebf0d8bfad2fb00cc8",
                "os": "unknown",
                "os_features": "",
                "os_version": null,
                "size": 1713,
                "status": "active",
                "last_pulled": "2024-01-20T07:04:21.382704Z",
                "last_pushed": "2023-02-14T08:26:58.972235Z"
            },
            {
                "architecture": "unknown",
                "features": "",
                "variant": null,
                "digest": "sha256:90a58c6c125eb821b6e61fd470dc80e4b17f6096c04767c6a2a8f0e6acb2b527",
                "os": "unknown",
                "os_features": "",
                "os_version": null,
                "size": 1713,
                "status": "active",
                "last_pulled": "2024-01-20T07:04:21.850259Z",
                "last_pushed": "2023-02-14T08:26:59.189759Z"
            }
        ],
        "last_updated": "2023-02-14T08:26:59.747359Z",
        "last_updater": 401255,
        "last_updater_username": "agolybev",
        "name": "7.3.2.8",
        "repository": 767979,
        "full_size": 983681693,
        "v2": true,
        "tag_status": "active",
        "tag_last_pulled": "2024-01-20T09:00:08.910311Z",
        "tag_last_pushed": "2023-02-14T08:26:59.747359Z",
        "media_type": "application/vnd.oci.image.index.v1+json",
        "content_type": "image",
        "digest": "sha256:4fac2ef37dad8b7780268859e950323f8ae11ed9fcf2a34fe97359a49ce400b2"
    },
    {
        "creator": 401255,
        "id": 404702714,
        "images": [
            {
                "architecture": "amd64",
                "features": "",
                "variant": null,
                "digest": "sha256:f8992567198f110db754ab9ae9e8c30ca2ec0af584ac6c254d8b255b4e59e3e7",
                "os": "linux",
                "os_features": "",
                "os_version": null,
                "size": 985413498,
                "status": "active",
                "last_pulled": "2024-01-20T09:37:35.343094Z",
                "last_pushed": "2023-04-19T07:44:32.436403Z"
            },
            {
                "architecture": "arm64",
                "features": "",
                "variant": null,
                "digest": "sha256:76720f8dcdbb253a08b70ba03cf9786593fdfc999e6847961d921de068b13533",
                "os": "linux",
                "os_features": "",
                "os_version": null,
                "size": 970511725,
                "status": "active",
                "last_pulled": "2024-01-20T07:04:18.416167Z",
                "last_pushed": "2023-04-19T07:44:32.240208Z"
            },
            {
                "architecture": "unknown",
                "features": "",
                "variant": null,
                "digest": "sha256:b47af2c57dd7e6c6164a1d62c82a790506367c108e0daa89183ab370053f9764",
                "os": "unknown",
                "os_features": "",
                "os_version": null,
                "size": 1714,
                "status": "active",
                "last_pulled": "2024-01-20T07:04:21.321529Z",
                "last_pushed": "2023-04-19T07:44:31.984403Z"
            },
            {
                "architecture": "unknown",
                "features": "",
                "variant": null,
                "digest": "sha256:f3a5d60ca026e5062d5058ab3614a25cd980049127b0a3095fb0a03dab0cb016",
                "os": "unknown",
                "os_features": "",
                "os_version": null,
                "size": 1714,
                "status": "active",
                "last_pulled": "2024-01-20T07:04:22.293095Z",
                "last_pushed": "2023-04-19T07:44:32.629876Z"
            }
        ],
        "last_updated": "2023-04-19T07:44:34.278174Z",
        "last_updater": 401255,
        "last_updater_username": "agolybev",
        "name": "7.3.3",
        "repository": 767979,
        "full_size": 985413498,
        "v2": true,
        "tag_status": "active",
        "tag_last_pulled": "2024-01-20T09:37:35.343094Z",
        "tag_last_pushed": "2023-04-19T07:44:34.278174Z",
        "media_type": "application/vnd.oci.image.index.v1+json",
        "content_type": "image",
        "digest": "sha256:1e254eee17380a63dec421fb77f3cb1c1131feeadbd31a2e7c01c21e1cf1335f"
    },
    {
        "creator": 401255,
        "id": 424646922,
        "images": [
            {
                "architecture": "amd64",
                "features": "",
                "variant": null,
                "digest": "sha256:f8992567198f110db754ab9ae9e8c30ca2ec0af584ac6c254d8b255b4e59e3e7",
                "os": "linux",
                "os_features": "",
                "os_version": null,
                "size": 985413498,
                "status": "active",
                "last_pulled": "2024-01-20T09:37:35.343094Z",
                "last_pushed": "2023-04-19T07:44:32.436403Z"
            },
            {
                "architecture": "arm64",
                "features": "",
                "variant": null,
                "digest": "sha256:76720f8dcdbb253a08b70ba03cf9786593fdfc999e6847961d921de068b13533",
                "os": "linux",
                "os_features": "",
                "os_version": null,
                "size": 970511725,
                "status": "active",
                "last_pulled": "2024-01-20T07:04:18.416167Z",
                "last_pushed": "2023-04-19T07:44:32.240208Z"
            },
            {
                "architecture": "unknown",
                "features": "",
                "variant": null,
                "digest": "sha256:b47af2c57dd7e6c6164a1d62c82a790506367c108e0daa89183ab370053f9764",
                "os": "unknown",
                "os_features": "",
                "os_version": null,
                "size": 1714,
                "status": "active",
                "last_pulled": "2024-01-20T07:04:21.321529Z",
                "last_pushed": "2023-04-19T07:44:31.984403Z"
            },
            {
                "architecture": "unknown",
                "features": "",
                "variant": null,
                "digest": "sha256:f3a5d60ca026e5062d5058ab3614a25cd980049127b0a3095fb0a03dab0cb016",
                "os": "unknown",
                "os_features": "",
                "os_version": null,
                "size": 1714,
                "status": "active",
                "last_pulled": "2024-01-20T07:04:22.293095Z",
                "last_pushed": "2023-04-19T07:44:32.629876Z"
            }
        ],
        "last_updated": "2023-04-19T07:44:33.16972Z",
        "last_updater": 401255,
        "last_updater_username": "agolybev",
        "name": "7.3.3.50",
        "repository": 767979,
        "full_size": 985413498,
        "v2": true,
        "tag_status": "active",
        "tag_last_pulled": "2024-01-20T09:37:35.343094Z",
        "tag_last_pushed": "2023-04-19T07:44:33.16972Z",
        "media_type": "application/vnd.oci.image.index.v1+json",
        "content_type": "image",
        "digest": "sha256:1e254eee17380a63dec421fb77f3cb1c1131feeadbd31a2e7c01c21e1cf1335f"
    },
    {
        "creator": 401255,
        "id": 456540403,
        "images": [
            {
                "architecture": "amd64",
                "features": "",
                "variant": null,
                "digest": "sha256:3aa7e2f5e6c1b5949284e1adedcc9b129d343b68227a00358d44224410e2482b",
                "os": "linux",
                "os_features": "",
                "os_version": null,
                "size": 1063691594,
                "status": "active",
                "last_pulled": "2024-01-20T08:33:22.195234Z",
                "last_pushed": "2023-06-13T11:47:51.612494Z"
            },
            {
                "architecture": "arm64",
                "features": "",
                "variant": null,
                "digest": "sha256:bb19524e1224e1686a42de98a64bfa0b211446dafe822861e2b2a7992e952979",
                "os": "linux",
                "os_features": "",
                "os_version": null,
                "size": 1047473907,
                "status": "active",
                "last_pulled": "2024-01-20T07:04:24.473777Z",
                "last_pushed": "2023-06-13T11:47:52.200105Z"
            },
            {
                "architecture": "unknown",
                "features": "",
                "variant": null,
                "digest": "sha256:40e2b00f36a6b1cab1945c68abded21a3d6215a69e7b0de3b9b77226d7e380ac",
                "os": "unknown",
                "os_features": "",
                "os_version": null,
                "size": 1715,
                "status": "active",
                "last_pulled": "2024-01-20T07:04:25.241354Z",
                "last_pushed": "2023-06-13T11:47:51.858816Z"
            },
            {
                "architecture": "unknown",
                "features": "",
                "variant": null,
                "digest": "sha256:55c57efc95e109028d4bf9fdcc07cf784a9aebc16c23023fe91a17424b51413b",
                "os": "unknown",
                "os_features": "",
                "os_version": null,
                "size": 1715,
                "status": "active",
                "last_pulled": "2024-01-20T07:04:25.031363Z",
                "last_pushed": "2023-06-13T11:47:52.451763Z"
            }
        ],
        "last_updated": "2023-06-13T11:47:54.817059Z",
        "last_updater": 401255,
        "last_updater_username": "agolybev",
        "name": "7.4.0",
        "repository": 767979,
        "full_size": 1063691594,
        "v2": true,
        "tag_status": "active",
        "tag_last_pulled": "2024-01-20T09:32:45.632317Z",
        "tag_last_pushed": "2023-06-13T11:47:54.817059Z",
        "media_type": "application/vnd.oci.image.index.v1+json",
        "content_type": "image",
        "digest": "sha256:8126fc830b978cc0b34bd407120f62b12902d3f65734e8b8e0e12fd39221031d"
    },
    {
        "creator": 401255,
        "id": 456540389,
        "images": [
            {
                "architecture": "amd64",
                "features": "",
                "variant": null,
                "digest": "sha256:3aa7e2f5e6c1b5949284e1adedcc9b129d343b68227a00358d44224410e2482b",
                "os": "linux",
                "os_features": "",
                "os_version": null,
                "size": 1063691594,
                "status": "active",
                "last_pulled": "2024-01-20T08:33:22.195234Z",
                "last_pushed": "2023-06-13T11:47:51.612494Z"
            },
            {
                "architecture": "arm64",
                "features": "",
                "variant": null,
                "digest": "sha256:bb19524e1224e1686a42de98a64bfa0b211446dafe822861e2b2a7992e952979",
                "os": "linux",
                "os_features": "",
                "os_version": null,
                "size": 1047473907,
                "status": "active",
                "last_pulled": "2024-01-20T07:04:24.473777Z",
                "last_pushed": "2023-06-13T11:47:52.200105Z"
            },
            {
                "architecture": "unknown",
                "features": "",
                "variant": null,
                "digest": "sha256:40e2b00f36a6b1cab1945c68abded21a3d6215a69e7b0de3b9b77226d7e380ac",
                "os": "unknown",
                "os_features": "",
                "os_version": null,
                "size": 1715,
                "status": "active",
                "last_pulled": "2024-01-20T07:04:25.241354Z",
                "last_pushed": "2023-06-13T11:47:51.858816Z"
            },
            {
                "architecture": "unknown",
                "features": "",
                "variant": null,
                "digest": "sha256:55c57efc95e109028d4bf9fdcc07cf784a9aebc16c23023fe91a17424b51413b",
                "os": "unknown",
                "os_features": "",
                "os_version": null,
                "size": 1715,
                "status": "active",
                "last_pulled": "2024-01-20T07:04:25.031363Z",
                "last_pushed": "2023-06-13T11:47:52.451763Z"
            }
        ],
        "last_updated": "2023-06-13T11:47:52.915517Z",
        "last_updater": 401255,
        "last_updater_username": "agolybev",
        "name": "7.4.0.1",
        "repository": 767979,
        "full_size": 1063691594,
        "v2": true,
        "tag_status": "active",
        "tag_last_pulled": "2024-01-20T09:32:45.632317Z",
        "tag_last_pushed": "2023-06-13T11:47:52.915517Z",
        "media_type": "application/vnd.oci.image.index.v1+json",
        "content_type": "image",
        "digest": "sha256:8126fc830b978cc0b34bd407120f62b12902d3f65734e8b8e0e12fd39221031d"
    }
]