[
    {
        "creator": 113966,
        "id": 416503772,
        "images": [
            {
                "architecture": "amd64",
                "features": "",
                "variant": null,
                "digest": "sha256:2eda0daac28521120fa262f7c6e8d3a24e92f0cf462837509a9b92b0dc05be8c",
                "os": "linux",
                "os_features": "",
                "os_version": null,
                "size": 125187715,
                "status": "active",
                "last_pulled": "2024-01-20T08:51:58.404833Z",
                "last_pushed": "2023-04-04T16:56:32.86475Z"
            }
        ],
        "last_updated": "2023-04-04T16:56:33.013232Z",
        "last_updater": 113966,
        "last_updater_username": "plavi",
        "name": "1.12.0-pxc8.0.31-backup",
        "repository": 6364690,
        "full_size": 125187715,
        "v2": true,
        "tag_status": "active",
        "tag_last_pulled": "2024-01-20T08:51:58.404833Z",
        "tag_last_pushed": "2023-04-04T16:56:33.013232Z",
        "media_type": "application/vnd.docker.container.image.v1+json",
        "content_type": "image",
        "digest": "sha256:2eda0daac28521120fa262f7c6e8d3a24e92f0cf462837509a9b92b0dc05be8c"
    }
]