[
    {
        "creator": 601605,
        "id": 395962011,
        "images": [
            {
                "architecture": "amd64",
                "features": "",
                "variant": null,
                "digest": "sha256:82b175f10a93354142ccce59b064085906fadc7f08f66a563a5ef9e0557ef999",
                "os": "linux",
                "os_features": "",
                "os_version": null,
                "size": 116919989,
                "status": "active",
                "last_pulled": "2024-01-20T09:20:39.502522Z",
                "last_pushed": "2023-03-01T02:17:42.953903Z"
            },
            {
                "architecture": "arm64",
                "features": "",
                "variant": null,
                "digest": "sha256:de34c973030764287916d35141bb7553baebc5e86bbf028ef47f6f89a7a6bb78",
                "os": "linux",
                "os_features": "",
                "os_version": null,
                "size": 112354393,
                "status": "active",
                "last_pulled": "2024-01-20T07:48:32.31985Z",
                "last_pushed": "2023-03-01T02:19:36.911835Z"
            },
            {
                "architecture": "s390x",
                "features": "",
                "variant": null,
                "digest": "sha256:e082a6b3915cbcc074434a0249ebfd733dbf547c2c9c5cb0d558ceb38a0ea6d7",
                "os": "linux",
                "os_features": "",
                "os_version": null,
                "size": 115205794,
                "status": "active",
                "last_pulled": "2024-01-20T06:09:55.655314Z",
                "last_pushed": "2023-03-01T02:39:36.141034Z"
            }
        ],
        "last_updated": "2023-03-01T02:43:06.796553Z",
        "last_updater": 601605,
        "last_updater_username": "rancheriodhci",
        "name": "v0.1.19",
        "repository": 9814192,
        "full_size": 116919989,
        "v2": true,
        "tag_status": "active",
        "tag_last_pulled": "2024-01-20T09:40:52.112535Z",
        "tag_last_pushed": "2023-03-01T02:43:06.796553Z",
        "media_type": "application/vnd.docker.distribution.manifest.list.v2+json",
        "content_type": "image",
        "digest": "sha256:5aeaedb31fbf32f0b63991f3c30f49460d3190bcea984018ba006fa9e3becb7e"
    },
    {
        "creator": 601605,
        "id": 244875306,
        "images": [
            {
                "architecture": "amd64",
                "features": "",
                "variant": null,
                "digest": "sha256:82b175f10a93354142ccce59b064085906fadc7f08f66a563a5ef9e0557ef999",
                "os": "linux",
                "os_features": "",
                "os_version": null,
                "size": 116919989,
                "status": "active",
                "last_pulled": "2024-01-20T09:20:39.502522Z",
                "last_pushed": "2023-03-01T02:17:42.953903Z"
            }
        ],
        "last_updated": "2023-03-01T02:17:42.953903Z",
        "last_updater": 601605,
        "last_updater_username": "rancheriodhci",
        "name": "v0.1.19-amd64",
        "repository": 9814192,
        "full_size": 116919989,
        "v2": true,
        "tag_status": "active",
        "tag_last_pulled": "2024-01-20T09:20:39.502522Z",
        "tag_last_pushed": "2023-03-01T02:17:42.953903Z",
        "media_type": "application/vnd.docker.container.image.v1+json",
        "content_type": "image",
        "digest": "sha256:82b175f10a93354142ccce59b064085906fadc7f08f66a563a5ef9e0557ef999"
    },
    {
        "creator": 601605,
        "id": 244875680,
        "images": [
            {
                "architecture": "arm64",
                "features": "",
                "variant": null,
                "digest": "sha256:de34c973030764287916d35141bb7553baebc5e86bbf028ef47f6f89a7a6bb78",
                "os": "linux",
                "os_features": "",
                "os_version": null,
                "size": 112354393,
                "status": "active",
                "last_pulled": "2024-01-20T07:48:32.31985Z",
                "last_pushed": "2023-03-01T02:19:36.911835Z"
            }
        ],
        "last_updated": "2023-03-01T02:19:36.911835Z",
        "last_updater": 601605,
        "last_updater_username": "rancheriodhci",
        "name": "v0.1.19-arm64",
        "repository": 9814192,
        "full_size": 112354393,
        "v2": true,
        "tag_status": "active",
        "tag_last_pulled": "2024-01-20T07:48:32.31985Z",
        "tag_last_pushed": "2023-03-01T02:19:36.911835Z",
        "media_type": "application/vnd.docker.container.image.v1+json",
        "content_type": "image",
        "digest": "sha256:de34c973030764287916d35141bb7553baebc5e86bbf028ef47f6f89a7a6bb78"
    },
    {
        "creator": 601605,
        "id": 389439028,
        "images": [
            {
                "architecture": "amd64",
                "features": "",
                "variant": null,
                "digest": "sha256:b3e18b27b653f53ebee54a75900981d05a78dcb10e6d1cc921128d738fead940",
                "os": "linux",
                "os_features": "",
                "os_version": null,
                "size": 117263145,
                "status": "active",
                "last_pulled": "2024-01-20T00:31:23.444599Z",
                "last_pushed": "2023-02-17T15:17:05.000324Z"
            },
            {
                "architecture": "arm64",
                "features": "",
                "variant": null,
                "digest": "sha256:3cbdf43e77c54d7a54fb723dcc2aa06831aeb23d10f7a24bab34de50dabf8708",
                "os": "linux",
                "os_features": "",
                "os_version": null,
                "size": 112819729,
                "status": "active",
                "last_pulled": "2024-01-20T00:31:23.262398Z",
                "last_pushed": "2023-02-17T15:17:30.386683Z"
            },
            {
                "architecture": "s390x",
                "features": "",
                "variant": null,
                "digest": "sha256:75876057b55c539a8a8b8875726905a47f1a37b54276df134a50190121ef033d",
                "os": "linux",
                "os_features": "",
                "os_version": null,
                "size": 113740331,
                "status": "active",
                "last_pulled": "2024-01-20T00:31:23.093741Z",
                "last_pushed": "2023-02-17T15:14:17.987856Z"
            }
        ],
        "last_updated": "2023-02-17T15:17:57.752498Z",
        "last_updater": 601605,
        "last_updater_username": "rancheriodhci",
        "name": "v0.1.19-rc10",
        "repository": 9814192,
        "full_size": 117263145,
        "v2": true,
        "tag_status": "active",
        "tag_last_pulled": "2024-01-20T00:31:23.48603Z",
        "tag_last_pushed": "2023-02-17T15:17:57.752498Z",
        "media_type": "application/vnd.docker.distribution.manifest.list.v2+json",
        "content_type": "image",
        "digest": "sha256:504326514a8aec90f8fec97f1462eb2a57123f3db592f320ff0f9abc5bd339a4"
    },
    {
        "creator": 601605,
        "id": 389438342,
        "images": [
            {
                "architecture": "amd64",
                "features": "",
                "variant": null,
                "digest": "sha256:b3e18b27b653f53ebee54a75900981d05a78dcb10e6d1cc921128d738fead940",
                "os": "linux",
                "os_features": "",
                "os_version": null,
                "size": 117263145,
                "status": "active",
                "last_pulled": "2024-01-20T00:31:23.444599Z",
                "last_pushed": "2023-02-17T15:17:05.000324Z"
            }
        ],
        "last_updated": "2023-02-17T15:17:05.097913Z",
        "last_updater": 601605,
        "last_updater_username": "rancheriodhci",
        "name": "v0.1.19-rc10-amd64",
        "repository": 9814192,
        "full_size": 117263145,
        "v2": true,
        "tag_status": "active",
        "tag_last_pulled": "2024-01-20T00:31:23.444599Z",
        "tag_last_pushed": "2023-02-17T15:17:05.097913Z",
        "media_type": "application/vnd.docker.container.image.v1+json",
        "content_type": "image",
        "digest": "sha256:b3e18b27b653f53ebee54a75900981d05a78dcb10e6d1cc921128d738fead940"
    },
    {
        "creator": 601605,
        "id": 389438679,
        "images": [
            {
                "architecture": "arm64",
                "features": "",
                "variant": null,
                "digest": "sha256:3cbdf43e77c54d7a54fb723dcc2aa06831aeb23d10f7a24bab34de50dabf8708",
                "os": "linux",
                "os_features": "",
                "os_version": null,
                "size": 112819729,
                "status": "active",
                "last_pulled": "2024-01-20T00:31:23.262398Z",
                "last_pushed": "2023-02-17T15:17:30.386683Z"
            }
        ],
        "last_updated": "2023-02-17T15:17:30.499644Z",
        "last_updater": 601605,
        "last_updater_username": "rancheriodhci",
        "name": "v0.1.19-rc10-arm64",
        "repository": 9814192,
        "full_size": 112819729,
        "v2": true,
        "tag_status": "active",
        "tag_last_pulled": "2024-01-20T00:31:23.262398Z",
        "tag_last_pushed": "2023-02-17T15:17:30.499644Z",
        "media_type": "application/vnd.docker.container.image.v1+json",
        "content_type": "image",
        "digest": "sha256:3cbdf43e77c54d7a54fb723dcc2aa06831aeb23d10f7a24bab34de50dabf8708"
    },
    {
        "creator": 601605,
        "id": 389435275,
        "images": [
            {
                "architecture": "s390x",
                "features": "",
                "variant": null,
                "digest": "sha256:75876057b55c539a8a8b8875726905a47f1a37b54276df134a50190121ef033d",
                "os": "linux",
                "os_features": "",
                "os_version": null,
                "size": 113740331,
                "status": "active",
                "last_pulled": "2024-01-20T00:31:23.093741Z",
                "last_pushed": "2023-02-17T15:14:17.987856Z"
            }
        ],
        "last_updated": "2023-02-17T15:14:18.091443Z",
        "last_updater": 601605,
        "last_updater_username": "rancheriodhci",
        "name": "v0.1.19-rc10-s390x",
        "repository": 9814192,
        "full_size": 113740331,
        "v2": true,
        "tag_status": "active",
        "tag_last_pulled": "2024-01-20T00:31:23.093741Z",
        "tag_last_pushed": "2023-02-17T15:14:18.091443Z",
        "media_type": "application/vnd.docker.container.image.v1+json",
        "content_type": "image",
        "digest": "sha256:75876057b55c539a8a8b8875726905a47f1a37b54276df134a50190121ef033d"
    },
    {
        "creator": 601605,
        "id": 395751228,
        "images": [
            {
                "architecture": "amd64",
                "features": "",
                "variant": null,
                "digest": "sha256:4078d4b388326bd0794232dcd7445cbe861ccc205678e0f981502c6717c3399c",
                "os": "linux",
                "os_features": "",
                "os_version": null,
                "size": 116920364,
                "status": "active",
                "last_pulled": "2024-01-20T00:31:22.901037Z",
                "last_pushed": "2023-02-28T19:13:46.659258Z"
            },
            {
                "architecture": "arm64",
                "features": "",
                "variant": null,
                "digest": "sha256:fd4b3e8b27f090bf5749d9c2dfd92cd4aa8ae1693b8ebbacdeabec4c83157b12",
                "os": "linux",
                "os_features": "",
                "os_version": null,
                "size": 112354287,
                "status": "active",
                "last_pulled": "2024-01-20T00:31:22.845Z",
                "last_pushed": "2023-02-28T19:34:18.954093Z"
            },
            {
                "architecture": "s390x",
                "features": "",
                "variant": null,
                "digest": "sha256:93671d1d27ea9f0e79000ef6206f460dd05a44439f15a48298d9c7234fd5cdc4",
                "os": "linux",
                "os_features": "",
                "os_version": null,
                "size": 115205794,
                "status": "active",
                "last_pulled": "2024-01-20T00:31:22.765914Z",
                "last_pushed": "2023-02-28T19:19:54.932793Z"
            }
        ],
        "last_updated": "2023-02-28T19:34:25.961729Z",
        "last_updater": 601605,
        "last_updater_username": "rancheriodhci",
        "name": "v0.1.19-rc11",
        "repository": 9814192,
        "full_size": 116920364,
        "v2": true,
        "tag_status": "active",
        "tag_last_pulled": "2024-01-20T00:31:23.004841Z",
        "tag_last_pushed": "2023-02-28T19:34:25.961729Z",
        "media_type": "application/vnd.docker.distribution.manifest.list.v2+json",
        "content_type": "image",
        "digest": "sha256:efab939ac92a172fee43efe790e9be5a81f74955b3744d7771bbc14a2864fee7"
    },
    {
        "creator": 601605,
        "id": 395736471,
        "images": [
            {
                "architecture": "amd64",
                "features": "",
                "variant": null,
                "digest": "sha256:4078d4b388326bd0794232dcd7445cbe861ccc205678e0f981502c6717c3399c",
                "os": "linux",
                "os_features": "",
                "os_version": null,
                "size": 116920364,
                "status": "active",
                "last_pulled": "2024-01-20T00:31:22.901037Z",
                "last_pushed": "2023-02-28T19:13:46.659258Z"
            }
        ],
        "last_updated": "2023-02-28T19:13:46.659258Z",
        "last_updater": 601605,
        "last_updater_username": "rancheriodhci",
        "name": "v0.1.19-rc11-amd64",
        "repository": 9814192,
        "full_size": 116920364,
        "v2": true,
        "tag_status": "active",
        "tag_last_pulled": "2024-01-20T00:31:22.901037Z",
        "tag_last_pushed": "2023-02-28T19:13:46.659258Z",
        "media_type": "application/vnd.docker.container.image.v1+json",
        "content_type": "image",
        "digest": "sha256:4078d4b388326bd0794232dcd7445cbe861ccc205678e0f981502c6717c3399c"
    },
    {
        "creator": 601605,
        "id": 395751187,
        "images": [
            {
                "architecture": "arm64",
                "features": "",
                "variant": null,
                "digest": "sha256:fd4b3e8b27f090bf5749d9c2dfd92cd4aa8ae1693b8ebbacdeabec4c83157b12",
                "os": "linux",
                "os_features": "",
                "os_version": null,
                "size": 112354287,
                "status": "active",
                "last_pulled": "2024-01-20T00:31:22.845Z",
                "last_pushed": "2023-02-28T19:34:18.954093Z"
            }
        ],
        "last_updated": "2023-02-28T19:34:19.042296Z",
        "last_updater": 601605,
        "last_updater_username": "rancheriodhci",
        "name": "v0.1.19-rc11-arm64",
        "repository": 9814192,
        "full_size": 112354287,
        "v2": true,
        "tag_status": "active",
        "tag_last_pulled": "2024-01-20T00:31:22.845Z",
        "tag_last_pushed": "2023-02-28T19:34:19.042296Z",
        "media_type": "application/vnd.docker.container.image.v1+json",
        "content_type": "image",
        "digest": "sha256:fd4b3e8b27f090bf5749d9c2dfd92cd4aa8ae1693b8ebbacdeabec4c83157b12"
    },
    {
        "creator": 601605,
        "id": 395744740,
        "images": [
            {
                "architecture": "s390x",
                "features": "",
                "variant": null,
                "digest": "sha256:93671d1d27ea9f0e79000ef6206f460dd05a44439f15a48298d9c7234fd5cdc4",
                "os": "linux",
                "os_features": "",
                "os_version": null,
                "size": 115205794,
                "status": "active",
                "last_pulled": "2024-01-20T00:31:22.765914Z",
                "last_pushed": "2023-02-28T19:19:54.932793Z"
            }
        ],
        "last_updated": "2023-02-28T19:19:55.045591Z",
        "last_updater": 601605,
        "last_updater_username": "rancheriodhci",
        "name": "v0.1.19-rc11-s390x",
        "repository": 9814192,
        "full_size": 115205794,
        "v2": true,
        "tag_status": "active",
        "tag_last_pulled": "2024-01-20T00:31:22.765914Z",
        "tag_last_pushed": "2023-02-28T19:19:55.045591Z",
        "media_type": "application/vnd.docker.container.image.v1+json",
        "content_type": "image",
        "digest": "sha256:93671d1d27ea9f0e79000ef6206f460dd05a44439f15a48298d9c7234fd5cdc4"
    },
    {
        "creator": 601605,
        "id": 362586222,
        "images": [
            {
                "architecture": "amd64",
                "features": "",
                "variant": null,
                "digest": "sha256:5c7a0616a5004a8bcde99f2133a1fb0506de300447a9d115c6cb592fcec202ee",
                "os": "linux",
                "os_features": "",
                "os_version": null,
                "size": 115459589,
                "status": "active",
                "last_pulled": "2024-01-20T00:31:18.274715Z",
                "last_pushed": "2023-01-06T12:33:56.451892Z"
            },
            {
                "architecture": "arm64",
                "features": "",
                "variant": null,
                "digest": "sha256:d8ee9703f7cd84a5b777ab0b89349ec26917c93fed4a1b26509ff5cb765fc7d6",
                "os": "linux",
                "os_features": "",
                "os_version": null,
                "size": 111035823,
                "status": "active",
                "last_pulled": "2024-01-20T00:31:18.250719Z",
                "last_pushed": "2023-01-06T12:33:42.939427Z"
            },
            {
                "architecture": "s390x",
                "features": "",
                "variant": null,
                "digest": "sha256:c1455e4814053f2f7f3d477e4023a842c8ebca1925cf9e894e68cbee02079665",
                "os": "linux",
                "os_features": "",
                "os_version": null,
                "size": 111776747,
                "status": "active",
                "last_pulled": "2024-01-20T00:31:18.176839Z",
                "last_pushed": "2023-01-06T12:27:54.310887Z"
            }
        ],
        "last_updated": "2023-01-06T12:34:03.569705Z",
        "last_updater": 601605,
        "last_updater_username": "rancheriodhci",
        "name": "v0.1.19-rc8",
        "repository": 9814192,
        "full_size": 115459589,
        "v2": true,
        "tag_status": "active",
        "tag_last_pulled": "2024-01-20T00:31:18.572073Z",
        "tag_last_pushed": "2023-01-06T12:34:03.569705Z",
        "media_type": "application/vnd.docker.distribution.manifest.list.v2+json",
        "content_type": "image",
        "digest": "sha256:d5bbd874344c8bece07ce3f836f14e988a19c37aa202cc97e7104e6eb10fbfb7"
    },
    {
        "creator": 601605,
        "id": 362586195,
        "images": [
            {
                "architecture": "amd64",
                "features": "",
                "variant": null,
                "digest": "sha256:5c7a0616a5004a8bcde99f2133a1fb0506de300447a9d115c6cb592fcec202ee",
                "os": "linux",
                "os_features": "",
                "os_version": null,
                "size": 115459589,
                "status": "active",
                "last_pulled": "2024-01-20T00:31:18.274715Z",
                "last_pushed": "2023-01-06T12:33:56.451892Z"
            }
        ],
        "last_updated": "2023-01-06T12:33:56.594972Z",
        "last_updater": 601605,
        "last_updater_username": "rancheriodhci",
        "name": "v0.1.19-rc8-amd64",
        "repository": 9814192,
        "full_size": 115459589,
        "v2": true,
        "tag_status": "active",
        "tag_last_pulled": "2024-01-20T00:31:18.274715Z",
        "tag_last_pushed": "2023-01-06T12:33:56.594972Z",
        "media_type": "application/vnd.docker.container.image.v1+json",
        "content_type": "image",
        "digest": "sha256:5c7a0616a5004a8bcde99f2133a1fb0506de300447a9d115c6cb592fcec202ee"
    },
    {
        "creator": 601605,
        "id": 362586125,
        "images": [
            {
                "architecture": "arm64",
                "features": "",
                "variant": null,
                "digest": "sha256:d8ee9703f7cd84a5b777ab0b89349ec26917c93fed4a1b26509ff5cb765fc7d6",
                "os": "linux",
                "os_features": "",
                "os_version": null,
                "size": 111035823,
                "status": "active",
                "last_pulled": "2024-01-20T00:31:18.250719Z",
                "last_pushed": "2023-01-06T12:33:42.939427Z"
            }
        ],
        "last_updated": "2023-01-06T12:33:43.039186Z",
        "last_updater": 601605,
        "last_updater_username": "rancheriodhci",
        "name": "v0.1.19-rc8-arm64",
        "repository": 9814192,
        "full_size": 111035823,
        "v2": true,
        "tag_status": "active",
        "tag_last_pulled": "2024-01-20T00:31:18.250719Z",
        "tag_last_pushed": "2023-01-06T12:33:43.039186Z",
        "media_type": "application/vnd.docker.container.image.v1+json",
        "content_type": "image",
        "digest": "sha256:d8ee9703f7cd84a5b777ab0b89349ec26917c93fed4a1b26509ff5cb765fc7d6"
    },
    {
        "creator": 601605,
        "id": 362584159,
        "images": [
            {
                "architecture": "s390x",
                "features": "",
                "variant": null,
                "digest": "sha256:c1455e4814053f2f7f3d477e4023a842c8ebca1925cf9e894e68cbee02079665",
                "os": "linux",
                "os_features": "",
                "os_version": null,
                "size": 111776747,
                "status": "active",
                "last_pulled": "2024-01-20T00:31:18.176839Z",
                "last_pushed": "2023-01-06T12:27:54.310887Z"
            }
        ],
        "last_updated": "2023-01-06T12:27:54.465511Z",
        "last_updater": 601605,
        "last_updater_username": "rancheriodhci",
        "name": "v0.1.19-rc8-s390x",
        "repository": 9814192,
        "full_size": 111776747,
        "v2": true,
        "tag_status": "active",
        "tag_last_pulled": "2024-01-20T00:31:18.176839Z",
        "tag_last_pushed": "2023-01-06T12:27:54.465511Z",
        "media_type": "application/vnd.docker.container.image.v1+json",
        "content_type": "image",
        "digest": "sha256:c1455e4814053f2f7f3d477e4023a842c8ebca1925cf9e894e68cbee02079665"
    },
    {
        "creator": 601605,
        "id": 383304345,
        "images": [
            {
                "architecture": "amd64",
                "features": "",
                "variant": null,
                "digest": "sha256:a778bc8a671c84d102e36dfcf90da7043516970c34679b8f95838ad5128bc12a",
                "os": "linux",
                "os_features": "",
                "os_version": null,
                "size": 116072305,
                "status": "active",
                "last_pulled": "2024-01-20T00:31:17.985375Z",
                "last_pushed": "2023-02-08T13:23:02.935858Z"
            },
            {
                "architecture": "arm64",
                "features": "",
                "variant": null,
                "digest": "sha256:e5a736f72a81b2ab6a703e92a7ef29529bdbfefbb6c54df71fbb2757fa7ca4bf",
                "os": "linux",
                "os_features": "",
                "os_version": null,
                "size": 111578690,
                "status": "active",
                "last_pulled": "2024-01-20T00:31:17.754489Z",
                "last_pushed": "2023-02-08T13:22:44.519929Z"
            },
            {
                "architecture": "s390x",
                "features": "",
                "variant": null,
                "digest": "sha256:911eb10271db96aabf29fe8867163202539ee9054819a1b7d93a5f3ed3eea511",
                "os": "linux",
                "os_features": "",
                "os_version": null,
                "size": 112431922,
                "status": "active",
                "last_pulled": "2024-01-20T00:31:18.228116Z",
                "last_pushed": "2023-02-08T13:17:22.372964Z"
            }
        ],
        "last_updated": "2023-02-08T13:23:24.774328Z",
        "last_updater": 601605,
        "last_updater_username": "rancheriodhci",
        "name": "v0.1.19-rc9",
        "repository": 9814192,
        "full_size": 116072305,
        "v2": true,
        "tag_status": "active",
        "tag_last_pulled": "2024-01-20T00:31:18.246048Z",
        "tag_last_pushed": "2023-02-08T13:23:24.774328Z",
        "media_type": "application/vnd.docker.distribution.manifest.list.v2+json",
        "content_type": "image",
        "digest": "sha256:55b20014be90ee0c1b5748cc2394b973aae0db5489c3900201f56dde8a170eaf"
    },
    {
        "creator": 601605,
        "id": 383304177,
        "images": [
            {
                "architecture": "amd64",
                "features": "",
                "variant": null,
                "digest": "sha256:a778bc8a671c84d102e36dfcf90da7043516970c34679b8f95838ad5128bc12a",
                "os": "linux",
                "os_features": "",
                "os_version": null,
                "size": 116072305,
                "status": "active",
                "last_pulled": "2024-01-20T00:31:17.985375Z",
                "last_pushed": "2023-02-08T13:23:02.935858Z"
            }
        ],
        "last_updated": "2023-02-08T13:23:03.077324Z",
        "last_updater": 601605,
        "last_updater_username": "rancheriodhci",
        "name": "v0.1.19-rc9-amd64",
        "repository": 9814192,
        "full_size": 116072305,
        "v2": true,
        "tag_status": "active",
        "tag_last_pulled": "2024-01-20T00:31:17.985375Z",
        "tag_last_pushed": "2023-02-08T13:23:03.077324Z",
        "media_type": "application/vnd.docker.container.image.v1+json",
        "content_type": "image",
        "digest": "sha256:a778bc8a671c84d102e36dfcf90da7043516970c34679b8f95838ad5128bc12a"
    },
    {
        "creator": 601605,
        "id": 383304043,
        "images": [
            {
                "architecture": "arm64",
                "features": "",
                "variant": null,
                "digest": "sha256:e5a736f72a81b2ab6a703e92a7ef29529bdbfefbb6c54df71fbb2757fa7ca4bf",
                "os": "linux",
                "os_features": "",
                "os_version": null,
                "size": 111578690,
                "status": "active",
                "last_pulled": "2024-01-20T00:31:17.754489Z",
                "last_pushed": "2023-02-08T13:22:44.519929Z"
            }
        ],
        "last_updated": "2023-02-08T13:22:44.635014Z",
        "last_updater": 601605,
        "last_updater_username": "rancheriodhci",
        "name": "v0.1.19-rc9-arm64",
        "repository": 9814192,
        "full_size": 111578690,
        "v2": true,
        "tag_status": "active",
        "tag_last_pulled": "2024-01-20T00:31:17.754489Z",
        "tag_last_pushed": "2023-02-08T13:22:44.635014Z",
        "media_type": "application/vnd.docker.container.image.v1+json",
        "content_type": "image",
        "digest": "sha256:e5a736f72a81b2ab6a703e92a7ef29529bdbfefbb6c54df71fbb2757fa7ca4bf"
    },
    {
        "creator": 601605,
        "id": 383301176,
        "images": [
            {
                "architecture": "s390x",
                "features": "",
                "variant": null,
                "digest": "sha256:911eb10271db96aabf29fe8867163202539ee9054819a1b7d93a5f3ed3eea511",
                "os": "linux",
                "os_features": "",
                "os_version": null,
                "size": 112431922,
                "status": "active",
                "last_pulled": "2024-01-20T00:31:18.228116Z",
                "last_pushed": "2023-02-08T13:17:22.372964Z"
            }
        ],
        "last_updated": "2023-02-08T13:17:22.480588Z",
        "last_updater": 601605,
        "last_updater_username": "rancheriodhci",
        "name": "v0.1.19-rc9-s390x",
        "repository": 9814192,
        "full_size": 112431922,
        "v2": true,
        "tag_status": "active",
        "tag_last_pulled": "2024-01-20T00:31:18.228116Z",
        "tag_last_pushed": "2023-02-08T13:17:22.480588Z",
        "media_type": "application/vnd.docker.container.image.v1+json",
        "content_type": "image",
        "digest": "sha256:911eb10271db96aabf29fe8867163202539ee9054819a1b7d93a5f3ed3eea511"
    },
    {
        "creator": 601605,
        "id": 244873175,
        "images": [
            {
                "architecture": "s390x",
                "features": "",
                "variant": null,
                "digest": "sha256:e082a6b3915cbcc074434a0249ebfd733dbf547c2c9c5cb0d558ceb38a0ea6d7",
                "os": "linux",
                "os_features": "",
                "os_version": null,
                "size": 115205794,
                "status": "active",
                "last_pulled": "2024-01-20T06:09:55.655314Z",
                "last_pushed": "2023-03-01T02:39:36.141034Z"
            }
        ],
        "last_updated": "2023-03-01T02:39:36.141034Z",
        "last_updater": 601605,
        "last_updater_username": "rancheriodhci",
        "name": "v0.1.19-s390x",
        "repository": 9814192,
        "full_size": 115205794,
        "v2": true,
        "tag_status": "active",
        "tag_last_pulled": "2024-01-20T06:09:55.655314Z",
        "tag_last_pushed": "2023-03-01T02:39:36.141034Z",
        "media_type": "application/vnd.docker.container.image.v1+json",
        "content_type": "image",
        "digest": "sha256:e082a6b3915cbcc074434a0249ebfd733dbf547c2c9c5cb0d558ceb38a0ea6d7"
    },
    {
        "creator": 601605,
        "id": 454940655,
        "images": [
            {
                "architecture": "amd64",
                "features": "",
                "variant": null,
                "digest": "sha256:4386dc1d9d92298122d5f6971895128793dc30e1afebb72e5a0bc6e0446a9e7c",
                "os": "linux",
                "os_features": "",
                "os_version": null,
                "size": 134556454,
                "status": "active",
                "last_pulled": "2024-01-20T09:29:52.271214Z",
                "last_pushed": "2023-06-09T19:57:36.233045Z"
            },
            {
                "architecture": "arm64",
                "features": "",
                "variant": null,
                "digest": "sha256:b43f5b70fa1496fdda20f4e638c5744d536d597febc736f997891294f51172f9",
                "os": "linux",
                "os_features": "",
                "os_version": null,
                "size": 129930014,
                "status": "active",
                "last_pulled": "2024-01-20T09:40:23.353375Z",
                "last_pushed": "2023-06-09T19:57:11.178531Z"
            },
            {
                "architecture": "s390x",
                "features": "",
                "variant": null,
                "digest": "sha256:83884a1e32c9c5f1f0d0b39d0307b068a72b1c013c8cb1ed6b7bfdba97ba5536",
                "os": "linux",
                "os_features": "",
                "os_version": null,
                "size": 135549686,
                "status": "active",
                "last_pulled": "2024-01-20T06:59:20.371023Z",
                "last_pushed": "2023-06-09T20:07:48.205637Z"
            }
        ],
        "last_updated": "2023-06-09T20:09:33.826094Z",
        "last_updater": 601605,
        "last_updater_username": "rancheriodhci",
        "name": "v0.1.20",
        "repository": 9814192,
        "full_size": 134556454,
        "v2": true,
        "tag_status": "active",
        "tag_last_pulled": "2024-01-20T09:40:23.353375Z",
        "tag_last_pushed": "2023-06-09T20:09:33.826094Z",
        "media_type": "application/vnd.docker.distribution.manifest.list.v2+json",
        "content_type": "image",
        "digest": "sha256:bb5078e5052b34801b53894f93f590251341965e75d1d3b603bb8e68238946c4"
    },
    {
        "creator": 601605,
        "id": 454940570,
        "images": [
            {
                "architecture": "amd64",
                "features": "",
                "variant": null,
                "digest": "sha256:4386dc1d9d92298122d5f6971895128793dc30e1afebb72e5a0bc6e0446a9e7c",
                "os": "linux",
                "os_features": "",
                "os_version": null,
                "size": 134556454,
                "status": "active",
                "last_pulled": "2024-01-20T09:29:52.271214Z",
                "last_pushed": "2023-06-09T19:57:36.233045Z"
            }
        ],
        "last_updated": "2023-06-09T19:57:36.233045Z",
        "last_updater": 601605,
        "last_updater_username": "rancheriodhci",
        "name": "v0.1.20-amd64",
        "repository": 9814192,
        "full_size": 134556454,
        "v2": true,
        "tag_status": "active",
        "tag_last_pulled": "2024-01-20T09:29:52.271214Z",
        "tag_last_pushed": "2023-06-09T19:57:36.233045Z",
        "media_type": "application/vnd.docker.container.image.v1+json",
        "content_type": "image",
        "digest": "sha256:4386dc1d9d92298122d5f6971895128793dc30e1afebb72e5a0bc6e0446a9e7c"
    },
    {
        "creator": 601605,
        "id": 454940534,
        "images": [
            {
                "architecture": "arm64",
                "features": "",
                "variant": null,
                "digest": "sha256:b43f5b70fa1496fdda20f4e638c5744d536d597febc736f997891294f51172f9",
                "os": "linux",
                "os_features": "",
                "os_version": null,
                "size": 129930014,
                "status": "active",
                "last_pulled": "2024-01-20T09:40:23.353375Z",
                "last_pushed": "2023-06-09T19:57:11.178531Z"
            }
        ],
        "last_updated": "2023-06-09T19:57:11.178531Z",
        "last_updater": 601605,
        "last_updater_username": "rancheriodhci",
        "name": "v0.1.20-arm64",
        "repository": 9814192,
        "full_size": 129930014,
        "v2": true,
        "tag_status": "active",
        "tag_last_pulled": "2024-01-20T09:40:23.353375Z",
        "tag_last_pushed": "2023-06-09T19:57:11.178531Z",
        "media_type": "application/vnd.docker.container.image.v1+json",
        "content_type": "image",
        "digest": "sha256:b43f5b70fa1496fdda20f4e638c5744d536d597febc736f997891294f51172f9"
    },
    {
        "creator": 601605,
        "id": 436367691,
        "images": [
            {
                "architecture": "amd64",
                "features": "",
                "variant": null,
                "digest": "sha256:fb66f38f6426c9155cdd386e06e18eae96c97b3599bbfc36541e9b371eb09f8b",
                "os": "linux",
                "os_features": "",
                "os_version": null,
                "size": 119690181,
                "status": "active",
                "last_pulled": "2024-01-20T05:34:45.050696Z",
                "last_pushed": "2023-05-09T17:33:49.963536Z"
            },
            {
                "architecture": "arm64",
                "features": "",
                "variant": null,
                "digest": "sha256:d03e4137f7df6fb520f55b025e71191dc6f8b3cb80d215f68b540c429f818831",
                "os": "linux",
                "os_features": "",
                "os_version": null,
                "size": 115417572,
                "status": "active",
                "last_pulled": "2024-01-20T01:47:53.70666Z",
                "last_pushed": "2023-05-09T17:32:29.280381Z"
            },
            {
                "architecture": "s390x",
                "features": "",
                "variant": null,
                "digest": "sha256:3891fe7679d8152943d5bfa6033e879b6331763291c2b92925dc1ec5041a6cb6",
                "os": "linux",
                "os_features": "",
                "os_version": null,
                "size": 116309533,
                "status": "active",
                "last_pulled": "2024-01-20T00:31:15.174003Z",
                "last_pushed": "2023-05-09T17:31:01.33409Z"
            }
        ],
        "last_updated": "2023-05-09T17:33:56.579716Z",
        "last_updater": 601605,
        "last_updater_username": "rancheriodhci",
        "name": "v0.1.20-rc1",
        "repository": 9814192,
        "full_size": 119690181,
        "v2": true,
        "tag_status": "active",
        "tag_last_pulled": "2024-01-20T05:34:45.050696Z",
        "tag_last_pushed": "2023-05-09T17:33:56.579716Z",
        "media_type": "application/vnd.docker.distribution.manifest.list.v2+json",
        "content_type": "image",
        "digest": "sha256:ac1c14b5dfd3729f88c43ee963249734f79958954929b8a01f337c69bbab4120"
    },
    {
        "creator": 601605,
        "id": 436367635,
        "images": [
            {
                "architecture": "amd64",
                "features": "",
                "variant": null,
                "digest": "sha256:fb66f38f6426c9155cdd386e06e18eae96c97b3599bbfc36541e9b371eb09f8b",
                "os": "linux",
                "os_features": "",
                "os_version": null,
                "size": 119690181,
                "status": "active",
                "last_pulled": "2024-01-20T05:34:45.050696Z",
                "last_pushed": "2023-05-09T17:33:49.963536Z"
            }
        ],
        "last_updated": "2023-05-09T17:33:50.063482Z",
        "last_updater": 601605,
        "last_updater_username": "rancheriodhci",
        "name": "v0.1.20-rc1-amd64",
        "repository": 9814192,
        "full_size": 119690181,
        "v2": true,
        "tag_status": "active",
        "tag_last_pulled": "2024-01-20T05:34:45.050696Z",
        "tag_last_pushed": "2023-05-09T17:33:50.063482Z",
        "media_type": "application/vnd.docker.container.image.v1+json",
        "content_type": "image",
        "digest": "sha256:fb66f38f6426c9155cdd386e06e18eae96c97b3599bbfc36541e9b371eb09f8b"
    },
    {
        "creator": 601605,
        "id": 436366722,
        "images": [
            {
                "architecture": "arm64",
                "features": "",
                "variant": null,
                "digest": "sha256:d03e4137f7df6fb520f55b025e71191dc6f8b3cb80d215f68b540c429f818831",
                "os": "linux",
                "os_features": "",
                "os_version": null,
                "size": 115417572,
                "status": "active",
                "last_pulled": "2024-01-20T01:47:53.70666Z",
                "last_pushed": "2023-05-09T17:32:29.280381Z"
            }
        ],
        "last_updated": "2023-05-09T17:32:29.385126Z",
        "last_updater": 601605,
        "last_updater_username": "rancheriodhci",
        "name": "v0.1.20-rc1-arm64",
        "repository": 9814192,
        "full_size": 115417572,
        "v2": true,
        "tag_status": "active",
        "tag_last_pulled": "2024-01-20T01:47:53.70666Z",
        "tag_last_pushed": "2023-05-09T17:32:29.385126Z",
        "media_type": "application/vnd.docker.container.image.v1+json",
        "content_type": "image",
        "digest": "sha256:d03e4137f7df6fb520f55b025e71191dc6f8b3cb80d215f68b540c429f818831"
    },
    {
        "creator": 601605,
        "id": 436365694,
        "images": [
            {
                "architecture": "s390x",
                "features": "",
                "variant": null,
                "digest": "sha256:3891fe7679d8152943d5bfa6033e879b6331763291c2b92925dc1ec5041a6cb6",
                "os": "linux",
                "os_features": "",
                "os_version": null,
                "size": 116309533,
                "status": "active",
                "last_pulled": "2024-01-20T00:31:15.174003Z",
                "last_pushed": "2023-05-09T17:31:01.33409Z"
            }
        ],
        "last_updated": "2023-05-09T17:31:01.424221Z",
        "last_updater": 601605,
        "last_updater_username": "rancheriodhci",
        "name": "v0.1.20-rc1-s390x",
        "repository": 9814192,
        "full_size": 116309533,
        "v2": true,
        "tag_status": "active",
        "tag_last_pulled": "2024-01-20T00:31:15.174003Z",
        "tag_last_pushed": "2023-05-09T17:31:01.424221Z",
        "media_type": "application/vnd.docker.container.image.v1+json",
        "content_type": "image",
        "digest": "sha256:3891fe7679d8152943d5bfa6033e879b6331763291c2b92925dc1ec5041a6cb6"
    },
    {
        "creator": 601605,
        "id": 454939806,
        "images": [
            {
                "architecture": "s390x",
                "features": "",
                "variant": null,
                "digest": "sha256:83884a1e32c9c5f1f0d0b39d0307b068a72b1c013c8cb1ed6b7bfdba97ba5536",
                "os": "linux",
                "os_features": "",
                "os_version": null,
                "size": 135549686,
                "status": "active",
                "last_pulled": "2024-01-20T06:59:20.371023Z",
                "last_pushed": "2023-06-09T20:07:48.205637Z"
            }
        ],
        "last_updated": "2023-06-09T20:07:48.205637Z",
        "last_updater": 601605,
        "last_updater_username": "rancheriodhci",
        "name": "v0.1.20-s390x",
        "repository": 9814192,
        "full_size": 135549686,
        "v2": true,
        "tag_status": "active",
        "tag_last_pulled": "2024-01-20T06:59:20.371023Z",
        "tag_last_pushed": "2023-06-09T20:07:48.205637Z",
        "media_type": "application/vnd.docker.container.image.v1+json",
        "content_type": "image",
        "digest": "sha256:83884a1e32c9c5f1f0d0b39d0307b068a72b1c013c8cb1ed6b7bfdba97ba5536"
    }
]