[
    {
        "creator": 601605,
        "id": 424883312,
        "images": [
            {
                "architecture": "amd64",
                "features": "",
                "variant": null,
                "digest": "sha256:85cfebc79dccc7a0e56680778a614b29a0b1c2ae98d4b1efc746764c04d5656c",
                "os": "windows",
                "os_features": "",
                "os_version": "10.0.20348.587",
                "size": 118909801,
                "status": "active",
                "last_pulled": "2024-01-19T22:19:57.140559Z",
                "last_pushed": "2024-01-19T22:19:56.907845Z"
            },
            {
                "architecture": "amd64",
                "features": "",
                "variant": null,
                "digest": "sha256:54cd03c37f2e87826e4c7f1baf500ac6e70fa5fcebadd6254789c80f9268a2f0",
                "os": "windows",
                "os_features": "",
                "os_version": "10.0.19042.1586",
                "size": 106987509,
                "status": "active",
                "last_pulled": "2024-01-19T22:19:58.0649Z",
                "last_pushed": "2024-01-19T22:19:57.697649Z"
            },
            {
                "architecture": "amd64",
                "features": "",
                "variant": null,
                "digest": "sha256:778127f16f3d75c810f1928dc6bb474eb22b55ff6e0d703eaff251faa8ab5eec",
                "os": "windows",
                "os_features": "",
                "os_version": "10.0.17763.2686",
                "size": 104478858,
                "status": "active",
                "last_pulled": "2024-01-19T22:19:59.153994Z",
                "last_pushed": "2024-01-19T22:19:58.74664Z"
            },
            {
                "architecture": "amd64",
                "features": "",
                "variant": null,
                "digest": "sha256:f81611a21cf91214c1ea751c5b525931a0e2ebabe62b3937b6158039ff6f922d",
                "os": "linux",
                "os_features": "",
                "os_version": null,
                "size": 307023,
                "status": "active",
                "last_pulled": "2024-01-20T09:35:50.614971Z",
                "last_pushed": "2024-01-19T22:19:59.553278Z"
            },
            {
                "architecture": "arm64",
                "features": "",
                "variant": null,
                "digest": "sha256:daff8f62d8a9446b88b0806d7f2bece15c5182b4bd9a327597ecde60cf19efb1",
                "os": "linux",
                "os_features": "",
                "os_version": null,
                "size": 264145,
                "status": "active",
                "last_pulled": "2024-01-20T06:17:21.097637Z",
                "last_pushed": "2023-04-19T15:04:55.303811Z"
            },
            {
                "architecture": "arm",
                "features": "",
                "variant": "v7",
                "digest": "sha256:be47ea44f3699337ec9aced948758293f76336bba0900d383623d85c4a88e2d4",
                "os": "linux",
                "os_features": "",
                "os_version": null,
                "size": 204385,
                "status": "active",
                "last_pulled": "2024-01-20T06:17:20.970354Z",
                "last_pushed": "2023-04-19T15:04:58.070444Z"
            },
            {
                "architecture": "s390x",
                "features": "",
                "variant": null,
                "digest": "sha256:779c511730521a030b80471064b9a2b4f531575144574882148bf25716031a0f",
                "os": "linux",
                "os_features": "",
                "os_version": null,
                "size": 253186,
                "status": "active",
                "last_pulled": "2024-01-20T06:17:20.63463Z",
                "last_pushed": "2023-04-19T15:05:00.668325Z"
            }
        ],
        "last_updated": "2023-04-19T15:05:02.128296Z",
        "last_updater": 601605,
        "last_updater_username": "rancheriodhci",
        "name": "3.7",
        "repository": 11844321,
        "full_size": 118909801,
        "v2": true,
        "tag_status": "active",
        "tag_last_pulled": "2024-01-20T09:39:16.222011Z",
        "tag_last_pushed": "2023-04-19T15:05:02.128296Z",
        "media_type": "application/vnd.docker.distribution.manifest.list.v2+json",
        "content_type": "image",
        "digest": "sha256:fffa273bb7fc173c5cde1f414b2d2369b8b1ccb05dee92550f61a331f21fb32c"
    },
    {
        "creator": 601605,
        "id": 424883252,
        "images": [
            {
                "architecture": "arm",
                "features": "",
                "variant": "v7",
                "digest": "sha256:be47ea44f3699337ec9aced948758293f76336bba0900d383623d85c4a88e2d4",
                "os": "linux",
                "os_features": "",
                "os_version": null,
                "size": 204385,
                "status": "active",
                "last_pulled": "2024-01-20T06:17:20.970354Z",
                "last_pushed": "2023-04-19T15:04:58.070444Z"
            }
        ],
        "last_updated": "2023-04-19T15:04:58.213589Z",
        "last_updater": 601605,
        "last_updater_username": "rancheriodhci",
        "name": "3.7-arm",
        "repository": 11844321,
        "full_size": 204385,
        "v2": true,
        "tag_status": "active",
        "tag_last_pulled": "2024-01-20T06:17:20.970354Z",
        "tag_last_pushed": "2023-04-19T15:04:58.213589Z",
        "media_type": "application/vnd.docker.container.image.v1+json",
        "content_type": "image",
        "digest": "sha256:be47ea44f3699337ec9aced948758293f76336bba0900d383623d85c4a88e2d4"
    },
    {
        "creator": 601605,
        "id": 424883209,
        "images": [
            {
                "architecture": "arm64",
                "features": "",
                "variant": null,
                "digest": "sha256:daff8f62d8a9446b88b0806d7f2bece15c5182b4bd9a327597ecde60cf19efb1",
                "os": "linux",
                "os_features": "",
                "os_version": null,
                "size": 264145,
                "status": "active",
                "last_pulled": "2024-01-20T06:17:21.097637Z",
                "last_pushed": "2023-04-19T15:04:55.303811Z"
            }
        ],
        "last_updated": "2023-04-19T15:04:55.461958Z",
        "last_updater": 601605,
        "last_updater_username": "rancheriodhci",
        "name": "3.7-arm64",
        "repository": 11844321,
        "full_size": 264145,
        "v2": true,
        "tag_status": "active",
        "tag_last_pulled": "2024-01-20T06:17:21.097637Z",
        "tag_last_pushed": "2023-04-19T15:04:55.461958Z",
        "media_type": "application/vnd.docker.container.image.v1+json",
        "content_type": "image",
        "digest": "sha256:daff8f62d8a9446b88b0806d7f2bece15c5182b4bd9a327597ecde60cf19efb1"
    },
    {
        "creator": 601605,
        "id": 424883298,
        "images": [
            {
                "architecture": "s390x",
                "features": "",
                "variant": null,
                "digest": "sha256:779c511730521a030b80471064b9a2b4f531575144574882148bf25716031a0f",
                "os": "linux",
                "os_features": "",
                "os_version": null,
                "size": 253186,
                "status": "active",
                "last_pulled": "2024-01-20T06:17:20.63463Z",
                "last_pushed": "2023-04-19T15:05:00.668325Z"
            }
        ],
        "last_updated": "2023-04-19T15:05:00.836797Z",
        "last_updater": 601605,
        "last_updater_username": "rancheriodhci",
        "name": "3.7-s390x",
        "repository": 11844321,
        "full_size": 253186,
        "v2": true,
        "tag_status": "active",
        "tag_last_pulled": "2024-01-20T06:17:20.63463Z",
        "tag_last_pushed": "2023-04-19T15:05:00.836797Z",
        "media_type": "application/vnd.docker.container.image.v1+json",
        "content_type": "image",
        "digest": "sha256:779c511730521a030b80471064b9a2b4f531575144574882148bf25716031a0f"
    },
    {
        "creator": 601605,
        "id": 424883872,
        "images": [
            {
                "architecture": "arm",
                "features": "",
                "variant": "v7",
                "digest": "sha256:27295ffe5a75328e8230ff9bcabe2b54ebb9079ff70344d73a7b7c7e163ee1a6",
                "os": "linux",
                "os_features": "",
                "os_version": null,
                "size": 204387,
                "status": "active",
                "last_pulled": "2024-01-20T06:17:20.667029Z",
                "last_pushed": "2023-04-19T15:05:47.582349Z"
            }
        ],
        "last_updated": "2023-04-19T15:05:47.755955Z",
        "last_updater": 601605,
        "last_updater_username": "rancheriodhci",
        "name": "3.8-arm",
        "repository": 11844321,
        "full_size": 204387,
        "v2": true,
        "tag_status": "active",
        "tag_last_pulled": "2024-01-20T06:17:20.667029Z",
        "tag_last_pushed": "2023-04-19T15:05:47.755955Z",
        "media_type": "application/vnd.docker.container.image.v1+json",
        "content_type": "image",
        "digest": "sha256:27295ffe5a75328e8230ff9bcabe2b54ebb9079ff70344d73a7b7c7e163ee1a6"
    },
    {
        "creator": 601605,
        "id": 424883834,
        "images": [
            {
                "architecture": "arm64",
                "features": "",
                "variant": null,
                "digest": "sha256:566af08540f378a70a03588f3963b035f33c49ebab3e4e13a4f5edbcd78c6689",
                "os": "linux",
                "os_features": "",
                "os_version": null,
                "size": 264143,
                "status": "active",
                "last_pulled": "2024-01-20T06:17:21.078991Z",
                "last_pushed": "2023-04-19T15:05:45.123496Z"
            }
        ],
        "last_updated": "2023-04-19T15:05:45.22943Z",
        "last_updater": 601605,
        "last_updater_username": "rancheriodhci",
        "name": "3.8-arm64",
        "repository": 11844321,
        "full_size": 264143,
        "v2": true,
        "tag_status": "active",
        "tag_last_pulled": "2024-01-20T06:17:21.078991Z",
        "tag_last_pushed": "2023-04-19T15:05:45.22943Z",
        "media_type": "application/vnd.docker.container.image.v1+json",
        "content_type": "image",
        "digest": "sha256:566af08540f378a70a03588f3963b035f33c49ebab3e4e13a4f5edbcd78c6689"
    },
    {
        "creator": 601605,
        "id": 424883907,
        "images": [
            {
                "architecture": "s390x",
                "features": "",
                "variant": null,
                "digest": "sha256:7eaeb31509d7f370599ef78d55956e170eafb7f4a75b8dc14b5c06071d13aae0",
                "os": "linux",
                "os_features": "",
                "os_version": null,
                "size": 253186,
                "status": "active",
                "last_pulled": "2024-01-20T06:17:21.490312Z",
                "last_pushed": "2023-06-26T18:18:29.341145Z"
            }
        ],
        "last_updated": "2023-06-26T18:18:29.341145Z",
        "last_updater": 601605,
        "last_updater_username": "rancheriodhci",
        "name": "3.8-s390x",
        "repository": 11844321,
        "full_size": 253186,
        "v2": true,
        "tag_status": "active",
        "tag_last_pulled": "2024-01-20T06:17:21.490312Z",
        "tag_last_pushed": "2023-06-26T18:18:29.341145Z",
        "media_type": "application/vnd.docker.container.image.v1+json",
        "content_type": "image",
        "digest": "sha256:7eaeb31509d7f370599ef78d55956e170eafb7f4a75b8dc14b5c06071d13aae0"
    },
    {
        "creator": 601605,
        "id": 431601191,
        "images": [
            {
                "architecture": "arm",
                "features": "",
                "variant": "v7",
                "digest": "sha256:cad97be0e860c5499b2970d7dd163c43cd08150b8551d3b7cbfa5f760ca69757",
                "os": "linux",
                "os_features": "",
                "os_version": null,
                "size": 204386,
                "status": "active",
                "last_pulled": "2024-01-20T06:17:21.464293Z",
                "last_pushed": "2023-05-02T15:13:56.013941Z"
            }
        ],
        "last_updated": "2023-05-02T15:13:56.156301Z",
        "last_updater": 601605,
        "last_updater_username": "rancheriodhci",
        "name": "3.9-arm",
        "repository": 11844321,
        "full_size": 204386,
        "v2": true,
        "tag_status": "active",
        "tag_last_pulled": "2024-01-20T06:17:21.464293Z",
        "tag_last_pushed": "2023-05-02T15:13:56.156301Z",
        "media_type": "application/vnd.docker.container.image.v1+json",
        "content_type": "image",
        "digest": "sha256:cad97be0e860c5499b2970d7dd163c43cd08150b8551d3b7cbfa5f760ca69757"
    },
    {
        "creator": 601605,
        "id": 431601165,
        "images": [
            {
                "architecture": "arm64",
                "features": "",
                "variant": null,
                "digest": "sha256:3ec98b8452dc8ae265a6917dfb81587ac78849e520d5dbba6de524851d20eca6",
                "os": "linux",
                "os_features": "",
                "os_version": null,
                "size": 264147,
                "status": "active",
                "last_pulled": "2024-01-20T06:17:21.452486Z",
                "last_pushed": "2023-05-02T15:13:53.666177Z"
            }
        ],
        "last_updated": "2023-05-02T15:13:53.792797Z",
        "last_updater": 601605,
        "last_updater_username": "rancheriodhci",
        "name": "3.9-arm64",
        "repository": 11844321,
        "full_size": 264147,
        "v2": true,
        "tag_status": "active",
        "tag_last_pulled": "2024-01-20T06:17:21.452486Z",
        "tag_last_pushed": "2023-05-02T15:13:53.792797Z",
        "media_type": "application/vnd.docker.container.image.v1+json",
        "content_type": "image",
        "digest": "sha256:3ec98b8452dc8ae265a6917dfb81587ac78849e520d5dbba6de524851d20eca6"
    },
    {
        "creator": 601605,
        "id": 431601217,
        "images": [
            {
                "architecture": "s390x",
                "features": "",
                "variant": null,
                "digest": "sha256:313c244fbd9e5c29d41089a388c5768112a74cb02ce3328f2424b43981bd7602",
                "os": "linux",
                "os_features": "",
                "os_version": null,
                "size": 253186,
                "status": "active",
                "last_pulled": "2024-01-20T06:17:20.706906Z",
                "last_pushed": "2023-05-02T15:13:58.422587Z"
            }
        ],
        "last_updated": "2023-05-02T15:13:58.569213Z",
        "last_updater": 601605,
        "last_updater_username": "rancheriodhci",
        "name": "3.9-s390x",
        "repository": 11844321,
        "full_size": 253186,
        "v2": true,
        "tag_status": "active",
        "tag_last_pulled": "2024-01-20T06:17:20.706906Z",
        "tag_last_pushed": "2023-05-02T15:13:58.569213Z",
        "media_type": "application/vnd.docker.container.image.v1+json",
        "content_type": "image",
        "digest": "sha256:313c244fbd9e5c29d41089a388c5768112a74cb02ce3328f2424b43981bd7602"
    }
]