[
    {
        "creator": 601605,
        "id": 430957794,
        "images": [
            {
                "architecture": "amd64",
                "features": "",
                "variant": null,
                "digest": "sha256:afb7ab68e52d4bf4d401179f62749701704ae8eed987116d65150325db81fabb",
                "os": "linux",
                "os_features": "",
                "os_version": null,
                "size": 90126637,
                "status": "active",
                "last_pulled": "2024-01-20T09:06:03.930964Z",
                "last_pushed": "2023-05-01T15:52:28.564746Z"
            },
            {
                "architecture": "arm64",
                "features": "",
                "variant": null,
                "digest": "sha256:86ce3582a2e1f0810cc04a4c0391b49e5355b1ab410869f99790517af652192b",
                "os": "linux",
                "os_features": "",
                "os_version": null,
                "size": 83129260,
                "status": "active",
                "last_pulled": "2024-01-20T08:53:08.769771Z",
                "last_pushed": "2023-05-01T15:52:23.035457Z"
            }
        ],
        "last_updated": "2023-05-01T15:52:34.676344Z",
        "last_updater": 601605,
        "last_updater_username": "rancheriodhci",
        "name": "v3.25.0-rancher1",
        "repository": 3817596,
        "full_size": 90126637,
        "v2": true,
        "tag_status": "active",
        "tag_last_pulled": "2024-01-20T09:17:59.146332Z",
        "tag_last_pushed": "2023-05-01T15:52:34.676344Z",
        "media_type": "application/vnd.docker.distribution.manifest.list.v2+json",
        "content_type": "image",
        "digest": "sha256:2e3d55797c62cdee535a9b0611ef82d5e7418059a1d60dfec2ec3e2121c5e308"
    },
    {
        "creator": 601605,
        "id": 430957755,
        "images": [
            {
                "architecture": "amd64",
                "features": "",
                "variant": null,
                "digest": "sha256:afb7ab68e52d4bf4d401179f62749701704ae8eed987116d65150325db81fabb",
                "os": "linux",
                "os_features": "",
                "os_version": null,
                "size": 90126637,
                "status": "active",
                "last_pulled": "2024-01-20T09:06:03.930964Z",
                "last_pushed": "2023-05-01T15:52:28.564746Z"
            }
        ],
        "last_updated": "2023-05-01T15:52:28.648038Z",
        "last_updater": 601605,
        "last_updater_username": "rancheriodhci",
        "name": "v3.25.0-rancher1-linux-amd64",
        "repository": 3817596,
        "full_size": 90126637,
        "v2": true,
        "tag_status": "active",
        "tag_last_pulled": "2024-01-20T09:06:03.930964Z",
        "tag_last_pushed": "2023-05-01T15:52:28.648038Z",
        "media_type": "application/vnd.docker.container.image.v1+json",
        "content_type": "image",
        "digest": "sha256:afb7ab68e52d4bf4d401179f62749701704ae8eed987116d65150325db81fabb"
    },
    {
        "creator": 601605,
        "id": 430957718,
        "images": [
            {
                "architecture": "arm64",
                "features": "",
                "variant": null,
                "digest": "sha256:86ce3582a2e1f0810cc04a4c0391b49e5355b1ab410869f99790517af652192b",
                "os": "linux",
                "os_features": "",
                "os_version": null,
                "size": 83129260,
                "status": "active",
                "last_pulled": "2024-01-20T08:53:08.769771Z",
                "last_pushed": "2023-05-01T15:52:23.035457Z"
            }
        ],
        "last_updated": "2023-05-01T15:52:23.144216Z",
        "last_updater": 601605,
        "last_updater_username": "rancheriodhci",
        "name": "v3.25.0-rancher1-linux-arm64",
        "repository": 3817596,
        "full_size": 83129260,
        "v2": true,
        "tag_status": "active",
        "tag_last_pulled": "2024-01-20T08:53:08.769771Z",
        "tag_last_pushed": "2023-05-01T15:52:23.144216Z",
        "media_type": "application/vnd.docker.container.image.v1+json",
        "content_type": "image",
        "digest": "sha256:86ce3582a2e1f0810cc04a4c0391b49e5355b1ab410869f99790517af652192b"
    }
]