[
    {
        "creator": 11292096,
        "id": 369381169,
        "images": [
            {
                "architecture": "amd64",
                "features": "",
                "variant": null,
                "digest": "sha256:c1306ec30cecd59bea274c9614e9a2e86436c476b831be550f7b05e05b184ff2",
                "os": "linux",
                "os_features": "",
                "os_version": null,
                "size": 90364727,
                "status": "active",
                "last_pulled": "2024-01-20T09:50:29.602688Z",
                "last_pushed": "2023-01-17T20:55:18.172408Z"
            }
        ],
        "last_updated": "2023-01-17T20:55:18.27026Z",
        "last_updater": 11292096,
        "last_updater_username": "ks3serviceaccount",
        "name": "v0.7.5-build20230117-amd64",
        "repository": 6645415,
        "full_size": 90364727,
        "v2": true,
        "tag_status": "active",
        "tag_last_pulled": "2024-01-20T09:50:29.602688Z",
        "tag_last_pushed": "2023-01-17T20:55:18.27026Z",
        "media_type": "application/vnd.docker.container.image.v1+json",
        "content_type": "image",
        "digest": "sha256:c1306ec30cecd59bea274c9614e9a2e86436c476b831be550f7b05e05b184ff2"
    },
    {
        "creator": 11292096,
        "id": 369338577,
        "images": [
            {
                "architecture": "arm64",
                "features": "",
                "variant": "v8",
                "digest": "sha256:8b043e8c3fcc9a8d1e94ea23deb9528996c5e5e40151a24731bda0b9555455f1",
                "os": "linux",
                "os_features": "",
                "os_version": null,
                "size": 83387967,
                "status": "active",
                "last_pulled": "2024-01-20T09:50:29.967871Z",
                "last_pushed": "2023-01-17T19:29:11.183511Z"
            }
        ],
        "last_updated": "2023-01-17T19:29:11.276058Z",
        "last_updater": 11292096,
        "last_updater_username": "ks3serviceaccount",
        "name": "v0.7.5-build20230117-arm64",
        "repository": 6645415,
        "full_size": 83387967,
        "v2": true,
        "tag_status": "active",
        "tag_last_pulled": "2024-01-20T09:50:29.967871Z",
        "tag_last_pushed": "2023-01-17T19:29:11.276058Z",
        "media_type": "application/vnd.docker.container.image.v1+json",
        "content_type": "image",
        "digest": "sha256:8b043e8c3fcc9a8d1e94ea23deb9528996c5e5e40151a24731bda0b9555455f1"
    },
    {
        "creator": 11292096,
        "id": 369337930,
        "images": [
            {
                "architecture": "s390x",
                "features": "",
                "variant": null,
                "digest": "sha256:5c8a14b4d4fffdef743ac598f553e100a2fc334e9fd4dd21eebd6ff2f33ba45d",
                "os": "linux",
                "os_features": "",
                "os_version": null,
                "size": 87922024,
                "status": "active",
                "last_pulled": "2024-01-20T09:50:30.307059Z",
                "last_pushed": "2023-01-17T19:27:55.931447Z"
            }
        ],
        "last_updated": "2023-01-17T19:27:56.094791Z",
        "last_updater": 11292096,
        "last_updater_username": "ks3serviceaccount",
        "name": "v0.7.5-build20230117-s390x",
        "repository": 6645415,
        "full_size": 87922024,
        "v2": true,
        "tag_status": "active",
        "tag_last_pulled": "2024-01-20T09:50:30.307059Z",
        "tag_last_pushed": "2023-01-17T19:27:56.094791Z",
        "media_type": "application/vnd.docker.container.image.v1+json",
        "content_type": "image",
        "digest": "sha256:5c8a14b4d4fffdef743ac598f553e100a2fc334e9fd4dd21eebd6ff2f33ba45d"
    },
    {
        "creator": 11292096,
        "id": 370075127,
        "images": [
            {
                "architecture": "amd64",
                "features": "",
                "variant": null,
                "digest": "sha256:8a027054a5d93a6e8f096ce4278fe83690307624ecc131e0795ba68e65e53ecf",
                "os": "linux",
                "os_features": "",
                "os_version": null,
                "size": 90364739,
                "status": "active",
                "last_pulled": "2024-01-20T09:50:27.9282Z",
                "last_pushed": "2023-01-18T19:43:33.775033Z"
            },
            {
                "architecture": "arm64",
                "features": "",
                "variant": "v8",
                "digest": "sha256:b93db8e0d86ddcf77fadb36d835a325a32073b4262246150fe901cfd302e7ba8",
                "os": "linux",
                "os_features": "",
                "os_version": null,
                "size": 83389710,
                "status": "active",
                "last_pulled": "2024-01-20T09:50:28.674175Z",
                "last_pushed": "2023-01-18T19:06:44.184167Z"
            },
            {
                "architecture": "arm",
                "features": "",
                "variant": null,
                "digest": "sha256:63cf8401621e96766db4350e6f901a5699a299b287c16b078f90773ce9e1d495",
                "os": "linux",
                "os_features": "",
                "os_version": null,
                "size": 85260245,
                "status": "active",
                "last_pulled": "2024-01-20T09:50:28.296742Z",
                "last_pushed": "2023-01-18T19:07:58.116695Z"
            },
            {
                "architecture": "s390x",
                "features": "",
                "variant": null,
                "digest": "sha256:04312c5dbf023f09be6acb3c8aaca3641bec8cf1dab39fec250de4f1a0ff7c0d",
                "os": "linux",
                "os_features": "",
                "os_version": null,
                "size": 87922024,
                "status": "active",
                "last_pulled": "2024-01-20T09:50:29.078477Z",
                "last_pushed": "2023-01-18T19:05:59.661968Z"
            }
        ],
        "last_updated": "2023-01-18T19:43:42.206111Z",
        "last_updater": 11292096,
        "last_updater_username": "ks3serviceaccount",
        "name": "v0.7.5-build20230118",
        "repository": 6645415,
        "full_size": 90364739,
        "v2": true,
        "tag_status": "active",
        "tag_last_pulled": "2024-01-20T09:50:29.078477Z",
        "tag_last_pushed": "2023-01-18T19:43:42.206111Z",
        "media_type": "application/vnd.docker.distribution.manifest.list.v2+json",
        "content_type": "image",
        "digest": "sha256:84da6c4216b42454628babcadf2e06d4aabaa45a5a7c673293bc6d35fb7d40e0"
    },
    {
        "creator": 11292096,
        "id": 370075075,
        "images": [
            {
                "architecture": "amd64",
                "features": "",
                "variant": null,
                "digest": "sha256:8a027054a5d93a6e8f096ce4278fe83690307624ecc131e0795ba68e65e53ecf",
                "os": "linux",
                "os_features": "",
                "os_version": null,
                "size": 90364739,
                "status": "active",
                "last_pulled": "2024-01-20T09:50:27.9282Z",
                "last_pushed": "2023-01-18T19:43:33.775033Z"
            }
        ],
        "last_updated": "2023-01-18T19:43:33.865607Z",
        "last_updater": 11292096,
        "last_updater_username": "ks3serviceaccount",
        "name": "v0.7.5-build20230118-amd64",
        "repository": 6645415,
        "full_size": 90364739,
        "v2": true,
        "tag_status": "active",
        "tag_last_pulled": "2024-01-20T09:50:27.9282Z",
        "tag_last_pushed": "2023-01-18T19:43:33.865607Z",
        "media_type": "application/vnd.docker.container.image.v1+json",
        "content_type": "image",
        "digest": "sha256:8a027054a5d93a6e8f096ce4278fe83690307624ecc131e0795ba68e65e53ecf"
    },
    {
        "creator": 11292096,
        "id": 370057577,
        "images": [
            {
                "architecture": "arm",
                "features": "",
                "variant": null,
                "digest": "sha256:63cf8401621e96766db4350e6f901a5699a299b287c16b078f90773ce9e1d495",
                "os": "linux",
                "os_features": "",
                "os_version": null,
                "size": 85260245,
                "status": "active",
                "last_pulled": "2024-01-20T09:50:28.296742Z",
                "last_pushed": "2023-01-18T19:07:58.116695Z"
            }
        ],
        "last_updated": "2023-01-18T19:07:58.21568Z",
        "last_updater": 11292096,
        "last_updater_username": "ks3serviceaccount",
        "name": "v0.7.5-build20230118-arm",
        "repository": 6645415,
        "full_size": 85260245,
        "v2": true,
        "tag_status": "active",
        "tag_last_pulled": "2024-01-20T09:50:28.296742Z",
        "tag_last_pushed": "2023-01-18T19:07:58.21568Z",
        "media_type": "application/vnd.docker.container.image.v1+json",
        "content_type": "image",
        "digest": "sha256:63cf8401621e96766db4350e6f901a5699a299b287c16b078f90773ce9e1d495"
    },
    {
        "creator": 11292096,
        "id": 370056964,
        "images": [
            {
                "architecture": "arm64",
                "features": "",
                "variant": "v8",
                "digest": "sha256:b93db8e0d86ddcf77fadb36d835a325a32073b4262246150fe901cfd302e7ba8",
                "os": "linux",
                "os_features": "",
                "os_version": null,
                "size": 83389710,
                "status": "active",
                "last_pulled": "2024-01-20T09:50:28.674175Z",
                "last_pushed": "2023-01-18T19:06:44.184167Z"
            }
        ],
        "last_updated": "2023-01-18T19:06:44.291557Z",
        "last_updater": 11292096,
        "last_updater_username": "ks3serviceaccount",
        "name": "v0.7.5-build20230118-arm64",
        "repository": 6645415,
        "full_size": 83389710,
        "v2": true,
        "tag_status": "active",
        "tag_last_pulled": "2024-01-20T09:50:28.674175Z",
        "tag_last_pushed": "2023-01-18T19:06:44.291557Z",
        "media_type": "application/vnd.docker.container.image.v1+json",
        "content_type": "image",
        "digest": "sha256:b93db8e0d86ddcf77fadb36d835a325a32073b4262246150fe901cfd302e7ba8"
    },
    {
        "creator": 11292096,
        "id": 370056572,
        "images": [
            {
                "architecture": "s390x",
                "features": "",
                "variant": null,
                "digest": "sha256:04312c5dbf023f09be6acb3c8aaca3641bec8cf1dab39fec250de4f1a0ff7c0d",
                "os": "linux",
                "os_features": "",
                "os_version": null,
                "size": 87922024,
                "status": "active",
                "last_pulled": "2024-01-20T09:50:29.078477Z",
                "last_pushed": "2023-01-18T19:05:59.661968Z"
            }
        ],
        "last_updated": "2023-01-18T19:05:59.762288Z",
        "last_updater": 11292096,
        "last_updater_username": "ks3serviceaccount",
        "name": "v0.7.5-build20230118-s390x",
        "repository": 6645415,
        "full_size": 87922024,
        "v2": true,
        "tag_status": "active",
        "tag_last_pulled": "2024-01-20T09:50:29.078477Z",
        "tag_last_pushed": "2023-01-18T19:05:59.762288Z",
        "media_type": "application/vnd.docker.container.image.v1+json",
        "content_type": "image",
        "digest": "sha256:04312c5dbf023f09be6acb3c8aaca3641bec8cf1dab39fec250de4f1a0ff7c0d"
    },
    {
        "creator": 11292096,
        "id": 393217071,
        "images": [
            {
                "architecture": "amd64",
                "features": "",
                "variant": null,
                "digest": "sha256:e9cc2909731fb6195c645718a228968602f96dbdda4c368ca6137183c1bc22ad",
                "os": "linux",
                "os_features": "",
                "os_version": null,
                "size": 90701402,
                "status": "active",
                "last_pulled": "2024-01-20T09:15:23.374022Z",
                "last_pushed": "2023-02-23T23:01:06.717404Z"
            },
            {
                "architecture": "arm64",
                "features": "",
                "variant": "v8",
                "digest": "sha256:8f29eb180db5ebeb804c393eb1a697371caf69f7cd149e75c39570dabe7784d6",
                "os": "linux",
                "os_features": "",
                "os_version": null,
                "size": 83723330,
                "status": "active",
                "last_pulled": "2024-01-20T09:50:26.378233Z",
                "last_pushed": "2023-02-23T23:01:16.891242Z"
            },
            {
                "architecture": "arm",
                "features": "",
                "variant": null,
                "digest": "sha256:aaee2464ec1f45804fa18a40bdf8f2558c5ba499b7d1b2cd39ae4ca48f547797",
                "os": "linux",
                "os_features": "",
                "os_version": null,
                "size": 85583024,
                "status": "active",
                "last_pulled": "2024-01-20T09:50:26.033782Z",
                "last_pushed": "2023-02-23T23:02:32.422407Z"
            },
            {
                "architecture": "s390x",
                "features": "",
                "variant": null,
                "digest": "sha256:656da8bd9e087324a03839d79397d947e432c964de431e7870c8619ca5f99e49",
                "os": "linux",
                "os_features": "",
                "os_version": null,
                "size": 88262495,
                "status": "active",
                "last_pulled": "2024-01-20T09:50:27.054312Z",
                "last_pushed": "2023-02-23T23:00:19.079118Z"
            }
        ],
        "last_updated": "2023-02-23T23:02:39.20456Z",
        "last_updater": 11292096,
        "last_updater_username": "ks3serviceaccount",
        "name": "v0.7.6-build20230223",
        "repository": 6645415,
        "full_size": 90701402,
        "v2": true,
        "tag_status": "active",
        "tag_last_pulled": "2024-01-20T09:50:27.054312Z",
        "tag_last_pushed": "2023-02-23T23:02:39.20456Z",
        "media_type": "application/vnd.docker.distribution.manifest.list.v2+json",
        "content_type": "image",
        "digest": "sha256:556fd6cea3e2a648b1716a49836571533f574deee438242bc501560f566fe43f"
    },
    {
        "creator": 11292096,
        "id": 393216430,
        "images": [
            {
                "architecture": "amd64",
                "features": "",
                "variant": null,
                "digest": "sha256:e9cc2909731fb6195c645718a228968602f96dbdda4c368ca6137183c1bc22ad",
                "os": "linux",
                "os_features": "",
                "os_version": null,
                "size": 90701402,
                "status": "active",
                "last_pulled": "2024-01-20T09:15:23.374022Z",
                "last_pushed": "2023-02-23T23:01:06.717404Z"
            }
        ],
        "last_updated": "2023-02-23T23:01:06.800411Z",
        "last_updater": 11292096,
        "last_updater_username": "ks3serviceaccount",
        "name": "v0.7.6-build20230223-amd64",
        "repository": 6645415,
        "full_size": 90701402,
        "v2": true,
        "tag_status": "active",
        "tag_last_pulled": "2024-01-20T09:15:23.374022Z",
        "tag_last_pushed": "2023-02-23T23:01:06.800411Z",
        "media_type": "application/vnd.docker.container.image.v1+json",
        "content_type": "image",
        "digest": "sha256:e9cc2909731fb6195c645718a228968602f96dbdda4c368ca6137183c1bc22ad"
    },
    {
        "creator": 11292096,
        "id": 393217029,
        "images": [
            {
                "architecture": "arm",
                "features": "",
                "variant": null,
                "digest": "sha256:aaee2464ec1f45804fa18a40bdf8f2558c5ba499b7d1b2cd39ae4ca48f547797",
                "os": "linux",
                "os_features": "",
                "os_version": null,
                "size": 85583024,
                "status": "active",
                "last_pulled": "2024-01-20T09:50:26.033782Z",
                "last_pushed": "2023-02-23T23:02:32.422407Z"
            }
        ],
        "last_updated": "2023-02-23T23:02:32.516481Z",
        "last_updater": 11292096,
        "last_updater_username": "ks3serviceaccount",
        "name": "v0.7.6-build20230223-arm",
        "repository": 6645415,
        "full_size": 85583024,
        "v2": true,
        "tag_status": "active",
        "tag_last_pulled": "2024-01-20T09:50:26.033782Z",
        "tag_last_pushed": "2023-02-23T23:02:32.516481Z",
        "media_type": "application/vnd.docker.container.image.v1+json",
        "content_type": "image",
        "digest": "sha256:aaee2464ec1f45804fa18a40bdf8f2558c5ba499b7d1b2cd39ae4ca48f547797"
    },
    {
        "creator": 11292096,
        "id": 393216494,
        "images": [
            {
                "architecture": "arm64",
                "features": "",
                "variant": "v8",
                "digest": "sha256:8f29eb180db5ebeb804c393eb1a697371caf69f7cd149e75c39570dabe7784d6",
                "os": "linux",
                "os_features": "",
                "os_version": null,
                "size": 83723330,
                "status": "active",
                "last_pulled": "2024-01-20T09:50:26.378233Z",
                "last_pushed": "2023-02-23T23:01:16.891242Z"
            }
        ],
        "last_updated": "2023-02-23T23:01:16.994799Z",
        "last_updater": 11292096,
        "last_updater_username": "ks3serviceaccount",
        "name": "v0.7.6-build20230223-arm64",
        "repository": 6645415,
        "full_size": 83723330,
        "v2": true,
        "tag_status": "active",
        "tag_last_pulled": "2024-01-20T09:50:26.378233Z",
        "tag_last_pushed": "2023-02-23T23:01:16.994799Z",
        "media_type": "application/vnd.docker.container.image.v1+json",
        "content_type": "image",
        "digest": "sha256:8f29eb180db5ebeb804c393eb1a697371caf69f7cd149e75c39570dabe7784d6"
    },
    {
        "creator": 11292096,
        "id": 393215913,
        "images": [
            {
                "architecture": "s390x",
                "features": "",
                "variant": null,
                "digest": "sha256:656da8bd9e087324a03839d79397d947e432c964de431e7870c8619ca5f99e49",
                "os": "linux",
                "os_features": "",
                "os_version": null,
                "size": 88262495,
                "status": "active",
                "last_pulled": "2024-01-20T09:50:27.054312Z",
                "last_pushed": "2023-02-23T23:00:19.079118Z"
            }
        ],
        "last_updated": "2023-02-23T23:00:19.203515Z",
        "last_updater": 11292096,
        "last_updater_username": "ks3serviceaccount",
        "name": "v0.7.6-build20230223-s390x",
        "repository": 6645415,
        "full_size": 88262495,
        "v2": true,
        "tag_status": "active",
        "tag_last_pulled": "2024-01-20T09:50:27.054312Z",
        "tag_last_pushed": "2023-02-23T23:00:19.203515Z",
        "media_type": "application/vnd.docker.container.image.v1+json",
        "content_type": "image",
        "digest": "sha256:656da8bd9e087324a03839d79397d947e432c964de431e7870c8619ca5f99e49"
    },
    {
        "creator": 11292096,
        "id": 415802708,
        "images": [
            {
                "architecture": "amd64",
                "features": "",
                "variant": null,
                "digest": "sha256:d9d3bcbf791943b1f617203cfb81c4463d997c46d9507c1357a73e219c7ce51c",
                "os": "linux",
                "os_features": "",
                "os_version": null,
                "size": 91445819,
                "status": "active",
                "last_pulled": "2024-01-20T09:07:45.567276Z",
                "last_pushed": "2023-04-03T21:41:01.72324Z"
            },
            {
                "architecture": "arm64",
                "features": "",
                "variant": "v8",
                "digest": "sha256:778a5e38cb3d06f576bfb836e05046842260929a4e5bc65930d37c2d49c5ba17",
                "os": "linux",
                "os_features": "",
                "os_version": null,
                "size": 84395784,
                "status": "active",
                "last_pulled": "2024-01-20T09:33:04.367821Z",
                "last_pushed": "2023-04-03T19:23:56.671297Z"
            },
            {
                "architecture": "arm",
                "features": "",
                "variant": null,
                "digest": "sha256:92ebb99694572ff3e3a0d6cb1c0a0adbd6455a423654e0c4e2ac5466b0da33d9",
                "os": "linux",
                "os_features": "",
                "os_version": null,
                "size": 86265300,
                "status": "active",
                "last_pulled": "2024-01-20T09:50:24.529743Z",
                "last_pushed": "2023-04-03T19:26:41.642597Z"
            },
            {
                "architecture": "s390x",
                "features": "",
                "variant": null,
                "digest": "sha256:98c06476493c3bea9541a6b236f74bced4d81aa90133c217632ce7d714b25f64",
                "os": "linux",
                "os_features": "",
                "os_version": null,
                "size": 89009919,
                "status": "active",
                "last_pulled": "2024-01-20T09:50:24.884204Z",
                "last_pushed": "2023-04-03T19:24:03.132552Z"
            }
        ],
        "last_updated": "2023-04-03T21:41:10.938775Z",
        "last_updater": 11292096,
        "last_updater_username": "ks3serviceaccount",
        "name": "v0.7.7-build20230403",
        "repository": 6645415,
        "full_size": 91445819,
        "v2": true,
        "tag_status": "active",
        "tag_last_pulled": "2024-01-20T09:50:24.884204Z",
        "tag_last_pushed": "2023-04-03T21:41:10.938775Z",
        "media_type": "application/vnd.docker.distribution.manifest.list.v2+json",
        "content_type": "image",
        "digest": "sha256:3cd71ccc3cce5010865d9ab3548788a3a8cf5e9cfc5b48cc54b5b815675dd121"
    },
    {
        "creator": 11292096,
        "id": 415802615,
        "images": [
            {
                "architecture": "amd64",
                "features": "",
                "variant": null,
                "digest": "sha256:d9d3bcbf791943b1f617203cfb81c4463d997c46d9507c1357a73e219c7ce51c",
                "os": "linux",
                "os_features": "",
                "os_version": null,
                "size": 91445819,
                "status": "active",
                "last_pulled": "2024-01-20T09:07:45.567276Z",
                "last_pushed": "2023-04-03T21:41:01.72324Z"
            }
        ],
        "last_updated": "2023-04-03T21:41:01.840017Z",
        "last_updater": 11292096,
        "last_updater_username": "ks3serviceaccount",
        "name": "v0.7.7-build20230403-amd64",
        "repository": 6645415,
        "full_size": 91445819,
        "v2": true,
        "tag_status": "active",
        "tag_last_pulled": "2024-01-20T09:07:45.567276Z",
        "tag_last_pushed": "2023-04-03T21:41:01.840017Z",
        "media_type": "application/vnd.docker.container.image.v1+json",
        "content_type": "image",
        "digest": "sha256:d9d3bcbf791943b1f617203cfb81c4463d997c46d9507c1357a73e219c7ce51c"
    },
    {
        "creator": 11292096,
        "id": 415729225,
        "images": [
            {
                "architecture": "arm",
                "features": "",
                "variant": null,
                "digest": "sha256:92ebb99694572ff3e3a0d6cb1c0a0adbd6455a423654e0c4e2ac5466b0da33d9",
                "os": "linux",
                "os_features": "",
                "os_version": null,
                "size": 86265300,
                "status": "active",
                "last_pulled": "2024-01-20T09:50:24.529743Z",
                "last_pushed": "2023-04-03T19:26:41.642597Z"
            }
        ],
        "last_updated": "2023-04-03T19:26:41.751149Z",
        "last_updater": 11292096,
        "last_updater_username": "ks3serviceaccount",
        "name": "v0.7.7-build20230403-arm",
        "repository": 6645415,
        "full_size": 86265300,
        "v2": true,
        "tag_status": "active",
        "tag_last_pulled": "2024-01-20T09:50:24.529743Z",
        "tag_last_pushed": "2023-04-03T19:26:41.751149Z",
        "media_type": "application/vnd.docker.container.image.v1+json",
        "content_type": "image",
        "digest": "sha256:92ebb99694572ff3e3a0d6cb1c0a0adbd6455a423654e0c4e2ac5466b0da33d9"
    },
    {
        "creator": 11292096,
        "id": 415727946,
        "images": [
            {
                "architecture": "arm64",
                "features": "",
                "variant": "v8",
                "digest": "sha256:778a5e38cb3d06f576bfb836e05046842260929a4e5bc65930d37c2d49c5ba17",
                "os": "linux",
                "os_features": "",
                "os_version": null,
                "size": 84395784,
                "status": "active",
                "last_pulled": "2024-01-20T09:33:04.367821Z",
                "last_pushed": "2023-04-03T19:23:56.671297Z"
            }
        ],
        "last_updated": "2023-04-03T19:23:56.762225Z",
        "last_updater": 11292096,
        "last_updater_username": "ks3serviceaccount",
        "name": "v0.7.7-build20230403-arm64",
        "repository": 6645415,
        "full_size": 84395784,
        "v2": true,
        "tag_status": "active",
        "tag_last_pulled": "2024-01-20T09:33:04.367821Z",
        "tag_last_pushed": "2023-04-03T19:23:56.762225Z",
        "media_type": "application/vnd.docker.container.image.v1+json",
        "content_type": "image",
        "digest": "sha256:778a5e38cb3d06f576bfb836e05046842260929a4e5bc65930d37c2d49c5ba17"
    },
    {
        "creator": 11292096,
        "id": 415727998,
        "images": [
            {
                "architecture": "s390x",
                "features": "",
                "variant": null,
                "digest": "sha256:98c06476493c3bea9541a6b236f74bced4d81aa90133c217632ce7d714b25f64",
                "os": "linux",
                "os_features": "",
                "os_version": null,
                "size": 89009919,
                "status": "active",
                "last_pulled": "2024-01-20T09:50:24.884204Z",
                "last_pushed": "2023-04-03T19:24:03.132552Z"
            }
        ],
        "last_updated": "2023-04-03T19:24:03.27836Z",
        "last_updater": 11292096,
        "last_updater_username": "ks3serviceaccount",
        "name": "v0.7.7-build20230403-s390x",
        "repository": 6645415,
        "full_size": 89009919,
        "v2": true,
        "tag_status": "active",
        "tag_last_pulled": "2024-01-20T09:50:24.884204Z",
        "tag_last_pushed": "2023-04-03T19:24:03.27836Z",
        "media_type": "application/vnd.docker.container.image.v1+json",
        "content_type": "image",
        "digest": "sha256:98c06476493c3bea9541a6b236f74bced4d81aa90133c217632ce7d714b25f64"
    },
    {
        "creator": 11292096,
        "id": 437035088,
        "images": [
            {
                "architecture": "amd64",
                "features": "",
                "variant": null,
                "digest": "sha256:cbd56a0cfca9a7e1e9a84591184078cea38bd7f6cc1cbf8ca845db9453d4cb2f",
                "os": "linux",
                "os_features": "",
                "os_version": null,
                "size": 95018670,
                "status": "active",
                "last_pulled": "2024-01-20T09:46:58.852716Z",
                "last_pushed": "2023-05-10T18:43:55.960238Z"
            },
            {
                "architecture": "arm64",
                "features": "",
                "variant": "v8",
                "digest": "sha256:6b44f5a05372013fe0be52de3bf9a5351a638613dd9a8c552a7f40119ff29253",
                "os": "linux",
                "os_features": "",
                "os_version": null,
                "size": 87575159,
                "status": "active",
                "last_pulled": "2024-01-20T09:12:21.820126Z",
                "last_pushed": "2023-05-10T18:27:50.675691Z"
            },
            {
                "architecture": "arm",
                "features": "",
                "variant": null,
                "digest": "sha256:3a58868ddc0277c918c97894391ce24d76042508a5578ea6b1823b6bebce5930",
                "os": "linux",
                "os_features": "",
                "os_version": null,
                "size": 89277171,
                "status": "active",
                "last_pulled": "2024-01-20T09:50:22.740372Z",
                "last_pushed": "2023-05-10T18:28:57.704409Z"
            },
            {
                "architecture": "s390x",
                "features": "",
                "variant": null,
                "digest": "sha256:5f7e10176d859ff9f24c523eb7c87fd242686311bac9028765f9046451e78c3c",
                "os": "linux",
                "os_features": "",
                "os_version": null,
                "size": 92395247,
                "status": "active",
                "last_pulled": "2024-01-20T09:50:23.077939Z",
                "last_pushed": "2023-05-10T18:28:06.307379Z"
            }
        ],
        "last_updated": "2023-05-10T18:44:03.741687Z",
        "last_updater": 11292096,
        "last_updater_username": "ks3serviceaccount",
        "name": "v0.8.0-build20230510",
        "repository": 6645415,
        "full_size": 95018670,
        "v2": true,
        "tag_status": "active",
        "tag_last_pulled": "2024-01-20T09:50:23.077939Z",
        "tag_last_pushed": "2023-05-10T18:44:03.741687Z",
        "media_type": "application/vnd.docker.distribution.manifest.list.v2+json",
        "content_type": "image",
        "digest": "sha256:4d2ec9ac78f6e3ca3d4dd0a1c3b754aec2b4f19e3a922c6ebcb0d74bb5ac674a"
    },
    {
        "creator": 11292096,
        "id": 437035027,
        "images": [
            {
                "architecture": "amd64",
                "features": "",
                "variant": null,
                "digest": "sha256:cbd56a0cfca9a7e1e9a84591184078cea38bd7f6cc1cbf8ca845db9453d4cb2f",
                "os": "linux",
                "os_features": "",
                "os_version": null,
                "size": 95018670,
                "status": "active",
                "last_pulled": "2024-01-20T09:46:58.852716Z",
                "last_pushed": "2023-05-10T18:43:55.960238Z"
            }
        ],
        "last_updated": "2023-05-10T18:43:56.056405Z",
        "last_updater": 11292096,
        "last_updater_username": "ks3serviceaccount",
        "name": "v0.8.0-build20230510-amd64",
        "repository": 6645415,
        "full_size": 95018670,
        "v2": true,
        "tag_status": "active",
        "tag_last_pulled": "2024-01-20T09:46:58.852716Z",
        "tag_last_pushed": "2023-05-10T18:43:56.056405Z",
        "media_type": "application/vnd.docker.container.image.v1+json",
        "content_type": "image",
        "digest": "sha256:cbd56a0cfca9a7e1e9a84591184078cea38bd7f6cc1cbf8ca845db9453d4cb2f"
    },
    {
        "creator": 11292096,
        "id": 437028475,
        "images": [
            {
                "architecture": "arm",
                "features": "",
                "variant": null,
                "digest": "sha256:3a58868ddc0277c918c97894391ce24d76042508a5578ea6b1823b6bebce5930",
                "os": "linux",
                "os_features": "",
                "os_version": null,
                "size": 89277171,
                "status": "active",
                "last_pulled": "2024-01-20T09:50:22.740372Z",
                "last_pushed": "2023-05-10T18:28:57.704409Z"
            }
        ],
        "last_updated": "2023-05-10T18:28:57.788058Z",
        "last_updater": 11292096,
        "last_updater_username": "ks3serviceaccount",
        "name": "v0.8.0-build20230510-arm",
        "repository": 6645415,
        "full_size": 89277171,
        "v2": true,
        "tag_status": "active",
        "tag_last_pulled": "2024-01-20T09:50:22.740372Z",
        "tag_last_pushed": "2023-05-10T18:28:57.788058Z",
        "media_type": "application/vnd.docker.container.image.v1+json",
        "content_type": "image",
        "digest": "sha256:3a58868ddc0277c918c97894391ce24d76042508a5578ea6b1823b6bebce5930"
    },
    {
        "creator": 11292096,
        "id": 437027945,
        "images": [
            {
                "architecture": "arm64",
                "features": "",
                "variant": "v8",
                "digest": "sha256:6b44f5a05372013fe0be52de3bf9a5351a638613dd9a8c552a7f40119ff29253",
                "os": "linux",
                "os_features": "",
                "os_version": null,
                "size": 87575159,
                "status": "active",
                "last_pulled": "2024-01-20T09:12:21.820126Z",
                "last_pushed": "2023-05-10T18:27:50.675691Z"
            }
        ],
        "last_updated": "2023-05-10T18:27:50.774463Z",
        "last_updater": 11292096,
        "last_updater_username": "ks3serviceaccount",
        "name": "v0.8.0-build20230510-arm64",
        "repository": 6645415,
        "full_size": 87575159,
        "v2": true,
        "tag_status": "active",
        "tag_last_pulled": "2024-01-20T09:12:21.820126Z",
        "tag_last_pushed": "2023-05-10T18:27:50.774463Z",
        "media_type": "application/vnd.docker.container.image.v1+json",
        "content_type": "image",
        "digest": "sha256:6b44f5a05372013fe0be52de3bf9a5351a638613dd9a8c552a7f40119ff29253"
    },
    {
        "creator": 11292096,
        "id": 437028056,
        "images": [
            {
                "architecture": "s390x",
                "features": "",
                "variant": null,
                "digest": "sha256:5f7e10176d859ff9f24c523eb7c87fd242686311bac9028765f9046451e78c3c",
                "os": "linux",
                "os_features": "",
                "os_version": null,
                "size": 92395247,
                "status": "active",
                "last_pulled": "2024-01-20T09:50:23.077939Z",
                "last_pushed": "2023-05-10T18:28:06.307379Z"
            }
        ],
        "last_updated": "2023-05-10T18:28:06.41274Z",
        "last_updater": 11292096,
        "last_updater_username": "ks3serviceaccount",
        "name": "v0.8.0-build20230510-s390x",
        "repository": 6645415,
        "full_size": 92395247,
        "v2": true,
        "tag_status": "active",
        "tag_last_pulled": "2024-01-20T09:50:23.077939Z",
        "tag_last_pushed": "2023-05-10T18:28:06.41274Z",
        "media_type": "application/vnd.docker.container.image.v1+json",
        "content_type": "image",
        "digest": "sha256:5f7e10176d859ff9f24c523eb7c87fd242686311bac9028765f9046451e78c3c"
    }
]