[
    {
        "creator": 601605,
        "id": 430007385,
        "images": [
            {
                "architecture": "amd64",
                "features": "",
                "variant": null,
                "digest": "sha256:6009d812ce0edeb98bb87448c86f32408029c9134c98537a4ca2ee1f757b1e08",
                "os": "linux",
                "os_features": "",
                "os_version": null,
                "size": 123000632,
                "status": "active",
                "last_pulled": "2024-01-20T09:22:59.928667Z",
                "last_pushed": "2023-04-28T19:24:49.902923Z"
            },
            {
                "architecture": "arm64",
                "features": "",
                "variant": "v8",
                "digest": "sha256:e1fb5b090ebeee884c69d9c980ec77f2fd6c0c1dc39a006ecc9e2420a9635475",
                "os": "linux",
                "os_features": "",
                "os_version": null,
                "size": 115152968,
                "status": "active",
                "last_pulled": "2024-01-20T09:02:18.83238Z",
                "last_pushed": "2023-04-28T19:34:45.277895Z"
            }
        ],
        "last_updated": "2023-04-28T19:36:58.77828Z",
        "last_updater": 601605,
        "last_updater_username": "rancheriodhci",
        "name": "v0.1.89",
        "repository": 5408811,
        "full_size": 123000632,
        "v2": true,
        "tag_status": "active",
        "tag_last_pulled": "2024-01-20T09:22:59.928667Z",
        "tag_last_pushed": "2023-04-28T19:36:58.77828Z",
        "media_type": "application/vnd.docker.distribution.manifest.list.v2+json",
        "content_type": "image",
        "digest": "sha256:cff3b08bda63b47a5077a0d933a06acb68d80ca6ce706b9e966ab25a826c018b"
    },
    {
        "creator": 601605,
        "id": 430003251,
        "images": [
            {
                "architecture": "amd64",
                "features": "",
                "variant": null,
                "digest": "sha256:6009d812ce0edeb98bb87448c86f32408029c9134c98537a4ca2ee1f757b1e08",
                "os": "linux",
                "os_features": "",
                "os_version": null,
                "size": 123000632,
                "status": "active",
                "last_pulled": "2024-01-20T09:22:59.928667Z",
                "last_pushed": "2023-04-28T19:24:49.902923Z"
            }
        ],
        "last_updated": "2023-04-28T19:24:50.012743Z",
        "last_updater": 601605,
        "last_updater_username": "rancheriodhci",
        "name": "v0.1.89-linux-amd64",
        "repository": 5408811,
        "full_size": 123000632,
        "v2": true,
        "tag_status": "active",
        "tag_last_pulled": "2024-01-20T09:22:59.928667Z",
        "tag_last_pushed": "2023-04-28T19:24:50.012743Z",
        "media_type": "application/vnd.docker.container.image.v1+json",
        "content_type": "image",
        "digest": "sha256:6009d812ce0edeb98bb87448c86f32408029c9134c98537a4ca2ee1f757b1e08"
    },
    {
        "creator": 601605,
        "id": 430006655,
        "images": [
            {
                "architecture": "arm64",
                "features": "",
                "variant": "v8",
                "digest": "sha256:e1fb5b090ebeee884c69d9c980ec77f2fd6c0c1dc39a006ecc9e2420a9635475",
                "os": "linux",
                "os_features": "",
                "os_version": null,
                "size": 115152968,
                "status": "active",
                "last_pulled": "2024-01-20T09:02:18.83238Z",
                "last_pushed": "2023-04-28T19:34:45.277895Z"
            }
        ],
        "last_updated": "2023-04-28T19:34:45.3595Z",
        "last_updater": 601605,
        "last_updater_username": "rancheriodhci",
        "name": "v0.1.89-linux-arm64",
        "repository": 5408811,
        "full_size": 115152968,
        "v2": true,
        "tag_status": "active",
        "tag_last_pulled": "2024-01-20T09:02:18.83238Z",
        "tag_last_pushed": "2023-04-28T19:34:45.3595Z",
        "media_type": "application/vnd.docker.container.image.v1+json",
        "content_type": "image",
        "digest": "sha256:e1fb5b090ebeee884c69d9c980ec77f2fd6c0c1dc39a006ecc9e2420a9635475"
    }
]