[
    {
        "creator": 11292096,
        "id": 416042558,
        "images": [
            {
                "architecture": "amd64",
                "features": "",
                "variant": null,
                "digest": "sha256:adf875233ba321973a4522b613ed3464845a77ac0b60f91a700a13a483b7d4b5",
                "os": "linux",
                "os_features": "",
                "os_version": null,
                "size": 4273798,
                "status": "active",
                "last_pulled": "2024-01-20T09:15:33.172699Z",
                "last_pushed": "2023-04-04T03:15:42.353932Z"
            }
        ],
        "last_updated": "2023-04-04T03:15:42.516605Z",
        "last_updater": 11292096,
        "last_updater_username": "ks3serviceaccount",
        "name": "v0.4.1-amd64",
        "repository": 6636489,
        "full_size": 4273798,
        "v2": true,
        "tag_status": "active",
        "tag_last_pulled": "2024-01-20T09:15:33.172699Z",
        "tag_last_pushed": "2023-04-04T03:15:42.516605Z",
        "media_type": "application/vnd.docker.container.image.v1+json",
        "content_type": "image",
        "digest": "sha256:adf875233ba321973a4522b613ed3464845a77ac0b60f91a700a13a483b7d4b5"
    },
    {
        "creator": 11292096,
        "id": 415945153,
        "images": [
            {
                "architecture": "arm64",
                "features": "",
                "variant": "v8",
                "digest": "sha256:91e8fcef0b0639d5d6ad2ca204ab9affa754a77c30a0d0c2007dd83a0b1af36f",
                "os": "linux",
                "os_features": "",
                "os_version": null,
                "size": 4157789,
                "status": "active",
                "last_pulled": "2024-01-20T09:15:43.177627Z",
                "last_pushed": "2023-04-04T00:37:09.378027Z"
            }
        ],
        "last_updated": "2023-04-04T00:37:09.484466Z",
        "last_updater": 11292096,
        "last_updater_username": "ks3serviceaccount",
        "name": "v0.4.1-arm64",
        "repository": 6636489,
        "full_size": 4157789,
        "v2": true,
        "tag_status": "active",
        "tag_last_pulled": "2024-01-20T09:15:43.177627Z",
        "tag_last_pushed": "2023-04-04T00:37:09.484466Z",
        "media_type": "application/vnd.docker.container.image.v1+json",
        "content_type": "image",
        "digest": "sha256:91e8fcef0b0639d5d6ad2ca204ab9affa754a77c30a0d0c2007dd83a0b1af36f"
    },
    {
        "creator": 11292096,
        "id": 415830088,
        "images": [
            {
                "architecture": "amd64",
                "features": "",
                "variant": null,
                "digest": "sha256:0c0481ca25591b80606d4a8e4905ab9ed4d7bb04702f21340bddf94382ee8908",
                "os": "linux",
                "os_features": "",
                "os_version": null,
                "size": 4273798,
                "status": "active",
                "last_pulled": "2024-01-20T09:32:30.504938Z",
                "last_pushed": "2023-04-03T22:48:42.871706Z"
            }
        ],
        "last_updated": "2023-04-03T22:48:42.985654Z",
        "last_updater": 11292096,
        "last_updater_username": "ks3serviceaccount",
        "name": "v0.4.1-rc.0-amd64",
        "repository": 6636489,
        "full_size": 4273798,
        "v2": true,
        "tag_status": "active",
        "tag_last_pulled": "2024-01-20T09:32:30.504938Z",
        "tag_last_pushed": "2023-04-03T22:48:42.985654Z",
        "media_type": "application/vnd.docker.container.image.v1+json",
        "content_type": "image",
        "digest": "sha256:0c0481ca25591b80606d4a8e4905ab9ed4d7bb04702f21340bddf94382ee8908"
    },
    {
        "creator": 11292096,
        "id": 415801885,
        "images": [
            {
                "architecture": "arm64",
                "features": "",
                "variant": "v8",
                "digest": "sha256:11452508df2db70de1f3e35cc23e5d0b27eb568bbc48c555f2d73a9d4f9d73a5",
                "os": "linux",
                "os_features": "",
                "os_version": null,
                "size": 4157793,
                "status": "active",
                "last_pulled": "2024-01-20T09:32:30.987406Z",
                "last_pushed": "2023-04-03T21:39:55.011866Z"
            }
        ],
        "last_updated": "2023-04-03T21:39:55.144558Z",
        "last_updater": 11292096,
        "last_updater_username": "ks3serviceaccount",
        "name": "v0.4.1-rc.0-arm64",
        "repository": 6636489,
        "full_size": 4157793,
        "v2": true,
        "tag_status": "active",
        "tag_last_pulled": "2024-01-20T09:32:30.987406Z",
        "tag_last_pushed": "2023-04-03T21:39:55.144558Z",
        "media_type": "application/vnd.docker.container.image.v1+json",
        "content_type": "image",
        "digest": "sha256:11452508df2db70de1f3e35cc23e5d0b27eb568bbc48c555f2d73a9d4f9d73a5"
    },
    {
        "creator": 11292096,
        "id": 415801919,
        "images": [
            {
                "architecture": "s390x",
                "features": "",
                "variant": null,
                "digest": "sha256:caa624dcafa1e0a86655cba113cfa7644415748745876fad1b89eeaf473b5bad",
                "os": "linux",
                "os_features": "",
                "os_version": null,
                "size": 4104674,
                "status": "active",
                "last_pulled": "2024-01-20T09:15:53.161516Z",
                "last_pushed": "2023-04-03T21:39:58.735141Z"
            }
        ],
        "last_updated": "2023-04-03T21:39:58.831857Z",
        "last_updater": 11292096,
        "last_updater_username": "ks3serviceaccount",
        "name": "v0.4.1-rc.0-s390x",
        "repository": 6636489,
        "full_size": 4104674,
        "v2": true,
        "tag_status": "active",
        "tag_last_pulled": "2024-01-20T09:15:53.161516Z",
        "tag_last_pushed": "2023-04-03T21:39:58.831857Z",
        "media_type": "application/vnd.docker.container.image.v1+json",
        "content_type": "image",
        "digest": "sha256:caa624dcafa1e0a86655cba113cfa7644415748745876fad1b89eeaf473b5bad"
    },
    {
        "creator": 11292096,
        "id": 415951013,
        "images": [
            {
                "architecture": "s390x",
                "features": "",
                "variant": null,
                "digest": "sha256:efd0f198bb7836b2dd086f53c1443f862e903b9ecbd4f3507cdb5619365da867",
                "os": "linux",
                "os_features": "",
                "os_version": null,
                "size": 4104674,
                "status": "active",
                "last_pulled": "2024-01-20T09:32:31.496902Z",
                "last_pushed": "2023-04-04T00:43:14.154839Z"
            }
        ],
        "last_updated": "2023-04-04T00:43:14.30529Z",
        "last_updater": 11292096,
        "last_updater_username": "ks3serviceaccount",
        "name": "v0.4.1-s390x",
        "repository": 6636489,
        "full_size": 4104674,
        "v2": true,
        "tag_status": "active",
        "tag_last_pulled": "2024-01-20T09:32:31.496902Z",
        "tag_last_pushed": "2023-04-04T00:43:14.30529Z",
        "media_type": "application/vnd.docker.container.image.v1+json",
        "content_type": "image",
        "digest": "sha256:efd0f198bb7836b2dd086f53c1443f862e903b9ecbd4f3507cdb5619365da867"
    },
    {
        "creator": 11292096,
        "id": 416591956,
        "images": [
            {
                "architecture": "amd64",
                "features": "",
                "variant": null,
                "digest": "sha256:5056f34a2274061def02045ccf599a76a2915a8cb4fae0518d9c3f5b59bed0c2",
                "os": "linux",
                "os_features": "",
                "os_version": null,
                "size": 4273792,
                "status": "active",
                "last_pulled": "2024-01-20T09:32:32.215722Z",
                "last_pushed": "2023-04-04T18:53:53.846663Z"
            },
            {
                "architecture": "arm64",
                "features": "",
                "variant": "v8",
                "digest": "sha256:0173c0a352ff25064e89a93a9866e50ea51e391699c4c28e1a7182712b076193",
                "os": "linux",
                "os_features": "",
                "os_version": null,
                "size": 4157788,
                "status": "active",
                "last_pulled": "2024-01-20T09:32:32.666879Z",
                "last_pushed": "2023-04-04T18:33:34.611349Z"
            },
            {
                "architecture": "arm",
                "features": "",
                "variant": null,
                "digest": "sha256:3100814040f1eeb6c19d6a96d139b0ecdd4b7d75327202450f021a2e407ddd46",
                "os": "linux",
                "os_features": "",
                "os_version": null,
                "size": 3930763,
                "status": "active",
                "last_pulled": "2024-01-20T09:32:32.466616Z",
                "last_pushed": "2023-04-04T18:35:13.832224Z"
            },
            {
                "architecture": "s390x",
                "features": "",
                "variant": null,
                "digest": "sha256:ae401b38feb17ba0e78d0ecc549f0dec43ed7244ccf32808accca5343e00d54e",
                "os": "linux",
                "os_features": "",
                "os_version": null,
                "size": 4104674,
                "status": "active",
                "last_pulled": "2024-01-20T09:32:33.060132Z",
                "last_pushed": "2023-04-04T18:35:00.939011Z"
            }
        ],
        "last_updated": "2023-04-04T18:53:59.881746Z",
        "last_updater": 11292096,
        "last_updater_username": "ks3serviceaccount",
        "name": "v0.4.2",
        "repository": 6636489,
        "full_size": 4273792,
        "v2": true,
        "tag_status": "active",
        "tag_last_pulled": "2024-01-20T09:32:33.060132Z",
        "tag_last_pushed": "2023-04-04T18:53:59.881746Z",
        "media_type": "application/vnd.docker.distribution.manifest.list.v2+json",
        "content_type": "image",
        "digest": "sha256:cbb7ced6bbace8e384c8e8d51bb1476317755c881689fb9ffc522257a24bcd32"
    },
    {
        "creator": 11292096,
        "id": 416591905,
        "images": [
            {
                "architecture": "amd64",
                "features": "",
                "variant": null,
                "digest": "sha256:5056f34a2274061def02045ccf599a76a2915a8cb4fae0518d9c3f5b59bed0c2",
                "os": "linux",
                "os_features": "",
                "os_version": null,
                "size": 4273792,
                "status": "active",
                "last_pulled": "2024-01-20T09:32:32.215722Z",
                "last_pushed": "2023-04-04T18:53:53.846663Z"
            }
        ],
        "last_updated": "2023-04-04T18:53:53.949139Z",
        "last_updater": 11292096,
        "last_updater_username": "ks3serviceaccount",
        "name": "v0.4.2-amd64",
        "repository": 6636489,
        "full_size": 4273792,
        "v2": true,
        "tag_status": "active",
        "tag_last_pulled": "2024-01-20T09:32:32.215722Z",
        "tag_last_pushed": "2023-04-04T18:53:53.949139Z",
        "media_type": "application/vnd.docker.container.image.v1+json",
        "content_type": "image",
        "digest": "sha256:5056f34a2274061def02045ccf599a76a2915a8cb4fae0518d9c3f5b59bed0c2"
    },
    {
        "creator": 11292096,
        "id": 416581978,
        "images": [
            {
                "architecture": "arm",
                "features": "",
                "variant": null,
                "digest": "sha256:3100814040f1eeb6c19d6a96d139b0ecdd4b7d75327202450f021a2e407ddd46",
                "os": "linux",
                "os_features": "",
                "os_version": null,
                "size": 3930763,
                "status": "active",
                "last_pulled": "2024-01-20T09:32:32.466616Z",
                "last_pushed": "2023-04-04T18:35:13.832224Z"
            }
        ],
        "last_updated": "2023-04-04T18:35:13.92457Z",
        "last_updater": 11292096,
        "last_updater_username": "ks3serviceaccount",
        "name": "v0.4.2-arm",
        "repository": 6636489,
        "full_size": 3930763,
        "v2": true,
        "tag_status": "active",
        "tag_last_pulled": "2024-01-20T09:32:32.466616Z",
        "tag_last_pushed": "2023-04-04T18:35:13.92457Z",
        "media_type": "application/vnd.docker.container.image.v1+json",
        "content_type": "image",
        "digest": "sha256:3100814040f1eeb6c19d6a96d139b0ecdd4b7d75327202450f021a2e407ddd46"
    },
    {
        "creator": 11292096,
        "id": 416581138,
        "images": [
            {
                "architecture": "arm64",
                "features": "",
                "variant": "v8",
                "digest": "sha256:0173c0a352ff25064e89a93a9866e50ea51e391699c4c28e1a7182712b076193",
                "os": "linux",
                "os_features": "",
                "os_version": null,
                "size": 4157788,
                "status": "active",
                "last_pulled": "2024-01-20T09:32:32.666879Z",
                "last_pushed": "2023-04-04T18:33:34.611349Z"
            }
        ],
        "last_updated": "2023-04-04T18:33:34.709329Z",
        "last_updater": 11292096,
        "last_updater_username": "ks3serviceaccount",
        "name": "v0.4.2-arm64",
        "repository": 6636489,
        "full_size": 4157788,
        "v2": true,
        "tag_status": "active",
        "tag_last_pulled": "2024-01-20T09:32:32.666879Z",
        "tag_last_pushed": "2023-04-04T18:33:34.709329Z",
        "media_type": "application/vnd.docker.container.image.v1+json",
        "content_type": "image",
        "digest": "sha256:0173c0a352ff25064e89a93a9866e50ea51e391699c4c28e1a7182712b076193"
    },
    {
        "creator": 11292096,
        "id": 416581881,
        "images": [
            {
                "architecture": "s390x",
                "features": "",
                "variant": null,
                "digest": "sha256:ae401b38feb17ba0e78d0ecc549f0dec43ed7244ccf32808accca5343e00d54e",
                "os": "linux",
                "os_features": "",
                "os_version": null,
                "size": 4104674,
                "status": "active",
                "last_pulled": "2024-01-20T09:32:33.060132Z",
                "last_pushed": "2023-04-04T18:35:00.939011Z"
            }
        ],
        "last_updated": "2023-04-04T18:35:01.032323Z",
        "last_updater": 11292096,
        "last_updater_username": "ks3serviceaccount",
        "name": "v0.4.2-s390x",
        "repository": 6636489,
        "full_size": 4104674,
        "v2": true,
        "tag_status": "active",
        "tag_last_pulled": "2024-01-20T09:32:33.060132Z",
        "tag_last_pushed": "2023-04-04T18:35:01.032323Z",
        "media_type": "application/vnd.docker.container.image.v1+json",
        "content_type": "image",
        "digest": "sha256:ae401b38feb17ba0e78d0ecc549f0dec43ed7244ccf32808accca5343e00d54e"
    },
    {
        "creator": 11292096,
        "id": 418205223,
        "images": [
            {
                "architecture": "amd64",
                "features": "",
                "variant": null,
                "digest": "sha256:d874339ff6c369935c72a7664d40955adb4797b5e8d5950fb9bc17a0262ebd24",
                "os": "linux",
                "os_features": "",
                "os_version": null,
                "size": 4273799,
                "status": "active",
                "last_pulled": "2024-01-20T08:46:39.864837Z",
                "last_pushed": "2023-04-06T14:42:03.840976Z"
            },
            {
                "architecture": "arm64",
                "features": "",
                "variant": "v8",
                "digest": "sha256:f8a3d01cf7ea08fb92dca326fd9380402f17c1d9faec758b12ac6b47b1852455",
                "os": "linux",
                "os_features": "",
                "os_version": null,
                "size": 4157788,
                "status": "active",
                "last_pulled": "2024-01-20T09:32:34.182647Z",
                "last_pushed": "2023-04-06T14:42:03.785146Z"
            },
            {
                "architecture": "arm",
                "features": "",
                "variant": null,
                "digest": "sha256:cba05f0de16695e731c036a2fdc08f67fd49e9b1e98cf8def41589c28f83c77d",
                "os": "linux",
                "os_features": "",
                "os_version": null,
                "size": 3930769,
                "status": "active",
                "last_pulled": "2024-01-20T09:32:33.797656Z",
                "last_pushed": "2023-04-06T14:42:04.242188Z"
            },
            {
                "architecture": "s390x",
                "features": "",
                "variant": null,
                "digest": "sha256:13f12c07f0bf7dea93b56a2395e4f3cf3cbf44d42042f764075ed6ca98bfe39b",
                "os": "linux",
                "os_features": "",
                "os_version": null,
                "size": 4104681,
                "status": "active",
                "last_pulled": "2024-01-20T09:32:34.341653Z",
                "last_pushed": "2023-04-06T14:42:09.436496Z"
            }
        ],
        "last_updated": "2023-04-06T14:42:19.499156Z",
        "last_updater": 11292096,
        "last_updater_username": "ks3serviceaccount",
        "name": "v0.4.3",
        "repository": 6636489,
        "full_size": 4273799,
        "v2": true,
        "tag_status": "active",
        "tag_last_pulled": "2024-01-20T09:32:44.601429Z",
        "tag_last_pushed": "2023-04-06T14:42:19.499156Z",
        "media_type": "application/vnd.docker.distribution.manifest.list.v2+json",
        "content_type": "image",
        "digest": "sha256:2b963c02974155f7e9a51c54b91f09099e48b4550689aadb595e62118e045c10"
    },
    {
        "creator": 11292096,
        "id": 418205111,
        "images": [
            {
                "architecture": "amd64",
                "features": "",
                "variant": null,
                "digest": "sha256:d874339ff6c369935c72a7664d40955adb4797b5e8d5950fb9bc17a0262ebd24",
                "os": "linux",
                "os_features": "",
                "os_version": null,
                "size": 4273799,
                "status": "active",
                "last_pulled": "2024-01-20T08:46:39.864837Z",
                "last_pushed": "2023-04-06T14:42:03.840976Z"
            }
        ],
        "last_updated": "2023-04-06T14:42:03.943043Z",
        "last_updater": 11292096,
        "last_updater_username": "ks3serviceaccount",
        "name": "v0.4.3-amd64",
        "repository": 6636489,
        "full_size": 4273799,
        "v2": true,
        "tag_status": "active",
        "tag_last_pulled": "2024-01-20T08:46:39.864837Z",
        "tag_last_pushed": "2023-04-06T14:42:03.943043Z",
        "media_type": "application/vnd.docker.container.image.v1+json",
        "content_type": "image",
        "digest": "sha256:d874339ff6c369935c72a7664d40955adb4797b5e8d5950fb9bc17a0262ebd24"
    },
    {
        "creator": 11292096,
        "id": 418205112,
        "images": [
            {
                "architecture": "arm",
                "features": "",
                "variant": null,
                "digest": "sha256:cba05f0de16695e731c036a2fdc08f67fd49e9b1e98cf8def41589c28f83c77d",
                "os": "linux",
                "os_features": "",
                "os_version": null,
                "size": 3930769,
                "status": "active",
                "last_pulled": "2024-01-20T09:32:33.797656Z",
                "last_pushed": "2023-04-06T14:42:04.242188Z"
            }
        ],
        "last_updated": "2023-04-06T14:42:04.340345Z",
        "last_updater": 11292096,
        "last_updater_username": "ks3serviceaccount",
        "name": "v0.4.3-arm",
        "repository": 6636489,
        "full_size": 3930769,
        "v2": true,
        "tag_status": "active",
        "tag_last_pulled": "2024-01-20T09:32:33.797656Z",
        "tag_last_pushed": "2023-04-06T14:42:04.340345Z",
        "media_type": "application/vnd.docker.container.image.v1+json",
        "content_type": "image",
        "digest": "sha256:cba05f0de16695e731c036a2fdc08f67fd49e9b1e98cf8def41589c28f83c77d"
    },
    {
        "creator": 11292096,
        "id": 418205110,
        "images": [
            {
                "architecture": "arm64",
                "features": "",
                "variant": "v8",
                "digest": "sha256:f8a3d01cf7ea08fb92dca326fd9380402f17c1d9faec758b12ac6b47b1852455",
                "os": "linux",
                "os_features": "",
                "os_version": null,
                "size": 4157788,
                "status": "active",
                "last_pulled": "2024-01-20T09:32:34.182647Z",
                "last_pushed": "2023-04-06T14:42:03.785146Z"
            }
        ],
        "last_updated": "2023-04-06T14:42:03.876458Z",
        "last_updater": 11292096,
        "last_updater_username": "ks3serviceaccount",
        "name": "v0.4.3-arm64",
        "repository": 6636489,
        "full_size": 4157788,
        "v2": true,
        "tag_status": "active",
        "tag_last_pulled": "2024-01-20T09:32:34.182647Z",
        "tag_last_pushed": "2023-04-06T14:42:03.876458Z",
        "media_type": "application/vnd.docker.container.image.v1+json",
        "content_type": "image",
        "digest": "sha256:f8a3d01cf7ea08fb92dca326fd9380402f17c1d9faec758b12ac6b47b1852455"
    },
    {
        "creator": 11292096,
        "id": 418205148,
        "images": [
            {
                "architecture": "s390x",
                "features": "",
                "variant": null,
                "digest": "sha256:13f12c07f0bf7dea93b56a2395e4f3cf3cbf44d42042f764075ed6ca98bfe39b",
                "os": "linux",
                "os_features": "",
                "os_version": null,
                "size": 4104681,
                "status": "active",
                "last_pulled": "2024-01-20T09:32:34.341653Z",
                "last_pushed": "2023-04-06T14:42:09.436496Z"
            }
        ],
        "last_updated": "2023-04-06T14:42:09.527219Z",
        "last_updater": 11292096,
        "last_updater_username": "ks3serviceaccount",
        "name": "v0.4.3-s390x",
        "repository": 6636489,
        "full_size": 4104681,
        "v2": true,
        "tag_status": "active",
        "tag_last_pulled": "2024-01-20T09:32:34.341653Z",
        "tag_last_pushed": "2023-04-06T14:42:09.527219Z",
        "media_type": "application/vnd.docker.container.image.v1+json",
        "content_type": "image",
        "digest": "sha256:13f12c07f0bf7dea93b56a2395e4f3cf3cbf44d42042f764075ed6ca98bfe39b"
    },
    {
        "creator": 11292096,
        "id": 446482640,
        "images": [
            {
                "architecture": "amd64",
                "features": "",
                "variant": null,
                "digest": "sha256:66946c4f1f297fb83ee0f6097c4cb9f3a83e160a5eacd67029b4bbfb05c3bd44",
                "os": "linux",
                "os_features": "",
                "os_version": null,
                "size": 4915735,
                "status": "active",
                "last_pulled": "2024-01-20T09:38:04.792775Z",
                "last_pushed": "2023-05-27T00:55:16.669228Z"
            },
            {
                "architecture": "arm64",
                "features": "",
                "variant": "v8",
                "digest": "sha256:7b7faab9e5e7d66ccf8679fb55d71bca60df1a7131b0c866e39134fcc861a8f9",
                "os": "linux",
                "os_features": "",
                "os_version": null,
                "size": 5063023,
                "status": "active",
                "last_pulled": "2024-01-20T09:09:15.742361Z",
                "last_pushed": "2023-05-26T23:24:52.504303Z"
            },
            {
                "architecture": "arm",
                "features": "",
                "variant": null,
                "digest": "sha256:8254943f491af7e2c68f77b9ea68683a7dc0c5a53db55c87e82d774177dad3de",
                "os": "linux",
                "os_features": "",
                "os_version": null,
                "size": 4584958,
                "status": "active",
                "last_pulled": "2024-01-20T09:32:35.926448Z",
                "last_pushed": "2023-05-26T23:24:56.325429Z"
            },
            {
                "architecture": "s390x",
                "features": "",
                "variant": null,
                "digest": "sha256:32a06e13d55b9703d0639905fd35a5e749a1d91e7a8ca01436fc9244fe73bafa",
                "os": "linux",
                "os_features": "",
                "os_version": null,
                "size": 4840033,
                "status": "active",
                "last_pulled": "2024-01-20T09:32:36.161715Z",
                "last_pushed": "2023-05-26T23:24:59.481992Z"
            }
        ],
        "last_updated": "2023-05-27T00:55:20.883087Z",
        "last_updater": 11292096,
        "last_updater_username": "ks3serviceaccount",
        "name": "v0.4.4",
        "repository": 6636489,
        "full_size": 4915735,
        "v2": true,
        "tag_status": "active",
        "tag_last_pulled": "2024-01-20T09:38:04.792775Z",
        "tag_last_pushed": "2023-05-27T00:55:20.883087Z",
        "media_type": "application/vnd.docker.distribution.manifest.list.v2+json",
        "content_type": "image",
        "digest": "sha256:d6780e97ac25454b56f88410b236d52572518040f11d0db5c6baaac0d2fcf860"
    },
    {
        "creator": 11292096,
        "id": 446482626,
        "images": [
            {
                "architecture": "amd64",
                "features": "",
                "variant": null,
                "digest": "sha256:66946c4f1f297fb83ee0f6097c4cb9f3a83e160a5eacd67029b4bbfb05c3bd44",
                "os": "linux",
                "os_features": "",
                "os_version": null,
                "size": 4915735,
                "status": "active",
                "last_pulled": "2024-01-20T09:38:04.792775Z",
                "last_pushed": "2023-05-27T00:55:16.669228Z"
            }
        ],
        "last_updated": "2023-05-27T00:55:16.762087Z",
        "last_updater": 11292096,
        "last_updater_username": "ks3serviceaccount",
        "name": "v0.4.4-amd64",
        "repository": 6636489,
        "full_size": 4915735,
        "v2": true,
        "tag_status": "active",
        "tag_last_pulled": "2024-01-20T09:38:04.792775Z",
        "tag_last_pushed": "2023-05-27T00:55:16.762087Z",
        "media_type": "application/vnd.docker.container.image.v1+json",
        "content_type": "image",
        "digest": "sha256:66946c4f1f297fb83ee0f6097c4cb9f3a83e160a5eacd67029b4bbfb05c3bd44"
    },
    {
        "creator": 11292096,
        "id": 446465115,
        "images": [
            {
                "architecture": "arm",
                "features": "",
                "variant": null,
                "digest": "sha256:8254943f491af7e2c68f77b9ea68683a7dc0c5a53db55c87e82d774177dad3de",
                "os": "linux",
                "os_features": "",
                "os_version": null,
                "size": 4584958,
                "status": "active",
                "last_pulled": "2024-01-20T09:32:35.926448Z",
                "last_pushed": "2023-05-26T23:24:56.325429Z"
            }
        ],
        "last_updated": "2023-05-26T23:24:56.425021Z",
        "last_updater": 11292096,
        "last_updater_username": "ks3serviceaccount",
        "name": "v0.4.4-arm",
        "repository": 6636489,
        "full_size": 4584958,
        "v2": true,
        "tag_status": "active",
        "tag_last_pulled": "2024-01-20T09:32:35.926448Z",
        "tag_last_pushed": "2023-05-26T23:24:56.425021Z",
        "media_type": "application/vnd.docker.container.image.v1+json",
        "content_type": "image",
        "digest": "sha256:8254943f491af7e2c68f77b9ea68683a7dc0c5a53db55c87e82d774177dad3de"
    },
    {
        "creator": 11292096,
        "id": 446465104,
        "images": [
            {
                "architecture": "arm64",
                "features": "",
                "variant": "v8",
                "digest": "sha256:7b7faab9e5e7d66ccf8679fb55d71bca60df1a7131b0c866e39134fcc861a8f9",
                "os": "linux",
                "os_features": "",
                "os_version": null,
                "size": 5063023,
                "status": "active",
                "last_pulled": "2024-01-20T09:09:15.742361Z",
                "last_pushed": "2023-05-26T23:24:52.504303Z"
            }
        ],
        "last_updated": "2023-05-26T23:24:52.626466Z",
        "last_updater": 11292096,
        "last_updater_username": "ks3serviceaccount",
        "name": "v0.4.4-arm64",
        "repository": 6636489,
        "full_size": 5063023,
        "v2": true,
        "tag_status": "active",
        "tag_last_pulled": "2024-01-20T09:09:15.742361Z",
        "tag_last_pushed": "2023-05-26T23:24:52.626466Z",
        "media_type": "application/vnd.docker.container.image.v1+json",
        "content_type": "image",
        "digest": "sha256:7b7faab9e5e7d66ccf8679fb55d71bca60df1a7131b0c866e39134fcc861a8f9"
    },
    {
        "creator": 11292096,
        "id": 446465123,
        "images": [
            {
                "architecture": "s390x",
                "features": "",
                "variant": null,
                "digest": "sha256:32a06e13d55b9703d0639905fd35a5e749a1d91e7a8ca01436fc9244fe73bafa",
                "os": "linux",
                "os_features": "",
                "os_version": null,
                "size": 4840033,
                "status": "active",
                "last_pulled": "2024-01-20T09:32:36.161715Z",
                "last_pushed": "2023-05-26T23:24:59.481992Z"
            }
        ],
        "last_updated": "2023-05-26T23:24:59.582383Z",
        "last_updater": 11292096,
        "last_updater_username": "ks3serviceaccount",
        "name": "v0.4.4-s390x",
        "repository": 6636489,
        "full_size": 4840033,
        "v2": true,
        "tag_status": "active",
        "tag_last_pulled": "2024-01-20T09:32:36.161715Z",
        "tag_last_pushed": "2023-05-26T23:24:59.582383Z",
        "media_type": "application/vnd.docker.container.image.v1+json",
        "content_type": "image",
        "digest": "sha256:32a06e13d55b9703d0639905fd35a5e749a1d91e7a8ca01436fc9244fe73bafa"
    }
]