[
    {
        "creator": 601605,
        "id": 431320640,
        "images": [
            {
                "architecture": "amd64",
                "features": "",
                "variant": null,
                "digest": "sha256:3e7fce61907e003ef8734cc6a39195228002d9b2d64c3fe3b7593f9d448ea133",
                "os": "linux",
                "os_features": "",
                "os_version": null,
                "size": 29936806,
                "status": "active",
                "last_pulled": "2024-01-20T09:08:39.833003Z",
                "last_pushed": "2023-05-02T04:52:19.241149Z"
            },
            {
                "architecture": "arm64",
                "features": "",
                "variant": null,
                "digest": "sha256:2179355e2afe28c116b00e9b8e5c694753f6d1bb2538e17f5d6ad4cca39483f8",
                "os": "linux",
                "os_features": "",
                "os_version": null,
                "size": 27949502,
                "status": "active",
                "last_pulled": "2024-01-20T09:40:19.309972Z",
                "last_pushed": "2023-05-02T04:52:22.749785Z"
            },
            {
                "architecture": "arm",
                "features": "",
                "variant": null,
                "digest": "sha256:8ca8f4522045842eaf6961abc4c407954f6e471ee5f9e0ac6100198e02356626",
                "os": "linux",
                "os_features": "",
                "os_version": null,
                "size": 28322217,
                "status": "active",
                "last_pulled": "2024-01-20T09:32:37.353238Z",
                "last_pushed": "2023-05-02T04:52:26.911663Z"
            },
            {
                "architecture": "s390x",
                "features": "",
                "variant": null,
                "digest": "sha256:367d5a89b1d85fb98ded44618c17adb9e9655e69bed66608f8069f8ac8bf7cf2",
                "os": "linux",
                "os_features": "",
                "os_version": null,
                "size": 29553640,
                "status": "active",
                "last_pulled": "2024-01-20T09:56:05.898149Z",
                "last_pushed": "2023-05-02T04:52:30.657637Z"
            }
        ],
        "last_updated": "2023-05-02T04:52:31.458607Z",
        "last_updater": 601605,
        "last_updater_username": "rancheriodhci",
        "name": "v0.6.3",
        "repository": 11844308,
        "full_size": 29936806,
        "v2": true,
        "tag_status": "active",
        "tag_last_pulled": "2024-01-20T09:56:05.898149Z",
        "tag_last_pushed": "2023-05-02T04:52:31.458607Z",
        "media_type": "application/vnd.docker.distribution.manifest.list.v2+json",
        "content_type": "image",
        "digest": "sha256:c2dfd72bafd6406ed306d9fbd07f55c496b004293d13d3de88a4567eacc36558"
    },
    {
        "creator": 601605,
        "id": 431320576,
        "images": [
            {
                "architecture": "amd64",
                "features": "",
                "variant": null,
                "digest": "sha256:3e7fce61907e003ef8734cc6a39195228002d9b2d64c3fe3b7593f9d448ea133",
                "os": "linux",
                "os_features": "",
                "os_version": null,
                "size": 29936806,
                "status": "active",
                "last_pulled": "2024-01-20T09:08:39.833003Z",
                "last_pushed": "2023-05-02T04:52:19.241149Z"
            }
        ],
        "last_updated": "2023-05-02T04:52:19.403395Z",
        "last_updater": 601605,
        "last_updater_username": "rancheriodhci",
        "name": "v0.6.3-amd64",
        "repository": 11844308,
        "full_size": 29936806,
        "v2": true,
        "tag_status": "active",
        "tag_last_pulled": "2024-01-20T09:08:39.833003Z",
        "tag_last_pushed": "2023-05-02T04:52:19.403395Z",
        "media_type": "application/vnd.docker.container.image.v1+json",
        "content_type": "image",
        "digest": "sha256:3e7fce61907e003ef8734cc6a39195228002d9b2d64c3fe3b7593f9d448ea133"
    },
    {
        "creator": 601605,
        "id": 431320615,
        "images": [
            {
                "architecture": "arm",
                "features": "",
                "variant": null,
                "digest": "sha256:8ca8f4522045842eaf6961abc4c407954f6e471ee5f9e0ac6100198e02356626",
                "os": "linux",
                "os_features": "",
                "os_version": null,
                "size": 28322217,
                "status": "active",
                "last_pulled": "2024-01-20T09:32:37.353238Z",
                "last_pushed": "2023-05-02T04:52:26.911663Z"
            }
        ],
        "last_updated": "2023-05-02T04:52:27.100427Z",
        "last_updater": 601605,
        "last_updater_username": "rancheriodhci",
        "name": "v0.6.3-arm",
        "repository": 11844308,
        "full_size": 28322217,
        "v2": true,
        "tag_status": "active",
        "tag_last_pulled": "2024-01-20T09:32:37.353238Z",
        "tag_last_pushed": "2023-05-02T04:52:27.100427Z",
        "media_type": "application/vnd.docker.container.image.v1+json",
        "content_type": "image",
        "digest": "sha256:8ca8f4522045842eaf6961abc4c407954f6e471ee5f9e0ac6100198e02356626"
    },
    {
        "creator": 601605,
        "id": 431320599,
        "images": [
            {
                "architecture": "arm64",
                "features": "",
                "variant": null,
                "digest": "sha256:2179355e2afe28c116b00e9b8e5c694753f6d1bb2538e17f5d6ad4cca39483f8",
                "os": "linux",
                "os_features": "",
                "os_version": null,
                "size": 27949502,
                "status": "active",
                "last_pulled": "2024-01-20T09:40:19.309972Z",
                "last_pushed": "2023-05-02T04:52:22.749785Z"
            }
        ],
        "last_updated": "2023-05-02T04:52:22.871508Z",
        "last_updater": 601605,
        "last_updater_username": "rancheriodhci",
        "name": "v0.6.3-arm64",
        "repository": 11844308,
        "full_size": 27949502,
        "v2": true,
        "tag_status": "active",
        "tag_last_pulled": "2024-01-20T09:40:19.309972Z",
        "tag_last_pushed": "2023-05-02T04:52:22.871508Z",
        "media_type": "application/vnd.docker.container.image.v1+json",
        "content_type": "image",
        "digest": "sha256:2179355e2afe28c116b00e9b8e5c694753f6d1bb2538e17f5d6ad4cca39483f8"
    },
    {
        "creator": 601605,
        "id": 431320635,
        "images": [
            {
                "architecture": "s390x",
                "features": "",
                "variant": null,
                "digest": "sha256:367d5a89b1d85fb98ded44618c17adb9e9655e69bed66608f8069f8ac8bf7cf2",
                "os": "linux",
                "os_features": "",
                "os_version": null,
                "size": 29553640,
                "status": "active",
                "last_pulled": "2024-01-20T09:56:05.898149Z",
                "last_pushed": "2023-05-02T04:52:30.657637Z"
            }
        ],
        "last_updated": "2023-05-02T04:52:30.775407Z",
        "last_updater": 601605,
        "last_updater_username": "rancheriodhci",
        "name": "v0.6.3-s390x",
        "repository": 11844308,
        "full_size": 29553640,
        "v2": true,
        "tag_status": "active",
        "tag_last_pulled": "2024-01-20T09:56:05.898149Z",
        "tag_last_pushed": "2023-05-02T04:52:30.775407Z",
        "media_type": "application/vnd.docker.container.image.v1+json",
        "content_type": "image",
        "digest": "sha256:367d5a89b1d85fb98ded44618c17adb9e9655e69bed66608f8069f8ac8bf7cf2"
    }
]