{
  "SchemaVersion": 2,
  "CreatedAt": "2024-02-24T10:52:24.208356678Z",
  "ArtifactName": "kubernetesui/metrics-scraper:v1.0.8",
  "ArtifactType": "container_image",
  "Metadata": {
    "ImageID": "sha256:115053965e86b2df4d78af78d7951b8644839d20a03820c6df59a261103315f7",
    "DiffIDs": [
      "sha256:d01384fea991c7bac1249edc4ad75507ea8f4eececc71c779a3f9d787ad8d5b0",
      "sha256:bcec7eb9e567c4e5bc6f7fd95d9e7f6435d7f1b7c3779f1c122dc249479ee709"
    ],
    "RepoTags": [
      "kubernetesui/metrics-scraper:v1.0.8"
    ],
    "RepoDigests": [
      "kubernetesui/metrics-scraper@sha256:76049887f07a0476dc93efc2d3569b9529bf982b22d29f356092ce206e98765c"
    ],
    "ImageConfig": {
      "architecture": "amd64",
      "created": "2022-05-30T06:55:01.072797506Z",
      "history": [
        {
          "created": "2022-05-30T06:55:00Z",
          "created_by": "COPY /metrics-sidecar /metrics-sidecar # buildkit",
          "comment": "buildkit.dockerfile.v0"
        },
        {
          "created": "2022-05-30T06:55:01Z",
          "created_by": "COPY /etc/passwd /etc/passwd # buildkit",
          "comment": "buildkit.dockerfile.v0"
        },
        {
          "created": "2022-05-30T06:55:01Z",
          "created_by": "EXPOSE map[8080/tcp:{}]",
          "comment": "buildkit.dockerfile.v0",
          "empty_layer": true
        },
        {
          "created": "2022-05-30T06:55:01Z",
          "created_by": "USER nonroot",
          "comment": "buildkit.dockerfile.v0",
          "empty_layer": true
        },
        {
          "created": "2022-05-30T06:55:01Z",
          "created_by": "ENTRYPOINT [\"/metrics-sidecar\"]",
          "comment": "buildkit.dockerfile.v0",
          "empty_layer": true
        }
      ],
      "os": "linux",
      "rootfs": {
        "type": "layers",
        "diff_ids": [
          "sha256:d01384fea991c7bac1249edc4ad75507ea8f4eececc71c779a3f9d787ad8d5b0",
          "sha256:bcec7eb9e567c4e5bc6f7fd95d9e7f6435d7f1b7c3779f1c122dc249479ee709"
        ]
      },
      "config": {
        "Entrypoint": [
          "/metrics-sidecar"
        ],
        "Env": [
          "PATH=/usr/local/sbin:/usr/local/bin:/usr/sbin:/usr/bin:/sbin:/bin"
        ],
        "User": "nonroot",
        "WorkingDir": "/"
      }
    }
  },
  "Results": [
    {
      "Target": "metrics-sidecar",
      "Class": "lang-pkgs",
      "Type": "gobinary",
      "Vulnerabilities": [
        {
          "VulnerabilityID": "CVE-2022-1996",
          "PkgName": "github.com/emicklei/go-restful",
          "PkgIdentifier": {
            "PURL": "pkg:golang/github.com/emicklei/go-restful@v2.15.0%2Bincompatible"
          },
          "InstalledVersion": "v2.15.0+incompatible",
          "FixedVersion": "2.16.0",
          "Status": "fixed",
          "Layer": {
            "DiffID": "sha256:d01384fea991c7bac1249edc4ad75507ea8f4eececc71c779a3f9d787ad8d5b0"
          },
          "SeveritySource": "ghsa",
          "PrimaryURL": "https://avd.aquasec.com/nvd/cve-2022-1996",
          "DataSource": {
            "ID": "ghsa",
            "Name": "GitHub Security Advisory Go",
            "URL": "https://github.com/advisories?query=type%3Areviewed+ecosystem%3Ago"
          },
          "Title": "go-restful: Authorization Bypass Through User-Controlled Key",
          "Description": "Authorization Bypass Through User-Controlled Key in GitHub repository emicklei/go-restful prior to v3.8.0.",
          "Severity": "CRITICAL",
          "CweIDs": [
            "CWE-639"
          ],
          "VendorSeverity": {
            "amazon": 3,
            "ghsa": 4,
            "nvd": 4,
            "photon": 4,
            "redhat": 3
          },
          "CVSS": {
            "ghsa": {
              "V3Vector": "CVSS:3.1/AV:N/AC:L/PR:N/UI:N/S:U/C:H/I:H/A:N",
              "V3Score": 9.1
            },
            "nvd": {
              "V2Vector": "AV:N/AC:L/Au:N/C:P/I:P/A:N",
              "V3Vector": "CVSS:3.1/AV:N/AC:L/PR:N/UI:N/S:U/C:H/I:H/A:N",
              "V2Score": 6.4,
              "V3Score": 9.1
            },
            "redhat": {
              "V3Vector": "CVSS:3.1/AV:N/AC:L/PR:N/UI:N/S:U/C:H/I:H/A:N",
              "V3Score": 9.1
            }
          },
          "References": [
            "https://access.redhat.com/security/cve/CVE-2022-1996",
            "https://github.com/emicklei/go-restful",
            "https://github.com/emicklei/go-restful/commit/926662532deb450272956c7bc573978464aae74e",
            "https://github.com/emicklei/go-restful/commit/f292efff46ae17e9d104f865a60a39a2ae9402f1",
            "https://github.com/emicklei/go-restful/commit/fd3c327a379ce08c68ef18765bdc925f5d9bad10",
            "https://github.com/emicklei/go-restful/issues/489",
            "https://huntr.dev/bounties/be837427-415c-4d8c-808b-62ce20aa84f1",
            "https://lists.fedoraproject.org/archives/list/package-announce%40lists.fedoraproject.org/message/575BLJ3Y2EQBRNTFR2OSQQ6L2W6UCST3/",
            "https://lists.fedoraproject.org/archives/list/package-announce%40lists.fedoraproject.org/message/OBDD3Q23RCGAGHIXUCWBU6N3S4RNAKXB/",
            "https://lists.fedoraproject.org/archives/list/package-announce%40lists.fedoraproject.org/message/RQXU752ALW53OJAF5MG3WMR5CCZVLWW6/",
            "https://lists.fedoraproject.org/archives/list/package-announce%40lists.fedoraproject.org/message/SO5QC2JFW2PXBWAE27OYYYL5SPFUBHTY/",
            "https://lists.fedoraproject.org/archives/list/package-announce%40lists.fedoraproject.org/message/W56PP46JVZEKCANBKXFKRVSBBRRMCY6V/",
            "https://lists.fedoraproject.org/archives/list/package-announce%40lists.fedoraproject.org/message/Z55VUVGO7E5PJFXIOVAY373NZRHBNCI5/",
            "https://lists.fedoraproject.org/archives/list/package-announce%40lists.fedoraproject.org/message/ZGQKWD6SE75PFBPFVSZYAKAVXKBZXKWS/",
            "https://lists.fedoraproject.org/archives/list/package-announce%40lists.fedoraproject.org/message/ZY2SLWOQR4ZURQ7UBRZ7JIX6H6F5JHJR/",
            "https://lists.fedoraproject.org/archives/list/package-announce@lists.fedoraproject.org/message/575BLJ3Y2EQBRNTFR2OSQQ6L2W6UCST3",
            "https://lists.fedoraproject.org/archives/list/package-announce@lists.fedoraproject.org/message/OBDD3Q23RCGAGHIXUCWBU6N3S4RNAKXB",
            "https://lists.fedoraproject.org/archives/list/package-announce@lists.fedoraproject.org/message/RQXU752ALW53OJAF5MG3WMR5CCZVLWW6",
            "https://lists.fedoraproject.org/archives/list/package-announce@lists.fedoraproject.org/message/SO5QC2JFW2PXBWAE27OYYYL5SPFUBHTY",
            "https://lists.fedoraproject.org/archives/list/package-announce@lists.fedoraproject.org/message/W56PP46JVZEKCANBKXFKRVSBBRRMCY6V",
            "https://lists.fedoraproject.org/archives/list/package-announce@lists.fedoraproject.org/message/Z55VUVGO7E5PJFXIOVAY373NZRHBNCI5",
            "https://lists.fedoraproject.org/archives/list/package-announce@lists.fedoraproject.org/message/ZGQKWD6SE75PFBPFVSZYAKAVXKBZXKWS",
            "https://lists.fedoraproject.org/archives/list/package-announce@lists.fedoraproject.org/message/ZY2SLWOQR4ZURQ7UBRZ7JIX6H6F5JHJR",
            "https://nvd.nist.gov/vuln/detail/CVE-2022-1996",
            "https://pkg.go.dev/vuln/GO-2022-0619",
            "https://security.netapp.com/advisory/ntap-20220923-0005",
            "https://security.netapp.com/advisory/ntap-20220923-0005/",
            "https://www.cve.org/CVERecord?id=CVE-2022-1996"
          ],
          "PublishedDate": "2022-06-08T13:15:07.987Z",
          "LastModifiedDate": "2023-11-07T03:42:22.873Z"
        },
        {
          "VulnerabilityID": "CVE-2022-27664",
          "PkgName": "golang.org/x/net",
          "PkgIdentifier": {
            "PURL": "pkg:golang/golang.org/x/net@v0.0.0-20220524220425-1d687d428aca"
          },
          "InstalledVersion": "v0.0.0-20220524220425-1d687d428aca",
          "FixedVersion": "0.0.0-20220906165146-f3363e06e74c",
          "Status": "fixed",
          "Layer": {
            "DiffID": "sha256:d01384fea991c7bac1249edc4ad75507ea8f4eececc71c779a3f9d787ad8d5b0"
          },
          "SeveritySource": "ghsa",
          "PrimaryURL": "https://avd.aquasec.com/nvd/cve-2022-27664",
          "DataSource": {
            "ID": "ghsa",
            "Name": "GitHub Security Advisory Go",
            "URL": "https://github.com/advisories?query=type%3Areviewed+ecosystem%3Ago"
          },
          "Title": "golang: net/http: handle server errors after sending GOAWAY",
          "Description": "In net/http in Go before 1.18.6 and 1.19.x before 1.19.1, attackers can cause a denial of service because an HTTP/2 connection can hang during closing if shutdown were preempted by a fatal error.",
          "Severity": "HIGH",
          "VendorSeverity": {
            "alma": 2,
            "amazon": 3,
            "bitnami": 3,
            "cbl-mariner": 3,
            "ghsa": 3,
            "nvd": 3,
            "oracle-oval": 2,
            "photon": 3,
            "redhat": 2,
            "rocky": 2,
            "ubuntu": 2
          },
          "CVSS": {
            "bitnami": {
              "V3Vector": "CVSS:3.1/AV:N/AC:L/PR:N/UI:N/S:U/C:N/I:N/A:H",
              "V3Score": 7.5
            },
            "ghsa": {
              "V3Vector": "CVSS:3.1/AV:N/AC:L/PR:N/UI:N/S:U/C:N/I:N/A:H",
              "V3Score": 7.5
            },
            "nvd": {
              "V3Vector": "CVSS:3.1/AV:N/AC:L/PR:N/UI:N/S:U/C:N/I:N/A:H",
              "V3Score": 7.5
            },
            "redhat": {
              "V3Vector": "CVSS:3.1/AV:N/AC:L/PR:L/UI:N/S:U/C:N/I:N/A:H",
              "V3Score": 6.5
            }
          },
          "References": [
            "https://access.redhat.com/errata/RHSA-2023:2357",
            "https://access.redhat.com/security/cve/CVE-2022-27664",
            "https://bugzilla.redhat.com/2107371",
            "https://bugzilla.redhat.com/2107374",
            "https://bugzilla.redhat.com/2107383",
            "https://bugzilla.redhat.com/2107386",
            "https://bugzilla.redhat.com/2107388",
            "https://bugzilla.redhat.com/2113814",
            "https://bugzilla.redhat.com/2124669",
            "https://bugzilla.redhat.com/2132868",
            "https://bugzilla.redhat.com/2132872",
            "https://bugzilla.redhat.com/2161274",
            "https://bugzilla.redhat.com/show_bug.cgi?id=1913333",
            "https://bugzilla.redhat.com/show_bug.cgi?id=1913338",
            "https://bugzilla.redhat.com/show_bug.cgi?id=2107371",
            "https://bugzilla.redhat.com/show_bug.cgi?id=2107374",
            "https://bugzilla.redhat.com/show_bug.cgi?id=2107383",
            "https://bugzilla.redhat.com/show_bug.cgi?id=2107386",
            "https://bugzilla.redhat.com/show_bug.cgi?id=2107388",
            "https://bugzilla.redhat.com/show_bug.cgi?id=2113814",
            "https://bugzilla.redhat.com/show_bug.cgi?id=2124669",
            "https://cs.opensource.google/go/x/net",
            "https://cve.mitre.org/cgi-bin/cvename.cgi?name=CVE-2020-28851",
            "https://cve.mitre.org/cgi-bin/cvename.cgi?name=CVE-2020-28852",
            "https://cve.mitre.org/cgi-bin/cvename.cgi?name=CVE-2022-1705",
            "https://cve.mitre.org/cgi-bin/cvename.cgi?name=CVE-2022-27664",
            "https://cve.mitre.org/cgi-bin/cvename.cgi?name=CVE-2022-30630",
            "https://cve.mitre.org/cgi-bin/cvename.cgi?name=CVE-2022-30632",
            "https://cve.mitre.org/cgi-bin/cvename.cgi?name=CVE-2022-30635",
            "https://cve.mitre.org/cgi-bin/cvename.cgi?name=CVE-2022-32148",
            "https://cve.mitre.org/cgi-bin/cvename.cgi?name=CVE-2022-32189",
            "https://errata.almalinux.org/9/ALSA-2023-2357.html",
            "https://errata.rockylinux.org/RLSA-2022:7129",
            "https://github.com/golang/go/commit/5bc9106458fc07851ac324a4157132a91b1f3479 (go1.18.6)",
            "https://github.com/golang/go/commit/9cfe4e258b1c9d4a04a42539c21c7bdb2e227824 (go1.19.1)",
            "https://github.com/golang/go/issues/54658",
            "https://go.dev/cl/428735",
            "https://go.dev/issue/54658",
            "https://groups.google.com/g/golang-announce",
            "https://groups.google.com/g/golang-announce/c/x49AQzIVX-s",
            "https://groups.google.com/g/golang-announce/c/x49AQzIVX-s/m/0tgO0pjiBQAJ",
            "https://linux.oracle.com/cve/CVE-2022-27664.html",
            "https://linux.oracle.com/errata/ELSA-2024-0121.html",
            "https://lists.fedoraproject.org/archives/list/package-announce%40lists.fedoraproject.org/message/JXKTHIGE5F576MAPFYCIJXNRGBSPISUF/",
            "https://lists.fedoraproject.org/archives/list/package-announce%40lists.fedoraproject.org/message/TXS2OQ57KZC5XZKK5UW4SYKPVQAHIOJX/",
            "https://lists.fedoraproject.org/archives/list/package-announce@lists.fedoraproject.org/message/JXKTHIGE5F576MAPFYCIJXNRGBSPISUF",
            "https://lists.fedoraproject.org/archives/list/package-announce@lists.fedoraproject.org/message/TXS2OQ57KZC5XZKK5UW4SYKPVQAHIOJX",
            "https://nvd.nist.gov/vuln/detail/CVE-2022-27664",
            "https://pkg.go.dev/vuln/GO-2022-0969",
            "https://security.gentoo.org/glsa/202209-26",
            "https://security.netapp.com/advisory/ntap-20220923-0004",
            "https://security.netapp.com/advisory/ntap-20220923-0004/",
            "https://ubuntu.com/security/notices/USN-6038-1",
            "https://ubuntu.com/security/notices/USN-6038-2",
            "https://www.cve.org/CVERecord?id=CVE-2022-27664"
          ],
          "PublishedDate": "2022-09-06T18:15:12.747Z",
          "LastModifiedDate": "2023-11-07T03:45:22.72Z"
        },
        {
          "VulnerabilityID": "CVE-2022-41721",
          "PkgName": "golang.org/x/net",
          "PkgIdentifier": {
            "PURL": "pkg:golang/golang.org/x/net@v0.0.0-20220524220425-1d687d428aca"
          },
          "InstalledVersion": "v0.0.0-20220524220425-1d687d428aca",
          "FixedVersion": "0.1.1-0.20221104162952-702349b0e862",
          "Status": "fixed",
          "Layer": {
            "DiffID": "sha256:d01384fea991c7bac1249edc4ad75507ea8f4eececc71c779a3f9d787ad8d5b0"
          },
          "SeveritySource": "ghsa",
          "PrimaryURL": "https://avd.aquasec.com/nvd/cve-2022-41721",
          "DataSource": {
            "ID": "ghsa",
            "Name": "GitHub Security Advisory Go",
            "URL": "https://github.com/advisories?query=type%3Areviewed+ecosystem%3Ago"
          },
          "Title": "x/net/http2/h2c: request smuggling",
          "Description": "A request smuggling attack is possible when using MaxBytesHandler. When using MaxBytesHandler, the body of an HTTP request is not fully consumed. When the server attempts to read HTTP2 frames from the connection, it will instead be reading the body of the HTTP request, which could be attacker-manipulated to represent arbitrary HTTP2 requests.",
          "Severity": "HIGH",
          "CweIDs": [
            "CWE-444"
          ],
          "VendorSeverity": {
            "cbl-mariner": 3,
            "ghsa": 3,
            "nvd": 3,
            "redhat": 2
          },
          "CVSS": {
            "ghsa": {
              "V3Vector": "CVSS:3.1/AV:N/AC:L/PR:N/UI:N/S:U/C:N/I:N/A:H",
              "V3Score": 7.5
            },
            "nvd": {
              "V3Vector": "CVSS:3.1/AV:N/AC:L/PR:N/UI:N/S:U/C:N/I:N/A:H",
              "V3Score": 7.5
            },
            "redhat": {
              "V3Vector": "CVSS:3.1/AV:N/AC:L/PR:N/UI:N/S:U/C:N/I:N/A:H",
              "V3Score": 7.5
            }
          },
          "References": [
            "https://access.redhat.com/security/cve/CVE-2022-41721",
            "https://cs.opensource.google/go/x/net",
            "https://go.dev/cl/447396",
            "https://go.dev/issue/56352",
            "https://lists.fedoraproject.org/archives/list/package-announce@lists.fedoraproject.org/message/X3H3EWQXM2XL5AGBX6UL443JEJ3GQXJN",
            "https://lists.fedoraproject.org/archives/list/package-announce@lists.fedoraproject.org/message/X3H3EWQXM2XL5AGBX6UL443JEJ3GQXJN/",
            "https://lists.fedoraproject.org/archives/list/package-announce@lists.fedoraproject.org/message/X5DXTLLWN6HKI5I35EUZRBISTNZJ75GP/",
            "https://nvd.nist.gov/vuln/detail/CVE-2022-41721",
            "https://pkg.go.dev/vuln/GO-2023-1495",
            "https://www.cve.org/CVERecord?id=CVE-2022-41721"
          ],
          "PublishedDate": "2023-01-13T23:15:09.25Z",
          "LastModifiedDate": "2023-11-07T03:52:55.5Z"
        },
        {
          "VulnerabilityID": "CVE-2022-41723",
          "PkgName": "golang.org/x/net",
          "PkgIdentifier": {
            "PURL": "pkg:golang/golang.org/x/net@v0.0.0-20220524220425-1d687d428aca"
          },
          "InstalledVersion": "v0.0.0-20220524220425-1d687d428aca",
          "FixedVersion": "0.7.0",
          "Status": "fixed",
          "Layer": {
            "DiffID": "sha256:d01384fea991c7bac1249edc4ad75507ea8f4eececc71c779a3f9d787ad8d5b0"
          },
          "SeveritySource": "ghsa",
          "PrimaryURL": "https://avd.aquasec.com/nvd/cve-2022-41723",
          "DataSource": {
            "ID": "ghsa",
            "Name": "GitHub Security Advisory Go",
            "URL": "https://github.com/advisories?query=type%3Areviewed+ecosystem%3Ago"
          },
          "Title": "net/http, golang.org/x/net/http2: avoid quadratic complexity in HPACK decoding",
          "Description": "A maliciously crafted HTTP/2 stream could cause excessive CPU consumption in the HPACK decoder, sufficient to cause a denial of service from a small number of small requests.",
          "Severity": "HIGH",
          "VendorSeverity": {
            "alma": 2,
            "amazon": 3,
            "bitnami": 3,
            "cbl-mariner": 3,
            "ghsa": 3,
            "nvd": 3,
            "oracle-oval": 2,
            "photon": 3,
            "redhat": 2,
            "ubuntu": 2
          },
          "CVSS": {
            "bitnami": {
              "V3Vector": "CVSS:3.1/AV:N/AC:L/PR:N/UI:N/S:U/C:N/I:N/A:H",
              "V3Score": 7.5
            },
            "ghsa": {
              "V3Vector": "CVSS:3.1/AV:N/AC:L/PR:N/UI:N/S:U/C:N/I:N/A:H",
              "V3Score": 7.5
            },
            "nvd": {
              "V3Vector": "CVSS:3.1/AV:N/AC:L/PR:N/UI:N/S:U/C:N/I:N/A:H",
              "V3Score": 7.5
            },
            "redhat": {
              "V3Vector": "CVSS:3.1/AV:N/AC:L/PR:N/UI:N/S:U/C:N/I:N/A:H",
              "V3Score": 7.5
            }
          },
          "References": [
            "https://access.redhat.com/errata/RHSA-2023:6474",
            "https://access.redhat.com/security/cve/CVE-2022-41723",
            "https://bugzilla.redhat.com/2174485",
            "https://bugzilla.redhat.com/2178358",
            "https://bugzilla.redhat.com/2178488",
            "https://bugzilla.redhat.com/2178492",
            "https://bugzilla.redhat.com/2184481",
            "https://bugzilla.redhat.com/2184482",
            "https://bugzilla.redhat.com/2184483",
            "https://bugzilla.redhat.com/2184484",
            "https://bugzilla.redhat.com/2196026",
            "https://bugzilla.redhat.com/2196027",
            "https://bugzilla.redhat.com/2196029",
            "https://bugzilla.redhat.com/2222167",
            "https://bugzilla.redhat.com/2228689",
            "https://cve.mitre.org/cgi-bin/cvename.cgi?name=CVE-2022-41723",
            "https://errata.almalinux.org/9/ALSA-2023-6474.html",
            "https://github.com/advisories/GHSA-vvpx-j8f3-3w6h",
            "https://go.dev/cl/468135",
            "https://go.dev/cl/468295",
            "https://go.dev/issue/57855",
            "https://groups.google.com/g/golang-announce/c/V0aBFqaFs_E",
            "https://linux.oracle.com/cve/CVE-2022-41723.html",
            "https://linux.oracle.com/errata/ELSA-2023-6939.html",
            "https://lists.fedoraproject.org/archives/list/package-announce@lists.fedoraproject.org/message/4BUK2ZIAGCULOOYDNH25JPU6JBES5NF2",
            "https://lists.fedoraproject.org/archives/list/package-announce@lists.fedoraproject.org/message/4BUK2ZIAGCULOOYDNH25JPU6JBES5NF2/",
            "https://lists.fedoraproject.org/archives/list/package-announce@lists.fedoraproject.org/message/4MA5XS5DAOJ5PKKNG5TUXKPQOFHT5VBC",
            "https://lists.fedoraproject.org/archives/list/package-announce@lists.fedoraproject.org/message/4MA5XS5DAOJ5PKKNG5TUXKPQOFHT5VBC/",
            "https://lists.fedoraproject.org/archives/list/package-announce@lists.fedoraproject.org/message/REMHVVIBDNKSRKNOTV7EQSB7CYQWOUOU",
            "https://lists.fedoraproject.org/archives/list/package-announce@lists.fedoraproject.org/message/REMHVVIBDNKSRKNOTV7EQSB7CYQWOUOU/",
            "https://lists.fedoraproject.org/archives/list/package-announce@lists.fedoraproject.org/message/RGW7GE2Z32ZT47UFAQFDRQE33B7Q7LMT",
            "https://lists.fedoraproject.org/archives/list/package-announce@lists.fedoraproject.org/message/RGW7GE2Z32ZT47UFAQFDRQE33B7Q7LMT/",
            "https://lists.fedoraproject.org/archives/list/package-announce@lists.fedoraproject.org/message/RLBQ3A7ROLEQXQLXFDLNJ7MYPKG5GULE",
            "https://lists.fedoraproject.org/archives/list/package-announce@lists.fedoraproject.org/message/RLBQ3A7ROLEQXQLXFDLNJ7MYPKG5GULE/",
            "https://lists.fedoraproject.org/archives/list/package-announce@lists.fedoraproject.org/message/T7N5GV4CHH6WAGX3GFMDD3COEOVCZ4RI",
            "https://lists.fedoraproject.org/archives/list/package-announce@lists.fedoraproject.org/message/T7N5GV4CHH6WAGX3GFMDD3COEOVCZ4RI/",
            "https://lists.fedoraproject.org/archives/list/package-announce@lists.fedoraproject.org/message/XX3IMUTZKRQ73PBZM4E2JP4BKYH4C6XE",
            "https://lists.fedoraproject.org/archives/list/package-announce@lists.fedoraproject.org/message/XX3IMUTZKRQ73PBZM4E2JP4BKYH4C6XE/",
            "https://nvd.nist.gov/vuln/detail/CVE-2022-41723",
            "https://pkg.go.dev/vuln/GO-2023-1571",
            "https://security.gentoo.org/glsa/202311-09",
            "https://vuln.go.dev/ID/GO-2023-1571.json",
            "https://www.couchbase.com/alerts",
            "https://www.couchbase.com/alerts/",
            "https://www.cve.org/CVERecord?id=CVE-2022-41723"
          ],
          "PublishedDate": "2023-02-28T18:15:09.98Z",
          "LastModifiedDate": "2023-11-25T11:15:10.09Z"
        },
        {
          "VulnerabilityID": "CVE-2023-39325",
          "PkgName": "golang.org/x/net",
          "PkgIdentifier": {
            "PURL": "pkg:golang/golang.org/x/net@v0.0.0-20220524220425-1d687d428aca"
          },
          "InstalledVersion": "v0.0.0-20220524220425-1d687d428aca",
          "FixedVersion": "0.17.0",
          "Status": "fixed",
          "Layer": {
            "DiffID": "sha256:d01384fea991c7bac1249edc4ad75507ea8f4eececc71c779a3f9d787ad8d5b0"
          },
          "SeveritySource": "ghsa",
          "PrimaryURL": "https://avd.aquasec.com/nvd/cve-2023-39325",
          "DataSource": {
            "ID": "ghsa",
            "Name": "GitHub Security Advisory Go",
            "URL": "https://github.com/advisories?query=type%3Areviewed+ecosystem%3Ago"
          },
          "Title": "golang: net/http, x/net/http2: rapid stream resets can cause excessive work (CVE-2023-44487)",
          "Description": "A malicious HTTP/2 client which rapidly creates requests and immediately resets them can cause excessive server resource consumption. While the total number of requests is bounded by the http2.Server.MaxConcurrentStreams setting, resetting an in-progress request allows the attacker to create a new request while the existing one is still executing. With the fix applied, HTTP/2 servers now bound the number of simultaneously executing handler goroutines to the stream concurrency limit (MaxConcurrentStreams). New requests arriving when at the limit (which can only happen after the client has reset an existing, in-flight request) will be queued until a handler exits. If the request queue grows too large, the server will terminate the connection. This issue is also fixed in golang.org/x/net/http2 for users manually configuring HTTP/2. The default stream concurrency limit is 250 streams (requests) per HTTP/2 connection. This value may be adjusted using the golang.org/x/net/http2 package; see the Server.MaxConcurrentStreams setting and the ConfigureServer function.",
          "Severity": "HIGH",
          "CweIDs": [
            "CWE-770"
          ],
          "VendorSeverity": {
            "alma": 2,
            "amazon": 3,
            "bitnami": 3,
            "cbl-mariner": 3,
            "ghsa": 3,
            "nvd": 3,
            "oracle-oval": 2,
            "redhat": 3,
            "rocky": 2,
            "ubuntu": 2
          },
          "CVSS": {
            "bitnami": {
              "V3Vector": "CVSS:3.1/AV:N/AC:L/PR:N/UI:N/S:U/C:N/I:N/A:H",
              "V3Score": 7.5
            },
            "ghsa": {
              "V3Vector": "CVSS:3.1/AV:N/AC:L/PR:N/UI:N/S:U/C:N/I:N/A:H",
              "V3Score": 7.5
            },
            "nvd": {
              "V3Vector": "CVSS:3.1/AV:N/AC:L/PR:N/UI:N/S:U/C:N/I:N/A:H",
              "V3Score": 7.5
            },
            "redhat": {
              "V3Vector": "CVSS:3.1/AV:N/AC:L/PR:N/UI:N/S:U/C:N/I:N/A:H",
              "V3Score": 7.5
            }
          },
          "References": [
            "golang.org/x/net",
            "https://access.redhat.com/errata/RHSA-2023:6077",
            "https://access.redhat.com/security/cve/CVE-2023-39325",
            "https://access.redhat.com/security/cve/CVE-2023-44487",
            "https://access.redhat.com/security/vulnerabilities/RHSB-2023-003",
            "https://bugzilla.redhat.com/2242803",
            "https://bugzilla.redhat.com/2243296",
            "https://bugzilla.redhat.com/show_bug.cgi?id=2242803",
            "https://bugzilla.redhat.com/show_bug.cgi?id=2243296",
            "https://cve.mitre.org/cgi-bin/cvename.cgi?name=CVE-2023-39325",
            "https://cve.mitre.org/cgi-bin/cvename.cgi?name=CVE-2023-44487",
            "https://errata.almalinux.org/9/ALSA-2023-6077.html",
            "https://errata.rockylinux.org/RLSA-2023:6077",
            "https://github.com/golang/go/commit/24ae2d927285c697440fdde3ad7f26028354bcf3 [golang- 1.21]",
            "https://github.com/golang/go/commit/e175f27f58aa7b9cd4d79607ae65d2cd5baaee68 [golang-1.20]",
            "https://github.com/golang/go/issues/63417",
            "https://go.dev/cl/534215",
            "https://go.dev/cl/534235",
            "https://go.dev/issue/63417",
            "https://groups.google.com/g/golang-announce/c/iNNxDTCjZvo/m/UDd7VKQuAAAJ",
            "https://linux.oracle.com/cve/CVE-2023-39325.html",
            "https://linux.oracle.com/errata/ELSA-2023-5867.html",
            "https://lists.fedoraproject.org/archives/list/package-announce@lists.fedoraproject.org/message/3OVW5V2DM5K5IC3H7O42YDUGNJ74J35O",
            "https://lists.fedoraproject.org/archives/list/package-announce@lists.fedoraproject.org/message/3OVW5V2DM5K5IC3H7O42YDUGNJ74J35O/",
            "https://lists.fedoraproject.org/archives/list/package-announce@lists.fedoraproject.org/message/3SZN67IL7HMGMNAVLOTIXLIHUDXZK4LH",
            "https://lists.fedoraproject.org/archives/list/package-announce@lists.fedoraproject.org/message/3SZN67IL7HMGMNAVLOTIXLIHUDXZK4LH/",
            "https://lists.fedoraproject.org/archives/list/package-announce@lists.fedoraproject.org/message/4BUK2ZIAGCULOOYDNH25JPU6JBES5NF2",
            "https://lists.fedoraproject.org/archives/list/package-announce@lists.fedoraproject.org/message/4BUK2ZIAGCULOOYDNH25JPU6JBES5NF2/",
            "https://lists.fedoraproject.org/archives/list/package-announce@lists.fedoraproject.org/message/5RSKA2II6QTD4YUKUNDVJQSRYSFC4VFR",
            "https://lists.fedoraproject.org/archives/list/package-announce@lists.fedoraproject.org/message/5RSKA2II6QTD4YUKUNDVJQSRYSFC4VFR/",
            "https://lists.fedoraproject.org/archives/list/package-announce@lists.fedoraproject.org/message/AVZDNSMVDAQJ64LJC5I5U5LDM5753647",
            "https://lists.fedoraproject.org/archives/list/package-announce@lists.fedoraproject.org/message/AVZDNSMVDAQJ64LJC5I5U5LDM5753647/",
            "https://lists.fedoraproject.org/archives/list/package-announce@lists.fedoraproject.org/message/CHHITS4PUOZAKFIUBQAQZC7JWXMOYE4B",
            "https://lists.fedoraproject.org/archives/list/package-announce@lists.fedoraproject.org/message/CHHITS4PUOZAKFIUBQAQZC7JWXMOYE4B/",
            "https://lists.fedoraproject.org/archives/list/package-announce@lists.fedoraproject.org/message/CLB4TW7KALB3EEQWNWCN7OUIWWVWWCG2",
            "https://lists.fedoraproject.org/archives/list/package-announce@lists.fedoraproject.org/message/CLB4TW7KALB3EEQWNWCN7OUIWWVWWCG2/",
            "https://lists.fedoraproject.org/archives/list/package-announce@lists.fedoraproject.org/message/D2BBIDR2ZMB3X5BC7SR4SLQMHRMVPY6L",
            "https://lists.fedoraproject.org/archives/list/package-announce@lists.fedoraproject.org/message/D2BBIDR2ZMB3X5BC7SR4SLQMHRMVPY6L/",
            "https://lists.fedoraproject.org/archives/list/package-announce@lists.fedoraproject.org/message/ECRC75BQJP6FJN2L7KCKYZW4DSBD7QSD",
            "https://lists.fedoraproject.org/archives/list/package-announce@lists.fedoraproject.org/message/ECRC75BQJP6FJN2L7KCKYZW4DSBD7QSD/",
            "https://lists.fedoraproject.org/archives/list/package-announce@lists.fedoraproject.org/message/FTMJ3NJIDAZFWJQQSP3L22MUFJ3UP2PT",
            "https://lists.fedoraproject.org/archives/list/package-announce@lists.fedoraproject.org/message/FTMJ3NJIDAZFWJQQSP3L22MUFJ3UP2PT/",
            "https://lists.fedoraproject.org/archives/list/package-announce@lists.fedoraproject.org/message/GSY7SXFFTPZFWDM6XELSDSHZLVW3AHK7",
            "https://lists.fedoraproject.org/archives/list/package-announce@lists.fedoraproject.org/message/GSY7SXFFTPZFWDM6XELSDSHZLVW3AHK7/",
            "https://lists.fedoraproject.org/archives/list/package-announce@lists.fedoraproject.org/message/HZQIELEIRSZUYTFFH5KTH2YJ4IIQG2KE",
            "https://lists.fedoraproject.org/archives/list/package-announce@lists.fedoraproject.org/message/HZQIELEIRSZUYTFFH5KTH2YJ4IIQG2KE/",
            "https://lists.fedoraproject.org/archives/list/package-announce@lists.fedoraproject.org/message/IPWCNYB5PQ5PCVZ4NJT6G56ZYFZ5QBU6",
            "https://lists.fedoraproject.org/archives/list/package-announce@lists.fedoraproject.org/message/IPWCNYB5PQ5PCVZ4NJT6G56ZYFZ5QBU6/",
            "https://lists.fedoraproject.org/archives/list/package-announce@lists.fedoraproject.org/message/KEOTKBUPZXHE3F352JBYNTSNRXYLWD6P",
            "https://lists.fedoraproject.org/archives/list/package-announce@lists.fedoraproject.org/message/KEOTKBUPZXHE3F352JBYNTSNRXYLWD6P/",
            "https://lists.fedoraproject.org/archives/list/package-announce@lists.fedoraproject.org/message/KSEGD2IWKNUO3DWY4KQGUQM5BISRWHQE",
            "https://lists.fedoraproject.org/archives/list/package-announce@lists.fedoraproject.org/message/KSEGD2IWKNUO3DWY4KQGUQM5BISRWHQE/",
            "https://lists.fedoraproject.org/archives/list/package-announce@lists.fedoraproject.org/message/MZQYOOKHQDQ57LV2IAG6NRFOVXKHJJ3Z",
            "https://lists.fedoraproject.org/archives/list/package-announce@lists.fedoraproject.org/message/MZQYOOKHQDQ57LV2IAG6NRFOVXKHJJ3Z/",
            "https://lists.fedoraproject.org/archives/list/package-announce@lists.fedoraproject.org/message/NG7IMPL55MVWU3LCI4JQJT3K2U5CHDV7",
            "https://lists.fedoraproject.org/archives/list/package-announce@lists.fedoraproject.org/message/NG7IMPL55MVWU3LCI4JQJT3K2U5CHDV7/",
            "https://lists.fedoraproject.org/archives/list/package-announce@lists.fedoraproject.org/message/OXGWPQOJ3JNDW2XIYKIVJ7N7QUIFNM2Q",
            "https://lists.fedoraproject.org/archives/list/package-announce@lists.fedoraproject.org/message/OXGWPQOJ3JNDW2XIYKIVJ7N7QUIFNM2Q/",
            "https://lists.fedoraproject.org/archives/list/package-announce@lists.fedoraproject.org/message/QF5QSYAOPDOWLY6DUHID56Q4HQFYB45I",
            "https://lists.fedoraproject.org/archives/list/package-announce@lists.fedoraproject.org/message/QF5QSYAOPDOWLY6DUHID56Q4HQFYB45I/",
            "https://lists.fedoraproject.org/archives/list/package-announce@lists.fedoraproject.org/message/R3UETKPUB3V5JS5TLZOF3SMTGT5K5APS",
            "https://lists.fedoraproject.org/archives/list/package-announce@lists.fedoraproject.org/message/R3UETKPUB3V5JS5TLZOF3SMTGT5K5APS/",
            "https://lists.fedoraproject.org/archives/list/package-announce@lists.fedoraproject.org/message/REMHVVIBDNKSRKNOTV7EQSB7CYQWOUOU",
            "https://lists.fedoraproject.org/archives/list/package-announce@lists.fedoraproject.org/message/REMHVVIBDNKSRKNOTV7EQSB7CYQWOUOU/",
            "https://lists.fedoraproject.org/archives/list/package-announce@lists.fedoraproject.org/message/T7N5GV4CHH6WAGX3GFMDD3COEOVCZ4RI",
            "https://lists.fedoraproject.org/archives/list/package-announce@lists.fedoraproject.org/message/T7N5GV4CHH6WAGX3GFMDD3COEOVCZ4RI/",
            "https://lists.fedoraproject.org/archives/list/package-announce@lists.fedoraproject.org/message/ULQQONMSCQSH5Z5OWFFQHCGEZ3NL4DRJ",
            "https://lists.fedoraproject.org/archives/list/package-announce@lists.fedoraproject.org/message/ULQQONMSCQSH5Z5OWFFQHCGEZ3NL4DRJ/",
            "https://lists.fedoraproject.org/archives/list/package-announce@lists.fedoraproject.org/message/UTT7DG3QOF5ZNJLUGHDNLRUIN6OWZARP",
            "https://lists.fedoraproject.org/archives/list/package-announce@lists.fedoraproject.org/message/UTT7DG3QOF5ZNJLUGHDNLRUIN6OWZARP/",
            "https://lists.fedoraproject.org/archives/list/package-announce@lists.fedoraproject.org/message/WCNCBYKZXLDFGAJUB7ZP5VLC3YTHJNVH",
            "https://lists.fedoraproject.org/archives/list/package-announce@lists.fedoraproject.org/message/WCNCBYKZXLDFGAJUB7ZP5VLC3YTHJNVH/",
            "https://lists.fedoraproject.org/archives/list/package-announce@lists.fedoraproject.org/message/XFOIBB4YFICHDM7IBOP7PWXW3FX4HLL2",
            "https://lists.fedoraproject.org/archives/list/package-announce@lists.fedoraproject.org/message/XFOIBB4YFICHDM7IBOP7PWXW3FX4HLL2/",
            "https://lists.fedoraproject.org/archives/list/package-announce@lists.fedoraproject.org/message/XTNLSL44Y5FB6JWADSZH6DCV4JJAAEQY",
            "https://lists.fedoraproject.org/archives/list/package-announce@lists.fedoraproject.org/message/XTNLSL44Y5FB6JWADSZH6DCV4JJAAEQY/",
            "https://lists.fedoraproject.org/archives/list/package-announce@lists.fedoraproject.org/message/YRKEXKANQ7BKJW2YTAMP625LJUJZLJ4P",
            "https://lists.fedoraproject.org/archives/list/package-announce@lists.fedoraproject.org/message/YRKEXKANQ7BKJW2YTAMP625LJUJZLJ4P/",
            "https://lists.fedoraproject.org/archives/list/package-announce@lists.fedoraproject.org/message/ZSVEMQV5ROY5YW5QE3I57HT3ITWG5GCV",
            "https://lists.fedoraproject.org/archives/list/package-announce@lists.fedoraproject.org/message/ZSVEMQV5ROY5YW5QE3I57HT3ITWG5GCV/",
            "https://nvd.nist.gov/vuln/detail/CVE-2023-39325",
            "https://pkg.go.dev/vuln/GO-2023-2102",
            "https://security.gentoo.org/glsa/202311-09",
            "https://security.netapp.com/advisory/ntap-20231110-0008",
            "https://security.netapp.com/advisory/ntap-20231110-0008/",
            "https://ubuntu.com/security/notices/USN-6574-1",
            "https://www.cisa.gov/news-events/alerts/2023/10/10/http2-rapid-reset-vulnerability-cve-2023-44487",
            "https://www.cve.org/CVERecord?id=CVE-2023-39325"
          ],
          "PublishedDate": "2023-10-11T22:15:09.88Z",
          "LastModifiedDate": "2024-01-21T02:02:56.727Z"
        },
        {
          "VulnerabilityID": "CVE-2023-3978",
          "PkgName": "golang.org/x/net",
          "PkgIdentifier": {
            "PURL": "pkg:golang/golang.org/x/net@v0.0.0-20220524220425-1d687d428aca"
          },
          "InstalledVersion": "v0.0.0-20220524220425-1d687d428aca",
          "FixedVersion": "0.13.0",
          "Status": "fixed",
          "Layer": {
            "DiffID": "sha256:d01384fea991c7bac1249edc4ad75507ea8f4eececc71c779a3f9d787ad8d5b0"
          },
          "SeveritySource": "ghsa",
          "PrimaryURL": "https://avd.aquasec.com/nvd/cve-2023-3978",
          "DataSource": {
            "ID": "ghsa",
            "Name": "GitHub Security Advisory Go",
            "URL": "https://github.com/advisories?query=type%3Areviewed+ecosystem%3Ago"
          },
          "Title": "golang.org/x/net/html: Cross site scripting",
          "Description": "Text nodes not in the HTML namespace are incorrectly literally rendered, causing text which should be escaped to not be. This could lead to an XSS attack.",
          "Severity": "MEDIUM",
          "CweIDs": [
            "CWE-79"
          ],
          "VendorSeverity": {
            "alma": 2,
            "amazon": 2,
            "cbl-mariner": 2,
            "ghsa": 2,
            "nvd": 2,
            "oracle-oval": 2,
            "redhat": 2
          },
          "CVSS": {
            "ghsa": {
              "V3Vector": "CVSS:3.1/AV:N/AC:L/PR:N/UI:R/S:C/C:L/I:L/A:N",
              "V3Score": 6.1
            },
            "nvd": {
              "V3Vector": "CVSS:3.1/AV:N/AC:L/PR:N/UI:R/S:C/C:L/I:L/A:N",
              "V3Score": 6.1
            },
            "redhat": {
              "V3Vector": "CVSS:3.1/AV:N/AC:L/PR:N/UI:R/S:C/C:L/I:L/A:N",
              "V3Score": 6.1
            }
          },
          "References": [
            "https://access.redhat.com/errata/RHSA-2023:6474",
            "https://access.redhat.com/security/cve/CVE-2023-3978",
            "https://bugzilla.redhat.com/2174485",
            "https://bugzilla.redhat.com/2178358",
            "https://bugzilla.redhat.com/2178488",
            "https://bugzilla.redhat.com/2178492",
            "https://bugzilla.redhat.com/2184481",
            "https://bugzilla.redhat.com/2184482",
            "https://bugzilla.redhat.com/2184483",
            "https://bugzilla.redhat.com/2184484",
            "https://bugzilla.redhat.com/2196026",
            "https://bugzilla.redhat.com/2196027",
            "https://bugzilla.redhat.com/2196029",
            "https://bugzilla.redhat.com/2222167",
            "https://bugzilla.redhat.com/2228689",
            "https://errata.almalinux.org/9/ALSA-2023-6474.html",
            "https://go.dev/cl/514896",
            "https://go.dev/issue/61615",
            "https://linux.oracle.com/cve/CVE-2023-3978.html",
            "https://linux.oracle.com/errata/ELSA-2023-6939.html",
            "https://nvd.nist.gov/vuln/detail/CVE-2023-3978",
            "https://pkg.go.dev/vuln/GO-2023-1988",
            "https://www.cve.org/CVERecord?id=CVE-2023-3978"
          ],
          "PublishedDate": "2023-08-02T20:15:12.097Z",
          "LastModifiedDate": "2023-11-07T04:20:03.647Z"
        },
        {
          "VulnerabilityID": "CVE-2023-44487",
          "PkgName": "golang.org/x/net",
          "PkgIdentifier": {
            "PURL": "pkg:golang/golang.org/x/net@v0.0.0-20220524220425-1d687d428aca"
          },
          "InstalledVersion": "v0.0.0-20220524220425-1d687d428aca",
          "FixedVersion": "0.17.0",
          "Status": "fixed",
          "Layer": {
            "DiffID": "sha256:d01384fea991c7bac1249edc4ad75507ea8f4eececc71c779a3f9d787ad8d5b0"
          },
          "SeveritySource": "ghsa",
          "PrimaryURL": "https://avd.aquasec.com/nvd/cve-2023-44487",
          "DataSource": {
            "ID": "ghsa",
            "Name": "GitHub Security Advisory Go",
            "URL": "https://github.com/advisories?query=type%3Areviewed+ecosystem%3Ago"
          },
          "Title": "HTTP/2: Multiple HTTP/2 enabled web servers are vulnerable to a DDoS attack (Rapid Reset Attack)",
          "Description": "The HTTP/2 protocol allows a denial of service (server resource consumption) because request cancellation can reset many streams quickly, as exploited in the wild in August through October 2023.",
          "Severity": "MEDIUM",
          "CweIDs": [
            "CWE-400"
          ],
          "VendorSeverity": {
            "alma": 3,
            "amazon": 3,
            "bitnami": 3,
            "cbl-mariner": 3,
            "ghsa": 2,
            "nvd": 3,
            "oracle-oval": 3,
            "photon": 3,
            "redhat": 3,
            "rocky": 3,
            "ubuntu": 2
          },
          "CVSS": {
            "bitnami": {
              "V3Vector": "CVSS:3.1/AV:N/AC:L/PR:N/UI:N/S:U/C:N/I:N/A:H",
              "V3Score": 7.5
            },
            "ghsa": {
              "V3Vector": "CVSS:3.1/AV:N/AC:L/PR:N/UI:N/S:U/C:N/I:N/A:L",
              "V3Score": 5.3
            },
            "nvd": {
              "V3Vector": "CVSS:3.1/AV:N/AC:L/PR:N/UI:N/S:U/C:N/I:N/A:H",
              "V3Score": 7.5
            },
            "redhat": {
              "V3Vector": "CVSS:3.1/AV:N/AC:L/PR:N/UI:N/S:U/C:N/I:N/A:H",
              "V3Score": 7.5
            }
          },
          "References": [
            "http://www.openwall.com/lists/oss-security/2023/10/13/4",
            "http://www.openwall.com/lists/oss-security/2023/10/13/9",
            "http://www.openwall.com/lists/oss-security/2023/10/18/4",
            "http://www.openwall.com/lists/oss-security/2023/10/18/8",
            "http://www.openwall.com/lists/oss-security/2023/10/19/6",
            "http://www.openwall.com/lists/oss-security/2023/10/20/8",
            "https://access.redhat.com/errata/RHSA-2023:6746",
            "https://access.redhat.com/security/cve/CVE-2023-44487",
            "https://access.redhat.com/security/cve/cve-2023-44487",
            "https://arstechnica.com/security/2023/10/how-ddosers-used-the-http-2-protocol-to-deliver-attacks-of-unprecedented-size",
            "https://arstechnica.com/security/2023/10/how-ddosers-used-the-http-2-protocol-to-deliver-attacks-of-unprecedented-size/",
            "https://aws.amazon.com/security/security-bulletins/AWS-2023-011",
            "https://aws.amazon.com/security/security-bulletins/AWS-2023-011/",
            "https://blog.cloudflare.com/technical-breakdown-http2-rapid-reset-ddos-attack",
            "https://blog.cloudflare.com/technical-breakdown-http2-rapid-reset-ddos-attack/",
            "https://blog.cloudflare.com/zero-day-rapid-reset-http2-record-breaking-ddos-attack",
            "https://blog.cloudflare.com/zero-day-rapid-reset-http2-record-breaking-ddos-attack/",
            "https://blog.litespeedtech.com/2023/10/11/rapid-reset-http-2-vulnerablilty",
            "https://blog.litespeedtech.com/2023/10/11/rapid-reset-http-2-vulnerablilty/",
            "https://blog.qualys.com/vulnerabilities-threat-research/2023/10/10/cve-2023-44487-http-2-rapid-reset-attack",
            "https://blog.vespa.ai/cve-2023-44487",
            "https://blog.vespa.ai/cve-2023-44487/",
            "https://bugzilla.proxmox.com/show_bug.cgi?id=4988",
            "https://bugzilla.redhat.com/2242803",
            "https://bugzilla.redhat.com/show_bug.cgi?id=2242803",
            "https://bugzilla.suse.com/show_bug.cgi?id=1216123",
            "https://cgit.freebsd.org/ports/commit/?id=c64c329c2c1752f46b73e3e6ce9f4329be6629f9",
            "https://chaos.social/@icing/111210915918780532",
            "https://cloud.google.com/blog/products/identity-security/google-cloud-mitigated-largest-ddos-attack-peaking-above-398-million-rps",
            "https://cloud.google.com/blog/products/identity-security/google-cloud-mitigated-largest-ddos-attack-peaking-above-398-million-rps/",
            "https://cloud.google.com/blog/products/identity-security/how-it-works-the-novel-http2-rapid-reset-ddos-attack",
            "https://community.traefik.io/t/is-traefik-vulnerable-to-cve-2023-44487/20125",
            "https://cve.mitre.org/cgi-bin/cvename.cgi?name=CVE-2023-44487",
            "https://devblogs.microsoft.com/dotnet/october-2023-updates/",
            "https://discuss.hashicorp.com/t/hcsec-2023-32-vault-consul-and-boundary-affected-by-http-2-rapid-reset-denial-of-service-vulnerability-cve-2023-44487/59715",
            "https://edg.io/lp/blog/resets-leaks-ddos-and-the-tale-of-a-hidden-cve",
            "https://errata.almalinux.org/9/ALSA-2023-6746.html",
            "https://errata.rockylinux.org/RLSA-2023:5838",
            "https://forums.swift.org/t/swift-nio-http2-security-update-cve-2023-44487-http-2-dos/67764",
            "https://gist.github.com/adulau/7c2bfb8e9cdbe4b35a5e131c66a0c088",
            "https://github.com/Azure/AKS/issues/3947",
            "https://github.com/Kong/kong/discussions/11741",
            "https://github.com/advisories/GHSA-qppj-fm5r-hxr3",
            "https://github.com/advisories/GHSA-vx74-f528-fxqg",
            "https://github.com/advisories/GHSA-xpw8-rcwv-8f8p",
            "https://github.com/akka/akka-http/issues/4323",
            "https://github.com/alibaba/tengine/issues/1872",
            "https://github.com/apache/apisix/issues/10320",
            "https://github.com/apache/httpd-site/pull/10",
            "https://github.com/apache/httpd/blob/afcdbeebbff4b0c50ea26cdd16e178c0d1f24152/modules/http2/h2_mplx.c#L1101-L1113",
            "https://github.com/apache/tomcat/tree/main/java/org/apache/coyote/http2",
            "https://github.com/apache/trafficserver/pull/10564",
            "https://github.com/apple/swift-nio-http2",
            "https://github.com/apple/swift-nio-http2/security/advisories/GHSA-qppj-fm5r-hxr3",
            "https://github.com/arkrwn/PoC/tree/main/CVE-2023-44487",
            "https://github.com/bcdannyboy/CVE-2023-44487",
            "https://github.com/caddyserver/caddy/issues/5877",
            "https://github.com/caddyserver/caddy/releases/tag/v2.7.5",
            "https://github.com/dotnet/announcements/issues/277",
            "https://github.com/dotnet/core/blob/e4613450ea0da7fd2fc6b61dfb2c1c1dec1ce9ec/release-notes/6.0/6.0.23/6.0.23.md?plain=1#L73",
            "https://github.com/eclipse/jetty.project/issues/10679",
            "https://github.com/envoyproxy/envoy/pull/30055",
            "https://github.com/etcd-io/etcd/issues/16740",
            "https://github.com/facebook/proxygen/pull/466",
            "https://github.com/golang/go/issues/63417",
            "https://github.com/grpc/grpc-go/pull/6703",
            "https://github.com/grpc/grpc-go/releases",
            "https://github.com/h2o/h2o/pull/3291",
            "https://github.com/h2o/h2o/security/advisories/GHSA-2m7v-gc89-fjqf",
            "https://github.com/haproxy/haproxy/issues/2312",
            "https://github.com/hyperium/hyper/issues/3337",
            "https://github.com/icing/mod_h2/blob/0a864782af0a942aa2ad4ed960a6b32cd35bcf0a/mod_http2/README.md?plain=1#L239-L244",
            "https://github.com/junkurihara/rust-rpxy/issues/97",
            "https://github.com/kazu-yamamoto/http2/commit/f61d41a502bd0f60eb24e1ce14edc7b6df6722a1",
            "https://github.com/kazu-yamamoto/http2/issues/93",
            "https://github.com/kubernetes/kubernetes/pull/121120",
            "https://github.com/line/armeria/pull/5232",
            "https://github.com/linkerd/website/pull/1695/commits/4b9c6836471bc8270ab48aae6fd2181bc73fd632",
            "https://github.com/micrictor/http2-rst-stream",
            "https://github.com/microsoft/CBL-Mariner/pull/6381",
            "https://github.com/netty/netty/commit/58f75f665aa81a8cbcf6ffa74820042a285c5e61",
            "https://github.com/nghttp2/nghttp2/pull/1961",
            "https://github.com/nghttp2/nghttp2/releases/tag/v1.57.0",
            "https://github.com/ninenines/cowboy/issues/1615",
            "https://github.com/nodejs/node/pull/50121",
            "https://github.com/openresty/openresty/issues/930",
            "https://github.com/opensearch-project/data-prepper/issues/3474",
            "https://github.com/oqtane/oqtane.framework/discussions/3367",
            "https://github.com/projectcontour/contour/pull/5826",
            "https://github.com/tempesta-tech/tempesta/issues/1986",
            "https://github.com/varnishcache/varnish-cache/issues/3996",
            "https://go.dev/cl/534215",
            "https://go.dev/cl/534235",
            "https://go.dev/issue/63417",
            "https://groups.google.com/g/golang-announce/c/iNNxDTCjZvo",
            "https://groups.google.com/g/golang-announce/c/iNNxDTCjZvo/m/UDd7VKQuAAAJ",
            "https://istio.io/latest/news/security/istio-security-2023-004",
            "https://istio.io/latest/news/security/istio-security-2023-004/",
            "https://linkerd.io/2023/10/12/linkerd-cve-2023-44487",
            "https://linkerd.io/2023/10/12/linkerd-cve-2023-44487/",
            "https://linux.oracle.com/cve/CVE-2023-44487.html",
            "https://linux.oracle.com/errata/ELSA-2023-7205.html",
            "https://lists.apache.org/thread/5py8h42mxfsn8l1wy6o41xwhsjlsd87q",
            "https://lists.debian.org/debian-lts-announce/2023/10/msg00020.html",
            "https://lists.debian.org/debian-lts-announce/2023/10/msg00023.html",
            "https://lists.debian.org/debian-lts-announce/2023/10/msg00024.html",
            "https://lists.debian.org/debian-lts-announce/2023/10/msg00045.html",
            "https://lists.debian.org/debian-lts-announce/2023/10/msg00047.html",
            "https://lists.debian.org/debian-lts-announce/2023/11/msg00001.html",
            "https://lists.debian.org/debian-lts-announce/2023/11/msg00012.html",
            "https://lists.fedoraproject.org/archives/list/package-announce%40lists.fedoraproject.org/message/2MBEPPC36UBVOZZNAXFHKLFGSLCMN5LI",
            "https://lists.fedoraproject.org/archives/list/package-announce%40lists.fedoraproject.org/message/2MBEPPC36UBVOZZNAXFHKLFGSLCMN5LI/",
            "https://lists.fedoraproject.org/archives/list/package-announce%40lists.fedoraproject.org/message/3N4NJ7FR4X4FPZUGNTQAPSTVB2HB2Y4A",
            "https://lists.fedoraproject.org/archives/list/package-announce%40lists.fedoraproject.org/message/3N4NJ7FR4X4FPZUGNTQAPSTVB2HB2Y4A/",
            "https://lists.fedoraproject.org/archives/list/package-announce%40lists.fedoraproject.org/message/BFQD3KUEMFBHPAPBGLWQC34L4OWL5HAZ",
            "https://lists.fedoraproject.org/archives/list/package-announce%40lists.fedoraproject.org/message/BFQD3KUEMFBHPAPBGLWQC34L4OWL5HAZ/",
            "https://lists.fedoraproject.org/archives/list/package-announce%40lists.fedoraproject.org/message/CLB4TW7KALB3EEQWNWCN7OUIWWVWWCG2",
            "https://lists.fedoraproject.org/archives/list/package-announce%40lists.fedoraproject.org/message/CLB4TW7KALB3EEQWNWCN7OUIWWVWWCG2/",
            "https://lists.fedoraproject.org/archives/list/package-announce%40lists.fedoraproject.org/message/E72T67UPDRXHIDLO3OROR25YAMN4GGW5",
            "https://lists.fedoraproject.org/archives/list/package-announce%40lists.fedoraproject.org/message/E72T67UPDRXHIDLO3OROR25YAMN4GGW5/",
            "https://lists.fedoraproject.org/archives/list/package-announce%40lists.fedoraproject.org/message/FNA62Q767CFAFHBCDKYNPBMZWB7TWYVU",
            "https://lists.fedoraproject.org/archives/list/package-announce%40lists.fedoraproject.org/message/FNA62Q767CFAFHBCDKYNPBMZWB7TWYVU/",
            "https://lists.fedoraproject.org/archives/list/package-announce%40lists.fedoraproject.org/message/HT7T2R4MQKLIF4ODV4BDLPARWFPCJ5CZ",
            "https://lists.fedoraproject.org/archives/list/package-announce%40lists.fedoraproject.org/message/HT7T2R4MQKLIF4ODV4BDLPARWFPCJ5CZ/",
            "https://lists.fedoraproject.org/archives/list/package-announce%40lists.fedoraproject.org/message/JIZSEFC3YKCGABA2BZW6ZJRMDZJMB7PJ",
            "https://lists.fedoraproject.org/archives/list/package-announce%40lists.fedoraproject.org/message/JIZSEFC3YKCGABA2BZW6ZJRMDZJMB7PJ/",
            "https://lists.fedoraproject.org/archives/list/package-announce%40lists.fedoraproject.org/message/JMEXY22BFG5Q64HQCM5CK2Q7KDKVV4TY",
            "https://lists.fedoraproject.org/archives/list/package-announce%40lists.fedoraproject.org/message/JMEXY22BFG5Q64HQCM5CK2Q7KDKVV4TY/",
            "https://lists.fedoraproject.org/archives/list/package-announce%40lists.fedoraproject.org/message/KSEGD2IWKNUO3DWY4KQGUQM5BISRWHQE",
            "https://lists.fedoraproject.org/archives/list/package-announce%40lists.fedoraproject.org/message/KSEGD2IWKNUO3DWY4KQGUQM5BISRWHQE/",
            "https://lists.fedoraproject.org/archives/list/package-announce%40lists.fedoraproject.org/message/LKYHSZQFDNR7RSA7LHVLLIAQMVYCUGBG",
            "https://lists.fedoraproject.org/archives/list/package-announce%40lists.fedoraproject.org/message/LKYHSZQFDNR7RSA7LHVLLIAQMVYCUGBG/",
            "https://lists.fedoraproject.org/archives/list/package-announce%40lists.fedoraproject.org/message/LNMZJCDHGLJJLXO4OXWJMTVQRNWOC7UL",
            "https://lists.fedoraproject.org/archives/list/package-announce%40lists.fedoraproject.org/message/LNMZJCDHGLJJLXO4OXWJMTVQRNWOC7UL/",
            "https://lists.fedoraproject.org/archives/list/package-announce%40lists.fedoraproject.org/message/VHUHTSXLXGXS7JYKBXTA3VINUPHTNGVU",
            "https://lists.fedoraproject.org/archives/list/package-announce%40lists.fedoraproject.org/message/VHUHTSXLXGXS7JYKBXTA3VINUPHTNGVU/",
            "https://lists.fedoraproject.org/archives/list/package-announce%40lists.fedoraproject.org/message/VSRDIV77HNKUSM7SJC5BKE5JSHLHU2NK",
            "https://lists.fedoraproject.org/archives/list/package-announce%40lists.fedoraproject.org/message/VSRDIV77HNKUSM7SJC5BKE5JSHLHU2NK/",
            "https://lists.fedoraproject.org/archives/list/package-announce%40lists.fedoraproject.org/message/WE2I52RHNNU42PX6NZ2RBUHSFFJ2LVZX",
            "https://lists.fedoraproject.org/archives/list/package-announce%40lists.fedoraproject.org/message/WE2I52RHNNU42PX6NZ2RBUHSFFJ2LVZX/",
            "https://lists.fedoraproject.org/archives/list/package-announce%40lists.fedoraproject.org/message/WLPRQ5TWUQQXYWBJM7ECYDAIL2YVKIUH",
            "https://lists.fedoraproject.org/archives/list/package-announce%40lists.fedoraproject.org/message/WLPRQ5TWUQQXYWBJM7ECYDAIL2YVKIUH/",
            "https://lists.fedoraproject.org/archives/list/package-announce%40lists.fedoraproject.org/message/X6QXN4ORIVF6XBW4WWFE7VNPVC74S45Y",
            "https://lists.fedoraproject.org/archives/list/package-announce%40lists.fedoraproject.org/message/X6QXN4ORIVF6XBW4WWFE7VNPVC74S45Y/",
            "https://lists.fedoraproject.org/archives/list/package-announce%40lists.fedoraproject.org/message/XFOIBB4YFICHDM7IBOP7PWXW3FX4HLL2",
            "https://lists.fedoraproject.org/archives/list/package-announce%40lists.fedoraproject.org/message/XFOIBB4YFICHDM7IBOP7PWXW3FX4HLL2/",
            "https://lists.fedoraproject.org/archives/list/package-announce%40lists.fedoraproject.org/message/ZB43REMKRQR62NJEI7I5NQ4FSXNLBKRT",
            "https://lists.fedoraproject.org/archives/list/package-announce%40lists.fedoraproject.org/message/ZB43REMKRQR62NJEI7I5NQ4FSXNLBKRT/",
            "https://lists.fedoraproject.org/archives/list/package-announce%40lists.fedoraproject.org/message/ZKQSIKIAT5TJ3WSLU3RDBQ35YX4GY4V3",
            "https://lists.fedoraproject.org/archives/list/package-announce%40lists.fedoraproject.org/message/ZKQSIKIAT5TJ3WSLU3RDBQ35YX4GY4V3/",
            "https://lists.fedoraproject.org/archives/list/package-announce%40lists.fedoraproject.org/message/ZLU6U2R2IC2K64NDPNMV55AUAO65MAF4",
            "https://lists.fedoraproject.org/archives/list/package-announce%40lists.fedoraproject.org/message/ZLU6U2R2IC2K64NDPNMV55AUAO65MAF4/",
            "https://lists.fedoraproject.org/archives/list/package-announce@lists.fedoraproject.org/message/3N4NJ7FR4X4FPZUGNTQAPSTVB2HB2Y4A",
            "https://lists.fedoraproject.org/archives/list/package-announce@lists.fedoraproject.org/message/BFQD3KUEMFBHPAPBGLWQC34L4OWL5HAZ",
            "https://lists.fedoraproject.org/archives/list/package-announce@lists.fedoraproject.org/message/CLB4TW7KALB3EEQWNWCN7OUIWWVWWCG2",
            "https://lists.fedoraproject.org/archives/list/package-announce@lists.fedoraproject.org/message/E72T67UPDRXHIDLO3OROR25YAMN4GGW5",
            "https://lists.fedoraproject.org/archives/list/package-announce@lists.fedoraproject.org/message/FNA62Q767CFAFHBCDKYNPBMZWB7TWYVU",
            "https://lists.fedoraproject.org/archives/list/package-announce@lists.fedoraproject.org/message/HT7T2R4MQKLIF4ODV4BDLPARWFPCJ5CZ",
            "https://lists.fedoraproject.org/archives/list/package-announce@lists.fedoraproject.org/message/JIZSEFC3YKCGABA2BZW6ZJRMDZJMB7PJ",
            "https://lists.fedoraproject.org/archives/list/package-announce@lists.fedoraproject.org/message/JMEXY22BFG5Q64HQCM5CK2Q7KDKVV4TY",
            "https://lists.fedoraproject.org/archives/list/package-announce@lists.fedoraproject.org/message/KSEGD2IWKNUO3DWY4KQGUQM5BISRWHQE",
            "https://lists.fedoraproject.org/archives/list/package-announce@lists.fedoraproject.org/message/LKYHSZQFDNR7RSA7LHVLLIAQMVYCUGBG",
            "https://lists.fedoraproject.org/archives/list/package-announce@lists.fedoraproject.org/message/LNMZJCDHGLJJLXO4OXWJMTVQRNWOC7UL",
            "https://lists.fedoraproject.org/archives/list/package-announce@lists.fedoraproject.org/message/VHUHTSXLXGXS7JYKBXTA3VINUPHTNGVU",
            "https://lists.fedoraproject.org/archives/list/package-announce@lists.fedoraproject.org/message/VSRDIV77HNKUSM7SJC5BKE5JSHLHU2NK",
            "https://lists.fedoraproject.org/archives/list/package-announce@lists.fedoraproject.org/message/WLPRQ5TWUQQXYWBJM7ECYDAIL2YVKIUH",
            "https://lists.fedoraproject.org/archives/list/package-announce@lists.fedoraproject.org/message/X6QXN4ORIVF6XBW4WWFE7VNPVC74S45Y",
            "https://lists.fedoraproject.org/archives/list/package-announce@lists.fedoraproject.org/message/XFOIBB4YFICHDM7IBOP7PWXW3FX4HLL2",
            "https://lists.fedoraproject.org/archives/list/package-announce@lists.fedoraproject.org/message/ZB43REMKRQR62NJEI7I5NQ4FSXNLBKRT",
            "https://lists.fedoraproject.org/archives/list/package-announce@lists.fedoraproject.org/message/ZKQSIKIAT5TJ3WSLU3RDBQ35YX4GY4V3",
            "https://lists.fedoraproject.org/archives/list/package-announce@lists.fedoraproject.org/message/ZLU6U2R2IC2K64NDPNMV55AUAO65MAF4",
            "https://lists.w3.org/Archives/Public/ietf-http-wg/2023OctDec/0025.html",
            "https://mailman.nginx.org/pipermail/nginx-devel/2023-October/S36Q5HBXR7CAIMPLLPRSSSYR4PCMWILK.html",
            "https://martinthomson.github.io/h2-stream-limits/draft-thomson-httpbis-h2-stream-limits.html",
            "https://msrc.microsoft.com/blog/2023/10/microsoft-response-to-distributed-denial-of-service-ddos-attacks-against-http/2",
            "https://msrc.microsoft.com/blog/2023/10/microsoft-response-to-distributed-denial-of-service-ddos-attacks-against-http/2/",
            "https://msrc.microsoft.com/update-guide/vulnerability/CVE-2023-44487",
            "https://my.f5.com/manage/s/article/K000137106",
            "https://netty.io/news/2023/10/10/4-1-100-Final.html",
            "https://news.ycombinator.com/item?id=37830987",
            "https://news.ycombinator.com/item?id=37830998",
            "https://news.ycombinator.com/item?id=37831062",
            "https://news.ycombinator.com/item?id=37837043",
            "https://nodejs.org/en/blog/vulnerability/october-2023-security-releases",
            "https://nvd.nist.gov/vuln/detail/CVE-2023-44487",
            "https://openssf.org/blog/2023/10/10/http-2-rapid-reset-vulnerability-highlights-need-for-rapid-response",
            "https://openssf.org/blog/2023/10/10/http-2-rapid-reset-vulnerability-highlights-need-for-rapid-response/",
            "https://pkg.go.dev/vuln/GO-2023-2102",
            "https://seanmonstar.com/post/730794151136935936/hyper-http2-rapid-reset-unaffected",
            "https://security.gentoo.org/glsa/202311-09",
            "https://security.netapp.com/advisory/ntap-20231016-0001",
            "https://security.netapp.com/advisory/ntap-20231016-0001/",
            "https://security.paloaltonetworks.com/CVE-2023-44487",
            "https://tomcat.apache.org/security-10.html#Fixed_in_Apache_Tomcat_10.1.14",
            "https://tomcat.apache.org/security-11.html#Fixed_in_Apache_Tomcat_11.0.0-M12",
            "https://tomcat.apache.org/security-8.html#Fixed_in_Apache_Tomcat_8.5.94",
            "https://tomcat.apache.org/security-9.html#Fixed_in_Apache_Tomcat_9.0.81",
            "https://ubuntu.com/security/CVE-2023-44487",
            "https://ubuntu.com/security/notices/USN-6427-1",
            "https://ubuntu.com/security/notices/USN-6427-2",
            "https://ubuntu.com/security/notices/USN-6438-1",
            "https://ubuntu.com/security/notices/USN-6505-1",
            "https://ubuntu.com/security/notices/USN-6574-1",
            "https://www.bleepingcomputer.com/news/security/new-http-2-rapid-reset-zero-day-attack-breaks-ddos-records",
            "https://www.bleepingcomputer.com/news/security/new-http-2-rapid-reset-zero-day-attack-breaks-ddos-records/",
            "https://www.cisa.gov/news-events/alerts/2023/10/10/http2-rapid-reset-vulnerability-cve-2023-44487",
            "https://www.cve.org/CVERecord?id=CVE-2023-44487",
            "https://www.darkreading.com/cloud/internet-wide-zero-day-bug-fuels-largest-ever-ddos-event",
            "https://www.debian.org/security/2023/dsa-5521",
            "https://www.debian.org/security/2023/dsa-5522",
            "https://www.debian.org/security/2023/dsa-5540",
            "https://www.debian.org/security/2023/dsa-5549",
            "https://www.debian.org/security/2023/dsa-5558",
            "https://www.debian.org/security/2023/dsa-5570",
            "https://www.haproxy.com/blog/haproxy-is-not-affected-by-the-http-2-rapid-reset-attack-cve-2023-44487",
            "https://www.mail-archive.com/haproxy@formilux.org/msg44134.html",
            "https://www.netlify.com/blog/netlify-successfully-mitigates-cve-2023-44487",
            "https://www.netlify.com/blog/netlify-successfully-mitigates-cve-2023-44487/",
            "https://www.nginx.com/blog/http-2-rapid-reset-attack-impacting-f5-nginx-products",
            "https://www.nginx.com/blog/http-2-rapid-reset-attack-impacting-f5-nginx-products/",
            "https://www.openwall.com/lists/oss-security/2023/10/10/6",
            "https://www.phoronix.com/news/HTTP2-Rapid-Reset-Attack",
            "https://www.theregister.com/2023/10/10/http2_rapid_reset_zeroday",
            "https://www.theregister.com/2023/10/10/http2_rapid_reset_zeroday/"
          ],
          "PublishedDate": "2023-10-10T14:15:10.883Z",
          "LastModifiedDate": "2024-02-02T15:40:23.61Z"
        },
        {
          "VulnerabilityID": "CVE-2022-32149",
          "PkgName": "golang.org/x/text",
          "PkgIdentifier": {
            "PURL": "pkg:golang/golang.org/x/text@v0.3.7"
          },
          "InstalledVersion": "v0.3.7",
          "FixedVersion": "0.3.8",
          "Status": "fixed",
          "Layer": {
            "DiffID": "sha256:d01384fea991c7bac1249edc4ad75507ea8f4eececc71c779a3f9d787ad8d5b0"
          },
          "SeveritySource": "ghsa",
          "PrimaryURL": "https://avd.aquasec.com/nvd/cve-2022-32149",
          "DataSource": {
            "ID": "ghsa",
            "Name": "GitHub Security Advisory Go",
            "URL": "https://github.com/advisories?query=type%3Areviewed+ecosystem%3Ago"
          },
          "Title": "golang: golang.org/x/text/language: ParseAcceptLanguage takes a long time to parse complex tags",
          "Description": "An attacker may cause a denial of service by crafting an Accept-Language header which ParseAcceptLanguage will take significant time to parse.",
          "Severity": "HIGH",
          "CweIDs": [
            "CWE-772"
          ],
          "VendorSeverity": {
            "cbl-mariner": 3,
            "ghsa": 3,
            "nvd": 3,
            "redhat": 2,
            "ubuntu": 2
          },
          "CVSS": {
            "ghsa": {
              "V3Vector": "CVSS:3.1/AV:N/AC:L/PR:N/UI:N/S:U/C:N/I:N/A:H",
              "V3Score": 7.5
            },
            "nvd": {
              "V3Vector": "CVSS:3.1/AV:N/AC:L/PR:N/UI:N/S:U/C:N/I:N/A:H",
              "V3Score": 7.5
            },
            "redhat": {
              "V3Vector": "CVSS:3.1/AV:N/AC:L/PR:N/UI:N/S:U/C:N/I:N/A:H",
              "V3Score": 7.5
            }
          },
          "References": [
            "https://access.redhat.com/security/cve/CVE-2022-32149",
            "https://cve.mitre.org/cgi-bin/cvename.cgi?name=CVE-2022-32149",
            "https://github.com/golang/go/issues/56152",
            "https://github.com/golang/text",
            "https://github.com/golang/text/commit/434eadcdbc3b0256971992e8c70027278364c72c",
            "https://github.com/golang/text/commit/434eadcdbc3b0256971992e8c70027278364c72c (v0.3.8)",
            "https://go.dev/cl/442235",
            "https://go.dev/issue/56152",
            "https://groups.google.com/g/golang-announce/c/-hjNw559_tE/m/KlGTfid5CAAJ",
            "https://groups.google.com/g/golang-dev/c/qfPIly0X7aU",
            "https://nvd.nist.gov/vuln/detail/CVE-2022-32149",
            "https://pkg.go.dev/vuln/GO-2022-1059",
            "https://ubuntu.com/security/notices/USN-5873-1",
            "https://www.cve.org/CVERecord?id=CVE-2022-32149"
          ],
          "PublishedDate": "2022-10-14T15:15:34.543Z",
          "LastModifiedDate": "2022-10-18T17:41:31.897Z"
        }
      ]
    }
  ]
}
