{
  "SchemaVersion": 2,
  "CreatedAt": "2024-02-25T23:05:39.069982129Z",
  "ArtifactName": "amazon/aws-cli:latest",
  "ArtifactType": "container_image",
  "Metadata": {
    "OS": {
      "Family": "amazon",
      "Name": "2 (Karoo)"
    },
    "ImageID": "sha256:a62e031633b96826c2c0a751563be3389cefae2108eb3406b7d4868127f2ce5c",
    "DiffIDs": [
      "sha256:7cbc4ba24a3c1bf1e3771b19030a787b97832a4e48943e3293ff0526a487e2cd",
      "sha256:42e9ed8ef2e4a728dbde4611756ad147ceb2d3ea3a0be7b2e3d55f3b24c891ac",
      "sha256:94ecac66aff12a58ab3971665e1bd2c9f110e51476dc73bd92304687867e5f3c",
      "sha256:637bc4be9f26091df826b4c1692ae3ae4913862d339cb8001af759b55cb1f228",
      "sha256:09e46042d7ec51d25b137fea2284f52cf6ef0bca1776fad4541033a9298930f1"
    ],
    "RepoTags": [
      "amazon/aws-cli:latest"
    ],
    "RepoDigests": [
      "amazon/aws-cli@sha256:a98a273a297f555ac76dedd8eb0c78475e04aa2a53853cc4fcbf6e3570324129"
    ],
    "ImageConfig": {
      "architecture": "amd64",
      "container": "12e9080ab08fe0b4cd1ef2db9efd52dccc44b4882c4c1585de9f40234b16d9ed",
      "created": "2024-02-23T18:21:35.317042564Z",
      "docker_version": "20.10.9",
      "history": [
        {
          "created": "2024-01-26T18:43:35.938951805Z",
          "created_by": "/bin/sh -c #(nop) ADD file:d00ff253a0cf61501fe3e698475a9fad05c3beeaa9313e6a430850d31b21cb10 in / "
        },
        {
          "created": "2024-01-26T18:43:37.241417525Z",
          "created_by": "/bin/sh -c #(nop)  CMD [\"/bin/bash\"]",
          "empty_layer": true
        },
        {
          "created": "2024-02-23T18:21:29.662025828Z",
          "created_by": "/bin/sh -c yum update -y   \u0026\u0026 yum install -y less groff   \u0026\u0026 yum clean all"
        },
        {
          "created": "2024-02-23T18:21:33.555228718Z",
          "created_by": "/bin/sh -c #(nop) COPY dir:81b956713388c77fc67d6e7676963c5cea443c6f8d8037aa1756cffbc4d5fbb9 in /usr/local/aws-cli/ "
        },
        {
          "created": "2024-02-23T18:21:34.906438434Z",
          "created_by": "/bin/sh -c #(nop) COPY dir:30a2b8df3a450faffd46456ba9473e34941032f1135f997c99ae89b394e5160b in /usr/local/bin/ "
        },
        {
          "created": "2024-02-23T18:21:35.133031442Z",
          "created_by": "/bin/sh -c #(nop) WORKDIR /aws"
        },
        {
          "created": "2024-02-23T18:21:35.317042564Z",
          "created_by": "/bin/sh -c #(nop)  ENTRYPOINT [\"/usr/local/bin/aws\"]",
          "empty_layer": true
        }
      ],
      "os": "linux",
      "rootfs": {
        "type": "layers",
        "diff_ids": [
          "sha256:7cbc4ba24a3c1bf1e3771b19030a787b97832a4e48943e3293ff0526a487e2cd",
          "sha256:42e9ed8ef2e4a728dbde4611756ad147ceb2d3ea3a0be7b2e3d55f3b24c891ac",
          "sha256:94ecac66aff12a58ab3971665e1bd2c9f110e51476dc73bd92304687867e5f3c",
          "sha256:637bc4be9f26091df826b4c1692ae3ae4913862d339cb8001af759b55cb1f228",
          "sha256:09e46042d7ec51d25b137fea2284f52cf6ef0bca1776fad4541033a9298930f1"
        ]
      },
      "config": {
        "Entrypoint": [
          "/usr/local/bin/aws"
        ],
        "Env": [
          "PATH=/usr/local/sbin:/usr/local/bin:/usr/sbin:/usr/bin:/sbin:/bin"
        ],
        "Image": "sha256:416edb76afb252e4a45cc8dbd51f65a9550970b368f8b3ea09e15b28df785184",
        "WorkingDir": "/aws"
      }
    }
  },
  "Results": [
    {
      "Target": "amazon/aws-cli:latest (amazon 2 (Karoo))",
      "Class": "os-pkgs",
      "Type": "amazon"
    }
  ]
}
