{
  "SchemaVersion": 2,
  "CreatedAt": "2024-02-25T22:27:44.142092548Z",
  "ArtifactName": "amazon/aws-for-fluent-bit:latest",
  "ArtifactType": "container_image",
  "Metadata": {
    "OS": {
      "Family": "amazon",
      "Name": "2 (Karoo)"
    },
    "ImageID": "sha256:3952d36a5e5c6961b7dd1545e615c9a12a4f90fcb4b06bb418d60feb3f18c8de",
    "DiffIDs": [
      "sha256:d9907b0445f99536393e97b14cedc84631070353d67727d1006de12c9a2a6fa8",
      "sha256:41685b4b6b36ce93ed3f794352e3c8a11f90e57218a996a7002e4051371e9166",
      "sha256:e009aca566e553427aea9a2ffc42ffe3cfa8f5a95552af5e958b96d2ac17e0e8",
      "sha256:58b8e1ca4dc27bf003c8199116198c8116091c00ef3586ac21e292da77f5f48e",
      "sha256:9fb916129d8ab752340524d996519c8d5a13b9b17313989210c3daa80457b26a",
      "sha256:df8f0e5797bb14ba286a3bc1e2e604002859d6a346a3f10f261060f64c530532",
      "sha256:6a8e3294dff28a925195044774a7fb85b2c5a64f46c19d63612e9280a6c3e42b",
      "sha256:d3be3a07e22633c8a7ad4474d3586a681f16a0b4aa369f0bd152117964e3ae50",
      "sha256:e03982181e4b6e854d98fb6d94570d436f79b31254ec93aa829dd2c1ef1d6383",
      "sha256:f2af444ba1145c2dd7bff380a6b306c93fd7874312d3de7eb9777ac1f06ca8c8",
      "sha256:b915cc07d011d8c292256a9cf710c36b2c194af406780530221951b125b6d2cb",
      "sha256:db37ee1c7f9d1e98d34b836bbd78b1f2d0c386f8f854e94fdc985182167b0f3e",
      "sha256:350e06a484cb418296ace881795159809473d9788a0b469f54db1fdae3daec99",
      "sha256:7aabac815aae561b1624ccfdee25052722aaac8160b5d46672dd0b29adb7f391",
      "sha256:abe28a3023109bfc57fcf8c1782ef1217acf7eeef8693531bf1fc8d0634d5548",
      "sha256:4bc2f3fe5546ce14f79332a88146df90f0bc37be2eb80d92584fa7a4ee002267",
      "sha256:3c6431d7ef6adc909b3a5328359121bf1dc9982c18631bbd31fc2e0cfe99f858",
      "sha256:3c6431d7ef6adc909b3a5328359121bf1dc9982c18631bbd31fc2e0cfe99f858"
    ],
    "RepoTags": [
      "amazon/aws-for-fluent-bit:latest"
    ],
    "RepoDigests": [
      "amazon/aws-for-fluent-bit@sha256:d1a33dac635f5c1bdaee04a54922bfc38138e3394c0b8d70c6fb73ce669f03aa"
    ],
    "ImageConfig": {
      "architecture": "amd64",
      "container": "4ace3191807cc0463c263af41e72a17fd1f484ba507e91c431488daac6a5cf0d",
      "created": "2024-01-23T21:02:12.546805214Z",
      "docker_version": "18.09.6",
      "history": [
        {
          "created": "2024-01-09T23:14:40Z",
          "created_by": "/bin/sh -c #(nop) ADD file:0bcf61fdf2fa52de31456f20649caf59a530bad2ba4d58039d55ace23bc9753d in / "
        },
        {
          "created": "2024-01-09T23:14:41Z",
          "created_by": "/bin/sh -c #(nop)  CMD [\"/bin/bash\"]",
          "empty_layer": true
        },
        {
          "created": "2024-01-23T21:02:04Z",
          "created_by": "/bin/sh -c yum upgrade -y     \u0026\u0026 yum install -y openssl11-devel           cyrus-sasl-devel           pkgconfig           systemd-devel           zlib-devel           libyaml           nc \u0026\u0026 rm -fr /var/cache/yum"
        },
        {
          "created": "2024-01-23T21:02:05Z",
          "created_by": "/bin/sh -c #(nop) COPY dir:a63372a2e70b266598fef193854f5260664d7b7afbc6d0f61abeee84e838c4c2 in /fluent-bit "
        },
        {
          "created": "2024-01-23T21:02:05Z",
          "created_by": "/bin/sh -c #(nop) COPY file:6a929f0814fb7017d0fb5fe3ff209b3c26856d9ecf8dd22513597f38560b143b in /fluent-bit/kinesis.so "
        },
        {
          "created": "2024-01-23T21:02:06Z",
          "created_by": "/bin/sh -c #(nop) COPY file:61f04822436c1dfa5b439eea01c84c8bd94f6e9834b5102dca582ef13b91d062 in /fluent-bit/firehose.so "
        },
        {
          "created": "2024-01-23T21:02:06Z",
          "created_by": "/bin/sh -c #(nop) COPY file:ab9bf44e470fabb3284be8d8366358801fa20345aeaa3d7c4304c2a0e21be5f1 in /fluent-bit/cloudwatch.so "
        },
        {
          "created": "2024-01-23T21:02:07Z",
          "created_by": "/bin/sh -c mkdir -p /fluent-bit/licenses/fluent-bit"
        },
        {
          "created": "2024-01-23T21:02:08Z",
          "created_by": "/bin/sh -c mkdir -p /fluent-bit/licenses/firehose"
        },
        {
          "created": "2024-01-23T21:02:08Z",
          "created_by": "/bin/sh -c mkdir -p /fluent-bit/licenses/cloudwatch"
        },
        {
          "created": "2024-01-23T21:02:09Z",
          "created_by": "/bin/sh -c mkdir -p /fluent-bit/licenses/kinesis"
        },
        {
          "created": "2024-01-23T21:02:09Z",
          "created_by": "/bin/sh -c #(nop) COPY file:aef9643cd8751748b67c0237196243f190e4855ae40b92cda838ea0144d132cd in /fluent-bit/licenses/fluent-bit/ "
        },
        {
          "created": "2024-01-23T21:02:10Z",
          "created_by": "/bin/sh -c #(nop) COPY multi:21670f9858cefead5bc332568f6de932e088f4b0df0b3724806eba19d195d846 in /fluent-bit/licenses/firehose/ "
        },
        {
          "created": "2024-01-23T21:02:10Z",
          "created_by": "/bin/sh -c #(nop) COPY multi:74af2db8535b1cd55565f7aad1e110bdab515d233b5416d83828406f0376dbe7 in /fluent-bit/licenses/cloudwatch/ "
        },
        {
          "created": "2024-01-23T21:02:10Z",
          "created_by": "/bin/sh -c #(nop) COPY multi:25e45abb301f5c9b5c23efefcd0ef0c37f5c72c16576b82e5c2b3ce2fecc9200 in /fluent-bit/licenses/kinesis/ "
        },
        {
          "created": "2024-01-23T21:02:10Z",
          "created_by": "/bin/sh -c #(nop) COPY file:93b034e1fed57cc121f3881419dfa6674fd45a01e445d578f3d2853cc224ad30 in /AWS_FOR_FLUENT_BIT_VERSION "
        },
        {
          "created": "2024-01-23T21:02:11Z",
          "created_by": "/bin/sh -c #(nop) ADD dir:8ab7c8490ff798a87dab6c6db75762b22dd372b8c55c52b668e7272399f58bd9 in /ecs/ "
        },
        {
          "created": "2024-01-23T21:02:11Z",
          "created_by": "/bin/sh -c #(nop) COPY file:f8eecb494440f0cace2a78ac61bd8ecfaf0d98db9ff79dbea5ba2c32898da9fe in /entrypoint.sh "
        },
        {
          "created": "2024-01-23T21:02:12Z",
          "created_by": "/bin/sh -c chmod +x /entrypoint.sh"
        },
        {
          "created": "2024-01-23T21:02:12Z",
          "created_by": "/bin/sh -c #(nop)  EXPOSE 2020",
          "empty_layer": true
        },
        {
          "created": "2024-01-23T21:02:12Z",
          "created_by": "/bin/sh -c #(nop)  CMD [\"/bin/sh\" \"-c\" \"/entrypoint.sh\"]",
          "empty_layer": true
        }
      ],
      "os": "linux",
      "rootfs": {
        "type": "layers",
        "diff_ids": [
          "sha256:d9907b0445f99536393e97b14cedc84631070353d67727d1006de12c9a2a6fa8",
          "sha256:41685b4b6b36ce93ed3f794352e3c8a11f90e57218a996a7002e4051371e9166",
          "sha256:e009aca566e553427aea9a2ffc42ffe3cfa8f5a95552af5e958b96d2ac17e0e8",
          "sha256:58b8e1ca4dc27bf003c8199116198c8116091c00ef3586ac21e292da77f5f48e",
          "sha256:9fb916129d8ab752340524d996519c8d5a13b9b17313989210c3daa80457b26a",
          "sha256:df8f0e5797bb14ba286a3bc1e2e604002859d6a346a3f10f261060f64c530532",
          "sha256:6a8e3294dff28a925195044774a7fb85b2c5a64f46c19d63612e9280a6c3e42b",
          "sha256:d3be3a07e22633c8a7ad4474d3586a681f16a0b4aa369f0bd152117964e3ae50",
          "sha256:e03982181e4b6e854d98fb6d94570d436f79b31254ec93aa829dd2c1ef1d6383",
          "sha256:f2af444ba1145c2dd7bff380a6b306c93fd7874312d3de7eb9777ac1f06ca8c8",
          "sha256:b915cc07d011d8c292256a9cf710c36b2c194af406780530221951b125b6d2cb",
          "sha256:db37ee1c7f9d1e98d34b836bbd78b1f2d0c386f8f854e94fdc985182167b0f3e",
          "sha256:350e06a484cb418296ace881795159809473d9788a0b469f54db1fdae3daec99",
          "sha256:7aabac815aae561b1624ccfdee25052722aaac8160b5d46672dd0b29adb7f391",
          "sha256:abe28a3023109bfc57fcf8c1782ef1217acf7eeef8693531bf1fc8d0634d5548",
          "sha256:4bc2f3fe5546ce14f79332a88146df90f0bc37be2eb80d92584fa7a4ee002267",
          "sha256:3c6431d7ef6adc909b3a5328359121bf1dc9982c18631bbd31fc2e0cfe99f858",
          "sha256:3c6431d7ef6adc909b3a5328359121bf1dc9982c18631bbd31fc2e0cfe99f858"
        ]
      },
      "config": {
        "Cmd": [
          "/bin/sh",
          "-c",
          "/entrypoint.sh"
        ],
        "Env": [
          "PATH=/usr/local/sbin:/usr/local/bin:/usr/sbin:/usr/bin:/sbin:/bin"
        ],
        "Image": "sha256:ee7e3006c0552ffe3466a949e46b92235208983681fb77ee1956b31712126731",
        "ArgsEscaped": true
      }
    }
  },
  "Results": [
    {
      "Target": "amazon/aws-for-fluent-bit:latest (amazon 2 (Karoo))",
      "Class": "os-pkgs",
      "Type": "amazon",
      "Vulnerabilities": [
        {
          "VulnerabilityID": "CVE-2023-7104",
          "PkgID": "nss@3.90.0-2.amzn2.0.1.x86_64",
          "PkgName": "nss",
          "PkgIdentifier": {
            "PURL": "pkg:rpm/amazon/nss@3.90.0-2.amzn2.0.1?arch=x86_64\u0026distro=amazon-2+%28Karoo%29"
          },
          "InstalledVersion": "3.90.0-2.amzn2.0.1",
          "FixedVersion": "3.90.0-2.amzn2.0.2",
          "Status": "fixed",
          "Layer": {
            "DiffID": "sha256:d9907b0445f99536393e97b14cedc84631070353d67727d1006de12c9a2a6fa8"
          },
          "SeveritySource": "amazon",
          "PrimaryURL": "https://avd.aquasec.com/nvd/cve-2023-7104",
          "DataSource": {
            "ID": "amazon",
            "Name": "Amazon Linux Security Center",
            "URL": "https://alas.aws.amazon.com/"
          },
          "Title": "sqlite: heap-buffer-overflow at sessionfuzz",
          "Description": "A vulnerability was found in SQLite SQLite3 up to 3.43.0 and classified as critical. This issue affects the function sessionReadRecord of the file ext/session/sqlite3session.c of the component make alltest Handler. The manipulation leads to heap-based buffer overflow. It is recommended to apply a patch to fix this issue. The associated identifier of this vulnerability is VDB-248999.",
          "Severity": "HIGH",
          "CweIDs": [
            "CWE-119",
            "CWE-122"
          ],
          "VendorSeverity": {
            "alma": 2,
            "amazon": 3,
            "bitnami": 3,
            "cbl-mariner": 2,
            "nvd": 3,
            "oracle-oval": 2,
            "photon": 3,
            "redhat": 2,
            "rocky": 2,
            "ubuntu": 2
          },
          "CVSS": {
            "bitnami": {
              "V3Vector": "CVSS:3.1/AV:N/AC:L/PR:N/UI:N/S:U/C:L/I:L/A:L",
              "V3Score": 7.3
            },
            "nvd": {
              "V3Vector": "CVSS:3.1/AV:N/AC:L/PR:N/UI:N/S:U/C:L/I:L/A:L",
              "V3Score": 7.3
            },
            "redhat": {
              "V3Vector": "CVSS:3.1/AV:N/AC:L/PR:N/UI:N/S:U/C:L/I:L/A:L",
              "V3Score": 7.3
            }
          },
          "References": [
            "https://access.redhat.com/errata/RHSA-2024:0465",
            "https://access.redhat.com/security/cve/CVE-2023-7104",
            "https://bugzilla.redhat.com/2256194",
            "https://bugzilla.redhat.com/show_bug.cgi?id=2256194",
            "https://cve.mitre.org/cgi-bin/cvename.cgi?name=CVE-2023-7104",
            "https://errata.almalinux.org/9/ALSA-2024-0465.html",
            "https://errata.rockylinux.org/RLSA-2024:0253",
            "https://linux.oracle.com/cve/CVE-2023-7104.html",
            "https://linux.oracle.com/errata/ELSA-2024-0465.html",
            "https://lists.fedoraproject.org/archives/list/package-announce@lists.fedoraproject.org/message/AYONA2XSNFMXLAW4IHLFI5UVV3QRNG5K/",
            "https://lists.fedoraproject.org/archives/list/package-announce@lists.fedoraproject.org/message/D6C2HN4T2S6GYNTAUXLH45LQZHK7QPHP/",
            "https://nvd.nist.gov/vuln/detail/CVE-2023-7104",
            "https://security.netapp.com/advisory/ntap-20240112-0008/",
            "https://sqlite.org/forum/forumpost/5bcbf4571c",
            "https://sqlite.org/src/info/0e4e7a05c4204b47",
            "https://ubuntu.com/security/notices/USN-6566-1",
            "https://vuldb.com/?ctiid.248999",
            "https://vuldb.com/?id.248999",
            "https://www.cve.org/CVERecord?id=CVE-2023-7104"
          ],
          "PublishedDate": "2023-12-29T10:15:13.89Z",
          "LastModifiedDate": "2024-01-12T14:15:49.607Z"
        },
        {
          "VulnerabilityID": "CVE-2023-6135",
          "PkgID": "nss-softokn@3.90.0-6.amzn2.0.1.x86_64",
          "PkgName": "nss-softokn",
          "PkgIdentifier": {
            "PURL": "pkg:rpm/amazon/nss-softokn@3.90.0-6.amzn2.0.1?arch=x86_64\u0026distro=amazon-2+%28Karoo%29"
          },
          "InstalledVersion": "3.90.0-6.amzn2.0.1",
          "FixedVersion": "3.90.0-6.amzn2.0.2",
          "Status": "fixed",
          "Layer": {
            "DiffID": "sha256:41685b4b6b36ce93ed3f794352e3c8a11f90e57218a996a7002e4051371e9166"
          },
          "SeveritySource": "amazon",
          "PrimaryURL": "https://avd.aquasec.com/nvd/cve-2023-6135",
          "DataSource": {
            "ID": "amazon",
            "Name": "Amazon Linux Security Center",
            "URL": "https://alas.aws.amazon.com/"
          },
          "Title": "nss: vulnerable to Minerva side-channel information leak",
          "Description": "Multiple NSS NIST curves were susceptible to a side-channel attack known as \"Minerva\". This attack could potentially allow an attacker to recover the private key. This vulnerability affects Firefox \u003c 121.",
          "Severity": "MEDIUM",
          "CweIDs": [
            "CWE-203"
          ],
          "VendorSeverity": {
            "alma": 2,
            "amazon": 2,
            "nvd": 2,
            "oracle-oval": 2,
            "redhat": 2,
            "ubuntu": 2
          },
          "CVSS": {
            "nvd": {
              "V3Vector": "CVSS:3.1/AV:N/AC:L/PR:N/UI:R/S:U/C:L/I:N/A:N",
              "V3Score": 4.3
            },
            "redhat": {
              "V3Vector": "CVSS:3.1/AV:N/AC:L/PR:N/UI:R/S:U/C:L/I:N/A:N",
              "V3Score": 4.3
            }
          },
          "References": [
            "https://access.redhat.com/errata/RHSA-2024:0790",
            "https://access.redhat.com/security/cve/CVE-2023-6135",
            "https://bugzilla.mozilla.org/show_bug.cgi?id=1853908",
            "https://bugzilla.redhat.com/2249906",
            "https://cve.mitre.org/cgi-bin/cvename.cgi?name=CVE-2023-6135",
            "https://errata.almalinux.org/9/ALSA-2024-0790.html",
            "https://linux.oracle.com/cve/CVE-2023-6135.html",
            "https://linux.oracle.com/errata/ELSA-2024-0790.html",
            "https://minerva.crocs.fi.muni.cz/",
            "https://nvd.nist.gov/vuln/detail/CVE-2023-6135",
            "https://people.redhat.com/~hkario/marvin/",
            "https://security.gentoo.org/glsa/202401-10",
            "https://ubuntu.com/security/notices/USN-6562-1",
            "https://www.cve.org/CVERecord?id=CVE-2023-6135",
            "https://www.mozilla.org/en-US/security/advisories/mfsa2023-56/#CVE-2023-6135",
            "https://www.mozilla.org/security/advisories/mfsa2023-56/"
          ],
          "PublishedDate": "2023-12-19T14:15:07.143Z",
          "LastModifiedDate": "2024-01-07T11:15:14.493Z"
        },
        {
          "VulnerabilityID": "CVE-2023-6135",
          "PkgID": "nss-softokn-freebl@3.90.0-6.amzn2.0.1.x86_64",
          "PkgName": "nss-softokn-freebl",
          "PkgIdentifier": {
            "PURL": "pkg:rpm/amazon/nss-softokn-freebl@3.90.0-6.amzn2.0.1?arch=x86_64\u0026distro=amazon-2+%28Karoo%29"
          },
          "InstalledVersion": "3.90.0-6.amzn2.0.1",
          "FixedVersion": "3.90.0-6.amzn2.0.2",
          "Status": "fixed",
          "Layer": {
            "DiffID": "sha256:41685b4b6b36ce93ed3f794352e3c8a11f90e57218a996a7002e4051371e9166"
          },
          "SeveritySource": "amazon",
          "PrimaryURL": "https://avd.aquasec.com/nvd/cve-2023-6135",
          "DataSource": {
            "ID": "amazon",
            "Name": "Amazon Linux Security Center",
            "URL": "https://alas.aws.amazon.com/"
          },
          "Title": "nss: vulnerable to Minerva side-channel information leak",
          "Description": "Multiple NSS NIST curves were susceptible to a side-channel attack known as \"Minerva\". This attack could potentially allow an attacker to recover the private key. This vulnerability affects Firefox \u003c 121.",
          "Severity": "MEDIUM",
          "CweIDs": [
            "CWE-203"
          ],
          "VendorSeverity": {
            "alma": 2,
            "amazon": 2,
            "nvd": 2,
            "oracle-oval": 2,
            "redhat": 2,
            "ubuntu": 2
          },
          "CVSS": {
            "nvd": {
              "V3Vector": "CVSS:3.1/AV:N/AC:L/PR:N/UI:R/S:U/C:L/I:N/A:N",
              "V3Score": 4.3
            },
            "redhat": {
              "V3Vector": "CVSS:3.1/AV:N/AC:L/PR:N/UI:R/S:U/C:L/I:N/A:N",
              "V3Score": 4.3
            }
          },
          "References": [
            "https://access.redhat.com/errata/RHSA-2024:0790",
            "https://access.redhat.com/security/cve/CVE-2023-6135",
            "https://bugzilla.mozilla.org/show_bug.cgi?id=1853908",
            "https://bugzilla.redhat.com/2249906",
            "https://cve.mitre.org/cgi-bin/cvename.cgi?name=CVE-2023-6135",
            "https://errata.almalinux.org/9/ALSA-2024-0790.html",
            "https://linux.oracle.com/cve/CVE-2023-6135.html",
            "https://linux.oracle.com/errata/ELSA-2024-0790.html",
            "https://minerva.crocs.fi.muni.cz/",
            "https://nvd.nist.gov/vuln/detail/CVE-2023-6135",
            "https://people.redhat.com/~hkario/marvin/",
            "https://security.gentoo.org/glsa/202401-10",
            "https://ubuntu.com/security/notices/USN-6562-1",
            "https://www.cve.org/CVERecord?id=CVE-2023-6135",
            "https://www.mozilla.org/en-US/security/advisories/mfsa2023-56/#CVE-2023-6135",
            "https://www.mozilla.org/security/advisories/mfsa2023-56/"
          ],
          "PublishedDate": "2023-12-19T14:15:07.143Z",
          "LastModifiedDate": "2024-01-07T11:15:14.493Z"
        },
        {
          "VulnerabilityID": "CVE-2023-7104",
          "PkgID": "nss-sysinit@3.90.0-2.amzn2.0.1.x86_64",
          "PkgName": "nss-sysinit",
          "PkgIdentifier": {
            "PURL": "pkg:rpm/amazon/nss-sysinit@3.90.0-2.amzn2.0.1?arch=x86_64\u0026distro=amazon-2+%28Karoo%29"
          },
          "InstalledVersion": "3.90.0-2.amzn2.0.1",
          "FixedVersion": "3.90.0-2.amzn2.0.2",
          "Status": "fixed",
          "Layer": {
            "DiffID": "sha256:d9907b0445f99536393e97b14cedc84631070353d67727d1006de12c9a2a6fa8"
          },
          "SeveritySource": "amazon",
          "PrimaryURL": "https://avd.aquasec.com/nvd/cve-2023-7104",
          "DataSource": {
            "ID": "amazon",
            "Name": "Amazon Linux Security Center",
            "URL": "https://alas.aws.amazon.com/"
          },
          "Title": "sqlite: heap-buffer-overflow at sessionfuzz",
          "Description": "A vulnerability was found in SQLite SQLite3 up to 3.43.0 and classified as critical. This issue affects the function sessionReadRecord of the file ext/session/sqlite3session.c of the component make alltest Handler. The manipulation leads to heap-based buffer overflow. It is recommended to apply a patch to fix this issue. The associated identifier of this vulnerability is VDB-248999.",
          "Severity": "HIGH",
          "CweIDs": [
            "CWE-119",
            "CWE-122"
          ],
          "VendorSeverity": {
            "alma": 2,
            "amazon": 3,
            "bitnami": 3,
            "cbl-mariner": 2,
            "nvd": 3,
            "oracle-oval": 2,
            "photon": 3,
            "redhat": 2,
            "rocky": 2,
            "ubuntu": 2
          },
          "CVSS": {
            "bitnami": {
              "V3Vector": "CVSS:3.1/AV:N/AC:L/PR:N/UI:N/S:U/C:L/I:L/A:L",
              "V3Score": 7.3
            },
            "nvd": {
              "V3Vector": "CVSS:3.1/AV:N/AC:L/PR:N/UI:N/S:U/C:L/I:L/A:L",
              "V3Score": 7.3
            },
            "redhat": {
              "V3Vector": "CVSS:3.1/AV:N/AC:L/PR:N/UI:N/S:U/C:L/I:L/A:L",
              "V3Score": 7.3
            }
          },
          "References": [
            "https://access.redhat.com/errata/RHSA-2024:0465",
            "https://access.redhat.com/security/cve/CVE-2023-7104",
            "https://bugzilla.redhat.com/2256194",
            "https://bugzilla.redhat.com/show_bug.cgi?id=2256194",
            "https://cve.mitre.org/cgi-bin/cvename.cgi?name=CVE-2023-7104",
            "https://errata.almalinux.org/9/ALSA-2024-0465.html",
            "https://errata.rockylinux.org/RLSA-2024:0253",
            "https://linux.oracle.com/cve/CVE-2023-7104.html",
            "https://linux.oracle.com/errata/ELSA-2024-0465.html",
            "https://lists.fedoraproject.org/archives/list/package-announce@lists.fedoraproject.org/message/AYONA2XSNFMXLAW4IHLFI5UVV3QRNG5K/",
            "https://lists.fedoraproject.org/archives/list/package-announce@lists.fedoraproject.org/message/D6C2HN4T2S6GYNTAUXLH45LQZHK7QPHP/",
            "https://nvd.nist.gov/vuln/detail/CVE-2023-7104",
            "https://security.netapp.com/advisory/ntap-20240112-0008/",
            "https://sqlite.org/forum/forumpost/5bcbf4571c",
            "https://sqlite.org/src/info/0e4e7a05c4204b47",
            "https://ubuntu.com/security/notices/USN-6566-1",
            "https://vuldb.com/?ctiid.248999",
            "https://vuldb.com/?id.248999",
            "https://www.cve.org/CVERecord?id=CVE-2023-7104"
          ],
          "PublishedDate": "2023-12-29T10:15:13.89Z",
          "LastModifiedDate": "2024-01-12T14:15:49.607Z"
        },
        {
          "VulnerabilityID": "CVE-2023-7104",
          "PkgID": "nss-tools@3.90.0-2.amzn2.0.1.x86_64",
          "PkgName": "nss-tools",
          "PkgIdentifier": {
            "PURL": "pkg:rpm/amazon/nss-tools@3.90.0-2.amzn2.0.1?arch=x86_64\u0026distro=amazon-2+%28Karoo%29"
          },
          "InstalledVersion": "3.90.0-2.amzn2.0.1",
          "FixedVersion": "3.90.0-2.amzn2.0.2",
          "Status": "fixed",
          "Layer": {
            "DiffID": "sha256:d9907b0445f99536393e97b14cedc84631070353d67727d1006de12c9a2a6fa8"
          },
          "SeveritySource": "amazon",
          "PrimaryURL": "https://avd.aquasec.com/nvd/cve-2023-7104",
          "DataSource": {
            "ID": "amazon",
            "Name": "Amazon Linux Security Center",
            "URL": "https://alas.aws.amazon.com/"
          },
          "Title": "sqlite: heap-buffer-overflow at sessionfuzz",
          "Description": "A vulnerability was found in SQLite SQLite3 up to 3.43.0 and classified as critical. This issue affects the function sessionReadRecord of the file ext/session/sqlite3session.c of the component make alltest Handler. The manipulation leads to heap-based buffer overflow. It is recommended to apply a patch to fix this issue. The associated identifier of this vulnerability is VDB-248999.",
          "Severity": "HIGH",
          "CweIDs": [
            "CWE-119",
            "CWE-122"
          ],
          "VendorSeverity": {
            "alma": 2,
            "amazon": 3,
            "bitnami": 3,
            "cbl-mariner": 2,
            "nvd": 3,
            "oracle-oval": 2,
            "photon": 3,
            "redhat": 2,
            "rocky": 2,
            "ubuntu": 2
          },
          "CVSS": {
            "bitnami": {
              "V3Vector": "CVSS:3.1/AV:N/AC:L/PR:N/UI:N/S:U/C:L/I:L/A:L",
              "V3Score": 7.3
            },
            "nvd": {
              "V3Vector": "CVSS:3.1/AV:N/AC:L/PR:N/UI:N/S:U/C:L/I:L/A:L",
              "V3Score": 7.3
            },
            "redhat": {
              "V3Vector": "CVSS:3.1/AV:N/AC:L/PR:N/UI:N/S:U/C:L/I:L/A:L",
              "V3Score": 7.3
            }
          },
          "References": [
            "https://access.redhat.com/errata/RHSA-2024:0465",
            "https://access.redhat.com/security/cve/CVE-2023-7104",
            "https://bugzilla.redhat.com/2256194",
            "https://bugzilla.redhat.com/show_bug.cgi?id=2256194",
            "https://cve.mitre.org/cgi-bin/cvename.cgi?name=CVE-2023-7104",
            "https://errata.almalinux.org/9/ALSA-2024-0465.html",
            "https://errata.rockylinux.org/RLSA-2024:0253",
            "https://linux.oracle.com/cve/CVE-2023-7104.html",
            "https://linux.oracle.com/errata/ELSA-2024-0465.html",
            "https://lists.fedoraproject.org/archives/list/package-announce@lists.fedoraproject.org/message/AYONA2XSNFMXLAW4IHLFI5UVV3QRNG5K/",
            "https://lists.fedoraproject.org/archives/list/package-announce@lists.fedoraproject.org/message/D6C2HN4T2S6GYNTAUXLH45LQZHK7QPHP/",
            "https://nvd.nist.gov/vuln/detail/CVE-2023-7104",
            "https://security.netapp.com/advisory/ntap-20240112-0008/",
            "https://sqlite.org/forum/forumpost/5bcbf4571c",
            "https://sqlite.org/src/info/0e4e7a05c4204b47",
            "https://ubuntu.com/security/notices/USN-6566-1",
            "https://vuldb.com/?ctiid.248999",
            "https://vuldb.com/?id.248999",
            "https://www.cve.org/CVERecord?id=CVE-2023-7104"
          ],
          "PublishedDate": "2023-12-29T10:15:13.89Z",
          "LastModifiedDate": "2024-01-12T14:15:49.607Z"
        },
        {
          "VulnerabilityID": "CVE-2024-22365",
          "PkgID": "pam@1.1.8-23.amzn2.0.1.x86_64",
          "PkgName": "pam",
          "PkgIdentifier": {
            "PURL": "pkg:rpm/amazon/pam@1.1.8-23.amzn2.0.1?arch=x86_64\u0026distro=amazon-2+%28Karoo%29"
          },
          "InstalledVersion": "1.1.8-23.amzn2.0.1",
          "FixedVersion": "1.1.8-23.amzn2.0.2",
          "Status": "fixed",
          "Layer": {
            "DiffID": "sha256:41685b4b6b36ce93ed3f794352e3c8a11f90e57218a996a7002e4051371e9166"
          },
          "SeveritySource": "amazon",
          "PrimaryURL": "https://avd.aquasec.com/nvd/cve-2024-22365",
          "DataSource": {
            "ID": "amazon",
            "Name": "Amazon Linux Security Center",
            "URL": "https://alas.aws.amazon.com/"
          },
          "Title": "pam: allowing unpriledged user to block another user namespace",
          "Description": "linux-pam (aka Linux PAM) before 1.6.0 allows attackers to cause a denial of service (blocked login process) via mkfifo because the openat call (for protect_dir) lacks O_DIRECTORY.",
          "Severity": "LOW",
          "VendorSeverity": {
            "amazon": 1,
            "nvd": 2,
            "photon": 2,
            "redhat": 2,
            "ubuntu": 2
          },
          "CVSS": {
            "nvd": {
              "V3Vector": "CVSS:3.1/AV:L/AC:L/PR:L/UI:N/S:U/C:N/I:N/A:H",
              "V3Score": 5.5
            },
            "redhat": {
              "V3Vector": "CVSS:3.1/AV:L/AC:L/PR:L/UI:N/S:U/C:N/I:N/A:H",
              "V3Score": 5.5
            }
          },
          "References": [
            "http://www.openwall.com/lists/oss-security/2024/01/18/3",
            "https://access.redhat.com/security/cve/CVE-2024-22365",
            "https://cve.mitre.org/cgi-bin/cvename.cgi?name=CVE-2024-22365",
            "https://github.com/linux-pam/linux-pam",
            "https://github.com/linux-pam/linux-pam/commit/031bb5a5d0d950253b68138b498dc93be69a64cb",
            "https://github.com/linux-pam/linux-pam/releases/tag/v1.6.0",
            "https://nvd.nist.gov/vuln/detail/CVE-2024-22365",
            "https://ubuntu.com/security/notices/USN-6588-1",
            "https://www.cve.org/CVERecord?id=CVE-2024-22365",
            "https://www.openwall.com/lists/oss-security/2024/01/18/3"
          ],
          "PublishedDate": "2024-02-06T08:15:52.203Z",
          "LastModifiedDate": "2024-02-14T00:27:40.143Z"
        }
      ]
    }
  ]
}
