{
  "SchemaVersion": 2,
  "CreatedAt": "2024-02-26T01:52:16.354544292Z",
  "ArtifactName": "amazon/aws-otel-collector:latest",
  "ArtifactType": "container_image",
  "Metadata": {
    "ImageID": "sha256:c2ce809820785f5c8c0ae334c6456c8d08571e5e5441bc8cc052a9dca84c6a55",
    "DiffIDs": [
      "sha256:233623bc1047176d61bc092a8ac0ff236a207ef331195072562d2ec4ae48f9ac",
      "sha256:ad054ec273e5a66e086671f731e311574520a876e723d650bb094afc98fe9433",
      "sha256:206a8aa46d8a089c4b8bdd0f2c5ad1c3532dea03433eea1dd8159c01f021dce8",
      "sha256:89cfcfb3d31a89a0c223ee8e80158af7ce575dbd88d6d2e54333f96b809d0175",
      "sha256:fa19cce72c490816da0d9f4de2db6734d7b7d5b15f68f1cc0e63de2da14a90fe",
      "sha256:0f89a51a41fa0c37f0cd4c1fb2a24807956b0aace1763e91e60e85714fbed56e",
      "sha256:ec771d266b35c5d3526eae145b6e275598ec88285800910651b1747c799504c7"
    ],
    "RepoTags": [
      "amazon/aws-otel-collector:latest"
    ],
    "RepoDigests": [
      "amazon/aws-otel-collector@sha256:08123a2ff4aa82937d37bf98f7ebb7baac1ab6c4cbda4b5b0843b00c3df879bd"
    ],
    "ImageConfig": {
      "architecture": "amd64",
      "created": "2024-02-22T16:02:51.406631474Z",
      "history": [
        {
          "created": "2024-02-22T16:02:47Z",
          "created_by": "ARG USERNAME=aoc",
          "comment": "buildkit.dockerfile.v0",
          "empty_layer": true
        },
        {
          "created": "2024-02-22T16:02:47Z",
          "created_by": "COPY /etc/ssl/certs/ca-certificates.crt /etc/ssl/certs/ca-certificates.crt # buildkit",
          "comment": "buildkit.dockerfile.v0"
        },
        {
          "created": "2024-02-22T16:02:47Z",
          "created_by": "COPY /etc/passwd /etc/passwd # buildkit",
          "comment": "buildkit.dockerfile.v0"
        },
        {
          "created": "2024-02-22T16:02:47Z",
          "created_by": "COPY /etc/group /etc/group # buildkit",
          "comment": "buildkit.dockerfile.v0"
        },
        {
          "created": "2024-02-22T16:02:47Z",
          "created_by": "COPY /home/aoc/ /home/aoc # buildkit",
          "comment": "buildkit.dockerfile.v0"
        },
        {
          "created": "2024-02-22T16:02:51Z",
          "created_by": "COPY /workspace/awscollector /awscollector # buildkit",
          "comment": "buildkit.dockerfile.v0"
        },
        {
          "created": "2024-02-22T16:02:51Z",
          "created_by": "COPY /workspace/config/ /etc/ # buildkit",
          "comment": "buildkit.dockerfile.v0"
        },
        {
          "created": "2024-02-22T16:02:51Z",
          "created_by": "COPY /workspace/healthcheck /healthcheck # buildkit",
          "comment": "buildkit.dockerfile.v0"
        },
        {
          "created": "2024-02-22T16:02:51Z",
          "created_by": "ENV RUN_IN_CONTAINER=True",
          "comment": "buildkit.dockerfile.v0",
          "empty_layer": true
        },
        {
          "created": "2024-02-22T16:02:51Z",
          "created_by": "USER aoc",
          "comment": "buildkit.dockerfile.v0",
          "empty_layer": true
        },
        {
          "created": "2024-02-22T16:02:51Z",
          "created_by": "ENV HOME=/home/aoc",
          "comment": "buildkit.dockerfile.v0",
          "empty_layer": true
        },
        {
          "created": "2024-02-22T16:02:51Z",
          "created_by": "ENTRYPOINT [\"/awscollector\"]",
          "comment": "buildkit.dockerfile.v0",
          "empty_layer": true
        },
        {
          "created": "2024-02-22T16:02:51Z",
          "created_by": "CMD [\"--config=/etc/otel-config.yaml\"]",
          "comment": "buildkit.dockerfile.v0",
          "empty_layer": true
        },
        {
          "created": "2024-02-22T16:02:51Z",
          "created_by": "EXPOSE map[2000/tcp:{} 4317/tcp:{} 55681/tcp:{}]",
          "comment": "buildkit.dockerfile.v0",
          "empty_layer": true
        }
      ],
      "os": "linux",
      "rootfs": {
        "type": "layers",
        "diff_ids": [
          "sha256:233623bc1047176d61bc092a8ac0ff236a207ef331195072562d2ec4ae48f9ac",
          "sha256:ad054ec273e5a66e086671f731e311574520a876e723d650bb094afc98fe9433",
          "sha256:206a8aa46d8a089c4b8bdd0f2c5ad1c3532dea03433eea1dd8159c01f021dce8",
          "sha256:89cfcfb3d31a89a0c223ee8e80158af7ce575dbd88d6d2e54333f96b809d0175",
          "sha256:fa19cce72c490816da0d9f4de2db6734d7b7d5b15f68f1cc0e63de2da14a90fe",
          "sha256:0f89a51a41fa0c37f0cd4c1fb2a24807956b0aace1763e91e60e85714fbed56e",
          "sha256:ec771d266b35c5d3526eae145b6e275598ec88285800910651b1747c799504c7"
        ]
      },
      "config": {
        "Cmd": [
          "--config=/etc/otel-config.yaml"
        ],
        "Entrypoint": [
          "/awscollector"
        ],
        "Env": [
          "PATH=/usr/local/sbin:/usr/local/bin:/usr/sbin:/usr/bin:/sbin:/bin",
          "RUN_IN_CONTAINER=True",
          "HOME=/home/aoc"
        ],
        "Labels": {
          "org.opencontainers.image.created": "2024-02-22T16:02:43.808Z",
          "org.opencontainers.image.description": "AWS Distro for OpenTelemetry Collector (see ADOT Roadmap at https://github.com/orgs/aws-observability/projects/4)",
          "org.opencontainers.image.licenses": "NOASSERTION",
          "org.opencontainers.image.revision": "ef72e5f64406fdbcd2fed0f6bd3d3d7a9a4cf8e2",
          "org.opencontainers.image.source": "https://github.com/aws-observability/aws-otel-collector",
          "org.opencontainers.image.title": "aws-otel-collector",
          "org.opencontainers.image.url": "https://github.com/aws-observability/aws-otel-collector",
          "org.opencontainers.image.version": "release-v0.38.x"
        },
        "User": "aoc",
        "WorkingDir": "/",
        "ArgsEscaped": true
      }
    }
  }
}
