{
  "SchemaVersion": 2,
  "CreatedAt": "2024-02-25T22:20:11.562020393Z",
  "ArtifactName": "bitnami/sealed-secrets-controller:latest",
  "ArtifactType": "container_image",
  "Metadata": {
    "ImageID": "sha256:d95dbd49af717eb4c949071bc1937a0d0b0210a743908ad2520c877d639049cf",
    "DiffIDs": [
      "sha256:339a59f973434a2c754a80763ce2b8df4c1638d5145b2c73ecf106ac90747de4"
    ],
    "RepoTags": [
      "bitnami/sealed-secrets-controller:latest"
    ],
    "RepoDigests": [
      "bitnami/sealed-secrets-controller@sha256:20bacf1b8335e5051c340c8d992f04a93b6d15b4d922fdcbdf9a4cf0c2a07a6f"
    ],
    "ImageConfig": {
      "architecture": "amd64",
      "created": "2024-02-21T13:30:11.967313759Z",
      "history": [
        {
          "created": "0001-01-01T00:00:00Z",
          "created_by": "crane flatten sha256:098f5b70ea7f967580e65b847c5403952111e83ead4bb45ff668a0f82d05e04e",
          "comment": "[{\"created\":\"2024-02-21T13:30:03.991778874Z\",\"created_by\":\"ARG TARGETARCH\",\"comment\":\"buildkit.dockerfile.v0\",\"empty_layer\":true},{\"created\":\"2024-02-21T13:30:03.991778874Z\",\"created_by\":\"ENV OS_ARCH=amd64\",\"comment\":\"buildkit.dockerfile.v0\",\"empty_layer\":true},{\"created\":\"2024-02-21T13:30:03.991778874Z\",\"created_by\":\"LABEL com.vmware.cp.artifact.flavor=sha256:c50c90cfd9d12b445b011e6ad529f1ad3daea45c26d20b00732fae3cd71f6a83 org.opencontainers.image.base.name=scratch org.opencontainers.image.created=2024-02-21T13:29:20Z org.opencontainers.image.description=Application packaged by VMware, Inc org.opencontainers.image.licenses=Apache-2.0 org.opencontainers.image.ref.name=0.26.0-debian-12-r2 org.opencontainers.image.title=sealed-secrets org.opencontainers.image.vendor=VMware, Inc. org.opencontainers.image.version=0.26.0\",\"comment\":\"buildkit.dockerfile.v0\",\"empty_layer\":true},{\"created\":\"2024-02-21T13:30:03.991778874Z\",\"created_by\":\"COPY prebuildfs / # buildkit\",\"comment\":\"buildkit.dockerfile.v0\"},{\"created\":\"2024-02-21T13:30:04.015853835Z\",\"created_by\":\"COPY rootfs / # buildkit\",\"comment\":\"buildkit.dockerfile.v0\"},{\"created\":\"2024-02-21T13:30:11.967313759Z\",\"created_by\":\"COPY /opt/bitnami/sealed-secrets/bin/controller /controller # buildkit\",\"comment\":\"buildkit.dockerfile.v0\"},{\"created\":\"2024-02-21T13:30:11.967313759Z\",\"created_by\":\"ENV APP_VERSION=0.26.0 BITNAMI_APP_NAME=sealed-secrets PATH=/\",\"comment\":\"buildkit.dockerfile.v0\",\"empty_layer\":true},{\"created\":\"2024-02-21T13:30:11.967313759Z\",\"created_by\":\"USER 1001\",\"comment\":\"buildkit.dockerfile.v0\",\"empty_layer\":true},{\"created\":\"2024-02-21T13:30:11.967313759Z\",\"created_by\":\"ENTRYPOINT [\\\"/controller\\\"]\",\"comment\":\"buildkit.dockerfile.v0\",\"empty_layer\":true}]"
        }
      ],
      "os": "linux",
      "rootfs": {
        "type": "layers",
        "diff_ids": [
          "sha256:339a59f973434a2c754a80763ce2b8df4c1638d5145b2c73ecf106ac90747de4"
        ]
      },
      "config": {
        "Entrypoint": [
          "/controller"
        ],
        "Env": [
          "PATH=/",
          "OS_ARCH=amd64",
          "APP_VERSION=0.26.0",
          "BITNAMI_APP_NAME=sealed-secrets"
        ],
        "Labels": {
          "com.vmware.cp.artifact.flavor": "sha256:c50c90cfd9d12b445b011e6ad529f1ad3daea45c26d20b00732fae3cd71f6a83",
          "org.opencontainers.image.base.name": "scratch",
          "org.opencontainers.image.created": "2024-02-21T13:29:20Z",
          "org.opencontainers.image.description": "Application packaged by VMware, Inc",
          "org.opencontainers.image.licenses": "Apache-2.0",
          "org.opencontainers.image.ref.name": "0.26.0-debian-12-r2",
          "org.opencontainers.image.title": "sealed-secrets",
          "org.opencontainers.image.vendor": "VMware, Inc.",
          "org.opencontainers.image.version": "0.26.0"
        },
        "User": "1001",
        "WorkingDir": "/"
      }
    }
  }
}
