{
  "SchemaVersion": 2,
  "CreatedAt": "2024-02-26T03:06:17.676887212Z",
  "ArtifactName": "circleci/docker-gc:2.0",
  "ArtifactType": "container_image",
  "Metadata": {
    "ImageID": "sha256:1b8999ab090bbba329be9187cd4cb2e0689d1ef48d71a6f530780e2d857aa29b",
    "DiffIDs": [
      "sha256:ca5aaf6fe4a2129cf17f4b3b15f33f694e9be06a864b5f74333fff4592573f0c"
    ],
    "RepoTags": [
      "circleci/docker-gc:2.0"
    ],
    "RepoDigests": [
      "circleci/docker-gc@sha256:c5ecc4d7db5e82569a51557701778d5fb7c1cde7287f1515d6b94d9e8c5db2ac"
    ],
    "ImageConfig": {
      "architecture": "amd64",
      "created": "2024-02-21T19:45:05.630688409Z",
      "history": [
        {
          "created": "2024-02-21T19:45:05Z",
          "created_by": "ARG TARGETARCH",
          "comment": "buildkit.dockerfile.v0",
          "empty_layer": true
        },
        {
          "created": "2024-02-21T19:45:05Z",
          "created_by": "ENTRYPOINT [\"/app/docker-gc\" \"-state-path\" \"/state/docker-gc-state.json\"]",
          "comment": "buildkit.dockerfile.v0",
          "empty_layer": true
        },
        {
          "created": "2024-02-21T19:45:05Z",
          "created_by": "COPY amd64/docker-gc /app/docker-gc # buildkit",
          "comment": "buildkit.dockerfile.v0"
        }
      ],
      "os": "linux",
      "rootfs": {
        "type": "layers",
        "diff_ids": [
          "sha256:ca5aaf6fe4a2129cf17f4b3b15f33f694e9be06a864b5f74333fff4592573f0c"
        ]
      },
      "config": {
        "Entrypoint": [
          "/app/docker-gc",
          "-state-path",
          "/state/docker-gc-state.json"
        ],
        "Env": [
          "PATH=/usr/local/sbin:/usr/local/bin:/usr/sbin:/usr/bin:/sbin:/bin"
        ],
        "Labels": {
          "git-branch": "",
          "git-commit": "Merge pull request #339 from circleci/renovate/tools",
          "version": ""
        },
        "WorkingDir": "/"
      }
    }
  }
}
