{
  "SchemaVersion": 2,
  "CreatedAt": "2024-02-26T00:18:02.222476677Z",
  "ArtifactName": "docker/ecs-searchdomain-sidecar:latest",
  "ArtifactType": "container_image",
  "Metadata": {
    "ImageID": "sha256:9f2f4e09f2b12ad167791524019a32d804d54c91c1cc7de857a11b59e82033a3",
    "DiffIDs": [
      "sha256:3b1424799903a584e7aef9f2f4d720fc401096588e559f16cb2875611674ef7e"
    ],
    "RepoTags": [
      "docker/ecs-searchdomain-sidecar:latest"
    ],
    "RepoDigests": [
      "docker/ecs-searchdomain-sidecar@sha256:f460b9c94be6f82f7cb3d9e2ee2c48dbfcd978847c3250c89a7f4e4567cbcbda"
    ],
    "ImageConfig": {
      "architecture": "amd64",
      "created": "2023-11-27T11:15:14.85353876Z",
      "history": [
        {
          "created": "2023-11-27T11:15:14Z",
          "created_by": "COPY /go/bin/resolv /resolv # buildkit",
          "comment": "buildkit.dockerfile.v0"
        },
        {
          "created": "2023-11-27T11:15:14Z",
          "created_by": "ENTRYPOINT [\"/resolv\"]",
          "comment": "buildkit.dockerfile.v0",
          "empty_layer": true
        }
      ],
      "os": "linux",
      "rootfs": {
        "type": "layers",
        "diff_ids": [
          "sha256:3b1424799903a584e7aef9f2f4d720fc401096588e559f16cb2875611674ef7e"
        ]
      },
      "config": {
        "Entrypoint": [
          "/resolv"
        ],
        "Env": [
          "PATH=/usr/local/sbin:/usr/local/bin:/usr/sbin:/usr/bin:/sbin:/bin"
        ],
        "WorkingDir": "/"
      }
    }
  }
}
