{
  "SchemaVersion": 2,
  "CreatedAt": "2024-02-26T04:16:08.428180585Z",
  "ArtifactName": "hashicorp/consul:latest",
  "ArtifactType": "container_image",
  "Metadata": {
    "OS": {
      "Family": "alpine",
      "Name": "3.18.6"
    },
    "ImageID": "sha256:fea626ac4d476c3068d9c6067ee9d48180498c3f7730f40c3e5049f77aea246d",
    "DiffIDs": [
      "sha256:aedc3bda2944bb9bcb6c3d475bee8b460db9a9b0f3e0b33a6ed2fd1ae0f1d445",
      "sha256:fa012564adc7083f89d7e01657c3a5b446dbd181c79fa17376cb0c3c0029155e",
      "sha256:77644e44759dc5e0526da5512c56018e383b7049cc07a7fee099b517ea47f92e",
      "sha256:6f569d4ba6b0944bd7249bb61406bcdcf5be8e055dc1f454cc74ce21730cc1ee",
      "sha256:f9c8ec3cd29e3a644f4c24e8a9412a68fd546f2dea168e8799af27b0ce86e9f2",
      "sha256:5f70bf18a086007016e948b04aed3b82103a36bea41755b6cddfaf10ace3c6ef",
      "sha256:853bf2b3892137cd7a6d41fe023015717a2fc4a49772b9f689221295c6885720",
      "sha256:5f70bf18a086007016e948b04aed3b82103a36bea41755b6cddfaf10ace3c6ef"
    ],
    "RepoTags": [
      "hashicorp/consul:latest"
    ],
    "RepoDigests": [
      "hashicorp/consul@sha256:fa5020e2307bc941e4317207de1ab55f2c7a8cd6b02c0592cce1cd20ec8a7f87"
    ],
    "ImageConfig": {
      "architecture": "amd64",
      "created": "2024-02-13T18:40:03.389976995Z",
      "history": [
        {
          "created": "2024-01-27T00:30:56Z",
          "created_by": "/bin/sh -c #(nop) ADD file:8729f9c0258836b640e9e789c7ab029cf4547e0596557d54dd4a4d7d8e4a785f in / "
        },
        {
          "created": "2024-01-27T00:30:56Z",
          "created_by": "/bin/sh -c #(nop)  CMD [\"/bin/sh\"]",
          "empty_layer": true
        },
        {
          "created": "2024-02-13T18:40:02Z",
          "created_by": "ARG PRODUCT_VERSION",
          "comment": "buildkit.dockerfile.v0",
          "empty_layer": true
        },
        {
          "created": "2024-02-13T18:40:02Z",
          "created_by": "ARG BIN_NAME",
          "comment": "buildkit.dockerfile.v0",
          "empty_layer": true
        },
        {
          "created": "2024-02-13T18:40:02Z",
          "created_by": "ENV BIN_NAME=consul",
          "comment": "buildkit.dockerfile.v0",
          "empty_layer": true
        },
        {
          "created": "2024-02-13T18:40:02Z",
          "created_by": "ENV PRODUCT_VERSION=1.17.3",
          "comment": "buildkit.dockerfile.v0",
          "empty_layer": true
        },
        {
          "created": "2024-02-13T18:40:02Z",
          "created_by": "ARG PRODUCT_REVISION",
          "comment": "buildkit.dockerfile.v0",
          "empty_layer": true
        },
        {
          "created": "2024-02-13T18:40:02Z",
          "created_by": "ARG PRODUCT_NAME=consul",
          "comment": "buildkit.dockerfile.v0",
          "empty_layer": true
        },
        {
          "created": "2024-02-13T18:40:02Z",
          "created_by": "ARG TARGETOS TARGETARCH",
          "comment": "buildkit.dockerfile.v0",
          "empty_layer": true
        },
        {
          "created": "2024-02-13T18:40:02Z",
          "created_by": "LABEL org.opencontainers.image.authors=Consul Team \u003cconsul@hashicorp.com\u003e org.opencontainers.image.url=https://www.consul.io/ org.opencontainers.image.documentation=https://www.consul.io/docs org.opencontainers.image.source=https://github.com/hashicorp/consul org.opencontainers.image.version=1.17.3 org.opencontainers.image.vendor=HashiCorp org.opencontainers.image.title=consul org.opencontainers.image.description=Consul is a datacenter runtime that provides service discovery, configuration, and orchestration. version=1.17.3",
          "comment": "buildkit.dockerfile.v0",
          "empty_layer": true
        },
        {
          "created": "2024-02-13T18:40:02Z",
          "created_by": "RUN |6 PRODUCT_VERSION=1.17.3 BIN_NAME=consul PRODUCT_REVISION=009041f807ba1d6263052fda7406bc0d9e3125af PRODUCT_NAME=consul TARGETOS=linux TARGETARCH=amd64 /bin/sh -c apk add -v --no-cache \t\tdumb-init \t\tlibc6-compat \t\tiptables \t\ttzdata \t\tcurl \t\tca-certificates \t\tgnupg \t\tiputils \t\tlibcap \t\topenssl \t\tsu-exec \t\tjq # buildkit",
          "comment": "buildkit.dockerfile.v0"
        },
        {
          "created": "2024-02-13T18:40:02Z",
          "created_by": "RUN |6 PRODUCT_VERSION=1.17.3 BIN_NAME=consul PRODUCT_REVISION=009041f807ba1d6263052fda7406bc0d9e3125af PRODUCT_NAME=consul TARGETOS=linux TARGETARCH=amd64 /bin/sh -c addgroup $BIN_NAME \u0026\u0026     adduser -S -G $BIN_NAME $BIN_NAME # buildkit",
          "comment": "buildkit.dockerfile.v0"
        },
        {
          "created": "2024-02-13T18:40:03Z",
          "created_by": "COPY dist/linux/amd64/consul /bin/ # buildkit",
          "comment": "buildkit.dockerfile.v0"
        },
        {
          "created": "2024-02-13T18:40:03Z",
          "created_by": "RUN |6 PRODUCT_VERSION=1.17.3 BIN_NAME=consul PRODUCT_REVISION=009041f807ba1d6263052fda7406bc0d9e3125af PRODUCT_NAME=consul TARGETOS=linux TARGETARCH=amd64 /bin/sh -c mkdir -p /consul/data \u0026\u0026     mkdir -p /consul/config \u0026\u0026     chown -R consul:consul /consul # buildkit",
          "comment": "buildkit.dockerfile.v0"
        },
        {
          "created": "2024-02-13T18:40:03Z",
          "created_by": "RUN |6 PRODUCT_VERSION=1.17.3 BIN_NAME=consul PRODUCT_REVISION=009041f807ba1d6263052fda7406bc0d9e3125af PRODUCT_NAME=consul TARGETOS=linux TARGETARCH=amd64 /bin/sh -c test -e /etc/nsswitch.conf || echo 'hosts: files dns' \u003e /etc/nsswitch.conf # buildkit",
          "comment": "buildkit.dockerfile.v0"
        },
        {
          "created": "2024-02-13T18:40:03Z",
          "created_by": "VOLUME [/consul/data]",
          "comment": "buildkit.dockerfile.v0",
          "empty_layer": true
        },
        {
          "created": "2024-02-13T18:40:03Z",
          "created_by": "EXPOSE map[8300/tcp:{}]",
          "comment": "buildkit.dockerfile.v0",
          "empty_layer": true
        },
        {
          "created": "2024-02-13T18:40:03Z",
          "created_by": "EXPOSE map[8301/tcp:{} 8301/udp:{} 8302/tcp:{} 8302/udp:{}]",
          "comment": "buildkit.dockerfile.v0",
          "empty_layer": true
        },
        {
          "created": "2024-02-13T18:40:03Z",
          "created_by": "EXPOSE map[8500/tcp:{} 8600/tcp:{} 8600/udp:{}]",
          "comment": "buildkit.dockerfile.v0",
          "empty_layer": true
        },
        {
          "created": "2024-02-13T18:40:03Z",
          "created_by": "COPY .release/docker/docker-entrypoint.sh /usr/local/bin/docker-entrypoint.sh # buildkit",
          "comment": "buildkit.dockerfile.v0"
        },
        {
          "created": "2024-02-13T18:40:03Z",
          "created_by": "RUN |6 PRODUCT_VERSION=1.17.3 BIN_NAME=consul PRODUCT_REVISION=009041f807ba1d6263052fda7406bc0d9e3125af PRODUCT_NAME=consul TARGETOS=linux TARGETARCH=amd64 /bin/sh -c chmod +x /usr/local/bin/docker-entrypoint.sh # buildkit",
          "comment": "buildkit.dockerfile.v0"
        },
        {
          "created": "2024-02-13T18:40:03Z",
          "created_by": "ENTRYPOINT [\"docker-entrypoint.sh\"]",
          "comment": "buildkit.dockerfile.v0",
          "empty_layer": true
        },
        {
          "created": "2024-02-13T18:40:03Z",
          "created_by": "CMD [\"agent\" \"-dev\" \"-client\" \"0.0.0.0\"]",
          "comment": "buildkit.dockerfile.v0",
          "empty_layer": true
        }
      ],
      "os": "linux",
      "rootfs": {
        "type": "layers",
        "diff_ids": [
          "sha256:aedc3bda2944bb9bcb6c3d475bee8b460db9a9b0f3e0b33a6ed2fd1ae0f1d445",
          "sha256:fa012564adc7083f89d7e01657c3a5b446dbd181c79fa17376cb0c3c0029155e",
          "sha256:77644e44759dc5e0526da5512c56018e383b7049cc07a7fee099b517ea47f92e",
          "sha256:6f569d4ba6b0944bd7249bb61406bcdcf5be8e055dc1f454cc74ce21730cc1ee",
          "sha256:f9c8ec3cd29e3a644f4c24e8a9412a68fd546f2dea168e8799af27b0ce86e9f2",
          "sha256:5f70bf18a086007016e948b04aed3b82103a36bea41755b6cddfaf10ace3c6ef",
          "sha256:853bf2b3892137cd7a6d41fe023015717a2fc4a49772b9f689221295c6885720",
          "sha256:5f70bf18a086007016e948b04aed3b82103a36bea41755b6cddfaf10ace3c6ef"
        ]
      },
      "config": {
        "Cmd": [
          "agent",
          "-dev",
          "-client",
          "0.0.0.0"
        ],
        "Entrypoint": [
          "docker-entrypoint.sh"
        ],
        "Env": [
          "PATH=/usr/local/sbin:/usr/local/bin:/usr/sbin:/usr/bin:/sbin:/bin",
          "BIN_NAME=consul",
          "PRODUCT_VERSION=1.17.3"
        ],
        "Labels": {
          "org.opencontainers.image.authors": "Consul Team \u003cconsul@hashicorp.com\u003e",
          "org.opencontainers.image.description": "Consul is a datacenter runtime that provides service discovery, configuration, and orchestration.",
          "org.opencontainers.image.documentation": "https://www.consul.io/docs",
          "org.opencontainers.image.source": "https://github.com/hashicorp/consul",
          "org.opencontainers.image.title": "consul",
          "org.opencontainers.image.url": "https://www.consul.io/",
          "org.opencontainers.image.vendor": "HashiCorp",
          "org.opencontainers.image.version": "1.17.3",
          "version": "1.17.3"
        },
        "Volumes": {
          "/consul/data": {}
        },
        "ArgsEscaped": true
      }
    }
  },
  "Results": [
    {
      "Target": "hashicorp/consul:latest (alpine 3.18.6)",
      "Class": "os-pkgs",
      "Type": "alpine"
    }
  ]
}
