{
  "SchemaVersion": 2,
  "CreatedAt": "2024-02-26T00:45:07.348257485Z",
  "ArtifactName": "hashicorp/consul-template:latest",
  "ArtifactType": "container_image",
  "Metadata": {
    "OS": {
      "Family": "alpine",
      "Name": "3.19.1"
    },
    "ImageID": "sha256:1e6e0b97ff5aae7c72f9e49f208086b558027bca91bf764bebe500f8f3a83e04",
    "DiffIDs": [
      "sha256:d4fc045c9e3a848011de66f34b81f052d4f2c15a17bb196d637e526349601820",
      "sha256:a6e12da5e1f7464f90c0ee7159bd5ee2dfc53d14b8259b3ae16ad5023cc8c870",
      "sha256:caafad00130a82ca362e865c8211b1296fdec797994b21d2092cb6d7edfbb70d",
      "sha256:e8201747e16dbe175253437dad2fee03c159cf624e1aec9a51d15a13bd18ab32"
    ],
    "RepoTags": [
      "hashicorp/consul-template:latest"
    ],
    "RepoDigests": [
      "hashicorp/consul-template@sha256:7dfcfd52671019e46601bf67d1a459d1da39a451f6eb9751107124bceb878589"
    ],
    "ImageConfig": {
      "architecture": "amd64",
      "created": "2024-02-20T09:29:57.093371658Z",
      "history": [
        {
          "created": "2024-01-27T00:30:48Z",
          "created_by": "/bin/sh -c #(nop) ADD file:37a76ec18f9887751cd8473744917d08b7431fc4085097bb6a09d81b41775473 in / "
        },
        {
          "created": "2024-01-27T00:30:48Z",
          "created_by": "/bin/sh -c #(nop)  CMD [\"/bin/sh\"]",
          "empty_layer": true
        },
        {
          "created": "2024-02-20T09:29:56Z",
          "created_by": "ARG BIN_NAME=consul-template",
          "comment": "buildkit.dockerfile.v0",
          "empty_layer": true
        },
        {
          "created": "2024-02-20T09:29:56Z",
          "created_by": "ENV BIN_NAME=consul-template",
          "comment": "buildkit.dockerfile.v0",
          "empty_layer": true
        },
        {
          "created": "2024-02-20T09:29:56Z",
          "created_by": "ARG PRODUCT_VERSION",
          "comment": "buildkit.dockerfile.v0",
          "empty_layer": true
        },
        {
          "created": "2024-02-20T09:29:56Z",
          "created_by": "ARG PRODUCT_REVISION",
          "comment": "buildkit.dockerfile.v0",
          "empty_layer": true
        },
        {
          "created": "2024-02-20T09:29:56Z",
          "created_by": "ARG PRODUCT_NAME=consul-template",
          "comment": "buildkit.dockerfile.v0",
          "empty_layer": true
        },
        {
          "created": "2024-02-20T09:29:56Z",
          "created_by": "ARG TARGETOS TARGETARCH",
          "comment": "buildkit.dockerfile.v0",
          "empty_layer": true
        },
        {
          "created": "2024-02-20T09:29:56Z",
          "created_by": "LABEL maintainer=Consul Team \u003cconsul@hashicorp.com\u003e",
          "comment": "buildkit.dockerfile.v0",
          "empty_layer": true
        },
        {
          "created": "2024-02-20T09:29:56Z",
          "created_by": "LABEL version=0.37.0",
          "comment": "buildkit.dockerfile.v0",
          "empty_layer": true
        },
        {
          "created": "2024-02-20T09:29:56Z",
          "created_by": "LABEL revision=99646746608b9f4081ab29ca4b47999685918d9a",
          "comment": "buildkit.dockerfile.v0",
          "empty_layer": true
        },
        {
          "created": "2024-02-20T09:29:56Z",
          "created_by": "ARG UID=100",
          "comment": "buildkit.dockerfile.v0",
          "empty_layer": true
        },
        {
          "created": "2024-02-20T09:29:56Z",
          "created_by": "ARG GID=1000",
          "comment": "buildkit.dockerfile.v0",
          "empty_layer": true
        },
        {
          "created": "2024-02-20T09:29:56Z",
          "created_by": "RUN |8 BIN_NAME=consul-template PRODUCT_VERSION=0.37.0 PRODUCT_REVISION=99646746608b9f4081ab29ca4b47999685918d9a PRODUCT_NAME=consul-template TARGETOS=linux TARGETARCH=amd64 UID=100 GID=1000 /bin/sh -c addgroup -g ${GID} ${BIN_NAME}     \u0026\u0026 adduser -u ${UID} -S -G ${BIN_NAME} ${BIN_NAME} # buildkit",
          "comment": "buildkit.dockerfile.v0"
        },
        {
          "created": "2024-02-20T09:29:57Z",
          "created_by": "COPY ./dist/linux/amd64/consul-template /bin/ # buildkit",
          "comment": "buildkit.dockerfile.v0"
        },
        {
          "created": "2024-02-20T09:29:57Z",
          "created_by": "COPY ./.release/docker-entrypoint.sh /bin/ # buildkit",
          "comment": "buildkit.dockerfile.v0"
        },
        {
          "created": "2024-02-20T09:29:57Z",
          "created_by": "ENTRYPOINT [\"/bin/docker-entrypoint.sh\"]",
          "comment": "buildkit.dockerfile.v0",
          "empty_layer": true
        },
        {
          "created": "2024-02-20T09:29:57Z",
          "created_by": "USER consul-template:consul-template",
          "comment": "buildkit.dockerfile.v0",
          "empty_layer": true
        },
        {
          "created": "2024-02-20T09:29:57Z",
          "created_by": "CMD [\"/bin/sh\" \"-c\" \"/bin/$BIN_NAME\"]",
          "comment": "buildkit.dockerfile.v0",
          "empty_layer": true
        }
      ],
      "os": "linux",
      "rootfs": {
        "type": "layers",
        "diff_ids": [
          "sha256:d4fc045c9e3a848011de66f34b81f052d4f2c15a17bb196d637e526349601820",
          "sha256:a6e12da5e1f7464f90c0ee7159bd5ee2dfc53d14b8259b3ae16ad5023cc8c870",
          "sha256:caafad00130a82ca362e865c8211b1296fdec797994b21d2092cb6d7edfbb70d",
          "sha256:e8201747e16dbe175253437dad2fee03c159cf624e1aec9a51d15a13bd18ab32"
        ]
      },
      "config": {
        "Cmd": [
          "/bin/sh",
          "-c",
          "/bin/$BIN_NAME"
        ],
        "Entrypoint": [
          "/bin/docker-entrypoint.sh"
        ],
        "Env": [
          "PATH=/usr/local/sbin:/usr/local/bin:/usr/sbin:/usr/bin:/sbin:/bin",
          "BIN_NAME=consul-template"
        ],
        "Labels": {
          "maintainer": "Consul Team \u003cconsul@hashicorp.com\u003e",
          "revision": "99646746608b9f4081ab29ca4b47999685918d9a",
          "version": "0.37.0"
        },
        "User": "consul-template:consul-template",
        "ArgsEscaped": true
      }
    }
  },
  "Results": [
    {
      "Target": "hashicorp/consul-template:latest (alpine 3.19.1)",
      "Class": "os-pkgs",
      "Type": "alpine"
    }
  ]
}
