{
  "SchemaVersion": 2,
  "CreatedAt": "2024-02-26T02:54:14.769649242Z",
  "ArtifactName": "hashicorp/http-echo:latest",
  "ArtifactType": "container_image",
  "Metadata": {
    "OS": {
      "Family": "debian",
      "Name": "12.2"
    },
    "ImageID": "sha256:04fa556e62bddac2a783622a3cccc35d6d5c599199eecf75b6b4f2bc76c8c825",
    "DiffIDs": [
      "sha256:c1f171653244eccee9ea3eed88858c5e82d9db2c310a65ea1fbf912b50e5d8fa",
      "sha256:10e9b9e72178b3e5fe8ff566a61eefb03ad585f5eae5cc0f2b08dbe3c874cecb",
      "sha256:e16c585a5d503f63db1e5776d164d1e36cb7376951bd858c9f0b6861d85a1833",
      "sha256:ff5700ec54186528cbae40f54c24b1a34fb7c01527beaa1232868c16e2353f52",
      "sha256:d52f02c6501c9c4410568f0bf6ff30d30d8290f57794c308fe36ea78393afac2",
      "sha256:e624a5370eca2b8266e74d179326e2a8767d361db14d13edd9fb57e408731784",
      "sha256:1a73b54f556b477f0a8b939d13c504a3b4f4db71f7a09c63afbc10acb3de5849",
      "sha256:8f2b2d741d53c8e25da6a3b40a1f45aba2612cf5c1ff06e642286358e756d9a8",
      "sha256:9959f8de333696342eedd49db37331a9c3efa84899f1236226c18db2e856f2aa",
      "sha256:756bfb5154c8fc77dcecee84e81741c8665471f750c60c8ac1f52ce3104a9c88"
    ],
    "RepoTags": [
      "hashicorp/http-echo:latest"
    ],
    "RepoDigests": [
      "hashicorp/http-echo@sha256:fcb75f691c8b0414d670ae570240cbf95502cc18a9ba57e982ecac589760a186"
    ],
    "ImageConfig": {
      "architecture": "amd64",
      "created": "2023-10-10T20:47:10.728020011Z",
      "history": [
        {
          "created": "0001-01-01T00:00:00Z"
        },
        {
          "created": "0001-01-01T00:00:00Z"
        },
        {
          "created": "0001-01-01T00:00:00Z"
        },
        {
          "created": "0001-01-01T00:00:00Z"
        },
        {
          "created": "0001-01-01T00:00:00Z"
        },
        {
          "created": "0001-01-01T00:00:00Z"
        },
        {
          "created": "0001-01-01T00:00:00Z"
        },
        {
          "created": "0001-01-01T00:00:00Z"
        },
        {
          "created": "0001-01-01T00:00:00Z"
        },
        {
          "created": "2023-10-10T20:47:10Z",
          "created_by": "ARG TARGETOS",
          "comment": "buildkit.dockerfile.v0",
          "empty_layer": true
        },
        {
          "created": "2023-10-10T20:47:10Z",
          "created_by": "ARG TARGETARCH",
          "comment": "buildkit.dockerfile.v0",
          "empty_layer": true
        },
        {
          "created": "2023-10-10T20:47:10Z",
          "created_by": "ARG PRODUCT_VERSION",
          "comment": "buildkit.dockerfile.v0",
          "empty_layer": true
        },
        {
          "created": "2023-10-10T20:47:10Z",
          "created_by": "ARG BIN_NAME",
          "comment": "buildkit.dockerfile.v0",
          "empty_layer": true
        },
        {
          "created": "2023-10-10T20:47:10Z",
          "created_by": "LABEL name=http-echo maintainer=HashiCorp Consul Team \u003cconsul@hashicorp.com\u003e vendor=HashiCorp version=1.0.0 release=1.0.0 summary=A test webserver that echos a response. You know, for kids.",
          "comment": "buildkit.dockerfile.v0",
          "empty_layer": true
        },
        {
          "created": "2023-10-10T20:47:10Z",
          "created_by": "COPY dist/linux/amd64/http-echo / # buildkit",
          "comment": "buildkit.dockerfile.v0"
        },
        {
          "created": "2023-10-10T20:47:10Z",
          "created_by": "EXPOSE map[5678/tcp:{}]",
          "comment": "buildkit.dockerfile.v0",
          "empty_layer": true
        },
        {
          "created": "2023-10-10T20:47:10Z",
          "created_by": "ENV ECHO_TEXT=hello-world",
          "comment": "buildkit.dockerfile.v0",
          "empty_layer": true
        },
        {
          "created": "2023-10-10T20:47:10Z",
          "created_by": "ENTRYPOINT [\"/http-echo\"]",
          "comment": "buildkit.dockerfile.v0",
          "empty_layer": true
        }
      ],
      "os": "linux",
      "rootfs": {
        "type": "layers",
        "diff_ids": [
          "sha256:c1f171653244eccee9ea3eed88858c5e82d9db2c310a65ea1fbf912b50e5d8fa",
          "sha256:10e9b9e72178b3e5fe8ff566a61eefb03ad585f5eae5cc0f2b08dbe3c874cecb",
          "sha256:e16c585a5d503f63db1e5776d164d1e36cb7376951bd858c9f0b6861d85a1833",
          "sha256:ff5700ec54186528cbae40f54c24b1a34fb7c01527beaa1232868c16e2353f52",
          "sha256:d52f02c6501c9c4410568f0bf6ff30d30d8290f57794c308fe36ea78393afac2",
          "sha256:e624a5370eca2b8266e74d179326e2a8767d361db14d13edd9fb57e408731784",
          "sha256:1a73b54f556b477f0a8b939d13c504a3b4f4db71f7a09c63afbc10acb3de5849",
          "sha256:8f2b2d741d53c8e25da6a3b40a1f45aba2612cf5c1ff06e642286358e756d9a8",
          "sha256:9959f8de333696342eedd49db37331a9c3efa84899f1236226c18db2e856f2aa",
          "sha256:756bfb5154c8fc77dcecee84e81741c8665471f750c60c8ac1f52ce3104a9c88"
        ]
      },
      "config": {
        "Entrypoint": [
          "/http-echo"
        ],
        "Env": [
          "PATH=/usr/local/sbin:/usr/local/bin:/usr/sbin:/usr/bin:/sbin:/bin",
          "SSL_CERT_FILE=/etc/ssl/certs/ca-certificates.crt",
          "ECHO_TEXT=hello-world"
        ],
        "Labels": {
          "maintainer": "HashiCorp Consul Team \u003cconsul@hashicorp.com\u003e",
          "name": "http-echo",
          "release": "1.0.0",
          "summary": "A test webserver that echos a response. You know, for kids.",
          "vendor": "HashiCorp",
          "version": "1.0.0"
        },
        "User": "65532",
        "WorkingDir": "/home/nonroot"
      }
    }
  },
  "Results": [
    {
      "Target": "hashicorp/http-echo:latest (debian 12.2)",
      "Class": "os-pkgs",
      "Type": "debian"
    }
  ]
}
