{
  "SchemaVersion": 2,
  "CreatedAt": "2024-02-26T00:22:39.324119171Z",
  "ArtifactName": "kong/kubernetes-ingress-controller:latest",
  "ArtifactType": "container_image",
  "Metadata": {
    "OS": {
      "Family": "debian",
      "Name": "11.8"
    },
    "ImageID": "sha256:0031acdaded56ea16344adec411a728307eeb322c4ea67b5d726f3c5ff01129c",
    "DiffIDs": [
      "sha256:54ad2ec71039b74f7e82f020a92a8c2ca45f16a51930d539b56973a18b8ffe8d",
      "sha256:6fbdf253bbc2490dcfede5bdb58ca0db63ee8aff565f6ea9f918f3bce9e2d5aa",
      "sha256:accc3e6808c014d5e77f405d1ae74dabde9c9fc0337c9b7693d3a4f52aecfc69",
      "sha256:ff5700ec54186528cbae40f54c24b1a34fb7c01527beaa1232868c16e2353f52",
      "sha256:d52f02c6501c9c4410568f0bf6ff30d30d8290f57794c308fe36ea78393afac2",
      "sha256:e624a5370eca2b8266e74d179326e2a8767d361db14d13edd9fb57e408731784",
      "sha256:1a73b54f556b477f0a8b939d13c504a3b4f4db71f7a09c63afbc10acb3de5849",
      "sha256:d2d7ec0f6756eb51cf1602c6f8ac4dd811d3d052661142e0110357bf0b581457",
      "sha256:4cb10dd2545bd173858450b80853b850e49608260f1a0789e0d0b39edf12f500",
      "sha256:27f2fc38e3912381c31bd53c53a0a01c904c01471d948cf6977a57f256221691"
    ],
    "RepoTags": [
      "kong/kubernetes-ingress-controller:latest"
    ],
    "RepoDigests": [
      "kong/kubernetes-ingress-controller@sha256:34eef7a298f2379a2a2b95a0d3e47e3ab8ed24ab2916aa2538ba192e2de0e737"
    ],
    "ImageConfig": {
      "architecture": "amd64",
      "created": "2024-02-07T15:22:21.780305527Z",
      "history": [
        {
          "created": "0001-01-01T00:00:00Z"
        },
        {
          "created": "0001-01-01T00:00:00Z"
        },
        {
          "created": "0001-01-01T00:00:00Z"
        },
        {
          "created": "0001-01-01T00:00:00Z"
        },
        {
          "created": "0001-01-01T00:00:00Z"
        },
        {
          "created": "0001-01-01T00:00:00Z"
        },
        {
          "created": "0001-01-01T00:00:00Z"
        },
        {
          "created": "0001-01-01T00:00:00Z"
        },
        {
          "created": "0001-01-01T00:00:00Z"
        },
        {
          "created": "2024-02-07T15:22:21Z",
          "created_by": "ARG TAG",
          "comment": "buildkit.dockerfile.v0",
          "empty_layer": true
        },
        {
          "created": "2024-02-07T15:22:21Z",
          "created_by": "ARG TARGETPLATFORM",
          "comment": "buildkit.dockerfile.v0",
          "empty_layer": true
        },
        {
          "created": "2024-02-07T15:22:21Z",
          "created_by": "ARG TARGETOS",
          "comment": "buildkit.dockerfile.v0",
          "empty_layer": true
        },
        {
          "created": "2024-02-07T15:22:21Z",
          "created_by": "ARG TARGETARCH",
          "comment": "buildkit.dockerfile.v0",
          "empty_layer": true
        },
        {
          "created": "2024-02-07T15:22:21Z",
          "created_by": "LABEL name=Kong Ingress Controller vendor=Kong version=3.1.0 release=1 url=https://github.com/Kong/kubernetes-ingress-controller summary=Kong for Kubernetes Ingress description=Use Kong for Kubernetes Ingress. Configure plugins, health checking, load balancing and more in Kong for Kubernetes Services, all using Custom Resource Definitions (CRDs) and Kubernetes-native tooling.",
          "comment": "buildkit.dockerfile.v0",
          "empty_layer": true
        },
        {
          "created": "2024-02-07T15:22:21Z",
          "created_by": "WORKDIR /",
          "comment": "buildkit.dockerfile.v0",
          "empty_layer": true
        },
        {
          "created": "2024-02-07T15:22:21Z",
          "created_by": "COPY /workspace/bin/manager . # buildkit",
          "comment": "buildkit.dockerfile.v0"
        },
        {
          "created": "2024-02-07T15:22:21Z",
          "created_by": "USER 1000:1000",
          "comment": "buildkit.dockerfile.v0",
          "empty_layer": true
        },
        {
          "created": "2024-02-07T15:22:21Z",
          "created_by": "ENTRYPOINT [\"/manager\"]",
          "comment": "buildkit.dockerfile.v0",
          "empty_layer": true
        }
      ],
      "os": "linux",
      "rootfs": {
        "type": "layers",
        "diff_ids": [
          "sha256:54ad2ec71039b74f7e82f020a92a8c2ca45f16a51930d539b56973a18b8ffe8d",
          "sha256:6fbdf253bbc2490dcfede5bdb58ca0db63ee8aff565f6ea9f918f3bce9e2d5aa",
          "sha256:accc3e6808c014d5e77f405d1ae74dabde9c9fc0337c9b7693d3a4f52aecfc69",
          "sha256:ff5700ec54186528cbae40f54c24b1a34fb7c01527beaa1232868c16e2353f52",
          "sha256:d52f02c6501c9c4410568f0bf6ff30d30d8290f57794c308fe36ea78393afac2",
          "sha256:e624a5370eca2b8266e74d179326e2a8767d361db14d13edd9fb57e408731784",
          "sha256:1a73b54f556b477f0a8b939d13c504a3b4f4db71f7a09c63afbc10acb3de5849",
          "sha256:d2d7ec0f6756eb51cf1602c6f8ac4dd811d3d052661142e0110357bf0b581457",
          "sha256:4cb10dd2545bd173858450b80853b850e49608260f1a0789e0d0b39edf12f500",
          "sha256:27f2fc38e3912381c31bd53c53a0a01c904c01471d948cf6977a57f256221691"
        ]
      },
      "config": {
        "Entrypoint": [
          "/manager"
        ],
        "Env": [
          "SSL_CERT_FILE=/etc/ssl/certs/ca-certificates.crt",
          "PATH=/usr/local/sbin:/usr/local/bin:/usr/sbin:/usr/bin:/sbin:/bin"
        ],
        "Labels": {
          "description": "Use Kong for Kubernetes Ingress. Configure plugins, health checking, load balancing and more in Kong for Kubernetes Services, all using Custom Resource Definitions (CRDs) and Kubernetes-native tooling.",
          "name": "Kong Ingress Controller",
          "release": "1",
          "summary": "Kong for Kubernetes Ingress",
          "url": "https://github.com/Kong/kubernetes-ingress-controller",
          "vendor": "Kong",
          "version": "3.1.0"
        },
        "User": "1000:1000",
        "WorkingDir": "/"
      }
    }
  },
  "Results": [
    {
      "Target": "kong/kubernetes-ingress-controller:latest (debian 11.8)",
      "Class": "os-pkgs",
      "Type": "debian"
    }
  ]
}
