{
  "SchemaVersion": 2,
  "CreatedAt": "2024-02-26T04:13:53.068829246Z",
  "ArtifactName": "newrelic/k8s-events-forwarder:latest",
  "ArtifactType": "container_image",
  "Metadata": {
    "OS": {
      "Family": "alpine",
      "Name": "3.19.1"
    },
    "ImageID": "sha256:61235f85d7faac3379c52dcbc0527a86a7224704610952131293bd0a6f8be5ff",
    "DiffIDs": [
      "sha256:d4fc045c9e3a848011de66f34b81f052d4f2c15a17bb196d637e526349601820",
      "sha256:57c6bb4028c9ccf2d8017b03ae78558709b57701bcc2944b911ce4005b88426f",
      "sha256:c73b9e9cc01c6802b2dd0c0b9bf1aad088e17b7075bbcc76ec679de14f11a391",
      "sha256:30e4059216241ea4b75295195ecb2e922bfb073fdb565932253a7b56fa475999",
      "sha256:edc02f7e79fe961a399d88daf8dfee6934a0ade3b3875b5d42f5ea7f5a4e23a4",
      "sha256:9143f78f0297ba6e0bdad1adbb482d16c7293fad63399d9f42242b497302dab3",
      "sha256:c74e6b40c7144700cc49dd2fc44f88b30cf1e75264bbd0089c6ac25fce040df9",
      "sha256:b5ff13c5da79a076619d85d0ff56685d323d224b433cdf3e61db52998447a38b",
      "sha256:5087c49d801f5d0dbf09321862b2e741adc19de973c960d3888e38bb797ef0ad",
      "sha256:28c9aba9972593926c7e9cd7a7e7e02f104ab411695de41a24880361e6abcf99"
    ],
    "RepoTags": [
      "newrelic/k8s-events-forwarder:latest"
    ],
    "RepoDigests": [
      "newrelic/k8s-events-forwarder@sha256:dd640cbe3d211cfdcdea731fae8cf11b03ff796c5a922d6d9faa844b6a3903ac"
    ],
    "ImageConfig": {
      "architecture": "amd64",
      "created": "2024-02-14T16:03:07.84120869Z",
      "history": [
        {
          "created": "2024-01-27T00:30:48Z",
          "created_by": "/bin/sh -c #(nop) ADD file:37a76ec18f9887751cd8473744917d08b7431fc4085097bb6a09d81b41775473 in / "
        },
        {
          "created": "2024-01-27T00:30:48Z",
          "created_by": "/bin/sh -c #(nop)  CMD [\"/bin/sh\"]",
          "empty_layer": true
        },
        {
          "created": "2024-02-14T16:03:05Z",
          "created_by": "ARG image_version=0.0",
          "comment": "buildkit.dockerfile.v0",
          "empty_layer": true
        },
        {
          "created": "2024-02-14T16:03:05Z",
          "created_by": "ARG agent_version=0.0",
          "comment": "buildkit.dockerfile.v0",
          "empty_layer": true
        },
        {
          "created": "2024-02-14T16:03:05Z",
          "created_by": "ARG version_file=VERSION",
          "comment": "buildkit.dockerfile.v0",
          "empty_layer": true
        },
        {
          "created": "2024-02-14T16:03:05Z",
          "created_by": "ARG agent_bin=newrelic-infra",
          "comment": "buildkit.dockerfile.v0",
          "empty_layer": true
        },
        {
          "created": "2024-02-14T16:03:05Z",
          "created_by": "COPY newrelic-infra /usr/bin/newrelic-infra # buildkit",
          "comment": "buildkit.dockerfile.v0"
        },
        {
          "created": "2024-02-14T16:03:06Z",
          "created_by": "COPY newrelic-infra-ctl /usr/bin/newrelic-infra-ctl # buildkit",
          "comment": "buildkit.dockerfile.v0"
        },
        {
          "created": "2024-02-14T16:03:06Z",
          "created_by": "COPY newrelic-infra-service /usr/bin/newrelic-infra-service # buildkit",
          "comment": "buildkit.dockerfile.v0"
        },
        {
          "created": "2024-02-14T16:03:06Z",
          "created_by": "COPY assets /newrelic # buildkit",
          "comment": "buildkit.dockerfile.v0"
        },
        {
          "created": "2024-02-14T16:03:06Z",
          "created_by": "COPY VERSION /newrelic/VERSION # buildkit",
          "comment": "buildkit.dockerfile.v0"
        },
        {
          "created": "2024-02-14T16:03:06Z",
          "created_by": "LABEL com.newrelic.image.version=1.49.1-rc com.newrelic.infra-agent.version=1.49.1 com.newrelic.maintainer=infrastructure-eng@newrelic.com com.newrelic.description=New Relic Infrastructure agent for monitoring the underlying host.",
          "comment": "buildkit.dockerfile.v0",
          "empty_layer": true
        },
        {
          "created": "2024-02-14T16:03:06Z",
          "created_by": "ENV NRIA_IS_CONTAINERIZED=true",
          "comment": "buildkit.dockerfile.v0",
          "empty_layer": true
        },
        {
          "created": "2024-02-14T16:03:06Z",
          "created_by": "ENV NRIA_OVERRIDE_HOST_ROOT=/host",
          "comment": "buildkit.dockerfile.v0",
          "empty_layer": true
        },
        {
          "created": "2024-02-14T16:03:06Z",
          "created_by": "RUN |4 image_version=1.49.1-rc agent_version=1.49.1 version_file=VERSION agent_bin=newrelic-infra /bin/sh -c apk --no-cache upgrade # buildkit",
          "comment": "buildkit.dockerfile.v0"
        },
        {
          "created": "2024-02-14T16:03:07Z",
          "created_by": "RUN |4 image_version=1.49.1-rc agent_version=1.49.1 version_file=VERSION agent_bin=newrelic-infra /bin/sh -c apk add --no-cache --upgrade     ca-certificates     \u0026\u0026 mkdir /lib64     \u0026\u0026 ln -s /lib/libc.musl-x86_64.so.1 /lib64/ld-linux-x86-64.so.2     \u0026\u0026 apk add --no-cache tini # buildkit",
          "comment": "buildkit.dockerfile.v0"
        },
        {
          "created": "2024-02-14T16:03:07Z",
          "created_by": "ENTRYPOINT [\"/sbin/tini\" \"--\"]",
          "comment": "buildkit.dockerfile.v0",
          "empty_layer": true
        },
        {
          "created": "2024-02-14T16:03:07Z",
          "created_by": "CMD [\"/usr/bin/newrelic-infra-service\"]",
          "comment": "buildkit.dockerfile.v0",
          "empty_layer": true
        },
        {
          "created": "2024-02-14T16:03:07Z",
          "created_by": "RUN /bin/sh -c apk add --no-cache         curl # buildkit",
          "comment": "buildkit.dockerfile.v0"
        },
        {
          "created": "2024-02-14T16:03:07Z",
          "created_by": "RUN /bin/sh -c addgroup -g 2000 nri-agent \u0026\u0026 adduser -D -H -u 1000 -G nri-agent nri-agent # buildkit",
          "comment": "buildkit.dockerfile.v0"
        },
        {
          "created": "2024-02-14T16:03:07Z",
          "created_by": "USER nri-agent",
          "comment": "buildkit.dockerfile.v0",
          "empty_layer": true
        },
        {
          "created": "2024-02-14T16:03:07Z",
          "created_by": "ENV NRIA_OVERRIDE_HOST_ROOT=",
          "comment": "buildkit.dockerfile.v0",
          "empty_layer": true
        },
        {
          "created": "2024-02-14T16:03:07Z",
          "created_by": "ENV NRIA_IS_SECURE_FORWARD_ONLY=true",
          "comment": "buildkit.dockerfile.v0",
          "empty_layer": true
        },
        {
          "created": "2024-02-14T16:03:07Z",
          "created_by": "ENV NRIA_HTTP_SERVER_ENABLED=true",
          "comment": "buildkit.dockerfile.v0",
          "empty_layer": true
        }
      ],
      "os": "linux",
      "rootfs": {
        "type": "layers",
        "diff_ids": [
          "sha256:d4fc045c9e3a848011de66f34b81f052d4f2c15a17bb196d637e526349601820",
          "sha256:57c6bb4028c9ccf2d8017b03ae78558709b57701bcc2944b911ce4005b88426f",
          "sha256:c73b9e9cc01c6802b2dd0c0b9bf1aad088e17b7075bbcc76ec679de14f11a391",
          "sha256:30e4059216241ea4b75295195ecb2e922bfb073fdb565932253a7b56fa475999",
          "sha256:edc02f7e79fe961a399d88daf8dfee6934a0ade3b3875b5d42f5ea7f5a4e23a4",
          "sha256:9143f78f0297ba6e0bdad1adbb482d16c7293fad63399d9f42242b497302dab3",
          "sha256:c74e6b40c7144700cc49dd2fc44f88b30cf1e75264bbd0089c6ac25fce040df9",
          "sha256:b5ff13c5da79a076619d85d0ff56685d323d224b433cdf3e61db52998447a38b",
          "sha256:5087c49d801f5d0dbf09321862b2e741adc19de973c960d3888e38bb797ef0ad",
          "sha256:28c9aba9972593926c7e9cd7a7e7e02f104ab411695de41a24880361e6abcf99"
        ]
      },
      "config": {
        "Cmd": [
          "/usr/bin/newrelic-infra-service"
        ],
        "Entrypoint": [
          "/sbin/tini",
          "--"
        ],
        "Env": [
          "PATH=/usr/local/sbin:/usr/local/bin:/usr/sbin:/usr/bin:/sbin:/bin",
          "NRIA_IS_CONTAINERIZED=true",
          "NRIA_OVERRIDE_HOST_ROOT=",
          "NRIA_IS_SECURE_FORWARD_ONLY=true",
          "NRIA_HTTP_SERVER_ENABLED=true"
        ],
        "Labels": {
          "com.newrelic.description": "New Relic Infrastructure agent for monitoring the underlying host.",
          "com.newrelic.image.version": "1.49.1-rc",
          "com.newrelic.infra-agent.version": "1.49.1",
          "com.newrelic.maintainer": "infrastructure-eng@newrelic.com"
        },
        "User": "nri-agent",
        "ArgsEscaped": true
      }
    }
  },
  "Results": [
    {
      "Target": "newrelic/k8s-events-forwarder:latest (alpine 3.19.1)",
      "Class": "os-pkgs",
      "Type": "alpine"
    }
  ]
}
