{
  "SchemaVersion": 2,
  "CreatedAt": "2024-02-25T23:46:30.584258556Z",
  "ArtifactName": "newrelic/k8s-metadata-injection:latest",
  "ArtifactType": "container_image",
  "Metadata": {
    "OS": {
      "Family": "alpine",
      "Name": "3.19.1"
    },
    "ImageID": "sha256:3d01bd61d0eff68b5e0ba405b0cecb56d9bae5c52814d8f58c879c6505274aaa",
    "DiffIDs": [
      "sha256:d4fc045c9e3a848011de66f34b81f052d4f2c15a17bb196d637e526349601820",
      "sha256:431cd423697bdf2ee8b9648cf0f734ec9f9edd61962a69138143f2f507ed083d",
      "sha256:5f70bf18a086007016e948b04aed3b82103a36bea41755b6cddfaf10ace3c6ef",
      "sha256:6b702aea457ca30dc95b489531e9e3646189bf8e8ae257f111a2188074ba8e01",
      "sha256:bfd3fd845a6907e94dc6407ee4094c3fe871fc925dd7c37468810d9acebad454",
      "sha256:03494f8f4553d27f56f01e140eccf3f626ae18390899f58c97723ac1ec4cec8e"
    ],
    "RepoTags": [
      "newrelic/k8s-metadata-injection:latest"
    ],
    "RepoDigests": [
      "newrelic/k8s-metadata-injection@sha256:94989c12a6aaf58fe87d20bd9e92de53203b4d864298f92762ec65bec37f44dc"
    ],
    "ImageConfig": {
      "architecture": "amd64",
      "created": "2024-02-19T12:05:45.614235662Z",
      "history": [
        {
          "created": "2024-01-27T00:30:48Z",
          "created_by": "/bin/sh -c #(nop) ADD file:37a76ec18f9887751cd8473744917d08b7431fc4085097bb6a09d81b41775473 in / "
        },
        {
          "created": "2024-01-27T00:30:48Z",
          "created_by": "/bin/sh -c #(nop)  CMD [\"/bin/sh\"]",
          "empty_layer": true
        },
        {
          "created": "2024-02-19T12:05:45Z",
          "created_by": "ARG TARGETOS",
          "comment": "buildkit.dockerfile.v0",
          "empty_layer": true
        },
        {
          "created": "2024-02-19T12:05:45Z",
          "created_by": "ARG TARGETARCH",
          "comment": "buildkit.dockerfile.v0",
          "empty_layer": true
        },
        {
          "created": "2024-02-19T12:05:45Z",
          "created_by": "RUN |2 TARGETOS=linux TARGETARCH=amd64 /bin/sh -c mkdir /app # buildkit",
          "comment": "buildkit.dockerfile.v0"
        },
        {
          "created": "2024-02-19T12:05:45Z",
          "created_by": "WORKDIR /app",
          "comment": "buildkit.dockerfile.v0"
        },
        {
          "created": "2024-02-19T12:05:45Z",
          "created_by": "ADD entrypoint.sh ./ # buildkit",
          "comment": "buildkit.dockerfile.v0"
        },
        {
          "created": "2024-02-19T12:05:45Z",
          "created_by": "ADD bin/k8s-metadata-injection-linux-amd64 ./ # buildkit",
          "comment": "buildkit.dockerfile.v0"
        },
        {
          "created": "2024-02-19T12:05:45Z",
          "created_by": "RUN |2 TARGETOS=linux TARGETARCH=amd64 /bin/sh -c mv k8s-metadata-injection-${TARGETOS}-${TARGETARCH} k8s-metadata-injection # buildkit",
          "comment": "buildkit.dockerfile.v0"
        },
        {
          "created": "2024-02-19T12:05:45Z",
          "created_by": "CMD [\"/app/entrypoint.sh\"]",
          "comment": "buildkit.dockerfile.v0",
          "empty_layer": true
        }
      ],
      "os": "linux",
      "rootfs": {
        "type": "layers",
        "diff_ids": [
          "sha256:d4fc045c9e3a848011de66f34b81f052d4f2c15a17bb196d637e526349601820",
          "sha256:431cd423697bdf2ee8b9648cf0f734ec9f9edd61962a69138143f2f507ed083d",
          "sha256:5f70bf18a086007016e948b04aed3b82103a36bea41755b6cddfaf10ace3c6ef",
          "sha256:6b702aea457ca30dc95b489531e9e3646189bf8e8ae257f111a2188074ba8e01",
          "sha256:bfd3fd845a6907e94dc6407ee4094c3fe871fc925dd7c37468810d9acebad454",
          "sha256:03494f8f4553d27f56f01e140eccf3f626ae18390899f58c97723ac1ec4cec8e"
        ]
      },
      "config": {
        "Cmd": [
          "/app/entrypoint.sh"
        ],
        "Env": [
          "PATH=/usr/local/sbin:/usr/local/bin:/usr/sbin:/usr/bin:/sbin:/bin"
        ],
        "WorkingDir": "/app",
        "ArgsEscaped": true
      }
    }
  },
  "Results": [
    {
      "Target": "newrelic/k8s-metadata-injection:latest (alpine 3.19.1)",
      "Class": "os-pkgs",
      "Type": "alpine"
    }
  ]
}
