{
  "SchemaVersion": 2,
  "CreatedAt": "2024-02-25T22:52:14.193236808Z",
  "ArtifactName": "newrelic/nri-kube-events:latest",
  "ArtifactType": "container_image",
  "Metadata": {
    "OS": {
      "Family": "alpine",
      "Name": "3.19.1"
    },
    "ImageID": "sha256:bba3a2e1c7b32ed5638d3c9b5a046f4a85d5e092274f6258c52766a7357028c9",
    "DiffIDs": [
      "sha256:d4fc045c9e3a848011de66f34b81f052d4f2c15a17bb196d637e526349601820",
      "sha256:d6ee9286fba6b9b120b9d49dc976e895bd75def9c8f27cb36ab72b97fcf46c08",
      "sha256:566f0546b3308ae269da30bf835f35cd9a9e3c45af18c534341b07f352fb3921",
      "sha256:a19de465b47349cd20a6617293b79347fbe3041fae6e240c4afc92991ba6cc69"
    ],
    "RepoTags": [
      "newrelic/nri-kube-events:latest"
    ],
    "RepoDigests": [
      "newrelic/nri-kube-events@sha256:180b749569a299a63186c5f24cd5250d38bc9c5f5fff10e9ceaa0bcab55c1ff7"
    ],
    "ImageConfig": {
      "architecture": "amd64",
      "created": "2024-02-19T12:11:37.784511924Z",
      "history": [
        {
          "created": "2024-01-27T00:30:48Z",
          "created_by": "/bin/sh -c #(nop) ADD file:37a76ec18f9887751cd8473744917d08b7431fc4085097bb6a09d81b41775473 in / "
        },
        {
          "created": "2024-01-27T00:30:48Z",
          "created_by": "/bin/sh -c #(nop)  CMD [\"/bin/sh\"]",
          "empty_layer": true
        },
        {
          "created": "2024-02-19T12:07:48Z",
          "created_by": "WORKDIR /app",
          "comment": "buildkit.dockerfile.v0"
        },
        {
          "created": "2024-02-19T12:07:49Z",
          "created_by": "RUN /bin/sh -c apk add --no-cache --upgrade     tini ca-certificates     \u0026\u0026 addgroup -g 2000 nri-kube-events     \u0026\u0026 adduser -D -H -u 1000 -G nri-kube-events nri-kube-events # buildkit",
          "comment": "buildkit.dockerfile.v0"
        },
        {
          "created": "2024-02-19T12:11:37Z",
          "created_by": "EXPOSE map[8080/tcp:{}]",
          "comment": "buildkit.dockerfile.v0",
          "empty_layer": true
        },
        {
          "created": "2024-02-19T12:11:37Z",
          "created_by": "USER nri-kube-events",
          "comment": "buildkit.dockerfile.v0",
          "empty_layer": true
        },
        {
          "created": "2024-02-19T12:11:37Z",
          "created_by": "COPY /src/bin/nri-kube-events ./ # buildkit",
          "comment": "buildkit.dockerfile.v0"
        },
        {
          "created": "2024-02-19T12:11:37Z",
          "created_by": "ENV METADATA=true",
          "comment": "buildkit.dockerfile.v0",
          "empty_layer": true
        },
        {
          "created": "2024-02-19T12:11:37Z",
          "created_by": "ENTRYPOINT [\"/sbin/tini\" \"--\" \"./nri-kube-events\"]",
          "comment": "buildkit.dockerfile.v0",
          "empty_layer": true
        },
        {
          "created": "2024-02-19T12:11:37Z",
          "created_by": "CMD [\"--config\" \"config.yaml\" \"-promaddr\" \"0.0.0.0:8080\"]",
          "comment": "buildkit.dockerfile.v0",
          "empty_layer": true
        }
      ],
      "os": "linux",
      "rootfs": {
        "type": "layers",
        "diff_ids": [
          "sha256:d4fc045c9e3a848011de66f34b81f052d4f2c15a17bb196d637e526349601820",
          "sha256:d6ee9286fba6b9b120b9d49dc976e895bd75def9c8f27cb36ab72b97fcf46c08",
          "sha256:566f0546b3308ae269da30bf835f35cd9a9e3c45af18c534341b07f352fb3921",
          "sha256:a19de465b47349cd20a6617293b79347fbe3041fae6e240c4afc92991ba6cc69"
        ]
      },
      "config": {
        "Cmd": [
          "--config",
          "config.yaml",
          "-promaddr",
          "0.0.0.0:8080"
        ],
        "Entrypoint": [
          "/sbin/tini",
          "--",
          "./nri-kube-events"
        ],
        "Env": [
          "PATH=/usr/local/sbin:/usr/local/bin:/usr/sbin:/usr/bin:/sbin:/bin",
          "METADATA=true"
        ],
        "User": "nri-kube-events",
        "WorkingDir": "/app",
        "ArgsEscaped": true
      }
    }
  },
  "Results": [
    {
      "Target": "newrelic/nri-kube-events:latest (alpine 3.19.1)",
      "Class": "os-pkgs",
      "Type": "alpine"
    }
  ]
}
