{
  "SchemaVersion": 2,
  "CreatedAt": "2024-02-26T00:29:43.983057491Z",
  "ArtifactName": "newrelic/nri-ecs:latest",
  "ArtifactType": "container_image",
  "Metadata": {
    "OS": {
      "Family": "alpine",
      "Name": "3.19.0"
    },
    "ImageID": "sha256:ed9df35dd598bece8a50c3617a63e88d9c7b8d2321c9b7b412989709bb969c84",
    "DiffIDs": [
      "sha256:5af4f8f59b764c64c6def53f52ada809fe38d528441d08d01c206dfb3fc3b691",
      "sha256:e87c0cb06d40b473dc53337b957b2fb7b372a735d6c7385ccb18aa89c9faf346",
      "sha256:82b3874d546821c999d3d36cdcfeca4d9a4f945927dd00f460f9ccea64a7bace",
      "sha256:930e541aab430466569bce8451c6f213056c4fa2fea7e3b246f3989a35bb0c1b",
      "sha256:4343075c7799ce6f11dde0eb152fcfabc314528b3bc913f874066eeff1cb8401",
      "sha256:efd25d415bd69ae184dbbe47497e2af4506ab864da469b8e43fd1d70d6dec806",
      "sha256:6bc94202d34d6f60abd268115379259bde5106ec5cd0124224fd945e5b78579a",
      "sha256:b70d4d2b60d9295078ab1cbc88b483ebd730a788f6cda792a977c6978dd7f9e6",
      "sha256:b504977a494437df14bf6decf0d8abde823226cd2a63a4ccd88a89041e3de3c6",
      "sha256:43a24c329909df9471433b00d4e77d57725b12896634c697aecc1d202c4fb58a",
      "sha256:65708544c5ce3695b200e4c0202cae3b739a8759e758fc2fe371d5076afe98b9",
      "sha256:da2823eeb7eed59ae2dae04ef44d519b76a332ba95d10f8dbb87dfd393721ad6",
      "sha256:0b2400f081e9f493fc403d6816892b87dc1a51d96d6b23c6c403fbc3306feeb0",
      "sha256:9e870b2f035a44fd06f99435b651c120d91aa721f0c796fd70cba76b9a78b7c6",
      "sha256:3f5d25e00e1da2e049a023b42d34ef3faa90399d2538e52d47230ecf8f292098"
    ],
    "RepoTags": [
      "newrelic/nri-ecs:latest"
    ],
    "RepoDigests": [
      "newrelic/nri-ecs@sha256:4b2b7716f5056f6d8e234106d9b66b199e90e82b50f0c507d075a88d3e98a65b"
    ],
    "ImageConfig": {
      "architecture": "amd64",
      "created": "2024-02-08T15:39:00.492434895Z",
      "history": [
        {
          "created": "2023-12-08T01:20:49Z",
          "created_by": "/bin/sh -c #(nop) ADD file:1f4eb46669b5b6275af19eb7471a6899a61c276aa7d925b8ae99310b14b75b92 in / "
        },
        {
          "created": "2023-12-08T01:20:49Z",
          "created_by": "/bin/sh -c #(nop)  CMD [\"/bin/sh\"]",
          "empty_layer": true
        },
        {
          "created": "2024-01-19T08:20:52Z",
          "created_by": "ARG image_version=0.0",
          "comment": "buildkit.dockerfile.v0",
          "empty_layer": true
        },
        {
          "created": "2024-01-19T08:20:52Z",
          "created_by": "ARG agent_version=0.0",
          "comment": "buildkit.dockerfile.v0",
          "empty_layer": true
        },
        {
          "created": "2024-01-19T08:20:52Z",
          "created_by": "ARG version_file=VERSION",
          "comment": "buildkit.dockerfile.v0",
          "empty_layer": true
        },
        {
          "created": "2024-01-19T08:20:52Z",
          "created_by": "ARG agent_bin=newrelic-infra",
          "comment": "buildkit.dockerfile.v0",
          "empty_layer": true
        },
        {
          "created": "2024-01-19T08:20:52Z",
          "created_by": "COPY newrelic-infra /usr/bin/newrelic-infra # buildkit",
          "comment": "buildkit.dockerfile.v0"
        },
        {
          "created": "2024-01-19T08:20:52Z",
          "created_by": "COPY newrelic-infra-ctl /usr/bin/newrelic-infra-ctl # buildkit",
          "comment": "buildkit.dockerfile.v0"
        },
        {
          "created": "2024-01-19T08:20:52Z",
          "created_by": "COPY newrelic-infra-service /usr/bin/newrelic-infra-service # buildkit",
          "comment": "buildkit.dockerfile.v0"
        },
        {
          "created": "2024-01-19T08:20:52Z",
          "created_by": "COPY assets /newrelic # buildkit",
          "comment": "buildkit.dockerfile.v0"
        },
        {
          "created": "2024-01-19T08:20:52Z",
          "created_by": "COPY VERSION /newrelic/VERSION # buildkit",
          "comment": "buildkit.dockerfile.v0"
        },
        {
          "created": "2024-01-19T08:20:52Z",
          "created_by": "LABEL com.newrelic.image.version=1.48.4-rc com.newrelic.infra-agent.version=1.48.4 com.newrelic.maintainer=infrastructure-eng@newrelic.com com.newrelic.description=New Relic Infrastructure agent for monitoring the underlying host.",
          "comment": "buildkit.dockerfile.v0",
          "empty_layer": true
        },
        {
          "created": "2024-01-19T08:20:52Z",
          "created_by": "ENV NRIA_IS_CONTAINERIZED=true",
          "comment": "buildkit.dockerfile.v0",
          "empty_layer": true
        },
        {
          "created": "2024-01-19T08:20:52Z",
          "created_by": "ENV NRIA_OVERRIDE_HOST_ROOT=/host",
          "comment": "buildkit.dockerfile.v0",
          "empty_layer": true
        },
        {
          "created": "2024-01-19T08:20:53Z",
          "created_by": "RUN |4 image_version=1.48.4-rc agent_version=1.48.4 version_file=VERSION agent_bin=newrelic-infra /bin/sh -c apk --no-cache upgrade # buildkit",
          "comment": "buildkit.dockerfile.v0"
        },
        {
          "created": "2024-01-19T08:20:54Z",
          "created_by": "RUN |4 image_version=1.48.4-rc agent_version=1.48.4 version_file=VERSION agent_bin=newrelic-infra /bin/sh -c apk add --no-cache --upgrade     ca-certificates     \u0026\u0026 mkdir /lib64     \u0026\u0026 ln -s /lib/libc.musl-x86_64.so.1 /lib64/ld-linux-x86-64.so.2     \u0026\u0026 apk add --no-cache tini # buildkit",
          "comment": "buildkit.dockerfile.v0"
        },
        {
          "created": "2024-01-19T08:20:54Z",
          "created_by": "ENTRYPOINT [\"/sbin/tini\" \"--\"]",
          "comment": "buildkit.dockerfile.v0",
          "empty_layer": true
        },
        {
          "created": "2024-01-19T08:20:54Z",
          "created_by": "CMD [\"/usr/bin/newrelic-infra-service\"]",
          "comment": "buildkit.dockerfile.v0",
          "empty_layer": true
        },
        {
          "created": "2024-01-19T08:20:54Z",
          "created_by": "ARG nri_pkg_dir",
          "comment": "buildkit.dockerfile.v0",
          "empty_layer": true
        },
        {
          "created": "2024-01-19T08:20:54Z",
          "created_by": "ARG nri_docker_version",
          "comment": "buildkit.dockerfile.v0",
          "empty_layer": true
        },
        {
          "created": "2024-01-19T08:20:54Z",
          "created_by": "ARG nri_flex_version",
          "comment": "buildkit.dockerfile.v0",
          "empty_layer": true
        },
        {
          "created": "2024-01-19T08:20:54Z",
          "created_by": "ARG nri_prometheus_version",
          "comment": "buildkit.dockerfile.v0",
          "empty_layer": true
        },
        {
          "created": "2024-01-19T08:20:54Z",
          "created_by": "LABEL com.newrelic.nri-docker.version=1.9.0 com.newrelic.nri-flex.version=1.9.2 com.newrelic.nri-prometheus.version=2.19.0",
          "comment": "buildkit.dockerfile.v0",
          "empty_layer": true
        },
        {
          "created": "2024-01-19T08:20:55Z",
          "created_by": "RUN |4 nri_pkg_dir=ohis nri_docker_version=1.9.0 nri_flex_version=1.9.2 nri_prometheus_version=2.19.0 /bin/sh -c apk add --no-cache         ntpsec         curl # buildkit",
          "comment": "buildkit.dockerfile.v0"
        },
        {
          "created": "2024-01-19T08:20:55Z",
          "created_by": "COPY ohis / # buildkit",
          "comment": "buildkit.dockerfile.v0"
        },
        {
          "created": "2024-02-01T10:37:33Z",
          "created_by": "ARG TARGETOS",
          "comment": "buildkit.dockerfile.v0",
          "empty_layer": true
        },
        {
          "created": "2024-02-01T10:37:33Z",
          "created_by": "ARG TARGETARCH",
          "comment": "buildkit.dockerfile.v0",
          "empty_layer": true
        },
        {
          "created": "2024-02-01T10:37:33Z",
          "created_by": "ARG jre_version",
          "comment": "buildkit.dockerfile.v0",
          "empty_layer": true
        },
        {
          "created": "2024-02-01T10:37:33Z",
          "created_by": "RUN |3 TARGETOS=linux TARGETARCH=amd64 jre_version= /bin/sh -c if [ -n \"${jre_version}\" ]; then apk add --no-cache openjdk8-jre=${jre_version}; else apk add --no-cache openjdk8-jre; fi # buildkit",
          "comment": "buildkit.dockerfile.v0"
        },
        {
          "created": "2024-02-01T10:37:33Z",
          "created_by": "COPY out/amd64 / # buildkit",
          "comment": "buildkit.dockerfile.v0"
        },
        {
          "created": "2024-02-08T15:38:58Z",
          "created_by": "ARG TARGETOS",
          "comment": "buildkit.dockerfile.v0",
          "empty_layer": true
        },
        {
          "created": "2024-02-08T15:38:58Z",
          "created_by": "ARG TARGETARCH",
          "comment": "buildkit.dockerfile.v0",
          "empty_layer": true
        },
        {
          "created": "2024-02-08T15:38:58Z",
          "created_by": "ADD bin/nri-ecs-linux-amd64 /var/db/newrelic-infra/newrelic-integrations/bin/ # buildkit",
          "comment": "buildkit.dockerfile.v0"
        },
        {
          "created": "2024-02-08T15:39:00Z",
          "created_by": "RUN |2 TARGETOS=linux TARGETARCH=amd64 /bin/sh -c mv /var/db/newrelic-infra/newrelic-integrations/bin/nri-ecs-${TARGETOS}-${TARGETARCH}        /var/db/newrelic-infra/newrelic-integrations/bin/nri-ecs # buildkit",
          "comment": "buildkit.dockerfile.v0"
        },
        {
          "created": "2024-02-08T15:39:00Z",
          "created_by": "ADD nri-ecs-config.yml /var/db/newrelic-infra/integrations.d/nri-ecs-config.yml # buildkit",
          "comment": "buildkit.dockerfile.v0"
        }
      ],
      "os": "linux",
      "rootfs": {
        "type": "layers",
        "diff_ids": [
          "sha256:5af4f8f59b764c64c6def53f52ada809fe38d528441d08d01c206dfb3fc3b691",
          "sha256:e87c0cb06d40b473dc53337b957b2fb7b372a735d6c7385ccb18aa89c9faf346",
          "sha256:82b3874d546821c999d3d36cdcfeca4d9a4f945927dd00f460f9ccea64a7bace",
          "sha256:930e541aab430466569bce8451c6f213056c4fa2fea7e3b246f3989a35bb0c1b",
          "sha256:4343075c7799ce6f11dde0eb152fcfabc314528b3bc913f874066eeff1cb8401",
          "sha256:efd25d415bd69ae184dbbe47497e2af4506ab864da469b8e43fd1d70d6dec806",
          "sha256:6bc94202d34d6f60abd268115379259bde5106ec5cd0124224fd945e5b78579a",
          "sha256:b70d4d2b60d9295078ab1cbc88b483ebd730a788f6cda792a977c6978dd7f9e6",
          "sha256:b504977a494437df14bf6decf0d8abde823226cd2a63a4ccd88a89041e3de3c6",
          "sha256:43a24c329909df9471433b00d4e77d57725b12896634c697aecc1d202c4fb58a",
          "sha256:65708544c5ce3695b200e4c0202cae3b739a8759e758fc2fe371d5076afe98b9",
          "sha256:da2823eeb7eed59ae2dae04ef44d519b76a332ba95d10f8dbb87dfd393721ad6",
          "sha256:0b2400f081e9f493fc403d6816892b87dc1a51d96d6b23c6c403fbc3306feeb0",
          "sha256:9e870b2f035a44fd06f99435b651c120d91aa721f0c796fd70cba76b9a78b7c6",
          "sha256:3f5d25e00e1da2e049a023b42d34ef3faa90399d2538e52d47230ecf8f292098"
        ]
      },
      "config": {
        "Cmd": [
          "/usr/bin/newrelic-infra-service"
        ],
        "Entrypoint": [
          "/sbin/tini",
          "--"
        ],
        "Env": [
          "PATH=/usr/local/sbin:/usr/local/bin:/usr/sbin:/usr/bin:/sbin:/bin",
          "NRIA_IS_CONTAINERIZED=true",
          "NRIA_OVERRIDE_HOST_ROOT=/host"
        ],
        "Labels": {
          "com.newrelic.description": "New Relic Infrastructure agent for monitoring the underlying host.",
          "com.newrelic.image.version": "1.48.4-rc",
          "com.newrelic.infra-agent.version": "1.48.4",
          "com.newrelic.maintainer": "infrastructure-eng@newrelic.com",
          "com.newrelic.nri-docker.version": "1.9.0",
          "com.newrelic.nri-flex.version": "1.9.2",
          "com.newrelic.nri-prometheus.version": "2.19.0"
        },
        "ArgsEscaped": true
      }
    }
  },
  "Results": [
    {
      "Target": "newrelic/nri-ecs:latest (alpine 3.19.0)",
      "Class": "os-pkgs",
      "Type": "alpine",
      "Vulnerabilities": [
        {
          "VulnerabilityID": "CVE-2024-0727",
          "PkgID": "libcrypto3@3.1.4-r4",
          "PkgName": "libcrypto3",
          "PkgIdentifier": {
            "PURL": "pkg:apk/alpine/libcrypto3@3.1.4-r4?arch=x86_64\u0026distro=3.19.0"
          },
          "InstalledVersion": "3.1.4-r4",
          "FixedVersion": "3.1.4-r5",
          "Status": "fixed",
          "Layer": {
            "DiffID": "sha256:6bc94202d34d6f60abd268115379259bde5106ec5cd0124224fd945e5b78579a"
          },
          "SeveritySource": "nvd",
          "PrimaryURL": "https://avd.aquasec.com/nvd/cve-2024-0727",
          "DataSource": {
            "ID": "alpine",
            "Name": "Alpine Secdb",
            "URL": "https://secdb.alpinelinux.org/"
          },
          "Title": "openssl: denial of service via null dereference",
          "Description": "Issue summary: Processing a maliciously formatted PKCS12 file may lead OpenSSL\nto crash leading to a potential Denial of Service attack\n\nImpact summary: Applications loading files in the PKCS12 format from untrusted\nsources might terminate abruptly.\n\nA file in PKCS12 format can contain certificates and keys and may come from an\nuntrusted source. The PKCS12 specification allows certain fields to be NULL, but\nOpenSSL does not correctly check for this case. This can lead to a NULL pointer\ndereference that results in OpenSSL crashing. If an application processes PKCS12\nfiles from an untrusted source using the OpenSSL APIs then that application will\nbe vulnerable to this issue.\n\nOpenSSL APIs that are vulnerable to this are: PKCS12_parse(),\nPKCS12_unpack_p7data(), PKCS12_unpack_p7encdata(), PKCS12_unpack_authsafes()\nand PKCS12_newpass().\n\nWe have also fixed a similar issue in SMIME_write_PKCS7(). However since this\nfunction is related to writing data we do not consider it security significant.\n\nThe FIPS modules in 3.2, 3.1 and 3.0 are not affected by this issue.",
          "Severity": "MEDIUM",
          "VendorSeverity": {
            "amazon": 2,
            "ghsa": 2,
            "nvd": 2,
            "photon": 2,
            "redhat": 1,
            "ubuntu": 1
          },
          "CVSS": {
            "ghsa": {
              "V3Vector": "CVSS:3.1/AV:L/AC:L/PR:N/UI:R/S:U/C:N/I:N/A:H",
              "V3Score": 5.5
            },
            "nvd": {
              "V3Vector": "CVSS:3.1/AV:L/AC:L/PR:N/UI:R/S:U/C:N/I:N/A:H",
              "V3Score": 5.5
            },
            "redhat": {
              "V3Vector": "CVSS:3.1/AV:L/AC:L/PR:N/UI:R/S:U/C:N/I:N/A:L",
              "V3Score": 3.3
            }
          },
          "References": [
            "https://access.redhat.com/security/cve/CVE-2024-0727",
            "https://cve.mitre.org/cgi-bin/cvename.cgi?name=CVE-2024-0727",
            "https://github.com/alexcrichton/openssl-src-rs/commit/add20f73b6b42be7451af2e1044d4e0e778992b2",
            "https://github.com/github/advisory-database/pull/3472",
            "https://github.com/openssl/openssl/commit/09df4395b5071217b76dc7d3d2e630eb8c5a79c2",
            "https://github.com/openssl/openssl/commit/775acfdbd0c6af9ac855f34969cdab0c0c90844a",
            "https://github.com/openssl/openssl/commit/d135eeab8a5dbf72b3da5240bab9ddb7678dbd2c",
            "https://github.com/openssl/openssl/pull/23362",
            "https://github.com/pyca/cryptography/commit/3519591d255d4506fbcd0d04037d45271903c64d",
            "https://github.openssl.org/openssl/extended-releases/commit/03b3941d60c4bce58fab69a0c22377ab439bc0e8",
            "https://github.openssl.org/openssl/extended-releases/commit/aebaa5883e31122b404e450732dc833dc9dee539",
            "https://nvd.nist.gov/vuln/detail/CVE-2024-0727",
            "https://security.netapp.com/advisory/ntap-20240208-0006",
            "https://security.netapp.com/advisory/ntap-20240208-0006/",
            "https://ubuntu.com/security/notices/USN-6622-1",
            "https://ubuntu.com/security/notices/USN-6632-1",
            "https://www.cve.org/CVERecord?id=CVE-2024-0727",
            "https://www.openssl.org/news/secadv/20240125.txt"
          ],
          "PublishedDate": "2024-01-26T09:15:07.637Z",
          "LastModifiedDate": "2024-02-08T10:15:13.91Z"
        },
        {
          "VulnerabilityID": "CVE-2023-52425",
          "PkgID": "libexpat@2.5.0-r2",
          "PkgName": "libexpat",
          "PkgIdentifier": {
            "PURL": "pkg:apk/alpine/libexpat@2.5.0-r2?arch=x86_64\u0026distro=3.19.0"
          },
          "InstalledVersion": "2.5.0-r2",
          "FixedVersion": "2.6.0-r0",
          "Status": "fixed",
          "Layer": {
            "DiffID": "sha256:b504977a494437df14bf6decf0d8abde823226cd2a63a4ccd88a89041e3de3c6"
          },
          "SeveritySource": "nvd",
          "PrimaryURL": "https://avd.aquasec.com/nvd/cve-2023-52425",
          "DataSource": {
            "ID": "alpine",
            "Name": "Alpine Secdb",
            "URL": "https://secdb.alpinelinux.org/"
          },
          "Title": "expat: parsing large tokens can trigger a denial of service",
          "Description": "libexpat through 2.5.0 allows a denial of service (resource consumption) because many full reparsings are required in the case of a large token for which multiple buffer fills are needed.",
          "Severity": "HIGH",
          "CweIDs": [
            "CWE-400"
          ],
          "VendorSeverity": {
            "nvd": 3,
            "redhat": 2
          },
          "CVSS": {
            "nvd": {
              "V3Vector": "CVSS:3.1/AV:N/AC:L/PR:N/UI:N/S:U/C:N/I:N/A:H",
              "V3Score": 7.5
            },
            "redhat": {
              "V3Vector": "CVSS:3.1/AV:N/AC:L/PR:N/UI:N/S:U/C:N/I:N/A:H",
              "V3Score": 7.5
            }
          },
          "References": [
            "https://access.redhat.com/security/cve/CVE-2023-52425",
            "https://github.com/libexpat/libexpat/pull/789",
            "https://nvd.nist.gov/vuln/detail/CVE-2023-52425",
            "https://www.cve.org/CVERecord?id=CVE-2023-52425"
          ],
          "PublishedDate": "2024-02-04T20:15:46.063Z",
          "LastModifiedDate": "2024-02-09T02:03:16.3Z"
        },
        {
          "VulnerabilityID": "CVE-2023-52426",
          "PkgID": "libexpat@2.5.0-r2",
          "PkgName": "libexpat",
          "PkgIdentifier": {
            "PURL": "pkg:apk/alpine/libexpat@2.5.0-r2?arch=x86_64\u0026distro=3.19.0"
          },
          "InstalledVersion": "2.5.0-r2",
          "FixedVersion": "2.6.0-r0",
          "Status": "fixed",
          "Layer": {
            "DiffID": "sha256:b504977a494437df14bf6decf0d8abde823226cd2a63a4ccd88a89041e3de3c6"
          },
          "SeveritySource": "nvd",
          "PrimaryURL": "https://avd.aquasec.com/nvd/cve-2023-52426",
          "DataSource": {
            "ID": "alpine",
            "Name": "Alpine Secdb",
            "URL": "https://secdb.alpinelinux.org/"
          },
          "Title": "expat: recursive XML entity expansion vulnerability",
          "Description": "libexpat through 2.5.0 allows recursive XML Entity Expansion if XML_DTD is undefined at compile time.",
          "Severity": "MEDIUM",
          "CweIDs": [
            "CWE-776"
          ],
          "VendorSeverity": {
            "amazon": 2,
            "nvd": 2,
            "redhat": 2,
            "ubuntu": 2
          },
          "CVSS": {
            "nvd": {
              "V3Vector": "CVSS:3.1/AV:L/AC:L/PR:L/UI:N/S:U/C:N/I:N/A:H",
              "V3Score": 5.5
            },
            "redhat": {
              "V3Vector": "CVSS:3.1/AV:L/AC:L/PR:L/UI:N/S:U/C:N/I:N/A:H",
              "V3Score": 5.5
            }
          },
          "References": [
            "https://access.redhat.com/security/cve/CVE-2023-52426",
            "https://cve.mitre.org/cgi-bin/cvename.cgi?name=CVE-2023-52426",
            "https://cwe.mitre.org/data/definitions/776.html",
            "https://github.com/libexpat/libexpat/commit/0f075ec8ecb5e43f8fdca5182f8cca4703da0404",
            "https://github.com/libexpat/libexpat/pull/777",
            "https://nvd.nist.gov/vuln/detail/CVE-2023-52426",
            "https://www.cve.org/CVERecord?id=CVE-2023-52426"
          ],
          "PublishedDate": "2024-02-04T20:15:46.12Z",
          "LastModifiedDate": "2024-02-09T02:02:39.8Z"
        },
        {
          "VulnerabilityID": "CVE-2024-0727",
          "PkgID": "libssl3@3.1.4-r4",
          "PkgName": "libssl3",
          "PkgIdentifier": {
            "PURL": "pkg:apk/alpine/libssl3@3.1.4-r4?arch=x86_64\u0026distro=3.19.0"
          },
          "InstalledVersion": "3.1.4-r4",
          "FixedVersion": "3.1.4-r5",
          "Status": "fixed",
          "Layer": {
            "DiffID": "sha256:6bc94202d34d6f60abd268115379259bde5106ec5cd0124224fd945e5b78579a"
          },
          "SeveritySource": "nvd",
          "PrimaryURL": "https://avd.aquasec.com/nvd/cve-2024-0727",
          "DataSource": {
            "ID": "alpine",
            "Name": "Alpine Secdb",
            "URL": "https://secdb.alpinelinux.org/"
          },
          "Title": "openssl: denial of service via null dereference",
          "Description": "Issue summary: Processing a maliciously formatted PKCS12 file may lead OpenSSL\nto crash leading to a potential Denial of Service attack\n\nImpact summary: Applications loading files in the PKCS12 format from untrusted\nsources might terminate abruptly.\n\nA file in PKCS12 format can contain certificates and keys and may come from an\nuntrusted source. The PKCS12 specification allows certain fields to be NULL, but\nOpenSSL does not correctly check for this case. This can lead to a NULL pointer\ndereference that results in OpenSSL crashing. If an application processes PKCS12\nfiles from an untrusted source using the OpenSSL APIs then that application will\nbe vulnerable to this issue.\n\nOpenSSL APIs that are vulnerable to this are: PKCS12_parse(),\nPKCS12_unpack_p7data(), PKCS12_unpack_p7encdata(), PKCS12_unpack_authsafes()\nand PKCS12_newpass().\n\nWe have also fixed a similar issue in SMIME_write_PKCS7(). However since this\nfunction is related to writing data we do not consider it security significant.\n\nThe FIPS modules in 3.2, 3.1 and 3.0 are not affected by this issue.",
          "Severity": "MEDIUM",
          "VendorSeverity": {
            "amazon": 2,
            "ghsa": 2,
            "nvd": 2,
            "photon": 2,
            "redhat": 1,
            "ubuntu": 1
          },
          "CVSS": {
            "ghsa": {
              "V3Vector": "CVSS:3.1/AV:L/AC:L/PR:N/UI:R/S:U/C:N/I:N/A:H",
              "V3Score": 5.5
            },
            "nvd": {
              "V3Vector": "CVSS:3.1/AV:L/AC:L/PR:N/UI:R/S:U/C:N/I:N/A:H",
              "V3Score": 5.5
            },
            "redhat": {
              "V3Vector": "CVSS:3.1/AV:L/AC:L/PR:N/UI:R/S:U/C:N/I:N/A:L",
              "V3Score": 3.3
            }
          },
          "References": [
            "https://access.redhat.com/security/cve/CVE-2024-0727",
            "https://cve.mitre.org/cgi-bin/cvename.cgi?name=CVE-2024-0727",
            "https://github.com/alexcrichton/openssl-src-rs/commit/add20f73b6b42be7451af2e1044d4e0e778992b2",
            "https://github.com/github/advisory-database/pull/3472",
            "https://github.com/openssl/openssl/commit/09df4395b5071217b76dc7d3d2e630eb8c5a79c2",
            "https://github.com/openssl/openssl/commit/775acfdbd0c6af9ac855f34969cdab0c0c90844a",
            "https://github.com/openssl/openssl/commit/d135eeab8a5dbf72b3da5240bab9ddb7678dbd2c",
            "https://github.com/openssl/openssl/pull/23362",
            "https://github.com/pyca/cryptography/commit/3519591d255d4506fbcd0d04037d45271903c64d",
            "https://github.openssl.org/openssl/extended-releases/commit/03b3941d60c4bce58fab69a0c22377ab439bc0e8",
            "https://github.openssl.org/openssl/extended-releases/commit/aebaa5883e31122b404e450732dc833dc9dee539",
            "https://nvd.nist.gov/vuln/detail/CVE-2024-0727",
            "https://security.netapp.com/advisory/ntap-20240208-0006",
            "https://security.netapp.com/advisory/ntap-20240208-0006/",
            "https://ubuntu.com/security/notices/USN-6622-1",
            "https://ubuntu.com/security/notices/USN-6632-1",
            "https://www.cve.org/CVERecord?id=CVE-2024-0727",
            "https://www.openssl.org/news/secadv/20240125.txt"
          ],
          "PublishedDate": "2024-01-26T09:15:07.637Z",
          "LastModifiedDate": "2024-02-08T10:15:13.91Z"
        },
        {
          "VulnerabilityID": "CVE-2023-5388",
          "PkgID": "nss@3.97-r0",
          "PkgName": "nss",
          "PkgIdentifier": {
            "PURL": "pkg:apk/alpine/nss@3.97-r0?arch=x86_64\u0026distro=3.19.0"
          },
          "InstalledVersion": "3.97-r0",
          "FixedVersion": "3.98-r0",
          "Status": "fixed",
          "Layer": {
            "DiffID": "sha256:65708544c5ce3695b200e4c0202cae3b739a8759e758fc2fe371d5076afe98b9"
          },
          "PrimaryURL": "https://avd.aquasec.com/nvd/cve-2023-5388",
          "DataSource": {
            "ID": "alpine",
            "Name": "Alpine Secdb",
            "URL": "https://secdb.alpinelinux.org/"
          },
          "Title": "nss: timing attack against RSA decryption",
          "Description": "It was discovered that the numerical library used in NSS for RSA cryptography leaks information whether high order bits of the RSA decryption result are zero. This information can be used to mount a Bleichenbacher or Manger like attack against all RSA decryption operations. As the leak happens before any padding operations, it affects all padding modes: PKCS#1 v1.5, OAEP, and RSASVP. Both API level calls and TLS server operation are affected.",
          "Severity": "MEDIUM",
          "VendorSeverity": {
            "alma": 2,
            "amazon": 2,
            "oracle-oval": 2,
            "redhat": 2,
            "rocky": 2,
            "ubuntu": 2
          },
          "CVSS": {
            "redhat": {
              "V3Vector": "CVSS:3.1/AV:N/AC:L/PR:L/UI:N/S:U/C:H/I:N/A:N",
              "V3Score": 6.5
            }
          },
          "References": [
            "https://access.redhat.com/errata/RHSA-2024:0108",
            "https://access.redhat.com/security/cve/CVE-2023-5388",
            "https://bugzilla.redhat.com/2243644",
            "https://bugzilla.redhat.com/show_bug.cgi?id=2243644",
            "https://cve.mitre.org/cgi-bin/cvename.cgi?name=CVE-2023-5388",
            "https://errata.almalinux.org/9/ALSA-2024-0108.html",
            "https://errata.rockylinux.org/RLSA-2024:0105",
            "https://linux.oracle.com/cve/CVE-2023-5388.html",
            "https://linux.oracle.com/errata/ELSA-2024-0108.html",
            "https://nvd.nist.gov/vuln/detail/CVE-2023-5388",
            "https://people.redhat.com/~hkario/marvin/",
            "https://www.cve.org/CVERecord?id=CVE-2023-5388"
          ]
        }
      ]
    },
    {
      "Target": "usr/bin/newrelic-infra",
      "Class": "lang-pkgs",
      "Type": "gobinary",
      "Vulnerabilities": [
        {
          "VulnerabilityID": "GHSA-7ww5-4wqc-m92c",
          "PkgName": "github.com/containerd/containerd",
          "PkgIdentifier": {
            "PURL": "pkg:golang/github.com/containerd/containerd@v1.7.7"
          },
          "InstalledVersion": "v1.7.7",
          "FixedVersion": "1.6.26, 1.7.11",
          "Status": "fixed",
          "Layer": {
            "DiffID": "sha256:e87c0cb06d40b473dc53337b957b2fb7b372a735d6c7385ccb18aa89c9faf346"
          },
          "SeveritySource": "ghsa",
          "PrimaryURL": "https://github.com/advisories/GHSA-7ww5-4wqc-m92c",
          "DataSource": {
            "ID": "ghsa",
            "Name": "GitHub Security Advisory Go",
            "URL": "https://github.com/advisories?query=type%3Areviewed+ecosystem%3Ago"
          },
          "Title": "containerd allows RAPL to be accessible to a container",
          "Description": "# /sys/devices/virtual/powercap accessible by default to containers\n\nIntel's RAPL (Running Average Power Limit) feature, introduced by the Sandy Bridge microarchitecture, provides software insights into hardware energy consumption. To facilitate this, Intel introduced the powercap framework in Linux kernel 3.13, which reads values via relevant MSRs (model specific registers) and provides unprivileged userspace access via `sysfs`. As RAPL is an interface to access a hardware feature, it is only available when running on bare metal with the module compiled into the kernel.\n\nBy 2019, it was realized that in some cases unprivileged access to RAPL readings could be exploited as a power-based side-channel against security features including AES-NI (potentially inside a SGX enclave) and KASLR (kernel address space layout randomization). Also known as the [PLATYPUS attack](https://platypusattack.com/), Intel assigned [CVE-2020-8694](https://cve.mitre.org/cgi-bin/cvename.cgi?name=CVE-2020-8694) and [CVE-2020-8695](https://cve.mitre.org/cgi-bin/cvename.cgi?name=CVE-2020-8695), and AMD assigned [CVE-2020-12912](https://cve.mitre.org/cgi-bin/cvename.cgi?name=CVE-2020-12912).\n\nSeveral mitigations were applied; Intel reduced the sampling resolution via a microcode update, and the Linux kernel [prevents access by non-root users](https://git.kernel.org/pub/scm/linux/kernel/git/torvalds/linux.git/commit/?id=949dd0104c496fa7c14991a23c03c62e44637e71) since 5.10. However, this kernel-based mitigation does not apply to many container-based scenarios:\n* Unless using user namespaces, root inside a container has the same level of privilege as root outside the container, but with a slightly more narrow view of the system\n* `sysfs` is mounted inside containers read-only; however only read access is needed to carry out this attack on an unpatched CPU\n\nWhile this is not a direct vulnerability in container runtimes, defense in depth and safe defaults are valuable and preferred, especially as this poses a risk to multi-tenant container environments. This is provided by masking `/sys/devices/virtual/powercap` in the default mount configuration, and adding an additional set of rules to deny it in the default AppArmor profile.\n\nWhile `sysfs` is not the only way to read from the RAPL subsystem, other ways of accessing it require additional capabilities such as `CAP_SYS_RAWIO` which is not available to containers by default, or `perf` paranoia level less than 1, which is a non-default kernel tunable.\n\n## References\n\n* https://cve.mitre.org/cgi-bin/cvename.cgi?name=CVE-2020-8694\n* https://cve.mitre.org/cgi-bin/cvename.cgi?name=CVE-2020-8695\n* https://cve.mitre.org/cgi-bin/cvename.cgi?name=CVE-2020-12912\n* https://platypusattack.com/\n* https://git.kernel.org/pub/scm/linux/kernel/git/torvalds/linux.git/commit/?id=949dd0104c496fa7c14991a23c03c62e44637e71\n* https://web.eece.maine.edu/~vweaver/projects/rapl/",
          "Severity": "MEDIUM",
          "VendorSeverity": {
            "ghsa": 2
          },
          "References": [
            "https://github.com/containerd/containerd",
            "https://github.com/containerd/containerd/commit/67d356cb3095f3e8f8ad7d36f9a733fea1e7e28c",
            "https://github.com/containerd/containerd/commit/746b910f05855c8bfdb4415a1c0f958b234910e5",
            "https://github.com/containerd/containerd/security/advisories/GHSA-7ww5-4wqc-m92c"
          ]
        },
        {
          "VulnerabilityID": "GHSA-jq35-85cj-fj4p",
          "PkgName": "github.com/docker/docker",
          "PkgIdentifier": {
            "PURL": "pkg:golang/github.com/docker/docker@v24.0.1%2Bincompatible"
          },
          "InstalledVersion": "v24.0.1+incompatible",
          "FixedVersion": "24.0.7, 23.0.8, 20.10.27",
          "Status": "fixed",
          "Layer": {
            "DiffID": "sha256:e87c0cb06d40b473dc53337b957b2fb7b372a735d6c7385ccb18aa89c9faf346"
          },
          "SeveritySource": "ghsa",
          "PrimaryURL": "https://github.com/advisories/GHSA-jq35-85cj-fj4p",
          "DataSource": {
            "ID": "ghsa",
            "Name": "GitHub Security Advisory Go",
            "URL": "https://github.com/advisories?query=type%3Areviewed+ecosystem%3Ago"
          },
          "Title": "/sys/devices/virtual/powercap accessible by default to containers",
          "Description": "Intel's RAPL (Running Average Power Limit) feature, introduced by the Sandy Bridge microarchitecture, provides software insights into hardware energy consumption. To facilitate this, Intel introduced the powercap framework in Linux kernel 3.13, which reads values via relevant MSRs (model specific registers) and provides unprivileged userspace access via `sysfs`. As RAPL is an interface to access a hardware feature, it is only available when running on bare metal with the module compiled into the kernel.\n\nBy 2019, it was realized that in some cases unprivileged access to RAPL readings could be exploited as a power-based side-channel against security features including AES-NI (potentially inside a SGX enclave) and KASLR (kernel address space layout randomization). Also known as the [PLATYPUS attack](https://platypusattack.com/), Intel assigned [CVE-2020-8694](https://cve.mitre.org/cgi-bin/cvename.cgi?name=CVE-2020-8694) and [CVE-2020-8695](https://cve.mitre.org/cgi-bin/cvename.cgi?name=CVE-2020-8695), and AMD assigned [CVE-2020-12912](https://cve.mitre.org/cgi-bin/cvename.cgi?name=CVE-2020-12912).\n\nSeveral mitigations were applied; Intel reduced the sampling resolution via a microcode update, and the Linux kernel [prevents access by non-root users](https://git.kernel.org/pub/scm/linux/kernel/git/torvalds/linux.git/commit/?id=949dd0104c496fa7c14991a23c03c62e44637e71) since 5.10. However, this kernel-based mitigation does not apply to many container-based scenarios:\n* Unless using user namespaces, root inside a container has the same level of privilege as root outside the container, but with a slightly more narrow view of the system\n* `sysfs` is mounted inside containers read-only; however only read access is needed to carry out this attack on an unpatched CPU\n\nWhile this is not a direct vulnerability in container runtimes, defense in depth and safe defaults are valuable and preferred, especially as this poses a risk to multi-tenant container environments running directly on affected hardware. This is provided by masking `/sys/devices/virtual/powercap` in the default mount configuration, and adding an additional set of rules to deny it in the default AppArmor profile.\n\nWhile `sysfs` is not the only way to read from the RAPL subsystem, other ways of accessing it require additional capabilities such as `CAP_SYS_RAWIO` which is not available to containers by default, or `perf` paranoia level less than 1, which is a non-default kernel tunable.\n\n## References\n\n* https://cve.mitre.org/cgi-bin/cvename.cgi?name=CVE-2020-8694\n* https://cve.mitre.org/cgi-bin/cvename.cgi?name=CVE-2020-8695\n* https://cve.mitre.org/cgi-bin/cvename.cgi?name=CVE-2020-12912\n* https://platypusattack.com/\n* https://git.kernel.org/pub/scm/linux/kernel/git/torvalds/linux.git/commit/?id=949dd0104c496fa7c14991a23c03c62e44637e71\n* https://web.eece.maine.edu/~vweaver/projects/rapl/",
          "Severity": "MEDIUM",
          "VendorSeverity": {
            "ghsa": 2
          },
          "References": [
            "https://github.com/moby/moby",
            "https://github.com/moby/moby/commit/48ebe353e49a9def5e6679f6e386b0efb1c95f0e",
            "https://github.com/moby/moby/commit/81ebe71275768629689a23bc3bca34b3b374a6a6",
            "https://github.com/moby/moby/commit/c9ccbfad11a60e703e91b6cca4f48927828c7e35",
            "https://github.com/moby/moby/releases/tag/v20.10.27",
            "https://github.com/moby/moby/releases/tag/v23.0.8",
            "https://github.com/moby/moby/releases/tag/v24.0.7",
            "https://github.com/moby/moby/security/advisories/GHSA-jq35-85cj-fj4p"
          ]
        },
        {
          "VulnerabilityID": "CVE-2024-21626",
          "PkgName": "github.com/opencontainers/runc",
          "PkgIdentifier": {
            "PURL": "pkg:golang/github.com/opencontainers/runc@v1.1.6"
          },
          "InstalledVersion": "v1.1.6",
          "FixedVersion": "1.1.12",
          "Status": "fixed",
          "Layer": {
            "DiffID": "sha256:e87c0cb06d40b473dc53337b957b2fb7b372a735d6c7385ccb18aa89c9faf346"
          },
          "SeveritySource": "ghsa",
          "PrimaryURL": "https://avd.aquasec.com/nvd/cve-2024-21626",
          "DataSource": {
            "ID": "ghsa",
            "Name": "GitHub Security Advisory Go",
            "URL": "https://github.com/advisories?query=type%3Areviewed+ecosystem%3Ago"
          },
          "Title": "runc: file descriptor leak",
          "Description": "runc is a CLI tool for spawning and running containers on Linux according to the OCI specification. In runc 1.1.11 and earlier, due to an internal file descriptor leak, an attacker could cause a newly-spawned container process (from runc exec) to have a working directory in the host filesystem namespace, allowing for a container escape by giving access to the host filesystem (\"attack 2\"). The same attack could be used by a malicious image to allow a container process to gain access to the host filesystem through runc run (\"attack 1\"). Variants of attacks 1 and 2 could be also be used to overwrite semi-arbitrary host binaries, allowing for complete container escapes (\"attack 3a\" and \"attack 3b\"). runc 1.1.12 includes patches for this issue. ",
          "Severity": "HIGH",
          "CweIDs": [
            "CWE-668",
            "CWE-403"
          ],
          "VendorSeverity": {
            "alma": 3,
            "amazon": 3,
            "cbl-mariner": 3,
            "ghsa": 3,
            "nvd": 3,
            "oracle-oval": 3,
            "redhat": 3,
            "ubuntu": 3
          },
          "CVSS": {
            "ghsa": {
              "V3Vector": "CVSS:3.1/AV:L/AC:L/PR:N/UI:R/S:C/C:H/I:H/A:H",
              "V3Score": 8.6
            },
            "nvd": {
              "V3Vector": "CVSS:3.1/AV:L/AC:L/PR:N/UI:R/S:C/C:H/I:H/A:H",
              "V3Score": 8.6
            },
            "redhat": {
              "V3Vector": "CVSS:3.1/AV:L/AC:L/PR:N/UI:R/S:C/C:H/I:H/A:H",
              "V3Score": 8.6
            }
          },
          "References": [
            "http://packetstormsecurity.com/files/176993/runc-1.1.11-File-Descriptor-Leak-Privilege-Escalation.html",
            "http://www.openwall.com/lists/oss-security/2024/02/01/1",
            "http://www.openwall.com/lists/oss-security/2024/02/02/3",
            "https://access.redhat.com/errata/RHSA-2024:0670",
            "https://access.redhat.com/security/cve/CVE-2024-21626",
            "https://bugzilla.redhat.com/2258725",
            "https://cve.mitre.org/cgi-bin/cvename.cgi?name=CVE-2024-21626",
            "https://errata.almalinux.org/9/ALSA-2024-0670.html",
            "https://github.com/opencontainers/runc",
            "https://github.com/opencontainers/runc/commit/02120488a4c0fc487d1ed2867e901eeed7ce8ecf",
            "https://github.com/opencontainers/runc/releases/tag/v1.1.12",
            "https://github.com/opencontainers/runc/security/advisories/GHSA-xr7r-f8xq-vfvv",
            "https://linux.oracle.com/cve/CVE-2024-21626.html",
            "https://linux.oracle.com/errata/ELSA-2024-17931.html",
            "https://lists.debian.org/debian-lts-announce/2024/02/msg00005.html",
            "https://lists.fedoraproject.org/archives/list/package-announce@lists.fedoraproject.org/message/2NLXNE23Q5ESQUAI22Z7A63JX2WMPJ2J",
            "https://lists.fedoraproject.org/archives/list/package-announce@lists.fedoraproject.org/message/2NLXNE23Q5ESQUAI22Z7A63JX2WMPJ2J/",
            "https://lists.fedoraproject.org/archives/list/package-announce@lists.fedoraproject.org/message/SYMO3BANINS6RGFQFKPRG4FIOJ7GWYTL",
            "https://lists.fedoraproject.org/archives/list/package-announce@lists.fedoraproject.org/message/SYMO3BANINS6RGFQFKPRG4FIOJ7GWYTL/",
            "https://nvd.nist.gov/vuln/detail/CVE-2024-21626",
            "https://ubuntu.com/security/notices/USN-6619-1",
            "https://www.cve.org/CVERecord?id=CVE-2024-21626"
          ],
          "PublishedDate": "2024-01-31T22:15:53.78Z",
          "LastModifiedDate": "2024-02-19T03:15:08.413Z"
        }
      ]
    },
    {
      "Target": "usr/bin/newrelic-infra-ctl",
      "Class": "lang-pkgs",
      "Type": "gobinary",
      "Vulnerabilities": [
        {
          "VulnerabilityID": "GHSA-7ww5-4wqc-m92c",
          "PkgName": "github.com/containerd/containerd",
          "PkgIdentifier": {
            "PURL": "pkg:golang/github.com/containerd/containerd@v1.7.7"
          },
          "InstalledVersion": "v1.7.7",
          "FixedVersion": "1.6.26, 1.7.11",
          "Status": "fixed",
          "Layer": {
            "DiffID": "sha256:82b3874d546821c999d3d36cdcfeca4d9a4f945927dd00f460f9ccea64a7bace"
          },
          "SeveritySource": "ghsa",
          "PrimaryURL": "https://github.com/advisories/GHSA-7ww5-4wqc-m92c",
          "DataSource": {
            "ID": "ghsa",
            "Name": "GitHub Security Advisory Go",
            "URL": "https://github.com/advisories?query=type%3Areviewed+ecosystem%3Ago"
          },
          "Title": "containerd allows RAPL to be accessible to a container",
          "Description": "# /sys/devices/virtual/powercap accessible by default to containers\n\nIntel's RAPL (Running Average Power Limit) feature, introduced by the Sandy Bridge microarchitecture, provides software insights into hardware energy consumption. To facilitate this, Intel introduced the powercap framework in Linux kernel 3.13, which reads values via relevant MSRs (model specific registers) and provides unprivileged userspace access via `sysfs`. As RAPL is an interface to access a hardware feature, it is only available when running on bare metal with the module compiled into the kernel.\n\nBy 2019, it was realized that in some cases unprivileged access to RAPL readings could be exploited as a power-based side-channel against security features including AES-NI (potentially inside a SGX enclave) and KASLR (kernel address space layout randomization). Also known as the [PLATYPUS attack](https://platypusattack.com/), Intel assigned [CVE-2020-8694](https://cve.mitre.org/cgi-bin/cvename.cgi?name=CVE-2020-8694) and [CVE-2020-8695](https://cve.mitre.org/cgi-bin/cvename.cgi?name=CVE-2020-8695), and AMD assigned [CVE-2020-12912](https://cve.mitre.org/cgi-bin/cvename.cgi?name=CVE-2020-12912).\n\nSeveral mitigations were applied; Intel reduced the sampling resolution via a microcode update, and the Linux kernel [prevents access by non-root users](https://git.kernel.org/pub/scm/linux/kernel/git/torvalds/linux.git/commit/?id=949dd0104c496fa7c14991a23c03c62e44637e71) since 5.10. However, this kernel-based mitigation does not apply to many container-based scenarios:\n* Unless using user namespaces, root inside a container has the same level of privilege as root outside the container, but with a slightly more narrow view of the system\n* `sysfs` is mounted inside containers read-only; however only read access is needed to carry out this attack on an unpatched CPU\n\nWhile this is not a direct vulnerability in container runtimes, defense in depth and safe defaults are valuable and preferred, especially as this poses a risk to multi-tenant container environments. This is provided by masking `/sys/devices/virtual/powercap` in the default mount configuration, and adding an additional set of rules to deny it in the default AppArmor profile.\n\nWhile `sysfs` is not the only way to read from the RAPL subsystem, other ways of accessing it require additional capabilities such as `CAP_SYS_RAWIO` which is not available to containers by default, or `perf` paranoia level less than 1, which is a non-default kernel tunable.\n\n## References\n\n* https://cve.mitre.org/cgi-bin/cvename.cgi?name=CVE-2020-8694\n* https://cve.mitre.org/cgi-bin/cvename.cgi?name=CVE-2020-8695\n* https://cve.mitre.org/cgi-bin/cvename.cgi?name=CVE-2020-12912\n* https://platypusattack.com/\n* https://git.kernel.org/pub/scm/linux/kernel/git/torvalds/linux.git/commit/?id=949dd0104c496fa7c14991a23c03c62e44637e71\n* https://web.eece.maine.edu/~vweaver/projects/rapl/",
          "Severity": "MEDIUM",
          "VendorSeverity": {
            "ghsa": 2
          },
          "References": [
            "https://github.com/containerd/containerd",
            "https://github.com/containerd/containerd/commit/67d356cb3095f3e8f8ad7d36f9a733fea1e7e28c",
            "https://github.com/containerd/containerd/commit/746b910f05855c8bfdb4415a1c0f958b234910e5",
            "https://github.com/containerd/containerd/security/advisories/GHSA-7ww5-4wqc-m92c"
          ]
        },
        {
          "VulnerabilityID": "GHSA-jq35-85cj-fj4p",
          "PkgName": "github.com/docker/docker",
          "PkgIdentifier": {
            "PURL": "pkg:golang/github.com/docker/docker@v24.0.1%2Bincompatible"
          },
          "InstalledVersion": "v24.0.1+incompatible",
          "FixedVersion": "24.0.7, 23.0.8, 20.10.27",
          "Status": "fixed",
          "Layer": {
            "DiffID": "sha256:82b3874d546821c999d3d36cdcfeca4d9a4f945927dd00f460f9ccea64a7bace"
          },
          "SeveritySource": "ghsa",
          "PrimaryURL": "https://github.com/advisories/GHSA-jq35-85cj-fj4p",
          "DataSource": {
            "ID": "ghsa",
            "Name": "GitHub Security Advisory Go",
            "URL": "https://github.com/advisories?query=type%3Areviewed+ecosystem%3Ago"
          },
          "Title": "/sys/devices/virtual/powercap accessible by default to containers",
          "Description": "Intel's RAPL (Running Average Power Limit) feature, introduced by the Sandy Bridge microarchitecture, provides software insights into hardware energy consumption. To facilitate this, Intel introduced the powercap framework in Linux kernel 3.13, which reads values via relevant MSRs (model specific registers) and provides unprivileged userspace access via `sysfs`. As RAPL is an interface to access a hardware feature, it is only available when running on bare metal with the module compiled into the kernel.\n\nBy 2019, it was realized that in some cases unprivileged access to RAPL readings could be exploited as a power-based side-channel against security features including AES-NI (potentially inside a SGX enclave) and KASLR (kernel address space layout randomization). Also known as the [PLATYPUS attack](https://platypusattack.com/), Intel assigned [CVE-2020-8694](https://cve.mitre.org/cgi-bin/cvename.cgi?name=CVE-2020-8694) and [CVE-2020-8695](https://cve.mitre.org/cgi-bin/cvename.cgi?name=CVE-2020-8695), and AMD assigned [CVE-2020-12912](https://cve.mitre.org/cgi-bin/cvename.cgi?name=CVE-2020-12912).\n\nSeveral mitigations were applied; Intel reduced the sampling resolution via a microcode update, and the Linux kernel [prevents access by non-root users](https://git.kernel.org/pub/scm/linux/kernel/git/torvalds/linux.git/commit/?id=949dd0104c496fa7c14991a23c03c62e44637e71) since 5.10. However, this kernel-based mitigation does not apply to many container-based scenarios:\n* Unless using user namespaces, root inside a container has the same level of privilege as root outside the container, but with a slightly more narrow view of the system\n* `sysfs` is mounted inside containers read-only; however only read access is needed to carry out this attack on an unpatched CPU\n\nWhile this is not a direct vulnerability in container runtimes, defense in depth and safe defaults are valuable and preferred, especially as this poses a risk to multi-tenant container environments running directly on affected hardware. This is provided by masking `/sys/devices/virtual/powercap` in the default mount configuration, and adding an additional set of rules to deny it in the default AppArmor profile.\n\nWhile `sysfs` is not the only way to read from the RAPL subsystem, other ways of accessing it require additional capabilities such as `CAP_SYS_RAWIO` which is not available to containers by default, or `perf` paranoia level less than 1, which is a non-default kernel tunable.\n\n## References\n\n* https://cve.mitre.org/cgi-bin/cvename.cgi?name=CVE-2020-8694\n* https://cve.mitre.org/cgi-bin/cvename.cgi?name=CVE-2020-8695\n* https://cve.mitre.org/cgi-bin/cvename.cgi?name=CVE-2020-12912\n* https://platypusattack.com/\n* https://git.kernel.org/pub/scm/linux/kernel/git/torvalds/linux.git/commit/?id=949dd0104c496fa7c14991a23c03c62e44637e71\n* https://web.eece.maine.edu/~vweaver/projects/rapl/",
          "Severity": "MEDIUM",
          "VendorSeverity": {
            "ghsa": 2
          },
          "References": [
            "https://github.com/moby/moby",
            "https://github.com/moby/moby/commit/48ebe353e49a9def5e6679f6e386b0efb1c95f0e",
            "https://github.com/moby/moby/commit/81ebe71275768629689a23bc3bca34b3b374a6a6",
            "https://github.com/moby/moby/commit/c9ccbfad11a60e703e91b6cca4f48927828c7e35",
            "https://github.com/moby/moby/releases/tag/v20.10.27",
            "https://github.com/moby/moby/releases/tag/v23.0.8",
            "https://github.com/moby/moby/releases/tag/v24.0.7",
            "https://github.com/moby/moby/security/advisories/GHSA-jq35-85cj-fj4p"
          ]
        },
        {
          "VulnerabilityID": "CVE-2024-21626",
          "PkgName": "github.com/opencontainers/runc",
          "PkgIdentifier": {
            "PURL": "pkg:golang/github.com/opencontainers/runc@v1.1.6"
          },
          "InstalledVersion": "v1.1.6",
          "FixedVersion": "1.1.12",
          "Status": "fixed",
          "Layer": {
            "DiffID": "sha256:82b3874d546821c999d3d36cdcfeca4d9a4f945927dd00f460f9ccea64a7bace"
          },
          "SeveritySource": "ghsa",
          "PrimaryURL": "https://avd.aquasec.com/nvd/cve-2024-21626",
          "DataSource": {
            "ID": "ghsa",
            "Name": "GitHub Security Advisory Go",
            "URL": "https://github.com/advisories?query=type%3Areviewed+ecosystem%3Ago"
          },
          "Title": "runc: file descriptor leak",
          "Description": "runc is a CLI tool for spawning and running containers on Linux according to the OCI specification. In runc 1.1.11 and earlier, due to an internal file descriptor leak, an attacker could cause a newly-spawned container process (from runc exec) to have a working directory in the host filesystem namespace, allowing for a container escape by giving access to the host filesystem (\"attack 2\"). The same attack could be used by a malicious image to allow a container process to gain access to the host filesystem through runc run (\"attack 1\"). Variants of attacks 1 and 2 could be also be used to overwrite semi-arbitrary host binaries, allowing for complete container escapes (\"attack 3a\" and \"attack 3b\"). runc 1.1.12 includes patches for this issue. ",
          "Severity": "HIGH",
          "CweIDs": [
            "CWE-668",
            "CWE-403"
          ],
          "VendorSeverity": {
            "alma": 3,
            "amazon": 3,
            "cbl-mariner": 3,
            "ghsa": 3,
            "nvd": 3,
            "oracle-oval": 3,
            "redhat": 3,
            "ubuntu": 3
          },
          "CVSS": {
            "ghsa": {
              "V3Vector": "CVSS:3.1/AV:L/AC:L/PR:N/UI:R/S:C/C:H/I:H/A:H",
              "V3Score": 8.6
            },
            "nvd": {
              "V3Vector": "CVSS:3.1/AV:L/AC:L/PR:N/UI:R/S:C/C:H/I:H/A:H",
              "V3Score": 8.6
            },
            "redhat": {
              "V3Vector": "CVSS:3.1/AV:L/AC:L/PR:N/UI:R/S:C/C:H/I:H/A:H",
              "V3Score": 8.6
            }
          },
          "References": [
            "http://packetstormsecurity.com/files/176993/runc-1.1.11-File-Descriptor-Leak-Privilege-Escalation.html",
            "http://www.openwall.com/lists/oss-security/2024/02/01/1",
            "http://www.openwall.com/lists/oss-security/2024/02/02/3",
            "https://access.redhat.com/errata/RHSA-2024:0670",
            "https://access.redhat.com/security/cve/CVE-2024-21626",
            "https://bugzilla.redhat.com/2258725",
            "https://cve.mitre.org/cgi-bin/cvename.cgi?name=CVE-2024-21626",
            "https://errata.almalinux.org/9/ALSA-2024-0670.html",
            "https://github.com/opencontainers/runc",
            "https://github.com/opencontainers/runc/commit/02120488a4c0fc487d1ed2867e901eeed7ce8ecf",
            "https://github.com/opencontainers/runc/releases/tag/v1.1.12",
            "https://github.com/opencontainers/runc/security/advisories/GHSA-xr7r-f8xq-vfvv",
            "https://linux.oracle.com/cve/CVE-2024-21626.html",
            "https://linux.oracle.com/errata/ELSA-2024-17931.html",
            "https://lists.debian.org/debian-lts-announce/2024/02/msg00005.html",
            "https://lists.fedoraproject.org/archives/list/package-announce@lists.fedoraproject.org/message/2NLXNE23Q5ESQUAI22Z7A63JX2WMPJ2J",
            "https://lists.fedoraproject.org/archives/list/package-announce@lists.fedoraproject.org/message/2NLXNE23Q5ESQUAI22Z7A63JX2WMPJ2J/",
            "https://lists.fedoraproject.org/archives/list/package-announce@lists.fedoraproject.org/message/SYMO3BANINS6RGFQFKPRG4FIOJ7GWYTL",
            "https://lists.fedoraproject.org/archives/list/package-announce@lists.fedoraproject.org/message/SYMO3BANINS6RGFQFKPRG4FIOJ7GWYTL/",
            "https://nvd.nist.gov/vuln/detail/CVE-2024-21626",
            "https://ubuntu.com/security/notices/USN-6619-1",
            "https://www.cve.org/CVERecord?id=CVE-2024-21626"
          ],
          "PublishedDate": "2024-01-31T22:15:53.78Z",
          "LastModifiedDate": "2024-02-19T03:15:08.413Z"
        }
      ]
    },
    {
      "Target": "var/db/newrelic-infra/newrelic-integrations/bin/nri-flex",
      "Class": "lang-pkgs",
      "Type": "gobinary",
      "Vulnerabilities": [
        {
          "VulnerabilityID": "GHSA-jq35-85cj-fj4p",
          "PkgName": "github.com/docker/docker",
          "PkgIdentifier": {
            "PURL": "pkg:golang/github.com/docker/docker@v23.0.5%2Bincompatible"
          },
          "InstalledVersion": "v23.0.5+incompatible",
          "FixedVersion": "24.0.7, 23.0.8, 20.10.27",
          "Status": "fixed",
          "Layer": {
            "DiffID": "sha256:43a24c329909df9471433b00d4e77d57725b12896634c697aecc1d202c4fb58a"
          },
          "SeveritySource": "ghsa",
          "PrimaryURL": "https://github.com/advisories/GHSA-jq35-85cj-fj4p",
          "DataSource": {
            "ID": "ghsa",
            "Name": "GitHub Security Advisory Go",
            "URL": "https://github.com/advisories?query=type%3Areviewed+ecosystem%3Ago"
          },
          "Title": "/sys/devices/virtual/powercap accessible by default to containers",
          "Description": "Intel's RAPL (Running Average Power Limit) feature, introduced by the Sandy Bridge microarchitecture, provides software insights into hardware energy consumption. To facilitate this, Intel introduced the powercap framework in Linux kernel 3.13, which reads values via relevant MSRs (model specific registers) and provides unprivileged userspace access via `sysfs`. As RAPL is an interface to access a hardware feature, it is only available when running on bare metal with the module compiled into the kernel.\n\nBy 2019, it was realized that in some cases unprivileged access to RAPL readings could be exploited as a power-based side-channel against security features including AES-NI (potentially inside a SGX enclave) and KASLR (kernel address space layout randomization). Also known as the [PLATYPUS attack](https://platypusattack.com/), Intel assigned [CVE-2020-8694](https://cve.mitre.org/cgi-bin/cvename.cgi?name=CVE-2020-8694) and [CVE-2020-8695](https://cve.mitre.org/cgi-bin/cvename.cgi?name=CVE-2020-8695), and AMD assigned [CVE-2020-12912](https://cve.mitre.org/cgi-bin/cvename.cgi?name=CVE-2020-12912).\n\nSeveral mitigations were applied; Intel reduced the sampling resolution via a microcode update, and the Linux kernel [prevents access by non-root users](https://git.kernel.org/pub/scm/linux/kernel/git/torvalds/linux.git/commit/?id=949dd0104c496fa7c14991a23c03c62e44637e71) since 5.10. However, this kernel-based mitigation does not apply to many container-based scenarios:\n* Unless using user namespaces, root inside a container has the same level of privilege as root outside the container, but with a slightly more narrow view of the system\n* `sysfs` is mounted inside containers read-only; however only read access is needed to carry out this attack on an unpatched CPU\n\nWhile this is not a direct vulnerability in container runtimes, defense in depth and safe defaults are valuable and preferred, especially as this poses a risk to multi-tenant container environments running directly on affected hardware. This is provided by masking `/sys/devices/virtual/powercap` in the default mount configuration, and adding an additional set of rules to deny it in the default AppArmor profile.\n\nWhile `sysfs` is not the only way to read from the RAPL subsystem, other ways of accessing it require additional capabilities such as `CAP_SYS_RAWIO` which is not available to containers by default, or `perf` paranoia level less than 1, which is a non-default kernel tunable.\n\n## References\n\n* https://cve.mitre.org/cgi-bin/cvename.cgi?name=CVE-2020-8694\n* https://cve.mitre.org/cgi-bin/cvename.cgi?name=CVE-2020-8695\n* https://cve.mitre.org/cgi-bin/cvename.cgi?name=CVE-2020-12912\n* https://platypusattack.com/\n* https://git.kernel.org/pub/scm/linux/kernel/git/torvalds/linux.git/commit/?id=949dd0104c496fa7c14991a23c03c62e44637e71\n* https://web.eece.maine.edu/~vweaver/projects/rapl/",
          "Severity": "MEDIUM",
          "VendorSeverity": {
            "ghsa": 2
          },
          "References": [
            "https://github.com/moby/moby",
            "https://github.com/moby/moby/commit/48ebe353e49a9def5e6679f6e386b0efb1c95f0e",
            "https://github.com/moby/moby/commit/81ebe71275768629689a23bc3bca34b3b374a6a6",
            "https://github.com/moby/moby/commit/c9ccbfad11a60e703e91b6cca4f48927828c7e35",
            "https://github.com/moby/moby/releases/tag/v20.10.27",
            "https://github.com/moby/moby/releases/tag/v23.0.8",
            "https://github.com/moby/moby/releases/tag/v24.0.7",
            "https://github.com/moby/moby/security/advisories/GHSA-jq35-85cj-fj4p"
          ]
        },
        {
          "VulnerabilityID": "CVE-2023-48795",
          "PkgName": "golang.org/x/crypto",
          "PkgIdentifier": {
            "PURL": "pkg:golang/golang.org/x/crypto@v0.14.0"
          },
          "InstalledVersion": "v0.14.0",
          "FixedVersion": "0.17.0",
          "Status": "fixed",
          "Layer": {
            "DiffID": "sha256:43a24c329909df9471433b00d4e77d57725b12896634c697aecc1d202c4fb58a"
          },
          "SeveritySource": "ghsa",
          "PrimaryURL": "https://avd.aquasec.com/nvd/cve-2023-48795",
          "DataSource": {
            "ID": "ghsa",
            "Name": "GitHub Security Advisory Go",
            "URL": "https://github.com/advisories?query=type%3Areviewed+ecosystem%3Ago"
          },
          "Title": "ssh: Prefix truncation attack on Binary Packet Protocol (BPP)",
          "Description": "The SSH transport protocol with certain OpenSSH extensions, found in OpenSSH before 9.6 and other products, allows remote attackers to bypass integrity checks such that some packets are omitted (from the extension negotiation message), and a client and server may consequently end up with a connection for which some security features have been downgraded or disabled, aka a Terrapin attack. This occurs because the SSH Binary Packet Protocol (BPP), implemented by these extensions, mishandles the handshake phase and mishandles use of sequence numbers. For example, there is an effective attack against SSH's use of ChaCha20-Poly1305 (and CBC with Encrypt-then-MAC). The bypass occurs in chacha20-poly1305@openssh.com and (if CBC is used) the -etm@openssh.com MAC algorithms. This also affects Maverick Synergy Java SSH API before 3.1.0-SNAPSHOT, Dropbear through 2022.83, Ssh before 5.1.1 in Erlang/OTP, PuTTY before 0.80, AsyncSSH before 2.14.2, golang.org/x/crypto before 0.17.0, libssh before 0.10.6, libssh2 through 1.11.0, Thorn Tech SFTP Gateway before 3.4.6, Tera Term before 5.1, Paramiko before 3.4.0, jsch before 0.2.15, SFTPGo before 2.5.6, Netgate pfSense Plus through 23.09.1, Netgate pfSense CE through 2.7.2, HPN-SSH through 18.2.0, ProFTPD before 1.3.8b (and before 1.3.9rc2), ORYX CycloneSSH before 2.3.4, NetSarang XShell 7 before Build 0144, CrushFTP before 10.6.0, ConnectBot SSH library before 2.2.22, Apache MINA sshd through 2.11.0, sshj through 0.37.0, TinySSH through 20230101, trilead-ssh2 6401, LANCOM LCOS and LANconfig, FileZilla before 3.66.4, Nova before 11.8, PKIX-SSH before 14.4, SecureCRT before 9.4.3, Transmit5 before 5.10.4, Win32-OpenSSH before 9.5.0.0p1-Beta, WinSCP before 6.2.2, Bitvise SSH Server before 9.32, Bitvise SSH Client before 9.33, KiTTY through 0.76.1.13, the net-ssh gem 7.2.0 for Ruby, the mscdex ssh2 module before 1.15.0 for Node.js, the thrussh library before 0.35.1 for Rust, and the Russh crate before 0.40.2 for Rust.",
          "Severity": "MEDIUM",
          "CweIDs": [
            "CWE-354"
          ],
          "VendorSeverity": {
            "alma": 2,
            "amazon": 2,
            "cbl-mariner": 2,
            "ghsa": 2,
            "nvd": 2,
            "oracle-oval": 2,
            "photon": 2,
            "redhat": 2,
            "rocky": 2,
            "ubuntu": 2
          },
          "CVSS": {
            "ghsa": {
              "V3Vector": "CVSS:3.1/AV:N/AC:H/PR:N/UI:N/S:U/C:N/I:H/A:N",
              "V3Score": 5.9
            },
            "nvd": {
              "V3Vector": "CVSS:3.1/AV:N/AC:H/PR:N/UI:N/S:U/C:N/I:H/A:N",
              "V3Score": 5.9
            },
            "redhat": {
              "V3Vector": "CVSS:3.1/AV:N/AC:H/PR:N/UI:N/S:U/C:N/I:H/A:N",
              "V3Score": 5.9
            }
          },
          "References": [
            "http://packetstormsecurity.com/files/176280/Terrapin-SSH-Connection-Weakening.html",
            "http://www.openwall.com/lists/oss-security/2023/12/18/3",
            "http://www.openwall.com/lists/oss-security/2023/12/19/5",
            "http://www.openwall.com/lists/oss-security/2023/12/20/3",
            "https://access.redhat.com/errata/RHSA-2024:0628",
            "https://access.redhat.com/security/cve/CVE-2023-48795",
            "https://access.redhat.com/security/cve/cve-2023-48795",
            "https://arstechnica.com/security/2023/12/hackers-can-break-ssh-channel-integrity-using-novel-data-corruption-attack",
            "https://arstechnica.com/security/2023/12/hackers-can-break-ssh-channel-integrity-using-novel-data-corruption-attack/",
            "https://bugs.gentoo.org/920280",
            "https://bugzilla.redhat.com/2254210",
            "https://bugzilla.redhat.com/show_bug.cgi?id=2254210",
            "https://bugzilla.suse.com/show_bug.cgi?id=1217950",
            "https://crates.io/crates/thrussh/versions",
            "https://cve.mitre.org/cgi-bin/cvename.cgi?name=CVE-2023-48795",
            "https://errata.almalinux.org/8/ALSA-2024-0628.html",
            "https://errata.rockylinux.org/RLSA-2024:0628",
            "https://filezilla-project.org/versions.php",
            "https://forum.netgate.com/topic/184941/terrapin-ssh-attack",
            "https://git.libssh.org/projects/libssh.git/commit/?h=stable-0.10\u0026id=10e09e273f69e149389b3e0e5d44b8c221c2e7f6",
            "https://github.com/NixOS/nixpkgs/pull/275249",
            "https://github.com/PowerShell/Win32-OpenSSH/issues/2189",
            "https://github.com/PowerShell/Win32-OpenSSH/releases/tag/v9.5.0.0p1-Beta",
            "https://github.com/TeraTermProject/teraterm/commit/7279fbd6ef4d0c8bdd6a90af4ada2899d786eec0",
            "https://github.com/TeraTermProject/teraterm/releases/tag/v5.1",
            "https://github.com/advisories/GHSA-45x7-px36-x8w8",
            "https://github.com/apache/mina-sshd/issues/445",
            "https://github.com/connectbot/sshlib/commit/5c8b534f6e97db7ac0e0e579331213aa25c173ab",
            "https://github.com/connectbot/sshlib/compare/2.2.21...2.2.22",
            "https://github.com/cyd01/KiTTY/issues/520",
            "https://github.com/drakkan/sftpgo/releases/tag/v2.5.6",
            "https://github.com/erlang/otp/blob/d1b43dc0f1361d2ad67601169e90a7fc50bb0369/lib/ssh/doc/src/notes.xml#L39-L42",
            "https://github.com/erlang/otp/releases/tag/OTP-26.2.1",
            "https://github.com/golang/crypto/commit/9d2ee975ef9fe627bf0a6f01c1f69e8ef1d4f05d",
            "https://github.com/hierynomus/sshj/issues/916",
            "https://github.com/janmojzis/tinyssh/issues/81",
            "https://github.com/jtesta/ssh-audit/commit/8e972c5e94b460379fe0c7d20209c16df81538a5",
            "https://github.com/libssh2/libssh2/pull/1291",
            "https://github.com/mkj/dropbear/blob/17657c36cce6df7716d5ff151ec09a665382d5dd/CHANGES#L25",
            "https://github.com/mscdex/ssh2/commit/97b223f8891b96d6fc054df5ab1d5a1a545da2a3",
            "https://github.com/mwiede/jsch/compare/jsch-0.2.14...jsch-0.2.15",
            "https://github.com/mwiede/jsch/issues/457",
            "https://github.com/mwiede/jsch/pull/461",
            "https://github.com/net-ssh/net-ssh/blob/2e65064a52d73396bfc3806c9196fc8108f33cd8/CHANGES.txt#L14-L16",
            "https://github.com/openssh/openssh-portable/commits/master",
            "https://github.com/paramiko/paramiko/issues/2337",
            "https://github.com/paramiko/paramiko/issues/2337#issuecomment-1887642773",
            "https://github.com/proftpd/proftpd/blob/0a7ea9b0ba9fcdf368374a226370d08f10397d99/RELEASE_NOTES",
            "https://github.com/proftpd/proftpd/blob/d21e7a2e47e9b38f709bec58e3fa711f759ad0e1/RELEASE_NOTES",
            "https://github.com/proftpd/proftpd/blob/master/RELEASE_NOTES",
            "https://github.com/proftpd/proftpd/issues/456",
            "https://github.com/rapier1/hpn-ssh/releases",
            "https://github.com/ronf/asyncssh/blob/develop/docs/changes.rst",
            "https://github.com/ronf/asyncssh/security/advisories/GHSA-hfmc-7525-mj55",
            "https://github.com/ronf/asyncssh/tags",
            "https://github.com/ssh-mitm/ssh-mitm/issues/165",
            "https://github.com/warp-tech/russh",
            "https://github.com/warp-tech/russh/commit/1aa340a7df1d5be1c0f4a9e247aade76dfdd2951",
            "https://github.com/warp-tech/russh/releases/tag/v0.40.2",
            "https://github.com/warp-tech/russh/security/advisories/GHSA-45x7-px36-x8w8",
            "https://gitlab.com/libssh/libssh-mirror/-/tags",
            "https://go.dev/cl/550715",
            "https://go.dev/issue/64784",
            "https://groups.google.com/g/golang-announce/c/-n5WqVC18LQ",
            "https://groups.google.com/g/golang-announce/c/qA3XtxvMUyg",
            "https://help.panic.com/releasenotes/transmit5",
            "https://help.panic.com/releasenotes/transmit5/",
            "https://jadaptive.com/important-java-ssh-security-update-new-ssh-vulnerability-discovered-cve-2023-48795",
            "https://jadaptive.com/important-java-ssh-security-update-new-ssh-vulnerability-discovered-cve-2023-48795/",
            "https://linux.oracle.com/cve/CVE-2023-48795.html",
            "https://linux.oracle.com/errata/ELSA-2024-12164.html",
            "https://lists.debian.org/debian-lts-announce/2023/12/msg00017.html",
            "https://lists.debian.org/debian-lts-announce/2024/01/msg00013.html",
            "https://lists.debian.org/debian-lts-announce/2024/01/msg00014.html",
            "https://lists.fedoraproject.org/archives/list/package-announce%40lists.fedoraproject.org/message/33XHJUB6ROFUOH2OQNENFROTVH6MHSHA",
            "https://lists.fedoraproject.org/archives/list/package-announce%40lists.fedoraproject.org/message/33XHJUB6ROFUOH2OQNENFROTVH6MHSHA/",
            "https://lists.fedoraproject.org/archives/list/package-announce%40lists.fedoraproject.org/message/3CAYYW35MUTNO65RVAELICTNZZFMT2XS",
            "https://lists.fedoraproject.org/archives/list/package-announce%40lists.fedoraproject.org/message/3CAYYW35MUTNO65RVAELICTNZZFMT2XS/",
            "https://lists.fedoraproject.org/archives/list/package-announce%40lists.fedoraproject.org/message/3JIMLVBDWOP4FUPXPTB4PGHHIOMGFLQE",
            "https://lists.fedoraproject.org/archives/list/package-announce%40lists.fedoraproject.org/message/3JIMLVBDWOP4FUPXPTB4PGHHIOMGFLQE/",
            "https://lists.fedoraproject.org/archives/list/package-announce%40lists.fedoraproject.org/message/3YQLUQWLIHDB5QCXQEX7HXHAWMOKPP5O",
            "https://lists.fedoraproject.org/archives/list/package-announce%40lists.fedoraproject.org/message/3YQLUQWLIHDB5QCXQEX7HXHAWMOKPP5O/",
            "https://lists.fedoraproject.org/archives/list/package-announce%40lists.fedoraproject.org/message/6Y74KVCPEPT4MVU3LHDWCNNOXOE5ZLUR",
            "https://lists.fedoraproject.org/archives/list/package-announce%40lists.fedoraproject.org/message/6Y74KVCPEPT4MVU3LHDWCNNOXOE5ZLUR/",
            "https://lists.fedoraproject.org/archives/list/package-announce%40lists.fedoraproject.org/message/APYIXIQOVDCRWLHTGB4VYMAUIAQLKYJ3",
            "https://lists.fedoraproject.org/archives/list/package-announce%40lists.fedoraproject.org/message/APYIXIQOVDCRWLHTGB4VYMAUIAQLKYJ3/",
            "https://lists.fedoraproject.org/archives/list/package-announce%40lists.fedoraproject.org/message/BL5KTLOSLH2KHRN4HCXJPK3JUVLDGEL6",
            "https://lists.fedoraproject.org/archives/list/package-announce%40lists.fedoraproject.org/message/BL5KTLOSLH2KHRN4HCXJPK3JUVLDGEL6/",
            "https://lists.fedoraproject.org/archives/list/package-announce%40lists.fedoraproject.org/message/C3AFMZ6MH2UHHOPIWT5YLSFV3D2VB3AC",
            "https://lists.fedoraproject.org/archives/list/package-announce%40lists.fedoraproject.org/message/C3AFMZ6MH2UHHOPIWT5YLSFV3D2VB3AC/",
            "https://lists.fedoraproject.org/archives/list/package-announce%40lists.fedoraproject.org/message/CHHITS4PUOZAKFIUBQAQZC7JWXMOYE4B",
            "https://lists.fedoraproject.org/archives/list/package-announce%40lists.fedoraproject.org/message/CHHITS4PUOZAKFIUBQAQZC7JWXMOYE4B/",
            "https://lists.fedoraproject.org/archives/list/package-announce%40lists.fedoraproject.org/message/F7EYCFQCTSGJXWO3ZZ44MGKFC5HA7G3Y",
            "https://lists.fedoraproject.org/archives/list/package-announce%40lists.fedoraproject.org/message/F7EYCFQCTSGJXWO3ZZ44MGKFC5HA7G3Y/",
            "https://lists.fedoraproject.org/archives/list/package-announce%40lists.fedoraproject.org/message/HYEDEXIKFKTUJIN43RG4B7T5ZS6MHUSP",
            "https://lists.fedoraproject.org/archives/list/package-announce%40lists.fedoraproject.org/message/HYEDEXIKFKTUJIN43RG4B7T5ZS6MHUSP/",
            "https://lists.fedoraproject.org/archives/list/package-announce%40lists.fedoraproject.org/message/I724O3LSRCPO4WNVIXTZCT4VVRMXMMSG",
            "https://lists.fedoraproject.org/archives/list/package-announce%40lists.fedoraproject.org/message/I724O3LSRCPO4WNVIXTZCT4VVRMXMMSG/",
            "https://lists.fedoraproject.org/archives/list/package-announce%40lists.fedoraproject.org/message/KEOTKBUPZXHE3F352JBYNTSNRXYLWD6P",
            "https://lists.fedoraproject.org/archives/list/package-announce%40lists.fedoraproject.org/message/KEOTKBUPZXHE3F352JBYNTSNRXYLWD6P/",
            "https://lists.fedoraproject.org/archives/list/package-announce%40lists.fedoraproject.org/message/KMZCVGUGJZZVDPCVDA7TEB22VUCNEXDD",
            "https://lists.fedoraproject.org/archives/list/package-announce%40lists.fedoraproject.org/message/KMZCVGUGJZZVDPCVDA7TEB22VUCNEXDD/",
            "https://lists.fedoraproject.org/archives/list/package-announce%40lists.fedoraproject.org/message/L5Y6MNNVAPIJSXJERQ6PKZVCIUXSNJK7",
            "https://lists.fedoraproject.org/archives/list/package-announce%40lists.fedoraproject.org/message/L5Y6MNNVAPIJSXJERQ6PKZVCIUXSNJK7/",
            "https://lists.fedoraproject.org/archives/list/package-announce%40lists.fedoraproject.org/message/LZQVUHWVWRH73YBXUQJOD6CKHDQBU3DM",
            "https://lists.fedoraproject.org/archives/list/package-announce%40lists.fedoraproject.org/message/LZQVUHWVWRH73YBXUQJOD6CKHDQBU3DM/",
            "https://lists.fedoraproject.org/archives/list/package-announce%40lists.fedoraproject.org/message/MKQRBF3DWMWPH36LBCOBUTSIZRTPEZXB",
            "https://lists.fedoraproject.org/archives/list/package-announce%40lists.fedoraproject.org/message/MKQRBF3DWMWPH36LBCOBUTSIZRTPEZXB/",
            "https://lists.fedoraproject.org/archives/list/package-announce%40lists.fedoraproject.org/message/QI3EHAHABFQK7OABNCSF5GMYP6TONTI7",
            "https://lists.fedoraproject.org/archives/list/package-announce%40lists.fedoraproject.org/message/QI3EHAHABFQK7OABNCSF5GMYP6TONTI7/",
            "https://matt.ucc.asn.au/dropbear/CHANGES",
            "https://nest.pijul.com/pijul/thrussh/changes/D6H7OWTTMHHX6BTB3B6MNBOBX2L66CBL4LGSEUSAI2MCRCJDQFRQC",
            "https://news.ycombinator.com/item?id=38684904",
            "https://news.ycombinator.com/item?id=38685286",
            "https://news.ycombinator.com/item?id=38732005",
            "https://nova.app/releases/#v11.8",
            "https://nvd.nist.gov/vuln/detail/CVE-2023-48795",
            "https://oryx-embedded.com/download/#changelog",
            "https://psirt.global.sonicwall.com/vuln-detail/SNWLID-2024-0002",
            "https://roumenpetrov.info/secsh/#news20231220",
            "https://security-tracker.debian.org/tracker/CVE-2023-48795",
            "https://security-tracker.debian.org/tracker/source-package/libssh2",
            "https://security-tracker.debian.org/tracker/source-package/proftpd-dfsg",
            "https://security-tracker.debian.org/tracker/source-package/trilead-ssh2",
            "https://security.gentoo.org/glsa/202312-16",
            "https://security.gentoo.org/glsa/202312-17",
            "https://security.netapp.com/advisory/ntap-20240105-0004",
            "https://security.netapp.com/advisory/ntap-20240105-0004/",
            "https://terrapin-attack.com/",
            "https://thorntech.com/cve-2023-48795-and-sftp-gateway",
            "https://thorntech.com/cve-2023-48795-and-sftp-gateway/",
            "https://twitter.com/TrueSkrillor/status/1736774389725565005",
            "https://ubuntu.com/security/CVE-2023-48795",
            "https://ubuntu.com/security/notices/USN-6560-1",
            "https://ubuntu.com/security/notices/USN-6560-2",
            "https://ubuntu.com/security/notices/USN-6561-1",
            "https://ubuntu.com/security/notices/USN-6585-1",
            "https://ubuntu.com/security/notices/USN-6589-1",
            "https://ubuntu.com/security/notices/USN-6598-1",
            "https://winscp.net/eng/docs/history#6.2.2",
            "https://www.bitvise.com/ssh-client-version-history#933",
            "https://www.bitvise.com/ssh-server-version-history",
            "https://www.chiark.greenend.org.uk/~sgtatham/putty/changes.html",
            "https://www.crushftp.com/crush10wiki/Wiki.jsp?page=Update",
            "https://www.cve.org/CVERecord?id=CVE-2023-48795",
            "https://www.debian.org/security/2023/dsa-5586",
            "https://www.debian.org/security/2023/dsa-5588",
            "https://www.freebsd.org/security/advisories/FreeBSD-SA-23:19.openssh.asc",
            "https://www.lancom-systems.de/service-support/allgemeine-sicherheitshinweise#c243508",
            "https://www.netsarang.com/en/xshell-update-history",
            "https://www.netsarang.com/en/xshell-update-history/",
            "https://www.openssh.com/openbsd.html",
            "https://www.openssh.com/txt/release-9.6",
            "https://www.openwall.com/lists/oss-security/2023/12/18/2",
            "https://www.openwall.com/lists/oss-security/2023/12/18/3",
            "https://www.openwall.com/lists/oss-security/2023/12/20/3",
            "https://www.paramiko.org/changelog.html",
            "https://www.reddit.com/r/sysadmin/comments/18idv52/cve202348795_why_is_this_cve_still_undisclosed",
            "https://www.reddit.com/r/sysadmin/comments/18idv52/cve202348795_why_is_this_cve_still_undisclosed/",
            "https://www.suse.com/c/suse-addresses-the-ssh-v2-protocol-terrapin-attack-aka-cve-2023-48795",
            "https://www.suse.com/c/suse-addresses-the-ssh-v2-protocol-terrapin-attack-aka-cve-2023-48795/",
            "https://www.terrapin-attack.com",
            "https://www.theregister.com/2023/12/20/terrapin_attack_ssh",
            "https://www.vandyke.com/products/securecrt/history.txt"
          ],
          "PublishedDate": "2023-12-18T16:15:10.897Z",
          "LastModifiedDate": "2024-01-29T09:15:42.687Z"
        },
        {
          "VulnerabilityID": "CVE-2023-49569",
          "PkgName": "gopkg.in/src-d/go-git.v4",
          "PkgIdentifier": {
            "PURL": "pkg:golang/gopkg.in/src-d/go-git.v4@v4.13.1"
          },
          "InstalledVersion": "v4.13.1",
          "Status": "affected",
          "Layer": {
            "DiffID": "sha256:43a24c329909df9471433b00d4e77d57725b12896634c697aecc1d202c4fb58a"
          },
          "SeveritySource": "ghsa",
          "PrimaryURL": "https://avd.aquasec.com/nvd/cve-2023-49569",
          "DataSource": {
            "ID": "ghsa",
            "Name": "GitHub Security Advisory Go",
            "URL": "https://github.com/advisories?query=type%3Areviewed+ecosystem%3Ago"
          },
          "Title": "go-git: Maliciously crafted Git server replies can lead to path traversal and RCE on go-git clients",
          "Description": "A path traversal vulnerability was discovered in go-git versions prior to v5.11. This vulnerability allows an attacker to create and amend files across the filesystem. In the worse case scenario, remote code execution could be achieved.\n\nApplications are only affected if they are using the  ChrootOS https://pkg.go.dev/github.com/go-git/go-billy/v5/osfs#ChrootOS , which is the default when using \"Plain\" versions of Open and Clone funcs (e.g. PlainClone). Applications using  BoundOS https://pkg.go.dev/github.com/go-git/go-billy/v5/osfs#BoundOS  or in-memory filesystems are not affected by this issue.\nThis is a go-git implementation issue and does not affect the upstream git cli.\n\n\n",
          "Severity": "CRITICAL",
          "CweIDs": [
            "CWE-22"
          ],
          "VendorSeverity": {
            "amazon": 3,
            "ghsa": 4,
            "nvd": 4,
            "redhat": 4
          },
          "CVSS": {
            "ghsa": {
              "V3Vector": "CVSS:3.1/AV:N/AC:L/PR:N/UI:N/S:U/C:H/I:H/A:H",
              "V3Score": 9.8
            },
            "nvd": {
              "V3Vector": "CVSS:3.1/AV:N/AC:L/PR:N/UI:N/S:U/C:H/I:H/A:H",
              "V3Score": 9.8
            },
            "redhat": {
              "V3Vector": "CVSS:3.1/AV:N/AC:L/PR:N/UI:N/S:U/C:H/I:H/A:H",
              "V3Score": 9.8
            }
          },
          "References": [
            "https://access.redhat.com/security/cve/CVE-2023-49569",
            "https://github.com/go-git/go-git",
            "https://github.com/go-git/go-git/security/advisories/GHSA-449p-3h89-pw88",
            "https://nvd.nist.gov/vuln/detail/CVE-2023-49569",
            "https://www.cve.org/CVERecord?id=CVE-2023-49569"
          ],
          "PublishedDate": "2024-01-12T11:15:13.25Z",
          "LastModifiedDate": "2024-01-22T18:57:03.5Z"
        },
        {
          "VulnerabilityID": "CVE-2023-49568",
          "PkgName": "gopkg.in/src-d/go-git.v4",
          "PkgIdentifier": {
            "PURL": "pkg:golang/gopkg.in/src-d/go-git.v4@v4.13.1"
          },
          "InstalledVersion": "v4.13.1",
          "Status": "affected",
          "Layer": {
            "DiffID": "sha256:43a24c329909df9471433b00d4e77d57725b12896634c697aecc1d202c4fb58a"
          },
          "SeveritySource": "ghsa",
          "PrimaryURL": "https://avd.aquasec.com/nvd/cve-2023-49568",
          "DataSource": {
            "ID": "ghsa",
            "Name": "GitHub Security Advisory Go",
            "URL": "https://github.com/advisories?query=type%3Areviewed+ecosystem%3Ago"
          },
          "Title": "go-git: Maliciously crafted Git server replies can cause DoS on go-git clients",
          "Description": "A denial of service (DoS) vulnerability was discovered in go-git versions prior to v5.11. This vulnerability allows an attacker to perform denial of service attacks by providing specially crafted responses from a Git server which triggers resource exhaustion in go-git clients.\n\nApplications using only the in-memory filesystem supported by go-git are not affected by this vulnerability.\nThis is a go-git implementation issue and does not affect the upstream git cli.\n\n\n",
          "Severity": "HIGH",
          "CweIDs": [
            "CWE-20"
          ],
          "VendorSeverity": {
            "ghsa": 3,
            "nvd": 3,
            "redhat": 3
          },
          "CVSS": {
            "ghsa": {
              "V3Vector": "CVSS:3.1/AV:N/AC:L/PR:N/UI:N/S:U/C:N/I:N/A:H",
              "V3Score": 7.5
            },
            "nvd": {
              "V3Vector": "CVSS:3.1/AV:N/AC:L/PR:N/UI:N/S:U/C:N/I:N/A:H",
              "V3Score": 7.5
            },
            "redhat": {
              "V3Vector": "CVSS:3.1/AV:N/AC:L/PR:N/UI:N/S:U/C:N/I:N/A:H",
              "V3Score": 7.5
            }
          },
          "References": [
            "https://access.redhat.com/security/cve/CVE-2023-49568",
            "https://github.com/go-git/go-git",
            "https://github.com/go-git/go-git/security/advisories/GHSA-mw99-9chc-xw7r",
            "https://nvd.nist.gov/vuln/detail/CVE-2023-49568",
            "https://www.cve.org/CVERecord?id=CVE-2023-49568"
          ],
          "PublishedDate": "2024-01-12T11:15:12.68Z",
          "LastModifiedDate": "2024-01-22T17:57:41.193Z"
        }
      ]
    }
  ]
}
