{
  "SchemaVersion": 2,
  "CreatedAt": "2024-02-26T02:05:46.754735443Z",
  "ArtifactName": "newrelic/infrastructure:latest",
  "ArtifactType": "container_image",
  "Metadata": {
    "OS": {
      "Family": "alpine",
      "Name": "3.19.1"
    },
    "ImageID": "sha256:46584e7ce5593ac0e0b58090e750eeb8267ba149917b0b5a812a97d98e21758f",
    "DiffIDs": [
      "sha256:d4fc045c9e3a848011de66f34b81f052d4f2c15a17bb196d637e526349601820",
      "sha256:0e67106dcd1c66c195c67cc84b379cfc8047b9457e0402759f0f49608cec97f3",
      "sha256:a265c7ae8103b9a5952c9e9dc7093a93fca4b18735688fc9068bb351eca7ed63",
      "sha256:0e825754098e0bd0a5802c63d237588031b3ead0091d3e7b022dd4dc306640eb",
      "sha256:74757a70ff4440672090ccb137e87ad1a907adb4f2ef1c2cae6b0f17d8f99d59",
      "sha256:2d539554ac7b558c10ec733364f769cf77596b839ce98e0f2ff467675d176305",
      "sha256:397f692ff336624b1bcc56bc21854dc0a61a251d1b960235e45b55f179982f9f",
      "sha256:c102c00e1b4d704cee8e6be69df757db97717212693bb47c53831e4ee1b8dd49",
      "sha256:ff4eb02d44bf91282dd711843305f0d5f3f496e7e5377747599827689da4b567",
      "sha256:5a616246e90a84217197e89edaf05ccd570a148d9308ae1a80a84d3c62a4aeb9"
    ],
    "RepoTags": [
      "newrelic/infrastructure:latest"
    ],
    "RepoDigests": [
      "newrelic/infrastructure@sha256:14c7e078eccc52a76521f6cccf132d3ace810a3a7e05ba14a81bb7fbab1eb258"
    ],
    "ImageConfig": {
      "architecture": "amd64",
      "created": "2024-02-14T16:01:58.519198151Z",
      "history": [
        {
          "created": "2024-01-27T00:30:48Z",
          "created_by": "/bin/sh -c #(nop) ADD file:37a76ec18f9887751cd8473744917d08b7431fc4085097bb6a09d81b41775473 in / "
        },
        {
          "created": "2024-01-27T00:30:48Z",
          "created_by": "/bin/sh -c #(nop)  CMD [\"/bin/sh\"]",
          "empty_layer": true
        },
        {
          "created": "2024-02-14T16:01:56Z",
          "created_by": "ARG image_version=0.0",
          "comment": "buildkit.dockerfile.v0",
          "empty_layer": true
        },
        {
          "created": "2024-02-14T16:01:56Z",
          "created_by": "ARG agent_version=0.0",
          "comment": "buildkit.dockerfile.v0",
          "empty_layer": true
        },
        {
          "created": "2024-02-14T16:01:56Z",
          "created_by": "ARG version_file=VERSION",
          "comment": "buildkit.dockerfile.v0",
          "empty_layer": true
        },
        {
          "created": "2024-02-14T16:01:56Z",
          "created_by": "ARG agent_bin=newrelic-infra",
          "comment": "buildkit.dockerfile.v0",
          "empty_layer": true
        },
        {
          "created": "2024-02-14T16:01:56Z",
          "created_by": "COPY newrelic-infra /usr/bin/newrelic-infra # buildkit",
          "comment": "buildkit.dockerfile.v0"
        },
        {
          "created": "2024-02-14T16:01:56Z",
          "created_by": "COPY newrelic-infra-ctl /usr/bin/newrelic-infra-ctl # buildkit",
          "comment": "buildkit.dockerfile.v0"
        },
        {
          "created": "2024-02-14T16:01:56Z",
          "created_by": "COPY newrelic-infra-service /usr/bin/newrelic-infra-service # buildkit",
          "comment": "buildkit.dockerfile.v0"
        },
        {
          "created": "2024-02-14T16:01:56Z",
          "created_by": "COPY assets /newrelic # buildkit",
          "comment": "buildkit.dockerfile.v0"
        },
        {
          "created": "2024-02-14T16:01:56Z",
          "created_by": "COPY VERSION /newrelic/VERSION # buildkit",
          "comment": "buildkit.dockerfile.v0"
        },
        {
          "created": "2024-02-14T16:01:56Z",
          "created_by": "LABEL com.newrelic.image.version=1.49.1-rc com.newrelic.infra-agent.version=1.49.1 com.newrelic.maintainer=infrastructure-eng@newrelic.com com.newrelic.description=New Relic Infrastructure agent for monitoring the underlying host.",
          "comment": "buildkit.dockerfile.v0",
          "empty_layer": true
        },
        {
          "created": "2024-02-14T16:01:56Z",
          "created_by": "ENV NRIA_IS_CONTAINERIZED=true",
          "comment": "buildkit.dockerfile.v0",
          "empty_layer": true
        },
        {
          "created": "2024-02-14T16:01:56Z",
          "created_by": "ENV NRIA_OVERRIDE_HOST_ROOT=/host",
          "comment": "buildkit.dockerfile.v0",
          "empty_layer": true
        },
        {
          "created": "2024-02-14T16:01:56Z",
          "created_by": "RUN |4 image_version=1.49.1-rc agent_version=1.49.1 version_file=VERSION agent_bin=newrelic-infra /bin/sh -c apk --no-cache upgrade # buildkit",
          "comment": "buildkit.dockerfile.v0"
        },
        {
          "created": "2024-02-14T16:01:57Z",
          "created_by": "RUN |4 image_version=1.49.1-rc agent_version=1.49.1 version_file=VERSION agent_bin=newrelic-infra /bin/sh -c apk add --no-cache --upgrade     ca-certificates     \u0026\u0026 mkdir /lib64     \u0026\u0026 ln -s /lib/libc.musl-x86_64.so.1 /lib64/ld-linux-x86-64.so.2     \u0026\u0026 apk add --no-cache tini # buildkit",
          "comment": "buildkit.dockerfile.v0"
        },
        {
          "created": "2024-02-14T16:01:57Z",
          "created_by": "ENTRYPOINT [\"/sbin/tini\" \"--\"]",
          "comment": "buildkit.dockerfile.v0",
          "empty_layer": true
        },
        {
          "created": "2024-02-14T16:01:57Z",
          "created_by": "CMD [\"/usr/bin/newrelic-infra-service\"]",
          "comment": "buildkit.dockerfile.v0",
          "empty_layer": true
        },
        {
          "created": "2024-02-14T16:01:57Z",
          "created_by": "ARG nri_pkg_dir",
          "comment": "buildkit.dockerfile.v0",
          "empty_layer": true
        },
        {
          "created": "2024-02-14T16:01:57Z",
          "created_by": "ARG nri_docker_version",
          "comment": "buildkit.dockerfile.v0",
          "empty_layer": true
        },
        {
          "created": "2024-02-14T16:01:57Z",
          "created_by": "ARG nri_flex_version",
          "comment": "buildkit.dockerfile.v0",
          "empty_layer": true
        },
        {
          "created": "2024-02-14T16:01:57Z",
          "created_by": "ARG nri_prometheus_version",
          "comment": "buildkit.dockerfile.v0",
          "empty_layer": true
        },
        {
          "created": "2024-02-14T16:01:57Z",
          "created_by": "LABEL com.newrelic.nri-docker.version=1.9.8 com.newrelic.nri-flex.version=1.9.4 com.newrelic.nri-prometheus.version=2.20.1",
          "comment": "buildkit.dockerfile.v0",
          "empty_layer": true
        },
        {
          "created": "2024-02-14T16:01:58Z",
          "created_by": "RUN |4 nri_pkg_dir=ohis nri_docker_version=1.9.8 nri_flex_version=1.9.4 nri_prometheus_version=2.20.1 /bin/sh -c apk add --no-cache         ntpsec         curl # buildkit",
          "comment": "buildkit.dockerfile.v0"
        },
        {
          "created": "2024-02-14T16:01:58Z",
          "created_by": "COPY ohis / # buildkit",
          "comment": "buildkit.dockerfile.v0"
        }
      ],
      "os": "linux",
      "rootfs": {
        "type": "layers",
        "diff_ids": [
          "sha256:d4fc045c9e3a848011de66f34b81f052d4f2c15a17bb196d637e526349601820",
          "sha256:0e67106dcd1c66c195c67cc84b379cfc8047b9457e0402759f0f49608cec97f3",
          "sha256:a265c7ae8103b9a5952c9e9dc7093a93fca4b18735688fc9068bb351eca7ed63",
          "sha256:0e825754098e0bd0a5802c63d237588031b3ead0091d3e7b022dd4dc306640eb",
          "sha256:74757a70ff4440672090ccb137e87ad1a907adb4f2ef1c2cae6b0f17d8f99d59",
          "sha256:2d539554ac7b558c10ec733364f769cf77596b839ce98e0f2ff467675d176305",
          "sha256:397f692ff336624b1bcc56bc21854dc0a61a251d1b960235e45b55f179982f9f",
          "sha256:c102c00e1b4d704cee8e6be69df757db97717212693bb47c53831e4ee1b8dd49",
          "sha256:ff4eb02d44bf91282dd711843305f0d5f3f496e7e5377747599827689da4b567",
          "sha256:5a616246e90a84217197e89edaf05ccd570a148d9308ae1a80a84d3c62a4aeb9"
        ]
      },
      "config": {
        "Cmd": [
          "/usr/bin/newrelic-infra-service"
        ],
        "Entrypoint": [
          "/sbin/tini",
          "--"
        ],
        "Env": [
          "PATH=/usr/local/sbin:/usr/local/bin:/usr/sbin:/usr/bin:/sbin:/bin",
          "NRIA_IS_CONTAINERIZED=true",
          "NRIA_OVERRIDE_HOST_ROOT=/host"
        ],
        "Labels": {
          "com.newrelic.description": "New Relic Infrastructure agent for monitoring the underlying host.",
          "com.newrelic.image.version": "1.49.1-rc",
          "com.newrelic.infra-agent.version": "1.49.1",
          "com.newrelic.maintainer": "infrastructure-eng@newrelic.com",
          "com.newrelic.nri-docker.version": "1.9.8",
          "com.newrelic.nri-flex.version": "1.9.4",
          "com.newrelic.nri-prometheus.version": "2.20.1"
        },
        "ArgsEscaped": true
      }
    }
  },
  "Results": [
    {
      "Target": "newrelic/infrastructure:latest (alpine 3.19.1)",
      "Class": "os-pkgs",
      "Type": "alpine"
    }
  ]
}
