{
  "SchemaVersion": 2,
  "CreatedAt": "2024-02-26T04:09:17.381983115Z",
  "ArtifactName": "rancher/calico-cni:v3.27.0-rancher1",
  "ArtifactType": "container_image",
  "Metadata": {
    "ImageID": "sha256:491835dde8c13c621ef0a3d8260932cf11686a48d06efc4720e70283221d0eff",
    "DiffIDs": [
      "sha256:fe958a4de27c9913bc069fdac5a7f7f84cd9909a172a289f4730d0008e14aec8",
      "sha256:59aad3c286ddda31799b6c6b368fcbbe99acd2e4bf44de924399d74f2b271549",
      "sha256:5f1fcab1703a5a535bd89d5006731051fafc3a6a3fa6f4adb0bce334ae500148",
      "sha256:b58e184ba9e614845617878987852ae5859070daaaf1655af66a717647387546",
      "sha256:74036a730329a2524318337151a75f4e02fe83b78a146b4a28468666db85155c",
      "sha256:883092c33a391448ec6673d2b060a2da691cff968601eb8507605aa9e67897c0",
      "sha256:cf6c9a6dd7c0a2748b5d0fb76719956047d8114fc034c28535d38e967d474ac4",
      "sha256:5bf03a9527295a497bbcc53d6671719311f2e34f79e8ce5a25c698821332fd45",
      "sha256:1a42dcd3c1056c7e736c2161e277a51d510b4bf9d90b17cf6b2bc807a07613dc",
      "sha256:344a0170e8d1d1359e140cf3be156d269fa91d65d6e31a8bd33ba86c293a073c",
      "sha256:4901e389be5837fdd0818f1cb805dbffd7008ca9d81e4d11907136d97306bd81",
      "sha256:5f70bf18a086007016e948b04aed3b82103a36bea41755b6cddfaf10ace3c6ef",
      "sha256:d2834fd8d158afd5012f82a31d7bc70720de74187497fa7f7f735c28a073cfec"
    ],
    "RepoTags": [
      "rancher/calico-cni:v3.27.0-rancher1"
    ],
    "RepoDigests": [
      "rancher/calico-cni@sha256:1f4000bf1e6cb166341342a9f44d29666315cf129e8c52c9e6c92e0b71d05af9"
    ],
    "ImageConfig": {
      "architecture": "amd64",
      "container": "0c5b00a8e973121f076b5f5ccb45510ca437cdf11affb6c329e2d2669b48e878",
      "created": "2024-01-24T04:25:13.72943783Z",
      "docker_version": "20.10.14",
      "history": [
        {
          "created": "2023-12-15T17:50:52Z",
          "created_by": "ARG GIT_VERSION=unknown",
          "comment": "buildkit.dockerfile.v0",
          "empty_layer": true
        },
        {
          "created": "2023-12-15T17:50:52Z",
          "created_by": "ARG BIN_DIR",
          "comment": "buildkit.dockerfile.v0",
          "empty_layer": true
        },
        {
          "created": "2023-12-15T17:50:52Z",
          "created_by": "LABEL name=Calico Networking for CNI vendor=Project Calico version=v3.27.0 release=1 summary=Calico Networking for CNI description=Calico Networking for CNI includes a CNI networking plugin and CNI IPAM plugin maintainer=maintainers@projectcalico.org",
          "comment": "buildkit.dockerfile.v0",
          "empty_layer": true
        },
        {
          "created": "2023-12-15T17:50:52Z",
          "created_by": "ADD licenses/ /licenses # buildkit",
          "comment": "buildkit.dockerfile.v0"
        },
        {
          "created": "2023-12-15T17:50:52Z",
          "created_by": "ADD LICENSE /licenses/ # buildkit",
          "comment": "buildkit.dockerfile.v0"
        },
        {
          "created": "2023-12-15T17:51:25Z",
          "created_by": "COPY /lib64/ld-linux-x86-64.so.2 /lib64/ld-linux-x86-64.so.2 # buildkit",
          "comment": "buildkit.dockerfile.v0"
        },
        {
          "created": "2023-12-15T17:51:25Z",
          "created_by": "COPY /lib64/libpthread.so.0 /lib64/libpthread.so.0 # buildkit",
          "comment": "buildkit.dockerfile.v0"
        },
        {
          "created": "2023-12-15T17:51:25Z",
          "created_by": "COPY /lib64/libc.so.6 /lib64/libc.so.6 # buildkit",
          "comment": "buildkit.dockerfile.v0"
        },
        {
          "created": "2023-12-15T17:51:25Z",
          "created_by": "COPY /lib64/libnss_dns.so.2 /lib64/libnss_dns.so.2 # buildkit",
          "comment": "buildkit.dockerfile.v0"
        },
        {
          "created": "2023-12-15T17:51:26Z",
          "created_by": "COPY /lib64/libnss_files.so.2 /lib64/libnss_files.so.2 # buildkit",
          "comment": "buildkit.dockerfile.v0"
        },
        {
          "created": "2023-12-15T17:51:26Z",
          "created_by": "COPY /lib64/libresolv.so.2 /lib64/libresolv.so.2 # buildkit",
          "comment": "buildkit.dockerfile.v0"
        },
        {
          "created": "2023-12-15T17:51:26Z",
          "created_by": "COPY /etc/host.conf /etc/host.conf # buildkit",
          "comment": "buildkit.dockerfile.v0"
        },
        {
          "created": "2023-12-15T17:51:26Z",
          "created_by": "COPY /etc/nsswitch.conf /etc/nsswitch.conf # buildkit",
          "comment": "buildkit.dockerfile.v0"
        },
        {
          "created": "2023-12-15T17:51:26Z",
          "created_by": "ADD bin/amd64/ /opt/cni/bin/ # buildkit",
          "comment": "buildkit.dockerfile.v0"
        },
        {
          "created": "2023-12-15T17:51:26Z",
          "created_by": "ENV PATH=/usr/local/sbin:/usr/local/bin:/usr/sbin:/usr/bin:/sbin:/bin:/opt/cni/bin",
          "comment": "buildkit.dockerfile.v0",
          "empty_layer": true
        },
        {
          "created": "2023-12-15T17:51:26Z",
          "created_by": "WORKDIR /opt/cni/bin",
          "comment": "buildkit.dockerfile.v0"
        },
        {
          "created": "2023-12-15T17:51:26Z",
          "created_by": "CMD [\"/opt/cni/bin/install\"]",
          "comment": "buildkit.dockerfile.v0",
          "empty_layer": true
        },
        {
          "created": "2024-01-24T04:25:05Z",
          "created_by": "/bin/sh -c #(nop) COPY file:670b92402ff42bfc5b73c38008dfb44fecefe53bf73f0024bbd69925fea44552 in /opt/cni/bin/portmap "
        },
        {
          "created": "2024-01-24T04:25:13Z",
          "created_by": "/bin/sh -c #(nop)  LABEL org.opencontainers.image.created=2024-01-24T04:25:02Z",
          "empty_layer": true
        },
        {
          "created": "2024-01-24T04:25:13Z",
          "created_by": "/bin/sh -c #(nop)  LABEL org.opencontainers.image.revision=215d7b55023271f9298a2cfef8600c054452bd69",
          "empty_layer": true
        },
        {
          "created": "2024-01-24T04:25:13Z",
          "created_by": "/bin/sh -c #(nop)  LABEL org.opencontainers.image.source=https://github.com/rancher/calico-cni.git",
          "empty_layer": true
        },
        {
          "created": "2024-01-24T04:25:13Z",
          "created_by": "/bin/sh -c #(nop)  LABEL org.opencontainers.image.url=https://github.com/rancher/calico-cni",
          "empty_layer": true
        }
      ],
      "os": "linux",
      "rootfs": {
        "type": "layers",
        "diff_ids": [
          "sha256:fe958a4de27c9913bc069fdac5a7f7f84cd9909a172a289f4730d0008e14aec8",
          "sha256:59aad3c286ddda31799b6c6b368fcbbe99acd2e4bf44de924399d74f2b271549",
          "sha256:5f1fcab1703a5a535bd89d5006731051fafc3a6a3fa6f4adb0bce334ae500148",
          "sha256:b58e184ba9e614845617878987852ae5859070daaaf1655af66a717647387546",
          "sha256:74036a730329a2524318337151a75f4e02fe83b78a146b4a28468666db85155c",
          "sha256:883092c33a391448ec6673d2b060a2da691cff968601eb8507605aa9e67897c0",
          "sha256:cf6c9a6dd7c0a2748b5d0fb76719956047d8114fc034c28535d38e967d474ac4",
          "sha256:5bf03a9527295a497bbcc53d6671719311f2e34f79e8ce5a25c698821332fd45",
          "sha256:1a42dcd3c1056c7e736c2161e277a51d510b4bf9d90b17cf6b2bc807a07613dc",
          "sha256:344a0170e8d1d1359e140cf3be156d269fa91d65d6e31a8bd33ba86c293a073c",
          "sha256:4901e389be5837fdd0818f1cb805dbffd7008ca9d81e4d11907136d97306bd81",
          "sha256:5f70bf18a086007016e948b04aed3b82103a36bea41755b6cddfaf10ace3c6ef",
          "sha256:d2834fd8d158afd5012f82a31d7bc70720de74187497fa7f7f735c28a073cfec"
        ]
      },
      "config": {
        "Cmd": [
          "/opt/cni/bin/install"
        ],
        "Env": [
          "PATH=/usr/local/sbin:/usr/local/bin:/usr/sbin:/usr/bin:/sbin:/bin:/opt/cni/bin"
        ],
        "Image": "sha256:b41ba8cd206a8d80bb9626c48358e29fe149d8bb3bfe8a2450caa1b4b5715548",
        "Labels": {
          "description": "Calico Networking for CNI includes a CNI networking plugin and CNI IPAM plugin",
          "maintainer": "maintainers@projectcalico.org",
          "name": "Calico Networking for CNI",
          "org.opencontainers.image.created": "2024-01-24T04:25:02Z",
          "org.opencontainers.image.revision": "215d7b55023271f9298a2cfef8600c054452bd69",
          "org.opencontainers.image.source": "https://github.com/rancher/calico-cni.git",
          "org.opencontainers.image.url": "https://github.com/rancher/calico-cni",
          "release": "1",
          "summary": "Calico Networking for CNI",
          "vendor": "Project Calico",
          "version": "v3.27.0"
        },
        "WorkingDir": "/opt/cni/bin",
        "ArgsEscaped": true
      }
    }
  },
  "Results": [
    {
      "Target": "opt/cni/bin/bandwidth",
      "Class": "lang-pkgs",
      "Type": "gobinary",
      "Vulnerabilities": [
        {
          "VulnerabilityID": "CVE-2022-29526",
          "PkgName": "golang.org/x/sys",
          "PkgIdentifier": {
            "PURL": "pkg:golang/golang.org/x/sys@v0.0.0-20210809222454-d867a43fc93e"
          },
          "InstalledVersion": "v0.0.0-20210809222454-d867a43fc93e",
          "FixedVersion": "0.0.0-20220412211240-33da011f77ad",
          "Status": "fixed",
          "Layer": {
            "DiffID": "sha256:4901e389be5837fdd0818f1cb805dbffd7008ca9d81e4d11907136d97306bd81"
          },
          "SeveritySource": "ghsa",
          "PrimaryURL": "https://avd.aquasec.com/nvd/cve-2022-29526",
          "DataSource": {
            "ID": "ghsa",
            "Name": "GitHub Security Advisory Go",
            "URL": "https://github.com/advisories?query=type%3Areviewed+ecosystem%3Ago"
          },
          "Title": "golang: syscall: faccessat checks wrong group",
          "Description": "Go before 1.17.10 and 1.18.x before 1.18.2 has Incorrect Privilege Assignment. When called with a non-zero flags parameter, the Faccessat function could incorrectly report that a file is accessible.",
          "Severity": "MEDIUM",
          "CweIDs": [
            "CWE-269"
          ],
          "VendorSeverity": {
            "amazon": 3,
            "bitnami": 2,
            "cbl-mariner": 2,
            "ghsa": 2,
            "nvd": 2,
            "oracle-oval": 2,
            "photon": 2,
            "redhat": 2,
            "ubuntu": 2
          },
          "CVSS": {
            "bitnami": {
              "V3Vector": "CVSS:3.1/AV:N/AC:L/PR:N/UI:N/S:U/C:L/I:N/A:N",
              "V3Score": 5.3
            },
            "ghsa": {
              "V3Vector": "CVSS:3.1/AV:N/AC:L/PR:N/UI:N/S:U/C:L/I:N/A:N",
              "V3Score": 5.3
            },
            "nvd": {
              "V2Vector": "AV:N/AC:L/Au:N/C:P/I:N/A:N",
              "V3Vector": "CVSS:3.1/AV:N/AC:L/PR:N/UI:N/S:U/C:L/I:N/A:N",
              "V2Score": 5,
              "V3Score": 5.3
            },
            "redhat": {
              "V3Vector": "CVSS:3.1/AV:L/AC:L/PR:N/UI:N/S:U/C:N/I:N/A:H",
              "V3Score": 6.2
            }
          },
          "References": [
            "https://access.redhat.com/security/cve/CVE-2022-29526",
            "https://cve.mitre.org/cgi-bin/cvename.cgi?name=CVE-2022-29526",
            "https://github.com/golang/go",
            "https://github.com/golang/go/commit/f66925e854e71e0c54b581885380a490d7afa30c",
            "https://github.com/golang/go/issues/52313",
            "https://go.dev/cl/399539",
            "https://go.dev/cl/400074",
            "https://go.dev/issue/52313",
            "https://groups.google.com/g/golang-announce",
            "https://groups.google.com/g/golang-announce/c/Y5qrqw_lWdU",
            "https://linux.oracle.com/cve/CVE-2022-29526.html",
            "https://linux.oracle.com/errata/ELSA-2022-5337.html",
            "https://lists.fedoraproject.org/archives/list/package-announce%40lists.fedoraproject.org/message/Q6GE5EQGE4L2KRVGW4T75QVIYAXCLO5X/",
            "https://lists.fedoraproject.org/archives/list/package-announce%40lists.fedoraproject.org/message/RQXU752ALW53OJAF5MG3WMR5CCZVLWW6/",
            "https://lists.fedoraproject.org/archives/list/package-announce%40lists.fedoraproject.org/message/Z55VUVGO7E5PJFXIOVAY373NZRHBNCI5/",
            "https://lists.fedoraproject.org/archives/list/package-announce%40lists.fedoraproject.org/message/ZY2SLWOQR4ZURQ7UBRZ7JIX6H6F5JHJR/",
            "https://lists.fedoraproject.org/archives/list/package-announce@lists.fedoraproject.org/message/Q6GE5EQGE4L2KRVGW4T75QVIYAXCLO5X",
            "https://lists.fedoraproject.org/archives/list/package-announce@lists.fedoraproject.org/message/RQXU752ALW53OJAF5MG3WMR5CCZVLWW6",
            "https://lists.fedoraproject.org/archives/list/package-announce@lists.fedoraproject.org/message/Z55VUVGO7E5PJFXIOVAY373NZRHBNCI5",
            "https://lists.fedoraproject.org/archives/list/package-announce@lists.fedoraproject.org/message/ZY2SLWOQR4ZURQ7UBRZ7JIX6H6F5JHJR",
            "https://nvd.nist.gov/vuln/detail/CVE-2022-29526",
            "https://pkg.go.dev/vuln/GO-2022-0493",
            "https://security.gentoo.org/glsa/202208-02",
            "https://security.netapp.com/advisory/ntap-20220729-0001",
            "https://security.netapp.com/advisory/ntap-20220729-0001/",
            "https://ubuntu.com/security/notices/USN-6038-1",
            "https://ubuntu.com/security/notices/USN-6038-2",
            "https://www.cve.org/CVERecord?id=CVE-2022-29526"
          ],
          "PublishedDate": "2022-06-23T17:15:12.747Z",
          "LastModifiedDate": "2023-11-07T03:46:03.463Z"
        }
      ]
    },
    {
      "Target": "opt/cni/bin/calico",
      "Class": "lang-pkgs",
      "Type": "gobinary",
      "Vulnerabilities": [
        {
          "VulnerabilityID": "CVE-2023-48795",
          "PkgName": "golang.org/x/crypto",
          "PkgIdentifier": {
            "PURL": "pkg:golang/golang.org/x/crypto@v0.15.0"
          },
          "InstalledVersion": "v0.15.0",
          "FixedVersion": "0.17.0",
          "Status": "fixed",
          "Layer": {
            "DiffID": "sha256:4901e389be5837fdd0818f1cb805dbffd7008ca9d81e4d11907136d97306bd81"
          },
          "SeveritySource": "ghsa",
          "PrimaryURL": "https://avd.aquasec.com/nvd/cve-2023-48795",
          "DataSource": {
            "ID": "ghsa",
            "Name": "GitHub Security Advisory Go",
            "URL": "https://github.com/advisories?query=type%3Areviewed+ecosystem%3Ago"
          },
          "Title": "ssh: Prefix truncation attack on Binary Packet Protocol (BPP)",
          "Description": "The SSH transport protocol with certain OpenSSH extensions, found in OpenSSH before 9.6 and other products, allows remote attackers to bypass integrity checks such that some packets are omitted (from the extension negotiation message), and a client and server may consequently end up with a connection for which some security features have been downgraded or disabled, aka a Terrapin attack. This occurs because the SSH Binary Packet Protocol (BPP), implemented by these extensions, mishandles the handshake phase and mishandles use of sequence numbers. For example, there is an effective attack against SSH's use of ChaCha20-Poly1305 (and CBC with Encrypt-then-MAC). The bypass occurs in chacha20-poly1305@openssh.com and (if CBC is used) the -etm@openssh.com MAC algorithms. This also affects Maverick Synergy Java SSH API before 3.1.0-SNAPSHOT, Dropbear through 2022.83, Ssh before 5.1.1 in Erlang/OTP, PuTTY before 0.80, AsyncSSH before 2.14.2, golang.org/x/crypto before 0.17.0, libssh before 0.10.6, libssh2 through 1.11.0, Thorn Tech SFTP Gateway before 3.4.6, Tera Term before 5.1, Paramiko before 3.4.0, jsch before 0.2.15, SFTPGo before 2.5.6, Netgate pfSense Plus through 23.09.1, Netgate pfSense CE through 2.7.2, HPN-SSH through 18.2.0, ProFTPD before 1.3.8b (and before 1.3.9rc2), ORYX CycloneSSH before 2.3.4, NetSarang XShell 7 before Build 0144, CrushFTP before 10.6.0, ConnectBot SSH library before 2.2.22, Apache MINA sshd through 2.11.0, sshj through 0.37.0, TinySSH through 20230101, trilead-ssh2 6401, LANCOM LCOS and LANconfig, FileZilla before 3.66.4, Nova before 11.8, PKIX-SSH before 14.4, SecureCRT before 9.4.3, Transmit5 before 5.10.4, Win32-OpenSSH before 9.5.0.0p1-Beta, WinSCP before 6.2.2, Bitvise SSH Server before 9.32, Bitvise SSH Client before 9.33, KiTTY through 0.76.1.13, the net-ssh gem 7.2.0 for Ruby, the mscdex ssh2 module before 1.15.0 for Node.js, the thrussh library before 0.35.1 for Rust, and the Russh crate before 0.40.2 for Rust.",
          "Severity": "MEDIUM",
          "CweIDs": [
            "CWE-354"
          ],
          "VendorSeverity": {
            "alma": 2,
            "amazon": 2,
            "cbl-mariner": 2,
            "ghsa": 2,
            "nvd": 2,
            "oracle-oval": 2,
            "photon": 2,
            "redhat": 2,
            "rocky": 2,
            "ubuntu": 2
          },
          "CVSS": {
            "ghsa": {
              "V3Vector": "CVSS:3.1/AV:N/AC:H/PR:N/UI:N/S:U/C:N/I:H/A:N",
              "V3Score": 5.9
            },
            "nvd": {
              "V3Vector": "CVSS:3.1/AV:N/AC:H/PR:N/UI:N/S:U/C:N/I:H/A:N",
              "V3Score": 5.9
            },
            "redhat": {
              "V3Vector": "CVSS:3.1/AV:N/AC:H/PR:N/UI:N/S:U/C:N/I:H/A:N",
              "V3Score": 5.9
            }
          },
          "References": [
            "http://packetstormsecurity.com/files/176280/Terrapin-SSH-Connection-Weakening.html",
            "http://www.openwall.com/lists/oss-security/2023/12/18/3",
            "http://www.openwall.com/lists/oss-security/2023/12/19/5",
            "http://www.openwall.com/lists/oss-security/2023/12/20/3",
            "https://access.redhat.com/errata/RHSA-2024:0628",
            "https://access.redhat.com/security/cve/CVE-2023-48795",
            "https://access.redhat.com/security/cve/cve-2023-48795",
            "https://arstechnica.com/security/2023/12/hackers-can-break-ssh-channel-integrity-using-novel-data-corruption-attack",
            "https://arstechnica.com/security/2023/12/hackers-can-break-ssh-channel-integrity-using-novel-data-corruption-attack/",
            "https://bugs.gentoo.org/920280",
            "https://bugzilla.redhat.com/2254210",
            "https://bugzilla.redhat.com/show_bug.cgi?id=2254210",
            "https://bugzilla.suse.com/show_bug.cgi?id=1217950",
            "https://crates.io/crates/thrussh/versions",
            "https://cve.mitre.org/cgi-bin/cvename.cgi?name=CVE-2023-48795",
            "https://errata.almalinux.org/8/ALSA-2024-0628.html",
            "https://errata.rockylinux.org/RLSA-2024:0628",
            "https://filezilla-project.org/versions.php",
            "https://forum.netgate.com/topic/184941/terrapin-ssh-attack",
            "https://git.libssh.org/projects/libssh.git/commit/?h=stable-0.10\u0026id=10e09e273f69e149389b3e0e5d44b8c221c2e7f6",
            "https://github.com/NixOS/nixpkgs/pull/275249",
            "https://github.com/PowerShell/Win32-OpenSSH/issues/2189",
            "https://github.com/PowerShell/Win32-OpenSSH/releases/tag/v9.5.0.0p1-Beta",
            "https://github.com/TeraTermProject/teraterm/commit/7279fbd6ef4d0c8bdd6a90af4ada2899d786eec0",
            "https://github.com/TeraTermProject/teraterm/releases/tag/v5.1",
            "https://github.com/advisories/GHSA-45x7-px36-x8w8",
            "https://github.com/apache/mina-sshd/issues/445",
            "https://github.com/connectbot/sshlib/commit/5c8b534f6e97db7ac0e0e579331213aa25c173ab",
            "https://github.com/connectbot/sshlib/compare/2.2.21...2.2.22",
            "https://github.com/cyd01/KiTTY/issues/520",
            "https://github.com/drakkan/sftpgo/releases/tag/v2.5.6",
            "https://github.com/erlang/otp/blob/d1b43dc0f1361d2ad67601169e90a7fc50bb0369/lib/ssh/doc/src/notes.xml#L39-L42",
            "https://github.com/erlang/otp/releases/tag/OTP-26.2.1",
            "https://github.com/golang/crypto/commit/9d2ee975ef9fe627bf0a6f01c1f69e8ef1d4f05d",
            "https://github.com/hierynomus/sshj/issues/916",
            "https://github.com/janmojzis/tinyssh/issues/81",
            "https://github.com/jtesta/ssh-audit/commit/8e972c5e94b460379fe0c7d20209c16df81538a5",
            "https://github.com/libssh2/libssh2/pull/1291",
            "https://github.com/mkj/dropbear/blob/17657c36cce6df7716d5ff151ec09a665382d5dd/CHANGES#L25",
            "https://github.com/mscdex/ssh2/commit/97b223f8891b96d6fc054df5ab1d5a1a545da2a3",
            "https://github.com/mwiede/jsch/compare/jsch-0.2.14...jsch-0.2.15",
            "https://github.com/mwiede/jsch/issues/457",
            "https://github.com/mwiede/jsch/pull/461",
            "https://github.com/net-ssh/net-ssh/blob/2e65064a52d73396bfc3806c9196fc8108f33cd8/CHANGES.txt#L14-L16",
            "https://github.com/openssh/openssh-portable/commits/master",
            "https://github.com/paramiko/paramiko/issues/2337",
            "https://github.com/paramiko/paramiko/issues/2337#issuecomment-1887642773",
            "https://github.com/proftpd/proftpd/blob/0a7ea9b0ba9fcdf368374a226370d08f10397d99/RELEASE_NOTES",
            "https://github.com/proftpd/proftpd/blob/d21e7a2e47e9b38f709bec58e3fa711f759ad0e1/RELEASE_NOTES",
            "https://github.com/proftpd/proftpd/blob/master/RELEASE_NOTES",
            "https://github.com/proftpd/proftpd/issues/456",
            "https://github.com/rapier1/hpn-ssh/releases",
            "https://github.com/ronf/asyncssh/blob/develop/docs/changes.rst",
            "https://github.com/ronf/asyncssh/security/advisories/GHSA-hfmc-7525-mj55",
            "https://github.com/ronf/asyncssh/tags",
            "https://github.com/ssh-mitm/ssh-mitm/issues/165",
            "https://github.com/warp-tech/russh",
            "https://github.com/warp-tech/russh/commit/1aa340a7df1d5be1c0f4a9e247aade76dfdd2951",
            "https://github.com/warp-tech/russh/releases/tag/v0.40.2",
            "https://github.com/warp-tech/russh/security/advisories/GHSA-45x7-px36-x8w8",
            "https://gitlab.com/libssh/libssh-mirror/-/tags",
            "https://go.dev/cl/550715",
            "https://go.dev/issue/64784",
            "https://groups.google.com/g/golang-announce/c/-n5WqVC18LQ",
            "https://groups.google.com/g/golang-announce/c/qA3XtxvMUyg",
            "https://help.panic.com/releasenotes/transmit5",
            "https://help.panic.com/releasenotes/transmit5/",
            "https://jadaptive.com/important-java-ssh-security-update-new-ssh-vulnerability-discovered-cve-2023-48795",
            "https://jadaptive.com/important-java-ssh-security-update-new-ssh-vulnerability-discovered-cve-2023-48795/",
            "https://linux.oracle.com/cve/CVE-2023-48795.html",
            "https://linux.oracle.com/errata/ELSA-2024-12164.html",
            "https://lists.debian.org/debian-lts-announce/2023/12/msg00017.html",
            "https://lists.debian.org/debian-lts-announce/2024/01/msg00013.html",
            "https://lists.debian.org/debian-lts-announce/2024/01/msg00014.html",
            "https://lists.fedoraproject.org/archives/list/package-announce%40lists.fedoraproject.org/message/33XHJUB6ROFUOH2OQNENFROTVH6MHSHA",
            "https://lists.fedoraproject.org/archives/list/package-announce%40lists.fedoraproject.org/message/33XHJUB6ROFUOH2OQNENFROTVH6MHSHA/",
            "https://lists.fedoraproject.org/archives/list/package-announce%40lists.fedoraproject.org/message/3CAYYW35MUTNO65RVAELICTNZZFMT2XS",
            "https://lists.fedoraproject.org/archives/list/package-announce%40lists.fedoraproject.org/message/3CAYYW35MUTNO65RVAELICTNZZFMT2XS/",
            "https://lists.fedoraproject.org/archives/list/package-announce%40lists.fedoraproject.org/message/3JIMLVBDWOP4FUPXPTB4PGHHIOMGFLQE",
            "https://lists.fedoraproject.org/archives/list/package-announce%40lists.fedoraproject.org/message/3JIMLVBDWOP4FUPXPTB4PGHHIOMGFLQE/",
            "https://lists.fedoraproject.org/archives/list/package-announce%40lists.fedoraproject.org/message/3YQLUQWLIHDB5QCXQEX7HXHAWMOKPP5O",
            "https://lists.fedoraproject.org/archives/list/package-announce%40lists.fedoraproject.org/message/3YQLUQWLIHDB5QCXQEX7HXHAWMOKPP5O/",
            "https://lists.fedoraproject.org/archives/list/package-announce%40lists.fedoraproject.org/message/6Y74KVCPEPT4MVU3LHDWCNNOXOE5ZLUR",
            "https://lists.fedoraproject.org/archives/list/package-announce%40lists.fedoraproject.org/message/6Y74KVCPEPT4MVU3LHDWCNNOXOE5ZLUR/",
            "https://lists.fedoraproject.org/archives/list/package-announce%40lists.fedoraproject.org/message/APYIXIQOVDCRWLHTGB4VYMAUIAQLKYJ3",
            "https://lists.fedoraproject.org/archives/list/package-announce%40lists.fedoraproject.org/message/APYIXIQOVDCRWLHTGB4VYMAUIAQLKYJ3/",
            "https://lists.fedoraproject.org/archives/list/package-announce%40lists.fedoraproject.org/message/BL5KTLOSLH2KHRN4HCXJPK3JUVLDGEL6",
            "https://lists.fedoraproject.org/archives/list/package-announce%40lists.fedoraproject.org/message/BL5KTLOSLH2KHRN4HCXJPK3JUVLDGEL6/",
            "https://lists.fedoraproject.org/archives/list/package-announce%40lists.fedoraproject.org/message/C3AFMZ6MH2UHHOPIWT5YLSFV3D2VB3AC",
            "https://lists.fedoraproject.org/archives/list/package-announce%40lists.fedoraproject.org/message/C3AFMZ6MH2UHHOPIWT5YLSFV3D2VB3AC/",
            "https://lists.fedoraproject.org/archives/list/package-announce%40lists.fedoraproject.org/message/CHHITS4PUOZAKFIUBQAQZC7JWXMOYE4B",
            "https://lists.fedoraproject.org/archives/list/package-announce%40lists.fedoraproject.org/message/CHHITS4PUOZAKFIUBQAQZC7JWXMOYE4B/",
            "https://lists.fedoraproject.org/archives/list/package-announce%40lists.fedoraproject.org/message/F7EYCFQCTSGJXWO3ZZ44MGKFC5HA7G3Y",
            "https://lists.fedoraproject.org/archives/list/package-announce%40lists.fedoraproject.org/message/F7EYCFQCTSGJXWO3ZZ44MGKFC5HA7G3Y/",
            "https://lists.fedoraproject.org/archives/list/package-announce%40lists.fedoraproject.org/message/HYEDEXIKFKTUJIN43RG4B7T5ZS6MHUSP",
            "https://lists.fedoraproject.org/archives/list/package-announce%40lists.fedoraproject.org/message/HYEDEXIKFKTUJIN43RG4B7T5ZS6MHUSP/",
            "https://lists.fedoraproject.org/archives/list/package-announce%40lists.fedoraproject.org/message/I724O3LSRCPO4WNVIXTZCT4VVRMXMMSG",
            "https://lists.fedoraproject.org/archives/list/package-announce%40lists.fedoraproject.org/message/I724O3LSRCPO4WNVIXTZCT4VVRMXMMSG/",
            "https://lists.fedoraproject.org/archives/list/package-announce%40lists.fedoraproject.org/message/KEOTKBUPZXHE3F352JBYNTSNRXYLWD6P",
            "https://lists.fedoraproject.org/archives/list/package-announce%40lists.fedoraproject.org/message/KEOTKBUPZXHE3F352JBYNTSNRXYLWD6P/",
            "https://lists.fedoraproject.org/archives/list/package-announce%40lists.fedoraproject.org/message/KMZCVGUGJZZVDPCVDA7TEB22VUCNEXDD",
            "https://lists.fedoraproject.org/archives/list/package-announce%40lists.fedoraproject.org/message/KMZCVGUGJZZVDPCVDA7TEB22VUCNEXDD/",
            "https://lists.fedoraproject.org/archives/list/package-announce%40lists.fedoraproject.org/message/L5Y6MNNVAPIJSXJERQ6PKZVCIUXSNJK7",
            "https://lists.fedoraproject.org/archives/list/package-announce%40lists.fedoraproject.org/message/L5Y6MNNVAPIJSXJERQ6PKZVCIUXSNJK7/",
            "https://lists.fedoraproject.org/archives/list/package-announce%40lists.fedoraproject.org/message/LZQVUHWVWRH73YBXUQJOD6CKHDQBU3DM",
            "https://lists.fedoraproject.org/archives/list/package-announce%40lists.fedoraproject.org/message/LZQVUHWVWRH73YBXUQJOD6CKHDQBU3DM/",
            "https://lists.fedoraproject.org/archives/list/package-announce%40lists.fedoraproject.org/message/MKQRBF3DWMWPH36LBCOBUTSIZRTPEZXB",
            "https://lists.fedoraproject.org/archives/list/package-announce%40lists.fedoraproject.org/message/MKQRBF3DWMWPH36LBCOBUTSIZRTPEZXB/",
            "https://lists.fedoraproject.org/archives/list/package-announce%40lists.fedoraproject.org/message/QI3EHAHABFQK7OABNCSF5GMYP6TONTI7",
            "https://lists.fedoraproject.org/archives/list/package-announce%40lists.fedoraproject.org/message/QI3EHAHABFQK7OABNCSF5GMYP6TONTI7/",
            "https://matt.ucc.asn.au/dropbear/CHANGES",
            "https://nest.pijul.com/pijul/thrussh/changes/D6H7OWTTMHHX6BTB3B6MNBOBX2L66CBL4LGSEUSAI2MCRCJDQFRQC",
            "https://news.ycombinator.com/item?id=38684904",
            "https://news.ycombinator.com/item?id=38685286",
            "https://news.ycombinator.com/item?id=38732005",
            "https://nova.app/releases/#v11.8",
            "https://nvd.nist.gov/vuln/detail/CVE-2023-48795",
            "https://oryx-embedded.com/download/#changelog",
            "https://psirt.global.sonicwall.com/vuln-detail/SNWLID-2024-0002",
            "https://roumenpetrov.info/secsh/#news20231220",
            "https://security-tracker.debian.org/tracker/CVE-2023-48795",
            "https://security-tracker.debian.org/tracker/source-package/libssh2",
            "https://security-tracker.debian.org/tracker/source-package/proftpd-dfsg",
            "https://security-tracker.debian.org/tracker/source-package/trilead-ssh2",
            "https://security.gentoo.org/glsa/202312-16",
            "https://security.gentoo.org/glsa/202312-17",
            "https://security.netapp.com/advisory/ntap-20240105-0004",
            "https://security.netapp.com/advisory/ntap-20240105-0004/",
            "https://terrapin-attack.com/",
            "https://thorntech.com/cve-2023-48795-and-sftp-gateway",
            "https://thorntech.com/cve-2023-48795-and-sftp-gateway/",
            "https://twitter.com/TrueSkrillor/status/1736774389725565005",
            "https://ubuntu.com/security/CVE-2023-48795",
            "https://ubuntu.com/security/notices/USN-6560-1",
            "https://ubuntu.com/security/notices/USN-6560-2",
            "https://ubuntu.com/security/notices/USN-6561-1",
            "https://ubuntu.com/security/notices/USN-6585-1",
            "https://ubuntu.com/security/notices/USN-6589-1",
            "https://ubuntu.com/security/notices/USN-6598-1",
            "https://winscp.net/eng/docs/history#6.2.2",
            "https://www.bitvise.com/ssh-client-version-history#933",
            "https://www.bitvise.com/ssh-server-version-history",
            "https://www.chiark.greenend.org.uk/~sgtatham/putty/changes.html",
            "https://www.crushftp.com/crush10wiki/Wiki.jsp?page=Update",
            "https://www.cve.org/CVERecord?id=CVE-2023-48795",
            "https://www.debian.org/security/2023/dsa-5586",
            "https://www.debian.org/security/2023/dsa-5588",
            "https://www.freebsd.org/security/advisories/FreeBSD-SA-23:19.openssh.asc",
            "https://www.lancom-systems.de/service-support/allgemeine-sicherheitshinweise#c243508",
            "https://www.netsarang.com/en/xshell-update-history",
            "https://www.netsarang.com/en/xshell-update-history/",
            "https://www.openssh.com/openbsd.html",
            "https://www.openssh.com/txt/release-9.6",
            "https://www.openwall.com/lists/oss-security/2023/12/18/2",
            "https://www.openwall.com/lists/oss-security/2023/12/18/3",
            "https://www.openwall.com/lists/oss-security/2023/12/20/3",
            "https://www.paramiko.org/changelog.html",
            "https://www.reddit.com/r/sysadmin/comments/18idv52/cve202348795_why_is_this_cve_still_undisclosed",
            "https://www.reddit.com/r/sysadmin/comments/18idv52/cve202348795_why_is_this_cve_still_undisclosed/",
            "https://www.suse.com/c/suse-addresses-the-ssh-v2-protocol-terrapin-attack-aka-cve-2023-48795",
            "https://www.suse.com/c/suse-addresses-the-ssh-v2-protocol-terrapin-attack-aka-cve-2023-48795/",
            "https://www.terrapin-attack.com",
            "https://www.theregister.com/2023/12/20/terrapin_attack_ssh",
            "https://www.vandyke.com/products/securecrt/history.txt"
          ],
          "PublishedDate": "2023-12-18T16:15:10.897Z",
          "LastModifiedDate": "2024-01-29T09:15:42.687Z"
        }
      ]
    },
    {
      "Target": "opt/cni/bin/calico-ipam",
      "Class": "lang-pkgs",
      "Type": "gobinary",
      "Vulnerabilities": [
        {
          "VulnerabilityID": "CVE-2023-48795",
          "PkgName": "golang.org/x/crypto",
          "PkgIdentifier": {
            "PURL": "pkg:golang/golang.org/x/crypto@v0.15.0"
          },
          "InstalledVersion": "v0.15.0",
          "FixedVersion": "0.17.0",
          "Status": "fixed",
          "Layer": {
            "DiffID": "sha256:4901e389be5837fdd0818f1cb805dbffd7008ca9d81e4d11907136d97306bd81"
          },
          "SeveritySource": "ghsa",
          "PrimaryURL": "https://avd.aquasec.com/nvd/cve-2023-48795",
          "DataSource": {
            "ID": "ghsa",
            "Name": "GitHub Security Advisory Go",
            "URL": "https://github.com/advisories?query=type%3Areviewed+ecosystem%3Ago"
          },
          "Title": "ssh: Prefix truncation attack on Binary Packet Protocol (BPP)",
          "Description": "The SSH transport protocol with certain OpenSSH extensions, found in OpenSSH before 9.6 and other products, allows remote attackers to bypass integrity checks such that some packets are omitted (from the extension negotiation message), and a client and server may consequently end up with a connection for which some security features have been downgraded or disabled, aka a Terrapin attack. This occurs because the SSH Binary Packet Protocol (BPP), implemented by these extensions, mishandles the handshake phase and mishandles use of sequence numbers. For example, there is an effective attack against SSH's use of ChaCha20-Poly1305 (and CBC with Encrypt-then-MAC). The bypass occurs in chacha20-poly1305@openssh.com and (if CBC is used) the -etm@openssh.com MAC algorithms. This also affects Maverick Synergy Java SSH API before 3.1.0-SNAPSHOT, Dropbear through 2022.83, Ssh before 5.1.1 in Erlang/OTP, PuTTY before 0.80, AsyncSSH before 2.14.2, golang.org/x/crypto before 0.17.0, libssh before 0.10.6, libssh2 through 1.11.0, Thorn Tech SFTP Gateway before 3.4.6, Tera Term before 5.1, Paramiko before 3.4.0, jsch before 0.2.15, SFTPGo before 2.5.6, Netgate pfSense Plus through 23.09.1, Netgate pfSense CE through 2.7.2, HPN-SSH through 18.2.0, ProFTPD before 1.3.8b (and before 1.3.9rc2), ORYX CycloneSSH before 2.3.4, NetSarang XShell 7 before Build 0144, CrushFTP before 10.6.0, ConnectBot SSH library before 2.2.22, Apache MINA sshd through 2.11.0, sshj through 0.37.0, TinySSH through 20230101, trilead-ssh2 6401, LANCOM LCOS and LANconfig, FileZilla before 3.66.4, Nova before 11.8, PKIX-SSH before 14.4, SecureCRT before 9.4.3, Transmit5 before 5.10.4, Win32-OpenSSH before 9.5.0.0p1-Beta, WinSCP before 6.2.2, Bitvise SSH Server before 9.32, Bitvise SSH Client before 9.33, KiTTY through 0.76.1.13, the net-ssh gem 7.2.0 for Ruby, the mscdex ssh2 module before 1.15.0 for Node.js, the thrussh library before 0.35.1 for Rust, and the Russh crate before 0.40.2 for Rust.",
          "Severity": "MEDIUM",
          "CweIDs": [
            "CWE-354"
          ],
          "VendorSeverity": {
            "alma": 2,
            "amazon": 2,
            "cbl-mariner": 2,
            "ghsa": 2,
            "nvd": 2,
            "oracle-oval": 2,
            "photon": 2,
            "redhat": 2,
            "rocky": 2,
            "ubuntu": 2
          },
          "CVSS": {
            "ghsa": {
              "V3Vector": "CVSS:3.1/AV:N/AC:H/PR:N/UI:N/S:U/C:N/I:H/A:N",
              "V3Score": 5.9
            },
            "nvd": {
              "V3Vector": "CVSS:3.1/AV:N/AC:H/PR:N/UI:N/S:U/C:N/I:H/A:N",
              "V3Score": 5.9
            },
            "redhat": {
              "V3Vector": "CVSS:3.1/AV:N/AC:H/PR:N/UI:N/S:U/C:N/I:H/A:N",
              "V3Score": 5.9
            }
          },
          "References": [
            "http://packetstormsecurity.com/files/176280/Terrapin-SSH-Connection-Weakening.html",
            "http://www.openwall.com/lists/oss-security/2023/12/18/3",
            "http://www.openwall.com/lists/oss-security/2023/12/19/5",
            "http://www.openwall.com/lists/oss-security/2023/12/20/3",
            "https://access.redhat.com/errata/RHSA-2024:0628",
            "https://access.redhat.com/security/cve/CVE-2023-48795",
            "https://access.redhat.com/security/cve/cve-2023-48795",
            "https://arstechnica.com/security/2023/12/hackers-can-break-ssh-channel-integrity-using-novel-data-corruption-attack",
            "https://arstechnica.com/security/2023/12/hackers-can-break-ssh-channel-integrity-using-novel-data-corruption-attack/",
            "https://bugs.gentoo.org/920280",
            "https://bugzilla.redhat.com/2254210",
            "https://bugzilla.redhat.com/show_bug.cgi?id=2254210",
            "https://bugzilla.suse.com/show_bug.cgi?id=1217950",
            "https://crates.io/crates/thrussh/versions",
            "https://cve.mitre.org/cgi-bin/cvename.cgi?name=CVE-2023-48795",
            "https://errata.almalinux.org/8/ALSA-2024-0628.html",
            "https://errata.rockylinux.org/RLSA-2024:0628",
            "https://filezilla-project.org/versions.php",
            "https://forum.netgate.com/topic/184941/terrapin-ssh-attack",
            "https://git.libssh.org/projects/libssh.git/commit/?h=stable-0.10\u0026id=10e09e273f69e149389b3e0e5d44b8c221c2e7f6",
            "https://github.com/NixOS/nixpkgs/pull/275249",
            "https://github.com/PowerShell/Win32-OpenSSH/issues/2189",
            "https://github.com/PowerShell/Win32-OpenSSH/releases/tag/v9.5.0.0p1-Beta",
            "https://github.com/TeraTermProject/teraterm/commit/7279fbd6ef4d0c8bdd6a90af4ada2899d786eec0",
            "https://github.com/TeraTermProject/teraterm/releases/tag/v5.1",
            "https://github.com/advisories/GHSA-45x7-px36-x8w8",
            "https://github.com/apache/mina-sshd/issues/445",
            "https://github.com/connectbot/sshlib/commit/5c8b534f6e97db7ac0e0e579331213aa25c173ab",
            "https://github.com/connectbot/sshlib/compare/2.2.21...2.2.22",
            "https://github.com/cyd01/KiTTY/issues/520",
            "https://github.com/drakkan/sftpgo/releases/tag/v2.5.6",
            "https://github.com/erlang/otp/blob/d1b43dc0f1361d2ad67601169e90a7fc50bb0369/lib/ssh/doc/src/notes.xml#L39-L42",
            "https://github.com/erlang/otp/releases/tag/OTP-26.2.1",
            "https://github.com/golang/crypto/commit/9d2ee975ef9fe627bf0a6f01c1f69e8ef1d4f05d",
            "https://github.com/hierynomus/sshj/issues/916",
            "https://github.com/janmojzis/tinyssh/issues/81",
            "https://github.com/jtesta/ssh-audit/commit/8e972c5e94b460379fe0c7d20209c16df81538a5",
            "https://github.com/libssh2/libssh2/pull/1291",
            "https://github.com/mkj/dropbear/blob/17657c36cce6df7716d5ff151ec09a665382d5dd/CHANGES#L25",
            "https://github.com/mscdex/ssh2/commit/97b223f8891b96d6fc054df5ab1d5a1a545da2a3",
            "https://github.com/mwiede/jsch/compare/jsch-0.2.14...jsch-0.2.15",
            "https://github.com/mwiede/jsch/issues/457",
            "https://github.com/mwiede/jsch/pull/461",
            "https://github.com/net-ssh/net-ssh/blob/2e65064a52d73396bfc3806c9196fc8108f33cd8/CHANGES.txt#L14-L16",
            "https://github.com/openssh/openssh-portable/commits/master",
            "https://github.com/paramiko/paramiko/issues/2337",
            "https://github.com/paramiko/paramiko/issues/2337#issuecomment-1887642773",
            "https://github.com/proftpd/proftpd/blob/0a7ea9b0ba9fcdf368374a226370d08f10397d99/RELEASE_NOTES",
            "https://github.com/proftpd/proftpd/blob/d21e7a2e47e9b38f709bec58e3fa711f759ad0e1/RELEASE_NOTES",
            "https://github.com/proftpd/proftpd/blob/master/RELEASE_NOTES",
            "https://github.com/proftpd/proftpd/issues/456",
            "https://github.com/rapier1/hpn-ssh/releases",
            "https://github.com/ronf/asyncssh/blob/develop/docs/changes.rst",
            "https://github.com/ronf/asyncssh/security/advisories/GHSA-hfmc-7525-mj55",
            "https://github.com/ronf/asyncssh/tags",
            "https://github.com/ssh-mitm/ssh-mitm/issues/165",
            "https://github.com/warp-tech/russh",
            "https://github.com/warp-tech/russh/commit/1aa340a7df1d5be1c0f4a9e247aade76dfdd2951",
            "https://github.com/warp-tech/russh/releases/tag/v0.40.2",
            "https://github.com/warp-tech/russh/security/advisories/GHSA-45x7-px36-x8w8",
            "https://gitlab.com/libssh/libssh-mirror/-/tags",
            "https://go.dev/cl/550715",
            "https://go.dev/issue/64784",
            "https://groups.google.com/g/golang-announce/c/-n5WqVC18LQ",
            "https://groups.google.com/g/golang-announce/c/qA3XtxvMUyg",
            "https://help.panic.com/releasenotes/transmit5",
            "https://help.panic.com/releasenotes/transmit5/",
            "https://jadaptive.com/important-java-ssh-security-update-new-ssh-vulnerability-discovered-cve-2023-48795",
            "https://jadaptive.com/important-java-ssh-security-update-new-ssh-vulnerability-discovered-cve-2023-48795/",
            "https://linux.oracle.com/cve/CVE-2023-48795.html",
            "https://linux.oracle.com/errata/ELSA-2024-12164.html",
            "https://lists.debian.org/debian-lts-announce/2023/12/msg00017.html",
            "https://lists.debian.org/debian-lts-announce/2024/01/msg00013.html",
            "https://lists.debian.org/debian-lts-announce/2024/01/msg00014.html",
            "https://lists.fedoraproject.org/archives/list/package-announce%40lists.fedoraproject.org/message/33XHJUB6ROFUOH2OQNENFROTVH6MHSHA",
            "https://lists.fedoraproject.org/archives/list/package-announce%40lists.fedoraproject.org/message/33XHJUB6ROFUOH2OQNENFROTVH6MHSHA/",
            "https://lists.fedoraproject.org/archives/list/package-announce%40lists.fedoraproject.org/message/3CAYYW35MUTNO65RVAELICTNZZFMT2XS",
            "https://lists.fedoraproject.org/archives/list/package-announce%40lists.fedoraproject.org/message/3CAYYW35MUTNO65RVAELICTNZZFMT2XS/",
            "https://lists.fedoraproject.org/archives/list/package-announce%40lists.fedoraproject.org/message/3JIMLVBDWOP4FUPXPTB4PGHHIOMGFLQE",
            "https://lists.fedoraproject.org/archives/list/package-announce%40lists.fedoraproject.org/message/3JIMLVBDWOP4FUPXPTB4PGHHIOMGFLQE/",
            "https://lists.fedoraproject.org/archives/list/package-announce%40lists.fedoraproject.org/message/3YQLUQWLIHDB5QCXQEX7HXHAWMOKPP5O",
            "https://lists.fedoraproject.org/archives/list/package-announce%40lists.fedoraproject.org/message/3YQLUQWLIHDB5QCXQEX7HXHAWMOKPP5O/",
            "https://lists.fedoraproject.org/archives/list/package-announce%40lists.fedoraproject.org/message/6Y74KVCPEPT4MVU3LHDWCNNOXOE5ZLUR",
            "https://lists.fedoraproject.org/archives/list/package-announce%40lists.fedoraproject.org/message/6Y74KVCPEPT4MVU3LHDWCNNOXOE5ZLUR/",
            "https://lists.fedoraproject.org/archives/list/package-announce%40lists.fedoraproject.org/message/APYIXIQOVDCRWLHTGB4VYMAUIAQLKYJ3",
            "https://lists.fedoraproject.org/archives/list/package-announce%40lists.fedoraproject.org/message/APYIXIQOVDCRWLHTGB4VYMAUIAQLKYJ3/",
            "https://lists.fedoraproject.org/archives/list/package-announce%40lists.fedoraproject.org/message/BL5KTLOSLH2KHRN4HCXJPK3JUVLDGEL6",
            "https://lists.fedoraproject.org/archives/list/package-announce%40lists.fedoraproject.org/message/BL5KTLOSLH2KHRN4HCXJPK3JUVLDGEL6/",
            "https://lists.fedoraproject.org/archives/list/package-announce%40lists.fedoraproject.org/message/C3AFMZ6MH2UHHOPIWT5YLSFV3D2VB3AC",
            "https://lists.fedoraproject.org/archives/list/package-announce%40lists.fedoraproject.org/message/C3AFMZ6MH2UHHOPIWT5YLSFV3D2VB3AC/",
            "https://lists.fedoraproject.org/archives/list/package-announce%40lists.fedoraproject.org/message/CHHITS4PUOZAKFIUBQAQZC7JWXMOYE4B",
            "https://lists.fedoraproject.org/archives/list/package-announce%40lists.fedoraproject.org/message/CHHITS4PUOZAKFIUBQAQZC7JWXMOYE4B/",
            "https://lists.fedoraproject.org/archives/list/package-announce%40lists.fedoraproject.org/message/F7EYCFQCTSGJXWO3ZZ44MGKFC5HA7G3Y",
            "https://lists.fedoraproject.org/archives/list/package-announce%40lists.fedoraproject.org/message/F7EYCFQCTSGJXWO3ZZ44MGKFC5HA7G3Y/",
            "https://lists.fedoraproject.org/archives/list/package-announce%40lists.fedoraproject.org/message/HYEDEXIKFKTUJIN43RG4B7T5ZS6MHUSP",
            "https://lists.fedoraproject.org/archives/list/package-announce%40lists.fedoraproject.org/message/HYEDEXIKFKTUJIN43RG4B7T5ZS6MHUSP/",
            "https://lists.fedoraproject.org/archives/list/package-announce%40lists.fedoraproject.org/message/I724O3LSRCPO4WNVIXTZCT4VVRMXMMSG",
            "https://lists.fedoraproject.org/archives/list/package-announce%40lists.fedoraproject.org/message/I724O3LSRCPO4WNVIXTZCT4VVRMXMMSG/",
            "https://lists.fedoraproject.org/archives/list/package-announce%40lists.fedoraproject.org/message/KEOTKBUPZXHE3F352JBYNTSNRXYLWD6P",
            "https://lists.fedoraproject.org/archives/list/package-announce%40lists.fedoraproject.org/message/KEOTKBUPZXHE3F352JBYNTSNRXYLWD6P/",
            "https://lists.fedoraproject.org/archives/list/package-announce%40lists.fedoraproject.org/message/KMZCVGUGJZZVDPCVDA7TEB22VUCNEXDD",
            "https://lists.fedoraproject.org/archives/list/package-announce%40lists.fedoraproject.org/message/KMZCVGUGJZZVDPCVDA7TEB22VUCNEXDD/",
            "https://lists.fedoraproject.org/archives/list/package-announce%40lists.fedoraproject.org/message/L5Y6MNNVAPIJSXJERQ6PKZVCIUXSNJK7",
            "https://lists.fedoraproject.org/archives/list/package-announce%40lists.fedoraproject.org/message/L5Y6MNNVAPIJSXJERQ6PKZVCIUXSNJK7/",
            "https://lists.fedoraproject.org/archives/list/package-announce%40lists.fedoraproject.org/message/LZQVUHWVWRH73YBXUQJOD6CKHDQBU3DM",
            "https://lists.fedoraproject.org/archives/list/package-announce%40lists.fedoraproject.org/message/LZQVUHWVWRH73YBXUQJOD6CKHDQBU3DM/",
            "https://lists.fedoraproject.org/archives/list/package-announce%40lists.fedoraproject.org/message/MKQRBF3DWMWPH36LBCOBUTSIZRTPEZXB",
            "https://lists.fedoraproject.org/archives/list/package-announce%40lists.fedoraproject.org/message/MKQRBF3DWMWPH36LBCOBUTSIZRTPEZXB/",
            "https://lists.fedoraproject.org/archives/list/package-announce%40lists.fedoraproject.org/message/QI3EHAHABFQK7OABNCSF5GMYP6TONTI7",
            "https://lists.fedoraproject.org/archives/list/package-announce%40lists.fedoraproject.org/message/QI3EHAHABFQK7OABNCSF5GMYP6TONTI7/",
            "https://matt.ucc.asn.au/dropbear/CHANGES",
            "https://nest.pijul.com/pijul/thrussh/changes/D6H7OWTTMHHX6BTB3B6MNBOBX2L66CBL4LGSEUSAI2MCRCJDQFRQC",
            "https://news.ycombinator.com/item?id=38684904",
            "https://news.ycombinator.com/item?id=38685286",
            "https://news.ycombinator.com/item?id=38732005",
            "https://nova.app/releases/#v11.8",
            "https://nvd.nist.gov/vuln/detail/CVE-2023-48795",
            "https://oryx-embedded.com/download/#changelog",
            "https://psirt.global.sonicwall.com/vuln-detail/SNWLID-2024-0002",
            "https://roumenpetrov.info/secsh/#news20231220",
            "https://security-tracker.debian.org/tracker/CVE-2023-48795",
            "https://security-tracker.debian.org/tracker/source-package/libssh2",
            "https://security-tracker.debian.org/tracker/source-package/proftpd-dfsg",
            "https://security-tracker.debian.org/tracker/source-package/trilead-ssh2",
            "https://security.gentoo.org/glsa/202312-16",
            "https://security.gentoo.org/glsa/202312-17",
            "https://security.netapp.com/advisory/ntap-20240105-0004",
            "https://security.netapp.com/advisory/ntap-20240105-0004/",
            "https://terrapin-attack.com/",
            "https://thorntech.com/cve-2023-48795-and-sftp-gateway",
            "https://thorntech.com/cve-2023-48795-and-sftp-gateway/",
            "https://twitter.com/TrueSkrillor/status/1736774389725565005",
            "https://ubuntu.com/security/CVE-2023-48795",
            "https://ubuntu.com/security/notices/USN-6560-1",
            "https://ubuntu.com/security/notices/USN-6560-2",
            "https://ubuntu.com/security/notices/USN-6561-1",
            "https://ubuntu.com/security/notices/USN-6585-1",
            "https://ubuntu.com/security/notices/USN-6589-1",
            "https://ubuntu.com/security/notices/USN-6598-1",
            "https://winscp.net/eng/docs/history#6.2.2",
            "https://www.bitvise.com/ssh-client-version-history#933",
            "https://www.bitvise.com/ssh-server-version-history",
            "https://www.chiark.greenend.org.uk/~sgtatham/putty/changes.html",
            "https://www.crushftp.com/crush10wiki/Wiki.jsp?page=Update",
            "https://www.cve.org/CVERecord?id=CVE-2023-48795",
            "https://www.debian.org/security/2023/dsa-5586",
            "https://www.debian.org/security/2023/dsa-5588",
            "https://www.freebsd.org/security/advisories/FreeBSD-SA-23:19.openssh.asc",
            "https://www.lancom-systems.de/service-support/allgemeine-sicherheitshinweise#c243508",
            "https://www.netsarang.com/en/xshell-update-history",
            "https://www.netsarang.com/en/xshell-update-history/",
            "https://www.openssh.com/openbsd.html",
            "https://www.openssh.com/txt/release-9.6",
            "https://www.openwall.com/lists/oss-security/2023/12/18/2",
            "https://www.openwall.com/lists/oss-security/2023/12/18/3",
            "https://www.openwall.com/lists/oss-security/2023/12/20/3",
            "https://www.paramiko.org/changelog.html",
            "https://www.reddit.com/r/sysadmin/comments/18idv52/cve202348795_why_is_this_cve_still_undisclosed",
            "https://www.reddit.com/r/sysadmin/comments/18idv52/cve202348795_why_is_this_cve_still_undisclosed/",
            "https://www.suse.com/c/suse-addresses-the-ssh-v2-protocol-terrapin-attack-aka-cve-2023-48795",
            "https://www.suse.com/c/suse-addresses-the-ssh-v2-protocol-terrapin-attack-aka-cve-2023-48795/",
            "https://www.terrapin-attack.com",
            "https://www.theregister.com/2023/12/20/terrapin_attack_ssh",
            "https://www.vandyke.com/products/securecrt/history.txt"
          ],
          "PublishedDate": "2023-12-18T16:15:10.897Z",
          "LastModifiedDate": "2024-01-29T09:15:42.687Z"
        }
      ]
    },
    {
      "Target": "opt/cni/bin/host-local",
      "Class": "lang-pkgs",
      "Type": "gobinary",
      "Vulnerabilities": [
        {
          "VulnerabilityID": "CVE-2022-29526",
          "PkgName": "golang.org/x/sys",
          "PkgIdentifier": {
            "PURL": "pkg:golang/golang.org/x/sys@v0.0.0-20210809222454-d867a43fc93e"
          },
          "InstalledVersion": "v0.0.0-20210809222454-d867a43fc93e",
          "FixedVersion": "0.0.0-20220412211240-33da011f77ad",
          "Status": "fixed",
          "Layer": {
            "DiffID": "sha256:4901e389be5837fdd0818f1cb805dbffd7008ca9d81e4d11907136d97306bd81"
          },
          "SeveritySource": "ghsa",
          "PrimaryURL": "https://avd.aquasec.com/nvd/cve-2022-29526",
          "DataSource": {
            "ID": "ghsa",
            "Name": "GitHub Security Advisory Go",
            "URL": "https://github.com/advisories?query=type%3Areviewed+ecosystem%3Ago"
          },
          "Title": "golang: syscall: faccessat checks wrong group",
          "Description": "Go before 1.17.10 and 1.18.x before 1.18.2 has Incorrect Privilege Assignment. When called with a non-zero flags parameter, the Faccessat function could incorrectly report that a file is accessible.",
          "Severity": "MEDIUM",
          "CweIDs": [
            "CWE-269"
          ],
          "VendorSeverity": {
            "amazon": 3,
            "bitnami": 2,
            "cbl-mariner": 2,
            "ghsa": 2,
            "nvd": 2,
            "oracle-oval": 2,
            "photon": 2,
            "redhat": 2,
            "ubuntu": 2
          },
          "CVSS": {
            "bitnami": {
              "V3Vector": "CVSS:3.1/AV:N/AC:L/PR:N/UI:N/S:U/C:L/I:N/A:N",
              "V3Score": 5.3
            },
            "ghsa": {
              "V3Vector": "CVSS:3.1/AV:N/AC:L/PR:N/UI:N/S:U/C:L/I:N/A:N",
              "V3Score": 5.3
            },
            "nvd": {
              "V2Vector": "AV:N/AC:L/Au:N/C:P/I:N/A:N",
              "V3Vector": "CVSS:3.1/AV:N/AC:L/PR:N/UI:N/S:U/C:L/I:N/A:N",
              "V2Score": 5,
              "V3Score": 5.3
            },
            "redhat": {
              "V3Vector": "CVSS:3.1/AV:L/AC:L/PR:N/UI:N/S:U/C:N/I:N/A:H",
              "V3Score": 6.2
            }
          },
          "References": [
            "https://access.redhat.com/security/cve/CVE-2022-29526",
            "https://cve.mitre.org/cgi-bin/cvename.cgi?name=CVE-2022-29526",
            "https://github.com/golang/go",
            "https://github.com/golang/go/commit/f66925e854e71e0c54b581885380a490d7afa30c",
            "https://github.com/golang/go/issues/52313",
            "https://go.dev/cl/399539",
            "https://go.dev/cl/400074",
            "https://go.dev/issue/52313",
            "https://groups.google.com/g/golang-announce",
            "https://groups.google.com/g/golang-announce/c/Y5qrqw_lWdU",
            "https://linux.oracle.com/cve/CVE-2022-29526.html",
            "https://linux.oracle.com/errata/ELSA-2022-5337.html",
            "https://lists.fedoraproject.org/archives/list/package-announce%40lists.fedoraproject.org/message/Q6GE5EQGE4L2KRVGW4T75QVIYAXCLO5X/",
            "https://lists.fedoraproject.org/archives/list/package-announce%40lists.fedoraproject.org/message/RQXU752ALW53OJAF5MG3WMR5CCZVLWW6/",
            "https://lists.fedoraproject.org/archives/list/package-announce%40lists.fedoraproject.org/message/Z55VUVGO7E5PJFXIOVAY373NZRHBNCI5/",
            "https://lists.fedoraproject.org/archives/list/package-announce%40lists.fedoraproject.org/message/ZY2SLWOQR4ZURQ7UBRZ7JIX6H6F5JHJR/",
            "https://lists.fedoraproject.org/archives/list/package-announce@lists.fedoraproject.org/message/Q6GE5EQGE4L2KRVGW4T75QVIYAXCLO5X",
            "https://lists.fedoraproject.org/archives/list/package-announce@lists.fedoraproject.org/message/RQXU752ALW53OJAF5MG3WMR5CCZVLWW6",
            "https://lists.fedoraproject.org/archives/list/package-announce@lists.fedoraproject.org/message/Z55VUVGO7E5PJFXIOVAY373NZRHBNCI5",
            "https://lists.fedoraproject.org/archives/list/package-announce@lists.fedoraproject.org/message/ZY2SLWOQR4ZURQ7UBRZ7JIX6H6F5JHJR",
            "https://nvd.nist.gov/vuln/detail/CVE-2022-29526",
            "https://pkg.go.dev/vuln/GO-2022-0493",
            "https://security.gentoo.org/glsa/202208-02",
            "https://security.netapp.com/advisory/ntap-20220729-0001",
            "https://security.netapp.com/advisory/ntap-20220729-0001/",
            "https://ubuntu.com/security/notices/USN-6038-1",
            "https://ubuntu.com/security/notices/USN-6038-2",
            "https://www.cve.org/CVERecord?id=CVE-2022-29526"
          ],
          "PublishedDate": "2022-06-23T17:15:12.747Z",
          "LastModifiedDate": "2023-11-07T03:46:03.463Z"
        }
      ]
    },
    {
      "Target": "opt/cni/bin/install",
      "Class": "lang-pkgs",
      "Type": "gobinary",
      "Vulnerabilities": [
        {
          "VulnerabilityID": "CVE-2023-48795",
          "PkgName": "golang.org/x/crypto",
          "PkgIdentifier": {
            "PURL": "pkg:golang/golang.org/x/crypto@v0.15.0"
          },
          "InstalledVersion": "v0.15.0",
          "FixedVersion": "0.17.0",
          "Status": "fixed",
          "Layer": {
            "DiffID": "sha256:4901e389be5837fdd0818f1cb805dbffd7008ca9d81e4d11907136d97306bd81"
          },
          "SeveritySource": "ghsa",
          "PrimaryURL": "https://avd.aquasec.com/nvd/cve-2023-48795",
          "DataSource": {
            "ID": "ghsa",
            "Name": "GitHub Security Advisory Go",
            "URL": "https://github.com/advisories?query=type%3Areviewed+ecosystem%3Ago"
          },
          "Title": "ssh: Prefix truncation attack on Binary Packet Protocol (BPP)",
          "Description": "The SSH transport protocol with certain OpenSSH extensions, found in OpenSSH before 9.6 and other products, allows remote attackers to bypass integrity checks such that some packets are omitted (from the extension negotiation message), and a client and server may consequently end up with a connection for which some security features have been downgraded or disabled, aka a Terrapin attack. This occurs because the SSH Binary Packet Protocol (BPP), implemented by these extensions, mishandles the handshake phase and mishandles use of sequence numbers. For example, there is an effective attack against SSH's use of ChaCha20-Poly1305 (and CBC with Encrypt-then-MAC). The bypass occurs in chacha20-poly1305@openssh.com and (if CBC is used) the -etm@openssh.com MAC algorithms. This also affects Maverick Synergy Java SSH API before 3.1.0-SNAPSHOT, Dropbear through 2022.83, Ssh before 5.1.1 in Erlang/OTP, PuTTY before 0.80, AsyncSSH before 2.14.2, golang.org/x/crypto before 0.17.0, libssh before 0.10.6, libssh2 through 1.11.0, Thorn Tech SFTP Gateway before 3.4.6, Tera Term before 5.1, Paramiko before 3.4.0, jsch before 0.2.15, SFTPGo before 2.5.6, Netgate pfSense Plus through 23.09.1, Netgate pfSense CE through 2.7.2, HPN-SSH through 18.2.0, ProFTPD before 1.3.8b (and before 1.3.9rc2), ORYX CycloneSSH before 2.3.4, NetSarang XShell 7 before Build 0144, CrushFTP before 10.6.0, ConnectBot SSH library before 2.2.22, Apache MINA sshd through 2.11.0, sshj through 0.37.0, TinySSH through 20230101, trilead-ssh2 6401, LANCOM LCOS and LANconfig, FileZilla before 3.66.4, Nova before 11.8, PKIX-SSH before 14.4, SecureCRT before 9.4.3, Transmit5 before 5.10.4, Win32-OpenSSH before 9.5.0.0p1-Beta, WinSCP before 6.2.2, Bitvise SSH Server before 9.32, Bitvise SSH Client before 9.33, KiTTY through 0.76.1.13, the net-ssh gem 7.2.0 for Ruby, the mscdex ssh2 module before 1.15.0 for Node.js, the thrussh library before 0.35.1 for Rust, and the Russh crate before 0.40.2 for Rust.",
          "Severity": "MEDIUM",
          "CweIDs": [
            "CWE-354"
          ],
          "VendorSeverity": {
            "alma": 2,
            "amazon": 2,
            "cbl-mariner": 2,
            "ghsa": 2,
            "nvd": 2,
            "oracle-oval": 2,
            "photon": 2,
            "redhat": 2,
            "rocky": 2,
            "ubuntu": 2
          },
          "CVSS": {
            "ghsa": {
              "V3Vector": "CVSS:3.1/AV:N/AC:H/PR:N/UI:N/S:U/C:N/I:H/A:N",
              "V3Score": 5.9
            },
            "nvd": {
              "V3Vector": "CVSS:3.1/AV:N/AC:H/PR:N/UI:N/S:U/C:N/I:H/A:N",
              "V3Score": 5.9
            },
            "redhat": {
              "V3Vector": "CVSS:3.1/AV:N/AC:H/PR:N/UI:N/S:U/C:N/I:H/A:N",
              "V3Score": 5.9
            }
          },
          "References": [
            "http://packetstormsecurity.com/files/176280/Terrapin-SSH-Connection-Weakening.html",
            "http://www.openwall.com/lists/oss-security/2023/12/18/3",
            "http://www.openwall.com/lists/oss-security/2023/12/19/5",
            "http://www.openwall.com/lists/oss-security/2023/12/20/3",
            "https://access.redhat.com/errata/RHSA-2024:0628",
            "https://access.redhat.com/security/cve/CVE-2023-48795",
            "https://access.redhat.com/security/cve/cve-2023-48795",
            "https://arstechnica.com/security/2023/12/hackers-can-break-ssh-channel-integrity-using-novel-data-corruption-attack",
            "https://arstechnica.com/security/2023/12/hackers-can-break-ssh-channel-integrity-using-novel-data-corruption-attack/",
            "https://bugs.gentoo.org/920280",
            "https://bugzilla.redhat.com/2254210",
            "https://bugzilla.redhat.com/show_bug.cgi?id=2254210",
            "https://bugzilla.suse.com/show_bug.cgi?id=1217950",
            "https://crates.io/crates/thrussh/versions",
            "https://cve.mitre.org/cgi-bin/cvename.cgi?name=CVE-2023-48795",
            "https://errata.almalinux.org/8/ALSA-2024-0628.html",
            "https://errata.rockylinux.org/RLSA-2024:0628",
            "https://filezilla-project.org/versions.php",
            "https://forum.netgate.com/topic/184941/terrapin-ssh-attack",
            "https://git.libssh.org/projects/libssh.git/commit/?h=stable-0.10\u0026id=10e09e273f69e149389b3e0e5d44b8c221c2e7f6",
            "https://github.com/NixOS/nixpkgs/pull/275249",
            "https://github.com/PowerShell/Win32-OpenSSH/issues/2189",
            "https://github.com/PowerShell/Win32-OpenSSH/releases/tag/v9.5.0.0p1-Beta",
            "https://github.com/TeraTermProject/teraterm/commit/7279fbd6ef4d0c8bdd6a90af4ada2899d786eec0",
            "https://github.com/TeraTermProject/teraterm/releases/tag/v5.1",
            "https://github.com/advisories/GHSA-45x7-px36-x8w8",
            "https://github.com/apache/mina-sshd/issues/445",
            "https://github.com/connectbot/sshlib/commit/5c8b534f6e97db7ac0e0e579331213aa25c173ab",
            "https://github.com/connectbot/sshlib/compare/2.2.21...2.2.22",
            "https://github.com/cyd01/KiTTY/issues/520",
            "https://github.com/drakkan/sftpgo/releases/tag/v2.5.6",
            "https://github.com/erlang/otp/blob/d1b43dc0f1361d2ad67601169e90a7fc50bb0369/lib/ssh/doc/src/notes.xml#L39-L42",
            "https://github.com/erlang/otp/releases/tag/OTP-26.2.1",
            "https://github.com/golang/crypto/commit/9d2ee975ef9fe627bf0a6f01c1f69e8ef1d4f05d",
            "https://github.com/hierynomus/sshj/issues/916",
            "https://github.com/janmojzis/tinyssh/issues/81",
            "https://github.com/jtesta/ssh-audit/commit/8e972c5e94b460379fe0c7d20209c16df81538a5",
            "https://github.com/libssh2/libssh2/pull/1291",
            "https://github.com/mkj/dropbear/blob/17657c36cce6df7716d5ff151ec09a665382d5dd/CHANGES#L25",
            "https://github.com/mscdex/ssh2/commit/97b223f8891b96d6fc054df5ab1d5a1a545da2a3",
            "https://github.com/mwiede/jsch/compare/jsch-0.2.14...jsch-0.2.15",
            "https://github.com/mwiede/jsch/issues/457",
            "https://github.com/mwiede/jsch/pull/461",
            "https://github.com/net-ssh/net-ssh/blob/2e65064a52d73396bfc3806c9196fc8108f33cd8/CHANGES.txt#L14-L16",
            "https://github.com/openssh/openssh-portable/commits/master",
            "https://github.com/paramiko/paramiko/issues/2337",
            "https://github.com/paramiko/paramiko/issues/2337#issuecomment-1887642773",
            "https://github.com/proftpd/proftpd/blob/0a7ea9b0ba9fcdf368374a226370d08f10397d99/RELEASE_NOTES",
            "https://github.com/proftpd/proftpd/blob/d21e7a2e47e9b38f709bec58e3fa711f759ad0e1/RELEASE_NOTES",
            "https://github.com/proftpd/proftpd/blob/master/RELEASE_NOTES",
            "https://github.com/proftpd/proftpd/issues/456",
            "https://github.com/rapier1/hpn-ssh/releases",
            "https://github.com/ronf/asyncssh/blob/develop/docs/changes.rst",
            "https://github.com/ronf/asyncssh/security/advisories/GHSA-hfmc-7525-mj55",
            "https://github.com/ronf/asyncssh/tags",
            "https://github.com/ssh-mitm/ssh-mitm/issues/165",
            "https://github.com/warp-tech/russh",
            "https://github.com/warp-tech/russh/commit/1aa340a7df1d5be1c0f4a9e247aade76dfdd2951",
            "https://github.com/warp-tech/russh/releases/tag/v0.40.2",
            "https://github.com/warp-tech/russh/security/advisories/GHSA-45x7-px36-x8w8",
            "https://gitlab.com/libssh/libssh-mirror/-/tags",
            "https://go.dev/cl/550715",
            "https://go.dev/issue/64784",
            "https://groups.google.com/g/golang-announce/c/-n5WqVC18LQ",
            "https://groups.google.com/g/golang-announce/c/qA3XtxvMUyg",
            "https://help.panic.com/releasenotes/transmit5",
            "https://help.panic.com/releasenotes/transmit5/",
            "https://jadaptive.com/important-java-ssh-security-update-new-ssh-vulnerability-discovered-cve-2023-48795",
            "https://jadaptive.com/important-java-ssh-security-update-new-ssh-vulnerability-discovered-cve-2023-48795/",
            "https://linux.oracle.com/cve/CVE-2023-48795.html",
            "https://linux.oracle.com/errata/ELSA-2024-12164.html",
            "https://lists.debian.org/debian-lts-announce/2023/12/msg00017.html",
            "https://lists.debian.org/debian-lts-announce/2024/01/msg00013.html",
            "https://lists.debian.org/debian-lts-announce/2024/01/msg00014.html",
            "https://lists.fedoraproject.org/archives/list/package-announce%40lists.fedoraproject.org/message/33XHJUB6ROFUOH2OQNENFROTVH6MHSHA",
            "https://lists.fedoraproject.org/archives/list/package-announce%40lists.fedoraproject.org/message/33XHJUB6ROFUOH2OQNENFROTVH6MHSHA/",
            "https://lists.fedoraproject.org/archives/list/package-announce%40lists.fedoraproject.org/message/3CAYYW35MUTNO65RVAELICTNZZFMT2XS",
            "https://lists.fedoraproject.org/archives/list/package-announce%40lists.fedoraproject.org/message/3CAYYW35MUTNO65RVAELICTNZZFMT2XS/",
            "https://lists.fedoraproject.org/archives/list/package-announce%40lists.fedoraproject.org/message/3JIMLVBDWOP4FUPXPTB4PGHHIOMGFLQE",
            "https://lists.fedoraproject.org/archives/list/package-announce%40lists.fedoraproject.org/message/3JIMLVBDWOP4FUPXPTB4PGHHIOMGFLQE/",
            "https://lists.fedoraproject.org/archives/list/package-announce%40lists.fedoraproject.org/message/3YQLUQWLIHDB5QCXQEX7HXHAWMOKPP5O",
            "https://lists.fedoraproject.org/archives/list/package-announce%40lists.fedoraproject.org/message/3YQLUQWLIHDB5QCXQEX7HXHAWMOKPP5O/",
            "https://lists.fedoraproject.org/archives/list/package-announce%40lists.fedoraproject.org/message/6Y74KVCPEPT4MVU3LHDWCNNOXOE5ZLUR",
            "https://lists.fedoraproject.org/archives/list/package-announce%40lists.fedoraproject.org/message/6Y74KVCPEPT4MVU3LHDWCNNOXOE5ZLUR/",
            "https://lists.fedoraproject.org/archives/list/package-announce%40lists.fedoraproject.org/message/APYIXIQOVDCRWLHTGB4VYMAUIAQLKYJ3",
            "https://lists.fedoraproject.org/archives/list/package-announce%40lists.fedoraproject.org/message/APYIXIQOVDCRWLHTGB4VYMAUIAQLKYJ3/",
            "https://lists.fedoraproject.org/archives/list/package-announce%40lists.fedoraproject.org/message/BL5KTLOSLH2KHRN4HCXJPK3JUVLDGEL6",
            "https://lists.fedoraproject.org/archives/list/package-announce%40lists.fedoraproject.org/message/BL5KTLOSLH2KHRN4HCXJPK3JUVLDGEL6/",
            "https://lists.fedoraproject.org/archives/list/package-announce%40lists.fedoraproject.org/message/C3AFMZ6MH2UHHOPIWT5YLSFV3D2VB3AC",
            "https://lists.fedoraproject.org/archives/list/package-announce%40lists.fedoraproject.org/message/C3AFMZ6MH2UHHOPIWT5YLSFV3D2VB3AC/",
            "https://lists.fedoraproject.org/archives/list/package-announce%40lists.fedoraproject.org/message/CHHITS4PUOZAKFIUBQAQZC7JWXMOYE4B",
            "https://lists.fedoraproject.org/archives/list/package-announce%40lists.fedoraproject.org/message/CHHITS4PUOZAKFIUBQAQZC7JWXMOYE4B/",
            "https://lists.fedoraproject.org/archives/list/package-announce%40lists.fedoraproject.org/message/F7EYCFQCTSGJXWO3ZZ44MGKFC5HA7G3Y",
            "https://lists.fedoraproject.org/archives/list/package-announce%40lists.fedoraproject.org/message/F7EYCFQCTSGJXWO3ZZ44MGKFC5HA7G3Y/",
            "https://lists.fedoraproject.org/archives/list/package-announce%40lists.fedoraproject.org/message/HYEDEXIKFKTUJIN43RG4B7T5ZS6MHUSP",
            "https://lists.fedoraproject.org/archives/list/package-announce%40lists.fedoraproject.org/message/HYEDEXIKFKTUJIN43RG4B7T5ZS6MHUSP/",
            "https://lists.fedoraproject.org/archives/list/package-announce%40lists.fedoraproject.org/message/I724O3LSRCPO4WNVIXTZCT4VVRMXMMSG",
            "https://lists.fedoraproject.org/archives/list/package-announce%40lists.fedoraproject.org/message/I724O3LSRCPO4WNVIXTZCT4VVRMXMMSG/",
            "https://lists.fedoraproject.org/archives/list/package-announce%40lists.fedoraproject.org/message/KEOTKBUPZXHE3F352JBYNTSNRXYLWD6P",
            "https://lists.fedoraproject.org/archives/list/package-announce%40lists.fedoraproject.org/message/KEOTKBUPZXHE3F352JBYNTSNRXYLWD6P/",
            "https://lists.fedoraproject.org/archives/list/package-announce%40lists.fedoraproject.org/message/KMZCVGUGJZZVDPCVDA7TEB22VUCNEXDD",
            "https://lists.fedoraproject.org/archives/list/package-announce%40lists.fedoraproject.org/message/KMZCVGUGJZZVDPCVDA7TEB22VUCNEXDD/",
            "https://lists.fedoraproject.org/archives/list/package-announce%40lists.fedoraproject.org/message/L5Y6MNNVAPIJSXJERQ6PKZVCIUXSNJK7",
            "https://lists.fedoraproject.org/archives/list/package-announce%40lists.fedoraproject.org/message/L5Y6MNNVAPIJSXJERQ6PKZVCIUXSNJK7/",
            "https://lists.fedoraproject.org/archives/list/package-announce%40lists.fedoraproject.org/message/LZQVUHWVWRH73YBXUQJOD6CKHDQBU3DM",
            "https://lists.fedoraproject.org/archives/list/package-announce%40lists.fedoraproject.org/message/LZQVUHWVWRH73YBXUQJOD6CKHDQBU3DM/",
            "https://lists.fedoraproject.org/archives/list/package-announce%40lists.fedoraproject.org/message/MKQRBF3DWMWPH36LBCOBUTSIZRTPEZXB",
            "https://lists.fedoraproject.org/archives/list/package-announce%40lists.fedoraproject.org/message/MKQRBF3DWMWPH36LBCOBUTSIZRTPEZXB/",
            "https://lists.fedoraproject.org/archives/list/package-announce%40lists.fedoraproject.org/message/QI3EHAHABFQK7OABNCSF5GMYP6TONTI7",
            "https://lists.fedoraproject.org/archives/list/package-announce%40lists.fedoraproject.org/message/QI3EHAHABFQK7OABNCSF5GMYP6TONTI7/",
            "https://matt.ucc.asn.au/dropbear/CHANGES",
            "https://nest.pijul.com/pijul/thrussh/changes/D6H7OWTTMHHX6BTB3B6MNBOBX2L66CBL4LGSEUSAI2MCRCJDQFRQC",
            "https://news.ycombinator.com/item?id=38684904",
            "https://news.ycombinator.com/item?id=38685286",
            "https://news.ycombinator.com/item?id=38732005",
            "https://nova.app/releases/#v11.8",
            "https://nvd.nist.gov/vuln/detail/CVE-2023-48795",
            "https://oryx-embedded.com/download/#changelog",
            "https://psirt.global.sonicwall.com/vuln-detail/SNWLID-2024-0002",
            "https://roumenpetrov.info/secsh/#news20231220",
            "https://security-tracker.debian.org/tracker/CVE-2023-48795",
            "https://security-tracker.debian.org/tracker/source-package/libssh2",
            "https://security-tracker.debian.org/tracker/source-package/proftpd-dfsg",
            "https://security-tracker.debian.org/tracker/source-package/trilead-ssh2",
            "https://security.gentoo.org/glsa/202312-16",
            "https://security.gentoo.org/glsa/202312-17",
            "https://security.netapp.com/advisory/ntap-20240105-0004",
            "https://security.netapp.com/advisory/ntap-20240105-0004/",
            "https://terrapin-attack.com/",
            "https://thorntech.com/cve-2023-48795-and-sftp-gateway",
            "https://thorntech.com/cve-2023-48795-and-sftp-gateway/",
            "https://twitter.com/TrueSkrillor/status/1736774389725565005",
            "https://ubuntu.com/security/CVE-2023-48795",
            "https://ubuntu.com/security/notices/USN-6560-1",
            "https://ubuntu.com/security/notices/USN-6560-2",
            "https://ubuntu.com/security/notices/USN-6561-1",
            "https://ubuntu.com/security/notices/USN-6585-1",
            "https://ubuntu.com/security/notices/USN-6589-1",
            "https://ubuntu.com/security/notices/USN-6598-1",
            "https://winscp.net/eng/docs/history#6.2.2",
            "https://www.bitvise.com/ssh-client-version-history#933",
            "https://www.bitvise.com/ssh-server-version-history",
            "https://www.chiark.greenend.org.uk/~sgtatham/putty/changes.html",
            "https://www.crushftp.com/crush10wiki/Wiki.jsp?page=Update",
            "https://www.cve.org/CVERecord?id=CVE-2023-48795",
            "https://www.debian.org/security/2023/dsa-5586",
            "https://www.debian.org/security/2023/dsa-5588",
            "https://www.freebsd.org/security/advisories/FreeBSD-SA-23:19.openssh.asc",
            "https://www.lancom-systems.de/service-support/allgemeine-sicherheitshinweise#c243508",
            "https://www.netsarang.com/en/xshell-update-history",
            "https://www.netsarang.com/en/xshell-update-history/",
            "https://www.openssh.com/openbsd.html",
            "https://www.openssh.com/txt/release-9.6",
            "https://www.openwall.com/lists/oss-security/2023/12/18/2",
            "https://www.openwall.com/lists/oss-security/2023/12/18/3",
            "https://www.openwall.com/lists/oss-security/2023/12/20/3",
            "https://www.paramiko.org/changelog.html",
            "https://www.reddit.com/r/sysadmin/comments/18idv52/cve202348795_why_is_this_cve_still_undisclosed",
            "https://www.reddit.com/r/sysadmin/comments/18idv52/cve202348795_why_is_this_cve_still_undisclosed/",
            "https://www.suse.com/c/suse-addresses-the-ssh-v2-protocol-terrapin-attack-aka-cve-2023-48795",
            "https://www.suse.com/c/suse-addresses-the-ssh-v2-protocol-terrapin-attack-aka-cve-2023-48795/",
            "https://www.terrapin-attack.com",
            "https://www.theregister.com/2023/12/20/terrapin_attack_ssh",
            "https://www.vandyke.com/products/securecrt/history.txt"
          ],
          "PublishedDate": "2023-12-18T16:15:10.897Z",
          "LastModifiedDate": "2024-01-29T09:15:42.687Z"
        }
      ]
    },
    {
      "Target": "opt/cni/bin/loopback",
      "Class": "lang-pkgs",
      "Type": "gobinary",
      "Vulnerabilities": [
        {
          "VulnerabilityID": "CVE-2022-29526",
          "PkgName": "golang.org/x/sys",
          "PkgIdentifier": {
            "PURL": "pkg:golang/golang.org/x/sys@v0.0.0-20210809222454-d867a43fc93e"
          },
          "InstalledVersion": "v0.0.0-20210809222454-d867a43fc93e",
          "FixedVersion": "0.0.0-20220412211240-33da011f77ad",
          "Status": "fixed",
          "Layer": {
            "DiffID": "sha256:4901e389be5837fdd0818f1cb805dbffd7008ca9d81e4d11907136d97306bd81"
          },
          "SeveritySource": "ghsa",
          "PrimaryURL": "https://avd.aquasec.com/nvd/cve-2022-29526",
          "DataSource": {
            "ID": "ghsa",
            "Name": "GitHub Security Advisory Go",
            "URL": "https://github.com/advisories?query=type%3Areviewed+ecosystem%3Ago"
          },
          "Title": "golang: syscall: faccessat checks wrong group",
          "Description": "Go before 1.17.10 and 1.18.x before 1.18.2 has Incorrect Privilege Assignment. When called with a non-zero flags parameter, the Faccessat function could incorrectly report that a file is accessible.",
          "Severity": "MEDIUM",
          "CweIDs": [
            "CWE-269"
          ],
          "VendorSeverity": {
            "amazon": 3,
            "bitnami": 2,
            "cbl-mariner": 2,
            "ghsa": 2,
            "nvd": 2,
            "oracle-oval": 2,
            "photon": 2,
            "redhat": 2,
            "ubuntu": 2
          },
          "CVSS": {
            "bitnami": {
              "V3Vector": "CVSS:3.1/AV:N/AC:L/PR:N/UI:N/S:U/C:L/I:N/A:N",
              "V3Score": 5.3
            },
            "ghsa": {
              "V3Vector": "CVSS:3.1/AV:N/AC:L/PR:N/UI:N/S:U/C:L/I:N/A:N",
              "V3Score": 5.3
            },
            "nvd": {
              "V2Vector": "AV:N/AC:L/Au:N/C:P/I:N/A:N",
              "V3Vector": "CVSS:3.1/AV:N/AC:L/PR:N/UI:N/S:U/C:L/I:N/A:N",
              "V2Score": 5,
              "V3Score": 5.3
            },
            "redhat": {
              "V3Vector": "CVSS:3.1/AV:L/AC:L/PR:N/UI:N/S:U/C:N/I:N/A:H",
              "V3Score": 6.2
            }
          },
          "References": [
            "https://access.redhat.com/security/cve/CVE-2022-29526",
            "https://cve.mitre.org/cgi-bin/cvename.cgi?name=CVE-2022-29526",
            "https://github.com/golang/go",
            "https://github.com/golang/go/commit/f66925e854e71e0c54b581885380a490d7afa30c",
            "https://github.com/golang/go/issues/52313",
            "https://go.dev/cl/399539",
            "https://go.dev/cl/400074",
            "https://go.dev/issue/52313",
            "https://groups.google.com/g/golang-announce",
            "https://groups.google.com/g/golang-announce/c/Y5qrqw_lWdU",
            "https://linux.oracle.com/cve/CVE-2022-29526.html",
            "https://linux.oracle.com/errata/ELSA-2022-5337.html",
            "https://lists.fedoraproject.org/archives/list/package-announce%40lists.fedoraproject.org/message/Q6GE5EQGE4L2KRVGW4T75QVIYAXCLO5X/",
            "https://lists.fedoraproject.org/archives/list/package-announce%40lists.fedoraproject.org/message/RQXU752ALW53OJAF5MG3WMR5CCZVLWW6/",
            "https://lists.fedoraproject.org/archives/list/package-announce%40lists.fedoraproject.org/message/Z55VUVGO7E5PJFXIOVAY373NZRHBNCI5/",
            "https://lists.fedoraproject.org/archives/list/package-announce%40lists.fedoraproject.org/message/ZY2SLWOQR4ZURQ7UBRZ7JIX6H6F5JHJR/",
            "https://lists.fedoraproject.org/archives/list/package-announce@lists.fedoraproject.org/message/Q6GE5EQGE4L2KRVGW4T75QVIYAXCLO5X",
            "https://lists.fedoraproject.org/archives/list/package-announce@lists.fedoraproject.org/message/RQXU752ALW53OJAF5MG3WMR5CCZVLWW6",
            "https://lists.fedoraproject.org/archives/list/package-announce@lists.fedoraproject.org/message/Z55VUVGO7E5PJFXIOVAY373NZRHBNCI5",
            "https://lists.fedoraproject.org/archives/list/package-announce@lists.fedoraproject.org/message/ZY2SLWOQR4ZURQ7UBRZ7JIX6H6F5JHJR",
            "https://nvd.nist.gov/vuln/detail/CVE-2022-29526",
            "https://pkg.go.dev/vuln/GO-2022-0493",
            "https://security.gentoo.org/glsa/202208-02",
            "https://security.netapp.com/advisory/ntap-20220729-0001",
            "https://security.netapp.com/advisory/ntap-20220729-0001/",
            "https://ubuntu.com/security/notices/USN-6038-1",
            "https://ubuntu.com/security/notices/USN-6038-2",
            "https://www.cve.org/CVERecord?id=CVE-2022-29526"
          ],
          "PublishedDate": "2022-06-23T17:15:12.747Z",
          "LastModifiedDate": "2023-11-07T03:46:03.463Z"
        }
      ]
    },
    {
      "Target": "opt/cni/bin/portmap",
      "Class": "lang-pkgs",
      "Type": "gobinary",
      "Vulnerabilities": [
        {
          "VulnerabilityID": "CVE-2022-29526",
          "PkgName": "golang.org/x/sys",
          "PkgIdentifier": {
            "PURL": "pkg:golang/golang.org/x/sys@v0.0.0-20210809222454-d867a43fc93e"
          },
          "InstalledVersion": "v0.0.0-20210809222454-d867a43fc93e",
          "FixedVersion": "0.0.0-20220412211240-33da011f77ad",
          "Status": "fixed",
          "Layer": {
            "DiffID": "sha256:4901e389be5837fdd0818f1cb805dbffd7008ca9d81e4d11907136d97306bd81"
          },
          "SeveritySource": "ghsa",
          "PrimaryURL": "https://avd.aquasec.com/nvd/cve-2022-29526",
          "DataSource": {
            "ID": "ghsa",
            "Name": "GitHub Security Advisory Go",
            "URL": "https://github.com/advisories?query=type%3Areviewed+ecosystem%3Ago"
          },
          "Title": "golang: syscall: faccessat checks wrong group",
          "Description": "Go before 1.17.10 and 1.18.x before 1.18.2 has Incorrect Privilege Assignment. When called with a non-zero flags parameter, the Faccessat function could incorrectly report that a file is accessible.",
          "Severity": "MEDIUM",
          "CweIDs": [
            "CWE-269"
          ],
          "VendorSeverity": {
            "amazon": 3,
            "bitnami": 2,
            "cbl-mariner": 2,
            "ghsa": 2,
            "nvd": 2,
            "oracle-oval": 2,
            "photon": 2,
            "redhat": 2,
            "ubuntu": 2
          },
          "CVSS": {
            "bitnami": {
              "V3Vector": "CVSS:3.1/AV:N/AC:L/PR:N/UI:N/S:U/C:L/I:N/A:N",
              "V3Score": 5.3
            },
            "ghsa": {
              "V3Vector": "CVSS:3.1/AV:N/AC:L/PR:N/UI:N/S:U/C:L/I:N/A:N",
              "V3Score": 5.3
            },
            "nvd": {
              "V2Vector": "AV:N/AC:L/Au:N/C:P/I:N/A:N",
              "V3Vector": "CVSS:3.1/AV:N/AC:L/PR:N/UI:N/S:U/C:L/I:N/A:N",
              "V2Score": 5,
              "V3Score": 5.3
            },
            "redhat": {
              "V3Vector": "CVSS:3.1/AV:L/AC:L/PR:N/UI:N/S:U/C:N/I:N/A:H",
              "V3Score": 6.2
            }
          },
          "References": [
            "https://access.redhat.com/security/cve/CVE-2022-29526",
            "https://cve.mitre.org/cgi-bin/cvename.cgi?name=CVE-2022-29526",
            "https://github.com/golang/go",
            "https://github.com/golang/go/commit/f66925e854e71e0c54b581885380a490d7afa30c",
            "https://github.com/golang/go/issues/52313",
            "https://go.dev/cl/399539",
            "https://go.dev/cl/400074",
            "https://go.dev/issue/52313",
            "https://groups.google.com/g/golang-announce",
            "https://groups.google.com/g/golang-announce/c/Y5qrqw_lWdU",
            "https://linux.oracle.com/cve/CVE-2022-29526.html",
            "https://linux.oracle.com/errata/ELSA-2022-5337.html",
            "https://lists.fedoraproject.org/archives/list/package-announce%40lists.fedoraproject.org/message/Q6GE5EQGE4L2KRVGW4T75QVIYAXCLO5X/",
            "https://lists.fedoraproject.org/archives/list/package-announce%40lists.fedoraproject.org/message/RQXU752ALW53OJAF5MG3WMR5CCZVLWW6/",
            "https://lists.fedoraproject.org/archives/list/package-announce%40lists.fedoraproject.org/message/Z55VUVGO7E5PJFXIOVAY373NZRHBNCI5/",
            "https://lists.fedoraproject.org/archives/list/package-announce%40lists.fedoraproject.org/message/ZY2SLWOQR4ZURQ7UBRZ7JIX6H6F5JHJR/",
            "https://lists.fedoraproject.org/archives/list/package-announce@lists.fedoraproject.org/message/Q6GE5EQGE4L2KRVGW4T75QVIYAXCLO5X",
            "https://lists.fedoraproject.org/archives/list/package-announce@lists.fedoraproject.org/message/RQXU752ALW53OJAF5MG3WMR5CCZVLWW6",
            "https://lists.fedoraproject.org/archives/list/package-announce@lists.fedoraproject.org/message/Z55VUVGO7E5PJFXIOVAY373NZRHBNCI5",
            "https://lists.fedoraproject.org/archives/list/package-announce@lists.fedoraproject.org/message/ZY2SLWOQR4ZURQ7UBRZ7JIX6H6F5JHJR",
            "https://nvd.nist.gov/vuln/detail/CVE-2022-29526",
            "https://pkg.go.dev/vuln/GO-2022-0493",
            "https://security.gentoo.org/glsa/202208-02",
            "https://security.netapp.com/advisory/ntap-20220729-0001",
            "https://security.netapp.com/advisory/ntap-20220729-0001/",
            "https://ubuntu.com/security/notices/USN-6038-1",
            "https://ubuntu.com/security/notices/USN-6038-2",
            "https://www.cve.org/CVERecord?id=CVE-2022-29526"
          ],
          "PublishedDate": "2022-06-23T17:15:12.747Z",
          "LastModifiedDate": "2023-11-07T03:46:03.463Z"
        }
      ]
    },
    {
      "Target": "opt/cni/bin/tuning",
      "Class": "lang-pkgs",
      "Type": "gobinary",
      "Vulnerabilities": [
        {
          "VulnerabilityID": "CVE-2022-29526",
          "PkgName": "golang.org/x/sys",
          "PkgIdentifier": {
            "PURL": "pkg:golang/golang.org/x/sys@v0.0.0-20210809222454-d867a43fc93e"
          },
          "InstalledVersion": "v0.0.0-20210809222454-d867a43fc93e",
          "FixedVersion": "0.0.0-20220412211240-33da011f77ad",
          "Status": "fixed",
          "Layer": {
            "DiffID": "sha256:4901e389be5837fdd0818f1cb805dbffd7008ca9d81e4d11907136d97306bd81"
          },
          "SeveritySource": "ghsa",
          "PrimaryURL": "https://avd.aquasec.com/nvd/cve-2022-29526",
          "DataSource": {
            "ID": "ghsa",
            "Name": "GitHub Security Advisory Go",
            "URL": "https://github.com/advisories?query=type%3Areviewed+ecosystem%3Ago"
          },
          "Title": "golang: syscall: faccessat checks wrong group",
          "Description": "Go before 1.17.10 and 1.18.x before 1.18.2 has Incorrect Privilege Assignment. When called with a non-zero flags parameter, the Faccessat function could incorrectly report that a file is accessible.",
          "Severity": "MEDIUM",
          "CweIDs": [
            "CWE-269"
          ],
          "VendorSeverity": {
            "amazon": 3,
            "bitnami": 2,
            "cbl-mariner": 2,
            "ghsa": 2,
            "nvd": 2,
            "oracle-oval": 2,
            "photon": 2,
            "redhat": 2,
            "ubuntu": 2
          },
          "CVSS": {
            "bitnami": {
              "V3Vector": "CVSS:3.1/AV:N/AC:L/PR:N/UI:N/S:U/C:L/I:N/A:N",
              "V3Score": 5.3
            },
            "ghsa": {
              "V3Vector": "CVSS:3.1/AV:N/AC:L/PR:N/UI:N/S:U/C:L/I:N/A:N",
              "V3Score": 5.3
            },
            "nvd": {
              "V2Vector": "AV:N/AC:L/Au:N/C:P/I:N/A:N",
              "V3Vector": "CVSS:3.1/AV:N/AC:L/PR:N/UI:N/S:U/C:L/I:N/A:N",
              "V2Score": 5,
              "V3Score": 5.3
            },
            "redhat": {
              "V3Vector": "CVSS:3.1/AV:L/AC:L/PR:N/UI:N/S:U/C:N/I:N/A:H",
              "V3Score": 6.2
            }
          },
          "References": [
            "https://access.redhat.com/security/cve/CVE-2022-29526",
            "https://cve.mitre.org/cgi-bin/cvename.cgi?name=CVE-2022-29526",
            "https://github.com/golang/go",
            "https://github.com/golang/go/commit/f66925e854e71e0c54b581885380a490d7afa30c",
            "https://github.com/golang/go/issues/52313",
            "https://go.dev/cl/399539",
            "https://go.dev/cl/400074",
            "https://go.dev/issue/52313",
            "https://groups.google.com/g/golang-announce",
            "https://groups.google.com/g/golang-announce/c/Y5qrqw_lWdU",
            "https://linux.oracle.com/cve/CVE-2022-29526.html",
            "https://linux.oracle.com/errata/ELSA-2022-5337.html",
            "https://lists.fedoraproject.org/archives/list/package-announce%40lists.fedoraproject.org/message/Q6GE5EQGE4L2KRVGW4T75QVIYAXCLO5X/",
            "https://lists.fedoraproject.org/archives/list/package-announce%40lists.fedoraproject.org/message/RQXU752ALW53OJAF5MG3WMR5CCZVLWW6/",
            "https://lists.fedoraproject.org/archives/list/package-announce%40lists.fedoraproject.org/message/Z55VUVGO7E5PJFXIOVAY373NZRHBNCI5/",
            "https://lists.fedoraproject.org/archives/list/package-announce%40lists.fedoraproject.org/message/ZY2SLWOQR4ZURQ7UBRZ7JIX6H6F5JHJR/",
            "https://lists.fedoraproject.org/archives/list/package-announce@lists.fedoraproject.org/message/Q6GE5EQGE4L2KRVGW4T75QVIYAXCLO5X",
            "https://lists.fedoraproject.org/archives/list/package-announce@lists.fedoraproject.org/message/RQXU752ALW53OJAF5MG3WMR5CCZVLWW6",
            "https://lists.fedoraproject.org/archives/list/package-announce@lists.fedoraproject.org/message/Z55VUVGO7E5PJFXIOVAY373NZRHBNCI5",
            "https://lists.fedoraproject.org/archives/list/package-announce@lists.fedoraproject.org/message/ZY2SLWOQR4ZURQ7UBRZ7JIX6H6F5JHJR",
            "https://nvd.nist.gov/vuln/detail/CVE-2022-29526",
            "https://pkg.go.dev/vuln/GO-2022-0493",
            "https://security.gentoo.org/glsa/202208-02",
            "https://security.netapp.com/advisory/ntap-20220729-0001",
            "https://security.netapp.com/advisory/ntap-20220729-0001/",
            "https://ubuntu.com/security/notices/USN-6038-1",
            "https://ubuntu.com/security/notices/USN-6038-2",
            "https://www.cve.org/CVERecord?id=CVE-2022-29526"
          ],
          "PublishedDate": "2022-06-23T17:15:12.747Z",
          "LastModifiedDate": "2023-11-07T03:46:03.463Z"
        }
      ]
    }
  ]
}
