{
  "SchemaVersion": 2,
  "CreatedAt": "2024-02-25T23:25:46.488109348Z",
  "ArtifactName": "rancher/mirrored-pause:3.9-amd64",
  "ArtifactType": "container_image",
  "Metadata": {
    "ImageID": "sha256:e6f1816883972d4be47bd48879a08919b96afcd344132622e4d444987919323c",
    "DiffIDs": [
      "sha256:e3e5579ddd43c08e4b5c74dc12941a4ef656fab070b1087a1fd5a8a836b71e7d"
    ],
    "RepoTags": [
      "rancher/mirrored-pause:3.9-amd64"
    ],
    "RepoDigests": [
      "rancher/mirrored-pause@sha256:8d4106c88ec0bd28001e34c975d65175d994072d65341f62a8ab0754b0fafe10"
    ],
    "ImageConfig": {
      "architecture": "amd64",
      "created": "2022-10-13T18:35:41.370102426Z",
      "history": [
        {
          "created": "2022-10-13T18:35:41Z",
          "created_by": "ARG ARCH",
          "comment": "buildkit.dockerfile.v0",
          "empty_layer": true
        },
        {
          "created": "2022-10-13T18:35:41Z",
          "created_by": "ADD bin/pause-linux-amd64 /pause # buildkit",
          "comment": "buildkit.dockerfile.v0"
        },
        {
          "created": "2022-10-13T18:35:41Z",
          "created_by": "USER 65535:65535",
          "comment": "buildkit.dockerfile.v0",
          "empty_layer": true
        },
        {
          "created": "2022-10-13T18:35:41Z",
          "created_by": "ENTRYPOINT [\"/pause\"]",
          "comment": "buildkit.dockerfile.v0",
          "empty_layer": true
        }
      ],
      "os": "linux",
      "rootfs": {
        "type": "layers",
        "diff_ids": [
          "sha256:e3e5579ddd43c08e4b5c74dc12941a4ef656fab070b1087a1fd5a8a836b71e7d"
        ]
      },
      "config": {
        "Entrypoint": [
          "/pause"
        ],
        "Env": [
          "PATH=/usr/local/sbin:/usr/local/bin:/usr/sbin:/usr/bin:/sbin:/bin"
        ],
        "User": "65535:65535",
        "WorkingDir": "/"
      }
    }
  }
}
