{
  "SchemaVersion": 2,
  "CreatedAt": "2024-02-23T17:49:08.003392867Z",
  "ArtifactName": "library/busybox:1.34.1",
  "ArtifactType": "container_image",
  "Metadata": {
    "ImageID": "sha256:827365c7baf137228e94bcfc6c47938b4ffde26c68c32bf3d3a7762cd04056a5",
    "DiffIDs": [
      "sha256:d6a7fc1fb44b63324d3fc67f016e1ef7ecc1a5ae6668ae3072d2e17230e3cfbc"
    ],
    "RepoTags": [
      "busybox:1.34.1"
    ],
    "RepoDigests": [
      "busybox@sha256:05a79c7279f71f86a2a0d05eb72fcb56ea36139150f0a75cd87e80a4272e4e39"
    ],
    "ImageConfig": {
      "architecture": "amd64",
      "container": "6bb2277bf69d9f9b88e1557bd0f5321ac68fb8bcb6e4de5d92f42bddba5c9c40",
      "created": "2022-12-22T19:33:52.928922607Z",
      "docker_version": "20.10.12",
      "history": [
        {
          "created": "2022-12-22T19:33:52Z",
          "created_by": "/bin/sh -c #(nop) ADD file:3f2f2548e5ddec78811e52c4e34f840fc9d3af85f2e94c3301a98950f427b5f2 in / "
        },
        {
          "created": "2022-12-22T19:33:52Z",
          "created_by": "/bin/sh -c #(nop)  CMD [\"sh\"]",
          "empty_layer": true
        }
      ],
      "os": "linux",
      "rootfs": {
        "type": "layers",
        "diff_ids": [
          "sha256:d6a7fc1fb44b63324d3fc67f016e1ef7ecc1a5ae6668ae3072d2e17230e3cfbc"
        ]
      },
      "config": {
        "Cmd": [
          "sh"
        ],
        "Env": [
          "PATH=/usr/local/sbin:/usr/local/bin:/usr/sbin:/usr/bin:/sbin:/bin"
        ],
        "Image": "sha256:b48f24f21d3d973e503986bc9a3c5913acd65620d122644519f344eed8bcfb7f"
      }
    }
  }
}
