{
  "SchemaVersion": 2,
  "CreatedAt": "2024-02-24T02:13:45.904531346Z",
  "ArtifactName": "library/neurodebian:xenial",
  "ArtifactType": "container_image",
  "Metadata": {
    "OS": {
      "Family": "ubuntu",
      "Name": "16.04",
      "EOSL": true
    },
    "ImageID": "sha256:b60902017c278b0db41b17f8f1de27469127d1ea4898b2469f52647585af6120",
    "DiffIDs": [
      "sha256:be96a3f634de79f523f07c7e4e0216c28af45eb5776e7a6238a2392f71e01069",
      "sha256:df54c846128da3c71cc11b2150a3df39ec86fb170e299765daf6bb016a0705c2",
      "sha256:47ef83afae74745639f6738a05fe5320fcfca9e6c7765fba4f25e270bc0df9dc",
      "sha256:1251204ef8fc20da275e09f6e3ab9205421d4ff34732f2d50a1d3e86d2995edd",
      "sha256:cbd813a4f938af0e275b4fc100fb123b5e58927c1c04341f9b71ef10744f0ddf",
      "sha256:3ba37269469d46862966af4d785f653c7c8762a296dcd45833ba5acf676488c2",
      "sha256:e606cf68ad8eedad0af0a18671659267f57bb4a17ba43c6941cbc79f827e2e45",
      "sha256:86051f5e43e38a951819c68cd1084241e052b93f31768d6b67af3ff4aac9fefc"
    ],
    "RepoTags": [
      "neurodebian:xenial"
    ],
    "RepoDigests": [
      "neurodebian@sha256:567140ec35442d6e8c2978e51a7244689c7dc9655b7401026a76f338b37b8f37"
    ],
    "ImageConfig": {
      "architecture": "amd64",
      "container": "5bcfb0c5c575d71fcc5d50f9c3e3af6b94cd4a184ab696caa59a0e09200d7c45",
      "created": "2022-03-16T17:27:24.2318994Z",
      "docker_version": "20.10.12",
      "history": [
        {
          "created": "2021-08-31T01:21:27Z",
          "created_by": "/bin/sh -c #(nop) ADD file:11b425d4c08e81a3e0cb2e0345d27cd5fc844dd83f1096af4cc05f635824ff5d in / "
        },
        {
          "created": "2021-08-31T01:21:28Z",
          "created_by": "/bin/sh -c set -xe \t\t\u0026\u0026 echo '#!/bin/sh' \u003e /usr/sbin/policy-rc.d \t\u0026\u0026 echo 'exit 101' \u003e\u003e /usr/sbin/policy-rc.d \t\u0026\u0026 chmod +x /usr/sbin/policy-rc.d \t\t\u0026\u0026 dpkg-divert --local --rename --add /sbin/initctl \t\u0026\u0026 cp -a /usr/sbin/policy-rc.d /sbin/initctl \t\u0026\u0026 sed -i 's/^exit.*/exit 0/' /sbin/initctl \t\t\u0026\u0026 echo 'force-unsafe-io' \u003e /etc/dpkg/dpkg.cfg.d/docker-apt-speedup \t\t\u0026\u0026 echo 'DPkg::Post-Invoke { \"rm -f /var/cache/apt/archives/*.deb /var/cache/apt/archives/partial/*.deb /var/cache/apt/*.bin || true\"; };' \u003e /etc/apt/apt.conf.d/docker-clean \t\u0026\u0026 echo 'APT::Update::Post-Invoke { \"rm -f /var/cache/apt/archives/*.deb /var/cache/apt/archives/partial/*.deb /var/cache/apt/*.bin || true\"; };' \u003e\u003e /etc/apt/apt.conf.d/docker-clean \t\u0026\u0026 echo 'Dir::Cache::pkgcache \"\"; Dir::Cache::srcpkgcache \"\";' \u003e\u003e /etc/apt/apt.conf.d/docker-clean \t\t\u0026\u0026 echo 'Acquire::Languages \"none\";' \u003e /etc/apt/apt.conf.d/docker-no-languages \t\t\u0026\u0026 echo 'Acquire::GzipIndexes \"true\"; Acquire::CompressionTypes::Order:: \"gz\";' \u003e /etc/apt/apt.conf.d/docker-gzip-indexes \t\t\u0026\u0026 echo 'Apt::AutoRemove::SuggestsImportant \"false\";' \u003e /etc/apt/apt.conf.d/docker-autoremove-suggests"
        },
        {
          "created": "2021-08-31T01:21:29Z",
          "created_by": "/bin/sh -c rm -rf /var/lib/apt/lists/*"
        },
        {
          "created": "2021-08-31T01:21:30Z",
          "created_by": "/bin/sh -c mkdir -p /run/systemd \u0026\u0026 echo 'docker' \u003e /run/systemd/container"
        },
        {
          "created": "2021-08-31T01:21:30Z",
          "created_by": "/bin/sh -c #(nop)  CMD [\"/bin/bash\"]",
          "empty_layer": true
        },
        {
          "created": "2021-08-31T03:57:30Z",
          "created_by": "/bin/sh -c set -x \t\u0026\u0026 apt-get update \t\u0026\u0026 { \t\twhich gpg \t\t|| apt-get install -y --no-install-recommends gnupg \t; } \t\u0026\u0026 { \t\tgpg --version | grep -q '^gpg (GnuPG) 1\\.' \t\t|| apt-get install -y --no-install-recommends dirmngr \t; } \t\u0026\u0026 rm -rf /var/lib/apt/lists/*"
        },
        {
          "created": "2022-03-16T17:27:09Z",
          "created_by": "/bin/sh -c set -x \t\u0026\u0026 export GNUPGHOME=\"$(mktemp -d)\" \t\u0026\u0026 gpg --batch --keyserver keyserver.ubuntu.com --recv-keys DD95CC430502E37EF840ACEEA5D32F012649A5A9 \t\u0026\u0026 gpg --batch --export DD95CC430502E37EF840ACEEA5D32F012649A5A9 \u003e /etc/apt/trusted.gpg.d/neurodebian.gpg \t\u0026\u0026 rm -rf \"$GNUPGHOME\" \t\u0026\u0026 apt-key list | grep neurodebian"
        },
        {
          "created": "2022-03-16T17:27:10Z",
          "created_by": "/bin/sh -c { \techo 'deb http://neuro.debian.net/debian xenial main'; \techo 'deb http://neuro.debian.net/debian data main'; \techo '#deb-src http://neuro.debian.net/debian-devel xenial main'; } \u003e /etc/apt/sources.list.d/neurodebian.sources.list"
        },
        {
          "created": "2022-03-16T17:27:24Z",
          "created_by": "/bin/sh -c set -x \t\u0026\u0026 apt-get update \t\u0026\u0026 apt-get install -y --no-install-recommends neurodebian-freeze eatmydata \t\u0026\u0026 ln -s /usr/bin/eatmydata /usr/local/bin/apt-get \t\u0026\u0026 rm -rf /var/lib/apt/lists/*"
        }
      ],
      "os": "linux",
      "rootfs": {
        "type": "layers",
        "diff_ids": [
          "sha256:be96a3f634de79f523f07c7e4e0216c28af45eb5776e7a6238a2392f71e01069",
          "sha256:df54c846128da3c71cc11b2150a3df39ec86fb170e299765daf6bb016a0705c2",
          "sha256:47ef83afae74745639f6738a05fe5320fcfca9e6c7765fba4f25e270bc0df9dc",
          "sha256:1251204ef8fc20da275e09f6e3ab9205421d4ff34732f2d50a1d3e86d2995edd",
          "sha256:cbd813a4f938af0e275b4fc100fb123b5e58927c1c04341f9b71ef10744f0ddf",
          "sha256:3ba37269469d46862966af4d785f653c7c8762a296dcd45833ba5acf676488c2",
          "sha256:e606cf68ad8eedad0af0a18671659267f57bb4a17ba43c6941cbc79f827e2e45",
          "sha256:86051f5e43e38a951819c68cd1084241e052b93f31768d6b67af3ff4aac9fefc"
        ]
      },
      "config": {
        "Cmd": [
          "/bin/bash"
        ],
        "Env": [
          "PATH=/usr/local/sbin:/usr/local/bin:/usr/sbin:/usr/bin:/sbin:/bin"
        ],
        "Image": "sha256:fa2b6d5b1a9c048bad7ddea16d9d22ed4013978a8508a5392c6afc7bf39e551d"
      }
    }
  },
  "Results": [
    {
      "Target": "library/neurodebian:xenial (ubuntu 16.04)",
      "Class": "os-pkgs",
      "Type": "ubuntu"
    }
  ]
}
