{
  "SchemaVersion": 2,
  "CreatedAt": "2024-02-23T19:59:26.783838378Z",
  "ArtifactName": "library/eclipse-mosquitto:2.0.14",
  "ArtifactType": "container_image",
  "Metadata": {
    "OS": {
      "Family": "alpine",
      "Name": "3.14.8",
      "EOSL": true
    },
    "ImageID": "sha256:e9f5cf5f8c5262bc1be28531c428929212b95a99449c8ac26d628cfa83234643",
    "DiffIDs": [
      "sha256:63493a9ab2d41e319e25dd7474e184d875e28cb267f7e6856ca91dccdd90ee28",
      "sha256:1e28ca8d1d5a79a8aaab3fbb865961e6a1d1d55249794742fa0d0510df92facb",
      "sha256:f55a865589882863fe2eee4fbcbfca821866c7ff6650a30f040acd2ead7e5746"
    ],
    "RepoTags": [
      "eclipse-mosquitto:2.0.14"
    ],
    "RepoDigests": [
      "eclipse-mosquitto@sha256:b5f3829be419e03d7dba8cf4a5870de64c702f840360386f6b856134300b0d15"
    ],
    "ImageConfig": {
      "architecture": "amd64",
      "container": "23817efbfb772055d5a1e4c6b956ecd7243a5b562e89fe5dd792fb7a574bbdae",
      "created": "2022-08-09T18:26:24.30435658Z",
      "docker_version": "20.10.12",
      "history": [
        {
          "created": "2022-08-09T17:20:07Z",
          "created_by": "/bin/sh -c #(nop) ADD file:b9bd10cf83356cb7281baa0fbaca5186cf27491f59eda87abe57f83a5aaf5ec1 in / "
        },
        {
          "created": "2022-08-09T17:20:08Z",
          "created_by": "/bin/sh -c #(nop)  CMD [\"/bin/sh\"]",
          "empty_layer": true
        },
        {
          "created": "2022-08-09T18:25:54Z",
          "created_by": "/bin/sh -c #(nop)  LABEL maintainer=Roger Light \u003croger@atchoo.org\u003e description=Eclipse Mosquitto MQTT Broker",
          "empty_layer": true
        },
        {
          "created": "2022-08-09T18:25:54Z",
          "created_by": "/bin/sh -c #(nop)  ENV VERSION=2.0.14 DOWNLOAD_SHA256=d0dde8fdb12caf6e2426b4f28081919a2fce3448773bdb8af0d3cd5fe5776925 GPG_KEYS=A0D6EEA1DCAE49A635A3B2F0779B22DFB3E717B7 LWS_VERSION=4.2.1 LWS_SHA256=842da21f73ccba2be59e680de10a8cce7928313048750eb6ad73b6fa50763c51",
          "empty_layer": true
        },
        {
          "created": "2022-08-09T18:26:23Z",
          "created_by": "/bin/sh -c set -x \u0026\u0026     apk --no-cache add --virtual build-deps         build-base         cmake         cjson-dev         gnupg         libressl-dev         linux-headers         util-linux-dev \u0026\u0026     wget https://github.com/warmcat/libwebsockets/archive/v${LWS_VERSION}.tar.gz -O /tmp/lws.tar.gz \u0026\u0026     echo \"$LWS_SHA256  /tmp/lws.tar.gz\" | sha256sum -c - \u0026\u0026     mkdir -p /build/lws \u0026\u0026     tar --strip=1 -xf /tmp/lws.tar.gz -C /build/lws \u0026\u0026     rm /tmp/lws.tar.gz \u0026\u0026     cd /build/lws \u0026\u0026     cmake .         -DCMAKE_BUILD_TYPE=MinSizeRel         -DCMAKE_INSTALL_PREFIX=/usr         -DDISABLE_WERROR=ON         -DLWS_IPV6=ON         -DLWS_WITHOUT_BUILTIN_GETIFADDRS=ON         -DLWS_WITHOUT_CLIENT=ON         -DLWS_WITHOUT_EXTENSIONS=ON         -DLWS_WITHOUT_TESTAPPS=ON         -DLWS_WITH_EXTERNAL_POLL=ON         -DLWS_WITH_HTTP2=OFF         -DLWS_WITH_SHARED=OFF         -DLWS_WITH_ZIP_FOPS=OFF         -DLWS_WITH_ZLIB=OFF \u0026\u0026     make -j \"$(nproc)\" \u0026\u0026     rm -rf /root/.cmake \u0026\u0026     wget https://mosquitto.org/files/source/mosquitto-${VERSION}.tar.gz -O /tmp/mosq.tar.gz \u0026\u0026     echo \"$DOWNLOAD_SHA256  /tmp/mosq.tar.gz\" | sha256sum -c - \u0026\u0026     wget https://mosquitto.org/files/source/mosquitto-${VERSION}.tar.gz.asc -O /tmp/mosq.tar.gz.asc \u0026\u0026     export GNUPGHOME=\"$(mktemp -d)\" \u0026\u0026     found='';     for server in         hkps://keys.openpgp.org         hkp://keyserver.ubuntu.com:80         pgp.mit.edu     ; do         echo \"Fetching GPG key $GPG_KEYS from $server\";         gpg --keyserver \"$server\" --keyserver-options timeout=10 --recv-keys \"$GPG_KEYS\" \u0026\u0026 found=yes \u0026\u0026 break;     done;     test -z \"$found\" \u0026\u0026 echo \u003e\u00262 \"error: failed to fetch GPG key $GPG_KEYS\" \u0026\u0026 exit 1;     gpg --batch --verify /tmp/mosq.tar.gz.asc /tmp/mosq.tar.gz \u0026\u0026     gpgconf --kill all \u0026\u0026     rm -rf \"$GNUPGHOME\" /tmp/mosq.tar.gz.asc \u0026\u0026     mkdir -p /build/mosq \u0026\u0026     tar --strip=1 -xf /tmp/mosq.tar.gz -C /build/mosq \u0026\u0026     rm /tmp/mosq.tar.gz \u0026\u0026     make -C /build/mosq -j \"$(nproc)\"         CFLAGS=\"-Wall -O2 -I/build/lws/include -I/build\"         LDFLAGS=\"-L/build/lws/lib\"         WITH_ADNS=no         WITH_DOCS=no         WITH_SHARED_LIBRARIES=yes         WITH_SRV=no         WITH_STRIP=yes         WITH_TLS_PSK=no         WITH_WEBSOCKETS=yes         prefix=/usr         binary \u0026\u0026     addgroup -S -g 1883 mosquitto 2\u003e/dev/null \u0026\u0026     adduser -S -u 1883 -D -H -h /var/empty -s /sbin/nologin -G mosquitto -g mosquitto mosquitto 2\u003e/dev/null \u0026\u0026     mkdir -p /mosquitto/config /mosquitto/data /mosquitto/log \u0026\u0026     install -d /usr/sbin/ \u0026\u0026     install -s -m755 /build/mosq/client/mosquitto_pub /usr/bin/mosquitto_pub \u0026\u0026     install -s -m755 /build/mosq/client/mosquitto_rr /usr/bin/mosquitto_rr \u0026\u0026     install -s -m755 /build/mosq/client/mosquitto_sub /usr/bin/mosquitto_sub \u0026\u0026     install -s -m644 /build/mosq/lib/libmosquitto.so.1 /usr/lib/libmosquitto.so.1 \u0026\u0026     install -s -m755 /build/mosq/src/mosquitto /usr/sbin/mosquitto \u0026\u0026     install -s -m755 /build/mosq/apps/mosquitto_ctrl/mosquitto_ctrl /usr/bin/mosquitto_ctrl \u0026\u0026     install -s -m755 /build/mosq/apps/mosquitto_passwd/mosquitto_passwd /usr/bin/mosquitto_passwd \u0026\u0026     install -s -m755 /build/mosq/plugins/dynamic-security/mosquitto_dynamic_security.so /usr/lib/mosquitto_dynamic_security.so \u0026\u0026     install -m644 /build/mosq/mosquitto.conf /mosquitto/config/mosquitto.conf \u0026\u0026     install -Dm644 /build/lws/LICENSE /usr/share/licenses/libwebsockets/LICENSE \u0026\u0026     install -Dm644 /build/mosq/epl-v20 /usr/share/licenses/mosquitto/epl-v20 \u0026\u0026     install -Dm644 /build/mosq/edl-v10 /usr/share/licenses/mosquitto/edl-v10 \u0026\u0026     chown -R mosquitto:mosquitto /mosquitto \u0026\u0026     apk --no-cache add         ca-certificates         cjson         libressl \u0026\u0026     apk del build-deps \u0026\u0026     rm -rf /build"
        },
        {
          "created": "2022-08-09T18:26:23Z",
          "created_by": "/bin/sh -c #(nop)  VOLUME [/mosquitto/data /mosquitto/log]",
          "empty_layer": true
        },
        {
          "created": "2022-08-09T18:26:23Z",
          "created_by": "/bin/sh -c #(nop) COPY multi:f828fb0704e6f46a450b717895e8dada966524fb8a3bd947f3ac0bd7ae28f571 in / "
        },
        {
          "created": "2022-08-09T18:26:24Z",
          "created_by": "/bin/sh -c #(nop)  EXPOSE 1883",
          "empty_layer": true
        },
        {
          "created": "2022-08-09T18:26:24Z",
          "created_by": "/bin/sh -c #(nop)  ENTRYPOINT [\"/docker-entrypoint.sh\"]",
          "empty_layer": true
        },
        {
          "created": "2022-08-09T18:26:24Z",
          "created_by": "/bin/sh -c #(nop)  CMD [\"/usr/sbin/mosquitto\" \"-c\" \"/mosquitto/config/mosquitto.conf\"]",
          "empty_layer": true
        }
      ],
      "os": "linux",
      "rootfs": {
        "type": "layers",
        "diff_ids": [
          "sha256:63493a9ab2d41e319e25dd7474e184d875e28cb267f7e6856ca91dccdd90ee28",
          "sha256:1e28ca8d1d5a79a8aaab3fbb865961e6a1d1d55249794742fa0d0510df92facb",
          "sha256:f55a865589882863fe2eee4fbcbfca821866c7ff6650a30f040acd2ead7e5746"
        ]
      },
      "config": {
        "Cmd": [
          "/usr/sbin/mosquitto",
          "-c",
          "/mosquitto/config/mosquitto.conf"
        ],
        "Entrypoint": [
          "/docker-entrypoint.sh"
        ],
        "Env": [
          "PATH=/usr/local/sbin:/usr/local/bin:/usr/sbin:/usr/bin:/sbin:/bin",
          "VERSION=2.0.14",
          "DOWNLOAD_SHA256=d0dde8fdb12caf6e2426b4f28081919a2fce3448773bdb8af0d3cd5fe5776925",
          "GPG_KEYS=A0D6EEA1DCAE49A635A3B2F0779B22DFB3E717B7",
          "LWS_VERSION=4.2.1",
          "LWS_SHA256=842da21f73ccba2be59e680de10a8cce7928313048750eb6ad73b6fa50763c51"
        ],
        "Image": "sha256:dfc0641f4e104facf2840b38d17ad862414686cf7473b52c0c80f05f4afa6ef8",
        "Labels": {
          "description": "Eclipse Mosquitto MQTT Broker",
          "maintainer": "Roger Light \u003croger@atchoo.org\u003e"
        },
        "Volumes": {
          "/mosquitto/data": {},
          "/mosquitto/log": {}
        }
      }
    }
  },
  "Results": [
    {
      "Target": "library/eclipse-mosquitto:2.0.14 (alpine 3.14.8)",
      "Class": "os-pkgs",
      "Type": "alpine",
      "Vulnerabilities": [
        {
          "VulnerabilityID": "CVE-2022-4450",
          "PkgID": "libcrypto1.1@1.1.1q-r0",
          "PkgName": "libcrypto1.1",
          "PkgIdentifier": {
            "PURL": "pkg:apk/alpine/libcrypto1.1@1.1.1q-r0?arch=x86_64\u0026distro=3.14.8"
          },
          "InstalledVersion": "1.1.1q-r0",
          "FixedVersion": "1.1.1t-r0",
          "Status": "fixed",
          "Layer": {
            "DiffID": "sha256:63493a9ab2d41e319e25dd7474e184d875e28cb267f7e6856ca91dccdd90ee28"
          },
          "SeveritySource": "nvd",
          "PrimaryURL": "https://avd.aquasec.com/nvd/cve-2022-4450",
          "DataSource": {
            "ID": "alpine",
            "Name": "Alpine Secdb",
            "URL": "https://secdb.alpinelinux.org/"
          },
          "Title": "openssl: double free after calling PEM_read_bio_ex",
          "Description": "The function PEM_read_bio_ex() reads a PEM file from a BIO and parses and\ndecodes the \"name\" (e.g. \"CERTIFICATE\"), any header data and the payload data.\nIf the function succeeds then the \"name_out\", \"header\" and \"data\" arguments are\npopulated with pointers to buffers containing the relevant decoded data. The\ncaller is responsible for freeing those buffers. It is possible to construct a\nPEM file that results in 0 bytes of payload data. In this case PEM_read_bio_ex()\nwill return a failure code but will populate the header argument with a pointer\nto a buffer that has already been freed. If the caller also frees this buffer\nthen a double free will occur. This will most likely lead to a crash. This\ncould be exploited by an attacker who has the ability to supply malicious PEM\nfiles for parsing to achieve a denial of service attack.\n\nThe functions PEM_read_bio() and PEM_read() are simple wrappers around\nPEM_read_bio_ex() and therefore these functions are also directly affected.\n\nThese functions are also called indirectly by a number of other OpenSSL\nfunctions including PEM_X509_INFO_read_bio_ex() and\nSSL_CTX_use_serverinfo_file() which are also vulnerable. Some OpenSSL internal\nuses of these functions are not vulnerable because the caller does not free the\nheader argument if PEM_read_bio_ex() returns a failure code. These locations\ninclude the PEM_read_bio_TYPE() functions as well as the decoders introduced in\nOpenSSL 3.0.\n\nThe OpenSSL asn1parse command line application is also impacted by this issue.\n\n\n",
          "Severity": "HIGH",
          "CweIDs": [
            "CWE-415"
          ],
          "VendorSeverity": {
            "alma": 3,
            "amazon": 3,
            "ghsa": 3,
            "nvd": 3,
            "oracle-oval": 3,
            "photon": 3,
            "redhat": 2,
            "rocky": 3,
            "ubuntu": 2
          },
          "CVSS": {
            "ghsa": {
              "V3Vector": "CVSS:3.1/AV:N/AC:L/PR:N/UI:N/S:U/C:N/I:N/A:H",
              "V3Score": 7.5
            },
            "nvd": {
              "V3Vector": "CVSS:3.1/AV:N/AC:L/PR:N/UI:N/S:U/C:N/I:N/A:H",
              "V3Score": 7.5
            },
            "redhat": {
              "V3Vector": "CVSS:3.1/AV:N/AC:L/PR:N/UI:N/S:U/C:N/I:N/A:H",
              "V3Score": 7.5
            }
          },
          "References": [
            "https://access.redhat.com/errata/RHSA-2023:2165",
            "https://access.redhat.com/security/cve/CVE-2022-4450",
            "https://bugzilla.redhat.com/1960321",
            "https://bugzilla.redhat.com/2164440",
            "https://bugzilla.redhat.com/2164487",
            "https://bugzilla.redhat.com/2164492",
            "https://bugzilla.redhat.com/2164494",
            "https://bugzilla.redhat.com/show_bug.cgi?id=2164440",
            "https://bugzilla.redhat.com/show_bug.cgi?id=2164487",
            "https://bugzilla.redhat.com/show_bug.cgi?id=2164492",
            "https://bugzilla.redhat.com/show_bug.cgi?id=2164494",
            "https://cve.mitre.org/cgi-bin/cvename.cgi?name=CVE-2022-4304",
            "https://cve.mitre.org/cgi-bin/cvename.cgi?name=CVE-2022-4450",
            "https://cve.mitre.org/cgi-bin/cvename.cgi?name=CVE-2023-0215",
            "https://cve.mitre.org/cgi-bin/cvename.cgi?name=CVE-2023-0286",
            "https://errata.almalinux.org/9/ALSA-2023-2165.html",
            "https://errata.rockylinux.org/RLSA-2023:1405",
            "https://git.openssl.org/gitweb/?p=openssl.git;a=commitdiff;h=63bcf189be73a9cc1264059bed6f57974be74a83",
            "https://git.openssl.org/gitweb/?p=openssl.git;a=commitdiff;h=bbcf509bd046b34cca19c766bbddc31683d0858b",
            "https://linux.oracle.com/cve/CVE-2022-4450.html",
            "https://linux.oracle.com/errata/ELSA-2023-32791.html",
            "https://nvd.nist.gov/vuln/detail/CVE-2022-4450",
            "https://rustsec.org/advisories/RUSTSEC-2023-0010.html",
            "https://security.gentoo.org/glsa/202402-08",
            "https://ubuntu.com/security/notices/USN-5844-1",
            "https://ubuntu.com/security/notices/USN-6564-1",
            "https://www.cve.org/CVERecord?id=CVE-2022-4450",
            "https://www.openssl.org/news/secadv/20230207.txt"
          ],
          "PublishedDate": "2023-02-08T20:15:23.973Z",
          "LastModifiedDate": "2024-02-04T09:15:08.733Z"
        },
        {
          "VulnerabilityID": "CVE-2023-0215",
          "PkgID": "libcrypto1.1@1.1.1q-r0",
          "PkgName": "libcrypto1.1",
          "PkgIdentifier": {
            "PURL": "pkg:apk/alpine/libcrypto1.1@1.1.1q-r0?arch=x86_64\u0026distro=3.14.8"
          },
          "InstalledVersion": "1.1.1q-r0",
          "FixedVersion": "1.1.1t-r0",
          "Status": "fixed",
          "Layer": {
            "DiffID": "sha256:63493a9ab2d41e319e25dd7474e184d875e28cb267f7e6856ca91dccdd90ee28"
          },
          "SeveritySource": "nvd",
          "PrimaryURL": "https://avd.aquasec.com/nvd/cve-2023-0215",
          "DataSource": {
            "ID": "alpine",
            "Name": "Alpine Secdb",
            "URL": "https://secdb.alpinelinux.org/"
          },
          "Title": "openssl: use-after-free following BIO_new_NDEF",
          "Description": "The public API function BIO_new_NDEF is a helper function used for streaming\nASN.1 data via a BIO. It is primarily used internally to OpenSSL to support the\nSMIME, CMS and PKCS7 streaming capabilities, but may also be called directly by\nend user applications.\n\nThe function receives a BIO from the caller, prepends a new BIO_f_asn1 filter\nBIO onto the front of it to form a BIO chain, and then returns the new head of\nthe BIO chain to the caller. Under certain conditions, for example if a CMS\nrecipient public key is invalid, the new filter BIO is freed and the function\nreturns a NULL result indicating a failure. However, in this case, the BIO chain\nis not properly cleaned up and the BIO passed by the caller still retains\ninternal pointers to the previously freed filter BIO. If the caller then goes on\nto call BIO_pop() on the BIO then a use-after-free will occur. This will most\nlikely result in a crash.\n\n\n\nThis scenario occurs directly in the internal function B64_write_ASN1() which\nmay cause BIO_new_NDEF() to be called and will subsequently call BIO_pop() on\nthe BIO. This internal function is in turn called by the public API functions\nPEM_write_bio_ASN1_stream, PEM_write_bio_CMS_stream, PEM_write_bio_PKCS7_stream,\nSMIME_write_ASN1, SMIME_write_CMS and SMIME_write_PKCS7.\n\nOther public API functions that may be impacted by this include\ni2d_ASN1_bio_stream, BIO_new_CMS, BIO_new_PKCS7, i2d_CMS_bio_stream and\ni2d_PKCS7_bio_stream.\n\nThe OpenSSL cms and smime command line applications are similarly affected.\n\n\n\n",
          "Severity": "HIGH",
          "CweIDs": [
            "CWE-416"
          ],
          "VendorSeverity": {
            "alma": 3,
            "amazon": 3,
            "cbl-mariner": 3,
            "ghsa": 3,
            "nvd": 3,
            "oracle-oval": 3,
            "photon": 3,
            "redhat": 2,
            "rocky": 3,
            "ubuntu": 2
          },
          "CVSS": {
            "ghsa": {
              "V3Vector": "CVSS:3.1/AV:N/AC:L/PR:N/UI:N/S:U/C:N/I:N/A:H",
              "V3Score": 7.5
            },
            "nvd": {
              "V3Vector": "CVSS:3.1/AV:N/AC:L/PR:N/UI:N/S:U/C:N/I:N/A:H",
              "V3Score": 7.5
            },
            "redhat": {
              "V3Vector": "CVSS:3.1/AV:N/AC:L/PR:N/UI:N/S:U/C:N/I:N/A:H",
              "V3Score": 7.5
            }
          },
          "References": [
            "https://access.redhat.com/errata/RHSA-2023:2165",
            "https://access.redhat.com/security/cve/CVE-2023-0215",
            "https://bugzilla.redhat.com/1960321",
            "https://bugzilla.redhat.com/2164440",
            "https://bugzilla.redhat.com/2164487",
            "https://bugzilla.redhat.com/2164492",
            "https://bugzilla.redhat.com/2164494",
            "https://bugzilla.redhat.com/show_bug.cgi?id=2164440",
            "https://bugzilla.redhat.com/show_bug.cgi?id=2164487",
            "https://bugzilla.redhat.com/show_bug.cgi?id=2164492",
            "https://bugzilla.redhat.com/show_bug.cgi?id=2164494",
            "https://cve.mitre.org/cgi-bin/cvename.cgi?name=CVE-2022-4304",
            "https://cve.mitre.org/cgi-bin/cvename.cgi?name=CVE-2022-4450",
            "https://cve.mitre.org/cgi-bin/cvename.cgi?name=CVE-2023-0215",
            "https://cve.mitre.org/cgi-bin/cvename.cgi?name=CVE-2023-0286",
            "https://errata.almalinux.org/9/ALSA-2023-2165.html",
            "https://errata.rockylinux.org/RLSA-2023:1405",
            "https://git.openssl.org/gitweb/?p=openssl.git;a=commitdiff;h=8818064ce3c3c0f1b740a5aaba2a987e75bfbafd",
            "https://git.openssl.org/gitweb/?p=openssl.git;a=commitdiff;h=9816136fe31d92ace4037d5da5257f763aeeb4eb",
            "https://git.openssl.org/gitweb/?p=openssl.git;a=commitdiff;h=c3829dd8825c654652201e16f8a0a0c46ee3f344",
            "https://linux.oracle.com/cve/CVE-2023-0215.html",
            "https://linux.oracle.com/errata/ELSA-2023-32791.html",
            "https://nvd.nist.gov/vuln/detail/CVE-2023-0215",
            "https://rustsec.org/advisories/RUSTSEC-2023-0009.html",
            "https://security.gentoo.org/glsa/202402-08",
            "https://security.netapp.com/advisory/ntap-20230427-0007",
            "https://security.netapp.com/advisory/ntap-20230427-0007/",
            "https://security.netapp.com/advisory/ntap-20230427-0009",
            "https://security.netapp.com/advisory/ntap-20230427-0009/",
            "https://ubuntu.com/security/notices/USN-5844-1",
            "https://ubuntu.com/security/notices/USN-5845-1",
            "https://ubuntu.com/security/notices/USN-5845-2",
            "https://ubuntu.com/security/notices/USN-6564-1",
            "https://www.cve.org/CVERecord?id=CVE-2023-0215",
            "https://www.openssl.org/news/secadv/20230207.txt"
          ],
          "PublishedDate": "2023-02-08T20:15:24.107Z",
          "LastModifiedDate": "2024-02-04T09:15:08.847Z"
        },
        {
          "VulnerabilityID": "CVE-2023-0286",
          "PkgID": "libcrypto1.1@1.1.1q-r0",
          "PkgName": "libcrypto1.1",
          "PkgIdentifier": {
            "PURL": "pkg:apk/alpine/libcrypto1.1@1.1.1q-r0?arch=x86_64\u0026distro=3.14.8"
          },
          "InstalledVersion": "1.1.1q-r0",
          "FixedVersion": "1.1.1t-r0",
          "Status": "fixed",
          "Layer": {
            "DiffID": "sha256:63493a9ab2d41e319e25dd7474e184d875e28cb267f7e6856ca91dccdd90ee28"
          },
          "SeveritySource": "nvd",
          "PrimaryURL": "https://avd.aquasec.com/nvd/cve-2023-0286",
          "DataSource": {
            "ID": "alpine",
            "Name": "Alpine Secdb",
            "URL": "https://secdb.alpinelinux.org/"
          },
          "Title": "openssl: X.400 address type confusion in X.509 GeneralName",
          "Description": "There is a type confusion vulnerability relating to X.400 address processing\ninside an X.509 GeneralName. X.400 addresses were parsed as an ASN1_STRING but\nthe public structure definition for GENERAL_NAME incorrectly specified the type\nof the x400Address field as ASN1_TYPE. This field is subsequently interpreted by\nthe OpenSSL function GENERAL_NAME_cmp as an ASN1_TYPE rather than an\nASN1_STRING.\n\nWhen CRL checking is enabled (i.e. the application sets the\nX509_V_FLAG_CRL_CHECK flag), this vulnerability may allow an attacker to pass\narbitrary pointers to a memcmp call, enabling them to read memory contents or\nenact a denial of service. In most cases, the attack requires the attacker to\nprovide both the certificate chain and CRL, neither of which need to have a\nvalid signature. If the attacker only controls one of these inputs, the other\ninput must already contain an X.400 address as a CRL distribution point, which\nis uncommon. As such, this vulnerability is most likely to only affect\napplications which have implemented their own functionality for retrieving CRLs\nover a network.\n\n",
          "Severity": "HIGH",
          "CweIDs": [
            "CWE-843"
          ],
          "VendorSeverity": {
            "alma": 3,
            "amazon": 3,
            "cbl-mariner": 3,
            "ghsa": 3,
            "nvd": 3,
            "oracle-oval": 3,
            "photon": 3,
            "redhat": 3,
            "rocky": 3,
            "ubuntu": 3
          },
          "CVSS": {
            "ghsa": {
              "V3Vector": "CVSS:3.1/AV:N/AC:H/PR:N/UI:N/S:U/C:H/I:N/A:H",
              "V3Score": 7.4
            },
            "nvd": {
              "V3Vector": "CVSS:3.1/AV:N/AC:H/PR:N/UI:N/S:U/C:H/I:N/A:H",
              "V3Score": 7.4
            },
            "redhat": {
              "V3Vector": "CVSS:3.1/AV:N/AC:H/PR:N/UI:N/S:U/C:H/I:N/A:H",
              "V3Score": 7.4
            }
          },
          "References": [
            "https://access.redhat.com/errata/RHSA-2023:2165",
            "https://access.redhat.com/security/cve/CVE-2023-0286",
            "https://access.redhat.com/security/cve/cve-2023-0286",
            "https://bugzilla.redhat.com/1960321",
            "https://bugzilla.redhat.com/2164440",
            "https://bugzilla.redhat.com/2164487",
            "https://bugzilla.redhat.com/2164492",
            "https://bugzilla.redhat.com/2164494",
            "https://bugzilla.redhat.com/show_bug.cgi?id=2164440",
            "https://bugzilla.redhat.com/show_bug.cgi?id=2164487",
            "https://bugzilla.redhat.com/show_bug.cgi?id=2164492",
            "https://bugzilla.redhat.com/show_bug.cgi?id=2164494",
            "https://cve.mitre.org/cgi-bin/cvename.cgi?name=CVE-2022-4304",
            "https://cve.mitre.org/cgi-bin/cvename.cgi?name=CVE-2022-4450",
            "https://cve.mitre.org/cgi-bin/cvename.cgi?name=CVE-2023-0215",
            "https://cve.mitre.org/cgi-bin/cvename.cgi?name=CVE-2023-0286",
            "https://errata.almalinux.org/9/ALSA-2023-2165.html",
            "https://errata.rockylinux.org/RLSA-2023:1405",
            "https://ftp.openbsd.org/pub/OpenBSD/LibreSSL/libressl-3.6.2-relnotes.txt",
            "https://ftp.openbsd.org/pub/OpenBSD/patches/7.2/common/018_x509.patch.sig",
            "https://git.openssl.org/gitweb/?p=openssl.git;a=commitdiff;h=2c6c9d439b484e1ba9830d8454a34fa4f80fdfe9",
            "https://git.openssl.org/gitweb/?p=openssl.git;a=commitdiff;h=2f7530077e0ef79d98718138716bc51ca0cad658",
            "https://git.openssl.org/gitweb/?p=openssl.git;a=commitdiff;h=fd2af07dc083a350c959147097003a14a5e8ac4d",
            "https://github.com/pyca/cryptography",
            "https://github.com/pyca/cryptography/security/advisories/GHSA-x4qr-2fvf-3mr5",
            "https://linux.oracle.com/cve/CVE-2023-0286.html",
            "https://linux.oracle.com/errata/ELSA-2023-32791.html",
            "https://nvd.nist.gov/vuln/detail/CVE-2023-0286",
            "https://rustsec.org/advisories/RUSTSEC-2023-0006.html",
            "https://security.gentoo.org/glsa/202402-08",
            "https://ubuntu.com/security/notices/USN-5844-1",
            "https://ubuntu.com/security/notices/USN-5845-1",
            "https://ubuntu.com/security/notices/USN-5845-2",
            "https://ubuntu.com/security/notices/USN-6564-1",
            "https://www.cve.org/CVERecord?id=CVE-2023-0286",
            "https://www.openssl.org/news/secadv/20230207.txt"
          ],
          "PublishedDate": "2023-02-08T20:15:24.267Z",
          "LastModifiedDate": "2024-02-04T09:15:09.113Z"
        },
        {
          "VulnerabilityID": "CVE-2023-0464",
          "PkgID": "libcrypto1.1@1.1.1q-r0",
          "PkgName": "libcrypto1.1",
          "PkgIdentifier": {
            "PURL": "pkg:apk/alpine/libcrypto1.1@1.1.1q-r0?arch=x86_64\u0026distro=3.14.8"
          },
          "InstalledVersion": "1.1.1q-r0",
          "FixedVersion": "1.1.1t-r1",
          "Status": "fixed",
          "Layer": {
            "DiffID": "sha256:63493a9ab2d41e319e25dd7474e184d875e28cb267f7e6856ca91dccdd90ee28"
          },
          "SeveritySource": "nvd",
          "PrimaryURL": "https://avd.aquasec.com/nvd/cve-2023-0464",
          "DataSource": {
            "ID": "alpine",
            "Name": "Alpine Secdb",
            "URL": "https://secdb.alpinelinux.org/"
          },
          "Title": "openssl: Denial of service by excessive resource usage in verifying X509 policy constraints",
          "Description": "A security vulnerability has been identified in all supported versions\n\nof OpenSSL related to the verification of X.509 certificate chains\nthat include policy constraints.  Attackers may be able to exploit this\nvulnerability by creating a malicious certificate chain that triggers\nexponential use of computational resources, leading to a denial-of-service\n(DoS) attack on affected systems.\n\nPolicy processing is disabled by default but can be enabled by passing\nthe `-policy' argument to the command line utilities or by calling the\n`X509_VERIFY_PARAM_set1_policies()' function.",
          "Severity": "HIGH",
          "CweIDs": [
            "CWE-295"
          ],
          "VendorSeverity": {
            "alma": 2,
            "amazon": 2,
            "cbl-mariner": 3,
            "nvd": 3,
            "oracle-oval": 2,
            "photon": 3,
            "redhat": 1,
            "ubuntu": 1
          },
          "CVSS": {
            "nvd": {
              "V3Vector": "CVSS:3.1/AV:N/AC:L/PR:N/UI:N/S:U/C:N/I:N/A:H",
              "V3Score": 7.5
            },
            "redhat": {
              "V3Vector": "CVSS:3.1/AV:N/AC:H/PR:N/UI:N/S:U/C:N/I:N/A:H",
              "V3Score": 5.9
            }
          },
          "References": [
            "https://access.redhat.com/errata/RHSA-2023:3722",
            "https://access.redhat.com/security/cve/CVE-2023-0464",
            "https://bugzilla.redhat.com/2181082",
            "https://bugzilla.redhat.com/2182561",
            "https://bugzilla.redhat.com/2182565",
            "https://bugzilla.redhat.com/2188461",
            "https://bugzilla.redhat.com/2207947",
            "https://cve.mitre.org/cgi-bin/cvename.cgi?name=CVE-2023-0464",
            "https://errata.almalinux.org/9/ALSA-2023-3722.html",
            "https://git.openssl.org/gitweb/?p=openssl.git;a=commitdiff;h=2017771e2db3e2b96f89bbe8766c3209f6a99545",
            "https://git.openssl.org/gitweb/?p=openssl.git;a=commitdiff;h=2dcd4f1e3115f38cefa43e3efbe9b801c27e642e",
            "https://git.openssl.org/gitweb/?p=openssl.git;a=commitdiff;h=879f7080d7e141f415c79eaa3a8ac4a3dad0348b",
            "https://git.openssl.org/gitweb/?p=openssl.git;a=commitdiff;h=959c59c7a0164117e7f8366466a32bb1f8d77ff1",
            "https://linux.oracle.com/cve/CVE-2023-0464.html",
            "https://linux.oracle.com/errata/ELSA-2023-3722.html",
            "https://lists.debian.org/debian-lts-announce/2023/06/msg00011.html",
            "https://nvd.nist.gov/vuln/detail/CVE-2023-0464",
            "https://security.gentoo.org/glsa/202402-08",
            "https://ubuntu.com/security/notices/USN-6039-1",
            "https://www.couchbase.com/alerts/",
            "https://www.cve.org/CVERecord?id=CVE-2023-0464",
            "https://www.debian.org/security/2023/dsa-5417",
            "https://www.openssl.org/news/secadv/20230322.txt"
          ],
          "PublishedDate": "2023-03-22T17:15:13.13Z",
          "LastModifiedDate": "2024-02-04T09:15:09.31Z"
        },
        {
          "VulnerabilityID": "CVE-2022-4304",
          "PkgID": "libcrypto1.1@1.1.1q-r0",
          "PkgName": "libcrypto1.1",
          "PkgIdentifier": {
            "PURL": "pkg:apk/alpine/libcrypto1.1@1.1.1q-r0?arch=x86_64\u0026distro=3.14.8"
          },
          "InstalledVersion": "1.1.1q-r0",
          "FixedVersion": "1.1.1t-r0",
          "Status": "fixed",
          "Layer": {
            "DiffID": "sha256:63493a9ab2d41e319e25dd7474e184d875e28cb267f7e6856ca91dccdd90ee28"
          },
          "SeveritySource": "nvd",
          "PrimaryURL": "https://avd.aquasec.com/nvd/cve-2022-4304",
          "DataSource": {
            "ID": "alpine",
            "Name": "Alpine Secdb",
            "URL": "https://secdb.alpinelinux.org/"
          },
          "Title": "openssl: timing attack in RSA Decryption implementation",
          "Description": "A timing based side channel exists in the OpenSSL RSA Decryption implementation\nwhich could be sufficient to recover a plaintext across a network in a\nBleichenbacher style attack. To achieve a successful decryption an attacker\nwould have to be able to send a very large number of trial messages for\ndecryption. The vulnerability affects all RSA padding modes: PKCS#1 v1.5,\nRSA-OEAP and RSASVE.\n\nFor example, in a TLS connection, RSA is commonly used by a client to send an\nencrypted pre-master secret to the server. An attacker that had observed a\ngenuine connection between a client and a server could use this flaw to send\ntrial messages to the server and record the time taken to process them. After a\nsufficiently large number of messages the attacker could recover the pre-master\nsecret used for the original connection and thus be able to decrypt the\napplication data sent over that connection.\n\n",
          "Severity": "MEDIUM",
          "CweIDs": [
            "CWE-203"
          ],
          "VendorSeverity": {
            "alma": 3,
            "amazon": 3,
            "cbl-mariner": 2,
            "ghsa": 2,
            "nvd": 2,
            "oracle-oval": 3,
            "photon": 2,
            "redhat": 2,
            "rocky": 3,
            "ubuntu": 2
          },
          "CVSS": {
            "ghsa": {
              "V3Vector": "CVSS:3.1/AV:N/AC:H/PR:N/UI:N/S:U/C:H/I:N/A:N",
              "V3Score": 5.9
            },
            "nvd": {
              "V3Vector": "CVSS:3.1/AV:N/AC:H/PR:N/UI:N/S:U/C:H/I:N/A:N",
              "V3Score": 5.9
            },
            "redhat": {
              "V3Vector": "CVSS:3.1/AV:N/AC:H/PR:N/UI:N/S:U/C:N/I:H/A:N",
              "V3Score": 5.9
            }
          },
          "References": [
            "https://access.redhat.com/errata/RHSA-2023:2165",
            "https://access.redhat.com/security/cve/CVE-2022-4304",
            "https://bugzilla.redhat.com/1960321",
            "https://bugzilla.redhat.com/2164440",
            "https://bugzilla.redhat.com/2164487",
            "https://bugzilla.redhat.com/2164492",
            "https://bugzilla.redhat.com/2164494",
            "https://bugzilla.redhat.com/show_bug.cgi?id=2164440",
            "https://bugzilla.redhat.com/show_bug.cgi?id=2164487",
            "https://bugzilla.redhat.com/show_bug.cgi?id=2164492",
            "https://bugzilla.redhat.com/show_bug.cgi?id=2164494",
            "https://cve.mitre.org/cgi-bin/cvename.cgi?name=CVE-2022-4304",
            "https://cve.mitre.org/cgi-bin/cvename.cgi?name=CVE-2022-4450",
            "https://cve.mitre.org/cgi-bin/cvename.cgi?name=CVE-2023-0215",
            "https://cve.mitre.org/cgi-bin/cvename.cgi?name=CVE-2023-0286",
            "https://errata.almalinux.org/9/ALSA-2023-2165.html",
            "https://errata.rockylinux.org/RLSA-2023:1405",
            "https://linux.oracle.com/cve/CVE-2022-4304.html",
            "https://linux.oracle.com/errata/ELSA-2023-32791.html",
            "https://nvd.nist.gov/vuln/detail/CVE-2022-4304",
            "https://rustsec.org/advisories/RUSTSEC-2023-0007.html",
            "https://security.gentoo.org/glsa/202402-08",
            "https://ubuntu.com/security/notices/USN-5844-1",
            "https://ubuntu.com/security/notices/USN-6564-1",
            "https://www.cve.org/CVERecord?id=CVE-2022-4304",
            "https://www.openssl.org/news/secadv/20230207.txt"
          ],
          "PublishedDate": "2023-02-08T20:15:23.887Z",
          "LastModifiedDate": "2024-02-04T09:15:08.627Z"
        },
        {
          "VulnerabilityID": "CVE-2023-0465",
          "PkgID": "libcrypto1.1@1.1.1q-r0",
          "PkgName": "libcrypto1.1",
          "PkgIdentifier": {
            "PURL": "pkg:apk/alpine/libcrypto1.1@1.1.1q-r0?arch=x86_64\u0026distro=3.14.8"
          },
          "InstalledVersion": "1.1.1q-r0",
          "FixedVersion": "1.1.1t-r2",
          "Status": "fixed",
          "Layer": {
            "DiffID": "sha256:63493a9ab2d41e319e25dd7474e184d875e28cb267f7e6856ca91dccdd90ee28"
          },
          "SeveritySource": "nvd",
          "PrimaryURL": "https://avd.aquasec.com/nvd/cve-2023-0465",
          "DataSource": {
            "ID": "alpine",
            "Name": "Alpine Secdb",
            "URL": "https://secdb.alpinelinux.org/"
          },
          "Title": "openssl: Invalid certificate policies in leaf certificates are silently ignored",
          "Description": "Applications that use a non-default option when verifying certificates may be\nvulnerable to an attack from a malicious CA to circumvent certain checks.\n\nInvalid certificate policies in leaf certificates are silently ignored by\nOpenSSL and other certificate policy checks are skipped for that certificate.\nA malicious CA could use this to deliberately assert invalid certificate policies\nin order to circumvent policy checking on the certificate altogether.\n\nPolicy processing is disabled by default but can be enabled by passing\nthe `-policy' argument to the command line utilities or by calling the\n`X509_VERIFY_PARAM_set1_policies()' function.",
          "Severity": "MEDIUM",
          "CweIDs": [
            "CWE-295"
          ],
          "VendorSeverity": {
            "alma": 2,
            "amazon": 2,
            "cbl-mariner": 2,
            "nvd": 2,
            "oracle-oval": 2,
            "photon": 2,
            "redhat": 1,
            "ubuntu": 1
          },
          "CVSS": {
            "nvd": {
              "V3Vector": "CVSS:3.1/AV:N/AC:L/PR:N/UI:N/S:U/C:N/I:L/A:N",
              "V3Score": 5.3
            },
            "redhat": {
              "V3Vector": "CVSS:3.1/AV:N/AC:L/PR:N/UI:N/S:U/C:N/I:L/A:N",
              "V3Score": 5.3
            }
          },
          "References": [
            "https://access.redhat.com/errata/RHSA-2023:3722",
            "https://access.redhat.com/security/cve/CVE-2023-0465",
            "https://bugzilla.redhat.com/2181082",
            "https://bugzilla.redhat.com/2182561",
            "https://bugzilla.redhat.com/2182565",
            "https://bugzilla.redhat.com/2188461",
            "https://bugzilla.redhat.com/2207947",
            "https://cve.mitre.org/cgi-bin/cvename.cgi?name=CVE-2023-0465",
            "https://errata.almalinux.org/9/ALSA-2023-3722.html",
            "https://git.openssl.org/gitweb/?p=openssl.git;a=commitdiff;h=10325176f3d3e98c6e2b3bf5ab1e3b334de6947a",
            "https://git.openssl.org/gitweb/?p=openssl.git;a=commitdiff;h=1dd43e0709fece299b15208f36cc7c76209ba0bb",
            "https://git.openssl.org/gitweb/?p=openssl.git;a=commitdiff;h=b013765abfa80036dc779dd0e50602c57bb3bf95",
            "https://git.openssl.org/gitweb/?p=openssl.git;a=commitdiff;h=facfb1ab745646e97a1920977ae4a9965ea61d5c",
            "https://linux.oracle.com/cve/CVE-2023-0465.html",
            "https://linux.oracle.com/errata/ELSA-2023-3722.html",
            "https://lists.debian.org/debian-lts-announce/2023/06/msg00011.html",
            "https://nvd.nist.gov/vuln/detail/CVE-2023-0465",
            "https://security.gentoo.org/glsa/202402-08",
            "https://security.netapp.com/advisory/ntap-20230414-0001/",
            "https://ubuntu.com/security/notices/USN-6039-1",
            "https://www.cve.org/CVERecord?id=CVE-2023-0465",
            "https://www.debian.org/security/2023/dsa-5417",
            "https://www.openssl.org/news/secadv/20230328.txt"
          ],
          "PublishedDate": "2023-03-28T15:15:06.82Z",
          "LastModifiedDate": "2024-02-04T09:15:09.43Z"
        },
        {
          "VulnerabilityID": "CVE-2022-4450",
          "PkgID": "libssl1.1@1.1.1q-r0",
          "PkgName": "libssl1.1",
          "PkgIdentifier": {
            "PURL": "pkg:apk/alpine/libssl1.1@1.1.1q-r0?arch=x86_64\u0026distro=3.14.8"
          },
          "InstalledVersion": "1.1.1q-r0",
          "FixedVersion": "1.1.1t-r0",
          "Status": "fixed",
          "Layer": {
            "DiffID": "sha256:63493a9ab2d41e319e25dd7474e184d875e28cb267f7e6856ca91dccdd90ee28"
          },
          "SeveritySource": "nvd",
          "PrimaryURL": "https://avd.aquasec.com/nvd/cve-2022-4450",
          "DataSource": {
            "ID": "alpine",
            "Name": "Alpine Secdb",
            "URL": "https://secdb.alpinelinux.org/"
          },
          "Title": "openssl: double free after calling PEM_read_bio_ex",
          "Description": "The function PEM_read_bio_ex() reads a PEM file from a BIO and parses and\ndecodes the \"name\" (e.g. \"CERTIFICATE\"), any header data and the payload data.\nIf the function succeeds then the \"name_out\", \"header\" and \"data\" arguments are\npopulated with pointers to buffers containing the relevant decoded data. The\ncaller is responsible for freeing those buffers. It is possible to construct a\nPEM file that results in 0 bytes of payload data. In this case PEM_read_bio_ex()\nwill return a failure code but will populate the header argument with a pointer\nto a buffer that has already been freed. If the caller also frees this buffer\nthen a double free will occur. This will most likely lead to a crash. This\ncould be exploited by an attacker who has the ability to supply malicious PEM\nfiles for parsing to achieve a denial of service attack.\n\nThe functions PEM_read_bio() and PEM_read() are simple wrappers around\nPEM_read_bio_ex() and therefore these functions are also directly affected.\n\nThese functions are also called indirectly by a number of other OpenSSL\nfunctions including PEM_X509_INFO_read_bio_ex() and\nSSL_CTX_use_serverinfo_file() which are also vulnerable. Some OpenSSL internal\nuses of these functions are not vulnerable because the caller does not free the\nheader argument if PEM_read_bio_ex() returns a failure code. These locations\ninclude the PEM_read_bio_TYPE() functions as well as the decoders introduced in\nOpenSSL 3.0.\n\nThe OpenSSL asn1parse command line application is also impacted by this issue.\n\n\n",
          "Severity": "HIGH",
          "CweIDs": [
            "CWE-415"
          ],
          "VendorSeverity": {
            "alma": 3,
            "amazon": 3,
            "ghsa": 3,
            "nvd": 3,
            "oracle-oval": 3,
            "photon": 3,
            "redhat": 2,
            "rocky": 3,
            "ubuntu": 2
          },
          "CVSS": {
            "ghsa": {
              "V3Vector": "CVSS:3.1/AV:N/AC:L/PR:N/UI:N/S:U/C:N/I:N/A:H",
              "V3Score": 7.5
            },
            "nvd": {
              "V3Vector": "CVSS:3.1/AV:N/AC:L/PR:N/UI:N/S:U/C:N/I:N/A:H",
              "V3Score": 7.5
            },
            "redhat": {
              "V3Vector": "CVSS:3.1/AV:N/AC:L/PR:N/UI:N/S:U/C:N/I:N/A:H",
              "V3Score": 7.5
            }
          },
          "References": [
            "https://access.redhat.com/errata/RHSA-2023:2165",
            "https://access.redhat.com/security/cve/CVE-2022-4450",
            "https://bugzilla.redhat.com/1960321",
            "https://bugzilla.redhat.com/2164440",
            "https://bugzilla.redhat.com/2164487",
            "https://bugzilla.redhat.com/2164492",
            "https://bugzilla.redhat.com/2164494",
            "https://bugzilla.redhat.com/show_bug.cgi?id=2164440",
            "https://bugzilla.redhat.com/show_bug.cgi?id=2164487",
            "https://bugzilla.redhat.com/show_bug.cgi?id=2164492",
            "https://bugzilla.redhat.com/show_bug.cgi?id=2164494",
            "https://cve.mitre.org/cgi-bin/cvename.cgi?name=CVE-2022-4304",
            "https://cve.mitre.org/cgi-bin/cvename.cgi?name=CVE-2022-4450",
            "https://cve.mitre.org/cgi-bin/cvename.cgi?name=CVE-2023-0215",
            "https://cve.mitre.org/cgi-bin/cvename.cgi?name=CVE-2023-0286",
            "https://errata.almalinux.org/9/ALSA-2023-2165.html",
            "https://errata.rockylinux.org/RLSA-2023:1405",
            "https://git.openssl.org/gitweb/?p=openssl.git;a=commitdiff;h=63bcf189be73a9cc1264059bed6f57974be74a83",
            "https://git.openssl.org/gitweb/?p=openssl.git;a=commitdiff;h=bbcf509bd046b34cca19c766bbddc31683d0858b",
            "https://linux.oracle.com/cve/CVE-2022-4450.html",
            "https://linux.oracle.com/errata/ELSA-2023-32791.html",
            "https://nvd.nist.gov/vuln/detail/CVE-2022-4450",
            "https://rustsec.org/advisories/RUSTSEC-2023-0010.html",
            "https://security.gentoo.org/glsa/202402-08",
            "https://ubuntu.com/security/notices/USN-5844-1",
            "https://ubuntu.com/security/notices/USN-6564-1",
            "https://www.cve.org/CVERecord?id=CVE-2022-4450",
            "https://www.openssl.org/news/secadv/20230207.txt"
          ],
          "PublishedDate": "2023-02-08T20:15:23.973Z",
          "LastModifiedDate": "2024-02-04T09:15:08.733Z"
        },
        {
          "VulnerabilityID": "CVE-2023-0215",
          "PkgID": "libssl1.1@1.1.1q-r0",
          "PkgName": "libssl1.1",
          "PkgIdentifier": {
            "PURL": "pkg:apk/alpine/libssl1.1@1.1.1q-r0?arch=x86_64\u0026distro=3.14.8"
          },
          "InstalledVersion": "1.1.1q-r0",
          "FixedVersion": "1.1.1t-r0",
          "Status": "fixed",
          "Layer": {
            "DiffID": "sha256:63493a9ab2d41e319e25dd7474e184d875e28cb267f7e6856ca91dccdd90ee28"
          },
          "SeveritySource": "nvd",
          "PrimaryURL": "https://avd.aquasec.com/nvd/cve-2023-0215",
          "DataSource": {
            "ID": "alpine",
            "Name": "Alpine Secdb",
            "URL": "https://secdb.alpinelinux.org/"
          },
          "Title": "openssl: use-after-free following BIO_new_NDEF",
          "Description": "The public API function BIO_new_NDEF is a helper function used for streaming\nASN.1 data via a BIO. It is primarily used internally to OpenSSL to support the\nSMIME, CMS and PKCS7 streaming capabilities, but may also be called directly by\nend user applications.\n\nThe function receives a BIO from the caller, prepends a new BIO_f_asn1 filter\nBIO onto the front of it to form a BIO chain, and then returns the new head of\nthe BIO chain to the caller. Under certain conditions, for example if a CMS\nrecipient public key is invalid, the new filter BIO is freed and the function\nreturns a NULL result indicating a failure. However, in this case, the BIO chain\nis not properly cleaned up and the BIO passed by the caller still retains\ninternal pointers to the previously freed filter BIO. If the caller then goes on\nto call BIO_pop() on the BIO then a use-after-free will occur. This will most\nlikely result in a crash.\n\n\n\nThis scenario occurs directly in the internal function B64_write_ASN1() which\nmay cause BIO_new_NDEF() to be called and will subsequently call BIO_pop() on\nthe BIO. This internal function is in turn called by the public API functions\nPEM_write_bio_ASN1_stream, PEM_write_bio_CMS_stream, PEM_write_bio_PKCS7_stream,\nSMIME_write_ASN1, SMIME_write_CMS and SMIME_write_PKCS7.\n\nOther public API functions that may be impacted by this include\ni2d_ASN1_bio_stream, BIO_new_CMS, BIO_new_PKCS7, i2d_CMS_bio_stream and\ni2d_PKCS7_bio_stream.\n\nThe OpenSSL cms and smime command line applications are similarly affected.\n\n\n\n",
          "Severity": "HIGH",
          "CweIDs": [
            "CWE-416"
          ],
          "VendorSeverity": {
            "alma": 3,
            "amazon": 3,
            "cbl-mariner": 3,
            "ghsa": 3,
            "nvd": 3,
            "oracle-oval": 3,
            "photon": 3,
            "redhat": 2,
            "rocky": 3,
            "ubuntu": 2
          },
          "CVSS": {
            "ghsa": {
              "V3Vector": "CVSS:3.1/AV:N/AC:L/PR:N/UI:N/S:U/C:N/I:N/A:H",
              "V3Score": 7.5
            },
            "nvd": {
              "V3Vector": "CVSS:3.1/AV:N/AC:L/PR:N/UI:N/S:U/C:N/I:N/A:H",
              "V3Score": 7.5
            },
            "redhat": {
              "V3Vector": "CVSS:3.1/AV:N/AC:L/PR:N/UI:N/S:U/C:N/I:N/A:H",
              "V3Score": 7.5
            }
          },
          "References": [
            "https://access.redhat.com/errata/RHSA-2023:2165",
            "https://access.redhat.com/security/cve/CVE-2023-0215",
            "https://bugzilla.redhat.com/1960321",
            "https://bugzilla.redhat.com/2164440",
            "https://bugzilla.redhat.com/2164487",
            "https://bugzilla.redhat.com/2164492",
            "https://bugzilla.redhat.com/2164494",
            "https://bugzilla.redhat.com/show_bug.cgi?id=2164440",
            "https://bugzilla.redhat.com/show_bug.cgi?id=2164487",
            "https://bugzilla.redhat.com/show_bug.cgi?id=2164492",
            "https://bugzilla.redhat.com/show_bug.cgi?id=2164494",
            "https://cve.mitre.org/cgi-bin/cvename.cgi?name=CVE-2022-4304",
            "https://cve.mitre.org/cgi-bin/cvename.cgi?name=CVE-2022-4450",
            "https://cve.mitre.org/cgi-bin/cvename.cgi?name=CVE-2023-0215",
            "https://cve.mitre.org/cgi-bin/cvename.cgi?name=CVE-2023-0286",
            "https://errata.almalinux.org/9/ALSA-2023-2165.html",
            "https://errata.rockylinux.org/RLSA-2023:1405",
            "https://git.openssl.org/gitweb/?p=openssl.git;a=commitdiff;h=8818064ce3c3c0f1b740a5aaba2a987e75bfbafd",
            "https://git.openssl.org/gitweb/?p=openssl.git;a=commitdiff;h=9816136fe31d92ace4037d5da5257f763aeeb4eb",
            "https://git.openssl.org/gitweb/?p=openssl.git;a=commitdiff;h=c3829dd8825c654652201e16f8a0a0c46ee3f344",
            "https://linux.oracle.com/cve/CVE-2023-0215.html",
            "https://linux.oracle.com/errata/ELSA-2023-32791.html",
            "https://nvd.nist.gov/vuln/detail/CVE-2023-0215",
            "https://rustsec.org/advisories/RUSTSEC-2023-0009.html",
            "https://security.gentoo.org/glsa/202402-08",
            "https://security.netapp.com/advisory/ntap-20230427-0007",
            "https://security.netapp.com/advisory/ntap-20230427-0007/",
            "https://security.netapp.com/advisory/ntap-20230427-0009",
            "https://security.netapp.com/advisory/ntap-20230427-0009/",
            "https://ubuntu.com/security/notices/USN-5844-1",
            "https://ubuntu.com/security/notices/USN-5845-1",
            "https://ubuntu.com/security/notices/USN-5845-2",
            "https://ubuntu.com/security/notices/USN-6564-1",
            "https://www.cve.org/CVERecord?id=CVE-2023-0215",
            "https://www.openssl.org/news/secadv/20230207.txt"
          ],
          "PublishedDate": "2023-02-08T20:15:24.107Z",
          "LastModifiedDate": "2024-02-04T09:15:08.847Z"
        },
        {
          "VulnerabilityID": "CVE-2023-0286",
          "PkgID": "libssl1.1@1.1.1q-r0",
          "PkgName": "libssl1.1",
          "PkgIdentifier": {
            "PURL": "pkg:apk/alpine/libssl1.1@1.1.1q-r0?arch=x86_64\u0026distro=3.14.8"
          },
          "InstalledVersion": "1.1.1q-r0",
          "FixedVersion": "1.1.1t-r0",
          "Status": "fixed",
          "Layer": {
            "DiffID": "sha256:63493a9ab2d41e319e25dd7474e184d875e28cb267f7e6856ca91dccdd90ee28"
          },
          "SeveritySource": "nvd",
          "PrimaryURL": "https://avd.aquasec.com/nvd/cve-2023-0286",
          "DataSource": {
            "ID": "alpine",
            "Name": "Alpine Secdb",
            "URL": "https://secdb.alpinelinux.org/"
          },
          "Title": "openssl: X.400 address type confusion in X.509 GeneralName",
          "Description": "There is a type confusion vulnerability relating to X.400 address processing\ninside an X.509 GeneralName. X.400 addresses were parsed as an ASN1_STRING but\nthe public structure definition for GENERAL_NAME incorrectly specified the type\nof the x400Address field as ASN1_TYPE. This field is subsequently interpreted by\nthe OpenSSL function GENERAL_NAME_cmp as an ASN1_TYPE rather than an\nASN1_STRING.\n\nWhen CRL checking is enabled (i.e. the application sets the\nX509_V_FLAG_CRL_CHECK flag), this vulnerability may allow an attacker to pass\narbitrary pointers to a memcmp call, enabling them to read memory contents or\nenact a denial of service. In most cases, the attack requires the attacker to\nprovide both the certificate chain and CRL, neither of which need to have a\nvalid signature. If the attacker only controls one of these inputs, the other\ninput must already contain an X.400 address as a CRL distribution point, which\nis uncommon. As such, this vulnerability is most likely to only affect\napplications which have implemented their own functionality for retrieving CRLs\nover a network.\n\n",
          "Severity": "HIGH",
          "CweIDs": [
            "CWE-843"
          ],
          "VendorSeverity": {
            "alma": 3,
            "amazon": 3,
            "cbl-mariner": 3,
            "ghsa": 3,
            "nvd": 3,
            "oracle-oval": 3,
            "photon": 3,
            "redhat": 3,
            "rocky": 3,
            "ubuntu": 3
          },
          "CVSS": {
            "ghsa": {
              "V3Vector": "CVSS:3.1/AV:N/AC:H/PR:N/UI:N/S:U/C:H/I:N/A:H",
              "V3Score": 7.4
            },
            "nvd": {
              "V3Vector": "CVSS:3.1/AV:N/AC:H/PR:N/UI:N/S:U/C:H/I:N/A:H",
              "V3Score": 7.4
            },
            "redhat": {
              "V3Vector": "CVSS:3.1/AV:N/AC:H/PR:N/UI:N/S:U/C:H/I:N/A:H",
              "V3Score": 7.4
            }
          },
          "References": [
            "https://access.redhat.com/errata/RHSA-2023:2165",
            "https://access.redhat.com/security/cve/CVE-2023-0286",
            "https://access.redhat.com/security/cve/cve-2023-0286",
            "https://bugzilla.redhat.com/1960321",
            "https://bugzilla.redhat.com/2164440",
            "https://bugzilla.redhat.com/2164487",
            "https://bugzilla.redhat.com/2164492",
            "https://bugzilla.redhat.com/2164494",
            "https://bugzilla.redhat.com/show_bug.cgi?id=2164440",
            "https://bugzilla.redhat.com/show_bug.cgi?id=2164487",
            "https://bugzilla.redhat.com/show_bug.cgi?id=2164492",
            "https://bugzilla.redhat.com/show_bug.cgi?id=2164494",
            "https://cve.mitre.org/cgi-bin/cvename.cgi?name=CVE-2022-4304",
            "https://cve.mitre.org/cgi-bin/cvename.cgi?name=CVE-2022-4450",
            "https://cve.mitre.org/cgi-bin/cvename.cgi?name=CVE-2023-0215",
            "https://cve.mitre.org/cgi-bin/cvename.cgi?name=CVE-2023-0286",
            "https://errata.almalinux.org/9/ALSA-2023-2165.html",
            "https://errata.rockylinux.org/RLSA-2023:1405",
            "https://ftp.openbsd.org/pub/OpenBSD/LibreSSL/libressl-3.6.2-relnotes.txt",
            "https://ftp.openbsd.org/pub/OpenBSD/patches/7.2/common/018_x509.patch.sig",
            "https://git.openssl.org/gitweb/?p=openssl.git;a=commitdiff;h=2c6c9d439b484e1ba9830d8454a34fa4f80fdfe9",
            "https://git.openssl.org/gitweb/?p=openssl.git;a=commitdiff;h=2f7530077e0ef79d98718138716bc51ca0cad658",
            "https://git.openssl.org/gitweb/?p=openssl.git;a=commitdiff;h=fd2af07dc083a350c959147097003a14a5e8ac4d",
            "https://github.com/pyca/cryptography",
            "https://github.com/pyca/cryptography/security/advisories/GHSA-x4qr-2fvf-3mr5",
            "https://linux.oracle.com/cve/CVE-2023-0286.html",
            "https://linux.oracle.com/errata/ELSA-2023-32791.html",
            "https://nvd.nist.gov/vuln/detail/CVE-2023-0286",
            "https://rustsec.org/advisories/RUSTSEC-2023-0006.html",
            "https://security.gentoo.org/glsa/202402-08",
            "https://ubuntu.com/security/notices/USN-5844-1",
            "https://ubuntu.com/security/notices/USN-5845-1",
            "https://ubuntu.com/security/notices/USN-5845-2",
            "https://ubuntu.com/security/notices/USN-6564-1",
            "https://www.cve.org/CVERecord?id=CVE-2023-0286",
            "https://www.openssl.org/news/secadv/20230207.txt"
          ],
          "PublishedDate": "2023-02-08T20:15:24.267Z",
          "LastModifiedDate": "2024-02-04T09:15:09.113Z"
        },
        {
          "VulnerabilityID": "CVE-2023-0464",
          "PkgID": "libssl1.1@1.1.1q-r0",
          "PkgName": "libssl1.1",
          "PkgIdentifier": {
            "PURL": "pkg:apk/alpine/libssl1.1@1.1.1q-r0?arch=x86_64\u0026distro=3.14.8"
          },
          "InstalledVersion": "1.1.1q-r0",
          "FixedVersion": "1.1.1t-r1",
          "Status": "fixed",
          "Layer": {
            "DiffID": "sha256:63493a9ab2d41e319e25dd7474e184d875e28cb267f7e6856ca91dccdd90ee28"
          },
          "SeveritySource": "nvd",
          "PrimaryURL": "https://avd.aquasec.com/nvd/cve-2023-0464",
          "DataSource": {
            "ID": "alpine",
            "Name": "Alpine Secdb",
            "URL": "https://secdb.alpinelinux.org/"
          },
          "Title": "openssl: Denial of service by excessive resource usage in verifying X509 policy constraints",
          "Description": "A security vulnerability has been identified in all supported versions\n\nof OpenSSL related to the verification of X.509 certificate chains\nthat include policy constraints.  Attackers may be able to exploit this\nvulnerability by creating a malicious certificate chain that triggers\nexponential use of computational resources, leading to a denial-of-service\n(DoS) attack on affected systems.\n\nPolicy processing is disabled by default but can be enabled by passing\nthe `-policy' argument to the command line utilities or by calling the\n`X509_VERIFY_PARAM_set1_policies()' function.",
          "Severity": "HIGH",
          "CweIDs": [
            "CWE-295"
          ],
          "VendorSeverity": {
            "alma": 2,
            "amazon": 2,
            "cbl-mariner": 3,
            "nvd": 3,
            "oracle-oval": 2,
            "photon": 3,
            "redhat": 1,
            "ubuntu": 1
          },
          "CVSS": {
            "nvd": {
              "V3Vector": "CVSS:3.1/AV:N/AC:L/PR:N/UI:N/S:U/C:N/I:N/A:H",
              "V3Score": 7.5
            },
            "redhat": {
              "V3Vector": "CVSS:3.1/AV:N/AC:H/PR:N/UI:N/S:U/C:N/I:N/A:H",
              "V3Score": 5.9
            }
          },
          "References": [
            "https://access.redhat.com/errata/RHSA-2023:3722",
            "https://access.redhat.com/security/cve/CVE-2023-0464",
            "https://bugzilla.redhat.com/2181082",
            "https://bugzilla.redhat.com/2182561",
            "https://bugzilla.redhat.com/2182565",
            "https://bugzilla.redhat.com/2188461",
            "https://bugzilla.redhat.com/2207947",
            "https://cve.mitre.org/cgi-bin/cvename.cgi?name=CVE-2023-0464",
            "https://errata.almalinux.org/9/ALSA-2023-3722.html",
            "https://git.openssl.org/gitweb/?p=openssl.git;a=commitdiff;h=2017771e2db3e2b96f89bbe8766c3209f6a99545",
            "https://git.openssl.org/gitweb/?p=openssl.git;a=commitdiff;h=2dcd4f1e3115f38cefa43e3efbe9b801c27e642e",
            "https://git.openssl.org/gitweb/?p=openssl.git;a=commitdiff;h=879f7080d7e141f415c79eaa3a8ac4a3dad0348b",
            "https://git.openssl.org/gitweb/?p=openssl.git;a=commitdiff;h=959c59c7a0164117e7f8366466a32bb1f8d77ff1",
            "https://linux.oracle.com/cve/CVE-2023-0464.html",
            "https://linux.oracle.com/errata/ELSA-2023-3722.html",
            "https://lists.debian.org/debian-lts-announce/2023/06/msg00011.html",
            "https://nvd.nist.gov/vuln/detail/CVE-2023-0464",
            "https://security.gentoo.org/glsa/202402-08",
            "https://ubuntu.com/security/notices/USN-6039-1",
            "https://www.couchbase.com/alerts/",
            "https://www.cve.org/CVERecord?id=CVE-2023-0464",
            "https://www.debian.org/security/2023/dsa-5417",
            "https://www.openssl.org/news/secadv/20230322.txt"
          ],
          "PublishedDate": "2023-03-22T17:15:13.13Z",
          "LastModifiedDate": "2024-02-04T09:15:09.31Z"
        },
        {
          "VulnerabilityID": "CVE-2022-4304",
          "PkgID": "libssl1.1@1.1.1q-r0",
          "PkgName": "libssl1.1",
          "PkgIdentifier": {
            "PURL": "pkg:apk/alpine/libssl1.1@1.1.1q-r0?arch=x86_64\u0026distro=3.14.8"
          },
          "InstalledVersion": "1.1.1q-r0",
          "FixedVersion": "1.1.1t-r0",
          "Status": "fixed",
          "Layer": {
            "DiffID": "sha256:63493a9ab2d41e319e25dd7474e184d875e28cb267f7e6856ca91dccdd90ee28"
          },
          "SeveritySource": "nvd",
          "PrimaryURL": "https://avd.aquasec.com/nvd/cve-2022-4304",
          "DataSource": {
            "ID": "alpine",
            "Name": "Alpine Secdb",
            "URL": "https://secdb.alpinelinux.org/"
          },
          "Title": "openssl: timing attack in RSA Decryption implementation",
          "Description": "A timing based side channel exists in the OpenSSL RSA Decryption implementation\nwhich could be sufficient to recover a plaintext across a network in a\nBleichenbacher style attack. To achieve a successful decryption an attacker\nwould have to be able to send a very large number of trial messages for\ndecryption. The vulnerability affects all RSA padding modes: PKCS#1 v1.5,\nRSA-OEAP and RSASVE.\n\nFor example, in a TLS connection, RSA is commonly used by a client to send an\nencrypted pre-master secret to the server. An attacker that had observed a\ngenuine connection between a client and a server could use this flaw to send\ntrial messages to the server and record the time taken to process them. After a\nsufficiently large number of messages the attacker could recover the pre-master\nsecret used for the original connection and thus be able to decrypt the\napplication data sent over that connection.\n\n",
          "Severity": "MEDIUM",
          "CweIDs": [
            "CWE-203"
          ],
          "VendorSeverity": {
            "alma": 3,
            "amazon": 3,
            "cbl-mariner": 2,
            "ghsa": 2,
            "nvd": 2,
            "oracle-oval": 3,
            "photon": 2,
            "redhat": 2,
            "rocky": 3,
            "ubuntu": 2
          },
          "CVSS": {
            "ghsa": {
              "V3Vector": "CVSS:3.1/AV:N/AC:H/PR:N/UI:N/S:U/C:H/I:N/A:N",
              "V3Score": 5.9
            },
            "nvd": {
              "V3Vector": "CVSS:3.1/AV:N/AC:H/PR:N/UI:N/S:U/C:H/I:N/A:N",
              "V3Score": 5.9
            },
            "redhat": {
              "V3Vector": "CVSS:3.1/AV:N/AC:H/PR:N/UI:N/S:U/C:N/I:H/A:N",
              "V3Score": 5.9
            }
          },
          "References": [
            "https://access.redhat.com/errata/RHSA-2023:2165",
            "https://access.redhat.com/security/cve/CVE-2022-4304",
            "https://bugzilla.redhat.com/1960321",
            "https://bugzilla.redhat.com/2164440",
            "https://bugzilla.redhat.com/2164487",
            "https://bugzilla.redhat.com/2164492",
            "https://bugzilla.redhat.com/2164494",
            "https://bugzilla.redhat.com/show_bug.cgi?id=2164440",
            "https://bugzilla.redhat.com/show_bug.cgi?id=2164487",
            "https://bugzilla.redhat.com/show_bug.cgi?id=2164492",
            "https://bugzilla.redhat.com/show_bug.cgi?id=2164494",
            "https://cve.mitre.org/cgi-bin/cvename.cgi?name=CVE-2022-4304",
            "https://cve.mitre.org/cgi-bin/cvename.cgi?name=CVE-2022-4450",
            "https://cve.mitre.org/cgi-bin/cvename.cgi?name=CVE-2023-0215",
            "https://cve.mitre.org/cgi-bin/cvename.cgi?name=CVE-2023-0286",
            "https://errata.almalinux.org/9/ALSA-2023-2165.html",
            "https://errata.rockylinux.org/RLSA-2023:1405",
            "https://linux.oracle.com/cve/CVE-2022-4304.html",
            "https://linux.oracle.com/errata/ELSA-2023-32791.html",
            "https://nvd.nist.gov/vuln/detail/CVE-2022-4304",
            "https://rustsec.org/advisories/RUSTSEC-2023-0007.html",
            "https://security.gentoo.org/glsa/202402-08",
            "https://ubuntu.com/security/notices/USN-5844-1",
            "https://ubuntu.com/security/notices/USN-6564-1",
            "https://www.cve.org/CVERecord?id=CVE-2022-4304",
            "https://www.openssl.org/news/secadv/20230207.txt"
          ],
          "PublishedDate": "2023-02-08T20:15:23.887Z",
          "LastModifiedDate": "2024-02-04T09:15:08.627Z"
        },
        {
          "VulnerabilityID": "CVE-2023-0465",
          "PkgID": "libssl1.1@1.1.1q-r0",
          "PkgName": "libssl1.1",
          "PkgIdentifier": {
            "PURL": "pkg:apk/alpine/libssl1.1@1.1.1q-r0?arch=x86_64\u0026distro=3.14.8"
          },
          "InstalledVersion": "1.1.1q-r0",
          "FixedVersion": "1.1.1t-r2",
          "Status": "fixed",
          "Layer": {
            "DiffID": "sha256:63493a9ab2d41e319e25dd7474e184d875e28cb267f7e6856ca91dccdd90ee28"
          },
          "SeveritySource": "nvd",
          "PrimaryURL": "https://avd.aquasec.com/nvd/cve-2023-0465",
          "DataSource": {
            "ID": "alpine",
            "Name": "Alpine Secdb",
            "URL": "https://secdb.alpinelinux.org/"
          },
          "Title": "openssl: Invalid certificate policies in leaf certificates are silently ignored",
          "Description": "Applications that use a non-default option when verifying certificates may be\nvulnerable to an attack from a malicious CA to circumvent certain checks.\n\nInvalid certificate policies in leaf certificates are silently ignored by\nOpenSSL and other certificate policy checks are skipped for that certificate.\nA malicious CA could use this to deliberately assert invalid certificate policies\nin order to circumvent policy checking on the certificate altogether.\n\nPolicy processing is disabled by default but can be enabled by passing\nthe `-policy' argument to the command line utilities or by calling the\n`X509_VERIFY_PARAM_set1_policies()' function.",
          "Severity": "MEDIUM",
          "CweIDs": [
            "CWE-295"
          ],
          "VendorSeverity": {
            "alma": 2,
            "amazon": 2,
            "cbl-mariner": 2,
            "nvd": 2,
            "oracle-oval": 2,
            "photon": 2,
            "redhat": 1,
            "ubuntu": 1
          },
          "CVSS": {
            "nvd": {
              "V3Vector": "CVSS:3.1/AV:N/AC:L/PR:N/UI:N/S:U/C:N/I:L/A:N",
              "V3Score": 5.3
            },
            "redhat": {
              "V3Vector": "CVSS:3.1/AV:N/AC:L/PR:N/UI:N/S:U/C:N/I:L/A:N",
              "V3Score": 5.3
            }
          },
          "References": [
            "https://access.redhat.com/errata/RHSA-2023:3722",
            "https://access.redhat.com/security/cve/CVE-2023-0465",
            "https://bugzilla.redhat.com/2181082",
            "https://bugzilla.redhat.com/2182561",
            "https://bugzilla.redhat.com/2182565",
            "https://bugzilla.redhat.com/2188461",
            "https://bugzilla.redhat.com/2207947",
            "https://cve.mitre.org/cgi-bin/cvename.cgi?name=CVE-2023-0465",
            "https://errata.almalinux.org/9/ALSA-2023-3722.html",
            "https://git.openssl.org/gitweb/?p=openssl.git;a=commitdiff;h=10325176f3d3e98c6e2b3bf5ab1e3b334de6947a",
            "https://git.openssl.org/gitweb/?p=openssl.git;a=commitdiff;h=1dd43e0709fece299b15208f36cc7c76209ba0bb",
            "https://git.openssl.org/gitweb/?p=openssl.git;a=commitdiff;h=b013765abfa80036dc779dd0e50602c57bb3bf95",
            "https://git.openssl.org/gitweb/?p=openssl.git;a=commitdiff;h=facfb1ab745646e97a1920977ae4a9965ea61d5c",
            "https://linux.oracle.com/cve/CVE-2023-0465.html",
            "https://linux.oracle.com/errata/ELSA-2023-3722.html",
            "https://lists.debian.org/debian-lts-announce/2023/06/msg00011.html",
            "https://nvd.nist.gov/vuln/detail/CVE-2023-0465",
            "https://security.gentoo.org/glsa/202402-08",
            "https://security.netapp.com/advisory/ntap-20230414-0001/",
            "https://ubuntu.com/security/notices/USN-6039-1",
            "https://www.cve.org/CVERecord?id=CVE-2023-0465",
            "https://www.debian.org/security/2023/dsa-5417",
            "https://www.openssl.org/news/secadv/20230328.txt"
          ],
          "PublishedDate": "2023-03-28T15:15:06.82Z",
          "LastModifiedDate": "2024-02-04T09:15:09.43Z"
        }
      ]
    }
  ]
}
