{
  "SchemaVersion": 2,
  "CreatedAt": "2024-02-24T02:17:02.796751346Z",
  "ArtifactName": "library/r-base:4.2.2",
  "ArtifactType": "container_image",
  "Metadata": {
    "OS": {
      "Family": "debian",
      "Name": "bookworm/sid"
    },
    "ImageID": "sha256:3de1ef2039fbd2fcbaf609da402d6b2a94fee892755cc7bb074fa26b8738ce0b",
    "DiffIDs": [
      "sha256:0e8aa3a6d415ebff37eb75112c43a3b8fe8c99800b5aae101ca793992f547b1b",
      "sha256:84425a0a70fdc24d63376806e59d034c9d914f013d76fc27d7e618892ee0b929",
      "sha256:a89b2a5324df0dcfdb1b3b2e9a2e5330eefb4bde6728587052a3e42c1aedff7e",
      "sha256:c9144614ebd66ec5535589b9fd1dff1108bef5c1849bbfe30b18d04799895057",
      "sha256:33adf46f6223ddaf2d38942028ff93f56e4c39603a531079c747cfb2b182891c",
      "sha256:8c584781ac868866d33b4c53c72db05ab80e962973c1f22a49bafc0140bae7ed"
    ],
    "RepoTags": [
      "r-base:4.2.2"
    ],
    "RepoDigests": [
      "r-base@sha256:ad49725f24f2abf3f3cb8010abfd00b74d424bc47c4e3841f10e805143e5a6fa"
    ],
    "ImageConfig": {
      "architecture": "amd64",
      "container": "25c4a486993255e057fd1cbc5f8c1965688fbfc578f654e1f42b2923677ffa1b",
      "created": "2022-11-01T20:22:04.330894146Z",
      "docker_version": "20.10.12",
      "history": [
        {
          "created": "2022-10-25T01:45:19Z",
          "created_by": "/bin/sh -c #(nop) ADD file:7b3c3912d73330bfbb6eb18f8cba6491e0c4b2be59bc6b846a4a0cde39b1ad27 in / "
        },
        {
          "created": "2022-10-25T01:45:19Z",
          "created_by": "/bin/sh -c #(nop)  CMD [\"bash\"]",
          "empty_layer": true
        },
        {
          "created": "2022-10-25T06:31:53Z",
          "created_by": "/bin/sh -c #(nop)  LABEL org.opencontainers.image.licenses=GPL-2.0-or-later org.opencontainers.image.source=https://github.com/rocker-org/rocker org.opencontainers.image.vendor=Rocker Project org.opencontainers.image.authors=Dirk Eddelbuettel \u003cedd@debian.org\u003e",
          "empty_layer": true
        },
        {
          "created": "2022-11-01T20:20:27Z",
          "created_by": "/bin/sh -c useradd docker \t\u0026\u0026 mkdir /home/docker \t\u0026\u0026 chown docker:docker /home/docker \t\u0026\u0026 adduser docker staff"
        },
        {
          "created": "2022-11-01T20:20:41Z",
          "created_by": "/bin/sh -c apt-get update \t\u0026\u0026 apt-get install -y --no-install-recommends \t\ted \t\tless \t\tlocales \t\tvim-tiny \t\twget \t\tca-certificates \t\tfonts-texgyre \t\u0026\u0026 rm -rf /var/lib/apt/lists/*"
        },
        {
          "created": "2022-11-01T20:20:44Z",
          "created_by": "/bin/sh -c echo \"en_US.UTF-8 UTF-8\" \u003e\u003e /etc/locale.gen \t\u0026\u0026 locale-gen en_US.utf8 \t\u0026\u0026 /usr/sbin/update-locale LANG=en_US.UTF-8"
        },
        {
          "created": "2022-11-01T20:20:44Z",
          "created_by": "/bin/sh -c #(nop)  ENV LC_ALL=en_US.UTF-8",
          "empty_layer": true
        },
        {
          "created": "2022-11-01T20:20:44Z",
          "created_by": "/bin/sh -c #(nop)  ENV LANG=en_US.UTF-8",
          "empty_layer": true
        },
        {
          "created": "2022-11-01T20:20:44Z",
          "created_by": "/bin/sh -c echo \"deb http://http.debian.net/debian sid main\" \u003e /etc/apt/sources.list.d/debian-unstable.list         \u0026\u0026 echo 'APT::Default-Release \"testing\";' \u003e /etc/apt/apt.conf.d/default         \u0026\u0026 echo 'APT::Install-Recommends \"false\";' \u003e /etc/apt/apt.conf.d/90local-no-recommends"
        },
        {
          "created": "2022-11-01T20:20:45Z",
          "created_by": "/bin/sh -c #(nop)  ENV R_BASE_VERSION=4.2.2",
          "empty_layer": true
        },
        {
          "created": "2022-11-01T20:22:02Z",
          "created_by": "/bin/sh -c apt-get update         \u0026\u0026 apt-get install -y --no-install-recommends                 libopenblas0-pthread \t\tlittler                 r-cran-docopt                 r-cran-littler \t\tr-base=${R_BASE_VERSION}-* \t\tr-base-dev=${R_BASE_VERSION}-*                 r-base-core=${R_BASE_VERSION}-* \t\tr-recommended=${R_BASE_VERSION}-* \t\u0026\u0026 ln -s /usr/lib/R/site-library/littler/examples/install.r /usr/local/bin/install.r \t\u0026\u0026 ln -s /usr/lib/R/site-library/littler/examples/install2.r /usr/local/bin/install2.r \t\u0026\u0026 ln -s /usr/lib/R/site-library/littler/examples/installBioc.r /usr/local/bin/installBioc.r \t\u0026\u0026 ln -s /usr/lib/R/site-library/littler/examples/installDeps.r /usr/local/bin/installDeps.r \t\u0026\u0026 ln -s /usr/lib/R/site-library/littler/examples/installGithub.r /usr/local/bin/installGithub.r \t\u0026\u0026 ln -s /usr/lib/R/site-library/littler/examples/testInstalled.r /usr/local/bin/testInstalled.r \t\u0026\u0026 rm -rf /tmp/downloaded_packages/ /tmp/*.rds \t\u0026\u0026 rm -rf /var/lib/apt/lists/*"
        },
        {
          "created": "2022-11-01T20:22:04Z",
          "created_by": "/bin/sh -c #(nop)  CMD [\"R\"]",
          "empty_layer": true
        }
      ],
      "os": "linux",
      "rootfs": {
        "type": "layers",
        "diff_ids": [
          "sha256:0e8aa3a6d415ebff37eb75112c43a3b8fe8c99800b5aae101ca793992f547b1b",
          "sha256:84425a0a70fdc24d63376806e59d034c9d914f013d76fc27d7e618892ee0b929",
          "sha256:a89b2a5324df0dcfdb1b3b2e9a2e5330eefb4bde6728587052a3e42c1aedff7e",
          "sha256:c9144614ebd66ec5535589b9fd1dff1108bef5c1849bbfe30b18d04799895057",
          "sha256:33adf46f6223ddaf2d38942028ff93f56e4c39603a531079c747cfb2b182891c",
          "sha256:8c584781ac868866d33b4c53c72db05ab80e962973c1f22a49bafc0140bae7ed"
        ]
      },
      "config": {
        "Cmd": [
          "R"
        ],
        "Env": [
          "PATH=/usr/local/sbin:/usr/local/bin:/usr/sbin:/usr/bin:/sbin:/bin",
          "LC_ALL=en_US.UTF-8",
          "LANG=en_US.UTF-8",
          "R_BASE_VERSION=4.2.2"
        ],
        "Image": "sha256:3c51be5136f2903c421794d9182625e4860fd35bcebffb6ab6f703df1707e37e",
        "Labels": {
          "org.opencontainers.image.authors": "Dirk Eddelbuettel \u003cedd@debian.org\u003e",
          "org.opencontainers.image.licenses": "GPL-2.0-or-later",
          "org.opencontainers.image.source": "https://github.com/rocker-org/rocker",
          "org.opencontainers.image.vendor": "Rocker Project"
        }
      }
    }
  },
  "Results": [
    {
      "Target": "library/r-base:4.2.2 (debian bookworm/sid)",
      "Class": "os-pkgs",
      "Type": "debian"
    }
  ]
}
