{
  "vulnerabilities": [
    {
      "id": "SNYK-AMZN2-CACERTIFICATES-3327822",
      "cpes": [],
      "title": "Insufficient Verification of Data Authenticity",
      "CVSSv3": "CVSS:3.1/AV:N/AC:L/PR:N/UI:N/S:U/C:N/I:H/A:N",
      "credit": [
        ""
      ],
      "semver": {
        "vulnerable": [
          "<0:2021.2.50-72.amzn2.0.5"
        ]
      },
      "exploit": "Not Defined",
      "fixedIn": [
        "0:2021.2.50-72.amzn2.0.5"
      ],
      "patches": [],
      "insights": {
        "triageAdvice": null
      },
      "language": "linux",
      "severity": "high",
      "cvssScore": 7.5,
      "malicious": false,
      "isDisputed": false,
      "references": [
        {
          "url": "http://cve.mitre.org/cgi-bin/cvename.cgi?name=CVE-2022-23491",
          "title": "http://cve.mitre.org/cgi-bin/cvename.cgi?name=CVE-2022-23491"
        },
        {
          "url": "https://groups.google.com/a/mozilla.org/g/dev-security-policy/c/oxX69KFvsm4/m/yLohoVqtCgAJ",
          "title": "https://groups.google.com/a/mozilla.org/g/dev-security-policy/c/oxX69KFvsm4/m/yLohoVqtCgAJ"
        },
        {
          "url": "https://github.com/certifi/python-certifi/security/advisories/GHSA-43fp-rhv2-5gv8",
          "title": "https://github.com/certifi/python-certifi/security/advisories/GHSA-43fp-rhv2-5gv8"
        }
      ],
      "cvssDetails": [
        {
          "assigner": "SUSE",
          "severity": "medium",
          "cvssV3Vector": "CVSS:3.1/AV:N/AC:H/PR:H/UI:N/S:U/C:H/I:H/A:H",
          "cvssV3BaseScore": 6.6,
          "modificationTime": "2023-01-21T11:01:34.289666Z"
        },
        {
          "assigner": "NVD",
          "severity": "high",
          "cvssV3Vector": "CVSS:3.1/AV:N/AC:L/PR:N/UI:N/S:U/C:N/I:H/A:N",
          "cvssV3BaseScore": 7.5,
          "modificationTime": "2022-12-14T01:12:06.023186Z"
        },
        {
          "assigner": "Red Hat",
          "severity": "high",
          "cvssV3Vector": "CVSS:3.1/AV:N/AC:L/PR:N/UI:N/S:U/C:N/I:H/A:N",
          "cvssV3BaseScore": 7.5,
          "modificationTime": "2023-11-08T09:42:05.039250Z"
        }
      ],
      "description": "## NVD Description\n**_Note:_** _Versions mentioned in the description apply only to the upstream `ca-certificates` package and not the `ca-certificates` package as distributed by `Amazon-Linux`._\n_See `How to fix?` for `Amazon-Linux:2` relevant fixed versions and status._\n\nCertifi is a curated collection of Root Certificates for validating the trustworthiness of SSL certificates while verifying the identity of TLS hosts. Certifi 2022.12.07 removes root certificates from &#34;TrustCor&#34; from the root store. These are in the process of being removed from Mozilla&#39;s trust store. TrustCor&#39;s root certificates are being removed pursuant to an investigation prompted by media reporting that TrustCor&#39;s ownership also operated a business that produced spyware. Conclusions of Mozilla&#39;s investigation can be found in the linked google group discussion.\n## Remediation\nUpgrade `Amazon-Linux:2` `ca-certificates` to version 0:2021.2.50-72.amzn2.0.5 or higher.  \nThis issue was patched in `ALAS2-2023-1957`.\n## References\n- [CVE-2022-23491](http://cve.mitre.org/cgi-bin/cvename.cgi?name=CVE-2022-23491)\n- [security-advisories@github.com](https://groups.google.com/a/mozilla.org/g/dev-security-policy/c/oxX69KFvsm4/m/yLohoVqtCgAJ)\n- [security-advisories@github.com](https://github.com/certifi/python-certifi/security/advisories/GHSA-43fp-rhv2-5gv8)\n",
      "epssDetails": {
        "percentile": "0.17092",
        "probability": "0.00050",
        "modelVersion": "v2023.03.01"
      },
      "identifiers": {
        "CVE": [
          "CVE-2022-23491"
        ],
        "CWE": [
          "CWE-345"
        ],
        "ALAS2": [
          "ALAS2-2023-1957"
        ],
        "ALTERNATIVE": []
      },
      "nvdSeverity": "high",
      "packageName": "ca-certificates",
      "creationTime": "2023-02-22T06:28:02.268980Z",
      "disclosureTime": "2022-12-07T22:15:09.870000Z",
      "packageManager": "amzn:2",
      "publicationTime": "2023-02-22T06:28:02.245949Z",
      "modificationTime": "2023-11-08T09:42:05.039250Z",
      "socialTrendAlert": false,
      "relativeImportance": "important",
      "severityWithCritical": "high",
      "from": [
        "docker-image|amazon/aws-alb-ingress-controller@v2.4.5",
        "ca-certificates@2021.2.50-72.amzn2.0.3"
      ],
      "upgradePath": [
        false,
        "ca-certificates@0:2021.2.50-72.amzn2.0.5"
      ],
      "isUpgradable": true,
      "isPatchable": false,
      "name": "ca-certificates",
      "version": "2021.2.50-72.amzn2.0.3",
      "nearestFixedInVersion": "0:2021.2.50-72.amzn2.0.5"
    },
    {
      "id": "SNYK-AMZN2-CACERTIFICATES-5825893",
      "cpes": [],
      "title": "CVE-2023-32803",
      "CVSSv3": null,
      "credit": [
        ""
      ],
      "semver": {
        "vulnerable": [
          "<0:2021.2.50-72.amzn2.0.7"
        ]
      },
      "exploit": "Not Defined",
      "patches": [],
      "insights": {
        "triageAdvice": null
      },
      "language": "linux",
      "severity": "high",
      "cvssScore": null,
      "malicious": false,
      "isDisputed": false,
      "references": [
        {
          "url": "http://cve.mitre.org/cgi-bin/cvename.cgi?name=CVE-2023-32803",
          "title": "CVE-2023-32803"
        }
      ],
      "cvssDetails": [],
      "description": "## NVD Description\n_This vulnerability has not been analyzed by NVD yet._\n\n## Remediation\nUpgrade `Amazon-Linux:2` `ca-certificates` to version 0:2021.2.50-72.amzn2.0.7 or higher.  \nThis issue was patched in `ALAS2-2023-2203`.\n## References\n- [CVE-2023-32803](http://cve.mitre.org/cgi-bin/cvename.cgi?name=CVE-2023-32803)\n",
      "epssDetails": null,
      "identifiers": {
        "CVE": [
          "CVE-2023-32803"
        ],
        "CWE": [],
        "ALAS2": [
          "ALAS2-2023-2203"
        ],
        "ALTERNATIVE": []
      },
      "nvdSeverity": null,
      "packageName": "ca-certificates",
      "creationTime": "2023-08-08T08:13:56.397696Z",
      "disclosureTime": null,
      "packageManager": "amzn:2",
      "publicationTime": "2023-08-08T08:13:56.374606Z",
      "modificationTime": "2023-08-08T08:13:56.397707Z",
      "socialTrendAlert": false,
      "relativeImportance": "important",
      "severityWithCritical": "high",
      "from": [
        "docker-image|amazon/aws-alb-ingress-controller@v2.4.5",
        "ca-certificates@2021.2.50-72.amzn2.0.3"
      ],
      "upgradePath": [
        false,
        "ca-certificates@0:2021.2.50-72.amzn2.0.7"
      ],
      "isUpgradable": true,
      "isPatchable": false,
      "name": "ca-certificates",
      "version": "2021.2.50-72.amzn2.0.3",
      "nearestFixedInVersion": "0:2021.2.50-72.amzn2.0.7"
    },
    {
      "id": "SNYK-AMZN2-CACERTIFICATES-5881973",
      "cpes": [],
      "title": "Insufficient Verification of Data Authenticity",
      "CVSSv3": "CVSS:3.1/AV:N/AC:L/PR:N/UI:N/S:U/C:N/I:H/A:N",
      "credit": [
        ""
      ],
      "semver": {
        "vulnerable": [
          "<0:2021.2.50-72.amzn2.0.8"
        ]
      },
      "exploit": "Not Defined",
      "fixedIn": [
        "0:2021.2.50-72.amzn2.0.8"
      ],
      "patches": [],
      "insights": {
        "triageAdvice": null
      },
      "language": "linux",
      "severity": "high",
      "cvssScore": 7.5,
      "malicious": false,
      "isDisputed": false,
      "references": [
        {
          "url": "http://cve.mitre.org/cgi-bin/cvename.cgi?name=CVE-2023-37920",
          "title": "http://cve.mitre.org/cgi-bin/cvename.cgi?name=CVE-2023-37920"
        },
        {
          "url": "https://github.com/certifi/python-certifi/commit/8fb96ed81f71e7097ed11bc4d9b19afd7ea5c909",
          "title": "https://github.com/certifi/python-certifi/commit/8fb96ed81f71e7097ed11bc4d9b19afd7ea5c909"
        },
        {
          "url": "https://github.com/certifi/python-certifi/security/advisories/GHSA-xqr8-7jwr-rhp7",
          "title": "https://github.com/certifi/python-certifi/security/advisories/GHSA-xqr8-7jwr-rhp7"
        },
        {
          "url": "https://groups.google.com/a/mozilla.org/g/dev-security-policy/c/C-HrP1SEq1A",
          "title": "https://groups.google.com/a/mozilla.org/g/dev-security-policy/c/C-HrP1SEq1A"
        },
        {
          "url": "https://lists.fedoraproject.org/archives/list/package-announce@lists.fedoraproject.org/message/5EX6NG7WUFNUKGFHLM35KHHU3GAKXRTG/",
          "title": "https://lists.fedoraproject.org/archives/list/package-announce@lists.fedoraproject.org/message/5EX6NG7WUFNUKGFHLM35KHHU3GAKXRTG/"
        }
      ],
      "cvssDetails": [
        {
          "assigner": "NVD",
          "severity": "critical",
          "cvssV3Vector": "CVSS:3.1/AV:N/AC:L/PR:N/UI:N/S:U/C:H/I:H/A:H",
          "cvssV3BaseScore": 9.8,
          "modificationTime": "2023-08-04T01:10:53.891949Z"
        },
        {
          "assigner": "Red Hat",
          "severity": "high",
          "cvssV3Vector": "CVSS:3.1/AV:N/AC:L/PR:N/UI:N/S:U/C:N/I:H/A:N",
          "cvssV3BaseScore": 7.5,
          "modificationTime": "2023-11-08T09:43:51.442741Z"
        }
      ],
      "description": "## NVD Description\n**_Note:_** _Versions mentioned in the description apply only to the upstream `ca-certificates` package and not the `ca-certificates` package as distributed by `Amazon-Linux`._\n_See `How to fix?` for `Amazon-Linux:2` relevant fixed versions and status._\n\nCertifi is a curated collection of Root Certificates for validating the trustworthiness of SSL certificates while verifying the identity of TLS hosts. Certifi prior to version 2023.07.22 recognizes &#34;e-Tugra&#34; root certificates. e-Tugra&#39;s root certificates were subject to an investigation prompted by reporting of security issues in their systems. Certifi 2023.07.22 removes root certificates from &#34;e-Tugra&#34; from the root store.\n## Remediation\nUpgrade `Amazon-Linux:2` `ca-certificates` to version 0:2021.2.50-72.amzn2.0.8 or higher.  \nThis issue was patched in `ALAS2-2023-2224`.\n## References\n- [CVE-2023-37920](http://cve.mitre.org/cgi-bin/cvename.cgi?name=CVE-2023-37920)\n- [security-advisories@github.com](https://github.com/certifi/python-certifi/commit/8fb96ed81f71e7097ed11bc4d9b19afd7ea5c909)\n- [security-advisories@github.com](https://github.com/certifi/python-certifi/security/advisories/GHSA-xqr8-7jwr-rhp7)\n- [security-advisories@github.com](https://groups.google.com/a/mozilla.org/g/dev-security-policy/c/C-HrP1SEq1A)\n- [security-advisories@github.com](https://lists.fedoraproject.org/archives/list/package-announce@lists.fedoraproject.org/message/5EX6NG7WUFNUKGFHLM35KHHU3GAKXRTG/)\n",
      "epssDetails": {
        "percentile": "0.23309",
        "probability": "0.00059",
        "modelVersion": "v2023.03.01"
      },
      "identifiers": {
        "CVE": [
          "CVE-2023-37920"
        ],
        "CWE": [
          "CWE-345"
        ],
        "ALAS2": [
          "ALAS2-2023-2224"
        ],
        "ALTERNATIVE": []
      },
      "nvdSeverity": "critical",
      "packageName": "ca-certificates",
      "creationTime": "2023-09-06T08:06:21.449949Z",
      "disclosureTime": "2023-07-25T21:15:10.827000Z",
      "packageManager": "amzn:2",
      "publicationTime": "2023-09-06T08:06:21.408786Z",
      "modificationTime": "2023-11-08T09:43:51.442741Z",
      "socialTrendAlert": false,
      "relativeImportance": "important",
      "severityWithCritical": "high",
      "from": [
        "docker-image|amazon/aws-alb-ingress-controller@v2.4.5",
        "ca-certificates@2021.2.50-72.amzn2.0.3"
      ],
      "upgradePath": [
        false,
        "ca-certificates@0:2021.2.50-72.amzn2.0.8"
      ],
      "isUpgradable": true,
      "isPatchable": false,
      "name": "ca-certificates",
      "version": "2021.2.50-72.amzn2.0.3",
      "nearestFixedInVersion": "0:2021.2.50-72.amzn2.0.8"
    }
  ],
  "ok": false,
  "dependencyCount": 7,
  "org": "intman32",
  "policy": "# Snyk (https://snyk.io) policy file, patches or ignores known vulnerabilities.\nversion: v1.25.1\nignore: {}\npatch: {}\n",
  "isPrivate": true,
  "licensesPolicy": {
    "severities": {},
    "orgLicenseRules": {
      "AGPL-1.0": {
        "licenseType": "AGPL-1.0",
        "severity": "high",
        "instructions": ""
      },
      "AGPL-3.0": {
        "licenseType": "AGPL-3.0",
        "severity": "high",
        "instructions": ""
      },
      "Artistic-1.0": {
        "licenseType": "Artistic-1.0",
        "severity": "medium",
        "instructions": ""
      },
      "Artistic-2.0": {
        "licenseType": "Artistic-2.0",
        "severity": "medium",
        "instructions": ""
      },
      "CDDL-1.0": {
        "licenseType": "CDDL-1.0",
        "severity": "medium",
        "instructions": ""
      },
      "CPOL-1.02": {
        "licenseType": "CPOL-1.02",
        "severity": "high",
        "instructions": ""
      },
      "EPL-1.0": {
        "licenseType": "EPL-1.0",
        "severity": "medium",
        "instructions": ""
      },
      "GPL-2.0": {
        "licenseType": "GPL-2.0",
        "severity": "high",
        "instructions": ""
      },
      "GPL-3.0": {
        "licenseType": "GPL-3.0",
        "severity": "high",
        "instructions": ""
      },
      "LGPL-2.0": {
        "licenseType": "LGPL-2.0",
        "severity": "medium",
        "instructions": ""
      },
      "LGPL-2.1": {
        "licenseType": "LGPL-2.1",
        "severity": "medium",
        "instructions": ""
      },
      "LGPL-3.0": {
        "licenseType": "LGPL-3.0",
        "severity": "medium",
        "instructions": ""
      },
      "MPL-1.1": {
        "licenseType": "MPL-1.1",
        "severity": "medium",
        "instructions": ""
      },
      "MPL-2.0": {
        "licenseType": "MPL-2.0",
        "severity": "medium",
        "instructions": ""
      },
      "MS-RL": {
        "licenseType": "MS-RL",
        "severity": "medium",
        "instructions": ""
      },
      "SimPL-2.0": {
        "licenseType": "SimPL-2.0",
        "severity": "high",
        "instructions": ""
      }
    }
  },
  "packageManager": "rpm",
  "ignoreSettings": {
    "adminOnly": false,
    "reasonRequired": false,
    "disregardFilesystemIgnores": false
  },
  "docker": {},
  "summary": "3 vulnerable dependency paths",
  "filesystemPolicy": false,
  "filtered": {
    "ignore": [],
    "patch": []
  },
  "uniqueCount": 3,
  "projectName": "docker-image|amazon/aws-alb-ingress-controller",
  "platform": "linux/amd64",
  "hasUnknownVersions": false,
  "path": "amazon/aws-alb-ingress-controller:v2.4.5/aws-alb-ingress-controller"
}
